metro_id,fullaqsid,date,aq_daily_mean,temp_daily_mean,rhum_daily_mean,precip_daily_mean,ws_daily_mean,wd_daily_mean_deg,barpr_daily_mean,population,bg3,sat_monthly_mean,metro_pop_density_year,dist_km_motorway_trunk_primary_secondary,partition_key
951,ESP_ES1438A,2024-09-12,8.64,19.27,83.46,0.71,2.85,181.5,1012.86,28112.87,3,6.7,6200.0,0.035,PM2.5-1HR
951,ESP_ES1438A,2024-09-13,6.09,17.6,76.29,0,2.23,66.5,1019.16,28112.87,3,6.7,6200.0,0.035,PM2.5-1HR
951,ESP_ES1438A,2024-09-14,5.25,18.05,65.75,0,2.36,301.28,1022.43,28112.87,3,6.7,6200.0,0.035,PM2.5-1HR
951,ESP_ES1438A,2024-09-15,5.61,18.9,63.29,0,2.05,289.73,1017.96,28112.87,3,6.7,6200.0,0.035,PM2.5-1HR
951,ESP_ES1438A,2024-09-16,7.79,19.83,57.67,0,2.15,295.54,1014.99,28112.87,4,8.1,6200.0,0.035,PM2.5-1HR
951,ESP_ES1438A,2024-09-17,8.11,18.86,61.46,0.06,2.49,3.31,1013.71,28112.87,3,6.7,6200.0,0.035,PM2.5-1HR
951,ESP_ES1438A,2024-09-18,5.61,19.25,69.08,0.11,3.01,84.82,1016.48,28112.87,3,6.7,6200.0,0.035,PM2.5-1HR
951,ESP_ES1438A,2024-09-19,6.04,18.98,78.29,0.07,1.89,228.02,1016.14,28112.87,4,8.1,6200.0,0.035,PM2.5-1HR
951,ESP_ES1438A,2024-09-20,6.82,18.47,81.5,0.09,1.87,41.95,1017.08,28112.87,3,6.7,6200.0,0.035,PM2.5-1HR
951,ESP_ES1438A,2024-09-21,7.07,19.6,81.54,0.13,2.94,59.18,1016.63,28112.87,4,8.1,6200.0,0.035,PM2.5-1HR
951,ESP_ES1438A,2024-09-22,8.05,19.78,86.58,0.25,1.66,302.06,1014.25,28112.87,5,9.5,6200.0,0.035,PM2.5-1HR
951,ESP_ES1438A,2024-09-23,8.77,19.28,85.92,0.3,2.28,251.41,1013.83,28112.87,5,9.5,6200.0,0.035,PM2.5-1HR
951,ESP_ES1438A,2024-09-24,11.79,19.86,81.38,0.15,2.42,349.33,1012.47,28112.87,9,15.1,6200.0,0.035,PM2.5-1HR
951,ESP_ES1438A,2024-09-25,12.43,19.93,76.96,0,2.44,258.66,1012.95,28112.87,10,16.5,6200.0,0.035,PM2.5-1HR
951,ESP_ES1438A,2024-09-26,11.79,22.93,73.25,0,3.06,249.92,1007.83,28112.87,5,9.5,6200.0,0.035,PM2.5-1HR
951,ESP_ES1438A,2024-09-27,4.83,21.12,58.13,0,3.15,281.97,1011.74,28112.87,3,6.7,6200.0,0.035,PM2.5-1HR
951,ESP_ES1438A,2024-09-28,4.04,17.08,60.21,0,2.23,283.51,1020.35,28112.87,2,5.3,6200.0,0.035,PM2.5-1HR
951,ESP_ES1438A,2024-09-29,4.16,18.86,67.63,0.02,3.18,241.79,1023.03,28112.87,3,6.7,6200.0,0.035,PM2.5-1HR
951,ESP_ES1438A,2024-09-30,6.79,19.7,77.21,0,2.61,262.65,1020.38,28112.87,3,6.7,6200.0,0.035,PM2.5-1HR
951,ESP_ES1438A,2024-10-01,6.32,20.31,82.33,0,3.25,264.43,1015.48,28112.87,3,6.7,6200.0,0.035,PM2.5-1HR
951,ESP_ES1438A,2024-10-02,8.63,19.28,87.54,0.63,3.04,51.24,1009.38,28112.87,3,6.7,6200.0,0.035,PM2.5-1HR
951,ESP_ES1438A,2024-10-03,4.39,17.95,78.21,0.7,3.2,27.36,1007.75,28112.87,1,3.9,6200.0,0.035,PM2.5-1HR
951,ESP_ES1438A,2024-10-04,6.23,17.48,72.21,0.01,2.67,277.57,1012.55,28112.87,3,6.7,6200.0,0.035,PM2.5-1HR
951,ESP_ES1438A,2024-10-05,7.45,18.17,74.92,0.01,2.08,227.84,1013.31,28112.87,3,6.7,6200.0,0.035,PM2.5-1HR
951,ESP_ES1438A,2024-10-06,10.13,19.53,78.33,0,1.94,270.62,1009.69,28112.87,6,10.9,6200.0,0.035,PM2.5-1HR
951,ESP_ES1438A,2024-10-07,17.17,20.63,90.5,0,1.47,36.73,1007.33,28112.87,10,16.5,6200.0,0.035,PM2.5-1HR
951,ESP_ES1438A,2024-10-08,3.67,20.07,66.67,0.16,3.76,262.42,1006.27,28112.87,2,5.3,6200.0,0.035,PM2.5-1HR
951,ESP_ES1438A,2024-10-09,8.55,20.15,69.58,0,4.17,248.26,1003.62,28112.87,4,8.1,6200.0,0.035,PM2.5-1HR
951,ESP_ES1438A,2024-10-10,4.21,19.06,69.33,0,2.22,11.75,1007.08,28112.87,1,3.9,6200.0,0.035,PM2.5-1HR
951,ESP_ES1438A,2024-10-11,6.41,17.34,80.67,0,1.84,11.59,1015.11,28112.87,4,8.1,6200.0,0.035,PM2.5-1HR
951,ESP_ES1438A,2024-10-12,10.71,18.29,85.63,0.08,2.35,281.07,1014.29,28112.87,6,10.9,6200.0,0.035,PM2.5-1HR
951,ESP_ES1438A,2024-10-13,10.34,18.26,85.92,0,2.09,8.33,1018.08,28112.87,7,12.3,6200.0,0.035,PM2.5-1HR
951,ESP_ES1438A,2024-10-14,11.28,19.32,90.04,0,2.9,39.7,1017.76,28112.87,5,9.5,6200.0,0.035,PM2.5-1HR
951,ESP_ES1438A,2024-10-15,10.61,20.62,86,0.23,3.34,70.7,1013.54,28112.87,5,9.5,6200.0,0.035,PM2.5-1HR
951,ESP_ES1438A,2024-10-16,15.5,19.98,87.96,0.95,2.07,221.39,1010.87,28112.87,9,15.1,6200.0,0.035,PM2.5-1HR
951,ESP_ES1438A,2024-10-17,8.2,18.44,84.75,0.25,2.16,301.51,1010.65,28112.87,2,5.3,6200.0,0.035,PM2.5-1HR
951,ESP_ES1438A,2024-10-18,4.24,16.13,74.5,0,2.07,295.51,1016.34,28112.87,2,5.3,6200.0,0.035,PM2.5-1HR
951,ESP_ES1438A,2024-10-19,6.26,15.06,80.04,0,1.63,308.97,1018.66,28112.87,4,8.1,6200.0,0.035,PM2.5-1HR
951,ESP_ES1438A,2024-10-20,7.06,16.98,77.5,0,1.7,302.8,1021.77,28112.87,4,8.1,6200.0,0.035,PM2.5-1HR
951,ESP_ES1438A,2024-10-21,8.65,18,80.13,0,2.21,24.14,1024.82,28112.87,4,8.1,6200.0,0.035,PM2.5-1HR
951,ESP_ES1438A,2024-10-22,7.81,17.48,81.88,0,2.49,24.99,1026.47,28112.87,6,10.9,6200.0,0.035,PM2.5-1HR
951,ESP_ES1438A,2024-10-23,8.32,16.96,84.17,0,1.46,325.1,1027.41,28112.87,5,9.5,6200.0,0.035,PM2.5-1HR
951,ESP_ES1438A,2024-10-24,16.06,16.68,89.04,0,1.54,283.47,1023.78,28112.87,9,15.1,6200.0,0.035,PM2.5-1HR
951,ESP_ES1438A,2024-10-25,10.99,16.68,91.92,0.12,1.71,286.18,1018.65,28112.87,7,12.3,6200.0,0.035,PM2.5-1HR
951,ESP_ES1438A,2024-10-26,5.21,16.25,90.25,0.72,1.79,99.36,1013.8,28112.87,2,5.3,6200.0,0.035,PM2.5-1HR
951,ESP_ES1438A,2024-10-27,5.73,15.4,82,0.16,3.31,21.97,1017.84,28112.87,3,6.7,6200.0,0.035,PM2.5-1HR
951,ESP_ES1438A,2024-10-28,8.74,18.33,83.42,0.12,5.15,56.9,1021.68,28112.87,5,9.5,6200.0,0.035,PM2.5-1HR
951,ESP_ES1438A,2024-10-29,9.25,18.71,82.54,0.01,5.26,58.72,1022.47,28112.87,6,10.9,6200.0,0.035,PM2.5-1HR
951,ESP_ES1438A,2024-10-30,10.58,18.69,84.17,1.78,6.83,60.94,1020.1,28112.87,8,13.7,6200.0,0.035,PM2.5-1HR
951,ESP_ES1438A,2024-10-31,11.87,18.85,83.33,0.28,4.31,68.2,1021.86,28112.87,8,13.7,6200.0,0.035,PM2.5-1HR
951,ESP_ES1438A,2024-11-01,14.57,16.92,84.42,0.25,2.56,32.83,1022.17,28112.87,12,19.3,6200.0,0.035,PM2.5-1HR
951,ESP_ES1438A,2024-11-02,12.49,16.8,83.29,1.13,3.68,44.44,1021.11,28112.87,10,16.5,6200.0,0.035,PM2.5-1HR
951,ESP_ES1438A,2024-11-03,14.42,16.91,88.96,0.33,2.61,42.52,1024.12,28112.87,8,13.7,6200.0,0.035,PM2.5-1HR
951,ESP_ES1438A,2024-11-04,14.9,17.63,90.88,0.68,2.67,57.57,1023.57,28112.87,7,12.3,6200.0,0.035,PM2.5-1HR
951,ESP_ES1438A,2024-11-05,16.25,17.63,89.88,0.28,1.39,4.47,1023.03,28112.87,14,22.1,6200.0,0.035,PM2.5-1HR
951,ESP_ES1438A,2024-11-06,10.39,16.28,90,0.28,1.65,24.01,1025.44,28112.87,6,10.9,6200.0,0.035,PM2.5-1HR
951,ESP_ES1438A,2024-11-07,10.96,16.15,84.46,0.19,2.94,36.4,1024.55,28112.87,8,13.7,6200.0,0.035,PM2.5-1HR
951,ESP_ES1438A,2024-11-08,10.28,15.4,85,0.02,1.27,302.17,1022.29,28112.87,7,12.3,6200.0,0.035,PM2.5-1HR
951,ESP_ES1438A,2024-11-09,13.19,14.75,91.33,0.07,1.53,310.6,1022.13,28112.87,10,16.5,6200.0,0.035,PM2.5-1HR
951,ESP_ES1438A,2024-11-10,9.18,15.5,83.5,0.01,1.9,299.92,1022.51,28112.87,5,9.5,6200.0,0.035,PM2.5-1HR
951,ESP_ES1438A,2024-11-11,9.38,13.9,83.46,0,1.78,289.15,1023.15,28112.87,6,10.9,6200.0,0.035,PM2.5-1HR
951,ESP_ES1438A,2024-11-12,8.71,11.74,85.04,0.13,1.65,319.06,1019.03,28112.87,4,8.1,6200.0,0.035,PM2.5-1HR
951,ESP_ES1438A,2024-11-13,7.99,13.08,75.75,0.28,4.58,26.7,1019.12,28112.87,2,5.3,6200.0,0.035,PM2.5-1HR
951,ESP_ES1438A,2024-11-14,12.16,12.76,76.58,0,2.12,32.55,1021.51,28112.87,8,13.7,6200.0,0.035,PM2.5-1HR
951,ESP_ES1438A,2024-11-15,10.73,13.56,78.5,0,1.46,37.66,1023.6,28112.87,8,13.7,6200.0,0.035,PM2.5-1HR
951,ESP_ES1438A,2024-11-16,11.71,13.25,86.33,0,1.59,279.91,1021.84,28112.87,6,10.9,6200.0,0.035,PM2.5-1HR
951,ESP_ES1438A,2024-11-17,13.13,12.98,86.08,0,1.43,295.25,1018.68,28112.87,9,15.1,6200.0,0.035,PM2.5-1HR
951,ESP_ES1438A,2024-11-18,14.21,12.79,88.63,0.02,1.81,322.45,1018.14,28112.87,10,16.5,6200.0,0.035,PM2.5-1HR
951,ESP_ES1438A,2024-11-19,17.78,12.85,87.58,0,1.93,290.56,1015.65,28112.87,12,19.3,6200.0,0.035,PM2.5-1HR
951,ESP_ES1438A,2024-11-20,9.62,15.88,66.38,0,4.22,287.95,1011.24,28112.87,4,8.1,6200.0,0.035,PM2.5-1HR
951,ESP_ES1438A,2024-11-21,4.71,15.16,71.33,0,3.73,270.22,1008.28,28112.87,3,6.7,6200.0,0.035,PM2.5-1HR
951,ESP_ES1438A,2024-11-22,4.78,14.84,61.54,0,3.61,234.56,1012.08,28112.87,1,3.9,6200.0,0.035,PM2.5-1HR
951,ESP_ES1438A,2024-11-23,9.31,13.47,77.42,0.02,2.08,255.96,1025.45,28112.87,5,9.5,6200.0,0.035,PM2.5-1HR
951,ESP_ES1438A,2024-11-24,9.74,15.01,87.13,0.01,1.16,320.56,1025.38,28112.87,4,8.1,6200.0,0.035,PM2.5-1HR
951,ESP_ES1438A,2024-11-25,25.07,15,91.88,0,2.08,297.43,1019.83,28112.87,13,20.7,6200.0,0.035,PM2.5-1HR
951,ESP_ES1438A,2024-11-26,9.05,13.9,78.54,0,1.47,271.89,1022.25,28112.87,5,9.5,6200.0,0.035,PM2.5-1HR
951,ESP_ES1438A,2024-11-27,9.31,11.85,75.79,0,1.45,297.54,1023.99,28112.87,6,10.9,6200.0,0.035,PM2.5-1HR
951,ESP_ES1438A,2024-11-28,14.61,10.29,80.42,0,1.93,269.55,1025.39,28112.87,9,15.1,6200.0,0.035,PM2.5-1HR
951,ESP_ES1438A,2024-11-29,10.79,10.66,78.33,0,1.84,321.29,1024.58,28112.87,5,9.5,6200.0,0.035,PM2.5-1HR
951,ESP_ES1438A,2024-11-30,19.53,11.23,88.08,0,1.42,300.46,1027.42,28112.87,14,22.1,6200.0,0.035,PM2.5-1HR
951,ESP_ES1438A,2024-12-01,25.43,12.96,88.96,0,1.75,284.43,1025.37,28112.87,19,29.1,6200.0,0.035,PM2.5-1HR
951,ESP_ES1438A,2024-12-02,14.42,12.2,80.54,0,2.46,288.16,1021.38,28112.87,10,16.5,6200.0,0.035,PM2.5-1HR
951,ESP_ES1438A,2024-12-03,11.43,11.74,83.67,0.04,2.35,247.7,1020.35,28112.87,8,13.7,6200.0,0.035,PM2.5-1HR
951,ESP_ES1438A,2024-12-04,11.66,11.65,84.08,0.13,1.15,259.45,1021.28,28112.87,8,13.7,6200.0,0.035,PM2.5-1HR
951,ESP_ES1438A,2024-12-05,8.28,9.58,76.21,0,1.7,311.62,1026.01,28112.87,4,8.1,6200.0,0.035,PM2.5-1HR
951,ESP_ES1438A,2024-12-06,12.37,13.05,72.13,0,2.09,301.97,1022.39,28112.87,6,10.9,6200.0,0.035,PM2.5-1HR
951,ESP_ES1438A,2024-12-07,6.99,12.72,70.38,0,3.52,287.41,1016.91,28112.87,2,5.3,6200.0,0.035,PM2.5-1HR
951,ESP_ES1438A,2024-12-08,1.99,9.95,55.04,0,4.88,280.13,1011.9,28112.87,1,3.9,6200.0,0.035,PM2.5-1HR
951,ESP_ES1438A,2024-12-09,4.95,9.1,65.42,0.04,2.94,328.19,1011.51,28112.87,1,3.9,6200.0,0.035,PM2.5-1HR
951,ESP_ES1438A,2024-12-10,5.2,7.32,87.71,0.49,1.09,333.17,1017.24,28112.87,2,5.3,6200.0,0.035,PM2.5-1HR
951,ESP_ES1438A,2024-12-11,8.38,8.02,89.58,0.47,2.17,356.62,1020.88,28112.87,3,6.7,6200.0,0.035,PM2.5-1HR
951,ESP_ES1438A,2024-12-12,5.63,10.88,78.08,0.08,4.55,41.52,1021.05,28112.87,4,8.1,6200.0,0.035,PM2.5-1HR
951,ESP_ES1438A,2024-12-13,6.77,10.19,84.75,0.01,1.84,281.56,1022.05,28112.87,3,6.7,6200.0,0.035,PM2.5-1HR
951,ESP_ES1438A,2024-12-14,15.81,8.71,76.67,0,2.41,294.27,1026.42,28112.87,9,15.1,6200.0,0.035,PM2.5-1HR
951,ESP_ES1438A,2024-12-15,10.01,7.44,81,0,1.73,301.99,1032.19,28112.87,4,8.1,6200.0,0.035,PM2.5-1HR
951,ESP_ES1438A,2024-12-16,8.48,7.22,76.08,0,2.36,277.95,1037.94,28112.87,6,10.9,6200.0,0.035,PM2.5-1HR
951,ESP_ES1438A,2024-12-17,7.64,8.23,76.21,0,2.75,273.9,1032.99,28112.87,4,8.1,6200.0,0.035,PM2.5-1HR
951,ESP_ES1438A,2024-12-18,15.15,8.06,77.58,0,1.96,285.89,1027.46,28112.87,8,13.7,6200.0,0.035,PM2.5-1HR
951,ESP_ES1438A,2024-12-19,21.81,13.2,59.46,0,4.09,278.61,1017.43,28112.87,3,6.7,6200.0,0.035,PM2.5-1HR
951,ESP_ES1438A,2024-12-20,5.49,8.95,69.29,0,1.5,301.98,1024.36,28112.87,2,5.3,6200.0,0.035,PM2.5-1HR
951,ESP_ES1438A,2024-12-21,5.77,7.11,70.5,0,2.04,285.87,1027.94,28112.87,3,6.7,6200.0,0.035,PM2.5-1HR
951,ESP_ES1438A,2024-12-22,4.07,11.3,69.88,0,4.01,277.69,1021.16,28112.87,2,5.3,6200.0,0.035,PM2.5-1HR
951,ESP_ES1438A,2024-12-23,7.64,9.71,62.54,0,1.77,301.53,1020.18,28112.87,2,5.3,6200.0,0.035,PM2.5-1HR
951,ESP_ES1438A,2024-12-24,8.92,7.98,71.13,0,1.07,335.62,1024,28112.87,3,6.7,6200.0,0.035,PM2.5-1HR
951,ESP_ES1438A,2024-12-25,13.46,9.49,83.46,0,1.02,327.19,1028.38,28112.87,6,10.9,6200.0,0.035,PM2.5-1HR
951,ESP_ES1438A,2024-12-26,12.02,10.87,88.63,0,1.28,13.99,1030.03,28112.87,7,12.3,6200.0,0.035,PM2.5-1HR
951,ESP_ES1438A,2024-12-27,16.42,8.92,79.25,0,1.42,317.44,1031.35,28112.87,6,10.9,6200.0,0.035,PM2.5-1HR
951,ESP_ES1438A,2024-12-28,15.99,6.78,79.21,0,1.52,286.87,1029.75,28112.87,10,16.5,6200.0,0.035,PM2.5-1HR
951,ESP_ES1438A,2024-12-29,19.04,6.63,76.58,0,1.48,310.07,1029.02,28112.87,11,17.9,6200.0,0.035,PM2.5-1HR
951,ESP_ES1438A,2024-12-30,18.72,6.16,76.33,0,1.55,299.26,1029.99,28112.87,12,19.3,6200.0,0.035,PM2.5-1HR
951,ESP_ES1438A,2024-12-31,25.67,7.01,85.96,0,1.59,358.4,1031.39,28112.87,17,26.3,6200.0,0.035,PM2.5-1HR
951,ESP_ES1339A,2025-01-01,14.23,8.58,73.42,0,2.82,6.99,1030.59,10900.91,4,8.1,6200.0,1.098,PM2.5-1HR
951,ESP_ES1438A,2025-01-01,19.84,7.93,87.71,0,1.7,293.92,1030.72,28106.79,11,17.9,6200.0,0.035,PM2.5-1HR
951,ESP_ES1814A,2025-01-01,24.2,6.83,86.04,0,1.09,314.82,1030.77,7031.03,6,10.9,6200.0,0.106,PM2.5-1HR
951,ESP_ES1397A,2025-01-01,56.41,2.57,80.63,0,0.53,70.28,1031.58,9518.18,22,33.3,6200.0,1.787,PM2.5-1HR
951,ESP_ES1339A,2025-01-02,7.22,7.58,68.42,0,2.52,320.68,1026.14,10900.91,2,5.3,6200.0,1.098,PM2.5-1HR
951,ESP_ES1438A,2025-01-02,6.04,7.12,71.63,0,3.04,277.45,1025.8,28106.79,4,8.1,6200.0,0.035,PM2.5-1HR
951,ESP_ES1397A,2025-01-02,50.27,1.75,77.63,0,0.63,303.71,1026.59,9518.18,7,12.3,6200.0,1.787,PM2.5-1HR
951,ESP_ES1814A,2025-01-02,17.29,5.88,74.79,0,2.23,309.52,1025.54,7031.03,3,6.7,6200.0,0.106,PM2.5-1HR
951,ESP_ES1339A,2025-01-03,7.75,8.67,71.38,0,1.46,305.89,1021.74,10900.91,4,8.1,6200.0,1.098,PM2.5-1HR
951,ESP_ES1438A,2025-01-03,9.17,8.56,69.92,0,2.88,288.56,1021.14,28106.79,7,12.3,6200.0,0.035,PM2.5-1HR
951,ESP_ES1397A,2025-01-03,49.65,4.4,81.21,0,0.5,281.56,1021.82,9518.18,31,45.9,6200.0,1.787,PM2.5-1HR
951,ESP_ES1814A,2025-01-03,7.6,7.2,74.33,0,1.7,324.45,1021.05,7031.03,4,8.1,6200.0,0.106,PM2.5-1HR
951,ESP_ES1339A,2025-01-04,10.06,10.24,79.46,0,2.02,351.82,1020.34,10900.91,4,8.1,6200.0,1.098,PM2.5-1HR
951,ESP_ES1397A,2025-01-04,48.1,5.13,88.25,0,0.55,300.76,1020.84,9518.18,20,30.5,6200.0,1.787,PM2.5-1HR
951,ESP_ES1438A,2025-01-04,12.51,9.29,81.13,0,2.07,270.47,1020.19,28106.79,9,15.1,6200.0,0.035,PM2.5-1HR
951,ESP_ES1814A,2025-01-04,12.95,7.75,84.71,0,1.48,315.51,1020.11,7031.03,4,8.1,6200.0,0.106,PM2.5-1HR
951,ESP_ES1339A,2025-01-05,11,10.06,74.71,0,2.08,297.37,1013.09,10900.91,6,10.9,6200.0,1.098,PM2.5-1HR
951,ESP_ES1397A,2025-01-05,35.9,5.79,90.29,0,1.47,241.58,1013.27,9518.18,12,19.3,6200.0,1.787,PM2.5-1HR
951,ESP_ES1438A,2025-01-05,12.92,9.56,78.75,0,2.79,253.35,1012.7,28106.79,8,13.7,6200.0,0.035,PM2.5-1HR
951,ESP_ES1814A,2025-01-05,14.52,8.99,80.83,0,2.3,291.15,1012.38,7031.03,5,9.5,6200.0,0.106,PM2.5-1HR
951,ESP_ES1339A,2025-01-06,14.42,12.13,71.38,0,1.84,287.93,1006.12,10900.91,4,8.1,6200.0,1.098,PM2.5-1HR
951,ESP_ES1397A,2025-01-06,17.89,8.49,84.17,0.13,2.47,244.01,1005.85,9518.18,5,9.5,6200.0,1.787,PM2.5-1HR
951,ESP_ES1438A,2025-01-06,13.12,12.4,72.92,0.05,2.12,241.83,1005.78,28106.79,6,10.9,6200.0,0.035,PM2.5-1HR
951,ESP_ES1814A,2025-01-06,8.63,11.19,72.75,0.01,1.85,288.09,1005.79,7031.03,2,5.3,6200.0,0.106,PM2.5-1HR
951,ESP_ES1339A,2025-01-07,4.54,10.08,60.58,0,2.39,267.73,1015.46,10900.91,2,5.3,6200.0,1.098,PM2.5-1HR
951,ESP_ES1397A,2025-01-07,10.09,4.87,87.25,0,1.13,248.96,1015.57,9518.18,4,8.1,6200.0,1.787,PM2.5-1HR
951,ESP_ES1438A,2025-01-07,4.04,9.9,67.08,0.01,3.37,270.03,1014.96,28106.79,2,5.3,6200.0,0.035,PM2.5-1HR
951,ESP_ES1814A,2025-01-07,2.81,8.18,75.21,0,2.49,297.86,1014.83,7031.03,1,3.9,6200.0,0.106,PM2.5-1HR
951,ESP_ES1339A,2025-01-08,5.64,12.95,65.33,0,3.41,265.85,1015.94,10900.91,1,3.9,6200.0,1.098,PM2.5-1HR
951,ESP_ES1397A,2025-01-08,13.57,7,75.92,0,2.75,244.72,1015.72,9518.18,1,3.9,6200.0,1.787,PM2.5-1HR
951,ESP_ES1438A,2025-01-08,6.02,12.64,63.38,0,3.42,252.35,1015.11,28106.79,2,5.3,6200.0,0.035,PM2.5-1HR
951,ESP_ES1814A,2025-01-08,2.5,12.18,58.67,0,4.17,289.17,1014.73,7031.03,1,3.9,6200.0,0.106,PM2.5-1HR
951,ESP_ES1339A,2025-01-09,3.41,14.88,53.75,0,5.68,288.93,1015.88,10900.91,2,5.3,6200.0,1.098,PM2.5-1HR
951,ESP_ES1397A,2025-01-09,22.16,7.92,80.42,0,1.54,238.32,1015.87,9518.18,4,8.1,6200.0,1.787,PM2.5-1HR
951,ESP_ES1438A,2025-01-09,5.12,14.55,57.88,0,4.45,286.06,1014.9,28106.79,2,5.3,6200.0,0.035,PM2.5-1HR
951,ESP_ES1814A,2025-01-09,3.03,13.11,61.83,0,4.31,305.25,1014.8,7031.03,1,3.9,6200.0,0.106,PM2.5-1HR
951,ESP_ES1339A,2025-01-10,4.63,13.79,63.63,0,2.22,295.2,1020.83,10900.91,2,5.3,6200.0,1.098,PM2.5-1HR
951,ESP_ES1397A,2025-01-10,31.74,6.45,84.04,0,0.6,3,1021.35,9518.18,8,13.7,6200.0,1.787,PM2.5-1HR
951,ESP_ES1438A,2025-01-10,9.63,12.33,72.13,0,1.69,270.08,1020.6,28106.79,5,9.5,6200.0,0.035,PM2.5-1HR
951,ESP_ES1814A,2025-01-10,8.89,10.04,82,0,1.87,325.08,1020.6,7031.03,2,5.3,6200.0,0.106,PM2.5-1HR
951,ESP_ES1339A,2025-01-11,3.32,15.65,57.63,0.02,4.01,267,1018.35,10900.91,2,5.3,6200.0,1.098,PM2.5-1HR
951,ESP_ES1397A,2025-01-11,23,8,76.13,0,1.25,324.56,1018.93,9518.18,3,6.7,6200.0,1.787,PM2.5-1HR
951,ESP_ES1438A,2025-01-11,5.99,14.12,64.75,0,2.44,270.56,1018.23,28106.79,3,6.7,6200.0,0.035,PM2.5-1HR
951,ESP_ES1814A,2025-01-11,4.48,12.06,71.04,0,1.96,309.73,1018.2,7031.03,1,3.9,6200.0,0.106,PM2.5-1HR
951,ESP_ES1339A,2025-01-12,5.7,11.16,34.96,0,2.9,7.75,1023.98,10900.91,1,3.9,6200.0,1.098,PM2.5-1HR
951,ESP_ES1397A,2025-01-12,12.72,3.9,45.88,0,1.3,351.11,1024.46,9518.18,1,3.9,6200.0,1.787,PM2.5-1HR
951,ESP_ES1438A,2025-01-12,4.75,9.26,40.46,0,2.06,1.92,1023.95,28106.79,2,5.3,6200.0,0.035,PM2.5-1HR
951,ESP_ES1814A,2025-01-12,6.41,6.38,48.79,0,1.61,319.76,1023.98,7031.03,1,3.9,6200.0,0.106,PM2.5-1HR
951,ESP_ES1339A,2025-01-13,7.64,7.34,55.96,0,1.95,22.99,1028.4,10900.91,2,5.3,6200.0,1.098,PM2.5-1HR
951,ESP_ES1397A,2025-01-13,32.2,2.07,54.33,0,0.69,28.45,1028.83,9518.18,6,10.9,6200.0,1.787,PM2.5-1HR
951,ESP_ES1438A,2025-01-13,8.62,5.68,55.63,0,1.56,1.99,1028.58,28106.79,4,8.1,6200.0,0.035,PM2.5-1HR
951,ESP_ES1814A,2025-01-13,13.54,3.45,71.63,0,1.02,352.75,1028.58,7031.03,5,9.5,6200.0,0.106,PM2.5-1HR
951,ESP_ES1339A,2025-01-14,11.94,6.84,50.79,0,2.82,7.29,1030.29,10900.91,8,13.7,6200.0,1.098,PM2.5-1HR
951,ESP_ES1397A,2025-01-14,38.93,1.55,47.67,0,0.77,357.16,1030.65,9518.18,13,20.7,6200.0,1.787,PM2.5-1HR
951,ESP_ES1438A,2025-01-14,10.64,4.65,60.33,0,1.73,299.49,1030.4,28106.79,7,12.3,6200.0,0.035,PM2.5-1HR
951,ESP_ES1814A,2025-01-14,18,2.42,67.5,0,1.42,311.3,1030.38,7031.03,4,8.1,6200.0,0.106,PM2.5-1HR
951,ESP_ES1339A,2025-01-15,16.82,6.46,51.96,0,2.44,340.81,1026.27,10900.91,11,17.9,6200.0,1.098,PM2.5-1HR
951,ESP_ES1397A,2025-01-15,61.36,2.1,52.42,0,0.61,19.96,1026.52,9518.18,32,47.3,6200.0,1.787,PM2.5-1HR
951,ESP_ES1438A,2025-01-15,17.56,4.37,60.08,0,2.19,291.64,1026.16,28106.79,12,19.3,6200.0,0.035,PM2.5-1HR
951,ESP_ES1814A,2025-01-15,28.33,2.47,72.38,0,1.52,316.24,1026,7031.03,13,20.7,6200.0,0.106,PM2.5-1HR
951,ESP_ES1339A,2025-01-16,12.74,7.68,52.33,0.01,4.75,17.42,1025.52,10900.91,2,5.3,6200.0,1.098,PM2.5-1HR
951,ESP_ES1397A,2025-01-16,44.04,3,72.92,0.06,2.86,43.35,1026.95,9518.18,4,8.1,6200.0,1.787,PM2.5-1HR
951,ESP_ES1438A,2025-01-16,11.83,6.15,65.33,0.08,3.8,2.23,1025.88,28106.79,3,6.7,6200.0,0.035,PM2.5-1HR
951,ESP_ES1814A,2025-01-16,27.28,5.04,69.67,0.05,2.72,8.68,1025.95,7031.03,4,8.1,6200.0,0.106,PM2.5-1HR
951,ESP_ES1339A,2025-01-17,7.98,10.03,57.96,0.02,5.37,25.67,1028.58,10900.91,2,5.3,6200.0,1.098,PM2.5-1HR
951,ESP_ES1397A,2025-01-17,14.67,5,70.25,0.03,3.97,49.03,1030.05,9518.18,2,5.3,6200.0,1.787,PM2.5-1HR
951,ESP_ES1438A,2025-01-17,10.24,9.8,59.96,0.03,4.6,28.22,1028.81,28106.79,3,6.7,6200.0,0.035,PM2.5-1HR
951,ESP_ES1814A,2025-01-17,14.81,8.11,62.88,0.02,3.4,28.84,1028.99,7031.03,5,9.5,6200.0,0.106,PM2.5-1HR
951,ESP_ES1339A,2025-01-18,10.12,8.36,59.25,0,3.08,355.61,1024.5,10900.91,5,9.5,6200.0,1.098,PM2.5-1HR
951,ESP_ES1397A,2025-01-18,38.61,3.95,62.38,0,0.46,49.12,1024.92,9518.18,11,17.9,6200.0,1.787,PM2.5-1HR
951,ESP_ES1438A,2025-01-18,13.25,7.01,65.63,0,1.54,309.29,1024.52,28106.79,7,12.3,6200.0,0.035,PM2.5-1HR
951,ESP_ES1814A,2025-01-18,27.28,5.49,68.5,0,1.43,330.3,1024.45,7031.03,10,16.5,6200.0,0.106,PM2.5-1HR
951,ESP_ES1339A,2025-01-19,9.48,9.88,56.13,0,1.89,352.85,1020.7,10900.91,4,8.1,6200.0,1.098,PM2.5-1HR
951,ESP_ES1397A,2025-01-19,42.97,5.09,69.92,0,0.6,82.8,1021.08,9518.18,20,30.5,6200.0,1.787,PM2.5-1HR
951,ESP_ES1438A,2025-01-19,11.01,8.83,70.58,0,1.47,285.47,1020.72,28106.79,6,10.9,6200.0,0.035,PM2.5-1HR
951,ESP_ES1814A,2025-01-19,38.33,7.65,68.58,0,0.84,335.55,1020.77,7031.03,18,27.7,6200.0,0.106,PM2.5-1HR
951,ESP_ES1339A,2025-01-20,14.14,10.13,72.46,0,1.63,301.07,1017.93,10900.91,8,13.7,6200.0,1.098,PM2.5-1HR
951,ESP_ES1397A,2025-01-20,35.87,3.48,82,0,1.22,343.67,1018.35,9518.18,7,12.3,6200.0,1.787,PM2.5-1HR
951,ESP_ES1438A,2025-01-20,19.01,8.06,77.63,0,1.65,270.36,1017.83,28106.79,9,15.1,6200.0,0.035,PM2.5-1HR
951,ESP_ES1814A,2025-01-20,40.46,6.73,81.04,0,1.69,310.34,1017.85,7031.03,26,38.9,6200.0,0.106,PM2.5-1HR
951,ESP_ES1339A,2025-01-21,13.44,9.18,77.33,0.01,1.67,356.39,1014.8,10900.91,7,12.3,6200.0,1.098,PM2.5-1HR
951,ESP_ES1397A,2025-01-21,34.37,2.76,88,0,0.71,346.25,1015.75,9518.18,21,31.9,6200.0,1.787,PM2.5-1HR
951,ESP_ES1438A,2025-01-21,16.3,8.25,77.38,0.01,1.61,281.19,1014.8,28106.79,4,8.1,6200.0,0.035,PM2.5-1HR
951,ESP_ES1814A,2025-01-21,35.36,7.06,81.96,0.01,1.43,304.82,1014.81,7031.03,24,36.1,6200.0,0.106,PM2.5-1HR
951,ESP_ES1339A,2025-01-22,20.82,12.66,76.33,0,2,296.19,1010.33,10900.91,17,26.3,6200.0,1.098,PM2.5-1HR
951,ESP_ES1397A,2025-01-22,27.72,7.45,86.71,0,2.35,266.81,1010.43,9518.18,4,8.1,6200.0,1.787,PM2.5-1HR
951,ESP_ES1438A,2025-01-22,22.32,11.53,78.33,0,2.46,270.14,1010.01,28106.79,13,20.7,6200.0,0.035,PM2.5-1HR
951,ESP_ES1814A,2025-01-22,29.73,11.67,79.04,0,2.52,297.2,1009.91,7031.03,10,16.5,6200.0,0.106,PM2.5-1HR
951,ESP_ES1339A,2025-01-23,11.06,13.36,74.75,0,2.3,350.35,1013.9,10900.91,4,8.1,6200.0,1.098,PM2.5-1HR
951,ESP_ES1397A,2025-01-23,17.86,7.93,89.63,0,1.2,252.18,1014.25,9518.18,8,13.7,6200.0,1.787,PM2.5-1HR
951,ESP_ES1438A,2025-01-23,11.43,12.35,80.96,0,1.94,319.82,1013.98,28106.79,3,6.7,6200.0,0.035,PM2.5-1HR
951,ESP_ES1814A,2025-01-23,21.31,11.48,81.54,0.01,1.47,322.57,1014.02,7031.03,7,12.3,6200.0,0.106,PM2.5-1HR
951,ESP_ES1814A,2025-01-24,22.16,11.35,81.46,0,2.19,309.83,1018.3,7031.03,5,9.5,6200.0,0.106,PM2.5-1HR
951,ESP_ES1339A,2025-01-24,16.16,11.93,78.33,0,1.73,317.31,1018.66,10900.91,8,13.7,6200.0,1.098,PM2.5-1HR
951,ESP_ES1397A,2025-01-24,26.32,8.15,89.71,0,1.45,279.17,1019.02,9518.18,2,5.3,6200.0,1.787,PM2.5-1HR
951,ESP_ES1438A,2025-01-24,16.67,11.89,82.92,0,2.27,263.96,1018.41,28106.79,7,12.3,6200.0,0.035,PM2.5-1HR
951,ESP_ES1814A,2025-01-25,16.8,11.65,74.58,0,2.48,299.66,1014.19,7031.03,5,9.5,6200.0,0.106,PM2.5-1HR
951,ESP_ES1339A,2025-01-25,10.55,12.83,75.25,0,1.56,317.19,1014.76,10900.91,4,8.1,6200.0,1.098,PM2.5-1HR
951,ESP_ES1397A,2025-01-25,19.99,6.88,85.79,0.05,2.14,275.98,1014.61,9518.18,3,6.7,6200.0,1.787,PM2.5-1HR
951,ESP_ES1438A,2025-01-25,11.88,11.86,74.67,0.01,2.41,265.73,1014.38,28106.79,4,8.1,6200.0,0.035,PM2.5-1HR
951,ESP_ES1814A,2025-01-26,10.16,9.81,76.75,0,2.13,288.87,1017.29,7031.03,4,8.1,6200.0,0.106,PM2.5-1HR
951,ESP_ES1339A,2025-01-26,6.46,11.76,68.42,0,2.16,268.75,1017.74,10900.91,2,5.3,6200.0,1.098,PM2.5-1HR
951,ESP_ES1397A,2025-01-26,12.37,6.63,79.79,0.01,2.74,242.66,1017.45,9518.18,2,5.3,6200.0,1.787,PM2.5-1HR
951,ESP_ES1438A,2025-01-26,6.04,11.85,68.79,0,2.51,251.7,1017.35,28106.79,4,8.1,6200.0,0.035,PM2.5-1HR
951,ESP_ES1814A,2025-01-27,10.9,14.63,75.79,0.08,3.89,268.11,1007.88,7031.03,3,6.7,6200.0,0.106,PM2.5-1HR
951,ESP_ES1339A,2025-01-27,17,15.53,74.38,0.09,5.41,257.3,1008.53,10900.91,6,10.9,6200.0,1.098,PM2.5-1HR
951,ESP_ES1397A,2025-01-27,8.86,10.75,87.83,0.2,4.19,244.4,1007.8,9518.18,1,3.9,6200.0,1.787,PM2.5-1HR
951,ESP_ES1438A,2025-01-27,7.64,16.68,68.71,0.04,5.84,240.28,1007.74,28106.79,4,8.1,6200.0,0.035,PM2.5-1HR
951,ESP_ES1339A,2025-02-08,8.04,9.28,75.33,0.21,2.32,257.81,1019.4,10900.91,2,5.3,6200.0,1.098,PM2.5-1HR
951,ESP_ES1397A,2025-02-08,13.32,5.12,87.5,1.04,1.5,52.46,1019.59,9518.18,1,3.9,6200.0,1.787,PM2.5-1HR
951,ESP_ES1814A,2025-02-08,12.46,8.3,83.25,0.38,1.69,249.89,1019.4,7031.03,2,5.3,6200.0,0.106,PM2.5-1HR
951,ESP_ES1438A,2025-02-08,8.9,9.62,81.25,0.52,2.84,231.89,1019.29,28106.79,4,8.1,6200.0,0.035,PM2.5-1HR
951,ESP_ES1339A,2025-02-09,9.17,8.45,71.04,0,2.18,15.38,1025.99,10900.91,5,9.5,6200.0,1.098,PM2.5-1HR
951,ESP_ES1397A,2025-02-09,19.94,3.91,75.13,0,0.94,336.96,1026.47,9518.18,7,12.3,6200.0,1.787,PM2.5-1HR
951,ESP_ES1438A,2025-02-09,10.32,7.31,81.29,0,1.53,303.68,1026.1,28106.79,7,12.3,6200.0,0.035,PM2.5-1HR
951,ESP_ES1814A,2025-02-09,22.87,6.07,83.38,0,1.25,317.29,1026.16,7031.03,10,16.5,6200.0,0.106,PM2.5-1HR
951,ESP_ES1339A,2025-02-10,11.08,10.55,82.42,0.03,2.23,283.12,1023.99,10900.91,3,6.7,6200.0,1.098,PM2.5-1HR
951,ESP_ES1397A,2025-02-10,22.47,7.17,84.79,0,1.48,216.92,1024.09,9518.18,10,16.5,6200.0,1.787,PM2.5-1HR
951,ESP_ES1438A,2025-02-10,13.75,9.96,84.79,0,1.76,275.07,1023.97,28106.79,6,10.9,6200.0,0.035,PM2.5-1HR
951,ESP_ES1814A,2025-02-10,27.42,9.12,85.71,0,1.54,293.83,1024,7031.03,9,15.1,6200.0,0.106,PM2.5-1HR
951,ESP_ES1339A,2025-02-11,6.49,12.18,77.88,0,1.78,236.33,1020.15,10900.91,3,6.7,6200.0,1.098,PM2.5-1HR
951,ESP_ES1397A,2025-02-11,12.79,8.4,89.71,0,2.32,235.75,1020.1,9518.18,4,8.1,6200.0,1.787,PM2.5-1HR
951,ESP_ES1438A,2025-02-11,8.38,11.38,85.08,0.08,1.66,251.49,1020.09,28106.79,5,9.5,6200.0,0.035,PM2.5-1HR
951,ESP_ES1814A,2025-02-11,21.14,10.48,84.08,0.02,1.34,291.93,1020.16,7031.03,7,12.3,6200.0,0.106,PM2.5-1HR
951,ESP_ES1339A,2025-02-12,8.96,10.54,88.17,0.45,2.66,11.26,1016.08,10900.91,4,8.1,6200.0,1.098,PM2.5-1HR
951,ESP_ES1397A,2025-02-12,26.43,6.54,95,0.14,0.58,15.2,1017.07,9518.18,18,27.7,6200.0,1.787,PM2.5-1HR
951,ESP_ES1438A,2025-02-12,11.1,9.83,91.67,0.4,1.62,2.13,1016.2,28106.79,6,10.9,6200.0,0.035,PM2.5-1HR
951,ESP_ES1814A,2025-02-12,26.31,9.11,91.42,0.23,0.99,347.63,1016.36,7031.03,11,17.9,6200.0,0.106,PM2.5-1HR
951,ESP_ES1339A,2025-02-13,6.52,10.79,85.38,0.2,1.88,349.67,1018.6,10900.91,3,6.7,6200.0,1.098,PM2.5-1HR
951,ESP_ES1397A,2025-02-13,15.08,7.91,87.54,0.01,0.94,7.1,1018.85,9518.18,8,13.7,6200.0,1.787,PM2.5-1HR
951,ESP_ES1438A,2025-02-13,9.03,11.15,88.63,0.01,1.77,275.69,1018.42,28106.79,5,9.5,6200.0,0.035,PM2.5-1HR
951,ESP_ES1814A,2025-02-13,15.98,10.35,85.13,0.01,1.44,315.58,1018.39,7031.03,6,10.9,6200.0,0.106,PM2.5-1HR
951,ESP_ES1339A,2025-02-14,10.95,10.55,82.04,0,2.11,40.12,1017.31,10900.91,7,12.3,6200.0,1.098,PM2.5-1HR
951,ESP_ES1397A,2025-02-14,18.47,8.45,84.58,0,0.83,42.29,1017.32,9518.18,11,17.9,6200.0,1.787,PM2.5-1HR
951,ESP_ES1438A,2025-02-14,16.18,10.04,85.79,0,1.35,5.4,1017.42,28106.79,7,12.3,6200.0,0.035,PM2.5-1HR
951,ESP_ES1814A,2025-02-14,21,9.29,85.08,0,0.92,22.6,1017.44,7031.03,12,19.3,6200.0,0.106,PM2.5-1HR
951,ESP_ES1339A,2025-02-15,12.24,10.57,79.67,0,2.2,75.44,1017,10900.91,7,12.3,6200.0,1.098,PM2.5-1HR
951,ESP_ES1397A,2025-02-15,24.41,8.28,89.83,0.03,1.26,273.12,1016.75,9518.18,17,26.3,6200.0,1.787,PM2.5-1HR
951,ESP_ES1438A,2025-02-15,12.73,10.2,79.21,0,1.6,101.78,1017.03,28106.79,7,12.3,6200.0,0.035,PM2.5-1HR
951,ESP_ES1814A,2025-02-15,24.66,9.18,82.21,0,1.12,244.43,1017.04,7031.03,11,17.9,6200.0,0.106,PM2.5-1HR
951,ESP_ES1339A,2025-02-16,14.6,11.21,87.17,0,1.31,318.05,1014.11,10900.91,10,16.5,6200.0,1.098,PM2.5-1HR
951,ESP_ES1397A,2025-02-16,17.3,9.13,85.29,0,0.71,271.98,1014.26,9518.18,11,17.9,6200.0,1.787,PM2.5-1HR
951,ESP_ES1438A,2025-02-16,14.97,10.22,89.29,0,1.4,287.91,1014.02,28106.79,7,12.3,6200.0,0.035,PM2.5-1HR
951,ESP_ES1814A,2025-02-16,24.5,10,86.04,0,1.16,313.21,1014.01,7031.03,16,24.9,6200.0,0.106,PM2.5-1HR
951,ESP_ES1339A,2025-02-17,20.94,11.55,83.75,0,2.01,40.21,1016,10900.91,14,22.1,6200.0,1.098,PM2.5-1HR
951,ESP_ES1397A,2025-02-17,22.9,10.05,74.04,0.02,0.81,58.05,1015.9,9518.18,10,16.5,6200.0,1.787,PM2.5-1HR
951,ESP_ES1438A,2025-02-17,25.07,10.35,91.46,0,1.36,3.19,1016.14,28106.79,18,27.7,6200.0,0.035,PM2.5-1HR
951,ESP_ES1814A,2025-02-17,29.15,10.61,81.79,0,1.04,28.8,1016.13,7031.03,14,22.1,6200.0,0.106,PM2.5-1HR
951,ESP_ES1339A,2025-02-18,16.45,11.79,89.79,0,2.19,44.08,1017.16,10900.91,10,16.5,6200.0,1.098,PM2.5-1HR
951,ESP_ES1397A,2025-02-18,23.39,8.61,84.17,0,1.13,277.75,1017.22,9518.18,10,16.5,6200.0,1.787,PM2.5-1HR
951,ESP_ES1438A,2025-02-18,18.01,10.88,90.29,0,1.27,318.1,1017.25,28106.79,12,19.3,6200.0,0.035,PM2.5-1HR
951,ESP_ES1814A,2025-02-18,26.01,10.59,86.29,0.01,1.09,6.08,1017.26,7031.03,15,23.5,6200.0,0.106,PM2.5-1HR
951,ESP_ES1339A,2025-02-19,13.83,11.95,86.25,0,3.41,35.63,1020.26,10900.91,10,16.5,6200.0,1.098,PM2.5-1HR
951,ESP_ES1397A,2025-02-19,21.96,9.3,86.33,0,1.25,67.5,1021.1,9518.18,9,15.1,6200.0,1.787,PM2.5-1HR
951,ESP_ES1438A,2025-02-19,18.79,11.21,90.71,0,2.69,23.93,1020.58,28106.79,12,19.3,6200.0,0.035,PM2.5-1HR
951,ESP_ES1814A,2025-02-19,26.23,10.54,86.38,0,1.36,72.85,1020.59,7031.03,13,20.7,6200.0,0.106,PM2.5-1HR
951,ESP_ES1339A,2025-02-20,12.43,12.37,89.42,0,1.6,94.76,1026.95,10900.91,9,15.1,6200.0,1.098,PM2.5-1HR
951,ESP_ES1397A,2025-02-20,19.91,10.58,85.71,0,1.17,289.36,1026.61,9518.18,12,19.3,6200.0,1.787,PM2.5-1HR
951,ESP_ES1438A,2025-02-20,14.9,12.45,86.42,0,1.71,92.2,1026.98,28106.79,13,20.7,6200.0,0.035,PM2.5-1HR
951,ESP_ES1814A,2025-02-20,23.42,11.66,89.17,0.01,1.04,179.81,1027.05,7031.03,16,24.9,6200.0,0.106,PM2.5-1HR
951,ESP_ES1339A,2025-02-21,11.67,12.65,90.42,0.15,2.74,170.62,1025.73,10900.91,9,15.1,6200.0,1.098,PM2.5-1HR
951,ESP_ES1397A,2025-02-21,20.67,10.44,91.46,0.08,2.7,226.67,1025.59,9518.18,6,10.9,6200.0,1.787,PM2.5-1HR
951,ESP_ES1438A,2025-02-21,15.45,12.71,87.08,0.02,2.25,177.77,1025.87,28106.79,11,17.9,6200.0,0.035,PM2.5-1HR
951,ESP_ES1814A,2025-02-21,24.21,11.44,93.25,0.17,1.67,152.1,1025.99,7031.03,16,24.9,6200.0,0.106,PM2.5-1HR
951,ESP_ES1339A,2025-02-22,11.66,12.81,94.21,0.28,2.24,172.98,1021.55,10900.91,9,15.1,6200.0,1.098,PM2.5-1HR
951,ESP_ES1397A,2025-02-22,17.18,10,97.25,0.33,1.61,283.39,1022.08,9518.18,6,10.9,6200.0,1.787,PM2.5-1HR
951,ESP_ES1438A,2025-02-22,13.13,12.95,93.38,0.2,2.04,155.24,1021.68,28106.79,8,13.7,6200.0,0.035,PM2.5-1HR
951,ESP_ES1814A,2025-02-22,23.02,11.82,95.33,0.49,0.9,167.23,1021.88,7031.03,4,8.1,6200.0,0.106,PM2.5-1HR
951,ESP_ES1339A,2025-02-23,8.33,11.93,88.25,0.01,1.51,323.57,1027.88,10900.91,4,8.1,6200.0,1.098,PM2.5-1HR
951,ESP_ES1397A,2025-02-23,8.53,9,83.71,0,0.78,66.12,1027.93,9518.18,1,3.9,6200.0,1.787,PM2.5-1HR
951,ESP_ES1438A,2025-02-23,8.51,11.72,88.04,0.05,1.1,246.99,1027.73,28106.79,5,9.5,6200.0,0.035,PM2.5-1HR
951,ESP_ES1814A,2025-02-23,15.08,11.09,83.63,0.03,1.11,342.88,1027.74,7031.03,8,13.7,6200.0,0.106,PM2.5-1HR
951,ESP_ES1339A,2025-02-24,9.3,11.57,82.5,0,2.53,270.48,1027.57,10900.91,6,10.9,6200.0,1.098,PM2.5-1HR
951,ESP_ES1397A,2025-02-24,16.98,7.87,81.5,0,1.11,211.34,1027.42,9518.18,4,8.1,6200.0,1.787,PM2.5-1HR
951,ESP_ES1438A,2025-02-24,11.45,10.69,85.13,0,2.31,251.76,1027.08,28106.79,7,12.3,6200.0,0.035,PM2.5-1HR
951,ESP_ES1814A,2025-02-24,18.95,10.43,82.04,0,1.76,291.49,1026.93,7031.03,7,12.3,6200.0,0.106,PM2.5-1HR
951,ESP_ES1339A,2025-02-25,11.54,12.48,75.92,0,2.08,309.05,1020.29,10900.91,5,9.5,6200.0,1.098,PM2.5-1HR
951,ESP_ES1397A,2025-02-25,22.49,7.78,88.88,0.15,0.77,235.37,1020.72,9518.18,10,16.5,6200.0,1.787,PM2.5-1HR
951,ESP_ES1438A,2025-02-25,13.99,11.03,85.29,0.1,2.14,76.48,1020.31,28106.79,4,8.1,6200.0,0.035,PM2.5-1HR
951,ESP_ES1814A,2025-02-25,17.1,10.56,80.17,0.2,2.01,357.11,1020.4,7031.03,6,10.9,6200.0,0.106,PM2.5-1HR
951,ESP_ES1339A,2025-02-26,5.14,10.89,67.79,0,2.09,272.96,1023.35,10900.91,2,5.3,6200.0,1.098,PM2.5-1HR
951,ESP_ES1397A,2025-02-26,11.76,6.58,74.42,0,1.24,295.92,1023.25,9518.18,3,6.7,6200.0,1.787,PM2.5-1HR
951,ESP_ES1438A,2025-02-26,7.48,9.84,81.96,0.15,1.66,324.89,1023.36,28106.79,4,8.1,6200.0,0.035,PM2.5-1HR
951,ESP_ES1814A,2025-02-26,11.96,8.86,81.88,0.38,1.69,328.91,1023.44,7031.03,7,12.3,6200.0,0.106,PM2.5-1HR
951,ESP_ES1339A,2025-02-27,10.12,10.07,76.21,0,1.89,31.84,1020.82,10900.91,7,12.3,6200.0,1.098,PM2.5-1HR
951,ESP_ES1397A,2025-02-27,14.73,7.03,74.54,0,0.94,76.43,1021.02,9518.18,6,10.9,6200.0,1.787,PM2.5-1HR
951,ESP_ES1438A,2025-02-27,10.61,10.07,82.33,0,1.48,271.82,1020.81,28106.79,7,12.3,6200.0,0.035,PM2.5-1HR
951,ESP_ES1814A,2025-02-27,19.78,9.23,79.58,0,1,335.6,1020.9,7031.03,14,22.1,6200.0,0.106,PM2.5-1HR
951,ESP_ES1339A,2025-02-28,9.17,10.39,76.88,0,3.14,46.32,1019.28,10900.91,5,9.5,6200.0,1.098,PM2.5-1HR
951,ESP_ES1397A,2025-02-28,11.74,7.6,79.92,0.08,0.96,75.56,1019.42,9518.18,5,9.5,6200.0,1.787,PM2.5-1HR
951,ESP_ES1438A,2025-02-28,10.96,10.35,78.5,0,2.02,46.13,1019.4,28106.79,5,9.5,6200.0,0.035,PM2.5-1HR
951,ESP_ES1814A,2025-02-28,18.49,9.35,76.42,0,1.33,31.15,1019.46,7031.03,6,10.9,6200.0,0.106,PM2.5-1HR
951,ESP_ES1339A,2025-03-01,8.57,10.09,73.46,0.01,2.41,38.86,1018.11,10900.91,5,9.5,6200.0,1.098,PM2.5-1HR
951,ESP_ES1397A,2025-03-01,7.44,8.1,80.17,0.09,1.32,63.89,1018.64,9518.18,3,6.7,6200.0,1.787,PM2.5-1HR
951,ESP_ES1438A,2025-03-01,7.78,9.54,75.63,0,1.83,38.69,1018.15,28106.79,6,10.9,6200.0,0.035,PM2.5-1HR
951,ESP_ES1814A,2025-03-01,13.2,8.56,83.42,0.06,0.92,279.46,1018.2,7031.03,7,12.3,6200.0,0.106,PM2.5-1HR
951,ESP_ES1339A,2025-03-02,6.38,11.61,63.5,0,4.9,35.63,1022.03,10900.91,4,8.1,6200.0,1.098,PM2.5-1HR
951,ESP_ES1397A,2025-03-02,9.69,7.69,69,0,3.52,55.26,1023.45,9518.18,4,8.1,6200.0,1.787,PM2.5-1HR
951,ESP_ES1438A,2025-03-02,6.95,11.4,66.88,0,4.34,34.58,1022.32,28106.79,3,6.7,6200.0,0.035,PM2.5-1HR
951,ESP_ES1814A,2025-03-02,8,9.99,64.25,0,2.67,24.78,1022.47,7031.03,4,8.1,6200.0,0.106,PM2.5-1HR
951,ESP_ES1339A,2025-03-03,8.62,12.31,76.17,0.08,6.53,52.9,1022.36,10900.91,4,8.1,6200.0,1.098,PM2.5-1HR
951,ESP_ES1397A,2025-03-03,7.91,8.78,85,0.08,3.31,56.04,1024.48,9518.18,3,6.7,6200.0,1.787,PM2.5-1HR
951,ESP_ES1438A,2025-03-03,9.65,12.18,79.5,0.38,5.21,56.71,1023.07,28106.79,5,9.5,6200.0,0.035,PM2.5-1HR
951,ESP_ES1814A,2025-03-03,9.54,11.31,78.79,0.25,3.18,55.34,1023.27,7031.03,4,8.1,6200.0,0.106,PM2.5-1HR
951,ESP_ES1339A,2025-03-04,8.91,13.14,74.04,0,5.59,57.19,1021.32,10900.91,7,12.3,6200.0,1.098,PM2.5-1HR
951,ESP_ES1397A,2025-03-04,9.51,9.65,83.21,0.01,2.16,73.65,1022.65,9518.18,6,10.9,6200.0,1.787,PM2.5-1HR
951,ESP_ES1438A,2025-03-04,10,13.3,74.25,0.01,4.73,65.88,1021.78,28106.79,8,13.7,6200.0,0.035,PM2.5-1HR
951,ESP_ES1814A,2025-03-04,11.64,12.53,72.71,0.01,2.77,54.02,1021.89,7031.03,9,15.1,6200.0,0.106,PM2.5-1HR
951,ESP_ES1339A,2025-03-05,8.79,12.68,71.21,0,5.6,54.74,1021.89,10900.91,6,10.9,6200.0,1.098,PM2.5-1HR
951,ESP_ES1397A,2025-03-05,12.91,7.76,80.25,0,2.42,68.01,1023.32,9518.18,5,9.5,6200.0,1.787,PM2.5-1HR
951,ESP_ES1438A,2025-03-05,10.39,12.66,73.42,0,4.5,63.07,1022.45,28106.79,9,15.1,6200.0,0.035,PM2.5-1HR
951,ESP_ES1814A,2025-03-05,11.96,11.31,71.25,0,2.54,42.93,1022.51,7031.03,8,13.7,6200.0,0.106,PM2.5-1HR
951,ESP_ES1339A,2025-03-06,8.91,12.49,80.08,0.17,6.43,60.93,1019.26,10900.91,6,10.9,6200.0,1.098,PM2.5-1HR
951,ESP_ES1397A,2025-03-06,12.43,8.78,84.42,0.18,2.84,55.23,1021.25,9518.18,5,9.5,6200.0,1.787,PM2.5-1HR
951,ESP_ES1438A,2025-03-06,11.53,12.41,82.08,0.5,5.28,66.36,1019.97,28106.79,8,13.7,6200.0,0.035,PM2.5-1HR
951,ESP_ES1814A,2025-03-06,13.04,11.39,80.29,0.3,3.75,60.59,1020.32,7031.03,9,15.1,6200.0,0.106,PM2.5-1HR
951,ESP_ES1339A,2025-03-07,7.37,12.53,88.25,0.42,5.41,61.06,1015.47,10900.91,3,6.7,6200.0,1.098,PM2.5-1HR
951,ESP_ES1397A,2025-03-07,8.68,9.68,90.96,0.15,2.3,53.87,1016.98,9518.18,1,3.9,6200.0,1.787,PM2.5-1HR
951,ESP_ES1438A,2025-03-07,11.16,12.54,88.83,0.43,4.81,68.7,1016.01,28106.79,5,9.5,6200.0,0.035,PM2.5-1HR
951,ESP_ES1814A,2025-03-07,10.91,11.73,86.38,0.42,3.47,68.18,1016.33,7031.03,5,9.5,6200.0,0.106,PM2.5-1HR
951,ESP_ES1339A,2025-03-08,12.57,13.19,94.79,0.28,4.57,104.11,1008.43,10900.91,9,15.1,6200.0,1.098,PM2.5-1HR
951,ESP_ES1397A,2025-03-08,7.31,10.86,93.79,0.6,2.13,99.66,1009.46,9518.18,2,5.3,6200.0,1.787,PM2.5-1HR
951,ESP_ES1438A,2025-03-08,13.46,13.45,93.79,0.3,3.92,117.08,1009.09,28106.79,5,9.5,6200.0,0.035,PM2.5-1HR
951,ESP_ES1814A,2025-03-08,13.87,12.33,95,1.39,3.21,99.56,1009.43,7031.03,4,8.1,6200.0,0.106,PM2.5-1HR
951,ESP_ES1339A,2025-03-09,8.6,12.75,85.17,0.63,3.38,213.58,1000.11,10900.91,2,5.3,6200.0,1.098,PM2.5-1HR
951,ESP_ES1397A,2025-03-09,5.29,10.39,85.71,0.61,3.05,186.56,1000.21,9518.18,1,3.9,6200.0,1.787,PM2.5-1HR
951,ESP_ES1438A,2025-03-09,15.24,13.33,84.79,0.61,3.84,186.89,1000.25,28106.79,11,17.9,6200.0,0.035,PM2.5-1HR
951,ESP_ES1814A,2025-03-09,9.7,12.18,84.96,0.82,2.84,167.58,1000.4,7031.03,2,5.3,6200.0,0.106,PM2.5-1HR
951,ESP_ES1339A,2025-03-10,5.95,11.06,83.21,0,2.18,356.53,1002.51,10900.91,2,5.3,6200.0,1.098,PM2.5-1HR
951,ESP_ES1397A,2025-03-10,9.16,7.05,88.21,0.08,1.12,241.37,1002.85,9518.18,1,3.9,6200.0,1.787,PM2.5-1HR
951,ESP_ES1438A,2025-03-10,7.43,10.52,87.25,0.05,1.35,232.87,1002.61,28106.79,4,8.1,6200.0,0.035,PM2.5-1HR
951,ESP_ES1814A,2025-03-10,15.79,9.3,86.96,0.25,1.16,347.28,1002.73,7031.03,6,10.9,6200.0,0.106,PM2.5-1HR
951,ESP_ES1814A,2025-03-11,20.12,10.42,85.38,0.36,1.36,291.57,1001.75,7031.03,9,15.1,6200.0,0.106,PM2.5-1HR
951,ESP_ES1339A,2025-03-11,6.4,11.63,86.46,0.18,1.54,350.48,1001.75,10900.91,3,6.7,6200.0,1.098,PM2.5-1HR
951,ESP_ES1397A,2025-03-11,13.38,7.58,87.75,0.12,1.63,275.31,1001.89,9518.18,1,3.9,6200.0,1.787,PM2.5-1HR
951,ESP_ES1438A,2025-03-11,8.02,11.18,86.79,0.18,1.7,255.38,1001.69,28106.79,4,8.1,6200.0,0.035,PM2.5-1HR
951,ESP_ES1814A,2025-03-12,13.91,9.69,88.5,0.63,1.57,335.35,999.85,7031.03,5,9.5,6200.0,0.106,PM2.5-1HR
951,ESP_ES1339A,2025-03-12,4.7,11.99,79.08,0.02,2.16,268.77,999.83,10900.91,3,6.7,6200.0,1.098,PM2.5-1HR
951,ESP_ES1397A,2025-03-12,8.41,7.75,89.83,0.27,1.63,147.75,999.84,9518.18,2,5.3,6200.0,1.787,PM2.5-1HR
951,ESP_ES1438A,2025-03-12,6.96,11.2,85.21,0.25,1.68,275.94,999.7,28106.79,4,8.1,6200.0,0.035,PM2.5-1HR
951,ESP_ES1814A,2025-03-13,10.59,8.76,84.46,0.33,2.04,26.45,998,7031.03,4,8.1,6200.0,0.106,PM2.5-1HR
951,ESP_ES1339A,2025-03-13,5.99,11.01,78.25,0.35,3.22,41.73,997.52,10900.91,4,8.1,6200.0,1.098,PM2.5-1HR
951,ESP_ES1397A,2025-03-13,10.79,6.53,90.33,0.38,1.59,92.35,998.55,9518.18,2,5.3,6200.0,1.787,PM2.5-1HR
951,ESP_ES1438A,2025-03-13,7.52,9.78,86.63,0.38,2.85,44.05,997.88,28106.79,4,8.1,6200.0,0.035,PM2.5-1HR
951,ESP_ES1814A,2025-03-14,6.95,7.71,88.46,0.62,1.59,295.14,1000.11,7031.03,4,8.1,6200.0,0.106,PM2.5-1HR
951,ESP_ES1339A,2025-03-14,3.42,8.55,90.08,0.84,2.28,318.32,1000.1,10900.91,2,5.3,6200.0,1.098,PM2.5-1HR
951,ESP_ES1397A,2025-03-14,2.78,5.01,94.63,0.59,0.9,32.21,1000.98,9518.18,1,3.9,6200.0,1.787,PM2.5-1HR
951,ESP_ES1438A,2025-03-14,4.38,8.7,91.17,0.59,1.25,10.09,1000.03,28106.79,2,5.3,6200.0,0.035,PM2.5-1HR
951,ESP_ES1814A,2025-03-15,9.08,8.66,72.96,0.07,1.4,266.12,1009.22,7031.03,4,8.1,6200.0,0.106,PM2.5-1HR
951,ESP_ES1339A,2025-03-15,5.23,9.51,68,0.13,2.22,271.34,1009.47,10900.91,2,5.3,6200.0,1.098,PM2.5-1HR
951,ESP_ES1397A,2025-03-15,5.42,5.65,81.5,0.14,1.28,265.5,1009.47,9518.18,1,3.9,6200.0,1.787,PM2.5-1HR
951,ESP_ES1438A,2025-03-15,8.39,9.56,74.67,0.05,2.39,257.97,1009.22,28106.79,3,6.7,6200.0,0.035,PM2.5-1HR
951,ESP_ES1814A,2025-03-16,12.28,7.16,78.25,0.08,1.52,359.48,1016.48,7031.03,5,9.5,6200.0,0.106,PM2.5-1HR
951,ESP_ES1339A,2025-03-16,6.42,7.91,72.08,0.25,2.28,40.58,1016.35,10900.91,3,6.7,6200.0,1.098,PM2.5-1HR
951,ESP_ES1397A,2025-03-16,9.07,4.42,83.33,0.18,1.28,66.68,1016.85,9518.18,3,6.7,6200.0,1.787,PM2.5-1HR
951,ESP_ES1438A,2025-03-16,8.45,8.16,78,0.15,1.75,1.33,1016.41,28106.79,4,8.1,6200.0,0.035,PM2.5-1HR
951,ESP_ES1814A,2025-03-17,10.43,7.97,81.46,0.05,1.32,277.96,1018.26,7031.03,6,10.9,6200.0,0.106,PM2.5-1HR
951,ESP_ES1339A,2025-03-17,5.73,8.61,76.63,0,1.94,21.96,1018.31,10900.91,4,8.1,6200.0,1.098,PM2.5-1HR
951,ESP_ES1397A,2025-03-17,6.64,6.38,79.17,0.07,0.96,178.99,1018.28,9518.18,1,3.9,6200.0,1.787,PM2.5-1HR
951,ESP_ES1438A,2025-03-17,8.47,8.94,80.79,0.03,1.44,277.98,1018.22,28106.79,5,9.5,6200.0,0.035,PM2.5-1HR
951,ESP_ES1814A,2025-03-18,13.9,9.02,76.83,0.01,2.79,55.04,1019.98,7031.03,3,6.7,6200.0,0.106,PM2.5-1HR
951,ESP_ES1339A,2025-03-18,7.82,10.55,77.5,0.11,4.37,46.97,1019.44,10900.91,4,8.1,6200.0,1.098,PM2.5-1HR
951,ESP_ES1397A,2025-03-18,13.57,6.91,81.83,0,2.08,66.23,1020.45,9518.18,3,6.7,6200.0,1.787,PM2.5-1HR
951,ESP_ES1438A,2025-03-18,10.56,10.01,79.63,0.02,3.17,36.7,1019.83,28106.79,4,8.1,6200.0,0.035,PM2.5-1HR
951,ESP_ES1339A,2025-03-19,12.24,12.51,93.38,0.8,4.89,68.6,1022.48,10900.91,6,10.9,6200.0,1.098,PM2.5-1HR
951,ESP_ES1397A,2025-03-19,4.72,9.66,94.96,0.74,2.28,55.57,1024.13,9518.18,1,3.9,6200.0,1.787,PM2.5-1HR
951,ESP_ES1438A,2025-03-19,13.58,12.66,94.17,0.92,4.66,87.19,1023.12,28106.79,8,13.7,6200.0,0.035,PM2.5-1HR
951,ESP_ES1814A,2025-03-19,13.62,11.48,95.33,1.26,3.84,77.14,1023.53,7031.03,5,9.5,6200.0,0.106,PM2.5-1HR
951,ESP_ES1339A,2025-03-20,12.96,14.04,90.71,0.01,6.68,62.7,1021.01,10900.91,7,12.3,6200.0,1.098,PM2.5-1HR
951,ESP_ES1397A,2025-03-20,4.69,11.43,91.42,0,3.27,56.75,1023.26,9518.18,1,3.9,6200.0,1.787,PM2.5-1HR
951,ESP_ES1438A,2025-03-20,15.45,13.85,92.04,0.07,5.58,68.23,1022.08,28106.79,7,12.3,6200.0,0.035,PM2.5-1HR
951,ESP_ES1814A,2025-03-20,11.32,13.31,88.75,0.13,4.28,64.13,1022.42,7031.03,2,5.3,6200.0,0.106,PM2.5-1HR
951,ESP_ES1339A,2025-03-21,14.9,13.98,87.29,0.3,4.88,90.67,1010.95,10900.91,7,12.3,6200.0,1.098,PM2.5-1HR
951,ESP_ES1397A,2025-03-21,9.69,10.92,95.04,0.74,3.33,63.54,1012.29,9518.18,1,3.9,6200.0,1.787,PM2.5-1HR
951,ESP_ES1438A,2025-03-21,19.88,14.03,88.54,0.28,4.53,101.23,1011.46,28106.79,6,10.9,6200.0,0.035,PM2.5-1HR
951,ESP_ES1814A,2025-03-21,17.5,13.21,88.08,0.36,3.41,52.97,1011.72,7031.03,3,6.7,6200.0,0.106,PM2.5-1HR
951,ESP_ES1339A,2025-03-22,9.49,13.07,71.58,0.04,2.55,258.85,1006,10900.91,5,9.5,6200.0,1.098,PM2.5-1HR
951,ESP_ES1397A,2025-03-22,9.38,9.34,79,0.03,2.74,250.5,1005.79,9518.18,1,3.9,6200.0,1.787,PM2.5-1HR
951,ESP_ES1438A,2025-03-22,14.31,12.12,76.79,0.06,2.12,257.82,1005.81,28106.79,4,8.1,6200.0,0.035,PM2.5-1HR
951,ESP_ES1814A,2025-03-22,13,11.46,74.75,0.05,2.35,297.07,1005.85,7031.03,2,5.3,6200.0,0.106,PM2.5-1HR
951,ESP_ES1339A,2025-03-23,4.2,10.37,82.54,0.5,2.25,23.86,1006.27,10900.91,1,3.9,6200.0,1.098,PM2.5-1HR
951,ESP_ES1397A,2025-03-23,6.72,6.95,89.58,0.37,1.82,57.96,1007.1,9518.18,1,3.9,6200.0,1.787,PM2.5-1HR
951,ESP_ES1438A,2025-03-23,6.04,10.41,84.5,0.58,2.64,17.05,1006.39,28106.79,3,6.7,6200.0,0.035,PM2.5-1HR
951,ESP_ES1814A,2025-03-23,8.61,9.43,82.83,0.27,2.09,30.34,1006.5,7031.03,3,6.7,6200.0,0.106,PM2.5-1HR
951,ESP_ES1339A,2025-03-24,3.32,10.67,78.75,0.04,2.24,32,1013.11,10900.91,2,5.3,6200.0,1.098,PM2.5-1HR
951,ESP_ES1397A,2025-03-24,8.88,6.88,89.42,0.28,1.23,95.15,1013.53,9518.18,1,3.9,6200.0,1.787,PM2.5-1HR
951,ESP_ES1438A,2025-03-24,3.88,10.2,82.92,0.18,1.31,290.14,1013.17,28106.79,2,5.3,6200.0,0.035,PM2.5-1HR
951,ESP_ES1814A,2025-03-24,13.46,9.38,83.17,0.33,1.07,329.77,1013.27,7031.03,3,6.7,6200.0,0.106,PM2.5-1HR
951,ESP_ES1339A,2025-03-25,5.91,11.33,86.42,0.02,1.99,324.49,1019.43,10900.91,3,6.7,6200.0,1.098,PM2.5-1HR
951,ESP_ES1397A,2025-03-25,11.27,8.05,86.96,0.12,0.93,355.71,1019.7,9518.18,3,6.7,6200.0,1.787,PM2.5-1HR
951,ESP_ES1438A,2025-03-25,9.91,11.69,82,0.01,1.48,264.32,1019.15,28106.79,7,12.3,6200.0,0.035,PM2.5-1HR
951,ESP_ES1814A,2025-03-25,17.12,10.48,81.96,0.04,1.46,294.59,1019.17,7031.03,7,12.3,6200.0,0.106,PM2.5-1HR
951,ESP_ES1339A,2025-03-26,5.95,12.15,78.83,0.01,2.27,52.91,1017.83,10900.91,3,6.7,6200.0,1.098,PM2.5-1HR
951,ESP_ES1397A,2025-03-26,9.31,9.03,78.17,0,0.97,82.63,1017.95,9518.18,2,5.3,6200.0,1.787,PM2.5-1HR
951,ESP_ES1438A,2025-03-26,10.87,11.83,84.25,0,1.57,297.09,1017.81,28106.79,6,10.9,6200.0,0.035,PM2.5-1HR
951,ESP_ES1814A,2025-03-26,16.88,11.16,80.17,0,1.46,350.16,1017.82,7031.03,6,10.9,6200.0,0.106,PM2.5-1HR
951,ESP_ES1339A,2025-03-27,8.7,11.73,78.08,0,2.38,299.86,1015.33,10900.91,6,10.9,6200.0,1.098,PM2.5-1HR
951,ESP_ES1397A,2025-03-27,11.57,9.45,78.96,0.03,0.63,50.44,1015.29,9518.18,5,9.5,6200.0,1.787,PM2.5-1HR
951,ESP_ES1438A,2025-03-27,12.84,12.26,82.17,0,1.87,241.18,1015.28,28106.79,7,12.3,6200.0,0.035,PM2.5-1HR
951,ESP_ES1814A,2025-03-27,18.56,11.16,81.17,0.03,1.44,31.31,1015.35,7031.03,12,19.3,6200.0,0.106,PM2.5-1HR
951,ESP_ES1339A,2025-03-28,9.58,13.43,73.5,0.01,2.09,329.97,1013.36,10900.91,3,6.7,6200.0,1.098,PM2.5-1HR
951,ESP_ES1397A,2025-03-28,12.56,9.81,78.63,0.04,1.08,28.01,1013.51,9518.18,6,10.9,6200.0,1.787,PM2.5-1HR
951,ESP_ES1438A,2025-03-28,13.82,12.48,83.46,0.05,1.71,14.3,1013.45,28106.79,8,13.7,6200.0,0.035,PM2.5-1HR
951,ESP_ES1814A,2025-03-28,16.81,11.39,80.42,0.02,1.34,350.04,1013.57,7031.03,11,17.9,6200.0,0.106,PM2.5-1HR
951,ESP_ES1339A,2025-03-29,2.31,13.16,44.71,0,5.41,323.73,1013.78,10900.91,1,3.9,6200.0,1.098,PM2.5-1HR
951,ESP_ES1397A,2025-03-29,6.65,8.42,55.13,0,2.55,297.33,1013.48,9518.18,1,3.9,6200.0,1.787,PM2.5-1HR
951,ESP_ES1438A,2025-03-29,5.52,12.45,51.5,0,3.89,319.96,1013.06,28106.79,2,5.3,6200.0,0.035,PM2.5-1HR
951,ESP_ES1814A,2025-03-29,11.45,10.82,52.38,0,3.02,327.17,1013.08,7031.03,1,3.9,6200.0,0.106,PM2.5-1HR
951,ESP_ES1339A,2025-03-30,4.67,13.77,55,0,2.16,278.68,1017.9,10900.91,2,5.3,6200.0,1.098,PM2.5-1HR
951,ESP_ES1397A,2025-03-30,6.54,10.4,55.26,0,1.43,273.04,1018.19,9518.18,1,3.9,6200.0,1.787,PM2.5-1HR
951,ESP_ES1438A,2025-03-30,5.06,12.27,61.26,0,2.91,298.57,1017.79,28106.79,3,6.7,6200.0,0.035,PM2.5-1HR
951,ESP_ES1814A,2025-03-30,8.31,11.61,58.3,0,2.17,320.12,1017.79,7031.03,4,8.1,6200.0,0.106,PM2.5-1HR
951,ESP_ES1339A,2025-03-31,5.41,12.93,69.96,0,1.91,40.18,1016.6,10900.91,3,6.7,6200.0,1.098,PM2.5-1HR
951,ESP_ES1397A,2025-03-31,9.95,12.61,60.71,0,0.75,150.68,1016.65,9518.18,1,3.9,6200.0,1.787,PM2.5-1HR
951,ESP_ES1438A,2025-03-31,7.57,12.99,71.96,0,1.83,322.84,1016.52,28106.79,3,6.7,6200.0,0.035,PM2.5-1HR
951,ESP_ES1814A,2025-03-31,14.23,12.48,70.71,0,1.77,356.98,1016.43,7031.03,7,12.3,6200.0,0.106,PM2.5-1HR
951,ESP_ES1339A,2025-04-01,6.77,13.16,66.63,0,2.3,60.69,1011.43,10900.91,4,8.1,6200.0,1.098,PM2.5-1HR
951,ESP_ES1814A,2025-04-01,13.43,12.44,63.96,0,1.48,83.69,1011.55,7031.03,7,12.3,6200.0,0.106,PM2.5-1HR
951,ESP_ES1397A,2025-04-01,10.65,12.14,69.79,0,1.47,88.64,1011.17,9518.18,5,9.5,6200.0,1.787,PM2.5-1HR
951,ESP_ES1438A,2025-04-01,10.4,12.39,75.38,0,1.81,37.54,1011.56,28106.79,7,12.3,6200.0,0.035,PM2.5-1HR
951,ESP_ES1339A,2025-04-02,5.54,12.55,84.42,0.2,4.35,89.8,1010.19,10900.91,4,8.1,6200.0,1.098,PM2.5-1HR
951,ESP_ES1397A,2025-04-02,4.72,9.69,83.25,0.22,2.18,77.06,1011.56,9518.18,2,5.3,6200.0,1.787,PM2.5-1HR
951,ESP_ES1438A,2025-04-02,6.67,13.03,81.25,0.09,3.65,99.47,1010.77,28106.79,5,9.5,6200.0,0.035,PM2.5-1HR
951,ESP_ES1814A,2025-04-02,7.14,11.75,80.46,0.2,2.98,84.98,1011.17,7031.03,6,10.9,6200.0,0.106,PM2.5-1HR
951,ESP_ES1339A,2025-04-03,5.91,13.79,78.83,0,5.77,65.03,1016.3,10900.91,3,6.7,6200.0,1.098,PM2.5-1HR
951,ESP_ES1397A,2025-04-03,5.85,10.88,79.38,0,2.48,64.4,1017.82,9518.18,2,5.3,6200.0,1.787,PM2.5-1HR
951,ESP_ES1438A,2025-04-03,7.08,13.7,80.46,0,4.29,65.61,1017.05,28106.79,6,10.9,6200.0,0.035,PM2.5-1HR
951,ESP_ES1814A,2025-04-03,8.24,13.15,75.21,0,3.3,69.77,1017.27,7031.03,4,8.1,6200.0,0.106,PM2.5-1HR
951,ESP_ES1339A,2025-04-04,6.46,15.04,66.79,0,6.63,60.85,1013.14,10900.91,3,6.7,6200.0,1.098,PM2.5-1HR
951,ESP_ES1397A,2025-04-04,6.72,11.54,73.54,0,3.36,65.07,1014.89,9518.18,3,6.7,6200.0,1.787,PM2.5-1HR
951,ESP_ES1438A,2025-04-04,6.96,15.18,66.08,0,5.66,65.35,1013.87,28106.79,4,8.1,6200.0,0.035,PM2.5-1HR
951,ESP_ES1814A,2025-04-04,8.07,15.13,59.29,0,4.14,68.45,1013.99,7031.03,5,9.5,6200.0,0.106,PM2.5-1HR
951,ESP_ES1339A,2025-04-05,8.86,14.75,81.96,0,2.06,261.1,1012.01,10900.91,5,9.5,6200.0,1.098,PM2.5-1HR
951,ESP_ES1397A,2025-04-05,11.92,11.43,82.42,0.4,0.87,65.39,1012.18,9518.18,4,8.1,6200.0,1.787,PM2.5-1HR
951,ESP_ES1438A,2025-04-05,13.43,15.1,80.83,0.01,1.95,113.33,1011.87,28106.79,9,15.1,6200.0,0.035,PM2.5-1HR
951,ESP_ES1814A,2025-04-05,15.88,14.57,77.54,0.1,1.24,319.82,1011.92,7031.03,10,16.5,6200.0,0.106,PM2.5-1HR
951,ESP_ES1339A,2025-04-06,5.53,16.04,76.42,0,2.4,290.66,1011.37,10900.91,3,6.7,6200.0,1.098,PM2.5-1HR
951,ESP_ES1397A,2025-04-06,15.97,13.06,75.96,0,1.34,248.99,1011.9,9518.18,8,13.7,6200.0,1.787,PM2.5-1HR
951,ESP_ES1438A,2025-04-06,11.66,16.84,72.54,0,2.46,267.44,1010.89,28106.79,5,9.5,6200.0,0.035,PM2.5-1HR
951,ESP_ES1814A,2025-04-06,17.69,16.5,65.92,0,1.72,306.88,1010.93,7031.03,11,17.9,6200.0,0.106,PM2.5-1HR
951,ESP_ES1339A,2025-04-07,8.32,15.41,72.38,0,2.41,47.09,1016.74,10900.91,4,8.1,6200.0,1.098,PM2.5-1HR
951,ESP_ES1397A,2025-04-07,12.54,13.84,71.71,0.03,1.43,139.62,1016.61,9518.18,6,10.9,6200.0,1.787,PM2.5-1HR
951,ESP_ES1438A,2025-04-07,11.65,14.93,79.54,0,1.83,250.5,1016.57,28106.79,8,13.7,6200.0,0.035,PM2.5-1HR
951,ESP_ES1814A,2025-04-07,17.24,14.98,74.92,0.03,1.36,275.89,1016.57,7031.03,12,19.3,6200.0,0.106,PM2.5-1HR
951,ESP_ES1339A,2025-04-08,11.11,14.1,76.54,0,1.54,59.41,1022.41,10900.91,8,13.7,6200.0,1.098,PM2.5-1HR
951,ESP_ES1397A,2025-04-08,17.29,13.59,82.25,0,1.28,207.76,1022.05,9518.18,13,20.7,6200.0,1.787,PM2.5-1HR
951,ESP_ES1438A,2025-04-08,17.31,13.79,84.58,0,1.6,171.78,1022.33,28106.79,11,17.9,6200.0,0.035,PM2.5-1HR
951,ESP_ES1814A,2025-04-08,20.29,13.72,80.38,0,1.37,19.81,1022.31,7031.03,12,19.3,6200.0,0.106,PM2.5-1HR
951,ESP_ES1339A,2025-04-09,9.45,13.99,84.46,0,1.59,63.53,1019.78,10900.91,6,10.9,6200.0,1.098,PM2.5-1HR
951,ESP_ES1397A,2025-04-09,16.91,13.32,83.58,0.17,0.91,76.57,1019.45,9518.18,9,15.1,6200.0,1.787,PM2.5-1HR
951,ESP_ES1438A,2025-04-09,14.06,13.8,89.88,0,1.64,205.7,1019.72,28106.79,10,16.5,6200.0,0.035,PM2.5-1HR
951,ESP_ES1814A,2025-04-09,22.26,13.81,82.46,0,1.24,57.33,1019.7,7031.03,12,19.3,6200.0,0.106,PM2.5-1HR
951,ESP_ES1339A,2025-04-10,8.74,14.68,84.71,0,2.95,74.07,1021.15,10900.91,7,12.3,6200.0,1.098,PM2.5-1HR
951,ESP_ES1397A,2025-04-10,12.08,13.95,82.75,0.01,1.26,110.2,1021.01,9518.18,6,10.9,6200.0,1.787,PM2.5-1HR
951,ESP_ES1438A,2025-04-10,9,14.61,88.42,0,1.92,77.34,1021.35,28106.79,8,13.7,6200.0,0.035,PM2.5-1HR
951,ESP_ES1814A,2025-04-10,15.43,14.23,86.79,0.03,1.52,94.73,1021.37,7031.03,12,19.3,6200.0,0.106,PM2.5-1HR
951,ESP_ES1339A,2025-04-11,10.17,14.24,79.42,0.06,2.72,57.29,1019.99,10900.91,7,12.3,6200.0,1.098,PM2.5-1HR
951,ESP_ES1397A,2025-04-11,15.43,13.11,78.54,0,1.15,211.07,1019.98,9518.18,7,12.3,6200.0,1.787,PM2.5-1HR
951,ESP_ES1438A,2025-04-11,13.6,13.4,88.67,0.1,1.43,53.04,1020.22,28106.79,9,15.1,6200.0,0.035,PM2.5-1HR
951,ESP_ES1814A,2025-04-11,17.67,13.2,85.42,0.04,1.41,69.29,1020.22,7031.03,7,12.3,6200.0,0.106,PM2.5-1HR
951,ESP_ES1339A,2025-04-12,10.19,14.65,78.25,0,2.42,58.06,1012.22,10900.91,7,12.3,6200.0,1.098,PM2.5-1HR
951,ESP_ES1397A,2025-04-12,12.07,14.02,75.21,0,1.3,183.59,1011.95,9518.18,8,13.7,6200.0,1.787,PM2.5-1HR
951,ESP_ES1438A,2025-04-12,12.7,14.44,86.71,0,1.46,74.15,1012.18,28106.79,10,16.5,6200.0,0.035,PM2.5-1HR
951,ESP_ES1814A,2025-04-12,15.75,14.59,78.58,0,1.16,70.13,1012.22,7031.03,11,17.9,6200.0,0.106,PM2.5-1HR
951,ESP_ES1339A,2025-04-13,11.57,14.88,86.79,0,1.45,68.38,1009.59,10900.91,8,13.7,6200.0,1.098,PM2.5-1HR
951,ESP_ES1397A,2025-04-13,12.5,14.12,88.58,0.21,1.1,116.34,1009.67,9518.18,3,6.7,6200.0,1.787,PM2.5-1HR
951,ESP_ES1438A,2025-04-13,15.99,15.12,88.58,0,1.33,116.75,1009.59,28106.79,9,15.1,6200.0,0.035,PM2.5-1HR
951,ESP_ES1814A,2025-04-13,18.46,14.77,84.13,0.02,1.21,71.81,1009.63,7031.03,13,20.7,6200.0,0.106,PM2.5-1HR
951,ESP_ES1339A,2025-04-14,6.24,15.22,87.17,0,2.05,104.16,1007.53,10900.91,4,8.1,6200.0,1.098,PM2.5-1HR
951,ESP_ES1397A,2025-04-14,5.9,13.37,90.13,0.57,1.35,202.69,1007.43,9518.18,3,6.7,6200.0,1.787,PM2.5-1HR
951,ESP_ES1438A,2025-04-14,7.93,15.28,89.13,0,1.63,116.39,1007.4,28106.79,6,10.9,6200.0,0.035,PM2.5-1HR
951,ESP_ES1814A,2025-04-14,11.83,14.73,88.04,0.2,1.09,207.51,1007.45,7031.03,8,13.7,6200.0,0.106,PM2.5-1HR
951,ESP_ES1339A,2025-04-15,7.44,15.14,81.04,0.05,2.04,254.25,1002.35,10900.91,1,3.9,6200.0,1.098,PM2.5-1HR
951,ESP_ES1397A,2025-04-15,7.19,12.28,87.83,0.31,1.72,222.92,1002.59,9518.18,1,3.9,6200.0,1.787,PM2.5-1HR
951,ESP_ES1438A,2025-04-15,10.37,15.72,83.46,0.04,1.96,220.57,1002.23,28106.79,2,5.3,6200.0,0.035,PM2.5-1HR
951,ESP_ES1814A,2025-04-15,11.25,14.84,79.67,0.05,1.43,279.16,1002.33,7031.03,2,5.3,6200.0,0.106,PM2.5-1HR
951,ESP_ES1339A,2025-04-16,2.96,11.43,76,0.34,2.03,23.52,1008.56,10900.91,1,3.9,6200.0,1.098,PM2.5-1HR
951,ESP_ES1397A,2025-04-16,3.53,8.72,87.38,0.32,1.3,97.43,1008.69,9518.18,2,5.3,6200.0,1.787,PM2.5-1HR
951,ESP_ES1438A,2025-04-16,3.68,12.13,81,0.3,1.9,303.07,1008.35,28106.79,1,3.9,6200.0,0.035,PM2.5-1HR
951,ESP_ES1814A,2025-04-16,5.96,10.76,81.5,0.24,1.48,322.45,1008.48,7031.03,2,5.3,6200.0,0.106,PM2.5-1HR
951,ESP_ES1339A,2025-04-17,2.7,14.5,46.58,0,4.76,286.43,1012.05,10900.91,1,3.9,6200.0,1.098,PM2.5-1HR
951,ESP_ES1397A,2025-04-17,4.08,8.83,73.54,0,1.65,334.75,1012.03,9518.18,1,3.9,6200.0,1.787,PM2.5-1HR
951,ESP_ES1438A,2025-04-17,4.31,12.8,66.96,0,2.37,276.35,1011.66,28106.79,2,5.3,6200.0,0.035,PM2.5-1HR
951,ESP_ES1814A,2025-04-17,6.9,11.23,70.96,0,1.78,347.74,1011.7,7031.03,3,6.7,6200.0,0.106,PM2.5-1HR
951,ESP_ES1339A,2025-04-18,5.87,14.28,70.38,0,2.69,85.31,1014.23,10900.91,3,6.7,6200.0,1.098,PM2.5-1HR
951,ESP_ES1397A,2025-04-18,6.17,10.77,77.29,0,2.01,196.75,1014.23,9518.18,1,3.9,6200.0,1.787,PM2.5-1HR
951,ESP_ES1438A,2025-04-18,7.29,13.92,77.71,0,2.09,71.18,1014.34,28106.79,4,8.1,6200.0,0.035,PM2.5-1HR
951,ESP_ES1814A,2025-04-18,10.98,13.04,74.38,0,1.53,72.81,1014.42,7031.03,6,10.9,6200.0,0.106,PM2.5-1HR
951,ESP_ES1339A,2025-04-19,5.75,14.98,79.33,0.19,3.05,73.84,1005.51,10900.91,1,3.9,6200.0,1.098,PM2.5-1HR
951,ESP_ES1397A,2025-04-19,6.54,10.17,84.54,0.49,2.46,264.49,1005.79,9518.18,1,3.9,6200.0,1.787,PM2.5-1HR
951,ESP_ES1438A,2025-04-19,7.32,15.35,79.54,0.05,2.64,218.53,1005.57,28106.79,2,5.3,6200.0,0.035,PM2.5-1HR
951,ESP_ES1814A,2025-04-19,10.58,13.9,77.54,0.41,2.49,329.71,1005.69,7031.03,1,3.9,6200.0,0.106,PM2.5-1HR
951,ESP_ES1339A,2025-04-20,3.12,13,64.96,0,2.02,30.79,1009.17,10900.91,2,5.3,6200.0,1.098,PM2.5-1HR
951,ESP_ES1397A,2025-04-20,2.95,9.18,73,0,1.97,239.33,1009.14,9518.18,1,3.9,6200.0,1.787,PM2.5-1HR
951,ESP_ES1438A,2025-04-20,2.82,12.97,69.25,0,2.21,246.87,1009.02,28106.79,1,3.9,6200.0,0.035,PM2.5-1HR
951,ESP_ES1814A,2025-04-20,4.92,12.13,67.38,0.02,1.87,290.46,1008.99,7031.03,2,5.3,6200.0,0.106,PM2.5-1HR
951,ESP_ES1339A,2025-04-21,3.33,13.63,73.46,0,2.36,244.32,1015.71,10900.91,2,5.3,6200.0,1.098,PM2.5-1HR
951,ESP_ES1397A,2025-04-21,4.54,10.85,76.08,0,1.55,258.19,1015.27,9518.18,1,3.9,6200.0,1.787,PM2.5-1HR
951,ESP_ES1438A,2025-04-21,4.37,13.8,76.25,0.01,2.35,232.54,1015.59,28106.79,4,8.1,6200.0,0.035,PM2.5-1HR
951,ESP_ES1814A,2025-04-21,6.7,12.71,75.38,0,1.89,261.88,1015.61,7031.03,5,9.5,6200.0,0.106,PM2.5-1HR
951,ESP_ES1339A,2025-04-22,2.87,14.92,77.83,0.02,1.73,58.95,1018.18,10900.91,2,5.3,6200.0,1.098,PM2.5-1HR
951,ESP_ES1397A,2025-04-22,8.07,11.8,84.92,0.35,1.09,75.38,1018.49,9518.18,2,5.3,6200.0,1.787,PM2.5-1HR
951,ESP_ES1438A,2025-04-22,5.88,15.15,78.83,0,1.64,207.19,1018.09,28106.79,3,6.7,6200.0,0.035,PM2.5-1HR
951,ESP_ES1814A,2025-04-22,8.66,14.4,74.79,0.06,1.3,3.91,1018.17,7031.03,3,6.7,6200.0,0.106,PM2.5-1HR
951,ESP_ES1339A,2025-04-23,3.81,15.06,68.54,0,2.78,272.18,1020.16,10900.91,2,5.3,6200.0,1.098,PM2.5-1HR
951,ESP_ES1397A,2025-04-23,6.27,12.05,83,0,1.35,249.49,1020.21,9518.18,2,5.3,6200.0,1.787,PM2.5-1HR
951,ESP_ES1438A,2025-04-23,7.03,15.12,77.96,0,2.21,233.69,1019.98,28106.79,5,9.5,6200.0,0.035,PM2.5-1HR
951,ESP_ES1814A,2025-04-23,8.98,14.58,77.58,0,1.46,314.76,1020,7031.03,4,8.1,6200.0,0.106,PM2.5-1HR
951,ESP_ES1339A,2025-04-24,5.45,15.26,74.71,0,2.41,64.01,1018.6,10900.91,2,5.3,6200.0,1.098,PM2.5-1HR
951,ESP_ES1397A,2025-04-24,7.79,13.67,81.63,0,1.59,74.76,1018.29,9518.18,2,5.3,6200.0,1.787,PM2.5-1HR
951,ESP_ES1438A,2025-04-24,6.49,14.88,80.63,0.01,1.97,67.35,1018.68,28106.79,4,8.1,6200.0,0.035,PM2.5-1HR
951,ESP_ES1814A,2025-04-24,10.89,13.88,82.21,0,1.79,289.41,1018.75,7031.03,6,10.9,6200.0,0.106,PM2.5-1HR
951,ESP_ES1339A,2025-04-25,5.71,15.6,81.63,0,1.97,115.45,1016.2,10900.91,4,8.1,6200.0,1.098,PM2.5-1HR
951,ESP_ES1397A,2025-04-25,14.83,15.5,81.38,0.01,1.06,212.71,1015.69,9518.18,9,15.1,6200.0,1.787,PM2.5-1HR
951,ESP_ES1438A,2025-04-25,11.52,15.51,81.54,0,1.73,152.35,1016.1,28106.79,8,13.7,6200.0,0.035,PM2.5-1HR
951,ESP_ES1814A,2025-04-25,16.18,14.82,82.88,0,1.13,76.8,1016.15,7031.03,13,20.7,6200.0,0.106,PM2.5-1HR
951,ESP_ES1339A,2025-04-26,6.56,15.58,77.58,0.06,2.25,33.42,1015.09,10900.91,3,6.7,6200.0,1.098,PM2.5-1HR
951,ESP_ES1397A,2025-04-26,10.92,12.96,92.04,1.45,1.16,312.41,1015.15,9518.18,2,5.3,6200.0,1.787,PM2.5-1HR
951,ESP_ES1438A,2025-04-26,9.2,15.62,78.46,0.36,1.79,195.91,1014.99,28106.79,6,10.9,6200.0,0.035,PM2.5-1HR
951,ESP_ES1814A,2025-04-26,14.19,14.62,82.08,0.81,1.35,195.07,1015.05,7031.03,7,12.3,6200.0,0.106,PM2.5-1HR
951,ESP_ES1339A,2025-04-27,2.46,15.1,73.83,0.01,1.73,82.12,1019.9,10900.91,1,3.9,6200.0,1.098,PM2.5-1HR
951,ESP_ES1397A,2025-04-27,5.91,13.17,80.5,0.02,0.8,13.68,1019.96,9518.18,1,3.9,6200.0,1.787,PM2.5-1HR
951,ESP_ES1438A,2025-04-27,5.29,14.81,83.29,0.32,1.42,251.8,1019.76,28106.79,3,6.7,6200.0,0.035,PM2.5-1HR
951,ESP_ES1814A,2025-04-27,7.41,14.07,79.71,0.09,1.29,310.21,1019.83,7031.03,4,8.1,6200.0,0.106,PM2.5-1HR
951,ESP_ES1339A,2025-04-28,3.29,16.56,63.38,0,2.58,57.7,1022.08,10900.91,2,5.3,6200.0,1.098,PM2.5-1HR
951,ESP_ES1397A,2025-04-28,5.63,12.8,79.92,0.3,0.81,59.49,1022.53,9518.18,3,6.7,6200.0,1.787,PM2.5-1HR
951,ESP_ES1438A,2025-04-28,6.91,15.76,77.71,0,1.76,66.97,1022.1,28106.79,2,5.3,6200.0,0.035,PM2.5-1HR
951,ESP_ES1814A,2025-04-28,11.29,14.8,76.54,0.07,1.44,69.35,1022.19,7031.03,6,10.9,6200.0,0.106,PM2.5-1HR
951,ESP_ES1339A,2025-04-29,8.66,16.43,72.29,0,3.16,65.44,1021.22,10900.91,5,9.5,6200.0,1.098,PM2.5-1HR
951,ESP_ES1397A,2025-04-29,6.64,13.12,81.67,0.01,1.44,80.78,1021.59,9518.18,3,6.7,6200.0,1.787,PM2.5-1HR
951,ESP_ES1438A,2025-04-29,11.03,15.5,79.79,0,1.87,51.24,1021.43,28106.79,7,12.3,6200.0,0.035,PM2.5-1HR
951,ESP_ES1814A,2025-04-29,10.64,14.82,77.71,0.01,1.61,61.96,1021.51,7031.03,5,9.5,6200.0,0.106,PM2.5-1HR
951,ESP_ES1339A,2025-04-30,6.99,17.02,64.92,0,4.5,61.72,1019.82,10900.91,4,8.1,6200.0,1.098,PM2.5-1HR
951,ESP_ES1397A,2025-04-30,7.28,13.14,78.17,0,1.85,80.02,1020.5,9518.18,1,3.9,6200.0,1.787,PM2.5-1HR
951,ESP_ES1438A,2025-04-30,8.25,16.6,69.83,0,3.01,62.94,1020.19,28106.79,6,10.9,6200.0,0.035,PM2.5-1HR
951,ESP_ES1814A,2025-04-30,8.79,15.37,70.17,0,2.16,60.48,1020.29,7031.03,3,6.7,6200.0,0.106,PM2.5-1HR
951,ESP_ES1339A,2025-05-01,6.79,18.4,55.04,0.01,5.4,50.35,1018.28,10900.91,5,9.5,6200.0,1.098,PM2.5-1HR
951,ESP_ES1397A,2025-05-01,8.37,14.18,72.04,0.01,1.3,77.19,1019.72,9518.18,4,8.1,6200.0,1.787,PM2.5-1HR
951,ESP_ES1438A,2025-05-01,7.7,17.75,60.21,0.03,3.34,50.78,1018.98,28106.79,5,9.5,6200.0,0.035,PM2.5-1HR
951,ESP_ES1814A,2025-05-01,9.03,17.11,57.42,0,2.6,50.2,1019.18,7031.03,7,12.3,6200.0,0.106,PM2.5-1HR
951,ESP_ES1339A,2025-05-02,8.46,17.8,65.04,0.3,5.26,51.87,1016.91,10900.91,7,12.3,6200.0,1.098,PM2.5-1HR
951,ESP_ES1397A,2025-05-02,11.45,13.63,81.29,0.08,1.52,68.85,1018.41,9518.18,6,10.9,6200.0,1.787,PM2.5-1HR
951,ESP_ES1438A,2025-05-02,10.12,17.62,65.83,0.5,3.64,60.99,1017.62,28106.79,8,13.7,6200.0,0.035,PM2.5-1HR
951,ESP_ES1814A,2025-05-02,12.53,16.85,64.88,0.29,2.68,49.77,1017.86,7031.03,8,13.7,6200.0,0.106,PM2.5-1HR
951,ESP_ES1339A,2025-05-03,11.16,18.81,72.75,0.03,2.95,94.31,1013.92,10900.91,9,15.1,6200.0,1.098,PM2.5-1HR
951,ESP_ES1397A,2025-05-03,17.71,16.25,84.79,0.08,1.24,110.14,1014.73,9518.18,12,19.3,6200.0,1.787,PM2.5-1HR
951,ESP_ES1438A,2025-05-03,14.92,18.81,75.25,0.01,1.95,101.77,1013.97,28106.79,10,16.5,6200.0,0.035,PM2.5-1HR
951,ESP_ES1814A,2025-05-03,25.91,18.87,74.88,0.03,1.29,33.28,1014.08,7031.03,11,17.9,6200.0,0.106,PM2.5-1HR
951,ESP_ES1339A,2025-05-04,10.73,18.18,81.83,0.23,2.32,239.95,1008.85,10900.91,4,8.1,6200.0,1.098,PM2.5-1HR
951,ESP_ES1397A,2025-05-04,10.66,15.66,82.17,0.03,1.93,217.84,1008.82,9518.18,2,5.3,6200.0,1.787,PM2.5-1HR
951,ESP_ES1438A,2025-05-04,13.96,18.37,83.38,0.15,1.97,212.69,1008.58,28106.79,3,6.7,6200.0,0.035,PM2.5-1HR
951,ESP_ES1814A,2025-05-04,23.78,17.7,79.5,0.32,1.6,306.78,1008.63,7031.03,4,8.1,6200.0,0.106,PM2.5-1HR
951,ESP_ES1339A,2025-05-05,3.29,16.76,72.17,0.2,1.97,310.85,1007.23,10900.91,2,5.3,6200.0,1.098,PM2.5-1HR
951,ESP_ES1397A,2025-05-05,4.67,12.48,90.42,0.5,0.94,63.43,1007.68,9518.18,1,3.9,6200.0,1.787,PM2.5-1HR
951,ESP_ES1438A,2025-05-05,5.21,15.71,84.29,0.32,1.25,43.69,1007.35,28106.79,3,6.7,6200.0,0.035,PM2.5-1HR
951,ESP_ES1814A,2025-05-05,7.17,14.48,83.83,0.73,0.9,331.1,1007.45,7031.03,4,8.1,6200.0,0.106,PM2.5-1HR
951,ESP_ES1339A,2025-05-06,4.35,14.1,78.25,0.33,2.44,124.42,1012.18,10900.91,3,6.7,6200.0,1.098,PM2.5-1HR
951,ESP_ES1397A,2025-05-06,4.51,10.62,89.25,0.49,1.57,158.64,1012.4,9518.18,1,3.9,6200.0,1.787,PM2.5-1HR
951,ESP_ES1438A,2025-05-06,5.69,13.26,83.92,0.88,2.28,274.82,1012.34,28106.79,3,6.7,6200.0,0.035,PM2.5-1HR
951,ESP_ES1814A,2025-05-06,8.69,12.56,85.83,0.73,1.65,217.24,1012.45,7031.03,5,9.5,6200.0,0.106,PM2.5-1HR
951,ESP_ES1339A,2025-05-07,5.26,13.82,73.46,0,2.3,281.67,1014.91,10900.91,3,6.7,6200.0,1.098,PM2.5-1HR
951,ESP_ES1397A,2025-05-07,5.49,10.53,79.33,0.01,0.98,36.91,1015.05,9518.18,3,6.7,6200.0,1.787,PM2.5-1HR
951,ESP_ES1438A,2025-05-07,5.5,13.45,80.38,0.05,1.79,241.11,1014.9,28106.79,3,6.7,6200.0,0.035,PM2.5-1HR
951,ESP_ES1814A,2025-05-07,10.12,12.66,79.58,0.05,1.83,357.04,1014.94,7031.03,4,8.1,6200.0,0.106,PM2.5-1HR
951,ESP_ES1339A,2025-05-08,4.61,15.39,72.96,0.07,2.28,129.72,1012.59,10900.91,3,6.7,6200.0,1.098,PM2.5-1HR
951,ESP_ES1397A,2025-05-08,9.02,11.28,83.21,0.28,1.08,345.07,1012.81,9518.18,4,8.1,6200.0,1.787,PM2.5-1HR
951,ESP_ES1438A,2025-05-08,6.46,14.76,74.96,0,1.74,236.39,1012.54,28106.79,4,8.1,6200.0,0.035,PM2.5-1HR
951,ESP_ES1814A,2025-05-08,9.95,13.93,73.5,0.05,1.52,67.2,1012.62,7031.03,7,12.3,6200.0,0.106,PM2.5-1HR
951,ESP_ES1339A,2025-05-09,3.91,15.19,87.13,0.29,2.14,81.57,1012.38,10900.91,2,5.3,6200.0,1.098,PM2.5-1HR
951,ESP_ES1397A,2025-05-09,3.95,12.61,86,0.28,1,61.01,1012.59,9518.18,1,3.9,6200.0,1.787,PM2.5-1HR
951,ESP_ES1438A,2025-05-09,5.69,15.16,87.79,0.25,1.5,111.53,1012.58,28106.79,4,8.1,6200.0,0.035,PM2.5-1HR
951,ESP_ES1814A,2025-05-09,9.28,14.23,87.75,0.51,1.43,80.64,1012.73,7031.03,5,9.5,6200.0,0.106,PM2.5-1HR
951,ESP_ES1339A,2025-05-10,22.38,16.34,86.96,0.28,3.7,65.77,1013.86,10900.91,4,8.1,6200.0,1.098,PM2.5-1HR
951,ESP_ES1397A,2025-05-10,6.17,13.88,84.46,0.12,1.25,116.69,1014.56,9518.18,3,6.7,6200.0,1.787,PM2.5-1HR
951,ESP_ES1438A,2025-05-10,6.82,16.12,88.67,0.2,2.5,71.24,1014.2,28106.79,5,9.5,6200.0,0.035,PM2.5-1HR
951,ESP_ES1814A,2025-05-10,9.55,15.62,86.42,0.11,2.15,73.73,1014.4,7031.03,7,12.3,6200.0,0.106,PM2.5-1HR
951,ESP_ES1339A,2025-05-11,4.79,16.62,84.71,0.08,2.27,274.67,1011.39,10900.91,3,6.7,6200.0,1.098,PM2.5-1HR
951,ESP_ES1397A,2025-05-11,4.67,14.55,78.08,0.74,2.56,248.09,1011.16,9518.18,1,3.9,6200.0,1.787,PM2.5-1HR
951,ESP_ES1438A,2025-05-11,4.79,17.32,84.17,0.1,2.01,229.95,1011.1,28106.79,1,3.9,6200.0,0.035,PM2.5-1HR
951,ESP_ES1814A,2025-05-11,7.97,16.68,79.83,0.2,1.7,277.16,1011.17,7031.03,3,6.7,6200.0,0.106,PM2.5-1HR
951,ESP_ES1814A,2025-05-12,9.05,14.13,77.71,0.26,1.52,326.93,1013.77,7031.03,4,8.1,6200.0,0.106,PM2.5-1HR
951,ESP_ES1339A,2025-05-12,4.88,15.86,75.5,0,2.05,80.18,1013.67,10900.91,3,6.7,6200.0,1.098,PM2.5-1HR
951,ESP_ES1397A,2025-05-12,6.48,12.45,77.13,0.01,1.94,153.1,1013.49,9518.18,2,5.3,6200.0,1.787,PM2.5-1HR
951,ESP_ES1438A,2025-05-12,6.08,15.5,81.29,0.33,1.53,201.36,1013.66,28106.79,4,8.1,6200.0,0.035,PM2.5-1HR
951,ESP_ES1814A,2025-05-13,10.96,15,78.79,0.16,1.13,331.8,1014.34,7031.03,5,9.5,6200.0,0.106,PM2.5-1HR
951,ESP_ES1339A,2025-05-13,5.88,16.38,78.58,0,1.6,58.51,1014.21,10900.91,4,8.1,6200.0,1.098,PM2.5-1HR
951,ESP_ES1397A,2025-05-13,8.48,12.6,84.13,0.21,1,139.18,1014.92,9518.18,3,6.7,6200.0,1.787,PM2.5-1HR
951,ESP_ES1438A,2025-05-13,7.46,16.05,82.67,0.02,1.41,203.88,1014.23,28106.79,5,9.5,6200.0,0.035,PM2.5-1HR
951,ESP_ES1814A,2025-05-14,11,15.37,78.67,0.05,1.47,54.15,1015.18,7031.03,6,10.9,6200.0,0.106,PM2.5-1HR
951,ESP_ES1339A,2025-05-14,7.17,16.85,78.88,0.02,2.77,53.07,1014.88,10900.91,6,10.9,6200.0,1.098,PM2.5-1HR
951,ESP_ES1397A,2025-05-14,6.59,13.48,79.71,0.03,1.3,65.68,1015.45,9518.18,2,5.3,6200.0,1.787,PM2.5-1HR
951,ESP_ES1438A,2025-05-14,7.7,16.31,84.33,0.01,1.84,48.88,1015.05,28106.79,6,10.9,6200.0,0.035,PM2.5-1HR
951,ESP_ES1814A,2025-05-15,10.78,16.13,76.63,0.04,1.59,306.44,1013.36,7031.03,4,8.1,6200.0,0.106,PM2.5-1HR
951,ESP_ES1339A,2025-05-15,5.92,17.97,70.13,0,2.28,298.94,1013.32,10900.91,3,6.7,6200.0,1.098,PM2.5-1HR
951,ESP_ES1397A,2025-05-15,7.62,14.27,76.58,0.01,0.92,8.81,1013.75,9518.18,3,6.7,6200.0,1.787,PM2.5-1HR
951,ESP_ES1438A,2025-05-15,8.28,17.17,76.88,0.11,1.44,279.64,1013.27,28106.79,5,9.5,6200.0,0.035,PM2.5-1HR
951,ESP_ES1814A,2025-05-16,13.18,16.56,70.79,0,2.25,290.66,1013.53,7031.03,8,13.7,6200.0,0.106,PM2.5-1HR
951,ESP_ES1339A,2025-05-16,6.7,18.89,62.75,0,3.13,200.27,1013.3,10900.91,3,6.7,6200.0,1.098,PM2.5-1HR
951,ESP_ES1397A,2025-05-16,10.27,14.86,74.38,0.01,1.59,236.8,1013.78,9518.18,6,10.9,6200.0,1.787,PM2.5-1HR
951,ESP_ES1438A,2025-05-16,9.16,17.54,72.92,0,2.83,258.95,1013.34,28106.79,4,8.1,6200.0,0.035,PM2.5-1HR
951,ESP_ES1814A,2025-05-17,13.53,17.07,71.71,0,1.84,84.74,1016.17,7031.03,7,12.3,6200.0,0.106,PM2.5-1HR
951,ESP_ES1339A,2025-05-17,7.71,18.17,66.96,0,2.14,252.15,1016.21,10900.91,6,10.9,6200.0,1.098,PM2.5-1HR
951,ESP_ES1397A,2025-05-17,11.46,15.91,76.54,0.01,1.14,252.45,1016.34,9518.18,6,10.9,6200.0,1.787,PM2.5-1HR
951,ESP_ES1438A,2025-05-17,9.13,17.82,72.54,0,2.04,227.56,1016.06,28106.79,6,10.9,6200.0,0.035,PM2.5-1HR
951,ESP_ES1814A,2025-05-18,10.78,18.1,67.71,0,1.75,264.58,1015.96,7031.03,6,10.9,6200.0,0.106,PM2.5-1HR
951,ESP_ES1339A,2025-05-18,7.47,18.3,73.25,0,2.05,252.84,1016.36,10900.91,5,9.5,6200.0,1.098,PM2.5-1HR
951,ESP_ES1397A,2025-05-18,9.3,16.54,74.08,0,1.85,210.11,1015.98,9518.18,4,8.1,6200.0,1.787,PM2.5-1HR
951,ESP_ES1438A,2025-05-18,8.77,18.49,71.42,0,2.35,224.67,1015.94,28106.79,5,9.5,6200.0,0.035,PM2.5-1HR
951,ESP_ES1814A,2025-05-19,10.89,18.61,60.83,0,2.05,282.56,1013.89,7031.03,6,10.9,6200.0,0.106,PM2.5-1HR
951,ESP_ES1339A,2025-05-19,6.14,19.23,62.75,0,2.26,259.47,1014.06,10900.91,2,5.3,6200.0,1.098,PM2.5-1HR
951,ESP_ES1397A,2025-05-19,8.96,16.53,69.58,0,1.84,237.35,1014.18,9518.18,3,6.7,6200.0,1.787,PM2.5-1HR
951,ESP_ES1438A,2025-05-19,9.32,18.8,68.58,0,2.02,229.51,1013.82,28106.79,4,8.1,6200.0,0.035,PM2.5-1HR
951,ESP_ES1814A,2025-05-20,9.13,17.69,70.04,0.02,1.77,312.92,1015.65,7031.03,5,9.5,6200.0,0.106,PM2.5-1HR
951,ESP_ES1339A,2025-05-20,5.63,20.23,56,0,3.17,268.37,1015.56,10900.91,2,5.3,6200.0,1.098,PM2.5-1HR
951,ESP_ES1397A,2025-05-20,7.28,15.92,79.83,0.02,1.32,178.52,1015.93,9518.18,3,6.7,6200.0,1.787,PM2.5-1HR
951,ESP_ES1438A,2025-05-20,7.29,18.58,66.04,0,2.32,212.95,1015.59,28106.79,3,6.7,6200.0,0.035,PM2.5-1HR
951,ESP_ES1339A,2025-05-21,7.08,19.26,61.21,0,3.12,250.02,1017.06,10900.91,6,10.9,6200.0,1.098,PM2.5-1HR
951,ESP_ES1397A,2025-05-21,9.65,16.9,72.46,0,1.62,307.13,1017.13,9518.18,4,8.1,6200.0,1.787,PM2.5-1HR
951,ESP_ES1438A,2025-05-21,10.82,18.76,72.08,0,1.97,174.2,1017,28106.79,9,15.1,6200.0,0.035,PM2.5-1HR
951,ESP_ES1814A,2025-05-21,13.91,18.18,71.75,0,1.57,94.91,1017.13,7031.03,7,12.3,6200.0,0.106,PM2.5-1HR
951,ESP_ES1339A,2025-05-22,5.75,17.9,70.04,0.06,3.28,165.05,1014.76,10900.91,3,6.7,6200.0,1.098,PM2.5-1HR
951,ESP_ES1397A,2025-05-22,9.49,15.78,80.83,0.28,1.63,183.9,1014.52,9518.18,3,6.7,6200.0,1.787,PM2.5-1HR
951,ESP_ES1814A,2025-05-22,11.01,16.25,79,0.1,2.56,97.35,1015.04,7031.03,4,8.1,6200.0,0.106,PM2.5-1HR
951,ESP_ES1339A,2025-05-23,6.19,17.95,72.88,0.01,2.26,188,1016.7,10900.91,5,9.5,6200.0,1.098,PM2.5-1HR
951,ESP_ES1397A,2025-05-23,8.28,14.66,64.71,0,1.2,224.03,1016.85,9518.18,2,5.3,6200.0,1.787,PM2.5-1HR
951,ESP_ES1438A,2025-05-23,7.72,18.05,70.54,0.02,1.89,240.01,1016.52,28106.79,7,12.3,6200.0,0.035,PM2.5-1HR
951,ESP_ES1814A,2025-05-23,12.81,17.1,69.08,0.03,1.62,294.59,1016.62,7031.03,7,12.3,6200.0,0.106,PM2.5-1HR
951,ESP_ES1339A,2025-05-24,7.2,18.31,71.21,0.02,2.89,98.93,1018.69,10900.91,5,9.5,6200.0,1.098,PM2.5-1HR
951,ESP_ES1397A,2025-05-24,9.56,15.29,68.75,0.02,1.53,179.89,1018.9,9518.18,4,8.1,6200.0,1.787,PM2.5-1HR
951,ESP_ES1438A,2025-05-24,9.7,17.73,74,0,2.32,182.66,1018.87,28106.79,8,13.7,6200.0,0.035,PM2.5-1HR
951,ESP_ES1814A,2025-05-24,12.88,16.65,70.63,0,1.77,132.28,1019,7031.03,10,16.5,6200.0,0.106,PM2.5-1HR
951,ESP_ES1339A,2025-05-25,7.74,18.63,76.29,0,1.93,121.34,1019.55,10900.91,5,9.5,6200.0,1.098,PM2.5-1HR
951,ESP_ES1397A,2025-05-25,12.76,18.13,73,0,1.12,159.5,1019.62,9518.18,6,10.9,6200.0,1.787,PM2.5-1HR
951,ESP_ES1438A,2025-05-25,9.28,18.75,76.21,0,1.66,182.84,1019.49,28106.79,7,12.3,6200.0,0.035,PM2.5-1HR
951,ESP_ES1814A,2025-05-25,13.45,17.68,77.88,0,1.25,77.87,1019.64,7031.03,9,15.1,6200.0,0.106,PM2.5-1HR
951,ESP_ES1339A,2025-05-26,7.3,19.1,72.42,0,2.09,87.83,1020.59,10900.91,5,9.5,6200.0,1.098,PM2.5-1HR
951,ESP_ES1397A,2025-05-26,10.75,18.48,73.75,0.02,1.68,183.44,1020.55,9518.18,6,10.9,6200.0,1.787,PM2.5-1HR
951,ESP_ES1438A,2025-05-26,10.32,19.12,81.29,0,2.06,106.23,1020.68,28106.79,5,9.5,6200.0,0.035,PM2.5-1HR
951,ESP_ES1814A,2025-05-26,13.16,18.62,75.96,0,1.68,85.73,1020.8,7031.03,7,12.3,6200.0,0.106,PM2.5-1HR
951,ESP_ES1339A,2025-05-27,6.79,18.96,81.38,0,2.3,109.6,1022.14,10900.91,4,8.1,6200.0,1.098,PM2.5-1HR
951,ESP_ES1397A,2025-05-27,11.92,18.95,75.58,0,1.54,214.89,1021.89,9518.18,7,12.3,6200.0,1.787,PM2.5-1HR
951,ESP_ES1438A,2025-05-27,7.92,19.13,80.13,0.01,2.03,146.69,1022.15,28106.79,5,9.5,6200.0,0.035,PM2.5-1HR
951,ESP_ES1814A,2025-05-27,13.56,18.22,80.5,0.02,1.55,105.4,1022.27,7031.03,8,13.7,6200.0,0.106,PM2.5-1HR
951,ESP_ES1339A,2025-05-28,7.13,19.6,74.79,0,1.97,222.11,1023.05,10900.91,5,9.5,6200.0,1.098,PM2.5-1HR
951,ESP_ES1397A,2025-05-28,12.81,21.09,67.92,0.01,0.97,155.55,1022.93,9518.18,7,12.3,6200.0,1.787,PM2.5-1HR
951,ESP_ES1438A,2025-05-28,10.12,20.63,73.83,0,1.77,207.06,1022.78,28106.79,7,12.3,6200.0,0.035,PM2.5-1HR
951,ESP_ES1814A,2025-05-28,15.2,20.18,71.63,0,1.32,60.86,1022.93,7031.03,10,16.5,6200.0,0.106,PM2.5-1HR
951,ESP_ES1339A,2025-05-29,6.67,20.68,68.71,0,1.56,117.85,1022.66,10900.91,4,8.1,6200.0,1.098,PM2.5-1HR
951,ESP_ES1397A,2025-05-29,12.65,22.82,61.71,0,1.16,157.7,1022.59,9518.18,6,10.9,6200.0,1.787,PM2.5-1HR
951,ESP_ES1438A,2025-05-29,10.66,21.56,70.13,0,1.68,162.69,1022.48,28106.79,7,12.3,6200.0,0.035,PM2.5-1HR
951,ESP_ES1814A,2025-05-29,14.41,21.8,62.75,0,1.24,71.66,1022.63,7031.03,7,12.3,6200.0,0.106,PM2.5-1HR
951,ESP_ES1339A,2025-05-30,6.32,22.34,56.42,0,1.85,246.18,1020.88,10900.91,4,8.1,6200.0,1.098,PM2.5-1HR
951,ESP_ES1397A,2025-05-30,13.21,24.06,55.71,0,1.4,246.31,1021.13,9518.18,6,10.9,6200.0,1.787,PM2.5-1HR
951,ESP_ES1438A,2025-05-30,11.26,23.48,58.38,0,2,201.58,1020.54,28106.79,6,10.9,6200.0,0.035,PM2.5-1HR
951,ESP_ES1814A,2025-05-30,15.72,23.6,54.21,0,1.53,77.16,1020.73,7031.03,8,13.7,6200.0,0.106,PM2.5-1HR
951,ESP_ES1339A,2025-05-31,6.34,22.03,69.5,0,1.53,166.91,1020.25,10900.91,4,8.1,6200.0,1.098,PM2.5-1HR
951,ESP_ES1397A,2025-05-31,13.81,23.68,55.75,0.03,1.25,177.83,1020.5,9518.18,7,12.3,6200.0,1.787,PM2.5-1HR
951,ESP_ES1438A,2025-05-31,9.57,22.86,63.33,0,1.79,157.48,1019.95,28106.79,7,12.3,6200.0,0.035,PM2.5-1HR
951,ESP_ES1814A,2025-05-31,13.76,22.49,63.17,0,1.26,94.69,1020.14,7031.03,7,12.3,6200.0,0.106,PM2.5-1HR
951,ESP_ES1339A,2025-06-01,5.99,22.53,68.5,0,2.02,232.56,1018.5,10900.91,4,8.1,6200.0,1.098,PM2.5-1HR
951,ESP_ES1814A,2025-06-01,13.87,23.45,64.17,0,1.37,177.26,1018.08,7031.03,6,10.9,6200.0,0.106,PM2.5-1HR
951,ESP_ES1397A,2025-06-01,15.17,23.1,61.92,0,1.45,267.51,1018.75,9518.18,11,17.9,6200.0,1.787,PM2.5-1HR
951,ESP_ES1438A,2025-06-01,8.13,23.88,62.42,0,2.49,206.77,1017.91,28106.79,5,9.5,6200.0,0.035,PM2.5-1HR
951,ESP_ES1339A,2025-06-02,7.56,23.03,62.38,0,3.37,66.14,1017.21,10900.91,5,9.5,6200.0,1.098,PM2.5-1HR
951,ESP_ES1397A,2025-06-02,9.23,21.49,66.83,0.02,1.33,102.72,1018.34,9518.18,4,8.1,6200.0,1.787,PM2.5-1HR
951,ESP_ES1438A,2025-06-02,7.86,22.9,67.29,0,2.79,79.95,1017.42,28106.79,5,9.5,6200.0,0.035,PM2.5-1HR
951,ESP_ES1814A,2025-06-02,10.41,22.5,65.21,0,1.65,81.5,1017.67,7031.03,6,10.9,6200.0,0.106,PM2.5-1HR
951,ESP_ES1339A,2025-06-03,9,22.12,64.88,0,3.53,80.28,1013.25,10900.91,6,10.9,6200.0,1.098,PM2.5-1HR
951,ESP_ES1397A,2025-06-03,8.37,20.7,65.33,0,1.71,91.88,1014.03,9518.18,4,8.1,6200.0,1.787,PM2.5-1HR
951,ESP_ES1438A,2025-06-03,8.79,22.17,65,0,2.86,83.42,1013.35,28106.79,6,10.9,6200.0,0.035,PM2.5-1HR
951,ESP_ES1814A,2025-06-03,12.32,21.57,65.5,0,1.86,72.49,1013.51,7031.03,7,12.3,6200.0,0.106,PM2.5-1HR
951,ESP_ES1339A,2025-06-04,10.07,22.15,69.54,0,2.8,247.31,1012.93,10900.91,8,13.7,6200.0,1.098,PM2.5-1HR
951,ESP_ES1397A,2025-06-04,11.45,19.43,75.58,0.35,2.33,215.17,1013.43,9518.18,7,12.3,6200.0,1.787,PM2.5-1HR
951,ESP_ES1438A,2025-06-04,12.46,23,69.25,0,2.48,221.76,1012.58,28106.79,10,16.5,6200.0,0.035,PM2.5-1HR
951,ESP_ES1814A,2025-06-04,16.5,22.11,69.54,0.03,2.11,282.31,1012.81,7031.03,10,16.5,6200.0,0.106,PM2.5-1HR
951,ESP_ES1339A,2025-06-05,12.51,21.48,77.38,0,2.48,113.22,1016.29,10900.91,8,13.7,6200.0,1.098,PM2.5-1HR
951,ESP_ES1397A,2025-06-05,13.12,19.79,75.88,0.03,2.34,205.24,1016.63,9518.18,5,9.5,6200.0,1.787,PM2.5-1HR
951,ESP_ES1438A,2025-06-05,12.39,21.6,74.83,0,2.33,134.51,1016.31,28106.79,8,13.7,6200.0,0.035,PM2.5-1HR
951,ESP_ES1814A,2025-06-05,15.92,20.86,75.33,0.03,1.69,109.57,1016.49,7031.03,10,16.5,6200.0,0.106,PM2.5-1HR
951,ESP_ES1339A,2025-06-06,13.74,21.78,78.88,0,2.22,132.71,1017.06,10900.91,9,15.1,6200.0,1.098,PM2.5-1HR
951,ESP_ES1397A,2025-06-06,18.78,20.73,72.25,0,1.9,161.95,1017.37,9518.18,12,19.3,6200.0,1.787,PM2.5-1HR
951,ESP_ES1438A,2025-06-06,18.13,22.43,77.67,0,2.02,134.2,1016.97,28106.79,12,19.3,6200.0,0.035,PM2.5-1HR
951,ESP_ES1814A,2025-06-06,20.88,21.93,68.63,0,1.52,93.64,1017.15,7031.03,14,22.1,6200.0,0.106,PM2.5-1HR
951,ESP_ES1339A,2025-06-07,12.05,21.65,79.54,0,1.89,138.65,1016.05,10900.91,10,16.5,6200.0,1.098,PM2.5-1HR
951,ESP_ES1397A,2025-06-07,14.49,21.76,59.63,0.02,1.85,146.87,1016.15,9518.18,11,17.9,6200.0,1.787,PM2.5-1HR
951,ESP_ES1438A,2025-06-07,14.82,21.98,76,0,1.99,173.64,1016.02,28106.79,11,17.9,6200.0,0.035,PM2.5-1HR
951,ESP_ES1814A,2025-06-07,18.32,21.67,60.88,0,1.6,88.41,1016.16,7031.03,14,22.1,6200.0,0.106,PM2.5-1HR
951,ESP_ES1339A,2025-06-08,9.16,21.48,78.29,0,2.06,130.62,1020.12,10900.91,7,12.3,6200.0,1.098,PM2.5-1HR
951,ESP_ES1397A,2025-06-08,15.17,20.92,77.46,0.01,2.35,197.6,1020.03,9518.18,11,17.9,6200.0,1.787,PM2.5-1HR
951,ESP_ES1438A,2025-06-08,10.42,21.99,73.96,0,2.22,185.87,1019.88,28106.79,7,12.3,6200.0,0.035,PM2.5-1HR
951,ESP_ES1814A,2025-06-08,15.37,21.34,72.83,0,1.89,229.56,1020,7031.03,10,16.5,6200.0,0.106,PM2.5-1HR
951,ESP_ES1339A,2025-06-09,10.16,21.51,77.71,0,2.17,215.34,1020.92,10900.91,7,12.3,6200.0,1.098,PM2.5-1HR
951,ESP_ES1397A,2025-06-09,17.75,21.94,73.71,0.01,1.45,230.62,1020.89,9518.18,15,23.5,6200.0,1.787,PM2.5-1HR
951,ESP_ES1438A,2025-06-09,13.06,22.34,70.88,0,2.31,218.37,1020.65,28106.79,9,15.1,6200.0,0.035,PM2.5-1HR
951,ESP_ES1814A,2025-06-09,16.91,21.43,73.21,0,1.6,136.33,1020.79,7031.03,13,20.7,6200.0,0.106,PM2.5-1HR
951,ESP_ES1339A,2025-06-10,8.92,22.92,79.29,0,2.39,228.35,1019.38,10900.91,7,12.3,6200.0,1.098,PM2.5-1HR
951,ESP_ES1397A,2025-06-10,20.98,24.52,66.63,0,1.19,232.9,1019.71,9518.18,17,26.3,6200.0,1.787,PM2.5-1HR
951,ESP_ES1438A,2025-06-10,14.21,24.68,68.96,0,2.09,206.18,1018.88,28106.79,11,17.9,6200.0,0.035,PM2.5-1HR
951,ESP_ES1814A,2025-06-10,19.25,24.61,66.88,0,1.34,128.72,1019.08,7031.03,16,24.9,6200.0,0.106,PM2.5-1HR
951,ESP_ES1339A,2025-06-11,12.88,24.35,67.54,0,2.17,229.88,1015.48,10900.91,11,17.9,6200.0,1.098,PM2.5-1HR
951,ESP_ES1397A,2025-06-11,18.79,26.41,51.75,0,1.8,231.42,1015.87,9518.18,13,20.7,6200.0,1.787,PM2.5-1HR
951,ESP_ES1438A,2025-06-11,17.3,26.84,57.17,0,2.38,205.26,1014.79,28106.79,15,23.5,6200.0,0.035,PM2.5-1HR
951,ESP_ES1814A,2025-06-11,21.2,27.86,48.92,0,1.46,210.08,1014.99,7031.03,16,24.9,6200.0,0.106,PM2.5-1HR
951,ESP_ES1339A,2025-06-12,19.37,24.54,60,0,2.73,80.58,1014.17,10900.91,13,20.7,6200.0,1.098,PM2.5-1HR
951,ESP_ES1397A,2025-06-12,26.87,25.05,44.75,0,1.52,176.44,1015.18,9518.18,19,29.1,6200.0,1.787,PM2.5-1HR
951,ESP_ES1438A,2025-06-12,20.77,24.65,64.79,0,2.27,113.63,1014.4,28106.79,14,22.1,6200.0,0.035,PM2.5-1HR
951,ESP_ES1814A,2025-06-12,26.22,24.97,53.71,0,1.72,85.95,1014.65,7031.03,20,30.5,6200.0,0.106,PM2.5-1HR
951,ESP_ES1339A,2025-06-13,26.97,24.53,67.13,0,3.28,63.87,1017.44,10900.91,22,33.3,6200.0,1.098,PM2.5-1HR
951,ESP_ES1397A,2025-06-13,31.17,24.98,46.75,0,1.6,133.89,1018.31,9518.18,20,30.5,6200.0,1.787,PM2.5-1HR
951,ESP_ES1438A,2025-06-13,27.26,24.32,72.83,0,2.51,82.79,1017.75,28106.79,26,38.9,6200.0,0.035,PM2.5-1HR
951,ESP_ES1814A,2025-06-13,33.96,24.43,61.04,0,1.55,91.63,1018.03,7031.03,28,41.7,6200.0,0.106,PM2.5-1HR
951,ESP_ES1339A,2025-06-14,23.46,25.25,58.71,0,2.84,73.17,1018.39,10900.91,17,26.3,6200.0,1.098,PM2.5-1HR
951,ESP_ES1397A,2025-06-14,25.46,26.51,35.29,0,1.67,150.94,1019.31,9518.18,8,13.7,6200.0,1.787,PM2.5-1HR
951,ESP_ES1438A,2025-06-14,22.41,25.1,67.79,0,1.85,95.93,1018.63,28106.79,19,29.1,6200.0,0.035,PM2.5-1HR
951,ESP_ES1814A,2025-06-14,25.91,25.89,45.33,0,1.3,83.76,1018.86,7031.03,18,27.7,6200.0,0.106,PM2.5-1HR
951,ESP_ES1339A,2025-06-15,16.5,25.62,58.54,0,3.3,70.65,1019.43,10900.91,10,16.5,6200.0,1.098,PM2.5-1HR
951,ESP_ES1397A,2025-06-15,19.32,25.49,47.29,0.03,1.68,144.15,1020.34,9518.18,16,24.9,6200.0,1.787,PM2.5-1HR
951,ESP_ES1438A,2025-06-15,16.71,25.08,68.83,0,2.42,89.24,1019.59,28106.79,12,19.3,6200.0,0.035,PM2.5-1HR
951,ESP_ES1814A,2025-06-15,24.19,25.88,48.79,0,1.37,117.56,1019.82,7031.03,22,33.3,6200.0,0.106,PM2.5-1HR
951,ESP_ES1339A,2025-06-16,10.92,23.87,62.58,0,2.56,206.13,1021.17,10900.91,7,12.3,6200.0,1.098,PM2.5-1HR
951,ESP_ES1397A,2025-06-16,19.11,24.63,61.96,0,2.32,192.11,1021.23,9518.18,11,17.9,6200.0,1.787,PM2.5-1HR
951,ESP_ES1438A,2025-06-16,13,23.97,71.83,0,2.6,183.21,1020.93,28106.79,8,13.7,6200.0,0.035,PM2.5-1HR
951,ESP_ES1814A,2025-06-16,15.55,23.94,62.71,0,2.02,185.79,1021.1,7031.03,11,17.9,6200.0,0.106,PM2.5-1HR
951,ESP_ES1339A,2025-06-17,8.7,23.48,69.08,0,2.02,96.94,1020.38,10900.91,7,12.3,6200.0,1.098,PM2.5-1HR
951,ESP_ES1397A,2025-06-17,15.69,24.86,63.33,0,1.13,136.72,1020.63,9518.18,13,20.7,6200.0,1.787,PM2.5-1HR
951,ESP_ES1438A,2025-06-17,10.75,24.56,64.83,0,1.68,176.5,1020.3,28106.79,8,13.7,6200.0,0.035,PM2.5-1HR
951,ESP_ES1814A,2025-06-17,15.53,24.37,59.17,0,1.4,118.57,1020.52,7031.03,11,17.9,6200.0,0.106,PM2.5-1HR
951,ESP_ES1339A,2025-06-18,10.62,24.55,64.92,0,1.94,133.84,1020.7,10900.91,8,13.7,6200.0,1.098,PM2.5-1HR
951,ESP_ES1397A,2025-06-18,16.64,25.13,56.38,0,1.63,234.03,1021.11,9518.18,13,20.7,6200.0,1.787,PM2.5-1HR
951,ESP_ES1438A,2025-06-18,12.44,25.07,61.75,0,1.79,159.21,1020.53,28106.79,9,15.1,6200.0,0.035,PM2.5-1HR
951,ESP_ES1814A,2025-06-18,15.86,24.88,55.75,0,1.67,131.77,1020.78,7031.03,11,17.9,6200.0,0.106,PM2.5-1HR
951,ESP_ES1339A,2025-06-19,9.7,24.48,64.63,0,2.27,225.32,1019.6,10900.91,8,13.7,6200.0,1.098,PM2.5-1HR
951,ESP_ES1397A,2025-06-19,19.67,25.25,54.75,0,1.59,193.92,1020.06,9518.18,14,22.1,6200.0,1.787,PM2.5-1HR
951,ESP_ES1438A,2025-06-19,14.08,25.91,56.46,0,2.22,204.66,1019.22,28106.79,10,16.5,6200.0,0.035,PM2.5-1HR
951,ESP_ES1814A,2025-06-19,18.63,25.64,51.5,0,1.82,125.53,1019.44,7031.03,13,20.7,6200.0,0.106,PM2.5-1HR
951,ESP_ES1339A,2025-06-20,8.96,25.23,66.29,0,2.27,244.02,1019.44,10900.91,7,12.3,6200.0,1.098,PM2.5-1HR
951,ESP_ES1397A,2025-06-20,20.7,26.47,48.58,0,1.32,245.58,1019.75,9518.18,13,20.7,6200.0,1.787,PM2.5-1HR
951,ESP_ES1438A,2025-06-20,14.36,27.11,56.92,0,2.48,212.95,1018.79,28106.79,11,17.9,6200.0,0.035,PM2.5-1HR
951,ESP_ES1814A,2025-06-20,19.46,27.22,50.21,0,1.54,207.79,1019.01,7031.03,14,22.1,6200.0,0.106,PM2.5-1HR
951,ESP_ES1339A,2025-06-21,10.49,25.6,68.08,0,2.05,222.1,1018.15,10900.91,7,12.3,6200.0,1.098,PM2.5-1HR
951,ESP_ES1397A,2025-06-21,22.49,27.1,51.46,0,1.38,229.24,1018.62,9518.18,13,20.7,6200.0,1.787,PM2.5-1HR
951,ESP_ES1438A,2025-06-21,12.88,27.77,55.88,0,2.72,211.02,1017.5,28106.79,8,13.7,6200.0,0.035,PM2.5-1HR
951,ESP_ES1814A,2025-06-21,17.38,27.98,50.5,0,1.66,203.68,1017.7,7031.03,11,17.9,6200.0,0.106,PM2.5-1HR
951,ESP_ES1339A,2025-06-22,10.85,26,65.13,0,2.3,231.95,1018.85,10900.91,8,13.7,6200.0,1.098,PM2.5-1HR
951,ESP_ES1397A,2025-06-22,20.07,26.58,51.17,0,1.19,187.07,1019.44,9518.18,9,15.1,6200.0,1.787,PM2.5-1HR
951,ESP_ES1438A,2025-06-22,13.42,27.63,56.04,0,2.57,203.63,1018.27,28106.79,10,16.5,6200.0,0.035,PM2.5-1HR
951,ESP_ES1814A,2025-06-22,16.25,27.6,49.33,0,1.55,183.51,1018.51,7031.03,11,17.9,6200.0,0.106,PM2.5-1HR
951,ESP_ES1339A,2025-06-23,14.95,26.52,62.17,0,2.48,229.1,1018.48,10900.91,8,13.7,6200.0,1.098,PM2.5-1HR
951,ESP_ES1397A,2025-06-23,21.14,27.03,51.54,0,1.3,299.03,1019.15,9518.18,10,16.5,6200.0,1.787,PM2.5-1HR
951,ESP_ES1438A,2025-06-23,27.9,27.53,55.46,0,2.39,194.4,1018.05,28106.79,9,15.1,6200.0,0.035,PM2.5-1HR
951,ESP_ES1814A,2025-06-23,17.49,27.77,50.75,0,1.45,165.33,1018.31,7031.03,12,19.3,6200.0,0.106,PM2.5-1HR
951,ESP_ES1339A,2025-06-24,13.85,26.96,52.79,0,2.08,234.97,1016.78,10900.91,8,13.7,6200.0,1.098,PM2.5-1HR
951,ESP_ES1397A,2025-06-24,25.42,27.13,51.83,0,1.11,303,1017.52,9518.18,16,24.9,6200.0,1.787,PM2.5-1HR
951,ESP_ES1438A,2025-06-24,35.97,28.28,49.79,0,2.17,198.99,1016.25,28106.79,8,13.7,6200.0,0.035,PM2.5-1HR
951,ESP_ES1814A,2025-06-24,26.08,28.67,45.71,0,1.24,125.71,1016.55,7031.03,11,17.9,6200.0,0.106,PM2.5-1HR
951,ESP_ES1339A,2025-06-25,11.32,27.3,44.17,0,1.7,192.65,1014.14,10900.91,8,13.7,6200.0,1.098,PM2.5-1HR
951,ESP_ES1397A,2025-06-25,17.16,27.16,47.5,0,1.98,189.74,1015.12,9518.18,11,17.9,6200.0,1.787,PM2.5-1HR
951,ESP_ES1438A,2025-06-25,13.45,27.75,50,0,2.14,181.97,1013.88,28106.79,12,19.3,6200.0,0.035,PM2.5-1HR
951,ESP_ES1814A,2025-06-25,16.64,28.04,45.13,0,1.77,149.31,1014.17,7031.03,11,17.9,6200.0,0.106,PM2.5-1HR
951,ESP_ES1339A,2025-06-26,12.12,26.66,57,0,2.75,237.95,1017.19,10900.91,9,15.1,6200.0,1.098,PM2.5-1HR
951,ESP_ES1397A,2025-06-26,15.33,25.79,54.33,0,1.94,174.38,1017.83,9518.18,12,19.3,6200.0,1.787,PM2.5-1HR
951,ESP_ES1438A,2025-06-26,14.73,27.29,59.38,0,2.56,164.74,1016.92,28106.79,11,17.9,6200.0,0.035,PM2.5-1HR
951,ESP_ES1814A,2025-06-26,17.98,27.05,50.79,0,1.88,191.92,1017.17,7031.03,13,20.7,6200.0,0.106,PM2.5-1HR
951,ESP_ES1339A,2025-06-27,10.53,26.83,60.79,0,2.9,231.46,1021.7,10900.91,8,13.7,6200.0,1.098,PM2.5-1HR
951,ESP_ES1397A,2025-06-27,18.13,26.21,57.25,0,1.1,183.2,1022.46,9518.18,14,22.1,6200.0,1.787,PM2.5-1HR
951,ESP_ES1438A,2025-06-27,14.17,27.43,58,0,2.44,211.93,1021.41,28106.79,11,17.9,6200.0,0.035,PM2.5-1HR
951,ESP_ES1814A,2025-06-27,19.32,26.95,54.33,0,1.91,244.43,1021.7,7031.03,15,23.5,6200.0,0.106,PM2.5-1HR
951,ESP_ES1339A,2025-06-28,10.37,26.65,73.54,0,1.96,212.87,1022.26,10900.91,8,13.7,6200.0,1.098,PM2.5-1HR
951,ESP_ES1397A,2025-06-28,16.7,28.08,51.96,0,1.22,162.78,1023.04,9518.18,9,15.1,6200.0,1.787,PM2.5-1HR
951,ESP_ES1438A,2025-06-28,14.26,28.18,60.83,0,2.04,193.35,1021.89,28106.79,11,17.9,6200.0,0.035,PM2.5-1HR
951,ESP_ES1814A,2025-06-28,16.06,28.21,49.54,0,1.84,74.11,1022.2,7031.03,7,12.3,6200.0,0.106,PM2.5-1HR
951,ESP_ES1339A,2025-06-29,11.7,28.03,56.63,0,1.83,123.35,1019.83,10900.91,8,13.7,6200.0,1.098,PM2.5-1HR
951,ESP_ES1397A,2025-06-29,13.02,28.62,48.38,0,1.54,239.51,1020.91,9518.18,7,12.3,6200.0,1.787,PM2.5-1HR
951,ESP_ES1438A,2025-06-29,12.53,28.98,54.08,0,2,163.84,1019.63,28106.79,6,10.9,6200.0,0.035,PM2.5-1HR
951,ESP_ES1814A,2025-06-29,13.15,29.05,46.21,0,1.94,102.21,1019.96,7031.03,6,10.9,6200.0,0.106,PM2.5-1HR
951,ESP_ES1339A,2025-06-30,7.07,28.21,54.33,0,2,233.54,1016.54,10900.91,5,9.5,6200.0,1.098,PM2.5-1HR
951,ESP_ES1397A,2025-06-30,16.06,28.51,47.29,0,1.12,31.21,1017.72,9518.18,11,17.9,6200.0,1.787,PM2.5-1HR
951,ESP_ES1438A,2025-06-30,12.52,30.01,46.71,0,2.06,196.25,1016.13,28106.79,7,12.3,6200.0,0.035,PM2.5-1HR
951,ESP_ES1814A,2025-06-30,14.91,29.89,43.54,0,1.82,94.68,1016.48,7031.03,9,15.1,6200.0,0.106,PM2.5-1HR
951,ESP_ES1339A,2025-07-01,12.5,28.36,57.33,0,1.92,154.58,1015.18,10900.91,7,12.3,6200.0,1.098,PM2.5-1HR
951,ESP_ES1397A,2025-07-01,17.49,28.29,44.21,0,0.83,55.33,1016.47,9518.18,9,15.1,6200.0,1.787,PM2.5-1HR
951,ESP_ES1438A,2025-07-01,13.71,29.33,52.83,0,1.68,140.48,1015,28106.79,6,10.9,6200.0,0.035,PM2.5-1HR
951,ESP_ES1814A,2025-07-01,17.71,29.45,46.08,0,1.59,95.99,1015.36,7031.03,6,10.9,6200.0,0.106,PM2.5-1HR
951,ESP_ES1339A,2025-07-02,8.77,27.65,61,0,1.62,115.11,1015.4,10900.91,6,10.9,6200.0,1.098,PM2.5-1HR
951,ESP_ES1397A,2025-07-02,14.97,27.48,43.63,0.03,1.3,72.36,1016.53,9518.18,11,17.9,6200.0,1.787,PM2.5-1HR
951,ESP_ES1438A,2025-07-02,10.82,27.82,63,0,1.77,134.1,1015.3,28106.79,7,12.3,6200.0,0.035,PM2.5-1HR
951,ESP_ES1814A,2025-07-02,13.23,28.04,53.04,0,1.55,93.28,1015.64,7031.03,9,15.1,6200.0,0.106,PM2.5-1HR
951,ESP_ES1339A,2025-07-03,9.37,27.45,69.96,0,1.91,229.73,1019.78,10900.91,5,9.5,6200.0,1.098,PM2.5-1HR
951,ESP_ES1397A,2025-07-03,16.88,25.72,64.79,0.08,1.49,265.21,1020.96,9518.18,11,17.9,6200.0,1.787,PM2.5-1HR
951,ESP_ES1438A,2025-07-03,11.92,28.92,66.5,0.02,2.09,189.03,1019.26,28106.79,8,13.7,6200.0,0.035,PM2.5-1HR
951,ESP_ES1814A,2025-07-03,18.14,28.39,60,0,1.36,302.93,1019.62,7031.03,14,22.1,6200.0,0.106,PM2.5-1HR
951,ESP_ES1339A,2025-07-04,11.36,27.67,64.25,0,2.36,215.61,1020.65,10900.91,8,13.7,6200.0,1.098,PM2.5-1HR
951,ESP_ES1397A,2025-07-04,21.76,25.47,66.17,0.01,0.99,142.97,1021.85,9518.18,8,13.7,6200.0,1.787,PM2.5-1HR
951,ESP_ES1438A,2025-07-04,14.58,28.37,62.29,0,2.31,216.06,1020.31,28106.79,10,16.5,6200.0,0.035,PM2.5-1HR
951,ESP_ES1814A,2025-07-04,18.08,27.69,58.83,0,1.7,224.32,1020.64,7031.03,12,19.3,6200.0,0.106,PM2.5-1HR
951,ESP_ES1339A,2025-07-05,9.79,27.66,61.96,0.12,1.62,156.92,1017.62,10900.91,8,13.7,6200.0,1.098,PM2.5-1HR
951,ESP_ES1397A,2025-07-05,11.03,24.46,66.58,0.46,1.14,309.96,1019.2,9518.18,8,13.7,6200.0,1.787,PM2.5-1HR
951,ESP_ES1438A,2025-07-05,12.78,28.45,60.42,0.11,1.82,194.26,1017.4,28106.79,9,15.1,6200.0,0.035,PM2.5-1HR
951,ESP_ES1814A,2025-07-05,14.08,27.85,57,0.04,1.5,25.64,1017.83,7031.03,13,20.7,6200.0,0.106,PM2.5-1HR
951,ESP_ES1339A,2025-07-06,11.28,26.77,69.96,0.01,2.25,161.17,1013.67,10900.91,5,9.5,6200.0,1.098,PM2.5-1HR
951,ESP_ES1397A,2025-07-06,11.78,22.53,77.17,0.94,1.52,92.79,1015.23,9518.18,6,10.9,6200.0,1.787,PM2.5-1HR
951,ESP_ES1438A,2025-07-06,14.29,26.53,72.88,0.12,2.1,160.45,1013.73,28106.79,7,12.3,6200.0,0.035,PM2.5-1HR
951,ESP_ES1814A,2025-07-06,15.43,25.37,69.75,0.4,1.46,102.83,1014.14,7031.03,8,13.7,6200.0,0.106,PM2.5-1HR
951,ESP_ES1339A,2025-07-07,6.73,25.6,66.92,0.07,2.99,134.55,1011.67,10900.91,4,8.1,6200.0,1.098,PM2.5-1HR
951,ESP_ES1397A,2025-07-07,7.13,21.69,78.21,0.22,2.48,194.97,1012.57,9518.18,3,6.7,6200.0,1.787,PM2.5-1HR
951,ESP_ES1438A,2025-07-07,8.29,24.27,72.79,0.25,3.07,140.32,1011.93,28106.79,6,10.9,6200.0,0.035,PM2.5-1HR
951,ESP_ES1814A,2025-07-07,11.43,22.67,78,0.44,2.11,221.17,1012.35,7031.03,9,15.1,6200.0,0.106,PM2.5-1HR
951,ESP_ES1339A,2025-07-08,8.42,23.93,70.75,0.45,3.96,147.78,1014.99,10900.91,3,6.7,6200.0,1.098,PM2.5-1HR
951,ESP_ES1397A,2025-07-08,7.1,20.89,75.04,0.12,2.29,215.89,1015.78,9518.18,2,5.3,6200.0,1.787,PM2.5-1HR
951,ESP_ES1438A,2025-07-08,7.09,23.02,73.04,0.13,2.94,201.05,1015.17,28106.79,3,6.7,6200.0,0.035,PM2.5-1HR
951,ESP_ES1814A,2025-07-08,8.99,22.12,74.17,0.15,2.65,237.42,1015.4,7031.03,4,8.1,6200.0,0.106,PM2.5-1HR
951,ESP_ES1339A,2025-07-09,5.78,24.59,66.46,0.11,3.04,167.43,1018.59,10900.91,4,8.1,6200.0,1.098,PM2.5-1HR
951,ESP_ES1397A,2025-07-09,9.62,22.11,79.54,0.13,2.6,239.65,1018.97,9518.18,7,12.3,6200.0,1.787,PM2.5-1HR
951,ESP_ES1438A,2025-07-09,7.25,24.41,68.42,0,2.32,149.81,1018.48,28106.79,5,9.5,6200.0,0.035,PM2.5-1HR
951,ESP_ES1814A,2025-07-09,10.65,23.14,72.42,0.01,2.04,243.09,1018.7,7031.03,7,12.3,6200.0,0.106,PM2.5-1HR
951,ESP_ES1339A,2025-07-10,6.7,24.9,78.79,0.1,2.07,163.57,1017.32,10900.91,5,9.5,6200.0,1.098,PM2.5-1HR
951,ESP_ES1397A,2025-07-10,10.57,23.03,76.17,0.07,1.29,177.29,1018.19,9518.18,6,10.9,6200.0,1.787,PM2.5-1HR
951,ESP_ES1438A,2025-07-10,7.95,24.89,70.79,0.02,2.12,146.26,1017.39,28106.79,7,12.3,6200.0,0.035,PM2.5-1HR
951,ESP_ES1814A,2025-07-10,11.17,23.87,70,0,1.73,83.85,1017.64,7031.03,6,10.9,6200.0,0.106,PM2.5-1HR
951,ESP_ES1397A,2025-07-11,13.97,22.3,79.29,0.09,1.03,228.08,1015.21,9518.18,8,13.7,6200.0,1.787,PM2.5-1HR
951,ESP_ES1438A,2025-07-11,10.16,25.53,74.75,0.1,2.18,212.03,1014.02,28106.79,7,12.3,6200.0,0.035,PM2.5-1HR
951,ESP_ES1814A,2025-07-11,13.85,23.82,77.83,0.17,1.58,218.46,1014.35,7031.03,9,15.1,6200.0,0.106,PM2.5-1HR
951,ESP_ES1397A,2025-07-12,10.82,19.72,92,0.66,1.38,130.25,1012.93,9518.18,1,3.9,6200.0,1.787,PM2.5-1HR
951,ESP_ES1438A,2025-07-12,7.41,22.43,88.21,1.3,2.54,57.57,1011.48,28106.79,3,6.7,6200.0,0.035,PM2.5-1HR
951,ESP_ES1814A,2025-07-12,8.95,21.5,87.46,1.58,1.8,43.33,1011.82,7031.03,2,5.3,6200.0,0.106,PM2.5-1HR
951,ESP_ES1397A,2025-07-13,5.62,21.19,76.46,0.01,1.61,204.67,1014.48,9518.18,2,5.3,6200.0,1.787,PM2.5-1HR
951,ESP_ES1438A,2025-07-13,4.27,22.58,76.71,0,1.74,224.66,1013.85,28106.79,3,6.7,6200.0,0.035,PM2.5-1HR
951,ESP_ES1814A,2025-07-13,6.7,21.82,75.46,0.01,1.75,68.43,1014.09,7031.03,4,8.1,6200.0,0.106,PM2.5-1HR
951,ESP_ES1397A,2025-07-14,9.7,23.7,71.08,0,1.48,213.59,1020.33,9518.18,6,10.9,6200.0,1.787,PM2.5-1HR
951,ESP_ES1438A,2025-07-14,6.29,24.84,75.79,0,1.93,232.57,1019.32,28106.79,3,6.7,6200.0,0.035,PM2.5-1HR
951,ESP_ES1814A,2025-07-14,9.61,24.27,71.38,0,1.42,28.38,1019.61,7031.03,7,12.3,6200.0,0.106,PM2.5-1HR
951,ESP_ES1397A,2025-07-15,13.57,24.52,70.75,0,1.67,161.92,1020.45,9518.18,7,12.3,6200.0,1.787,PM2.5-1HR
951,ESP_ES1814A,2025-07-15,14.1,24.9,70.67,0,1.54,163.5,1019.79,7031.03,12,19.3,6200.0,0.106,PM2.5-1HR
951,ESP_ES1397A,2025-07-16,19.35,25.09,72.92,0,1.09,210.33,1019.18,9518.18,12,19.3,6200.0,1.787,PM2.5-1HR
951,ESP_ES1438A,2025-07-16,11.27,26.54,72.42,0,2.03,231.67,1018.16,28106.79,9,15.1,6200.0,0.035,PM2.5-1HR
951,ESP_ES1814A,2025-07-16,16.12,25.7,72.71,0,1.49,159.85,1018.47,7031.03,12,19.3,6200.0,0.106,PM2.5-1HR
951,ESP_ES1397A,2025-07-17,18.95,26.23,65.42,0,1.09,254.93,1016.3,9518.18,13,20.7,6200.0,1.787,PM2.5-1HR
951,ESP_ES1438A,2025-07-17,11,27.29,70.33,0,2.19,209.86,1015.25,28106.79,9,15.1,6200.0,0.035,PM2.5-1HR
951,ESP_ES1814A,2025-07-17,15.72,26.6,68.08,0,1.68,137.21,1015.54,7031.03,10,16.5,6200.0,0.106,PM2.5-1HR
951,ESP_ES1397A,2025-07-18,14.63,26.54,64.33,0,1.68,156.05,1012.27,9518.18,3,6.7,6200.0,1.787,PM2.5-1HR
951,ESP_ES1438A,2025-07-18,11.97,27.17,74.17,0,2.17,185.04,1011.28,28106.79,8,13.7,6200.0,0.035,PM2.5-1HR
951,ESP_ES1814A,2025-07-18,16.82,26.72,67.5,0,1.66,101.23,1011.56,7031.03,11,17.9,6200.0,0.106,PM2.5-1HR
951,ESP_ES1397A,2025-07-19,14.03,24.76,72.96,0.16,1.36,161.86,1009.93,9518.18,9,15.1,6200.0,1.787,PM2.5-1HR
951,ESP_ES1438A,2025-07-19,11.58,26.75,71.71,0.01,2.4,123.8,1008.66,28106.79,8,13.7,6200.0,0.035,PM2.5-1HR
951,ESP_ES1814A,2025-07-19,15.58,26.12,69.08,0.07,1.68,248.32,1009,7031.03,12,19.3,6200.0,0.106,PM2.5-1HR
951,ESP_ES1397A,2025-07-20,12.29,25.28,67.83,0.02,2.97,225.76,1008.15,9518.18,5,9.5,6200.0,1.787,PM2.5-1HR
951,ESP_ES1438A,2025-07-20,10.96,27.18,70.17,0.03,2.82,209.79,1007.21,28106.79,9,15.1,6200.0,0.035,PM2.5-1HR
951,ESP_ES1814A,2025-07-20,14.78,26.37,71.67,0.07,1.75,236.75,1007.55,7031.03,12,19.3,6200.0,0.106,PM2.5-1HR
951,ESP_ES1397A,2025-07-21,8.65,23.2,67.46,0.02,2.69,158.37,1010.96,9518.18,5,9.5,6200.0,1.787,PM2.5-1HR
951,ESP_ES1438A,2025-07-21,7.57,25.6,63.33,0,2.76,105.34,1010.52,28106.79,5,9.5,6200.0,0.035,PM2.5-1HR
951,ESP_ES1814A,2025-07-21,9.54,24.15,65.92,0.03,1.85,145.07,1010.84,7031.03,6,10.9,6200.0,0.106,PM2.5-1HR
951,ESP_ES1397A,2025-07-22,8.74,23.14,67.79,0,2.71,220.8,1016.66,9518.18,6,10.9,6200.0,1.787,PM2.5-1HR
951,ESP_ES1814A,2025-07-22,11.49,23.69,68.29,0,2.52,252.92,1016.35,7031.03,9,15.1,6200.0,0.106,PM2.5-1HR
951,ESP_ES1397A,2025-07-23,8.91,21.1,84.58,0.95,1.23,162.34,1015.5,9518.18,3,6.7,6200.0,1.787,PM2.5-1HR
951,ESP_ES1438A,2025-07-23,6.9,24.35,78.33,1.25,1.52,244.97,1014.12,28106.79,5,9.5,6200.0,0.035,PM2.5-1HR
951,ESP_ES1814A,2025-07-23,11.78,23,79.71,0.9,1.41,297.66,1014.48,7031.03,5,9.5,6200.0,0.106,PM2.5-1HR
951,ESP_ES1397A,2025-07-24,2.99,19.93,77.67,0.23,1.57,187.56,1014.89,9518.18,1,3.9,6200.0,1.787,PM2.5-1HR
951,ESP_ES1438A,2025-07-24,7.45,21.23,82.96,1.35,1.68,1.57,1014.46,28106.79,3,6.7,6200.0,0.035,PM2.5-1HR
951,ESP_ES1814A,2025-07-24,7.48,20.42,81.29,2.09,1.49,223.54,1014.72,7031.03,5,9.5,6200.0,0.106,PM2.5-1HR
951,ESP_ES1397A,2025-07-25,3.79,19.04,72.63,0.04,1.14,84.67,1016.63,9518.18,1,3.9,6200.0,1.787,PM2.5-1HR
951,ESP_ES1438A,2025-07-25,7.57,21.87,75.54,0.08,2.15,255.92,1015.82,28106.79,4,8.1,6200.0,0.035,PM2.5-1HR
951,ESP_ES1814A,2025-07-25,9.21,20.8,73.63,0.13,1.85,314.85,1016.1,7031.03,5,9.5,6200.0,0.106,PM2.5-1HR
951,ESP_ES1397A,2025-07-26,8.16,20.48,68.46,0,1.23,83.01,1017.79,9518.18,4,8.1,6200.0,1.787,PM2.5-1HR
951,ESP_ES1438A,2025-07-26,8.53,22.34,76.79,0.38,1.74,237.47,1017.1,28106.79,5,9.5,6200.0,0.035,PM2.5-1HR
951,ESP_ES1814A,2025-07-26,11.02,21.75,74.5,0.17,1.55,97.13,1017.34,7031.03,7,12.3,6200.0,0.106,PM2.5-1HR
951,ESP_ES1397A,2025-07-27,10.2,22.03,69.58,0.04,1.41,129.66,1017.19,9518.18,6,10.9,6200.0,1.787,PM2.5-1HR
951,ESP_ES1438A,2025-07-27,10.38,23.25,77.75,0,1.93,78.03,1016.45,28106.79,9,15.1,6200.0,0.035,PM2.5-1HR
951,ESP_ES1814A,2025-07-27,13.08,22.3,75.29,0,1.79,64.55,1016.8,7031.03,11,17.9,6200.0,0.106,PM2.5-1HR
951,ESP_ES1397A,2025-07-28,11.04,22.14,73.75,0.05,1.12,206.72,1015.71,9518.18,6,10.9,6200.0,1.787,PM2.5-1HR
951,ESP_ES1438A,2025-07-28,9.69,23.35,77.63,0.05,1.91,111.98,1015.05,28106.79,6,10.9,6200.0,0.035,PM2.5-1HR
951,ESP_ES1814A,2025-07-28,14.24,22.15,78.79,0.14,1.89,100.54,1015.46,7031.03,8,13.7,6200.0,0.106,PM2.5-1HR
951,ESP_ES1397A,2025-07-29,9.46,20.72,62.79,0.03,1.66,239.77,1017.92,9518.18,5,9.5,6200.0,1.787,PM2.5-1HR
951,ESP_ES1814A,2025-07-29,12.58,21.43,77.63,0.12,1.85,20.32,1017.73,7031.03,9,15.1,6200.0,0.106,PM2.5-1HR
951,ESP_ES1397A,2025-07-30,11.53,21.65,70.75,0.03,1.44,116.21,1019.15,9518.18,8,13.7,6200.0,1.787,PM2.5-1HR
951,ESP_ES1438A,2025-07-30,9.55,22.93,74,0.06,2.21,113.4,1018.51,28106.79,7,12.3,6200.0,0.035,PM2.5-1HR
951,ESP_ES1814A,2025-07-30,12.58,21.36,78.58,0.08,1.77,72.78,1018.92,7031.03,7,12.3,6200.0,0.106,PM2.5-1HR
951,ESP_ES1814A,2025-07-31,13.2,22.39,75.29,0.02,1.85,290.83,1018.79,7031.03,9,15.1,6200.0,0.106,PM2.5-1HR
951,ESP_ES1397A,2025-07-31,11.16,22.38,70.29,0.01,1.44,192.51,1019.31,9518.18,4,8.1,6200.0,1.787,PM2.5-1HR
951,ESP_ES1438A,2025-07-31,9.13,23.65,72.83,0.01,2.22,243.85,1018.5,28106.79,7,12.3,6200.0,0.035,PM2.5-1HR
951,ESP_ES1397A,2025-08-01,10.47,21.68,76.71,0.18,1.46,107.91,1016.45,9518.18,5,9.5,6200.0,1.787,PM2.5-1HR
951,ESP_ES1438A,2025-08-01,8.48,24.13,75.33,0.02,2.08,226.5,1015.38,28106.79,6,10.9,6200.0,0.035,PM2.5-1HR
951,ESP_ES1814A,2025-08-01,12.74,22.93,76.79,0.04,1.5,262.04,1015.73,7031.03,8,13.7,6200.0,0.106,PM2.5-1HR
951,ESP_ES1397A,2025-08-02,7.91,22.64,72.25,0.15,1.75,213.53,1015.22,9518.18,5,9.5,6200.0,1.787,PM2.5-1HR
951,ESP_ES1438A,2025-08-02,7.96,24.1,78.92,0.07,1.78,132.01,1014.5,28106.79,6,10.9,6200.0,0.035,PM2.5-1HR
951,ESP_ES1814A,2025-08-02,10.67,22.47,82.38,0.12,1.98,64.58,1014.93,7031.03,7,12.3,6200.0,0.106,PM2.5-1HR
951,ESP_ES1397A,2025-08-03,8.5,22.8,69.54,0.04,1.57,199.22,1018.5,9518.18,6,10.9,6200.0,1.787,PM2.5-1HR
951,ESP_ES1438A,2025-08-03,7.46,23.65,72.67,0.03,2.02,134.65,1018.05,28106.79,6,10.9,6200.0,0.035,PM2.5-1HR
951,ESP_ES1814A,2025-08-03,9.99,22.1,76.04,0,1.7,314.14,1018.34,7031.03,8,13.7,6200.0,0.106,PM2.5-1HR
951,ESP_ES1397A,2025-08-04,13.61,23.47,70.75,0,1.11,228.92,1021.46,9518.18,11,17.9,6200.0,1.787,PM2.5-1HR
951,ESP_ES1438A,2025-08-04,9.51,24.98,72.71,0,2.54,253.65,1020.44,28106.79,8,13.7,6200.0,0.035,PM2.5-1HR
951,ESP_ES1814A,2025-08-04,13.21,23.73,75.92,0,1.94,279.41,1020.7,7031.03,12,19.3,6200.0,0.106,PM2.5-1HR
951,ESP_ES1397A,2025-08-05,12.91,25.48,63.42,0.05,1.62,154.76,1020.71,9518.18,7,12.3,6200.0,1.787,PM2.5-1HR
951,ESP_ES1438A,2025-08-05,11.87,25.75,72.33,0,1.63,203.75,1019.58,28106.79,7,12.3,6200.0,0.035,PM2.5-1HR
951,ESP_ES1814A,2025-08-05,13.7,24.95,69.25,0,1.68,58.43,1019.9,7031.03,7,12.3,6200.0,0.106,PM2.5-1HR
951,ESP_ES1397A,2025-08-06,13.65,24.72,55.58,0,2.08,197,1019.87,9518.18,10,16.5,6200.0,1.787,PM2.5-1HR
951,ESP_ES1438A,2025-08-06,10.32,24.96,71.71,0,2.23,203.88,1019.06,28106.79,5,9.5,6200.0,0.035,PM2.5-1HR
951,ESP_ES1814A,2025-08-06,13.34,24.03,66.46,0,1.99,80.74,1019.36,7031.03,7,12.3,6200.0,0.106,PM2.5-1HR
951,ESP_ES1397A,2025-08-07,19.06,24.9,65.21,0,1.44,211,1018.95,9518.18,9,15.1,6200.0,1.787,PM2.5-1HR
951,ESP_ES1438A,2025-08-07,15.35,25.02,77.08,0,1.63,202.11,1018.08,28106.79,8,13.7,6200.0,0.035,PM2.5-1HR
951,ESP_ES1814A,2025-08-07,14.56,24.11,72.13,0,1.52,110.84,1018.35,7031.03,8,13.7,6200.0,0.106,PM2.5-1HR
951,ESP_ES1397A,2025-08-08,22.99,26.68,62.42,0,1.02,194.48,1019.83,9518.18,19,29.1,6200.0,1.787,PM2.5-1HR
951,ESP_ES1438A,2025-08-08,15.95,25.03,79.5,0,1.48,105.43,1019.03,28106.79,9,15.1,6200.0,0.035,PM2.5-1HR
951,ESP_ES1814A,2025-08-08,16.46,24.79,67.83,0,1.28,159.96,1019.28,7031.03,11,17.9,6200.0,0.106,PM2.5-1HR
951,ESP_ES1397A,2025-08-09,35,27.13,64.46,0,1.26,86.42,1020.35,9518.18,21,31.9,6200.0,1.787,PM2.5-1HR
951,ESP_ES1438A,2025-08-09,16.58,25.59,75.17,0,1.6,164.49,1019.56,28106.79,10,16.5,6200.0,0.035,PM2.5-1HR
951,ESP_ES1814A,2025-08-09,18.49,24.73,78.33,0,1.34,114,1019.84,7031.03,12,19.3,6200.0,0.106,PM2.5-1HR
951,ESP_ES1397A,2025-08-10,41.22,28.68,55.75,0,0.79,88.86,1020.7,9518.18,17,26.3,6200.0,1.787,PM2.5-1HR
951,ESP_ES1438A,2025-08-10,19.18,27.83,72.08,0,1.45,206.2,1019.4,28106.79,10,16.5,6200.0,0.035,PM2.5-1HR
951,ESP_ES1814A,2025-08-10,23.62,27.43,72.33,0,1.26,323.05,1019.75,7031.03,16,24.9,6200.0,0.106,PM2.5-1HR
951,ESP_ES1397A,2025-08-11,28.45,29.16,47.79,0,0.99,5.62,1017.77,9518.18,22,33.3,6200.0,1.787,PM2.5-1HR
951,ESP_ES1438A,2025-08-11,22.67,28.54,64.46,0,1.7,138,1016.4,28106.79,18,27.7,6200.0,0.035,PM2.5-1HR
951,ESP_ES1814A,2025-08-11,25.92,27.82,62.75,0,1.46,64.75,1016.78,7031.03,17,26.3,6200.0,0.106,PM2.5-1HR
951,ESP_ES1397A,2025-08-12,29.87,29.23,46.29,0,1.05,83.26,1016.78,9518.18,23,34.7,6200.0,1.787,PM2.5-1HR
951,ESP_ES1438A,2025-08-12,23.19,28.1,70.33,0,1.58,122.01,1015.63,28106.79,19,29.1,6200.0,0.035,PM2.5-1HR
951,ESP_ES1814A,2025-08-12,24.99,27.48,63.5,0,1.19,89.83,1016,7031.03,19,29.1,6200.0,0.106,PM2.5-1HR
951,ESP_ES1397A,2025-08-13,28.37,28.13,49.92,0,1.4,111.27,1016.43,9518.18,19,29.1,6200.0,1.787,PM2.5-1HR
951,ESP_ES1438A,2025-08-13,20.31,27.93,72.92,0,1.55,175.01,1015.25,28106.79,15,23.5,6200.0,0.035,PM2.5-1HR
951,ESP_ES1814A,2025-08-13,25.04,27.54,61.88,0,1.14,83.85,1015.62,7031.03,15,23.5,6200.0,0.106,PM2.5-1HR
951,ESP_ES1397A,2025-08-14,22.21,27.35,47,0,1.35,328.64,1017.78,9518.18,15,23.5,6200.0,1.787,PM2.5-1HR
951,ESP_ES1438A,2025-08-14,16.13,29.26,58.5,0,1.87,218.96,1016.02,28106.79,13,20.7,6200.0,0.035,PM2.5-1HR
951,ESP_ES1814A,2025-08-14,20.37,28.7,53,0,1.01,319.43,1016.42,7031.03,15,23.5,6200.0,0.106,PM2.5-1HR
951,ESP_ES1397A,2025-08-15,20.57,27.46,48.75,0,0.91,335.66,1019.42,9518.18,14,22.1,6200.0,1.787,PM2.5-1HR
951,ESP_ES1438A,2025-08-15,17.02,28.25,55.25,0,1.47,210.66,1017.95,28106.79,12,19.3,6200.0,0.035,PM2.5-1HR
951,ESP_ES1814A,2025-08-15,20.08,27.56,51.21,0,1.51,46.49,1018.33,7031.03,13,20.7,6200.0,0.106,PM2.5-1HR
951,ESP_ES1397A,2025-08-16,25.03,29.15,41.75,0,1.44,9.62,1018.05,9518.18,19,29.1,6200.0,1.787,PM2.5-1HR
951,ESP_ES1438A,2025-08-16,17.06,29.69,50.58,0,2.17,231.89,1016.44,28106.79,13,20.7,6200.0,0.035,PM2.5-1HR
951,ESP_ES1814A,2025-08-16,21.54,29.12,44.42,0,2.06,301.14,1016.85,7031.03,18,27.7,6200.0,0.106,PM2.5-1HR
951,ESP_ES1397A,2025-08-17,33.67,30.73,33,0,1.88,354.89,1014.69,9518.18,27,40.3,6200.0,1.787,PM2.5-1HR
951,ESP_ES1438A,2025-08-17,21.13,28.66,54.63,0,2.21,222.97,1013.44,28106.79,15,23.5,6200.0,0.035,PM2.5-1HR
951,ESP_ES1814A,2025-08-17,25.74,28.75,50.71,0,1.82,309.63,1013.79,7031.03,21,31.9,6200.0,0.106,PM2.5-1HR
951,ESP_ES1397A,2025-08-18,34.98,27.63,43.96,0.01,1.52,232.83,1014.37,9518.18,20,30.5,6200.0,1.787,PM2.5-1HR
951,ESP_ES1438A,2025-08-18,17.13,27.91,60.42,0,1.72,119.55,1013.38,28106.79,11,17.9,6200.0,0.035,PM2.5-1HR
951,ESP_ES1814A,2025-08-18,23.49,27.55,53.92,0,1.34,81.37,1013.73,7031.03,13,20.7,6200.0,0.106,PM2.5-1HR
951,ESP_ES1397A,2025-08-19,20.57,24.14,64.96,0.24,1.25,187.84,1013.85,9518.18,17,26.3,6200.0,1.787,PM2.5-1HR
951,ESP_ES1438A,2025-08-19,17.7,26.96,64.13,0.01,1.87,98.86,1012.25,28106.79,13,20.7,6200.0,0.035,PM2.5-1HR
951,ESP_ES1814A,2025-08-19,21.66,25.96,62.75,0.04,1.27,22.68,1012.63,7031.03,19,29.1,6200.0,0.106,PM2.5-1HR
951,ESP_ES1814A,2025-08-20,17.04,22.61,74.75,0.93,1.82,304.61,1010.15,7031.03,10,16.5,6200.0,0.106,PM2.5-1HR
951,ESP_ES1397A,2025-08-20,15.95,20.52,79.67,0.93,1.65,292.69,1011.04,9518.18,6,10.9,6200.0,1.787,PM2.5-1HR
951,ESP_ES1438A,2025-08-20,16.29,24.1,72.25,0.75,2.22,192.15,1009.79,28106.79,11,17.9,6200.0,0.035,PM2.5-1HR
951,ESP_ES1814A,2025-08-21,11.62,20.92,76.92,0.05,1.52,340.2,1011.19,7031.03,7,12.3,6200.0,0.106,PM2.5-1HR
951,ESP_ES1397A,2025-08-21,13.1,19.08,80.08,0.02,1.21,347.86,1011.77,9518.18,8,13.7,6200.0,1.787,PM2.5-1HR
951,ESP_ES1438A,2025-08-21,10.07,22.01,75.96,0,2.03,232.46,1010.97,28106.79,7,12.3,6200.0,0.035,PM2.5-1HR
951,ESP_ES1814A,2025-08-22,11.8,21.54,77.46,0.1,1.9,49.78,1015.56,7031.03,8,13.7,6200.0,0.106,PM2.5-1HR
951,ESP_ES1397A,2025-08-22,10.38,20.21,75.83,0.01,1.2,159.79,1015.98,9518.18,6,10.9,6200.0,1.787,PM2.5-1HR
951,ESP_ES1438A,2025-08-22,9.69,23,77.29,0.08,1.85,95.81,1015.14,28106.79,8,13.7,6200.0,0.035,PM2.5-1HR
951,ESP_ES1814A,2025-08-23,13.32,22.56,77.88,0.08,1.56,299.09,1016.03,7031.03,9,15.1,6200.0,0.106,PM2.5-1HR
951,ESP_ES1397A,2025-08-23,11.16,21.65,73.79,0,1.16,237.09,1016.6,9518.18,6,10.9,6200.0,1.787,PM2.5-1HR
951,ESP_ES1438A,2025-08-23,9.87,23.56,77.21,0.03,1.91,220.09,1015.75,28106.79,8,13.7,6200.0,0.035,PM2.5-1HR
951,ESP_ES1814A,2025-08-24,13.81,22.95,80.21,0,1.66,277.28,1015.56,7031.03,13,20.7,6200.0,0.106,PM2.5-1HR
951,ESP_ES1397A,2025-08-24,15.83,22.11,73.46,0.01,1.46,295.78,1016.28,9518.18,12,19.3,6200.0,1.787,PM2.5-1HR
951,ESP_ES1438A,2025-08-24,11,24.04,79.79,0.03,1.79,239.23,1015.27,28106.79,9,15.1,6200.0,0.035,PM2.5-1HR
951,ESP_ES1814A,2025-08-25,20.63,23.31,80.42,0.07,1.55,307.09,1016.53,7031.03,15,23.5,6200.0,0.106,PM2.5-1HR
951,ESP_ES1397A,2025-08-25,18.87,22.01,75.21,0.01,1.6,285.04,1017.61,9518.18,13,20.7,6200.0,1.787,PM2.5-1HR
951,ESP_ES1438A,2025-08-25,16.03,24.58,82.92,0.06,1.64,245.75,1016.23,28106.79,11,17.9,6200.0,0.035,PM2.5-1HR
951,ESP_ES1814A,2025-08-26,21.5,24.8,70.83,0,1.5,46.49,1013.64,7031.03,16,24.9,6200.0,0.106,PM2.5-1HR
951,ESP_ES1397A,2025-08-26,19.69,24.37,64.58,0,1.25,43.93,1014.58,9518.18,16,24.9,6200.0,1.787,PM2.5-1HR
951,ESP_ES1438A,2025-08-26,17.57,25.22,77.17,0,1.69,69.12,1013.31,28106.79,10,16.5,6200.0,0.035,PM2.5-1HR
951,ESP_ES1814A,2025-08-27,28.91,25.03,69.46,0.05,1.95,33.57,1009.75,7031.03,17,26.3,6200.0,0.106,PM2.5-1HR
951,ESP_ES1397A,2025-08-27,22.7,23.75,74.75,0.04,1.38,69.76,1011.17,9518.18,19,29.1,6200.0,1.787,PM2.5-1HR
951,ESP_ES1438A,2025-08-27,20.07,25.5,75.25,0.02,2.88,47.5,1009.42,28106.79,13,20.7,6200.0,0.035,PM2.5-1HR
951,ESP_ES1814A,2025-08-28,21.65,21.81,83.13,0.18,1.46,290.32,1007.93,7031.03,7,12.3,6200.0,0.106,PM2.5-1HR
951,ESP_ES1397A,2025-08-28,19.8,20.18,85.42,0.71,1.43,26.73,1008.85,9518.18,7,12.3,6200.0,1.787,PM2.5-1HR
951,ESP_ES1438A,2025-08-28,17.61,23.25,82.67,0.3,1.22,228.92,1007.59,28106.79,10,16.5,6200.0,0.035,PM2.5-1HR
951,ESP_ES1814A,2025-08-29,8.45,21.22,69.08,0.04,2.15,320.24,1010.66,7031.03,4,8.1,6200.0,0.106,PM2.5-1HR
951,ESP_ES1397A,2025-08-29,6.45,18.04,79.58,0.23,2.08,268.63,1011.36,9518.18,1,3.9,6200.0,1.787,PM2.5-1HR
951,ESP_ES1438A,2025-08-29,7.95,23.06,62.92,0.06,2.78,232.32,1010.4,28106.79,4,8.1,6200.0,0.035,PM2.5-1HR
951,ESP_ES1814A,2025-08-30,6.75,19.99,77.75,0,1.73,39.72,1014.1,7031.03,4,8.1,6200.0,0.106,PM2.5-1HR
951,ESP_ES1397A,2025-08-30,4.32,18.69,77.58,0,1.66,95.46,1014.43,9518.18,2,5.3,6200.0,1.787,PM2.5-1HR
951,ESP_ES1438A,2025-08-30,5.98,22.04,70.92,0,2.25,48.54,1013.78,28106.79,3,6.7,6200.0,0.035,PM2.5-1HR
951,ESP_ES1814A,2025-08-31,11.55,22.79,78.17,0.01,2.11,286.86,1012.35,7031.03,9,15.1,6200.0,0.106,PM2.5-1HR
951,ESP_ES1397A,2025-08-31,8.57,20.7,81.63,0.08,2.11,245.48,1013.02,9518.18,6,10.9,6200.0,1.787,PM2.5-1HR
951,ESP_ES1438A,2025-08-31,7.53,24.4,73.88,0.02,2.52,161.28,1011.98,28106.79,5,9.5,6200.0,0.035,PM2.5-1HR
951,ESP_ES1397A,2025-09-01,3.08,18.97,75.96,0.54,2.12,182.54,1011.11,9518.18,1,3.9,6200.0,1.787,PM2.5-1HR
951,ESP_ES1438A,2025-09-01,5.41,23,74.58,0.45,2.16,195.21,1010.01,28106.79,3,6.7,6200.0,0.035,PM2.5-1HR
951,ESP_ES1814A,2025-09-01,5.95,21.63,74.83,1.48,1.93,287.37,1010.35,7031.03,2,5.3,6200.0,0.106,PM2.5-1HR
951,ESP_ES1397A,2025-09-02,3.78,17.7,70,0,1.83,273.88,1016.2,9518.18,1,3.9,6200.0,1.787,PM2.5-1HR
951,ESP_ES1438A,2025-09-02,4.92,21.85,65.33,0,2.79,266.22,1015.31,28106.79,4,8.1,6200.0,0.035,PM2.5-1HR
951,ESP_ES1814A,2025-09-02,6.15,20.3,68.67,0,2.16,310.89,1015.58,7031.03,4,8.1,6200.0,0.106,PM2.5-1HR
951,ESP_ES1397A,2025-09-03,5.29,19.87,63.63,0,2.45,281.05,1016.3,9518.18,2,5.3,6200.0,1.787,PM2.5-1HR
951,ESP_ES1438A,2025-09-03,7.21,22.25,71.21,0,2.7,265.36,1015.6,28106.79,4,8.1,6200.0,0.035,PM2.5-1HR
951,ESP_ES1814A,2025-09-03,9.49,21.08,67.88,0,1.91,276.75,1015.81,7031.03,6,10.9,6200.0,0.106,PM2.5-1HR
951,ESP_ES1397A,2025-09-04,6.98,20.28,79.17,0.09,1.8,143.55,1015.81,9518.18,4,8.1,6200.0,1.787,PM2.5-1HR
951,ESP_ES1438A,2025-09-04,7.32,23.65,78.17,0.01,2.4,254.36,1014.48,28106.79,5,9.5,6200.0,0.035,PM2.5-1HR
951,ESP_ES1814A,2025-09-04,11.37,22.61,78.33,0.01,1.86,277.06,1014.79,7031.03,7,12.3,6200.0,0.106,PM2.5-1HR
951,ESP_ES1397A,2025-09-05,7.27,20.79,75.04,0.02,2.11,212.43,1020.93,9518.18,4,8.1,6200.0,1.787,PM2.5-1HR
951,ESP_ES1438A,2025-09-05,7.78,22.83,71.79,0,2.1,92.3,1020.32,28106.79,4,8.1,6200.0,0.035,PM2.5-1HR
951,ESP_ES1814A,2025-09-05,6.92,21.11,77,0.01,1.46,236.22,1020.58,7031.03,4,8.1,6200.0,0.106,PM2.5-1HR
951,ESP_ES1397A,2025-09-06,7.76,20.09,73.17,0,1.41,225.01,1019.94,9518.18,5,9.5,6200.0,1.787,PM2.5-1HR
951,ESP_ES1438A,2025-09-06,5.42,22.34,70,0,1.83,131.51,1019.15,28106.79,4,8.1,6200.0,0.035,PM2.5-1HR
951,ESP_ES1814A,2025-09-06,7.46,20.29,76.21,0,1.7,22.8,1019.4,7031.03,5,9.5,6200.0,0.106,PM2.5-1HR
951,ESP_ES1397A,2025-09-07,11.47,22.21,72.38,0,1.36,232.01,1016.99,9518.18,8,13.7,6200.0,1.787,PM2.5-1HR
951,ESP_ES1438A,2025-09-07,8.28,24.4,73.29,0,2.02,71.7,1015.93,28106.79,4.5,8.8,6200.0,0.035,PM2.5-1HR
951,ESP_ES1814A,2025-09-07,13.3,22.45,80,0,1.2,59.05,1016.27,7031.03,8,13.7,6200.0,0.106,PM2.5-1HR
951,ESP_ES1856A,2025-09-07,7.43,24.32,73.29,0,2.02,71.7,1015.93,23462.69,4.5,8.8,6200.0,1.211,PM2.5-1HR
951,ESP_ES1397A,2025-09-08,12.58,21.77,84.17,0.21,1.12,246.78,1016.42,9518.18,6,10.9,6200.0,1.787,PM2.5-1HR
951,ESP_ES1438A,2025-09-08,13.31,24.39,79.79,0.02,2.54,88.88,1015.2,28106.79,6.5,11.6,6200.0,0.035,PM2.5-1HR
951,ESP_ES1814A,2025-09-08,13.6,23.11,82.83,0.06,0.95,195.09,1015.55,7031.03,10,16.5,6200.0,0.106,PM2.5-1HR
951,ESP_ES1856A,2025-09-08,8.59,24.32,79.75,0.02,2.54,88.88,1015.2,23462.69,6.5,11.6,6200.0,1.211,PM2.5-1HR
951,ESP_ES1397A,2025-09-09,3.74,18.65,88.38,0.41,1.33,208.8,1014.95,9518.18,1,3.9,6200.0,1.787,PM2.5-1HR
951,ESP_ES1438A,2025-09-09,7.7,21.68,83.71,1.12,1.81,44.35,1013.83,28106.79,2.5,6.0,6200.0,0.035,PM2.5-1HR
951,ESP_ES1814A,2025-09-09,6.21,20.41,84.83,0.5,1.46,333.33,1014.11,7031.03,3,6.7,6200.0,0.106,PM2.5-1HR
951,ESP_ES1856A,2025-09-09,3.33,21.59,83.71,1.12,1.81,44.35,1013.83,23462.69,2.5,6.0,6200.0,1.211,PM2.5-1HR
951,ESP_ES1397A,2025-09-10,5.67,18.58,74.08,0.03,1.91,249.52,1012.59,9518.18,2,5.3,6200.0,1.787,PM2.5-1HR
951,ESP_ES1438A,2025-09-10,5.53,22.55,66.13,0,2.51,264.65,1011.83,28106.79,3.5,7.4,6200.0,0.035,PM2.5-1HR
951,ESP_ES1814A,2025-09-10,6.8,20.84,67.71,0,2.13,309.26,1012.05,7031.03,3,6.7,6200.0,0.106,PM2.5-1HR
951,ESP_ES1856A,2025-09-10,4.67,22.48,66.08,0,2.51,264.65,1011.83,23462.69,3.5,7.4,6200.0,1.211,PM2.5-1HR
951,ESP_ES1397A,2025-09-11,5.53,18.07,77.75,0.01,2.11,136.52,1017.59,9518.18,2,5.3,6200.0,1.787,PM2.5-1HR
951,ESP_ES1438A,2025-09-11,8.4,21.19,75.92,0.37,2.98,88.27,1016.94,28106.79,3.5,7.4,6200.0,0.035,PM2.5-1HR
951,ESP_ES1814A,2025-09-11,9.83,19.22,81.29,0.15,2.35,51.44,1017.4,7031.03,5,9.5,6200.0,0.106,PM2.5-1HR
951,ESP_ES1856A,2025-09-11,6.54,21.12,75.92,0.37,2.98,88.27,1016.94,23462.69,3.5,7.4,6200.0,1.211,PM2.5-1HR
951,ESP_ES1856A,2025-09-12,6.96,21.08,81.83,0.07,2.42,45.05,1020.66,23462.69,6,10.9,6200.0,1.211,PM2.5-1HR
951,ESP_ES1397A,2025-09-12,8.71,18.7,89.58,0.23,1.66,246.89,1021.59,9518.18,5,9.5,6200.0,1.787,PM2.5-1HR
951,ESP_ES1438A,2025-09-12,8.54,21.15,81.83,0.07,2.42,45.05,1020.66,28106.79,6,10.9,6200.0,0.035,PM2.5-1HR
951,ESP_ES1814A,2025-09-12,11.56,19.71,85.33,0.07,1.78,36.38,1021.02,7031.03,8,13.7,6200.0,0.106,PM2.5-1HR
951,ESP_ES1856A,2025-09-13,7.47,21.1,88.21,4.14,1.51,62.34,1018.56,23462.69,4.5,8.8,6200.0,1.211,PM2.5-1HR
951,ESP_ES1397A,2025-09-13,4.82,19.15,89.88,0.73,1.21,192.47,1019.57,9518.18,1,3.9,6200.0,1.787,PM2.5-1HR
951,ESP_ES1438A,2025-09-13,8.57,21.19,88.21,4.14,1.51,62.34,1018.56,28106.79,4.5,8.8,6200.0,0.035,PM2.5-1HR
951,ESP_ES1814A,2025-09-13,8.92,20.27,89.08,3.5,1.39,40.27,1018.85,7031.03,4,8.1,6200.0,0.106,PM2.5-1HR
951,ESP_ES1856A,2025-09-14,6.4,22.22,84,0,1.61,91.37,1020.52,23462.69,4,8.1,6200.0,1.211,PM2.5-1HR
951,ESP_ES1397A,2025-09-14,8.5,21.38,78.5,0.03,1.19,219,1021.17,9518.18,2,5.3,6200.0,1.787,PM2.5-1HR
951,ESP_ES1438A,2025-09-14,6.83,22.3,84,0,1.61,91.37,1020.52,28106.79,4,8.1,6200.0,0.035,PM2.5-1HR
951,ESP_ES1814A,2025-09-14,8.14,21.86,85.67,0.01,1.27,246.16,1020.73,7031.03,3,6.7,6200.0,0.106,PM2.5-1HR
951,ESP_ES1856A,2025-09-15,9.07,23.15,84.75,0,2,251.65,1020.83,23462.69,6,10.9,6200.0,1.211,PM2.5-1HR
951,ESP_ES1397A,2025-09-15,13.08,21.86,79.92,0,1.44,254.66,1021.73,9518.18,6,10.9,6200.0,1.787,PM2.5-1HR
951,ESP_ES1438A,2025-09-15,11.07,23.23,84.75,0,2,251.65,1020.83,28106.79,6,10.9,6200.0,0.035,PM2.5-1HR
951,ESP_ES1814A,2025-09-15,15.18,22.45,84.75,0,1.57,317.93,1021.07,7031.03,9,15.1,6200.0,0.106,PM2.5-1HR
951,ESP_ES1856A,2025-09-16,5.79,22.97,83.08,0.02,1.58,98.12,1022.75,23462.69,4,8.1,6200.0,1.211,PM2.5-1HR
951,ESP_ES1397A,2025-09-16,8.46,20.99,86.38,0.08,2.06,194.8,1023.57,9518.18,5,9.5,6200.0,1.787,PM2.5-1HR
951,ESP_ES1438A,2025-09-16,7.32,23.05,83.08,0.02,1.58,98.12,1022.75,28106.79,4,8.1,6200.0,0.035,PM2.5-1HR
951,ESP_ES1814A,2025-09-16,10.63,21.97,83.71,0.01,1.73,346.1,1023.1,7031.03,6,10.9,6200.0,0.106,PM2.5-1HR
951,ESP_ES1856A,2025-09-17,8.77,23.54,82.75,0,1.55,272.33,1022.46,23462.69,5.5,10.2,6200.0,1.211,PM2.5-1HR
951,ESP_ES1397A,2025-09-17,14.94,22.46,77.83,0.01,1.08,254.04,1023.39,9518.18,10,16.5,6200.0,1.787,PM2.5-1HR
951,ESP_ES1438A,2025-09-17,9.62,23.61,82.75,0,1.55,272.33,1022.46,28106.79,5.5,10.2,6200.0,0.035,PM2.5-1HR
951,ESP_ES1814A,2025-09-17,15.16,22.6,83.79,0,1.18,324.04,1022.73,7031.03,9,15.1,6200.0,0.106,PM2.5-1HR
951,ESP_ES1856A,2025-09-18,14.32,23.16,87.29,0,1.55,191.7,1023.35,23462.69,10.5,17.2,6200.0,1.211,PM2.5-1HR
951,ESP_ES1397A,2025-09-18,17.98,23.05,70.75,0,0.98,154.47,1024.27,9518.18,6,10.9,6200.0,1.787,PM2.5-1HR
951,ESP_ES1438A,2025-09-18,16.21,23.24,87.29,0,1.55,191.7,1023.35,28106.79,10.5,17.2,6200.0,0.035,PM2.5-1HR
951,ESP_ES1814A,2025-09-18,18.95,22.42,84.88,0,1.39,48.38,1023.6,7031.03,12,19.3,6200.0,0.106,PM2.5-1HR
951,ESP_ES1856A,2025-09-19,10.07,23.25,80.83,0,1.55,35.04,1024.29,23462.69,4.5,8.8,6200.0,1.211,PM2.5-1HR
951,ESP_ES1397A,2025-09-19,14.31,22.22,71.63,0,1.13,198,1025.13,9518.18,6,10.9,6200.0,1.787,PM2.5-1HR
951,ESP_ES1438A,2025-09-19,11.84,23.33,80.88,0,1.55,35.04,1024.29,28106.79,4.5,8.8,6200.0,0.035,PM2.5-1HR
951,ESP_ES1814A,2025-09-19,12.29,21.54,79.58,0,1.29,51.16,1024.58,7031.03,5,9.5,6200.0,0.106,PM2.5-1HR
951,ESP_ES1856A,2025-09-20,6.16,23.63,79.63,0.04,2.12,139.74,1020.63,23462.69,4.5,8.8,6200.0,1.211,PM2.5-1HR
951,ESP_ES1397A,2025-09-20,10.35,20.83,82.25,0,1.55,218.56,1021.72,9518.18,8,13.7,6200.0,1.787,PM2.5-1HR
951,ESP_ES1438A,2025-09-20,7.14,23.69,79.67,0.04,2.12,139.74,1020.63,28106.79,4.5,8.8,6200.0,0.035,PM2.5-1HR
951,ESP_ES1814A,2025-09-20,8.99,21.96,86.33,0.03,1.43,72.6,1020.99,7031.03,7,12.3,6200.0,0.106,PM2.5-1HR
951,ESP_ES1397A,2025-09-21,8.46,19.91,85.96,0.89,1.52,178.4,1014.99,9518.18,3,6.7,6200.0,1.787,PM2.5-1HR
951,ESP_ES1438A,2025-09-21,8.82,22.34,84.29,1.48,2.01,41.14,1013.81,28106.79,5.5,10.2,6200.0,0.035,PM2.5-1HR
951,ESP_ES1814A,2025-09-21,8.99,21.02,87.21,1.83,1.5,14.46,1014.17,7031.03,4,8.1,6200.0,0.106,PM2.5-1HR
951,ESP_ES1856A,2025-09-21,7.44,22.27,84.29,1.48,2.01,41.14,1013.81,23462.69,5.5,10.2,6200.0,1.211,PM2.5-1HR
951,ESP_ES1397A,2025-09-22,3.29,16.21,72.08,0.08,1.71,200.81,1014.19,9518.18,2,5.3,6200.0,1.787,PM2.5-1HR
951,ESP_ES1438A,2025-09-22,3.83,18.91,72.08,0.45,1.96,252.7,1013.88,28106.79,2,5.3,6200.0,0.035,PM2.5-1HR
951,ESP_ES1814A,2025-09-22,3.5,17.72,74.54,0.79,1.48,312.89,1013.97,7031.03,2,5.3,6200.0,0.106,PM2.5-1HR
951,ESP_ES1856A,2025-09-22,3.2,18.83,72.08,0.45,1.96,252.7,1013.88,23462.69,2,5.3,6200.0,1.211,PM2.5-1HR
951,ESP_ES1397A,2025-09-23,3.92,13.28,76.67,0.08,1.18,31.88,1017.05,9518.18,1,3.9,6200.0,1.787,PM2.5-1HR
951,ESP_ES1438A,2025-09-23,3.65,16.85,69.25,0.33,2.4,349.32,1016.67,28106.79,1.5,4.6,6200.0,0.035,PM2.5-1HR
951,ESP_ES1814A,2025-09-23,3.56,15.14,72.58,0.21,2.13,39.92,1016.88,7031.03,1,3.9,6200.0,0.106,PM2.5-1HR
951,ESP_ES1856A,2025-09-23,2.25,16.79,69.25,0.33,2.4,349.32,1016.67,23462.69,1.5,4.6,6200.0,1.211,PM2.5-1HR
951,ESP_ES1397A,2025-09-24,2.74,12.76,76.38,0,1.17,249.54,1018.98,9518.18,1,3.9,6200.0,1.787,PM2.5-1HR
951,ESP_ES1438A,2025-09-24,3.87,16.44,75.08,0.1,2.11,115.2,1018.72,28106.79,2,5.3,6200.0,0.035,PM2.5-1HR
951,ESP_ES1814A,2025-09-24,3.92,15.13,76.63,0.94,1.77,327.55,1018.87,7031.03,2,5.3,6200.0,0.106,PM2.5-1HR
951,ESP_ES1856A,2025-09-24,3.13,16.37,75.04,0.1,2.11,115.2,1018.72,23462.69,2,5.3,6200.0,1.211,PM2.5-1HR
951,ESP_ES1397A,2025-09-25,5.28,13.65,82.17,0.02,1.34,224.82,1019.7,9518.18,2,5.3,6200.0,1.787,PM2.5-1HR
951,ESP_ES1438A,2025-09-25,4.95,17.7,74.04,0.02,2.22,87.12,1018.98,28106.79,2.5,6.0,6200.0,0.035,PM2.5-1HR
951,ESP_ES1814A,2025-09-25,5.78,15.16,81.29,0.07,2.89,44.79,1019.59,7031.03,4,8.1,6200.0,0.106,PM2.5-1HR
951,ESP_ES1856A,2025-09-25,3.67,17.64,74,0.02,2.22,87.12,1018.98,23462.69,2.5,6.0,6200.0,1.211,PM2.5-1HR
951,ESP_ES1397A,2025-09-26,5.66,14.84,75.33,0.06,1.78,226.54,1019.54,9518.18,2,5.3,6200.0,1.787,PM2.5-1HR
951,ESP_ES1438A,2025-09-26,5.42,17.61,77.71,0.11,1.81,45.92,1019.05,28106.79,3.5,7.4,6200.0,0.035,PM2.5-1HR
951,ESP_ES1814A,2025-09-26,6.86,16.15,78.75,0.03,1.81,24.97,1019.29,7031.03,4,8.1,6200.0,0.106,PM2.5-1HR
951,ESP_ES1856A,2025-09-26,3.93,17.54,77.71,0.11,1.81,45.92,1019.05,23462.69,3.5,7.4,6200.0,1.211,PM2.5-1HR
951,ESP_ES1397A,2025-09-27,7.83,16.26,78.92,0,1.58,256.03,1019.45,9518.18,5,9.5,6200.0,1.787,PM2.5-1HR
951,ESP_ES1438A,2025-09-27,6.18,18.74,79.21,0,1.67,358.42,1018.95,28106.79,3.5,7.4,6200.0,0.035,PM2.5-1HR
951,ESP_ES1814A,2025-09-27,6.62,17.24,84.42,0,1.41,285.18,1019.15,7031.03,5,9.5,6200.0,0.106,PM2.5-1HR
951,ESP_ES1856A,2025-09-27,4.21,18.67,79.17,0,1.67,358.42,1018.95,23462.69,3.5,7.4,6200.0,1.211,PM2.5-1HR
951,ESP_ES1397A,2025-09-28,10.92,17.2,87.5,0,0.82,72.28,1018.08,9518.18,8,13.7,6200.0,1.787,PM2.5-1HR
951,ESP_ES1438A,2025-09-28,7.62,19.76,84.96,0.01,2.87,49.62,1017.14,28106.79,5.5,10.2,6200.0,0.035,PM2.5-1HR
951,ESP_ES1814A,2025-09-28,7.53,18.75,86.67,0,1.39,70.46,1017.39,7031.03,6,10.9,6200.0,0.106,PM2.5-1HR
951,ESP_ES1856A,2025-09-28,6.38,19.69,84.96,0.01,2.87,49.62,1017.14,23462.69,5.5,10.2,6200.0,1.211,PM2.5-1HR
951,ESP_ES1397A,2025-09-29,10.45,17.06,74.42,0,0.91,64.27,1019.14,9518.18,4,8.1,6200.0,1.787,PM2.5-1HR
951,ESP_ES1438A,2025-09-29,8.63,19.2,79,0.01,2.24,47,1018.69,28106.79,4.5,8.8,6200.0,0.035,PM2.5-1HR
951,ESP_ES1814A,2025-09-29,9.81,17.9,81.17,0.01,1.38,335.07,1018.9,7031.03,5,9.5,6200.0,0.106,PM2.5-1HR
951,ESP_ES1856A,2025-09-29,6.78,19.14,79,0.01,2.24,47,1018.69,23462.69,4.5,8.8,6200.0,1.211,PM2.5-1HR
951,ESP_ES1397A,2025-09-30,14.17,16.86,77.42,0.02,0.73,38.15,1020.35,9518.18,6,10.9,6200.0,1.787,PM2.5-1HR
951,ESP_ES1438A,2025-09-30,10.49,18.85,82.21,0,1.38,303.46,1019.93,28106.79,6.5,11.6,6200.0,0.035,PM2.5-1HR
951,ESP_ES1814A,2025-09-30,12.27,17.5,84.46,0.01,1.38,299.58,1020.14,7031.03,7,12.3,6200.0,0.106,PM2.5-1HR
951,ESP_ES1856A,2025-09-30,9.2,18.76,82.21,0,1.38,303.46,1019.93,23462.69,6.5,11.6,6200.0,1.211,PM2.5-1HR
951,ESP_ES1397A,2025-10-01,15.72,17.05,79.96,0,0.89,98.45,1021.28,9518.18,10,16.5,6200.0,1.787,PM2.5-1HR
951,ESP_ES1438A,2025-10-01,9.45,19.15,82.33,0.01,1.43,40.38,1020.71,28106.79,5.5,10.2,6200.0,0.035,PM2.5-1HR
951,ESP_ES1814A,2025-10-01,11.74,17.9,85,0.02,1.64,30.24,1021,7031.03,5,9.5,6200.0,0.106,PM2.5-1HR
951,ESP_ES1856A,2025-10-01,7.59,19.07,82.29,0.01,1.43,40.38,1020.71,23462.69,5.5,10.2,6200.0,1.211,PM2.5-1HR
951,ESP_ES1397A,2025-10-02,14.31,17.15,79.29,0.02,1.69,252.22,1022.42,9518.18,10,16.5,6200.0,1.787,PM2.5-1HR
951,ESP_ES1438A,2025-10-02,8.73,19.17,76.58,0.05,1.62,119.12,1022.19,28106.79,5.5,10.2,6200.0,0.035,PM2.5-1HR
951,ESP_ES1814A,2025-10-02,9.12,17.52,81.75,0.05,1.31,79.44,1022.43,7031.03,6,10.9,6200.0,0.106,PM2.5-1HR
951,ESP_ES1856A,2025-10-02,7.02,19.1,76.58,0.05,1.62,119.12,1022.19,23462.69,5.5,10.2,6200.0,1.211,PM2.5-1HR
951,ESP_ES1397A,2025-10-03,17.22,17.43,77.46,0,0.92,245.7,1021.66,9518.18,9,15.1,6200.0,1.787,PM2.5-1HR
951,ESP_ES1438A,2025-10-03,10.65,19.13,83.42,0,1.33,305.25,1020.9,28106.79,7,12.3,6200.0,0.035,PM2.5-1HR
951,ESP_ES1814A,2025-10-03,12.82,17.84,85.79,0,1.44,339.27,1021.1,7031.03,8,13.7,6200.0,0.106,PM2.5-1HR
951,ESP_ES1856A,2025-10-03,8.9,19.07,83.42,0,1.33,305.25,1020.9,23462.69,7,12.3,6200.0,1.211,PM2.5-1HR
951,ESP_ES1397A,2025-10-04,18.75,18.38,72.71,0,1.06,352.34,1018.63,9518.18,11,17.9,6200.0,1.787,PM2.5-1HR
951,ESP_ES1438A,2025-10-04,15.54,20.31,82.96,0,1.43,291.73,1017.78,28106.79,9.5,15.8,6200.0,0.035,PM2.5-1HR
951,ESP_ES1814A,2025-10-04,14.54,19.23,80.21,0,1.5,19.47,1018.01,7031.03,9,15.1,6200.0,0.106,PM2.5-1HR
951,ESP_ES1856A,2025-10-04,13.07,20.25,82.96,0,1.43,291.73,1017.78,23462.69,9.5,15.8,6200.0,1.211,PM2.5-1HR
951,ESP_ES1397A,2025-10-05,5.69,17.25,70.38,0,2.31,192.57,1019.35,9518.18,1,3.9,6200.0,1.787,PM2.5-1HR
951,ESP_ES1438A,2025-10-05,6.41,19.18,76.29,0.26,2.4,118.78,1019.14,28106.79,2.5,6.0,6200.0,0.035,PM2.5-1HR
951,ESP_ES1814A,2025-10-05,5.4,17.81,76.96,0.35,2.39,354.63,1019.48,7031.03,3,6.7,6200.0,0.106,PM2.5-1HR
951,ESP_ES1856A,2025-10-05,5.2,19.11,76.25,0.26,2.4,118.78,1019.14,23462.69,2.5,6.0,6200.0,1.211,PM2.5-1HR
951,ESP_ES1397A,2025-10-06,5.02,14.53,65.46,0,1.13,328.07,1024.64,9518.18,2,5.3,6200.0,1.787,PM2.5-1HR
951,ESP_ES1438A,2025-10-06,5.92,17.8,70.67,0.02,2.23,267.14,1024.19,28106.79,3,6.7,6200.0,0.035,PM2.5-1HR
951,ESP_ES1814A,2025-10-06,5.58,16.29,77.46,0,1.57,287.26,1024.3,7031.03,4,8.1,6200.0,0.106,PM2.5-1HR
951,ESP_ES1856A,2025-10-06,4.71,17.73,70.67,0.02,2.23,267.14,1024.19,23462.69,3,6.7,6200.0,1.211,PM2.5-1HR
951,ESP_ES1397A,2025-10-07,9.57,16.26,58.38,0,1.06,9.89,1022.89,9518.18,2,5.3,6200.0,1.787,PM2.5-1HR
951,ESP_ES1438A,2025-10-07,9.45,17.58,78.08,0,1.77,283.25,1022.53,28106.79,5.5,10.2,6200.0,0.035,PM2.5-1HR
951,ESP_ES1814A,2025-10-07,9.04,16.37,79.88,0,1.34,357.16,1022.7,7031.03,5,9.5,6200.0,0.106,PM2.5-1HR
951,ESP_ES1856A,2025-10-07,7.37,17.51,78.08,0,1.77,283.25,1022.53,23462.69,5.5,10.2,6200.0,1.211,PM2.5-1HR
951,ESP_ES1397A,2025-10-08,15.88,17.34,68.58,0,0.87,99.82,1020.78,9518.18,4,8.1,6200.0,1.787,PM2.5-1HR
951,ESP_ES1438A,2025-10-08,11.69,18.94,85.25,0,1.43,292.37,1020.32,28106.79,7,12.3,6200.0,0.035,PM2.5-1HR
951,ESP_ES1814A,2025-10-08,13.4,17.29,84.79,0,1.21,2.33,1020.52,7031.03,9,15.1,6200.0,0.106,PM2.5-1HR
951,ESP_ES1856A,2025-10-08,9.7,18.86,85.25,0,1.43,292.37,1020.32,23462.69,7,12.3,6200.0,1.211,PM2.5-1HR
951,ESP_ES1397A,2025-10-09,16.02,17.54,79.67,0.03,0.8,126.18,1021.22,9518.18,8,13.7,6200.0,1.787,PM2.5-1HR
951,ESP_ES1438A,2025-10-09,12.66,18.53,87.83,0.29,0.96,338.37,1020.78,28106.79,7,12.3,6200.0,0.035,PM2.5-1HR
951,ESP_ES1814A,2025-10-09,14.68,17.23,89.13,0.08,0.79,342.2,1021,7031.03,7,12.3,6200.0,0.106,PM2.5-1HR
951,ESP_ES1856A,2025-10-09,9.31,18.46,87.83,0.29,0.96,338.37,1020.78,23462.69,7,12.3,6200.0,1.211,PM2.5-1HR
951,ESP_ES1397A,2025-10-10,8.07,16.57,73.21,0.02,1.96,58.91,1025.13,9518.18,2,5.3,6200.0,1.787,PM2.5-1HR
951,ESP_ES1438A,2025-10-10,8.4,19.13,73.42,0,2.36,28.36,1024.38,28106.79,4.5,8.8,6200.0,0.035,PM2.5-1HR
951,ESP_ES1814A,2025-10-10,6.53,17.81,76.04,0.01,1.65,353.25,1024.61,7031.03,4,8.1,6200.0,0.106,PM2.5-1HR
951,ESP_ES1856A,2025-10-10,5.66,19.05,73.38,0,2.36,28.36,1024.38,23462.69,4.5,8.8,6200.0,1.211,PM2.5-1HR
951,ESP_ES1397A,2025-10-11,8.54,16.93,66.25,0,2.53,65.86,1026.3,9518.18,4,8.1,6200.0,1.787,PM2.5-1HR
951,ESP_ES1438A,2025-10-11,7.31,20.15,64.42,0,3.75,48.83,1025.05,28106.79,5,9.5,6200.0,0.035,PM2.5-1HR
951,ESP_ES1814A,2025-10-11,6.74,18.76,64.42,0,2.46,37.74,1025.27,7031.03,4,8.1,6200.0,0.106,PM2.5-1HR
951,ESP_ES1856A,2025-10-11,6.08,20.07,64.42,0,3.75,48.83,1025.05,23462.69,5,9.5,6200.0,1.211,PM2.5-1HR
951,ESP_ES1397A,2025-10-12,8.36,15.88,76.88,0,1.64,76.51,1023.64,9518.18,3,6.7,6200.0,1.787,PM2.5-1HR
951,ESP_ES1438A,2025-10-12,6.96,19.27,76.92,0.04,3.25,58.89,1022.7,28106.79,5.5,10.2,6200.0,0.035,PM2.5-1HR
951,ESP_ES1814A,2025-10-12,7.7,17.58,78.25,0.01,1.67,19.87,1022.94,7031.03,6,10.9,6200.0,0.106,PM2.5-1HR
951,ESP_ES1856A,2025-10-12,5.71,19.2,76.92,0.04,3.25,58.89,1022.7,23462.69,5.5,10.2,6200.0,1.211,PM2.5-1HR
951,ESP_ES1397A,2025-10-13,9,16.21,85.63,0.28,0.97,61.92,1020.28,9518.18,5,9.5,6200.0,1.787,PM2.5-1HR
951,ESP_ES1438A,2025-10-13,9.37,18.87,88.04,0.27,1.88,51.72,1019.51,28106.79,5.5,10.2,6200.0,0.035,PM2.5-1HR
951,ESP_ES1814A,2025-10-13,11.63,17.28,89.17,0.05,1,298.71,1019.75,7031.03,7,12.3,6200.0,0.106,PM2.5-1HR
951,ESP_ES1856A,2025-10-13,7.69,18.8,88,0.27,1.88,51.72,1019.51,23462.69,5.5,10.2,6200.0,1.211,PM2.5-1HR
951,ESP_ES1397A,2025-10-14,8.2,16.45,85.54,0.13,1.43,51.91,1019.16,9518.18,1,3.9,6200.0,1.787,PM2.5-1HR
951,ESP_ES1438A,2025-10-14,12.25,18.59,88.25,0.53,1.7,14.17,1018.37,28106.79,6,10.9,6200.0,0.035,PM2.5-1HR
951,ESP_ES1814A,2025-10-14,14.62,17.36,88.96,1.16,1.19,294.6,1018.58,7031.03,8,13.7,6200.0,0.106,PM2.5-1HR
951,ESP_ES1856A,2025-10-14,9.99,18.51,88.25,0.53,1.7,14.17,1018.37,23462.69,6,10.9,6200.0,1.211,PM2.5-1HR
951,ESP_ES1397A,2025-10-15,9.13,15.1,84.58,0.25,0.92,340.82,1019.78,9518.18,5,9.5,6200.0,1.787,PM2.5-1HR
951,ESP_ES1438A,2025-10-15,14.85,17.82,85.21,0.02,1.3,354.67,1019.11,28106.79,7.5,13.0,6200.0,0.035,PM2.5-1HR
951,ESP_ES1814A,2025-10-15,13.88,16.06,87.46,0.14,1.09,315.26,1019.32,7031.03,11,17.9,6200.0,0.106,PM2.5-1HR
951,ESP_ES1856A,2025-10-15,12.48,17.75,85.21,0.02,1.3,354.67,1019.11,23462.69,7.5,13.0,6200.0,1.211,PM2.5-1HR
951,ESP_ES1397A,2025-10-16,16.03,15.22,84.67,0.08,0.99,188.33,1019.13,9518.18,9,15.1,6200.0,1.787,PM2.5-1HR
951,ESP_ES1438A,2025-10-16,15.89,17.23,85.54,0,1.29,17.06,1018.68,28106.79,10.5,17.2,6200.0,0.035,PM2.5-1HR
951,ESP_ES1814A,2025-10-16,14.2,15.95,87.17,0.03,1.24,351.43,1018.86,7031.03,9,15.1,6200.0,0.106,PM2.5-1HR
951,ESP_ES1856A,2025-10-16,13.32,17.14,85.54,0,1.29,17.06,1018.68,23462.69,10.5,17.2,6200.0,1.211,PM2.5-1HR
951,ESP_ES1397A,2025-10-17,15.81,15.43,85.04,0.1,0.88,215.61,1018.66,9518.18,10,16.5,6200.0,1.787,PM2.5-1HR
951,ESP_ES1438A,2025-10-17,16.26,16.92,89.38,0.09,0.96,311.98,1018.24,28106.79,8,13.7,6200.0,0.035,PM2.5-1HR
951,ESP_ES1814A,2025-10-17,16.63,15.66,91,0.18,1.02,358.54,1018.43,7031.03,8,13.7,6200.0,0.106,PM2.5-1HR
951,ESP_ES1856A,2025-10-17,12.62,16.84,89.38,0.09,0.96,311.98,1018.24,23462.69,8,13.7,6200.0,1.211,PM2.5-1HR
951,ESP_ES1397A,2025-10-18,16.45,15.23,85.54,0,1.23,262.25,1020.43,9518.18,11,17.9,6200.0,1.787,PM2.5-1HR
951,ESP_ES1438A,2025-10-18,15.38,17.3,89,0.07,1.15,268.55,1020.06,28106.79,9,15.1,6200.0,0.035,PM2.5-1HR
951,ESP_ES1814A,2025-10-18,13.14,15.66,91.96,0.09,0.98,350.5,1020.21,7031.03,9,15.1,6200.0,0.106,PM2.5-1HR
951,ESP_ES1856A,2025-10-18,10.88,17.24,89,0.07,1.15,268.55,1020.06,23462.69,9,15.1,6200.0,1.211,PM2.5-1HR
951,ESP_ES1397A,2025-10-19,9.63,16.24,84.79,0,3.18,237.34,1018.08,9518.18,4,8.1,6200.0,1.787,PM2.5-1HR
951,ESP_ES1438A,2025-10-19,9.92,18.11,83.46,0.02,2.49,265.91,1017.85,28106.79,4.5,8.8,6200.0,0.035,PM2.5-1HR
951,ESP_ES1814A,2025-10-19,11.59,17.13,87.25,0.09,1.93,283.08,1018.04,7031.03,5,9.5,6200.0,0.106,PM2.5-1HR
951,ESP_ES1856A,2025-10-19,5.22,18.03,83.42,0.02,2.49,265.91,1017.85,23462.69,4.5,8.8,6200.0,1.211,PM2.5-1HR
951,ESP_ES1397A,2025-10-20,6.53,17.02,79.96,0.07,3.59,235.9,1009.24,9518.18,4,8.1,6200.0,1.787,PM2.5-1HR
951,ESP_ES1438A,2025-10-20,7.62,20.63,74.13,0.43,3.17,234.9,1008.91,28106.79,4.5,8.8,6200.0,0.035,PM2.5-1HR
951,ESP_ES1814A,2025-10-20,9.03,18.61,78.71,0.31,1.88,284.21,1009.16,7031.03,6,10.9,6200.0,0.106,PM2.5-1HR
951,ESP_ES1856A,2025-10-20,5.99,20.58,74.13,0.43,3.17,234.9,1008.91,23462.69,4.5,8.8,6200.0,1.211,PM2.5-1HR
951,ESP_ES1397A,2025-10-21,6.91,15.42,78.63,0,1.59,248.14,1008.39,9518.18,1,3.9,6200.0,1.787,PM2.5-1HR
951,ESP_ES1438A,2025-10-21,5.57,19.04,71.88,0,2.1,282.55,1007.76,28106.79,2.5,6.0,6200.0,0.035,PM2.5-1HR
951,ESP_ES1814A,2025-10-21,7.66,17.47,73.92,0.04,1.95,318.16,1007.92,7031.03,2,5.3,6200.0,0.106,PM2.5-1HR
951,ESP_ES1856A,2025-10-21,2.96,18.97,71.88,0,2.1,282.55,1007.76,23462.69,2.5,6.0,6200.0,1.211,PM2.5-1HR
951,ESP_ES1397A,2025-10-22,6.49,16.84,74.96,0,2.44,260.65,1008.85,9518.18,1,3.9,6200.0,1.787,PM2.5-1HR
951,ESP_ES1438A,2025-10-22,5.24,21.11,65.88,0,2.22,253.59,1008.07,28106.79,2.5,6.0,6200.0,0.035,PM2.5-1HR
951,ESP_ES1814A,2025-10-22,6.45,19.98,66.08,0,2.17,298.01,1008.2,7031.03,3,6.7,6200.0,0.106,PM2.5-1HR
951,ESP_ES1856A,2025-10-22,2.74,21.04,65.88,0,2.22,253.59,1008.07,23462.69,2.5,6.0,6200.0,1.211,PM2.5-1HR
951,ESP_ES1397A,2025-10-23,3.7,18.09,56.13,0,4.32,262.28,1007.28,9518.18,2,5.3,6200.0,1.787,PM2.5-1HR
951,ESP_ES1438A,2025-10-23,5.83,22.18,42.42,0,5.76,268.69,1007.34,28106.79,2.5,6.0,6200.0,0.035,PM2.5-1HR
951,ESP_ES1814A,2025-10-23,4.12,20.07,51.63,0,4.28,282.77,1007.38,7031.03,2,5.3,6200.0,0.106,PM2.5-1HR
951,ESP_ES1856A,2025-10-23,4.35,22.1,42.38,0,5.76,268.69,1007.34,23462.69,2.5,6.0,6200.0,1.211,PM2.5-1HR
951,ESP_ES1397A,2025-10-24,8.32,11.73,54.83,0,1.15,278.91,1015.23,9518.18,3,6.7,6200.0,1.787,PM2.5-1HR
951,ESP_ES1438A,2025-10-24,6.81,17.04,41.25,0,2.61,271.2,1014.86,28106.79,2.5,6.0,6200.0,0.035,PM2.5-1HR
951,ESP_ES1814A,2025-10-24,8.39,13.86,62.71,0,1.81,320.36,1014.89,7031.03,5,9.5,6200.0,0.106,PM2.5-1HR
951,ESP_ES1856A,2025-10-24,4.86,16.96,41.25,0,2.61,271.2,1014.86,23462.69,2.5,6.0,6200.0,1.211,PM2.5-1HR
951,ESP_ES1397A,2025-10-25,9.41,13.33,69.88,0.04,1.63,138.35,1012.7,9518.18,5,9.5,6200.0,1.787,PM2.5-1HR
951,ESP_ES1438A,2025-10-25,8.17,17.71,67.58,0.14,1.74,280.71,1012.28,28106.79,3.5,7.4,6200.0,0.035,PM2.5-1HR
951,ESP_ES1814A,2025-10-25,8.21,16.03,69.83,0.06,1.27,296.95,1012.38,7031.03,3,6.7,6200.0,0.106,PM2.5-1HR
951,ESP_ES1856A,2025-10-25,5.4,17.63,67.58,0.14,1.74,280.71,1012.28,23462.69,3.5,7.4,6200.0,1.211,PM2.5-1HR
951,ESP_ES1397A,2025-10-26,6.63,13.41,78.8,0.02,1.25,235.19,1015.36,9518.18,3,6.7,6200.0,1.787,PM2.5-1HR
951,ESP_ES1856A,2025-10-26,3.73,16.07,78.28,0.08,1.56,269.54,1015.32,23462.69,2,5.3,6200.0,1.211,PM2.5-1HR
951,ESP_ES1438A,2025-10-26,5.09,16.14,78.28,0.08,1.56,269.54,1015.32,28106.79,2,5.3,6200.0,0.035,PM2.5-1HR
951,ESP_ES1814A,2025-10-26,6.21,14.69,85.28,0.28,1.14,308.49,1015.46,7031.03,3,6.7,6200.0,0.106,PM2.5-1HR
951,ESP_ES1397A,2025-10-27,9.53,10.56,71.25,0,1.02,321.7,1020.35,9518.18,4,8.1,6200.0,1.787,PM2.5-1HR
951,ESP_ES1856A,2025-10-27,3.21,13.84,65.67,0,2.01,287.5,1019.76,23462.69,1.5,4.6,6200.0,1.211,PM2.5-1HR
951,ESP_ES1438A,2025-10-27,4.86,13.9,65.67,0,2.01,287.5,1019.76,28106.79,1.5,4.6,6200.0,0.035,PM2.5-1HR
951,ESP_ES1814A,2025-10-27,7.12,12.05,72.04,0,1.75,311.04,1019.78,7031.03,2,5.3,6200.0,0.106,PM2.5-1HR
951,ESP_ES1856A,2025-10-28,6,14.11,72.92,0,1.88,291.69,1018.65,23462.69,5,9.5,6200.0,1.211,PM2.5-1HR
951,ESP_ES1397A,2025-10-28,13.77,11.28,70.38,0,1.14,309.11,1018.97,9518.18,3,6.7,6200.0,1.787,PM2.5-1HR
951,ESP_ES1438A,2025-10-28,9,14.18,72.92,0,1.88,291.69,1018.65,28106.79,5,9.5,6200.0,0.035,PM2.5-1HR
951,ESP_ES1814A,2025-10-28,9.91,12.85,78.67,0,1.07,333.89,1018.75,7031.03,6,10.9,6200.0,0.106,PM2.5-1HR
951,ESP_ES1856A,2025-10-29,6.06,15.49,86.25,0.05,2.09,312.33,1010.95,23462.69,5,9.5,6200.0,1.211,PM2.5-1HR
951,ESP_ES1397A,2025-10-29,35.95,11.48,89.92,0.16,1.64,274.22,1011.7,9518.18,14,22.1,6200.0,1.787,PM2.5-1HR
951,ESP_ES1438A,2025-10-29,11.08,15.56,86.25,0.05,2.09,312.33,1010.95,28106.79,5,9.5,6200.0,0.035,PM2.5-1HR
951,ESP_ES1814A,2025-10-29,15.24,14.7,86.79,0.04,1.64,306.56,1011.15,7031.03,8,13.7,6200.0,0.106,PM2.5-1HR
951,ESP_ES1856A,2025-10-30,4.78,17.42,80.71,0.01,2.36,271.3,1011.14,23462.69,2.5,6.0,6200.0,1.211,PM2.5-1HR
951,ESP_ES1397A,2025-10-30,14.69,13.79,84.83,0.05,1.29,245.6,1011.72,9518.18,4,8.1,6200.0,1.787,PM2.5-1HR
951,ESP_ES1438A,2025-10-30,6.16,17.49,80.71,0.01,2.36,271.3,1011.14,28106.79,2.5,6.0,6200.0,0.035,PM2.5-1HR
951,ESP_ES1814A,2025-10-30,11.69,16.07,81.79,0.01,1.91,294.27,1011.2,7031.03,3,6.7,6200.0,0.106,PM2.5-1HR
951,ESP_ES1856A,2025-10-31,5.03,16.44,78.54,0,2.07,259.59,1014.94,23462.69,4.5,8.8,6200.0,1.211,PM2.5-1HR
951,ESP_ES1397A,2025-10-31,14.92,12.36,81,0,1.65,235.5,1015.63,9518.18,4,8.1,6200.0,1.787,PM2.5-1HR
951,ESP_ES1438A,2025-10-31,8.59,16.5,78.54,0,2.07,259.59,1014.94,28106.79,4.5,8.8,6200.0,0.035,PM2.5-1HR
951,ESP_ES1814A,2025-10-31,12.06,15.19,74.04,0,1.8,299.08,1014.92,7031.03,4,8.1,6200.0,0.106,PM2.5-1HR
951,ESP_ES1397A,2025-11-01,23.06,13.01,76.46,0,1.53,258.87,1016.8,9518.18,4,8.1,6200.0,1.787,PM2.5-1HR
951,ESP_ES1438A,2025-11-01,13.02,16.59,79.33,0,2.31,251.6,1016.28,28106.79,5,9.5,6200.0,0.035,PM2.5-1HR
951,ESP_ES1814A,2025-11-01,11.71,16.09,72.33,0,1.81,289.46,1016.25,7031.03,4,8.1,6200.0,0.106,PM2.5-1HR
951,ESP_ES1856A,2025-11-01,5.92,16.51,79.33,0,2.31,251.6,1016.28,23462.69,5,9.5,6200.0,1.211,PM2.5-1HR
951,ESP_ES1397A,2025-11-02,15.34,13.35,82.92,0.01,1.24,132.21,1018.4,9518.18,3,6.7,6200.0,1.787,PM2.5-1HR
951,ESP_ES1856A,2025-11-02,4.17,17.44,70.54,0,2.27,296.69,1017.94,23462.69,2,5.3,6200.0,1.211,PM2.5-1HR
951,ESP_ES1438A,2025-11-02,7.91,17.5,70.54,0,2.27,296.69,1017.94,28106.79,2,5.3,6200.0,0.035,PM2.5-1HR
951,ESP_ES1814A,2025-11-02,9.99,15.49,77.71,0,1.47,332.82,1018.16,7031.03,2,5.3,6200.0,0.106,PM2.5-1HR
951,ESP_ES1856A,2025-11-03,4.83,14.91,79.96,0,1.75,288.28,1023.89,23462.69,3.5,7.4,6200.0,1.211,PM2.5-1HR
951,ESP_ES1397A,2025-11-03,12.69,11.48,80.92,0,0.99,324.89,1024.41,9518.18,3,6.7,6200.0,1.787,PM2.5-1HR
951,ESP_ES1438A,2025-11-03,6.82,15,79.96,0,1.75,288.28,1023.89,28106.79,3.5,7.4,6200.0,0.035,PM2.5-1HR
951,ESP_ES1814A,2025-11-03,9.22,12.89,86.75,0,1.34,309.46,1024.05,7031.03,5,9.5,6200.0,0.106,PM2.5-1HR
951,ESP_ES1856A,2025-11-04,5.8,14.5,80.79,0,1.9,276.41,1023.25,23462.69,4.5,8.8,6200.0,1.211,PM2.5-1HR
951,ESP_ES1397A,2025-11-04,15.65,10.42,81.17,0,1.23,302.95,1023.94,9518.18,6,10.9,6200.0,1.787,PM2.5-1HR
951,ESP_ES1438A,2025-11-04,8.67,14.57,80.79,0,1.9,276.41,1023.25,28106.79,4.5,8.8,6200.0,0.035,PM2.5-1HR
951,ESP_ES1814A,2025-11-04,13.53,13.24,82.67,0.01,1.48,309.31,1023.34,7031.03,6,10.9,6200.0,0.106,PM2.5-1HR
951,ESP_ES1339A,2025-11-05,6.4,16.86,80.5,0.13,2.59,101.99,1019.17,10900.91,6,10.9,6200.0,1.098,PM2.5-1HR
951,ESP_ES1856A,2025-11-05,5.87,15.32,86.08,0.08,1.51,246.08,1019.42,23462.69,4,8.1,6200.0,1.211,PM2.5-1HR
951,ESP_ES1397A,2025-11-05,13.06,12.31,88.08,0.01,1.98,270.14,1020.07,9518.18,2,5.3,6200.0,1.787,PM2.5-1HR
951,ESP_ES1438A,2025-11-05,10.21,15.39,86.08,0.08,1.51,246.08,1019.42,28106.79,4,8.1,6200.0,0.035,PM2.5-1HR
951,ESP_ES1814A,2025-11-05,14.97,14.19,90.71,0.22,1.27,329.41,1019.61,7031.03,9,15.1,6200.0,0.106,PM2.5-1HR
951,ESP_ES1339A,2025-11-06,2.91,16.87,71.21,0.67,3.66,253.42,1009.52,10900.91,1,3.9,6200.0,1.098,PM2.5-1HR
951,ESP_ES1856A,2025-11-06,3.21,16.19,78.08,0.54,1.96,292.43,1009.33,23462.69,2,5.3,6200.0,1.211,PM2.5-1HR
951,ESP_ES1397A,2025-11-06,6.63,12.24,95.13,0.88,1.29,277.09,1009.97,9518.18,2,5.3,6200.0,1.787,PM2.5-1HR
951,ESP_ES1438A,2025-11-06,5.11,16.26,78.08,0.54,1.96,292.43,1009.33,28106.79,2,5.3,6200.0,0.035,PM2.5-1HR
951,ESP_ES1814A,2025-11-06,6.41,14.48,84.42,0.97,1.93,339.89,1009.54,7031.03,2,5.3,6200.0,0.106,PM2.5-1HR
951,ESP_ES1339A,2025-11-07,3.69,15.38,59.58,0,2.07,301.29,1011.73,10900.91,2,5.3,6200.0,1.098,PM2.5-1HR
951,ESP_ES1814A,2025-11-07,7.54,12.2,80,0.07,1.53,320.59,1011.66,7031.03,3,6.7,6200.0,0.106,PM2.5-1HR
951,ESP_ES1856A,2025-11-07,3.63,13.93,72.29,0,1.93,279.16,1011.67,23462.69,2,5.3,6200.0,1.211,PM2.5-1HR
951,ESP_ES1397A,2025-11-07,11.29,10.19,86.21,0,0.78,287.34,1012.15,9518.18,5,9.5,6200.0,1.787,PM2.5-1HR
951,ESP_ES1438A,2025-11-07,5.2,14.01,72.29,0,1.93,279.16,1011.67,28106.79,2,5.3,6200.0,0.035,PM2.5-1HR
951,ESP_ES1339A,2025-11-08,4.49,14.05,77.83,0.61,2.33,323,1012.61,10900.91,2,5.3,6200.0,1.098,PM2.5-1HR
951,ESP_ES1814A,2025-11-08,13.45,11.11,87.38,0.04,1.63,313.75,1012.57,7031.03,3,6.7,6200.0,0.106,PM2.5-1HR
951,ESP_ES1856A,2025-11-08,4.96,12.5,83,0.06,1.39,294.39,1012.5,23462.69,3.5,7.4,6200.0,1.211,PM2.5-1HR
951,ESP_ES1397A,2025-11-08,19.81,9.68,87.67,0.04,0.74,322.72,1012.98,9518.18,9,15.1,6200.0,1.787,PM2.5-1HR
951,ESP_ES1438A,2025-11-08,9.1,12.58,83,0.06,1.39,294.39,1012.5,28106.79,3.5,7.4,6200.0,0.035,PM2.5-1HR
951,ESP_ES1814A,2025-11-09,11.69,11.06,78.96,0,1.69,357.12,1018.18,7031.03,3,6.7,6200.0,0.106,PM2.5-1HR
951,ESP_ES1856A,2025-11-09,2.83,12.76,77.96,0,2.19,292.77,1018.15,23462.69,2,5.3,6200.0,1.211,PM2.5-1HR
951,ESP_ES1339A,2025-11-09,3.47,13.42,71.38,0,1.79,303.48,1018.31,10900.91,2,5.3,6200.0,1.098,PM2.5-1HR
951,ESP_ES1397A,2025-11-09,14.29,9.55,73.58,0,0.97,288.24,1018.53,9518.18,5,9.5,6200.0,1.787,PM2.5-1HR
951,ESP_ES1438A,2025-11-09,5.16,12.84,77.96,0,2.19,292.77,1018.15,28106.79,2,5.3,6200.0,0.035,PM2.5-1HR
951,ESP_ES1339A,2025-12-04,5.4,9.99,63.92,0,2.41,288.8,1012.15,10900.91,3,6.7,6200.0,1.098,PM2.5-1HR
951,ESP_ES1397A,2025-12-04,47.83,1.84,86.33,0.05,0.4,24.6,1012.84,9518.18,29,43.1,6200.0,1.787,PM2.5-1HR
951,ESP_ES1438A,2025-12-04,8.06,7.72,73.5,0.07,2.44,284.56,1011.95,28106.79,3.5,7.4,6200.0,0.035,PM2.5-1HR
951,ESP_ES1814A,2025-12-04,19.58,4.98,84.29,0.03,1.94,317.56,1011.9,7031.03,5,9.5,6200.0,0.106,PM2.5-1HR
951,ESP_ES1856A,2025-12-04,5.55,7.65,73.5,0.07,2.44,284.56,1011.95,23462.69,3.5,7.4,6200.0,1.211,PM2.5-1HR
951,ESP_ES1339A,2025-12-05,5.04,12.27,57.25,0,4.54,293.59,1012.87,10900.91,1,3.9,6200.0,1.098,PM2.5-1HR
951,ESP_ES1397A,2025-12-05,32.87,4.47,75.33,0,0.97,156.89,1013.92,9518.18,17,26.3,6200.0,1.787,PM2.5-1HR
951,ESP_ES1438A,2025-12-05,8.87,9.66,72.08,0,1.79,292.62,1013.03,28106.79,3,6.7,6200.0,0.035,PM2.5-1HR
951,ESP_ES1814A,2025-12-05,16.01,7.36,74.92,0,1.87,333.25,1013.05,7031.03,4,8.1,6200.0,0.106,PM2.5-1HR
951,ESP_ES1856A,2025-12-05,4.41,9.59,72.08,0,1.79,292.62,1013.03,23462.69,3,6.7,6200.0,1.211,PM2.5-1HR
951,ESP_ES1339A,2025-12-06,7.09,13.85,67.42,0,2.21,298.94,1017.5,10900.91,2,5.3,6200.0,1.098,PM2.5-1HR
951,ESP_ES1397A,2025-12-06,50.07,5.05,71.79,0,0.5,29.7,1018.5,9518.18,11,17.9,6200.0,1.787,PM2.5-1HR
951,ESP_ES1438A,2025-12-06,9.82,11.13,74.5,0,1.55,286,1017.48,28106.79,4,8.1,6200.0,0.035,PM2.5-1HR
951,ESP_ES1814A,2025-12-06,19.9,9.69,75.92,0,1.42,320.85,1017.39,7031.03,2,5.3,6200.0,0.106,PM2.5-1HR
951,ESP_ES1856A,2025-12-06,4.98,11.06,74.5,0,1.55,286,1017.48,23462.69,4,8.1,6200.0,1.211,PM2.5-1HR
951,ESP_ES1339A,2025-12-07,7.54,13.6,76.5,0,2.38,317.26,1019.58,10900.91,3,6.7,6200.0,1.098,PM2.5-1HR
951,ESP_ES1397A,2025-12-07,55.25,6.34,81.38,0,0.52,66.91,1020.47,9518.18,14,22.1,6200.0,1.787,PM2.5-1HR
951,ESP_ES1438A,2025-12-07,10.45,12.08,79.25,0,2.23,278.51,1019.4,28106.79,3,6.7,6200.0,0.035,PM2.5-1HR
951,ESP_ES1814A,2025-12-07,21.02,10.71,83.5,0,1.92,319.52,1019.28,7031.03,4,8.1,6200.0,0.106,PM2.5-1HR
951,ESP_ES1856A,2025-12-07,5.07,12.01,79.25,0,2.23,278.51,1019.4,23462.69,3,6.7,6200.0,1.211,PM2.5-1HR
951,ESP_ES1339A,2025-12-08,8.56,12.64,74.04,0,2.41,310.23,1021.32,10900.91,3,6.7,6200.0,1.098,PM2.5-1HR
951,ESP_ES1397A,2025-12-08,51.89,7.4,79.63,0,0.74,7.56,1021.65,9518.18,23,34.7,6200.0,1.787,PM2.5-1HR
951,ESP_ES1438A,2025-12-08,11.07,11.73,77.42,0,2.22,270.17,1021.05,28106.79,3.5,7.4,6200.0,0.035,PM2.5-1HR
951,ESP_ES1814A,2025-12-08,19.08,11.29,79.33,0,1.35,309.15,1021.02,7031.03,6,10.9,6200.0,0.106,PM2.5-1HR
951,ESP_ES1856A,2025-12-08,6.7,11.66,77.38,0,2.22,270.17,1021.05,23462.69,3.5,7.4,6200.0,1.211,PM2.5-1HR
951,ESP_ES1339A,2025-12-09,12.36,12.2,81.83,0,1.71,284.73,1021.12,10900.91,6,10.9,6200.0,1.098,PM2.5-1HR
951,ESP_ES1397A,2025-12-09,38.18,5.63,85.71,0,0.91,7.05,1021.28,9518.18,16,24.9,6200.0,1.787,PM2.5-1HR
951,ESP_ES1438A,2025-12-09,14.88,10.29,85,0,2.08,261.99,1020.9,28106.79,7,12.3,6200.0,0.035,PM2.5-1HR
951,ESP_ES1814A,2025-12-09,23.94,10.03,80.38,0,1.4,291.51,1020.75,7031.03,9,15.1,6200.0,0.106,PM2.5-1HR
951,ESP_ES1856A,2025-12-09,9.74,10.21,85,0,2.08,261.99,1020.9,23462.69,7,12.3,6200.0,1.211,PM2.5-1HR
951,ESP_ES1339A,2025-12-10,18.74,12.28,73.33,0,1.35,329.81,1021.79,10900.91,12,19.3,6200.0,1.098,PM2.5-1HR
951,ESP_ES1397A,2025-12-10,43.8,6.66,83.42,0,0.91,78.62,1022.31,9518.18,5,9.5,6200.0,1.787,PM2.5-1HR
951,ESP_ES1438A,2025-12-10,22.87,11.23,77,0,1.74,272.21,1021.68,28106.79,11,17.9,6200.0,0.035,PM2.5-1HR
951,ESP_ES1814A,2025-12-10,24.79,10.67,72.42,0,1.57,319.06,1021.55,7031.03,5,9.5,6200.0,0.106,PM2.5-1HR
951,ESP_ES1856A,2025-12-10,12.57,11.15,77,0,1.74,272.21,1021.68,23462.69,11,17.9,6200.0,1.211,PM2.5-1HR
951,ESP_ES1339A,2025-12-11,13.96,12.12,78.83,0,2.29,336.86,1023.58,10900.91,8,13.7,6200.0,1.098,PM2.5-1HR
951,ESP_ES1397A,2025-12-11,38.94,7.31,80.96,0,0.56,29.73,1023.88,9518.18,20,30.5,6200.0,1.787,PM2.5-1HR
951,ESP_ES1438A,2025-12-11,17.78,10.53,84.83,0,1.43,287.19,1023.63,28106.79,10.5,17.2,6200.0,0.035,PM2.5-1HR
951,ESP_ES1814A,2025-12-11,22.32,9.89,83.42,0,1.01,315.75,1023.67,7031.03,10,16.5,6200.0,0.106,PM2.5-1HR
951,ESP_ES1856A,2025-12-11,12.48,10.44,84.79,0,1.43,287.19,1023.63,23462.69,10.5,17.2,6200.0,1.211,PM2.5-1HR
951,ESP_ES1339A,2025-12-12,14.23,11.98,86,0,2.31,27.82,1021.54,10900.91,7,12.3,6200.0,1.098,PM2.5-1HR
951,ESP_ES1397A,2025-12-12,37.02,5.65,89.04,0,0.69,10.38,1022.7,9518.18,12,19.3,6200.0,1.787,PM2.5-1HR
951,ESP_ES1438A,2025-12-12,15.25,11.66,85.42,0.01,1.48,348.76,1021.66,28106.79,7,12.3,6200.0,0.035,PM2.5-1HR
951,ESP_ES1814A,2025-12-12,27.57,10.19,88.38,0,1.46,348.11,1021.82,7031.03,8,13.7,6200.0,0.106,PM2.5-1HR
951,ESP_ES1856A,2025-12-12,11.46,11.59,85.42,0.01,1.48,348.76,1021.66,23462.69,7,12.3,6200.0,1.211,PM2.5-1HR
951,ESP_ES1339A,2025-12-13,10.46,12.45,74.17,0,3.8,26.61,1025.84,10900.91,5,9.5,6200.0,1.098,PM2.5-1HR
951,ESP_ES1397A,2025-12-13,36.78,5.81,85.04,0,0.99,42.59,1026.78,9518.18,21,31.9,6200.0,1.787,PM2.5-1HR
951,ESP_ES1438A,2025-12-13,10.4,12.58,75.25,0.01,2.4,16.15,1025.98,28106.79,6,10.9,6200.0,0.035,PM2.5-1HR
951,ESP_ES1814A,2025-12-13,16.88,10.27,82.46,0,1.36,3.2,1026.14,7031.03,5,9.5,6200.0,0.106,PM2.5-1HR
951,ESP_ES1856A,2025-12-13,8.26,12.48,75.25,0.01,2.4,16.15,1025.98,23462.69,6,10.9,6200.0,1.211,PM2.5-1HR
951,ESP_ES1339A,2025-12-14,10.67,11.43,80.71,0.01,4.06,24.7,1024.56,10900.91,8,13.7,6200.0,1.098,PM2.5-1HR
951,ESP_ES1397A,2025-12-14,39.82,6.12,87.25,0,0.75,67.14,1025.6,9518.18,22,33.3,6200.0,1.787,PM2.5-1HR
951,ESP_ES1438A,2025-12-14,11.13,10.29,85.54,0.11,2.37,12.09,1024.89,28106.79,7.5,13.0,6200.0,0.035,PM2.5-1HR
951,ESP_ES1814A,2025-12-14,19.7,8.62,87.75,0.06,1.42,13.64,1025.05,7031.03,8,13.7,6200.0,0.106,PM2.5-1HR
951,ESP_ES1856A,2025-12-14,9.52,10.21,85.54,0.11,2.37,12.09,1024.89,23462.69,7.5,13.0,6200.0,1.211,PM2.5-1HR
951,ESP_ES1339A,2025-12-15,14.33,12.28,92,0.5,3.46,38.85,1015.53,10900.91,9,15.1,6200.0,1.098,PM2.5-1HR
951,ESP_ES1397A,2025-12-15,34.3,8.48,96.38,0.29,1.48,47.96,1016.71,9518.18,18,27.7,6200.0,1.787,PM2.5-1HR
951,ESP_ES1438A,2025-12-15,18.94,12.23,93.96,1.51,2.67,38.51,1015.95,28106.79,8.5,14.4,6200.0,0.035,PM2.5-1HR
951,ESP_ES1814A,2025-12-15,14.64,11.11,94.79,1.85,2.58,42.06,1016.33,7031.03,7,12.3,6200.0,0.106,PM2.5-1HR
951,ESP_ES1856A,2025-12-15,15.96,12.15,93.96,1.51,2.67,38.51,1015.95,23462.69,8.5,14.4,6200.0,1.211,PM2.5-1HR
951,ESP_ES1339A,2025-12-16,15.96,12.04,89.88,0.27,3.17,50.82,1010.9,10900.91,5,9.5,6200.0,1.098,PM2.5-1HR
951,ESP_ES1397A,2025-12-16,28.64,8.07,88.17,0.19,1.23,66.57,1011.79,9518.18,12,19.3,6200.0,1.787,PM2.5-1HR
951,ESP_ES1438A,2025-12-16,23.91,11.48,89.58,0.09,2.05,29.99,1011.28,28106.79,7,12.3,6200.0,0.035,PM2.5-1HR
951,ESP_ES1814A,2025-12-16,21.53,10.49,88.71,0.04,1.67,32.03,1011.48,7031.03,9,15.1,6200.0,0.106,PM2.5-1HR
951,ESP_ES1856A,2025-12-16,18.6,11.4,89.58,0.09,2.05,29.99,1011.28,23462.69,7,12.3,6200.0,1.211,PM2.5-1HR
951,ESP_ES1339A,2025-12-17,15.82,12.47,83.83,0.07,3.43,34.74,1021.05,10900.91,12,19.3,6200.0,1.098,PM2.5-1HR
951,ESP_ES1397A,2025-12-17,32.09,8.61,85,0,0.9,66.94,1021.8,9518.18,9,15.1,6200.0,1.787,PM2.5-1HR
951,ESP_ES1438A,2025-12-17,17.74,12.1,86.92,0,1.79,41,1021.2,28106.79,12,19.3,6200.0,0.035,PM2.5-1HR
951,ESP_ES1814A,2025-12-17,17.99,10.71,85.88,0,1.21,312.3,1021.29,7031.03,12,19.3,6200.0,0.106,PM2.5-1HR
951,ESP_ES1856A,2025-12-17,14.74,12.01,86.92,0,1.79,41,1021.2,23462.69,12,19.3,6200.0,1.211,PM2.5-1HR
951,ESP_ES1339A,2025-12-18,16.57,11.72,88.38,0,1.59,353.55,1024.46,10900.91,11,17.9,6200.0,1.098,PM2.5-1HR
951,ESP_ES1397A,2025-12-18,36.14,7.34,89.08,0,1.1,261.28,1024.94,9518.18,19,29.1,6200.0,1.787,PM2.5-1HR
951,ESP_ES1438A,2025-12-18,18.29,10.45,93.25,0,1.49,291.44,1024.46,28106.79,12,19.3,6200.0,0.035,PM2.5-1HR
951,ESP_ES1814A,2025-12-18,21.95,9.83,91.42,0,1.08,324.27,1024.53,7031.03,14,22.1,6200.0,0.106,PM2.5-1HR
951,ESP_ES1856A,2025-12-18,14.62,10.39,93.25,0,1.49,291.44,1024.46,23462.69,12,19.3,6200.0,1.211,PM2.5-1HR
951,ESP_ES1339A,2025-12-19,14.71,11.15,83.04,0,1.95,343.31,1020.45,10900.91,8,13.7,6200.0,1.098,PM2.5-1HR
951,ESP_ES1397A,2025-12-19,29.78,8.65,83.17,0.01,0.84,78.9,1021.09,9518.18,10,16.5,6200.0,1.787,PM2.5-1HR
951,ESP_ES1438A,2025-12-19,21.45,11.05,88.08,0.06,1.36,294.6,1020.44,28106.79,9.5,15.8,6200.0,0.035,PM2.5-1HR
951,ESP_ES1814A,2025-12-19,27.64,10.69,81.79,0.02,1,347.48,1020.48,7031.03,18,27.7,6200.0,0.106,PM2.5-1HR
951,ESP_ES1856A,2025-12-19,12.54,10.98,88.08,0.06,1.36,294.6,1020.44,23462.69,9.5,15.8,6200.0,1.211,PM2.5-1HR
951,ESP_ES1339A,2025-12-20,12,11.13,86.38,0.16,3.09,10.16,1014.68,10900.91,5,9.5,6200.0,1.098,PM2.5-1HR
951,ESP_ES1397A,2025-12-20,39.2,9.29,96.17,0.37,0.66,32.47,1015.24,9518.18,20,30.5,6200.0,1.787,PM2.5-1HR
951,ESP_ES1438A,2025-12-20,13.02,12.41,94.25,0.52,1.27,12.08,1014.8,28106.79,4.5,8.8,6200.0,0.035,PM2.5-1HR
951,ESP_ES1814A,2025-12-20,23.77,11.31,95.54,0.6,1.29,32.14,1015,7031.03,11,17.9,6200.0,0.106,PM2.5-1HR
951,ESP_ES1856A,2025-12-20,8.71,12.33,94.25,0.52,1.27,12.08,1014.8,23462.69,4.5,8.8,6200.0,1.211,PM2.5-1HR
951,ESP_ES1339A,2025-12-21,9.34,11.7,85.71,0.03,2.39,332.22,1006.41,10900.91,4,8.1,6200.0,1.098,PM2.5-1HR
951,ESP_ES1397A,2025-12-21,18.66,9.04,90.42,0.11,1.43,241.24,1006.68,9518.18,8,13.7,6200.0,1.787,PM2.5-1HR
951,ESP_ES1438A,2025-12-21,8.7,11.91,88.75,0.11,1.72,282.88,1006.42,28106.79,4,8.1,6200.0,0.035,PM2.5-1HR
951,ESP_ES1814A,2025-12-21,17.95,10.87,88.21,0.12,1.38,312.81,1006.55,7031.03,7,12.3,6200.0,0.106,PM2.5-1HR
951,ESP_ES1856A,2025-12-21,6.57,11.84,88.75,0.11,1.72,282.88,1006.42,23462.69,4,8.1,6200.0,1.211,PM2.5-1HR
951,ESP_ES1339A,2025-12-22,4.28,8.81,70.13,0.28,3.33,301.57,1004.81,10900.91,1,3.9,6200.0,1.098,PM2.5-1HR
951,ESP_ES1397A,2025-12-22,8.91,6.23,97.25,0.7,0.92,260.51,1004.77,9518.18,1,3.9,6200.0,1.787,PM2.5-1HR
951,ESP_ES1438A,2025-12-22,4.78,8.88,80.13,0.44,2.68,292.67,1004.33,28106.79,1,3.9,6200.0,0.035,PM2.5-1HR
951,ESP_ES1814A,2025-12-22,7.35,7.68,85.38,0.5,1.96,322.09,1004.36,7031.03,2,5.3,6200.0,0.106,PM2.5-1HR
951,ESP_ES1856A,2025-12-22,3.67,8.79,80.13,0.44,2.68,292.67,1004.33,23462.69,1,3.9,6200.0,1.211,PM2.5-1HR
951,ESP_ES1339A,2025-12-23,5.19,8.05,72.04,0.11,2.2,334.22,1004.93,10900.91,2,5.3,6200.0,1.098,PM2.5-1HR
951,ESP_ES1856A,2025-12-23,3.32,7.24,81.13,0.19,2.74,304.98,1004.7,23462.69,2,5.3,6200.0,1.211,PM2.5-1HR
951,ESP_ES1397A,2025-12-23,12.24,4.4,96.42,0.41,1.24,292.13,1005.61,9518.18,6,10.9,6200.0,1.787,PM2.5-1HR
951,ESP_ES1438A,2025-12-23,4.97,7.33,81.13,0.19,2.74,304.98,1004.7,28106.79,2,5.3,6200.0,0.035,PM2.5-1HR
951,ESP_ES1814A,2025-12-23,8.55,6.28,86.5,0.29,1.92,316.35,1004.7,7031.03,2,5.3,6200.0,0.106,PM2.5-1HR
951,ESP_ES1339A,2025-12-24,5.46,9.48,72.96,0,2.37,338.08,1007.03,10900.91,1,3.9,6200.0,1.098,PM2.5-1HR
951,ESP_ES1856A,2025-12-24,3.87,8.86,76.21,0,2.33,303.8,1006.87,23462.69,1.5,4.6,6200.0,1.211,PM2.5-1HR
951,ESP_ES1397A,2025-12-24,13.83,5.36,85.5,0,0.87,309.44,1007.36,9518.18,2,5.3,6200.0,1.787,PM2.5-1HR
951,ESP_ES1438A,2025-12-24,5.16,8.94,76.21,0,2.33,303.8,1006.87,28106.79,1.5,4.6,6200.0,0.035,PM2.5-1HR
951,ESP_ES1814A,2025-12-24,8.74,7.53,79.54,0,1.56,314.32,1006.88,7031.03,3,6.7,6200.0,0.106,PM2.5-1HR
951,ESP_ES1339A,2025-12-25,6.28,9.3,81.88,0.16,4.1,25.99,1011.03,10900.91,3,6.7,6200.0,1.098,PM2.5-1HR
951,ESP_ES1856A,2025-12-25,3.38,9.45,85.75,0.24,2.59,22.95,1011.15,23462.69,2,5.3,6200.0,1.211,PM2.5-1HR
951,ESP_ES1397A,2025-12-25,10.88,6.33,93.67,0.3,1.95,68.4,1012.2,9518.18,1,3.9,6200.0,1.787,PM2.5-1HR
951,ESP_ES1438A,2025-12-25,4.92,9.54,85.79,0.24,2.59,22.95,1011.15,28106.79,2,5.3,6200.0,0.035,PM2.5-1HR
951,ESP_ES1814A,2025-12-25,3.71,8.72,85.67,0.18,1.58,341.58,1011.27,7031.03,2,5.3,6200.0,0.106,PM2.5-1HR
951,ESP_ES1339A,2025-12-26,3.88,10.85,87.67,0.39,6.04,47.3,1012.23,10900.91,1,3.9,6200.0,1.098,PM2.5-1HR
951,ESP_ES1856A,2025-12-26,4.7,11.31,89.88,0.63,5.63,63.94,1012.76,23462.69,1.5,4.6,6200.0,1.211,PM2.5-1HR
951,ESP_ES1397A,2025-12-26,6.36,8.13,95.13,1.08,4.62,60.56,1014.05,9518.18,1,3.9,6200.0,1.787,PM2.5-1HR
951,ESP_ES1438A,2025-12-26,6.94,11.39,89.88,0.63,5.63,63.94,1012.76,28106.79,1.5,4.6,6200.0,0.035,PM2.5-1HR
951,ESP_ES1814A,2025-12-26,3.36,10.13,90.96,0.53,4.62,63.97,1013.09,7031.03,1,3.9,6200.0,0.106,PM2.5-1HR
951,ESP_ES1339A,2025-12-27,4.28,11.28,89.63,1.04,6.68,56.98,1018.38,10900.91,2,5.3,6200.0,1.098,PM2.5-1HR
951,ESP_ES1856A,2025-12-27,4.08,11.42,91.21,1.83,5.87,63.62,1019.05,23462.69,3,6.7,6200.0,1.211,PM2.5-1HR
951,ESP_ES1397A,2025-12-27,8.11,8.78,95.58,0.93,4.22,63.42,1020.18,9518.18,1,3.9,6200.0,1.787,PM2.5-1HR
951,ESP_ES1438A,2025-12-27,7.2,11.5,91.21,1.83,5.87,63.62,1019.05,28106.79,3,6.7,6200.0,0.035,PM2.5-1HR
951,ESP_ES1814A,2025-12-27,3.87,10.39,92.42,0.57,4.54,68.93,1019.39,7031.03,2,5.3,6200.0,0.106,PM2.5-1HR
951,ESP_ES1339A,2025-12-28,5.69,12,84.58,0.04,4.24,53.84,1019.65,10900.91,3,6.7,6200.0,1.098,PM2.5-1HR
951,ESP_ES1856A,2025-12-28,4.56,12.03,85,0.03,3.17,54.7,1019.88,23462.69,3.5,7.4,6200.0,1.211,PM2.5-1HR
951,ESP_ES1397A,2025-12-28,14.16,8.51,89.67,0.02,1.53,64.3,1020.65,9518.18,4,8.1,6200.0,1.787,PM2.5-1HR
951,ESP_ES1438A,2025-12-28,7.16,12.09,85.04,0.03,3.17,54.7,1019.88,28106.79,3.5,7.4,6200.0,0.035,PM2.5-1HR
951,ESP_ES1814A,2025-12-28,7.8,10.43,84.75,0.1,1.81,19.31,1019.99,7031.03,4,8.1,6200.0,0.106,PM2.5-1HR
951,ESP_ES1856A,2025-12-29,6.45,10.82,87.5,0.83,1.38,28.47,1019.65,23462.69,3,6.7,6200.0,1.211,PM2.5-1HR
951,ESP_ES1339A,2025-12-29,9.95,10.75,84.63,0.08,2.38,5.52,1019.6,10900.91,5,9.5,6200.0,1.098,PM2.5-1HR
951,ESP_ES1397A,2025-12-29,19.8,7.9,89.63,0.09,1.02,55.77,1020.05,9518.18,7,12.3,6200.0,1.787,PM2.5-1HR
951,ESP_ES1438A,2025-12-29,9.76,10.88,87.5,0.83,1.38,28.47,1019.65,28106.79,3,6.7,6200.0,0.035,PM2.5-1HR
951,ESP_ES1814A,2025-12-29,13.16,9.51,89.42,0.8,0.98,296.35,1019.74,7031.03,4,8.1,6200.0,0.106,PM2.5-1HR
951,ESP_ES1856A,2025-12-30,7.75,9,82.21,0,2.24,289.54,1017.23,23462.69,6.5,11.6,6200.0,1.211,PM2.5-1HR
951,ESP_ES1339A,2025-12-30,9.02,9.24,79.58,0,1.74,323.3,1017.59,10900.91,5,9.5,6200.0,1.098,PM2.5-1HR
951,ESP_ES1397A,2025-12-30,14.63,5.29,83.67,0,0.48,2.64,1018.06,9518.18,7,12.3,6200.0,1.787,PM2.5-1HR
951,ESP_ES1438A,2025-12-30,10.2,9.08,82.21,0,2.24,289.54,1017.23,28106.79,6.5,11.6,6200.0,0.035,PM2.5-1HR
951,ESP_ES1814A,2025-12-30,15.18,7.48,85.67,0,1.65,323.05,1017.19,7031.03,6,10.9,6200.0,0.106,PM2.5-1HR
951,ESP_ES1856A,2025-12-31,12.13,8.16,78.83,0.01,1.6,303.75,1019.27,23462.69,9.5,15.8,6200.0,1.211,PM2.5-1HR
951,ESP_ES1339A,2025-12-31,14.67,7.9,81.75,0,2.57,357.31,1019.32,10900.91,10,16.5,6200.0,1.098,PM2.5-1HR
951,ESP_ES1397A,2025-12-31,14.74,4.03,89.17,0,0.59,302.91,1019.77,9518.18,5,9.5,6200.0,1.787,PM2.5-1HR
951,ESP_ES1438A,2025-12-31,13.54,8.24,78.83,0.01,1.6,303.75,1019.27,28106.79,9.5,15.8,6200.0,0.035,PM2.5-1HR
951,ESP_ES1814A,2025-12-31,17.86,7.03,85.83,0,1.2,312.95,1019.32,7031.03,12,19.3,6200.0,0.106,PM2.5-1HR
951,ESP_ES1339A,2026-01-01,13.82,7.42,76.79,0,2.41,311.75,1018.09,10944.05,8,13.7,6200.0,1.098,PM2.5-1HR
951,ESP_ES1397A,2026-01-01,24.8,1.47,88.17,0,1.24,291.08,1018.69,9559.81,11,17.9,6200.0,1.787,PM2.5-1HR
951,ESP_ES1438A,2026-01-01,12.12,7.23,81.75,0,2.3,280.09,1017.92,28089.37,7,12.3,6200.0,0.035,PM2.5-1HR
951,ESP_ES1814A,2026-01-01,19.95,5.48,81,0,1.98,307.5,1017.84,6996.5,8,13.7,6200.0,0.106,PM2.5-1HR
951,ESP_ES1856A,2026-01-01,9.68,7.15,81.75,0,2.3,280.09,1017.92,23448.67,7,12.3,6200.0,1.211,PM2.5-1HR
951,ESP_ES1339A,2026-01-02,8.38,7.93,74.17,0,2.28,330.31,1011.11,10944.05,5,9.5,6200.0,1.098,PM2.5-1HR
951,ESP_ES1397A,2026-01-02,28.1,2.92,84.54,0,0.56,63.1,1012.08,9559.81,16,24.9,6200.0,1.787,PM2.5-1HR
951,ESP_ES1438A,2026-01-02,8.74,7.13,74.88,0,2.3,286.32,1011.03,28089.37,5,9.5,6200.0,0.035,PM2.5-1HR
951,ESP_ES1814A,2026-01-02,17.55,5.36,78.17,0,1.73,317.89,1010.87,6996.5,6,10.9,6200.0,0.106,PM2.5-1HR
951,ESP_ES1856A,2026-01-02,6.46,7.06,74.88,0,2.3,286.32,1011.03,23448.67,5,9.5,6200.0,1.211,PM2.5-1HR
951,ESP_ES1339A,2026-01-03,9.16,9.35,80.04,0.05,3.22,46.38,1007.51,10944.05,6,10.9,6200.0,1.098,PM2.5-1HR
951,ESP_ES1397A,2026-01-03,28.19,5.87,87.08,0.04,1.02,88.92,1008,9559.81,17,26.3,6200.0,1.787,PM2.5-1HR
951,ESP_ES1438A,2026-01-03,10.87,8.72,79.79,0.07,2.5,37.21,1007.9,28089.37,6,10.9,6200.0,0.035,PM2.5-1HR
951,ESP_ES1814A,2026-01-03,21.06,7.44,81.58,0.05,0.85,30.64,1008.01,6996.5,7,12.3,6200.0,0.106,PM2.5-1HR
951,ESP_ES1856A,2026-01-03,8.96,8.65,79.79,0.07,2.5,37.21,1007.9,23448.67,6,10.9,6200.0,1.211,PM2.5-1HR
951,ESP_ES1339A,2026-01-04,6.44,8.46,83.79,0.12,2.6,122.7,1006.78,10944.05,3,6.7,6200.0,1.098,PM2.5-1HR
951,ESP_ES1397A,2026-01-04,10.66,6.35,96.58,0.13,1.11,180,1006.59,9559.81,3,6.7,6200.0,1.787,PM2.5-1HR
951,ESP_ES1438A,2026-01-04,8.62,7.76,90.88,0.12,1.71,72.59,1006.84,28089.37,3.5,7.4,6200.0,0.035,PM2.5-1HR
951,ESP_ES1814A,2026-01-04,8.79,6.42,97.63,0.19,1.42,232.79,1006.94,6996.5,3,6.7,6200.0,0.106,PM2.5-1HR
951,ESP_ES1856A,2026-01-04,9.03,7.69,90.88,0.12,1.71,72.59,1006.84,23448.67,3.5,7.4,6200.0,1.211,PM2.5-1HR
951,ESP_ES1339A,2026-01-05,4.58,5.58,80.33,0.08,2.46,350.88,1009.31,10944.05,2,5.3,6200.0,1.098,PM2.5-1HR
951,ESP_ES1397A,2026-01-05,9.22,3.09,96,0.14,1.07,248.44,1009.58,9559.81,1,3.9,6200.0,1.787,PM2.5-1HR
951,ESP_ES1438A,2026-01-05,6.33,5.98,85.08,0.05,2.21,311.3,1009.09,28089.37,3.5,7.4,6200.0,0.035,PM2.5-1HR
951,ESP_ES1814A,2026-01-05,8.5,5.16,89.54,0.09,1.41,292.61,1009.13,6996.5,4,8.1,6200.0,0.106,PM2.5-1HR
951,ESP_ES1856A,2026-01-05,5.25,5.9,85.08,0.05,2.21,311.3,1009.09,23448.67,3.5,7.4,6200.0,1.211,PM2.5-1HR
951,ESP_ES1339A,2026-01-06,6.04,5.11,59.38,0,2.77,342.34,1012.31,10944.05,4,8.1,6200.0,1.098,PM2.5-1HR
951,ESP_ES1397A,2026-01-06,16.08,0.43,64.46,0,1.33,301.27,1012.99,9559.81,3,6.7,6200.0,1.787,PM2.5-1HR
951,ESP_ES1438A,2026-01-06,7.29,4.07,66.79,0,2.75,297.81,1012.09,28089.37,4.5,8.8,6200.0,0.035,PM2.5-1HR
951,ESP_ES1814A,2026-01-06,11.4,2.54,66.25,0,1.95,313.36,1012.02,6996.5,6,10.9,6200.0,0.106,PM2.5-1HR
951,ESP_ES1856A,2026-01-06,6.33,4,66.75,0,2.75,297.81,1012.09,23448.67,4.5,8.8,6200.0,1.211,PM2.5-1HR
951,ESP_ES1339A,2026-01-07,4.07,4.93,57.04,0,3.08,311.98,1018.01,10944.05,2,5.3,6200.0,1.098,PM2.5-1HR
951,ESP_ES1397A,2026-01-07,19.17,-0.88,53.58,0,0.79,245.06,1018.75,9559.81,9,15.1,6200.0,1.787,PM2.5-1HR
951,ESP_ES1438A,2026-01-07,4.62,3.66,58.04,0,2.73,288.69,1017.72,28089.37,2,5.3,6200.0,0.035,PM2.5-1HR
951,ESP_ES1814A,2026-01-07,11.8,1.97,51.96,0,2.14,316.61,1017.58,6996.5,3,6.7,6200.0,0.106,PM2.5-1HR
951,ESP_ES1856A,2026-01-07,3.7,3.58,58.04,0,2.73,288.69,1017.72,23448.67,2,5.3,6200.0,1.211,PM2.5-1HR
951,ESP_ES1339A,2026-01-08,4.52,10.97,68.42,0,4.27,270.42,1020.48,10944.05,2,5.3,6200.0,1.098,PM2.5-1HR
951,ESP_ES1397A,2026-01-08,25.7,3.63,80.08,0,1.23,231.65,1021.53,9559.81,7,12.3,6200.0,1.787,PM2.5-1HR
951,ESP_ES1438A,2026-01-08,5.2,9.35,68.79,0,3.37,280.71,1020.05,28089.37,3.5,7.4,6200.0,0.035,PM2.5-1HR
951,ESP_ES1814A,2026-01-08,11.88,7.97,67.21,0,3.09,314.8,1019.88,6996.5,4,8.1,6200.0,0.106,PM2.5-1HR
951,ESP_ES1856A,2026-01-08,3.63,9.26,68.79,0,3.37,280.71,1020.05,23448.67,3.5,7.4,6200.0,1.211,PM2.5-1HR
951,ESP_ES1856A,2026-01-09,2.08,11.92,56.17,0,5.61,274.06,1013.9,23448.67,1.5,4.6,6200.0,1.211,PM2.5-1HR
951,ESP_ES1339A,2026-01-09,2.59,12.08,55.75,0,6.78,274.98,1015.15,10944.05,1,3.9,6200.0,1.098,PM2.5-1HR
951,ESP_ES1397A,2026-01-09,13.81,5.88,81.71,0,3.42,254.73,1014.18,9559.81,3,6.7,6200.0,1.787,PM2.5-1HR
951,ESP_ES1438A,2026-01-09,3.28,12,56.21,0,5.61,274.06,1013.9,28089.37,1.5,4.6,6200.0,0.035,PM2.5-1HR
951,ESP_ES1814A,2026-01-09,2.5,10.6,56.92,0,5.11,289.66,1013.7,6996.5,1,3.9,6200.0,0.106,PM2.5-1HR
951,ESP_ES1856A,2026-01-10,1.61,8.95,62.71,0,4.46,295.44,1017.83,23448.67,1,3.9,6200.0,1.211,PM2.5-1HR
951,ESP_ES1339A,2026-01-10,1.9,9.63,57.92,0,7.71,294.21,1018.63,10944.05,1,3.9,6200.0,1.098,PM2.5-1HR
951,ESP_ES1397A,2026-01-10,13.73,2.25,85.33,0,1.42,175.04,1018.85,9559.81,3,6.7,6200.0,1.787,PM2.5-1HR
951,ESP_ES1438A,2026-01-10,2.26,9.03,62.71,0,4.46,295.44,1017.83,28089.37,1,3.9,6200.0,0.035,PM2.5-1HR
951,ESP_ES1814A,2026-01-10,5.36,6.8,68.46,0.01,2.94,308.64,1017.93,6996.5,1,3.9,6200.0,0.106,PM2.5-1HR
951,ESP_ES1856A,2026-01-11,3.88,6.98,77.33,0,1.85,284.78,1023.46,23448.67,2,5.3,6200.0,1.211,PM2.5-1HR
951,ESP_ES1339A,2026-01-11,5.71,8.25,71.33,0,2.52,324.6,1023.58,10944.05,1,3.9,6200.0,1.098,PM2.5-1HR
951,ESP_ES1397A,2026-01-11,23.69,3.35,79.58,0,0.67,8.44,1023.85,9559.81,7,12.3,6200.0,1.787,PM2.5-1HR
951,ESP_ES1438A,2026-01-11,5.47,7.06,77.33,0,1.85,284.78,1023.46,28089.37,2,5.3,6200.0,0.035,PM2.5-1HR
951,ESP_ES1814A,2026-01-11,15.17,5.78,76.75,0,1.39,315.45,1023.48,6996.5,4,8.1,6200.0,0.106,PM2.5-1HR
951,ESP_ES1856A,2026-01-12,5.46,7.81,82.33,0,2.13,264.32,1021.95,23448.67,4,8.1,6200.0,1.211,PM2.5-1HR
951,ESP_ES1339A,2026-01-12,10.77,9.03,77.21,0,1.31,301.03,1022.19,10944.05,4,8.1,6200.0,1.098,PM2.5-1HR
951,ESP_ES1397A,2026-01-12,40.08,3.2,82,0,0.6,280.29,1022.7,9559.81,17,26.3,6200.0,1.787,PM2.5-1HR
951,ESP_ES1438A,2026-01-12,9.88,7.88,82.33,0,2.13,264.32,1021.95,28089.37,4,8.1,6200.0,0.035,PM2.5-1HR
951,ESP_ES1814A,2026-01-12,17.91,7.31,79.04,0,1.82,300,1021.79,6996.5,8,13.7,6200.0,0.106,PM2.5-1HR
951,ESP_ES1856A,2026-01-13,10.46,6.3,91,0,1.35,321,1020.2,23448.67,8,13.7,6200.0,1.211,PM2.5-1HR
951,ESP_ES1339A,2026-01-13,13.5,8.9,84,0,1.58,349,1020.1,10944.05,7,12.3,6200.0,1.098,PM2.5-1HR
951,ESP_ES1397A,2026-01-13,41.65,0.7,93,0,0.4,30,1020.9,9559.81,12,19.3,6200.0,1.787,PM2.5-1HR
951,ESP_ES1438A,2026-01-13,16.66,6.4,91,0,1.35,321,1020.2,28089.37,8,13.7,6200.0,0.035,PM2.5-1HR
951,ESP_ES1814A,2026-01-13,21.81,5.7,90,0,1.21,330,1020.2,6996.5,10,16.5,6200.0,0.106,PM2.5-1HR
951,ESP_ES1856A,2026-01-15,16.25,8.95,82.83,0,1.96,273.49,1017.63,23448.67,7.5,13.0,6200.0,1.211,PM2.5-1HR
951,ESP_ES1339A,2026-01-15,15.57,9.26,81.7,0,1.83,327.07,1017.78,10944.05,9,15.1,6200.0,1.098,PM2.5-1HR
951,ESP_ES1397A,2026-01-15,34.45,5.68,76.48,0,1.84,258.41,1017.67,9559.81,5,9.5,6200.0,1.787,PM2.5-1HR
951,ESP_ES1438A,2026-01-15,21.52,9,82.83,0,1.96,273.49,1017.63,28089.37,7.5,13.0,6200.0,0.035,PM2.5-1HR
951,ESP_ES1814A,2026-01-15,25.99,8.37,79.26,0,1.31,289.95,1017.58,6996.5,9,15.1,6200.0,0.106,PM2.5-1HR
951,ESP_ES1856A,2026-01-16,11.49,8.44,84.38,0,1.41,321.16,1014.72,23448.67,7,12.3,6200.0,1.211,PM2.5-1HR
951,ESP_ES1339A,2026-01-16,11.83,9.46,82.04,0,1.79,21.95,1014.54,10944.05,4,8.1,6200.0,1.098,PM2.5-1HR
951,ESP_ES1397A,2026-01-16,33.95,4.91,82.17,0.01,0.46,14.31,1015.35,9559.81,20,30.5,6200.0,1.787,PM2.5-1HR
951,ESP_ES1438A,2026-01-16,18.61,8.52,84.38,0,1.41,321.16,1014.72,28089.37,7,12.3,6200.0,0.035,PM2.5-1HR
951,ESP_ES1814A,2026-01-16,25.37,8.08,82.88,0.03,1.31,335.01,1014.8,6996.5,9,15.1,6200.0,0.106,PM2.5-1HR
951,ESP_ES1856A,2026-01-17,7.23,11.06,94.29,1.52,2.92,85.52,1011.29,23448.67,3,6.7,6200.0,1.211,PM2.5-1HR
951,ESP_ES1339A,2026-01-17,8.28,11.1,93.63,2.37,3.88,102.11,1010.67,10944.05,4,8.1,6200.0,1.098,PM2.5-1HR
951,ESP_ES1397A,2026-01-17,26.66,7.55,95.5,0.41,1.84,52.93,1012.09,9559.81,6,10.9,6200.0,1.787,PM2.5-1HR
951,ESP_ES1438A,2026-01-17,9.73,11.11,94.29,1.52,2.92,85.52,1011.29,28089.37,3,6.7,6200.0,0.035,PM2.5-1HR
951,ESP_ES1814A,2026-01-17,11.02,9.81,95.63,1.89,2.86,63.19,1011.61,6996.5,6,10.9,6200.0,0.106,PM2.5-1HR
951,ESP_ES1856A,2026-01-18,4.29,11.07,92.71,0.5,3.02,79.25,1011.53,23448.67,2.5,6.0,6200.0,1.211,PM2.5-1HR
951,ESP_ES1339A,2026-01-18,5.95,10.84,90.63,0.55,2.74,58.9,1011.19,10944.05,2,5.3,6200.0,1.098,PM2.5-1HR
951,ESP_ES1397A,2026-01-18,13.56,7.98,95.71,0.25,1.61,59.16,1012.14,9559.81,3,6.7,6200.0,1.787,PM2.5-1HR
951,ESP_ES1438A,2026-01-18,6.29,11.14,92.71,0.5,3.02,79.25,1011.53,28089.37,2.5,6.0,6200.0,0.035,PM2.5-1HR
951,ESP_ES1814A,2026-01-18,6.65,9.7,92.13,0.36,2.19,57.27,1011.8,6996.5,3,6.7,6200.0,0.106,PM2.5-1HR
951,ESP_ES1856A,2026-01-19,3.21,10.52,85.71,0.26,3.28,24.98,1014.07,23448.67,2.5,6.0,6200.0,1.211,PM2.5-1HR
951,ESP_ES1339A,2026-01-19,3.79,10.84,81.29,0.12,4.37,14.59,1013.93,10944.05,2,5.3,6200.0,1.098,PM2.5-1HR
951,ESP_ES1397A,2026-01-19,9.13,7.16,92.5,0.3,2.34,39.94,1015.27,9559.81,2,5.3,6200.0,1.787,PM2.5-1HR
951,ESP_ES1438A,2026-01-19,4.99,10.6,85.71,0.26,3.28,24.98,1014.07,28089.37,2.5,6.0,6200.0,0.035,PM2.5-1HR
951,ESP_ES1814A,2026-01-19,8.46,9.6,84.58,0.14,2.39,9.58,1014.25,6996.5,4,8.1,6200.0,0.106,PM2.5-1HR
951,ESP_ES1339A,2026-01-20,3.16,9.85,82.88,1.13,7.32,14.8,1012.69,10944.05,1,3.9,6200.0,1.098,PM2.5-1HR
951,ESP_ES1856A,2026-01-20,3.38,9.73,85.54,1.75,5.5,19.23,1012.85,23448.67,1,3.9,6200.0,1.211,PM2.5-1HR
951,ESP_ES1397A,2026-01-20,6.34,6.15,95.21,2.44,3.84,33.17,1014.97,9559.81,1,3.9,6200.0,1.787,PM2.5-1HR
951,ESP_ES1438A,2026-01-20,6,9.8,85.54,1.75,5.5,19.23,1012.85,28089.37,1,3.9,6200.0,0.035,PM2.5-1HR
951,ESP_ES1814A,2026-01-20,3.53,8.51,86.08,1.86,5.01,19.71,1013.19,6996.5,1,3.9,6200.0,0.106,PM2.5-1HR
951,ESP_ES1339A,2026-01-21,9.87,11.15,85.46,0.08,3.32,274.91,1007.5,10944.05,5,9.5,6200.0,1.098,PM2.5-1HR
951,ESP_ES1397A,2026-01-21,11.46,7.63,90,0.05,3.25,233.61,1007.16,9559.81,2,5.3,6200.0,1.787,PM2.5-1HR
951,ESP_ES1438A,2026-01-21,11.93,10.76,86.54,0.04,2.72,264.96,1007.26,28089.37,5,9.5,6200.0,0.035,PM2.5-1HR
951,ESP_ES1814A,2026-01-21,11.7,9.53,88.38,0.05,1.93,281.05,1007.33,6996.5,8,13.7,6200.0,0.106,PM2.5-1HR
951,ESP_ES1856A,2026-01-21,9.07,10.69,86.5,0.04,2.72,264.96,1007.26,23448.67,5,9.5,6200.0,1.211,PM2.5-1HR
951,ESP_ES1397A,2026-01-22,12.54,7.36,90.83,0.09,1.68,208.98,997.6,9559.81,3,6.7,6200.0,1.787,PM2.5-1HR
951,ESP_ES1397A,2026-01-23,7.8,5.63,78.46,0,2.91,245.75,997.66,9559.81,1,3.9,6200.0,1.787,PM2.5-1HR
951,ESP_ES1397A,2026-01-24,13.73,2.4,92.96,0.97,1.32,0.15,995.98,9559.81,4,8.1,6200.0,1.787,PM2.5-1HR
951,ESP_ES1397A,2026-01-25,18.29,2.29,89.08,0,1.67,269.82,1002.28,9559.81,5,9.5,6200.0,1.787,PM2.5-1HR
951,ESP_ES1397A,2026-01-26,16.84,4.04,88.13,0,1.14,220.82,1006.58,9559.81,3,6.7,6200.0,1.787,PM2.5-1HR
951,ESP_ES1397A,2026-01-27,16.54,6.26,97.04,0.15,1.99,264.9,999.23,9559.81,4,8.1,6200.0,1.787,PM2.5-1HR
951,ESP_ES1397A,2026-01-28,8,4.41,83.63,0,2.72,236.38,996.43,9559.81,1,3.9,6200.0,1.787,PM2.5-1HR
951,ESP_ES1397A,2026-01-29,21.88,3.16,83.29,0,0.96,273.42,1002.16,9559.81,9,15.1,6200.0,1.787,PM2.5-1HR
951,ESP_ES1397A,2026-01-30,16.27,5.48,81.71,0.01,2.34,216.98,1003.73,9559.81,3,6.7,6200.0,1.787,PM2.5-1HR
951,ESP_ES1397A,2026-01-31,9.28,6.51,80.54,0.03,1.22,244.94,1002.74,9559.81,1,3.9,6200.0,1.787,PM2.5-1HR
951,ESP_ES1397A,2026-02-01,20.22,4.77,80.92,0,0.59,108.71,1011.28,9559.81,6,10.9,6200.0,1.787,PM2.5-1HR
951,ESP_ES1397A,2026-02-02,24.7,6.18,89.71,0.24,2.05,278.44,1000.3,9559.81,2,5.3,6200.0,1.787,PM2.5-1HR
951,ESP_ES1397A,2026-02-03,10.71,5.68,81.13,0,2.86,242.2,1000.7,9559.81,1,3.9,6200.0,1.787,PM2.5-1HR
951,ESP_ES1397A,2026-02-04,21.58,4.5,80.71,0.01,1.78,284.76,994.47,9559.81,4,8.1,6200.0,1.787,PM2.5-1HR
951,ESP_ES1397A,2026-02-05,23.3,5.2,91.33,0.18,2.37,279.62,992.35,9559.81,2,5.3,6200.0,1.787,PM2.5-1HR
951,ESP_ES1397A,2026-02-06,10.12,7.78,78.21,0.01,2.34,265.73,998.63,9559.81,1,3.9,6200.0,1.787,PM2.5-1HR
951,ESP_ES1397A,2026-02-07,10.17,6.18,80.21,0,2.01,234.76,1005.35,9559.81,1,3.9,6200.0,1.787,PM2.5-1HR
951,ESP_ES1397A,2026-02-08,8.2,6.93,84.75,0.06,1.06,234.25,1003.55,9559.81,2,5.3,6200.0,1.787,PM2.5-1HR
951,ESP_ES1397A,2026-02-09,4.06,6.3,85.63,0.02,0.91,244.78,1008.02,9559.81,3,6.7,6200.0,1.787,PM2.5-1HR
951,ESP_ES1397A,2026-05-20,8.29,18.78,69.33,0.01,1.72,84.9,1024.58,9559.81,4,8.1,6200.0,1.787,PM2.5-1HR
951,ESP_ES1397A,2026-05-21,11.61,21.16,61.54,0,1.49,247.34,1025.24,9559.81,8,13.7,6200.0,1.787,PM2.5-1HR
951,ESP_ES1397A,2026-05-22,19.08,19.78,71.66,0.06,1.05,98.44,1025.59,9559.81,15,23.5,6200.0,1.787,PM2.5-1HR
951,ESP_ES1397A,2026-05-25,11.67,22.75,52.79,0,2.08,70.9,1028.2,9559.81,7,12.3,6200.0,1.787,PM2.5-1HR
951,ESP_ES1397A,2026-05-26,14.15,23.33,47.54,0,1.47,84.36,1027.01,9559.81,5,9.5,6200.0,1.787,PM2.5-1HR
951,ESP_ES1397A,2026-05-27,15.58,24.63,40.46,0,1.59,69.94,1022.45,9559.81,6,10.9,6200.0,1.787,PM2.5-1HR
951,ESP_ES1397A,2026-05-28,20.61,26.24,39.17,0,1.25,184.39,1019.55,9559.81,10,16.5,6200.0,1.787,PM2.5-1HR
951,ESP_ES1397A,2026-05-29,23.52,25.83,42.38,0.06,1.22,87.9,1020.35,9559.81,14,22.1,6200.0,1.787,PM2.5-1HR
951,ESP_ES1397A,2026-05-30,21.84,24.12,61.17,0.05,1,54.82,1020.4,9559.81,15,23.5,6200.0,1.787,PM2.5-1HR
951,ESP_ES1397A,2026-05-31,20.86,23.91,61.08,0.05,1.3,329.85,1018.74,9559.81,15,23.5,6200.0,1.787,PM2.5-1HR
951,ESP_ES1397A,2026-06-01,18.54,22.75,70.5,0.01,2.19,212.26,1017.12,9559.81,0,2.5,6200.0,1.787,PM2.5-1HR
951,ESP_ES1397A,2026-06-03,7.64,20.14,69.08,0.03,1.97,213.6,1016.18,9559.81,4,8.1,6200.0,1.787,PM2.5-1HR
951,ESP_ES1397A,2026-06-15,11.91,24.37,45.46,0.02,1.86,52.21,1014.17,9559.81,7,12.3,6200.0,1.787,PM2.5-1HR
951,ESP_ES1397A,2026-06-16,12.99,25.2,44.38,0,1.32,44.19,1017.7,9559.81,0,2.5,6200.0,1.787,PM2.5-1HR
951,ESP_ES1397A,2026-06-17,19.88,25.25,56.58,0.12,1.15,54.13,1020.15,9559.81,15,23.5,6200.0,1.787,PM2.5-1HR
951,ESP_ES1397A,2026-06-18,14.86,25.22,50.88,0,1.55,85.49,1019.39,9559.81,4,8.1,6200.0,1.787,PM2.5-1HR
951,ESP_ES1397A,2026-06-19,10.48,25.15,42,0,1.42,119.29,1018.55,9559.81,6,10.9,6200.0,1.787,PM2.5-1HR
951,ESP_ES1397A,2026-06-20,11.43,26.56,41.79,0,1.56,151.77,1020.86,9559.81,6,10.9,6200.0,1.787,PM2.5-1HR
951,ESP_ES1397A,2026-06-22,21.21,28.99,38.92,0,0.94,80.54,1021.65,9559.81,16,24.9,6200.0,1.787,PM2.5-1HR
951,ESP_ES1397A,2026-06-23,23.47,28.87,51.67,0,1.78,62.57,1018.57,9559.81,11,17.9,6200.0,1.787,PM2.5-1HR
951,ESP_ES1397A,2026-06-24,21.08,28.87,44.25,0,1.47,84.43,1016.72,9559.81,11,17.9,6200.0,1.787,PM2.5-1HR
951,ESP_ES1397A,2026-06-25,18.7,27.77,41.79,0,2.02,203.79,1016.71,9559.81,13,20.7,6200.0,1.787,PM2.5-1HR
951,ESP_ES1397A,2026-06-26,20.53,27.37,42,0,1.94,222.72,1018.41,9559.81,11,17.9,6200.0,1.787,PM2.5-1HR
951,ESP_ES1397A,2026-06-28,16.59,27.94,38.83,0,2.1,230.94,1019.77,9559.81,9,15.1,6200.0,1.787,PM2.5-1HR
951,ESP_ES1397A,2026-06-29,17.94,26.03,55.17,0.03,1.21,305.18,1021.16,9559.81,13,20.7,6200.0,1.787,PM2.5-1HR
951,ESP_ES1397A,2026-06-30,17.68,27.09,53.42,0.03,1.32,207.77,1020.3,9559.81,14,22.1,6200.0,1.787,PM2.5-1HR
951,ESP_ES1397A,2026-07-02,11.61,25.62,43.21,0,1.31,233.97,1020.14,9559.81,2,5.3,6200.0,1.787,PM2.5-1HR
951,ESP_ES1397A,2026-07-03,18.74,26.06,37.67,0,1.53,183.08,1021.93,9559.81,5,9.5,6200.0,1.787,PM2.5-1HR
951,ESP_ES1397A,2026-07-04,14.79,27.15,44.83,0,1.29,160.09,1023.61,9559.81,6,10.9,6200.0,1.787,PM2.5-1HR
951,ESP_ES1397A,2026-07-05,16.93,27.66,38.88,0,1.54,194.64,1021.96,9559.81,8,13.7,6200.0,1.787,PM2.5-1HR
951,ESP_ES1397A,2026-07-06,25.63,28.61,31.83,0,1.41,225.72,1019.63,9559.81,10,16.5,6200.0,1.787,PM2.5-1HR
951,ESP_ES1397A,2026-07-07,67.12,29.55,32.96,0.02,1.31,143.13,1018.68,9559.81,27,40.3,6200.0,1.787,PM2.5-1HR
951,ESP_ES1397A,2026-07-09,18.08,29.63,26.83,0,2,224.17,1012.91,9559.81,11,17.9,6200.0,1.787,PM2.5-1HR
951,ESP_ES1397A,2026-07-10,20.64,28.9,33,0.03,1.57,73.26,1011.79,9559.81,13,20.7,6200.0,1.787,PM2.5-1HR
951,ESP_ES1397A,2026-07-11,18.25,27.3,54,0.03,1.79,88.31,1014.08,9559.81,13,20.7,6200.0,1.787,PM2.5-1HR
951,ESP_ES1397A,2026-07-12,19.82,27.74,53.46,0,1.67,112.64,1015.48,9559.81,12,19.3,6200.0,1.787,PM2.5-1HR
951,ESP_ES1397A,2026-07-13,20.08,28.52,44.5,0,2.01,92.15,1014.46,9559.81,15,23.5,6200.0,1.787,PM2.5-1HR
951,ESP_ES1397A,2026-07-14,25.23,28.46,62.75,0,1.57,166.78,1016.33,9559.81,19,29.1,6200.0,1.787,PM2.5-1HR
951,ESP_ES1397A,2026-07-15,30.76,29.89,52.67,0,1.99,232.99,1016.88,9559.81,21,31.9,6200.0,1.787,PM2.5-1HR
951,ESP_ES1397A,2026-07-17,24.1,28.33,56.29,0,2.51,219.32,1015.02,9559.81,15,23.5,6200.0,1.787,PM2.5-1HR
951,ESP_ES1397A,2026-07-18,22.08,28.46,53.42,0.01,1.67,183.72,1014.95,9559.81,16,24.9,6200.0,1.787,PM2.5-1HR
951,ESP_ES1397A,2026-07-19,21.04,28.89,47.92,0.03,1.76,238.34,1014.49,9559.81,15,23.5,6200.0,1.787,PM2.5-1HR
951,ESP_ES1397A,2026-07-20,17.67,29,48.21,0.02,1.64,144.04,1015.17,9559.81,17,26.3,6200.0,1.787,PM2.5-1HR
951,ESP_ES1397A,2026-07-22,0,28.37,42.13,0,2.19,222.12,1018.08,9559.81,0,2.5,6200.0,1.787,PM2.5-1HR
951,ESP_ES1397A,2026-07-25,0,25,56.33,0.15,2.2,202.09,1010.32,9559.81,0,2.5,6200.0,1.787,PM2.5-1HR
951,ESP_ES1397A,2026-07-26,0,22.44,65.63,0.05,1.58,119.39,1014.62,9559.81,0,2.5,6200.0,1.787,PM2.5-1HR
951,ESP_ES1397A,2026-07-28,0,26.95,57.04,0,1.75,226.26,1018.77,9559.81,0,2.5,6200.0,1.787,PM2.5-1HR
951,ESP_ES1397A,2026-08-02,15.79,27.99,57.21,0,1.85,183.72,1012.3,9559.81,15,23.5,6200.0,1.787,PM2.5-1HR
951,ESP_ES1397A,2026-08-03,21.12,26.4,68.88,0.05,1.45,141.47,1012.57,9559.81,6,10.9,6200.0,1.787,PM2.5-1HR
951,ESP_ES1397A,2026-08-04,6.5,26.04,66.5,0.08,1.18,169.22,1014.86,9559.81,6,10.9,6200.0,1.787,PM2.5-1HR
951,ESP_ES1397A,2026-08-05,16.04,27.98,51.88,0.06,1.92,217.91,1017.74,9559.81,9,15.1,6200.0,1.787,PM2.5-1HR
951,ESP_ES1397A,2026-08-06,15.26,25.57,69.21,0.08,1.24,254.21,1019.93,9559.81,5,9.5,6200.0,1.787,PM2.5-1HR
951,ESP_ES1397A,2026-08-07,12.09,25.66,70.46,0.1,1.59,169.24,1018.7,9559.81,8,13.7,6200.0,1.787,PM2.5-1HR
951,ESP_ES1397A,2026-08-08,11.96,26.95,59.29,0.02,1.43,18.38,1017.48,9559.81,6,10.9,6200.0,1.787,PM2.5-1HR
951,ESP_ES1397A,2026-08-10,12.2,27.42,46.88,0.04,1.46,133.64,1017.01,9559.81,8,13.7,6200.0,1.787,PM2.5-1HR
