metro_id,fullaqsid,date,aq_daily_mean,temp_daily_mean,rhum_daily_mean,precip_daily_mean,ws_daily_mean,wd_daily_mean_deg,barpr_daily_mean,population,bg3,sat_monthly_mean,metro_pop_density_year,dist_km_motorway_trunk_primary_secondary,partition_key
38,110010041,2024-09-12,7.59,20.7,73.38,0,2.19,103.57,1022.55,2296.59,2.55,6.07,420.0,0.103,PM2.5-1HR
38,110010043,2024-09-12,7.22,20.59,73.32,0,2.16,104.06,1022.54,3992.29,2.78,6.392,420.0,0.356,PM2.5-1HR
38,110010051,2024-09-12,6.17,20.7,73.39,0,2.19,103.57,1022.55,3666.66,1.68,4.852,420.0,0.011,PM2.5-1HR
38,110010053,2024-09-12,6.66,20.67,73.13,0,2.16,103.73,1022.51,4615.78,2.55,6.07,420.0,0.081,PM2.5-1HR
38,110010055,2024-09-12,5.83,20.76,72.9,0,2.16,103.66,1022.49,1360.05,3.15,6.91,420.0,0.611,PM2.5-1HR
38,240313001,2024-09-12,6.73,20.44,72.85,0,2.16,111.86,1022.6,164.8,4,8.1,420.0,0.508,PM2.5-1HR
38,240330030,2024-09-12,5.41,20.63,73.76,0,2.23,105.89,1022.66,177.44,2,5.3,420.0,0.38,PM2.5-1HR
38,510590030,2024-09-12,6.25,20.8,72.3,0,2.12,110.37,1022.44,1258.55,3.7,7.68,420.0,0.244,PM2.5-1HR
38,510590031,2024-09-12,6.93,20.78,71.95,0,2.1,111.33,1022.42,1483.19,4.85,9.29,420.0,0.017,PM2.5-1HR
38,511071005,2024-09-12,7.75,20.27,71.9,0,1.92,119.72,1022.4,2224.9,4.9,9.36,420.0,0.103,PM2.5-1HR
38,110010041,2024-09-13,7.62,21.14,80.92,0.01,2.36,65.95,1022.99,2296.59,1.88,5.132,420.0,0.103,PM2.5-1HR
38,110010043,2024-09-13,7.32,21,80.82,0.02,2.33,65.35,1023.02,3992.29,2.25,5.65,420.0,0.356,PM2.5-1HR
38,110010051,2024-09-13,5.74,21.15,80.93,0.01,2.36,65.99,1022.98,3666.66,1.88,5.132,420.0,0.011,PM2.5-1HR
38,110010053,2024-09-13,6.78,21.1,80.75,0.02,2.37,65.64,1022.97,4615.78,1.88,5.132,420.0,0.081,PM2.5-1HR
38,110010055,2024-09-13,5.33,21.23,80.67,0.01,2.41,65.98,1022.91,1360.05,2.6,6.14,420.0,0.611,PM2.5-1HR
38,240313001,2024-09-13,5.31,20.53,80.57,0.01,2.13,66.1,1023.24,164.8,2,5.3,420.0,0.508,PM2.5-1HR
38,240330030,2024-09-13,4.49,20.97,80.92,0.01,2.25,66.3,1023.14,177.44,1,3.9,420.0,0.38,PM2.5-1HR
38,510590030,2024-09-13,5.88,21.24,80.43,0.01,2.45,65.26,1022.88,1258.55,3.3,7.12,420.0,0.244,PM2.5-1HR
38,510590031,2024-09-13,6.1,21.18,80.28,0.02,2.45,64.46,1022.89,1483.19,4.75,9.15,420.0,0.017,PM2.5-1HR
38,511071005,2024-09-13,7.48,20.2,80.69,0.02,2.05,66.93,1023.21,2224.9,5.5,10.2,420.0,0.103,PM2.5-1HR
38,110010041,2024-09-14,9.54,21.77,71.94,0,2.67,65.18,1022.86,2296.59,3.64,7.596,420.0,0.103,PM2.5-1HR
38,110010043,2024-09-14,8.96,21.71,71.61,0,2.64,65.06,1022.87,3992.29,3.5,7.4,420.0,0.356,PM2.5-1HR
38,110010051,2024-09-14,7.22,21.78,71.97,0,2.67,65.21,1022.86,3666.66,3.64,7.596,420.0,0.011,PM2.5-1HR
38,110010053,2024-09-14,8.5,21.77,71.65,0,2.66,64.6,1022.84,4615.78,3.64,7.596,420.0,0.081,PM2.5-1HR
38,110010055,2024-09-14,7.73,21.84,71.71,0,2.69,64.04,1022.79,1360.05,3.96,8.044,420.0,0.611,PM2.5-1HR
38,240313001,2024-09-14,6.38,21.54,70.98,0,2.59,67.26,1023.02,164.8,1,3.9,420.0,0.508,PM2.5-1HR
38,240330030,2024-09-14,8.33,21.71,72.08,0,2.63,67.56,1023,177.44,4,8.1,420.0,0.38,PM2.5-1HR
38,510590030,2024-09-14,8.51,21.89,71.32,0,2.7,63.41,1022.77,1258.55,5.27,9.878,420.0,0.244,PM2.5-1HR
38,510590031,2024-09-14,8.12,21.9,70.97,0,2.69,63.19,1022.77,1483.19,5.8,10.62,420.0,0.017,PM2.5-1HR
38,511071005,2024-09-14,8.51,21.36,70.38,0,2.43,66.3,1022.95,2224.9,5.8,10.62,420.0,0.103,PM2.5-1HR
38,510130020,2024-09-15,7.6,20.98,72.41,0,3.04,73.65,1024.92,8320.52,3.34,7.176,420.0,0.276,PM2.5-1HR
38,110010041,2024-09-15,8.12,21.04,72.81,0,3.09,74.35,1024.96,2296.59,2.78,6.392,420.0,0.103,PM2.5-1HR
38,110010043,2024-09-15,8.07,20.93,72.29,0,3.04,74.68,1024.98,3992.29,2.9,6.56,420.0,0.356,PM2.5-1HR
38,110010051,2024-09-15,6.5,21.04,72.84,0,3.1,74.36,1024.96,3666.66,1.84,5.076,420.0,0.011,PM2.5-1HR
38,110010053,2024-09-15,7.29,20.99,72.62,0,3.05,73.81,1024.93,4615.78,2.78,6.392,420.0,0.081,PM2.5-1HR
38,110010055,2024-09-15,6.38,21.06,73.04,0,3.07,72.77,1024.87,1360.05,3.5,7.4,420.0,0.611,PM2.5-1HR
38,240313001,2024-09-15,8.14,20.72,69.95,0,2.94,79.51,1025.15,164.8,5,9.5,420.0,0.508,PM2.5-1HR
38,240330030,2024-09-15,7.11,21.02,71.85,0,3.12,77.63,1025.12,177.44,0,2.5,420.0,0.38,PM2.5-1HR
38,510590030,2024-09-15,7.8,21.06,72.73,0,3.05,72.14,1024.84,1258.55,4.27,8.478,420.0,0.244,PM2.5-1HR
38,510590031,2024-09-15,7.45,21.01,72.26,0,3.02,72.18,1024.84,1483.19,5.3,9.92,420.0,0.017,PM2.5-1HR
38,110010041,2024-09-16,5.5,20.02,76.09,0,3.39,57.95,1024.09,2296.59,1.8,5.02,420.0,0.103,PM2.5-1HR
38,110010043,2024-09-16,6.21,19.92,75.79,0,3.3,58.41,1024.13,3992.29,1.5,4.6,420.0,0.356,PM2.5-1HR
38,110010051,2024-09-16,5.86,20.02,76.11,0,3.4,57.94,1024.09,3666.66,1.8,5.02,420.0,0.011,PM2.5-1HR
38,110010053,2024-09-16,5.88,20,75.93,0,3.34,57.62,1024.06,4615.78,1.8,5.02,420.0,0.081,PM2.5-1HR
38,110010055,2024-09-16,5.74,20.1,76.11,0,3.39,56.68,1023.98,1360.05,2.6,6.14,420.0,0.611,PM2.5-1HR
38,240313001,2024-09-16,4.21,19.49,74.97,0,3.03,62.2,1024.43,164.8,0,2.5,420.0,0.508,PM2.5-1HR
38,240330030,2024-09-16,3.14,19.84,75.74,0,3.37,60.33,1024.33,177.44,1,3.9,420.0,0.38,PM2.5-1HR
38,510590030,2024-09-16,5.9,20.07,76,0,3.36,56.04,1023.94,1258.55,4.3,8.52,420.0,0.244,PM2.5-1HR
38,510590031,2024-09-16,5.87,20,75.82,0,3.31,56.01,1023.96,1483.19,4.95,9.43,420.0,0.017,PM2.5-1HR
38,110010041,2024-09-17,7.29,22,85.51,0.44,3.99,64.71,1019.93,2296.59,2,5.3,420.0,0.103,PM2.5-1HR
38,110010043,2024-09-17,6.55,21.91,85.32,0.44,3.94,65.16,1019.97,3992.29,2,5.3,420.0,0.356,PM2.5-1HR
38,110010051,2024-09-17,6.33,22,85.52,0.44,3.99,64.68,1019.93,3666.66,2,5.3,420.0,0.011,PM2.5-1HR
38,110010053,2024-09-17,5.96,21.97,85.57,0.45,3.95,64.94,1019.89,4615.78,2,5.3,420.0,0.081,PM2.5-1HR
38,110010055,2024-09-17,5.52,22.05,85.86,0.46,3.97,64.66,1019.79,1360.05,2.48,5.972,420.0,0.611,PM2.5-1HR
38,240313001,2024-09-17,5.15,21.44,85.08,0.35,3.72,66.17,1020.31,164.8,1,3.9,420.0,0.508,PM2.5-1HR
38,240330030,2024-09-17,4.23,21.82,84.91,0.39,3.97,64.63,1020.21,177.44,0,2.5,420.0,0.38,PM2.5-1HR
38,510590030,2024-09-17,7.75,21.99,86.34,0.48,3.99,64.71,1019.72,1258.55,4.23,8.422,420.0,0.244,PM2.5-1HR
38,510590031,2024-09-17,8.42,21.91,86.57,0.48,4,64.87,1019.72,1483.19,5.35,9.99,420.0,0.017,PM2.5-1HR
38,110010041,2024-09-18,5.66,21.52,91.11,0.45,3.35,42.2,1015.91,2296.59,1.75,4.95,420.0,0.103,PM2.5-1HR
38,110010043,2024-09-18,5.78,21.44,91.13,0.43,3.28,42.69,1015.97,3992.29,1.96,5.244,420.0,0.356,PM2.5-1HR
38,110010051,2024-09-18,5.29,21.53,91.11,0.46,3.35,42.16,1015.91,3666.66,1.14,4.096,420.0,0.011,PM2.5-1HR
38,110010053,2024-09-18,5.58,21.49,91.31,0.45,3.3,42.37,1015.9,4615.78,1.75,4.95,420.0,0.081,PM2.5-1HR
38,110010055,2024-09-18,4.51,21.55,91.53,0.48,3.34,42,1015.8,1360.05,1.83,5.062,420.0,0.611,PM2.5-1HR
38,240313001,2024-09-18,4.18,21.08,91.43,0.46,3.07,44.86,1016.31,164.8,0,2.5,420.0,0.508,PM2.5-1HR
38,240330030,2024-09-18,2.81,21.43,90.48,0.44,3.34,42.37,1016.14,177.44,0,2.5,420.0,0.38,PM2.5-1HR
38,510590030,2024-09-18,4.83,21.49,92.14,0.51,3.32,41.59,1015.77,1258.55,2.4,5.86,420.0,0.244,PM2.5-1HR
38,510590031,2024-09-18,6.4,21.41,92.51,0.53,3.27,41.43,1015.8,1483.19,3.25,7.05,420.0,0.017,PM2.5-1HR
38,110010041,2024-09-19,6.45,23,75.05,0.01,1.9,353.33,1012.71,2296.59,1.22,4.208,420.0,0.103,PM2.5-1HR
38,110010043,2024-09-19,5.79,22.96,74.78,0.01,1.9,353.38,1012.75,3992.29,1.25,4.25,420.0,0.356,PM2.5-1HR
38,110010051,2024-09-19,5.64,23,75.08,0.01,1.91,353.34,1012.71,3666.66,1.22,4.208,420.0,0.011,PM2.5-1HR
38,110010053,2024-09-19,6.7,22.97,75.25,0.01,1.88,352.39,1012.73,4615.78,1.22,4.208,420.0,0.081,PM2.5-1HR
38,110010055,2024-09-19,5.94,22.98,75.81,0.01,1.85,351.16,1012.7,1360.05,2.14,5.496,420.0,0.611,PM2.5-1HR
38,240313001,2024-09-19,5.49,22.72,74.57,0.01,2.01,354.97,1012.91,164.8,3,6.7,420.0,0.508,PM2.5-1HR
38,240330030,2024-09-19,3.96,23,73.58,0.01,2.02,356.67,1012.74,177.44,0,2.5,420.0,0.38,PM2.5-1HR
38,510590030,2024-09-19,6.43,22.85,77.47,0.02,1.85,348.58,1012.76,1258.55,3.37,7.218,420.0,0.244,PM2.5-1HR
38,510590031,2024-09-19,6.18,22.73,78.53,0.02,1.86,347.18,1012.82,1483.19,4.5,8.8,420.0,0.017,PM2.5-1HR
38,110010041,2024-09-20,9.74,21.67,75.28,0,1.86,67.15,1012.88,2296.59,3.22,7.008,420.0,0.103,PM2.5-1HR
38,110010043,2024-09-20,9.61,21.52,74.87,0,1.85,68.07,1012.9,3992.29,3.5,7.4,420.0,0.356,PM2.5-1HR
38,110010051,2024-09-20,6.6,21.68,75.31,0,1.86,67.09,1012.88,3666.66,3.22,7.008,420.0,0.011,PM2.5-1HR
38,110010053,2024-09-20,8.32,21.62,75.22,0,1.83,66.88,1012.89,4615.78,3.22,7.008,420.0,0.081,PM2.5-1HR
38,110010055,2024-09-20,7.46,21.75,75.65,0,1.82,65.49,1012.86,1360.05,3.46,7.344,420.0,0.611,PM2.5-1HR
38,240313001,2024-09-20,7.95,21.31,72.93,0,1.87,74.29,1013.02,164.8,5,9.5,420.0,0.508,PM2.5-1HR
38,240330030,2024-09-20,6.99,21.58,74.2,0,1.95,71.36,1012.94,177.44,0,2.5,420.0,0.38,PM2.5-1HR
38,510590030,2024-09-20,8.76,21.84,75.64,0,1.82,63.44,1012.87,1258.55,3.83,7.862,420.0,0.244,PM2.5-1HR
38,510590031,2024-09-20,8.1,21.85,75.39,0,1.83,62.63,1012.9,1483.19,4.7,9.08,420.0,0.017,PM2.5-1HR
38,510130020,2024-09-21,5.55,22.29,81.36,0.57,2.17,161.24,1014.29,8320.52,2.46,5.944,420.0,0.276,PM2.5-1HR
38,110010041,2024-09-21,5.78,22.25,81.48,0.56,2.17,158.66,1014.35,2296.59,2.22,5.608,420.0,0.103,PM2.5-1HR
38,110010043,2024-09-21,5.23,22.21,81.45,0.61,2.19,158.2,1014.32,3992.29,2.08,5.412,420.0,0.356,PM2.5-1HR
38,110010051,2024-09-21,5.86,22.25,81.5,0.56,2.17,158.68,1014.35,3666.66,1.58,4.712,420.0,0.011,PM2.5-1HR
38,110010053,2024-09-21,4.78,22.28,81.26,0.56,2.17,159.64,1014.31,4615.78,2.22,5.608,420.0,0.081,PM2.5-1HR
38,110010055,2024-09-21,5.56,22.38,81.02,0.51,2.16,161.38,1014.31,1360.05,2.58,6.112,420.0,0.611,PM2.5-1HR
38,240313001,2024-09-21,5.23,21.83,82.75,0.8,2.24,154.13,1014.31,164.8,2,5.3,420.0,0.508,PM2.5-1HR
38,240330030,2024-09-21,2.25,21.98,82.43,0.7,2.2,154.38,1014.43,177.44,0,2.5,420.0,0.38,PM2.5-1HR
38,510590030,2024-09-21,5.16,22.4,81.2,0.52,2.15,165.12,1014.25,1258.55,3.2,6.98,420.0,0.244,PM2.5-1HR
38,510590031,2024-09-21,5.13,22.37,81.49,0.56,2.16,167.45,1014.21,1483.19,3.35,7.19,420.0,0.017,PM2.5-1HR
38,110010041,2024-09-22,5.08,20.49,86.92,0.11,1.96,101.88,1014.89,2296.59,0.44,3.116,420.0,0.103,PM2.5-1HR
38,110010043,2024-09-22,4.88,20.43,87.24,0.13,1.95,101.51,1014.9,3992.29,0.25,2.85,420.0,0.356,PM2.5-1HR
38,110010051,2024-09-22,5.75,20.49,86.89,0.11,1.96,101.9,1014.89,3666.66,0.44,3.116,420.0,0.011,PM2.5-1HR
38,110010053,2024-09-22,5.05,20.5,87.23,0.12,1.96,101.75,1014.87,4615.78,0.44,3.116,420.0,0.081,PM2.5-1HR
38,110010055,2024-09-22,4.39,20.59,87.19,0.09,1.98,102.02,1014.83,1360.05,0.88,3.732,420.0,0.611,PM2.5-1HR
38,240313001,2024-09-22,3.45,20.07,88.56,0.3,1.87,101.69,1015.03,164.8,0,2.5,420.0,0.508,PM2.5-1HR
38,240330030,2024-09-22,2.85,20.27,86.6,0.18,1.92,102.26,1015.01,177.44,0,2.5,420.0,0.38,PM2.5-1HR
38,510590030,2024-09-22,4.89,20.63,88.12,0.13,2.02,100.99,1014.8,1258.55,2.33,5.762,420.0,0.244,PM2.5-1HR
38,510590031,2024-09-22,4.92,20.61,88.93,0.17,2.06,99.98,1014.78,1483.19,2.9,6.56,420.0,0.017,PM2.5-1HR
38,110010041,2024-09-23,3.98,18.79,86.91,0.15,2.75,133.49,1016.1,2296.59,0.84,3.676,420.0,0.103,PM2.5-1HR
38,110010043,2024-09-23,5.04,18.74,87.48,0.16,2.77,134.48,1016.07,3992.29,0.75,3.55,420.0,0.356,PM2.5-1HR
38,110010051,2024-09-23,4.81,18.8,86.88,0.15,2.75,133.41,1016.1,3666.66,0.84,3.676,420.0,0.011,PM2.5-1HR
38,110010053,2024-09-23,5.78,18.85,87.14,0.15,2.73,135.01,1016.06,4615.78,0.84,3.676,420.0,0.081,PM2.5-1HR
38,110010055,2024-09-23,4.12,18.97,86.7,0.15,2.68,135.62,1016.04,1360.05,1.2,4.18,420.0,0.611,PM2.5-1HR
38,240313001,2024-09-23,3.63,18.29,90.08,0.21,2.98,136.72,1016.04,164.8,1,3.9,420.0,0.508,PM2.5-1HR
38,240330030,2024-09-23,2.99,18.44,87.56,0.17,2.91,131.13,1016.19,177.44,0,2.5,420.0,0.38,PM2.5-1HR
38,510590030,2024-09-23,5.21,19.07,87.37,0.14,2.69,139.29,1015.97,1258.55,3.27,7.078,420.0,0.244,PM2.5-1HR
38,510590031,2024-09-23,6.07,19.08,88.16,0.13,2.74,141.79,1015.93,1483.19,4.3,8.52,420.0,0.017,PM2.5-1HR
38,110010041,2024-09-24,4.74,18.27,89.05,0.15,2.67,100.9,1017.77,2296.59,1.9,5.16,420.0,0.103,PM2.5-1HR
38,110010043,2024-09-24,4.49,18.15,89.43,0.17,2.67,101.37,1017.77,3992.29,2.02,5.328,420.0,0.356,PM2.5-1HR
38,110010051,2024-09-24,4.99,18.27,89.02,0.15,2.67,100.89,1017.77,3666.66,1.26,4.264,420.0,0.011,PM2.5-1HR
38,110010053,2024-09-24,4.82,18.24,89.47,0.16,2.64,101.32,1017.74,4615.78,1.9,5.16,420.0,0.081,PM2.5-1HR
38,110010055,2024-09-24,4.02,18.33,89.49,0.15,2.6,101.2,1017.7,1360.05,2.37,5.818,420.0,0.611,PM2.5-1HR
38,240313001,2024-09-24,3.45,17.7,90.19,0.2,2.84,106.21,1017.86,164.8,1,3.9,420.0,0.508,PM2.5-1HR
38,240330030,2024-09-24,2,18.09,88.42,0.17,2.83,101.31,1017.92,177.44,0,2.5,420.0,0.38,PM2.5-1HR
38,510590030,2024-09-24,5.18,18.32,90.45,0.15,2.63,103.36,1017.63,1258.55,3.7,7.68,420.0,0.244,PM2.5-1HR
38,510590031,2024-09-24,5.33,18.26,91.23,0.16,2.68,105.05,1017.6,1483.19,4.9,9.36,420.0,0.017,PM2.5-1HR
38,511071005,2024-09-24,5.29,17.55,93.52,0.21,2.99,116.88,1017.56,2224.9,2.7,6.28,420.0,0.103,PM2.5-1HR
38,110010041,2024-09-25,2.68,20.04,95.53,0.41,2.92,119.6,1017.6,2296.59,0.36,3.004,420.0,0.103,PM2.5-1HR
38,110010043,2024-09-25,2.76,19.97,95.62,0.4,2.9,119.4,1017.59,3992.29,0.25,2.85,420.0,0.356,PM2.5-1HR
38,110010051,2024-09-25,4.37,20.04,95.53,0.41,2.92,119.63,1017.6,3666.66,0.36,3.004,420.0,0.011,PM2.5-1HR
38,110010053,2024-09-25,2.64,20.06,95.64,0.39,2.86,119.65,1017.55,4615.78,0.36,3.004,420.0,0.081,PM2.5-1HR
38,110010055,2024-09-25,2.65,20.17,95.66,0.38,2.81,119.95,1017.51,1360.05,0.64,3.396,420.0,0.611,PM2.5-1HR
38,240330030,2024-09-25,0.91,19.75,95.44,0.47,3.13,118.89,1017.77,177.44,0,2.5,420.0,0.38,PM2.5-1HR
38,510590030,2024-09-25,3.7,20.23,96.09,0.36,2.78,121.54,1017.43,1258.55,1.1,4.04,420.0,0.244,PM2.5-1HR
38,511071005,2024-09-25,3.57,19.68,96.74,0.29,2.9,127.52,1017.33,2224.9,1.4,4.46,420.0,0.103,PM2.5-1HR
38,110010041,2024-09-26,4.21,22.99,92.87,0.21,2.08,142.9,1016.52,2296.59,1.04,3.956,420.0,0.103,PM2.5-1HR
38,110010043,2024-09-26,4.05,22.96,93,0.23,2.11,142.99,1016.5,3992.29,1.25,4.25,420.0,0.356,PM2.5-1HR
38,110010051,2024-09-26,5.55,22.99,92.86,0.21,2.08,142.88,1016.52,3666.66,1.04,3.956,420.0,0.011,PM2.5-1HR
38,110010053,2024-09-26,4.6,23.02,92.88,0.22,2.08,143.3,1016.49,4615.78,1.04,3.956,420.0,0.081,PM2.5-1HR
38,110010055,2024-09-26,3.09,23.09,92.73,0.2,2.05,143.61,1016.47,1360.05,1.48,4.572,420.0,0.611,PM2.5-1HR
38,240313001,2024-09-26,4.72,22.67,93.39,0.3,2.22,140.79,1016.56,164.8,2,5.3,420.0,0.508,PM2.5-1HR
38,240330030,2024-09-26,1.39,22.78,93.04,0.23,2.17,140.32,1016.61,177.44,0,2.5,420.0,0.38,PM2.5-1HR
38,510590030,2024-09-26,4.17,23.1,92.85,0.21,2.05,144.02,1016.42,1258.55,2.5,6.0,420.0,0.244,PM2.5-1HR
38,510590031,2024-09-26,5.71,23.07,93.04,0.23,2.07,144.17,1016.39,1483.19,3.65,7.61,420.0,0.017,PM2.5-1HR
38,511071005,2024-09-26,4.75,22.76,92.59,0.3,2.21,144.4,1016.35,2224.9,1.9,5.16,420.0,0.103,PM2.5-1HR
38,510130020,2024-09-27,3.7,23.04,94.8,0.43,3.65,98.99,1012.15,8320.52,1.26,4.264,420.0,0.276,PM2.5-1HR
38,110010041,2024-09-27,4.32,23.02,94.71,0.4,3.54,98.98,1012.29,2296.59,1.05,3.97,420.0,0.103,PM2.5-1HR
38,110010043,2024-09-27,4.47,23.01,94.61,0.4,3.59,97.99,1012.28,3992.29,1.14,4.096,420.0,0.356,PM2.5-1HR
38,110010051,2024-09-27,4.91,23.02,94.73,0.4,3.54,99.06,1012.29,3666.66,0.52,3.228,420.0,0.011,PM2.5-1HR
38,110010053,2024-09-27,3.67,23.04,94.66,0.42,3.6,98.71,1012.22,4615.78,1.05,3.97,420.0,0.081,PM2.5-1HR
38,110010055,2024-09-27,2.86,23.08,94.71,0.43,3.61,99.57,1012.14,1360.05,1.33,4.362,420.0,0.611,PM2.5-1HR
38,240313001,2024-09-27,2.66,22.76,95.06,0.33,3.72,94.49,1012.48,164.8,0,2.5,420.0,0.508,PM2.5-1HR
38,240330030,2024-09-27,1.38,22.85,94.91,0.32,3.51,96.5,1012.58,177.44,0,2.5,420.0,0.38,PM2.5-1HR
38,510590030,2024-09-27,3.76,23.08,94.98,0.47,3.72,100.27,1011.99,1258.55,2.07,5.398,420.0,0.244,PM2.5-1HR
38,510590031,2024-09-27,4.84,23.06,95.16,0.5,3.8,100.35,1011.92,1483.19,2.8,6.42,420.0,0.017,PM2.5-1HR
38,110010041,2024-09-28,6.66,24.19,80.7,0.1,2.12,126.81,1009.9,2296.59,0.08,2.612,420.0,0.103,PM2.5-1HR
38,110010043,2024-09-28,6.16,24.15,80.42,0.1,2.18,126.25,1009.91,3992.29,0,2.5,420.0,0.356,PM2.5-1HR
38,110010051,2024-09-28,5.99,24.19,80.76,0.1,2.12,126.72,1009.9,3666.66,0.08,2.612,420.0,0.011,PM2.5-1HR
38,110010053,2024-09-28,6.92,24.23,80.2,0.09,2.08,130.65,1009.87,4615.78,0.08,2.612,420.0,0.081,PM2.5-1HR
38,110010055,2024-09-28,6.37,24.34,79.92,0.08,1.97,137.33,1009.83,1360.05,0.82,3.648,420.0,0.611,PM2.5-1HR
38,240313001,2024-09-28,6.28,23.62,82.69,0.15,2.59,112.23,1010.05,164.8,1,3.9,420.0,0.508,PM2.5-1HR
38,240330030,2024-09-28,3.4,23.78,83.12,0.15,2.51,108.69,1010.07,177.44,0,2.5,420.0,0.38,PM2.5-1HR
38,510590030,2024-09-28,7.58,24.31,80.44,0.08,1.94,147.68,1009.77,1258.55,2.67,6.238,420.0,0.244,PM2.5-1HR
38,510590031,2024-09-28,8.75,24.24,81.05,0.09,1.98,150.63,1009.74,1483.19,3.8,7.82,420.0,0.017,PM2.5-1HR
38,110010041,2024-09-29,5.45,20.53,94.98,0.13,3.04,46.93,1013.17,2296.59,0.22,2.808,420.0,0.103,PM2.5-1HR
38,110010043,2024-09-29,5.71,20.37,95.34,0.13,3.06,47.57,1013.22,3992.29,0.25,2.85,420.0,0.356,PM2.5-1HR
38,110010051,2024-09-29,3.5,20.54,94.97,0.13,3.03,46.92,1013.17,3666.66,0.22,2.808,420.0,0.011,PM2.5-1HR
38,110010053,2024-09-29,4.7,20.57,94.92,0.11,3.01,47.11,1013.15,4615.78,0.22,2.808,420.0,0.081,PM2.5-1HR
38,110010055,2024-09-29,3.72,20.82,94.42,0.09,2.95,46.47,1013.06,1360.05,0.82,3.648,420.0,0.611,PM2.5-1HR
38,240313001,2024-09-29,4.46,19.55,96.78,0.2,3.07,52.4,1013.49,164.8,1,3.9,420.0,0.508,PM2.5-1HR
38,240330030,2024-09-29,4.27,19.93,95.96,0.23,3.16,48.24,1013.39,177.44,0,2.5,420.0,0.38,PM2.5-1HR
38,510590030,2024-09-29,5.23,20.94,94.52,0.07,2.91,48.31,1013,1258.55,2.1,5.44,420.0,0.244,PM2.5-1HR
38,510590031,2024-09-29,6.64,20.9,94.89,0.07,2.91,50.22,1013,1483.19,3.1,6.84,420.0,0.017,PM2.5-1HR
38,110010041,2024-09-30,4.7,18.73,93.99,0.2,3.1,53.92,1015.42,2296.59,1.18,4.152,420.0,0.103,PM2.5-1HR
38,110010043,2024-09-30,4.65,18.53,94.46,0.23,3.09,54.31,1015.45,3992.29,1.38,4.432,420.0,0.356,PM2.5-1HR
38,110010051,2024-09-30,4.83,18.74,93.96,0.2,3.1,53.89,1015.42,3666.66,0.64,3.396,420.0,0.011,PM2.5-1HR
38,110010053,2024-09-30,4,18.71,94.14,0.21,3.11,54.45,1015.39,4615.78,1.18,4.152,420.0,0.081,PM2.5-1HR
38,110010055,2024-09-30,3.46,18.93,93.75,0.2,3.13,54.59,1015.31,1360.05,1.27,4.278,420.0,0.611,PM2.5-1HR
38,240313001,2024-09-30,5.32,17.8,95.77,0.31,2.94,56.04,1015.7,164.8,2,5.3,420.0,0.508,PM2.5-1HR
38,240330030,2024-09-30,4.32,18.35,94.16,0.2,3.01,52.71,1015.64,177.44,2,5.3,420.0,0.38,PM2.5-1HR
38,510590030,2024-09-30,4.06,18.99,93.81,0.24,3.23,55.69,1015.25,1258.55,1.2,4.18,420.0,0.244,PM2.5-1HR
38,510590031,2024-09-30,5.11,18.92,94.08,0.28,3.3,56.44,1015.24,1483.19,1.7,4.88,420.0,0.017,PM2.5-1HR
38,110010041,2024-10-01,3.29,18.61,92.22,0.28,3.16,59.62,1015.05,2296.59,0.3,2.92,420.0,0.103,PM2.5-1HR
38,110010043,2024-10-01,3.32,18.43,92.69,0.3,3.13,60.03,1015.08,3992.29,0.25,2.85,420.0,0.356,PM2.5-1HR
38,110010051,2024-10-01,3.77,18.62,92.18,0.28,3.17,59.62,1015.05,3666.66,0.3,2.92,420.0,0.011,PM2.5-1HR
38,110010053,2024-10-01,2.71,18.56,92.61,0.29,3.14,59.52,1015.02,4615.78,0.3,2.92,420.0,0.081,PM2.5-1HR
38,110010055,2024-10-01,3.48,18.73,92.49,0.27,3.15,58.89,1014.94,1360.05,0.44,3.116,420.0,0.611,PM2.5-1HR
38,240313001,2024-10-01,3.29,17.71,94.23,0.39,2.95,64.15,1015.35,164.8,1,3.9,420.0,0.508,PM2.5-1HR
38,240330030,2024-10-01,2.35,18.31,92.05,0.3,3.15,60.85,1015.28,177.44,0,2.5,420.0,0.38,PM2.5-1HR
38,510590030,2024-10-01,3.3,18.74,93.15,0.28,3.15,59.68,1014.89,1258.55,1.83,5.062,420.0,0.244,PM2.5-1HR
38,510590031,2024-10-01,4.33,18.66,93.75,0.29,3.14,60.66,1014.89,1483.19,2.5,6.0,420.0,0.017,PM2.5-1HR
38,110010041,2024-10-02,5.52,18.43,88.78,0.04,1.52,73.32,1015.08,2296.59,0.68,3.452,420.0,0.103,PM2.5-1HR
38,110010043,2024-10-02,5.83,18.33,89.14,0.04,1.51,76.79,1015.1,3992.29,0.75,3.55,420.0,0.356,PM2.5-1HR
38,110010051,2024-10-02,4.63,18.44,88.75,0.04,1.52,72.98,1015.08,3666.66,0.68,3.452,420.0,0.011,PM2.5-1HR
38,110010053,2024-10-02,5.46,18.42,89.18,0.04,1.5,75.64,1015.07,4615.78,0.68,3.452,420.0,0.081,PM2.5-1HR
38,110010055,2024-10-02,4.51,18.52,89.21,0.04,1.49,74.08,1015.03,1360.05,1.04,3.956,420.0,0.611,PM2.5-1HR
38,240313001,2024-10-02,4.08,17.9,90.66,0.05,1.49,82.29,1015.22,164.8,0,2.5,420.0,0.508,PM2.5-1HR
38,240330030,2024-10-02,3.26,18.2,88.66,0.03,1.57,71.86,1015.17,177.44,0,2.5,420.0,0.38,PM2.5-1HR
38,510590030,2024-10-02,5.34,18.57,89.91,0.05,1.49,74.59,1015.02,1258.55,2.17,5.538,420.0,0.244,PM2.5-1HR
38,510590031,2024-10-02,5.55,18.56,90.47,0.05,1.5,75.97,1015.02,1483.19,3.05,6.77,420.0,0.017,PM2.5-1HR
38,110010041,2024-10-03,7.07,19.72,85.1,0.01,1.03,109.96,1019.32,2296.59,2.18,5.552,420.0,0.103,PM2.5-1HR
38,110010043,2024-10-03,7.19,19.59,85.5,0.01,1.03,95.84,1019.32,3992.29,2.56,6.084,420.0,0.356,PM2.5-1HR
38,110010051,2024-10-03,6.52,19.73,85.07,0.01,1.03,111.65,1019.32,3666.66,1.26,4.264,420.0,0.011,PM2.5-1HR
38,110010053,2024-10-03,5.96,19.75,85.26,0.02,1.04,104.35,1019.3,4615.78,2.18,5.552,420.0,0.081,PM2.5-1HR
38,110010055,2024-10-03,5.66,19.94,84.96,0.02,1.06,114.58,1019.29,1360.05,2.62,6.168,420.0,0.611,PM2.5-1HR
38,240313001,2024-10-03,4.82,18.91,85.47,0.01,1,67.56,1019.39,164.8,2,5.3,420.0,0.508,PM2.5-1HR
38,240330030,2024-10-03,4.51,19.3,85.13,0.01,1.04,121.77,1019.37,177.44,0,2.5,420.0,0.38,PM2.5-1HR
38,510130020,2024-10-03,6.8,19.78,85.53,0.02,1.01,102.65,1019.3,8320.52,2.42,5.888,420.0,0.276,PM2.5-1HR
38,510590030,2024-10-03,7.28,20.03,85.61,0.02,1.01,111.83,1019.27,1258.55,3.8,7.82,420.0,0.244,PM2.5-1HR
38,510590031,2024-10-03,6.95,19.99,86.33,0.02,0.96,102.99,1019.26,1483.19,5.55,10.27,420.0,0.017,PM2.5-1HR
38,110010041,2024-10-04,6.17,20.48,87.21,0.04,1.82,179.57,1021.3,2296.59,1.94,5.216,420.0,0.103,PM2.5-1HR
38,110010043,2024-10-04,7.28,20.36,87.91,0.05,1.77,178.73,1021.29,3992.29,1.75,4.95,420.0,0.356,PM2.5-1HR
38,110010051,2024-10-04,6.25,20.49,87.17,0.04,1.83,179.63,1021.3,3666.66,1.94,5.216,420.0,0.011,PM2.5-1HR
38,110010053,2024-10-04,6.07,20.48,87.4,0.04,1.8,179.25,1021.28,4615.78,1.94,5.216,420.0,0.081,PM2.5-1HR
38,110010055,2024-10-04,5.79,20.62,86.78,0.04,1.84,179.81,1021.28,1360.05,2.18,5.552,420.0,0.611,PM2.5-1HR
38,240313001,2024-10-04,7.09,19.83,90.11,0.06,1.66,173.71,1021.29,164.8,2,5.3,420.0,0.508,PM2.5-1HR
38,240330030,2024-10-04,4.88,20.19,88.11,0.05,1.81,177.48,1021.33,177.44,2,5.3,420.0,0.38,PM2.5-1HR
38,510590030,2024-10-04,6.48,20.7,87.03,0.03,1.9,179.9,1021.25,1258.55,4.63,8.982,420.0,0.244,PM2.5-1HR
38,510590031,2024-10-04,6.61,20.7,87.6,0.03,1.92,179.72,1021.22,1483.19,5.6,10.34,420.0,0.017,PM2.5-1HR
38,110010041,2024-10-05,7.49,19.69,79.07,0.02,2.08,9.44,1020.91,2296.59,3.03,6.742,420.0,0.103,PM2.5-1HR
38,110010043,2024-10-05,6.98,19.57,79.02,0.02,2.09,8.71,1020.95,3992.29,3,6.7,420.0,0.356,PM2.5-1HR
38,110010051,2024-10-05,6.36,19.7,79.07,0.02,2.08,9.33,1020.91,3666.66,3.03,6.742,420.0,0.011,PM2.5-1HR
38,110010055,2024-10-05,6.74,19.78,79.84,0.01,2.05,15.33,1020.88,1360.05,3.88,7.932,420.0,0.611,PM2.5-1HR
38,240313001,2024-10-05,6.87,19.2,77.48,0.02,2.19,6.62,1021.13,164.8,3,6.7,420.0,0.508,PM2.5-1HR
38,240330030,2024-10-05,7.13,19.52,77.51,0.02,2.19,3.17,1021,177.44,2,5.3,420.0,0.38,PM2.5-1HR
38,510590030,2024-10-05,8.07,19.84,80.52,0.01,2.07,11.69,1020.89,1258.55,5.3,9.92,420.0,0.244,PM2.5-1HR
38,510590031,2024-10-05,8.02,19.83,80.82,0,2.1,5.48,1020.92,1483.19,6.4,11.46,420.0,0.017,PM2.5-1HR
38,110010041,2024-10-06,9.38,17.6,74.85,0,2.06,137.8,1018.01,2296.59,2.84,6.476,420.0,0.103,PM2.5-1HR
38,110010043,2024-10-06,7.84,17.37,74.82,0,2.04,138.24,1018,3992.29,3.1,6.84,420.0,0.356,PM2.5-1HR
38,110010051,2024-10-06,6.31,17.62,74.87,0,2.06,137.77,1018.01,3666.66,1.7,4.88,420.0,0.011,PM2.5-1HR
38,110010055,2024-10-06,7.14,17.72,74.77,0,2.01,137.49,1018.01,1360.05,3.48,7.372,420.0,0.611,PM2.5-1HR
38,240313001,2024-10-06,8.24,16.94,74.64,0,2.17,134.29,1017.96,164.8,5,9.5,420.0,0.508,PM2.5-1HR
38,240330030,2024-10-06,6.39,17.44,74.76,0,2.2,132.18,1018,177.44,1,3.9,420.0,0.38,PM2.5-1HR
38,510590030,2024-10-06,7.04,17.76,75.39,0,2.01,142.98,1018.01,1258.55,4.07,8.198,420.0,0.244,PM2.5-1HR
38,510590031,2024-10-06,7.26,17.69,75.95,0,2.03,148.6,1018.01,1483.19,5.2,9.78,420.0,0.017,PM2.5-1HR
38,511071005,2024-10-06,8.23,17.08,75.51,0,2.05,142.03,1017.87,2224.9,5.6,10.34,420.0,0.103,PM2.5-1HR
38,110010041,2024-10-07,9.28,19.37,68.23,0,3.41,289.5,1011.7,2296.59,2.1,5.44,420.0,0.103,PM2.5-1HR
38,110010043,2024-10-07,8.48,19.26,68.24,0,3.38,290.46,1011.74,3992.29,2,5.3,420.0,0.356,PM2.5-1HR
38,110010051,2024-10-07,6.14,19.38,68.23,0,3.41,289.42,1011.7,3666.66,2.1,5.44,420.0,0.011,PM2.5-1HR
38,110010055,2024-10-07,8.57,19.42,68.28,0,3.39,290.36,1011.74,1360.05,2.78,6.392,420.0,0.611,PM2.5-1HR
38,240313001,2024-10-07,10.28,18.82,68.5,0.01,3.4,292.62,1011.82,164.8,5,9.5,420.0,0.508,PM2.5-1HR
38,240330030,2024-10-07,9.6,19.24,68.19,0,3.46,289.16,1011.65,177.44,3,6.7,420.0,0.38,PM2.5-1HR
38,510590030,2024-10-07,11.15,19.41,68.51,0.01,3.45,292.06,1011.8,1258.55,3.93,8.002,420.0,0.244,PM2.5-1HR
38,510590031,2024-10-07,10.75,19.34,68.69,0.02,3.48,293.42,1011.85,1483.19,4.7,9.08,420.0,0.017,PM2.5-1HR
38,511071005,2024-10-07,11.41,18.67,68.2,0.02,3.45,298.53,1012.09,2224.9,4.3,8.52,420.0,0.103,PM2.5-1HR
38,110010041,2024-10-08,3.55,14.68,62.79,0,2.13,304.63,1014.76,2296.59,0.02,2.528,420.0,0.103,PM2.5-1HR
38,110010043,2024-10-08,4.21,14.49,62.89,0,2.11,303.5,1014.79,3992.29,0,2.5,420.0,0.356,PM2.5-1HR
38,110010051,2024-10-08,4.24,14.69,62.79,0,2.13,304.73,1014.76,3666.66,0.02,2.528,420.0,0.011,PM2.5-1HR
38,110010053,2024-10-08,4.62,14.59,62.84,0,2.1,304.41,1014.79,4615.78,0.02,2.528,420.0,0.081,PM2.5-1HR
38,110010055,2024-10-08,3.49,14.72,62.77,0,2.09,305.56,1014.8,1360.05,0.54,3.256,420.0,0.611,PM2.5-1HR
38,240313001,2024-10-08,5.37,14.19,62.9,0,2.16,300.88,1014.81,164.8,2,5.3,420.0,0.508,PM2.5-1HR
38,240330030,2024-10-08,4.38,14.66,62.56,0,2.22,303.35,1014.69,177.44,0,2.5,420.0,0.38,PM2.5-1HR
38,510590030,2024-10-08,3.92,14.69,63.47,0,2.11,307.28,1014.85,1258.55,1.77,4.978,420.0,0.244,PM2.5-1HR
38,510590031,2024-10-08,3.86,14.61,64.12,0,2.13,308.18,1014.9,1483.19,2.6,6.14,420.0,0.017,PM2.5-1HR
38,511071005,2024-10-08,5.44,13.87,64.68,0,2.06,302.49,1015.02,2224.9,2.5,6.0,420.0,0.103,PM2.5-1HR
38,110010041,2024-10-09,4.04,14.76,62.77,0,2.97,280.76,1014.74,2296.59,0.92,3.788,420.0,0.103,PM2.5-1HR
38,110010043,2024-10-09,4.21,14.49,63.07,0,2.95,281.23,1014.76,3992.29,0.84,3.676,420.0,0.356,PM2.5-1HR
38,110010051,2024-10-09,4.32,14.78,62.74,0,2.98,280.73,1014.74,3666.66,0.26,2.864,420.0,0.011,PM2.5-1HR
38,110010053,2024-10-09,3.47,14.71,62.95,0,2.9,280.98,1014.77,4615.78,0.92,3.788,420.0,0.081,PM2.5-1HR
38,110010055,2024-10-09,4.15,14.97,62.82,0,2.84,280.6,1014.78,1360.05,1.43,4.502,420.0,0.611,PM2.5-1HR
38,240313001,2024-10-09,5.45,14.05,62.34,0,3.16,282.65,1014.75,164.8,2,5.3,420.0,0.508,PM2.5-1HR
38,240330030,2024-10-09,6.83,14.51,62.03,0,3.24,281.11,1014.66,177.44,1,3.9,420.0,0.38,PM2.5-1HR
38,510130020,2024-10-09,4.3,14.79,62.76,0,2.9,281.45,1014.79,8320.52,1.1,4.04,420.0,0.276,PM2.5-1HR
38,510590030,2024-10-09,3.68,15.16,62.65,0,2.84,281.38,1014.82,1258.55,2.47,5.958,420.0,0.244,PM2.5-1HR
38,510590031,2024-10-09,3.57,15.15,62.6,0,2.86,282.24,1014.85,1483.19,3.05,6.77,420.0,0.017,PM2.5-1HR
38,110010041,2024-10-10,3.17,12.17,60.31,0,2.71,338.43,1019.43,2296.59,0.14,2.696,420.0,0.103,PM2.5-1HR
38,110010043,2024-10-10,2.71,11.98,60.57,0,2.65,337.13,1019.47,3992.29,0,2.5,420.0,0.356,PM2.5-1HR
38,110010051,2024-10-10,3.71,12.19,60.28,0,2.72,338.53,1019.42,3666.66,0.14,2.696,420.0,0.011,PM2.5-1HR
38,110010053,2024-10-10,2.52,12.11,60.39,0,2.66,338.04,1019.46,4615.78,0.14,2.696,420.0,0.081,PM2.5-1HR
38,110010055,2024-10-10,4.05,12.27,60.18,0,2.66,339.14,1019.44,1360.05,0.56,3.284,420.0,0.611,PM2.5-1HR
38,240313001,2024-10-10,5.34,11.8,59.92,0,2.82,334.32,1019.56,164.8,0,2.5,420.0,0.508,PM2.5-1HR
38,240330030,2024-10-10,4.54,12.1,59.96,0,2.86,337.5,1019.41,177.44,1,3.9,420.0,0.38,PM2.5-1HR
38,510590030,2024-10-10,2.96,12.43,59.94,0,2.78,340.29,1019.48,1258.55,1.73,4.922,420.0,0.244,PM2.5-1HR
38,510590031,2024-10-10,3.27,12.47,59.89,0,2.87,340.59,1019.53,1483.19,2.25,5.65,420.0,0.017,PM2.5-1HR
38,110010041,2024-10-11,4.33,12.1,68.3,0,2.33,289.36,1020.74,2296.59,0.24,2.836,420.0,0.103,PM2.5-1HR
38,110010043,2024-10-11,4.49,11.87,68.65,0,2.31,288.62,1020.76,3992.29,0.25,2.85,420.0,0.356,PM2.5-1HR
38,110010051,2024-10-11,5.6,12.12,68.26,0,2.33,289.46,1020.74,3666.66,0.24,2.836,420.0,0.011,PM2.5-1HR
38,110010053,2024-10-11,3.87,12.02,68.42,0,2.29,288.61,1020.78,4615.78,0.24,2.836,420.0,0.081,PM2.5-1HR
38,110010055,2024-10-11,3.92,12.19,68.16,0,2.28,288.6,1020.8,1360.05,0.68,3.452,420.0,0.611,PM2.5-1HR
38,240313001,2024-10-11,5.64,11.83,67.27,0,2.43,289.76,1020.71,164.8,1,3.9,420.0,0.508,PM2.5-1HR
38,240330030,2024-10-11,4.99,12.1,67.54,0,2.46,291.07,1020.63,177.44,0,2.5,420.0,0.38,PM2.5-1HR
38,510590030,2024-10-11,3,12.43,67.49,0,2.35,289.77,1020.85,1258.55,1.47,4.558,420.0,0.244,PM2.5-1HR
38,510590031,2024-10-11,3.68,12.51,67.12,0,2.42,290.66,1020.89,1483.19,2.1,5.44,420.0,0.017,PM2.5-1HR
38,110010041,2024-10-12,9.24,17.03,63.93,0,2.3,255.96,1016.05,2296.59,2.93,6.602,420.0,0.103,PM2.5-1HR
38,110010043,2024-10-12,7.99,16.93,63.56,0,2.27,258.66,1016.05,3992.29,3.4,7.26,420.0,0.356,PM2.5-1HR
38,110010051,2024-10-12,5.89,17.04,63.95,0,2.3,255.76,1016.05,3666.66,1.92,5.188,420.0,0.011,PM2.5-1HR
38,110010053,2024-10-12,10.07,16.95,64.27,0,2.23,256.46,1016.08,4615.78,2.93,6.602,420.0,0.081,PM2.5-1HR
38,110010055,2024-10-12,6.41,16.98,65.14,0,2.19,253.91,1016.11,1360.05,3.23,7.022,420.0,0.611,PM2.5-1HR
38,240313001,2024-10-12,7.87,17.03,61.96,0,2.42,272.11,1015.98,164.8,4,8.1,420.0,0.508,PM2.5-1HR
38,240330030,2024-10-12,6.13,17.2,62.01,0,2.52,260.99,1015.93,177.44,1,3.9,420.0,0.38,PM2.5-1HR
38,510590030,2024-10-12,7.09,16.93,66.5,0,2.14,252.16,1016.15,1258.55,2.57,6.098,420.0,0.244,PM2.5-1HR
38,510590031,2024-10-12,6.8,16.87,67.16,0,2.12,252.27,1016.17,1483.19,3.55,7.47,420.0,0.017,PM2.5-1HR
38,110010041,2024-10-13,9.53,19.08,66.67,0,3.61,209.64,1009.98,2296.59,2.96,6.644,420.0,0.103,PM2.5-1HR
38,110010043,2024-10-13,9.45,18.99,67.13,0,3.51,209.03,1009.93,3992.29,3.25,7.05,420.0,0.356,PM2.5-1HR
38,110010051,2024-10-13,6.29,19.09,66.65,0,3.61,209.66,1009.98,3666.66,2.96,6.644,420.0,0.011,PM2.5-1HR
38,110010053,2024-10-13,8.12,19.05,66.77,0,3.59,209.73,1009.99,4615.78,2.96,6.644,420.0,0.081,PM2.5-1HR
38,110010055,2024-10-13,7.47,19.11,66.34,0,3.68,210.46,1010.07,1360.05,3.56,7.484,420.0,0.611,PM2.5-1HR
38,240313001,2024-10-13,10.94,18.81,68.97,0,3.25,198.06,1009.64,164.8,6,10.9,420.0,0.508,PM2.5-1HR
38,240330030,2024-10-13,10.54,19.04,67.49,0,3.47,204.84,1009.79,177.44,6,10.9,420.0,0.38,PM2.5-1HR
38,510590030,2024-10-13,9.35,19.1,66.36,0,3.75,210.22,1010.09,1258.55,5.33,9.962,420.0,0.244,PM2.5-1HR
38,510590031,2024-10-13,9.17,19.05,66.63,0,3.76,209.68,1010.06,1483.19,7.1,12.44,420.0,0.017,PM2.5-1HR
38,110010041,2024-10-14,4.55,16.7,53.2,0,5,281.24,1008.22,2296.59,0.2,2.78,420.0,0.103,PM2.5-1HR
38,110010043,2024-10-14,4.83,16.56,53.26,0,4.95,281.89,1008.27,3992.29,0.25,2.85,420.0,0.356,PM2.5-1HR
38,110010051,2024-10-14,3.39,16.71,53.19,0,5.01,281.21,1008.22,3666.66,0.2,2.78,420.0,0.011,PM2.5-1HR
38,110010053,2024-10-14,4.74,16.67,53.24,0,4.93,281.38,1008.29,4615.78,0.2,2.78,420.0,0.081,PM2.5-1HR
38,110010055,2024-10-14,4.17,16.8,53.22,0,4.92,280.74,1008.32,1360.05,0.48,3.172,420.0,0.611,PM2.5-1HR
38,240313001,2024-10-14,5.71,16.02,53.68,0,5.03,284.18,1008.29,164.8,1,3.9,420.0,0.508,PM2.5-1HR
38,240330030,2024-10-14,6.08,16.44,53.43,0,5.19,282.4,1008.06,177.44,1,3.9,420.0,0.38,PM2.5-1HR
38,510590030,2024-10-14,4.88,16.8,53.4,0,4.91,281.17,1008.43,1258.55,0.87,3.718,420.0,0.244,PM2.5-1HR
38,510590031,2024-10-14,4.43,16.72,53.57,0,4.91,281.85,1008.5,1483.19,1.3,4.32,420.0,0.017,PM2.5-1HR
38,110010041,2024-10-15,2.59,9.87,65.24,0.01,2.52,284.73,1014.91,2296.59,0.55,3.27,420.0,0.103,PM2.5-1HR
38,110010043,2024-10-15,2.77,9.64,65.95,0,2.46,283.39,1014.93,3992.29,0.54,3.256,420.0,0.356,PM2.5-1HR
38,110010051,2024-10-15,3.59,9.89,65.17,0.01,2.53,284.85,1014.91,3666.66,0.12,2.668,420.0,0.011,PM2.5-1HR
38,110010053,2024-10-15,2.28,9.8,65.8,0,2.45,284.52,1014.94,4615.78,0.55,3.27,420.0,0.081,PM2.5-1HR
38,110010055,2024-10-15,3.25,9.99,65.6,0,2.43,285.83,1014.95,1360.05,0.87,3.718,420.0,0.611,PM2.5-1HR
38,240313001,2024-10-15,4.18,9.34,65.26,0,2.54,284.33,1014.93,164.8,1,3.9,420.0,0.508,PM2.5-1HR
38,240330030,2024-10-15,2.4,9.78,63.89,0.01,2.71,284.63,1014.83,177.44,0,2.5,420.0,0.38,PM2.5-1HR
38,510130020,2024-10-15,2.7,9.83,65.88,0,2.44,285.98,1014.97,8320.52,0.66,3.424,420.0,0.276,PM2.5-1HR
38,510590030,2024-10-15,2.88,10.07,66.04,0,2.43,288.69,1015,1258.55,1.4,4.46,420.0,0.244,PM2.5-1HR
38,510590031,2024-10-15,2.9,10.02,66.56,0,2.43,290.26,1015.05,1483.19,1.8,5.02,420.0,0.017,PM2.5-1HR
38,110010041,2024-10-16,2.97,9.27,62.45,0,3.44,314.39,1019.78,2296.59,0.04,2.556,420.0,0.103,PM2.5-1HR
38,110010043,2024-10-16,2.54,9.13,62.5,0,3.41,313.69,1019.82,3992.29,0,2.5,420.0,0.356,PM2.5-1HR
38,110010051,2024-10-16,3.26,9.28,62.45,0,3.44,314.48,1019.77,3666.66,0.04,2.556,420.0,0.011,PM2.5-1HR
38,110010053,2024-10-16,1.27,9.23,62.41,0,3.41,314.19,1019.83,4615.78,0.04,2.556,420.0,0.081,PM2.5-1HR
38,110010055,2024-10-16,2.81,9.35,62.31,0,3.4,314.75,1019.84,1360.05,0.5,3.2,420.0,0.611,PM2.5-1HR
38,240313001,2024-10-16,3.79,8.86,62.35,0,3.57,314.67,1019.88,164.8,0,2.5,420.0,0.508,PM2.5-1HR
38,240330030,2024-10-16,2.71,9.17,62.36,0,3.55,314.81,1019.68,177.44,0,2.5,420.0,0.38,PM2.5-1HR
38,510590030,2024-10-16,2.7,9.4,62.33,0,3.52,317.21,1019.93,1258.55,1.53,4.642,420.0,0.244,PM2.5-1HR
38,510590031,2024-10-16,2.56,9.38,62.43,0,3.63,318.75,1020,1483.19,2.2,5.58,420.0,0.017,PM2.5-1HR
38,110010041,2024-10-17,3.21,9.58,61,0,3.16,344.96,1024.47,2296.59,0.32,2.948,420.0,0.103,PM2.5-1HR
38,110010043,2024-10-17,3.03,9.41,61.15,0,3.09,344.19,1024.54,3992.29,0.25,2.85,420.0,0.356,PM2.5-1HR
38,110010051,2024-10-17,5.03,9.59,60.99,0,3.17,345.04,1024.47,3666.66,0.32,2.948,420.0,0.011,PM2.5-1HR
38,110010053,2024-10-17,3.06,9.52,60.9,0,3.11,344.16,1024.51,4615.78,0.32,2.948,420.0,0.081,PM2.5-1HR
38,110010055,2024-10-17,3.78,9.66,60.61,0,3.13,344.15,1024.47,1360.05,0.8,3.62,420.0,0.611,PM2.5-1HR
38,240313001,2024-10-17,4.71,9.16,61.19,0,3.1,343.25,1024.72,164.8,0,2.5,420.0,0.508,PM2.5-1HR
38,240330030,2024-10-17,5.13,9.5,61.27,0,3.27,346.3,1024.49,177.44,0,2.5,420.0,0.38,PM2.5-1HR
38,510590030,2024-10-17,3.12,9.74,60.25,0,3.22,343.79,1024.53,1258.55,1.9,5.16,420.0,0.244,PM2.5-1HR
38,510590031,2024-10-17,3.35,9.72,60.15,0,3.28,343.52,1024.61,1483.19,2.55,6.07,420.0,0.017,PM2.5-1HR
38,110010041,2024-10-18,5.28,11.19,60.7,0,2.51,349.18,1030.48,2296.59,0.88,3.732,420.0,0.103,PM2.5-1HR
38,110010043,2024-10-18,3.56,11.02,61.05,0,2.47,348.52,1030.52,3992.29,0.94,3.816,420.0,0.356,PM2.5-1HR
38,110010051,2024-10-18,5.87,11.2,60.67,0,2.51,349.22,1030.48,3666.66,0.12,2.668,420.0,0.011,PM2.5-1HR
38,110010053,2024-10-18,3.77,11.09,60.96,0,2.47,348.63,1030.51,4615.78,0.88,3.732,420.0,0.081,PM2.5-1HR
38,110010055,2024-10-18,5.24,11.19,60.85,0,2.47,348.8,1030.48,1360.05,1.28,4.292,420.0,0.611,PM2.5-1HR
38,240313001,2024-10-18,5.69,10.94,60.43,0,2.57,347.25,1030.67,164.8,1,3.9,420.0,0.508,PM2.5-1HR
38,240330030,2024-10-18,4,11.3,59.67,0,2.64,349.37,1030.49,177.44,1,3.9,420.0,0.38,PM2.5-1HR
38,510590030,2024-10-18,4.39,11.18,61.24,0,2.53,347.78,1030.53,1258.55,1.9,5.16,420.0,0.244,PM2.5-1HR
38,510590031,2024-10-18,4.23,11.11,61.66,0,2.58,346.85,1030.58,1483.19,2.55,6.07,420.0,0.017,PM2.5-1HR
38,511071005,2024-10-18,4.78,10.56,61.92,0,2.48,341.54,1030.9,2224.9,2.4,5.86,420.0,0.103,PM2.5-1HR
38,110010041,2024-10-19,9.81,11.68,64.68,0,1.75,18.59,1032.46,2296.59,0.78,3.592,420.0,0.103,PM2.5-1HR
38,110010043,2024-10-19,8.83,11.48,64.84,0,1.77,19.26,1032.47,3992.29,0.75,3.55,420.0,0.356,PM2.5-1HR
38,110010051,2024-10-19,6.64,11.7,64.67,0,1.75,18.49,1032.46,3666.66,0.78,3.592,420.0,0.011,PM2.5-1HR
38,110010053,2024-10-19,7.31,11.59,64.8,0,1.75,18.72,1032.47,4615.78,0.78,3.592,420.0,0.081,PM2.5-1HR
38,110010055,2024-10-19,6.94,11.73,64.75,0,1.74,18.13,1032.45,1360.05,1.4,4.46,420.0,0.611,PM2.5-1HR
38,240313001,2024-10-19,8.54,11.35,65.34,0,1.79,18.61,1032.54,164.8,3,6.7,420.0,0.508,PM2.5-1HR
38,240330030,2024-10-19,5.5,11.7,64.25,0,1.79,17.42,1032.47,177.44,1,3.9,420.0,0.38,PM2.5-1HR
38,510590030,2024-10-19,5.55,11.84,64.87,0,1.78,15.82,1032.47,1258.55,3.2,6.98,420.0,0.244,PM2.5-1HR
38,510590031,2024-10-19,7.02,11.86,65.04,0,1.83,14.55,1032.5,1483.19,4.35,8.59,420.0,0.017,PM2.5-1HR
38,511071005,2024-10-19,6.88,11.11,66.86,0,1.68,7.28,1032.64,2224.9,3.2,6.98,420.0,0.103,PM2.5-1HR
38,110010041,2024-10-20,12.12,12.83,65.66,0,1.59,277.28,1027.63,2296.59,1.22,4.208,420.0,0.103,PM2.5-1HR
38,110010043,2024-10-20,11.54,12.67,65.69,0,1.62,280.99,1027.63,3992.29,1,3.9,420.0,0.356,PM2.5-1HR
38,110010051,2024-10-20,7.69,12.84,65.68,0,1.58,276.94,1027.63,3666.66,1.22,4.208,420.0,0.011,PM2.5-1HR
38,110010053,2024-10-20,8.59,12.8,65.62,0,1.6,279.56,1027.64,4615.78,1.22,4.208,420.0,0.081,PM2.5-1HR
38,110010055,2024-10-20,10.1,12.98,65.5,0,1.58,277.77,1027.66,1360.05,1.68,4.852,420.0,0.611,PM2.5-1HR
38,240313001,2024-10-20,10.23,12.27,66.79,0,1.55,286.94,1027.61,164.8,3,6.7,420.0,0.508,PM2.5-1HR
38,240330030,2024-10-20,7.35,12.58,66.2,0,1.57,277.48,1027.6,177.44,0,2.5,420.0,0.38,PM2.5-1HR
38,510590030,2024-10-20,6.31,12.82,67.03,0,1.51,278.52,1027.68,1258.55,2.87,6.518,420.0,0.244,PM2.5-1HR
38,510590031,2024-10-20,10.44,12.6,68.44,0,1.47,280.28,1027.7,1483.19,3.25,7.05,420.0,0.017,PM2.5-1HR
38,511071005,2024-10-20,6.53,11.55,71.25,0,1.36,284.41,1027.7,2224.9,3.5,7.4,420.0,0.103,PM2.5-1HR
38,110010041,2024-10-21,10.73,14.78,63.09,0,1.99,279.91,1024.33,2296.59,2.92,6.588,420.0,0.103,PM2.5-1HR
38,110010043,2024-10-21,8.99,14.64,63.18,0,2.03,282.3,1024.34,3992.29,2.9,6.56,420.0,0.356,PM2.5-1HR
38,110010051,2024-10-21,7.65,14.8,63.07,0,1.99,279.71,1024.32,3666.66,1.4,4.46,420.0,0.011,PM2.5-1HR
38,110010053,2024-10-21,8.1,14.68,63.32,0,2,281.13,1024.35,4615.78,2.92,6.588,420.0,0.081,PM2.5-1HR
38,110010055,2024-10-21,10.13,14.72,63.49,0,1.97,279.66,1024.37,1360.05,3.72,7.708,420.0,0.611,PM2.5-1HR
38,240313001,2024-10-21,8.96,14.77,62.06,0,2.1,285.12,1024.33,164.8,5,9.5,420.0,0.508,PM2.5-1HR
38,240330030,2024-10-21,8.05,15.01,61.87,0,2.05,280.89,1024.25,177.44,2,5.3,420.0,0.38,PM2.5-1HR
38,510130020,2024-10-21,10.6,14.73,63.27,0,2,281.09,1024.38,8320.52,3.5,7.4,420.0,0.276,PM2.5-1HR
38,510590030,2024-10-21,6.17,14.8,63.57,0,1.96,279.63,1024.42,1258.55,4.17,8.338,420.0,0.244,PM2.5-1HR
38,510590031,2024-10-21,6.53,14.83,63.57,0,1.96,280.5,1024.45,1483.19,4.75,9.15,420.0,0.017,PM2.5-1HR
38,110010041,2024-10-22,10.53,16.67,62.5,0,1.7,225.67,1023.64,2296.59,1.86,5.104,420.0,0.103,PM2.5-1HR
38,110010043,2024-10-22,8.4,16.61,62.43,0,1.69,227.18,1023.63,3992.29,2.25,5.65,420.0,0.356,PM2.5-1HR
38,110010051,2024-10-22,7.8,16.68,62.51,0,1.7,225.56,1023.64,3666.66,1.86,5.104,420.0,0.011,PM2.5-1HR
38,110010053,2024-10-22,7.31,16.63,62.49,0,1.68,226.89,1023.64,4615.78,1.86,5.104,420.0,0.081,PM2.5-1HR
38,110010055,2024-10-22,6.87,16.66,62.55,0,1.68,224.98,1023.66,1360.05,2.32,5.748,420.0,0.611,PM2.5-1HR
38,240313001,2024-10-22,11.3,16.8,61.91,0,1.84,230.11,1023.57,164.8,5,9.5,420.0,0.508,PM2.5-1HR
38,240330030,2024-10-22,9.37,16.83,62.15,0,1.82,224.45,1023.61,177.44,4,8.1,420.0,0.38,PM2.5-1HR
38,510590030,2024-10-22,7.13,16.59,63.06,0,1.72,233.03,1023.68,1258.55,2.97,6.658,420.0,0.244,PM2.5-1HR
38,510590031,2024-10-22,6.89,16.52,63.47,0,1.74,234.77,1023.68,1483.19,4.3,8.52,420.0,0.017,PM2.5-1HR
38,511071005,2024-10-22,8.54,16.38,63.91,0,1.77,238.17,1023.6,2224.9,5.5,10.2,420.0,0.103,PM2.5-1HR
38,110010041,2024-10-23,9.26,16.14,68.8,0,2.47,200.08,1017.61,2296.59,3.9,7.96,420.0,0.103,PM2.5-1HR
38,110010043,2024-10-23,11.21,16.01,68.85,0,2.41,200.26,1017.58,3992.29,3.75,7.75,420.0,0.356,PM2.5-1HR
38,110010051,2024-10-23,7.86,16.16,68.78,0,2.47,200.06,1017.61,3666.66,3.9,7.96,420.0,0.011,PM2.5-1HR
38,110010053,2024-10-23,8.62,16.07,68.98,0,2.43,200.19,1017.6,4615.78,3.9,7.96,420.0,0.081,PM2.5-1HR
38,110010055,2024-10-23,8.68,16.16,69.14,0,2.46,200.11,1017.63,1360.05,4.02,8.128,420.0,0.611,PM2.5-1HR
38,240313001,2024-10-23,10.17,16,67.03,0,2.51,198.15,1017.45,164.8,6,10.9,420.0,0.508,PM2.5-1HR
38,240330030,2024-10-23,9.75,16.18,67.83,0,2.54,199.65,1017.55,177.44,4,8.1,420.0,0.38,PM2.5-1HR
38,510590030,2024-10-23,9.01,16.18,68.97,0,2.53,199.91,1017.62,1258.55,5.67,10.438,420.0,0.244,PM2.5-1HR
38,510590031,2024-10-23,10.24,16.14,68.75,0,2.57,199.75,1017.6,1483.19,6.25,11.25,420.0,0.017,PM2.5-1HR
38,511071005,2024-10-23,9.9,15.85,66.67,0,2.56,195.88,1017.32,2224.9,5.6,10.34,420.0,0.103,PM2.5-1HR
38,110010041,2024-10-24,4.95,16.22,54.62,0,3.85,322.33,1015.62,2296.59,1.22,4.208,420.0,0.103,PM2.5-1HR
38,110010043,2024-10-24,4.86,16.13,54.43,0,3.83,321.99,1015.68,3992.29,1.34,4.376,420.0,0.356,PM2.5-1HR
38,110010051,2024-10-24,5.34,16.23,54.64,0,3.85,322.38,1015.61,3666.66,0.52,3.228,420.0,0.011,PM2.5-1HR
38,110010053,2024-10-24,4.09,16.2,54.44,0,3.84,322,1015.67,4615.78,1.22,4.208,420.0,0.081,PM2.5-1HR
38,110010055,2024-10-24,4.53,16.27,54.48,0,3.84,322,1015.65,1360.05,1.68,4.852,420.0,0.611,PM2.5-1HR
38,240313001,2024-10-24,6.62,15.83,54.39,0,3.93,322.28,1015.9,164.8,2,5.3,420.0,0.508,PM2.5-1HR
38,240330030,2024-10-24,5.99,16.11,54.83,0,3.92,323.46,1015.6,177.44,0,2.5,420.0,0.38,PM2.5-1HR
38,510590030,2024-10-24,5.68,16.27,54.25,0,3.94,322.51,1015.75,1258.55,2.07,5.398,420.0,0.244,PM2.5-1HR
38,510590031,2024-10-24,5.28,16.22,54.05,0,4.02,322.92,1015.84,1483.19,2.8,6.42,420.0,0.017,PM2.5-1HR
38,511071005,2024-10-24,5.83,15.58,53.83,0,4.01,322.15,1016.38,2224.9,2.7,6.28,420.0,0.103,PM2.5-1HR
38,110010041,2024-10-25,5.29,11.77,62.77,0,2.06,262.8,1020.61,2296.59,0.42,3.088,420.0,0.103,PM2.5-1HR
38,110010043,2024-10-25,4.66,11.58,62.81,0,2.04,261.84,1020.61,3992.29,0.25,2.85,420.0,0.356,PM2.5-1HR
38,110010051,2024-10-25,5.75,11.78,62.77,0,2.07,262.85,1020.61,3666.66,0.42,3.088,420.0,0.011,PM2.5-1HR
38,110010053,2024-10-25,3.69,11.72,62.7,0,2.05,262.05,1020.62,4615.78,0.42,3.088,420.0,0.081,PM2.5-1HR
38,110010055,2024-10-25,3.7,11.89,62.57,0,2.08,262.36,1020.62,1360.05,0.92,3.788,420.0,0.611,PM2.5-1HR
38,240313001,2024-10-25,5.74,11.39,62.18,0,2.09,257.05,1020.57,164.8,1,3.9,420.0,0.508,PM2.5-1HR
38,240330030,2024-10-25,5.02,11.64,62.51,0,2.09,267.32,1020.57,177.44,0,2.5,420.0,0.38,PM2.5-1HR
38,510590030,2024-10-25,3.83,12.05,62.24,0,2.16,259.6,1020.64,1258.55,2.17,5.538,420.0,0.244,PM2.5-1HR
38,510590031,2024-10-25,4.11,12.09,62.06,0,2.21,257.18,1020.64,1483.19,2.7,6.28,420.0,0.017,PM2.5-1HR
38,511071005,2024-10-25,4.19,11.39,62.68,0,2.15,238.37,1020.55,2224.9,2.6,6.14,420.0,0.103,PM2.5-1HR
38,110010041,2024-10-26,6.78,14.81,56.82,0,3.36,314.15,1021.84,2296.59,0.78,3.592,420.0,0.103,PM2.5-1HR
38,110010043,2024-10-26,6.15,14.7,56.68,0,3.37,314.7,1021.88,3992.29,0.75,3.55,420.0,0.356,PM2.5-1HR
38,110010051,2024-10-26,6.37,14.81,56.83,0,3.37,314.09,1021.84,3666.66,0.78,3.592,420.0,0.011,PM2.5-1HR
38,110010053,2024-10-26,4.8,14.82,56.82,0,3.35,315.28,1021.87,4615.78,0.78,3.592,420.0,0.081,PM2.5-1HR
38,110010055,2024-10-26,5.64,14.96,56.99,0,3.32,315.98,1021.86,1360.05,1.64,4.796,420.0,0.611,PM2.5-1HR
38,240313001,2024-10-26,6.24,14.3,56.42,0,3.54,314.05,1021.99,164.8,3,6.7,420.0,0.508,PM2.5-1HR
38,240330030,2024-10-26,6.04,14.51,56.55,0,3.51,311.81,1021.81,177.44,3,6.7,420.0,0.38,PM2.5-1HR
38,510590030,2024-10-26,6.06,15.1,57.16,0,3.35,318.42,1021.91,1258.55,2.97,6.658,420.0,0.244,PM2.5-1HR
38,510590031,2024-10-26,5.71,15.13,57.22,0,3.4,319.92,1021.95,1483.19,4,8.1,420.0,0.017,PM2.5-1HR
38,511071005,2024-10-26,5.92,14.44,57.42,0,3.46,318.88,1022.26,2224.9,3.5,7.4,420.0,0.103,PM2.5-1HR
38,110010041,2024-10-27,4.28,8.9,57.7,0,1.74,25.44,1029.02,2296.59,1.07,3.998,420.0,0.103,PM2.5-1HR
38,110010043,2024-10-27,4.05,8.74,57.54,0,1.68,21.56,1029.04,3992.29,1.24,4.236,420.0,0.356,PM2.5-1HR
38,110010051,2024-10-27,6.1,8.91,57.72,0,1.75,25.82,1029.02,3666.66,0.44,3.116,420.0,0.011,PM2.5-1HR
38,110010053,2024-10-27,2.46,8.88,57.59,0,1.7,22.62,1029.02,4615.78,1.07,3.998,420.0,0.081,PM2.5-1HR
38,110010055,2024-10-27,3.77,9.06,57.64,0,1.73,23.83,1029.01,1360.05,1.53,4.642,420.0,0.611,PM2.5-1HR
38,240313001,2024-10-27,5.05,8.43,57.31,0,1.65,10.64,1029.12,164.8,1,3.9,420.0,0.508,PM2.5-1HR
38,240330030,2024-10-27,3.36,8.69,57.54,0,1.79,23.26,1029.06,177.44,0,2.5,420.0,0.38,PM2.5-1HR
38,510130020,2024-10-27,4.25,8.93,57.71,0,1.72,21.77,1029.03,8320.52,0.88,3.732,420.0,0.276,PM2.5-1HR
38,510590030,2024-10-27,3.55,9.18,57.99,0,1.77,22.63,1029.02,1258.55,1.8,5.02,420.0,0.244,PM2.5-1HR
38,510590031,2024-10-27,5.08,9.17,58.27,0,1.79,21.42,1029.05,1483.19,2.6,6.14,420.0,0.017,PM2.5-1HR
38,511071005,2024-10-27,4.52,8.24,60.01,0,1.58,6.41,1029.21,2224.9,2.5,6.0,420.0,0.103,PM2.5-1HR
38,110010041,2024-10-28,7.92,9.53,66.06,0,1.89,150.41,1029.21,2296.59,0.86,3.704,420.0,0.103,PM2.5-1HR
38,110010043,2024-10-28,6.85,9.26,66.94,0,1.94,151.54,1029.19,3992.29,0.75,3.55,420.0,0.356,PM2.5-1HR
38,110010051,2024-10-28,7.41,9.55,65.99,0,1.89,150.34,1029.21,3666.66,0.86,3.704,420.0,0.011,PM2.5-1HR
38,110010053,2024-10-28,6.29,9.43,66.79,0,1.92,151.13,1029.19,4615.78,0.86,3.704,420.0,0.081,PM2.5-1HR
38,110010055,2024-10-28,5.96,9.64,66.59,0,1.9,150.53,1029.19,1360.05,1.5,4.6,420.0,0.611,PM2.5-1HR
38,240313001,2024-10-28,9.23,8.71,66.93,0,2.09,154.66,1029.14,164.8,5,9.5,420.0,0.508,PM2.5-1HR
38,240330030,2024-10-28,4.43,9.34,64.81,0,1.91,151.53,1029.25,177.44,0,2.5,420.0,0.38,PM2.5-1HR
38,510590030,2024-10-28,4.89,9.69,67.46,0,1.94,154.06,1029.16,1258.55,2.67,6.238,420.0,0.244,PM2.5-1HR
38,510590031,2024-10-28,6.62,9.62,68.31,0,2,156.48,1029.12,1483.19,3.35,7.19,420.0,0.017,PM2.5-1HR
38,511071005,2024-10-28,5.34,8.56,70.66,0,2.27,158.87,1028.93,2224.9,3.3,7.12,420.0,0.103,PM2.5-1HR
38,110010041,2024-10-29,7.24,11.77,73.16,0,2.22,163.66,1029.31,2296.59,1.86,5.104,420.0,0.103,PM2.5-1HR
38,110010043,2024-10-29,7.51,11.62,72.95,0,2.26,163,1029.28,3992.29,2,5.3,420.0,0.356,PM2.5-1HR
38,110010051,2024-10-29,8.12,11.78,73.18,0,2.22,163.72,1029.31,3666.66,1.86,5.104,420.0,0.011,PM2.5-1HR
38,110010053,2024-10-29,6.43,11.71,72.92,0,2.24,163.77,1029.28,4615.78,1.86,5.104,420.0,0.081,PM2.5-1HR
38,110010055,2024-10-29,5.32,11.82,72.89,0,2.22,164.73,1029.29,1360.05,2.06,5.384,420.0,0.611,PM2.5-1HR
38,240313001,2024-10-29,7.08,11.63,71.69,0,2.52,159.44,1029.19,164.8,2,5.3,420.0,0.508,PM2.5-1HR
38,240330030,2024-10-29,5.65,11.78,73.41,0,2.3,161.12,1029.34,177.44,1,3.9,420.0,0.38,PM2.5-1HR
38,510590030,2024-10-29,5.34,11.98,72.46,0,2.29,166.47,1029.25,1258.55,2.57,6.098,420.0,0.244,PM2.5-1HR
38,510590031,2024-10-29,5.81,12.04,72.15,0,2.36,167.24,1029.22,1483.19,3.2,6.98,420.0,0.017,PM2.5-1HR
38,511071005,2024-10-29,5.97,11.88,70.69,0,2.8,162.84,1028.9,2224.9,3.5,7.4,420.0,0.103,PM2.5-1HR
38,110010041,2024-10-30,9.98,16.88,73.8,0,2.51,207.73,1026.59,2296.59,4.67,9.038,420.0,0.103,PM2.5-1HR
38,110010043,2024-10-30,10.81,16.78,73.63,0,2.43,207.25,1026.56,3992.29,4.62,8.968,420.0,0.356,PM2.5-1HR
38,110010051,2024-10-30,8.88,16.88,73.81,0,2.51,207.74,1026.59,3666.66,3.78,7.792,420.0,0.011,PM2.5-1HR
38,110010053,2024-10-30,9.29,16.9,73.76,0,2.49,207.69,1026.59,4615.78,4.67,9.038,420.0,0.081,PM2.5-1HR
38,110010055,2024-10-30,8.4,17.03,73.93,0,2.57,208.25,1026.63,1360.05,4.87,9.318,420.0,0.611,PM2.5-1HR
38,240313001,2024-10-30,9.72,16.41,72.82,0,2.34,203.98,1026.42,164.8,5,9.5,420.0,0.508,PM2.5-1HR
38,240330030,2024-10-30,11.47,16.56,73.61,0,2.45,206.55,1026.51,177.44,6,10.9,420.0,0.38,PM2.5-1HR
38,510590030,2024-10-30,9.97,17.12,73.91,0,2.66,207.69,1026.62,1258.55,6.2,11.18,420.0,0.244,PM2.5-1HR
38,510590031,2024-10-30,9.58,17.11,73.81,0,2.69,206.87,1026.59,1483.19,6.85,12.09,420.0,0.017,PM2.5-1HR
38,511071005,2024-10-30,9.4,16.49,72.56,0,2.39,198.97,1026.32,2224.9,6,10.9,420.0,0.103,PM2.5-1HR
38,110010041,2024-10-31,7.95,20.62,68.26,0,3.74,215.82,1020.82,2296.59,3.06,6.784,420.0,0.103,PM2.5-1HR
38,110010043,2024-10-31,8.92,20.56,68.33,0,3.65,215.42,1020.78,3992.29,3,6.7,420.0,0.356,PM2.5-1HR
38,110010051,2024-10-31,7.82,20.62,68.26,0,3.75,215.84,1020.82,3666.66,3.06,6.784,420.0,0.011,PM2.5-1HR
38,110010053,2024-10-31,8.71,20.63,68.16,0,3.71,215.33,1020.84,4615.78,3.06,6.784,420.0,0.081,PM2.5-1HR
38,110010055,2024-10-31,7.75,20.71,67.97,0,3.78,215.27,1020.9,1360.05,3.46,7.344,420.0,0.611,PM2.5-1HR
38,240313001,2024-10-31,6.58,20.15,69.31,0,3.49,212.44,1020.56,164.8,3,6.7,420.0,0.508,PM2.5-1HR
38,240330030,2024-10-31,8.1,20.36,69.07,0,3.68,215.79,1020.65,177.44,4,8.1,420.0,0.38,PM2.5-1HR
38,510590030,2024-10-31,8.61,20.71,67.87,0,3.87,213.85,1020.93,1258.55,5.23,9.822,420.0,0.244,PM2.5-1HR
38,510590031,2024-10-31,8.19,20.67,67.89,0,3.89,212.74,1020.91,1483.19,6.2,11.18,420.0,0.017,PM2.5-1HR
38,511071005,2024-10-31,7.33,20.11,69.13,0,3.47,205.55,1020.49,2224.9,5.8,10.62,420.0,0.103,PM2.5-1HR
38,110010041,2024-11-01,5.43,21.1,55.35,0.11,4.31,255,1017.85,2296.59,0.26,2.864,420.0,0.103,PM2.5-1HR
38,110010043,2024-11-01,5.13,21.07,55.09,0.12,4.27,255.89,1017.85,3992.29,0.13,2.682,420.0,0.356,PM2.5-1HR
38,110010051,2024-11-01,5.25,21.11,55.37,0.11,4.31,254.93,1017.85,3666.66,0.26,2.864,420.0,0.011,PM2.5-1HR
38,110010053,2024-11-01,5.55,21.11,55.36,0.12,4.26,255.21,1017.89,4615.78,0.26,2.864,420.0,0.081,PM2.5-1HR
38,110010055,2024-11-01,5.84,21.16,55.71,0.12,4.26,254.36,1017.94,1360.05,0.76,3.564,420.0,0.611,PM2.5-1HR
38,240313001,2024-11-01,4.24,20.81,54.24,0.08,4.27,257.26,1017.77,164.8,0,2.5,420.0,0.508,PM2.5-1HR
38,240330030,2024-11-01,5.4,20.95,54.85,0.07,4.42,256.12,1017.68,177.44,0,2.5,420.0,0.38,PM2.5-1HR
38,510590030,2024-11-01,5.65,21.15,56.1,0.11,4.26,253.77,1018,1258.55,1.97,5.258,420.0,0.244,PM2.5-1HR
38,510590031,2024-11-01,5.46,21.11,56.21,0.1,4.26,253.78,1018.02,1483.19,2.55,6.07,420.0,0.017,PM2.5-1HR
38,511071005,2024-11-01,4.95,20.72,54.19,0.07,4.11,257.09,1017.99,2224.9,2.6,6.14,420.0,0.103,PM2.5-1HR
38,110010041,2024-11-02,4.71,12.15,54.63,0,2.63,339.46,1026.66,2296.59,0.88,3.732,420.0,0.103,PM2.5-1HR
38,110010043,2024-11-02,4.55,11.99,54.44,0,2.64,337.93,1026.69,3992.29,1,3.9,420.0,0.356,PM2.5-1HR
38,110010051,2024-11-02,6.94,12.16,54.65,0,2.64,339.6,1026.65,3666.66,0.24,2.836,420.0,0.011,PM2.5-1HR
38,110010053,2024-11-02,4.34,12.11,54.42,0,2.62,338.64,1026.68,4615.78,0.88,3.732,420.0,0.081,PM2.5-1HR
38,110010055,2024-11-02,4.59,12.26,54.4,0,2.6,339.49,1026.66,1360.05,1.33,4.362,420.0,0.611,PM2.5-1HR
38,240313001,2024-11-02,4.95,11.7,54.04,0,2.8,335.94,1026.82,164.8,2,5.3,420.0,0.508,PM2.5-1HR
38,240330030,2024-11-02,5.03,12.01,54.6,0,2.75,339.31,1026.66,177.44,1,3.9,420.0,0.38,PM2.5-1HR
38,510130020,2024-11-02,4.15,12.14,54.29,0,2.67,338.8,1026.7,8320.52,0.88,3.732,420.0,0.276,PM2.5-1HR
38,510590030,2024-11-02,4.92,12.34,54.23,0,2.69,339.96,1026.71,1258.55,1.87,5.118,420.0,0.244,PM2.5-1HR
38,510590031,2024-11-02,5.16,12.32,54.13,0,2.78,339.9,1026.76,1483.19,2.65,6.21,420.0,0.017,PM2.5-1HR
38,511071005,2024-11-02,5.29,11.47,55.21,0,2.88,335.9,1027.06,2224.9,2.7,6.28,420.0,0.103,PM2.5-1HR
38,110010041,2024-11-03,7.27,8.41,61.36,0,2.28,57.07,1030.41,2296.59,0.38,3.032,420.0,0.103,PM2.5-1HR
38,110010043,2024-11-03,5.32,8.2,60.92,0,2.21,57.88,1030.42,3992.29,0.35,2.99,420.0,0.356,PM2.5-1HR
38,110010051,2024-11-03,8.67,8.43,61.38,0,2.29,57.01,1030.41,3666.66,0.38,3.032,420.0,0.011,PM2.5-1HR
38,110010053,2024-11-03,5.31,8.37,61.23,0,2.23,57.47,1030.39,4615.78,0.38,3.032,420.0,0.081,PM2.5-1HR
38,110010055,2024-11-03,6.24,8.57,61.62,0,2.26,56.96,1030.35,1360.05,1.02,3.928,420.0,0.611,PM2.5-1HR
38,240313001,2024-11-03,6.25,7.94,58.5,0,2.2,60.54,1030.53,164.8,1,3.9,420.0,0.508,PM2.5-1HR
38,240330030,2024-11-03,6.89,8.24,60.21,0,2.35,57.48,1030.53,177.44,0,2.5,420.0,0.38,PM2.5-1HR
38,510590030,2024-11-03,6.35,8.73,61.29,0,2.29,57.04,1030.32,1258.55,2.33,5.762,420.0,0.244,PM2.5-1HR
38,510590031,2024-11-03,7.3,8.75,60.82,0,2.29,57.34,1030.32,1483.19,3.25,7.05,420.0,0.017,PM2.5-1HR
38,511071005,2024-11-03,5.17,7.79,60.64,0,2.03,65.67,1030.45,2224.9,2.8,6.42,420.0,0.103,PM2.5-1HR
38,110010041,2024-11-04,7.17,10.06,75.87,0,2.16,127.83,1029.43,2296.59,0.7,3.48,420.0,0.103,PM2.5-1HR
38,110010043,2024-11-04,5.87,9.86,75.9,0,2.16,128.44,1029.42,3992.29,0.83,3.662,420.0,0.356,PM2.5-1HR
38,110010051,2024-11-04,7.99,10.07,75.85,0,2.16,127.84,1029.44,3666.66,0.7,3.48,420.0,0.011,PM2.5-1HR
38,110010053,2024-11-04,5.23,9.99,76.1,0,2.14,127.86,1029.41,4615.78,0.7,3.48,420.0,0.081,PM2.5-1HR
38,110010055,2024-11-04,4.28,10.13,76.34,0,2.11,127.07,1029.4,1360.05,1.38,4.432,420.0,0.611,PM2.5-1HR
38,240313001,2024-11-04,6.62,9.56,74.51,0,2.34,134.39,1029.43,164.8,0,2.5,420.0,0.508,PM2.5-1HR
38,240330030,2024-11-04,7.46,9.95,74.96,0,2.28,130.24,1029.49,177.44,0,2.5,420.0,0.38,PM2.5-1HR
38,510590030,2024-11-04,5.06,10.24,76.44,0,2.1,129.87,1029.38,1258.55,2.5,6.0,420.0,0.244,PM2.5-1HR
38,510590031,2024-11-04,6.79,10.24,76.4,0,2.1,132.62,1029.36,1483.19,3.65,7.61,420.0,0.017,PM2.5-1HR
38,511071005,2024-11-04,5.87,9.47,74.52,0,2.42,147.79,1029.27,2224.9,3.6,7.54,420.0,0.103,PM2.5-1HR
38,110010041,2024-11-05,6.16,17.46,75.99,0,3.34,191.23,1022.94,2296.59,2.15,5.51,420.0,0.103,PM2.5-1HR
38,110010043,2024-11-05,6.77,17.44,75.7,0,3.31,191.23,1022.89,3992.29,2.16,5.524,420.0,0.356,PM2.5-1HR
38,110010051,2024-11-05,6.09,17.47,76,0,3.35,191.23,1022.94,3666.66,1.52,4.628,420.0,0.011,PM2.5-1HR
38,110010053,2024-11-05,4.78,17.47,75.86,0,3.3,191.11,1022.92,4615.78,2.15,5.51,420.0,0.081,PM2.5-1HR
38,110010055,2024-11-05,5.55,17.5,76.05,0,3.29,190.97,1022.97,1360.05,2.75,6.35,420.0,0.611,PM2.5-1HR
38,240313001,2024-11-05,4.58,17.29,75.02,0,3.52,189.95,1022.68,164.8,1,3.9,420.0,0.508,PM2.5-1HR
38,240330030,2024-11-05,5.65,17.34,75.95,0,3.49,191.5,1022.85,177.44,2,5.3,420.0,0.38,PM2.5-1HR
38,510590030,2024-11-05,5.83,17.52,75.89,0,3.37,190.56,1022.96,1258.55,3.87,7.918,420.0,0.244,PM2.5-1HR
38,510590031,2024-11-05,6.2,17.52,75.65,0,3.45,190.3,1022.92,1483.19,4.75,9.15,420.0,0.017,PM2.5-1HR
38,511071005,2024-11-05,9.45,17.38,73.71,0,3.7,186.51,1022.47,2224.9,4.7,9.08,420.0,0.103,PM2.5-1HR
38,110010041,2024-11-06,6.33,21.51,70.76,0,3.7,213.45,1018.24,2296.59,2.36,5.804,420.0,0.103,PM2.5-1HR
38,110010043,2024-11-06,8.49,21.52,70.75,0,3.62,213.64,1018.2,3992.29,2.5,6.0,420.0,0.356,PM2.5-1HR
38,110010051,2024-11-06,8.14,21.51,70.76,0,3.7,213.44,1018.24,3666.66,2.36,5.804,420.0,0.011,PM2.5-1HR
38,110010053,2024-11-06,7.42,21.52,70.78,0,3.65,213.21,1018.25,4615.78,2.36,5.804,420.0,0.081,PM2.5-1HR
38,110010055,2024-11-06,7.14,21.51,70.81,0,3.69,212.73,1018.32,1360.05,2.56,6.084,420.0,0.611,PM2.5-1HR
38,240313001,2024-11-06,6.52,21.4,71.17,0,3.53,214.39,1017.98,164.8,1,3.9,420.0,0.508,PM2.5-1HR
38,240330030,2024-11-06,6.92,21.44,70.95,0,3.73,214.66,1018.08,177.44,3,6.7,420.0,0.38,PM2.5-1HR
38,510590030,2024-11-06,6.37,21.51,70.9,0,3.74,211.47,1018.33,1258.55,4.03,8.142,420.0,0.244,PM2.5-1HR
38,510590031,2024-11-06,6.96,21.51,70.95,0,3.77,210.69,1018.31,1483.19,5.15,9.71,420.0,0.017,PM2.5-1HR
38,511071005,2024-11-06,6.43,21.44,71.43,0,3.37,210.55,1017.9,2224.9,5.8,10.62,420.0,0.103,PM2.5-1HR
38,110010041,2024-11-07,7.17,21.07,67.88,0,2.16,309.53,1018.59,2296.59,1.52,4.628,420.0,0.103,PM2.5-1HR
38,110010043,2024-11-07,7.6,20.97,67.7,0,2.2,310.76,1018.62,3992.29,1.8,5.02,420.0,0.356,PM2.5-1HR
38,110010051,2024-11-07,9.03,21.08,67.9,0,2.16,309.47,1018.59,3666.66,1.52,4.628,420.0,0.011,PM2.5-1HR
38,110010053,2024-11-07,7.08,21.07,67.88,0,2.15,309.78,1018.61,4615.78,1.52,4.628,420.0,0.081,PM2.5-1HR
38,110010055,2024-11-07,7.08,21.18,68.1,0,2.09,308.46,1018.6,1360.05,2.38,5.832,420.0,0.611,PM2.5-1HR
38,240313001,2024-11-07,4.96,20.33,68.24,0,2.44,311.55,1018.75,164.8,1,3.9,420.0,0.508,PM2.5-1HR
38,240330030,2024-11-07,6.11,20.76,67.79,0,2.33,310.68,1018.6,177.44,0,2.5,420.0,0.38,PM2.5-1HR
38,510590030,2024-11-07,8.17,21.11,68.79,0,2.05,309.18,1018.63,1258.55,3.67,7.638,420.0,0.244,PM2.5-1HR
38,510590031,2024-11-07,7.22,20.99,69.24,0,2.06,310.63,1018.66,1483.19,5.3,9.92,420.0,0.017,PM2.5-1HR
38,511071005,2024-11-07,6.11,19.88,70.9,0,2.33,316.73,1018.93,2224.9,5.1,9.64,420.0,0.103,PM2.5-1HR
38,110010041,2024-11-08,3.62,17.42,42.75,0,3.1,311.22,1018.03,2296.59,0.95,3.83,420.0,0.103,PM2.5-1HR
38,110010043,2024-11-08,3.86,17.31,42.71,0,3.11,310.83,1018.07,3992.29,1,3.9,420.0,0.356,PM2.5-1HR
38,110010051,2024-11-08,4.9,17.43,42.77,0,3.1,311.22,1018.03,3666.66,0.34,2.976,420.0,0.011,PM2.5-1HR
38,110010053,2024-11-08,3.21,17.47,42.49,0,3.08,312.03,1018.07,4615.78,0.95,3.83,420.0,0.081,PM2.5-1HR
38,110010055,2024-11-08,3.1,17.67,42.23,0,3.05,313.49,1018.06,1360.05,1.22,4.208,420.0,0.611,PM2.5-1HR
38,240313001,2024-11-08,3.44,16.57,44.16,0,3.26,307.06,1018.15,164.8,1,3.9,420.0,0.508,PM2.5-1HR
38,240330030,2024-11-08,4.23,16.89,43.95,0,3.24,307.32,1017.98,177.44,1,3.9,420.0,0.38,PM2.5-1HR
38,510130020,2024-11-08,4.1,17.52,42.5,0,3.09,312.97,1018.1,8320.52,1.14,4.096,420.0,0.276,PM2.5-1HR
38,510590030,2024-11-08,4.55,17.8,42.31,0,3.05,315.8,1018.13,1258.55,1.93,5.202,420.0,0.244,PM2.5-1HR
38,510590031,2024-11-08,4.28,17.8,42.53,0,3.08,316.84,1018.19,1483.19,2.55,6.07,420.0,0.017,PM2.5-1HR
38,511071005,2024-11-08,4.32,16.65,45.17,0,3.17,311.36,1018.46,2224.9,2.3,5.72,420.0,0.103,PM2.5-1HR
38,110010041,2024-11-09,2.57,10.52,43.57,0,2.81,42.92,1026.77,2296.59,0.26,2.864,420.0,0.103,PM2.5-1HR
38,110010043,2024-11-09,3.35,10.45,42.98,0,2.75,44.05,1026.79,3992.29,0.18,2.752,420.0,0.356,PM2.5-1HR
38,110010051,2024-11-09,4.98,10.53,43.63,0,2.81,42.77,1026.77,3666.66,0.26,2.864,420.0,0.011,PM2.5-1HR
38,110010053,2024-11-09,2.81,10.58,43.12,0,2.77,44.61,1026.77,4615.78,0.26,2.864,420.0,0.081,PM2.5-1HR
38,110010055,2024-11-09,3.13,10.73,43.3,0,2.81,45.26,1026.73,1360.05,0.52,3.228,420.0,0.611,PM2.5-1HR
38,240313001,2024-11-09,4.39,10.08,42.7,0,2.68,40.56,1026.91,164.8,0,2.5,420.0,0.508,PM2.5-1HR
38,240330030,2024-11-09,3.93,10.21,43.95,0,2.83,37.61,1026.85,177.44,0,2.5,420.0,0.38,PM2.5-1HR
38,510590030,2024-11-09,3.06,10.87,43.43,0,2.87,45.58,1026.73,1258.55,1.17,4.138,420.0,0.244,PM2.5-1HR
38,510590031,2024-11-09,3.84,10.9,43.44,0,2.89,45.52,1026.74,1483.19,1.45,4.53,420.0,0.017,PM2.5-1HR
38,511071005,2024-11-09,4.92,10.13,44.09,0,2.7,45.85,1026.92,2224.9,1,3.9,420.0,0.103,PM2.5-1HR
38,110010041,2024-11-10,8.17,9.93,73.76,0.09,3.35,189.19,1023.03,2296.59,1.52,4.628,420.0,0.103,PM2.5-1HR
38,110010043,2024-11-10,7.21,9.73,73.88,0.09,3.34,188.56,1022.99,3992.29,1.48,4.572,420.0,0.356,PM2.5-1HR
38,110010051,2024-11-10,10.49,9.94,73.73,0.09,3.35,189.23,1023.03,3666.66,1.52,4.628,420.0,0.011,PM2.5-1HR
38,110010053,2024-11-10,4.82,9.88,73.91,0.09,3.33,188.89,1023.03,4615.78,1.52,4.628,420.0,0.081,PM2.5-1HR
38,110010055,2024-11-10,4.31,10.08,73.95,0.08,3.31,189.31,1023.07,1360.05,1.94,5.216,420.0,0.611,PM2.5-1HR
38,240313001,2024-11-10,6.67,9.29,72.19,0.12,3.49,185,1022.81,164.8,2,5.3,420.0,0.508,PM2.5-1HR
38,240330030,2024-11-10,6.71,9.71,72.89,0.11,3.46,188.78,1022.95,177.44,2,5.3,420.0,0.38,PM2.5-1HR
38,510590030,2024-11-10,5.47,10.21,73.52,0.1,3.42,189.43,1023.06,1258.55,3.1,6.84,420.0,0.244,PM2.5-1HR
38,510590031,2024-11-10,5.74,10.21,73.18,0.13,3.53,189.29,1023.02,1483.19,3.8,7.82,420.0,0.017,PM2.5-1HR
38,511071005,2024-11-10,5.21,9.48,69.62,0.11,3.72,182.63,1022.55,2224.9,2.8,6.42,420.0,0.103,PM2.5-1HR
38,110010041,2024-11-11,4.17,17.43,71.58,0.26,3.75,254.29,1009.36,2296.59,0.87,3.718,420.0,0.103,PM2.5-1HR
38,110010043,2024-11-11,4.14,17.39,71.04,0.27,3.74,255.59,1009.36,3992.29,1.02,3.928,420.0,0.356,PM2.5-1HR
38,110010051,2024-11-11,5.09,17.43,71.63,0.26,3.75,254.17,1009.36,3666.66,0.26,2.864,420.0,0.011,PM2.5-1HR
38,110010053,2024-11-11,3.52,17.46,71.41,0.26,3.73,254.69,1009.39,4615.78,0.87,3.718,420.0,0.081,PM2.5-1HR
38,110010055,2024-11-11,3.69,17.53,71.88,0.24,3.73,253.49,1009.42,1360.05,1.18,4.152,420.0,0.611,PM2.5-1HR
38,240313001,2024-11-11,2.95,16.9,70.2,0.29,3.71,256.35,1009.28,164.8,0,2.5,420.0,0.508,PM2.5-1HR
38,240330030,2024-11-11,5.19,17.15,71.29,0.29,3.81,255.39,1009.24,177.44,2,5.3,420.0,0.38,PM2.5-1HR
38,510590030,2024-11-11,4.12,17.54,72.18,0.22,3.7,252.07,1009.46,1258.55,1.2,4.18,420.0,0.244,PM2.5-1HR
38,510590031,2024-11-11,3.88,17.5,72.16,0.21,3.68,251.59,1009.48,1483.19,1.75,4.95,420.0,0.017,PM2.5-1HR
38,511071005,2024-11-11,2.81,16.99,68.88,0.24,3.49,254.85,1009.38,2224.9,1.5,4.6,420.0,0.103,PM2.5-1HR
38,110010041,2024-11-12,1.62,12.32,46.12,0,4.31,339.98,1019.48,2296.59,0.1,2.64,420.0,0.103,PM2.5-1HR
38,110010043,2024-11-12,1.99,12.25,45.85,0,4.22,339.74,1019.54,3992.29,0.08,2.612,420.0,0.356,PM2.5-1HR
38,110010051,2024-11-12,2.33,12.32,46.15,0,4.31,339.99,1019.48,3666.66,0.1,2.64,420.0,0.011,PM2.5-1HR
38,110010053,2024-11-12,1.55,12.36,45.84,0,4.23,340.22,1019.51,4615.78,0.1,2.64,420.0,0.081,PM2.5-1HR
38,110010055,2024-11-12,1.9,12.49,45.83,0,4.24,340.78,1019.46,1360.05,0.3,2.92,420.0,0.611,PM2.5-1HR
38,240313001,2024-11-12,3.07,11.77,46.29,0,4.26,338.66,1019.77,164.8,2,5.3,420.0,0.508,PM2.5-1HR
38,240330030,2024-11-12,3.3,11.94,46.77,0,4.46,338.62,1019.54,177.44,0,2.5,420.0,0.38,PM2.5-1HR
38,510590030,2024-11-12,1.96,12.61,45.82,0,4.28,341.43,1019.51,1258.55,0.9,3.76,420.0,0.244,PM2.5-1HR
38,510590031,2024-11-12,2.23,12.62,45.84,0,4.3,341.64,1019.56,1483.19,1.25,4.25,420.0,0.017,PM2.5-1HR
38,511071005,2024-11-12,1.98,12.01,45.83,0,4.1,339.26,1020.01,2224.9,0.8,3.62,420.0,0.103,PM2.5-1HR
38,110010041,2024-11-13,3.48,4.89,57.81,0,2.24,53.07,1030.92,2296.59,0.3,2.92,420.0,0.103,PM2.5-1HR
38,110010043,2024-11-13,3.45,4.68,57.57,0,2.19,53.37,1030.94,3992.29,0.38,3.032,420.0,0.356,PM2.5-1HR
38,110010051,2024-11-13,5.04,4.91,57.83,0,2.25,53.08,1030.92,3666.66,0.3,2.92,420.0,0.011,PM2.5-1HR
38,110010053,2024-11-13,2.24,4.86,57.54,0,2.2,52.7,1030.91,4615.78,0.3,2.92,420.0,0.081,PM2.5-1HR
38,110010055,2024-11-13,2.93,5.07,57.51,0,2.22,51.87,1030.87,1360.05,0.66,3.424,420.0,0.611,PM2.5-1HR
38,240313001,2024-11-13,5.12,4.36,57.04,0,2.19,58.83,1031.04,164.8,1,3.9,420.0,0.508,PM2.5-1HR
38,240330030,2024-11-13,3.41,4.68,57.91,0,2.32,56.36,1031,177.44,0,2.5,420.0,0.38,PM2.5-1HR
38,510590030,2024-11-13,3.63,5.22,57.29,0,2.25,52.05,1030.86,1258.55,1.17,4.138,420.0,0.244,PM2.5-1HR
38,510590031,2024-11-13,3.94,5.22,57.17,0,2.26,52.66,1030.87,1483.19,1.75,4.95,420.0,0.017,PM2.5-1HR
38,511071005,2024-11-13,2.89,4.42,56.51,0,2.09,61.65,1031,2224.9,1.5,4.6,420.0,0.103,PM2.5-1HR
38,510130020,2024-11-14,4.1,7.1,80.79,0.47,2.37,88.42,1022.26,8320.52,1.68,4.852,420.0,0.276,PM2.5-1HR
38,110010041,2024-11-14,5.47,7.19,79.68,0.43,2.44,87.15,1022.32,2296.59,1.83,5.062,420.0,0.103,PM2.5-1HR
38,110010043,2024-11-14,4.68,6.94,80.14,0.44,2.4,87.93,1022.33,3992.29,1.92,5.188,420.0,0.356,PM2.5-1HR
38,110010051,2024-11-14,7.41,7.21,79.64,0.43,2.44,87.11,1022.32,3666.66,1.4,4.46,420.0,0.011,PM2.5-1HR
38,110010053,2024-11-14,3.32,7.1,80.35,0.45,2.38,87.52,1022.29,4615.78,1.83,5.062,420.0,0.081,PM2.5-1HR
38,110010055,2024-11-14,4.09,7.3,80.6,0.47,2.35,86.96,1022.23,1360.05,2.18,5.552,420.0,0.611,PM2.5-1HR
38,240313001,2024-11-14,3.98,6.28,79.5,0.41,2.51,93.01,1022.48,164.8,0,2.5,420.0,0.508,PM2.5-1HR
38,240330030,2024-11-14,4.72,6.95,77.83,0.35,2.62,88.11,1022.49,177.44,1,3.9,420.0,0.38,PM2.5-1HR
38,510590030,2024-11-14,4.2,7.31,81.65,0.51,2.33,88.56,1022.18,1258.55,2.73,6.322,420.0,0.244,PM2.5-1HR
38,510590031,2024-11-14,5.97,7.21,82.41,0.53,2.33,90.14,1022.16,1483.19,3.4,7.26,420.0,0.017,PM2.5-1HR
38,511071005,2024-11-14,5.64,6.11,82.25,0.55,2.34,103.38,1022.26,2224.9,4.1,8.24,420.0,0.103,PM2.5-1HR
38,110010041,2024-11-15,4.42,9.46,85.7,0.13,3.01,343.08,1014.22,2296.59,0.96,3.844,420.0,0.103,PM2.5-1HR
38,110010043,2024-11-15,5.71,9.37,85.83,0.13,2.97,342.15,1014.27,3992.29,0.65,3.41,420.0,0.356,PM2.5-1HR
38,110010051,2024-11-15,5.44,9.47,85.69,0.13,3.02,343.17,1014.21,3666.66,0.96,3.844,420.0,0.011,PM2.5-1HR
38,110010053,2024-11-15,4.29,9.46,85.93,0.13,2.98,342.39,1014.25,4615.78,0.96,3.844,420.0,0.081,PM2.5-1HR
38,110010055,2024-11-15,5.38,9.57,86.04,0.13,2.98,342.65,1014.21,1360.05,1.38,4.432,420.0,0.611,PM2.5-1HR
38,240313001,2024-11-15,4.89,8.94,86.56,0.13,2.85,340.84,1014.45,164.8,2,5.3,420.0,0.508,PM2.5-1HR
38,240330030,2024-11-15,4.5,9.2,85.18,0.13,3.06,343.76,1014.25,177.44,2,5.3,420.0,0.38,PM2.5-1HR
38,510590030,2024-11-15,7.21,9.63,86.62,0.13,2.98,342.89,1014.25,1258.55,3.83,7.862,420.0,0.244,PM2.5-1HR
38,510590031,2024-11-15,8.01,9.61,87.04,0.13,2.97,342.93,1014.31,1483.19,4.65,9.01,420.0,0.017,PM2.5-1HR
38,511071005,2024-11-15,6.47,9.21,87.63,0.13,2.61,339.04,1014.65,2224.9,2.7,6.28,420.0,0.103,PM2.5-1HR
38,110010041,2024-11-16,2.7,12.12,62.96,0,4.51,323.4,1015.9,2296.59,0.34,2.976,420.0,0.103,PM2.5-1HR
38,110010043,2024-11-16,2.69,12.06,62.81,0,4.51,323.27,1015.97,3992.29,0.2,2.78,420.0,0.356,PM2.5-1HR
38,110010051,2024-11-16,3.47,12.13,62.97,0,4.51,323.42,1015.9,3666.66,0.34,2.976,420.0,0.011,PM2.5-1HR
38,110010053,2024-11-16,2.66,12.12,62.79,0,4.48,323.52,1015.97,4615.78,0.34,2.976,420.0,0.081,PM2.5-1HR
38,110010055,2024-11-16,2.63,12.19,62.77,0,4.45,323.8,1015.97,1360.05,0.7,3.48,420.0,0.611,PM2.5-1HR
38,240330030,2024-11-16,2.55,11.97,63.3,0,4.68,322.97,1015.8,177.44,0,2.5,420.0,0.38,PM2.5-1HR
38,510590030,2024-11-16,3.16,12.25,62.29,0,4.52,324.69,1016.09,1258.55,1.4,4.46,420.0,0.244,PM2.5-1HR
38,510590031,2024-11-16,3.18,12.26,61.93,0,4.61,325.24,1016.18,1483.19,1.65,4.81,420.0,0.017,PM2.5-1HR
38,511071005,2024-11-16,2.79,11.85,61.41,0,4.74,324.23,1016.64,2224.9,1.5,4.6,420.0,0.103,PM2.5-1HR
38,110010041,2024-11-17,5.41,7.98,71.63,0,1.9,270.6,1018.77,2296.59,2.07,5.398,420.0,0.103,PM2.5-1HR
38,110010043,2024-11-17,6.07,7.76,72.22,0,1.87,270.05,1018.79,3992.29,2.02,5.328,420.0,0.356,PM2.5-1HR
38,110010051,2024-11-17,6.92,8,71.57,0,1.9,270.68,1018.77,3666.66,1.1,4.04,420.0,0.011,PM2.5-1HR
38,110010053,2024-11-17,4.54,7.88,72.07,0,1.87,269.4,1018.8,4615.78,2.07,5.398,420.0,0.081,PM2.5-1HR
38,110010055,2024-11-17,5.82,8.02,71.89,0,1.86,268.64,1018.81,1360.05,2.48,5.972,420.0,0.611,PM2.5-1HR
38,240330030,2024-11-17,5.21,8.03,70.79,0,2.01,274.31,1018.71,177.44,0,2.5,420.0,0.38,PM2.5-1HR
38,510590030,2024-11-17,5.07,8.15,71.93,0,1.9,267.37,1018.84,1258.55,3,6.7,420.0,0.244,PM2.5-1HR
38,510590031,2024-11-17,6.22,8.18,72.07,0,1.93,266.73,1018.87,1483.19,3.35,7.19,420.0,0.017,PM2.5-1HR
38,511071005,2024-11-17,6.12,7.55,73.67,0,1.87,259.81,1018.9,2224.9,3.7,7.68,420.0,0.103,PM2.5-1HR
38,110010041,2024-11-18,9.74,12.43,72.15,0,2.3,289.82,1014.16,2296.59,4.64,8.996,420.0,0.103,PM2.5-1HR
38,110010043,2024-11-18,10.2,12.33,72.26,0,2.29,291.94,1014.17,3992.29,4.85,9.29,420.0,0.356,PM2.5-1HR
38,110010051,2024-11-18,12.35,12.44,72.13,0,2.3,289.65,1014.16,3666.66,4.64,8.996,420.0,0.011,PM2.5-1HR
38,110010053,2024-11-18,10.25,12.36,72.4,0,2.24,290.99,1014.19,4615.78,4.64,8.996,420.0,0.081,PM2.5-1HR
38,110010055,2024-11-18,9.55,12.4,72.57,0,2.18,289.69,1014.21,1360.05,4.98,9.472,420.0,0.611,PM2.5-1HR
38,240330030,2024-11-18,9.77,12.5,71.35,0,2.57,290.27,1014.08,177.44,3,6.7,420.0,0.38,PM2.5-1HR
38,510590030,2024-11-18,9.34,12.44,72.92,0,2.13,289.84,1014.25,1258.55,5.37,10.018,420.0,0.244,PM2.5-1HR
38,510590031,2024-11-18,14.28,12.46,73.14,0,2.12,290.74,1014.28,1483.19,6.15,11.11,420.0,0.017,PM2.5-1HR
38,511071005,2024-11-18,8.08,12.4,72.48,0,2.26,297.35,1014.29,2224.9,6.1,11.04,420.0,0.103,PM2.5-1HR
38,110010041,2024-11-19,9.95,12.68,66.44,0.08,1.84,80.84,1013.28,2296.59,2.16,5.524,420.0,0.103,PM2.5-1HR
38,110010043,2024-11-19,7.99,12.63,66.14,0.07,1.82,81.35,1013.28,3992.29,2.45,5.93,420.0,0.356,PM2.5-1HR
38,110010051,2024-11-19,10.23,12.68,66.46,0.08,1.85,80.81,1013.28,3666.66,2.16,5.524,420.0,0.011,PM2.5-1HR
38,110010053,2024-11-19,8.52,12.72,66.58,0.08,1.84,80.99,1013.26,4615.78,2.16,5.524,420.0,0.081,PM2.5-1HR
38,110010055,2024-11-19,8.13,12.82,67.1,0.08,1.87,80.54,1013.24,1360.05,2.7,6.28,420.0,0.611,PM2.5-1HR
38,240330030,2024-11-19,6.36,12.37,65.81,0.09,1.83,82.14,1013.36,177.44,1,3.9,420.0,0.38,PM2.5-1HR
38,510590030,2024-11-19,9.25,12.86,68.32,0.1,1.88,80.31,1013.21,1258.55,4.37,8.618,420.0,0.244,PM2.5-1HR
38,510590031,2024-11-19,9.45,12.84,69.07,0.11,1.87,80.27,1013.21,1483.19,6.05,10.97,420.0,0.017,PM2.5-1HR
38,511071005,2024-11-19,9.11,12.4,69.1,0.05,1.77,92.77,1013.25,2224.9,7.2,12.58,420.0,0.103,PM2.5-1HR
38,110010041,2024-11-20,10.41,12.95,85.87,0.48,1.87,71.98,1006.96,2296.59,4.13,8.282,420.0,0.103,PM2.5-1HR
38,510130020,2024-11-20,9.9,13.01,85.67,0.45,1.9,69.39,1006.96,8320.52,4.26,8.464,420.0,0.276,PM2.5-1HR
38,110010043,2024-11-20,10.58,12.91,85.06,0.46,1.91,70.99,1006.97,3992.29,4.46,8.744,420.0,0.356,PM2.5-1HR
38,110010051,2024-11-20,11.42,12.95,85.94,0.48,1.87,72.14,1006.96,3666.66,3,6.7,420.0,0.011,PM2.5-1HR
38,110010053,2024-11-20,9.32,12.99,85.6,0.47,1.9,69.86,1006.96,4615.78,4.13,8.282,420.0,0.081,PM2.5-1HR
38,110010055,2024-11-20,10.23,13.08,86.26,0.48,1.9,68.54,1006.94,1360.05,4.32,8.548,420.0,0.611,PM2.5-1HR
38,240330030,2024-11-20,7.81,12.68,85.01,0.43,1.86,88.1,1006.99,177.44,1,3.9,420.0,0.38,PM2.5-1HR
38,510590030,2024-11-20,11.39,13.13,86.51,0.46,1.89,64.46,1006.95,1258.55,1.53,4.642,420.0,0.244,PM2.5-1HR
38,510590031,2024-11-20,11.92,13.12,86.35,0.43,1.93,60.57,1006.96,1483.19,1.05,3.97,420.0,0.017,PM2.5-1HR
38,511071005,2024-11-20,9.8,12.79,82.68,0.3,2.08,92.16,1007.04,2224.9,0.8,3.62,420.0,0.103,PM2.5-1HR
38,110010041,2024-11-21,1.89,6.92,68.68,0.17,4.03,295.35,1004.15,2296.59,0.06,2.584,420.0,0.103,PM2.5-1HR
38,110010043,2024-11-21,2.81,6.8,68.62,0.17,3.94,294.97,1004.21,3992.29,0.08,2.612,420.0,0.356,PM2.5-1HR
38,110010051,2024-11-21,2.22,6.93,68.67,0.17,4.05,295.39,1004.15,3666.66,0.06,2.584,420.0,0.011,PM2.5-1HR
38,110010053,2024-11-21,1.98,6.85,68.76,0.16,3.92,295,1004.23,4615.78,0.06,2.584,420.0,0.081,PM2.5-1HR
38,110010055,2024-11-21,2.21,6.92,68.95,0.16,3.9,295.02,1004.25,1360.05,0.3,2.92,420.0,0.611,PM2.5-1HR
38,240313001,2024-11-21,1.78,6.44,68.49,0.15,3.96,295.4,1004.24,164.8,0,2.5,420.0,0.508,PM2.5-1HR
38,240330030,2024-11-21,2.43,6.87,68.45,0.17,4.3,296.4,1003.99,177.44,0,2.5,420.0,0.38,PM2.5-1HR
38,510590030,2024-11-21,2.27,6.86,69.16,0.15,3.83,295.36,1004.36,1258.55,0.73,3.522,420.0,0.244,PM2.5-1HR
38,510590031,2024-11-21,2.03,6.77,69.23,0.14,3.8,295.61,1004.44,1483.19,1.1,4.04,420.0,0.017,PM2.5-1HR
38,511071005,2024-11-21,1.98,6.15,67.14,0.11,3.51,293.76,1004.66,2224.9,0.9,3.76,420.0,0.103,PM2.5-1HR
38,110010051,2024-11-22,2.64,3.44,73.45,0.24,5.07,267.55,1000.22,3666.66,0.1,2.64,420.0,0.011,PM2.5-1HR
38,110010041,2024-11-22,1.8,3.44,73.45,0.24,5.05,267.56,1000.22,2296.59,0.1,2.64,420.0,0.103,PM2.5-1HR
38,110010043,2024-11-22,2.79,3.33,73.47,0.25,4.96,268.05,1000.24,3992.29,0,2.5,420.0,0.356,PM2.5-1HR
38,110010053,2024-11-22,0.9,3.43,73.24,0.24,4.93,267.81,1000.35,4615.78,0.1,2.64,420.0,0.081,PM2.5-1HR
38,110010055,2024-11-22,2.36,3.54,72.99,0.24,4.9,267.48,1000.47,1360.05,0.2,2.78,420.0,0.611,PM2.5-1HR
38,240313001,2024-11-22,2.43,2.98,75.43,0.26,5.1,271.45,999.92,164.8,0,2.5,420.0,0.508,PM2.5-1HR
38,510590030,2024-11-22,2.33,3.62,72.68,0.23,4.88,268.81,1000.66,1258.55,0.47,3.158,420.0,0.244,PM2.5-1HR
38,510590031,2024-11-22,2.27,3.61,72.57,0.23,4.89,270.06,1000.75,1483.19,0.45,3.13,420.0,0.017,PM2.5-1HR
38,511071005,2024-11-22,1.95,3.05,73.33,0.25,4.99,275.88,1000.6,2224.9,0.4,3.06,420.0,0.103,PM2.5-1HR
38,110010041,2024-11-23,1.18,9.04,62.08,0,5.24,298.72,1007.41,2296.59,0.22,2.808,420.0,0.103,PM2.5-1HR
38,110010043,2024-11-23,1.85,9,62.21,0,5.19,298.89,1007.46,3992.29,0.26,2.864,420.0,0.356,PM2.5-1HR
38,110010051,2024-11-23,2.25,9.04,62.07,0,5.24,298.7,1007.4,3666.66,0.06,2.584,420.0,0.011,PM2.5-1HR
38,110010053,2024-11-23,1.98,9.08,62.08,0,5.16,299.01,1007.51,4615.78,0.22,2.808,420.0,0.081,PM2.5-1HR
38,110010055,2024-11-23,2.18,9.16,61.93,0,5.13,299.14,1007.55,1360.05,0.27,2.878,420.0,0.611,PM2.5-1HR
38,240313001,2024-11-23,1.83,8.66,63.23,0,5.31,299.61,1007.41,164.8,0,2.5,420.0,0.508,PM2.5-1HR
38,510590030,2024-11-23,1.02,9.28,61.68,0,5.14,299.91,1007.71,1258.55,0.2,2.78,420.0,0.244,PM2.5-1HR
38,510590031,2024-11-23,0.91,9.32,61.57,0,5.18,300.44,1007.81,1483.19,0.3,2.92,420.0,0.017,PM2.5-1HR
38,511071005,2024-11-23,0.98,8.96,62.83,0,5.25,301.05,1008.02,2224.9,0.3,2.92,420.0,0.103,PM2.5-1HR
38,110010041,2024-11-24,2.95,9.32,62.64,0,2.95,286.63,1016.02,2296.59,0.2,2.78,420.0,0.103,PM2.5-1HR
38,110010043,2024-11-24,2.89,9.23,62.6,0,2.92,288.34,1016.03,3992.29,0.18,2.752,420.0,0.356,PM2.5-1HR
38,110010051,2024-11-24,3.8,9.33,62.63,0,2.95,286.52,1016.02,3666.66,0.2,2.78,420.0,0.011,PM2.5-1HR
38,110010053,2024-11-24,2.25,9.26,62.91,0,2.86,287.05,1016.06,4615.78,0.2,2.78,420.0,0.081,PM2.5-1HR
38,110010055,2024-11-24,3.25,9.29,63.28,0,2.8,285.28,1016.09,1360.05,0.62,3.368,420.0,0.611,PM2.5-1HR
38,240313001,2024-11-24,2.69,9.14,62.11,0,3.19,292.95,1015.98,164.8,0,2.5,420.0,0.508,PM2.5-1HR
38,510590030,2024-11-24,3.48,9.29,63.52,0,2.72,284.72,1016.15,1258.55,1.3,4.32,420.0,0.244,PM2.5-1HR
38,510590031,2024-11-24,3.71,9.27,63.52,0,2.69,285.32,1016.18,1483.19,1.8,5.02,420.0,0.017,PM2.5-1HR
38,511071005,2024-11-24,3.19,9.04,61.77,0,2.88,297.04,1016.2,2224.9,1.9,5.16,420.0,0.103,PM2.5-1HR
38,110010041,2024-11-25,5.57,8.26,71.52,0,1.72,142.61,1018.12,2296.59,1.56,4.684,420.0,0.103,PM2.5-1HR
38,110010043,2024-11-25,6.33,8.16,71.46,0,1.71,141.86,1018.1,3992.29,1.48,4.572,420.0,0.356,PM2.5-1HR
38,110010051,2024-11-25,7.62,8.26,71.54,0,1.72,142.8,1018.13,3666.66,1.56,4.684,420.0,0.011,PM2.5-1HR
38,110010053,2024-11-25,4.92,8.28,71.37,0,1.72,140.97,1018.11,4615.78,1.56,4.684,420.0,0.081,PM2.5-1HR
38,110010055,2024-11-25,5.2,8.42,71.25,0,1.73,140.9,1018.12,1360.05,2.28,5.692,420.0,0.611,PM2.5-1HR
38,240313001,2024-11-25,4.24,7.84,71.98,0,1.78,149.02,1018.04,164.8,0,2.5,420.0,0.508,PM2.5-1HR
38,510590030,2024-11-25,6.44,8.5,71.43,0,1.79,150.72,1018.1,1258.55,3.83,7.862,420.0,0.244,PM2.5-1HR
38,510590031,2024-11-25,6.93,8.48,71.65,0,1.83,155.24,1018.08,1483.19,4.8,9.22,420.0,0.017,PM2.5-1HR
38,511071005,2024-11-25,5.6,7.97,71.31,0,1.94,154.62,1017.91,2224.9,4.6,8.94,420.0,0.103,PM2.5-1HR
38,510130020,2024-11-26,6.1,12.02,63.44,0.15,3.51,272.14,1013.34,8320.52,1.6,4.74,420.0,0.276,PM2.5-1HR
38,110010041,2024-11-26,5.81,11.98,63.6,0.14,3.49,270.68,1013.3,2296.59,1.37,4.418,420.0,0.103,PM2.5-1HR
38,110010043,2024-11-26,5.98,11.88,63.46,0.15,3.47,271.07,1013.31,3992.29,1.64,4.796,420.0,0.356,PM2.5-1HR
38,110010051,2024-11-26,7.16,11.99,63.61,0.14,3.49,270.62,1013.29,3666.66,0.44,3.116,420.0,0.011,PM2.5-1HR
38,110010053,2024-11-26,6.48,11.98,63.53,0.14,3.47,271.55,1013.32,4615.78,1.37,4.418,420.0,0.081,PM2.5-1HR
38,110010055,2024-11-26,5.65,12.1,63.63,0.14,3.46,272.11,1013.35,1360.05,1.53,4.642,420.0,0.611,PM2.5-1HR
38,240313001,2024-11-26,4.14,11.53,63.62,0.17,3.64,270.29,1013.26,164.8,0,2.5,420.0,0.508,PM2.5-1HR
38,240330030,2024-11-26,4.89,11.75,63.75,0.15,3.6,268.63,1013.2,177.44,4.2,8.38,420.0,0.38,PM2.5-1HR
38,510590030,2024-11-26,6.24,12.2,63.44,0.14,3.53,273.42,1013.39,1258.55,1.3,4.32,420.0,0.244,PM2.5-1HR
38,510590031,2024-11-26,5.93,12.21,63.24,0.15,3.59,274.15,1013.41,1483.19,1.95,5.23,420.0,0.017,PM2.5-1HR
38,511071005,2024-11-26,4.65,11.64,62.5,0.22,3.71,272.93,1013.44,2224.9,1.7,4.88,420.0,0.103,PM2.5-1HR
38,110010041,2024-11-27,3.31,7.35,59.73,0.02,2.14,243.66,1017.26,2296.59,0.08,2.612,420.0,0.103,PM2.5-1HR
38,110010043,2024-11-27,3.16,7.24,59.51,0.02,2.12,243.71,1017.25,3992.29,0.1,2.64,420.0,0.356,PM2.5-1HR
38,110010051,2024-11-27,3.83,7.36,59.73,0.02,2.14,243.57,1017.26,3666.66,0.08,2.612,420.0,0.011,PM2.5-1HR
38,110010053,2024-11-27,1.67,7.32,59.64,0.02,2.1,244.94,1017.26,4615.78,0.08,2.612,420.0,0.081,PM2.5-1HR
38,110010055,2024-11-27,3.14,7.43,59.81,0.02,2.08,246.68,1017.27,1360.05,0.56,3.284,420.0,0.611,PM2.5-1HR
38,240313001,2024-11-27,3.2,7.25,58.28,0.02,2.32,237.97,1017.18,164.8,0,2.5,420.0,0.508,PM2.5-1HR
38,240330030,2024-11-27,5.65,7.32,59.37,0.02,2.3,239.1,1017.24,177.44,2,5.3,420.0,0.38,PM2.5-1HR
38,510590030,2024-11-27,3.71,7.61,59.39,0.02,2.11,245.31,1017.25,1258.55,1.7,4.88,420.0,0.244,PM2.5-1HR
38,510590031,2024-11-27,3.98,7.7,58.99,0.02,2.15,243.12,1017.24,1483.19,2.55,6.07,420.0,0.017,PM2.5-1HR
38,511071005,2024-11-27,3.17,7.49,56.44,0.02,2.32,231.3,1017.09,2224.9,1.9,5.16,420.0,0.103,PM2.5-1HR
38,110010041,2024-11-28,3.81,9.42,77.09,0.3,3.9,250.03,1006.51,2296.59,0.28,2.892,420.0,0.103,PM2.5-1HR
38,110010043,2024-11-28,4.25,9.26,76.91,0.31,3.82,251.89,1006.54,3992.29,0.25,2.85,420.0,0.356,PM2.5-1HR
38,110010051,2024-11-28,5.05,9.43,77.11,0.3,3.91,249.91,1006.51,3666.66,0.28,2.892,420.0,0.011,PM2.5-1HR
38,110010053,2024-11-28,3.52,9.41,76.83,0.3,3.86,250.66,1006.54,4615.78,0.28,2.892,420.0,0.081,PM2.5-1HR
38,110010055,2024-11-28,4.9,9.59,76.74,0.28,3.92,249.76,1006.54,1360.05,0.48,3.172,420.0,0.611,PM2.5-1HR
38,240313001,2024-11-28,3.87,8.52,77.95,0.39,3.82,260.9,1006.61,164.8,2,5.3,420.0,0.508,PM2.5-1HR
38,240330030,2024-11-28,3.66,9.02,77.94,0.35,3.92,252.25,1006.48,177.44,0,2.5,420.0,0.38,PM2.5-1HR
38,510590030,2024-11-28,4.63,9.63,76.52,0.27,4,250.14,1006.58,1258.55,0.87,3.718,420.0,0.244,PM2.5-1HR
38,510590031,2024-11-28,5.1,9.57,76.39,0.27,4.03,250.76,1006.62,1483.19,1.1,4.04,420.0,0.017,PM2.5-1HR
38,511071005,2024-11-28,4.14,8.43,76.89,0.34,3.81,263.33,1006.81,2224.9,0.6,3.34,420.0,0.103,PM2.5-1HR
38,110010041,2024-11-29,3.49,3.99,60.36,0,3.71,269.44,1015.53,2296.59,0.7,3.48,420.0,0.103,PM2.5-1HR
38,110010043,2024-11-29,3.88,3.8,60.44,0,3.67,268.99,1015.55,3992.29,0.84,3.676,420.0,0.356,PM2.5-1HR
38,110010051,2024-11-29,4.35,4,60.35,0,3.72,269.49,1015.52,3666.66,0.08,2.612,420.0,0.011,PM2.5-1HR
38,110010053,2024-11-29,3.17,3.94,60.41,0,3.66,269.24,1015.56,4615.78,0.7,3.48,420.0,0.081,PM2.5-1HR
38,110010055,2024-11-29,3.99,4.12,60.38,0,3.65,269.55,1015.58,1360.05,1.27,4.278,420.0,0.611,PM2.5-1HR
38,240313001,2024-11-29,4.38,3.4,60.31,0.01,3.74,269.5,1015.53,164.8,0,2.5,420.0,0.508,PM2.5-1HR
38,240330030,2024-11-29,4.35,3.81,60.13,0,3.89,269.79,1015.41,177.44,2,5.3,420.0,0.38,PM2.5-1HR
38,510590030,2024-11-29,4.81,4.23,60.27,0,3.64,270.43,1015.64,1258.55,2.2,5.58,420.0,0.244,PM2.5-1HR
38,510590031,2024-11-29,4.85,4.21,60.22,0.01,3.65,270.98,1015.68,1483.19,3.3,7.12,420.0,0.017,PM2.5-1HR
38,511071005,2024-11-29,4.67,3.29,60.23,0.01,3.53,270.2,1015.79,2224.9,3.3,7.12,420.0,0.103,PM2.5-1HR
38,110010041,2024-11-30,6.12,-0.52,53.28,0,3.11,301.1,1020.01,2296.59,0.3,2.92,420.0,0.103,PM2.5-1HR
38,110010043,2024-11-30,7.09,-0.78,53.56,0,3.05,301.39,1020.03,3992.29,0.28,2.892,420.0,0.356,PM2.5-1HR
38,110010051,2024-11-30,5.98,-0.5,53.23,0,3.12,301.04,1020.01,3666.66,0.3,2.92,420.0,0.011,PM2.5-1HR
38,110010053,2024-11-30,5.03,-0.58,53.67,0,3.03,301.98,1020.04,4615.78,0.3,2.92,420.0,0.081,PM2.5-1HR
38,110010055,2024-11-30,5.66,-0.33,53.8,0,3.01,302.65,1020.06,1360.05,1.38,4.432,420.0,0.611,PM2.5-1HR
38,240313001,2024-11-30,7.15,-1.09,51.79,0,3.24,297.36,1019.99,164.8,3,6.7,420.0,0.508,PM2.5-1HR
38,240330030,2024-11-30,5.77,-0.69,51.75,0,3.41,294.75,1019.9,177.44,0,2.5,420.0,0.38,PM2.5-1HR
38,510590030,2024-11-30,8.99,-0.16,54.05,0,3.01,303.65,1020.1,1258.55,3.63,7.582,420.0,0.244,PM2.5-1HR
38,510590031,2024-11-30,8.03,-0.16,54.23,0,3.01,304.11,1020.13,1483.19,5.25,9.85,420.0,0.017,PM2.5-1HR
38,511071005,2024-11-30,9.87,-1.12,52.44,0,3.02,303.1,1020.2,2224.9,4.6,8.94,420.0,0.103,PM2.5-1HR
38,110010041,2024-12-01,7.3,0.7,63.49,0,1.92,258.03,1020.79,2296.59,1.14,4.096,420.0,0.103,PM2.5-1HR
38,110010043,2024-12-01,8.69,0.36,64.12,0,1.95,256.22,1020.8,3992.29,1.08,4.012,420.0,0.356,PM2.5-1HR
38,110010051,2024-12-01,8.41,0.72,63.43,0,1.92,258.26,1020.79,3666.66,1.14,4.096,420.0,0.011,PM2.5-1HR
38,110010053,2024-12-01,5.12,0.67,63.72,0,1.93,256.07,1020.8,4615.78,1.14,4.096,420.0,0.081,PM2.5-1HR
38,110010055,2024-12-01,5.31,1.05,63.26,0,1.91,255.78,1020.8,1360.05,1.8,5.02,420.0,0.611,PM2.5-1HR
38,240313001,2024-12-01,12.28,-0.25,62.1,0,2.07,258.01,1020.81,164.8,0,2.5,420.0,0.508,PM2.5-1HR
38,240330030,2024-12-01,8.41,0.24,62.38,0,2.03,263.14,1020.78,177.44,2,5.3,420.0,0.38,PM2.5-1HR
38,510590030,2024-12-01,9.79,1.3,63.05,0,1.92,254.69,1020.8,1258.55,3.27,7.078,420.0,0.244,PM2.5-1HR
38,510590031,2024-12-01,9.69,1.28,63.23,0,1.94,254.05,1020.8,1483.19,4.2,8.38,420.0,0.017,PM2.5-1HR
38,511071005,2024-12-01,9.23,-0.1,61.39,0,2.05,255.2,1020.83,2224.9,4.5,8.8,420.0,0.103,PM2.5-1HR
38,110010041,2024-12-02,3.17,-0.24,52.46,0,2.88,300.02,1023.93,2296.59,1.05,3.97,420.0,0.103,PM2.5-1HR
38,110010043,2024-12-02,3.71,-0.42,52.38,0,2.82,299.4,1023.96,3992.29,1.14,4.096,420.0,0.356,PM2.5-1HR
38,110010051,2024-12-02,3.51,-0.23,52.45,0,2.89,300.07,1023.92,3666.66,0.46,3.144,420.0,0.011,PM2.5-1HR
38,110010053,2024-12-02,2.36,-0.31,52.47,0,2.81,300.3,1023.98,4615.78,1.05,3.97,420.0,0.081,PM2.5-1HR
38,110010055,2024-12-02,3.17,-0.17,52.59,0,2.8,301.34,1024,1360.05,1.7,4.88,420.0,0.611,PM2.5-1HR
38,240313001,2024-12-02,4.27,-0.56,51.15,0,2.99,297.73,1023.94,164.8,1,3.9,420.0,0.508,PM2.5-1HR
38,240330030,2024-12-02,4.08,-0.27,51.73,0,3.07,298.03,1023.78,177.44,0,2.5,420.0,0.38,PM2.5-1HR
38,510130020,2024-12-02,4.05,-0.24,52.14,0,2.85,301.45,1024.02,8320.52,1.12,4.068,420.0,0.276,PM2.5-1HR
38,510590030,2024-12-02,5.14,-0.03,52.15,0,2.88,303.85,1024.08,1258.55,2.7,6.28,420.0,0.244,PM2.5-1HR
38,510590031,2024-12-02,4.65,0,51.74,0,2.95,305.24,1024.14,1483.19,3.75,7.75,420.0,0.017,PM2.5-1HR
38,511071005,2024-12-02,4.32,-0.54,50.12,0,3.03,301.78,1024.28,2224.9,3.2,6.98,420.0,0.103,PM2.5-1HR
38,110010041,2024-12-03,4.29,0.1,54.18,0,3.44,293.07,1027.79,2296.59,0.3,2.92,420.0,0.103,PM2.5-1HR
38,110010043,2024-12-03,4,-0.05,54.06,0,3.41,293.16,1027.82,3992.29,0.38,3.032,420.0,0.356,PM2.5-1HR
38,110010051,2024-12-03,3.95,0.11,54.18,0,3.45,293.06,1027.79,3666.66,0.3,2.92,420.0,0.011,PM2.5-1HR
38,110010053,2024-12-03,1.75,0.02,54.22,0,3.37,293.65,1027.86,4615.78,0.3,2.92,420.0,0.081,PM2.5-1HR
38,110010055,2024-12-03,3.02,0.11,54.42,0,3.33,294.21,1027.9,1360.05,0.94,3.816,420.0,0.611,PM2.5-1HR
38,240313001,2024-12-03,5.16,-0.13,53.05,0,3.64,292.48,1027.77,164.8,2,5.3,420.0,0.508,PM2.5-1HR
38,240330030,2024-12-03,3.95,0.17,53.35,0,3.7,291.5,1027.58,177.44,1,3.9,420.0,0.38,PM2.5-1HR
38,510590030,2024-12-03,5.66,0.15,54.22,0,3.38,296.34,1028.01,1258.55,2.7,6.28,420.0,0.244,PM2.5-1HR
38,510590031,2024-12-03,5.21,0.13,53.97,0,3.45,297.68,1028.07,1483.19,4.05,8.17,420.0,0.017,PM2.5-1HR
38,511071005,2024-12-03,5.25,-0.4,52.89,0,3.65,295.29,1028.2,2224.9,4.3,8.52,420.0,0.103,PM2.5-1HR
38,110010041,2024-12-04,6.85,1.08,53.22,0,3.76,217.6,1020.84,2296.59,0.84,3.676,420.0,0.103,PM2.5-1HR
38,110010043,2024-12-04,6.88,0.88,53.34,0,3.72,216.47,1020.78,3992.29,0.93,3.802,420.0,0.356,PM2.5-1HR
38,110010051,2024-12-04,7.18,1.09,53.19,0,3.77,217.72,1020.84,3666.66,0.84,3.676,420.0,0.011,PM2.5-1HR
38,110010053,2024-12-04,5.92,1.01,53.31,0,3.72,216.51,1020.84,4615.78,0.84,3.676,420.0,0.081,PM2.5-1HR
38,110010055,2024-12-04,4.9,1.16,53.27,0,3.72,216.54,1020.92,1360.05,1.56,4.684,420.0,0.611,PM2.5-1HR
38,240313001,2024-12-04,5.02,0.66,52.54,0.01,3.79,215.46,1020.48,164.8,2,5.3,420.0,0.508,PM2.5-1HR
38,240330030,2024-12-04,6.17,1,52.68,0.01,3.89,219.24,1020.66,177.44,3,6.7,420.0,0.38,PM2.5-1HR
38,510590030,2024-12-04,7.85,1.24,53,0.01,3.79,216.05,1020.93,1258.55,3.17,6.938,420.0,0.244,PM2.5-1HR
38,510590031,2024-12-04,7.61,1.22,52.82,0.01,3.85,215.61,1020.89,1483.19,4.5,8.8,420.0,0.017,PM2.5-1HR
38,511071005,2024-12-04,6.69,0.51,51.83,0.01,3.79,209.69,1020.33,2224.9,4.4,8.66,420.0,0.103,PM2.5-1HR
38,110010041,2024-12-05,4.64,2.68,43.68,0.03,6.1,266.39,1010.96,2296.59,0.83,3.662,420.0,0.103,PM2.5-1HR
38,110010043,2024-12-05,3.73,2.54,43.69,0.03,6.03,266.32,1010.99,3992.29,1,3.9,420.0,0.356,PM2.5-1HR
38,110010051,2024-12-05,4.81,2.69,43.68,0.03,6.11,266.4,1010.96,3666.66,0.2,2.78,420.0,0.011,PM2.5-1HR
38,110010053,2024-12-05,3.54,2.65,43.52,0.03,5.99,266.53,1011.06,4615.78,0.83,3.662,420.0,0.081,PM2.5-1HR
38,110010055,2024-12-05,4.65,2.8,43.32,0.03,5.95,266.79,1011.14,1360.05,1.28,4.292,420.0,0.611,PM2.5-1HR
38,240313001,2024-12-05,3.96,1.91,45.74,0.02,6.07,265.67,1010.82,164.8,0,2.5,420.0,0.508,PM2.5-1HR
38,240330030,2024-12-05,4.48,2.39,44.94,0.03,6.38,265.81,1010.62,177.44,0,2.5,420.0,0.38,PM2.5-1HR
38,510590030,2024-12-05,5.21,2.8,43.08,0.03,5.91,267.45,1011.3,1258.55,1.63,4.782,420.0,0.244,PM2.5-1HR
38,510590031,2024-12-05,4.8,2.73,43,0.03,5.9,267.83,1011.39,1483.19,2.45,5.93,420.0,0.017,PM2.5-1HR
38,511071005,2024-12-05,4.46,1.69,45.13,0.02,5.74,266.85,1011.41,2224.9,2.5,6.0,420.0,0.103,PM2.5-1HR
38,110010041,2024-12-06,3.6,-0.75,49.47,0,4.39,291.05,1023.4,2296.59,0.06,2.584,420.0,0.103,PM2.5-1HR
38,110010043,2024-12-06,3.22,-0.87,49.41,0,4.34,290.59,1023.44,3992.29,0.05,2.57,420.0,0.356,PM2.5-1HR
38,110010051,2024-12-06,3.42,-0.74,49.46,0,4.4,291.11,1023.4,3666.66,0.06,2.584,420.0,0.011,PM2.5-1HR
38,110010053,2024-12-06,2.26,-0.81,49.48,0,4.3,290.99,1023.49,4615.78,0.06,2.584,420.0,0.081,PM2.5-1HR
38,110010055,2024-12-06,2.5,-0.75,49.57,0,4.26,291.46,1023.55,1360.05,0.78,3.592,420.0,0.611,PM2.5-1HR
38,240313001,2024-12-06,3.8,-0.96,49.13,0,4.52,290.94,1023.34,164.8,0,2.5,420.0,0.508,PM2.5-1HR
38,240330030,2024-12-06,4.09,-0.71,49.14,0,4.66,290.77,1023.12,177.44,2,5.3,420.0,0.38,PM2.5-1HR
38,510590030,2024-12-06,4.6,-0.73,49.36,0,4.28,293.14,1023.7,1258.55,2.3,5.72,420.0,0.244,PM2.5-1HR
38,510590031,2024-12-06,3.99,-0.76,49.15,0,4.32,294.21,1023.79,1483.19,3.4,7.26,420.0,0.017,PM2.5-1HR
38,511071005,2024-12-06,3.84,-1.2,48.88,0,4.39,292.5,1023.91,2224.9,2.8,6.42,420.0,0.103,PM2.5-1HR
38,110010041,2024-12-07,4.56,0.31,48.23,0,3.01,231.43,1022.58,2296.59,0.12,2.668,420.0,0.103,PM2.5-1HR
38,110010043,2024-12-07,5.4,0.18,48.02,0,2.93,230.84,1022.56,3992.29,0.03,2.542,420.0,0.356,PM2.5-1HR
38,110010051,2024-12-07,4.46,0.32,48.22,0,3.02,231.56,1022.58,3666.66,0.12,2.668,420.0,0.011,PM2.5-1HR
38,110010053,2024-12-07,3.15,0.24,48.45,0,2.93,229.75,1022.61,4615.78,0.12,2.668,420.0,0.081,PM2.5-1HR
38,110010055,2024-12-07,3.37,0.32,49,0,2.93,228.39,1022.68,1360.05,0.8,3.62,420.0,0.611,PM2.5-1HR
38,240313001,2024-12-07,4.07,0.21,45.46,0,3.01,235.75,1022.33,164.8,0,2.5,420.0,0.508,PM2.5-1HR
38,240330030,2024-12-07,3.49,0.38,46.37,0,3.21,236.86,1022.36,177.44,0,2.5,420.0,0.38,PM2.5-1HR
38,510590030,2024-12-07,6.04,0.38,48.65,0,2.93,228.1,1022.72,1258.55,2.3,5.72,420.0,0.244,PM2.5-1HR
38,510590031,2024-12-07,4.29,0.38,48.05,0,2.93,228.62,1022.72,1483.19,3.2,6.98,420.0,0.017,PM2.5-1HR
38,511071005,2024-12-07,4.06,0.14,45.09,0,2.82,231.94,1022.41,2224.9,2.9,6.56,420.0,0.103,PM2.5-1HR
38,110010041,2024-12-08,6.15,8.15,45.8,0,3.22,241.79,1013.26,2296.59,2.77,6.378,420.0,0.103,PM2.5-1HR
38,110010043,2024-12-08,7.92,8.06,45.67,0,3.16,243.3,1013.23,3992.29,3.02,6.728,420.0,0.356,PM2.5-1HR
38,110010051,2024-12-08,7.17,8.16,45.79,0,3.23,241.72,1013.26,3666.66,1.68,4.852,420.0,0.011,PM2.5-1HR
38,110010053,2024-12-08,4.48,8.13,46.06,0,3.15,241.11,1013.28,4615.78,2.77,6.378,420.0,0.081,PM2.5-1HR
38,110010055,2024-12-08,5.12,8.21,46.53,0,3.15,238.19,1013.35,1360.05,3.23,7.022,420.0,0.611,PM2.5-1HR
38,240313001,2024-12-08,5.23,8,44.25,0,3.22,247.21,1013.01,164.8,2,5.3,420.0,0.508,PM2.5-1HR
38,240330030,2024-12-08,4.89,8.09,44.46,0,3.4,246.48,1013.06,177.44,0,2.5,420.0,0.38,PM2.5-1HR
38,510130020,2024-12-08,8.3,8.18,46.13,0,3.12,240.35,1013.29,8320.52,2.74,6.336,420.0,0.276,PM2.5-1HR
38,510590030,2024-12-08,6.11,8.3,46.82,0,3.09,236.2,1013.38,1258.55,3.5,7.4,420.0,0.244,PM2.5-1HR
38,510590031,2024-12-08,6.94,8.34,46.8,0,3.04,236.42,1013.37,1483.19,4.5,8.8,420.0,0.017,PM2.5-1HR
38,511071005,2024-12-08,5.21,8.21,44.79,0,2.86,243.55,1013.04,2224.9,3.3,7.12,420.0,0.103,PM2.5-1HR
38,110010041,2024-12-09,11.02,7.65,85.01,0.14,2.66,184.23,1013.91,2296.59,3.36,7.204,420.0,0.103,PM2.5-1HR
38,110010043,2024-12-09,11.2,7.63,84.85,0.14,2.6,182.55,1013.87,3992.29,3.65,7.61,420.0,0.356,PM2.5-1HR
38,110010051,2024-12-09,12.13,7.65,85.02,0.13,2.66,184.34,1013.91,3666.66,3.36,7.204,420.0,0.011,PM2.5-1HR
38,110010053,2024-12-09,8.14,7.65,85.15,0.14,2.64,184.25,1013.89,4615.78,3.36,7.204,420.0,0.081,PM2.5-1HR
38,110010055,2024-12-09,7.64,7.68,85.52,0.14,2.71,185.84,1013.93,1360.05,4.42,8.688,420.0,0.611,PM2.5-1HR
38,240313001,2024-12-09,7.8,7.47,84.94,0.16,2.59,173.57,1013.7,164.8,3,6.7,420.0,0.508,PM2.5-1HR
38,240330030,2024-12-09,9.85,7.49,84.7,0.14,2.64,178.26,1013.87,177.44,6,10.9,420.0,0.38,PM2.5-1HR
38,510590030,2024-12-09,9.03,7.74,86.06,0.14,2.82,187.52,1013.9,1258.55,5.17,9.738,420.0,0.244,PM2.5-1HR
38,510590031,2024-12-09,9.87,7.78,86.29,0.14,2.88,188.11,1013.84,1483.19,6.65,11.81,420.0,0.017,PM2.5-1HR
38,511071005,2024-12-09,7.48,7.67,85.86,0.17,2.57,177.38,1013.44,2224.9,6.3,11.32,420.0,0.103,PM2.5-1HR
38,110010041,2024-12-10,10.67,9.16,94.34,0.06,2.11,167.87,1015.06,2296.59,5.62,10.368,420.0,0.103,PM2.5-1HR
38,110010043,2024-12-10,11.75,9.1,94.29,0.06,2.11,166.21,1015.01,3992.29,6,10.9,420.0,0.356,PM2.5-1HR
38,110010051,2024-12-10,13.97,9.16,94.35,0.06,2.12,167.99,1015.06,3666.66,5.62,10.368,420.0,0.011,PM2.5-1HR
38,110010053,2024-12-10,12.35,9.18,94.29,0.06,2.11,168.27,1015.02,4615.78,5.62,10.368,420.0,0.081,PM2.5-1HR
38,110010055,2024-12-10,10.45,9.28,94.29,0.07,2.12,170.74,1015.03,1360.05,5.96,10.844,420.0,0.611,PM2.5-1HR
38,240313001,2024-12-10,8.28,8.72,95.27,0.08,2.2,162.1,1014.87,164.8,3,6.7,420.0,0.508,PM2.5-1HR
38,240330030,2024-12-10,8.99,8.85,94.92,0.06,2.13,163.57,1015.09,177.44,6,10.9,420.0,0.38,PM2.5-1HR
38,510590030,2024-12-10,13.25,9.28,94.73,0.09,2.19,174.22,1014.97,1258.55,7.03,12.342,420.0,0.244,PM2.5-1HR
38,510590031,2024-12-10,14.74,9.23,95.1,0.1,2.25,175.6,1014.91,1483.19,8.5,14.4,420.0,0.017,PM2.5-1HR
38,511071005,2024-12-10,10.48,8.66,95.4,0.09,2.36,169.22,1014.5,2224.9,6.1,11.04,420.0,0.103,PM2.5-1HR
38,110010041,2024-12-11,5.26,11.84,86.96,1.92,5.44,222.94,1005.76,2296.59,1.15,4.11,420.0,0.103,PM2.5-1HR
38,110010043,2024-12-11,5.71,11.8,86.47,1.88,5.43,223.76,1005.74,3992.29,1.38,4.432,420.0,0.356,PM2.5-1HR
38,110010051,2024-12-11,6.94,11.85,87.02,1.92,5.45,222.87,1005.76,3666.66,0.26,2.864,420.0,0.011,PM2.5-1HR
38,110010053,2024-12-11,7.16,11.85,86.65,1.93,5.41,223.37,1005.78,4615.78,1.15,4.11,420.0,0.081,PM2.5-1HR
38,110010055,2024-12-11,4.72,11.93,86.85,1.99,5.39,222.85,1005.83,1360.05,1.38,4.432,420.0,0.611,PM2.5-1HR
38,240313001,2024-12-11,3.9,11.18,87.47,1.68,5.22,226.27,1005.67,164.8,0,2.5,420.0,0.508,PM2.5-1HR
38,240330030,2024-12-11,4.86,11.56,87.79,1.81,5.49,222.27,1005.62,177.44,0,2.5,420.0,0.38,PM2.5-1HR
38,510590030,2024-12-11,5.32,11.78,87.33,1.96,5.37,223.19,1005.88,1258.55,0.93,3.802,420.0,0.244,PM2.5-1HR
38,510590031,2024-12-11,6.77,11.61,87.6,1.9,5.36,223.76,1005.89,1483.19,1.4,4.46,420.0,0.017,PM2.5-1HR
38,511071005,2024-12-11,5.62,10.52,86.96,1.64,4.7,238.28,1005.95,2224.9,1.3,4.32,420.0,0.103,PM2.5-1HR
38,110010041,2024-12-12,3.32,2.34,49.36,0,3.61,272.63,1023.84,2296.59,0.2,2.78,420.0,0.103,PM2.5-1HR
38,110010043,2024-12-12,2.72,2.18,49.1,0,3.55,272.67,1023.84,3992.29,0.25,2.85,420.0,0.356,PM2.5-1HR
38,110010051,2024-12-12,4.63,2.36,49.37,0,3.62,272.66,1023.84,3666.66,0.2,2.78,420.0,0.011,PM2.5-1HR
38,110010053,2024-12-12,2.39,2.3,49.47,0,3.53,272.08,1023.87,4615.78,0.2,2.78,420.0,0.081,PM2.5-1HR
38,110010055,2024-12-12,2.6,2.45,49.93,0,3.49,271.33,1023.91,1360.05,0.64,3.396,420.0,0.611,PM2.5-1HR
38,240313001,2024-12-12,4.48,1.77,47.72,0,3.78,275.48,1023.73,164.8,1,3.9,420.0,0.508,PM2.5-1HR
38,240330030,2024-12-12,4.18,2.15,48.27,0,3.92,274.59,1023.68,177.44,1,3.9,420.0,0.38,PM2.5-1HR
38,510590030,2024-12-12,3.73,2.52,50.09,0,3.49,271.31,1023.96,1258.55,1.47,4.558,420.0,0.244,PM2.5-1HR
38,510590031,2024-12-12,3.89,2.48,49.98,0,3.5,271.71,1023.99,1483.19,2.2,5.58,420.0,0.017,PM2.5-1HR
38,511071005,2024-12-12,3.85,1.66,47.62,0,3.51,275.28,1023.92,2224.9,2.3,5.72,420.0,0.103,PM2.5-1HR
38,110010041,2024-12-13,8.99,-0.32,58.67,0,1.62,56.92,1037.96,2296.59,1.94,5.216,420.0,0.103,PM2.5-1HR
38,110010043,2024-12-13,8.24,-0.56,58.54,0,1.57,56.8,1037.97,3992.29,2.13,5.482,420.0,0.356,PM2.5-1HR
38,110010051,2024-12-13,9.54,-0.3,58.69,0,1.63,56.86,1037.96,3666.66,1.94,5.216,420.0,0.011,PM2.5-1HR
38,110010053,2024-12-13,7.34,-0.36,58.4,0,1.62,57.7,1037.94,4615.78,1.94,5.216,420.0,0.081,PM2.5-1HR
38,110010055,2024-12-13,5.11,-0.11,58.25,0,1.68,58.8,1037.91,1360.05,2.7,6.28,420.0,0.611,PM2.5-1HR
38,240313001,2024-12-13,8.58,-0.93,57.26,0,1.33,47.99,1038.06,164.8,3,6.7,420.0,0.508,PM2.5-1HR
38,240330030,2024-12-13,7.28,-0.57,58.28,0,1.48,50.98,1038.06,177.44,4,8.1,420.0,0.38,PM2.5-1HR
38,510590030,2024-12-13,6.87,0.05,58.11,0,1.71,57.59,1037.88,1258.55,3.8,7.82,420.0,0.244,PM2.5-1HR
38,510590031,2024-12-13,7.82,0.04,58.11,0,1.7,55.97,1037.87,1483.19,5.1,9.64,420.0,0.017,PM2.5-1HR
38,511071005,2024-12-13,6.99,-0.87,57.54,0,1.36,51.96,1037.99,2224.9,3.9,7.96,420.0,0.103,PM2.5-1HR
38,110010041,2024-12-14,7.18,-0.41,61.45,0,2.51,60.86,1045.15,2296.59,2.82,6.448,420.0,0.103,PM2.5-1HR
38,110010043,2024-12-14,7.57,-0.62,61.04,0,2.44,62.19,1045.17,3992.29,3.38,7.232,420.0,0.356,PM2.5-1HR
38,110010051,2024-12-14,8.25,-0.4,61.46,0,2.52,60.79,1045.15,3666.66,1.74,4.936,420.0,0.011,PM2.5-1HR
38,110010053,2024-12-14,6.28,-0.44,61.57,0,2.45,61.12,1045.12,4615.78,2.82,6.448,420.0,0.081,PM2.5-1HR
38,110010055,2024-12-14,5.08,-0.23,62.22,0,2.47,59.8,1045.06,1360.05,3.75,7.75,420.0,0.611,PM2.5-1HR
38,240313001,2024-12-14,8.65,-1.1,56.99,0,2.39,69.12,1045.33,164.8,6,10.9,420.0,0.508,PM2.5-1HR
38,240330030,2024-12-14,7.4,-0.71,59.1,0,2.58,63.34,1045.32,177.44,3,6.7,420.0,0.38,PM2.5-1HR
38,510130020,2024-12-14,8.2,-0.4,61.51,0,2.45,61.5,1045.11,8320.52,2.64,6.196,420.0,0.276,PM2.5-1HR
38,510590030,2024-12-14,7.9,-0.12,62.36,0,2.45,60.01,1045.02,1258.55,4.4,8.66,420.0,0.244,PM2.5-1HR
38,510590031,2024-12-14,8.12,-0.16,62.13,0,2.43,60.88,1045.02,1483.19,6.6,11.74,420.0,0.017,PM2.5-1HR
38,511071005,2024-12-14,9.31,-1.07,58.09,0,2.16,78.51,1045.18,2224.9,6,10.9,420.0,0.103,PM2.5-1HR
38,110010041,2024-12-15,8.2,1.78,80.81,0.27,2.45,69.34,1039.23,2296.59,2.7,6.28,420.0,0.103,PM2.5-1HR
38,110010043,2024-12-15,7.45,1.57,80.82,0.28,2.4,71.6,1039.26,3992.29,2.98,6.672,420.0,0.356,PM2.5-1HR
38,110010051,2024-12-15,8.32,1.79,80.81,0.27,2.46,69.2,1039.23,3666.66,2.7,6.28,420.0,0.011,PM2.5-1HR
38,110010053,2024-12-15,5.88,1.75,80.99,0.28,2.39,69.88,1039.21,4615.78,2.7,6.28,420.0,0.081,PM2.5-1HR
38,110010055,2024-12-15,4.89,1.96,81.2,0.28,2.38,67.73,1039.14,1360.05,3.1,6.84,420.0,0.611,PM2.5-1HR
38,240313001,2024-12-15,7.91,0.95,79.84,0.32,2.39,82.83,1039.42,164.8,5,9.5,420.0,0.508,PM2.5-1HR
38,240330030,2024-12-15,6.85,1.39,79.92,0.26,2.59,72.76,1039.42,177.44,1,3.9,420.0,0.38,PM2.5-1HR
38,510590030,2024-12-15,7.24,1.98,81.77,0.3,2.26,67.77,1039.1,1258.55,4.03,8.142,420.0,0.244,PM2.5-1HR
38,510590031,2024-12-15,7.95,1.87,82.13,0.31,2.17,68.99,1039.1,1483.19,5.25,9.85,420.0,0.017,PM2.5-1HR
38,511071005,2024-12-15,9.83,0.92,82.19,0.39,1.92,99.05,1039.26,2224.9,5.1,9.64,420.0,0.103,PM2.5-1HR
38,110010041,2024-12-16,4.29,5.52,95.53,0.57,1.85,255.1,1027.43,2296.59,0.42,3.088,420.0,0.103,PM2.5-1HR
38,110010043,2024-12-16,5.76,5.28,95.52,0.54,1.83,248.56,1027.43,3992.29,0.48,3.172,420.0,0.356,PM2.5-1HR
38,110010051,2024-12-16,7.09,5.54,95.54,0.57,1.85,255.29,1027.43,3666.66,0.42,3.088,420.0,0.011,PM2.5-1HR
38,110010053,2024-12-16,4.85,5.4,95.49,0.54,1.83,250.16,1027.44,4615.78,0.42,3.088,420.0,0.081,PM2.5-1HR
38,110010055,2024-12-16,4.12,5.55,95.44,0.53,1.84,251.03,1027.44,1360.05,1.12,4.068,420.0,0.611,PM2.5-1HR
38,240313001,2024-12-16,5.21,4.61,96.36,0.55,1.84,136.02,1027.45,164.8,2,5.3,420.0,0.508,PM2.5-1HR
38,240330030,2024-12-16,6.29,5.39,95.87,0.63,1.92,263.3,1027.41,177.44,0,2.5,420.0,0.38,PM2.5-1HR
38,510590030,2024-12-16,6.96,5.37,95.79,0.53,1.85,246.06,1027.47,1258.55,2.53,6.042,420.0,0.244,PM2.5-1HR
38,510590031,2024-12-16,7.43,5.13,96.1,0.53,1.86,243.36,1027.48,1483.19,3.7,7.68,420.0,0.017,PM2.5-1HR
38,511071005,2024-12-16,9.37,4.01,96.68,0.5,1.74,147.1,1027.45,2224.9,5.5,10.2,420.0,0.103,PM2.5-1HR
38,110010041,2024-12-17,6.33,11.27,84.79,0,2.74,252.78,1021.94,2296.59,2.78,6.392,420.0,0.103,PM2.5-1HR
38,110010043,2024-12-17,6.19,11.15,84.23,0,2.71,254.26,1021.93,3992.29,3.24,7.036,420.0,0.356,PM2.5-1HR
38,110010051,2024-12-17,8.31,11.28,84.83,0,2.74,252.61,1021.94,3666.66,2.14,5.496,420.0,0.011,PM2.5-1HR
38,110010053,2024-12-17,5.37,11.29,84.62,0,2.71,254.53,1021.95,4615.78,2.78,6.392,420.0,0.081,PM2.5-1HR
38,110010055,2024-12-17,5.59,11.46,85.1,0.01,2.71,253,1021.98,1360.05,2.85,6.49,420.0,0.611,PM2.5-1HR
38,240313001,2024-12-17,4.13,10.55,81.97,0,2.75,254.73,1021.84,164.8,1,3.9,420.0,0.508,PM2.5-1HR
38,240330030,2024-12-17,5.77,10.89,83.96,0,2.82,251.26,1021.86,177.44,1,3.9,420.0,0.38,PM2.5-1HR
38,510590030,2024-12-17,6.6,11.45,85.54,0.01,2.74,257.2,1022,1258.55,2.57,6.098,420.0,0.244,PM2.5-1HR
38,510590031,2024-12-17,7.99,11.35,85.65,0.01,2.75,256.49,1022,1483.19,3.6,7.54,420.0,0.017,PM2.5-1HR
38,511071005,2024-12-17,5.64,10.42,80.38,0,2.61,251.43,1021.87,2224.9,3.1,6.84,420.0,0.103,PM2.5-1HR
38,110010041,2024-12-18,6.48,7.01,77.02,0.31,2.5,95.13,1020.87,2296.59,0.94,3.816,420.0,0.103,PM2.5-1HR
38,110010043,2024-12-18,4.67,6.84,76.67,0.31,2.5,92.68,1020.88,3992.29,0.9,3.76,420.0,0.356,PM2.5-1HR
38,110010051,2024-12-18,8.56,7.02,77.07,0.31,2.5,95.43,1020.87,3666.66,0.94,3.816,420.0,0.011,PM2.5-1HR
38,110010053,2024-12-18,5.23,6.99,76.67,0.32,2.48,93.85,1020.87,4615.78,0.94,3.816,420.0,0.081,PM2.5-1HR
38,110010055,2024-12-18,6.21,7.18,76.66,0.34,2.45,94.89,1020.87,1360.05,1.38,4.432,420.0,0.611,PM2.5-1HR
38,240313001,2024-12-18,3.63,6.2,77.5,0.24,2.52,103.34,1020.91,164.8,0,2.5,420.0,0.508,PM2.5-1HR
38,240330030,2024-12-18,4.82,6.65,77.9,0.26,2.56,87.04,1020.88,177.44,0,2.5,420.0,0.38,PM2.5-1HR
38,510590030,2024-12-18,4.09,7.1,77.14,0.33,2.4,97.27,1020.88,1258.55,2.07,5.398,420.0,0.244,PM2.5-1HR
38,510590031,2024-12-18,5.34,6.93,77.54,0.32,2.38,99.88,1020.9,1483.19,2.55,6.07,420.0,0.017,PM2.5-1HR
38,511071005,2024-12-18,3.73,5.69,78.25,0.22,2.32,192.83,1020.96,2224.9,2,5.3,420.0,0.103,PM2.5-1HR
38,110010041,2024-12-19,4.99,5.02,68.64,0.06,2.59,356.46,1024.41,2296.59,0.5,3.2,420.0,0.103,PM2.5-1HR
38,110010043,2024-12-19,3.93,4.88,68.58,0.06,2.57,355.17,1024.43,3992.29,0.55,3.27,420.0,0.356,PM2.5-1HR
38,110010051,2024-12-19,5.51,5.03,68.65,0.06,2.6,356.52,1024.4,3666.66,0.5,3.2,420.0,0.011,PM2.5-1HR
38,110010053,2024-12-19,3.54,4.97,68.6,0.06,2.57,356.56,1024.43,4615.78,0.5,3.2,420.0,0.081,PM2.5-1HR
38,110010055,2024-12-19,4.03,5.08,68.63,0.07,2.57,358.25,1024.41,1360.05,0.64,3.396,420.0,0.611,PM2.5-1HR
38,240313001,2024-12-19,3.71,4.53,68.55,0.03,2.68,349.63,1024.53,164.8,0,2.5,420.0,0.508,PM2.5-1HR
38,240330030,2024-12-19,3.63,4.9,68.54,0.06,2.69,352.85,1024.4,177.44,1,3.9,420.0,0.38,PM2.5-1HR
38,510590030,2024-12-19,4.89,5.07,68.98,0.06,2.63,358.66,1024.45,1258.55,1.17,4.138,420.0,0.244,PM2.5-1HR
38,510590031,2024-12-19,5.29,5.01,69.25,0.05,2.68,357.96,1024.49,1483.19,1.6,4.74,420.0,0.017,PM2.5-1HR
38,511071005,2024-12-19,5.69,4.34,68.65,0.02,2.68,349.57,1024.72,2224.9,1.6,4.74,420.0,0.103,PM2.5-1HR
38,110010041,2024-12-20,8.92,2.39,82.85,0.06,2.18,2.76,1016.89,2296.59,3.75,7.75,420.0,0.103,PM2.5-1HR
38,110010043,2024-12-20,8.91,2.24,82.71,0.05,2.11,3.48,1016.94,3992.29,4.34,8.576,420.0,0.356,PM2.5-1HR
38,110010051,2024-12-20,10.09,2.4,82.86,0.06,2.19,2.76,1016.89,3666.66,2.6,6.14,420.0,0.011,PM2.5-1HR
38,110010053,2024-12-20,7.25,2.37,82.79,0.05,2.1,2.56,1016.91,4615.78,3.75,7.75,420.0,0.081,PM2.5-1HR
38,110010055,2024-12-20,8.18,2.52,82.9,0.04,2.09,1.4,1016.87,1360.05,3.92,7.988,420.0,0.611,PM2.5-1HR
38,240313001,2024-12-20,8.03,1.79,82.35,0.06,2.12,9.42,1017.09,164.8,2,5.3,420.0,0.508,PM2.5-1HR
38,240330030,2024-12-20,7.22,2.15,82.55,0.08,2.36,6.15,1016.95,177.44,3,6.7,420.0,0.38,PM2.5-1HR
38,510590030,2024-12-20,9.26,2.58,83.01,0.04,2.06,2.85,1016.88,1258.55,3.07,6.798,420.0,0.244,PM2.5-1HR
38,510590031,2024-12-20,9.53,2.54,83.04,0.03,2.05,4.77,1016.9,1483.19,4.2,8.38,420.0,0.017,PM2.5-1HR
38,511071005,2024-12-20,10.28,1.77,82.82,0.04,1.81,23.19,1017.12,2224.9,4.7,9.08,420.0,0.103,PM2.5-1HR
38,110010041,2024-12-21,4.12,0.62,59.03,0,4.41,316.1,1021.47,2296.59,0.02,2.528,420.0,0.103,PM2.5-1HR
38,110010043,2024-12-21,4.2,0.53,58.7,0,4.36,315.87,1021.54,3992.29,0.03,2.542,420.0,0.356,PM2.5-1HR
38,110010051,2024-12-21,4.82,0.62,59.05,0,4.42,316.12,1021.46,3666.66,0.02,2.528,420.0,0.011,PM2.5-1HR
38,110010053,2024-12-21,4.54,0.64,58.8,0,4.35,316.23,1021.54,4615.78,0.02,2.528,420.0,0.081,PM2.5-1HR
38,110010055,2024-12-21,2.93,0.76,58.93,0,4.33,316.63,1021.54,1360.05,0.2,2.78,420.0,0.611,PM2.5-1HR
38,240313001,2024-12-21,4.1,0.2,58,0,4.51,315.93,1021.65,164.8,1,3.9,420.0,0.508,PM2.5-1HR
38,240330030,2024-12-21,4.71,0.36,59,0,4.6,315.77,1021.36,177.44,1,3.9,420.0,0.38,PM2.5-1HR
38,510590030,2024-12-21,4.23,0.91,58.55,0,4.4,317.81,1021.64,1258.55,0.6,3.34,420.0,0.244,PM2.5-1HR
38,510590031,2024-12-21,4.09,0.97,58.2,0,4.46,318.5,1021.72,1483.19,0.9,3.76,420.0,0.017,PM2.5-1HR
38,511071005,2024-12-21,3.12,0.48,56.35,0,4.5,317.84,1022.09,2224.9,1.2,4.18,420.0,0.103,PM2.5-1HR
38,110010041,2024-12-22,3.38,-3.23,51.54,0,2.47,348.81,1032.19,2296.59,0.26,2.864,420.0,0.103,PM2.5-1HR
38,110010043,2024-12-22,3.12,-3.39,51.54,0,2.42,348.11,1032.2,3992.29,0.28,2.892,420.0,0.356,PM2.5-1HR
38,110010051,2024-12-22,3.85,-3.22,51.52,0,2.48,348.87,1032.19,3666.66,0.26,2.864,420.0,0.011,PM2.5-1HR
38,110010053,2024-12-22,3.27,-3.24,51.85,0,2.41,348.48,1032.19,4615.78,0.26,2.864,420.0,0.081,PM2.5-1HR
38,110010055,2024-12-22,3.19,-3.06,52.24,0,2.4,348.93,1032.18,1360.05,0.72,3.508,420.0,0.611,PM2.5-1HR
38,240313001,2024-12-22,4.93,-3.61,48.42,0,2.62,347.61,1032.27,164.8,1,3.9,420.0,0.508,PM2.5-1HR
38,240330030,2024-12-22,3.14,-3.45,49.43,0,2.67,348.96,1032.21,177.44,0,2.5,420.0,0.38,PM2.5-1HR
38,510590031,2024-12-22,4.58,-2.8,52.79,0,2.46,350.07,1032.21,1483.19,2.35,5.79,420.0,0.017,PM2.5-1HR
38,510590030,2024-12-22,4.38,-2.86,52.65,0,2.42,349.69,1032.19,1258.55,1.63,4.782,420.0,0.244,PM2.5-1HR
38,511071005,2024-12-22,4.6,-3.4,51.18,0,2.54,347.89,1032.34,2224.9,2.5,6.0,420.0,0.103,PM2.5-1HR
38,110010041,2024-12-23,6.62,-3.75,61.93,0,2.26,123.46,1035.53,2296.59,2.48,5.972,420.0,0.103,PM2.5-1HR
38,110010043,2024-12-23,6.7,-3.93,62.47,0,2.26,124.63,1035.5,3992.29,2.94,6.616,420.0,0.356,PM2.5-1HR
38,110010051,2024-12-23,6.53,-3.74,61.87,0,2.26,123.37,1035.53,3666.66,1.82,5.048,420.0,0.011,PM2.5-1HR
38,110010053,2024-12-23,3.94,-3.74,62.59,0,2.26,124.63,1035.49,4615.78,2.48,5.972,420.0,0.081,PM2.5-1HR
38,110010055,2024-12-23,4.25,-3.5,62.73,0,2.26,124.59,1035.49,1360.05,3.03,6.742,420.0,0.611,PM2.5-1HR
38,240313001,2024-12-23,8.64,-4.33,60.05,0,2.32,128.92,1035.44,164.8,5,9.5,420.0,0.508,PM2.5-1HR
38,240330030,2024-12-23,6.05,-4.15,59.87,0,2.27,122.72,1035.6,177.44,2,5.3,420.0,0.38,PM2.5-1HR
38,510590030,2024-12-23,6.54,-3.3,63.38,0,2.28,127.03,1035.43,1258.55,3.4,7.26,420.0,0.244,PM2.5-1HR
38,510590031,2024-12-23,6.6,-3.26,63.86,0,2.31,128.98,1035.38,1483.19,5,9.5,420.0,0.017,PM2.5-1HR
38,511071005,2024-12-23,7.73,-3.95,62.19,0,2.5,138.8,1035.11,2224.9,5,9.5,420.0,0.103,PM2.5-1HR
38,110010041,2024-12-24,10.71,0.23,72.86,0.01,2.05,237.7,1026.88,2296.59,1.62,4.768,420.0,0.103,PM2.5-1HR
38,110010043,2024-12-24,14.64,0.14,72.97,0.01,2.01,235.27,1026.87,3992.29,2.03,5.342,420.0,0.356,PM2.5-1HR
38,110010051,2024-12-24,12.59,0.24,72.82,0.01,2.05,237.91,1026.87,3666.66,1.62,4.768,420.0,0.011,PM2.5-1HR
38,110010053,2024-12-24,8.96,0.17,73.18,0.01,2.02,235.94,1026.88,4615.78,1.62,4.768,420.0,0.081,PM2.5-1HR
38,110010055,2024-12-24,9.14,0.21,73.44,0.01,2.02,236.82,1026.91,1360.05,1.68,4.852,420.0,0.611,PM2.5-1HR
38,240313001,2024-12-24,10.7,0.45,70.25,0.01,2,235.45,1026.76,164.8,5,9.5,420.0,0.508,PM2.5-1HR
38,240330030,2024-12-24,12.01,0.37,71.01,0.01,2.12,240.44,1026.81,177.44,2,5.3,420.0,0.38,PM2.5-1HR
38,510590030,2024-12-24,10.59,0.35,72.87,0.02,2.02,235.84,1026.9,1258.55,2.97,6.658,420.0,0.244,PM2.5-1HR
38,510590031,2024-12-24,12.18,0.43,72.27,0.02,2.02,234.47,1026.89,1483.19,4.45,8.73,420.0,0.017,PM2.5-1HR
38,511071005,2024-12-24,9.79,0.83,69.42,0.01,1.93,223.98,1026.69,2224.9,5.3,9.92,420.0,0.103,PM2.5-1HR
38,110010041,2024-12-25,15.97,3.27,76.36,0,1.23,39.58,1028.4,2296.59,8.44,14.316,420.0,0.103,PM2.5-1HR
38,110010043,2024-12-25,19.14,3.22,76.93,0,1.24,33.5,1028.4,3992.29,8.5,14.4,420.0,0.356,PM2.5-1HR
38,110010051,2024-12-25,18.43,3.28,76.31,0,1.23,40.04,1028.41,3666.66,8.44,14.316,420.0,0.011,PM2.5-1HR
38,110010053,2024-12-25,15.66,3.31,76.63,0,1.23,36.34,1028.39,4615.78,8.44,14.316,420.0,0.081,PM2.5-1HR
38,110010055,2024-12-25,15.29,3.4,76.25,0,1.22,40,1028.38,1360.05,9.22,15.408,420.0,0.611,PM2.5-1HR
38,240313001,2024-12-25,16.87,3.18,77.77,0,1.32,19.24,1028.42,164.8,4,8.1,420.0,0.508,PM2.5-1HR
38,240330030,2024-12-25,15.81,3.08,76.59,0,1.24,38.59,1028.45,177.44,4,8.1,420.0,0.38,PM2.5-1HR
38,510590030,2024-12-25,18.3,3.59,76.41,0,1.23,35.74,1028.37,1258.55,10.57,17.298,420.0,0.244,PM2.5-1HR
38,510590031,2024-12-25,17.66,3.69,76.75,0,1.24,30.14,1028.37,1483.19,11.75,18.95,420.0,0.017,PM2.5-1HR
38,511071005,2024-12-25,16.97,3.6,77.8,0,1.35,4.99,1028.4,2224.9,11.1,18.04,420.0,0.103,PM2.5-1HR
38,110010041,2024-12-26,16,1.57,75.21,0,1.6,88.56,1030.87,2296.59,11.03,17.942,420.0,0.103,PM2.5-1HR
38,110010043,2024-12-26,17.66,1.46,75.61,0,1.59,90.35,1030.87,3992.29,11.7,18.88,420.0,0.356,PM2.5-1HR
38,110010051,2024-12-26,17.41,1.57,75.18,0,1.6,88.39,1030.88,3666.66,9.9,16.36,420.0,0.011,PM2.5-1HR
38,110010053,2024-12-26,15.08,1.59,75.51,0,1.6,90.39,1030.85,4615.78,11.03,17.942,420.0,0.081,PM2.5-1HR
38,110010055,2024-12-26,12.71,1.75,75.38,0,1.61,90.43,1030.82,1360.05,11.23,18.222,420.0,0.611,PM2.5-1HR
38,240313001,2024-12-26,14.66,1.19,76.49,0,1.58,95.42,1030.92,164.8,9,15.1,420.0,0.508,PM2.5-1HR
38,240330030,2024-12-26,14.44,1.27,74.93,0,1.6,87.54,1030.97,177.44,9,15.1,420.0,0.38,PM2.5-1HR
38,510130020,2024-12-26,16.95,1.65,75.83,0,1.61,91.38,1030.83,8320.52,10.88,17.732,420.0,0.276,PM2.5-1HR
38,510590030,2024-12-26,16.24,1.88,75.99,0,1.63,92.09,1030.78,1258.55,10.33,16.962,420.0,0.244,PM2.5-1HR
38,510590031,2024-12-26,17.18,1.9,76.57,0,1.64,93.35,1030.75,1483.19,11.65,18.81,420.0,0.017,PM2.5-1HR
38,511071005,2024-12-26,19.88,1.49,78.48,0,1.61,105.23,1030.75,2224.9,16.9,26.16,420.0,0.103,PM2.5-1HR
38,110010041,2024-12-27,14.42,3.37,74.16,0.09,1.5,101.49,1029.68,2296.59,7.28,12.692,420.0,0.103,PM2.5-1HR
38,110010043,2024-12-27,15.91,3.28,74,0.1,1.54,104.88,1029.68,3992.29,7.33,12.762,420.0,0.356,PM2.5-1HR
38,110010051,2024-12-27,16.71,3.37,74.18,0.09,1.5,101.22,1029.68,3666.66,7.28,12.692,420.0,0.011,PM2.5-1HR
38,110010053,2024-12-27,13.92,3.4,74.18,0.1,1.52,104.2,1029.66,4615.78,7.28,12.692,420.0,0.081,PM2.5-1HR
38,110010055,2024-12-27,13.92,3.54,74.39,0.1,1.49,103.24,1029.65,1360.05,7.28,12.692,420.0,0.611,PM2.5-1HR
38,240313001,2024-12-27,13.87,2.84,74.24,0.11,1.67,114.09,1029.68,164.8,10,16.5,420.0,0.508,PM2.5-1HR
38,240330030,2024-12-27,10.61,3.02,74.03,0.08,1.54,99.92,1029.74,177.44,4,8.1,420.0,0.38,PM2.5-1HR
38,510590030,2024-12-27,15.67,3.6,74.8,0.13,1.46,107.81,1029.63,1258.55,9.03,15.142,420.0,0.244,PM2.5-1HR
38,510590031,2024-12-27,16.03,3.57,75.01,0.14,1.47,112.01,1029.61,1483.19,10,16.5,420.0,0.017,PM2.5-1HR
38,511071005,2024-12-27,17.43,3.09,73.77,0.16,1.93,135.29,1029.5,2224.9,9.2,15.38,420.0,0.103,PM2.5-1HR
38,110010041,2024-12-28,7.56,8.37,92.43,0.77,2.37,191.9,1024.12,2296.59,1.78,4.992,420.0,0.103,PM2.5-1HR
38,110010043,2024-12-28,8.41,8.32,92.1,0.8,2.39,191.38,1024.09,3992.29,2.15,5.51,420.0,0.356,PM2.5-1HR
38,110010051,2024-12-28,9.22,8.37,92.47,0.76,2.37,191.93,1024.12,3666.66,1.78,4.992,420.0,0.011,PM2.5-1HR
38,110010053,2024-12-28,6.54,8.37,92.26,0.77,2.36,191.75,1024.1,4615.78,1.78,4.992,420.0,0.081,PM2.5-1HR
38,110010055,2024-12-28,5.91,8.43,92.45,0.72,2.32,192.25,1024.13,1360.05,2.24,5.636,420.0,0.611,PM2.5-1HR
38,240313001,2024-12-28,7.46,7.81,92.86,0.85,2.65,186.48,1023.96,164.8,1,3.9,420.0,0.508,PM2.5-1HR
38,240330030,2024-12-28,5.67,8.09,92.94,0.82,2.48,190.44,1024.1,177.44,1,3.9,420.0,0.38,PM2.5-1HR
38,510590030,2024-12-28,8.12,8.32,92.91,0.65,2.41,191.95,1024.09,1258.55,4.53,8.842,420.0,0.244,PM2.5-1HR
38,510590031,2024-12-28,11.38,8.19,93.17,0.62,2.49,191.5,1024.05,1483.19,6.65,11.81,420.0,0.017,PM2.5-1HR
38,511071005,2024-12-28,7.18,7.67,93.01,0.6,2.9,183.01,1023.73,2224.9,4,8.1,420.0,0.103,PM2.5-1HR
38,110010041,2024-12-29,5,15.03,82.88,0.22,4.86,168.54,1013.69,2296.59,1.12,4.068,420.0,0.103,PM2.5-1HR
38,110010043,2024-12-29,5.12,15.17,82.37,0.21,4.85,168.33,1013.57,3992.29,1.24,4.236,420.0,0.356,PM2.5-1HR
38,110010051,2024-12-29,5.25,15.01,82.94,0.22,4.87,168.56,1013.7,3666.66,0.56,3.284,420.0,0.011,PM2.5-1HR
38,110010053,2024-12-29,4.2,15.18,82.47,0.22,4.83,168.45,1013.61,4615.78,1.12,4.068,420.0,0.081,PM2.5-1HR
38,110010055,2024-12-29,4.47,15.19,82.58,0.22,4.8,168.59,1013.66,1360.05,1.37,4.418,420.0,0.611,PM2.5-1HR
38,240313001,2024-12-29,3,14.8,84.03,0.24,5.08,166.78,1013.26,164.8,0,2.5,420.0,0.508,PM2.5-1HR
38,240330030,2024-12-29,2.32,14.55,84.29,0.23,5.01,167.95,1013.72,177.44,0,2.5,420.0,0.38,PM2.5-1HR
38,510590030,2024-12-29,4.41,15.11,83.43,0.22,4.91,168.89,1013.53,1258.55,1.73,4.922,420.0,0.244,PM2.5-1HR
38,510590031,2024-12-29,5.99,15.04,84.06,0.22,5.02,169.06,1013.4,1483.19,2.35,5.79,420.0,0.017,PM2.5-1HR
38,511071005,2024-12-29,4.29,14.79,85,0.21,5.42,167.68,1012.58,2224.9,1.5,4.6,420.0,0.103,PM2.5-1HR
38,110010041,2024-12-30,3.71,11.67,64.76,0.03,3.21,248.19,1007.51,2296.59,0.18,2.752,420.0,0.103,PM2.5-1HR
38,110010043,2024-12-30,2.67,12.17,60.42,0.02,3.58,254.92,1007.24,3992.29,0.13,2.682,420.0,0.356,PM2.5-1HR
38,110010051,2024-12-30,4.87,12.21,61.14,0.03,3.63,253.59,1007.26,3666.66,0.18,2.752,420.0,0.011,PM2.5-1HR
38,110010053,2024-12-30,2.8,11.61,64.68,0.03,3.21,240.59,1007.54,4615.78,0.18,2.752,420.0,0.081,PM2.5-1HR
38,110010055,2024-12-30,2.16,11.62,65.17,0.03,3.21,239.54,1007.6,1360.05,0.44,3.116,420.0,0.611,PM2.5-1HR
38,240313001,2024-12-30,2.08,11.96,58.7,0.02,3.77,256.99,1007.08,164.8,0,2.5,420.0,0.508,PM2.5-1HR
38,240330030,2024-12-30,3.22,12.23,59.87,0.04,3.81,255.74,1007.08,177.44,0,2.5,420.0,0.38,PM2.5-1HR
38,510590030,2024-12-30,2.31,11.4,66.42,0.03,3.21,239.83,1007.66,1258.55,1.03,3.942,420.0,0.244,PM2.5-1HR
38,510590031,2024-12-30,2.38,11.35,65.73,0.02,3.26,243.78,1007.65,1483.19,1.35,4.39,420.0,0.017,PM2.5-1HR
38,511071005,2024-12-30,2.24,10.55,64.01,0.01,3.1,254.96,1007.47,2224.9,1.1,4.04,420.0,0.103,PM2.5-1HR
38,110010041,2024-12-31,8.21,8.4,72.71,0.02,2.87,159.8,1007.37,2296.59,1.6,4.74,420.0,0.103,PM2.5-1HR
38,110010043,2024-12-31,6.98,8.32,70.9,0.18,2.73,158.7,1007.35,3992.29,1.95,5.23,420.0,0.356,PM2.5-1HR
38,110010051,2024-12-31,9.19,8.36,71.29,0.18,2.73,164.23,1007.4,3666.66,1.6,4.74,420.0,0.011,PM2.5-1HR
38,110010053,2024-12-31,6.02,8.51,73.13,0.01,2.86,169.31,1007.35,4615.78,1.6,4.74,420.0,0.081,PM2.5-1HR
38,110010055,2024-12-31,4.11,8.51,73.13,0.01,2.86,169.31,1007.35,1360.05,1.64,4.796,420.0,0.611,PM2.5-1HR
38,240313001,2024-12-31,3.39,7.96,71.01,0.23,2.8,138.3,1007.29,164.8,0,2.5,420.0,0.508,PM2.5-1HR
38,240330030,2024-12-31,4.11,8.14,70.67,0.2,2.8,157.59,1007.47,177.44,0,2.5,420.0,0.38,PM2.5-1HR
38,510590030,2024-12-31,3.9,8.24,74.83,0.18,2.58,176.66,1007.3,1258.55,2.27,5.678,420.0,0.244,PM2.5-1HR
38,510590031,2024-12-31,5.56,8,74.33,0.17,3.07,176.59,1007.25,1483.19,3.3,7.12,420.0,0.017,PM2.5-1HR
38,511071005,2024-12-31,4.18,7.48,72.08,0.11,3.27,176.34,1006.98,2224.9,3,6.7,420.0,0.103,PM2.5-1HR
38,110010043,2025-01-01,3.83,7.35,61.24,0,5.19,277.16,1008.27,3927.42,0.7,3.48,420.0,0.356,PM2.5-1HR
38,110010051,2025-01-01,4.44,7.46,61.42,0,5.24,276.47,1008.23,3599.37,0.24,2.836,420.0,0.011,PM2.5-1HR
38,110010053,2025-01-01,3.71,6.37,66.46,0.12,5.45,275.6,1009.12,4638.72,0.73,3.522,420.0,0.081,PM2.5-1HR
38,110010055,2025-01-01,3.39,6.37,66.46,0.12,5.45,275.6,1009.12,1327.41,0.78,3.592,420.0,0.611,PM2.5-1HR
38,240330030,2025-01-01,5.66,7.27,62.07,0,5.51,276.83,1007.9,181.52,0,2.5,420.0,0.38,PM2.5-1HR
38,510590031,2025-01-01,3.25,6.01,66.83,0.13,5.54,279.57,1009.41,1490.49,0.3,2.92,420.0,0.017,PM2.5-1HR
38,511071005,2025-01-01,2.01,5.52,63.17,0,6.08,278.67,1009.55,2238.14,0.2,2.78,420.0,0.103,PM2.5-1HR
38,110010041,2025-01-01,4.43,6.33,65.54,0.16,5.6,274.43,1008.97,2253.41,0.73,3.522,420.0,0.103,PM2.5-1HR
38,240313001,2025-01-01,4.32,6.85,62.14,0,5.33,278.25,1008.13,166.09,0,2.5,420.0,0.508,PM2.5-1HR
38,510130020,2025-01-01,3.3,6.25,66.04,0.14,5.39,278.13,1009.2,8550.11,0.82,3.648,420.0,0.276,PM2.5-1HR
38,510590030,2025-01-01,2.51,6.36,66.67,0.08,5.18,278.59,1009.34,1261.9,0.5,3.2,420.0,0.244,PM2.5-1HR
38,110010041,2025-01-02,3.32,2.12,56.38,0,4.68,286.21,1019.84,2253.41,0.08,2.612,420.0,0.103,PM2.5-1HR
38,110010043,2025-01-02,2.71,2.74,46.38,0,4.49,282.42,1020.1,3927.42,0.08,2.612,420.0,0.356,PM2.5-1HR
38,110010051,2025-01-02,3.88,2.86,46.49,0,4.55,282.39,1020.06,3599.37,0.08,2.612,420.0,0.011,PM2.5-1HR
38,110010053,2025-01-02,2.3,2.2,56.33,0,4.44,287.47,1019.97,4638.72,0.08,2.612,420.0,0.081,PM2.5-1HR
38,110010055,2025-01-02,2.83,2.2,56.33,0,4.44,287.47,1019.97,1327.41,0.42,3.088,420.0,0.611,PM2.5-1HR
38,240313001,2025-01-02,3.12,2.35,46.89,0,4.67,283.04,1019.98,166.09,0,2.5,420.0,0.508,PM2.5-1HR
38,240330030,2025-01-02,2.91,2.68,46.54,0,4.9,282.33,1019.81,181.52,0,2.5,420.0,0.38,PM2.5-1HR
38,510590030,2025-01-02,3.27,2.21,55.71,0,4.25,289.72,1020.11,1261.9,1.17,4.138,420.0,0.244,PM2.5-1HR
38,510590031,2025-01-02,3.22,1.96,55.38,0,4.72,292.31,1020.15,1490.49,1.7,4.88,420.0,0.017,PM2.5-1HR
38,511071005,2025-01-02,3.14,1.63,54.17,0,5.13,287.51,1020.3,2238.14,1.7,4.88,420.0,0.103,PM2.5-1HR
38,110010041,2025-01-03,4.74,0.62,65.71,0.05,3.49,259.57,1016.46,2253.41,0.42,3.088,420.0,0.103,PM2.5-1HR
38,110010043,2025-01-03,4.9,0.64,64.41,0.04,3.81,262.57,1016.13,3927.42,0.53,3.242,420.0,0.356,PM2.5-1HR
38,110010051,2025-01-03,4.72,0.83,64.25,0.04,3.86,262.42,1016.11,3599.37,0.42,3.088,420.0,0.011,PM2.5-1HR
38,110010053,2025-01-03,2.4,0.67,65.38,0.03,3.47,257.4,1016.54,4638.72,0.42,3.088,420.0,0.081,PM2.5-1HR
38,110010055,2025-01-03,2.87,0.67,65.38,0.03,3.47,257.4,1016.54,1327.41,0.54,3.256,420.0,0.611,PM2.5-1HR
38,240313001,2025-01-03,4.18,0.37,63.3,0.04,3.79,266.46,1016.01,166.09,1,3.9,420.0,0.508,PM2.5-1HR
38,240330030,2025-01-03,4.61,0.71,63.1,0.03,3.93,264.28,1015.91,181.52,0,2.5,420.0,0.38,PM2.5-1HR
38,510590030,2025-01-03,4.29,0.6,65.75,0.05,3.55,254.84,1016.66,1261.9,1.1,4.04,420.0,0.244,PM2.5-1HR
38,510590031,2025-01-03,4.4,0.39,65.08,0.04,3.94,258.54,1016.71,1490.49,1.65,4.81,420.0,0.017,PM2.5-1HR
38,511071005,2025-01-03,4.51,0.1,62.92,0.08,4.11,267.36,1016.66,2238.14,1.9,5.16,420.0,0.103,PM2.5-1HR
38,110010041,2025-01-04,3.67,-2.53,53.58,0,5.48,291.97,1019.05,2253.41,0.82,3.648,420.0,0.103,PM2.5-1HR
38,110010043,2025-01-04,3.76,-1.86,45.43,0,5.75,292.12,1019.02,3927.42,0.98,3.872,420.0,0.356,PM2.5-1HR
38,110010051,2025-01-04,2.97,-1.76,45.57,0,5.79,292.07,1018.97,3599.37,0.28,2.892,420.0,0.011,PM2.5-1HR
38,110010053,2025-01-04,2.12,-2.5,53.96,0,5.3,291.41,1019.19,4638.72,0.82,3.648,420.0,0.081,PM2.5-1HR
38,110010055,2025-01-04,2.14,-2.5,53.96,0,5.3,291.41,1019.19,1327.41,1.12,4.068,420.0,0.611,PM2.5-1HR
38,240313001,2025-01-04,3.44,-2.22,45.77,0,5.93,292.12,1018.88,166.09,1,3.9,420.0,0.508,PM2.5-1HR
38,240330030,2025-01-04,2.65,-1.92,45.97,0,6.11,291.28,1018.63,181.52,0,2.5,420.0,0.38,PM2.5-1HR
38,510590030,2025-01-04,4.19,-2.61,52.17,0,5.28,292.88,1019.45,1261.9,1.8,5.02,420.0,0.244,PM2.5-1HR
38,510590031,2025-01-04,4.24,-2.98,52.04,0,5.86,295.43,1019.59,1490.49,2.7,6.28,420.0,0.017,PM2.5-1HR
38,511071005,2025-01-04,4.39,-3.13,50.33,0,6.14,291.64,1019.75,2238.14,2.6,6.14,420.0,0.103,PM2.5-1HR
38,110010041,2025-01-05,5.36,-2.55,48.83,0.18,3.31,280.81,1021.9,2253.41,2.39,5.846,420.0,0.103,PM2.5-1HR
38,110010043,2025-01-05,6.2,-2.28,44.38,0.02,3.02,294.54,1022.07,3927.42,2.73,6.322,420.0,0.356,PM2.5-1HR
38,110010051,2025-01-05,5.59,-2.13,44.35,0.02,3.08,293.72,1022.04,3599.37,2.39,5.846,420.0,0.011,PM2.5-1HR
38,110010053,2025-01-05,4.12,-2.43,49.13,0.2,3.1,285.06,1021.95,4638.72,2.39,5.846,420.0,0.081,PM2.5-1HR
38,110010055,2025-01-05,3.86,-2.43,49.13,0.2,3.1,285.06,1021.95,1327.41,2.81,6.434,420.0,0.611,PM2.5-1HR
38,240313001,2025-01-05,5.81,-2.76,43.59,0.02,3.22,295.66,1022.04,166.09,3.5,7.4,420.0,0.508,PM2.5-1HR
38,240330030,2025-01-05,5.72,-2.44,43.6,0.01,3.48,292.9,1021.92,181.52,2.5,6.0,420.0,0.38,PM2.5-1HR
38,510590030,2025-01-05,6.26,-2.34,48.42,0.22,2.9,292.99,1022.02,1261.9,3.55,7.47,420.0,0.244,PM2.5-1HR
38,510590031,2025-01-05,6.01,-2.67,48.71,0.24,3.29,307.78,1022.05,1490.49,4.73,9.122,420.0,0.017,PM2.5-1HR
38,511071005,2025-01-05,5.92,-3,49.54,0.25,3.4,299.46,1022.16,2238.14,4.85,9.29,420.0,0.103,PM2.5-1HR
38,840110010041,2025-01-05,6.74,-2.55,48.83,0.18,3.31,280.81,1021.9,2248,2.39,5.846,420.0,0.092,PM2.5-1HR
38,840110010043,2025-01-05,8.18,-2.73,49.42,0.2,3.3,286.58,1021.93,3927.42,2.73,6.322,420.0,0.356,PM2.5-1HR
38,840110010051,2025-01-05,7.52,-2.55,48.83,0.18,3.31,280.81,1021.9,3605.91,2.39,5.846,420.0,0.004,PM2.5-1HR
38,840240313001,2025-01-05,5.99,-4.1,57.5,0.2,3.65,285.88,1021.96,168.12,3.5,7.4,420.0,0.497,PM2.5-1HR
38,840240330030,2025-01-05,6.17,-3.15,50.67,0.18,3.88,283.47,1021.79,181.52,2.5,6.0,420.0,0.38,PM2.5-1HR
38,840510590030,2025-01-05,8.36,-2.34,48.42,0.22,2.9,292.99,1022.02,1261.9,3.55,7.47,420.0,0.244,PM2.5-1HR
38,840511071005,2025-01-05,6.85,-3,49.54,0.25,3.4,299.46,1022.16,2238.14,4.85,9.29,420.0,0.103,PM2.5-1HR
38,840511130003,2025-01-05,2.22,-8.45,49.17,0.47,2.22,273.32,1022.39,23.74,2.1,5.44,420.0,0.474,PM2.5-1HR
38,110010041,2025-01-06,8.19,-3.1,77.83,0.58,3.3,19.44,1012.92,2253.41,2.76,6.364,420.0,0.103,PM2.5-1HR
38,110010043,2025-01-06,8.83,-2.69,87.85,0.93,3.07,48.04,1011.24,3927.42,3.13,6.882,420.0,0.356,PM2.5-1HR
38,110010051,2025-01-06,7.54,-2.55,87.85,0.93,3.09,39.08,1011.19,3599.37,2.76,6.364,420.0,0.011,PM2.5-1HR
38,110010053,2025-01-06,5.86,-2.97,79.5,0.63,3.25,22.23,1012.89,4638.72,2.76,6.364,420.0,0.081,PM2.5-1HR
38,110010055,2025-01-06,5.59,-2.97,79.5,0.63,3.25,22.23,1012.89,1327.41,2.44,5.916,420.0,0.611,PM2.5-1HR
38,240313001,2025-01-06,8.37,-3.14,86.52,0.86,3.02,39.05,1011.44,166.09,4,8.1,420.0,0.508,PM2.5-1HR
38,240330030,2025-01-06,6.92,-2.84,86.75,0.89,3.12,33.02,1011.33,181.52,3,6.7,420.0,0.38,PM2.5-1HR
38,510590030,2025-01-06,8,-2.89,79.17,0.65,3.26,17.01,1012.85,1261.9,3.05,6.77,420.0,0.244,PM2.5-1HR
38,510590031,2025-01-06,10.85,-3.1,78.04,0.66,3.55,16.91,1012.87,1490.49,4,8.1,420.0,0.017,PM2.5-1HR
38,511071005,2025-01-06,8.52,-3.34,77.71,0.46,3.71,17.29,1013.3,2238.14,3.6,7.54,420.0,0.103,PM2.5-1HR
38,840110010041,2025-01-06,8.19,-3.1,77.83,0.58,3.3,19.44,1012.92,2248,2.76,6.364,420.0,0.092,PM2.5-1HR
38,840110010043,2025-01-06,8.83,-3.23,77.88,0.58,3.34,17.23,1012.93,3927.42,3.13,6.882,420.0,0.356,PM2.5-1HR
38,840110010051,2025-01-06,6.77,-3.1,77.83,0.58,3.3,19.44,1012.92,3605.91,2.76,6.364,420.0,0.004,PM2.5-1HR
38,840240313001,2025-01-06,8.37,-3.9,78.46,0.45,3.85,18.29,1013.17,168.12,4,8.1,420.0,0.497,PM2.5-1HR
38,840240330030,2025-01-06,6.92,-3.55,78.42,0.5,3.68,18.88,1013.03,181.52,3,6.7,420.0,0.38,PM2.5-1HR
38,840510590030,2025-01-06,8.04,-2.89,79.17,0.65,3.26,17.01,1012.85,1261.9,3.05,6.77,420.0,0.244,PM2.5-1HR
38,840511071005,2025-01-06,8.52,-3.34,77.71,0.46,3.71,17.29,1013.3,2238.14,3.6,7.54,420.0,0.103,PM2.5-1HR
38,840511130003,2025-01-06,2.88,-8.23,81.88,0.64,2.67,28.37,1012.9,23.74,0.3,2.92,420.0,0.474,PM2.5-1HR
38,110010041,2025-01-07,2.63,-3.78,75.25,0.11,5.3,311.33,1017.63,2253.41,0.3,2.92,420.0,0.103,PM2.5-1HR
38,110010043,2025-01-07,2.64,-2.61,64.31,0,5.63,306.61,1017.91,3927.42,0.34,2.976,420.0,0.356,PM2.5-1HR
38,110010051,2025-01-07,1.66,-2.51,64.19,0,5.67,306.45,1017.82,3599.37,0.03,2.542,420.0,0.011,PM2.5-1HR
38,110010053,2025-01-07,1.43,-3.71,75.46,0.11,5.24,312.72,1017.78,4638.72,0.3,2.92,420.0,0.081,PM2.5-1HR
38,110010055,2025-01-07,1.78,-3.71,75.46,0.11,5.24,312.72,1017.78,1327.41,0.83,3.662,420.0,0.611,PM2.5-1HR
38,240313001,2025-01-07,3.91,-2.86,63.3,0,5.87,307.3,1017.91,166.09,0,2.5,420.0,0.508,PM2.5-1HR
38,240330030,2025-01-07,3.11,-2.68,63.3,0,5.9,306.05,1017.52,181.52,0.5,3.2,420.0,0.38,PM2.5-1HR
38,510130020,2025-01-07,2.65,-3.7,75.71,0.13,5.39,313.85,1017.85,8550.11,0.36,3.004,420.0,0.276,PM2.5-1HR
38,510590030,2025-01-07,2.97,-3.52,74,0.12,5.24,314.05,1017.97,1261.9,1.8,5.02,420.0,0.244,PM2.5-1HR
38,510590031,2025-01-07,2.98,-3.8,75.21,0.13,5.75,312.95,1018.08,1490.49,2.4,5.86,420.0,0.017,PM2.5-1HR
38,511071005,2025-01-07,2.85,-3.68,76.5,0.07,5.85,313.16,1018.49,2238.14,2.3,5.72,420.0,0.103,PM2.5-1HR
38,840110010041,2025-01-07,2.79,-3.78,75.25,0.11,5.3,311.33,1017.63,2248,0.3,2.92,420.0,0.092,PM2.5-1HR
38,840110010043,2025-01-07,2.78,-3.84,76.21,0.13,5.57,313.17,1017.74,3927.42,0.34,2.976,420.0,0.356,PM2.5-1HR
38,840110010051,2025-01-07,2.75,-3.78,75.25,0.11,5.3,311.33,1017.63,3605.91,0.03,2.542,420.0,0.004,PM2.5-1HR
38,840240313001,2025-01-07,3.94,-4.22,76.04,0.08,6.3,311.49,1017.56,168.12,0,2.5,420.0,0.497,PM2.5-1HR
38,840240330030,2025-01-07,3.73,-4.04,74.46,0.11,5.5,312.23,1017.41,181.52,0.5,3.2,420.0,0.38,PM2.5-1HR
38,840510590030,2025-01-07,2.92,-3.52,74,0.12,5.24,314.05,1017.97,1261.9,1.8,5.02,420.0,0.244,PM2.5-1HR
38,840511071005,2025-01-07,2.7,-3.68,76.5,0.07,5.85,313.16,1018.49,2238.14,2.3,5.72,420.0,0.103,PM2.5-1HR
38,840511130003,2025-01-07,2.66,-11.39,78.71,0.08,5.54,314.94,1019.79,23.74,2,5.3,420.0,0.474,PM2.5-1HR
38,110010041,2025-01-08,3.75,-4.32,70.54,0,5.17,302.06,1019.91,2253.41,0.2,2.78,420.0,0.103,PM2.5-1HR
38,110010043,2025-01-08,3.68,-3.16,59.34,0,4.58,296.76,1019.72,3927.42,0.08,2.612,420.0,0.356,PM2.5-1HR
38,110010051,2025-01-08,2.58,-3.07,59.41,0,4.63,296.32,1019.67,3599.37,0.2,2.78,420.0,0.011,PM2.5-1HR
38,110010053,2025-01-08,2.16,-4.3,70.92,0,4.94,302.86,1020.06,4638.72,0.2,2.78,420.0,0.081,PM2.5-1HR
38,110010055,2025-01-08,2.66,-4.3,70.92,0,4.94,302.86,1020.06,1327.41,0.8,3.62,420.0,0.611,PM2.5-1HR
38,240313001,2025-01-08,4,-3.18,57.29,0,4.96,299.76,1019.62,166.09,0,2.5,420.0,0.508,PM2.5-1HR
38,240330030,2025-01-08,4.04,-3.1,58.04,0,4.94,297.2,1019.36,181.52,2,5.3,420.0,0.38,PM2.5-1HR
38,510590030,2025-01-08,4.8,-4.19,70.08,0,4.9,305.47,1020.21,1261.9,2.23,5.622,420.0,0.244,PM2.5-1HR
38,510590031,2025-01-08,4.9,-4.4,70.58,0,5.45,305.79,1020.33,1490.49,3,6.7,420.0,0.017,PM2.5-1HR
38,511071005,2025-01-08,5.05,-4.5,71.71,0,5.56,307.05,1020.63,2238.14,3.1,6.84,420.0,0.103,PM2.5-1HR
38,110010041,2025-01-09,2.74,-4.99,61.27,0,6.22,307.43,1018.33,2253.41,0.14,2.696,420.0,0.103,PM2.5-1HR
38,110010043,2025-01-09,2.74,-3.8,51.75,0,5.82,305.01,1017.88,3927.42,0.03,2.542,420.0,0.356,PM2.5-1HR
38,110010051,2025-01-09,1.99,-3.79,52.16,0,5.83,304.42,1017.79,3599.37,0.14,2.696,420.0,0.011,PM2.5-1HR
38,110010053,2025-01-09,1.57,-4.91,61.55,0,5.96,309.6,1018.49,4638.72,0.14,2.696,420.0,0.081,PM2.5-1HR
38,110010055,2025-01-09,2.68,-4.9,61.63,0,5.94,309.74,1018.5,1327.41,0.66,3.424,420.0,0.611,PM2.5-1HR
38,240313001,2025-01-09,3.83,-3.72,49.18,0,6.2,305.65,1017.9,166.09,1,3.9,420.0,0.508,PM2.5-1HR
38,240330030,2025-01-09,3.69,-3.87,51.62,0,6.16,303.32,1017.47,181.52,0,2.5,420.0,0.38,PM2.5-1HR
38,510590030,2025-01-09,3.58,-4.62,61.54,0,5.83,312.66,1018.66,1261.9,2,5.3,420.0,0.244,PM2.5-1HR
38,510590031,2025-01-09,3.61,-4.69,61.81,0,6.31,312.52,1018.79,1490.49,2.7,6.28,420.0,0.017,PM2.5-1HR
38,511071005,2025-01-09,3.75,-4.74,59.07,0,6.57,313.94,1019.38,2238.14,2.8,6.42,420.0,0.103,PM2.5-1HR
38,110010041,2025-01-10,7.13,-3.41,59.54,0.02,3.17,283.99,1017.28,2253.41,2.15,5.51,420.0,0.103,PM2.5-1HR
38,110010043,2025-01-10,7.14,-3.42,58.56,0.02,3.14,285.42,1017.31,3927.42,2.5,6.0,420.0,0.356,PM2.5-1HR
38,110010051,2025-01-10,7.12,-3.41,59.58,0.02,3.17,283.86,1017.27,3599.37,1.14,4.096,420.0,0.011,PM2.5-1HR
38,110010053,2025-01-10,6.95,-3.39,58.8,0.02,3.14,285.16,1017.33,4638.72,2.15,5.51,420.0,0.081,PM2.5-1HR
38,110010055,2025-01-10,5.54,-3.36,59.18,0.02,3.13,284.94,1017.35,1327.41,2.43,5.902,420.0,0.611,PM2.5-1HR
38,240313001,2025-01-10,8.73,-3.18,53.07,0.02,3.16,287.52,1017.33,166.09,4,8.1,420.0,0.508,PM2.5-1HR
38,240330030,2025-01-10,6.5,-3.4,59.16,0.01,3.29,284.36,1017.14,181.52,3,6.7,420.0,0.38,PM2.5-1HR
38,510590030,2025-01-10,6.86,-3.07,56.25,0.03,3.19,285.68,1017.43,1261.9,3.2,6.98,420.0,0.244,PM2.5-1HR
38,510590031,2025-01-10,6.76,-2.85,53.83,0.03,3.25,286.44,1017.48,1490.49,4.6,8.94,420.0,0.017,PM2.5-1HR
38,511071005,2025-01-10,8.28,-2.66,43.63,0.03,3.11,289.85,1017.69,2238.14,5.1,9.64,420.0,0.103,PM2.5-1HR
38,110010041,2025-01-11,7.98,-2.16,78.83,0.12,3.6,288.16,1006.69,2253.41,1.14,4.096,420.0,0.103,PM2.5-1HR
38,110010043,2025-01-11,7.92,-1.8,75.96,0.12,3.72,288.41,1006.08,3927.42,1.1,4.04,420.0,0.356,PM2.5-1HR
38,110010051,2025-01-11,8.75,-1.68,76.01,0.12,3.76,286.07,1006.03,3599.37,1.14,4.096,420.0,0.011,PM2.5-1HR
38,110010053,2025-01-11,6.95,-2.27,78.76,0.12,3.48,288.38,1006.75,4638.72,1.14,4.096,420.0,0.081,PM2.5-1HR
38,110010055,2025-01-11,6.65,-2.15,78.71,0.12,3.49,287.57,1006.76,1327.41,1.62,4.768,420.0,0.611,PM2.5-1HR
38,240313001,2025-01-11,10.01,-1.97,74.86,0.11,3.81,291.09,1006.09,166.09,5,9.5,420.0,0.508,PM2.5-1HR
38,240330030,2025-01-11,7.56,-1.8,75.79,0.12,3.85,284.34,1005.91,181.52,3,6.7,420.0,0.38,PM2.5-1HR
38,510590030,2025-01-11,8.22,-2.07,78.52,0.12,3.56,286.88,1006.83,1261.9,3.5,7.4,420.0,0.244,PM2.5-1HR
38,510590031,2025-01-11,10.98,-1.9,78.26,0.12,3.73,286.67,1006.88,1490.49,4.6,8.94,420.0,0.017,PM2.5-1HR
38,511071005,2025-01-11,9.64,-2.14,76.25,0.09,3.8,293.27,1007.04,2238.14,4.5,8.8,420.0,0.103,PM2.5-1HR
38,110010041,2025-01-12,9.83,-2.27,76.88,0,2.55,269.87,1017.53,2253.41,2.86,6.504,420.0,0.103,PM2.5-1HR
38,110010043,2025-01-12,10.49,-1.5,69.35,0,2.54,266.68,1018.09,3927.42,3.05,6.77,420.0,0.356,PM2.5-1HR
38,110010051,2025-01-12,13.02,-1.39,69.55,0,2.56,266.16,1018.09,3599.37,2.86,6.504,420.0,0.011,PM2.5-1HR
38,110010053,2025-01-12,9.73,-2.41,75.88,0,2.42,272.06,1017.58,4638.72,2.86,6.504,420.0,0.081,PM2.5-1HR
38,110010055,2025-01-12,8.56,-2.41,75.88,0,2.42,272.06,1017.58,1327.41,4.02,8.128,420.0,0.611,PM2.5-1HR
38,240313001,2025-01-12,10.9,-0.92,67.26,0,2.56,268.25,1017.95,166.09,3,6.7,420.0,0.508,PM2.5-1HR
38,240330030,2025-01-12,9.04,-1.01,68.51,0,2.67,267.75,1017.93,181.52,3,6.7,420.0,0.38,PM2.5-1HR
38,510590030,2025-01-12,11.43,-2.36,75.04,0,2.39,279.98,1017.67,1261.9,5.53,10.242,420.0,0.244,PM2.5-1HR
38,510590031,2025-01-12,11.88,-2.14,74.08,0,2.63,279.42,1017.72,1490.49,7.25,12.65,420.0,0.017,PM2.5-1HR
38,511071005,2025-01-12,9.52,-1.82,74.08,0,2.83,265.39,1017.62,2238.14,5.8,10.62,420.0,0.103,PM2.5-1HR
38,110010041,2025-01-13,8.22,-1.69,72.17,0,2,249.12,1018.27,2253.41,2.23,5.622,420.0,0.103,PM2.5-1HR
38,110010043,2025-01-13,8.52,0.78,63.52,0,2.72,250.47,1017.07,3927.42,2.58,6.112,420.0,0.356,PM2.5-1HR
38,110010051,2025-01-13,9.66,0.82,64.44,0,2.72,249.72,1017.07,3599.37,1.2,4.18,420.0,0.011,PM2.5-1HR
38,110010053,2025-01-13,6.41,-1.39,70.92,0,2.19,243.78,1018.31,4638.72,2.23,5.622,420.0,0.081,PM2.5-1HR
38,110010055,2025-01-13,5.85,-1.39,70.92,0,2.19,243.78,1018.31,1327.41,2.9,6.56,420.0,0.611,PM2.5-1HR
38,240313001,2025-01-13,13.19,0.96,60.74,0,2.88,251.06,1016.95,166.09,1,3.9,420.0,0.508,PM2.5-1HR
38,240330030,2025-01-13,9.62,0.88,63.48,0,2.9,251.02,1016.95,181.52,4,8.1,420.0,0.38,PM2.5-1HR
38,510130020,2025-01-13,7.45,-1.53,69.88,0,2.29,248.83,1018.29,8550.11,2.18,5.552,420.0,0.276,PM2.5-1HR
38,510590030,2025-01-13,7.66,-1.61,69.92,0,2.29,246.73,1018.37,1261.9,2.97,6.658,420.0,0.244,PM2.5-1HR
38,510590031,2025-01-13,8.72,-1.14,67.75,0,2.66,254.41,1018.32,1490.49,4.2,8.38,420.0,0.017,PM2.5-1HR
38,511071005,2025-01-13,8.5,-1.09,66.46,0,2.89,248.55,1018.22,2238.14,4.4,8.66,420.0,0.103,PM2.5-1HR
38,110010041,2025-01-14,3.03,-3.75,58.67,0,3.34,299.18,1021.71,2253.41,0.06,2.584,420.0,0.103,PM2.5-1HR
38,110010043,2025-01-14,3.71,-1.37,42.99,0,3.77,305.24,1020.95,3927.42,0.08,2.612,420.0,0.356,PM2.5-1HR
38,110010051,2025-01-14,3.87,-1.38,44.45,0,3.74,305.12,1020.91,3599.37,0.06,2.584,420.0,0.011,PM2.5-1HR
38,110010053,2025-01-14,3.73,-3.85,59.5,0,3.09,300.7,1021.78,4638.72,0.06,2.584,420.0,0.081,PM2.5-1HR
38,110010055,2025-01-14,2.16,-3.85,59.5,0,3.09,300.7,1021.78,1327.41,0.62,3.368,420.0,0.611,PM2.5-1HR
38,240313001,2025-01-14,5.17,-1.81,41.15,0,4.1,301.26,1021.01,166.09,2,5.3,420.0,0.508,PM2.5-1HR
38,240330030,2025-01-14,4.53,-1.69,43.7,0,4.08,299.97,1020.83,181.52,0,2.5,420.0,0.38,PM2.5-1HR
38,510590030,2025-01-14,3.77,-3.83,59,0,3.06,302.12,1021.87,1261.9,1.93,5.202,420.0,0.244,PM2.5-1HR
38,510590031,2025-01-14,4.04,-3.72,58.75,0,3.62,302.78,1021.91,1490.49,2.9,6.56,420.0,0.017,PM2.5-1HR
38,511071005,2025-01-14,3.78,-3.37,50.46,0,4.1,301.63,1022.1,2238.14,2.9,6.56,420.0,0.103,PM2.5-1HR
38,110010041,2025-01-15,6.08,-5.55,62.67,0,3.78,298.5,1025.51,2253.41,1.26,4.264,420.0,0.103,PM2.5-1HR
38,110010043,2025-01-15,5.91,-3.56,47.74,0,4.43,296.88,1026.47,3927.42,1.35,4.39,420.0,0.356,PM2.5-1HR
38,110010051,2025-01-15,4.92,-3.57,49.02,0,4.42,296.36,1026.41,3599.37,1.26,4.264,420.0,0.011,PM2.5-1HR
38,110010053,2025-01-15,4.45,-5.6,63.25,0,3.65,301.86,1025.58,4638.72,1.26,4.264,420.0,0.081,PM2.5-1HR
38,110010055,2025-01-15,4.05,-5.6,63.25,0,3.65,301.86,1025.58,1327.41,1.72,4.908,420.0,0.611,PM2.5-1HR
38,240313001,2025-01-15,7.2,-3.85,46.66,0,4.72,297.53,1026.43,166.09,3,6.7,420.0,0.508,PM2.5-1HR
38,240330030,2025-01-15,5.33,-3.67,48.51,0,4.69,295.55,1026.15,181.52,0,2.5,420.0,0.38,PM2.5-1HR
38,510590030,2025-01-15,6.11,-5.69,63.54,0.01,3.58,308.53,1025.73,1261.9,3.17,6.938,420.0,0.244,PM2.5-1HR
38,510590031,2025-01-15,5.95,-5.86,63.75,0.01,3.85,309.18,1025.85,1490.49,4.3,8.52,420.0,0.017,PM2.5-1HR
38,511071005,2025-01-15,6.07,-5.66,57.17,0,4.79,302.27,1025.96,2238.14,4.1,8.24,420.0,0.103,PM2.5-1HR
38,110010041,2025-01-16,7.2,-4.36,71.33,0.02,2.32,235.55,1017.88,2253.41,1.95,5.23,420.0,0.103,PM2.5-1HR
38,110010043,2025-01-16,7.95,-3.48,64.19,0.02,2.12,231.18,1016.61,3927.42,2.22,5.608,420.0,0.356,PM2.5-1HR
38,110010051,2025-01-16,7.76,-3.45,64.6,0.01,2.14,231.43,1016.63,3599.37,0.82,3.648,420.0,0.011,PM2.5-1HR
38,110010053,2025-01-16,6.49,-4.3,71.13,0.02,2.28,233.36,1017.93,4638.72,1.95,5.23,420.0,0.081,PM2.5-1HR
38,110010055,2025-01-16,5.59,-4.3,71.13,0.02,2.28,233.36,1017.93,1327.41,2.53,6.042,420.0,0.611,PM2.5-1HR
38,240313001,2025-01-16,9.49,-3.77,63.28,0.02,2.19,233.25,1016.5,166.09,6,10.9,420.0,0.508,PM2.5-1HR
38,240330030,2025-01-16,7.29,-3.65,63.5,0.02,2.27,236.5,1016.58,181.52,3,6.7,420.0,0.38,PM2.5-1HR
38,510590030,2025-01-16,7.34,-4.44,71.13,0.02,2.37,231.57,1017.93,1261.9,3.13,6.882,420.0,0.244,PM2.5-1HR
38,510590031,2025-01-16,8.84,-4.37,70.38,0.02,2.81,234.15,1017.92,1490.49,4.4,8.66,420.0,0.017,PM2.5-1HR
38,511071005,2025-01-16,8.69,-4.34,70.13,0.01,3.07,230.72,1017.69,2238.14,5.2,9.78,420.0,0.103,PM2.5-1HR
38,110010041,2025-01-17,7.57,0.13,72.33,0,2.11,246.54,1018.09,2253.41,2.08,5.412,420.0,0.103,PM2.5-1HR
38,110010043,2025-01-17,7.56,1.47,63.8,0,2.79,244.93,1019.21,3927.42,2.03,5.342,420.0,0.356,PM2.5-1HR
38,110010051,2025-01-17,8.85,1.46,64.25,0,2.81,244.54,1019.24,3599.37,2.08,5.412,420.0,0.011,PM2.5-1HR
38,110010053,2025-01-17,7.32,0.08,71.88,0,2.2,244.75,1018.11,4638.72,2.08,5.412,420.0,0.081,PM2.5-1HR
38,110010055,2025-01-17,5.31,0.08,71.88,0,2.2,244.75,1018.11,1327.41,2.42,5.888,420.0,0.611,PM2.5-1HR
38,240313001,2025-01-17,8.04,1.62,61.77,0,2.97,246.22,1019.05,166.09,4,8.1,420.0,0.508,PM2.5-1HR
38,240330030,2025-01-17,6.67,1.6,62.59,0,3.01,247.85,1019.12,181.52,1,3.9,420.0,0.38,PM2.5-1HR
38,510590030,2025-01-17,5.96,-0.11,72.79,0,2.23,247.18,1018.12,1261.9,3.67,7.638,420.0,0.244,PM2.5-1HR
38,510590031,2025-01-17,6.61,0.07,72.54,0,2.55,249.28,1018.1,1490.49,4.35,8.59,420.0,0.017,PM2.5-1HR
38,511071005,2025-01-17,5.88,0.7,68.21,0,2.77,244.51,1017.81,2238.14,4.5,8.8,420.0,0.103,PM2.5-1HR
38,110010041,2025-01-18,7.53,1.61,81.67,0.03,2.7,197.62,1013.34,2253.41,1.26,4.264,420.0,0.103,PM2.5-1HR
38,110010043,2025-01-18,9.28,2.59,78.07,0.04,3.05,194.63,1012.56,3927.42,1.38,4.432,420.0,0.356,PM2.5-1HR
38,110010051,2025-01-18,10.38,2.63,78.14,0.04,3.07,195.66,1012.61,3599.37,1.26,4.264,420.0,0.011,PM2.5-1HR
38,110010053,2025-01-18,7.07,1.65,81.13,0.06,2.81,197.26,1013.35,4638.72,1.26,4.264,420.0,0.081,PM2.5-1HR
38,110010055,2025-01-18,6.15,1.65,81.13,0.06,2.81,197.26,1013.35,1327.41,1.96,5.244,420.0,0.611,PM2.5-1HR
38,240313001,2025-01-18,9.73,2.39,78.66,0.05,3.18,192.32,1012.38,166.09,5,9.5,420.0,0.508,PM2.5-1HR
38,240330030,2025-01-18,6.32,2.5,78.47,0.05,3.16,196.99,1012.58,181.52,2,5.3,420.0,0.38,PM2.5-1HR
38,510590030,2025-01-18,8.45,1.48,82.29,0.01,2.68,194.67,1013.33,1261.9,3.4,7.26,420.0,0.244,PM2.5-1HR
38,510590031,2025-01-18,11.49,1.65,82.29,0.02,3.07,188.88,1013.28,1490.49,4.7,9.08,420.0,0.017,PM2.5-1HR
38,511071005,2025-01-18,10.21,2.23,78.58,0.04,3.79,187.69,1012.77,2238.14,6.1,11.04,420.0,0.103,PM2.5-1HR
38,110010041,2025-01-19,14.84,-0.14,88.25,0.24,3.29,341.63,1010.91,2253.41,2.85,6.49,420.0,0.103,PM2.5-1HR
38,110010043,2025-01-19,14.34,1.07,87.87,0.27,3.41,353.84,1009.66,3927.42,3.3,7.12,420.0,0.356,PM2.5-1HR
38,110010051,2025-01-19,16.13,1.11,88.35,0.27,3.4,354.89,1009.6,3599.37,0.12,2.668,420.0,0.011,PM2.5-1HR
38,110010053,2025-01-19,13.7,-0.13,88.5,0.22,3.12,342.25,1010.93,4638.72,2.85,6.49,420.0,0.081,PM2.5-1HR
38,110010055,2025-01-19,13.71,-0.13,88.5,0.22,3.12,342.25,1010.93,1327.41,3.45,7.33,420.0,0.611,PM2.5-1HR
38,240313001,2025-01-19,11.99,0.72,87.06,0.3,3.58,349.77,1009.91,166.09,5,9.5,420.0,0.508,PM2.5-1HR
38,240330030,2025-01-19,11.38,0.94,87.82,0.29,3.57,353.42,1009.65,181.52,2,5.3,420.0,0.38,PM2.5-1HR
38,510130020,2025-01-19,16.5,-0.16,88.46,0.23,3.25,340.76,1010.97,8550.11,3.42,7.288,420.0,0.276,PM2.5-1HR
38,510590030,2025-01-19,15.69,-0.18,89.21,0.27,3.16,342.53,1010.96,1261.9,2.47,5.958,420.0,0.244,PM2.5-1HR
38,510590031,2025-01-19,17,-0.08,89.5,0.32,3.58,340.05,1011.06,1490.49,3.4,7.26,420.0,0.017,PM2.5-1HR
38,511071005,2025-01-19,11.94,-0.59,89.63,0.39,3.99,330.61,1011.5,2238.14,3.4,7.26,420.0,0.103,PM2.5-1HR
38,110010041,2025-01-20,4.47,-6.63,69.21,0.01,4,307.72,1026.75,2253.41,0.38,3.032,420.0,0.103,PM2.5-1HR
38,110010043,2025-01-20,4.54,-5.16,52.71,0,4.19,300.44,1027.34,3927.42,0.48,3.172,420.0,0.356,PM2.5-1HR
38,110010051,2025-01-20,3.44,-5.04,52.92,0,4.21,300.58,1027.27,3599.37,0.38,3.032,420.0,0.011,PM2.5-1HR
38,110010053,2025-01-20,4.17,-6.47,67.96,0,3.94,307.28,1026.8,4638.72,0.38,3.032,420.0,0.081,PM2.5-1HR
38,110010055,2025-01-20,3.83,-6.47,67.96,0,3.94,307.28,1026.8,1327.41,0.84,3.676,420.0,0.611,PM2.5-1HR
38,240313001,2025-01-20,6.94,-5.96,54.04,0,4.27,298.81,1027.43,166.09,4,8.1,420.0,0.508,PM2.5-1HR
38,240330030,2025-01-20,6,-5.44,53.83,0,4.38,298.86,1027.15,181.52,3,6.7,420.0,0.38,PM2.5-1HR
38,510590030,2025-01-20,4.85,-6.47,65.88,0,4.38,310.37,1026.97,1261.9,2.13,5.482,420.0,0.244,PM2.5-1HR
38,510590031,2025-01-20,5.49,-6.95,66.58,0,4.63,312.83,1027.14,1490.49,3.2,6.98,420.0,0.017,PM2.5-1HR
38,511071005,2025-01-20,4.86,-7.55,67.63,0.02,4.8,302.79,1027.45,2238.14,3.4,7.26,420.0,0.103,PM2.5-1HR
38,110010041,2025-01-21,5.94,-9.45,58.33,0.02,1.39,350.01,1035.25,2253.41,1.32,4.348,420.0,0.103,PM2.5-1HR
38,110010043,2025-01-21,6.47,-8.54,47.16,0.02,1.85,289.09,1035.25,3927.42,1.35,4.39,420.0,0.356,PM2.5-1HR
38,110010051,2025-01-21,5.02,-8.3,46.71,0.02,1.67,296.61,1035.32,3599.37,1.32,4.348,420.0,0.011,PM2.5-1HR
38,110010053,2025-01-21,5.82,-9.22,57.46,0.03,1.39,339.19,1035.25,4638.72,1.32,4.348,420.0,0.081,PM2.5-1HR
38,110010055,2025-01-21,4.24,-9.22,57.46,0.03,1.39,339.19,1035.25,1327.41,2.06,5.384,420.0,0.611,PM2.5-1HR
38,240313001,2025-01-21,8.5,-9.31,47.89,0.01,1.8,284.31,1035.29,166.09,4,8.1,420.0,0.508,PM2.5-1HR
38,240330030,2025-01-21,7.17,-8.92,46.78,0.02,1.93,288.51,1035.25,181.52,4,8.1,420.0,0.38,PM2.5-1HR
38,510590030,2025-01-21,5.46,-9.31,58.25,0.03,1.72,346.73,1035.25,1261.9,3.57,7.498,420.0,0.244,PM2.5-1HR
38,510590031,2025-01-21,6.55,-9.8,60.17,0.02,1.8,2.41,1035.29,1490.49,4.75,9.15,420.0,0.017,PM2.5-1HR
38,511071005,2025-01-21,5.54,-10.05,59.71,0.01,1.71,316.36,1035.28,2238.14,4.5,8.8,420.0,0.103,PM2.5-1HR
38,110010041,2025-01-22,9.84,-10.6,55.63,0,1.71,349.54,1033.81,2253.41,3.83,7.862,420.0,0.103,PM2.5-1HR
38,110010043,2025-01-22,9.86,-9.14,48.29,0,1.75,338.96,1033.59,3927.42,3.78,7.792,420.0,0.356,PM2.5-1HR
38,110010051,2025-01-22,9.5,-9.01,48.19,0,1.77,341.56,1033.57,3599.37,2.62,6.168,420.0,0.011,PM2.5-1HR
38,110010053,2025-01-22,8.83,-10.5,55.96,0,1.71,358.3,1033.81,4638.72,3.83,7.862,420.0,0.081,PM2.5-1HR
38,110010055,2025-01-22,6.97,-10.5,55.96,0,1.71,358.3,1033.81,1327.41,4.33,8.562,420.0,0.611,PM2.5-1HR
38,240313001,2025-01-22,11.91,-9.77,46.38,0,1.77,322.48,1033.69,166.09,8,13.7,420.0,0.508,PM2.5-1HR
38,240330030,2025-01-22,9.19,-9.33,47.43,0,1.81,335.31,1033.58,181.52,5,9.5,420.0,0.38,PM2.5-1HR
38,510590030,2025-01-22,9.16,-10.41,56.71,0,1.92,352.65,1033.83,1261.9,5.2,9.78,420.0,0.244,PM2.5-1HR
38,510590031,2025-01-22,10.05,-10.8,57.46,0,2.08,349.78,1033.92,1490.49,5.75,10.55,420.0,0.017,PM2.5-1HR
38,511071005,2025-01-22,9.05,-11.5,57.96,0,2.23,338.51,1034.12,2238.14,4.6,8.94,420.0,0.103,PM2.5-1HR
38,110010041,2025-01-23,13.93,-7.67,63.38,0,1.33,198.83,1026.12,2253.41,6.86,12.104,420.0,0.103,PM2.5-1HR
38,110010043,2025-01-23,15.02,-7.63,60.4,0,1.88,196.55,1025.98,3927.42,7.63,13.182,420.0,0.356,PM2.5-1HR
38,110010051,2025-01-23,13.44,-7.52,60.16,0,1.87,197.95,1026,3599.37,6.86,12.104,420.0,0.011,PM2.5-1HR
38,110010053,2025-01-23,12.71,-7.24,63.04,0,1.45,198.9,1026.11,4638.72,6.86,12.104,420.0,0.081,PM2.5-1HR
38,110010055,2025-01-23,11.49,-7.24,63.04,0,1.45,198.9,1026.11,1327.41,6.46,11.544,420.0,0.611,PM2.5-1HR
38,240313001,2025-01-23,16.76,-7.53,55.95,0,1.92,196.97,1025.88,166.09,12,19.3,420.0,0.508,PM2.5-1HR
38,240330030,2025-01-23,14.8,-7.54,57.73,0,1.9,200.09,1025.96,181.52,9,15.1,420.0,0.38,PM2.5-1HR
38,510590030,2025-01-23,13.03,-6.88,62.29,0,1.48,210.82,1026.08,1261.9,7.63,13.182,420.0,0.244,PM2.5-1HR
38,510590031,2025-01-23,16.17,-7.18,61.42,0,1.65,201.64,1026.06,1490.49,9.55,15.87,420.0,0.017,PM2.5-1HR
38,511071005,2025-01-23,13.73,-7.11,62.33,0,1.93,194.78,1025.9,2238.14,8.7,14.68,420.0,0.103,PM2.5-1HR
38,110010041,2025-01-24,14.48,-4.11,67,0,1.76,293.78,1024.88,2253.41,5.54,10.256,420.0,0.103,PM2.5-1HR
38,110010043,2025-01-24,14.31,-3.29,62.12,0,2,311.76,1024.18,3927.42,5.68,10.452,420.0,0.356,PM2.5-1HR
38,110010051,2025-01-24,16.32,-3.14,61.64,0,1.96,311.18,1024.18,3599.37,5.54,10.256,420.0,0.011,PM2.5-1HR
38,110010053,2025-01-24,15.67,-4.04,66.13,0,1.75,292.15,1024.89,4638.72,5.54,10.256,420.0,0.081,PM2.5-1HR
38,110010055,2025-01-24,12.75,-4.04,66.13,0,1.75,292.15,1024.89,1327.41,6.26,11.264,420.0,0.611,PM2.5-1HR
38,240313001,2025-01-24,15.06,-3.4,60.89,0,2.11,307.53,1024.21,166.09,6,10.9,420.0,0.508,PM2.5-1HR
38,240330030,2025-01-24,14.4,-3.18,60.76,0,2.06,307.63,1024.17,181.52,7,12.3,420.0,0.38,PM2.5-1HR
38,510590030,2025-01-24,15.32,-3.92,65.04,0,1.91,300.36,1024.93,1261.9,7.97,13.658,420.0,0.244,PM2.5-1HR
38,510590031,2025-01-24,18.73,-3.76,64.46,0,2.06,304.56,1024.94,1490.49,9.45,15.73,420.0,0.017,PM2.5-1HR
38,511071005,2025-01-24,16.6,-3.61,67.5,0,2.52,302.09,1025.03,2238.14,8.5,14.4,420.0,0.103,PM2.5-1HR
38,110010041,2025-01-25,13.67,-2.26,60.79,0,2.1,243.11,1027.11,2253.41,4.57,8.898,420.0,0.103,PM2.5-1HR
38,110010043,2025-01-25,12.49,-1.83,53.2,0,2.5,235.92,1027.65,3927.42,5.4,10.06,420.0,0.356,PM2.5-1HR
38,110010051,2025-01-25,14.47,-1.8,53.34,0,2.53,236.6,1027.67,3599.37,3.04,6.756,420.0,0.011,PM2.5-1HR
38,110010053,2025-01-25,11.56,-2,59.83,0,2.06,236.03,1027.16,4638.72,4.57,8.898,420.0,0.081,PM2.5-1HR
38,110010055,2025-01-25,8.67,-2,59.83,0,2.06,236.03,1027.16,1327.41,4.78,9.192,420.0,0.611,PM2.5-1HR
38,240313001,2025-01-25,15.54,-2.35,53.38,0,2.51,240,1027.5,166.09,7,12.3,420.0,0.508,PM2.5-1HR
38,240330030,2025-01-25,12.39,-2.16,53.61,0,2.57,242.04,1027.59,181.52,7,12.3,420.0,0.38,PM2.5-1HR
38,510130020,2025-01-25,12.2,-1.93,58.33,0,2.33,247.43,1027.13,8550.11,4.72,9.108,420.0,0.276,PM2.5-1HR
38,510590030,2025-01-25,13.31,-1.69,56.21,0,2.3,244.54,1027.19,1261.9,4.13,8.282,420.0,0.244,PM2.5-1HR
38,510590031,2025-01-25,15.49,-2.09,59.25,0,2.45,245.32,1027.19,1490.49,6,10.9,420.0,0.017,PM2.5-1HR
38,511071005,2025-01-25,11.59,-2.58,63.17,0,2.62,234.27,1026.95,2238.14,5.5,10.2,420.0,0.103,PM2.5-1HR
38,110010041,2025-01-26,7.28,1.36,58.5,0,2.69,260.54,1023.37,2253.41,2.22,5.608,420.0,0.103,PM2.5-1HR
38,110010043,2025-01-26,8.77,2.22,48.32,0,2.74,258.59,1023.05,3927.42,2.38,5.832,420.0,0.356,PM2.5-1HR
38,110010051,2025-01-26,9.26,2.28,48.71,0,2.76,253.34,1023.07,3599.37,2.22,5.608,420.0,0.011,PM2.5-1HR
38,110010053,2025-01-26,7.29,1.55,56.96,0,2.73,260.79,1023.43,4638.72,2.22,5.608,420.0,0.081,PM2.5-1HR
38,110010055,2025-01-26,7.24,1.55,56.96,0,2.73,260.79,1023.43,1327.41,2.82,6.448,420.0,0.611,PM2.5-1HR
38,240313001,2025-01-26,8.91,2.1,47.12,0,3,268.88,1022.92,166.09,3,6.7,420.0,0.508,PM2.5-1HR
38,240330030,2025-01-26,7.58,2.18,48.26,0,2.99,262.93,1022.93,181.52,2,5.3,420.0,0.38,PM2.5-1HR
38,510590030,2025-01-26,6.67,2,53.08,0,2.76,266.21,1023.5,1261.9,4.1,8.24,420.0,0.244,PM2.5-1HR
38,510590031,2025-01-26,12.13,1.56,55.75,0,2.87,270.19,1023.52,1490.49,5.35,9.99,420.0,0.017,PM2.5-1HR
38,511071005,2025-01-26,6.03,1.14,58,0,3.16,265.3,1023.41,2238.14,4.6,8.94,420.0,0.103,PM2.5-1HR
38,110010041,2025-01-27,12.66,1.64,54.92,0,2.15,274.55,1016.43,2253.41,3.4,7.26,420.0,0.103,PM2.5-1HR
38,110010043,2025-01-27,11.32,2.75,47.24,0,2.54,275.59,1015.98,3927.42,3.38,7.232,420.0,0.356,PM2.5-1HR
38,110010051,2025-01-27,13.68,2.78,48.04,0,2.53,273.35,1016,3599.37,3.4,7.26,420.0,0.011,PM2.5-1HR
38,110010053,2025-01-27,12.51,1.94,52.25,0,2.16,272.56,1016.47,4638.72,3.4,7.26,420.0,0.081,PM2.5-1HR
38,110010055,2025-01-27,11.17,1.94,52.25,0,2.16,272.56,1016.47,1327.41,3.78,7.792,420.0,0.611,PM2.5-1HR
38,240313001,2025-01-27,9.16,2.5,44.51,0,2.77,272.37,1015.94,166.09,3,6.7,420.0,0.508,PM2.5-1HR
38,240330030,2025-01-27,7.51,2.5,46.78,0,2.77,269.84,1015.93,181.52,0,2.5,420.0,0.38,PM2.5-1HR
38,510590030,2025-01-27,9.66,2.25,51.75,0,2.27,277.12,1016.5,1261.9,5.43,10.102,420.0,0.244,PM2.5-1HR
38,510590031,2025-01-27,13.93,1.71,52.54,0,2.4,282.27,1016.49,1490.49,6.4,11.46,420.0,0.017,PM2.5-1HR
38,511071005,2025-01-27,6.02,1.12,48.83,0,2.76,272.54,1016.44,2238.14,4.5,8.8,420.0,0.103,PM2.5-1HR
38,110010041,2025-01-28,6.58,4.04,50.71,0,3.62,251.69,1007.33,2253.41,1.42,4.488,420.0,0.103,PM2.5-1HR
38,110010043,2025-01-28,5.89,4.77,45.37,0,3.5,246.83,1006.59,3927.42,1.68,4.852,420.0,0.356,PM2.5-1HR
38,110010051,2025-01-28,7.87,4.83,45.77,0,3.54,245.8,1006.61,3599.37,0.72,3.508,420.0,0.011,PM2.5-1HR
38,110010053,2025-01-28,6.54,4.07,50.38,0,3.45,246.11,1007.44,4638.72,1.42,4.488,420.0,0.081,PM2.5-1HR
38,110010055,2025-01-28,4.86,4.07,50.38,0,3.45,246.11,1007.44,1327.41,1.8,5.02,420.0,0.611,PM2.5-1HR
38,240313001,2025-01-28,6.84,4.45,45.22,0,3.74,251.12,1006.4,166.09,4,8.1,420.0,0.508,PM2.5-1HR
38,240330030,2025-01-28,4.53,4.59,45.83,0,3.85,249.26,1006.4,181.52,0,2.5,420.0,0.38,PM2.5-1HR
38,510590030,2025-01-28,4.5,3.91,49.63,0,3.26,253.33,1007.54,1261.9,2.33,5.762,420.0,0.244,PM2.5-1HR
38,510590031,2025-01-28,5.33,3.73,49.63,0,3.6,257.78,1007.54,1490.49,3.45,7.33,420.0,0.017,PM2.5-1HR
38,511071005,2025-01-28,4.1,2.92,48.46,0,3.82,250.19,1007.29,2238.14,2.7,6.28,420.0,0.103,PM2.5-1HR
38,110010041,2025-01-29,3.46,5.35,57.96,0,4.35,257.9,1007.59,2253.41,0.22,2.808,420.0,0.103,PM2.5-1HR
38,110010043,2025-01-29,4.03,7.97,42.36,0,4.41,257.16,1005.28,3927.42,0,2.5,420.0,0.356,PM2.5-1HR
38,110010051,2025-01-29,4.58,8.04,42.6,0,4.5,257.22,1005.28,3599.37,0.22,2.808,420.0,0.011,PM2.5-1HR
38,110010053,2025-01-29,3.58,5.52,57,0,4.27,257.72,1007.7,4638.72,0.22,2.808,420.0,0.081,PM2.5-1HR
38,110010055,2025-01-29,3.61,5.52,57,0,4.27,257.72,1007.7,1327.41,0.72,3.508,420.0,0.611,PM2.5-1HR
38,240313001,2025-01-29,4.87,7.46,43.24,0,4.67,258.93,1005.08,166.09,2,5.3,420.0,0.508,PM2.5-1HR
38,240330030,2025-01-29,3.55,7.69,43.48,0,4.76,258.36,1005.03,181.52,0,2.5,420.0,0.38,PM2.5-1HR
38,510590030,2025-01-29,3.68,5.55,56.75,0,4.06,260.45,1007.83,1261.9,2,5.3,420.0,0.244,PM2.5-1HR
38,510590031,2025-01-29,4.06,5.43,56.21,0,4.51,263.29,1007.87,1490.49,2.45,5.93,420.0,0.017,PM2.5-1HR
38,511071005,2025-01-29,3.68,4.2,57.29,0,4.31,255.3,1007.69,2238.14,2.5,6.0,420.0,0.103,PM2.5-1HR
38,110010041,2025-01-30,5.38,4.81,65.17,0.11,2.69,213.43,1020.73,2253.41,1.44,4.516,420.0,0.103,PM2.5-1HR
38,110010043,2025-01-30,5.89,4.53,56.78,0,2.36,214.81,1021.86,3927.42,1.38,4.432,420.0,0.356,PM2.5-1HR
38,110010051,2025-01-30,7.16,5.68,54.7,0,2.19,184.52,1022.82,3599.37,1.44,4.516,420.0,0.011,PM2.5-1HR
38,110010053,2025-01-30,6,5.06,63.88,0.11,2.75,208.61,1020.74,4638.72,1.44,4.516,420.0,0.081,PM2.5-1HR
38,110010055,2025-01-30,4.6,5.06,63.88,0.11,2.75,208.61,1020.74,1327.41,1.4,4.46,420.0,0.611,PM2.5-1HR
38,240313001,2025-01-30,5.03,4.35,56.64,0,2.37,213.44,1021.75,166.09,0,2.5,420.0,0.508,PM2.5-1HR
38,240330030,2025-01-30,5,4.29,57.41,0,2.37,215.54,1021.9,181.52,2,5.3,420.0,0.38,PM2.5-1HR
38,510590030,2025-01-30,4.26,4.93,63.58,0.11,2.55,224.26,1020.73,1261.9,2.33,5.762,420.0,0.244,PM2.5-1HR
38,510590031,2025-01-30,4.68,4.7,63.5,0.12,2.69,224.58,1020.7,1490.49,2.65,6.21,420.0,0.017,PM2.5-1HR
38,511071005,2025-01-30,4.24,4.4,62.79,0.13,2.87,190.76,1020.4,2238.14,3,6.7,420.0,0.103,PM2.5-1HR
38,110010041,2025-01-31,7.45,7.24,86,0.52,4.12,214.63,1012.76,2253.41,2.7,6.28,420.0,0.103,PM2.5-1HR
38,110010043,2025-01-31,8.53,8.15,88.43,0.83,4.11,209.9,1012.35,3927.42,2.6,6.14,420.0,0.356,PM2.5-1HR
38,110010051,2025-01-31,8.7,8.16,88.98,0.84,4.16,210.06,1012.41,3599.37,1.82,5.048,420.0,0.011,PM2.5-1HR
38,110010053,2025-01-31,7.87,7.43,85.13,0.58,4.38,211.73,1012.8,4638.72,2.7,6.28,420.0,0.081,PM2.5-1HR
38,110010055,2025-01-31,7.8,7.43,85.13,0.58,4.38,211.73,1012.8,1327.41,3.2,6.98,420.0,0.611,PM2.5-1HR
38,240313001,2025-01-31,6.58,7.56,89.72,0.71,4.09,207.15,1012.08,166.09,3,6.7,420.0,0.508,PM2.5-1HR
38,240330030,2025-01-31,6.88,7.81,89.31,0.75,4.21,209.75,1012.25,181.52,4,8.1,420.0,0.38,PM2.5-1HR
38,510130020,2025-01-31,7.2,7.27,85.83,0.58,4.23,211.93,1012.76,8550.11,2.46,5.944,420.0,0.276,PM2.5-1HR
38,510590030,2025-01-31,7.36,7.21,85.83,0.6,4.08,211.42,1012.85,1261.9,4.23,8.422,420.0,0.244,PM2.5-1HR
38,510590031,2025-01-31,11.45,7.01,87,0.59,4.39,213.68,1012.8,1490.49,4.75,9.15,420.0,0.017,PM2.5-1HR
38,511071005,2025-01-31,7.44,6.54,87.21,0.46,4.13,205.84,1012.31,2238.14,4.3,8.52,420.0,0.103,PM2.5-1HR
38,110010041,2025-02-01,3.58,4.42,66.58,0.43,4.21,353.02,1020.2,2253.41,0.1,2.64,420.0,0.103,PM2.5-1HR
38,110010043,2025-02-01,3.57,6.18,59.12,0.06,3.78,336.8,1019.02,3927.42,0.1,2.64,420.0,0.356,PM2.5-1HR
38,110010051,2025-02-01,4.53,6.29,59.49,0.07,3.83,338.11,1018.96,3599.37,0.1,2.64,420.0,0.011,PM2.5-1HR
38,110010053,2025-02-01,3.96,4.6,67.42,0.41,4.15,353.25,1020.17,4638.72,0.1,2.64,420.0,0.081,PM2.5-1HR
38,110010055,2025-02-01,3.58,4.6,67.42,0.41,4.15,353.25,1020.17,1327.41,0.22,2.808,420.0,0.611,PM2.5-1HR
38,240313001,2025-02-01,4.7,5.37,59.1,0.03,3.85,336.37,1019.24,166.09,1,3.9,420.0,0.508,PM2.5-1HR
38,240330030,2025-02-01,4.04,5.78,58.99,0.06,3.96,340.52,1019.03,181.52,1,3.9,420.0,0.38,PM2.5-1HR
38,510590030,2025-02-01,4.12,4.72,67.79,0.39,3.99,346.05,1020.16,1261.9,0.47,3.158,420.0,0.244,PM2.5-1HR
38,510590031,2025-02-01,4.99,4.39,67.75,0.39,4.46,338.97,1020.25,1490.49,0.65,3.41,420.0,0.017,PM2.5-1HR
38,511071005,2025-02-01,3.82,3.5,62.79,0.2,4.85,341.95,1020.66,2238.14,0.7,3.48,420.0,0.103,PM2.5-1HR
38,110010041,2025-02-02,4.16,-0.19,65.46,0,2.57,114.7,1029.53,2253.41,0.68,3.452,420.0,0.103,PM2.5-1HR
38,110010043,2025-02-02,4.9,-0.96,62.56,0,2.75,124.27,1030,3927.42,0.7,3.48,420.0,0.356,PM2.5-1HR
38,110010051,2025-02-02,3.49,-0.84,63.09,0,2.75,122.98,1030.02,3599.37,0.68,3.452,420.0,0.011,PM2.5-1HR
38,110010053,2025-02-02,4.16,0.03,65,0,2.63,116.29,1029.49,4638.72,0.68,3.452,420.0,0.081,PM2.5-1HR
38,110010055,2025-02-02,3.33,0.03,65,0,2.63,116.29,1029.49,1327.41,1.18,4.152,420.0,0.611,PM2.5-1HR
38,240313001,2025-02-02,5.87,-1.35,60.04,0,2.97,129.22,1029.93,166.09,2,5.3,420.0,0.508,PM2.5-1HR
38,240330030,2025-02-02,3.22,-1.14,62.04,0,2.88,123.55,1030.08,181.52,0,2.5,420.0,0.38,PM2.5-1HR
38,510590030,2025-02-02,4.04,-0.02,65.38,0,2.54,119.14,1029.45,1261.9,1.93,5.202,420.0,0.244,PM2.5-1HR
38,510590031,2025-02-02,3.9,-0.34,64.92,0,2.9,124.25,1029.41,1490.49,2.6,6.14,420.0,0.017,PM2.5-1HR
38,511071005,2025-02-02,3.74,-0.56,57.54,0,3.43,133.56,1029.17,2238.14,2.8,6.42,420.0,0.103,PM2.5-1HR
38,110010041,2025-02-03,9.2,5.37,75.42,0,2.4,208.78,1018.43,2253.41,4.33,8.562,420.0,0.103,PM2.5-1HR
38,110010043,2025-02-03,9.41,4.61,76.5,0,2.38,198.28,1018.4,3927.42,4.86,9.304,420.0,0.356,PM2.5-1HR
38,110010051,2025-02-03,12.2,4.82,76.47,0,2.46,199.69,1018.43,3599.37,3.52,7.428,420.0,0.011,PM2.5-1HR
38,110010053,2025-02-03,8.67,5.59,74.92,0,2.56,207.8,1018.47,4638.72,4.33,8.562,420.0,0.081,PM2.5-1HR
38,110010055,2025-02-03,6.35,5.59,74.92,0,2.56,207.8,1018.47,1327.41,4.32,8.548,420.0,0.611,PM2.5-1HR
38,240313001,2025-02-03,13.35,3.91,77,0,2.35,190.33,1018.26,166.09,6,10.9,420.0,0.508,PM2.5-1HR
38,240330030,2025-02-03,5.74,4.24,77.38,0,2.41,198.99,1018.38,181.52,2,5.3,420.0,0.38,PM2.5-1HR
38,510590030,2025-02-03,6.26,5.45,75.04,0,2.58,210.02,1018.49,1261.9,3.77,7.778,420.0,0.244,PM2.5-1HR
38,510590031,2025-02-03,6.97,5.48,73.96,0,2.87,212.56,1018.47,1490.49,4.8,9.22,420.0,0.017,PM2.5-1HR
38,511071005,2025-02-03,6.99,4.27,72.92,0,2.85,195,1018.04,2238.14,4.2,8.38,420.0,0.103,PM2.5-1HR
38,110010041,2025-02-04,6.82,7.89,61.79,0,3.85,304.74,1017.27,2253.41,0.34,2.976,420.0,0.103,PM2.5-1HR
38,110010043,2025-02-04,5.22,8.34,59.66,0,3.89,302.22,1016.84,3927.42,0.3,2.92,420.0,0.356,PM2.5-1HR
38,110010051,2025-02-04,7.53,8.53,59.73,0,3.94,302.26,1016.8,3599.37,0.34,2.976,420.0,0.011,PM2.5-1HR
38,110010053,2025-02-04,9.21,7.98,62.32,0,3.88,301.72,1017.29,4638.72,0.34,2.976,420.0,0.081,PM2.5-1HR
38,110010055,2025-02-04,7.2,8.04,62.19,0,3.9,302.13,1017.28,1327.41,0.82,3.648,420.0,0.611,PM2.5-1HR
38,240313001,2025-02-04,7.86,7.47,60.01,0,3.98,304.89,1016.96,166.09,3,6.7,420.0,0.508,PM2.5-1HR
38,240330030,2025-02-04,6.12,7.92,60.21,0,4,304.39,1016.79,181.52,0,2.5,420.0,0.38,PM2.5-1HR
38,510590030,2025-02-04,6.57,8,62.3,0,4.1,306.21,1017.37,1261.9,1.87,5.118,420.0,0.244,PM2.5-1HR
38,510590031,2025-02-04,6.63,7.99,61.22,0,4.6,308.77,1017.44,1490.49,2.55,6.07,420.0,0.017,PM2.5-1HR
38,511071005,2025-02-04,6.36,7.12,58.11,0,4.52,312.08,1017.86,2238.14,2.2,5.58,420.0,0.103,PM2.5-1HR
38,110010041,2025-02-05,3.74,1.6,54.43,0.09,1.76,56.18,1028.33,2253.41,0.44,3.116,420.0,0.103,PM2.5-1HR
38,110010043,2025-02-05,4.1,1.53,54.4,0.1,1.76,57.94,1028.32,3927.42,0.45,3.13,420.0,0.356,PM2.5-1HR
38,110010051,2025-02-05,5.23,1.61,54.44,0.09,1.77,56.03,1028.33,3599.37,0.44,3.116,420.0,0.011,PM2.5-1HR
38,110010053,2025-02-05,3.77,1.6,54.42,0.09,1.76,57.37,1028.32,4638.72,0.44,3.116,420.0,0.081,PM2.5-1HR
38,110010055,2025-02-05,4.04,1.69,54.43,0.09,1.76,56.82,1028.31,1327.41,0.82,3.648,420.0,0.611,PM2.5-1HR
38,240313001,2025-02-05,6.05,1.3,54.44,0.09,1.8,59.58,1028.32,166.09,3,6.7,420.0,0.508,PM2.5-1HR
38,240330030,2025-02-05,3.3,1.46,54.26,0.09,1.8,55.96,1028.35,181.52,0,2.5,420.0,0.38,PM2.5-1HR
38,510590030,2025-02-05,4.64,1.77,54.63,0.08,1.79,55.57,1028.31,1261.9,2.1,5.44,420.0,0.244,PM2.5-1HR
38,510590031,2025-02-05,7.04,1.79,54.81,0.08,1.82,54.89,1028.31,1490.49,2.95,6.63,420.0,0.017,PM2.5-1HR
38,511071005,2025-02-05,4.94,1.29,55.43,0.1,1.89,61.19,1028.3,2238.14,3.8,7.82,420.0,0.103,PM2.5-1HR
38,110010041,2025-02-06,6.13,2.82,90.45,0.45,2.94,187.63,1015.96,2253.41,1.35,4.39,420.0,0.103,PM2.5-1HR
38,110010043,2025-02-06,6.41,2.79,90.11,0.45,2.94,188.45,1015.92,3927.42,1.52,4.628,420.0,0.356,PM2.5-1HR
38,110010051,2025-02-06,7.56,2.82,90.48,0.45,2.94,187.45,1015.96,3599.37,0.28,2.892,420.0,0.011,PM2.5-1HR
38,110010053,2025-02-06,4.7,2.89,90.28,0.46,2.97,189.01,1015.94,4638.72,1.35,4.39,420.0,0.081,PM2.5-1HR
38,110010055,2025-02-06,5.4,3,90.47,0.46,3.01,189.69,1015.97,1327.41,1.55,4.67,420.0,0.611,PM2.5-1HR
38,240313001,2025-02-06,5.33,2.33,90.58,0.43,2.92,182.79,1015.75,166.09,0,2.5,420.0,0.508,PM2.5-1HR
38,240330030,2025-02-06,4.08,2.43,90.79,0.43,2.87,182.98,1015.91,181.52,0,2.5,420.0,0.38,PM2.5-1HR
38,510130020,2025-02-06,6.8,2.94,90.47,0.47,3.03,188.87,1015.92,8550.11,1.44,4.516,420.0,0.276,PM2.5-1HR
38,510590030,2025-02-06,5.24,3.15,90.8,0.48,3.13,189.69,1015.93,1261.9,1.63,4.782,420.0,0.244,PM2.5-1HR
38,510590031,2025-02-06,8.69,3.19,90.96,0.5,3.21,189.33,1015.88,1490.49,2.2,5.58,420.0,0.017,PM2.5-1HR
38,511071005,2025-02-06,5.24,2.91,89.7,0.52,3.17,180.65,1015.41,2238.14,1,3.9,420.0,0.103,PM2.5-1HR
38,110010041,2025-02-07,6.08,6.7,51.04,0.02,3.84,319.56,1017.52,2253.41,0.94,3.816,420.0,0.103,PM2.5-1HR
38,110010043,2025-02-07,4.3,6.59,50.79,0.03,3.81,319.31,1017.56,3927.42,0.78,3.592,420.0,0.356,PM2.5-1HR
38,110010051,2025-02-07,6.08,6.7,51.06,0.02,3.84,319.54,1017.51,3599.37,0.94,3.816,420.0,0.011,PM2.5-1HR
38,110010053,2025-02-07,5.32,6.77,50.82,0.02,3.77,320.5,1017.53,4638.72,0.94,3.816,420.0,0.081,PM2.5-1HR
38,110010055,2025-02-07,5.51,6.98,50.85,0.02,3.72,321.96,1017.49,1327.41,1.22,4.208,420.0,0.611,PM2.5-1HR
38,240313001,2025-02-07,5.48,5.71,51.63,0.02,4.02,314.86,1017.71,166.09,1,3.9,420.0,0.508,PM2.5-1HR
38,240330030,2025-02-07,4.17,6.07,51.66,0.02,4.09,315.05,1017.55,181.52,2,5.3,420.0,0.38,PM2.5-1HR
38,510590030,2025-02-07,5.27,7.14,51.18,0.02,3.67,323.72,1017.5,1261.9,2.07,5.398,420.0,0.244,PM2.5-1HR
38,510590031,2025-02-07,5.72,7.15,51.45,0.01,3.65,324.35,1017.52,1490.49,2.3,5.72,420.0,0.017,PM2.5-1HR
38,511071005,2025-02-07,4.33,6.19,50.15,0.01,3.77,318.89,1017.86,2238.14,1.6,4.74,420.0,0.103,PM2.5-1HR
38,240313001,2025-02-08,6.86,-0.43,73.1,0.13,2.37,120.47,1022.75,166.09,3,6.7,420.0,0.508,PM2.5-1HR
38,110010041,2025-02-08,6.48,-0.09,76.24,0.18,2.32,117.25,1022.87,2253.41,1.74,4.936,420.0,0.103,PM2.5-1HR
38,110010043,2025-02-08,5.76,-0.18,75.85,0.18,2.33,118.4,1022.84,3927.42,2.1,5.44,420.0,0.356,PM2.5-1HR
38,110010051,2025-02-08,7.28,-0.09,76.26,0.18,2.32,117.13,1022.87,3599.37,1.74,4.936,420.0,0.011,PM2.5-1HR
38,110010053,2025-02-08,5.03,-0.09,76.47,0.18,2.32,118.51,1022.85,4638.72,1.74,4.936,420.0,0.081,PM2.5-1HR
38,110010055,2025-02-08,4.16,0.02,77.22,0.2,2.32,118.64,1022.86,1327.41,2.12,5.468,420.0,0.611,PM2.5-1HR
38,240330030,2025-02-08,4.58,-0.28,73.87,0.16,2.31,115.22,1022.89,181.52,2,5.3,420.0,0.38,PM2.5-1HR
38,510590030,2025-02-08,5.76,0.14,77.88,0.21,2.33,120.06,1022.83,1261.9,2.5,6.0,420.0,0.244,PM2.5-1HR
38,510590031,2025-02-08,7.67,0.17,78.01,0.21,2.34,121.19,1022.8,1490.49,3.6,7.54,420.0,0.017,PM2.5-1HR
38,511071005,2025-02-08,6.08,-0.32,76.1,0.15,2.57,130.08,1022.51,2238.14,4.3,8.52,420.0,0.103,PM2.5-1HR
38,110010041,2025-02-09,4.95,3.62,70.98,0.02,3.89,307.6,1018.86,2253.41,1.05,3.97,420.0,0.103,PM2.5-1HR
38,110010043,2025-02-09,3.73,3.5,70.87,0.02,3.86,307.25,1018.9,3927.42,1.14,4.096,420.0,0.356,PM2.5-1HR
38,110010051,2025-02-09,5.9,3.63,70.99,0.02,3.9,307.58,1018.86,3599.37,0.32,2.948,420.0,0.011,PM2.5-1HR
38,110010053,2025-02-09,5,3.62,70.9,0.02,3.86,308.71,1018.89,4638.72,1.05,3.97,420.0,0.081,PM2.5-1HR
38,110010055,2025-02-09,4.63,3.76,70.93,0.02,3.87,310.45,1018.87,1327.41,1.57,4.698,420.0,0.611,PM2.5-1HR
38,240313001,2025-02-09,6.16,2.96,70.68,0.02,3.85,302.3,1018.99,166.09,2,5.3,420.0,0.508,PM2.5-1HR
38,240330030,2025-02-09,4.11,3.31,70.93,0.02,3.96,302.25,1018.84,181.52,0,2.5,420.0,0.38,PM2.5-1HR
38,510590030,2025-02-09,6.03,3.81,71.23,0.02,3.89,312.49,1018.91,1261.9,2.4,5.86,420.0,0.244,PM2.5-1HR
38,510590031,2025-02-09,6.35,3.77,71.47,0.02,3.9,313.2,1018.94,1490.49,3.3,7.12,420.0,0.017,PM2.5-1HR
38,511071005,2025-02-09,5.96,3.07,70.5,0.04,3.76,307.88,1019.19,2238.14,3.1,6.84,420.0,0.103,PM2.5-1HR
38,110010041,2025-02-10,7.56,2.65,53,0,2.34,335.7,1029.47,2253.41,2.58,6.112,420.0,0.103,PM2.5-1HR
38,110010043,2025-02-10,6.91,2.52,52.96,0,2.35,334.79,1029.49,3927.42,2.9,6.56,420.0,0.356,PM2.5-1HR
38,110010051,2025-02-10,7.63,2.66,53,0,2.34,335.75,1029.47,3599.37,2.58,6.112,420.0,0.011,PM2.5-1HR
38,110010053,2025-02-10,6.55,2.64,53,0,2.33,336.39,1029.49,4638.72,2.58,6.112,420.0,0.081,PM2.5-1HR
38,110010055,2025-02-10,5.86,2.79,53.04,0,2.32,338.33,1029.48,1327.41,3.48,7.372,420.0,0.611,PM2.5-1HR
38,240313001,2025-02-10,8.58,2.16,52.38,0,2.45,329.45,1029.53,166.09,5,9.5,420.0,0.508,PM2.5-1HR
38,240330030,2025-02-10,6.11,2.44,52.39,0,2.43,330.41,1029.46,181.52,4,8.1,420.0,0.38,PM2.5-1HR
38,510590030,2025-02-10,8.2,2.89,53.54,0,2.29,341.6,1029.5,1261.9,5.07,9.598,420.0,0.244,PM2.5-1HR
38,510590031,2025-02-10,9.41,2.88,53.94,0,2.29,343.24,1029.52,1490.49,6.95,12.23,420.0,0.017,PM2.5-1HR
38,511071005,2025-02-10,8.43,2.28,53.42,0,2.3,339.96,1029.62,2238.14,6.4,11.46,420.0,0.103,PM2.5-1HR
38,110010041,2025-02-11,8.38,-0.69,75.05,0.52,1.67,79.56,1028.31,2253.41,2.2,5.58,420.0,0.103,PM2.5-1HR
38,110010043,2025-02-11,7.72,-0.79,74.75,0.5,1.67,82.57,1028.31,3927.42,2.55,6.07,420.0,0.356,PM2.5-1HR
38,110010051,2025-02-11,9.81,-0.68,75.07,0.52,1.67,79.33,1028.31,3599.37,2.2,5.58,420.0,0.011,PM2.5-1HR
38,110010053,2025-02-11,7.75,-0.71,75.15,0.53,1.67,81.04,1028.3,4638.72,2.2,5.58,420.0,0.081,PM2.5-1HR
38,110010055,2025-02-11,5.91,-0.61,75.63,0.56,1.68,79.75,1028.29,1327.41,2.62,6.168,420.0,0.611,PM2.5-1HR
38,240313001,2025-02-11,8.87,-0.99,73.51,0.38,1.61,90.65,1028.32,166.09,5,9.5,420.0,0.508,PM2.5-1HR
38,240330030,2025-02-11,6.65,-0.79,73.78,0.43,1.65,80.03,1028.36,181.52,2,5.3,420.0,0.38,PM2.5-1HR
38,510590030,2025-02-11,7.92,-0.56,76.3,0.59,1.67,81.04,1028.27,1261.9,4.6,8.94,420.0,0.244,PM2.5-1HR
38,510590031,2025-02-11,12.19,-0.56,76.59,0.59,1.66,82.88,1028.25,1490.49,6.5,11.6,420.0,0.017,PM2.5-1HR
38,511071005,2025-02-11,8.27,-0.98,74.73,0.43,1.64,114.48,1028.22,2238.14,6.7,11.88,420.0,0.103,PM2.5-1HR
38,110010041,2025-02-12,13.5,0.28,91.93,0.28,2.25,54.47,1021.96,2253.41,5.97,10.858,420.0,0.103,PM2.5-1HR
38,110010043,2025-02-12,12.14,0.18,91.96,0.28,2.21,56.49,1021.99,3927.42,6.44,11.516,420.0,0.356,PM2.5-1HR
38,110010051,2025-02-12,15.52,0.29,91.93,0.28,2.26,54.35,1021.96,3599.37,4.4,8.66,420.0,0.011,PM2.5-1HR
38,110010053,2025-02-12,13.52,0.24,91.98,0.28,2.17,54.63,1021.96,4638.72,5.97,10.858,420.0,0.081,PM2.5-1HR
38,110010055,2025-02-12,12.78,0.3,92,0.29,2.14,52.23,1021.91,1327.41,6.85,12.09,420.0,0.611,PM2.5-1HR
38,240313001,2025-02-12,9.57,-0.04,91.49,0.28,2.25,65.94,1022.13,166.09,3,6.7,420.0,0.508,PM2.5-1HR
38,240330030,2025-02-12,9.3,0.23,91.61,0.29,2.45,58.27,1022.08,181.52,2,5.3,420.0,0.38,PM2.5-1HR
38,510130020,2025-02-12,14.1,0.22,92.05,0.29,2.13,54.49,1021.95,8550.11,5.88,10.732,420.0,0.276,PM2.5-1HR
38,510590030,2025-02-12,13.46,0.27,92.19,0.3,2.04,51.11,1021.9,1261.9,8.7,14.68,420.0,0.244,PM2.5-1HR
38,510590031,2025-02-12,23.31,0.2,92.33,0.31,1.98,51.66,1021.93,1490.49,11.25,18.25,420.0,0.017,PM2.5-1HR
38,511071005,2025-02-12,14.58,-0.26,91.88,0.31,1.82,76.53,1022.07,2238.14,5.2,9.78,420.0,0.103,PM2.5-1HR
38,110010041,2025-02-13,4.75,4.23,79.19,0.16,3.78,247.14,1015.99,2253.41,1.34,4.376,420.0,0.103,PM2.5-1HR
38,110010043,2025-02-13,4.1,4.22,78.67,0.16,3.79,248.17,1016.01,3927.42,1.33,4.362,420.0,0.356,PM2.5-1HR
38,110010051,2025-02-13,6.73,4.23,79.23,0.16,3.78,246.97,1015.98,3599.37,1.34,4.376,420.0,0.011,PM2.5-1HR
38,110010053,2025-02-13,4.13,4.22,79,0.16,3.73,248.33,1016.02,4638.72,1.34,4.376,420.0,0.081,PM2.5-1HR
38,110010055,2025-02-13,4.49,4.22,79.41,0.16,3.68,249.98,1016.03,1327.41,1.78,4.992,420.0,0.611,PM2.5-1HR
38,240313001,2025-02-13,4.63,4,78.19,0.18,4.03,237.07,1016.01,166.09,0,2.5,420.0,0.508,PM2.5-1HR
38,240330030,2025-02-13,3.99,4.15,79.06,0.16,4.02,238.79,1015.88,181.52,2,5.3,420.0,0.38,PM2.5-1HR
38,510590030,2025-02-13,4.24,4.2,79.51,0.18,3.63,245.99,1016.09,1261.9,2.17,5.538,420.0,0.244,PM2.5-1HR
38,510590031,2025-02-13,6.1,4.19,79.36,0.2,3.63,242.38,1016.12,1490.49,2.55,6.07,420.0,0.017,PM2.5-1HR
38,511071005,2025-02-13,5.07,4.05,76.69,0.19,3.94,234.92,1016.22,2238.14,2.1,5.44,420.0,0.103,PM2.5-1HR
38,110010041,2025-02-14,4.6,1.43,45.45,0,3.08,317.75,1034.94,2253.41,0.34,2.976,420.0,0.103,PM2.5-1HR
38,110010043,2025-02-14,4.76,1.48,43.85,0,3.23,322.3,1034.89,3927.42,0.03,2.542,420.0,0.356,PM2.5-1HR
38,110010051,2025-02-14,5.43,1.59,44.4,0,3.22,322.29,1034.87,3599.37,0.34,2.976,420.0,0.011,PM2.5-1HR
38,110010053,2025-02-14,3.87,1.45,45.44,0,3.08,310.42,1034.97,4638.72,0.34,2.976,420.0,0.081,PM2.5-1HR
38,110010055,2025-02-14,3.92,1.55,45.62,0,3.04,311.74,1034.98,1327.41,0.96,3.844,420.0,0.611,PM2.5-1HR
38,240313001,2025-02-14,5.49,1.02,43.61,0,3.36,321.86,1034.9,166.09,2,5.3,420.0,0.508,PM2.5-1HR
38,240330030,2025-02-14,4.53,1.41,43.73,0,3.4,321.26,1034.8,181.52,0,2.5,420.0,0.38,PM2.5-1HR
38,510590030,2025-02-14,4.74,1.47,46.57,0,3.01,316.19,1035.04,1261.9,2.6,6.14,420.0,0.244,PM2.5-1HR
38,510590031,2025-02-14,4.74,1.44,46.69,0,3.03,328.29,1035.07,1490.49,3.1,6.84,420.0,0.017,PM2.5-1HR
38,511071005,2025-02-14,4.5,0.67,45.63,0,3.18,328.04,1035.15,2238.14,3.1,6.84,420.0,0.103,PM2.5-1HR
38,110010041,2025-02-15,5.9,1.68,79.88,0.6,2.23,155.11,1025.58,2253.41,1.78,4.992,420.0,0.103,PM2.5-1HR
38,110010043,2025-02-15,5.31,1.97,73.84,0.86,2.56,156.14,1025.49,3927.42,2.08,5.412,420.0,0.356,PM2.5-1HR
38,110010051,2025-02-15,6.96,2.06,74.52,0.89,2.56,156.79,1025.53,3599.37,1.18,4.152,420.0,0.011,PM2.5-1HR
38,110010053,2025-02-15,4.7,1.8,79.13,0.69,2.42,161.16,1025.54,4638.72,1.78,4.992,420.0,0.081,PM2.5-1HR
38,110010055,2025-02-15,4.38,1.8,79.13,0.69,2.42,161.16,1025.54,1327.41,2.32,5.748,420.0,0.611,PM2.5-1HR
38,240313001,2025-02-15,7.29,1.56,73.63,0.76,2.75,151.88,1025.4,166.09,4,8.1,420.0,0.508,PM2.5-1HR
38,240330030,2025-02-15,5.19,1.86,74.77,0.8,2.61,152.15,1025.58,181.52,1,3.9,420.0,0.38,PM2.5-1HR
38,510590030,2025-02-15,4.79,1.63,80.29,0.7,2.52,168.08,1025.47,1261.9,2.4,5.86,420.0,0.244,PM2.5-1HR
38,510590031,2025-02-15,5.94,1.42,80.04,0.65,3.1,165.7,1025.42,1490.49,3.45,7.33,420.0,0.017,PM2.5-1HR
38,511071005,2025-02-15,4.38,1.07,77.33,0.7,3.42,160.28,1024.95,2238.14,3.6,7.54,420.0,0.103,PM2.5-1HR
38,110010041,2025-02-16,4.93,7.83,79.95,0.45,6.07,225.21,999.18,2253.41,0.04,2.556,420.0,0.103,PM2.5-1HR
38,110010043,2025-02-16,5.46,7.44,77.87,0.93,6.35,223.57,998.93,3927.42,0,2.5,420.0,0.356,PM2.5-1HR
38,110010051,2025-02-16,5.75,7.58,78.18,0.91,6.39,223.7,998.95,3599.37,0.04,2.556,420.0,0.011,PM2.5-1HR
38,110010053,2025-02-16,4.37,8.02,79.99,0.5,6.13,226.27,999.26,4638.72,0.04,2.556,420.0,0.081,PM2.5-1HR
38,110010055,2025-02-16,3.52,8.06,79.96,0.5,6.11,226.26,999.27,1327.41,0.18,2.752,420.0,0.611,PM2.5-1HR
38,240313001,2025-02-16,5.02,6.48,79.11,0.9,6.24,220.34,998.7,166.09,0,2.5,420.0,0.508,PM2.5-1HR
38,240330030,2025-02-16,2.26,7.01,79.16,0.92,6.42,221.48,998.72,181.52,0,2.5,420.0,0.38,PM2.5-1HR
38,510590030,2025-02-16,2.6,7.95,79.77,0.41,6,226.61,999.36,1261.9,0.57,3.298,420.0,0.244,PM2.5-1HR
38,510590031,2025-02-16,3.51,7.56,80.14,0.48,6.28,226.58,999.38,1490.49,0.75,3.55,420.0,0.017,PM2.5-1HR
38,511071005,2025-02-16,2.28,6.44,79.84,0.31,6.72,219.23,998.93,2238.14,0.3,2.92,420.0,0.103,PM2.5-1HR
38,110010041,2025-02-17,3.45,1.93,38.86,0,5.85,287.38,1015.79,2253.41,0.04,2.556,420.0,0.103,PM2.5-1HR
38,110010043,2025-02-17,2.04,1.81,38.74,0,5.82,287.4,1015.83,3927.42,0.03,2.542,420.0,0.356,PM2.5-1HR
38,110010051,2025-02-17,3.05,1.94,38.88,0,5.85,287.37,1015.78,3599.37,0.04,2.556,420.0,0.011,PM2.5-1HR
38,110010053,2025-02-17,1.98,1.94,38.82,0,5.74,287.8,1015.88,4638.72,0.04,2.556,420.0,0.081,PM2.5-1HR
38,110010055,2025-02-17,1.62,2.11,38.9,0,5.65,288.29,1015.94,1327.41,0.4,3.06,420.0,0.611,PM2.5-1HR
38,240313001,2025-02-17,3.33,1.15,39.26,0,6,286.71,1015.7,166.09,1,3.9,420.0,0.508,PM2.5-1HR
38,240330030,2025-02-17,2.72,1.57,39.02,0,6.22,285.91,1015.49,181.52,1,3.9,420.0,0.38,PM2.5-1HR
38,510590030,2025-02-17,2.61,2.15,39.33,0,5.51,289.38,1016.08,1261.9,1.17,4.138,420.0,0.244,PM2.5-1HR
38,510590031,2025-02-17,2.48,2.09,39.65,0,5.44,290.01,1016.17,1490.49,1.7,4.88,420.0,0.017,PM2.5-1HR
38,511071005,2025-02-17,2.75,1.09,39.66,0,5.57,289.35,1016.25,2238.14,1.7,4.88,420.0,0.103,PM2.5-1HR
38,510130020,2025-02-18,4.15,-1.84,33.7,0,4.01,315.9,1025.49,8550.11,0.96,3.844,420.0,0.276,PM2.5-1HR
38,110010041,2025-02-18,5,-1.96,33.51,0,4.12,314.29,1025.45,2253.41,0.88,3.732,420.0,0.103,PM2.5-1HR
38,110010043,2025-02-18,2.83,-2.08,33.09,0,4.13,314.26,1025.5,3927.42,1.04,3.956,420.0,0.356,PM2.5-1HR
38,110010051,2025-02-18,3.6,-1.96,33.53,0,4.12,314.26,1025.45,3599.37,0.32,2.948,420.0,0.011,PM2.5-1HR
38,110010053,2025-02-18,3.51,-1.91,33.52,0,4.04,315.19,1025.48,4638.72,0.88,3.732,420.0,0.081,PM2.5-1HR
38,110010055,2025-02-18,3.73,-1.7,34.06,0,3.94,316.35,1025.44,1327.41,1.37,4.418,420.0,0.611,PM2.5-1HR
38,240313001,2025-02-18,6.56,-2.8,31.52,0,4.43,311.58,1025.67,166.09,4,8.1,420.0,0.508,PM2.5-1HR
38,240330030,2025-02-18,4.52,-2.48,32.45,0,4.48,310.82,1025.47,181.52,1,3.9,420.0,0.38,PM2.5-1HR
38,510590030,2025-02-18,4.24,-1.53,34.67,0,3.86,318.13,1025.46,1261.9,1.9,5.16,420.0,0.244,PM2.5-1HR
38,510590031,2025-02-18,4.28,-1.5,34.88,0,3.86,318.92,1025.49,1490.49,2.8,6.42,420.0,0.017,PM2.5-1HR
38,511071005,2025-02-18,4.52,-2.57,32.6,0,4.16,315.87,1025.87,2238.14,3,6.7,420.0,0.103,PM2.5-1HR
38,110010041,2025-02-19,4.62,-5.65,49.71,0.04,2.4,315.61,1028.51,2253.41,0.2,2.78,420.0,0.103,PM2.5-1HR
38,110010043,2025-02-19,4.7,-5.81,49.93,0.04,2.41,315.28,1028.54,3927.42,0.15,2.71,420.0,0.356,PM2.5-1HR
38,110010051,2025-02-19,4.7,-5.64,49.69,0.04,2.4,315.6,1028.5,3599.37,0.2,2.78,420.0,0.011,PM2.5-1HR
38,110010053,2025-02-19,4.71,-5.67,50.12,0.05,2.37,316.83,1028.53,4638.72,0.2,2.78,420.0,0.081,PM2.5-1HR
38,110010055,2025-02-19,3.21,-5.5,50.36,0.05,2.34,318.75,1028.53,1327.41,0.96,3.844,420.0,0.611,PM2.5-1HR
38,240313001,2025-02-19,7.89,-6.28,47.76,0.03,2.43,313.53,1028.6,166.09,3,6.7,420.0,0.508,PM2.5-1HR
38,240330030,2025-02-19,4.93,-5.89,47.8,0.03,2.5,311.23,1028.47,181.52,2,5.3,420.0,0.38,PM2.5-1HR
38,510590030,2025-02-19,5.4,-5.49,51.05,0.06,2.35,321.93,1028.57,1261.9,2.73,6.322,420.0,0.244,PM2.5-1HR
38,510590031,2025-02-19,5.43,-5.57,51.51,0.06,2.38,323.41,1028.61,1490.49,3.9,7.96,420.0,0.017,PM2.5-1HR
38,511071005,2025-02-19,7.87,-6.57,50.11,0.03,2.37,319.17,1028.84,2238.14,4.5,8.8,420.0,0.103,PM2.5-1HR
38,110010041,2025-02-20,5.23,-4.25,52.54,0.01,4.45,318.55,1020.28,2253.41,0.7,3.48,420.0,0.103,PM2.5-1HR
38,110010043,2025-02-20,3.87,-4.43,52.67,0.01,4.41,318.23,1020.35,3927.42,0.83,3.662,420.0,0.356,PM2.5-1HR
38,110010051,2025-02-20,4.56,-4.24,52.51,0.01,4.45,318.59,1020.27,3599.37,0.7,3.48,420.0,0.011,PM2.5-1HR
38,110010053,2025-02-20,5.17,-4.28,52.75,0.01,4.4,318.38,1020.36,4638.72,0.7,3.48,420.0,0.081,PM2.5-1HR
38,110010055,2025-02-20,2.79,-4.1,52.87,0.01,4.38,318.53,1020.36,1327.41,1.48,4.572,420.0,0.611,PM2.5-1HR
38,240313001,2025-02-20,7.21,-4.83,51.29,0.01,4.5,318.41,1020.44,166.09,4,8.1,420.0,0.508,PM2.5-1HR
38,240330030,2025-02-20,4.89,-4.45,51.42,0.01,4.61,318.86,1020.13,181.52,1,3.9,420.0,0.38,PM2.5-1HR
38,510590030,2025-02-20,5.22,-4.02,52.95,0.01,4.41,319.3,1020.48,1261.9,2.7,6.28,420.0,0.244,PM2.5-1HR
38,510590031,2025-02-20,5.41,-4.06,52.98,0.01,4.45,319.86,1020.57,1490.49,3.95,8.03,420.0,0.017,PM2.5-1HR
38,511071005,2025-02-20,6,-4.94,51.74,0.01,4.48,318.71,1020.97,2238.14,3.9,7.96,420.0,0.103,PM2.5-1HR
38,240330030,2025-02-21,4.31,-1.17,43.72,0,5.29,305.43,1027.83,181.52,2,5.3,420.0,0.38,PM2.5-1HR
38,110010041,2025-02-21,6.02,-0.97,43.52,0,5.05,306.79,1028.05,2253.41,1.45,4.53,420.0,0.103,PM2.5-1HR
38,110010043,2025-02-21,4.38,-1.08,43.85,0,5.05,306.97,1028.11,3927.42,1.68,4.852,420.0,0.356,PM2.5-1HR
38,110010051,2025-02-21,4.7,-0.97,43.5,0,5.05,306.77,1028.04,3599.37,0.8,3.62,420.0,0.011,PM2.5-1HR
38,110010053,2025-02-21,4.26,-0.98,43.58,0,4.99,307.3,1028.14,4638.72,1.45,4.53,420.0,0.081,PM2.5-1HR
38,110010055,2025-02-21,3.11,-0.87,43.26,0,4.93,307.68,1028.17,1327.41,1.9,5.16,420.0,0.611,PM2.5-1HR
38,240313001,2025-02-21,6.82,-1.46,44.27,0,5.23,306.59,1028.12,166.09,4,8.1,420.0,0.508,PM2.5-1HR
38,510590030,2025-02-21,5.33,-0.8,43.16,0,4.93,309.08,1028.31,1261.9,1.87,5.118,420.0,0.244,PM2.5-1HR
38,510590031,2025-02-21,5.15,-0.82,43.28,0,4.97,309.99,1028.41,1490.49,2.65,6.21,420.0,0.017,PM2.5-1HR
38,511071005,2025-02-21,5.31,-1.47,44.68,0,5.15,310.02,1028.74,2238.14,2.5,6.0,420.0,0.103,PM2.5-1HR
38,110010041,2025-02-22,7.54,-0.39,52.56,0,2.3,250.54,1028.81,2253.41,2.62,6.168,420.0,0.103,PM2.5-1HR
38,110010043,2025-02-22,7.77,-0.49,52.73,0,2.26,251.15,1028.79,3927.42,2.9,6.56,420.0,0.356,PM2.5-1HR
38,110010051,2025-02-22,7.96,-0.38,52.54,0,2.31,250.48,1028.81,3599.37,2.62,6.168,420.0,0.011,PM2.5-1HR
38,110010053,2025-02-22,7.21,-0.42,52.64,0,2.26,250.9,1028.82,4638.72,2.62,6.168,420.0,0.081,PM2.5-1HR
38,110010055,2025-02-22,4.95,-0.34,52.55,0,2.25,250.62,1028.86,1327.41,3.18,6.952,420.0,0.611,PM2.5-1HR
38,240313001,2025-02-22,9.64,-0.38,49.67,0,2.42,252.03,1028.65,166.09,5,9.5,420.0,0.508,PM2.5-1HR
38,510590030,2025-02-22,8.17,-0.22,52.04,0,2.29,250.07,1028.9,1261.9,4.53,8.842,420.0,0.244,PM2.5-1HR
38,510590031,2025-02-22,7.57,-0.18,51.7,0,2.33,249.7,1028.9,1490.49,6.05,10.97,420.0,0.017,PM2.5-1HR
38,511071005,2025-02-22,7.49,-0.39,50.02,0,2.38,246.27,1028.72,2238.14,6.1,11.04,420.0,0.103,PM2.5-1HR
38,110010041,2025-02-23,8.47,3.06,48.98,0,2.16,257.52,1021.45,2253.41,1.04,3.956,420.0,0.103,PM2.5-1HR
38,110010043,2025-02-23,6.98,2.96,48.8,0,2.14,264.84,1021.43,3927.42,1.2,4.18,420.0,0.356,PM2.5-1HR
38,110010051,2025-02-23,9.44,3.07,48.99,0,2.16,257.04,1021.45,3599.37,1.04,3.956,420.0,0.011,PM2.5-1HR
38,110010053,2025-02-23,8.04,3.03,48.88,0,2.14,260.28,1021.46,4638.72,1.04,3.956,420.0,0.081,PM2.5-1HR
38,110010055,2025-02-23,5.44,3.12,49,0,2.14,256.94,1021.5,1327.41,1.42,4.488,420.0,0.611,PM2.5-1HR
38,240313001,2025-02-23,9.64,2.88,47.27,0,2.17,287.27,1021.34,166.09,5,9.5,420.0,0.508,PM2.5-1HR
38,510590030,2025-02-23,6.05,3.2,49,0,2.06,254.5,1021.52,1261.9,2.83,6.462,420.0,0.244,PM2.5-1HR
38,510590031,2025-02-23,6.38,3.21,48.95,0,2,253.35,1021.52,1490.49,4.05,8.17,420.0,0.017,PM2.5-1HR
38,511071005,2025-02-23,6.94,2.94,47.47,0,2.03,291.49,1021.42,2238.14,4.2,8.38,420.0,0.103,PM2.5-1HR
38,110010041,2025-02-24,9.59,6.22,51.24,0,2.15,145.49,1017.18,2253.41,2.75,6.35,420.0,0.103,PM2.5-1HR
38,110010043,2025-02-24,9.31,6.26,50.07,0,2.18,137.06,1017.13,3927.42,3.12,6.868,420.0,0.356,PM2.5-1HR
38,110010051,2025-02-24,11.47,6.21,51.36,0,2.15,146.75,1017.18,3599.37,1.96,5.244,420.0,0.011,PM2.5-1HR
38,110010053,2025-02-24,8.34,6.28,50.46,0,2.15,136.75,1017.16,4638.72,2.75,6.35,420.0,0.081,PM2.5-1HR
38,110010055,2025-02-24,6.56,6.31,50.93,0,2.14,147.15,1017.19,1327.41,2.97,6.658,420.0,0.611,PM2.5-1HR
38,240313001,2025-02-24,10.76,5.99,50.43,0,2.43,137.68,1016.98,166.09,5,9.5,420.0,0.508,PM2.5-1HR
38,240330030,2025-02-24,5.6,5.98,52.6,0,2.29,137.25,1017.14,181.52,0,2.5,420.0,0.38,PM2.5-1HR
38,510130020,2025-02-24,6.8,6.23,50.87,0,2.18,139.63,1017.15,8550.11,2.92,6.588,420.0,0.276,PM2.5-1HR
38,510590030,2025-02-24,5.98,6.23,51.6,0,2.17,153.64,1017.19,1261.9,2.53,6.042,420.0,0.244,PM2.5-1HR
38,510590031,2025-02-24,6.98,6.16,51.85,0,2.24,156.33,1017.17,1490.49,3.35,7.19,420.0,0.017,PM2.5-1HR
38,511071005,2025-02-24,8.82,5.91,49.99,0,2.59,165.54,1016.86,2238.14,3.5,7.4,420.0,0.103,PM2.5-1HR
38,110010041,2025-02-25,9.41,9.4,55.42,0,2.41,240.61,1009.56,2253.41,2.66,6.224,420.0,0.103,PM2.5-1HR
38,110010043,2025-02-25,8.45,9.34,55.16,0,2.39,242.44,1009.54,3927.42,2.55,6.07,420.0,0.356,PM2.5-1HR
38,110010051,2025-02-25,11.12,9.4,55.46,0,2.41,240.49,1009.56,3599.37,2.66,6.224,420.0,0.011,PM2.5-1HR
38,110010053,2025-02-25,8.52,9.47,54.97,0,2.41,241.22,1009.56,4638.72,2.66,6.224,420.0,0.081,PM2.5-1HR
38,110010055,2025-02-25,7.34,9.62,54.74,0,2.44,239.72,1009.58,1327.41,3.2,6.98,420.0,0.611,PM2.5-1HR
38,240313001,2025-02-25,9.42,9,55.12,0,2.42,249.02,1009.45,166.09,4,8.1,420.0,0.508,PM2.5-1HR
38,240330030,2025-02-25,6.87,8.99,56.53,0,2.4,242.49,1009.51,181.52,3,6.7,420.0,0.38,PM2.5-1HR
38,510590030,2025-02-25,6.21,9.76,54.96,0,2.5,240.02,1009.58,1261.9,3.5,7.4,420.0,0.244,PM2.5-1HR
38,510590031,2025-02-25,7.03,9.79,55.29,0,2.54,241.16,1009.57,1490.49,3.7,7.68,420.0,0.017,PM2.5-1HR
38,511071005,2025-02-25,5.55,9.19,54.93,0,2.4,254.99,1009.41,2238.14,3.4,7.26,420.0,0.103,PM2.5-1HR
38,110010041,2025-02-26,9.5,9.72,61.84,0,2.34,257.45,1013.36,2253.41,2.64,6.196,420.0,0.103,PM2.5-1HR
38,110010043,2025-02-26,7.17,9.98,59.45,0,2.38,259.63,1013.28,3927.42,2.35,5.79,420.0,0.356,PM2.5-1HR
38,110010051,2025-02-26,11.14,9.97,59.58,0,2.42,256.96,1013.31,3599.37,2.64,6.196,420.0,0.011,PM2.5-1HR
38,110010053,2025-02-26,7.85,9.77,61.37,0,2.39,257.95,1013.35,4638.72,2.64,6.196,420.0,0.081,PM2.5-1HR
38,110010055,2025-02-26,7.75,9.84,61.25,0,2.37,257.69,1013.37,1327.41,3.16,6.924,420.0,0.611,PM2.5-1HR
38,240313001,2025-02-26,8.34,9.55,60.68,0,2.31,260.33,1013.24,166.09,3,6.7,420.0,0.508,PM2.5-1HR
38,240330030,2025-02-26,6.08,9.67,60.48,0,2.48,253.9,1013.3,181.52,1,3.9,420.0,0.38,PM2.5-1HR
38,510590030,2025-02-26,6.8,9.83,61.79,0,2.32,253.83,1013.36,1261.9,4.53,8.842,420.0,0.244,PM2.5-1HR
38,510590031,2025-02-26,7.18,9.79,62.21,0,2.35,250,1013.33,1490.49,4.9,9.36,420.0,0.017,PM2.5-1HR
38,511071005,2025-02-26,5.7,9.22,62.09,0,2.06,252.76,1013.17,2238.14,3.7,7.68,420.0,0.103,PM2.5-1HR
38,110010041,2025-02-27,9.52,11.67,62.54,0.03,3.71,236.59,1007.04,2253.41,2.05,5.37,420.0,0.103,PM2.5-1HR
38,110010043,2025-02-27,8.53,12.56,54.75,0.01,3.35,240.11,1007.08,3927.42,2.26,5.664,420.0,0.356,PM2.5-1HR
38,110010051,2025-02-27,9.05,12.55,55.15,0.01,3.42,238.44,1007.1,3599.37,0.78,3.592,420.0,0.011,PM2.5-1HR
38,110010053,2025-02-27,8.74,11.9,61.5,0.04,3.8,234.54,1007.09,4638.72,2.05,5.37,420.0,0.081,PM2.5-1HR
38,110010055,2025-02-27,7.75,11.9,61.5,0.04,3.8,234.54,1007.09,1327.41,2.48,5.972,420.0,0.611,PM2.5-1HR
38,240313001,2025-02-27,8.82,11.75,57.51,0.02,3.32,244.41,1007.04,166.09,4,8.1,420.0,0.508,PM2.5-1HR
38,240330030,2025-02-27,8.41,12.04,57.12,0.02,3.41,241.45,1007.06,181.52,4,8.1,420.0,0.38,PM2.5-1HR
38,510590030,2025-02-27,8.6,11.89,61.96,0.03,3.66,229.85,1007.13,1261.9,2.7,6.28,420.0,0.244,PM2.5-1HR
38,510590031,2025-02-27,9.29,11.83,61.79,0.03,3.96,233.2,1007.1,1490.49,3.55,7.47,420.0,0.017,PM2.5-1HR
38,511071005,2025-02-27,8.23,11.25,60.79,0.04,4.03,242.98,1006.96,2238.14,3.5,7.4,420.0,0.103,PM2.5-1HR
38,110010041,2025-02-28,3.98,7.87,53.25,0,4.14,261.26,1008.83,2253.41,0.36,3.004,420.0,0.103,PM2.5-1HR
38,110010043,2025-02-28,2.4,9.32,43.89,0,4.03,255.7,1008.53,3927.42,0.45,3.13,420.0,0.356,PM2.5-1HR
38,110010051,2025-02-28,4.39,9.34,44.19,0,4.05,255.66,1008.55,3599.37,0.36,3.004,420.0,0.011,PM2.5-1HR
38,110010053,2025-02-28,3.5,8.01,52.68,0,4.06,262.61,1008.89,4638.72,0.36,3.004,420.0,0.081,PM2.5-1HR
38,110010055,2025-02-28,3.67,8.01,52.79,0,4.06,262.58,1008.91,1327.41,0.82,3.648,420.0,0.611,PM2.5-1HR
38,240313001,2025-02-28,4.36,8.82,45.14,0,4.15,255.16,1008.34,166.09,1,3.9,420.0,0.508,PM2.5-1HR
38,240330030,2025-02-28,2.55,9.04,45.42,0,4.18,255.87,1008.35,181.52,0,2.5,420.0,0.38,PM2.5-1HR
38,510590030,2025-02-28,4.46,8.17,51.8,0,4.09,261.78,1009,1261.9,1.6,4.74,420.0,0.244,PM2.5-1HR
38,510590031,2025-02-28,4.52,7.86,52.06,0,4.34,261.76,1009.06,1490.49,2.4,5.86,420.0,0.017,PM2.5-1HR
38,511071005,2025-02-28,4.1,7.68,50.62,0,4.65,257.32,1008.83,2238.14,2.1,5.44,420.0,0.103,PM2.5-1HR
38,110010041,2025-03-01,3.13,9.15,39.56,0,5.88,265.52,1004.54,2253.41,0.32,2.948,420.0,0.103,PM2.5-1HR
38,110010043,2025-03-01,3.4,9.04,39.5,0,5.88,265.97,1004.58,3927.42,0.4,3.06,420.0,0.356,PM2.5-1HR
38,110010051,2025-03-01,3.88,9.15,39.58,0,5.89,265.49,1004.54,3599.37,0.32,2.948,420.0,0.011,PM2.5-1HR
38,110010053,2025-03-01,2.98,9.18,39.46,0,5.84,265.67,1004.57,4638.72,0.32,2.948,420.0,0.081,PM2.5-1HR
38,110010055,2025-03-01,3.17,9.35,39.41,0,5.78,265.26,1004.58,1327.41,0.82,3.648,420.0,0.611,PM2.5-1HR
38,240313001,2025-03-01,3.29,8.21,40.47,0,5.96,266.92,1004.7,166.09,1,3.9,420.0,0.508,PM2.5-1HR
38,240330030,2025-03-01,4.37,8.68,40.08,0,6.08,265.89,1004.48,181.52,3,6.7,420.0,0.38,PM2.5-1HR
38,510590030,2025-03-01,3.18,9.36,39.73,0,5.77,265.35,1004.63,1261.9,1.67,4.838,420.0,0.244,PM2.5-1HR
38,510590031,2025-03-01,3.13,9.28,40.03,0,5.79,265.68,1004.68,1490.49,2.5,6.0,420.0,0.017,PM2.5-1HR
38,511071005,2025-03-01,3.31,8,41.17,0,5.69,268.75,1005.03,2238.14,2.6,6.14,420.0,0.103,PM2.5-1HR
38,110010041,2025-03-02,4.53,-1.16,37.82,0,3.59,319.08,1021.7,2253.41,1.1,4.04,420.0,0.103,PM2.5-1HR
38,110010043,2025-03-02,3.62,-1.26,37.54,0,3.64,320.43,1021.72,3927.42,1.32,4.348,420.0,0.356,PM2.5-1HR
38,110010051,2025-03-02,4.32,-1.16,37.86,0,3.58,318.96,1021.7,3599.37,0.54,3.256,420.0,0.011,PM2.5-1HR
38,110010053,2025-03-02,3.17,-1.12,37.71,0,3.56,320.66,1021.73,4638.72,1.1,4.04,420.0,0.081,PM2.5-1HR
38,110010055,2025-03-02,2.84,-0.95,37.9,0,3.48,320.64,1021.74,1327.41,1.63,4.782,420.0,0.611,PM2.5-1HR
38,240313001,2025-03-02,5.46,-1.91,37.32,0,3.88,321.1,1021.75,166.09,2,5.3,420.0,0.508,PM2.5-1HR
38,240330030,2025-03-02,3.54,-1.6,37.82,0,3.83,316.3,1021.62,181.52,0,2.5,420.0,0.38,PM2.5-1HR
38,510130020,2025-03-02,3.95,-1.13,38.21,0,3.55,322.45,1021.76,8550.11,0.98,3.872,420.0,0.276,PM2.5-1HR
38,510590030,2025-03-02,4.76,-0.92,38.98,0,3.46,323.76,1021.79,1261.9,2.07,5.398,420.0,0.244,PM2.5-1HR
38,510590031,2025-03-02,5.21,-0.99,39.79,0,3.49,327.71,1021.83,1490.49,3.1,6.84,420.0,0.017,PM2.5-1HR
38,511071005,2025-03-02,4.65,-1.96,40.21,0,3.82,327.82,1022.01,2238.14,3.5,7.4,420.0,0.103,PM2.5-1HR
38,110010041,2025-03-03,7.28,0.54,47.06,0,1.91,288.81,1025.42,2253.41,2.14,5.496,420.0,0.103,PM2.5-1HR
38,110010043,2025-03-03,7.7,0.39,46.88,0,1.86,289.54,1025.41,3927.42,2.2,5.58,420.0,0.356,PM2.5-1HR
38,110010051,2025-03-03,8.67,0.55,47.06,0,1.91,288.62,1025.41,3599.37,2.14,5.496,420.0,0.011,PM2.5-1HR
38,110010053,2025-03-03,7.55,0.52,47.1,0,1.87,291.9,1025.42,4638.72,2.14,5.496,420.0,0.081,PM2.5-1HR
38,110010055,2025-03-03,6.5,0.68,47.39,0,1.89,294.73,1025.43,1327.41,3.08,6.812,420.0,0.611,PM2.5-1HR
38,240313001,2025-03-03,9.16,0.35,42.41,0,1.89,281.17,1025.35,166.09,5,9.5,420.0,0.508,PM2.5-1HR
38,240330030,2025-03-03,7.41,0.46,45,0,1.99,280.04,1025.37,181.52,3,6.7,420.0,0.38,PM2.5-1HR
38,510590030,2025-03-03,8.32,0.9,47.13,0,1.88,296.66,1025.44,1261.9,5.07,9.598,420.0,0.244,PM2.5-1HR
38,510590031,2025-03-03,9.19,1,46.79,0,1.87,296.73,1025.45,1490.49,6.65,11.81,420.0,0.017,PM2.5-1HR
38,511071005,2025-03-03,7.4,0.56,43.27,0,1.78,288.62,1025.33,2238.14,6.3,11.32,420.0,0.103,PM2.5-1HR
38,110010041,2025-03-04,7.05,8.58,50.8,0,3.66,183.02,1020.68,2253.41,1.72,4.908,420.0,0.103,PM2.5-1HR
38,110010043,2025-03-04,7,8.55,50.22,0,3.6,182.68,1020.6,3927.42,1.43,4.502,420.0,0.356,PM2.5-1HR
38,110010051,2025-03-04,7.65,8.57,50.85,0,3.66,183.04,1020.68,3599.37,1.72,4.908,420.0,0.011,PM2.5-1HR
38,110010053,2025-03-04,9.06,8.62,50.4,0,3.63,183,1020.64,4638.72,1.72,4.908,420.0,0.081,PM2.5-1HR
38,110010055,2025-03-04,6.88,8.69,50.62,0,3.67,183.38,1020.7,1327.41,2.22,5.608,420.0,0.611,PM2.5-1HR
38,240313001,2025-03-04,7.64,8.31,48.61,0,3.67,179.63,1020.34,166.09,2,5.3,420.0,0.508,PM2.5-1HR
38,240330030,2025-03-04,5.21,8.32,51.1,0,3.69,181.94,1020.62,181.52,1,3.9,420.0,0.38,PM2.5-1HR
38,510590030,2025-03-04,6.3,8.76,50.26,0,3.78,183.35,1020.64,1261.9,3.3,7.12,420.0,0.244,PM2.5-1HR
38,510590031,2025-03-04,6.52,8.77,49.86,0,3.86,183.1,1020.57,1490.49,3.5,7.4,420.0,0.017,PM2.5-1HR
38,511071005,2025-03-04,7.9,8.68,44.65,0,3.87,177.36,1019.93,2238.14,4.7,9.08,420.0,0.103,PM2.5-1HR
38,110010041,2025-03-05,4.43,13.99,79.1,0.82,5.74,175.41,1001.68,2253.41,0.96,3.844,420.0,0.103,PM2.5-1HR
38,110010043,2025-03-05,4.13,14.08,78.95,0.73,5.72,175.55,1001.54,3927.42,1.08,4.012,420.0,0.356,PM2.5-1HR
38,110010051,2025-03-05,4.3,13.98,79.12,0.82,5.75,175.39,1001.69,3599.37,0.4,3.06,420.0,0.011,PM2.5-1HR
38,110010055,2025-03-05,3.85,14.12,79.17,0.8,5.66,175.93,1001.63,1327.41,1.38,4.432,420.0,0.611,PM2.5-1HR
38,240313001,2025-03-05,3.62,13.76,80.31,0.62,5.92,174.38,1001.18,166.09,0,2.5,420.0,0.508,PM2.5-1HR
38,240330030,2025-03-05,1.99,13.63,79.66,0.82,5.95,174.11,1001.73,181.52,0,2.5,420.0,0.38,PM2.5-1HR
38,510590030,2025-03-05,3.73,14.12,79.95,0.75,5.76,176.49,1001.47,1261.9,1.83,5.062,420.0,0.244,PM2.5-1HR
38,510590031,2025-03-05,4.98,14.11,80.51,0.69,5.87,176.83,1001.3,1490.49,2.5,6.0,420.0,0.017,PM2.5-1HR
38,511071005,2025-03-05,3.97,14.06,80.58,0.48,5.99,176.6,1000.38,2238.14,2,5.3,420.0,0.103,PM2.5-1HR
38,110010041,2025-03-06,2.85,6.94,54.97,0.07,5.96,297.47,999.39,2253.41,0.24,2.836,420.0,0.103,PM2.5-1HR
38,110010043,2025-03-06,1.8,6.83,54.6,0.06,5.98,297.85,999.44,3927.42,0.28,2.892,420.0,0.356,PM2.5-1HR
38,110010051,2025-03-06,2.55,6.95,55,0.07,5.96,297.43,999.38,3599.37,0.24,2.836,420.0,0.011,PM2.5-1HR
38,110010053,2025-03-06,1.88,6.92,54.77,0.06,5.92,297.94,999.48,4638.72,0.24,2.836,420.0,0.081,PM2.5-1HR
38,110010055,2025-03-06,2.68,7.04,54.98,0.06,5.84,298.04,999.52,1327.41,0.38,3.032,420.0,0.611,PM2.5-1HR
38,240313001,2025-03-06,3.48,6.24,54.86,0.04,6.19,297.7,999.43,166.09,1,3.9,420.0,0.508,PM2.5-1HR
38,240330030,2025-03-06,1.89,6.71,55.21,0.07,6.2,296.48,999.14,181.52,0,2.5,420.0,0.38,PM2.5-1HR
38,510590030,2025-03-06,1.93,6.99,55.34,0.06,5.78,298.5,999.67,1261.9,0.47,3.158,420.0,0.244,PM2.5-1HR
38,510590031,2025-03-06,1.8,6.9,55.51,0.05,5.78,298.82,999.78,1490.49,0.65,3.41,420.0,0.017,PM2.5-1HR
38,511071005,2025-03-06,1.84,5.97,54.44,0.03,6.06,298.64,1000.06,2238.14,0.7,3.48,420.0,0.103,PM2.5-1HR
38,110010041,2025-03-07,2.57,6.85,40.17,0,4.26,259.59,1010.04,2253.41,0.3,2.92,420.0,0.103,PM2.5-1HR
38,110010043,2025-03-07,3.36,6.86,39.88,0,4.17,260.61,1010.02,3927.42,0.3,2.92,420.0,0.356,PM2.5-1HR
38,110010051,2025-03-07,3.68,6.85,40.2,0,4.27,259.56,1010.04,3599.37,0.3,2.92,420.0,0.011,PM2.5-1HR
38,110010053,2025-03-07,3.5,6.9,40.01,0,4.17,258.91,1010.1,4638.72,0.3,2.92,420.0,0.081,PM2.5-1HR
38,110010055,2025-03-07,3.15,6.96,40.16,0,4.18,256.96,1010.19,1327.41,0.56,3.284,420.0,0.611,PM2.5-1HR
38,240313001,2025-03-07,3.91,6.56,39.92,0,4.18,270.05,1009.79,166.09,1,3.9,420.0,0.508,PM2.5-1HR
38,240330030,2025-03-07,2.56,6.6,40.41,0,4.47,265.25,1009.74,181.52,0,2.5,420.0,0.38,PM2.5-1HR
38,510590030,2025-03-07,3.57,7,40.84,0,4.1,255.49,1010.29,1261.9,1.7,4.88,420.0,0.244,PM2.5-1HR
38,510590031,2025-03-07,3.52,7,41.33,0,4.03,255.31,1010.32,1490.49,2.4,5.86,420.0,0.017,PM2.5-1HR
38,511071005,2025-03-07,3.36,6.7,40.65,0,3.71,268.95,1010.09,2238.14,1.8,5.02,420.0,0.103,PM2.5-1HR
38,110010041,2025-03-08,4.35,6.95,46.74,0,3.7,303.04,1009.23,2253.41,1.05,3.97,420.0,0.103,PM2.5-1HR
38,110010043,2025-03-08,3.52,6.86,46.59,0,3.66,304.7,1009.27,3927.42,1.16,4.124,420.0,0.356,PM2.5-1HR
38,110010051,2025-03-08,4.42,6.95,46.76,0,3.7,302.91,1009.23,3599.37,0.58,3.312,420.0,0.011,PM2.5-1HR
38,110010053,2025-03-08,3.85,7,46.62,0,3.65,303.77,1009.27,4638.72,1.05,3.97,420.0,0.081,PM2.5-1HR
38,110010055,2025-03-08,3.54,7.17,46.65,0,3.65,302.88,1009.28,1327.41,1.6,4.74,420.0,0.611,PM2.5-1HR
38,240313001,2025-03-08,5.88,6.31,47.04,0,3.69,309.58,1009.32,166.09,4,8.1,420.0,0.508,PM2.5-1HR
38,240330030,2025-03-08,3.04,6.53,47.14,0,3.83,304.3,1009.16,181.52,0,2.5,420.0,0.38,PM2.5-1HR
38,510130020,2025-03-08,3.5,7.03,46.84,0,3.62,303.98,1009.3,8550.11,0.98,3.872,420.0,0.276,PM2.5-1HR
38,510590030,2025-03-08,3.89,7.26,47.17,0,3.6,303.62,1009.33,1261.9,2.37,5.818,420.0,0.244,PM2.5-1HR
38,510590031,2025-03-08,4.26,7.23,47.6,0,3.55,304.69,1009.38,1490.49,3.3,7.12,420.0,0.017,PM2.5-1HR
38,511071005,2025-03-08,3.91,6.42,47.86,0,3.39,312.46,1009.58,2238.14,3.2,6.98,420.0,0.103,PM2.5-1HR
38,110010053,2025-03-09,2.38,6.72,46.66,0,3.35,255,1015.98,4638.72,0.86,3.704,420.0,0.081,PM2.5-1HR
38,110010041,2025-03-09,4.72,6.74,46.27,0,3.42,255.38,1015.94,2253.41,0.86,3.704,420.0,0.103,PM2.5-1HR
38,110010043,2025-03-09,3.28,6.59,46.46,0,3.38,255.78,1015.92,3927.42,1.08,4.012,420.0,0.356,PM2.5-1HR
38,110010051,2025-03-09,5.94,6.75,46.24,0,3.42,255.37,1015.94,3599.37,0.86,3.704,420.0,0.011,PM2.5-1HR
38,110010055,2025-03-09,3.44,6.87,46.9,0,3.31,254.07,1016.06,1327.41,1.48,4.572,420.0,0.611,PM2.5-1HR
38,240313001,2025-03-09,5.45,6.43,44.4,0,3.54,258.3,1015.69,166.09,2,5.3,420.0,0.508,PM2.5-1HR
38,240330030,2025-03-09,3.64,6.62,44.56,0,3.65,257.82,1015.71,181.52,0,2.5,420.0,0.38,PM2.5-1HR
38,510590030,2025-03-09,4.29,7.01,47.4,0,3.27,253.37,1016.13,1261.9,2,5.3,420.0,0.244,PM2.5-1HR
38,510590031,2025-03-09,4.07,7.05,47.7,0,3.25,253.28,1016.14,1490.49,3,6.7,420.0,0.017,PM2.5-1HR
38,511071005,2025-03-09,4.23,6.49,45.93,0,3.33,256.1,1015.85,2238.14,3,6.7,420.0,0.103,PM2.5-1HR
38,110010041,2025-03-10,5.49,9.85,49.7,0,2.1,217.2,1012.76,2253.41,1,3.9,420.0,0.103,PM2.5-1HR
38,110010043,2025-03-10,5.04,9.86,48.28,0,2.13,216.7,1012.72,3927.42,1.08,4.012,420.0,0.356,PM2.5-1HR
38,110010051,2025-03-10,6.36,9.99,48.09,0,2.22,214.98,1012.75,3599.37,1,3.9,420.0,0.011,PM2.5-1HR
38,110010053,2025-03-10,5.65,9.77,49.82,0,2,216.19,1012.77,4638.72,1,3.9,420.0,0.081,PM2.5-1HR
38,110010055,2025-03-10,4.17,9.85,49.96,0,1.98,213.7,1012.81,1327.41,1.4,4.46,420.0,0.611,PM2.5-1HR
38,240313001,2025-03-10,5.87,10.12,45.49,0,2.35,223.16,1012.55,166.09,1,3.9,420.0,0.508,PM2.5-1HR
38,240330030,2025-03-10,5.13,10.11,46.45,0,2.51,219.95,1012.64,181.52,0,2.5,420.0,0.38,PM2.5-1HR
38,510590030,2025-03-10,3.95,9.84,50.67,0,1.96,211.67,1012.83,1261.9,2.3,5.72,420.0,0.244,PM2.5-1HR
38,510590031,2025-03-10,4.58,9.83,50.86,0,2.01,210.14,1012.81,1490.49,3.1,6.84,420.0,0.017,PM2.5-1HR
38,511071005,2025-03-10,4.55,9.65,48.32,0,2.09,219.19,1012.5,2238.14,3.4,7.26,420.0,0.103,PM2.5-1HR
38,110010041,2025-03-11,8.95,11.18,56.71,0,1.84,229.91,1008.68,2253.41,2.6,6.14,420.0,0.103,PM2.5-1HR
38,110010043,2025-03-11,7.57,11.53,48.99,0,2.25,204.4,1008.61,3927.42,2.7,6.28,420.0,0.356,PM2.5-1HR
38,110010051,2025-03-11,9.96,11.55,49.03,0,2.22,200.51,1008.65,3599.37,1.84,5.076,420.0,0.011,PM2.5-1HR
38,110010053,2025-03-11,4.62,11.27,55.46,0,1.75,228.73,1008.7,4638.72,2.6,6.14,420.0,0.081,PM2.5-1HR
38,110010055,2025-03-11,6.33,11.27,55.46,0,1.75,228.73,1008.7,1327.41,2.73,6.322,420.0,0.611,PM2.5-1HR
38,240313001,2025-03-11,6.93,11.68,48.63,0,2.38,214.5,1008.43,166.09,3,6.7,420.0,0.508,PM2.5-1HR
38,240330030,2025-03-11,6.8,11.52,49.13,0,2.31,211.26,1008.56,181.52,3,6.7,420.0,0.38,PM2.5-1HR
38,510590030,2025-03-11,5.74,11.17,56,0,1.75,229.97,1008.71,1261.9,3.23,7.022,420.0,0.244,PM2.5-1HR
38,510590031,2025-03-11,5.71,11.33,54.33,0,2.01,232.68,1008.65,1490.49,3.8,7.82,420.0,0.017,PM2.5-1HR
38,511071005,2025-03-11,6.11,10.78,57.79,0,2.38,221.79,1008.45,2238.14,4.2,8.38,420.0,0.103,PM2.5-1HR
38,110010041,2025-03-12,5.91,11.63,50.52,0,3.19,62.41,1012.3,2253.41,1.14,4.096,420.0,0.103,PM2.5-1HR
38,110010043,2025-03-12,4.84,12.1,42.4,0,3.18,69.24,1012.18,3927.42,0.93,3.802,420.0,0.356,PM2.5-1HR
38,110010051,2025-03-12,6.63,12.06,42.74,0,3.23,69.03,1012.2,3599.37,1.14,4.096,420.0,0.011,PM2.5-1HR
38,110010053,2025-03-12,4.37,11.77,50.98,0,3.12,63.26,1012.24,4638.72,1.14,4.096,420.0,0.081,PM2.5-1HR
38,110010055,2025-03-12,4.58,11.77,51.19,0,3.11,63.37,1012.24,1327.41,1.7,4.88,420.0,0.611,PM2.5-1HR
38,240313001,2025-03-12,4.97,12,40.59,0,3.25,67.57,1012.25,166.09,0,2.5,420.0,0.508,PM2.5-1HR
38,240330030,2025-03-12,6.03,11.82,41.34,0,3.36,66.04,1012.33,181.52,1,3.9,420.0,0.38,PM2.5-1HR
38,510590030,2025-03-12,5.14,11.95,52.38,0,3.1,62.29,1012.11,1261.9,2.77,6.378,420.0,0.244,PM2.5-1HR
38,510590031,2025-03-12,5.49,11.84,52.14,0,3.35,60.13,1012.09,1490.49,3.15,6.91,420.0,0.017,PM2.5-1HR
38,511071005,2025-03-12,5.33,11.52,49.46,0,3.34,60.89,1012.23,2238.14,3.6,7.54,420.0,0.103,PM2.5-1HR
38,110010041,2025-03-13,6.66,7.36,75.94,0,2.45,70.74,1015.88,2253.41,2.7,6.28,420.0,0.103,PM2.5-1HR
38,110010043,2025-03-13,6.42,7.35,75.69,0,2.43,72.98,1015.89,3927.42,2.68,6.252,420.0,0.356,PM2.5-1HR
38,110010051,2025-03-13,8.57,7.36,75.95,0,2.45,70.59,1015.88,3599.37,2.7,6.28,420.0,0.011,PM2.5-1HR
38,110010053,2025-03-13,6.56,7.38,75.81,0,2.42,71.05,1015.85,4638.72,2.7,6.28,420.0,0.081,PM2.5-1HR
38,110010055,2025-03-13,7.41,7.42,75.97,0,2.4,68.68,1015.8,1327.41,3.44,7.316,420.0,0.611,PM2.5-1HR
38,240313001,2025-03-13,7,7.41,73.84,0,2.36,84.07,1015.97,166.09,5,9.5,420.0,0.508,PM2.5-1HR
38,240330030,2025-03-13,8.72,7.31,75.33,0,2.53,76.07,1016.02,181.52,4,8.1,420.0,0.38,PM2.5-1HR
38,510590030,2025-03-13,9.21,7.49,75.81,0,2.33,67.99,1015.75,1261.9,4.7,9.08,420.0,0.244,PM2.5-1HR
38,510590031,2025-03-13,10.28,7.53,75.6,0,2.28,68.73,1015.73,1490.49,5.65,10.41,420.0,0.017,PM2.5-1HR
38,511071005,2025-03-13,10.12,7.67,72.53,0,2.09,88.83,1015.77,2238.14,4.8,9.22,420.0,0.103,PM2.5-1HR
38,110010041,2025-03-14,8.25,7.45,76.86,0,2.12,104.41,1020.05,2253.41,4.32,8.548,420.0,0.103,PM2.5-1HR
38,110010043,2025-03-14,8.94,7.46,76.8,0,2.16,105.19,1020.02,3927.42,4.02,8.128,420.0,0.356,PM2.5-1HR
38,110010051,2025-03-14,8.73,7.45,76.87,0,2.12,104.39,1020.05,3599.37,3.46,7.344,420.0,0.011,PM2.5-1HR
38,110010053,2025-03-14,7.13,7.49,76.88,0,2.14,104.49,1020.02,4638.72,4.32,8.548,420.0,0.081,PM2.5-1HR
38,110010055,2025-03-14,8.27,7.51,76.97,0,2.12,103.62,1020.03,1327.41,5.25,9.85,420.0,0.611,PM2.5-1HR
38,240313001,2025-03-14,8.98,7.52,76.09,0,2.21,111.73,1019.92,166.09,3,6.7,420.0,0.508,PM2.5-1HR
38,240330030,2025-03-14,7.18,7.37,76.52,0,2.13,107.18,1020.08,181.52,0,2.5,420.0,0.38,PM2.5-1HR
38,510130020,2025-03-14,8.6,7.52,76.9,0,2.13,105.18,1020,8550.11,4.88,9.332,420.0,0.276,PM2.5-1HR
38,510590030,2025-03-14,11.49,7.6,77.04,0,2.1,104.53,1019.98,1261.9,7.63,13.182,420.0,0.244,PM2.5-1HR
38,510590031,2025-03-14,12.83,7.66,77.05,0,2.1,105.78,1019.94,1490.49,8.55,14.47,420.0,0.017,PM2.5-1HR
38,511071005,2025-03-14,14.61,7.85,75.19,0,2.33,124.72,1019.63,2238.14,9.3,15.52,420.0,0.103,PM2.5-1HR
38,110010041,2025-03-15,8.02,9.49,84.04,0,3.07,152.99,1017.72,2253.41,3.46,7.344,420.0,0.103,PM2.5-1HR
38,110010043,2025-03-15,8.59,9.52,83.83,0,3.11,152.53,1017.65,3927.42,3.33,7.162,420.0,0.356,PM2.5-1HR
38,110010051,2025-03-15,8.71,9.48,84.06,0,3.07,153.05,1017.72,3599.37,3.46,7.344,420.0,0.011,PM2.5-1HR
38,110010053,2025-03-15,7.29,9.58,83.76,0,3.07,152.72,1017.67,4638.72,3.46,7.344,420.0,0.081,PM2.5-1HR
38,110010055,2025-03-15,6.89,9.65,83.68,0,3.03,152.93,1017.69,1327.41,3.98,8.072,420.0,0.611,PM2.5-1HR
38,240313001,2025-03-15,8.04,9.31,83.95,0,3.37,152.65,1017.46,166.09,5,9.5,420.0,0.508,PM2.5-1HR
38,240330030,2025-03-15,6.53,9.17,84.7,0,3.19,153.28,1017.74,181.52,4,8.1,420.0,0.38,PM2.5-1HR
38,510590030,2025-03-15,8.46,9.76,83.53,0,3.09,154.14,1017.61,1261.9,5.93,10.802,420.0,0.244,PM2.5-1HR
38,510590031,2025-03-15,9.13,9.81,83.45,0,3.16,154.93,1017.53,1490.49,6.9,12.16,420.0,0.017,PM2.5-1HR
38,511071005,2025-03-15,11.5,9.85,82.25,0,3.72,155.21,1016.95,2238.14,7.7,13.28,420.0,0.103,PM2.5-1HR
38,110010041,2025-03-16,5.44,17.63,81.87,0.1,5.82,172.36,1009.77,2253.41,2.15,5.51,420.0,0.103,PM2.5-1HR
38,110010043,2025-03-16,5.32,17.76,81.41,0.11,5.77,172.6,1009.64,3927.42,2.37,5.818,420.0,0.356,PM2.5-1HR
38,110010051,2025-03-16,6.09,17.61,81.93,0.1,5.83,172.34,1009.78,3599.37,2.15,5.51,420.0,0.011,PM2.5-1HR
38,110010055,2025-03-16,5.64,17.85,81.46,0.11,5.81,172.89,1009.73,1327.41,2.45,5.93,420.0,0.611,PM2.5-1HR
38,240313001,2025-03-16,4.24,17.43,82.83,0.2,5.85,172.31,1009.36,166.09,1,3.9,420.0,0.508,PM2.5-1HR
38,240330030,2025-03-16,4.45,17.11,83.2,0.1,5.9,171.11,1009.84,181.52,2,5.3,420.0,0.38,PM2.5-1HR
38,510590030,2025-03-16,5.36,17.89,81.97,0.14,5.94,173.46,1009.59,1261.9,2.57,6.098,420.0,0.244,PM2.5-1HR
38,510590031,2025-03-16,5.26,17.89,82.37,0.16,6.03,173.82,1009.46,1490.49,3.1,6.84,420.0,0.017,PM2.5-1HR
38,511071005,2025-03-16,5.62,17.84,82.83,0.3,5.97,174.74,1008.64,2238.14,3.2,6.98,420.0,0.103,PM2.5-1HR
38,110010041,2025-03-17,3.76,11.44,64.47,0.19,5.02,321.38,1012.82,2253.41,0.9,3.76,420.0,0.103,PM2.5-1HR
38,110010043,2025-03-17,3.8,11.3,64.1,0.21,5.07,321.58,1012.92,3927.42,1.08,4.012,420.0,0.356,PM2.5-1HR
38,110010051,2025-03-17,3.6,11.45,64.51,0.19,5.01,321.34,1012.82,3599.37,0.13,2.682,420.0,0.011,PM2.5-1HR
38,110010055,2025-03-17,3.97,11.51,64.17,0.17,5.05,322.78,1012.87,1327.41,1.16,4.124,420.0,0.611,PM2.5-1HR
38,240313001,2025-03-17,4.32,10.62,64.48,0.24,5.07,320.59,1013.19,166.09,1,3.9,420.0,0.508,PM2.5-1HR
38,240330030,2025-03-17,3.92,11.25,65.15,0.23,4.98,319.39,1012.77,181.52,0,2.5,420.0,0.38,PM2.5-1HR
38,510590030,2025-03-17,4,11.42,64.23,0.14,5.1,324.34,1012.99,1261.9,0.97,3.858,420.0,0.244,PM2.5-1HR
38,510590031,2025-03-17,4.42,11.29,64.26,0.13,5.15,325.24,1013.11,1490.49,1.35,4.39,420.0,0.017,PM2.5-1HR
38,511071005,2025-03-17,3.42,10.11,63.06,0.13,5.13,323.72,1013.81,2238.14,1.1,4.04,420.0,0.103,PM2.5-1HR
38,110010041,2025-03-18,4.49,9.36,39.61,0,3,320.79,1019.09,2253.41,0.43,3.102,420.0,0.103,PM2.5-1HR
38,110010043,2025-03-18,3,9.32,39.12,0,2.98,319.2,1019.11,3927.42,0.33,2.962,420.0,0.356,PM2.5-1HR
38,110010051,2025-03-18,3.8,9.36,39.67,0,3.01,320.91,1019.09,3599.37,0.43,3.102,420.0,0.011,PM2.5-1HR
38,110010055,2025-03-18,3.01,9.49,39.22,0,2.97,321.7,1019.13,1327.41,0.93,3.802,420.0,0.611,PM2.5-1HR
38,240313001,2025-03-18,4.25,9.13,39.21,0,2.99,315.2,1019.16,166.09,1,3.9,420.0,0.508,PM2.5-1HR
38,240330030,2025-03-18,2.57,9.19,40.22,0,3.11,319.27,1019.03,181.52,0,2.5,420.0,0.38,PM2.5-1HR
38,510590030,2025-03-18,2.69,9.62,39.66,0,3,323.4,1019.17,1261.9,1.77,4.978,420.0,0.244,PM2.5-1HR
38,510590031,2025-03-18,2.66,9.68,40.03,0,3.03,324.58,1019.21,1490.49,2.3,5.72,420.0,0.017,PM2.5-1HR
38,511071005,2025-03-18,3.72,9.4,39.49,0,2.86,315.22,1019.35,2238.14,3.1,6.84,420.0,0.103,PM2.5-1HR
38,110010041,2025-03-19,5.91,12.45,47.13,0,3.09,160.34,1015.96,2253.41,0.88,3.732,420.0,0.103,PM2.5-1HR
38,110010043,2025-03-19,5.3,12.5,47.07,0,3.11,159.71,1015.89,3927.42,1,3.9,420.0,0.356,PM2.5-1HR
38,110010051,2025-03-19,7.37,12.44,47.13,0,3.09,160.43,1015.97,3599.37,0.88,3.732,420.0,0.011,PM2.5-1HR
38,110010055,2025-03-19,4.72,12.65,47.31,0,3.08,159.53,1015.93,1327.41,0.98,3.872,420.0,0.611,PM2.5-1HR
38,240313001,2025-03-19,5.18,12.57,45.69,0,3.29,158.76,1015.7,166.09,1,3.9,420.0,0.508,PM2.5-1HR
38,240330030,2025-03-19,2.99,12.25,46.3,0,3.16,162.23,1015.99,181.52,0,2.5,420.0,0.38,PM2.5-1HR
38,510590030,2025-03-19,3.47,12.85,47.55,0,3.1,160.21,1015.85,1261.9,1.45,4.53,420.0,0.244,PM2.5-1HR
38,511071005,2025-03-19,5.16,13.13,45.31,0,3.42,159.58,1015.25,2238.14,2.8,6.42,420.0,0.103,PM2.5-1HR
38,110010041,2025-03-20,7.37,14.16,55.82,0.45,4.37,170.95,1004.88,2253.41,1.45,4.53,420.0,0.103,PM2.5-1HR
38,110010043,2025-03-20,7.32,14.13,55.64,0.44,4.35,170.79,1004.82,3927.42,1.58,4.712,420.0,0.356,PM2.5-1HR
38,110010051,2025-03-20,8.19,14.16,55.86,0.45,4.37,170.95,1004.89,3599.37,0.36,3.004,420.0,0.011,PM2.5-1HR
38,110010053,2025-03-20,7.36,14.21,55.7,0.46,4.36,171.64,1004.83,4638.72,1.45,4.53,420.0,0.081,PM2.5-1HR
38,110010055,2025-03-20,6.9,14.31,55.75,0.47,4.37,172.59,1004.85,1327.41,1.78,4.992,420.0,0.611,PM2.5-1HR
38,240313001,2025-03-20,5.52,13.66,57.51,0.39,4.41,169.65,1004.72,166.09,1,3.9,420.0,0.508,PM2.5-1HR
38,240330030,2025-03-20,5.75,13.84,56.77,0.41,4.42,167.52,1004.94,181.52,0,2.5,420.0,0.38,PM2.5-1HR
38,510590030,2025-03-20,7.17,14.31,57.06,0.46,4.46,174.83,1004.78,1261.9,1.4,4.46,420.0,0.244,PM2.5-1HR
38,511071005,2025-03-20,7.46,13.67,60.08,0.33,4.5,181.15,1004.35,2238.14,2,5.3,420.0,0.103,PM2.5-1HR
38,110010041,2025-03-21,4.19,8.87,42.86,0.02,5.22,300.37,1010.55,2253.41,0.36,3.004,420.0,0.103,PM2.5-1HR
38,110010043,2025-03-21,3.8,8.76,42.52,0.01,5.21,300.73,1010.61,3927.42,0.33,2.962,420.0,0.356,PM2.5-1HR
38,110010051,2025-03-21,4.05,8.88,42.88,0.02,5.23,300.34,1010.55,3599.37,0.36,3.004,420.0,0.011,PM2.5-1HR
38,110010053,2025-03-21,2.99,8.86,42.66,0.01,5.18,300.82,1010.64,4638.72,0.36,3.004,420.0,0.081,PM2.5-1HR
38,110010055,2025-03-21,3.2,8.98,42.84,0.01,5.14,300.92,1010.67,1327.41,0.56,3.284,420.0,0.611,PM2.5-1HR
38,240313001,2025-03-21,3.75,8.42,41.35,0.01,5.36,300.65,1010.63,166.09,1,3.9,420.0,0.508,PM2.5-1HR
38,240330030,2025-03-21,2.62,8.7,42.61,0.02,5.43,299.68,1010.33,181.52,0,2.5,420.0,0.38,PM2.5-1HR
38,510590030,2025-03-21,2.98,9.1,42.53,0.01,5.12,302.25,1010.81,1261.9,0.75,3.55,420.0,0.244,PM2.5-1HR
38,511071005,2025-03-21,2.96,8.51,39.75,0,5.2,302.97,1011.2,2238.14,1.1,4.04,420.0,0.103,PM2.5-1HR
38,110010041,2025-03-22,4.65,11.28,46.69,0.01,4.05,253.59,1010.47,2253.41,0.34,2.976,420.0,0.103,PM2.5-1HR
38,110010043,2025-03-22,4.64,11.37,45.39,0.01,3.89,254.24,1010.49,3927.42,0.25,2.85,420.0,0.356,PM2.5-1HR
38,110010051,2025-03-22,5.07,11.53,45.45,0.01,3.93,253.81,1010.49,3599.37,0.34,2.976,420.0,0.011,PM2.5-1HR
38,110010053,2025-03-22,3.29,11.29,46.7,0.01,4.02,253.6,1010.48,4638.72,0.34,2.976,420.0,0.081,PM2.5-1HR
38,110010055,2025-03-22,4.3,11.46,46.71,0.01,4.01,252.92,1010.51,1327.41,0.76,3.564,420.0,0.611,PM2.5-1HR
38,240313001,2025-03-22,4.61,10.79,44.43,0.02,3.94,253.86,1010.43,166.09,2,5.3,420.0,0.508,PM2.5-1HR
38,240330030,2025-03-22,3.45,11.15,45.29,0.01,4.02,254.56,1010.4,181.52,0,2.5,420.0,0.38,PM2.5-1HR
38,510590030,2025-03-22,3.93,11.58,46.6,0.01,3.97,252.67,1010.54,1261.9,1.9,5.16,420.0,0.244,PM2.5-1HR
38,511071005,2025-03-22,4.1,10.67,44.17,0.01,4.02,252.65,1010.55,2238.14,3.2,6.98,420.0,0.103,PM2.5-1HR
38,110010041,2025-03-23,3.32,7.6,49.71,0.04,2.44,341.4,1020.56,2253.41,1.42,4.488,420.0,0.103,PM2.5-1HR
38,110010043,2025-03-23,3.66,8.13,44.86,0.05,2.6,311.89,1020.12,3927.42,1.45,4.53,420.0,0.356,PM2.5-1HR
38,110010051,2025-03-23,3.57,8.2,44.97,0.05,2.64,312.76,1020.14,3599.37,0.88,3.732,420.0,0.011,PM2.5-1HR
38,110010055,2025-03-23,3.47,7.84,49.83,0.01,2.56,1.4,1020.53,1327.41,1.86,5.104,420.0,0.611,PM2.5-1HR
38,240313001,2025-03-23,4.74,7.51,44.12,0.03,2.62,301.08,1020.12,166.09,1,3.9,420.0,0.508,PM2.5-1HR
38,240330030,2025-03-23,2.44,7.65,44.03,0.03,2.67,298.63,1020.2,181.52,0,2.5,420.0,0.38,PM2.5-1HR
38,510590030,2025-03-23,3.92,7.98,54,0,2.73,3.35,1020.4,1261.9,2.25,5.65,420.0,0.244,PM2.5-1HR
38,511071005,2025-03-23,4.15,7.55,49.67,0.11,2.93,15.13,1020.32,2238.14,3.6,7.54,420.0,0.103,PM2.5-1HR
38,110010041,2025-03-24,8.71,11.01,79.04,0.24,3.01,203.7,1010.28,2253.41,2.55,6.07,420.0,0.103,PM2.5-1HR
38,110010043,2025-03-24,7.24,10.99,77.85,0.38,2.95,190.96,1010.49,3927.42,2.53,6.042,420.0,0.356,PM2.5-1HR
38,110010051,2025-03-24,9.47,10.92,79.6,0.37,2.98,192.02,1010.53,3599.37,2.55,6.07,420.0,0.011,PM2.5-1HR
38,110010055,2025-03-24,8.5,11.01,80.88,0.3,3.09,203.7,1010.28,1327.41,2.9,6.56,420.0,0.611,PM2.5-1HR
38,240313001,2025-03-24,5.99,10.99,71.15,0.32,2.98,192.79,1010.36,166.09,2,5.3,420.0,0.508,PM2.5-1HR
38,240330030,2025-03-24,6.97,10.82,76.79,0.37,3.04,192.01,1010.55,181.52,1,3.9,420.0,0.38,PM2.5-1HR
38,510590030,2025-03-24,7.89,10.88,80.33,0.22,3.03,201.04,1010.23,1261.9,3,6.7,420.0,0.244,PM2.5-1HR
38,511071005,2025-03-24,6.06,12,58.79,0.07,3.81,213.99,1009.84,2238.14,2.7,6.28,420.0,0.103,PM2.5-1HR
38,110010041,2025-03-25,3.36,11.89,41.96,0.01,3.33,270.45,1013.43,2253.41,0.18,2.752,420.0,0.103,PM2.5-1HR
38,110010043,2025-03-25,2.05,12.46,38.41,0,3.16,277.24,1013.19,3927.42,0.23,2.822,420.0,0.356,PM2.5-1HR
38,110010051,2025-03-25,3.59,12.56,39.28,0,3.14,277.4,1013.19,3599.37,0.18,2.752,420.0,0.011,PM2.5-1HR
38,110010055,2025-03-25,3.87,11.88,43.21,0.01,3.36,272.88,1013.49,1327.41,0.65,3.41,420.0,0.611,PM2.5-1HR
38,240313001,2025-03-25,2.99,12.2,36.4,0,3.36,274.29,1013.13,166.09,0,2.5,420.0,0.508,PM2.5-1HR
38,240330030,2025-03-25,2.74,12.5,37.93,0.01,3.31,274.81,1013.12,181.52,0,2.5,420.0,0.38,PM2.5-1HR
38,510590030,2025-03-25,2.56,11.55,46.25,0,3.13,277.62,1013.52,1261.9,0.95,3.83,420.0,0.244,PM2.5-1HR
38,511071005,2025-03-25,2.7,11.98,32.92,0,3.86,275.95,1013.44,2238.14,2.2,5.58,420.0,0.103,PM2.5-1HR
38,110010041,2025-03-26,3.39,8.11,43.88,0.03,4.33,310.32,1019.03,2253.41,0.67,3.438,420.0,0.103,PM2.5-1HR
38,110010043,2025-03-26,2.72,8.71,38.78,0,4.27,310.04,1018.92,3927.42,0.66,3.424,420.0,0.356,PM2.5-1HR
38,110010051,2025-03-26,3.26,8.86,38.89,0,4.28,310.58,1018.87,3599.37,0.14,2.696,420.0,0.011,PM2.5-1HR
38,110010053,2025-03-26,2.97,8.23,43.6,0.01,4.31,313.18,1019.05,4638.72,0.67,3.438,420.0,0.081,PM2.5-1HR
38,110010055,2025-03-26,3.45,8.27,43.61,0.01,4.31,313.1,1019.05,1327.41,1.12,4.068,420.0,0.611,PM2.5-1HR
38,240313001,2025-03-26,5.82,8.16,38.21,0,4.23,307.82,1019,166.09,1,3.9,420.0,0.508,PM2.5-1HR
38,240330030,2025-03-26,3.95,8.51,38.5,0,4.24,309.71,1018.8,181.52,0,2.5,420.0,0.38,PM2.5-1HR
38,510130020,2025-03-26,3.3,8.16,43.63,0.01,4.39,314.83,1019.12,8550.11,0.8,3.62,420.0,0.276,PM2.5-1HR
38,510590030,2025-03-26,3.35,8.22,45.29,0,4.39,315.59,1019.12,1261.9,1.7,4.88,420.0,0.244,PM2.5-1HR
38,511071005,2025-03-26,3.46,7.95,39.41,0,5.4,306.78,1019.46,2238.14,3,6.7,420.0,0.103,PM2.5-1HR
38,110010041,2025-03-27,4.37,7.02,43.33,0,2.41,287.4,1025.76,2253.41,0.9,3.76,420.0,0.103,PM2.5-1HR
38,110010043,2025-03-27,4.82,6.87,43.17,0,2.37,286.36,1025.75,3927.42,0.75,3.55,420.0,0.356,PM2.5-1HR
38,110010051,2025-03-27,4.48,7.04,43.33,0,2.41,287.4,1025.76,3599.37,0.9,3.76,420.0,0.011,PM2.5-1HR
38,110010053,2025-03-27,3.97,7.03,43.25,0,2.34,289.03,1025.76,4638.72,0.9,3.76,420.0,0.081,PM2.5-1HR
38,110010055,2025-03-27,3.88,7.21,43.37,0,2.32,292.52,1025.77,1327.41,1.32,4.348,420.0,0.611,PM2.5-1HR
38,240313001,2025-03-27,5.3,6.67,41.27,0,2.42,279.42,1025.69,166.09,1,3.9,420.0,0.508,PM2.5-1HR
38,240330030,2025-03-27,5.56,6.81,42.61,0,2.59,280.52,1025.71,181.52,0,2.5,420.0,0.38,PM2.5-1HR
38,510590030,2025-03-27,4.04,7.51,43.09,0,2.21,295.98,1025.77,1261.9,2.3,5.72,420.0,0.244,PM2.5-1HR
38,511071005,2025-03-27,4.29,7.16,39.93,0,2.02,283.42,1025.67,2238.14,3.1,6.84,420.0,0.103,PM2.5-1HR
38,110010041,2025-03-28,9.12,12.86,58.76,0.02,2.34,205.05,1021.82,2253.41,1.54,4.656,420.0,0.103,PM2.5-1HR
38,110010043,2025-03-28,8.68,12.7,59.1,0.02,2.28,204.79,1021.79,3927.42,1.48,4.572,420.0,0.356,PM2.5-1HR
38,110010051,2025-03-28,8.51,12.87,58.75,0.02,2.34,205.06,1021.82,3599.37,1.54,4.656,420.0,0.011,PM2.5-1HR
38,110010053,2025-03-28,8.26,12.95,58.28,0.01,2.32,204.47,1021.81,4638.72,1.54,4.656,420.0,0.081,PM2.5-1HR
38,110010055,2025-03-28,8.28,13.25,57.34,0.01,2.38,203.99,1021.84,1327.41,2.1,5.44,420.0,0.611,PM2.5-1HR
38,240313001,2025-03-28,7.7,11.89,60.06,0.05,2.19,204.05,1021.66,166.09,4,8.1,420.0,0.508,PM2.5-1HR
38,240330030,2025-03-28,6.84,12.18,60.55,0.03,2.31,204.96,1021.77,181.52,0,2.5,420.0,0.38,PM2.5-1HR
38,510590030,2025-03-28,7.68,13.56,56.03,0,2.45,201.74,1021.82,1261.9,2.8,6.42,420.0,0.244,PM2.5-1HR
38,511071005,2025-03-28,7.28,12.39,56.99,0.05,2.18,195.44,1021.49,2238.14,4.5,8.8,420.0,0.103,PM2.5-1HR
38,110010041,2025-03-29,12.13,20.48,45.37,0,4.03,215.69,1017.63,2253.41,6.93,12.202,420.0,0.103,PM2.5-1HR
38,110010043,2025-03-29,14.47,20.45,45.37,0,3.88,215.45,1017.59,3927.42,7.16,12.524,420.0,0.356,PM2.5-1HR
38,110010051,2025-03-29,12.21,20.48,45.38,0,4.04,215.71,1017.63,3599.37,5.94,10.816,420.0,0.011,PM2.5-1HR
38,110010053,2025-03-29,11.76,20.51,45.15,0,3.96,215.16,1017.66,4638.72,6.93,12.202,420.0,0.081,PM2.5-1HR
38,110010055,2025-03-29,12,20.59,44.88,0,4.08,214.8,1017.74,1327.41,6.65,11.81,420.0,0.611,PM2.5-1HR
38,240313001,2025-03-29,13.02,19.95,48.45,0,3.58,216.26,1017.33,166.09,9,15.1,420.0,0.508,PM2.5-1HR
38,240330030,2025-03-29,12.53,20.17,47.14,0,3.96,217.52,1017.41,181.52,8,13.7,420.0,0.38,PM2.5-1HR
38,510590030,2025-03-29,13.87,20.64,44.6,0,4.18,213.53,1017.78,1261.9,6.55,11.67,420.0,0.244,PM2.5-1HR
38,511071005,2025-03-29,14.44,20.24,46.76,0,3.53,211.26,1017.34,2238.14,8.5,14.4,420.0,0.103,PM2.5-1HR
38,110010041,2025-03-30,6.46,20.65,56.16,0,3.89,198.04,1015.42,2253.41,2.44,5.916,420.0,0.103,PM2.5-1HR
38,110010043,2025-03-30,7.66,20.76,55.37,0,3.83,198.63,1015.35,3927.42,2.55,6.07,420.0,0.356,PM2.5-1HR
38,110010051,2025-03-30,6.58,20.64,56.23,0,3.89,197.91,1015.43,3599.37,2.44,5.916,420.0,0.011,PM2.5-1HR
38,110010053,2025-03-30,5.66,20.78,55.63,0,3.91,199.75,1015.4,4638.72,2.44,5.916,420.0,0.081,PM2.5-1HR
38,110010055,2025-03-30,6.62,20.81,55.96,0,4.02,200.89,1015.46,1327.41,2.58,6.112,420.0,0.611,PM2.5-1HR
38,240313001,2025-03-30,5.53,20.41,55.23,0,3.6,189.66,1015.11,166.09,2,5.3,420.0,0.508,PM2.5-1HR
38,240330030,2025-03-30,6.48,20.21,57.12,0,3.71,188.49,1015.37,181.52,0,2.5,420.0,0.38,PM2.5-1HR
38,510590030,2025-03-30,6.93,20.89,55.78,0,4.17,200.26,1015.43,1261.9,3.85,7.89,420.0,0.244,PM2.5-1HR
38,511071005,2025-03-30,7.37,20.84,53.46,0,3.68,193.01,1014.82,2238.14,6.3,11.32,420.0,0.103,PM2.5-1HR
38,110010041,2025-03-31,6.26,21.09,69.83,0.34,4.51,214.66,1006.22,2253.41,0.84,3.676,420.0,0.103,PM2.5-1HR
38,110010043,2025-03-31,6.75,21.11,69.33,0.35,4.46,216.12,1006.16,3927.42,1,3.9,420.0,0.356,PM2.5-1HR
38,110010051,2025-03-31,6.32,21.08,69.87,0.34,4.52,214.51,1006.22,3599.37,0.84,3.676,420.0,0.011,PM2.5-1HR
38,110010053,2025-03-31,4.44,21.13,69.59,0.35,4.49,215.56,1006.21,4638.72,0.84,3.676,420.0,0.081,PM2.5-1HR
38,110010055,2025-03-31,5.36,21.16,69.91,0.34,4.53,214.83,1006.28,1327.41,0.86,3.704,420.0,0.611,PM2.5-1HR
38,240313001,2025-03-31,3.45,20.81,68.9,0.33,4.28,216.43,1005.93,166.09,1,3.9,420.0,0.508,PM2.5-1HR
38,240330030,2025-03-31,3.26,20.86,70.15,0.35,4.46,213.66,1006.1,181.52,0,2.5,420.0,0.38,PM2.5-1HR
38,510590030,2025-03-31,4.8,21.13,70.16,0.32,4.57,213.35,1006.27,1261.9,1.65,4.81,420.0,0.244,PM2.5-1HR
38,511071005,2025-03-31,5.04,20.83,67.33,0.26,4.15,214.72,1005.8,2238.14,3,6.7,420.0,0.103,PM2.5-1HR
38,110010041,2025-04-01,3.74,10.6,56.33,0.16,4.22,324.74,1015.79,2253.41,2.12,5.468,420.0,0.103,PM2.5-1HR
38,110010043,2025-04-01,3.72,10.43,56.05,0.14,4.27,323.8,1015.86,3927.42,2.46,5.944,420.0,0.356,PM2.5-1HR
38,110010051,2025-04-01,4.36,10.62,56.35,0.16,4.21,324.83,1015.79,3599.37,1.86,5.104,420.0,0.011,PM2.5-1HR
38,110010055,2025-04-01,3.9,10.73,56.1,0.16,4.19,326.13,1015.83,1327.41,2.37,5.818,420.0,0.611,PM2.5-1HR
38,240313001,2025-04-01,3.57,9.83,55.1,0.1,4.39,322.2,1016.04,166.09,2,5.3,420.0,0.508,PM2.5-1HR
38,240330030,2025-04-01,2.71,10.36,56.35,0.16,4.29,323.06,1015.74,181.52,1,3.9,420.0,0.38,PM2.5-1HR
38,510130020,2025-04-01,3.45,10.58,55.73,0.14,4.26,326.11,1015.89,8550.11,2.36,5.804,420.0,0.276,PM2.5-1HR
38,510590030,2025-04-01,4.17,10.79,55.52,0.16,4.23,328.88,1015.91,1261.9,0.95,3.83,420.0,0.244,PM2.5-1HR
38,511071005,2025-04-01,4.38,9.7,52.95,0.07,4.42,328.93,1016.48,2238.14,1.8,5.02,420.0,0.103,PM2.5-1HR
38,110010053,2025-04-02,3.21,9.76,61.93,0,3.39,115.55,1026.88,4638.72,0.66,3.424,420.0,0.081,PM2.5-1HR
38,110010041,2025-04-02,4.46,9.76,61.54,0,3.45,115.41,1026.93,2253.41,0.66,3.424,420.0,0.103,PM2.5-1HR
38,110010043,2025-04-02,4.56,9.64,61.41,0,3.45,114.44,1026.88,3927.42,0.75,3.55,420.0,0.356,PM2.5-1HR
38,110010051,2025-04-02,5.04,9.77,61.53,0,3.45,115.46,1026.94,3599.37,0.66,3.424,420.0,0.011,PM2.5-1HR
38,110010055,2025-04-02,3.78,9.91,62.57,0,3.31,117.07,1026.87,1327.41,1.14,4.096,420.0,0.611,PM2.5-1HR
38,240313001,2025-04-02,3.43,9.16,58.94,0,3.72,112.21,1026.84,166.09,0,2.5,420.0,0.508,PM2.5-1HR
38,240330030,2025-04-02,3.18,9.49,59.32,0,3.75,112.61,1027.05,181.52,0,2.5,420.0,0.38,PM2.5-1HR
38,510590030,2025-04-02,4,10.03,62.94,0,3.21,117.52,1026.79,1261.9,1.85,5.09,420.0,0.244,PM2.5-1HR
38,511071005,2025-04-02,4.71,9.39,60.02,0,3.5,117.29,1026.41,2238.14,3.8,7.82,420.0,0.103,PM2.5-1HR
38,110010041,2025-04-03,8.08,19.35,75.62,0,4.46,201.02,1019.4,2253.41,1.94,5.216,420.0,0.103,PM2.5-1HR
38,110010043,2025-04-03,7.93,19.3,75.61,0,4.42,201.05,1019.35,3927.42,1.58,4.712,420.0,0.356,PM2.5-1HR
38,110010051,2025-04-03,7.39,19.35,75.63,0,4.47,201.01,1019.4,3599.37,1.94,5.216,420.0,0.011,PM2.5-1HR
38,110010053,2025-04-03,7.36,19.39,75.55,0,4.43,200.91,1019.39,4638.72,1.94,5.216,420.0,0.081,PM2.5-1HR
38,110010055,2025-04-03,8.41,19.49,75.46,0,4.44,200.77,1019.44,1327.41,2.86,6.504,420.0,0.611,PM2.5-1HR
38,240313001,2025-04-03,4.71,18.63,77.48,0.02,4.4,199.72,1019.16,166.09,2,5.3,420.0,0.508,PM2.5-1HR
38,240330030,2025-04-03,4.63,18.94,76.5,0.01,4.52,201.11,1019.31,181.52,2,5.3,420.0,0.38,PM2.5-1HR
38,510590030,2025-04-03,7.19,19.49,75.83,0,4.45,199.74,1019.43,1261.9,4,8.1,420.0,0.244,PM2.5-1HR
38,511071005,2025-04-03,7.61,18.62,77.8,0.02,4.22,195.72,1018.98,2238.14,4.1,8.24,420.0,0.103,PM2.5-1HR
38,110010041,2025-04-04,5.88,20.72,71.74,0.16,2.8,313.98,1021.34,2253.41,1.38,4.432,420.0,0.103,PM2.5-1HR
38,110010043,2025-04-04,5.56,20.62,71.68,0.16,2.73,313.54,1021.36,3927.42,1.54,4.656,420.0,0.356,PM2.5-1HR
38,110010051,2025-04-04,5.91,20.72,71.76,0.16,2.8,314.06,1021.34,3599.37,0.52,3.228,420.0,0.011,PM2.5-1HR
38,110010053,2025-04-04,6.04,20.75,71.77,0.17,2.75,313.48,1021.35,4638.72,1.38,4.432,420.0,0.081,PM2.5-1HR
38,110010055,2025-04-04,5.93,20.9,71.88,0.19,2.78,313.27,1021.34,1327.41,1.68,4.852,420.0,0.611,PM2.5-1HR
38,240313001,2025-04-04,4.72,19.73,73.12,0.17,2.63,314.74,1021.45,166.09,1,3.9,420.0,0.508,PM2.5-1HR
38,240330030,2025-04-04,4.18,20.28,71.81,0.14,2.81,315.55,1021.36,181.52,0,2.5,420.0,0.38,PM2.5-1HR
38,510590030,2025-04-04,5.6,20.78,72.87,0.21,2.81,315.79,1021.36,1261.9,1.7,4.88,420.0,0.244,PM2.5-1HR
38,511071005,2025-04-04,5.07,19.09,75.59,0.2,2.52,320.96,1021.55,2238.14,2.9,6.56,420.0,0.103,PM2.5-1HR
38,110010041,2025-04-05,10.1,18.47,74.31,0.39,2.6,107.15,1018.76,2253.41,2.36,5.804,420.0,0.103,PM2.5-1HR
38,110010043,2025-04-05,9.67,18.97,72.38,0.02,2.63,109.28,1018.78,3927.42,2.13,5.482,420.0,0.356,PM2.5-1HR
38,110010051,2025-04-05,10.81,18.96,72.66,0.02,2.61,108.72,1018.82,3599.37,2.36,5.804,420.0,0.011,PM2.5-1HR
38,110010053,2025-04-05,9.81,18.73,73.89,0.02,2.63,114.18,1018.67,4638.72,2.36,5.804,420.0,0.081,PM2.5-1HR
38,110010055,2025-04-05,10.32,18.9,73.54,0.02,2.6,115.27,1018.65,1327.41,2.94,6.616,420.0,0.611,PM2.5-1HR
38,240313001,2025-04-05,6.5,18.11,74.05,0.08,2.77,109.72,1018.87,166.09,3,6.7,420.0,0.508,PM2.5-1HR
38,240330030,2025-04-05,6.81,18.02,75.13,0.04,2.76,103.88,1019.04,181.52,2,5.3,420.0,0.38,PM2.5-1HR
38,510590030,2025-04-05,9.42,19.12,73.48,0.01,2.67,118.36,1018.5,1261.9,4.1,8.24,420.0,0.244,PM2.5-1HR
38,511071005,2025-04-05,10.17,18.31,74.83,0.41,2.79,122.82,1018.4,2238.14,5.3,9.92,420.0,0.103,PM2.5-1HR
38,110010041,2025-04-06,8.69,15.87,82.38,0.33,2.89,18.85,1010.34,2253.41,0.86,3.704,420.0,0.103,PM2.5-1HR
38,110010043,2025-04-06,8.17,16.01,77.46,0.05,2.14,27.66,1010.56,3927.42,0.93,3.802,420.0,0.356,PM2.5-1HR
38,110010051,2025-04-06,8.9,16.17,76.89,0.05,2.17,21.52,1010.55,3599.37,0.86,3.704,420.0,0.011,PM2.5-1HR
38,110010053,2025-04-06,8.95,16.4,80.92,0.13,2.98,7.48,1010.29,4638.72,0.86,3.704,420.0,0.081,PM2.5-1HR
38,110010055,2025-04-06,8.55,16.4,80.92,0.13,2.98,7.48,1010.29,1327.41,1.12,4.068,420.0,0.611,PM2.5-1HR
38,240313001,2025-04-06,6.63,14.59,81.98,0.07,2.17,27.35,1010.76,166.09,0,2.5,420.0,0.508,PM2.5-1HR
38,240330030,2025-04-06,7.32,15.15,79.84,0.05,2.22,27.15,1010.72,181.52,0,2.5,420.0,0.38,PM2.5-1HR
38,510590030,2025-04-06,8.82,16.88,80.08,0.14,3.08,358.42,1010.25,1261.9,0.95,3.83,420.0,0.244,PM2.5-1HR
38,511071005,2025-04-06,9.49,14.78,85.08,0.13,2.7,352.07,1010.6,2238.14,1.4,4.46,420.0,0.103,PM2.5-1HR
38,110010041,2025-04-07,3.03,8.87,89.08,0.77,2.63,30.46,1007.71,2253.41,0.82,3.648,420.0,0.103,PM2.5-1HR
38,110010043,2025-04-07,3.68,7.77,89.33,0.78,2.48,31.57,1007.99,3927.42,0.92,3.788,420.0,0.356,PM2.5-1HR
38,110010051,2025-04-07,4.09,7.93,89.57,0.78,2.56,31.4,1007.95,3599.37,0.16,2.724,420.0,0.011,PM2.5-1HR
38,110010053,2025-04-07,2.74,8.98,89.79,0.93,2.67,32.22,1007.64,4638.72,0.82,3.648,420.0,0.081,PM2.5-1HR
38,110010055,2025-04-07,4.16,8.98,89.79,0.93,2.67,32.22,1007.64,1327.41,1.08,4.012,420.0,0.611,PM2.5-1HR
38,240313001,2025-04-07,2.75,7.04,90.22,0.69,2.26,28.65,1008.23,166.09,0,2.5,420.0,0.508,PM2.5-1HR
38,240330030,2025-04-07,3.37,7.51,89.39,0.71,2.53,29.16,1008.12,181.52,0,2.5,420.0,0.38,PM2.5-1HR
38,510130020,2025-04-07,4.2,9.07,89.13,0.75,2.51,30.77,1007.65,8550.11,0.88,3.732,420.0,0.276,PM2.5-1HR
38,510590030,2025-04-07,5.21,9.19,89.54,0.88,2.6,30.73,1007.57,1261.9,0.95,3.83,420.0,0.244,PM2.5-1HR
38,511071005,2025-04-07,5.4,8.75,87.04,0.29,2.68,19.37,1007.94,2238.14,1.3,4.32,420.0,0.103,PM2.5-1HR
38,110010043,2025-04-08,2.91,5.91,48.15,0.01,4.89,303.05,1012.46,3927.42,0,2.5,420.0,0.356,PM2.5-1HR
38,110010041,2025-04-08,3.52,4.95,50.33,0.01,4.93,301.75,1012.68,2253.41,0,2.5,420.0,0.103,PM2.5-1HR
38,110010051,2025-04-08,3.91,6.05,48.72,0.01,4.91,303.03,1012.4,3599.37,0,2.5,420.0,0.011,PM2.5-1HR
38,110010053,2025-04-08,3.69,5.09,50.88,0.01,4.82,304.07,1012.74,4638.72,0,2.5,420.0,0.081,PM2.5-1HR
38,110010055,2025-04-08,3.59,5.09,50.88,0.01,4.82,304.07,1012.74,1327.41,0.52,3.228,420.0,0.611,PM2.5-1HR
38,240313001,2025-04-08,3.81,5.31,46.63,0,5.08,301.45,1012.54,166.09,1,3.9,420.0,0.508,PM2.5-1HR
38,240330030,2025-04-08,3.29,5.71,48.11,0.01,5.18,299.21,1012.28,181.52,2,5.3,420.0,0.38,PM2.5-1HR
38,510590030,2025-04-08,3.83,5.1,50.79,0.01,4.82,308.42,1012.88,1261.9,1.3,4.32,420.0,0.244,PM2.5-1HR
38,511071005,2025-04-08,4.1,4.38,45.04,0,5.79,309.58,1013.35,2238.14,2.8,6.42,420.0,0.103,PM2.5-1HR
38,110010043,2025-04-09,3.2,5.45,42.9,0,1.96,276.68,1024.79,3927.42,0.68,3.452,420.0,0.356,PM2.5-1HR
38,110010041,2025-04-09,4.33,4.83,51.58,0,1.82,242.15,1025.11,2253.41,0.6,3.34,420.0,0.103,PM2.5-1HR
38,110010051,2025-04-09,4.82,5.61,42.74,0,2.04,280.89,1024.83,3599.37,0.6,3.34,420.0,0.011,PM2.5-1HR
38,110010053,2025-04-09,3.68,4.95,51.13,0,1.8,253.1,1025.12,4638.72,0.6,3.34,420.0,0.081,PM2.5-1HR
38,110010055,2025-04-09,4.46,4.95,51.13,0,1.8,253.1,1025.12,1327.41,1.2,4.18,420.0,0.611,PM2.5-1HR
38,240313001,2025-04-09,4.49,5.07,42.48,0,1.97,265.67,1024.71,166.09,2,5.3,420.0,0.508,PM2.5-1HR
38,240330030,2025-04-09,3.38,5.38,42.44,0,2.17,271.67,1024.81,181.52,0,2.5,420.0,0.38,PM2.5-1HR
38,510590030,2025-04-09,3.83,5.06,52.33,0,1.85,272.15,1025.05,1261.9,1.65,4.81,420.0,0.244,PM2.5-1HR
38,511071005,2025-04-09,4.39,4.92,50.13,0,2.15,248.18,1024.81,2238.14,3.2,6.98,420.0,0.103,PM2.5-1HR
38,110010041,2025-04-10,4.21,9.25,63.46,0.09,3.29,148.91,1023.06,2253.41,1.92,5.188,420.0,0.103,PM2.5-1HR
38,110010043,2025-04-10,4.21,9.67,62.88,0.12,3.4,143.6,1023.11,3927.42,1.8,5.02,420.0,0.356,PM2.5-1HR
38,110010051,2025-04-10,6.06,9.84,62.32,0.1,3.45,144.78,1023.17,3599.37,1.46,4.544,420.0,0.011,PM2.5-1HR
38,110010053,2025-04-10,3.81,9.41,62.91,0.09,3.41,150.23,1023.02,4638.72,1.92,5.188,420.0,0.081,PM2.5-1HR
38,110010055,2025-04-10,4.93,9.44,62.88,0.08,3.41,150.36,1023.01,1327.41,2.37,5.818,420.0,0.611,PM2.5-1HR
38,240313001,2025-04-10,5.06,9.04,64.64,0.15,3.56,142.1,1023.05,166.09,2,5.3,420.0,0.508,PM2.5-1HR
38,240330030,2025-04-10,3.4,9.5,62.62,0.11,3.61,144.4,1023.29,181.52,0,2.5,420.0,0.38,PM2.5-1HR
38,510590030,2025-04-10,4.12,9.39,64.23,0.1,3.5,151.63,1022.88,1261.9,3.1,6.84,420.0,0.244,PM2.5-1HR
38,511071005,2025-04-10,4.79,8.91,63.36,0.17,4.29,149.04,1022.28,2238.14,3.9,7.96,420.0,0.103,PM2.5-1HR
38,110010041,2025-04-11,3.78,8.2,90.5,0.84,4.03,49.93,1017.17,2253.41,0.54,3.256,420.0,0.103,PM2.5-1HR
38,110010043,2025-04-11,3.27,8.09,90.5,0.76,3.96,50.4,1017.23,3927.42,0.5,3.2,420.0,0.356,PM2.5-1HR
38,110010051,2025-04-11,4.82,8.21,90.5,0.84,4.04,49.91,1017.17,3599.37,0.54,3.256,420.0,0.011,PM2.5-1HR
38,110010053,2025-04-11,2.75,8.21,90.59,0.81,3.99,49.54,1017.14,4638.72,0.54,3.256,420.0,0.081,PM2.5-1HR
38,110010055,2025-04-11,3.4,8.36,90.69,0.86,4.03,48.53,1017.03,1327.41,0.78,3.592,420.0,0.611,PM2.5-1HR
38,240313001,2025-04-11,3.29,7.65,90.49,0.5,3.71,54.22,1017.57,166.09,0,2.5,420.0,0.508,PM2.5-1HR
38,240330030,2025-04-11,2.21,7.9,90.15,0.75,4.03,53.13,1017.47,181.52,0,2.5,420.0,0.38,PM2.5-1HR
38,510590030,2025-04-11,3.9,8.46,91.09,0.82,4.03,47.63,1016.96,1261.9,0.95,3.83,420.0,0.244,PM2.5-1HR
38,511071005,2025-04-11,7.57,7.8,91.33,0.37,3.43,53.23,1017.42,2238.14,2.7,6.28,420.0,0.103,PM2.5-1HR
38,110010041,2025-04-12,2.34,8.57,78.27,0.22,4.25,342.23,1015.02,2253.41,0.18,2.752,420.0,0.103,PM2.5-1HR
38,110010043,2025-04-12,3.3,8.56,78.11,0.21,4.24,341.38,1015.08,3927.42,0.15,2.71,420.0,0.356,PM2.5-1HR
38,110010051,2025-04-12,3.56,8.57,78.3,0.22,4.25,342.34,1015.01,3599.37,0.18,2.752,420.0,0.011,PM2.5-1HR
38,110010053,2025-04-12,2.2,8.62,78.1,0.21,4.26,340.95,1015.07,4638.72,0.18,2.752,420.0,0.081,PM2.5-1HR
38,110010055,2025-04-12,3.34,8.7,78.07,0.21,4.3,340.45,1015.04,1327.41,0.34,2.976,420.0,0.611,PM2.5-1HR
38,240313001,2025-04-12,2.79,8.27,79.31,0.17,4.11,343.17,1015.29,166.09,0,2.5,420.0,0.508,PM2.5-1HR
38,240330030,2025-04-12,1.53,8.32,78.8,0.22,4.19,346.36,1015.02,181.52,0,2.5,420.0,0.38,PM2.5-1HR
38,510590030,2025-04-12,3.4,8.79,78.27,0.19,4.36,339.9,1015.12,1261.9,0.55,3.27,420.0,0.244,PM2.5-1HR
38,511071005,2025-04-12,5.33,8.53,79.92,0.1,4.18,338,1015.68,2238.14,1.3,4.32,420.0,0.103,PM2.5-1HR
38,110010041,2025-04-13,3.63,11.37,59.06,0,3.75,306.04,1016.07,2253.41,0.75,3.55,420.0,0.103,PM2.5-1HR
38,110010043,2025-04-13,3.94,11.26,59.29,0,3.74,305.32,1016.11,3927.42,0.88,3.732,420.0,0.356,PM2.5-1HR
38,110010051,2025-04-13,5.04,11.38,59.03,0,3.76,306.14,1016.06,3599.37,0.1,2.64,420.0,0.011,PM2.5-1HR
38,110010053,2025-04-13,3.35,11.33,59.22,0,3.73,305.36,1016.13,4638.72,0.75,3.55,420.0,0.081,PM2.5-1HR
38,110010055,2025-04-13,4.29,11.41,59.14,0,3.71,305.44,1016.15,1327.41,1.28,4.292,420.0,0.611,PM2.5-1HR
38,240313001,2025-04-13,3.41,11.07,58.76,0,3.76,305.91,1016.14,166.09,0,2.5,420.0,0.508,PM2.5-1HR
38,240330030,2025-04-13,3.11,11.33,58.41,0,3.85,308.03,1015.93,181.52,0,2.5,420.0,0.38,PM2.5-1HR
38,510130020,2025-04-13,4.1,11.36,59,0,3.72,305.8,1016.18,8550.11,0.82,3.648,420.0,0.276,PM2.5-1HR
38,510590030,2025-04-13,4.23,11.49,58.68,0,3.69,306.53,1016.25,1261.9,1.65,4.81,420.0,0.244,PM2.5-1HR
38,511071005,2025-04-13,4.63,11.06,57.11,0,3.64,306.07,1016.55,2238.14,3.3,7.12,420.0,0.103,PM2.5-1HR
38,110010041,2025-04-14,9.08,15.39,59.11,0.05,2.29,184.15,1010.62,2253.41,2.94,6.616,420.0,0.103,PM2.5-1HR
38,110010043,2025-04-14,9.23,15.37,59.01,0.05,2.25,183.71,1010.58,3927.42,3.35,7.19,420.0,0.356,PM2.5-1HR
38,110010051,2025-04-14,9.74,15.39,59.11,0.04,2.29,184.2,1010.62,3599.37,2.94,6.616,420.0,0.011,PM2.5-1HR
38,110010053,2025-04-14,8.63,15.47,59.1,0.05,2.25,183.63,1010.59,4638.72,2.94,6.616,420.0,0.081,PM2.5-1HR
38,110010055,2025-04-14,7.63,15.61,59.22,0.04,2.26,183.52,1010.61,1327.41,3.62,7.568,420.0,0.611,PM2.5-1HR
38,240313001,2025-04-14,6.94,15.12,57.69,0.08,2.36,183.98,1010.51,166.09,4,8.1,420.0,0.508,PM2.5-1HR
38,240330030,2025-04-14,6.69,15.01,58.51,0.05,2.41,185.96,1010.63,181.52,1,3.9,420.0,0.38,PM2.5-1HR
38,510590030,2025-04-14,7.45,15.78,59.29,0.04,2.3,183.74,1010.57,1261.9,3.35,7.19,420.0,0.244,PM2.5-1HR
38,511071005,2025-04-14,7.29,15.6,58.07,0.13,2.37,179.13,1010.3,2238.14,5.3,9.92,420.0,0.103,PM2.5-1HR
38,110010041,2025-04-15,7.67,15.88,58.86,0.21,5.15,273.58,1004.23,2253.41,0.34,2.976,420.0,0.103,PM2.5-1HR
38,110010043,2025-04-15,7.23,15.85,58.57,0.22,5.17,274.35,1004.25,3927.42,0.4,3.06,420.0,0.356,PM2.5-1HR
38,110010051,2025-04-15,7.01,15.88,58.89,0.21,5.15,273.52,1004.22,3599.37,0.34,2.976,420.0,0.011,PM2.5-1HR
38,110010053,2025-04-15,5.82,15.9,58.88,0.2,5.09,273.85,1004.3,4638.72,0.34,2.976,420.0,0.081,PM2.5-1HR
38,110010055,2025-04-15,6.23,15.97,59.26,0.16,4.99,273.19,1004.35,1327.41,0.64,3.396,420.0,0.611,PM2.5-1HR
38,240313001,2025-04-15,5.42,15.47,58.6,0.33,5.49,274.53,1004.17,166.09,1,3.9,420.0,0.508,PM2.5-1HR
38,240330030,2025-04-15,5.37,15.67,58.47,0.29,5.49,273.66,1003.99,181.52,0,2.5,420.0,0.38,PM2.5-1HR
38,510590030,2025-04-15,5.69,15.96,59.94,0.14,4.92,272.86,1004.47,1261.9,0.8,3.62,420.0,0.244,PM2.5-1HR
38,511071005,2025-04-15,4.21,15.42,58.84,0.28,5.28,274.72,1004.64,2238.14,1.5,4.6,420.0,0.103,PM2.5-1HR
38,110010041,2025-04-16,2.51,11.72,40.05,0,5.11,292.97,1012.76,2253.41,0.48,3.172,420.0,0.103,PM2.5-1HR
38,110010043,2025-04-16,2.2,11.63,39.98,0,5.09,293.41,1012.78,3927.42,0.54,3.256,420.0,0.356,PM2.5-1HR
38,110010051,2025-04-16,2.29,11.72,40.06,0,5.11,292.95,1012.76,3599.37,0.04,2.556,420.0,0.011,PM2.5-1HR
38,110010053,2025-04-16,1.57,11.74,39.82,0,5.02,293.27,1012.83,4638.72,0.48,3.172,420.0,0.081,PM2.5-1HR
38,110010055,2025-04-16,2.87,11.88,39.62,0,4.94,293.08,1012.89,1327.41,0.73,3.522,420.0,0.611,PM2.5-1HR
38,240313001,2025-04-16,1.99,11.11,40.95,0,5.32,295.05,1012.64,166.09,0,2.5,420.0,0.508,PM2.5-1HR
38,240330030,2025-04-16,1.75,11.39,41.01,0,5.43,293,1012.51,181.52,0,2.5,420.0,0.38,PM2.5-1HR
38,510590030,2025-04-16,2.37,11.97,39.34,0,4.85,293.67,1013,1261.9,0.85,3.69,420.0,0.244,PM2.5-1HR
38,511071005,2025-04-16,2.68,11.26,39.26,0,5.03,298.15,1013.05,2238.14,1.3,4.32,420.0,0.103,PM2.5-1HR
38,110010041,2025-04-17,4.52,10.81,42.72,0,2.45,295.32,1022.47,2253.41,0.82,3.648,420.0,0.103,PM2.5-1HR
38,110010043,2025-04-17,3.73,10.68,42.67,0,2.44,295.53,1022.47,3927.42,0.8,3.62,420.0,0.356,PM2.5-1HR
38,110010051,2025-04-17,5.04,10.82,42.72,0,2.45,295.27,1022.46,3599.37,0.82,3.648,420.0,0.011,PM2.5-1HR
38,110010053,2025-04-17,4.48,10.79,42.68,0,2.42,296.64,1022.49,4638.72,0.82,3.648,420.0,0.081,PM2.5-1HR
38,110010055,2025-04-17,3.9,10.93,42.7,0,2.4,298.06,1022.51,1327.41,1.38,4.432,420.0,0.611,PM2.5-1HR
38,240313001,2025-04-17,4.35,10.48,41.92,0,2.52,293,1022.41,166.09,1,3.9,420.0,0.508,PM2.5-1HR
38,240330030,2025-04-17,3.84,10.67,42.42,0,2.57,291.52,1022.37,181.52,0,2.5,420.0,0.38,PM2.5-1HR
38,510590030,2025-04-17,3.21,11.12,42.46,0,2.4,301.75,1022.55,1261.9,1.85,5.09,420.0,0.244,PM2.5-1HR
38,511071005,2025-04-17,3.7,10.75,41.29,0,2.36,298.58,1022.55,2238.14,3,6.7,420.0,0.103,PM2.5-1HR
38,110010041,2025-04-18,10.2,16.64,54.43,0,3.96,179.31,1021.39,2253.41,4.12,8.268,420.0,0.103,PM2.5-1HR
38,110010043,2025-04-18,9.16,16.65,53.71,0,3.95,179.49,1021.3,3927.42,4.78,9.192,420.0,0.356,PM2.5-1HR
38,110010051,2025-04-18,11.02,16.64,54.49,0,3.96,179.27,1021.39,3599.37,4.12,8.268,420.0,0.011,PM2.5-1HR
38,110010053,2025-04-18,10.15,16.72,53.99,0,3.96,179.87,1021.35,4638.72,4.12,8.268,420.0,0.081,PM2.5-1HR
38,110010055,2025-04-18,8.35,16.81,54.34,0,3.97,180.33,1021.4,1327.41,4.26,8.464,420.0,0.611,PM2.5-1HR
38,240313001,2025-04-18,8.74,16.48,51.46,0,4.12,176.76,1021.01,166.09,6,10.9,420.0,0.508,PM2.5-1HR
38,240330030,2025-04-18,7.12,16.33,54.51,0,4.02,176.99,1021.33,181.52,3,6.7,420.0,0.38,PM2.5-1HR
38,510590030,2025-04-18,8.44,16.95,53.95,0,4.1,180.8,1021.35,1261.9,2.6,6.14,420.0,0.244,PM2.5-1HR
38,511071005,2025-04-18,9.8,16.97,48.29,0,4.37,176.98,1020.62,2238.14,3.8,7.82,420.0,0.103,PM2.5-1HR
38,510130020,2025-04-19,11.6,23.16,54.02,0,5.02,215.96,1017.66,8550.11,8.32,14.148,420.0,0.276,PM2.5-1HR
38,110010041,2025-04-19,12.67,23.13,54.17,0,5.05,217.08,1017.61,2253.41,8.3,14.12,420.0,0.103,PM2.5-1HR
38,110010043,2025-04-19,13.07,23.16,53.8,0,4.98,216.85,1017.56,3927.42,8.74,14.736,420.0,0.356,PM2.5-1HR
38,110010051,2025-04-19,12.53,23.13,54.21,0,5.05,217.09,1017.61,3599.37,7.66,13.224,420.0,0.011,PM2.5-1HR
38,110010053,2025-04-19,12.42,23.18,53.93,0,5.01,216.79,1017.64,4638.72,8.3,14.12,420.0,0.081,PM2.5-1HR
38,110010055,2025-04-19,10.94,23.21,54.08,0,5.05,216.75,1017.75,1327.41,8.48,14.372,420.0,0.611,PM2.5-1HR
38,240313001,2025-04-19,11.04,22.69,54.78,0,4.76,214.73,1017.24,166.09,8,13.7,420.0,0.508,PM2.5-1HR
38,240330030,2025-04-19,12.42,22.85,54.9,0,5.03,217.26,1017.33,181.52,9,15.1,420.0,0.38,PM2.5-1HR
38,510590030,2025-04-19,11.91,23.19,54.27,0,5.08,215.17,1017.8,1261.9,8.1,13.84,420.0,0.244,PM2.5-1HR
38,511071005,2025-04-19,14.92,22.68,54.3,0,4.56,208.2,1017.28,2238.14,13.9,21.96,420.0,0.103,PM2.5-1HR
38,110010041,2025-04-20,7.53,21.26,52.82,0,3.03,341.24,1023.29,2253.41,0.8,3.62,420.0,0.103,PM2.5-1HR
38,110010043,2025-04-20,6.89,21.38,52.04,0,3.06,341.45,1023.3,3927.42,0.38,3.032,420.0,0.356,PM2.5-1HR
38,110010051,2025-04-20,8.45,21.42,52.21,0,3.11,342.48,1023.28,3599.37,0.8,3.62,420.0,0.011,PM2.5-1HR
38,110010053,2025-04-20,7.03,21.47,51.02,0,3.11,340.48,1023.29,4638.72,0.8,3.62,420.0,0.081,PM2.5-1HR
38,110010055,2025-04-20,8.16,21.57,51.27,0,3.11,341.31,1023.27,1327.41,1.62,4.768,420.0,0.611,PM2.5-1HR
38,240313001,2025-04-20,5.91,20.74,51.79,0,3.13,341.64,1023.4,166.09,2,5.3,420.0,0.508,PM2.5-1HR
38,240330030,2025-04-20,8.12,21,51.59,0,3.19,342.9,1023.32,181.52,0,2.5,420.0,0.38,PM2.5-1HR
38,510590030,2025-04-20,8.8,21.31,54.09,0,3.04,343.89,1023.28,1261.9,3.3,7.12,420.0,0.244,PM2.5-1HR
38,511071005,2025-04-20,7.99,20.72,52.81,0,3.19,344.06,1023.45,2238.14,4.1,8.24,420.0,0.103,PM2.5-1HR
38,110010041,2025-04-21,6.54,17.41,62.08,0.01,2.77,138.68,1020.9,2253.41,1.68,4.852,420.0,0.103,PM2.5-1HR
38,110010043,2025-04-21,6.04,17.69,59.8,0.01,2.91,135.78,1021.04,3927.42,1.73,4.922,420.0,0.356,PM2.5-1HR
38,110010051,2025-04-21,7.42,17.62,60.05,0.02,2.96,136.66,1021.09,3599.37,1.68,4.852,420.0,0.011,PM2.5-1HR
38,110010053,2025-04-21,6.48,17.99,57.83,0.01,3.1,142.15,1020.84,4638.72,1.68,4.852,420.0,0.081,PM2.5-1HR
38,110010055,2025-04-21,6.28,17.99,57.83,0.01,3.1,142.15,1020.84,1327.41,2.22,5.608,420.0,0.611,PM2.5-1HR
38,240313001,2025-04-21,4.13,17.38,59.44,0.01,3.03,135.18,1021.02,166.09,1,3.9,420.0,0.508,PM2.5-1HR
38,240330030,2025-04-21,4.28,17.11,60.06,0.01,3.05,136.32,1021.23,181.52,1,3.9,420.0,0.38,PM2.5-1HR
38,510590030,2025-04-21,6.16,17.51,64.63,0,2.72,143.82,1020.75,1261.9,2.6,6.14,420.0,0.244,PM2.5-1HR
38,511071005,2025-04-21,7.41,18.37,57.46,0.06,3.93,152.83,1020.26,2238.14,4.6,8.94,420.0,0.103,PM2.5-1HR
38,110010041,2025-04-22,8.45,21.42,58.42,0,2.73,299.5,1016.4,2253.41,2.42,5.888,420.0,0.103,PM2.5-1HR
38,110010043,2025-04-22,7.12,21,58.18,0,2.64,288.28,1016.14,3927.42,2.58,6.112,420.0,0.356,PM2.5-1HR
38,110010051,2025-04-22,8.68,21.07,58.29,0,2.62,287.14,1016.13,3599.37,1.36,4.404,420.0,0.011,PM2.5-1HR
38,110010053,2025-04-22,8.58,22.34,52.71,0,2.8,301.23,1016.36,4638.72,2.42,5.888,420.0,0.081,PM2.5-1HR
38,110010055,2025-04-22,7.5,22.34,52.71,0,2.8,301.23,1016.36,1327.41,3.02,6.728,420.0,0.611,PM2.5-1HR
38,240313001,2025-04-22,4.81,20.43,58.94,0,2.8,287.89,1016.23,166.09,1,3.9,420.0,0.508,PM2.5-1HR
38,240330030,2025-04-22,5.82,20.65,59.13,0,2.77,285.22,1016.12,181.52,4,8.1,420.0,0.38,PM2.5-1HR
38,510590030,2025-04-22,7.45,21.79,57.42,0,2.64,301.92,1016.35,1261.9,3.7,7.68,420.0,0.244,PM2.5-1HR
38,510590031,2025-04-22,6.45,20.98,61.63,0,2.82,302.28,1016.45,1490.49,4.75,9.15,420.0,0.017,PM2.5-1HR
38,511071005,2025-04-22,7.69,20.28,58.96,0,3.67,298.38,1016.75,2238.14,4.7,9.08,420.0,0.103,PM2.5-1HR
38,110010041,2025-04-23,8.23,18.78,39.08,0,2.24,31.46,1022.71,2253.41,1.56,4.684,420.0,0.103,PM2.5-1HR
38,110010043,2025-04-23,6.97,17.87,43.15,0,2.16,64.99,1022.69,3927.42,1.9,5.16,420.0,0.356,PM2.5-1HR
38,110010051,2025-04-23,9.3,17.91,43.54,0,2.2,63.58,1022.69,3599.37,1.56,4.684,420.0,0.011,PM2.5-1HR
38,110010053,2025-04-23,7.08,19.65,33.58,0,2.3,45.29,1022.64,4638.72,1.56,4.684,420.0,0.081,PM2.5-1HR
38,110010055,2025-04-23,6.5,19.65,33.58,0,2.3,45.29,1022.64,1327.41,2.26,5.664,420.0,0.611,PM2.5-1HR
38,240313001,2025-04-23,4.86,17.82,41.34,0,2.12,70.45,1022.71,166.09,0,2.5,420.0,0.508,PM2.5-1HR
38,240330030,2025-04-23,6.73,17.74,42.77,0,2.18,65.78,1022.71,181.52,0,2.5,420.0,0.38,PM2.5-1HR
38,510590030,2025-04-23,7.05,18.98,39.29,0,2.27,71.35,1022.64,1261.9,2.63,6.182,420.0,0.244,PM2.5-1HR
38,510590031,2025-04-23,6.98,17.98,46.71,0,2.35,75.14,1022.7,1490.49,3.85,7.89,420.0,0.017,PM2.5-1HR
38,511071005,2025-04-23,6.97,18.91,35.17,0,2.43,41.14,1022.76,2238.14,3.8,7.82,420.0,0.103,PM2.5-1HR
38,110010041,2025-04-24,8.73,18.78,48.13,0,2.29,189.27,1024.79,2253.41,1.7,4.88,420.0,0.103,PM2.5-1HR
38,110010043,2025-04-24,9.27,17.94,53.1,0,2.43,186.76,1024.87,3927.42,1.83,5.062,420.0,0.356,PM2.5-1HR
38,110010051,2025-04-24,10.61,17.91,53.43,0,2.43,187.63,1024.91,3599.37,1.7,4.88,420.0,0.011,PM2.5-1HR
38,110010053,2025-04-24,7.3,18.9,46.25,0,2.51,187.66,1024.84,4638.72,1.7,4.88,420.0,0.081,PM2.5-1HR
38,110010055,2025-04-24,6.74,18.9,46.25,0,2.51,187.66,1024.84,1327.41,2.2,5.58,420.0,0.611,PM2.5-1HR
38,240313001,2025-04-24,9.92,18.27,50.33,0,2.61,186.49,1024.7,166.09,6,10.9,420.0,0.508,PM2.5-1HR
38,240330030,2025-04-24,10.02,17.97,52.28,0,2.56,191.14,1024.87,181.52,2,5.3,420.0,0.38,PM2.5-1HR
38,510590030,2025-04-24,9.78,17.99,52.13,0,2.42,183.23,1024.87,1261.9,3.57,7.498,420.0,0.244,PM2.5-1HR
38,510590031,2025-04-24,12.89,17.25,57.42,0,2.38,178.42,1024.84,1490.49,4.75,9.15,420.0,0.017,PM2.5-1HR
38,511071005,2025-04-24,14.46,19.65,43.79,0,3.09,176.12,1024.32,2238.14,5.9,10.76,420.0,0.103,PM2.5-1HR
38,110010041,2025-04-25,8.03,19.15,67.91,0.12,2.82,182.81,1021.07,2253.41,3.15,6.91,420.0,0.103,PM2.5-1HR
38,110010043,2025-04-25,7.81,18.52,71.38,0.16,2.88,182.86,1021.16,3927.42,3.58,7.512,420.0,0.356,PM2.5-1HR
38,110010051,2025-04-25,8.06,18.55,71.57,0.17,2.87,183.05,1021.21,3599.37,2.58,6.112,420.0,0.011,PM2.5-1HR
38,110010053,2025-04-25,6.98,19.3,67.18,0.16,2.96,183.3,1021.08,4638.72,3.15,6.91,420.0,0.081,PM2.5-1HR
38,110010055,2025-04-25,7.11,19.29,67.18,0.16,2.95,183.33,1021.09,1327.41,3.57,7.498,420.0,0.611,PM2.5-1HR
38,240313001,2025-04-25,6.33,18.56,68.86,0.15,3.09,181.28,1021.03,166.09,4,8.1,420.0,0.508,PM2.5-1HR
38,240330030,2025-04-25,4.89,18.42,70.41,0.16,3,182.86,1021.21,181.52,1,3.9,420.0,0.38,PM2.5-1HR
38,510130020,2025-04-25,6.25,19.07,68.27,0.14,2.96,184.79,1021.04,8550.11,2.8,6.42,420.0,0.276,PM2.5-1HR
38,510590030,2025-04-25,5.86,18.68,71.62,0.25,2.91,184.75,1021.09,1261.9,3.47,7.358,420.0,0.244,PM2.5-1HR
38,510590031,2025-04-25,7.52,18.02,76.76,0.44,2.96,180.63,1021.06,1490.49,4.7,9.08,420.0,0.017,PM2.5-1HR
38,511071005,2025-04-25,8.89,19.26,67.42,0.2,3.92,179.84,1020.49,2238.14,6.1,11.04,420.0,0.103,PM2.5-1HR
38,110010041,2025-04-26,8.68,19.76,76.46,0.48,4.81,241.26,1012.9,2253.41,0.36,3.004,420.0,0.103,PM2.5-1HR
38,110010043,2025-04-26,8.04,19.73,75.97,0.48,4.81,242.15,1012.9,3927.42,0.28,2.892,420.0,0.356,PM2.5-1HR
38,110010051,2025-04-26,9.28,19.76,76.5,0.48,4.82,241.18,1012.9,3599.37,0.36,3.004,420.0,0.011,PM2.5-1HR
38,110010053,2025-04-26,8.07,19.77,76.38,0.48,4.77,241.69,1012.93,4638.72,0.36,3.004,420.0,0.081,PM2.5-1HR
38,110010055,2025-04-26,7.11,19.82,76.89,0.47,4.73,241.09,1012.98,1327.41,0.94,3.816,420.0,0.611,PM2.5-1HR
38,240313001,2025-04-26,5.56,19.33,75.85,0.58,4.84,243.69,1012.81,166.09,0,2.5,420.0,0.508,PM2.5-1HR
38,240330030,2025-04-26,5.31,19.59,76.19,0.51,4.94,241.23,1012.74,181.52,1,3.9,420.0,0.38,PM2.5-1HR
38,510590030,2025-04-26,7.08,19.82,77.34,0.5,4.72,240.78,1013.03,1261.9,2.27,5.678,420.0,0.244,PM2.5-1HR
38,510590031,2025-04-26,8.46,19.78,77.41,0.53,4.72,240.91,1013.06,1490.49,3.05,6.77,420.0,0.017,PM2.5-1HR
38,511071005,2025-04-26,8.23,19.27,75.31,0.78,4.72,246.17,1013.04,2238.14,2.9,6.56,420.0,0.103,PM2.5-1HR
38,110010041,2025-04-27,2.08,14.61,40.6,0,5.59,305.63,1020.41,2253.41,0.02,2.528,420.0,0.103,PM2.5-1HR
38,110010043,2025-04-27,2.23,14.55,40.29,0,5.57,305.65,1020.48,3927.42,0.03,2.542,420.0,0.356,PM2.5-1HR
38,110010051,2025-04-27,2.62,14.62,40.62,0,5.59,305.61,1020.41,3599.37,0.02,2.528,420.0,0.011,PM2.5-1HR
38,110010053,2025-04-27,2.63,14.6,40.41,0,5.53,306.15,1020.51,4638.72,0.02,2.528,420.0,0.081,PM2.5-1HR
38,110010055,2025-04-27,2.17,14.67,40.58,0,5.48,306.74,1020.54,1327.41,0.38,3.032,420.0,0.611,PM2.5-1HR
38,240313001,2025-04-27,2.86,14.26,40.18,0,5.66,304.65,1020.52,166.09,1,3.9,420.0,0.508,PM2.5-1HR
38,240330030,2025-04-27,1.63,14.5,40.8,0,5.79,304.15,1020.18,181.52,0,2.5,420.0,0.38,PM2.5-1HR
38,510590030,2025-04-27,2.52,14.74,40.24,0,5.48,308.1,1020.7,1261.9,1.2,4.18,420.0,0.244,PM2.5-1HR
38,510590031,2025-04-27,2.65,14.76,39.88,0,5.51,308.85,1020.81,1490.49,1.8,5.02,420.0,0.017,PM2.5-1HR
38,511071005,2025-04-27,2.61,14.3,38.97,0,5.48,307.42,1021.22,2238.14,1.8,5.02,420.0,0.103,PM2.5-1HR
38,110010041,2025-04-28,4.48,15.7,43.14,0,2.22,213.05,1026.18,2253.41,1.03,3.942,420.0,0.103,PM2.5-1HR
38,110010043,2025-04-28,3.98,15.63,42.75,0,2.23,212.67,1026.16,3927.42,1.08,4.012,420.0,0.356,PM2.5-1HR
38,110010051,2025-04-28,5.12,15.71,43.15,0,2.22,213.21,1026.18,3599.37,0.6,3.34,420.0,0.011,PM2.5-1HR
38,110010053,2025-04-28,3,15.68,43.09,0,2.23,210.17,1026.18,4638.72,1.03,3.942,420.0,0.081,PM2.5-1HR
38,110010055,2025-04-28,4.1,15.75,43.53,0,2.23,206.63,1026.2,1327.41,1.45,4.53,420.0,0.611,PM2.5-1HR
38,240313001,2025-04-28,3.79,15.64,40.62,0,2.34,219.43,1026.08,166.09,2,5.3,420.0,0.508,PM2.5-1HR
38,240330030,2025-04-28,3.21,15.72,42.07,0,2.26,220.27,1026.14,181.52,0,2.5,420.0,0.38,PM2.5-1HR
38,510590030,2025-04-28,2.88,15.92,43.06,0,2.31,204.71,1026.21,1261.9,2.07,5.398,420.0,0.244,PM2.5-1HR
38,510590031,2025-04-28,3.34,16.03,42.46,0,2.38,204.98,1026.21,1490.49,2.7,6.28,420.0,0.017,PM2.5-1HR
38,511071005,2025-04-28,3.32,15.77,39.83,0,2.42,214.29,1026.06,2238.14,2.7,6.28,420.0,0.103,PM2.5-1HR
38,110010041,2025-04-29,8.2,20.26,51.8,0,4.32,197.97,1020.34,2253.41,1.38,4.432,420.0,0.103,PM2.5-1HR
38,110010043,2025-04-29,9.08,20.3,51.37,0,4.27,197.66,1020.27,3927.42,1.73,4.922,420.0,0.356,PM2.5-1HR
38,110010051,2025-04-29,8.75,20.26,51.82,0,4.33,197.98,1020.35,3599.37,1.38,4.432,420.0,0.011,PM2.5-1HR
38,110010053,2025-04-29,8.04,20.3,51.73,0,4.29,197.73,1020.34,4638.72,1.38,4.432,420.0,0.081,PM2.5-1HR
38,110010055,2025-04-29,7.28,20.3,52.2,0,4.32,197.84,1020.42,1327.41,1.78,4.992,420.0,0.611,PM2.5-1HR
38,240313001,2025-04-29,6.37,20.34,49.7,0,4.21,195.08,1019.97,166.09,2,5.3,420.0,0.508,PM2.5-1HR
38,240330030,2025-04-29,6.45,20.18,51.23,0,4.35,197.65,1020.18,181.52,3,6.7,420.0,0.38,PM2.5-1HR
38,510590030,2025-04-29,6.13,20.43,51.81,0,4.39,196.74,1020.41,1261.9,2.1,5.44,420.0,0.244,PM2.5-1HR
38,510590031,2025-04-29,6.89,20.55,51.24,0,4.43,195.78,1020.35,1490.49,3.15,6.91,420.0,0.017,PM2.5-1HR
38,511071005,2025-04-29,7.54,20.86,47.84,0,4.17,190.07,1019.73,2238.14,3.7,7.68,420.0,0.103,PM2.5-1HR
38,110010041,2025-04-30,6.71,23.36,58.65,0,3.09,286.8,1016.01,2253.41,1.96,5.244,420.0,0.103,PM2.5-1HR
38,110010043,2025-04-30,6.12,23.36,58.04,0.01,3.07,288.79,1016.02,3927.42,2.03,5.342,420.0,0.356,PM2.5-1HR
38,110010051,2025-04-30,7.11,23.36,58.68,0,3.09,286.73,1016.01,3599.37,1.96,5.244,420.0,0.011,PM2.5-1HR
38,110010053,2025-04-30,6.29,23.4,58.76,0.01,3.04,286.09,1016.03,4638.72,1.96,5.244,420.0,0.081,PM2.5-1HR
38,110010055,2025-04-30,6.24,23.44,59.68,0.01,3.01,282.51,1016.05,1327.41,2.32,5.748,420.0,0.611,PM2.5-1HR
38,240313001,2025-04-30,4.04,23.08,55.55,0.01,3.17,298.49,1016.01,166.09,1,3.9,420.0,0.508,PM2.5-1HR
38,240330030,2025-04-30,3.74,23.18,56.61,0,3.26,294.09,1015.96,181.52,1,3.9,420.0,0.38,PM2.5-1HR
38,510590030,2025-04-30,5.72,23.51,59.99,0.01,2.95,281.57,1016.07,1261.9,3.3,7.12,420.0,0.244,PM2.5-1HR
38,510590031,2025-04-30,6.2,23.54,59.73,0.02,2.91,283,1016.08,1490.49,4.1,8.24,420.0,0.017,PM2.5-1HR
38,511071005,2025-04-30,5.55,23.21,56.99,0.03,2.94,302.21,1016.11,2238.14,4,8.1,420.0,0.103,PM2.5-1HR
38,510130020,2025-05-01,10.75,21.78,66,0.07,2.9,113.75,1016.02,8550.11,5.2,9.78,420.0,0.276,PM2.5-1HR
38,110010041,2025-05-01,13.02,21.65,65.48,0.05,2.94,113.37,1016.12,2253.41,4.95,9.43,420.0,0.103,PM2.5-1HR
38,110010043,2025-05-01,12.12,21.68,64.81,0.05,2.94,112.84,1016.09,3927.42,5.68,10.452,420.0,0.356,PM2.5-1HR
38,110010051,2025-05-01,12.23,21.65,65.51,0.05,2.94,113.4,1016.13,3599.37,3.8,7.82,420.0,0.011,PM2.5-1HR
38,110010053,2025-05-01,13.57,21.72,65.79,0.06,2.9,113.42,1016.06,4638.72,4.95,9.43,420.0,0.081,PM2.5-1HR
38,110010055,2025-05-01,11.26,21.78,67.02,0.08,2.85,114.12,1016.03,1327.41,5.47,10.158,420.0,0.611,PM2.5-1HR
38,240313001,2025-05-01,8.22,21.4,61.8,0.01,3.16,112.17,1016.14,166.09,4,8.1,420.0,0.508,PM2.5-1HR
38,240330030,2025-05-01,10.01,21.33,63.15,0.01,3.15,111.17,1016.29,181.52,4,8.1,420.0,0.38,PM2.5-1HR
38,510590030,2025-05-01,10.29,21.9,67.79,0.09,2.83,115.05,1015.94,1261.9,3.27,7.078,420.0,0.244,PM2.5-1HR
38,510590031,2025-05-01,11.29,21.97,67.73,0.09,2.85,115.41,1015.88,1490.49,4.25,8.45,420.0,0.017,PM2.5-1HR
38,511071005,2025-05-01,10.43,21.84,62.29,0.04,2.96,115.86,1015.73,2238.14,4.2,8.38,420.0,0.103,PM2.5-1HR
38,110010041,2025-05-02,9.07,24.4,57.5,0,2.95,207.51,1011.85,2253.41,2.64,6.196,420.0,0.103,PM2.5-1HR
38,110010043,2025-05-02,9.12,24.44,56.64,0,2.86,207.97,1011.82,3927.42,2.65,6.21,420.0,0.356,PM2.5-1HR
38,110010051,2025-05-02,9.41,24.39,57.56,0,2.95,207.45,1011.85,3599.37,2.64,6.196,420.0,0.011,PM2.5-1HR
38,110010053,2025-05-02,9.95,24.44,57,0,2.93,208.12,1011.84,4638.72,2.64,6.196,420.0,0.081,PM2.5-1HR
38,110010055,2025-05-02,8.84,24.43,57.46,0,3.02,208.3,1011.88,1327.41,3.78,7.792,420.0,0.611,PM2.5-1HR
38,240313001,2025-05-02,6.17,24.18,55.56,0,2.75,211.47,1011.71,166.09,0,2.5,420.0,0.508,PM2.5-1HR
38,240330030,2025-05-02,6.84,24.21,58.03,0,2.87,206.79,1011.78,181.52,3,6.7,420.0,0.38,PM2.5-1HR
38,510590030,2025-05-02,8.39,24.49,56.54,0,3.1,208.25,1011.88,1261.9,4.73,9.122,420.0,0.244,PM2.5-1HR
38,510590031,2025-05-02,9,24.54,55.55,0,3.11,208.27,1011.87,1490.49,5.8,10.62,420.0,0.017,PM2.5-1HR
38,511071005,2025-05-02,8.44,24.29,53.24,0,2.68,214.07,1011.66,2238.14,5.7,10.48,420.0,0.103,PM2.5-1HR
38,110010041,2025-05-03,8.91,22.72,67.98,0.26,3.1,205.49,1011.21,2253.41,1.8,5.02,420.0,0.103,PM2.5-1HR
38,110010043,2025-05-03,7.99,22.65,67.44,0.27,3.07,207.42,1011.18,3927.42,1.68,4.852,420.0,0.356,PM2.5-1HR
38,110010051,2025-05-03,9.99,22.73,68.01,0.26,3.11,205.27,1011.21,3599.37,1.8,5.02,420.0,0.011,PM2.5-1HR
38,110010053,2025-05-03,8.27,22.7,67.84,0.25,3.11,207.11,1011.21,4638.72,1.8,5.02,420.0,0.081,PM2.5-1HR
38,110010055,2025-05-03,7.53,22.77,68.35,0.22,3.16,206.7,1011.24,1327.41,2.48,5.972,420.0,0.611,PM2.5-1HR
38,240313001,2025-05-03,4.96,22.17,66.75,0.29,2.83,206.99,1011.11,166.09,0,2.5,420.0,0.508,PM2.5-1HR
38,240330030,2025-05-03,5.46,22.53,67.87,0.34,2.99,204.22,1011.17,181.52,2,5.3,420.0,0.38,PM2.5-1HR
38,510590030,2025-05-03,6.95,22.78,68.01,0.2,3.18,205.95,1011.22,1261.9,3.1,6.84,420.0,0.244,PM2.5-1HR
38,510590031,2025-05-03,7.83,22.76,67.44,0.19,3.19,205.11,1011.19,1490.49,3.5,7.4,420.0,0.017,PM2.5-1HR
38,511071005,2025-05-03,7.09,21.96,65.43,0.2,2.74,208.57,1011,2238.14,3.5,7.4,420.0,0.103,PM2.5-1HR
38,110010041,2025-05-04,4.94,19.74,85.06,0.47,2.5,143.5,1010.29,2253.41,1.05,3.97,420.0,0.103,PM2.5-1HR
38,110010043,2025-05-04,4,19.7,85.19,0.48,2.48,140.94,1010.25,3927.42,1.2,4.18,420.0,0.356,PM2.5-1HR
38,110010051,2025-05-04,5.58,19.74,85.07,0.47,2.5,143.71,1010.29,3599.37,0.26,2.864,420.0,0.011,PM2.5-1HR
38,110010053,2025-05-04,4.5,19.74,84.82,0.45,2.47,143.5,1010.24,4638.72,1.05,3.97,420.0,0.081,PM2.5-1HR
38,110010055,2025-05-04,4.11,19.8,84.38,0.41,2.46,146.67,1010.23,1327.41,1.67,4.838,420.0,0.611,PM2.5-1HR
38,240313001,2025-05-04,2.9,19.46,87.56,0.64,2.62,132.82,1010.24,166.09,0,2.5,420.0,0.508,PM2.5-1HR
38,240330030,2025-05-04,1.29,19.62,86.78,0.62,2.61,138.17,1010.4,181.52,0,2.5,420.0,0.38,PM2.5-1HR
38,510590030,2025-05-04,4.81,19.83,84.5,0.38,2.55,150.76,1010.15,1261.9,2.67,6.238,420.0,0.244,PM2.5-1HR
38,510590031,2025-05-04,6.02,19.82,84.88,0.39,2.63,151.9,1010.1,1490.49,3.85,7.89,420.0,0.017,PM2.5-1HR
38,511071005,2025-05-04,5.13,19.49,86.14,0.48,2.88,142.65,1009.88,2238.14,3.3,7.12,420.0,0.103,PM2.5-1HR
38,110010041,2025-05-05,5.32,19.39,87.63,0.44,2.51,117.82,1014.2,2253.41,1.12,4.068,420.0,0.103,PM2.5-1HR
38,110010043,2025-05-05,5.35,19.49,86.68,0.55,2.57,115.6,1014.13,3927.42,1,3.9,420.0,0.356,PM2.5-1HR
38,110010051,2025-05-05,6.73,19.58,86.75,0.55,2.57,116.52,1014.15,3599.37,1.12,4.068,420.0,0.011,PM2.5-1HR
38,110010053,2025-05-05,5.8,19.36,87.48,0.45,2.51,116.94,1014.17,4638.72,1.12,4.068,420.0,0.081,PM2.5-1HR
38,110010055,2025-05-05,4.11,19.44,87.29,0.44,2.46,117.19,1014.14,1327.41,1.84,5.076,420.0,0.611,PM2.5-1HR
38,240313001,2025-05-05,2.77,19.15,87.39,0.57,2.66,113.8,1014.23,166.09,0,2.5,420.0,0.508,PM2.5-1HR
38,240330030,2025-05-05,2.48,19.42,87.65,0.55,2.72,115.42,1014.3,181.52,0,2.5,420.0,0.38,PM2.5-1HR
38,510590030,2025-05-05,4.94,19.36,87.37,0.5,2.47,113.81,1014.05,1261.9,3.3,7.12,420.0,0.244,PM2.5-1HR
38,510590031,2025-05-05,6.33,19.25,87.25,0.45,2.55,114.81,1013.99,1490.49,4.15,8.31,420.0,0.017,PM2.5-1HR
38,511071005,2025-05-05,5.32,18.79,86.61,0.27,2.61,116.64,1013.88,2238.14,2.6,6.14,420.0,0.103,PM2.5-1HR
38,110010041,2025-05-06,5,17.85,80.67,0.48,2.32,225.46,1015.6,2253.41,0.44,3.116,420.0,0.103,PM2.5-1HR
38,110010043,2025-05-06,4.5,18.78,75.4,0.35,2.01,234.6,1015.36,3927.42,0.5,3.2,420.0,0.356,PM2.5-1HR
38,110010051,2025-05-06,5.76,18.9,75.85,0.37,2.08,230.73,1015.36,3599.37,0.44,3.116,420.0,0.011,PM2.5-1HR
38,110010053,2025-05-06,5.44,17.94,80.88,0.48,2.38,220.44,1015.61,4638.72,0.44,3.116,420.0,0.081,PM2.5-1HR
38,110010055,2025-05-06,3.95,17.94,80.88,0.48,2.38,220.44,1015.61,1327.41,0.82,3.648,420.0,0.611,PM2.5-1HR
38,240313001,2025-05-06,2.14,18.31,74.99,0.35,2.02,240.74,1015.33,166.09,0,2.5,420.0,0.508,PM2.5-1HR
38,240330030,2025-05-06,2.35,18.78,76.37,0.48,2.19,228.44,1015.33,181.52,0,2.5,420.0,0.38,PM2.5-1HR
38,510590030,2025-05-06,4.38,17.62,81.96,0.12,2.21,216.41,1015.6,1261.9,1.4,4.46,420.0,0.244,PM2.5-1HR
38,510590031,2025-05-06,4.33,17.25,82.17,0.07,2.36,218.16,1015.65,1490.49,2,5.3,420.0,0.017,PM2.5-1HR
38,511071005,2025-05-06,3.59,16.6,81.38,0.06,2.36,246.15,1015.7,2238.14,1.6,4.74,420.0,0.103,PM2.5-1HR
38,110010041,2025-05-07,4.52,18.23,68,0.04,2.18,300.42,1016.42,2253.41,1.03,3.942,420.0,0.103,PM2.5-1HR
38,110010043,2025-05-07,3.4,18.84,61.7,0,1.72,335.98,1016.33,3927.42,0.98,3.872,420.0,0.356,PM2.5-1HR
38,110010051,2025-05-07,5.43,18.89,62.4,0,1.64,341.89,1016.34,3599.37,0.54,3.256,420.0,0.011,PM2.5-1HR
38,110010053,2025-05-07,2.74,18.33,68.04,0,2.18,305.39,1016.44,4638.72,1.03,3.942,420.0,0.081,PM2.5-1HR
38,110010055,2025-05-07,4.39,18.33,68.04,0,2.18,305.39,1016.44,1327.41,1.37,4.418,420.0,0.611,PM2.5-1HR
38,240313001,2025-05-07,4.21,18.49,61.5,0.01,1.8,313.65,1016.33,166.09,0,2.5,420.0,0.508,PM2.5-1HR
38,240330030,2025-05-07,2.42,18.69,62.34,0,1.67,306.41,1016.32,181.52,0,2.5,420.0,0.38,PM2.5-1HR
38,510130020,2025-05-07,3.5,18.19,68.04,0,2.15,313.65,1016.43,8550.11,1.16,4.124,420.0,0.276,PM2.5-1HR
38,510590030,2025-05-07,3.4,18.2,68.88,0,2.15,316.12,1016.44,1261.9,1.9,5.16,420.0,0.244,PM2.5-1HR
38,510590031,2025-05-07,3.7,17.94,69.21,0.01,2.24,315.7,1016.45,1490.49,2.2,5.58,420.0,0.017,PM2.5-1HR
38,511071005,2025-05-07,4.05,17.7,68.83,0.01,2.57,297.48,1016.41,2238.14,2,5.3,420.0,0.103,PM2.5-1HR
38,110010041,2025-05-08,8.45,18.9,75.29,0.19,1.27,218.53,1015.44,2253.41,1.44,4.516,420.0,0.103,PM2.5-1HR
38,110010043,2025-05-08,5.64,19.81,70.75,0.09,1.27,187.62,1015.48,3927.42,1.68,4.852,420.0,0.356,PM2.5-1HR
38,110010051,2025-05-08,8.83,19.86,71.4,0.09,1.24,179.94,1015.48,3599.37,1.44,4.516,420.0,0.011,PM2.5-1HR
38,110010053,2025-05-08,7.69,18.86,76.21,0.18,1.2,222.97,1015.43,4638.72,1.44,4.516,420.0,0.081,PM2.5-1HR
38,110010055,2025-05-08,6.87,18.86,76.21,0.18,1.2,222.97,1015.43,1327.41,1.98,5.272,420.0,0.611,PM2.5-1HR
38,240313001,2025-05-08,4.29,19.41,68.16,0.06,1.28,218.35,1015.49,166.09,2,5.3,420.0,0.508,PM2.5-1HR
38,240330030,2025-05-08,4.73,19.55,70.77,0.09,1.25,206.18,1015.53,181.52,0,2.5,420.0,0.38,PM2.5-1HR
38,510590030,2025-05-08,5.15,18.77,77.33,0.12,1.16,205.92,1015.4,1261.9,2.87,6.518,420.0,0.244,PM2.5-1HR
38,510590031,2025-05-08,5.87,18.59,77.58,0.06,1.39,196.45,1015.45,1490.49,4.05,8.17,420.0,0.017,PM2.5-1HR
38,511071005,2025-05-08,6.51,18.8,74.79,0.18,1.5,243.99,1015.49,2238.14,4.6,8.94,420.0,0.103,PM2.5-1HR
38,110010041,2025-05-09,3.74,14.52,84.7,0.25,2.97,340.8,1013.95,2253.41,0.24,2.836,420.0,0.103,PM2.5-1HR
38,110010043,2025-05-09,3.39,14.86,82.09,0.52,2.91,343.62,1014.01,3927.42,0.25,2.85,420.0,0.356,PM2.5-1HR
38,110010051,2025-05-09,4.98,15.09,82.05,0.5,2.8,342.63,1013.95,3599.37,0.24,2.836,420.0,0.011,PM2.5-1HR
38,110010053,2025-05-09,4.71,14.62,84.86,0.34,2.9,338.75,1013.94,4638.72,0.24,2.836,420.0,0.081,PM2.5-1HR
38,110010055,2025-05-09,4.4,14.66,84.8,0.34,2.9,339.04,1013.94,1327.41,0.56,3.284,420.0,0.611,PM2.5-1HR
38,240313001,2025-05-09,2.53,13.97,82.36,0.7,3.22,344.57,1014.28,166.09,1,3.9,420.0,0.508,PM2.5-1HR
38,240330030,2025-05-09,2.19,14.63,82.6,0.67,3.04,343.56,1014.02,181.52,0,2.5,420.0,0.38,PM2.5-1HR
38,510590030,2025-05-09,3.96,14.65,84.42,0.48,3.05,340.08,1014,1261.9,1.1,4.04,420.0,0.244,PM2.5-1HR
38,510590031,2025-05-09,4.04,14.36,84.52,0.37,3.32,340.29,1014.12,1490.49,1.55,4.67,420.0,0.017,PM2.5-1HR
38,511071005,2025-05-09,3.35,13.61,83.44,0.24,3.79,344.8,1014.61,2238.14,1.3,4.32,420.0,0.103,PM2.5-1HR
38,110010041,2025-05-10,4.17,16.07,49.15,0,3.54,280.71,1019.35,2253.41,1.3,4.32,420.0,0.103,PM2.5-1HR
38,110010043,2025-05-10,4.25,15.99,48.75,0,3.5,280.89,1019.36,3927.42,1.46,4.544,420.0,0.356,PM2.5-1HR
38,110010051,2025-05-10,5.52,16.08,49.17,0,3.54,280.7,1019.34,3599.37,0.62,3.368,420.0,0.011,PM2.5-1HR
38,110010053,2025-05-10,3.62,16.07,48.91,0,3.48,281.06,1019.4,4638.72,1.3,4.32,420.0,0.081,PM2.5-1HR
38,110010055,2025-05-10,4.24,16.17,49.14,0,3.46,281.27,1019.45,1327.41,1.65,4.81,420.0,0.611,PM2.5-1HR
38,240330030,2025-05-10,5.2,15.93,49.27,0,3.72,280.29,1019.15,181.52,0,2.5,420.0,0.38,PM2.5-1HR
38,510590030,2025-05-10,3.75,16.37,48.32,0,3.48,282.58,1019.54,1261.9,2.23,5.622,420.0,0.244,PM2.5-1HR
38,510590031,2025-05-10,3.85,16.47,47.57,0,3.5,283.53,1019.58,1490.49,3.1,6.84,420.0,0.017,PM2.5-1HR
38,511071005,2025-05-10,3.84,16.24,44.08,0,3.48,283.8,1019.58,2238.14,3.2,6.98,420.0,0.103,PM2.5-1HR
38,110010041,2025-05-11,8.16,19.82,56.18,0,1.74,223.64,1023.01,2253.41,3.22,7.008,420.0,0.103,PM2.5-1HR
38,110010043,2025-05-11,7.21,19.76,56.06,0,1.67,224.69,1022.99,3927.42,3.4,7.26,420.0,0.356,PM2.5-1HR
38,110010051,2025-05-11,7.98,19.83,56.18,0,1.75,223.54,1023.01,3599.37,3.22,7.008,420.0,0.011,PM2.5-1HR
38,110010053,2025-05-11,8.2,19.8,56.09,0,1.7,224.14,1023.02,4638.72,3.22,7.008,420.0,0.081,PM2.5-1HR
38,110010055,2025-05-11,6.75,19.85,56.15,0,1.73,223.29,1023.05,1327.41,3.54,7.456,420.0,0.611,PM2.5-1HR
38,240330030,2025-05-11,7.88,19.84,56.09,0,1.76,224.07,1022.94,181.52,3,6.7,420.0,0.38,PM2.5-1HR
38,510590030,2025-05-11,5.27,19.94,55.44,0,1.79,221.58,1023.07,1261.9,3.83,7.862,420.0,0.244,PM2.5-1HR
38,510590031,2025-05-11,5.41,19.98,54.88,0,1.82,220.66,1023.07,1490.49,4.5,8.8,420.0,0.017,PM2.5-1HR
38,511071005,2025-05-11,6.25,19.86,53.42,0,1.59,233.04,1022.93,2238.14,4.6,8.94,420.0,0.103,PM2.5-1HR
38,240313001,2025-05-12,2.55,19.86,67.79,0.07,1.9,128.43,1023.51,166.09,0,2.5,420.0,0.508,PM2.5-1HR
38,110010041,2025-05-12,10.13,20.09,68.46,0.05,1.9,141.76,1023.53,2253.41,1.52,4.628,420.0,0.103,PM2.5-1HR
38,110010043,2025-05-12,7.32,20.02,68.2,0.06,1.9,138.36,1023.51,3927.42,1.75,4.95,420.0,0.356,PM2.5-1HR
38,110010051,2025-05-12,9.89,20.1,68.47,0.05,1.9,142.12,1023.53,3599.37,1.52,4.628,420.0,0.011,PM2.5-1HR
38,110010053,2025-05-12,8.36,20.05,68.39,0.06,1.9,140.07,1023.5,4638.72,1.52,4.628,420.0,0.081,PM2.5-1HR
38,110010055,2025-05-12,8.13,20.08,68.64,0.06,1.91,141.72,1023.49,1327.41,2.24,5.636,420.0,0.611,PM2.5-1HR
38,240330030,2025-05-12,7.74,20.08,68.22,0.04,1.86,133.15,1023.59,181.52,1,3.9,420.0,0.38,PM2.5-1HR
38,510590030,2025-05-12,5.66,20.09,68.35,0.09,1.94,144.3,1023.46,1261.9,2.7,6.28,420.0,0.244,PM2.5-1HR
38,510590031,2025-05-12,6.18,20.07,68.01,0.1,1.97,145.86,1023.43,1490.49,3.75,7.75,420.0,0.017,PM2.5-1HR
38,511071005,2025-05-12,7,19.68,66.71,0.13,2.05,142.87,1023.32,2238.14,3.9,7.96,420.0,0.103,PM2.5-1HR
38,110010041,2025-05-13,4.88,19.23,91.92,1.3,4.36,116.08,1017.11,2253.41,1.03,3.942,420.0,0.103,PM2.5-1HR
38,110010043,2025-05-13,3.53,19.16,92.03,1.34,4.35,115.72,1017.07,3927.42,1.24,4.236,420.0,0.356,PM2.5-1HR
38,110010051,2025-05-13,5.36,19.23,91.91,1.3,4.36,116.1,1017.11,3599.37,0.34,2.976,420.0,0.011,PM2.5-1HR
38,110010053,2025-05-13,4.39,19.2,92.06,1.36,4.36,116.09,1017.01,4638.72,1.03,3.942,420.0,0.081,PM2.5-1HR
38,110010055,2025-05-13,4.4,19.26,92.08,1.38,4.38,116.54,1016.94,1327.41,1.48,4.572,420.0,0.611,PM2.5-1HR
38,240313001,2025-05-13,1.55,18.8,93.07,1.39,4.35,114.42,1017.2,166.09,0,2.5,420.0,0.508,PM2.5-1HR
38,240330030,2025-05-13,2.58,19.13,91.8,1.18,4.36,114.71,1017.42,181.52,0,2.5,420.0,0.38,PM2.5-1HR
38,510130020,2025-05-13,4.6,19.17,92.34,1.43,4.38,116.15,1016.93,8550.11,1.1,4.04,420.0,0.276,PM2.5-1HR
38,510590030,2025-05-13,3.61,19.21,92.6,1.54,4.42,116.71,1016.76,1261.9,2.53,6.042,420.0,0.244,PM2.5-1HR
38,510590031,2025-05-13,5.86,19.14,93,1.66,4.45,116.6,1016.65,1490.49,3.8,7.82,420.0,0.017,PM2.5-1HR
38,511071005,2025-05-13,3.18,18.61,93.94,1.84,4.39,116.08,1016.55,2238.14,2.3,5.72,420.0,0.103,PM2.5-1HR
38,110010041,2025-05-14,6.54,19.29,88.86,0.34,2.53,77.35,1012.58,2253.41,0.9,3.76,420.0,0.103,PM2.5-1HR
38,110010043,2025-05-14,7.03,19.26,88.63,0.34,2.57,78.13,1012.59,3927.42,0.93,3.802,420.0,0.356,PM2.5-1HR
38,110010051,2025-05-14,7.68,19.29,88.88,0.33,2.53,77.31,1012.58,3599.37,0.9,3.76,420.0,0.011,PM2.5-1HR
38,110010053,2025-05-14,6.8,19.36,88.75,0.36,2.44,77.45,1012.54,4638.72,0.9,3.76,420.0,0.081,PM2.5-1HR
38,110010055,2025-05-14,6.42,19.47,88.89,0.38,2.29,76.26,1012.47,1327.41,1.44,4.516,420.0,0.611,PM2.5-1HR
38,240313001,2025-05-14,3.67,18.77,89.26,0.29,2.97,80.7,1012.8,166.09,0,2.5,420.0,0.508,PM2.5-1HR
38,240330030,2025-05-14,4.62,18.89,89.3,0.27,3.06,78.21,1012.81,181.52,2,5.3,420.0,0.38,PM2.5-1HR
38,510590030,2025-05-14,6.54,19.52,89.42,0.4,2.09,76.18,1012.41,1261.9,2.33,5.762,420.0,0.244,PM2.5-1HR
38,510590031,2025-05-14,7.44,19.5,89.78,0.41,2.02,77,1012.4,1490.49,3.1,6.84,420.0,0.017,PM2.5-1HR
38,511071005,2025-05-14,5.34,19.05,89.07,0.39,2.22,82.53,1012.57,2238.14,1.8,5.02,420.0,0.103,PM2.5-1HR
38,110010041,2025-05-15,9.03,21.37,83.88,0.19,1.1,132.05,1010.75,2253.41,1.44,4.516,420.0,0.103,PM2.5-1HR
38,110010043,2025-05-15,8.63,21.34,84.02,0.21,1.14,127.89,1010.74,3927.42,1.73,4.922,420.0,0.356,PM2.5-1HR
38,110010051,2025-05-15,9.68,21.37,83.89,0.19,1.1,132.33,1010.75,3599.37,1.44,4.516,420.0,0.011,PM2.5-1HR
38,110010053,2025-05-15,8.79,21.4,83.62,0.19,1.13,133.1,1010.74,4638.72,1.44,4.516,420.0,0.081,PM2.5-1HR
38,110010055,2025-05-15,6.17,21.48,83.14,0.17,1.12,140.5,1010.74,1327.41,2.12,5.468,420.0,0.611,PM2.5-1HR
38,240313001,2025-05-15,2.8,21,85.01,0.33,1.29,106.95,1010.79,166.09,0,2.5,420.0,0.508,PM2.5-1HR
38,240330030,2025-05-15,5.71,21.12,85.08,0.24,1.17,110.18,1010.8,181.52,2,5.3,420.0,0.38,PM2.5-1HR
38,510590030,2025-05-15,6.66,21.54,82.77,0.18,1.18,148.7,1010.72,1261.9,3.03,6.742,420.0,0.244,PM2.5-1HR
38,510590031,2025-05-15,6.47,21.53,82.75,0.2,1.23,149.74,1010.71,1490.49,4.4,8.66,420.0,0.017,PM2.5-1HR
38,511071005,2025-05-15,5.89,21.21,83.36,0.29,1.34,118.62,1010.69,2238.14,3.7,7.68,420.0,0.103,PM2.5-1HR
38,110010041,2025-05-16,12.28,22.94,83.44,0.55,1.93,208.96,1007.81,2253.41,5.33,9.962,420.0,0.103,PM2.5-1HR
38,110010043,2025-05-16,12.07,22.95,83.2,0.53,1.96,206.21,1007.79,3927.42,6.04,10.956,420.0,0.356,PM2.5-1HR
38,110010051,2025-05-16,13.94,22.94,83.46,0.55,1.93,209.23,1007.81,3599.37,4.22,8.408,420.0,0.011,PM2.5-1HR
38,110010053,2025-05-16,13.56,23.02,83.28,0.5,1.94,207.94,1007.79,4638.72,5.33,9.962,420.0,0.081,PM2.5-1HR
38,110010055,2025-05-16,12.94,23.1,83.4,0.46,1.91,209.48,1007.8,1327.41,5.77,10.578,420.0,0.611,PM2.5-1HR
38,240313001,2025-05-16,7.32,22.75,83.12,0.5,2.05,202.83,1007.76,166.09,3,6.7,420.0,0.508,PM2.5-1HR
38,240330030,2025-05-16,8.65,22.63,83.66,0.64,1.97,208.59,1007.82,181.52,3,6.7,420.0,0.38,PM2.5-1HR
38,510590030,2025-05-16,10.49,23.26,83.21,0.4,1.89,210.16,1007.77,1261.9,5.43,10.102,420.0,0.244,PM2.5-1HR
38,510590031,2025-05-16,10.29,23.35,82.98,0.38,1.89,209.88,1007.75,1490.49,7.25,12.65,420.0,0.017,PM2.5-1HR
38,511071005,2025-05-16,10.82,23.29,80.71,0.43,2.07,211.75,1007.62,2238.14,6.3,11.32,420.0,0.103,PM2.5-1HR
38,110010041,2025-05-17,5.73,24.42,60.32,0,4.27,237.75,1003.15,2253.41,1.82,5.048,420.0,0.103,PM2.5-1HR
38,110010043,2025-05-17,5.11,24.41,59.82,0,4.23,238.26,1003.14,3927.42,1.73,4.922,420.0,0.356,PM2.5-1HR
38,110010051,2025-05-17,6.29,24.42,60.36,0,4.27,237.73,1003.15,3599.37,1.82,5.048,420.0,0.011,PM2.5-1HR
38,110010053,2025-05-17,6.4,24.44,60.04,0,4.23,237.22,1003.19,4638.72,1.82,5.048,420.0,0.081,PM2.5-1HR
38,110010055,2025-05-17,5.31,24.47,60.33,0,4.22,235.97,1003.25,1327.41,2.44,5.916,420.0,0.611,PM2.5-1HR
38,240313001,2025-05-17,3.75,24.05,59.42,0,4.27,241.6,1002.98,166.09,0,2.5,420.0,0.508,PM2.5-1HR
38,240330030,2025-05-17,4.96,24.25,60.57,0,4.37,241.01,1002.96,181.52,1,3.9,420.0,0.38,PM2.5-1HR
38,510590030,2025-05-17,5.86,24.49,60.1,0,4.22,234.74,1003.3,1261.9,3.4,7.26,420.0,0.244,PM2.5-1HR
38,510590031,2025-05-17,5.54,24.48,59.76,0,4.22,234.44,1003.31,1490.49,4,8.1,420.0,0.017,PM2.5-1HR
38,511071005,2025-05-17,5.38,24.14,56.82,0,4.17,239.39,1003.12,2238.14,3.2,6.98,420.0,0.103,PM2.5-1HR
38,110010041,2025-05-18,3.89,22.13,46.91,0,4.26,284.26,1007.26,2253.41,0.28,2.892,420.0,0.103,PM2.5-1HR
38,110010043,2025-05-18,2.68,22.07,46.61,0,4.21,284.21,1007.29,3927.42,0.3,2.92,420.0,0.356,PM2.5-1HR
38,110010051,2025-05-18,3.81,22.14,46.93,0,4.27,284.26,1007.26,3599.37,0.28,2.892,420.0,0.011,PM2.5-1HR
38,110010053,2025-05-18,3.38,22.13,47.02,0,4.18,284.61,1007.33,4638.72,0.28,2.892,420.0,0.081,PM2.5-1HR
38,110010055,2025-05-18,3.4,22.21,47.52,0,4.13,285.04,1007.38,1327.41,0.76,3.564,420.0,0.611,PM2.5-1HR
38,240313001,2025-05-18,2.77,21.65,46.25,0,4.29,284.83,1007.22,166.09,0,2.5,420.0,0.508,PM2.5-1HR
38,240330030,2025-05-18,3.12,21.93,46.35,0,4.5,283.59,1007.05,181.52,0,2.5,420.0,0.38,PM2.5-1HR
38,510590030,2025-05-18,2.85,22.25,47.92,0,4.04,285.99,1007.49,1261.9,1.6,4.74,420.0,0.244,PM2.5-1HR
38,510590031,2025-05-18,2.74,22.25,47.97,0,3.98,286.52,1007.55,1490.49,2.3,5.72,420.0,0.017,PM2.5-1HR
38,511071005,2025-05-18,2.8,21.7,46.01,0.01,3.99,286.2,1007.61,2238.14,2.3,5.72,420.0,0.103,PM2.5-1HR
38,110010041,2025-05-19,3.83,19.52,55.81,0,3.78,313.93,1011.57,2253.41,1.6,4.74,420.0,0.103,PM2.5-1HR
38,110010043,2025-05-19,3.82,19.57,54.02,0,3.85,314.53,1011.61,3927.42,1.78,4.992,420.0,0.356,PM2.5-1HR
38,110010051,2025-05-19,4.62,19.68,54.14,0,3.86,314.54,1011.56,3599.37,1.12,4.068,420.0,0.011,PM2.5-1HR
38,110010053,2025-05-19,4.26,19.54,55.56,0,3.74,313.75,1011.61,4638.72,1.6,4.74,420.0,0.081,PM2.5-1HR
38,110010055,2025-05-19,4.03,19.65,55.52,0,3.7,313.84,1011.61,1327.41,2.15,5.51,420.0,0.611,PM2.5-1HR
38,240313001,2025-05-19,3.19,19.09,54.34,0,3.98,315,1011.72,166.09,1,3.9,420.0,0.508,PM2.5-1HR
38,240330030,2025-05-19,4.31,19.39,54.72,0,4.02,313.7,1011.5,181.52,2,5.3,420.0,0.38,PM2.5-1HR
38,510130020,2025-05-19,4.25,19.56,55.15,0,3.79,314.99,1011.66,8550.11,1.54,4.656,420.0,0.276,PM2.5-1HR
38,510590030,2025-05-19,3.99,19.74,54.76,0,3.78,316.18,1011.69,1261.9,2.4,5.86,420.0,0.244,PM2.5-1HR
38,510590031,2025-05-19,3.84,19.73,54.2,0,3.85,317.73,1011.77,1490.49,3.25,7.05,420.0,0.017,PM2.5-1HR
38,511071005,2025-05-19,3.93,19.07,54.19,0,4.01,318.78,1012.06,2238.14,3.2,6.98,420.0,0.103,PM2.5-1HR
38,110010041,2025-05-20,4.6,16.22,55.88,0,1.88,8.4,1014.86,2253.41,0.68,3.452,420.0,0.103,PM2.5-1HR
38,110010043,2025-05-20,3.85,16.41,55.5,0,1.9,7.94,1014.76,3927.42,0.78,3.592,420.0,0.356,PM2.5-1HR
38,110010051,2025-05-20,4.67,16.47,55.58,0,1.97,9.3,1014.76,3599.37,0.68,3.452,420.0,0.011,PM2.5-1HR
38,110010053,2025-05-20,4.24,16.23,56.17,0,1.96,12.12,1014.85,4638.72,0.68,3.452,420.0,0.081,PM2.5-1HR
38,110010055,2025-05-20,4.16,16.23,56.17,0,1.96,12.12,1014.85,1327.41,1.28,4.292,420.0,0.611,PM2.5-1HR
38,240313001,2025-05-20,3.64,16.04,55.57,0,1.97,2.34,1014.82,166.09,1,3.9,420.0,0.508,PM2.5-1HR
38,240330030,2025-05-20,2.54,16.18,55.19,0,2.07,6.28,1014.79,181.52,0,2.5,420.0,0.38,PM2.5-1HR
38,510590030,2025-05-20,3.59,16.4,56.71,0,1.98,14.72,1014.83,1261.9,2.07,5.398,420.0,0.244,PM2.5-1HR
38,510590031,2025-05-20,3.68,16.38,54,0,2.06,9.64,1014.84,1490.49,2.95,6.63,420.0,0.017,PM2.5-1HR
38,511071005,2025-05-20,3.73,16.08,56.04,0,2.18,4.29,1014.98,2238.14,3.1,6.84,420.0,0.103,PM2.5-1HR
38,110010041,2025-05-21,3.48,14.72,82.54,0.56,3.77,115.6,1011.06,2253.41,0.36,3.004,420.0,0.103,PM2.5-1HR
38,110010043,2025-05-21,2.96,14.43,83.32,0.77,3.57,108.35,1011.38,3927.42,0.38,3.032,420.0,0.356,PM2.5-1HR
38,110010051,2025-05-21,4.07,14.5,83.36,0.77,3.62,108.29,1011.39,3599.37,0.36,3.004,420.0,0.011,PM2.5-1HR
38,110010053,2025-05-21,3.74,14.89,82.17,0.65,3.68,114.61,1010.99,4638.72,0.36,3.004,420.0,0.081,PM2.5-1HR
38,110010055,2025-05-21,2.53,14.89,82.17,0.65,3.68,114.61,1010.99,1327.41,0.7,3.48,420.0,0.611,PM2.5-1HR
38,240313001,2025-05-21,2.25,14.06,84.23,0.68,3.54,111.27,1011.47,166.09,0,2.5,420.0,0.508,PM2.5-1HR
38,510590030,2025-05-21,2.48,14.95,82.88,0.42,3.37,112.68,1010.85,1261.9,1.4,4.46,420.0,0.244,PM2.5-1HR
38,510590031,2025-05-21,4.09,14.73,82.83,0.53,3.84,114.62,1010.76,1490.49,1.95,5.23,420.0,0.017,PM2.5-1HR
38,511071005,2025-05-21,2.74,14.82,80.5,0.42,4.44,128.62,1010.51,2238.14,1.2,4.18,420.0,0.103,PM2.5-1HR
38,110010041,2025-05-22,3.88,14.82,85.08,0.3,2.31,299.06,1008.4,2253.41,0.38,3.032,420.0,0.103,PM2.5-1HR
38,110010043,2025-05-22,2.81,15.42,81.43,0.51,2.2,14.69,1008.56,3927.42,0.44,3.116,420.0,0.356,PM2.5-1HR
38,110010051,2025-05-22,3.74,15.52,81.76,0.56,2.07,24.02,1008.56,3599.37,0.08,2.612,420.0,0.011,PM2.5-1HR
38,110010053,2025-05-22,1.94,14.94,85.5,0.55,2.2,304.02,1008.4,4638.72,0.38,3.032,420.0,0.081,PM2.5-1HR
38,110010055,2025-05-22,2.19,14.94,85.5,0.55,2.2,304.02,1008.4,1327.41,0.62,3.368,420.0,0.611,PM2.5-1HR
38,240313001,2025-05-22,1.41,14.72,83.09,0.55,2.46,188.84,1008.61,166.09,0,2.5,420.0,0.508,PM2.5-1HR
38,510590030,2025-05-22,2.29,15,85.83,0.34,1.98,300.64,1008.41,1261.9,0.9,3.76,420.0,0.244,PM2.5-1HR
38,510590031,2025-05-22,2.84,14.68,86.5,0.82,2.14,281.82,1008.47,1490.49,1.3,4.32,420.0,0.017,PM2.5-1HR
38,511071005,2025-05-22,1.81,14.17,86.88,0.5,2.97,206.25,1008.42,2238.14,1.1,4.04,420.0,0.103,PM2.5-1HR
38,110010041,2025-05-23,2.71,15.04,60.16,0,4.02,274.79,1012.34,2253.41,0.02,2.528,420.0,0.103,PM2.5-1HR
38,110010043,2025-05-23,2.25,15.63,56.98,0,4.1,275.85,1012.45,3927.42,0,2.5,420.0,0.356,PM2.5-1HR
38,110010051,2025-05-23,3.24,15.72,57.3,0,4.11,276.17,1012.44,3599.37,0.02,2.528,420.0,0.011,PM2.5-1HR
38,110010053,2025-05-23,3.47,15.11,59.26,0,3.89,274.06,1012.45,4638.72,0.02,2.528,420.0,0.081,PM2.5-1HR
38,110010055,2025-05-23,2.82,15.13,59.26,0,3.89,274.13,1012.46,1327.41,0.28,2.892,420.0,0.611,PM2.5-1HR
38,240313001,2025-05-23,2.43,15.14,58.2,0,4.19,276.51,1012.36,166.09,0,2.5,420.0,0.508,PM2.5-1HR
38,240330030,2025-05-23,3.55,15.41,58.99,0,4.29,275.84,1012.25,181.52,1,3.9,420.0,0.38,PM2.5-1HR
38,510590030,2025-05-23,2.46,15.17,58.61,0,3.86,276.74,1012.6,1261.9,0.93,3.802,420.0,0.244,PM2.5-1HR
38,510590031,2025-05-23,2.37,14.98,57.87,0,4.21,279.59,1012.65,1490.49,1.35,4.39,420.0,0.017,PM2.5-1HR
38,511071005,2025-05-23,2.42,14.47,59.73,0,4.88,278.39,1012.64,2238.14,1.2,4.18,420.0,0.103,PM2.5-1HR
38,110010041,2025-05-24,3.1,15.89,52.89,0,4.01,284.14,1018.1,2253.41,0.22,2.808,420.0,0.103,PM2.5-1HR
38,110010043,2025-05-24,2.94,15.77,52.91,0,3.97,283.85,1018.12,3927.42,0.13,2.682,420.0,0.356,PM2.5-1HR
38,110010051,2025-05-24,3.57,15.9,52.88,0,4.01,284.16,1018.1,3599.37,0.22,2.808,420.0,0.011,PM2.5-1HR
38,110010053,2025-05-24,2.5,15.9,52.81,0,3.92,284.22,1018.15,4638.72,0.22,2.808,420.0,0.081,PM2.5-1HR
38,110010055,2025-05-24,3.57,16.05,52.71,0,3.87,284.66,1018.18,1327.41,0.54,3.256,420.0,0.611,PM2.5-1HR
38,240313001,2025-05-24,2.61,15.32,53.74,0,4.08,283.93,1018.06,166.09,0,2.5,420.0,0.508,PM2.5-1HR
38,240330030,2025-05-24,3.1,15.61,53.45,0,4.27,283.69,1017.95,181.52,0,2.5,420.0,0.38,PM2.5-1HR
38,510590030,2025-05-24,2.63,16.18,52.34,0,3.81,285.93,1018.25,1261.9,1.27,4.278,420.0,0.244,PM2.5-1HR
38,510590031,2025-05-24,2.6,16.2,52.12,0,3.79,286.71,1018.29,1490.49,1.6,4.74,420.0,0.017,PM2.5-1HR
38,511071005,2025-05-24,2.72,15.52,52.15,0,3.81,285.18,1018.35,2238.14,1.5,4.6,420.0,0.103,PM2.5-1HR
38,110010041,2025-05-25,3.29,16.48,54.11,0,2.58,300.15,1022.02,2253.41,0.73,3.522,420.0,0.103,PM2.5-1HR
38,110010043,2025-05-25,2.8,16.37,53.81,0,2.61,301.7,1022.03,3927.42,0.86,3.704,420.0,0.356,PM2.5-1HR
38,110010051,2025-05-25,4.29,16.49,54.12,0,2.58,300.03,1022.01,3599.37,0.28,2.892,420.0,0.011,PM2.5-1HR
38,110010053,2025-05-25,2.98,16.46,54.19,0,2.54,301.19,1022.05,4638.72,0.73,3.522,420.0,0.081,PM2.5-1HR
38,110010055,2025-05-25,3.46,16.57,54.71,0,2.46,300.3,1022.07,1327.41,0.97,3.858,420.0,0.611,PM2.5-1HR
38,240313001,2025-05-25,3.1,16.05,53.21,0,2.87,305.47,1022.03,166.09,0,2.5,420.0,0.508,PM2.5-1HR
38,240330030,2025-05-25,3.71,16.34,53.39,0,2.81,300.2,1021.92,181.52,0,2.5,420.0,0.38,PM2.5-1HR
38,510130020,2025-05-25,3,16.52,53.99,0,2.52,302.36,1022.07,8550.11,0.62,3.368,420.0,0.276,PM2.5-1HR
38,510590030,2025-05-25,2.76,16.7,54.4,0,2.41,302.79,1022.12,1261.9,0.93,3.802,420.0,0.244,PM2.5-1HR
38,510590031,2025-05-25,2.77,16.75,53.85,0,2.41,305.88,1022.16,1490.49,1.35,4.39,420.0,0.017,PM2.5-1HR
38,511071005,2025-05-25,2.81,16.22,51.63,0,2.76,312.66,1022.26,2238.14,1.2,4.18,420.0,0.103,PM2.5-1HR
38,110010041,2025-05-26,5.48,17.81,55.28,0,1.68,42.12,1023.45,2253.41,1.18,4.152,420.0,0.103,PM2.5-1HR
38,110010043,2025-05-26,5.32,17.76,54.93,0,1.66,40.94,1023.45,3927.42,0.95,3.83,420.0,0.356,PM2.5-1HR
38,110010051,2025-05-26,6.1,17.81,55.29,0,1.68,42.14,1023.45,3599.37,1.18,4.152,420.0,0.011,PM2.5-1HR
38,110010053,2025-05-26,4.48,17.78,55.31,0,1.68,41.9,1023.46,4638.72,1.18,4.152,420.0,0.081,PM2.5-1HR
38,110010055,2025-05-26,4.64,17.8,55.78,0,1.72,43.34,1023.47,1327.41,1.62,4.768,420.0,0.611,PM2.5-1HR
38,240313001,2025-05-26,3.57,17.6,54.39,0,1.5,35.46,1023.45,166.09,0,2.5,420.0,0.508,PM2.5-1HR
38,240330030,2025-05-26,3.73,17.76,54.73,0,1.66,41.47,1023.43,181.52,0,2.5,420.0,0.38,PM2.5-1HR
38,510590030,2025-05-26,3.93,17.83,55.69,0,1.77,37.06,1023.51,1261.9,2.83,6.462,420.0,0.244,PM2.5-1HR
38,510590031,2025-05-26,4.63,17.84,55.35,0,1.79,29.6,1023.53,1490.49,3.2,6.98,420.0,0.017,PM2.5-1HR
38,511071005,2025-05-26,4.1,17.64,53.89,0,1.44,1.94,1023.54,2238.14,3.3,7.12,420.0,0.103,PM2.5-1HR
38,110010041,2025-05-27,7.77,15.96,73.04,0.11,1.45,155.04,1026.39,2253.41,0.92,3.788,420.0,0.103,PM2.5-1HR
38,110010043,2025-05-27,6.24,15.84,72.98,0.12,1.46,155.28,1026.39,3927.42,1.13,4.082,420.0,0.356,PM2.5-1HR
38,110010051,2025-05-27,8.75,15.97,73.04,0.11,1.45,155.16,1026.39,3599.37,0.92,3.788,420.0,0.011,PM2.5-1HR
38,110010053,2025-05-27,5.47,15.9,72.95,0.11,1.44,152.03,1026.39,4638.72,0.92,3.788,420.0,0.081,PM2.5-1HR
38,110010055,2025-05-27,5.13,15.98,72.93,0.1,1.42,147.09,1026.39,1327.41,1.46,4.544,420.0,0.611,PM2.5-1HR
38,240313001,2025-05-27,6.32,15.65,73.24,0.17,1.45,155.74,1026.41,166.09,1,3.9,420.0,0.508,PM2.5-1HR
38,240330030,2025-05-27,6.37,15.96,73.39,0.12,1.5,157.97,1026.41,181.52,2,5.3,420.0,0.38,PM2.5-1HR
38,510590030,2025-05-27,4.6,15.9,73.13,0.11,1.38,142.47,1026.39,1261.9,1.9,5.16,420.0,0.244,PM2.5-1HR
38,510590031,2025-05-27,5.26,15.79,73.35,0.12,1.36,144.35,1026.39,1490.49,2.8,6.42,420.0,0.017,PM2.5-1HR
38,511071005,2025-05-27,5.12,15.29,72.42,0.2,1.4,156.66,1026.41,2238.14,2.7,6.28,420.0,0.103,PM2.5-1HR
38,110010041,2025-05-28,2.96,14.37,92.54,1.11,4.04,59.13,1021.81,2253.41,0.33,2.962,420.0,0.103,PM2.5-1HR
38,110010043,2025-05-28,1.62,14.23,92.59,1.05,4,58.96,1021.84,3927.42,0.36,3.004,420.0,0.356,PM2.5-1HR
38,110010051,2025-05-28,3.95,14.38,92.54,1.12,4.05,59.17,1021.81,3599.37,0.04,2.556,420.0,0.011,PM2.5-1HR
38,110010053,2025-05-28,2.42,14.35,92.7,1.09,4,58.51,1021.75,4638.72,0.33,2.962,420.0,0.081,PM2.5-1HR
38,110010055,2025-05-28,2.78,14.49,92.82,1.13,4,57.97,1021.64,1327.41,0.48,3.172,420.0,0.611,PM2.5-1HR
38,240313001,2025-05-28,1.49,13.57,93.55,0.92,3.88,63.06,1022.19,166.09,0,2.5,420.0,0.508,PM2.5-1HR
38,240330030,2025-05-28,1.93,14.07,92.34,1.08,4.11,61.73,1022.15,181.52,0,2.5,420.0,0.38,PM2.5-1HR
38,510590030,2025-05-28,2.23,14.49,93.4,1.13,3.95,57.55,1021.56,1261.9,1.33,4.362,420.0,0.244,PM2.5-1HR
38,510590031,2025-05-28,3.85,14.4,93.8,1.11,3.91,57.46,1021.55,1490.49,1.9,5.16,420.0,0.017,PM2.5-1HR
38,511071005,2025-05-28,1.85,13.44,94.24,0.84,3.4,61.85,1022,2238.14,0.4,3.06,420.0,0.103,PM2.5-1HR
38,110010041,2025-05-29,3.77,17.4,85.37,0,1.68,259.84,1017.31,2253.41,0.3,2.92,420.0,0.103,PM2.5-1HR
38,110010043,2025-05-29,3.52,17.39,85.11,0,1.63,258.83,1017.32,3927.42,0.3,2.92,420.0,0.356,PM2.5-1HR
38,110010051,2025-05-29,4.47,17.4,85.39,0,1.68,259.96,1017.31,3599.37,0.3,2.92,420.0,0.011,PM2.5-1HR
38,110010053,2025-05-29,3.36,17.4,85.43,0,1.63,257.7,1017.34,4638.72,0.3,2.92,420.0,0.081,PM2.5-1HR
38,110010055,2025-05-29,3.81,17.41,85.83,0,1.63,256.4,1017.36,1327.41,0.74,3.536,420.0,0.611,PM2.5-1HR
38,240313001,2025-05-29,2.03,17.28,84.74,0,1.62,262.13,1017.27,166.09,0,2.5,420.0,0.508,PM2.5-1HR
38,240330030,2025-05-29,1.96,17.35,84.79,0,1.79,266.76,1017.23,181.52,0,2.5,420.0,0.38,PM2.5-1HR
38,510590030,2025-05-29,4.36,17.41,86.41,0,1.61,252.45,1017.39,1261.9,1.53,4.642,420.0,0.244,PM2.5-1HR
38,510590031,2025-05-29,4.35,17.4,86.66,0,1.59,249.58,1017.41,1490.49,2.15,5.51,420.0,0.017,PM2.5-1HR
38,511071005,2025-05-29,4.1,17.4,84.93,0,1.45,239.54,1017.33,2238.14,2.8,6.42,420.0,0.103,PM2.5-1HR
38,110010041,2025-05-30,8.43,20.72,80.08,0.43,1.77,205,1004.82,2253.41,0.98,3.872,420.0,0.103,PM2.5-1HR
38,110010043,2025-05-30,5.58,20.69,79.69,0.44,1.74,207.95,1004.8,3927.42,1.18,4.152,420.0,0.356,PM2.5-1HR
38,110010051,2025-05-30,7.48,20.72,80.12,0.43,1.78,204.75,1004.82,3599.37,0.98,3.872,420.0,0.011,PM2.5-1HR
38,110010053,2025-05-30,6.21,20.72,79.92,0.43,1.76,208.37,1004.82,4638.72,0.98,3.872,420.0,0.081,PM2.5-1HR
38,110010055,2025-05-30,7.01,20.77,80.21,0.42,1.79,208.98,1004.84,1327.41,1.36,4.404,420.0,0.611,PM2.5-1HR
38,240313001,2025-05-30,4.21,20.35,79.73,0.48,1.63,213.36,1004.77,166.09,0,2.5,420.0,0.508,PM2.5-1HR
38,240330030,2025-05-30,4.56,20.57,80.1,0.44,1.73,200.85,1004.8,181.52,0,2.5,420.0,0.38,PM2.5-1HR
38,510590030,2025-05-30,6.15,20.71,80.52,0.41,1.85,212,1004.84,1261.9,1.13,4.082,420.0,0.244,PM2.5-1HR
38,510590031,2025-05-30,6.59,20.64,80.6,0.41,1.89,213.87,1004.84,1490.49,1.6,4.74,420.0,0.017,PM2.5-1HR
38,511071005,2025-05-30,5.97,20.14,79.89,0.48,1.77,223.76,1004.77,2238.14,1,3.9,420.0,0.103,PM2.5-1HR
38,110010041,2025-05-31,6.55,17.29,65.18,0.19,5.47,288.46,998.22,2253.41,1.53,4.642,420.0,0.103,PM2.5-1HR
38,110010043,2025-05-31,7.64,17.21,65.07,0.19,5.45,289.12,998.27,3927.42,1.82,5.048,420.0,0.356,PM2.5-1HR
38,110010051,2025-05-31,6.04,17.29,65.21,0.19,5.48,288.4,998.22,3599.37,0.44,3.116,420.0,0.011,PM2.5-1HR
38,110010053,2025-05-31,6.75,17.29,64.78,0.18,5.42,289.12,998.32,4638.72,1.53,4.642,420.0,0.081,PM2.5-1HR
38,110010055,2025-05-31,5.85,17.4,64.45,0.16,5.38,289.11,998.37,1327.41,1.8,5.02,420.0,0.611,PM2.5-1HR
38,240313001,2025-05-31,5.91,16.73,66.88,0.24,5.49,290.82,998.22,166.09,1,3.9,420.0,0.508,PM2.5-1HR
38,240330030,2025-05-31,5.18,17.06,66.74,0.24,5.65,287.8,997.94,181.52,0,2.5,420.0,0.38,PM2.5-1HR
38,510130020,2025-05-31,7,17.31,64.57,0.17,5.42,289.72,998.39,8550.11,1.82,5.048,420.0,0.276,PM2.5-1HR
38,510590030,2025-05-31,8.51,17.45,63.95,0.14,5.39,290.23,998.52,1261.9,1.13,4.082,420.0,0.244,PM2.5-1HR
38,510590031,2025-05-31,8.4,17.43,63.72,0.14,5.41,291.09,998.62,1490.49,1.65,4.81,420.0,0.017,PM2.5-1HR
38,511071005,2025-05-31,8.84,16.7,65.19,0.23,5.5,294.72,998.83,2238.14,3.7,7.68,420.0,0.103,PM2.5-1HR
38,110010041,2025-06-01,4.16,15.82,54.16,0,3.18,263.2,1009.52,2253.41,0.34,2.976,420.0,0.103,PM2.5-1HR
38,110010043,2025-06-01,3.27,15.69,53.51,0,3.18,264.03,1009.52,3927.42,0.18,2.752,420.0,0.356,PM2.5-1HR
38,110010051,2025-06-01,5.16,15.83,54.2,0,3.18,263.17,1009.52,3599.37,0.34,2.976,420.0,0.011,PM2.5-1HR
38,110010053,2025-06-01,2.96,15.79,54.07,0,3.11,262.89,1009.55,4638.72,0.34,2.976,420.0,0.081,PM2.5-1HR
38,110010055,2025-06-01,4.29,15.92,54.77,0,3.02,261.16,1009.6,1327.41,0.86,3.704,420.0,0.611,PM2.5-1HR
38,240330030,2025-06-01,3.64,15.63,53.63,0,3.46,266.14,1009.37,181.52,0,2.5,420.0,0.38,PM2.5-1HR
38,510590030,2025-06-01,3.64,16,55.16,0,2.88,260.08,1009.66,1261.9,2.07,5.398,420.0,0.244,PM2.5-1HR
38,510590031,2025-06-01,3.67,16,55.09,0,2.81,260.82,1009.69,1490.49,2.6,6.14,420.0,0.017,PM2.5-1HR
38,511071005,2025-06-01,3.43,15.32,51.04,0,3.04,275.99,1009.63,2238.14,2.6,6.14,420.0,0.103,PM2.5-1HR
38,110010041,2025-06-02,5.66,17.31,54.83,0,2.22,292.6,1016.6,2253.41,0.46,3.144,420.0,0.103,PM2.5-1HR
38,110010043,2025-06-02,4.22,17.29,52.9,0,2.35,293.22,1016.56,3927.42,0.1,2.64,420.0,0.356,PM2.5-1HR
38,110010051,2025-06-02,6.97,17.41,53.3,0,2.32,292.29,1016.55,3599.37,0.46,3.144,420.0,0.011,PM2.5-1HR
38,110010053,2025-06-02,3.87,17.23,55.04,0,2.22,293.78,1016.63,4638.72,0.46,3.144,420.0,0.081,PM2.5-1HR
38,110010055,2025-06-02,4.63,17.32,55.22,0,2.19,294.01,1016.64,1327.41,1,3.9,420.0,0.611,PM2.5-1HR
38,240313001,2025-06-02,3.55,16.98,52.94,0,2.43,292.31,1016.55,166.09,0,2.5,420.0,0.508,PM2.5-1HR
38,240330030,2025-06-02,5.32,17.31,53.04,0,2.41,290.91,1016.48,181.52,0,2.5,420.0,0.38,PM2.5-1HR
38,510590030,2025-06-02,3.55,17.37,54.78,0,2.16,295.59,1016.69,1261.9,2.43,5.902,420.0,0.244,PM2.5-1HR
38,510590031,2025-06-02,3.99,17.33,54.76,0,2.19,296.89,1016.74,1490.49,2.7,6.28,420.0,0.017,PM2.5-1HR
38,511071005,2025-06-02,3.64,16.85,52.41,0,2.26,294.35,1016.75,2238.14,2.7,6.28,420.0,0.103,PM2.5-1HR
38,110010041,2025-06-03,6.88,19.77,60.96,0,1.52,197.52,1020.98,2253.41,3.18,6.952,420.0,0.103,PM2.5-1HR
38,110010043,2025-06-03,6.28,19.67,57.89,0,1.95,197.89,1020.83,3927.42,3.4,7.26,420.0,0.356,PM2.5-1HR
38,110010051,2025-06-03,8.42,19.75,57.99,0,1.97,198.07,1020.86,3599.37,2.58,6.112,420.0,0.011,PM2.5-1HR
38,110010053,2025-06-03,5.86,19.8,60.5,0,1.58,191.54,1020.98,4638.72,3.18,6.952,420.0,0.081,PM2.5-1HR
38,110010055,2025-06-03,6.69,19.8,60.5,0,1.58,191.54,1020.98,1327.41,3.35,7.19,420.0,0.611,PM2.5-1HR
38,240313001,2025-06-03,5.01,19.62,56.85,0,2.03,205.1,1020.77,166.09,1,3.9,420.0,0.508,PM2.5-1HR
38,240330030,2025-06-03,5.19,19.7,57.11,0,2.05,204.28,1020.83,181.52,2,5.3,420.0,0.38,PM2.5-1HR
38,510590030,2025-06-03,4.72,19.69,59.88,0,1.62,197.39,1020.98,1261.9,3.2,6.98,420.0,0.244,PM2.5-1HR
38,510590031,2025-06-03,4.86,19.7,57.42,0,1.92,203.59,1021,1490.49,3.75,7.75,420.0,0.017,PM2.5-1HR
38,511071005,2025-06-03,5.33,19.45,58.58,0,1.79,208.16,1020.83,2238.14,3.7,7.68,420.0,0.103,PM2.5-1HR
38,110010041,2025-06-04,12.99,22.72,66.58,0,2.74,188.72,1021.49,2253.41,5.88,10.732,420.0,0.103,PM2.5-1HR
38,110010043,2025-06-04,13.06,23.06,64.68,0,2.84,190.69,1021.44,3927.42,6.15,11.11,420.0,0.356,PM2.5-1HR
38,110010051,2025-06-04,14.65,22.98,65.28,0,2.9,190.63,1021.49,3599.37,5.88,10.732,420.0,0.011,PM2.5-1HR
38,110010053,2025-06-04,12.42,22.72,66.71,0,2.89,188.38,1021.51,4638.72,5.88,10.732,420.0,0.081,PM2.5-1HR
38,110010055,2025-06-04,12.38,22.72,66.71,0,2.89,188.38,1021.51,1327.41,5.8,10.62,420.0,0.611,PM2.5-1HR
38,240313001,2025-06-04,10.75,23.11,63.6,0,2.8,185.22,1021.3,166.09,5,9.5,420.0,0.508,PM2.5-1HR
38,240330030,2025-06-04,11.32,22.84,65.56,0,2.9,186.88,1021.46,181.52,5,9.5,420.0,0.38,PM2.5-1HR
38,510590030,2025-06-04,11.2,22.77,67.67,0,2.78,187.22,1021.48,1261.9,5.47,10.158,420.0,0.244,PM2.5-1HR
38,510590031,2025-06-04,12.02,22.75,67.29,0,2.9,185.81,1021.49,1490.49,5.8,10.62,420.0,0.017,PM2.5-1HR
38,511071005,2025-06-04,13.25,23.75,61,0,2.9,183.07,1020.97,2238.14,6,10.9,420.0,0.103,PM2.5-1HR
38,110010041,2025-06-05,14.57,23.97,70,0,2.66,193.53,1017.59,2253.41,8.04,13.756,420.0,0.103,PM2.5-1HR
38,110010043,2025-06-05,13.19,24.47,66.63,0,2.68,194.22,1017.64,3927.42,8.3,14.12,420.0,0.356,PM2.5-1HR
38,110010051,2025-06-05,14.4,24.33,67.69,0,2.76,193.94,1017.68,3599.37,8.04,13.756,420.0,0.011,PM2.5-1HR
38,110010053,2025-06-05,12.83,23.84,70.38,0,2.73,192.54,1017.63,4638.72,8.04,13.756,420.0,0.081,PM2.5-1HR
38,110010055,2025-06-05,12.27,23.84,70.38,0,2.73,192.54,1017.63,1327.41,8.18,13.952,420.0,0.611,PM2.5-1HR
38,240313001,2025-06-05,12.32,24.62,65.38,0,2.5,189.61,1017.52,166.09,8,13.7,420.0,0.508,PM2.5-1HR
38,240330030,2025-06-05,11.64,24.27,68.25,0,2.73,191.74,1017.65,181.52,8,13.7,420.0,0.38,PM2.5-1HR
38,510590030,2025-06-05,11.26,23.9,70.71,0,2.66,191.59,1017.62,1261.9,8.67,14.638,420.0,0.244,PM2.5-1HR
38,510590031,2025-06-05,12.09,23.9,69.58,0,2.85,190.93,1017.61,1490.49,9.5,15.8,420.0,0.017,PM2.5-1HR
38,511071005,2025-06-05,16.28,25.27,62.75,0,2.91,187.59,1017.08,2238.14,12.2,19.58,420.0,0.103,PM2.5-1HR
38,110010041,2025-06-06,10.66,23.92,76.54,0,1.55,165.78,1012.93,2253.41,5.23,9.822,420.0,0.103,PM2.5-1HR
38,110010043,2025-06-06,10.67,23.99,75.17,0,1.58,159.87,1013,3927.42,5.3,9.92,420.0,0.356,PM2.5-1HR
38,110010051,2025-06-06,11.37,23.9,75.78,0,1.58,158.7,1013.02,3599.37,4.46,8.744,420.0,0.011,PM2.5-1HR
38,110010053,2025-06-06,9.5,23.87,77.48,0,1.58,161.45,1012.93,4638.72,5.23,9.822,420.0,0.081,PM2.5-1HR
38,110010055,2025-06-06,9.69,23.87,77.59,0,1.58,161.49,1012.93,1327.41,5.67,10.438,420.0,0.611,PM2.5-1HR
38,240313001,2025-06-06,6.3,23.93,74.99,0.04,1.59,166.47,1013,166.09,0,2.5,420.0,0.508,PM2.5-1HR
38,240330030,2025-06-06,7.44,23.77,76.05,0.01,1.7,165.44,1013.05,181.52,0,2.5,420.0,0.38,PM2.5-1HR
38,510130020,2025-06-06,9.35,24.21,74.31,0.01,1.6,163.37,1012.9,8550.11,5.2,9.78,420.0,0.276,PM2.5-1HR
38,510590030,2025-06-06,9.27,23.88,77.25,0.02,1.53,162.3,1012.9,1261.9,6.1,11.04,420.0,0.244,PM2.5-1HR
38,510590031,2025-06-06,9.97,23.95,75.23,0,1.61,165.72,1012.93,1490.49,6.7,11.88,420.0,0.017,PM2.5-1HR
38,511071005,2025-06-06,12.34,24.75,71.44,0.05,1.53,188.44,1012.66,2238.14,7.7,13.28,420.0,0.103,PM2.5-1HR
38,110010041,2025-06-07,7.97,24.04,80.11,0.45,1.4,284.64,1008.46,2253.41,1.16,4.124,420.0,0.103,PM2.5-1HR
38,110010043,2025-06-07,6.65,24.07,79.06,0.46,1.5,286.4,1008.48,3927.42,1.23,4.222,420.0,0.356,PM2.5-1HR
38,110010051,2025-06-07,8.25,24.04,80.19,0.45,1.39,284.44,1008.46,3599.37,1.16,4.124,420.0,0.011,PM2.5-1HR
38,110010053,2025-06-07,7.12,24.11,79.52,0.44,1.46,286.73,1008.47,4638.72,1.16,4.124,420.0,0.081,PM2.5-1HR
38,110010055,2025-06-07,6.44,24.16,80.1,0.42,1.43,286.95,1008.46,1327.41,1.96,5.244,420.0,0.611,PM2.5-1HR
38,240313001,2025-06-07,2.39,23.83,78.61,0.49,1.61,286.03,1008.54,166.09,0,2.5,420.0,0.508,PM2.5-1HR
38,240330030,2025-06-07,3.61,23.84,80.71,0.51,1.35,279.78,1008.47,181.52,0,2.5,420.0,0.38,PM2.5-1HR
38,510590030,2025-06-07,6.46,24.25,79.79,0.41,1.44,288.59,1008.48,1261.9,2.93,6.602,420.0,0.244,PM2.5-1HR
38,510590031,2025-06-07,6.97,24.3,79.2,0.4,1.48,289.81,1008.49,1490.49,3.95,8.03,420.0,0.017,PM2.5-1HR
38,511071005,2025-06-07,7.15,24.08,76.06,0.42,1.69,289.1,1008.62,2238.14,4.2,8.38,420.0,0.103,PM2.5-1HR
38,110010041,2025-06-08,10.7,22.09,84.87,0.73,2.67,72.1,1007.92,2253.41,4.86,9.304,420.0,0.103,PM2.5-1HR
38,110010043,2025-06-08,11.27,22.04,84.62,0.8,2.7,71.26,1007.93,3927.42,5.15,9.71,420.0,0.356,PM2.5-1HR
38,110010051,2025-06-08,12.43,22.09,84.89,0.72,2.67,72.2,1007.92,3599.37,4.86,9.304,420.0,0.011,PM2.5-1HR
38,110010053,2025-06-08,11.99,22.15,84.92,0.79,2.62,71.48,1007.88,4638.72,4.86,9.304,420.0,0.081,PM2.5-1HR
38,110010055,2025-06-08,10.72,22.28,85.28,0.78,2.53,71.72,1007.82,1327.41,5.06,9.584,420.0,0.611,PM2.5-1HR
38,240313001,2025-06-08,8,21.48,84.69,0.86,2.88,73.38,1008.13,166.09,2,5.3,420.0,0.508,PM2.5-1HR
38,240330030,2025-06-08,7.06,21.67,84.44,0.67,2.91,72.8,1008.13,181.52,3,6.7,420.0,0.38,PM2.5-1HR
38,510590030,2025-06-08,11.49,22.41,85.7,0.89,2.38,72.58,1007.76,1261.9,5.47,10.158,420.0,0.244,PM2.5-1HR
38,510590031,2025-06-08,12.79,22.43,85.84,0.99,2.32,73.25,1007.74,1490.49,6.35,11.39,420.0,0.017,PM2.5-1HR
38,511071005,2025-06-08,12.96,21.74,85.53,0.98,2.57,80.34,1007.9,2238.14,5.6,10.34,420.0,0.103,PM2.5-1HR
38,110010041,2025-06-09,8.19,23.06,82.14,0.06,2.16,106.7,1009.65,2253.41,3.62,7.568,420.0,0.103,PM2.5-1HR
38,110010043,2025-06-09,7.66,23.1,81.68,0.06,2.18,107.75,1009.63,3927.42,4.1,8.24,420.0,0.356,PM2.5-1HR
38,110010051,2025-06-09,9.65,23.06,82.18,0.06,2.15,106.65,1009.65,3599.37,2.72,6.308,420.0,0.011,PM2.5-1HR
38,110010053,2025-06-09,7.85,23.14,81.94,0.06,2.15,106.82,1009.61,4638.72,3.62,7.568,420.0,0.081,PM2.5-1HR
38,110010055,2025-06-09,7.86,23.19,82.25,0.05,2.12,105.6,1009.59,1327.41,3.95,8.03,420.0,0.611,PM2.5-1HR
38,240313001,2025-06-09,6.33,22.84,81.36,0.08,2.18,115.19,1009.66,166.09,2,5.3,420.0,0.508,PM2.5-1HR
38,240330030,2025-06-09,6.78,22.78,82.28,0.08,2.24,110.22,1009.75,181.52,2,5.3,420.0,0.38,PM2.5-1HR
38,510590030,2025-06-09,8.06,23.28,82.48,0.04,2.05,107.14,1009.54,1261.9,3.07,6.798,420.0,0.244,PM2.5-1HR
38,510590031,2025-06-09,8.1,23.33,82.49,0.04,2.03,109.55,1009.5,1490.49,4,8.1,420.0,0.017,PM2.5-1HR
38,511071005,2025-06-09,9.14,23.18,80.2,0.03,1.81,119.28,1009.45,2238.14,5.1,9.64,420.0,0.103,PM2.5-1HR
38,110010041,2025-06-10,7.9,24.97,69.71,0.01,2.34,249.99,1011.21,2253.41,3.34,7.176,420.0,0.103,PM2.5-1HR
38,110010043,2025-06-10,8.45,24.94,68.95,0.01,2.38,256.97,1011.21,3927.42,3.5,7.4,420.0,0.356,PM2.5-1HR
38,110010051,2025-06-10,9.13,24.97,69.79,0.01,2.33,249.24,1011.21,3599.37,3.34,7.176,420.0,0.011,PM2.5-1HR
38,110010053,2025-06-10,8.65,25,69.26,0.01,2.38,252.7,1011.21,4638.72,3.34,7.176,420.0,0.081,PM2.5-1HR
38,110010055,2025-06-10,8.27,25.07,69.64,0.01,2.4,247.59,1011.21,1327.41,3.86,7.904,420.0,0.611,PM2.5-1HR
38,240313001,2025-06-10,5.69,24.46,69.2,0.01,2.33,275.07,1011.29,166.09,1,3.9,420.0,0.508,PM2.5-1HR
38,240330030,2025-06-10,7.03,24.69,70.58,0.02,2.26,252.1,1011.23,181.52,2,5.3,420.0,0.38,PM2.5-1HR
38,510590030,2025-06-10,9.29,25.1,69.94,0.01,2.42,247.39,1011.22,1261.9,4.5,8.8,420.0,0.244,PM2.5-1HR
38,510590031,2025-06-10,9.11,25.09,69.99,0,2.43,249.49,1011.24,1490.49,5.4,10.06,420.0,0.017,PM2.5-1HR
38,511071005,2025-06-10,11.48,24.53,67.5,0.01,2.41,274.47,1011.34,2238.14,5.8,10.62,420.0,0.103,PM2.5-1HR
38,110010041,2025-06-11,15.22,24.28,60.82,0,2.02,279.45,1018.57,2253.41,9.76,16.164,420.0,0.103,PM2.5-1HR
38,110010043,2025-06-11,13.45,24.2,60.45,0,2.04,279.98,1018.58,3927.42,9.63,15.982,420.0,0.356,PM2.5-1HR
38,110010051,2025-06-11,16.16,24.28,60.85,0,2.02,279.37,1018.57,3599.37,9.76,16.164,420.0,0.011,PM2.5-1HR
38,110010053,2025-06-11,14.35,24.25,60.63,0,2.02,280.23,1018.59,4638.72,9.76,16.164,420.0,0.081,PM2.5-1HR
38,110010055,2025-06-11,13.52,24.32,60.87,0,2.01,280.55,1018.6,1327.41,10.44,17.116,420.0,0.611,PM2.5-1HR
38,240313001,2025-06-11,11.63,23.95,60.76,0,2.05,278.15,1018.58,166.09,8,13.7,420.0,0.508,PM2.5-1HR
38,240330030,2025-06-11,12.78,24.19,61.03,0,2.01,277.07,1018.53,181.52,7,12.3,420.0,0.38,PM2.5-1HR
38,510590030,2025-06-11,16.4,24.41,60.87,0,2,280.71,1018.64,1261.9,12.47,19.958,420.0,0.244,PM2.5-1HR
38,510590031,2025-06-11,16.08,24.44,60.75,0,2,280.62,1018.66,1490.49,13.55,21.47,420.0,0.017,PM2.5-1HR
38,511071005,2025-06-11,17.57,24.02,59.79,0,1.93,278.28,1018.68,2238.14,15,23.5,420.0,0.103,PM2.5-1HR
38,110010041,2025-06-12,17.7,26.15,62.88,0,2.2,231.99,1018.23,2253.41,13.57,21.498,420.0,0.103,PM2.5-1HR
38,110010043,2025-06-12,17.79,26.11,62.29,0,2.17,233.41,1018.22,3927.42,14.16,22.324,420.0,0.356,PM2.5-1HR
38,110010051,2025-06-12,19.27,26.16,62.92,0,2.21,231.87,1018.22,3599.37,12.78,20.392,420.0,0.011,PM2.5-1HR
38,110010053,2025-06-12,16.96,26.15,62.55,0,2.16,231.92,1018.24,4638.72,13.57,21.498,420.0,0.081,PM2.5-1HR
38,110010055,2025-06-12,17.49,26.21,62.89,0,2.15,230.14,1018.27,1327.41,13.95,22.03,420.0,0.611,PM2.5-1HR
38,240313001,2025-06-12,14.49,25.87,62.3,0,2.16,237.5,1018.18,166.09,10,16.5,420.0,0.508,PM2.5-1HR
38,240330030,2025-06-12,16.15,26.03,63.26,0,2.31,234.57,1018.15,181.52,9,15.1,420.0,0.38,PM2.5-1HR
38,510590030,2025-06-12,19.27,26.26,62.44,0,2.11,226.73,1018.28,1261.9,14.93,23.402,420.0,0.244,PM2.5-1HR
38,510590031,2025-06-12,19.99,26.27,61.91,0,2.1,224.86,1018.29,1490.49,17.1,26.44,420.0,0.017,PM2.5-1HR
38,511071005,2025-06-12,21.06,25.95,60.36,0,1.91,231.36,1018.23,2238.14,19.6,29.94,420.0,0.103,PM2.5-1HR
38,110010041,2025-06-13,17.25,26.08,67.96,0.02,1.74,167.63,1016.92,2253.41,3.12,6.868,420.0,0.103,PM2.5-1HR
38,110010043,2025-06-13,18.72,26.07,67.08,0.02,1.7,165.54,1016.92,3927.42,3.55,7.47,420.0,0.356,PM2.5-1HR
38,110010051,2025-06-13,19.39,26.08,68.03,0.02,1.75,167.6,1016.93,3599.37,3.12,6.868,420.0,0.011,PM2.5-1HR
38,110010053,2025-06-13,17.04,26.14,67.27,0.02,1.71,171.77,1016.9,4638.72,3.12,6.868,420.0,0.081,PM2.5-1HR
38,110010055,2025-06-13,16.82,26.21,67.52,0.02,1.76,178.84,1016.88,1327.41,3.2,6.98,420.0,0.611,PM2.5-1HR
38,240313001,2025-06-13,16,25.72,66.47,0.03,1.77,137.2,1017.01,166.09,7,12.3,420.0,0.508,PM2.5-1HR
38,240330030,2025-06-13,16.8,25.75,69.26,0.01,1.9,146.36,1017.03,181.52,3,6.7,420.0,0.38,PM2.5-1HR
38,510590030,2025-06-13,17.66,26.31,66.61,0.03,1.84,183.49,1016.83,1261.9,3.3,7.12,420.0,0.244,PM2.5-1HR
38,510590031,2025-06-13,19.08,26.34,65.78,0.05,1.87,183.86,1016.81,1490.49,4.25,8.45,420.0,0.017,PM2.5-1HR
38,511071005,2025-06-13,21.31,26.21,61.79,0.05,1.51,155,1016.8,2238.14,5,9.5,420.0,0.103,PM2.5-1HR
38,110010041,2025-06-14,19.78,24.27,84.57,0.67,1.61,129.03,1016.19,2253.41,1.58,4.712,420.0,0.103,PM2.5-1HR
38,110010043,2025-06-14,19.81,24.23,84.46,0.69,1.55,123.3,1016.19,3927.42,1.75,4.95,420.0,0.356,PM2.5-1HR
38,110010051,2025-06-14,21.67,24.27,84.58,0.67,1.61,129.26,1016.19,3599.37,1.58,4.712,420.0,0.011,PM2.5-1HR
38,110010053,2025-06-14,20.83,24.35,84.39,0.68,1.57,130,1016.17,4638.72,1.58,4.712,420.0,0.081,PM2.5-1HR
38,110010055,2025-06-14,20.95,24.49,84.32,0.67,1.59,137.17,1016.14,1327.41,2.38,5.832,420.0,0.611,PM2.5-1HR
38,240313001,2025-06-14,13.31,23.64,85.47,0.67,1.48,90.52,1016.27,166.09,1,3.9,420.0,0.508,PM2.5-1HR
38,240330030,2025-06-14,15.14,23.78,85.26,0.62,1.64,101.29,1016.29,181.52,2,5.3,420.0,0.38,PM2.5-1HR
38,510590030,2025-06-14,19.12,24.64,84.19,0.75,1.58,139.16,1016.1,1261.9,2.93,6.602,420.0,0.244,PM2.5-1HR
38,510590031,2025-06-14,19.51,24.67,84.13,0.82,1.55,137.19,1016.07,1490.49,3.95,8.03,420.0,0.017,PM2.5-1HR
38,511071005,2025-06-14,15.49,24.14,84.24,1.06,1.31,109.8,1016.08,2238.14,5.1,9.64,420.0,0.103,PM2.5-1HR
38,110010041,2025-06-15,6.66,19.76,92.35,0.62,3.39,78.9,1018.74,2253.41,1.38,4.432,420.0,0.103,PM2.5-1HR
38,110010043,2025-06-15,8.35,19.69,92.52,0.61,3.4,79.09,1018.74,3927.42,1.54,4.656,420.0,0.356,PM2.5-1HR
38,110010051,2025-06-15,7.4,19.76,92.34,0.62,3.39,78.9,1018.74,3599.37,0.3,2.92,420.0,0.011,PM2.5-1HR
38,110010053,2025-06-15,7.11,19.85,92.53,0.63,3.37,78.74,1018.68,4638.72,1.38,4.432,420.0,0.081,PM2.5-1HR
38,110010055,2025-06-15,5.56,20.04,92.54,0.66,3.34,78.31,1018.61,1327.41,1.93,5.202,420.0,0.611,PM2.5-1HR
38,240313001,2025-06-15,4.29,19.13,92.79,0.45,3.32,82.59,1018.93,166.09,1,3.9,420.0,0.508,PM2.5-1HR
38,240330030,2025-06-15,3.92,19.25,91.89,0.52,3.41,80.24,1018.98,181.52,0,2.5,420.0,0.38,PM2.5-1HR
38,510590030,2025-06-15,6.83,20.25,92.98,0.67,3.3,78.04,1018.5,1261.9,2.5,6.0,420.0,0.244,PM2.5-1HR
38,510590031,2025-06-15,8.1,20.32,93.33,0.66,3.3,78.04,1018.46,1490.49,3.45,7.33,420.0,0.017,PM2.5-1HR
38,511071005,2025-06-15,7.41,19.69,94.09,0.41,3.18,86.62,1018.61,2238.14,2.2,5.58,420.0,0.103,PM2.5-1HR
38,110010041,2025-06-16,3.65,18.85,93.19,0.47,2.27,49.83,1018.23,2253.41,0.2,2.78,420.0,0.103,PM2.5-1HR
38,110010043,2025-06-16,2.38,18.62,93.49,0.46,2.31,49.3,1018.29,3927.42,0.25,2.85,420.0,0.356,PM2.5-1HR
38,110010051,2025-06-16,4.85,18.79,93.58,0.47,2.35,49.11,1018.25,3599.37,0.2,2.78,420.0,0.011,PM2.5-1HR
38,110010053,2025-06-16,2.87,18.84,93.33,0.48,2.25,47.94,1018.21,4638.72,0.2,2.78,420.0,0.081,PM2.5-1HR
38,110010055,2025-06-16,2.48,18.99,93.49,0.5,2.29,47.19,1018.15,1327.41,0.66,3.424,420.0,0.611,PM2.5-1HR
38,240313001,2025-06-16,0.86,17.98,93.88,0.4,2.08,57.23,1018.49,166.09,0,2.5,420.0,0.508,PM2.5-1HR
38,240330030,2025-06-16,2.46,18.45,93.3,0.43,2.25,52.51,1018.42,181.52,0,2.5,420.0,0.38,PM2.5-1HR
38,510590030,2025-06-16,3.5,19.06,93.88,0.49,2.31,47.48,1018.12,1261.9,1.73,4.922,420.0,0.244,PM2.5-1HR
38,510590031,2025-06-16,4.76,18.97,94.02,0.47,2.32,51.94,1018.14,1490.49,2.6,6.14,420.0,0.017,PM2.5-1HR
38,511071005,2025-06-16,2.2,18.3,93.12,0.36,2.08,74.64,1018.35,2238.14,0.4,3.06,420.0,0.103,PM2.5-1HR
38,110010041,2025-06-17,4.47,23,86.54,0.07,2.13,146.36,1015.4,2253.41,1.24,4.236,420.0,0.103,PM2.5-1HR
38,110010043,2025-06-17,5.5,22.2,91.07,0.13,2.3,123.51,1015.64,3927.42,1.15,4.11,420.0,0.356,PM2.5-1HR
38,110010051,2025-06-17,7.27,22.25,91.03,0.12,2.27,124.61,1015.66,3599.37,1.24,4.236,420.0,0.011,PM2.5-1HR
38,110010053,2025-06-17,5.61,23.12,86.75,0.05,2.18,150.39,1015.38,4638.72,1.24,4.236,420.0,0.081,PM2.5-1HR
38,110010055,2025-06-17,6.43,23.12,86.75,0.05,2.18,150.39,1015.38,1327.41,1.62,4.768,420.0,0.611,PM2.5-1HR
38,240313001,2025-06-17,2.95,21.69,91.97,0.13,2.36,126.61,1015.69,166.09,1,3.9,420.0,0.508,PM2.5-1HR
38,240330030,2025-06-17,2.96,21.88,91.31,0.11,2.3,126.14,1015.76,181.52,0,2.5,420.0,0.38,PM2.5-1HR
38,510590030,2025-06-17,4.76,23.23,87,0.08,2.26,154.2,1015.3,1261.9,2.63,6.182,420.0,0.244,PM2.5-1HR
38,510590031,2025-06-17,5.71,22.88,88.46,0.09,2.4,151.95,1015.36,1490.49,3.15,6.91,420.0,0.017,PM2.5-1HR
38,511071005,2025-06-17,4.63,22.93,85.79,0.05,2.82,163.08,1015.15,2238.14,2.7,6.28,420.0,0.103,PM2.5-1HR
38,110010041,2025-06-18,9.13,24.89,89.88,0.43,1.67,216.59,1012.85,2253.41,2.4,5.86,420.0,0.103,PM2.5-1HR
38,110010043,2025-06-18,8.73,25.66,86.46,0.37,2.11,204.3,1012.83,3927.42,2.78,6.392,420.0,0.356,PM2.5-1HR
38,110010051,2025-06-18,11.98,25.75,86.51,0.4,2.17,205.17,1012.83,3599.37,1.32,4.348,420.0,0.011,PM2.5-1HR
38,110010053,2025-06-18,10.43,25.17,88.92,0.68,2.06,214.83,1012.83,4638.72,2.4,5.86,420.0,0.081,PM2.5-1HR
38,110010055,2025-06-18,9.28,25.17,88.92,0.68,2.06,214.83,1012.83,1327.41,2.93,6.602,420.0,0.611,PM2.5-1HR
38,240313001,2025-06-18,3.62,25.1,88.2,0.41,1.97,199.27,1012.86,166.09,0,2.5,420.0,0.508,PM2.5-1HR
38,240330030,2025-06-18,3.91,25.37,87.29,0.45,2.11,201.69,1012.84,181.52,0,2.5,420.0,0.38,PM2.5-1HR
38,510130020,2025-06-18,7.85,25.14,89.46,0.52,1.99,212.63,1012.83,8550.11,2.8,6.42,420.0,0.276,PM2.5-1HR
38,510590030,2025-06-18,7.17,25.11,90.25,0.36,2.2,212.5,1012.83,1261.9,2.73,6.322,420.0,0.244,PM2.5-1HR
38,510590031,2025-06-18,7.95,24.82,91.17,0.82,2.29,214.05,1012.93,1490.49,3.85,7.89,420.0,0.017,PM2.5-1HR
38,511071005,2025-06-18,5.7,24.57,90.42,0.44,1.54,202.56,1012.79,2238.14,1.5,4.6,420.0,0.103,PM2.5-1HR
38,110010041,2025-06-19,5.55,25.97,78.79,0.3,3.64,228.4,1010.74,2253.41,1.06,3.984,420.0,0.103,PM2.5-1HR
38,110010043,2025-06-19,6.5,25.75,79.6,0.31,3.51,229,1010.76,3927.42,1.1,4.04,420.0,0.356,PM2.5-1HR
38,110010051,2025-06-19,7.39,25.82,79.81,0.3,3.58,228.81,1010.76,3599.37,1.06,3.984,420.0,0.011,PM2.5-1HR
38,110010053,2025-06-19,6.09,25.95,79.17,0.22,3.72,228.21,1010.81,4638.72,1.06,3.984,420.0,0.081,PM2.5-1HR
38,110010055,2025-06-19,6.69,25.95,79.17,0.22,3.72,228.21,1010.81,1327.41,1.2,4.18,420.0,0.611,PM2.5-1HR
38,240313001,2025-06-19,2.21,25.29,80.28,0.34,3.33,228.52,1010.66,166.09,0,2.5,420.0,0.508,PM2.5-1HR
38,240330030,2025-06-19,2.95,25.6,80.98,0.32,3.53,229.3,1010.61,181.52,0,2.5,420.0,0.38,PM2.5-1HR
38,510590030,2025-06-19,5.35,25.8,80.75,0.35,3.6,226.21,1010.91,1261.9,2.13,5.482,420.0,0.244,PM2.5-1HR
38,510590031,2025-06-19,5.25,25.42,81.75,0.29,3.73,229.74,1011.02,1490.49,2.75,6.35,420.0,0.017,PM2.5-1HR
38,110010041,2025-06-20,4.53,23.75,63.71,0.06,3.45,270.1,1016.02,2253.41,1.08,4.012,420.0,0.103,PM2.5-1HR
38,110010043,2025-06-20,4.88,23.93,62.54,0,3.29,264.02,1016.08,3927.42,1.18,4.152,420.0,0.356,PM2.5-1HR
38,110010051,2025-06-20,5.7,24,62.79,0,3.31,263.34,1016.08,3599.37,1.08,4.012,420.0,0.011,PM2.5-1HR
38,110010053,2025-06-20,5.28,23.71,64.51,0.05,3.3,266.9,1016.11,4638.72,1.08,4.012,420.0,0.081,PM2.5-1HR
38,110010055,2025-06-20,5.06,23.73,64.51,0.05,3.31,266.72,1016.11,1327.41,1.32,4.348,420.0,0.611,PM2.5-1HR
38,240313001,2025-06-20,3.04,23.75,61.57,0,3.37,268.58,1016,166.09,0,2.5,420.0,0.508,PM2.5-1HR
38,240330030,2025-06-20,4.63,23.93,62.21,0,3.51,265.5,1015.9,181.52,2,5.3,420.0,0.38,PM2.5-1HR
38,510590030,2025-06-20,5.3,23.58,65.97,0.04,3.2,262.94,1016.25,1261.9,1.7,4.88,420.0,0.244,PM2.5-1HR
38,510590031,2025-06-20,5.1,23.24,67.18,0.04,3.44,261.2,1016.36,1490.49,2.2,5.58,420.0,0.017,PM2.5-1HR
38,110010041,2025-06-21,8.59,26.77,64.74,0,1.96,206.97,1019.69,2253.41,4.73,9.122,420.0,0.103,PM2.5-1HR
38,110010043,2025-06-21,9,26.72,64.18,0,1.9,208.43,1019.67,3927.42,4.88,9.332,420.0,0.356,PM2.5-1HR
38,110010051,2025-06-21,9.3,26.77,64.78,0,1.97,206.87,1019.69,3599.37,4.04,8.156,420.0,0.011,PM2.5-1HR
38,110010053,2025-06-21,9.82,26.75,64.57,0,1.91,207.23,1019.69,4638.72,4.73,9.122,420.0,0.081,PM2.5-1HR
38,110010055,2025-06-21,7.51,26.8,65.04,0,1.93,205.77,1019.71,1327.41,4.98,9.472,420.0,0.611,PM2.5-1HR
38,240313001,2025-06-21,5.99,26.57,62.37,0,1.91,214.27,1019.64,166.09,4,8.1,420.0,0.508,PM2.5-1HR
38,240330030,2025-06-21,7.39,26.69,64.25,0,2.07,209.57,1019.66,181.52,4,8.1,420.0,0.38,PM2.5-1HR
38,510590030,2025-06-21,8.11,26.79,65.27,0,1.96,204.29,1019.71,1261.9,5.9,10.76,420.0,0.244,PM2.5-1HR
38,510590031,2025-06-21,8.17,26.75,65.2,0,1.98,203.59,1019.71,1490.49,6.85,12.09,420.0,0.017,PM2.5-1HR
38,511071005,2025-06-21,8.14,26.59,61.1,0,1.76,213.41,1019.62,2238.14,7,12.3,420.0,0.103,PM2.5-1HR
38,110010041,2025-06-22,11.12,28.48,66.38,0,2.84,226.22,1019.64,2253.41,6.76,11.964,420.0,0.103,PM2.5-1HR
38,110010043,2025-06-22,11.38,28.52,65.89,0,2.79,227.35,1019.64,3927.42,6.83,12.062,420.0,0.356,PM2.5-1HR
38,110010051,2025-06-22,11.88,28.48,66.42,0,2.84,226.12,1019.64,3599.37,6.76,11.964,420.0,0.011,PM2.5-1HR
38,110010053,2025-06-22,11.92,28.52,66.1,0,2.78,226.24,1019.67,4638.72,6.76,11.964,420.0,0.081,PM2.5-1HR
38,110010055,2025-06-22,10.84,28.51,66.36,0,2.78,224.86,1019.7,1327.41,6.48,11.572,420.0,0.611,PM2.5-1HR
38,240313001,2025-06-22,7.32,28.45,65.49,0,2.79,230.89,1019.56,166.09,4,8.1,420.0,0.508,PM2.5-1HR
38,240330030,2025-06-22,8.73,28.39,66.74,0,2.95,228.24,1019.53,181.52,6,10.9,420.0,0.38,PM2.5-1HR
38,510590030,2025-06-22,9.01,28.56,66.09,0,2.76,222.43,1019.73,1261.9,7.33,12.762,420.0,0.244,PM2.5-1HR
38,510590031,2025-06-22,8.96,28.6,65.73,0,2.74,221.13,1019.74,1490.49,7.75,13.35,420.0,0.017,PM2.5-1HR
38,511071005,2025-06-22,9.32,28.82,62.79,0,2.58,228.29,1019.62,2238.14,8,13.7,420.0,0.103,PM2.5-1HR
38,110010041,2025-06-23,13.73,30.78,66.65,0,2,283.5,1019.67,2253.41,8.26,14.064,420.0,0.103,PM2.5-1HR
38,110010043,2025-06-23,14.41,30.79,66.25,0,1.99,284.98,1019.7,3927.42,8.88,14.932,420.0,0.356,PM2.5-1HR
38,110010051,2025-06-23,15.56,30.78,66.68,0,2,283.39,1019.66,3599.37,8.26,14.064,420.0,0.011,PM2.5-1HR
38,110010053,2025-06-23,15.54,30.8,66.36,0,1.96,283.93,1019.7,4638.72,8.26,14.064,420.0,0.081,PM2.5-1HR
38,110010055,2025-06-23,12.73,30.82,66.49,0,1.93,282.56,1019.71,1327.41,8.72,14.708,420.0,0.611,PM2.5-1HR
38,240313001,2025-06-23,9.21,30.68,65.43,0,2.14,285.83,1019.78,166.09,2,5.3,420.0,0.508,PM2.5-1HR
38,240330030,2025-06-23,12.89,30.72,66.94,0,2.15,284.19,1019.61,181.52,8,13.7,420.0,0.38,PM2.5-1HR
38,510590030,2025-06-23,11.46,30.82,66.41,0,1.92,282.37,1019.76,1261.9,8.3,14.12,420.0,0.244,PM2.5-1HR
38,510590031,2025-06-23,11.35,30.8,66.28,0,1.94,283.06,1019.81,1490.49,9.55,15.87,420.0,0.017,PM2.5-1HR
38,511071005,2025-06-23,12.21,30.69,63.38,0,1.98,286.41,1020.03,2238.14,9.3,15.52,420.0,0.103,PM2.5-1HR
38,110010041,2025-06-24,13.57,31.54,64.24,0,1.84,309.76,1019.86,2253.41,9.3,15.52,420.0,0.103,PM2.5-1HR
38,110010043,2025-06-24,14.91,31.52,63.02,0,1.87,311.1,1019.9,3927.42,10,16.5,420.0,0.356,PM2.5-1HR
38,110010051,2025-06-24,16.27,31.53,64.34,0,1.83,309.64,1019.86,3599.37,8.46,14.344,420.0,0.011,PM2.5-1HR
38,110010053,2025-06-24,15.55,31.57,63.58,0,1.83,310.19,1019.89,4638.72,9.3,15.52,420.0,0.081,PM2.5-1HR
38,110010055,2025-06-24,14.29,31.63,64.3,0,1.77,309.01,1019.87,1327.41,9.57,15.898,420.0,0.611,PM2.5-1HR
38,240313001,2025-06-24,10.42,31.26,61.18,0.01,2.08,310.7,1020.04,166.09,6,10.9,420.0,0.508,PM2.5-1HR
38,240330030,2025-06-24,12.8,31.34,64.37,0,1.97,309.69,1019.85,181.52,10,16.5,420.0,0.38,PM2.5-1HR
38,510130020,2025-06-24,13.85,31.6,63.23,0,1.84,309.74,1019.91,8550.11,9,15.1,420.0,0.276,PM2.5-1HR
38,510590030,2025-06-24,12.58,31.69,63.91,0,1.79,308.21,1019.92,1261.9,9.23,15.422,420.0,0.244,PM2.5-1HR
38,510590031,2025-06-24,12.48,31.7,63.23,0,1.84,308.37,1019.97,1490.49,10.95,17.83,420.0,0.017,PM2.5-1HR
38,511071005,2025-06-24,13.54,31.46,58,0,2.04,310.75,1020.27,2238.14,11.5,18.6,420.0,0.103,PM2.5-1HR
38,110010041,2025-06-25,14.73,30.21,64.55,0.02,1.7,292.53,1017.92,2253.41,7.08,12.412,420.0,0.103,PM2.5-1HR
38,110010043,2025-06-25,14.43,30.14,63.51,0.02,1.7,293.77,1017.96,3927.42,7.2,12.58,420.0,0.356,PM2.5-1HR
38,110010051,2025-06-25,17.49,30.21,64.63,0.02,1.7,292.42,1017.92,3599.37,7.08,12.412,420.0,0.011,PM2.5-1HR
38,110010053,2025-06-25,15.14,30.24,64.02,0.02,1.67,293.54,1017.95,4638.72,7.08,12.412,420.0,0.081,PM2.5-1HR
38,110010055,2025-06-25,13.23,30.36,64.67,0.02,1.64,293.5,1017.94,1327.41,7.18,12.552,420.0,0.611,PM2.5-1HR
38,240313001,2025-06-25,9.03,29.63,63.8,0.04,1.79,294.65,1018.08,166.09,4,8.1,420.0,0.508,PM2.5-1HR
38,240330030,2025-06-25,11.44,29.9,65.15,0.03,1.81,291.35,1017.92,181.52,6,10.9,420.0,0.38,PM2.5-1HR
38,510590030,2025-06-25,12.01,30.48,64.35,0.01,1.62,293.11,1017.97,1261.9,7.73,13.322,420.0,0.244,PM2.5-1HR
38,510590031,2025-06-25,11.75,30.51,63.74,0.01,1.64,293.12,1018.01,1490.49,8.3,14.12,420.0,0.017,PM2.5-1HR
38,511071005,2025-06-25,12.76,29.7,63.16,0.02,1.77,294.76,1018.25,2238.14,8.7,14.68,420.0,0.103,PM2.5-1HR
38,110010041,2025-06-26,9.99,28.39,73.93,0.55,1.09,333.4,1016.04,2253.41,2.36,5.804,420.0,0.103,PM2.5-1HR
38,110010043,2025-06-26,9.21,28.36,73.4,0.51,1.11,338.33,1016.05,3927.42,2.25,5.65,420.0,0.356,PM2.5-1HR
38,110010051,2025-06-26,11.55,28.39,73.99,0.55,1.09,332.97,1016.04,3599.37,2.36,5.804,420.0,0.011,PM2.5-1HR
38,110010053,2025-06-26,9.24,28.43,73.29,0.54,1.07,333.93,1016.04,4638.72,2.36,5.804,420.0,0.081,PM2.5-1HR
38,110010055,2025-06-26,9.91,28.51,73.17,0.56,1.03,325.88,1016.01,1327.41,3.14,6.896,420.0,0.611,PM2.5-1HR
38,240313001,2025-06-26,5.83,27.96,74.74,0.51,1.24,352.05,1016.18,166.09,2,5.3,420.0,0.508,PM2.5-1HR
38,240330030,2025-06-26,6.43,28.09,75.69,0.57,1.25,338.06,1016.1,181.52,3,6.7,420.0,0.38,PM2.5-1HR
38,510590030,2025-06-26,8.2,28.57,72.99,0.57,1,317.53,1016.01,1261.9,4.77,9.178,420.0,0.244,PM2.5-1HR
38,510590031,2025-06-26,9.16,28.57,72.94,0.56,1,313.58,1016.02,1490.49,5.75,10.55,420.0,0.017,PM2.5-1HR
38,511071005,2025-06-26,9.11,28.08,73.46,0.4,1.1,324.06,1016.2,2238.14,4,8.1,420.0,0.103,PM2.5-1HR
38,110010041,2025-06-27,6.58,21.43,93.51,0.87,3.2,74.64,1020.32,2253.41,2.08,5.412,420.0,0.103,PM2.5-1HR
38,110010043,2025-06-27,5.82,21.37,93.25,0.85,3.18,75.84,1020.34,3927.42,2.48,5.972,420.0,0.356,PM2.5-1HR
38,110010051,2025-06-27,7.99,21.44,93.53,0.87,3.2,74.59,1020.32,3599.37,1.36,4.404,420.0,0.011,PM2.5-1HR
38,110010053,2025-06-27,7.62,21.48,93.49,0.87,3.16,74.86,1020.28,4638.72,2.08,5.412,420.0,0.081,PM2.5-1HR
38,110010055,2025-06-27,5.49,21.63,93.79,0.9,3.13,73.65,1020.2,1327.41,2.67,6.238,420.0,0.611,PM2.5-1HR
38,240313001,2025-06-27,5.14,20.91,92.58,0.55,3.12,85.34,1020.54,166.09,1,3.9,420.0,0.508,PM2.5-1HR
38,240330030,2025-06-27,4.54,21.07,92.81,0.71,3.3,78.25,1020.54,181.52,0,2.5,420.0,0.38,PM2.5-1HR
38,510590030,2025-06-27,6.08,21.74,94.15,0.79,3.06,74.48,1020.13,1261.9,2.33,5.762,420.0,0.244,PM2.5-1HR
38,510590031,2025-06-27,7.39,21.76,94.28,0.68,3.03,75.78,1020.11,1490.49,3.45,7.33,420.0,0.017,PM2.5-1HR
38,511071005,2025-06-27,7.59,21.14,93.76,0.43,2.98,92.22,1020.28,2238.14,3.7,7.68,420.0,0.103,PM2.5-1HR
38,110010041,2025-06-28,6.9,25.49,83.31,0.05,1.79,169.86,1017.93,2253.41,1.54,4.656,420.0,0.103,PM2.5-1HR
38,110010043,2025-06-28,9.04,25.41,83.01,0.05,1.79,169.26,1017.94,3927.42,1.85,5.09,420.0,0.356,PM2.5-1HR
38,110010051,2025-06-28,7.91,25.49,83.35,0.05,1.79,169.99,1017.93,3599.37,1.54,4.656,420.0,0.011,PM2.5-1HR
38,110010053,2025-06-28,8.03,25.49,83.03,0.05,1.78,168.68,1017.93,4638.72,1.54,4.656,420.0,0.081,PM2.5-1HR
38,110010055,2025-06-28,6.72,25.59,83.06,0.05,1.77,168.24,1017.92,1327.41,1.8,5.02,420.0,0.611,PM2.5-1HR
38,240313001,2025-06-28,4.53,24.91,84.11,0.1,1.75,172.74,1017.97,166.09,0,2.5,420.0,0.508,PM2.5-1HR
38,240330030,2025-06-28,4.99,25.19,84.24,0.05,1.8,172.76,1017.97,181.52,0,2.5,420.0,0.38,PM2.5-1HR
38,510590030,2025-06-28,5.99,25.6,83.24,0.08,1.73,168.32,1017.92,1261.9,2.33,5.762,420.0,0.244,PM2.5-1HR
38,510590031,2025-06-28,6.37,25.56,83.4,0.1,1.71,168.62,1017.92,1490.49,3.35,7.19,420.0,0.017,PM2.5-1HR
38,511071005,2025-06-28,5.49,25.1,83,0.2,1.79,171.99,1017.89,2238.14,2.8,6.42,420.0,0.103,PM2.5-1HR
38,110010041,2025-06-29,8.67,27.39,79.37,0.23,1.12,260.22,1015.5,2253.41,3.22,7.008,420.0,0.103,PM2.5-1HR
38,110010043,2025-06-29,8.41,27.31,79.02,0.19,1.12,258.35,1015.53,3927.42,2.58,6.112,420.0,0.356,PM2.5-1HR
38,110010051,2025-06-29,9.6,27.4,79.41,0.24,1.12,260.08,1015.5,3599.37,3.22,7.008,420.0,0.011,PM2.5-1HR
38,110010053,2025-06-29,9.04,27.38,79.14,0.21,1.14,259.67,1015.52,4638.72,3.22,7.008,420.0,0.081,PM2.5-1HR
38,110010055,2025-06-29,8.86,27.48,79.28,0.24,1.17,258.3,1015.51,1327.41,3.72,7.708,420.0,0.611,PM2.5-1HR
38,240313001,2025-06-29,4.04,26.85,79.84,0.21,1.07,269.42,1015.6,166.09,0,2.5,420.0,0.508,PM2.5-1HR
38,240330030,2025-06-29,5.15,27.17,80.13,0.28,1.08,259.56,1015.51,181.52,1,3.9,420.0,0.38,PM2.5-1HR
38,510590030,2025-06-29,7.63,27.46,79.52,0.28,1.16,254.51,1015.52,1261.9,5.6,10.34,420.0,0.244,PM2.5-1HR
38,510590031,2025-06-29,7.68,27.39,79.64,0.31,1.14,252.08,1015.54,1490.49,5.5,10.2,420.0,0.017,PM2.5-1HR
38,511071005,2025-06-29,6.66,26.78,79.35,0.33,1.09,269.35,1015.65,2238.14,4.7,9.08,420.0,0.103,PM2.5-1HR
38,110010041,2025-06-30,9.36,27.84,79.27,0.31,1.95,189.33,1014.24,2253.41,5.13,9.682,420.0,0.103,PM2.5-1HR
38,110010043,2025-06-30,10.63,28,77.86,0.29,1.9,187.21,1014.25,3927.42,5.72,10.508,420.0,0.356,PM2.5-1HR
38,110010051,2025-06-30,10.7,28.04,78.38,0.29,1.88,191.68,1014.25,3599.37,4.3,8.52,420.0,0.011,PM2.5-1HR
38,110010053,2025-06-30,10.57,27.83,79.1,0.3,1.98,188.39,1014.25,4638.72,5.13,9.682,420.0,0.081,PM2.5-1HR
38,110010055,2025-06-30,9.72,27.87,79.27,0.3,1.99,190.93,1014.25,1327.41,5.48,10.172,420.0,0.611,PM2.5-1HR
38,240313001,2025-06-30,6.2,27.66,77.95,0.3,1.9,173.57,1014.25,166.09,2,5.3,420.0,0.508,PM2.5-1HR
38,240330030,2025-06-30,8.33,27.8,79.32,0.34,1.81,184.44,1014.25,181.52,4,8.1,420.0,0.38,PM2.5-1HR
38,510130020,2025-06-30,9.4,27.8,79.56,0.3,1.97,189.13,1014.24,8550.11,4.96,9.444,420.0,0.276,PM2.5-1HR
38,510590030,2025-06-30,7.92,27.84,79.78,0.29,2.01,192.06,1014.25,1261.9,4.8,9.22,420.0,0.244,PM2.5-1HR
38,510590031,2025-06-30,8.63,27.8,79.68,0.31,2.07,192.57,1014.26,1490.49,6.1,11.04,420.0,0.017,PM2.5-1HR
38,511071005,2025-06-30,8.27,27.88,74.91,0.14,2.27,177.82,1014.11,2238.14,6.3,11.32,420.0,0.103,PM2.5-1HR
38,110010041,2025-07-01,10.21,26.81,83.17,1.28,3.05,215.37,1011.5,2253.41,1.36,4.404,420.0,0.103,PM2.5-1HR
38,110010043,2025-07-01,10.14,26.78,82.74,1.36,2.48,216.29,1011.45,3927.42,1,3.9,420.0,0.356,PM2.5-1HR
38,110010051,2025-07-01,11.34,26.86,82.71,1.33,2.59,215.75,1011.45,3599.37,1.36,4.404,420.0,0.011,PM2.5-1HR
38,110010053,2025-07-01,11.33,26.88,82.38,1.27,3.13,215.67,1011.55,4638.72,1.36,4.404,420.0,0.081,PM2.5-1HR
38,110010055,2025-07-01,10.45,26.88,82.38,1.27,3.13,215.67,1011.55,1327.41,2.18,5.552,420.0,0.611,PM2.5-1HR
38,240313001,2025-07-01,6.96,26.28,84.14,1.19,2.1,221.67,1011.46,166.09,1,3.9,420.0,0.508,PM2.5-1HR
38,240330030,2025-07-01,8.36,26.52,83.96,1.33,2.4,217.34,1011.41,181.52,2,5.3,420.0,0.38,PM2.5-1HR
38,510590030,2025-07-01,8.34,26.85,83.17,1.01,3.13,213.47,1011.59,1261.9,3.63,7.582,420.0,0.244,PM2.5-1HR
38,510590031,2025-07-01,8.88,26.64,84.04,0.96,3.2,214.07,1011.68,1490.49,4.05,8.17,420.0,0.017,PM2.5-1HR
38,511071005,2025-07-01,8.16,26.54,81.88,1.05,2.78,223.83,1011.42,2238.14,3.7,7.68,420.0,0.103,PM2.5-1HR
38,110010041,2025-07-02,6.35,24.86,84.25,0.58,1.29,294.72,1012.11,2253.41,1.36,4.404,420.0,0.103,PM2.5-1HR
38,110010043,2025-07-02,6.32,25.15,83.94,0.37,1.28,285.1,1012.18,3927.42,1.55,4.67,420.0,0.356,PM2.5-1HR
38,110010051,2025-07-02,6.96,25.14,84.35,0.41,1.28,289.13,1012.17,3599.37,1.36,4.404,420.0,0.011,PM2.5-1HR
38,110010053,2025-07-02,7.26,24.84,84.79,0.6,1.38,300.12,1012.12,4638.72,1.36,4.404,420.0,0.081,PM2.5-1HR
38,110010055,2025-07-02,6.71,24.84,84.79,0.6,1.38,300.12,1012.12,1327.41,1.92,5.188,420.0,0.611,PM2.5-1HR
38,240313001,2025-07-02,3.29,25.21,80.72,0.22,1.17,285.39,1012.2,166.09,0,2.5,420.0,0.508,PM2.5-1HR
38,240330030,2025-07-02,4.69,25.23,82.9,0.29,1.25,284.93,1012.14,181.52,0,2.5,420.0,0.38,PM2.5-1HR
38,510590030,2025-07-02,5.31,24.82,85.63,0.52,1.3,324.1,1012.15,1261.9,2.77,6.378,420.0,0.244,PM2.5-1HR
38,510590031,2025-07-02,5.41,24.58,85.79,0.47,1.41,316.22,1012.27,1490.49,3.85,7.89,420.0,0.017,PM2.5-1HR
38,511071005,2025-07-02,6.11,25.28,82.71,0.28,1.45,307.51,1012.23,2238.14,4.8,9.22,420.0,0.103,PM2.5-1HR
38,110010041,2025-07-03,8.23,26.59,66.75,0,2.2,281.33,1012.51,2253.41,4.65,9.01,420.0,0.103,PM2.5-1HR
38,110010043,2025-07-03,7.82,27.12,67.07,0,2.12,266.22,1012.59,3927.42,4.74,9.136,420.0,0.356,PM2.5-1HR
38,110010051,2025-07-03,9.33,27.22,67.95,0,2.12,264.62,1012.56,3599.37,3.9,7.96,420.0,0.011,PM2.5-1HR
38,110010053,2025-07-03,9.41,26.65,66.92,0,2.14,277.36,1012.53,4638.72,4.65,9.01,420.0,0.081,PM2.5-1HR
38,110010055,2025-07-03,8.85,26.65,66.92,0,2.14,277.36,1012.53,1327.41,5.27,9.878,420.0,0.611,PM2.5-1HR
38,240313001,2025-07-03,6.32,26.74,64.2,0,2.26,272.53,1012.63,166.09,5,9.5,420.0,0.508,PM2.5-1HR
38,240330030,2025-07-03,7.03,27.01,66.6,0,2.24,268.22,1012.49,181.52,1,3.9,420.0,0.38,PM2.5-1HR
38,510590030,2025-07-03,8.62,26.54,67.54,0,2.17,278,1012.61,1261.9,5.77,10.578,420.0,0.244,PM2.5-1HR
38,510590031,2025-07-03,8.44,26.33,66.25,0,2.55,281.07,1012.75,1490.49,6.55,11.67,420.0,0.017,PM2.5-1HR
38,511071005,2025-07-03,9.09,26.5,61.46,0,2.77,287.43,1012.81,2238.14,7.8,13.42,420.0,0.103,PM2.5-1HR
38,110010041,2025-07-04,59.86,25.21,56,0,1.73,12.67,1018.34,2253.41,6.44,11.516,420.0,0.103,PM2.5-1HR
38,110010043,2025-07-04,41.67,25.1,58.27,0,1.9,352.98,1018.44,3927.42,6.83,12.062,420.0,0.356,PM2.5-1HR
38,110010051,2025-07-04,101.52,25.18,59.14,0,1.85,353.46,1018.41,3599.37,6.44,11.516,420.0,0.011,PM2.5-1HR
38,110010053,2025-07-04,61.57,25.3,55.97,0,1.7,11.41,1018.33,4638.72,6.44,11.516,420.0,0.081,PM2.5-1HR
38,110010055,2025-07-04,32.68,25.33,56.05,0,1.68,12.22,1018.32,1327.41,7.52,13.028,420.0,0.611,PM2.5-1HR
38,240313001,2025-07-04,9.82,24.74,58.1,0,2.09,352.01,1018.58,166.09,5,9.5,420.0,0.508,PM2.5-1HR
38,240330030,2025-07-04,12.57,24.96,59.47,0,1.92,353.93,1018.44,181.52,6,10.9,420.0,0.38,PM2.5-1HR
38,510590030,2025-07-04,20.26,25.49,55.18,0,1.76,12.77,1018.29,1261.9,7.73,13.322,420.0,0.244,PM2.5-1HR
38,510590031,2025-07-04,31.27,25.36,52.74,0,2.1,350.47,1018.4,1490.49,9.15,15.31,420.0,0.017,PM2.5-1HR
38,511071005,2025-07-04,42.84,25.28,47.92,0,2.42,350.92,1018.66,2238.14,11.9,19.16,420.0,0.103,PM2.5-1HR
38,110010041,2025-07-05,42.13,25.19,65.79,0,1.66,144.54,1020.53,2253.41,9,15.1,420.0,0.103,PM2.5-1HR
38,110010043,2025-07-05,54.3,25.09,65.65,0,1.69,139.15,1020.52,3927.42,9.58,15.912,420.0,0.356,PM2.5-1HR
38,110010051,2025-07-05,58.67,25.2,65.78,0,1.66,145.16,1020.54,3599.37,9,15.1,420.0,0.011,PM2.5-1HR
38,110010053,2025-07-05,58.82,25.17,65.96,0,1.65,142.25,1020.52,4638.72,9,15.1,420.0,0.081,PM2.5-1HR
38,110010055,2025-07-05,29.26,25.26,66.34,0,1.61,147.34,1020.52,1327.41,9.38,15.632,420.0,0.611,PM2.5-1HR
38,240313001,2025-07-05,17.05,24.73,64.68,0,1.88,137.23,1020.53,166.09,8,13.7,420.0,0.508,PM2.5-1HR
38,240330030,2025-07-05,19.79,25.02,64.99,0,1.8,141.68,1020.56,181.52,5,9.5,420.0,0.38,PM2.5-1HR
38,510590030,2025-07-05,25.9,25.31,66.37,0,1.61,153.56,1020.51,1261.9,10.43,17.102,420.0,0.244,PM2.5-1HR
38,510590031,2025-07-05,44.74,25.29,66.19,0,1.64,156.55,1020.49,1490.49,12.3,19.72,420.0,0.017,PM2.5-1HR
38,511071005,2025-07-05,27.88,24.93,63.17,0,1.83,147.45,1020.4,2238.14,14.4,22.66,420.0,0.103,PM2.5-1HR
38,110010041,2025-07-06,8.28,25.45,76.12,0.07,1.91,148.62,1017.54,2253.41,2.97,6.658,420.0,0.103,PM2.5-1HR
38,110010043,2025-07-06,9.36,25.35,75.96,0.06,1.89,152.31,1017.54,3927.42,3.26,7.064,420.0,0.356,PM2.5-1HR
38,110010051,2025-07-06,10.7,25.46,76.12,0.07,1.92,148.7,1017.54,3599.37,1.98,5.272,420.0,0.011,PM2.5-1HR
38,110010053,2025-07-06,9.16,25.4,76.21,0.07,1.88,147.14,1017.52,4638.72,2.97,6.658,420.0,0.081,PM2.5-1HR
38,110010055,2025-07-06,7.78,25.46,76.52,0.08,1.89,142.08,1017.49,1327.41,3.32,7.148,420.0,0.611,PM2.5-1HR
38,240313001,2025-07-06,6.54,25.28,74.2,0.05,2.11,161.05,1017.59,166.09,1,3.9,420.0,0.508,PM2.5-1HR
38,240330030,2025-07-06,5.62,25.42,75.35,0.06,2.03,163.65,1017.62,181.52,0,2.5,420.0,0.38,PM2.5-1HR
38,510590030,2025-07-06,8.15,25.53,76.32,0.07,1.9,145.76,1017.46,1261.9,2.7,6.28,420.0,0.244,PM2.5-1HR
38,510590031,2025-07-06,8.14,25.55,75.99,0.05,1.92,154.5,1017.45,1490.49,3.3,7.12,420.0,0.017,PM2.5-1HR
38,511071005,2025-07-06,9.57,25.65,71.38,0.03,2.27,160.64,1017.41,2238.14,3.8,7.82,420.0,0.103,PM2.5-1HR
38,110010041,2025-07-07,6.93,27.21,84.24,0.43,1.47,63.93,1013.9,2253.41,1.74,4.936,420.0,0.103,PM2.5-1HR
38,110010043,2025-07-07,7.72,27.27,83.4,0.36,1.47,60.77,1013.92,3927.42,1.35,4.39,420.0,0.356,PM2.5-1HR
38,110010051,2025-07-07,8.66,27.21,84.3,0.43,1.47,64.47,1013.9,3599.37,1.74,4.936,420.0,0.011,PM2.5-1HR
38,110010053,2025-07-07,9.02,27.25,83.9,0.37,1.51,56.61,1013.9,4638.72,1.74,4.936,420.0,0.081,PM2.5-1HR
38,110010055,2025-07-07,7.3,27.23,84.55,0.4,1.57,51.14,1013.87,1327.41,2.62,6.168,420.0,0.611,PM2.5-1HR
38,240313001,2025-07-07,4.11,27.35,81.61,0.26,1.29,86.73,1014.04,166.09,1,3.9,420.0,0.508,PM2.5-1HR
38,240330030,2025-07-07,3.16,27.17,84.04,0.47,1.34,76.07,1013.98,181.52,0,2.5,420.0,0.38,PM2.5-1HR
38,510590030,2025-07-07,6.52,27.34,84.05,0.33,1.62,43.53,1013.86,1261.9,4.07,8.198,420.0,0.244,PM2.5-1HR
38,510590031,2025-07-07,7.72,27.44,83.3,0.26,1.63,62.04,1013.87,1490.49,4.45,8.73,420.0,0.017,PM2.5-1HR
38,511071005,2025-07-07,8.96,27.95,77.43,0.07,1.36,62.2,1013.99,2238.14,6.2,11.18,420.0,0.103,PM2.5-1HR
38,110010041,2025-07-08,9.09,28.21,76.35,0.18,1.97,220.78,1015.94,2253.41,2.18,5.552,420.0,0.103,PM2.5-1HR
38,110010043,2025-07-08,11.06,28.17,75.9,0.18,1.95,222.77,1015.95,3927.42,2.4,5.86,420.0,0.356,PM2.5-1HR
38,110010051,2025-07-08,11.24,28.21,76.39,0.18,1.97,220.66,1015.94,3599.37,2.18,5.552,420.0,0.011,PM2.5-1HR
38,110010053,2025-07-08,10.03,28.25,75.94,0.16,1.97,221.05,1015.95,4638.72,2.18,5.552,420.0,0.081,PM2.5-1HR
38,110010055,2025-07-08,9.13,28.34,76.02,0.12,2.01,219.08,1015.96,1327.41,2.36,5.804,420.0,0.611,PM2.5-1HR
38,240313001,2025-07-08,6.58,27.83,76,0.29,1.79,233,1015.98,166.09,2,5.3,420.0,0.508,PM2.5-1HR
38,240330030,2025-07-08,7.52,27.93,77.43,0.37,1.92,225.03,1015.93,181.52,1,3.9,420.0,0.38,PM2.5-1HR
38,510590030,2025-07-08,8.44,28.48,75.36,0.08,2.02,218.24,1015.97,1261.9,3.3,7.12,420.0,0.244,PM2.5-1HR
38,510590031,2025-07-08,8.61,28.54,74.82,0.07,2,218.61,1015.98,1490.49,4.3,8.52,420.0,0.017,PM2.5-1HR
38,511071005,2025-07-08,8.61,28.16,72.27,0.07,1.69,236.62,1016.01,2238.14,3.6,7.54,420.0,0.103,PM2.5-1HR
38,110010041,2025-07-09,5.91,26.13,85.21,0.81,1.57,211.73,1015.96,2253.41,1.57,4.698,420.0,0.103,PM2.5-1HR
38,110010043,2025-07-09,7.06,26.04,85.01,0.81,1.54,208.69,1015.97,3927.42,1.78,4.992,420.0,0.356,PM2.5-1HR
38,110010051,2025-07-09,8.65,26.14,85.22,0.81,1.58,212.19,1015.96,3599.37,0.64,3.396,420.0,0.011,PM2.5-1HR
38,110010053,2025-07-09,7.64,26.14,85.24,0.79,1.56,211.22,1015.97,4638.72,1.57,4.698,420.0,0.081,PM2.5-1HR
38,110010055,2025-07-09,6.7,26.26,85.53,0.78,1.6,214.57,1015.96,1327.41,2.02,5.328,420.0,0.611,PM2.5-1HR
38,240313001,2025-07-09,4.15,25.66,84.66,0.83,1.4,205.7,1016.03,166.09,1,3.9,420.0,0.508,PM2.5-1HR
38,240330030,2025-07-09,3.18,25.87,85,0.86,1.54,208.45,1015.98,181.52,1,3.9,420.0,0.38,PM2.5-1HR
38,510590030,2025-07-09,6.16,26.32,85.73,0.74,1.64,214.41,1015.96,1261.9,2.53,6.042,420.0,0.244,PM2.5-1HR
38,510590031,2025-07-09,6.58,26.31,85.74,0.72,1.66,213.01,1015.96,1490.49,3.55,7.47,420.0,0.017,PM2.5-1HR
38,511071005,2025-07-09,7.65,25.84,83.67,0.67,1.35,199.47,1016,2238.14,4.4,8.66,420.0,0.103,PM2.5-1HR
38,110010041,2025-07-10,7.02,24.91,87.57,0.8,1.24,235.56,1014.44,2253.41,2.62,6.168,420.0,0.103,PM2.5-1HR
38,110010043,2025-07-10,7.9,24.93,87.21,0.66,1.19,226.54,1014.45,3927.42,3.2,6.98,420.0,0.356,PM2.5-1HR
38,110010051,2025-07-10,8.71,24.91,87.59,0.8,1.24,235.85,1014.44,3599.37,2.62,6.168,420.0,0.011,PM2.5-1HR
38,110010053,2025-07-10,7.59,24.91,87.58,0.76,1.21,231.34,1014.44,4638.72,2.62,6.168,420.0,0.081,PM2.5-1HR
38,110010055,2025-07-10,5.73,24.88,88.04,0.89,1.27,237.41,1014.43,1327.41,3.18,6.952,420.0,0.611,PM2.5-1HR
38,240313001,2025-07-10,3.99,24.97,84.98,0.33,1.05,191.52,1014.53,166.09,0,2.5,420.0,0.508,PM2.5-1HR
38,240330030,2025-07-10,5.71,24.95,86.37,0.64,1.16,224.77,1014.46,181.52,3,6.7,420.0,0.38,PM2.5-1HR
38,510590030,2025-07-10,6.65,24.88,88.39,0.88,1.24,233.32,1014.43,1261.9,3.83,7.862,420.0,0.244,PM2.5-1HR
38,510590031,2025-07-10,6.66,24.91,88.42,0.8,1.2,230.94,1014.44,1490.49,5.6,10.34,420.0,0.017,PM2.5-1HR
38,511071005,2025-07-10,8.12,25.16,83.68,0.21,0.98,172.96,1014.5,2238.14,4.3,8.52,420.0,0.103,PM2.5-1HR
38,110010041,2025-07-11,8.34,26.73,80.8,0.03,1.1,103.24,1015.38,2253.41,3.96,8.044,420.0,0.103,PM2.5-1HR
38,110010043,2025-07-11,10.36,26.69,80.5,0.03,1.1,108.31,1015.39,3927.42,4.4,8.66,420.0,0.356,PM2.5-1HR
38,110010051,2025-07-11,11.25,26.73,80.82,0.03,1.1,102.8,1015.38,3599.37,3.96,8.044,420.0,0.011,PM2.5-1HR
38,110010053,2025-07-11,10.02,26.71,80.92,0.03,1.08,107.08,1015.37,4638.72,3.96,8.044,420.0,0.081,PM2.5-1HR
38,110010055,2025-07-11,10.22,26.74,81.43,0.04,1.06,104.92,1015.35,1327.41,3.9,7.96,420.0,0.611,PM2.5-1HR
38,240313001,2025-07-11,7.13,26.44,79.98,0.03,1.13,121.45,1015.47,166.09,5,9.5,420.0,0.508,PM2.5-1HR
38,240330030,2025-07-11,7.29,26.62,80.09,0.03,1.19,101.13,1015.45,181.52,5,9.5,420.0,0.38,PM2.5-1HR
38,510590030,2025-07-11,7.35,26.72,81.81,0.04,1.02,109.51,1015.33,1261.9,4.87,9.318,420.0,0.244,PM2.5-1HR
38,510590031,2025-07-11,8.47,26.7,81.82,0.04,1.01,115.64,1015.32,1490.49,6.2,11.18,420.0,0.017,PM2.5-1HR
38,511071005,2025-07-11,9.04,26.48,79.26,0.04,1.16,139.57,1015.37,2238.14,6.8,12.02,420.0,0.103,PM2.5-1HR
38,110010041,2025-07-12,9.17,27.31,83.48,0.29,1.85,121.44,1016.82,2253.41,5.23,9.822,420.0,0.103,PM2.5-1HR
38,110010043,2025-07-12,10.24,27.24,83.53,0.27,1.89,120.1,1016.82,3927.42,5.42,10.088,420.0,0.356,PM2.5-1HR
38,110010051,2025-07-12,11.59,27.31,83.48,0.29,1.85,121.59,1016.82,3599.37,4.38,8.632,420.0,0.011,PM2.5-1HR
38,110010053,2025-07-12,10.32,27.3,83.52,0.28,1.87,121.28,1016.8,4638.72,5.23,9.822,420.0,0.081,PM2.5-1HR
38,110010055,2025-07-12,10.37,27.38,83.5,0.29,1.85,122.74,1016.76,1327.41,5.23,9.822,420.0,0.611,PM2.5-1HR
38,240313001,2025-07-12,7.12,26.93,83.64,0.28,1.92,121.49,1016.93,166.09,3,6.7,420.0,0.508,PM2.5-1HR
38,240330030,2025-07-12,6.88,27.16,83.48,0.3,1.88,120.95,1016.93,181.52,1,3.9,420.0,0.38,PM2.5-1HR
38,510590030,2025-07-12,7.12,27.39,83.7,0.27,1.84,126.19,1016.73,1261.9,5.3,9.92,420.0,0.244,PM2.5-1HR
38,510590031,2025-07-12,7.49,27.34,83.87,0.25,1.85,128.03,1016.72,1490.49,5.8,10.62,420.0,0.017,PM2.5-1HR
38,511071005,2025-07-12,7.21,26.86,83.15,0.18,1.92,131.46,1016.78,2238.14,3.3,7.12,420.0,0.103,PM2.5-1HR
38,110010041,2025-07-13,6.3,26.31,87.7,0.73,1.86,145.57,1017,2253.41,2.32,5.748,420.0,0.103,PM2.5-1HR
38,110010043,2025-07-13,7.1,26.29,87.42,0.72,1.9,144.21,1016.99,3927.42,2.6,6.14,420.0,0.356,PM2.5-1HR
38,110010051,2025-07-13,8.2,26.32,87.71,0.73,1.86,145.74,1017,3599.37,2.32,5.748,420.0,0.011,PM2.5-1HR
38,110010053,2025-07-13,7.52,26.31,87.61,0.74,1.87,144.46,1016.98,4638.72,2.32,5.748,420.0,0.081,PM2.5-1HR
38,110010055,2025-07-13,6.78,26.33,87.88,0.76,1.84,144.73,1016.96,1327.41,2.74,6.336,420.0,0.611,PM2.5-1HR
38,240313001,2025-07-13,5.48,26.21,86.11,0.69,2,145.13,1017.02,166.09,2,5.3,420.0,0.508,PM2.5-1HR
38,240330030,2025-07-13,5.71,26.25,87.38,0.71,1.9,148.03,1017.08,181.52,1,3.9,420.0,0.38,PM2.5-1HR
38,510590030,2025-07-13,5.85,26.4,87.18,0.74,1.86,147.09,1016.91,1261.9,2.93,6.602,420.0,0.244,PM2.5-1HR
38,510590031,2025-07-13,5.88,26.45,86.48,0.72,1.89,148.88,1016.88,1490.49,3.8,7.82,420.0,0.017,PM2.5-1HR
38,511071005,2025-07-13,6.65,26.57,83.03,0.67,2.04,149.34,1016.8,2238.14,4.5,8.8,420.0,0.103,PM2.5-1HR
38,110010041,2025-07-14,6.06,26.19,87.69,1.73,1.57,174.05,1016.79,2253.41,1.6,4.74,420.0,0.103,PM2.5-1HR
38,110010043,2025-07-14,7.55,26.16,87.57,1.68,1.52,161.97,1016.79,3927.42,1.75,4.95,420.0,0.356,PM2.5-1HR
38,110010051,2025-07-14,8.91,26.22,87.5,1.8,1.51,163.04,1016.79,3599.37,1.6,4.74,420.0,0.011,PM2.5-1HR
38,110010053,2025-07-14,7.18,26.17,87.78,1.77,1.52,174.18,1016.79,4638.72,1.6,4.74,420.0,0.081,PM2.5-1HR
38,110010055,2025-07-14,5.99,26.25,87.56,1.74,1.52,174.92,1016.77,1327.41,2.26,5.664,420.0,0.611,PM2.5-1HR
38,240313001,2025-07-14,4.2,25.77,88.59,1.59,1.59,164.2,1016.86,166.09,2,5.3,420.0,0.508,PM2.5-1HR
38,240330030,2025-07-14,4.52,25.97,88.21,2.09,1.56,165.88,1016.85,181.52,0,2.5,420.0,0.38,PM2.5-1HR
38,510590030,2025-07-14,5.96,26.23,87.78,1.7,1.57,172.74,1016.76,1261.9,3.03,6.742,420.0,0.244,PM2.5-1HR
38,510590031,2025-07-14,6.58,26.22,87.96,1.56,1.65,173.44,1016.76,1490.49,4.05,8.17,420.0,0.017,PM2.5-1HR
38,511071005,2025-07-14,6.33,25.97,87.24,1.34,1.63,183.73,1016.76,2238.14,4,8.1,420.0,0.103,PM2.5-1HR
38,110010041,2025-07-15,5.73,26.08,83.17,0.05,1.41,54.35,1017.64,2253.41,2.7,6.28,420.0,0.103,PM2.5-1HR
38,110010043,2025-07-15,5.28,26.2,83.82,0.1,1.1,22.79,1017.88,3927.42,3.08,6.812,420.0,0.356,PM2.5-1HR
38,110010051,2025-07-15,7.28,26.22,84.19,0.13,1.11,23.03,1017.86,3599.37,2,5.3,420.0,0.011,PM2.5-1HR
38,110010053,2025-07-15,6.72,26.01,83.13,0.04,1.42,119.4,1017.63,4638.72,2.7,6.28,420.0,0.081,PM2.5-1HR
38,110010055,2025-07-15,5.98,26.01,83.13,0.04,1.42,119.4,1017.63,1327.41,3.17,6.938,420.0,0.611,PM2.5-1HR
38,240313001,2025-07-15,3.85,26.11,82.57,0.04,1.23,46.79,1017.95,166.09,0,2.5,420.0,0.508,PM2.5-1HR
38,240330030,2025-07-15,4.26,26.22,83.2,0.09,1.22,48.75,1017.88,181.52,0,2.5,420.0,0.38,PM2.5-1HR
38,510590030,2025-07-15,5.57,25.93,84.79,0.06,1.32,272.9,1017.62,1261.9,2.87,6.518,420.0,0.244,PM2.5-1HR
38,510590031,2025-07-15,5.26,25.68,84.96,0.06,1.37,298.28,1017.73,1490.49,3.9,7.96,420.0,0.017,PM2.5-1HR
38,511071005,2025-07-15,5.25,26.21,79.58,0.02,1.64,33.92,1017.64,2238.14,4.1,8.24,420.0,0.103,PM2.5-1HR
38,110010041,2025-07-16,6.35,26.29,85,0.33,2.38,201.42,1016.03,2253.41,1.38,4.432,420.0,0.103,PM2.5-1HR
38,110010043,2025-07-16,6.82,27.22,83.55,0.26,2.12,191.57,1016.07,3927.42,1.35,4.39,420.0,0.356,PM2.5-1HR
38,110010051,2025-07-16,7.39,27.29,83.58,0.26,2.16,193.86,1016.08,3599.37,1.38,4.432,420.0,0.011,PM2.5-1HR
38,110010053,2025-07-16,7.13,26.16,85.5,0.23,2.4,199.22,1016.08,4638.72,1.38,4.432,420.0,0.081,PM2.5-1HR
38,110010055,2025-07-16,7.33,26.16,85.5,0.23,2.4,199.22,1016.08,1327.41,1.64,4.796,420.0,0.611,PM2.5-1HR
38,240313001,2025-07-16,4.08,26.91,83.87,0.33,1.94,185.92,1016.07,166.09,1,3.9,420.0,0.508,PM2.5-1HR
38,240330030,2025-07-16,5.47,27.16,83.86,0.3,2.05,192.76,1016.09,181.52,0,2.5,420.0,0.38,PM2.5-1HR
38,510590030,2025-07-16,5.6,25.9,87.13,0.27,2.33,197.47,1016.1,1261.9,2.5,6.0,420.0,0.244,PM2.5-1HR
38,510590031,2025-07-16,5.49,25.72,87.29,0.23,2.4,203.51,1016.18,1490.49,3,6.7,420.0,0.017,PM2.5-1HR
38,511071005,2025-07-16,5.2,26.51,81.79,0.26,2.41,193.12,1015.84,2238.14,1.7,4.88,420.0,0.103,PM2.5-1HR
38,110010041,2025-07-17,7.27,28.01,78.75,0.18,3.64,232.46,1013.2,2253.41,2.86,6.504,420.0,0.103,PM2.5-1HR
38,110010043,2025-07-17,8.12,28.59,76.62,0.11,3.51,226.57,1013.2,3927.42,3.03,6.742,420.0,0.356,PM2.5-1HR
38,110010051,2025-07-17,8.52,28.63,76.79,0.11,3.6,226.36,1013.21,3599.37,2.86,6.504,420.0,0.011,PM2.5-1HR
38,110010053,2025-07-17,7.86,27.96,79.71,0.39,3.68,230.63,1013.3,4638.72,2.86,6.504,420.0,0.081,PM2.5-1HR
38,110010055,2025-07-17,7.24,27.96,79.71,0.39,3.68,230.63,1013.3,1327.41,2.92,6.588,420.0,0.611,PM2.5-1HR
38,240313001,2025-07-17,3.5,28.37,75.89,0.07,3.31,229.05,1013.1,166.09,0,2.5,420.0,0.508,PM2.5-1HR
38,240330030,2025-07-17,4.09,28.6,76.16,0.09,3.55,228.54,1013.07,181.52,0,2.5,420.0,0.38,PM2.5-1HR
38,510590030,2025-07-17,6.43,27.75,81.46,0.15,3.35,230.18,1013.41,1261.9,3.17,6.938,420.0,0.244,PM2.5-1HR
38,510590031,2025-07-17,5.92,27.48,81.83,0.19,3.48,236,1013.55,1490.49,3.65,7.61,420.0,0.017,PM2.5-1HR
38,511071005,2025-07-17,5.98,28.24,74.83,0.06,3.69,235.39,1013.22,2238.14,2.9,6.56,420.0,0.103,PM2.5-1HR
38,110010041,2025-07-18,6.83,26.67,78.33,0.39,1.56,312.67,1017.22,2253.41,2.07,5.398,420.0,0.103,PM2.5-1HR
38,110010043,2025-07-18,6.83,27.23,73.23,0.12,1.55,350.36,1017.29,3927.42,2.44,5.916,420.0,0.356,PM2.5-1HR
38,110010051,2025-07-18,7.28,27.31,73.43,0.13,1.54,353.07,1017.26,3599.37,1.04,3.956,420.0,0.011,PM2.5-1HR
38,110010053,2025-07-18,6.28,26.66,79.21,0.66,1.61,330.85,1017.24,4638.72,2.07,5.398,420.0,0.081,PM2.5-1HR
38,110010055,2025-07-18,5.51,26.66,79.21,0.66,1.61,330.85,1017.24,1327.41,2.37,5.818,420.0,0.611,PM2.5-1HR
38,240313001,2025-07-18,4.9,26.83,73.18,0.09,1.57,341.33,1017.42,166.09,2,5.3,420.0,0.508,PM2.5-1HR
38,240330030,2025-07-18,4.11,27.19,72.17,0.11,1.55,350.64,1017.3,181.52,0,2.5,420.0,0.38,PM2.5-1HR
38,510590030,2025-07-18,5.26,26.51,80.79,0.48,1.77,341.89,1017.24,1261.9,2.23,5.622,420.0,0.244,PM2.5-1HR
38,510590031,2025-07-18,5.38,26.26,80.42,0.2,1.96,335.03,1017.4,1490.49,3.25,7.05,420.0,0.017,PM2.5-1HR
38,511071005,2025-07-18,5.94,27.13,70.75,0.24,2.18,318.03,1017.45,2238.14,4.7,9.08,420.0,0.103,PM2.5-1HR
38,110010041,2025-07-19,7.74,25.53,86.55,0.15,0.78,76.93,1016.43,2253.41,2.34,5.776,420.0,0.103,PM2.5-1HR
38,110010043,2025-07-19,8.12,25.65,88.42,0.79,1,60.29,1016.5,3927.42,2.43,5.902,420.0,0.356,PM2.5-1HR
38,110010051,2025-07-19,8.48,25.74,88.08,0.91,0.96,70.41,1016.48,3599.37,2.34,5.776,420.0,0.011,PM2.5-1HR
38,110010053,2025-07-19,8.63,25.69,85.67,0.14,0.67,54.54,1016.39,4638.72,2.34,5.776,420.0,0.081,PM2.5-1HR
38,110010055,2025-07-19,7.34,25.72,85.58,0.12,0.66,54.23,1016.38,1327.41,1.98,5.272,420.0,0.611,PM2.5-1HR
38,240313001,2025-07-19,4.62,25.1,88.49,0.9,0.92,74.08,1016.63,166.09,1,3.9,420.0,0.508,PM2.5-1HR
38,240330030,2025-07-19,4.37,25.39,87.84,1.02,0.97,79.12,1016.56,181.52,0,2.5,420.0,0.38,PM2.5-1HR
38,510590030,2025-07-19,4.61,25.7,85.96,0.11,0.78,51.4,1016.37,1261.9,2.73,6.322,420.0,0.244,PM2.5-1HR
38,510590031,2025-07-19,4.23,25.49,87.02,0.16,0.84,71.68,1016.45,1490.49,3.1,6.84,420.0,0.017,PM2.5-1HR
38,511071005,2025-07-19,7.12,26.14,81.01,0.13,1.2,192.04,1016.41,2238.14,5.6,10.34,420.0,0.103,PM2.5-1HR
38,110010041,2025-07-20,5.1,27.31,78.98,0.01,2.05,262.33,1011.15,2253.41,0.68,3.452,420.0,0.103,PM2.5-1HR
38,110010043,2025-07-20,5.11,27.22,78.8,0.01,2.06,264.04,1011.18,3927.42,0.68,3.452,420.0,0.356,PM2.5-1HR
38,110010051,2025-07-20,6.04,27.31,79,0.01,2.05,262.29,1011.14,3599.37,0.68,3.452,420.0,0.011,PM2.5-1HR
38,110010053,2025-07-20,5.51,27.31,78.84,0.01,2.05,261.72,1011.18,4638.72,0.68,3.452,420.0,0.081,PM2.5-1HR
38,110010055,2025-07-20,4.31,27.42,78.89,0.01,2.04,260.28,1011.17,1327.41,1.2,4.18,420.0,0.611,PM2.5-1HR
38,240313001,2025-07-20,2.34,26.82,78.74,0,2.14,272.38,1011.24,166.09,0,2.5,420.0,0.508,PM2.5-1HR
38,240330030,2025-07-20,3.33,27.07,79.28,0.01,2.07,268.04,1011.1,181.52,1,3.9,420.0,0.38,PM2.5-1HR
38,510590030,2025-07-20,4.73,27.48,78.73,0.01,2.04,262.03,1011.21,1261.9,2.37,5.818,420.0,0.244,PM2.5-1HR
38,510590031,2025-07-20,4.38,27.46,78.59,0.01,2.04,263.68,1011.24,1490.49,3.2,6.98,420.0,0.017,PM2.5-1HR
38,511071005,2025-07-20,5.53,27.05,76.69,0.01,2.18,273.39,1011.4,2238.14,3.8,7.82,420.0,0.103,PM2.5-1HR
38,110010041,2025-07-21,7.02,26.69,67.62,0.02,1.73,348.91,1013.25,2253.41,2.85,6.49,420.0,0.103,PM2.5-1HR
38,110010043,2025-07-21,7.21,26.65,67.22,0.02,1.79,346.18,1013.28,3927.42,3.04,6.756,420.0,0.356,PM2.5-1HR
38,110010051,2025-07-21,6.8,26.69,67.64,0.02,1.72,349.13,1013.25,3599.37,2.02,5.328,420.0,0.011,PM2.5-1HR
38,110010053,2025-07-21,7.54,26.68,67.76,0.02,1.73,348.5,1013.26,4638.72,2.85,6.49,420.0,0.081,PM2.5-1HR
38,110010055,2025-07-21,6.12,26.72,68.43,0.02,1.66,352.33,1013.25,1327.41,3.08,6.812,420.0,0.611,PM2.5-1HR
38,240313001,2025-07-21,4.63,26.24,66.6,0.03,2.06,341.91,1013.42,166.09,0,2.5,420.0,0.508,PM2.5-1HR
38,240330030,2025-07-21,4.71,26.54,66.41,0.02,1.91,346.87,1013.27,181.52,1,3.9,420.0,0.38,PM2.5-1HR
38,510590030,2025-07-21,6.07,26.67,69.49,0.02,1.72,354.74,1013.27,1261.9,3.53,7.442,420.0,0.244,PM2.5-1HR
38,510590031,2025-07-21,6.27,26.61,69.98,0.02,1.8,354.32,1013.3,1490.49,4.35,8.59,420.0,0.017,PM2.5-1HR
38,511071005,2025-07-21,6.27,26.16,67.43,0.05,2.15,343.02,1013.59,2238.14,5.9,10.76,420.0,0.103,PM2.5-1HR
38,110010041,2025-07-22,14.52,24.77,67.65,0,1.86,53.31,1018.03,2253.41,8.1,13.84,420.0,0.103,PM2.5-1HR
38,110010043,2025-07-22,14.45,24.62,67.2,0,1.83,53.13,1018.06,3927.42,7.9,13.56,420.0,0.356,PM2.5-1HR
38,110010051,2025-07-22,15.31,24.78,67.67,0,1.87,53.36,1018.03,3599.37,8.1,13.84,420.0,0.011,PM2.5-1HR
38,110010053,2025-07-22,15.38,24.78,67.87,0,1.82,52.76,1018.02,4638.72,8.1,13.84,420.0,0.081,PM2.5-1HR
38,110010055,2025-07-22,13.88,24.97,68.7,0,1.8,52.36,1017.96,1327.41,8.78,14.792,420.0,0.611,PM2.5-1HR
38,240313001,2025-07-22,11.28,23.98,65.3,0,1.84,55.37,1018.26,166.09,5,9.5,420.0,0.508,PM2.5-1HR
38,240330030,2025-07-22,11.75,24.37,66.1,0,2,55.75,1018.17,181.52,6,10.9,420.0,0.38,PM2.5-1HR
38,510590030,2025-07-22,16.14,25.02,69.44,0,1.8,52.3,1017.94,1261.9,8.43,14.302,420.0,0.244,PM2.5-1HR
38,510590031,2025-07-22,16.44,24.95,69.59,0,1.8,52.43,1017.95,1490.49,8.2,13.98,420.0,0.017,PM2.5-1HR
38,511071005,2025-07-22,17.71,24.16,64.45,0,1.68,53.82,1018.21,2238.14,15,23.5,420.0,0.103,PM2.5-1HR
38,110010041,2025-07-23,11.14,25.29,72.89,0.02,2.18,133.05,1022.35,2253.41,4.96,9.444,420.0,0.103,PM2.5-1HR
38,110010043,2025-07-23,11.37,25.2,73.01,0.02,2.18,133.21,1022.35,3927.42,5.13,9.682,420.0,0.356,PM2.5-1HR
38,110010051,2025-07-23,11.94,25.29,72.88,0.02,2.18,133.05,1022.35,3599.37,4.96,9.444,420.0,0.011,PM2.5-1HR
38,110010053,2025-07-23,11.49,25.25,73.08,0.02,2.15,133.17,1022.33,4638.72,4.96,9.444,420.0,0.081,PM2.5-1HR
38,110010055,2025-07-23,9.72,25.32,73.16,0.02,2.11,133.08,1022.31,1327.41,5.52,10.228,420.0,0.611,PM2.5-1HR
38,240313001,2025-07-23,9.78,24.9,73.42,0.03,2.41,135.49,1022.43,166.09,6,10.9,420.0,0.508,PM2.5-1HR
38,240330030,2025-07-23,8.65,25.19,72.77,0.02,2.33,133.66,1022.44,181.52,6,10.9,420.0,0.38,PM2.5-1HR
38,510590030,2025-07-23,11.53,25.33,73.47,0.02,2.14,134.32,1022.29,1261.9,6.9,12.16,420.0,0.244,PM2.5-1HR
38,510590031,2025-07-23,12.38,25.31,73.69,0.02,2.18,135.33,1022.28,1490.49,8.2,13.98,420.0,0.017,PM2.5-1HR
38,511071005,2025-07-23,14.44,24.91,72.99,0.03,2.51,141.13,1022.27,2238.14,10.4,17.06,420.0,0.103,PM2.5-1HR
38,110010041,2025-07-24,8.57,26.14,73.12,0,2.74,194.88,1021.46,2253.41,3.85,7.89,420.0,0.103,PM2.5-1HR
38,110010043,2025-07-24,9.17,26.12,73.01,0,2.74,194.78,1021.44,3927.42,4,8.1,420.0,0.356,PM2.5-1HR
38,110010051,2025-07-24,9.86,26.14,73.13,0,2.74,194.87,1021.46,3599.37,2.94,6.616,420.0,0.011,PM2.5-1HR
38,110010053,2025-07-24,9.91,26.13,73.17,0,2.72,194.72,1021.45,4638.72,3.85,7.89,420.0,0.081,PM2.5-1HR
38,110010055,2025-07-24,8.57,26.14,73.37,0,2.68,194.68,1021.47,1327.41,4.73,9.122,420.0,0.611,PM2.5-1HR
38,240313001,2025-07-24,6.88,26.1,72.57,0,2.91,192.62,1021.36,166.09,4,8.1,420.0,0.508,PM2.5-1HR
38,240330030,2025-07-24,6.97,26.13,72.96,0,2.88,195.04,1021.43,181.52,4,8.1,420.0,0.38,PM2.5-1HR
38,510590030,2025-07-24,8.56,26.19,73.44,0,2.75,193.33,1021.47,1261.9,5.33,9.962,420.0,0.244,PM2.5-1HR
38,510590031,2025-07-24,8.68,26.21,73.38,0,2.82,192.3,1021.45,1490.49,6.45,11.53,420.0,0.017,PM2.5-1HR
38,511071005,2025-07-24,10.25,26.36,71.09,0,3.04,186.49,1021.21,2238.14,8.9,14.96,420.0,0.103,PM2.5-1HR
38,110010041,2025-07-25,10.4,28.14,76.14,0.16,2.14,245.43,1016.38,2253.41,3.64,7.596,420.0,0.103,PM2.5-1HR
38,110010043,2025-07-25,11.69,28.17,75.47,0.17,2.11,247.16,1016.39,3927.42,4.5,8.8,420.0,0.356,PM2.5-1HR
38,110010051,2025-07-25,11.44,28.14,76.18,0.16,2.14,245.31,1016.38,3599.37,3.64,7.596,420.0,0.011,PM2.5-1HR
38,110010053,2025-07-25,12.3,28.18,75.85,0.15,2.12,245.69,1016.4,4638.72,3.64,7.596,420.0,0.081,PM2.5-1HR
38,110010055,2025-07-25,10.76,28.19,76.32,0.13,2.13,243.9,1016.41,1327.41,3.88,7.932,420.0,0.611,PM2.5-1HR
38,240313001,2025-07-25,7.67,28.04,74.5,0.19,2.12,253.59,1016.38,166.09,0,2.5,420.0,0.508,PM2.5-1HR
38,240330030,2025-07-25,8.35,28.02,76.18,0.21,2.2,247.73,1016.33,181.52,4,8.1,420.0,0.38,PM2.5-1HR
38,510590030,2025-07-25,9.56,28.23,76.2,0.07,2.15,242.99,1016.44,1261.9,3.83,7.862,420.0,0.244,PM2.5-1HR
38,510590031,2025-07-25,8.96,28.26,75.85,0.04,2.16,243.26,1016.45,1490.49,5.65,10.41,420.0,0.017,PM2.5-1HR
38,511071005,2025-07-25,9.49,28.37,70.93,0.04,2.23,257.07,1016.43,2238.14,5.5,10.2,420.0,0.103,PM2.5-1HR
38,110010041,2025-07-26,8.94,27.79,79.79,0.11,1.8,60.2,1017.46,2253.41,3.44,7.316,420.0,0.103,PM2.5-1HR
38,110010043,2025-07-26,9.04,27.76,79.58,0.13,1.78,60.76,1017.48,3927.42,3.65,7.61,420.0,0.356,PM2.5-1HR
38,110010051,2025-07-26,9.75,27.79,79.82,0.11,1.8,60.18,1017.46,3599.37,3.44,7.316,420.0,0.011,PM2.5-1HR
38,110010053,2025-07-26,9.42,27.87,79.39,0.11,1.77,59.77,1017.45,4638.72,3.44,7.316,420.0,0.081,PM2.5-1HR
38,110010055,2025-07-26,8.45,28.01,79.18,0.08,1.75,58.48,1017.41,1327.41,3.62,7.568,420.0,0.611,PM2.5-1HR
38,240313001,2025-07-26,4.63,27.3,80.49,0.25,1.82,64.91,1017.63,166.09,1,3.9,420.0,0.508,PM2.5-1HR
38,240330030,2025-07-26,5.83,27.34,81.05,0.19,1.93,63.1,1017.57,181.52,1,3.9,420.0,0.38,PM2.5-1HR
38,510590030,2025-07-26,7.6,28.21,78.56,0.08,1.77,57.88,1017.39,1261.9,4.2,8.38,420.0,0.244,PM2.5-1HR
38,510590031,2025-07-26,7.26,28.29,78.2,0.1,1.8,58.04,1017.39,1490.49,5,9.5,420.0,0.017,PM2.5-1HR
38,511071005,2025-07-26,7.69,27.88,77.79,0.2,1.72,67,1017.55,2238.14,5.7,10.48,420.0,0.103,PM2.5-1HR
38,110010041,2025-07-27,7.96,27.39,84.93,0.58,2,209.58,1016.51,2253.41,1.75,4.95,420.0,0.103,PM2.5-1HR
38,110010043,2025-07-27,8.72,27.4,84.54,0.58,2,201.91,1016.51,3927.42,2.1,5.44,420.0,0.356,PM2.5-1HR
38,110010051,2025-07-27,9.58,27.39,84.95,0.59,2.01,209.51,1016.5,3599.37,0.48,3.172,420.0,0.011,PM2.5-1HR
38,110010053,2025-07-27,8.51,27.43,84.76,0.54,1.98,206.27,1016.51,4638.72,1.75,4.95,420.0,0.081,PM2.5-1HR
38,110010055,2025-07-27,8.13,27.47,85.03,0.5,1.97,208.17,1016.52,1327.41,2.12,5.468,420.0,0.611,PM2.5-1HR
38,240313001,2025-07-27,4.24,27.15,84.38,0.62,1.99,212.89,1016.53,166.09,0,2.5,420.0,0.508,PM2.5-1HR
38,240330030,2025-07-27,5.33,27.18,85.27,0.73,2.08,208.52,1016.49,181.52,0,2.5,420.0,0.38,PM2.5-1HR
38,510590030,2025-07-27,7.48,27.58,84.96,0.43,1.93,208.98,1016.52,1261.9,2.13,5.482,420.0,0.244,PM2.5-1HR
38,510590031,2025-07-27,6.28,27.66,84.77,0.4,1.9,209.44,1016.52,1490.49,3.2,6.98,420.0,0.017,PM2.5-1HR
38,511071005,2025-07-27,5.77,27.7,80.92,0.33,1.89,218.28,1016.54,2238.14,3.1,6.84,420.0,0.103,PM2.5-1HR
38,110010041,2025-07-28,7.99,28.38,74.22,0,1.74,320.53,1016.38,2253.41,1.84,5.076,420.0,0.103,PM2.5-1HR
38,110010043,2025-07-28,7.06,28.36,73.57,0,1.78,321.75,1016.42,3927.42,1.93,5.202,420.0,0.356,PM2.5-1HR
38,110010051,2025-07-28,9.29,28.38,74.26,0,1.74,320.56,1016.38,3599.37,1.84,5.076,420.0,0.011,PM2.5-1HR
38,110010053,2025-07-28,8.64,28.39,73.98,0,1.77,318.4,1016.41,4638.72,1.84,5.076,420.0,0.081,PM2.5-1HR
38,110010055,2025-07-28,8.36,28.43,74.5,0,1.77,314.89,1016.4,1327.41,2.64,6.196,420.0,0.611,PM2.5-1HR
38,240313001,2025-07-28,5.47,28.16,72.71,0,1.89,328.43,1016.57,166.09,1,3.9,420.0,0.508,PM2.5-1HR
38,240330030,2025-07-28,4.64,28.29,73.85,0,1.8,331.56,1016.39,181.52,0,2.5,420.0,0.38,PM2.5-1HR
38,510590030,2025-07-28,7.34,28.49,74.35,0,1.83,313.86,1016.44,1261.9,3.87,7.918,420.0,0.244,PM2.5-1HR
38,510590031,2025-07-28,6.87,28.51,73.94,0,1.88,314.58,1016.49,1490.49,5.05,9.57,420.0,0.017,PM2.5-1HR
38,511071005,2025-07-28,7.83,28.35,70.47,0,1.87,321.33,1016.78,2238.14,5,9.5,420.0,0.103,PM2.5-1HR
38,110010041,2025-07-29,12.74,29.19,72.67,0,0.94,140.49,1016.23,2253.41,6.44,11.516,420.0,0.103,PM2.5-1HR
38,110010043,2025-07-29,12.86,28.92,73.96,0,0.9,145.1,1016.26,3927.42,6.88,12.132,420.0,0.356,PM2.5-1HR
38,110010051,2025-07-29,12.78,28.99,74.45,0,0.87,161.49,1016.24,3599.37,6.44,11.516,420.0,0.011,PM2.5-1HR
38,110010053,2025-07-29,12.93,29.15,72.52,0,0.94,147.96,1016.23,4638.72,6.44,11.516,420.0,0.081,PM2.5-1HR
38,110010055,2025-07-29,11.95,29.18,72.61,0,0.97,178.15,1016.22,1327.41,6.68,11.852,420.0,0.611,PM2.5-1HR
38,240313001,2025-07-29,7.98,28.82,72.44,0,0.92,126.74,1016.37,166.09,4,8.1,420.0,0.508,PM2.5-1HR
38,240330030,2025-07-29,8.79,28.94,74.52,0,0.92,137.64,1016.28,181.52,6,10.9,420.0,0.38,PM2.5-1HR
38,510590030,2025-07-29,9.62,29.17,72.56,0,0.98,197.73,1016.23,1261.9,7,12.3,420.0,0.244,PM2.5-1HR
38,510590031,2025-07-29,9.13,29.21,72.03,0,0.97,205.18,1016.26,1490.49,8.15,13.91,420.0,0.017,PM2.5-1HR
38,511071005,2025-07-29,9.7,28.98,68.67,0,0.78,183.8,1016.36,2238.14,8,13.7,420.0,0.103,PM2.5-1HR
38,110010041,2025-07-30,12.02,30.31,61.54,0,1.71,186.98,1015.3,2253.41,7.9,13.56,420.0,0.103,PM2.5-1HR
38,110010043,2025-07-30,12.53,29.12,72.47,0,1.76,193.8,1015.39,3927.42,7.82,13.448,420.0,0.356,PM2.5-1HR
38,110010051,2025-07-30,13.25,29.16,72.84,0,1.82,194.04,1015.39,3599.37,7.16,12.524,420.0,0.011,PM2.5-1HR
38,110010053,2025-07-30,12.6,30.29,60.79,0,1.71,188.35,1015.31,4638.72,7.9,13.56,420.0,0.081,PM2.5-1HR
38,110010055,2025-07-30,12.53,30.29,60.79,0,1.71,188.35,1015.31,1327.41,7.93,13.602,420.0,0.611,PM2.5-1HR
38,240313001,2025-07-30,10.18,28.98,71.85,0.01,1.64,193.22,1015.4,166.09,7,12.3,420.0,0.508,PM2.5-1HR
38,240330030,2025-07-30,10.36,29.03,73.43,0.01,1.84,194.17,1015.39,181.52,6,10.9,420.0,0.38,PM2.5-1HR
38,510590030,2025-07-30,9.53,30.05,63.25,0,1.67,193.35,1015.31,1261.9,8.5,14.4,420.0,0.244,PM2.5-1HR
38,510590031,2025-07-30,9.61,29.82,64.29,0,1.77,199.82,1015.43,1490.49,8.6,14.54,420.0,0.017,PM2.5-1HR
38,511071005,2025-07-30,10.28,29.4,67.17,0.05,1.65,218.27,1015.34,2238.14,8.7,14.68,420.0,0.103,PM2.5-1HR
38,110010041,2025-07-31,9.22,26.94,82.92,0.64,1.69,233.58,1013.91,2253.41,0.92,3.788,420.0,0.103,PM2.5-1HR
38,110010043,2025-07-31,10.34,27.18,83.74,1.35,2.13,180.89,1013.79,3927.42,1.13,4.082,420.0,0.356,PM2.5-1HR
38,110010051,2025-07-31,10.39,27.22,84.13,1.36,2.1,183.33,1013.77,3599.37,0.92,3.788,420.0,0.011,PM2.5-1HR
38,110010053,2025-07-31,10.42,27.03,82.96,0.4,1.76,220.83,1013.89,4638.72,0.92,3.788,420.0,0.081,PM2.5-1HR
38,110010055,2025-07-31,8.27,27.03,82.96,0.4,1.76,220.83,1013.89,1327.41,1.52,4.628,420.0,0.611,PM2.5-1HR
38,240313001,2025-07-31,7.24,26.95,82.69,1.38,2.06,176.65,1013.87,166.09,0,2.5,420.0,0.508,PM2.5-1HR
38,240330030,2025-07-31,6.33,27.02,84.08,1.61,2.13,186.52,1013.83,181.52,1,3.9,420.0,0.38,PM2.5-1HR
38,510590030,2025-07-31,7.09,26.61,85.79,0.53,1.78,183.73,1013.89,1261.9,2.83,6.462,420.0,0.244,PM2.5-1HR
38,510590031,2025-07-31,7.99,26.08,89.08,1.3,1.78,165.97,1014,1490.49,4.2,8.38,420.0,0.017,PM2.5-1HR
38,511071005,2025-07-31,8.09,25.78,88.67,1.42,1.7,215.35,1013.98,2238.14,3.7,7.68,420.0,0.103,PM2.5-1HR
38,110010041,2025-08-01,4.65,21.84,81.58,0.15,3.38,28.34,1019.71,2253.41,0.6,3.34,420.0,0.103,PM2.5-1HR
38,110010043,2025-08-01,4.4,21.39,81.98,0.01,3.15,26.52,1020.18,3927.42,0.65,3.41,420.0,0.356,PM2.5-1HR
38,110010051,2025-08-01,4.96,21.42,82.78,0.01,3.23,26.82,1020.11,3599.37,0.6,3.34,420.0,0.011,PM2.5-1HR
38,110010053,2025-08-01,4.45,21.88,82.71,0.24,3.35,25.86,1019.65,4638.72,0.6,3.34,420.0,0.081,PM2.5-1HR
38,110010055,2025-08-01,4.78,21.88,82.71,0.24,3.35,25.86,1019.65,1327.41,0.9,3.76,420.0,0.611,PM2.5-1HR
38,240313001,2025-08-01,2.85,21.26,79.84,0.01,3,27.25,1020.49,166.09,0,2.5,420.0,0.508,PM2.5-1HR
38,240330030,2025-08-01,2.64,21.34,81.5,0.01,3.29,29.13,1020.26,181.52,0,2.5,420.0,0.38,PM2.5-1HR
38,510590030,2025-08-01,4.84,21.75,84.5,0.36,3.11,20.33,1019.67,1261.9,1.27,4.278,420.0,0.244,PM2.5-1HR
38,510590031,2025-08-01,5.15,21.32,85.63,0.31,3.34,24.46,1019.82,1490.49,1.7,4.88,420.0,0.017,PM2.5-1HR
38,511071005,2025-08-01,6.15,21.24,84.63,0.2,3.44,26.06,1020.27,2238.14,3.7,7.68,420.0,0.103,PM2.5-1HR
38,110010041,2025-08-02,8.16,21.92,72.17,0.01,1.9,28.29,1023.17,2253.41,1.72,4.908,420.0,0.103,PM2.5-1HR
38,110010043,2025-08-02,6.95,22,70.77,0,2.01,35.48,1023.26,3927.42,1.73,4.922,420.0,0.356,PM2.5-1HR
38,110010051,2025-08-02,8.24,22.12,71.1,0.01,2.02,38.13,1023.23,3599.37,1.72,4.908,420.0,0.011,PM2.5-1HR
38,110010053,2025-08-02,7.75,22.05,71.88,0.01,2.04,26.6,1023.13,4638.72,1.72,4.908,420.0,0.081,PM2.5-1HR
38,110010055,2025-08-02,6.91,22.05,71.88,0.01,2.04,26.6,1023.13,1327.41,2.5,6.0,420.0,0.611,PM2.5-1HR
38,240313001,2025-08-02,3.62,21.58,69.64,0,2.05,30.01,1023.44,166.09,1,3.9,420.0,0.508,PM2.5-1HR
38,240330030,2025-08-02,5.42,21.91,70.6,0,2,34.87,1023.33,181.52,1,3.9,420.0,0.38,PM2.5-1HR
38,510590030,2025-08-02,8.98,22.06,72.29,0,2.17,24.19,1023.1,1261.9,5.07,9.598,420.0,0.244,PM2.5-1HR
38,510590031,2025-08-02,8.9,21.8,71.88,0,2.41,33.37,1023.2,1490.49,6.75,11.95,420.0,0.017,PM2.5-1HR
38,511071005,2025-08-02,6.74,21.16,71.63,0,2.1,21.82,1023.43,2238.14,5.9,10.76,420.0,0.103,PM2.5-1HR
38,110010041,2025-08-03,9.75,21.73,65.95,0,1.42,53.73,1021.09,2253.41,3.98,8.072,420.0,0.103,PM2.5-1HR
38,110010043,2025-08-03,8.28,21.48,68.62,0,1.54,47.51,1021.23,3927.42,3.78,7.792,420.0,0.356,PM2.5-1HR
38,110010051,2025-08-03,10.63,21.66,69.04,0,1.52,48.91,1021.21,3599.37,3.98,8.072,420.0,0.011,PM2.5-1HR
38,110010053,2025-08-03,9.25,21.85,66.57,0,1.42,44.76,1021.08,4638.72,3.98,8.072,420.0,0.081,PM2.5-1HR
38,110010055,2025-08-03,8.38,21.87,66.72,0,1.42,44.91,1021.08,1327.41,4.36,8.604,420.0,0.611,PM2.5-1HR
38,240313001,2025-08-03,4.74,21.06,67.31,0,1.64,46.2,1021.35,166.09,1,3.9,420.0,0.508,PM2.5-1HR
38,240330030,2025-08-03,6.3,21.53,68.4,0,1.58,41.82,1021.26,181.52,2,5.3,420.0,0.38,PM2.5-1HR
38,510590030,2025-08-03,7.96,21.74,67.21,0,1.45,32.4,1021.06,1261.9,5.67,10.438,420.0,0.244,PM2.5-1HR
38,510590031,2025-08-03,8.19,21.62,65.96,0,1.62,50.8,1021.12,1490.49,6.1,11.04,420.0,0.017,PM2.5-1HR
38,511071005,2025-08-03,6.73,21.05,65.8,0,1.47,35.63,1021.25,2238.14,5.5,10.2,420.0,0.103,PM2.5-1HR
38,110010041,2025-08-04,13.96,22.62,68.85,0,1.53,30.93,1021.02,2253.41,7.84,13.476,420.0,0.103,PM2.5-1HR
38,110010043,2025-08-04,13.33,22.41,68.25,0,1.56,33.74,1021.04,3927.42,7.85,13.49,420.0,0.356,PM2.5-1HR
38,110010051,2025-08-04,14.34,22.64,68.91,0,1.53,30.67,1021.02,3599.37,7.84,13.476,420.0,0.011,PM2.5-1HR
38,110010053,2025-08-04,12.78,22.55,68.34,0,1.54,33.47,1021.03,4638.72,7.84,13.476,420.0,0.081,PM2.5-1HR
38,110010055,2025-08-04,12.82,22.73,68.46,0,1.51,33.09,1021.01,1327.41,7.84,13.476,420.0,0.611,PM2.5-1HR
38,240313001,2025-08-04,10.25,21.96,67.6,0,1.54,43.6,1021.13,166.09,4,8.1,420.0,0.508,PM2.5-1HR
38,240330030,2025-08-04,11.03,22.45,69.17,0,1.56,26.14,1021.04,181.52,6,10.9,420.0,0.38,PM2.5-1HR
38,510590030,2025-08-04,12.98,22.67,68.79,0,1.53,34.93,1021.02,1261.9,7.9,13.56,420.0,0.244,PM2.5-1HR
38,510590031,2025-08-04,13.18,22.52,69.02,0,1.56,36.47,1021.04,1490.49,7.95,13.63,420.0,0.017,PM2.5-1HR
38,511071005,2025-08-04,12.09,21.99,65.48,0,1.53,100.14,1021.14,2238.14,7.4,12.86,420.0,0.103,PM2.5-1HR
38,110010041,2025-08-05,19.34,23.05,78.97,0.01,1.1,91.99,1024.33,2253.41,14.7,23.08,420.0,0.103,PM2.5-1HR
38,110010043,2025-08-05,18.81,22.94,78.36,0.01,1.09,78.72,1024.34,3927.42,15.23,23.822,420.0,0.356,PM2.5-1HR
38,110010051,2025-08-05,20.89,23.06,79.02,0.01,1.11,93.6,1024.33,3599.37,14.7,23.08,420.0,0.011,PM2.5-1HR
38,110010053,2025-08-05,20.43,23.04,78.62,0.01,1.05,94.61,1024.33,4638.72,14.7,23.08,420.0,0.081,PM2.5-1HR
38,110010055,2025-08-05,17.96,23.15,78.95,0.01,1.01,130.07,1024.32,1327.41,15.22,23.808,420.0,0.611,PM2.5-1HR
38,240313001,2025-08-05,14.63,22.59,76.88,0,1.26,75.53,1024.4,166.09,9,15.1,420.0,0.508,PM2.5-1HR
38,240330030,2025-08-05,17,22.88,78.8,0,1.3,63.68,1024.35,181.52,13,20.7,420.0,0.38,PM2.5-1HR
38,510590030,2025-08-05,18.79,23.18,78.67,0.01,1.03,144.32,1024.31,1261.9,15.23,23.822,420.0,0.244,PM2.5-1HR
38,510590031,2025-08-05,18.78,23.14,78.27,0.01,1.07,142.66,1024.32,1490.49,16.55,25.67,420.0,0.017,PM2.5-1HR
38,511071005,2025-08-05,19.87,22.7,73.87,0.01,1.24,133.68,1024.36,2238.14,15.2,23.78,420.0,0.103,PM2.5-1HR
38,110010041,2025-08-06,24.85,22.75,78.67,0.01,2.05,86.67,1027.02,2253.41,10.48,17.172,420.0,0.103,PM2.5-1HR
38,110010043,2025-08-06,20.22,22.66,78.78,0.01,2.02,85.94,1027.04,3927.42,11.38,18.432,420.0,0.356,PM2.5-1HR
38,110010051,2025-08-06,21.31,22.76,78.65,0.01,2.05,86.78,1027.02,3599.37,10.48,17.172,420.0,0.011,PM2.5-1HR
38,110010053,2025-08-06,20.11,22.72,78.85,0,2.01,85.75,1027,4638.72,10.48,17.172,420.0,0.081,PM2.5-1HR
38,110010055,2025-08-06,18.9,22.79,78.95,0,2,85.49,1026.96,1327.41,10.94,17.816,420.0,0.611,PM2.5-1HR
38,240313001,2025-08-06,15.9,22.38,79.08,0.02,2.09,87.99,1027.2,166.09,9,15.1,420.0,0.508,PM2.5-1HR
38,240330030,2025-08-06,17.71,22.67,78.46,0.02,2.16,88.71,1027.15,181.52,11,17.9,420.0,0.38,PM2.5-1HR
38,510590030,2025-08-06,21.08,22.82,79.19,0,2,86.49,1026.94,1261.9,9.93,16.402,420.0,0.244,PM2.5-1HR
38,510590031,2025-08-06,20.76,22.8,79.37,0,2.01,87.43,1026.94,1490.49,11.45,18.53,420.0,0.017,PM2.5-1HR
38,511071005,2025-08-06,20.41,22.5,77.89,0,1.98,95.43,1027.08,2238.14,13.7,21.68,420.0,0.103,PM2.5-1HR
38,110010041,2025-08-07,17.97,23.17,73.25,0.02,2.77,67.88,1025.53,2253.41,3.4,7.26,420.0,0.103,PM2.5-1HR
38,110010043,2025-08-07,16.57,23.07,73.26,0.02,2.71,67.42,1025.57,3927.42,3.4,7.26,420.0,0.356,PM2.5-1HR
38,110010051,2025-08-07,18.65,23.18,73.24,0.02,2.78,67.95,1025.53,3599.37,3.4,7.26,420.0,0.011,PM2.5-1HR
38,110010053,2025-08-07,18.21,23.16,73.14,0.01,2.73,67.15,1025.52,4638.72,3.4,7.26,420.0,0.081,PM2.5-1HR
38,110010055,2025-08-07,16.45,23.27,73.02,0.01,2.75,66.81,1025.45,1327.41,4.08,8.212,420.0,0.611,PM2.5-1HR
38,240313001,2025-08-07,16.98,22.66,73.77,0.02,2.6,70.65,1025.84,166.09,4,8.1,420.0,0.508,PM2.5-1HR
38,240330030,2025-08-07,14.98,22.93,73.99,0.02,2.8,69.79,1025.73,181.52,3,6.7,420.0,0.38,PM2.5-1HR
38,510590030,2025-08-07,18.72,23.34,72.45,0.01,2.75,67.3,1025.42,1261.9,4.93,9.402,420.0,0.244,PM2.5-1HR
38,510590031,2025-08-07,19.4,23.33,72.09,0.01,2.74,67.84,1025.44,1490.49,5.7,10.48,420.0,0.017,PM2.5-1HR
38,511071005,2025-08-07,23.9,22.91,70.49,0,2.49,75.26,1025.74,2238.14,10.8,17.62,420.0,0.103,PM2.5-1HR
38,110010041,2025-08-08,8.31,22.36,73.58,0,2.35,75.03,1023.46,2253.41,3.6,7.54,420.0,0.103,PM2.5-1HR
38,110010043,2025-08-08,7.3,22.27,73.48,0,2.31,75.99,1023.47,3927.42,4.16,8.324,420.0,0.356,PM2.5-1HR
38,110010051,2025-08-08,9.35,22.37,73.57,0,2.36,75,1023.46,3599.37,2.14,5.496,420.0,0.011,PM2.5-1HR
38,110010053,2025-08-08,7.98,22.35,73.52,0,2.32,75.1,1023.44,4638.72,3.6,7.54,420.0,0.081,PM2.5-1HR
38,110010055,2025-08-08,5.55,22.44,73.59,0,2.32,73.99,1023.4,1327.41,3.93,8.002,420.0,0.611,PM2.5-1HR
38,240313001,2025-08-08,4.62,22.13,72.14,0,2.25,83.04,1023.61,166.09,0,2.5,420.0,0.508,PM2.5-1HR
38,240330030,2025-08-08,5.83,22.23,73.39,0,2.4,78.74,1023.58,181.52,0,2.5,420.0,0.38,PM2.5-1HR
38,510590030,2025-08-08,6.71,22.55,72.96,0,2.33,75,1023.37,1261.9,3.17,6.938,420.0,0.244,PM2.5-1HR
38,510590031,2025-08-08,8.35,22.59,72.44,0,2.33,76.34,1023.37,1490.49,4.35,8.59,420.0,0.017,PM2.5-1HR
38,511071005,2025-08-08,10.65,22.51,68.72,0,2.07,87.12,1023.48,2238.14,4.2,8.38,420.0,0.103,PM2.5-1HR
38,110010041,2025-08-09,5.78,21.95,68.8,0,1.77,76.27,1023.31,2253.41,1.34,4.376,420.0,0.103,PM2.5-1HR
38,110010043,2025-08-09,5.71,21.85,69.07,0,1.77,77.54,1023.32,3927.42,1.2,4.18,420.0,0.356,PM2.5-1HR
38,110010051,2025-08-09,6.78,21.96,68.75,0,1.77,76.19,1023.31,3599.37,1.34,4.376,420.0,0.011,PM2.5-1HR
38,110010053,2025-08-09,5.83,21.92,69.16,0,1.77,77.19,1023.3,4638.72,1.34,4.376,420.0,0.081,PM2.5-1HR
38,110010055,2025-08-09,5.41,22,69.29,0,1.78,76.71,1023.27,1327.41,1.68,4.852,420.0,0.611,PM2.5-1HR
38,240313001,2025-08-09,2.95,21.85,67.85,0,1.7,84.87,1023.39,166.09,1,3.9,420.0,0.508,PM2.5-1HR
38,240330030,2025-08-09,3.57,21.92,67.89,0,1.75,78.08,1023.39,181.52,1,3.9,420.0,0.38,PM2.5-1HR
38,510590030,2025-08-09,5.01,22.18,68.73,0,1.79,79.32,1023.24,1261.9,3.2,6.98,420.0,0.244,PM2.5-1HR
38,510590031,2025-08-09,5.62,22.29,68.24,0,1.79,81.78,1023.23,1490.49,3.85,7.89,420.0,0.017,PM2.5-1HR
38,511071005,2025-08-09,5.67,22.38,65.4,0,1.67,102.31,1023.23,2238.14,4.4,8.66,420.0,0.103,PM2.5-1HR
38,110010041,2025-08-10,8.52,22.69,69.35,0,1.64,123.47,1023.56,2253.41,1.66,4.824,420.0,0.103,PM2.5-1HR
38,110010043,2025-08-10,6.81,22.67,68.56,0,1.64,122.16,1023.55,3927.42,1.7,4.88,420.0,0.356,PM2.5-1HR
38,110010051,2025-08-10,8.34,22.69,69.41,0,1.65,123.64,1023.56,3599.37,1.66,4.824,420.0,0.011,PM2.5-1HR
38,110010053,2025-08-10,7.35,22.75,68.74,0,1.64,122.34,1023.54,4638.72,1.66,4.824,420.0,0.081,PM2.5-1HR
38,110010055,2025-08-10,6.03,22.85,68.98,0,1.64,122.47,1023.53,1327.41,2.62,6.168,420.0,0.611,PM2.5-1HR
38,240313001,2025-08-10,3.66,22.43,66.06,0,1.68,125.6,1023.56,166.09,1,3.9,420.0,0.508,PM2.5-1HR
38,240330030,2025-08-10,2.99,22.44,69.51,0,1.67,128.21,1023.61,181.52,0,2.5,420.0,0.38,PM2.5-1HR
38,510590030,2025-08-10,5.98,22.95,68.15,0,1.65,124.38,1023.5,1261.9,3.9,7.96,420.0,0.244,PM2.5-1HR
38,510590031,2025-08-10,5.95,22.98,67.4,0,1.67,125.84,1023.48,1490.49,5.1,9.64,420.0,0.017,PM2.5-1HR
38,511071005,2025-08-10,6.35,22.81,62.56,0,1.79,140.17,1023.37,2238.14,5.4,10.06,420.0,0.103,PM2.5-1HR
38,110010041,2025-08-11,6.89,23.88,79.83,0,1.59,164.89,1022.25,2253.41,2.08,5.412,420.0,0.103,PM2.5-1HR
38,110010043,2025-08-11,7.31,23.83,79.2,0,1.62,163.69,1022.23,3927.42,2.4,5.86,420.0,0.356,PM2.5-1HR
38,110010051,2025-08-11,7.63,23.88,79.86,0,1.59,164.99,1022.25,3599.37,2.08,5.412,420.0,0.011,PM2.5-1HR
38,110010053,2025-08-11,6.77,23.9,79.64,0,1.62,165.71,1022.23,4638.72,2.08,5.412,420.0,0.081,PM2.5-1HR
38,110010055,2025-08-11,4.62,23.97,80.21,0.01,1.62,162.42,1022.23,1327.41,2.44,5.916,420.0,0.611,PM2.5-1HR
38,240313001,2025-08-11,3.75,23.77,76.54,0,1.78,166.53,1022.22,166.09,1,3.9,420.0,0.508,PM2.5-1HR
38,240330030,2025-08-11,4.16,23.69,79.09,0,1.6,175.32,1022.27,181.52,1,3.9,420.0,0.38,PM2.5-1HR
38,510590030,2025-08-11,5.47,24.17,79.64,0,1.71,166.58,1022.2,1261.9,3,6.7,420.0,0.244,PM2.5-1HR
38,510590031,2025-08-11,5.92,24.29,78.88,0,1.79,168.26,1022.18,1490.49,4.1,8.24,420.0,0.017,PM2.5-1HR
38,511071005,2025-08-11,7.08,24.56,73.28,0,2.06,167.79,1022.04,2238.14,4.6,8.94,420.0,0.103,PM2.5-1HR
38,110010041,2025-08-12,5.48,26.22,81.48,0.01,1.79,162.06,1017.77,2253.41,0.9,3.76,420.0,0.103,PM2.5-1HR
38,110010043,2025-08-12,5.99,26.24,80.97,0.01,1.78,159.9,1017.75,3927.42,1.13,4.082,420.0,0.356,PM2.5-1HR
38,110010051,2025-08-12,6.44,26.22,81.51,0.01,1.8,162.25,1017.77,3599.37,0.9,3.76,420.0,0.011,PM2.5-1HR
38,110010053,2025-08-12,5.22,26.23,81.16,0.01,1.78,160.91,1017.76,4638.72,0.9,3.76,420.0,0.081,PM2.5-1HR
38,110010055,2025-08-12,4.42,26.22,81.42,0.01,1.79,162.16,1017.76,1327.41,1.46,4.544,420.0,0.611,PM2.5-1HR
38,240313001,2025-08-12,1.56,26.3,79.16,0.01,1.86,156.43,1017.75,166.09,0,2.5,420.0,0.508,PM2.5-1HR
38,240330030,2025-08-12,3.03,26.15,81.62,0.01,1.82,163.35,1017.79,181.52,0,2.5,420.0,0.38,PM2.5-1HR
38,510590030,2025-08-12,3.66,26.36,80.43,0.01,1.87,162.12,1017.74,1261.9,1.93,5.202,420.0,0.244,PM2.5-1HR
38,510590031,2025-08-12,4.01,26.48,79.51,0.02,1.94,161.45,1017.72,1490.49,2.9,6.56,420.0,0.017,PM2.5-1HR
38,511071005,2025-08-12,4.75,26.87,75.2,0.02,2.05,153.31,1017.6,2238.14,3.5,7.4,420.0,0.103,PM2.5-1HR
38,110010041,2025-08-13,5.83,25.98,86.8,0.8,1.64,188.15,1012.62,2253.41,1.3,4.32,420.0,0.103,PM2.5-1HR
38,110010043,2025-08-13,8.26,25.99,86.76,0.34,1.47,183.99,1012.59,3927.42,1.15,4.11,420.0,0.356,PM2.5-1HR
38,110010051,2025-08-13,6.86,25.99,87.02,0.31,1.48,185.61,1012.59,3599.37,1.3,4.32,420.0,0.011,PM2.5-1HR
38,110010053,2025-08-13,5.62,26,86.93,0.89,1.62,186.81,1012.61,4638.72,1.3,4.32,420.0,0.081,PM2.5-1HR
38,110010055,2025-08-13,4.95,26.02,87,0.86,1.64,186.28,1012.61,1327.41,1.26,4.264,420.0,0.611,PM2.5-1HR
38,240313001,2025-08-13,3.02,25.83,86.61,0.48,1.42,174.49,1012.63,166.09,1,3.9,420.0,0.508,PM2.5-1HR
38,240330030,2025-08-13,3.53,25.83,87.57,0.4,1.51,184.59,1012.6,181.52,0,2.5,420.0,0.38,PM2.5-1HR
38,510590030,2025-08-13,4.15,26.09,86.86,0.4,1.6,185.45,1012.59,1261.9,2.63,6.182,420.0,0.244,PM2.5-1HR
38,510590031,2025-08-13,4.75,26.11,86.87,0.45,1.56,187.66,1012.61,1490.49,3,6.7,420.0,0.017,PM2.5-1HR
38,511071005,2025-08-13,4.17,26.24,83.57,0.36,1.52,188.5,1012.58,2238.14,3.3,7.12,420.0,0.103,PM2.5-1HR
38,110010041,2025-08-14,5.57,25.88,85.08,0.48,1.52,324.2,1013.17,2253.41,1.4,4.46,420.0,0.103,PM2.5-1HR
38,110010043,2025-08-14,6.85,26.2,82.43,0.17,1.09,358.82,1013.17,3927.42,1.68,4.852,420.0,0.356,PM2.5-1HR
38,110010051,2025-08-14,7.43,26.2,83.01,0.19,1.06,349.22,1013.15,3599.37,1.4,4.46,420.0,0.011,PM2.5-1HR
38,110010053,2025-08-14,6.63,25.82,85.17,0.31,1.44,320.91,1013.16,4638.72,1.4,4.46,420.0,0.081,PM2.5-1HR
38,110010055,2025-08-14,5.25,25.82,85.17,0.31,1.44,320.91,1013.16,1327.41,1.54,4.656,420.0,0.611,PM2.5-1HR
38,240313001,2025-08-14,3.48,25.83,82.92,0.24,1.15,358.35,1013.28,166.09,0,2.5,420.0,0.508,PM2.5-1HR
38,240330030,2025-08-14,2.67,25.87,84.33,0.28,1.02,350.15,1013.17,181.52,0,2.5,420.0,0.38,PM2.5-1HR
38,510590030,2025-08-14,4.28,25.52,85.83,0.53,1.56,312.62,1013.21,1261.9,2.07,5.398,420.0,0.244,PM2.5-1HR
38,510590031,2025-08-14,4.08,25.15,87.33,0.5,1.74,307.84,1013.35,1490.49,2.95,6.63,420.0,0.017,PM2.5-1HR
38,511071005,2025-08-14,4.85,25.85,80.25,0.33,2.15,309.4,1013.45,2238.14,3.8,7.82,420.0,0.103,PM2.5-1HR
38,110010041,2025-08-15,9.43,26.31,82.29,0.38,1.44,38.85,1018.37,2253.41,3.3,7.12,420.0,0.103,PM2.5-1HR
38,110010043,2025-08-15,9.74,27.03,79.64,0.21,1.72,45.3,1018.25,3927.42,3.58,7.512,420.0,0.356,PM2.5-1HR
38,110010051,2025-08-15,11.72,27.1,80.41,0.2,1.71,46.63,1018.23,3599.37,3.3,7.12,420.0,0.011,PM2.5-1HR
38,110010053,2025-08-15,10.14,26.58,81.08,0.13,1.48,49.32,1018.31,4638.72,3.3,7.12,420.0,0.081,PM2.5-1HR
38,110010055,2025-08-15,8.56,26.58,81.08,0.13,1.48,49.32,1018.31,1327.41,3.9,7.96,420.0,0.611,PM2.5-1HR
38,240313001,2025-08-15,7,26.67,79.1,0.11,1.71,45.6,1018.44,166.09,2,5.3,420.0,0.508,PM2.5-1HR
38,240330030,2025-08-15,6.05,26.92,80.95,0.15,1.79,46.54,1018.35,181.52,2,5.3,420.0,0.38,PM2.5-1HR
38,510590030,2025-08-15,6.66,26.3,82.33,0.15,1.51,39.23,1018.28,1261.9,3.73,7.722,420.0,0.244,PM2.5-1HR
38,510590031,2025-08-15,6.64,25.86,83.33,0.18,1.6,42.9,1018.4,1490.49,4.5,8.8,420.0,0.017,PM2.5-1HR
38,511071005,2025-08-15,8.07,26.18,78.46,0.13,1.6,36.45,1018.51,2238.14,5.9,10.76,420.0,0.103,PM2.5-1HR
38,110010041,2025-08-16,9.75,26.78,76.67,0,1.54,109.96,1018.98,2253.41,5.26,9.864,420.0,0.103,PM2.5-1HR
38,110010043,2025-08-16,10.17,26.75,76.52,0,1.46,118.2,1019.14,3927.42,5.23,9.822,420.0,0.356,PM2.5-1HR
38,110010051,2025-08-16,9.86,26.74,76.87,0,1.5,117.93,1019.14,3599.37,5.26,9.864,420.0,0.011,PM2.5-1HR
38,110010053,2025-08-16,10.12,27.18,74.13,0,1.53,114.47,1018.93,4638.72,5.26,9.864,420.0,0.081,PM2.5-1HR
38,110010055,2025-08-16,9.02,27.18,74.13,0,1.53,114.47,1018.93,1327.41,5.3,9.92,420.0,0.611,PM2.5-1HR
38,240313001,2025-08-16,8.63,26.51,77.11,0.04,1.4,124.96,1019.24,166.09,6,10.9,420.0,0.508,PM2.5-1HR
38,240330030,2025-08-16,6.42,26.58,77.64,0.01,1.54,122.41,1019.21,181.52,4,8.1,420.0,0.38,PM2.5-1HR
38,510590030,2025-08-16,8.62,27.04,75.21,0.01,1.36,131.24,1018.85,1261.9,6.53,11.642,420.0,0.244,PM2.5-1HR
38,510590031,2025-08-16,8.78,26.45,78.58,0.02,1.51,141.69,1018.99,1490.49,7.1,12.44,420.0,0.017,PM2.5-1HR
38,511071005,2025-08-16,9.06,26.11,78.29,0.25,1.45,134.89,1018.99,2238.14,7.1,12.44,420.0,0.103,PM2.5-1HR
38,110010041,2025-08-17,8.9,28.23,65.05,0.02,2.04,239.1,1013.48,2253.41,4.57,8.898,420.0,0.103,PM2.5-1HR
38,110010043,2025-08-17,9.34,27.17,75.22,0.01,1.92,230.33,1013.66,3927.42,4.78,9.192,420.0,0.356,PM2.5-1HR
38,110010051,2025-08-17,9.18,27.12,76.13,0.02,1.95,228.4,1013.66,3599.37,2.84,6.476,420.0,0.011,PM2.5-1HR
38,110010053,2025-08-17,10.26,28.24,65.01,0.02,2.13,239.99,1013.53,4638.72,4.57,8.898,420.0,0.081,PM2.5-1HR
38,110010055,2025-08-17,8.5,28.24,65.05,0.02,2.11,239.03,1013.52,1327.41,5.22,9.808,420.0,0.611,PM2.5-1HR
38,240313001,2025-08-17,7.77,27.02,74.9,0.04,1.92,237.57,1013.66,166.09,4,8.1,420.0,0.508,PM2.5-1HR
38,240330030,2025-08-17,6.51,26.92,77.44,0.03,1.98,230.18,1013.64,181.52,4,8.1,420.0,0.38,PM2.5-1HR
38,510590030,2025-08-17,8.37,27.68,69.41,0.02,2.05,236.19,1013.58,1261.9,5.53,10.242,420.0,0.244,PM2.5-1HR
38,510590031,2025-08-17,8.11,27.33,70.51,0.03,2.13,234.8,1013.71,1490.49,6.55,11.67,420.0,0.017,PM2.5-1HR
38,511071005,2025-08-17,9.21,27.53,68.44,0.09,2.77,262.11,1013.63,2238.14,5.1,9.64,420.0,0.103,PM2.5-1HR
38,110010041,2025-08-18,6.01,22.41,83.45,0.01,3.6,17.86,1017.51,2253.41,0.46,3.144,420.0,0.103,PM2.5-1HR
38,110010043,2025-08-18,5.79,22.44,82.44,0,3.53,18.53,1017.58,3927.42,0.55,3.27,420.0,0.356,PM2.5-1HR
38,110010051,2025-08-18,6.46,22.41,83.52,0.01,3.6,17.86,1017.5,3599.37,0.46,3.144,420.0,0.011,PM2.5-1HR
38,110010053,2025-08-18,4.66,22.48,82.71,0,3.56,17.38,1017.52,4638.72,0.46,3.144,420.0,0.081,PM2.5-1HR
38,110010055,2025-08-18,5.93,22.54,83.06,0,3.59,15.99,1017.43,1327.41,0.92,3.788,420.0,0.611,PM2.5-1HR
38,240313001,2025-08-18,3.69,22.27,81.28,0,3.35,25.7,1017.89,166.09,0,2.5,420.0,0.508,PM2.5-1HR
38,240330030,2025-08-18,4.78,22.16,84.16,0.02,3.61,22.08,1017.68,181.52,0,2.5,420.0,0.38,PM2.5-1HR
38,510590030,2025-08-18,6.1,22.73,82.09,0,3.59,16.43,1017.43,1261.9,1.73,4.922,420.0,0.244,PM2.5-1HR
38,510590031,2025-08-18,5.89,22.86,81.13,0,3.57,17.56,1017.48,1490.49,2.55,6.07,420.0,0.017,PM2.5-1HR
38,511071005,2025-08-18,5.93,22.95,77.12,0,3.28,29.72,1017.94,2238.14,3.4,7.26,420.0,0.103,PM2.5-1HR
38,110010041,2025-08-19,3.5,20.79,85.81,0.03,2.86,59.48,1020.3,2253.41,0.52,3.228,420.0,0.103,PM2.5-1HR
38,110010043,2025-08-19,3.84,20.72,85.29,0.02,2.77,59.32,1020.35,3927.42,0.38,3.032,420.0,0.356,PM2.5-1HR
38,110010051,2025-08-19,3.97,20.79,85.84,0.04,2.87,59.62,1020.3,3599.37,0.52,3.228,420.0,0.011,PM2.5-1HR
38,110010053,2025-08-19,3.44,20.79,85.68,0.03,2.79,57.32,1020.29,4638.72,0.52,3.228,420.0,0.081,PM2.5-1HR
38,110010055,2025-08-19,3.03,20.87,86.17,0.03,2.82,54.88,1020.22,1327.41,0.56,3.284,420.0,0.611,PM2.5-1HR
38,240313001,2025-08-19,3.42,20.4,83.8,0.01,2.54,71.82,1020.56,166.09,1,3.9,420.0,0.508,PM2.5-1HR
38,240330030,2025-08-19,1.5,20.59,84.96,0.04,2.92,68.24,1020.47,181.52,0,2.5,420.0,0.38,PM2.5-1HR
38,510590030,2025-08-19,2.87,20.95,85.92,0.03,2.77,54.9,1020.19,1261.9,1.53,4.642,420.0,0.244,PM2.5-1HR
38,510590031,2025-08-19,3.46,20.97,85.45,0.03,2.72,56.32,1020.21,1490.49,1.75,4.95,420.0,0.017,PM2.5-1HR
38,511071005,2025-08-19,4.52,20.75,82.21,0.01,2.21,79.59,1020.46,2238.14,2.2,5.58,420.0,0.103,PM2.5-1HR
38,110010041,2025-08-20,5.44,22.78,87.98,0.02,2.17,61.46,1014.82,2253.41,0.5,3.2,420.0,0.103,PM2.5-1HR
38,110010043,2025-08-20,7.25,22.75,87.35,0.02,2.15,63.46,1014.86,3927.42,0.48,3.172,420.0,0.356,PM2.5-1HR
38,110010051,2025-08-20,6.44,22.78,88.02,0.02,2.17,61.39,1014.82,3599.37,0.5,3.2,420.0,0.011,PM2.5-1HR
38,110010053,2025-08-20,5.65,22.82,87.5,0.02,2.12,61.33,1014.82,4638.72,0.5,3.2,420.0,0.081,PM2.5-1HR
38,110010055,2025-08-20,5.66,22.89,87.71,0.02,2.09,58.63,1014.76,1327.41,0.68,3.452,420.0,0.611,PM2.5-1HR
38,240313001,2025-08-20,2.42,22.33,87.13,0.02,2.12,76.24,1015.06,166.09,0,2.5,420.0,0.508,PM2.5-1HR
38,240330030,2025-08-20,3.27,22.44,88.85,0.02,2.29,66.24,1014.98,181.52,0,2.5,420.0,0.38,PM2.5-1HR
38,510590030,2025-08-20,4.56,22.99,86.87,0.02,1.99,59.72,1014.73,1261.9,1.5,4.6,420.0,0.244,PM2.5-1HR
38,510590031,2025-08-20,5.44,23.03,86.1,0.02,1.93,62.37,1014.73,1490.49,1.95,5.23,420.0,0.017,PM2.5-1HR
38,511071005,2025-08-20,3.57,22.94,82.27,0.01,1.87,93.38,1014.93,2238.14,1.3,4.32,420.0,0.103,PM2.5-1HR
38,110010041,2025-08-21,2.82,20.41,85.13,0.02,3.54,16.76,1012.89,2253.41,0.26,2.864,420.0,0.103,PM2.5-1HR
38,110010043,2025-08-21,2.3,20.32,84.95,0.03,3.43,16.94,1012.97,3927.42,0.08,2.612,420.0,0.356,PM2.5-1HR
38,110010051,2025-08-21,3.11,20.41,85.14,0.02,3.55,16.75,1012.89,3599.37,0.26,2.864,420.0,0.011,PM2.5-1HR
38,110010053,2025-08-21,3.32,20.43,85.05,0.03,3.45,16.8,1012.89,4638.72,0.26,2.864,420.0,0.081,PM2.5-1HR
38,110010055,2025-08-21,3.34,20.55,85.18,0.02,3.47,16.61,1012.8,1327.41,0.66,3.424,420.0,0.611,PM2.5-1HR
38,240313001,2025-08-21,1.32,19.85,85.25,0.04,3.24,17.48,1013.31,166.09,0,2.5,420.0,0.508,PM2.5-1HR
38,240330030,2025-08-21,1.34,20.09,85.09,0.03,3.65,16.61,1013.09,181.52,0,2.5,420.0,0.38,PM2.5-1HR
38,510590030,2025-08-21,3.18,20.66,85.29,0.03,3.44,16.8,1012.78,1261.9,1.77,4.978,420.0,0.244,PM2.5-1HR
38,510590031,2025-08-21,3.45,20.69,85.31,0.03,3.41,17.04,1012.83,1490.49,2.15,5.51,420.0,0.017,PM2.5-1HR
38,511071005,2025-08-21,4.2,20.17,85.55,0.07,2.98,20.89,1013.37,2238.14,2.5,6.0,420.0,0.103,PM2.5-1HR
38,110010041,2025-08-22,4.06,22.22,69.57,0,1.72,45.49,1016.82,2253.41,0.66,3.424,420.0,0.103,PM2.5-1HR
38,110010043,2025-08-22,4.21,22.19,69.32,0,1.68,48.23,1016.82,3927.42,0.73,3.522,420.0,0.356,PM2.5-1HR
38,110010051,2025-08-22,4.97,22.23,69.58,0,1.72,45.31,1016.82,3599.37,0.66,3.424,420.0,0.011,PM2.5-1HR
38,110010053,2025-08-22,4.34,22.26,69.3,0,1.68,46.78,1016.82,4638.72,0.66,3.424,420.0,0.081,PM2.5-1HR
38,110010055,2025-08-22,3.88,22.34,69.28,0,1.69,44.94,1016.81,1327.41,1.1,4.04,420.0,0.611,PM2.5-1HR
38,240313001,2025-08-22,3.23,22.01,69.33,0,1.72,57.02,1016.86,166.09,0,2.5,420.0,0.508,PM2.5-1HR
38,240330030,2025-08-22,2.67,21.99,70.17,0,1.79,48.68,1016.84,181.52,0,2.5,420.0,0.38,PM2.5-1HR
38,510590030,2025-08-22,3.85,22.53,68.74,0,1.72,47.26,1016.8,1261.9,2.3,5.72,420.0,0.244,PM2.5-1HR
38,510590031,2025-08-22,4.14,22.63,68.34,0,1.74,50.17,1016.79,1490.49,3.25,7.05,420.0,0.017,PM2.5-1HR
38,511071005,2025-08-22,4.04,22.72,66.73,0,1.69,60.27,1016.77,2238.14,3,6.7,420.0,0.103,PM2.5-1HR
38,110010041,2025-08-23,4.62,22.04,71.2,0,2.72,169.3,1017.38,2253.41,1.38,4.432,420.0,0.103,PM2.5-1HR
38,110010043,2025-08-23,5.48,22.01,70.54,0,2.71,168.21,1017.35,3927.42,1.23,4.222,420.0,0.356,PM2.5-1HR
38,110010051,2025-08-23,5.26,22.04,71.23,0,2.72,169.41,1017.39,3599.37,1.38,4.432,420.0,0.011,PM2.5-1HR
38,110010053,2025-08-23,4.58,22.06,70.81,0,2.7,168.33,1017.36,4638.72,1.38,4.432,420.0,0.081,PM2.5-1HR
38,110010055,2025-08-23,5.17,22.11,71.17,0,2.67,168.49,1017.38,1327.41,1.72,4.908,420.0,0.611,PM2.5-1HR
38,240313001,2025-08-23,4.12,21.95,68.65,0,2.97,166.91,1017.24,166.09,1,3.9,420.0,0.508,PM2.5-1HR
38,240330030,2025-08-23,3.6,21.89,71.2,0,2.87,170.97,1017.39,181.52,1,3.9,420.0,0.38,PM2.5-1HR
38,510590030,2025-08-23,4.46,22.32,70.11,0,2.77,168.37,1017.34,1261.9,3.3,7.12,420.0,0.244,PM2.5-1HR
38,510590031,2025-08-23,4.67,22.45,69.08,0,2.88,168.17,1017.3,1490.49,3.95,8.03,420.0,0.017,PM2.5-1HR
38,511071005,2025-08-23,5.22,22.79,63.65,0,3.31,165.51,1016.9,2238.14,4.3,8.52,420.0,0.103,PM2.5-1HR
38,110010041,2025-08-24,5.75,23.45,76.38,0.02,2.53,169.81,1012.85,2253.41,2.18,5.552,420.0,0.103,PM2.5-1HR
38,110010043,2025-08-24,5.99,23.43,76.28,0.03,2.54,168.7,1012.82,3927.42,2.3,5.72,420.0,0.356,PM2.5-1HR
38,110010051,2025-08-24,5.68,23.45,76.38,0.02,2.54,169.93,1012.85,3599.37,2.18,5.552,420.0,0.011,PM2.5-1HR
38,110010053,2025-08-24,5.01,23.47,76.22,0.02,2.53,168.95,1012.82,4638.72,2.18,5.552,420.0,0.081,PM2.5-1HR
38,110010055,2025-08-24,4.91,23.5,76.16,0.02,2.51,169.28,1012.83,1327.41,2.44,5.916,420.0,0.611,PM2.5-1HR
38,240313001,2025-08-24,4.86,23.19,77.25,0.09,2.67,168.09,1012.77,166.09,1,3.9,420.0,0.508,PM2.5-1HR
38,240330030,2025-08-24,2.71,23.27,77.23,0.03,2.63,171.07,1012.89,181.52,0,2.5,420.0,0.38,PM2.5-1HR
38,510590030,2025-08-24,4.75,23.61,75.69,0.05,2.56,169.87,1012.78,1261.9,3.47,7.358,420.0,0.244,PM2.5-1HR
38,510590031,2025-08-24,4.95,23.67,75.36,0.07,2.61,170.14,1012.74,1490.49,4.35,8.59,420.0,0.017,PM2.5-1HR
38,511071005,2025-08-24,5.86,23.56,75.17,0.22,2.75,169.4,1012.49,2238.14,5.2,9.78,420.0,0.103,PM2.5-1HR
38,110010041,2025-08-25,4.41,24.02,61.99,0,2.64,285.52,1011.6,2253.41,1.12,4.068,420.0,0.103,PM2.5-1HR
38,110010043,2025-08-25,5.21,23.94,61.43,0,2.66,285.89,1011.63,3927.42,0.8,3.62,420.0,0.356,PM2.5-1HR
38,110010051,2025-08-25,5.31,24.02,62.04,0,2.64,285.48,1011.6,3599.37,1.12,4.068,420.0,0.011,PM2.5-1HR
38,110010053,2025-08-25,4.2,24.03,61.41,0,2.64,286.17,1011.63,4638.72,1.12,4.068,420.0,0.081,PM2.5-1HR
38,110010055,2025-08-25,4.57,24.15,61.4,0,2.61,286.54,1011.62,1327.41,1.86,5.104,420.0,0.611,PM2.5-1HR
38,240313001,2025-08-25,4,23.4,62.12,0,2.74,284.88,1011.74,166.09,1,3.9,420.0,0.508,PM2.5-1HR
38,240330030,2025-08-25,2.99,23.69,63.42,0,2.7,283.56,1011.59,181.52,0,2.5,420.0,0.38,PM2.5-1HR
38,510590030,2025-08-25,4.47,24.21,60.86,0,2.63,287.46,1011.66,1261.9,3.27,7.078,420.0,0.244,PM2.5-1HR
38,510590031,2025-08-25,4.27,24.19,60.46,0,2.67,288.07,1011.7,1490.49,3.7,7.68,420.0,0.017,PM2.5-1HR
38,511071005,2025-08-25,4.66,23.51,59.1,0,2.79,288.19,1011.93,2238.14,3.5,7.4,420.0,0.103,PM2.5-1HR
38,110010041,2025-08-26,3.29,20.92,56,0,2,295.86,1017.28,2253.41,0.58,3.312,420.0,0.103,PM2.5-1HR
38,110010043,2025-08-26,3.76,20.82,55.15,0,2.03,296.29,1017.3,3927.42,0.43,3.102,420.0,0.356,PM2.5-1HR
38,110010051,2025-08-26,3.5,20.93,56.07,0,2,295.84,1017.28,3599.37,0.58,3.312,420.0,0.011,PM2.5-1HR
38,110010053,2025-08-26,3.28,20.95,55.32,0,1.99,296.14,1017.3,4638.72,0.58,3.312,420.0,0.081,PM2.5-1HR
38,110010055,2025-08-26,3.23,21.1,55.56,0,1.95,295.81,1017.3,1327.41,0.86,3.704,420.0,0.611,PM2.5-1HR
38,240313001,2025-08-26,3.04,20.32,55.48,0,2.23,297.14,1017.36,166.09,1,3.9,420.0,0.508,PM2.5-1HR
38,240330030,2025-08-26,2.32,20.56,57.44,0,2.09,296.24,1017.25,181.52,0,2.5,420.0,0.38,PM2.5-1HR
38,510590030,2025-08-26,3.28,21.3,54.65,0,1.98,297.82,1017.34,1261.9,2,5.3,420.0,0.244,PM2.5-1HR
38,510590031,2025-08-26,3.07,21.38,53.82,0,2.03,299.53,1017.37,1490.49,2.4,5.86,420.0,0.017,PM2.5-1HR
38,511071005,2025-08-26,3.31,20.61,52.11,0,2.35,298.62,1017.52,2238.14,2.5,6.0,420.0,0.103,PM2.5-1HR
38,110010041,2025-08-27,3.61,20,52.3,0,2.48,305.25,1020.31,2253.41,0.26,2.864,420.0,0.103,PM2.5-1HR
38,110010043,2025-08-27,4.12,19.64,53.46,0,2.52,303.98,1020.32,3927.42,0.08,2.612,420.0,0.356,PM2.5-1HR
38,110010051,2025-08-27,4.5,19.68,54.68,0,2.54,304.46,1020.29,3599.37,0.26,2.864,420.0,0.011,PM2.5-1HR
38,110010053,2025-08-27,4.45,20,51.81,0,2.49,304.94,1020.35,4638.72,0.26,2.864,420.0,0.081,PM2.5-1HR
38,110010055,2025-08-27,3.88,20.09,51.76,0,2.49,305.04,1020.36,1327.41,0.92,3.788,420.0,0.611,PM2.5-1HR
38,240313001,2025-08-27,3.32,19.24,53.79,0,2.46,307.6,1020.35,166.09,1,3.9,420.0,0.508,PM2.5-1HR
38,240330030,2025-08-27,3.11,19.35,56.52,0,2.53,308.33,1020.23,181.52,0,2.5,420.0,0.38,PM2.5-1HR
38,510590030,2025-08-27,3.72,20.11,51.83,0,2.47,306.55,1020.41,1261.9,2.53,6.042,420.0,0.244,PM2.5-1HR
38,510590031,2025-08-27,3.74,20.06,51.98,0,2.52,308.43,1020.46,1490.49,3.3,7.12,420.0,0.017,PM2.5-1HR
38,511071005,2025-08-27,4.06,19.35,52.62,0,2.37,310.97,1020.57,2238.14,3.3,7.12,420.0,0.103,PM2.5-1HR
38,110010041,2025-08-28,7.09,20.77,53.33,0,1.63,238.72,1019.9,2253.41,0.74,3.536,420.0,0.103,PM2.5-1HR
38,110010043,2025-08-28,5.49,19.95,61.37,0,1.46,236.39,1019.71,3927.42,0.9,3.76,420.0,0.356,PM2.5-1HR
38,110010051,2025-08-28,7.86,20.09,61.82,0,1.52,231.82,1019.72,3599.37,0.74,3.536,420.0,0.011,PM2.5-1HR
38,110010053,2025-08-28,5.85,20.61,53.29,0,1.63,232.96,1019.94,4638.72,0.74,3.536,420.0,0.081,PM2.5-1HR
38,110010055,2025-08-28,4.99,20.61,53.29,0,1.63,232.96,1019.94,1327.41,1.2,4.18,420.0,0.611,PM2.5-1HR
38,240313001,2025-08-28,3.4,19.47,60.63,0,1.42,250.85,1019.69,166.09,0,2.5,420.0,0.508,PM2.5-1HR
38,240330030,2025-08-28,3.48,19.8,62.44,0,1.5,240.86,1019.71,181.52,0,2.5,420.0,0.38,PM2.5-1HR
38,510590030,2025-08-28,4.29,20.39,55,0,1.57,229.36,1019.98,1261.9,2.23,5.622,420.0,0.244,PM2.5-1HR
38,510590031,2025-08-28,4.11,20.2,55.29,0,1.76,248.47,1020.01,1490.49,3.3,7.12,420.0,0.017,PM2.5-1HR
38,511071005,2025-08-28,3.93,18.72,62.29,0,1.52,260.33,1020.02,2238.14,3.3,7.12,420.0,0.103,PM2.5-1HR
38,110010041,2025-08-29,4.07,21.98,48.38,0.01,3.07,296.07,1016.09,2253.41,1.38,4.432,420.0,0.103,PM2.5-1HR
38,110010043,2025-08-29,4.29,21.12,54.62,0,2.65,291.26,1015.94,3927.42,1.34,4.376,420.0,0.356,PM2.5-1HR
38,110010051,2025-08-29,5.22,21.18,55.51,0,2.61,288.69,1015.91,3599.37,0.66,3.424,420.0,0.011,PM2.5-1HR
38,110010053,2025-08-29,4.48,21.81,51.25,0,2.9,297.07,1016.1,4638.72,1.38,4.432,420.0,0.081,PM2.5-1HR
38,110010055,2025-08-29,5.45,21.81,51.25,0,2.9,297.07,1016.1,1327.41,1.72,4.908,420.0,0.611,PM2.5-1HR
38,240313001,2025-08-29,3.49,20.74,53.61,0,2.84,296.58,1016.03,166.09,1,3.9,420.0,0.508,PM2.5-1HR
38,240330030,2025-08-29,4.45,20.89,55.87,0,2.75,291.34,1015.91,181.52,1,3.9,420.0,0.38,PM2.5-1HR
38,510590030,2025-08-29,4.73,21.61,52.33,0,2.89,303.8,1016.17,1261.9,2.57,6.098,420.0,0.244,PM2.5-1HR
38,510590031,2025-08-29,4.63,21.11,53.75,0.01,3.11,307.01,1016.28,1490.49,3.05,6.77,420.0,0.017,PM2.5-1HR
38,511071005,2025-08-29,4.32,20.29,55.83,0,3.58,312.67,1016.49,2238.14,3,6.7,420.0,0.103,PM2.5-1HR
38,110010041,2025-08-30,4.31,19.62,41.08,0,1.98,358.99,1019.09,2253.41,0.26,2.864,420.0,0.103,PM2.5-1HR
38,110010043,2025-08-30,3.99,17.83,54.08,0,2.04,10.03,1019.08,3927.42,0.3,2.92,420.0,0.356,PM2.5-1HR
38,110010051,2025-08-30,4.32,17.92,54.62,0,2.09,11.38,1019.06,3599.37,0.26,2.864,420.0,0.011,PM2.5-1HR
38,110010053,2025-08-30,2.93,19.56,42.13,0,1.96,359.74,1019.1,4638.72,0.26,2.864,420.0,0.081,PM2.5-1HR
38,110010055,2025-08-30,3.83,19.56,42.13,0,1.96,359.74,1019.1,1327.41,0.84,3.676,420.0,0.611,PM2.5-1HR
38,240313001,2025-08-30,2.94,17.5,53.69,0,2.13,0.83,1019.18,166.09,0,2.5,420.0,0.508,PM2.5-1HR
38,240330030,2025-08-30,3.66,17.65,55.4,0,2.15,4.9,1019.11,181.52,0,2.5,420.0,0.38,PM2.5-1HR
38,510590030,2025-08-30,3.56,19.48,43,0,2.22,1.66,1019.11,1261.9,2,5.3,420.0,0.244,PM2.5-1HR
38,510590031,2025-08-30,3.73,18.86,46,0,2.37,356.28,1019.18,1490.49,2.95,6.63,420.0,0.017,PM2.5-1HR
38,511071005,2025-08-30,3.73,17.8,52.88,0,2.42,339.03,1019.45,2238.14,3,6.7,420.0,0.103,PM2.5-1HR
38,110010041,2025-08-31,6.75,20.42,47.42,0,1.85,32.27,1022.13,2253.41,1.14,4.096,420.0,0.103,PM2.5-1HR
38,110010043,2025-08-31,5.22,18.29,62.05,0,1.93,43.66,1022.23,3927.42,1.1,4.04,420.0,0.356,PM2.5-1HR
38,110010051,2025-08-31,8.18,18.39,63.01,0,1.93,42.31,1022.21,3599.37,1.14,4.096,420.0,0.011,PM2.5-1HR
38,110010053,2025-08-31,6.38,20.23,49.29,0,1.84,36.65,1022.11,4638.72,1.14,4.096,420.0,0.081,PM2.5-1HR
38,110010055,2025-08-31,5.87,20.23,49.29,0,1.84,36.65,1022.11,1327.41,1.78,4.992,420.0,0.611,PM2.5-1HR
38,240313001,2025-08-31,3,17.94,60.55,0,1.91,37.8,1022.36,166.09,0,2.5,420.0,0.508,PM2.5-1HR
38,240330030,2025-08-31,4.08,18.1,63.55,0,1.93,40.7,1022.29,181.52,0,2.5,420.0,0.38,PM2.5-1HR
38,510590030,2025-08-31,4.59,20.02,50.13,0,1.85,35.51,1022.1,1261.9,2.57,6.098,420.0,0.244,PM2.5-1HR
38,510590031,2025-08-31,4.85,19.63,51.63,0,1.93,35.51,1022.14,1490.49,3.2,6.98,420.0,0.017,PM2.5-1HR
38,511071005,2025-08-31,4.87,18.55,56.17,0,1.88,6.22,1022.44,2238.14,3.2,6.98,420.0,0.103,PM2.5-1HR
38,110010041,2025-09-01,6.78,20.79,54.65,0,2.66,42.51,1022.44,2253.41,1.33,4.362,420.0,0.103,PM2.5-1HR
38,110010043,2025-09-01,6.2,19.47,64.95,0,2.43,42.78,1022.58,3927.42,1.58,4.712,420.0,0.356,PM2.5-1HR
38,110010051,2025-09-01,7.24,19.6,65.63,0,2.43,42.6,1022.57,3599.37,0.58,3.312,420.0,0.011,PM2.5-1HR
38,110010053,2025-09-01,5.13,20.68,55.11,0,2.53,38.72,1022.4,4638.72,1.33,4.362,420.0,0.081,PM2.5-1HR
38,110010055,2025-09-01,5.06,20.69,55.21,0,2.53,38.72,1022.4,1327.41,1.65,4.81,420.0,0.611,PM2.5-1HR
38,240313001,2025-09-01,4.11,19.37,63.02,0,2.46,46.67,1022.71,166.09,2,5.3,420.0,0.508,PM2.5-1HR
38,240330030,2025-09-01,4.1,19.61,65.6,0,2.47,45.39,1022.66,181.52,0,2.5,420.0,0.38,PM2.5-1HR
38,510590030,2025-09-01,4.26,20.54,54.61,0,2.6,37.1,1022.34,1261.9,2.03,5.342,420.0,0.244,PM2.5-1HR
38,510590031,2025-09-01,4.21,20.25,54.77,0,2.85,38.01,1022.38,1490.49,3,6.7,420.0,0.017,PM2.5-1HR
38,511071005,2025-09-01,4.33,19.26,60.13,0,2.5,28.63,1022.59,2238.14,3.3,7.12,420.0,0.103,PM2.5-1HR
38,110010041,2025-09-02,4.62,19.01,71.67,0,1.9,70.57,1019.74,2253.41,0.24,2.836,420.0,0.103,PM2.5-1HR
38,110010043,2025-09-02,3.9,18.91,71.46,0,1.9,71.45,1019.75,3927.42,0.3,2.92,420.0,0.356,PM2.5-1HR
38,110010051,2025-09-02,4.75,19.02,71.68,0,1.9,70.49,1019.75,3599.37,0.24,2.836,420.0,0.011,PM2.5-1HR
38,110010053,2025-09-02,3.66,19,71.39,0,1.9,71.29,1019.73,4638.72,0.24,2.836,420.0,0.081,PM2.5-1HR
38,110010055,2025-09-02,4.08,19.11,71.33,0,1.9,71.09,1019.71,1327.41,0.86,3.704,420.0,0.611,PM2.5-1HR
38,240313001,2025-09-02,2.33,18.67,70.54,0,1.88,74.78,1019.84,166.09,1,3.9,420.0,0.508,PM2.5-1HR
38,240330030,2025-09-02,2.25,18.84,72.11,0,1.91,71.85,1019.82,181.52,0,2.5,420.0,0.38,PM2.5-1HR
38,510590030,2025-09-02,3.53,19.21,70.43,0,1.94,71.52,1019.68,1261.9,2.13,5.482,420.0,0.244,PM2.5-1HR
38,510590031,2025-09-02,3.86,19.23,69.79,0,1.98,71.99,1019.68,1490.49,3.2,6.98,420.0,0.017,PM2.5-1HR
38,511071005,2025-09-02,4.08,18.94,67.11,0,1.81,72.57,1019.77,2238.14,3.2,6.98,420.0,0.103,PM2.5-1HR
38,110010041,2025-09-03,4.98,20.36,68.44,0,1.66,155.17,1013.91,2253.41,1.6,4.74,420.0,0.103,PM2.5-1HR
38,110010043,2025-09-03,6.21,20.35,67.76,0,1.66,155.21,1013.88,3927.42,1.45,4.53,420.0,0.356,PM2.5-1HR
38,110010051,2025-09-03,6.62,20.36,68.5,0,1.66,155.15,1013.91,3599.37,1.6,4.74,420.0,0.011,PM2.5-1HR
38,110010053,2025-09-03,5.19,20.43,67.88,0,1.65,155.74,1013.89,4638.72,1.6,4.74,420.0,0.081,PM2.5-1HR
38,110010055,2025-09-03,5.23,20.53,68.05,0,1.64,156.26,1013.9,1327.41,2.3,5.72,420.0,0.611,PM2.5-1HR
38,240313001,2025-09-03,2.96,19.95,67.03,0,1.72,160.2,1013.83,166.09,0,2.5,420.0,0.508,PM2.5-1HR
38,240330030,2025-09-03,3.33,19.98,69.37,0,1.75,154.63,1013.94,181.52,0,2.5,420.0,0.38,PM2.5-1HR
38,510590030,2025-09-03,3.98,20.58,67.71,0,1.69,161.59,1013.87,1261.9,3.23,7.022,420.0,0.244,PM2.5-1HR
38,510590031,2025-09-03,4.5,20.57,67.38,0,1.74,164.61,1013.83,1490.49,3.75,7.75,420.0,0.017,PM2.5-1HR
38,511071005,2025-09-03,6.57,20.13,64.77,0,1.9,164.81,1013.63,2238.14,4.3,8.52,420.0,0.103,PM2.5-1HR
38,110010041,2025-09-04,6.8,22.24,72.01,0.39,3.64,189.92,1009.98,2253.41,3.08,6.812,420.0,0.103,PM2.5-1HR
38,110010043,2025-09-04,7.69,22.19,71.71,0.36,3.58,189.68,1009.92,3927.42,3.12,6.868,420.0,0.356,PM2.5-1HR
38,110010051,2025-09-04,8.11,22.24,72.02,0.4,3.64,189.94,1009.98,3599.37,2.4,5.86,420.0,0.011,PM2.5-1HR
38,110010053,2025-09-04,7.05,22.23,71.84,0.36,3.62,190.09,1009.96,4638.72,3.08,6.812,420.0,0.081,PM2.5-1HR
38,110010055,2025-09-04,6.44,22.29,72,0.35,3.67,190.52,1010,1327.41,3.37,7.218,420.0,0.611,PM2.5-1HR
38,240313001,2025-09-04,4.75,21.93,71.44,0.33,3.38,188.09,1009.8,166.09,2,5.3,420.0,0.508,PM2.5-1HR
38,240330030,2025-09-04,3.42,22.1,72.32,0.5,3.59,188.31,1009.94,181.52,1,3.9,420.0,0.38,PM2.5-1HR
38,510590030,2025-09-04,6.28,22.35,71.39,0.3,3.74,191.69,1009.97,1261.9,3.53,7.442,420.0,0.244,PM2.5-1HR
38,510590031,2025-09-04,6.57,22.37,70.83,0.26,3.76,192.36,1009.93,1490.49,3.85,7.89,420.0,0.017,PM2.5-1HR
38,511071005,2025-09-04,6.71,22.01,69.2,0.17,3.29,192.55,1009.62,2238.14,4.8,9.22,420.0,0.103,PM2.5-1HR
38,110010041,2025-09-05,6.22,23.98,74.03,0.01,2.71,202.41,1012.66,2253.41,0.94,3.816,420.0,0.103,PM2.5-1HR
38,110010043,2025-09-05,7.52,23.96,73.56,0.01,2.7,202.41,1012.62,3927.42,1,3.9,420.0,0.356,PM2.5-1HR
38,110010051,2025-09-05,7.68,23.98,74.08,0.01,2.71,202.38,1012.66,3599.37,0.94,3.816,420.0,0.011,PM2.5-1HR
38,110010053,2025-09-05,6.1,24.02,73.53,0.01,2.7,203.05,1012.64,4638.72,0.94,3.816,420.0,0.081,PM2.5-1HR
38,110010055,2025-09-05,7.2,24.09,73.51,0.01,2.71,203.93,1012.68,1327.41,1.36,4.404,420.0,0.611,PM2.5-1HR
38,240313001,2025-09-05,4.32,23.61,73.52,0.01,2.72,201.9,1012.48,166.09,1,3.9,420.0,0.508,PM2.5-1HR
38,240330030,2025-09-05,3.87,23.68,75.57,0.01,2.75,200.55,1012.61,181.52,0,2.5,420.0,0.38,PM2.5-1HR
38,510590030,2025-09-05,6.72,24.19,72.83,0.01,2.8,204.34,1012.66,1261.9,2.93,6.602,420.0,0.244,PM2.5-1HR
38,510590031,2025-09-05,6.75,24.22,72.3,0.01,2.88,204.18,1012.63,1490.49,4.05,8.17,420.0,0.017,PM2.5-1HR
38,511071005,2025-09-05,7.51,23.96,69.69,0,2.84,204.38,1012.33,2238.14,5.3,9.92,420.0,0.103,PM2.5-1HR
38,110010041,2025-09-06,13.42,25.03,77.64,0.19,2.63,221.97,1013.75,2253.41,3.84,7.876,420.0,0.103,PM2.5-1HR
38,110010043,2025-09-06,12.31,25.03,76.88,0.15,2.59,226.12,1013.75,3927.42,4.5,8.8,420.0,0.356,PM2.5-1HR
38,110010051,2025-09-06,13.72,25.03,77.69,0.19,2.63,221.67,1013.75,3599.37,3.84,7.876,420.0,0.011,PM2.5-1HR
38,110010053,2025-09-06,13,25.08,77.09,0.16,2.63,222.9,1013.75,4638.72,3.84,7.876,420.0,0.081,PM2.5-1HR
38,110010055,2025-09-06,11.43,25.15,77.39,0.17,2.69,219.1,1013.75,1327.41,4.42,8.688,420.0,0.611,PM2.5-1HR
38,240313001,2025-09-06,7.84,24.71,73.68,0.15,2.55,250.77,1013.8,166.09,3,6.7,420.0,0.508,PM2.5-1HR
38,240330030,2025-09-06,9.04,24.72,78.16,0.25,2.53,230.92,1013.75,181.52,3,6.7,420.0,0.38,PM2.5-1HR
38,510590030,2025-09-06,11.47,25.22,76.54,0.18,2.72,216.82,1013.75,1261.9,4.4,8.66,420.0,0.244,PM2.5-1HR
38,510590031,2025-09-06,11.29,25.23,75.76,0.18,2.73,217.44,1013.75,1490.49,6,10.9,420.0,0.017,PM2.5-1HR
38,511071005,2025-09-06,10.44,24.91,67.55,0.07,2.56,259.19,1013.84,2238.14,5.4,10.06,420.0,0.103,PM2.5-1HR
38,110010041,2025-09-07,5.99,18.75,72.46,0.13,2.15,332.47,1018.3,2253.41,1.75,4.95,420.0,0.103,PM2.5-1HR
38,110010043,2025-09-07,4.86,18.87,69.47,0.11,2.18,330.52,1018.32,3927.42,2.08,5.412,420.0,0.356,PM2.5-1HR
38,110010051,2025-09-07,5.09,18.75,72.66,0.13,2.15,332.68,1018.3,3599.37,0.92,3.788,420.0,0.011,PM2.5-1HR
38,110010053,2025-09-07,5.04,18.76,71.54,0.13,2.13,330.76,1018.32,4638.72,1.75,4.95,420.0,0.081,PM2.5-1HR
38,110010055,2025-09-07,4.19,18.63,74.24,0.14,2.09,330.18,1018.32,1327.41,2.3,5.72,420.0,0.611,PM2.5-1HR
38,240313001,2025-09-07,5.02,19.29,61.59,0.08,2.44,327.31,1018.36,166.09,3,6.7,420.0,0.508,PM2.5-1HR
38,240330030,2025-09-07,4.49,18.93,69.95,0.11,2.26,332.63,1018.27,181.52,0,2.5,420.0,0.38,PM2.5-1HR
38,510590030,2025-09-07,5.7,18.69,73.65,0.14,2.16,331.59,1018.35,1261.9,2.83,6.462,420.0,0.244,PM2.5-1HR
38,510590031,2025-09-07,5.69,18.81,71.7,0.13,2.24,333.09,1018.38,1490.49,4.2,8.38,420.0,0.017,PM2.5-1HR
38,511071005,2025-09-07,5.4,19.75,54.86,0.06,2.65,327.92,1018.51,2238.14,4,8.1,420.0,0.103,PM2.5-1HR
38,110010043,2025-09-08,3.99,17.3,55.81,0,2.66,34.02,1024.45,3927.42,0.45,3.13,420.0,0.356,PM2.5-1HR
38,110010041,2025-09-08,4.77,17.4,56.96,0,2.69,33.18,1024.42,2253.41,0.4,3.06,420.0,0.103,PM2.5-1HR
38,110010051,2025-09-08,4.98,17.41,57.04,0,2.7,33.09,1024.42,3599.37,0.4,3.06,420.0,0.011,PM2.5-1HR
38,110010053,2025-09-08,4.36,17.37,56.27,0,2.66,34.01,1024.42,4638.72,0.4,3.06,420.0,0.081,PM2.5-1HR
38,110010055,2025-09-08,4.02,17.47,56.87,0,2.66,33.97,1024.37,1327.41,0.74,3.536,420.0,0.611,PM2.5-1HR
38,240313001,2025-09-08,1.91,17.05,54.5,0,2.63,31.7,1024.62,166.09,0,2.5,420.0,0.508,PM2.5-1HR
38,240330030,2025-09-08,2.52,17.27,57.42,0,2.73,31.14,1024.51,181.52,0,2.5,420.0,0.38,PM2.5-1HR
38,510590030,2025-09-08,3.31,17.61,55.71,0,2.7,34.57,1024.38,1261.9,1.97,5.258,420.0,0.244,PM2.5-1HR
38,510590031,2025-09-08,3.58,17.67,54.51,0,2.74,35.06,1024.4,1490.49,2.85,6.49,420.0,0.017,PM2.5-1HR
38,511071005,2025-09-08,3.4,17.3,49.4,0,2.61,31.37,1024.66,2238.14,2.2,5.58,420.0,0.103,PM2.5-1HR
38,110010041,2025-09-09,5.47,17.81,69.47,0,2.88,50.8,1023.95,2253.41,0.9,3.76,420.0,0.103,PM2.5-1HR
38,110010043,2025-09-09,4.83,17.64,69.04,0,2.84,49.93,1023.99,3927.42,0.73,3.522,420.0,0.356,PM2.5-1HR
38,110010051,2025-09-09,5.02,17.82,69.49,0,2.89,50.9,1023.95,3599.37,0.9,3.76,420.0,0.011,PM2.5-1HR
38,110010053,2025-09-09,5.43,17.75,69.14,0,2.83,49.97,1023.94,4638.72,0.9,3.76,420.0,0.081,PM2.5-1HR
38,110010055,2025-09-09,5.04,17.88,69.32,0,2.84,50.02,1023.88,1327.41,1.26,4.264,420.0,0.611,PM2.5-1HR
38,240313001,2025-09-09,3,17.3,67.15,0,2.77,52.54,1024.2,166.09,0,2.5,420.0,0.508,PM2.5-1HR
38,240330030,2025-09-09,2.5,17.69,69.5,0,2.94,52.55,1024.11,181.52,0,2.5,420.0,0.38,PM2.5-1HR
38,510590030,2025-09-09,4.44,17.99,68.01,0,2.8,49.69,1023.85,1261.9,2.57,6.098,420.0,0.244,PM2.5-1HR
38,510590031,2025-09-09,4.53,18,66.9,0,2.77,49.3,1023.87,1490.49,3.05,6.77,420.0,0.017,PM2.5-1HR
38,511071005,2025-09-09,4.1,17.45,62.28,0,2.51,51.93,1024.14,2238.14,2.8,6.42,420.0,0.103,PM2.5-1HR
38,110010041,2025-09-10,4.57,18.7,81.07,0.07,2.62,25.83,1021.03,2253.41,1.22,4.208,420.0,0.103,PM2.5-1HR
38,110010043,2025-09-10,3.83,18.59,80.84,0.08,2.53,26.81,1021.09,3927.42,1.32,4.348,420.0,0.356,PM2.5-1HR
38,110010051,2025-09-10,3.98,18.71,81.1,0.07,2.63,25.78,1021.03,3599.37,0.68,3.452,420.0,0.011,PM2.5-1HR
38,110010053,2025-09-10,3.51,18.62,81.13,0.08,2.56,25.81,1021.05,4638.72,1.22,4.208,420.0,0.081,PM2.5-1HR
38,110010055,2025-09-10,3.96,18.66,81.46,0.08,2.61,24.63,1020.99,1327.41,1.63,4.782,420.0,0.611,PM2.5-1HR
38,240313001,2025-09-10,1.67,18.23,80.87,0.1,2.35,30.56,1021.31,166.09,0,2.5,420.0,0.508,PM2.5-1HR
38,240330030,2025-09-10,2.29,18.68,80.74,0.04,2.63,28.83,1021.13,181.52,0,2.5,420.0,0.38,PM2.5-1HR
38,510590030,2025-09-10,4.22,18.5,82.53,0.12,2.63,24.38,1021,1261.9,2.37,5.818,420.0,0.244,PM2.5-1HR
38,510590031,2025-09-10,4.93,18.35,83.22,0.14,2.62,24.79,1021.04,1490.49,3.2,6.98,420.0,0.017,PM2.5-1HR
38,511071005,2025-09-10,4.34,17.92,79.92,0.15,2.19,29.77,1021.39,2238.14,3,6.7,420.0,0.103,PM2.5-1HR
38,110010041,2025-09-11,4.33,20.74,82.04,0.21,1.21,17.06,1020.13,2253.41,0.26,2.864,420.0,0.103,PM2.5-1HR
38,110010043,2025-09-11,4.03,20.47,82.53,0.19,1.34,19.79,1020.11,3927.42,0.33,2.962,420.0,0.356,PM2.5-1HR
38,110010051,2025-09-11,6.67,20.44,83.56,0.21,1.34,18.64,1020.1,3599.37,0.26,2.864,420.0,0.011,PM2.5-1HR
38,110010053,2025-09-11,4.34,20.76,81.68,0.19,1.22,21.94,1020.14,4638.72,0.26,2.864,420.0,0.081,PM2.5-1HR
38,110010055,2025-09-11,3.55,20.71,82.54,0.19,1.23,25.24,1020.14,1327.41,0.82,3.648,420.0,0.611,PM2.5-1HR
38,240313001,2025-09-11,3.23,20.66,79.26,0.13,1.22,13.28,1020.15,166.09,0,2.5,420.0,0.508,PM2.5-1HR
38,240330030,2025-09-11,2.53,20.53,82.13,0.23,1.32,5.18,1020.09,181.52,0,2.5,420.0,0.38,PM2.5-1HR
38,510590030,2025-09-11,3.58,20.75,82.6,0.16,1.28,26.83,1020.15,1261.9,1.83,5.062,420.0,0.244,PM2.5-1HR
38,510590031,2025-09-11,4.07,20.77,82.07,0.14,1.36,29,1020.17,1490.49,2.75,6.35,420.0,0.017,PM2.5-1HR
38,511071005,2025-09-11,4.08,20.96,75.66,0.07,1.3,13.8,1020.25,2238.14,3.1,6.84,420.0,0.103,PM2.5-1HR
38,110010041,2025-09-12,7.11,21.24,67.29,0,2.02,40.78,1021.46,2253.41,2.12,5.468,420.0,0.103,PM2.5-1HR
38,110010043,2025-09-12,5.99,20.2,70.58,0,2.08,46.62,1021.43,3927.42,2.05,5.37,420.0,0.356,PM2.5-1HR
38,110010051,2025-09-12,8.28,20.29,71.24,0,2.05,45.94,1021.42,3599.37,2.12,5.468,420.0,0.011,PM2.5-1HR
38,110010053,2025-09-12,6.66,21.38,66.21,0,1.99,33.95,1021.43,4638.72,2.12,5.468,420.0,0.081,PM2.5-1HR
38,110010055,2025-09-12,6.02,21.38,66.21,0,1.99,33.95,1021.43,1327.41,2.66,6.224,420.0,0.611,PM2.5-1HR
38,240313001,2025-09-12,5.74,20.05,68.55,0,2.11,50.22,1021.52,166.09,3,6.7,420.0,0.508,PM2.5-1HR
38,240330030,2025-09-12,5.03,20.13,70.84,0,2.03,49.45,1021.47,181.52,0,2.5,420.0,0.38,PM2.5-1HR
38,510590030,2025-09-12,5.23,21.49,65.46,0,2.15,28.39,1021.4,1261.9,3.43,7.302,420.0,0.244,PM2.5-1HR
38,510590031,2025-09-12,5.63,21.19,66.13,0,2.34,25.2,1021.45,1490.49,3.95,8.03,420.0,0.017,PM2.5-1HR
38,511071005,2025-09-12,5.63,21,63.63,0,2.12,19.26,1021.5,2238.14,3.8,7.82,420.0,0.103,PM2.5-1HR
38,110010041,2025-09-13,8.19,21.63,61.83,0,1.39,209.84,1019.59,2253.41,3.12,6.868,420.0,0.103,PM2.5-1HR
38,110010043,2025-09-13,7.98,20.86,66.81,0,1.82,207.33,1019.48,3927.42,3.28,7.092,420.0,0.356,PM2.5-1HR
38,110010051,2025-09-13,8.89,20.88,67.8,0,1.81,207.92,1019.5,3599.37,2.26,5.664,420.0,0.011,PM2.5-1HR
38,110010053,2025-09-13,6.48,21.79,60,0,1.41,216.4,1019.6,4638.72,3.12,6.868,420.0,0.081,PM2.5-1HR
38,110010055,2025-09-13,6.26,21.79,60,0,1.41,216.4,1019.6,1327.41,3.45,7.33,420.0,0.611,PM2.5-1HR
38,240313001,2025-09-13,5.27,20.86,64.49,0,1.88,204.37,1019.41,166.09,3,6.7,420.0,0.508,PM2.5-1HR
38,240330030,2025-09-13,6.07,20.78,68.24,0,1.86,206.7,1019.48,181.52,2,5.3,420.0,0.38,PM2.5-1HR
38,510590030,2025-09-13,6.28,21.8,59.67,0,1.53,215.64,1019.6,1261.9,4.27,8.478,420.0,0.244,PM2.5-1HR
38,510590031,2025-09-13,6.46,21.36,61.25,0,1.79,226.23,1019.67,1490.49,5.25,9.85,420.0,0.017,PM2.5-1HR
38,511071005,2025-09-13,6.4,21.47,57.04,0,2,208.22,1019.43,2238.14,4.9,9.36,420.0,0.103,PM2.5-1HR
38,110010041,2025-09-14,8.25,22.77,64.46,0,1.48,120.71,1016.76,2253.41,3.22,7.008,420.0,0.103,PM2.5-1HR
38,110010043,2025-09-14,9.16,22.14,70.81,0,1.75,89.45,1016.66,3927.42,3.2,6.98,420.0,0.356,PM2.5-1HR
38,110010051,2025-09-14,9.84,22.09,71.91,0,1.72,88.02,1016.68,3599.37,3.22,7.008,420.0,0.011,PM2.5-1HR
38,110010053,2025-09-14,9.12,22.79,63.5,0,1.57,117.51,1016.75,4638.72,3.22,7.008,420.0,0.081,PM2.5-1HR
38,110010055,2025-09-14,8.65,22.79,63.5,0,1.57,117.51,1016.75,1327.41,4.08,8.212,420.0,0.611,PM2.5-1HR
38,240313001,2025-09-14,7.18,22.31,67.94,0,1.87,83.36,1016.69,166.09,3,6.7,420.0,0.508,PM2.5-1HR
38,240330030,2025-09-14,6.62,22.04,72.22,0,1.78,84.22,1016.73,181.52,2,5.3,420.0,0.38,PM2.5-1HR
38,510590030,2025-09-14,8.83,23.08,60.63,0,1.65,111.67,1016.7,1261.9,5.9,10.76,420.0,0.244,PM2.5-1HR
38,510590031,2025-09-14,8.82,22.9,60.79,0,1.6,110.48,1016.75,1490.49,7.2,12.58,420.0,0.017,PM2.5-1HR
38,511071005,2025-09-14,8.95,23.4,57.29,0,1.95,357.68,1016.6,2238.14,7.2,12.58,420.0,0.103,PM2.5-1HR
38,110010041,2025-09-15,9.24,22.05,70.42,0,2.33,59.8,1021.15,2253.41,4.38,8.632,420.0,0.103,PM2.5-1HR
38,110010043,2025-09-15,8.96,21.51,74.98,0,2.45,57.71,1021.03,3927.42,4.1,8.24,420.0,0.356,PM2.5-1HR
38,110010051,2025-09-15,9.86,21.55,75.12,0,2.5,57.7,1021,3599.37,4.38,8.632,420.0,0.011,PM2.5-1HR
38,110010053,2025-09-15,8.03,22.11,69.83,0,2.33,60.2,1021.09,4638.72,4.38,8.632,420.0,0.081,PM2.5-1HR
38,110010055,2025-09-15,8.16,22.11,69.83,0,2.33,60.2,1021.09,1327.41,4.9,9.36,420.0,0.611,PM2.5-1HR
38,240313001,2025-09-15,7.75,21.45,74.83,0,2.35,59.39,1021.2,166.09,5,9.5,420.0,0.508,PM2.5-1HR
38,240330030,2025-09-15,6.91,21.53,75.52,0,2.48,58.55,1021.15,181.52,4,8.1,420.0,0.38,PM2.5-1HR
38,510590030,2025-09-15,8.17,22.39,67.42,0,2.39,57.45,1021.01,1261.9,6.23,11.222,420.0,0.244,PM2.5-1HR
38,510590031,2025-09-15,8.61,22.24,66.67,0,2.59,58.45,1021.05,1490.49,6.6,11.74,420.0,0.017,PM2.5-1HR
38,511071005,2025-09-15,10.22,22.52,65.79,0,2.28,62.44,1021.16,2238.14,8.7,14.68,420.0,0.103,PM2.5-1HR
38,110010041,2025-09-16,6.43,19.64,68.17,0.24,4.29,31.04,1020.7,2253.41,1.7,4.88,420.0,0.103,PM2.5-1HR
38,110010043,2025-09-16,6.45,18.49,79.72,0.64,3.64,21.19,1021,3927.42,1.64,4.796,420.0,0.356,PM2.5-1HR
38,110010051,2025-09-16,6.13,18.53,80.29,0.68,3.8,21.64,1020.9,3599.37,0.86,3.704,420.0,0.011,PM2.5-1HR
38,110010053,2025-09-16,5.93,19.67,68.39,0.24,4.31,30.14,1020.61,4638.72,1.7,4.88,420.0,0.081,PM2.5-1HR
38,110010055,2025-09-16,5.52,19.67,68.47,0.26,4.33,30.03,1020.59,1327.41,2.27,5.678,420.0,0.611,PM2.5-1HR
38,240313001,2025-09-16,5.38,18.5,78.12,0.46,3.35,24,1021.4,166.09,1,3.9,420.0,0.508,PM2.5-1HR
38,240330030,2025-09-16,4.78,18.6,79.4,0.6,3.81,25.23,1021.12,181.52,1,3.9,420.0,0.38,PM2.5-1HR
38,510590030,2025-09-16,6.17,19.75,67.11,0.3,4.24,26.61,1020.56,1261.9,3.8,7.82,420.0,0.244,PM2.5-1HR
38,510590031,2025-09-16,6.77,19.59,66.48,0.28,4.43,28.77,1020.7,1490.49,4.7,9.08,420.0,0.017,PM2.5-1HR
38,511071005,2025-09-16,6.56,19.85,65.21,0.14,3.82,24.41,1021.35,2238.14,3.5,7.4,420.0,0.103,PM2.5-1HR
38,110010041,2025-09-17,4.35,18.27,89.05,0.26,4.82,24.61,1016.15,2253.41,0.24,2.836,420.0,0.103,PM2.5-1HR
38,110010043,2025-09-17,4.25,18.07,88.91,0.27,4.72,23.88,1016.28,3927.42,0.08,2.612,420.0,0.356,PM2.5-1HR
38,110010051,2025-09-17,4.28,18.28,89.07,0.26,4.83,24.7,1016.15,3599.37,0.24,2.836,420.0,0.011,PM2.5-1HR
38,110010053,2025-09-17,3.59,18.19,88.97,0.27,4.76,23.05,1016.16,4638.72,0.24,2.836,420.0,0.081,PM2.5-1HR
38,110010055,2025-09-17,3.97,18.33,89.04,0.27,4.81,22.11,1016.01,1327.41,0.76,3.564,420.0,0.611,PM2.5-1HR
38,240313001,2025-09-17,3.34,17.35,90.38,0.36,4.29,25.37,1016.84,166.09,1,3.9,420.0,0.508,PM2.5-1HR
38,240330030,2025-09-17,2.56,18.04,89.49,0.27,4.82,28.14,1016.46,181.52,0,2.5,420.0,0.38,PM2.5-1HR
38,510590030,2025-09-17,4.29,18.22,89.29,0.29,4.8,19.36,1016.03,1261.9,2.23,5.622,420.0,0.244,PM2.5-1HR
38,510590031,2025-09-17,4.69,18.04,89.44,0.31,4.76,17.59,1016.13,1490.49,2.9,6.56,420.0,0.017,PM2.5-1HR
38,511071005,2025-09-17,4.93,16.92,91.14,0.53,3.89,14.92,1017.11,2238.14,4.4,8.66,420.0,0.103,PM2.5-1HR
38,110010041,2025-09-18,5.71,21.64,79.38,0,1.79,313.93,1015.72,2253.41,1.12,4.068,420.0,0.103,PM2.5-1HR
38,110010043,2025-09-18,5.15,21.66,78.85,0.01,1.75,314.8,1015.73,3927.42,1.35,4.39,420.0,0.356,PM2.5-1HR
38,110010051,2025-09-18,5.69,21.64,79.43,0,1.79,313.85,1015.72,3599.37,1.12,4.068,420.0,0.011,PM2.5-1HR
38,110010053,2025-09-18,6.06,21.65,79.11,0,1.78,314.12,1015.75,4638.72,1.12,4.068,420.0,0.081,PM2.5-1HR
38,110010055,2025-09-18,4.01,21.65,79.44,0,1.81,313.25,1015.76,1327.41,1.48,4.572,420.0,0.611,PM2.5-1HR
38,240313001,2025-09-18,4.92,21.5,78.76,0.01,1.64,309.85,1015.73,166.09,2,5.3,420.0,0.508,PM2.5-1HR
38,240330030,2025-09-18,2.93,21.59,79.57,0.01,1.73,312.54,1015.66,181.52,0,2.5,420.0,0.38,PM2.5-1HR
38,510590030,2025-09-18,4.86,21.67,79.56,0,1.8,313.46,1015.81,1261.9,2,5.3,420.0,0.244,PM2.5-1HR
38,510590031,2025-09-18,5.37,21.69,79.46,0,1.78,314.24,1015.83,1490.49,2.9,6.56,420.0,0.017,PM2.5-1HR
38,511071005,2025-09-18,7.26,21.56,77.81,0,1.44,306.39,1015.85,2238.14,5,9.5,420.0,0.103,PM2.5-1HR
38,110010041,2025-09-19,9.06,23,72.34,0,1.67,266.34,1015.85,2253.41,4.68,9.052,420.0,0.103,PM2.5-1HR
38,110010043,2025-09-19,9.88,23.02,71.22,0,1.65,276.84,1015.85,3927.42,4.72,9.108,420.0,0.356,PM2.5-1HR
38,110010051,2025-09-19,10.1,23,72.42,0,1.67,265.65,1015.84,3599.37,3.7,7.68,420.0,0.011,PM2.5-1HR
38,110010053,2025-09-19,8.63,23.03,71.7,0,1.65,269.08,1015.85,4638.72,4.68,9.052,420.0,0.081,PM2.5-1HR
38,110010055,2025-09-19,8.19,23.04,72.33,0,1.66,260.01,1015.86,1327.41,5.52,10.228,420.0,0.611,PM2.5-1HR
38,240313001,2025-09-19,7.29,22.95,69.58,0,1.66,299.77,1015.85,166.09,3,6.7,420.0,0.508,PM2.5-1HR
38,240330030,2025-09-19,6.57,22.91,72.68,0,1.69,283.7,1015.82,181.52,2,5.3,420.0,0.38,PM2.5-1HR
38,510590030,2025-09-19,8.17,23.14,71.47,0,1.68,261.66,1015.87,1261.9,6.2,11.18,420.0,0.244,PM2.5-1HR
38,510590031,2025-09-19,8.54,23.21,70.44,0,1.71,266.63,1015.88,1490.49,7.05,12.37,420.0,0.017,PM2.5-1HR
38,511071005,2025-09-19,9.76,23.16,65.26,0,1.66,295.37,1015.93,2238.14,8.4,14.26,420.0,0.103,PM2.5-1HR
38,110010041,2025-09-20,5.67,21.32,75.12,0.03,2.76,74.01,1020.96,2253.41,1.42,4.488,420.0,0.103,PM2.5-1HR
38,110010043,2025-09-20,6.96,21.36,74.07,0.02,2.73,75.17,1020.98,3927.42,1.2,4.18,420.0,0.356,PM2.5-1HR
38,110010051,2025-09-20,6.62,21.32,75.18,0.03,2.76,73.89,1020.96,3599.37,1.42,4.488,420.0,0.011,PM2.5-1HR
38,110010053,2025-09-20,6.07,21.37,75.17,0.02,2.72,75.38,1020.93,4638.72,1.42,4.488,420.0,0.081,PM2.5-1HR
38,110010055,2025-09-20,5.98,21.38,76.55,0.03,2.71,75.29,1020.87,1327.41,1.54,4.656,420.0,0.611,PM2.5-1HR
38,240313001,2025-09-20,4.93,21.24,70.47,0.01,2.69,76.59,1021.15,166.09,2,5.3,420.0,0.508,PM2.5-1HR
38,240330030,2025-09-20,3.75,21.15,72.7,0.01,2.84,72.08,1021.15,181.52,0,2.5,420.0,0.38,PM2.5-1HR
38,510590030,2025-09-20,6.41,21.5,76.9,0.04,2.65,75.87,1020.79,1261.9,3.23,7.022,420.0,0.244,PM2.5-1HR
38,510590031,2025-09-20,7.1,21.58,76.41,0.05,2.62,76.57,1020.77,1490.49,3.7,7.68,420.0,0.017,PM2.5-1HR
38,511071005,2025-09-20,6.84,21.74,70.02,0.03,2.48,75.57,1020.91,2238.14,3.6,7.54,420.0,0.103,PM2.5-1HR
38,110010041,2025-09-21,5.67,20.26,79.67,0.06,2.56,89.73,1023.3,2253.41,1.18,4.152,420.0,0.103,PM2.5-1HR
38,110010043,2025-09-21,5.33,20.21,79.68,0.06,2.55,91.42,1023.31,3927.42,1.38,4.432,420.0,0.356,PM2.5-1HR
38,110010051,2025-09-21,5.75,20.26,79.67,0.06,2.56,89.63,1023.31,3599.37,1.18,4.152,420.0,0.011,PM2.5-1HR
38,110010053,2025-09-21,4.83,20.3,79.62,0.05,2.53,90.58,1023.27,4638.72,1.18,4.152,420.0,0.081,PM2.5-1HR
38,110010055,2025-09-21,4.71,20.41,79.55,0.04,2.51,89.49,1023.23,1327.41,1.76,4.964,420.0,0.611,PM2.5-1HR
38,240313001,2025-09-21,4.73,19.76,80.76,0.09,2.57,99.6,1023.42,166.09,2,5.3,420.0,0.508,PM2.5-1HR
38,240330030,2025-09-21,3.21,19.91,80.22,0.08,2.64,91.48,1023.45,181.52,1,3.9,420.0,0.38,PM2.5-1HR
38,510590030,2025-09-21,6.12,20.52,79.65,0.03,2.46,91.28,1023.18,1261.9,2.83,6.462,420.0,0.244,PM2.5-1HR
38,510590031,2025-09-21,6.37,20.55,79.78,0.03,2.44,93.37,1023.17,1490.49,4.05,8.17,420.0,0.017,PM2.5-1HR
38,511071005,2025-09-21,7.22,20.2,79.7,0.03,2.53,112.29,1023.18,2238.14,5,9.5,420.0,0.103,PM2.5-1HR
38,110010041,2025-09-22,5.27,20.23,76.23,0,2.24,150.11,1019.28,2253.41,1.43,4.502,420.0,0.103,PM2.5-1HR
38,110010043,2025-09-22,5.5,20.27,75.93,0,2.27,151.15,1019.26,3927.42,1.66,4.824,420.0,0.356,PM2.5-1HR
38,110010051,2025-09-22,5.96,20.22,76.25,0,2.24,150.02,1019.28,3599.37,0.64,3.396,420.0,0.011,PM2.5-1HR
38,110010053,2025-09-22,3.7,20.31,76.14,0,2.24,151.12,1019.25,4638.72,1.43,4.502,420.0,0.081,PM2.5-1HR
38,110010055,2025-09-22,4.84,20.36,76.38,0,2.22,151.06,1019.26,1327.41,1.82,5.048,420.0,0.611,PM2.5-1HR
38,240313001,2025-09-22,5.26,20.17,75.77,0,2.48,154.4,1019.19,166.09,0,2.5,420.0,0.508,PM2.5-1HR
38,240330030,2025-09-22,3.59,19.95,76.42,0,2.31,148.97,1019.32,181.52,1,3.9,420.0,0.38,PM2.5-1HR
38,510590030,2025-09-22,4.89,20.53,76.75,0,2.27,153.36,1019.21,1261.9,2.53,6.042,420.0,0.244,PM2.5-1HR
38,510590031,2025-09-22,5.7,20.64,76.93,0,2.34,155.47,1019.17,1490.49,3.65,7.61,420.0,0.017,PM2.5-1HR
38,511071005,2025-09-22,7.18,20.95,75.11,0,2.77,162.24,1018.91,2238.14,4.6,8.94,420.0,0.103,PM2.5-1HR
38,110010041,2025-09-23,9.77,22.58,76.97,0.08,2.36,205.43,1015.76,2253.41,2.66,6.224,420.0,0.103,PM2.5-1HR
38,110010043,2025-09-23,9.97,22.57,76.79,0.1,2.31,205.4,1015.73,3927.42,2.68,6.252,420.0,0.356,PM2.5-1HR
38,110010051,2025-09-23,10.2,22.58,77,0.08,2.36,205.37,1015.76,3599.37,2.66,6.224,420.0,0.011,PM2.5-1HR
38,110010053,2025-09-23,10.72,22.62,76.62,0.09,2.36,206.21,1015.75,4638.72,2.66,6.224,420.0,0.081,PM2.5-1HR
38,110010055,2025-09-23,8.51,22.69,76.42,0.07,2.42,206.97,1015.77,1327.41,3.08,6.812,420.0,0.611,PM2.5-1HR
38,240313001,2025-09-23,8.21,22.26,78.4,0.1,2.1,193.83,1015.67,166.09,4,8.1,420.0,0.508,PM2.5-1HR
38,240330030,2025-09-23,6.62,22.33,78.4,0.1,2.25,200.45,1015.73,181.52,1,3.9,420.0,0.38,PM2.5-1HR
38,510590030,2025-09-23,7.9,22.81,76.03,0.05,2.47,206.37,1015.76,1261.9,4.47,8.758,420.0,0.244,PM2.5-1HR
38,510590031,2025-09-23,8.68,22.86,75.81,0.03,2.49,205.49,1015.73,1490.49,5.4,10.06,420.0,0.017,PM2.5-1HR
38,511071005,2025-09-23,9.09,22.51,77.38,0.09,2.13,202.1,1015.56,2238.14,6.1,11.04,420.0,0.103,PM2.5-1HR
38,110010041,2025-09-24,11.44,22.18,89.88,0.18,1.51,134.71,1015.48,2253.41,6.84,12.076,420.0,0.103,PM2.5-1HR
38,110010043,2025-09-24,12.83,22.11,89.96,0.14,1.55,129.5,1015.47,3927.42,6.68,11.852,420.0,0.356,PM2.5-1HR
38,110010051,2025-09-24,12.26,22.19,89.89,0.18,1.51,135.35,1015.48,3599.37,6.84,12.076,420.0,0.011,PM2.5-1HR
38,110010053,2025-09-24,12.03,22.21,89.69,0.15,1.52,132.89,1015.46,4638.72,6.84,12.076,420.0,0.081,PM2.5-1HR
38,110010055,2025-09-24,11.74,22.34,89.35,0.17,1.5,142.2,1015.45,1327.41,7.06,12.384,420.0,0.611,PM2.5-1HR
38,240313001,2025-09-24,7.48,21.6,91.47,0.14,1.66,123.88,1015.53,166.09,4,8.1,420.0,0.508,PM2.5-1HR
38,240330030,2025-09-24,7.06,21.83,91.19,0.22,1.55,122.61,1015.54,181.52,4,8.1,420.0,0.38,PM2.5-1HR
38,510590030,2025-09-24,10.56,22.4,89.27,0.18,1.54,146.76,1015.42,1261.9,7.83,13.462,420.0,0.244,PM2.5-1HR
38,510590031,2025-09-24,11.33,22.38,89.4,0.17,1.58,147.8,1015.4,1490.49,8,13.7,420.0,0.017,PM2.5-1HR
38,511071005,2025-09-24,10.17,21.73,90.23,0.1,1.72,142,1015.39,2238.14,6.3,11.32,420.0,0.103,PM2.5-1HR
38,110010041,2025-09-25,10.07,23.6,87.31,0.51,3.13,201.54,1010.78,2253.41,3.47,7.358,420.0,0.103,PM2.5-1HR
38,110010043,2025-09-25,11.81,23.52,87.31,0.56,3.09,201.61,1010.75,3927.42,3.7,7.68,420.0,0.356,PM2.5-1HR
38,110010051,2025-09-25,10.13,23.61,87.32,0.51,3.13,201.51,1010.78,3599.37,2.22,5.608,420.0,0.011,PM2.5-1HR
38,110010053,2025-09-25,10.13,23.58,87.25,0.52,3.1,202.09,1010.77,4638.72,3.47,7.358,420.0,0.081,PM2.5-1HR
38,110010055,2025-09-25,8.66,23.66,87.17,0.47,3.12,202.68,1010.8,1327.41,4.03,8.142,420.0,0.611,PM2.5-1HR
38,240313001,2025-09-25,7.82,23.15,88.24,0.68,2.96,199.26,1010.66,166.09,0,2.5,420.0,0.508,PM2.5-1HR
38,240330030,2025-09-25,5.57,23.47,87.78,0.57,3.11,199.22,1010.73,181.52,1,3.9,420.0,0.38,PM2.5-1HR
38,510590030,2025-09-25,8.8,23.64,87.42,0.49,3.16,203.01,1010.79,1261.9,4.43,8.702,420.0,0.244,PM2.5-1HR
38,510590031,2025-09-25,9.46,23.57,87.68,0.52,3.18,202.87,1010.76,1490.49,5.5,10.2,420.0,0.017,PM2.5-1HR
38,511071005,2025-09-25,9.05,23.06,88.04,0.75,3.05,201.94,1010.53,2238.14,3.5,7.4,420.0,0.103,PM2.5-1HR
38,110010041,2025-09-26,4.93,23.4,76.57,0,1.59,335.91,1010.75,2253.41,0.66,3.424,420.0,0.103,PM2.5-1HR
38,110010043,2025-09-26,5.23,23.21,76.41,0,1.71,335.64,1010.74,3927.42,0.73,3.522,420.0,0.356,PM2.5-1HR
38,110010051,2025-09-26,5.73,23.27,76.84,0,1.66,335.26,1010.72,3599.37,0.66,3.424,420.0,0.011,PM2.5-1HR
38,110010053,2025-09-26,4.69,23.4,76.53,0,1.6,335.77,1010.77,4638.72,0.66,3.424,420.0,0.081,PM2.5-1HR
38,110010055,2025-09-26,4.81,23.46,76.76,0,1.58,336.13,1010.75,1327.41,1.06,3.984,420.0,0.611,PM2.5-1HR
38,240313001,2025-09-26,5.36,22.96,75.24,0,1.71,335.32,1010.84,166.09,1,3.9,420.0,0.508,PM2.5-1HR
38,240330030,2025-09-26,2.36,23.16,76.08,0,1.57,330.66,1010.73,181.52,0,2.5,420.0,0.38,PM2.5-1HR
38,510590030,2025-09-26,5.02,23.45,76.66,0,1.59,336.28,1010.78,1261.9,2.33,5.762,420.0,0.244,PM2.5-1HR
38,510590031,2025-09-26,5.45,23.37,76.76,0,1.67,336.22,1010.82,1490.49,3.3,7.12,420.0,0.017,PM2.5-1HR
38,511071005,2025-09-26,5.9,22.8,75.06,0,1.66,319.85,1011.01,2238.14,3.5,7.4,420.0,0.103,PM2.5-1HR
38,110010041,2025-09-27,8.16,21.46,85.04,0.15,1.68,43.12,1013.87,2253.41,1.92,5.188,420.0,0.103,PM2.5-1HR
38,110010043,2025-09-27,8.95,21.13,87.56,0.87,1.65,46.61,1013.82,3927.42,1.93,5.202,420.0,0.356,PM2.5-1HR
38,110010051,2025-09-27,9.08,21.22,87.75,0.92,1.66,48.29,1013.79,3599.37,1.92,5.188,420.0,0.011,PM2.5-1HR
38,110010053,2025-09-27,8.23,21.5,84.83,0.14,1.66,46.44,1013.82,4638.72,1.92,5.188,420.0,0.081,PM2.5-1HR
38,110010055,2025-09-27,6.08,21.5,84.83,0.14,1.66,46.44,1013.82,1327.41,2.32,5.748,420.0,0.611,PM2.5-1HR
38,240313001,2025-09-27,5.96,20.71,86.31,0.46,1.53,37.54,1014.01,166.09,3,6.7,420.0,0.508,PM2.5-1HR
38,240330030,2025-09-27,3.38,21.11,86.26,0.66,1.6,37.5,1013.92,181.52,0,2.5,420.0,0.38,PM2.5-1HR
38,510590030,2025-09-27,6.98,21.37,85.13,0.09,1.64,36.67,1013.8,1261.9,3.97,8.058,420.0,0.244,PM2.5-1HR
38,510590031,2025-09-27,7.89,21.22,85.25,0.07,1.79,46.4,1013.88,1490.49,5,9.5,420.0,0.017,PM2.5-1HR
38,511071005,2025-09-27,7.36,20.58,86.92,0.08,1.58,30.5,1014.06,2238.14,5.5,10.2,420.0,0.103,PM2.5-1HR
38,110010041,2025-09-28,6.5,21.75,79.5,0,1.5,333.4,1018.24,2253.41,2.52,6.028,420.0,0.103,PM2.5-1HR
38,110010043,2025-09-28,6.57,22.16,78.02,0.01,1.35,347.13,1018.04,3927.42,2.64,6.196,420.0,0.356,PM2.5-1HR
38,110010051,2025-09-28,7.31,22.22,78.47,0.01,1.41,355.41,1018.02,3599.37,1.72,4.908,420.0,0.011,PM2.5-1HR
38,110010053,2025-09-28,6.67,21.69,79.75,0,1.59,337.97,1018.25,4638.72,2.52,6.028,420.0,0.081,PM2.5-1HR
38,110010055,2025-09-28,6.68,21.69,79.75,0,1.59,337.97,1018.25,1327.41,2.93,6.602,420.0,0.611,PM2.5-1HR
38,240313001,2025-09-28,5.12,21.9,77.12,0.02,1.2,337.82,1018.11,166.09,2,5.3,420.0,0.508,PM2.5-1HR
38,240330030,2025-09-28,4.55,22.22,78.02,0.02,1.3,348.96,1018.02,181.52,0,2.5,420.0,0.38,PM2.5-1HR
38,510590030,2025-09-28,6.08,21.75,79.67,0,1.66,353.62,1018.3,1261.9,3.7,7.68,420.0,0.244,PM2.5-1HR
38,510590031,2025-09-28,5.93,21.45,81.13,0,1.67,352.47,1018.4,1490.49,4.6,8.94,420.0,0.017,PM2.5-1HR
38,511071005,2025-09-28,7.24,20.65,82.75,0,1.47,302.56,1018.63,2238.14,4.5,8.8,420.0,0.103,PM2.5-1HR
38,110010041,2025-09-29,11.76,20.92,82.96,0.02,1.51,26.79,1021.52,2253.41,6.18,11.152,420.0,0.103,PM2.5-1HR
38,110010043,2025-09-29,11.56,21.16,83.31,0.01,1.83,36.34,1021.38,3927.42,6.43,11.502,420.0,0.356,PM2.5-1HR
38,110010051,2025-09-29,11.55,21.24,83.65,0.01,1.83,33.28,1021.35,3599.37,6.18,11.152,420.0,0.011,PM2.5-1HR
38,110010053,2025-09-29,10.36,20.87,84.29,0.02,1.46,22.93,1021.48,4638.72,6.18,11.152,420.0,0.081,PM2.5-1HR
38,110010055,2025-09-29,10.05,20.87,84.29,0.02,1.46,22.93,1021.48,1327.41,5.78,10.592,420.0,0.611,PM2.5-1HR
38,240313001,2025-09-29,7.33,21.06,81.09,0,1.85,40.91,1021.54,166.09,3,6.7,420.0,0.508,PM2.5-1HR
38,240330030,2025-09-29,5.94,21.28,81.89,0,1.92,33.56,1021.45,181.52,0,2.5,420.0,0.38,PM2.5-1HR
38,510590030,2025-09-29,9.73,20.7,85.17,0.03,1.47,15.93,1021.47,1261.9,6.5,11.6,420.0,0.244,PM2.5-1HR
38,510590031,2025-09-29,10.27,20.62,83.5,0.05,1.73,17.7,1021.55,1490.49,7.15,12.51,420.0,0.017,PM2.5-1HR
38,511071005,2025-09-29,9.6,20.97,77.67,0,1.68,41.97,1021.7,2238.14,7,12.3,420.0,0.103,PM2.5-1HR
38,110010041,2025-09-30,10.76,20.88,75.21,0,2.1,8.44,1018.17,2253.41,2.98,6.672,420.0,0.103,PM2.5-1HR
38,110010043,2025-09-30,8.92,21.14,71.52,0,2.4,8.83,1018.3,3927.42,3.25,7.05,420.0,0.356,PM2.5-1HR
38,110010051,2025-09-30,10.21,21.24,72.38,0,2.45,9.6,1018.23,3599.37,2.98,6.672,420.0,0.011,PM2.5-1HR
38,110010053,2025-09-30,9.75,20.75,76.67,0,2.07,9.16,1018.15,4638.72,2.98,6.672,420.0,0.081,PM2.5-1HR
38,110010055,2025-09-30,9.27,20.75,76.67,0,2.07,9.16,1018.15,1327.41,4.1,8.24,420.0,0.611,PM2.5-1HR
38,240313001,2025-09-30,7.56,20.85,70.06,0,2.35,7.71,1018.54,166.09,5,9.5,420.0,0.508,PM2.5-1HR
38,240330030,2025-09-30,6.09,21.19,71.17,0,2.46,9.75,1018.35,181.52,1,3.9,420.0,0.38,PM2.5-1HR
38,510590030,2025-09-30,10.38,20.7,76.83,0.03,2.29,4.29,1018.15,1261.9,5.97,10.858,420.0,0.244,PM2.5-1HR
38,510590031,2025-09-30,10.92,20.51,76.5,0.03,2.65,3.05,1018.28,1490.49,8,13.7,420.0,0.017,PM2.5-1HR
38,511071005,2025-09-30,11.08,20.74,70.54,0.01,2.51,357.61,1018.63,2238.14,6.6,11.74,420.0,0.103,PM2.5-1HR
38,240330030,2025-10-01,3.05,18.57,57.71,0,3.18,37.86,1020.5,181.52,0,2.5,420.0,0.38,PM2.5-1HR
38,240313001,2025-10-01,6.8,18.35,55.81,0,3.02,37.03,1020.62,166.09,5,9.5,420.0,0.508,PM2.5-1HR
38,510590030,2025-10-01,5.45,18.49,60.63,0,2.82,38.77,1020.42,1261.9,4,8.1,420.0,0.244,PM2.5-1HR
38,510590031,2025-10-01,5.88,18.35,60.09,0,3.05,39.08,1020.46,1490.49,4,8.1,420.0,0.017,PM2.5-1HR
38,511071005,2025-10-01,5.44,18.44,56.35,0,3.31,33.44,1020.8,2238.14,4,8.1,420.0,0.103,PM2.5-1HR
38,240313001,2025-10-02,3.88,15.29,71.37,0,1.95,100.15,1028.8,166.09,1,3.9,420.0,0.508,PM2.5-1HR
38,240330030,2025-10-02,2.57,15.76,71.22,0,2.03,102.74,1028.83,181.52,0,2.5,420.0,0.38,PM2.5-1HR
38,510590030,2025-10-02,4.51,16.25,71.33,0,1.87,107.87,1028.7,1261.9,3.05,6.77,420.0,0.244,PM2.5-1HR
38,510590031,2025-10-02,5.1,16.22,71.45,0,1.85,108.32,1028.69,1490.49,3.05,6.77,420.0,0.017,PM2.5-1HR
38,511071005,2025-10-02,4.95,15.27,69.88,0,1.92,109.5,1028.64,2238.14,3.3,7.12,420.0,0.103,PM2.5-1HR
38,240313001,2025-10-03,4.57,15.46,72.11,0,1.7,169.98,1027.63,166.09,0,2.5,420.0,0.508,PM2.5-1HR
38,240330030,2025-10-03,1.29,15.72,71.71,0,1.55,174.22,1027.69,181.52,0,2.5,420.0,0.38,PM2.5-1HR
38,510590030,2025-10-03,3.68,16.06,72.08,0,1.48,171.05,1027.67,1261.9,3.2,6.98,420.0,0.244,PM2.5-1HR
38,510590031,2025-10-03,4.1,16.04,72.37,0,1.52,175.8,1027.66,1490.49,3.2,6.98,420.0,0.017,PM2.5-1HR
38,511071005,2025-10-03,4.42,15.59,71.47,0,1.96,171.86,1027.49,2238.14,3.8,7.82,420.0,0.103,PM2.5-1HR
38,240313001,2025-10-04,5.46,17.11,73.1,0,1.54,200.79,1023.87,166.09,1,3.9,420.0,0.508,PM2.5-1HR
38,240330030,2025-10-04,5.73,17.34,74.42,0,1.62,207.08,1023.92,181.52,1,3.9,420.0,0.38,PM2.5-1HR
38,510590030,2025-10-04,4.71,17.45,75.02,0,1.53,195.34,1023.98,1261.9,4,8.1,420.0,0.244,PM2.5-1HR
38,510590031,2025-10-04,5.38,17.45,74.54,0,1.55,194.37,1023.97,1490.49,4,8.1,420.0,0.017,PM2.5-1HR
38,511071005,2025-10-04,5.64,17.19,70.48,0,1.53,191.52,1023.83,2238.14,4.3,8.52,420.0,0.103,PM2.5-1HR
38,240313001,2025-10-05,7.6,18.18,75.06,0,1.79,186.84,1025.1,166.09,3,6.7,420.0,0.508,PM2.5-1HR
38,240330030,2025-10-05,6.58,18.29,77.06,0,1.77,192.67,1025.18,181.52,2,5.3,420.0,0.38,PM2.5-1HR
38,510590030,2025-10-05,5.56,18.41,77.73,0,1.84,184.92,1025.16,1261.9,5.15,9.71,420.0,0.244,PM2.5-1HR
38,510590031,2025-10-05,6.58,18.35,77.34,0,1.87,184.9,1025.13,1490.49,5.15,9.71,420.0,0.017,PM2.5-1HR
38,511071005,2025-10-05,6.83,18.16,72.62,0,1.95,181.09,1024.95,2238.14,5.3,9.92,420.0,0.103,PM2.5-1HR
38,240313001,2025-10-06,4.82,19.82,76.62,0,2.34,183.54,1024.36,166.09,1,3.9,420.0,0.508,PM2.5-1HR
38,240330030,2025-10-06,4.36,19.87,78.05,0,2.35,187.36,1024.49,181.52,1,3.9,420.0,0.38,PM2.5-1HR
38,510590030,2025-10-06,4.91,20.09,78.17,0,2.41,185.13,1024.49,1261.9,3.8,7.82,420.0,0.244,PM2.5-1HR
38,510590031,2025-10-06,5.65,20.15,77.62,0,2.47,185.22,1024.45,1490.49,3.8,7.82,420.0,0.017,PM2.5-1HR
38,511071005,2025-10-06,5.9,20.09,73.8,0,2.47,181.61,1024.14,2238.14,4.2,8.38,420.0,0.103,PM2.5-1HR
38,240313001,2025-10-07,3.46,21.56,73.88,0.02,3.69,190.23,1019.62,166.09,1,3.9,420.0,0.508,PM2.5-1HR
38,240330030,2025-10-07,2.4,21.62,75.02,0.01,3.75,191.41,1019.8,181.52,0,2.5,420.0,0.38,PM2.5-1HR
38,510590030,2025-10-07,3.74,21.68,75.22,0.01,3.63,190.88,1019.89,1261.9,3.35,7.19,420.0,0.244,PM2.5-1HR
38,510590031,2025-10-07,4.28,21.67,74.99,0.01,3.69,190.66,1019.85,1490.49,3.35,7.19,420.0,0.017,PM2.5-1HR
38,511071005,2025-10-07,4.8,21.57,71.77,0.04,3.75,188.32,1019.38,2238.14,3.9,7.96,420.0,0.103,PM2.5-1HR
38,240313001,2025-10-08,2.53,19.6,68.27,0.17,3.71,298.36,1018.03,166.09,0,2.5,420.0,0.508,PM2.5-1HR
38,240330030,2025-10-08,2.19,19.89,69.18,0.17,3.73,296.01,1017.86,181.52,0,2.5,420.0,0.38,PM2.5-1HR
38,510590030,2025-10-08,3.3,20.19,70.53,0.18,3.7,294.09,1017.93,1261.9,1.75,4.95,420.0,0.244,PM2.5-1HR
38,510590031,2025-10-08,3.57,20.18,70.07,0.18,3.78,294.99,1017.97,1490.49,1.75,4.95,420.0,0.017,PM2.5-1HR
38,511071005,2025-10-08,3.58,19.57,66.97,0.14,3.81,302.1,1018.25,2238.14,1.5,4.6,420.0,0.103,PM2.5-1HR
38,240313001,2025-10-09,3.27,12.93,52.23,0,3.07,22.38,1029.27,166.09,0,2.5,420.0,0.508,PM2.5-1HR
38,240330030,2025-10-09,2.81,13.25,54.43,0,3.25,22.29,1029.13,181.52,0,2.5,420.0,0.38,PM2.5-1HR
38,510590030,2025-10-09,3.06,13.69,54.94,0,3.11,22.46,1028.98,1261.9,2.7,6.28,420.0,0.244,PM2.5-1HR
38,510590031,2025-10-09,3.53,13.71,54.3,0,3.12,22.51,1029.01,1490.49,2.7,6.28,420.0,0.017,PM2.5-1HR
38,511071005,2025-10-09,2.98,13.02,50.82,0,2.9,20.19,1029.36,2238.14,2.6,6.14,420.0,0.103,PM2.5-1HR
38,240313001,2025-10-10,3.08,12.18,66.26,0,2.5,103.86,1029.26,166.09,0,2.5,420.0,0.508,PM2.5-1HR
38,240330030,2025-10-10,2.11,12.69,67.21,0,2.53,103.54,1029.28,181.52,0,2.5,420.0,0.38,PM2.5-1HR
38,510590030,2025-10-10,3.57,13.2,68.62,0,2.38,101.27,1029.06,1261.9,2.85,6.49,420.0,0.244,PM2.5-1HR
38,510590031,2025-10-10,4.44,13.18,68.33,0,2.41,101.45,1029.05,1490.49,2.85,6.49,420.0,0.017,PM2.5-1HR
38,511071005,2025-10-10,3.8,12.22,64.74,0,2.39,108.24,1029.1,2238.14,2.9,6.56,420.0,0.103,PM2.5-1HR
38,240313001,2025-10-11,3.43,14.67,82.45,0.01,2.2,54.32,1020.7,166.09,0,2.5,420.0,0.508,PM2.5-1HR
38,240330030,2025-10-11,1.45,15.11,83.86,0.02,2.45,49.79,1020.6,181.52,0,2.5,420.0,0.38,PM2.5-1HR
38,510590030,2025-10-11,5,15.35,83.84,0.03,2.32,42.61,1020.36,1261.9,4.1,8.24,420.0,0.244,PM2.5-1HR
38,510590031,2025-10-11,5.08,15.26,83.32,0.02,2.34,45.48,1020.38,1490.49,4.1,8.24,420.0,0.017,PM2.5-1HR
38,511071005,2025-10-11,4.83,14.52,80.18,0.07,1.86,62.39,1020.66,2238.14,4.3,8.52,420.0,0.103,PM2.5-1HR
38,240313001,2025-10-12,2.7,16.93,78.84,0.04,4.98,34,1014.34,166.09,1,3.9,420.0,0.508,PM2.5-1HR
38,240330030,2025-10-12,1.64,17.11,78.93,0.02,5.5,33.94,1014.03,181.52,0,2.5,420.0,0.38,PM2.5-1HR
38,510590030,2025-10-12,3.8,17.01,81.42,0.03,5.27,32.39,1013.65,1261.9,1.35,4.39,420.0,0.244,PM2.5-1HR
38,510590031,2025-10-12,4.02,16.79,82,0.05,5.57,34.19,1013.78,1490.49,1.35,4.39,420.0,0.017,PM2.5-1HR
38,511071005,2025-10-12,4.1,16.66,81.04,0.07,5.2,32.3,1014.72,2238.14,1.5,4.6,420.0,0.103,PM2.5-1HR
38,240313001,2025-10-13,1.62,14.58,84.03,0.11,5.02,354.37,1013.55,166.09,0,2.5,420.0,0.508,PM2.5-1HR
38,240330030,2025-10-13,0.49,14.7,84.82,0.12,5.38,353.43,1013.03,181.52,0,2.5,420.0,0.38,PM2.5-1HR
38,510590030,2025-10-13,0.97,15.08,80.83,0.14,5.32,354.07,1013.24,1261.9,0.55,3.27,420.0,0.244,PM2.5-1HR
38,510590031,2025-10-13,1.35,14.87,81.08,0.11,5.74,353.6,1013.49,1490.49,0.55,3.27,420.0,0.017,PM2.5-1HR
38,511071005,2025-10-13,1.23,15.1,79.38,0.13,5.47,358.08,1014.41,2238.14,0.7,3.48,420.0,0.103,PM2.5-1HR
38,240313001,2025-10-14,2.24,15.02,81.49,0.04,4.27,348.84,1017.59,166.09,0,2.5,420.0,0.508,PM2.5-1HR
38,240330030,2025-10-14,0.9,15.07,82.53,0.02,4.42,350.58,1017.28,181.52,0,2.5,420.0,0.38,PM2.5-1HR
38,510590030,2025-10-14,1.62,15.46,79.92,0.05,4.65,353.83,1017.43,1261.9,0.55,3.27,420.0,0.244,PM2.5-1HR
38,510590031,2025-10-14,2.08,15.29,79.92,0.05,5.04,353.54,1017.56,1490.49,0.55,3.27,420.0,0.017,PM2.5-1HR
38,511071005,2025-10-14,2.11,15.69,78.08,0.1,4.75,347.99,1018.17,2238.14,0.8,3.62,420.0,0.103,PM2.5-1HR
38,240313001,2025-10-15,3.65,16.26,66.54,0,3.49,335.29,1016.82,166.09,0,2.5,420.0,0.508,PM2.5-1HR
38,240330030,2025-10-15,2.29,16.41,67.28,0,3.54,338.86,1016.59,181.52,0,2.5,420.0,0.38,PM2.5-1HR
38,510590030,2025-10-15,4.23,16.49,69.71,0,3.35,339.24,1016.9,1261.9,2.55,6.07,420.0,0.244,PM2.5-1HR
38,510590031,2025-10-15,4.32,16.3,68.5,0,3.83,336.2,1017.02,1490.49,2.55,6.07,420.0,0.017,PM2.5-1HR
38,511071005,2025-10-15,4.96,16.22,66.79,0,4,329.33,1017.48,2238.14,2.8,6.42,420.0,0.103,PM2.5-1HR
38,240313001,2025-10-16,1.99,12.67,46.56,0,3.82,341.8,1017.26,166.09,0,2.5,420.0,0.508,PM2.5-1HR
38,240330030,2025-10-16,1.45,12.71,47.03,0,3.97,342.8,1017.04,181.52,0,2.5,420.0,0.38,PM2.5-1HR
38,510590030,2025-10-16,1.77,12.77,52.34,0,3.42,348.45,1017.33,1261.9,1.05,3.97,420.0,0.244,PM2.5-1HR
38,510590031,2025-10-16,2.17,12.77,51.7,0,3.8,345.24,1017.39,1490.49,1.05,3.97,420.0,0.017,PM2.5-1HR
38,511071005,2025-10-16,2.3,12.72,52.72,0,4,339.85,1017.81,2238.14,1.3,4.32,420.0,0.103,PM2.5-1HR
38,240313001,2025-10-17,2.45,11.54,49.38,0,2.37,315.44,1017.63,166.09,0,2.5,420.0,0.508,PM2.5-1HR
38,240330030,2025-10-17,2.23,11.7,50.53,0,2.57,318.96,1017.5,181.52,0,2.5,420.0,0.38,PM2.5-1HR
38,510590030,2025-10-17,2.38,11.95,51.1,0,2.42,316.07,1017.64,1261.9,1.5,4.6,420.0,0.244,PM2.5-1HR
38,510590031,2025-10-17,3.87,11.96,51.06,0,2.41,316.14,1017.67,1490.49,1.5,4.6,420.0,0.017,PM2.5-1HR
38,511071005,2025-10-17,3.58,11.58,49.2,0,2.22,310.25,1017.82,2238.14,1.7,4.88,420.0,0.103,PM2.5-1HR
38,240313001,2025-10-18,6.42,14.45,64.38,0,2.04,179.14,1015.87,166.09,3,6.7,420.0,0.508,PM2.5-1HR
38,240330030,2025-10-18,4.56,14.41,67.18,0,2.08,185.46,1016.03,181.52,0,2.5,420.0,0.38,PM2.5-1HR
38,510590030,2025-10-18,4.97,14.69,68,0,2.23,183.19,1015.95,1261.9,3.8,7.82,420.0,0.244,PM2.5-1HR
38,510590031,2025-10-18,6.04,14.72,67.6,0,2.27,183.45,1015.9,1490.49,3.8,7.82,420.0,0.017,PM2.5-1HR
38,511071005,2025-10-18,5.78,14.69,62.16,0,2.25,177.07,1015.59,2238.14,3.5,7.4,420.0,0.103,PM2.5-1HR
38,240313001,2025-10-19,6.45,17.61,74.21,0.06,4.47,168.19,1010.1,166.09,1,3.9,420.0,0.508,PM2.5-1HR
38,240330030,2025-10-19,4.64,17.67,74.34,0.05,4.48,168.88,1010.43,181.52,0,2.5,420.0,0.38,PM2.5-1HR
38,510590030,2025-10-19,6.35,18.02,74.15,0.07,4.44,174.6,1010.39,1261.9,2.6,6.14,420.0,0.244,PM2.5-1HR
38,510590031,2025-10-19,6.7,18.06,74.23,0.08,4.53,175.33,1010.3,1490.49,2.6,6.14,420.0,0.017,PM2.5-1HR
38,511071005,2025-10-19,7.35,17.89,74.24,0.11,4.7,173.04,1009.64,2238.14,2.3,5.72,420.0,0.103,PM2.5-1HR
38,240313001,2025-10-20,2.86,14.21,58.58,0.07,4.46,275.25,1012.75,166.09,0,2.5,420.0,0.508,PM2.5-1HR
38,240330030,2025-10-20,2.3,14.55,58.88,0.07,4.55,273.34,1012.65,181.52,0,2.5,420.0,0.38,PM2.5-1HR
38,510590030,2025-10-20,2.89,14.72,59.02,0.04,4.11,273.18,1013.18,1261.9,1.85,5.09,420.0,0.244,PM2.5-1HR
38,510590031,2025-10-20,3.11,14.69,58.71,0.04,4.09,273.87,1013.24,1490.49,1.85,5.09,420.0,0.017,PM2.5-1HR
38,511071005,2025-10-20,14.12,14.05,57.23,0.05,4.22,277.43,1013.12,2238.14,0.4,3.06,420.0,0.103,PM2.5-1HR
38,240313001,2025-10-21,4.51,13.41,63.9,0.1,2.35,192.15,1011.87,166.09,2,5.3,420.0,0.508,PM2.5-1HR
38,240330030,2025-10-21,3.98,13.84,64.08,0.06,2.45,195.52,1011.97,181.52,0,2.5,420.0,0.38,PM2.5-1HR
38,510590030,2025-10-21,4.67,14.08,65.65,0.11,2.47,191.06,1012.04,1261.9,3.6,7.54,420.0,0.244,PM2.5-1HR
38,510590031,2025-10-21,5.33,13.95,66.49,0.15,2.55,191.86,1012.01,1490.49,3.6,7.54,420.0,0.017,PM2.5-1HR
38,511071005,2025-10-21,13.13,13.12,65.71,0.34,2.45,195.33,1011.79,2238.14,3.1,6.84,420.0,0.103,PM2.5-1HR
38,240313001,2025-10-22,4.04,13.9,60.3,0.02,2.72,276.65,1009.35,166.09,0,2.5,420.0,0.508,PM2.5-1HR
38,240330030,2025-10-22,2.37,14.33,60.15,0.03,2.69,276.86,1009.32,181.52,0,2.5,420.0,0.38,PM2.5-1HR
38,510590030,2025-10-22,3.41,14.46,65.21,0.08,2.48,253.23,1009.73,1261.9,1.95,5.23,420.0,0.244,PM2.5-1HR
38,510590031,2025-10-22,3.85,14.11,64.83,0,2.81,261.62,1009.76,1490.49,1.95,5.23,420.0,0.017,PM2.5-1HR
38,511071005,2025-10-22,3.42,13.22,63.54,0.01,3.12,268.26,1009.75,2238.14,2,5.3,420.0,0.103,PM2.5-1HR
38,240313001,2025-10-23,3,11.86,50.48,0,3.44,286.67,1015.18,166.09,1,3.9,420.0,0.508,PM2.5-1HR
38,240330030,2025-10-23,2.4,12.18,50.74,0,3.42,288.11,1015.08,181.52,0,2.5,420.0,0.38,PM2.5-1HR
38,510590030,2025-10-23,2.39,12.32,51.83,0,2.98,294.56,1015.5,1261.9,1.9,5.16,420.0,0.244,PM2.5-1HR
38,510590031,2025-10-23,2.68,12.23,49.92,0,3.45,294.74,1015.52,1490.49,1.9,5.16,420.0,0.017,PM2.5-1HR
38,511071005,2025-10-23,3.4,11.42,56.67,0,3.67,289.19,1015.67,2238.14,1.7,4.88,420.0,0.103,PM2.5-1HR
38,240313001,2025-10-24,3.16,8.99,59.45,0,2.97,283.22,1022.26,166.09,0,2.5,420.0,0.508,PM2.5-1HR
38,240330030,2025-10-24,2.95,9.34,59.55,0,3.01,282.06,1022.16,181.52,0,2.5,420.0,0.38,PM2.5-1HR
38,510590030,2025-10-24,2.83,9.95,55.25,0,2.61,280.48,1022.63,1261.9,2.15,5.51,420.0,0.244,PM2.5-1HR
38,510590031,2025-10-24,3.02,10,53,0,3.16,289.87,1022.68,1490.49,2.15,5.51,420.0,0.017,PM2.5-1HR
38,511071005,2025-10-24,2.92,9.1,58.83,0,3.13,281.7,1022.71,2238.14,1.8,5.02,420.0,0.103,PM2.5-1HR
38,240313001,2025-10-25,4.29,9.26,62.54,0,1.74,331.05,1028.39,166.09,0,2.5,420.0,0.508,PM2.5-1HR
38,240330030,2025-10-25,2.88,9.46,64.16,0.01,1.66,335.77,1028.32,181.52,0,2.5,420.0,0.38,PM2.5-1HR
38,510590030,2025-10-25,3.95,10.13,61.17,0,1.55,341.54,1028.69,1261.9,1.65,4.81,420.0,0.244,PM2.5-1HR
38,510590031,2025-10-25,4.46,10.06,58.17,0,2.02,332.41,1028.71,1490.49,1.65,4.81,420.0,0.017,PM2.5-1HR
38,511071005,2025-10-25,4.44,8.99,63.25,0,1.81,316.35,1028.85,2238.14,1.6,4.74,420.0,0.103,PM2.5-1HR
38,240313001,2025-10-26,6.31,9.5,67.04,0,1.17,40.75,1028.45,166.09,1,3.9,420.0,0.508,PM2.5-1HR
38,240330030,2025-10-26,5.63,9.82,68.61,0,1.3,34.93,1028.44,181.52,0,2.5,420.0,0.38,PM2.5-1HR
38,510590030,2025-10-26,5.46,10.41,65.13,0,0.92,13.77,1028.58,1261.9,3.2,6.98,420.0,0.244,PM2.5-1HR
38,510590031,2025-10-26,7.07,10.75,60.63,0,1.05,37.88,1028.55,1490.49,3.2,6.98,420.0,0.017,PM2.5-1HR
38,511071005,2025-10-26,6.45,8.93,69.08,0,0.9,349.3,1028.71,2238.14,2.9,6.56,420.0,0.103,PM2.5-1HR
38,240313001,2025-10-27,6.19,9.67,62.21,0,2.43,55.3,1026.32,166.09,1,3.9,420.0,0.508,PM2.5-1HR
38,240330030,2025-10-27,3.65,10.03,63.93,0,2.48,48.86,1026.32,181.52,0,2.5,420.0,0.38,PM2.5-1HR
38,510590030,2025-10-27,5.42,10.22,63.75,0,2.15,35.12,1026.42,1261.9,3.45,7.33,420.0,0.244,PM2.5-1HR
38,510590031,2025-10-27,6.31,10.34,60.17,0,2.45,41.22,1026.37,1490.49,3.45,7.33,420.0,0.017,PM2.5-1HR
38,511071005,2025-10-27,5.32,9.18,64.13,0,2.34,47.3,1026.6,2238.14,3.5,7.4,420.0,0.103,PM2.5-1HR
38,240313001,2025-10-28,3.95,9.87,61.06,0,4.18,47.21,1023.17,166.09,0,2.5,420.0,0.508,PM2.5-1HR
38,240330030,2025-10-28,2.85,10.19,62.95,0,4.64,45.42,1022.99,181.52,0,2.5,420.0,0.38,PM2.5-1HR
38,510590030,2025-10-28,3.77,10.27,65.25,0,4.27,40.22,1022.85,1261.9,3.25,7.05,420.0,0.244,PM2.5-1HR
38,510590031,2025-10-28,4.05,10.11,63.46,0,4.59,44.85,1022.92,1490.49,3.25,7.05,420.0,0.017,PM2.5-1HR
38,511071005,2025-10-28,4.13,9.54,62.17,0,4.03,49.36,1023.5,2238.14,2.7,6.28,420.0,0.103,PM2.5-1HR
38,240313001,2025-10-29,2.95,10.75,69.74,0.11,3.69,55.64,1017.91,166.09,1,3.9,420.0,0.508,PM2.5-1HR
38,240330030,2025-10-29,1.37,11.06,71.5,0.13,4.08,54.21,1017.82,181.52,0,2.5,420.0,0.38,PM2.5-1HR
38,510590030,2025-10-29,3.03,10.7,75.04,0.1,3.49,44.59,1017.73,1261.9,2.05,5.37,420.0,0.244,PM2.5-1HR
38,510590031,2025-10-29,3.83,10.49,73.96,0.1,3.81,49.08,1017.77,1490.49,2.05,5.37,420.0,0.017,PM2.5-1HR
38,511071005,2025-10-29,3.41,10.06,73.13,0.25,3.22,47.82,1018.23,2238.14,1.9,5.16,420.0,0.103,PM2.5-1HR
38,240313001,2025-10-30,1.45,14.6,82.81,1.66,4,157.01,1001.64,166.09,0,2.5,420.0,0.508,PM2.5-1HR
38,240330030,2025-10-30,0.72,15.14,83.19,1.88,4.15,167.05,1001.61,181.52,0,2.5,420.0,0.38,PM2.5-1HR
38,510590030,2025-10-30,2.6,14.95,84.25,2.55,3.15,230.29,1001.72,1261.9,1,3.9,420.0,0.244,PM2.5-1HR
38,510590031,2025-10-30,3.3,14.44,84,1.62,3.53,217.47,1001.79,1490.49,1,3.9,420.0,0.017,PM2.5-1HR
38,511071005,2025-10-30,1.84,13.6,82.92,0.54,3.79,218.89,1001.89,2238.14,0.6,3.34,420.0,0.103,PM2.5-1HR
38,240313001,2025-10-31,2.98,12.39,50.67,0,6.15,275.96,1003.19,166.09,0,2.5,420.0,0.508,PM2.5-1HR
38,240330030,2025-10-31,1.04,12.71,50.29,0,6.28,274.48,1003.01,181.52,0,2.5,420.0,0.38,PM2.5-1HR
38,510590030,2025-10-31,2.29,12,57.25,0,5.39,273.42,1004.12,1261.9,0.5,3.2,420.0,0.244,PM2.5-1HR
38,510590031,2025-10-31,2.24,11.71,57.25,0,5.73,275.41,1004.24,1490.49,0.5,3.2,420.0,0.017,PM2.5-1HR
38,511071005,2025-10-31,2.17,11.67,55.58,0,6.62,277.49,1004.22,2238.14,0.4,3.06,420.0,0.103,PM2.5-1HR
38,240313001,2025-11-01,6.44,11.22,55.06,0,3.1,275.36,1016.05,166.09,2,5.3,420.0,0.508,PM2.5-1HR
38,240330030,2025-11-01,4.44,11.4,55.79,0,3.06,268.7,1016.02,181.52,0,2.5,420.0,0.38,PM2.5-1HR
38,510590030,2025-11-01,4.71,10.66,61.67,0,2.4,259.64,1016.75,1261.9,3,6.7,420.0,0.244,PM2.5-1HR
38,510590031,2025-11-01,5.38,10.55,60.67,0,2.84,273.46,1016.75,1490.49,3,6.7,420.0,0.017,PM2.5-1HR
38,511071005,2025-11-01,5.11,11.33,53.92,0,3.52,278.49,1016.58,2238.14,3.3,7.12,420.0,0.103,PM2.5-1HR
38,240313001,2025-11-02,8.78,10.58,64.95,0,1.83,86.09,1023.74,166.09,1,3.9,420.0,0.508,PM2.5-1HR
38,240330030,2025-11-02,6.47,10.8,66.29,0,1.84,81.76,1023.76,181.52,0,2.5,420.0,0.38,PM2.5-1HR
38,510590030,2025-11-02,5.63,10.96,66.48,0,1.31,46.56,1024.02,1261.9,3.4,7.26,420.0,0.244,PM2.5-1HR
38,510590031,2025-11-02,8.17,11.15,63.8,0,1.54,57.7,1023.98,1490.49,3.4,7.26,420.0,0.017,PM2.5-1HR
38,511071005,2025-11-02,6.12,10.55,66.8,0,1.24,106.72,1024,2238.14,3.8,7.82,420.0,0.103,PM2.5-1HR
38,240313001,2025-11-03,5.58,12.32,67.72,0.01,2.15,272.93,1019.03,166.09,2,5.3,420.0,0.508,PM2.5-1HR
38,240330030,2025-11-03,4.54,12.45,70.32,0.02,2.13,314.04,1018.96,181.52,1,3.9,420.0,0.38,PM2.5-1HR
38,510590030,2025-11-03,7.71,12.79,72.25,0.1,2.11,329.95,1019.38,1261.9,3.35,7.19,420.0,0.244,PM2.5-1HR
38,510590031,2025-11-03,7.71,12.61,71.04,0.06,2.29,334.37,1019.41,1490.49,3.35,7.19,420.0,0.017,PM2.5-1HR
38,511071005,2025-11-03,6.26,12.31,64.46,0.01,2.57,291.84,1019.53,2238.14,3.6,7.54,420.0,0.103,PM2.5-1HR
38,240313001,2025-11-04,3.86,11.58,41.64,0,3.63,278.47,1022.36,166.09,1,3.9,420.0,0.508,PM2.5-1HR
38,240330030,2025-11-04,2.03,11.7,43.16,0,3.73,275.52,1022.27,181.52,0,2.5,420.0,0.38,PM2.5-1HR
38,510590030,2025-11-04,2.84,11.63,50.88,0,3.03,274.92,1023.11,1261.9,1.9,5.16,420.0,0.244,PM2.5-1HR
38,510590031,2025-11-04,3.93,11.75,47.54,0,3.45,282.12,1023.15,1490.49,1.9,5.16,420.0,0.017,PM2.5-1HR
38,511071005,2025-11-04,2.6,11.8,42.63,0,3.92,279.67,1023.12,2238.14,1.9,5.16,420.0,0.103,PM2.5-1HR
38,240313001,2025-11-05,4.58,13.24,49.73,0,3.72,224.91,1014.48,166.09,1,3.9,420.0,0.508,PM2.5-1HR
38,240330030,2025-11-05,4.42,13.38,51.46,0,3.87,225.04,1014.55,181.52,0,2.5,420.0,0.38,PM2.5-1HR
38,510590030,2025-11-05,5.33,12.6,57.33,0,3.46,219.87,1015.27,1261.9,4.1,8.24,420.0,0.244,PM2.5-1HR
38,510590031,2025-11-05,5.66,12.84,54.38,0,3.63,225.26,1015.25,1490.49,4.1,8.24,420.0,0.017,PM2.5-1HR
38,511071005,2025-11-05,5.06,12.21,54.29,0,3.53,224.48,1014.9,2238.14,2.7,6.28,420.0,0.103,PM2.5-1HR
38,240313001,2025-11-06,4.5,10.29,43.15,0,3.53,310.76,1019.91,166.09,1,3.9,420.0,0.508,PM2.5-1HR
38,240330030,2025-11-06,1.68,10.53,44.55,0,3.59,307.42,1019.81,181.52,0,2.5,420.0,0.38,PM2.5-1HR
38,510590030,2025-11-06,2.31,11.03,47.92,0,3.37,321.74,1020.33,1261.9,0.8,3.62,420.0,0.244,PM2.5-1HR
38,510590031,2025-11-06,2.76,10.93,46.63,0,3.72,323.37,1020.39,1490.49,0.8,3.62,420.0,0.017,PM2.5-1HR
38,511071005,2025-11-06,2.8,10.29,46.5,0,3.61,309.58,1020.51,2238.14,0.8,3.62,420.0,0.103,PM2.5-1HR
38,240313001,2025-11-07,7.79,9.87,61.15,0.03,4.2,182.54,1013.17,166.09,2,5.3,420.0,0.508,PM2.5-1HR
38,240330030,2025-11-07,4.72,10.15,62.19,0.02,4.17,185.01,1013.42,181.52,1,3.9,420.0,0.38,PM2.5-1HR
38,510590030,2025-11-07,6.21,10.17,61.96,0,3.8,189.77,1013.95,1261.9,3.4,7.26,420.0,0.244,PM2.5-1HR
38,510590031,2025-11-07,6.77,10.39,59.13,0.01,4.02,186.14,1013.87,1490.49,3.4,7.26,420.0,0.017,PM2.5-1HR
38,511071005,2025-11-07,7.23,10.35,58.21,0.14,4.89,190.64,1013.03,2238.14,3.7,7.68,420.0,0.103,PM2.5-1HR
38,240313001,2025-11-08,9.74,14.96,71.12,0.16,2.71,231,1008.26,166.09,2,5.3,420.0,0.508,PM2.5-1HR
38,240330030,2025-11-08,6.9,15.21,71.84,0.18,2.83,229.32,1008.3,181.52,0,2.5,420.0,0.38,PM2.5-1HR
38,510590030,2025-11-08,9.19,15.2,74.17,0.3,2.43,230.11,1008.79,1261.9,4.35,8.59,420.0,0.244,PM2.5-1HR
38,510590031,2025-11-08,9.47,15.05,73.71,0.24,2.71,230.86,1008.8,1490.49,4.35,8.59,420.0,0.017,PM2.5-1HR
38,511071005,2025-11-08,8.43,14.86,70.33,0.35,2.65,234.16,1008.53,2238.14,3.5,7.4,420.0,0.103,PM2.5-1HR
38,240313001,2025-11-09,9.37,13.23,83.67,0.07,2.32,174.84,1007.65,166.09,3,6.7,420.0,0.508,PM2.5-1HR
38,240330030,2025-11-09,9.07,13.59,85,0.07,2.48,176.56,1007.66,181.52,5,9.5,420.0,0.38,PM2.5-1HR
38,510590030,2025-11-09,12.35,14.47,83.17,0.41,2.33,201.02,1007.76,1261.9,4.45,8.73,420.0,0.244,PM2.5-1HR
38,510590031,2025-11-09,13.41,14.2,81.83,0.48,2.57,192.05,1007.75,1490.49,4.45,8.73,420.0,0.017,PM2.5-1HR
38,511071005,2025-11-09,12.48,13.09,78.58,0.11,2.41,199.18,1007.74,2238.14,4,8.1,420.0,0.103,PM2.5-1HR
38,240313001,2025-11-10,1.58,6.78,50.2,0,4.93,305.59,1009.26,166.09,0,2.5,420.0,0.508,PM2.5-1HR
38,240330030,2025-11-10,1.28,7.22,51.48,0.01,5.03,305.24,1008.97,181.52,0,2.5,420.0,0.38,PM2.5-1HR
38,510590030,2025-11-10,1.59,7.14,55.46,0,4.68,314.29,1009.62,1261.9,0.3,2.92,420.0,0.244,PM2.5-1HR
38,510590031,2025-11-10,1.5,6.76,55.13,0,5.12,313.79,1009.74,1490.49,0.3,2.92,420.0,0.017,PM2.5-1HR
38,511071005,2025-11-10,1.4,6.24,52.33,0,5.64,310.09,1010.18,2238.14,0.3,2.92,420.0,0.103,PM2.5-1HR
38,240313001,2025-11-11,4.17,2.23,44.95,0,5.32,272.48,1014.71,166.09,1,3.9,420.0,0.508,PM2.5-1HR
38,240330030,2025-11-11,1.94,2.6,45.07,0,5.52,272.61,1014.55,181.52,0,2.5,420.0,0.38,PM2.5-1HR
38,510590030,2025-11-11,2.04,2.49,49.08,0,4.76,272.35,1015.63,1261.9,1.15,4.11,420.0,0.244,PM2.5-1HR
38,510590031,2025-11-11,2.19,2.24,48.29,0,5.26,275.55,1015.72,1490.49,1.15,4.11,420.0,0.017,PM2.5-1HR
38,511071005,2025-11-11,2.49,1.73,48.08,0,5.57,273.28,1015.64,2238.14,1.5,4.6,420.0,0.103,PM2.5-1HR
38,240313001,2025-11-12,4.41,8.49,41.85,0,3.52,243.42,1011.5,166.09,2,5.3,420.0,0.508,PM2.5-1HR
38,240330030,2025-11-12,2.5,8.73,42.56,0,3.68,245.07,1011.57,181.52,0,2.5,420.0,0.38,PM2.5-1HR
38,510590030,2025-11-12,3.56,8.44,48.13,0,3.32,250.39,1012.18,1261.9,2.35,5.79,420.0,0.244,PM2.5-1HR
38,510590031,2025-11-12,3.73,8.39,46.46,0,3.62,255.25,1012.17,1490.49,2.35,5.79,420.0,0.017,PM2.5-1HR
38,511071005,2025-11-12,3.76,8.25,44,0,4.14,247.06,1011.86,2238.14,2.6,6.14,420.0,0.103,PM2.5-1HR
38,240313001,2025-11-13,3.55,8.99,42.8,0,3.74,276.88,1016.52,166.09,0,2.5,420.0,0.508,PM2.5-1HR
38,240330030,2025-11-13,1.79,9.26,43.08,0,3.85,277.26,1016.42,181.52,0,2.5,420.0,0.38,PM2.5-1HR
38,510590030,2025-11-13,2.6,9.22,49.08,0,3.17,280.14,1017.12,1261.9,2.2,5.58,420.0,0.244,PM2.5-1HR
38,510590031,2025-11-13,2.92,9.29,45.92,0,3.65,284.08,1017.16,1490.49,2.2,5.58,420.0,0.017,PM2.5-1HR
38,511071005,2025-11-13,2.67,9.23,42.29,0,4.06,279.9,1017.17,2238.14,2.2,5.58,420.0,0.103,PM2.5-1HR
38,240313001,2025-11-14,5.28,7.55,51.28,0,2.23,290.1,1019.3,166.09,1,3.9,420.0,0.508,PM2.5-1HR
38,240330030,2025-11-14,4.97,7.72,52.13,0,2.3,281.83,1019.28,181.52,0,2.5,420.0,0.38,PM2.5-1HR
38,510590030,2025-11-14,3.87,8.3,54,0,1.86,298.78,1019.68,1261.9,2.9,6.56,420.0,0.244,PM2.5-1HR
38,510590031,2025-11-14,4.49,8.67,49.63,0,2.23,292.45,1019.65,1490.49,2.9,6.56,420.0,0.017,PM2.5-1HR
38,511071005,2025-11-14,4.3,7.8,48.21,0,2.06,265.9,1019.67,2238.14,2.5,6.0,420.0,0.103,PM2.5-1HR
38,240313001,2025-11-15,8.45,11.56,57.46,0,2.38,167.06,1006.51,166.09,1,3.9,420.0,0.508,PM2.5-1HR
38,240330030,2025-11-15,4.84,11.51,59.65,0,2.51,173.4,1006.63,181.52,0,2.5,420.0,0.38,PM2.5-1HR
38,510590030,2025-11-15,7.17,12.78,61.63,0,2.18,185.45,1006.93,1261.9,4.35,8.59,420.0,0.244,PM2.5-1HR
38,510590031,2025-11-15,6.95,12.95,58.17,0,2.39,183.66,1006.89,1490.49,4.35,8.59,420.0,0.017,PM2.5-1HR
38,511071005,2025-11-15,7.61,12.85,51,0.03,2.36,196.82,1006.56,2238.14,6.2,11.18,420.0,0.103,PM2.5-1HR
38,240313001,2025-11-16,4.76,12.86,42.65,0,6.16,295.46,998.82,166.09,2,5.3,420.0,0.508,PM2.5-1HR
38,240330030,2025-11-16,2.86,13.21,42.61,0,6.22,293.8,998.6,181.52,1,3.9,420.0,0.38,PM2.5-1HR
38,510590030,2025-11-16,4.22,13.94,43.63,0.02,5.81,298.38,999.23,1261.9,2.05,5.37,420.0,0.244,PM2.5-1HR
38,510590031,2025-11-16,4.03,13.79,42.58,0,6.25,297.84,999.32,1490.49,2.05,5.37,420.0,0.017,PM2.5-1HR
38,511071005,2025-11-16,4.03,12.61,45.33,0.07,6.91,302.67,999.58,2238.14,2,5.3,420.0,0.103,PM2.5-1HR
38,240313001,2025-11-17,5.36,6.13,41.37,0,3.86,299.64,1013.12,166.09,0,2.5,420.0,0.508,PM2.5-1HR
38,240330030,2025-11-17,2.47,6.33,42.17,0,3.94,296.89,1013.02,181.52,0,2.5,420.0,0.38,PM2.5-1HR
38,510590030,2025-11-17,2.46,7.38,37,0,3.95,306.12,1013.62,1261.9,1.8,5.02,420.0,0.244,PM2.5-1HR
38,510590031,2025-11-17,3.24,7.16,36.58,0,4.28,304.29,1013.73,1490.49,1.8,5.02,420.0,0.017,PM2.5-1HR
38,511071005,2025-11-17,4.2,6.39,39.46,0,4.26,302.62,1013.75,2238.14,1.7,4.88,420.0,0.103,PM2.5-1HR
38,240313001,2025-11-18,6.88,4.4,59.91,0.36,1.98,232.41,1021.87,166.09,4,8.1,420.0,0.508,PM2.5-1HR
38,240330030,2025-11-18,4.21,4.78,59.59,0.37,2.06,237.32,1021.92,181.52,1,3.9,420.0,0.38,PM2.5-1HR
38,510590030,2025-11-18,4.44,5.02,59.42,0.27,1.72,216.74,1022.38,1261.9,3.4,7.26,420.0,0.244,PM2.5-1HR
38,510590031,2025-11-18,5.71,5.07,57.92,0.29,1.98,225.18,1022.35,1490.49,3.4,7.26,420.0,0.017,PM2.5-1HR
38,511071005,2025-11-18,4.24,3.96,63.71,0.32,2.24,211.89,1022.23,2238.14,2.9,6.56,420.0,0.103,PM2.5-1HR
38,240313001,2025-11-19,6.86,6.59,86.03,0.17,2.48,9.22,1021.2,166.09,3,6.7,420.0,0.508,PM2.5-1HR
38,510590030,2025-11-19,7.67,7.15,85.63,0.09,2.63,0.15,1021.14,1261.9,4.95,9.43,420.0,0.244,PM2.5-1HR
38,510590031,2025-11-19,8.56,6.76,85.38,0.06,2.92,4.75,1021.23,1490.49,4.95,9.43,420.0,0.017,PM2.5-1HR
38,511071005,2025-11-19,9.23,6.36,83.79,0.1,2.64,21.96,1021.48,2238.14,4.8,9.22,420.0,0.103,PM2.5-1HR
38,240313001,2025-11-20,10.99,6.23,81.28,0,1.01,93.74,1022.86,166.09,7,12.3,420.0,0.508,PM2.5-1HR
38,510590030,2025-11-20,12.41,6.99,82.79,0,0.87,77.15,1023.04,1261.9,9.3,15.52,420.0,0.244,PM2.5-1HR
38,510590031,2025-11-20,13.64,6.81,81.92,0,1.07,88.68,1023.05,1490.49,9.3,15.52,420.0,0.017,PM2.5-1HR
38,511071005,2025-11-20,12.88,6.67,79.5,0,1.13,120.37,1023.01,2238.14,9.9,16.36,420.0,0.103,PM2.5-1HR
38,240313001,2025-11-21,12.27,9.09,86.94,0.01,1.3,175.33,1017.09,166.09,8,13.7,420.0,0.508,PM2.5-1HR
38,240330030,2025-11-21,13.4,9.33,86.67,0,1.36,175.64,1017.12,181.52,11,17.9,420.0,0.38,PM2.5-1HR
38,510590030,2025-11-21,17.54,9,89.17,0.01,0.92,171.56,1017.43,1261.9,15.45,24.13,420.0,0.244,PM2.5-1HR
38,510590031,2025-11-21,19.09,8.92,89.17,0.01,1.09,167.95,1017.44,1490.49,15.45,24.13,420.0,0.017,PM2.5-1HR
38,240330030,2025-11-22,8.57,9.91,88.02,0.27,1.94,11.52,1012.76,181.52,3,6.7,420.0,0.38,PM2.5-1HR
38,510590030,2025-11-22,12.63,10.63,87.5,0.2,2.15,354.42,1012.97,1261.9,5.25,9.85,420.0,0.244,PM2.5-1HR
38,510590031,2025-11-22,14.39,10.48,86.88,0.24,2.48,353.71,1013.01,1490.49,5.25,9.85,420.0,0.017,PM2.5-1HR
38,240330030,2025-11-23,8.73,7.45,74.01,0,2.66,280.17,1017,181.52,4,8.1,420.0,0.38,PM2.5-1HR
38,510590030,2025-11-23,8.56,8.23,73.63,0,2.11,273.71,1017.48,1261.9,3.85,7.89,420.0,0.244,PM2.5-1HR
38,510590031,2025-11-23,8.13,8.5,69.92,0,2.36,272.58,1017.49,1490.49,3.85,7.89,420.0,0.017,PM2.5-1HR
38,240313001,2025-11-24,5.28,7.81,59.51,0,2.38,302.34,1023.59,166.09,4,8.1,420.0,0.508,PM2.5-1HR
38,240330030,2025-11-24,6.12,7.99,60.05,0,2.39,302.04,1023.59,181.52,0,2.5,420.0,0.38,PM2.5-1HR
38,510590030,2025-11-24,4.48,8.35,61.33,0,1.95,326.64,1024.02,1261.9,2.9,6.56,420.0,0.244,PM2.5-1HR
38,510590031,2025-11-24,4.94,8.44,59.46,0,2.27,318.44,1024.01,1490.49,2.9,6.56,420.0,0.017,PM2.5-1HR
38,240313001,2025-11-25,5.84,8.45,80.01,0.3,2.7,169.94,1019.84,166.09,2,5.3,420.0,0.508,PM2.5-1HR
38,240330030,2025-11-25,6.96,8.99,79.47,0.26,2.59,172.19,1019.97,181.52,3,6.7,420.0,0.38,PM2.5-1HR
38,510590030,2025-11-25,6.82,8.32,80.38,0.22,2.27,184.12,1020.27,1261.9,4.7,9.08,420.0,0.244,PM2.5-1HR
38,510590031,2025-11-25,7.57,7.98,80.96,0.17,2.75,180.27,1020.22,1490.49,4.7,9.08,420.0,0.017,PM2.5-1HR
38,840110010041,2025-11-30,7.45,2.96,77,0.12,3.65,203.47,1024.6,2248,4.67,9.038,420.0,0.092,PM2.5-1HR
38,840110010043,2025-11-30,6.17,2.81,76.79,0.1,3.71,198.89,1024.55,3927.42,4.67,9.038,420.0,0.356,PM2.5-1HR
38,840110010051,2025-11-30,7.82,2.96,77,0.12,3.65,203.47,1024.6,3605.91,4.67,9.038,420.0,0.004,PM2.5-1HR
38,840240313001,2025-11-30,7.39,2.62,74.96,0.07,4.17,197.95,1024.38,168.12,6,10.9,420.0,0.497,PM2.5-1HR
38,840240330030,2025-11-30,7.8,2.73,76.83,0.1,3.93,203.44,1024.53,181.52,6,10.9,420.0,0.38,PM2.5-1HR
38,840510590030,2025-11-30,7.19,2.65,79.58,0.1,3.56,201.48,1024.7,1261.9,4,8.1,420.0,0.244,PM2.5-1HR
38,840511071005,2025-11-30,6.4,3.25,66.54,0.05,4.54,193,1024.03,2238.14,4.1,8.24,420.0,0.103,PM2.5-1HR
38,840511130003,2025-11-30,2.66,-2.3,76.96,0.02,4.12,221.07,1024.18,23.74,1.8,5.02,420.0,0.474,PM2.5-1HR
38,840110010041,2025-12-01,4.18,3.08,59.54,0,3,341.72,1027.37,2248,0.17,2.738,420.0,0.092,PM2.5-1HR
38,840110010043,2025-12-01,3.02,2.89,59.33,0,3.17,336.89,1027.39,3927.42,0.17,2.738,420.0,0.356,PM2.5-1HR
38,840110010051,2025-12-01,4.52,3.08,59.54,0,3,341.72,1027.37,3605.91,0.17,2.738,420.0,0.004,PM2.5-1HR
38,840240313001,2025-12-01,6.16,2.06,60.83,0,3.17,342.58,1027.56,168.12,2,5.3,420.0,0.497,PM2.5-1HR
38,840240330030,2025-12-01,4.19,2.55,60.42,0,3.42,340.02,1027.34,181.52,1,3.9,420.0,0.38,PM2.5-1HR
38,840510590030,2025-12-01,4.82,2.99,59.63,0,3.01,345.41,1027.43,1261.9,3.4,7.26,420.0,0.244,PM2.5-1HR
38,840511071005,2025-12-01,4.61,2.45,53.21,0,3.15,331.71,1027.72,2238.14,3.7,7.68,420.0,0.103,PM2.5-1HR
38,840511130003,2025-12-01,5.16,-4.43,64.92,0,2.43,346.81,1028.15,23.74,4.2,8.38,420.0,0.474,PM2.5-1HR
38,840110010041,2025-12-02,1.32,1.86,86.67,0.87,2.66,335.02,1013.21,2248,0.97,3.858,420.0,0.092,PM2.5-1HR
38,840110010043,2025-12-02,4.13,1.62,88.13,0.78,2.85,334,1013.29,3927.42,0.97,3.858,420.0,0.356,PM2.5-1HR
38,840110010051,2025-12-02,5.62,1.86,86.67,0.87,2.66,335.02,1013.21,3605.91,0.97,3.858,420.0,0.004,PM2.5-1HR
38,840240313001,2025-12-02,4.67,1.05,89.71,0.73,3.29,335.1,1013.39,168.12,0,2.5,420.0,0.497,PM2.5-1HR
38,840240330030,2025-12-02,4.84,1.38,88.67,0.78,2.93,333.68,1013.21,181.52,0,2.5,420.0,0.38,PM2.5-1HR
38,840510590030,2025-12-02,5.1,1.54,89.29,0.94,2.61,314.47,1013.29,1261.9,2.9,6.56,420.0,0.244,PM2.5-1HR
38,840511071005,2025-12-02,5.21,1.65,84,0.64,3.35,327.43,1013.6,2238.14,4.1,8.24,420.0,0.103,PM2.5-1HR
38,840511130003,2025-12-02,3.94,-2.63,84.71,0.42,3.68,262.99,1013.38,23.74,0.3,2.92,420.0,0.474,PM2.5-1HR
38,840110010041,2025-12-24,8.66,7.97,61.5,0,3.08,330.87,1022.19,2248,6.6,11.74,420.0,0.092,PM2.5-1HR
38,840110010043,2025-12-24,9.59,8.08,60.75,0,3.28,328.41,1022.23,3927.42,6.6,11.74,420.0,0.356,PM2.5-1HR
38,840110010051,2025-12-24,10.76,7.97,61.5,0,3.08,330.87,1022.19,3605.91,6.6,11.74,420.0,0.004,PM2.5-1HR
38,840240313001,2025-12-24,13.18,7.3,61.83,0,3.87,330.91,1022.33,168.12,9,15.1,420.0,0.497,PM2.5-1HR
38,840240330030,2025-12-24,7.78,7.35,62.17,0,3.67,328.89,1022.15,181.52,4,8.1,420.0,0.38,PM2.5-1HR
38,840510590030,2025-12-24,7.41,8.33,59.21,0,3.11,330.69,1022.27,1261.9,5.8,10.62,420.0,0.244,PM2.5-1HR
38,840511071005,2025-12-24,14.38,8.38,55.96,0,4.16,336.15,1022.43,2238.14,11.5,18.6,420.0,0.103,PM2.5-1HR
38,840511130003,2025-12-24,4.24,5.71,47.13,0,2.66,316.69,1022.3,23.74,3.3,7.12,420.0,0.474,PM2.5-1HR
38,840110010041,2025-12-25,6.91,6.54,64.96,0.02,2.6,251.22,1018.78,2248,2.7,6.28,420.0,0.092,PM2.5-1HR
38,840110010043,2025-12-25,5.37,6.6,64.67,0,2.67,253.83,1018.75,3927.42,2.7,6.28,420.0,0.356,PM2.5-1HR
38,840110010051,2025-12-25,7.6,6.54,64.96,0.02,2.6,251.22,1018.78,3605.91,2.7,6.28,420.0,0.004,PM2.5-1HR
38,840240313001,2025-12-25,7.48,6.09,63.46,0,3.32,255.79,1018.75,168.12,3,6.7,420.0,0.497,PM2.5-1HR
38,840240330030,2025-12-25,8.21,6.02,64.71,0,2.9,256.93,1018.79,181.52,3,6.7,420.0,0.38,PM2.5-1HR
38,840510590030,2025-12-25,6.18,7.08,62.58,0.02,2.82,256.2,1018.74,1261.9,4.4,8.66,420.0,0.244,PM2.5-1HR
38,840511071005,2025-12-25,6.98,7.16,59.92,0.05,3.32,253.32,1018.73,2238.14,4.6,8.94,420.0,0.103,PM2.5-1HR
38,840511130003,2025-12-25,4.65,4.03,66.17,0.03,3.36,280.28,1018.4,23.74,2.9,6.56,420.0,0.474,PM2.5-1HR
38,840110010041,2025-12-26,3.1,0.85,63.83,0.13,3.04,107.89,1019.16,2248,0.6,3.34,420.0,0.092,PM2.5-1HR
38,840110010043,2025-12-26,3.03,0.77,63.67,0.22,2.92,110.6,1019.08,3927.42,0.6,3.34,420.0,0.356,PM2.5-1HR
38,840110010051,2025-12-26,4.59,0.85,63.83,0.13,3.04,107.89,1019.16,3605.91,0.6,3.34,420.0,0.004,PM2.5-1HR
38,840240313001,2025-12-26,4.15,-0.03,64.5,0.08,3.66,113.14,1019.02,168.12,1,3.9,420.0,0.497,PM2.5-1HR
38,840240330030,2025-12-26,3.03,0.14,64.83,0.07,3.38,106.67,1019.23,181.52,0,2.5,420.0,0.38,PM2.5-1HR
38,840510590030,2025-12-26,3.32,1.43,59.67,0.07,3.01,115.08,1019.06,1261.9,2,5.3,420.0,0.244,PM2.5-1HR
38,840511071005,2025-12-26,3.93,1.03,56.63,0.03,3.51,118.15,1018.64,2238.14,2.5,6.0,420.0,0.103,PM2.5-1HR
38,840511130003,2025-12-26,6.27,-2.91,69.29,0.02,3.2,151.03,1018.4,23.74,2.7,6.28,420.0,0.474,PM2.5-1HR
38,840110010041,2025-12-27,6.23,3.02,76.54,0,2.49,19.99,1017.51,2248,1.33,4.362,420.0,0.092,PM2.5-1HR
38,840110010043,2025-12-27,4.75,3.33,75.92,0,2.43,18.44,1017.49,3927.42,1.33,4.362,420.0,0.356,PM2.5-1HR
38,840110010051,2025-12-27,6.97,3.02,76.54,0,2.49,19.99,1017.51,3605.91,1.33,4.362,420.0,0.004,PM2.5-1HR
38,840240313001,2025-12-27,4.77,2.79,77.04,0,2.87,14.05,1017.61,168.12,1,3.9,420.0,0.497,PM2.5-1HR
38,840240330030,2025-12-27,5.8,2.43,78,0,2.7,14.5,1017.63,181.52,2,5.3,420.0,0.38,PM2.5-1HR
38,840510590030,2025-12-27,5.91,3.78,73.96,0,2.5,25.62,1017.4,1261.9,4.2,8.38,420.0,0.244,PM2.5-1HR
38,840511071005,2025-12-27,6.85,4.12,71.04,0,2.97,19.37,1017.49,2238.14,5,9.5,420.0,0.103,PM2.5-1HR
38,840511130003,2025-12-27,5.11,1.38,85.75,0,1.6,22.08,1016.2,23.74,3,6.7,420.0,0.474,PM2.5-1HR
38,840110010041,2025-12-28,9.28,3.12,81.5,0,2.79,156.52,1019.23,2248,4.57,8.898,420.0,0.092,PM2.5-1HR
38,840110010043,2025-12-28,7.78,3.31,81.21,0,2.9,157.12,1019.09,3927.42,4.57,8.898,420.0,0.356,PM2.5-1HR
38,840110010051,2025-12-28,9.75,3.12,81.5,0,2.79,156.52,1019.23,3605.91,4.57,8.898,420.0,0.004,PM2.5-1HR
38,840240313001,2025-12-28,8.53,2.66,83.54,0,3.4,158.26,1018.91,168.12,5,9.5,420.0,0.497,PM2.5-1HR
38,840240330030,2025-12-28,7.95,2.48,83.42,0,3.05,156.49,1019.2,181.52,4,8.1,420.0,0.38,PM2.5-1HR
38,840510590030,2025-12-28,7.65,3.75,78.75,0,3.17,162.4,1019.17,1261.9,6.2,11.18,420.0,0.244,PM2.5-1HR
38,840511071005,2025-12-28,8.86,3.94,77.5,0.02,3.92,161.82,1018.4,2238.14,6.1,11.04,420.0,0.103,PM2.5-1HR
38,840511130003,2025-12-28,6.41,-1.03,92.46,0.05,3.44,191.99,1018.34,23.74,3.5,7.4,420.0,0.474,PM2.5-1HR
38,840110010041,2025-12-29,4.93,8.2,67.75,0.03,6.6,252.52,1002.25,2248,0.4,3.06,420.0,0.092,PM2.5-1HR
38,840110010043,2025-12-29,4.51,7.92,67.17,0.02,6.6,252.15,1002.33,3927.42,0.4,3.06,420.0,0.356,PM2.5-1HR
38,840110010051,2025-12-29,4.59,8.2,67.75,0.03,6.6,252.52,1002.25,3605.91,0.4,3.06,420.0,0.004,PM2.5-1HR
38,840240313001,2025-12-29,4.36,6.51,69.17,0.06,7.5,253.21,1002.26,168.12,0,2.5,420.0,0.497,PM2.5-1HR
38,840240330030,2025-12-29,3.9,7.4,69.04,0.05,6.97,254.05,1002.08,181.52,0,2.5,420.0,0.38,PM2.5-1HR
38,840510590030,2025-12-29,4.08,8.55,65.88,0.02,6.48,251.98,1002.61,1261.9,1.1,4.04,420.0,0.244,PM2.5-1HR
38,840511071005,2025-12-29,3.89,6.62,65.54,0.08,7.52,249.95,1002.66,2238.14,0.8,3.62,420.0,0.103,PM2.5-1HR
38,840511130003,2025-12-29,3.09,0.34,71.5,0.03,6.92,264.31,1003.8,23.74,0.4,3.06,420.0,0.474,PM2.5-1HR
38,840110010041,2025-12-30,2.54,-1.28,51.42,0,5.29,284.7,1012.82,2248,0.17,2.738,420.0,0.092,PM2.5-1HR
38,840110010043,2025-12-30,2.11,-1.49,51.04,0,5.38,287.29,1012.91,3927.42,0.17,2.738,420.0,0.356,PM2.5-1HR
38,840110010051,2025-12-30,2.68,-1.28,51.42,0,5.29,284.7,1012.82,3605.91,0.17,2.738,420.0,0.004,PM2.5-1HR
38,840240313001,2025-12-30,3,-2.17,51.75,0,6.48,287,1012.66,168.12,0,2.5,420.0,0.497,PM2.5-1HR
38,840240330030,2025-12-30,2.65,-1.72,50.88,0,6.21,285.79,1012.49,181.52,0,2.5,420.0,0.38,PM2.5-1HR
38,840510590030,2025-12-30,2.9,-1.19,48.96,0,5.33,288.38,1013.22,1261.9,2,5.3,420.0,0.244,PM2.5-1HR
38,840511071005,2025-12-30,3.05,-1.75,46.96,0,6.37,289.17,1013.26,2238.14,2.4,5.86,420.0,0.103,PM2.5-1HR
38,840110010041,2025-12-31,3.63,-0.59,51.42,0.02,3.23,246.75,1012.31,2248,0.37,3.018,420.0,0.092,PM2.5-1HR
38,840110010043,2025-12-31,4.06,-0.6,50.17,0.01,3.17,249.51,1012.3,3927.42,0.37,3.018,420.0,0.356,PM2.5-1HR
38,840110010051,2025-12-31,3.83,-0.59,51.42,0.02,3.23,246.75,1012.31,3605.91,0.37,3.018,420.0,0.004,PM2.5-1HR
38,840240313001,2025-12-31,5.74,-1.35,51.17,0.01,3.96,253.61,1012.15,168.12,2,5.3,420.0,0.497,PM2.5-1HR
38,840240330030,2025-12-31,3.96,-1.08,52.04,0.02,3.78,252.93,1012.18,181.52,1,3.9,420.0,0.38,PM2.5-1HR
38,840510590030,2025-12-31,4.47,-0.43,51.63,0.02,2.86,237.03,1012.45,1261.9,3,6.7,420.0,0.244,PM2.5-1HR
38,840511071005,2025-12-31,4.11,-0.89,49.08,0,3.33,247.54,1012.22,2238.14,3.5,7.4,420.0,0.103,PM2.5-1HR
38,840511130003,2025-12-31,2.67,-6.13,55.33,0,3.55,264.3,1012.55,23.74,1.3,4.32,420.0,0.474,PM2.5-1HR
38,840110010051,2026-01-01,6.6,-1.2,50,0.01,3.46,288.37,1010.94,3528.37,1.37,4.418,420.0,0.004,PM2.5-1HR
38,840110010041,2026-01-01,4.93,-1.2,50,0.01,3.46,288.37,1010.94,2199.71,1.37,4.418,420.0,0.092,PM2.5-1HR
38,840110010043,2026-01-01,6.67,-1.36,47.21,0.01,3.58,295.97,1010.98,3858.15,1.37,4.418,420.0,0.356,PM2.5-1HR
38,840240313001,2026-01-01,4.86,-2.31,45.13,0.01,4.26,294.69,1011.01,169.39,1,3.9,420.0,0.497,PM2.5-1HR
38,840240330030,2026-01-01,4.11,-1.73,49.38,0.01,3.88,287.14,1010.81,185.64,0,2.5,420.0,0.38,PM2.5-1HR
38,840510590030,2026-01-01,3.32,-1.01,50.67,0.01,3.36,293.44,1011.04,1265.08,0.9,3.76,420.0,0.244,PM2.5-1HR
38,840511071005,2026-01-01,3.7,-1.82,44.42,0.01,4.1,310.71,1011.25,2249.31,0.9,3.76,420.0,0.103,PM2.5-1HR
38,840511130003,2026-01-01,2.03,-5.2,47.67,0,3.95,275.61,1010.8,23.76,0.9,3.76,420.0,0.474,PM2.5-1HR
38,840110010041,2026-01-02,5.99,-0.94,44.67,0,1.34,35.46,1011.2,2199.71,2.43,5.902,420.0,0.092,PM2.5-1HR
38,840110010043,2026-01-02,6.6,-0.99,42.5,0,1.3,15.9,1011.19,3858.15,2.43,5.902,420.0,0.356,PM2.5-1HR
38,840110010051,2026-01-02,6.94,-0.94,44.67,0,1.34,35.46,1011.2,3528.37,2.43,5.902,420.0,0.004,PM2.5-1HR
38,840240313001,2026-01-02,7.95,-1.85,43.75,0,1.57,287.61,1011.25,169.39,5,9.5,420.0,0.497,PM2.5-1HR
38,840240330030,2026-01-02,6.08,-1.52,45,0,1.4,239.86,1011.2,185.64,3,6.7,420.0,0.38,PM2.5-1HR
38,840510590030,2026-01-02,5.63,-0.64,44.75,0,1.43,30.85,1011.13,1265.08,3.6,7.54,420.0,0.244,PM2.5-1HR
38,840511071005,2026-01-02,5.48,-1.28,43.21,0,1.54,67.44,1011.22,2249.31,4.1,8.24,420.0,0.103,PM2.5-1HR
38,840511130003,2026-01-02,5.06,-3.79,62.83,0,1.32,240.23,1010.15,23.76,3.8,7.82,420.0,0.474,PM2.5-1HR
38,840110010041,2026-01-03,9.34,-0.94,56.67,0,1.21,319.83,1016.39,2199.71,4.63,8.982,420.0,0.092,PM2.5-1HR
38,840110010043,2026-01-03,8.79,-1.03,56.42,0,1.47,329.98,1016.4,3858.15,4.63,8.982,420.0,0.356,PM2.5-1HR
38,840110010051,2026-01-03,11.06,-0.94,56.67,0,1.21,319.83,1016.39,3528.37,4.63,8.982,420.0,0.004,PM2.5-1HR
38,840240313001,2026-01-03,8.8,-1.81,53,0,1.73,314.81,1016.44,169.39,4,8.1,420.0,0.497,PM2.5-1HR
38,840240330030,2026-01-03,7.94,-1.38,56.63,0,1.58,318.96,1016.37,185.64,3,6.7,420.0,0.38,PM2.5-1HR
38,840510590030,2026-01-03,10.09,-0.99,55.25,0,1.02,346.89,1016.42,1265.08,5.3,9.92,420.0,0.244,PM2.5-1HR
38,840511071005,2026-01-03,9.84,-1.48,52.42,0,1.41,334.69,1016.52,2249.31,5.5,10.2,420.0,0.103,PM2.5-1HR
38,840511130003,2026-01-03,3.23,-4.9,76.5,0,0.83,169.92,1015.76,23.76,1.6,4.74,420.0,0.474,PM2.5-1HR
38,840110010041,2026-01-04,12.55,0.69,57.83,0,1.52,337.89,1020.15,2199.71,8.83,14.862,420.0,0.092,PM2.5-1HR
38,840110010043,2026-01-04,10.58,0.51,56.96,0,1.73,331.75,1020.17,3858.15,8.83,14.862,420.0,0.356,PM2.5-1HR
38,840110010051,2026-01-04,11.53,0.69,57.83,0,1.52,337.89,1020.15,3528.37,8.83,14.862,420.0,0.004,PM2.5-1HR
38,840240313001,2026-01-04,12.38,-0.18,51.42,0,2.19,332.33,1020.24,169.39,8,13.7,420.0,0.497,PM2.5-1HR
38,840240330030,2026-01-04,11.18,0.11,57.38,0,1.81,338.41,1020.15,185.64,10,16.5,420.0,0.38,PM2.5-1HR
38,840510590030,2026-01-04,12.6,0.84,54,0,1.71,345.75,1020.16,1265.08,10.3,16.92,420.0,0.244,PM2.5-1HR
38,840511071005,2026-01-04,14.02,0.37,51.04,0,2.41,335.65,1020.35,2249.31,10.4,17.06,420.0,0.103,PM2.5-1HR
38,840511130003,2026-01-04,1.64,-3.23,59.71,0,1.39,308.9,1019.65,23.76,1,3.9,420.0,0.474,PM2.5-1HR
38,840110010041,2026-01-05,12.04,0.98,66.17,0,2.32,182.66,1021.16,2199.71,8.53,14.442,420.0,0.092,PM2.5-1HR
38,840110010043,2026-01-05,11.14,0.81,66.67,0,2.39,181.88,1021.09,3858.15,8.53,14.442,420.0,0.356,PM2.5-1HR
38,840110010051,2026-01-05,13.4,0.98,66.17,0,2.32,182.66,1021.16,3528.37,8.53,14.442,420.0,0.004,PM2.5-1HR
38,840240313001,2026-01-05,12.83,0.15,69.92,0,2.88,178.32,1020.96,169.39,9,15.1,420.0,0.497,PM2.5-1HR
38,840240330030,2026-01-05,10.57,0.48,68.21,0,2.6,188.65,1021.11,185.64,7,12.3,420.0,0.38,PM2.5-1HR
38,840510590030,2026-01-05,12.4,0.88,66.92,0,2.49,182.93,1021.18,1265.08,9.8,16.22,420.0,0.244,PM2.5-1HR
38,840511071005,2026-01-05,13.91,0.54,68.92,0,3.15,183.51,1020.62,2249.31,11.5,18.6,420.0,0.103,PM2.5-1HR
38,840511130003,2026-01-05,8.64,-3.74,73.71,0,3.25,199.46,1020.49,23.76,1.3,4.32,420.0,0.474,PM2.5-1HR
38,840110010041,2026-01-06,19.65,3.19,89,0,1.38,141.1,1011.16,2199.71,10.37,17.018,420.0,0.092,PM2.5-1HR
38,840110010043,2026-01-06,15.48,3.14,89.04,0,1.42,146.65,1011.1,3858.15,10.37,17.018,420.0,0.356,PM2.5-1HR
38,840110010051,2026-01-06,18.52,3.19,89,0,1.38,141.1,1011.16,3528.37,10.37,17.018,420.0,0.004,PM2.5-1HR
38,840240313001,2026-01-06,13.14,3.04,86.79,0,1.91,151.65,1011.06,169.39,9,15.1,420.0,0.497,PM2.5-1HR
38,840240330030,2026-01-06,14.06,3.03,87.33,0,1.63,143.19,1011.18,185.64,10,16.5,420.0,0.38,PM2.5-1HR
38,840510590030,2026-01-06,17.19,3.43,89.04,0,1.37,161.97,1011.09,1265.08,10.2,16.78,420.0,0.244,PM2.5-1HR
38,840511071005,2026-01-06,19.35,2.49,86.21,0,1.6,166.69,1010.9,2249.31,12,19.3,420.0,0.103,PM2.5-1HR
38,840511130003,2026-01-06,5.31,3.77,66.96,0,2.32,237.11,1009.42,23.76,3.4,7.26,420.0,0.474,PM2.5-1HR
38,840110010041,2026-01-07,13.56,8.83,75.75,0,3.17,293.38,1010.48,2199.71,1.87,5.118,420.0,0.092,PM2.5-1HR
38,840110010043,2026-01-07,10.08,9.03,74.42,0,3.31,293.87,1010.5,3858.15,1.87,5.118,420.0,0.356,PM2.5-1HR
38,840110010051,2026-01-07,13.31,8.83,75.75,0,3.17,293.38,1010.48,3528.37,1.87,5.118,420.0,0.004,PM2.5-1HR
38,840240313001,2026-01-07,2.78,7.5,77.83,0,3.41,290.5,1010.6,169.39,2,5.3,420.0,0.497,PM2.5-1HR
38,840240330030,2026-01-07,10.63,8.1,75.83,0,3.57,297.02,1010.46,185.64,1,3.9,420.0,0.38,PM2.5-1HR
38,840510590030,2026-01-07,11.12,8.86,75.88,0,3.22,297.71,1010.54,1265.08,4.4,8.66,420.0,0.244,PM2.5-1HR
38,840511071005,2026-01-07,11.58,7.63,75.58,0,2.92,287.13,1010.65,2249.31,4.5,8.8,420.0,0.103,PM2.5-1HR
38,840511130003,2026-01-07,7.84,5.45,73.21,0,4.06,293.76,1010.85,23.76,6.5,11.6,420.0,0.474,PM2.5-1HR
38,840110010041,2026-01-08,12.19,5.89,78.42,0,1.31,223.32,1022.81,2199.71,5.5,10.2,420.0,0.092,PM2.5-1HR
38,840110010043,2026-01-08,8.67,6.23,78,0,1.48,242.24,1022.78,3858.15,5.5,10.2,420.0,0.356,PM2.5-1HR
38,840110010051,2026-01-08,12.55,5.89,78.42,0,1.31,223.32,1022.81,3528.37,5.5,10.2,420.0,0.004,PM2.5-1HR
38,840240313001,2026-01-08,5.08,5.85,78.67,0,1.91,227.65,1022.7,169.39,1,3.9,420.0,0.497,PM2.5-1HR
38,840240330030,2026-01-08,7.71,5.5,79.25,0,1.58,225.12,1022.76,185.64,5,9.5,420.0,0.38,PM2.5-1HR
38,840510590030,2026-01-08,7.66,5.93,76.33,0,1.33,250.97,1022.82,1265.08,4,8.1,420.0,0.244,PM2.5-1HR
38,840511071005,2026-01-08,7.96,5.75,74.13,0,1.85,198.84,1022.61,2249.31,5.2,9.78,420.0,0.103,PM2.5-1HR
38,840511130003,2026-01-08,4.25,2.96,67.67,0,1.62,195.37,1022.15,23.76,0.8,3.62,420.0,0.474,PM2.5-1HR
38,840110010041,2026-01-09,13.38,7.77,87.79,0.14,3.23,183.9,1022.04,2199.71,6.4,11.46,420.0,0.092,PM2.5-1HR
38,840110010043,2026-01-09,11.24,7.63,87.75,0.14,3.38,183.08,1021.94,3858.15,6.4,11.46,420.0,0.356,PM2.5-1HR
38,840110010051,2026-01-09,11.8,7.77,87.79,0.14,3.23,183.9,1022.04,3528.37,6.4,11.46,420.0,0.004,PM2.5-1HR
38,840240313001,2026-01-09,7.94,7.14,90.04,0.09,3.87,178.79,1021.77,169.39,4,8.1,420.0,0.497,PM2.5-1HR
38,840240330030,2026-01-09,9.02,7.23,89.38,0.07,3.54,185.11,1022,185.64,4,8.1,420.0,0.38,PM2.5-1HR
38,840510590030,2026-01-09,11.14,7.61,88.29,0.24,3.12,189,1022.07,1265.08,9.1,15.24,420.0,0.244,PM2.5-1HR
38,840511071005,2026-01-09,14.29,7.85,85.38,0.13,4.5,181.5,1021.28,2249.31,9,15.1,420.0,0.103,PM2.5-1HR
38,840511130003,2026-01-09,8.41,4.28,89.38,0.05,4.02,212,1021.19,23.76,4.9,9.36,420.0,0.474,PM2.5-1HR
38,840110010041,2026-01-10,13.17,8.32,97.25,1.06,2.58,19.54,1017.23,2199.71,1.4,4.46,420.0,0.092,PM2.5-1HR
38,840110010043,2026-01-10,9.97,8.31,96.92,1.24,2.52,25.3,1017.25,3858.15,1.4,4.46,420.0,0.356,PM2.5-1HR
38,840110010051,2026-01-10,12.26,8.32,97.25,1.06,2.58,19.54,1017.23,3528.37,1.4,4.46,420.0,0.004,PM2.5-1HR
38,840240313001,2026-01-10,6.12,7.75,96.75,0.76,3.17,45.92,1017.35,169.39,0,2.5,420.0,0.497,PM2.5-1HR
38,840240330030,2026-01-10,7.2,7.93,97.46,1.2,3.04,30.9,1017.34,185.64,0,2.5,420.0,0.38,PM2.5-1HR
38,840510590030,2026-01-10,11.31,8.68,97.63,1.16,2.35,16.14,1017.12,1265.08,3.1,6.84,420.0,0.244,PM2.5-1HR
38,840511071005,2026-01-10,10.01,7.81,97.13,0.64,2.56,27.63,1017.26,2249.31,2.2,5.58,420.0,0.103,PM2.5-1HR
38,840511130003,2026-01-10,3.39,5.28,96.63,1.11,1.83,59.9,1016.45,23.76,0.1,2.64,420.0,0.474,PM2.5-1HR
38,840110010041,2026-01-14,10.13,8.02,56.13,0,3.33,203.35,1002.62,2199.71,8.63,14.582,420.0,0.092,PM2.5-1HR
38,840110010043,2026-01-14,7.98,7.94,56.5,0,3.25,200.08,1002.55,3858.15,8.63,14.582,420.0,0.356,PM2.5-1HR
38,840110010051,2026-01-14,11.2,8.02,56.13,0,3.33,203.35,1002.62,3528.37,8.63,14.582,420.0,0.004,PM2.5-1HR
38,840240313001,2026-01-14,9.78,7.56,57.88,0.01,3.15,198.79,1002.38,169.39,7,12.3,420.0,0.497,PM2.5-1HR
38,840240330030,2026-01-14,9.98,7.66,57.5,0,3.19,203.63,1002.53,185.64,8,13.7,420.0,0.38,PM2.5-1HR
38,840510590030,2026-01-14,8.42,8.19,53.92,0,3.25,200.9,1002.75,1265.08,7.5,13.0,420.0,0.244,PM2.5-1HR
38,840511071005,2026-01-14,9.74,7.93,52.75,0.02,3.32,194.92,1002.17,2249.31,9.4,15.66,420.0,0.103,PM2.5-1HR
38,840511130003,2026-01-14,5.06,3.12,52.96,0.01,2.83,234.49,1002.36,23.76,3.6,7.54,420.0,0.474,PM2.5-1HR
38,840110010041,2026-01-15,3.78,-0.35,51.46,0.03,5.47,287.64,1003.81,2199.71,0.77,3.578,420.0,0.092,PM2.5-1HR
38,840110010043,2026-01-15,2.78,-0.65,51.71,0.04,5.47,289.43,1003.96,3858.15,0.77,3.578,420.0,0.356,PM2.5-1HR
38,840110010051,2026-01-15,3.32,-0.35,51.46,0.03,5.47,287.64,1003.81,3528.37,0.77,3.578,420.0,0.004,PM2.5-1HR
38,840240313001,2026-01-15,2.49,-1.71,53.46,0.04,6.27,286.16,1003.95,169.39,0,2.5,420.0,0.497,PM2.5-1HR
38,840240330030,2026-01-15,3.36,-1.01,53.17,0.05,5.91,286.38,1003.66,185.64,0,2.5,420.0,0.38,PM2.5-1HR
38,840510590030,2026-01-15,2.22,-0.19,50.33,0.01,5.17,292.19,1004.1,1265.08,0.9,3.76,420.0,0.244,PM2.5-1HR
38,840511071005,2026-01-15,2.12,-1.49,48.42,0.01,6.2,292.3,1004.59,2249.31,0.8,3.62,420.0,0.103,PM2.5-1HR
38,840511130003,2026-01-15,1.91,-8.43,51.21,0,5.96,296.92,1005.67,23.76,0.7,3.48,420.0,0.474,PM2.5-1HR
38,840511130003,2026-01-16,2.53,-8.19,42.42,0,3.52,239.33,1014.92,23.76,1.4,4.46,420.0,0.474,PM2.5-1HR
38,840110010041,2026-01-16,4.12,-1.48,39.88,0.03,3.69,239.24,1014.79,2199.71,0.23,2.822,420.0,0.092,PM2.5-1HR
38,840110010043,2026-01-16,2.92,-1.66,40.63,0.01,3.64,239.18,1014.76,3858.15,0.23,2.822,420.0,0.356,PM2.5-1HR
38,840110010051,2026-01-16,4.3,-1.48,39.88,0.03,3.69,239.24,1014.79,3528.37,0.23,2.822,420.0,0.004,PM2.5-1HR
38,840240313001,2026-01-16,3.42,-2.4,41.04,0,4.3,239.48,1014.55,169.39,0,2.5,420.0,0.497,PM2.5-1HR
38,840240330030,2026-01-16,4.13,-1.98,41.21,0.02,3.93,241.78,1014.62,185.64,1,3.9,420.0,0.38,PM2.5-1HR
38,840510590030,2026-01-16,3.16,-1.39,39.5,0.02,3.5,234.24,1014.93,1265.08,2,5.3,420.0,0.244,PM2.5-1HR
38,840511071005,2026-01-16,3.25,-2.16,39.29,0,4.01,227.52,1014.62,2249.31,1.9,5.16,420.0,0.103,PM2.5-1HR
38,840511130003,2026-01-17,5.69,-2.08,54.33,0.07,3.24,219.69,1016.86,23.76,3.7,7.68,420.0,0.474,PM2.5-1HR
38,840110010041,2026-01-17,10.57,2.41,64.29,0.08,2.59,183.18,1017.54,2199.71,3.03,6.742,420.0,0.092,PM2.5-1HR
38,840110010043,2026-01-17,8.72,2.23,65.04,0.08,2.63,179.62,1017.47,3858.15,3.03,6.742,420.0,0.356,PM2.5-1HR
38,840110010051,2026-01-17,9.77,2.41,64.29,0.08,2.59,183.18,1017.54,3528.37,3.03,6.742,420.0,0.004,PM2.5-1HR
38,840240313001,2026-01-17,7.97,1.8,60.08,0.05,2.92,174.84,1017.34,169.39,5,9.5,420.0,0.497,PM2.5-1HR
38,840240330030,2026-01-17,8.89,1.72,65.79,0.09,2.67,181.34,1017.53,185.64,4,8.1,420.0,0.38,PM2.5-1HR
38,840510590030,2026-01-17,8.35,2.78,61.83,0.05,2.62,181.09,1017.48,1265.08,4.4,8.66,420.0,0.244,PM2.5-1HR
38,840511071005,2026-01-17,7.49,2.25,57.25,0.05,2.72,172.33,1017,2249.31,3.7,7.68,420.0,0.103,PM2.5-1HR
38,840511130003,2026-01-18,4.64,-5.65,70.08,0.05,1.85,297.06,1016.48,23.76,3.7,7.68,420.0,0.474,PM2.5-1HR
38,840110010041,2026-01-18,6.98,0.24,83,0.22,2.23,346.9,1016.33,2199.71,3.67,7.638,420.0,0.092,PM2.5-1HR
38,840110010043,2026-01-18,6.29,1.39,86.43,0.32,3.05,339.37,1012.9,3858.15,3.67,7.638,420.0,0.356,PM2.5-1HR
38,840110010051,2026-01-18,6.79,1.59,89.36,0.37,2.74,345.33,1013.59,3528.37,3.67,7.638,420.0,0.004,PM2.5-1HR
38,840240313001,2026-01-18,4.7,0.54,82.71,0.22,3.27,336.62,1008.19,169.39,2,5.3,420.0,0.497,PM2.5-1HR
38,840240330030,2026-01-18,7.88,0.78,90.5,0.36,2.89,342.55,1011.82,185.64,4,8.1,420.0,0.38,PM2.5-1HR
38,840510590030,2026-01-18,7.43,0.33,79.13,0.2,2.41,339.12,1016.33,1265.08,6.4,11.46,420.0,0.244,PM2.5-1HR
38,840511071005,2026-01-18,6.96,-1.03,75.58,0.06,2.83,334.11,1016.65,2249.31,4.4,8.66,420.0,0.103,PM2.5-1HR
38,840511130003,2026-01-19,3.81,-7.68,52.04,0,3.62,277.79,1018.18,23.76,3.1,6.84,420.0,0.474,PM2.5-1HR
38,840110010041,2026-01-19,5.43,-0.86,49.08,0,3.57,273.88,1017.57,2199.71,0.97,3.858,420.0,0.092,PM2.5-1HR
38,840510590030,2026-01-19,5.09,-0.7,48.13,0,3.54,275.71,1017.65,1265.08,3.7,7.68,420.0,0.244,PM2.5-1HR
38,840511071005,2026-01-19,5,-2.16,46.92,0,4.24,279.73,1017.86,2249.31,3.7,7.68,420.0,0.103,PM2.5-1HR
38,840511130003,2026-01-20,2.96,-10.56,36.29,0,2.56,276.04,1028.94,23.76,2.4,5.86,420.0,0.474,PM2.5-1HR
38,840110010041,2026-01-20,2.82,-3.7,39.21,0,2.76,315.57,1028.52,2199.71,0.5,3.2,420.0,0.092,PM2.5-1HR
38,840510590030,2026-01-20,3.71,-3.53,40.63,0,2.55,317.95,1028.52,1265.08,2.9,6.56,420.0,0.244,PM2.5-1HR
38,840511071005,2026-01-20,4.07,-5.13,35.17,0,3.24,291.7,1028.83,2249.31,3,6.7,420.0,0.103,PM2.5-1HR
38,840511130003,2026-01-21,4.32,-6.48,35.96,0,3.55,217.04,1028.05,23.76,2.2,5.58,420.0,0.474,PM2.5-1HR
38,840110010041,2026-01-21,6.95,-0.5,40.83,0,3.31,177.46,1028.53,2199.71,1.73,4.922,420.0,0.092,PM2.5-1HR
38,840510590030,2026-01-21,4.26,-0.42,40.75,0,3.16,176.6,1028.63,1265.08,3.2,6.98,420.0,0.244,PM2.5-1HR
38,840511071005,2026-01-21,4.7,-1.62,36.75,0,4.07,195.99,1027.96,2249.31,3.7,7.68,420.0,0.103,PM2.5-1HR
38,840511130003,2026-01-22,5.12,-0.8,44.79,0,4.12,263.28,1020.54,23.76,3.5,7.4,420.0,0.474,PM2.5-1HR
38,840110010041,2026-01-22,9.79,5.23,45.63,0,3.36,254.18,1020.25,2199.71,7,12.3,420.0,0.092,PM2.5-1HR
38,840510590030,2026-01-22,8.28,4.97,44.63,0,3.1,252.91,1020.35,1265.08,4.5,8.8,420.0,0.244,PM2.5-1HR
38,840511071005,2026-01-22,8.18,4.24,40.42,0,3.69,257,1020.23,2249.31,4,8.1,420.0,0.103,PM2.5-1HR
38,840511130003,2026-01-23,3.08,-5.49,36.83,0,3.45,295.71,1025.84,23.76,2.2,5.58,420.0,0.474,PM2.5-1HR
38,840110010041,2026-01-23,6.1,1.01,40.75,0,3.6,309.09,1025.36,2199.71,0.5,3.2,420.0,0.092,PM2.5-1HR
38,840510590030,2026-01-23,4.41,1.41,38,0,3.55,311.03,1025.32,1265.08,2.6,6.14,420.0,0.244,PM2.5-1HR
38,840511071005,2026-01-23,3.93,-0.43,38.83,0,3.93,308.31,1025.93,2249.31,2.8,6.42,420.0,0.103,PM2.5-1HR
38,840511130003,2026-01-24,4.04,-14.25,40.54,0.18,2.59,24.73,1036.31,23.76,2.1,5.44,420.0,0.474,PM2.5-1HR
38,840110010041,2026-01-24,3.64,-7.05,35.54,0.12,3.83,13.7,1036.19,2199.71,0.43,3.102,420.0,0.092,PM2.5-1HR
38,840510590030,2026-01-24,3.43,-6.82,35.21,0.13,3.86,10.71,1036.08,1265.08,2.6,6.14,420.0,0.244,PM2.5-1HR
38,840511071005,2026-01-24,3.47,-7.84,33.83,0.09,3.72,14.79,1036.72,2249.31,2.9,6.56,420.0,0.103,PM2.5-1HR
38,840511130003,2026-01-25,1.61,-12.32,82.54,1.71,2.06,82.95,1022.65,23.76,0.1,2.64,420.0,0.474,PM2.5-1HR
38,840110010041,2026-01-25,7.25,-7.33,76.29,1.49,3.15,25.5,1022.84,2199.71,0.73,3.522,420.0,0.092,PM2.5-1HR
38,840110010051,2026-01-25,7.42,-5.36,86.6,0.1,,,1017.63,3528.37,0.73,3.522,420.0,0.004,PM2.5-1HR
38,840240313001,2026-01-25,5.61,-8.96,92,0.1,,,1003.99,169.39,2,5.3,420.0,0.497,PM2.5-1HR
38,840240330030,2026-01-25,6.28,-6.34,98.2,0.3,,,1013.4,185.64,1,3.9,420.0,0.38,PM2.5-1HR
38,840510590030,2026-01-25,5.96,-7.17,75.08,1.4,3.08,19.07,1022.77,1265.08,4,8.1,420.0,0.244,PM2.5-1HR
38,840511071005,2026-01-25,5.83,-8,74.08,1.66,2.74,39.06,1023.39,2249.31,4.4,8.66,420.0,0.103,PM2.5-1HR
38,840110010041,2026-01-26,9.56,-5.99,74.33,0.09,4.42,307.26,1015.2,2199.71,0.87,3.718,420.0,0.092,PM2.5-1HR
38,840110010051,2026-01-26,8,-4.94,64.38,0,,,1011.35,3528.37,0.87,3.718,420.0,0.004,PM2.5-1HR
38,840240313001,2026-01-26,9.2,-6.91,64.46,0,,,997.57,169.39,1,3.9,420.0,0.497,PM2.5-1HR
38,840240330030,2026-01-26,8.67,-6.28,74.21,0,,,1006.86,185.64,3,6.7,420.0,0.38,PM2.5-1HR
38,840510590030,2026-01-26,7.53,-5.98,72.96,0.09,4.32,311.79,1015.47,1265.08,4.4,8.66,420.0,0.244,PM2.5-1HR
38,840511071005,2026-01-26,7.44,-7.04,72.83,0.05,5.29,312.38,1015.95,2249.31,4.7,9.08,420.0,0.103,PM2.5-1HR
38,840511130003,2026-01-26,4.18,-12.11,74.96,0.03,3.58,292.92,1016.26,23.76,0.5,3.2,420.0,0.474,PM2.5-1HR
38,840110010041,2026-01-27,4.57,-8.36,62.67,0,3.09,267.15,1021.64,2199.71,0.07,2.598,420.0,0.092,PM2.5-1HR
38,840110010051,2026-01-27,5.24,-5,46.29,0,,,1017.69,3528.37,0.07,2.598,420.0,0.004,PM2.5-1HR
38,840240313001,2026-01-27,5.41,-7.04,42.54,0,,,1003.65,169.39,1,3.9,420.0,0.497,PM2.5-1HR
38,840240330030,2026-01-27,6.11,-6.69,43.04,0,,,1013.25,185.64,2,5.3,420.0,0.38,PM2.5-1HR
38,840510590030,2026-01-27,5.55,-8.07,61.29,0,3.16,269.06,1021.75,1265.08,3.3,7.12,420.0,0.244,PM2.5-1HR
38,840511071005,2026-01-27,5.55,-9.29,63.5,0,3.54,270.72,1021.79,2249.31,3.5,7.4,420.0,0.103,PM2.5-1HR
38,840511130003,2026-01-27,4.21,-14.85,60.5,0,3.3,276.77,1022.19,23.76,1.1,4.04,420.0,0.474,PM2.5-1HR
38,840110010041,2026-01-28,8.67,-8.73,61.5,0,2.52,317.32,1022.05,2199.71,1.93,5.202,420.0,0.092,PM2.5-1HR
38,840110010051,2026-01-28,8.75,-5.75,46.79,0,,,1018.73,3528.37,1.93,5.202,420.0,0.004,PM2.5-1HR
38,840240313001,2026-01-28,10.57,-8.08,47.17,0,,,1004.8,169.39,7,12.3,420.0,0.497,PM2.5-1HR
38,840240330030,2026-01-28,10.11,-7.68,46.25,0,,,1014.4,185.64,6,10.9,420.0,0.38,PM2.5-1HR
38,840510590030,2026-01-28,10.07,-8.75,61.83,0,2.55,326.7,1022.06,1265.08,7,12.3,420.0,0.244,PM2.5-1HR
38,840511071005,2026-01-28,9.49,-9.34,64.63,0,2.46,305.68,1022.27,2249.31,6.4,11.46,420.0,0.103,PM2.5-1HR
38,840511130003,2026-01-28,8.38,-14.23,62.46,0,2.57,281.36,1022.21,23.76,5.1,9.64,420.0,0.474,PM2.5-1HR
38,840110010041,2026-01-29,5.74,-10.28,65.46,0,3.03,305.27,1023.94,2199.71,1.17,4.138,420.0,0.092,PM2.5-1HR
38,840110010051,2026-01-29,5.55,-6.55,45.79,0,,,1020.52,3528.37,1.17,4.138,420.0,0.004,PM2.5-1HR
38,840240313001,2026-01-29,6.42,-9.15,48.96,0,,,1006.49,169.39,3,6.7,420.0,0.497,PM2.5-1HR
38,840240330030,2026-01-29,7.46,-8.76,48.17,0.01,,,1016.08,185.64,2,5.3,420.0,0.38,PM2.5-1HR
38,840510590030,2026-01-29,5.59,-10.04,64.33,0,2.9,316.58,1024.04,1265.08,4.7,9.08,420.0,0.244,PM2.5-1HR
38,840511071005,2026-01-29,5.4,-10.54,67.04,0,2.97,302.94,1024.24,2249.31,4.5,8.8,420.0,0.103,PM2.5-1HR
38,840511130003,2026-01-29,5.08,-17.4,67.21,0,1.68,299.19,1024.5,23.76,4.2,8.38,420.0,0.474,PM2.5-1HR
38,840110010041,2026-01-30,4.96,-11.03,62.83,0,2.68,318.52,1026.09,2199.71,0.77,3.578,420.0,0.092,PM2.5-1HR
38,840110010051,2026-01-30,5.04,-7.8,45.74,0,,,1022.51,3528.37,0.77,3.578,420.0,0.004,PM2.5-1HR
38,840240313001,2026-01-30,7.37,-10.91,53.21,0,,,1008.33,169.39,0,2.5,420.0,0.497,PM2.5-1HR
38,840240330030,2026-01-30,6.89,-10.2,49.79,0,,,1017.99,185.64,1,3.9,420.0,0.38,PM2.5-1HR
38,840510590030,2026-01-30,4.97,-11.18,63.63,0,2.57,328.43,1026.14,1265.08,2.3,5.72,420.0,0.244,PM2.5-1HR
38,840511071005,2026-01-30,5.29,-11.03,65.63,0,2.94,322.61,1026.43,2249.31,2.8,6.42,420.0,0.103,PM2.5-1HR
38,840511130003,2026-01-30,6.18,-16.47,60.75,0,1.29,331.6,1026.28,23.76,3.8,7.82,420.0,0.474,PM2.5-1HR
38,840110010041,2026-01-31,3.48,-10.53,65.71,0,3.59,342.54,1021.79,2199.71,0.27,2.878,420.0,0.092,PM2.5-1HR
38,840110010051,2026-01-31,2.57,-6.72,53.8,0,,,1018.58,3528.37,0.27,2.878,420.0,0.004,PM2.5-1HR
38,840240313001,2026-01-31,3.32,-8.54,56.4,0,,,1004.83,169.39,1,3.9,420.0,0.497,PM2.5-1HR
38,840240330030,2026-01-31,4.92,-7.78,53.2,0,,,1014.31,185.64,2,5.3,420.0,0.38,PM2.5-1HR
38,840510590030,2026-01-31,3.92,-10.43,66.75,0,3.37,351.54,1022.44,1265.08,3.2,6.98,420.0,0.244,PM2.5-1HR
38,840511071005,2026-01-31,3.98,-10.55,68.04,0,3.82,337.95,1023.09,2249.31,2.9,6.56,420.0,0.103,PM2.5-1HR
38,840511130003,2026-01-31,3.1,-16.22,62.21,0,2.87,349.28,1022.95,23.76,1.6,4.74,420.0,0.474,PM2.5-1HR
38,840110010041,2026-02-01,4.49,-8.07,65.63,0,5.66,325.67,1016.39,2199.71,0.23,2.822,420.0,0.092,PM2.5-1HR
38,840110010051,2026-02-01,3.31,-6.86,49.32,0,,,1012.06,3528.37,0.23,2.822,420.0,0.004,PM2.5-1HR
38,840240313001,2026-02-01,5.11,-8.36,50.89,0,,,998.41,169.39,3,6.7,420.0,0.497,PM2.5-1HR
38,840240330030,2026-02-01,5.73,-7.63,48,0,,,1007.53,185.64,3,6.7,420.0,0.38,PM2.5-1HR
38,840510590030,2026-02-01,4.71,-8.33,63.88,0,6.31,332.18,1016.5,1265.08,3.9,7.96,420.0,0.244,PM2.5-1HR
38,840511071005,2026-02-01,4.88,-8.83,65.54,0,7.09,324.73,1017.67,2249.31,3.9,7.96,420.0,0.103,PM2.5-1HR
38,840511130003,2026-02-01,4.34,-14.58,63.33,0,5.01,319.89,1018.12,23.76,3.1,6.84,420.0,0.474,PM2.5-1HR
38,840110010041,2026-02-02,7.24,-6.37,64.46,0,3.61,303.73,1021.8,2199.71,1.4,4.46,420.0,0.092,PM2.5-1HR
38,840510590030,2026-02-02,5.34,-5.61,61.92,0,3.69,310.6,1021.3,1265.08,4.1,8.24,420.0,0.244,PM2.5-1HR
38,840511071005,2026-02-02,4.78,-5.66,63.33,0,4.01,298.81,1021.73,2249.31,4.1,8.24,420.0,0.103,PM2.5-1HR
38,840511130003,2026-02-02,2.99,-9.81,52.13,0,2.28,295.92,1022.1,23.76,1.1,4.04,420.0,0.474,PM2.5-1HR
38,840110010041,2026-02-03,14.27,-2.4,73.13,0,1.34,332.22,1022.63,2199.71,6.63,11.782,420.0,0.092,PM2.5-1HR
38,840510590030,2026-02-03,9.74,-2.33,67.71,0,0.82,3.93,1022.55,1265.08,6.8,12.02,420.0,0.244,PM2.5-1HR
38,840511071005,2026-02-03,9.35,-1.35,69.88,0,1.33,194.02,1022.48,2249.31,5.1,9.64,420.0,0.103,PM2.5-1HR
38,840511130003,2026-02-03,6.52,-5.52,72.71,0.06,1.44,254.09,1022.32,23.76,3,6.7,420.0,0.474,PM2.5-1HR
38,840110010041,2026-02-04,14.77,-1.35,74.38,0,2.29,10.1,1023.4,2199.71,4.87,9.318,420.0,0.092,PM2.5-1HR
38,840510590030,2026-02-04,14.39,-1.13,73.13,0,2.2,12.48,1023.33,1265.08,7.8,13.42,420.0,0.244,PM2.5-1HR
38,840511071005,2026-02-04,15.06,-1.91,74.25,0,2.6,359.96,1023.8,2249.31,8.4,14.26,420.0,0.103,PM2.5-1HR
38,840511130003,2026-02-04,12.8,-5.71,74.38,0,1.64,11.16,1023.28,23.76,4,8.1,420.0,0.474,PM2.5-1HR
38,840110010041,2026-02-05,11.2,-5.56,66.71,0,1.97,349.05,1019.08,2199.71,3.83,7.862,420.0,0.092,PM2.5-1HR
38,840510590030,2026-02-05,11.55,-5.53,67,0,1.88,352.56,1019.1,1265.08,8.3,14.12,420.0,0.244,PM2.5-1HR
38,840511071005,2026-02-05,12.72,-6.76,70.33,0,2.32,337.25,1019.57,2249.31,9.7,16.08,420.0,0.103,PM2.5-1HR
38,840511130003,2026-02-05,5.92,-9.95,61.25,0,0.89,352.11,1018.98,23.76,3.4,7.26,420.0,0.474,PM2.5-1HR
38,840110010041,2026-02-06,17.52,-5.38,75.71,0.03,1.28,273.59,1008.28,2199.71,9,15.1,420.0,0.092,PM2.5-1HR
38,840510590030,2026-02-06,16.3,-5.1,75.83,0.03,1.37,266.26,1008.29,1265.08,10.4,17.06,420.0,0.244,PM2.5-1HR
38,840511071005,2026-02-06,15.45,-6.05,78.13,0.04,1.61,247.93,1008.33,2249.31,10.4,17.06,420.0,0.103,PM2.5-1HR
38,840511130003,2026-02-06,7.11,-8.55,73.17,0.05,1.83,246.84,1008.18,23.76,3.4,7.26,420.0,0.474,PM2.5-1HR
38,840110010041,2026-02-07,4.57,-7.38,63.58,0,7.49,308.22,1015.04,2199.71,0.13,2.682,420.0,0.092,PM2.5-1HR
38,840510590030,2026-02-07,3.92,-7.08,61.29,0,7.53,313.64,1015.43,1265.08,2.2,5.58,420.0,0.244,PM2.5-1HR
38,840511071005,2026-02-07,3.65,-7.78,62.29,0.01,8.44,312.14,1016.43,2249.31,2,5.3,420.0,0.103,PM2.5-1HR
38,840511130003,2026-02-07,2.7,-13.64,61.54,0,7.32,315.97,1017.41,23.76,1.8,5.02,420.0,0.474,PM2.5-1HR
38,840110010041,2026-02-08,2.41,-9.15,59.83,0,4.65,318.59,1027.28,2199.71,0.17,2.738,420.0,0.092,PM2.5-1HR
38,840510590030,2026-02-08,2.78,-8.89,58.92,0,4.82,324.53,1027.46,1265.08,1.8,5.02,420.0,0.244,PM2.5-1HR
38,840511071005,2026-02-08,2.84,-9.44,60.92,0,5.47,324.77,1028.02,2249.31,1.7,4.88,420.0,0.103,PM2.5-1HR
38,840511130003,2026-02-08,2.96,-15.9,58.92,0,3.55,320.54,1028.69,23.76,2.4,5.86,420.0,0.474,PM2.5-1HR
38,840110010041,2026-02-09,7.4,-6.97,54.13,0,1.53,290.63,1027.73,2199.71,0.6,3.34,420.0,0.092,PM2.5-1HR
38,840510590030,2026-02-09,5.42,-6.6,54.71,0,1.67,349.87,1027.73,1265.08,3.3,7.12,420.0,0.244,PM2.5-1HR
38,840511071005,2026-02-09,6.21,-6.74,55.29,0,2.12,341.49,1027.87,2249.31,3.6,7.54,420.0,0.103,PM2.5-1HR
38,840511130003,2026-02-09,4.28,-9.61,48.04,0,1.16,231.31,1027.16,23.76,2.3,5.72,420.0,0.474,PM2.5-1HR
38,840110010041,2026-02-10,15.32,0.85,61.13,0,1.79,156.18,1017.25,2199.71,7.9,13.56,420.0,0.092,PM2.5-1HR
38,840510590030,2026-02-10,9.68,1.21,61.33,0,1.73,161.23,1017.23,1265.08,6.7,11.88,420.0,0.244,PM2.5-1HR
38,840511071005,2026-02-10,11.08,0.92,59.13,0,2.27,162.25,1016.84,2249.31,7.9,13.56,420.0,0.103,PM2.5-1HR
38,840511130003,2026-02-10,9.2,0.17,54.71,0,2.27,231.24,1015.68,23.76,5.2,9.78,420.0,0.474,PM2.5-1HR
38,840110010041,2026-02-11,15.38,4.55,70.29,0,3.45,304.59,1012,2199.71,2.77,6.378,420.0,0.092,PM2.5-1HR
38,840510590030,2026-02-11,14.6,5.03,67.38,0,3.81,317.33,1012.05,1265.08,4.4,8.66,420.0,0.244,PM2.5-1HR
38,840511071005,2026-02-11,14.12,4.21,69.5,0,4.6,313.43,1012.45,2249.31,4.6,8.94,420.0,0.103,PM2.5-1HR
38,840511130003,2026-02-11,10.6,0.04,72.46,0,3.49,300.55,1012.44,23.76,4.9,9.36,420.0,0.474,PM2.5-1HR
38,840110010041,2026-02-12,5.79,-0.38,63.67,0,4.43,317.49,1020.45,2199.71,1.07,3.998,420.0,0.092,PM2.5-1HR
38,840510590030,2026-02-12,6.54,0,63.13,0,4.36,329.16,1020.61,1265.08,5.3,9.92,420.0,0.244,PM2.5-1HR
38,840511071005,2026-02-12,7.03,-0.61,66.63,0,5.01,327.7,1020.95,2249.31,5.8,10.62,420.0,0.103,PM2.5-1HR
38,840511130003,2026-02-12,7.47,-5.98,68.42,0,3.58,317.43,1021.18,23.76,6.3,11.32,420.0,0.474,PM2.5-1HR
38,840110010041,2026-02-13,7.42,-1.51,61.04,0,3.02,301.49,1023.56,2199.71,1.5,4.6,420.0,0.092,PM2.5-1HR
38,840510590030,2026-02-13,8.08,-1.9,63.17,0,2.82,316,1023.66,1265.08,5.1,9.64,420.0,0.244,PM2.5-1HR
38,840511071005,2026-02-13,6.92,-2.27,64.54,0,3.04,312.41,1023.75,2249.31,5.3,9.92,420.0,0.103,PM2.5-1HR
38,840511130003,2026-02-13,8.84,-6.62,61.5,0,1.6,311.14,1023.71,23.76,4.7,9.08,420.0,0.474,PM2.5-1HR
38,840110010041,2026-02-14,10.22,2.55,58.83,0,1.73,230.47,1020.89,2199.71,3.6,7.54,420.0,0.092,PM2.5-1HR
38,840510590030,2026-02-14,7.26,1.97,61.25,0,1.68,220.3,1021,1265.08,5.2,9.78,420.0,0.244,PM2.5-1HR
38,840511071005,2026-02-14,9.16,2.13,60.63,0,1.6,253.61,1020.67,2249.31,5.9,10.76,420.0,0.103,PM2.5-1HR
38,840511130003,2026-02-14,5.61,0.03,48.42,0,1.38,272.57,1020.73,23.76,3.9,7.96,420.0,0.474,PM2.5-1HR
38,840110010041,2026-02-15,17.51,2.98,81.92,0.29,1.93,133.13,1016.83,2199.71,9.83,16.262,420.0,0.092,PM2.5-1HR
38,840511130003,2026-02-15,3.98,0.52,76.96,0.39,1.46,267.03,1016.2,23.76,0.1,2.64,420.0,0.474,PM2.5-1HR
38,840510590030,2026-02-15,10.21,2.99,81.71,0.33,2.04,185.54,1016.76,1265.08,5.3,9.92,420.0,0.244,PM2.5-1HR
38,840511071005,2026-02-15,12.86,2.19,82.54,0.28,1.57,165.85,1016.78,2249.31,7,12.3,420.0,0.103,PM2.5-1HR
38,840110010041,2026-02-16,14.97,3.21,88.54,0.37,2.52,8.05,1019.44,2199.71,8.3,14.12,420.0,0.092,PM2.5-1HR
38,840511130003,2026-02-16,3.97,-0.02,85.46,0.18,1.97,322.53,1018.86,23.76,0.1,2.64,420.0,0.474,PM2.5-1HR
38,840510590030,2026-02-16,14.48,3.33,88.83,0.41,2.53,21.04,1019.38,1265.08,10.1,16.64,420.0,0.244,PM2.5-1HR
38,840511071005,2026-02-16,15.02,2.95,86.75,0.22,2.45,26.04,1019.53,2249.31,5.7,10.48,420.0,0.103,PM2.5-1HR
38,840110010041,2026-02-17,14.69,4.38,86.83,0,1.74,173.2,1020.56,2199.71,5.03,9.542,420.0,0.092,PM2.5-1HR
38,840511130003,2026-02-17,4.48,3.05,70.38,0,1.63,218.19,1019.02,23.76,2.1,5.44,420.0,0.474,PM2.5-1HR
38,840510590030,2026-02-17,12.17,4.85,84.5,0,2.05,180.27,1020.53,1265.08,9.2,15.38,420.0,0.244,PM2.5-1HR
38,840511071005,2026-02-17,11.79,4.28,82.83,0,2.07,171.02,1020.16,2249.31,6.7,11.88,420.0,0.103,PM2.5-1HR
38,840110010041,2026-02-18,24.41,7.56,84.71,0.01,2.07,206.3,1012.13,2199.71,17.57,27.098,420.0,0.092,PM2.5-1HR
38,840511130003,2026-02-18,6.82,5.48,72.79,0,2.3,239.44,1011.4,23.76,5.5,10.2,420.0,0.474,PM2.5-1HR
38,840240330030,2026-02-18,15.94,3.26,91.8,0,2.08,132.4,1007.74,185.64,11,17.9,420.0,0.38,PM2.5-1HR
38,840510590030,2026-02-18,16.62,7.83,84.04,0.01,2.33,207.5,1012.11,1265.08,9.3,15.52,420.0,0.244,PM2.5-1HR
38,840511071005,2026-02-18,23.64,5.48,85.92,0,1.82,204.95,1011.9,2249.31,17.8,27.42,420.0,0.103,PM2.5-1HR
38,840110010041,2026-02-19,20.3,5.49,93.5,0.25,3.21,70.8,1012.75,2199.71,7.8,13.42,420.0,0.092,PM2.5-1HR
38,840511130003,2026-02-19,5.13,2.98,90.88,0.28,1.92,118.88,1011.51,23.76,0,2.5,420.0,0.474,PM2.5-1HR
38,840510590030,2026-02-19,17.32,5.98,92.83,0.38,3.01,71.94,1012.55,1265.08,7.1,12.44,420.0,0.244,PM2.5-1HR
38,840511071005,2026-02-19,20.06,3.72,95,0.33,2.54,94.26,1012.56,2249.31,7.1,12.44,420.0,0.103,PM2.5-1HR
38,840110010041,2026-02-20,8.23,7.53,82.42,0.88,3.34,71.13,1007.72,2199.71,1.97,5.258,420.0,0.092,PM2.5-1HR
38,840511130003,2026-02-20,1.78,4.14,71.71,0.74,3.1,229.36,1007.52,23.76,0,2.5,420.0,0.474,PM2.5-1HR
38,840510590030,2026-02-20,5.22,7.97,81.13,0.64,3.3,31,1007.68,1265.08,2.4,5.86,420.0,0.244,PM2.5-1HR
38,840511071005,2026-02-20,5.19,6.21,80.13,0.82,3.04,174.57,1007.75,2249.31,2.4,5.86,420.0,0.103,PM2.5-1HR
38,840511130003,2026-02-21,2.18,3.05,48.38,0.09,1.8,317.1,1013.35,23.76,1.6,4.74,420.0,0.474,PM2.5-1HR
38,840110010041,2026-02-21,5.07,7.53,64.25,0.03,2.41,6.53,1013.83,2199.71,0.2,2.78,420.0,0.092,PM2.5-1HR
38,840510590030,2026-02-21,3.52,7.52,64.71,0.04,2.35,24.99,1013.74,1265.08,2,5.3,420.0,0.244,PM2.5-1HR
38,840511071005,2026-02-21,3.34,5.87,61.13,0.02,2.48,18.97,1013.89,2249.31,2.3,5.72,420.0,0.103,PM2.5-1HR
38,840511130003,2026-02-22,3.21,-2.99,84.08,0.52,3.42,11.91,1013.81,23.76,0.3,2.92,420.0,0.474,PM2.5-1HR
38,840110010041,2026-02-22,8.03,2.61,90.79,0.81,3.34,30.79,1013.28,2199.71,1.27,4.278,420.0,0.092,PM2.5-1HR
38,840510590030,2026-02-22,6.09,2.6,90.83,0.97,3.57,22.14,1013.22,1265.08,2.7,6.28,420.0,0.244,PM2.5-1HR
38,840511071005,2026-02-22,7.27,1.62,90.38,0.66,3.68,11.74,1013.82,2249.31,2.6,6.14,420.0,0.103,PM2.5-1HR
38,840511130003,2026-02-23,2.94,-5.94,68.42,0,7.47,316.04,1013,23.76,2.2,5.58,420.0,0.474,PM2.5-1HR
38,840110010041,2026-02-23,3.19,1.18,75.46,0.13,7,311.45,1009.93,2199.71,0.07,2.598,420.0,0.092,PM2.5-1HR
38,840510590030,2026-02-23,3.1,1.1,74,0.1,6.93,315.33,1010.36,1265.08,2.2,5.58,420.0,0.244,PM2.5-1HR
38,840511071005,2026-02-23,2.81,0.6,73.04,0.07,7.72,314.5,1011.33,2249.31,1.9,5.16,420.0,0.103,PM2.5-1HR
38,840511130003,2026-02-24,3.87,-7.18,57,0,4.14,272.07,1017.22,23.76,2.7,6.28,420.0,0.474,PM2.5-1HR
38,840110010041,2026-02-24,3.69,-0.75,56.46,0,4.48,276.92,1016.28,2199.71,0.3,2.92,420.0,0.092,PM2.5-1HR
38,840510590030,2026-02-24,3.42,-0.86,58.08,0,4.28,281,1016.42,1265.08,2.4,5.86,420.0,0.244,PM2.5-1HR
38,840511071005,2026-02-24,3.31,-1.59,58.5,0,4.66,274.03,1016.4,2249.31,2.5,6.0,420.0,0.103,PM2.5-1HR
38,840511130003,2026-02-25,11.87,0.38,55.21,0,4.09,245.28,1006.58,23.76,2.9,6.56,420.0,0.474,PM2.5-1HR
38,840110010041,2026-02-25,13.71,6.28,55.38,0.02,4.21,217.42,1006.68,2199.71,3.23,7.022,420.0,0.092,PM2.5-1HR
38,840510590030,2026-02-25,13.77,5.93,56.46,0.03,3.89,215.07,1006.9,1265.08,3.7,7.68,420.0,0.244,PM2.5-1HR
38,840511071005,2026-02-25,11.21,5.08,55.42,0.01,4.02,213.65,1006.15,2249.31,3.6,7.54,420.0,0.103,PM2.5-1HR
38,840511130003,2026-02-26,10.57,0.58,79.13,0.05,1.35,299.28,1011.66,23.76,4.8,9.22,420.0,0.474,PM2.5-1HR
38,840110010041,2026-02-26,17.26,5.99,75.63,0.1,1.6,347.75,1011.78,2199.71,4.2,8.38,420.0,0.092,PM2.5-1HR
38,840510590030,2026-02-26,18.76,5.9,76.38,0.08,1.84,353.65,1011.71,1265.08,6.7,11.88,420.0,0.244,PM2.5-1HR
38,840511071005,2026-02-26,10.36,4.24,74.42,0.05,1.82,321.46,1011.9,2249.31,5,9.5,420.0,0.103,PM2.5-1HR
38,840110010041,2026-02-27,14.17,4.98,75.75,0,0.96,206.26,1018.65,2199.71,6.37,11.418,420.0,0.092,PM2.5-1HR
38,840510590030,2026-02-27,11.71,4.86,73.83,0,1.14,209.99,1018.63,1265.08,7.5,13.0,420.0,0.244,PM2.5-1HR
38,840511071005,2026-02-27,8.76,4.03,75.38,0,1.57,198.42,1018.43,2249.31,6.2,11.18,420.0,0.103,PM2.5-1HR
38,840511130003,2026-02-27,6.77,0.18,82.38,0,1.29,187.69,1018.21,23.76,3.5,7.4,420.0,0.474,PM2.5-1HR
38,840110010041,2026-02-28,11.24,7.46,65.96,0,1.56,174.73,1018.14,2199.71,1.7,4.88,420.0,0.092,PM2.5-1HR
38,840510590030,2026-02-28,7.06,7.49,65.17,0,1.77,176.79,1018.12,1265.08,4.5,8.8,420.0,0.244,PM2.5-1HR
38,840511071005,2026-02-28,7.92,7.19,75.46,0,2.37,168.01,1017.69,2249.31,4.9,9.36,420.0,0.103,PM2.5-1HR
38,840511130003,2026-02-28,5.76,4.88,69,0,1.71,227.09,1017.1,23.76,2.5,6.0,420.0,0.474,PM2.5-1HR
38,840110010041,2026-03-01,9.07,6.86,64.67,0,3,3.61,1022.04,2199.71,1.77,4.978,420.0,0.092,PM2.5-1HR
38,840510590030,2026-03-01,6.39,6.99,66.96,0,3.13,4.1,1021.92,1265.08,3,6.7,420.0,0.244,PM2.5-1HR
38,840511071005,2026-03-01,6.77,5.58,65.13,0,3.28,4.64,1022.37,2249.31,4,8.1,420.0,0.103,PM2.5-1HR
38,840511130003,2026-03-01,5.25,3.46,54.92,0,2.2,348.99,1021.16,23.76,4,8.1,420.0,0.474,PM2.5-1HR
38,840110010041,2026-03-02,6.66,-0.25,67.46,0.1,2.56,66.83,1035.84,2199.71,0.47,3.158,420.0,0.092,PM2.5-1HR
38,840110010043,2026-03-02,6.21,0.2,57,0.1,2.52,83,1031.01,3858.15,0.47,3.158,420.0,0.356,PM2.5-1HR
38,840510590030,2026-03-02,5.34,-0.02,68.17,0.12,2.44,62.4,1035.69,1265.08,3.3,7.12,420.0,0.244,PM2.5-1HR
38,840511071005,2026-03-02,7.07,-0.89,67.79,0.09,2.37,79.06,1035.83,2249.31,3.5,7.4,420.0,0.103,PM2.5-1HR
38,840511130003,2026-03-02,3.66,-5.28,68.08,0.15,1.67,101.05,1035.19,23.76,0.6,3.34,420.0,0.474,PM2.5-1HR
38,840110010041,2026-03-03,9.54,2.08,94.54,0.34,2.1,139.93,1030.65,2199.71,5.4,10.06,420.0,0.092,PM2.5-1HR
38,840510590030,2026-03-03,8.22,2.4,94.08,0.3,2.25,159.1,1030.63,1265.08,5.5,10.2,420.0,0.244,PM2.5-1HR
38,840511071005,2026-03-03,7.86,1.46,95.92,0.41,2.96,159.18,1030.28,2249.31,4.1,8.24,420.0,0.103,PM2.5-1HR
38,840511130003,2026-03-03,3.01,-1.97,94.33,0.2,3.16,197.49,1029.84,23.76,0.4,3.06,420.0,0.474,PM2.5-1HR
38,840110010041,2026-03-04,16.33,8.4,93.38,0.03,1.99,63.94,1023.98,2199.71,9.83,16.262,420.0,0.092,PM2.5-1HR
38,840510590030,2026-03-04,14.27,8.72,93.96,0.04,1.98,67.6,1023.86,1265.08,8.1,13.84,420.0,0.244,PM2.5-1HR
38,840511071005,2026-03-04,12.35,5.77,96.08,0.05,1.56,55.36,1023.95,2249.31,8.2,13.98,420.0,0.103,PM2.5-1HR
38,840511130003,2026-03-04,6.17,5.79,90.96,0.06,1.4,211.93,1022.6,23.76,5,9.5,420.0,0.474,PM2.5-1HR
38,840110010041,2026-03-05,22.75,9.64,92.46,0.15,1.62,89.1,1021.57,2199.71,13.23,21.022,420.0,0.092,PM2.5-1HR
38,840511130003,2026-03-05,9.9,9.9,85.54,0.64,1.88,215.18,1020.03,23.76,3.1,6.84,420.0,0.474,PM2.5-1HR
38,840510590030,2026-03-05,22.6,10.64,90.04,0.09,1.58,73.4,1021.35,1265.08,15.3,23.92,420.0,0.244,PM2.5-1HR
38,840511071005,2026-03-05,23.13,8.8,93.04,0.5,1.57,116.28,1021.38,2249.31,18.2,27.98,420.0,0.103,PM2.5-1HR
38,840110010041,2026-03-06,13.52,8.71,89.33,0.05,2.66,82.87,1025.45,2199.71,2.93,6.602,420.0,0.092,PM2.5-1HR
38,840511130003,2026-03-06,9.9,10.45,86.92,0.08,1.62,160.79,1023.68,23.76,1.6,4.74,420.0,0.474,PM2.5-1HR
38,840510590030,2026-03-06,13.87,9.8,87.79,0.03,2.54,78.57,1025.19,1265.08,4.9,9.36,420.0,0.244,PM2.5-1HR
38,840511071005,2026-03-06,18.79,9.09,91.42,0.3,2.36,111.66,1024.95,2249.31,10.8,17.62,420.0,0.103,PM2.5-1HR
38,840110010041,2026-03-07,8.13,11.38,83.92,0,3.29,167.07,1020.2,2199.71,1.07,3.998,420.0,0.092,PM2.5-1HR
38,840511130003,2026-03-07,12.16,10.37,85.46,0,3.58,193.96,1019.35,23.76,5.9,10.76,420.0,0.474,PM2.5-1HR
38,840510590030,2026-03-07,6.41,12.34,80.46,0,3.64,174.8,1020.15,1265.08,3.5,7.4,420.0,0.244,PM2.5-1HR
38,840511071005,2026-03-07,8.24,12.48,82.54,0,4.46,169.79,1019.42,2249.31,4.3,8.52,420.0,0.103,PM2.5-1HR
38,840110010041,2026-03-08,9.22,18.16,74.39,0.05,2.68,264.98,1011.33,2199.71,0.97,3.858,420.0,0.092,PM2.5-1HR
38,840511130003,2026-03-08,2.47,12.61,67.57,0.03,3.31,264.19,1012.41,23.76,1.3,4.32,420.0,0.474,PM2.5-1HR
38,840510590030,2026-03-08,6.04,18.76,71.39,0.12,3.02,254.77,1011.4,1265.08,1.7,4.88,420.0,0.244,PM2.5-1HR
38,840511071005,2026-03-08,5.49,17.6,67.78,0.02,3.25,265.93,1011.32,2249.31,1.6,4.74,420.0,0.103,PM2.5-1HR
38,840110010041,2026-03-09,8.93,14.68,62.08,0,1.22,255.21,1016.38,2199.71,0.93,3.802,420.0,0.092,PM2.5-1HR
38,840510590030,2026-03-09,3.87,14.82,60.79,0,1.34,263.01,1016.38,1265.08,2.8,6.42,420.0,0.244,PM2.5-1HR
38,840511071005,2026-03-09,3.71,13.19,62.04,0,1.8,225.57,1016.28,2249.31,2.5,6.0,420.0,0.103,PM2.5-1HR
38,840511130003,2026-03-09,2.81,10.73,46.96,0,1.9,247.94,1016.51,23.76,2.2,5.58,420.0,0.474,PM2.5-1HR
38,840110010041,2026-03-10,9.22,17.14,63.17,0,1.7,207.42,1016.33,2199.71,2.4,5.86,420.0,0.092,PM2.5-1HR
38,840510590030,2026-03-10,6.34,17.17,61.33,0,1.75,205.78,1016.32,1265.08,3.5,7.4,420.0,0.244,PM2.5-1HR
38,840511071005,2026-03-10,5.12,16.13,63.5,0,1.61,214.67,1016.08,2249.31,4.3,8.52,420.0,0.103,PM2.5-1HR
38,840511130003,2026-03-10,3.68,14.49,44.29,0,1.96,233.43,1016.73,23.76,2.7,6.28,420.0,0.474,PM2.5-1HR
38,840110010041,2026-03-11,11.02,20.48,66.88,0.12,3.39,199.11,1010.79,2199.71,5.57,10.298,420.0,0.092,PM2.5-1HR
38,840510590030,2026-03-11,12.42,20.68,65.67,0.12,3.51,196.12,1010.87,1265.08,5.6,10.34,420.0,0.244,PM2.5-1HR
38,840511071005,2026-03-11,7.05,19.63,69.71,0.39,3.29,194.91,1010.21,2249.31,5.7,10.48,420.0,0.103,PM2.5-1HR
38,840511130003,2026-03-11,5.63,16.25,64.63,0.32,3.04,239.95,1011.43,23.76,3.9,7.96,420.0,0.474,PM2.5-1HR
38,840110010041,2026-03-12,4.62,8.77,76.04,0.7,4.19,292.86,1011.58,2199.71,0.33,2.962,420.0,0.092,PM2.5-1HR
38,840240313001,2026-03-12,2.78,3.5,51,0,4.32,311,995.93,169.39,0,2.5,420.0,0.497,PM2.5-1HR
38,840240330030,2026-03-12,3.81,3,62,0,3.61,307,1004.43,185.64,0,2.5,420.0,0.38,PM2.5-1HR
38,840510590030,2026-03-12,3.33,8.51,76.13,0.73,4.32,294.34,1011.75,1265.08,0.6,3.34,420.0,0.244,PM2.5-1HR
38,840511071005,2026-03-12,2.57,8,72.21,0.74,4.71,304.64,1012.13,2249.31,0.4,3.06,420.0,0.103,PM2.5-1HR
38,840511130003,2026-03-12,1.78,2.69,71.04,0.83,4.88,302.92,1012.7,23.76,0,2.5,420.0,0.474,PM2.5-1HR
38,840110010041,2026-03-13,4.31,5.23,59.5,0,4.56,210.78,1016.47,2199.71,0.53,3.242,420.0,0.092,PM2.5-1HR
38,840510590030,2026-03-13,2.75,4.72,59.21,0,4.58,209.51,1016.6,1265.08,2.1,5.44,420.0,0.244,PM2.5-1HR
38,840511071005,2026-03-13,2.68,5.15,56.25,0,5.25,202.88,1015.65,2249.31,2.2,5.58,420.0,0.103,PM2.5-1HR
38,840511130003,2026-03-13,2.75,-0.63,54.04,0,4.15,225.35,1016.05,23.76,2,5.3,420.0,0.474,PM2.5-1HR
38,840110010041,2026-03-14,3.66,10.28,42.71,0,3.73,295.14,1018.28,2199.71,0.27,2.878,420.0,0.092,PM2.5-1HR
38,840510590030,2026-03-14,3.06,10.45,43.67,0,3.41,301.68,1018.32,1265.08,2.1,5.44,420.0,0.244,PM2.5-1HR
38,840511071005,2026-03-14,2.92,9.4,38.33,0,3.71,296.01,1018.43,2249.31,1.7,4.88,420.0,0.103,PM2.5-1HR
38,840511130003,2026-03-14,2.15,4.75,33.42,0,3.46,297.22,1018.48,23.76,1.4,4.46,420.0,0.474,PM2.5-1HR
38,840110010041,2026-03-15,5.87,8.79,62.29,0.09,3.43,100.19,1024.12,2199.71,0.87,3.718,420.0,0.092,PM2.5-1HR
38,840510590030,2026-03-15,4.07,9.15,62.25,0.05,3.13,103.89,1023.83,1265.08,2.7,6.28,420.0,0.244,PM2.5-1HR
38,840511071005,2026-03-15,4.22,8.27,58.54,0.08,3.95,116.88,1023.5,2249.31,2.9,6.56,420.0,0.103,PM2.5-1HR
38,840511130003,2026-03-15,2.89,2.9,55.71,0.01,2.35,118.57,1022.63,23.76,0,2.5,420.0,0.474,PM2.5-1HR
38,840110010041,2026-03-16,4.18,16.25,89.29,0.75,6.55,177.63,1001.55,2199.71,0.7,3.48,420.0,0.092,PM2.5-1HR
38,840510590030,2026-03-16,3.36,16.42,89.54,0.66,6.48,179.75,1001.45,1265.08,0.4,3.06,420.0,0.244,PM2.5-1HR
38,840511071005,2026-03-16,2.94,14.78,92.75,1.1,6.82,180.34,1000.8,2249.31,0.3,2.92,420.0,0.103,PM2.5-1HR
38,840511130003,2026-03-16,2.1,7.73,97,1.49,5.45,193.12,1000.79,23.76,0,2.5,420.0,0.474,PM2.5-1HR
38,840110010041,2026-03-17,2.59,1.92,50.25,0.01,5.03,287.6,1014.81,2199.71,0.1,2.64,420.0,0.092,PM2.5-1HR
38,840510590030,2026-03-17,1.98,2.16,49.38,0,4.37,290.32,1015,1265.08,0.6,3.34,420.0,0.244,PM2.5-1HR
38,840511071005,2026-03-17,1.84,0.9,46.17,0,5.56,287.68,1015.3,2249.31,0.6,3.34,420.0,0.103,PM2.5-1HR
38,840110010041,2026-03-18,4,0.05,51.79,0,2.39,221.46,1028.64,2199.71,1,3.9,420.0,0.092,PM2.5-1HR
38,840510590030,2026-03-18,4.06,0.12,51.17,0,2.39,96.3,1028.63,1265.08,2.7,6.28,420.0,0.244,PM2.5-1HR
38,840511071005,2026-03-18,3.74,-0.46,50.83,0,2.46,221.84,1028.51,2249.31,2.9,6.56,420.0,0.103,PM2.5-1HR
38,840110010041,2026-03-19,5.77,5.85,64.04,0.01,1.88,176.8,1024.31,2199.71,2.5,6.0,420.0,0.092,PM2.5-1HR
38,840510590030,2026-03-19,5.54,6.09,61.58,0,2.03,178.05,1024.26,1265.08,3.8,7.82,420.0,0.244,PM2.5-1HR
38,840511071005,2026-03-19,5.54,6,59.38,0.01,2.56,173.85,1023.76,2249.31,3.8,7.82,420.0,0.103,PM2.5-1HR
38,840511130003,2026-03-19,5.3,2,50.13,0,1.97,230.51,1023.25,23.76,4.9,9.36,420.0,0.474,PM2.5-1HR
38,840110010041,2026-03-20,9.06,11.43,64.96,0.09,3.25,207.95,1015.91,2199.71,2.8,6.42,420.0,0.092,PM2.5-1HR
38,840510590030,2026-03-20,7.77,11.74,62.75,0.03,3.96,202.71,1015.95,1265.08,5,9.5,420.0,0.244,PM2.5-1HR
38,840511071005,2026-03-20,8.35,11.33,65.96,0.05,3.62,198.26,1015.35,2249.31,6.3,11.32,420.0,0.103,PM2.5-1HR
38,840511130003,2026-03-20,6.47,8.32,51.42,0.03,3.4,239.16,1015.38,23.76,4.4,8.66,420.0,0.474,PM2.5-1HR
38,840110010041,2026-03-21,8.2,14.33,74.83,0.18,2.6,347.88,1011.27,2199.71,2.53,6.042,420.0,0.092,PM2.5-1HR
38,840510590030,2026-03-21,8.77,14.85,70.58,0.01,2.48,345.58,1011.19,1265.08,6.2,11.18,420.0,0.244,PM2.5-1HR
38,840511071005,2026-03-21,7.7,13.88,73.63,0.06,2.92,357.82,1011.32,2249.31,4.8,9.22,420.0,0.103,PM2.5-1HR
38,840511130003,2026-03-21,11.98,10.41,65.08,0.06,1.66,274.23,1010.95,23.76,7.2,12.58,420.0,0.474,PM2.5-1HR
38,840110010041,2026-03-22,9.98,17.13,67.46,0,2.96,178.69,1008.35,2199.71,5.53,10.242,420.0,0.092,PM2.5-1HR
38,840510590030,2026-03-22,11.52,17.96,62.63,0,3.39,185.31,1008.36,1265.08,7.3,12.72,420.0,0.244,PM2.5-1HR
38,840511071005,2026-03-22,10.85,17.66,63,0,3.87,179.94,1007.76,2249.31,5.9,10.76,420.0,0.103,PM2.5-1HR
38,840511130003,2026-03-22,8.75,14.44,53.13,0,2.73,221.65,1008.18,23.76,3.1,6.84,420.0,0.474,PM2.5-1HR
38,840110010041,2026-03-23,6.94,13.68,68.25,0.21,4.78,335.01,1011.58,2199.71,0.33,2.962,420.0,0.092,PM2.5-1HR
38,840510590030,2026-03-23,5.54,14.14,64.33,0.09,4.94,332.19,1011.57,1265.08,1.2,4.18,420.0,0.244,PM2.5-1HR
38,840511071005,2026-03-23,4.35,12.8,65,0.08,5.85,335.46,1012.51,2249.31,1,3.9,420.0,0.103,PM2.5-1HR
38,840110010041,2026-03-24,3.85,5.33,51.46,0,2.42,294.73,1029.15,2199.71,0.7,3.48,420.0,0.092,PM2.5-1HR
38,840510590030,2026-03-24,3.01,5.56,44.5,0,2.88,305.41,1029.18,1265.08,1.9,5.16,420.0,0.244,PM2.5-1HR
38,840511071005,2026-03-24,2.89,4.61,46.17,0,2.92,292.72,1029.42,2249.31,1.9,5.16,420.0,0.103,PM2.5-1HR
38,840511130003,2026-03-24,2.58,-1.49,46.79,0,2.53,242.64,1029.59,23.76,2.1,5.44,420.0,0.474,PM2.5-1HR
38,840110010041,2026-03-25,4.96,8.17,55.92,0,2.99,179.93,1026.28,2199.71,0.83,3.662,420.0,0.092,PM2.5-1HR
38,840510590030,2026-03-25,4.63,8.7,51.88,0,3.35,180.35,1026.23,1265.08,3.2,6.98,420.0,0.244,PM2.5-1HR
38,840511071005,2026-03-25,7.06,9.09,49,0,4.05,174.58,1025.4,2249.31,4.1,8.24,420.0,0.103,PM2.5-1HR
38,840511130003,2026-03-25,2.94,3.62,45.67,0,3.48,198.05,1025.23,23.76,2.7,6.28,420.0,0.474,PM2.5-1HR
38,840110010041,2026-03-26,12,18.2,50,0,4.74,211.74,1013.75,2199.71,3.2,6.98,420.0,0.092,PM2.5-1HR
38,840110010043,2026-03-26,13.11,24,43,0,6.35,217,1008.93,3858.15,3.2,6.98,420.0,0.356,PM2.5-1HR
38,840110010051,2026-03-26,12.92,24.2,43,0,6.55,218,1010.38,3528.37,3.2,6.98,420.0,0.004,PM2.5-1HR
38,840240313001,2026-03-26,11.15,22.4,49,0,6.51,216,997.63,169.39,4,8.1,420.0,0.497,PM2.5-1HR
38,840240330030,2026-03-26,11.49,23.4,46,0,6.26,219,1006.2,185.64,4,8.1,420.0,0.38,PM2.5-1HR
38,840510590030,2026-03-26,13.3,18.94,45.63,0,4.91,210.99,1013.96,1265.08,4.4,8.66,420.0,0.244,PM2.5-1HR
38,840511071005,2026-03-26,14.11,18.53,42.96,0,5.46,206.79,1013.2,2249.31,5.8,10.62,420.0,0.103,PM2.5-1HR
38,840511130003,2026-03-26,18.29,12.26,47.83,0,4.28,230.82,1014.6,23.76,17.1,26.44,420.0,0.474,PM2.5-1HR
38,840110010041,2026-03-27,7.61,13.89,73.63,0.35,3.64,345.66,1014.55,2199.71,0.47,3.158,420.0,0.092,PM2.5-1HR
38,840110010043,2026-03-27,8.09,11.45,80.12,0.61,3.62,358.28,1013.24,3858.15,0.47,3.158,420.0,0.356,PM2.5-1HR
38,840110010051,2026-03-27,7.85,11.62,79.71,0.49,3.52,1.15,1013.64,3528.37,0.47,3.158,420.0,0.004,PM2.5-1HR
38,840240313001,2026-03-27,5.84,10.13,79.53,0.51,4.11,3.19,1011.53,169.39,0,2.5,420.0,0.497,PM2.5-1HR
38,840240330030,2026-03-27,6.09,10.74,81.26,0.49,3.81,358.13,1013.11,185.64,0,2.5,420.0,0.38,PM2.5-1HR
38,840510590030,2026-03-27,7.58,14.59,71.96,0.32,3.81,344.23,1014.46,1265.08,1.9,5.16,420.0,0.244,PM2.5-1HR
38,840511071005,2026-03-27,6.31,12.75,76.83,0.31,3.96,356.18,1014.96,2249.31,2.1,5.44,420.0,0.103,PM2.5-1HR
38,840511130003,2026-03-27,7.94,9.28,81.33,0.39,3.43,334.04,1014.9,23.76,0.1,2.64,420.0,0.474,PM2.5-1HR
38,840110010041,2026-03-28,4.64,5.35,48.17,0,3.35,323.61,1030.87,2199.71,0.5,3.2,420.0,0.092,PM2.5-1HR
38,840110010043,2026-03-28,3.93,5.1,47.57,0,3.64,324.23,1030.79,3858.15,0.5,3.2,420.0,0.356,PM2.5-1HR
38,840110010051,2026-03-28,4.29,5.3,48.13,0,3.44,323.86,1030.78,3528.37,0.5,3.2,420.0,0.004,PM2.5-1HR
38,840240313001,2026-03-28,4.24,4.16,48.5,0,3.8,322.59,1031.13,169.39,1,3.9,420.0,0.497,PM2.5-1HR
38,840240330030,2026-03-28,4.04,4.62,48.92,0,3.65,322.7,1030.84,185.64,0,2.5,420.0,0.38,PM2.5-1HR
38,840510590030,2026-03-28,3.62,5.66,45.71,0,3.65,329.44,1030.96,1265.08,2.8,6.42,420.0,0.244,PM2.5-1HR
38,840511071005,2026-03-28,4.1,4.97,45.04,0,4.1,323.93,1031.36,2249.31,2.8,6.42,420.0,0.103,PM2.5-1HR
38,840511130003,2026-03-28,5.13,-0.9,45.88,0,3.98,324.22,1031.66,23.76,2.9,6.56,420.0,0.474,PM2.5-1HR
38,840110010041,2026-03-29,5.94,8.29,45.25,0,3.22,207.18,1032.74,2199.71,0.73,3.522,420.0,0.092,PM2.5-1HR
38,840110010043,2026-03-29,6.4,7.25,48.75,0,3.09,210.54,1031.84,3858.15,0.73,3.522,420.0,0.356,PM2.5-1HR
38,840110010051,2026-03-29,7.87,7.4,47.65,0,2.95,211.76,1032.19,3528.37,0.73,3.522,420.0,0.004,PM2.5-1HR
38,840240313001,2026-03-29,5.31,6.62,48.5,0,3.45,204.08,1029.6,169.39,1,3.9,420.0,0.497,PM2.5-1HR
38,840240330030,2026-03-29,5.48,6.88,46.15,0,3.12,215.4,1031.38,185.64,0,2.5,420.0,0.38,PM2.5-1HR
38,840510590030,2026-03-29,4.42,8.24,46.25,0,3.54,205.92,1032.82,1265.08,2.7,6.28,420.0,0.244,PM2.5-1HR
38,840511071005,2026-03-29,4.88,8.13,44.54,0,4.26,197.68,1031.99,2249.31,3.2,6.98,420.0,0.103,PM2.5-1HR
38,840511130003,2026-03-29,3.54,2.96,37.54,0,3.51,206.24,1032.19,23.76,2.7,6.28,420.0,0.474,PM2.5-1HR
38,840110010041,2026-03-30,5.69,15.47,57.58,0.06,5.04,214.75,1024.06,2199.71,1.43,4.502,420.0,0.092,PM2.5-1HR
38,840510590030,2026-03-30,5.13,15.48,56.83,0.16,4.98,213.83,1024.33,1265.08,2.6,6.14,420.0,0.244,PM2.5-1HR
38,840511071005,2026-03-30,5.19,15.08,51.96,0,5.64,205.16,1023.52,2249.31,2.2,5.58,420.0,0.103,PM2.5-1HR
38,840511130003,2026-03-30,6.09,8.76,55.83,0.02,3.95,223.53,1024.6,23.76,2.8,6.42,420.0,0.474,PM2.5-1HR
38,840110010041,2026-03-31,6.88,22.24,50.13,0,5.37,217.67,1017.94,2199.71,2.23,5.622,420.0,0.092,PM2.5-1HR
38,840510590030,2026-03-31,7.72,22.27,49.29,0,5.27,216.09,1018.2,1265.08,5.8,10.62,420.0,0.244,PM2.5-1HR
38,840511071005,2026-03-31,8.3,21.63,50.83,0,5.43,211.09,1017.51,2249.31,6.5,11.6,420.0,0.103,PM2.5-1HR
38,840511130003,2026-03-31,8.58,14.98,57.42,0,4.46,233.94,1018.96,23.76,7.1,12.44,420.0,0.474,PM2.5-1HR
38,840110010041,2026-04-01,8.02,24.04,55.29,0.05,3.53,238.19,1017.07,2199.71,1,3.9,420.0,0.092,PM2.5-1HR
38,840110010043,2026-04-01,8.76,22.28,70.6,0.36,2.69,127.81,1013.52,3858.15,1,3.9,420.0,0.356,PM2.5-1HR
38,840110010051,2026-04-01,9.76,20.23,91,0.1,2.52,55.67,1014.36,3528.37,1,3.9,420.0,0.004,PM2.5-1HR
38,840240313001,2026-04-01,7.15,18.75,92,0.1,2.8,82.26,1003.78,169.39,1,3.9,420.0,0.497,PM2.5-1HR
38,840240330030,2026-04-01,7.22,19.28,92.5,0.23,2.45,81.54,1010.94,185.64,2,5.3,420.0,0.38,PM2.5-1HR
38,840510590030,2026-04-01,7.93,23.87,55.71,0.07,3.67,231.19,1017.24,1265.08,3.5,7.4,420.0,0.244,PM2.5-1HR
38,840511071005,2026-04-01,8.75,22.62,59.17,0.13,3.6,227.18,1017.05,2249.31,6.2,11.18,420.0,0.103,PM2.5-1HR
38,840511130003,2026-04-01,16.91,16.58,59.83,0.18,3.11,241.94,1018.23,23.76,2.1,5.44,420.0,0.474,PM2.5-1HR
38,840110010041,2026-04-02,6.08,13.73,86.5,0.03,3.48,75.34,1024.65,2199.71,1.43,4.502,420.0,0.092,PM2.5-1HR
38,840110010043,2026-04-02,3.69,14.21,86.3,0,3.29,79.03,1024.35,3858.15,1.43,4.502,420.0,0.356,PM2.5-1HR
38,840110010051,2026-04-02,6.77,13.89,86.52,0.03,3.45,75.13,1024.53,3528.37,1.43,4.502,420.0,0.004,PM2.5-1HR
38,840240313001,2026-04-02,4.18,13.22,88.75,0,4.04,84.04,1024.65,169.39,0,2.5,420.0,0.497,PM2.5-1HR
38,840240330030,2026-04-02,4.27,12.94,87.25,0.07,4.03,76.39,1024.88,185.64,0,2.5,420.0,0.38,PM2.5-1HR
38,840510590030,2026-04-02,7.8,14.43,87.08,0.03,3,75.92,1024.32,1265.08,4.5,8.8,420.0,0.244,PM2.5-1HR
38,840511071005,2026-04-02,9.06,14.65,86.38,0,3.06,82.51,1024.17,2249.31,5.3,9.92,420.0,0.103,PM2.5-1HR
38,840511130003,2026-04-02,7.76,12.94,81.88,0.01,1.78,124.17,1023.23,23.76,2.2,5.58,420.0,0.474,PM2.5-1HR
38,840110010041,2026-04-03,4.99,17.31,70.25,0,3,158.62,1023.94,2199.71,0.4,3.06,420.0,0.092,PM2.5-1HR
38,840511130003,2026-04-03,9.43,14.21,72.75,0.01,3.4,203.64,1023.51,23.76,7,12.3,420.0,0.474,PM2.5-1HR
38,840110010043,2026-04-03,6.22,16.39,72.6,0.01,2.97,155.39,1023.1,3858.15,0.4,3.06,420.0,0.356,PM2.5-1HR
38,840110010051,2026-04-03,5.75,16.15,73,0,2.83,145.5,1023.38,3528.37,0.4,3.06,420.0,0.004,PM2.5-1HR
38,840240313001,2026-04-03,4.77,15.64,75.05,0,3.56,163.74,1021.14,169.39,1,3.9,420.0,0.497,PM2.5-1HR
38,840240330030,2026-04-03,3.45,15.56,74,0.01,3.05,154.49,1022.77,185.64,0,2.5,420.0,0.38,PM2.5-1HR
38,840510590030,2026-04-03,5.4,17.7,70.08,0,3.04,164.71,1023.86,1265.08,2.9,6.56,420.0,0.244,PM2.5-1HR
38,840511071005,2026-04-03,6.47,17.48,70.08,0,3.78,177.21,1023.49,2249.31,3.1,6.84,420.0,0.103,PM2.5-1HR
38,840110010041,2026-04-04,8.24,23.95,57.17,0,3.44,204.31,1018.95,2199.71,3.67,7.638,420.0,0.092,PM2.5-1HR
38,840510590030,2026-04-04,7,23.92,58.17,0.01,3.67,205.21,1018.99,1265.08,6.2,11.18,420.0,0.244,PM2.5-1HR
38,840511071005,2026-04-04,8.29,23.2,57.92,0.01,3.77,195.96,1018.53,2249.31,6.3,11.32,420.0,0.103,PM2.5-1HR
38,840511130003,2026-04-04,7.91,17.73,56.58,0,3.43,216.97,1019.6,23.76,6.1,11.04,420.0,0.474,PM2.5-1HR
38,840110010041,2026-04-05,4.81,18.5,66.79,0.75,5.18,261.86,1012.66,2199.71,0.47,3.158,420.0,0.092,PM2.5-1HR
38,840511130003,2026-04-05,3.24,11.71,72.88,0.44,4.28,262.92,1013.48,23.76,0.9,3.76,420.0,0.474,PM2.5-1HR
38,840110010043,2026-04-05,4.47,14.62,73,1.25,4.37,312.85,1010.1,3858.15,0.47,3.158,420.0,0.356,PM2.5-1HR
38,840110010051,2026-04-05,5.33,14.9,72.64,1.52,4.16,312.52,1010.89,3528.37,0.47,3.158,420.0,0.004,PM2.5-1HR
38,840240313001,2026-04-05,2.62,13.82,72.08,0.93,5.02,306.32,1005.23,169.39,0,2.5,420.0,0.497,PM2.5-1HR
38,840240330030,2026-04-05,3.92,14.67,72.08,1.26,4.74,304.93,1009.15,185.64,0,2.5,420.0,0.38,PM2.5-1HR
38,840510590030,2026-04-05,4.09,18.53,68.25,0.81,5.11,268.52,1012.79,1265.08,1.8,5.02,420.0,0.244,PM2.5-1HR
38,840511071005,2026-04-05,3.51,17.42,68.17,0.46,5.4,268.65,1012.72,2249.31,1.2,4.18,420.0,0.103,PM2.5-1HR
38,840110010041,2026-04-06,3.38,11.29,49.58,0,3.46,296.44,1018.99,2199.71,0.27,2.878,420.0,0.092,PM2.5-1HR
38,840110010043,2026-04-06,3.54,10.97,47.5,0,4.27,304.12,1018.23,3858.15,0.27,2.878,420.0,0.356,PM2.5-1HR
38,840110010051,2026-04-06,4.02,11.11,47.5,0,4.01,301.13,1018.46,3528.37,0.27,2.878,420.0,0.004,PM2.5-1HR
38,840240313001,2026-04-06,1.68,10.22,46.25,0,5.39,300.62,1016.23,169.39,0,2.5,420.0,0.497,PM2.5-1HR
38,840240330030,2026-04-06,3.27,10.67,45.35,0,4.78,302.13,1017.69,185.64,0,2.5,420.0,0.38,PM2.5-1HR
38,840510590030,2026-04-06,3.29,11.53,49.46,0,3.1,315.17,1019.1,1265.08,1.9,5.16,420.0,0.244,PM2.5-1HR
38,840511071005,2026-04-06,3.71,10.9,47.08,0,4.3,310.11,1019.14,2249.31,1.8,5.02,420.0,0.103,PM2.5-1HR
38,840511130003,2026-04-06,3.57,4.89,46.29,0,4.02,295.58,1019.42,23.76,2.4,5.86,420.0,0.474,PM2.5-1HR
38,840110010041,2026-04-07,3.86,9.65,48.63,0,3.33,331.51,1024.84,2199.71,0.47,3.158,420.0,0.092,PM2.5-1HR
38,840510590030,2026-04-07,3.82,9.77,47.21,0,3.61,338.33,1024.84,1265.08,3,6.7,420.0,0.244,PM2.5-1HR
38,840511071005,2026-04-07,4.14,9.05,41.38,0,4.31,331.81,1025.33,2249.31,2.8,6.42,420.0,0.103,PM2.5-1HR
38,840511130003,2026-04-07,4.58,3.4,39.88,0,3.32,323.48,1025.05,23.76,3.4,7.26,420.0,0.474,PM2.5-1HR
38,840110010041,2026-04-08,3.42,5.92,43.83,0,2.57,74.16,1034.86,2199.71,0.73,3.522,420.0,0.092,PM2.5-1HR
38,840110010043,2026-04-08,4.64,7.6,40,0,1.65,90,1030.23,3858.15,0.73,3.522,420.0,0.356,PM2.5-1HR
38,840510590030,2026-04-08,4.97,6.12,44.5,0,2.49,65.37,1034.72,1265.08,3.1,6.84,420.0,0.244,PM2.5-1HR
38,840511071005,2026-04-08,5.54,5.77,39.63,0,2.56,77.46,1034.74,2249.31,3.1,6.84,420.0,0.103,PM2.5-1HR
38,840511130003,2026-04-08,7.87,-0.19,38.42,0,2.25,92.69,1034.38,23.76,3.3,7.12,420.0,0.474,PM2.5-1HR
38,840110010041,2026-04-09,1.88,8.52,61.92,0,2.08,145.32,1033.42,2199.71,1.23,4.222,420.0,0.092,PM2.5-1HR
38,840510590030,2026-04-09,7.04,8.41,61.33,0,2.04,157.88,1033.34,1265.08,4.1,8.24,420.0,0.244,PM2.5-1HR
38,840511071005,2026-04-09,6.48,8.96,56.58,0,3.34,157.47,1032.83,2249.31,4.8,9.22,420.0,0.103,PM2.5-1HR
38,840511130003,2026-04-09,5.89,3.24,50.25,0,2.37,177.22,1032.4,23.76,4.1,8.24,420.0,0.474,PM2.5-1HR
38,840510590030,2026-04-10,6.68,14.17,64.04,0,2.72,178.46,1025.6,1265.08,5.5,10.2,420.0,0.244,PM2.5-1HR
38,840511071005,2026-04-10,7.63,14.96,56.38,0,3.52,172.32,1024.95,2249.31,5.9,10.76,420.0,0.103,PM2.5-1HR
38,840511130003,2026-04-10,6.6,11.65,36.17,0,2.33,217.81,1024.39,23.76,4.8,9.22,420.0,0.474,PM2.5-1HR
38,840510590030,2026-04-11,5.25,17.58,50.38,0,2.96,329.82,1024.09,1265.08,3,6.7,420.0,0.244,PM2.5-1HR
38,840511071005,2026-04-11,5.6,17.3,46.42,0,3.84,346.06,1024.48,2249.31,3.4,7.26,420.0,0.103,PM2.5-1HR
38,840511130003,2026-04-11,7.17,12.05,51.88,0,2.08,336.94,1024.3,23.76,3,6.7,420.0,0.474,PM2.5-1HR
38,840510590030,2026-04-12,4.22,15.2,55.88,0,2.93,142.23,1028.4,1265.08,3,6.7,420.0,0.244,PM2.5-1HR
38,840511071005,2026-04-12,5.01,15.93,50.21,0,3.68,141.13,1027.7,2249.31,3.4,7.26,420.0,0.103,PM2.5-1HR
38,840511130003,2026-04-12,6.45,11.28,53.29,0,3.1,166.75,1027.5,23.76,3.6,7.54,420.0,0.474,PM2.5-1HR
38,840110010041,2026-04-13,8.95,22.03,54.92,0.01,5.01,214.58,1019.96,2199.71,3.57,7.498,420.0,0.092,PM2.5-1HR
38,840510590030,2026-04-13,8.1,21.73,56.83,0,4.87,214.02,1020.2,1265.08,4.1,8.24,420.0,0.244,PM2.5-1HR
38,840511071005,2026-04-13,9.14,21.54,53.58,0,5.66,204.11,1019.46,2249.31,4.4,8.66,420.0,0.103,PM2.5-1HR
38,840511130003,2026-04-13,11.25,15.54,56.71,0,4.23,227.65,1021.02,23.76,9.1,15.24,420.0,0.474,PM2.5-1HR
38,840110010041,2026-04-14,7.89,24.51,47.33,0.01,2.99,233.35,1016.05,2199.71,3.6,7.54,420.0,0.092,PM2.5-1HR
38,840510590030,2026-04-14,7.78,23.76,50.92,0.03,2.98,227.53,1016.2,1265.08,5.6,10.34,420.0,0.244,PM2.5-1HR
38,840511071005,2026-04-14,7.75,22.9,53.17,0.01,3.06,226.06,1015.99,2249.31,3.8,7.82,420.0,0.103,PM2.5-1HR
38,840110010041,2026-04-15,7.38,25.64,53.54,0.02,2.55,223.65,1013.98,2199.71,2.67,6.238,420.0,0.092,PM2.5-1HR
38,840110010043,2026-04-15,8.87,27.13,40,0,3.14,201.25,1010.11,3858.15,2.67,6.238,420.0,0.356,PM2.5-1HR
38,840110010051,2026-04-15,8.63,27.38,40.75,0,3.3,200.25,1011.31,3528.37,2.67,6.238,420.0,0.004,PM2.5-1HR
38,840240313001,2026-04-15,4.55,26.5,39.5,0,4.18,205.98,1000.68,169.39,0,2.5,420.0,0.497,PM2.5-1HR
38,840240330030,2026-04-15,5.29,27.28,39,0,3.62,204.25,1007.74,185.64,2,5.3,420.0,0.38,PM2.5-1HR
38,840510590030,2026-04-15,7.62,24.98,57.25,0.03,2.38,225.39,1014.08,1265.08,6.2,11.18,420.0,0.244,PM2.5-1HR
38,840511071005,2026-04-15,6.45,24.22,57.79,0.01,3.01,220.96,1013.91,2249.31,4.1,8.24,420.0,0.103,PM2.5-1HR
38,840511130003,2026-04-15,7.94,19.7,49,0,2.5,247.02,1015.28,23.76,5.3,9.92,420.0,0.474,PM2.5-1HR
38,840110010041,2026-04-16,9.89,27.24,39.29,0,2.99,206.54,1010.92,2199.71,5.1,9.64,420.0,0.092,PM2.5-1HR
38,840110010043,2026-04-16,13.4,26.78,41.33,0,2.76,208.14,1010.93,3858.15,5.1,9.64,420.0,0.356,PM2.5-1HR
38,840240313001,2026-04-16,8.68,25.95,43.88,0,2.9,215.13,1010.98,169.39,5,9.5,420.0,0.497,PM2.5-1HR
38,840240330030,2026-04-16,9.76,26.73,40.58,0,2.98,211.36,1010.92,185.64,6,10.9,420.0,0.38,PM2.5-1HR
38,840510590030,2026-04-16,11.3,26.23,43.67,0,2.82,204.58,1011.05,1265.08,8.3,14.12,420.0,0.244,PM2.5-1HR
38,840511071005,2026-04-16,8.99,25.66,44.88,0,2.74,218.44,1010.88,2249.31,6.5,11.6,420.0,0.103,PM2.5-1HR
38,840511130003,2026-04-16,9.49,20.9,37.79,0,3.03,259.97,1012.39,23.76,5.9,10.76,420.0,0.474,PM2.5-1HR
38,840110010041,2026-04-17,5.46,24.16,48.38,0,3.37,323.09,1012.4,2199.71,0.35,2.99,420.0,0.092,PM2.5-1HR
38,840110010043,2026-04-17,4.26,23.7,50.21,0,3.45,325.42,1012.48,3858.15,0.35,2.99,420.0,0.356,PM2.5-1HR
38,840240313001,2026-04-17,3.28,22.21,56.83,0.09,3.41,324.93,1012.65,169.39,0,2.5,420.0,0.497,PM2.5-1HR
38,840240330030,2026-04-17,3.22,23.03,52.71,0.04,3.59,317.73,1012.46,185.64,0,2.5,420.0,0.38,PM2.5-1HR
38,840510590030,2026-04-17,4.48,23.98,48.83,0,3.25,327.08,1012.46,1265.08,2.6,6.14,420.0,0.244,PM2.5-1HR
38,840511071005,2026-04-17,4.17,22.63,53.13,0.1,3.78,328.9,1012.7,2249.31,2.4,5.86,420.0,0.103,PM2.5-1HR
38,840511130003,2026-04-17,4.11,17.41,48.88,0,3.02,317.98,1013.63,23.76,3.2,6.98,420.0,0.474,PM2.5-1HR
38,840110010041,2026-04-18,8.69,20.92,63.21,0,2.77,98.72,1013.43,2199.71,3.1,6.84,420.0,0.092,PM2.5-1HR
38,840110010043,2026-04-18,7.31,21.19,61.83,0,2.64,102.5,1013.29,3858.15,3.1,6.84,420.0,0.356,PM2.5-1HR
38,840240313001,2026-04-18,3.9,20.11,66.75,0,3.4,105.44,1013.3,169.39,0,2.5,420.0,0.497,PM2.5-1HR
38,840240330030,2026-04-18,5.46,20.18,66.83,0,3.2,96.63,1013.58,185.64,0,2.5,420.0,0.38,PM2.5-1HR
38,840510590030,2026-04-18,7.03,21.12,63.67,0,2.52,121.18,1013.19,1265.08,4.5,8.8,420.0,0.244,PM2.5-1HR
38,840511071005,2026-04-18,6.3,21.25,60.17,0,2.88,151.97,1012.74,2249.31,4,8.1,420.0,0.103,PM2.5-1HR
38,840511130003,2026-04-18,4.88,17.88,45.96,0,2.74,167.63,1013.15,23.76,2.3,5.72,420.0,0.474,PM2.5-1HR
38,840110010041,2026-04-19,5.36,13.09,63.08,0.24,4.11,330.14,1013.94,2199.71,0.65,3.41,420.0,0.092,PM2.5-1HR
38,840110010043,2026-04-19,4.84,13.05,62.88,0.23,4.35,328.04,1014.02,3858.15,0.65,3.41,420.0,0.356,PM2.5-1HR
38,840240313001,2026-04-19,4.81,11.8,68.33,0.44,4.73,327.25,1014.17,169.39,0,2.5,420.0,0.497,PM2.5-1HR
38,840240330030,2026-04-19,3.98,12.21,67.79,0.26,4.26,328.39,1013.96,185.64,0,2.5,420.0,0.38,PM2.5-1HR
38,840510590030,2026-04-19,5.26,13.15,65.21,0.22,4.08,331.8,1014.01,1265.08,1.8,5.02,420.0,0.244,PM2.5-1HR
38,840511071005,2026-04-19,4.34,12.62,65.88,0.68,4.84,326.05,1014.43,2249.31,1.7,4.88,420.0,0.103,PM2.5-1HR
38,840511130003,2026-04-19,2.93,7.17,63.75,0.52,4.37,302.45,1014.74,23.76,0.6,3.34,420.0,0.474,PM2.5-1HR
38,840110010041,2026-04-20,4.73,9.12,50.63,0.08,3.23,303.4,1023.07,2199.71,0.7,3.48,420.0,0.092,PM2.5-1HR
38,840110010043,2026-04-20,4.83,8.81,53.13,0.03,3.29,304.88,1023.11,3858.15,0.7,3.48,420.0,0.356,PM2.5-1HR
38,840240313001,2026-04-20,3.82,7.9,52.75,0.03,3.59,312.34,1023.18,169.39,0,2.5,420.0,0.497,PM2.5-1HR
38,840240330030,2026-04-20,4.12,8.21,53.29,0.03,3.42,307.3,1023.02,185.64,2,5.3,420.0,0.38,PM2.5-1HR
38,840510590030,2026-04-20,3.44,8.94,52.54,0.04,3.17,307.99,1023.13,1265.08,2.8,6.42,420.0,0.244,PM2.5-1HR
38,840511071005,2026-04-20,3.33,8.69,46.29,0.03,3.95,311.65,1023.37,2249.31,2.8,6.42,420.0,0.103,PM2.5-1HR
38,840511130003,2026-04-20,3.57,2.73,43.17,0,3.38,304.72,1023.33,23.76,3,6.7,420.0,0.474,PM2.5-1HR
38,840110010041,2026-04-21,4.53,8.85,48,0,2.13,163.42,1026.7,2199.71,1.5,4.6,420.0,0.092,PM2.5-1HR
38,840110010043,2026-04-21,4.76,8.88,47.88,0,2.14,202.33,1026.63,3858.15,1.5,4.6,420.0,0.356,PM2.5-1HR
38,840240313001,2026-04-21,3.21,7.75,50.71,0,2.5,156.41,1026.54,169.39,0,2.5,420.0,0.497,PM2.5-1HR
38,840240330030,2026-04-21,3.39,8.09,49.38,0,2.42,147.47,1026.67,185.64,1,3.9,420.0,0.38,PM2.5-1HR
38,840510590030,2026-04-21,3.83,8.84,49.25,0,2.23,205.44,1026.68,1265.08,3.3,7.12,420.0,0.244,PM2.5-1HR
38,840511071005,2026-04-21,4.89,8.53,48.13,0,2.7,193.47,1026.35,2249.31,3.5,7.4,420.0,0.103,PM2.5-1HR
38,840511130003,2026-04-21,3.45,3.43,42.58,0,2.63,219.02,1026.09,23.76,2.9,6.56,420.0,0.474,PM2.5-1HR
38,840110010041,2026-04-22,6.8,16.9,48.21,0.08,2.67,216.38,1016.42,2199.71,2.5,6.0,420.0,0.092,PM2.5-1HR
38,840110010043,2026-04-22,9.33,16.97,47.83,0.09,2.83,223.29,1016.35,3858.15,2.5,6.0,420.0,0.356,PM2.5-1HR
38,840240313001,2026-04-22,6.62,15.43,56.96,0.02,3.11,218.45,1016.29,169.39,3,6.7,420.0,0.497,PM2.5-1HR
38,840240330030,2026-04-22,5.48,15.49,55.38,0.18,2.71,214.61,1016.42,185.64,1,3.9,420.0,0.38,PM2.5-1HR
38,840510590030,2026-04-22,6.13,16.84,50.25,0.01,3.2,223.77,1016.45,1265.08,3.8,7.82,420.0,0.244,PM2.5-1HR
38,840511071005,2026-04-22,6.01,16.52,50.04,0.04,3.32,217.75,1016.08,2249.31,4.3,8.52,420.0,0.103,PM2.5-1HR
38,840511130003,2026-04-22,5.68,11.65,51.29,0.01,3.42,265.04,1016.56,23.76,4.1,8.24,420.0,0.474,PM2.5-1HR
38,840110010041,2026-04-23,9.84,21.89,49.29,0,2.4,296.43,1013.1,2199.71,4.55,8.87,420.0,0.092,PM2.5-1HR
38,840110010043,2026-04-23,10.46,22.05,48.13,0,2.61,297.92,1013.13,3858.15,4.55,8.87,420.0,0.356,PM2.5-1HR
38,840240313001,2026-04-23,7.44,20.25,57.13,0,2.7,284.91,1013.2,169.39,4,8.1,420.0,0.497,PM2.5-1HR
38,840240330030,2026-04-23,8.72,20.6,55.21,0,2.42,297.39,1013.15,185.64,3,6.7,420.0,0.38,PM2.5-1HR
38,840510590030,2026-04-23,8.37,21.77,49.67,0,2.42,305.58,1013.19,1265.08,7,12.3,420.0,0.244,PM2.5-1HR
38,840511071005,2026-04-23,7.53,21.28,50.04,0,2.77,295.02,1013.17,2249.31,6,10.9,420.0,0.103,PM2.5-1HR
38,840511130003,2026-04-23,5.53,14.78,52.58,0,2.36,302.05,1014.27,23.76,4.4,8.66,420.0,0.474,PM2.5-1HR
38,840110010041,2026-04-24,9.16,21.38,56.29,0.14,2.09,16.75,1008.94,2199.71,4.85,9.29,420.0,0.092,PM2.5-1HR
38,840110010043,2026-04-24,11.12,21.66,54.17,0.05,2.18,316.58,1008.91,3858.15,4.85,9.29,420.0,0.356,PM2.5-1HR
38,840240313001,2026-04-24,8,19.49,64.46,0.16,2.33,337.62,1009.08,169.39,5,9.5,420.0,0.497,PM2.5-1HR
38,840240330030,2026-04-24,8.38,20.22,59.42,0.13,2.16,350.36,1009.01,185.64,1,3.9,420.0,0.38,PM2.5-1HR
38,840510590030,2026-04-24,7.94,21.2,58.96,0.27,2.2,258.27,1008.93,1265.08,6.4,11.46,420.0,0.244,PM2.5-1HR
38,840511071005,2026-04-24,7.94,21.63,52.42,0.01,2.81,339.19,1008.84,2249.31,6.2,11.18,420.0,0.103,PM2.5-1HR
38,840511130003,2026-04-24,8.94,15.76,49.83,0,2.39,294.48,1009.75,23.76,5.6,10.34,420.0,0.474,PM2.5-1HR
38,840110010041,2026-04-25,6.62,13.48,81.96,0.25,3.71,90.9,1011.36,2199.71,4.6,8.94,420.0,0.092,PM2.5-1HR
38,840240313001,2026-04-25,5.71,12.3,88.04,0.31,4.34,99.29,1011.45,169.39,2,5.3,420.0,0.497,PM2.5-1HR
38,840240330030,2026-04-25,4.49,12.52,85.5,0.29,4.12,95.34,1011.63,185.64,1,3.9,420.0,0.38,PM2.5-1HR
38,840510590030,2026-04-25,7.19,14.24,79.42,0.48,3.57,88.4,1011.02,1265.08,5.5,10.2,420.0,0.244,PM2.5-1HR
38,840511071005,2026-04-25,8.06,14.16,80.29,0.21,3.57,105.33,1010.9,2249.31,5.5,10.2,420.0,0.103,PM2.5-1HR
38,840511130003,2026-04-25,8.12,10.66,82.42,0.31,1.41,123.09,1009.87,23.76,0.4,3.06,420.0,0.474,PM2.5-1HR
38,840110010041,2026-04-26,3.35,10.45,75.71,0,3.57,33.35,1018.4,2199.71,0.2,2.78,420.0,0.092,PM2.5-1HR
38,840240313001,2026-04-26,2.94,9.62,79.33,0,3.4,38.34,1018.7,169.39,0,2.5,420.0,0.497,PM2.5-1HR
38,840240330030,2026-04-26,2.09,9.86,78.08,0,3.57,34.51,1018.57,185.64,0,2.5,420.0,0.38,PM2.5-1HR
38,840510590030,2026-04-26,4,10.64,76.08,0,3.44,33.42,1018.32,1265.08,1.7,4.88,420.0,0.244,PM2.5-1HR
38,840511071005,2026-04-26,2.93,10.64,72.13,0,3.53,25.18,1018.79,2249.31,1.3,4.32,420.0,0.103,PM2.5-1HR
38,840511130003,2026-04-26,1.84,5.16,84.92,0,2.99,32.82,1018.38,23.76,0.3,2.92,420.0,0.474,PM2.5-1HR
38,840110010041,2026-04-27,6.21,13.34,68.25,0,1.26,90.88,1023.61,2199.71,0.65,3.41,420.0,0.092,PM2.5-1HR
38,840110010043,2026-04-27,6.93,13.19,70.04,0,1.23,94.48,1023.59,3858.15,0.65,3.41,420.0,0.356,PM2.5-1HR
38,840240313001,2026-04-27,3.96,12.66,71.21,0,1.45,156.96,1023.55,169.39,0,2.5,420.0,0.497,PM2.5-1HR
38,840240330030,2026-04-27,4.24,12.73,70.71,0,1.53,61.27,1023.6,185.64,1,3.9,420.0,0.38,PM2.5-1HR
38,840510590030,2026-04-27,7.17,13.1,71.08,0,1.37,72.74,1023.63,1265.08,3,6.7,420.0,0.244,PM2.5-1HR
38,840511071005,2026-04-27,4.31,13.55,65.38,0,1.53,202.96,1023.45,2249.31,3.2,6.98,420.0,0.103,PM2.5-1HR
38,840511130003,2026-04-27,3.68,7.43,66,0,1.85,161.53,1023.52,23.76,2.5,6.0,420.0,0.474,PM2.5-1HR
38,840110010041,2026-04-28,3.15,12.66,70.17,0.06,2.73,164.76,1020.29,2199.71,0.3,2.92,420.0,0.092,PM2.5-1HR
38,840110010043,2026-04-28,3.5,12.63,70.92,0.07,2.72,160.56,1020.18,3858.15,0.3,2.92,420.0,0.356,PM2.5-1HR
38,840240313001,2026-04-28,3.35,11.48,76.79,0.07,3.23,147.48,1020.13,169.39,0,2.5,420.0,0.497,PM2.5-1HR
38,840240330030,2026-04-28,2.57,11.85,74.25,0.07,2.84,159.26,1020.33,185.64,0,2.5,420.0,0.38,PM2.5-1HR
38,840510590030,2026-04-28,3.45,12.7,71.54,0.04,2.8,168.01,1020.22,1265.08,2.8,6.42,420.0,0.244,PM2.5-1HR
38,840511071005,2026-04-28,4.86,13.11,69.25,0.07,3.78,165.45,1019.53,2249.31,3.4,7.26,420.0,0.103,PM2.5-1HR
38,840511130003,2026-04-28,5.15,7.29,82.25,0.05,3.97,188.42,1019.5,23.76,3.3,7.12,420.0,0.474,PM2.5-1HR
38,840110010041,2026-04-29,3.57,13.49,80.58,0.81,2.64,147.39,1012.53,2199.71,0.25,2.85,420.0,0.092,PM2.5-1HR
38,840110010043,2026-04-29,3.49,13.38,81.83,0.82,2.54,144.45,1012.45,3858.15,0.25,2.85,420.0,0.356,PM2.5-1HR
38,840240313001,2026-04-29,3.37,12.7,84.13,0.91,3.21,142.41,1012.36,169.39,0,2.5,420.0,0.497,PM2.5-1HR
38,840240330030,2026-04-29,1.44,12.93,82.33,1.09,3,148.25,1012.6,185.64,0,2.5,420.0,0.38,PM2.5-1HR
38,840510590030,2026-04-29,3.43,13.48,83.79,1.13,2.53,147.43,1012.41,1265.08,2.5,6.0,420.0,0.244,PM2.5-1HR
38,840511071005,2026-04-29,5.64,14.17,84.67,1.06,3.23,154.31,1011.83,2249.31,3.5,7.4,420.0,0.103,PM2.5-1HR
38,840511130003,2026-04-29,3.56,9.38,97.83,0.63,2.57,196.39,1011.62,23.76,0.6,3.34,420.0,0.474,PM2.5-1HR
38,840110010041,2026-04-30,4.05,14.61,65.79,0,3.93,301.03,1009.27,2199.71,0.3,2.92,420.0,0.092,PM2.5-1HR
38,840110010043,2026-04-30,3.39,14.4,67.46,0.01,3.97,306.27,1009.38,3858.15,0.3,2.92,420.0,0.356,PM2.5-1HR
38,840240313001,2026-04-30,2.18,13.27,70.67,0.01,4.26,302.42,1009.54,169.39,0,2.5,420.0,0.497,PM2.5-1HR
38,840240330030,2026-04-30,2.74,13.85,68.29,0,4.21,303.69,1009.26,185.64,0,2.5,420.0,0.38,PM2.5-1HR
38,840510590030,2026-04-30,3.82,14.74,67.13,0,3.95,307.5,1009.37,1265.08,1.8,5.02,420.0,0.244,PM2.5-1HR
38,840511071005,2026-04-30,3.73,13.93,66.96,0,4.5,305.49,1009.81,2249.31,1.4,4.46,420.0,0.103,PM2.5-1HR
38,840511130003,2026-04-30,3.67,7.93,66.71,0,3.62,303.83,1010.35,23.76,2.2,5.58,420.0,0.474,PM2.5-1HR
38,840110010041,2026-05-01,2.7,12.5,56.25,0,2.41,230.72,1013.69,2199.71,0.1,2.64,420.0,0.092,PM2.5-1HR
38,840110010043,2026-05-01,3.43,12.34,58.88,0.01,2.36,244.91,1013.68,3858.15,0.1,2.64,420.0,0.356,PM2.5-1HR
38,840240313001,2026-05-01,2.29,11.46,62.29,0.03,2.59,244.59,1013.64,169.39,0,2.5,420.0,0.497,PM2.5-1HR
38,840240330030,2026-05-01,2.19,11.88,57.58,0.01,2.59,236.18,1013.64,185.64,0,2.5,420.0,0.38,PM2.5-1HR
38,840510590030,2026-05-01,2.91,12.56,57.83,0,2.36,233.32,1013.7,1265.08,2.4,5.86,420.0,0.244,PM2.5-1HR
38,840511071005,2026-05-01,3.27,12.21,57.75,0.03,2.9,249.72,1013.57,2249.31,2.6,6.14,420.0,0.103,PM2.5-1HR
38,840511130003,2026-05-01,3,6.35,58.46,0.02,2.76,244.6,1013.73,23.76,2.2,5.58,420.0,0.474,PM2.5-1HR
38,840110010041,2026-05-02,3.11,12.36,53.04,0.01,3.24,325.56,1013.38,2199.71,0.75,3.55,420.0,0.092,PM2.5-1HR
38,840110010043,2026-05-02,3.43,11.85,56.08,0,3.42,326.34,1013.46,3858.15,0.75,3.55,420.0,0.356,PM2.5-1HR
38,840240313001,2026-05-02,3.83,10.81,59.46,0,3.47,322.04,1013.64,169.39,0,2.5,420.0,0.497,PM2.5-1HR
38,840240330030,2026-05-02,2.85,11.45,58,0.02,3.38,323.23,1013.4,185.64,0,2.5,420.0,0.38,PM2.5-1HR
38,840510590030,2026-05-02,3.74,12.1,55.04,0,3.38,329.54,1013.47,1265.08,2.3,5.72,420.0,0.244,PM2.5-1HR
38,840511071005,2026-05-02,3.74,11.51,50,0,4.12,326.33,1013.95,2249.31,1.7,4.88,420.0,0.103,PM2.5-1HR
38,840511130003,2026-05-02,4.91,5.24,52.96,0,3.21,318.22,1014,23.76,3.4,7.26,420.0,0.474,PM2.5-1HR
38,840110010041,2026-05-03,2.84,11.65,38.29,0,4.03,294.37,1015.53,2199.71,0.25,2.85,420.0,0.092,PM2.5-1HR
38,840110010043,2026-05-03,3.61,10.8,45.33,0,3.8,294.81,1015.62,3858.15,0.25,2.85,420.0,0.356,PM2.5-1HR
38,840240313001,2026-05-03,2.68,9.62,51.33,0,4.11,288.4,1015.55,169.39,0,2.5,420.0,0.497,PM2.5-1HR
38,840240330030,2026-05-03,3.35,10.42,45.21,0,4.18,291.22,1015.4,185.64,0,2.5,420.0,0.38,PM2.5-1HR
38,840510590030,2026-05-03,3.34,10.87,46.75,0,3.73,308.29,1015.78,1265.08,2.8,6.42,420.0,0.244,PM2.5-1HR
38,840511071005,2026-05-03,3.36,10.44,45.29,0,4.08,292.37,1015.79,2249.31,2.8,6.42,420.0,0.103,PM2.5-1HR
38,840511130003,2026-05-03,3.62,3.99,50.38,0,2.93,303,1016.55,23.76,2.5,6.0,420.0,0.474,PM2.5-1HR
38,840110010041,2026-05-04,4.74,17.69,38.5,0,3.35,208.51,1013.15,2199.71,2.15,5.51,420.0,0.092,PM2.5-1HR
38,840110010043,2026-05-04,5.39,17.03,42.54,0,3.2,206.11,1013.09,3858.15,2.15,5.51,420.0,0.356,PM2.5-1HR
38,840240313001,2026-05-04,4.53,15.45,49.67,0,3.15,201.39,1012.96,169.39,0,2.5,420.0,0.497,PM2.5-1HR
38,840240330030,2026-05-04,4.19,16.92,41,0,3.37,210.68,1013.03,185.64,0,2.5,420.0,0.38,PM2.5-1HR
38,840510590030,2026-05-04,4.14,16.7,45.5,0,3.14,206.47,1013.23,1265.08,3.3,7.12,420.0,0.244,PM2.5-1HR
38,840511071005,2026-05-04,4.3,16.23,45.29,0,3.21,207.9,1012.68,2249.31,3.3,7.12,420.0,0.103,PM2.5-1HR
38,840511130003,2026-05-04,3.61,11.05,43.33,0.01,2.98,242.83,1013.06,23.76,2.4,5.86,420.0,0.474,PM2.5-1HR
38,840110010041,2026-05-05,7.14,23.3,36.04,0,5.35,206.38,1010.85,2199.71,3.15,6.91,420.0,0.092,PM2.5-1HR
38,840110010043,2026-05-05,8.51,22.99,36.88,0,5.17,203.75,1010.74,3858.15,3.15,6.91,420.0,0.356,PM2.5-1HR
38,840240313001,2026-05-05,6.81,21.26,43.79,0,5.01,205.17,1010.48,169.39,4,8.1,420.0,0.497,PM2.5-1HR
38,840240330030,2026-05-05,6.99,22.66,37.71,0,5.35,208.88,1010.64,185.64,4,8.1,420.0,0.38,PM2.5-1HR
38,840510590030,2026-05-05,7.89,22.6,39.17,0,5.12,203.34,1011.04,1265.08,5.4,10.06,420.0,0.244,PM2.5-1HR
38,840511071005,2026-05-05,7.13,22.36,37.79,0,5.48,205.59,1010.15,2249.31,4.3,8.52,420.0,0.103,PM2.5-1HR
38,840511130003,2026-05-05,6.52,15.78,39.79,0,4.53,223.98,1011.32,23.76,5.1,9.64,420.0,0.474,PM2.5-1HR
38,840110010041,2026-05-06,7.21,19.95,68.96,0.35,5.14,216.07,1009.59,2199.71,1.55,4.67,420.0,0.092,PM2.5-1HR
38,840110010043,2026-05-06,6.95,19.68,69.88,0.38,4.98,214.69,1009.52,3858.15,1.55,4.67,420.0,0.356,PM2.5-1HR
38,840240313001,2026-05-06,5.08,18.4,75.88,0.41,5.17,218.02,1009.35,169.39,1,3.9,420.0,0.497,PM2.5-1HR
38,840240330030,2026-05-06,6.9,19.37,71.21,0.36,5.24,219.95,1009.47,185.64,3,6.7,420.0,0.38,PM2.5-1HR
38,840510590030,2026-05-06,6.77,19.68,70.46,0.51,4.95,212.17,1009.73,1265.08,2.9,6.56,420.0,0.244,PM2.5-1HR
38,840511071005,2026-05-06,7.01,19.1,71.5,0.33,5.54,212.25,1009.02,2249.31,3,6.7,420.0,0.103,PM2.5-1HR
38,840511130003,2026-05-06,6.32,13.59,72.71,0.15,4.32,227.61,1009.63,23.76,0.7,3.48,420.0,0.474,PM2.5-1HR
38,840110010041,2026-05-07,3.91,14.12,64.67,0.04,2.51,352.96,1011.02,2199.71,0.4,3.06,420.0,0.092,PM2.5-1HR
38,840110010043,2026-05-07,3.76,13.98,66.58,0.08,2.48,356.57,1011.03,3858.15,0.4,3.06,420.0,0.356,PM2.5-1HR
38,840240313001,2026-05-07,4.19,13.47,69.21,0.08,2.63,325.5,1010.97,169.39,0,2.5,420.0,0.497,PM2.5-1HR
38,840240330030,2026-05-07,3.75,13.54,66.88,0.05,2.91,349.62,1011,185.64,1,3.9,420.0,0.38,PM2.5-1HR
38,840510590030,2026-05-07,4.42,14,68.08,0.06,2.73,3.77,1011.05,1265.08,2.9,6.56,420.0,0.244,PM2.5-1HR
38,840511071005,2026-05-07,3.89,14.21,61,0.09,3.17,326.8,1011.05,2249.31,3.2,6.98,420.0,0.103,PM2.5-1HR
38,840511130003,2026-05-07,4.92,8.08,79.54,0.04,2.22,325.88,1011.3,23.76,0.8,3.62,420.0,0.474,PM2.5-1HR
38,840110010041,2026-05-08,5.11,15.28,50.46,0,3.02,265.79,1013.42,2199.71,1.65,4.81,420.0,0.092,PM2.5-1HR
38,840110010043,2026-05-08,5.14,15.21,49.46,0,3.11,271.45,1013.42,3858.15,1.65,4.81,420.0,0.356,PM2.5-1HR
38,840240313001,2026-05-08,5.81,14.05,54.21,0,3.26,263.49,1013.39,169.39,4,8.1,420.0,0.497,PM2.5-1HR
38,840240330030,2026-05-08,5.21,14.7,50.79,0,3.43,270.25,1013.38,185.64,2,5.3,420.0,0.38,PM2.5-1HR
38,840510590030,2026-05-08,4.38,15.2,50.13,0,2.99,263.2,1013.53,1265.08,3.8,7.82,420.0,0.244,PM2.5-1HR
38,840511130003,2026-05-08,3.81,8.73,44.83,0,2.85,269.56,1013.94,23.76,3.4,7.26,420.0,0.474,PM2.5-1HR
38,840110010041,2026-05-09,7.12,16.94,60.96,0.12,2.98,210.45,1010.66,2199.71,2.1,5.44,420.0,0.092,PM2.5-1HR
38,840110010043,2026-05-09,8.48,16.96,59.58,0.12,2.94,200.29,1010.58,3858.15,2.1,5.44,420.0,0.356,PM2.5-1HR
38,840240313001,2026-05-09,7.43,15.68,64.38,0.02,2.67,189.04,1010.61,169.39,3,6.7,420.0,0.497,PM2.5-1HR
38,840240330030,2026-05-09,8.46,15.9,65.04,0,2.64,185.43,1010.74,185.64,5,9.5,420.0,0.38,PM2.5-1HR
38,840510590030,2026-05-09,7.35,17.11,60.71,0,3.32,205.89,1010.58,1265.08,4.2,8.38,420.0,0.244,PM2.5-1HR
38,840511130003,2026-05-09,5.34,11.72,50.67,0.01,2.97,236.31,1010.33,23.76,3.6,7.54,420.0,0.474,PM2.5-1HR
38,840110010041,2026-05-10,9.68,18.94,68.46,0.05,1.52,293.19,1012.94,2199.71,3.95,8.03,420.0,0.092,PM2.5-1HR
38,840110010043,2026-05-10,13.39,18.86,68.63,0.02,1.55,294.89,1012.93,3858.15,3.95,8.03,420.0,0.356,PM2.5-1HR
38,840240313001,2026-05-10,7.7,17.18,77.54,0.33,1.57,302.63,1013.09,169.39,1,3.9,420.0,0.497,PM2.5-1HR
38,840240330030,2026-05-10,9.54,17.84,74,0.14,1.79,304.77,1013.01,185.64,3,6.7,420.0,0.38,PM2.5-1HR
38,840510590030,2026-05-10,9.49,18.82,70.46,0.04,1.49,281.07,1012.9,1265.08,5.8,10.62,420.0,0.244,PM2.5-1HR
38,840511130003,2026-05-10,5.34,13.58,65.13,0.4,1.93,285.24,1013.51,23.76,4.3,8.52,420.0,0.474,PM2.5-1HR
38,840110010041,2026-05-11,4.2,13.74,59.54,0.13,2.14,325.43,1020.01,2199.71,0.5,3.2,420.0,0.092,PM2.5-1HR
38,840110010043,2026-05-11,4.45,13.58,59.63,0.13,2.11,340.71,1020.08,3858.15,0.5,3.2,420.0,0.356,PM2.5-1HR
38,840240313001,2026-05-11,3.53,12.65,61.21,0.04,2.66,302.18,1020.09,169.39,0,2.5,420.0,0.497,PM2.5-1HR
38,840240330030,2026-05-11,5.96,13.12,60.04,0.08,2.44,324.95,1020,185.64,2,5.3,420.0,0.38,PM2.5-1HR
38,840510590030,2026-05-11,4.35,13.15,69.63,0.17,2.08,322.31,1020.13,1265.08,2.5,6.0,420.0,0.244,PM2.5-1HR
38,840511071005,2026-05-11,3.17,12.95,56.46,0.02,2.68,302.12,1020.24,2249.31,2,5.3,420.0,0.103,PM2.5-1HR
38,840110010041,2026-05-12,3.9,14.5,55.5,0,2.18,163.53,1021.67,2199.71,0.5,3.2,420.0,0.092,PM2.5-1HR
38,840110010043,2026-05-12,4.45,14.4,56.25,0,2.1,165.54,1021.64,3858.15,0.5,3.2,420.0,0.356,PM2.5-1HR
38,840240313001,2026-05-12,3.88,13.56,57.38,0,2.41,148.76,1021.58,169.39,0,2.5,420.0,0.497,PM2.5-1HR
38,840240330030,2026-05-12,5.13,13.63,57.17,0,2.28,144.73,1021.68,185.64,1,3.9,420.0,0.38,PM2.5-1HR
38,840510590030,2026-05-12,4.09,13.92,60.46,0,2.05,167.5,1021.67,1265.08,3.2,6.98,420.0,0.244,PM2.5-1HR
38,840511071005,2026-05-12,3.76,14,57.29,0,2.25,155.31,1021.43,2249.31,3.1,6.84,420.0,0.103,PM2.5-1HR
38,840511130003,2026-05-12,3.36,8.46,61.17,0,2.28,198.61,1021.37,23.76,2.8,6.42,420.0,0.474,PM2.5-1HR
38,840110010041,2026-05-13,4.99,17.81,55.92,0.43,4.58,198.05,1013.28,2199.71,1.65,4.81,420.0,0.092,PM2.5-1HR
38,840110010043,2026-05-13,6.42,17.62,56.54,0.45,4.49,202.26,1013.18,3858.15,1.65,4.81,420.0,0.356,PM2.5-1HR
38,840240313001,2026-05-13,5.49,16.6,61.75,0.46,4.39,198.19,1012.97,169.39,3,6.7,420.0,0.497,PM2.5-1HR
38,840240330030,2026-05-13,6.04,17.05,59.42,0.38,4.35,201.6,1013.18,185.64,3,6.7,420.0,0.38,PM2.5-1HR
38,840510590030,2026-05-13,4.84,17,60.79,0.54,4.41,199,1013.45,1265.08,4.2,8.38,420.0,0.244,PM2.5-1HR
38,840511071005,2026-05-13,5.02,17.16,60.33,0.58,4.58,197.6,1012.59,2249.31,3.3,7.12,420.0,0.103,PM2.5-1HR
38,840511130003,2026-05-13,4.79,10.37,70.21,0.55,3.45,223.46,1013.51,23.76,3.8,7.82,420.0,0.474,PM2.5-1HR
38,840110010041,2026-05-14,2.75,14.22,67.29,0.03,3.76,310.72,1010.28,2199.71,0.25,2.85,420.0,0.092,PM2.5-1HR
38,840110010043,2026-05-14,3.52,13.92,68.21,0.04,3.94,312.02,1010.39,3858.15,0.25,2.85,420.0,0.356,PM2.5-1HR
38,840240313001,2026-05-14,2.32,12.99,69.08,0.1,4.15,308.39,1010.48,169.39,0,2.5,420.0,0.497,PM2.5-1HR
38,840240330030,2026-05-14,3.98,13.54,69.21,0.08,3.93,308.54,1010.23,185.64,1,3.9,420.0,0.38,PM2.5-1HR
38,840510590030,2026-05-14,4.12,13.83,68.25,0.05,3.77,316.94,1010.44,1265.08,1.8,5.02,420.0,0.244,PM2.5-1HR
38,840511071005,2026-05-14,4.15,13.27,67.25,0.12,4.56,311.02,1010.87,2249.31,1.6,4.74,420.0,0.103,PM2.5-1HR
38,840511130003,2026-05-14,4.34,6.24,74.88,0.08,3.88,315.04,1011.63,23.76,2.4,5.86,420.0,0.474,PM2.5-1HR
38,840110010041,2026-05-15,3.38,16,53.13,0,3.2,310.92,1014.98,2199.71,0.5,3.2,420.0,0.092,PM2.5-1HR
38,840110010043,2026-05-15,4.11,15.92,53.75,0,3.36,313.08,1015.03,3858.15,0.5,3.2,420.0,0.356,PM2.5-1HR
38,840240313001,2026-05-15,2.71,15.12,55.46,0,3.57,310.97,1015.04,169.39,0,2.5,420.0,0.497,PM2.5-1HR
38,840240330030,2026-05-15,3.8,15.23,55.92,0,3.47,317.55,1014.91,185.64,1,3.9,420.0,0.38,PM2.5-1HR
38,840510590030,2026-05-15,3.72,15.62,54.25,0,3.18,320.52,1015.12,1265.08,2.5,6.0,420.0,0.244,PM2.5-1HR
38,840511071005,2026-05-15,3.8,16.13,51.83,0,3.69,333.73,1015.2,2249.31,2.6,6.14,420.0,0.103,PM2.5-1HR
38,840511130003,2026-05-15,3.31,9.14,55.88,0,2.81,318.82,1016.08,23.76,2.2,5.58,420.0,0.474,PM2.5-1HR
38,840110010041,2026-05-16,6.77,20.27,55.92,0.01,2.61,213.96,1017.74,2199.71,1.5,4.6,420.0,0.092,PM2.5-1HR
38,840110010043,2026-05-16,7.83,19.93,58.25,0.02,2.63,212.2,1017.74,3858.15,1.5,4.6,420.0,0.356,PM2.5-1HR
38,840240313001,2026-05-16,4.51,18.77,63.71,0.03,2.63,208.46,1017.69,169.39,0,2.5,420.0,0.497,PM2.5-1HR
38,840510590030,2026-05-16,6.13,19.22,61.63,0.06,2.59,209.35,1017.83,1265.08,4.6,8.94,420.0,0.244,PM2.5-1HR
38,840511071005,2026-05-16,4.71,18.91,65.42,0.06,2.43,201.69,1017.6,2249.31,3.4,7.26,420.0,0.103,PM2.5-1HR
38,840511130003,2026-05-16,4.65,14.5,60.67,0.07,2,227.89,1018.14,23.76,2.3,5.72,420.0,0.474,PM2.5-1HR
38,840110010041,2026-05-17,8.49,24.13,61.71,0.05,1.79,255.34,1018.51,2199.71,0.8,3.62,420.0,0.092,PM2.5-1HR
38,840240313001,2026-05-17,4.2,22.39,71.08,0.04,2.21,267.67,1018.65,169.39,1,3.9,420.0,0.497,PM2.5-1HR
38,840510590030,2026-05-17,8.59,23.21,65.54,0.02,1.64,242.71,1018.51,1265.08,5.7,10.48,420.0,0.244,PM2.5-1HR
38,840511071005,2026-05-17,6.54,22.29,72.25,0.05,1.93,255.03,1018.61,2249.31,4.3,8.52,420.0,0.103,PM2.5-1HR
38,840511130003,2026-05-17,6.7,18.35,62.92,0.07,1.82,270.17,1019.58,23.76,5,9.5,420.0,0.474,PM2.5-1HR
38,840110010041,2026-05-18,13.04,27.56,55.58,0,2,188.58,1020.27,2199.71,18.6,28.54,420.0,0.092,PM2.5-1HR
38,840110010043,2026-05-18,35.87,27.7,54.46,0,1.92,194.2,1020.27,3858.15,18.6,28.54,420.0,0.356,PM2.5-1HR
38,840240313001,2026-05-18,9.26,26.13,61.88,0,1.96,192.22,1020.35,169.39,3,6.7,420.0,0.497,PM2.5-1HR
38,840240330030,2026-05-18,10.88,26.41,61.67,0,2.02,180.47,1020.34,185.64,8,13.7,420.0,0.38,PM2.5-1HR
38,840510590030,2026-05-18,15.01,26.49,59.5,0,1.93,196.03,1020.33,1265.08,11,17.9,420.0,0.244,PM2.5-1HR
38,840511071005,2026-05-18,13.06,26.56,58.54,0,1.92,194.35,1020.16,2249.31,9.3,15.52,420.0,0.103,PM2.5-1HR
38,840511130003,2026-05-18,11.41,21,58.42,0.05,2.01,213.89,1021.65,23.76,9.1,15.24,420.0,0.474,PM2.5-1HR
38,840110010041,2026-05-19,11.06,29.65,46.42,0,2.64,231.22,1018.75,2199.71,0.2,2.78,420.0,0.092,PM2.5-1HR
38,840240313001,2026-05-19,7.32,27.34,56.17,0,2.44,242.02,1018.86,169.39,1,3.9,420.0,0.497,PM2.5-1HR
38,840240330030,2026-05-19,8.84,27.99,54.33,0,2.61,234.13,1018.83,185.64,3,6.7,420.0,0.38,PM2.5-1HR
38,840510590030,2026-05-19,13,28.46,52.29,0,2.42,229.98,1018.87,1265.08,7.3,12.72,420.0,0.244,PM2.5-1HR
38,840511071005,2026-05-19,9.48,28.27,50.96,0,2.61,230.74,1018.64,2249.31,4.2,8.38,420.0,0.103,PM2.5-1HR
38,840511130003,2026-05-19,7.33,22.11,50.5,0,2.61,254.54,1020.41,23.76,4.8,9.22,420.0,0.474,PM2.5-1HR
38,840110010041,2026-05-20,9.58,28.37,52.88,0.13,2.37,263.58,1016.45,2199.71,3.2,6.98,420.0,0.092,PM2.5-1HR
38,840240313001,2026-05-20,3.9,25.4,70.46,0.45,2.32,280.96,1016.76,169.39,0,2.5,420.0,0.497,PM2.5-1HR
38,840240330030,2026-05-20,8.25,26.25,66.83,0.3,2.33,279.15,1016.58,185.64,4,8.1,420.0,0.38,PM2.5-1HR
38,840510590030,2026-05-20,10.68,27.2,57.17,0.08,2.27,248.18,1016.56,1265.08,5.4,10.06,420.0,0.244,PM2.5-1HR
38,840511071005,2026-05-20,7.21,25.83,68.17,0.56,2.02,272.73,1016.66,2249.31,4.6,8.94,420.0,0.103,PM2.5-1HR
38,840511130003,2026-05-20,8.08,20.32,65.38,0.27,1.68,278.32,1018.13,23.76,5.4,10.06,420.0,0.474,PM2.5-1HR
38,840110010041,2026-05-21,5.08,17.78,82.1,0.45,3.32,29.31,1021.19,2199.71,0.6,3.34,420.0,0.092,PM2.5-1HR
38,840240313001,2026-05-21,2.05,16.73,91.85,0.35,3.49,39.34,1018.93,169.39,0,2.5,420.0,0.497,PM2.5-1HR
38,840240330030,2026-05-21,4.38,17.23,85.9,0.62,3.6,28.4,1020.26,185.64,2,5.3,420.0,0.38,PM2.5-1HR
38,840510590030,2026-05-21,5.59,17.94,81.94,0.5,3.2,28.38,1020.98,1265.08,2.7,6.28,420.0,0.244,PM2.5-1HR
38,840511071005,2026-05-21,4.37,16.02,94.35,0.63,3.34,18.17,1021.67,2249.31,2.3,5.72,420.0,0.103,PM2.5-1HR
38,840511130003,2026-05-21,2.35,12.67,92.92,1.03,2.3,38.47,1021.44,23.76,0.5,3.2,420.0,0.474,PM2.5-1HR
38,840110010041,2026-05-22,4.07,13.84,90.68,0.61,2.99,57.38,1025.63,2199.71,0.4,3.06,420.0,0.092,PM2.5-1HR
38,840511130003,2026-05-22,0.3,10.99,96.33,0.83,2.06,62.12,1025.64,23.76,0,2.5,420.0,0.474,PM2.5-1HR
38,840510590030,2026-05-22,3.52,13.73,92.26,0.65,2.88,53.99,1025.53,1265.08,2.7,6.28,420.0,0.244,PM2.5-1HR
38,840511071005,2026-05-22,3.9,13.26,93.5,0.63,2.45,61.04,1025.87,2249.31,2.5,6.0,420.0,0.103,PM2.5-1HR
38,840110010041,2026-05-23,2.11,12.15,92.63,0.63,4.32,66.5,1026.87,2199.71,0.3,2.92,420.0,0.092,PM2.5-1HR
38,840511130003,2026-05-23,0.05,5.61,98.5,0.52,2.04,87.54,1026.77,23.76,0,2.5,420.0,0.474,PM2.5-1HR
38,840510590030,2026-05-23,2.51,12.14,93.88,0.49,3.71,61.46,1026.63,1265.08,1.3,4.32,420.0,0.244,PM2.5-1HR
38,840511071005,2026-05-23,2.74,11.34,94.42,0.51,3.65,75.63,1027.07,2249.31,0.9,3.76,420.0,0.103,PM2.5-1HR
38,840110010041,2026-05-24,6.95,15.65,88.5,0.24,2.15,61.12,1023.46,2199.71,0.6,3.34,420.0,0.092,PM2.5-1HR
38,840240313001,2026-05-24,5.14,16,91.25,0,2.37,106.75,1010.08,169.39,0,2.5,420.0,0.497,PM2.5-1HR
38,840510590030,2026-05-24,6.56,15.75,88.96,0.21,1.75,55.56,1023.38,1265.08,1.3,4.32,420.0,0.244,PM2.5-1HR
38,840511071005,2026-05-24,5.25,14.77,90.33,0.23,2.01,83.16,1023.61,2249.31,0.9,3.76,420.0,0.103,PM2.5-1HR
38,840511130003,2026-05-25,2.14,15.05,98.13,0.72,1.64,167.46,1019.45,23.76,0.9,3.76,420.0,0.474,PM2.5-1HR
38,840110010041,2026-05-25,9.37,19.72,92.96,0.19,1.54,146.71,1018.99,2199.71,5.1,9.64,420.0,0.092,PM2.5-1HR
38,840240313001,2026-05-25,3.4,19.06,93.4,0.22,2,162.3,1016.4,169.39,0,2.5,420.0,0.497,PM2.5-1HR
38,840510590030,2026-05-25,8.04,19.23,94.38,0.34,1.36,155.62,1018.97,1265.08,5.9,10.76,420.0,0.244,PM2.5-1HR
38,840511071005,2026-05-25,6.01,19.88,92.13,0.19,1.79,146.57,1018.85,2249.31,3.9,7.96,420.0,0.103,PM2.5-1HR
38,840511130003,2026-05-26,2.23,15.1,97.38,0.36,0.89,152.62,1019.78,23.76,0.2,2.78,420.0,0.474,PM2.5-1HR
38,840110010041,2026-05-26,8.55,20.66,90.42,0.21,1.28,86.47,1018.98,2199.71,0.7,3.48,420.0,0.092,PM2.5-1HR
38,840510590030,2026-05-26,8.3,20.11,93.17,0.22,1.12,82.39,1018.98,1265.08,6.1,11.04,420.0,0.244,PM2.5-1HR
38,840511071005,2026-05-26,6.23,20.65,92.96,0.41,1.49,145.62,1018.99,2249.31,4.6,8.94,420.0,0.103,PM2.5-1HR
38,840511130003,2026-05-27,3.05,17.47,91.63,0.18,2.01,265,1014.92,23.76,2,5.3,420.0,0.474,PM2.5-1HR
38,840110010041,2026-05-27,6.78,22.93,87.71,0.21,2.17,248.01,1013.45,2199.71,0.1,2.64,420.0,0.092,PM2.5-1HR
38,840510590030,2026-05-27,6.4,22.38,89.25,0.32,1.95,251.29,1013.58,1265.08,3.9,7.96,420.0,0.244,PM2.5-1HR
38,840511071005,2026-05-27,5.64,22.01,91.29,0.3,2.35,246.45,1013.58,2249.31,2.1,5.44,420.0,0.103,PM2.5-1HR
38,840511130003,2026-05-28,4.34,15.62,69.67,0.03,3.19,324.3,1014.89,23.76,3.3,7.12,420.0,0.474,PM2.5-1HR
38,840110010041,2026-05-28,4.12,22.4,63.46,0,3.45,329.15,1013.08,2199.71,0,2.5,420.0,0.092,PM2.5-1HR
38,840240313001,2026-05-28,2.13,21.8,51,0,4.36,342,998.33,169.39,0,2.5,420.0,0.497,PM2.5-1HR
38,840240330030,2026-05-28,4.08,22.3,48,0,4.48,340,1006.37,185.64,0,2.5,420.0,0.38,PM2.5-1HR
38,840510590030,2026-05-28,4.23,21.89,65.25,0,3.56,325.58,1013.14,1265.08,2.7,6.28,420.0,0.244,PM2.5-1HR
38,840511071005,2026-05-28,4.14,21.33,64.46,0,4.74,328.81,1013.67,2249.31,2.4,5.86,420.0,0.103,PM2.5-1HR
38,840511130003,2026-05-29,3,13.55,64.83,0,1.76,295.14,1016.43,23.76,1.3,4.32,420.0,0.474,PM2.5-1HR
38,840110010041,2026-05-29,3.36,19.91,53.04,0,2.37,295.75,1015.33,2199.71,0.2,2.78,420.0,0.092,PM2.5-1HR
38,840510590030,2026-05-29,2.73,19.44,56.79,0,2.32,302.54,1015.47,1265.08,2.1,5.44,420.0,0.244,PM2.5-1HR
38,840511071005,2026-05-29,2.88,19.08,59.75,0,2.45,292.01,1015.6,2249.31,1.9,5.16,420.0,0.103,PM2.5-1HR
38,840511130003,2026-05-30,3.68,13.25,54.38,0,2.81,347.28,1014.38,23.76,1.6,4.74,420.0,0.474,PM2.5-1HR
38,840110010041,2026-05-30,3.4,20.13,44.33,0,4.09,348.38,1013.62,2199.71,0.1,2.64,420.0,0.092,PM2.5-1HR
38,840240330030,2026-05-30,5.73,17.05,51.25,0,2.35,22.91,1007.91,185.64,1,3.9,420.0,0.38,PM2.5-1HR
38,840510590030,2026-05-30,3.59,19.97,46.17,0,3.77,347.68,1013.56,1265.08,1.7,4.88,420.0,0.244,PM2.5-1HR
38,840511071005,2026-05-30,3.65,19.43,46.42,0,4.56,352.71,1014.01,2249.31,1.6,4.74,420.0,0.103,PM2.5-1HR
38,840511130003,2026-05-31,2.97,11.73,62.13,0,1.37,274.89,1018.53,23.76,2.2,5.58,420.0,0.474,PM2.5-1HR
38,840110010041,2026-05-31,3.97,19.89,38.13,0,1.46,299.93,1017.81,2199.71,0.3,2.92,420.0,0.092,PM2.5-1HR
38,840240330030,2026-05-31,5.95,18.43,44.83,0,1.65,315.06,1017.87,185.64,2,5.3,420.0,0.38,PM2.5-1HR
38,840510590030,2026-05-31,3.99,18.94,44.75,0,1.82,300.78,1017.88,1265.08,3.4,7.26,420.0,0.244,PM2.5-1HR
38,840511071005,2026-05-31,3.78,18.05,48.83,0,1.82,303.46,1018.09,2249.31,2.9,6.56,420.0,0.103,PM2.5-1HR
38,840110010041,2026-06-01,5.53,21.72,45.88,0,3.04,55.62,1014.49,2199.71,0.4,3.06,420.0,0.092,PM2.5-1HR
38,840240313001,2026-06-01,4.98,20.13,48.67,0,3.17,31.83,1012.11,169.39,2,5.3,420.0,0.497,PM2.5-1HR
38,840240330030,2026-06-01,6.11,20.35,49.58,0.01,2.88,14.62,1013.56,185.64,2,5.3,420.0,0.38,PM2.5-1HR
38,840510590030,2026-06-01,4.61,21.16,49.13,0,2.96,56,1014.38,1265.08,3.5,7.4,420.0,0.244,PM2.5-1HR
38,840511071005,2026-06-01,4.38,20.56,48.33,0,3.22,17.71,1014.59,2249.31,3.3,7.12,420.0,0.103,PM2.5-1HR
38,840511130003,2026-06-01,3.72,13.66,61.13,0,1.76,18.49,1015.28,23.76,3.3,7.12,420.0,0.474,PM2.5-1HR
38,840110010041,2026-06-02,4.91,19.22,44.54,0,2.46,50.48,1022.44,2199.71,1.7,4.88,420.0,0.092,PM2.5-1HR
38,840240313001,2026-06-02,4.12,17.15,53.96,0,2.53,59.8,1020.01,169.39,0,2.5,420.0,0.497,PM2.5-1HR
38,840240330030,2026-06-02,5.45,17.41,52.63,0,2.53,31.16,1021.4,185.64,1,3.9,420.0,0.38,PM2.5-1HR
38,840510590030,2026-06-02,4.52,18.88,45.29,0,2.53,44.49,1022.38,1265.08,3.4,7.26,420.0,0.244,PM2.5-1HR
38,840511071005,2026-06-02,4.05,18.38,49.83,0,2.4,27.67,1022.65,2249.31,3.2,6.98,420.0,0.103,PM2.5-1HR
38,840511130003,2026-06-02,3.57,11.33,65,0.05,1.97,70.26,1022.93,23.76,2.7,6.28,420.0,0.474,PM2.5-1HR
38,840110010041,2026-06-03,6.64,22.55,34.71,0,2.38,346.34,1023.33,2199.71,2.8,6.42,420.0,0.092,PM2.5-1HR
38,840240313001,2026-06-03,4.66,18.15,56.33,0,2.88,345.77,1007.6,169.39,1,3.9,420.0,0.497,PM2.5-1HR
38,840240330030,2026-06-03,6.03,19.01,47.92,0,2.89,349.56,1016.15,185.64,3,6.7,420.0,0.38,PM2.5-1HR
38,840510590030,2026-06-03,4.42,21.85,37.75,0,2.49,347.25,1023.34,1265.08,3.9,7.96,420.0,0.244,PM2.5-1HR
38,840511071005,2026-06-03,4.41,21.3,40,0,2.23,0.7,1023.65,2249.31,3.9,7.96,420.0,0.103,PM2.5-1HR
38,840511130003,2026-06-03,4.5,13.85,52.63,0,1.5,318.6,1024.69,23.76,3.5,7.4,420.0,0.474,PM2.5-1HR
38,840110010041,2026-06-04,8.28,25.25,35.54,0,1.56,279.42,1020.53,2199.71,3.4,7.26,420.0,0.092,PM2.5-1HR
38,840240313001,2026-06-04,5.03,20.58,56.92,0,2.33,241,1006.8,169.39,2,5.3,420.0,0.497,PM2.5-1HR
38,840240330030,2026-06-04,8.28,21.67,51.63,0,1.78,301.99,1014.18,185.64,4,8.1,420.0,0.38,PM2.5-1HR
38,840510590030,2026-06-04,6.02,24,42.17,0,1.71,289.91,1020.62,1265.08,4.7,9.08,420.0,0.244,PM2.5-1HR
38,840511071005,2026-06-04,5.8,23.14,44.83,0,1.68,266.47,1020.82,2249.31,5.1,9.64,420.0,0.103,PM2.5-1HR
38,840511130003,2026-06-04,4.97,16.7,48.5,0,1.31,260.3,1022.07,23.76,4.2,8.38,420.0,0.474,PM2.5-1HR
38,840110010041,2026-06-05,9.79,27.63,38.71,0,2.1,249.82,1016.64,2199.71,4.6,8.94,420.0,0.092,PM2.5-1HR
38,840110010043,2026-06-05,10.12,28.98,37,0,2.3,206.01,1012.97,3858.15,4.6,8.94,420.0,0.356,PM2.5-1HR
38,840110010051,2026-06-05,12.08,27.19,45.33,0,2.5,211.87,1014.13,3528.37,4.6,8.94,420.0,0.004,PM2.5-1HR
38,840240313001,2026-06-05,8.29,23.18,57.83,0,1.92,199.51,1003.71,169.39,5,9.5,420.0,0.497,PM2.5-1HR
38,840240330030,2026-06-05,9.95,24.25,52.58,0,1.73,232.42,1010.67,185.64,6,10.9,420.0,0.38,PM2.5-1HR
38,840510590030,2026-06-05,8.35,25.76,48.58,0,1.95,239.14,1016.82,1265.08,7.2,12.58,420.0,0.244,PM2.5-1HR
38,840511071005,2026-06-05,8.3,24.99,49.96,0,1.81,263.31,1016.81,2249.31,7.7,13.28,420.0,0.103,PM2.5-1HR
38,840511130003,2026-06-05,6.69,19.33,50.33,0,1.37,261.62,1018.15,23.76,5.1,9.64,420.0,0.474,PM2.5-1HR
38,840110010041,2026-06-06,9.96,26.85,54.75,0.24,2.62,248.41,1013.16,2199.71,2.83,6.462,420.0,0.092,PM2.5-1HR
38,840110010043,2026-06-06,10.43,26.48,55.79,0.21,2.51,251.69,1013.23,3858.15,2.83,6.462,420.0,0.356,PM2.5-1HR
38,840110010051,2026-06-06,10.72,26.85,54.75,0.24,2.62,248.41,1013.16,3528.37,2.83,6.462,420.0,0.004,PM2.5-1HR
38,840240313001,2026-06-06,7.65,24.71,62.42,0.18,3.18,248.31,1013.35,169.39,1,3.9,420.0,0.497,PM2.5-1HR
38,840240330030,2026-06-06,9.13,25.86,58.08,0.18,3.13,248.75,1013.17,185.64,1,3.9,420.0,0.38,PM2.5-1HR
38,840510590030,2026-06-06,10.41,26.45,56.79,0.18,2.43,237.14,1013.22,1265.08,6.4,11.46,420.0,0.244,PM2.5-1HR
38,840511071005,2026-06-06,9.09,24.58,66.13,0.21,2.53,245.64,1013.28,2249.31,4.9,9.36,420.0,0.103,PM2.5-1HR
38,840511130003,2026-06-06,9.33,19.3,62.25,0.02,2.15,262.87,1014.96,23.76,7.5,13.0,420.0,0.474,PM2.5-1HR
38,840110010041,2026-06-07,8.57,26.09,63.67,0.26,2.7,313.31,1011.94,2199.71,2.27,5.678,420.0,0.092,PM2.5-1HR
38,840110010043,2026-06-07,7.78,25.89,64.75,0.1,2.76,312.71,1011.98,3858.15,2.27,5.678,420.0,0.356,PM2.5-1HR
38,840110010051,2026-06-07,9.68,26.09,63.67,0.26,2.7,313.31,1011.94,3528.37,2.27,5.678,420.0,0.004,PM2.5-1HR
38,840240313001,2026-06-07,4.79,25.02,65.67,0.11,3.34,305.36,1012.13,169.39,2,5.3,420.0,0.497,PM2.5-1HR
38,840240330030,2026-06-07,5.58,25.53,64.54,0.17,3.05,304.59,1012.01,185.64,2,5.3,420.0,0.38,PM2.5-1HR
38,840510590030,2026-06-07,6.83,26.91,60.17,0.03,2.6,318.92,1011.89,1265.08,4.9,9.36,420.0,0.244,PM2.5-1HR
38,840511071005,2026-06-07,6.76,26.19,60.96,0.1,3.41,315.27,1012.05,2249.31,4.9,9.36,420.0,0.103,PM2.5-1HR
38,840511130003,2026-06-07,8.67,21.21,55.58,0.02,2.85,309.19,1013.48,23.76,5.5,10.2,420.0,0.474,PM2.5-1HR
38,840110010041,2026-06-08,4.95,22.26,61.13,0,3.17,82.11,1022.21,2199.71,0.37,3.018,420.0,0.092,PM2.5-1HR
38,840110010043,2026-06-08,4.35,22.34,61.71,0,2.99,82.98,1022.13,3858.15,0.37,3.018,420.0,0.356,PM2.5-1HR
38,840110010051,2026-06-08,5.46,22.26,61.13,0,3.17,82.11,1022.21,3528.37,0.37,3.018,420.0,0.004,PM2.5-1HR
38,840240313001,2026-06-08,2.82,21.53,63.88,0,3.34,92.32,1022.29,169.39,1,3.9,420.0,0.497,PM2.5-1HR
38,840240330030,2026-06-08,4.15,21.61,62.75,0,3.34,86.89,1022.37,185.64,0,2.5,420.0,0.38,PM2.5-1HR
38,840510590030,2026-06-08,4.54,23.5,55.71,0,3.23,77.62,1021.93,1265.08,2.6,6.14,420.0,0.244,PM2.5-1HR
38,840511071005,2026-06-08,5.49,22.85,60.5,0,3.07,83.58,1021.93,2249.31,3.1,6.84,420.0,0.103,PM2.5-1HR
38,840511130003,2026-06-08,5.24,17.73,64.25,0,2.26,100.12,1022.23,23.76,4.4,8.66,420.0,0.474,PM2.5-1HR
38,840110010041,2026-06-09,4.22,22.21,56.75,0,2.51,173.49,1022.52,2199.71,0.6,3.34,420.0,0.092,PM2.5-1HR
38,840110010043,2026-06-09,5.61,22.33,56.63,0,2.57,175.02,1022.46,3858.15,0.6,3.34,420.0,0.356,PM2.5-1HR
38,840110010051,2026-06-09,6.28,22.21,56.75,0,2.51,173.49,1022.52,3528.37,0.6,3.34,420.0,0.004,PM2.5-1HR
38,840240313001,2026-06-09,4.21,21.38,61.54,0,2.97,169,1022.4,169.39,0,2.5,420.0,0.497,PM2.5-1HR
38,840240330030,2026-06-09,4.6,21.53,59.46,0,2.7,171.76,1022.55,185.64,0,2.5,420.0,0.38,PM2.5-1HR
38,840510590030,2026-06-09,3.91,22.43,55.21,0,2.8,178.49,1022.53,1265.08,2.1,5.44,420.0,0.244,PM2.5-1HR
38,840511071005,2026-06-09,5.22,22.78,59.75,0,3.81,168.22,1021.94,2249.31,2.9,6.56,420.0,0.103,PM2.5-1HR
38,840511130003,2026-06-09,5.97,16.75,76.08,0,3.05,184.59,1022.83,23.76,2,5.3,420.0,0.474,PM2.5-1HR
38,840110010041,2026-06-10,9.47,26.29,71.08,0.38,3.03,203.74,1012.67,2199.71,2.63,6.182,420.0,0.092,PM2.5-1HR
38,840110010043,2026-06-10,11.42,26.34,70.17,0.28,3.07,211.25,1012.66,3858.15,2.63,6.182,420.0,0.356,PM2.5-1HR
38,840110010051,2026-06-10,10.66,26.29,71.08,0.38,3.03,203.74,1012.67,3528.37,2.63,6.182,420.0,0.004,PM2.5-1HR
38,840240313001,2026-06-10,6.69,24.89,79.29,0.35,3.14,209.62,1012.74,169.39,0,2.5,420.0,0.497,PM2.5-1HR
38,840240330030,2026-06-10,6.99,25.3,75.83,0.33,2.93,207.36,1012.75,185.64,2,5.3,420.0,0.38,PM2.5-1HR
38,840510590030,2026-06-10,7.13,25.95,74.46,0.42,3.26,208.52,1012.78,1265.08,2.8,6.42,420.0,0.244,PM2.5-1HR
38,840511071005,2026-06-10,6.66,25.6,78.29,0.51,3.18,210.9,1012.44,2249.31,3,6.7,420.0,0.103,PM2.5-1HR
38,840511130003,2026-06-10,4.92,20.73,73.29,0.15,3.11,250.21,1014,23.76,2.8,6.42,420.0,0.474,PM2.5-1HR
38,840110010041,2026-06-11,9.01,27.29,77,0.17,2.22,251.99,1010.2,2199.71,2.9,6.56,420.0,0.092,PM2.5-1HR
38,840110010043,2026-06-11,10.39,27.05,77.83,0.25,1.98,262.36,1010.28,3858.15,2.9,6.56,420.0,0.356,PM2.5-1HR
38,840110010051,2026-06-11,10.57,27.29,77,0.17,2.22,251.99,1010.2,3528.37,2.9,6.56,420.0,0.004,PM2.5-1HR
38,840240313001,2026-06-11,6.26,25.25,86.29,0.2,2.71,259.86,1010.48,169.39,1,3.9,420.0,0.497,PM2.5-1HR
38,840240330030,2026-06-11,10.71,26.14,82.71,0.24,2.67,256.95,1010.26,185.64,1,3.9,420.0,0.38,PM2.5-1HR
38,840510590030,2026-06-11,7.27,27.36,77.08,0.18,2.03,242.73,1010.27,1265.08,4.4,8.66,420.0,0.244,PM2.5-1HR
38,840511071005,2026-06-11,7.33,25.93,82.17,0.11,2.3,258.91,1010.46,2249.31,4.2,8.38,420.0,0.103,PM2.5-1HR
38,840511130003,2026-06-11,7.2,22.94,64.08,0.04,2,274.67,1011.99,23.76,5.8,10.62,420.0,0.474,PM2.5-1HR
38,840110010041,2026-06-12,6.61,28.77,63.71,0.24,2.67,259.57,1009.46,2199.71,0.77,3.578,420.0,0.092,PM2.5-1HR
38,840110010043,2026-06-12,8.91,28.02,67.88,0.3,2.52,259.94,1009.55,3858.15,0.77,3.578,420.0,0.356,PM2.5-1HR
38,840110010051,2026-06-12,8.23,28.77,63.71,0.24,2.67,259.57,1009.46,3528.37,0.77,3.578,420.0,0.004,PM2.5-1HR
38,840240313001,2026-06-12,4.55,26.03,78.83,0.35,2.9,253.85,1009.73,169.39,1,3.9,420.0,0.497,PM2.5-1HR
38,840240330030,2026-06-12,6.11,27.1,73.17,0.15,3.05,261.44,1009.53,185.64,1,3.9,420.0,0.38,PM2.5-1HR
38,840510590030,2026-06-12,5.89,28.01,69.71,0.29,2.39,249.2,1009.56,1265.08,4.6,8.94,420.0,0.244,PM2.5-1HR
38,840511071005,2026-06-12,6.13,26.88,73.46,0.19,2.73,248.84,1009.66,2249.31,4.8,9.22,420.0,0.103,PM2.5-1HR
38,840110010041,2026-06-13,4.47,27.37,53,0,2.18,297.37,1013.22,2199.71,1.53,4.642,420.0,0.092,PM2.5-1HR
38,840110010043,2026-06-13,6.49,26.79,56.38,0,2.24,298.7,1013.3,3858.15,1.53,4.642,420.0,0.356,PM2.5-1HR
38,840110010051,2026-06-13,5.88,27.37,53,0,2.18,297.37,1013.22,3528.37,1.53,4.642,420.0,0.004,PM2.5-1HR
38,840240313001,2026-06-13,4.43,25.73,59.08,0,2.81,295.72,1013.38,169.39,2,5.3,420.0,0.497,PM2.5-1HR
38,840240330030,2026-06-13,3.49,26.68,55.25,0,2.54,293.52,1013.22,185.64,0,2.5,420.0,0.38,PM2.5-1HR
38,840510590030,2026-06-13,4.9,27.11,56.83,0,2.44,303.4,1013.26,1265.08,3.2,6.98,420.0,0.244,PM2.5-1HR
38,840511071005,2026-06-13,5.26,26.18,60.25,0,2.81,284.17,1013.46,2249.31,4.2,8.38,420.0,0.103,PM2.5-1HR
38,840110010041,2026-06-14,8.35,27.05,63.75,0.16,3.21,206.56,1009.18,2199.71,4.13,8.282,420.0,0.092,PM2.5-1HR
38,840110010043,2026-06-14,13.07,26.85,64.54,0.11,3.13,209.21,1009.18,3858.15,4.13,8.282,420.0,0.356,PM2.5-1HR
38,840110010051,2026-06-14,10.42,27.05,63.75,0.16,3.21,206.56,1009.18,3528.37,4.13,8.282,420.0,0.004,PM2.5-1HR
38,840240313001,2026-06-14,7.52,25.55,67.63,0.38,2.99,211.61,1009.23,169.39,4,8.1,420.0,0.497,PM2.5-1HR
38,840510590030,2026-06-14,8.04,26.77,66.21,0.15,3.08,204.21,1009.22,1265.08,6.2,11.18,420.0,0.244,PM2.5-1HR
38,840511071005,2026-06-14,9.28,25.78,67.83,0.16,2.96,204.78,1008.98,2249.31,6.3,11.32,420.0,0.103,PM2.5-1HR
38,840511130003,2026-06-14,5.02,20.96,57.71,0.06,2.8,217.37,1010.35,23.76,3.5,7.4,420.0,0.474,PM2.5-1HR
38,840110010041,2026-06-15,3.6,23.13,56.54,0.03,3.91,302.6,1008.58,2199.71,0.73,3.522,420.0,0.092,PM2.5-1HR
38,840110010043,2026-06-15,7.06,22.34,60.71,0,3.89,303.47,1008.73,3858.15,0.73,3.522,420.0,0.356,PM2.5-1HR
38,840110010051,2026-06-15,4.02,23.13,56.54,0.03,3.91,302.6,1008.58,3528.37,0.73,3.522,420.0,0.004,PM2.5-1HR
38,840240313001,2026-06-15,3,21.53,61.71,0.07,4.55,304.91,1008.84,169.39,0,2.5,420.0,0.497,PM2.5-1HR
38,840240330030,2026-06-15,6.39,22.21,59.96,0.1,4.33,304.59,1008.56,185.64,4,8.1,420.0,0.38,PM2.5-1HR
38,840510590030,2026-06-15,3.93,22.87,57.96,0.01,3.84,311.09,1008.73,1265.08,1.3,4.32,420.0,0.244,PM2.5-1HR
38,840511071005,2026-06-15,4.3,21.68,60.5,0.03,4.56,307.05,1009.21,2249.31,1.8,5.02,420.0,0.103,PM2.5-1HR
38,840511130003,2026-06-15,3.32,15.51,62.75,0.04,3.61,309.43,1010.23,23.76,1.2,4.18,420.0,0.474,PM2.5-1HR
38,840110010041,2026-06-16,3.19,21.83,44.21,0,1.59,333.36,1011.73,2199.71,0.6,3.34,420.0,0.092,PM2.5-1HR
38,840110010043,2026-06-16,4.19,20.98,49.75,0.01,1.58,309.34,1011.78,3858.15,0.6,3.34,420.0,0.356,PM2.5-1HR
38,840110010051,2026-06-16,5.27,21.83,44.21,0,1.59,333.36,1011.73,3528.37,0.6,3.34,420.0,0.004,PM2.5-1HR
38,840240313001,2026-06-16,4.17,20.18,48.63,0,2.19,143.09,1011.84,169.39,0,2.5,420.0,0.497,PM2.5-1HR
38,840240330030,2026-06-16,5.61,20.56,48.04,0,2.26,8.37,1011.85,185.64,1,3.9,420.0,0.38,PM2.5-1HR
38,840510590030,2026-06-16,2.92,21.48,47.25,0.02,2.08,299.27,1011.7,1265.08,1.7,4.88,420.0,0.244,PM2.5-1HR
38,840511071005,2026-06-16,3.11,20.41,49.96,0.02,2.24,285.98,1011.84,2249.31,2.2,5.58,420.0,0.103,PM2.5-1HR
38,840511130003,2026-06-16,3.44,13.89,63.63,0.02,2.04,245.97,1012.24,23.76,2.4,5.86,420.0,0.474,PM2.5-1HR
38,840110010041,2026-06-17,6.8,25.22,52.54,0.05,2.51,181.65,1008.28,2199.71,2.53,6.042,420.0,0.092,PM2.5-1HR
38,840110010043,2026-06-17,8.37,24.74,54.33,0.05,2.45,184.66,1008.25,3858.15,2.53,6.042,420.0,0.356,PM2.5-1HR
38,840110010051,2026-06-17,9.47,25.22,52.54,0.05,2.51,181.65,1008.28,3528.37,2.53,6.042,420.0,0.004,PM2.5-1HR
38,840240313001,2026-06-17,6.47,23.38,59,0.03,2.94,174.06,1008.3,169.39,3,6.7,420.0,0.497,PM2.5-1HR
38,840240330030,2026-06-17,7.44,24.25,55.92,0.05,2.85,183.92,1008.37,185.64,4,8.1,420.0,0.38,PM2.5-1HR
38,840510590030,2026-06-17,6.23,24.8,54.04,0,2.62,181.53,1008.24,1265.08,4,8.1,420.0,0.244,PM2.5-1HR
38,840511071005,2026-06-17,4.97,23.65,58.96,0.01,2.97,185.74,1007.96,2249.31,3.4,7.26,420.0,0.103,PM2.5-1HR
38,840511130003,2026-06-17,4.93,18.4,53.5,0,2.64,236.49,1008.79,23.76,4.4,8.66,420.0,0.474,PM2.5-1HR
38,840110010041,2026-06-18,9.11,27.13,56.71,0.07,4.9,220.58,1005.06,2199.71,0.9,3.76,420.0,0.092,PM2.5-1HR
38,840110010043,2026-06-18,9.13,26.57,58.08,0.07,4.57,217.74,1005.08,3858.15,0.9,3.76,420.0,0.356,PM2.5-1HR
38,840110010051,2026-06-18,10.26,27.13,56.71,0.07,4.9,220.58,1005.06,3528.37,0.9,3.76,420.0,0.004,PM2.5-1HR
38,840240313001,2026-06-18,7.89,25.4,60.5,0.13,5.44,218.7,1004.94,169.39,0,2.5,420.0,0.497,PM2.5-1HR
38,840240330030,2026-06-18,9.07,26.29,58.5,0.1,5.22,221.25,1004.96,185.64,2,5.3,420.0,0.38,PM2.5-1HR
38,840510590030,2026-06-18,8.02,26.89,58.38,0.03,4.63,216.33,1005.26,1265.08,3.4,7.26,420.0,0.244,PM2.5-1HR
38,840511071005,2026-06-18,6.92,25.33,58.04,0.12,5.19,216.47,1004.85,2249.31,2.9,6.56,420.0,0.103,PM2.5-1HR
38,840511130003,2026-06-18,5.86,20.4,56.33,0.01,4.84,237.13,1006.73,23.76,5.3,9.92,420.0,0.474,PM2.5-1HR
38,840110010041,2026-06-19,3.05,26.38,40.08,0.02,3.76,298.42,1008.2,2199.71,0,2.5,420.0,0.092,PM2.5-1HR
38,840110010043,2026-06-19,4.7,25.85,41.63,0.02,3.75,300.2,1008.29,3858.15,0,2.5,420.0,0.356,PM2.5-1HR
38,840110010051,2026-06-19,3,26.38,40.08,0.02,3.76,298.42,1008.2,3528.37,0,2.5,420.0,0.004,PM2.5-1HR
38,840240313001,2026-06-19,2.09,24.9,42.83,0,4.48,303.48,1008.44,169.39,0,2.5,420.0,0.497,PM2.5-1HR
38,840240330030,2026-06-19,4.03,25.51,42.04,0,4.14,303.06,1008.21,185.64,1,3.9,420.0,0.38,PM2.5-1HR
38,840510590030,2026-06-19,3.13,25.68,49.67,0.03,3.33,299.61,1008.33,1265.08,2.5,6.0,420.0,0.244,PM2.5-1HR
38,840511071005,2026-06-19,2.79,25.2,42.79,0,4.56,307.74,1008.64,2249.31,2.4,5.86,420.0,0.103,PM2.5-1HR
38,840511130003,2026-06-19,3.51,18.93,56.79,0.02,3.65,302.35,1009.93,23.76,3.2,6.98,420.0,0.474,PM2.5-1HR
38,840110010041,2026-06-20,3.94,26.05,36.5,0,3.22,290.42,1011.58,2199.71,3.2,6.98,420.0,0.092,PM2.5-1HR
38,840110010043,2026-06-20,10.63,25.54,38,0,3.07,294.15,1011.65,3858.15,3.2,6.98,420.0,0.356,PM2.5-1HR
38,840110010051,2026-06-20,4.98,26.05,36.5,0,3.22,290.42,1011.58,3528.37,3.2,6.98,420.0,0.004,PM2.5-1HR
38,840240313001,2026-06-20,4.43,24.37,41.46,0,3.83,289.66,1011.73,169.39,1,3.9,420.0,0.497,PM2.5-1HR
38,840240330030,2026-06-20,5.46,24.85,40.25,0,3.63,286.63,1011.58,185.64,0,2.5,420.0,0.38,PM2.5-1HR
38,840510590030,2026-06-20,2.91,25.74,37.21,0,2.97,281.41,1011.69,1265.08,1.9,5.16,420.0,0.244,PM2.5-1HR
38,840511071005,2026-06-20,2.44,24.8,40.42,0,3.85,292.37,1011.85,2249.31,1.5,4.6,420.0,0.103,PM2.5-1HR
38,840511130003,2026-06-20,2.86,18.16,44.33,0,2.96,294.69,1013.25,23.76,1.5,4.6,420.0,0.474,PM2.5-1HR
38,840110010041,2026-06-21,5.77,26.42,41.21,0,2.07,287.26,1012.76,2199.71,4.03,8.142,420.0,0.092,PM2.5-1HR
38,840511130003,2026-06-21,3.98,19.21,52,0.27,2.06,302.43,1013.88,23.76,2.9,6.56,420.0,0.474,PM2.5-1HR
38,840110010043,2026-06-21,12.27,25.86,43.96,0.01,2.15,293.32,1012.83,3858.15,4.03,8.142,420.0,0.356,PM2.5-1HR
38,840110010051,2026-06-21,6.92,26.42,41.21,0,2.07,287.26,1012.76,3528.37,4.03,8.142,420.0,0.004,PM2.5-1HR
38,840240313001,2026-06-21,5.74,24.74,46.63,0,2.29,284.23,1012.9,169.39,2,5.3,420.0,0.497,PM2.5-1HR
38,840240330030,2026-06-21,6.36,25.13,45.75,0,2.14,283,1012.83,185.64,2,5.3,420.0,0.38,PM2.5-1HR
38,840510590030,2026-06-21,4.07,25.81,46.63,0.15,2.21,312.69,1012.82,1265.08,3.2,6.98,420.0,0.244,PM2.5-1HR
38,840511071005,2026-06-21,3.52,24.85,48.33,0,2.05,271.37,1012.91,2249.31,2.6,6.14,420.0,0.103,PM2.5-1HR
38,840110010041,2026-06-22,9.48,26.53,62.54,0.48,3.12,165.55,1012.18,2199.71,2.37,5.818,420.0,0.092,PM2.5-1HR
38,840511130003,2026-06-22,4.87,19.6,66.17,0.22,2.17,184.86,1012.95,23.76,1.4,4.46,420.0,0.474,PM2.5-1HR
38,840110010043,2026-06-22,14.03,26.26,62.63,0.35,3.07,165.36,1012.16,3858.15,2.37,5.818,420.0,0.356,PM2.5-1HR
38,840110010051,2026-06-22,10.78,26.53,62.54,0.48,3.12,165.55,1012.18,3528.37,2.37,5.818,420.0,0.004,PM2.5-1HR
38,840240313001,2026-06-22,5.43,24.93,65.83,0.3,3.52,158.79,1012.25,169.39,2,5.3,420.0,0.497,PM2.5-1HR
38,840240330030,2026-06-22,8.9,25.33,67.67,0.66,3.11,161.4,1012.26,185.64,6,10.9,420.0,0.38,PM2.5-1HR
38,840510590030,2026-06-22,6.78,25.81,67.17,0.7,3.17,167.76,1012.2,1265.08,4.3,8.52,420.0,0.244,PM2.5-1HR
38,840511071005,2026-06-22,6.09,24.91,66.75,0.35,2.93,172.13,1011.98,2249.31,3.5,7.4,420.0,0.103,PM2.5-1HR
38,840110010041,2026-06-23,3.98,21.43,88.79,0.72,2.72,311.93,1012.29,2199.71,0.17,2.738,420.0,0.092,PM2.5-1HR
38,840511130003,2026-06-23,3.02,15.85,86.63,0.37,2.28,325.38,1013.69,23.76,0.2,2.78,420.0,0.474,PM2.5-1HR
38,840110010043,2026-06-23,3.62,21.15,89.25,0.78,2.67,310.11,1012.38,3858.15,0.17,2.738,420.0,0.356,PM2.5-1HR
38,840110010051,2026-06-23,5.38,21.43,88.79,0.72,2.72,311.93,1012.29,3528.37,0.17,2.738,420.0,0.004,PM2.5-1HR
38,840240313001,2026-06-23,2.43,20.35,90.79,0.62,3.01,320.73,1012.63,169.39,0,2.5,420.0,0.497,PM2.5-1HR
38,840240330030,2026-06-23,3.92,20.63,91.33,0.77,2.96,313.43,1012.4,185.64,0,2.5,420.0,0.38,PM2.5-1HR
38,840510590030,2026-06-23,3.62,21.11,89.92,0.85,2.73,313.66,1012.37,1265.08,2,5.3,420.0,0.244,PM2.5-1HR
38,840511071005,2026-06-23,3.23,20.85,89,0.82,2.81,323.98,1012.75,2249.31,1.9,5.16,420.0,0.103,PM2.5-1HR
38,840110010041,2026-06-24,4.7,22.7,58.58,0,1.8,294.66,1016.62,2199.71,1.43,4.502,420.0,0.092,PM2.5-1HR
38,840511130003,2026-06-24,4.43,15.41,60.83,0,1.56,282.48,1018.24,23.76,3.4,7.26,420.0,0.474,PM2.5-1HR
38,840110010043,2026-06-24,4.67,22.36,59.71,0,1.94,299.9,1016.72,3858.15,1.43,4.502,420.0,0.356,PM2.5-1HR
38,840110010051,2026-06-24,6.17,22.7,58.58,0,1.8,294.66,1016.62,3528.37,1.43,4.502,420.0,0.004,PM2.5-1HR
38,840240313001,2026-06-24,4.47,22.26,54.21,0,2.2,305.62,1016.77,169.39,0,2.5,420.0,0.497,PM2.5-1HR
38,840240330030,2026-06-24,5.42,22.2,58.25,0,2.24,305.54,1016.61,185.64,2,5.3,420.0,0.38,PM2.5-1HR
38,840510590030,2026-06-24,4.16,22.3,60.29,0,2.05,300.92,1016.74,1265.08,3.4,7.26,420.0,0.244,PM2.5-1HR
38,840511071005,2026-06-24,3.45,22.6,52.83,0,2.46,299.57,1016.96,2249.31,3,6.7,420.0,0.103,PM2.5-1HR
38,840110010041,2026-06-25,7.67,23.73,61.54,0,2.41,200.47,1017.03,2199.71,4.2,8.38,420.0,0.092,PM2.5-1HR
38,840511130003,2026-06-25,5.49,17.7,60.08,0.03,2.23,215.42,1017.67,23.76,4.4,8.66,420.0,0.474,PM2.5-1HR
38,840110010043,2026-06-25,8.95,23.65,61.67,0,2.62,202.47,1016.99,3858.15,4.2,8.38,420.0,0.356,PM2.5-1HR
38,840110010051,2026-06-25,9.47,23.73,61.54,0,2.41,200.47,1017.03,3528.37,4.2,8.38,420.0,0.004,PM2.5-1HR
38,840240313001,2026-06-25,6.08,23.57,57.96,0,3.06,203.8,1016.96,169.39,2,5.3,420.0,0.497,PM2.5-1HR
38,840240330030,2026-06-25,8.23,23.39,61.46,0,2.63,197.11,1017.08,185.64,2,5.3,420.0,0.38,PM2.5-1HR
38,840510590030,2026-06-25,6.71,23.26,63.46,0,2.68,203.18,1017.08,1265.08,5.8,10.62,420.0,0.244,PM2.5-1HR
38,840511071005,2026-06-25,5.22,23.84,58.63,0,3.19,200.17,1016.73,2249.31,3.9,7.96,420.0,0.103,PM2.5-1HR
38,840110010041,2026-06-26,9.9,25.61,67.42,0.2,1.98,241.19,1017.07,2199.71,1.33,4.362,420.0,0.092,PM2.5-1HR
38,840511130003,2026-06-26,6.95,18.63,77.88,0.46,1.82,239.72,1018.37,23.76,3.9,7.96,420.0,0.474,PM2.5-1HR
38,840110010043,2026-06-26,12.25,25.22,69.04,0.3,1.95,251.16,1017.12,3858.15,1.33,4.362,420.0,0.356,PM2.5-1HR
38,840110010051,2026-06-26,11.08,25.61,67.42,0.2,1.98,241.19,1017.07,3528.37,1.33,4.362,420.0,0.004,PM2.5-1HR
38,840240313001,2026-06-26,7.89,25,68.83,0.26,2.23,228.2,1017.22,169.39,4,8.1,420.0,0.497,PM2.5-1HR
38,840240330030,2026-06-26,9.34,25.03,69.08,0.26,2.01,244.88,1017.14,185.64,5,9.5,420.0,0.38,PM2.5-1HR
38,840510590030,2026-06-26,8.79,25.23,70.96,0.15,2.04,245.62,1017.13,1265.08,5.9,10.76,420.0,0.244,PM2.5-1HR
38,840511071005,2026-06-26,7.17,25.2,67.38,0.2,1.95,239.65,1017.12,2249.31,5.1,9.64,420.0,0.103,PM2.5-1HR
38,840511130003,2026-06-27,5.32,17.43,91.46,0.28,1.43,238.29,1016.93,23.76,3.9,7.96,420.0,0.474,PM2.5-1HR
38,840110010041,2026-06-27,7.29,24.17,85.75,0.2,1.33,78.4,1015.88,2199.71,2.77,6.378,420.0,0.092,PM2.5-1HR
38,840110010043,2026-06-27,9.79,24.14,85.54,0.18,1.23,90.76,1015.89,3858.15,2.77,6.378,420.0,0.356,PM2.5-1HR
38,840110010051,2026-06-27,8.91,24.17,85.75,0.2,1.33,78.4,1015.88,3528.37,2.77,6.378,420.0,0.004,PM2.5-1HR
38,840240313001,2026-06-27,8.69,23.15,89.04,0.28,1.78,97.18,1016.08,169.39,4,8.1,420.0,0.497,PM2.5-1HR
38,840240330030,2026-06-27,10.43,22.85,92.46,0.47,1.68,87.29,1016.08,185.64,6,10.9,420.0,0.38,PM2.5-1HR
38,840510590030,2026-06-27,6.49,23.93,86.96,0.23,1.43,162.43,1015.85,1265.08,5.3,9.92,420.0,0.244,PM2.5-1HR
38,840511071005,2026-06-27,7.57,23.9,86,0.33,1.29,131.71,1015.87,2249.31,6.5,11.6,420.0,0.103,PM2.5-1HR
38,840110010041,2026-06-28,9.04,22.37,95.25,0.54,2.02,57.73,1014.67,2199.71,4.87,9.318,420.0,0.092,PM2.5-1HR
38,840511130003,2026-06-28,2.91,17.03,95.67,0.67,0.8,20.62,1015.54,23.76,0.9,3.76,420.0,0.474,PM2.5-1HR
38,840110010043,2026-06-28,9.36,22.33,94.83,0.43,2,61.59,1014.7,3858.15,4.87,9.318,420.0,0.356,PM2.5-1HR
38,840110010051,2026-06-28,10.35,22.37,95.25,0.54,2.02,57.73,1014.67,3528.37,4.87,9.318,420.0,0.004,PM2.5-1HR
38,840240313001,2026-06-28,7.71,21.99,93.96,0.25,2.1,75.62,1014.95,169.39,3,6.7,420.0,0.497,PM2.5-1HR
38,840240330030,2026-06-28,10.38,21.79,96.92,0.63,2.06,67.94,1014.86,185.64,7,12.3,420.0,0.38,PM2.5-1HR
38,840510590030,2026-06-28,7.14,22.5,94.83,0.5,2.09,60.4,1014.55,1265.08,4.7,9.08,420.0,0.244,PM2.5-1HR
38,840511071005,2026-06-28,6.83,22.73,91.75,0.33,2.06,71.12,1014.8,2249.31,3.4,7.26,420.0,0.103,PM2.5-1HR
38,840511130003,2026-06-29,4.79,18.39,88.42,0.17,1.11,90.02,1019.53,23.76,1,3.9,420.0,0.474,PM2.5-1HR
38,840110010041,2026-06-29,11.14,24.71,79.67,0.02,1.66,92.91,1018.35,2199.71,3.27,7.078,420.0,0.092,PM2.5-1HR
38,840110010043,2026-06-29,12.96,24.71,79.25,0.03,1.52,92.9,1018.36,3858.15,3.27,7.078,420.0,0.356,PM2.5-1HR
38,840110010051,2026-06-29,13.24,24.71,79.67,0.02,1.66,92.91,1018.35,3528.37,3.27,7.078,420.0,0.004,PM2.5-1HR
38,840240313001,2026-06-29,8.41,24.82,75.42,0.06,1.65,101.3,1018.48,169.39,5,9.5,420.0,0.497,PM2.5-1HR
38,840240330030,2026-06-29,9.12,24.22,80.33,0.02,1.65,99.14,1018.48,185.64,5,9.5,420.0,0.38,PM2.5-1HR
38,840510590030,2026-06-29,9.17,24.54,80.25,0.02,1.49,81.46,1018.29,1265.08,6.7,11.88,420.0,0.244,PM2.5-1HR
38,840511071005,2026-06-29,8.24,24.83,78.25,0.19,1.41,123.16,1018.37,2249.31,5.8,10.62,420.0,0.103,PM2.5-1HR
38,840511130003,2026-06-30,6.77,20.28,81.13,0.03,2.45,195.83,1020.39,23.76,5.2,9.78,420.0,0.474,PM2.5-1HR
38,840110010041,2026-06-30,7.33,25.82,67.38,0,2.39,191.53,1019.37,2199.71,3.03,6.742,420.0,0.092,PM2.5-1HR
38,840110010043,2026-06-30,7.36,25.98,66.83,0,2.43,189.45,1019.34,3858.15,3.03,6.742,420.0,0.356,PM2.5-1HR
38,840110010051,2026-06-30,8.75,25.82,67.38,0,2.39,191.53,1019.37,3528.37,3.03,6.742,420.0,0.004,PM2.5-1HR
38,840240313001,2026-06-30,7.36,26.28,64.71,0,3.14,187.03,1019.26,169.39,3,6.7,420.0,0.497,PM2.5-1HR
38,840240330030,2026-06-30,7.36,25.59,67.71,0,2.69,190.41,1019.4,185.64,4,8.1,420.0,0.38,PM2.5-1HR
38,840510590030,2026-06-30,6.88,25.76,67.29,0,2.46,192,1019.39,1265.08,5.1,9.64,420.0,0.244,PM2.5-1HR
38,840511071005,2026-06-30,8.36,27.07,65.42,0,3.43,182.5,1018.91,2249.31,6.5,11.6,420.0,0.103,PM2.5-1HR
38,840110010041,2026-07-01,13.76,28.95,66.67,0.02,2.47,210.18,1016.43,2199.71,5.33,9.962,420.0,0.092,PM2.5-1HR
38,840110010043,2026-07-01,22.95,29.22,65.13,0.03,2.35,215.27,1016.41,3858.15,5.33,9.962,420.0,0.356,PM2.5-1HR
38,840511130003,2026-07-01,14.4,24.08,68.04,0,1.59,286.99,1018.15,23.76,8.7,14.68,420.0,0.474,PM2.5-1HR
38,840110010051,2026-07-01,15.23,28.95,66.67,0.02,2.47,210.18,1016.43,3528.37,5.33,9.962,420.0,0.004,PM2.5-1HR
38,840240313001,2026-07-01,14.94,30.03,59.38,0.04,2.67,238.12,1016.33,169.39,6,10.9,420.0,0.497,PM2.5-1HR
38,840240330030,2026-07-01,12,29.04,65.79,0.05,2.45,205.6,1016.4,185.64,4,8.1,420.0,0.38,PM2.5-1HR
38,840510590030,2026-07-01,11.32,29.05,66.13,0.02,2.43,210.27,1016.51,1265.08,6.3,11.32,420.0,0.244,PM2.5-1HR
38,840511071005,2026-07-01,13.11,30.48,58.21,0,2.35,230.29,1016.18,2249.31,6.9,12.16,420.0,0.103,PM2.5-1HR
38,840110010041,2026-07-02,21.76,32.36,59.83,0,2.01,242.5,1016.42,2199.71,15.17,23.738,420.0,0.092,PM2.5-1HR
38,840110010043,2026-07-02,26.24,32.43,59.42,0,2,258.38,1016.5,3858.15,15.17,23.738,420.0,0.356,PM2.5-1HR
38,840511130003,2026-07-02,19.97,25.18,63.88,0,1.31,293.27,1019,23.76,16.8,26.02,420.0,0.474,PM2.5-1HR
38,840110010051,2026-07-02,23.69,32.36,59.83,0,2.01,242.5,1016.42,3528.37,15.17,23.738,420.0,0.004,PM2.5-1HR
38,840240313001,2026-07-02,23.95,32.58,56.38,0,2.4,271.18,1016.65,169.39,11,17.9,420.0,0.497,PM2.5-1HR
38,840240330030,2026-07-02,21.94,32.33,59.13,0,2.08,257.79,1016.4,185.64,13,20.7,420.0,0.38,PM2.5-1HR
38,840510590030,2026-07-02,18.68,31.87,62.71,0,1.84,260.44,1016.58,1265.08,12,19.3,420.0,0.244,PM2.5-1HR
38,840511071005,2026-07-02,21.64,32.31,58.17,0,2.21,268.1,1016.73,2249.31,17.7,27.28,420.0,0.103,PM2.5-1HR
38,840110010041,2026-07-03,20,33.85,51.63,0.02,2.12,274.35,1015.98,2199.71,10.63,17.382,420.0,0.092,PM2.5-1HR
38,840110010043,2026-07-03,21.85,33.36,53.46,0.01,2.17,283.14,1016.08,3858.15,10.63,17.382,420.0,0.356,PM2.5-1HR
38,840511130003,2026-07-03,16.84,25.38,62.29,0.02,1.32,301.56,1018.62,23.76,12.6,20.14,420.0,0.474,PM2.5-1HR
38,840110010051,2026-07-03,22.16,33.85,51.63,0.02,2.12,274.35,1015.98,3528.37,10.63,17.382,420.0,0.004,PM2.5-1HR
38,840240313001,2026-07-03,20.17,33.05,53.38,0.01,2.53,282.8,1016.3,169.39,14,22.1,420.0,0.497,PM2.5-1HR
38,840240330030,2026-07-03,19.32,32.79,55.96,0.08,2.34,275.06,1016.04,185.64,13,20.7,420.0,0.38,PM2.5-1HR
38,840510590030,2026-07-03,18.05,32.82,57.67,0,1.78,281.94,1016.09,1265.08,13.4,21.26,420.0,0.244,PM2.5-1HR
38,840511071005,2026-07-03,18.14,32.99,55.33,0,2.34,278.06,1016.34,2249.31,13.4,21.26,420.0,0.103,PM2.5-1HR
38,840511130003,2026-07-04,12.73,24.53,63.04,0.13,1.27,255.12,1016.06,23.76,7.7,13.28,420.0,0.474,PM2.5-1HR
38,840110010041,2026-07-04,23.28,32.72,53.04,0.25,1.92,279.71,1013.98,2199.71,4.77,9.178,420.0,0.092,PM2.5-1HR
38,840110010043,2026-07-04,18.81,32.57,52.54,0.16,2.14,284.54,1014.08,3858.15,4.77,9.178,420.0,0.356,PM2.5-1HR
38,840110010051,2026-07-04,32.59,32.72,53.04,0.25,1.92,279.71,1013.98,3528.37,4.77,9.178,420.0,0.004,PM2.5-1HR
38,840240313001,2026-07-04,10.03,32.03,51.58,0.08,2.49,278.45,1014.25,169.39,0,2.5,420.0,0.497,PM2.5-1HR
38,840240330030,2026-07-04,13.07,31.92,55.04,0.1,2.14,280.85,1014.05,185.64,4,8.1,420.0,0.38,PM2.5-1HR
38,840510590030,2026-07-04,12.94,32.07,55.79,0.4,2.2,309.37,1014.03,1265.08,4.9,9.36,420.0,0.244,PM2.5-1HR
38,840511071005,2026-07-04,11.8,31.54,54.75,0.16,2.74,283.32,1014.25,2249.31,6.6,11.74,420.0,0.103,PM2.5-1HR
38,840110010041,2026-07-05,39.39,27.94,74.79,0.09,1.53,134.36,1012.94,2199.71,3.83,7.862,420.0,0.092,PM2.5-1HR
38,840110010043,2026-07-05,40.32,28.08,71.92,0.15,1.28,150.88,1012.95,3858.15,3.83,7.862,420.0,0.356,PM2.5-1HR
38,840110010051,2026-07-05,61.69,27.94,74.79,0.09,1.53,134.36,1012.94,3528.37,3.83,7.862,420.0,0.004,PM2.5-1HR
38,840240313001,2026-07-05,11.05,27.58,73.17,0.48,1.8,143.58,1013.13,169.39,3,6.7,420.0,0.497,PM2.5-1HR
38,840240330030,2026-07-05,23.6,27.53,74.33,0.3,1.69,141.12,1013.09,185.64,10,16.5,420.0,0.38,PM2.5-1HR
38,840510590030,2026-07-05,27.68,27.72,75.13,0.12,1.51,154.88,1012.9,1265.08,8.3,14.12,420.0,0.244,PM2.5-1HR
38,840511071005,2026-07-05,10.44,27.65,71.67,0.26,1.62,153.38,1012.96,2249.31,6,10.9,420.0,0.103,PM2.5-1HR
38,840110010041,2026-07-06,7.6,24.75,91.75,1.25,1.93,63.43,1014.11,2199.71,3.47,7.358,420.0,0.092,PM2.5-1HR
38,840511130003,2026-07-06,6.82,19.32,90.58,0.85,0.96,76.21,1015.21,23.76,4.7,9.08,420.0,0.474,PM2.5-1HR
38,840110010043,2026-07-06,8.45,24.9,90.05,1.31,1.51,59.13,1013.38,3858.15,3.47,7.358,420.0,0.356,PM2.5-1HR
38,840110010051,2026-07-06,12.13,25.36,88.13,0.89,1.79,65.77,1013.53,3528.37,3.47,7.358,420.0,0.004,PM2.5-1HR
38,840240313001,2026-07-06,6.36,24.06,93.29,1.08,2.1,82.05,1011.76,169.39,4,8.1,420.0,0.497,PM2.5-1HR
38,840240330030,2026-07-06,10.21,24.2,94,1.35,1.83,68.53,1013.09,185.64,5,9.5,420.0,0.38,PM2.5-1HR
38,840510590030,2026-07-06,6.74,24.7,91.17,1.03,1.84,51.03,1014.03,1265.08,4,8.1,420.0,0.244,PM2.5-1HR
38,840511071005,2026-07-06,7.21,24.73,90.33,1.21,1.58,63.71,1014.22,2249.31,5.7,10.48,420.0,0.103,PM2.5-1HR
38,840110010041,2026-07-07,8.65,24.6,87.17,0.26,1.94,63.27,1015.4,2199.71,2.93,6.602,420.0,0.092,PM2.5-1HR
38,840511130003,2026-07-07,5.07,18.63,94.04,1.37,0.96,118.34,1016.48,23.76,0.4,3.06,420.0,0.474,PM2.5-1HR
38,840110010043,2026-07-07,10.68,24.45,91.25,0.23,1.76,89.37,1011.15,3858.15,2.93,6.602,420.0,0.356,PM2.5-1HR
38,840110010051,2026-07-07,12.61,25.5,79.75,0.1,1.89,94.32,1012.4,3528.37,2.93,6.602,420.0,0.004,PM2.5-1HR
38,840240313001,2026-07-07,6.84,23.41,92.04,0,2.28,63.51,1000.05,169.39,1,3.9,420.0,0.497,PM2.5-1HR
38,840240330030,2026-07-07,14.02,23.54,90.75,0.03,1.78,72,1008.58,185.64,10,16.5,420.0,0.38,PM2.5-1HR
38,840510590030,2026-07-07,7.23,24.8,88.21,0.21,1.63,67.44,1015.31,1265.08,4.1,8.24,420.0,0.244,PM2.5-1HR
38,840511071005,2026-07-07,7.06,24.27,91.25,0.5,1.75,83.24,1015.5,2249.31,4.7,9.08,420.0,0.103,PM2.5-1HR
38,840110010041,2026-07-09,5.45,24.42,91.92,0.83,2.18,203.48,1012.89,2199.71,1.07,3.998,420.0,0.092,PM2.5-1HR
38,840511130003,2026-07-09,5.42,19.25,94.04,0.8,1.78,243.64,1014.17,23.76,3.1,6.84,420.0,0.474,PM2.5-1HR
38,840110010043,2026-07-09,7.09,24.41,92.63,1.31,2.1,199.89,1008.25,3858.15,1.07,3.998,420.0,0.356,PM2.5-1HR
38,840110010051,2026-07-09,8.05,26.14,79,0.58,2.18,203.48,1009.55,3528.37,1.07,3.998,420.0,0.004,PM2.5-1HR
38,840240313001,2026-07-09,4.79,23.46,93.79,0.58,2.37,204.83,997.14,169.39,0,2.5,420.0,0.497,PM2.5-1HR
38,840240330030,2026-07-09,9.14,24.05,91.83,0.54,2.4,208.83,1005.55,185.64,6,10.9,420.0,0.38,PM2.5-1HR
38,840510590030,2026-07-09,5.28,24.33,93.92,0.86,2.14,194.99,1012.92,1265.08,3.3,7.12,420.0,0.244,PM2.5-1HR
38,840511071005,2026-07-09,6.53,24.53,92,1.18,2.51,205.22,1012.75,2249.31,3.1,6.84,420.0,0.103,PM2.5-1HR
38,840110010041,2026-07-10,10.57,25.6,82,0.07,2.15,268.3,1011.73,2199.71,3.03,6.742,420.0,0.092,PM2.5-1HR
38,840511130003,2026-07-10,6.52,19.21,84.5,0.09,1.21,272.57,1013.8,23.76,2.8,6.42,420.0,0.474,PM2.5-1HR
38,840110010043,2026-07-10,11,25.53,82.17,0.08,2.25,275.69,1007.41,3858.15,3.03,6.742,420.0,0.356,PM2.5-1HR
38,840110010051,2026-07-10,11.81,26.79,72.17,0.02,2.15,268.3,1008.8,3528.37,3.03,6.742,420.0,0.004,PM2.5-1HR
38,840240313001,2026-07-10,9.17,24.08,85.42,0,2.58,270.35,996.42,169.39,2,5.3,420.0,0.497,PM2.5-1HR
38,840240330030,2026-07-10,11.74,24.57,85.67,0,2.57,276.23,1004.68,185.64,4,8.1,420.0,0.38,PM2.5-1HR
38,840510590030,2026-07-10,8.94,25.55,82.88,0.09,1.94,265.23,1011.83,1265.08,5.2,9.78,420.0,0.244,PM2.5-1HR
38,840511071005,2026-07-10,9.42,25.36,81.33,0.06,2.38,270.83,1011.95,2249.31,5.7,10.48,420.0,0.103,PM2.5-1HR
38,840110010041,2026-07-11,7.89,24.95,84.88,0.11,1.34,332.86,1013.59,2199.71,1.97,5.258,420.0,0.092,PM2.5-1HR
38,840110010043,2026-07-11,8.13,24.65,86.38,0.15,1.53,336.19,1009.08,3858.15,1.97,5.258,420.0,0.356,PM2.5-1HR
38,840110010051,2026-07-11,10.25,27.44,68.38,0,1.34,332.86,1010.19,3528.37,1.97,5.258,420.0,0.004,PM2.5-1HR
38,840240313001,2026-07-11,6.21,24.39,81.92,0,1.59,341.37,998.16,169.39,4,8.1,420.0,0.497,PM2.5-1HR
38,840240330030,2026-07-11,10.75,25.1,80.13,0,1.71,335.57,1006.5,185.64,8,13.7,420.0,0.38,PM2.5-1HR
38,840510590030,2026-07-11,8.46,24.92,85.75,0.13,1.61,352.06,1013.55,1265.08,5.6,10.34,420.0,0.244,PM2.5-1HR
38,840511071005,2026-07-11,7.46,24.49,86.38,0.1,1.62,327.55,1013.78,2249.31,4.4,8.66,420.0,0.103,PM2.5-1HR
38,840511130003,2026-07-11,5.86,19.1,84.71,0.08,1.19,311.92,1015.23,23.76,3,6.7,420.0,0.474,PM2.5-1HR
38,840110010041,2026-07-12,6.74,24.19,80.04,0.42,2.51,79.66,1019.47,2199.71,2.7,6.28,420.0,0.092,PM2.5-1HR
38,840110010043,2026-07-12,8.67,23.88,81.29,0.72,2.25,69.71,1015.22,3858.15,2.7,6.28,420.0,0.356,PM2.5-1HR
38,840110010051,2026-07-12,8.99,26.24,66.21,0,2.51,79.66,1016.47,3528.37,2.7,6.28,420.0,0.004,PM2.5-1HR
38,840240313001,2026-07-12,7,23.81,78.58,0,2.83,94.29,1004.15,169.39,3,6.7,420.0,0.497,PM2.5-1HR
38,840240330030,2026-07-12,11.75,24.21,76.96,0,2.75,88.79,1012.68,185.64,8,13.7,420.0,0.38,PM2.5-1HR
38,840510590030,2026-07-12,7.74,24.15,79.21,0.6,2.5,71.58,1019.4,1265.08,4.9,9.36,420.0,0.244,PM2.5-1HR
38,840511071005,2026-07-12,8.2,23.33,84.25,0.5,2.42,79.54,1019.68,2249.31,5.7,10.48,420.0,0.103,PM2.5-1HR
38,840511130003,2026-07-12,5.16,17.43,91.5,0.27,1.89,72.47,1020.45,23.76,1.7,4.88,420.0,0.474,PM2.5-1HR
38,840110010041,2026-07-13,5.34,24.61,63.21,0,1.82,101.36,1022.29,2199.71,3.2,6.98,420.0,0.092,PM2.5-1HR
38,840110010043,2026-07-13,6.98,24.23,65.85,0,1.76,89.16,1017.9,3858.15,3.2,6.98,420.0,0.356,PM2.5-1HR
38,840110010051,2026-07-13,8.62,25.92,54.58,0,1.87,94.22,1019.34,3528.37,3.2,6.98,420.0,0.004,PM2.5-1HR
38,840240313001,2026-07-13,7.75,22.66,69.13,0,2.12,108.61,1006.75,169.39,2,5.3,420.0,0.497,PM2.5-1HR
38,840240330030,2026-07-13,9.23,22.71,68.58,0,2.13,104.04,1015.38,185.64,4,8.1,420.0,0.38,PM2.5-1HR
38,840510590030,2026-07-13,6.6,24.86,62.67,0,1.75,84.73,1022.1,1265.08,5.7,10.48,420.0,0.244,PM2.5-1HR
38,840511071005,2026-07-13,7.81,24.96,60.79,0,1.84,116.52,1022.16,2249.31,6.3,11.32,420.0,0.103,PM2.5-1HR
38,840511130003,2026-07-13,6.24,17.31,78.63,0,1.34,116.77,1023.24,23.76,5,9.5,420.0,0.474,PM2.5-1HR
38,840110010041,2026-07-14,9.75,26.6,65.13,0,1.79,237.57,1019.86,2199.71,5.1,9.64,420.0,0.092,PM2.5-1HR
38,840110010051,2026-07-14,11.72,27.93,60.71,0,,,1016.85,3528.37,5.1,9.64,420.0,0.004,PM2.5-1HR
38,840240313001,2026-07-14,6.94,24.62,72.92,0,1.54,245,1004.87,169.39,3,6.7,420.0,0.497,PM2.5-1HR
38,840240330030,2026-07-14,10.41,24.97,70.58,0,1.79,243,1012.91,185.64,7,12.3,420.0,0.38,PM2.5-1HR
38,840510590030,2026-07-14,7.6,26.39,66.04,0,2.03,226.71,1019.95,1265.08,6.8,12.02,420.0,0.244,PM2.5-1HR
38,840511071005,2026-07-14,8.14,26.47,65.17,0,2.25,231.05,1020,2249.31,7,12.3,420.0,0.103,PM2.5-1HR
38,840511130003,2026-07-14,6.98,19.7,75.42,0,1.1,226.03,1021.73,23.76,6.2,11.18,420.0,0.474,PM2.5-1HR
38,840110010041,2026-07-15,10,29.64,61.5,0,2.68,253.78,1014.61,2199.71,7.13,12.482,420.0,0.092,PM2.5-1HR
38,840110010043,2026-07-15,12.41,29.75,62.75,0,2.82,243.26,1010.2,3858.15,7.13,12.482,420.0,0.356,PM2.5-1HR
38,840110010051,2026-07-15,12.84,30.92,55.79,0,3,242.25,1011.59,3528.37,7.13,12.482,420.0,0.004,PM2.5-1HR
38,840240313001,2026-07-15,9.65,27.54,70.29,0,3.16,247.98,999.18,169.39,4,8.1,420.0,0.497,PM2.5-1HR
38,840240330030,2026-07-15,12.72,28.03,68.13,0,3.31,248.46,1007.34,185.64,8,13.7,420.0,0.38,PM2.5-1HR
38,840510590030,2026-07-15,10.13,29.36,61.92,0,2.46,248.82,1014.83,1265.08,9.4,15.66,420.0,0.244,PM2.5-1HR
38,840511071005,2026-07-15,10.24,29.36,62.96,0,3.17,266.55,1014.92,2249.31,8.9,14.96,420.0,0.103,PM2.5-1HR
38,840511130003,2026-07-15,9.43,22.42,65.75,0,1.26,290.59,1017.23,23.76,7.5,13.0,420.0,0.474,PM2.5-1HR
38,840110010041,2026-07-17,107.97,28.24,52.21,0,1.54,55.31,1016.79,2199.71,71.63,102.782,420.0,0.092,PM2.5-1HR
38,840110010043,2026-07-17,116.23,30.64,44.9,0,1.14,92.69,1012.46,3858.15,71.63,102.782,420.0,0.356,PM2.5-1HR
38,840110010051,2026-07-17,109.2,30,45.54,0,1.25,127.39,1013.85,3528.37,71.63,102.782,420.0,0.004,PM2.5-1HR
38,840240313001,2026-07-17,118.39,24.98,65.13,0,1.25,153.81,1001.6,169.39,86,122.9,420.0,0.497,PM2.5-1HR
38,840240330030,2026-07-17,128.84,25.86,60.67,0,1.28,125.21,1009.9,185.64,91,129.9,420.0,0.38,PM2.5-1HR
38,840511130003,2026-07-17,107,22.13,73.29,0.11,1.2,200.56,1018.38,23.76,16.5,25.6,420.0,0.474,PM2.5-1HR
38,840110010041,2026-07-18,42.73,26.82,78.79,0.51,2.67,197.43,1012.11,2199.71,5.33,9.962,420.0,0.092,PM2.5-1HR
38,840110010043,2026-07-18,48.25,27.31,75.9,0.64,2.72,190.37,1007.64,3858.15,5.33,9.962,420.0,0.356,PM2.5-1HR
38,840110010051,2026-07-18,44.62,27.93,72.83,0.39,2.73,192.12,1009.02,3528.37,5.33,9.962,420.0,0.004,PM2.5-1HR
38,840240313001,2026-07-18,44.46,24.39,87.92,0.04,2.75,193.08,996.56,169.39,7,12.3,420.0,0.497,PM2.5-1HR
38,840240330030,2026-07-18,50.96,24.86,86.46,0.2,2.65,196.4,1004.98,185.64,13,20.7,420.0,0.38,PM2.5-1HR
38,840510590030,2026-07-18,49.32,27.39,76.88,0.6,2.78,193.19,1012.16,1265.08,7.5,13.0,420.0,0.244,PM2.5-1HR
38,840511071005,2026-07-18,62.77,27.02,80.04,0.66,2.86,209.65,1011.96,2249.31,7.8,13.42,420.0,0.103,PM2.5-1HR
38,840511130003,2026-07-18,46.12,21.45,80.83,0.31,2.79,227.23,1013.77,23.76,3.4,7.26,420.0,0.474,PM2.5-1HR
38,840110010041,2026-07-19,16.3,26.29,73.04,0.1,2.22,338.75,1010.65,2199.71,5.03,9.542,420.0,0.092,PM2.5-1HR
38,840110010043,2026-07-19,20.17,26.22,53,0,1.63,348.29,1006.48,3858.15,5.03,9.542,420.0,0.356,PM2.5-1HR
38,840110010051,2026-07-19,19.4,28.06,60.21,0,1.44,35.79,1007.73,3528.37,5.03,9.542,420.0,0.004,PM2.5-1HR
38,840240313001,2026-07-19,16.21,24.29,75.67,0,2.23,356.9,995.57,169.39,3,6.7,420.0,0.497,PM2.5-1HR
38,840240330030,2026-07-19,21.28,24.79,74.5,0,1.68,37.07,1003.85,185.64,8,13.7,420.0,0.38,PM2.5-1HR
38,840510590030,2026-07-19,19.88,27.52,65.42,0.06,2.3,333.07,1010.55,1265.08,7.4,12.86,420.0,0.244,PM2.5-1HR
38,840511071005,2026-07-19,22.02,26.06,68.75,0.05,2.92,344.95,1011.03,2249.31,6.4,11.46,420.0,0.103,PM2.5-1HR
38,840511130003,2026-07-19,15.01,20.91,71.46,0.05,1.51,333.03,1012.16,23.76,5,9.5,420.0,0.474,PM2.5-1HR
38,840110010041,2026-08-02,1.53,25.5,81.13,0.68,3.29,166.18,1010.19,2199.71,4.37,8.618,420.0,0.092,PM2.5-1HR
38,840110010043,2026-08-02,5.09,25.26,82,0.67,3.24,159.94,1009.08,3858.15,4.37,8.618,420.0,0.356,PM2.5-1HR
38,840110010051,2026-08-02,6.34,25.58,79.75,0.47,3.27,162.41,1009.43,3528.37,4.37,8.618,420.0,0.004,PM2.5-1HR
38,840240313001,2026-08-02,2.81,23.95,88.75,0.67,3.6,153.67,1006.38,169.39,6,10.9,420.0,0.497,PM2.5-1HR
38,840240330030,2026-08-02,9.61,24.7,84.58,0.59,3.39,161.25,1008.6,185.64,12,19.3,420.0,0.38,PM2.5-1HR
38,840510590030,2026-08-02,5.59,25.28,83.17,0.56,3.42,166.36,1010.08,1265.08,5.5,10.2,420.0,0.244,PM2.5-1HR
38,840511071005,2026-08-02,5.12,24.3,89.17,0.7,4.23,160.7,1009.7,2249.31,7,12.3,420.0,0.103,PM2.5-1HR
38,840511130003,2026-08-02,7.29,17.63,98.54,1.18,3,170.94,1010.59,23.76,7,12.3,420.0,0.474,PM2.5-1HR
38,840110010041,2026-08-03,5.14,26.91,75.71,0.15,2.97,268.85,1009.25,2199.71,2.1,5.44,420.0,0.092,PM2.5-1HR
38,840110010043,2026-08-03,6.84,26.65,60.75,0,2.16,359.78,1005.83,3858.15,2.1,5.44,420.0,0.356,PM2.5-1HR
38,840110010051,2026-08-03,8.54,27.7,69.92,0,2.36,7.53,1006.83,3528.37,2.1,5.44,420.0,0.004,PM2.5-1HR
38,840240313001,2026-08-03,3.2,25.77,76.21,0,2.97,9,996.73,169.39,0,2.5,420.0,0.497,PM2.5-1HR
38,840240330030,2026-08-03,7.59,26.37,76,0.03,2.95,355.01,1003.59,185.64,1,3.9,420.0,0.38,PM2.5-1HR
38,840510590030,2026-08-03,5.47,26.48,79.21,0.19,2.8,269.14,1009.33,1265.08,2.2,5.58,420.0,0.244,PM2.5-1HR
38,840511071005,2026-08-03,5.37,26.07,76.54,0.07,3.32,283.65,1009.45,2249.31,1.5,4.6,420.0,0.103,PM2.5-1HR
38,840511130003,2026-08-03,4.08,20.23,84.13,0.24,1.93,302.15,1010.9,23.76,1.9,5.16,420.0,0.474,PM2.5-1HR
38,840110010041,2026-08-08,5.09,27.17,75,0.07,1.79,228.74,1017.03,2199.71,3.13,6.882,420.0,0.092,PM2.5-1HR
38,840110010043,2026-08-08,7.84,28.5,69,0,0.18,304,1012.67,3858.15,3.13,6.882,420.0,0.356,PM2.5-1HR
38,840110010051,2026-08-08,8.55,29.2,64,0,0.74,312,1013.92,3528.37,3.13,6.882,420.0,0.004,PM2.5-1HR
38,840240313001,2026-08-08,2.98,25.25,81.88,0,0.96,231,1002.12,169.39,1,3.9,420.0,0.497,PM2.5-1HR
38,840240330030,2026-08-08,8.62,25.67,81.75,0.02,1.18,234,1010.1,185.64,3,6.7,420.0,0.38,PM2.5-1HR
38,840510590030,2026-08-08,5.87,26.88,77.17,0.03,1.75,221.53,1017.1,1265.08,4.4,8.66,420.0,0.244,PM2.5-1HR
38,840511071005,2026-08-08,5.94,25.15,85.58,0.17,1.82,217.06,1017.14,2249.31,3.9,7.96,420.0,0.103,PM2.5-1HR
38,840110010051,2026-08-10,15.59,27.77,68.04,0.16,2.21,222.4,1014.17,3528.37,11.2,18.18,420.0,0.004,PM2.5-1HR
38,840240313001,2026-08-10,6.34,24.11,85.46,0.29,2.1,222.49,1006,169.39,5,9.5,420.0,0.497,PM2.5-1HR
38,840240330030,2026-08-10,15.47,25.16,81.42,0.22,2.17,234.08,1011.49,185.64,15,23.5,420.0,0.38,PM2.5-1HR
38,840110010051,2026-08-11,8.8,26.52,66.17,0.04,2.11,279.54,1012,3528.37,4.87,9.318,420.0,0.004,PM2.5-1HR
38,840240313001,2026-08-11,6,24.37,75.88,0.08,2.81,289.61,1007.44,169.39,3,6.7,420.0,0.497,PM2.5-1HR
38,840240330030,2026-08-11,11.97,25.24,72.46,0.09,2.52,279.69,1010.45,185.64,8,13.7,420.0,0.38,PM2.5-1HR
