metro_id,fullaqsid,date,aq_daily_mean,temp_daily_mean,rhum_daily_mean,precip_daily_mean,ws_daily_mean,wd_daily_mean_deg,barpr_daily_mean,population,bg3,sat_monthly_mean,metro_pop_density_year,dist_km_motorway_trunk_primary_secondary,partition_key
33,840270031002,2025-01-05,2.96,-14.96,35.33,0,3.58,345.7,1033.56,115.75,2.6,6.14,215.0,1.26,PM2.5-1HR
33,840270370470,2025-01-05,3.62,-14.35,33.96,0,3.69,344.11,1033.1,1582.24,2.9,6.56,215.0,0.706,PM2.5-1HR
33,840271230871,2025-01-05,3,-14.62,35.67,0,3.79,346.66,1033.13,2988.33,2.6,6.14,215.0,0.412,PM2.5-1HR
33,840271390505,2025-01-05,3.61,-14.47,36.42,0,3.68,348.52,1033.48,2165.19,3.2,6.98,215.0,0.119,PM2.5-1HR
33,840271453052,2025-01-05,3.06,-16.08,37.67,0,4.21,344,1035.02,1836.28,2.8,6.42,215.0,0.826,PM2.5-1HR
33,840271713201,2025-01-05,2.65,-15.17,35.46,0,4.07,347.02,1034.1,1533.26,2.5,6.0,215.0,0.069,PM2.5-1HR
33,840270370480,2025-01-05,3.32,-14.59,34.83,0,4.09,345.9,1033.19,702.6,2.9,6.56,215.0,0.038,PM2.5-1HR
33,840270530910,2025-01-05,4.37,-14.7,34.88,0,3.56,347.33,1033.41,1269.06,3.05,6.77,215.0,0.428,PM2.5-1HR
33,840270530962,2025-01-05,3.33,-14.48,34.33,0,3.47,346.96,1033.3,6112.23,3.05,6.77,215.0,0.012,PM2.5-1HR
33,840270530963,2025-01-05,3.05,-14.48,34.33,0,3.47,346.96,1033.3,6185.37,3.05,6.77,215.0,0.582,PM2.5-1HR
33,840270531904,2025-01-05,3.45,-14.48,34.33,0,3.47,346.96,1033.3,3919.98,3.05,6.77,215.0,0.223,PM2.5-1HR
33,840270031002,2025-01-06,3.46,-13.2,41.67,0,2.29,346.82,1033.65,115.75,2.6,6.14,215.0,1.26,PM2.5-1HR
33,840270370470,2025-01-06,4.55,-12.69,42.46,0,2.48,334.27,1033.42,1582.24,2.7,6.28,215.0,0.706,PM2.5-1HR
33,840270531904,2025-01-06,4.34,-12.73,41.54,0,2.16,342.19,1033.51,3919.98,3.03,6.742,215.0,0.223,PM2.5-1HR
33,840271230871,2025-01-06,3.6,-12.74,42.58,0,2.45,344.84,1033.39,2988.33,2.6,6.14,215.0,0.412,PM2.5-1HR
33,840271390505,2025-01-06,4.3,-13.18,45.33,0,2.23,339.24,1033.68,2165.19,2.7,6.28,215.0,0.119,PM2.5-1HR
33,840270370480,2025-01-06,4.17,-13.29,45.08,0,2.51,336.4,1033.53,702.6,2.7,6.28,215.0,0.038,PM2.5-1HR
33,840270530910,2025-01-06,6.05,-12.89,41.63,0,2.26,344.81,1033.58,1269.06,3.03,6.742,215.0,0.428,PM2.5-1HR
33,840270530962,2025-01-06,4.39,-12.73,41.54,0,2.16,342.19,1033.51,6112.23,3.03,6.742,215.0,0.012,PM2.5-1HR
33,840270530963,2025-01-06,3.69,-12.73,41.54,0,2.16,342.19,1033.51,6185.37,3.03,6.742,215.0,0.582,PM2.5-1HR
33,840271453052,2025-01-06,3.3,-13.97,43.79,0,2.47,343.87,1034.55,1836.28,2.6,6.14,215.0,0.826,PM2.5-1HR
33,840271713201,2025-01-06,3.53,-13.31,41.71,0,2.63,347.1,1033.97,1533.26,2.4,5.86,215.0,0.069,PM2.5-1HR
33,840270031002,2025-01-07,4.29,-11.19,39.21,0,1.78,331.32,1036.14,115.75,2.3,5.72,215.0,1.26,PM2.5-1HR
33,840270370470,2025-01-07,5.69,-10.76,41.71,0,2.08,325.61,1036.05,1582.24,2.95,6.63,215.0,0.706,PM2.5-1HR
33,840270370480,2025-01-07,5.09,-11.22,43.79,0,2.04,330.52,1036.14,702.6,2.95,6.63,215.0,0.038,PM2.5-1HR
33,840270530910,2025-01-07,6.52,-10.86,39.33,0,1.84,334.03,1036.13,1269.06,3.55,7.47,215.0,0.428,PM2.5-1HR
33,840270530962,2025-01-07,5.13,-10.73,39.42,0,1.77,333.16,1036.11,6112.23,3.55,7.47,215.0,0.012,PM2.5-1HR
33,840270530963,2025-01-07,4.51,-10.73,39.42,0,1.77,333.16,1036.11,6185.37,3.55,7.47,215.0,0.582,PM2.5-1HR
33,840270531904,2025-01-07,5.38,-10.73,39.42,0,1.77,333.16,1036.11,3919.98,3.55,7.47,215.0,0.223,PM2.5-1HR
33,840271230871,2025-01-07,4.64,-10.84,40.79,0,1.93,331.64,1036.02,2988.33,2.7,6.28,215.0,0.412,PM2.5-1HR
33,840271390505,2025-01-07,4.77,-10.98,43.67,0,1.81,335.1,1036.23,2165.19,3.1,6.84,215.0,0.119,PM2.5-1HR
33,840271453052,2025-01-07,5.2,-11.43,45.21,0,2.25,325.9,1036.78,1836.28,2.9,6.56,215.0,0.826,PM2.5-1HR
33,840271713201,2025-01-07,3.87,-11.05,40.71,0,2.29,332.83,1036.38,1533.26,2.5,6.0,215.0,0.069,PM2.5-1HR
33,840271390505,2025-11-30,5.93,-7.83,82.17,0.08,4.21,314.76,1029.63,2165.19,5,9.5,215.0,0.119,PM2.5-1HR
33,840271453052,2025-11-30,3.91,-9.86,83.5,0.03,3.89,313.86,1030.65,1836.28,2.7,6.28,215.0,0.826,PM2.5-1HR
33,840271713201,2025-11-30,3.93,-8.75,82.25,0.06,4.33,316.64,1029.94,1533.26,3.3,7.12,215.0,0.069,PM2.5-1HR
33,840270031002,2025-11-30,6.22,-8.61,82.08,0.07,3.88,316.77,1029.39,115.75,4.4,8.66,215.0,1.26,PM2.5-1HR
33,840270370470,2025-11-30,7.38,-7.87,83.67,0.08,4.04,312.09,1029.25,1582.24,5.7,10.48,215.0,0.706,PM2.5-1HR
33,840270370480,2025-11-30,5.77,-8.26,85.25,0.09,4.53,312.88,1029.49,702.6,5.7,10.48,215.0,0.038,PM2.5-1HR
33,840270530910,2025-11-30,7.04,-8.2,82.04,0.08,3.72,318.23,1029.36,1269.06,4.25,8.45,215.0,0.428,PM2.5-1HR
33,840270530962,2025-11-30,5.25,-8,82.96,0.08,3.66,317.56,1029.3,6112.23,4.25,8.45,215.0,0.012,PM2.5-1HR
33,840270530963,2025-11-30,5.66,-8,82.96,0.08,3.66,317.56,1029.3,6185.37,4.25,8.45,215.0,0.582,PM2.5-1HR
33,840270531904,2025-11-30,5.08,-8,82.96,0.08,3.66,317.56,1029.3,3919.98,4.25,8.45,215.0,0.223,PM2.5-1HR
33,840271230871,2025-11-30,7.21,-7.83,82.96,0.09,3.9,317.7,1029.12,2988.33,5.7,10.48,215.0,0.412,PM2.5-1HR
33,840270031002,2025-12-01,8.97,-11.78,85.5,0,2.66,196.38,1025.91,115.75,4.7,9.08,215.0,1.26,PM2.5-1HR
33,840270370470,2025-12-01,7.67,-11.62,84.96,0.01,2.8,203.34,1026.2,1582.24,4.4,8.66,215.0,0.706,PM2.5-1HR
33,840270370480,2025-12-01,8.37,-11.93,85.88,0.01,3.3,203.16,1026.19,702.6,4.4,8.66,215.0,0.038,PM2.5-1HR
33,840270530910,2025-12-01,9.12,-11.66,86.38,0,2.49,190.86,1026.02,1269.06,5.2,9.78,215.0,0.428,PM2.5-1HR
33,840270530962,2025-12-01,8.22,-11.69,86,0,2.46,192.02,1026.09,6112.23,5.2,9.78,215.0,0.012,PM2.5-1HR
33,840270530963,2025-12-01,8.82,-11.69,86,0,2.46,192.02,1026.09,6185.37,5.2,9.78,215.0,0.582,PM2.5-1HR
33,840270531904,2025-12-01,8.04,-11.69,86,0,2.46,192.02,1026.09,3919.98,5.2,9.78,215.0,0.223,PM2.5-1HR
33,840271230871,2025-12-01,9.22,-11.6,86.46,0,2.55,194.12,1026.17,2988.33,6.4,11.46,215.0,0.412,PM2.5-1HR
33,840271390505,2025-12-01,7.76,-11.83,84.63,0,2.89,198.14,1026.11,2165.19,4.5,8.8,215.0,0.119,PM2.5-1HR
33,840271453052,2025-12-01,7.58,-13.07,86.38,0,2.7,194.98,1025.18,1836.28,3.5,7.4,215.0,0.826,PM2.5-1HR
33,840271713201,2025-12-01,7.16,-12.04,85.88,0,3.35,202.94,1025.6,1533.26,3.8,7.82,215.0,0.069,PM2.5-1HR
33,840270031002,2025-12-02,17.09,-8.56,85.04,0.03,3.38,196.54,1012.38,115.75,13.1,20.84,215.0,1.26,PM2.5-1HR
33,840270370470,2025-12-02,15.84,-8.38,84.46,0.02,3.67,205.82,1012.85,1582.24,13.45,21.33,215.0,0.706,PM2.5-1HR
33,840270370480,2025-12-02,15.8,-8.68,84.92,0.02,4.31,205.95,1012.9,702.6,13.45,21.33,215.0,0.038,PM2.5-1HR
33,840270530910,2025-12-02,17.67,-8.62,85.13,0.03,3.4,195.65,1012.6,1269.06,13.35,21.19,215.0,0.428,PM2.5-1HR
33,840270530962,2025-12-02,15.36,-8.55,84.75,0.03,3.28,198.51,1012.69,6112.23,13.35,21.19,215.0,0.012,PM2.5-1HR
33,840270530963,2025-12-02,16.61,-8.55,84.75,0.03,3.28,198.51,1012.69,6185.37,13.35,21.19,215.0,0.582,PM2.5-1HR
33,840270531904,2025-12-02,15.17,-8.55,84.75,0.03,3.28,198.51,1012.69,3919.98,13.35,21.19,215.0,0.223,PM2.5-1HR
33,840271230871,2025-12-02,16.15,-8.44,85.38,0.03,3.4,200.46,1012.74,2988.33,13.6,21.54,215.0,0.412,PM2.5-1HR
33,840271390505,2025-12-02,14.64,-8.69,84.46,0.03,3.61,203.87,1012.77,2165.19,11.4,18.46,215.0,0.119,PM2.5-1HR
33,840271453052,2025-12-02,15.01,-9.52,85.58,0.03,3.07,203.91,1011.79,1836.28,10.2,16.78,215.0,0.826,PM2.5-1HR
33,840271713201,2025-12-02,14.52,-8.94,85.42,0.03,3.98,205.21,1012.16,1533.26,11.5,18.6,215.0,0.069,PM2.5-1HR
33,840270031002,2025-12-24,26.32,-2.64,83.08,0,2.4,96.72,1023.19,115.75,16.7,25.88,215.0,1.26,PM2.5-1HR
33,840270370470,2025-12-24,30.72,-1.38,85.42,0,2.52,107.06,1022.78,1582.24,22.95,34.63,215.0,0.706,PM2.5-1HR
33,840270370480,2025-12-24,28.64,-1.24,86.17,0,2.94,115.73,1022.61,702.6,22.95,34.63,215.0,0.038,PM2.5-1HR
33,840270530910,2025-12-24,36.28,-2.15,83.58,0,2.45,98.04,1023.05,1269.06,26.9,40.16,215.0,0.428,PM2.5-1HR
33,840270530962,2025-12-24,28.92,-1.86,83.71,0,2.36,96.36,1023,6112.23,26.9,40.16,215.0,0.012,PM2.5-1HR
33,840270530963,2025-12-24,32.73,-1.86,83.71,0,2.36,96.36,1023,6185.37,26.9,40.16,215.0,0.582,PM2.5-1HR
33,840270531904,2025-12-24,29.54,-1.86,83.71,0,2.36,96.36,1023,3919.98,26.9,40.16,215.0,0.223,PM2.5-1HR
33,840271230871,2025-12-24,28.85,-2.05,84.71,0,2.66,97.1,1023.07,2988.33,23.7,35.68,215.0,0.412,PM2.5-1HR
33,840271390505,2025-12-24,32.31,-1.37,84.38,0,2.13,96.15,1022.72,2165.19,25.4,38.06,215.0,0.119,PM2.5-1HR
33,840271453052,2025-12-24,17.92,-4.46,85,0,2.57,86.9,1023.21,1836.28,15.2,23.78,215.0,0.826,PM2.5-1HR
33,840271713201,2025-12-24,23.72,-3.3,84.42,0,2.68,88.31,1023.09,1533.26,18.4,28.26,215.0,0.069,PM2.5-1HR
33,840270031002,2025-12-25,10.99,-1.84,89.08,0.13,4.55,109,1018.28,115.75,5.5,10.2,215.0,1.26,PM2.5-1HR
33,840270370470,2025-12-25,17.05,-0.47,91.21,0.06,4.52,107.87,1018.1,1582.24,6.35,11.39,215.0,0.706,PM2.5-1HR
33,840270370480,2025-12-25,16.55,-0.15,92.83,0.05,5.02,108.37,1017.81,702.6,6.35,11.39,215.0,0.038,PM2.5-1HR
33,840270530910,2025-12-25,13.98,-1.48,89.25,0.07,4.41,111.26,1018.22,1269.06,7.43,12.902,215.0,0.428,PM2.5-1HR
33,840270530962,2025-12-25,12.5,-1.26,89.17,0.07,4.27,109.65,1018.23,6112.23,7.43,12.902,215.0,0.012,PM2.5-1HR
33,840270530963,2025-12-25,14.89,-1.26,89.17,0.07,4.27,109.65,1018.23,6185.37,7.43,12.902,215.0,0.582,PM2.5-1HR
33,840270531904,2025-12-25,13,-1.26,89.17,0.07,4.27,109.65,1018.23,3919.98,7.43,12.902,215.0,0.223,PM2.5-1HR
33,840271230871,2025-12-25,12.32,-1.47,89.88,0.04,4.55,108.88,1018.4,2988.33,4.9,9.36,215.0,0.412,PM2.5-1HR
33,840271390505,2025-12-25,16.25,-0.4,90.63,0.13,4.31,104.25,1017.83,2165.19,6.3,11.32,215.0,0.119,PM2.5-1HR
33,840271453052,2025-12-25,10.65,-2.61,90.92,0.08,4.61,116.95,1017.68,1836.28,6.6,11.74,215.0,0.826,PM2.5-1HR
33,840271713201,2025-12-25,11.48,-2.18,90.17,0.17,4.9,110.37,1017.98,1533.26,5.4,10.06,215.0,0.069,PM2.5-1HR
33,840270031002,2025-12-26,9.09,0.62,96.67,0.03,2.2,243.8,1010.55,115.75,5.9,10.76,215.0,1.26,PM2.5-1HR
33,840270370470,2025-12-26,8.48,0.71,97.38,0.11,2.48,244.79,1010.67,1582.24,4.95,9.43,215.0,0.706,PM2.5-1HR
33,840270370480,2025-12-26,7.39,0.53,97.96,0.02,2.8,248.91,1010.74,702.6,4.95,9.43,215.0,0.038,PM2.5-1HR
33,840270530910,2025-12-26,9.99,0.7,96.58,0.08,2.17,244.46,1010.59,1269.06,6.13,11.082,215.0,0.428,PM2.5-1HR
33,840270530962,2025-12-26,9,0.78,96.38,0.16,2.09,244.71,1010.6,6112.23,6.13,11.082,215.0,0.012,PM2.5-1HR
33,840270530963,2025-12-26,9.45,0.78,96.38,0.16,2.09,244.71,1010.6,6185.37,6.13,11.082,215.0,0.582,PM2.5-1HR
33,840270531904,2025-12-26,8.94,0.78,96.38,0.16,2.09,244.71,1010.6,3919.98,6.13,11.082,215.0,0.223,PM2.5-1HR
33,840271230871,2025-12-26,10.01,0.64,97.5,0.04,2.25,241.12,1010.58,2988.33,4.3,8.52,215.0,0.412,PM2.5-1HR
33,840271390505,2025-12-26,8.45,0.65,96.5,0.05,2.27,251.37,1010.74,2165.19,6,10.9,215.0,0.119,PM2.5-1HR
33,840271453052,2025-12-26,9.38,-0.27,95.63,0.02,2.53,262.96,1010.73,1836.28,7.1,12.44,215.0,0.826,PM2.5-1HR
33,840271713201,2025-12-26,8.15,0.3,96.5,0,2.62,255.23,1010.63,1533.26,4.6,8.94,215.0,0.069,PM2.5-1HR
33,840270031002,2025-12-27,6.71,1.05,98.08,0,3.53,148.57,1008.96,115.75,5.2,9.78,215.0,1.26,PM2.5-1HR
33,840270370470,2025-12-27,6.12,1.27,97.92,0.03,3.58,147.59,1009.12,1582.24,4.4,8.66,215.0,0.706,PM2.5-1HR
33,840270370480,2025-12-27,5.14,1.18,98.83,0,4.07,150.81,1008.91,702.6,4.4,8.66,215.0,0.038,PM2.5-1HR
33,840270530910,2025-12-27,8.55,1.13,98.13,0.01,3.56,148.52,1009.02,1269.06,5.73,10.522,215.0,0.428,PM2.5-1HR
33,840270530962,2025-12-27,8.21,1.23,97.92,0.01,3.41,145.61,1009.08,6112.23,5.73,10.522,215.0,0.012,PM2.5-1HR
33,840270530963,2025-12-27,8.95,1.23,97.92,0.01,3.41,145.61,1009.08,6185.37,5.73,10.522,215.0,0.582,PM2.5-1HR
33,840270531904,2025-12-27,9.06,1.23,97.92,0.01,3.41,145.61,1009.08,3919.98,5.73,10.522,215.0,0.223,PM2.5-1HR
33,840271230871,2025-12-27,6.07,1,98.58,0.1,3.7,147.44,1009.27,2988.33,4.7,9.08,215.0,0.412,PM2.5-1HR
33,840271390505,2025-12-27,6.44,1.28,97.83,0,3.23,144.4,1008.79,2165.19,4.8,9.22,215.0,0.119,PM2.5-1HR
33,840271453052,2025-12-27,8.07,0.55,99.13,0,3.47,144.32,1007.96,1836.28,5.1,9.64,215.0,0.826,PM2.5-1HR
33,840271713201,2025-12-27,7.27,0.85,98.96,0,3.95,148.66,1008.48,1533.26,5.2,9.78,215.0,0.069,PM2.5-1HR
33,840270031002,2025-12-28,4.32,-3.73,92.46,0.49,4.98,336.58,1010.23,115.75,1.8,5.02,215.0,1.26,PM2.5-1HR
33,840270370470,2025-12-28,4.25,-4.11,93.17,0.56,5.09,329.24,1010.1,1582.24,1.9,5.16,215.0,0.706,PM2.5-1HR
33,840270370480,2025-12-28,3.85,-4.68,93.25,0.6,5.72,328.11,1010.51,702.6,1.9,5.16,215.0,0.038,PM2.5-1HR
33,840270530910,2025-12-28,4.95,-3.82,92.46,0.51,4.85,335.43,1010.16,1269.06,2.65,6.21,215.0,0.428,PM2.5-1HR
33,840270530962,2025-12-28,5.07,-3.83,92.5,0.5,4.78,334.32,1010.12,6112.23,2.65,6.21,215.0,0.012,PM2.5-1HR
33,840270530963,2025-12-28,4.83,-3.83,92.5,0.5,4.78,334.32,1010.12,6185.37,2.65,6.21,215.0,0.582,PM2.5-1HR
33,840270531904,2025-12-28,4.55,-3.83,92.5,0.5,4.78,334.32,1010.12,3919.98,2.65,6.21,215.0,0.223,PM2.5-1HR
33,840271230871,2025-12-28,4.18,-3.63,93.13,0.51,4.92,337.28,1009.75,2988.33,1.7,4.88,215.0,0.412,PM2.5-1HR
33,840271390505,2025-12-28,4.57,-4.49,91.46,0.54,5.53,331.5,1010.78,2165.19,2.8,6.42,215.0,0.119,PM2.5-1HR
33,840271453052,2025-12-28,4.21,-6,89.54,0.44,6.16,328.19,1012.78,1836.28,1.6,4.74,215.0,0.826,PM2.5-1HR
33,840271713201,2025-12-28,4.73,-4.75,91.04,0.55,6.19,333.7,1011.33,1533.26,2,5.3,215.0,0.069,PM2.5-1HR
33,840270031002,2025-12-29,2.48,-12.76,77.92,0.03,5.02,306.34,1026.73,115.75,1.4,4.46,215.0,1.26,PM2.5-1HR
33,840270370470,2025-12-29,2.68,-13.15,79.63,0.03,5.67,300.39,1026.97,1582.24,1.7,4.88,215.0,0.706,PM2.5-1HR
33,840270370480,2025-12-29,2.51,-13.72,80.75,0.03,6.24,299.65,1027.43,702.6,1.7,4.88,215.0,0.038,PM2.5-1HR
33,840270530910,2025-12-29,2.69,-12.86,78.29,0.03,4.87,306.88,1026.8,1269.06,1.63,4.782,215.0,0.428,PM2.5-1HR
33,840270530962,2025-12-29,2.74,-12.85,78.25,0.03,4.82,305.7,1026.84,6112.23,1.63,4.782,215.0,0.012,PM2.5-1HR
33,840270530963,2025-12-29,2.78,-12.85,78.25,0.03,4.82,305.7,1026.84,6185.37,1.63,4.782,215.0,0.582,PM2.5-1HR
33,840270531904,2025-12-29,2.65,-12.85,78.25,0.03,4.82,305.7,1026.84,3919.98,1.63,4.782,215.0,0.223,PM2.5-1HR
33,840271230871,2025-12-29,2.53,-12.74,79,0.03,5.21,306.56,1026.49,2988.33,1.4,4.46,215.0,0.412,PM2.5-1HR
33,840271390505,2025-12-29,2.65,-13.33,78.42,0.02,5.47,303.1,1027.61,2165.19,2.1,5.44,215.0,0.119,PM2.5-1HR
33,840271453052,2025-12-29,2.47,-14.78,78,0,6.25,312.18,1028.6,1836.28,1.6,4.74,215.0,0.826,PM2.5-1HR
33,840271713201,2025-12-29,2.38,-13.72,78.08,0.02,6.04,308.95,1027.65,1533.26,1.6,4.74,215.0,0.069,PM2.5-1HR
33,840270031002,2025-12-30,5.44,-8.71,86.17,0.08,1.99,234.12,1021.86,115.75,2.7,6.28,215.0,1.26,PM2.5-1HR
33,840270370470,2025-12-30,4.34,-7.31,87.33,0.06,2.86,248.09,1021.91,1582.24,2.35,5.79,215.0,0.706,PM2.5-1HR
33,840270370480,2025-12-30,4.17,-6.96,88.21,0.06,3.52,247.44,1021.91,702.6,2.35,5.79,215.0,0.038,PM2.5-1HR
33,840270530910,2025-12-30,6.06,-8.3,86.42,0.07,2.15,232.9,1021.9,1269.06,2.73,6.322,215.0,0.428,PM2.5-1HR
33,840270530962,2025-12-30,6.64,-8.02,86.29,0.07,2.16,227.88,1021.93,6112.23,2.73,6.322,215.0,0.012,PM2.5-1HR
33,840270530963,2025-12-30,7.07,-8.02,86.29,0.07,2.16,227.88,1021.93,6185.37,2.73,6.322,215.0,0.582,PM2.5-1HR
33,840270531904,2025-12-30,6.28,-8.02,86.29,0.07,2.16,227.88,1021.93,3919.98,2.73,6.322,215.0,0.223,PM2.5-1HR
33,840271230871,2025-12-30,6.02,-8.68,86.96,0.08,2.22,242.05,1022,2988.33,2.8,6.42,215.0,0.412,PM2.5-1HR
33,840271390505,2025-12-30,4.24,-6.73,86.17,0.06,2.78,244.47,1021.88,2165.19,2.5,6.0,215.0,0.119,PM2.5-1HR
33,840271453052,2025-12-30,3.93,-6.78,86.96,0.07,3.06,234.89,1021.33,1836.28,1.9,5.16,215.0,0.826,PM2.5-1HR
33,840271713201,2025-12-30,4.17,-7.35,86.88,0.06,3.08,243.49,1021.63,1533.26,1.9,5.16,215.0,0.069,PM2.5-1HR
33,840270031002,2025-12-31,3.62,-6.5,83.63,0.06,3.93,322.57,1017.8,115.75,2.2,5.58,215.0,1.26,PM2.5-1HR
33,840270370470,2025-12-31,4.32,-5.35,86,0.11,4.36,316.77,1017.5,1582.24,2.15,5.51,215.0,0.706,PM2.5-1HR
33,840270370480,2025-12-31,3.58,-5.33,86.58,0.1,4.95,317.75,1017.62,702.6,2.15,5.51,215.0,0.038,PM2.5-1HR
33,840270530910,2025-12-31,4.33,-6.03,84.33,0.1,3.83,322.12,1017.68,1269.06,2.65,6.21,215.0,0.428,PM2.5-1HR
33,840270530962,2025-12-31,5.02,-5.76,84.54,0.11,3.85,321.19,1017.63,6112.23,2.65,6.21,215.0,0.012,PM2.5-1HR
33,840270530963,2025-12-31,4.03,-5.76,84.54,0.11,3.85,321.19,1017.63,6185.37,2.65,6.21,215.0,0.582,PM2.5-1HR
33,840270531904,2025-12-31,3.9,-5.76,84.54,0.11,3.85,321.19,1017.63,3919.98,2.65,6.21,215.0,0.223,PM2.5-1HR
33,840271230871,2025-12-31,3.81,-6,85.04,0.1,4.12,322.39,1017.51,2988.33,2.5,6.0,215.0,0.412,PM2.5-1HR
33,840271390505,2025-12-31,3.62,-5.2,84.33,0.1,4.44,318.91,1017.82,2165.19,2.3,5.72,215.0,0.119,PM2.5-1HR
33,840271453052,2025-12-31,3.74,-7.72,83.42,0.06,4.6,329.35,1018.9,1836.28,2.4,5.86,215.0,0.826,PM2.5-1HR
33,840271713201,2025-12-31,3.52,-6.64,84,0.08,4.48,324.34,1018.2,1533.26,2.1,5.44,215.0,0.069,PM2.5-1HR
33,840270031002,2026-01-01,4.01,-13.67,77.96,0.05,1.75,267.78,1019.43,116.16,2.9,6.56,215.0,1.26,PM2.5-1HR
33,840270370470,2026-01-01,4.58,-13.62,80.08,0.06,1.51,263.42,1019.48,1587.68,3.25,7.05,215.0,0.706,PM2.5-1HR
33,840270370480,2026-01-01,4.09,-13.63,80.96,0.05,1.67,265.39,1019.51,704.53,3.25,7.05,215.0,0.038,PM2.5-1HR
33,840270530910,2026-01-01,4.48,-13.65,78.67,0.05,1.55,274.71,1019.44,1285.64,3.13,6.882,215.0,0.428,PM2.5-1HR
33,840270530962,2026-01-01,4.69,-13.34,77.96,0.05,1.58,282.47,1019.42,6156.89,3.13,6.882,215.0,0.012,PM2.5-1HR
33,840270530963,2026-01-01,4.68,-13.34,77.96,0.05,1.58,282.47,1019.42,6218.27,3.13,6.882,215.0,0.582,PM2.5-1HR
33,840270531904,2026-01-01,4.35,-13.34,77.96,0.05,1.58,282.47,1019.42,3960.43,3.13,6.882,215.0,0.223,PM2.5-1HR
33,840271230871,2026-01-01,4.69,-13.73,79,0.05,1.66,283.27,1019.46,3026.06,3,6.7,215.0,0.412,PM2.5-1HR
33,840271390505,2026-01-01,4.02,-12.83,77.58,0.05,1.72,285.14,1019.43,2172.58,3.1,6.84,215.0,0.119,PM2.5-1HR
33,840271453052,2026-01-01,3.74,-14.36,80,0.06,2.02,272.81,1019.61,1841.35,3.1,6.84,215.0,0.826,PM2.5-1HR
33,840271713201,2026-01-01,3.58,-13.75,78.96,0.06,2.09,270.51,1019.5,1551.56,2.8,6.42,215.0,0.069,PM2.5-1HR
33,840270031002,2026-01-02,3.89,-13.46,76.58,0,2.13,304.67,1019.66,116.16,2.5,6.0,215.0,1.26,PM2.5-1HR
33,840270370470,2026-01-02,4.62,-12.68,78,0,1.93,314.44,1019.57,1587.68,3.25,7.05,215.0,0.706,PM2.5-1HR
33,840270370480,2026-01-02,4.48,-12.8,79.42,0,2.05,323.37,1019.63,704.53,3.25,7.05,215.0,0.038,PM2.5-1HR
33,840270530910,2026-01-02,4.81,-13.12,76.54,0,1.93,315.46,1019.65,1285.64,3.78,7.792,215.0,0.428,PM2.5-1HR
33,840270530962,2026-01-02,8.35,-13,76.71,0,1.85,318.83,1019.63,6156.89,3.78,7.792,215.0,0.012,PM2.5-1HR
33,840270530963,2026-01-02,5.09,-13,76.71,0,1.85,318.83,1019.63,6218.27,3.78,7.792,215.0,0.582,PM2.5-1HR
33,840270531904,2026-01-02,4.61,-13,76.71,0,1.85,318.83,1019.63,3960.43,3.78,7.792,215.0,0.223,PM2.5-1HR
33,840271230871,2026-01-02,4.23,-13.1,77.21,0,2.05,315.05,1019.56,3026.06,2.8,6.42,215.0,0.412,PM2.5-1HR
33,840271390505,2026-01-02,3.96,-12.38,77.25,0,1.93,322.33,1019.66,2172.58,2.7,6.28,215.0,0.119,PM2.5-1HR
33,840271453052,2026-01-02,3.64,-14.04,77.88,0,2.21,312,1020.15,1841.35,3,6.7,215.0,0.826,PM2.5-1HR
33,840271713201,2026-01-02,3.74,-13.49,78.04,0,2.41,309.14,1019.87,1551.56,2.7,6.28,215.0,0.069,PM2.5-1HR
33,840270031002,2026-01-03,5.87,-9.12,75.38,0,1.29,270.02,1021.23,116.16,4.8,9.22,215.0,1.26,PM2.5-1HR
33,840270370470,2026-01-03,6.32,-9.03,77.17,0,1.41,263.83,1021.34,1587.68,4.35,8.59,215.0,0.706,PM2.5-1HR
33,840270370480,2026-01-03,6.19,-9.2,78.67,0,1.51,266.58,1021.38,704.53,4.35,8.59,215.0,0.038,PM2.5-1HR
33,840270530910,2026-01-03,6.7,-9,75.63,0,1.12,271.74,1021.25,1285.64,5.53,10.242,215.0,0.428,PM2.5-1HR
33,840270530962,2026-01-03,8.21,-8.83,75.88,0.01,1.1,269.74,1021.25,6156.89,5.53,10.242,215.0,0.012,PM2.5-1HR
33,840270530963,2026-01-03,7.21,-8.83,75.88,0.01,1.1,269.74,1021.25,6218.27,5.53,10.242,215.0,0.582,PM2.5-1HR
33,840270531904,2026-01-03,6.31,-8.83,75.88,0.01,1.1,269.74,1021.25,3960.43,5.53,10.242,215.0,0.223,PM2.5-1HR
33,840271230871,2026-01-03,7.13,-9.2,76.38,0.01,1.16,270.81,1021.28,3026.06,5.4,10.06,215.0,0.412,PM2.5-1HR
33,840271390505,2026-01-03,6.09,-8.55,76.58,0,1.24,268.54,1021.3,2172.58,4.2,8.38,215.0,0.119,PM2.5-1HR
33,840271453052,2026-01-03,4.82,-8.87,78.71,0,1.37,278.05,1021.24,1841.35,3.9,7.96,215.0,0.826,PM2.5-1HR
33,840271713201,2026-01-03,5.11,-8.76,76.96,0,1.5,275.36,1021.24,1551.56,4.2,8.38,215.0,0.069,PM2.5-1HR
33,840270031002,2026-01-04,9.43,-5.65,89.96,0.1,3.09,147.05,1014.43,116.16,8.5,14.4,215.0,1.26,PM2.5-1HR
33,840270370470,2026-01-04,11.26,-4.48,90.25,0.07,3.89,147.68,1014.37,1587.68,9.25,15.45,215.0,0.706,PM2.5-1HR
33,840270370480,2026-01-04,11.39,-4.2,90.13,0.18,4.78,150.53,1014.12,704.53,9.25,15.45,215.0,0.038,PM2.5-1HR
33,840270530910,2026-01-04,11.87,-5.33,89.71,0.21,3.25,149.09,1014.4,1285.64,9.5,15.8,215.0,0.428,PM2.5-1HR
33,840270530962,2026-01-04,11.65,-5.2,89.5,0.1,3.22,145.75,1014.43,6156.89,9.5,15.8,215.0,0.012,PM2.5-1HR
33,840270530963,2026-01-04,12.26,-5.2,89.5,0.1,3.22,145.75,1014.43,6218.27,9.5,15.8,215.0,0.582,PM2.5-1HR
33,840270531904,2026-01-04,11.02,-5.2,89.5,0.1,3.22,145.75,1014.43,3960.43,9.5,15.8,215.0,0.223,PM2.5-1HR
33,840271230871,2026-01-04,10.5,-5.57,89.92,0.09,3.42,141.81,1014.65,3026.06,7.6,13.14,215.0,0.412,PM2.5-1HR
33,840271390505,2026-01-04,10.61,-4.32,88.83,0.06,3.65,144.84,1013.99,2172.58,9,15.1,215.0,0.119,PM2.5-1HR
33,840271453052,2026-01-04,11.65,-6.1,91,0.01,3.05,133.69,1013.58,1841.35,9.8,16.22,215.0,0.826,PM2.5-1HR
33,840271713201,2026-01-04,9.46,-5.42,89.79,0.09,3.41,147.16,1013.92,1551.56,8,13.7,215.0,0.069,PM2.5-1HR
33,840270031002,2026-01-05,17.2,-2.18,92.71,0,1.84,93.16,1008.38,116.16,10.1,16.64,215.0,1.26,PM2.5-1HR
33,840270370470,2026-01-05,18.69,-2.11,94.83,0,2.13,109.97,1008.22,1587.68,13.15,20.91,215.0,0.706,PM2.5-1HR
33,840270370480,2026-01-05,18.07,-2.34,96,0,2.33,114.46,1008.14,704.53,13.15,20.91,215.0,0.038,PM2.5-1HR
33,840270530910,2026-01-05,21.97,-2.08,92.63,0,1.9,95.8,1008.31,1285.64,14.03,22.142,215.0,0.428,PM2.5-1HR
33,840270530962,2026-01-05,19.49,-2.17,93,0,1.9,97.39,1008.3,6156.89,14.03,22.142,215.0,0.012,PM2.5-1HR
33,840270530963,2026-01-05,21.65,-2.17,93,0,1.9,97.39,1008.3,6218.27,14.03,22.142,215.0,0.582,PM2.5-1HR
33,840270531904,2026-01-05,20.39,-2.17,93,0,1.9,97.39,1008.3,3960.43,14.03,22.142,215.0,0.223,PM2.5-1HR
33,840271230871,2026-01-05,19.63,-2.08,92.88,0,1.95,91.29,1008.3,3026.06,13.3,21.12,215.0,0.412,PM2.5-1HR
33,840271390505,2026-01-05,19.27,-2.69,94.88,0,1.81,101.81,1008.21,2172.58,13,20.7,215.0,0.119,PM2.5-1HR
33,840271453052,2026-01-05,17.11,-2.68,95.38,0,1.95,108.76,1008.33,1841.35,12.8,20.42,215.0,0.826,PM2.5-1HR
33,840271713201,2026-01-05,18.03,-2.27,94.08,0,2.11,98.34,1008.34,1551.56,11.9,19.16,215.0,0.069,PM2.5-1HR
33,840270031002,2026-01-06,17.6,-0.6,95.83,0.22,2.45,301.93,1006.56,116.16,9.3,15.52,215.0,1.26,PM2.5-1HR
33,840270370470,2026-01-06,16.79,-0.31,96.88,0.15,2.7,293.68,1006.55,1587.68,6.95,12.23,215.0,0.706,PM2.5-1HR
33,840270370480,2026-01-06,15.57,-0.48,96.83,0.36,3.15,288.81,1006.61,704.53,6.95,12.23,215.0,0.038,PM2.5-1HR
33,840270530910,2026-01-06,18.26,-0.42,95.96,0.45,2.31,298.14,1006.54,1285.64,7.6,13.14,215.0,0.428,PM2.5-1HR
33,840270530962,2026-01-06,17.45,-0.28,95.54,0.37,2.24,299.06,1006.53,6156.89,7.6,13.14,215.0,0.012,PM2.5-1HR
33,840270530963,2026-01-06,17.91,-0.28,95.54,0.37,2.24,299.06,1006.53,6218.27,7.6,13.14,215.0,0.582,PM2.5-1HR
33,840270531904,2026-01-06,16.68,-0.28,95.54,0.37,2.24,299.06,1006.53,3960.43,7.6,13.14,215.0,0.223,PM2.5-1HR
33,840271230871,2026-01-06,16.88,-0.33,96.21,0.25,2.31,298.55,1006.45,3026.06,9.7,16.08,215.0,0.412,PM2.5-1HR
33,840271390505,2026-01-06,16.93,-0.46,95.79,0.14,2.55,302.02,1006.68,2172.58,6.5,11.6,215.0,0.119,PM2.5-1HR
33,840271453052,2026-01-06,16.08,-1.99,95.88,0.04,2.6,302.8,1007.11,1841.35,6.2,11.18,215.0,0.826,PM2.5-1HR
33,840271713201,2026-01-06,15.64,-1.19,95.92,0.14,2.98,307.2,1006.78,1551.56,6.5,11.6,215.0,0.069,PM2.5-1HR
33,840270031002,2026-01-07,10.69,-0.7,93,0,2.67,169.33,1007.25,116.16,7.8,13.42,215.0,1.26,PM2.5-1HR
33,840270370470,2026-01-07,9.97,-0.6,91.42,0,2.99,171.66,1007.2,1587.68,5.7,10.48,215.0,0.706,PM2.5-1HR
33,840270370480,2026-01-07,8.91,-0.31,90.58,0,3.58,177.49,1006.96,704.53,5.7,10.48,215.0,0.038,PM2.5-1HR
33,840270530910,2026-01-07,11.71,-0.75,92.88,0,2.65,162.78,1007.29,1285.64,6.03,10.942,215.0,0.428,PM2.5-1HR
33,840270530962,2026-01-07,10.63,-0.74,92.08,0,2.45,159.44,1007.33,6156.89,6.03,10.942,215.0,0.012,PM2.5-1HR
33,840270530963,2026-01-07,12.07,-0.74,92.08,0,2.45,159.44,1007.33,6218.27,6.03,10.942,215.0,0.582,PM2.5-1HR
33,840270531904,2026-01-07,11.09,-0.74,92.08,0,2.45,159.44,1007.33,3960.43,6.03,10.942,215.0,0.223,PM2.5-1HR
33,840271230871,2026-01-07,11.24,-0.89,93.42,0,2.83,162.65,1007.44,3026.06,6.8,12.02,215.0,0.412,PM2.5-1HR
33,840271390505,2026-01-07,10.57,-1.24,91.92,0,2.15,174.83,1007.07,2172.58,4.5,8.8,215.0,0.119,PM2.5-1HR
33,840271453052,2026-01-07,8.83,-2.37,93.79,0,2.29,159.7,1006.57,1841.35,5.2,9.78,215.0,0.826,PM2.5-1HR
33,840271713201,2026-01-07,9.64,-1.38,93.29,0,2.71,170.91,1006.9,1551.56,5.5,10.2,215.0,0.069,PM2.5-1HR
33,840270031002,2026-01-08,12.59,-0.01,91.42,0.11,3.53,68.28,1004.32,116.16,9.5,15.8,215.0,1.26,PM2.5-1HR
33,840270370470,2026-01-08,12.96,0.15,92.04,0.22,3.5,82.57,1003.71,1587.68,9.15,15.31,215.0,0.706,PM2.5-1HR
33,840270370480,2026-01-08,11.93,0.5,91.21,0.21,3.94,95.92,1003.53,704.53,9.15,15.31,215.0,0.038,PM2.5-1HR
33,840270530910,2026-01-08,15.22,0.02,91.88,0.15,3.57,76.45,1004.11,1285.64,10.28,16.892,215.0,0.428,PM2.5-1HR
33,840270530962,2026-01-08,15.14,-0.02,91.63,0.16,3.51,69.09,1004.03,6156.89,10.28,16.892,215.0,0.012,PM2.5-1HR
33,840270530963,2026-01-08,14.79,-0.02,91.63,0.16,3.51,69.09,1004.03,6218.27,10.28,16.892,215.0,0.582,PM2.5-1HR
33,840270531904,2026-01-08,13.73,-0.02,91.63,0.16,3.51,69.09,1004.03,3960.43,10.28,16.892,215.0,0.223,PM2.5-1HR
33,840271230871,2026-01-08,12.81,0.04,91.71,0.19,3.73,80.33,1003.98,3026.06,10,16.5,215.0,0.412,PM2.5-1HR
33,840271390505,2026-01-08,14.04,-0.49,91.54,0.16,3.19,70.41,1003.88,2172.58,8.5,14.4,215.0,0.119,PM2.5-1HR
33,840271453052,2026-01-08,11.99,-1.83,92.58,0,3.46,43.41,1005,1841.35,3.5,7.4,215.0,0.826,PM2.5-1HR
33,840271713201,2026-01-08,14.15,-0.77,91.25,0.05,3.72,56.33,1004.46,1551.56,6.6,11.74,215.0,0.069,PM2.5-1HR
33,840270031002,2026-01-09,6.81,-1.79,85.08,0,3.2,291.65,1017.13,116.16,3.4,7.26,215.0,1.26,PM2.5-1HR
33,840270370470,2026-01-09,6.63,-1.45,85.25,0,3.49,293.14,1017.13,1587.68,3.8,7.82,215.0,0.706,PM2.5-1HR
33,840270370480,2026-01-09,6.45,-1.68,85.46,0,3.72,293.05,1017.3,704.53,3.8,7.82,215.0,0.038,PM2.5-1HR
33,840270530910,2026-01-09,7.34,-1.75,85.21,0,3.13,293.07,1017.15,1285.64,4.2,8.38,215.0,0.428,PM2.5-1HR
33,840270530962,2026-01-09,7.24,-1.64,84.71,0,3.1,293.17,1017.13,6156.89,4.2,8.38,215.0,0.012,PM2.5-1HR
33,840270530963,2026-01-09,8.01,-1.64,84.71,0,3.1,293.17,1017.13,6218.27,4.2,8.38,215.0,0.582,PM2.5-1HR
33,840270531904,2026-01-09,7.27,-1.64,84.71,0,3.1,293.17,1017.13,3960.43,4.2,8.38,215.0,0.223,PM2.5-1HR
33,840271230871,2026-01-09,7.5,-1.65,85.5,0,3.32,295.95,1016.99,3026.06,3.9,7.96,215.0,0.412,PM2.5-1HR
33,840271390505,2026-01-09,6.39,-1.67,84.46,0,3.26,294.56,1017.43,2172.58,3.5,7.4,215.0,0.119,PM2.5-1HR
33,840271453052,2026-01-09,6.18,-2.91,85.25,0.03,3.66,290.99,1018.01,1841.35,3.6,7.54,215.0,0.826,PM2.5-1HR
33,840271713201,2026-01-09,6.6,-2.28,85.75,0.01,3.87,291.18,1017.55,1551.56,3.3,7.12,215.0,0.069,PM2.5-1HR
33,840270031002,2026-01-10,7.36,-6.46,83.21,0.03,4.94,293.97,1021.17,116.16,4.1,8.24,215.0,1.26,PM2.5-1HR
33,840270370470,2026-01-10,7.38,-6.17,84,0.03,5.27,293.57,1021.49,1587.68,4.25,8.45,215.0,0.706,PM2.5-1HR
33,840270370480,2026-01-10,7.34,-6.42,84.71,0.03,5.89,294.76,1021.78,704.53,4.25,8.45,215.0,0.038,PM2.5-1HR
33,840270530910,2026-01-10,7.9,-6.41,83.38,0.03,4.71,295.55,1021.3,1285.64,5.1,9.64,215.0,0.428,PM2.5-1HR
33,840270530962,2026-01-10,7.9,-6.29,83.08,0.03,4.66,294.77,1021.35,6156.89,5.1,9.64,215.0,0.012,PM2.5-1HR
33,840270530963,2026-01-10,8.19,-6.29,83.08,0.03,4.66,294.77,1021.35,6218.27,5.1,9.64,215.0,0.582,PM2.5-1HR
33,840270531904,2026-01-10,7.2,-6.29,83.08,0.03,4.66,294.77,1021.35,3960.43,5.1,9.64,215.0,0.223,PM2.5-1HR
33,840271230871,2026-01-10,7.62,-6.39,84.29,0.04,4.82,294.25,1021.15,3026.06,4.8,9.22,215.0,0.412,PM2.5-1HR
33,840271390505,2026-01-10,7.89,-6.24,82.79,0.02,5.25,295.3,1021.84,2172.58,4.5,8.8,215.0,0.119,PM2.5-1HR
33,840271453052,2026-01-10,6.19,-7.7,83.5,0.01,5.52,298.21,1022.11,1841.35,4.3,8.52,215.0,0.826,PM2.5-1HR
33,840271713201,2026-01-10,6.94,-7,83.29,0.02,5.79,296.39,1021.7,1551.56,4.2,8.38,215.0,0.069,PM2.5-1HR
33,840270031002,2026-01-14,2.9,-10.2,70.83,0,5.04,335.55,1024.38,116.16,2.6,6.14,215.0,1.26,PM2.5-1HR
33,840270370470,2026-01-14,3.03,-9.13,68.79,0,5.11,331.24,1023.88,1587.68,2.55,6.07,215.0,0.706,PM2.5-1HR
33,840270370480,2026-01-14,3.03,-9.29,71.5,0,5.64,331.64,1024.05,704.53,2.55,6.07,215.0,0.038,PM2.5-1HR
33,840270530910,2026-01-14,3.98,-9.88,69.92,0,4.75,335.66,1024.22,1285.64,3.23,7.022,215.0,0.428,PM2.5-1HR
33,840270530962,2026-01-14,4.11,-9.62,69.08,0,4.66,335.52,1024.13,6156.89,3.23,7.022,215.0,0.012,PM2.5-1HR
33,840270530963,2026-01-14,3.32,-9.62,69.08,0,4.66,335.52,1024.13,6218.27,3.23,7.022,215.0,0.582,PM2.5-1HR
33,840270531904,2026-01-14,3.27,-9.62,69.08,0,4.66,335.52,1024.13,3960.43,3.23,7.022,215.0,0.223,PM2.5-1HR
33,840271230871,2026-01-14,2.87,-10.01,70.25,0,5.08,335.13,1023.96,3026.06,2.7,6.28,215.0,0.412,PM2.5-1HR
33,840271390505,2026-01-14,3.02,-9.24,71.25,0,5.09,333.99,1024.43,2172.58,2.7,6.28,215.0,0.119,PM2.5-1HR
33,840271453052,2026-01-14,3.82,-11.5,77.54,0,4.84,330.69,1026.09,1841.35,2.9,6.56,215.0,0.826,PM2.5-1HR
33,840271713201,2026-01-14,3.8,-10.48,74.63,0,5.52,330.19,1025.08,1551.56,3.2,6.98,215.0,0.069,PM2.5-1HR
33,840270031002,2026-01-15,4.03,-8.57,79.63,0.01,3.07,205.13,1010.83,116.16,2.9,6.56,215.0,1.26,PM2.5-1HR
33,840270370470,2026-01-15,3.29,-7.63,78,0.02,3.49,213.11,1011.28,1587.68,2.55,6.07,215.0,0.706,PM2.5-1HR
33,840270370480,2026-01-15,3.45,-7.66,79.29,0.03,4.02,212.32,1011.28,704.53,2.55,6.07,215.0,0.038,PM2.5-1HR
33,840270530910,2026-01-15,5.46,-8.29,78.58,0.01,2.92,204.14,1011.02,1285.64,3.25,7.05,215.0,0.428,PM2.5-1HR
33,840270530962,2026-01-15,3.9,-8.06,77.96,0.01,2.79,205.34,1011.11,6156.89,3.25,7.05,215.0,0.012,PM2.5-1HR
33,840270530963,2026-01-15,3.89,-8.06,77.96,0.01,2.79,205.34,1011.11,6218.27,3.25,7.05,215.0,0.582,PM2.5-1HR
33,840270531904,2026-01-15,4.01,-8.06,77.96,0.01,2.79,205.34,1011.11,3960.43,3.25,7.05,215.0,0.223,PM2.5-1HR
33,840271230871,2026-01-15,4.33,-8.59,79.08,0.02,2.9,206.13,1011.22,3026.06,3,6.7,215.0,0.412,PM2.5-1HR
33,840271390505,2026-01-15,3.48,-7.4,78,0.01,3.24,209.84,1011.09,2172.58,2.6,6.14,215.0,0.119,PM2.5-1HR
33,840271453052,2026-01-15,3.76,-8.15,84.25,0,3.32,212.28,1009.91,1841.35,2.6,6.14,215.0,0.826,PM2.5-1HR
33,840271713201,2026-01-15,3.71,-8.29,82,0,3.74,214.12,1010.47,1551.56,2.4,5.86,215.0,0.069,PM2.5-1HR
33,840270031002,2026-01-16,3.38,-5.94,84.83,0.1,5.11,292.26,1002.9,116.16,2.4,5.86,215.0,1.26,PM2.5-1HR
33,840270370470,2026-01-16,3.37,-5.76,83.83,0.1,5.57,290.92,1003.37,1587.68,1.2,4.18,215.0,0.706,PM2.5-1HR
33,840270370480,2026-01-16,3.05,-6.03,83.83,0.11,6.42,292.35,1003.74,704.53,1.2,4.18,215.0,0.038,PM2.5-1HR
33,840270530910,2026-01-16,3.68,-5.89,84.17,0.1,4.98,294.12,1003.06,1285.64,1.85,5.09,215.0,0.428,PM2.5-1HR
33,840270530962,2026-01-16,3.45,-5.77,83.67,0.1,4.92,293.17,1003.16,6156.89,1.85,5.09,215.0,0.012,PM2.5-1HR
33,840270530963,2026-01-16,3.48,-5.77,83.67,0.1,4.92,293.17,1003.16,6218.27,1.85,5.09,215.0,0.582,PM2.5-1HR
33,840270531904,2026-01-16,3.53,-5.77,83.67,0.1,4.92,293.17,1003.16,3960.43,1.85,5.09,215.0,0.223,PM2.5-1HR
33,840271230871,2026-01-16,3.55,-5.78,85.29,0.08,4.96,289.88,1002.89,3026.06,2.2,5.58,215.0,0.412,PM2.5-1HR
33,840271390505,2026-01-16,3.36,-5.88,82.17,0.1,5.89,294.35,1003.8,2172.58,1.4,4.46,215.0,0.119,PM2.5-1HR
33,840271453052,2026-01-16,3.02,-7.32,83,0.06,6.45,301.21,1004.29,1841.35,1.3,4.32,215.0,0.826,PM2.5-1HR
33,840271713201,2026-01-16,3.08,-6.53,83.67,0.09,6.51,298.53,1003.6,1551.56,1.2,4.18,215.0,0.069,PM2.5-1HR
33,840270031002,2026-01-17,2.62,-14.04,76.46,0.02,4.87,306.62,1019.63,116.16,1.7,4.88,215.0,1.26,PM2.5-1HR
33,840270370470,2026-01-17,3.02,-14.2,77.29,0.03,5.07,300.79,1019.81,1587.68,2.2,5.58,215.0,0.706,PM2.5-1HR
33,840270370480,2026-01-17,2.92,-14.63,77.88,0.04,5.78,302.44,1020.2,704.53,2.2,5.58,215.0,0.038,PM2.5-1HR
33,840270530910,2026-01-17,3.05,-14.14,76.75,0.02,4.59,306.3,1019.7,1285.64,2.25,5.65,215.0,0.428,PM2.5-1HR
33,840270530962,2026-01-17,3.39,-14.03,76.58,0.02,4.5,304.23,1019.73,6156.89,2.25,5.65,215.0,0.012,PM2.5-1HR
33,840270530963,2026-01-17,3.01,-14.03,76.58,0.02,4.5,304.23,1019.73,6218.27,2.25,5.65,215.0,0.582,PM2.5-1HR
33,840270531904,2026-01-17,3.08,-14.03,76.58,0.02,4.5,304.23,1019.73,3960.43,2.25,5.65,215.0,0.223,PM2.5-1HR
33,840271230871,2026-01-17,2.73,-13.94,77.83,0.02,4.67,303.95,1019.42,3026.06,1.8,5.02,215.0,0.412,PM2.5-1HR
33,840271390505,2026-01-17,2.93,-14.39,75.92,0.02,5.14,303.94,1020.39,2172.58,2.2,5.58,215.0,0.119,PM2.5-1HR
33,840271453052,2026-01-17,2.62,-16.22,75.79,0.01,5.68,312.25,1021.33,1841.35,1.9,5.16,215.0,0.826,PM2.5-1HR
33,840271713201,2026-01-17,2.82,-15.1,76.08,0.01,5.77,309.67,1020.5,1551.56,2,5.3,215.0,0.069,PM2.5-1HR
33,840270031002,2026-01-18,3.86,-17.1,76.42,0.08,3.69,244.53,1017.2,116.16,3.2,6.98,215.0,1.26,PM2.5-1HR
33,840270370470,2026-01-18,3.92,-16.42,77.04,0.08,3.94,248.82,1017.31,1587.68,3.2,6.98,215.0,0.706,PM2.5-1HR
33,840270370480,2026-01-18,3.72,-16.41,77.79,0.08,4.69,250.89,1017.45,704.53,3.2,6.98,215.0,0.038,PM2.5-1HR
33,840270530910,2026-01-18,4.36,-16.97,76.58,0.08,3.62,241.67,1017.26,1285.64,3.38,7.232,215.0,0.428,PM2.5-1HR
33,840270530962,2026-01-18,4.16,-16.73,76.17,0.08,3.55,242,1017.29,6156.89,3.38,7.232,215.0,0.012,PM2.5-1HR
33,840270530963,2026-01-18,4.1,-16.73,76.17,0.08,3.55,242,1017.29,6218.27,3.38,7.232,215.0,0.582,PM2.5-1HR
33,840270531904,2026-01-18,4.32,-16.73,76.17,0.08,3.55,242,1017.29,3960.43,3.38,7.232,215.0,0.223,PM2.5-1HR
33,840271230871,2026-01-18,4.32,-17.01,77.29,0.08,3.53,241.04,1017.2,3026.06,3.1,6.84,215.0,0.412,PM2.5-1HR
33,840271390505,2026-01-18,3.83,-16.16,75.79,0.08,4.04,250.73,1017.5,2172.58,3.2,6.98,215.0,0.119,PM2.5-1HR
33,840271453052,2026-01-18,3.26,-17.85,76.54,0.07,4.65,257.78,1017.81,1841.35,2.5,6.0,215.0,0.826,PM2.5-1HR
33,840271713201,2026-01-18,3.91,-17.23,76.58,0.08,4.62,250.29,1017.49,1551.56,3.2,6.98,215.0,0.069,PM2.5-1HR
33,840270031002,2026-01-19,2.59,-21.13,69.96,0,4.53,288.63,1028.35,116.16,1.7,4.88,215.0,1.26,PM2.5-1HR
33,840270370470,2026-01-19,2.7,-20.27,69.33,0,4.71,289.88,1028.59,1587.68,1.55,4.67,215.0,0.706,PM2.5-1HR
33,840270370480,2026-01-19,2.67,-20.38,70.67,0,5.1,289.75,1028.8,704.53,1.55,4.67,215.0,0.038,PM2.5-1HR
33,840270530910,2026-01-19,3.03,-20.83,69.17,0,4.26,291.43,1028.44,1285.64,2.03,5.342,215.0,0.428,PM2.5-1HR
33,840270530962,2026-01-19,3.67,-20.59,68.75,0,4.16,291.6,1028.48,6156.89,2.03,5.342,215.0,0.012,PM2.5-1HR
33,840270530963,2026-01-19,2.8,-20.59,68.75,0,4.16,291.6,1028.48,6218.27,2.03,5.342,215.0,0.582,PM2.5-1HR
33,840270531904,2026-01-19,2.75,-20.59,68.75,0,4.16,291.6,1028.48,3960.43,2.03,5.342,215.0,0.223,PM2.5-1HR
33,840271230871,2026-01-19,2.12,-20.93,69.5,0,4.39,291.55,1028.33,3026.06,0.5,3.2,215.0,0.412,PM2.5-1HR
33,840271390505,2026-01-19,2.63,-19.99,68.92,0,4.55,290.27,1028.83,2172.58,1.7,4.88,215.0,0.119,PM2.5-1HR
33,840271453052,2026-01-19,2.33,-21.43,72.17,0,4.61,289.52,1028.83,1841.35,1.2,4.18,215.0,0.826,PM2.5-1HR
33,840271713201,2026-01-19,2.52,-21.13,71.25,0,5.03,288.89,1028.63,1551.56,1.6,4.74,215.0,0.069,PM2.5-1HR
33,840270031002,2026-01-20,6.12,-16.76,76.33,0,2.31,220.51,1025.18,116.16,4.1,8.24,215.0,1.26,PM2.5-1HR
33,840270370470,2026-01-20,4.42,-15.59,77.5,0.01,2.63,221.91,1025.4,1587.68,2.75,6.35,215.0,0.706,PM2.5-1HR
33,840270370480,2026-01-20,4.64,-15.64,78.63,0.03,2.91,218.56,1025.38,704.53,2.75,6.35,215.0,0.038,PM2.5-1HR
33,840270530910,2026-01-20,5.66,-16.46,76.71,0.02,2.1,215.39,1025.28,1285.64,2.65,6.21,215.0,0.428,PM2.5-1HR
33,840270530962,2026-01-20,4.91,-15.99,76.13,0.02,2.1,216.52,1025.32,6156.89,2.65,6.21,215.0,0.012,PM2.5-1HR
33,840270530963,2026-01-20,5.04,-15.99,76.13,0.02,2.1,216.52,1025.32,6218.27,2.65,6.21,215.0,0.582,PM2.5-1HR
33,840270531904,2026-01-20,5.34,-15.99,76.13,0.02,2.1,216.52,1025.32,3960.43,2.65,6.21,215.0,0.223,PM2.5-1HR
33,840271230871,2026-01-20,5.75,-16.43,77.08,0.02,2.22,220.05,1025.38,3026.06,3.9,7.96,215.0,0.412,PM2.5-1HR
33,840271390505,2026-01-20,4.91,-15.53,76,0.03,2.25,218.22,1025.28,2172.58,2.9,6.56,215.0,0.119,PM2.5-1HR
33,840271453052,2026-01-20,4.9,-17.34,78.67,0.02,2.48,225.45,1024.68,1841.35,2.8,6.42,215.0,0.826,PM2.5-1HR
33,840271713201,2026-01-20,4.74,-16.95,77.17,0.01,2.65,222.26,1024.98,1551.56,2.7,6.28,215.0,0.069,PM2.5-1HR
33,840270031002,2026-01-21,5.96,-9.36,81.21,0.08,4.27,258.07,1014.8,116.16,3,6.7,215.0,1.26,PM2.5-1HR
33,840270370470,2026-01-21,5.83,-8.78,81.21,0.08,4.57,263.01,1015.2,1587.68,3.2,6.98,215.0,0.706,PM2.5-1HR
33,840270370480,2026-01-21,5.51,-8.84,82.38,0.08,5.01,263.25,1015.38,704.53,3.2,6.98,215.0,0.038,PM2.5-1HR
33,840270530910,2026-01-21,6.51,-9.23,80.83,0.07,4.07,258.53,1014.98,1285.64,3.68,7.652,215.0,0.428,PM2.5-1HR
33,840270530962,2026-01-21,6.27,-9.11,80.67,0.08,4.02,259.07,1015.04,6156.89,3.68,7.652,215.0,0.012,PM2.5-1HR
33,840270530963,2026-01-21,6.36,-9.11,80.67,0.08,4.02,259.07,1015.04,6218.27,3.68,7.652,215.0,0.582,PM2.5-1HR
33,840270531904,2026-01-21,6.48,-9.11,80.67,0.08,4.02,259.07,1015.04,3960.43,3.68,7.652,215.0,0.223,PM2.5-1HR
33,840271230871,2026-01-21,6.36,-9.31,81.54,0.07,4.16,258.87,1014.94,3026.06,3.7,7.68,215.0,0.412,PM2.5-1HR
33,840271390505,2026-01-21,5.85,-8.77,80.54,0.06,4.6,262.74,1015.34,2172.58,3.3,7.12,215.0,0.119,PM2.5-1HR
33,840271453052,2026-01-21,5.45,-10.17,80.63,0.05,4.56,267.76,1015.01,1841.35,3.1,6.84,215.0,0.826,PM2.5-1HR
33,840271713201,2026-01-21,5.57,-9.76,81.21,0.06,4.94,262.15,1015,1551.56,3,6.7,215.0,0.069,PM2.5-1HR
33,840270031002,2026-01-22,4.59,-19,64.67,0.03,5.55,291.63,1027.38,116.16,3,6.7,215.0,1.26,PM2.5-1HR
33,840270370470,2026-01-22,4.54,-18.32,64.63,0,6.06,288.97,1027.7,1587.68,3.2,6.98,215.0,0.706,PM2.5-1HR
33,840270370480,2026-01-22,4.42,-18.48,65.71,0,6.67,290.01,1028,704.53,3.2,6.98,215.0,0.038,PM2.5-1HR
33,840270530910,2026-01-22,5.17,-18.7,65.04,0.02,5.29,289.91,1027.49,1285.64,3.35,7.19,215.0,0.428,PM2.5-1HR
33,840270530962,2026-01-22,5.55,-18.49,64.25,0.01,5.35,288.37,1027.54,6156.89,3.35,7.19,215.0,0.012,PM2.5-1HR
33,840270530963,2026-01-22,5.03,-18.49,64.25,0.01,5.35,288.37,1027.54,6218.27,3.35,7.19,215.0,0.582,PM2.5-1HR
33,840270531904,2026-01-22,4.82,-18.49,64.25,0.01,5.35,288.37,1027.54,3960.43,3.35,7.19,215.0,0.223,PM2.5-1HR
33,840271230871,2026-01-22,4.49,-18.58,65.71,0.02,5.43,288,1027.3,3026.06,3.2,6.98,215.0,0.412,PM2.5-1HR
33,840271390505,2026-01-22,4.5,-18.3,63.96,0,6.02,290.63,1028.11,2172.58,3.3,7.12,215.0,0.119,PM2.5-1HR
33,840271453052,2026-01-22,4.25,-20.65,65.54,0,5.96,295.94,1028.42,1841.35,2.9,6.56,215.0,0.826,PM2.5-1HR
33,840271713201,2026-01-22,4.74,-19.63,66.04,0.02,6.09,292.65,1027.95,1551.56,3.3,7.12,215.0,0.069,PM2.5-1HR
33,840270031002,2026-01-23,6.92,-28.1,60.79,0,3.04,286.94,1045.92,116.16,5.9,10.76,215.0,1.26,PM2.5-1HR
33,840270370470,2026-01-23,6.79,-27.48,60.67,0,3.15,294.6,1046.07,1587.68,4.95,9.43,215.0,0.706,PM2.5-1HR
33,840270370480,2026-01-23,6.56,-27.58,62.29,0,3.38,298.02,1046.18,704.53,4.95,9.43,215.0,0.038,PM2.5-1HR
33,840270530910,2026-01-23,7.73,-28.16,60.79,0,2.89,292.69,1046,1285.64,6.28,11.292,215.0,0.428,PM2.5-1HR
33,840270530962,2026-01-23,7.73,-27.93,60.38,0,2.87,293.07,1046.04,6156.89,6.28,11.292,215.0,0.012,PM2.5-1HR
33,840270530963,2026-01-23,6.91,-27.93,60.38,0,2.87,293.07,1046.04,6218.27,6.28,11.292,215.0,0.582,PM2.5-1HR
33,840270531904,2026-01-23,6.64,-27.93,60.38,0,2.87,293.07,1046.04,3960.43,6.28,11.292,215.0,0.223,PM2.5-1HR
33,840271230871,2026-01-23,5.87,-28.24,60.75,0,2.92,293.95,1045.93,3026.06,4.2,8.38,215.0,0.412,PM2.5-1HR
33,840271390505,2026-01-23,5.94,-27.13,60.67,0,3.06,297.94,1046.25,2172.58,3.9,7.96,215.0,0.119,PM2.5-1HR
33,840271453052,2026-01-23,5.22,-28.52,64.21,0,3.14,292.55,1046.08,1841.35,3.9,7.96,215.0,0.826,PM2.5-1HR
33,840271713201,2026-01-23,6.3,-28.23,62.67,0,3.23,289.66,1046.08,1551.56,5.4,10.06,215.0,0.069,PM2.5-1HR
33,840270031002,2026-01-24,10.58,-25.65,70.38,0,1.53,173.14,1040.86,116.16,6.5,11.6,215.0,1.26,PM2.5-1HR
33,840270370470,2026-01-24,7.17,-24.43,70.17,0,1.62,189.83,1040.8,1587.68,5.15,9.71,215.0,0.706,PM2.5-1HR
33,840270370480,2026-01-24,7.68,-24.59,72.25,0,1.92,183.41,1040.73,704.53,5.15,9.71,215.0,0.038,PM2.5-1HR
33,840270530910,2026-01-24,8.29,-25.45,70.38,0,1.47,159.39,1040.86,1285.64,6,10.9,215.0,0.428,PM2.5-1HR
33,840270530962,2026-01-24,7.46,-25.25,69.96,0,1.35,158.25,1040.86,6156.89,6,10.9,215.0,0.012,PM2.5-1HR
33,840270530963,2026-01-24,7.27,-25.25,69.96,0,1.35,158.25,1040.86,6218.27,6,10.9,215.0,0.582,PM2.5-1HR
33,840270531904,2026-01-24,7.6,-25.25,69.96,0,1.35,158.25,1040.86,3960.43,6,10.9,215.0,0.223,PM2.5-1HR
33,840271230871,2026-01-24,6.81,-25.86,71.75,0,1.42,163.35,1040.94,3026.06,5.5,10.2,215.0,0.412,PM2.5-1HR
33,840271390505,2026-01-24,7.68,-24.3,70.38,0,1.51,167.89,1040.72,2172.58,4.9,9.36,215.0,0.119,PM2.5-1HR
33,840271453052,2026-01-24,6.44,-25.94,73.88,0,1.73,159.13,1040.38,1841.35,4.9,9.36,215.0,0.826,PM2.5-1HR
33,840271713201,2026-01-24,8.21,-25.77,72.17,0,1.76,169.32,1040.65,1551.56,5,9.5,215.0,0.069,PM2.5-1HR
33,840270031002,2026-01-25,8.98,-22.86,72.28,0,1.62,347.56,1032.89,116.16,6,10.9,215.0,1.26,PM2.5-1HR
33,840270370470,2026-01-25,8.52,-21.22,71.71,0,1.96,2.61,1032.46,1587.68,6.25,11.25,215.0,0.706,PM2.5-1HR
33,840270370480,2026-01-25,8.45,-21.86,72.56,0,1.71,3.43,1032.56,704.53,6.25,11.25,215.0,0.038,PM2.5-1HR
33,840270530910,2026-01-25,10.55,-22.35,72.71,0,1.88,356.06,1032.62,1285.64,6.93,12.202,215.0,0.428,PM2.5-1HR
33,840270530962,2026-01-25,11.52,-22.79,72.11,0,1.82,3.92,1032.82,6156.89,6.93,12.202,215.0,0.012,PM2.5-1HR
33,840270530963,2026-01-25,9.26,-22.18,72.13,0,1.83,4.35,1032.61,6218.27,6.93,12.202,215.0,0.582,PM2.5-1HR
33,840270531904,2026-01-25,8.82,-22.18,72.13,0,1.83,4.35,1032.61,3960.43,6.93,12.202,215.0,0.223,PM2.5-1HR
33,840271230871,2026-01-25,6.75,-22.51,72.79,0,2.08,0.51,1032.54,3026.06,4.5,8.8,215.0,0.412,PM2.5-1HR
33,840271390505,2026-01-25,8.97,-20.95,72.13,0,1.93,8.94,1032.63,2172.58,6.2,11.18,215.0,0.119,PM2.5-1HR
33,840271453052,2026-01-25,8.8,-23.03,75.08,0,2.22,357.94,1033.14,1841.35,3.8,7.82,215.0,0.826,PM2.5-1HR
33,840271713201,2026-01-25,9.51,-22.73,74.79,0,2.29,350.18,1032.83,1551.56,6.3,11.32,215.0,0.069,PM2.5-1HR
33,840270370470,2026-01-26,5.5,-18.03,70.58,0,4.58,244.58,1023.24,1587.68,3.65,7.61,215.0,0.706,PM2.5-1HR
33,840270530910,2026-01-26,7.88,-18.86,70.29,0,4.02,240.84,1022.89,1285.64,4.83,9.262,215.0,0.428,PM2.5-1HR
33,840270530963,2026-01-26,6.2,-18.57,69.75,0,3.93,241.28,1023,6218.27,4.83,9.262,215.0,0.582,PM2.5-1HR
33,840270531904,2026-01-26,6.48,-18.57,69.75,0,3.93,241.28,1023,3960.43,4.83,9.262,215.0,0.223,PM2.5-1HR
33,840271230871,2026-01-26,5.4,-18.85,70.88,0,4.21,243.67,1023.01,3026.06,3.1,6.84,215.0,0.412,PM2.5-1HR
33,840271390505,2026-01-26,4.96,-17.85,69.38,0,4.4,243.93,1023.19,2172.58,3.6,7.54,215.0,0.119,PM2.5-1HR
33,840271453052,2026-01-26,4.76,-19.54,72.83,0,4.34,246.12,1022.15,1841.35,3.1,6.84,215.0,0.826,PM2.5-1HR
33,840271713201,2026-01-26,5.41,-19.16,72.21,0,4.82,246.22,1022.55,1551.56,4.4,8.66,215.0,0.069,PM2.5-1HR
33,840270370470,2026-01-27,4.26,-15.8,68.17,0,5.34,296.68,1026.29,1587.68,3.2,6.98,215.0,0.706,PM2.5-1HR
33,840270530910,2026-01-27,5.36,-16.47,68.79,0,4.76,296.27,1026.15,1285.64,3.88,7.932,215.0,0.428,PM2.5-1HR
33,840270530963,2026-01-27,4.43,-16.25,68.46,0,4.71,296.43,1026.2,6218.27,3.88,7.932,215.0,0.582,PM2.5-1HR
33,840270531904,2026-01-27,4.57,-16.25,68.46,0,4.71,296.43,1026.2,3960.43,3.88,7.932,215.0,0.223,PM2.5-1HR
33,840271230871,2026-01-27,4.13,-16.48,69.04,0,4.97,295.92,1026.01,3026.06,3.3,7.12,215.0,0.412,PM2.5-1HR
33,840271390505,2026-01-27,4.08,-15.57,67.96,0,5.19,297.78,1026.62,2172.58,3.2,6.98,215.0,0.119,PM2.5-1HR
33,840271453052,2026-01-27,3.85,-17.21,72.29,0,5.49,298.78,1026.78,1841.35,3,6.7,215.0,0.826,PM2.5-1HR
33,840271713201,2026-01-27,3.99,-16.75,71.04,0,5.6,296.11,1026.46,1551.56,3.2,6.98,215.0,0.069,PM2.5-1HR
33,840270370470,2026-01-28,4.41,-17.69,72.79,0,3.18,303.33,1028.88,1587.68,3.45,7.33,215.0,0.706,PM2.5-1HR
33,840270530910,2026-01-28,5.92,-18.95,73.42,0,2.87,308.23,1028.94,1285.64,3.68,7.652,215.0,0.428,PM2.5-1HR
33,840270530963,2026-01-28,4.49,-18.6,72.75,0,2.83,308.44,1028.94,6218.27,3.68,7.652,215.0,0.582,PM2.5-1HR
33,840270531904,2026-01-28,5.15,-18.6,72.75,0,2.83,308.44,1028.94,3960.43,3.68,7.652,215.0,0.223,PM2.5-1HR
33,840271230871,2026-01-28,4.18,-18.96,73.83,0,2.99,307.77,1028.84,3026.06,3.4,7.26,215.0,0.412,PM2.5-1HR
33,840271390505,2026-01-28,3.95,-17.29,72.08,0,3.04,308.42,1029.08,2172.58,2.9,6.56,215.0,0.119,PM2.5-1HR
33,840271453052,2026-01-28,3.4,-19.43,74.25,0,3.42,309.99,1029.5,1841.35,2.9,6.56,215.0,0.826,PM2.5-1HR
33,840271713201,2026-01-28,4.28,-18.93,74.08,0,3.57,306.87,1029.18,1551.56,3.1,6.84,215.0,0.069,PM2.5-1HR
33,840270370470,2026-01-29,5.38,-17.91,74.25,0,2.2,320.04,1032.66,1587.68,3.55,7.47,215.0,0.706,PM2.5-1HR
33,840270530910,2026-01-29,7.49,-19.34,75.88,0,2.08,322.09,1032.87,1285.64,3.75,7.75,215.0,0.428,PM2.5-1HR
33,840270530963,2026-01-29,5.41,-18.91,74.92,0,2.07,324.77,1032.82,6218.27,3.75,7.75,215.0,0.582,PM2.5-1HR
33,840270531904,2026-01-29,6.41,-18.91,74.92,0,2.07,324.77,1032.82,3960.43,3.75,7.75,215.0,0.223,PM2.5-1HR
33,840271230871,2026-01-29,5.17,-19.17,76.13,0,2.18,322.61,1032.75,3026.06,3.2,6.98,215.0,0.412,PM2.5-1HR
33,840271390505,2026-01-29,4.91,-17.42,73.54,0,2.24,327.98,1032.8,2172.58,3.5,7.4,215.0,0.119,PM2.5-1HR
33,840271453052,2026-01-29,4.9,-19.92,76.88,0,2.39,325.53,1033.48,1841.35,2.6,6.14,215.0,0.826,PM2.5-1HR
33,840271713201,2026-01-29,4.81,-19.4,76.17,0,2.6,321.21,1033.14,1551.56,2.7,6.28,215.0,0.069,PM2.5-1HR
33,840270370470,2026-01-30,3.86,-16.99,72.08,0,2.82,339.48,1039.46,1587.68,2.75,6.35,215.0,0.706,PM2.5-1HR
33,840270530910,2026-01-30,5.73,-17.67,72.67,0,2.7,343.42,1039.74,1285.64,3.05,6.77,215.0,0.428,PM2.5-1HR
33,840270530963,2026-01-30,3.88,-17.49,72.33,0,2.69,343.61,1039.67,6218.27,3.05,6.77,215.0,0.582,PM2.5-1HR
33,840270531904,2026-01-30,4.43,-17.49,72.33,0,2.69,343.61,1039.67,3960.43,3.05,6.77,215.0,0.223,PM2.5-1HR
33,840271230871,2026-01-30,3.09,-17.53,73.79,0,2.9,344.09,1039.54,3026.06,2.4,5.86,215.0,0.412,PM2.5-1HR
33,840271390505,2026-01-30,3.21,-16.78,71.42,0,2.94,346.19,1039.75,2172.58,2.5,6.0,215.0,0.119,PM2.5-1HR
33,840271453052,2026-01-30,3.69,-18.77,75.13,0,2.81,344.09,1040.84,1841.35,2.7,6.28,215.0,0.826,PM2.5-1HR
33,840271713201,2026-01-30,3.2,-18.05,72.79,0,3.1,344.3,1040.24,1551.56,2.5,6.0,215.0,0.069,PM2.5-1HR
33,840270370470,2026-01-31,5.59,-12.98,68.71,0.01,3.05,228.48,1034.74,1587.68,4,8.1,215.0,0.706,PM2.5-1HR
33,840270530910,2026-01-31,7.17,-13.76,70.33,0.01,2.75,212.01,1034.6,1285.64,4.15,8.31,215.0,0.428,PM2.5-1HR
33,840270530963,2026-01-31,5.4,-13.56,69.58,0.01,2.63,213.12,1034.67,6218.27,4.15,8.31,215.0,0.582,PM2.5-1HR
33,840270531904,2026-01-31,6.24,-13.56,69.58,0.01,2.63,213.12,1034.67,3960.43,4.15,8.31,215.0,0.223,PM2.5-1HR
33,840271230871,2026-01-31,5.5,-13.88,71,0.01,2.77,218.07,1034.75,3026.06,4.3,8.52,215.0,0.412,PM2.5-1HR
33,840271390505,2026-01-31,5.23,-12.6,68.42,0.01,3.02,223.22,1034.6,2172.58,3.5,7.4,215.0,0.119,PM2.5-1HR
33,840271453052,2026-01-31,5.47,-14.07,75.13,0.07,3.26,205.19,1033.77,1841.35,3.5,7.4,215.0,0.826,PM2.5-1HR
33,840271713201,2026-01-31,4.88,-13.9,73.21,0.03,3.54,221.67,1034.25,1551.56,3.5,7.4,215.0,0.069,PM2.5-1HR
33,840270370470,2026-02-01,6.15,-6.88,82.92,0.16,4.56,224.69,1020.58,1587.68,3.55,7.47,215.0,0.706,PM2.5-1HR
33,840270530910,2026-02-01,6.27,-7.18,82.79,0.15,4.15,216.73,1020.35,1285.64,3.48,7.372,215.0,0.428,PM2.5-1HR
33,840270530963,2026-02-01,5.83,-7.07,82.5,0.15,3.98,217.38,1020.45,6218.27,3.48,7.372,215.0,0.582,PM2.5-1HR
33,840270531904,2026-02-01,6.05,-7.07,82.5,0.15,3.98,217.38,1020.45,3960.43,3.48,7.372,215.0,0.223,PM2.5-1HR
33,840271230871,2026-02-01,5.66,-7.32,83.17,0.16,4.12,212.61,1020.5,3026.06,3.7,7.68,215.0,0.412,PM2.5-1HR
33,840271390505,2026-02-01,5.43,-6.6,82.13,0.16,4.57,231.72,1020.48,2172.58,3.1,6.84,215.0,0.119,PM2.5-1HR
33,840271453052,2026-02-01,4.79,-7.35,82.67,0.1,4.79,251.07,1019.83,1841.35,3.5,7.4,215.0,0.826,PM2.5-1HR
33,840271713201,2026-02-01,4.91,-7.19,82.92,0.13,5.18,234.87,1020.04,1551.56,3.3,7.12,215.0,0.069,PM2.5-1HR
33,840270031002,2026-02-02,5.23,-10.07,79.83,0,2.4,306.69,1025.72,116.16,4,8.1,215.0,1.26,PM2.5-1HR
33,840270370470,2026-02-02,5.49,-9.29,79,0,2.72,304.85,1023.93,1587.68,4.05,8.17,215.0,0.706,PM2.5-1HR
33,840270370480,2026-02-02,4.79,-9.13,81.17,0,2.5,311.12,1025.52,704.53,4.05,8.17,215.0,0.038,PM2.5-1HR
33,840270530910,2026-02-02,5.69,-9.51,78.46,0,2.54,308.23,1023.91,1285.64,4.23,8.422,215.0,0.428,PM2.5-1HR
33,840270530962,2026-02-02,6.31,-9.92,79.17,0,2.19,296.91,1025.57,6156.89,4.23,8.422,215.0,0.012,PM2.5-1HR
33,840270530963,2026-02-02,5.24,-9.37,77.92,0,2.48,307.84,1023.91,6218.27,4.23,8.422,215.0,0.582,PM2.5-1HR
33,840270531904,2026-02-02,5.52,-9.37,77.92,0,2.48,307.84,1023.91,3960.43,4.23,8.422,215.0,0.223,PM2.5-1HR
33,840271230871,2026-02-02,5.26,-9.42,78.83,0,2.6,305.18,1023.8,3026.06,4.3,8.52,215.0,0.412,PM2.5-1HR
33,840271390505,2026-02-02,4.69,-9.14,78.04,0,2.72,309.05,1024.15,2172.58,3.8,7.82,215.0,0.119,PM2.5-1HR
33,840271453052,2026-02-02,5.38,-11.37,79.58,0,2.69,320.14,1024.7,1841.35,3.6,7.54,215.0,0.826,PM2.5-1HR
33,840271713201,2026-02-02,5.05,-10.19,79.42,0,3.08,310.72,1024.28,1551.56,3.5,7.4,215.0,0.069,PM2.5-1HR
33,840270031002,2026-02-03,6.46,-15.11,76.92,0,1.47,325.95,1030.37,116.16,4.7,9.08,215.0,1.26,PM2.5-1HR
33,840270370470,2026-02-03,6.99,-13.99,78,0,1.37,339.34,1030.09,1587.68,5.35,9.99,215.0,0.706,PM2.5-1HR
33,840270370480,2026-02-03,7.42,-13.81,79.08,0,1.44,352.91,1030.08,704.53,5.35,9.99,215.0,0.038,PM2.5-1HR
33,840270530910,2026-02-03,8.37,-14.9,77.92,0,1.44,342.4,1030.31,1285.64,5.78,10.592,215.0,0.428,PM2.5-1HR
33,840270530962,2026-02-03,12.43,-14.66,77.79,0,1.42,347.29,1030.27,6156.89,5.78,10.592,215.0,0.012,PM2.5-1HR
33,840270530963,2026-02-03,7.01,-14.66,77.79,0,1.42,347.29,1030.27,6218.27,5.78,10.592,215.0,0.582,PM2.5-1HR
33,840270531904,2026-02-03,7.38,-14.66,77.79,0,1.42,347.29,1030.27,3960.43,5.78,10.592,215.0,0.223,PM2.5-1HR
33,840271230871,2026-02-03,6.59,-14.53,78.79,0,1.58,344.79,1030.15,3026.06,4.3,8.52,215.0,0.412,PM2.5-1HR
33,840271390505,2026-02-03,6.37,-13.68,77.13,0,1.36,359.14,1030.22,2172.58,4.8,9.22,215.0,0.119,PM2.5-1HR
33,840271453052,2026-02-03,6.37,-16.7,79.17,0,1.32,300.93,1030.69,1841.35,4.9,9.36,215.0,0.826,PM2.5-1HR
33,840271713201,2026-02-03,6.31,-15.5,77.29,0,1.49,321.41,1030.5,1551.56,3.9,7.96,215.0,0.069,PM2.5-1HR
33,840270031002,2026-02-04,11.85,-10.63,81.28,0,1.34,223.31,1031.88,116.16,5,9.5,215.0,1.26,PM2.5-1HR
33,840270370470,2026-02-04,9.75,-8.76,82.54,0,1.7,230.64,1030.75,1587.68,5.1,9.64,215.0,0.706,PM2.5-1HR
33,840270370480,2026-02-04,8.33,-9.57,81.56,0,1.8,230.28,1031.81,704.53,5.1,9.64,215.0,0.038,PM2.5-1HR
33,840270530910,2026-02-04,11.55,-9.4,83.21,0,1.52,217.78,1030.72,1285.64,5.2,9.78,215.0,0.428,PM2.5-1HR
33,840270530962,2026-02-04,11.56,-10.58,80.22,0,1.06,210.31,1031.93,6156.89,5.2,9.78,215.0,0.012,PM2.5-1HR
33,840270530963,2026-02-04,10.24,-9.28,82.58,0,1.42,212.03,1030.76,6218.27,5.2,9.78,215.0,0.582,PM2.5-1HR
33,840270531904,2026-02-04,11.39,-9.28,82.58,0,1.42,212.03,1030.76,3960.43,5.2,9.78,215.0,0.223,PM2.5-1HR
33,840271230871,2026-02-04,12.62,-9.58,82.71,0,1.48,215.53,1030.76,3026.06,5.3,9.92,215.0,0.412,PM2.5-1HR
33,840271390505,2026-02-04,9.56,-8.23,82.5,0,1.65,230.85,1030.72,2172.58,4.1,8.24,215.0,0.119,PM2.5-1HR
33,840271453052,2026-02-04,7.55,-8.01,86.88,0.01,2.03,236.19,1030.31,1841.35,4.7,9.08,215.0,0.826,PM2.5-1HR
33,840271713201,2026-02-04,8.79,-8.29,84.5,0,2.13,238.78,1030.52,1551.56,4,8.1,215.0,0.069,PM2.5-1HR
33,840270031002,2026-02-05,8.66,1.05,90.17,0,3.07,242.72,1007.58,116.16,6.1,11.04,215.0,1.26,PM2.5-1HR
33,840270370470,2026-02-05,8.89,-1.61,88,0,3.69,252.45,1012.93,1587.68,4.95,9.43,215.0,0.706,PM2.5-1HR
33,840270370480,2026-02-05,7.59,1.3,90.67,0,4.37,243.4,1008.13,704.53,4.95,9.43,215.0,0.038,PM2.5-1HR
33,840270530910,2026-02-05,9.25,-1.98,88.54,0.01,2.86,246.45,1012.72,1285.64,6.13,11.082,215.0,0.428,PM2.5-1HR
33,840270530962,2026-02-05,8.89,1.22,89.83,0.03,2.92,240.38,1007.85,6156.89,6.13,11.082,215.0,0.012,PM2.5-1HR
33,840270530963,2026-02-05,8.5,-1.82,88.04,0.01,2.84,247.55,1012.78,6218.27,6.13,11.082,215.0,0.582,PM2.5-1HR
33,840270531904,2026-02-05,9.03,-1.82,88.04,0.01,2.84,247.55,1012.78,3960.43,6.13,11.082,215.0,0.223,PM2.5-1HR
33,840271230871,2026-02-05,9.23,-2.06,88.67,0,3.02,248.63,1012.81,3026.06,7.3,12.72,215.0,0.412,PM2.5-1HR
33,840271390505,2026-02-05,8.28,-1.47,87.67,0,3.36,249.1,1012.9,2172.58,4.9,9.36,215.0,0.119,PM2.5-1HR
33,840271453052,2026-02-05,6.81,-1.8,89.38,0,3.57,264.2,1012.08,1841.35,4.4,8.66,215.0,0.826,PM2.5-1HR
33,840271713201,2026-02-05,7.63,-1.94,89.67,0,3.81,253.07,1012.41,1551.56,4.5,8.8,215.0,0.069,PM2.5-1HR
33,840270031002,2026-02-06,2.76,-0.86,79.44,0,5.18,342.13,1017.3,116.16,0.8,3.62,215.0,1.26,PM2.5-1HR
33,840270370470,2026-02-06,3.61,-2.23,76.13,0,4.56,338.93,1019.88,1587.68,1.2,4.18,215.0,0.706,PM2.5-1HR
33,840270370480,2026-02-06,3.16,-0.02,80.44,0,5.88,341.11,1016.92,704.53,1.2,4.18,215.0,0.038,PM2.5-1HR
33,840270530910,2026-02-06,3.76,-2.82,77.71,0,4.34,342.13,1020.18,1285.64,1.53,4.642,215.0,0.428,PM2.5-1HR
33,840270530962,2026-02-06,4.14,-0.49,79.33,0,4.98,340.17,1017.06,6156.89,1.53,4.642,215.0,0.012,PM2.5-1HR
33,840270530963,2026-02-06,3.51,-2.57,76.92,0,4.3,341.79,1020.09,6218.27,1.53,4.642,215.0,0.582,PM2.5-1HR
33,840270531904,2026-02-06,3.72,-2.57,76.92,0,4.3,341.79,1020.09,3960.43,1.53,4.642,215.0,0.223,PM2.5-1HR
33,840271230871,2026-02-06,3.18,-2.7,79.21,0,4.46,341.95,1019.91,3026.06,0.8,3.62,215.0,0.412,PM2.5-1HR
33,840271390505,2026-02-06,3.06,-1.79,76.33,0,4.7,340.87,1020.18,2172.58,1,3.9,215.0,0.119,PM2.5-1HR
33,840271453052,2026-02-06,3.1,-3.5,80.08,0,4.9,346.38,1021.4,1841.35,1.1,4.04,215.0,0.826,PM2.5-1HR
33,840271713201,2026-02-06,2.92,-3.06,79.25,0,4.74,342.54,1020.81,1551.56,1,3.9,215.0,0.069,PM2.5-1HR
33,840270370470,2026-02-07,3.22,-8.03,61.63,0,3.89,117.09,1028.45,1587.68,2.6,6.14,215.0,0.706,PM2.5-1HR
33,840270530910,2026-02-07,3.32,-9.05,65.33,0,3.57,114.81,1028.67,1285.64,2.7,6.28,215.0,0.428,PM2.5-1HR
33,840270530963,2026-02-07,3.3,-8.72,64.04,0,3.55,113.02,1028.63,6218.27,2.7,6.28,215.0,0.582,PM2.5-1HR
33,840270531904,2026-02-07,3.38,-8.72,64.04,0,3.55,113.02,1028.63,3960.43,2.7,6.28,215.0,0.223,PM2.5-1HR
33,840271230871,2026-02-07,2.83,-9.23,65.71,0,3.69,111.61,1028.87,3026.06,2.3,5.72,215.0,0.412,PM2.5-1HR
33,840271390505,2026-02-07,2.95,-7.36,59.67,0,3.74,113.32,1028.06,2172.58,2.6,6.14,215.0,0.119,PM2.5-1HR
33,840271453052,2026-02-07,3.43,-10.17,72.92,0,4.11,112.57,1027.83,1841.35,2.8,6.42,215.0,0.826,PM2.5-1HR
33,840271713201,2026-02-07,3.17,-9.45,69.08,0,4.12,110.54,1028.23,1551.56,2.6,6.14,215.0,0.069,PM2.5-1HR
33,840270031002,2026-02-08,8.08,-3.58,80.17,0,4.12,138.41,1021.67,116.16,2.7,6.28,215.0,1.26,PM2.5-1HR
33,840270370470,2026-02-08,9.52,-3.18,67.33,0,4.12,134.09,1022.48,1587.68,2.95,6.63,215.0,0.706,PM2.5-1HR
33,840270370480,2026-02-08,8.03,-2.4,76.17,0,4.55,131.42,1021.63,704.53,2.95,6.63,215.0,0.038,PM2.5-1HR
33,840270530910,2026-02-08,9.47,-3.86,71.63,0,3.87,134.73,1022.62,1285.64,3.05,6.77,215.0,0.428,PM2.5-1HR
33,840270530962,2026-02-08,8.85,-2.9,78,0,3.79,130.81,1021.78,6156.89,3.05,6.77,215.0,0.012,PM2.5-1HR
33,840270530963,2026-02-08,9.54,-3.63,70.25,0,3.76,132.36,1022.6,6218.27,3.05,6.77,215.0,0.582,PM2.5-1HR
33,840270531904,2026-02-08,9.61,-3.63,70.25,0,3.76,132.36,1022.6,3960.43,3.05,6.77,215.0,0.223,PM2.5-1HR
33,840271230871,2026-02-08,8.64,-4.05,72.75,0,4.05,132.32,1022.84,3026.06,2.8,6.42,215.0,0.412,PM2.5-1HR
33,840271390505,2026-02-08,7.48,-2.61,62.21,0,3.73,131.71,1022.13,2172.58,3,6.7,215.0,0.119,PM2.5-1HR
33,840271453052,2026-02-08,6.66,-5.08,78.63,0,3.8,131.27,1021.84,1841.35,3.1,6.84,215.0,0.826,PM2.5-1HR
33,840271713201,2026-02-08,7.52,-4.35,74.79,0,4.07,130.35,1022.17,1551.56,2.8,6.42,215.0,0.069,PM2.5-1HR
33,840270031002,2026-02-09,14.11,-0.9,81.42,0.01,2.61,181.99,1014.07,116.16,7.4,12.86,215.0,1.26,PM2.5-1HR
33,840270370470,2026-02-09,14.07,-0.43,77.17,0,2.73,167.84,1014.08,1587.68,7.45,12.93,215.0,0.706,PM2.5-1HR
33,840270370480,2026-02-09,12.87,-0.5,78.79,0,3.21,171.2,1013.99,704.53,7.45,12.93,215.0,0.038,PM2.5-1HR
33,840270530910,2026-02-09,15.86,-0.85,80.54,0.01,2.55,157.18,1014.12,1285.64,7.65,13.21,215.0,0.428,PM2.5-1HR
33,840270530962,2026-02-09,14.16,-0.69,79.67,0,2.38,152.38,1014.13,6156.89,7.65,13.21,215.0,0.012,PM2.5-1HR
33,840270530963,2026-02-09,13.95,-0.69,79.67,0,2.38,152.38,1014.13,6218.27,7.65,13.21,215.0,0.582,PM2.5-1HR
33,840270531904,2026-02-09,14.92,-0.69,79.67,0,2.38,152.38,1014.13,3960.43,7.65,13.21,215.0,0.223,PM2.5-1HR
33,840271230871,2026-02-09,14.61,-1.1,81.13,0,2.64,149.96,1014.23,3026.06,8.5,14.4,215.0,0.412,PM2.5-1HR
33,840271390505,2026-02-09,12.06,-0.03,76.08,0,2.57,179.34,1013.95,2172.58,7.2,12.58,215.0,0.119,PM2.5-1HR
33,840271453052,2026-02-09,11.12,-1.08,86.75,0,2.33,187.38,1013.57,1841.35,7.4,12.86,215.0,0.826,PM2.5-1HR
33,840271713201,2026-02-09,11.64,-0.9,84.21,0,3,200.9,1013.84,1551.56,7.3,12.72,215.0,0.069,PM2.5-1HR
33,840270031002,2026-02-10,6.36,-0.28,83.78,0,4.95,297.43,1017.21,116.16,3.8,7.82,215.0,1.26,PM2.5-1HR
33,840270370470,2026-02-10,7.39,-0.65,83.21,0,4.86,303.38,1018.96,1587.68,3.6,7.54,215.0,0.706,PM2.5-1HR
33,840270370480,2026-02-10,6.23,-0.08,83.67,0,5.55,304.16,1017.54,704.53,3.6,7.54,215.0,0.038,PM2.5-1HR
33,840270530910,2026-02-10,7.24,-0.91,83.33,0,4.47,306.01,1018.89,1285.64,4.28,8.492,215.0,0.428,PM2.5-1HR
33,840270530962,2026-02-10,7.45,0.03,82.44,0,4.6,298.01,1017.27,6156.89,4.28,8.492,215.0,0.012,PM2.5-1HR
33,840270530963,2026-02-10,6.94,-0.74,82.63,0,4.36,305.51,1018.91,6218.27,4.28,8.492,215.0,0.582,PM2.5-1HR
33,840270531904,2026-02-10,7.31,-0.74,82.63,0,4.36,305.51,1018.91,3960.43,4.28,8.492,215.0,0.223,PM2.5-1HR
33,840271230871,2026-02-10,7.13,-0.99,83.71,0,4.61,304.26,1018.73,3026.06,4,8.1,215.0,0.412,PM2.5-1HR
33,840271390505,2026-02-10,6.3,-0.46,82.88,0,4.57,305.84,1019.28,2172.58,3.3,7.12,215.0,0.119,PM2.5-1HR
33,840271453052,2026-02-10,5.02,-1.55,86.13,0,5.26,307.38,1019.66,1841.35,3.6,7.54,215.0,0.826,PM2.5-1HR
33,840271713201,2026-02-10,5.61,-1.2,85.33,0,5.29,305.97,1019.29,1551.56,3.7,7.68,215.0,0.069,PM2.5-1HR
33,840270031002,2026-02-11,10.88,-4.22,83,0,2.12,8.02,1025.68,116.16,8,13.7,215.0,1.26,PM2.5-1HR
33,840270370470,2026-02-11,14.12,-3.32,85.79,0,1.86,44.09,1026.3,1587.68,7.3,12.72,215.0,0.706,PM2.5-1HR
33,840270370480,2026-02-11,11.37,-2.18,84.83,0,3.25,48.64,1025.1,704.53,7.3,12.72,215.0,0.038,PM2.5-1HR
33,840270530910,2026-02-11,12.55,-4.25,84.92,0,1.61,50.18,1026.48,1285.64,7.95,13.63,215.0,0.428,PM2.5-1HR
33,840270530962,2026-02-11,13.25,-3.17,83.17,0,2.23,310.98,1025.55,6156.89,7.95,13.63,215.0,0.012,PM2.5-1HR
33,840270530963,2026-02-11,12.07,-4,84.88,0,1.64,50.06,1026.45,6218.27,7.95,13.63,215.0,0.582,PM2.5-1HR
33,840270531904,2026-02-11,12.68,-4,84.88,0,1.64,50.06,1026.45,3960.43,7.95,13.63,215.0,0.223,PM2.5-1HR
33,840271230871,2026-02-11,10.63,-4.42,85.83,0,1.73,33.91,1026.5,3026.06,7.4,12.86,215.0,0.412,PM2.5-1HR
33,840271390505,2026-02-11,11.4,-2.98,83.71,0,1.71,45.84,1026.24,2172.58,7.2,12.58,215.0,0.119,PM2.5-1HR
33,840271453052,2026-02-11,8.64,-4.99,89.54,0,1.48,81.6,1026.36,1841.35,6.3,11.32,215.0,0.826,PM2.5-1HR
33,840271713201,2026-02-11,9.99,-4.52,87.38,0,1.86,69.09,1026.43,1551.56,7.2,12.58,215.0,0.069,PM2.5-1HR
33,840270031002,2026-02-12,11.39,-1.02,77.88,0,2.98,129.45,1022.94,116.16,6.8,12.02,215.0,1.26,PM2.5-1HR
33,840270370470,2026-02-12,13.89,0.34,76.88,0,3.31,123.38,1022.68,1587.68,8.9,14.96,215.0,0.706,PM2.5-1HR
33,840270370480,2026-02-12,11.26,1.27,74.33,0,3.56,131.43,1022.26,704.53,8.9,14.96,215.0,0.038,PM2.5-1HR
33,840270530910,2026-02-12,12.87,-0.76,77.67,0,2.92,128.32,1022.93,1285.64,8.03,13.742,215.0,0.428,PM2.5-1HR
33,840270530962,2026-02-12,12.12,-0.61,77.63,0,2.87,123.48,1022.92,6156.89,8.03,13.742,215.0,0.012,PM2.5-1HR
33,840270530963,2026-02-12,12.24,-0.61,77.63,0,2.87,123.48,1022.92,6218.27,8.03,13.742,215.0,0.582,PM2.5-1HR
33,840270531904,2026-02-12,13.19,-0.61,77.63,0,2.87,123.48,1022.92,3960.43,8.03,13.742,215.0,0.223,PM2.5-1HR
33,840271230871,2026-02-12,10.14,-1.01,77.83,0,3.06,124.82,1023.08,3026.06,6.6,11.74,215.0,0.412,PM2.5-1HR
33,840271390505,2026-02-12,12.04,0.99,75,0,2.63,117.07,1022.33,2172.58,8.9,14.96,215.0,0.119,PM2.5-1HR
33,840271453052,2026-02-12,11.39,-1.75,82.71,0,2.69,126.84,1022.38,1841.35,8.9,14.96,215.0,0.826,PM2.5-1HR
33,840271713201,2026-02-12,11.88,-1.08,80.29,0,3.05,123.96,1022.51,1551.56,8.6,14.54,215.0,0.069,PM2.5-1HR
33,840270031002,2026-02-13,10.4,0.94,79.13,0,1.68,214.83,1018.33,116.16,6.3,11.32,215.0,1.26,PM2.5-1HR
33,840270370470,2026-02-13,14.03,3.23,70.92,0,2.2,221.26,1018.35,1587.68,7.45,12.93,215.0,0.706,PM2.5-1HR
33,840270370480,2026-02-13,10.65,3.08,68.79,0,2.53,214.78,1018.3,704.53,7.45,12.93,215.0,0.038,PM2.5-1HR
33,840270530910,2026-02-13,13.6,1.59,77.96,0,1.53,208,1018.38,1285.64,7.55,13.07,215.0,0.428,PM2.5-1HR
33,840270530962,2026-02-13,15.12,2.22,75.88,0,1.49,206.82,1018.39,6156.89,7.55,13.07,215.0,0.012,PM2.5-1HR
33,840270530963,2026-02-13,12.54,2.22,75.88,0,1.49,206.82,1018.39,6218.27,7.55,13.07,215.0,0.582,PM2.5-1HR
33,840270531904,2026-02-13,14.19,2.22,75.88,0,1.49,206.82,1018.39,3960.43,7.55,13.07,215.0,0.223,PM2.5-1HR
33,840271230871,2026-02-13,14.84,1.2,78.67,0,1.5,209.83,1018.44,3026.06,7.3,12.72,215.0,0.412,PM2.5-1HR
33,840271390505,2026-02-13,11.26,2.63,72.42,0,1.72,217.65,1018.32,2172.58,5.8,10.62,215.0,0.119,PM2.5-1HR
33,840271453052,2026-02-13,8.94,0.17,80.25,0,1.62,242.03,1017.88,1841.35,6.1,11.04,215.0,0.826,PM2.5-1HR
33,840271713201,2026-02-13,9.01,0.8,79.25,0,1.93,223.53,1018.13,1551.56,6.1,11.04,215.0,0.069,PM2.5-1HR
33,840270031002,2026-02-14,15.44,2.1,76.96,0,2.17,210.05,1014.1,116.16,12.2,19.58,215.0,1.26,PM2.5-1HR
33,840270370470,2026-02-14,16.2,3.8,71.29,0,2.51,207.41,1014.05,1587.68,10.9,17.76,215.0,0.706,PM2.5-1HR
33,840270370480,2026-02-14,13.8,3.83,68.63,0,2.87,211.15,1013.96,704.53,10.9,17.76,215.0,0.038,PM2.5-1HR
33,840270530910,2026-02-14,18.8,2.82,75.79,0,2.11,201.22,1014.14,1285.64,11.38,18.432,215.0,0.428,PM2.5-1HR
33,840270530962,2026-02-14,15.55,3.18,74.13,0,2.04,197.14,1014.16,6156.89,11.38,18.432,215.0,0.012,PM2.5-1HR
33,840270530963,2026-02-14,15.33,3.18,74.13,0,2.04,197.14,1014.16,6218.27,11.38,18.432,215.0,0.582,PM2.5-1HR
33,840270531904,2026-02-14,17.62,3.18,74.13,0,2.04,197.14,1014.16,3960.43,11.38,18.432,215.0,0.223,PM2.5-1HR
33,840271230871,2026-02-14,20.23,2.52,76.5,0,2.19,196.59,1014.16,3026.06,13.9,21.96,215.0,0.412,PM2.5-1HR
33,840271390505,2026-02-14,15.84,3.08,71.58,0,1.89,212.88,1014.05,2172.58,10.2,16.78,215.0,0.119,PM2.5-1HR
33,840271453052,2026-02-14,10.4,0.34,83.13,0,1.96,231.16,1014.05,1841.35,5.4,10.06,215.0,0.826,PM2.5-1HR
33,840271713201,2026-02-14,14.17,1.77,78,0,2.35,224.63,1014.03,1551.56,7.6,13.14,215.0,0.069,PM2.5-1HR
33,840270031002,2026-02-15,9.88,1.71,83.22,0,1.59,225.04,1014.02,116.16,7,12.3,215.0,1.26,PM2.5-1HR
33,840270370470,2026-02-15,10.71,3.83,79.13,0,2.39,232.19,1012.97,1587.68,6.35,11.39,215.0,0.706,PM2.5-1HR
33,840270370480,2026-02-15,8.29,3.53,78.22,0,2.14,230.8,1013.93,704.53,6.35,11.39,215.0,0.038,PM2.5-1HR
33,840270530910,2026-02-15,11.59,3.06,81.29,0,1.92,224.51,1012.98,1285.64,7.48,12.972,215.0,0.428,PM2.5-1HR
33,840270530962,2026-02-15,10.73,3.02,81.67,0,1.56,223.36,1014.07,6156.89,7.48,12.972,215.0,0.012,PM2.5-1HR
33,840270530963,2026-02-15,11.61,3.48,80.08,0,1.91,223.95,1013.02,6218.27,7.48,12.972,215.0,0.582,PM2.5-1HR
33,840270531904,2026-02-15,11.27,3.48,80.08,0,1.91,223.95,1013.02,3960.43,7.48,12.972,215.0,0.223,PM2.5-1HR
33,840271230871,2026-02-15,12.48,2.95,81.96,0,1.98,228.46,1013.03,3026.06,6.3,11.32,215.0,0.412,PM2.5-1HR
33,840271390505,2026-02-15,8.62,3.34,77.42,0,2,225.39,1012.89,2172.58,5.5,10.2,215.0,0.119,PM2.5-1HR
33,840271453052,2026-02-15,10.14,0.9,84.46,0,1.86,208.08,1012.44,1841.35,6.7,11.88,215.0,0.826,PM2.5-1HR
33,840271713201,2026-02-15,8.9,2.28,80.29,0,2.43,224.5,1012.72,1551.56,6.3,11.32,215.0,0.069,PM2.5-1HR
33,840271713201,2026-02-16,6.93,4.29,71.54,0,3,6.23,1010.7,1551.56,4.5,8.8,215.0,0.069,PM2.5-1HR
33,840270370470,2026-02-16,8.51,5.73,70.83,0,3.3,3.18,1010.62,1587.68,4.65,9.01,215.0,0.706,PM2.5-1HR
33,840270530910,2026-02-16,12.56,5.32,71.46,0,2.62,15.18,1010.66,1285.64,5.2,9.78,215.0,0.428,PM2.5-1HR
33,840270530963,2026-02-16,9.29,5.59,71.54,0,2.6,11.05,1010.66,6218.27,5.2,9.78,215.0,0.582,PM2.5-1HR
33,840270531904,2026-02-16,10.7,5.59,71.54,0,2.6,11.05,1010.66,3960.43,5.2,9.78,215.0,0.223,PM2.5-1HR
33,840271230871,2026-02-16,8.38,5.22,71.88,0,2.76,4.97,1010.68,3026.06,5.4,10.06,215.0,0.412,PM2.5-1HR
33,840271390505,2026-02-16,8.78,5.33,70.33,0,2.87,3.72,1010.64,2172.58,4.7,9.08,215.0,0.119,PM2.5-1HR
33,840271453052,2026-02-16,8.64,2.68,76.96,0,2.34,5.37,1010.95,1841.35,4.7,9.08,215.0,0.826,PM2.5-1HR
33,840271713201,2026-02-17,11.48,4.36,74.67,0.21,6.47,90.01,1005.2,1551.56,6.7,11.88,215.0,0.069,PM2.5-1HR
33,840270370470,2026-02-17,15.15,5.1,75.58,0.12,6.16,102.62,1004.95,1587.68,10.65,17.41,215.0,0.706,PM2.5-1HR
33,840270530910,2026-02-17,14.55,5.08,74.46,0.12,5.52,98.74,1005.38,1285.64,8.8,14.82,215.0,0.428,PM2.5-1HR
33,840270530963,2026-02-17,13.52,5.3,73.96,0.03,5.49,99.18,1005.26,6218.27,8.8,14.82,215.0,0.582,PM2.5-1HR
33,840270531904,2026-02-17,14.46,5.3,73.96,0.03,5.49,99.18,1005.26,3960.43,8.8,14.82,215.0,0.223,PM2.5-1HR
33,840271230871,2026-02-17,13.01,4.97,74.71,0.08,5.81,97.25,1005.55,3026.06,7.2,12.58,215.0,0.412,PM2.5-1HR
33,840271390505,2026-02-17,13.41,5.33,72.83,0.02,6,93.16,1004.46,2172.58,11,17.9,215.0,0.119,PM2.5-1HR
33,840271453052,2026-02-17,8.04,3.74,75.58,0.08,6.36,88.8,1005.21,1841.35,4.2,8.38,215.0,0.826,PM2.5-1HR
33,840271713201,2026-02-18,6.11,1.14,88.79,0.4,5.73,225.07,992.88,1551.56,2.2,5.58,215.0,0.069,PM2.5-1HR
33,840270370470,2026-02-18,10.84,1.5,87.25,0.55,6.8,227.79,993.91,1587.68,2.85,6.49,215.0,0.706,PM2.5-1HR
33,840270530910,2026-02-18,8.19,1.55,88.46,0.47,5.29,215.73,993.4,1285.64,7.98,13.672,215.0,0.428,PM2.5-1HR
33,840270530963,2026-02-18,8.6,1.59,88.33,0.46,5.44,216.43,993.51,6218.27,7.98,13.672,215.0,0.582,PM2.5-1HR
33,840270531904,2026-02-18,25.04,1.59,88.33,0.46,5.44,216.43,993.51,3960.43,7.98,13.672,215.0,0.223,PM2.5-1HR
33,840271230871,2026-02-18,7.81,1.47,88.67,0.61,5.56,215.56,993.62,3026.06,2.8,6.42,215.0,0.412,PM2.5-1HR
33,840271390505,2026-02-18,10.16,1.35,87.33,0.56,6.43,224.81,993.67,2172.58,2.4,5.86,215.0,0.119,PM2.5-1HR
33,840271453052,2026-02-18,3.97,0.78,89.29,0.49,4.43,206.79,992.58,1841.35,1.6,4.74,215.0,0.826,PM2.5-1HR
33,840271713201,2026-02-19,4.58,-0.7,88.79,0.03,3.25,312.95,1005.7,1551.56,2,5.3,215.0,0.069,PM2.5-1HR
33,840270370470,2026-02-19,5.63,-1.73,88.96,0.12,3.33,303.44,1005.84,1587.68,2.5,6.0,215.0,0.706,PM2.5-1HR
33,840270530910,2026-02-19,4.92,-0.8,88.71,0.09,2.72,310.22,1005.56,1285.64,2.58,6.112,215.0,0.428,PM2.5-1HR
33,840270530963,2026-02-19,4.64,-0.91,88.29,0.13,2.68,307.87,1005.62,6218.27,2.58,6.112,215.0,0.582,PM2.5-1HR
33,840270531904,2026-02-19,4.95,-0.91,88.29,0.13,2.68,307.87,1005.62,3960.43,2.58,6.112,215.0,0.223,PM2.5-1HR
33,840271230871,2026-02-19,4.56,-0.99,89.08,0.13,2.81,306.31,1005.55,3026.06,1.7,4.88,215.0,0.412,PM2.5-1HR
33,840271390505,2026-02-19,5.36,-1.53,89.67,0.15,3.3,300.63,1005.96,2172.58,3,6.7,215.0,0.119,PM2.5-1HR
33,840271453052,2026-02-19,3.93,-0.98,88.96,0.03,3.5,313.15,1006.08,1841.35,1.7,4.88,215.0,0.826,PM2.5-1HR
33,840271713201,2026-02-20,3.37,-5.28,79.5,0,5.29,317.18,1011.11,1551.56,2,5.3,215.0,0.069,PM2.5-1HR
33,840270370470,2026-02-20,4.72,-5.2,84.63,0,4.85,306.79,1010.58,1587.68,3.15,6.91,215.0,0.706,PM2.5-1HR
33,840270530910,2026-02-20,4.42,-4.8,81.33,0,4.47,316.42,1010.46,1285.64,3.33,7.162,215.0,0.428,PM2.5-1HR
33,840270530963,2026-02-20,4.1,-4.79,81.88,0,4.36,313.29,1010.47,6218.27,3.33,7.162,215.0,0.582,PM2.5-1HR
33,840270531904,2026-02-20,4.46,-4.79,81.88,0,4.36,313.29,1010.47,3960.43,3.33,7.162,215.0,0.223,PM2.5-1HR
33,840271230871,2026-02-20,3.57,-4.93,82,0,4.67,314.18,1010.25,3026.06,1.8,5.02,215.0,0.412,PM2.5-1HR
33,840271390505,2026-02-20,4.4,-5.28,83.92,0,5.05,304.1,1011.05,2172.58,2.6,6.14,215.0,0.119,PM2.5-1HR
33,840271453052,2026-02-20,2.45,-6.17,76.92,0,5.12,316.33,1011.93,1841.35,2.4,5.86,215.0,0.826,PM2.5-1HR
33,840271713201,2026-02-21,3.13,-11.05,72.88,0,5.11,310.83,1027.57,1551.56,2.5,6.0,215.0,0.069,PM2.5-1HR
33,840270370470,2026-02-21,5.27,-11.38,79.13,0,4.58,298.53,1027.28,1587.68,3.05,6.77,215.0,0.706,PM2.5-1HR
33,840270530910,2026-02-21,3.86,-10.64,75.71,0,4.17,304.5,1027,1285.64,3.15,6.91,215.0,0.428,PM2.5-1HR
33,840270530963,2026-02-21,3.64,-10.77,76.21,0,4.13,302.51,1027.07,6218.27,3.15,6.91,215.0,0.582,PM2.5-1HR
33,840270531904,2026-02-21,3.98,-10.77,76.21,0,4.13,302.51,1027.07,3960.43,3.15,6.91,215.0,0.223,PM2.5-1HR
33,840271230871,2026-02-21,3.53,-10.63,77.33,0,4.29,301.13,1026.81,3026.06,2.7,6.28,215.0,0.412,PM2.5-1HR
33,840271390505,2026-02-21,3.46,-11.32,78.04,0,4.56,303.27,1027.66,2172.58,2.8,6.42,215.0,0.119,PM2.5-1HR
33,840271713201,2026-02-22,2.37,-13.22,70.21,0,5.67,326.61,1039.07,1551.56,1.4,4.46,215.0,0.069,PM2.5-1HR
33,840270370470,2026-02-22,3.44,-13.28,73.5,0,5.32,318.85,1038.3,1587.68,2.05,5.37,215.0,0.706,PM2.5-1HR
33,840270530910,2026-02-22,3,-12.96,71.79,0,4.95,323.78,1038.25,1285.64,2.2,5.58,215.0,0.428,PM2.5-1HR
33,840270530963,2026-02-22,2.93,-13,71.88,0,4.85,322.24,1038.25,6218.27,2.2,5.58,215.0,0.582,PM2.5-1HR
33,840270531904,2026-02-22,3.16,-13,71.88,0,4.85,322.24,1038.25,3960.43,2.2,5.58,215.0,0.223,PM2.5-1HR
33,840271230871,2026-02-22,2.73,-12.97,72.75,0,5.12,322.41,1037.95,3026.06,1.9,5.16,215.0,0.412,PM2.5-1HR
33,840271390505,2026-02-22,2.68,-13.15,72.83,0,5.37,322.42,1038.83,2172.58,1.6,4.74,215.0,0.119,PM2.5-1HR
33,840271713201,2026-02-23,3.26,-12.38,72,0,3.38,206.31,1032.9,1551.56,2.2,5.58,215.0,0.069,PM2.5-1HR
33,840270031002,2026-02-23,3.48,-8.85,74.5,0,5.13,214.37,1014.82,116.16,2.1,5.44,215.0,1.26,PM2.5-1HR
33,840270370470,2026-02-23,3.87,-12.93,74.25,0,2.78,251.02,1033.24,1587.68,2.35,5.79,215.0,0.706,PM2.5-1HR
33,840270370480,2026-02-23,3.54,-9.23,74.83,0,6.38,237.6,1015.3,704.53,2.35,5.79,215.0,0.038,PM2.5-1HR
33,840270530910,2026-02-23,4.41,-12.41,73.42,0,2.73,231.44,1033.09,1285.64,2.45,5.93,215.0,0.428,PM2.5-1HR
33,840270530962,2026-02-23,3.92,-9.05,75,0,4.71,222.72,1015.28,6156.89,2.45,5.93,215.0,0.012,PM2.5-1HR
33,840270530963,2026-02-23,3.71,-12.66,73.04,0,2.56,237.74,1033.17,6218.27,2.45,5.93,215.0,0.582,PM2.5-1HR
33,840270531904,2026-02-23,4.07,-12.66,73.04,0,2.56,237.74,1033.17,3960.43,2.45,5.93,215.0,0.223,PM2.5-1HR
33,840271230871,2026-02-23,3.57,-12.54,74.96,0,2.8,249.64,1033.17,3026.06,2.2,5.58,215.0,0.412,PM2.5-1HR
33,840271390505,2026-02-23,3.57,-12.68,73.92,0,2.88,241.7,1033.22,2172.58,2.3,5.72,215.0,0.119,PM2.5-1HR
33,840271713201,2026-02-24,5.33,-5.06,75.42,0.02,5.19,243.85,1006.64,1551.56,3.3,7.12,215.0,0.069,PM2.5-1HR
33,840270031002,2026-02-24,5.58,-4.72,74,0.03,4.21,233.12,1007.63,116.16,3.3,7.12,215.0,1.26,PM2.5-1HR
33,840270370470,2026-02-24,10.03,-4.75,78.75,0.04,4.8,235.55,1007.03,1587.68,3.35,7.19,215.0,0.706,PM2.5-1HR
33,840270370480,2026-02-24,6.17,-4.83,78.5,0.06,5.25,236.87,1008.13,704.53,3.35,7.19,215.0,0.038,PM2.5-1HR
33,840270530910,2026-02-24,6.88,-4.8,76.75,0.05,4.32,232.19,1006.76,1285.64,3.73,7.722,215.0,0.428,PM2.5-1HR
33,840270530962,2026-02-24,6.43,-4.97,76.89,0.07,3.91,227.59,1007.98,6156.89,3.73,7.722,215.0,0.012,PM2.5-1HR
33,840270530963,2026-02-24,6.01,-4.8,77.38,0.05,4.22,232.27,1006.88,6218.27,3.73,7.722,215.0,0.582,PM2.5-1HR
33,840270531904,2026-02-24,6.47,-4.8,77.38,0.05,4.22,232.27,1006.88,3960.43,3.73,7.722,215.0,0.223,PM2.5-1HR
33,840271230871,2026-02-24,6.14,-4.99,78.21,0.04,4.36,229.98,1006.87,3026.06,3.4,7.26,215.0,0.412,PM2.5-1HR
33,840271390505,2026-02-24,6.2,-4.62,78.46,0.05,4.69,238.25,1007.03,2172.58,3.9,7.96,215.0,0.119,PM2.5-1HR
33,840271713201,2026-02-25,4.29,-10.04,69.17,0,3.43,283.17,1010.6,1551.56,3,6.7,215.0,0.069,PM2.5-1HR
33,840270370470,2026-02-25,7.55,-10.24,73.71,0,3.14,286.52,1010.62,1587.68,4.6,8.94,215.0,0.706,PM2.5-1HR
33,840270530910,2026-02-25,5.9,-9.94,70.5,0,2.81,288.09,1010.48,1285.64,4.13,8.282,215.0,0.428,PM2.5-1HR
33,840270530963,2026-02-25,5.14,-9.99,71.33,0,2.76,288.34,1010.53,6218.27,4.13,8.282,215.0,0.582,PM2.5-1HR
33,840270531904,2026-02-25,5.97,-9.99,71.33,0,2.76,288.34,1010.53,3960.43,4.13,8.282,215.0,0.223,PM2.5-1HR
33,840271230871,2026-02-25,4.97,-10.13,72.21,0,2.94,289.27,1010.46,3026.06,3.5,7.4,215.0,0.412,PM2.5-1HR
33,840271390505,2026-02-25,5.99,-10.15,73.79,0,2.86,292.41,1010.78,2172.58,3.9,7.96,215.0,0.119,PM2.5-1HR
33,840271453052,2026-02-25,4.21,-9.83,61.5,0,3.31,287.86,1010.68,1841.35,2.6,6.14,215.0,0.826,PM2.5-1HR
33,840271713201,2026-02-26,9.48,-2.76,80.67,0,3.53,221.1,1009.05,1551.56,5.4,10.06,215.0,0.069,PM2.5-1HR
33,840270370470,2026-02-26,15.17,-3.09,81.96,0,2.94,216.75,1009.63,1587.68,6.05,10.97,215.0,0.706,PM2.5-1HR
33,840270530910,2026-02-26,13.33,-3.35,81.88,0,2.67,210.94,1009.5,1285.64,6.2,11.18,215.0,0.428,PM2.5-1HR
33,840270530963,2026-02-26,10.94,-3.5,81.88,0,2.46,211.52,1009.58,6218.27,6.2,11.18,215.0,0.582,PM2.5-1HR
33,840270531904,2026-02-26,12.74,-3.5,81.88,0,2.46,211.52,1009.58,3960.43,6.2,11.18,215.0,0.223,PM2.5-1HR
33,840271230871,2026-02-26,11.73,-3.66,82.83,0,2.68,210.95,1009.63,3026.06,5.7,10.48,215.0,0.412,PM2.5-1HR
33,840271390505,2026-02-26,11.69,-3.32,82.04,0,2.53,218.62,1009.53,2172.58,6.2,11.18,215.0,0.119,PM2.5-1HR
33,840271453052,2026-02-26,7.66,-1.86,74.38,0,2.85,225.65,1008.5,1841.35,5.3,9.92,215.0,0.826,PM2.5-1HR
33,840271713201,2026-02-27,4.86,1.53,64.33,0,6.05,264.91,1009.37,1551.56,2.1,5.44,215.0,0.069,PM2.5-1HR
33,840270370470,2026-02-27,7.14,1.4,71.04,0,4.98,260.3,1009.48,1587.68,2.35,5.79,215.0,0.706,PM2.5-1HR
33,840270530910,2026-02-27,6.95,1.44,67.83,0,4.55,253.48,1009.29,1285.64,2.78,6.392,215.0,0.428,PM2.5-1HR
33,840270530963,2026-02-27,7.22,1.07,70,0,4.4,254.29,1009.4,6218.27,2.78,6.392,215.0,0.582,PM2.5-1HR
33,840270531904,2026-02-27,9.15,1.07,70,0,4.4,254.29,1009.4,3960.43,2.78,6.392,215.0,0.223,PM2.5-1HR
33,840271230871,2026-02-27,7.09,1.12,70,0,4.61,253.38,1009.25,3026.06,2.6,6.14,215.0,0.412,PM2.5-1HR
33,840271390505,2026-02-27,5.92,0.83,72.83,0,4.69,262.18,1009.77,2172.58,2.3,5.72,215.0,0.119,PM2.5-1HR
33,840271453052,2026-02-27,4.16,1.04,64.29,0,5.75,270.68,1009.54,1841.35,1.8,5.02,215.0,0.826,PM2.5-1HR
33,840270370470,2026-02-28,3.64,-8.25,61.5,0.06,2.49,359.76,1028.01,1587.68,2.75,6.35,215.0,0.706,PM2.5-1HR
33,840270530910,2026-02-28,3.73,-7.68,48.96,0.04,2.8,357.37,1028.22,1285.64,2.93,6.602,215.0,0.428,PM2.5-1HR
33,840270530963,2026-02-28,3.5,-7.58,50.58,0.05,2.65,357.95,1028.14,6218.27,2.93,6.602,215.0,0.582,PM2.5-1HR
33,840270531904,2026-02-28,3.85,-7.58,50.58,0.05,2.65,357.95,1028.14,3960.43,2.93,6.602,215.0,0.223,PM2.5-1HR
33,840271230871,2026-02-28,3.42,-7.92,52.25,0.04,2.83,355.98,1028.13,3026.06,2.6,6.14,215.0,0.412,PM2.5-1HR
33,840271390505,2026-02-28,3.27,-7.97,62.17,0.07,2.75,354.62,1028.18,2172.58,2.5,6.0,215.0,0.119,PM2.5-1HR
33,840271453052,2026-02-28,3.23,-9.41,50.42,0.02,2.88,359.95,1029.24,1841.35,2.5,6.0,215.0,0.826,PM2.5-1HR
33,840271713201,2026-02-28,3.04,-7.97,46.58,0.03,3.33,354.45,1028.64,1551.56,2.1,5.44,215.0,0.069,PM2.5-1HR
33,840270370470,2026-03-01,3.33,-8.2,54.08,0,1.71,81.33,1034.12,1587.68,2.5,6.0,215.0,0.706,PM2.5-1HR
33,840270530910,2026-03-01,3.56,-6.54,39.21,0,1.73,92.93,1034.14,1285.64,2.9,6.56,215.0,0.428,PM2.5-1HR
33,840270530963,2026-03-01,3.51,-6.58,41.04,0,1.76,92.69,1034.15,6218.27,2.9,6.56,215.0,0.582,PM2.5-1HR
33,840270531904,2026-03-01,3.6,-6.58,41.04,0,1.76,92.69,1034.15,3960.43,2.9,6.56,215.0,0.223,PM2.5-1HR
33,840271230871,2026-03-01,3.28,-6.75,41.83,0,1.78,91.82,1034.16,3026.06,2.5,6.0,215.0,0.412,PM2.5-1HR
33,840271390505,2026-03-01,3.44,-7.81,54.33,0,1.84,88.3,1034.13,2172.58,2.8,6.42,215.0,0.119,PM2.5-1HR
33,840271453052,2026-03-01,3.07,-7.75,42.21,0,2.24,110.75,1034.27,1841.35,2.4,5.86,215.0,0.826,PM2.5-1HR
33,840271713201,2026-03-01,2.88,-6.79,38.58,0,2.45,100.95,1034.22,1551.56,2.3,5.72,215.0,0.069,PM2.5-1HR
33,840270370470,2026-03-02,6.66,-1.88,75.92,0,3.61,167.36,1025.8,1587.68,4.45,8.73,215.0,0.706,PM2.5-1HR
33,840270530910,2026-03-02,8.36,-1.32,70.42,0,3.34,169.69,1025.65,1285.64,4.7,9.08,215.0,0.428,PM2.5-1HR
33,840270530963,2026-03-02,6.95,-1.43,71.92,0,3.2,167.84,1025.73,6218.27,4.7,9.08,215.0,0.582,PM2.5-1HR
33,840270531904,2026-03-02,7.52,-1.43,71.92,0,3.2,167.84,1025.73,3960.43,4.7,9.08,215.0,0.223,PM2.5-1HR
33,840271230871,2026-03-02,6.66,-1.6,72.04,0,3.5,167.8,1025.86,3026.06,4.5,8.8,215.0,0.412,PM2.5-1HR
33,840271390505,2026-03-02,6.63,-1.68,75.42,0,3.27,170.5,1025.54,2172.58,4.1,8.24,215.0,0.119,PM2.5-1HR
33,840271453052,2026-03-02,5.92,-1.67,69.71,0,3.77,174.62,1024.5,1841.35,3.9,7.96,215.0,0.826,PM2.5-1HR
33,840271713201,2026-03-02,6.2,-1.27,69.58,0,4.36,176.89,1025.1,1551.56,4.1,8.24,215.0,0.069,PM2.5-1HR
33,840270370470,2026-03-03,10.33,3.62,82.38,0,1.99,200.15,1020.97,1587.68,6.5,11.6,215.0,0.706,PM2.5-1HR
33,840270530910,2026-03-03,13.08,3.93,82.96,0,2.02,199.54,1020.87,1285.64,8.55,14.47,215.0,0.428,PM2.5-1HR
33,840270530963,2026-03-03,10.75,3.93,82.79,0,1.86,198.95,1020.92,6218.27,8.55,14.47,215.0,0.582,PM2.5-1HR
33,840270531904,2026-03-03,12,3.93,82.79,0,1.86,198.95,1020.92,3960.43,8.55,14.47,215.0,0.223,PM2.5-1HR
33,840271230871,2026-03-03,10.78,3.83,82.67,0,2.01,200.08,1020.95,3026.06,6.9,12.16,215.0,0.412,PM2.5-1HR
33,840271390505,2026-03-03,10.43,3.32,82.96,0,1.83,193.16,1020.92,2172.58,7.1,12.44,215.0,0.119,PM2.5-1HR
33,840271453052,2026-03-03,14.52,3.4,84.96,0,2.27,203.35,1020.38,1841.35,8.9,14.96,215.0,0.826,PM2.5-1HR
33,840271713201,2026-03-03,12.06,3.66,82.54,0,2.74,201.62,1020.66,1551.56,9.2,15.38,215.0,0.069,PM2.5-1HR
33,840270370470,2026-03-04,10.95,3.47,90,0,2.35,177.43,1020.08,1587.68,5.25,9.85,215.0,0.706,PM2.5-1HR
33,840270370480,2026-03-04,9.05,5.02,86.5,0,2.72,178.06,1018.78,704.53,5.25,9.85,215.0,0.038,PM2.5-1HR
33,840270530910,2026-03-04,13.46,3.39,91.83,0,2.19,177.4,1020.15,1285.64,6.95,12.23,215.0,0.428,PM2.5-1HR
33,840270530963,2026-03-04,13.71,3.41,91.58,0,2.06,177.1,1020.14,6218.27,6.95,12.23,215.0,0.582,PM2.5-1HR
33,840270531904,2026-03-04,15.4,3.41,91.58,0,2.06,177.1,1020.14,3960.43,6.95,12.23,215.0,0.223,PM2.5-1HR
33,840271230871,2026-03-04,18.58,3.05,91.63,0,2.19,173.33,1020.18,3026.06,5.9,10.76,215.0,0.412,PM2.5-1HR
33,840271390505,2026-03-04,9.99,3.2,91.42,0,2.28,177.47,1020.09,2172.58,5.4,10.06,215.0,0.119,PM2.5-1HR
33,840271453052,2026-03-04,10.66,3.3,92.79,0,2.84,175.21,1019.52,1841.35,5.8,10.62,215.0,0.826,PM2.5-1HR
33,840271713201,2026-03-04,12.36,3.18,92.88,0,3.08,179.04,1019.9,1551.56,5.3,9.92,215.0,0.069,PM2.5-1HR
33,840270370470,2026-03-05,16.83,6.01,85.88,0,2.64,123.05,1015.21,1587.68,7.8,13.42,215.0,0.706,PM2.5-1HR
33,840270370480,2026-03-05,13.86,6.66,79.23,0,3.37,120.39,1015.58,704.53,7.8,13.42,215.0,0.038,PM2.5-1HR
33,840270530910,2026-03-05,18.84,6.26,84.13,0,2.51,103.21,1015.31,1285.64,11.78,18.992,215.0,0.428,PM2.5-1HR
33,840270530963,2026-03-05,17.23,6.48,83.96,0.02,2.44,111.68,1015.28,6218.27,11.78,18.992,215.0,0.582,PM2.5-1HR
33,840270531904,2026-03-05,18.31,6.48,83.96,0.02,2.44,111.68,1015.28,3960.43,11.78,18.992,215.0,0.223,PM2.5-1HR
33,840271230871,2026-03-05,17.3,5.92,84.63,0,2.64,111.47,1015.4,3026.06,12.9,20.56,215.0,0.412,PM2.5-1HR
33,840271390505,2026-03-05,14.48,5.9,86.25,0,2.76,114.89,1015.01,2172.58,8.8,14.82,215.0,0.119,PM2.5-1HR
33,840271453052,2026-03-05,8.95,5.17,88.75,0.03,3.5,120.91,1015,1841.35,5.5,10.2,215.0,0.826,PM2.5-1HR
33,840271713201,2026-03-05,13.95,5.57,86.83,0,3.57,119.03,1015.15,1551.56,7.9,13.56,215.0,0.069,PM2.5-1HR
33,840270370470,2026-03-06,12.2,6.1,95.67,0.34,3.68,129.95,1008.92,1587.68,2.75,6.35,215.0,0.706,PM2.5-1HR
33,840270530910,2026-03-06,15.88,5.95,93.33,0.3,3.26,122.21,1009.15,1285.64,3.2,6.98,215.0,0.428,PM2.5-1HR
33,840270530962,2026-03-06,14.63,9.48,89.8,0.32,1.82,352.56,1007.94,6156.89,3.2,6.98,215.0,0.012,PM2.5-1HR
33,840270530963,2026-03-06,14.86,6.26,92.96,0.32,3.23,118.78,1009.08,6218.27,3.2,6.98,215.0,0.582,PM2.5-1HR
33,840270531904,2026-03-06,15.82,6.26,92.96,0.32,3.23,118.78,1009.08,3960.43,3.2,6.98,215.0,0.223,PM2.5-1HR
33,840271230871,2026-03-06,14.18,5.98,94.38,0.18,3.53,123.39,1009.08,3026.06,2.5,6.0,215.0,0.412,PM2.5-1HR
33,840271390505,2026-03-06,11.53,5.48,95,0.38,3.27,63.43,1009.04,2172.58,2.9,6.56,215.0,0.119,PM2.5-1HR
33,840271453052,2026-03-06,11.59,4.03,92.38,0.12,3.71,79.24,1009.72,1841.35,2.5,6.0,215.0,0.826,PM2.5-1HR
33,840271713201,2026-03-06,11.76,4.83,93.75,0.18,3.92,99.15,1009.34,1551.56,2.1,5.44,215.0,0.069,PM2.5-1HR
33,840270370470,2026-03-07,4.88,1.99,83.23,0.65,4.93,281.44,1010.09,1587.68,2.5,6.0,215.0,0.706,PM2.5-1HR
33,840270530910,2026-03-07,5.53,1.73,85.64,0.2,4.29,286.12,1009.92,1285.64,2.85,6.49,215.0,0.428,PM2.5-1HR
33,840270530963,2026-03-07,5.33,1.96,85.22,0.24,4.21,285.34,1009.96,6218.27,2.85,6.49,215.0,0.582,PM2.5-1HR
33,840270531904,2026-03-07,5.46,1.96,85.22,0.24,4.21,285.34,1009.96,3960.43,2.85,6.49,215.0,0.223,PM2.5-1HR
33,840271230871,2026-03-07,5.07,1.8,85.89,0.28,4.37,288.28,1009.88,3026.06,2.3,5.72,215.0,0.412,PM2.5-1HR
33,840271390505,2026-03-07,4.55,1.42,83.78,0.23,4.76,282.12,1010.33,2172.58,3.1,6.84,215.0,0.119,PM2.5-1HR
33,840271453052,2026-03-07,4.39,1,76.03,0.22,5.23,282.28,1010.18,1841.35,2.9,6.56,215.0,0.826,PM2.5-1HR
33,840271713201,2026-03-07,4.62,1.57,78.85,0.16,5.5,283.75,1010.05,1551.56,2.5,6.0,215.0,0.069,PM2.5-1HR
33,840270370470,2026-03-08,3.52,6.82,70.91,0.16,4.76,214.73,1003.45,1587.68,2.1,5.44,215.0,0.706,PM2.5-1HR
33,840270530910,2026-03-08,3.91,6.43,74.43,0.06,4,208.03,1003.07,1285.64,2.7,6.28,215.0,0.428,PM2.5-1HR
33,840270530963,2026-03-08,3.95,6.59,73.7,0.06,3.86,209.99,1003.21,6218.27,2.7,6.28,215.0,0.582,PM2.5-1HR
33,840270531904,2026-03-08,3.99,6.59,73.7,0.06,3.86,209.99,1003.21,3960.43,2.7,6.28,215.0,0.223,PM2.5-1HR
33,840271230871,2026-03-08,3.77,6.41,74,0.09,4.03,213.14,1003.27,3026.06,2.3,5.72,215.0,0.412,PM2.5-1HR
33,840271390505,2026-03-08,3.46,6.52,71.04,0.06,4.45,211.23,1003.32,2172.58,2.2,5.58,215.0,0.119,PM2.5-1HR
33,840271453052,2026-03-08,2.82,6.83,70.35,0.01,4.33,220.72,1001.59,1841.35,1.9,5.16,215.0,0.826,PM2.5-1HR
33,840271713201,2026-03-08,3.07,6.42,72.57,0.03,5.16,213.7,1002.36,1551.56,2,5.3,215.0,0.069,PM2.5-1HR
33,840270370470,2026-03-09,3.44,8.99,66.38,0,4.03,324.46,1004.27,1587.68,2,5.3,215.0,0.706,PM2.5-1HR
33,840270530910,2026-03-09,3.97,8.85,65.17,0.02,3.73,329.38,1004.35,1285.64,2.23,5.622,215.0,0.428,PM2.5-1HR
33,840270530963,2026-03-09,3.47,9.03,65.58,0,3.61,328.3,1004.33,6218.27,2.23,5.622,215.0,0.582,PM2.5-1HR
33,840270531904,2026-03-09,3.68,9.03,65.58,0,3.61,328.3,1004.33,3960.43,2.23,5.622,215.0,0.223,PM2.5-1HR
33,840271230871,2026-03-09,3.29,8.9,65.46,0,3.9,328.77,1004.29,3026.06,1.5,4.6,215.0,0.412,PM2.5-1HR
33,840271390505,2026-03-09,3.09,8.38,64.88,0,3.92,325.93,1004.46,2172.58,1.7,4.88,215.0,0.119,PM2.5-1HR
33,840271453052,2026-03-09,3.31,6.55,67.54,0.07,4.42,325.33,1005.2,1841.35,1.2,4.18,215.0,0.826,PM2.5-1HR
33,840271713201,2026-03-09,2.65,7.46,65.58,0.02,4.76,319.54,1004.73,1551.56,1.4,4.46,215.0,0.069,PM2.5-1HR
33,840270370470,2026-03-10,3.18,3.03,76.96,0.1,4.19,23.63,1013.8,1587.68,2.75,6.35,215.0,0.706,PM2.5-1HR
33,840270530910,2026-03-10,3.6,2.4,78.17,0.21,4.11,24.61,1014.5,1285.64,2.7,6.28,215.0,0.428,PM2.5-1HR
33,840270530963,2026-03-10,3.16,2.65,78,0.2,3.98,23.22,1014.33,6218.27,2.7,6.28,215.0,0.582,PM2.5-1HR
33,840270531904,2026-03-10,3.16,2.65,78,0.2,3.98,23.22,1014.33,3960.43,2.7,6.28,215.0,0.223,PM2.5-1HR
33,840271230871,2026-03-10,2.73,2.51,77.79,0.16,4.2,24.03,1014.23,3026.06,2.4,5.86,215.0,0.412,PM2.5-1HR
33,840271390505,2026-03-10,3.07,2.62,76.83,0.15,4.41,20.25,1014.15,2172.58,2.6,6.14,215.0,0.119,PM2.5-1HR
33,840271453052,2026-03-10,3.06,0.83,77.92,0.1,4.01,28.93,1016.1,1841.35,1.9,5.16,215.0,0.826,PM2.5-1HR
33,840271713201,2026-03-10,2.62,1.46,78.17,0.23,4.79,27.32,1015.29,1551.56,1.5,4.6,215.0,0.069,PM2.5-1HR
33,840270370470,2026-03-11,3.75,-0.09,75.04,0.09,4.32,325.76,1019.57,1587.68,2.75,6.35,215.0,0.706,PM2.5-1HR
33,840270530910,2026-03-11,4.03,-0.34,74.92,0.11,3.83,325.51,1019.75,1285.64,2.95,6.63,215.0,0.428,PM2.5-1HR
33,840270530963,2026-03-11,3.78,-0.08,74.33,0.09,3.88,325.45,1019.69,6218.27,2.95,6.63,215.0,0.582,PM2.5-1HR
33,840270531904,2026-03-11,4.07,-0.08,74.33,0.09,3.88,325.45,1019.69,3960.43,2.95,6.63,215.0,0.223,PM2.5-1HR
33,840271230871,2026-03-11,3.37,-0.27,75.29,0.09,4.15,326.49,1019.5,3026.06,2.4,5.86,215.0,0.412,PM2.5-1HR
33,840271390505,2026-03-11,3.5,-0.17,73.88,0.08,4.08,325.19,1019.94,2172.58,2.5,6.0,215.0,0.119,PM2.5-1HR
33,840271453052,2026-03-11,4.54,-1.26,74.58,0.07,3.73,324.65,1020.96,1841.35,2.9,6.56,215.0,0.826,PM2.5-1HR
33,840271713201,2026-03-11,3.73,-0.79,73.83,0.12,4.36,324.2,1020.33,1551.56,2.4,5.86,215.0,0.069,PM2.5-1HR
33,840271713201,2026-03-12,6.35,-0.65,80.67,0.18,5.11,170.69,1012.69,1551.56,2.5,6.0,215.0,0.069,PM2.5-1HR
33,840270370470,2026-03-12,6.36,0.51,77.5,0.16,5.13,184.35,1013.5,1587.68,2.95,6.63,215.0,0.706,PM2.5-1HR
33,840270530910,2026-03-12,7.87,-0.39,80.46,0.12,4.13,170.67,1013.45,1285.64,3.3,7.12,215.0,0.428,PM2.5-1HR
33,840270530963,2026-03-12,6.97,-0.22,79.83,0.19,4.03,171.93,1013.48,6218.27,3.3,7.12,215.0,0.582,PM2.5-1HR
33,840270531904,2026-03-12,7.44,-0.22,79.83,0.19,4.03,171.93,1013.48,3960.43,3.3,7.12,215.0,0.223,PM2.5-1HR
33,840271230871,2026-03-12,6.94,-0.33,80.29,0.12,4.39,174.96,1013.69,3026.06,2.5,6.0,215.0,0.412,PM2.5-1HR
33,840271390505,2026-03-12,5.94,0.32,78.08,0.17,4.76,179.14,1013.08,2172.58,2.9,6.56,215.0,0.119,PM2.5-1HR
33,840271453052,2026-03-12,5.79,-1.47,84.25,0.13,4.3,154.15,1012.04,1841.35,2.5,6.0,215.0,0.826,PM2.5-1HR
33,840271713201,2026-03-13,2.42,-1.13,73.29,0.02,7.03,309.63,1008.88,1551.56,1.4,4.46,215.0,0.069,PM2.5-1HR
33,840270370470,2026-03-13,2.58,0.27,69.33,0.09,6.6,305.61,1008.21,1587.68,1.25,4.25,215.0,0.706,PM2.5-1HR
33,840270530910,2026-03-13,3,-0.05,70.17,0.05,6.04,310.52,1008.04,1285.64,1.68,4.852,215.0,0.428,PM2.5-1HR
33,840270530963,2026-03-13,2.64,0.09,70.08,0.31,5.98,310.24,1008.06,6218.27,1.68,4.852,215.0,0.582,PM2.5-1HR
33,840270531904,2026-03-13,2.79,0.09,70.08,0.31,5.98,310.24,1008.06,3960.43,1.68,4.852,215.0,0.223,PM2.5-1HR
33,840271230871,2026-03-13,2.58,-0.06,71.71,0.29,6.21,308.85,1007.77,3026.06,1.4,4.46,215.0,0.412,PM2.5-1HR
33,840271390505,2026-03-13,2.4,0.05,67.38,0.07,6.82,308.47,1008.78,2172.58,1.2,4.18,215.0,0.119,PM2.5-1HR
33,840271453052,2026-03-13,2.55,-1.47,70.13,0.03,6.52,313.12,1009.88,1841.35,1.3,4.32,215.0,0.826,PM2.5-1HR
33,840271713201,2026-03-14,3.82,-3.2,68.75,0.31,3.13,103.89,1020.19,1551.56,2.6,6.14,215.0,0.069,PM2.5-1HR
33,840270370470,2026-03-14,3.9,-2.24,71,0.27,3.18,95.78,1019.92,1587.68,2.85,6.49,215.0,0.706,PM2.5-1HR
33,840270530910,2026-03-14,4.22,-2.76,69.21,0.33,2.75,99.46,1020.2,1285.64,3.35,7.19,215.0,0.428,PM2.5-1HR
33,840270530963,2026-03-14,4.02,-2.62,69.25,0.33,2.72,95.75,1020.16,6218.27,3.35,7.19,215.0,0.582,PM2.5-1HR
33,840270531904,2026-03-14,4.06,-2.62,69.25,0.33,2.72,95.75,1020.16,3960.43,3.35,7.19,215.0,0.223,PM2.5-1HR
33,840271230871,2026-03-14,3.93,-2.8,70.04,0.32,2.98,99.67,1020.23,3026.06,2.9,6.56,215.0,0.412,PM2.5-1HR
33,840271390505,2026-03-14,4.2,-2.36,71.63,0.28,3.02,88.81,1019.82,2172.58,3.4,7.26,215.0,0.119,PM2.5-1HR
33,840271453052,2026-03-14,4.11,-3.61,68.54,0.25,2.68,110.11,1020.23,1841.35,2.4,5.86,215.0,0.826,PM2.5-1HR
33,840270370470,2026-03-15,2.69,-2.51,86.17,1.21,7.75,25.15,1012.09,1587.68,1.5,4.6,215.0,0.706,PM2.5-1HR
33,840270530910,2026-03-15,2.55,-2.5,84.5,0.8,7.44,25.04,1013.08,1285.64,1.15,4.11,215.0,0.428,PM2.5-1HR
33,840270530963,2026-03-15,2.51,-2.42,84.5,0.88,7.39,24.85,1012.82,6218.27,1.15,4.11,215.0,0.582,PM2.5-1HR
33,840270531904,2026-03-15,2.57,-2.42,84.5,0.88,7.39,24.85,1012.82,3960.43,1.15,4.11,215.0,0.223,PM2.5-1HR
33,840271230871,2026-03-15,2.23,-2.43,85.42,0.9,7.77,27.52,1012.57,3026.06,1.1,4.04,215.0,0.412,PM2.5-1HR
33,840271390505,2026-03-15,2.51,-2.64,84.67,0.97,8.24,23.67,1012.78,2172.58,1.1,4.04,215.0,0.119,PM2.5-1HR
33,840271453052,2026-03-15,2.36,-3.95,82.54,0.41,7.87,17.02,1016.33,1841.35,1.2,4.18,215.0,0.826,PM2.5-1HR
33,840271713201,2026-03-15,2.24,-3.14,82.79,0.55,8.67,22.08,1014.54,1551.56,1.2,4.18,215.0,0.069,PM2.5-1HR
33,840270370470,2026-03-16,2.91,-12.13,68.42,0,6.38,321.79,1019.9,1587.68,2.4,5.86,215.0,0.706,PM2.5-1HR
33,840270530910,2026-03-16,2.92,-11.93,67.08,0,6.05,327.59,1020,1285.64,2.5,6.0,215.0,0.428,PM2.5-1HR
33,840270530963,2026-03-16,2.82,-11.91,67.33,0,6.03,326.76,1019.94,6218.27,2.5,6.0,215.0,0.582,PM2.5-1HR
33,840270531904,2026-03-16,2.82,-11.91,67.33,0,6.03,326.76,1019.94,3960.43,2.5,6.0,215.0,0.223,PM2.5-1HR
33,840271230871,2026-03-16,2.54,-11.73,68.08,0,6.45,327.34,1019.52,3026.06,2.2,5.58,215.0,0.412,PM2.5-1HR
33,840271390505,2026-03-16,2.75,-12.46,68.21,0,6.74,324.8,1020.7,2172.58,2.5,6.0,215.0,0.119,PM2.5-1HR
33,840271453052,2026-03-16,2.68,-13.74,67.25,0,6.53,325.67,1022.6,1841.35,2.4,5.86,215.0,0.826,PM2.5-1HR
33,840271713201,2026-03-16,2.59,-12.84,67.33,0,7.01,327.05,1021.23,1551.56,2.2,5.58,215.0,0.069,PM2.5-1HR
33,840270370470,2026-03-17,4.38,-13.43,71.29,0.08,3.37,206.69,1021.23,1587.68,3.1,6.84,215.0,0.706,PM2.5-1HR
33,840270530910,2026-03-17,4.73,-13.87,71.04,0.08,3.02,194.06,1021.1,1285.64,3.18,6.952,215.0,0.428,PM2.5-1HR
33,840270530963,2026-03-17,4.31,-13.71,70.63,0.07,2.97,193.95,1021.15,6218.27,3.18,6.952,215.0,0.582,PM2.5-1HR
33,840270531904,2026-03-17,4.52,-13.71,70.63,0.07,2.97,193.95,1021.15,3960.43,3.18,6.952,215.0,0.223,PM2.5-1HR
33,840271230871,2026-03-17,4.14,-13.59,70.79,0.08,3.26,199.43,1021.22,3026.06,2.5,6.0,215.0,0.412,PM2.5-1HR
33,840271390505,2026-03-17,3.78,-13.27,73.04,0.07,3.26,197.77,1021.07,2172.58,2.8,6.42,215.0,0.119,PM2.5-1HR
33,840271453052,2026-03-17,3.99,-13.61,76.17,0.06,3.45,187.4,1020.43,1841.35,3.1,6.84,215.0,0.826,PM2.5-1HR
33,840271713201,2026-03-17,3.92,-13.64,74.25,0.07,3.71,200.44,1020.8,1551.56,2.9,6.56,215.0,0.069,PM2.5-1HR
33,840270370470,2026-03-18,9.41,-1.36,81.41,0,2.84,196.52,1013.08,1587.68,4.2,8.38,215.0,0.706,PM2.5-1HR
33,840270530910,2026-03-18,10.51,-1.68,81.13,0,2.59,180.85,1013.01,1285.64,4.4,8.66,215.0,0.428,PM2.5-1HR
33,840270530963,2026-03-18,9.45,-1.63,80.88,0,2.45,182.28,1013.07,6218.27,4.4,8.66,215.0,0.582,PM2.5-1HR
33,840270531904,2026-03-18,10.14,-1.63,80.88,0,2.45,182.2,1013.08,3960.43,4.4,8.66,215.0,0.223,PM2.5-1HR
33,840271230871,2026-03-18,10.85,-1.94,82.1,0,2.71,177.48,1013.23,3026.06,3.9,7.96,215.0,0.412,PM2.5-1HR
33,840271390505,2026-03-18,8.92,-1.58,82.25,0,2.57,196.8,1012.89,2172.58,4.5,8.8,215.0,0.119,PM2.5-1HR
33,840271453052,2026-03-18,8.35,-2.2,84.13,0,2.16,193.68,1012.08,1841.35,4.6,8.94,215.0,0.826,PM2.5-1HR
33,840271713201,2026-03-18,8.14,-2.17,85.07,0,2.93,195.05,1012.54,1551.56,4,8.1,215.0,0.069,PM2.5-1HR
33,840270370470,2026-03-19,24.49,3.62,81.79,0,2.88,149.38,1015.46,1587.68,6.7,11.88,215.0,0.706,PM2.5-1HR
33,840270530910,2026-03-19,26.44,3.63,81.21,0,2.81,130.81,1015.48,1285.64,17.23,26.622,215.0,0.428,PM2.5-1HR
33,840270530963,2026-03-19,25.75,3.57,81.32,0,2.68,131,1015.51,6218.27,17.23,26.622,215.0,0.582,PM2.5-1HR
33,840270531904,2026-03-19,27.64,3.57,81.31,0,2.67,130.97,1015.51,3960.43,17.23,26.622,215.0,0.223,PM2.5-1HR
33,840271230871,2026-03-19,20.69,3.36,81.59,0,2.63,129.03,1015.58,3026.06,15,23.5,215.0,0.412,PM2.5-1HR
33,840271390505,2026-03-19,20.68,3.31,82.85,0,2.79,141.98,1015.43,2172.58,8.2,13.98,215.0,0.119,PM2.5-1HR
33,840271453052,2026-03-19,14.86,4.37,82,0,3.29,144.2,1014.88,1841.35,11.1,18.04,215.0,0.826,PM2.5-1HR
33,840271713201,2026-03-19,18.31,3.88,82.05,0,3.26,138.93,1015.23,1551.56,9.5,15.8,215.0,0.069,PM2.5-1HR
33,840270370470,2026-03-20,8.39,9.48,78.96,0,2.72,275.51,1011.56,1587.68,4.25,8.45,215.0,0.706,PM2.5-1HR
33,840270530910,2026-03-20,10.22,9.46,80.33,0,2.46,277.84,1011.5,1285.64,5.45,10.13,215.0,0.428,PM2.5-1HR
33,840270530963,2026-03-20,10.22,9.52,80.21,0,2.39,278.38,1011.53,6218.27,5.45,10.13,215.0,0.582,PM2.5-1HR
33,840270531904,2026-03-20,11.48,9.52,80.21,0,2.39,278.38,1011.53,3960.43,5.45,10.13,215.0,0.223,PM2.5-1HR
33,840271230871,2026-03-20,11.71,8.99,80.96,0,2.43,277.48,1011.49,3026.06,4.4,8.66,215.0,0.412,PM2.5-1HR
33,840271390505,2026-03-20,6.39,8.75,79.04,0,2.44,278.92,1011.69,2172.58,3.5,7.4,215.0,0.119,PM2.5-1HR
33,840271453052,2026-03-20,6.13,8.97,77.58,0,2.47,288.75,1011.57,1841.35,3.1,6.84,215.0,0.826,PM2.5-1HR
33,840271713201,2026-03-20,7.4,9.14,78.42,0,2.8,276.1,1011.53,1551.56,4.3,8.52,215.0,0.069,PM2.5-1HR
33,840270370470,2026-03-21,8.53,13.62,68.83,0,4.17,231.58,1005.5,1587.68,3,6.7,215.0,0.706,PM2.5-1HR
33,840270530910,2026-03-21,9.06,13.01,70.96,0,3.73,223.11,1005.55,1285.64,3.15,6.91,215.0,0.428,PM2.5-1HR
33,840270530963,2026-03-21,8.55,13.15,70.71,0,3.62,222.47,1005.59,6218.27,3.15,6.91,215.0,0.582,PM2.5-1HR
33,840270531904,2026-03-21,9.15,13.15,70.71,0,3.62,222.47,1005.59,3960.43,3.15,6.91,215.0,0.223,PM2.5-1HR
33,840271230871,2026-03-21,10.65,12.66,71.58,0,3.89,219.17,1005.59,3026.06,2.9,6.56,215.0,0.412,PM2.5-1HR
33,840271390505,2026-03-21,6.32,13.13,68.79,0,3.87,235.55,1005.56,2172.58,2.9,6.56,215.0,0.119,PM2.5-1HR
33,840271453052,2026-03-21,5.96,11.76,71.42,0,4.33,249.17,1005.52,1841.35,2.5,6.0,215.0,0.826,PM2.5-1HR
33,840271713201,2026-03-21,5.56,12.57,69.71,0,4.77,239.75,1005.44,1551.56,2.6,6.14,215.0,0.069,PM2.5-1HR
33,840271713201,2026-03-22,2,2.33,69.71,0,5.24,353.26,1019.58,1551.56,0.8,3.62,215.0,0.069,PM2.5-1HR
33,840270370470,2026-03-22,2.86,2.88,74,0.07,4.73,355.54,1018.56,1587.68,0.65,3.41,215.0,0.706,PM2.5-1HR
33,840270530910,2026-03-22,2.84,2.59,72.04,0.02,4.42,357.07,1018.94,1285.64,0.78,3.592,215.0,0.428,PM2.5-1HR
33,840270530963,2026-03-22,2.9,2.82,72.04,0.02,4.35,356.86,1018.82,6218.27,0.78,3.592,215.0,0.582,PM2.5-1HR
33,840270531904,2026-03-22,2.85,2.82,72.04,0.02,4.35,356.86,1018.82,3960.43,0.78,3.592,215.0,0.223,PM2.5-1HR
33,840271230871,2026-03-22,2.59,2.47,73.04,0.03,4.58,357.44,1018.73,3026.06,0.5,3.2,215.0,0.412,PM2.5-1HR
33,840271390505,2026-03-22,2.65,2.89,71.54,0.04,4.73,355.1,1018.89,2172.58,1.3,4.32,215.0,0.119,PM2.5-1HR
33,840271453052,2026-03-22,2.38,1.54,71.54,0,4.75,348.89,1020.38,1841.35,1.4,4.46,215.0,0.826,PM2.5-1HR
33,840270370470,2026-03-23,3.6,1.81,60.54,0,2.7,226.03,1029.69,1587.68,2.9,6.56,215.0,0.706,PM2.5-1HR
33,840270530910,2026-03-23,4.83,1.7,61.33,0,2.63,229.64,1029.58,1285.64,3.03,6.742,215.0,0.428,PM2.5-1HR
33,840270530963,2026-03-23,4.03,1.85,60.75,0,2.54,226.65,1029.61,6218.27,3.03,6.742,215.0,0.582,PM2.5-1HR
33,840270531904,2026-03-23,4.29,1.85,60.75,0,2.54,226.65,1029.61,3960.43,3.03,6.742,215.0,0.223,PM2.5-1HR
33,840271230871,2026-03-23,3.68,1.64,60.96,0,2.61,231.97,1029.63,3026.06,2.9,6.56,215.0,0.412,PM2.5-1HR
33,840271390505,2026-03-23,3.66,1.84,57.5,0,2.88,217.77,1029.67,2172.58,2.9,6.56,215.0,0.119,PM2.5-1HR
33,840271453052,2026-03-23,3.57,1.24,58.75,0,3.2,220.04,1029.01,1841.35,2.9,6.56,215.0,0.826,PM2.5-1HR
33,840271713201,2026-03-23,3.43,1.44,58.21,0,3.5,227.65,1029.39,1551.56,2.8,6.42,215.0,0.069,PM2.5-1HR
33,840270370470,2026-03-24,10.37,6.47,59.13,0,3.23,170.02,1021.82,1587.68,5.8,10.62,215.0,0.706,PM2.5-1HR
33,840270530910,2026-03-24,12.45,6.51,60.67,0,2.78,164.67,1021.78,1285.64,5.8,10.62,215.0,0.428,PM2.5-1HR
33,840270530963,2026-03-24,9.79,6.56,60.21,0,2.7,164.93,1021.81,6218.27,5.8,10.62,215.0,0.582,PM2.5-1HR
33,840270531904,2026-03-24,10.21,6.56,60.21,0,2.7,164.93,1021.81,3960.43,5.8,10.62,215.0,0.223,PM2.5-1HR
33,840271230871,2026-03-24,10.7,6.45,59.63,0,2.89,166.43,1021.9,3026.06,4.9,9.36,215.0,0.412,PM2.5-1HR
33,840271390505,2026-03-24,9.9,6.63,56.46,0,3.08,169.02,1021.62,2172.58,6.2,11.18,215.0,0.119,PM2.5-1HR
33,840271453052,2026-03-24,8.41,6.21,58.58,0,3.12,155.26,1021.04,1841.35,4.8,9.22,215.0,0.826,PM2.5-1HR
33,840271713201,2026-03-24,8.91,6.58,57.17,0,3.54,164.22,1021.39,1551.56,5.6,10.34,215.0,0.069,PM2.5-1HR
33,840270370470,2026-03-25,15.14,11.23,59.5,0,2.86,205.41,1009.91,1587.68,7.25,12.65,215.0,0.706,PM2.5-1HR
33,840270530910,2026-03-25,17.58,10.96,61.92,0,2.65,199.99,1009.76,1285.64,8.45,14.33,215.0,0.428,PM2.5-1HR
33,840270530963,2026-03-25,14.68,11.07,61.54,0,2.47,200.86,1009.83,6218.27,8.45,14.33,215.0,0.582,PM2.5-1HR
33,840270531904,2026-03-25,15.68,11.07,61.54,0,2.47,200.86,1009.83,3960.43,8.45,14.33,215.0,0.223,PM2.5-1HR
33,840271230871,2026-03-25,16.13,10.93,60.88,0,2.77,201.71,1009.9,3026.06,8,13.7,215.0,0.412,PM2.5-1HR
33,840271390505,2026-03-25,14.35,11.41,56.42,0,2.52,208.09,1009.78,2172.58,7.5,13.0,215.0,0.119,PM2.5-1HR
33,840271453052,2026-03-25,10.04,11.11,59.17,0,2.69,229.74,1009.07,1841.35,3.7,7.68,215.0,0.826,PM2.5-1HR
33,840271713201,2026-03-25,11.81,11.51,56.17,0,3.33,216.91,1009.36,1551.56,5.2,9.78,215.0,0.069,PM2.5-1HR
33,840270031002,2026-03-26,4.1,3.8,58,0,5,353.49,1023.3,116.16,0.9,3.76,215.0,1.26,PM2.5-1HR
33,840270370470,2026-03-26,5.76,7,74.75,0.05,3.9,2.57,1014.92,1587.68,1.95,5.23,215.0,0.706,PM2.5-1HR
33,840270370480,2026-03-26,5.51,4.1,65,0,5.71,6.87,1022.7,704.53,1.95,5.23,215.0,0.038,PM2.5-1HR
33,840270530909,2026-03-26,2.68,3.8,69.92,0,4.28,357.18,1021.5,1316.53,2.16,5.524,215.0,0.444,PM2.5-1HR
33,840270530910,2026-03-26,5.55,6.53,74.42,0.05,3.82,2.82,1015.35,1285.64,2.16,5.524,215.0,0.428,PM2.5-1HR
33,840270530962,2026-03-26,5.98,3.5,65,0,4.42,342.01,1023.1,6156.89,2.16,5.524,215.0,0.012,PM2.5-1HR
33,840270530963,2026-03-26,5.04,6.85,73.88,0.02,3.71,2.27,1015.24,6218.27,2.16,5.524,215.0,0.582,PM2.5-1HR
33,840270531904,2026-03-26,5.29,6.85,73.88,0.02,3.71,2.27,1015.24,3960.43,2.16,5.524,215.0,0.223,PM2.5-1HR
33,840271230871,2026-03-26,5.45,6.65,74.29,0.04,3.91,2.72,1015.17,3026.06,2.1,5.44,215.0,0.412,PM2.5-1HR
33,840271390505,2026-03-26,4.59,6.7,73.42,0.05,4.09,2.34,1015.17,2172.58,1.1,4.04,215.0,0.119,PM2.5-1HR
33,840271453052,2026-03-26,4.62,4.63,77.33,0.2,4.28,354.46,1016.81,1841.35,1.2,4.18,215.0,0.826,PM2.5-1HR
33,840271713201,2026-03-26,3.64,5.74,74.5,0.23,4.67,354.53,1015.99,1551.56,1,3.9,215.0,0.069,PM2.5-1HR
33,840270031002,2026-03-27,3.91,-1.65,54.4,0,4.72,303.38,1036.24,116.16,3.4,7.26,215.0,1.26,PM2.5-1HR
33,840270370470,2026-03-27,4.34,-1.42,65.67,0,4.33,303.57,1035.26,1587.68,3.25,7.05,215.0,0.706,PM2.5-1HR
33,840270370480,2026-03-27,3.97,-1.51,60.05,0,5.51,295.64,1036.56,704.53,3.25,7.05,215.0,0.038,PM2.5-1HR
33,840270530909,2026-03-27,4.4,-1.68,62.83,0,3.85,309.52,1035.23,1316.53,3.52,7.428,215.0,0.444,PM2.5-1HR
33,840270530910,2026-03-27,4.82,-1.68,62.83,0,3.85,309.52,1035.23,1285.64,3.52,7.428,215.0,0.428,PM2.5-1HR
33,840270530962,2026-03-27,4.4,-1.39,59.7,0,4.35,303.87,1036.3,6156.89,3.52,7.428,215.0,0.012,PM2.5-1HR
33,840270530963,2026-03-27,4.26,-1.49,63.21,0,3.83,309.92,1035.23,6218.27,3.52,7.428,215.0,0.582,PM2.5-1HR
33,840270531904,2026-03-27,4.52,-1.49,63.21,0,3.83,309.92,1035.23,3960.43,3.52,7.428,215.0,0.223,PM2.5-1HR
33,840271230871,2026-03-27,4.31,-1.66,64.46,0,3.9,309.14,1035.07,3026.06,3.3,7.12,215.0,0.412,PM2.5-1HR
33,840271390505,2026-03-27,4.36,-1.48,61.92,0,4.46,309.24,1035.58,2172.58,3,6.7,215.0,0.119,PM2.5-1HR
33,840271453052,2026-03-27,3.85,-2.65,58.46,0,4.83,309.3,1036.14,1841.35,3.3,7.12,215.0,0.826,PM2.5-1HR
33,840271713201,2026-03-27,3.7,-2.18,59.67,0,4.84,308.96,1035.68,1551.56,3.1,6.84,215.0,0.069,PM2.5-1HR
33,840270031002,2026-03-28,5.81,1.38,51.42,0,4.12,196.21,1027.86,116.16,4.7,9.08,215.0,1.26,PM2.5-1HR
33,840270370470,2026-03-28,5.49,1.8,50.92,0,4.63,202.26,1028.43,1587.68,4.3,8.52,215.0,0.706,PM2.5-1HR
33,840270370480,2026-03-28,5.08,1.98,48.13,0,5.4,201.78,1028.38,704.53,4.3,8.52,215.0,0.038,PM2.5-1HR
33,840270530909,2026-03-28,6.11,1.55,53.04,0,3.86,195.8,1028.08,1316.53,4.92,9.388,215.0,0.444,PM2.5-1HR
33,840270530910,2026-03-28,6.78,1.55,53.04,0,3.86,195.8,1028.08,1285.64,4.92,9.388,215.0,0.428,PM2.5-1HR
33,840270530962,2026-03-28,5.82,1.71,52.83,0,3.72,196.75,1028.19,6156.89,4.92,9.388,215.0,0.012,PM2.5-1HR
33,840270530963,2026-03-28,5.86,1.71,52.83,0,3.72,196.75,1028.19,6218.27,4.92,9.388,215.0,0.582,PM2.5-1HR
33,840270531904,2026-03-28,5.78,1.71,52.83,0,3.72,196.75,1028.19,3960.43,4.92,9.388,215.0,0.223,PM2.5-1HR
33,840271230871,2026-03-28,5.49,1.35,52.79,0,3.96,197.66,1028.38,3026.06,4.3,8.52,215.0,0.412,PM2.5-1HR
33,840271390505,2026-03-28,5.5,2.18,49.04,0,4.5,203.16,1028.05,2172.58,4.3,8.52,215.0,0.119,PM2.5-1HR
33,840271453052,2026-03-28,6.26,1.55,53.13,0,4.27,193.4,1026.33,1841.35,4.6,8.94,215.0,0.826,PM2.5-1HR
33,840271713201,2026-03-28,5.79,1.69,50.79,0,5.21,200.07,1027.25,1551.56,3.9,7.96,215.0,0.069,PM2.5-1HR
33,840270031002,2026-03-29,10.83,9.89,44.37,0,3.41,191.05,1014.3,116.16,5.6,10.34,215.0,1.26,PM2.5-1HR
33,840270370470,2026-03-29,11.59,10.48,50.08,0,3.68,192.1,1013.59,1587.68,5.45,10.13,215.0,0.706,PM2.5-1HR
33,840270370480,2026-03-29,10.4,10.22,41.11,0,4.87,184.43,1014.44,704.53,5.45,10.13,215.0,0.038,PM2.5-1HR
33,840270530909,2026-03-29,14.86,10.17,52.29,0,2.77,184.57,1013.52,1316.53,5.8,10.62,215.0,0.444,PM2.5-1HR
33,840270530910,2026-03-29,14.47,10.17,52.29,0,2.77,184.57,1013.52,1285.64,5.8,10.62,215.0,0.428,PM2.5-1HR
33,840270530962,2026-03-29,14.59,9.75,48.68,0,2.96,194.4,1014.5,6156.89,5.8,10.62,215.0,0.012,PM2.5-1HR
33,840270530963,2026-03-29,14.22,10.35,51.75,0,2.59,185.5,1013.58,6218.27,5.8,10.62,215.0,0.582,PM2.5-1HR
33,840270531904,2026-03-29,13.32,10.35,51.75,0,2.59,185.5,1013.58,3960.43,5.8,10.62,215.0,0.223,PM2.5-1HR
33,840271230871,2026-03-29,11.28,10.16,51.71,0,2.8,185.38,1013.7,3026.06,5.5,10.2,215.0,0.412,PM2.5-1HR
33,840271390505,2026-03-29,10.94,10.34,47.04,0,3.15,194.98,1013.43,2172.58,5.4,10.06,215.0,0.119,PM2.5-1HR
33,840271453052,2026-03-29,11.65,9.27,49.13,0,2.4,190.38,1012.73,1841.35,6.1,11.04,215.0,0.826,PM2.5-1HR
33,840271713201,2026-03-29,11.46,9.94,46.54,0,3.57,193.19,1013.09,1551.56,4.9,9.36,215.0,0.069,PM2.5-1HR
33,840270370470,2026-03-30,12.02,12.24,65.04,0,2.76,95.93,1007.1,1587.68,4.55,8.87,215.0,0.706,PM2.5-1HR
33,840270530909,2026-03-30,14.59,10.96,66.38,0,2.35,71.97,1007.56,1316.53,4.94,9.416,215.0,0.444,PM2.5-1HR
33,840270530910,2026-03-30,19.76,10.96,66.38,0,2.35,71.97,1007.56,1285.64,4.94,9.416,215.0,0.428,PM2.5-1HR
33,840270530963,2026-03-30,14.35,11.4,66.25,0,2.29,80.6,1007.42,6218.27,4.94,9.416,215.0,0.582,PM2.5-1HR
33,840270531904,2026-03-30,15.03,11.4,66.25,0,2.29,80.6,1007.42,3960.43,4.94,9.416,215.0,0.223,PM2.5-1HR
33,840271230871,2026-03-30,12.42,11.4,65.96,0,2.51,88.9,1007.43,3026.06,4.3,8.52,215.0,0.412,PM2.5-1HR
33,840271390505,2026-03-30,14.35,11.39,65,0,2.65,77.39,1007.18,2172.58,6.2,11.18,215.0,0.119,PM2.5-1HR
33,840271453052,2026-03-30,8.43,8.08,61.08,0,3.62,54.13,1008.54,1841.35,3.9,7.96,215.0,0.826,PM2.5-1HR
33,840271713201,2026-03-30,9.17,9.85,62.58,0,3.85,53.02,1007.94,1551.56,3.9,7.96,215.0,0.069,PM2.5-1HR
33,840270370470,2026-03-31,3.93,5.05,62.63,0.01,4.31,349.08,1015.14,1587.68,2.95,6.63,215.0,0.706,PM2.5-1HR
33,840270530909,2026-03-31,3.87,4.62,59.96,0.05,4.32,351.7,1015.55,1316.53,3.04,6.756,215.0,0.444,PM2.5-1HR
33,840270530910,2026-03-31,4.3,4.62,59.96,0.05,4.32,351.7,1015.55,1285.64,3.04,6.756,215.0,0.428,PM2.5-1HR
33,840270530963,2026-03-31,3.79,4.85,60.13,0.01,4.18,350.97,1015.43,6218.27,3.04,6.756,215.0,0.582,PM2.5-1HR
33,840270531904,2026-03-31,3.69,4.85,60.13,0.01,4.18,350.97,1015.43,3960.43,3.04,6.756,215.0,0.223,PM2.5-1HR
33,840271230871,2026-03-31,3.31,4.78,60.38,0.02,4.41,352.25,1015.25,3026.06,2.7,6.28,215.0,0.412,PM2.5-1HR
33,840271390505,2026-03-31,3.95,4.95,57.96,0.02,4.64,351.81,1015.6,2172.58,2.8,6.42,215.0,0.119,PM2.5-1HR
33,840271453052,2026-03-31,3.45,2.87,58,0,4.45,348.56,1017.4,1841.35,2.6,6.14,215.0,0.826,PM2.5-1HR
33,840271713201,2026-03-31,3.62,3.96,55.67,0,5,353.42,1016.48,1551.56,2.4,5.86,215.0,0.069,PM2.5-1HR
33,840270031002,2026-04-01,2.45,4.06,53.2,0.12,4.81,54.84,1020.56,116.16,1.5,4.6,215.0,1.26,PM2.5-1HR
33,840270370470,2026-04-01,3.11,2.82,61.13,0.01,4.42,68.54,1023.43,1587.68,2.65,6.21,215.0,0.706,PM2.5-1HR
33,840270370480,2026-04-01,3.2,3.94,55.6,0.12,6.51,68.53,1019.32,704.53,2.65,6.21,215.0,0.038,PM2.5-1HR
33,840270530909,2026-04-01,3.43,2.75,59.5,0.03,3.89,67.73,1023.9,1316.53,2.6,6.14,215.0,0.444,PM2.5-1HR
33,840270530910,2026-04-01,3.26,2.75,59.5,0.03,3.89,67.73,1023.9,1285.64,2.6,6.14,215.0,0.428,PM2.5-1HR
33,840270530962,2026-04-01,3.23,4.24,54.4,0.04,4.78,59.61,1020.06,6156.89,2.6,6.14,215.0,0.012,PM2.5-1HR
33,840270530963,2026-04-01,3.18,2.88,59.21,0.03,3.87,67.58,1023.77,6218.27,2.6,6.14,215.0,0.582,PM2.5-1HR
33,840270531904,2026-04-01,3.06,2.88,59.21,0.03,3.87,67.58,1023.77,3960.43,2.6,6.14,215.0,0.223,PM2.5-1HR
33,840271230871,2026-04-01,2.83,2.75,59.54,0.03,4.13,68.65,1023.84,3026.06,2.4,5.86,215.0,0.412,PM2.5-1HR
33,840271390505,2026-04-01,3.19,2.94,58.75,0.05,4.38,65.09,1023.42,2172.58,2.4,5.86,215.0,0.119,PM2.5-1HR
33,840271453052,2026-04-01,2.57,1.29,64.46,0.1,4.36,71.92,1024.48,1841.35,1.6,4.74,215.0,0.826,PM2.5-1HR
33,840271713201,2026-04-01,2.59,1.99,59.33,0.01,4.92,63.63,1024.19,1551.56,1.5,4.6,215.0,0.069,PM2.5-1HR
33,840270031002,2026-04-02,1.41,0.73,89.67,0.78,4.73,60.72,1011.63,116.16,0.5,3.2,215.0,1.26,PM2.5-1HR
33,840270370470,2026-04-02,2.3,0.74,94,1.06,4.74,60.29,1010.82,1587.68,1.3,4.32,215.0,0.706,PM2.5-1HR
33,840270370480,2026-04-02,2.78,0.64,94.46,1,5.36,60.35,1010.68,704.53,1.3,4.32,215.0,0.038,PM2.5-1HR
33,840270530909,2026-04-02,2.2,0.76,90.5,0.84,4.38,60.16,1011.37,1316.53,1.28,4.292,215.0,0.444,PM2.5-1HR
33,840270530910,2026-04-02,1.93,0.76,90.5,0.84,4.38,60.16,1011.37,1285.64,1.28,4.292,215.0,0.428,PM2.5-1HR
33,840270530962,2026-04-02,3.21,0.88,90.38,0.89,4.32,59.54,1011.22,6156.89,1.28,4.292,215.0,0.012,PM2.5-1HR
33,840270530963,2026-04-02,2.18,0.88,90.38,0.89,4.32,59.54,1011.22,6218.27,1.28,4.292,215.0,0.582,PM2.5-1HR
33,840270531904,2026-04-02,2.23,0.88,90.38,0.89,4.32,59.54,1011.22,3960.43,1.28,4.292,215.0,0.223,PM2.5-1HR
33,840271230871,2026-04-02,1.68,0.74,90.83,0.98,4.58,62.35,1011.23,3026.06,0.6,3.34,215.0,0.412,PM2.5-1HR
33,840271390505,2026-04-02,2.54,0.9,92.42,0.85,4.73,55.05,1010.95,2172.58,1.2,4.18,215.0,0.119,PM2.5-1HR
33,840271453052,2026-04-02,1.83,-0.12,91,0.75,4.83,58.46,1012.38,1841.35,0.7,3.48,215.0,0.826,PM2.5-1HR
33,840271713201,2026-04-02,1.67,0.4,91.08,0.68,5.15,53.69,1011.79,1551.56,0.6,3.34,215.0,0.069,PM2.5-1HR
33,840270031002,2026-04-03,1.55,1.53,80.63,0.22,3.95,27.5,1017.86,116.16,0.6,3.34,215.0,1.26,PM2.5-1HR
33,840270370470,2026-04-03,2.2,2.18,84.33,0.39,4.12,35.33,1017.38,1587.68,1.55,4.67,215.0,0.706,PM2.5-1HR
33,840270370480,2026-04-03,2.43,1.87,82.58,0.1,4.49,31.59,1017.35,704.53,1.55,4.67,215.0,0.038,PM2.5-1HR
33,840270530909,2026-04-03,2.36,1.9,82.88,0.61,3.77,36.07,1017.73,1316.53,1.16,4.124,215.0,0.444,PM2.5-1HR
33,840270530910,2026-04-03,2.29,1.9,82.88,0.61,3.77,36.07,1017.73,1285.64,1.16,4.124,215.0,0.428,PM2.5-1HR
33,840270530962,2026-04-03,2.67,1.96,81.16,0.04,3.64,25.82,1017.55,6156.89,1.16,4.124,215.0,0.012,PM2.5-1HR
33,840270530963,2026-04-03,2.41,2.11,82.29,0.53,3.77,36.41,1017.61,6218.27,1.16,4.124,215.0,0.582,PM2.5-1HR
33,840270531904,2026-04-03,2.32,2.11,82.29,0.53,3.77,36.41,1017.61,3960.43,1.16,4.124,215.0,0.223,PM2.5-1HR
33,840271230871,2026-04-03,1.76,2.02,82.58,0.48,4.01,36.02,1017.61,3026.06,0.8,3.62,215.0,0.412,PM2.5-1HR
33,840271390505,2026-04-03,2.37,2.16,82.17,0.44,3.93,34.63,1017.5,2172.58,1,3.9,215.0,0.119,PM2.5-1HR
33,840271453052,2026-04-03,2,-0.41,89.04,0.12,3.65,39.08,1018.85,1841.35,1.1,4.04,215.0,0.826,PM2.5-1HR
33,840271713201,2026-04-03,1.5,0.91,83.92,0.22,4.29,34.11,1018.21,1551.56,0.6,3.34,215.0,0.069,PM2.5-1HR
33,840270370470,2026-04-04,2.62,1.7,86.63,0.25,4.65,302.55,1013.84,1587.68,0.7,3.48,215.0,0.706,PM2.5-1HR
33,840270530909,2026-04-04,1.85,1.56,86.42,0.2,4,313.44,1013.76,1316.53,1,3.9,215.0,0.444,PM2.5-1HR
33,840270530910,2026-04-04,1.85,1.56,86.42,0.2,4,313.44,1013.76,1285.64,1,3.9,215.0,0.428,PM2.5-1HR
33,840270530963,2026-04-04,1.81,1.71,86,0.23,4.01,312.54,1013.77,6218.27,1,3.9,215.0,0.582,PM2.5-1HR
33,840270531904,2026-04-04,1.79,1.71,86,0.23,4.01,312.54,1013.77,3960.43,1,3.9,215.0,0.223,PM2.5-1HR
33,840271230871,2026-04-04,1.58,1.6,86.33,0.23,4.22,308.14,1013.62,3026.06,0.7,3.48,215.0,0.412,PM2.5-1HR
33,840271453052,2026-04-04,1.73,-0.01,90.96,0.24,4.23,321.71,1014.82,1841.35,0.7,3.48,215.0,0.826,PM2.5-1HR
33,840271713201,2026-04-04,1.12,0.86,86.58,0.28,5.05,317.67,1014.28,1551.56,0.3,2.92,215.0,0.069,PM2.5-1HR
33,840270031002,2026-04-05,3.9,6.84,61.93,0.01,4.77,284.61,1022.61,116.16,2.6,6.14,215.0,1.26,PM2.5-1HR
33,840270370470,2026-04-05,4.17,3.98,71.96,0.07,4.4,292.57,1022.38,1587.68,2.75,6.35,215.0,0.706,PM2.5-1HR
33,840270370480,2026-04-05,3.91,7.34,62.57,0.1,5.3,286.45,1022.99,704.53,2.75,6.35,215.0,0.038,PM2.5-1HR
33,840270530909,2026-04-05,4.25,3.73,71.13,0.03,3.97,292.98,1022.21,1316.53,2.84,6.476,215.0,0.444,PM2.5-1HR
33,840270530910,2026-04-05,4.39,3.73,71.13,0.03,3.97,292.98,1022.21,1285.64,2.84,6.476,215.0,0.428,PM2.5-1HR
33,840270530962,2026-04-05,4.12,6.99,65.14,0.06,4.13,280.05,1022.78,6156.89,2.84,6.476,215.0,0.012,PM2.5-1HR
33,840270530963,2026-04-05,4,3.86,71.46,0.04,3.86,292.15,1022.26,6218.27,2.84,6.476,215.0,0.582,PM2.5-1HR
33,840270531904,2026-04-05,4.1,3.86,71.46,0.04,3.86,292.15,1022.26,3960.43,2.84,6.476,215.0,0.223,PM2.5-1HR
33,840271230871,2026-04-05,4.04,3.77,71.63,0.1,4.13,291.81,1022.1,3026.06,2.5,6.0,215.0,0.412,PM2.5-1HR
33,840271453052,2026-04-05,4.71,1.29,81.5,0.04,4.2,287.88,1022.91,1841.35,3.2,6.98,215.0,0.826,PM2.5-1HR
33,840271713201,2026-04-05,3.9,3.2,71.58,0.05,5.06,292.5,1022.53,1551.56,2.7,6.28,215.0,0.069,PM2.5-1HR
33,840270031002,2026-04-06,3.06,1.43,64.68,0,5.2,326.8,1029.15,116.16,1.4,4.46,215.0,1.26,PM2.5-1HR
33,840270370470,2026-04-06,3.42,0.97,65.42,0,4.73,325.09,1029.74,1587.68,1.55,4.67,215.0,0.706,PM2.5-1HR
33,840270370480,2026-04-06,3.23,1.36,68.16,0,5.92,326.75,1029.31,704.53,1.55,4.67,215.0,0.038,PM2.5-1HR
33,840270530909,2026-04-06,3.47,0.84,63.29,0,4.43,328.74,1029.81,1316.53,1.96,5.244,215.0,0.444,PM2.5-1HR
33,840270530910,2026-04-06,3.57,0.84,63.29,0,4.43,328.74,1029.81,1285.64,1.96,5.244,215.0,0.428,PM2.5-1HR
33,840270530962,2026-04-06,3.62,1.65,67.79,0,4.78,319.66,1029.04,6156.89,1.96,5.244,215.0,0.012,PM2.5-1HR
33,840270530963,2026-04-06,5.61,1,63.63,0,4.38,327.77,1029.77,6218.27,1.96,5.244,215.0,0.582,PM2.5-1HR
33,840270531904,2026-04-06,3.43,1,63.63,0,4.38,327.77,1029.77,3960.43,1.96,5.244,215.0,0.223,PM2.5-1HR
33,840271230871,2026-04-06,3.24,0.95,64.5,0,4.55,327.31,1029.57,3026.06,1.5,4.6,215.0,0.412,PM2.5-1HR
33,840271453052,2026-04-06,2.79,-1.33,62.71,0,5.22,336.62,1031.46,1841.35,1.5,4.6,215.0,0.826,PM2.5-1HR
33,840271713201,2026-04-06,2.83,-0.14,60.79,0,5.53,328.25,1030.63,1551.56,1.3,4.32,215.0,0.069,PM2.5-1HR
33,840270370470,2026-04-07,4.12,0.31,48.04,0,3.36,119.47,1029.99,1587.68,2.9,6.56,215.0,0.706,PM2.5-1HR
33,840270530909,2026-04-07,4.45,-0.03,50,0,2.94,122.61,1030.06,1316.53,3.08,6.812,215.0,0.444,PM2.5-1HR
33,840270530910,2026-04-07,4.89,-0.03,50,0,2.94,122.61,1030.06,1285.64,3.08,6.812,215.0,0.428,PM2.5-1HR
33,840270530963,2026-04-07,4.31,0.14,50.21,0,2.92,121.52,1030.06,6218.27,3.08,6.812,215.0,0.582,PM2.5-1HR
33,840270531904,2026-04-07,4.2,0.14,50.21,0,2.92,121.52,1030.06,3960.43,3.08,6.812,215.0,0.223,PM2.5-1HR
33,840271230871,2026-04-07,3.91,0.02,49.71,0,3.14,121.72,1030.17,3026.06,2.8,6.42,215.0,0.412,PM2.5-1HR
33,840271453052,2026-04-07,3.65,-0.82,45,0,3.7,128.27,1029.4,1841.35,2.8,6.42,215.0,0.826,PM2.5-1HR
33,840271713201,2026-04-07,3.47,-0.33,44.13,0,3.81,122.59,1029.74,1551.56,2.7,6.28,215.0,0.069,PM2.5-1HR
33,840270370470,2026-04-08,6.98,7.96,61.67,0.03,5.38,212.21,1011.64,1587.68,3.15,6.91,215.0,0.706,PM2.5-1HR
33,840270530909,2026-04-08,7.59,7.49,63.33,0.07,4.88,208.46,1011.55,1316.53,3.52,7.428,215.0,0.444,PM2.5-1HR
33,840270530910,2026-04-08,8.02,7.49,63.33,0.07,4.88,208.46,1011.55,1285.64,3.52,7.428,215.0,0.428,PM2.5-1HR
33,840270530963,2026-04-08,7.22,7.7,62.79,0.05,4.73,207.86,1011.63,6218.27,3.52,7.428,215.0,0.582,PM2.5-1HR
33,840270531904,2026-04-08,7.08,7.7,62.79,0.05,4.73,207.86,1011.63,3960.43,3.52,7.428,215.0,0.223,PM2.5-1HR
33,840271230871,2026-04-08,7.2,7.61,63,0.04,5.06,206.4,1011.69,3026.06,3.4,7.26,215.0,0.412,PM2.5-1HR
33,840271453052,2026-04-08,6.24,5.31,64.25,0.02,5.13,220.66,1011.28,1841.35,2.6,6.14,215.0,0.826,PM2.5-1HR
33,840271713201,2026-04-08,6.29,6.83,60.54,0.02,6.01,217.84,1011.36,1551.56,2.6,6.14,215.0,0.069,PM2.5-1HR
33,840270370470,2026-04-09,3.79,3.73,67.79,0.05,3.49,293.03,1021.33,1587.68,2.4,5.86,215.0,0.706,PM2.5-1HR
33,840270530909,2026-04-09,3.78,3.8,65.13,0.03,3.3,292.92,1021.18,1316.53,2.68,6.252,215.0,0.444,PM2.5-1HR
33,840270530910,2026-04-09,3.84,3.8,65.13,0.03,3.3,292.92,1021.18,1285.64,2.68,6.252,215.0,0.428,PM2.5-1HR
33,840270530963,2026-04-09,3.56,3.98,65.46,0.03,3.25,291.89,1021.19,6218.27,2.68,6.252,215.0,0.582,PM2.5-1HR
33,840270531904,2026-04-09,3.68,3.98,65.46,0.03,3.25,291.89,1021.19,3960.43,2.68,6.252,215.0,0.223,PM2.5-1HR
33,840271230871,2026-04-09,3.95,3.91,65.63,0.04,3.4,290.96,1021.11,3026.06,2.7,6.28,215.0,0.412,PM2.5-1HR
33,840271390505,2026-04-09,3.18,3.82,64.58,0.03,3.41,295.42,1021.46,2172.58,2.3,5.72,215.0,0.119,PM2.5-1HR
33,840271453052,2026-04-09,3.24,1.85,69.67,0.06,3.83,295.56,1021.59,1841.35,1.7,4.88,215.0,0.826,PM2.5-1HR
33,840271713201,2026-04-09,3.08,2.97,66.08,0.03,4.06,292.7,1021.38,1551.56,1.9,5.16,215.0,0.069,PM2.5-1HR
33,840270370470,2026-04-10,7.06,4.69,68.67,0,2.39,309.86,1027.73,1587.68,4.2,8.38,215.0,0.706,PM2.5-1HR
33,840270530909,2026-04-10,8.09,4.65,66.88,0,2.22,293.12,1027.64,1316.53,4.22,8.408,215.0,0.444,PM2.5-1HR
33,840270530910,2026-04-10,8.57,4.65,66.88,0,2.22,293.12,1027.64,1285.64,4.22,8.408,215.0,0.428,PM2.5-1HR
33,840270530963,2026-04-10,6.13,4.8,67,0,2.21,292.79,1027.66,6218.27,4.22,8.408,215.0,0.582,PM2.5-1HR
33,840270531904,2026-04-10,7.24,4.8,67,0,2.21,292.79,1027.66,3960.43,4.22,8.408,215.0,0.223,PM2.5-1HR
33,840271230871,2026-04-10,7.26,4.71,67.79,0,2.36,294.76,1027.59,3026.06,4.2,8.38,215.0,0.412,PM2.5-1HR
33,840271390505,2026-04-10,6.33,4.84,63.46,0,2.37,312.06,1027.81,2172.58,4.3,8.52,215.0,0.119,PM2.5-1HR
33,840271453052,2026-04-10,5.95,3.53,65.04,0,2.64,281.01,1027.82,1841.35,3.9,7.96,215.0,0.826,PM2.5-1HR
33,840271713201,2026-04-10,6.6,4.27,62,0,3.02,285.76,1027.75,1551.56,4.1,8.24,215.0,0.069,PM2.5-1HR
33,840270370470,2026-04-11,14.21,6.11,78.54,0.91,4.15,146.74,1022.8,1587.68,6.9,12.16,215.0,0.706,PM2.5-1HR
33,840270530909,2026-04-11,16.84,5.53,80.21,1.04,3.55,135.96,1022.92,1316.53,7.16,12.524,215.0,0.444,PM2.5-1HR
33,840270530910,2026-04-11,17.64,5.53,80.21,1.04,3.55,135.96,1022.92,1285.64,7.16,12.524,215.0,0.428,PM2.5-1HR
33,840270530963,2026-04-11,14.44,5.7,80.25,0.82,3.47,130.77,1022.93,6218.27,7.16,12.524,215.0,0.582,PM2.5-1HR
33,840270531904,2026-04-11,13.75,5.7,80.25,0.82,3.47,130.77,1022.93,3960.43,7.16,12.524,215.0,0.223,PM2.5-1HR
33,840271230871,2026-04-11,12.77,5.5,79.83,0.87,3.7,136.87,1023.11,3026.06,6.6,11.74,215.0,0.412,PM2.5-1HR
33,840271390505,2026-04-11,10.81,5.93,78.88,0.84,3.79,133.65,1022.49,2172.58,5.4,10.06,215.0,0.119,PM2.5-1HR
33,840271453052,2026-04-11,13.33,4.57,79.88,0.7,4.36,119.92,1021.97,1841.35,7.5,13.0,215.0,0.826,PM2.5-1HR
33,840271713201,2026-04-11,13.12,5.18,79.63,1.39,4.47,121.99,1022.43,1551.56,6.1,11.04,215.0,0.069,PM2.5-1HR
33,840270370470,2026-04-12,7.21,17.94,79.54,0,5.73,192.41,1002.09,1587.68,3.7,7.68,215.0,0.706,PM2.5-1HR
33,840270530909,2026-04-12,7.18,17.41,78.75,0.06,4.9,187.77,1001.72,1316.53,4.32,8.548,215.0,0.444,PM2.5-1HR
33,840270530910,2026-04-12,7.71,17.41,78.75,0.06,4.9,187.77,1001.72,1285.64,4.32,8.548,215.0,0.428,PM2.5-1HR
33,840270530963,2026-04-12,7.6,17.66,78.83,0.08,4.92,188.23,1001.84,6218.27,4.32,8.548,215.0,0.582,PM2.5-1HR
33,840270531904,2026-04-12,7.05,17.66,78.83,0.08,4.92,188.23,1001.84,3960.43,4.32,8.548,215.0,0.223,PM2.5-1HR
33,840271230871,2026-04-12,7.05,17.41,79.88,0.29,5.29,188.8,1002.06,3026.06,3.9,7.96,215.0,0.412,PM2.5-1HR
33,840271390505,2026-04-12,6.29,18.12,76.25,0,5.25,194.34,1001.61,2172.58,3.8,7.82,215.0,0.119,PM2.5-1HR
33,840271453052,2026-04-12,7.62,17.48,71.21,0.02,5.35,198.67,1000.41,1841.35,2.5,6.0,215.0,0.826,PM2.5-1HR
33,840271713201,2026-04-12,6.74,17.9,70.13,0.01,6.04,200.65,1001.03,1551.56,2.5,6.0,215.0,0.069,PM2.5-1HR
33,840270370470,2026-04-13,6.79,15.28,82.92,0.34,2.39,51.81,1005.79,1587.68,4.15,8.31,215.0,0.706,PM2.5-1HR
33,840270530909,2026-04-13,8.12,14.28,82.21,0.08,2.77,27.46,1006.16,1316.53,3.72,7.708,215.0,0.444,PM2.5-1HR
33,840270530910,2026-04-13,7.91,14.28,82.21,0.08,2.77,27.46,1006.16,1285.64,3.72,7.708,215.0,0.428,PM2.5-1HR
33,840270530963,2026-04-13,6.35,14.75,82.08,0.07,2.6,30.6,1006.03,6218.27,3.72,7.708,215.0,0.582,PM2.5-1HR
33,840270531904,2026-04-13,6.44,14.75,82.08,0.07,2.6,30.6,1006.03,3960.43,3.72,7.708,215.0,0.223,PM2.5-1HR
33,840271230871,2026-04-13,5.77,14.9,82.83,0.25,2.66,30.34,1006.04,3026.06,3.7,7.68,215.0,0.412,PM2.5-1HR
33,840271390505,2026-04-13,6.66,14.41,81.88,0.06,2.78,42.38,1005.82,2172.58,4.3,8.52,215.0,0.119,PM2.5-1HR
33,840271453052,2026-04-13,4.72,12.25,82.5,0.04,3.31,40.85,1007.05,1841.35,3.1,6.84,215.0,0.826,PM2.5-1HR
33,840271713201,2026-04-13,4.59,12.85,83.88,0.34,3.75,33.07,1006.6,1551.56,2.8,6.42,215.0,0.069,PM2.5-1HR
33,840270370470,2026-04-14,7.15,12.7,86.04,0,1.97,1.03,1006.05,1587.68,4.1,8.24,215.0,0.706,PM2.5-1HR
33,840270530909,2026-04-14,6.19,12.15,84.21,0.01,1.97,7.18,1006.27,1316.53,3.08,6.812,215.0,0.444,PM2.5-1HR
33,840270530910,2026-04-14,6.07,12.15,84.21,0.01,1.97,7.18,1006.27,1285.64,3.08,6.812,215.0,0.428,PM2.5-1HR
33,840270530963,2026-04-14,6.4,12.48,83.75,0.01,1.88,359.5,1006.21,6218.27,3.08,6.812,215.0,0.582,PM2.5-1HR
33,840270531904,2026-04-14,6.02,12.48,83.75,0.01,1.88,359.5,1006.21,3960.43,3.08,6.812,215.0,0.223,PM2.5-1HR
33,840271230871,2026-04-14,5.8,12.39,85.54,0.03,2.06,7.17,1006.16,3026.06,3.2,6.98,215.0,0.412,PM2.5-1HR
33,840271390505,2026-04-14,5.15,12.25,82.63,0.05,2.18,356.8,1006.2,2172.58,2.9,6.56,215.0,0.119,PM2.5-1HR
33,840271453052,2026-04-14,5.09,10.6,78,0,2.63,328.12,1006.9,1841.35,2.6,6.14,215.0,0.826,PM2.5-1HR
33,840271713201,2026-04-14,4.93,11.21,81.08,0.08,2.66,347.18,1006.56,1551.56,2.5,6.0,215.0,0.069,PM2.5-1HR
33,840270031002,2026-04-15,4.49,13.78,63,0,1.56,39.97,1005.48,116.16,3.2,6.98,215.0,1.26,PM2.5-1HR
33,840270370470,2026-04-15,7.01,12.5,77.08,0,1.41,39.81,1006.79,1587.68,4.5,8.8,215.0,0.706,PM2.5-1HR
33,840270370480,2026-04-15,6.99,13,69.6,0,1.97,36.25,1005.46,704.53,4.5,8.8,215.0,0.038,PM2.5-1HR
33,840270530909,2026-04-15,7.53,10.18,84,0,1.47,36.86,1007.08,1316.53,4.3,8.52,215.0,0.444,PM2.5-1HR
33,840270530910,2026-04-15,7.63,12.38,75.96,0,1.21,49.27,1006.94,1285.64,4.3,8.52,215.0,0.428,PM2.5-1HR
33,840270530962,2026-04-15,6.81,14.74,66.6,0,1.42,22,1005.44,6156.89,4.3,8.52,215.0,0.012,PM2.5-1HR
33,840270530963,2026-04-15,7.89,12.67,76.38,0,1.17,45.21,1006.9,6218.27,4.3,8.52,215.0,0.582,PM2.5-1HR
33,840270531904,2026-04-15,6.68,12.67,76.38,0,1.17,45.21,1006.9,3960.43,4.3,8.52,215.0,0.223,PM2.5-1HR
33,840271230871,2026-04-15,6.25,12.48,76.29,0,1.48,57.19,1006.85,3026.06,4.1,8.24,215.0,0.412,PM2.5-1HR
33,840271390505,2026-04-15,7.08,12.14,75.67,0,1.44,36.44,1006.85,2172.58,4.5,8.8,215.0,0.119,PM2.5-1HR
33,840271453052,2026-04-15,5.02,10.94,73.17,0,1.25,83.19,1007.1,1841.35,2.9,6.56,215.0,0.826,PM2.5-1HR
33,840271713201,2026-04-15,5.16,11.54,73.08,0,1.37,69.01,1007.07,1551.56,2.9,6.56,215.0,0.069,PM2.5-1HR
33,840270031002,2026-04-16,5.81,15.76,59.17,0,3.27,148.42,1006.48,116.16,3.1,6.84,215.0,1.26,PM2.5-1HR
33,840270370470,2026-04-16,6.2,16.03,60.46,0,3.05,150.49,1006.72,1587.68,2.85,6.49,215.0,0.706,PM2.5-1HR
33,840270370480,2026-04-16,5.28,16.24,58,0,3.74,151.38,1006.6,704.53,2.85,6.49,215.0,0.038,PM2.5-1HR
33,840270530909,2026-04-16,11.5,15.99,61.08,0,2.86,145.65,1006.59,1316.53,3.3,7.12,215.0,0.444,PM2.5-1HR
33,840270530910,2026-04-16,12.72,15.99,61.08,0,2.86,145.65,1006.59,1285.64,3.3,7.12,215.0,0.428,PM2.5-1HR
33,840270530962,2026-04-16,9.04,16.11,60.92,0,2.73,143.73,1006.63,6156.89,3.3,7.12,215.0,0.012,PM2.5-1HR
33,840270530963,2026-04-16,8.6,16.11,60.92,0,2.73,143.73,1006.63,6218.27,3.3,7.12,215.0,0.582,PM2.5-1HR
33,840270531904,2026-04-16,9.26,16.11,60.92,0,2.73,143.73,1006.63,3960.43,3.3,7.12,215.0,0.223,PM2.5-1HR
33,840271230871,2026-04-16,6.45,15.79,61.71,0,2.87,139.58,1006.77,3026.06,2.7,6.28,215.0,0.412,PM2.5-1HR
33,840271390505,2026-04-16,6.26,16.18,59.58,0,3.22,150.95,1006.41,2172.58,2.8,6.42,215.0,0.119,PM2.5-1HR
33,840271453052,2026-04-16,5.01,15.9,55.88,0,4.24,167.45,1005.34,1841.35,3.1,6.84,215.0,0.826,PM2.5-1HR
33,840271713201,2026-04-16,4.96,16.1,56.46,0,4.35,161.92,1005.99,1551.56,3,6.7,215.0,0.069,PM2.5-1HR
33,840270031002,2026-04-17,5.03,12.34,61.96,0.05,5.69,234.18,1003.89,116.16,2.8,6.42,215.0,1.26,PM2.5-1HR
33,840270370470,2026-04-17,5.51,12.27,68.67,0.1,6.03,231.66,1004.1,1587.68,3.1,6.84,215.0,0.706,PM2.5-1HR
33,840270370480,2026-04-17,5.28,12,66.71,0.04,7.03,235.65,1004.24,704.53,3.1,6.84,215.0,0.038,PM2.5-1HR
33,840270530909,2026-04-17,5.3,12.13,66.58,0.05,5.08,231.06,1004,1316.53,3.32,7.148,215.0,0.444,PM2.5-1HR
33,840270530910,2026-04-17,5.61,12.13,66.58,0.05,5.08,231.06,1004,1285.64,3.32,7.148,215.0,0.428,PM2.5-1HR
33,840270530962,2026-04-17,5.31,12.3,66.88,0.05,5.01,229.7,1004.03,6156.89,3.32,7.148,215.0,0.012,PM2.5-1HR
33,840270530963,2026-04-17,5.41,12.3,66.88,0.05,5.01,229.7,1004.03,6218.27,3.32,7.148,215.0,0.582,PM2.5-1HR
33,840270531904,2026-04-17,5.26,12.3,66.88,0.05,5.01,229.7,1004.03,3960.43,3.32,7.148,215.0,0.223,PM2.5-1HR
33,840271230871,2026-04-17,4.99,12.26,68.71,0.05,5.19,224.5,1004.01,3026.06,3,6.7,215.0,0.412,PM2.5-1HR
33,840271390505,2026-04-17,4.9,12.19,64.42,0.1,5.84,246.77,1004.21,2172.58,3,6.7,215.0,0.119,PM2.5-1HR
33,840271453052,2026-04-17,4.66,9.03,60.96,0.37,5.82,283.3,1004.74,1841.35,2.8,6.42,215.0,0.826,PM2.5-1HR
33,840271713201,2026-04-17,4.64,11.05,61.67,0.23,6.62,266.82,1004.2,1551.56,3,6.7,215.0,0.069,PM2.5-1HR
33,840270031002,2026-04-18,3.26,2.27,45.08,0,6.17,292.26,1014.46,116.16,2.7,6.28,215.0,1.26,PM2.5-1HR
33,840270370470,2026-04-18,3.25,2.06,52.88,0,6.08,292.64,1014.93,1587.68,2.55,6.07,215.0,0.706,PM2.5-1HR
33,840270370480,2026-04-18,2.97,1.94,49.5,0,6.8,291.97,1015.18,704.53,2.55,6.07,215.0,0.038,PM2.5-1HR
33,840270530909,2026-04-18,3.56,2.07,52.13,0,5.59,292.93,1014.66,1316.53,2.76,6.364,215.0,0.444,PM2.5-1HR
33,840270530910,2026-04-18,3.53,2.07,52.13,0,5.59,292.93,1014.66,1285.64,2.76,6.364,215.0,0.428,PM2.5-1HR
33,840270530962,2026-04-18,3.44,2.13,52.79,0,5.51,292.5,1014.73,6156.89,2.76,6.364,215.0,0.012,PM2.5-1HR
33,840270530963,2026-04-18,3.4,2.13,52.79,0,5.51,292.5,1014.73,6218.27,2.76,6.364,215.0,0.582,PM2.5-1HR
33,840270531904,2026-04-18,3.52,2.13,52.79,0,5.51,292.5,1014.73,3960.43,2.76,6.364,215.0,0.223,PM2.5-1HR
33,840271230871,2026-04-18,3.34,2.03,53.21,0,5.75,292.46,1014.55,3026.06,2.7,6.28,215.0,0.412,PM2.5-1HR
33,840271390505,2026-04-18,3.03,2.37,48.88,0,6.23,293.69,1015.18,2172.58,2.6,6.14,215.0,0.119,PM2.5-1HR
33,840271453052,2026-04-18,3.09,1.39,49,0,6.47,294.21,1014.88,1841.35,2.5,6.0,215.0,0.826,PM2.5-1HR
33,840271713201,2026-04-18,2.98,2.09,47.75,0,6.92,293.89,1014.78,1551.56,2.5,6.0,215.0,0.069,PM2.5-1HR
33,840270031002,2026-04-19,3.18,3.06,47.71,0.05,3.38,324.71,1022.9,116.16,2.2,5.58,215.0,1.26,PM2.5-1HR
33,840270370470,2026-04-19,3.54,2.87,57.08,0.01,3.33,309.26,1022.9,1587.68,2.6,6.14,215.0,0.706,PM2.5-1HR
33,840270370480,2026-04-19,3.29,2.58,54.67,0.01,3.76,312.49,1023.02,704.53,2.6,6.14,215.0,0.038,PM2.5-1HR
33,840270530909,2026-04-19,3.78,3.01,55.5,0,2.96,324.17,1022.87,1316.53,2.58,6.112,215.0,0.444,PM2.5-1HR
33,840270530910,2026-04-19,3.79,3.01,55.5,0,2.96,324.17,1022.87,1285.64,2.58,6.112,215.0,0.428,PM2.5-1HR
33,840270530962,2026-04-19,3.57,3.05,57,0,2.83,322.53,1022.86,6156.89,2.58,6.112,215.0,0.012,PM2.5-1HR
33,840270530963,2026-04-19,3.72,3.05,57,0,2.83,322.53,1022.86,6218.27,2.58,6.112,215.0,0.582,PM2.5-1HR
33,840270531904,2026-04-19,3.63,3.05,57,0,2.83,322.53,1022.86,3960.43,2.58,6.112,215.0,0.223,PM2.5-1HR
33,840271230871,2026-04-19,3.41,2.98,57.04,0,3.07,323.98,1022.79,3026.06,2.3,5.72,215.0,0.412,PM2.5-1HR
33,840271390505,2026-04-19,3.67,2.95,55.38,0.01,3.37,314.3,1023.07,2172.58,2.3,5.72,215.0,0.119,PM2.5-1HR
33,840271453052,2026-04-19,3.34,1.84,54.54,0.03,3.46,327.87,1023.55,1841.35,2.4,5.86,215.0,0.826,PM2.5-1HR
33,840271713201,2026-04-19,3.11,2.61,52.75,0.01,3.64,325.42,1023.19,1551.56,2.3,5.72,215.0,0.069,PM2.5-1HR
33,840270031002,2026-04-20,5.46,6.85,44.33,0,3.64,155.74,1020.51,116.16,3.7,7.68,215.0,1.26,PM2.5-1HR
33,840270370470,2026-04-20,5.68,6.96,48.5,0,3.59,157.38,1020.72,1587.68,3.85,7.89,215.0,0.706,PM2.5-1HR
33,840270370480,2026-04-20,5.37,6.85,47.58,0,4.3,161.83,1020.59,704.53,3.85,7.89,215.0,0.038,PM2.5-1HR
33,840270530909,2026-04-20,6.89,6.77,49.75,0,3.31,150.5,1020.62,1316.53,4.26,8.464,215.0,0.444,PM2.5-1HR
33,840270530910,2026-04-20,7.92,6.77,49.75,0,3.31,150.5,1020.62,1285.64,4.26,8.464,215.0,0.428,PM2.5-1HR
33,840270530962,2026-04-20,6.23,6.82,51,0,3.16,148.7,1020.67,6156.89,4.26,8.464,215.0,0.012,PM2.5-1HR
33,840270530963,2026-04-20,5.88,6.82,51,0,3.16,148.7,1020.67,6218.27,4.26,8.464,215.0,0.582,PM2.5-1HR
33,840270531904,2026-04-20,6.03,6.82,51,0,3.16,148.7,1020.67,3960.43,4.26,8.464,215.0,0.223,PM2.5-1HR
33,840271230871,2026-04-20,6.33,6.63,50.71,0,3.41,149.95,1020.81,3026.06,4.2,8.38,215.0,0.412,PM2.5-1HR
33,840271390505,2026-04-20,5.69,7.12,49.04,0,3.69,157.8,1020.43,2172.58,3.8,7.82,215.0,0.119,PM2.5-1HR
33,840271453052,2026-04-20,5.27,6.2,47.71,0,3.89,159.07,1019.49,1841.35,3.5,7.4,215.0,0.826,PM2.5-1HR
33,840271713201,2026-04-20,5.97,6.73,45.08,0,4.43,159.31,1020.07,1551.56,3.4,7.26,215.0,0.069,PM2.5-1HR
33,840270031002,2026-04-21,9.1,15.19,44.29,0,2.27,15.26,1010.5,116.16,2.6,6.14,215.0,1.26,PM2.5-1HR
33,840270370470,2026-04-21,12.93,14.31,59.71,0,2.02,341.37,1010.37,1587.68,3.3,7.12,215.0,0.706,PM2.5-1HR
33,840270370480,2026-04-21,11.15,14.16,59.13,0,2.55,332.98,1010.29,704.53,3.3,7.12,215.0,0.038,PM2.5-1HR
33,840270530909,2026-04-21,14.03,14.41,53.96,0,1.91,20.78,1010.46,1316.53,3.7,7.68,215.0,0.444,PM2.5-1HR
33,840270530910,2026-04-21,13.9,14.41,53.96,0,1.91,20.78,1010.46,1285.64,3.7,7.68,215.0,0.428,PM2.5-1HR
33,840270530962,2026-04-21,12.03,14.16,58.21,0,1.72,21.72,1010.45,6156.89,3.7,7.68,215.0,0.012,PM2.5-1HR
33,840270530963,2026-04-21,11.9,14.16,58.21,0,1.72,21.72,1010.45,6218.27,3.7,7.68,215.0,0.582,PM2.5-1HR
33,840270531904,2026-04-21,11.35,14.16,58.21,0,1.72,21.72,1010.45,3960.43,3.7,7.68,215.0,0.223,PM2.5-1HR
33,840271230871,2026-04-21,8.89,14.02,57.67,0,1.98,35.27,1010.46,3026.06,3.7,7.68,215.0,0.412,PM2.5-1HR
33,840271390505,2026-04-21,7.66,13.8,57.88,0,1.83,8.55,1010.41,2172.58,2.8,6.42,215.0,0.119,PM2.5-1HR
33,840271453052,2026-04-21,6.06,12.41,54.21,0,2.19,357.83,1010.71,1841.35,2.7,6.28,215.0,0.826,PM2.5-1HR
33,840271713201,2026-04-21,5.3,13.9,49.29,0,2.5,8.91,1010.55,1551.56,2.6,6.14,215.0,0.069,PM2.5-1HR
33,840270031002,2026-04-22,7.82,18.48,40.08,0,4.83,132.62,1009.36,116.16,3.8,7.82,215.0,1.26,PM2.5-1HR
33,840270370470,2026-04-22,10.1,17.73,49.58,0,4.8,133.98,1009.55,1587.68,6,10.9,215.0,0.706,PM2.5-1HR
33,840270370480,2026-04-22,8.84,17.91,49,0,5.61,135.86,1009.27,704.53,6,10.9,215.0,0.038,PM2.5-1HR
33,840270530909,2026-04-22,9.69,18.12,44.71,0,4.42,132.53,1009.45,1316.53,5.36,10.004,215.0,0.444,PM2.5-1HR
33,840270530910,2026-04-22,10.6,18.12,44.71,0,4.42,132.53,1009.45,1285.64,5.36,10.004,215.0,0.428,PM2.5-1HR
33,840270530962,2026-04-22,8.75,17.78,49.54,0,4.24,130.47,1009.5,6156.89,5.36,10.004,215.0,0.012,PM2.5-1HR
33,840270530963,2026-04-22,8.42,17.78,49.54,0,4.24,130.47,1009.5,6218.27,5.36,10.004,215.0,0.582,PM2.5-1HR
33,840270531904,2026-04-22,8.25,17.78,49.54,0,4.24,130.47,1009.5,3960.43,5.36,10.004,215.0,0.223,PM2.5-1HR
33,840271230871,2026-04-22,7.6,17.22,50.21,0,4.38,127.85,1009.76,3026.06,4.8,9.22,215.0,0.412,PM2.5-1HR
33,840271390505,2026-04-22,8.8,17.93,50.67,0,4.59,128.22,1009.06,2172.58,6.5,11.6,215.0,0.119,PM2.5-1HR
33,840271453052,2026-04-22,6.94,17.12,47.63,0,4.94,130.71,1008.02,1841.35,3.9,7.96,215.0,0.826,PM2.5-1HR
33,840271713201,2026-04-22,6.67,18.46,41.92,0,5.7,133.6,1008.72,1551.56,4.4,8.66,215.0,0.069,PM2.5-1HR
33,840270031002,2026-04-23,7.07,18.38,78.42,0.48,5.5,184.25,1000.55,116.16,4.5,8.8,215.0,1.26,PM2.5-1HR
33,840270370470,2026-04-23,7.01,18.15,81.29,0.57,5.5,183.64,1000.98,1587.68,4.25,8.45,215.0,0.706,PM2.5-1HR
33,840270370480,2026-04-23,6.56,17.84,82.08,0.4,6.59,184.68,1000.87,704.53,4.25,8.45,215.0,0.038,PM2.5-1HR
33,840270530909,2026-04-23,7.99,18.4,78.46,0.34,5.13,183.23,1000.73,1316.53,4.74,9.136,215.0,0.444,PM2.5-1HR
33,840270530910,2026-04-23,8.62,18.4,78.46,0.34,5.13,183.23,1000.73,1285.64,4.74,9.136,215.0,0.428,PM2.5-1HR
33,840270530962,2026-04-23,7.22,18.41,79.21,0.51,4.85,182.89,1000.82,6156.89,4.74,9.136,215.0,0.012,PM2.5-1HR
33,840270530963,2026-04-23,7.02,18.41,79.21,0.51,4.85,182.89,1000.82,6218.27,4.74,9.136,215.0,0.582,PM2.5-1HR
33,840270531904,2026-04-23,7.18,18.41,79.21,0.51,4.85,182.89,1000.82,3960.43,4.74,9.136,215.0,0.223,PM2.5-1HR
33,840271230871,2026-04-23,7.26,18.14,81.25,0.57,4.97,182.28,1001.02,3026.06,4.9,9.36,215.0,0.412,PM2.5-1HR
33,840271390505,2026-04-23,6.76,18.08,81,0.52,5.44,184.64,1000.58,2172.58,4,8.1,215.0,0.119,PM2.5-1HR
33,840271453052,2026-04-23,5.63,17.75,75.5,0.15,5.88,180.89,999.33,1841.35,2.4,5.86,215.0,0.826,PM2.5-1HR
33,840271713201,2026-04-23,6.34,18.16,76,0.1,6.86,178.85,1000.01,1551.56,3.9,7.96,215.0,0.069,PM2.5-1HR
33,840270031002,2026-04-24,3.23,10.29,51.75,0,3.67,316.65,1009.15,116.16,1.4,4.46,215.0,1.26,PM2.5-1HR
33,840270370470,2026-04-24,3.49,10.48,55.79,0,3.83,315.69,1009.18,1587.68,1.4,4.46,215.0,0.706,PM2.5-1HR
33,840270370480,2026-04-24,3.75,10.2,53.33,0,4.34,323.29,1009.4,704.53,1.4,4.46,215.0,0.038,PM2.5-1HR
33,840270530909,2026-04-24,4.23,10.37,55.42,0,3.45,319.51,1009.18,1316.53,1.56,4.684,215.0,0.444,PM2.5-1HR
33,840270530910,2026-04-24,4.5,10.37,55.42,0,3.45,319.51,1009.18,1285.64,1.56,4.684,215.0,0.428,PM2.5-1HR
33,840270530962,2026-04-24,3.85,10.48,56.08,0,3.38,317.31,1009.16,6156.89,1.56,4.684,215.0,0.012,PM2.5-1HR
33,840270530963,2026-04-24,3.6,10.48,56.08,0,3.38,317.31,1009.16,6218.27,1.56,4.684,215.0,0.582,PM2.5-1HR
33,840270531904,2026-04-24,3.74,10.48,56.08,0,3.38,317.31,1009.16,3960.43,1.56,4.684,215.0,0.223,PM2.5-1HR
33,840271230871,2026-04-24,4.49,10.5,56.92,0,3.59,315.83,1008.97,3026.06,1.4,4.46,215.0,0.412,PM2.5-1HR
33,840271390505,2026-04-24,3.73,10.16,54.21,0,3.73,321.78,1009.53,2172.58,1.4,4.46,215.0,0.119,PM2.5-1HR
33,840271453052,2026-04-24,3.12,8.98,47.75,0,3.92,318.7,1010.03,1841.35,1.3,4.32,215.0,0.826,PM2.5-1HR
33,840271713201,2026-04-24,3.2,9.78,49.63,0,4.23,320.83,1009.63,1551.56,1.3,4.32,215.0,0.069,PM2.5-1HR
33,840270031002,2026-04-25,4.94,8.85,65.58,0.05,1.46,0.88,1016.4,116.16,3.5,7.4,215.0,1.26,PM2.5-1HR
33,840270370470,2026-04-25,5.22,9.18,69.04,0.1,1.77,10.42,1016.32,1587.68,3.25,7.05,215.0,0.706,PM2.5-1HR
33,840270370480,2026-04-25,4.54,8.79,69.46,0.14,2.02,6.04,1016.33,704.53,3.25,7.05,215.0,0.038,PM2.5-1HR
33,840270530909,2026-04-25,5.64,9.25,67.54,0.11,1.46,1.06,1016.37,1316.53,4.26,8.464,215.0,0.444,PM2.5-1HR
33,840270530910,2026-04-25,5.88,9.25,67.54,0.11,1.46,1.06,1016.37,1285.64,4.26,8.464,215.0,0.428,PM2.5-1HR
33,840270530962,2026-04-25,5.56,9.34,68.25,0.12,1.46,7.52,1016.36,6156.89,4.26,8.464,215.0,0.012,PM2.5-1HR
33,840270530963,2026-04-25,5.65,9.34,68.25,0.12,1.46,7.52,1016.36,6218.27,4.26,8.464,215.0,0.582,PM2.5-1HR
33,840270531904,2026-04-25,5.37,9.34,68.25,0.12,1.46,7.52,1016.36,3960.43,4.26,8.464,215.0,0.223,PM2.5-1HR
33,840271230871,2026-04-25,5.07,9.26,69.75,0.08,1.54,18.83,1016.31,3026.06,3.2,6.98,215.0,0.412,PM2.5-1HR
33,840271390505,2026-04-25,5.36,9.1,68.25,0.19,1.84,357.21,1016.39,2172.58,3.4,7.26,215.0,0.119,PM2.5-1HR
33,840271453052,2026-04-25,4.03,7.97,65.75,0.1,2.23,339.3,1016.91,1841.35,2.6,6.14,215.0,0.826,PM2.5-1HR
33,840271713201,2026-04-25,4.54,8.8,63.5,0.1,2.2,329.14,1016.48,1551.56,3.5,7.4,215.0,0.069,PM2.5-1HR
33,840270031002,2026-04-26,3.55,9.89,77.71,0.82,4.41,36.23,1016.12,116.16,2.6,6.14,215.0,1.26,PM2.5-1HR
33,840270370470,2026-04-26,4.5,11.8,73.25,0.23,3.77,36.31,1015.08,1587.68,3.35,7.19,215.0,0.706,PM2.5-1HR
33,840270370480,2026-04-26,4.66,11.64,72.67,0.06,4.31,39.44,1014.97,704.53,3.35,7.19,215.0,0.038,PM2.5-1HR
33,840270530909,2026-04-26,3.95,10.43,77.13,0.23,4.06,34.63,1015.78,1316.53,3.12,6.868,215.0,0.444,PM2.5-1HR
33,840270530910,2026-04-26,4.24,10.43,77.13,0.23,4.06,34.63,1015.78,1285.64,3.12,6.868,215.0,0.428,PM2.5-1HR
33,840270530962,2026-04-26,4.07,10.83,76.17,0.15,3.94,34.57,1015.57,6156.89,3.12,6.868,215.0,0.012,PM2.5-1HR
33,840270530963,2026-04-26,4.46,10.83,76.17,0.15,3.94,34.57,1015.57,6218.27,3.12,6.868,215.0,0.582,PM2.5-1HR
33,840270531904,2026-04-26,4.06,10.83,76.17,0.15,3.94,34.57,1015.57,3960.43,3.12,6.868,215.0,0.223,PM2.5-1HR
33,840271230871,2026-04-26,4.21,11,76.29,0.26,4.06,35.6,1015.51,3026.06,3.2,6.98,215.0,0.412,PM2.5-1HR
33,840271390505,2026-04-26,4.19,10.66,75.96,0.17,4.26,35.19,1015.34,2172.58,2.8,6.42,215.0,0.119,PM2.5-1HR
33,840271453052,2026-04-26,2.53,7.71,80.79,0.24,4.54,40.68,1017.18,1841.35,1.5,4.6,215.0,0.826,PM2.5-1HR
33,840271713201,2026-04-26,2.98,9.19,78.46,0.13,5.08,36.69,1016.45,1551.56,2,5.3,215.0,0.069,PM2.5-1HR
33,840270031002,2026-04-27,4.75,10.9,92.42,1.45,4.9,81.45,1002.65,116.16,0.4,3.06,215.0,1.26,PM2.5-1HR
33,840271713201,2026-04-27,4.53,10.14,92.79,1.37,5.45,61.17,1002.95,1551.56,0.4,3.06,215.0,0.069,PM2.5-1HR
33,840270370470,2026-04-27,5.32,11.96,90.17,1.15,5.4,131.88,1002.19,1587.68,0.45,3.13,215.0,0.706,PM2.5-1HR
33,840270370480,2026-04-27,5.71,11.75,91.29,1.04,6.05,134.39,1002.13,704.53,0.45,3.13,215.0,0.038,PM2.5-1HR
33,840270530909,2026-04-27,5.58,11.44,91.17,1.41,4.61,99.75,1002.46,1316.53,0.72,3.508,215.0,0.444,PM2.5-1HR
33,840270530910,2026-04-27,5.79,11.44,91.17,1.41,4.61,99.75,1002.46,1285.64,0.72,3.508,215.0,0.428,PM2.5-1HR
33,840270530962,2026-04-27,6.59,11.76,89.96,1.13,4.63,110.34,1002.37,6156.89,0.72,3.508,215.0,0.012,PM2.5-1HR
33,840270530963,2026-04-27,5.28,11.76,89.96,1.13,4.63,110.34,1002.37,6218.27,0.72,3.508,215.0,0.582,PM2.5-1HR
33,840270531904,2026-04-27,5.56,11.76,89.96,1.13,4.63,110.34,1002.37,3960.43,0.72,3.508,215.0,0.223,PM2.5-1HR
33,840271230871,2026-04-27,5.04,11.73,89.79,1.03,4.9,118.86,1002.39,3026.06,0.4,3.06,215.0,0.412,PM2.5-1HR
33,840271390505,2026-04-27,5.2,11.56,92.17,1.13,4.97,101.3,1002.24,2172.58,0.4,3.06,215.0,0.119,PM2.5-1HR
33,840271453052,2026-04-27,3.14,8.41,94.42,1.27,5.09,37.97,1003.84,1841.35,0.6,3.34,215.0,0.826,PM2.5-1HR
33,840271713201,2026-04-28,2.01,7.87,59.04,0,5.47,306.33,1014.51,1551.56,1,3.9,215.0,0.069,PM2.5-1HR
33,840270031002,2026-04-28,1.99,8.27,59.96,0,4.79,300.92,1014,116.16,0.5,3.2,215.0,1.26,PM2.5-1HR
33,840270370470,2026-04-28,2.18,8.36,63.71,0,4.79,302.62,1014.31,1587.68,0.55,3.27,215.0,0.706,PM2.5-1HR
33,840270370480,2026-04-28,2.06,8.13,63,0,5.36,306.32,1014.58,704.53,0.55,3.27,215.0,0.038,PM2.5-1HR
33,840270530909,2026-04-28,2.38,8.38,61.96,0,4.39,304.04,1014.09,1316.53,0.5,3.2,215.0,0.444,PM2.5-1HR
33,840270530910,2026-04-28,2.51,8.38,61.96,0,4.39,304.04,1014.09,1285.64,0.5,3.2,215.0,0.428,PM2.5-1HR
33,840270530962,2026-04-28,2.45,8.47,62.25,0,4.29,303.79,1014.16,6156.89,0.5,3.2,215.0,0.012,PM2.5-1HR
33,840270530963,2026-04-28,2.23,8.47,62.25,0,4.29,303.79,1014.16,6218.27,0.5,3.2,215.0,0.582,PM2.5-1HR
33,840270531904,2026-04-28,2.41,8.47,62.25,0,4.29,303.79,1014.16,3960.43,0.5,3.2,215.0,0.223,PM2.5-1HR
33,840271230871,2026-04-28,2.15,8.4,63.25,0,4.53,301.5,1013.93,3026.06,0.4,3.06,215.0,0.412,PM2.5-1HR
33,840271390505,2026-04-28,2.15,8.54,60.79,0,4.81,305.84,1014.6,2172.58,0.7,3.48,215.0,0.119,PM2.5-1HR
33,840271453052,2026-04-28,2.12,7.18,57.46,0,5.24,309.83,1014.98,1841.35,0.9,3.76,215.0,0.826,PM2.5-1HR
33,840271713201,2026-04-29,2.92,6.5,53.25,0.02,3.68,320.68,1018.78,1551.56,2.2,5.58,215.0,0.069,PM2.5-1HR
33,840270031002,2026-04-29,2.85,6.58,52.96,0.01,3.38,319.2,1018.53,116.16,2.1,5.44,215.0,1.26,PM2.5-1HR
33,840270370470,2026-04-29,3.22,7.43,54.42,0.01,3.36,318.31,1018.48,1587.68,2.25,5.65,215.0,0.706,PM2.5-1HR
33,840270370480,2026-04-29,3.06,7.15,54.29,0.01,3.59,319.92,1018.6,704.53,2.25,5.65,215.0,0.038,PM2.5-1HR
33,840270530909,2026-04-29,3.75,7.01,54.83,0.02,3.16,320.92,1018.52,1316.53,2.2,5.58,215.0,0.444,PM2.5-1HR
33,840270530910,2026-04-29,4.04,7.01,54.83,0.02,3.16,320.92,1018.52,1285.64,2.2,5.58,215.0,0.428,PM2.5-1HR
33,840270530962,2026-04-29,3.6,7.21,55,0.01,3.13,320.85,1018.51,6156.89,2.2,5.58,215.0,0.012,PM2.5-1HR
33,840270530963,2026-04-29,3.36,7.21,55,0.01,3.13,320.85,1018.51,6218.27,2.2,5.58,215.0,0.582,PM2.5-1HR
33,840270531904,2026-04-29,3.41,7.21,55,0.01,3.13,320.85,1018.51,3960.43,2.2,5.58,215.0,0.223,PM2.5-1HR
33,840271230871,2026-04-29,3.37,7.09,55.75,0.01,3.33,319.86,1018.42,3026.06,1.9,5.16,215.0,0.412,PM2.5-1HR
33,840271390505,2026-04-29,3.15,7.45,54.71,0.01,3.13,321.33,1018.64,2172.58,2.4,5.86,215.0,0.119,PM2.5-1HR
33,840271453052,2026-04-29,3.09,5.7,55,0.02,3.4,319.4,1019.06,1841.35,2.6,6.14,215.0,0.826,PM2.5-1HR
33,840271713201,2026-04-30,2.68,4.82,61.13,0,3.66,337.57,1018.87,1551.56,1.2,4.18,215.0,0.069,PM2.5-1HR
33,840270031002,2026-04-30,2.39,4.77,58.71,0,2.89,350.79,1018.63,116.16,1.2,4.18,215.0,1.26,PM2.5-1HR
33,840270370470,2026-04-30,3.43,5.55,60.63,0,3.14,337.89,1018.47,1587.68,2.25,5.65,215.0,0.706,PM2.5-1HR
33,840270370480,2026-04-30,3.19,5.37,59.75,0,3.57,335.13,1018.52,704.53,2.25,5.65,215.0,0.038,PM2.5-1HR
33,840270530909,2026-04-30,4.16,5.23,60.38,0,2.74,345.11,1018.6,1316.53,2.14,5.496,215.0,0.444,PM2.5-1HR
33,840270530910,2026-04-30,4.09,5.23,60.38,0,2.74,345.11,1018.6,1285.64,2.14,5.496,215.0,0.428,PM2.5-1HR
33,840270530962,2026-04-30,3.68,5.36,61.13,0,2.77,342.95,1018.55,6156.89,2.14,5.496,215.0,0.012,PM2.5-1HR
33,840270530963,2026-04-30,3.65,5.36,61.13,0,2.77,342.95,1018.55,6218.27,2.14,5.496,215.0,0.582,PM2.5-1HR
33,840270531904,2026-04-30,3.47,5.36,61.13,0,2.77,342.95,1018.55,3960.43,2.14,5.496,215.0,0.223,PM2.5-1HR
33,840271230871,2026-04-30,3.26,5.25,61.5,0,2.89,353.26,1018.48,3026.06,1.4,4.46,215.0,0.412,PM2.5-1HR
33,840271390505,2026-04-30,3.23,5.65,60.58,0,3.33,337.82,1018.63,2172.58,1.6,4.74,215.0,0.119,PM2.5-1HR
33,840271453052,2026-04-30,3.09,4.11,64.38,0.01,3.17,331.86,1019.28,1841.35,1.5,4.6,215.0,0.826,PM2.5-1HR
33,840270031002,2026-05-01,2.39,6.57,50.54,0,2.52,7.65,1019.23,116.16,1.5,4.6,215.0,1.26,PM2.5-1HR
33,840270370470,2026-05-01,3.25,6.57,53.46,0,2.75,14.38,1019.11,1587.68,2,5.3,215.0,0.706,PM2.5-1HR
33,840270370480,2026-05-01,3.33,6.02,55.33,0,2.87,6.35,1019.13,704.53,2,5.3,215.0,0.038,PM2.5-1HR
33,840270530909,2026-05-01,3.74,6.87,50.25,0,2.52,10.28,1019.2,1316.53,2.12,5.468,215.0,0.444,PM2.5-1HR
33,840270530910,2026-05-01,3.57,6.87,50.25,0,2.52,10.28,1019.2,1285.64,2.12,5.468,215.0,0.428,PM2.5-1HR
33,840270530962,2026-05-01,3.08,6.8,52.42,0,2.52,10.5,1019.16,6156.89,2.12,5.468,215.0,0.012,PM2.5-1HR
33,840270530963,2026-05-01,2.82,6.8,52.42,0,2.52,10.5,1019.16,6218.27,2.12,5.468,215.0,0.582,PM2.5-1HR
33,840270531904,2026-05-01,2.96,6.8,52.42,0,2.52,10.5,1019.16,3960.43,2.12,5.468,215.0,0.223,PM2.5-1HR
33,840271230871,2026-05-01,2.98,6.55,53.13,0,2.66,10.76,1019.15,3026.06,1.6,4.74,215.0,0.412,PM2.5-1HR
33,840271390505,2026-05-01,3.48,6.54,55.21,0,2.57,7.35,1019.21,2172.58,1.8,5.02,215.0,0.119,PM2.5-1HR
33,840271453052,2026-05-01,2.88,5.9,52.71,0,2.17,356.66,1019.53,1841.35,1.5,4.6,215.0,0.826,PM2.5-1HR
33,840271713201,2026-05-01,2.39,6.46,50.42,0,2.7,6.66,1019.37,1551.56,1.4,4.46,215.0,0.069,PM2.5-1HR
33,840270530963,2026-05-02,5.11,10.8,49.21,0,2.65,243.93,1015.77,6218.27,4,8.1,215.0,0.582,PM2.5-1HR
33,840270031002,2026-05-02,5.33,10.21,50.58,0.01,2.89,248.71,1015.5,116.16,4.7,9.08,215.0,1.26,PM2.5-1HR
33,840270370470,2026-05-02,5.56,10.28,49.79,0,3.18,248.08,1015.98,1587.68,4.35,8.59,215.0,0.706,PM2.5-1HR
33,840270370480,2026-05-02,5.37,9.88,48.96,0,3.48,245.14,1016.04,704.53,4.35,8.59,215.0,0.038,PM2.5-1HR
33,840270530909,2026-05-02,5.37,11,44.67,0,2.76,245.61,1015.68,1316.53,4,8.1,215.0,0.444,PM2.5-1HR
33,840270530910,2026-05-02,5.49,11,44.67,0,2.76,245.61,1015.68,1285.64,4,8.1,215.0,0.428,PM2.5-1HR
33,840270530962,2026-05-02,5.08,10.8,49.21,0,2.65,243.93,1015.77,6156.89,4,8.1,215.0,0.012,PM2.5-1HR
33,840270531904,2026-05-02,5.46,10.8,49.21,0,2.65,243.93,1015.77,3960.43,4,8.1,215.0,0.223,PM2.5-1HR
33,840271230871,2026-05-02,6.06,10.47,51.38,0,2.79,246.88,1015.79,3026.06,4.5,8.8,215.0,0.412,PM2.5-1HR
33,840271390505,2026-05-02,5.93,10.13,51.33,0,3,241.74,1015.88,2172.58,4.5,8.8,215.0,0.119,PM2.5-1HR
33,840271453052,2026-05-02,5.1,9.66,51.63,0,3.58,246.55,1014.81,1841.35,3.6,7.54,215.0,0.826,PM2.5-1HR
33,840271713201,2026-05-02,4.77,10.19,52.46,0,3.43,250.24,1015.28,1551.56,4.1,8.24,215.0,0.069,PM2.5-1HR
33,840270031002,2026-05-03,4.46,15.42,39.25,0,3.81,263.77,1005.19,116.16,2.2,5.58,215.0,1.26,PM2.5-1HR
33,840270370470,2026-05-03,4.78,15.17,42.38,0,4.35,263.5,1005.5,1587.68,2.65,6.21,215.0,0.706,PM2.5-1HR
33,840270370480,2026-05-03,4.29,14.49,45.29,0.02,4.82,265.65,1005.69,704.53,2.65,6.21,215.0,0.038,PM2.5-1HR
33,840270530909,2026-05-03,4.9,16.17,35.13,0.01,3.69,264.62,1005.29,1316.53,2.54,6.056,215.0,0.444,PM2.5-1HR
33,840270530910,2026-05-03,5.12,16.17,35.13,0.01,3.69,264.62,1005.29,1285.64,2.54,6.056,215.0,0.428,PM2.5-1HR
33,840270530962,2026-05-03,4.44,16.3,34.63,0.01,3.7,264.12,1005.32,6156.89,2.54,6.056,215.0,0.012,PM2.5-1HR
33,840270530963,2026-05-03,4.64,16.3,34.63,0.01,3.7,264.12,1005.32,6218.27,2.54,6.056,215.0,0.582,PM2.5-1HR
33,840270531904,2026-05-03,5.05,16.3,34.63,0.01,3.7,264.12,1005.32,3960.43,2.54,6.056,215.0,0.223,PM2.5-1HR
33,840271230871,2026-05-03,4.83,15.99,35.54,0,3.73,264.79,1005.27,3026.06,2.6,6.14,215.0,0.412,PM2.5-1HR
33,840271390505,2026-05-03,4.46,14.51,47.54,0.13,3.98,267.59,1005.62,2172.58,2.7,6.28,215.0,0.119,PM2.5-1HR
33,840271453052,2026-05-03,3.58,13.69,46.29,0,4.03,278.4,1005.38,1841.35,1.8,5.02,215.0,0.826,PM2.5-1HR
33,840271713201,2026-05-03,3.82,14,47.46,0.09,4.37,268.99,1005.34,1551.56,1.8,5.02,215.0,0.069,PM2.5-1HR
33,840271390505,2026-05-04,3.32,12.36,44.29,0,5.76,277.89,1000.84,2172.58,1.8,5.02,215.0,0.119,PM2.5-1HR
33,840270031002,2026-05-04,3.18,12.86,37.88,0,5.95,274.68,1000.1,116.16,1.5,4.6,215.0,1.26,PM2.5-1HR
33,840270370470,2026-05-04,3.29,13.07,39.54,0,6.07,275.5,1000.56,1587.68,1.8,5.02,215.0,0.706,PM2.5-1HR
33,840270370480,2026-05-04,3.2,12.62,42.08,0,6.63,276.89,1000.76,704.53,1.8,5.02,215.0,0.038,PM2.5-1HR
33,840270530909,2026-05-04,3.84,13.28,36.54,0,5.56,275.65,1000.28,1316.53,2.06,5.384,215.0,0.444,PM2.5-1HR
33,840270530910,2026-05-04,3.94,13.28,36.54,0,5.56,275.65,1000.28,1285.64,2.06,5.384,215.0,0.428,PM2.5-1HR
33,840270530962,2026-05-04,3.53,13.47,36.5,0,5.49,275.5,1000.36,6156.89,2.06,5.384,215.0,0.012,PM2.5-1HR
33,840270530963,2026-05-04,3.37,13.47,36.5,0,5.49,275.5,1000.36,6218.27,2.06,5.384,215.0,0.582,PM2.5-1HR
33,840270531904,2026-05-04,3.35,13.47,36.5,0,5.49,275.5,1000.36,3960.43,2.06,5.384,215.0,0.223,PM2.5-1HR
33,840271230871,2026-05-04,3.38,13.45,36.08,0,5.68,274.43,1000.17,3026.06,1.8,5.02,215.0,0.412,PM2.5-1HR
33,840271453052,2026-05-04,2.22,11.47,43.08,0,6.46,285.28,1000.57,1841.35,1.4,4.46,215.0,0.826,PM2.5-1HR
33,840271713201,2026-05-04,2.54,11.76,43.71,0,6.65,279.75,1000.43,1551.56,1.4,4.46,215.0,0.069,PM2.5-1HR
33,840271390505,2026-05-05,2.81,6.35,48.96,0,4.23,306.34,1011.06,2172.58,1.2,4.18,215.0,0.119,PM2.5-1HR
33,840270031002,2026-05-05,2.77,6.19,43.04,0,4.57,303.22,1010.78,116.16,1.1,4.04,215.0,1.26,PM2.5-1HR
33,840270370470,2026-05-05,2.74,6.68,42.71,0,4.41,303.31,1010.85,1587.68,1.15,4.11,215.0,0.706,PM2.5-1HR
33,840270370480,2026-05-05,2.75,6.02,48.88,0,4.57,302.65,1011.04,704.53,1.15,4.11,215.0,0.038,PM2.5-1HR
33,840270530909,2026-05-05,3.18,6.67,41.17,0,4.3,305.67,1010.77,1316.53,1.2,4.18,215.0,0.444,PM2.5-1HR
33,840270530910,2026-05-05,3.19,6.67,41.17,0,4.3,305.67,1010.77,1285.64,1.2,4.18,215.0,0.428,PM2.5-1HR
33,840270530962,2026-05-05,3.09,6.87,40.58,0,4.24,304.95,1010.79,6156.89,1.2,4.18,215.0,0.012,PM2.5-1HR
33,840270530963,2026-05-05,2.85,6.87,40.58,0,4.24,304.95,1010.79,6218.27,1.2,4.18,215.0,0.582,PM2.5-1HR
33,840270531904,2026-05-05,2.88,6.87,40.58,0,4.24,304.95,1010.79,3960.43,1.2,4.18,215.0,0.223,PM2.5-1HR
33,840271230871,2026-05-05,2.66,6.81,40.25,0,4.51,303.73,1010.64,3026.06,1.3,4.32,215.0,0.412,PM2.5-1HR
33,840271453052,2026-05-05,2.97,4.76,51.75,0,4.26,305.53,1011.4,1841.35,1.1,4.04,215.0,0.826,PM2.5-1HR
33,840271713201,2026-05-05,2.52,5.67,49.17,0,4.83,306.16,1011.13,1551.56,1,3.9,215.0,0.069,PM2.5-1HR
33,840270031002,2026-05-06,4.54,4.62,45.08,0,3.49,300.44,1016.53,116.16,3.2,6.98,215.0,1.26,PM2.5-1HR
33,840270370470,2026-05-06,4.83,4.66,46.46,0,3.4,310.71,1016.76,1587.68,2.95,6.63,215.0,0.706,PM2.5-1HR
33,840270370480,2026-05-06,4.46,4.04,54,0,3.57,311.44,1016.85,704.53,2.95,6.63,215.0,0.038,PM2.5-1HR
33,840270530909,2026-05-06,5.75,4.8,44.42,0,3.29,305.2,1016.63,1316.53,3.34,7.176,215.0,0.444,PM2.5-1HR
33,840270530910,2026-05-06,5.56,4.8,44.42,0,3.29,305.2,1016.63,1285.64,3.34,7.176,215.0,0.428,PM2.5-1HR
33,840270530962,2026-05-06,4.94,4.88,44.38,0,3.19,305.98,1016.67,6156.89,3.34,7.176,215.0,0.012,PM2.5-1HR
33,840270530963,2026-05-06,4.71,4.88,44.38,0,3.19,305.98,1016.67,6218.27,3.34,7.176,215.0,0.582,PM2.5-1HR
33,840270531904,2026-05-06,4.74,4.88,44.38,0,3.19,305.98,1016.67,3960.43,3.34,7.176,215.0,0.223,PM2.5-1HR
33,840271230871,2026-05-06,4.3,4.77,45.13,0,3.36,304.76,1016.58,3026.06,3,6.7,215.0,0.412,PM2.5-1HR
33,840271390505,2026-05-06,4.48,4.49,53.79,0,3.15,313.87,1016.86,2172.58,2.7,6.28,215.0,0.119,PM2.5-1HR
33,840271453052,2026-05-06,5.08,3.88,51.96,0,3.32,305.96,1016.77,1841.35,2.6,6.14,215.0,0.826,PM2.5-1HR
33,840271713201,2026-05-06,4.62,4.12,51.21,0,3.7,306.18,1016.73,1551.56,2.8,6.42,215.0,0.069,PM2.5-1HR
33,840270031002,2026-05-07,5.01,7.51,40.96,0,2.23,276.93,1012.33,116.16,3.1,6.84,215.0,1.26,PM2.5-1HR
33,840270370470,2026-05-07,4.84,7.88,38.92,0,2.37,264.32,1012.53,1587.68,2.8,6.42,215.0,0.706,PM2.5-1HR
33,840270370480,2026-05-07,4.62,6.7,46.88,0,2.32,264.81,1012.68,704.53,2.8,6.42,215.0,0.038,PM2.5-1HR
33,840270530909,2026-05-07,7.06,8.23,40.29,0,2.02,281.67,1012.38,1316.53,3.32,7.148,215.0,0.444,PM2.5-1HR
33,840270530910,2026-05-07,7.55,8.23,40.29,0,2.02,281.67,1012.38,1285.64,3.32,7.148,215.0,0.428,PM2.5-1HR
33,840270530962,2026-05-07,5.22,8.34,41,0,2.02,274.72,1012.4,6156.89,3.32,7.148,215.0,0.012,PM2.5-1HR
33,840270530963,2026-05-07,5.14,8.34,41,0,2.02,274.72,1012.4,6218.27,3.32,7.148,215.0,0.582,PM2.5-1HR
33,840270531904,2026-05-07,6.25,8.34,41,0,2.02,274.72,1012.4,3960.43,3.32,7.148,215.0,0.223,PM2.5-1HR
33,840271230871,2026-05-07,6.48,8.24,39.67,0,2.17,282.81,1012.39,3026.06,3.1,6.84,215.0,0.412,PM2.5-1HR
33,840271390505,2026-05-07,6.12,7.16,49.17,0,1.94,266.36,1012.56,2172.58,2.4,5.86,215.0,0.119,PM2.5-1HR
33,840271453052,2026-05-07,5.32,6.71,47.33,0,2.62,255.01,1011.95,1841.35,2.7,6.28,215.0,0.826,PM2.5-1HR
33,840271713201,2026-05-07,4.29,6.85,50.63,0,2.46,265.78,1012.3,1551.56,2.4,5.86,215.0,0.069,PM2.5-1HR
33,840270031002,2026-05-08,6.18,13.09,31.92,0,3.34,274.39,1005.47,116.16,4.2,8.38,215.0,1.26,PM2.5-1HR
33,840270370470,2026-05-08,5.5,14.45,27,0,4.44,255.12,1005.51,1587.68,4.3,8.52,215.0,0.706,PM2.5-1HR
33,840270370480,2026-05-08,5.29,13.69,31.67,0,5.05,251.72,1005.59,704.53,4.3,8.52,215.0,0.038,PM2.5-1HR
33,840270530909,2026-05-08,6.72,14.08,28.46,0,3.44,262,1005.53,1316.53,4.62,8.968,215.0,0.444,PM2.5-1HR
33,840270530910,2026-05-08,7.57,14.08,28.46,0,3.44,262,1005.53,1285.64,4.62,8.968,215.0,0.428,PM2.5-1HR
33,840270530962,2026-05-08,6.5,14.22,28.13,0,3.45,262.77,1005.57,6156.89,4.62,8.968,215.0,0.012,PM2.5-1HR
33,840270530963,2026-05-08,6.1,14.22,28.13,0,3.45,262.77,1005.57,6218.27,4.62,8.968,215.0,0.582,PM2.5-1HR
33,840270531904,2026-05-08,6.67,14.22,28.13,0,3.45,262.77,1005.57,3960.43,4.62,8.968,215.0,0.223,PM2.5-1HR
33,840271230871,2026-05-08,5.87,14.22,26.88,0,3.74,261.05,1005.5,3026.06,4.2,8.38,215.0,0.412,PM2.5-1HR
33,840271390505,2026-05-08,6.04,13.08,36.21,0,3.63,261.43,1005.68,2172.58,4.1,8.24,215.0,0.119,PM2.5-1HR
33,840271453052,2026-05-08,5.8,11.23,42.25,0.01,3.26,282.52,1005.33,1841.35,4.5,8.8,215.0,0.826,PM2.5-1HR
33,840271713201,2026-05-08,5.44,12.16,40.21,0,3.59,271.31,1005.46,1551.56,3.9,7.96,215.0,0.069,PM2.5-1HR
33,840270031002,2026-05-09,2.96,12.37,39.96,0.1,4.4,326.02,1007.74,116.16,0.8,3.62,215.0,1.26,PM2.5-1HR
33,840270370470,2026-05-09,3.01,12.9,35.25,0.02,4.47,311.7,1007.58,1587.68,1,3.9,215.0,0.706,PM2.5-1HR
33,840270370480,2026-05-09,3.15,11.98,40.79,0,4.92,310.55,1007.83,704.53,1,3.9,215.0,0.038,PM2.5-1HR
33,840270530909,2026-05-09,3.5,13.03,36.29,0.26,4.17,323.68,1007.64,1316.53,1.22,4.208,215.0,0.444,PM2.5-1HR
33,840270530910,2026-05-09,3.77,13.03,36.29,0.26,4.17,323.68,1007.64,1285.64,1.22,4.208,215.0,0.428,PM2.5-1HR
33,840270530962,2026-05-09,3.31,13.28,35,0.21,4.12,320.32,1007.6,6156.89,1.22,4.208,215.0,0.012,PM2.5-1HR
33,840270530963,2026-05-09,3.19,13.28,35,0.21,4.12,320.32,1007.6,6218.27,1.22,4.208,215.0,0.582,PM2.5-1HR
33,840270531904,2026-05-09,3.27,13.28,35,0.21,4.12,320.32,1007.6,3960.43,1.22,4.208,215.0,0.223,PM2.5-1HR
33,840271230871,2026-05-09,3.28,13.09,35.08,0.08,4.3,325.17,1007.48,3026.06,1.1,4.04,215.0,0.412,PM2.5-1HR
33,840271390505,2026-05-09,3.1,11.95,43.96,0,4.47,314.51,1008,2172.58,1.1,4.04,215.0,0.119,PM2.5-1HR
33,840271453052,2026-05-09,2.8,10.51,48.42,0.3,4.66,324.62,1008.69,1841.35,0.7,3.48,215.0,0.826,PM2.5-1HR
33,840271713201,2026-05-09,2.76,11.33,45.29,0.1,4.92,323.42,1008.2,1551.56,0.8,3.62,215.0,0.069,PM2.5-1HR
33,840270031002,2026-05-10,1.97,10.05,36.13,0,3.23,331.93,1019.81,116.16,0.7,3.48,215.0,1.26,PM2.5-1HR
33,840270370470,2026-05-10,2.34,10.81,35.21,0,3,317.24,1019.7,1587.68,1.1,4.04,215.0,0.706,PM2.5-1HR
33,840270370480,2026-05-10,2.23,9.93,40.67,0,3.1,320.34,1019.8,704.53,1.1,4.04,215.0,0.038,PM2.5-1HR
33,840270530909,2026-05-10,2.5,10.74,34.54,0,2.93,333,1019.77,1316.53,1.08,4.012,215.0,0.444,PM2.5-1HR
33,840270530910,2026-05-10,2.53,10.74,34.54,0,2.93,333,1019.77,1285.64,1.08,4.012,215.0,0.428,PM2.5-1HR
33,840270530962,2026-05-10,2.32,11,34.38,0,2.84,330.62,1019.73,6156.89,1.08,4.012,215.0,0.012,PM2.5-1HR
33,840270530963,2026-05-10,2.17,11,34.38,0,2.84,330.62,1019.73,6218.27,1.08,4.012,215.0,0.582,PM2.5-1HR
33,840270531904,2026-05-10,2.26,11,34.38,0,2.84,330.62,1019.73,3960.43,1.08,4.012,215.0,0.223,PM2.5-1HR
33,840271230871,2026-05-10,3.1,10.69,35.33,0,3.05,329.89,1019.68,3026.06,1,3.9,215.0,0.412,PM2.5-1HR
33,840271390505,2026-05-10,5.01,10.08,44.08,0,2.77,327.66,1019.9,2172.58,1.4,4.46,215.0,0.119,PM2.5-1HR
33,840271453052,2026-05-10,2.8,8.92,43,0,3.16,338.55,1020.31,1841.35,0.7,3.48,215.0,0.826,PM2.5-1HR
33,840271713201,2026-05-10,1.79,9.64,41.29,0,3.61,331.36,1020,1551.56,0.8,3.62,215.0,0.069,PM2.5-1HR
33,840270031002,2026-05-11,3.44,11.82,36.21,0,2.99,124.38,1021.48,116.16,1.5,4.6,215.0,1.26,PM2.5-1HR
33,840270370470,2026-05-11,3.55,12.31,35.67,0,3.02,126.81,1021.33,1587.68,2.5,6.0,215.0,0.706,PM2.5-1HR
33,840270370480,2026-05-11,3.82,12.04,36.5,0,3.29,131.77,1021.13,704.53,2.5,6.0,215.0,0.038,PM2.5-1HR
33,840270530909,2026-05-11,3.95,12.38,34.5,0,2.81,127.93,1021.4,1316.53,2.08,5.412,215.0,0.444,PM2.5-1HR
33,840270530910,2026-05-11,4.29,12.38,34.5,0,2.81,127.93,1021.4,1285.64,2.08,5.412,215.0,0.428,PM2.5-1HR
33,840270530962,2026-05-11,4.2,12.53,34.5,0,2.77,126.56,1021.38,6156.89,2.08,5.412,215.0,0.012,PM2.5-1HR
33,840270530963,2026-05-11,3.58,12.53,34.5,0,2.77,126.56,1021.38,6218.27,2.08,5.412,215.0,0.582,PM2.5-1HR
33,840270531904,2026-05-11,3.66,12.53,34.5,0,2.77,126.56,1021.38,3960.43,2.08,5.412,215.0,0.223,PM2.5-1HR
33,840271230871,2026-05-11,3.42,11.91,37.46,0,3.04,126.33,1021.59,3026.06,1.4,4.46,215.0,0.412,PM2.5-1HR
33,840271390505,2026-05-11,3.87,12.48,35.92,0,2.88,123.85,1021.04,2172.58,2.6,6.14,215.0,0.119,PM2.5-1HR
33,840271453052,2026-05-11,2.8,10.58,41,0,3.36,119.67,1021,1841.35,0.8,3.62,215.0,0.826,PM2.5-1HR
33,840271713201,2026-05-11,3.02,11.35,38.08,0,3.41,126.22,1021.24,1551.56,1.4,4.46,215.0,0.069,PM2.5-1HR
33,840270031002,2026-05-12,6.04,16.95,41.25,0.08,6.69,279.06,1009.14,116.16,4.2,8.38,215.0,1.26,PM2.5-1HR
33,840270370470,2026-05-12,5.89,17.94,38.38,0.02,7.35,275.26,1009.41,1587.68,4.3,8.52,215.0,0.706,PM2.5-1HR
33,840270370480,2026-05-12,5.88,17.76,39.54,0.02,8.27,276.7,1009.53,704.53,4.3,8.52,215.0,0.038,PM2.5-1HR
33,840270530909,2026-05-12,6.84,17.24,40.71,0.05,6.42,277.82,1009.23,1316.53,4.38,8.632,215.0,0.444,PM2.5-1HR
33,840270530910,2026-05-12,6.83,17.24,40.71,0.05,6.42,277.82,1009.23,1285.64,4.38,8.632,215.0,0.428,PM2.5-1HR
33,840270530962,2026-05-12,6.19,17.6,39.42,0.03,6.31,277.69,1009.29,6156.89,4.38,8.632,215.0,0.012,PM2.5-1HR
33,840270530963,2026-05-12,6.26,17.6,39.42,0.03,6.31,277.69,1009.29,6218.27,4.38,8.632,215.0,0.582,PM2.5-1HR
33,840270531904,2026-05-12,5.97,17.6,39.42,0.03,6.31,277.69,1009.29,3960.43,4.38,8.632,215.0,0.223,PM2.5-1HR
33,840271230871,2026-05-12,5.77,16.98,41.54,0.03,6.5,275.17,1009.3,3026.06,4.4,8.66,215.0,0.412,PM2.5-1HR
33,840271390505,2026-05-12,6.09,17.68,40.88,0.01,7.06,277.88,1009.51,2172.58,4.2,8.38,215.0,0.119,PM2.5-1HR
33,840271453052,2026-05-12,5.94,15.27,49.46,0.02,6.91,294.93,1009.27,1841.35,4.6,8.94,215.0,0.826,PM2.5-1HR
33,840271713201,2026-05-12,5.75,16.6,43.46,0.03,7.47,286.67,1009.28,1551.56,3.9,7.96,215.0,0.069,PM2.5-1HR
33,840271390505,2026-05-13,3.71,15.2,44.58,0,3.48,346.99,1018.58,2172.58,2.4,5.86,215.0,0.119,PM2.5-1HR
33,840270031002,2026-05-13,4.43,14.7,44.33,0,3.37,348.34,1018.57,116.16,2.3,5.72,215.0,1.26,PM2.5-1HR
33,840270370470,2026-05-13,4.17,15.43,40.83,0,3.68,348.6,1018.44,1587.68,2.65,6.21,215.0,0.706,PM2.5-1HR
33,840270370480,2026-05-13,3.97,14.98,43.46,0,4,340.66,1018.55,704.53,2.65,6.21,215.0,0.038,PM2.5-1HR
33,840270530909,2026-05-13,5.09,15.18,41.83,0,3.31,351.71,1018.53,1316.53,2.78,6.392,215.0,0.444,PM2.5-1HR
33,840270530910,2026-05-13,5.12,15.18,41.83,0,3.31,351.71,1018.53,1285.64,2.78,6.392,215.0,0.428,PM2.5-1HR
33,840270530962,2026-05-13,4.63,15.44,41.04,0,3.31,351.39,1018.47,6156.89,2.78,6.392,215.0,0.012,PM2.5-1HR
33,840270530963,2026-05-13,4.5,15.44,41.04,0,3.31,351.39,1018.47,6218.27,2.78,6.392,215.0,0.582,PM2.5-1HR
33,840270531904,2026-05-13,4.25,15.44,41.04,0,3.31,351.39,1018.47,3960.43,2.78,6.392,215.0,0.223,PM2.5-1HR
33,840271230871,2026-05-13,4.94,14.81,44.13,0,3.39,350.72,1018.5,3026.06,2.4,5.86,215.0,0.412,PM2.5-1HR
33,840271453052,2026-05-13,4.3,13.29,54.96,0,3.04,355.94,1018.83,1841.35,2.7,6.28,215.0,0.826,PM2.5-1HR
33,840271713201,2026-05-13,3.39,14.68,45.67,0,3.73,346.37,1018.7,1551.56,2.2,5.58,215.0,0.069,PM2.5-1HR
33,840270031002,2026-05-14,5.72,17.96,44.25,0.17,5.2,152.36,1011.85,116.16,4.1,8.24,215.0,1.26,PM2.5-1HR
33,840270370470,2026-05-14,6.42,18.06,41.63,0.21,5.34,151.32,1012.23,1587.68,4.5,8.8,215.0,0.706,PM2.5-1HR
33,840270370480,2026-05-14,5.99,17.8,41.83,0.33,6.04,152.5,1012.03,704.53,4.5,8.8,215.0,0.038,PM2.5-1HR
33,840270530909,2026-05-14,7.15,18.26,41.71,0.19,4.9,151.42,1012,1316.53,4.88,9.332,215.0,0.444,PM2.5-1HR
33,840270530910,2026-05-14,7.83,18.26,41.71,0.19,4.9,151.42,1012,1285.64,4.88,9.332,215.0,0.428,PM2.5-1HR
33,840270530962,2026-05-14,6.49,18.39,41.08,0.16,4.8,149.44,1012.08,6156.89,4.88,9.332,215.0,0.012,PM2.5-1HR
33,840270530963,2026-05-14,6.33,18.39,41.08,0.16,4.8,149.44,1012.08,6218.27,4.88,9.332,215.0,0.582,PM2.5-1HR
33,840270531904,2026-05-14,6.27,18.39,41.08,0.16,4.8,149.44,1012.08,3960.43,4.88,9.332,215.0,0.223,PM2.5-1HR
33,840271230871,2026-05-14,5.53,17.57,44.83,0.2,5.01,150.23,1012.38,3026.06,3.6,7.54,215.0,0.412,PM2.5-1HR
33,840271390505,2026-05-14,6.25,17.95,42.83,0.1,5.18,149.06,1011.74,2172.58,4.5,8.8,215.0,0.119,PM2.5-1HR
33,840271453052,2026-05-14,5.56,15.76,52.21,0.26,5.39,150.49,1010.4,1841.35,3.9,7.96,215.0,0.826,PM2.5-1HR
33,840271713201,2026-05-14,5.55,17.7,43.13,0.43,6.17,150.84,1011.18,1551.56,4.7,9.08,215.0,0.069,PM2.5-1HR
33,840270031002,2026-05-15,5.49,22.9,35.29,0,4.59,237.55,1003.53,116.16,2.5,6.0,215.0,1.26,PM2.5-1HR
33,840270370470,2026-05-15,5.62,23.61,32.67,0,4.44,229.07,1003.88,1587.68,3.6,7.54,215.0,0.706,PM2.5-1HR
33,840270370480,2026-05-15,5.42,22.63,36.96,0,4.89,224.95,1003.95,704.53,3.6,7.54,215.0,0.038,PM2.5-1HR
33,840270530909,2026-05-15,5.95,23.35,33.63,0,4.27,228.75,1003.65,1316.53,2.82,6.448,215.0,0.444,PM2.5-1HR
33,840270530910,2026-05-15,6.3,23.35,33.63,0,4.27,228.75,1003.65,1285.64,2.82,6.448,215.0,0.428,PM2.5-1HR
33,840270530962,2026-05-15,5.57,23.55,33,0,4.08,230.97,1003.73,6156.89,2.82,6.448,215.0,0.012,PM2.5-1HR
33,840270530963,2026-05-15,5.53,23.55,33,0,4.08,230.97,1003.73,6218.27,2.82,6.448,215.0,0.582,PM2.5-1HR
33,840270531904,2026-05-15,5.35,23.55,33,0,4.08,230.97,1003.73,3960.43,2.82,6.448,215.0,0.223,PM2.5-1HR
33,840271230871,2026-05-15,5.53,22.92,35,0,4.04,228.8,1003.84,3026.06,2.6,6.14,215.0,0.412,PM2.5-1HR
33,840271390505,2026-05-15,5.75,22.68,36.75,0,4.34,231.3,1003.77,2172.58,2.8,6.42,215.0,0.119,PM2.5-1HR
33,840271453052,2026-05-15,6.11,19.69,48.63,0,4.08,239.63,1003.35,1841.35,3.7,7.68,215.0,0.826,PM2.5-1HR
33,840271713201,2026-05-15,5.17,21.64,39.63,0,5.04,243.49,1003.52,1551.56,2.9,6.56,215.0,0.069,PM2.5-1HR
33,840270031002,2026-05-16,4.88,20.56,28.17,0,3.49,296.02,1008.89,116.16,3.4,7.26,215.0,1.26,PM2.5-1HR
33,840270370470,2026-05-16,5.29,21.78,26.08,0,3.22,299.5,1008.83,1587.68,3.85,7.89,215.0,0.706,PM2.5-1HR
33,840270370480,2026-05-16,5.18,20.57,30.79,0,3.18,302.43,1008.95,704.53,3.85,7.89,215.0,0.038,PM2.5-1HR
33,840270530909,2026-05-16,5.76,21.44,25.71,0,3.18,301.63,1008.87,1316.53,3.9,7.96,215.0,0.444,PM2.5-1HR
33,840270530910,2026-05-16,5.78,21.44,25.71,0,3.18,301.63,1008.87,1285.64,3.9,7.96,215.0,0.428,PM2.5-1HR
33,840270530962,2026-05-16,5.04,21.74,25.58,0,3.02,302.8,1008.83,6156.89,3.9,7.96,215.0,0.012,PM2.5-1HR
33,840270530963,2026-05-16,5.01,21.74,25.58,0,3.02,302.8,1008.83,6218.27,3.9,7.96,215.0,0.582,PM2.5-1HR
33,840270531904,2026-05-16,5.03,21.74,25.58,0,3.02,302.8,1008.83,3960.43,3.9,7.96,215.0,0.223,PM2.5-1HR
33,840271230871,2026-05-16,5.91,21.53,26.04,0,3.14,298.83,1008.77,3026.06,3.8,7.82,215.0,0.412,PM2.5-1HR
33,840271390505,2026-05-16,5.25,20.28,32.71,0,2.91,303.94,1008.96,2172.58,3.6,7.54,215.0,0.119,PM2.5-1HR
33,840271453052,2026-05-16,4.58,16.99,41.5,0,3.67,296.68,1009.43,1841.35,2.9,6.56,215.0,0.826,PM2.5-1HR
33,840271713201,2026-05-16,4.62,19.16,33.67,0,4.04,297.68,1009.17,1551.56,3.3,7.12,215.0,0.069,PM2.5-1HR
33,840271713201,2026-05-17,3.07,15.18,55.88,0.1,6.41,80.16,1008.6,1551.56,1.6,4.74,215.0,0.069,PM2.5-1HR
33,840270031002,2026-05-17,3.26,15.04,57.17,0.15,5.61,81.92,1008.96,116.16,1.7,4.88,215.0,1.26,PM2.5-1HR
33,840270370470,2026-05-17,3.85,15.97,58.5,0.17,5.52,86.02,1008.18,1587.68,2.45,5.93,215.0,0.706,PM2.5-1HR
33,840270370480,2026-05-17,3.93,16.12,60.29,0.23,6.33,88.43,1007.82,704.53,2.45,5.93,215.0,0.038,PM2.5-1HR
33,840270530909,2026-05-17,3.92,15.5,56.58,0.25,5.07,83.32,1008.65,1316.53,2.3,5.72,215.0,0.444,PM2.5-1HR
33,840270530910,2026-05-17,3.87,15.5,56.58,0.25,5.07,83.32,1008.65,1285.64,2.3,5.72,215.0,0.428,PM2.5-1HR
33,840270530962,2026-05-17,3.78,15.71,56.58,0.11,4.97,83.81,1008.5,6156.89,2.3,5.72,215.0,0.012,PM2.5-1HR
33,840270530963,2026-05-17,4.03,15.71,56.58,0.11,4.97,83.81,1008.5,6218.27,2.3,5.72,215.0,0.582,PM2.5-1HR
33,840270531904,2026-05-17,3.65,15.71,56.58,0.11,4.97,83.81,1008.5,3960.43,2.3,5.72,215.0,0.223,PM2.5-1HR
33,840271230871,2026-05-17,3.53,15.23,58.04,0.15,5.23,83.41,1008.75,3026.06,2.2,5.58,215.0,0.412,PM2.5-1HR
33,840271390505,2026-05-17,4.3,16.45,57.33,0.18,5.48,81.67,1007.87,2172.58,2.7,6.28,215.0,0.119,PM2.5-1HR
33,840271453052,2026-05-17,2.69,13.63,60.75,0.31,5.96,84.4,1008.75,1841.35,1.4,4.46,215.0,0.826,PM2.5-1HR
33,840270530962,2026-05-18,6.95,15.32,89.92,0.84,2.09,24.02,1005.7,6156.89,3.22,7.008,215.0,0.012,PM2.5-1HR
33,840271230871,2026-05-18,6,15.33,90.29,0.93,2.29,62.66,1005.7,3026.06,2.3,5.72,215.0,0.412,PM2.5-1HR
33,840271713201,2026-05-18,4.28,13.17,89.79,0.43,2.72,30.85,1006.3,1551.56,2.8,6.42,215.0,0.069,PM2.5-1HR
33,840270031002,2026-05-18,5.11,14.25,90.29,0.55,2.26,28.82,1006.02,116.16,3.1,6.84,215.0,1.26,PM2.5-1HR
33,840270370470,2026-05-18,7.49,16.1,90.13,1.05,2.42,264.75,1005.5,1587.68,2.9,6.56,215.0,0.706,PM2.5-1HR
33,840270370480,2026-05-18,6.78,15.84,90.88,1.22,2.94,268.24,1005.49,704.53,2.9,6.56,215.0,0.038,PM2.5-1HR
33,840270530909,2026-05-18,6.3,15.02,89.63,0.87,2.16,32.43,1005.79,1316.53,3.22,7.008,215.0,0.444,PM2.5-1HR
33,840270530910,2026-05-18,5.99,15.02,89.63,0.87,2.16,32.43,1005.79,1285.64,3.22,7.008,215.0,0.428,PM2.5-1HR
33,840270530963,2026-05-18,6.22,15.32,89.92,0.84,2.09,24.02,1005.7,6218.27,3.22,7.008,215.0,0.582,PM2.5-1HR
33,840270531904,2026-05-18,5.96,15.32,89.92,0.84,2.09,24.02,1005.7,3960.43,3.22,7.008,215.0,0.223,PM2.5-1HR
33,840271390505,2026-05-18,6.73,15.38,90.42,0.85,2.41,328.1,1005.62,2172.58,3.2,6.98,215.0,0.119,PM2.5-1HR
33,840271453052,2026-05-18,3.87,12.72,86.71,0.52,2.69,23.8,1006.68,1841.35,2.7,6.28,215.0,0.826,PM2.5-1HR
33,840271713201,2026-05-19,1.61,9.83,75.71,0.11,5.65,311.1,1016.33,1551.56,0.6,3.34,215.0,0.069,PM2.5-1HR
33,840270031002,2026-05-19,1.64,10.3,76.88,0.36,4.74,307.27,1015.8,116.16,0.8,3.62,215.0,1.26,PM2.5-1HR
33,840270370470,2026-05-19,1.97,10.78,77.83,0.54,4.9,306.73,1015.88,1587.68,0.95,3.83,215.0,0.706,PM2.5-1HR
33,840270370480,2026-05-19,1.89,10.46,78.92,0.4,5.53,306.78,1016.12,704.53,0.95,3.83,215.0,0.038,PM2.5-1HR
33,840270530909,2026-05-19,2.17,10.5,77.04,0.3,4.51,308.61,1015.83,1316.53,1.28,4.292,215.0,0.444,PM2.5-1HR
33,840270530910,2026-05-19,2.17,10.5,77.04,0.3,4.51,308.61,1015.83,1285.64,1.28,4.292,215.0,0.428,PM2.5-1HR
33,840270530962,2026-05-19,2.25,10.66,76.88,0.2,4.5,308.14,1015.82,6156.89,1.28,4.292,215.0,0.012,PM2.5-1HR
33,840270530963,2026-05-19,1.97,10.66,76.88,0.2,4.5,308.14,1015.82,6218.27,1.28,4.292,215.0,0.582,PM2.5-1HR
33,840270531904,2026-05-19,2,10.66,76.88,0.2,4.5,308.14,1015.82,3960.43,1.28,4.292,215.0,0.223,PM2.5-1HR
33,840271230871,2026-05-19,1.74,10.66,77.92,0.16,4.57,306.55,1015.64,3026.06,1.1,4.04,215.0,0.412,PM2.5-1HR
33,840271390505,2026-05-19,1.7,10.73,76.25,0.59,5.1,309.71,1016.22,2172.58,0.8,3.62,215.0,0.119,PM2.5-1HR
33,840271453052,2026-05-19,1.48,8.99,76.17,0.06,5.48,311.87,1016.86,1841.35,0.4,3.06,215.0,0.826,PM2.5-1HR
33,840271713201,2026-05-20,3.41,9.25,64.96,0,1.6,24.24,1026.42,1551.56,2.5,6.0,215.0,0.069,PM2.5-1HR
33,840270031002,2026-05-20,3.58,9.38,63.83,0,1.52,6.84,1026.4,116.16,2.6,6.14,215.0,1.26,PM2.5-1HR
33,840270370470,2026-05-20,3.81,9.73,64.71,0,1.81,16.25,1026.4,1587.68,2.9,6.56,215.0,0.706,PM2.5-1HR
33,840270370480,2026-05-20,4.2,9.4,68.17,0,1.75,18.06,1026.4,704.53,2.9,6.56,215.0,0.038,PM2.5-1HR
33,840270530909,2026-05-20,4.22,9.68,64.04,0,1.48,22.85,1026.43,1316.53,2.82,6.448,215.0,0.444,PM2.5-1HR
33,840270530910,2026-05-20,4.12,9.68,64.04,0,1.48,22.85,1026.43,1285.64,2.82,6.448,215.0,0.428,PM2.5-1HR
33,840270530962,2026-05-20,3.94,9.79,64.38,0,1.5,25.87,1026.42,6156.89,2.82,6.448,215.0,0.012,PM2.5-1HR
33,840270530963,2026-05-20,3.75,9.79,64.38,0,1.5,25.87,1026.42,6218.27,2.82,6.448,215.0,0.582,PM2.5-1HR
33,840270531904,2026-05-20,3.65,9.79,64.38,0,1.5,25.87,1026.42,3960.43,2.82,6.448,215.0,0.223,PM2.5-1HR
33,840271230871,2026-05-20,3.79,9.68,64.38,0,1.7,22.09,1026.42,3026.06,2.4,5.86,215.0,0.412,PM2.5-1HR
33,840271390505,2026-05-20,3.65,10.08,65,0,1.48,29.09,1026.38,2172.58,2.5,6.0,215.0,0.119,PM2.5-1HR
33,840271453052,2026-05-20,3.52,8.68,66.67,0,1.18,2.84,1026.36,1841.35,2.6,6.14,215.0,0.826,PM2.5-1HR
33,840271713201,2026-05-21,4.21,12.47,58.56,0,4.07,123.69,1024.25,1551.56,2.5,6.0,215.0,0.069,PM2.5-1HR
33,840270031002,2026-05-21,3.45,11.96,61.58,0,3.77,125.9,1025.31,116.16,2.2,5.58,215.0,1.26,PM2.5-1HR
33,840270370470,2026-05-21,3.89,12.43,59.26,0,3.79,116.32,1024.47,1587.68,2.3,5.72,215.0,0.706,PM2.5-1HR
33,840270370480,2026-05-21,4.04,11.69,64.16,0,4.43,115.9,1024.96,704.53,2.3,5.72,215.0,0.038,PM2.5-1HR
33,840270530909,2026-05-21,4.64,12.09,61.89,0,3.53,121.75,1025.25,1316.53,2.64,6.196,215.0,0.444,PM2.5-1HR
33,840270530910,2026-05-21,4.8,12.64,58.06,0,3.52,119.5,1024.54,1285.64,2.64,6.196,215.0,0.428,PM2.5-1HR
33,840270530962,2026-05-21,4.27,12.06,62.89,0,3.5,115.03,1025.23,6156.89,2.64,6.196,215.0,0.012,PM2.5-1HR
33,840270530963,2026-05-21,4.51,12.61,58.88,0,3.51,117.23,1024.53,6218.27,2.64,6.196,215.0,0.582,PM2.5-1HR
33,840270531904,2026-05-21,4.37,12.61,58.88,0,3.5,117.24,1024.53,3960.43,2.64,6.196,215.0,0.223,PM2.5-1HR
33,840271230871,2026-05-21,3.27,12.47,58.79,0,3.7,116.83,1024.69,3026.06,2.1,5.44,215.0,0.412,PM2.5-1HR
33,840271390505,2026-05-21,3.81,12.56,60.28,0,3.71,114.09,1024.24,2172.58,2.4,5.86,215.0,0.119,PM2.5-1HR
33,840271453052,2026-05-21,3.93,11.99,60.46,0,3.9,129.43,1023.96,1841.35,2.7,6.28,215.0,0.826,PM2.5-1HR
33,840271713201,2026-05-22,3.82,11.86,64.05,0.36,4.12,106.62,1018,1551.56,2.4,5.86,215.0,0.069,PM2.5-1HR
33,840270370470,2026-05-22,3.76,12.74,61.49,0.37,4.55,114.09,1017.7,1587.68,2.35,5.79,215.0,0.706,PM2.5-1HR
33,840270530910,2026-05-22,3.93,12.59,60.94,0.5,3.96,111.51,1018.03,1285.64,2.42,5.888,215.0,0.428,PM2.5-1HR
33,840270530963,2026-05-22,3.94,12.64,61.16,0.71,3.98,110.99,1017.97,6218.27,2.42,5.888,215.0,0.582,PM2.5-1HR
33,840270531904,2026-05-22,3.66,12.65,61.08,0.71,3.99,111.09,1017.98,3960.43,2.42,5.888,215.0,0.223,PM2.5-1HR
33,840271230871,2026-05-22,3.38,12.99,58.36,0.73,4.32,114.56,1018.1,3026.06,2.1,5.44,215.0,0.412,PM2.5-1HR
33,840271390505,2026-05-22,3.79,12.23,65.85,0.57,4.11,109.55,1017.59,2172.58,2.3,5.72,215.0,0.119,PM2.5-1HR
33,840271453052,2026-05-22,3.7,11.07,67.23,0.36,4.6,111.41,1017.91,1841.35,2.6,6.14,215.0,0.826,PM2.5-1HR
33,840271713201,2026-05-23,5,14.03,79.04,0.19,4.31,213.48,1013.13,1551.56,2.5,6.0,215.0,0.069,PM2.5-1HR
33,840270370470,2026-05-23,4.08,14.67,77.21,0.3,3.76,202.96,1013.4,1587.68,1.6,4.74,215.0,0.706,PM2.5-1HR
33,840270530910,2026-05-23,5.11,14.41,77.13,0.45,3.45,194.56,1013.4,1285.64,2.88,6.532,215.0,0.428,PM2.5-1HR
33,840270530963,2026-05-23,4.99,14.55,76.92,0.7,3.37,195.37,1013.43,6218.27,2.88,6.532,215.0,0.582,PM2.5-1HR
33,840270531904,2026-05-23,4.76,14.55,76.92,0.7,3.37,195.37,1013.43,3960.43,2.88,6.532,215.0,0.223,PM2.5-1HR
33,840271230871,2026-05-23,6.43,14.29,77.54,0.47,3.62,191.35,1013.5,3026.06,2.3,5.72,215.0,0.412,PM2.5-1HR
33,840271390505,2026-05-23,4.57,14.57,79.13,0.79,3.41,198.48,1013.33,2172.58,2.4,5.86,215.0,0.119,PM2.5-1HR
33,840271453052,2026-05-23,6.13,13.43,82.83,0.08,3.97,210.4,1012.76,1841.35,2.7,6.28,215.0,0.826,PM2.5-1HR
33,840271713201,2026-05-24,6.49,17.7,65.75,0,2.85,174.47,1013.95,1551.56,1.8,5.02,215.0,0.069,PM2.5-1HR
33,840270031002,2026-05-24,7.76,21.2,54.6,0,2.51,180.26,1012.38,116.16,2,5.3,215.0,1.26,PM2.5-1HR
33,840270370470,2026-05-24,6.12,18,64.63,0,2.15,183.14,1014.43,1587.68,1.8,5.02,215.0,0.706,PM2.5-1HR
33,840270370480,2026-05-24,5.01,20.2,55.8,0.02,3.07,195.85,1012.74,704.53,1.8,5.02,215.0,0.038,PM2.5-1HR
33,840270530909,2026-05-24,8.71,21.3,55,0.02,2.43,191.46,1012.48,1316.53,2.2,5.58,215.0,0.444,PM2.5-1HR
33,840270530910,2026-05-24,8.2,17.98,65.54,0,2.15,175.6,1014.31,1285.64,2.2,5.58,215.0,0.428,PM2.5-1HR
33,840270530962,2026-05-24,9.23,21.34,56.8,0.02,2.18,173.22,1012.52,6156.89,2.2,5.58,215.0,0.012,PM2.5-1HR
33,840270530963,2026-05-24,9.2,17.99,66.25,0,2.05,174.07,1014.34,6218.27,2.2,5.58,215.0,0.582,PM2.5-1HR
33,840270531904,2026-05-24,8.14,17.99,66.25,0,2.05,174.07,1014.34,3960.43,2.2,5.58,215.0,0.223,PM2.5-1HR
33,840271230871,2026-05-24,8.2,17.74,66.96,0,2.13,175.82,1014.43,3026.06,1.9,5.16,215.0,0.412,PM2.5-1HR
33,840271390505,2026-05-24,7.39,17.97,65.63,0,2.22,174.46,1014.24,2172.58,1.9,5.16,215.0,0.119,PM2.5-1HR
33,840271453052,2026-05-24,6.9,16.88,68.83,0,2.58,172.4,1013.61,1841.35,2.1,5.44,215.0,0.826,PM2.5-1HR
33,840270031002,2026-05-25,3.62,21.69,62.95,0.03,3.33,185.78,1012.89,116.16,2.4,5.86,215.0,1.26,PM2.5-1HR
33,840270370470,2026-05-25,4.31,22.6,62.08,0,3.68,189.65,1012.71,1587.68,2.2,5.58,215.0,0.706,PM2.5-1HR
33,840270370480,2026-05-25,3.39,21.93,63.32,0,4.72,195.67,1013.17,704.53,2.2,5.58,215.0,0.038,PM2.5-1HR
33,840270530909,2026-05-25,4.32,21.87,62.53,0.01,3.24,190.05,1013.01,1316.53,2.42,5.888,215.0,0.444,PM2.5-1HR
33,840270530910,2026-05-25,4.05,22.73,60.33,0.01,3.09,186.07,1012.5,1285.64,2.42,5.888,215.0,0.428,PM2.5-1HR
33,840270530962,2026-05-25,4.65,21.94,62.74,0.01,3.26,187.32,1013.03,6156.89,2.42,5.888,215.0,0.012,PM2.5-1HR
33,840270530963,2026-05-25,4.34,22.73,60.96,0.01,3.06,187.76,1012.53,6218.27,2.42,5.888,215.0,0.582,PM2.5-1HR
33,840270531904,2026-05-25,3.73,22.73,60.96,0.01,3.06,187.76,1012.53,3960.43,2.42,5.888,215.0,0.223,PM2.5-1HR
33,840271230871,2026-05-25,3.88,22.09,64.42,0,2.98,186.5,1012.7,3026.06,2.5,6.0,215.0,0.412,PM2.5-1HR
33,840271390505,2026-05-25,3.6,22.53,63.58,0,3.37,185.38,1012.45,2172.58,2.3,5.72,215.0,0.119,PM2.5-1HR
33,840271453052,2026-05-25,3.51,21.93,63.08,0,3.63,187.49,1011.57,1841.35,2.5,6.0,215.0,0.826,PM2.5-1HR
33,840271713201,2026-05-25,3.36,23.09,56.75,0.01,4.57,192.85,1012.02,1551.56,2.3,5.72,215.0,0.069,PM2.5-1HR
33,840270370470,2026-05-26,4.14,24.53,55.79,0.02,2.95,166.1,1012.69,1587.68,3,6.7,215.0,0.706,PM2.5-1HR
33,840270530910,2026-05-26,5.45,25.77,47.88,0.01,2.37,166.53,1012.5,1285.64,3.72,7.708,215.0,0.428,PM2.5-1HR
33,840270530963,2026-05-26,4.6,25.73,48.29,0,2.34,167.74,1012.52,6218.27,3.72,7.708,215.0,0.582,PM2.5-1HR
33,840270531904,2026-05-26,4.65,25.73,48.29,0,2.34,167.74,1012.52,3960.43,3.72,7.708,215.0,0.223,PM2.5-1HR
33,840271230871,2026-05-26,4.85,24.42,55.88,0,2.31,156.88,1012.71,3026.06,3.6,7.54,215.0,0.412,PM2.5-1HR
33,840271390505,2026-05-26,3.95,24.5,56.04,0,2.61,170.65,1012.44,2172.58,3,6.7,215.0,0.119,PM2.5-1HR
33,840271453052,2026-05-26,4.64,23.39,61.08,0,1.76,159.2,1012.18,1841.35,2.9,6.56,215.0,0.826,PM2.5-1HR
33,840271713201,2026-05-26,4.27,25.38,48.5,0,2.45,175.37,1012.27,1551.56,3.3,7.12,215.0,0.069,PM2.5-1HR
33,840270370470,2026-05-27,5.49,24.75,56.75,0.01,2.68,101.57,1015.41,1587.68,4.4,8.66,215.0,0.706,PM2.5-1HR
33,840270530910,2026-05-27,6.32,25.49,50.58,0.02,2.53,93.75,1015.46,1285.64,4.56,8.884,215.0,0.428,PM2.5-1HR
33,840270530963,2026-05-27,5.37,25.62,50.08,0.03,2.51,94.34,1015.4,6218.27,4.56,8.884,215.0,0.582,PM2.5-1HR
33,840270531904,2026-05-27,5.76,25.62,50.08,0.03,2.51,94.34,1015.4,3960.43,4.56,8.884,215.0,0.223,PM2.5-1HR
33,840271230871,2026-05-27,5.48,24.62,55.08,0.03,2.56,95.23,1015.6,3026.06,4.1,8.24,215.0,0.412,PM2.5-1HR
33,840271390505,2026-05-27,5.92,25.41,53.63,0.01,2.14,98.31,1015.1,2172.58,4.6,8.94,215.0,0.119,PM2.5-1HR
33,840271453052,2026-05-27,5.54,24.03,56.13,0.02,2.7,97.51,1015.46,1841.35,4.2,8.38,215.0,0.826,PM2.5-1HR
33,840271713201,2026-05-27,5.39,25.41,51,0.01,3.04,91.69,1015.41,1551.56,4.2,8.38,215.0,0.069,PM2.5-1HR
33,840270031002,2026-05-28,4.37,24.2,43.25,0,3.6,92.4,1021.43,116.16,3.3,7.12,215.0,1.26,PM2.5-1HR
33,840270370470,2026-05-28,5.41,22.58,48.13,0,3.78,95.29,1020.25,1587.68,3.85,7.89,215.0,0.706,PM2.5-1HR
33,840270370480,2026-05-28,5.24,27.5,42,0,3.97,99.22,1018.4,704.53,3.85,7.89,215.0,0.038,PM2.5-1HR
33,840270530909,2026-05-28,5.44,28.7,34,0,3.19,91.87,1018.3,1316.53,4.02,8.128,215.0,0.444,PM2.5-1HR
33,840270530910,2026-05-28,5.29,23.18,43.5,0,3.32,98.06,1020.36,1285.64,4.02,8.128,215.0,0.428,PM2.5-1HR
33,840270530962,2026-05-28,5.13,28.8,34,0,3.24,94.94,1018.3,6156.89,4.02,8.128,215.0,0.012,PM2.5-1HR
33,840270530963,2026-05-28,6.97,23.35,43.25,0,3.36,99.75,1020.3,6218.27,4.02,8.128,215.0,0.582,PM2.5-1HR
33,840270531904,2026-05-28,4.88,23.35,43.25,0,3.36,99.75,1020.3,3960.43,4.02,8.128,215.0,0.223,PM2.5-1HR
33,840271230871,2026-05-28,4.22,22.47,46.29,0,3.48,98.05,1020.5,3026.06,3.3,7.12,215.0,0.412,PM2.5-1HR
33,840271390505,2026-05-28,6.03,23.63,44.83,0,3.68,96.41,1019.92,2172.58,4.2,8.38,215.0,0.119,PM2.5-1HR
33,840271453052,2026-05-28,5.23,21.49,51.25,0,3.87,97.63,1020.36,1841.35,2.4,5.86,215.0,0.826,PM2.5-1HR
33,840271713201,2026-05-28,5.09,22.91,44.33,0,4.28,88.3,1020.27,1551.56,3.3,7.12,215.0,0.069,PM2.5-1HR
33,840270370470,2026-05-29,7.96,23.9,50.33,0,2.9,123.03,1015.5,1587.68,6.1,11.04,215.0,0.706,PM2.5-1HR
33,840270530910,2026-05-29,8.23,25.05,44.21,0,2.52,127.63,1015.4,1285.64,6.36,11.404,215.0,0.428,PM2.5-1HR
33,840270530963,2026-05-29,7.47,25,44.58,0,2.56,125.46,1015.4,6218.27,6.36,11.404,215.0,0.582,PM2.5-1HR
33,840270531904,2026-05-29,7.16,25,44.58,0,2.56,125.46,1015.4,3960.43,6.36,11.404,215.0,0.223,PM2.5-1HR
33,840271230871,2026-05-29,6.51,24.05,48,0,2.55,127.66,1015.6,3026.06,5.1,9.64,215.0,0.412,PM2.5-1HR
33,840271390505,2026-05-29,7.11,24.9,47.08,0,2.68,123.74,1015.17,2172.58,6.3,11.32,215.0,0.119,PM2.5-1HR
33,840271453052,2026-05-29,7.83,23.9,54.33,0,2.82,116.36,1014.99,1841.35,6.6,11.74,215.0,0.826,PM2.5-1HR
33,840271713201,2026-05-29,7.5,25.61,43.79,0,3.13,118.06,1015.02,1551.56,6.3,11.32,215.0,0.069,PM2.5-1HR
33,840270031002,2026-05-30,6.12,23.4,36,0,5.4,117.71,1016.72,116.16,4.4,8.66,215.0,1.26,PM2.5-1HR
33,840270370470,2026-05-30,6.26,22.78,46.54,0,4.7,109.9,1015.41,1587.68,4.35,8.59,215.0,0.706,PM2.5-1HR
33,840270370480,2026-05-30,6.06,22.54,39,0,6.98,113.26,1016.14,704.53,4.35,8.59,215.0,0.038,PM2.5-1HR
33,840270530909,2026-05-30,6.78,23.72,34,0,5.35,113.75,1016.62,1316.53,4.44,8.716,215.0,0.444,PM2.5-1HR
33,840270530910,2026-05-30,6.55,23.93,41.29,0,4.14,111.74,1015.54,1285.64,4.44,8.716,215.0,0.428,PM2.5-1HR
33,840270530962,2026-05-30,6.22,23.78,34,0,5.44,110.33,1016.56,6156.89,4.44,8.716,215.0,0.012,PM2.5-1HR
33,840270530963,2026-05-30,6.08,24,41.08,0,4.17,111.31,1015.46,6218.27,4.44,8.716,215.0,0.582,PM2.5-1HR
33,840270531904,2026-05-30,5.63,24,41.08,0,4.17,111.31,1015.46,3960.43,4.44,8.716,215.0,0.223,PM2.5-1HR
33,840271230871,2026-05-30,5.5,23.11,44.5,0,4.26,109.67,1015.71,3026.06,4.1,8.24,215.0,0.412,PM2.5-1HR
33,840271390505,2026-05-30,6.19,23.96,42.17,0,4.67,108.89,1015.01,2172.58,4.5,8.8,215.0,0.119,PM2.5-1HR
33,840271453052,2026-05-30,6.63,23.23,49.17,0,4.63,104.22,1015.02,1841.35,5,9.5,215.0,0.826,PM2.5-1HR
33,840271713201,2026-05-30,6.4,24.55,40.04,0,5.18,107.9,1015.14,1551.56,4.5,8.8,215.0,0.069,PM2.5-1HR
33,840270031002,2026-05-31,4.66,19.15,55.88,0.4,3.49,127.06,1016.59,116.16,2.9,6.56,215.0,1.26,PM2.5-1HR
33,840270370470,2026-05-31,5.01,18.83,61.54,0.4,3.98,122.5,1016.45,1587.68,3.1,6.84,215.0,0.706,PM2.5-1HR
33,840270370480,2026-05-31,5.12,18.35,65.79,0.49,4.73,122.11,1016.29,704.53,3.1,6.84,215.0,0.038,PM2.5-1HR
33,840270530909,2026-05-31,5.56,19.48,54.5,0.23,3.36,128.36,1016.5,1316.53,3.22,7.008,215.0,0.444,PM2.5-1HR
33,840270530910,2026-05-31,5.44,19.48,54.5,0.23,3.36,128.36,1016.5,1285.64,3.22,7.008,215.0,0.428,PM2.5-1HR
33,840270530962,2026-05-31,5.45,19.63,54.92,0.16,3.47,126.53,1016.49,6156.89,3.22,7.008,215.0,0.012,PM2.5-1HR
33,840270530963,2026-05-31,5.29,19.63,54.92,0.16,3.47,126.53,1016.49,6218.27,3.22,7.008,215.0,0.582,PM2.5-1HR
33,840270531904,2026-05-31,4.95,19.63,54.92,0.16,3.47,126.53,1016.49,3960.43,3.22,7.008,215.0,0.223,PM2.5-1HR
33,840271230871,2026-05-31,4.63,19.37,54.17,0.19,3.49,128.28,1016.64,3026.06,2.8,6.42,215.0,0.412,PM2.5-1HR
33,840271390505,2026-05-31,5.17,19.25,61.25,0.35,4.18,119.52,1016.17,2172.58,3.2,6.98,215.0,0.119,PM2.5-1HR
33,840271453052,2026-05-31,4.72,18.22,65.63,0.16,3.75,117.4,1016.23,1841.35,3.1,6.84,215.0,0.826,PM2.5-1HR
33,840271713201,2026-05-31,4.73,18.6,63.42,0.48,4.01,120.17,1016.34,1551.56,3.2,6.98,215.0,0.069,PM2.5-1HR
33,840270031002,2026-06-01,7.06,19.89,76.71,0.3,2.09,107.69,1018.71,116.16,5.6,10.34,215.0,1.26,PM2.5-1HR
33,840270370470,2026-06-01,5.51,19.94,73.79,0.18,2.62,104.79,1018.54,1587.68,4.15,8.31,215.0,0.706,PM2.5-1HR
33,840270370480,2026-06-01,5.34,20,73.38,0.07,2.98,105.03,1018.43,704.53,4.15,8.31,215.0,0.038,PM2.5-1HR
33,840270530909,2026-06-01,7.73,20.12,75.04,0.19,2.07,110.4,1018.67,1316.53,4.62,8.968,215.0,0.444,PM2.5-1HR
33,840270530910,2026-06-01,7.68,20.12,75.04,0.19,2.07,110.4,1018.67,1285.64,4.62,8.968,215.0,0.428,PM2.5-1HR
33,840270530962,2026-06-01,7.16,20.16,74.92,0.19,2.11,108.58,1018.63,6156.89,4.62,8.968,215.0,0.012,PM2.5-1HR
33,840270530963,2026-06-01,6.92,20.16,74.92,0.19,2.11,108.58,1018.63,6218.27,4.62,8.968,215.0,0.582,PM2.5-1HR
33,840270531904,2026-06-01,6.34,20.16,74.92,0.19,2.11,108.58,1018.63,3960.43,4.62,8.968,215.0,0.223,PM2.5-1HR
33,840271230871,2026-06-01,6.03,19.85,74.71,0.24,2.15,109.28,1018.73,3026.06,3.5,7.4,215.0,0.412,PM2.5-1HR
33,840271390505,2026-06-01,5.97,20.34,75.58,0.11,2.44,99.89,1018.38,2172.58,4.9,9.36,215.0,0.119,PM2.5-1HR
33,840271453052,2026-06-01,7.3,20.09,79.54,0.1,2.35,107.49,1018.48,1841.35,5.2,9.78,215.0,0.826,PM2.5-1HR
33,840271713201,2026-06-01,6.76,20.3,76.63,0.17,2.52,102.54,1018.55,1551.56,4.9,9.36,215.0,0.069,PM2.5-1HR
33,840270031002,2026-06-02,5.13,21.13,56.71,0,1.87,115.78,1024.82,116.16,4,8.1,215.0,1.26,PM2.5-1HR
33,840270370470,2026-06-02,5.28,21.76,54.83,0,2.64,120.61,1024.68,1587.68,4,8.1,215.0,0.706,PM2.5-1HR
33,840270370480,2026-06-02,5.03,22.2,49.17,0,2.58,136.27,1024.58,704.53,4,8.1,215.0,0.038,PM2.5-1HR
33,840270530909,2026-06-02,6.96,21.79,55,0,2.01,118.88,1024.75,1316.53,4.18,8.352,215.0,0.444,PM2.5-1HR
33,840270530910,2026-06-02,7.1,21.79,55,0,2.12,114.24,1024.75,1285.64,4.18,8.352,215.0,0.428,PM2.5-1HR
33,840270530962,2026-06-02,6.08,21.9,55.25,0,1.7,117.13,1024.72,6156.89,4.18,8.352,215.0,0.012,PM2.5-1HR
33,840270530963,2026-06-02,6.78,21.9,55.25,0,2.15,117.39,1024.72,6218.27,4.18,8.352,215.0,0.582,PM2.5-1HR
33,840270531904,2026-06-02,6.26,21.9,55.25,0,2.15,117.39,1024.72,3960.43,4.18,8.352,215.0,0.223,PM2.5-1HR
33,840271230871,2026-06-02,5.66,21.4,56.88,0,2.15,116.72,1024.85,3026.06,4.2,8.38,215.0,0.412,PM2.5-1HR
33,840271390505,2026-06-02,5.26,22.15,54.29,0,2.33,123.01,1024.47,2172.58,3.4,7.26,215.0,0.119,PM2.5-1HR
33,840271453052,2026-06-02,4.33,20.19,54.63,0,2.87,130.85,1024.59,1841.35,3.5,7.4,215.0,0.826,PM2.5-1HR
33,840271713201,2026-06-02,4.47,21.25,52.13,0,2.92,121.06,1024.63,1551.56,3.7,7.68,215.0,0.069,PM2.5-1HR
33,840270031002,2026-06-03,6.19,23.04,40.68,0,1.66,175.66,1022.05,116.16,5.4,10.06,215.0,1.26,PM2.5-1HR
33,840270370470,2026-06-03,6.15,23.61,37.46,0,4.38,171.17,1021.05,1587.68,5.4,10.06,215.0,0.706,PM2.5-1HR
33,840270370480,2026-06-03,6.17,22.88,40.05,0,4.11,174.77,1022.32,704.53,5.4,10.06,215.0,0.038,PM2.5-1HR
33,840270530909,2026-06-03,6.95,23.28,39.11,0,2.75,173.96,1022.17,1316.53,5.52,10.228,215.0,0.444,PM2.5-1HR
33,840270530910,2026-06-03,7.39,24.04,37.17,0,3.75,167.92,1020.83,1285.64,5.52,10.228,215.0,0.428,PM2.5-1HR
33,840270530962,2026-06-03,6.48,23.25,39.74,0,1.38,162.44,1022.22,6156.89,5.52,10.228,215.0,0.012,PM2.5-1HR
33,840270530963,2026-06-03,6.16,24.02,37.79,0,3.67,165.6,1020.88,6218.27,5.52,10.228,215.0,0.582,PM2.5-1HR
33,840270531904,2026-06-03,5.96,24.02,37.79,0,3.67,165.6,1020.88,3960.43,5.52,10.228,215.0,0.223,PM2.5-1HR
33,840271230871,2026-06-03,6.12,22.88,43.17,0,3.84,162.83,1021.11,3026.06,5,9.5,215.0,0.412,PM2.5-1HR
33,840271390505,2026-06-03,5.85,23.74,39.92,0,4.23,173.29,1020.7,2172.58,5,9.5,215.0,0.119,PM2.5-1HR
33,840271453052,2026-06-03,5.51,21.57,51.88,0,3.58,164.86,1020.01,1841.35,4.8,9.22,215.0,0.826,PM2.5-1HR
33,840271713201,2026-06-03,5.69,23.6,39.58,0,4.68,171.48,1020.38,1551.56,4.9,9.36,215.0,0.069,PM2.5-1HR
33,840270031002,2026-06-04,5.68,26.33,60.33,0.57,1.6,187.48,1009.5,116.16,3.3,7.12,215.0,1.26,PM2.5-1HR
33,840270370470,2026-06-04,6.11,23.25,59.46,0.13,3.66,193.55,1012.65,1587.68,2.85,6.49,215.0,0.706,PM2.5-1HR
33,840270370480,2026-06-04,5.39,25.4,65,0.37,3.13,193.76,1010.1,704.53,2.85,6.49,215.0,0.038,PM2.5-1HR
33,840270530909,2026-06-04,7.47,26.67,57.67,0.53,2.41,194.9,1009.67,1316.53,3.92,7.988,215.0,0.444,PM2.5-1HR
33,840270530910,2026-06-04,7.78,23.64,59.38,0.16,3.1,191.48,1012.38,1285.64,3.92,7.988,215.0,0.428,PM2.5-1HR
33,840270530962,2026-06-04,6.11,26.17,59.67,0.83,1.58,185.23,1009.77,6156.89,3.92,7.988,215.0,0.012,PM2.5-1HR
33,840270530963,2026-06-04,6.19,23.7,59,0.2,3.03,193.66,1012.44,6218.27,3.92,7.988,215.0,0.582,PM2.5-1HR
33,840270531904,2026-06-04,6.18,23.7,59,0.2,3.03,193.66,1012.44,3960.43,3.92,7.988,215.0,0.223,PM2.5-1HR
33,840271230871,2026-06-04,6.54,23.21,59.75,0.09,3.09,183.1,1012.58,3026.06,3.3,7.12,215.0,0.412,PM2.5-1HR
33,840271390505,2026-06-04,5.75,22.85,66.33,0.48,3.52,196.74,1012.38,2172.58,2.8,6.42,215.0,0.119,PM2.5-1HR
33,840271453052,2026-06-04,4.8,21.26,79.33,0.31,3.16,205.36,1011.68,1841.35,2.6,6.14,215.0,0.826,PM2.5-1HR
33,840271713201,2026-06-04,5.24,23.33,65.71,0.09,4.08,197.37,1011.88,1551.56,3.1,6.84,215.0,0.069,PM2.5-1HR
33,840270031002,2026-06-05,3.89,20.12,81.6,0.02,1.17,207.02,1007.46,116.16,2.8,6.42,215.0,1.26,PM2.5-1HR
33,840270370470,2026-06-05,5.81,21.68,78.29,0.14,2.57,209.57,1008.33,1587.68,3.5,7.4,215.0,0.706,PM2.5-1HR
33,840270370480,2026-06-05,4.64,20.14,85,0.16,1.85,215.37,1007.64,704.53,3.5,7.4,215.0,0.038,PM2.5-1HR
33,840270530909,2026-06-05,6.91,20.94,77.8,0.02,1.54,214.36,1007.54,1316.53,3.76,7.764,215.0,0.444,PM2.5-1HR
33,840270530910,2026-06-05,7.39,21.6,77.63,0.36,1.99,212.17,1008.22,1285.64,3.76,7.764,215.0,0.428,PM2.5-1HR
33,840270530962,2026-06-05,5.27,21.18,79.8,0.02,1.2,202.71,1007.56,6156.89,3.76,7.764,215.0,0.012,PM2.5-1HR
33,840270530963,2026-06-05,5.45,21.81,77.29,0.24,1.99,214.85,1008.23,6218.27,3.76,7.764,215.0,0.582,PM2.5-1HR
33,840270531904,2026-06-05,5.76,21.81,77.29,0.24,1.99,214.85,1008.23,3960.43,3.76,7.764,215.0,0.223,PM2.5-1HR
33,840271230871,2026-06-05,5.95,21.66,78.04,0.23,2.15,226.43,1008.28,3026.06,3.8,7.82,215.0,0.412,PM2.5-1HR
33,840271390505,2026-06-05,5.28,21.35,82.88,0.22,2.32,208.37,1008.23,2172.58,3.6,7.54,215.0,0.119,PM2.5-1HR
33,840271453052,2026-06-05,4.17,19.83,83.54,0.4,1.51,252.48,1008.18,1841.35,2.6,6.14,215.0,0.826,PM2.5-1HR
33,840271713201,2026-06-05,3.86,21.02,80.46,0.4,2.23,242.79,1008.14,1551.56,2.8,6.42,215.0,0.069,PM2.5-1HR
33,840270031002,2026-06-06,6.01,22.22,67.25,0,1.47,44.56,1010.68,116.16,3.8,7.82,215.0,1.26,PM2.5-1HR
33,840270370470,2026-06-06,6.27,23.34,64.96,0,1.96,55.1,1010.57,1587.68,4.45,8.73,215.0,0.706,PM2.5-1HR
33,840270370480,2026-06-06,5.7,22.99,67,0,2.05,55.27,1010.54,704.53,4.45,8.73,215.0,0.038,PM2.5-1HR
33,840270530909,2026-06-06,9.41,23.51,62.17,0,1.67,36.94,1010.6,1316.53,4.78,9.192,215.0,0.444,PM2.5-1HR
33,840270530910,2026-06-06,8.87,23.51,62.17,0,1.67,36.94,1010.6,1285.64,4.78,9.192,215.0,0.428,PM2.5-1HR
33,840270530962,2026-06-06,7.81,23.78,61.79,0,1.67,39.07,1010.53,6156.89,4.78,9.192,215.0,0.012,PM2.5-1HR
33,840270530963,2026-06-06,7.85,23.78,61.79,0,1.67,39.07,1010.53,6218.27,4.78,9.192,215.0,0.582,PM2.5-1HR
33,840270531904,2026-06-06,7.52,23.78,61.79,0,1.67,39.07,1010.53,3960.43,4.78,9.192,215.0,0.223,PM2.5-1HR
33,840271230871,2026-06-06,6.94,23.59,62.21,0,1.84,42.04,1010.6,3026.06,4.5,8.8,215.0,0.412,PM2.5-1HR
33,840271390505,2026-06-06,5.93,23.41,64.83,0,1.7,55.47,1010.39,2172.58,4,8.1,215.0,0.119,PM2.5-1HR
33,840271453052,2026-06-06,5.78,21.37,69.79,0,1.34,46.2,1010.69,1841.35,3.9,7.96,215.0,0.826,PM2.5-1HR
33,840271713201,2026-06-06,5.93,22.38,64.96,0,1.75,44.69,1010.64,1551.56,4.3,8.52,215.0,0.069,PM2.5-1HR
33,840270031002,2026-06-07,6.28,24.05,65.63,0.15,4.38,126.6,1010.44,116.16,2.8,6.42,215.0,1.26,PM2.5-1HR
33,840270370470,2026-06-07,6.33,23.57,69.96,0.25,4.43,124.21,1010.46,1587.68,2.2,5.58,215.0,0.706,PM2.5-1HR
33,840270370480,2026-06-07,5.12,23.3,72.13,0.16,4.98,124.79,1010.26,704.53,2.2,5.58,215.0,0.038,PM2.5-1HR
33,840270530909,2026-06-07,7.89,24.49,62.92,0.19,4.18,127.96,1010.42,1316.53,2.78,6.392,215.0,0.444,PM2.5-1HR
33,840270530910,2026-06-07,7.47,24.49,62.92,0.19,4.18,127.96,1010.42,1285.64,2.78,6.392,215.0,0.428,PM2.5-1HR
33,840270530962,2026-06-07,6.95,24.33,64.54,0.24,4.11,126.67,1010.43,6156.89,2.78,6.392,215.0,0.012,PM2.5-1HR
33,840270530963,2026-06-07,7.1,24.33,64.54,0.24,4.11,126.67,1010.43,6218.27,2.78,6.392,215.0,0.582,PM2.5-1HR
33,840270531904,2026-06-07,6.43,24.33,64.54,0.24,4.11,126.67,1010.43,3960.43,2.78,6.392,215.0,0.223,PM2.5-1HR
33,840271230871,2026-06-07,6.46,23.91,65.92,0.2,4.23,124.88,1010.66,3026.06,3,6.7,215.0,0.412,PM2.5-1HR
33,840271390505,2026-06-07,5.84,23.67,70.67,0.4,4.17,122.74,1010.08,2172.58,2,5.3,215.0,0.119,PM2.5-1HR
33,840271453052,2026-06-07,6.33,23.06,70.42,0.09,4.45,125.94,1009.75,1841.35,2.2,5.58,215.0,0.826,PM2.5-1HR
33,840271713201,2026-06-07,6.85,24.05,65.46,0.27,4.85,128.7,1010.02,1551.56,2.2,5.58,215.0,0.069,PM2.5-1HR
33,840270031002,2026-06-08,6.46,22.63,86.13,0.43,3.75,133.21,1011.73,116.16,4.3,8.52,215.0,1.26,PM2.5-1HR
33,840270370470,2026-06-08,6.49,22.56,86.13,0.46,3.79,122.71,1011.78,1587.68,3.4,7.26,215.0,0.706,PM2.5-1HR
33,840270370480,2026-06-08,5.75,22.8,86,0.18,4.29,124.81,1011.64,704.53,3.4,7.26,215.0,0.038,PM2.5-1HR
33,840270530909,2026-06-08,8.62,22.81,84.67,0.43,3.51,130.69,1011.76,1316.53,4.16,8.324,215.0,0.444,PM2.5-1HR
33,840270530910,2026-06-08,8.58,22.81,84.67,0.43,3.51,130.69,1011.76,1285.64,4.16,8.324,215.0,0.428,PM2.5-1HR
33,840270530962,2026-06-08,7.33,22.9,84.17,0.35,3.48,128.53,1011.75,6156.89,4.16,8.324,215.0,0.012,PM2.5-1HR
33,840270530963,2026-06-08,7.16,22.9,84.17,0.35,3.48,128.53,1011.75,6218.27,4.16,8.324,215.0,0.582,PM2.5-1HR
33,840270531904,2026-06-08,7.11,22.9,84.17,0.35,3.48,128.53,1011.75,3960.43,4.16,8.324,215.0,0.223,PM2.5-1HR
33,840271230871,2026-06-08,6.51,22.34,85.63,0.33,3.64,128.11,1011.98,3026.06,4.6,8.94,215.0,0.412,PM2.5-1HR
33,840271390505,2026-06-08,6.01,23.35,84.33,0.21,3.81,128.63,1011.4,2172.58,2.9,6.56,215.0,0.119,PM2.5-1HR
33,840271453052,2026-06-08,4.56,22.59,88.88,0.3,3.6,147.54,1011.08,1841.35,2.5,6.0,215.0,0.826,PM2.5-1HR
33,840271713201,2026-06-08,5.89,23.22,85.08,0.44,4.12,141.48,1011.35,1551.56,2.8,6.42,215.0,0.069,PM2.5-1HR
33,840270031002,2026-06-09,7.25,24.27,76.46,0.01,2.98,112.41,1010.91,116.16,5.7,10.48,215.0,1.26,PM2.5-1HR
33,840270370470,2026-06-09,8.36,24.23,78,0.03,3.13,104.49,1010.91,1587.68,5.85,10.69,215.0,0.706,PM2.5-1HR
33,840270370480,2026-06-09,6.77,24.27,78.33,0.04,3.45,110.33,1010.82,704.53,5.85,10.69,215.0,0.038,PM2.5-1HR
33,840270530909,2026-06-09,11.37,24.46,76.17,0.01,2.84,113.92,1010.91,1316.53,6.6,11.74,215.0,0.444,PM2.5-1HR
33,840270530910,2026-06-09,11.21,24.46,76.17,0.01,2.84,113.92,1010.91,1285.64,6.6,11.74,215.0,0.428,PM2.5-1HR
33,840270530962,2026-06-09,8.85,24.43,76.79,0.01,2.84,109.59,1010.9,6156.89,6.6,11.74,215.0,0.012,PM2.5-1HR
33,840270530963,2026-06-09,8.83,24.43,76.79,0.01,2.84,109.59,1010.9,6218.27,6.6,11.74,215.0,0.582,PM2.5-1HR
33,840270531904,2026-06-09,8.81,24.43,76.79,0.01,2.84,109.59,1010.9,3960.43,6.6,11.74,215.0,0.223,PM2.5-1HR
33,840271230871,2026-06-09,7.83,24.39,75.88,0.01,2.95,106.14,1011.03,3026.06,6.1,11.04,215.0,0.412,PM2.5-1HR
33,840271390505,2026-06-09,8.53,24.36,78.75,0.05,3,107.06,1010.62,2172.58,5.9,10.76,215.0,0.119,PM2.5-1HR
33,840271453052,2026-06-09,10.36,23.27,82.58,0.08,3.85,122.95,1010.45,1841.35,7.1,12.44,215.0,0.826,PM2.5-1HR
33,840271713201,2026-06-09,8.54,23.98,78.54,0.03,3.62,118.92,1010.71,1551.56,6.7,11.88,215.0,0.069,PM2.5-1HR
33,840270031002,2026-06-10,4.85,24.07,79.17,0.52,4.37,191.29,1000.32,116.16,3.2,6.98,215.0,1.26,PM2.5-1HR
33,840270370470,2026-06-10,5.15,25.18,71.79,0.23,4.89,202.13,1000.56,1587.68,3.2,6.98,215.0,0.706,PM2.5-1HR
33,840270370480,2026-06-10,4.74,24.95,72.92,0.19,5.92,207.54,1000.53,704.53,3.2,6.98,215.0,0.038,PM2.5-1HR
33,840270530909,2026-06-10,5.88,24.57,75.75,0.56,4.26,196.57,1000.39,1316.53,3.54,7.456,215.0,0.444,PM2.5-1HR
33,840270530910,2026-06-10,5.97,24.57,75.75,0.56,4.26,196.57,1000.39,1285.64,3.54,7.456,215.0,0.428,PM2.5-1HR
33,840270530962,2026-06-10,5.02,24.95,73.96,0.38,4.22,197.19,1000.41,6156.89,3.54,7.456,215.0,0.012,PM2.5-1HR
33,840270530963,2026-06-10,4.9,24.95,73.96,0.38,4.22,197.19,1000.41,6218.27,3.54,7.456,215.0,0.582,PM2.5-1HR
33,840270531904,2026-06-10,5.09,24.95,73.96,0.38,4.22,197.19,1000.41,3960.43,3.54,7.456,215.0,0.223,PM2.5-1HR
33,840271230871,2026-06-10,4.93,24.7,74.63,0.32,4.48,193.09,1000.59,3026.06,3,6.7,215.0,0.412,PM2.5-1HR
33,840271390505,2026-06-10,4.85,25.24,71.75,0.19,4.97,208.78,1000.25,2172.58,3.5,7.4,215.0,0.119,PM2.5-1HR
33,840271453052,2026-06-10,4.12,23.96,73.25,0.27,4.96,204.62,999.64,1841.35,2.6,6.14,215.0,0.826,PM2.5-1HR
33,840271713201,2026-06-10,4.65,24.33,74.29,0.42,5.37,201.14,999.96,1551.56,2.8,6.42,215.0,0.069,PM2.5-1HR
33,840271713201,2026-06-11,2.77,17.71,77.5,0.2,3.8,241.89,1004.39,1551.56,1.9,5.16,215.0,0.069,PM2.5-1HR
33,840270031002,2026-06-11,3.7,17.62,78.13,0.2,3.1,237.33,1004.38,116.16,2.3,5.72,215.0,1.26,PM2.5-1HR
33,840270370470,2026-06-11,3.75,18.23,75.21,0.43,2.79,251.98,1004.75,1587.68,1.65,4.81,215.0,0.706,PM2.5-1HR
33,840270370480,2026-06-11,3.81,17.9,76.58,0.48,3.09,254.56,1004.87,704.53,1.65,4.81,215.0,0.038,PM2.5-1HR
33,840270530909,2026-06-11,4.23,17.89,78.08,0.27,2.66,237.21,1004.53,1316.53,2.16,5.524,215.0,0.444,PM2.5-1HR
33,840270530910,2026-06-11,4.8,17.89,78.08,0.27,2.66,237.21,1004.53,1285.64,2.16,5.524,215.0,0.428,PM2.5-1HR
33,840270530962,2026-06-11,4.16,18.14,76.79,0.28,2.53,239.45,1004.58,6156.89,2.16,5.524,215.0,0.012,PM2.5-1HR
33,840270530963,2026-06-11,3.66,18.14,76.79,0.28,2.53,239.45,1004.58,6218.27,2.16,5.524,215.0,0.582,PM2.5-1HR
33,840270531904,2026-06-11,3.97,18.14,76.79,0.28,2.53,239.45,1004.58,3960.43,2.16,5.524,215.0,0.223,PM2.5-1HR
33,840271230871,2026-06-11,4.05,17.9,78.75,0.4,2.56,240.55,1004.59,3026.06,2.3,5.72,215.0,0.412,PM2.5-1HR
33,840271390505,2026-06-11,2.96,18.07,76.17,0.27,2.83,246.33,1004.74,2172.58,1.3,4.32,215.0,0.119,PM2.5-1HR
33,840271453052,2026-06-11,2.65,16.88,76.96,0.18,3.88,244.34,1004.09,1841.35,2,5.3,215.0,0.826,PM2.5-1HR
33,840271713201,2026-06-12,3.02,19.15,67.58,0.26,5.56,258.4,1008.61,1551.56,2.6,6.14,215.0,0.069,PM2.5-1HR
33,840270031002,2026-06-12,3.36,19.11,66.54,0.25,4.79,257.3,1008.62,116.16,2.7,6.28,215.0,1.26,PM2.5-1HR
33,840270370470,2026-06-12,3.26,19.75,63.25,0.08,4.68,269.2,1009.24,1587.68,2.5,6.0,215.0,0.706,PM2.5-1HR
33,840270370480,2026-06-12,3.03,19.69,63.79,0.14,5.1,270.32,1009.4,704.53,2.5,6.0,215.0,0.038,PM2.5-1HR
33,840270530909,2026-06-12,3.67,19.27,66.67,0.13,4.33,263.79,1008.88,1316.53,2.82,6.448,215.0,0.444,PM2.5-1HR
33,840270530910,2026-06-12,3.55,19.27,66.67,0.13,4.33,263.79,1008.88,1285.64,2.82,6.448,215.0,0.428,PM2.5-1HR
33,840270530962,2026-06-12,3.58,19.46,66.67,0.17,4.22,266.04,1008.99,6156.89,2.82,6.448,215.0,0.012,PM2.5-1HR
33,840270530963,2026-06-12,3.24,19.46,66.67,0.17,4.22,266.04,1008.99,6218.27,2.82,6.448,215.0,0.582,PM2.5-1HR
33,840270531904,2026-06-12,3.51,19.46,66.67,0.17,4.22,266.04,1008.99,3960.43,2.82,6.448,215.0,0.223,PM2.5-1HR
33,840271230871,2026-06-12,3.4,19.24,67.5,0.16,4.48,265.78,1008.96,3026.06,2.6,6.14,215.0,0.412,PM2.5-1HR
33,840271390505,2026-06-12,3,19.65,65.71,0.16,4.68,268.4,1009.21,2172.58,2.5,6.0,215.0,0.119,PM2.5-1HR
33,840271453052,2026-06-12,3.11,18.35,68.21,0.06,5.21,258.79,1008.23,1841.35,2.5,6.0,215.0,0.826,PM2.5-1HR
33,840271713201,2026-06-13,2.83,17.92,65.79,0,5.41,287.6,1011.01,1551.56,1.7,4.88,215.0,0.069,PM2.5-1HR
33,840270031002,2026-06-13,2.83,18.18,65.46,0.01,4.75,284.18,1010.75,116.16,1.7,4.88,215.0,1.26,PM2.5-1HR
33,840270370470,2026-06-13,2.8,19.18,62.96,0.18,4.41,283.51,1010.88,1587.68,1.95,5.23,215.0,0.706,PM2.5-1HR
33,840270370480,2026-06-13,2.7,19.1,63.33,0.18,4.91,284.34,1011.05,704.53,1.95,5.23,215.0,0.038,PM2.5-1HR
33,840270530909,2026-06-13,3.05,18.62,64.79,0.04,4.17,287.92,1010.8,1316.53,1.72,4.908,215.0,0.444,PM2.5-1HR
33,840270530910,2026-06-13,2.94,18.62,64.79,0.04,4.17,287.92,1010.8,1285.64,1.72,4.908,215.0,0.428,PM2.5-1HR
33,840270530962,2026-06-13,2.95,19,63.54,0.08,4.09,287.06,1010.79,6156.89,1.72,4.908,215.0,0.012,PM2.5-1HR
33,840270530963,2026-06-13,2.74,19,63.54,0.08,4.09,287.06,1010.79,6218.27,1.72,4.908,215.0,0.582,PM2.5-1HR
33,840270531904,2026-06-13,2.93,19,63.54,0.08,4.09,287.06,1010.79,3960.43,1.72,4.908,215.0,0.223,PM2.5-1HR
33,840271230871,2026-06-13,2.93,18.77,64.63,0.11,4.27,284.87,1010.71,3026.06,1.9,5.16,215.0,0.412,PM2.5-1HR
33,840271390505,2026-06-13,2.59,19.13,63.63,0.15,4.51,285.63,1011.02,2172.58,1.8,5.02,215.0,0.119,PM2.5-1HR
33,840271453052,2026-06-13,2.56,16.8,68,0,5.04,289.43,1011.26,1841.35,1.8,5.02,215.0,0.826,PM2.5-1HR
33,840271713201,2026-06-14,1.62,16.77,51.75,0,5.54,314.99,1015.42,1551.56,1,3.9,215.0,0.069,PM2.5-1HR
33,840270031002,2026-06-14,1.79,16.79,51.63,0,4.88,310.61,1014.96,116.16,0.9,3.76,215.0,1.26,PM2.5-1HR
33,840270370470,2026-06-14,1.87,17.1,50.63,0,4.99,317.83,1015.12,1587.68,1.05,3.97,215.0,0.706,PM2.5-1HR
33,840270370480,2026-06-14,1.77,17.01,50.88,0,5.51,319.96,1015.31,704.53,1.05,3.97,215.0,0.038,PM2.5-1HR
33,840270530909,2026-06-14,2.57,17.03,51,0,4.62,315.03,1015.05,1316.53,1,3.9,215.0,0.444,PM2.5-1HR
33,840270530910,2026-06-14,2.3,17.03,51,0,4.62,315.03,1015.05,1285.64,1,3.9,215.0,0.428,PM2.5-1HR
33,840270530962,2026-06-14,1.88,17.55,47.42,0,4.7,317.02,1015.04,6156.89,1,3.9,215.0,0.012,PM2.5-1HR
33,840270530963,2026-06-14,1.83,17.55,47.42,0,4.7,317.02,1015.04,6218.27,1,3.9,215.0,0.582,PM2.5-1HR
33,840270531904,2026-06-14,2.28,17.55,47.42,0,4.7,317.02,1015.04,3960.43,1,3.9,215.0,0.223,PM2.5-1HR
33,840271230871,2026-06-14,2.15,17.07,50.21,0,4.87,314.35,1014.91,3026.06,0.9,3.76,215.0,0.412,PM2.5-1HR
33,840271390505,2026-06-14,1.73,17.39,49.83,0,5.1,319.9,1015.39,2172.58,0.9,3.76,215.0,0.119,PM2.5-1HR
33,840271453052,2026-06-14,1.74,15.97,54.75,0,4.95,315.75,1015.77,1841.35,0.8,3.62,215.0,0.826,PM2.5-1HR
33,840270031002,2026-06-15,3.06,18.37,50.04,0.02,3.36,257.39,1010.29,116.16,2.6,6.14,215.0,1.26,PM2.5-1HR
33,840270370470,2026-06-15,3.01,19.01,48.25,0,3.32,258.73,1010.74,1587.68,2.6,6.14,215.0,0.706,PM2.5-1HR
33,840270370480,2026-06-15,2.83,18.73,48.75,0.01,3.71,256.32,1010.89,704.53,2.6,6.14,215.0,0.038,PM2.5-1HR
33,840270530909,2026-06-15,3.57,18.88,48.63,0.03,3,253.43,1010.43,1316.53,2.66,6.224,215.0,0.444,PM2.5-1HR
33,840270530910,2026-06-15,3.62,18.88,48.63,0.03,3,253.43,1010.43,1285.64,2.66,6.224,215.0,0.428,PM2.5-1HR
33,840270530962,2026-06-15,3.2,19.3,46,0.03,3.02,253.31,1010.54,6156.89,2.66,6.224,215.0,0.012,PM2.5-1HR
33,840270530963,2026-06-15,3.05,19.3,46,0.03,3.02,253.31,1010.54,6218.27,2.66,6.224,215.0,0.582,PM2.5-1HR
33,840270531904,2026-06-15,3.22,19.3,46,0.03,3.02,253.31,1010.54,3960.43,2.66,6.224,215.0,0.223,PM2.5-1HR
33,840271230871,2026-06-15,4.67,18.94,48.08,0.03,3.23,257.92,1010.5,3026.06,2.5,6.0,215.0,0.412,PM2.5-1HR
33,840271390505,2026-06-15,3.17,18.83,53.29,0.06,3.09,256.37,1010.71,2172.58,2.5,6.0,215.0,0.119,PM2.5-1HR
33,840271453052,2026-06-15,3.86,16.88,57.46,0.02,3.93,256.14,1010.11,1841.35,1.6,4.74,215.0,0.826,PM2.5-1HR
33,840271713201,2026-06-15,2.64,18.1,55.17,0.1,4.1,260.49,1010.34,1551.56,1.7,4.88,215.0,0.069,PM2.5-1HR
33,840270031002,2026-06-16,2.86,16.5,66.67,0.05,3.88,283.4,1002.85,116.16,1.9,5.16,215.0,1.26,PM2.5-1HR
33,840270370470,2026-06-16,2.82,17.08,60.46,0.08,4.5,288.72,1003.18,1587.68,1.75,4.95,215.0,0.706,PM2.5-1HR
33,840270370480,2026-06-16,2.59,17.07,59.54,0.1,5.27,287.69,1003.35,704.53,1.75,4.95,215.0,0.038,PM2.5-1HR
33,840270530909,2026-06-16,2.97,16.7,65.46,0.06,3.59,285.75,1002.99,1316.53,1.7,4.88,215.0,0.444,PM2.5-1HR
33,840270530910,2026-06-16,2.98,16.7,65.46,0.06,3.59,285.75,1002.99,1285.64,1.7,4.88,215.0,0.428,PM2.5-1HR
33,840270530962,2026-06-16,3.26,17.03,62.5,0.08,3.71,286.32,1003.04,6156.89,1.7,4.88,215.0,0.012,PM2.5-1HR
33,840270530963,2026-06-16,2.8,17.03,62.5,0.08,3.71,286.32,1003.04,6218.27,1.7,4.88,215.0,0.582,PM2.5-1HR
33,840270531904,2026-06-16,2.88,17.03,62.5,0.08,3.71,286.32,1003.04,3960.43,1.7,4.88,215.0,0.223,PM2.5-1HR
33,840271230871,2026-06-16,3.06,16.66,65.29,0.11,3.89,282.85,1002.95,3026.06,1.9,5.16,215.0,0.412,PM2.5-1HR
33,840271390505,2026-06-16,2.41,17.45,58.79,0.12,4.65,289.76,1003.27,2172.58,1.4,4.46,215.0,0.119,PM2.5-1HR
33,840271453052,2026-06-16,2.57,16.25,63.08,0.23,4.66,286.31,1003.1,1841.35,1.3,4.32,215.0,0.826,PM2.5-1HR
33,840271713201,2026-06-16,2.61,16.72,62.21,0.09,4.92,290.18,1003.03,1551.56,1.8,5.02,215.0,0.069,PM2.5-1HR
33,840270031002,2026-06-17,4.15,15.46,84.67,0.56,3.58,114.58,994.94,116.16,1.6,4.74,215.0,1.26,PM2.5-1HR
33,840270370470,2026-06-17,4.31,16.3,81.67,0.91,3.37,86.35,994.85,1587.68,2,5.3,215.0,0.706,PM2.5-1HR
33,840270370480,2026-06-17,4.21,16.49,82.04,0.96,4.11,234.01,994.77,704.53,2,5.3,215.0,0.038,PM2.5-1HR
33,840270530909,2026-06-17,4.77,15.85,82.38,0.79,3.28,112.85,994.92,1316.53,1.62,4.768,215.0,0.444,PM2.5-1HR
33,840270530910,2026-06-17,4.62,15.85,82.38,0.79,3.28,112.85,994.92,1285.64,1.62,4.768,215.0,0.428,PM2.5-1HR
33,840270530962,2026-06-17,5.05,16.15,81.25,0.71,3.27,114.49,994.88,6156.89,1.62,4.768,215.0,0.012,PM2.5-1HR
33,840270530963,2026-06-17,4.17,16.15,81.25,0.71,3.27,114.49,994.88,6218.27,1.62,4.768,215.0,0.582,PM2.5-1HR
33,840270531904,2026-06-17,4.59,16.15,81.25,0.71,3.27,114.49,994.88,3960.43,1.62,4.768,215.0,0.223,PM2.5-1HR
33,840271230871,2026-06-17,3.7,15.74,83.42,0.95,3.55,118.44,994.97,3026.06,1.2,4.18,215.0,0.412,PM2.5-1HR
33,840271390505,2026-06-17,3.76,16.74,82.54,0.77,3.72,182.64,994.74,2172.58,2.1,5.44,215.0,0.119,PM2.5-1HR
33,840271453052,2026-06-17,3.89,15.85,85.25,0.62,3.57,232.91,994.45,1841.35,1.1,4.04,215.0,0.826,PM2.5-1HR
33,840271713201,2026-06-17,4.05,16.13,82,0.57,4.2,133.1,994.65,1551.56,1.6,4.74,215.0,0.069,PM2.5-1HR
33,840270031002,2026-06-18,2.65,16.1,71.25,0.02,3.72,314.84,1007.47,116.16,1.8,5.02,215.0,1.26,PM2.5-1HR
33,840270370470,2026-06-18,2.66,16.54,72.75,0.01,3.58,314.68,1007.55,1587.68,1.7,4.88,215.0,0.706,PM2.5-1HR
33,840270370480,2026-06-18,2.73,16.39,74.46,0.02,3.85,320.03,1007.66,704.53,1.7,4.88,215.0,0.038,PM2.5-1HR
33,840270530909,2026-06-18,3.31,16.35,70.96,0.04,3.43,317.29,1007.49,1316.53,2.18,5.552,215.0,0.444,PM2.5-1HR
33,840270530910,2026-06-18,3.25,16.35,70.96,0.04,3.43,317.29,1007.49,1285.64,2.18,5.552,215.0,0.428,PM2.5-1HR
33,840270530962,2026-06-18,2.99,16.55,70.42,0.05,3.37,316.88,1007.48,6156.89,2.18,5.552,215.0,0.012,PM2.5-1HR
33,840270530963,2026-06-18,2.64,16.55,70.42,0.05,3.37,316.88,1007.48,6218.27,2.18,5.552,215.0,0.582,PM2.5-1HR
33,840270531904,2026-06-18,2.74,16.55,70.42,0.05,3.37,316.88,1007.48,3960.43,2.18,5.552,215.0,0.223,PM2.5-1HR
33,840271230871,2026-06-18,2.52,16.4,70.63,0.04,3.64,316.79,1007.38,3026.06,1.8,5.02,215.0,0.412,PM2.5-1HR
33,840271390505,2026-06-18,2.53,16.74,73.04,0.02,3.39,321.93,1007.69,2172.58,1.4,4.46,215.0,0.119,PM2.5-1HR
33,840271453052,2026-06-18,2.43,15.54,73.17,0.02,3.94,316.46,1007.95,1841.35,1.5,4.6,215.0,0.826,PM2.5-1HR
33,840271713201,2026-06-18,2.45,16.04,72.04,0.03,4.02,318.84,1007.75,1551.56,1.6,4.74,215.0,0.069,PM2.5-1HR
33,840270031002,2026-06-19,3.74,15.03,77.67,0.29,2.43,252.08,1012.97,116.16,2.5,6.0,215.0,1.26,PM2.5-1HR
33,840270370470,2026-06-19,3.02,15.93,75.38,0.26,2.77,257.62,1013.18,1587.68,2.1,5.44,215.0,0.706,PM2.5-1HR
33,840270370480,2026-06-19,2.84,15.69,77.25,0.23,3.07,255.89,1013.25,704.53,2.1,5.44,215.0,0.038,PM2.5-1HR
33,840270530909,2026-06-19,4.43,15.54,76.5,0.15,2.4,252.93,1013.06,1316.53,2.92,6.588,215.0,0.444,PM2.5-1HR
33,840270530910,2026-06-19,4.38,15.54,76.5,0.15,2.4,252.93,1013.06,1285.64,2.92,6.588,215.0,0.428,PM2.5-1HR
33,840270530962,2026-06-19,3.69,15.72,76.58,0.2,2.35,253.68,1013.09,6156.89,2.92,6.588,215.0,0.012,PM2.5-1HR
33,840270530963,2026-06-19,3.34,15.72,76.58,0.2,2.35,253.68,1013.09,6218.27,2.92,6.588,215.0,0.582,PM2.5-1HR
33,840270531904,2026-06-19,3.77,15.72,76.58,0.2,2.35,253.68,1013.09,3960.43,2.92,6.588,215.0,0.223,PM2.5-1HR
33,840271230871,2026-06-19,4.41,15.57,76.79,0.16,2.56,255.27,1013.05,3026.06,2.3,5.72,215.0,0.412,PM2.5-1HR
33,840271390505,2026-06-19,2.91,15.93,78.71,0.39,2.65,254.26,1013.19,2172.58,2.5,6.0,215.0,0.119,PM2.5-1HR
33,840271453052,2026-06-19,3.08,14.14,82.08,0.11,2.7,247.73,1012.84,1841.35,2.5,6.0,215.0,0.826,PM2.5-1HR
33,840271713201,2026-06-19,2.94,15.03,80.75,0.3,2.95,254.64,1012.94,1551.56,2.2,5.58,215.0,0.069,PM2.5-1HR
33,840270031002,2026-06-20,2.92,17.35,68.42,0,2.56,291.19,1014.39,116.16,1.5,4.6,215.0,1.26,PM2.5-1HR
33,840270370470,2026-06-20,3.07,17.63,67.96,0,2.76,295.7,1014.53,1587.68,1.55,4.67,215.0,0.706,PM2.5-1HR
33,840270370480,2026-06-20,3.21,17.44,67.54,0,2.96,305.88,1014.66,704.53,1.55,4.67,215.0,0.038,PM2.5-1HR
33,840270530909,2026-06-20,4.15,17.78,65.67,0,2.34,310.98,1014.44,1316.53,2.02,5.328,215.0,0.444,PM2.5-1HR
33,840270530910,2026-06-20,3.99,17.78,65.67,0,2.34,310.98,1014.44,1285.64,2.02,5.328,215.0,0.428,PM2.5-1HR
33,840270530962,2026-06-20,3.33,18.04,64.46,0,2.4,314.46,1014.43,6156.89,2.02,5.328,215.0,0.012,PM2.5-1HR
33,840270530963,2026-06-20,3.7,18.04,64.46,0,2.4,314.46,1014.43,6218.27,2.02,5.328,215.0,0.582,PM2.5-1HR
33,840270531904,2026-06-20,3.37,18.04,64.46,0,2.4,314.46,1014.43,3960.43,2.02,5.328,215.0,0.223,PM2.5-1HR
33,840271230871,2026-06-20,4.56,17.7,65.46,0,2.59,310.99,1014.43,3026.06,1.6,4.74,215.0,0.412,PM2.5-1HR
33,840271390505,2026-06-20,3.65,17.91,67.17,0,2.57,308.85,1014.58,2172.58,1.2,4.18,215.0,0.119,PM2.5-1HR
33,840271453052,2026-06-20,2.7,16.74,70.46,0,2.74,304.88,1014.6,1841.35,1.3,4.32,215.0,0.826,PM2.5-1HR
33,840271713201,2026-06-20,3.22,17.4,68.46,0,2.89,299.6,1014.51,1551.56,1.6,4.74,215.0,0.069,PM2.5-1HR
33,840270031002,2026-06-21,3.62,17.91,63.75,0,2,41.25,1013.16,116.16,2,5.3,215.0,1.26,PM2.5-1HR
33,840270370470,2026-06-21,4.38,18.35,63.96,0,1.98,77.61,1012.8,1587.68,2.9,6.56,215.0,0.706,PM2.5-1HR
33,840270370480,2026-06-21,5.18,18.35,62.46,0,2.3,77.47,1012.76,704.53,2.9,6.56,215.0,0.038,PM2.5-1HR
33,840270530909,2026-06-21,7.64,18.7,60.04,0,1.87,46.32,1012.96,1316.53,2.84,6.476,215.0,0.444,PM2.5-1HR
33,840270530910,2026-06-21,7.04,18.7,60.04,0,1.87,46.32,1012.96,1285.64,2.84,6.476,215.0,0.428,PM2.5-1HR
33,840270530962,2026-06-21,4.25,19.01,58.71,0,1.79,53.5,1012.88,6156.89,2.84,6.476,215.0,0.012,PM2.5-1HR
33,840270530963,2026-06-21,4.95,19.01,58.71,0,1.79,53.5,1012.88,6218.27,2.84,6.476,215.0,0.582,PM2.5-1HR
33,840270531904,2026-06-21,6.15,19.01,58.71,0,1.79,53.5,1012.88,3960.43,2.84,6.476,215.0,0.223,PM2.5-1HR
33,840271230871,2026-06-21,5,18.73,59.92,0,1.91,58.57,1012.89,3026.06,2.6,6.14,215.0,0.412,PM2.5-1HR
33,840271390505,2026-06-21,5.49,18.62,62.71,0,1.95,55.78,1012.82,2172.58,2.8,6.42,215.0,0.119,PM2.5-1HR
33,840271453052,2026-06-21,2.92,16.84,63.88,0,2.08,45.21,1013.67,1841.35,1.6,4.74,215.0,0.826,PM2.5-1HR
33,840271713201,2026-06-21,4.4,17.46,64.13,0,2.29,37.44,1013.34,1551.56,2,5.3,215.0,0.069,PM2.5-1HR
33,840270031002,2026-06-22,3.15,18.75,55.42,0,1.75,37.65,1018.34,116.16,2.4,5.86,215.0,1.26,PM2.5-1HR
33,840270370470,2026-06-22,3.77,19.45,53.79,0,2.11,62.94,1018.05,1587.68,3.05,6.77,215.0,0.706,PM2.5-1HR
33,840270370480,2026-06-22,3.91,19.43,54.42,0,2.1,49.54,1018.02,704.53,3.05,6.77,215.0,0.038,PM2.5-1HR
33,840270530909,2026-06-22,4.87,19.73,50.67,0,1.91,36.9,1018.18,1316.53,2.96,6.644,215.0,0.444,PM2.5-1HR
33,840270530910,2026-06-22,4.23,19.73,50.67,0,1.91,36.9,1018.18,1285.64,2.96,6.644,215.0,0.428,PM2.5-1HR
33,840270530962,2026-06-22,3.8,20.16,48.42,0,1.85,45.25,1018.08,6156.89,2.96,6.644,215.0,0.012,PM2.5-1HR
33,840270530963,2026-06-22,3.83,20.16,48.42,0,1.85,45.25,1018.08,6218.27,2.96,6.644,215.0,0.582,PM2.5-1HR
33,840270531904,2026-06-22,3.54,20.16,48.42,0,1.85,45.25,1018.08,3960.43,2.96,6.644,215.0,0.223,PM2.5-1HR
33,840271230871,2026-06-22,3.67,19.46,51.63,0,1.92,47.06,1018.1,3026.06,2.7,6.28,215.0,0.412,PM2.5-1HR
33,840271390505,2026-06-22,3.66,19.63,55.17,0,1.94,23.87,1018.03,2172.58,2.9,6.56,215.0,0.119,PM2.5-1HR
33,840271453052,2026-06-22,3.32,17.58,62.29,0,1.27,42.63,1018.58,1841.35,2.5,6.0,215.0,0.826,PM2.5-1HR
33,840271713201,2026-06-22,3.25,18.24,58.75,0,1.65,52.48,1018.45,1551.56,2.6,6.14,215.0,0.069,PM2.5-1HR
33,840270031002,2026-06-23,4.32,19.02,70.42,0.53,2.66,130.34,1019.76,116.16,3.1,6.84,215.0,1.26,PM2.5-1HR
33,840270370470,2026-06-23,4.8,19,69.46,0.37,2.86,132.3,1019.8,1587.68,2.8,6.42,215.0,0.706,PM2.5-1HR
33,840270370480,2026-06-23,4.49,19.18,69.08,0.54,2.92,138.96,1019.67,704.53,2.8,6.42,215.0,0.038,PM2.5-1HR
33,840270530909,2026-06-23,4.79,19.87,62.67,0.24,2.64,138.33,1019.71,1316.53,3.2,6.98,215.0,0.444,PM2.5-1HR
33,840270530910,2026-06-23,4.73,19.87,62.67,0.24,2.64,138.33,1019.71,1285.64,3.2,6.98,215.0,0.428,PM2.5-1HR
33,840270530962,2026-06-23,4.67,20.01,62.21,0.25,2.69,136.66,1019.7,6156.89,3.2,6.98,215.0,0.012,PM2.5-1HR
33,840270530963,2026-06-23,4.26,20.01,62.21,0.25,2.69,136.66,1019.7,6218.27,3.2,6.98,215.0,0.582,PM2.5-1HR
33,840270531904,2026-06-23,4.46,20.01,62.21,0.25,2.69,136.66,1019.7,3960.43,3.2,6.98,215.0,0.223,PM2.5-1HR
33,840271230871,2026-06-23,4.16,19.4,64.67,0.19,2.82,132.4,1019.87,3026.06,2.6,6.14,215.0,0.412,PM2.5-1HR
33,840271390505,2026-06-23,4.49,19.26,70.17,0.33,2.49,137.55,1019.55,2172.58,2.8,6.42,215.0,0.119,PM2.5-1HR
33,840271453052,2026-06-23,5.52,17.82,77.67,0.21,2.92,139.77,1019.27,1841.35,3.2,6.98,215.0,0.826,PM2.5-1HR
33,840271713201,2026-06-23,4.16,18.65,72.17,0.23,3.17,140.06,1019.5,1551.56,3.3,7.12,215.0,0.069,PM2.5-1HR
33,840270031002,2026-06-24,4.2,19.1,74.5,0.1,3.04,263.46,1013.96,116.16,0.9,3.76,215.0,1.26,PM2.5-1HR
33,840270370470,2026-06-24,3.35,19.69,71.63,0.08,3.78,270.42,1014.13,1587.68,1.2,4.18,215.0,0.706,PM2.5-1HR
33,840270370480,2026-06-24,2.85,19.31,73.17,0.13,4.38,270.47,1014.26,704.53,1.2,4.18,215.0,0.038,PM2.5-1HR
33,840270530909,2026-06-24,4.93,19.52,72.83,0.09,3.05,262.76,1014,1316.53,1.2,4.18,215.0,0.444,PM2.5-1HR
33,840270530910,2026-06-24,4.58,19.52,72.83,0.09,3.05,262.76,1014,1285.64,1.2,4.18,215.0,0.428,PM2.5-1HR
33,840270530962,2026-06-24,4.2,19.74,71.42,0.08,3.12,267.72,1014.03,6156.89,1.2,4.18,215.0,0.012,PM2.5-1HR
33,840270530963,2026-06-24,3.62,19.74,71.42,0.08,3.12,267.72,1014.03,6218.27,1.2,4.18,215.0,0.582,PM2.5-1HR
33,840270531904,2026-06-24,3.97,19.74,71.42,0.08,3.12,267.72,1014.03,3960.43,1.2,4.18,215.0,0.223,PM2.5-1HR
33,840271230871,2026-06-24,4.04,19.33,74.71,0.07,2.94,264.12,1014.02,3026.06,0.9,3.76,215.0,0.412,PM2.5-1HR
33,840271390505,2026-06-24,3.05,19.38,74.08,0.05,3.65,265.18,1014.23,2172.58,1.2,4.18,215.0,0.119,PM2.5-1HR
33,840271453052,2026-06-24,2.8,18.06,78.83,0.13,3.83,275.79,1014.1,1841.35,0.9,3.76,215.0,0.826,PM2.5-1HR
33,840271713201,2026-06-24,3.18,18.97,75.33,0.08,4.05,267.84,1014.03,1551.56,1,3.9,215.0,0.069,PM2.5-1HR
33,840270031002,2026-06-25,3.86,17.47,73.75,0,1.99,22.5,1015.5,116.16,2.7,6.28,215.0,1.26,PM2.5-1HR
33,840270370470,2026-06-25,4.73,18.31,70.42,0,2.3,1.86,1015.31,1587.68,2.7,6.28,215.0,0.706,PM2.5-1HR
33,840270370480,2026-06-25,4.65,17.94,73.29,0,2.57,0.2,1015.34,704.53,2.7,6.28,215.0,0.038,PM2.5-1HR
33,840270530909,2026-06-25,5.13,18,71.38,0,1.96,13.66,1015.44,1316.53,3,6.7,215.0,0.444,PM2.5-1HR
33,840270530910,2026-06-25,4.51,18,71.38,0,1.96,13.66,1015.44,1285.64,3,6.7,215.0,0.428,PM2.5-1HR
33,840270530962,2026-06-25,4.45,18.46,67.96,0,2.05,11.22,1015.4,6156.89,3,6.7,215.0,0.012,PM2.5-1HR
33,840270530963,2026-06-25,4.16,18.46,67.96,0,2.05,11.22,1015.4,6218.27,3,6.7,215.0,0.582,PM2.5-1HR
33,840270531904,2026-06-25,4.2,18.46,67.96,0,2.05,11.22,1015.4,3960.43,3,6.7,215.0,0.223,PM2.5-1HR
33,840271230871,2026-06-25,4.28,17.75,74.54,0,2.03,10.59,1015.39,3026.06,2.5,6.0,215.0,0.412,PM2.5-1HR
33,840271390505,2026-06-25,4.05,18.04,74.25,0,2.21,7.29,1015.39,2172.58,2.4,5.86,215.0,0.119,PM2.5-1HR
33,840271453052,2026-06-25,3.28,16.9,78.92,0.01,1.83,50.16,1015.71,1841.35,2.1,5.44,215.0,0.826,PM2.5-1HR
33,840271713201,2026-06-25,3.65,17.28,76.46,0.01,2.32,27.02,1015.6,1551.56,2.1,5.44,215.0,0.069,PM2.5-1HR
33,840270031002,2026-06-26,5.66,19.17,72.21,0.06,2.09,100.39,1016.5,116.16,4.5,8.8,215.0,1.26,PM2.5-1HR
33,840270370470,2026-06-26,6.18,19.69,69.83,0.13,2.44,111.53,1016.35,1587.68,4.05,8.17,215.0,0.706,PM2.5-1HR
33,840270370480,2026-06-26,5.64,19.47,71.54,0.09,2.68,113.47,1016.25,704.53,4.05,8.17,215.0,0.038,PM2.5-1HR
33,840270530909,2026-06-26,7.92,19.96,67.58,0.03,2.02,105.75,1016.38,1316.53,5.02,9.528,215.0,0.444,PM2.5-1HR
33,840270530910,2026-06-26,7.39,19.96,67.58,0.03,2.02,105.75,1016.38,1285.64,5.02,9.528,215.0,0.428,PM2.5-1HR
33,840270530962,2026-06-26,6.4,20.31,65.67,0.06,2.12,107.44,1016.34,6156.89,5.02,9.528,215.0,0.012,PM2.5-1HR
33,840270530963,2026-06-26,6.43,20.31,65.67,0.06,2.12,107.44,1016.34,6218.27,5.02,9.528,215.0,0.582,PM2.5-1HR
33,840270531904,2026-06-26,6.49,20.31,65.67,0.06,2.12,107.44,1016.34,3960.43,5.02,9.528,215.0,0.223,PM2.5-1HR
33,840271230871,2026-06-26,6.16,19.63,69.88,0.11,2.25,108.83,1016.43,3026.06,4.4,8.66,215.0,0.412,PM2.5-1HR
33,840271390505,2026-06-26,5.61,19.81,70.13,0.04,2.13,106.78,1016.2,2172.58,4,8.1,215.0,0.119,PM2.5-1HR
33,840271453052,2026-06-26,5.2,18.08,75.33,0.01,2.09,107.97,1016.43,1841.35,4.1,8.24,215.0,0.826,PM2.5-1HR
33,840271713201,2026-06-26,5.75,18.72,74.13,0.03,2.09,101.79,1016.42,1551.56,4,8.1,215.0,0.069,PM2.5-1HR
33,840270031002,2026-06-27,5.61,21.93,61.75,0,3.81,127.31,1014.01,116.16,3.8,7.82,215.0,1.26,PM2.5-1HR
33,840270370470,2026-06-27,5.69,21.64,65.21,0,3.8,122.24,1013.93,1587.68,4.25,8.45,215.0,0.706,PM2.5-1HR
33,840270370480,2026-06-27,5.18,21.53,67.29,0,4.34,127.06,1013.78,704.53,4.25,8.45,215.0,0.038,PM2.5-1HR
33,840270530909,2026-06-27,6.29,22.05,60.63,0,3.66,128.03,1013.98,1316.53,4.7,9.08,215.0,0.444,PM2.5-1HR
33,840270530910,2026-06-27,5.98,22.05,60.63,0,3.66,128.03,1013.98,1285.64,4.7,9.08,215.0,0.428,PM2.5-1HR
33,840270530962,2026-06-27,5.72,22.41,59,0,3.74,124.66,1013.97,6156.89,4.7,9.08,215.0,0.012,PM2.5-1HR
33,840270530963,2026-06-27,5.8,22.41,59,0,3.74,124.66,1013.97,6218.27,4.7,9.08,215.0,0.582,PM2.5-1HR
33,840270531904,2026-06-27,5.72,22.41,59,0,3.74,124.66,1013.97,3960.43,4.7,9.08,215.0,0.223,PM2.5-1HR
33,840271230871,2026-06-27,5.28,21.76,62,0,3.75,124.98,1014.14,3026.06,3.6,7.54,215.0,0.412,PM2.5-1HR
33,840271390505,2026-06-27,5.15,21.84,66.67,0,3.71,124.21,1013.63,2172.58,4.1,8.24,215.0,0.119,PM2.5-1HR
33,840271453052,2026-06-27,5.48,21.35,68.58,0.01,4.4,129.63,1013.3,1841.35,4.6,8.94,215.0,0.826,PM2.5-1HR
33,840271713201,2026-06-27,4.94,21.71,65.21,0,4.5,128.28,1013.66,1551.56,4,8.1,215.0,0.069,PM2.5-1HR
33,840270031002,2026-06-28,6.07,22.48,76.5,0.09,5.29,128.87,1007.72,116.16,5.1,9.64,215.0,1.26,PM2.5-1HR
33,840270370470,2026-06-28,6.21,22.77,78.88,0.2,5.58,130.94,1007.47,1587.68,4.95,9.43,215.0,0.706,PM2.5-1HR
33,840270370480,2026-06-28,5.45,22.62,81.21,0.31,6.41,131.83,1007.23,704.53,4.95,9.43,215.0,0.038,PM2.5-1HR
33,840270530909,2026-06-28,7.13,22.72,76.54,0.14,4.89,130.05,1007.63,1316.53,5,9.5,215.0,0.444,PM2.5-1HR
33,840270530910,2026-06-28,6.8,22.72,76.54,0.14,4.89,130.05,1007.63,1285.64,5,9.5,215.0,0.428,PM2.5-1HR
33,840270530962,2026-06-28,5.89,22.97,75.75,0.13,4.9,128.34,1007.57,6156.89,5,9.5,215.0,0.012,PM2.5-1HR
33,840270530963,2026-06-28,6.19,22.97,75.75,0.13,4.9,128.34,1007.57,6218.27,5,9.5,215.0,0.582,PM2.5-1HR
33,840270531904,2026-06-28,6.12,22.97,75.75,0.13,4.9,128.34,1007.57,3960.43,5,9.5,215.0,0.223,PM2.5-1HR
33,840271230871,2026-06-28,5.84,22.49,77.42,0.13,5.11,128.75,1007.86,3026.06,5.1,9.64,215.0,0.412,PM2.5-1HR
33,840271390505,2026-06-28,5.7,22.97,80,0.25,5.49,131.86,1007.02,2172.58,4.6,8.94,215.0,0.119,PM2.5-1HR
33,840271453052,2026-06-28,5.56,21.78,83.79,0.18,5.26,124.85,1006.9,1841.35,3.4,7.26,215.0,0.826,PM2.5-1HR
33,840271713201,2026-06-28,5.47,22.38,79.88,0.14,5.62,128.33,1007.19,1551.56,3.1,6.84,215.0,0.069,PM2.5-1HR
33,840270031002,2026-06-29,10.6,25.87,86.58,0.31,4.2,153.75,1003.59,116.16,6.1,11.04,215.0,1.26,PM2.5-1HR
33,840270370470,2026-06-29,11.2,26.55,84.13,0.27,5.4,168.92,1003.85,1587.68,5.6,10.34,215.0,0.706,PM2.5-1HR
33,840270370480,2026-06-29,9.76,26.49,84.54,0.39,6.2,174.44,1003.78,704.53,5.6,10.34,215.0,0.038,PM2.5-1HR
33,840270530909,2026-06-29,12.47,26.02,85.88,0.4,4.25,159.86,1003.64,1316.53,6.26,11.264,215.0,0.444,PM2.5-1HR
33,840270530910,2026-06-29,12.2,26.02,85.88,0.4,4.25,159.86,1003.64,1285.64,6.26,11.264,215.0,0.428,PM2.5-1HR
33,840270530962,2026-06-29,9.49,26.29,85.08,0.5,4.2,161.2,1003.67,6156.89,6.26,11.264,215.0,0.012,PM2.5-1HR
33,840270530963,2026-06-29,10.87,26.29,85.08,0.5,4.2,161.2,1003.67,6218.27,6.26,11.264,215.0,0.582,PM2.5-1HR
33,840270531904,2026-06-29,10.69,26.29,85.08,0.5,4.2,161.2,1003.67,3960.43,6.26,11.264,215.0,0.223,PM2.5-1HR
33,840271230871,2026-06-29,10.49,26.06,85.71,0.54,4.71,162.14,1003.93,3026.06,5.8,10.62,215.0,0.412,PM2.5-1HR
33,840271390505,2026-06-29,10.45,26.25,86.13,0.49,5.15,169.6,1003.47,2172.58,5.6,10.34,215.0,0.119,PM2.5-1HR
33,840271453052,2026-06-29,9.91,24.02,92.5,0.66,4.72,147.1,1002.95,1841.35,5.4,10.06,215.0,0.826,PM2.5-1HR
33,840271713201,2026-06-29,10.32,25.52,87.71,0.37,5.45,157.61,1003.29,1551.56,5.5,10.2,215.0,0.069,PM2.5-1HR
33,840270031002,2026-06-30,11.35,26.81,68.38,0.06,4.37,226.03,1006.06,116.16,6.8,12.02,215.0,1.26,PM2.5-1HR
33,840270370470,2026-06-30,13.45,26.52,74.13,0.1,4.54,227.07,1006.53,1587.68,7.45,12.93,215.0,0.706,PM2.5-1HR
33,840270370480,2026-06-30,11.72,26.55,73.54,0.09,5.17,227.84,1006.64,704.53,7.45,12.93,215.0,0.038,PM2.5-1HR
33,840270530909,2026-06-30,13.92,26.96,69.63,0.08,3.98,226.19,1006.28,1316.53,6.66,11.824,215.0,0.444,PM2.5-1HR
33,840270530910,2026-06-30,13.47,26.96,69.63,0.08,3.98,226.19,1006.28,1285.64,6.66,11.824,215.0,0.428,PM2.5-1HR
33,840270530962,2026-06-30,11.45,27.02,70.25,0.08,3.84,231.28,1006.35,6156.89,6.66,11.824,215.0,0.012,PM2.5-1HR
33,840270530963,2026-06-30,12.15,27.02,70.25,0.08,3.84,231.28,1006.35,6218.27,6.66,11.824,215.0,0.582,PM2.5-1HR
33,840270531904,2026-06-30,12.31,27.02,70.25,0.08,3.84,231.28,1006.35,3960.43,6.66,11.824,215.0,0.223,PM2.5-1HR
33,840271230871,2026-06-30,12.45,26.84,71.33,0.1,4.14,227.42,1006.44,3026.06,7,12.3,215.0,0.412,PM2.5-1HR
33,840271390505,2026-06-30,11.88,26.54,73.67,0.04,4.22,226.25,1006.35,2172.58,6.8,12.02,215.0,0.119,PM2.5-1HR
33,840271453052,2026-06-30,7.18,25.63,66.46,0,4.46,220.87,1005.48,1841.35,2,5.3,215.0,0.826,PM2.5-1HR
33,840271713201,2026-06-30,9.97,25.97,69.96,0.03,5.06,227.61,1005.91,1551.56,4.9,9.36,215.0,0.069,PM2.5-1HR
33,840270031002,2026-07-01,9.31,23.96,74.42,0.13,2.56,197.79,1009.31,116.16,7.2,12.58,215.0,1.26,PM2.5-1HR
33,840270370470,2026-07-01,11.09,23.83,82.17,0.29,2.88,190.33,1009.64,1587.68,7.2,12.58,215.0,0.706,PM2.5-1HR
33,840270370480,2026-07-01,9.22,23.74,82.79,0.28,3.39,192.96,1009.71,704.53,7.2,12.58,215.0,0.038,PM2.5-1HR
33,840270530909,2026-07-01,12.16,24.25,74.92,0.15,2.3,188.58,1009.42,1316.53,7.88,13.532,215.0,0.444,PM2.5-1HR
33,840270530910,2026-07-01,12.12,24.25,74.92,0.15,2.3,188.58,1009.42,1285.64,7.88,13.532,215.0,0.428,PM2.5-1HR
33,840270530962,2026-07-01,10.01,24.28,76.25,0.17,2.32,185.19,1009.46,6156.89,7.88,13.532,215.0,0.012,PM2.5-1HR
33,840270530963,2026-07-01,11.5,24.28,76.25,0.17,2.32,185.19,1009.46,6218.27,7.88,13.532,215.0,0.582,PM2.5-1HR
33,840270531904,2026-07-01,10.49,24.28,76.25,0.17,2.32,185.19,1009.46,3960.43,7.88,13.532,215.0,0.223,PM2.5-1HR
33,840271230871,2026-07-01,10.67,24.17,77,0.2,2.55,188.55,1009.55,3026.06,7.3,12.72,215.0,0.412,PM2.5-1HR
33,840271390505,2026-07-01,9.21,23.91,80.88,0.16,2.82,192.11,1009.48,2172.58,6.1,11.04,215.0,0.119,PM2.5-1HR
33,840271453052,2026-07-01,6.9,22.38,77.54,0.09,2.45,212,1008.99,1841.35,2.9,6.56,215.0,0.826,PM2.5-1HR
33,840271713201,2026-07-01,7.23,23.12,78.5,0.1,2.99,202.37,1009.23,1551.56,4.6,8.94,215.0,0.069,PM2.5-1HR
33,840270031002,2026-07-02,9.64,24.65,80.63,0,2.15,182.95,1012.36,116.16,7.7,13.28,215.0,1.26,PM2.5-1HR
33,840270370470,2026-07-02,8.88,24.4,82.21,0.06,2.49,177.32,1012.6,1587.68,7.15,12.51,215.0,0.706,PM2.5-1HR
33,840270370480,2026-07-02,7.83,24.07,84.25,0.07,2.75,186.9,1012.64,704.53,7.15,12.51,215.0,0.038,PM2.5-1HR
33,840270530909,2026-07-02,12.01,24.52,82.63,0,2.11,171.11,1012.45,1316.53,8.24,14.036,215.0,0.444,PM2.5-1HR
33,840270530910,2026-07-02,12.13,24.52,82.63,0,2.11,171.11,1012.45,1285.64,8.24,14.036,215.0,0.428,PM2.5-1HR
33,840270530962,2026-07-02,9.63,24.53,82.58,0,2.16,167.47,1012.46,6156.89,8.24,14.036,215.0,0.012,PM2.5-1HR
33,840270530963,2026-07-02,8.89,24.53,82.58,0,2.16,167.47,1012.46,6218.27,8.24,14.036,215.0,0.582,PM2.5-1HR
33,840270531904,2026-07-02,9.32,24.53,82.58,0,2.16,167.47,1012.46,3960.43,8.24,14.036,215.0,0.223,PM2.5-1HR
33,840271230871,2026-07-02,9.66,24.23,83.54,0.02,2.36,171.9,1012.61,3026.06,7.4,12.86,215.0,0.412,PM2.5-1HR
33,840271390505,2026-07-02,6.92,24.36,83.46,0.02,2.29,180.51,1012.42,2172.58,4.8,9.22,215.0,0.119,PM2.5-1HR
33,840271453052,2026-07-02,7.81,23.28,82.5,0.02,2.14,176.91,1012.08,1841.35,6.8,12.02,215.0,0.826,PM2.5-1HR
33,840271713201,2026-07-02,7.48,24.11,82.96,0.08,2.59,183.52,1012.23,1551.56,6,10.9,215.0,0.069,PM2.5-1HR
33,840270031002,2026-07-03,8.24,23.9,82.63,0.1,1.9,174.04,1013.85,116.16,6.2,11.18,215.0,1.26,PM2.5-1HR
33,840270370470,2026-07-03,7.87,23.62,83.08,0.2,1.67,202.5,1014.04,1587.68,3.65,7.61,215.0,0.706,PM2.5-1HR
33,840270370480,2026-07-03,6.75,23.56,83.54,0.15,1.83,206.77,1014.04,704.53,3.65,7.61,215.0,0.038,PM2.5-1HR
33,840270530909,2026-07-03,9.33,23.63,84.46,0.22,1.77,178.89,1013.91,1316.53,5.84,10.676,215.0,0.444,PM2.5-1HR
33,840270530910,2026-07-03,8.82,23.63,84.46,0.22,1.77,178.89,1013.91,1285.64,5.84,10.676,215.0,0.428,PM2.5-1HR
33,840270530962,2026-07-03,7.66,23.71,84.21,0.33,1.63,179.09,1013.91,6156.89,5.84,10.676,215.0,0.012,PM2.5-1HR
33,840270530963,2026-07-03,8.13,23.71,84.21,0.33,1.63,179.09,1013.91,6218.27,5.84,10.676,215.0,0.582,PM2.5-1HR
33,840270531904,2026-07-03,7.86,23.71,84.21,0.33,1.63,179.09,1013.91,3960.43,5.84,10.676,215.0,0.223,PM2.5-1HR
33,840271230871,2026-07-03,7.53,23.47,85.21,0.43,1.77,181.74,1014.04,3026.06,4.3,8.52,215.0,0.412,PM2.5-1HR
33,840271390505,2026-07-03,8.88,23.72,85.21,0.14,1.68,183.46,1013.88,2172.58,5.8,10.62,215.0,0.119,PM2.5-1HR
33,840271453052,2026-07-03,8.38,23.36,81.04,0.03,1.8,183.19,1013.6,1841.35,6.8,12.02,215.0,0.826,PM2.5-1HR
33,840271713201,2026-07-03,8.51,23.72,82.25,0.1,2.19,179.39,1013.74,1551.56,6,10.9,215.0,0.069,PM2.5-1HR
33,840270031002,2026-07-04,6.83,23.18,77.96,0.06,2.14,84.85,1015.6,116.16,4.6,8.94,215.0,1.26,PM2.5-1HR
33,840270370470,2026-07-04,7.2,23.51,77.67,0.05,2.26,70.84,1015.38,1587.68,3.75,7.75,215.0,0.706,PM2.5-1HR
33,840270370480,2026-07-04,6.93,23.34,79.42,0.05,2.46,72.65,1015.39,704.53,3.75,7.75,215.0,0.038,PM2.5-1HR
33,840270530909,2026-07-04,9.62,23.29,77.63,0.01,2,72.01,1015.55,1316.53,5.02,9.528,215.0,0.444,PM2.5-1HR
33,840270530910,2026-07-04,9.21,23.29,77.63,0.01,2,72.01,1015.55,1285.64,5.02,9.528,215.0,0.428,PM2.5-1HR
33,840270530962,2026-07-04,8.51,23.41,77.46,0.03,2.05,68.39,1015.49,6156.89,5.02,9.528,215.0,0.012,PM2.5-1HR
33,840270530963,2026-07-04,14.87,23.41,77.46,0.03,2.05,68.39,1015.49,6218.27,5.02,9.528,215.0,0.582,PM2.5-1HR
33,840270531904,2026-07-04,7.63,23.41,77.46,0.03,2.05,68.39,1015.49,3960.43,5.02,9.528,215.0,0.223,PM2.5-1HR
33,840271230871,2026-07-04,9.14,23.13,78.13,0.03,2.29,68.35,1015.58,3026.06,4.9,9.36,215.0,0.412,PM2.5-1HR
33,840271390505,2026-07-04,8.98,23.74,78.63,0.05,2.05,73.51,1015.32,2172.58,4,8.1,215.0,0.119,PM2.5-1HR
33,840271453052,2026-07-04,6.53,21.86,85,0.24,2.17,108.67,1015.66,1841.35,3.2,6.98,215.0,0.826,PM2.5-1HR
33,840271713201,2026-07-04,7.63,22.53,82.88,0.13,2.37,97.19,1015.55,1551.56,5.7,10.48,215.0,0.069,PM2.5-1HR
33,840270031002,2026-07-05,8.06,23.22,73.75,0.01,1.53,42.19,1016.68,116.16,5,9.5,215.0,1.26,PM2.5-1HR
33,840270370470,2026-07-05,9.4,23.94,71.75,0,1.63,40.4,1016.48,1587.68,5.35,9.99,215.0,0.706,PM2.5-1HR
33,840270370480,2026-07-05,7.75,23.52,74.58,0,1.49,39.94,1016.5,704.53,5.35,9.99,215.0,0.038,PM2.5-1HR
33,840270530909,2026-07-05,11.54,23.63,73.96,0.01,1.34,32.98,1016.59,1316.53,6.08,11.012,215.0,0.444,PM2.5-1HR
33,840270530910,2026-07-05,11.12,23.63,73.96,0.01,1.34,32.98,1016.59,1285.64,6.08,11.012,215.0,0.428,PM2.5-1HR
33,840270530962,2026-07-05,11.15,23.95,72.29,0.01,1.3,35.15,1016.54,6156.89,6.08,11.012,215.0,0.012,PM2.5-1HR
33,840270530963,2026-07-05,13.56,23.95,72.29,0.01,1.3,35.15,1016.54,6218.27,6.08,11.012,215.0,0.582,PM2.5-1HR
33,840270531904,2026-07-05,10.73,23.95,72.29,0.01,1.3,35.15,1016.54,3960.43,6.08,11.012,215.0,0.223,PM2.5-1HR
33,840271230871,2026-07-05,9.83,23.81,72.58,0.03,1.49,44.47,1016.54,3026.06,6,10.9,215.0,0.412,PM2.5-1HR
33,840271390505,2026-07-05,11.41,23.95,72.88,0.01,1.48,38.33,1016.48,2172.58,5.9,10.76,215.0,0.119,PM2.5-1HR
33,840271453052,2026-07-05,7.99,22.08,77.63,0,1.44,76.3,1016.9,1841.35,4.8,9.22,215.0,0.826,PM2.5-1HR
33,840271713201,2026-07-05,8.46,22.83,75.08,0,1.48,50.57,1016.77,1551.56,5.4,10.06,215.0,0.069,PM2.5-1HR
33,840270031002,2026-07-06,8.56,25.24,70.79,0.06,1.88,153.7,1017.28,116.16,6.2,11.18,215.0,1.26,PM2.5-1HR
33,840270370470,2026-07-06,10.11,25.58,68.67,0.03,2.53,156.38,1017.1,1587.68,7.95,13.63,215.0,0.706,PM2.5-1HR
33,840270370480,2026-07-06,8,24.63,73.89,0.03,2.6,159.81,1017.39,704.53,7.95,13.63,215.0,0.038,PM2.5-1HR
33,840270530909,2026-07-06,11.29,25.19,71.68,0.05,2.15,159.08,1017.29,1316.53,7.42,12.888,215.0,0.444,PM2.5-1HR
33,840270530910,2026-07-06,10.69,25.61,69.71,0.04,2.18,154.36,1016.97,1285.64,7.42,12.888,215.0,0.428,PM2.5-1HR
33,840270530962,2026-07-06,8.85,25.48,69.89,0.07,1.86,151.38,1017.28,6156.89,7.42,12.888,215.0,0.012,PM2.5-1HR
33,840270530963,2026-07-06,9.82,25.95,67.67,0.06,2.21,150.93,1016.96,6218.27,7.42,12.888,215.0,0.582,PM2.5-1HR
33,840270531904,2026-07-06,9.73,25.95,67.67,0.06,2.21,150.93,1016.96,3960.43,7.42,12.888,215.0,0.223,PM2.5-1HR
33,840271230871,2026-07-06,10.08,25.34,70.75,0.05,2.44,151.2,1017.16,3026.06,8.9,14.96,215.0,0.412,PM2.5-1HR
33,840271390505,2026-07-06,8.49,25.83,68.83,0,2.23,160.63,1016.84,2172.58,6.4,11.46,215.0,0.119,PM2.5-1HR
33,840271453052,2026-07-06,6.5,24.33,74.29,0,2.55,146.82,1016.56,1841.35,3,6.7,215.0,0.826,PM2.5-1HR
33,840271713201,2026-07-06,7.69,25.44,70.25,0.03,2.6,153.91,1016.79,1551.56,5.7,10.48,215.0,0.069,PM2.5-1HR
33,840270031002,2026-07-07,3.61,24.1,91.2,0.42,0.88,117.5,1015.44,116.16,2.2,5.58,215.0,1.26,PM2.5-1HR
33,840270370470,2026-07-07,4.33,24.52,77.92,0.05,1.71,183.48,1017.54,1587.68,2.25,5.65,215.0,0.706,PM2.5-1HR
33,840270370480,2026-07-07,3.88,25.4,85.6,0,1.73,137.82,1015.24,704.53,2.25,5.65,215.0,0.038,PM2.5-1HR
33,840270530909,2026-07-07,5.35,24.4,88.4,0.66,1.23,130.03,1015.34,1316.53,2.24,5.636,215.0,0.444,PM2.5-1HR
33,840270530910,2026-07-07,4.88,24.03,79.79,0.15,1.65,199.64,1017.48,1285.64,2.24,5.636,215.0,0.428,PM2.5-1HR
33,840270530962,2026-07-07,3.87,25.16,85.4,0.32,1.01,135.03,1015.26,6156.89,2.24,5.636,215.0,0.012,PM2.5-1HR
33,840270530963,2026-07-07,4.01,24.38,78.42,0.1,1.57,190.94,1017.47,6218.27,2.24,5.636,215.0,0.582,PM2.5-1HR
33,840270531904,2026-07-07,3.89,24.38,78.42,0.1,1.57,190.94,1017.47,3960.43,2.24,5.636,215.0,0.223,PM2.5-1HR
33,840271230871,2026-07-07,3.95,24.2,79.54,0.11,1.58,173.31,1017.55,3026.06,2.2,5.58,215.0,0.412,PM2.5-1HR
33,840271390505,2026-07-07,3.91,24.57,78.75,0.04,1.67,175.23,1017.41,2172.58,2,5.3,215.0,0.119,PM2.5-1HR
33,840271453052,2026-07-07,4.03,22.33,86.21,0.28,2.1,138.61,1017.34,1841.35,2.3,5.72,215.0,0.826,PM2.5-1HR
33,840271713201,2026-07-07,3.59,23.28,82.46,0.18,2.26,144.58,1017.38,1551.56,2.1,5.44,215.0,0.069,PM2.5-1HR
33,840270031002,2026-07-09,6.51,22.8,69.79,0,1.2,21.1,1011.93,116.16,4.7,9.08,215.0,1.26,PM2.5-1HR
33,840270370470,2026-07-09,7.14,23.4,72.17,0,2,38.24,1011.74,1587.68,4.85,9.29,215.0,0.706,PM2.5-1HR
33,840270370480,2026-07-09,6.6,23.22,74.33,0,1.89,24.68,1011.78,704.53,4.85,9.29,215.0,0.038,PM2.5-1HR
33,840270530909,2026-07-09,8.9,23.71,65.88,0,1.41,21.79,1011.8,1316.53,5.14,9.696,215.0,0.444,PM2.5-1HR
33,840270530910,2026-07-09,8.17,23.71,65.88,0,1.9,23.26,1011.8,1285.64,5.14,9.696,215.0,0.428,PM2.5-1HR
33,840270530962,2026-07-09,7.06,23.75,68.46,0,1.34,20.65,1011.71,6156.89,5.14,9.696,215.0,0.012,PM2.5-1HR
33,840270530963,2026-07-09,7.17,23.75,68.46,0,1.69,31.28,1011.71,6218.27,5.14,9.696,215.0,0.582,PM2.5-1HR
33,840270531904,2026-07-09,7.23,23.75,68.46,0,1.69,31.28,1011.71,3960.43,5.14,9.696,215.0,0.223,PM2.5-1HR
33,840271230871,2026-07-09,7.08,23.74,67.25,0,2.06,43.61,1011.73,3026.06,5.1,9.64,215.0,0.412,PM2.5-1HR
33,840271390505,2026-07-09,6.92,23.82,69.83,0,2.04,20.55,1011.7,2172.58,4.2,8.38,215.0,0.119,PM2.5-1HR
33,840271453052,2026-07-09,7.45,21.77,72.08,0,1.4,354.51,1012.27,1841.35,5.7,10.48,215.0,0.826,PM2.5-1HR
33,840271713201,2026-07-09,7.01,22.7,70.88,0,1.4,29.06,1012.05,1551.56,4.9,9.36,215.0,0.069,PM2.5-1HR
33,840270031002,2026-07-10,8.26,24.33,66.88,0,0.3,163.04,1012.89,116.16,6.2,11.18,215.0,1.26,PM2.5-1HR
33,840270370470,2026-07-10,7.99,24.19,70.17,0,0.93,90.88,1012.96,1587.68,5.8,10.62,215.0,0.706,PM2.5-1HR
33,840270370480,2026-07-10,6.35,23.99,71.79,0,0.84,200.03,1013.01,704.53,5.8,10.62,215.0,0.038,PM2.5-1HR
33,840270530909,2026-07-10,12.92,25.68,59,0.01,0.62,262.5,1012.85,1316.53,7.5,13.0,215.0,0.444,PM2.5-1HR
33,840270530910,2026-07-10,12.47,25.68,59,0.01,0.99,198.34,1012.85,1285.64,7.5,13.0,215.0,0.428,PM2.5-1HR
33,840270530962,2026-07-10,9.28,25.2,63.79,0.01,0.73,196.33,1012.84,6156.89,7.5,13.0,215.0,0.012,PM2.5-1HR
33,840270530963,2026-07-10,9.4,25.2,63.79,0.01,0.87,167.53,1012.84,6218.27,7.5,13.0,215.0,0.582,PM2.5-1HR
33,840270531904,2026-07-10,10.03,25.2,63.79,0.01,0.87,167.53,1012.84,3960.43,7.5,13.0,215.0,0.223,PM2.5-1HR
33,840271230871,2026-07-10,8.78,25.33,62.04,0.03,1.33,128.43,1012.91,3026.06,7.4,12.86,215.0,0.412,PM2.5-1HR
33,840271390505,2026-07-10,7.53,24.54,69.67,0,0.75,183.19,1012.89,2172.58,5.5,10.2,215.0,0.119,PM2.5-1HR
33,840271453052,2026-07-10,8.58,22.84,75.54,0,1.2,209.03,1012.92,1841.35,6.2,11.18,215.0,0.826,PM2.5-1HR
33,840271713201,2026-07-10,8.03,24.34,66.79,0,1.15,177.65,1012.89,1551.56,6.9,12.16,215.0,0.069,PM2.5-1HR
33,840270031002,2026-07-11,8.27,26.65,67.21,0,0.68,184.72,1017.05,116.16,5.4,10.06,215.0,1.26,PM2.5-1HR
33,840270370470,2026-07-11,8.4,25.52,74.38,0.02,1.57,164.07,1017.37,1587.68,5.85,10.69,215.0,0.706,PM2.5-1HR
33,840270370480,2026-07-11,6.22,25.28,75.25,0.01,1.68,187.96,1017.4,704.53,5.85,10.69,215.0,0.038,PM2.5-1HR
33,840270530909,2026-07-11,9.8,27.29,64.75,0.03,1.19,211.91,1017.12,1316.53,5.96,10.844,215.0,0.444,PM2.5-1HR
33,840270530910,2026-07-11,9.65,27.29,64.75,0.03,1.67,176.56,1017.12,1285.64,5.96,10.844,215.0,0.428,PM2.5-1HR
33,840270530962,2026-07-11,7.72,27.03,67.29,0.01,0.98,188.33,1017.15,6156.89,5.96,10.844,215.0,0.012,PM2.5-1HR
33,840270530963,2026-07-11,8.54,27.03,67.29,0.01,1.65,169,1017.15,6218.27,5.96,10.844,215.0,0.582,PM2.5-1HR
33,840270531904,2026-07-11,8.5,27.03,67.29,0.01,1.65,169,1017.15,3960.43,5.96,10.844,215.0,0.223,PM2.5-1HR
33,840271230871,2026-07-11,7.89,26.9,68.38,0.01,1.91,166.57,1017.29,3026.06,6.9,12.16,215.0,0.412,PM2.5-1HR
33,840271390505,2026-07-11,7.38,25.95,71.63,0.01,1.58,182.41,1017.18,2172.58,5.7,10.48,215.0,0.119,PM2.5-1HR
33,840271453052,2026-07-11,6.78,25.07,76.42,0,2.42,185.13,1016.75,1841.35,5.1,9.64,215.0,0.826,PM2.5-1HR
33,840271713201,2026-07-11,7.63,26.27,68.54,0,2.35,187.89,1016.95,1551.56,5.5,10.2,215.0,0.069,PM2.5-1HR
33,840270031002,2026-07-12,7.27,28.54,65,0,1.18,205.68,1019.91,116.16,6.4,11.46,215.0,1.26,PM2.5-1HR
33,840270370470,2026-07-12,9.73,27.06,70.63,0,3.18,213.02,1020.53,1587.68,7,12.3,215.0,0.706,PM2.5-1HR
33,840270370480,2026-07-12,7.86,26.73,72.46,0,2.49,206.02,1020.65,704.53,7,12.3,215.0,0.038,PM2.5-1HR
33,840270530909,2026-07-12,9.55,28.68,63.58,0,2.15,210.67,1020.11,1316.53,7.48,12.972,215.0,0.444,PM2.5-1HR
33,840270530910,2026-07-12,9.69,28.68,63.58,0,3.19,212.1,1020.11,1285.64,7.48,12.972,215.0,0.428,PM2.5-1HR
33,840270530962,2026-07-12,7.82,28.53,64.17,0,1.92,204.97,1020.2,6156.89,7.48,12.972,215.0,0.012,PM2.5-1HR
33,840270530963,2026-07-12,9.83,28.53,64.17,0,3.06,212.45,1020.2,6218.27,7.48,12.972,215.0,0.582,PM2.5-1HR
33,840270531904,2026-07-12,9.1,28.53,64.17,0,3.06,212.45,1020.2,3960.43,7.48,12.972,215.0,0.223,PM2.5-1HR
33,840271230871,2026-07-12,8.86,28.21,65.42,0,3.11,211.54,1020.28,3026.06,7.2,12.58,215.0,0.412,PM2.5-1HR
33,840271390505,2026-07-12,8.52,27.19,72.08,0,3.23,209.51,1020.34,2172.58,6.7,11.88,215.0,0.119,PM2.5-1HR
33,840271453052,2026-07-12,6.64,26.88,77.08,0,3.66,208.44,1019.44,1841.35,6.1,11.04,215.0,0.826,PM2.5-1HR
33,840271713201,2026-07-12,7.41,27.7,71.38,0,4.21,210.29,1019.8,1551.56,6.4,11.46,215.0,0.069,PM2.5-1HR
33,840270031002,2026-07-13,8.92,28.17,63.68,0,1.05,211.62,1020.26,116.16,6.7,11.88,215.0,1.26,PM2.5-1HR
33,840270370470,2026-07-13,10.83,26.98,69.08,0,3.34,223.93,1020.73,1587.68,8.15,13.91,215.0,0.706,PM2.5-1HR
33,840270370480,2026-07-13,9.04,26.23,71.84,0,2.12,215.11,1021.09,704.53,8.15,13.91,215.0,0.038,PM2.5-1HR
33,840270530909,2026-07-13,11.26,28.36,62,0,1.93,218.19,1020.46,1316.53,9.36,15.604,215.0,0.444,PM2.5-1HR
33,840270530910,2026-07-13,11.38,28.8,60.33,0,3.26,220.49,1020.25,1285.64,9.36,15.604,215.0,0.428,PM2.5-1HR
33,840270530962,2026-07-13,9.42,28.24,62.58,0,1.82,213.58,1020.57,6156.89,9.36,15.604,215.0,0.012,PM2.5-1HR
33,840270530963,2026-07-13,10.32,28.67,61,0,3.13,221.16,1020.35,6218.27,9.36,15.604,215.0,0.582,PM2.5-1HR
33,840270531904,2026-07-13,10.52,28.67,61,0,3.13,221.16,1020.35,3960.43,9.36,15.604,215.0,0.223,PM2.5-1HR
33,840271230871,2026-07-13,10.29,28.51,61.21,0,3.23,222.82,1020.42,3026.06,8.8,14.82,215.0,0.412,PM2.5-1HR
33,840271390505,2026-07-13,10.38,27.1,69.83,0,3.36,218.16,1020.55,2172.58,9,15.1,215.0,0.119,PM2.5-1HR
33,840271453052,2026-07-13,8.27,26.85,73.42,0,3.81,216.8,1019.66,1841.35,6.4,11.46,215.0,0.826,PM2.5-1HR
33,840271713201,2026-07-13,9.35,27.84,67.08,0,4.41,219.16,1020,1551.56,7.9,13.56,215.0,0.069,PM2.5-1HR
33,840270370470,2026-07-14,10.63,27.37,69.29,0,2.93,239.88,1020.25,1587.68,7.65,13.21,215.0,0.706,PM2.5-1HR
33,840270530910,2026-07-14,11.84,28.95,61.29,0,2.75,235.62,1019.88,1285.64,8.9,14.96,215.0,0.428,PM2.5-1HR
33,840270530963,2026-07-14,10.87,28.95,61.33,0,2.65,237.19,1019.93,6218.27,8.9,14.96,215.0,0.582,PM2.5-1HR
33,840270531904,2026-07-14,10.17,28.95,61.33,0,2.65,237.19,1019.93,3960.43,8.9,14.96,215.0,0.223,PM2.5-1HR
33,840271230871,2026-07-14,10.17,28.97,60.38,0,2.81,240.33,1019.94,3026.06,5.5,10.2,215.0,0.412,PM2.5-1HR
33,840271390505,2026-07-14,9.57,27.14,71.54,0,2.66,233.85,1020.15,2172.58,8.2,13.98,215.0,0.119,PM2.5-1HR
33,840271453052,2026-07-14,8.95,26.62,75.54,0,2.95,228.13,1019.58,1841.35,8.3,14.12,215.0,0.826,PM2.5-1HR
33,840271713201,2026-07-14,9.32,27.92,67.5,0,3.53,234.83,1019.75,1551.56,8.6,14.54,215.0,0.069,PM2.5-1HR
33,840271713201,2026-07-15,78.11,28.14,68.08,0,2.29,334.81,1018.7,1551.56,7.1,12.44,215.0,0.069,PM2.5-1HR
33,840270031002,2026-07-15,74.34,28.68,60,0.04,1.11,341.95,1017.56,116.16,9.6,15.94,215.0,1.26,PM2.5-1HR
33,840270370470,2026-07-15,35.54,28.13,69.38,0,2.04,284.08,1018.59,1587.68,8.8,14.82,215.0,0.706,PM2.5-1HR
33,840270370480,2026-07-15,25.31,29.24,63.4,0,1.43,263.71,1017.24,704.53,8.8,14.82,215.0,0.038,PM2.5-1HR
33,840270530909,2026-07-15,64.63,29.32,60,0.04,1.05,341.74,1017.44,1316.53,9.95,16.43,215.0,0.444,PM2.5-1HR
33,840270530910,2026-07-15,64.85,29.17,63.08,0.08,1.89,333.74,1018.51,1285.64,9.95,16.43,215.0,0.428,PM2.5-1HR
33,840270530962,2026-07-15,47.9,29.8,57.8,0.1,1.41,288.72,1017.32,6156.89,9.95,16.43,215.0,0.012,PM2.5-1HR
33,840270531904,2026-07-15,50.82,29.52,61.58,0.07,1.8,319.8,1018.44,3960.43,9.95,16.43,215.0,0.223,PM2.5-1HR
33,840271230871,2026-07-15,48.85,28.89,65.25,0.12,1.97,340.5,1018.53,3026.06,9.6,15.94,215.0,0.412,PM2.5-1HR
33,840271390505,2026-07-15,28.34,27.82,71.67,0,1.54,279.78,1018.58,2172.58,8.1,13.84,215.0,0.119,PM2.5-1HR
33,840271453052,2026-07-15,120.26,26.68,73.63,0,1.75,41.1,1018.83,1841.35,8.4,14.26,215.0,0.826,PM2.5-1HR
33,840270031002,2026-07-17,13.65,33.33,45,0.01,1.17,207.14,1009.42,116.16,10.4,17.06,215.0,1.26,PM2.5-1HR
33,840271713201,2026-07-17,14.33,29.07,65.71,0,3.99,222.65,1012,1551.56,10.7,17.48,215.0,0.069,PM2.5-1HR
33,840270370470,2026-07-17,12.55,28.83,64.83,0,3.35,217.63,1012.44,1587.68,10.2,16.78,215.0,0.706,PM2.5-1HR
33,840270370480,2026-07-17,9.85,31.85,52.27,0,2.13,207.59,1010.2,704.53,10.2,16.78,215.0,0.038,PM2.5-1HR
33,840270530909,2026-07-17,14.63,33.48,44.09,0.04,1.9,215.36,1009.58,1316.53,11.7,18.88,215.0,0.444,PM2.5-1HR
33,840270530910,2026-07-17,15.32,30.23,57.63,0.02,3.18,216.5,1012.1,1285.64,11.7,18.88,215.0,0.428,PM2.5-1HR
33,840270530962,2026-07-17,11.82,33.67,43.73,0,1.59,204.9,1009.64,6156.89,11.7,18.88,215.0,0.012,PM2.5-1HR
33,840270531904,2026-07-17,13.23,30.27,57.83,0,3.09,216.86,1012.15,3960.43,11.7,18.88,215.0,0.223,PM2.5-1HR
33,840271230871,2026-07-17,14.51,29.66,61.58,0.02,3.25,213.79,1012.21,3026.06,11.8,19.02,215.0,0.412,PM2.5-1HR
33,840271390505,2026-07-17,11.25,28.53,68.5,0.01,3.06,218.03,1012.33,2172.58,10,16.5,215.0,0.119,PM2.5-1HR
33,840271453052,2026-07-17,15.94,27.43,73.88,0.01,3.54,220.75,1011.94,1841.35,10.5,17.2,215.0,0.826,PM2.5-1HR
33,840270031002,2026-07-18,16.42,26.13,59.21,0,2.1,1.93,1013.91,116.16,11.6,18.74,215.0,1.26,PM2.5-1HR
33,840271713201,2026-07-18,15.03,26.02,57.88,0,3.67,355.36,1014.4,1551.56,9.8,16.22,215.0,0.069,PM2.5-1HR
33,840270370470,2026-07-18,18.5,26.53,58.25,0,3.36,5.17,1013.91,1587.68,12.45,19.93,215.0,0.706,PM2.5-1HR
33,840270370480,2026-07-18,16.1,26.23,62.32,0,2.76,5.46,1013.83,704.53,12.45,19.93,215.0,0.038,PM2.5-1HR
33,840270530909,2026-07-18,17.95,26.51,58.16,0,2.24,4.43,1013.84,1316.53,11.95,19.23,215.0,0.444,PM2.5-1HR
33,840270530910,2026-07-18,18.19,26.83,55,0,3.25,2.59,1014,1285.64,11.95,19.23,215.0,0.428,PM2.5-1HR
33,840270530962,2026-07-18,16.5,26.79,57.32,0,2.45,345.46,1013.77,6156.89,11.95,19.23,215.0,0.012,PM2.5-1HR
33,840270531904,2026-07-18,16.9,27.08,54.21,0,3.26,3.41,1013.93,3960.43,11.95,19.23,215.0,0.223,PM2.5-1HR
33,840271230871,2026-07-18,16.77,26.64,57.08,0,3.39,6.03,1013.94,3026.06,11.5,18.6,215.0,0.412,PM2.5-1HR
33,840271390505,2026-07-18,17.61,26.46,59.92,0,3.15,357.2,1014.02,2172.58,10.2,16.78,215.0,0.119,PM2.5-1HR
33,840271453052,2026-07-18,12.21,24.51,68.04,0,2.9,343.4,1014.89,1841.35,8.9,14.96,215.0,0.826,PM2.5-1HR
33,840270031002,2026-07-19,39.44,28.97,47.17,0,1.18,173.3,1011.15,116.16,21.8,33.02,215.0,1.26,PM2.5-1HR
33,840271713201,2026-07-19,25.56,25.78,61.75,0,3.36,184,1014.3,1551.56,11.9,19.16,215.0,0.069,PM2.5-1HR
33,840270370470,2026-07-19,47.48,25.04,63.83,0,2.65,154.49,1014.83,1587.68,25.35,37.99,215.0,0.706,PM2.5-1HR
33,840270370480,2026-07-19,41.04,26.87,59,0,2.56,176.79,1011.92,704.53,25.35,37.99,215.0,0.038,PM2.5-1HR
33,840270530909,2026-07-19,45.09,28.8,48.5,0,2.21,194.04,1011.38,1316.53,28,41.7,215.0,0.444,PM2.5-1HR
33,840270530910,2026-07-19,46.11,26.75,55.21,0,2.69,168.7,1014.45,1285.64,28,41.7,215.0,0.428,PM2.5-1HR
33,840270530962,2026-07-19,40.45,28.75,49.17,0,1.08,171.49,1011.48,6156.89,28,41.7,215.0,0.012,PM2.5-1HR
33,840270531904,2026-07-19,41.79,26.57,56.58,0,2.66,163.63,1014.53,3960.43,28,41.7,215.0,0.223,PM2.5-1HR
33,840271230871,2026-07-19,42.25,25.57,61.21,0,2.76,160.99,1014.75,3026.06,27.6,41.14,215.0,0.412,PM2.5-1HR
33,840271390505,2026-07-19,34.47,25.64,63.63,0,2.44,176.53,1014.53,2172.58,16.5,25.6,215.0,0.119,PM2.5-1HR
33,840271453052,2026-07-19,16.44,24.98,66.63,0,2.9,186.09,1014.04,1841.35,10.8,17.62,215.0,0.826,PM2.5-1HR
33,840270031002,2026-08-02,11.28,22.61,70.11,0,1.61,112.65,1014.29,116.16,13.7,21.68,215.0,1.26,PM2.5-1HR
33,840270370470,2026-08-02,12.55,22.32,74.38,0,2,106.52,1013.81,1587.68,12.5,20.0,215.0,0.706,PM2.5-1HR
33,840270370480,2026-08-02,9.87,21.78,76.78,0,1.99,106.19,1014.31,704.53,12.5,20.0,215.0,0.038,PM2.5-1HR
33,840270530910,2026-08-02,12.31,23.05,69.08,0,1.79,111.67,1013.75,1285.64,13.92,21.988,215.0,0.428,PM2.5-1HR
33,840270530962,2026-08-02,11.05,22.62,71.22,0,1.41,109.37,1014.25,6156.89,13.92,21.988,215.0,0.012,PM2.5-1HR
33,840270530909,2026-08-02,12.17,22.64,70.67,0,1.73,110.07,1014.28,1316.53,13.92,21.988,215.0,0.444,PM2.5-1HR
33,840270530963,2026-08-02,11.02,23.01,69.83,0,1.78,111.03,1013.73,6218.27,13.92,21.988,215.0,0.582,PM2.5-1HR
33,840270531904,2026-08-02,11.08,23.01,69.83,0,1.78,111.03,1013.73,3960.43,13.92,21.988,215.0,0.223,PM2.5-1HR
33,840271230871,2026-08-02,10.68,22.66,71.13,0,1.96,108.52,1013.82,3026.06,11.2,18.18,215.0,0.412,PM2.5-1HR
33,840271390505,2026-08-02,11.33,22.67,73.63,0,1.96,108.23,1013.67,2172.58,9.3,15.52,215.0,0.119,PM2.5-1HR
33,840271453052,2026-08-02,12.07,22.43,71.54,0,2.56,131.73,1013.53,1841.35,8.3,14.12,215.0,0.826,PM2.5-1HR
33,840271713201,2026-08-02,12.06,22.61,71.79,0,2.28,119.58,1013.68,1551.56,7.7,13.28,215.0,0.069,PM2.5-1HR
33,840270031002,2026-08-03,12.84,26.26,65.8,0,2.75,173.88,1009.2,116.16,11.3,18.32,215.0,1.26,PM2.5-1HR
33,840270370470,2026-08-03,13.62,23.48,77.88,0,4.35,170.67,1011.5,1587.68,10.85,17.69,215.0,0.706,PM2.5-1HR
33,840270530962,2026-08-03,12.94,25.82,68.2,0,2.35,164.34,1009.58,6156.89,11.48,18.572,215.0,0.012,PM2.5-1HR
33,840270370480,2026-08-03,11.69,23.9,78.2,0,4.87,174.34,1009.76,704.53,10.85,17.69,215.0,0.038,PM2.5-1HR
33,840270530909,2026-08-03,14.6,25.94,67.2,0,3.72,176.29,1009.46,1316.53,11.48,18.572,215.0,0.444,PM2.5-1HR
33,840270530910,2026-08-03,16.1,24.77,70.08,0,4.16,169.3,1011.14,1285.64,11.48,18.572,215.0,0.428,PM2.5-1HR
33,840270530963,2026-08-03,12.34,24.66,71.04,0,4.01,167.89,1011.23,6218.27,11.48,18.572,215.0,0.582,PM2.5-1HR
33,840270531904,2026-08-03,13.24,24.66,71.04,0,4.01,167.89,1011.23,3960.43,11.48,18.572,215.0,0.223,PM2.5-1HR
33,840271230871,2026-08-03,12.41,24.07,73.83,0,4.12,167.39,1011.44,3026.06,10.4,17.06,215.0,0.412,PM2.5-1HR
33,840271390505,2026-08-03,12.95,24.03,77,0,4.39,171.21,1011.1,2172.58,10.8,17.62,215.0,0.119,PM2.5-1HR
33,840271453052,2026-08-03,13,24.57,73.67,0,5.28,166.92,1009.7,1841.35,10,16.5,215.0,0.826,PM2.5-1HR
33,840271713201,2026-08-03,13.12,24.75,71.88,0,5.67,172.22,1010.5,1551.56,10.2,16.78,215.0,0.069,PM2.5-1HR
33,840270531904,2026-08-06,6.19,22.12,61.33,0,2.76,188.86,1016.52,3960.43,5.36,10.004,215.0,0.223,PM2.5-1HR
33,840271230871,2026-08-06,6.35,21.84,61.92,0,2.85,187.88,1016.63,3026.06,5,9.5,215.0,0.412,PM2.5-1HR
33,840271390505,2026-08-06,6.11,20.69,72.58,0,2.74,193.02,1016.56,2172.58,4.8,9.22,215.0,0.119,PM2.5-1HR
33,840271453052,2026-08-06,6.6,21.21,63.5,0,3.96,193.41,1015.57,1841.35,4.7,9.08,215.0,0.826,PM2.5-1HR
33,840271713201,2026-08-06,5.43,21.35,65.04,0,4.11,196.7,1016.14,1551.56,4.4,8.66,215.0,0.069,PM2.5-1HR
33,840270031002,2026-08-06,6.12,22.22,59.5,0,1.34,176.75,1016.26,116.16,5,9.5,215.0,1.26,PM2.5-1HR
33,840270370470,2026-08-06,6.32,20.73,69.71,0,2.87,188.85,1016.73,1587.68,4.6,8.94,215.0,0.706,PM2.5-1HR
33,840270370480,2026-08-06,5.65,20.25,73.25,0,2.47,189.4,1016.76,704.53,4.6,8.94,215.0,0.038,PM2.5-1HR
33,840270530909,2026-08-06,6.75,22.4,59.04,0,2.46,192.53,1016.42,1316.53,5.36,10.004,215.0,0.444,PM2.5-1HR
33,840270530910,2026-08-06,7.82,22.4,59.04,0,2.96,189.76,1016.42,1285.64,5.36,10.004,215.0,0.428,PM2.5-1HR
33,840270530962,2026-08-06,7.05,22.12,61.33,0,1.33,179.63,1016.52,6156.89,5.36,10.004,215.0,0.012,PM2.5-1HR
33,840270530963,2026-08-06,6.11,22.12,61.33,0,2.76,188.86,1016.52,6218.27,5.36,10.004,215.0,0.582,PM2.5-1HR
33,840270031002,2026-08-07,8.22,21.43,83.58,0.14,1.42,236.85,1013.2,116.16,3.3,7.12,215.0,1.26,PM2.5-1HR
33,840270370470,2026-08-07,9.43,21.53,83.79,0.21,4.11,233.51,1013.72,1587.68,5.15,9.71,215.0,0.706,PM2.5-1HR
33,840270370480,2026-08-07,7.97,21.34,87.26,0.24,2.53,231.59,1013.68,704.53,5.15,9.71,215.0,0.038,PM2.5-1HR
33,840270530909,2026-08-07,9.35,22.11,80.84,0.18,2.06,248.9,1013.23,1316.53,3.64,7.596,215.0,0.444,PM2.5-1HR
33,840270530910,2026-08-07,9.97,22.11,77.75,0.14,3.44,238.86,1013.42,1285.64,3.64,7.596,215.0,0.428,PM2.5-1HR
33,840270530962,2026-08-07,9.4,22.17,81.21,0.19,2.07,226.22,1013.29,6156.89,3.64,7.596,215.0,0.012,PM2.5-1HR
33,840270530963,2026-08-07,8.45,22.19,78.21,0.15,3.5,235.69,1013.46,6218.27,3.64,7.596,215.0,0.582,PM2.5-1HR
33,840270531904,2026-08-07,8.72,22.19,78.21,0.15,3.5,235.69,1013.46,3960.43,3.64,7.596,215.0,0.223,PM2.5-1HR
33,840271230871,2026-08-07,8.8,21.99,79.46,0.15,3.8,233.88,1013.53,3026.06,4.2,8.38,215.0,0.412,PM2.5-1HR
33,840271390505,2026-08-07,8.03,21.35,84.58,0.2,3.75,237.87,1013.66,2172.58,3.4,7.26,215.0,0.119,PM2.5-1HR
33,840271453052,2026-08-07,6.31,20.65,78.96,0.08,3.57,262.72,1013.4,1841.35,2.5,6.0,215.0,0.826,PM2.5-1HR
33,840271713201,2026-08-07,8.08,20.81,81.38,0.15,4.26,255.01,1013.49,1551.56,3.2,6.98,215.0,0.069,PM2.5-1HR
33,840270031002,2026-08-08,4.07,27.2,43,0,0.75,240.89,1013.7,116.16,3.2,6.98,215.0,1.26,PM2.5-1HR
33,840270370470,2026-08-08,4.35,20.73,69.42,0,2.29,245.57,1016.11,1587.68,3.35,7.19,215.0,0.706,PM2.5-1HR
33,840270370480,2026-08-08,3.74,25.5,56,0,1.44,219.87,1014.4,704.53,3.35,7.19,215.0,0.038,PM2.5-1HR
33,840270530909,2026-08-08,4.26,27.7,41,0,1.06,245.54,1013.9,1316.53,3.46,7.344,215.0,0.444,PM2.5-1HR
33,840270530910,2026-08-08,4.6,21.85,59.71,0,2.05,249.88,1015.81,1285.64,3.46,7.344,215.0,0.428,PM2.5-1HR
33,840270530962,2026-08-08,4.42,27.6,42,0,1.4,233.68,1014,6156.89,3.46,7.344,215.0,0.012,PM2.5-1HR
33,840270530963,2026-08-08,4.17,21.85,60.83,0,2.02,246.92,1015.86,6218.27,3.46,7.344,215.0,0.582,PM2.5-1HR
33,840270531904,2026-08-08,4.18,21.85,60.83,0,2.02,246.92,1015.86,3960.43,3.46,7.344,215.0,0.223,PM2.5-1HR
33,840271230871,2026-08-08,4.65,21.7,61.17,0,2.21,251.81,1015.85,3026.06,3.1,6.84,215.0,0.412,PM2.5-1HR
33,840271390505,2026-08-08,3.82,20.58,71.92,0,2,229.66,1016.07,2172.58,3.2,6.98,215.0,0.119,PM2.5-1HR
33,840271453052,2026-08-08,4.12,19.78,70.5,0,2.39,236.34,1015.62,1841.35,3.2,6.98,215.0,0.826,PM2.5-1HR
33,840271713201,2026-08-08,3.8,20.66,68.21,0,2.62,242.46,1015.77,1551.56,3.3,7.12,215.0,0.069,PM2.5-1HR
33,840270370470,2026-08-09,8.52,22.44,80.37,0.98,2.73,215.29,1011.44,1587.68,3.7,7.68,215.0,0.706,PM2.5-1HR
33,840270530910,2026-08-09,8.35,23.03,77.74,0.52,2.03,194.46,1011.39,1285.64,4.3,8.52,215.0,0.428,PM2.5-1HR
33,840270530963,2026-08-09,7.93,23.37,75.37,0.64,2.06,185.97,1011.36,6218.27,4.3,8.52,215.0,0.582,PM2.5-1HR
33,840270531904,2026-08-09,7.8,23.37,75.37,0.64,2.06,185.97,1011.36,3960.43,4.3,8.52,215.0,0.223,PM2.5-1HR
33,840271230871,2026-08-09,7.5,23.14,75.21,0.82,2.23,176.5,1011.46,3026.06,4.2,8.38,215.0,0.412,PM2.5-1HR
33,840271390505,2026-08-09,7.96,22.7,81.05,0.17,2.23,212.51,1011.27,2172.58,3.6,7.54,215.0,0.119,PM2.5-1HR
33,840271453052,2026-08-09,5.33,21.53,81,0.04,1.89,147.36,1011.39,1841.35,3.7,7.68,215.0,0.826,PM2.5-1HR
33,840271713201,2026-08-09,6.98,22.57,79.26,0.21,2.33,172.48,1011.31,1551.56,4.3,8.52,215.0,0.069,PM2.5-1HR
33,840270530962,2026-08-10,7.39,29.04,42.13,0,1.64,23.83,1013.36,6156.89,6.62,11.768,215.0,0.012,PM2.5-1HR
33,840270530963,2026-08-10,7.33,24.45,70.74,0,1.93,35.63,1013.26,6218.27,6.62,11.768,215.0,0.582,PM2.5-1HR
33,840270531904,2026-08-10,7.04,24.45,70.74,0,1.93,35.63,1013.26,3960.43,6.62,11.768,215.0,0.223,PM2.5-1HR
33,840271230871,2026-08-10,6.93,24.25,72.11,0,1.94,47.67,1013.31,3026.06,6.2,11.18,215.0,0.412,PM2.5-1HR
33,840271390505,2026-08-10,7.57,23.57,77.53,0,1.88,37.29,1013.22,2172.58,6.3,11.32,215.0,0.119,PM2.5-1HR
33,840271453052,2026-08-10,5.01,21.61,67.37,0,1.48,45.25,1013.99,1841.35,4.6,8.94,215.0,0.826,PM2.5-1HR
33,840271713201,2026-08-10,5.87,22.16,72.47,0,2.41,42.88,1013.78,1551.56,5.1,9.64,215.0,0.069,PM2.5-1HR
33,840270031002,2026-08-10,6.49,27.15,50.38,0,1.17,25.02,1013.71,116.16,5.6,10.34,215.0,1.26,PM2.5-1HR
33,840270370470,2026-08-10,8.4,23.47,78.84,0,1.85,66.46,1013.23,1587.68,7.25,12.65,215.0,0.706,PM2.5-1HR
33,840270370480,2026-08-10,7.28,26.79,58.38,0,1.78,57.05,1013.53,704.53,7.25,12.65,215.0,0.038,PM2.5-1HR
33,840270530909,2026-08-10,7.96,27.53,50.5,0,1.6,24.56,1013.55,1316.53,6.62,11.768,215.0,0.444,PM2.5-1HR
33,840270530910,2026-08-10,7.98,23.44,74.79,0,1.91,32.48,1013.4,1285.64,6.62,11.768,215.0,0.428,PM2.5-1HR
