metro_id,fullaqsid,date,aq_daily_mean,temp_daily_mean,rhum_daily_mean,precip_daily_mean,ws_daily_mean,wd_daily_mean_deg,barpr_daily_mean,population,bg3,sat_monthly_mean,metro_pop_density_year,dist_km_motorway_trunk_primary_secondary,partition_key
948,BEL_BETB011,2024-09-12,2.08,9.9,80.5,0.12,3.42,268.81,1013.53,4782.55,0.05,2.57,2400.0,0.943,PM2.5-1HR
948,BEL_BETREG1,2024-09-12,3.76,9.9,80.5,0.12,3.42,268.81,1013.53,7125.71,0.05,2.57,2400.0,0.02,PM2.5-1HR
948,BEL_BETMEU1,2024-09-12,2.24,10.05,80.08,0.14,3.44,268.48,1013.42,2930.9,0.05,2.57,2400.0,0.194,PM2.5-1HR
948,BEL_BETN043,2024-09-12,1.89,9.9,80.5,0.12,3.42,268.81,1013.53,5260.82,0.05,2.57,2400.0,0.014,PM2.5-1HR
948,BEL_BETR001,2024-09-12,3.18,9.9,80.5,0.12,3.42,268.81,1013.53,19706.3,0.05,2.57,2400.0,0.017,PM2.5-1HR
948,BEL_BETR012,2024-09-12,2.01,9.75,80.67,0.17,3.45,268.08,1013.62,4575.74,0.05,2.57,2400.0,0.456,PM2.5-1HR
948,BEL_BETB011,2024-09-13,2.14,10.4,83.96,0.22,2.65,320.24,1024.2,4782.55,0.96,3.844,2400.0,0.943,PM2.5-1HR
948,BEL_BETREG1,2024-09-13,4.29,10.4,83.96,0.22,2.65,320.24,1024.2,7125.71,0.96,3.844,2400.0,0.02,PM2.5-1HR
948,BEL_BETMEU1,2024-09-13,3.01,10.59,83.58,0.13,2.63,319.67,1024.17,2930.9,1,3.9,2400.0,0.194,PM2.5-1HR
948,BEL_BETN043,2024-09-13,2.44,10.4,83.96,0.22,2.65,320.24,1024.2,5260.82,0.96,3.844,2400.0,0.014,PM2.5-1HR
948,BEL_BETR001,2024-09-13,3.65,10.4,83.96,0.22,2.65,320.24,1024.2,19706.3,0.96,3.844,2400.0,0.017,PM2.5-1HR
948,BEL_BETR012,2024-09-13,2.67,10.24,84.04,0.07,2.61,317.38,1024.23,4575.74,1.02,3.928,2400.0,0.456,PM2.5-1HR
948,BEL_BETREG1,2024-09-14,10.01,10.86,76.67,0,1.64,294.4,1031.1,7125.71,2.23,5.622,2400.0,0.02,PM2.5-1HR
948,BEL_BETB011,2024-09-14,8.02,10.86,76.67,0,1.64,294.4,1031.1,4782.55,2.23,5.622,2400.0,0.943,PM2.5-1HR
948,BEL_BETMEU1,2024-09-14,4.94,11.15,76.13,0,1.56,294.97,1031.08,2930.9,2.24,5.636,2400.0,0.194,PM2.5-1HR
948,BEL_BETN043,2024-09-14,8.5,10.86,76.67,0,1.64,294.4,1031.1,5260.82,2.23,5.622,2400.0,0.014,PM2.5-1HR
948,BEL_BETR001,2024-09-14,9.72,10.86,76.67,0,1.64,294.4,1031.1,19706.3,2.23,5.622,2400.0,0.017,PM2.5-1HR
948,BEL_BETR012,2024-09-14,7.58,10.82,75.75,0,1.67,294.85,1031.13,4575.74,2.33,5.762,2400.0,0.456,PM2.5-1HR
948,BEL_BETREG1,2024-09-15,15.58,12.45,74.5,0,2.07,249.86,1028,7125.71,4.61,8.954,2400.0,0.02,PM2.5-1HR
948,BEL_BETB011,2024-09-15,14.04,12.45,74.5,0,2.07,249.86,1028,4782.55,4.61,8.954,2400.0,0.943,PM2.5-1HR
948,BEL_BETMEU1,2024-09-15,10.72,12.59,74.38,0,2.15,253.38,1027.96,2930.9,5.04,9.556,2400.0,0.194,PM2.5-1HR
948,BEL_BETN043,2024-09-15,14.85,12.45,74.5,0,2.07,249.86,1028,5260.82,4.61,8.954,2400.0,0.014,PM2.5-1HR
948,BEL_BETR001,2024-09-15,15.07,12.45,74.5,0,2.07,249.86,1028,19706.3,4.61,8.954,2400.0,0.017,PM2.5-1HR
948,BEL_BETR012,2024-09-15,10.43,12.15,75.17,0,1.97,240.65,1028.04,4575.74,4.92,9.388,2400.0,0.456,PM2.5-1HR
948,BEL_BETREG1,2024-09-16,13.35,14.43,83.83,0.04,2.9,318.89,1025.77,7125.71,2.89,6.546,2400.0,0.02,PM2.5-1HR
948,BEL_BETB011,2024-09-16,10.93,14.43,83.83,0.04,2.9,318.89,1025.77,4782.55,2.89,6.546,2400.0,0.943,PM2.5-1HR
948,BEL_BETMEU1,2024-09-16,8.01,14.61,83.33,0.03,2.86,319.52,1025.76,2930.9,3.03,6.742,2400.0,0.194,PM2.5-1HR
948,BEL_BETN043,2024-09-16,11.31,14.43,83.83,0.04,2.9,318.89,1025.77,5260.82,2.89,6.546,2400.0,0.014,PM2.5-1HR
948,BEL_BETR001,2024-09-16,11.03,14.43,83.83,0.04,2.9,318.89,1025.77,19706.3,2.89,6.546,2400.0,0.017,PM2.5-1HR
948,BEL_BETR012,2024-09-16,9.4,14.26,84.25,0.05,2.87,317.25,1025.78,4575.74,3.06,6.784,2400.0,0.456,PM2.5-1HR
948,BEL_BETREG1,2024-09-17,5.46,15.45,80.46,0,5.11,34.35,1027.65,7125.71,1.86,5.104,2400.0,0.02,PM2.5-1HR
948,BEL_BETB011,2024-09-17,4.21,15.45,80.46,0,5.11,34.35,1027.65,4782.55,1.86,5.104,2400.0,0.943,PM2.5-1HR
948,BEL_BETMEU1,2024-09-17,4.75,15.54,80.21,0,4.89,34.43,1027.78,2930.9,1.9,5.16,2400.0,0.194,PM2.5-1HR
948,BEL_BETN043,2024-09-17,5.6,15.45,80.46,0,5.11,34.35,1027.65,5260.82,1.86,5.104,2400.0,0.014,PM2.5-1HR
948,BEL_BETR001,2024-09-17,5.36,15.45,80.46,0,5.11,34.35,1027.65,19706.3,1.86,5.104,2400.0,0.017,PM2.5-1HR
948,BEL_BETR012,2024-09-17,4.57,15.39,80.5,0,5.22,34.38,1027.54,4575.74,1.87,5.118,2400.0,0.456,PM2.5-1HR
948,BEL_BETREG1,2024-09-18,25.95,17,83.08,0,5.05,48.75,1025.81,7125.71,7.14,12.496,2400.0,0.02,PM2.5-1HR
948,BEL_BETB011,2024-09-18,23.55,17,83.08,0,5.05,48.75,1025.81,4782.55,7.14,12.496,2400.0,0.943,PM2.5-1HR
948,BEL_BETMEU1,2024-09-18,23.6,17.03,83.33,0,4.84,49.12,1025.96,2930.9,7.05,12.37,2400.0,0.194,PM2.5-1HR
948,BEL_BETN043,2024-09-18,21.89,17,83.08,0,5.05,48.75,1025.81,5260.82,7.14,12.496,2400.0,0.014,PM2.5-1HR
948,BEL_BETR001,2024-09-18,24.96,17,83.08,0,5.05,48.75,1025.81,19706.3,7.14,12.496,2400.0,0.017,PM2.5-1HR
948,BEL_BETR012,2024-09-18,24.39,17.02,82.67,0,5.21,48.95,1025.66,4575.74,7.29,12.706,2400.0,0.456,PM2.5-1HR
948,BEL_BETREG1,2024-09-19,30.8,17.98,78.75,0,4.72,58.87,1022.94,7125.71,18.97,29.058,2400.0,0.02,PM2.5-1HR
948,BEL_BETB011,2024-09-19,28.2,17.98,78.75,0,4.72,58.87,1022.94,4782.55,18.97,29.058,2400.0,0.943,PM2.5-1HR
948,BEL_BETMEU1,2024-09-19,28.22,17.99,79.42,0,4.6,59,1023.05,2930.9,19.02,29.128,2400.0,0.194,PM2.5-1HR
948,BEL_BETN043,2024-09-19,26.44,17.98,78.75,0,4.72,58.87,1022.94,5260.82,18.97,29.058,2400.0,0.014,PM2.5-1HR
948,BEL_BETR001,2024-09-19,29.48,17.98,78.75,0,4.72,58.87,1022.94,19706.3,18.97,29.058,2400.0,0.017,PM2.5-1HR
948,BEL_BETR012,2024-09-19,27.74,17.94,77.96,0,4.87,59.17,1022.8,4575.74,19.05,29.17,2400.0,0.456,PM2.5-1HR
948,BEL_BETREG1,2024-09-20,22.84,17.37,77.21,0,4.03,77.98,1020,7125.71,15.2,23.78,2400.0,0.02,PM2.5-1HR
948,BEL_BETB011,2024-09-20,22.05,17.37,77.21,0,4.03,77.98,1020,4782.55,15.2,23.78,2400.0,0.943,PM2.5-1HR
948,BEL_BETMEU1,2024-09-20,22.63,17.47,77.08,0,3.96,77.6,1020.1,2930.9,15.45,24.13,2400.0,0.194,PM2.5-1HR
948,BEL_BETN043,2024-09-20,19.9,17.37,77.21,0,4.03,77.98,1020,5260.82,15.2,23.78,2400.0,0.014,PM2.5-1HR
948,BEL_BETR001,2024-09-20,22.93,17.37,77.21,0,4.03,77.98,1020,19706.3,15.2,23.78,2400.0,0.017,PM2.5-1HR
948,BEL_BETR012,2024-09-20,20.17,17.24,77.33,0,4.1,78.82,1019.91,4575.74,15.03,23.542,2400.0,0.456,PM2.5-1HR
948,BEL_BETREG1,2024-09-21,15.22,17.58,77.63,0,2.06,111.83,1018.81,7125.71,10.21,16.794,2400.0,0.02,PM2.5-1HR
948,BEL_BETB011,2024-09-21,15.43,17.58,77.63,0,2.06,111.83,1018.81,4782.55,10.21,16.794,2400.0,0.943,PM2.5-1HR
948,BEL_BETMEU1,2024-09-21,16.23,17.48,78.29,0,2.02,108.08,1018.85,2930.9,10.34,16.976,2400.0,0.194,PM2.5-1HR
948,BEL_BETN043,2024-09-21,13.72,17.58,77.63,0,2.06,111.83,1018.81,5260.82,10.21,16.794,2400.0,0.014,PM2.5-1HR
948,BEL_BETR001,2024-09-21,16.86,17.58,77.63,0,2.06,111.83,1018.81,19706.3,10.21,16.794,2400.0,0.017,PM2.5-1HR
948,BEL_BETR012,2024-09-21,12.57,17.63,77.42,0,2.11,116.73,1018.76,4575.74,10.2,16.78,2400.0,0.456,PM2.5-1HR
948,BEL_BETREG1,2024-09-22,9.55,17.91,77.83,0,2.94,133.24,1014.24,7125.71,6.78,11.992,2400.0,0.02,PM2.5-1HR
948,BEL_BETB011,2024-09-22,9.74,17.91,77.83,0,2.94,133.24,1014.24,4782.55,6.78,11.992,2400.0,0.943,PM2.5-1HR
948,BEL_BETMEU1,2024-09-22,9.76,17.86,78.38,0,2.77,129.97,1014.26,2930.9,6.81,12.034,2400.0,0.194,PM2.5-1HR
948,BEL_BETN043,2024-09-22,8.69,17.91,77.83,0,2.94,133.24,1014.24,5260.82,6.78,11.992,2400.0,0.014,PM2.5-1HR
948,BEL_BETR001,2024-09-22,10.8,17.91,77.83,0,2.94,133.24,1014.24,19706.3,6.78,11.992,2400.0,0.017,PM2.5-1HR
948,BEL_BETR012,2024-09-22,8.13,17.96,77.42,0.01,3.09,135.15,1014.2,4575.74,6.95,12.23,2400.0,0.456,PM2.5-1HR
948,BEL_BETREG1,2024-09-23,6.25,16.83,80.17,0.08,4.13,192.1,1007.9,7125.71,1.76,4.964,2400.0,0.02,PM2.5-1HR
948,BEL_BETB011,2024-09-23,5.41,16.83,80.17,0.08,4.13,192.1,1007.9,4782.55,1.76,4.964,2400.0,0.943,PM2.5-1HR
948,BEL_BETMEU1,2024-09-23,6.49,16.93,80.33,0.09,4.02,191.17,1007.84,2930.9,1.86,5.104,2400.0,0.194,PM2.5-1HR
948,BEL_BETN043,2024-09-23,5.08,16.83,80.17,0.08,4.13,192.1,1007.9,5260.82,1.76,4.964,2400.0,0.014,PM2.5-1HR
948,BEL_BETR001,2024-09-23,5.87,16.83,80.17,0.08,4.13,192.1,1007.9,19706.3,1.76,4.964,2400.0,0.017,PM2.5-1HR
948,BEL_BETR012,2024-09-23,4.83,16.74,80.29,0.05,4.2,192.51,1007.94,4575.74,1.65,4.81,2400.0,0.456,PM2.5-1HR
948,BEL_BETREG1,2024-09-24,6.96,14.53,85.67,0.08,4.36,217.28,1003.93,7125.71,1.52,4.628,2400.0,0.02,PM2.5-1HR
948,BEL_BETB011,2024-09-24,6.03,14.53,85.67,0.08,4.36,217.28,1003.93,4782.55,1.52,4.628,2400.0,0.943,PM2.5-1HR
948,BEL_BETMEU1,2024-09-24,6.13,14.65,85,0.06,4.26,217.4,1003.84,2930.9,1.7,4.88,2400.0,0.194,PM2.5-1HR
948,BEL_BETN043,2024-09-24,5.15,14.53,85.67,0.08,4.36,217.28,1003.93,5260.82,1.52,4.628,2400.0,0.014,PM2.5-1HR
948,BEL_BETR001,2024-09-24,6.22,14.53,85.67,0.08,4.36,217.28,1003.93,19706.3,1.52,4.628,2400.0,0.017,PM2.5-1HR
948,BEL_BETR012,2024-09-24,5.36,14.49,85.75,0.15,4.49,217.45,1004,4575.74,1.5,4.6,2400.0,0.456,PM2.5-1HR
948,BEL_BETREG1,2024-09-25,8.13,14.61,85.67,0.3,4.94,207.53,1002.99,7125.71,1.04,3.956,2400.0,0.02,PM2.5-1HR
948,BEL_BETB011,2024-09-25,6.84,14.61,85.67,0.3,4.94,207.53,1002.99,4782.55,1.04,3.956,2400.0,0.943,PM2.5-1HR
948,BEL_BETMEU1,2024-09-25,7.73,14.73,85,0.3,4.78,207.6,1002.87,2930.9,1.06,3.984,2400.0,0.194,PM2.5-1HR
948,BEL_BETN043,2024-09-25,6.28,14.61,85.67,0.3,4.94,207.53,1002.99,5260.82,1.04,3.956,2400.0,0.014,PM2.5-1HR
948,BEL_BETR001,2024-09-25,7.18,14.61,85.67,0.3,4.94,207.53,1002.99,19706.3,1.04,3.956,2400.0,0.017,PM2.5-1HR
948,BEL_BETR012,2024-09-25,6,14.52,85.67,0.28,5.03,207.88,1003.08,4575.74,1.08,4.012,2400.0,0.456,PM2.5-1HR
948,BEL_BETB011,2024-09-26,0.68,15.75,83.79,0.41,7.03,211.15,991.32,4782.55,0,2.5,2400.0,0.943,PM2.5-1HR
948,BEL_BETMEU1,2024-09-26,1.47,15.88,83.25,0.43,6.99,210.29,991.17,2930.9,0,2.5,2400.0,0.194,PM2.5-1HR
948,BEL_BETN043,2024-09-26,1.12,15.75,83.79,0.41,7.03,211.15,991.32,5260.82,0,2.5,2400.0,0.014,PM2.5-1HR
948,BEL_BETR001,2024-09-26,0.96,15.75,83.79,0.41,7.03,211.15,991.32,19706.3,0,2.5,2400.0,0.017,PM2.5-1HR
948,BEL_BETR012,2024-09-26,0.64,15.7,84.38,0.37,7.1,211.72,991.45,4575.74,0,2.5,2400.0,0.456,PM2.5-1HR
948,BEL_BETREG1,2024-09-26,1.58,15.75,83.79,0.41,7.03,211.15,991.32,7125.71,0,2.5,2400.0,0.02,PM2.5-1HR
948,BEL_BETB011,2024-09-27,2.32,12.49,77.21,0.32,8.18,238.48,998.42,4782.55,0.92,3.788,2400.0,0.943,PM2.5-1HR
948,BEL_BETMEU1,2024-09-27,3.38,12.66,76.42,0.29,8.12,238.78,998.23,2930.9,0.95,3.83,2400.0,0.194,PM2.5-1HR
948,BEL_BETN043,2024-09-27,2.61,12.49,77.21,0.32,8.18,238.48,998.42,5260.82,0.92,3.788,2400.0,0.014,PM2.5-1HR
948,BEL_BETR001,2024-09-27,3.09,12.49,77.21,0.32,8.18,238.48,998.42,19706.3,0.92,3.788,2400.0,0.017,PM2.5-1HR
948,BEL_BETR012,2024-09-27,2.34,12.36,78,0.35,8.22,237.69,998.62,4575.74,0.85,3.69,2400.0,0.456,PM2.5-1HR
948,BEL_BETREG1,2024-09-27,3.83,12.49,77.21,0.32,8.18,238.48,998.42,7125.71,0.92,3.788,2400.0,0.02,PM2.5-1HR
948,BEL_BETB011,2024-09-28,3.55,10.17,77.88,0.1,3.79,288.96,1020.26,4782.55,0.47,3.158,2400.0,0.943,PM2.5-1HR
948,BEL_BETMEU1,2024-09-28,2.47,10.33,76.96,0.02,3.77,287.58,1020.16,2930.9,0.56,3.284,2400.0,0.194,PM2.5-1HR
948,BEL_BETN043,2024-09-28,3.28,10.17,77.88,0.1,3.79,288.96,1020.26,5260.82,0.47,3.158,2400.0,0.014,PM2.5-1HR
948,BEL_BETR001,2024-09-28,4.4,10.17,77.88,0.1,3.79,288.96,1020.26,19706.3,0.47,3.158,2400.0,0.017,PM2.5-1HR
948,BEL_BETR012,2024-09-28,4.05,10.03,78.46,0.05,3.78,289.42,1020.33,4575.74,0.46,3.144,2400.0,0.456,PM2.5-1HR
948,BEL_BETREG1,2024-09-28,3.9,10.17,77.88,0.1,3.79,288.96,1020.26,7125.71,0.47,3.158,2400.0,0.02,PM2.5-1HR
948,BEL_BETB011,2024-09-29,7.45,9.45,72.63,0,3.2,155.6,1025.3,4782.55,1.67,4.838,2400.0,0.943,PM2.5-1HR
948,BEL_BETMEU1,2024-09-29,3.1,9.67,71.96,0,3.2,158.19,1025.33,2930.9,1.8,5.02,2400.0,0.194,PM2.5-1HR
948,BEL_BETN043,2024-09-29,7.46,9.45,72.63,0,3.2,155.6,1025.3,5260.82,1.67,4.838,2400.0,0.014,PM2.5-1HR
948,BEL_BETR001,2024-09-29,7.41,9.45,72.63,0,3.2,155.6,1025.3,19706.3,1.67,4.838,2400.0,0.017,PM2.5-1HR
948,BEL_BETR012,2024-09-29,3.64,9.26,73.38,0,3.17,152.09,1025.29,4575.74,1.78,4.992,2400.0,0.456,PM2.5-1HR
948,BEL_BETREG1,2024-09-29,5.02,9.45,72.63,0,3.2,155.6,1025.3,7125.71,1.67,4.838,2400.0,0.02,PM2.5-1HR
948,BEL_BETR001,2024-09-30,3.27,12.83,81.33,0.23,6.65,179.14,1009.76,19706.3,0.13,2.682,2400.0,0.017,PM2.5-1HR
948,BEL_BETB011,2024-09-30,3.27,12.83,81.33,0.23,6.65,179.14,1009.76,4782.55,0.13,2.682,2400.0,0.943,PM2.5-1HR
948,BEL_BETMEU1,2024-09-30,1.78,12.88,81.29,0.31,6.46,178.14,1009.65,2930.9,0.15,2.71,2400.0,0.194,PM2.5-1HR
948,BEL_BETN043,2024-09-30,3.3,12.83,81.33,0.23,6.65,179.14,1009.76,5260.82,0.13,2.682,2400.0,0.014,PM2.5-1HR
948,BEL_BETR012,2024-09-30,1.94,12.82,81.04,0.21,6.8,180.24,1009.84,4575.74,0.12,2.668,2400.0,0.456,PM2.5-1HR
948,BEL_BETREG1,2024-09-30,2.48,12.83,81.33,0.23,6.65,179.14,1009.76,7125.71,0.13,2.682,2400.0,0.02,PM2.5-1HR
948,BEL_BETB011,2024-10-01,1.98,13.27,80.5,0.06,6.51,228.82,1006.92,4782.55,0.53,3.242,2400.0,0.943,PM2.5-1HR
948,BEL_BETMEU1,2024-10-01,2.07,13.37,80.5,0.05,6.29,228.86,1006.73,2930.9,0.55,3.27,2400.0,0.194,PM2.5-1HR
948,BEL_BETN043,2024-10-01,2.48,13.27,80.5,0.06,6.51,228.82,1006.92,5260.82,0.53,3.242,2400.0,0.014,PM2.5-1HR
948,BEL_BETR001,2024-10-01,2.44,13.27,80.5,0.06,6.51,228.82,1006.92,19706.3,0.53,3.242,2400.0,0.017,PM2.5-1HR
948,BEL_BETR012,2024-10-01,2.2,13.2,80.42,0.03,6.65,229.28,1007.1,4575.74,0.54,3.256,2400.0,0.456,PM2.5-1HR
948,BEL_BETREG1,2024-10-01,3.09,13.27,80.5,0.06,6.51,228.82,1006.92,7125.71,0.53,3.242,2400.0,0.02,PM2.5-1HR
948,BEL_BETB011,2024-10-02,6.8,10.73,85.71,0.01,2.8,62.21,1010.44,4782.55,3.18,6.952,2400.0,0.943,PM2.5-1HR
948,BEL_BETMEU1,2024-10-02,7.67,10.54,86.17,0.01,2.77,61.34,1010.49,2930.9,3.38,7.232,2400.0,0.194,PM2.5-1HR
948,BEL_BETN043,2024-10-02,8.43,10.73,85.71,0.01,2.8,62.21,1010.44,5260.82,3.18,6.952,2400.0,0.014,PM2.5-1HR
948,BEL_BETR001,2024-10-02,8.2,10.73,85.71,0.01,2.8,62.21,1010.44,19706.3,3.18,6.952,2400.0,0.017,PM2.5-1HR
948,BEL_BETR012,2024-10-02,5.42,10.74,85.71,0.02,2.87,63.38,1010.37,4575.74,3.04,6.756,2400.0,0.456,PM2.5-1HR
948,BEL_BETREG1,2024-10-02,7.37,10.73,85.71,0.01,2.8,62.21,1010.44,7125.71,3.18,6.952,2400.0,0.02,PM2.5-1HR
948,BEL_BETB011,2024-10-03,3.99,10.35,76.75,0.01,4.26,43.09,1018.77,4782.55,1.66,4.824,2400.0,0.943,PM2.5-1HR
948,BEL_BETMEU1,2024-10-03,4.19,10.38,76.63,0,4.08,42.9,1018.88,2930.9,1.8,5.02,2400.0,0.194,PM2.5-1HR
948,BEL_BETN043,2024-10-03,4.95,10.35,76.75,0.01,4.26,43.09,1018.77,5260.82,1.66,4.824,2400.0,0.014,PM2.5-1HR
948,BEL_BETR001,2024-10-03,5.43,10.35,76.75,0.01,4.26,43.09,1018.77,19706.3,1.66,4.824,2400.0,0.017,PM2.5-1HR
948,BEL_BETR012,2024-10-03,3.99,10.33,76.67,0.02,4.41,44.13,1018.68,4575.74,1.71,4.894,2400.0,0.456,PM2.5-1HR
948,BEL_BETREG1,2024-10-03,5.51,10.35,76.75,0.01,4.26,43.09,1018.77,7125.71,1.66,4.824,2400.0,0.02,PM2.5-1HR
948,BEL_BETB011,2024-10-04,7.36,9.39,82.63,0,2.28,50.25,1021.32,4782.55,3.31,7.134,2400.0,0.943,PM2.5-1HR
948,BEL_BETMEU1,2024-10-04,7.69,9.39,82.38,0,2.11,48.38,1021.37,2930.9,3.57,7.498,2400.0,0.194,PM2.5-1HR
948,BEL_BETN043,2024-10-04,7.94,9.39,82.63,0,2.28,50.25,1021.32,5260.82,3.31,7.134,2400.0,0.014,PM2.5-1HR
948,BEL_BETR001,2024-10-04,8.5,9.39,82.63,0,2.28,50.25,1021.32,19706.3,3.31,7.134,2400.0,0.017,PM2.5-1HR
948,BEL_BETR012,2024-10-04,6.12,9.26,82.67,0,2.33,51.51,1021.28,4575.74,3.19,6.966,2400.0,0.456,PM2.5-1HR
948,BEL_BETREG1,2024-10-04,8,9.39,82.63,0,2.28,50.25,1021.32,7125.71,3.31,7.134,2400.0,0.02,PM2.5-1HR
948,BEL_BETB011,2024-10-05,8.66,9.52,79.5,0,2.21,110.67,1018.32,4782.55,2.63,6.182,2400.0,0.943,PM2.5-1HR
948,BEL_BETMEU1,2024-10-05,10.4,9.44,79.92,0,2.29,110.58,1018.37,2930.9,2.76,6.364,2400.0,0.194,PM2.5-1HR
948,BEL_BETN043,2024-10-05,7.87,9.52,79.5,0,2.21,110.67,1018.32,5260.82,2.63,6.182,2400.0,0.014,PM2.5-1HR
948,BEL_BETR001,2024-10-05,9.98,9.52,79.5,0,2.21,110.67,1018.32,19706.3,2.63,6.182,2400.0,0.017,PM2.5-1HR
948,BEL_BETR012,2024-10-05,6.75,9.53,78.88,0,2.16,113.05,1018.26,4575.74,2.51,6.014,2400.0,0.456,PM2.5-1HR
948,BEL_BETREG1,2024-10-05,9.26,9.52,79.5,0,2.21,110.67,1018.32,7125.71,2.63,6.182,2400.0,0.02,PM2.5-1HR
948,BEL_BETB011,2024-10-06,3.07,11.73,77.33,0,4.61,144.58,1006.68,4782.55,2.19,5.566,2400.0,0.943,PM2.5-1HR
948,BEL_BETMEU1,2024-10-06,4.03,11.77,77.63,0.09,4.5,144.18,1006.67,2930.9,2.24,5.636,2400.0,0.194,PM2.5-1HR
948,BEL_BETN043,2024-10-06,2.9,11.73,77.33,0,4.61,144.58,1006.68,5260.82,2.19,5.566,2400.0,0.014,PM2.5-1HR
948,BEL_BETR001,2024-10-06,3.92,11.73,77.33,0,4.61,144.58,1006.68,19706.3,2.19,5.566,2400.0,0.017,PM2.5-1HR
948,BEL_BETR012,2024-10-06,2.96,11.67,77.38,0.06,4.76,145.64,1006.65,4575.74,2.17,5.538,2400.0,0.456,PM2.5-1HR
948,BEL_BETREG1,2024-10-06,3.65,11.73,77.33,0,4.61,144.58,1006.68,7125.71,2.19,5.566,2400.0,0.02,PM2.5-1HR
948,BEL_BETREG1,2024-10-07,3.8,15.57,82.63,0.09,4.43,191.52,1001.42,7125.71,0.7,3.48,2400.0,0.02,PM2.5-1HR
948,BEL_BETB011,2024-10-07,2.77,15.57,82.63,0.09,4.43,191.52,1001.42,4782.55,0.7,3.48,2400.0,0.943,PM2.5-1HR
948,BEL_BETMEU1,2024-10-07,3.37,15.64,81.88,0.03,4.41,191.87,1001.34,2930.9,0.7,3.48,2400.0,0.194,PM2.5-1HR
948,BEL_BETN043,2024-10-07,2.85,15.57,82.63,0.09,4.43,191.52,1001.42,5260.82,0.7,3.48,2400.0,0.014,PM2.5-1HR
948,BEL_BETR001,2024-10-07,3.49,15.57,82.63,0.09,4.43,191.52,1001.42,19706.3,0.7,3.48,2400.0,0.017,PM2.5-1HR
948,BEL_BETR012,2024-10-07,2.59,15.53,83.25,0.07,4.44,191.24,1001.48,4575.74,0.7,3.48,2400.0,0.456,PM2.5-1HR
948,BEL_BETREG1,2024-10-08,2.88,15.68,83.46,0.03,5.76,199.59,998.07,7125.71,0.8,3.62,2400.0,0.02,PM2.5-1HR
948,BEL_BETB011,2024-10-08,2.08,15.68,83.46,0.03,5.76,199.59,998.07,4782.55,0.8,3.62,2400.0,0.943,PM2.5-1HR
948,BEL_BETMEU1,2024-10-08,3.22,15.78,83.17,0.03,5.65,199.13,997.96,2930.9,0.86,3.704,2400.0,0.194,PM2.5-1HR
948,BEL_BETN043,2024-10-08,2.13,15.68,83.46,0.03,5.76,199.59,998.07,5260.82,0.8,3.62,2400.0,0.014,PM2.5-1HR
948,BEL_BETR001,2024-10-08,2.48,15.68,83.46,0.03,5.76,199.59,998.07,19706.3,0.8,3.62,2400.0,0.017,PM2.5-1HR
948,BEL_BETR012,2024-10-08,1.81,15.61,83.88,0.06,5.82,199.82,998.16,4575.74,0.82,3.648,2400.0,0.456,PM2.5-1HR
948,BEL_BETREG1,2024-10-09,3.94,13.88,89.29,1.03,4.77,176.95,989.88,7125.71,0.64,3.396,2400.0,0.02,PM2.5-1HR
948,BEL_BETB011,2024-10-09,2.16,13.88,89.29,1.03,4.77,176.95,989.88,4782.55,0.64,3.396,2400.0,0.943,PM2.5-1HR
948,BEL_BETMEU1,2024-10-09,3.19,14.01,88.63,1.04,4.69,180.71,989.83,2930.9,0.76,3.564,2400.0,0.194,PM2.5-1HR
948,BEL_BETN043,2024-10-09,5.91,13.88,89.29,1.03,4.77,176.95,989.88,5260.82,0.64,3.396,2400.0,0.014,PM2.5-1HR
948,BEL_BETR001,2024-10-09,2.87,13.88,89.29,1.03,4.77,176.95,989.88,19706.3,0.64,3.396,2400.0,0.017,PM2.5-1HR
948,BEL_BETR012,2024-10-09,2.24,13.78,89.67,1.02,4.84,175.3,989.9,4575.74,0.6,3.34,2400.0,0.456,PM2.5-1HR
948,BEL_BETREG1,2024-10-10,6.29,12.14,86.83,0.34,4.24,308.89,998.88,7125.71,2.34,5.776,2400.0,0.02,PM2.5-1HR
948,BEL_BETB011,2024-10-10,6.66,12.14,86.83,0.34,4.24,308.89,998.88,4782.55,2.34,5.776,2400.0,0.943,PM2.5-1HR
948,BEL_BETMEU1,2024-10-10,4.76,12.25,86.29,0.32,4.17,307.5,998.78,2930.9,2.44,5.916,2400.0,0.194,PM2.5-1HR
948,BEL_BETN043,2024-10-10,5.29,12.14,86.83,0.34,4.24,308.89,998.88,5260.82,2.34,5.776,2400.0,0.014,PM2.5-1HR
948,BEL_BETR001,2024-10-10,5.78,12.14,86.83,0.34,4.24,308.89,998.88,19706.3,2.34,5.776,2400.0,0.017,PM2.5-1HR
948,BEL_BETR012,2024-10-10,4.65,12.09,87.13,0.35,4.26,308.92,998.94,4575.74,2.36,5.804,2400.0,0.456,PM2.5-1HR
948,BEL_BETB011,2024-10-11,3.81,9.08,79.13,0.01,1.86,263.79,1016.07,4782.55,0.79,3.606,2400.0,0.943,PM2.5-1HR
948,BEL_BETMEU1,2024-10-11,4.52,9.16,79.21,0.01,1.92,271.33,1016.04,2930.9,0.83,3.662,2400.0,0.194,PM2.5-1HR
948,BEL_BETN043,2024-10-11,3.66,9.08,79.13,0.01,1.86,263.79,1016.07,5260.82,0.79,3.606,2400.0,0.014,PM2.5-1HR
948,BEL_BETR001,2024-10-11,5.77,9.08,79.13,0.01,1.86,263.79,1016.07,19706.3,0.79,3.606,2400.0,0.017,PM2.5-1HR
948,BEL_BETR012,2024-10-11,3.38,8.95,79.67,0,1.86,259.59,1016.1,4575.74,0.73,3.522,2400.0,0.456,PM2.5-1HR
948,BEL_BETREG1,2024-10-11,4.74,9.08,79.13,0.01,1.86,263.79,1016.07,7125.71,0.79,3.606,2400.0,0.02,PM2.5-1HR
948,BEL_BETB011,2024-10-12,4.51,9.18,84.33,0.07,3.57,161.43,1011.46,4782.55,2.87,6.518,2400.0,0.943,PM2.5-1HR
948,BEL_BETMEU1,2024-10-12,4.94,9.27,84.04,0.02,3.46,161.73,1011.44,2930.9,2.92,6.588,2400.0,0.194,PM2.5-1HR
948,BEL_BETN043,2024-10-12,4.66,9.18,84.33,0.07,3.57,161.43,1011.46,5260.82,2.87,6.518,2400.0,0.014,PM2.5-1HR
948,BEL_BETR001,2024-10-12,5.25,9.18,84.33,0.07,3.57,161.43,1011.46,19706.3,2.87,6.518,2400.0,0.017,PM2.5-1HR
948,BEL_BETR012,2024-10-12,3.81,9.16,84.42,0.13,3.66,160.61,1011.49,4575.74,2.92,6.588,2400.0,0.456,PM2.5-1HR
948,BEL_BETREG1,2024-10-12,4.88,9.18,84.33,0.07,3.57,161.43,1011.46,7125.71,2.87,6.518,2400.0,0.02,PM2.5-1HR
948,BEL_BETB011,2024-10-13,4.66,9.38,75.96,0.01,4.49,258.77,1016.3,4782.55,1.75,4.95,2400.0,0.943,PM2.5-1HR
948,BEL_BETMEU1,2024-10-13,5.14,9.58,74.88,0.01,4.48,261.93,1016.18,2930.9,1.77,4.978,2400.0,0.194,PM2.5-1HR
948,BEL_BETN043,2024-10-13,3.57,9.38,75.96,0.01,4.49,258.77,1016.3,5260.82,1.75,4.95,2400.0,0.014,PM2.5-1HR
948,BEL_BETR001,2024-10-13,5.62,9.38,75.96,0.01,4.49,258.77,1016.3,19706.3,1.75,4.95,2400.0,0.017,PM2.5-1HR
948,BEL_BETR012,2024-10-13,5.21,9.23,76.67,0.03,4.5,255.73,1016.43,4575.74,1.77,4.978,2400.0,0.456,PM2.5-1HR
948,BEL_BETREG1,2024-10-13,5.57,9.38,75.96,0.01,4.49,258.77,1016.3,7125.71,1.75,4.95,2400.0,0.02,PM2.5-1HR
948,BEL_BETB011,2024-10-14,7.83,8,87.71,0.3,2.64,95.96,1017.39,4782.55,3.26,7.064,2400.0,0.943,PM2.5-1HR
948,BEL_BETMEU1,2024-10-14,8.27,7.98,87.42,0.31,2.55,96.25,1017.43,2930.9,3.22,7.008,2400.0,0.194,PM2.5-1HR
948,BEL_BETN043,2024-10-14,6.77,8,87.71,0.3,2.64,95.96,1017.39,5260.82,3.26,7.064,2400.0,0.014,PM2.5-1HR
948,BEL_BETR001,2024-10-14,7.96,8,87.71,0.3,2.64,95.96,1017.39,19706.3,3.26,7.064,2400.0,0.017,PM2.5-1HR
948,BEL_BETR012,2024-10-14,6.14,8.09,87.08,0.35,2.68,96.42,1017.3,4575.74,3.34,7.176,2400.0,0.456,PM2.5-1HR
948,BEL_BETREG1,2024-10-14,7.49,8,87.71,0.3,2.64,95.96,1017.39,7125.71,3.26,7.064,2400.0,0.02,PM2.5-1HR
948,BEL_BETB011,2024-10-15,11.96,11.8,87.63,0,3.71,95.27,1017.37,4782.55,1.23,4.222,2400.0,0.943,PM2.5-1HR
948,BEL_BETMEU1,2024-10-15,11.33,11.53,88.08,0,3.62,95.27,1017.46,2930.9,1.43,4.502,2400.0,0.194,PM2.5-1HR
948,BEL_BETN043,2024-10-15,9.61,11.8,87.63,0,3.71,95.27,1017.37,5260.82,1.23,4.222,2400.0,0.014,PM2.5-1HR
948,BEL_BETR001,2024-10-15,12.67,11.8,87.63,0,3.71,95.27,1017.37,19706.3,1.23,4.222,2400.0,0.017,PM2.5-1HR
948,BEL_BETR012,2024-10-15,9.33,12.11,87.5,0,3.73,97.12,1017.25,4575.74,1.26,4.264,2400.0,0.456,PM2.5-1HR
948,BEL_BETREG1,2024-10-15,12.25,11.8,87.63,0,3.71,95.27,1017.37,7125.71,1.23,4.222,2400.0,0.02,PM2.5-1HR
948,BEL_BETB011,2024-10-16,4.95,17.26,77.04,0,5.81,144.86,1008.7,4782.55,3.99,8.086,2400.0,0.943,PM2.5-1HR
948,BEL_BETMEU1,2024-10-16,5.57,17.19,77.38,0,5.57,143.64,1008.72,2930.9,4.18,8.352,2400.0,0.194,PM2.5-1HR
948,BEL_BETN043,2024-10-16,5.17,17.26,77.04,0,5.81,144.86,1008.7,5260.82,3.99,8.086,2400.0,0.014,PM2.5-1HR
948,BEL_BETR001,2024-10-16,7.78,17.26,77.04,0,5.81,144.86,1008.7,19706.3,3.99,8.086,2400.0,0.017,PM2.5-1HR
948,BEL_BETR012,2024-10-16,5.07,17.35,76.67,0,6.03,145.89,1008.66,4575.74,3.98,8.072,2400.0,0.456,PM2.5-1HR
948,BEL_BETREG1,2024-10-16,5.57,17.26,77.04,0,5.81,144.86,1008.7,7125.71,3.99,8.086,2400.0,0.02,PM2.5-1HR
948,BEL_BETB011,2024-10-17,3.63,17.25,85.08,0.11,4.19,196.81,1010.35,4782.55,0.74,3.536,2400.0,0.943,PM2.5-1HR
948,BEL_BETMEU1,2024-10-17,4.24,17.38,84.92,0.15,4.17,197.82,1010.28,2930.9,0.81,3.634,2400.0,0.194,PM2.5-1HR
948,BEL_BETN043,2024-10-17,3.61,17.25,85.08,0.11,4.19,196.81,1010.35,5260.82,0.74,3.536,2400.0,0.014,PM2.5-1HR
948,BEL_BETR001,2024-10-17,4.67,17.25,85.08,0.11,4.19,196.81,1010.35,19706.3,0.74,3.536,2400.0,0.017,PM2.5-1HR
948,BEL_BETR012,2024-10-17,3.29,17.14,85.46,0.16,4.21,195.2,1010.4,4575.74,0.8,3.62,2400.0,0.456,PM2.5-1HR
948,BEL_BETREG1,2024-10-17,4.35,17.25,85.08,0.11,4.19,196.81,1010.35,7125.71,0.74,3.536,2400.0,0.02,PM2.5-1HR
948,BEL_BETB011,2024-10-18,18.02,14.75,93.25,0,1.75,330.24,1014.25,4782.55,7.9,13.56,2400.0,0.943,PM2.5-1HR
948,BEL_BETMEU1,2024-10-18,18.48,14.84,92.92,0.02,1.68,325.82,1014.24,2930.9,8.03,13.742,2400.0,0.194,PM2.5-1HR
948,BEL_BETN043,2024-10-18,15.85,14.75,93.25,0,1.75,330.24,1014.25,5260.82,7.9,13.56,2400.0,0.014,PM2.5-1HR
948,BEL_BETR001,2024-10-18,19.75,14.75,93.25,0,1.75,330.24,1014.25,19706.3,7.9,13.56,2400.0,0.017,PM2.5-1HR
948,BEL_BETR012,2024-10-18,18.5,14.65,93.58,0.01,1.77,333.2,1014.24,4575.74,8.05,13.77,2400.0,0.456,PM2.5-1HR
948,BEL_BETREG1,2024-10-18,21.15,14.75,93.25,0,1.75,330.24,1014.25,7125.71,7.9,13.56,2400.0,0.02,PM2.5-1HR
948,BEL_BETB011,2024-10-19,6.99,14.17,87.46,0.03,4.21,208.57,1014.94,4782.55,1.82,5.048,2400.0,0.943,PM2.5-1HR
948,BEL_BETMEU1,2024-10-19,7.15,14.3,87.08,0.04,4.12,208.47,1014.88,2930.9,1.95,5.23,2400.0,0.194,PM2.5-1HR
948,BEL_BETN043,2024-10-19,5.86,14.17,87.46,0.03,4.21,208.57,1014.94,5260.82,1.82,5.048,2400.0,0.014,PM2.5-1HR
948,BEL_BETR001,2024-10-19,7.37,14.17,87.46,0.03,4.21,208.57,1014.94,19706.3,1.82,5.048,2400.0,0.017,PM2.5-1HR
948,BEL_BETR012,2024-10-19,6.48,14.09,87.88,0.04,4.3,207.96,1015.02,4575.74,1.82,5.048,2400.0,0.456,PM2.5-1HR
948,BEL_BETREG1,2024-10-19,7.82,14.17,87.46,0.03,4.21,208.57,1014.94,7125.71,1.82,5.048,2400.0,0.02,PM2.5-1HR
948,BEL_BETB011,2024-10-20,2.19,15.57,82,0.01,6.53,193.45,1017.14,4782.55,1.32,4.348,2400.0,0.943,PM2.5-1HR
948,BEL_BETMEU1,2024-10-20,2.22,15.72,81.75,0.01,6.42,193.5,1017,2930.9,1.31,4.334,2400.0,0.194,PM2.5-1HR
948,BEL_BETN043,2024-10-20,1.81,15.57,82,0.01,6.53,193.45,1017.14,5260.82,1.32,4.348,2400.0,0.014,PM2.5-1HR
948,BEL_BETR001,2024-10-20,2.19,15.57,82,0.01,6.53,193.45,1017.14,19706.3,1.32,4.348,2400.0,0.017,PM2.5-1HR
948,BEL_BETR012,2024-10-20,2.03,15.48,82.13,0.02,6.55,192.91,1017.28,4575.74,1.3,4.32,2400.0,0.456,PM2.5-1HR
948,BEL_BETREG1,2024-10-20,2.51,15.57,82,0.01,6.53,193.45,1017.14,7125.71,1.32,4.348,2400.0,0.02,PM2.5-1HR
948,BEL_BETB011,2024-10-21,2.34,14.11,88.71,0.39,3.53,202.13,1021.59,4782.55,0.33,2.962,2400.0,0.943,PM2.5-1HR
948,BEL_BETMEU1,2024-10-21,2.58,14.25,88.17,0.36,3.54,208.27,1021.54,2930.9,0.4,3.06,2400.0,0.194,PM2.5-1HR
948,BEL_BETN043,2024-10-21,2.15,14.11,88.71,0.39,3.53,202.13,1021.59,5260.82,0.33,2.962,2400.0,0.014,PM2.5-1HR
948,BEL_BETR001,2024-10-21,3.04,14.11,88.71,0.39,3.53,202.13,1021.59,19706.3,0.33,2.962,2400.0,0.017,PM2.5-1HR
948,BEL_BETR012,2024-10-21,2.14,14.01,88,0.44,3.45,199.24,1021.61,4575.74,0.3,2.92,2400.0,0.456,PM2.5-1HR
948,BEL_BETREG1,2024-10-21,3.27,14.11,88.71,0.39,3.53,202.13,1021.59,7125.71,0.33,2.962,2400.0,0.02,PM2.5-1HR
948,BEL_BETB011,2024-10-22,5.72,11.61,89.83,0.18,3.45,246.48,1028.55,4782.55,0.43,3.102,2400.0,0.943,PM2.5-1HR
948,BEL_BETMEU1,2024-10-22,6.24,11.75,89.54,0.21,3.46,244.96,1028.47,2930.9,0.47,3.158,2400.0,0.194,PM2.5-1HR
948,BEL_BETN043,2024-10-22,5.48,11.61,89.83,0.18,3.45,246.48,1028.55,5260.82,0.43,3.102,2400.0,0.014,PM2.5-1HR
948,BEL_BETR001,2024-10-22,6.67,11.61,89.83,0.18,3.45,246.48,1028.55,19706.3,0.43,3.102,2400.0,0.017,PM2.5-1HR
948,BEL_BETR012,2024-10-22,5.25,11.52,90.08,0.19,3.41,246.8,1028.63,4575.74,0.34,2.976,2400.0,0.456,PM2.5-1HR
948,BEL_BETREG1,2024-10-22,7.17,11.61,89.83,0.18,3.45,246.48,1028.55,7125.71,0.43,3.102,2400.0,0.02,PM2.5-1HR
948,BEL_BETB011,2024-10-23,6.9,11.13,87.46,0,2.25,170.11,1033.69,4782.55,2.6,6.14,2400.0,0.943,PM2.5-1HR
948,BEL_BETMEU1,2024-10-23,7.05,11.34,87.08,0,2.33,174.65,1033.66,2930.9,2.76,6.364,2400.0,0.194,PM2.5-1HR
948,BEL_BETN043,2024-10-23,6.53,11.13,87.46,0,2.25,170.11,1033.69,5260.82,2.6,6.14,2400.0,0.014,PM2.5-1HR
948,BEL_BETR001,2024-10-23,7.55,11.13,87.46,0,2.25,170.11,1033.69,19706.3,2.6,6.14,2400.0,0.017,PM2.5-1HR
948,BEL_BETR012,2024-10-23,4.75,10.88,87.96,0,2.11,165.96,1033.71,4575.74,2.58,6.112,2400.0,0.456,PM2.5-1HR
948,BEL_BETREG1,2024-10-23,6.68,11.13,87.46,0,2.25,170.11,1033.69,7125.71,2.6,6.14,2400.0,0.02,PM2.5-1HR
948,BEL_BETB011,2024-10-24,7.85,10.95,85.42,0,3.03,135.25,1024.46,4782.55,4.96,9.444,2400.0,0.943,PM2.5-1HR
948,BEL_BETMEU1,2024-10-24,9.11,11,85.33,0.01,3.01,134.81,1024.5,2930.9,5.16,9.724,2400.0,0.194,PM2.5-1HR
948,BEL_BETN043,2024-10-24,8.49,10.95,85.42,0,3.03,135.25,1024.46,5260.82,4.96,9.444,2400.0,0.014,PM2.5-1HR
948,BEL_BETR001,2024-10-24,9.26,10.95,85.42,0,3.03,135.25,1024.46,19706.3,4.96,9.444,2400.0,0.017,PM2.5-1HR
948,BEL_BETR012,2024-10-24,6.8,10.94,85.5,0,3.02,136.36,1024.43,4575.74,4.93,9.402,2400.0,0.456,PM2.5-1HR
948,BEL_BETREG1,2024-10-24,8.74,10.95,85.42,0,3.03,135.25,1024.46,7125.71,4.96,9.444,2400.0,0.02,PM2.5-1HR
948,BEL_BETB011,2024-10-25,7.56,14.84,88.33,0.15,3.42,166.5,1016.87,4782.55,5.18,9.752,2400.0,0.943,PM2.5-1HR
948,BEL_BETMEU1,2024-10-25,7.3,14.85,88.46,0.12,3.23,167.46,1016.86,2930.9,5.25,9.85,2400.0,0.194,PM2.5-1HR
948,BEL_BETN043,2024-10-25,6.97,14.84,88.33,0.15,3.42,166.5,1016.87,5260.82,5.18,9.752,2400.0,0.014,PM2.5-1HR
948,BEL_BETR001,2024-10-25,10.93,14.84,88.33,0.15,3.42,166.5,1016.87,19706.3,5.18,9.752,2400.0,0.017,PM2.5-1HR
948,BEL_BETR012,2024-10-25,6.52,14.85,88.33,0.09,3.62,165.08,1016.89,4575.74,5.19,9.766,2400.0,0.456,PM2.5-1HR
948,BEL_BETREG1,2024-10-25,7.3,14.84,88.33,0.15,3.42,166.5,1016.87,7125.71,5.18,9.752,2400.0,0.02,PM2.5-1HR
948,BEL_BETB011,2024-10-26,7.26,15.19,85.96,0,2.03,165.74,1016.15,4782.55,3.89,7.946,2400.0,0.943,PM2.5-1HR
948,BEL_BETMEU1,2024-10-26,8.83,15.14,86.75,0,1.92,168.08,1016.14,2930.9,3.93,8.002,2400.0,0.194,PM2.5-1HR
948,BEL_BETN043,2024-10-26,7.61,15.19,85.96,0,2.03,165.74,1016.15,5260.82,3.89,7.946,2400.0,0.014,PM2.5-1HR
948,BEL_BETR001,2024-10-26,12.96,15.19,85.96,0,2.03,165.74,1016.15,19706.3,3.89,7.946,2400.0,0.017,PM2.5-1HR
948,BEL_BETR012,2024-10-26,6.12,15.25,85.46,0,2.12,159.53,1016.13,4575.74,3.91,7.974,2400.0,0.456,PM2.5-1HR
948,BEL_BETREG1,2024-10-26,8.61,15.19,85.96,0,2.03,165.74,1016.15,7125.71,3.89,7.946,2400.0,0.02,PM2.5-1HR
948,BEL_BETB011,2024-10-27,13.13,13.34,86.8,0.01,1.83,273,1020.85,4782.55,5.81,10.634,2400.0,0.943,PM2.5-1HR
948,BEL_BETMEU1,2024-10-27,12.31,13.09,87.36,0.01,1.93,270.99,1020.8,2930.9,5.8,10.62,2400.0,0.194,PM2.5-1HR
948,BEL_BETN043,2024-10-27,10.63,13.34,86.8,0.01,1.83,273,1020.85,5260.82,5.81,10.634,2400.0,0.014,PM2.5-1HR
948,BEL_BETR001,2024-10-27,15.67,13.34,86.8,0.01,1.83,273,1020.85,19706.3,5.81,10.634,2400.0,0.017,PM2.5-1HR
948,BEL_BETR012,2024-10-27,14.14,13.44,87.68,0.01,1.77,269.64,1020.87,4575.74,5.84,10.676,2400.0,0.456,PM2.5-1HR
948,BEL_BETREG1,2024-10-27,15.37,13.34,86.8,0.01,1.83,273,1020.85,7125.71,5.81,10.634,2400.0,0.02,PM2.5-1HR
948,BEL_BETR012,2024-10-28,8.11,12.91,86.79,0.12,4.16,221.54,1024.53,4575.74,3.79,7.806,2400.0,0.456,PM2.5-1HR
948,BEL_BETB011,2024-10-28,9.63,12.81,86.13,0.1,4.18,221.82,1024.44,4782.55,3.8,7.82,2400.0,0.943,PM2.5-1HR
948,BEL_BETMEU1,2024-10-28,9.78,12.72,85.88,0.1,4.09,221.33,1024.33,2930.9,4,8.1,2400.0,0.194,PM2.5-1HR
948,BEL_BETN043,2024-10-28,8.93,12.81,86.13,0.1,4.18,221.82,1024.44,5260.82,3.8,7.82,2400.0,0.014,PM2.5-1HR
948,BEL_BETR001,2024-10-28,10.53,12.81,86.13,0.1,4.18,221.82,1024.44,19706.3,3.8,7.82,2400.0,0.017,PM2.5-1HR
948,BEL_BETREG1,2024-10-28,10.88,12.81,86.13,0.1,4.18,221.82,1024.44,7125.71,3.8,7.82,2400.0,0.02,PM2.5-1HR
948,BEL_BETR012,2024-10-29,10.28,12.48,88.79,0.05,4.31,220.91,1025.63,4575.74,6.1,11.04,2400.0,0.456,PM2.5-1HR
948,BEL_BETB011,2024-10-29,9.83,12.53,89.21,0,4.32,220.58,1025.51,4782.55,6.02,10.928,2400.0,0.943,PM2.5-1HR
948,BEL_BETMEU1,2024-10-29,11.21,12.61,89.42,0.01,4.24,219.91,1025.39,2930.9,6.08,11.012,2400.0,0.194,PM2.5-1HR
948,BEL_BETN043,2024-10-29,10.15,12.53,89.21,0,4.32,220.58,1025.51,5260.82,6.02,10.928,2400.0,0.014,PM2.5-1HR
948,BEL_BETR001,2024-10-29,11.66,12.53,89.21,0,4.32,220.58,1025.51,19706.3,6.02,10.928,2400.0,0.017,PM2.5-1HR
948,BEL_BETREG1,2024-10-29,12.67,12.53,89.21,0,4.32,220.58,1025.51,7125.71,6.02,10.928,2400.0,0.02,PM2.5-1HR
948,BEL_BETB011,2024-10-30,17.83,12.45,91.08,0,1.32,357.76,1028.26,4782.55,10.64,17.396,2400.0,0.943,PM2.5-1HR
948,BEL_BETMEU1,2024-10-30,17.71,12.47,91.75,0,1.27,325.25,1028.24,2930.9,10.96,17.844,2400.0,0.194,PM2.5-1HR
948,BEL_BETN043,2024-10-30,15.75,12.45,91.08,0,1.32,357.76,1028.26,5260.82,10.64,17.396,2400.0,0.014,PM2.5-1HR
948,BEL_BETR001,2024-10-30,19.72,12.45,91.08,0,1.32,357.76,1028.26,19706.3,10.64,17.396,2400.0,0.017,PM2.5-1HR
948,BEL_BETR012,2024-10-30,15.23,12.53,90,0,1.38,347.04,1028.27,4575.74,10.57,17.298,2400.0,0.456,PM2.5-1HR
948,BEL_BETREG1,2024-10-30,20.12,12.45,91.08,0,1.32,357.76,1028.26,7125.71,10.64,17.396,2400.0,0.02,PM2.5-1HR
948,BEL_BETB011,2024-10-31,12.84,11.28,88.67,0,1.32,145.2,1027.75,4782.55,5.49,10.186,2400.0,0.943,PM2.5-1HR
948,BEL_BETMEU1,2024-10-31,15.72,11.34,88.79,0,1.22,131.41,1027.75,2930.9,5.93,10.802,2400.0,0.194,PM2.5-1HR
948,BEL_BETN043,2024-10-31,13.26,11.28,88.67,0,1.32,145.2,1027.75,5260.82,5.49,10.186,2400.0,0.014,PM2.5-1HR
948,BEL_BETR001,2024-10-31,15.37,11.28,88.67,0,1.32,145.2,1027.75,19706.3,5.49,10.186,2400.0,0.017,PM2.5-1HR
948,BEL_BETR012,2024-10-31,10.63,11.09,89.29,0,1.36,163.54,1027.74,4575.74,5.39,10.046,2400.0,0.456,PM2.5-1HR
948,BEL_BETREG1,2024-10-31,14.64,11.28,88.67,0,1.32,145.2,1027.75,7125.71,5.49,10.186,2400.0,0.02,PM2.5-1HR
948,BEL_BETB011,2024-11-01,10.38,10.02,91.79,0,2.61,231.61,1025.67,4782.55,4.86,9.304,2400.0,0.943,PM2.5-1HR
948,BEL_BETREG1,2024-11-01,12.46,10.02,91.79,0,2.61,231.61,1025.67,7125.71,4.86,9.304,2400.0,0.02,PM2.5-1HR
948,BEL_BETMEU1,2024-11-01,11.03,10.14,91.5,0,2.64,229.81,1025.59,2930.9,4.87,9.318,2400.0,0.194,PM2.5-1HR
948,BEL_BETN043,2024-11-01,9.52,10.02,91.79,0,2.61,231.61,1025.67,5260.82,4.86,9.304,2400.0,0.014,PM2.5-1HR
948,BEL_BETR001,2024-11-01,10.95,10.02,91.79,0,2.61,231.61,1025.67,19706.3,4.86,9.304,2400.0,0.017,PM2.5-1HR
948,BEL_BETR012,2024-11-01,11.94,10,91.63,0,2.57,231.74,1025.71,4575.74,4.84,9.276,2400.0,0.456,PM2.5-1HR
948,BEL_BETB011,2024-11-02,13.36,10.83,91,0,2.29,46.67,1030.19,4782.55,4.47,8.758,2400.0,0.943,PM2.5-1HR
948,BEL_BETMEU1,2024-11-02,14.65,10.93,91.46,0,2.12,45.93,1030.23,2930.9,4.97,9.458,2400.0,0.194,PM2.5-1HR
948,BEL_BETN043,2024-11-02,12.35,10.83,91,0,2.29,46.67,1030.19,5260.82,4.47,8.758,2400.0,0.014,PM2.5-1HR
948,BEL_BETR001,2024-11-02,15.02,10.83,91,0,2.29,46.67,1030.19,19706.3,4.47,8.758,2400.0,0.017,PM2.5-1HR
948,BEL_BETR012,2024-11-02,11.57,10.8,90.38,0,2.43,47.8,1030.15,4575.74,4.17,8.338,2400.0,0.456,PM2.5-1HR
948,BEL_BETREG1,2024-11-02,15.24,10.83,91,0,2.29,46.67,1030.19,7125.71,4.47,8.758,2400.0,0.02,PM2.5-1HR
948,BEL_BETB011,2024-11-03,12.82,8.51,90.58,0,2.25,86.62,1029.65,4782.55,5.19,9.766,2400.0,0.943,PM2.5-1HR
948,BEL_BETMEU1,2024-11-03,13.05,8.41,90.63,0,2.11,85.85,1029.73,2930.9,5.49,10.186,2400.0,0.194,PM2.5-1HR
948,BEL_BETN043,2024-11-03,10.82,8.51,90.58,0,2.25,86.62,1029.65,5260.82,5.19,9.766,2400.0,0.014,PM2.5-1HR
948,BEL_BETR001,2024-11-03,13.62,8.51,90.58,0,2.25,86.62,1029.65,19706.3,5.19,9.766,2400.0,0.017,PM2.5-1HR
948,BEL_BETR012,2024-11-03,9.53,8.56,90.63,0,2.32,86.63,1029.6,4575.74,5.19,9.766,2400.0,0.456,PM2.5-1HR
948,BEL_BETREG1,2024-11-03,12.8,8.51,90.58,0,2.25,86.62,1029.65,7125.71,5.19,9.766,2400.0,0.02,PM2.5-1HR
948,BEL_BETB011,2024-11-04,13.2,7.18,93.88,0,2.23,91.07,1026.86,4782.55,4.94,9.416,2400.0,0.943,PM2.5-1HR
948,BEL_BETMEU1,2024-11-04,12.83,6.98,94.38,0,2.08,94.93,1026.93,2930.9,5.21,9.794,2400.0,0.194,PM2.5-1HR
948,BEL_BETN043,2024-11-04,11.06,7.18,93.88,0,2.23,91.07,1026.86,5260.82,4.94,9.416,2400.0,0.014,PM2.5-1HR
948,BEL_BETR001,2024-11-04,14.18,7.18,93.88,0,2.23,91.07,1026.86,19706.3,4.94,9.416,2400.0,0.017,PM2.5-1HR
948,BEL_BETR012,2024-11-04,9.62,7.25,92.75,0,2.2,90.49,1026.77,4575.74,4.99,9.486,2400.0,0.456,PM2.5-1HR
948,BEL_BETREG1,2024-11-04,12.84,7.18,93.88,0,2.23,91.07,1026.86,7125.71,4.94,9.416,2400.0,0.02,PM2.5-1HR
948,BEL_BETB011,2024-11-05,21.23,7.16,92.46,0,1.77,206.48,1024.05,4782.55,12.38,19.832,2400.0,0.943,PM2.5-1HR
948,BEL_BETMEU1,2024-11-05,21.59,7.18,92.29,0,1.69,206.68,1024.03,2930.9,12.52,20.028,2400.0,0.194,PM2.5-1HR
948,BEL_BETN043,2024-11-05,18.39,7.16,92.46,0,1.77,206.48,1024.05,5260.82,12.38,19.832,2400.0,0.014,PM2.5-1HR
948,BEL_BETR001,2024-11-05,22.53,7.16,92.46,0,1.77,206.48,1024.05,19706.3,12.38,19.832,2400.0,0.017,PM2.5-1HR
948,BEL_BETR012,2024-11-05,20.34,7.16,92.54,0,1.82,208.65,1024.05,4575.74,12.38,19.832,2400.0,0.456,PM2.5-1HR
948,BEL_BETREG1,2024-11-05,23.78,7.16,92.46,0,1.77,206.48,1024.05,7125.71,12.38,19.832,2400.0,0.02,PM2.5-1HR
948,BEL_BETB011,2024-11-06,15.49,8.98,92.08,0.01,1.21,102.94,1030.2,4782.55,5.03,9.542,2400.0,0.943,PM2.5-1HR
948,BEL_BETMEU1,2024-11-06,17.22,8.94,92.38,0,1.15,111.79,1030.21,2930.9,5.12,9.668,2400.0,0.194,PM2.5-1HR
948,BEL_BETN043,2024-11-06,14.38,8.98,92.08,0.01,1.21,102.94,1030.2,5260.82,5.03,9.542,2400.0,0.014,PM2.5-1HR
948,BEL_BETR001,2024-11-06,18.04,8.98,92.08,0.01,1.21,102.94,1030.2,19706.3,5.03,9.542,2400.0,0.017,PM2.5-1HR
948,BEL_BETR012,2024-11-06,15.82,8.97,92.08,0,1.25,65.38,1030.19,4575.74,5.07,9.598,2400.0,0.456,PM2.5-1HR
948,BEL_BETREG1,2024-11-06,18.29,8.98,92.08,0.01,1.21,102.94,1030.2,7125.71,5.03,9.542,2400.0,0.02,PM2.5-1HR
948,BEL_BETB011,2024-11-07,17.97,7.08,90.21,0,2.94,74.29,1031.98,4782.55,6.43,11.502,2400.0,0.943,PM2.5-1HR
948,BEL_BETMEU1,2024-11-07,18.97,7.1,90.13,0,2.99,75.2,1032.05,2930.9,6.66,11.824,2400.0,0.194,PM2.5-1HR
948,BEL_BETN043,2024-11-07,15.75,7.08,90.21,0,2.94,74.29,1031.98,5260.82,6.43,11.502,2400.0,0.014,PM2.5-1HR
948,BEL_BETR001,2024-11-07,19.51,7.08,90.21,0,2.94,74.29,1031.98,19706.3,6.43,11.502,2400.0,0.017,PM2.5-1HR
948,BEL_BETR012,2024-11-07,16.83,7.1,90.38,0,2.94,72.63,1031.91,4575.74,6.06,10.984,2400.0,0.456,PM2.5-1HR
948,BEL_BETREG1,2024-11-07,19.72,7.08,90.21,0,2.94,74.29,1031.98,7125.71,6.43,11.502,2400.0,0.02,PM2.5-1HR
948,BEL_BETB011,2024-11-08,14.88,5.03,90.04,0,2.37,93.98,1027.38,4782.55,12.15,19.51,2400.0,0.943,PM2.5-1HR
948,BEL_BETMEU1,2024-11-08,16.36,5.1,89.67,0,2.45,97.24,1027.44,2930.9,12.24,19.636,2400.0,0.194,PM2.5-1HR
948,BEL_BETN043,2024-11-08,13.79,5.03,90.04,0,2.37,93.98,1027.38,5260.82,12.15,19.51,2400.0,0.014,PM2.5-1HR
948,BEL_BETR001,2024-11-08,15.44,5.03,90.04,0,2.37,93.98,1027.38,19706.3,12.15,19.51,2400.0,0.017,PM2.5-1HR
948,BEL_BETR012,2024-11-08,13.68,5.02,90,0,2.25,92.89,1027.29,4575.74,12.07,19.398,2400.0,0.456,PM2.5-1HR
948,BEL_BETREG1,2024-11-08,16.11,5.03,90.04,0,2.37,93.98,1027.38,7125.71,12.15,19.51,2400.0,0.02,PM2.5-1HR
948,BEL_BETB011,2024-11-09,12.02,7.9,90.58,0,1.36,130.06,1024.9,4782.55,5.63,10.382,2400.0,0.943,PM2.5-1HR
948,BEL_BETMEU1,2024-11-09,12.45,7.82,90.88,0,1.34,119.87,1024.9,2930.9,5.81,10.634,2400.0,0.194,PM2.5-1HR
948,BEL_BETN043,2024-11-09,10.11,7.9,90.58,0,1.36,130.06,1024.9,5260.82,5.63,10.382,2400.0,0.014,PM2.5-1HR
948,BEL_BETR001,2024-11-09,12.55,7.9,90.58,0,1.36,130.06,1024.9,19706.3,5.63,10.382,2400.0,0.017,PM2.5-1HR
948,BEL_BETR012,2024-11-09,11.8,8.04,90.08,0,1.27,134.89,1024.88,4575.74,5.74,10.536,2400.0,0.456,PM2.5-1HR
948,BEL_BETREG1,2024-11-09,12.86,7.9,90.58,0,1.36,130.06,1024.9,7125.71,5.63,10.382,2400.0,0.02,PM2.5-1HR
948,BEL_BETB011,2024-11-10,15.58,9.15,90.83,0,1.51,229.53,1027.83,4782.55,6.85,12.09,2400.0,0.943,PM2.5-1HR
948,BEL_BETMEU1,2024-11-10,12.48,9.17,90.71,0,1.42,229.67,1027.8,2930.9,6.84,12.076,2400.0,0.194,PM2.5-1HR
948,BEL_BETN043,2024-11-10,14.02,9.15,90.83,0,1.51,229.53,1027.83,5260.82,6.85,12.09,2400.0,0.014,PM2.5-1HR
948,BEL_BETR001,2024-11-10,14.04,9.15,90.83,0,1.51,229.53,1027.83,19706.3,6.85,12.09,2400.0,0.017,PM2.5-1HR
948,BEL_BETR012,2024-11-10,15.83,9.13,91.29,0,1.5,231,1027.85,4575.74,7.09,12.426,2400.0,0.456,PM2.5-1HR
948,BEL_BETREG1,2024-11-10,17.51,9.15,90.83,0,1.51,229.53,1027.83,7125.71,6.85,12.09,2400.0,0.02,PM2.5-1HR
948,BEL_BETB011,2024-11-11,12.65,9.4,85.29,0.06,4.45,297.51,1030.51,4782.55,3.03,6.742,2400.0,0.943,PM2.5-1HR
948,BEL_BETMEU1,2024-11-11,11.52,9.62,84.58,0.05,4.41,297.38,1030.45,2930.9,3.49,7.386,2400.0,0.194,PM2.5-1HR
948,BEL_BETN043,2024-11-11,14.55,9.4,85.29,0.06,4.45,297.51,1030.51,5260.82,3.03,6.742,2400.0,0.014,PM2.5-1HR
948,BEL_BETR001,2024-11-11,13.95,9.4,85.29,0.06,4.45,297.51,1030.51,19706.3,3.03,6.742,2400.0,0.017,PM2.5-1HR
948,BEL_BETR012,2024-11-11,10.36,9.22,86.25,0.11,4.4,297.06,1030.58,4575.74,3.14,6.896,2400.0,0.456,PM2.5-1HR
948,BEL_BETREG1,2024-11-11,16.85,9.4,85.29,0.06,4.45,297.51,1030.51,7125.71,3.03,6.742,2400.0,0.02,PM2.5-1HR
948,BEL_BETB011,2024-11-12,9.14,8.52,87.29,0.11,4.96,32.64,1030.99,4782.55,1.76,4.964,2400.0,0.943,PM2.5-1HR
948,BEL_BETMEU1,2024-11-12,8.36,8.65,86.38,0.09,4.89,33.19,1031.1,2930.9,1.84,5.076,2400.0,0.194,PM2.5-1HR
948,BEL_BETN043,2024-11-12,9.74,8.52,87.29,0.11,4.96,32.64,1030.99,5260.82,1.76,4.964,2400.0,0.014,PM2.5-1HR
948,BEL_BETR001,2024-11-12,9.06,8.52,87.29,0.11,4.96,32.64,1030.99,19706.3,1.76,4.964,2400.0,0.017,PM2.5-1HR
948,BEL_BETR012,2024-11-12,6.67,8.39,87.83,0.14,4.89,32.57,1030.88,4575.74,1.96,5.244,2400.0,0.456,PM2.5-1HR
948,BEL_BETREG1,2024-11-12,11.41,8.52,87.29,0.11,4.96,32.64,1030.99,7125.71,1.76,4.964,2400.0,0.02,PM2.5-1HR
948,BEL_BETB011,2024-11-13,27.66,7.27,88.88,0,1.89,359.48,1033.14,4782.55,14.85,23.29,2400.0,0.943,PM2.5-1HR
948,BEL_BETMEU1,2024-11-13,23.28,7.3,88.5,0,1.65,358.76,1033.15,2930.9,15.61,24.354,2400.0,0.194,PM2.5-1HR
948,BEL_BETN043,2024-11-13,24.59,7.27,88.88,0,1.89,359.48,1033.14,5260.82,14.85,23.29,2400.0,0.014,PM2.5-1HR
948,BEL_BETR001,2024-11-13,20.87,7.27,88.88,0,1.89,359.48,1033.14,19706.3,14.85,23.29,2400.0,0.017,PM2.5-1HR
948,BEL_BETR012,2024-11-13,18.94,7.14,88.75,0,1.86,0.79,1033.13,4575.74,14.9,23.36,2400.0,0.456,PM2.5-1HR
948,BEL_BETREG1,2024-11-13,27.76,7.27,88.88,0,1.89,359.48,1033.14,7125.71,14.85,23.29,2400.0,0.02,PM2.5-1HR
948,BEL_BETB011,2024-11-14,15.77,9.15,89.46,0.03,1.85,297.86,1029.45,4782.55,4.35,8.59,2400.0,0.943,PM2.5-1HR
948,BEL_BETMEU1,2024-11-14,11.37,9.31,87.71,0.01,1.78,292.58,1029.4,2930.9,4.75,9.15,2400.0,0.194,PM2.5-1HR
948,BEL_BETN043,2024-11-14,14.82,9.15,89.46,0.03,1.85,297.86,1029.45,5260.82,4.35,8.59,2400.0,0.014,PM2.5-1HR
948,BEL_BETR001,2024-11-14,11.5,9.15,89.46,0.03,1.85,297.86,1029.45,19706.3,4.35,8.59,2400.0,0.017,PM2.5-1HR
948,BEL_BETR012,2024-11-14,10.27,8.94,90.83,0.03,1.76,298.49,1029.5,4575.74,4.51,8.814,2400.0,0.456,PM2.5-1HR
948,BEL_BETREG1,2024-11-14,14.16,9.15,89.46,0.03,1.85,297.86,1029.45,7125.71,4.35,8.59,2400.0,0.02,PM2.5-1HR
948,BEL_BETB011,2024-11-15,14.62,8.33,90.08,0.01,1.17,215.26,1027.68,4782.55,7.2,12.58,2400.0,0.943,PM2.5-1HR
948,BEL_BETMEU1,2024-11-15,12.23,8.44,88.67,0,1.05,228.77,1027.65,2930.9,7.74,13.336,2400.0,0.194,PM2.5-1HR
948,BEL_BETN043,2024-11-15,11.33,8.33,90.08,0.01,1.17,215.26,1027.68,5260.82,7.2,12.58,2400.0,0.014,PM2.5-1HR
948,BEL_BETR001,2024-11-15,14.44,8.33,90.08,0.01,1.17,215.26,1027.68,19706.3,7.2,12.58,2400.0,0.017,PM2.5-1HR
948,BEL_BETR012,2024-11-15,11.57,8.15,90.54,0.03,1.19,195.71,1027.72,4575.74,7.26,12.664,2400.0,0.456,PM2.5-1HR
948,BEL_BETREG1,2024-11-15,13.52,8.33,90.08,0.01,1.17,215.26,1027.68,7125.71,7.2,12.58,2400.0,0.02,PM2.5-1HR
948,BEL_BETB011,2024-11-16,12.93,7.42,81.13,0,3.53,213.96,1020.1,4782.55,6.7,11.88,2400.0,0.943,PM2.5-1HR
948,BEL_BETMEU1,2024-11-16,13.4,7.66,79.88,0,3.63,213.71,1019.95,2930.9,6.84,12.076,2400.0,0.194,PM2.5-1HR
948,BEL_BETN043,2024-11-16,11.17,7.42,81.13,0,3.53,213.96,1020.1,5260.82,6.7,11.88,2400.0,0.014,PM2.5-1HR
948,BEL_BETR001,2024-11-16,13.04,7.42,81.13,0,3.53,213.96,1020.1,19706.3,6.7,11.88,2400.0,0.017,PM2.5-1HR
948,BEL_BETR012,2024-11-16,12.11,7.31,80.33,0,3.45,214.01,1020.24,4575.74,6.51,11.614,2400.0,0.456,PM2.5-1HR
948,BEL_BETREG1,2024-11-16,14.15,7.42,81.13,0,3.53,213.96,1020.1,7125.71,6.7,11.88,2400.0,0.02,PM2.5-1HR
948,BEL_BETB011,2024-11-17,7.67,7.57,87.21,0.18,4.54,251.15,1013.38,4782.55,3.68,7.652,2400.0,0.943,PM2.5-1HR
948,BEL_BETMEU1,2024-11-17,7.9,7.76,86.13,0.17,4.49,251.53,1013.2,2930.9,3.95,8.03,2400.0,0.194,PM2.5-1HR
948,BEL_BETN043,2024-11-17,12.25,7.57,87.21,0.18,4.54,251.15,1013.38,5260.82,3.68,7.652,2400.0,0.014,PM2.5-1HR
948,BEL_BETR001,2024-11-17,8.6,7.57,87.21,0.18,4.54,251.15,1013.38,19706.3,3.68,7.652,2400.0,0.017,PM2.5-1HR
948,BEL_BETR012,2024-11-17,7.8,7.35,88.29,0.2,4.55,250.65,1013.54,4575.74,3.87,7.918,2400.0,0.456,PM2.5-1HR
948,BEL_BETREG1,2024-11-17,9.1,7.57,87.21,0.18,4.54,251.15,1013.38,7125.71,3.68,7.652,2400.0,0.02,PM2.5-1HR
948,BEL_BETB011,2024-11-18,4.91,7.13,88.96,0.15,2.7,243.66,1010.71,4782.55,0.93,3.802,2400.0,0.943,PM2.5-1HR
948,BEL_BETMEU1,2024-11-18,5.62,7.12,88.63,0.07,2.58,244.18,1010.63,2930.9,0.92,3.788,2400.0,0.194,PM2.5-1HR
948,BEL_BETN043,2024-11-18,5.02,7.13,88.96,0.15,2.7,243.66,1010.71,5260.82,0.93,3.802,2400.0,0.014,PM2.5-1HR
948,BEL_BETR001,2024-11-18,6.04,7.13,88.96,0.15,2.7,243.66,1010.71,19706.3,0.93,3.802,2400.0,0.017,PM2.5-1HR
948,BEL_BETR012,2024-11-18,5.22,6.98,90.42,0.18,2.75,239.55,1010.78,4575.74,0.96,3.844,2400.0,0.456,PM2.5-1HR
948,BEL_BETREG1,2024-11-18,6.3,7.13,88.96,0.15,2.7,243.66,1010.71,7125.71,0.93,3.802,2400.0,0.02,PM2.5-1HR
948,BEL_BETREG1,2024-11-19,4.19,7.62,93.88,0.98,5.05,268.19,995.8,7125.71,0,2.5,2400.0,0.02,PM2.5-1HR
948,BEL_BETB011,2024-11-19,4.39,7.62,93.88,0.98,5.05,268.19,995.8,4782.55,0,2.5,2400.0,0.943,PM2.5-1HR
948,BEL_BETMEU1,2024-11-19,4.03,7.57,94.13,0.86,4.9,267.92,995.67,2930.9,0,2.5,2400.0,0.194,PM2.5-1HR
948,BEL_BETN043,2024-11-19,2.85,7.62,93.88,0.98,5.05,268.19,995.8,5260.82,0,2.5,2400.0,0.014,PM2.5-1HR
948,BEL_BETR001,2024-11-19,4.11,7.62,93.88,0.98,5.05,268.19,995.8,19706.3,0,2.5,2400.0,0.017,PM2.5-1HR
948,BEL_BETR012,2024-11-19,3.48,7.58,94.21,1.05,5.23,265.61,995.92,4575.74,0,2.5,2400.0,0.456,PM2.5-1HR
948,BEL_BETB011,2024-11-20,2.82,3.58,78.13,0.12,5.33,270.67,1003.91,4782.55,0.42,3.088,2400.0,0.943,PM2.5-1HR
948,BEL_BETMEU1,2024-11-20,2.96,3.77,76.96,0.17,5.47,271.44,1003.68,2930.9,0.45,3.13,2400.0,0.194,PM2.5-1HR
948,BEL_BETN043,2024-11-20,2.71,3.58,78.13,0.12,5.33,270.67,1003.91,5260.82,0.42,3.088,2400.0,0.014,PM2.5-1HR
948,BEL_BETR001,2024-11-20,3.66,3.58,78.13,0.12,5.33,270.67,1003.91,19706.3,0.42,3.088,2400.0,0.017,PM2.5-1HR
948,BEL_BETR012,2024-11-20,3.26,3.24,78.58,0.23,5.2,269.29,1004.15,4575.74,0.4,3.06,2400.0,0.456,PM2.5-1HR
948,BEL_BETREG1,2024-11-20,4.1,3.58,78.13,0.12,5.33,270.67,1003.91,7125.71,0.42,3.088,2400.0,0.02,PM2.5-1HR
948,BEL_BETB011,2024-11-21,8.43,0.75,84.13,0.01,3.06,249.79,1001.14,4782.55,0.46,3.144,2400.0,0.943,PM2.5-1HR
948,BEL_BETMEU1,2024-11-21,8.66,0.67,83.88,0.1,3.02,247.34,1001,2930.9,0.5,3.2,2400.0,0.194,PM2.5-1HR
948,BEL_BETN043,2024-11-21,7.48,0.75,84.13,0.01,3.06,249.79,1001.14,5260.82,0.46,3.144,2400.0,0.014,PM2.5-1HR
948,BEL_BETR001,2024-11-21,10.01,0.75,84.13,0.01,3.06,249.79,1001.14,19706.3,0.46,3.144,2400.0,0.017,PM2.5-1HR
948,BEL_BETR012,2024-11-21,8.42,0.15,84.92,0.01,2.81,249.82,1001.27,4575.74,0.54,3.256,2400.0,0.456,PM2.5-1HR
948,BEL_BETREG1,2024-11-21,8.86,0.75,84.13,0.01,3.06,249.79,1001.14,7125.71,0.46,3.144,2400.0,0.02,PM2.5-1HR
948,BEL_BETB011,2024-11-22,5.09,1.95,78.71,0.06,4.9,245.27,1005.63,4782.55,2.34,5.776,2400.0,0.943,PM2.5-1HR
948,BEL_BETMEU1,2024-11-22,5.9,2.05,78.46,0.05,4.97,245.59,1005.36,2930.9,2.41,5.874,2400.0,0.194,PM2.5-1HR
948,BEL_BETN043,2024-11-22,5.08,1.95,78.71,0.06,4.9,245.27,1005.63,5260.82,2.34,5.776,2400.0,0.014,PM2.5-1HR
948,BEL_BETR001,2024-11-22,6.27,1.95,78.71,0.06,4.9,245.27,1005.63,19706.3,2.34,5.776,2400.0,0.017,PM2.5-1HR
948,BEL_BETR012,2024-11-22,5.31,1.66,78.5,0.01,4.72,245.9,1005.85,4575.74,2.38,5.832,2400.0,0.456,PM2.5-1HR
948,BEL_BETREG1,2024-11-22,6.79,1.95,78.71,0.06,4.9,245.27,1005.63,7125.71,2.34,5.776,2400.0,0.02,PM2.5-1HR
948,BEL_BETB011,2024-11-23,3.92,4.18,79.88,0.18,5.87,194.99,1013.54,4782.55,1.29,4.306,2400.0,0.943,PM2.5-1HR
948,BEL_BETMEU1,2024-11-23,4.35,4.36,79.46,0.17,6.06,196.44,1013.33,2930.9,1.37,4.418,2400.0,0.194,PM2.5-1HR
948,BEL_BETN043,2024-11-23,3.71,4.18,79.88,0.18,5.87,194.99,1013.54,5260.82,1.29,4.306,2400.0,0.014,PM2.5-1HR
948,BEL_BETR001,2024-11-23,4.43,4.18,79.88,0.18,5.87,194.99,1013.54,19706.3,1.29,4.306,2400.0,0.017,PM2.5-1HR
948,BEL_BETR012,2024-11-23,3.56,4.04,80.25,0.17,5.8,193.28,1013.72,4575.74,1.28,4.292,2400.0,0.456,PM2.5-1HR
948,BEL_BETREG1,2024-11-23,4.44,4.18,79.88,0.18,5.87,194.99,1013.54,7125.71,1.29,4.306,2400.0,0.02,PM2.5-1HR
948,BEL_BETB011,2024-11-24,2.12,14.37,62.5,0.03,8.25,200.8,1006.2,4782.55,0.51,3.214,2400.0,0.943,PM2.5-1HR
948,BEL_BETMEU1,2024-11-24,2.48,14.58,61.5,0.06,8.34,201.25,1005.94,2930.9,0.58,3.312,2400.0,0.194,PM2.5-1HR
948,BEL_BETN043,2024-11-24,1.98,14.37,62.5,0.03,8.25,200.8,1006.2,5260.82,0.51,3.214,2400.0,0.014,PM2.5-1HR
948,BEL_BETR001,2024-11-24,2.37,14.37,62.5,0.03,8.25,200.8,1006.2,19706.3,0.51,3.214,2400.0,0.017,PM2.5-1HR
948,BEL_BETR012,2024-11-24,1.84,14.33,62.08,0.02,8.27,200.25,1006.46,4575.74,0.45,3.13,2400.0,0.456,PM2.5-1HR
948,BEL_BETREG1,2024-11-24,2.5,14.37,62.5,0.03,8.25,200.8,1006.2,7125.71,0.51,3.214,2400.0,0.02,PM2.5-1HR
948,BEL_BETB011,2024-11-25,2.42,12.45,78.17,0.47,5.94,213.11,1004.8,4782.55,0.47,3.158,2400.0,0.943,PM2.5-1HR
948,BEL_BETMEU1,2024-11-25,2.89,12.64,77.17,0.45,5.94,213.97,1004.63,2930.9,0.5,3.2,2400.0,0.194,PM2.5-1HR
948,BEL_BETN043,2024-11-25,2.85,12.45,78.17,0.47,5.94,213.11,1004.8,5260.82,0.47,3.158,2400.0,0.014,PM2.5-1HR
948,BEL_BETR001,2024-11-25,2.85,12.45,78.17,0.47,5.94,213.11,1004.8,19706.3,0.47,3.158,2400.0,0.017,PM2.5-1HR
948,BEL_BETR012,2024-11-25,2.28,12.35,78.42,0.48,5.95,213.12,1004.95,4575.74,0.42,3.088,2400.0,0.456,PM2.5-1HR
948,BEL_BETREG1,2024-11-25,3.39,12.45,78.17,0.47,5.94,213.11,1004.8,7125.71,0.47,3.158,2400.0,0.02,PM2.5-1HR
948,BEL_BETB011,2024-11-26,6.95,7.65,90.88,0.3,4.06,217.55,1017.39,4782.55,1.24,4.236,2400.0,0.943,PM2.5-1HR
948,BEL_BETMEU1,2024-11-26,7.57,7.71,90.42,0.02,4,218.07,1017.26,2930.9,1.33,4.362,2400.0,0.194,PM2.5-1HR
948,BEL_BETN043,2024-11-26,6.83,7.65,90.88,0.3,4.06,217.55,1017.39,5260.82,1.24,4.236,2400.0,0.014,PM2.5-1HR
948,BEL_BETR001,2024-11-26,7.91,7.65,90.88,0.3,4.06,217.55,1017.39,19706.3,1.24,4.236,2400.0,0.017,PM2.5-1HR
948,BEL_BETR012,2024-11-26,6.39,7.59,91.33,0.19,4.07,216.51,1017.49,4575.74,1.26,4.264,2400.0,0.456,PM2.5-1HR
948,BEL_BETREG1,2024-11-26,8.59,7.65,90.88,0.3,4.06,217.55,1017.39,7125.71,1.24,4.236,2400.0,0.02,PM2.5-1HR
948,BEL_BETREG1,2024-11-27,5.17,8.7,88,0.21,5.75,209.47,1014.63,7125.71,2.14,5.496,2400.0,0.02,PM2.5-1HR
948,BEL_BETB011,2024-11-27,4.83,8.7,88,0.21,5.75,209.47,1014.63,4782.55,2.14,5.496,2400.0,0.943,PM2.5-1HR
948,BEL_BETMEU1,2024-11-27,5,8.77,87.33,0.23,5.75,209.11,1014.45,2930.9,2.28,5.692,2400.0,0.194,PM2.5-1HR
948,BEL_BETN043,2024-11-27,4.24,8.7,88,0.21,5.75,209.47,1014.63,5260.82,2.14,5.496,2400.0,0.014,PM2.5-1HR
948,BEL_BETR001,2024-11-27,5.24,8.7,88,0.21,5.75,209.47,1014.63,19706.3,2.14,5.496,2400.0,0.017,PM2.5-1HR
948,BEL_BETR012,2024-11-27,3.98,8.63,88.08,0.14,5.78,209.46,1014.79,4575.74,2.1,5.44,2400.0,0.456,PM2.5-1HR
948,BEL_BETREG1,2024-11-28,9.57,5.77,88.58,0,2.4,266.06,1026.54,7125.71,1.48,4.572,2400.0,0.02,PM2.5-1HR
948,BEL_BETB011,2024-11-28,6.38,5.77,88.58,0,2.4,266.06,1026.54,4782.55,1.48,4.572,2400.0,0.943,PM2.5-1HR
948,BEL_BETMEU1,2024-11-28,7.07,5.67,87.75,0,2.37,264.89,1026.42,2930.9,1.41,4.474,2400.0,0.194,PM2.5-1HR
948,BEL_BETN043,2024-11-28,5.43,5.77,88.58,0,2.4,266.06,1026.54,5260.82,1.48,4.572,2400.0,0.014,PM2.5-1HR
948,BEL_BETR001,2024-11-28,9.56,5.77,88.58,0,2.4,266.06,1026.54,19706.3,1.48,4.572,2400.0,0.017,PM2.5-1HR
948,BEL_BETR012,2024-11-28,7.67,5.56,89.25,0,2.31,266.33,1026.63,4575.74,1.52,4.628,2400.0,0.456,PM2.5-1HR
948,BEL_BETB011,2024-11-29,9.89,3.11,89.71,0,2.43,141.67,1031.05,4782.55,5.4,10.06,2400.0,0.943,PM2.5-1HR
948,BEL_BETREG1,2024-11-29,11.32,3.11,89.71,0,2.43,141.67,1031.05,7125.71,5.4,10.06,2400.0,0.02,PM2.5-1HR
948,BEL_BETMEU1,2024-11-29,12.46,2.82,89.79,0,2.19,144.54,1031.05,2930.9,6.08,11.012,2400.0,0.194,PM2.5-1HR
948,BEL_BETN043,2024-11-29,10.76,3.11,89.71,0,2.43,141.67,1031.05,5260.82,5.4,10.06,2400.0,0.014,PM2.5-1HR
948,BEL_BETR001,2024-11-29,13.69,3.11,89.71,0,2.43,141.67,1031.05,19706.3,5.4,10.06,2400.0,0.017,PM2.5-1HR
948,BEL_BETR012,2024-11-29,6.02,2.8,90.33,0,2.33,138.25,1031.03,4575.74,5.27,9.878,2400.0,0.456,PM2.5-1HR
948,BEL_BETB011,2024-11-30,10.21,4.38,78.04,0,2.74,187.46,1027.73,4782.55,4.75,9.15,2400.0,0.943,PM2.5-1HR
948,BEL_BETREG1,2024-11-30,11.36,4.38,78.04,0,2.74,187.46,1027.73,7125.71,4.75,9.15,2400.0,0.02,PM2.5-1HR
948,BEL_BETMEU1,2024-11-30,11.18,4.42,77.42,0,2.59,187.75,1027.65,2930.9,4.94,9.416,2400.0,0.194,PM2.5-1HR
948,BEL_BETN043,2024-11-30,9.59,4.38,78.04,0,2.74,187.46,1027.73,5260.82,4.75,9.15,2400.0,0.014,PM2.5-1HR
948,BEL_BETR001,2024-11-30,11.55,4.38,78.04,0,2.74,187.46,1027.73,19706.3,4.75,9.15,2400.0,0.017,PM2.5-1HR
948,BEL_BETR012,2024-11-30,9.41,4.29,77.67,0,2.73,186.37,1027.78,4575.74,4.52,8.828,2400.0,0.456,PM2.5-1HR
948,BEL_BETB011,2024-12-01,11.57,5.31,79.33,0,3.87,189.6,1020.78,4782.55,5.53,10.242,2400.0,0.943,PM2.5-1HR
948,BEL_BETMEU1,2024-12-01,11.42,5.55,78,0,3.87,190.59,1020.64,2930.9,5.7,10.48,2400.0,0.194,PM2.5-1HR
948,BEL_BETN043,2024-12-01,9.58,5.31,79.33,0,3.87,189.6,1020.78,5260.82,5.53,10.242,2400.0,0.014,PM2.5-1HR
948,BEL_BETR001,2024-12-01,11.74,5.31,79.33,0,3.87,189.6,1020.78,19706.3,5.53,10.242,2400.0,0.017,PM2.5-1HR
948,BEL_BETR012,2024-12-01,10.34,5.18,79.25,0,3.86,187.69,1020.89,4575.74,5.55,10.27,2400.0,0.456,PM2.5-1HR
948,BEL_BETREG1,2024-12-01,11.73,5.31,79.33,0,3.87,189.6,1020.78,7125.71,5.53,10.242,2400.0,0.02,PM2.5-1HR
948,BEL_BETB011,2024-12-02,6.84,9.13,92.29,0.13,4.74,221.63,1014.01,4782.55,2.08,5.412,2400.0,0.943,PM2.5-1HR
948,BEL_BETMEU1,2024-12-02,7.18,9.22,91.88,0.11,4.76,221.63,1013.84,2930.9,2.18,5.552,2400.0,0.194,PM2.5-1HR
948,BEL_BETN043,2024-12-02,6.08,9.13,92.29,0.13,4.74,221.63,1014.01,5260.82,2.08,5.412,2400.0,0.014,PM2.5-1HR
948,BEL_BETR001,2024-12-02,7.03,9.13,92.29,0.13,4.74,221.63,1014.01,19706.3,2.08,5.412,2400.0,0.017,PM2.5-1HR
948,BEL_BETR012,2024-12-02,5.57,9.05,92.5,0.09,4.77,221.8,1014.17,4575.74,2.12,5.468,2400.0,0.456,PM2.5-1HR
948,BEL_BETREG1,2024-12-02,7.53,9.13,92.29,0.13,4.74,221.63,1014.01,7125.71,2.08,5.412,2400.0,0.02,PM2.5-1HR
948,BEL_BETB011,2024-12-03,5.51,5.94,88.42,0.06,2.53,287.37,1019.98,4782.55,1.84,5.076,2400.0,0.943,PM2.5-1HR
948,BEL_BETMEU1,2024-12-03,4.93,5.84,87.79,0.17,2.45,285.77,1019.91,2930.9,1.86,5.104,2400.0,0.194,PM2.5-1HR
948,BEL_BETN043,2024-12-03,4.3,5.94,88.42,0.06,2.53,287.37,1019.98,5260.82,1.84,5.076,2400.0,0.014,PM2.5-1HR
948,BEL_BETR001,2024-12-03,7.4,5.94,88.42,0.06,2.53,287.37,1019.98,19706.3,1.84,5.076,2400.0,0.017,PM2.5-1HR
948,BEL_BETR012,2024-12-03,5.86,5.75,89.42,0.1,2.49,285.92,1020.05,4575.74,1.82,5.048,2400.0,0.456,PM2.5-1HR
948,BEL_BETREG1,2024-12-03,7.39,5.94,88.42,0.06,2.53,287.37,1019.98,7125.71,1.84,5.076,2400.0,0.02,PM2.5-1HR
948,BEL_BETB011,2024-12-04,13.51,3.92,89.38,0,2.54,220.83,1026.18,4782.55,10.1,16.64,2400.0,0.943,PM2.5-1HR
948,BEL_BETMEU1,2024-12-04,16.28,3.95,88.38,0,2.43,220.67,1026.07,2930.9,10.99,17.886,2400.0,0.194,PM2.5-1HR
948,BEL_BETN043,2024-12-04,20.36,3.92,89.38,0,2.54,220.83,1026.18,5260.82,10.1,16.64,2400.0,0.014,PM2.5-1HR
948,BEL_BETR001,2024-12-04,18.89,3.92,89.38,0,2.54,220.83,1026.18,19706.3,10.1,16.64,2400.0,0.017,PM2.5-1HR
948,BEL_BETR012,2024-12-04,13.28,3.8,89.88,0,2.42,221.96,1026.26,4575.74,10.03,16.542,2400.0,0.456,PM2.5-1HR
948,BEL_BETREG1,2024-12-04,19.08,3.92,89.38,0,2.54,220.83,1026.18,7125.71,10.1,16.64,2400.0,0.02,PM2.5-1HR
948,BEL_BETB011,2024-12-05,7.7,6.9,91.04,0.53,6.27,198.54,1015.2,4782.55,1,3.9,2400.0,0.943,PM2.5-1HR
948,BEL_BETMEU1,2024-12-05,7.87,7.1,90.33,0.55,6.4,199,1014.93,2930.9,1.2,4.18,2400.0,0.194,PM2.5-1HR
948,BEL_BETN043,2024-12-05,9.3,6.9,91.04,0.53,6.27,198.54,1015.2,5260.82,1,3.9,2400.0,0.014,PM2.5-1HR
948,BEL_BETR001,2024-12-05,8.07,6.9,91.04,0.53,6.27,198.54,1015.2,19706.3,1,3.9,2400.0,0.017,PM2.5-1HR
948,BEL_BETR012,2024-12-05,5.51,6.73,91.79,0.59,6.23,197.83,1015.45,4575.74,1.04,3.956,2400.0,0.456,PM2.5-1HR
948,BEL_BETREG1,2024-12-05,8.74,6.9,91.04,0.53,6.27,198.54,1015.2,7125.71,1,3.9,2400.0,0.02,PM2.5-1HR
948,BEL_BETB011,2024-12-06,6.99,7.74,76.54,0.15,5.88,261.51,1012.05,4782.55,1.46,4.544,2400.0,0.943,PM2.5-1HR
948,BEL_BETMEU1,2024-12-06,6.58,7.92,74.83,0.2,5.99,261.34,1011.8,2930.9,1.74,4.936,2400.0,0.194,PM2.5-1HR
948,BEL_BETN043,2024-12-06,7.38,7.74,76.54,0.15,5.88,261.51,1012.05,5260.82,1.46,4.544,2400.0,0.014,PM2.5-1HR
948,BEL_BETR001,2024-12-06,6.84,7.74,76.54,0.15,5.88,261.51,1012.05,19706.3,1.46,4.544,2400.0,0.017,PM2.5-1HR
948,BEL_BETR012,2024-12-06,4.95,7.6,77,0.22,5.78,262.19,1012.25,4575.74,1.24,4.236,2400.0,0.456,PM2.5-1HR
948,BEL_BETREG1,2024-12-06,9.76,7.74,76.54,0.15,5.88,261.51,1012.05,7125.71,1.46,4.544,2400.0,0.02,PM2.5-1HR
948,BEL_BETB011,2024-12-07,3.64,7.9,85,0.26,6.8,212.12,997.46,4782.55,0.15,2.71,2400.0,0.943,PM2.5-1HR
948,BEL_BETMEU1,2024-12-07,4.23,8.03,84.54,0.2,6.86,211.64,997.19,2930.9,0.18,2.752,2400.0,0.194,PM2.5-1HR
948,BEL_BETN043,2024-12-07,3.6,7.9,85,0.26,6.8,212.12,997.46,5260.82,0.15,2.71,2400.0,0.014,PM2.5-1HR
948,BEL_BETR001,2024-12-07,3.78,7.9,85,0.26,6.8,212.12,997.46,19706.3,0.15,2.71,2400.0,0.017,PM2.5-1HR
948,BEL_BETR012,2024-12-07,3.24,7.79,85.54,0.24,6.88,212.77,997.73,4575.74,0.18,2.752,2400.0,0.456,PM2.5-1HR
948,BEL_BETREG1,2024-12-07,4.27,7.9,85,0.26,6.8,212.12,997.46,7125.71,0.15,2.71,2400.0,0.02,PM2.5-1HR
948,BEL_BETB011,2024-12-08,5.2,6.4,91.21,0.15,4.81,7.95,1005.42,4782.55,1.15,4.11,2400.0,0.943,PM2.5-1HR
948,BEL_BETMEU1,2024-12-08,5.06,6.53,90.38,0.13,4.78,9.13,1005.49,2930.9,1.26,4.264,2400.0,0.194,PM2.5-1HR
948,BEL_BETN043,2024-12-08,3.97,6.4,91.21,0.15,4.81,7.95,1005.42,5260.82,1.15,4.11,2400.0,0.014,PM2.5-1HR
948,BEL_BETR001,2024-12-08,5.42,6.4,91.21,0.15,4.81,7.95,1005.42,19706.3,1.15,4.11,2400.0,0.017,PM2.5-1HR
948,BEL_BETR012,2024-12-08,4.55,6.3,91.58,0.18,4.82,6.6,1005.33,4575.74,1.09,4.026,2400.0,0.456,PM2.5-1HR
948,BEL_BETREG1,2024-12-08,5.51,6.4,91.21,0.15,4.81,7.95,1005.42,7125.71,1.15,4.11,2400.0,0.02,PM2.5-1HR
948,BEL_BETB011,2024-12-09,5.57,5.26,86.08,0.04,5.01,34.88,1024.6,4782.55,1.34,4.376,2400.0,0.943,PM2.5-1HR
948,BEL_BETMEU1,2024-12-09,5.52,5.51,84.96,0.04,4.96,33.89,1024.75,2930.9,1.36,4.404,2400.0,0.194,PM2.5-1HR
948,BEL_BETN043,2024-12-09,5.85,5.26,86.08,0.04,5.01,34.88,1024.6,5260.82,1.34,4.376,2400.0,0.014,PM2.5-1HR
948,BEL_BETR001,2024-12-09,6.18,5.26,86.08,0.04,5.01,34.88,1024.6,19706.3,1.34,4.376,2400.0,0.017,PM2.5-1HR
948,BEL_BETR012,2024-12-09,5.39,5.16,86.25,0.04,5.07,34.84,1024.43,4575.74,1.4,4.46,2400.0,0.456,PM2.5-1HR
948,BEL_BETREG1,2024-12-09,6.32,5.26,86.08,0.04,5.01,34.88,1024.6,7125.71,1.34,4.376,2400.0,0.02,PM2.5-1HR
948,BEL_BETB011,2024-12-10,4.59,5,85.79,0,4.33,41.66,1028.97,4782.55,2.79,6.406,2400.0,0.943,PM2.5-1HR
948,BEL_BETMEU1,2024-12-10,4.84,5.2,83.67,0,4.44,42.08,1029.1,2930.9,2.88,6.532,2400.0,0.194,PM2.5-1HR
948,BEL_BETN043,2024-12-10,4.25,5,85.79,0,4.33,41.66,1028.97,5260.82,2.79,6.406,2400.0,0.014,PM2.5-1HR
948,BEL_BETR001,2024-12-10,5.36,5,85.79,0,4.33,41.66,1028.97,19706.3,2.79,6.406,2400.0,0.017,PM2.5-1HR
948,BEL_BETR012,2024-12-10,4.57,4.9,86.46,0,4.24,41.29,1028.82,4575.74,2.83,6.462,2400.0,0.456,PM2.5-1HR
948,BEL_BETREG1,2024-12-10,5.41,5,85.79,0,4.33,41.66,1028.97,7125.71,2.79,6.406,2400.0,0.02,PM2.5-1HR
948,BEL_BETB011,2024-12-11,13.74,3.86,84.96,0,2.65,53.61,1031.23,4782.55,7.02,12.328,2400.0,0.943,PM2.5-1HR
948,BEL_BETMEU1,2024-12-11,14.56,4.08,82.67,0,2.7,52.95,1031.3,2930.9,6.95,12.23,2400.0,0.194,PM2.5-1HR
948,BEL_BETN043,2024-12-11,15.06,3.86,84.96,0,2.65,53.61,1031.23,5260.82,7.02,12.328,2400.0,0.014,PM2.5-1HR
948,BEL_BETR001,2024-12-11,13.73,3.86,84.96,0,2.65,53.61,1031.23,19706.3,7.02,12.328,2400.0,0.017,PM2.5-1HR
948,BEL_BETR012,2024-12-11,13.83,3.74,84.88,0,2.67,53.58,1031.17,4575.74,6.96,12.244,2400.0,0.456,PM2.5-1HR
948,BEL_BETREG1,2024-12-11,17.68,3.86,84.96,0,2.65,53.61,1031.23,7125.71,7.02,12.328,2400.0,0.02,PM2.5-1HR
948,BEL_BETB011,2024-12-12,23.47,2.69,88.21,0,1.34,94.07,1031.6,4782.55,14.45,22.73,2400.0,0.943,PM2.5-1HR
948,BEL_BETREG1,2024-12-12,26.93,2.69,88.21,0,1.34,94.07,1031.6,7125.71,14.45,22.73,2400.0,0.02,PM2.5-1HR
948,BEL_BETMEU1,2024-12-12,22.98,3,87.42,0,1.25,94.85,1031.59,2930.9,14.35,22.59,2400.0,0.194,PM2.5-1HR
948,BEL_BETN043,2024-12-12,22.5,2.69,88.21,0,1.34,94.07,1031.6,5260.82,14.45,22.73,2400.0,0.014,PM2.5-1HR
948,BEL_BETR001,2024-12-12,25.12,2.69,88.21,0,1.34,94.07,1031.6,19706.3,14.45,22.73,2400.0,0.017,PM2.5-1HR
948,BEL_BETR012,2024-12-12,22.06,2.45,86.71,0.01,1.56,89.83,1031.57,4575.74,14.32,22.548,2400.0,0.456,PM2.5-1HR
948,BEL_BETREG1,2024-12-13,23.36,0.6,90.42,0,1.54,123.38,1027.2,7125.71,14.61,22.954,2400.0,0.02,PM2.5-1HR
948,BEL_BETB011,2024-12-13,20.65,0.6,90.42,0,1.54,123.38,1027.2,4782.55,14.61,22.954,2400.0,0.943,PM2.5-1HR
948,BEL_BETMEU1,2024-12-13,20.09,0.7,88,0,1.36,123.83,1027.21,2930.9,15.49,24.186,2400.0,0.194,PM2.5-1HR
948,BEL_BETN043,2024-12-13,20.36,0.6,90.42,0,1.54,123.38,1027.2,5260.82,14.61,22.954,2400.0,0.014,PM2.5-1HR
948,BEL_BETR001,2024-12-13,21.06,0.6,90.42,0,1.54,123.38,1027.2,19706.3,14.61,22.954,2400.0,0.017,PM2.5-1HR
948,BEL_BETR012,2024-12-13,18.27,0.37,90.58,0,1.48,126.6,1027.18,4575.74,14.68,23.052,2400.0,0.456,PM2.5-1HR
948,BEL_BETREG1,2024-12-14,24.99,2.75,90.29,0.05,3.48,232.86,1021.93,7125.71,12.55,20.07,2400.0,0.02,PM2.5-1HR
948,BEL_BETB011,2024-12-14,20.45,2.75,90.29,0.05,3.48,232.86,1021.93,4782.55,12.55,20.07,2400.0,0.943,PM2.5-1HR
948,BEL_BETMEU1,2024-12-14,22.07,3.03,88.29,0.04,3.59,233.24,1021.75,2930.9,12.78,20.392,2400.0,0.194,PM2.5-1HR
948,BEL_BETN043,2024-12-14,22.58,2.75,90.29,0.05,3.48,232.86,1021.93,5260.82,12.55,20.07,2400.0,0.014,PM2.5-1HR
948,BEL_BETR001,2024-12-14,23.29,2.75,90.29,0.05,3.48,232.86,1021.93,19706.3,12.55,20.07,2400.0,0.017,PM2.5-1HR
948,BEL_BETR012,2024-12-14,20.85,2.53,90.54,0.05,3.36,232.3,1022.07,4575.74,12.63,20.182,2400.0,0.456,PM2.5-1HR
948,BEL_BETREG1,2024-12-15,9.38,6.07,94.79,0,4.61,233.53,1027.78,7125.71,4.01,8.114,2400.0,0.02,PM2.5-1HR
948,BEL_BETB011,2024-12-15,7.66,6.07,94.79,0,4.61,233.53,1027.78,4782.55,4.01,8.114,2400.0,0.943,PM2.5-1HR
948,BEL_BETMEU1,2024-12-15,8.28,6.33,93.96,0,4.62,233.99,1027.55,2930.9,4.07,8.198,2400.0,0.194,PM2.5-1HR
948,BEL_BETR001,2024-12-15,10.15,6.07,94.79,0,4.61,233.53,1027.78,19706.3,4.01,8.114,2400.0,0.017,PM2.5-1HR
948,BEL_BETR012,2024-12-15,7.12,5.9,95.29,0,4.6,233.7,1027.98,4575.74,3.68,7.652,2400.0,0.456,PM2.5-1HR
948,BEL_BETREG1,2024-12-16,3.75,10.05,91.08,0.02,4.96,242.29,1031.92,7125.71,0.39,3.046,2400.0,0.02,PM2.5-1HR
948,BEL_BETB011,2024-12-16,3.03,10.05,91.08,0.02,4.96,242.29,1031.92,4782.55,0.39,3.046,2400.0,0.943,PM2.5-1HR
948,BEL_BETMEU1,2024-12-16,2.8,10.28,89.38,0.02,4.98,243.25,1031.72,2930.9,0.38,3.032,2400.0,0.194,PM2.5-1HR
948,BEL_BETN043,2024-12-16,6.97,10.05,91.08,0.02,4.96,242.29,1031.92,5260.82,0.39,3.046,2400.0,0.014,PM2.5-1HR
948,BEL_BETR001,2024-12-16,5.18,10.05,91.08,0.02,4.96,242.29,1031.92,19706.3,0.39,3.046,2400.0,0.017,PM2.5-1HR
948,BEL_BETR012,2024-12-16,2.49,9.9,91.96,0.03,4.96,241.96,1032.11,4575.74,0.45,3.13,2400.0,0.456,PM2.5-1HR
948,BEL_BETREG1,2024-12-17,7.18,7.74,89.96,0,3.67,207.35,1027.89,7125.71,2.04,5.356,2400.0,0.02,PM2.5-1HR
948,BEL_BETB011,2024-12-17,4.89,7.74,89.96,0,3.67,207.35,1027.89,4782.55,2.04,5.356,2400.0,0.943,PM2.5-1HR
948,BEL_BETMEU1,2024-12-17,6.18,7.94,88.92,0,3.67,207.46,1027.76,2930.9,2.06,5.384,2400.0,0.194,PM2.5-1HR
948,BEL_BETN043,2024-12-17,6.44,7.74,89.96,0,3.67,207.35,1027.89,5260.82,2.04,5.356,2400.0,0.014,PM2.5-1HR
948,BEL_BETR001,2024-12-17,7.32,7.74,89.96,0,3.67,207.35,1027.89,19706.3,2.04,5.356,2400.0,0.017,PM2.5-1HR
948,BEL_BETR012,2024-12-17,4.76,7.62,89.92,0.02,3.63,207.19,1027.99,4575.74,2.04,5.356,2400.0,0.456,PM2.5-1HR
948,BEL_BETREG1,2024-12-18,6.71,10.18,81.29,0.03,6.52,210.71,1013.88,7125.71,3.02,6.728,2400.0,0.02,PM2.5-1HR
948,BEL_BETB011,2024-12-18,7.15,10.18,81.29,0.03,6.52,210.71,1013.88,4782.55,3.02,6.728,2400.0,0.943,PM2.5-1HR
948,BEL_BETMEU1,2024-12-18,6.61,10.39,80.25,0.07,6.61,210.83,1013.64,2930.9,3.28,7.092,2400.0,0.194,PM2.5-1HR
948,BEL_BETN043,2024-12-18,6.27,10.18,81.29,0.03,6.52,210.71,1013.88,5260.82,3.02,6.728,2400.0,0.014,PM2.5-1HR
948,BEL_BETR001,2024-12-18,7.7,10.18,81.29,0.03,6.52,210.71,1013.88,19706.3,3.02,6.728,2400.0,0.017,PM2.5-1HR
948,BEL_BETR012,2024-12-18,4.85,10.1,81.08,0,6.54,210.34,1014.13,4575.74,2.8,6.42,2400.0,0.456,PM2.5-1HR
948,BEL_BETB011,2024-12-19,3.81,8.06,85.54,0.49,6.24,263.78,1004.18,4782.55,0.9,3.76,2400.0,0.943,PM2.5-1HR
948,BEL_BETREG1,2024-12-19,4.56,8.06,85.54,0.49,6.24,263.78,1004.18,7125.71,0.9,3.76,2400.0,0.02,PM2.5-1HR
948,BEL_BETMEU1,2024-12-19,4.1,8.19,85.13,0.47,6.42,264.81,1003.98,2930.9,1.05,3.97,2400.0,0.194,PM2.5-1HR
948,BEL_BETN043,2024-12-19,4.7,8.06,85.54,0.49,6.24,263.78,1004.18,5260.82,0.9,3.76,2400.0,0.014,PM2.5-1HR
948,BEL_BETR001,2024-12-19,5.55,8.06,85.54,0.49,6.24,263.78,1004.18,19706.3,0.9,3.76,2400.0,0.017,PM2.5-1HR
948,BEL_BETR012,2024-12-19,2.94,7.91,86.25,0.6,6.15,261.5,1004.37,4575.74,0.86,3.704,2400.0,0.456,PM2.5-1HR
948,BEL_BETB011,2024-12-20,4.88,4.24,87.13,0,4.4,239.64,1019.76,4782.55,3.2,6.98,2400.0,0.943,PM2.5-1HR
948,BEL_BETMEU1,2024-12-20,5.73,4.49,86.29,0,4.42,238.82,1019.55,2930.9,3.27,7.078,2400.0,0.194,PM2.5-1HR
948,BEL_BETN043,2024-12-20,5.95,4.24,87.13,0,4.4,239.64,1019.76,5260.82,3.2,6.98,2400.0,0.014,PM2.5-1HR
948,BEL_BETR001,2024-12-20,6.82,4.24,87.13,0,4.4,239.64,1019.76,19706.3,3.2,6.98,2400.0,0.017,PM2.5-1HR
948,BEL_BETR012,2024-12-20,5.26,4.05,87.58,0,4.3,238.74,1019.95,4575.74,3.39,7.246,2400.0,0.456,PM2.5-1HR
948,BEL_BETREG1,2024-12-20,7.26,4.24,87.13,0,4.4,239.64,1019.76,7125.71,3.2,6.98,2400.0,0.02,PM2.5-1HR
948,BEL_BETB011,2024-12-21,5.16,7.59,91.79,0.18,5.89,226.89,1013.23,4782.55,2.37,5.818,2400.0,0.943,PM2.5-1HR
948,BEL_BETMEU1,2024-12-21,5.19,7.71,91.33,0.16,5.91,226.87,1012.98,2930.9,2.83,6.462,2400.0,0.194,PM2.5-1HR
948,BEL_BETN043,2024-12-21,4.31,7.59,91.79,0.18,5.89,226.89,1013.23,5260.82,2.37,5.818,2400.0,0.014,PM2.5-1HR
948,BEL_BETR001,2024-12-21,9.5,7.59,91.79,0.18,5.89,226.89,1013.23,19706.3,2.37,5.818,2400.0,0.017,PM2.5-1HR
948,BEL_BETR012,2024-12-21,3.68,7.48,92.79,0.2,5.94,227.25,1013.46,4575.74,2.39,5.846,2400.0,0.456,PM2.5-1HR
948,BEL_BETREG1,2024-12-21,6.71,7.59,91.79,0.18,5.89,226.89,1013.23,7125.71,2.37,5.818,2400.0,0.02,PM2.5-1HR
948,BEL_BETB011,2024-12-22,4.38,4.73,81.17,0.27,5.31,260.63,1003.3,4782.55,1.66,4.824,2400.0,0.943,PM2.5-1HR
948,BEL_BETMEU1,2024-12-22,4.53,4.78,81,0.31,5.45,260.27,1003.08,2930.9,1.95,5.23,2400.0,0.194,PM2.5-1HR
948,BEL_BETR001,2024-12-22,8.26,4.73,81.17,0.27,5.31,260.63,1003.3,19706.3,1.66,4.824,2400.0,0.017,PM2.5-1HR
948,BEL_BETR012,2024-12-22,3.61,4.6,81.08,0.21,5.2,259.88,1003.49,4575.74,1.99,5.286,2400.0,0.456,PM2.5-1HR
948,BEL_BETREG1,2024-12-22,7.23,4.73,81.17,0.27,5.31,260.63,1003.3,7125.71,1.66,4.824,2400.0,0.02,PM2.5-1HR
948,BEL_BETB011,2024-12-23,5.42,4.95,86.79,0.33,4.92,298.32,1016.79,4782.55,3.03,6.742,2400.0,0.943,PM2.5-1HR
948,BEL_BETMEU1,2024-12-23,5.76,5.13,86.13,0.59,5,298.29,1016.65,2930.9,3.29,7.106,2400.0,0.194,PM2.5-1HR
948,BEL_BETN043,2024-12-23,8.41,4.95,86.79,0.33,4.92,298.32,1016.79,5260.82,3.03,6.742,2400.0,0.014,PM2.5-1HR
948,BEL_BETR001,2024-12-23,8.56,4.95,86.79,0.33,4.92,298.32,1016.79,19706.3,3.03,6.742,2400.0,0.017,PM2.5-1HR
948,BEL_BETR012,2024-12-23,5.15,4.77,87.71,0.47,4.83,297.63,1016.94,4575.74,3.14,6.896,2400.0,0.456,PM2.5-1HR
948,BEL_BETREG1,2024-12-23,9.69,4.95,86.79,0.33,4.92,298.32,1016.79,7125.71,3.03,6.742,2400.0,0.02,PM2.5-1HR
948,BEL_BETB011,2024-12-24,5.53,4.99,93,0.04,3.21,215.76,1026.67,4782.55,3.94,8.016,2400.0,0.943,PM2.5-1HR
948,BEL_BETMEU1,2024-12-24,7.09,5.09,92.63,0.03,3.16,216.68,1026.53,2930.9,4.35,8.59,2400.0,0.194,PM2.5-1HR
948,BEL_BETN043,2024-12-24,9.59,4.99,93,0.04,3.21,215.76,1026.67,5260.82,3.94,8.016,2400.0,0.014,PM2.5-1HR
948,BEL_BETR001,2024-12-24,10.57,4.99,93,0.04,3.21,215.76,1026.67,19706.3,3.94,8.016,2400.0,0.017,PM2.5-1HR
948,BEL_BETR012,2024-12-24,6.57,4.85,93.46,0.05,3.13,215.02,1026.79,4575.74,3.93,8.002,2400.0,0.456,PM2.5-1HR
948,BEL_BETREG1,2024-12-24,9.26,4.99,93,0.04,3.21,215.76,1026.67,7125.71,3.94,8.016,2400.0,0.02,PM2.5-1HR
948,BEL_BETB011,2024-12-25,5.88,8.35,97,0,2.15,213.82,1033.73,4782.55,4.58,8.912,2400.0,0.943,PM2.5-1HR
948,BEL_BETMEU1,2024-12-25,7.59,8.46,96.71,0,2.08,215.07,1033.65,2930.9,4.73,9.122,2400.0,0.194,PM2.5-1HR
948,BEL_BETN043,2024-12-25,10.25,8.35,97,0,2.15,213.82,1033.73,5260.82,4.58,8.912,2400.0,0.014,PM2.5-1HR
948,BEL_BETR001,2024-12-25,12.53,8.35,97,0,2.15,213.82,1033.73,19706.3,4.58,8.912,2400.0,0.017,PM2.5-1HR
948,BEL_BETR012,2024-12-25,6.25,8.25,97.29,0,2.11,214.3,1033.78,4575.74,4.61,8.954,2400.0,0.456,PM2.5-1HR
948,BEL_BETREG1,2024-12-25,9.98,8.35,97,0,2.15,213.82,1033.73,7125.71,4.58,8.912,2400.0,0.02,PM2.5-1HR
948,BEL_BETB011,2024-12-26,5.01,6.92,95.54,0,1.34,107.81,1036.08,4782.55,1.73,4.922,2400.0,0.943,PM2.5-1HR
948,BEL_BETMEU1,2024-12-26,5.44,7.13,94.54,0,1.25,110.05,1036.08,2930.9,1.95,5.23,2400.0,0.194,PM2.5-1HR
948,BEL_BETN043,2024-12-26,6.51,6.92,95.54,0,1.34,107.81,1036.08,5260.82,1.73,4.922,2400.0,0.014,PM2.5-1HR
948,BEL_BETR001,2024-12-26,8.62,6.92,95.54,0,1.34,107.81,1036.08,19706.3,1.73,4.922,2400.0,0.017,PM2.5-1HR
948,BEL_BETR012,2024-12-26,3.18,6.78,95.75,0,1.33,105.15,1036.07,4575.74,1.54,4.656,2400.0,0.456,PM2.5-1HR
948,BEL_BETREG1,2024-12-26,5.99,6.92,95.54,0,1.34,107.81,1036.08,7125.71,1.73,4.922,2400.0,0.02,PM2.5-1HR
948,BEL_BETB011,2024-12-27,7.89,2.89,95.25,0,0.74,106.3,1033.98,4782.55,3.51,7.414,2400.0,0.943,PM2.5-1HR
948,BEL_BETMEU1,2024-12-27,10.11,3.15,94.21,0,0.69,112.63,1033.97,2930.9,3.84,7.876,2400.0,0.194,PM2.5-1HR
948,BEL_BETN043,2024-12-27,13.48,2.89,95.25,0,0.74,106.3,1033.98,5260.82,3.51,7.414,2400.0,0.014,PM2.5-1HR
948,BEL_BETR001,2024-12-27,13.57,2.89,95.25,0,0.74,106.3,1033.98,19706.3,3.51,7.414,2400.0,0.017,PM2.5-1HR
948,BEL_BETR012,2024-12-27,8.04,2.61,95.17,0,0.8,94.92,1033.97,4575.74,3.66,7.624,2400.0,0.456,PM2.5-1HR
948,BEL_BETREG1,2024-12-27,15.61,2.89,95.25,0,0.74,106.3,1033.98,7125.71,3.51,7.414,2400.0,0.02,PM2.5-1HR
948,BEL_BETB011,2024-12-28,22.37,0.72,94.75,0,1.6,185.08,1030.56,4782.55,10.21,16.794,2400.0,0.943,PM2.5-1HR
948,BEL_BETMEU1,2024-12-28,21.99,1.09,93.25,0,1.62,189.04,1030.53,2930.9,10.89,17.746,2400.0,0.194,PM2.5-1HR
948,BEL_BETN043,2024-12-28,24.74,0.72,94.75,0,1.6,185.08,1030.56,5260.82,10.21,16.794,2400.0,0.014,PM2.5-1HR
948,BEL_BETR001,2024-12-28,24.56,0.72,94.75,0,1.6,185.08,1030.56,19706.3,10.21,16.794,2400.0,0.017,PM2.5-1HR
948,BEL_BETR012,2024-12-28,19.04,0.42,94.5,0,1.58,183.91,1030.54,4575.74,10.9,17.76,2400.0,0.456,PM2.5-1HR
948,BEL_BETREG1,2024-12-28,27.53,0.72,94.75,0,1.6,185.08,1030.56,7125.71,10.21,16.794,2400.0,0.02,PM2.5-1HR
948,BEL_BETB011,2024-12-29,16.25,1.56,92.79,0,2.73,213.72,1030.73,4782.55,10.32,16.948,2400.0,0.943,PM2.5-1HR
948,BEL_BETMEU1,2024-12-29,16.24,1.9,91.13,0,2.88,213.19,1030.6,2930.9,11.08,18.012,2400.0,0.194,PM2.5-1HR
948,BEL_BETN043,2024-12-29,18.77,1.56,92.79,0,2.73,213.72,1030.73,5260.82,10.32,16.948,2400.0,0.014,PM2.5-1HR
948,BEL_BETR001,2024-12-29,17.64,1.56,92.79,0,2.73,213.72,1030.73,19706.3,10.32,16.948,2400.0,0.017,PM2.5-1HR
948,BEL_BETR012,2024-12-29,14.42,1.42,92.92,0,2.68,213.71,1030.83,4575.74,10.24,16.836,2400.0,0.456,PM2.5-1HR
948,BEL_BETREG1,2024-12-29,20.13,1.56,92.79,0,2.73,213.72,1030.73,7125.71,10.32,16.948,2400.0,0.02,PM2.5-1HR
948,BEL_BETB011,2024-12-30,7.85,4.13,92.92,0,3.87,209.13,1030.39,4782.55,6.35,11.39,2400.0,0.943,PM2.5-1HR
948,BEL_BETMEU1,2024-12-30,8.74,4.53,91.17,0,3.96,209.79,1030.21,2930.9,6.75,11.95,2400.0,0.194,PM2.5-1HR
948,BEL_BETN043,2024-12-30,10.93,4.13,92.92,0,3.87,209.13,1030.39,5260.82,6.35,11.39,2400.0,0.014,PM2.5-1HR
948,BEL_BETR001,2024-12-30,11.05,4.13,92.92,0,3.87,209.13,1030.39,19706.3,6.35,11.39,2400.0,0.017,PM2.5-1HR
948,BEL_BETR012,2024-12-30,6.98,3.84,93.46,0,3.74,206.5,1030.58,4575.74,6.22,11.208,2400.0,0.456,PM2.5-1HR
948,BEL_BETREG1,2024-12-30,10.33,4.13,92.92,0,3.87,209.13,1030.39,7125.71,6.35,11.39,2400.0,0.02,PM2.5-1HR
948,BEL_BETB011,2024-12-31,6.89,3.02,88.79,0,4.94,206.83,1026.52,4782.55,4.1,8.24,2400.0,0.943,PM2.5-1HR
948,BEL_BETMEU1,2024-12-31,7.61,3.36,86.88,0,5.12,206.46,1026.27,2930.9,4.7,9.08,2400.0,0.194,PM2.5-1HR
948,BEL_BETN043,2024-12-31,9.65,3.02,88.79,0,4.94,206.83,1026.52,5260.82,4.1,8.24,2400.0,0.014,PM2.5-1HR
948,BEL_BETR001,2024-12-31,8.62,3.02,88.79,0,4.94,206.83,1026.52,19706.3,4.1,8.24,2400.0,0.017,PM2.5-1HR
948,BEL_BETR012,2024-12-31,5.38,2.83,89.17,0,4.88,205.82,1026.75,4575.74,4.24,8.436,2400.0,0.456,PM2.5-1HR
948,BEL_BETREG1,2024-12-31,9.41,3.02,88.79,0,4.94,206.83,1026.52,7125.71,4.1,8.24,2400.0,0.02,PM2.5-1HR
948,BEL_BETB011,2025-01-01,6.09,6.77,85.79,0.37,7.91,221.3,1014.3,4791.88,1.6,4.74,2400.0,0.943,PM2.5-1HR
948,BEL_BETMEU1,2025-01-01,7.52,7.02,84.58,0.4,7.98,222.03,1013.96,2936.26,1.7,4.88,2400.0,0.194,PM2.5-1HR
948,BEL_BETN043,2025-01-01,5.99,6.77,85.79,0.37,7.91,221.3,1014.3,5270.67,1.6,4.74,2400.0,0.014,PM2.5-1HR
948,BEL_BETR001,2025-01-01,6.87,6.77,85.79,0.37,7.91,221.3,1014.3,19743.56,1.6,4.74,2400.0,0.017,PM2.5-1HR
948,BEL_BETR012,2025-01-01,6.11,6.64,86.17,0.33,7.94,220.25,1014.63,4584.58,1.46,4.544,2400.0,0.456,PM2.5-1HR
948,BEL_BETREG1,2025-01-01,6.98,6.77,85.79,0.37,7.91,221.3,1014.3,7139.32,1.6,4.74,2400.0,0.02,PM2.5-1HR
948,BEL_BETB011,2025-01-02,5.13,2.99,92.71,0.42,2.92,272.07,1014.99,4791.88,1.38,4.432,2400.0,0.943,PM2.5-1HR
948,BEL_BETMEU1,2025-01-02,5.36,3.15,92.5,0.38,2.9,271.9,1014.89,2936.26,1.43,4.502,2400.0,0.194,PM2.5-1HR
948,BEL_BETN043,2025-01-02,3.9,2.99,92.71,0.42,2.92,272.07,1014.99,5270.67,1.38,4.432,2400.0,0.014,PM2.5-1HR
948,BEL_BETR001,2025-01-02,5.44,2.99,92.71,0.42,2.92,272.07,1014.99,19743.56,1.38,4.432,2400.0,0.017,PM2.5-1HR
948,BEL_BETR012,2025-01-02,4.97,2.67,93.67,0.5,2.86,269.09,1015.09,4584.58,1.28,4.292,2400.0,0.456,PM2.5-1HR
948,BEL_BETREG1,2025-01-02,5.76,2.99,92.71,0.42,2.92,272.07,1014.99,7139.32,1.38,4.432,2400.0,0.02,PM2.5-1HR
948,BEL_BETB011,2025-01-03,7.07,0.71,90.17,0,3.64,247.05,1021.67,4791.88,5.37,10.018,2400.0,0.943,PM2.5-1HR
948,BEL_BETMEU1,2025-01-03,7.87,0.87,90.04,0,3.64,245.22,1021.46,2936.26,5.37,10.018,2400.0,0.194,PM2.5-1HR
948,BEL_BETN043,2025-01-03,6.68,0.71,90.17,0,3.64,247.05,1021.67,5270.67,5.37,10.018,2400.0,0.014,PM2.5-1HR
948,BEL_BETR001,2025-01-03,7.86,0.71,90.17,0,3.64,247.05,1021.67,19743.56,5.37,10.018,2400.0,0.017,PM2.5-1HR
948,BEL_BETR012,2025-01-03,7.32,0.49,90.17,0,3.59,246.28,1021.83,4584.58,5.39,10.046,2400.0,0.456,PM2.5-1HR
948,BEL_BETREG1,2025-01-03,8.19,0.71,90.17,0,3.64,247.05,1021.67,7139.32,5.37,10.018,2400.0,0.02,PM2.5-1HR
948,BEL_BETB011,2025-01-04,11.89,0.98,88.92,0,2.64,185.48,1018.72,4791.88,8.54,14.456,2400.0,0.943,PM2.5-1HR
948,BEL_BETMEU1,2025-01-04,12.61,1,88.75,0,2.58,186.85,1018.66,2936.26,8.75,14.75,2400.0,0.194,PM2.5-1HR
948,BEL_BETN043,2025-01-04,10.17,0.98,88.92,0,2.64,185.48,1018.72,5270.67,8.54,14.456,2400.0,0.014,PM2.5-1HR
948,BEL_BETR001,2025-01-04,12.33,0.98,88.92,0,2.64,185.48,1018.72,19743.56,8.54,14.456,2400.0,0.017,PM2.5-1HR
948,BEL_BETR012,2025-01-04,11.92,0.9,88.46,0,2.58,183.52,1018.78,4584.58,8.62,14.568,2400.0,0.456,PM2.5-1HR
948,BEL_BETREG1,2025-01-04,11.89,0.98,88.92,0,2.64,185.48,1018.72,7139.32,8.54,14.456,2400.0,0.02,PM2.5-1HR
948,BEL_BETB011,2025-01-05,5.25,7.19,90.71,1.08,6.14,183.84,996.24,4791.88,1.24,4.236,2400.0,0.943,PM2.5-1HR
948,BEL_BETMEU1,2025-01-05,5.89,7.15,90.54,0.91,6.14,182.27,996.1,2936.26,1.29,4.306,2400.0,0.194,PM2.5-1HR
948,BEL_BETR001,2025-01-05,5.51,7.19,90.71,1.08,6.14,183.84,996.24,19743.56,1.24,4.236,2400.0,0.017,PM2.5-1HR
948,BEL_BETR012,2025-01-05,4.79,7.18,91.46,0.93,6.16,186.62,996.38,4584.58,1.22,4.208,2400.0,0.456,PM2.5-1HR
948,BEL_BETREG1,2025-01-05,5.56,7.19,90.71,1.08,6.14,183.84,996.24,7139.32,1.24,4.236,2400.0,0.02,PM2.5-1HR
948,BEL_BETB011,2025-01-06,2.84,8.86,81.25,0.17,7.9,210.83,987.51,4791.88,1.67,4.838,2400.0,0.943,PM2.5-1HR
948,BEL_BETMEU1,2025-01-06,3.08,9.05,79.75,0.14,8,211.17,987.22,2936.26,1.71,4.894,2400.0,0.194,PM2.5-1HR
948,BEL_BETN043,2025-01-06,3,8.86,81.25,0.17,7.9,210.83,987.51,5270.67,1.67,4.838,2400.0,0.014,PM2.5-1HR
948,BEL_BETR001,2025-01-06,3.02,8.86,81.25,0.17,7.9,210.83,987.51,19743.56,1.67,4.838,2400.0,0.017,PM2.5-1HR
948,BEL_BETR012,2025-01-06,2.65,8.73,81.92,0.21,7.9,210.87,987.78,4584.58,1.7,4.88,2400.0,0.456,PM2.5-1HR
948,BEL_BETREG1,2025-01-06,3.19,8.86,81.25,0.17,7.9,210.83,987.51,7139.32,1.67,4.838,2400.0,0.02,PM2.5-1HR
948,BEL_BETB011,2025-01-07,1.93,2.9,88.38,0.27,5.36,227.38,999.5,4791.88,0.5,3.2,2400.0,0.943,PM2.5-1HR
948,BEL_BETMEU1,2025-01-07,2.34,2.96,88.04,0.33,5.27,226.66,999.31,2936.26,0.55,3.27,2400.0,0.194,PM2.5-1HR
948,BEL_BETN043,2025-01-07,2.44,2.9,88.38,0.27,5.36,227.38,999.5,5270.67,0.5,3.2,2400.0,0.014,PM2.5-1HR
948,BEL_BETR001,2025-01-07,2.03,2.9,88.38,0.27,5.36,227.38,999.5,19743.56,0.5,3.2,2400.0,0.017,PM2.5-1HR
948,BEL_BETR012,2025-01-07,1.59,2.85,89.08,0.34,5.39,228.46,999.68,4584.58,0.52,3.228,2400.0,0.456,PM2.5-1HR
948,BEL_BETREG1,2025-01-07,2.49,2.9,88.38,0.27,5.36,227.38,999.5,7139.32,0.5,3.2,2400.0,0.02,PM2.5-1HR
948,BEL_BETB011,2025-01-08,5.43,1.33,94.25,0.46,3.38,184.7,1002.51,4791.88,2.27,5.678,2400.0,0.943,PM2.5-1HR
948,BEL_BETMEU1,2025-01-08,5.9,1.5,93.25,0.43,3.34,188.07,1002.48,2936.26,2.41,5.874,2400.0,0.194,PM2.5-1HR
948,BEL_BETN043,2025-01-08,4.68,1.33,94.25,0.46,3.38,184.7,1002.51,5270.67,2.27,5.678,2400.0,0.014,PM2.5-1HR
948,BEL_BETR001,2025-01-08,6.13,1.33,94.25,0.46,3.38,184.7,1002.51,19743.56,2.27,5.678,2400.0,0.017,PM2.5-1HR
948,BEL_BETR012,2025-01-08,4.86,1.25,94.83,0.47,3.37,182.04,1002.52,4584.58,2.23,5.622,2400.0,0.456,PM2.5-1HR
948,BEL_BETREG1,2025-01-08,5.87,1.33,94.25,0.46,3.38,184.7,1002.51,7139.32,2.27,5.678,2400.0,0.02,PM2.5-1HR
948,BEL_BETB011,2025-01-09,7.96,0.32,93.42,0.54,3.88,331.22,1004.2,4791.88,2.51,6.014,2400.0,0.943,PM2.5-1HR
948,BEL_BETMEU1,2025-01-09,8.5,0.39,93.29,0.44,3.82,327.18,1004.17,2936.26,2.61,6.154,2400.0,0.194,PM2.5-1HR
948,BEL_BETN043,2025-01-09,7.9,0.32,93.42,0.54,3.88,331.22,1004.2,5270.67,2.51,6.014,2400.0,0.014,PM2.5-1HR
948,BEL_BETR001,2025-01-09,8.49,0.32,93.42,0.54,3.88,331.22,1004.2,19743.56,2.51,6.014,2400.0,0.017,PM2.5-1HR
948,BEL_BETR012,2025-01-09,7.36,0.17,93.79,0.58,3.86,334.21,1004.21,4584.58,2.51,6.014,2400.0,0.456,PM2.5-1HR
948,BEL_BETREG1,2025-01-09,9.13,0.32,93.42,0.54,3.88,331.22,1004.2,7139.32,2.51,6.014,2400.0,0.02,PM2.5-1HR
948,BEL_BETB011,2025-01-10,14.32,-1.34,93.17,0,2.99,233.34,1019.44,4791.88,9.41,15.674,2400.0,0.943,PM2.5-1HR
948,BEL_BETMEU1,2025-01-10,15.13,-1.2,93.04,0,2.82,231.26,1019.31,2936.26,9.64,15.996,2400.0,0.194,PM2.5-1HR
948,BEL_BETN043,2025-01-10,12.67,-1.34,93.17,0,2.99,233.34,1019.44,5270.67,9.41,15.674,2400.0,0.014,PM2.5-1HR
948,BEL_BETR001,2025-01-10,16.02,-1.34,93.17,0,2.99,233.34,1019.44,19743.56,9.41,15.674,2400.0,0.017,PM2.5-1HR
948,BEL_BETR012,2025-01-10,13.91,-1.87,94.08,0,2.67,233.66,1019.55,4584.58,9.32,15.548,2400.0,0.456,PM2.5-1HR
948,BEL_BETREG1,2025-01-10,15.08,-1.34,93.17,0,2.99,233.34,1019.44,7139.32,9.41,15.674,2400.0,0.02,PM2.5-1HR
948,BEL_BETB011,2025-01-11,20.14,-1.95,97.63,0,2.06,243.79,1028.08,4791.88,16.8,26.02,2400.0,0.943,PM2.5-1HR
948,BEL_BETMEU1,2025-01-11,25.45,-1.65,97.46,0.01,2.03,243.66,1027.98,2936.26,17.38,26.832,2400.0,0.194,PM2.5-1HR
948,BEL_BETN043,2025-01-11,21.32,-1.95,97.63,0,2.06,243.79,1028.08,5270.67,16.8,26.02,2400.0,0.014,PM2.5-1HR
948,BEL_BETR001,2025-01-11,23.04,-1.95,97.63,0,2.06,243.79,1028.08,19743.56,16.8,26.02,2400.0,0.017,PM2.5-1HR
948,BEL_BETR012,2025-01-11,18.97,-2.19,98.04,0,1.98,244.42,1028.16,4584.58,16.2,25.18,2400.0,0.456,PM2.5-1HR
948,BEL_BETREG1,2025-01-11,23.57,-1.95,97.63,0,2.06,243.79,1028.08,7139.32,16.8,26.02,2400.0,0.02,PM2.5-1HR
948,BEL_BETB011,2025-01-12,31.78,0.4,93.96,0,1.05,273.64,1038.93,4791.88,20.92,31.788,2400.0,0.943,PM2.5-1HR
948,BEL_BETMEU1,2025-01-12,31.23,0.79,93.08,0,1.07,278.2,1038.91,2936.26,21.14,32.096,2400.0,0.194,PM2.5-1HR
948,BEL_BETN043,2025-01-12,24.21,0.4,93.96,0,1.05,273.64,1038.93,5270.67,20.92,31.788,2400.0,0.014,PM2.5-1HR
948,BEL_BETR001,2025-01-12,32.34,0.4,93.96,0,1.05,273.64,1038.93,19743.56,20.92,31.788,2400.0,0.017,PM2.5-1HR
948,BEL_BETR012,2025-01-12,33.94,0,95.25,0,0.91,267.96,1038.98,4584.58,20.91,31.774,2400.0,0.456,PM2.5-1HR
948,BEL_BETREG1,2025-01-12,30.01,0.4,93.96,0,1.05,273.64,1038.93,7139.32,20.92,31.788,2400.0,0.02,PM2.5-1HR
948,BEL_BETB011,2025-01-13,19.82,-1.6,85.25,0,1.13,143.6,1041.45,4791.88,7.7,13.28,2400.0,0.943,PM2.5-1HR
948,BEL_BETMEU1,2025-01-13,21.36,-0.68,83.33,0,1.17,155.7,1041.43,2936.26,7.93,13.602,2400.0,0.194,PM2.5-1HR
948,BEL_BETN043,2025-01-13,17.7,-1.6,85.25,0,1.13,143.6,1041.45,5270.67,7.7,13.28,2400.0,0.014,PM2.5-1HR
948,BEL_BETR001,2025-01-13,23.29,-1.6,85.25,0,1.13,143.6,1041.45,19743.56,7.7,13.28,2400.0,0.017,PM2.5-1HR
948,BEL_BETR012,2025-01-13,18.12,-2,84.92,0,1.15,138.74,1041.44,4584.58,7.4,12.86,2400.0,0.456,PM2.5-1HR
948,BEL_BETREG1,2025-01-13,16.7,-1.6,85.25,0,1.13,143.6,1041.45,7139.32,7.7,13.28,2400.0,0.02,PM2.5-1HR
948,BEL_BETB011,2025-01-14,21.58,-0.84,78.83,0,2.64,221.25,1036.24,4791.88,13.27,21.078,2400.0,0.943,PM2.5-1HR
948,BEL_BETMEU1,2025-01-14,22.11,-0.29,77.42,0,2.59,222.96,1036.13,2936.26,13.62,21.568,2400.0,0.194,PM2.5-1HR
948,BEL_BETN043,2025-01-14,18.29,-0.84,78.83,0,2.64,221.25,1036.24,5270.67,13.27,21.078,2400.0,0.014,PM2.5-1HR
948,BEL_BETR001,2025-01-14,22.57,-0.84,78.83,0,2.64,221.25,1036.24,19743.56,13.27,21.078,2400.0,0.017,PM2.5-1HR
948,BEL_BETR012,2025-01-14,18.25,-1.32,79.67,0,2.5,219.46,1036.33,4584.58,13.04,20.756,2400.0,0.456,PM2.5-1HR
948,BEL_BETREG1,2025-01-14,19.61,-0.84,78.83,0,2.64,221.25,1036.24,7139.32,13.27,21.078,2400.0,0.02,PM2.5-1HR
948,BEL_BETB011,2025-01-15,27.32,3.02,98.54,0.01,1.36,236.64,1034.3,4791.88,24.79,37.206,2400.0,0.943,PM2.5-1HR
948,BEL_BETMEU1,2025-01-15,39.84,3.67,98.33,0.01,1.15,239.64,1034.24,2936.26,26.31,39.334,2400.0,0.194,PM2.5-1HR
948,BEL_BETN043,2025-01-15,32.27,3.02,98.54,0.01,1.36,236.64,1034.3,5270.67,24.79,37.206,2400.0,0.014,PM2.5-1HR
948,BEL_BETR001,2025-01-15,34,3.02,98.54,0.01,1.36,236.64,1034.3,19743.56,24.79,37.206,2400.0,0.017,PM2.5-1HR
948,BEL_BETR012,2025-01-15,24.36,2.6,99.25,0.01,1.27,235.41,1034.36,4584.58,23.2,34.98,2400.0,0.456,PM2.5-1HR
948,BEL_BETREG1,2025-01-15,34.99,3.02,98.54,0.01,1.36,236.64,1034.3,7139.32,24.79,37.206,2400.0,0.02,PM2.5-1HR
948,BEL_BETB011,2025-01-16,14.53,2.26,95.13,0,1.41,131.93,1036.3,4791.88,7.24,12.636,2400.0,0.943,PM2.5-1HR
948,BEL_BETMEU1,2025-01-16,15.36,2.45,94.33,0,1.18,131.18,1036.33,2936.26,7.58,13.112,2400.0,0.194,PM2.5-1HR
948,BEL_BETN043,2025-01-16,11.81,2.26,95.13,0,1.41,131.93,1036.3,5270.67,7.24,12.636,2400.0,0.014,PM2.5-1HR
948,BEL_BETR001,2025-01-16,14.55,2.26,95.13,0,1.41,131.93,1036.3,19743.56,7.24,12.636,2400.0,0.017,PM2.5-1HR
948,BEL_BETR012,2025-01-16,12.99,1.37,96.17,0,1.36,133.64,1036.28,4584.58,7.1,12.44,2400.0,0.456,PM2.5-1HR
948,BEL_BETREG1,2025-01-16,14.25,2.26,95.13,0,1.41,131.93,1036.3,7139.32,7.24,12.636,2400.0,0.02,PM2.5-1HR
948,BEL_BETB011,2025-01-17,18.36,-0.69,97.75,0,0.89,105.39,1037.31,4791.88,11.86,19.104,2400.0,0.943,PM2.5-1HR
948,BEL_BETMEU1,2025-01-17,18.71,-0.42,98.25,0,0.88,104.43,1037.32,2936.26,12.67,20.238,2400.0,0.194,PM2.5-1HR
948,BEL_BETN043,2025-01-17,15.14,-0.69,97.75,0,0.89,105.39,1037.31,5270.67,11.86,19.104,2400.0,0.014,PM2.5-1HR
948,BEL_BETR001,2025-01-17,18.84,-0.69,97.75,0,0.89,105.39,1037.31,19743.56,11.86,19.104,2400.0,0.017,PM2.5-1HR
948,BEL_BETR012,2025-01-17,13.63,-1.06,97.96,0,1.01,103.62,1037.3,4584.58,11.61,18.754,2400.0,0.456,PM2.5-1HR
948,BEL_BETREG1,2025-01-17,18.6,-0.69,97.75,0,0.89,105.39,1037.31,7139.32,11.86,19.104,2400.0,0.02,PM2.5-1HR
948,BEL_BETB011,2025-01-18,15.61,-1.19,94.58,0,1.56,96.67,1031.53,4791.88,8.54,14.456,2400.0,0.943,PM2.5-1HR
948,BEL_BETMEU1,2025-01-18,16.6,-1.12,94.38,0,1.48,97.68,1031.55,2936.26,8.93,15.002,2400.0,0.194,PM2.5-1HR
948,BEL_BETN043,2025-01-18,13.09,-1.19,94.58,0,1.56,96.67,1031.53,5270.67,8.54,14.456,2400.0,0.014,PM2.5-1HR
948,BEL_BETR001,2025-01-18,15.79,-1.19,94.58,0,1.56,96.67,1031.53,19743.56,8.54,14.456,2400.0,0.017,PM2.5-1HR
948,BEL_BETR012,2025-01-18,14.24,-1.54,94.42,0,1.57,91.39,1031.5,4584.58,8.12,13.868,2400.0,0.456,PM2.5-1HR
948,BEL_BETREG1,2025-01-18,15.85,-1.19,94.58,0,1.56,96.67,1031.53,7139.32,8.54,14.456,2400.0,0.02,PM2.5-1HR
948,BEL_BETREG1,2025-01-19,31.44,-1.83,95.29,0,0.91,113.35,1023.81,7139.32,23.6,35.54,2400.0,0.02,PM2.5-1HR
948,BEL_BETB011,2025-01-19,28.24,-1.83,95.29,0,0.91,113.35,1023.81,4791.88,23.6,35.54,2400.0,0.943,PM2.5-1HR
948,BEL_BETMEU1,2025-01-19,32.36,-1.45,94.46,0,0.8,112.23,1023.8,2936.26,23.55,35.47,2400.0,0.194,PM2.5-1HR
948,BEL_BETN043,2025-01-19,25.34,-1.83,95.29,0,0.91,113.35,1023.81,5270.67,23.6,35.54,2400.0,0.014,PM2.5-1HR
948,BEL_BETR001,2025-01-19,29.79,-1.83,95.29,0,0.91,113.35,1023.81,19743.56,23.6,35.54,2400.0,0.017,PM2.5-1HR
948,BEL_BETR012,2025-01-19,27.73,-2.35,94.08,0,0.9,112.63,1023.8,4584.58,23.65,35.61,2400.0,0.456,PM2.5-1HR
948,BEL_BETREG1,2025-01-20,28.53,-1.07,89.67,0.03,1.27,205.5,1020.37,7139.32,21.42,32.488,2400.0,0.02,PM2.5-1HR
948,BEL_BETB011,2025-01-20,26.32,-1.07,89.67,0.03,1.27,205.5,1020.37,4791.88,21.42,32.488,2400.0,0.943,PM2.5-1HR
948,BEL_BETMEU1,2025-01-20,28.22,-0.97,88.71,0.02,1.21,205.8,1020.32,2936.26,21.38,32.432,2400.0,0.194,PM2.5-1HR
948,BEL_BETN043,2025-01-20,22.39,-1.07,89.67,0.03,1.27,205.5,1020.37,5270.67,21.42,32.488,2400.0,0.014,PM2.5-1HR
948,BEL_BETR001,2025-01-20,27.74,-1.07,89.67,0.03,1.27,205.5,1020.37,19743.56,21.42,32.488,2400.0,0.017,PM2.5-1HR
948,BEL_BETR012,2025-01-20,27.18,-1.36,89.29,0.03,1.21,205.05,1020.38,4584.58,21.12,32.068,2400.0,0.456,PM2.5-1HR
948,BEL_BETREG1,2025-01-21,29.23,-0.19,92.25,0,2.05,179.39,1016.5,7139.32,23.57,35.498,2400.0,0.02,PM2.5-1HR
948,BEL_BETB011,2025-01-21,29.52,-0.19,92.25,0,2.05,179.39,1016.5,4791.88,23.57,35.498,2400.0,0.943,PM2.5-1HR
948,BEL_BETMEU1,2025-01-21,31.8,-0.59,92.67,0,1.87,176.45,1016.5,2936.26,23.91,35.974,2400.0,0.194,PM2.5-1HR
948,BEL_BETN043,2025-01-21,25.84,-0.19,92.25,0,2.05,179.39,1016.5,5270.67,23.57,35.498,2400.0,0.014,PM2.5-1HR
948,BEL_BETR001,2025-01-21,31.11,-0.19,92.25,0,2.05,179.39,1016.5,19743.56,23.57,35.498,2400.0,0.017,PM2.5-1HR
948,BEL_BETR012,2025-01-21,24.6,-0.11,92.13,0,1.98,182.4,1016.48,4584.58,23.01,34.714,2400.0,0.456,PM2.5-1HR
948,BEL_BETREG1,2025-01-22,15.15,3.62,91.42,0.42,3.28,194.78,1004.81,7139.32,9.31,15.534,2400.0,0.02,PM2.5-1HR
948,BEL_BETB011,2025-01-22,14.88,3.62,91.42,0.42,3.28,194.78,1004.81,4791.88,9.31,15.534,2400.0,0.943,PM2.5-1HR
948,BEL_BETMEU1,2025-01-22,15.97,3.45,91.96,0.4,2.84,195.42,1004.8,2936.26,9.41,15.674,2400.0,0.194,PM2.5-1HR
948,BEL_BETN043,2025-01-22,13.45,3.62,91.42,0.42,3.28,194.78,1004.81,5270.67,9.31,15.534,2400.0,0.014,PM2.5-1HR
948,BEL_BETR001,2025-01-22,15.18,3.62,91.42,0.42,3.28,194.78,1004.81,19743.56,9.31,15.534,2400.0,0.017,PM2.5-1HR
948,BEL_BETR012,2025-01-22,13.34,3.36,91.67,0.47,3.24,191.3,1004.82,4584.58,9.4,15.66,2400.0,0.456,PM2.5-1HR
948,BEL_BETREG1,2025-01-23,13.95,4.77,89.46,0.23,4.97,237.61,1005.42,7139.32,5.7,10.48,2400.0,0.02,PM2.5-1HR
948,BEL_BETB011,2025-01-23,13.03,4.77,89.46,0.23,4.97,237.61,1005.42,4791.88,5.7,10.48,2400.0,0.943,PM2.5-1HR
948,BEL_BETMEU1,2025-01-23,13.73,4.93,88.29,0.18,5.02,237.35,1005.23,2936.26,5.8,10.62,2400.0,0.194,PM2.5-1HR
948,BEL_BETN043,2025-01-23,8.28,4.77,89.46,0.23,4.97,237.61,1005.42,5270.67,5.7,10.48,2400.0,0.014,PM2.5-1HR
948,BEL_BETR001,2025-01-23,13.27,4.77,89.46,0.23,4.97,237.61,1005.42,19743.56,5.7,10.48,2400.0,0.017,PM2.5-1HR
948,BEL_BETR012,2025-01-23,12.02,4.58,89.88,0.36,4.93,237.25,1005.58,4584.58,5.56,10.284,2400.0,0.456,PM2.5-1HR
948,BEL_BETREG1,2025-01-24,4.32,7.38,90.92,0.46,5.82,210.45,1003.5,7139.32,2.34,5.776,2400.0,0.02,PM2.5-1HR
948,BEL_BETB011,2025-01-24,3.53,7.38,90.92,0.46,5.82,210.45,1003.5,4791.88,2.34,5.776,2400.0,0.943,PM2.5-1HR
948,BEL_BETMEU1,2025-01-24,4,7.47,90.58,0.41,5.83,210.03,1003.32,2936.26,2.46,5.944,2400.0,0.194,PM2.5-1HR
948,BEL_BETN043,2025-01-24,3.55,7.38,90.92,0.46,5.82,210.45,1003.5,5270.67,2.34,5.776,2400.0,0.014,PM2.5-1HR
948,BEL_BETR001,2025-01-24,4.03,7.38,90.92,0.46,5.82,210.45,1003.5,19743.56,2.34,5.776,2400.0,0.017,PM2.5-1HR
948,BEL_BETR012,2025-01-24,3.35,7.24,92.13,0.48,5.73,210.82,1003.68,4584.58,2.32,5.748,2400.0,0.456,PM2.5-1HR
948,BEL_BETREG1,2025-01-25,6.44,7.05,93.21,0.79,2.99,253.01,1004.25,7139.32,1.68,4.852,2400.0,0.02,PM2.5-1HR
948,BEL_BETB011,2025-01-25,5.75,7.05,93.21,0.79,2.99,253.01,1004.25,4791.88,1.68,4.852,2400.0,0.943,PM2.5-1HR
948,BEL_BETMEU1,2025-01-25,6.02,6.95,92.46,0.75,2.72,256.32,1004.22,2936.26,1.83,5.062,2400.0,0.194,PM2.5-1HR
948,BEL_BETN043,2025-01-25,4.73,7.05,93.21,0.79,2.99,253.01,1004.25,5270.67,1.68,4.852,2400.0,0.014,PM2.5-1HR
948,BEL_BETR001,2025-01-25,6.19,7.05,93.21,0.79,2.99,253.01,1004.25,19743.56,1.68,4.852,2400.0,0.017,PM2.5-1HR
948,BEL_BETR012,2025-01-25,5.5,7.08,94.17,0.84,3.1,251.35,1004.27,4584.58,1.6,4.74,2400.0,0.456,PM2.5-1HR
948,BEL_BETREG1,2025-01-26,4.64,3.92,84.92,0.18,4.34,191.75,1004.19,7139.32,1.84,5.076,2400.0,0.02,PM2.5-1HR
948,BEL_BETB011,2025-01-26,4.54,3.92,84.92,0.18,4.34,191.75,1004.19,4791.88,1.84,5.076,2400.0,0.943,PM2.5-1HR
948,BEL_BETMEU1,2025-01-26,4.5,4.08,84.08,0.18,4.29,193.54,1004.14,2936.26,1.85,5.09,2400.0,0.194,PM2.5-1HR
948,BEL_BETN043,2025-01-26,3.63,3.92,84.92,0.18,4.34,191.75,1004.19,5270.67,1.84,5.076,2400.0,0.014,PM2.5-1HR
948,BEL_BETR001,2025-01-26,4.96,3.92,84.92,0.18,4.34,191.75,1004.19,19743.56,1.84,5.076,2400.0,0.017,PM2.5-1HR
948,BEL_BETR012,2025-01-26,4,3.85,85.25,0.22,4.46,192.09,1004.21,4584.58,1.84,5.076,2400.0,0.456,PM2.5-1HR
948,BEL_BETB011,2025-02-08,13.58,6.34,72.54,0,2.69,157.21,1020.08,4791.88,6.54,11.656,2400.0,0.943,PM2.5-1HR
948,BEL_BETMEU1,2025-02-08,15.31,6.28,72.17,0,2.46,152.23,1020.13,2936.26,6.8,12.02,2400.0,0.194,PM2.5-1HR
948,BEL_BETN043,2025-02-08,11.98,6.34,72.54,0,2.69,157.21,1020.08,5270.67,6.54,11.656,2400.0,0.014,PM2.5-1HR
948,BEL_BETR001,2025-02-08,14.37,6.34,72.54,0,2.69,157.21,1020.08,19743.56,6.54,11.656,2400.0,0.017,PM2.5-1HR
948,BEL_BETR012,2025-02-08,12.16,6.4,71.13,0,2.82,163.83,1020.01,4584.58,6.67,11.838,2400.0,0.456,PM2.5-1HR
948,BEL_BETREG1,2025-02-08,14.04,6.34,72.54,0,2.69,157.21,1020.08,7139.32,6.54,11.656,2400.0,0.02,PM2.5-1HR
948,BEL_BETB011,2025-02-09,8.4,4.4,89.63,0.06,0.89,128.1,1027.54,4791.88,0.57,3.298,2400.0,0.943,PM2.5-1HR
948,BEL_BETMEU1,2025-02-09,9.89,4.45,88.96,0.04,0.74,231.49,1027.55,2936.26,0.65,3.41,2400.0,0.194,PM2.5-1HR
948,BEL_BETN043,2025-02-09,7.74,4.4,89.63,0.06,0.89,128.1,1027.54,5270.67,0.57,3.298,2400.0,0.014,PM2.5-1HR
948,BEL_BETR001,2025-02-09,9.28,4.4,89.63,0.06,0.89,128.1,1027.54,19743.56,0.57,3.298,2400.0,0.017,PM2.5-1HR
948,BEL_BETR012,2025-02-09,7.17,4.28,89.96,0.09,1.02,124.57,1027.53,4584.58,0.44,3.116,2400.0,0.456,PM2.5-1HR
948,BEL_BETREG1,2025-02-09,8.87,4.4,89.63,0.06,0.89,128.1,1027.54,7139.32,0.57,3.298,2400.0,0.02,PM2.5-1HR
948,BEL_BETB011,2025-02-10,47.79,2.63,92.29,0.24,3.63,61.16,1022.45,4791.88,43.75,63.75,2400.0,0.943,PM2.5-1HR
948,BEL_BETMEU1,2025-02-10,50.46,2.57,91.17,0.22,3.72,60.78,1022.61,2936.26,44.37,64.618,2400.0,0.194,PM2.5-1HR
948,BEL_BETN043,2025-02-10,41.31,2.63,92.29,0.24,3.63,61.16,1022.45,5270.67,43.75,63.75,2400.0,0.014,PM2.5-1HR
948,BEL_BETR001,2025-02-10,48.31,2.63,92.29,0.24,3.63,61.16,1022.45,19743.56,43.75,63.75,2400.0,0.017,PM2.5-1HR
948,BEL_BETR012,2025-02-10,44.8,2.7,93.21,0.27,3.52,61.9,1022.27,4584.58,42.98,62.672,2400.0,0.456,PM2.5-1HR
948,BEL_BETREG1,2025-02-10,49.01,2.63,92.29,0.24,3.63,61.16,1022.45,7139.32,43.75,63.75,2400.0,0.02,PM2.5-1HR
948,BEL_BETB011,2025-02-11,18.99,3.06,93.46,0.65,3.29,210.42,1017.22,4791.88,9.59,15.926,2400.0,0.943,PM2.5-1HR
948,BEL_BETMEU1,2025-02-11,19.26,3,94.21,0.66,3.34,212.65,1017.14,2936.26,10.68,17.452,2400.0,0.194,PM2.5-1HR
948,BEL_BETN043,2025-02-11,15.42,3.06,93.46,0.65,3.29,210.42,1017.22,5270.67,9.59,15.926,2400.0,0.014,PM2.5-1HR
948,BEL_BETR001,2025-02-11,18.81,3.06,93.46,0.65,3.29,210.42,1017.22,19743.56,9.59,15.926,2400.0,0.017,PM2.5-1HR
948,BEL_BETR012,2025-02-11,16.02,3.19,93,0.62,3.28,210.41,1017.28,4584.58,9.2,15.38,2400.0,0.456,PM2.5-1HR
948,BEL_BETREG1,2025-02-11,18.13,3.06,93.46,0.65,3.29,210.42,1017.22,7139.32,9.59,15.926,2400.0,0.02,PM2.5-1HR
948,BEL_BETB011,2025-02-12,22.16,3.52,88.63,0.02,1.82,235.89,1018.41,4791.88,15.61,24.354,2400.0,0.943,PM2.5-1HR
948,BEL_BETMEU1,2025-02-12,23.13,3.35,89.67,0.01,1.77,233.23,1018.36,2936.26,15.74,24.536,2400.0,0.194,PM2.5-1HR
948,BEL_BETN043,2025-02-12,18.33,3.52,88.63,0.02,1.82,235.89,1018.41,5270.67,15.61,24.354,2400.0,0.014,PM2.5-1HR
948,BEL_BETR001,2025-02-12,22.61,3.52,88.63,0.02,1.82,235.89,1018.41,19743.56,15.61,24.354,2400.0,0.017,PM2.5-1HR
948,BEL_BETR012,2025-02-12,21.49,3.6,87.25,0.01,1.72,241.3,1018.44,4584.58,15.36,24.004,2400.0,0.456,PM2.5-1HR
948,BEL_BETREG1,2025-02-12,23.96,3.52,88.63,0.02,1.82,235.89,1018.41,7139.32,15.61,24.354,2400.0,0.02,PM2.5-1HR
948,BEL_BETB011,2025-02-13,33.75,1.38,89.75,0.02,2.21,350.24,1021.33,4791.88,16.44,25.516,2400.0,0.943,PM2.5-1HR
948,BEL_BETMEU1,2025-02-13,35.9,1.4,88.79,0.02,2.17,348.49,1021.35,2936.26,16.26,25.264,2400.0,0.194,PM2.5-1HR
948,BEL_BETN043,2025-02-13,28.37,1.38,89.75,0.02,2.21,350.24,1021.33,5270.67,16.44,25.516,2400.0,0.014,PM2.5-1HR
948,BEL_BETR001,2025-02-13,34.58,1.38,89.75,0.02,2.21,350.24,1021.33,19743.56,16.44,25.516,2400.0,0.017,PM2.5-1HR
948,BEL_BETR012,2025-02-13,31.9,1.29,90.04,0.03,2.11,348.98,1021.32,4584.58,16.4,25.46,2400.0,0.456,PM2.5-1HR
948,BEL_BETREG1,2025-02-13,37.91,1.38,89.75,0.02,2.21,350.24,1021.33,7139.32,16.44,25.516,2400.0,0.02,PM2.5-1HR
948,BEL_BETB011,2025-02-14,36.42,-0.3,81.17,0,2.14,77.34,1027.24,4791.88,20.67,31.438,2400.0,0.943,PM2.5-1HR
948,BEL_BETMEU1,2025-02-14,43.89,-0.48,81.67,0,1.88,78.9,1027.29,2936.26,20.84,31.676,2400.0,0.194,PM2.5-1HR
948,BEL_BETN043,2025-02-14,34.6,-0.3,81.17,0,2.14,77.34,1027.24,5270.67,20.67,31.438,2400.0,0.014,PM2.5-1HR
948,BEL_BETR001,2025-02-14,36.93,-0.3,81.17,0,2.14,77.34,1027.24,19743.56,20.67,31.438,2400.0,0.017,PM2.5-1HR
948,BEL_BETR012,2025-02-14,31.54,-0.36,79.38,0,2.2,78.3,1027.17,4584.58,20.52,31.228,2400.0,0.456,PM2.5-1HR
948,BEL_BETREG1,2025-02-14,37.31,-0.3,81.17,0,2.14,77.34,1027.24,7139.32,20.67,31.438,2400.0,0.02,PM2.5-1HR
948,BEL_BETB011,2025-02-15,17.44,0.42,75.5,0,2.32,108.84,1023.7,4791.88,12.63,20.182,2400.0,0.943,PM2.5-1HR
948,BEL_BETMEU1,2025-02-15,26.07,0.25,75.67,0.01,2.16,110.07,1023.74,2936.26,12.9,20.56,2400.0,0.194,PM2.5-1HR
948,BEL_BETN043,2025-02-15,21.67,0.42,75.5,0,2.32,108.84,1023.7,5270.67,12.63,20.182,2400.0,0.014,PM2.5-1HR
948,BEL_BETR001,2025-02-15,17.58,0.42,75.5,0,2.32,108.84,1023.7,19743.56,12.63,20.182,2400.0,0.017,PM2.5-1HR
948,BEL_BETR012,2025-02-15,16.13,0.31,74.96,0,2.28,104.64,1023.64,4584.58,12.33,19.762,2400.0,0.456,PM2.5-1HR
948,BEL_BETREG1,2025-02-15,17.78,0.42,75.5,0,2.32,108.84,1023.7,7139.32,12.63,20.182,2400.0,0.02,PM2.5-1HR
948,BEL_BETB011,2025-02-16,13.66,0.26,75.71,0.03,3.36,70.67,1021.05,4791.88,9.66,16.024,2400.0,0.943,PM2.5-1HR
948,BEL_BETMEU1,2025-02-16,13.91,0.48,72.96,0.03,3.33,72.04,1021.14,2936.26,9.84,16.276,2400.0,0.194,PM2.5-1HR
948,BEL_BETN043,2025-02-16,10.97,0.26,75.71,0.03,3.36,70.67,1021.05,5270.67,9.66,16.024,2400.0,0.014,PM2.5-1HR
948,BEL_BETR001,2025-02-16,14.24,0.26,75.71,0.03,3.36,70.67,1021.05,19743.56,9.66,16.024,2400.0,0.017,PM2.5-1HR
948,BEL_BETR012,2025-02-16,12.96,0.14,76.04,0.03,3.3,67.96,1020.94,4584.58,9.62,15.968,2400.0,0.456,PM2.5-1HR
948,BEL_BETREG1,2025-02-16,13.85,0.26,75.71,0.03,3.36,70.67,1021.05,7139.32,9.66,16.024,2400.0,0.02,PM2.5-1HR
948,BEL_BETB011,2025-02-17,18.63,-0.69,72.13,0,2.69,73.05,1023.45,4791.88,9.84,16.276,2400.0,0.943,PM2.5-1HR
948,BEL_BETMEU1,2025-02-17,20.75,-0.86,72.42,0,2.45,73.97,1023.54,2936.26,10.02,16.528,2400.0,0.194,PM2.5-1HR
948,BEL_BETN043,2025-02-17,18.4,-0.69,72.13,0,2.69,73.05,1023.45,5270.67,9.84,16.276,2400.0,0.014,PM2.5-1HR
948,BEL_BETR001,2025-02-17,18.88,-0.69,72.13,0,2.69,73.05,1023.45,19743.56,9.84,16.276,2400.0,0.017,PM2.5-1HR
948,BEL_BETR012,2025-02-17,15.21,-0.77,72.08,0,2.63,70.47,1023.35,4584.58,9.49,15.786,2400.0,0.456,PM2.5-1HR
948,BEL_BETREG1,2025-02-17,18.26,-0.69,72.13,0,2.69,73.05,1023.45,7139.32,9.84,16.276,2400.0,0.02,PM2.5-1HR
948,BEL_BETB011,2025-02-18,21.78,-0.4,63.96,0,3.08,88.69,1023.64,4791.88,17.44,26.916,2400.0,0.943,PM2.5-1HR
948,BEL_BETMEU1,2025-02-18,24.24,-0.5,63.29,0,2.94,90.48,1023.73,2936.26,17.72,27.308,2400.0,0.194,PM2.5-1HR
948,BEL_BETN043,2025-02-18,21.85,-0.4,63.96,0,3.08,88.69,1023.64,5270.67,17.44,26.916,2400.0,0.014,PM2.5-1HR
948,BEL_BETR001,2025-02-18,22.11,-0.4,63.96,0,3.08,88.69,1023.64,19743.56,17.44,26.916,2400.0,0.017,PM2.5-1HR
948,BEL_BETR012,2025-02-18,19.25,-0.29,62.46,0,3,87.44,1023.52,4584.58,17.08,26.412,2400.0,0.456,PM2.5-1HR
948,BEL_BETREG1,2025-02-18,21.91,-0.4,63.96,0,3.08,88.69,1023.64,7139.32,17.44,26.916,2400.0,0.02,PM2.5-1HR
948,BEL_BETR001,2025-02-19,25.62,2.61,66.17,0,2.97,122.37,1020.62,19743.56,21.07,31.998,2400.0,0.017,PM2.5-1HR
948,BEL_BETB011,2025-02-19,24.97,2.61,66.17,0,2.97,122.37,1020.62,4791.88,21.07,31.998,2400.0,0.943,PM2.5-1HR
948,BEL_BETMEU1,2025-02-19,26.44,2.36,66,0,2.84,122.19,1020.65,2936.26,21.37,32.418,2400.0,0.194,PM2.5-1HR
948,BEL_BETN043,2025-02-19,27.3,2.61,66.17,0,2.97,122.37,1020.62,5270.67,21.07,31.998,2400.0,0.014,PM2.5-1HR
948,BEL_BETR012,2025-02-19,22.95,2.73,65.25,0,2.91,124.2,1020.54,4584.58,20.62,31.368,2400.0,0.456,PM2.5-1HR
948,BEL_BETREG1,2025-02-19,25.34,2.61,66.17,0,2.97,122.37,1020.62,7139.32,21.07,31.998,2400.0,0.02,PM2.5-1HR
948,BEL_BETR001,2025-02-20,17.81,8.28,87.92,0,4.18,195.88,1020.53,19743.56,7.7,13.28,2400.0,0.017,PM2.5-1HR
948,BEL_BETB011,2025-02-20,17.81,8.28,87.92,0,4.18,195.88,1020.53,4791.88,7.7,13.28,2400.0,0.943,PM2.5-1HR
948,BEL_BETMEU1,2025-02-20,18.88,8.23,87.92,0,4.1,196.96,1020.39,2936.26,7.88,13.532,2400.0,0.194,PM2.5-1HR
948,BEL_BETN043,2025-02-20,9.22,8.28,87.92,0,4.18,195.88,1020.53,5270.67,7.7,13.28,2400.0,0.014,PM2.5-1HR
948,BEL_BETR012,2025-02-20,16.11,8.24,88.08,0,4.15,193.75,1020.63,4584.58,7.59,13.126,2400.0,0.456,PM2.5-1HR
948,BEL_BETREG1,2025-02-20,17.85,8.28,87.92,0,4.18,195.88,1020.53,7139.32,7.7,13.28,2400.0,0.02,PM2.5-1HR
948,BEL_BETR001,2025-02-21,9.73,13.46,75.83,0.02,4.65,183.57,1017.33,19743.56,7.14,12.496,2400.0,0.017,PM2.5-1HR
948,BEL_BETB011,2025-02-21,9.56,13.46,75.83,0.02,4.65,183.57,1017.33,4791.88,7.14,12.496,2400.0,0.943,PM2.5-1HR
948,BEL_BETMEU1,2025-02-21,9.52,13.66,74.92,0.03,4.63,184.13,1017.22,2936.26,7.3,12.72,2400.0,0.194,PM2.5-1HR
948,BEL_BETN043,2025-02-21,8.47,13.46,75.83,0.02,4.65,183.57,1017.33,5270.67,7.14,12.496,2400.0,0.014,PM2.5-1HR
948,BEL_BETR012,2025-02-21,8.71,13.31,76.29,0.04,4.67,182.31,1017.44,4584.58,6.96,12.244,2400.0,0.456,PM2.5-1HR
948,BEL_BETREG1,2025-02-21,9.86,13.46,75.83,0.02,4.65,183.57,1017.33,7139.32,7.14,12.496,2400.0,0.02,PM2.5-1HR
948,BEL_BETR001,2025-02-22,6.71,10.79,84.29,0.08,4.38,202.99,1015.28,19743.56,1.83,5.062,2400.0,0.017,PM2.5-1HR
948,BEL_BETREG1,2025-02-22,6.91,10.79,84.29,0.08,4.38,202.99,1015.28,7139.32,1.83,5.062,2400.0,0.02,PM2.5-1HR
948,BEL_BETB011,2025-02-22,6.52,10.79,84.29,0.08,4.38,202.99,1015.28,4791.88,1.83,5.062,2400.0,0.943,PM2.5-1HR
948,BEL_BETMEU1,2025-02-22,6.92,10.89,84.13,0.1,4.3,203.84,1015.17,2936.26,1.95,5.23,2400.0,0.194,PM2.5-1HR
948,BEL_BETN043,2025-02-22,5.3,10.79,84.29,0.08,4.38,202.99,1015.28,5270.67,1.83,5.062,2400.0,0.014,PM2.5-1HR
948,BEL_BETR012,2025-02-22,6.03,10.67,84.29,0.09,4.42,203.09,1015.38,4584.58,1.8,5.02,2400.0,0.456,PM2.5-1HR
948,BEL_BETR001,2025-02-23,6.3,9.71,81.83,0,4.21,201.78,1026.02,19743.56,3.06,6.784,2400.0,0.017,PM2.5-1HR
948,BEL_BETREG1,2025-02-23,6.48,9.71,81.83,0,4.21,201.78,1026.02,7139.32,3.06,6.784,2400.0,0.02,PM2.5-1HR
948,BEL_BETB011,2025-02-23,5.81,9.71,81.83,0,4.21,201.78,1026.02,4791.88,3.06,6.784,2400.0,0.943,PM2.5-1HR
948,BEL_BETMEU1,2025-02-23,6.29,9.85,80.88,0,4.23,202.58,1025.9,2936.26,3.13,6.882,2400.0,0.194,PM2.5-1HR
948,BEL_BETN043,2025-02-23,5.07,9.71,81.83,0,4.21,201.78,1026.02,5270.67,3.06,6.784,2400.0,0.014,PM2.5-1HR
948,BEL_BETR012,2025-02-23,5.2,9.61,81.88,0,4.12,201.39,1026.11,4584.58,3.09,6.826,2400.0,0.456,PM2.5-1HR
948,BEL_BETR001,2025-02-24,2.64,10.5,79.13,0.06,5.5,207.75,1017.55,19743.56,1.28,4.292,2400.0,0.017,PM2.5-1HR
948,BEL_BETB011,2025-02-24,2.47,10.5,79.13,0.06,5.5,207.75,1017.55,4791.88,1.28,4.292,2400.0,0.943,PM2.5-1HR
948,BEL_BETREG1,2025-02-24,2.88,10.5,79.13,0.06,5.5,207.75,1017.55,7139.32,1.28,4.292,2400.0,0.02,PM2.5-1HR
948,BEL_BETMEU1,2025-02-24,3.73,10.68,77.46,0.06,5.55,208.42,1017.39,2936.26,1.38,4.432,2400.0,0.194,PM2.5-1HR
948,BEL_BETN043,2025-02-24,2.56,10.5,79.13,0.06,5.5,207.75,1017.55,5270.67,1.28,4.292,2400.0,0.014,PM2.5-1HR
948,BEL_BETR012,2025-02-24,2.04,10.35,79.54,0.06,5.47,207.42,1017.73,4584.58,1.21,4.194,2400.0,0.456,PM2.5-1HR
948,BEL_BETR001,2025-02-25,9.39,8.39,89.25,0.2,2.89,183.15,1013.52,19743.56,4.26,8.464,2400.0,0.017,PM2.5-1HR
948,BEL_BETB011,2025-02-25,9.2,8.39,89.25,0.2,2.89,183.15,1013.52,4791.88,4.26,8.464,2400.0,0.943,PM2.5-1HR
948,BEL_BETREG1,2025-02-25,9.47,8.39,89.25,0.2,2.89,183.15,1013.52,7139.32,4.26,8.464,2400.0,0.02,PM2.5-1HR
948,BEL_BETMEU1,2025-02-25,9.87,8.43,88.96,0.19,2.87,189.19,1013.53,2936.26,4.44,8.716,2400.0,0.194,PM2.5-1HR
948,BEL_BETN043,2025-02-25,7.68,8.39,89.25,0.2,2.89,183.15,1013.52,5270.67,4.26,8.464,2400.0,0.014,PM2.5-1HR
948,BEL_BETR012,2025-02-25,7.95,8.34,89.21,0.32,2.82,179,1013.5,4584.58,4.1,8.24,2400.0,0.456,PM2.5-1HR
948,BEL_BETR001,2025-02-26,6.54,6.66,84,0.26,4.21,233.34,1016.04,19743.56,1.88,5.132,2400.0,0.017,PM2.5-1HR
948,BEL_BETB011,2025-02-26,6.35,6.66,84,0.26,4.21,233.34,1016.04,4791.88,1.88,5.132,2400.0,0.943,PM2.5-1HR
948,BEL_BETREG1,2025-02-26,7.47,6.66,84,0.26,4.21,233.34,1016.04,7139.32,1.88,5.132,2400.0,0.02,PM2.5-1HR
948,BEL_BETMEU1,2025-02-26,7.07,6.82,83.38,0.2,4.21,232.54,1015.92,2936.26,1.98,5.272,2400.0,0.194,PM2.5-1HR
948,BEL_BETN043,2025-02-26,5.65,6.66,84,0.26,4.21,233.34,1016.04,5270.67,1.88,5.132,2400.0,0.014,PM2.5-1HR
948,BEL_BETR012,2025-02-26,6.7,6.56,84.38,0.28,4.25,234.62,1016.13,4584.58,1.8,5.02,2400.0,0.456,PM2.5-1HR
948,BEL_BETB011,2025-02-27,3.83,5.02,87.67,0.08,4.29,254.72,1016.57,4791.88,2.27,5.678,2400.0,0.943,PM2.5-1HR
948,BEL_BETREG1,2025-02-27,5.06,5.02,87.67,0.08,4.29,254.72,1016.57,7139.32,2.27,5.678,2400.0,0.02,PM2.5-1HR
948,BEL_BETR001,2025-02-27,4.41,5.02,87.67,0.08,4.29,254.72,1016.57,19743.56,2.27,5.678,2400.0,0.017,PM2.5-1HR
948,BEL_BETMEU1,2025-02-27,4.71,5.23,86.71,0.09,4.3,254.36,1016.42,2936.26,2.46,5.944,2400.0,0.194,PM2.5-1HR
948,BEL_BETN043,2025-02-27,3.62,5.02,87.67,0.08,4.29,254.72,1016.57,5270.67,2.27,5.678,2400.0,0.014,PM2.5-1HR
948,BEL_BETR012,2025-02-27,3.62,4.92,88.54,0.11,4.27,255.21,1016.69,4584.58,2.11,5.454,2400.0,0.456,PM2.5-1HR
948,BEL_BETB011,2025-02-28,8.52,5.13,83.71,0.02,3.27,353.9,1025.95,4791.88,2.26,5.664,2400.0,0.943,PM2.5-1HR
948,BEL_BETREG1,2025-02-28,9.1,5.13,83.71,0.02,3.27,353.9,1025.95,7139.32,2.26,5.664,2400.0,0.02,PM2.5-1HR
948,BEL_BETMEU1,2025-02-28,8.7,5.15,83.33,0.03,3.15,353.41,1025.94,2936.26,2.26,5.664,2400.0,0.194,PM2.5-1HR
948,BEL_BETN043,2025-02-28,6.6,5.13,83.71,0.02,3.27,353.9,1025.95,5270.67,2.26,5.664,2400.0,0.014,PM2.5-1HR
948,BEL_BETR001,2025-02-28,9.35,5.13,83.71,0.02,3.27,353.9,1025.95,19743.56,2.26,5.664,2400.0,0.017,PM2.5-1HR
948,BEL_BETR012,2025-02-28,7.4,4.95,84.42,0.02,3.2,353.51,1025.94,4584.58,2.22,5.608,2400.0,0.456,PM2.5-1HR
948,BEL_BETB011,2025-03-01,9.8,2.83,86.88,0,2.59,45.33,1032.95,4791.88,4.22,8.408,2400.0,0.943,PM2.5-1HR
948,BEL_BETR012,2025-03-01,9.57,2.61,87.21,0,2.55,45.38,1032.89,4584.58,4.18,8.352,2400.0,0.456,PM2.5-1HR
948,BEL_BETMEU1,2025-03-01,10.97,2.65,86.04,0,2.31,46.1,1033.01,2936.26,4.28,8.492,2400.0,0.194,PM2.5-1HR
948,BEL_BETN043,2025-03-01,8.23,2.83,86.88,0,2.59,45.33,1032.95,5270.67,4.22,8.408,2400.0,0.014,PM2.5-1HR
948,BEL_BETR001,2025-03-01,11.21,2.83,86.88,0,2.59,45.33,1032.95,19743.56,4.22,8.408,2400.0,0.017,PM2.5-1HR
948,BEL_BETREG1,2025-03-01,11.13,2.83,86.88,0,2.59,45.33,1032.95,7139.32,4.22,8.408,2400.0,0.02,PM2.5-1HR
948,BEL_BETB011,2025-03-02,18.03,3.49,80.67,0,2.07,62.87,1034.46,4791.88,12.35,19.79,2400.0,0.943,PM2.5-1HR
948,BEL_BETR012,2025-03-02,16.24,3.34,80.88,0,2.13,62.63,1034.39,4584.58,12.08,19.412,2400.0,0.456,PM2.5-1HR
948,BEL_BETMEU1,2025-03-02,19.7,2.68,81.5,0,1.7,63.33,1034.53,2936.26,12.7,20.28,2400.0,0.194,PM2.5-1HR
948,BEL_BETN043,2025-03-02,15.11,3.49,80.67,0,2.07,62.87,1034.46,5270.67,12.35,19.79,2400.0,0.014,PM2.5-1HR
948,BEL_BETR001,2025-03-02,18.62,3.49,80.67,0,2.07,62.87,1034.46,19743.56,12.35,19.79,2400.0,0.017,PM2.5-1HR
948,BEL_BETREG1,2025-03-02,18.11,3.49,80.67,0,2.07,62.87,1034.46,7139.32,12.35,19.79,2400.0,0.02,PM2.5-1HR
948,BEL_BETB011,2025-03-03,23.13,4.18,78.71,0,1.05,54.05,1029.79,4791.88,12.26,19.664,2400.0,0.943,PM2.5-1HR
948,BEL_BETR012,2025-03-03,15.31,4,78.38,0,1.09,69.15,1029.73,4584.58,12.28,19.692,2400.0,0.456,PM2.5-1HR
948,BEL_BETMEU1,2025-03-03,27.32,3.65,78.33,0,0.82,64.38,1029.83,2936.26,12.79,20.406,2400.0,0.194,PM2.5-1HR
948,BEL_BETN043,2025-03-03,23.66,4.18,78.71,0,1.05,54.05,1029.79,5270.67,12.26,19.664,2400.0,0.014,PM2.5-1HR
948,BEL_BETR001,2025-03-03,26.72,4.18,78.71,0,1.05,54.05,1029.79,19743.56,12.26,19.664,2400.0,0.017,PM2.5-1HR
948,BEL_BETREG1,2025-03-03,24.49,4.18,78.71,0,1.05,54.05,1029.79,7139.32,12.26,19.664,2400.0,0.02,PM2.5-1HR
948,BEL_BETB011,2025-03-04,34.15,5.52,75.71,0,1.44,75.33,1026.75,4791.88,17.24,26.636,2400.0,0.943,PM2.5-1HR
948,BEL_BETR012,2025-03-04,24.55,5.48,74.54,0,1.39,76.26,1026.7,4584.58,17.65,27.21,2400.0,0.456,PM2.5-1HR
948,BEL_BETMEU1,2025-03-04,36.97,4.42,77.33,0,1.22,80.94,1026.8,2936.26,18.03,27.742,2400.0,0.194,PM2.5-1HR
948,BEL_BETN043,2025-03-04,31.69,5.52,75.71,0,1.44,75.33,1026.75,5270.67,17.24,26.636,2400.0,0.014,PM2.5-1HR
948,BEL_BETR001,2025-03-04,37.3,5.52,75.71,0,1.44,75.33,1026.75,19743.56,17.24,26.636,2400.0,0.017,PM2.5-1HR
948,BEL_BETREG1,2025-03-04,34.17,5.52,75.71,0,1.44,75.33,1026.75,7139.32,17.24,26.636,2400.0,0.02,PM2.5-1HR
948,BEL_BETB011,2025-03-05,26.73,7.75,73.96,0,1.85,199.85,1023.85,4791.88,17.18,26.552,2400.0,0.943,PM2.5-1HR
948,BEL_BETR012,2025-03-05,23.47,7.56,73.04,0,1.8,195.5,1023.84,4584.58,17.16,26.524,2400.0,0.456,PM2.5-1HR
948,BEL_BETMEU1,2025-03-05,27.91,6.68,76.13,0,1.58,201.5,1023.86,2936.26,17.51,27.014,2400.0,0.194,PM2.5-1HR
948,BEL_BETN043,2025-03-05,24.23,7.75,73.96,0,1.85,199.85,1023.85,5270.67,17.18,26.552,2400.0,0.014,PM2.5-1HR
948,BEL_BETR001,2025-03-05,33.27,7.75,73.96,0,1.85,199.85,1023.85,19743.56,17.18,26.552,2400.0,0.017,PM2.5-1HR
948,BEL_BETREG1,2025-03-05,26.65,7.75,73.96,0,1.85,199.85,1023.85,7139.32,17.18,26.552,2400.0,0.02,PM2.5-1HR
948,BEL_BETB011,2025-03-06,19.34,10.1,62.75,0,3.21,186.83,1018.34,4791.88,7.94,13.616,2400.0,0.943,PM2.5-1HR
948,BEL_BETR012,2025-03-06,15.67,10.02,61.67,0,3.19,184.55,1018.39,4584.58,7.63,13.182,2400.0,0.456,PM2.5-1HR
948,BEL_BETMEU1,2025-03-06,20.29,9.78,63.83,0,2.97,189.36,1018.28,2936.26,8.23,14.022,2400.0,0.194,PM2.5-1HR
948,BEL_BETN043,2025-03-06,21.42,10.1,62.75,0,3.21,186.83,1018.34,5270.67,7.94,13.616,2400.0,0.014,PM2.5-1HR
948,BEL_BETR001,2025-03-06,23.63,10.1,62.75,0,3.21,186.83,1018.34,19743.56,7.94,13.616,2400.0,0.017,PM2.5-1HR
948,BEL_BETREG1,2025-03-06,16.59,10.1,62.75,0,3.21,186.83,1018.34,7139.32,7.94,13.616,2400.0,0.02,PM2.5-1HR
948,BEL_BETB011,2025-03-07,11.85,11.22,63.75,0,3.09,171.52,1016.22,4791.88,5.4,10.06,2400.0,0.943,PM2.5-1HR
948,BEL_BETMEU1,2025-03-07,12,11.06,64,0,2.89,172.83,1016.18,2936.26,5.66,10.424,2400.0,0.194,PM2.5-1HR
948,BEL_BETN043,2025-03-07,11.16,11.22,63.75,0,3.09,171.52,1016.22,5270.67,5.4,10.06,2400.0,0.014,PM2.5-1HR
948,BEL_BETR001,2025-03-07,13.94,11.22,63.75,0,3.09,171.52,1016.22,19743.56,5.4,10.06,2400.0,0.017,PM2.5-1HR
948,BEL_BETR012,2025-03-07,9.45,11.04,63.21,0,3.07,169.3,1016.25,4584.58,5.27,9.878,2400.0,0.456,PM2.5-1HR
948,BEL_BETREG1,2025-03-07,10.21,11.22,63.75,0,3.09,171.52,1016.22,7139.32,5.4,10.06,2400.0,0.02,PM2.5-1HR
948,BEL_BETB011,2025-03-08,17.28,11.83,59.29,0,2.95,126.03,1011.81,4791.88,12.96,20.644,2400.0,0.943,PM2.5-1HR
948,BEL_BETMEU1,2025-03-08,19.58,11.53,60.21,0,2.62,121.28,1011.87,2936.26,13.39,21.246,2400.0,0.194,PM2.5-1HR
948,BEL_BETN043,2025-03-08,16.26,11.83,59.29,0,2.95,126.03,1011.81,5270.67,12.96,20.644,2400.0,0.014,PM2.5-1HR
948,BEL_BETR001,2025-03-08,19.57,11.83,59.29,0,2.95,126.03,1011.81,19743.56,12.96,20.644,2400.0,0.017,PM2.5-1HR
948,BEL_BETR012,2025-03-08,14.88,11.71,58.29,0,3,128.49,1011.74,4584.58,12.52,20.028,2400.0,0.456,PM2.5-1HR
948,BEL_BETREG1,2025-03-08,17.38,11.83,59.29,0,2.95,126.03,1011.81,7139.32,12.96,20.644,2400.0,0.02,PM2.5-1HR
948,BEL_BETB011,2025-03-09,26.71,11.28,65.29,0,2.39,94.19,1004.84,4791.88,17.81,27.434,2400.0,0.943,PM2.5-1HR
948,BEL_BETMEU1,2025-03-09,28.15,10.75,66.21,0,2.06,94.39,1004.94,2936.26,18.27,28.078,2400.0,0.194,PM2.5-1HR
948,BEL_BETN043,2025-03-09,21.76,11.28,65.29,0,2.39,94.19,1004.84,5270.67,17.81,27.434,2400.0,0.014,PM2.5-1HR
948,BEL_BETR001,2025-03-09,28.63,11.28,65.29,0,2.39,94.19,1004.84,19743.56,17.81,27.434,2400.0,0.017,PM2.5-1HR
948,BEL_BETR012,2025-03-09,22.84,11.49,62.96,0,2.35,95.02,1004.75,4584.58,17.19,26.566,2400.0,0.456,PM2.5-1HR
948,BEL_BETREG1,2025-03-09,26.01,11.28,65.29,0,2.39,94.19,1004.84,7139.32,17.81,27.434,2400.0,0.02,PM2.5-1HR
948,BEL_BETB011,2025-03-10,41.59,10.21,74.29,0,1.43,15.87,1001.73,4791.88,29,43.1,2400.0,0.943,PM2.5-1HR
948,BEL_BETMEU1,2025-03-10,45.56,9.68,72.75,0,1.23,17.84,1001.78,2936.26,29.48,43.772,2400.0,0.194,PM2.5-1HR
948,BEL_BETN043,2025-03-10,39.31,10.21,74.29,0,1.43,15.87,1001.73,5270.67,29,43.1,2400.0,0.014,PM2.5-1HR
948,BEL_BETR001,2025-03-10,45.29,10.21,74.29,0,1.43,15.87,1001.73,19743.56,29,43.1,2400.0,0.017,PM2.5-1HR
948,BEL_BETR012,2025-03-10,37.68,10.17,73.33,0,1.59,27.04,1001.68,4584.58,28.83,42.862,2400.0,0.456,PM2.5-1HR
948,BEL_BETREG1,2025-03-10,44.17,10.21,74.29,0,1.43,15.87,1001.73,7139.32,29,43.1,2400.0,0.02,PM2.5-1HR
948,BEL_BETB011,2025-03-11,33.86,5.78,82.54,0.01,2.57,352.44,1004.18,4791.88,4.34,8.576,2400.0,0.943,PM2.5-1HR
948,BEL_BETMEU1,2025-03-11,32.17,5.62,81.33,0.01,2.46,349.95,1004.2,2936.26,4.46,8.744,2400.0,0.194,PM2.5-1HR
948,BEL_BETN043,2025-03-11,25.9,5.78,82.54,0.01,2.57,352.44,1004.18,5270.67,4.34,8.576,2400.0,0.014,PM2.5-1HR
948,BEL_BETR001,2025-03-11,34.02,5.78,82.54,0.01,2.57,352.44,1004.18,19743.56,4.34,8.576,2400.0,0.017,PM2.5-1HR
948,BEL_BETR012,2025-03-11,30.15,5.7,83.58,0.02,2.37,350.2,1004.16,4584.58,4.3,8.52,2400.0,0.456,PM2.5-1HR
948,BEL_BETREG1,2025-03-11,32.34,5.78,82.54,0.01,2.57,352.44,1004.18,7139.32,4.34,8.576,2400.0,0.02,PM2.5-1HR
948,BEL_BETR012,2025-03-12,6.49,3.62,85.13,0.06,1.67,305.04,1001.85,4584.58,3.64,7.596,2400.0,0.456,PM2.5-1HR
948,BEL_BETB011,2025-03-12,7.15,3.84,83.96,0.07,1.87,306.82,1001.82,4791.88,3.53,7.442,2400.0,0.943,PM2.5-1HR
948,BEL_BETMEU1,2025-03-12,6.59,3.44,84.13,0.07,1.81,304.39,1001.79,2936.26,3.56,7.484,2400.0,0.194,PM2.5-1HR
948,BEL_BETN043,2025-03-12,5.08,3.84,83.96,0.07,1.87,306.82,1001.82,5270.67,3.53,7.442,2400.0,0.014,PM2.5-1HR
948,BEL_BETR001,2025-03-12,7.38,3.84,83.96,0.07,1.87,306.82,1001.82,19743.56,3.53,7.442,2400.0,0.017,PM2.5-1HR
948,BEL_BETREG1,2025-03-12,7.44,3.84,83.96,0.07,1.87,306.82,1001.82,7139.32,3.53,7.442,2400.0,0.02,PM2.5-1HR
948,BEL_BETR012,2025-03-13,9.73,2.93,84.21,0.03,1.67,333.88,1000.7,4584.58,3.62,7.568,2400.0,0.456,PM2.5-1HR
948,BEL_BETB011,2025-03-13,11.97,3.03,84.25,0.1,1.7,327.49,1000.71,4791.88,3.55,7.47,2400.0,0.943,PM2.5-1HR
948,BEL_BETMEU1,2025-03-13,10.86,2.79,84.13,0.06,1.5,320.1,1000.72,2936.26,3.69,7.666,2400.0,0.194,PM2.5-1HR
948,BEL_BETN043,2025-03-13,8.24,3.03,84.25,0.1,1.7,327.49,1000.71,5270.67,3.55,7.47,2400.0,0.014,PM2.5-1HR
948,BEL_BETR001,2025-03-13,11.25,3.03,84.25,0.1,1.7,327.49,1000.71,19743.56,3.55,7.47,2400.0,0.017,PM2.5-1HR
948,BEL_BETREG1,2025-03-13,11.43,3.03,84.25,0.1,1.7,327.49,1000.71,7139.32,3.55,7.47,2400.0,0.02,PM2.5-1HR
948,BEL_BETR012,2025-03-14,3.95,2.75,75.04,0,2.42,18.78,1008.99,4584.58,2.3,5.72,2400.0,0.456,PM2.5-1HR
948,BEL_BETB011,2025-03-14,5.36,2.8,74.54,0,2.47,16.5,1009.07,4791.88,2.31,5.734,2400.0,0.943,PM2.5-1HR
948,BEL_BETMEU1,2025-03-14,5.6,2.6,73.96,0,2.2,13.64,1009.11,2936.26,2.39,5.846,2400.0,0.194,PM2.5-1HR
948,BEL_BETN043,2025-03-14,5.31,2.8,74.54,0,2.47,16.5,1009.07,5270.67,2.31,5.734,2400.0,0.014,PM2.5-1HR
948,BEL_BETR001,2025-03-14,5.63,2.8,74.54,0,2.47,16.5,1009.07,19743.56,2.31,5.734,2400.0,0.017,PM2.5-1HR
948,BEL_BETREG1,2025-03-14,5.62,2.8,74.54,0,2.47,16.5,1009.07,7139.32,2.31,5.734,2400.0,0.02,PM2.5-1HR
948,BEL_BETR012,2025-03-15,8.58,2.62,73.54,0,4.01,35.79,1018.21,4584.58,3.63,7.582,2400.0,0.456,PM2.5-1HR
948,BEL_BETB011,2025-03-15,8.47,2.7,73.54,0,4.02,36.38,1018.35,4791.88,3.7,7.68,2400.0,0.943,PM2.5-1HR
948,BEL_BETMEU1,2025-03-15,9.33,2.79,72.21,0,3.94,37.22,1018.47,2936.26,3.72,7.708,2400.0,0.194,PM2.5-1HR
948,BEL_BETN043,2025-03-15,8.3,2.7,73.54,0,4.02,36.38,1018.35,5270.67,3.7,7.68,2400.0,0.014,PM2.5-1HR
948,BEL_BETR001,2025-03-15,9.3,2.7,73.54,0,4.02,36.38,1018.35,19743.56,3.7,7.68,2400.0,0.017,PM2.5-1HR
948,BEL_BETREG1,2025-03-15,9.21,2.7,73.54,0,4.02,36.38,1018.35,7139.32,3.7,7.68,2400.0,0.02,PM2.5-1HR
948,BEL_BETR012,2025-03-16,10.78,4,72.75,0,3.55,33.39,1022.01,4584.58,2.5,6.0,2400.0,0.456,PM2.5-1HR
948,BEL_BETB011,2025-03-16,11.04,4.09,72.29,0,3.54,33.09,1022.15,4791.88,2.44,5.916,2400.0,0.943,PM2.5-1HR
948,BEL_BETMEU1,2025-03-16,11.26,4.14,71.42,0,3.37,33.35,1022.26,2936.26,2.5,6.0,2400.0,0.194,PM2.5-1HR
948,BEL_BETN043,2025-03-16,8.81,4.09,72.29,0,3.54,33.09,1022.15,5270.67,2.44,5.916,2400.0,0.014,PM2.5-1HR
948,BEL_BETR001,2025-03-16,11.61,4.09,72.29,0,3.54,33.09,1022.15,19743.56,2.44,5.916,2400.0,0.017,PM2.5-1HR
948,BEL_BETREG1,2025-03-16,11.47,4.09,72.29,0,3.54,33.09,1022.15,7139.32,2.44,5.916,2400.0,0.02,PM2.5-1HR
948,BEL_BETR012,2025-03-17,6.78,4.87,74.04,0,3.21,60.72,1027.13,4584.58,3.75,7.75,2400.0,0.456,PM2.5-1HR
948,BEL_BETB011,2025-03-17,7.04,5.13,73.08,0,3.23,59.56,1027.22,4791.88,3.79,7.806,2400.0,0.943,PM2.5-1HR
948,BEL_BETMEU1,2025-03-17,8.43,5.25,71.46,0,3.11,58.63,1027.28,2936.26,4.03,8.142,2400.0,0.194,PM2.5-1HR
948,BEL_BETN043,2025-03-17,9.34,5.13,73.08,0,3.23,59.56,1027.22,5270.67,3.79,7.806,2400.0,0.014,PM2.5-1HR
948,BEL_BETR001,2025-03-17,8.26,5.13,73.08,0,3.23,59.56,1027.22,19743.56,3.79,7.806,2400.0,0.017,PM2.5-1HR
948,BEL_BETREG1,2025-03-17,8.35,5.13,73.08,0,3.23,59.56,1027.22,7139.32,3.79,7.806,2400.0,0.02,PM2.5-1HR
948,BEL_BETR012,2025-03-18,4.7,4.4,60,0,3.5,86.44,1026.26,4584.58,3.59,7.526,2400.0,0.456,PM2.5-1HR
948,BEL_BETB011,2025-03-18,5.71,4.51,59.29,0,3.54,88.77,1026.39,4791.88,3.77,7.778,2400.0,0.943,PM2.5-1HR
948,BEL_BETMEU1,2025-03-18,8,4.58,57.08,0,3.39,89.98,1026.5,2936.26,3.91,7.974,2400.0,0.194,PM2.5-1HR
948,BEL_BETN043,2025-03-18,7.31,4.51,59.29,0,3.54,88.77,1026.39,5270.67,3.77,7.778,2400.0,0.014,PM2.5-1HR
948,BEL_BETR001,2025-03-18,6.38,4.51,59.29,0,3.54,88.77,1026.39,19743.56,3.77,7.778,2400.0,0.017,PM2.5-1HR
948,BEL_BETREG1,2025-03-18,7.06,4.51,59.29,0,3.54,88.77,1026.39,7139.32,3.77,7.778,2400.0,0.02,PM2.5-1HR
948,BEL_BETR012,2025-03-19,6.86,9.2,60.42,0,2.63,163.52,1023.56,4584.58,3.66,7.624,2400.0,0.456,PM2.5-1HR
948,BEL_BETREG1,2025-03-19,8.93,9.29,60.71,0,2.49,160.3,1023.6,7139.32,3.81,7.834,2400.0,0.02,PM2.5-1HR
948,BEL_BETB011,2025-03-19,8.7,9.29,60.71,0,2.49,160.3,1023.6,4791.88,3.81,7.834,2400.0,0.943,PM2.5-1HR
948,BEL_BETMEU1,2025-03-19,10.87,8.76,61.38,0,2.14,156.11,1023.61,2936.26,4.06,8.184,2400.0,0.194,PM2.5-1HR
948,BEL_BETN043,2025-03-19,11.76,9.29,60.71,0,2.49,160.3,1023.6,5270.67,3.81,7.834,2400.0,0.014,PM2.5-1HR
948,BEL_BETR001,2025-03-19,13.04,9.29,60.71,0,2.49,160.3,1023.6,19743.56,3.81,7.834,2400.0,0.017,PM2.5-1HR
948,BEL_BETR012,2025-03-20,6.96,11.4,66.46,0,2.02,158.23,1021.54,4584.58,5.29,9.906,2400.0,0.456,PM2.5-1HR
948,BEL_BETREG1,2025-03-20,9.83,11.53,66.42,0,2.05,162.39,1021.53,7139.32,5.25,9.85,2400.0,0.02,PM2.5-1HR
948,BEL_BETB011,2025-03-20,11.96,11.53,66.42,0,2.05,162.39,1021.53,4791.88,5.25,9.85,2400.0,0.943,PM2.5-1HR
948,BEL_BETMEU1,2025-03-20,13.32,11.15,67.29,0,1.81,167.98,1021.53,2936.26,5.59,10.326,2400.0,0.194,PM2.5-1HR
948,BEL_BETN043,2025-03-20,15.16,11.53,66.42,0,2.05,162.39,1021.53,5270.67,5.25,9.85,2400.0,0.014,PM2.5-1HR
948,BEL_BETR001,2025-03-20,14.72,11.53,66.42,0,2.05,162.39,1021.53,19743.56,5.25,9.85,2400.0,0.017,PM2.5-1HR
948,BEL_BETR012,2025-03-21,10.23,13.22,65.21,0,3.3,125.23,1011.91,4584.58,7.39,12.846,2400.0,0.456,PM2.5-1HR
948,BEL_BETREG1,2025-03-21,12.02,13.33,65.29,0,3.37,121.53,1011.98,7139.32,8.02,13.728,2400.0,0.02,PM2.5-1HR
948,BEL_BETB011,2025-03-21,11.44,13.33,65.29,0,3.37,121.53,1011.98,4791.88,8.02,13.728,2400.0,0.943,PM2.5-1HR
948,BEL_BETMEU1,2025-03-21,15.55,13.18,65.54,0,3.25,119.52,1012.03,2936.26,8.38,14.232,2400.0,0.194,PM2.5-1HR
948,BEL_BETN043,2025-03-21,12.71,13.33,65.29,0,3.37,121.53,1011.98,5270.67,8.02,13.728,2400.0,0.014,PM2.5-1HR
948,BEL_BETR001,2025-03-21,13.38,13.33,65.29,0,3.37,121.53,1011.98,19743.56,8.02,13.728,2400.0,0.017,PM2.5-1HR
948,BEL_BETREG1,2025-03-22,4.14,13.85,68.42,0,2.97,135.74,1002.91,7139.32,0.41,3.074,2400.0,0.02,PM2.5-1HR
948,BEL_BETR012,2025-03-22,3.36,13.78,68.25,0.01,3.06,141.18,1002.86,4584.58,0.41,3.074,2400.0,0.456,PM2.5-1HR
948,BEL_BETB011,2025-03-22,4.38,13.85,68.42,0,2.97,135.74,1002.91,4791.88,0.41,3.074,2400.0,0.943,PM2.5-1HR
948,BEL_BETMEU1,2025-03-22,4.55,13.83,67.58,0,2.76,130.34,1002.95,2936.26,0.48,3.172,2400.0,0.194,PM2.5-1HR
948,BEL_BETN043,2025-03-22,3.88,13.85,68.42,0,2.97,135.74,1002.91,5270.67,0.41,3.074,2400.0,0.014,PM2.5-1HR
948,BEL_BETR001,2025-03-22,4.99,13.85,68.42,0,2.97,135.74,1002.91,19743.56,0.41,3.074,2400.0,0.017,PM2.5-1HR
948,BEL_BETREG1,2025-03-23,2.17,11.81,76.08,0,2.55,178.09,1003.51,7139.32,0.24,2.836,2400.0,0.02,PM2.5-1HR
948,BEL_BETR012,2025-03-23,1.85,11.59,76.46,0,2.62,177.37,1003.52,4584.58,0.17,2.738,2400.0,0.456,PM2.5-1HR
948,BEL_BETB011,2025-03-23,1.8,11.81,76.08,0,2.55,178.09,1003.51,4791.88,0.24,2.836,2400.0,0.943,PM2.5-1HR
948,BEL_BETMEU1,2025-03-23,2.17,11.81,75.88,0,2.38,178.79,1003.49,2936.26,0.27,2.878,2400.0,0.194,PM2.5-1HR
948,BEL_BETN043,2025-03-23,1.69,11.81,76.08,0,2.55,178.09,1003.51,5270.67,0.24,2.836,2400.0,0.014,PM2.5-1HR
948,BEL_BETR001,2025-03-23,2.3,11.81,76.08,0,2.55,178.09,1003.51,19743.56,0.24,2.836,2400.0,0.017,PM2.5-1HR
948,BEL_BETREG1,2025-03-24,22.2,10.33,80.96,0,1.83,278.88,1014.85,7139.32,4.78,9.192,2400.0,0.02,PM2.5-1HR
948,BEL_BETB011,2025-03-24,22.3,10.33,80.96,0,1.83,278.88,1014.85,4791.88,4.78,9.192,2400.0,0.943,PM2.5-1HR
948,BEL_BETMEU1,2025-03-24,22.53,9.96,80.96,0,1.77,278.73,1014.85,2936.26,5,9.5,2400.0,0.194,PM2.5-1HR
948,BEL_BETN043,2025-03-24,18,10.33,80.96,0,1.83,278.88,1014.85,5270.67,4.78,9.192,2400.0,0.014,PM2.5-1HR
948,BEL_BETR001,2025-03-24,22.01,10.33,80.96,0,1.83,278.88,1014.85,19743.56,4.78,9.192,2400.0,0.017,PM2.5-1HR
948,BEL_BETR012,2025-03-24,19.13,10.09,81.92,0,1.69,277.61,1014.83,4584.58,4.57,8.898,2400.0,0.456,PM2.5-1HR
948,BEL_BETREG1,2025-03-25,48.13,8.65,81.75,0.02,2.28,284.79,1021.53,7139.32,32.79,48.406,2400.0,0.02,PM2.5-1HR
948,BEL_BETB011,2025-03-25,47.2,8.65,81.75,0.02,2.28,284.79,1021.53,4791.88,32.79,48.406,2400.0,0.943,PM2.5-1HR
948,BEL_BETMEU1,2025-03-25,50.08,8.78,80.46,0.02,2.34,281.17,1021.46,2936.26,33,48.7,2400.0,0.194,PM2.5-1HR
948,BEL_BETN043,2025-03-25,39.89,8.65,81.75,0.02,2.28,284.79,1021.53,5270.67,32.79,48.406,2400.0,0.014,PM2.5-1HR
948,BEL_BETR001,2025-03-25,46.77,8.65,81.75,0.02,2.28,284.79,1021.53,19743.56,32.79,48.406,2400.0,0.017,PM2.5-1HR
948,BEL_BETR012,2025-03-25,44.72,8.47,82.88,0.01,2.19,286.35,1021.57,4584.58,32.11,47.454,2400.0,0.456,PM2.5-1HR
948,BEL_BETREG1,2025-03-26,13.91,8.86,82.13,0.02,2.53,14.85,1024.2,7139.32,5.21,9.794,2400.0,0.02,PM2.5-1HR
948,BEL_BETB011,2025-03-26,15.76,8.86,82.13,0.02,2.53,14.85,1024.2,4791.88,5.21,9.794,2400.0,0.943,PM2.5-1HR
948,BEL_BETMEU1,2025-03-26,14.51,8.7,82,0.02,2.45,14.18,1024.23,2936.26,5.25,9.85,2400.0,0.194,PM2.5-1HR
948,BEL_BETN043,2025-03-26,11.56,8.86,82.13,0.02,2.53,14.85,1024.2,5270.67,5.21,9.794,2400.0,0.014,PM2.5-1HR
948,BEL_BETR001,2025-03-26,14.42,8.86,82.13,0.02,2.53,14.85,1024.2,19743.56,5.21,9.794,2400.0,0.017,PM2.5-1HR
948,BEL_BETR012,2025-03-26,12.24,8.69,82.88,0.03,2.48,15.38,1024.15,4584.58,5.18,9.752,2400.0,0.456,PM2.5-1HR
948,BEL_BETREG1,2025-03-27,20.94,8.26,77.33,0,0.56,102.06,1021.65,7139.32,8.9,14.96,2400.0,0.02,PM2.5-1HR
948,BEL_BETB011,2025-03-27,18.72,8.26,77.33,0,0.56,102.06,1021.65,4791.88,8.9,14.96,2400.0,0.943,PM2.5-1HR
948,BEL_BETMEU1,2025-03-27,20.52,8.11,75.71,0,0.41,157.37,1021.66,2936.26,9.53,15.842,2400.0,0.194,PM2.5-1HR
948,BEL_BETN043,2025-03-27,17,8.26,77.33,0,0.56,102.06,1021.65,5270.67,8.9,14.96,2400.0,0.014,PM2.5-1HR
948,BEL_BETR001,2025-03-27,21.79,8.26,77.33,0,0.56,102.06,1021.65,19743.56,8.9,14.96,2400.0,0.017,PM2.5-1HR
948,BEL_BETR012,2025-03-27,16.63,7.93,79.29,0,0.75,98.61,1021.63,4584.58,8.65,14.61,2400.0,0.456,PM2.5-1HR
948,BEL_BETREG1,2025-03-28,22.3,7.69,84.08,0.24,2.57,243.33,1013.48,7139.32,4.55,8.87,2400.0,0.02,PM2.5-1HR
948,BEL_BETB011,2025-03-28,19.02,7.69,84.08,0.24,2.57,243.33,1013.48,4791.88,4.55,8.87,2400.0,0.943,PM2.5-1HR
948,BEL_BETMEU1,2025-03-28,22.51,7.5,83.88,0.22,2.47,243.22,1013.43,2936.26,4.55,8.87,2400.0,0.194,PM2.5-1HR
948,BEL_BETN043,2025-03-28,17.03,7.69,84.08,0.24,2.57,243.33,1013.48,5270.67,4.55,8.87,2400.0,0.014,PM2.5-1HR
948,BEL_BETR001,2025-03-28,20.59,7.69,84.08,0.24,2.57,243.33,1013.48,19743.56,4.55,8.87,2400.0,0.017,PM2.5-1HR
948,BEL_BETR012,2025-03-28,19.22,7.42,85.33,0.23,2.49,243.25,1013.51,4584.58,4.69,9.066,2400.0,0.456,PM2.5-1HR
948,BEL_BETREG1,2025-03-29,8.41,8.18,74.63,0.02,2.84,314.02,1019.78,7139.32,4.14,8.296,2400.0,0.02,PM2.5-1HR
948,BEL_BETB011,2025-03-29,7.77,8.18,74.63,0.02,2.84,314.02,1019.78,4791.88,4.14,8.296,2400.0,0.943,PM2.5-1HR
948,BEL_BETMEU1,2025-03-29,9.45,8.06,75.17,0.02,2.66,310.03,1019.75,2936.26,4.04,8.156,2400.0,0.194,PM2.5-1HR
948,BEL_BETN043,2025-03-29,5.88,8.18,74.63,0.02,2.84,314.02,1019.78,5270.67,4.14,8.296,2400.0,0.014,PM2.5-1HR
948,BEL_BETR001,2025-03-29,9.38,8.18,74.63,0.02,2.84,314.02,1019.78,19743.56,4.14,8.296,2400.0,0.017,PM2.5-1HR
948,BEL_BETR012,2025-03-29,8.07,8.02,75.58,0.03,2.75,317.83,1019.78,4584.58,4.22,8.408,2400.0,0.456,PM2.5-1HR
948,BEL_BETREG1,2025-03-30,6.9,9.18,72.17,0.02,4.89,274.93,1019.36,7139.32,3.03,6.742,2400.0,0.02,PM2.5-1HR
948,BEL_BETB011,2025-03-30,6.55,9.18,72.17,0.02,4.89,274.93,1019.36,4791.88,3.03,6.742,2400.0,0.943,PM2.5-1HR
948,BEL_BETMEU1,2025-03-30,6.46,9.35,71.09,0.02,4.91,274.22,1019.22,2936.26,3.13,6.882,2400.0,0.194,PM2.5-1HR
948,BEL_BETN043,2025-03-30,4.95,9.18,72.17,0.02,4.89,274.93,1019.36,5270.67,3.03,6.742,2400.0,0.014,PM2.5-1HR
948,BEL_BETR001,2025-03-30,6.99,9.18,72.17,0.02,4.89,274.93,1019.36,19743.56,3.03,6.742,2400.0,0.017,PM2.5-1HR
948,BEL_BETR012,2025-03-30,5.52,9.05,72.65,0.01,4.79,274.78,1019.47,4584.58,2.94,6.616,2400.0,0.456,PM2.5-1HR
948,BEL_BETREG1,2025-03-31,10.01,8.48,74.29,0,2.77,350.34,1026.71,7139.32,5.93,10.802,2400.0,0.02,PM2.5-1HR
948,BEL_BETB011,2025-03-31,9.47,8.48,74.29,0,2.77,350.34,1026.71,4791.88,5.93,10.802,2400.0,0.943,PM2.5-1HR
948,BEL_BETMEU1,2025-03-31,8.86,8.41,74.63,0,2.53,348.78,1026.72,2936.26,6.02,10.928,2400.0,0.194,PM2.5-1HR
948,BEL_BETN043,2025-03-31,7.15,8.48,74.29,0,2.77,350.34,1026.71,5270.67,5.93,10.802,2400.0,0.014,PM2.5-1HR
948,BEL_BETR001,2025-03-31,10.06,8.48,74.29,0,2.77,350.34,1026.71,19743.56,5.93,10.802,2400.0,0.017,PM2.5-1HR
948,BEL_BETR012,2025-03-31,9.05,8.34,74.88,0,2.73,351.47,1026.69,4584.58,5.81,10.634,2400.0,0.456,PM2.5-1HR
948,BEL_BETR012,2025-04-01,4.69,8.03,66.75,0,3.96,69.18,1026.17,4584.58,2.48,5.972,2400.0,0.456,PM2.5-1HR
948,BEL_BETB011,2025-04-01,5.44,8.15,66.29,0,3.9,69.17,1026.29,4791.88,2.54,6.056,2400.0,0.943,PM2.5-1HR
948,BEL_BETMEU1,2025-04-01,6.69,8.03,67.17,0,3.6,69.24,1026.4,2936.26,2.68,6.252,2400.0,0.194,PM2.5-1HR
948,BEL_BETN043,2025-04-01,6.29,8.15,66.29,0,3.9,69.17,1026.29,5270.67,2.54,6.056,2400.0,0.014,PM2.5-1HR
948,BEL_BETR001,2025-04-01,6.45,8.15,66.29,0,3.9,69.17,1026.29,19743.56,2.54,6.056,2400.0,0.017,PM2.5-1HR
948,BEL_BETREG1,2025-04-01,6.14,8.15,66.29,0,3.9,69.17,1026.29,7139.32,2.54,6.056,2400.0,0.02,PM2.5-1HR
948,BEL_BETR012,2025-04-02,5.89,10.78,59.38,0,4.99,74.9,1021.54,4584.58,4.04,8.156,2400.0,0.456,PM2.5-1HR
948,BEL_BETB011,2025-04-02,6.67,11.04,57.33,0,4.92,76.15,1021.72,4791.88,4.02,8.128,2400.0,0.943,PM2.5-1HR
948,BEL_BETMEU1,2025-04-02,7.75,11.03,57.5,0,4.68,77.26,1021.88,2936.26,4.11,8.254,2400.0,0.194,PM2.5-1HR
948,BEL_BETN043,2025-04-02,8.2,11.04,57.33,0,4.92,76.15,1021.72,5270.67,4.02,8.128,2400.0,0.014,PM2.5-1HR
948,BEL_BETR001,2025-04-02,7.64,11.04,57.33,0,4.92,76.15,1021.72,19743.56,4.02,8.128,2400.0,0.017,PM2.5-1HR
948,BEL_BETREG1,2025-04-02,7.27,11.04,57.33,0,4.92,76.15,1021.72,7139.32,4.02,8.128,2400.0,0.02,PM2.5-1HR
948,BEL_BETR012,2025-04-03,9.69,13.58,62.79,0,3.62,89.41,1020.91,4584.58,7.36,12.804,2400.0,0.456,PM2.5-1HR
948,BEL_BETB011,2025-04-03,11.22,14.11,57.75,0,3.72,90.81,1021.02,4791.88,7.52,13.028,2400.0,0.943,PM2.5-1HR
948,BEL_BETMEU1,2025-04-03,13.05,13.74,61.63,0,3.5,90.25,1021.11,2936.26,7.73,13.322,2400.0,0.194,PM2.5-1HR
948,BEL_BETN043,2025-04-03,10.34,14.11,57.75,0,3.72,90.81,1021.02,5270.67,7.52,13.028,2400.0,0.014,PM2.5-1HR
948,BEL_BETR001,2025-04-03,12.02,14.11,57.75,0,3.72,90.81,1021.02,19743.56,7.52,13.028,2400.0,0.017,PM2.5-1HR
948,BEL_BETREG1,2025-04-03,11.36,14.11,57.75,0,3.72,90.81,1021.02,7139.32,7.52,13.028,2400.0,0.02,PM2.5-1HR
948,BEL_BETR012,2025-04-04,8.88,15.27,53.79,0,2.8,86.4,1019.11,4584.58,4.5,8.8,2400.0,0.456,PM2.5-1HR
948,BEL_BETB011,2025-04-04,11.19,15.75,48.79,0,2.91,83.93,1019.2,4791.88,4.65,9.01,2400.0,0.943,PM2.5-1HR
948,BEL_BETMEU1,2025-04-04,13.55,14.23,62.75,0,2.41,81.83,1019.29,2936.26,4.78,9.192,2400.0,0.194,PM2.5-1HR
948,BEL_BETN043,2025-04-04,18.44,15.75,48.79,0,2.91,83.93,1019.2,5270.67,4.65,9.01,2400.0,0.014,PM2.5-1HR
948,BEL_BETR001,2025-04-04,13.9,15.75,48.79,0,2.91,83.93,1019.2,19743.56,4.65,9.01,2400.0,0.017,PM2.5-1HR
948,BEL_BETREG1,2025-04-04,11.43,15.75,48.79,0,2.91,83.93,1019.2,7139.32,4.65,9.01,2400.0,0.02,PM2.5-1HR
948,BEL_BETB011,2025-04-05,9.96,13.9,51.79,0,3.73,47.67,1017.49,4791.88,7.34,12.776,2400.0,0.943,PM2.5-1HR
948,BEL_BETMEU1,2025-04-05,10.41,12.86,60.79,0,3.4,46.91,1017.64,2936.26,7.57,13.098,2400.0,0.194,PM2.5-1HR
948,BEL_BETN043,2025-04-05,8.88,13.9,51.79,0,3.73,47.67,1017.49,5270.67,7.34,12.776,2400.0,0.014,PM2.5-1HR
948,BEL_BETR001,2025-04-05,11.43,13.9,51.79,0,3.73,47.67,1017.49,19743.56,7.34,12.776,2400.0,0.017,PM2.5-1HR
948,BEL_BETR012,2025-04-05,9.94,13.97,51.29,0,3.68,50.21,1017.32,4584.58,7.28,12.692,2400.0,0.456,PM2.5-1HR
948,BEL_BETREG1,2025-04-05,10.88,13.9,51.79,0,3.73,47.67,1017.49,7139.32,7.34,12.776,2400.0,0.02,PM2.5-1HR
948,BEL_BETB011,2025-04-06,2.22,10.05,39.13,0,4.13,70.04,1022.43,4791.88,1.2,4.18,2400.0,0.943,PM2.5-1HR
948,BEL_BETMEU1,2025-04-06,2.16,9.31,47.58,0,3.96,69.3,1022.58,2936.26,1.28,4.292,2400.0,0.194,PM2.5-1HR
948,BEL_BETN043,2025-04-06,1.68,10.05,39.13,0,4.13,70.04,1022.43,5270.67,1.2,4.18,2400.0,0.014,PM2.5-1HR
948,BEL_BETR001,2025-04-06,2.76,10.05,39.13,0,4.13,70.04,1022.43,19743.56,1.2,4.18,2400.0,0.017,PM2.5-1HR
948,BEL_BETR012,2025-04-06,1.82,9.97,40.58,0,4.13,71.46,1022.28,4584.58,1.19,4.166,2400.0,0.456,PM2.5-1HR
948,BEL_BETREG1,2025-04-06,2.32,10.05,39.13,0,4.13,70.04,1022.43,7139.32,1.2,4.18,2400.0,0.02,PM2.5-1HR
948,BEL_BETB011,2025-04-07,6.48,8.61,41.96,0,2.67,62.83,1025.23,4791.88,2.6,6.14,2400.0,0.943,PM2.5-1HR
948,BEL_BETMEU1,2025-04-07,7.16,7.57,54.21,0,2.32,60.9,1025.32,2936.26,2.66,6.224,2400.0,0.194,PM2.5-1HR
948,BEL_BETN043,2025-04-07,8.92,8.61,41.96,0,2.67,62.83,1025.23,5270.67,2.6,6.14,2400.0,0.014,PM2.5-1HR
948,BEL_BETR001,2025-04-07,7.61,8.61,41.96,0,2.67,62.83,1025.23,19743.56,2.6,6.14,2400.0,0.017,PM2.5-1HR
948,BEL_BETR012,2025-04-07,5.38,8.46,42.5,0,2.59,65.68,1025.13,4584.58,2.58,6.112,2400.0,0.456,PM2.5-1HR
948,BEL_BETREG1,2025-04-07,6.78,8.61,41.96,0,2.67,62.83,1025.23,7139.32,2.6,6.14,2400.0,0.02,PM2.5-1HR
948,BEL_BETB011,2025-04-08,9.45,10.94,42.75,0,2.25,62.6,1026.05,4791.88,4.62,8.968,2400.0,0.943,PM2.5-1HR
948,BEL_BETMEU1,2025-04-08,11.65,9.45,57.46,0,1.89,58.84,1026.15,2936.26,4.71,9.094,2400.0,0.194,PM2.5-1HR
948,BEL_BETN043,2025-04-08,12.58,10.94,42.75,0,2.25,62.6,1026.05,5270.67,4.62,8.968,2400.0,0.014,PM2.5-1HR
948,BEL_BETR001,2025-04-08,10.84,10.94,42.75,0,2.25,62.6,1026.05,19743.56,4.62,8.968,2400.0,0.017,PM2.5-1HR
948,BEL_BETR012,2025-04-08,7.23,10.81,43.08,0,2.16,69.56,1025.97,4584.58,4.44,8.716,2400.0,0.456,PM2.5-1HR
948,BEL_BETREG1,2025-04-08,10.04,10.94,42.75,0,2.25,62.6,1026.05,7139.32,4.62,8.968,2400.0,0.02,PM2.5-1HR
948,BEL_BETB011,2025-04-09,13.22,9.82,65.54,0,2.87,16.93,1025.89,4791.88,6.17,11.138,2400.0,0.943,PM2.5-1HR
948,BEL_BETMEU1,2025-04-09,12.35,9.03,73.21,0,2.48,15.2,1025.99,2936.26,6.17,11.138,2400.0,0.194,PM2.5-1HR
948,BEL_BETN043,2025-04-09,10.41,9.82,65.54,0,2.87,16.93,1025.89,5270.67,6.17,11.138,2400.0,0.014,PM2.5-1HR
948,BEL_BETR001,2025-04-09,12.86,9.82,65.54,0,2.87,16.93,1025.89,19743.56,6.17,11.138,2400.0,0.017,PM2.5-1HR
948,BEL_BETR012,2025-04-09,12.68,9.86,64.17,0,2.86,19.24,1025.76,4584.58,6.09,11.026,2400.0,0.456,PM2.5-1HR
948,BEL_BETREG1,2025-04-09,13.79,9.82,65.54,0,2.87,16.93,1025.89,7139.32,6.17,11.138,2400.0,0.02,PM2.5-1HR
948,BEL_BETB011,2025-04-10,14.39,9.33,67.63,0,2.62,350.23,1029.09,4791.88,8.3,14.12,2400.0,0.943,PM2.5-1HR
948,BEL_BETMEU1,2025-04-10,14.24,8.92,74.04,0,2.33,343.91,1029.11,2936.26,8.29,14.106,2400.0,0.194,PM2.5-1HR
948,BEL_BETN043,2025-04-10,11.36,9.33,67.63,0,2.62,350.23,1029.09,5270.67,8.3,14.12,2400.0,0.014,PM2.5-1HR
948,BEL_BETR001,2025-04-10,14.53,9.33,67.63,0,2.62,350.23,1029.09,19743.56,8.3,14.12,2400.0,0.017,PM2.5-1HR
948,BEL_BETR012,2025-04-10,15.03,9.23,67.25,0,2.61,354.21,1029.07,4584.58,8.28,14.092,2400.0,0.456,PM2.5-1HR
948,BEL_BETREG1,2025-04-10,15.44,9.33,67.63,0,2.62,350.23,1029.09,7139.32,8.3,14.12,2400.0,0.02,PM2.5-1HR
948,BEL_BETB011,2025-04-11,15.59,10.75,66.75,0,1.43,300.7,1023.11,4791.88,8.14,13.896,2400.0,0.943,PM2.5-1HR
948,BEL_BETMEU1,2025-04-11,16.95,9.61,75.54,0,1.23,293.54,1023.13,2936.26,8.22,14.008,2400.0,0.194,PM2.5-1HR
948,BEL_BETN043,2025-04-11,14.45,10.75,66.75,0,1.43,300.7,1023.11,5270.67,8.14,13.896,2400.0,0.014,PM2.5-1HR
948,BEL_BETR001,2025-04-11,17.68,10.75,66.75,0,1.43,300.7,1023.11,19743.56,8.14,13.896,2400.0,0.017,PM2.5-1HR
948,BEL_BETR012,2025-04-11,15.14,10.69,66.21,0,1.28,301.62,1023.1,4584.58,7.99,13.686,2400.0,0.456,PM2.5-1HR
948,BEL_BETREG1,2025-04-11,19.08,10.75,66.75,0,1.43,300.7,1023.11,7139.32,8.14,13.896,2400.0,0.02,PM2.5-1HR
948,BEL_BETB011,2025-04-12,14.22,15.98,49.08,0,3.34,122.8,1010.11,4791.88,4.29,8.506,2400.0,0.943,PM2.5-1HR
948,BEL_BETMEU1,2025-04-12,16.41,14.68,59.92,0,2.86,121.41,1010.16,2936.26,4.48,8.772,2400.0,0.194,PM2.5-1HR
948,BEL_BETN043,2025-04-12,12.31,15.98,49.08,0,3.34,122.8,1010.11,5270.67,4.29,8.506,2400.0,0.014,PM2.5-1HR
948,BEL_BETR001,2025-04-12,15.28,15.98,49.08,0,3.34,122.8,1010.11,19743.56,4.29,8.506,2400.0,0.017,PM2.5-1HR
948,BEL_BETR012,2025-04-12,10.83,15.72,49.96,0,3.31,123.03,1010.09,4584.58,4.13,8.282,2400.0,0.456,PM2.5-1HR
948,BEL_BETREG1,2025-04-12,13.49,15.98,49.08,0,3.34,122.8,1010.11,7139.32,4.29,8.506,2400.0,0.02,PM2.5-1HR
948,BEL_BETB011,2025-04-13,11.7,14.06,74,0.1,4.35,222.32,1004.62,4791.88,2.61,6.154,2400.0,0.943,PM2.5-1HR
948,BEL_BETMEU1,2025-04-13,12.06,13.79,77.46,0.07,4.28,222.89,1004.5,2936.26,2.66,6.224,2400.0,0.194,PM2.5-1HR
948,BEL_BETN043,2025-04-13,10.1,14.06,74,0.1,4.35,222.32,1004.62,5270.67,2.61,6.154,2400.0,0.014,PM2.5-1HR
948,BEL_BETR001,2025-04-13,12.15,14.06,74,0.1,4.35,222.32,1004.62,19743.56,2.61,6.154,2400.0,0.017,PM2.5-1HR
948,BEL_BETR012,2025-04-13,11.09,13.92,74.17,0.1,4.32,222.04,1004.73,4584.58,2.53,6.042,2400.0,0.456,PM2.5-1HR
948,BEL_BETREG1,2025-04-13,12.46,14.06,74,0.1,4.35,222.32,1004.62,7139.32,2.61,6.154,2400.0,0.02,PM2.5-1HR
948,BEL_BETB011,2025-04-14,5.04,13.13,63.88,0,2.12,183.59,1007.71,4791.88,2.27,5.678,2400.0,0.943,PM2.5-1HR
948,BEL_BETMEU1,2025-04-14,6.12,12.75,66.42,0,2,184.2,1007.69,2936.26,2.23,5.622,2400.0,0.194,PM2.5-1HR
948,BEL_BETN043,2025-04-14,4.52,13.13,63.88,0,2.12,183.59,1007.71,5270.67,2.27,5.678,2400.0,0.014,PM2.5-1HR
948,BEL_BETR001,2025-04-14,7.18,13.13,63.88,0,2.12,183.59,1007.71,19743.56,2.27,5.678,2400.0,0.017,PM2.5-1HR
948,BEL_BETR012,2025-04-14,5.2,13.11,62.33,0.01,2.13,183.13,1007.7,4584.58,2.33,5.762,2400.0,0.456,PM2.5-1HR
948,BEL_BETREG1,2025-04-14,5.53,13.13,63.88,0,2.12,183.59,1007.71,7139.32,2.27,5.678,2400.0,0.02,PM2.5-1HR
948,BEL_BETB011,2025-04-15,3.88,15.08,66.29,0,3.76,171.12,998.63,4791.88,1.46,4.544,2400.0,0.943,PM2.5-1HR
948,BEL_BETMEU1,2025-04-15,5.21,14.84,68.46,0,3.48,170.18,998.61,2936.26,1.57,4.698,2400.0,0.194,PM2.5-1HR
948,BEL_BETN043,2025-04-15,4.11,15.08,66.29,0,3.76,171.12,998.63,5270.67,1.46,4.544,2400.0,0.014,PM2.5-1HR
948,BEL_BETR001,2025-04-15,4.42,15.08,66.29,0,3.76,171.12,998.63,19743.56,1.46,4.544,2400.0,0.017,PM2.5-1HR
948,BEL_BETR012,2025-04-15,3.18,14.94,66.63,0,3.86,171.87,998.64,4584.58,1.49,4.586,2400.0,0.456,PM2.5-1HR
948,BEL_BETREG1,2025-04-15,4.3,15.08,66.29,0,3.76,171.12,998.63,7139.32,1.46,4.544,2400.0,0.02,PM2.5-1HR
948,BEL_BETB011,2025-04-16,3.57,11.06,67.38,0,2.74,216.96,1007.75,4791.88,1.73,4.922,2400.0,0.943,PM2.5-1HR
948,BEL_BETMEU1,2025-04-16,3.26,11.01,68.5,0,2.7,217.75,1007.7,2936.26,1.77,4.978,2400.0,0.194,PM2.5-1HR
948,BEL_BETN043,2025-04-16,2.88,11.06,67.38,0,2.74,216.96,1007.75,5270.67,1.73,4.922,2400.0,0.014,PM2.5-1HR
948,BEL_BETR001,2025-04-16,3.29,11.06,67.38,0,2.74,216.96,1007.75,19743.56,1.73,4.922,2400.0,0.017,PM2.5-1HR
948,BEL_BETR012,2025-04-16,2.9,10.82,68.88,0,2.67,215.23,1007.8,4584.58,1.75,4.95,2400.0,0.456,PM2.5-1HR
948,BEL_BETREG1,2025-04-16,4.38,11.06,67.38,0,2.74,216.96,1007.75,7139.32,1.73,4.922,2400.0,0.02,PM2.5-1HR
948,BEL_BETB011,2025-04-17,7.25,9.78,75.79,0.03,1.13,178.13,1013.05,4791.88,4.19,8.366,2400.0,0.943,PM2.5-1HR
948,BEL_BETMEU1,2025-04-17,7.55,9.82,75.71,0.03,1.08,179.12,1013.04,2936.26,4.23,8.422,2400.0,0.194,PM2.5-1HR
948,BEL_BETN043,2025-04-17,5.91,9.78,75.79,0.03,1.13,178.13,1013.05,5270.67,4.19,8.366,2400.0,0.014,PM2.5-1HR
948,BEL_BETR001,2025-04-17,7.87,9.78,75.79,0.03,1.13,178.13,1013.05,19743.56,4.19,8.366,2400.0,0.017,PM2.5-1HR
948,BEL_BETR012,2025-04-17,5.61,9.45,77.13,0.04,1.13,161.65,1013.08,4584.58,4.28,8.492,2400.0,0.456,PM2.5-1HR
948,BEL_BETREG1,2025-04-17,7.09,9.78,75.79,0.03,1.13,178.13,1013.05,7139.32,4.19,8.366,2400.0,0.02,PM2.5-1HR
948,BEL_BETB011,2025-04-18,9.05,10.94,67.42,0,1.93,170.11,1014.45,4791.88,3.73,7.722,2400.0,0.943,PM2.5-1HR
948,BEL_BETMEU1,2025-04-18,9.57,10.8,70.46,0,1.8,168.54,1014.45,2936.26,3.88,7.932,2400.0,0.194,PM2.5-1HR
948,BEL_BETN043,2025-04-18,7.71,10.94,67.42,0,1.93,170.11,1014.45,5270.67,3.73,7.722,2400.0,0.014,PM2.5-1HR
948,BEL_BETR001,2025-04-18,9.53,10.94,67.42,0,1.93,170.11,1014.45,19743.56,3.73,7.722,2400.0,0.017,PM2.5-1HR
948,BEL_BETR012,2025-04-18,8.22,10.63,69.58,0,1.87,166.6,1014.45,4584.58,3.64,7.596,2400.0,0.456,PM2.5-1HR
948,BEL_BETREG1,2025-04-18,9.7,10.94,67.42,0,1.93,170.11,1014.45,7139.32,3.73,7.722,2400.0,0.02,PM2.5-1HR
948,BEL_BETB011,2025-04-19,6.43,11.86,60.42,0,3.29,85.42,1008.88,4791.88,2.66,6.224,2400.0,0.943,PM2.5-1HR
948,BEL_BETMEU1,2025-04-19,7.55,11.48,65.25,0,3.04,84.72,1008.96,2936.26,2.77,6.378,2400.0,0.194,PM2.5-1HR
948,BEL_BETN043,2025-04-19,5.39,11.86,60.42,0,3.29,85.42,1008.88,5270.67,2.66,6.224,2400.0,0.014,PM2.5-1HR
948,BEL_BETR001,2025-04-19,7.44,11.86,60.42,0,3.29,85.42,1008.88,19743.56,2.66,6.224,2400.0,0.017,PM2.5-1HR
948,BEL_BETR012,2025-04-19,5.64,11.61,62.71,0,3.3,85.65,1008.78,4584.58,2.51,6.014,2400.0,0.456,PM2.5-1HR
948,BEL_BETREG1,2025-04-19,6.81,11.86,60.42,0,3.29,85.42,1008.88,7139.32,2.66,6.224,2400.0,0.02,PM2.5-1HR
948,BEL_BETB011,2025-04-20,11.27,11.87,71.58,0.1,2.13,88.28,1006.35,4791.88,4.79,9.206,2400.0,0.943,PM2.5-1HR
948,BEL_BETMEU1,2025-04-20,11.75,11.53,76,0.16,1.98,73.88,1006.42,2936.26,4.8,9.22,2400.0,0.194,PM2.5-1HR
948,BEL_BETN043,2025-04-20,8.39,11.87,71.58,0.1,2.13,88.28,1006.35,5270.67,4.79,9.206,2400.0,0.014,PM2.5-1HR
948,BEL_BETR001,2025-04-20,10.67,11.87,71.58,0.1,2.13,88.28,1006.35,19743.56,4.79,9.206,2400.0,0.017,PM2.5-1HR
948,BEL_BETR012,2025-04-20,9.48,11.75,72.67,0.1,2.22,101.6,1006.29,4584.58,4.5,8.8,2400.0,0.456,PM2.5-1HR
948,BEL_BETREG1,2025-04-20,10.15,11.87,71.58,0.1,2.13,88.28,1006.35,7139.32,4.79,9.206,2400.0,0.02,PM2.5-1HR
948,BEL_BETB011,2025-04-21,4.54,11.72,80.13,0.07,1.94,199.84,1009.73,4791.88,0.37,3.018,2400.0,0.943,PM2.5-1HR
948,BEL_BETMEU1,2025-04-21,4.43,11.42,83.29,0.05,1.76,200.2,1009.7,2936.26,0.43,3.102,2400.0,0.194,PM2.5-1HR
948,BEL_BETN043,2025-04-21,3.31,11.72,80.13,0.07,1.94,199.84,1009.73,5270.67,0.37,3.018,2400.0,0.014,PM2.5-1HR
948,BEL_BETR001,2025-04-21,4.44,11.72,80.13,0.07,1.94,199.84,1009.73,19743.56,0.37,3.018,2400.0,0.017,PM2.5-1HR
948,BEL_BETR012,2025-04-21,2.89,11.59,79.08,0.03,1.92,199.94,1009.74,4584.58,0.39,3.046,2400.0,0.456,PM2.5-1HR
948,BEL_BETREG1,2025-04-21,3.9,11.72,80.13,0.07,1.94,199.84,1009.73,7139.32,0.37,3.018,2400.0,0.02,PM2.5-1HR
948,BEL_BETREG1,2025-04-22,11.24,12.4,75.04,0,2.43,244.83,1017.06,7139.32,3.21,6.994,2400.0,0.02,PM2.5-1HR
948,BEL_BETB011,2025-04-22,10.22,12.4,75.04,0,2.43,244.83,1017.06,4791.88,3.21,6.994,2400.0,0.943,PM2.5-1HR
948,BEL_BETMEU1,2025-04-22,10.6,12.25,76.75,0,2.48,244.5,1016.99,2936.26,3.29,7.106,2400.0,0.194,PM2.5-1HR
948,BEL_BETN043,2025-04-22,8.84,12.4,75.04,0,2.43,244.83,1017.06,5270.67,3.21,6.994,2400.0,0.014,PM2.5-1HR
948,BEL_BETR001,2025-04-22,10.41,12.4,75.04,0,2.43,244.83,1017.06,19743.56,3.21,6.994,2400.0,0.017,PM2.5-1HR
948,BEL_BETR012,2025-04-22,9.44,12.27,75.38,0,2.38,240.43,1017.13,4584.58,3.21,6.994,2400.0,0.456,PM2.5-1HR
948,BEL_BETB011,2025-04-23,6.52,11.18,78.38,0.13,1.75,171.69,1014.99,4791.88,2.95,6.63,2400.0,0.943,PM2.5-1HR
948,BEL_BETREG1,2025-04-23,7.27,11.18,78.38,0.13,1.75,171.69,1014.99,7139.32,2.95,6.63,2400.0,0.02,PM2.5-1HR
948,BEL_BETMEU1,2025-04-23,7.94,11.15,79.54,0.16,1.44,169.66,1014.95,2936.26,3.12,6.868,2400.0,0.194,PM2.5-1HR
948,BEL_BETN043,2025-04-23,5.92,11.18,78.38,0.13,1.75,171.69,1014.99,5270.67,2.95,6.63,2400.0,0.014,PM2.5-1HR
948,BEL_BETR001,2025-04-23,7.38,11.18,78.38,0.13,1.75,171.69,1014.99,19743.56,2.95,6.63,2400.0,0.017,PM2.5-1HR
948,BEL_BETR012,2025-04-23,6.04,10.81,79.13,0.14,1.92,172.72,1015,4584.58,2.88,6.532,2400.0,0.456,PM2.5-1HR
948,BEL_BETB011,2025-04-24,19.38,10.6,91.63,0.35,3.17,314.38,1017.41,4791.88,5.44,10.116,2400.0,0.943,PM2.5-1HR
948,BEL_BETREG1,2025-04-24,20.09,10.6,91.63,0.35,3.17,314.38,1017.41,7139.32,5.44,10.116,2400.0,0.02,PM2.5-1HR
948,BEL_BETMEU1,2025-04-24,19.6,10.68,92.46,0.35,3.11,316.07,1017.4,2936.26,5.62,10.368,2400.0,0.194,PM2.5-1HR
948,BEL_BETN043,2025-04-24,15.46,10.6,91.63,0.35,3.17,314.38,1017.41,5270.67,5.44,10.116,2400.0,0.014,PM2.5-1HR
948,BEL_BETR001,2025-04-24,19.56,10.6,91.63,0.35,3.17,314.38,1017.41,19743.56,5.44,10.116,2400.0,0.017,PM2.5-1HR
948,BEL_BETR012,2025-04-24,17.19,10.38,92.25,0.35,3.12,309.94,1017.42,4584.58,5.37,10.018,2400.0,0.456,PM2.5-1HR
948,BEL_BETB011,2025-04-25,14.11,11.22,80,0.03,2.7,38.78,1021.65,4791.88,10,16.5,2400.0,0.943,PM2.5-1HR
948,BEL_BETREG1,2025-04-25,14.79,11.22,80,0.03,2.7,38.78,1021.65,7139.32,10,16.5,2400.0,0.02,PM2.5-1HR
948,BEL_BETMEU1,2025-04-25,14.93,11.14,80.75,0.03,2.49,38.8,1021.69,2936.26,10.11,16.654,2400.0,0.194,PM2.5-1HR
948,BEL_BETN043,2025-04-25,11.41,11.22,80,0.03,2.7,38.78,1021.65,5270.67,10,16.5,2400.0,0.014,PM2.5-1HR
948,BEL_BETR001,2025-04-25,14.74,11.22,80,0.03,2.7,38.78,1021.65,19743.56,10,16.5,2400.0,0.017,PM2.5-1HR
948,BEL_BETR012,2025-04-25,14.48,11.11,80.96,0.03,2.7,38.62,1021.6,4584.58,9.85,16.29,2400.0,0.456,PM2.5-1HR
948,BEL_BETB011,2025-04-26,16.84,11.84,72.54,0,2.52,66.29,1021.59,4791.88,5.11,9.654,2400.0,0.943,PM2.5-1HR
948,BEL_BETREG1,2025-04-26,16.93,11.84,72.54,0,2.52,66.29,1021.59,7139.32,5.11,9.654,2400.0,0.02,PM2.5-1HR
948,BEL_BETMEU1,2025-04-26,17.13,11.4,74.92,0,2.21,66.49,1021.65,2936.26,5.16,9.724,2400.0,0.194,PM2.5-1HR
948,BEL_BETN043,2025-04-26,13.42,11.84,72.54,0,2.52,66.29,1021.59,5270.67,5.11,9.654,2400.0,0.014,PM2.5-1HR
948,BEL_BETR001,2025-04-26,18.02,11.84,72.54,0,2.52,66.29,1021.59,19743.56,5.11,9.654,2400.0,0.017,PM2.5-1HR
948,BEL_BETR012,2025-04-26,14.35,11.73,72.75,0,2.54,67.19,1021.49,4584.58,5.09,9.626,2400.0,0.456,PM2.5-1HR
948,BEL_BETB011,2025-04-27,11.17,14.52,67.21,0,1.52,24.23,1024.13,4791.88,3.66,7.624,2400.0,0.943,PM2.5-1HR
948,BEL_BETREG1,2025-04-27,11.85,14.52,67.21,0,1.52,24.23,1024.13,7139.32,3.66,7.624,2400.0,0.02,PM2.5-1HR
948,BEL_BETMEU1,2025-04-27,11.44,13.76,70.54,0,1.33,25.28,1024.15,2936.26,3.71,7.694,2400.0,0.194,PM2.5-1HR
948,BEL_BETN043,2025-04-27,9.32,14.52,67.21,0,1.52,24.23,1024.13,5270.67,3.66,7.624,2400.0,0.014,PM2.5-1HR
948,BEL_BETR001,2025-04-27,11.54,14.52,67.21,0,1.52,24.23,1024.13,19743.56,3.66,7.624,2400.0,0.017,PM2.5-1HR
948,BEL_BETR012,2025-04-27,10.26,14.34,68.5,0,1.52,16.31,1024.08,4584.58,3.69,7.666,2400.0,0.456,PM2.5-1HR
948,BEL_BETB011,2025-04-28,12.33,15.43,59.42,0,1.83,34.75,1026.65,4791.88,6.24,11.236,2400.0,0.943,PM2.5-1HR
948,BEL_BETREG1,2025-04-28,12.19,15.43,59.42,0,1.83,34.75,1026.65,7139.32,6.24,11.236,2400.0,0.02,PM2.5-1HR
948,BEL_BETMEU1,2025-04-28,12,14.63,64.38,0,1.52,35.16,1026.7,2936.26,6.32,11.348,2400.0,0.194,PM2.5-1HR
948,BEL_BETN043,2025-04-28,11.89,15.43,59.42,0,1.83,34.75,1026.65,5270.67,6.24,11.236,2400.0,0.014,PM2.5-1HR
948,BEL_BETR001,2025-04-28,12.9,15.43,59.42,0,1.83,34.75,1026.65,19743.56,6.24,11.236,2400.0,0.017,PM2.5-1HR
948,BEL_BETR012,2025-04-28,8.69,15.22,61.33,0,1.79,36.44,1026.59,4584.58,6.24,11.236,2400.0,0.456,PM2.5-1HR
948,BEL_BETB011,2025-04-29,11.54,17.19,48.88,0,2.44,75.2,1025.77,4791.88,7.15,12.51,2400.0,0.943,PM2.5-1HR
948,BEL_BETREG1,2025-04-29,13.23,17.19,48.88,0,2.44,75.2,1025.77,7139.32,7.15,12.51,2400.0,0.02,PM2.5-1HR
948,BEL_BETMEU1,2025-04-29,13.05,15.7,61.83,0,1.9,75.09,1025.84,2936.26,7.35,12.79,2400.0,0.194,PM2.5-1HR
948,BEL_BETN043,2025-04-29,11.99,17.19,48.88,0,2.44,75.2,1025.77,5270.67,7.15,12.51,2400.0,0.014,PM2.5-1HR
948,BEL_BETR001,2025-04-29,14.7,17.19,48.88,0,2.44,75.2,1025.77,19743.56,7.15,12.51,2400.0,0.017,PM2.5-1HR
948,BEL_BETR012,2025-04-29,10.02,16.76,52.04,0,2.51,77.81,1025.71,4584.58,7.16,12.524,2400.0,0.456,PM2.5-1HR
948,BEL_BETB011,2025-04-30,9.49,19.36,48.46,0,1.9,83.17,1022.59,4791.88,4.56,8.884,2400.0,0.943,PM2.5-1HR
948,BEL_BETREG1,2025-04-30,10.39,19.36,48.46,0,1.9,83.17,1022.59,7139.32,4.56,8.884,2400.0,0.02,PM2.5-1HR
948,BEL_BETMEU1,2025-04-30,11,17.73,60.13,0,1.6,82.41,1022.67,2936.26,4.8,9.22,2400.0,0.194,PM2.5-1HR
948,BEL_BETN043,2025-04-30,11.1,19.36,48.46,0,1.9,83.17,1022.59,5270.67,4.56,8.884,2400.0,0.014,PM2.5-1HR
948,BEL_BETR001,2025-04-30,13.46,19.36,48.46,0,1.9,83.17,1022.59,19743.56,4.56,8.884,2400.0,0.017,PM2.5-1HR
948,BEL_BETR012,2025-04-30,7.18,18.94,50.46,0,1.82,94.8,1022.58,4584.58,4.41,8.674,2400.0,0.456,PM2.5-1HR
948,BEL_BETB011,2025-05-01,8.87,21.83,43.08,0,1.94,170.98,1018.16,4791.88,3.22,7.008,2400.0,0.943,PM2.5-1HR
948,BEL_BETMEU1,2025-05-01,11.78,20.2,52.92,0,1.53,177.86,1018.15,2936.26,3.31,7.134,2400.0,0.194,PM2.5-1HR
948,BEL_BETN043,2025-05-01,8.33,21.83,43.08,0,1.94,170.98,1018.16,5270.67,3.22,7.008,2400.0,0.014,PM2.5-1HR
948,BEL_BETR001,2025-05-01,11.5,21.83,43.08,0,1.94,170.98,1018.16,19743.56,3.22,7.008,2400.0,0.017,PM2.5-1HR
948,BEL_BETR012,2025-05-01,6.64,21.29,45.42,0,1.85,169.63,1018.18,4584.58,3.15,6.91,2400.0,0.456,PM2.5-1HR
948,BEL_BETREG1,2025-05-01,10.68,21.83,43.08,0,1.94,170.98,1018.16,7139.32,3.22,7.008,2400.0,0.02,PM2.5-1HR
948,BEL_BETB011,2025-05-02,12.04,22.05,44.13,0,2.74,257.88,1014.69,4791.88,6.98,12.272,2400.0,0.943,PM2.5-1HR
948,BEL_BETMEU1,2025-05-02,14.99,20.9,51.42,0,2.51,258.16,1014.65,2936.26,7.16,12.524,2400.0,0.194,PM2.5-1HR
948,BEL_BETN043,2025-05-02,11.96,22.05,44.13,0,2.74,257.88,1014.69,5270.67,6.98,12.272,2400.0,0.014,PM2.5-1HR
948,BEL_BETR001,2025-05-02,14.32,22.05,44.13,0,2.74,257.88,1014.69,19743.56,6.98,12.272,2400.0,0.017,PM2.5-1HR
948,BEL_BETR012,2025-05-02,10.46,21.7,45.67,0,2.65,251.84,1014.73,4584.58,6.86,12.104,2400.0,0.456,PM2.5-1HR
948,BEL_BETREG1,2025-05-02,12.75,22.05,44.13,0,2.74,257.88,1014.69,7139.32,6.98,12.272,2400.0,0.02,PM2.5-1HR
948,BEL_BETB011,2025-05-03,21.84,15.86,66.42,0.08,2.7,357.68,1011.76,4791.88,3.8,7.82,2400.0,0.943,PM2.5-1HR
948,BEL_BETMEU1,2025-05-03,22.39,15.4,69.71,0.04,2.62,356.94,1011.83,2936.26,3.81,7.834,2400.0,0.194,PM2.5-1HR
948,BEL_BETN043,2025-05-03,17.45,15.86,66.42,0.08,2.7,357.68,1011.76,5270.67,3.8,7.82,2400.0,0.014,PM2.5-1HR
948,BEL_BETR001,2025-05-03,22.76,15.86,66.42,0.08,2.7,357.68,1011.76,19743.56,3.8,7.82,2400.0,0.017,PM2.5-1HR
948,BEL_BETR012,2025-05-03,22.1,15.81,68.17,0.09,2.62,355.71,1011.71,4584.58,3.82,7.848,2400.0,0.456,PM2.5-1HR
948,BEL_BETREG1,2025-05-03,23.59,15.86,66.42,0.08,2.7,357.68,1011.76,7139.32,3.8,7.82,2400.0,0.02,PM2.5-1HR
948,BEL_BETREG1,2025-05-04,4.27,11,63.21,0.03,3.56,344.7,1014.67,7139.32,2.46,5.944,2400.0,0.02,PM2.5-1HR
948,BEL_BETB011,2025-05-04,3.07,11,63.21,0.03,3.56,344.7,1014.67,4791.88,2.46,5.944,2400.0,0.943,PM2.5-1HR
948,BEL_BETMEU1,2025-05-04,3.55,10.89,64.96,0.03,3.42,341.05,1014.71,2936.26,2.43,5.902,2400.0,0.194,PM2.5-1HR
948,BEL_BETN043,2025-05-04,2.58,11,63.21,0.03,3.56,344.7,1014.67,5270.67,2.46,5.944,2400.0,0.014,PM2.5-1HR
948,BEL_BETR001,2025-05-04,4.01,11,63.21,0.03,3.56,344.7,1014.67,19743.56,2.46,5.944,2400.0,0.017,PM2.5-1HR
948,BEL_BETR012,2025-05-04,3.45,10.92,63,0.04,3.51,346.14,1014.62,4584.58,2.44,5.916,2400.0,0.456,PM2.5-1HR
948,BEL_BETREG1,2025-05-05,4.95,9.76,59.96,0,3.57,30.5,1017.48,7139.32,2.04,5.356,2400.0,0.02,PM2.5-1HR
948,BEL_BETB011,2025-05-05,3.91,9.76,59.96,0,3.57,30.5,1017.48,4791.88,2.04,5.356,2400.0,0.943,PM2.5-1HR
948,BEL_BETMEU1,2025-05-05,4.65,9.75,61.38,0,3.44,29.9,1017.58,2936.26,2.09,5.426,2400.0,0.194,PM2.5-1HR
948,BEL_BETN043,2025-05-05,4.59,9.76,59.96,0,3.57,30.5,1017.48,5270.67,2.04,5.356,2400.0,0.014,PM2.5-1HR
948,BEL_BETR001,2025-05-05,4.73,9.76,59.96,0,3.57,30.5,1017.48,19743.56,2.04,5.356,2400.0,0.017,PM2.5-1HR
948,BEL_BETR012,2025-05-05,3.93,9.64,60.67,0,3.53,30.95,1017.38,4584.58,2.05,5.37,2400.0,0.456,PM2.5-1HR
948,BEL_BETREG1,2025-05-06,4.69,10.73,57.79,0,3.94,26.67,1021.1,7139.32,2.26,5.664,2400.0,0.02,PM2.5-1HR
948,BEL_BETB011,2025-05-06,4.12,10.73,57.79,0,3.94,26.67,1021.1,4791.88,2.26,5.664,2400.0,0.943,PM2.5-1HR
948,BEL_BETMEU1,2025-05-06,4.27,10.61,59.96,0,3.75,26.51,1021.22,2936.26,2.28,5.692,2400.0,0.194,PM2.5-1HR
948,BEL_BETN043,2025-05-06,4.73,10.73,57.79,0,3.94,26.67,1021.1,5270.67,2.26,5.664,2400.0,0.014,PM2.5-1HR
948,BEL_BETR001,2025-05-06,4.48,10.73,57.79,0,3.94,26.67,1021.1,19743.56,2.26,5.664,2400.0,0.017,PM2.5-1HR
948,BEL_BETR012,2025-05-06,4.18,10.72,57.33,0,4.01,27.17,1020.98,4584.58,2.2,5.58,2400.0,0.456,PM2.5-1HR
948,BEL_BETREG1,2025-05-07,8.16,11.59,59.88,0,3.38,31.91,1020.67,7139.32,3.41,7.274,2400.0,0.02,PM2.5-1HR
948,BEL_BETB011,2025-05-07,7.23,11.59,59.88,0,3.38,31.91,1020.67,4791.88,3.41,7.274,2400.0,0.943,PM2.5-1HR
948,BEL_BETMEU1,2025-05-07,7.96,11.5,62.29,0,3.29,31.91,1020.72,2936.26,3.45,7.33,2400.0,0.194,PM2.5-1HR
948,BEL_BETN043,2025-05-07,7.37,11.59,59.88,0,3.38,31.91,1020.67,5270.67,3.41,7.274,2400.0,0.014,PM2.5-1HR
948,BEL_BETR001,2025-05-07,8.05,11.59,59.88,0,3.38,31.91,1020.67,19743.56,3.41,7.274,2400.0,0.017,PM2.5-1HR
948,BEL_BETR012,2025-05-07,7.16,11.46,59.83,0,3.33,32.52,1020.62,4584.58,3.38,7.232,2400.0,0.456,PM2.5-1HR
948,BEL_BETREG1,2025-05-08,6.11,13.65,53.13,0,3.43,39.07,1017.58,7139.32,2.55,6.07,2400.0,0.02,PM2.5-1HR
948,BEL_BETB011,2025-05-08,5.1,13.65,53.13,0,3.43,39.07,1017.58,4791.88,2.55,6.07,2400.0,0.943,PM2.5-1HR
948,BEL_BETMEU1,2025-05-08,6.07,13.28,56.75,0,3.26,35.16,1017.69,2936.26,2.6,6.14,2400.0,0.194,PM2.5-1HR
948,BEL_BETN043,2025-05-08,6.1,13.65,53.13,0,3.43,39.07,1017.58,5270.67,2.55,6.07,2400.0,0.014,PM2.5-1HR
948,BEL_BETR001,2025-05-08,6.17,13.65,53.13,0,3.43,39.07,1017.58,19743.56,2.55,6.07,2400.0,0.017,PM2.5-1HR
948,BEL_BETR012,2025-05-08,6.1,13.57,53.25,0,3.38,43.28,1017.5,4584.58,2.58,6.112,2400.0,0.456,PM2.5-1HR
948,BEL_BETB011,2025-05-09,3.54,14.15,39.67,0,3.63,88.52,1019.39,4791.88,2.44,5.916,2400.0,0.943,PM2.5-1HR
948,BEL_BETMEU1,2025-05-09,5.61,13.93,42.13,0,3.25,89.86,1019.4,2936.26,2.56,6.084,2400.0,0.194,PM2.5-1HR
948,BEL_BETN043,2025-05-09,4.84,14.15,39.67,0,3.63,88.52,1019.39,5270.67,2.44,5.916,2400.0,0.014,PM2.5-1HR
948,BEL_BETR001,2025-05-09,4.56,14.15,39.67,0,3.63,88.52,1019.39,19743.56,2.44,5.916,2400.0,0.017,PM2.5-1HR
948,BEL_BETR012,2025-05-09,3.39,13.73,42.04,0,3.63,80.78,1019.32,4584.58,2.3,5.72,2400.0,0.456,PM2.5-1HR
948,BEL_BETREG1,2025-05-09,3.97,14.15,39.67,0,3.63,88.52,1019.39,7139.32,2.44,5.916,2400.0,0.02,PM2.5-1HR
948,BEL_BETB011,2025-05-10,3.47,16,41.54,0,3.18,93.79,1018.93,4791.88,1.83,5.062,2400.0,0.943,PM2.5-1HR
948,BEL_BETMEU1,2025-05-10,4.23,15.45,46.33,0,2.8,97.93,1018.99,2936.26,1.91,5.174,2400.0,0.194,PM2.5-1HR
948,BEL_BETN043,2025-05-10,3.46,16,41.54,0,3.18,93.79,1018.93,5270.67,1.83,5.062,2400.0,0.014,PM2.5-1HR
948,BEL_BETR001,2025-05-10,4.84,16,41.54,0,3.18,93.79,1018.93,19743.56,1.83,5.062,2400.0,0.017,PM2.5-1HR
948,BEL_BETR012,2025-05-10,2.4,15.68,43.58,0,3.15,88.42,1018.83,4584.58,1.78,4.992,2400.0,0.456,PM2.5-1HR
948,BEL_BETREG1,2025-05-10,3.48,16,41.54,0,3.18,93.79,1018.93,7139.32,1.83,5.062,2400.0,0.02,PM2.5-1HR
948,BEL_BETB011,2025-05-11,3.45,18.75,37.88,0,3.12,110.45,1012.94,4791.88,1.78,4.992,2400.0,0.943,PM2.5-1HR
948,BEL_BETMEU1,2025-05-11,3.56,18.12,42.29,0,2.75,110.57,1013,2936.26,1.81,5.034,2400.0,0.194,PM2.5-1HR
948,BEL_BETN043,2025-05-11,2.96,18.75,37.88,0,3.12,110.45,1012.94,5270.67,1.78,4.992,2400.0,0.014,PM2.5-1HR
948,BEL_BETR001,2025-05-11,4.47,18.75,37.88,0,3.12,110.45,1012.94,19743.56,1.78,4.992,2400.0,0.017,PM2.5-1HR
948,BEL_BETR012,2025-05-11,2.87,18.49,39.33,0,3.15,110.22,1012.88,4584.58,1.83,5.062,2400.0,0.456,PM2.5-1HR
948,BEL_BETREG1,2025-05-11,3.35,18.75,37.88,0,3.12,110.45,1012.94,7139.32,1.78,4.992,2400.0,0.02,PM2.5-1HR
948,BEL_BETREG1,2025-05-12,4.8,19.39,42.42,0,2.35,139.2,1011.58,7139.32,2.36,5.804,2400.0,0.02,PM2.5-1HR
948,BEL_BETB011,2025-05-12,4.17,19.39,42.42,0,2.35,139.2,1011.58,4791.88,2.36,5.804,2400.0,0.943,PM2.5-1HR
948,BEL_BETMEU1,2025-05-12,5.85,18.74,47.13,0,2.2,128.39,1011.58,2936.26,2.43,5.902,2400.0,0.194,PM2.5-1HR
948,BEL_BETN043,2025-05-12,4.75,19.39,42.42,0,2.35,139.2,1011.58,5270.67,2.36,5.804,2400.0,0.014,PM2.5-1HR
948,BEL_BETR001,2025-05-12,4.96,19.39,42.42,0,2.35,139.2,1011.58,19743.56,2.36,5.804,2400.0,0.017,PM2.5-1HR
948,BEL_BETR012,2025-05-12,3.72,18.96,44.58,0,2.42,146.08,1011.58,4584.58,2.27,5.678,2400.0,0.456,PM2.5-1HR
948,BEL_BETREG1,2025-05-13,9.28,19.01,53.5,0,1.69,21.05,1016.08,7139.32,4.09,8.226,2400.0,0.02,PM2.5-1HR
948,BEL_BETB011,2025-05-13,8.1,19.01,53.5,0,1.69,21.05,1016.08,4791.88,4.09,8.226,2400.0,0.943,PM2.5-1HR
948,BEL_BETMEU1,2025-05-13,10.67,18.21,57.67,0,1.63,31.63,1016.09,2936.26,4.21,8.394,2400.0,0.194,PM2.5-1HR
948,BEL_BETN043,2025-05-13,8.32,19.01,53.5,0,1.69,21.05,1016.08,5270.67,4.09,8.226,2400.0,0.014,PM2.5-1HR
948,BEL_BETR001,2025-05-13,8.96,19.01,53.5,0,1.69,21.05,1016.08,19743.56,4.09,8.226,2400.0,0.017,PM2.5-1HR
948,BEL_BETR012,2025-05-13,6.57,18.62,55.54,0,1.5,42.77,1016.05,4584.58,4,8.1,2400.0,0.456,PM2.5-1HR
948,BEL_BETREG1,2025-05-14,11.35,18,40.29,0,2.82,24.74,1018.02,7139.32,6.13,11.082,2400.0,0.02,PM2.5-1HR
948,BEL_BETB011,2025-05-14,9.38,18,40.29,0,2.82,24.74,1018.02,4791.88,6.13,11.082,2400.0,0.943,PM2.5-1HR
948,BEL_BETMEU1,2025-05-14,11.82,17,46.58,0,2.63,24.08,1018.12,2936.26,6.16,11.124,2400.0,0.194,PM2.5-1HR
948,BEL_BETN043,2025-05-14,10.77,18,40.29,0,2.82,24.74,1018.02,5270.67,6.13,11.082,2400.0,0.014,PM2.5-1HR
948,BEL_BETR001,2025-05-14,11.77,18,40.29,0,2.82,24.74,1018.02,19743.56,6.13,11.082,2400.0,0.017,PM2.5-1HR
948,BEL_BETR012,2025-05-14,10.27,17.92,40.79,0,2.72,25.99,1017.93,4584.58,5.93,10.802,2400.0,0.456,PM2.5-1HR
948,BEL_BETREG1,2025-05-15,12.84,13.5,61.42,0,3.68,358.25,1020.23,7139.32,4.14,8.296,2400.0,0.02,PM2.5-1HR
948,BEL_BETB011,2025-05-15,10.67,13.5,61.42,0,3.68,358.25,1020.23,4791.88,4.14,8.296,2400.0,0.943,PM2.5-1HR
948,BEL_BETMEU1,2025-05-15,11.48,13.46,63.13,0,3.6,355.78,1020.26,2936.26,4.07,8.198,2400.0,0.194,PM2.5-1HR
948,BEL_BETN043,2025-05-15,8.88,13.5,61.42,0,3.68,358.25,1020.23,5270.67,4.14,8.296,2400.0,0.014,PM2.5-1HR
948,BEL_BETR001,2025-05-15,12.31,13.5,61.42,0,3.68,358.25,1020.23,19743.56,4.14,8.296,2400.0,0.017,PM2.5-1HR
948,BEL_BETR012,2025-05-15,11.7,13.31,62.17,0,3.57,359.32,1020.18,4584.58,4.16,8.324,2400.0,0.456,PM2.5-1HR
948,BEL_BETREG1,2025-05-16,7.82,12.75,58.79,0,3.46,357.42,1022.24,7139.32,3.05,6.77,2400.0,0.02,PM2.5-1HR
948,BEL_BETB011,2025-05-16,6.25,12.75,58.79,0,3.46,357.42,1022.24,4791.88,3.05,6.77,2400.0,0.943,PM2.5-1HR
948,BEL_BETMEU1,2025-05-16,7.07,12.52,62,0,3.35,355.77,1022.3,2936.26,3.08,6.812,2400.0,0.194,PM2.5-1HR
948,BEL_BETN043,2025-05-16,5.23,12.75,58.79,0,3.46,357.42,1022.24,5270.67,3.05,6.77,2400.0,0.014,PM2.5-1HR
948,BEL_BETR001,2025-05-16,7.27,12.75,58.79,0,3.46,357.42,1022.24,19743.56,3.05,6.77,2400.0,0.017,PM2.5-1HR
948,BEL_BETR012,2025-05-16,6.55,12.69,58.38,0,3.4,357.73,1022.18,4584.58,3.01,6.714,2400.0,0.456,PM2.5-1HR
948,BEL_BETREG1,2025-05-17,9.54,14.15,59.96,0,3.24,352.98,1019.66,7139.32,3.76,7.764,2400.0,0.02,PM2.5-1HR
948,BEL_BETB011,2025-05-17,11.61,14.15,59.96,0,3.24,352.98,1019.66,4791.88,3.76,7.764,2400.0,0.943,PM2.5-1HR
948,BEL_BETMEU1,2025-05-17,8.49,13.9,63.29,0,3.17,349.26,1019.69,2936.26,3.86,7.904,2400.0,0.194,PM2.5-1HR
948,BEL_BETN043,2025-05-17,6.26,14.15,59.96,0,3.24,352.98,1019.66,5270.67,3.76,7.764,2400.0,0.014,PM2.5-1HR
948,BEL_BETR001,2025-05-17,8.9,14.15,59.96,0,3.24,352.98,1019.66,19743.56,3.76,7.764,2400.0,0.017,PM2.5-1HR
948,BEL_BETR012,2025-05-17,7.85,14.1,59.67,0,3.14,353.47,1019.61,4584.58,3.76,7.764,2400.0,0.456,PM2.5-1HR
948,BEL_BETREG1,2025-05-18,12.32,12.75,66.17,0.01,2.19,336.36,1018.66,7139.32,7.19,12.566,2400.0,0.02,PM2.5-1HR
948,BEL_BETB011,2025-05-18,10.72,12.75,66.17,0.01,2.19,336.36,1018.66,4791.88,7.19,12.566,2400.0,0.943,PM2.5-1HR
948,BEL_BETMEU1,2025-05-18,10.32,12.84,68.17,0.02,2.39,335.96,1018.59,2936.26,7.22,12.608,2400.0,0.194,PM2.5-1HR
948,BEL_BETN043,2025-05-18,7.82,12.75,66.17,0.01,2.19,336.36,1018.66,5270.67,7.19,12.566,2400.0,0.014,PM2.5-1HR
948,BEL_BETR001,2025-05-18,11.05,12.75,66.17,0.01,2.19,336.36,1018.66,19743.56,7.19,12.566,2400.0,0.017,PM2.5-1HR
948,BEL_BETR012,2025-05-18,10.22,12.36,68.04,0,1.98,319.78,1018.7,4584.58,7.22,12.608,2400.0,0.456,PM2.5-1HR
948,BEL_BETREG1,2025-05-19,10.66,15.83,57.71,0,2.39,53.2,1018.86,7139.32,4.35,8.59,2400.0,0.02,PM2.5-1HR
948,BEL_BETB011,2025-05-19,9.17,15.83,57.71,0,2.39,53.2,1018.86,4791.88,4.35,8.59,2400.0,0.943,PM2.5-1HR
948,BEL_BETMEU1,2025-05-19,10.93,15.33,60.67,0,2.17,50.78,1018.9,2936.26,4.42,8.688,2400.0,0.194,PM2.5-1HR
948,BEL_BETN043,2025-05-19,8.81,15.83,57.71,0,2.39,53.2,1018.86,5270.67,4.35,8.59,2400.0,0.014,PM2.5-1HR
948,BEL_BETR001,2025-05-19,10.89,15.83,57.71,0,2.39,53.2,1018.86,19743.56,4.35,8.59,2400.0,0.017,PM2.5-1HR
948,BEL_BETR012,2025-05-19,8.58,15.5,60.46,0,2.37,57.04,1018.8,4584.58,4.31,8.534,2400.0,0.456,PM2.5-1HR
948,BEL_BETREG1,2025-05-20,7.56,17.21,49.63,0,2.95,15.4,1018,7139.32,3.36,7.204,2400.0,0.02,PM2.5-1HR
948,BEL_BETB011,2025-05-20,6.32,17.21,49.63,0,2.95,15.4,1018,4791.88,3.36,7.204,2400.0,0.943,PM2.5-1HR
948,BEL_BETMEU1,2025-05-20,7.07,16.58,55.21,0,2.72,13.13,1018.08,2936.26,3.34,7.176,2400.0,0.194,PM2.5-1HR
948,BEL_BETN043,2025-05-20,6.28,17.21,49.63,0,2.95,15.4,1018,5270.67,3.36,7.204,2400.0,0.014,PM2.5-1HR
948,BEL_BETR001,2025-05-20,7.01,17.21,49.63,0,2.95,15.4,1018,19743.56,3.36,7.204,2400.0,0.017,PM2.5-1HR
948,BEL_BETR012,2025-05-20,6.8,17.1,50.13,0,2.83,18.55,1017.9,4584.58,3.41,7.274,2400.0,0.456,PM2.5-1HR
948,BEL_BETB011,2025-05-21,11.43,14.02,61.58,0.01,2.26,322.75,1015.76,4791.88,4.12,8.268,2400.0,0.943,PM2.5-1HR
948,BEL_BETMEU1,2025-05-21,11.21,13.55,65.96,0.01,2.15,319.71,1015.77,2936.26,4.19,8.366,2400.0,0.194,PM2.5-1HR
948,BEL_BETN043,2025-05-21,8.51,14.02,61.58,0.01,2.26,322.75,1015.76,5270.67,4.12,8.268,2400.0,0.014,PM2.5-1HR
948,BEL_BETR001,2025-05-21,12.07,14.02,61.58,0.01,2.26,322.75,1015.76,19743.56,4.12,8.268,2400.0,0.017,PM2.5-1HR
948,BEL_BETR012,2025-05-21,11.55,13.94,61.79,0,2.16,322.26,1015.73,4584.58,4.14,8.296,2400.0,0.456,PM2.5-1HR
948,BEL_BETREG1,2025-05-21,13.81,14.02,61.58,0.01,2.26,322.75,1015.76,7139.32,4.12,8.268,2400.0,0.02,PM2.5-1HR
948,BEL_BETB011,2025-05-22,5.91,11.8,58.96,0.02,3.58,330.97,1016.74,4791.88,3.32,7.148,2400.0,0.943,PM2.5-1HR
948,BEL_BETMEU1,2025-05-22,6.41,11.7,61,0.02,3.49,329.17,1016.75,2936.26,3.41,7.274,2400.0,0.194,PM2.5-1HR
948,BEL_BETN043,2025-05-22,4.74,11.8,58.96,0.02,3.58,330.97,1016.74,5270.67,3.32,7.148,2400.0,0.014,PM2.5-1HR
948,BEL_BETR001,2025-05-22,6.75,11.8,58.96,0.02,3.58,330.97,1016.74,19743.56,3.32,7.148,2400.0,0.017,PM2.5-1HR
948,BEL_BETR012,2025-05-22,5.95,11.7,59.54,0.02,3.56,330.63,1016.73,4584.58,3.34,7.176,2400.0,0.456,PM2.5-1HR
948,BEL_BETREG1,2025-05-22,7.77,11.8,58.96,0.02,3.58,330.97,1016.74,7139.32,3.32,7.148,2400.0,0.02,PM2.5-1HR
948,BEL_BETB011,2025-05-23,3.97,10.78,59.21,0.02,3.07,298.56,1019.13,4791.88,2.9,6.56,2400.0,0.943,PM2.5-1HR
948,BEL_BETMEU1,2025-05-23,4.35,10.53,61.75,0.01,2.95,297.64,1019.06,2936.26,3.06,6.784,2400.0,0.194,PM2.5-1HR
948,BEL_BETN043,2025-05-23,3.52,10.78,59.21,0.02,3.07,298.56,1019.13,5270.67,2.9,6.56,2400.0,0.014,PM2.5-1HR
948,BEL_BETR001,2025-05-23,5.02,10.78,59.21,0.02,3.07,298.56,1019.13,19743.56,2.9,6.56,2400.0,0.017,PM2.5-1HR
948,BEL_BETR012,2025-05-23,3.86,10.53,60.5,0.03,2.97,294.73,1019.18,4584.58,2.84,6.476,2400.0,0.456,PM2.5-1HR
948,BEL_BETREG1,2025-05-23,5.7,10.78,59.21,0.02,3.07,298.56,1019.13,7139.32,2.9,6.56,2400.0,0.02,PM2.5-1HR
948,BEL_BETB011,2025-05-24,4.6,12.23,70.92,0.28,4.66,214.81,1015.29,4791.88,3.15,6.91,2400.0,0.943,PM2.5-1HR
948,BEL_BETMEU1,2025-05-24,5.54,12.15,72.75,0.3,4.66,214.48,1015.11,2936.26,3.28,7.092,2400.0,0.194,PM2.5-1HR
948,BEL_BETN043,2025-05-24,4.99,12.23,70.92,0.28,4.66,214.81,1015.29,5270.67,3.15,6.91,2400.0,0.014,PM2.5-1HR
948,BEL_BETR001,2025-05-24,6.16,12.23,70.92,0.28,4.66,214.81,1015.29,19743.56,3.15,6.91,2400.0,0.017,PM2.5-1HR
948,BEL_BETR012,2025-05-24,4.23,12.01,71.92,0.21,4.6,214.94,1015.47,4584.58,3.1,6.84,2400.0,0.456,PM2.5-1HR
948,BEL_BETREG1,2025-05-24,5.49,12.23,70.92,0.28,4.66,214.81,1015.29,7139.32,3.15,6.91,2400.0,0.02,PM2.5-1HR
948,BEL_BETB011,2025-05-25,2.87,16.35,73.88,0.13,5.56,240.69,1011.29,4791.88,1.29,4.306,2400.0,0.943,PM2.5-1HR
948,BEL_BETMEU1,2025-05-25,3.25,16.56,73.33,0.12,5.55,242.06,1011.11,2936.26,1.37,4.418,2400.0,0.194,PM2.5-1HR
948,BEL_BETN043,2025-05-25,4.12,16.35,73.88,0.13,5.56,240.69,1011.29,5270.67,1.29,4.306,2400.0,0.014,PM2.5-1HR
948,BEL_BETR001,2025-05-25,2.99,16.35,73.88,0.13,5.56,240.69,1011.29,19743.56,1.29,4.306,2400.0,0.017,PM2.5-1HR
948,BEL_BETR012,2025-05-25,2.59,16.14,74.88,0.15,5.6,240.58,1011.46,4584.58,1.28,4.292,2400.0,0.456,PM2.5-1HR
948,BEL_BETREG1,2025-05-25,3.58,16.35,73.88,0.13,5.56,240.69,1011.29,7139.32,1.29,4.306,2400.0,0.02,PM2.5-1HR
948,BEL_BETB011,2025-05-26,5.12,14.41,65.67,0.04,4.64,243.53,1017.19,4791.88,2.62,6.168,2400.0,0.943,PM2.5-1HR
948,BEL_BETMEU1,2025-05-26,5.86,14.63,64.46,0.02,4.71,243.53,1017.03,2936.26,2.66,6.224,2400.0,0.194,PM2.5-1HR
948,BEL_BETN043,2025-05-26,5.72,14.41,65.67,0.04,4.64,243.53,1017.19,5270.67,2.62,6.168,2400.0,0.014,PM2.5-1HR
948,BEL_BETR001,2025-05-26,5.56,14.41,65.67,0.04,4.64,243.53,1017.19,19743.56,2.62,6.168,2400.0,0.017,PM2.5-1HR
948,BEL_BETR012,2025-05-26,5.11,14.32,65.71,0.04,4.65,244.54,1017.32,4584.58,2.64,6.196,2400.0,0.456,PM2.5-1HR
948,BEL_BETREG1,2025-05-26,6.77,14.41,65.67,0.04,4.64,243.53,1017.19,7139.32,2.62,6.168,2400.0,0.02,PM2.5-1HR
948,BEL_BETB011,2025-05-27,3.59,14.35,81.46,0.45,6.08,219.47,1016.1,4791.88,2.24,5.636,2400.0,0.943,PM2.5-1HR
948,BEL_BETMEU1,2025-05-27,4.8,14.54,80.67,0.39,6.18,219.85,1015.88,2936.26,2.34,5.776,2400.0,0.194,PM2.5-1HR
948,BEL_BETN043,2025-05-27,3.55,14.35,81.46,0.45,6.08,219.47,1016.1,5270.67,2.24,5.636,2400.0,0.014,PM2.5-1HR
948,BEL_BETR001,2025-05-27,3.81,14.35,81.46,0.45,6.08,219.47,1016.1,19743.56,2.24,5.636,2400.0,0.017,PM2.5-1HR
948,BEL_BETR012,2025-05-27,3.37,14.13,83.21,0.73,5.94,218.63,1016.31,4584.58,2.15,5.51,2400.0,0.456,PM2.5-1HR
948,BEL_BETREG1,2025-05-27,4.45,14.35,81.46,0.45,6.08,219.47,1016.1,7139.32,2.24,5.636,2400.0,0.02,PM2.5-1HR
948,BEL_BETB011,2025-05-28,3.36,15.9,77.54,0.38,5.48,261.52,1015.75,4791.88,0.89,3.746,2400.0,0.943,PM2.5-1HR
948,BEL_BETMEU1,2025-05-28,3.81,15.98,77.42,0.37,5.51,262.86,1015.58,2936.26,1.06,3.984,2400.0,0.194,PM2.5-1HR
948,BEL_BETN043,2025-05-28,2.91,15.9,77.54,0.38,5.48,261.52,1015.75,5270.67,0.89,3.746,2400.0,0.014,PM2.5-1HR
948,BEL_BETR001,2025-05-28,4.21,15.9,77.54,0.38,5.48,261.52,1015.75,19743.56,0.89,3.746,2400.0,0.017,PM2.5-1HR
948,BEL_BETR012,2025-05-28,3.08,15.74,78.83,0.23,5.48,259.57,1015.9,4584.58,0.87,3.718,2400.0,0.456,PM2.5-1HR
948,BEL_BETREG1,2025-05-28,4.5,15.9,77.54,0.38,5.48,261.52,1015.75,7139.32,0.89,3.746,2400.0,0.02,PM2.5-1HR
948,BEL_BETB011,2025-05-29,5.05,14.86,85.63,0.02,3.63,222.96,1021.83,4791.88,2.77,6.378,2400.0,0.943,PM2.5-1HR
948,BEL_BETMEU1,2025-05-29,5.99,14.93,84.92,0.02,3.67,222.86,1021.68,2936.26,2.82,6.448,2400.0,0.194,PM2.5-1HR
948,BEL_BETN043,2025-05-29,4.76,14.86,85.63,0.02,3.63,222.96,1021.83,5270.67,2.77,6.378,2400.0,0.014,PM2.5-1HR
948,BEL_BETR001,2025-05-29,5.5,14.86,85.63,0.02,3.63,222.96,1021.83,19743.56,2.77,6.378,2400.0,0.017,PM2.5-1HR
948,BEL_BETR012,2025-05-29,4.8,14.66,86.25,0.02,3.51,224.46,1021.95,4584.58,2.76,6.364,2400.0,0.456,PM2.5-1HR
948,BEL_BETREG1,2025-05-29,6.17,14.86,85.63,0.02,3.63,222.96,1021.83,7139.32,2.77,6.378,2400.0,0.02,PM2.5-1HR
948,BEL_BETB011,2025-05-30,4.4,19.05,76.29,0.01,3.56,244.84,1020.48,4791.88,2.09,5.426,2400.0,0.943,PM2.5-1HR
948,BEL_BETMEU1,2025-05-30,4.88,19.03,76.21,0.01,3.59,243.9,1020.39,2936.26,2.14,5.496,2400.0,0.194,PM2.5-1HR
948,BEL_BETN043,2025-05-30,4.21,19.05,76.29,0.01,3.56,244.84,1020.48,5270.67,2.09,5.426,2400.0,0.014,PM2.5-1HR
948,BEL_BETR001,2025-05-30,5.29,19.05,76.29,0.01,3.56,244.84,1020.48,19743.56,2.09,5.426,2400.0,0.017,PM2.5-1HR
948,BEL_BETR012,2025-05-30,4.06,18.97,77,0.01,3.4,246.63,1020.58,4584.58,2.05,5.37,2400.0,0.456,PM2.5-1HR
948,BEL_BETREG1,2025-05-30,5.56,19.05,76.29,0.01,3.56,244.84,1020.48,7139.32,2.09,5.426,2400.0,0.02,PM2.5-1HR
948,BEL_BETB011,2025-05-31,7.87,19.35,82.79,0.32,1.47,202.32,1017.6,4791.88,5.85,10.69,2400.0,0.943,PM2.5-1HR
948,BEL_BETMEU1,2025-05-31,8.79,19.25,81.88,0.19,1.55,188.19,1017.56,2936.26,5.91,10.774,2400.0,0.194,PM2.5-1HR
948,BEL_BETN043,2025-05-31,7.25,19.35,82.79,0.32,1.47,202.32,1017.6,5270.67,5.85,10.69,2400.0,0.014,PM2.5-1HR
948,BEL_BETR001,2025-05-31,9.6,19.35,82.79,0.32,1.47,202.32,1017.6,19743.56,5.85,10.69,2400.0,0.017,PM2.5-1HR
948,BEL_BETR012,2025-05-31,8.4,19.25,83.79,0.54,1.47,221,1017.65,4584.58,5.89,10.746,2400.0,0.456,PM2.5-1HR
948,BEL_BETREG1,2025-05-31,10.04,19.35,82.79,0.32,1.47,202.32,1017.6,7139.32,5.85,10.69,2400.0,0.02,PM2.5-1HR
948,BEL_BETB011,2025-06-01,6.41,16.71,76.71,0.02,3.92,240.13,1015.23,4791.88,1.32,4.348,2400.0,0.943,PM2.5-1HR
948,BEL_BETMEU1,2025-06-01,6.66,16.92,75.17,0.01,3.93,240.66,1015.1,2936.26,1.34,4.376,2400.0,0.194,PM2.5-1HR
948,BEL_BETN043,2025-06-01,5.88,16.71,76.71,0.02,3.92,240.13,1015.23,5270.67,1.32,4.348,2400.0,0.014,PM2.5-1HR
948,BEL_BETR001,2025-06-01,7.06,16.71,76.71,0.02,3.92,240.13,1015.23,19743.56,1.32,4.348,2400.0,0.017,PM2.5-1HR
948,BEL_BETR012,2025-06-01,6.74,16.47,78.25,0.02,3.88,239.17,1015.34,4584.58,1.35,4.39,2400.0,0.456,PM2.5-1HR
948,BEL_BETREG1,2025-06-01,7.76,16.71,76.71,0.02,3.92,240.13,1015.23,7139.32,1.32,4.348,2400.0,0.02,PM2.5-1HR
948,BEL_BETB011,2025-06-02,4.73,14.86,69.88,0.04,2.9,261.95,1016.71,4791.88,2.76,6.364,2400.0,0.943,PM2.5-1HR
948,BEL_BETMEU1,2025-06-02,5.26,14.92,68.13,0.05,2.87,265.18,1016.65,2936.26,2.79,6.406,2400.0,0.194,PM2.5-1HR
948,BEL_BETN043,2025-06-02,4.55,14.86,69.88,0.04,2.9,261.95,1016.71,5270.67,2.76,6.364,2400.0,0.014,PM2.5-1HR
948,BEL_BETR001,2025-06-02,5.52,14.86,69.88,0.04,2.9,261.95,1016.71,19743.56,2.76,6.364,2400.0,0.017,PM2.5-1HR
948,BEL_BETR012,2025-06-02,4.56,14.7,71.63,0.05,2.9,261.86,1016.78,4584.58,2.77,6.378,2400.0,0.456,PM2.5-1HR
948,BEL_BETREG1,2025-06-02,6.05,14.86,69.88,0.04,2.9,261.95,1016.71,7139.32,2.76,6.364,2400.0,0.02,PM2.5-1HR
948,BEL_BETB011,2025-06-03,4.64,17.11,58.08,0,3.92,201.62,1011.64,4791.88,2.78,6.392,2400.0,0.943,PM2.5-1HR
948,BEL_BETMEU1,2025-06-03,6.48,16.96,58,0,3.84,202.56,1011.55,2936.26,2.83,6.462,2400.0,0.194,PM2.5-1HR
948,BEL_BETN043,2025-06-03,4.45,17.11,58.08,0,3.92,201.62,1011.64,5270.67,2.78,6.392,2400.0,0.014,PM2.5-1HR
948,BEL_BETR001,2025-06-03,5.22,17.11,58.08,0,3.92,201.62,1011.64,19743.56,2.78,6.392,2400.0,0.017,PM2.5-1HR
948,BEL_BETR012,2025-06-03,4,16.8,61,0,3.75,199.98,1011.7,4584.58,2.86,6.504,2400.0,0.456,PM2.5-1HR
948,BEL_BETREG1,2025-06-03,5.43,17.11,58.08,0,3.92,201.62,1011.64,7139.32,2.78,6.392,2400.0,0.02,PM2.5-1HR
948,BEL_BETB011,2025-06-04,2.89,16.05,65.92,0.05,3.46,227.88,1008.2,4791.88,1.31,4.334,2400.0,0.943,PM2.5-1HR
948,BEL_BETMEU1,2025-06-04,3.49,16.12,65.54,0.03,3.33,228.06,1008.1,2936.26,1.35,4.39,2400.0,0.194,PM2.5-1HR
948,BEL_BETN043,2025-06-04,2.97,16.05,65.92,0.05,3.46,227.88,1008.2,5270.67,1.31,4.334,2400.0,0.014,PM2.5-1HR
948,BEL_BETR001,2025-06-04,3.54,16.05,65.92,0.05,3.46,227.88,1008.2,19743.56,1.31,4.334,2400.0,0.017,PM2.5-1HR
948,BEL_BETR012,2025-06-04,3,15.71,68.75,0.08,3.39,229.42,1008.29,4584.58,1.33,4.362,2400.0,0.456,PM2.5-1HR
948,BEL_BETREG1,2025-06-04,4.16,16.05,65.92,0.05,3.46,227.88,1008.2,7139.32,1.31,4.334,2400.0,0.02,PM2.5-1HR
948,BEL_BETB011,2025-06-05,2.41,15.1,73.38,0.26,4.77,204.6,1008.13,4791.88,1.18,4.152,2400.0,0.943,PM2.5-1HR
948,BEL_BETMEU1,2025-06-05,3.91,15.28,72.79,0.28,4.82,205,1007.99,2936.26,1.19,4.166,2400.0,0.194,PM2.5-1HR
948,BEL_BETN043,2025-06-05,2.3,15.1,73.38,0.26,4.77,204.6,1008.13,5270.67,1.18,4.152,2400.0,0.014,PM2.5-1HR
948,BEL_BETR001,2025-06-05,2.84,15.1,73.38,0.26,4.77,204.6,1008.13,19743.56,1.18,4.152,2400.0,0.017,PM2.5-1HR
948,BEL_BETR012,2025-06-05,2.06,14.83,75.25,0.23,4.7,204.02,1008.25,4584.58,1.21,4.194,2400.0,0.456,PM2.5-1HR
948,BEL_BETREG1,2025-06-05,3.13,15.1,73.38,0.26,4.77,204.6,1008.13,7139.32,1.18,4.152,2400.0,0.02,PM2.5-1HR
948,BEL_BETB011,2025-06-06,2.01,15.72,75.13,0.25,5.33,235.19,1008.45,4791.88,0.79,3.606,2400.0,0.943,PM2.5-1HR
948,BEL_BETMEU1,2025-06-06,2.59,15.97,73.92,0.2,5.41,234.65,1008.28,2936.26,0.84,3.676,2400.0,0.194,PM2.5-1HR
948,BEL_BETN043,2025-06-06,2.22,15.72,75.13,0.25,5.33,235.19,1008.45,5270.67,0.79,3.606,2400.0,0.014,PM2.5-1HR
948,BEL_BETR001,2025-06-06,2.34,15.72,75.13,0.25,5.33,235.19,1008.45,19743.56,0.79,3.606,2400.0,0.017,PM2.5-1HR
948,BEL_BETR012,2025-06-06,1.72,15.57,76.58,0.25,5.3,236.5,1008.59,4584.58,0.73,3.522,2400.0,0.456,PM2.5-1HR
948,BEL_BETREG1,2025-06-06,3.01,15.72,75.13,0.25,5.33,235.19,1008.45,7139.32,0.79,3.606,2400.0,0.02,PM2.5-1HR
948,BEL_BETB011,2025-06-07,1.51,14.28,80,0.28,4.59,224.12,1008.94,4791.88,0.64,3.396,2400.0,0.943,PM2.5-1HR
948,BEL_BETMEU1,2025-06-07,1.91,14.41,79.33,0.22,4.67,224.1,1008.82,2936.26,0.75,3.55,2400.0,0.194,PM2.5-1HR
948,BEL_BETN043,2025-06-07,1.56,14.28,80,0.28,4.59,224.12,1008.94,5270.67,0.64,3.396,2400.0,0.014,PM2.5-1HR
948,BEL_BETR001,2025-06-07,1.91,14.28,80,0.28,4.59,224.12,1008.94,19743.56,0.64,3.396,2400.0,0.017,PM2.5-1HR
948,BEL_BETR012,2025-06-07,1.42,14.21,80.96,0.25,4.57,224.81,1009.07,4584.58,0.61,3.354,2400.0,0.456,PM2.5-1HR
948,BEL_BETREG1,2025-06-07,2.47,14.28,80,0.28,4.59,224.12,1008.94,7139.32,0.64,3.396,2400.0,0.02,PM2.5-1HR
948,BEL_BETB011,2025-06-08,2.9,13.34,73.42,0.08,5.41,263.47,1014.56,4791.88,1.61,4.754,2400.0,0.943,PM2.5-1HR
948,BEL_BETMEU1,2025-06-08,3.02,13.38,73.71,0.13,5.44,262.57,1014.41,2936.26,1.65,4.81,2400.0,0.194,PM2.5-1HR
948,BEL_BETN043,2025-06-08,2.26,13.34,73.42,0.08,5.41,263.47,1014.56,5270.67,1.61,4.754,2400.0,0.014,PM2.5-1HR
948,BEL_BETR001,2025-06-08,3.34,13.34,73.42,0.08,5.41,263.47,1014.56,19743.56,1.61,4.754,2400.0,0.017,PM2.5-1HR
948,BEL_BETR012,2025-06-08,2.73,13.3,73.75,0.15,5.37,263.15,1014.68,4584.58,1.58,4.712,2400.0,0.456,PM2.5-1HR
948,BEL_BETREG1,2025-06-08,3.68,13.34,73.42,0.08,5.41,263.47,1014.56,7139.32,1.61,4.754,2400.0,0.02,PM2.5-1HR
948,BEL_BETMEU1,2025-06-09,11.43,14.07,73.63,0,3.14,227.5,1022.62,2936.26,2.68,6.252,2400.0,0.194,PM2.5-1HR
948,BEL_BETN043,2025-06-09,9.36,13.93,73.71,0,3.12,228.88,1022.72,5270.67,2.55,6.07,2400.0,0.014,PM2.5-1HR
948,BEL_BETR001,2025-06-09,11.06,13.93,73.71,0,3.12,228.88,1022.72,19743.56,2.55,6.07,2400.0,0.017,PM2.5-1HR
948,BEL_BETR012,2025-06-09,10.11,13.78,74.13,0.01,3.04,229.56,1022.81,4584.58,2.48,5.972,2400.0,0.456,PM2.5-1HR
948,BEL_BETREG1,2025-06-09,11.76,13.93,73.71,0,3.12,228.88,1022.72,7139.32,2.55,6.07,2400.0,0.02,PM2.5-1HR
948,BEL_BETB011,2025-06-10,4.96,15.38,77.21,0.03,4,250.99,1018.23,4791.88,3.08,6.812,2400.0,0.943,PM2.5-1HR
948,BEL_BETMEU1,2025-06-10,12.75,15.46,76.13,0.03,4.01,251.53,1018.1,2936.26,3.16,6.924,2400.0,0.194,PM2.5-1HR
948,BEL_BETN043,2025-06-10,10.69,15.38,77.21,0.03,4,250.99,1018.23,5270.67,3.08,6.812,2400.0,0.014,PM2.5-1HR
948,BEL_BETR001,2025-06-10,12.52,15.38,77.21,0.03,4,250.99,1018.23,19743.56,3.08,6.812,2400.0,0.017,PM2.5-1HR
948,BEL_BETR012,2025-06-10,11.71,15.24,78.79,0.05,3.92,249.41,1018.33,4584.58,3.13,6.882,2400.0,0.456,PM2.5-1HR
948,BEL_BETREG1,2025-06-10,13.96,15.38,77.21,0.03,4,250.99,1018.23,7139.32,3.08,6.812,2400.0,0.02,PM2.5-1HR
948,BEL_BETB011,2025-06-11,7.21,16.11,67,0,2.08,57.52,1021.24,4791.88,3.23,7.022,2400.0,0.943,PM2.5-1HR
948,BEL_BETMEU1,2025-06-11,8.35,15.78,68.54,0,1.98,55.91,1021.3,2936.26,3.15,6.91,2400.0,0.194,PM2.5-1HR
948,BEL_BETN043,2025-06-11,6.64,16.11,67,0,2.08,57.52,1021.24,5270.67,3.23,7.022,2400.0,0.014,PM2.5-1HR
948,BEL_BETR001,2025-06-11,8.21,16.11,67,0,2.08,57.52,1021.24,19743.56,3.23,7.022,2400.0,0.017,PM2.5-1HR
948,BEL_BETR012,2025-06-11,7.06,16.06,68.04,0,2.07,63.21,1021.18,4584.58,3.26,7.064,2400.0,0.456,PM2.5-1HR
948,BEL_BETREG1,2025-06-11,8.68,16.11,67,0,2.08,57.52,1021.24,7139.32,3.23,7.022,2400.0,0.02,PM2.5-1HR
948,BEL_BETB011,2025-06-12,10.69,21.86,58.04,0,3.38,118.92,1015.77,4791.88,7.7,13.28,2400.0,0.943,PM2.5-1HR
948,BEL_BETMEU1,2025-06-12,12.78,21.49,60.46,0,3.28,117.94,1015.81,2936.26,7.82,13.448,2400.0,0.194,PM2.5-1HR
948,BEL_BETN043,2025-06-12,10.31,21.86,58.04,0,3.38,118.92,1015.77,5270.67,7.7,13.28,2400.0,0.014,PM2.5-1HR
948,BEL_BETR001,2025-06-12,12.87,21.86,58.04,0,3.38,118.92,1015.77,19743.56,7.7,13.28,2400.0,0.017,PM2.5-1HR
948,BEL_BETR012,2025-06-12,10.74,21.33,62.33,0,3.27,118.02,1015.72,4584.58,7.5,13.0,2400.0,0.456,PM2.5-1HR
948,BEL_BETREG1,2025-06-12,11.84,21.86,58.04,0,3.38,118.92,1015.77,7139.32,7.7,13.28,2400.0,0.02,PM2.5-1HR
948,BEL_BETB011,2025-06-13,14.54,26.03,56.04,0,2.02,30.6,1017.68,4791.88,11.9,19.16,2400.0,0.943,PM2.5-1HR
948,BEL_BETMEU1,2025-06-13,18.34,25.22,60.5,0,1.83,17.4,1017.65,2936.26,11.84,19.076,2400.0,0.194,PM2.5-1HR
948,BEL_BETN043,2025-06-13,14.59,26.03,56.04,0,2.02,30.6,1017.68,5270.67,11.9,19.16,2400.0,0.014,PM2.5-1HR
948,BEL_BETR001,2025-06-13,18.1,26.03,56.04,0,2.02,30.6,1017.68,19743.56,11.9,19.16,2400.0,0.017,PM2.5-1HR
948,BEL_BETR012,2025-06-13,15.93,25.29,61.42,0,1.86,37.53,1017.68,4584.58,11.69,18.866,2400.0,0.456,PM2.5-1HR
948,BEL_BETREG1,2025-06-13,18.43,26.03,56.04,0,2.02,30.6,1017.68,7139.32,11.9,19.16,2400.0,0.02,PM2.5-1HR
948,BEL_BETB011,2025-06-14,7.18,24.7,60.25,0.02,3.14,218.27,1016.78,4791.88,3.14,6.896,2400.0,0.943,PM2.5-1HR
948,BEL_BETMEU1,2025-06-14,8.05,24.66,60.63,0.03,3.09,220.03,1016.7,2936.26,3.22,7.008,2400.0,0.194,PM2.5-1HR
948,BEL_BETN043,2025-06-14,6.55,24.7,60.25,0.02,3.14,218.27,1016.78,5270.67,3.14,6.896,2400.0,0.014,PM2.5-1HR
948,BEL_BETR001,2025-06-14,8.46,24.7,60.25,0.02,3.14,218.27,1016.78,19743.56,3.14,6.896,2400.0,0.017,PM2.5-1HR
948,BEL_BETR012,2025-06-14,7.51,24.14,63.46,0.02,3.09,216.52,1016.85,4584.58,3.09,6.826,2400.0,0.456,PM2.5-1HR
948,BEL_BETREG1,2025-06-14,9.08,24.7,60.25,0.02,3.14,218.27,1016.78,7139.32,3.14,6.896,2400.0,0.02,PM2.5-1HR
948,BEL_BETB011,2025-06-15,3.96,19,57.17,0.28,2.85,273.63,1021.85,4791.88,2.6,6.14,2400.0,0.943,PM2.5-1HR
948,BEL_BETMEU1,2025-06-15,3.88,18.89,57.92,0.18,2.78,273.22,1021.8,2936.26,2.65,6.21,2400.0,0.194,PM2.5-1HR
948,BEL_BETN043,2025-06-15,3.13,19,57.17,0.28,2.85,273.63,1021.85,5270.67,2.6,6.14,2400.0,0.014,PM2.5-1HR
948,BEL_BETR001,2025-06-15,4.37,19,57.17,0.28,2.85,273.63,1021.85,19743.56,2.6,6.14,2400.0,0.017,PM2.5-1HR
948,BEL_BETR012,2025-06-15,3.6,18.79,58.75,0.27,2.75,271.44,1021.9,4584.58,2.57,6.098,2400.0,0.456,PM2.5-1HR
948,BEL_BETREG1,2025-06-15,4.9,19,57.17,0.28,2.85,273.63,1021.85,7139.32,2.6,6.14,2400.0,0.02,PM2.5-1HR
948,BEL_BETB011,2025-06-16,6.33,19.29,61.83,0,2.35,278.03,1027.07,4791.88,3.2,6.98,2400.0,0.943,PM2.5-1HR
948,BEL_BETMEU1,2025-06-16,6.77,18.85,65.38,0,2.16,278.09,1027.04,2936.26,3.2,6.98,2400.0,0.194,PM2.5-1HR
948,BEL_BETN043,2025-06-16,6.37,19.29,61.83,0,2.35,278.03,1027.07,5270.67,3.2,6.98,2400.0,0.014,PM2.5-1HR
948,BEL_BETR001,2025-06-16,7.12,19.29,61.83,0,2.35,278.03,1027.07,19743.56,3.2,6.98,2400.0,0.017,PM2.5-1HR
948,BEL_BETR012,2025-06-16,6.62,19.02,63.38,0,2.24,273.63,1027.11,4584.58,3.2,6.98,2400.0,0.456,PM2.5-1HR
948,BEL_BETREG1,2025-06-16,8.32,19.29,61.83,0,2.35,278.03,1027.07,7139.32,3.2,6.98,2400.0,0.02,PM2.5-1HR
948,BEL_BETB011,2025-06-17,6.51,21.15,56.25,0,1.48,249.17,1025.93,4791.88,3.99,8.086,2400.0,0.943,PM2.5-1HR
948,BEL_BETMEU1,2025-06-17,7.5,20.39,60.42,0,1.33,276.84,1025.94,2936.26,4.14,8.296,2400.0,0.194,PM2.5-1HR
948,BEL_BETN043,2025-06-17,6.12,21.15,56.25,0,1.48,249.17,1025.93,5270.67,3.99,8.086,2400.0,0.014,PM2.5-1HR
948,BEL_BETR001,2025-06-17,7.44,21.15,56.25,0,1.48,249.17,1025.93,19743.56,3.99,8.086,2400.0,0.017,PM2.5-1HR
948,BEL_BETR012,2025-06-17,5.72,20.81,58.58,0,1.46,207.79,1025.97,4584.58,3.97,8.058,2400.0,0.456,PM2.5-1HR
948,BEL_BETREG1,2025-06-17,7.63,21.15,56.25,0,1.48,249.17,1025.93,7139.32,3.99,8.086,2400.0,0.02,PM2.5-1HR
948,BEL_BETB011,2025-06-18,8.27,20.96,58.21,0,2.09,284.75,1024.12,4791.88,5.41,10.074,2400.0,0.943,PM2.5-1HR
948,BEL_BETMEU1,2025-06-18,8.76,20.25,61.46,0,1.93,282.52,1024.11,2936.26,5.44,10.116,2400.0,0.194,PM2.5-1HR
948,BEL_BETN043,2025-06-18,6.93,20.96,58.21,0,2.09,284.75,1024.12,5270.67,5.41,10.074,2400.0,0.014,PM2.5-1HR
948,BEL_BETR001,2025-06-18,9.06,20.96,58.21,0,2.09,284.75,1024.12,19743.56,5.41,10.074,2400.0,0.017,PM2.5-1HR
948,BEL_BETR012,2025-06-18,7.79,20.81,59.54,0,2,283.62,1024.13,4584.58,5.37,10.018,2400.0,0.456,PM2.5-1HR
948,BEL_BETREG1,2025-06-18,10.16,20.96,58.21,0,2.09,284.75,1024.12,7139.32,5.41,10.074,2400.0,0.02,PM2.5-1HR
948,BEL_BETB011,2025-06-19,7.8,21.67,54.75,0,2.58,46.78,1025.48,4791.88,3.68,7.652,2400.0,0.943,PM2.5-1HR
948,BEL_BETMEU1,2025-06-19,9.12,20.66,61.25,0,2.34,48.95,1025.55,2936.26,3.62,7.568,2400.0,0.194,PM2.5-1HR
948,BEL_BETN043,2025-06-19,7.41,21.67,54.75,0,2.58,46.78,1025.48,5270.67,3.68,7.652,2400.0,0.014,PM2.5-1HR
948,BEL_BETR001,2025-06-19,9.13,21.67,54.75,0,2.58,46.78,1025.48,19743.56,3.68,7.652,2400.0,0.017,PM2.5-1HR
948,BEL_BETR012,2025-06-19,7.51,21.52,55.75,0,2.52,49.97,1025.43,4584.58,3.67,7.638,2400.0,0.456,PM2.5-1HR
948,BEL_BETREG1,2025-06-19,8.99,21.67,54.75,0,2.58,46.78,1025.48,7139.32,3.68,7.652,2400.0,0.02,PM2.5-1HR
948,BEL_BETB011,2025-06-20,4.29,22.35,45.46,0,2.99,81.24,1024.57,4791.88,2.54,6.056,2400.0,0.943,PM2.5-1HR
948,BEL_BETMEU1,2025-06-20,6.09,21.71,49.21,0,2.75,78.46,1024.62,2936.26,2.59,6.126,2400.0,0.194,PM2.5-1HR
948,BEL_BETN043,2025-06-20,4.75,22.35,45.46,0,2.99,81.24,1024.57,5270.67,2.54,6.056,2400.0,0.014,PM2.5-1HR
948,BEL_BETR001,2025-06-20,5.04,22.35,45.46,0,2.99,81.24,1024.57,19743.56,2.54,6.056,2400.0,0.017,PM2.5-1HR
948,BEL_BETR012,2025-06-20,3.78,21.85,47.79,0,3.04,82.07,1024.53,4584.58,2.52,6.028,2400.0,0.456,PM2.5-1HR
948,BEL_BETREG1,2025-06-20,4.77,22.35,45.46,0,2.99,81.24,1024.57,7139.32,2.54,6.056,2400.0,0.02,PM2.5-1HR
948,BEL_BETB011,2025-06-21,5.89,24.83,37.96,0,2.1,124.36,1019.93,4791.88,4.27,8.478,2400.0,0.943,PM2.5-1HR
948,BEL_BETMEU1,2025-06-21,6.23,24.09,42.75,0,1.81,118.75,1019.93,2936.26,4.37,8.618,2400.0,0.194,PM2.5-1HR
948,BEL_BETN043,2025-06-21,5.09,24.83,37.96,0,2.1,124.36,1019.93,5270.67,4.27,8.478,2400.0,0.014,PM2.5-1HR
948,BEL_BETR001,2025-06-21,7.11,24.83,37.96,0,2.1,124.36,1019.93,19743.56,4.27,8.478,2400.0,0.017,PM2.5-1HR
948,BEL_BETR012,2025-06-21,5.29,24.35,40.38,0,2.07,123.2,1019.95,4584.58,4.25,8.45,2400.0,0.456,PM2.5-1HR
948,BEL_BETREG1,2025-06-21,5.93,24.83,37.96,0,2.1,124.36,1019.93,7139.32,4.27,8.478,2400.0,0.02,PM2.5-1HR
948,BEL_BETB011,2025-06-22,7.7,24.45,49.04,0.02,3.79,219.01,1015.01,4791.88,2.67,6.238,2400.0,0.943,PM2.5-1HR
948,BEL_BETMEU1,2025-06-22,7.45,24.18,51.04,0.05,3.63,220.09,1014.9,2936.26,2.76,6.364,2400.0,0.194,PM2.5-1HR
948,BEL_BETN043,2025-06-22,6.47,24.45,49.04,0.02,3.79,219.01,1015.01,5270.67,2.67,6.238,2400.0,0.014,PM2.5-1HR
948,BEL_BETR001,2025-06-22,7.86,24.45,49.04,0.02,3.79,219.01,1015.01,19743.56,2.67,6.238,2400.0,0.017,PM2.5-1HR
948,BEL_BETR012,2025-06-22,7.07,23.95,51.17,0.01,3.85,218.57,1015.13,4584.58,2.67,6.238,2400.0,0.456,PM2.5-1HR
948,BEL_BETREG1,2025-06-22,8.57,24.45,49.04,0.02,3.79,219.01,1015.01,7139.32,2.67,6.238,2400.0,0.02,PM2.5-1HR
948,BEL_BETB011,2025-06-23,3.08,19.47,57.13,0.05,5.25,253.7,1013.55,4791.88,2.28,5.692,2400.0,0.943,PM2.5-1HR
948,BEL_BETMEU1,2025-06-23,3.64,19.6,56.92,0.03,5.33,253.8,1013.4,2936.26,2.31,5.734,2400.0,0.194,PM2.5-1HR
948,BEL_BETN043,2025-06-23,2.99,19.47,57.13,0.05,5.25,253.7,1013.55,5270.67,2.28,5.692,2400.0,0.014,PM2.5-1HR
948,BEL_BETR001,2025-06-23,3.46,19.47,57.13,0.05,5.25,253.7,1013.55,19743.56,2.28,5.692,2400.0,0.017,PM2.5-1HR
948,BEL_BETR012,2025-06-23,2.91,19.23,58.25,0.05,5.18,252.19,1013.7,4584.58,2.26,5.664,2400.0,0.456,PM2.5-1HR
948,BEL_BETREG1,2025-06-23,4.8,19.47,57.13,0.05,5.25,253.7,1013.55,7139.32,2.28,5.692,2400.0,0.02,PM2.5-1HR
948,BEL_BETB011,2025-06-24,5,18.11,68.21,0.02,4.97,238.01,1014.63,4791.88,1.89,5.146,2400.0,0.943,PM2.5-1HR
948,BEL_BETMEU1,2025-06-24,5.31,18.18,68.38,0,5,237.06,1014.47,2936.26,1.92,5.188,2400.0,0.194,PM2.5-1HR
948,BEL_BETN043,2025-06-24,4.98,18.11,68.21,0.02,4.97,238.01,1014.63,5270.67,1.89,5.146,2400.0,0.014,PM2.5-1HR
948,BEL_BETR001,2025-06-24,5.19,18.11,68.21,0.02,4.97,238.01,1014.63,19743.56,1.89,5.146,2400.0,0.017,PM2.5-1HR
948,BEL_BETR012,2025-06-24,4.94,18.05,67.96,0,4.89,239.01,1014.78,4584.58,1.95,5.23,2400.0,0.456,PM2.5-1HR
948,BEL_BETREG1,2025-06-24,6.7,18.11,68.21,0.02,4.97,238.01,1014.63,7139.32,1.89,5.146,2400.0,0.02,PM2.5-1HR
948,BEL_BETB011,2025-06-25,3.45,22.85,64.21,0.01,2.55,236.17,1012.8,4791.88,1.6,4.74,2400.0,0.943,PM2.5-1HR
948,BEL_BETMEU1,2025-06-25,3.4,22.54,66.92,0,2.55,246.48,1012.72,2936.26,1.64,4.796,2400.0,0.194,PM2.5-1HR
948,BEL_BETN043,2025-06-25,2.94,22.85,64.21,0.01,2.55,236.17,1012.8,5270.67,1.6,4.74,2400.0,0.014,PM2.5-1HR
948,BEL_BETR001,2025-06-25,3.91,22.85,64.21,0.01,2.55,236.17,1012.8,19743.56,1.6,4.74,2400.0,0.017,PM2.5-1HR
948,BEL_BETR012,2025-06-25,2.97,22.85,63.38,0,2.51,229.81,1012.85,4584.58,1.62,4.768,2400.0,0.456,PM2.5-1HR
948,BEL_BETREG1,2025-06-25,4.34,22.85,64.21,0.01,2.55,236.17,1012.8,7139.32,1.6,4.74,2400.0,0.02,PM2.5-1HR
948,BEL_BETB011,2025-06-26,2.79,20.9,76.75,0.42,4.43,228.15,1012.97,4791.88,0.74,3.536,2400.0,0.943,PM2.5-1HR
948,BEL_BETMEU1,2025-06-26,3.15,21.09,75.71,0.43,4.53,228.85,1012.8,2936.26,0.82,3.648,2400.0,0.194,PM2.5-1HR
948,BEL_BETN043,2025-06-26,2.65,20.9,76.75,0.42,4.43,228.15,1012.97,5270.67,0.74,3.536,2400.0,0.014,PM2.5-1HR
948,BEL_BETR001,2025-06-26,2.93,20.9,76.75,0.42,4.43,228.15,1012.97,19743.56,0.74,3.536,2400.0,0.017,PM2.5-1HR
948,BEL_BETR012,2025-06-26,2.38,20.7,77.88,0.4,4.48,226.69,1013.11,4584.58,0.73,3.522,2400.0,0.456,PM2.5-1HR
948,BEL_BETREG1,2025-06-26,3.73,20.9,76.75,0.42,4.43,228.15,1012.97,7139.32,0.74,3.536,2400.0,0.02,PM2.5-1HR
948,BEL_BETB011,2025-06-27,3.98,18.48,72.88,0.04,3.51,240.9,1021.91,4791.88,0.36,3.004,2400.0,0.943,PM2.5-1HR
948,BEL_BETMEU1,2025-06-27,4.22,18.92,69.79,0.07,3.6,241.35,1021.78,2936.26,0.33,2.962,2400.0,0.194,PM2.5-1HR
948,BEL_BETN043,2025-06-27,3.73,18.48,72.88,0.04,3.51,240.9,1021.91,5270.67,0.36,3.004,2400.0,0.014,PM2.5-1HR
948,BEL_BETR001,2025-06-27,4.06,18.48,72.88,0.04,3.51,240.9,1021.91,19743.56,0.36,3.004,2400.0,0.017,PM2.5-1HR
948,BEL_BETR012,2025-06-27,3.66,18.25,74.58,0.06,3.38,241.56,1022.03,4584.58,0.41,3.074,2400.0,0.456,PM2.5-1HR
948,BEL_BETREG1,2025-06-27,4.82,18.48,72.88,0.04,3.51,240.9,1021.91,7139.32,0.36,3.004,2400.0,0.02,PM2.5-1HR
948,BEL_BETB011,2025-06-28,1.21,21.02,77.42,0.01,3.94,244.38,1024.97,4791.88,0.37,3.018,2400.0,0.943,PM2.5-1HR
948,BEL_BETMEU1,2025-06-28,1.26,21.39,75.54,0,4.03,244.34,1024.82,2936.26,0.43,3.102,2400.0,0.194,PM2.5-1HR
948,BEL_BETN043,2025-06-28,1.3,21.02,77.42,0.01,3.94,244.38,1024.97,5270.67,0.37,3.018,2400.0,0.014,PM2.5-1HR
948,BEL_BETR001,2025-06-28,1.78,21.02,77.42,0.01,3.94,244.38,1024.97,19743.56,0.37,3.018,2400.0,0.017,PM2.5-1HR
948,BEL_BETR012,2025-06-28,1.81,20.75,79,0.03,3.81,247.38,1025.08,4584.58,0.39,3.046,2400.0,0.456,PM2.5-1HR
948,BEL_BETREG1,2025-06-28,2.73,21.02,77.42,0.01,3.94,244.38,1024.97,7139.32,0.37,3.018,2400.0,0.02,PM2.5-1HR
948,BEL_BETB011,2025-06-29,4.14,22.4,74,0,2.22,283.46,1024.51,4791.88,1.2,4.18,2400.0,0.943,PM2.5-1HR
948,BEL_BETMEU1,2025-06-29,4.51,22.61,72.88,0,2.22,283.1,1024.45,2936.26,1.22,4.208,2400.0,0.194,PM2.5-1HR
948,BEL_BETN043,2025-06-29,3.57,22.4,74,0,2.22,283.46,1024.51,5270.67,1.2,4.18,2400.0,0.014,PM2.5-1HR
948,BEL_BETR001,2025-06-29,5.01,22.4,74,0,2.22,283.46,1024.51,19743.56,1.2,4.18,2400.0,0.017,PM2.5-1HR
948,BEL_BETR012,2025-06-29,4.66,22.1,75.96,0,2.11,288.26,1024.57,4584.58,1.24,4.236,2400.0,0.456,PM2.5-1HR
948,BEL_BETREG1,2025-06-29,5.26,22.4,74,0,2.22,283.46,1024.51,7139.32,1.2,4.18,2400.0,0.02,PM2.5-1HR
948,BEL_BETB011,2025-06-30,6.24,25.73,58.5,0,2.06,86.8,1019.4,4791.88,4.46,8.744,2400.0,0.943,PM2.5-1HR
948,BEL_BETMEU1,2025-06-30,6.86,25.5,59.42,0,1.91,76.57,1019.41,2936.26,4.47,8.758,2400.0,0.194,PM2.5-1HR
948,BEL_BETN043,2025-06-30,5.92,25.73,58.5,0,2.06,86.8,1019.4,5270.67,4.46,8.744,2400.0,0.014,PM2.5-1HR
948,BEL_BETR001,2025-06-30,7.15,25.73,58.5,0,2.06,86.8,1019.4,19743.56,4.46,8.744,2400.0,0.017,PM2.5-1HR
948,BEL_BETR012,2025-06-30,5.58,24.98,63.29,0,2.15,89.32,1019.41,4584.58,4.44,8.716,2400.0,0.456,PM2.5-1HR
948,BEL_BETREG1,2025-06-30,6.59,25.73,58.5,0,2.06,86.8,1019.4,7139.32,4.46,8.744,2400.0,0.02,PM2.5-1HR
948,BEL_BETB011,2025-07-01,7,30.15,41.38,0,2,174.53,1014.76,4791.88,5.55,10.27,2400.0,0.943,PM2.5-1HR
948,BEL_BETREG1,2025-07-01,8.14,30.15,41.38,0,2,174.53,1014.76,7139.32,5.55,10.27,2400.0,0.02,PM2.5-1HR
948,BEL_BETMEU1,2025-07-01,9.14,29.45,44.83,0,1.75,176.91,1014.7,2936.26,5.63,10.382,2400.0,0.194,PM2.5-1HR
948,BEL_BETN043,2025-07-01,7.56,30.15,41.38,0,2,174.53,1014.76,5270.67,5.55,10.27,2400.0,0.014,PM2.5-1HR
948,BEL_BETR001,2025-07-01,8.38,30.15,41.38,0,2,174.53,1014.76,19743.56,5.55,10.27,2400.0,0.017,PM2.5-1HR
948,BEL_BETR012,2025-07-01,7.33,29.23,46.63,0,2.04,171.97,1014.84,4584.58,5.46,10.144,2400.0,0.456,PM2.5-1HR
948,BEL_BETB011,2025-07-02,7.92,26.2,57.21,0.16,2.49,332.98,1015.06,4791.88,4.91,9.374,2400.0,0.943,PM2.5-1HR
948,BEL_BETREG1,2025-07-02,9.43,26.2,57.21,0.16,2.49,332.98,1015.06,7139.32,4.91,9.374,2400.0,0.02,PM2.5-1HR
948,BEL_BETMEU1,2025-07-02,8.98,25.54,61.33,0.12,2.37,328.17,1015.04,2936.26,4.9,9.36,2400.0,0.194,PM2.5-1HR
948,BEL_BETN043,2025-07-02,7.55,26.2,57.21,0.16,2.49,332.98,1015.06,5270.67,4.91,9.374,2400.0,0.014,PM2.5-1HR
948,BEL_BETR001,2025-07-02,9.34,26.2,57.21,0.16,2.49,332.98,1015.06,19743.56,4.91,9.374,2400.0,0.017,PM2.5-1HR
948,BEL_BETR012,2025-07-02,7.97,25.91,59,0.11,2.46,337.62,1015.07,4584.58,4.9,9.36,2400.0,0.456,PM2.5-1HR
948,BEL_BETB011,2025-07-03,2.06,18.42,61.04,0,3.06,336.96,1025.78,4791.88,0.99,3.886,2400.0,0.943,PM2.5-1HR
948,BEL_BETREG1,2025-07-03,3,18.42,61.04,0,3.06,336.96,1025.78,7139.32,0.99,3.886,2400.0,0.02,PM2.5-1HR
948,BEL_BETMEU1,2025-07-03,2.09,18.17,63.04,0,2.95,332.73,1025.8,2936.26,1.02,3.928,2400.0,0.194,PM2.5-1HR
948,BEL_BETN043,2025-07-03,1.5,18.42,61.04,0,3.06,336.96,1025.78,5270.67,0.99,3.886,2400.0,0.014,PM2.5-1HR
948,BEL_BETR001,2025-07-03,2.58,18.42,61.04,0,3.06,336.96,1025.78,19743.56,0.99,3.886,2400.0,0.017,PM2.5-1HR
948,BEL_BETR012,2025-07-03,1.89,18.68,58.42,0,3.05,337.94,1025.74,4584.58,1.04,3.956,2400.0,0.456,PM2.5-1HR
948,BEL_BETB011,2025-07-04,2.36,19.35,49,0,1.35,244.22,1027.02,4791.88,0.92,3.788,2400.0,0.943,PM2.5-1HR
948,BEL_BETMEU1,2025-07-04,3.05,18.68,53.38,0,1.23,249.95,1026.99,2936.26,0.96,3.844,2400.0,0.194,PM2.5-1HR
948,BEL_BETN043,2025-07-04,2.21,19.35,49,0,1.35,244.22,1027.02,5270.67,0.92,3.788,2400.0,0.014,PM2.5-1HR
948,BEL_BETR001,2025-07-04,2.84,19.35,49,0,1.35,244.22,1027.02,19743.56,0.92,3.788,2400.0,0.017,PM2.5-1HR
948,BEL_BETR012,2025-07-04,1.54,19.31,47.21,0,1.33,241.32,1027.07,4584.58,0.94,3.816,2400.0,0.456,PM2.5-1HR
948,BEL_BETREG1,2025-07-04,5.07,19.35,49,0,1.35,244.22,1027.02,7139.32,0.92,3.788,2400.0,0.02,PM2.5-1HR
948,BEL_BETB011,2025-07-05,2.63,19.95,48.92,0.05,4.28,237.94,1017.79,4791.88,1.8,5.02,2400.0,0.943,PM2.5-1HR
948,BEL_BETMEU1,2025-07-05,2.6,19.49,53.21,0.06,4.23,236.36,1017.65,2936.26,1.91,5.174,2400.0,0.194,PM2.5-1HR
948,BEL_BETN043,2025-07-05,2.51,19.95,48.92,0.05,4.28,237.94,1017.79,5270.67,1.8,5.02,2400.0,0.014,PM2.5-1HR
948,BEL_BETR001,2025-07-05,2.96,19.95,48.92,0.05,4.28,237.94,1017.79,19743.56,1.8,5.02,2400.0,0.017,PM2.5-1HR
948,BEL_BETR012,2025-07-05,2.3,19.78,48.88,0.01,4.15,239.47,1017.93,4584.58,1.82,5.048,2400.0,0.456,PM2.5-1HR
948,BEL_BETREG1,2025-07-05,4.43,19.95,48.92,0.05,4.28,237.94,1017.79,7139.32,1.8,5.02,2400.0,0.02,PM2.5-1HR
948,BEL_BETB011,2025-07-06,1.23,17.33,81.92,0.48,3.91,220.16,1007.99,4791.88,0.08,2.612,2400.0,0.943,PM2.5-1HR
948,BEL_BETMEU1,2025-07-06,1.16,17.4,82.42,0.55,3.87,219.4,1007.87,2936.26,0.07,2.598,2400.0,0.194,PM2.5-1HR
948,BEL_BETN043,2025-07-06,1.14,17.33,81.92,0.48,3.91,220.16,1007.99,5270.67,0.08,2.612,2400.0,0.014,PM2.5-1HR
948,BEL_BETR001,2025-07-06,1.17,17.33,81.92,0.48,3.91,220.16,1007.99,19743.56,0.08,2.612,2400.0,0.017,PM2.5-1HR
948,BEL_BETR012,2025-07-06,1.08,17.15,83,0.48,4,219.91,1008.09,4584.58,0.09,2.626,2400.0,0.456,PM2.5-1HR
948,BEL_BETREG1,2025-07-06,1.29,17.33,81.92,0.48,3.91,220.16,1007.99,7139.32,0.08,2.612,2400.0,0.02,PM2.5-1HR
948,BEL_BETB011,2025-07-07,3.34,15.79,82.04,0.21,3.48,299.81,1007.19,4791.88,1.15,4.11,2400.0,0.943,PM2.5-1HR
948,BEL_BETMEU1,2025-07-07,3.19,15.9,81.25,0.21,3.53,298.83,1007.15,2936.26,1.21,4.194,2400.0,0.194,PM2.5-1HR
948,BEL_BETN043,2025-07-07,2.44,15.79,82.04,0.21,3.48,299.81,1007.19,5270.67,1.15,4.11,2400.0,0.014,PM2.5-1HR
948,BEL_BETR001,2025-07-07,3.59,15.79,82.04,0.21,3.48,299.81,1007.19,19743.56,1.15,4.11,2400.0,0.017,PM2.5-1HR
948,BEL_BETR012,2025-07-07,3.07,15.65,82.42,0.36,3.45,299.83,1007.21,4584.58,1.13,4.082,2400.0,0.456,PM2.5-1HR
948,BEL_BETREG1,2025-07-07,4.29,15.79,82.04,0.21,3.48,299.81,1007.19,7139.32,1.15,4.11,2400.0,0.02,PM2.5-1HR
948,BEL_BETB011,2025-07-08,4.26,14.67,75.75,0.1,3.56,295.52,1014.95,4791.88,1.8,5.02,2400.0,0.943,PM2.5-1HR
948,BEL_BETMEU1,2025-07-08,4.9,14.73,76.13,0.14,3.53,294.87,1014.89,2936.26,1.84,5.076,2400.0,0.194,PM2.5-1HR
948,BEL_BETN043,2025-07-08,3.81,14.67,75.75,0.1,3.56,295.52,1014.95,5270.67,1.8,5.02,2400.0,0.014,PM2.5-1HR
948,BEL_BETR001,2025-07-08,5.16,14.67,75.75,0.1,3.56,295.52,1014.95,19743.56,1.8,5.02,2400.0,0.017,PM2.5-1HR
948,BEL_BETR012,2025-07-08,4.3,14.51,76.08,0.23,3.57,293.93,1014.99,4584.58,1.82,5.048,2400.0,0.456,PM2.5-1HR
948,BEL_BETREG1,2025-07-08,5.84,14.67,75.75,0.1,3.56,295.52,1014.95,7139.32,1.8,5.02,2400.0,0.02,PM2.5-1HR
948,BEL_BETB011,2025-07-09,5.98,17.42,68.08,0,2.23,279.77,1021.25,4791.88,4.93,9.402,2400.0,0.943,PM2.5-1HR
948,BEL_BETMEU1,2025-07-09,6.6,17.35,68.38,0,2.13,280.25,1021.18,2936.26,4.94,9.416,2400.0,0.194,PM2.5-1HR
948,BEL_BETN043,2025-07-09,5.94,17.42,68.08,0,2.23,279.77,1021.25,5270.67,4.93,9.402,2400.0,0.014,PM2.5-1HR
948,BEL_BETR001,2025-07-09,7.17,17.42,68.08,0,2.23,279.77,1021.25,19743.56,4.93,9.402,2400.0,0.017,PM2.5-1HR
948,BEL_BETR012,2025-07-09,5.9,17.24,68.29,0,2.19,279.12,1021.29,4584.58,5.05,9.57,2400.0,0.456,PM2.5-1HR
948,BEL_BETREG1,2025-07-09,7.64,17.42,68.08,0,2.23,279.77,1021.25,7139.32,4.93,9.402,2400.0,0.02,PM2.5-1HR
948,BEL_BETB011,2025-07-10,3.4,19.66,64.04,0,1.73,317.1,1022.3,4791.88,1.52,4.628,2400.0,0.943,PM2.5-1HR
948,BEL_BETMEU1,2025-07-10,3.65,19.45,64.5,0,1.63,313.5,1022.31,2936.26,1.51,4.614,2400.0,0.194,PM2.5-1HR
948,BEL_BETN043,2025-07-10,3.13,19.66,64.04,0,1.73,317.1,1022.3,5270.67,1.52,4.628,2400.0,0.014,PM2.5-1HR
948,BEL_BETR001,2025-07-10,4.78,19.66,64.04,0,1.73,317.1,1022.3,19743.56,1.52,4.628,2400.0,0.017,PM2.5-1HR
948,BEL_BETR012,2025-07-10,3.37,19.58,64.13,0,1.66,318.53,1022.31,4584.58,1.6,4.74,2400.0,0.456,PM2.5-1HR
948,BEL_BETREG1,2025-07-10,5.14,19.66,64.04,0,1.73,317.1,1022.3,7139.32,1.52,4.628,2400.0,0.02,PM2.5-1HR
948,BEL_BETB011,2025-07-11,3.31,20.85,64.63,0,2.55,20.89,1020.14,4791.88,1.98,5.272,2400.0,0.943,PM2.5-1HR
948,BEL_BETMEU1,2025-07-11,3.53,20.54,67.13,0,2.37,20.38,1020.16,2936.26,1.99,5.286,2400.0,0.194,PM2.5-1HR
948,BEL_BETN043,2025-07-11,3.2,20.85,64.63,0,2.55,20.89,1020.14,5270.67,1.98,5.272,2400.0,0.014,PM2.5-1HR
948,BEL_BETR001,2025-07-11,4.26,20.85,64.63,0,2.55,20.89,1020.14,19743.56,1.98,5.272,2400.0,0.017,PM2.5-1HR
948,BEL_BETR012,2025-07-11,3.26,20.75,65,0,2.48,21.79,1020.1,4584.58,2,5.3,2400.0,0.456,PM2.5-1HR
948,BEL_BETREG1,2025-07-11,4.33,20.85,64.63,0,2.55,20.89,1020.14,7139.32,1.98,5.272,2400.0,0.02,PM2.5-1HR
948,BEL_BETB011,2025-07-12,4.5,21.04,63.17,0,2.46,16.76,1015.56,4791.88,2.33,5.762,2400.0,0.943,PM2.5-1HR
948,BEL_BETMEU1,2025-07-12,4.74,20.64,65.75,0,2.26,13.75,1015.57,2936.26,2.34,5.776,2400.0,0.194,PM2.5-1HR
948,BEL_BETN043,2025-07-12,3.58,21.04,63.17,0,2.46,16.76,1015.56,5270.67,2.33,5.762,2400.0,0.014,PM2.5-1HR
948,BEL_BETR001,2025-07-12,5.22,21.04,63.17,0,2.46,16.76,1015.56,19743.56,2.33,5.762,2400.0,0.017,PM2.5-1HR
948,BEL_BETR012,2025-07-12,4.22,20.96,63.5,0,2.41,18.63,1015.53,4584.58,2.32,5.748,2400.0,0.456,PM2.5-1HR
948,BEL_BETREG1,2025-07-12,5.39,21.04,63.17,0,2.46,16.76,1015.56,7139.32,2.33,5.762,2400.0,0.02,PM2.5-1HR
948,BEL_BETB011,2025-07-13,6.44,20.76,64.5,0,2,293.53,1011.95,4791.88,2.82,6.448,2400.0,0.943,PM2.5-1HR
948,BEL_BETMEU1,2025-07-13,6.9,20.33,69.29,0,1.84,288.63,1011.89,2936.26,2.85,6.49,2400.0,0.194,PM2.5-1HR
948,BEL_BETN043,2025-07-13,5.39,20.76,64.5,0,2,293.53,1011.95,5270.67,2.82,6.448,2400.0,0.014,PM2.5-1HR
948,BEL_BETR001,2025-07-13,7.26,20.76,64.5,0,2,293.53,1011.95,19743.56,2.82,6.448,2400.0,0.017,PM2.5-1HR
948,BEL_BETR012,2025-07-13,6.11,20.52,65.75,0,1.85,298.46,1011.99,4584.58,2.79,6.406,2400.0,0.456,PM2.5-1HR
948,BEL_BETREG1,2025-07-13,7.54,20.76,64.5,0,2,293.53,1011.95,7139.32,2.82,6.448,2400.0,0.02,PM2.5-1HR
948,BEL_BETB011,2025-07-14,8.61,21.15,67.08,0.01,3.31,261.93,1014.35,4791.88,4.01,8.114,2400.0,0.943,PM2.5-1HR
948,BEL_BETMEU1,2025-07-14,8.59,20.56,70.92,0.01,3.19,261.43,1014.28,2936.26,4.01,8.114,2400.0,0.194,PM2.5-1HR
948,BEL_BETN043,2025-07-14,7.77,21.15,67.08,0.01,3.31,261.93,1014.35,5270.67,4.01,8.114,2400.0,0.014,PM2.5-1HR
948,BEL_BETR001,2025-07-14,9.87,21.15,67.08,0.01,3.31,261.93,1014.35,19743.56,4.01,8.114,2400.0,0.017,PM2.5-1HR
948,BEL_BETR012,2025-07-14,8.05,21.05,67.46,0.01,3.34,262.08,1014.43,4584.58,4.09,8.226,2400.0,0.456,PM2.5-1HR
948,BEL_BETREG1,2025-07-14,10.41,21.15,67.08,0.01,3.31,261.93,1014.35,7139.32,4.01,8.114,2400.0,0.02,PM2.5-1HR
948,BEL_BETB011,2025-07-15,3.63,19.45,53.67,0.01,4.37,243.02,1018.24,4791.88,2.62,6.168,2400.0,0.943,PM2.5-1HR
948,BEL_BETMEU1,2025-07-15,3.57,19.29,55.83,0.01,4.37,242.36,1018.13,2936.26,2.7,6.28,2400.0,0.194,PM2.5-1HR
948,BEL_BETN043,2025-07-15,3.66,19.45,53.67,0.01,4.37,243.02,1018.24,5270.67,2.62,6.168,2400.0,0.014,PM2.5-1HR
948,BEL_BETR001,2025-07-15,3.83,19.45,53.67,0.01,4.37,243.02,1018.24,19743.56,2.62,6.168,2400.0,0.017,PM2.5-1HR
948,BEL_BETR012,2025-07-15,3.35,19.22,55.42,0,4.28,244.52,1018.34,4584.58,2.59,6.126,2400.0,0.456,PM2.5-1HR
948,BEL_BETREG1,2025-07-15,4.57,19.45,53.67,0.01,4.37,243.02,1018.24,7139.32,2.62,6.168,2400.0,0.02,PM2.5-1HR
948,BEL_BETB011,2025-07-16,4.11,19.08,59.75,0.03,4.84,269.96,1015.22,4791.88,2.3,5.72,2400.0,0.943,PM2.5-1HR
948,BEL_BETMEU1,2025-07-16,4.05,18.81,62.92,0.02,4.81,270.26,1015.14,2936.26,2.37,5.818,2400.0,0.194,PM2.5-1HR
948,BEL_BETN043,2025-07-16,4.37,19.08,59.75,0.03,4.84,269.96,1015.22,5270.67,2.3,5.72,2400.0,0.014,PM2.5-1HR
948,BEL_BETR001,2025-07-16,4.44,19.08,59.75,0.03,4.84,269.96,1015.22,19743.56,2.3,5.72,2400.0,0.017,PM2.5-1HR
948,BEL_BETR012,2025-07-16,3.67,18.97,60.67,0.03,4.81,268.75,1015.3,4584.58,2.32,5.748,2400.0,0.456,PM2.5-1HR
948,BEL_BETREG1,2025-07-16,5.18,19.08,59.75,0.03,4.84,269.96,1015.22,7139.32,2.3,5.72,2400.0,0.02,PM2.5-1HR
948,BEL_BETB011,2025-07-17,3.69,20.05,60.46,0,1.67,284.41,1017.79,4791.88,1.48,4.572,2400.0,0.943,PM2.5-1HR
948,BEL_BETMEU1,2025-07-17,3.52,19.41,65.5,0,1.45,287.66,1017.76,2936.26,1.5,4.6,2400.0,0.194,PM2.5-1HR
948,BEL_BETN043,2025-07-17,2.79,20.05,60.46,0,1.67,284.41,1017.79,5270.67,1.48,4.572,2400.0,0.014,PM2.5-1HR
948,BEL_BETR001,2025-07-17,4.41,20.05,60.46,0,1.67,284.41,1017.79,19743.56,1.48,4.572,2400.0,0.017,PM2.5-1HR
948,BEL_BETR012,2025-07-17,3.56,19.73,62.92,0,1.71,278.91,1017.84,4584.58,1.5,4.6,2400.0,0.456,PM2.5-1HR
948,BEL_BETREG1,2025-07-17,5.29,20.05,60.46,0,1.67,284.41,1017.79,7139.32,1.48,4.572,2400.0,0.02,PM2.5-1HR
948,BEL_BETB011,2025-07-18,4.42,23.95,48.33,0,1.53,118.8,1014.09,4791.88,2.64,6.196,2400.0,0.943,PM2.5-1HR
948,BEL_BETMEU1,2025-07-18,5.31,23.13,54.79,0,1.31,115.99,1014.1,2936.26,2.64,6.196,2400.0,0.194,PM2.5-1HR
948,BEL_BETN043,2025-07-18,4.24,23.95,48.33,0,1.53,118.8,1014.09,5270.67,2.64,6.196,2400.0,0.014,PM2.5-1HR
948,BEL_BETR001,2025-07-18,5.4,23.95,48.33,0,1.53,118.8,1014.09,19743.56,2.64,6.196,2400.0,0.017,PM2.5-1HR
948,BEL_BETR012,2025-07-18,4.13,23.64,50.83,0,1.5,131.02,1014.1,4584.58,2.68,6.252,2400.0,0.456,PM2.5-1HR
948,BEL_BETREG1,2025-07-18,5.62,23.95,48.33,0,1.53,118.8,1014.09,7139.32,2.64,6.196,2400.0,0.02,PM2.5-1HR
948,BEL_BETB011,2025-07-19,5.93,24.39,52.88,0.05,3.63,143.1,1007.1,4791.88,3.75,7.75,2400.0,0.943,PM2.5-1HR
948,BEL_BETMEU1,2025-07-19,6.76,23.9,56.5,0.07,3.47,141.09,1007.08,2936.26,3.87,7.918,2400.0,0.194,PM2.5-1HR
948,BEL_BETN043,2025-07-19,5.59,24.39,52.88,0.05,3.63,143.1,1007.1,5270.67,3.75,7.75,2400.0,0.014,PM2.5-1HR
948,BEL_BETR001,2025-07-19,6.95,24.39,52.88,0.05,3.63,143.1,1007.1,19743.56,3.75,7.75,2400.0,0.017,PM2.5-1HR
948,BEL_BETR012,2025-07-19,5.37,24.15,53.92,0.01,3.69,145.99,1007.13,4584.58,3.64,7.596,2400.0,0.456,PM2.5-1HR
948,BEL_BETREG1,2025-07-19,6.4,24.39,52.88,0.05,3.63,143.1,1007.1,7139.32,3.75,7.75,2400.0,0.02,PM2.5-1HR
948,BEL_BETB011,2025-07-20,2.99,20.62,75.54,0.34,2.84,193.53,1004.34,4791.88,0.51,3.214,2400.0,0.943,PM2.5-1HR
948,BEL_BETMEU1,2025-07-20,2.91,20.65,76.5,0.21,2.78,194.31,1004.28,2936.26,0.54,3.256,2400.0,0.194,PM2.5-1HR
948,BEL_BETN043,2025-07-20,2.71,20.62,75.54,0.34,2.84,193.53,1004.34,5270.67,0.51,3.214,2400.0,0.014,PM2.5-1HR
948,BEL_BETR001,2025-07-20,3.22,20.62,75.54,0.34,2.84,193.53,1004.34,19743.56,0.51,3.214,2400.0,0.017,PM2.5-1HR
948,BEL_BETR012,2025-07-20,2.6,20.42,76.33,0.21,2.79,191.98,1004.38,4584.58,0.51,3.214,2400.0,0.456,PM2.5-1HR
948,BEL_BETREG1,2025-07-20,3.04,20.62,75.54,0.34,2.84,193.53,1004.34,7139.32,0.51,3.214,2400.0,0.02,PM2.5-1HR
948,BEL_BETB011,2025-07-21,1.35,18.41,75.5,0.61,4.33,196.35,1002.96,4791.88,0.19,2.766,2400.0,0.943,PM2.5-1HR
948,BEL_BETMEU1,2025-07-21,1.66,18.62,74.33,0.31,4.21,196.48,1002.9,2936.26,0.21,2.794,2400.0,0.194,PM2.5-1HR
948,BEL_BETN043,2025-07-21,1.36,18.41,75.5,0.61,4.33,196.35,1002.96,5270.67,0.19,2.766,2400.0,0.014,PM2.5-1HR
948,BEL_BETR001,2025-07-21,1.6,18.41,75.5,0.61,4.33,196.35,1002.96,19743.56,0.19,2.766,2400.0,0.017,PM2.5-1HR
948,BEL_BETR012,2025-07-21,1.39,18.21,76.46,0.28,4.39,196.92,1003.04,4584.58,0.19,2.766,2400.0,0.456,PM2.5-1HR
948,BEL_BETREG1,2025-07-21,1.79,18.41,75.5,0.61,4.33,196.35,1002.96,7139.32,0.19,2.766,2400.0,0.02,PM2.5-1HR
948,BEL_BETB011,2025-07-22,2.4,17.94,78.96,0.11,4.33,242.5,1009.7,4791.88,1.06,3.984,2400.0,0.943,PM2.5-1HR
948,BEL_BETMEU1,2025-07-22,2.5,18.27,77,0.09,4.31,243.37,1009.55,2936.26,1.05,3.97,2400.0,0.194,PM2.5-1HR
948,BEL_BETN043,2025-07-22,2.53,17.94,78.96,0.11,4.33,242.5,1009.7,5270.67,1.06,3.984,2400.0,0.014,PM2.5-1HR
948,BEL_BETR001,2025-07-22,2.83,17.94,78.96,0.11,4.33,242.5,1009.7,19743.56,1.06,3.984,2400.0,0.017,PM2.5-1HR
948,BEL_BETR012,2025-07-22,2.18,17.71,79.46,0.14,4.4,241.93,1009.85,4584.58,1.12,4.068,2400.0,0.456,PM2.5-1HR
948,BEL_BETREG1,2025-07-22,3.31,17.94,78.96,0.11,4.33,242.5,1009.7,7139.32,1.06,3.984,2400.0,0.02,PM2.5-1HR
948,BEL_BETB011,2025-07-23,2.85,18.02,77.08,0.05,2.75,262.69,1012.99,4791.88,1.42,4.488,2400.0,0.943,PM2.5-1HR
948,BEL_BETMEU1,2025-07-23,2.8,18.2,76.63,0.06,2.74,263.68,1012.89,2936.26,1.41,4.474,2400.0,0.194,PM2.5-1HR
948,BEL_BETN043,2025-07-23,2.74,18.02,77.08,0.05,2.75,262.69,1012.99,5270.67,1.42,4.488,2400.0,0.014,PM2.5-1HR
948,BEL_BETR001,2025-07-23,3.35,18.02,77.08,0.05,2.75,262.69,1012.99,19743.56,1.42,4.488,2400.0,0.017,PM2.5-1HR
948,BEL_BETR012,2025-07-23,2.3,17.85,77.38,0.08,2.73,256.98,1013.06,4584.58,1.5,4.6,2400.0,0.456,PM2.5-1HR
948,BEL_BETREG1,2025-07-23,3.45,18.02,77.08,0.05,2.75,262.69,1012.99,7139.32,1.42,4.488,2400.0,0.02,PM2.5-1HR
948,BEL_BETB011,2025-07-24,6.12,18.97,78,0.04,1.53,336.64,1014.27,4791.88,3.35,7.19,2400.0,0.943,PM2.5-1HR
948,BEL_BETMEU1,2025-07-24,6.24,18.79,77.96,0.06,1.45,331.98,1014.25,2936.26,3.29,7.106,2400.0,0.194,PM2.5-1HR
948,BEL_BETN043,2025-07-24,4.95,18.97,78,0.04,1.53,336.64,1014.27,5270.67,3.35,7.19,2400.0,0.014,PM2.5-1HR
948,BEL_BETR001,2025-07-24,6.84,18.97,78,0.04,1.53,336.64,1014.27,19743.56,3.35,7.19,2400.0,0.017,PM2.5-1HR
948,BEL_BETR012,2025-07-24,6.67,18.82,78.88,0.08,1.45,335.96,1014.27,4584.58,3.4,7.26,2400.0,0.456,PM2.5-1HR
948,BEL_BETREG1,2025-07-24,7.41,18.97,78,0.04,1.53,336.64,1014.27,7139.32,3.35,7.19,2400.0,0.02,PM2.5-1HR
948,BEL_BETB011,2025-07-25,7.22,19.5,78.67,0.05,2.16,340.9,1017.42,4791.88,3.91,7.974,2400.0,0.943,PM2.5-1HR
948,BEL_BETMEU1,2025-07-25,7.35,19.22,80.17,0.05,2.03,335.63,1017.42,2936.26,3.89,7.946,2400.0,0.194,PM2.5-1HR
948,BEL_BETN043,2025-07-25,5.9,19.5,78.67,0.05,2.16,340.9,1017.42,5270.67,3.91,7.974,2400.0,0.014,PM2.5-1HR
948,BEL_BETR001,2025-07-25,8.38,19.5,78.67,0.05,2.16,340.9,1017.42,19743.56,3.91,7.974,2400.0,0.017,PM2.5-1HR
948,BEL_BETR012,2025-07-25,6.4,19.48,78.13,0.03,2.09,342.2,1017.39,4584.58,3.95,8.03,2400.0,0.456,PM2.5-1HR
948,BEL_BETREG1,2025-07-25,8.31,19.5,78.67,0.05,2.16,340.9,1017.42,7139.32,3.91,7.974,2400.0,0.02,PM2.5-1HR
948,BEL_BETB011,2025-07-26,6.86,20.09,71.71,0.01,2.3,261.84,1016.86,4791.88,4.62,8.968,2400.0,0.943,PM2.5-1HR
948,BEL_BETMEU1,2025-07-26,7.22,19.92,71.75,0,2.31,260.23,1016.81,2936.26,4.59,8.926,2400.0,0.194,PM2.5-1HR
948,BEL_BETN043,2025-07-26,5.87,20.09,71.71,0.01,2.3,261.84,1016.86,5270.67,4.62,8.968,2400.0,0.014,PM2.5-1HR
948,BEL_BETR001,2025-07-26,7.95,20.09,71.71,0.01,2.3,261.84,1016.86,19743.56,4.62,8.968,2400.0,0.017,PM2.5-1HR
948,BEL_BETR012,2025-07-26,6.89,19.9,72.54,0.01,2.28,264.72,1016.93,4584.58,4.64,8.996,2400.0,0.456,PM2.5-1HR
948,BEL_BETREG1,2025-07-26,8.28,20.09,71.71,0.01,2.3,261.84,1016.86,7139.32,4.62,8.968,2400.0,0.02,PM2.5-1HR
948,BEL_BETB011,2025-07-27,3.28,17.89,80.58,0.28,2.21,326.04,1014.98,4791.88,1.54,4.656,2400.0,0.943,PM2.5-1HR
948,BEL_BETMEU1,2025-07-27,4.13,18.04,79.79,0.17,2.22,326.82,1014.95,2936.26,1.54,4.656,2400.0,0.194,PM2.5-1HR
948,BEL_BETN043,2025-07-27,2.94,17.89,80.58,0.28,2.21,326.04,1014.98,5270.67,1.54,4.656,2400.0,0.014,PM2.5-1HR
948,BEL_BETR001,2025-07-27,4.14,17.89,80.58,0.28,2.21,326.04,1014.98,19743.56,1.54,4.656,2400.0,0.017,PM2.5-1HR
948,BEL_BETR012,2025-07-27,3.53,17.75,81.21,0.37,2.2,326.8,1014.97,4584.58,1.57,4.698,2400.0,0.456,PM2.5-1HR
948,BEL_BETREG1,2025-07-27,4.35,17.89,80.58,0.28,2.21,326.04,1014.98,7139.32,1.54,4.656,2400.0,0.02,PM2.5-1HR
948,BEL_BETB011,2025-07-28,4,16.88,75.54,0.03,2.93,306.13,1018.18,4791.88,2.61,6.154,2400.0,0.943,PM2.5-1HR
948,BEL_BETMEU1,2025-07-28,4.4,16.92,75.13,0.02,2.86,303.42,1018.13,2936.26,2.71,6.294,2400.0,0.194,PM2.5-1HR
948,BEL_BETN043,2025-07-28,3.63,16.88,75.54,0.03,2.93,306.13,1018.18,5270.67,2.61,6.154,2400.0,0.014,PM2.5-1HR
948,BEL_BETR001,2025-07-28,5.04,16.88,75.54,0.03,2.93,306.13,1018.18,19743.56,2.61,6.154,2400.0,0.017,PM2.5-1HR
948,BEL_BETR012,2025-07-28,3.87,16.77,75.88,0.05,2.91,306.78,1018.23,4584.58,2.62,6.168,2400.0,0.456,PM2.5-1HR
948,BEL_BETREG1,2025-07-28,5.41,16.88,75.54,0.03,2.93,306.13,1018.18,7139.32,2.61,6.154,2400.0,0.02,PM2.5-1HR
948,BEL_BETB011,2025-07-29,5.96,17.4,77.79,0.09,2.66,256.61,1018.38,4791.88,3.01,6.714,2400.0,0.943,PM2.5-1HR
948,BEL_BETMEU1,2025-07-29,6,17.37,77.67,0.06,2.5,256.01,1018.31,2936.26,3.09,6.826,2400.0,0.194,PM2.5-1HR
948,BEL_BETN043,2025-07-29,5.44,17.4,77.79,0.09,2.66,256.61,1018.38,5270.67,3.01,6.714,2400.0,0.014,PM2.5-1HR
948,BEL_BETR001,2025-07-29,6.88,17.4,77.79,0.09,2.66,256.61,1018.38,19743.56,3.01,6.714,2400.0,0.017,PM2.5-1HR
948,BEL_BETR012,2025-07-29,5.47,17.19,78.21,0.12,2.69,254.28,1018.45,4584.58,3.05,6.77,2400.0,0.456,PM2.5-1HR
948,BEL_BETREG1,2025-07-29,7.21,17.4,77.79,0.09,2.66,256.61,1018.38,7139.32,3.01,6.714,2400.0,0.02,PM2.5-1HR
948,BEL_BETB011,2025-07-30,5.22,17.42,75.08,0.03,2.61,279.8,1017.58,4791.88,2.5,6.0,2400.0,0.943,PM2.5-1HR
948,BEL_BETR012,2025-07-30,5.11,17.36,74,0.03,2.58,277.27,1017.61,4584.58,2.52,6.028,2400.0,0.456,PM2.5-1HR
948,BEL_BETMEU1,2025-07-30,4.87,17.3,75.25,0.06,2.56,279.75,1017.52,2936.26,2.55,6.07,2400.0,0.194,PM2.5-1HR
948,BEL_BETN043,2025-07-30,4.43,17.42,75.08,0.03,2.61,279.8,1017.58,5270.67,2.5,6.0,2400.0,0.014,PM2.5-1HR
948,BEL_BETR001,2025-07-30,5.95,17.42,75.08,0.03,2.61,279.8,1017.58,19743.56,2.5,6.0,2400.0,0.017,PM2.5-1HR
948,BEL_BETREG1,2025-07-30,6.29,17.42,75.08,0.03,2.61,279.8,1017.58,7139.32,2.5,6.0,2400.0,0.02,PM2.5-1HR
948,BEL_BETB011,2025-07-31,5.2,18,80.71,0.59,3.23,249.15,1015.88,4791.88,2.74,6.336,2400.0,0.943,PM2.5-1HR
948,BEL_BETR012,2025-07-31,5.51,17.98,80.08,0.75,3.29,250.51,1015.97,4584.58,2.69,6.266,2400.0,0.456,PM2.5-1HR
948,BEL_BETMEU1,2025-07-31,5.12,18.15,79.67,0.47,3.27,248.87,1015.75,2936.26,2.79,6.406,2400.0,0.194,PM2.5-1HR
948,BEL_BETN043,2025-07-31,4.58,18,80.71,0.59,3.23,249.15,1015.88,5270.67,2.74,6.336,2400.0,0.014,PM2.5-1HR
948,BEL_BETR001,2025-07-31,5.68,18,80.71,0.59,3.23,249.15,1015.88,19743.56,2.74,6.336,2400.0,0.017,PM2.5-1HR
948,BEL_BETREG1,2025-07-31,6.71,18,80.71,0.59,3.23,249.15,1015.88,7139.32,2.74,6.336,2400.0,0.02,PM2.5-1HR
948,BEL_BETB011,2025-08-01,3.8,17.1,83.54,0.08,3.08,288.26,1013.34,4791.88,1.4,4.46,2400.0,0.943,PM2.5-1HR
948,BEL_BETMEU1,2025-08-01,4.09,17.15,83.25,0.08,3.1,287.96,1013.28,2936.26,1.44,4.516,2400.0,0.194,PM2.5-1HR
948,BEL_BETN043,2025-08-01,3.23,17.1,83.54,0.08,3.08,288.26,1013.34,5270.67,1.4,4.46,2400.0,0.014,PM2.5-1HR
948,BEL_BETR001,2025-08-01,4.55,17.1,83.54,0.08,3.08,288.26,1013.34,19743.56,1.4,4.46,2400.0,0.017,PM2.5-1HR
948,BEL_BETR012,2025-08-01,3.84,17.01,83.54,0.07,3.01,287.62,1013.37,4584.58,1.43,4.502,2400.0,0.456,PM2.5-1HR
948,BEL_BETREG1,2025-08-01,4.82,17.1,83.54,0.08,3.08,288.26,1013.34,7139.32,1.4,4.46,2400.0,0.02,PM2.5-1HR
948,BEL_BETB011,2025-08-02,2.71,15.84,78.92,0.1,3.63,298.73,1015.5,4791.88,1.18,4.152,2400.0,0.943,PM2.5-1HR
948,BEL_BETMEU1,2025-08-02,2.98,15.98,78.46,0.44,3.61,298.58,1015.42,2936.26,1.21,4.194,2400.0,0.194,PM2.5-1HR
948,BEL_BETN043,2025-08-02,2.37,15.84,78.92,0.1,3.63,298.73,1015.5,5270.67,1.18,4.152,2400.0,0.014,PM2.5-1HR
948,BEL_BETR001,2025-08-02,3.55,15.84,78.92,0.1,3.63,298.73,1015.5,19743.56,1.18,4.152,2400.0,0.017,PM2.5-1HR
948,BEL_BETR012,2025-08-02,2.78,15.69,79.54,0.18,3.62,297.62,1015.6,4584.58,1.21,4.194,2400.0,0.456,PM2.5-1HR
948,BEL_BETREG1,2025-08-02,4.02,15.84,78.92,0.1,3.63,298.73,1015.5,7139.32,1.18,4.152,2400.0,0.02,PM2.5-1HR
948,BEL_BETB011,2025-08-03,3.52,17.4,72.38,0,3.83,243.54,1018.72,4791.88,2.4,5.86,2400.0,0.943,PM2.5-1HR
948,BEL_BETMEU1,2025-08-03,3.61,17.66,71,0,3.87,242.66,1018.58,2936.26,2.48,5.972,2400.0,0.194,PM2.5-1HR
948,BEL_BETN043,2025-08-03,3.51,17.4,72.38,0,3.83,243.54,1018.72,5270.67,2.4,5.86,2400.0,0.014,PM2.5-1HR
948,BEL_BETR001,2025-08-03,3.85,17.4,72.38,0,3.83,243.54,1018.72,19743.56,2.4,5.86,2400.0,0.017,PM2.5-1HR
948,BEL_BETR012,2025-08-03,3.35,17.26,72.42,0,3.79,244.16,1018.84,4584.58,2.38,5.832,2400.0,0.456,PM2.5-1HR
948,BEL_BETREG1,2025-08-03,4.07,17.4,72.38,0,3.83,243.54,1018.72,7139.32,2.4,5.86,2400.0,0.02,PM2.5-1HR
948,BEL_BETB011,2025-08-04,4.71,20.48,79.5,0.19,4.58,238.49,1017.29,4791.88,0.89,3.746,2400.0,0.943,PM2.5-1HR
948,BEL_BETMEU1,2025-08-04,4.87,20.58,79.54,0.13,4.66,238.82,1017.15,2936.26,0.92,3.788,2400.0,0.194,PM2.5-1HR
948,BEL_BETN043,2025-08-04,4.77,20.48,79.5,0.19,4.58,238.49,1017.29,5270.67,0.89,3.746,2400.0,0.014,PM2.5-1HR
948,BEL_BETR001,2025-08-04,4.83,20.48,79.5,0.19,4.58,238.49,1017.29,19743.56,0.89,3.746,2400.0,0.017,PM2.5-1HR
948,BEL_BETR012,2025-08-04,4.61,20.43,79.46,0.13,4.53,240.28,1017.43,4584.58,0.87,3.718,2400.0,0.456,PM2.5-1HR
948,BEL_BETREG1,2025-08-04,5.38,20.48,79.5,0.19,4.58,238.49,1017.29,7139.32,0.89,3.746,2400.0,0.02,PM2.5-1HR
948,BEL_BETB011,2025-08-05,2.71,18.51,68.04,0.07,3.86,278.96,1019.69,4791.88,0.33,2.962,2400.0,0.943,PM2.5-1HR
948,BEL_BETMEU1,2025-08-05,2.84,18.58,67.96,0.08,3.89,279.33,1019.61,2936.26,0.37,3.018,2400.0,0.194,PM2.5-1HR
948,BEL_BETN043,2025-08-05,2.58,18.51,68.04,0.07,3.86,278.96,1019.69,5270.67,0.33,2.962,2400.0,0.014,PM2.5-1HR
948,BEL_BETR001,2025-08-05,3.23,18.51,68.04,0.07,3.86,278.96,1019.69,19743.56,0.33,2.962,2400.0,0.017,PM2.5-1HR
948,BEL_BETR012,2025-08-05,2.8,18.41,68.92,0.06,3.86,278.02,1019.78,4584.58,0.37,3.018,2400.0,0.456,PM2.5-1HR
948,BEL_BETREG1,2025-08-05,3.73,18.51,68.04,0.07,3.86,278.96,1019.69,7139.32,0.33,2.962,2400.0,0.02,PM2.5-1HR
948,BEL_BETB011,2025-08-06,4.66,17.46,66.71,0,1.8,247.13,1024.17,4791.88,3.31,7.134,2400.0,0.943,PM2.5-1HR
948,BEL_BETMEU1,2025-08-06,4.84,17.35,67,0,1.78,237.39,1024.12,2936.26,3.32,7.148,2400.0,0.194,PM2.5-1HR
948,BEL_BETN043,2025-08-06,4.47,17.46,66.71,0,1.8,247.13,1024.17,5270.67,3.31,7.134,2400.0,0.014,PM2.5-1HR
948,BEL_BETR001,2025-08-06,5.71,17.46,66.71,0,1.8,247.13,1024.17,19743.56,3.31,7.134,2400.0,0.017,PM2.5-1HR
948,BEL_BETR012,2025-08-06,4.51,17.4,66.5,0,1.71,247.22,1024.19,4584.58,3.34,7.176,2400.0,0.456,PM2.5-1HR
948,BEL_BETREG1,2025-08-06,6.2,17.46,66.71,0,1.8,247.13,1024.17,7139.32,3.31,7.134,2400.0,0.02,PM2.5-1HR
948,BEL_BETB011,2025-08-07,4.77,20,56,0,2.88,207.68,1017.63,4791.88,3.64,7.596,2400.0,0.943,PM2.5-1HR
948,BEL_BETMEU1,2025-08-07,7.55,19.7,58.33,0,2.75,207.16,1017.55,2936.26,3.69,7.666,2400.0,0.194,PM2.5-1HR
948,BEL_BETN043,2025-08-07,6.89,20,56,0,2.88,207.68,1017.63,5270.67,3.64,7.596,2400.0,0.014,PM2.5-1HR
948,BEL_BETR001,2025-08-07,8.08,20,56,0,2.88,207.68,1017.63,19743.56,3.64,7.596,2400.0,0.017,PM2.5-1HR
948,BEL_BETR012,2025-08-07,4.03,19.75,56.33,0,2.75,207.42,1017.7,4584.58,3.63,7.582,2400.0,0.456,PM2.5-1HR
948,BEL_BETREG1,2025-08-07,5.32,20,56,0,2.88,207.68,1017.63,7139.32,3.64,7.596,2400.0,0.02,PM2.5-1HR
948,BEL_BETB011,2025-08-08,7.75,20.33,59.63,0,2.92,248.32,1018.45,4791.88,2.63,6.182,2400.0,0.943,PM2.5-1HR
948,BEL_BETMEU1,2025-08-08,7.74,20,63.29,0,2.85,247.81,1018.38,2936.26,2.82,6.448,2400.0,0.194,PM2.5-1HR
948,BEL_BETN043,2025-08-08,7.02,20.33,59.63,0,2.92,248.32,1018.45,5270.67,2.63,6.182,2400.0,0.014,PM2.5-1HR
948,BEL_BETR001,2025-08-08,8.93,20.33,59.63,0,2.92,248.32,1018.45,19743.56,2.63,6.182,2400.0,0.017,PM2.5-1HR
948,BEL_BETR012,2025-08-08,7.07,20.2,60,0,2.86,247.81,1018.53,4584.58,2.61,6.154,2400.0,0.456,PM2.5-1HR
948,BEL_BETREG1,2025-08-08,9.18,20.33,59.63,0,2.92,248.32,1018.45,7139.32,2.63,6.182,2400.0,0.02,PM2.5-1HR
948,BEL_BETB011,2025-08-09,7.94,18.98,68.71,0,2.19,260.32,1021,4791.88,3.43,7.302,2400.0,0.943,PM2.5-1HR
948,BEL_BETMEU1,2025-08-09,9.01,18.45,70.54,0,2.05,255.03,1020.96,2936.26,3.49,7.386,2400.0,0.194,PM2.5-1HR
948,BEL_BETN043,2025-08-09,6.91,18.98,68.71,0,2.19,260.32,1021,5270.67,3.43,7.302,2400.0,0.014,PM2.5-1HR
948,BEL_BETR001,2025-08-09,8.99,18.98,68.71,0,2.19,260.32,1021,19743.56,3.43,7.302,2400.0,0.017,PM2.5-1HR
948,BEL_BETR012,2025-08-09,7.67,18.82,68.88,0,2.17,264.24,1021,4584.58,3.45,7.33,2400.0,0.456,PM2.5-1HR
948,BEL_BETREG1,2025-08-09,9.19,18.98,68.71,0,2.19,260.32,1021,7139.32,3.43,7.302,2400.0,0.02,PM2.5-1HR
948,BEL_BETB011,2025-08-10,6.48,20.02,60.17,0,1.68,271.79,1026.65,4791.88,4.18,8.352,2400.0,0.943,PM2.5-1HR
948,BEL_BETMEU1,2025-08-10,6.54,19.28,65.25,0,1.43,257.67,1026.64,2936.26,4.25,8.45,2400.0,0.194,PM2.5-1HR
948,BEL_BETN043,2025-08-10,5.42,20.02,60.17,0,1.68,271.79,1026.65,5270.67,4.18,8.352,2400.0,0.014,PM2.5-1HR
948,BEL_BETR001,2025-08-10,7.26,20.02,60.17,0,1.68,271.79,1026.65,19743.56,4.18,8.352,2400.0,0.017,PM2.5-1HR
948,BEL_BETR012,2025-08-10,5.89,19.9,60.33,0,1.57,267.44,1026.65,4584.58,4.13,8.282,2400.0,0.456,PM2.5-1HR
948,BEL_BETREG1,2025-08-10,7.17,20.02,60.17,0,1.68,271.79,1026.65,7139.32,4.18,8.352,2400.0,0.02,PM2.5-1HR
948,BEL_BETB011,2025-08-11,9.71,22.57,51.5,0,2.61,78.52,1023.05,4791.88,7.37,12.818,2400.0,0.943,PM2.5-1HR
948,BEL_BETMEU1,2025-08-11,10.86,21.6,57.13,0,2.27,78.23,1023.11,2936.26,7.53,13.042,2400.0,0.194,PM2.5-1HR
948,BEL_BETN043,2025-08-11,9.46,22.57,51.5,0,2.61,78.52,1023.05,5270.67,7.37,12.818,2400.0,0.014,PM2.5-1HR
948,BEL_BETR001,2025-08-11,10.89,22.57,51.5,0,2.61,78.52,1023.05,19743.56,7.37,12.818,2400.0,0.017,PM2.5-1HR
948,BEL_BETR012,2025-08-11,9.74,22.46,52.75,0,2.58,79.93,1022.98,4584.58,7.29,12.706,2400.0,0.456,PM2.5-1HR
948,BEL_BETREG1,2025-08-11,10.35,22.57,51.5,0,2.61,78.52,1023.05,7139.32,7.37,12.818,2400.0,0.02,PM2.5-1HR
948,BEL_BETB011,2025-08-12,10.93,25.58,44.92,0,2.02,90.58,1015.3,4791.88,7.63,13.182,2400.0,0.943,PM2.5-1HR
948,BEL_BETMEU1,2025-08-12,12.26,24.06,53.08,0,1.86,80.05,1015.37,2936.26,7.88,13.532,2400.0,0.194,PM2.5-1HR
948,BEL_BETN043,2025-08-12,11.49,25.58,44.92,0,2.02,90.58,1015.3,5270.67,7.63,13.182,2400.0,0.014,PM2.5-1HR
948,BEL_BETR001,2025-08-12,12.19,25.58,44.92,0,2.02,90.58,1015.3,19743.56,7.63,13.182,2400.0,0.017,PM2.5-1HR
948,BEL_BETR012,2025-08-12,9.43,25.25,48.75,0,1.87,105.77,1015.24,4584.58,7.34,12.776,2400.0,0.456,PM2.5-1HR
948,BEL_BETREG1,2025-08-12,10.74,25.58,44.92,0,2.02,90.58,1015.3,7139.32,7.63,13.182,2400.0,0.02,PM2.5-1HR
948,BEL_BETREG1,2025-08-13,15.18,25.83,55.63,0,1.92,242.65,1015.2,7139.32,11.82,19.048,2400.0,0.02,PM2.5-1HR
948,BEL_BETB011,2025-08-13,13.93,25.83,55.63,0,1.92,242.65,1015.2,4791.88,11.82,19.048,2400.0,0.943,PM2.5-1HR
948,BEL_BETMEU1,2025-08-13,15.37,25.15,60.63,0,1.79,236.73,1015.12,2936.26,11.87,19.118,2400.0,0.194,PM2.5-1HR
948,BEL_BETN043,2025-08-13,12.71,25.83,55.63,0,1.92,242.65,1015.2,5270.67,11.82,19.048,2400.0,0.014,PM2.5-1HR
948,BEL_BETR001,2025-08-13,15.17,25.83,55.63,0,1.92,242.65,1015.2,19743.56,11.82,19.048,2400.0,0.017,PM2.5-1HR
948,BEL_BETR012,2025-08-13,13.15,25.5,57.21,0,1.97,242.28,1015.27,4584.58,11.73,18.922,2400.0,0.456,PM2.5-1HR
948,BEL_BETREG1,2025-08-14,13.79,25.93,63.46,0.06,2.33,273.51,1018.08,7139.32,7.76,13.364,2400.0,0.02,PM2.5-1HR
948,BEL_BETB011,2025-08-14,12.42,25.93,63.46,0.06,2.33,273.51,1018.08,4791.88,7.76,13.364,2400.0,0.943,PM2.5-1HR
948,BEL_BETMEU1,2025-08-14,13.76,25.51,65.46,0.05,2.31,271.19,1018.05,2936.26,7.81,13.434,2400.0,0.194,PM2.5-1HR
948,BEL_BETN043,2025-08-14,11.45,25.93,63.46,0.06,2.33,273.51,1018.08,5270.67,7.76,13.364,2400.0,0.014,PM2.5-1HR
948,BEL_BETR001,2025-08-14,13.98,25.93,63.46,0.06,2.33,273.51,1018.08,19743.56,7.76,13.364,2400.0,0.017,PM2.5-1HR
948,BEL_BETR012,2025-08-14,12.45,25.72,64.71,0.07,2.22,263.1,1018.09,4584.58,7.69,13.266,2400.0,0.456,PM2.5-1HR
948,BEL_BETREG1,2025-08-15,6.92,22.51,63.79,0,2.02,342.16,1023.32,7139.32,1.6,4.74,2400.0,0.02,PM2.5-1HR
948,BEL_BETB011,2025-08-15,6.9,22.51,63.79,0,2.02,342.16,1023.32,4791.88,1.6,4.74,2400.0,0.943,PM2.5-1HR
948,BEL_BETMEU1,2025-08-15,6.58,21.93,67.46,0,1.78,334.66,1023.34,2936.26,1.59,4.726,2400.0,0.194,PM2.5-1HR
948,BEL_BETN043,2025-08-15,5.23,22.51,63.79,0,2.02,342.16,1023.32,5270.67,1.6,4.74,2400.0,0.014,PM2.5-1HR
948,BEL_BETR001,2025-08-15,9.26,22.51,63.79,0,2.02,342.16,1023.32,19743.56,1.6,4.74,2400.0,0.017,PM2.5-1HR
948,BEL_BETR012,2025-08-15,6.11,22.7,61.42,0,2.04,346.12,1023.28,4584.58,1.62,4.768,2400.0,0.456,PM2.5-1HR
948,BEL_BETREG1,2025-08-16,12.55,19.9,73.13,0.01,3.09,18.79,1024.7,7139.32,5.73,10.522,2400.0,0.02,PM2.5-1HR
948,BEL_BETB011,2025-08-16,12.3,19.9,73.13,0.01,3.09,18.79,1024.7,4791.88,5.73,10.522,2400.0,0.943,PM2.5-1HR
948,BEL_BETMEU1,2025-08-16,12.17,19.77,74.5,0.02,2.97,18.7,1024.76,2936.26,5.88,10.732,2400.0,0.194,PM2.5-1HR
948,BEL_BETN043,2025-08-16,9.82,19.9,73.13,0.01,3.09,18.79,1024.7,5270.67,5.73,10.522,2400.0,0.014,PM2.5-1HR
948,BEL_BETR001,2025-08-16,12.87,19.9,73.13,0.01,3.09,18.79,1024.7,19743.56,5.73,10.522,2400.0,0.017,PM2.5-1HR
948,BEL_BETR012,2025-08-16,11.5,19.95,72.71,0.02,3.11,19.28,1024.63,4584.58,5.73,10.522,2400.0,0.456,PM2.5-1HR
948,BEL_BETREG1,2025-08-17,5.06,18.03,64.38,0,2.85,34.25,1023.18,7139.32,3.6,7.54,2400.0,0.02,PM2.5-1HR
948,BEL_BETB011,2025-08-17,4.53,18.03,64.38,0,2.85,34.25,1023.18,4791.88,3.6,7.54,2400.0,0.943,PM2.5-1HR
948,BEL_BETMEU1,2025-08-17,4.62,17.8,67.13,0,2.71,33.96,1023.24,2936.26,3.6,7.54,2400.0,0.194,PM2.5-1HR
948,BEL_BETN043,2025-08-17,3.63,18.03,64.38,0,2.85,34.25,1023.18,5270.67,3.6,7.54,2400.0,0.014,PM2.5-1HR
948,BEL_BETR001,2025-08-17,5.14,18.03,64.38,0,2.85,34.25,1023.18,19743.56,3.6,7.54,2400.0,0.017,PM2.5-1HR
948,BEL_BETR012,2025-08-17,4.41,17.91,64.46,0,2.87,34.46,1023.09,4584.58,3.59,7.526,2400.0,0.456,PM2.5-1HR
948,BEL_BETREG1,2025-08-18,6.22,20.95,61.38,0,2.69,61.58,1019.58,7139.32,3,6.7,2400.0,0.02,PM2.5-1HR
948,BEL_BETB011,2025-08-18,5.3,20.95,61.38,0,2.69,61.58,1019.58,4791.88,3,6.7,2400.0,0.943,PM2.5-1HR
948,BEL_BETMEU1,2025-08-18,5.37,20.61,64.75,0.01,2.64,59.69,1019.64,2936.26,3.11,6.854,2400.0,0.194,PM2.5-1HR
948,BEL_BETN043,2025-08-18,5.49,20.95,61.38,0,2.69,61.58,1019.58,5270.67,3,6.7,2400.0,0.014,PM2.5-1HR
948,BEL_BETR001,2025-08-18,6.2,20.95,61.38,0,2.69,61.58,1019.58,19743.56,3,6.7,2400.0,0.017,PM2.5-1HR
948,BEL_BETR012,2025-08-18,5.23,20.7,63.04,0,2.6,66.4,1019.53,4584.58,2.92,6.588,2400.0,0.456,PM2.5-1HR
948,BEL_BETREG1,2025-08-19,6.25,22.4,48.75,0,2.47,49.73,1014.15,7139.32,4.26,8.464,2400.0,0.02,PM2.5-1HR
948,BEL_BETB011,2025-08-19,5.39,22.4,48.75,0,2.47,49.73,1014.15,4791.88,4.26,8.464,2400.0,0.943,PM2.5-1HR
948,BEL_BETMEU1,2025-08-19,6.08,21.6,54.21,0,2.2,46.7,1014.22,2936.26,4.27,8.478,2400.0,0.194,PM2.5-1HR
948,BEL_BETN043,2025-08-19,6.17,22.4,48.75,0,2.47,49.73,1014.15,5270.67,4.26,8.464,2400.0,0.014,PM2.5-1HR
948,BEL_BETR001,2025-08-19,6.61,22.4,48.75,0,2.47,49.73,1014.15,19743.56,4.26,8.464,2400.0,0.017,PM2.5-1HR
948,BEL_BETR012,2025-08-19,4.92,22.28,49.29,0,2.31,58.03,1014.08,4584.58,4.25,8.45,2400.0,0.456,PM2.5-1HR
948,BEL_BETREG1,2025-08-20,7.44,19.2,62.58,0,3.31,21.36,1012.66,7139.32,3.88,7.932,2400.0,0.02,PM2.5-1HR
948,BEL_BETB011,2025-08-20,6.16,19.2,62.58,0,3.31,21.36,1012.66,4791.88,3.88,7.932,2400.0,0.943,PM2.5-1HR
948,BEL_BETMEU1,2025-08-20,6.82,18.91,64.88,0,3.13,20.52,1012.73,2936.26,3.88,7.932,2400.0,0.194,PM2.5-1HR
948,BEL_BETN043,2025-08-20,5.94,19.2,62.58,0,3.31,21.36,1012.66,5270.67,3.88,7.932,2400.0,0.014,PM2.5-1HR
948,BEL_BETR001,2025-08-20,7.06,19.2,62.58,0,3.31,21.36,1012.66,19743.56,3.88,7.932,2400.0,0.017,PM2.5-1HR
948,BEL_BETR012,2025-08-20,7.18,19.21,62.83,0,3.3,20.76,1012.56,4584.58,3.8,7.82,2400.0,0.456,PM2.5-1HR
948,BEL_BETB011,2025-08-21,2.55,18.7,58.92,0,3.78,9.58,1013.41,4791.88,1.38,4.432,2400.0,0.943,PM2.5-1HR
948,BEL_BETMEU1,2025-08-21,2.61,18.48,61.13,0,3.63,8.53,1013.5,2936.26,1.37,4.418,2400.0,0.194,PM2.5-1HR
948,BEL_BETN043,2025-08-21,2.19,18.7,58.92,0,3.78,9.58,1013.41,5270.67,1.38,4.432,2400.0,0.014,PM2.5-1HR
948,BEL_BETR001,2025-08-21,3.25,18.7,58.92,0,3.78,9.58,1013.41,19743.56,1.38,4.432,2400.0,0.017,PM2.5-1HR
948,BEL_BETR012,2025-08-21,4.15,18.69,58.38,0,3.73,9.17,1013.31,4584.58,1.39,4.446,2400.0,0.456,PM2.5-1HR
948,BEL_BETREG1,2025-08-21,3.54,18.7,58.92,0,3.78,9.58,1013.41,7139.32,1.38,4.432,2400.0,0.02,PM2.5-1HR
948,BEL_BETB011,2025-08-22,2.06,16.07,60.29,0.02,2.26,325.6,1019.85,4791.88,0.99,3.886,2400.0,0.943,PM2.5-1HR
948,BEL_BETMEU1,2025-08-22,1.76,15.85,62.92,0.01,2.11,321.67,1019.86,2936.26,0.99,3.886,2400.0,0.194,PM2.5-1HR
948,BEL_BETN043,2025-08-22,1.42,16.07,60.29,0.02,2.26,325.6,1019.85,5270.67,0.99,3.886,2400.0,0.014,PM2.5-1HR
948,BEL_BETR001,2025-08-22,2.3,16.07,60.29,0.02,2.26,325.6,1019.85,19743.56,0.99,3.886,2400.0,0.017,PM2.5-1HR
948,BEL_BETR012,2025-08-22,2.37,15.91,60.54,0.02,2.22,325.87,1019.86,4584.58,1.02,3.928,2400.0,0.456,PM2.5-1HR
948,BEL_BETREG1,2025-08-22,2.72,16.07,60.29,0.02,2.26,325.6,1019.85,7139.32,0.99,3.886,2400.0,0.02,PM2.5-1HR
948,BEL_BETB011,2025-08-23,2.48,16.55,57.21,0.01,2.61,308.57,1020,4791.88,1.18,4.152,2400.0,0.943,PM2.5-1HR
948,BEL_BETMEU1,2025-08-23,2.53,16.33,59.25,0.01,2.55,307.22,1019.98,2936.26,1.23,4.222,2400.0,0.194,PM2.5-1HR
948,BEL_BETN043,2025-08-23,2.15,16.55,57.21,0.01,2.61,308.57,1020,5270.67,1.18,4.152,2400.0,0.014,PM2.5-1HR
948,BEL_BETR001,2025-08-23,3.22,16.55,57.21,0.01,2.61,308.57,1020,19743.56,1.18,4.152,2400.0,0.017,PM2.5-1HR
948,BEL_BETR012,2025-08-23,2.43,16.45,57.33,0,2.54,306.39,1020.02,4584.58,1.21,4.194,2400.0,0.456,PM2.5-1HR
948,BEL_BETREG1,2025-08-23,3.4,16.55,57.21,0.01,2.61,308.57,1020,7139.32,1.18,4.152,2400.0,0.02,PM2.5-1HR
948,BEL_BETB011,2025-08-24,2.18,16.11,55.83,0,1.49,37.35,1021.32,4791.88,0.85,3.69,2400.0,0.943,PM2.5-1HR
948,BEL_BETMEU1,2025-08-24,2.42,15.38,60.83,0,1.31,41.73,1021.36,2936.26,0.84,3.676,2400.0,0.194,PM2.5-1HR
948,BEL_BETN043,2025-08-24,2,16.11,55.83,0,1.49,37.35,1021.32,5270.67,0.85,3.69,2400.0,0.014,PM2.5-1HR
948,BEL_BETR001,2025-08-24,3.13,16.11,55.83,0,1.49,37.35,1021.32,19743.56,0.85,3.69,2400.0,0.017,PM2.5-1HR
948,BEL_BETR012,2025-08-24,1.58,15.98,56.33,0,1.52,42.3,1021.28,4584.58,0.87,3.718,2400.0,0.456,PM2.5-1HR
948,BEL_BETREG1,2025-08-24,2.58,16.11,55.83,0,1.49,37.35,1021.32,7139.32,0.85,3.69,2400.0,0.02,PM2.5-1HR
948,BEL_BETB011,2025-08-25,4.06,18.53,46.17,0,1.88,100.73,1018.4,4791.88,1.92,5.188,2400.0,0.943,PM2.5-1HR
948,BEL_BETMEU1,2025-08-25,5.28,17.46,52.13,0,1.76,97.96,1018.47,2936.26,2.07,5.398,2400.0,0.194,PM2.5-1HR
948,BEL_BETN043,2025-08-25,4.83,18.53,46.17,0,1.88,100.73,1018.4,5270.67,1.92,5.188,2400.0,0.014,PM2.5-1HR
948,BEL_BETR001,2025-08-25,5.52,18.53,46.17,0,1.88,100.73,1018.4,19743.56,1.92,5.188,2400.0,0.017,PM2.5-1HR
948,BEL_BETR012,2025-08-25,3.37,18.36,47.25,0,1.75,106.88,1018.39,4584.58,1.73,4.922,2400.0,0.456,PM2.5-1HR
948,BEL_BETREG1,2025-08-25,3.86,18.53,46.17,0,1.88,100.73,1018.4,7139.32,1.92,5.188,2400.0,0.02,PM2.5-1HR
948,BEL_BETB011,2025-08-26,4.57,22.05,45,0,3.42,187.52,1010.38,4791.88,1.53,4.642,2400.0,0.943,PM2.5-1HR
948,BEL_BETMEU1,2025-08-26,7.39,21.47,48.71,0,3.14,188.14,1010.33,2936.26,1.51,4.614,2400.0,0.194,PM2.5-1HR
948,BEL_BETN043,2025-08-26,6.13,22.05,45,0,3.42,187.52,1010.38,5270.67,1.53,4.642,2400.0,0.014,PM2.5-1HR
948,BEL_BETR001,2025-08-26,5.48,22.05,45,0,3.42,187.52,1010.38,19743.56,1.53,4.642,2400.0,0.017,PM2.5-1HR
948,BEL_BETR012,2025-08-26,4.64,21.73,46.42,0,3.42,185.98,1010.43,4584.58,1.59,4.726,2400.0,0.456,PM2.5-1HR
948,BEL_BETREG1,2025-08-26,5.59,22.05,45,0,3.42,187.52,1010.38,7139.32,1.53,4.642,2400.0,0.02,PM2.5-1HR
948,BEL_BETB011,2025-08-27,4.18,20.8,57,0,2.57,212.94,1008.25,4791.88,2.07,5.398,2400.0,0.943,PM2.5-1HR
948,BEL_BETMEU1,2025-08-27,5,20.54,58.67,0,2.45,211.98,1008.18,2936.26,2.16,5.524,2400.0,0.194,PM2.5-1HR
948,BEL_BETN043,2025-08-27,4.38,20.8,57,0,2.57,212.94,1008.25,5270.67,2.07,5.398,2400.0,0.014,PM2.5-1HR
948,BEL_BETR001,2025-08-27,4.53,20.8,57,0,2.57,212.94,1008.25,19743.56,2.07,5.398,2400.0,0.017,PM2.5-1HR
948,BEL_BETR012,2025-08-27,3.85,20.59,57.96,0,2.55,212.95,1008.3,4584.58,2.21,5.594,2400.0,0.456,PM2.5-1HR
948,BEL_BETREG1,2025-08-27,5.08,20.8,57,0,2.57,212.94,1008.25,7139.32,2.07,5.398,2400.0,0.02,PM2.5-1HR
948,BEL_BETB011,2025-08-28,4.28,19.7,59.42,0.05,2.88,219.09,1004.39,4791.88,1.31,4.334,2400.0,0.943,PM2.5-1HR
948,BEL_BETMEU1,2025-08-28,5.51,19.54,60.21,0.16,2.71,220.16,1004.32,2936.26,1.3,4.32,2400.0,0.194,PM2.5-1HR
948,BEL_BETN043,2025-08-28,4.58,19.7,59.42,0.05,2.88,219.09,1004.39,5270.67,1.31,4.334,2400.0,0.014,PM2.5-1HR
948,BEL_BETR001,2025-08-28,4.9,19.7,59.42,0.05,2.88,219.09,1004.39,19743.56,1.31,4.334,2400.0,0.017,PM2.5-1HR
948,BEL_BETR012,2025-08-28,3.88,19.44,61.17,0.03,2.88,219.52,1004.45,4584.58,1.42,4.488,2400.0,0.456,PM2.5-1HR
948,BEL_BETREG1,2025-08-28,5.15,19.7,59.42,0.05,2.88,219.09,1004.39,7139.32,1.31,4.334,2400.0,0.02,PM2.5-1HR
948,BEL_BETB011,2025-08-29,2.5,16.58,72.92,0.12,4.05,194.49,1000.75,4791.88,0.51,3.214,2400.0,0.943,PM2.5-1HR
948,BEL_BETMEU1,2025-08-29,3.44,16.86,71,0.11,3.98,194.81,1000.65,2936.26,0.6,3.34,2400.0,0.194,PM2.5-1HR
948,BEL_BETN043,2025-08-29,2.72,16.58,72.92,0.12,4.05,194.49,1000.75,5270.67,0.51,3.214,2400.0,0.014,PM2.5-1HR
948,BEL_BETR001,2025-08-29,2.96,16.58,72.92,0.12,4.05,194.49,1000.75,19743.56,0.51,3.214,2400.0,0.017,PM2.5-1HR
948,BEL_BETR012,2025-08-29,2.28,16.33,74.21,0.33,4.07,193.67,1000.81,4584.58,0.5,3.2,2400.0,0.456,PM2.5-1HR
948,BEL_BETREG1,2025-08-29,3.08,16.58,72.92,0.12,4.05,194.49,1000.75,7139.32,0.51,3.214,2400.0,0.02,PM2.5-1HR
948,BEL_BETB011,2025-08-30,3.15,17.42,73.75,0.02,4.39,213.05,1006.38,4791.88,1.23,4.222,2400.0,0.943,PM2.5-1HR
948,BEL_BETMEU1,2025-08-30,3.61,17.71,72.5,0.02,4.44,212.19,1006.25,2936.26,1.31,4.334,2400.0,0.194,PM2.5-1HR
948,BEL_BETN043,2025-08-30,2.95,17.42,73.75,0.02,4.39,213.05,1006.38,5270.67,1.23,4.222,2400.0,0.014,PM2.5-1HR
948,BEL_BETR001,2025-08-30,3.59,17.42,73.75,0.02,4.39,213.05,1006.38,19743.56,1.23,4.222,2400.0,0.017,PM2.5-1HR
948,BEL_BETR012,2025-08-30,3.12,17.24,74.33,0.02,4.38,213.44,1006.5,4584.58,1.23,4.222,2400.0,0.456,PM2.5-1HR
948,BEL_BETREG1,2025-08-30,3.8,17.42,73.75,0.02,4.39,213.05,1006.38,7139.32,1.23,4.222,2400.0,0.02,PM2.5-1HR
948,BEL_BETB011,2025-08-31,1.44,19.37,76.92,0.09,3.57,204.66,1007.21,4791.88,0.19,2.766,2400.0,0.943,PM2.5-1HR
948,BEL_BETMEU1,2025-08-31,1.8,19.63,74.83,0.06,3.59,204.97,1007.13,2936.26,0.21,2.794,2400.0,0.194,PM2.5-1HR
948,BEL_BETN043,2025-08-31,1.42,19.37,76.92,0.09,3.57,204.66,1007.21,5270.67,0.19,2.766,2400.0,0.014,PM2.5-1HR
948,BEL_BETR001,2025-08-31,2.34,19.37,76.92,0.09,3.57,204.66,1007.21,19743.56,0.19,2.766,2400.0,0.017,PM2.5-1HR
948,BEL_BETR012,2025-08-31,1.25,19.28,77.5,0.07,3.59,203.35,1007.28,4584.58,0.19,2.766,2400.0,0.456,PM2.5-1HR
948,BEL_BETREG1,2025-08-31,1.98,19.37,76.92,0.09,3.57,204.66,1007.21,7139.32,0.19,2.766,2400.0,0.02,PM2.5-1HR
948,BEL_BETB011,2025-09-01,2.51,17.92,75.92,0.02,3.66,202.81,1007.15,4791.88,0.95,3.83,2400.0,0.943,PM2.5-1HR
948,BEL_BETREG1,2025-09-01,3.05,17.92,75.92,0.02,3.66,202.81,1007.15,7139.32,0.95,3.83,2400.0,0.02,PM2.5-1HR
948,BEL_BETMEU1,2025-09-01,3.37,18.19,74.13,0,3.63,203.23,1007.05,2936.26,1.02,3.928,2400.0,0.194,PM2.5-1HR
948,BEL_BETN043,2025-09-01,2.4,17.92,75.92,0.02,3.66,202.81,1007.15,5270.67,0.95,3.83,2400.0,0.014,PM2.5-1HR
948,BEL_BETR001,2025-09-01,2.86,17.92,75.92,0.02,3.66,202.81,1007.15,19743.56,0.95,3.83,2400.0,0.017,PM2.5-1HR
948,BEL_BETR012,2025-09-01,2.17,17.69,77.08,0.04,3.73,202.51,1007.23,4584.58,0.94,3.816,2400.0,0.456,PM2.5-1HR
948,BEL_BETREG1,2025-09-02,2.27,16.58,73.83,0,4.26,196.19,1007.98,7139.32,0.36,3.004,2400.0,0.02,PM2.5-1HR
948,BEL_BETB011,2025-09-02,1.93,16.58,73.83,0,4.26,196.19,1007.98,4791.88,0.36,3.004,2400.0,0.943,PM2.5-1HR
948,BEL_BETMEU1,2025-09-02,2.81,16.77,72.96,0,4.25,196.14,1007.86,2936.26,0.42,3.088,2400.0,0.194,PM2.5-1HR
948,BEL_BETN043,2025-09-02,2,16.58,73.83,0,4.26,196.19,1007.98,5270.67,0.36,3.004,2400.0,0.014,PM2.5-1HR
948,BEL_BETR001,2025-09-02,2.39,16.58,73.83,0,4.26,196.19,1007.98,19743.56,0.36,3.004,2400.0,0.017,PM2.5-1HR
948,BEL_BETR012,2025-09-02,1.72,16.37,74.79,0,4.27,195.85,1008.06,4584.58,0.33,2.962,2400.0,0.456,PM2.5-1HR
948,BEL_BETREG1,2025-09-03,2.83,19.08,77.17,0.08,6.28,198.71,1004.81,7139.32,0.38,3.032,2400.0,0.02,PM2.5-1HR
948,BEL_BETB011,2025-09-03,1.86,19.08,77.17,0.08,6.28,198.71,1004.81,4791.88,0.38,3.032,2400.0,0.943,PM2.5-1HR
948,BEL_BETMEU1,2025-09-03,4,19.22,76.58,0.07,6.27,198.61,1004.63,2936.26,0.41,3.074,2400.0,0.194,PM2.5-1HR
948,BEL_BETN043,2025-09-03,2.22,19.08,77.17,0.08,6.28,198.71,1004.81,5270.67,0.38,3.032,2400.0,0.014,PM2.5-1HR
948,BEL_BETR001,2025-09-03,2.2,19.08,77.17,0.08,6.28,198.71,1004.81,19743.56,0.38,3.032,2400.0,0.017,PM2.5-1HR
948,BEL_BETR012,2025-09-03,1.71,18.9,78.38,0.04,6.35,198.76,1004.97,4584.58,0.36,3.004,2400.0,0.456,PM2.5-1HR
948,BEL_BETR012,2025-09-04,1.51,17.4,77.58,0.24,4.38,211.52,1010.21,4584.58,1.17,4.138,2400.0,0.456,PM2.5-1HR
948,BEL_BETREG1,2025-09-04,2.73,17.48,77.58,0.22,4.36,211.14,1010.12,7139.32,1.25,4.25,2400.0,0.02,PM2.5-1HR
948,BEL_BETB011,2025-09-04,1.85,17.48,77.58,0.22,4.36,211.14,1010.12,4791.88,1.25,4.25,2400.0,0.943,PM2.5-1HR
948,BEL_BETMEU1,2025-09-04,2.6,17.62,76.71,0.07,4.39,210.21,1010,2936.26,1.38,4.432,2400.0,0.194,PM2.5-1HR
948,BEL_BETN043,2025-09-04,2.15,17.48,77.58,0.22,4.36,211.14,1010.12,5270.67,1.25,4.25,2400.0,0.014,PM2.5-1HR
948,BEL_BETR001,2025-09-04,2.18,17.48,77.58,0.22,4.36,211.14,1010.12,19743.56,1.25,4.25,2400.0,0.017,PM2.5-1HR
948,BEL_BETR012,2025-09-05,2.41,16.03,73.88,0,2.91,251.46,1019.62,4584.58,1.48,4.572,2400.0,0.456,PM2.5-1HR
948,BEL_BETB011,2025-09-05,1.97,16.1,74.29,0,2.95,250.41,1019.55,4791.88,1.42,4.488,2400.0,0.943,PM2.5-1HR
948,BEL_BETMEU1,2025-09-05,2.39,16.16,73.08,0.01,2.89,249.48,1019.45,2936.26,1.53,4.642,2400.0,0.194,PM2.5-1HR
948,BEL_BETN043,2025-09-05,2.8,16.1,74.29,0,2.95,250.41,1019.55,5270.67,1.42,4.488,2400.0,0.014,PM2.5-1HR
948,BEL_BETR001,2025-09-05,3.34,16.1,74.29,0,2.95,250.41,1019.55,19743.56,1.42,4.488,2400.0,0.017,PM2.5-1HR
948,BEL_BETREG1,2025-09-05,3.47,16.1,74.29,0,2.95,250.41,1019.55,7139.32,1.42,4.488,2400.0,0.02,PM2.5-1HR
948,BEL_BETR012,2025-09-06,1.66,17.58,66.17,0,2.56,121.04,1021.79,4584.58,0.74,3.536,2400.0,0.456,PM2.5-1HR
948,BEL_BETB011,2025-09-06,2.04,17.72,66.63,0,2.55,120.56,1021.83,4791.88,0.76,3.564,2400.0,0.943,PM2.5-1HR
948,BEL_BETMEU1,2025-09-06,2.45,17.44,67.21,0,2.35,120.81,1021.86,2936.26,0.81,3.634,2400.0,0.194,PM2.5-1HR
948,BEL_BETN043,2025-09-06,1.88,17.72,66.63,0,2.55,120.56,1021.83,5270.67,0.76,3.564,2400.0,0.014,PM2.5-1HR
948,BEL_BETR001,2025-09-06,3.7,17.72,66.63,0,2.55,120.56,1021.83,19743.56,0.76,3.564,2400.0,0.017,PM2.5-1HR
948,BEL_BETREG1,2025-09-06,2.32,17.72,66.63,0,2.55,120.56,1021.83,7139.32,0.76,3.564,2400.0,0.02,PM2.5-1HR
948,BEL_BETR012,2025-09-07,2.74,21.48,58.25,0,3.46,133.81,1013.75,4584.58,1.32,4.348,2400.0,0.456,PM2.5-1HR
948,BEL_BETB011,2025-09-07,2.94,21.44,58.83,0,3.44,130.7,1013.77,4791.88,1.36,4.404,2400.0,0.943,PM2.5-1HR
948,BEL_BETMEU1,2025-09-07,3.3,21.22,59.71,0,3.33,128.76,1013.78,2936.26,1.41,4.474,2400.0,0.194,PM2.5-1HR
948,BEL_BETN043,2025-09-07,2.63,21.44,58.83,0,3.44,130.7,1013.77,5270.67,1.36,4.404,2400.0,0.014,PM2.5-1HR
948,BEL_BETR001,2025-09-07,3.96,21.44,58.83,0,3.44,130.7,1013.77,19743.56,1.36,4.404,2400.0,0.017,PM2.5-1HR
948,BEL_BETREG1,2025-09-07,2.98,21.44,58.83,0,3.44,130.7,1013.77,7139.32,1.36,4.404,2400.0,0.02,PM2.5-1HR
948,BEL_BETR012,2025-09-08,3.47,20.54,64.08,0,2.44,282.54,1016.16,4584.58,2.64,6.196,2400.0,0.456,PM2.5-1HR
948,BEL_BETB011,2025-09-08,3.52,20.54,64.38,0.01,2.44,280.54,1016.15,4791.88,2.65,6.21,2400.0,0.943,PM2.5-1HR
948,BEL_BETMEU1,2025-09-08,3.9,20.35,66.92,0.01,2.33,279.46,1016.11,2936.26,2.78,6.392,2400.0,0.194,PM2.5-1HR
948,BEL_BETN043,2025-09-08,3.32,20.54,64.38,0.01,2.44,280.54,1016.15,5270.67,2.65,6.21,2400.0,0.014,PM2.5-1HR
948,BEL_BETR001,2025-09-08,4.57,20.54,64.38,0.01,2.44,280.54,1016.15,19743.56,2.65,6.21,2400.0,0.017,PM2.5-1HR
948,BEL_BETREG1,2025-09-08,4.91,20.54,64.38,0.01,2.44,280.54,1016.15,7139.32,2.65,6.21,2400.0,0.02,PM2.5-1HR
948,BEL_BETB011,2025-09-09,3.56,16.75,65.63,0.02,1.59,23.25,1016.44,4791.88,0.46,3.144,2400.0,0.943,PM2.5-1HR
948,BEL_BETMEU1,2025-09-09,2.8,16.39,69.38,0.03,1.36,23.77,1016.47,2936.26,0.51,3.214,2400.0,0.194,PM2.5-1HR
948,BEL_BETN043,2025-09-09,2.5,16.75,65.63,0.02,1.59,23.25,1016.44,5270.67,0.46,3.144,2400.0,0.014,PM2.5-1HR
948,BEL_BETR001,2025-09-09,4.4,16.75,65.63,0.02,1.59,23.25,1016.44,19743.56,0.46,3.144,2400.0,0.017,PM2.5-1HR
948,BEL_BETR012,2025-09-09,2.89,16.89,63.83,0.01,1.65,22.02,1016.38,4584.58,0.54,3.256,2400.0,0.456,PM2.5-1HR
948,BEL_BETREG1,2025-09-09,3.65,16.75,65.63,0.02,1.59,23.25,1016.44,7139.32,0.46,3.144,2400.0,0.02,PM2.5-1HR
948,BEL_BETB011,2025-09-10,2.58,17.14,63.38,0.02,3.49,165.04,1008.24,4791.88,1.53,4.642,2400.0,0.943,PM2.5-1HR
948,BEL_BETMEU1,2025-09-10,4.47,17.05,64.13,0.03,3.24,164.05,1008.2,2936.26,1.65,4.81,2400.0,0.194,PM2.5-1HR
948,BEL_BETN043,2025-09-10,3.08,17.14,63.38,0.02,3.49,165.04,1008.24,5270.67,1.53,4.642,2400.0,0.014,PM2.5-1HR
948,BEL_BETR001,2025-09-10,3.17,17.14,63.38,0.02,3.49,165.04,1008.24,19743.56,1.53,4.642,2400.0,0.017,PM2.5-1HR
948,BEL_BETR012,2025-09-10,1.82,17.02,63.58,0,3.62,164.53,1008.28,4584.58,1.44,4.516,2400.0,0.456,PM2.5-1HR
948,BEL_BETREG1,2025-09-10,2.84,17.14,63.38,0.02,3.49,165.04,1008.24,7139.32,1.53,4.642,2400.0,0.02,PM2.5-1HR
948,BEL_BETB011,2025-09-11,2.49,16.13,72.67,0.08,5.34,224.07,1005.86,4791.88,0.29,2.906,2400.0,0.943,PM2.5-1HR
948,BEL_BETMEU1,2025-09-11,3.11,16.27,71.88,0.04,5.38,223.58,1005.7,2936.26,0.34,2.976,2400.0,0.194,PM2.5-1HR
948,BEL_BETN043,2025-09-11,3.34,16.13,72.67,0.08,5.34,224.07,1005.86,5270.67,0.29,2.906,2400.0,0.014,PM2.5-1HR
948,BEL_BETR001,2025-09-11,2.97,16.13,72.67,0.08,5.34,224.07,1005.86,19743.56,0.29,2.906,2400.0,0.017,PM2.5-1HR
948,BEL_BETR012,2025-09-11,2.52,16,73.04,0.12,5.29,225.13,1006.05,4584.58,0.28,2.892,2400.0,0.456,PM2.5-1HR
948,BEL_BETREG1,2025-09-11,3.5,16.13,72.67,0.08,5.34,224.07,1005.86,7139.32,0.29,2.906,2400.0,0.02,PM2.5-1HR
948,BEL_BETB011,2025-09-12,2.47,15.09,66.17,0.01,4.94,221.84,1013.3,4791.88,1.99,5.286,2400.0,0.943,PM2.5-1HR
948,BEL_BETMEU1,2025-09-12,3.34,15.15,66.25,0.05,4.91,222.03,1013.15,2936.26,2.02,5.328,2400.0,0.194,PM2.5-1HR
948,BEL_BETN043,2025-09-12,3,15.09,66.17,0.01,4.94,221.84,1013.3,5270.67,1.99,5.286,2400.0,0.014,PM2.5-1HR
948,BEL_BETR001,2025-09-12,3.29,15.09,66.17,0.01,4.94,221.84,1013.3,19743.56,1.99,5.286,2400.0,0.017,PM2.5-1HR
948,BEL_BETR012,2025-09-12,2.69,15.05,65.83,0.03,5,220.88,1013.44,4584.58,2.02,5.328,2400.0,0.456,PM2.5-1HR
948,BEL_BETREG1,2025-09-12,3.49,15.09,66.17,0.01,4.94,221.84,1013.3,7139.32,1.99,5.286,2400.0,0.02,PM2.5-1HR
948,BEL_BETB011,2025-09-13,1.6,14.26,79.29,0.41,4.55,207.98,1013.26,4791.88,0.31,2.934,2400.0,0.943,PM2.5-1HR
948,BEL_BETMEU1,2025-09-13,1.96,14.43,78.67,0.4,4.53,207.32,1013.13,2936.26,0.37,3.018,2400.0,0.194,PM2.5-1HR
948,BEL_BETN043,2025-09-13,1.81,14.26,79.29,0.41,4.55,207.98,1013.26,5270.67,0.31,2.934,2400.0,0.014,PM2.5-1HR
948,BEL_BETR001,2025-09-13,1.89,14.26,79.29,0.41,4.55,207.98,1013.26,19743.56,0.31,2.934,2400.0,0.017,PM2.5-1HR
948,BEL_BETR012,2025-09-13,1.2,14.22,79.46,0.37,4.63,208.73,1013.36,4584.58,0.37,3.018,2400.0,0.456,PM2.5-1HR
948,BEL_BETREG1,2025-09-13,1.93,14.26,79.29,0.41,4.55,207.98,1013.26,7139.32,0.31,2.934,2400.0,0.02,PM2.5-1HR
948,BEL_BETB011,2025-09-14,1.86,14.8,78.71,0.21,4.25,208.94,1012.84,4791.88,0.44,3.116,2400.0,0.943,PM2.5-1HR
948,BEL_BETMEU1,2025-09-14,1.86,14.95,77.58,0.47,4.16,208.93,1012.74,2936.26,0.44,3.116,2400.0,0.194,PM2.5-1HR
948,BEL_BETN043,2025-09-14,2.04,14.8,78.71,0.21,4.25,208.94,1012.84,5270.67,0.44,3.116,2400.0,0.014,PM2.5-1HR
948,BEL_BETR001,2025-09-14,2.36,14.8,78.71,0.21,4.25,208.94,1012.84,19743.56,0.44,3.116,2400.0,0.017,PM2.5-1HR
948,BEL_BETR012,2025-09-14,1.71,14.71,79.13,0.18,4.32,208.36,1012.95,4584.58,0.46,3.144,2400.0,0.456,PM2.5-1HR
948,BEL_BETREG1,2025-09-14,2.18,14.8,78.71,0.21,4.25,208.94,1012.84,7139.32,0.44,3.116,2400.0,0.02,PM2.5-1HR
948,BEL_BETB011,2025-09-15,3.74,16.97,74.21,0.15,7.56,232.84,1008.63,4791.88,0.19,2.766,2400.0,0.943,PM2.5-1HR
948,BEL_BETMEU1,2025-09-15,4.09,17.09,73.88,0.14,7.68,232.59,1008.38,2936.26,0.22,2.808,2400.0,0.194,PM2.5-1HR
948,BEL_BETN043,2025-09-15,6.15,16.97,74.21,0.15,7.56,232.84,1008.63,5270.67,0.19,2.766,2400.0,0.014,PM2.5-1HR
948,BEL_BETR001,2025-09-15,3.9,16.97,74.21,0.15,7.56,232.84,1008.63,19743.56,0.19,2.766,2400.0,0.017,PM2.5-1HR
948,BEL_BETR012,2025-09-15,3.53,16.96,74.21,0.16,7.57,233.76,1008.87,4584.58,0.15,2.71,2400.0,0.456,PM2.5-1HR
948,BEL_BETREG1,2025-09-15,4.44,16.97,74.21,0.15,7.56,232.84,1008.63,7139.32,0.19,2.766,2400.0,0.02,PM2.5-1HR
948,BEL_BETB011,2025-09-16,3.99,15.23,68.58,0.01,6.34,246.72,1016.65,4791.88,1.55,4.67,2400.0,0.943,PM2.5-1HR
948,BEL_BETMEU1,2025-09-16,4.25,15.5,66.67,0,6.44,245.93,1016.43,2936.26,1.62,4.768,2400.0,0.194,PM2.5-1HR
948,BEL_BETN043,2025-09-16,4.2,15.23,68.58,0.01,6.34,246.72,1016.65,5270.67,1.55,4.67,2400.0,0.014,PM2.5-1HR
948,BEL_BETR001,2025-09-16,4.39,15.23,68.58,0.01,6.34,246.72,1016.65,19743.56,1.55,4.67,2400.0,0.017,PM2.5-1HR
948,BEL_BETR012,2025-09-16,4.03,15.1,69.08,0.01,6.29,247.7,1016.88,4584.58,1.58,4.712,2400.0,0.456,PM2.5-1HR
948,BEL_BETREG1,2025-09-16,5.09,15.23,68.58,0.01,6.34,246.72,1016.65,7139.32,1.55,4.67,2400.0,0.02,PM2.5-1HR
948,BEL_BETB011,2025-09-17,2.75,15.07,78.17,0.03,4.15,222.83,1020.67,4791.88,1.96,5.244,2400.0,0.943,PM2.5-1HR
948,BEL_BETMEU1,2025-09-17,3.62,15.28,77.46,0.03,4.25,222.62,1020.5,2936.26,2.05,5.37,2400.0,0.194,PM2.5-1HR
948,BEL_BETN043,2025-09-17,3.6,15.07,78.17,0.03,4.15,222.83,1020.67,5270.67,1.96,5.244,2400.0,0.014,PM2.5-1HR
948,BEL_BETR001,2025-09-17,3.34,15.07,78.17,0.03,4.15,222.83,1020.67,19743.56,1.96,5.244,2400.0,0.017,PM2.5-1HR
948,BEL_BETR012,2025-09-17,2.8,14.98,78.17,0.03,4.03,222.2,1020.8,4584.58,1.94,5.216,2400.0,0.456,PM2.5-1HR
948,BEL_BETREG1,2025-09-17,3.77,15.07,78.17,0.03,4.15,222.83,1020.67,7139.32,1.96,5.244,2400.0,0.02,PM2.5-1HR
948,BEL_BETREG1,2025-09-18,3.37,18.2,77.25,0,4.21,227.26,1021.72,7139.32,1.87,5.118,2400.0,0.02,PM2.5-1HR
948,BEL_BETB011,2025-09-18,2.3,18.2,77.25,0,4.21,227.26,1021.72,4791.88,1.87,5.118,2400.0,0.943,PM2.5-1HR
948,BEL_BETMEU1,2025-09-18,2.79,18.38,76.79,0,4.34,226.6,1021.55,2936.26,1.99,5.286,2400.0,0.194,PM2.5-1HR
948,BEL_BETN043,2025-09-18,3.02,18.2,77.25,0,4.21,227.26,1021.72,5270.67,1.87,5.118,2400.0,0.014,PM2.5-1HR
948,BEL_BETR001,2025-09-18,3.07,18.2,77.25,0,4.21,227.26,1021.72,19743.56,1.87,5.118,2400.0,0.017,PM2.5-1HR
948,BEL_BETR012,2025-09-18,2.29,18.08,77.29,0,4.02,227.54,1021.85,4584.58,1.91,5.174,2400.0,0.456,PM2.5-1HR
948,BEL_BETREG1,2025-09-19,4.39,20.36,68.17,0,2.8,177.63,1021.01,7139.32,2.42,5.888,2400.0,0.02,PM2.5-1HR
948,BEL_BETB011,2025-09-19,4.3,20.36,68.17,0,2.8,177.63,1021.01,4791.88,2.42,5.888,2400.0,0.943,PM2.5-1HR
948,BEL_BETMEU1,2025-09-19,4.7,20.13,69,0,2.55,179.79,1020.96,2936.26,2.52,6.028,2400.0,0.194,PM2.5-1HR
948,BEL_BETN043,2025-09-19,4.75,20.36,68.17,0,2.8,177.63,1021.01,5270.67,2.42,5.888,2400.0,0.014,PM2.5-1HR
948,BEL_BETR001,2025-09-19,6.55,20.36,68.17,0,2.8,177.63,1021.01,19743.56,2.42,5.888,2400.0,0.017,PM2.5-1HR
948,BEL_BETR012,2025-09-19,3.37,20.14,69.21,0,2.77,174.58,1021.06,4584.58,2.43,5.902,2400.0,0.456,PM2.5-1HR
948,BEL_BETB011,2025-09-20,5.65,21.35,69.71,0.14,4.29,197.4,1013.54,4791.88,3.85,7.89,2400.0,0.943,PM2.5-1HR
948,BEL_BETREG1,2025-09-20,6.06,21.35,69.71,0.14,4.29,197.4,1013.54,7139.32,3.85,7.89,2400.0,0.02,PM2.5-1HR
948,BEL_BETMEU1,2025-09-20,6.1,21.28,70.5,0.11,4.26,198.23,1013.42,2936.26,3.93,8.002,2400.0,0.194,PM2.5-1HR
948,BEL_BETN043,2025-09-20,5.51,21.35,69.71,0.14,4.29,197.4,1013.54,5270.67,3.85,7.89,2400.0,0.014,PM2.5-1HR
948,BEL_BETR001,2025-09-20,6.24,21.35,69.71,0.14,4.29,197.4,1013.54,19743.56,3.85,7.89,2400.0,0.017,PM2.5-1HR
948,BEL_BETR012,2025-09-20,5.21,21.17,71.13,0.1,4.2,196.09,1013.67,4584.58,3.83,7.862,2400.0,0.456,PM2.5-1HR
948,BEL_BETR012,2025-09-21,2.39,14.95,73.13,0.03,3.82,284.79,1015.16,4584.58,0.31,2.934,2400.0,0.456,PM2.5-1HR
948,BEL_BETB011,2025-09-21,2.29,15.06,72.71,0.02,3.92,285.38,1015.09,4791.88,0.33,2.962,2400.0,0.943,PM2.5-1HR
948,BEL_BETREG1,2025-09-21,2.87,15.06,72.71,0.02,3.92,285.38,1015.09,7139.32,0.33,2.962,2400.0,0.02,PM2.5-1HR
948,BEL_BETMEU1,2025-09-21,2.49,15.22,71.25,0.03,3.98,285.41,1015,2936.26,0.35,2.99,2400.0,0.194,PM2.5-1HR
948,BEL_BETN043,2025-09-21,2.22,15.06,72.71,0.02,3.92,285.38,1015.09,5270.67,0.33,2.962,2400.0,0.014,PM2.5-1HR
948,BEL_BETR001,2025-09-21,3.16,15.06,72.71,0.02,3.92,285.38,1015.09,19743.56,0.33,2.962,2400.0,0.017,PM2.5-1HR
948,BEL_BETR012,2025-09-22,2.62,12.15,70.33,0,3.95,22.95,1022.05,4584.58,2.05,5.37,2400.0,0.456,PM2.5-1HR
948,BEL_BETB011,2025-09-22,2.47,12.24,70.21,0,3.94,21.95,1022.15,4791.88,2.03,5.342,2400.0,0.943,PM2.5-1HR
948,BEL_BETREG1,2025-09-22,3.61,12.24,70.21,0,3.94,21.95,1022.15,7139.32,2.03,5.342,2400.0,0.02,PM2.5-1HR
948,BEL_BETMEU1,2025-09-22,2.94,12.28,69.79,0,3.68,21.29,1022.26,2936.26,2.05,5.37,2400.0,0.194,PM2.5-1HR
948,BEL_BETN043,2025-09-22,2.72,12.24,70.21,0,3.94,21.95,1022.15,5270.67,2.03,5.342,2400.0,0.014,PM2.5-1HR
948,BEL_BETR001,2025-09-22,3.56,12.24,70.21,0,3.94,21.95,1022.15,19743.56,2.03,5.342,2400.0,0.017,PM2.5-1HR
948,BEL_BETR012,2025-09-23,1.58,12.56,68.13,0.01,3.77,33.83,1024.31,4584.58,1,3.9,2400.0,0.456,PM2.5-1HR
948,BEL_BETB011,2025-09-23,2.24,12.68,68,0,3.76,32.45,1024.42,4791.88,0.96,3.844,2400.0,0.943,PM2.5-1HR
948,BEL_BETREG1,2025-09-23,2.68,12.68,68,0,3.76,32.45,1024.42,7139.32,0.96,3.844,2400.0,0.02,PM2.5-1HR
948,BEL_BETMEU1,2025-09-23,1.95,12.88,67.21,0,3.72,32.5,1024.53,2936.26,0.98,3.872,2400.0,0.194,PM2.5-1HR
948,BEL_BETN043,2025-09-23,2.31,12.68,68,0,3.76,32.45,1024.42,5270.67,0.96,3.844,2400.0,0.014,PM2.5-1HR
948,BEL_BETR001,2025-09-23,2.84,12.68,68,0,3.76,32.45,1024.42,19743.56,0.96,3.844,2400.0,0.017,PM2.5-1HR
948,BEL_BETR012,2025-09-24,1.39,12.05,64.04,0.01,4.4,44.72,1023.43,4584.58,0.64,3.396,2400.0,0.456,PM2.5-1HR
948,BEL_BETB011,2025-09-24,1.51,12.2,62.92,0,4.49,44.61,1023.59,4791.88,0.63,3.382,2400.0,0.943,PM2.5-1HR
948,BEL_BETREG1,2025-09-24,2.66,12.2,62.92,0,4.49,44.61,1023.59,7139.32,0.63,3.382,2400.0,0.02,PM2.5-1HR
948,BEL_BETMEU1,2025-09-24,1.92,12.35,61.83,0,4.53,44.16,1023.73,2936.26,0.65,3.41,2400.0,0.194,PM2.5-1HR
948,BEL_BETN043,2025-09-24,4.25,12.2,62.92,0,4.49,44.61,1023.59,5270.67,0.63,3.382,2400.0,0.014,PM2.5-1HR
948,BEL_BETR001,2025-09-24,2.6,12.2,62.92,0,4.49,44.61,1023.59,19743.56,0.63,3.382,2400.0,0.017,PM2.5-1HR
948,BEL_BETB011,2025-09-25,3.08,10.93,64.71,0.02,3.85,51.01,1021.93,4791.88,1.05,3.97,2400.0,0.943,PM2.5-1HR
948,BEL_BETREG1,2025-09-25,4.29,10.93,64.71,0.02,3.85,51.01,1021.93,7139.32,1.05,3.97,2400.0,0.02,PM2.5-1HR
948,BEL_BETR012,2025-09-25,3.08,10.71,67.75,0.04,3.71,49.1,1021.81,4584.58,1.06,3.984,2400.0,0.456,PM2.5-1HR
948,BEL_BETMEU1,2025-09-25,3.41,11.17,62.54,0,3.94,51.96,1022.05,2936.26,1.08,4.012,2400.0,0.194,PM2.5-1HR
948,BEL_BETN043,2025-09-25,3.15,10.93,64.71,0.02,3.85,51.01,1021.93,5270.67,1.05,3.97,2400.0,0.014,PM2.5-1HR
948,BEL_BETR001,2025-09-25,4.27,10.93,64.71,0.02,3.85,51.01,1021.93,19743.56,1.05,3.97,2400.0,0.017,PM2.5-1HR
948,BEL_BETREG1,2025-09-26,5.43,11.45,75.25,0,2.25,73.59,1021.73,7139.32,1.07,3.998,2400.0,0.02,PM2.5-1HR
948,BEL_BETR012,2025-09-26,4.37,11.27,76.75,0,2.22,75.05,1021.64,4584.58,1.06,3.984,2400.0,0.456,PM2.5-1HR
948,BEL_BETB011,2025-09-26,4.91,11.45,75.25,0,2.25,73.59,1021.73,4791.88,1.07,3.998,2400.0,0.943,PM2.5-1HR
948,BEL_BETMEU1,2025-09-26,5.55,11.26,76.29,0,2.09,73.68,1021.78,2936.26,1.19,4.166,2400.0,0.194,PM2.5-1HR
948,BEL_BETN043,2025-09-26,4.28,11.45,75.25,0,2.25,73.59,1021.73,5270.67,1.07,3.998,2400.0,0.014,PM2.5-1HR
948,BEL_BETR001,2025-09-26,6.17,11.45,75.25,0,2.25,73.59,1021.73,19743.56,1.07,3.998,2400.0,0.017,PM2.5-1HR
948,BEL_BETREG1,2025-09-27,14.1,12.61,77.04,0,1.19,143.35,1021.24,7139.32,5.55,10.27,2400.0,0.02,PM2.5-1HR
948,BEL_BETR012,2025-09-27,12.19,12.26,79.58,0,1.09,148.72,1021.25,4584.58,5.71,10.494,2400.0,0.456,PM2.5-1HR
948,BEL_BETB011,2025-09-27,14.01,12.61,77.04,0,1.19,143.35,1021.24,4791.88,5.55,10.27,2400.0,0.943,PM2.5-1HR
948,BEL_BETMEU1,2025-09-27,13.75,12.25,78.21,0,1.06,136.94,1021.25,2936.26,5.55,10.27,2400.0,0.194,PM2.5-1HR
948,BEL_BETN043,2025-09-27,12.44,12.61,77.04,0,1.19,143.35,1021.24,5270.67,5.55,10.27,2400.0,0.014,PM2.5-1HR
948,BEL_BETR001,2025-09-27,15.58,12.61,77.04,0,1.19,143.35,1021.24,19743.56,5.55,10.27,2400.0,0.017,PM2.5-1HR
948,BEL_BETR012,2025-09-28,3.07,13.39,73.58,0,1.15,141.59,1021.98,4584.58,1.01,3.914,2400.0,0.456,PM2.5-1HR
948,BEL_BETREG1,2025-09-28,4.86,14.02,68.71,0,1.1,141.74,1022,7139.32,0.98,3.872,2400.0,0.02,PM2.5-1HR
948,BEL_BETB011,2025-09-28,5.57,14.02,68.71,0,1.1,141.74,1022,4791.88,0.98,3.872,2400.0,0.943,PM2.5-1HR
948,BEL_BETMEU1,2025-09-28,5.85,13.28,73.13,0,0.95,138.57,1022.02,2936.26,1,3.9,2400.0,0.194,PM2.5-1HR
948,BEL_BETN043,2025-09-28,5.21,14.02,68.71,0,1.1,141.74,1022,5270.67,0.98,3.872,2400.0,0.014,PM2.5-1HR
948,BEL_BETR001,2025-09-28,8.26,14.02,68.71,0,1.1,141.74,1022,19743.56,0.98,3.872,2400.0,0.017,PM2.5-1HR
948,BEL_BETREG1,2025-09-29,15.58,14.05,72.92,0,1.81,344.93,1023.23,7139.32,2.76,6.364,2400.0,0.02,PM2.5-1HR
948,BEL_BETR012,2025-09-29,10.5,13.65,75.5,0,1.67,346.48,1023.2,4584.58,2.72,6.308,2400.0,0.456,PM2.5-1HR
948,BEL_BETB011,2025-09-29,13.47,14.05,72.92,0,1.81,344.93,1023.23,4791.88,2.76,6.364,2400.0,0.943,PM2.5-1HR
948,BEL_BETMEU1,2025-09-29,16.29,13.39,77.21,0,1.56,340.6,1023.25,2936.26,2.84,6.476,2400.0,0.194,PM2.5-1HR
948,BEL_BETN043,2025-09-29,12.57,14.05,72.92,0,1.81,344.93,1023.23,5270.67,2.76,6.364,2400.0,0.014,PM2.5-1HR
948,BEL_BETR001,2025-09-29,14.01,14.05,72.92,0,1.81,344.93,1023.23,19743.56,2.76,6.364,2400.0,0.017,PM2.5-1HR
948,BEL_BETREG1,2025-09-30,6.77,14.35,69.17,0,2.14,334.79,1025.07,7139.32,2.75,6.35,2400.0,0.02,PM2.5-1HR
948,BEL_BETB011,2025-09-30,5.59,14.35,69.17,0,2.14,334.79,1025.07,4791.88,2.75,6.35,2400.0,0.943,PM2.5-1HR
948,BEL_BETMEU1,2025-09-30,6.75,13.82,73.75,0,1.86,330.97,1025.09,2936.26,2.79,6.406,2400.0,0.194,PM2.5-1HR
948,BEL_BETN043,2025-09-30,4.94,14.35,69.17,0,2.14,334.79,1025.07,5270.67,2.75,6.35,2400.0,0.014,PM2.5-1HR
948,BEL_BETR001,2025-09-30,6.85,14.35,69.17,0,2.14,334.79,1025.07,19743.56,2.75,6.35,2400.0,0.017,PM2.5-1HR
948,BEL_BETR012,2025-09-30,6.72,14.05,71.21,0,2.01,335.05,1025.08,4584.58,2.79,6.406,2400.0,0.456,PM2.5-1HR
948,BEL_BETB011,2025-10-01,17.79,12.72,73.46,0,1.36,83.51,1028.27,4791.88,6.93,12.202,2400.0,0.943,PM2.5-1HR
948,BEL_BETMEU1,2025-10-01,21.36,12.02,77.33,0,1.19,86.75,1028.32,2936.26,7.23,12.622,2400.0,0.194,PM2.5-1HR
948,BEL_BETN043,2025-10-01,18.49,12.72,73.46,0,1.36,83.51,1028.27,5270.67,6.93,12.202,2400.0,0.014,PM2.5-1HR
948,BEL_BETR001,2025-10-01,19.19,12.72,73.46,0,1.36,83.51,1028.27,19743.56,6.93,12.202,2400.0,0.017,PM2.5-1HR
948,BEL_BETR012,2025-10-01,14.22,12.49,75.38,0,1.27,85.33,1028.23,4584.58,6.81,12.034,2400.0,0.456,PM2.5-1HR
948,BEL_BETREG1,2025-10-01,20.72,12.72,73.46,0,1.36,83.51,1028.27,7139.32,6.93,12.202,2400.0,0.02,PM2.5-1HR
948,BEL_BETB011,2025-10-02,8.31,13.51,58.75,0,2.55,170.25,1026.66,4791.88,4.28,8.492,2400.0,0.943,PM2.5-1HR
948,BEL_BETMEU1,2025-10-02,8.25,13.17,61.67,0,2.23,169.91,1026.62,2936.26,4.36,8.604,2400.0,0.194,PM2.5-1HR
948,BEL_BETN043,2025-10-02,7.1,13.51,58.75,0,2.55,170.25,1026.66,5270.67,4.28,8.492,2400.0,0.014,PM2.5-1HR
948,BEL_BETR001,2025-10-02,8.61,13.51,58.75,0,2.55,170.25,1026.66,19743.56,4.28,8.492,2400.0,0.017,PM2.5-1HR
948,BEL_BETR012,2025-10-02,7.14,13.09,61.46,0,2.53,168.31,1026.72,4584.58,4.25,8.45,2400.0,0.456,PM2.5-1HR
948,BEL_BETREG1,2025-10-02,7.61,13.51,58.75,0,2.55,170.25,1026.66,7139.32,4.28,8.492,2400.0,0.02,PM2.5-1HR
948,BEL_BETB011,2025-10-03,5.36,12.44,66.46,0.17,4.41,174.04,1017.1,4791.88,4.19,8.366,2400.0,0.943,PM2.5-1HR
948,BEL_BETMEU1,2025-10-03,5.83,12.52,66.83,0.19,4.37,174.87,1016.98,2936.26,4.19,8.366,2400.0,0.194,PM2.5-1HR
948,BEL_BETN043,2025-10-03,5.09,12.44,66.46,0.17,4.41,174.04,1017.1,5270.67,4.19,8.366,2400.0,0.014,PM2.5-1HR
948,BEL_BETR001,2025-10-03,5.78,12.44,66.46,0.17,4.41,174.04,1017.1,19743.56,4.19,8.366,2400.0,0.017,PM2.5-1HR
948,BEL_BETR012,2025-10-03,5.94,12.14,68.38,0.17,4.38,172.74,1017.2,4584.58,4.22,8.408,2400.0,0.456,PM2.5-1HR
948,BEL_BETREG1,2025-10-03,5.77,12.44,66.46,0.17,4.41,174.04,1017.1,7139.32,4.19,8.366,2400.0,0.02,PM2.5-1HR
948,BEL_BETB011,2025-10-04,3.44,13.94,75.88,0.64,7.62,236.67,1001.8,4791.88,0.24,2.836,2400.0,0.943,PM2.5-1HR
948,BEL_BETMEU1,2025-10-04,3.42,14.12,75.04,0.59,7.65,236.93,1001.53,2936.26,0.25,2.85,2400.0,0.194,PM2.5-1HR
948,BEL_BETN043,2025-10-04,3.31,13.94,75.88,0.64,7.62,236.67,1001.8,5270.67,0.24,2.836,2400.0,0.014,PM2.5-1HR
948,BEL_BETR001,2025-10-04,3.68,13.94,75.88,0.64,7.62,236.67,1001.8,19743.56,0.24,2.836,2400.0,0.017,PM2.5-1HR
948,BEL_BETR012,2025-10-04,3.47,13.78,77.75,0.61,7.59,235.97,1002.08,4584.58,0.25,2.85,2400.0,0.456,PM2.5-1HR
948,BEL_BETREG1,2025-10-04,4.09,13.94,75.88,0.64,7.62,236.67,1001.8,7139.32,0.24,2.836,2400.0,0.02,PM2.5-1HR
948,BEL_BETB011,2025-10-05,5.39,11.88,70.17,0,5.62,263.4,1013.05,4791.88,3.51,7.414,2400.0,0.943,PM2.5-1HR
948,BEL_BETMEU1,2025-10-05,5.55,12.13,68.67,0.04,5.73,262.68,1012.83,2936.26,3.51,7.414,2400.0,0.194,PM2.5-1HR
948,BEL_BETN043,2025-10-05,5.36,11.88,70.17,0,5.62,263.4,1013.05,5270.67,3.51,7.414,2400.0,0.014,PM2.5-1HR
948,BEL_BETR001,2025-10-05,5.99,11.88,70.17,0,5.62,263.4,1013.05,19743.56,3.51,7.414,2400.0,0.017,PM2.5-1HR
948,BEL_BETR012,2025-10-05,5.2,11.73,70.42,0.04,5.65,263.47,1013.26,4584.58,3.58,7.512,2400.0,0.456,PM2.5-1HR
948,BEL_BETREG1,2025-10-05,6.19,11.88,70.17,0,5.62,263.4,1013.05,7139.32,3.51,7.414,2400.0,0.02,PM2.5-1HR
948,BEL_BETB011,2025-10-06,4.2,12.53,81,0,3.49,249.89,1023.77,4791.88,3.2,6.98,2400.0,0.943,PM2.5-1HR
948,BEL_BETMEU1,2025-10-06,4.18,12.85,79.04,0,3.46,248.58,1023.63,2936.26,3.26,7.064,2400.0,0.194,PM2.5-1HR
948,BEL_BETN043,2025-10-06,4.63,12.53,81,0,3.49,249.89,1023.77,5270.67,3.2,6.98,2400.0,0.014,PM2.5-1HR
948,BEL_BETR001,2025-10-06,4.99,12.53,81,0,3.49,249.89,1023.77,19743.56,3.2,6.98,2400.0,0.017,PM2.5-1HR
948,BEL_BETR012,2025-10-06,4.4,12.33,81.04,0,3.42,251.59,1023.91,4584.58,3.24,7.036,2400.0,0.456,PM2.5-1HR
948,BEL_BETREG1,2025-10-06,5.49,12.53,81,0,3.49,249.89,1023.77,7139.32,3.2,6.98,2400.0,0.02,PM2.5-1HR
948,BEL_BETB011,2025-10-07,5.88,13.92,88.13,0,2.53,229.9,1025.45,4791.88,3.63,7.582,2400.0,0.943,PM2.5-1HR
948,BEL_BETMEU1,2025-10-07,5.7,14.12,86.83,0,2.58,228.06,1025.38,2936.26,3.78,7.792,2400.0,0.194,PM2.5-1HR
948,BEL_BETN043,2025-10-07,6,13.92,88.13,0,2.53,229.9,1025.45,5270.67,3.63,7.582,2400.0,0.014,PM2.5-1HR
948,BEL_BETR001,2025-10-07,6.49,13.92,88.13,0,2.53,229.9,1025.45,19743.56,3.63,7.582,2400.0,0.017,PM2.5-1HR
948,BEL_BETR012,2025-10-07,5.5,13.83,88.04,0,2.49,233.9,1025.51,4584.58,3.72,7.708,2400.0,0.456,PM2.5-1HR
948,BEL_BETREG1,2025-10-07,7.15,13.92,88.13,0,2.53,229.9,1025.45,7139.32,3.63,7.582,2400.0,0.02,PM2.5-1HR
948,BEL_BETB011,2025-10-08,7.29,14.25,83.96,0,1.42,267.24,1023.26,4791.88,3.26,7.064,2400.0,0.943,PM2.5-1HR
948,BEL_BETMEU1,2025-10-08,6.85,14.36,82.96,0,1.4,269,1023.22,2936.26,3.2,6.98,2400.0,0.194,PM2.5-1HR
948,BEL_BETN043,2025-10-08,6.97,14.25,83.96,0,1.42,267.24,1023.26,5270.67,3.26,7.064,2400.0,0.014,PM2.5-1HR
948,BEL_BETR001,2025-10-08,8.85,14.25,83.96,0,1.42,267.24,1023.26,19743.56,3.26,7.064,2400.0,0.017,PM2.5-1HR
948,BEL_BETR012,2025-10-08,7.52,14.17,83.58,0,1.45,266.47,1023.28,4584.58,3.42,7.288,2400.0,0.456,PM2.5-1HR
948,BEL_BETREG1,2025-10-08,9.08,14.25,83.96,0,1.42,267.24,1023.26,7139.32,3.26,7.064,2400.0,0.02,PM2.5-1HR
948,BEL_BETB011,2025-10-09,5.37,13.12,83.96,0.03,2.03,296.65,1026.6,4791.88,2.6,6.14,2400.0,0.943,PM2.5-1HR
948,BEL_BETMEU1,2025-10-09,6.18,13.02,82.88,0.01,1.99,294.39,1026.56,2936.26,2.63,6.182,2400.0,0.194,PM2.5-1HR
948,BEL_BETN043,2025-10-09,5.18,13.12,83.96,0.03,2.03,296.65,1026.6,5270.67,2.6,6.14,2400.0,0.014,PM2.5-1HR
948,BEL_BETR001,2025-10-09,6.68,13.12,83.96,0.03,2.03,296.65,1026.6,19743.56,2.6,6.14,2400.0,0.017,PM2.5-1HR
948,BEL_BETR012,2025-10-09,5.42,13.01,84.46,0.02,1.93,298.36,1026.63,4584.58,2.58,6.112,2400.0,0.456,PM2.5-1HR
948,BEL_BETREG1,2025-10-09,7.08,13.12,83.96,0.03,2.03,296.65,1026.6,7139.32,2.6,6.14,2400.0,0.02,PM2.5-1HR
948,BEL_BETB011,2025-10-10,10.71,13.78,82.83,0,1.08,263.06,1032.88,4791.88,8.02,13.728,2400.0,0.943,PM2.5-1HR
948,BEL_BETMEU1,2025-10-10,10.47,14.04,80.67,0,1.09,250.26,1032.83,2936.26,8.11,13.854,2400.0,0.194,PM2.5-1HR
948,BEL_BETN043,2025-10-10,10.03,13.78,82.83,0,1.08,263.06,1032.88,5270.67,8.02,13.728,2400.0,0.014,PM2.5-1HR
948,BEL_BETR001,2025-10-10,12.68,13.78,82.83,0,1.08,263.06,1032.88,19743.56,8.02,13.728,2400.0,0.017,PM2.5-1HR
948,BEL_BETR012,2025-10-10,11.59,13.62,82.88,0,1.03,277.41,1032.91,4584.58,8.15,13.91,2400.0,0.456,PM2.5-1HR
948,BEL_BETREG1,2025-10-10,13.11,13.78,82.83,0,1.08,263.06,1032.88,7139.32,8.02,13.728,2400.0,0.02,PM2.5-1HR
948,BEL_BETREG1,2025-10-11,20.08,14.1,80.58,0,1.18,343.23,1034.2,7139.32,11.88,19.132,2400.0,0.02,PM2.5-1HR
948,BEL_BETB011,2025-10-11,17.93,14.1,80.58,0,1.18,343.23,1034.2,4791.88,11.88,19.132,2400.0,0.943,PM2.5-1HR
948,BEL_BETMEU1,2025-10-11,19.99,14.09,80.25,0,1.05,338.13,1034.19,2936.26,12.19,19.566,2400.0,0.194,PM2.5-1HR
948,BEL_BETN043,2025-10-11,17.43,14.1,80.58,0,1.18,343.23,1034.2,5270.67,11.88,19.132,2400.0,0.014,PM2.5-1HR
948,BEL_BETR001,2025-10-11,20.85,14.1,80.58,0,1.18,343.23,1034.2,19743.56,11.88,19.132,2400.0,0.017,PM2.5-1HR
948,BEL_BETR012,2025-10-11,16.24,14.03,80.04,0,1.2,349.4,1034.2,4584.58,12.05,19.37,2400.0,0.456,PM2.5-1HR
948,BEL_BETREG1,2025-10-12,19.24,14.06,82.42,0,2.02,31.17,1031.28,7139.32,3.69,7.666,2400.0,0.02,PM2.5-1HR
948,BEL_BETB011,2025-10-12,17.52,14.06,82.42,0,2.02,31.17,1031.28,4791.88,3.69,7.666,2400.0,0.943,PM2.5-1HR
948,BEL_BETMEU1,2025-10-12,18.65,14.15,81.54,0,1.9,29.15,1031.31,2936.26,3.77,7.778,2400.0,0.194,PM2.5-1HR
948,BEL_BETN043,2025-10-12,16.47,14.06,82.42,0,2.02,31.17,1031.28,5270.67,3.69,7.666,2400.0,0.014,PM2.5-1HR
948,BEL_BETR001,2025-10-12,19.82,14.06,82.42,0,2.02,31.17,1031.28,19743.56,3.69,7.666,2400.0,0.017,PM2.5-1HR
948,BEL_BETR012,2025-10-12,16.58,13.85,82.54,0,1.97,35.73,1031.25,4584.58,3.46,7.344,2400.0,0.456,PM2.5-1HR
948,BEL_BETREG1,2025-10-13,3.51,14.1,87.5,0,2.37,33.7,1028.31,7139.32,1.09,4.026,2400.0,0.02,PM2.5-1HR
948,BEL_BETB011,2025-10-13,2.87,14.1,87.5,0,2.37,33.7,1028.31,4791.88,1.09,4.026,2400.0,0.943,PM2.5-1HR
948,BEL_BETMEU1,2025-10-13,3.21,14.19,87.25,0.01,2.22,31.12,1028.36,2936.26,1.2,4.18,2400.0,0.194,PM2.5-1HR
948,BEL_BETN043,2025-10-13,2.98,14.1,87.5,0,2.37,33.7,1028.31,5270.67,1.09,4.026,2400.0,0.014,PM2.5-1HR
948,BEL_BETR001,2025-10-13,4.01,14.1,87.5,0,2.37,33.7,1028.31,19743.56,1.09,4.026,2400.0,0.017,PM2.5-1HR
948,BEL_BETR012,2025-10-13,2.7,14.01,87.38,0.01,2.48,35.41,1028.26,4584.58,1.14,4.096,2400.0,0.456,PM2.5-1HR
948,BEL_BETREG1,2025-10-14,7.37,12.5,87.75,0,2.08,14.21,1027.7,7139.32,2.88,6.532,2400.0,0.02,PM2.5-1HR
948,BEL_BETB011,2025-10-14,6.91,12.5,87.75,0,2.08,14.21,1027.7,4791.88,2.88,6.532,2400.0,0.943,PM2.5-1HR
948,BEL_BETMEU1,2025-10-14,7.35,12.55,87.38,0,1.89,10.98,1027.7,2936.26,3.08,6.812,2400.0,0.194,PM2.5-1HR
948,BEL_BETN043,2025-10-14,6.04,12.5,87.75,0,2.08,14.21,1027.7,5270.67,2.88,6.532,2400.0,0.014,PM2.5-1HR
948,BEL_BETR001,2025-10-14,7.34,12.5,87.75,0,2.08,14.21,1027.7,19743.56,2.88,6.532,2400.0,0.017,PM2.5-1HR
948,BEL_BETR012,2025-10-14,6.25,12.43,87.67,0,2.1,16.21,1027.66,4584.58,2.9,6.56,2400.0,0.456,PM2.5-1HR
948,BEL_BETREG1,2025-10-15,5.39,12.38,87.21,0.01,1.39,5.04,1027.6,7139.32,1.47,4.558,2400.0,0.02,PM2.5-1HR
948,BEL_BETB011,2025-10-15,6.23,12.38,87.21,0.01,1.39,5.04,1027.6,4791.88,1.47,4.558,2400.0,0.943,PM2.5-1HR
948,BEL_BETMEU1,2025-10-15,5.32,12.37,86.71,0.01,1.18,354.83,1027.6,2936.26,1.6,4.74,2400.0,0.194,PM2.5-1HR
948,BEL_BETN043,2025-10-15,4.85,12.38,87.21,0.01,1.39,5.04,1027.6,5270.67,1.47,4.558,2400.0,0.014,PM2.5-1HR
948,BEL_BETR001,2025-10-15,6.29,12.38,87.21,0.01,1.39,5.04,1027.6,19743.56,1.47,4.558,2400.0,0.017,PM2.5-1HR
948,BEL_BETR012,2025-10-15,3.74,12.32,86.83,0.01,1.47,14.3,1027.58,4584.58,1.52,4.628,2400.0,0.456,PM2.5-1HR
948,BEL_BETREG1,2025-10-16,7.13,12.32,86.42,0.01,1.87,17.04,1026.12,7139.32,3.08,6.812,2400.0,0.02,PM2.5-1HR
948,BEL_BETB011,2025-10-16,7.31,12.32,86.42,0.01,1.87,17.04,1026.12,4791.88,3.08,6.812,2400.0,0.943,PM2.5-1HR
948,BEL_BETMEU1,2025-10-16,6.54,12.32,86.5,0.01,1.65,14.63,1026.14,2936.26,3.27,7.078,2400.0,0.194,PM2.5-1HR
948,BEL_BETN043,2025-10-16,5.79,12.32,86.42,0.01,1.87,17.04,1026.12,5270.67,3.08,6.812,2400.0,0.014,PM2.5-1HR
948,BEL_BETR001,2025-10-16,7.92,12.32,86.42,0.01,1.87,17.04,1026.12,19743.56,3.08,6.812,2400.0,0.017,PM2.5-1HR
948,BEL_BETR012,2025-10-16,5.73,12.26,86.13,0.02,1.9,18.82,1026.09,4584.58,3.05,6.77,2400.0,0.456,PM2.5-1HR
948,BEL_BETREG1,2025-10-17,8.79,11.95,88.13,0,1.48,12.16,1025.51,7139.32,3.6,7.54,2400.0,0.02,PM2.5-1HR
948,BEL_BETB011,2025-10-17,8.77,11.95,88.13,0,1.48,12.16,1025.51,4791.88,3.6,7.54,2400.0,0.943,PM2.5-1HR
948,BEL_BETMEU1,2025-10-17,8.68,11.65,88.88,0,1.13,6.89,1025.54,2936.26,3.69,7.666,2400.0,0.194,PM2.5-1HR
948,BEL_BETN043,2025-10-17,7.58,11.95,88.13,0,1.48,12.16,1025.51,5270.67,3.6,7.54,2400.0,0.014,PM2.5-1HR
948,BEL_BETR001,2025-10-17,9.18,11.95,88.13,0,1.48,12.16,1025.51,19743.56,3.6,7.54,2400.0,0.017,PM2.5-1HR
948,BEL_BETR012,2025-10-17,7.13,11.95,87.38,0,1.58,18.15,1025.47,4584.58,3.74,7.736,2400.0,0.456,PM2.5-1HR
948,BEL_BETREG1,2025-10-18,10.03,11.28,80.42,0.01,2.3,80.1,1025.15,7139.32,2.84,6.476,2400.0,0.02,PM2.5-1HR
948,BEL_BETB011,2025-10-18,9.95,11.28,80.42,0.01,2.3,80.1,1025.15,4791.88,2.84,6.476,2400.0,0.943,PM2.5-1HR
948,BEL_BETMEU1,2025-10-18,10.26,11.15,80.21,0,2.18,83.06,1025.2,2936.26,2.8,6.42,2400.0,0.194,PM2.5-1HR
948,BEL_BETN043,2025-10-18,9.32,11.28,80.42,0.01,2.3,80.1,1025.15,5270.67,2.84,6.476,2400.0,0.014,PM2.5-1HR
948,BEL_BETR001,2025-10-18,11.15,11.28,80.42,0.01,2.3,80.1,1025.15,19743.56,2.84,6.476,2400.0,0.017,PM2.5-1HR
948,BEL_BETR012,2025-10-18,8.83,11.22,79.67,0.02,2.29,78.37,1025.09,4584.58,3.15,6.91,2400.0,0.456,PM2.5-1HR
948,BEL_BETREG1,2025-10-19,5.87,11.79,75.38,0.05,3.46,150.98,1012.22,7139.32,2.5,6.0,2400.0,0.02,PM2.5-1HR
948,BEL_BETB011,2025-10-19,5.97,11.79,75.38,0.05,3.46,150.98,1012.22,4791.88,2.5,6.0,2400.0,0.943,PM2.5-1HR
948,BEL_BETMEU1,2025-10-19,6.03,11.81,75.25,0.05,3.33,150.04,1012.21,2936.26,2.55,6.07,2400.0,0.194,PM2.5-1HR
948,BEL_BETN043,2025-10-19,5.29,11.79,75.38,0.05,3.46,150.98,1012.22,5270.67,2.5,6.0,2400.0,0.014,PM2.5-1HR
948,BEL_BETR001,2025-10-19,6.56,11.79,75.38,0.05,3.46,150.98,1012.22,19743.56,2.5,6.0,2400.0,0.017,PM2.5-1HR
948,BEL_BETR012,2025-10-19,6.09,11.77,74.63,0.05,3.61,152.42,1012.24,4584.58,2.48,5.972,2400.0,0.456,PM2.5-1HR
948,BEL_BETB011,2025-10-20,2.54,14.84,81.63,0.1,5.57,187.44,996.88,4791.88,0.68,3.452,2400.0,0.943,PM2.5-1HR
948,BEL_BETMEU1,2025-10-20,2.5,14.95,81.58,0.1,5.5,187.64,996.76,2936.26,0.74,3.536,2400.0,0.194,PM2.5-1HR
948,BEL_BETN043,2025-10-20,2.32,14.84,81.63,0.1,5.57,187.44,996.88,5270.67,0.68,3.452,2400.0,0.014,PM2.5-1HR
948,BEL_BETR001,2025-10-20,2.54,14.84,81.63,0.1,5.57,187.44,996.88,19743.56,0.68,3.452,2400.0,0.017,PM2.5-1HR
948,BEL_BETR012,2025-10-20,1.99,14.73,82.08,0.11,5.62,186.52,996.97,4584.58,0.66,3.424,2400.0,0.456,PM2.5-1HR
948,BEL_BETREG1,2025-10-20,2.5,14.84,81.63,0.1,5.57,187.44,996.88,7139.32,0.68,3.452,2400.0,0.02,PM2.5-1HR
948,BEL_BETB011,2025-10-21,1.65,13.26,84.75,0.16,5.89,216.85,994.39,4791.88,0.35,2.99,2400.0,0.943,PM2.5-1HR
948,BEL_BETMEU1,2025-10-21,2.25,13.38,84.75,0.2,5.88,216.52,994.16,2936.26,0.4,3.06,2400.0,0.194,PM2.5-1HR
948,BEL_BETN043,2025-10-21,2.35,13.26,84.75,0.16,5.89,216.85,994.39,5270.67,0.35,2.99,2400.0,0.014,PM2.5-1HR
948,BEL_BETR001,2025-10-21,2.04,13.26,84.75,0.16,5.89,216.85,994.39,19743.56,0.35,2.99,2400.0,0.017,PM2.5-1HR
948,BEL_BETR012,2025-10-21,1.75,13.17,84.54,0.18,5.9,216.85,994.57,4584.58,0.32,2.948,2400.0,0.456,PM2.5-1HR
948,BEL_BETREG1,2025-10-21,2.61,13.26,84.75,0.16,5.89,216.85,994.39,7139.32,0.35,2.99,2400.0,0.02,PM2.5-1HR
948,BEL_BETB011,2025-10-22,3.44,12.77,87.29,0.02,3.13,210.57,997.77,4791.88,1.28,4.292,2400.0,0.943,PM2.5-1HR
948,BEL_BETMEU1,2025-10-22,3.87,12.83,86.92,0.03,3.05,210.52,997.68,2936.26,1.28,4.292,2400.0,0.194,PM2.5-1HR
948,BEL_BETN043,2025-10-22,3.92,12.77,87.29,0.02,3.13,210.57,997.77,5270.67,1.28,4.292,2400.0,0.014,PM2.5-1HR
948,BEL_BETR001,2025-10-22,4.17,12.77,87.29,0.02,3.13,210.57,997.77,19743.56,1.28,4.292,2400.0,0.017,PM2.5-1HR
948,BEL_BETR012,2025-10-22,3.83,12.63,87.63,0.02,3.14,210.8,997.86,4584.58,1.27,4.278,2400.0,0.456,PM2.5-1HR
948,BEL_BETREG1,2025-10-22,4.62,12.77,87.29,0.02,3.13,210.57,997.77,7139.32,1.28,4.292,2400.0,0.02,PM2.5-1HR
948,BEL_BETB011,2025-10-23,1.76,11.8,86.08,0.94,7.64,215.08,983.3,4791.88,0.28,2.892,2400.0,0.943,PM2.5-1HR
948,BEL_BETMEU1,2025-10-23,1.93,11.9,86.29,0.85,7.65,214.66,983.04,2936.26,0.25,2.85,2400.0,0.194,PM2.5-1HR
948,BEL_BETN043,2025-10-23,2.22,11.8,86.08,0.94,7.64,215.08,983.3,5270.67,0.28,2.892,2400.0,0.014,PM2.5-1HR
948,BEL_BETR001,2025-10-23,1.86,11.8,86.08,0.94,7.64,215.08,983.3,19743.56,0.28,2.892,2400.0,0.017,PM2.5-1HR
948,BEL_BETR012,2025-10-23,1.42,11.65,87.04,1.05,7.79,215.41,983.55,4584.58,0.32,2.948,2400.0,0.456,PM2.5-1HR
948,BEL_BETREG1,2025-10-23,1.93,11.8,86.08,0.94,7.64,215.08,983.3,7139.32,0.28,2.892,2400.0,0.02,PM2.5-1HR
948,BEL_BETB011,2025-10-24,1.25,8.35,81.42,0.18,6.32,236.4,1000.57,4791.88,0.89,3.746,2400.0,0.943,PM2.5-1HR
948,BEL_BETMEU1,2025-10-24,1.64,8.56,80.21,0.13,6.34,235.63,1000.3,2936.26,0.9,3.76,2400.0,0.194,PM2.5-1HR
948,BEL_BETN043,2025-10-24,2.44,8.35,81.42,0.18,6.32,236.4,1000.57,5270.67,0.89,3.746,2400.0,0.014,PM2.5-1HR
948,BEL_BETR001,2025-10-24,1.46,8.35,81.42,0.18,6.32,236.4,1000.57,19743.56,0.89,3.746,2400.0,0.017,PM2.5-1HR
948,BEL_BETR012,2025-10-24,1.29,8.2,81.96,0.15,6.4,237.01,1000.82,4584.58,0.86,3.704,2400.0,0.456,PM2.5-1HR
948,BEL_BETREG1,2025-10-24,2.06,8.35,81.42,0.18,6.32,236.4,1000.57,7139.32,0.89,3.746,2400.0,0.02,PM2.5-1HR
948,BEL_BETB011,2025-10-25,1.41,8.9,88,0.73,5.5,249.52,1000.59,4791.88,0.44,3.116,2400.0,0.943,PM2.5-1HR
948,BEL_BETREG1,2025-10-25,2.04,8.9,88,0.73,5.5,249.52,1000.59,7139.32,0.44,3.116,2400.0,0.02,PM2.5-1HR
948,BEL_BETMEU1,2025-10-25,1.62,8.99,87.92,0.4,5.54,250.22,1000.38,2936.26,0.43,3.102,2400.0,0.194,PM2.5-1HR
948,BEL_BETN043,2025-10-25,2.24,8.9,88,0.73,5.5,249.52,1000.59,5270.67,0.44,3.116,2400.0,0.014,PM2.5-1HR
948,BEL_BETR001,2025-10-25,1.77,8.9,88,0.73,5.5,249.52,1000.59,19743.56,0.44,3.116,2400.0,0.017,PM2.5-1HR
948,BEL_BETR012,2025-10-25,1.44,8.81,89.29,0.26,5.49,248.18,1000.79,4584.58,0.42,3.088,2400.0,0.456,PM2.5-1HR
948,BEL_BETB011,2025-10-26,1.8,7.15,78.52,0.03,5.21,252.38,1006.71,4791.88,0.61,3.354,2400.0,0.943,PM2.5-1HR
948,BEL_BETREG1,2025-10-26,2.23,7.15,78.52,0.03,5.21,252.38,1006.71,7139.32,0.61,3.354,2400.0,0.02,PM2.5-1HR
948,BEL_BETMEU1,2025-10-26,1.81,7.39,77.04,0.06,5.3,252.81,1006.47,2936.26,0.63,3.382,2400.0,0.194,PM2.5-1HR
948,BEL_BETN043,2025-10-26,1.79,7.15,78.52,0.03,5.21,252.38,1006.71,5270.67,0.61,3.354,2400.0,0.014,PM2.5-1HR
948,BEL_BETR001,2025-10-26,2.09,7.15,78.52,0.03,5.21,252.38,1006.71,19743.56,0.61,3.354,2400.0,0.017,PM2.5-1HR
948,BEL_BETR012,2025-10-26,1.87,6.94,79.64,0.04,5.16,251.66,1006.92,4584.58,0.61,3.354,2400.0,0.456,PM2.5-1HR
948,BEL_BETB011,2025-10-27,2.82,9.64,82.75,0.36,5.77,264.8,1004.02,4791.88,0.16,2.724,2400.0,0.943,PM2.5-1HR
948,BEL_BETMEU1,2025-10-27,2.81,9.73,82.46,0.4,5.86,264.26,1003.81,2936.26,0.19,2.766,2400.0,0.194,PM2.5-1HR
948,BEL_BETN043,2025-10-27,2.64,9.64,82.75,0.36,5.77,264.8,1004.02,5270.67,0.16,2.724,2400.0,0.014,PM2.5-1HR
948,BEL_BETR001,2025-10-27,3.4,9.64,82.75,0.36,5.77,264.8,1004.02,19743.56,0.16,2.724,2400.0,0.017,PM2.5-1HR
948,BEL_BETR012,2025-10-27,2.45,9.49,83.5,0.35,5.72,264.2,1004.22,4584.58,0.14,2.696,2400.0,0.456,PM2.5-1HR
948,BEL_BETREG1,2025-10-27,3.4,9.64,82.75,0.36,5.77,264.8,1004.02,7139.32,0.16,2.724,2400.0,0.02,PM2.5-1HR
948,BEL_BETB011,2025-10-28,2.91,11.11,86.75,0.14,5.36,238.51,1008.48,4791.88,0.45,3.13,2400.0,0.943,PM2.5-1HR
948,BEL_BETMEU1,2025-10-28,2.98,11.3,84.96,0.08,5.26,238.72,1008.27,2936.26,0.47,3.158,2400.0,0.194,PM2.5-1HR
948,BEL_BETN043,2025-10-28,3.09,11.11,86.75,0.14,5.36,238.51,1008.48,5270.67,0.45,3.13,2400.0,0.014,PM2.5-1HR
948,BEL_BETR001,2025-10-28,3.09,11.11,86.75,0.14,5.36,238.51,1008.48,19743.56,0.45,3.13,2400.0,0.017,PM2.5-1HR
948,BEL_BETR012,2025-10-28,2.61,10.98,88.63,0.19,5.47,238.51,1008.69,4584.58,0.5,3.2,2400.0,0.456,PM2.5-1HR
948,BEL_BETREG1,2025-10-28,3.64,11.11,86.75,0.14,5.36,238.51,1008.48,7139.32,0.45,3.13,2400.0,0.02,PM2.5-1HR
948,BEL_BETB011,2025-10-29,2.9,11.8,88.21,0.21,3.92,203.76,1003.73,4791.88,1.03,3.942,2400.0,0.943,PM2.5-1HR
948,BEL_BETMEU1,2025-10-29,2.99,11.83,88.17,0.23,3.83,203.56,1003.63,2936.26,1.12,4.068,2400.0,0.194,PM2.5-1HR
948,BEL_BETN043,2025-10-29,3.02,11.8,88.21,0.21,3.92,203.76,1003.73,5270.67,1.03,3.942,2400.0,0.014,PM2.5-1HR
948,BEL_BETR001,2025-10-29,3.36,11.8,88.21,0.21,3.92,203.76,1003.73,19743.56,1.03,3.942,2400.0,0.017,PM2.5-1HR
948,BEL_BETR012,2025-10-29,2.38,11.79,88.25,0.2,3.89,203.83,1003.81,4584.58,1.02,3.928,2400.0,0.456,PM2.5-1HR
948,BEL_BETREG1,2025-10-29,3.56,11.8,88.21,0.21,3.92,203.76,1003.73,7139.32,1.03,3.942,2400.0,0.02,PM2.5-1HR
948,BEL_BETREG1,2025-10-30,4.64,9.92,83.29,0.03,3.98,224.6,1008.68,7139.32,0.99,3.886,2400.0,0.02,PM2.5-1HR
948,BEL_BETB011,2025-10-30,3.92,9.92,83.29,0.03,3.98,224.6,1008.68,4791.88,0.99,3.886,2400.0,0.943,PM2.5-1HR
948,BEL_BETMEU1,2025-10-30,3.69,10.01,82.67,0.04,3.93,225.27,1008.54,2936.26,0.97,3.858,2400.0,0.194,PM2.5-1HR
948,BEL_BETN043,2025-10-30,3.77,9.92,83.29,0.03,3.98,224.6,1008.68,5270.67,0.99,3.886,2400.0,0.014,PM2.5-1HR
948,BEL_BETR001,2025-10-30,4.55,9.92,83.29,0.03,3.98,224.6,1008.68,19743.56,0.99,3.886,2400.0,0.017,PM2.5-1HR
948,BEL_BETR012,2025-10-30,3.68,9.76,84.04,0.04,3.93,224.1,1008.8,4584.58,1.04,3.956,2400.0,0.456,PM2.5-1HR
948,BEL_BETB011,2025-10-31,2.44,11.33,79.17,0,3.97,178.04,1009.97,4791.88,1.26,4.264,2400.0,0.943,PM2.5-1HR
948,BEL_BETMEU1,2025-10-31,2.68,11.44,78.46,0,3.93,178.5,1009.88,2936.26,1.3,4.32,2400.0,0.194,PM2.5-1HR
948,BEL_BETN043,2025-10-31,2.8,11.33,79.17,0,3.97,178.04,1009.97,5270.67,1.26,4.264,2400.0,0.014,PM2.5-1HR
948,BEL_BETR001,2025-10-31,2.89,11.33,79.17,0,3.97,178.04,1009.97,19743.56,1.26,4.264,2400.0,0.017,PM2.5-1HR
948,BEL_BETR012,2025-10-31,2.2,11.28,79.08,0,4.04,176.42,1010.04,4584.58,1.2,4.18,2400.0,0.456,PM2.5-1HR
948,BEL_BETREG1,2025-10-31,2.7,11.33,79.17,0,3.97,178.04,1009.97,7139.32,1.26,4.264,2400.0,0.02,PM2.5-1HR
948,BEL_BETB011,2025-11-01,1.89,12.66,85.92,0.25,5.07,197.96,1007.6,4791.88,0.44,3.116,2400.0,0.943,PM2.5-1HR
948,BEL_BETMEU1,2025-11-01,1.88,12.74,85.46,0.21,5.01,198.3,1007.46,2936.26,0.51,3.214,2400.0,0.194,PM2.5-1HR
948,BEL_BETN043,2025-11-01,1.88,12.66,85.92,0.25,5.07,197.96,1007.6,5270.67,0.44,3.116,2400.0,0.014,PM2.5-1HR
948,BEL_BETR001,2025-11-01,2.2,12.66,85.92,0.25,5.07,197.96,1007.6,19743.56,0.44,3.116,2400.0,0.017,PM2.5-1HR
948,BEL_BETR012,2025-11-01,1.7,12.53,86.67,0.31,5.09,197.4,1007.73,4584.58,0.45,3.13,2400.0,0.456,PM2.5-1HR
948,BEL_BETREG1,2025-11-01,2.23,12.66,85.92,0.25,5.07,197.96,1007.6,7139.32,0.44,3.116,2400.0,0.02,PM2.5-1HR
948,BEL_BETB011,2025-11-02,2.74,10.26,87.08,0.1,4.46,219.08,1010.84,4791.88,0.97,3.858,2400.0,0.943,PM2.5-1HR
948,BEL_BETMEU1,2025-11-02,2.73,10.35,87,0.15,4.44,219.31,1010.7,2936.26,1.01,3.914,2400.0,0.194,PM2.5-1HR
948,BEL_BETN043,2025-11-02,2.8,10.26,87.08,0.1,4.46,219.08,1010.84,5270.67,0.97,3.858,2400.0,0.014,PM2.5-1HR
948,BEL_BETR001,2025-11-02,3.11,10.26,87.08,0.1,4.46,219.08,1010.84,19743.56,0.97,3.858,2400.0,0.017,PM2.5-1HR
948,BEL_BETR012,2025-11-02,2.61,10.15,87.42,0.08,4.49,219.28,1010.98,4584.58,1,3.9,2400.0,0.456,PM2.5-1HR
948,BEL_BETREG1,2025-11-02,3.07,10.26,87.08,0.1,4.46,219.08,1010.84,7139.32,0.97,3.858,2400.0,0.02,PM2.5-1HR
948,BEL_BETB011,2025-11-03,4.11,9.68,87.79,0,4.9,209.67,1018.13,4791.88,2.56,6.084,2400.0,0.943,PM2.5-1HR
948,BEL_BETMEU1,2025-11-03,4.27,9.77,87.21,0,4.92,209.75,1017.93,2936.26,2.63,6.182,2400.0,0.194,PM2.5-1HR
948,BEL_BETN043,2025-11-03,4.63,9.68,87.79,0,4.9,209.67,1018.13,5270.67,2.56,6.084,2400.0,0.014,PM2.5-1HR
948,BEL_BETR001,2025-11-03,4.34,9.68,87.79,0,4.9,209.67,1018.13,19743.56,2.56,6.084,2400.0,0.017,PM2.5-1HR
948,BEL_BETR012,2025-11-03,3.55,9.57,88.21,0,4.88,209.41,1018.29,4584.58,2.52,6.028,2400.0,0.456,PM2.5-1HR
948,BEL_BETREG1,2025-11-03,4.43,9.68,87.79,0,4.9,209.67,1018.13,7139.32,2.56,6.084,2400.0,0.02,PM2.5-1HR
948,BEL_BETB011,2025-11-04,2.95,13.27,78.42,0,4.5,184.93,1017.63,4791.88,1.65,4.81,2400.0,0.943,PM2.5-1HR
948,BEL_BETMEU1,2025-11-04,3.26,13.45,77.54,0,4.5,185.59,1017.48,2936.26,1.7,4.88,2400.0,0.194,PM2.5-1HR
948,BEL_BETN043,2025-11-04,3.94,13.27,78.42,0,4.5,184.93,1017.63,5270.67,1.65,4.81,2400.0,0.014,PM2.5-1HR
948,BEL_BETR001,2025-11-04,3.42,13.27,78.42,0,4.5,184.93,1017.63,19743.56,1.65,4.81,2400.0,0.017,PM2.5-1HR
948,BEL_BETR012,2025-11-04,2.95,13.13,78.46,0,4.51,183.4,1017.75,4584.58,1.65,4.81,2400.0,0.456,PM2.5-1HR
948,BEL_BETREG1,2025-11-04,3.33,13.27,78.42,0,4.5,184.93,1017.63,7139.32,1.65,4.81,2400.0,0.02,PM2.5-1HR
948,BEL_BETB011,2025-11-05,2.45,13.8,67.63,0,3.82,170.14,1013.93,4791.88,1.44,4.516,2400.0,0.943,PM2.5-1HR
948,BEL_BETMEU1,2025-11-05,2.5,13.98,66.71,0,3.72,170.19,1013.86,2936.26,1.47,4.558,2400.0,0.194,PM2.5-1HR
948,BEL_BETN043,2025-11-05,2.65,13.8,67.63,0,3.82,170.14,1013.93,5270.67,1.44,4.516,2400.0,0.014,PM2.5-1HR
948,BEL_BETR001,2025-11-05,3.09,13.8,67.63,0,3.82,170.14,1013.93,19743.56,1.44,4.516,2400.0,0.017,PM2.5-1HR
948,BEL_BETR012,2025-11-05,2.06,13.65,67.17,0,3.89,168.51,1013.98,4584.58,1.45,4.53,2400.0,0.456,PM2.5-1HR
948,BEL_BETREG1,2025-11-05,2.44,13.8,67.63,0,3.82,170.14,1013.93,7139.32,1.44,4.516,2400.0,0.02,PM2.5-1HR
948,BEL_BETB011,2025-11-06,4.47,12.07,78.17,0,2.63,176.6,1008.92,4791.88,1.54,4.656,2400.0,0.943,PM2.5-1HR
948,BEL_BETMEU1,2025-11-06,4.89,11.94,78.38,0,2.33,175.44,1008.89,2936.26,1.61,4.754,2400.0,0.194,PM2.5-1HR
948,BEL_BETN043,2025-11-06,5.62,12.07,78.17,0,2.63,176.6,1008.92,5270.67,1.54,4.656,2400.0,0.014,PM2.5-1HR
948,BEL_BETR001,2025-11-06,5.52,12.07,78.17,0,2.63,176.6,1008.92,19743.56,1.54,4.656,2400.0,0.017,PM2.5-1HR
948,BEL_BETR012,2025-11-06,3.57,12.02,77.67,0,2.7,177.56,1008.93,4584.58,1.54,4.656,2400.0,0.456,PM2.5-1HR
948,BEL_BETREG1,2025-11-06,4.22,12.07,78.17,0,2.63,176.6,1008.92,7139.32,1.54,4.656,2400.0,0.02,PM2.5-1HR
948,BEL_BETB011,2025-11-07,5.84,11.69,85.71,0,2.45,176.14,1009.61,4791.88,1.85,5.09,2400.0,0.943,PM2.5-1HR
948,BEL_BETMEU1,2025-11-07,5.82,11.53,86.46,0,2.18,179.07,1009.57,2936.26,1.94,5.216,2400.0,0.194,PM2.5-1HR
948,BEL_BETN043,2025-11-07,7.27,11.69,85.71,0,2.45,176.14,1009.61,5270.67,1.85,5.09,2400.0,0.014,PM2.5-1HR
948,BEL_BETR001,2025-11-07,7.51,11.69,85.71,0,2.45,176.14,1009.61,19743.56,1.85,5.09,2400.0,0.017,PM2.5-1HR
948,BEL_BETR012,2025-11-07,4.84,11.51,85.71,0,2.42,172.83,1009.63,4584.58,1.83,5.062,2400.0,0.456,PM2.5-1HR
948,BEL_BETREG1,2025-11-07,5.31,11.69,85.71,0,2.45,176.14,1009.61,7139.32,1.85,5.09,2400.0,0.02,PM2.5-1HR
948,BEL_BETB011,2025-11-08,9.03,11.4,89.83,0,2.42,211.14,1013.58,4791.88,5.12,9.668,2400.0,0.943,PM2.5-1HR
948,BEL_BETMEU1,2025-11-08,8.94,11.4,89.67,0,2.31,213.61,1013.51,2936.26,5.31,9.934,2400.0,0.194,PM2.5-1HR
948,BEL_BETN043,2025-11-08,8.35,11.4,89.83,0,2.42,211.14,1013.58,5270.67,5.12,9.668,2400.0,0.014,PM2.5-1HR
948,BEL_BETR001,2025-11-08,9.76,11.4,89.83,0,2.42,211.14,1013.58,19743.56,5.12,9.668,2400.0,0.017,PM2.5-1HR
948,BEL_BETR012,2025-11-08,7.79,11.31,90.04,0,2.39,209.02,1013.63,4584.58,5.06,9.584,2400.0,0.456,PM2.5-1HR
948,BEL_BETB011,2025-11-09,12.41,10.06,90.79,0,2.66,228.72,1017.88,4791.88,7.19,12.566,2400.0,0.943,PM2.5-1HR
948,BEL_BETMEU1,2025-11-09,13.2,10.11,90.38,0,2.61,229.84,1017.8,2936.26,7.09,12.426,2400.0,0.194,PM2.5-1HR
948,BEL_BETN043,2025-11-09,12,10.06,90.79,0,2.66,228.72,1017.88,5270.67,7.19,12.566,2400.0,0.014,PM2.5-1HR
948,BEL_BETR001,2025-11-09,13.71,10.06,90.79,0,2.66,228.72,1017.88,19743.56,7.19,12.566,2400.0,0.017,PM2.5-1HR
948,BEL_BETR012,2025-11-09,12.82,9.99,91.29,0,2.57,230.3,1017.97,4584.58,7.11,12.454,2400.0,0.456,PM2.5-1HR
948,BEL_BETB011,2025-11-10,3.39,9.32,86.17,0.08,3.96,182.82,1012.42,4791.88,2.25,5.65,2400.0,0.943,PM2.5-1HR
948,BEL_BETMEU1,2025-11-10,3.74,9.42,85.92,0.24,3.91,182.92,1012.33,2936.26,2.3,5.72,2400.0,0.194,PM2.5-1HR
948,BEL_BETN043,2025-11-10,3.45,9.32,86.17,0.08,3.96,182.82,1012.42,5270.67,2.25,5.65,2400.0,0.014,PM2.5-1HR
948,BEL_BETR001,2025-11-10,3.68,9.32,86.17,0.08,3.96,182.82,1012.42,19743.56,2.25,5.65,2400.0,0.017,PM2.5-1HR
948,BEL_BETR012,2025-11-10,3.03,9.24,86.42,0.13,4.01,182.77,1012.49,4584.58,2.24,5.636,2400.0,0.456,PM2.5-1HR
948,BEL_BETREG1,2025-11-10,2.96,9.32,86.17,0.08,3.96,182.82,1012.42,7139.32,2.25,5.65,2400.0,0.02,PM2.5-1HR
948,BEL_BETB011,2025-11-11,4.02,10.45,88.13,0,4.59,196.03,1012.14,4791.88,1.91,5.174,2400.0,0.943,PM2.5-1HR
948,BEL_BETMEU1,2025-11-11,4.02,10.52,87.71,0,4.58,196.79,1012.03,2936.26,1.99,5.286,2400.0,0.194,PM2.5-1HR
948,BEL_BETN043,2025-11-11,3.65,10.45,88.13,0,4.59,196.03,1012.14,5270.67,1.91,5.174,2400.0,0.014,PM2.5-1HR
948,BEL_BETR001,2025-11-11,4.4,10.45,88.13,0,4.59,196.03,1012.14,19743.56,1.91,5.174,2400.0,0.017,PM2.5-1HR
948,BEL_BETR012,2025-11-11,3.74,10.38,88.46,0,4.59,195.17,1012.25,4584.58,1.92,5.188,2400.0,0.456,PM2.5-1HR
948,BEL_BETREG1,2025-11-11,4,10.45,88.13,0,4.59,196.03,1012.14,7139.32,1.91,5.174,2400.0,0.02,PM2.5-1HR
948,BEL_BETB011,2025-11-12,3.38,12.53,72.92,0,4.53,181.21,1009.58,4791.88,2.12,5.468,2400.0,0.943,PM2.5-1HR
948,BEL_BETMEU1,2025-11-12,4.5,12.65,71.83,0,4.43,182.92,1009.48,2936.26,2.14,5.496,2400.0,0.194,PM2.5-1HR
948,BEL_BETN043,2025-11-12,3.7,12.53,72.92,0,4.53,181.21,1009.58,5270.67,2.12,5.468,2400.0,0.014,PM2.5-1HR
948,BEL_BETR001,2025-11-12,3.88,12.53,72.92,0,4.53,181.21,1009.58,19743.56,2.12,5.468,2400.0,0.017,PM2.5-1HR
948,BEL_BETR012,2025-11-12,3.6,12.44,72.83,0,4.62,179.04,1009.67,4584.58,2.1,5.44,2400.0,0.456,PM2.5-1HR
948,BEL_BETREG1,2025-11-12,3.76,12.53,72.92,0,4.53,181.21,1009.58,7139.32,2.12,5.468,2400.0,0.02,PM2.5-1HR
948,BEL_BETB011,2025-11-13,4.04,14.09,76.46,0.04,3.79,191.91,1009.64,4791.88,1.95,5.23,2400.0,0.943,PM2.5-1HR
948,BEL_BETMEU1,2025-11-13,5.26,14.03,76.5,0.02,3.69,190.88,1009.55,2936.26,1.97,5.258,2400.0,0.194,PM2.5-1HR
948,BEL_BETN043,2025-11-13,4.39,14.09,76.46,0.04,3.79,191.91,1009.64,5270.67,1.95,5.23,2400.0,0.014,PM2.5-1HR
948,BEL_BETR001,2025-11-13,5.47,14.09,76.46,0.04,3.79,191.91,1009.64,19743.56,1.95,5.23,2400.0,0.017,PM2.5-1HR
948,BEL_BETR012,2025-11-13,3.55,14.13,75.54,0,3.81,191.09,1009.7,4584.58,1.91,5.174,2400.0,0.456,PM2.5-1HR
948,BEL_BETREG1,2025-11-13,4.04,14.09,76.46,0.04,3.79,191.91,1009.64,7139.32,1.95,5.23,2400.0,0.02,PM2.5-1HR
948,BEL_BETREG1,2025-11-14,8.87,14.56,74.79,0.04,3.23,173.18,1005.35,7139.32,4.15,8.31,2400.0,0.02,PM2.5-1HR
948,BEL_BETB011,2025-11-14,8.29,14.56,74.79,0.04,3.23,173.18,1005.35,4791.88,4.15,8.31,2400.0,0.943,PM2.5-1HR
948,BEL_BETMEU1,2025-11-14,9.71,14.35,75.75,0.03,2.99,170.25,1005.32,2936.26,4.44,8.716,2400.0,0.194,PM2.5-1HR
948,BEL_BETN043,2025-11-14,9.71,14.56,74.79,0.04,3.23,173.18,1005.35,5270.67,4.15,8.31,2400.0,0.014,PM2.5-1HR
948,BEL_BETR001,2025-11-14,11.21,14.56,74.79,0.04,3.23,173.18,1005.35,19743.56,4.15,8.31,2400.0,0.017,PM2.5-1HR
948,BEL_BETR012,2025-11-14,7.49,14.61,74.04,0.04,3.28,173.74,1005.35,4584.58,4.04,8.156,2400.0,0.456,PM2.5-1HR
948,BEL_BETREG1,2025-11-15,11.05,13.23,93.38,0.42,1.92,198.51,1007.54,7139.32,1.78,4.992,2400.0,0.02,PM2.5-1HR
948,BEL_BETB011,2025-11-15,11.07,13.23,93.38,0.42,1.92,198.51,1007.54,4791.88,1.78,4.992,2400.0,0.943,PM2.5-1HR
948,BEL_BETMEU1,2025-11-15,9.59,13.22,94.25,0.34,1.73,211.71,1007.53,2936.26,1.93,5.202,2400.0,0.194,PM2.5-1HR
948,BEL_BETN043,2025-11-15,8.28,13.23,93.38,0.42,1.92,198.51,1007.54,5270.67,1.78,4.992,2400.0,0.014,PM2.5-1HR
948,BEL_BETR001,2025-11-15,11.25,13.23,93.38,0.42,1.92,198.51,1007.54,19743.56,1.78,4.992,2400.0,0.017,PM2.5-1HR
948,BEL_BETR012,2025-11-15,9.65,13.08,93.58,0.54,2.02,198.27,1007.58,4584.58,1.76,4.964,2400.0,0.456,PM2.5-1HR
948,BEL_BETB011,2025-11-16,7.7,8.59,92.33,0.34,2.36,4.47,1008.9,4791.88,0.63,3.382,2400.0,0.943,PM2.5-1HR
948,BEL_BETREG1,2025-11-16,6.05,8.59,92.33,0.34,2.36,4.47,1008.9,7139.32,0.63,3.382,2400.0,0.02,PM2.5-1HR
948,BEL_BETMEU1,2025-11-16,5.46,8.49,91.33,0.34,2.31,4.6,1008.97,2936.26,0.65,3.41,2400.0,0.194,PM2.5-1HR
948,BEL_BETN043,2025-11-16,4.62,8.59,92.33,0.34,2.36,4.47,1008.9,5270.67,0.63,3.382,2400.0,0.014,PM2.5-1HR
948,BEL_BETR001,2025-11-16,6.73,8.59,92.33,0.34,2.36,4.47,1008.9,19743.56,0.63,3.382,2400.0,0.017,PM2.5-1HR
948,BEL_BETR012,2025-11-16,5.24,8.7,92.75,0.35,2.36,1.05,1008.85,4584.58,0.65,3.41,2400.0,0.456,PM2.5-1HR
948,BEL_BETB011,2025-11-17,5.12,4.99,79.54,0.04,2.94,319.5,1016.43,4791.88,1.46,4.544,2400.0,0.943,PM2.5-1HR
948,BEL_BETREG1,2025-11-17,4.74,4.99,79.54,0.04,2.94,319.5,1016.43,7139.32,1.46,4.544,2400.0,0.02,PM2.5-1HR
948,BEL_BETMEU1,2025-11-17,4.39,4.75,79.17,0.02,2.76,314.49,1016.39,2936.26,1.5,4.6,2400.0,0.194,PM2.5-1HR
948,BEL_BETN043,2025-11-17,3.42,4.99,79.54,0.04,2.94,319.5,1016.43,5270.67,1.46,4.544,2400.0,0.014,PM2.5-1HR
948,BEL_BETR001,2025-11-17,5.21,4.99,79.54,0.04,2.94,319.5,1016.43,19743.56,1.46,4.544,2400.0,0.017,PM2.5-1HR
948,BEL_BETR012,2025-11-17,4.59,4.78,80.04,0.04,2.9,320.66,1016.46,4584.58,1.47,4.558,2400.0,0.456,PM2.5-1HR
948,BEL_BETREG1,2025-11-18,9.53,2.98,91.08,0.05,3.74,225.8,1018.63,7139.32,3.46,7.344,2400.0,0.02,PM2.5-1HR
948,BEL_BETB011,2025-11-18,9.35,2.98,91.08,0.05,3.74,225.8,1018.63,4791.88,3.46,7.344,2400.0,0.943,PM2.5-1HR
948,BEL_BETMEU1,2025-11-18,10.66,3.14,90.33,0.08,3.64,225.88,1018.48,2936.26,3.18,6.952,2400.0,0.194,PM2.5-1HR
948,BEL_BETN043,2025-11-18,9.53,2.98,91.08,0.05,3.74,225.8,1018.63,5270.67,3.46,7.344,2400.0,0.014,PM2.5-1HR
948,BEL_BETR001,2025-11-18,10.39,2.98,91.08,0.05,3.74,225.8,1018.63,19743.56,3.46,7.344,2400.0,0.017,PM2.5-1HR
948,BEL_BETR012,2025-11-18,8.57,2.7,92.29,0.07,3.6,224.09,1018.78,4584.58,3.79,7.806,2400.0,0.456,PM2.5-1HR
948,BEL_BETREG1,2025-11-19,3.77,4.72,92.63,0.18,4.22,237.8,1004.02,7139.32,0.79,3.606,2400.0,0.02,PM2.5-1HR
948,BEL_BETB011,2025-11-19,3.7,4.72,92.63,0.18,4.22,237.8,1004.02,4791.88,0.79,3.606,2400.0,0.943,PM2.5-1HR
948,BEL_BETMEU1,2025-11-19,3.66,4.88,91.63,0.18,4.31,239.32,1003.91,2936.26,0.84,3.676,2400.0,0.194,PM2.5-1HR
948,BEL_BETN043,2025-11-19,2.9,4.72,92.63,0.18,4.22,237.8,1004.02,5270.67,0.79,3.606,2400.0,0.014,PM2.5-1HR
948,BEL_BETR001,2025-11-19,3.54,4.72,92.63,0.18,4.22,237.8,1004.02,19743.56,0.79,3.606,2400.0,0.017,PM2.5-1HR
948,BEL_BETR012,2025-11-19,3.3,4.52,93.96,0.2,4.14,235.22,1004.14,4584.58,0.85,3.69,2400.0,0.456,PM2.5-1HR
948,BEL_BETREG1,2025-11-20,4.12,1.55,94.54,0.12,2.66,254.32,1010.26,7139.32,0.34,2.976,2400.0,0.02,PM2.5-1HR
948,BEL_BETB011,2025-11-20,3.67,1.55,94.54,0.12,2.66,254.32,1010.26,4791.88,0.34,2.976,2400.0,0.943,PM2.5-1HR
948,BEL_BETMEU1,2025-11-20,3.94,1.75,94.33,0.08,2.53,252.87,1010.17,2936.26,0.34,2.976,2400.0,0.194,PM2.5-1HR
948,BEL_BETN043,2025-11-20,3.1,1.55,94.54,0.12,2.66,254.32,1010.26,5270.67,0.34,2.976,2400.0,0.014,PM2.5-1HR
948,BEL_BETR001,2025-11-20,4.1,1.55,94.54,0.12,2.66,254.32,1010.26,19743.56,0.34,2.976,2400.0,0.017,PM2.5-1HR
948,BEL_BETR012,2025-11-20,3.98,1.26,95.67,0.1,2.74,254.94,1010.38,4584.58,0.34,2.976,2400.0,0.456,PM2.5-1HR
948,BEL_BETMEU1,2025-11-21,21.01,1.01,95.38,0,1.71,336.46,1022.75,2936.26,4.01,8.114,2400.0,0.194,PM2.5-1HR
948,BEL_BETREG1,2025-11-21,19.46,1.25,95.38,0.01,1.84,346.88,1022.75,7139.32,4.06,8.184,2400.0,0.02,PM2.5-1HR
948,BEL_BETB011,2025-11-21,18.6,1.25,95.38,0.01,1.84,346.88,1022.75,4791.88,4.06,8.184,2400.0,0.943,PM2.5-1HR
948,BEL_BETN043,2025-11-21,16.24,1.25,95.38,0.01,1.84,346.88,1022.75,5270.67,4.06,8.184,2400.0,0.014,PM2.5-1HR
948,BEL_BETR001,2025-11-21,19.89,1.25,95.38,0.01,1.84,346.88,1022.75,19743.56,4.06,8.184,2400.0,0.017,PM2.5-1HR
948,BEL_BETR012,2025-11-21,19.33,1.15,95.79,0.01,1.83,348.36,1022.75,4584.58,4.08,8.212,2400.0,0.456,PM2.5-1HR
948,BEL_BETB011,2025-12-04,3.6,6.1,89.5,0.05,3.87,168.55,1005.39,4791.88,0.7,3.48,2400.0,0.943,PM2.5-1HR
948,BEL_BETMEU1,2025-12-04,4.14,6.14,89.46,0.05,3.73,168.16,1005.34,2936.26,0.73,3.522,2400.0,0.194,PM2.5-1HR
948,BEL_BETN043,2025-12-04,2.08,6.1,89.5,0.05,3.87,168.55,1005.39,5270.67,0.7,3.48,2400.0,0.014,PM2.5-1HR
948,BEL_BETR001,2025-12-04,4,6.1,89.5,0.05,3.87,168.55,1005.39,19743.56,0.7,3.48,2400.0,0.017,PM2.5-1HR
948,BEL_BETR012,2025-12-04,3.4,5.95,90.21,0.05,3.88,168.94,1005.43,4584.58,0.73,3.522,2400.0,0.456,PM2.5-1HR
948,BEL_BETREG1,2025-12-04,3.76,6.1,89.5,0.05,3.87,168.55,1005.39,7139.32,0.7,3.48,2400.0,0.02,PM2.5-1HR
948,BEL_BETB011,2025-12-05,7.96,4.11,92.88,0,3.72,192.06,1009.17,4791.88,3.6,7.54,2400.0,0.943,PM2.5-1HR
948,BEL_BETMEU1,2025-12-05,7.95,4.12,92.42,0.02,3.61,192.91,1009.09,2936.26,3.77,7.778,2400.0,0.194,PM2.5-1HR
948,BEL_BETN043,2025-12-05,6.72,4.11,92.88,0,3.72,192.06,1009.17,5270.67,3.6,7.54,2400.0,0.014,PM2.5-1HR
948,BEL_BETR001,2025-12-05,8.21,4.11,92.88,0,3.72,192.06,1009.17,19743.56,3.6,7.54,2400.0,0.017,PM2.5-1HR
948,BEL_BETR012,2025-12-05,6.48,4.06,93.13,0,3.7,190.89,1009.25,4584.58,3.67,7.638,2400.0,0.456,PM2.5-1HR
948,BEL_BETREG1,2025-12-05,7.51,4.11,92.88,0,3.72,192.06,1009.17,7139.32,3.6,7.54,2400.0,0.02,PM2.5-1HR
948,BEL_BETB011,2025-12-06,4.13,8.43,85.63,0.13,6.06,207.07,1002.63,4791.88,0.15,2.71,2400.0,0.943,PM2.5-1HR
948,BEL_BETMEU1,2025-12-06,4.77,8.48,85.5,0.2,6.16,207.23,1002.42,2936.26,0.17,2.738,2400.0,0.194,PM2.5-1HR
948,BEL_BETR001,2025-12-06,4.43,8.43,85.63,0.13,6.06,207.07,1002.63,19743.56,0.15,2.71,2400.0,0.017,PM2.5-1HR
948,BEL_BETR012,2025-12-06,4.05,8.37,85.83,0.24,6.05,207.16,1002.81,4584.58,0.12,2.668,2400.0,0.456,PM2.5-1HR
948,BEL_BETREG1,2025-12-06,4.63,8.43,85.63,0.13,6.06,207.07,1002.63,7139.32,0.15,2.71,2400.0,0.02,PM2.5-1HR
948,BEL_BETB011,2025-12-07,3.12,10.83,91.21,0.28,5.24,213.03,1006.03,4791.88,0.13,2.682,2400.0,0.943,PM2.5-1HR
948,BEL_BETMEU1,2025-12-07,3.38,10.89,90.75,0.18,5.24,213.06,1005.85,2936.26,0.14,2.696,2400.0,0.194,PM2.5-1HR
948,BEL_BETR001,2025-12-07,3.18,10.83,91.21,0.28,5.24,213.03,1006.03,19743.56,0.13,2.682,2400.0,0.017,PM2.5-1HR
948,BEL_BETR012,2025-12-07,2.94,10.75,91.75,0.24,5.26,213.81,1006.18,4584.58,0.12,2.668,2400.0,0.456,PM2.5-1HR
948,BEL_BETREG1,2025-12-07,3.2,10.83,91.21,0.28,5.24,213.03,1006.03,7139.32,0.13,2.682,2400.0,0.02,PM2.5-1HR
948,BEL_BETB011,2025-12-08,2.53,12.38,93.08,0.43,4.68,221.56,1012.19,4791.88,0.31,2.934,2400.0,0.943,PM2.5-1HR
948,BEL_BETMEU1,2025-12-08,3.07,12.34,93.13,0.47,4.54,221.14,1012.02,2936.26,0.36,3.004,2400.0,0.194,PM2.5-1HR
948,BEL_BETN043,2025-12-08,0.67,12.38,93.08,0.43,4.68,221.56,1012.19,5270.67,0.31,2.934,2400.0,0.014,PM2.5-1HR
948,BEL_BETR001,2025-12-08,2.63,12.38,93.08,0.43,4.68,221.56,1012.19,19743.56,0.31,2.934,2400.0,0.017,PM2.5-1HR
948,BEL_BETR012,2025-12-08,2.44,12.35,93.63,0.43,4.66,222.83,1012.31,4584.58,0.27,2.878,2400.0,0.456,PM2.5-1HR
948,BEL_BETREG1,2025-12-08,3.01,12.38,93.08,0.43,4.68,221.56,1012.19,7139.32,0.31,2.934,2400.0,0.02,PM2.5-1HR
948,BEL_BETB011,2025-12-09,2.18,12.44,80.42,0.02,4.94,196.55,1011.75,4791.88,1.7,4.88,2400.0,0.943,PM2.5-1HR
948,BEL_BETMEU1,2025-12-09,2.52,12.56,80.04,0.03,4.94,197.13,1011.58,2936.26,1.78,4.992,2400.0,0.194,PM2.5-1HR
948,BEL_BETN043,2025-12-09,2.91,12.44,80.42,0.02,4.94,196.55,1011.75,5270.67,1.7,4.88,2400.0,0.014,PM2.5-1HR
948,BEL_BETR001,2025-12-09,2.26,12.44,80.42,0.02,4.94,196.55,1011.75,19743.56,1.7,4.88,2400.0,0.017,PM2.5-1HR
948,BEL_BETR012,2025-12-09,1.74,12.34,80.33,0.02,4.93,195.55,1011.87,4584.58,1.69,4.866,2400.0,0.456,PM2.5-1HR
948,BEL_BETREG1,2025-12-09,2.36,12.44,80.42,0.02,4.94,196.55,1011.75,7139.32,1.7,4.88,2400.0,0.02,PM2.5-1HR
948,BEL_BETB011,2025-12-10,6.83,11.72,86.75,0.01,4.07,222.99,1017.94,4791.88,4.04,8.156,2400.0,0.943,PM2.5-1HR
948,BEL_BETMEU1,2025-12-10,8.06,11.81,86.08,0,4.04,223.4,1017.81,2936.26,4.38,8.632,2400.0,0.194,PM2.5-1HR
948,BEL_BETN043,2025-12-10,8.99,11.72,86.75,0.01,4.07,222.99,1017.94,5270.67,4.04,8.156,2400.0,0.014,PM2.5-1HR
948,BEL_BETR001,2025-12-10,7.95,11.72,86.75,0.01,4.07,222.99,1017.94,19743.56,4.04,8.156,2400.0,0.017,PM2.5-1HR
948,BEL_BETR012,2025-12-10,6.74,11.65,86.83,0,4.04,223.65,1018.08,4584.58,4.15,8.31,2400.0,0.456,PM2.5-1HR
948,BEL_BETREG1,2025-12-10,7.95,11.72,86.75,0.01,4.07,222.99,1017.94,7139.32,4.04,8.156,2400.0,0.02,PM2.5-1HR
948,BEL_BETB011,2025-12-11,6.85,7.31,94.63,0,3.19,195.62,1023.14,4791.88,5.12,9.668,2400.0,0.943,PM2.5-1HR
948,BEL_BETMEU1,2025-12-11,8.32,7.36,94.21,0,3.07,196.04,1023.06,2936.26,5.33,9.962,2400.0,0.194,PM2.5-1HR
948,BEL_BETN043,2025-12-11,7.85,7.31,94.63,0,3.19,195.62,1023.14,5270.67,5.12,9.668,2400.0,0.014,PM2.5-1HR
948,BEL_BETR001,2025-12-11,8.23,7.31,94.63,0,3.19,195.62,1023.14,19743.56,5.12,9.668,2400.0,0.017,PM2.5-1HR
948,BEL_BETR012,2025-12-11,7.07,7.27,94.88,0,3.16,194.07,1023.2,4584.58,5.02,9.528,2400.0,0.456,PM2.5-1HR
948,BEL_BETREG1,2025-12-11,7.45,7.31,94.63,0,3.19,195.62,1023.14,7139.32,5.12,9.668,2400.0,0.02,PM2.5-1HR
948,BEL_BETB011,2025-12-12,8.31,9,91.17,0,3.11,178.54,1020.64,4791.88,6.02,10.928,2400.0,0.943,PM2.5-1HR
948,BEL_BETMEU1,2025-12-12,9.72,8.97,90.83,0,2.97,177.77,1020.59,2936.26,6.28,11.292,2400.0,0.194,PM2.5-1HR
948,BEL_BETN043,2025-12-12,10.35,9,91.17,0,3.11,178.54,1020.64,5270.67,6.02,10.928,2400.0,0.014,PM2.5-1HR
948,BEL_BETR001,2025-12-12,8.75,9,91.17,0,3.11,178.54,1020.64,19743.56,6.02,10.928,2400.0,0.017,PM2.5-1HR
948,BEL_BETR012,2025-12-12,7.91,8.95,91.38,0,3.06,179.81,1020.69,4584.58,5.97,10.858,2400.0,0.456,PM2.5-1HR
948,BEL_BETREG1,2025-12-12,8.92,9,91.17,0,3.11,178.54,1020.64,7139.32,6.02,10.928,2400.0,0.02,PM2.5-1HR
948,BEL_BETB011,2025-12-13,18.38,7.79,96.71,0.01,1.81,225.23,1027.66,4791.88,12.54,20.056,2400.0,0.943,PM2.5-1HR
948,BEL_BETMEU1,2025-12-13,22.02,7.7,96.25,0,1.81,224.19,1027.6,2936.26,12.43,19.902,2400.0,0.194,PM2.5-1HR
948,BEL_BETR001,2025-12-13,21.12,7.79,96.71,0.01,1.81,225.23,1027.66,19743.56,12.54,20.056,2400.0,0.017,PM2.5-1HR
948,BEL_BETR012,2025-12-13,19.44,7.73,97.04,0.01,1.76,227.03,1027.7,4584.58,12.53,20.042,2400.0,0.456,PM2.5-1HR
948,BEL_BETREG1,2025-12-13,18.57,7.79,96.71,0.01,1.81,225.23,1027.66,7139.32,12.54,20.056,2400.0,0.02,PM2.5-1HR
948,BEL_BETB011,2025-12-14,7.5,6.98,93.08,0,3.58,194.66,1023.99,4791.88,3.39,7.246,2400.0,0.943,PM2.5-1HR
948,BEL_BETMEU1,2025-12-14,9.18,7.05,92.58,0,3.52,195.24,1023.9,2936.26,3.45,7.33,2400.0,0.194,PM2.5-1HR
948,BEL_BETR001,2025-12-14,8.87,6.98,93.08,0,3.58,194.66,1023.99,19743.56,3.39,7.246,2400.0,0.017,PM2.5-1HR
948,BEL_BETR012,2025-12-14,6.77,6.93,93,0,3.57,193.46,1024.08,4584.58,3.36,7.204,2400.0,0.456,PM2.5-1HR
948,BEL_BETREG1,2025-12-14,7.56,6.98,93.08,0,3.58,194.66,1023.99,7139.32,3.39,7.246,2400.0,0.02,PM2.5-1HR
948,BEL_BETB011,2025-12-15,5.68,7.47,85.83,0,4.26,184.13,1013.83,4791.88,3.76,7.764,2400.0,0.943,PM2.5-1HR
948,BEL_BETMEU1,2025-12-15,6.35,7.55,85,0,4.25,185.13,1013.72,2936.26,3.9,7.96,2400.0,0.194,PM2.5-1HR
948,BEL_BETN043,2025-12-15,6.39,7.47,85.83,0,4.26,184.13,1013.83,5270.67,3.76,7.764,2400.0,0.014,PM2.5-1HR
948,BEL_BETR001,2025-12-15,6.27,7.47,85.83,0,4.26,184.13,1013.83,19743.56,3.76,7.764,2400.0,0.017,PM2.5-1HR
948,BEL_BETR012,2025-12-15,5.58,7.41,85.79,0,4.24,182.71,1013.9,4584.58,3.79,7.806,2400.0,0.456,PM2.5-1HR
948,BEL_BETREG1,2025-12-15,5.92,7.47,85.83,0,4.26,184.13,1013.83,7139.32,3.76,7.764,2400.0,0.02,PM2.5-1HR
948,BEL_BETB011,2025-12-16,7.09,9.97,78.67,0.1,3.35,177.89,1011.64,4791.88,4.5,8.8,2400.0,0.943,PM2.5-1HR
948,BEL_BETMEU1,2025-12-16,6.29,9.82,79.67,0.01,3.14,180.38,1011.59,2936.26,4.64,8.996,2400.0,0.194,PM2.5-1HR
948,BEL_BETN043,2025-12-16,8.14,9.97,78.67,0.1,3.35,177.89,1011.64,5270.67,4.5,8.8,2400.0,0.014,PM2.5-1HR
948,BEL_BETR001,2025-12-16,7.2,9.97,78.67,0.1,3.35,177.89,1011.64,19743.56,4.5,8.8,2400.0,0.017,PM2.5-1HR
948,BEL_BETR012,2025-12-16,5.32,9.96,77.67,0.06,3.37,175.47,1011.67,4584.58,4.48,8.772,2400.0,0.456,PM2.5-1HR
948,BEL_BETREG1,2025-12-16,5.81,9.97,78.67,0.1,3.35,177.89,1011.64,7139.32,4.5,8.8,2400.0,0.02,PM2.5-1HR
948,BEL_BETB011,2025-12-17,12.93,7.73,90.92,0,3.39,211.47,1017.58,4791.88,7.28,12.692,2400.0,0.943,PM2.5-1HR
948,BEL_BETMEU1,2025-12-17,13.77,7.86,90.29,0,3.24,211.02,1017.47,2936.26,7.63,13.182,2400.0,0.194,PM2.5-1HR
948,BEL_BETN043,2025-12-17,12,7.73,90.92,0,3.39,211.47,1017.58,5270.67,7.28,12.692,2400.0,0.014,PM2.5-1HR
948,BEL_BETR001,2025-12-17,13.38,7.73,90.92,0,3.39,211.47,1017.58,19743.56,7.28,12.692,2400.0,0.017,PM2.5-1HR
948,BEL_BETR012,2025-12-17,11.52,7.54,91.42,0.01,3.37,210.92,1017.68,4584.58,7.04,12.356,2400.0,0.456,PM2.5-1HR
948,BEL_BETREG1,2025-12-17,12.88,7.73,90.92,0,3.39,211.47,1017.58,7139.32,7.28,12.692,2400.0,0.02,PM2.5-1HR
948,BEL_BETB011,2025-12-18,3.86,10.14,77.83,0,6.05,192.02,1013.95,4791.88,2.42,5.888,2400.0,0.943,PM2.5-1HR
948,BEL_BETMEU1,2025-12-18,5.3,10.31,76.38,0,6.05,192.36,1013.77,2936.26,2.5,6.0,2400.0,0.194,PM2.5-1HR
948,BEL_BETN043,2025-12-18,4.68,10.14,77.83,0,6.05,192.02,1013.95,5270.67,2.42,5.888,2400.0,0.014,PM2.5-1HR
948,BEL_BETR001,2025-12-18,3.95,10.14,77.83,0,6.05,192.02,1013.95,19743.56,2.42,5.888,2400.0,0.017,PM2.5-1HR
948,BEL_BETR012,2025-12-18,3.44,10.1,77.83,0,6.01,191.35,1014.11,4584.58,2.34,5.776,2400.0,0.456,PM2.5-1HR
948,BEL_BETREG1,2025-12-18,4.74,10.14,77.83,0,6.05,192.02,1013.95,7139.32,2.42,5.888,2400.0,0.02,PM2.5-1HR
948,BEL_BETB011,2025-12-19,4.26,9.65,89.79,0.21,4.01,219.6,1016.87,4791.88,0.29,2.906,2400.0,0.943,PM2.5-1HR
948,BEL_BETMEU1,2025-12-19,4.9,9.66,90.08,0.2,3.91,220.55,1016.74,2936.26,0.3,2.92,2400.0,0.194,PM2.5-1HR
948,BEL_BETN043,2025-12-19,3.98,9.65,89.79,0.21,4.01,219.6,1016.87,5270.67,0.29,2.906,2400.0,0.014,PM2.5-1HR
948,BEL_BETR001,2025-12-19,4.84,9.65,89.79,0.21,4.01,219.6,1016.87,19743.56,0.29,2.906,2400.0,0.017,PM2.5-1HR
948,BEL_BETR012,2025-12-19,4.71,9.48,90.75,0.2,3.92,220.2,1016.98,4584.58,0.33,2.962,2400.0,0.456,PM2.5-1HR
948,BEL_BETREG1,2025-12-19,4.56,9.65,89.79,0.21,4.01,219.6,1016.87,7139.32,0.29,2.906,2400.0,0.02,PM2.5-1HR
948,BEL_BETB011,2025-12-20,10.5,5.31,94.79,0,2.4,128.18,1016.01,4791.88,6.57,11.698,2400.0,0.943,PM2.5-1HR
948,BEL_BETMEU1,2025-12-20,12.52,5.21,94.04,0,2.16,129.32,1016.04,2936.26,7.14,12.496,2400.0,0.194,PM2.5-1HR
948,BEL_BETN043,2025-12-20,9.23,5.31,94.79,0,2.4,128.18,1016.01,5270.67,6.57,11.698,2400.0,0.014,PM2.5-1HR
948,BEL_BETR001,2025-12-20,12,5.31,94.79,0,2.4,128.18,1016.01,19743.56,6.57,11.698,2400.0,0.017,PM2.5-1HR
948,BEL_BETR012,2025-12-20,7.96,5.19,95.42,0,2.34,125.77,1015.95,4584.58,6.25,11.25,2400.0,0.456,PM2.5-1HR
948,BEL_BETREG1,2025-12-20,8.85,5.31,94.79,0,2.4,128.18,1016.01,7139.32,6.57,11.698,2400.0,0.02,PM2.5-1HR
948,BEL_BETB011,2025-12-21,9.82,8.73,91.79,0,2.99,110.29,1009.68,4791.88,6.69,11.866,2400.0,0.943,PM2.5-1HR
948,BEL_BETMEU1,2025-12-21,11.04,8.38,92.21,0,2.75,106.15,1009.76,2936.26,7.01,12.314,2400.0,0.194,PM2.5-1HR
948,BEL_BETN043,2025-12-21,8.8,8.73,91.79,0,2.99,110.29,1009.68,5270.67,6.69,11.866,2400.0,0.014,PM2.5-1HR
948,BEL_BETR001,2025-12-21,11.04,8.73,91.79,0,2.99,110.29,1009.68,19743.56,6.69,11.866,2400.0,0.017,PM2.5-1HR
948,BEL_BETR012,2025-12-21,7.3,8.91,91.54,0,2.93,114.63,1009.6,4584.58,6.31,11.334,2400.0,0.456,PM2.5-1HR
948,BEL_BETREG1,2025-12-21,8.58,8.73,91.79,0,2.99,110.29,1009.68,7139.32,6.69,11.866,2400.0,0.02,PM2.5-1HR
948,BEL_BETB011,2025-12-22,9.93,5,85.04,0,2.3,88.47,1009.65,4791.88,5.15,9.71,2400.0,0.943,PM2.5-1HR
948,BEL_BETMEU1,2025-12-22,10.86,4.7,85.54,0,2.07,90.09,1009.73,2936.26,5.34,9.976,2400.0,0.194,PM2.5-1HR
948,BEL_BETN043,2025-12-22,9.51,5,85.04,0,2.3,88.47,1009.65,5270.67,5.15,9.71,2400.0,0.014,PM2.5-1HR
948,BEL_BETR001,2025-12-22,10.57,5,85.04,0,2.3,88.47,1009.65,19743.56,5.15,9.71,2400.0,0.017,PM2.5-1HR
948,BEL_BETR012,2025-12-22,8.07,5.12,84.17,0,2.21,84.81,1009.56,4584.58,4.84,9.276,2400.0,0.456,PM2.5-1HR
948,BEL_BETREG1,2025-12-22,9.09,5,85.04,0,2.3,88.47,1009.65,7139.32,5.15,9.71,2400.0,0.02,PM2.5-1HR
948,BEL_BETB011,2025-12-23,11.45,3.47,84.67,0,4.03,69.88,1016.36,4791.88,5.89,10.746,2400.0,0.943,PM2.5-1HR
948,BEL_BETREG1,2025-12-23,11.11,3.47,84.67,0,4.03,69.88,1016.36,7139.32,5.89,10.746,2400.0,0.02,PM2.5-1HR
948,BEL_BETMEU1,2025-12-23,11.83,3.68,83,0,3.93,68.42,1016.48,2936.26,5.97,10.858,2400.0,0.194,PM2.5-1HR
948,BEL_BETN043,2025-12-23,9.76,3.47,84.67,0,4.03,69.88,1016.36,5270.67,5.89,10.746,2400.0,0.014,PM2.5-1HR
948,BEL_BETR001,2025-12-23,11.81,3.47,84.67,0,4.03,69.88,1016.36,19743.56,5.89,10.746,2400.0,0.017,PM2.5-1HR
948,BEL_BETR012,2025-12-23,10.71,3.19,84.88,0,4,70.34,1016.24,4584.58,5.96,10.844,2400.0,0.456,PM2.5-1HR
948,BEL_BETB011,2025-12-24,6.8,1.11,73.38,0,5.88,54,1028.29,4791.88,3.12,6.868,2400.0,0.943,PM2.5-1HR
948,BEL_BETREG1,2025-12-24,7.08,1.11,73.38,0,5.88,54,1028.29,7139.32,3.12,6.868,2400.0,0.02,PM2.5-1HR
948,BEL_BETMEU1,2025-12-24,7.22,1.2,71.75,0,5.88,54.25,1028.56,2936.26,3.08,6.812,2400.0,0.194,PM2.5-1HR
948,BEL_BETN043,2025-12-24,6.13,1.11,73.38,0,5.88,54,1028.29,5270.67,3.12,6.868,2400.0,0.014,PM2.5-1HR
948,BEL_BETR001,2025-12-24,7.8,1.11,73.38,0,5.88,54,1028.29,19743.56,3.12,6.868,2400.0,0.017,PM2.5-1HR
948,BEL_BETR012,2025-12-24,6.55,1.06,73,0,5.9,54.25,1028.01,4584.58,3.11,6.854,2400.0,0.456,PM2.5-1HR
948,BEL_BETB011,2025-12-25,9.93,-2.15,65.38,0,4.89,60.54,1027.85,4791.88,3.21,6.994,2400.0,0.943,PM2.5-1HR
948,BEL_BETREG1,2025-12-25,9.88,-2.15,65.38,0,4.89,60.54,1027.85,7139.32,3.21,6.994,2400.0,0.02,PM2.5-1HR
948,BEL_BETMEU1,2025-12-25,9.95,-2.14,65.13,0,4.89,60.54,1028.08,2936.26,3.15,6.91,2400.0,0.194,PM2.5-1HR
948,BEL_BETN043,2025-12-25,8.25,-2.15,65.38,0,4.89,60.54,1027.85,5270.67,3.21,6.994,2400.0,0.014,PM2.5-1HR
948,BEL_BETR001,2025-12-25,10.55,-2.15,65.38,0,4.89,60.54,1027.85,19743.56,3.21,6.994,2400.0,0.017,PM2.5-1HR
948,BEL_BETR012,2025-12-25,10.13,-2.25,65.92,0,4.85,60.58,1027.62,4584.58,3.19,6.966,2400.0,0.456,PM2.5-1HR
948,BEL_BETB011,2025-12-26,19.76,-1.23,76.42,0,3.29,65.67,1029.04,4791.88,16.74,25.936,2400.0,0.943,PM2.5-1HR
948,BEL_BETREG1,2025-12-26,19.61,-1.23,76.42,0,3.29,65.67,1029.04,7139.32,16.74,25.936,2400.0,0.02,PM2.5-1HR
948,BEL_BETMEU1,2025-12-26,20.34,-1.34,76.75,0,3.11,63.62,1029.17,2936.26,16.74,25.936,2400.0,0.194,PM2.5-1HR
948,BEL_BETN043,2025-12-26,17.32,-1.23,76.42,0,3.29,65.67,1029.04,5270.67,16.74,25.936,2400.0,0.014,PM2.5-1HR
948,BEL_BETR001,2025-12-26,20.27,-1.23,76.42,0,3.29,65.67,1029.04,19743.56,16.74,25.936,2400.0,0.017,PM2.5-1HR
948,BEL_BETR012,2025-12-26,19.13,-1.41,77.71,0,3.26,66.55,1028.9,4584.58,16.54,25.656,2400.0,0.456,PM2.5-1HR
948,BEL_BETREG1,2025-12-27,15.36,0.38,79.13,0,3.41,52.68,1032.69,7139.32,5.96,10.844,2400.0,0.02,PM2.5-1HR
948,BEL_BETB011,2025-12-27,14.23,0.38,79.13,0,3.41,52.68,1032.69,4791.88,5.96,10.844,2400.0,0.943,PM2.5-1HR
948,BEL_BETMEU1,2025-12-27,15.16,0.29,79.88,0,3.15,53.06,1032.83,2936.26,5.75,10.55,2400.0,0.194,PM2.5-1HR
948,BEL_BETN043,2025-12-27,12.46,0.38,79.13,0,3.41,52.68,1032.69,5270.67,5.96,10.844,2400.0,0.014,PM2.5-1HR
948,BEL_BETR001,2025-12-27,15.6,0.38,79.13,0,3.41,52.68,1032.69,19743.56,5.96,10.844,2400.0,0.017,PM2.5-1HR
948,BEL_BETR012,2025-12-27,14.53,0.37,78.5,0,3.46,55.13,1032.53,4584.58,6.02,10.928,2400.0,0.456,PM2.5-1HR
948,BEL_BETREG1,2025-12-28,12.91,2.78,88.92,0,2.81,57.69,1031.22,7139.32,8.11,13.854,2400.0,0.02,PM2.5-1HR
948,BEL_BETB011,2025-12-28,12.25,2.78,88.92,0,2.81,57.69,1031.22,4791.88,8.11,13.854,2400.0,0.943,PM2.5-1HR
948,BEL_BETMEU1,2025-12-28,13.73,2.7,89.25,0,2.56,56.99,1031.31,2936.26,8.34,14.176,2400.0,0.194,PM2.5-1HR
948,BEL_BETN043,2025-12-28,11.08,2.78,88.92,0,2.81,57.69,1031.22,5270.67,8.11,13.854,2400.0,0.014,PM2.5-1HR
948,BEL_BETR001,2025-12-28,13.46,2.78,88.92,0,2.81,57.69,1031.22,19743.56,8.11,13.854,2400.0,0.017,PM2.5-1HR
948,BEL_BETR012,2025-12-28,11.28,2.68,88.63,0,2.83,58.85,1031.15,4584.58,7.88,13.532,2400.0,0.456,PM2.5-1HR
948,BEL_BETREG1,2025-12-29,14.01,0.13,97.42,0,1.97,16.23,1027.41,7139.32,7.19,12.566,2400.0,0.02,PM2.5-1HR
948,BEL_BETB011,2025-12-29,17.04,0.13,97.42,0,1.97,16.23,1027.41,4791.88,7.19,12.566,2400.0,0.943,PM2.5-1HR
948,BEL_BETMEU1,2025-12-29,15.34,0.26,97.42,0,1.79,14.9,1027.42,2936.26,7.36,12.804,2400.0,0.194,PM2.5-1HR
948,BEL_BETN043,2025-12-29,12.53,0.13,97.42,0,1.97,16.23,1027.41,5270.67,7.19,12.566,2400.0,0.014,PM2.5-1HR
948,BEL_BETR001,2025-12-29,15.66,0.13,97.42,0,1.97,16.23,1027.41,19743.56,7.19,12.566,2400.0,0.017,PM2.5-1HR
948,BEL_BETR012,2025-12-29,13.47,-0.06,97.21,0,1.94,18.24,1027.36,4584.58,7.23,12.622,2400.0,0.456,PM2.5-1HR
948,BEL_BETREG1,2025-12-30,8.7,1.97,85.38,0,2.63,359.86,1030.34,7139.32,4.34,8.576,2400.0,0.02,PM2.5-1HR
948,BEL_BETB011,2025-12-30,11.27,1.97,85.38,0,2.63,359.86,1030.34,4791.88,4.34,8.576,2400.0,0.943,PM2.5-1HR
948,BEL_BETMEU1,2025-12-30,7.92,1.8,85,0,2.3,354.84,1030.36,2936.26,4.44,8.716,2400.0,0.194,PM2.5-1HR
948,BEL_BETN043,2025-12-30,7.02,1.97,85.38,0,2.63,359.86,1030.34,5270.67,4.34,8.576,2400.0,0.014,PM2.5-1HR
948,BEL_BETR001,2025-12-30,9.71,1.97,85.38,0,2.63,359.86,1030.34,19743.56,4.34,8.576,2400.0,0.017,PM2.5-1HR
948,BEL_BETR012,2025-12-30,8.14,1.76,86.25,0,2.55,3.37,1030.31,4584.58,4.41,8.674,2400.0,0.456,PM2.5-1HR
948,BEL_BETREG1,2025-12-31,11.86,0.75,94.75,0,2.91,261.74,1026.95,7139.32,6.29,11.306,2400.0,0.02,PM2.5-1HR
948,BEL_BETB011,2025-12-31,11.41,0.75,94.75,0,2.91,261.74,1026.95,4791.88,6.29,11.306,2400.0,0.943,PM2.5-1HR
948,BEL_BETMEU1,2025-12-31,13.67,0.49,95,0,2.85,260.09,1026.85,2936.26,6.29,11.306,2400.0,0.194,PM2.5-1HR
948,BEL_BETN043,2025-12-31,11.53,0.75,94.75,0,2.91,261.74,1026.95,5270.67,6.29,11.306,2400.0,0.014,PM2.5-1HR
948,BEL_BETR001,2025-12-31,14.91,0.75,94.75,0,2.91,261.74,1026.95,19743.56,6.29,11.306,2400.0,0.017,PM2.5-1HR
948,BEL_BETR012,2025-12-31,12.01,0.39,95.38,0,2.64,258.65,1027.08,4584.58,6.09,11.026,2400.0,0.456,PM2.5-1HR
948,BEL_BETMEU1,2026-01-01,7,2.52,85.42,0.03,5.61,246.66,1009.41,2940.48,3.9,7.96,2400.0,0.194,PM2.5-1HR
948,BEL_BETB011,2026-01-01,5.67,2.44,86.25,0.04,5.52,247.42,1009.65,4799.28,3.86,7.904,2400.0,0.943,PM2.5-1HR
948,BEL_BETN043,2026-01-01,5.98,2.44,86.25,0.04,5.52,247.42,1009.65,5278.47,3.86,7.904,2400.0,0.014,PM2.5-1HR
948,BEL_BETR001,2026-01-01,6.51,2.44,86.25,0.04,5.52,247.42,1009.65,19773.03,3.86,7.904,2400.0,0.017,PM2.5-1HR
948,BEL_BETR012,2026-01-01,5.58,2.38,87.46,0.05,5.45,246.54,1009.9,4591.59,3.7,7.68,2400.0,0.456,PM2.5-1HR
948,BEL_BETREG1,2026-01-01,6.06,2.44,86.25,0.04,5.52,247.42,1009.65,7150.07,3.86,7.904,2400.0,0.02,PM2.5-1HR
948,BEL_BETMEU1,2026-01-02,4.41,1.9,78.25,0.08,4.8,268.89,1002.87,2940.48,2.42,5.888,2400.0,0.194,PM2.5-1HR
948,BEL_BETB011,2026-01-02,3.97,1.55,81.71,0.11,4.78,267.99,1003.08,4799.28,2.31,5.734,2400.0,0.943,PM2.5-1HR
948,BEL_BETN043,2026-01-02,4,1.55,81.71,0.11,4.78,267.99,1003.08,5278.47,2.31,5.734,2400.0,0.014,PM2.5-1HR
948,BEL_BETR001,2026-01-02,4.28,1.55,81.71,0.11,4.78,267.99,1003.08,19773.03,2.31,5.734,2400.0,0.017,PM2.5-1HR
948,BEL_BETR012,2026-01-02,3.6,1.15,85.21,0.51,4.69,265.95,1003.3,4591.59,2.25,5.65,2400.0,0.456,PM2.5-1HR
948,BEL_BETREG1,2026-01-02,4.4,1.55,81.71,0.11,4.78,267.99,1003.08,7150.07,2.31,5.734,2400.0,0.02,PM2.5-1HR
948,BEL_BETMEU1,2026-01-03,4.83,0.38,81.38,0.27,4.44,253.26,1005.88,2940.48,2.68,6.252,2400.0,0.194,PM2.5-1HR
948,BEL_BETB011,2026-01-03,4.24,0.28,82.54,0.28,4.38,252.83,1006.1,4799.28,2.61,6.154,2400.0,0.943,PM2.5-1HR
948,BEL_BETN043,2026-01-03,4.17,0.28,82.54,0.28,4.38,252.83,1006.1,5278.47,2.61,6.154,2400.0,0.014,PM2.5-1HR
948,BEL_BETR001,2026-01-03,4.67,0.28,82.54,0.28,4.38,252.83,1006.1,19773.03,2.61,6.154,2400.0,0.017,PM2.5-1HR
948,BEL_BETR012,2026-01-03,4.65,0.03,83.75,0.08,4.29,251.03,1006.33,4591.59,2.6,6.14,2400.0,0.456,PM2.5-1HR
948,BEL_BETREG1,2026-01-03,4.7,0.28,82.54,0.28,4.38,252.83,1006.1,7150.07,2.61,6.154,2400.0,0.02,PM2.5-1HR
948,BEL_BETB011,2026-01-04,5.44,-1.21,83.75,0,3.82,244.88,1011.52,4799.28,3.7,7.68,2400.0,0.943,PM2.5-1HR
948,BEL_BETMEU1,2026-01-04,5.72,-0.7,82.63,0.01,4.11,246.16,1011.32,2940.48,3.66,7.624,2400.0,0.194,PM2.5-1HR
948,BEL_BETN043,2026-01-04,5.13,-1.21,83.75,0,3.82,244.88,1011.52,5278.47,3.7,7.68,2400.0,0.014,PM2.5-1HR
948,BEL_BETR001,2026-01-04,6.11,-1.21,83.75,0,3.82,244.88,1011.52,19773.03,3.7,7.68,2400.0,0.017,PM2.5-1HR
948,BEL_BETR012,2026-01-04,5.77,-1.24,84.38,0,3.94,243.21,1011.73,4591.59,3.66,7.624,2400.0,0.456,PM2.5-1HR
948,BEL_BETREG1,2026-01-04,5.59,-1.21,83.75,0,3.82,244.88,1011.52,7150.07,3.7,7.68,2400.0,0.02,PM2.5-1HR
948,BEL_BETB011,2026-01-05,13.84,-2.09,86.04,0.02,3.73,218.04,1011.88,4799.28,5.7,10.48,2400.0,0.943,PM2.5-1HR
948,BEL_BETMEU1,2026-01-05,14.78,-1.78,85.5,0.01,3.96,218.58,1011.73,2940.48,5.98,10.872,2400.0,0.194,PM2.5-1HR
948,BEL_BETN043,2026-01-05,12.8,-2.09,86.04,0.02,3.73,218.04,1011.88,5278.47,5.7,10.48,2400.0,0.014,PM2.5-1HR
948,BEL_BETR001,2026-01-05,14.28,-2.09,86.04,0.02,3.73,218.04,1011.88,19773.03,5.7,10.48,2400.0,0.017,PM2.5-1HR
948,BEL_BETR012,2026-01-05,12.64,-1.95,84.88,0.02,3.84,217.16,1012.03,4591.59,5.53,10.242,2400.0,0.456,PM2.5-1HR
948,BEL_BETREG1,2026-01-05,13.37,-2.09,86.04,0.02,3.73,218.04,1011.88,7150.07,5.7,10.48,2400.0,0.02,PM2.5-1HR
948,BEL_BETB011,2026-01-06,12.6,-2,90,0.1,3.32,233,1013.5,4799.28,5.04,9.556,2400.0,0.943,PM2.5-1HR
948,BEL_BETMEU1,2026-01-06,13.58,-1.6,88,0.6,3.31,236,1013.3,2940.48,4.93,9.402,2400.0,0.194,PM2.5-1HR
948,BEL_BETN043,2026-01-06,12.13,-2,90,0.1,3.32,233,1013.5,5278.47,5.04,9.556,2400.0,0.014,PM2.5-1HR
948,BEL_BETR001,2026-01-06,14.62,-2,90,0.1,3.32,233,1013.5,19773.03,5.04,9.556,2400.0,0.017,PM2.5-1HR
948,BEL_BETR012,2026-01-06,13.15,-2.1,91,0.1,3.48,235,1013.7,4591.59,5.25,9.85,2400.0,0.456,PM2.5-1HR
948,BEL_BETREG1,2026-01-06,12.98,-2,90,0.1,3.32,233,1013.5,7150.07,5.04,9.556,2400.0,0.02,PM2.5-1HR
948,BEL_BETB011,2026-01-08,9.09,1.51,93.87,0.36,3.45,189.1,1003.17,4799.28,2.29,5.706,2400.0,0.943,PM2.5-1HR
948,BEL_BETMEU1,2026-01-08,8.97,1.45,94.61,0.39,3.39,186.48,1003.1,2940.48,2.31,5.734,2400.0,0.194,PM2.5-1HR
948,BEL_BETN043,2026-01-08,7.61,1.51,93.87,0.36,3.45,189.1,1003.17,5278.47,2.29,5.706,2400.0,0.014,PM2.5-1HR
948,BEL_BETR001,2026-01-08,9.54,1.51,93.87,0.36,3.45,189.1,1003.17,19773.03,2.29,5.706,2400.0,0.017,PM2.5-1HR
948,BEL_BETR012,2026-01-08,8.56,1.64,94.7,0.44,3.6,189.55,1003.22,4591.59,2.19,5.566,2400.0,0.456,PM2.5-1HR
948,BEL_BETREG1,2026-01-08,8.65,1.51,93.87,0.36,3.45,189.1,1003.17,7150.07,2.29,5.706,2400.0,0.02,PM2.5-1HR
948,BEL_BETB011,2026-01-09,1.35,4.25,94.25,1.01,6.88,236.28,984.77,4799.28,0.12,2.668,2400.0,0.943,PM2.5-1HR
948,BEL_BETMEU1,2026-01-09,2.27,4.38,94.83,0.91,6.73,238.52,984.53,2940.48,0.14,2.696,2400.0,0.194,PM2.5-1HR
948,BEL_BETN043,2026-01-09,1.53,4.25,94.25,1.01,6.88,236.28,984.77,5278.47,0.12,2.668,2400.0,0.014,PM2.5-1HR
948,BEL_BETR001,2026-01-09,1.37,4.25,94.25,1.01,6.88,236.28,984.77,19773.03,0.12,2.668,2400.0,0.017,PM2.5-1HR
948,BEL_BETR012,2026-01-09,1.01,3.99,95.33,1.05,7.17,233.68,985.04,4591.59,0.12,2.668,2400.0,0.456,PM2.5-1HR
948,BEL_BETREG1,2026-01-09,1.34,4.25,94.25,1.01,6.88,236.28,984.77,7150.07,0.12,2.668,2400.0,0.02,PM2.5-1HR
948,BEL_BETB011,2026-01-10,18.35,-1.34,89.38,0.13,3,343.7,1009.15,4799.28,10.94,17.816,2400.0,0.943,PM2.5-1HR
948,BEL_BETMEU1,2026-01-10,18.1,-1.27,88.21,0.09,3.02,344.43,1009.17,2940.48,11.46,18.544,2400.0,0.194,PM2.5-1HR
948,BEL_BETN043,2026-01-10,14.74,-1.34,89.38,0.13,3,343.7,1009.15,5278.47,10.94,17.816,2400.0,0.014,PM2.5-1HR
948,BEL_BETR001,2026-01-10,18.17,-1.34,89.38,0.13,3,343.7,1009.15,19773.03,10.94,17.816,2400.0,0.017,PM2.5-1HR
948,BEL_BETR012,2026-01-10,18.09,-1.3,90.17,0.17,3.01,340.23,1009.14,4591.59,10.31,16.934,2400.0,0.456,PM2.5-1HR
948,BEL_BETREG1,2026-01-10,18.57,-1.34,89.38,0.13,3,343.7,1009.15,7150.07,10.94,17.816,2400.0,0.02,PM2.5-1HR
948,BEL_BETB011,2026-01-11,15.32,-0.88,81.21,0,3.47,168.54,1022,4799.28,6.59,11.726,2400.0,0.943,PM2.5-1HR
948,BEL_BETMEU1,2026-01-11,15.53,-0.87,81.17,0,3.4,169.57,1021.93,2940.48,6.48,11.572,2400.0,0.194,PM2.5-1HR
948,BEL_BETN043,2026-01-11,12.89,-0.88,81.21,0,3.47,168.54,1022,5278.47,6.59,11.726,2400.0,0.014,PM2.5-1HR
948,BEL_BETR001,2026-01-11,15.8,-0.88,81.21,0,3.47,168.54,1022,19773.03,6.59,11.726,2400.0,0.017,PM2.5-1HR
948,BEL_BETR012,2026-01-11,14.93,-0.99,83.29,0,3.49,163.97,1022.06,4591.59,6.55,11.67,2400.0,0.456,PM2.5-1HR
948,BEL_BETREG1,2026-01-11,14.88,-0.88,81.21,0,3.47,168.54,1022,7150.07,6.59,11.726,2400.0,0.02,PM2.5-1HR
948,BEL_BETB011,2026-01-12,2.29,5.77,92.25,0.35,5.86,201.6,1008.94,4799.28,0.44,3.116,2400.0,0.943,PM2.5-1HR
948,BEL_BETMEU1,2026-01-12,2.54,5.68,92.67,0.31,5.72,202.21,1008.76,2940.48,0.45,3.13,2400.0,0.194,PM2.5-1HR
948,BEL_BETN043,2026-01-12,2.2,5.77,92.25,0.35,5.86,201.6,1008.94,5278.47,0.44,3.116,2400.0,0.014,PM2.5-1HR
948,BEL_BETR001,2026-01-12,2.49,5.77,92.25,0.35,5.86,201.6,1008.94,19773.03,0.44,3.116,2400.0,0.017,PM2.5-1HR
948,BEL_BETR012,2026-01-12,2.13,5.65,92.71,0.39,5.89,201.43,1009.09,4591.59,0.4,3.06,2400.0,0.456,PM2.5-1HR
948,BEL_BETREG1,2026-01-12,2.49,5.77,92.25,0.35,5.86,201.6,1008.94,7150.07,0.44,3.116,2400.0,0.02,PM2.5-1HR
948,BEL_BETB011,2026-01-13,3.05,9.31,86.33,0,4.36,200.22,1008.85,4799.28,2.35,5.79,2400.0,0.943,PM2.5-1HR
948,BEL_BETMEU1,2026-01-13,3.3,9.39,86.04,0,4.35,200.47,1008.7,2940.48,2.44,5.916,2400.0,0.194,PM2.5-1HR
948,BEL_BETN043,2026-01-13,2.9,9.31,86.33,0,4.36,200.22,1008.85,5278.47,2.35,5.79,2400.0,0.014,PM2.5-1HR
948,BEL_BETR001,2026-01-13,3.17,9.31,86.33,0,4.36,200.22,1008.85,19773.03,2.35,5.79,2400.0,0.017,PM2.5-1HR
948,BEL_BETR012,2026-01-13,2.55,9.09,86.33,0,4.3,200.51,1008.96,4591.59,2.36,5.804,2400.0,0.456,PM2.5-1HR
948,BEL_BETREG1,2026-01-13,3.19,9.31,86.33,0,4.36,200.22,1008.85,7150.07,2.35,5.79,2400.0,0.02,PM2.5-1HR
948,BEL_BETB011,2026-01-14,8.18,8.11,92.75,0.07,2.78,209.36,1012.47,4799.28,3.64,7.596,2400.0,0.943,PM2.5-1HR
948,BEL_BETMEU1,2026-01-14,7.77,8.1,92.54,0.07,2.67,210.22,1012.4,2940.48,3.77,7.778,2400.0,0.194,PM2.5-1HR
948,BEL_BETN043,2026-01-14,6.76,8.11,92.75,0.07,2.78,209.36,1012.47,5278.47,3.64,7.596,2400.0,0.014,PM2.5-1HR
948,BEL_BETR001,2026-01-14,8.41,8.11,92.75,0.07,2.78,209.36,1012.47,19773.03,3.64,7.596,2400.0,0.017,PM2.5-1HR
948,BEL_BETR012,2026-01-14,7.8,8.14,93.38,0.08,2.86,211.35,1012.52,4591.59,3.57,7.498,2400.0,0.456,PM2.5-1HR
948,BEL_BETREG1,2026-01-14,8.02,8.11,92.75,0.07,2.78,209.36,1012.47,7150.07,3.64,7.596,2400.0,0.02,PM2.5-1HR
948,BEL_BETB011,2026-01-15,3.17,9.57,84.88,0.02,5.17,189.21,1008.41,4799.28,0.69,3.466,2400.0,0.943,PM2.5-1HR
948,BEL_BETMEU1,2026-01-15,3.4,9.65,84.42,0.02,5.15,189.3,1008.29,2940.48,0.79,3.606,2400.0,0.194,PM2.5-1HR
948,BEL_BETN043,2026-01-15,2.9,9.57,84.88,0.02,5.17,189.21,1008.41,5278.47,0.69,3.466,2400.0,0.014,PM2.5-1HR
948,BEL_BETR001,2026-01-15,3.54,9.57,84.88,0.02,5.17,189.21,1008.41,19773.03,0.69,3.466,2400.0,0.017,PM2.5-1HR
948,BEL_BETR012,2026-01-15,2.7,9.52,84.96,0.03,5.2,188.99,1008.51,4591.59,0.59,3.326,2400.0,0.456,PM2.5-1HR
948,BEL_BETREG1,2026-01-15,3.04,9.57,84.88,0.02,5.17,189.21,1008.41,7150.07,0.69,3.466,2400.0,0.02,PM2.5-1HR
948,BEL_BETB011,2026-01-16,3.07,9,84.75,0.04,3.84,186.21,1010.69,4799.28,0.5,3.2,2400.0,0.943,PM2.5-1HR
948,BEL_BETMEU1,2026-01-16,4.12,8.86,84.79,0.05,3.64,186.44,1010.63,2940.48,0.52,3.228,2400.0,0.194,PM2.5-1HR
948,BEL_BETN043,2026-01-16,3.88,9,84.75,0.04,3.84,186.21,1010.69,5278.47,0.5,3.2,2400.0,0.014,PM2.5-1HR
948,BEL_BETR001,2026-01-16,3.89,9,84.75,0.04,3.84,186.21,1010.69,19773.03,0.5,3.2,2400.0,0.017,PM2.5-1HR
948,BEL_BETR012,2026-01-16,2.9,8.92,84.71,0.04,3.86,186.44,1010.75,4591.59,0.47,3.158,2400.0,0.456,PM2.5-1HR
948,BEL_BETREG1,2026-01-16,3.41,9,84.75,0.04,3.84,186.21,1010.69,7150.07,0.5,3.2,2400.0,0.02,PM2.5-1HR
948,BEL_BETB011,2026-01-17,7.09,8.73,89.38,0.06,2.55,125.75,1016.9,4799.28,2.99,6.686,2400.0,0.943,PM2.5-1HR
948,BEL_BETMEU1,2026-01-17,6.6,8.44,90.42,0.05,2.28,125.59,1016.92,2940.48,3,6.7,2400.0,0.194,PM2.5-1HR
948,BEL_BETN043,2026-01-17,5.34,8.73,89.38,0.06,2.55,125.75,1016.9,5278.47,2.99,6.686,2400.0,0.014,PM2.5-1HR
948,BEL_BETR001,2026-01-17,7.77,8.73,89.38,0.06,2.55,125.75,1016.9,19773.03,2.99,6.686,2400.0,0.017,PM2.5-1HR
948,BEL_BETR012,2026-01-17,4.68,8.7,89.08,0.06,2.52,127.72,1016.84,4591.59,2.82,6.448,2400.0,0.456,PM2.5-1HR
948,BEL_BETREG1,2026-01-17,5.25,8.73,89.38,0.06,2.55,125.75,1016.9,7150.07,2.99,6.686,2400.0,0.02,PM2.5-1HR
948,BEL_BETB011,2026-01-18,13.99,6.4,85.46,0,2.4,95.67,1019.14,4799.28,8.44,14.316,2400.0,0.943,PM2.5-1HR
948,BEL_BETMEU1,2026-01-18,15.54,5.74,86.38,0,2.06,93.79,1019.22,2940.48,9.3,15.52,2400.0,0.194,PM2.5-1HR
948,BEL_BETN043,2026-01-18,13.01,6.4,85.46,0,2.4,95.67,1019.14,5278.47,8.44,14.316,2400.0,0.014,PM2.5-1HR
948,BEL_BETR001,2026-01-18,15.62,6.4,85.46,0,2.4,95.67,1019.14,19773.03,8.44,14.316,2400.0,0.017,PM2.5-1HR
948,BEL_BETR012,2026-01-18,9.09,6.6,84.67,0,2.34,97.48,1019.06,4591.59,8.19,13.966,2400.0,0.456,PM2.5-1HR
948,BEL_BETREG1,2026-01-18,11.11,6.4,85.46,0,2.4,95.67,1019.14,7150.07,8.44,14.316,2400.0,0.02,PM2.5-1HR
948,BEL_BETB011,2026-01-19,21.2,4.33,87.83,0.03,2.09,172.5,1018.37,4799.28,15.69,24.466,2400.0,0.943,PM2.5-1HR
948,BEL_BETMEU1,2026-01-19,22.68,3.71,89.5,0.03,1.74,171.54,1018.37,2940.48,15.89,24.746,2400.0,0.194,PM2.5-1HR
948,BEL_BETN043,2026-01-19,19.78,4.33,87.83,0.03,2.09,172.5,1018.37,5278.47,15.69,24.466,2400.0,0.014,PM2.5-1HR
948,BEL_BETR001,2026-01-19,22.4,4.33,87.83,0.03,2.09,172.5,1018.37,19773.03,15.69,24.466,2400.0,0.017,PM2.5-1HR
948,BEL_BETR012,2026-01-19,19.5,4.25,87.42,0.01,2.06,170.45,1018.38,4591.59,15.44,24.116,2400.0,0.456,PM2.5-1HR
948,BEL_BETREG1,2026-01-19,19.56,4.33,87.83,0.03,2.09,172.5,1018.37,7150.07,15.69,24.466,2400.0,0.02,PM2.5-1HR
948,BEL_BETB011,2026-01-20,14,4.11,87.96,0,2.61,171.15,1015.88,4799.28,4.65,9.01,2400.0,0.943,PM2.5-1HR
948,BEL_BETMEU1,2026-01-20,18.18,3.78,88.79,0,2.24,168.05,1015.86,2940.48,4.66,9.024,2400.0,0.194,PM2.5-1HR
948,BEL_BETN043,2026-01-20,15.92,4.11,87.96,0,2.61,171.15,1015.88,5278.47,4.65,9.01,2400.0,0.014,PM2.5-1HR
948,BEL_BETR001,2026-01-20,16.55,4.11,87.96,0,2.61,171.15,1015.88,19773.03,4.65,9.01,2400.0,0.017,PM2.5-1HR
948,BEL_BETR012,2026-01-20,11.08,3.95,87.63,0,2.61,168.82,1015.89,4591.59,4.44,8.716,2400.0,0.456,PM2.5-1HR
948,BEL_BETREG1,2026-01-20,12.76,4.11,87.96,0,2.61,171.15,1015.88,7150.07,4.65,9.01,2400.0,0.02,PM2.5-1HR
948,BEL_BETB011,2026-01-21,6.4,6.85,74.96,0.02,4.6,150.59,1001.67,4799.28,3.05,6.77,2400.0,0.943,PM2.5-1HR
948,BEL_BETMEU1,2026-01-21,7.54,6.99,74.13,0.02,4.55,150.68,1001.63,2940.48,3.03,6.742,2400.0,0.194,PM2.5-1HR
948,BEL_BETN043,2026-01-21,5.99,6.85,74.96,0.02,4.6,150.59,1001.67,5278.47,3.05,6.77,2400.0,0.014,PM2.5-1HR
948,BEL_BETR001,2026-01-21,6.88,6.85,74.96,0.02,4.6,150.59,1001.67,19773.03,3.05,6.77,2400.0,0.017,PM2.5-1HR
948,BEL_BETR012,2026-01-21,5.92,6.75,74.58,0.01,4.63,149.8,1001.69,4591.59,3.02,6.728,2400.0,0.456,PM2.5-1HR
948,BEL_BETREG1,2026-01-21,6.46,6.85,74.96,0.02,4.6,150.59,1001.67,7150.07,3.05,6.77,2400.0,0.02,PM2.5-1HR
948,BEL_BETB011,2026-01-22,9.25,6.02,78.79,0,3.41,141.78,994.09,4799.28,6.2,11.18,2400.0,0.943,PM2.5-1HR
948,BEL_BETMEU1,2026-01-22,10.84,5.84,78.63,0,3.2,136.92,994.12,2940.48,6.27,11.278,2400.0,0.194,PM2.5-1HR
948,BEL_BETREG1,2026-01-22,9.12,6.02,78.79,0,3.41,141.78,994.09,7150.07,6.2,11.18,2400.0,0.02,PM2.5-1HR
948,BEL_BETN043,2026-01-22,9.88,6.02,78.79,0,3.41,141.78,994.09,5278.47,6.2,11.18,2400.0,0.014,PM2.5-1HR
948,BEL_BETR001,2026-01-22,10.23,6.02,78.79,0,3.41,141.78,994.09,19773.03,6.2,11.18,2400.0,0.017,PM2.5-1HR
948,BEL_BETR012,2026-01-22,8.82,6.04,78.33,0,3.55,146.87,994.04,4591.59,5.94,10.816,2400.0,0.456,PM2.5-1HR
948,BEL_BETREG1,2026-01-23,5.37,6.83,86.63,0.02,3.65,149.7,993.03,7150.07,1.6,4.74,2400.0,0.02,PM2.5-1HR
948,BEL_BETB011,2026-01-23,4.87,6.83,86.63,0.02,3.65,149.7,993.03,4799.28,1.6,4.74,2400.0,0.943,PM2.5-1HR
948,BEL_BETMEU1,2026-01-23,6.3,6.9,86.33,0.02,3.52,147.53,993.02,2940.48,1.59,4.726,2400.0,0.194,PM2.5-1HR
948,BEL_BETN043,2026-01-23,5.21,6.83,86.63,0.02,3.65,149.7,993.03,5278.47,1.6,4.74,2400.0,0.014,PM2.5-1HR
948,BEL_BETR001,2026-01-23,5.5,6.83,86.63,0.02,3.65,149.7,993.03,19773.03,1.6,4.74,2400.0,0.017,PM2.5-1HR
948,BEL_BETR012,2026-01-23,4.58,6.78,86.63,0.01,3.69,150.73,993.04,4591.59,1.7,4.88,2400.0,0.456,PM2.5-1HR
948,BEL_BETREG1,2026-01-24,4.73,5.45,85.63,0,2.94,140.76,999.4,7150.07,1.72,4.908,2400.0,0.02,PM2.5-1HR
948,BEL_BETB011,2026-01-24,4.47,5.45,85.63,0,2.94,140.76,999.4,4799.28,1.72,4.908,2400.0,0.943,PM2.5-1HR
948,BEL_BETMEU1,2026-01-24,5.24,5.44,85.96,0,2.69,140.31,999.41,2940.48,1.8,5.02,2400.0,0.194,PM2.5-1HR
948,BEL_BETN043,2026-01-24,4.37,5.45,85.63,0,2.94,140.76,999.4,5278.47,1.72,4.908,2400.0,0.014,PM2.5-1HR
948,BEL_BETR001,2026-01-24,4.88,5.45,85.63,0,2.94,140.76,999.4,19773.03,1.72,4.908,2400.0,0.017,PM2.5-1HR
948,BEL_BETR012,2026-01-24,4.13,5.28,86,0,2.94,140.35,999.4,4591.59,1.68,4.852,2400.0,0.456,PM2.5-1HR
948,BEL_BETREG1,2026-01-25,22.94,2.6,88.25,0,2.23,111.88,997.63,7150.07,9.52,15.828,2400.0,0.02,PM2.5-1HR
948,BEL_BETB011,2026-01-25,23.16,2.6,88.25,0,2.23,111.88,997.63,4799.28,9.52,15.828,2400.0,0.943,PM2.5-1HR
948,BEL_BETMEU1,2026-01-25,25.18,2.3,88.17,0,2.07,107.76,997.69,2940.48,9.79,16.206,2400.0,0.194,PM2.5-1HR
948,BEL_BETN043,2026-01-25,20.24,2.6,88.25,0,2.23,111.88,997.63,5278.47,9.52,15.828,2400.0,0.014,PM2.5-1HR
948,BEL_BETR001,2026-01-25,23.91,2.6,88.25,0,2.23,111.88,997.63,19773.03,9.52,15.828,2400.0,0.017,PM2.5-1HR
948,BEL_BETR012,2026-01-25,20.8,2.7,87.75,0,2.19,118.88,997.56,4591.59,9.2,15.38,2400.0,0.456,PM2.5-1HR
948,BEL_BETREG1,2026-01-26,45.38,-0.04,91.25,0,1.46,359.3,1002.29,7150.07,34.9,51.36,2400.0,0.02,PM2.5-1HR
948,BEL_BETB011,2026-01-26,44.23,-0.04,91.25,0,1.46,359.3,1002.29,4799.28,34.9,51.36,2400.0,0.943,PM2.5-1HR
948,BEL_BETMEU1,2026-01-26,49.17,-0.11,89.75,0,1.45,348.31,1002.32,2940.48,34.97,51.458,2400.0,0.194,PM2.5-1HR
948,BEL_BETN043,2026-01-26,39.95,-0.04,91.25,0,1.46,359.3,1002.29,5278.47,34.9,51.36,2400.0,0.014,PM2.5-1HR
948,BEL_BETR001,2026-01-26,45.84,-0.04,91.25,0,1.46,359.3,1002.29,19773.03,34.9,51.36,2400.0,0.017,PM2.5-1HR
948,BEL_BETR012,2026-01-26,42.84,0.15,90.88,0,1.4,357.88,1002.25,4591.59,33.88,49.932,2400.0,0.456,PM2.5-1HR
948,BEL_BETREG1,2026-01-27,13.33,3.94,91.88,0.43,3.89,140.06,994.81,7150.07,2.15,5.51,2400.0,0.02,PM2.5-1HR
948,BEL_BETB011,2026-01-27,12.38,3.94,91.88,0.43,3.89,140.06,994.81,4799.28,2.15,5.51,2400.0,0.943,PM2.5-1HR
948,BEL_BETMEU1,2026-01-27,15.84,3.76,92.17,0.42,3.84,138.26,994.85,2940.48,2.25,5.65,2400.0,0.194,PM2.5-1HR
948,BEL_BETN043,2026-01-27,12.84,3.94,91.88,0.43,3.89,140.06,994.81,5278.47,2.15,5.51,2400.0,0.014,PM2.5-1HR
948,BEL_BETR001,2026-01-27,13.98,3.94,91.88,0.43,3.89,140.06,994.81,19773.03,2.15,5.51,2400.0,0.017,PM2.5-1HR
948,BEL_BETR012,2026-01-27,15.37,4.04,91.96,0.44,3.88,143.09,994.77,4591.59,2.11,5.454,2400.0,0.456,PM2.5-1HR
948,BEL_BETREG1,2026-01-28,15.42,4.85,96.75,0,1.83,297.95,995.17,7150.07,6.47,11.558,2400.0,0.02,PM2.5-1HR
948,BEL_BETB011,2026-01-28,15.21,4.85,96.75,0,1.83,297.95,995.17,4799.28,6.47,11.558,2400.0,0.943,PM2.5-1HR
948,BEL_BETMEU1,2026-01-28,15.52,4.86,96.5,0,1.77,295.56,995.17,2940.48,6.51,11.614,2400.0,0.194,PM2.5-1HR
948,BEL_BETN043,2026-01-28,12.74,4.85,96.75,0,1.83,297.95,995.17,5278.47,6.47,11.558,2400.0,0.014,PM2.5-1HR
948,BEL_BETR001,2026-01-28,16.06,4.85,96.75,0,1.83,297.95,995.17,19773.03,6.47,11.558,2400.0,0.017,PM2.5-1HR
948,BEL_BETR012,2026-01-28,14.05,4.78,96.83,0,1.72,301.53,995.16,4591.59,6.47,11.558,2400.0,0.456,PM2.5-1HR
948,BEL_BETREG1,2026-01-29,24.03,1.92,86.96,0,1.51,66.9,999.17,7150.07,11.31,18.334,2400.0,0.02,PM2.5-1HR
948,BEL_BETB011,2026-01-29,22.6,1.92,86.96,0,1.51,66.9,999.17,4799.28,11.31,18.334,2400.0,0.943,PM2.5-1HR
948,BEL_BETMEU1,2026-01-29,25.79,1.76,84.92,0,1.57,64.73,999.23,2940.48,12.12,19.468,2400.0,0.194,PM2.5-1HR
948,BEL_BETN043,2026-01-29,21.73,1.92,86.96,0,1.51,66.9,999.17,5278.47,11.31,18.334,2400.0,0.014,PM2.5-1HR
948,BEL_BETR001,2026-01-29,24.05,1.92,86.96,0,1.51,66.9,999.17,19773.03,11.31,18.334,2400.0,0.017,PM2.5-1HR
948,BEL_BETR012,2026-01-29,18.84,2.18,86.92,0,1.44,68.98,999.1,4591.59,10.7,17.48,2400.0,0.456,PM2.5-1HR
948,BEL_BETREG1,2026-01-30,8.31,3.73,89.08,0.01,3.08,132.45,995.65,7150.07,5.24,9.836,2400.0,0.02,PM2.5-1HR
948,BEL_BETB011,2026-01-30,7.95,3.73,89.08,0.01,3.08,132.45,995.65,4799.28,5.24,9.836,2400.0,0.943,PM2.5-1HR
948,BEL_BETMEU1,2026-01-30,10.46,3.63,89,0.02,3.06,127.04,995.68,2940.48,5.33,9.962,2400.0,0.194,PM2.5-1HR
948,BEL_BETN043,2026-01-30,8.81,3.73,89.08,0.01,3.08,132.45,995.65,5278.47,5.24,9.836,2400.0,0.014,PM2.5-1HR
948,BEL_BETR001,2026-01-30,8.5,3.73,89.08,0.01,3.08,132.45,995.65,19773.03,5.24,9.836,2400.0,0.017,PM2.5-1HR
948,BEL_BETR012,2026-01-30,6.63,3.86,88.46,0.04,3.13,137.13,995.6,4591.59,5.14,9.696,2400.0,0.456,PM2.5-1HR
948,BEL_BETREG1,2026-01-31,4.99,7.26,87.71,0.08,3.08,186.98,1000.13,7150.07,1.96,5.244,2400.0,0.02,PM2.5-1HR
948,BEL_BETB011,2026-01-31,4.89,7.26,87.71,0.08,3.08,186.98,1000.13,4799.28,1.96,5.244,2400.0,0.943,PM2.5-1HR
948,BEL_BETMEU1,2026-01-31,4.93,7.13,87.75,0.05,2.86,186.48,1000.08,2940.48,1.96,5.244,2400.0,0.194,PM2.5-1HR
948,BEL_BETN043,2026-01-31,4.24,7.26,87.71,0.08,3.08,186.98,1000.13,5278.47,1.96,5.244,2400.0,0.014,PM2.5-1HR
948,BEL_BETR001,2026-01-31,5.94,7.26,87.71,0.08,3.08,186.98,1000.13,19773.03,1.96,5.244,2400.0,0.017,PM2.5-1HR
948,BEL_BETR012,2026-01-31,4.99,7.14,87.75,0.05,3.01,187.88,1000.18,4591.59,1.94,5.216,2400.0,0.456,PM2.5-1HR
948,BEL_BETB011,2026-02-01,4.7,6.4,88.21,0.02,3.18,158.63,1004.61,4799.28,1.78,4.992,2400.0,0.943,PM2.5-1HR
948,BEL_BETMEU1,2026-02-01,4.61,6.36,88.13,0.02,2.98,158.34,1004.58,2940.48,1.8,5.02,2400.0,0.194,PM2.5-1HR
948,BEL_BETN043,2026-02-01,3.65,6.4,88.21,0.02,3.18,158.63,1004.61,5278.47,1.78,4.992,2400.0,0.014,PM2.5-1HR
948,BEL_BETR001,2026-02-01,4.95,6.4,88.21,0.02,3.18,158.63,1004.61,19773.03,1.78,4.992,2400.0,0.017,PM2.5-1HR
948,BEL_BETR012,2026-02-01,4.21,6.31,88.33,0.02,3.18,158.77,1004.6,4591.59,1.83,5.062,2400.0,0.456,PM2.5-1HR
948,BEL_BETREG1,2026-02-01,4.19,6.4,88.21,0.02,3.18,158.63,1004.61,7150.07,1.78,4.992,2400.0,0.02,PM2.5-1HR
948,BEL_BETB011,2026-02-02,5.88,6.25,88.71,0.1,3.42,103.48,998.94,4799.28,2.94,6.616,2400.0,0.943,PM2.5-1HR
948,BEL_BETMEU1,2026-02-02,6.3,6.37,87.79,0.14,3.55,102.9,999.02,2940.48,3.08,6.812,2400.0,0.194,PM2.5-1HR
948,BEL_BETN043,2026-02-02,4.82,6.25,88.71,0.1,3.42,103.48,998.94,5278.47,2.94,6.616,2400.0,0.014,PM2.5-1HR
948,BEL_BETR001,2026-02-02,6.08,6.25,88.71,0.1,3.42,103.48,998.94,19773.03,2.94,6.616,2400.0,0.017,PM2.5-1HR
948,BEL_BETR012,2026-02-02,4.97,6.09,88.83,0.24,3.24,105.12,998.84,4591.59,2.94,6.616,2400.0,0.456,PM2.5-1HR
948,BEL_BETREG1,2026-02-02,5.5,6.25,88.71,0.1,3.42,103.48,998.94,7150.07,2.94,6.616,2400.0,0.02,PM2.5-1HR
948,BEL_BETB011,2026-02-03,11.82,4.79,88.46,0.18,4.15,113.22,995.03,4799.28,1.36,4.404,2400.0,0.943,PM2.5-1HR
948,BEL_BETMEU1,2026-02-03,13.52,4.64,88.25,0.17,4.11,109.55,995.12,2940.48,1.44,4.516,2400.0,0.194,PM2.5-1HR
948,BEL_BETN043,2026-02-03,10.8,4.79,88.46,0.18,4.15,113.22,995.03,5278.47,1.36,4.404,2400.0,0.014,PM2.5-1HR
948,BEL_BETR001,2026-02-03,12.02,4.79,88.46,0.18,4.15,113.22,995.03,19773.03,1.36,4.404,2400.0,0.017,PM2.5-1HR
948,BEL_BETR012,2026-02-03,9.91,5,88.17,0.17,4.15,115.85,994.93,4591.59,1.32,4.348,2400.0,0.456,PM2.5-1HR
948,BEL_BETREG1,2026-02-03,11.58,4.79,88.46,0.18,4.15,113.22,995.03,7150.07,1.36,4.404,2400.0,0.02,PM2.5-1HR
948,BEL_BETB011,2026-02-04,3.44,7.09,85.33,0.01,3.65,126.83,995.38,4799.28,0.84,3.676,2400.0,0.943,PM2.5-1HR
948,BEL_BETMEU1,2026-02-04,3.74,7.13,85.08,0.02,3.55,126.57,995.43,2940.48,0.87,3.718,2400.0,0.194,PM2.5-1HR
948,BEL_BETN043,2026-02-04,3.1,7.09,85.33,0.01,3.65,126.83,995.38,5278.47,0.84,3.676,2400.0,0.014,PM2.5-1HR
948,BEL_BETR001,2026-02-04,4.11,7.09,85.33,0.01,3.65,126.83,995.38,19773.03,0.84,3.676,2400.0,0.017,PM2.5-1HR
948,BEL_BETR012,2026-02-04,2.63,6.98,85.33,0,3.62,126.86,995.34,4591.59,0.79,3.606,2400.0,0.456,PM2.5-1HR
948,BEL_BETREG1,2026-02-04,3.7,7.09,85.33,0.01,3.65,126.83,995.38,7150.07,0.84,3.676,2400.0,0.02,PM2.5-1HR
948,BEL_BETB011,2026-02-05,11.86,5.52,87.17,0.08,3.42,110.34,988.64,4799.28,5.74,10.536,2400.0,0.943,PM2.5-1HR
948,BEL_BETMEU1,2026-02-05,12.79,5.37,87.13,0.22,3.38,105.63,988.73,2940.48,5.88,10.732,2400.0,0.194,PM2.5-1HR
948,BEL_BETN043,2026-02-05,10.35,5.52,87.17,0.08,3.42,110.34,988.64,5278.47,5.74,10.536,2400.0,0.014,PM2.5-1HR
948,BEL_BETR001,2026-02-05,12.22,5.52,87.17,0.08,3.42,110.34,988.64,19773.03,5.74,10.536,2400.0,0.017,PM2.5-1HR
948,BEL_BETR012,2026-02-05,10.53,5.67,85.67,0.29,3.52,115.67,988.55,4591.59,5.63,10.382,2400.0,0.456,PM2.5-1HR
948,BEL_BETREG1,2026-02-05,11.59,5.52,87.17,0.08,3.42,110.34,988.64,7150.07,5.74,10.536,2400.0,0.02,PM2.5-1HR
948,BEL_BETB011,2026-02-06,5.54,7.55,91.42,0.06,3.2,161.61,989.37,4799.28,1.84,5.076,2400.0,0.943,PM2.5-1HR
948,BEL_BETMEU1,2026-02-06,7.11,7.43,92,0.05,2.98,155.48,989.37,2940.48,2.01,5.314,2400.0,0.194,PM2.5-1HR
948,BEL_BETN043,2026-02-06,5.55,7.55,91.42,0.06,3.2,161.61,989.37,5278.47,1.84,5.076,2400.0,0.014,PM2.5-1HR
948,BEL_BETR001,2026-02-06,6.15,7.55,91.42,0.06,3.2,161.61,989.37,19773.03,1.84,5.076,2400.0,0.017,PM2.5-1HR
948,BEL_BETR012,2026-02-06,5.41,7.54,91.13,0.09,3.32,167.97,989.36,4591.59,1.81,5.034,2400.0,0.456,PM2.5-1HR
948,BEL_BETREG1,2026-02-06,6.15,7.55,91.42,0.06,3.2,161.61,989.37,7150.07,1.84,5.076,2400.0,0.02,PM2.5-1HR
948,BEL_BETB011,2026-02-07,4.65,8.25,85.5,0,3.77,183.22,1001.38,4799.28,2.23,5.622,2400.0,0.943,PM2.5-1HR
948,BEL_BETMEU1,2026-02-07,4.49,8.32,85.21,0,3.64,183.12,1001.32,2940.48,2.35,5.79,2400.0,0.194,PM2.5-1HR
948,BEL_BETN043,2026-02-07,3.82,8.25,85.5,0,3.77,183.22,1001.38,5278.47,2.23,5.622,2400.0,0.014,PM2.5-1HR
948,BEL_BETR001,2026-02-07,5.96,8.25,85.5,0,3.77,183.22,1001.38,19773.03,2.23,5.622,2400.0,0.017,PM2.5-1HR
948,BEL_BETR012,2026-02-07,3.98,8.15,85.58,0,3.77,183.24,1001.44,4591.59,2.25,5.65,2400.0,0.456,PM2.5-1HR
948,BEL_BETREG1,2026-02-07,4.42,8.25,85.5,0,3.77,183.22,1001.38,7150.07,2.23,5.622,2400.0,0.02,PM2.5-1HR
948,BEL_BETMEU1,2026-02-08,8,7.28,84.96,0.02,2.27,138.41,1006.78,2940.48,3.22,7.008,2400.0,0.194,PM2.5-1HR
948,BEL_BETB011,2026-02-08,7.45,7.51,84.17,0.02,2.6,140.79,1006.77,4799.28,3.18,6.952,2400.0,0.943,PM2.5-1HR
948,BEL_BETN043,2026-02-08,6.21,7.51,84.17,0.02,2.6,140.79,1006.77,5278.47,3.18,6.952,2400.0,0.014,PM2.5-1HR
948,BEL_BETR001,2026-02-08,7.71,7.51,84.17,0.02,2.6,140.79,1006.77,19773.03,3.18,6.952,2400.0,0.017,PM2.5-1HR
948,BEL_BETR012,2026-02-08,6.38,7.4,83.92,0.01,2.58,141.71,1006.77,4591.59,3.12,6.868,2400.0,0.456,PM2.5-1HR
948,BEL_BETREG1,2026-02-08,6.92,7.51,84.17,0.02,2.6,140.79,1006.77,7150.07,3.18,6.952,2400.0,0.02,PM2.5-1HR
948,BEL_BETMEU1,2026-02-09,11.67,4.97,89.38,0,2.76,154.02,1004.46,2940.48,6.66,11.824,2400.0,0.194,PM2.5-1HR
948,BEL_BETB011,2026-02-09,10.31,5.05,89.58,0,3.03,156.11,1004.46,4799.28,6.6,11.74,2400.0,0.943,PM2.5-1HR
948,BEL_BETN043,2026-02-09,10.2,5.05,89.58,0,3.03,156.11,1004.46,5278.47,6.6,11.74,2400.0,0.014,PM2.5-1HR
948,BEL_BETR001,2026-02-09,11.12,5.05,89.58,0,3.03,156.11,1004.46,19773.03,6.6,11.74,2400.0,0.017,PM2.5-1HR
948,BEL_BETR012,2026-02-09,9.58,4.98,89.71,0,3.14,157.02,1004.45,4591.59,6.37,11.418,2400.0,0.456,PM2.5-1HR
948,BEL_BETREG1,2026-02-09,10.25,5.05,89.58,0,3.03,156.11,1004.46,7150.07,6.6,11.74,2400.0,0.02,PM2.5-1HR
948,BEL_BETMEU1,2026-02-10,5.87,7.73,86.42,0.05,3.51,165.64,991.94,2940.48,1.77,4.978,2400.0,0.194,PM2.5-1HR
948,BEL_BETB011,2026-02-10,5.49,7.79,86.75,0.05,3.76,167.6,991.96,4799.28,1.59,4.726,2400.0,0.943,PM2.5-1HR
948,BEL_BETN043,2026-02-10,4.71,7.79,86.75,0.05,3.76,167.6,991.96,5278.47,1.59,4.726,2400.0,0.014,PM2.5-1HR
948,BEL_BETR001,2026-02-10,5.72,7.79,86.75,0.05,3.76,167.6,991.96,19773.03,1.59,4.726,2400.0,0.017,PM2.5-1HR
948,BEL_BETR012,2026-02-10,4.8,7.8,87,0.09,3.9,169.53,991.97,4591.59,1.56,4.684,2400.0,0.456,PM2.5-1HR
948,BEL_BETREG1,2026-02-10,5.73,7.79,86.75,0.05,3.76,167.6,991.96,7150.07,1.59,4.726,2400.0,0.02,PM2.5-1HR
948,BEL_BETMEU1,2026-02-11,3.8,9.93,90.54,0.48,4,221.84,983.52,2940.48,1.48,4.572,2400.0,0.194,PM2.5-1HR
948,BEL_BETREG1,2026-02-11,3.91,9.91,90.88,0.38,4.23,221.64,983.62,7150.07,1.42,4.488,2400.0,0.02,PM2.5-1HR
948,BEL_BETB011,2026-02-11,3.36,9.91,90.88,0.38,4.23,221.64,983.62,4799.28,1.42,4.488,2400.0,0.943,PM2.5-1HR
948,BEL_BETN043,2026-02-11,3.35,9.91,90.88,0.38,4.23,221.64,983.62,5278.47,1.42,4.488,2400.0,0.014,PM2.5-1HR
948,BEL_BETR001,2026-02-11,3.53,9.91,90.88,0.38,4.23,221.64,983.62,19773.03,1.42,4.488,2400.0,0.017,PM2.5-1HR
948,BEL_BETR012,2026-02-11,3.19,9.82,91.21,0.28,4.41,222.17,983.72,4591.59,1.31,4.334,2400.0,0.456,PM2.5-1HR
948,BEL_BETMEU1,2026-02-12,6.8,8.56,91.13,0.63,3.75,256.82,980.95,2940.48,0.24,2.836,2400.0,0.194,PM2.5-1HR
948,BEL_BETREG1,2026-02-12,6.45,8.53,91.04,0.66,3.7,254.78,981.01,7150.07,0.21,2.794,2400.0,0.02,PM2.5-1HR
948,BEL_BETB011,2026-02-12,5.86,8.53,91.04,0.66,3.7,254.78,981.01,4799.28,0.21,2.794,2400.0,0.943,PM2.5-1HR
948,BEL_BETN043,2026-02-12,5.27,8.53,91.04,0.66,3.7,254.78,981.01,5278.47,0.21,2.794,2400.0,0.014,PM2.5-1HR
948,BEL_BETR001,2026-02-12,6.45,8.53,91.04,0.66,3.7,254.78,981.01,19773.03,0.21,2.794,2400.0,0.017,PM2.5-1HR
948,BEL_BETR012,2026-02-12,4.9,8.51,91.13,0.74,3.7,252.9,981.07,4591.59,0.18,2.752,2400.0,0.456,PM2.5-1HR
948,BEL_BETREG1,2026-02-13,7.8,5.96,90.58,0.15,2.5,10.22,992.95,7150.07,1.09,4.026,2400.0,0.02,PM2.5-1HR
948,BEL_BETB011,2026-02-13,6.89,5.96,90.58,0.15,2.5,10.22,992.95,4799.28,1.09,4.026,2400.0,0.943,PM2.5-1HR
948,BEL_BETMEU1,2026-02-13,7.11,5.84,89.21,0.16,2.46,57.83,993,2940.48,1.27,4.278,2400.0,0.194,PM2.5-1HR
948,BEL_BETN043,2026-02-13,5.84,5.96,90.58,0.15,2.5,10.22,992.95,5278.47,1.09,4.026,2400.0,0.014,PM2.5-1HR
948,BEL_BETR001,2026-02-13,7.51,5.96,90.58,0.15,2.5,10.22,992.95,19773.03,1.09,4.026,2400.0,0.017,PM2.5-1HR
948,BEL_BETR012,2026-02-13,6.9,6.08,91.21,0.21,2.71,305.36,992.88,4591.59,1,3.9,2400.0,0.456,PM2.5-1HR
948,BEL_BETREG1,2026-02-14,8.16,0.77,76.54,0,3.6,24.65,1010.9,7150.07,5.58,10.312,2400.0,0.02,PM2.5-1HR
948,BEL_BETB011,2026-02-14,8.81,0.77,76.54,0,3.6,24.65,1010.9,4799.28,5.58,10.312,2400.0,0.943,PM2.5-1HR
948,BEL_BETMEU1,2026-02-14,8.7,0.74,74.92,0,3.58,27.23,1011,2940.48,5.62,10.368,2400.0,0.194,PM2.5-1HR
948,BEL_BETN043,2026-02-14,7.14,0.77,76.54,0,3.6,24.65,1010.9,5278.47,5.58,10.312,2400.0,0.014,PM2.5-1HR
948,BEL_BETR001,2026-02-14,8.8,0.77,76.54,0,3.6,24.65,1010.9,19773.03,5.58,10.312,2400.0,0.017,PM2.5-1HR
948,BEL_BETR012,2026-02-14,9.36,0.68,77,0,3.58,22.98,1010.82,4591.59,5.61,10.354,2400.0,0.456,PM2.5-1HR
948,BEL_BETREG1,2026-02-15,8.99,0,82.42,0.3,3.88,170.04,1010.13,7150.07,2.7,6.28,2400.0,0.02,PM2.5-1HR
948,BEL_BETB011,2026-02-15,10.03,0,82.42,0.3,3.88,170.04,1010.13,4799.28,2.7,6.28,2400.0,0.943,PM2.5-1HR
948,BEL_BETMEU1,2026-02-15,9.79,0.03,81.67,0.29,3.8,169.5,1010.05,2940.48,2.74,6.336,2400.0,0.194,PM2.5-1HR
948,BEL_BETN043,2026-02-15,7.76,0,82.42,0.3,3.88,170.04,1010.13,5278.47,2.7,6.28,2400.0,0.014,PM2.5-1HR
948,BEL_BETR001,2026-02-15,10.9,0,82.42,0.3,3.88,170.04,1010.13,19773.03,2.7,6.28,2400.0,0.017,PM2.5-1HR
948,BEL_BETR012,2026-02-15,10.36,-0.12,82.46,0.3,3.92,170.23,1010.18,4591.59,2.63,6.182,2400.0,0.456,PM2.5-1HR
948,BEL_BETREG1,2026-02-16,4.55,4.66,88.67,1.06,4.72,251.35,996.8,7150.07,0.83,3.662,2400.0,0.02,PM2.5-1HR
948,BEL_BETB011,2026-02-16,3.95,4.66,88.67,1.06,4.72,251.35,996.8,4799.28,0.83,3.662,2400.0,0.943,PM2.5-1HR
948,BEL_BETMEU1,2026-02-16,4.4,4.83,88.75,0.25,4.79,251.44,996.62,2940.48,0.89,3.746,2400.0,0.194,PM2.5-1HR
948,BEL_BETN043,2026-02-16,3.97,4.66,88.67,1.06,4.72,251.35,996.8,5278.47,0.83,3.662,2400.0,0.014,PM2.5-1HR
948,BEL_BETR001,2026-02-16,4.36,4.66,88.67,1.06,4.72,251.35,996.8,19773.03,0.83,3.662,2400.0,0.017,PM2.5-1HR
948,BEL_BETR012,2026-02-16,3.59,4.69,90.75,0.39,4.71,253.4,996.96,4591.59,0.87,3.718,2400.0,0.456,PM2.5-1HR
948,BEL_BETREG1,2026-02-17,5.07,3.57,86.21,0.13,4.5,274.22,1010.13,7150.07,1.39,4.446,2400.0,0.02,PM2.5-1HR
948,BEL_BETB011,2026-02-17,4.59,3.57,86.21,0.13,4.5,274.22,1010.13,4799.28,1.39,4.446,2400.0,0.943,PM2.5-1HR
948,BEL_BETMEU1,2026-02-17,4.99,3.67,86.25,0.11,4.53,273.83,1009.97,2940.48,1.56,4.684,2400.0,0.194,PM2.5-1HR
948,BEL_BETN043,2026-02-17,4.13,3.57,86.21,0.13,4.5,274.22,1010.13,5278.47,1.39,4.446,2400.0,0.014,PM2.5-1HR
948,BEL_BETR001,2026-02-17,5.05,3.57,86.21,0.13,4.5,274.22,1010.13,19773.03,1.39,4.446,2400.0,0.017,PM2.5-1HR
948,BEL_BETR012,2026-02-17,4.3,3.48,86.88,0.14,4.41,274.05,1010.27,4591.59,1.37,4.418,2400.0,0.456,PM2.5-1HR
948,BEL_BETREG1,2026-02-18,7.61,2.77,81,0.14,3.9,111.92,1009.33,7150.07,3.9,7.96,2400.0,0.02,PM2.5-1HR
948,BEL_BETB011,2026-02-18,7.52,2.77,81,0.14,3.9,111.92,1009.33,4799.28,3.9,7.96,2400.0,0.943,PM2.5-1HR
948,BEL_BETMEU1,2026-02-18,8.59,2.69,80.58,0.13,3.9,113.09,1009.39,2940.48,3.99,8.086,2400.0,0.194,PM2.5-1HR
948,BEL_BETN043,2026-02-18,6.95,2.77,81,0.14,3.9,111.92,1009.33,5278.47,3.9,7.96,2400.0,0.014,PM2.5-1HR
948,BEL_BETR001,2026-02-18,8.39,2.77,81,0.14,3.9,111.92,1009.33,19773.03,3.9,7.96,2400.0,0.017,PM2.5-1HR
948,BEL_BETR012,2026-02-18,6.27,2.78,80.58,0.15,3.85,110.95,1009.24,4591.59,3.85,7.89,2400.0,0.456,PM2.5-1HR
948,BEL_BETREG1,2026-02-19,3.13,5.18,88.75,0.37,3.86,82.25,999.53,7150.07,1.8,5.02,2400.0,0.02,PM2.5-1HR
948,BEL_BETB011,2026-02-19,3.1,5.18,88.75,0.37,3.86,82.25,999.53,4799.28,1.8,5.02,2400.0,0.943,PM2.5-1HR
948,BEL_BETMEU1,2026-02-19,3.22,4.91,87.79,0.35,4,80.81,999.7,2940.48,2.01,5.314,2400.0,0.194,PM2.5-1HR
948,BEL_BETR001,2026-02-19,3.44,5.18,88.75,0.37,3.86,82.25,999.53,19773.03,1.8,5.02,2400.0,0.017,PM2.5-1HR
948,BEL_BETR012,2026-02-19,2.25,5.54,88.67,0.36,3.7,86.5,999.33,4591.59,1.8,5.02,2400.0,0.456,PM2.5-1HR
948,BEL_BETB011,2026-02-20,9.01,6.67,83.58,0.08,3.96,227.16,1017.79,4799.28,2.95,6.63,2400.0,0.943,PM2.5-1HR
948,BEL_BETMEU1,2026-02-20,9.72,6.8,82.08,0.03,3.99,225.26,1017.63,2940.48,3,6.7,2400.0,0.194,PM2.5-1HR
948,BEL_BETN043,2026-02-20,7.61,6.67,83.58,0.08,3.96,227.16,1017.79,5278.47,2.95,6.63,2400.0,0.014,PM2.5-1HR
948,BEL_BETR001,2026-02-20,9.6,6.67,83.58,0.08,3.96,227.16,1017.79,19773.03,2.95,6.63,2400.0,0.017,PM2.5-1HR
948,BEL_BETR012,2026-02-20,8.84,6.6,83.83,0.12,3.99,231.93,1017.93,4591.59,2.85,6.49,2400.0,0.456,PM2.5-1HR
948,BEL_BETREG1,2026-02-20,9.84,6.67,83.58,0.08,3.96,227.16,1017.79,7150.07,2.95,6.63,2400.0,0.02,PM2.5-1HR
948,BEL_BETB011,2026-02-21,7.05,9.67,89.71,0.32,5.08,245.13,1020.16,4799.28,1.23,4.222,2400.0,0.943,PM2.5-1HR
948,BEL_BETMEU1,2026-02-21,7.25,9.78,88.92,0.28,5.09,244.9,1019.95,2940.48,1.31,4.334,2400.0,0.194,PM2.5-1HR
948,BEL_BETN043,2026-02-21,7.51,9.67,89.71,0.32,5.08,245.13,1020.16,5278.47,1.23,4.222,2400.0,0.014,PM2.5-1HR
948,BEL_BETR001,2026-02-21,7.36,9.67,89.71,0.32,5.08,245.13,1020.16,19773.03,1.23,4.222,2400.0,0.017,PM2.5-1HR
948,BEL_BETR012,2026-02-21,6.84,9.6,90.17,0.35,5.05,245.87,1020.34,4591.59,1.24,4.236,2400.0,0.456,PM2.5-1HR
948,BEL_BETREG1,2026-02-21,7.37,9.67,89.71,0.32,5.08,245.13,1020.16,7150.07,1.23,4.222,2400.0,0.02,PM2.5-1HR
948,BEL_BETB011,2026-02-22,1.09,11.05,94.71,0.6,6.08,239.38,1018.55,4799.28,0.11,2.654,2400.0,0.943,PM2.5-1HR
948,BEL_BETMEU1,2026-02-22,1.29,11.13,94.46,0.53,6.11,239.17,1018.34,2940.48,0.13,2.682,2400.0,0.194,PM2.5-1HR
948,BEL_BETN043,2026-02-22,1.12,11.05,94.71,0.6,6.08,239.38,1018.55,5278.47,0.11,2.654,2400.0,0.014,PM2.5-1HR
948,BEL_BETR001,2026-02-22,1.17,11.05,94.71,0.6,6.08,239.38,1018.55,19773.03,0.11,2.654,2400.0,0.017,PM2.5-1HR
948,BEL_BETR012,2026-02-22,0.91,10.98,95.33,0.61,6.04,240.42,1018.75,4591.59,0.09,2.626,2400.0,0.456,PM2.5-1HR
948,BEL_BETREG1,2026-02-22,0.97,11.05,94.71,0.6,6.08,239.38,1018.55,7150.07,0.11,2.654,2400.0,0.02,PM2.5-1HR
948,BEL_BETB011,2026-02-23,3.68,9.43,87.96,0.13,5.87,243.67,1017.03,4799.28,0.53,3.242,2400.0,0.943,PM2.5-1HR
948,BEL_BETMEU1,2026-02-23,4.13,9.63,86.54,0.13,5.94,243.53,1016.81,2940.48,0.57,3.298,2400.0,0.194,PM2.5-1HR
948,BEL_BETN043,2026-02-23,5.86,9.43,87.96,0.13,5.87,243.67,1017.03,5278.47,0.53,3.242,2400.0,0.014,PM2.5-1HR
948,BEL_BETR001,2026-02-23,4.09,9.43,87.96,0.13,5.87,243.67,1017.03,19773.03,0.53,3.242,2400.0,0.017,PM2.5-1HR
948,BEL_BETR012,2026-02-23,3.3,9.28,88.5,0.13,5.85,244.29,1017.28,4591.59,0.5,3.2,2400.0,0.456,PM2.5-1HR
948,BEL_BETREG1,2026-02-23,4.19,9.43,87.96,0.13,5.87,243.67,1017.03,7150.07,0.53,3.242,2400.0,0.02,PM2.5-1HR
948,BEL_BETB011,2026-02-24,6.04,11.28,93.17,0.04,2.71,214.4,1018.92,4799.28,1.26,4.264,2400.0,0.943,PM2.5-1HR
948,BEL_BETMEU1,2026-02-24,6.45,11.39,92.75,0.03,2.69,211.5,1018.84,2940.48,1.37,4.418,2400.0,0.194,PM2.5-1HR
948,BEL_BETN043,2026-02-24,6.02,11.28,93.17,0.04,2.71,214.4,1018.92,5278.47,1.26,4.264,2400.0,0.014,PM2.5-1HR
948,BEL_BETR001,2026-02-24,6.85,11.28,93.17,0.04,2.71,214.4,1018.92,19773.03,1.26,4.264,2400.0,0.017,PM2.5-1HR
948,BEL_BETR012,2026-02-24,6.34,11.24,93.17,0.04,2.69,217.93,1018.98,4591.59,1.23,4.222,2400.0,0.456,PM2.5-1HR
948,BEL_BETREG1,2026-02-24,7.37,11.28,93.17,0.04,2.71,214.4,1018.92,7150.07,1.26,4.264,2400.0,0.02,PM2.5-1HR
948,BEL_BETB011,2026-02-25,3.08,12.98,82.42,0,2.87,170.84,1018.82,4799.28,1.75,4.95,2400.0,0.943,PM2.5-1HR
948,BEL_BETMEU1,2026-02-25,3.76,12.89,82.58,0,2.61,171.53,1018.78,2940.48,1.9,5.16,2400.0,0.194,PM2.5-1HR
948,BEL_BETN043,2026-02-25,4.35,12.98,82.42,0,2.87,170.84,1018.82,5278.47,1.75,4.95,2400.0,0.014,PM2.5-1HR
948,BEL_BETR001,2026-02-25,4.06,12.98,82.42,0,2.87,170.84,1018.82,19773.03,1.75,4.95,2400.0,0.017,PM2.5-1HR
948,BEL_BETR012,2026-02-25,2.77,12.82,82.29,0,2.87,169.14,1018.84,4591.59,1.64,4.796,2400.0,0.456,PM2.5-1HR
948,BEL_BETREG1,2026-02-25,3.52,12.98,82.42,0,2.87,170.84,1018.82,7150.07,1.75,4.95,2400.0,0.02,PM2.5-1HR
948,BEL_BETB011,2026-02-26,9.64,12.9,79.13,0,3.87,210.46,1019.64,4799.28,4.34,8.576,2400.0,0.943,PM2.5-1HR
948,BEL_BETMEU1,2026-02-26,10.44,12.88,78.92,0,3.79,210.69,1019.52,2940.48,4.34,8.576,2400.0,0.194,PM2.5-1HR
948,BEL_BETN043,2026-02-26,9.88,12.9,79.13,0,3.87,210.46,1019.64,5278.47,4.34,8.576,2400.0,0.014,PM2.5-1HR
948,BEL_BETR001,2026-02-26,10.38,12.9,79.13,0,3.87,210.46,1019.64,19773.03,4.34,8.576,2400.0,0.017,PM2.5-1HR
948,BEL_BETR012,2026-02-26,9.16,12.86,79.08,0,3.83,208.98,1019.73,4591.59,4.3,8.52,2400.0,0.456,PM2.5-1HR
948,BEL_BETREG1,2026-02-26,10.45,12.9,79.13,0,3.87,210.46,1019.64,7150.07,4.34,8.576,2400.0,0.02,PM2.5-1HR
948,BEL_BETB011,2026-02-27,7.71,12.08,80.79,0.18,4.59,205.85,1015.29,4799.28,3.35,7.19,2400.0,0.943,PM2.5-1HR
948,BEL_BETMEU1,2026-02-27,9.07,12.07,81.21,0.19,4.54,206.06,1015.17,2940.48,3.46,7.344,2400.0,0.194,PM2.5-1HR
948,BEL_BETN043,2026-02-27,7.67,12.08,80.79,0.18,4.59,205.85,1015.29,5278.47,3.35,7.19,2400.0,0.014,PM2.5-1HR
948,BEL_BETR001,2026-02-27,8.18,12.08,80.79,0.18,4.59,205.85,1015.29,19773.03,3.35,7.19,2400.0,0.017,PM2.5-1HR
948,BEL_BETR012,2026-02-27,6.82,12.11,80.54,0.16,4.62,204.89,1015.38,4591.59,3.27,7.078,2400.0,0.456,PM2.5-1HR
948,BEL_BETREG1,2026-02-27,7.86,12.08,80.79,0.18,4.59,205.85,1015.29,7150.07,3.35,7.19,2400.0,0.02,PM2.5-1HR
948,BEL_BETB011,2026-02-28,2.69,9.43,78.04,0.05,5.78,221.26,1017.64,4799.28,0.4,3.06,2400.0,0.943,PM2.5-1HR
948,BEL_BETMEU1,2026-02-28,3.14,9.55,77.54,0.04,5.75,220.83,1017.44,2940.48,0.46,3.144,2400.0,0.194,PM2.5-1HR
948,BEL_BETN043,2026-02-28,4.22,9.43,78.04,0.05,5.78,221.26,1017.64,5278.47,0.4,3.06,2400.0,0.014,PM2.5-1HR
948,BEL_BETR001,2026-02-28,2.88,9.43,78.04,0.05,5.78,221.26,1017.64,19773.03,0.4,3.06,2400.0,0.017,PM2.5-1HR
948,BEL_BETR012,2026-02-28,2.49,9.32,77.83,0.05,5.82,221.72,1017.81,4591.59,0.42,3.088,2400.0,0.456,PM2.5-1HR
948,BEL_BETREG1,2026-02-28,2.93,9.43,78.04,0.05,5.78,221.26,1017.64,7150.07,0.4,3.06,2400.0,0.02,PM2.5-1HR
948,BEL_BETB011,2026-03-01,3.04,8.11,73.21,0,4.2,198.88,1022.27,4799.28,1.51,4.614,2400.0,0.943,PM2.5-1HR
948,BEL_BETMEU1,2026-03-01,3.31,8.27,72.29,0,4.18,199.37,1022.14,2940.48,1.61,4.754,2400.0,0.194,PM2.5-1HR
948,BEL_BETN043,2026-03-01,2.95,8.11,73.21,0,4.2,198.88,1022.27,5278.47,1.51,4.614,2400.0,0.014,PM2.5-1HR
948,BEL_BETR001,2026-03-01,3.36,8.11,73.21,0,4.2,198.88,1022.27,19773.03,1.51,4.614,2400.0,0.017,PM2.5-1HR
948,BEL_BETR012,2026-03-01,2.69,8.01,73.08,0,4.14,198.05,1022.37,4591.59,1.46,4.544,2400.0,0.456,PM2.5-1HR
948,BEL_BETREG1,2026-03-01,3.19,8.11,73.21,0,4.2,198.88,1022.27,7150.07,1.51,4.614,2400.0,0.02,PM2.5-1HR
948,BEL_BETB011,2026-03-02,3.19,10.47,67.83,0,3.11,169.41,1019.89,4799.28,1.66,4.824,2400.0,0.943,PM2.5-1HR
948,BEL_BETMEU1,2026-03-02,3.81,10.23,68.42,0,2.89,169.66,1019.85,2940.48,1.75,4.95,2400.0,0.194,PM2.5-1HR
948,BEL_BETN043,2026-03-02,4.61,10.47,67.83,0,3.11,169.41,1019.89,5278.47,1.66,4.824,2400.0,0.014,PM2.5-1HR
948,BEL_BETR001,2026-03-02,4.65,10.47,67.83,0,3.11,169.41,1019.89,19773.03,1.66,4.824,2400.0,0.017,PM2.5-1HR
948,BEL_BETR012,2026-03-02,3.81,10.23,67.96,0,3.1,167.7,1019.93,4591.59,1.61,4.754,2400.0,0.456,PM2.5-1HR
948,BEL_BETREG1,2026-03-02,3.04,10.47,67.83,0,3.11,169.41,1019.89,7150.07,1.66,4.824,2400.0,0.02,PM2.5-1HR
948,BEL_BETB011,2026-03-03,12.08,10.85,74.83,0,1.7,233.42,1025.18,4799.28,6.76,11.964,2400.0,0.943,PM2.5-1HR
948,BEL_BETMEU1,2026-03-03,13.68,10.23,77.21,0,1.4,218.86,1025.19,2940.48,6.72,11.908,2400.0,0.194,PM2.5-1HR
948,BEL_BETN043,2026-03-03,14.38,10.85,74.83,0,1.7,233.42,1025.18,5278.47,6.76,11.964,2400.0,0.014,PM2.5-1HR
948,BEL_BETR001,2026-03-03,14.51,10.85,74.83,0,1.7,233.42,1025.18,19773.03,6.76,11.964,2400.0,0.017,PM2.5-1HR
948,BEL_BETR012,2026-03-03,10.99,10.73,74.5,0,1.64,233.32,1025.17,4591.59,6.74,11.936,2400.0,0.456,PM2.5-1HR
948,BEL_BETREG1,2026-03-03,13.26,10.85,74.83,0,1.7,233.42,1025.18,7150.07,6.76,11.964,2400.0,0.02,PM2.5-1HR
948,BEL_BETB011,2026-03-04,22.63,10.65,78.79,0,1.82,73.6,1025.82,4799.28,7.41,12.874,2400.0,0.943,PM2.5-1HR
948,BEL_BETMEU1,2026-03-04,29.48,9.75,81.46,0,1.52,76.85,1025.88,2940.48,7.57,13.098,2400.0,0.194,PM2.5-1HR
948,BEL_BETN043,2026-03-04,24.58,10.65,78.79,0,1.82,73.6,1025.82,5278.47,7.41,12.874,2400.0,0.014,PM2.5-1HR
948,BEL_BETR001,2026-03-04,26.66,10.65,78.79,0,1.82,73.6,1025.82,19773.03,7.41,12.874,2400.0,0.017,PM2.5-1HR
948,BEL_BETR012,2026-03-04,18.72,10.66,76.08,0,1.67,72.24,1025.73,4591.59,7.01,12.314,2400.0,0.456,PM2.5-1HR
948,BEL_BETREG1,2026-03-04,24.12,10.65,78.79,0,1.82,73.6,1025.82,7150.07,7.41,12.874,2400.0,0.02,PM2.5-1HR
948,BEL_BETB011,2026-03-05,11.55,12.07,65.04,0,2.79,136.13,1019.28,4799.28,7.83,13.462,2400.0,0.943,PM2.5-1HR
948,BEL_BETMEU1,2026-03-05,15.68,11.74,66.5,0,2.46,133.25,1019.31,2940.48,7.94,13.616,2400.0,0.194,PM2.5-1HR
948,BEL_BETN043,2026-03-05,16.08,12.07,65.04,0,2.79,136.13,1019.28,5278.47,7.83,13.462,2400.0,0.014,PM2.5-1HR
948,BEL_BETR001,2026-03-05,14.26,12.07,65.04,0,2.79,136.13,1019.28,19773.03,7.83,13.462,2400.0,0.017,PM2.5-1HR
948,BEL_BETR012,2026-03-05,10.85,12,64.08,0,2.85,138.94,1019.23,4591.59,7.72,13.308,2400.0,0.456,PM2.5-1HR
948,BEL_BETREG1,2026-03-05,11.85,12.07,65.04,0,2.79,136.13,1019.28,7150.07,7.83,13.462,2400.0,0.02,PM2.5-1HR
948,BEL_BETB011,2026-03-06,16.14,12.71,70.75,0,1.62,223.54,1020.68,4799.28,10.65,17.41,2400.0,0.943,PM2.5-1HR
948,BEL_BETMEU1,2026-03-06,17.41,12.16,72.33,0,1.32,223.81,1020.69,2940.48,10.77,17.578,2400.0,0.194,PM2.5-1HR
948,BEL_BETN043,2026-03-06,19.57,12.71,70.75,0,1.62,223.54,1020.68,5278.47,10.65,17.41,2400.0,0.014,PM2.5-1HR
948,BEL_BETR001,2026-03-06,19.06,12.71,70.75,0,1.62,223.54,1020.68,19773.03,10.65,17.41,2400.0,0.017,PM2.5-1HR
948,BEL_BETR012,2026-03-06,15.59,12.64,69.92,0,1.65,208.73,1020.64,4591.59,10.62,17.368,2400.0,0.456,PM2.5-1HR
948,BEL_BETREG1,2026-03-06,15.86,12.71,70.75,0,1.62,223.54,1020.68,7150.07,10.65,17.41,2400.0,0.02,PM2.5-1HR
948,BEL_BETB011,2026-03-07,43,10.49,88.58,0,2.08,10.05,1024.88,4799.28,27.28,40.692,2400.0,0.943,PM2.5-1HR
948,BEL_BETMEU1,2026-03-07,44.22,9.98,89.29,0.02,1.76,5.32,1024.94,2940.48,27.35,40.79,2400.0,0.194,PM2.5-1HR
948,BEL_BETN043,2026-03-07,37.38,10.49,88.58,0,2.08,10.05,1024.88,5278.47,27.28,40.692,2400.0,0.014,PM2.5-1HR
948,BEL_BETR001,2026-03-07,45.08,10.49,88.58,0,2.08,10.05,1024.88,19773.03,27.28,40.692,2400.0,0.017,PM2.5-1HR
948,BEL_BETR012,2026-03-07,40.85,10.55,88.17,0,1.99,13.09,1024.79,4591.59,26.81,40.034,2400.0,0.456,PM2.5-1HR
948,BEL_BETREG1,2026-03-07,41.18,10.49,88.58,0,2.08,10.05,1024.88,7150.07,27.28,40.692,2400.0,0.02,PM2.5-1HR
948,BEL_BETB011,2026-03-08,35.1,9.73,89.42,0,1.47,61.21,1023.6,4799.28,24.89,37.346,2400.0,0.943,PM2.5-1HR
948,BEL_BETMEU1,2026-03-08,35.36,9.13,89.46,0,1.22,61.38,1023.65,2940.48,25.49,38.186,2400.0,0.194,PM2.5-1HR
948,BEL_BETN043,2026-03-08,29.25,9.73,89.42,0,1.47,61.21,1023.6,5278.47,24.89,37.346,2400.0,0.014,PM2.5-1HR
948,BEL_BETR001,2026-03-08,37.1,9.73,89.42,0,1.47,61.21,1023.6,19773.03,24.89,37.346,2400.0,0.017,PM2.5-1HR
948,BEL_BETR012,2026-03-08,32.15,9.98,88.21,0,1.42,64.9,1023.52,4591.59,24.53,36.842,2400.0,0.456,PM2.5-1HR
948,BEL_BETREG1,2026-03-08,33.04,9.73,89.42,0,1.47,61.21,1023.6,7150.07,24.89,37.346,2400.0,0.02,PM2.5-1HR
948,BEL_BETB011,2026-03-09,29.28,11.87,77.63,0.01,1.4,194.4,1020.03,4799.28,12.4,19.86,2400.0,0.943,PM2.5-1HR
948,BEL_BETMEU1,2026-03-09,31.62,11.19,79.04,0,1.16,199.65,1020.04,2940.48,12.67,20.238,2400.0,0.194,PM2.5-1HR
948,BEL_BETN043,2026-03-09,26.99,11.87,77.63,0.01,1.4,194.4,1020.03,5278.47,12.4,19.86,2400.0,0.014,PM2.5-1HR
948,BEL_BETR001,2026-03-09,31.2,11.87,77.63,0.01,1.4,194.4,1020.03,19773.03,12.4,19.86,2400.0,0.017,PM2.5-1HR
948,BEL_BETR012,2026-03-09,26.03,11.66,78.08,0,1.48,190.12,1020.03,4591.59,12.27,19.678,2400.0,0.456,PM2.5-1HR
948,BEL_BETREG1,2026-03-09,27.51,11.87,77.63,0.01,1.4,194.4,1020.03,7150.07,12.4,19.86,2400.0,0.02,PM2.5-1HR
948,BEL_BETB011,2026-03-10,10.84,10.63,84.88,0.12,3.13,212.81,1017,4799.28,2.74,6.336,2400.0,0.943,PM2.5-1HR
948,BEL_BETMEU1,2026-03-10,12.04,10.45,85.25,0.11,3.07,213.16,1016.92,2940.48,2.72,6.308,2400.0,0.194,PM2.5-1HR
948,BEL_BETN043,2026-03-10,10.38,10.63,84.88,0.12,3.13,212.81,1017,5278.47,2.74,6.336,2400.0,0.014,PM2.5-1HR
948,BEL_BETR001,2026-03-10,12.42,10.63,84.88,0.12,3.13,212.81,1017,19773.03,2.74,6.336,2400.0,0.017,PM2.5-1HR
948,BEL_BETR012,2026-03-10,9.9,10.49,84.54,0.1,2.98,213.26,1017.05,4591.59,2.73,6.322,2400.0,0.456,PM2.5-1HR
948,BEL_BETREG1,2026-03-10,9.64,10.63,84.88,0.12,3.13,212.81,1017,7150.07,2.74,6.336,2400.0,0.02,PM2.5-1HR
948,BEL_BETB011,2026-03-11,6.4,9.42,85.21,0.18,4.75,224.21,1013.36,4799.28,1,3.9,2400.0,0.943,PM2.5-1HR
948,BEL_BETMEU1,2026-03-11,7.13,9.42,84.88,0.17,4.66,224.58,1013.23,2940.48,1.1,4.04,2400.0,0.194,PM2.5-1HR
948,BEL_BETN043,2026-03-11,5.56,9.42,85.21,0.18,4.75,224.21,1013.36,5278.47,1,3.9,2400.0,0.014,PM2.5-1HR
948,BEL_BETR001,2026-03-11,6.78,9.42,85.21,0.18,4.75,224.21,1013.36,19773.03,1,3.9,2400.0,0.017,PM2.5-1HR
948,BEL_BETR012,2026-03-11,5.86,9.21,86.21,0.18,4.77,223.8,1013.52,4591.59,0.94,3.816,2400.0,0.456,PM2.5-1HR
948,BEL_BETREG1,2026-03-11,6.38,9.42,85.21,0.18,4.75,224.21,1013.36,7150.07,1,3.9,2400.0,0.02,PM2.5-1HR
948,BEL_BETB011,2026-03-12,6.13,8.34,75.08,0,5.5,212.32,1018.7,4799.28,3.77,7.778,2400.0,0.943,PM2.5-1HR
948,BEL_BETMEU1,2026-03-12,7.6,8.5,73.96,0,5.54,212.2,1018.51,2940.48,3.88,7.932,2400.0,0.194,PM2.5-1HR
948,BEL_BETN043,2026-03-12,6.23,8.34,75.08,0,5.5,212.32,1018.7,5278.47,3.77,7.778,2400.0,0.014,PM2.5-1HR
948,BEL_BETR001,2026-03-12,6.68,8.34,75.08,0,5.5,212.32,1018.7,19773.03,3.77,7.778,2400.0,0.017,PM2.5-1HR
948,BEL_BETR012,2026-03-12,6.11,8.25,75.08,0,5.45,212.78,1018.87,4591.59,3.58,7.512,2400.0,0.456,PM2.5-1HR
948,BEL_BETREG1,2026-03-12,7.08,8.34,75.08,0,5.5,212.32,1018.7,7150.07,3.77,7.778,2400.0,0.02,PM2.5-1HR
948,BEL_BETB011,2026-03-13,2.92,7.89,85.88,0.44,5.45,209.93,1005.29,4799.28,0.44,3.116,2400.0,0.943,PM2.5-1HR
948,BEL_BETMEU1,2026-03-13,3.36,8.06,85.5,0.4,5.5,210.3,1005.1,2940.48,0.37,3.018,2400.0,0.194,PM2.5-1HR
948,BEL_BETN043,2026-03-13,2.76,7.89,85.88,0.44,5.45,209.93,1005.29,5278.47,0.44,3.116,2400.0,0.014,PM2.5-1HR
948,BEL_BETR001,2026-03-13,2.98,7.89,85.88,0.44,5.45,209.93,1005.29,19773.03,0.44,3.116,2400.0,0.017,PM2.5-1HR
948,BEL_BETR012,2026-03-13,3.05,7.7,87.33,0.47,5.39,210.21,1005.47,4591.59,0.48,3.172,2400.0,0.456,PM2.5-1HR
948,BEL_BETREG1,2026-03-13,2.83,7.89,85.88,0.44,5.45,209.93,1005.29,7150.07,0.44,3.116,2400.0,0.02,PM2.5-1HR
948,BEL_BETB011,2026-03-14,3.71,4.7,88.04,0.42,2.71,266.35,1003.42,4799.28,0.18,2.752,2400.0,0.943,PM2.5-1HR
948,BEL_BETMEU1,2026-03-14,4.8,4.86,87.83,0.43,2.65,266.46,1003.33,2940.48,0.21,2.794,2400.0,0.194,PM2.5-1HR
948,BEL_BETN043,2026-03-14,2.82,4.7,88.04,0.42,2.71,266.35,1003.42,5278.47,0.18,2.752,2400.0,0.014,PM2.5-1HR
948,BEL_BETR001,2026-03-14,4,4.7,88.04,0.42,2.71,266.35,1003.42,19773.03,0.18,2.752,2400.0,0.017,PM2.5-1HR
948,BEL_BETR012,2026-03-14,3.6,4.37,88.79,0.42,2.66,265.56,1003.48,4591.59,0.19,2.766,2400.0,0.456,PM2.5-1HR
948,BEL_BETREG1,2026-03-14,3.51,4.7,88.04,0.42,2.71,266.35,1003.42,7150.07,0.18,2.752,2400.0,0.02,PM2.5-1HR
948,BEL_BETB011,2026-03-15,6.8,5.85,73.58,0.03,3.21,226.28,1014.35,4799.28,2.48,5.972,2400.0,0.943,PM2.5-1HR
948,BEL_BETMEU1,2026-03-15,7.62,5.8,72.71,0.03,3.17,226.63,1014.23,2940.48,2.55,6.07,2400.0,0.194,PM2.5-1HR
948,BEL_BETN043,2026-03-15,6.36,5.85,73.58,0.03,3.21,226.28,1014.35,5278.47,2.48,5.972,2400.0,0.014,PM2.5-1HR
948,BEL_BETR001,2026-03-15,7.75,5.85,73.58,0.03,3.21,226.28,1014.35,19773.03,2.48,5.972,2400.0,0.017,PM2.5-1HR
948,BEL_BETR012,2026-03-15,6.14,5.55,73.96,0.02,3.06,225.81,1014.45,4591.59,2.46,5.944,2400.0,0.456,PM2.5-1HR
948,BEL_BETREG1,2026-03-15,6.41,5.85,73.58,0.03,3.21,226.28,1014.35,7150.07,2.48,5.972,2400.0,0.02,PM2.5-1HR
948,BEL_BETB011,2026-03-16,5.4,8.04,75.29,0.08,4.41,256.2,1015.92,4799.28,1.99,5.286,2400.0,0.943,PM2.5-1HR
948,BEL_BETMEU1,2026-03-16,5.99,8.18,74.33,0.06,4.4,256.73,1015.77,2940.48,2.02,5.328,2400.0,0.194,PM2.5-1HR
948,BEL_BETN043,2026-03-16,5.02,8.04,75.29,0.08,4.41,256.2,1015.92,5278.47,1.99,5.286,2400.0,0.014,PM2.5-1HR
948,BEL_BETR001,2026-03-16,5.88,8.04,75.29,0.08,4.41,256.2,1015.92,19773.03,1.99,5.286,2400.0,0.017,PM2.5-1HR
948,BEL_BETR012,2026-03-16,5.3,7.94,75.67,0.05,4.49,255.83,1016.04,4591.59,1.93,5.202,2400.0,0.456,PM2.5-1HR
948,BEL_BETREG1,2026-03-16,6.02,8.04,75.29,0.08,4.41,256.2,1015.92,7150.07,1.99,5.286,2400.0,0.02,PM2.5-1HR
948,BEL_BETR012,2026-03-17,5,11.03,76.54,0,2.96,194.86,1019.7,4591.59,3.1,6.84,2400.0,0.456,PM2.5-1HR
948,BEL_BETB011,2026-03-17,5.18,11.14,76.79,0,3.01,194.85,1019.65,4799.28,3.12,6.868,2400.0,0.943,PM2.5-1HR
948,BEL_BETMEU1,2026-03-17,5.84,11.11,77.08,0,2.95,194.14,1019.59,2940.48,3.22,7.008,2400.0,0.194,PM2.5-1HR
948,BEL_BETN043,2026-03-17,5.64,11.14,76.79,0,3.01,194.85,1019.65,5278.47,3.12,6.868,2400.0,0.014,PM2.5-1HR
948,BEL_BETR001,2026-03-17,6,11.14,76.79,0,3.01,194.85,1019.65,19773.03,3.12,6.868,2400.0,0.017,PM2.5-1HR
948,BEL_BETREG1,2026-03-17,5.24,11.14,76.79,0,3.01,194.85,1019.65,7150.07,3.12,6.868,2400.0,0.02,PM2.5-1HR
948,BEL_BETR012,2026-03-18,3.88,10.26,63.71,0,3.6,104.84,1022.85,4591.59,2.65,6.21,2400.0,0.456,PM2.5-1HR
948,BEL_BETB011,2026-03-18,4.58,10.33,64.33,0,3.54,104.93,1022.94,4799.28,2.89,6.546,2400.0,0.943,PM2.5-1HR
948,BEL_BETMEU1,2026-03-18,5.9,10.31,64.04,0,3.36,104.89,1023.04,2940.48,3.02,6.728,2400.0,0.194,PM2.5-1HR
948,BEL_BETN043,2026-03-18,5.07,10.33,64.33,0,3.54,104.93,1022.94,5278.47,2.89,6.546,2400.0,0.014,PM2.5-1HR
948,BEL_BETR001,2026-03-18,5.37,10.33,64.33,0,3.54,104.93,1022.94,19773.03,2.89,6.546,2400.0,0.017,PM2.5-1HR
948,BEL_BETREG1,2026-03-18,4.6,10.33,64.33,0,3.54,104.93,1022.94,7150.07,2.89,6.546,2400.0,0.02,PM2.5-1HR
948,BEL_BETR012,2026-03-19,17.29,9.75,66.21,0,2.6,60.7,1025.22,4591.59,8.47,14.358,2400.0,0.456,PM2.5-1HR
948,BEL_BETREG1,2026-03-19,18.69,9.88,66.54,0,2.6,59.09,1025.32,7150.07,8.63,14.582,2400.0,0.02,PM2.5-1HR
948,BEL_BETB011,2026-03-19,18.9,9.88,66.54,0,2.6,59.09,1025.32,4799.28,8.63,14.582,2400.0,0.943,PM2.5-1HR
948,BEL_BETMEU1,2026-03-19,20.87,9.52,66.96,0,2.29,58.11,1025.41,2940.48,8.69,14.666,2400.0,0.194,PM2.5-1HR
948,BEL_BETN043,2026-03-19,18.11,9.88,66.54,0,2.6,59.09,1025.32,5278.47,8.63,14.582,2400.0,0.014,PM2.5-1HR
948,BEL_BETR001,2026-03-19,20.88,9.88,66.54,0,2.6,59.09,1025.32,19773.03,8.63,14.582,2400.0,0.017,PM2.5-1HR
948,BEL_BETR012,2026-03-20,24.4,8.88,73.63,0,2.23,44.92,1021.08,4591.59,10.22,16.808,2400.0,0.456,PM2.5-1HR
948,BEL_BETREG1,2026-03-20,24.14,8.94,74.25,0,2.32,43.75,1021.16,7150.07,9.4,15.66,2400.0,0.02,PM2.5-1HR
948,BEL_BETB011,2026-03-20,24.41,8.94,74.25,0,2.32,43.75,1021.16,4799.28,9.4,15.66,2400.0,0.943,PM2.5-1HR
948,BEL_BETMEU1,2026-03-20,26.23,8.52,75,0,2.1,43.95,1021.24,2940.48,10.29,16.906,2400.0,0.194,PM2.5-1HR
948,BEL_BETN043,2026-03-20,37.26,8.94,74.25,0,2.32,43.75,1021.16,5278.47,9.4,15.66,2400.0,0.014,PM2.5-1HR
948,BEL_BETR001,2026-03-20,25.81,8.94,74.25,0,2.32,43.75,1021.16,19773.03,9.4,15.66,2400.0,0.017,PM2.5-1HR
948,BEL_BETREG1,2026-03-21,12.59,7.83,75,0,2.8,41.28,1017.66,7150.07,5.57,10.298,2400.0,0.02,PM2.5-1HR
948,BEL_BETB011,2026-03-21,13.13,7.83,75,0,2.8,41.28,1017.66,4799.28,5.57,10.298,2400.0,0.943,PM2.5-1HR
948,BEL_BETMEU1,2026-03-21,13.69,7.63,75.08,0,2.56,41.66,1017.75,2940.48,5.59,10.326,2400.0,0.194,PM2.5-1HR
948,BEL_BETR001,2026-03-21,13.71,7.83,75,0,2.8,41.28,1017.66,19773.03,5.57,10.298,2400.0,0.017,PM2.5-1HR
948,BEL_BETR012,2026-03-21,13.49,7.83,75.04,0,2.77,42.2,1017.53,4591.59,5.39,10.046,2400.0,0.456,PM2.5-1HR
948,BEL_BETREG1,2026-03-22,21.08,8.32,75.17,0,2.14,56.92,1015.5,7150.07,12.64,20.196,2400.0,0.02,PM2.5-1HR
948,BEL_BETB011,2026-03-22,22.52,8.32,75.17,0,2.14,56.92,1015.5,4799.28,12.64,20.196,2400.0,0.943,PM2.5-1HR
948,BEL_BETMEU1,2026-03-22,23.03,7.89,75.63,0,1.95,55.83,1015.58,2940.48,13.06,20.784,2400.0,0.194,PM2.5-1HR
948,BEL_BETR001,2026-03-22,23,8.32,75.17,0,2.14,56.92,1015.5,19773.03,12.64,20.196,2400.0,0.017,PM2.5-1HR
948,BEL_BETR012,2026-03-22,19.75,8.14,75.67,0,2.13,57.68,1015.44,4591.59,12.46,19.944,2400.0,0.456,PM2.5-1HR
948,BEL_BETREG1,2026-03-23,29.15,9.12,75.96,0,1.37,313.46,1019.55,7150.07,21.37,32.418,2400.0,0.02,PM2.5-1HR
948,BEL_BETB011,2026-03-23,31.02,9.12,75.96,0,1.37,313.46,1019.55,4799.28,21.37,32.418,2400.0,0.943,PM2.5-1HR
948,BEL_BETMEU1,2026-03-23,32.55,8.63,76.58,0,1.21,306.14,1019.55,2940.48,21.37,32.418,2400.0,0.194,PM2.5-1HR
948,BEL_BETR001,2026-03-23,30.76,9.12,75.96,0,1.37,313.46,1019.55,19773.03,21.37,32.418,2400.0,0.017,PM2.5-1HR
948,BEL_BETR012,2026-03-23,27.75,8.88,76.04,0,1.31,317.59,1019.55,4591.59,20.22,30.808,2400.0,0.456,PM2.5-1HR
948,BEL_BETREG1,2026-03-24,26.57,11,67.13,0,4.63,214.04,1016.73,7150.07,15.76,24.564,2400.0,0.02,PM2.5-1HR
948,BEL_BETB011,2026-03-24,27.75,11,67.13,0,4.63,214.04,1016.73,4799.28,15.76,24.564,2400.0,0.943,PM2.5-1HR
948,BEL_BETMEU1,2026-03-24,32.37,11,67.21,0,4.6,213.83,1016.57,2940.48,15.85,24.69,2400.0,0.194,PM2.5-1HR
948,BEL_BETN043,2026-03-24,29.6,11,67.13,0,4.63,214.04,1016.73,5278.47,15.76,24.564,2400.0,0.014,PM2.5-1HR
948,BEL_BETR001,2026-03-24,28,11,67.13,0,4.63,214.04,1016.73,19773.03,15.76,24.564,2400.0,0.017,PM2.5-1HR
948,BEL_BETR012,2026-03-24,25.47,10.88,67.29,0,4.55,213.08,1016.88,4591.59,15.11,23.654,2400.0,0.456,PM2.5-1HR
948,BEL_BETREG1,2026-03-25,3.43,7.4,74.08,0.33,5.4,272.95,1005.94,7150.07,0.32,2.948,2400.0,0.02,PM2.5-1HR
948,BEL_BETB011,2026-03-25,2.65,7.4,74.08,0.33,5.4,272.95,1005.94,4799.28,0.32,2.948,2400.0,0.943,PM2.5-1HR
948,BEL_BETMEU1,2026-03-25,3,7.66,71.83,0.17,5.53,273.69,1005.77,2940.48,0.36,3.004,2400.0,0.194,PM2.5-1HR
948,BEL_BETN043,2026-03-25,2.17,7.4,74.08,0.33,5.4,272.95,1005.94,5278.47,0.32,2.948,2400.0,0.014,PM2.5-1HR
948,BEL_BETR001,2026-03-25,2.97,7.4,74.08,0.33,5.4,272.95,1005.94,19773.03,0.32,2.948,2400.0,0.017,PM2.5-1HR
948,BEL_BETR012,2026-03-25,2.51,7.2,76,0.48,5.3,272.28,1006.09,4591.59,0.32,2.948,2400.0,0.456,PM2.5-1HR
948,BEL_BETN043,2026-03-26,1.63,3.6,79.46,0.1,3.51,299.46,1018.5,5278.47,0.63,3.382,2400.0,0.014,PM2.5-1HR
948,BEL_BETREG1,2026-03-26,2.85,3.6,79.46,0.1,3.51,299.46,1018.5,7150.07,0.63,3.382,2400.0,0.02,PM2.5-1HR
948,BEL_BETB011,2026-03-26,2.77,3.6,79.46,0.1,3.51,299.46,1018.5,4799.28,0.63,3.382,2400.0,0.943,PM2.5-1HR
948,BEL_BETMEU1,2026-03-26,2.3,3.77,78.88,0.16,3.5,300.95,1018.4,2940.48,0.6,3.34,2400.0,0.194,PM2.5-1HR
948,BEL_BETR001,2026-03-26,2.69,3.6,79.46,0.1,3.51,299.46,1018.5,19773.03,0.63,3.382,2400.0,0.017,PM2.5-1HR
948,BEL_BETR012,2026-03-26,2.36,3.31,80.63,0.13,3.41,299.1,1018.6,4591.59,0.68,3.452,2400.0,0.456,PM2.5-1HR
948,BEL_BETN043,2026-03-27,6.5,4.69,74.88,0.01,3.12,214.98,1022.75,5278.47,3.36,7.204,2400.0,0.014,PM2.5-1HR
948,BEL_BETREG1,2026-03-27,5.8,4.69,74.88,0.01,3.12,214.98,1022.75,7150.07,3.36,7.204,2400.0,0.02,PM2.5-1HR
948,BEL_BETB011,2026-03-27,5.55,4.69,74.88,0.01,3.12,214.98,1022.75,4799.28,3.36,7.204,2400.0,0.943,PM2.5-1HR
948,BEL_BETMEU1,2026-03-27,6.33,4.83,73.33,0.01,3.16,212.77,1022.64,2940.48,3.53,7.442,2400.0,0.194,PM2.5-1HR
948,BEL_BETR001,2026-03-27,5.8,4.69,74.88,0.01,3.12,214.98,1022.75,19773.03,3.36,7.204,2400.0,0.017,PM2.5-1HR
948,BEL_BETR012,2026-03-27,4.72,4.5,74.33,0,3.04,215.53,1022.85,4591.59,3.18,6.952,2400.0,0.456,PM2.5-1HR
948,BEL_BETN043,2026-03-28,4.29,6.85,76.08,0.27,4.34,290.13,1021.28,5278.47,2.92,6.588,2400.0,0.014,PM2.5-1HR
948,BEL_BETREG1,2026-03-28,5.9,6.85,76.08,0.27,4.34,290.13,1021.28,7150.07,2.92,6.588,2400.0,0.02,PM2.5-1HR
948,BEL_BETB011,2026-03-28,5.41,6.85,76.08,0.27,4.34,290.13,1021.28,4799.28,2.92,6.588,2400.0,0.943,PM2.5-1HR
948,BEL_BETMEU1,2026-03-28,5.67,6.98,75.92,0.25,4.36,289.89,1021.2,2940.48,2.97,6.658,2400.0,0.194,PM2.5-1HR
948,BEL_BETR001,2026-03-28,5.98,6.85,76.08,0.27,4.34,290.13,1021.28,19773.03,2.92,6.588,2400.0,0.017,PM2.5-1HR
948,BEL_BETR012,2026-03-28,5.51,6.7,76.71,0.28,4.27,289.52,1021.35,4591.59,2.84,6.476,2400.0,0.456,PM2.5-1HR
948,BEL_BETN043,2026-03-29,2.84,6.3,74.52,0.03,3.66,264.12,1027.97,5278.47,1.99,5.286,2400.0,0.014,PM2.5-1HR
948,BEL_BETREG1,2026-03-29,3.37,6.3,74.52,0.03,3.66,264.12,1027.97,7150.07,1.99,5.286,2400.0,0.02,PM2.5-1HR
948,BEL_BETB011,2026-03-29,2.89,6.3,74.52,0.03,3.66,264.12,1027.97,4799.28,1.99,5.286,2400.0,0.943,PM2.5-1HR
948,BEL_BETMEU1,2026-03-29,3.52,6.43,73.96,0.03,3.7,262.07,1027.83,2940.48,2.1,5.44,2400.0,0.194,PM2.5-1HR
948,BEL_BETR001,2026-03-29,3.56,6.3,74.52,0.03,3.66,264.12,1027.97,19773.03,1.99,5.286,2400.0,0.017,PM2.5-1HR
948,BEL_BETR012,2026-03-29,2.91,6.13,74.96,0.03,3.55,263.64,1028.07,4591.59,1.88,5.132,2400.0,0.456,PM2.5-1HR
948,BEL_BETN043,2026-03-30,6.09,7.31,76.04,0.17,5.51,296.29,1020.43,5278.47,1.33,4.362,2400.0,0.014,PM2.5-1HR
948,BEL_BETREG1,2026-03-30,7.58,7.31,76.04,0.17,5.51,296.29,1020.43,7150.07,1.33,4.362,2400.0,0.02,PM2.5-1HR
948,BEL_BETB011,2026-03-30,8,7.31,76.04,0.17,5.51,296.29,1020.43,4799.28,1.33,4.362,2400.0,0.943,PM2.5-1HR
948,BEL_BETMEU1,2026-03-30,7.79,7.59,73.83,0.09,5.59,297.01,1020.27,2940.48,1.38,4.432,2400.0,0.194,PM2.5-1HR
948,BEL_BETR001,2026-03-30,7.82,7.31,76.04,0.17,5.51,296.29,1020.43,19773.03,1.33,4.362,2400.0,0.017,PM2.5-1HR
948,BEL_BETR012,2026-03-30,6.59,7.2,77.17,0.23,5.44,295.31,1020.56,4591.59,1.27,4.278,2400.0,0.456,PM2.5-1HR
948,BEL_BETN043,2026-03-31,8.2,6.58,78.83,0,2.47,294.62,1028.48,5278.47,6.78,11.992,2400.0,0.014,PM2.5-1HR
948,BEL_BETREG1,2026-03-31,9.7,6.58,78.83,0,2.47,294.62,1028.48,7150.07,6.78,11.992,2400.0,0.02,PM2.5-1HR
948,BEL_BETB011,2026-03-31,8.55,6.58,78.83,0,2.47,294.62,1028.48,4799.28,6.78,11.992,2400.0,0.943,PM2.5-1HR
948,BEL_BETMEU1,2026-03-31,9.41,6.32,78.96,0.02,2.31,294.01,1028.43,2940.48,6.94,12.216,2400.0,0.194,PM2.5-1HR
948,BEL_BETR001,2026-03-31,10.08,6.58,78.83,0,2.47,294.62,1028.48,19773.03,6.78,11.992,2400.0,0.017,PM2.5-1HR
948,BEL_BETR012,2026-03-31,8.34,6.35,79.21,0,2.39,295.22,1028.51,4591.59,6.83,12.062,2400.0,0.456,PM2.5-1HR
948,BEL_BETB011,2026-04-01,12.6,8.71,77.08,0,0.95,140.33,1025.02,4799.28,6.44,11.516,2400.0,0.943,PM2.5-1HR
948,BEL_BETMEU1,2026-04-01,13.08,8.64,77.21,0,0.81,131.88,1025.03,2940.48,6.77,11.978,2400.0,0.194,PM2.5-1HR
948,BEL_BETN043,2026-04-01,9.99,8.71,77.08,0,0.95,140.33,1025.02,5278.47,6.44,11.516,2400.0,0.014,PM2.5-1HR
948,BEL_BETR001,2026-04-01,12.93,8.71,77.08,0,0.95,140.33,1025.02,19773.03,6.44,11.516,2400.0,0.017,PM2.5-1HR
948,BEL_BETR012,2026-04-01,10.61,8.57,76.67,0,0.89,127.46,1025.02,4591.59,6.43,11.502,2400.0,0.456,PM2.5-1HR
948,BEL_BETREG1,2026-04-01,11.74,8.71,77.08,0,0.95,140.33,1025.02,7150.07,6.44,11.516,2400.0,0.02,PM2.5-1HR
948,BEL_BETB011,2026-04-02,4.21,8.18,83.04,0.1,3.03,273.09,1018.84,4799.28,1.35,4.39,2400.0,0.943,PM2.5-1HR
948,BEL_BETMEU1,2026-04-02,9.56,8.28,82.33,0.1,3,274.34,1018.78,2940.48,1.4,4.46,2400.0,0.194,PM2.5-1HR
948,BEL_BETN043,2026-04-02,7.36,8.18,83.04,0.1,3.03,273.09,1018.84,5278.47,1.35,4.39,2400.0,0.014,PM2.5-1HR
948,BEL_BETR001,2026-04-02,9.11,8.18,83.04,0.1,3.03,273.09,1018.84,19773.03,1.35,4.39,2400.0,0.017,PM2.5-1HR
948,BEL_BETR012,2026-04-02,8.75,7.98,83.33,0.11,2.94,270.97,1018.87,4591.59,1.43,4.502,2400.0,0.456,PM2.5-1HR
948,BEL_BETREG1,2026-04-02,8.9,8.18,83.04,0.1,3.03,273.09,1018.84,7150.07,1.35,4.39,2400.0,0.02,PM2.5-1HR
948,BEL_BETB011,2026-04-03,4.29,7.55,83.63,0.01,4.09,220.19,1016.96,4799.28,1.97,5.258,2400.0,0.943,PM2.5-1HR
948,BEL_BETMEU1,2026-04-03,6.85,7.49,83.33,0.01,4.05,218.17,1016.83,2940.48,1.98,5.272,2400.0,0.194,PM2.5-1HR
948,BEL_BETN043,2026-04-03,5.82,7.55,83.63,0.01,4.09,220.19,1016.96,5278.47,1.97,5.258,2400.0,0.014,PM2.5-1HR
948,BEL_BETR001,2026-04-03,6,7.55,83.63,0.01,4.09,220.19,1016.96,19773.03,1.97,5.258,2400.0,0.017,PM2.5-1HR
948,BEL_BETR012,2026-04-03,5.25,7.45,83.88,0.01,4.08,221.98,1017.1,4591.59,1.87,5.118,2400.0,0.456,PM2.5-1HR
948,BEL_BETREG1,2026-04-03,5.91,7.55,83.63,0.01,4.09,220.19,1016.96,7150.07,1.97,5.258,2400.0,0.02,PM2.5-1HR
948,BEL_BETREG1,2026-04-04,4.2,12.64,80.63,0.04,4.9,232.66,1017.87,7150.07,0.73,3.522,2400.0,0.02,PM2.5-1HR
948,BEL_BETB011,2026-04-04,3.35,12.64,80.63,0.04,4.9,232.66,1017.87,4799.28,0.73,3.522,2400.0,0.943,PM2.5-1HR
948,BEL_BETMEU1,2026-04-04,4.9,12.82,79.71,0.03,4.93,232.45,1017.72,2940.48,0.79,3.606,2400.0,0.194,PM2.5-1HR
948,BEL_BETN043,2026-04-04,4.16,12.64,80.63,0.04,4.9,232.66,1017.87,5278.47,0.73,3.522,2400.0,0.014,PM2.5-1HR
948,BEL_BETR001,2026-04-04,4.28,12.64,80.63,0.04,4.9,232.66,1017.87,19773.03,0.73,3.522,2400.0,0.017,PM2.5-1HR
948,BEL_BETR012,2026-04-04,3.63,12.54,81.29,0.04,4.95,233.56,1018,4591.59,0.7,3.48,2400.0,0.456,PM2.5-1HR
948,BEL_BETB011,2026-04-05,3.49,11.52,68.21,0.01,6,240.33,1017.1,4799.28,1.58,4.712,2400.0,0.943,PM2.5-1HR
948,BEL_BETMEU1,2026-04-05,4.81,11.75,66.88,0.01,6.04,239.99,1016.9,2940.48,1.61,4.754,2400.0,0.194,PM2.5-1HR
948,BEL_BETN043,2026-04-05,3.71,11.52,68.21,0.01,6,240.33,1017.1,5278.47,1.58,4.712,2400.0,0.014,PM2.5-1HR
948,BEL_BETR001,2026-04-05,4.2,11.52,68.21,0.01,6,240.33,1017.1,19773.03,1.58,4.712,2400.0,0.017,PM2.5-1HR
948,BEL_BETR012,2026-04-05,3.65,11.41,68.63,0.02,6.01,240.71,1017.29,4591.59,1.43,4.502,2400.0,0.456,PM2.5-1HR
948,BEL_BETREG1,2026-04-05,4.12,11.52,68.21,0.01,6,240.33,1017.1,7150.07,1.58,4.712,2400.0,0.02,PM2.5-1HR
948,BEL_BETB011,2026-04-06,3.1,8.64,69.42,0,1.83,157.91,1027.57,4799.28,1.32,4.348,2400.0,0.943,PM2.5-1HR
948,BEL_BETMEU1,2026-04-06,4.85,8.43,69.79,0,1.65,159.88,1027.56,2940.48,1.34,4.376,2400.0,0.194,PM2.5-1HR
948,BEL_BETN043,2026-04-06,3.45,8.64,69.42,0,1.83,157.91,1027.57,5278.47,1.32,4.348,2400.0,0.014,PM2.5-1HR
948,BEL_BETR001,2026-04-06,4.19,8.64,69.42,0,1.83,157.91,1027.57,19773.03,1.32,4.348,2400.0,0.017,PM2.5-1HR
948,BEL_BETR012,2026-04-06,2.99,8.46,69.71,0,1.77,156.35,1027.56,4591.59,1.26,4.264,2400.0,0.456,PM2.5-1HR
948,BEL_BETREG1,2026-04-06,3.58,8.64,69.42,0,1.83,157.91,1027.57,7150.07,1.32,4.348,2400.0,0.02,PM2.5-1HR
948,BEL_BETB011,2026-04-07,3.99,11,62.92,0,3.14,84.79,1025.42,4799.28,2.83,6.462,2400.0,0.943,PM2.5-1HR
948,BEL_BETMEU1,2026-04-07,6.56,10.84,62.54,0,2.97,84.12,1025.5,2940.48,3.06,6.784,2400.0,0.194,PM2.5-1HR
948,BEL_BETN043,2026-04-07,6,11,62.92,0,3.14,84.79,1025.42,5278.47,2.83,6.462,2400.0,0.014,PM2.5-1HR
948,BEL_BETR001,2026-04-07,5.92,11,62.92,0,3.14,84.79,1025.42,19773.03,2.83,6.462,2400.0,0.017,PM2.5-1HR
948,BEL_BETR012,2026-04-07,4.15,10.92,62.54,0,3.16,83.08,1025.32,4591.59,2.57,6.098,2400.0,0.456,PM2.5-1HR
948,BEL_BETREG1,2026-04-07,4.84,11,62.92,0,3.14,84.79,1025.42,7150.07,2.83,6.462,2400.0,0.02,PM2.5-1HR
948,BEL_BETB011,2026-04-08,4.38,13.93,57.17,0,2.2,91.01,1023.9,4799.28,1.62,4.768,2400.0,0.943,PM2.5-1HR
948,BEL_BETREG1,2026-04-08,4.14,13.93,57.17,0,2.2,91.01,1023.9,7150.07,1.62,4.768,2400.0,0.02,PM2.5-1HR
948,BEL_BETMEU1,2026-04-08,5.67,13.21,60.21,0,1.94,90.49,1023.98,2940.48,1.69,4.866,2400.0,0.194,PM2.5-1HR
948,BEL_BETN043,2026-04-08,5.66,13.93,57.17,0,2.2,91.01,1023.9,5278.47,1.62,4.768,2400.0,0.014,PM2.5-1HR
948,BEL_BETR001,2026-04-08,7.28,13.93,57.17,0,2.2,91.01,1023.9,19773.03,1.62,4.768,2400.0,0.017,PM2.5-1HR
948,BEL_BETR012,2026-04-08,2.99,13.87,58.13,0,2.1,93.96,1023.81,4591.59,1.5,4.6,2400.0,0.456,PM2.5-1HR
948,BEL_BETB011,2026-04-09,6.4,16.08,61.08,0.13,2.66,211.02,1018.1,4799.28,3.41,7.274,2400.0,0.943,PM2.5-1HR
948,BEL_BETREG1,2026-04-09,8.52,16.08,61.08,0.13,2.66,211.02,1018.1,7150.07,3.41,7.274,2400.0,0.02,PM2.5-1HR
948,BEL_BETMEU1,2026-04-09,9.48,15.36,65.17,0.08,2.32,210.29,1018.05,2940.48,3.44,7.316,2400.0,0.194,PM2.5-1HR
948,BEL_BETN043,2026-04-09,9.42,16.08,61.08,0.13,2.66,211.02,1018.1,5278.47,3.41,7.274,2400.0,0.014,PM2.5-1HR
948,BEL_BETR001,2026-04-09,9.46,16.08,61.08,0.13,2.66,211.02,1018.1,19773.03,3.41,7.274,2400.0,0.017,PM2.5-1HR
948,BEL_BETR012,2026-04-09,6.12,15.8,63.79,0.03,2.56,209.25,1018.13,4591.59,3.48,7.372,2400.0,0.456,PM2.5-1HR
948,BEL_BETREG1,2026-04-10,5.4,10.45,54.13,0,2.61,296.23,1019.24,7150.07,2.84,6.476,2400.0,0.02,PM2.5-1HR
948,BEL_BETB011,2026-04-10,4.81,10.45,54.13,0,2.61,296.23,1019.24,4799.28,2.84,6.476,2400.0,0.943,PM2.5-1HR
948,BEL_BETMEU1,2026-04-10,5.14,10.15,61,0,2.61,301.88,1019.24,2940.48,2.82,6.448,2400.0,0.194,PM2.5-1HR
948,BEL_BETN043,2026-04-10,4.32,10.45,54.13,0,2.61,296.23,1019.24,5278.47,2.84,6.476,2400.0,0.014,PM2.5-1HR
948,BEL_BETR001,2026-04-10,5.39,10.45,54.13,0,2.61,296.23,1019.24,19773.03,2.84,6.476,2400.0,0.017,PM2.5-1HR
948,BEL_BETR012,2026-04-10,4.7,10.1,60.88,0,2.42,294.72,1019.25,4591.59,2.75,6.35,2400.0,0.456,PM2.5-1HR
948,BEL_BETREG1,2026-04-11,5.43,11.78,58.46,0.03,4.32,171.14,1010.48,7150.07,2.18,5.552,2400.0,0.02,PM2.5-1HR
948,BEL_BETB011,2026-04-11,4.52,11.78,58.46,0.03,4.32,171.14,1010.48,4799.28,2.18,5.552,2400.0,0.943,PM2.5-1HR
948,BEL_BETMEU1,2026-04-11,6.12,11.53,63.25,0.01,4.13,169.88,1010.43,2940.48,2.35,5.79,2400.0,0.194,PM2.5-1HR
948,BEL_BETN043,2026-04-11,5.5,11.78,58.46,0.03,4.32,171.14,1010.48,5278.47,2.18,5.552,2400.0,0.014,PM2.5-1HR
948,BEL_BETR001,2026-04-11,5.89,11.78,58.46,0.03,4.32,171.14,1010.48,19773.03,2.18,5.552,2400.0,0.017,PM2.5-1HR
948,BEL_BETR012,2026-04-11,4.97,11.27,64.75,0.03,4.28,171.63,1010.54,4591.59,2.2,5.58,2400.0,0.456,PM2.5-1HR
948,BEL_BETREG1,2026-04-12,3.69,9.89,60.29,0,3.55,202.5,1015.2,7150.07,2.44,5.916,2400.0,0.02,PM2.5-1HR
948,BEL_BETB011,2026-04-12,3.62,9.89,60.29,0,3.55,202.5,1015.2,4799.28,2.44,5.916,2400.0,0.943,PM2.5-1HR
948,BEL_BETMEU1,2026-04-12,3.93,9.6,64.54,0,3.32,203.95,1015.14,2940.48,2.51,6.014,2400.0,0.194,PM2.5-1HR
948,BEL_BETN043,2026-04-12,3.38,9.89,60.29,0,3.55,202.5,1015.2,5278.47,2.44,5.916,2400.0,0.014,PM2.5-1HR
948,BEL_BETR001,2026-04-12,4.3,9.89,60.29,0,3.55,202.5,1015.2,19773.03,2.44,5.916,2400.0,0.017,PM2.5-1HR
948,BEL_BETR012,2026-04-12,3.58,9.33,66.79,0,3.45,200.65,1015.3,4591.59,2.4,5.86,2400.0,0.456,PM2.5-1HR
948,BEL_BETREG1,2026-04-13,6.63,9.65,65.42,0,1.14,359.71,1013.93,7150.07,2.87,6.518,2400.0,0.02,PM2.5-1HR
948,BEL_BETB011,2026-04-13,6.84,9.65,65.42,0,1.14,359.71,1013.93,4799.28,2.87,6.518,2400.0,0.943,PM2.5-1HR
948,BEL_BETMEU1,2026-04-13,7.94,9.08,72.04,0,0.88,344.46,1013.93,2940.48,2.85,6.49,2400.0,0.194,PM2.5-1HR
948,BEL_BETN043,2026-04-13,6.71,9.65,65.42,0,1.14,359.71,1013.93,5278.47,2.87,6.518,2400.0,0.014,PM2.5-1HR
948,BEL_BETR001,2026-04-13,8.2,9.65,65.42,0,1.14,359.71,1013.93,19773.03,2.87,6.518,2400.0,0.017,PM2.5-1HR
948,BEL_BETR012,2026-04-13,5.16,9.01,72.25,0,1.02,10.14,1013.9,4591.59,2.9,6.56,2400.0,0.456,PM2.5-1HR
948,BEL_BETREG1,2026-04-19,5.25,10.66,68.96,0.07,2.86,327.14,1022.73,7150.07,0.96,3.844,2400.0,0.02,PM2.5-1HR
948,BEL_BETB011,2026-04-19,4.3,10.66,68.96,0.07,2.86,327.14,1022.73,4799.28,0.96,3.844,2400.0,0.943,PM2.5-1HR
948,BEL_BETMEU1,2026-04-19,4.94,10.15,74.83,0.05,2.63,323.47,1022.73,2940.48,0.94,3.816,2400.0,0.194,PM2.5-1HR
948,BEL_BETN043,2026-04-19,3.72,10.66,68.96,0.07,2.86,327.14,1022.73,5278.47,0.96,3.844,2400.0,0.014,PM2.5-1HR
948,BEL_BETR001,2026-04-19,5.02,10.66,68.96,0.07,2.86,327.14,1022.73,19773.03,0.96,3.844,2400.0,0.017,PM2.5-1HR
948,BEL_BETR012,2026-04-19,4.68,10.4,71.96,0.03,2.71,328.05,1022.7,4591.59,0.98,3.872,2400.0,0.456,PM2.5-1HR
948,BEL_BETREG1,2026-04-20,5.69,8.85,68.79,0.02,2.33,11.46,1022.44,7150.07,0.82,3.648,2400.0,0.02,PM2.5-1HR
948,BEL_BETB011,2026-04-20,4.55,8.85,68.79,0.02,2.33,11.46,1022.44,4799.28,0.82,3.648,2400.0,0.943,PM2.5-1HR
948,BEL_BETMEU1,2026-04-20,5.7,8.33,74.46,0.03,1.93,10.94,1022.5,2940.48,0.9,3.76,2400.0,0.194,PM2.5-1HR
948,BEL_BETN043,2026-04-20,4.8,8.85,68.79,0.02,2.33,11.46,1022.44,5278.47,0.82,3.648,2400.0,0.014,PM2.5-1HR
948,BEL_BETR001,2026-04-20,5.99,8.85,68.79,0.02,2.33,11.46,1022.44,19773.03,0.82,3.648,2400.0,0.017,PM2.5-1HR
948,BEL_BETR012,2026-04-20,4.92,8.57,71.83,0,2.29,11.58,1022.38,4591.59,0.86,3.704,2400.0,0.456,PM2.5-1HR
948,BEL_BETREG1,2026-04-21,11.15,9.64,66.25,0.02,3.61,54.88,1023.15,7150.07,5.04,9.556,2400.0,0.02,PM2.5-1HR
948,BEL_BETB011,2026-04-21,9.63,9.64,66.25,0.02,3.61,54.88,1023.15,4799.28,5.04,9.556,2400.0,0.943,PM2.5-1HR
948,BEL_BETMEU1,2026-04-21,12.67,9.34,70.33,0.03,3.31,55.57,1023.24,2940.48,4.97,9.458,2400.0,0.194,PM2.5-1HR
948,BEL_BETN043,2026-04-21,10.78,9.64,66.25,0.02,3.61,54.88,1023.15,5278.47,5.04,9.556,2400.0,0.014,PM2.5-1HR
948,BEL_BETR001,2026-04-21,12.52,9.64,66.25,0.02,3.61,54.88,1023.15,19773.03,5.04,9.556,2400.0,0.017,PM2.5-1HR
948,BEL_BETR012,2026-04-21,10.69,9.39,68.29,0.02,3.5,55.21,1023.06,4591.59,4.99,9.486,2400.0,0.456,PM2.5-1HR
948,BEL_BETB011,2026-04-22,6.84,11.53,46.42,0,3.62,71.24,1025.54,4799.28,4.61,8.954,2400.0,0.943,PM2.5-1HR
948,BEL_BETMEU1,2026-04-22,9.91,10.94,52.58,0,3.3,70.45,1025.64,2940.48,4.65,9.01,2400.0,0.194,PM2.5-1HR
948,BEL_BETN043,2026-04-22,9.21,11.53,46.42,0,3.62,71.24,1025.54,5278.47,4.61,8.954,2400.0,0.014,PM2.5-1HR
948,BEL_BETR001,2026-04-22,9.03,11.53,46.42,0,3.62,71.24,1025.54,19773.03,4.61,8.954,2400.0,0.017,PM2.5-1HR
948,BEL_BETR012,2026-04-22,6.51,11.05,51.46,0,3.6,73.04,1025.44,4591.59,4.52,8.828,2400.0,0.456,PM2.5-1HR
948,BEL_BETREG1,2026-04-22,7.47,11.53,46.42,0,3.62,71.24,1025.54,7150.07,4.61,8.954,2400.0,0.02,PM2.5-1HR
948,BEL_BETB011,2026-04-23,6.94,13.07,42.5,0,2.82,42.69,1028.34,4799.28,2.97,6.658,2400.0,0.943,PM2.5-1HR
948,BEL_BETMEU1,2026-04-23,8.98,12.03,52.96,0,2.33,43.03,1028.43,2940.48,3.01,6.714,2400.0,0.194,PM2.5-1HR
948,BEL_BETN043,2026-04-23,8.36,13.07,42.5,0,2.82,42.69,1028.34,5278.47,2.97,6.658,2400.0,0.014,PM2.5-1HR
948,BEL_BETR001,2026-04-23,9.64,13.07,42.5,0,2.82,42.69,1028.34,19773.03,2.97,6.658,2400.0,0.017,PM2.5-1HR
948,BEL_BETR012,2026-04-23,7.77,12.83,43.79,0,2.73,44.56,1028.24,4591.59,2.91,6.574,2400.0,0.456,PM2.5-1HR
948,BEL_BETREG1,2026-04-23,8.63,13.07,42.5,0,2.82,42.69,1028.34,7150.07,2.97,6.658,2400.0,0.02,PM2.5-1HR
948,BEL_BETB011,2026-04-24,8.23,11.25,60.5,0,2.48,19.74,1024.76,4799.28,2.71,6.294,2400.0,0.943,PM2.5-1HR
948,BEL_BETMEU1,2026-04-24,10.87,10.52,67.92,0,2.08,19.36,1024.82,2940.48,2.8,6.42,2400.0,0.194,PM2.5-1HR
948,BEL_BETN043,2026-04-24,8.81,11.25,60.5,0,2.48,19.74,1024.76,5278.47,2.71,6.294,2400.0,0.014,PM2.5-1HR
948,BEL_BETR001,2026-04-24,10.38,11.25,60.5,0,2.48,19.74,1024.76,19773.03,2.71,6.294,2400.0,0.017,PM2.5-1HR
948,BEL_BETR012,2026-04-24,8.63,11.25,58.83,0,2.47,21.17,1024.68,4591.59,2.6,6.14,2400.0,0.456,PM2.5-1HR
948,BEL_BETREG1,2026-04-24,10.29,11.25,60.5,0,2.48,19.74,1024.76,7150.07,2.71,6.294,2400.0,0.02,PM2.5-1HR
948,BEL_BETB011,2026-04-25,11.52,11.64,57.33,0,1.97,17.33,1021.36,4799.28,3.48,7.372,2400.0,0.943,PM2.5-1HR
948,BEL_BETMEU1,2026-04-25,13.08,10.63,65.25,0,1.62,19.6,1021.42,2940.48,3.47,7.358,2400.0,0.194,PM2.5-1HR
948,BEL_BETN043,2026-04-25,10.66,11.64,57.33,0,1.97,17.33,1021.36,5278.47,3.48,7.372,2400.0,0.014,PM2.5-1HR
948,BEL_BETR001,2026-04-25,12.28,11.64,57.33,0,1.97,17.33,1021.36,19773.03,3.48,7.372,2400.0,0.017,PM2.5-1HR
948,BEL_BETR012,2026-04-25,11.67,11.68,56.63,0,1.91,16.8,1021.28,4591.59,3.5,7.4,2400.0,0.456,PM2.5-1HR
948,BEL_BETREG1,2026-04-25,12.11,11.64,57.33,0,1.97,17.33,1021.36,7150.07,3.48,7.372,2400.0,0.02,PM2.5-1HR
948,BEL_BETB011,2026-04-26,8.47,12.43,51.79,0,2.24,37.62,1024.26,4799.28,3.62,7.568,2400.0,0.943,PM2.5-1HR
948,BEL_BETMEU1,2026-04-26,8.56,11.48,60.08,0,1.91,38.76,1024.35,2940.48,3.66,7.624,2400.0,0.194,PM2.5-1HR
948,BEL_BETN043,2026-04-26,6.63,12.43,51.79,0,2.24,37.62,1024.26,5278.47,3.62,7.568,2400.0,0.014,PM2.5-1HR
948,BEL_BETR001,2026-04-26,8.95,12.43,51.79,0,2.24,37.62,1024.26,19773.03,3.62,7.568,2400.0,0.017,PM2.5-1HR
948,BEL_BETR012,2026-04-26,8.22,12.36,51.21,0,2.16,39.16,1024.19,4591.59,3.62,7.568,2400.0,0.456,PM2.5-1HR
948,BEL_BETREG1,2026-04-26,8.14,12.43,51.79,0,2.24,37.62,1024.26,7150.07,3.62,7.568,2400.0,0.02,PM2.5-1HR
948,BEL_BETB011,2026-04-27,6.98,13.91,39.75,0,2.46,46.41,1022.84,4799.28,4.99,9.486,2400.0,0.943,PM2.5-1HR
948,BEL_BETMEU1,2026-04-27,8.22,12.9,49.21,0,2.12,46.45,1022.94,2940.48,5.19,9.766,2400.0,0.194,PM2.5-1HR
948,BEL_BETN043,2026-04-27,8.13,13.91,39.75,0,2.46,46.41,1022.84,5278.47,4.99,9.486,2400.0,0.014,PM2.5-1HR
948,BEL_BETR001,2026-04-27,8.17,13.91,39.75,0,2.46,46.41,1022.84,19773.03,4.99,9.486,2400.0,0.017,PM2.5-1HR
948,BEL_BETR012,2026-04-27,5.5,13.81,39.79,0,2.4,49.52,1022.74,4591.59,4.91,9.374,2400.0,0.456,PM2.5-1HR
948,BEL_BETREG1,2026-04-27,6.94,13.91,39.75,0,2.46,46.41,1022.84,7150.07,4.99,9.486,2400.0,0.02,PM2.5-1HR
948,BEL_BETB011,2026-04-28,6.99,14.95,42.25,0,4.36,46.62,1020.22,4799.28,4.5,8.8,2400.0,0.943,PM2.5-1HR
948,BEL_BETMEU1,2026-04-28,8.19,14.54,46.58,0,4.27,46.92,1020.4,2940.48,4.61,8.954,2400.0,0.194,PM2.5-1HR
948,BEL_BETN043,2026-04-28,9.52,14.95,42.25,0,4.36,46.62,1020.22,5278.47,4.5,8.8,2400.0,0.014,PM2.5-1HR
948,BEL_BETR001,2026-04-28,8.35,14.95,42.25,0,4.36,46.62,1020.22,19773.03,4.5,8.8,2400.0,0.017,PM2.5-1HR
948,BEL_BETR012,2026-04-28,6.78,14.86,42.25,0,4.31,47.41,1020.06,4591.59,4.46,8.744,2400.0,0.456,PM2.5-1HR
948,BEL_BETREG1,2026-04-28,6.92,14.95,42.25,0,4.36,46.62,1020.22,7150.07,4.5,8.8,2400.0,0.02,PM2.5-1HR
948,BEL_BETB011,2026-04-29,2.91,15.27,32.21,0,5.24,71.58,1022.89,4799.28,1.71,4.894,2400.0,0.943,PM2.5-1HR
948,BEL_BETMEU1,2026-04-29,4.38,14.91,35.42,0,5.19,70.5,1023.06,2940.48,1.81,5.034,2400.0,0.194,PM2.5-1HR
948,BEL_BETN043,2026-04-29,4.76,15.27,32.21,0,5.24,71.58,1022.89,5278.47,1.71,4.894,2400.0,0.014,PM2.5-1HR
948,BEL_BETR001,2026-04-29,3.73,15.27,32.21,0,5.24,71.58,1022.89,19773.03,1.71,4.894,2400.0,0.017,PM2.5-1HR
948,BEL_BETR012,2026-04-29,2.53,15,33.75,0,5.27,72.29,1022.71,4591.59,1.63,4.782,2400.0,0.456,PM2.5-1HR
948,BEL_BETREG1,2026-04-29,3.03,15.27,32.21,0,5.24,71.58,1022.89,7150.07,1.71,4.894,2400.0,0.02,PM2.5-1HR
948,BEL_BETB011,2026-04-30,2.57,14.95,30,0,4.7,91.58,1024.7,4799.28,1.34,4.376,2400.0,0.943,PM2.5-1HR
948,BEL_BETMEU1,2026-04-30,3.7,14.72,33.04,0,4.68,92.95,1024.81,2940.48,1.4,4.46,2400.0,0.194,PM2.5-1HR
948,BEL_BETN043,2026-04-30,2.95,14.95,30,0,4.7,91.58,1024.7,5278.47,1.34,4.376,2400.0,0.014,PM2.5-1HR
948,BEL_BETR001,2026-04-30,3.56,14.95,30,0,4.7,91.58,1024.7,19773.03,1.34,4.376,2400.0,0.017,PM2.5-1HR
948,BEL_BETR012,2026-04-30,2.08,14.69,32.79,0,4.52,89.54,1024.54,4591.59,1.27,4.278,2400.0,0.456,PM2.5-1HR
948,BEL_BETREG1,2026-04-30,2.59,14.95,30,0,4.7,91.58,1024.7,7150.07,1.34,4.376,2400.0,0.02,PM2.5-1HR
948,BEL_BETB011,2026-05-01,2.81,17.45,26.25,0,2.71,136.71,1022.96,4799.28,1.47,4.558,2400.0,0.943,PM2.5-1HR
948,BEL_BETREG1,2026-05-01,2.38,17.45,26.25,0,2.71,136.71,1022.96,7150.07,1.47,4.558,2400.0,0.02,PM2.5-1HR
948,BEL_BETMEU1,2026-05-01,3.48,16.71,33.33,0,2.47,134.11,1023.01,2940.48,1.51,4.614,2400.0,0.194,PM2.5-1HR
948,BEL_BETN043,2026-05-01,2.81,17.45,26.25,0,2.71,136.71,1022.96,5278.47,1.47,4.558,2400.0,0.014,PM2.5-1HR
948,BEL_BETR001,2026-05-01,3.97,17.45,26.25,0,2.71,136.71,1022.96,19773.03,1.47,4.558,2400.0,0.017,PM2.5-1HR
948,BEL_BETR012,2026-05-01,2.28,17.12,28.42,0,2.73,137.7,1022.92,4591.59,1.48,4.572,2400.0,0.456,PM2.5-1HR
948,BEL_BETB011,2026-05-02,7.12,19.07,51.5,0.17,2.17,203.58,1017.6,4799.28,3.95,8.03,2400.0,0.943,PM2.5-1HR
948,BEL_BETREG1,2026-05-02,6.86,19.07,51.5,0.17,2.17,203.58,1017.6,7150.07,3.95,8.03,2400.0,0.02,PM2.5-1HR
948,BEL_BETMEU1,2026-05-02,8.05,18.22,58.75,0.12,1.93,202.23,1017.58,2940.48,4.17,8.338,2400.0,0.194,PM2.5-1HR
948,BEL_BETN043,2026-05-02,7.57,19.07,51.5,0.17,2.17,203.58,1017.6,5278.47,3.95,8.03,2400.0,0.014,PM2.5-1HR
948,BEL_BETR001,2026-05-02,7.63,19.07,51.5,0.17,2.17,203.58,1017.6,19773.03,3.95,8.03,2400.0,0.017,PM2.5-1HR
948,BEL_BETR012,2026-05-02,5.61,18.69,53.33,0.06,2.24,200.43,1017.6,4591.59,3.78,7.792,2400.0,0.456,PM2.5-1HR
948,BEL_BETB011,2026-05-03,5.98,15.31,86.08,0.45,2.89,186.56,1011.7,4799.28,1.44,4.516,2400.0,0.943,PM2.5-1HR
948,BEL_BETREG1,2026-05-03,4.95,15.31,86.08,0.45,2.89,186.56,1011.7,7150.07,1.44,4.516,2400.0,0.02,PM2.5-1HR
948,BEL_BETMEU1,2026-05-03,5.61,15.26,87,0.43,2.66,186.47,1011.62,2940.48,1.5,4.6,2400.0,0.194,PM2.5-1HR
948,BEL_BETN043,2026-05-03,4.48,15.31,86.08,0.45,2.89,186.56,1011.7,5278.47,1.44,4.516,2400.0,0.014,PM2.5-1HR
948,BEL_BETR001,2026-05-03,5.91,15.31,86.08,0.45,2.89,186.56,1011.7,19773.03,1.44,4.516,2400.0,0.017,PM2.5-1HR
948,BEL_BETR012,2026-05-03,4.6,15.02,87.58,0.25,2.92,186.81,1011.75,4591.59,1.42,4.488,2400.0,0.456,PM2.5-1HR
948,BEL_BETB011,2026-05-04,7.58,14.89,84.67,0.08,1.51,214.53,1012.53,4799.28,2.35,5.79,2400.0,0.943,PM2.5-1HR
948,BEL_BETREG1,2026-05-04,6.73,14.89,84.67,0.08,1.51,214.53,1012.53,7150.07,2.35,5.79,2400.0,0.02,PM2.5-1HR
948,BEL_BETMEU1,2026-05-04,7.9,14.89,84.79,0.03,1.43,234.04,1012.53,2940.48,2.24,5.636,2400.0,0.194,PM2.5-1HR
948,BEL_BETN043,2026-05-04,6.22,14.89,84.67,0.08,1.51,214.53,1012.53,5278.47,2.35,5.79,2400.0,0.014,PM2.5-1HR
948,BEL_BETR001,2026-05-04,7.79,14.89,84.67,0.08,1.51,214.53,1012.53,19773.03,2.35,5.79,2400.0,0.017,PM2.5-1HR
948,BEL_BETR012,2026-05-04,5.65,14.72,84.71,0.12,1.48,194.7,1012.53,4591.59,2.15,5.51,2400.0,0.456,PM2.5-1HR
948,BEL_BETB011,2026-05-05,12.11,11.88,89.17,0.06,3.17,21.7,1010.37,4799.28,5.48,10.172,2400.0,0.943,PM2.5-1HR
948,BEL_BETREG1,2026-05-05,11.47,11.88,89.17,0.06,3.17,21.7,1010.37,7150.07,5.48,10.172,2400.0,0.02,PM2.5-1HR
948,BEL_BETMEU1,2026-05-05,12.79,12,87.92,0.06,3.13,22.02,1010.42,2940.48,5.54,10.256,2400.0,0.194,PM2.5-1HR
948,BEL_BETN043,2026-05-05,10.06,11.88,89.17,0.06,3.17,21.7,1010.37,5278.47,5.48,10.172,2400.0,0.014,PM2.5-1HR
948,BEL_BETR001,2026-05-05,12.48,11.88,89.17,0.06,3.17,21.7,1010.37,19773.03,5.48,10.172,2400.0,0.017,PM2.5-1HR
948,BEL_BETR012,2026-05-05,11.36,11.81,89.96,0.11,3.19,20.79,1010.28,4591.59,5.61,10.354,2400.0,0.456,PM2.5-1HR
948,BEL_BETB011,2026-05-06,7.53,10.91,78.08,0.13,3.22,2.22,1009.31,4799.28,2.8,6.42,2400.0,0.943,PM2.5-1HR
948,BEL_BETMEU1,2026-05-06,7.45,11.14,76.08,0.09,3.18,1.29,1009.34,2940.48,2.82,6.448,2400.0,0.194,PM2.5-1HR
948,BEL_BETN043,2026-05-06,5.77,10.91,78.08,0.13,3.22,2.22,1009.31,5278.47,2.8,6.42,2400.0,0.014,PM2.5-1HR
948,BEL_BETR001,2026-05-06,7.98,10.91,78.08,0.13,3.22,2.22,1009.31,19773.03,2.8,6.42,2400.0,0.017,PM2.5-1HR
948,BEL_BETR012,2026-05-06,7.19,10.73,80.96,0.18,3.19,1.96,1009.27,4591.59,2.77,6.378,2400.0,0.456,PM2.5-1HR
948,BEL_BETREG1,2026-05-06,7.25,10.91,78.08,0.13,3.22,2.22,1009.31,7150.07,2.8,6.42,2400.0,0.02,PM2.5-1HR
948,BEL_BETB011,2026-05-07,4.22,11.98,69.58,0.01,1.36,30.07,1015.27,4799.28,2.49,5.986,2400.0,0.943,PM2.5-1HR
948,BEL_BETMEU1,2026-05-07,4.99,12.02,68.79,0.01,1.2,34.54,1015.28,2940.48,2.56,6.084,2400.0,0.194,PM2.5-1HR
948,BEL_BETN043,2026-05-07,4.41,11.98,69.58,0.01,1.36,30.07,1015.27,5278.47,2.49,5.986,2400.0,0.014,PM2.5-1HR
948,BEL_BETR001,2026-05-07,5.17,11.98,69.58,0.01,1.36,30.07,1015.27,19773.03,2.49,5.986,2400.0,0.017,PM2.5-1HR
948,BEL_BETR012,2026-05-07,4.44,11.78,70.63,0.01,1.33,24.9,1015.23,4591.59,2.41,5.874,2400.0,0.456,PM2.5-1HR
948,BEL_BETREG1,2026-05-07,4.74,11.98,69.58,0.01,1.36,30.07,1015.27,7150.07,2.49,5.986,2400.0,0.02,PM2.5-1HR
948,BEL_BETB011,2026-05-19,1.75,12.64,80.42,0.03,3.96,186.97,1015.42,4799.28,0.72,3.508,2400.0,0.943,PM2.5-1HR
948,BEL_BETMEU1,2026-05-19,2.53,12.63,81.04,0.05,3.84,187.18,1015.34,2940.48,0.77,3.578,2400.0,0.194,PM2.5-1HR
948,BEL_BETN043,2026-05-19,2.24,12.64,80.42,0.03,3.96,186.97,1015.42,5278.47,0.72,3.508,2400.0,0.014,PM2.5-1HR
948,BEL_BETR001,2026-05-19,1.85,12.64,80.42,0.03,3.96,186.97,1015.42,19773.03,0.72,3.508,2400.0,0.017,PM2.5-1HR
948,BEL_BETR012,2026-05-19,1.38,12.44,81.38,0.02,4,186,1015.48,4591.59,0.7,3.48,2400.0,0.456,PM2.5-1HR
948,BEL_BETREG1,2026-05-19,1.71,12.64,80.42,0.03,3.96,186.97,1015.42,7150.07,0.72,3.508,2400.0,0.02,PM2.5-1HR
948,BEL_BETB011,2026-05-20,4.63,14.62,80.42,0.2,4.97,231.15,1020.02,4799.28,1.5,4.6,2400.0,0.943,PM2.5-1HR
948,BEL_BETMEU1,2026-05-20,5.17,14.69,80.88,0.28,4.99,230.25,1019.87,2940.48,1.54,4.656,2400.0,0.194,PM2.5-1HR
948,BEL_BETN043,2026-05-20,4.87,14.62,80.42,0.2,4.97,231.15,1020.02,5278.47,1.5,4.6,2400.0,0.014,PM2.5-1HR
948,BEL_BETR001,2026-05-20,4.97,14.62,80.42,0.2,4.97,231.15,1020.02,19773.03,1.5,4.6,2400.0,0.017,PM2.5-1HR
948,BEL_BETR012,2026-05-20,4.75,14.46,81.42,0.22,4.92,232.74,1020.15,4591.59,1.41,4.474,2400.0,0.456,PM2.5-1HR
948,BEL_BETREG1,2026-05-20,5.51,14.62,80.42,0.2,4.97,231.15,1020.02,7150.07,1.5,4.6,2400.0,0.02,PM2.5-1HR
948,BEL_BETB011,2026-05-21,6.21,15.7,72.29,0,2.32,221.68,1028.03,4799.28,4.69,9.066,2400.0,0.943,PM2.5-1HR
948,BEL_BETMEU1,2026-05-21,6.95,15.7,73.33,0,2.31,221.22,1027.94,2940.48,4.84,9.276,2400.0,0.194,PM2.5-1HR
948,BEL_BETN043,2026-05-21,6.42,15.7,72.29,0,2.32,221.68,1028.03,5278.47,4.69,9.066,2400.0,0.014,PM2.5-1HR
948,BEL_BETR001,2026-05-21,7.34,15.7,72.29,0,2.32,221.68,1028.03,19773.03,4.69,9.066,2400.0,0.017,PM2.5-1HR
948,BEL_BETR012,2026-05-21,6.59,15.5,73.54,0,2.27,226.02,1028.08,4591.59,4.52,8.828,2400.0,0.456,PM2.5-1HR
948,BEL_BETREG1,2026-05-21,7.46,15.7,72.29,0,2.32,221.68,1028.03,7150.07,4.69,9.066,2400.0,0.02,PM2.5-1HR
948,BEL_BETB011,2026-05-22,5.91,19.33,66.1,0,1.92,138.88,1027.11,4799.28,4.09,8.226,2400.0,0.943,PM2.5-1HR
948,BEL_BETMEU1,2026-05-22,6.9,19.23,66.25,0,1.88,139.19,1027.14,2940.48,4.11,8.254,2400.0,0.194,PM2.5-1HR
948,BEL_BETN043,2026-05-22,6.74,19.31,66.13,0,1.9,138.57,1027.13,5278.47,4.09,8.226,2400.0,0.014,PM2.5-1HR
948,BEL_BETR001,2026-05-22,9.21,19.31,66.13,0,1.9,138.72,1027.12,19773.03,4.09,8.226,2400.0,0.017,PM2.5-1HR
948,BEL_BETR012,2026-05-22,4.69,19.2,66.39,0,1.86,137.99,1027.13,4591.59,4.02,8.128,2400.0,0.456,PM2.5-1HR
948,BEL_BETREG1,2026-05-22,6.14,19.3,66.15,0,1.89,138.62,1027.13,7150.07,4.09,8.226,2400.0,0.02,PM2.5-1HR
948,BEL_BETREG1,2026-05-23,7.19,22.89,59.93,0,2,209.23,1027.13,7150.07,3.36,7.204,2400.0,0.02,PM2.5-1HR
948,BEL_BETB011,2026-05-23,5.87,22.89,59.98,0,1.99,209.2,1027.13,4799.28,3.36,7.204,2400.0,0.943,PM2.5-1HR
948,BEL_BETMEU1,2026-05-23,8.21,22.32,64.84,0,1.9,211.6,1027.08,2940.48,3.42,7.288,2400.0,0.194,PM2.5-1HR
948,BEL_BETN043,2026-05-23,6.74,22.89,59.93,0,2,209.24,1027.13,5278.47,3.36,7.204,2400.0,0.014,PM2.5-1HR
948,BEL_BETR001,2026-05-23,7.66,22.89,59.95,0,2,209.21,1027.13,19773.03,3.36,7.204,2400.0,0.017,PM2.5-1HR
948,BEL_BETR012,2026-05-23,5.18,22.2,64.9,0,1.73,204.43,1027.18,4591.59,3.29,7.106,2400.0,0.456,PM2.5-1HR
948,BEL_BETREG1,2026-05-24,10.92,23.34,58.46,0,1.9,45.89,1030.08,7150.07,4.38,8.632,2400.0,0.02,PM2.5-1HR
948,BEL_BETB011,2026-05-24,10.3,23.34,58.46,0,1.9,45.89,1030.08,4799.28,4.38,8.632,2400.0,0.943,PM2.5-1HR
948,BEL_BETMEU1,2026-05-24,11.98,22.17,66.88,0,1.64,38.5,1030.12,2940.48,4.33,8.562,2400.0,0.194,PM2.5-1HR
948,BEL_BETN043,2026-05-24,9.38,23.34,58.46,0,1.9,45.89,1030.08,5278.47,4.38,8.632,2400.0,0.014,PM2.5-1HR
948,BEL_BETR001,2026-05-24,12.04,23.34,58.46,0,1.9,45.89,1030.08,19773.03,4.38,8.632,2400.0,0.017,PM2.5-1HR
948,BEL_BETR012,2026-05-24,8.42,22.86,63.58,0,1.73,60.33,1030.04,4591.59,4.39,8.646,2400.0,0.456,PM2.5-1HR
948,BEL_BETREG1,2026-05-25,3.34,24.6,40.92,0,2.13,57.87,1031.26,7150.07,1.54,4.656,2400.0,0.02,PM2.5-1HR
948,BEL_BETB011,2026-05-25,3.7,24.6,40.92,0,2.13,57.87,1031.26,4799.28,1.54,4.656,2400.0,0.943,PM2.5-1HR
948,BEL_BETMEU1,2026-05-25,4.94,23.16,50,0,1.63,54.68,1031.3,2940.48,1.57,4.698,2400.0,0.194,PM2.5-1HR
948,BEL_BETN043,2026-05-25,4,24.6,40.92,0,2.13,57.87,1031.26,5278.47,1.54,4.656,2400.0,0.014,PM2.5-1HR
948,BEL_BETR001,2026-05-25,4.52,24.6,40.92,0,2.13,57.87,1031.26,19773.03,1.54,4.656,2400.0,0.017,PM2.5-1HR
948,BEL_BETR012,2026-05-25,3.01,24.14,44.17,0,2,62.31,1031.23,4591.59,1.55,4.67,2400.0,0.456,PM2.5-1HR
948,BEL_BETREG1,2026-05-26,3.8,25.23,38.92,0,1.81,58.63,1027.59,7150.07,2.48,5.972,2400.0,0.02,PM2.5-1HR
948,BEL_BETB011,2026-05-26,4.07,25.23,38.92,0,1.81,58.63,1027.59,4799.28,2.48,5.972,2400.0,0.943,PM2.5-1HR
948,BEL_BETMEU1,2026-05-26,5.76,23.8,47.96,0,1.54,56.09,1027.66,2940.48,2.61,6.154,2400.0,0.194,PM2.5-1HR
948,BEL_BETN043,2026-05-26,6.26,25.23,38.92,0,1.81,58.63,1027.59,5278.47,2.48,5.972,2400.0,0.014,PM2.5-1HR
948,BEL_BETR001,2026-05-26,5.76,25.23,38.92,0,1.81,58.63,1027.59,19773.03,2.48,5.972,2400.0,0.017,PM2.5-1HR
948,BEL_BETR012,2026-05-26,3.24,24.62,43.5,0,1.58,91.84,1027.57,4591.59,2.41,5.874,2400.0,0.456,PM2.5-1HR
948,BEL_BETREG1,2026-05-27,9.19,23.63,51.04,0,3.04,52.03,1024.81,7150.07,4.02,8.128,2400.0,0.02,PM2.5-1HR
948,BEL_BETB011,2026-05-27,8.94,23.63,51.04,0,3.04,52.03,1024.81,4799.28,4.02,8.128,2400.0,0.943,PM2.5-1HR
948,BEL_BETMEU1,2026-05-27,10.81,22.61,57.21,0,2.72,53.01,1024.88,2940.48,4.06,8.184,2400.0,0.194,PM2.5-1HR
948,BEL_BETN043,2026-05-27,9.65,23.63,51.04,0,3.04,52.03,1024.81,5278.47,4.02,8.128,2400.0,0.014,PM2.5-1HR
948,BEL_BETR001,2026-05-27,10.43,23.63,51.04,0,3.04,52.03,1024.81,19773.03,4.02,8.128,2400.0,0.017,PM2.5-1HR
948,BEL_BETR012,2026-05-27,8.86,23.59,51.88,0,2.98,53.41,1024.71,4591.59,3.87,7.918,2400.0,0.456,PM2.5-1HR
948,BEL_BETREG1,2026-05-28,6.36,22.62,45.04,0,2.7,94,1024.04,7150.07,3.5,7.4,2400.0,0.02,PM2.5-1HR
948,BEL_BETB011,2026-05-28,6.27,22.62,45.04,0,2.7,94,1024.04,4799.28,3.5,7.4,2400.0,0.943,PM2.5-1HR
948,BEL_BETMEU1,2026-05-28,8.31,21.86,50.21,0,2.49,91.59,1024.09,2940.48,3.58,7.512,2400.0,0.194,PM2.5-1HR
948,BEL_BETN043,2026-05-28,6.5,22.62,45.04,0,2.7,94,1024.04,5278.47,3.5,7.4,2400.0,0.014,PM2.5-1HR
948,BEL_BETR001,2026-05-28,6.95,22.62,45.04,0,2.7,94,1024.04,19773.03,3.5,7.4,2400.0,0.017,PM2.5-1HR
948,BEL_BETR012,2026-05-28,5.64,22.35,48.04,0,2.71,95.33,1024.01,4591.59,3.37,7.218,2400.0,0.456,PM2.5-1HR
948,BEL_BETREG1,2026-05-29,12.02,24.67,55.5,0.14,2.89,189.47,1022.28,7150.07,6.82,12.048,2400.0,0.02,PM2.5-1HR
948,BEL_BETB011,2026-05-29,11.55,24.67,55.5,0.14,2.89,189.47,1022.28,4799.28,6.82,12.048,2400.0,0.943,PM2.5-1HR
948,BEL_BETMEU1,2026-05-29,12.88,24.25,59.04,0.12,2.83,183.05,1022.2,2940.48,6.87,12.118,2400.0,0.194,PM2.5-1HR
948,BEL_BETN043,2026-05-29,11.01,24.67,55.5,0.14,2.89,189.47,1022.28,5278.47,6.82,12.048,2400.0,0.014,PM2.5-1HR
948,BEL_BETR001,2026-05-29,12.81,24.67,55.5,0.14,2.89,189.47,1022.28,19773.03,6.82,12.048,2400.0,0.017,PM2.5-1HR
948,BEL_BETR012,2026-05-29,11.55,24.1,60.04,0.09,2.87,188.36,1022.35,4591.59,6.62,11.768,2400.0,0.456,PM2.5-1HR
948,BEL_BETREG1,2026-05-30,10.6,20.6,79.92,0.63,2,119.59,1020.12,7150.07,7.44,12.916,2400.0,0.02,PM2.5-1HR
948,BEL_BETB011,2026-05-30,10.88,20.6,79.92,0.63,2,119.59,1020.12,4799.28,7.44,12.916,2400.0,0.943,PM2.5-1HR
948,BEL_BETMEU1,2026-05-30,11.69,20.28,82.54,0.4,1.69,113.18,1020.11,2940.48,7.5,13.0,2400.0,0.194,PM2.5-1HR
948,BEL_BETN043,2026-05-30,9.67,20.6,79.92,0.63,2,119.59,1020.12,5278.47,7.44,12.916,2400.0,0.014,PM2.5-1HR
948,BEL_BETR001,2026-05-30,11.13,20.6,79.92,0.63,2,119.59,1020.12,19773.03,7.44,12.916,2400.0,0.017,PM2.5-1HR
948,BEL_BETR012,2026-05-30,9.82,20.52,81.88,0.81,1.99,116.11,1020.13,4591.59,7.39,12.846,2400.0,0.456,PM2.5-1HR
948,BEL_BETB011,2026-05-31,7.13,19.64,68.04,0.06,4.05,257.91,1015.23,4799.28,1.19,4.166,2400.0,0.943,PM2.5-1HR
948,BEL_BETMEU1,2026-05-31,7.35,19.31,72.17,0.06,4.04,262.14,1015.12,2940.48,1.24,4.236,2400.0,0.194,PM2.5-1HR
948,BEL_BETN043,2026-05-31,6.9,19.64,68.04,0.06,4.05,257.91,1015.23,5278.47,1.19,4.166,2400.0,0.014,PM2.5-1HR
948,BEL_BETR001,2026-05-31,7.46,19.64,68.04,0.06,4.05,257.91,1015.23,19773.03,1.19,4.166,2400.0,0.017,PM2.5-1HR
948,BEL_BETR012,2026-05-31,6.65,19.48,68.83,0.1,4.13,252.25,1015.33,4591.59,1.17,4.138,2400.0,0.456,PM2.5-1HR
948,BEL_BETREG1,2026-05-31,7.38,19.64,68.04,0.06,4.05,257.91,1015.23,7150.07,1.19,4.166,2400.0,0.02,PM2.5-1HR
948,BEL_BETB011,2026-06-01,4.44,18.51,64.92,0,2.8,226.97,1016.21,4799.28,1.92,5.188,2400.0,0.943,PM2.5-1HR
948,BEL_BETN043,2026-06-01,5.19,18.51,64.92,0,2.8,226.97,1016.21,5278.47,1.92,5.188,2400.0,0.014,PM2.5-1HR
948,BEL_BETMEU1,2026-06-01,5,18.35,67.67,0,2.68,226.25,1016.13,2940.48,1.99,5.286,2400.0,0.194,PM2.5-1HR
948,BEL_BETR001,2026-06-01,5.25,18.51,64.92,0,2.8,226.97,1016.21,19773.03,1.92,5.188,2400.0,0.017,PM2.5-1HR
948,BEL_BETR012,2026-06-01,4.98,18.42,64.75,0,2.8,229.64,1016.3,4591.59,1.95,5.23,2400.0,0.456,PM2.5-1HR
948,BEL_BETREG1,2026-06-01,5.64,18.51,64.92,0,2.8,226.97,1016.21,7150.07,1.92,5.188,2400.0,0.02,PM2.5-1HR
948,BEL_BETB011,2026-06-03,2.72,15.28,79.83,0.43,5.45,221.9,1007.15,4799.28,0.64,3.396,2400.0,0.943,PM2.5-1HR
948,BEL_BETN043,2026-06-03,4.1,15.28,79.83,0.43,5.45,221.9,1007.15,5278.47,0.64,3.396,2400.0,0.014,PM2.5-1HR
948,BEL_BETMEU1,2026-06-03,3.16,15.37,81.04,0.43,5.42,222.09,1006.98,2940.48,0.73,3.522,2400.0,0.194,PM2.5-1HR
948,BEL_BETR001,2026-06-03,3.04,15.28,79.83,0.43,5.45,221.9,1007.15,19773.03,0.64,3.396,2400.0,0.017,PM2.5-1HR
948,BEL_BETR012,2026-06-03,2.55,15.03,82,0.5,5.5,222.03,1007.32,4591.59,0.67,3.438,2400.0,0.456,PM2.5-1HR
948,BEL_BETREG1,2026-06-03,3.35,15.28,79.83,0.43,5.45,221.9,1007.15,7150.07,0.64,3.396,2400.0,0.02,PM2.5-1HR
948,BEL_BETB011,2026-06-04,2.41,15.28,78.04,0.41,5.52,223.54,1002.4,4799.28,0.62,3.368,2400.0,0.943,PM2.5-1HR
948,BEL_BETN043,2026-06-04,1.62,15.28,78.04,0.41,5.52,223.54,1002.4,5278.47,0.62,3.368,2400.0,0.014,PM2.5-1HR
948,BEL_BETMEU1,2026-06-04,2.78,15.33,78.5,0.43,5.47,223.04,1002.21,2940.48,0.67,3.438,2400.0,0.194,PM2.5-1HR
948,BEL_BETR001,2026-06-04,2.81,15.28,78.04,0.41,5.52,223.54,1002.4,19773.03,0.62,3.368,2400.0,0.017,PM2.5-1HR
948,BEL_BETR012,2026-06-04,2.37,15.05,79.46,0.35,5.6,224.93,1002.56,4591.59,0.63,3.382,2400.0,0.456,PM2.5-1HR
948,BEL_BETREG1,2026-06-04,3.01,15.28,78.04,0.41,5.52,223.54,1002.4,7150.07,0.62,3.368,2400.0,0.02,PM2.5-1HR
948,BEL_BETN043,2026-06-05,3.82,14.82,76.17,0.13,4,234.5,1012.02,5278.47,1.98,5.272,2400.0,0.014,PM2.5-1HR
948,BEL_BETB011,2026-06-05,3.51,14.82,76.17,0.13,4,234.5,1012.02,4799.28,1.98,5.272,2400.0,0.943,PM2.5-1HR
948,BEL_BETMEU1,2026-06-05,4.05,14.81,77.92,0.1,3.96,233.68,1011.91,2940.48,2.1,5.44,2400.0,0.194,PM2.5-1HR
948,BEL_BETR001,2026-06-05,4.58,14.82,76.17,0.13,4,234.5,1012.02,19773.03,1.98,5.272,2400.0,0.017,PM2.5-1HR
948,BEL_BETR012,2026-06-05,3.52,14.68,76.92,0.1,4.07,234.44,1012.12,4591.59,2.02,5.328,2400.0,0.456,PM2.5-1HR
948,BEL_BETREG1,2026-06-05,4.6,14.82,76.17,0.13,4,234.5,1012.02,7150.07,1.98,5.272,2400.0,0.02,PM2.5-1HR
948,BEL_BETB011,2026-06-16,7.72,19.75,67.13,0,3.15,258.96,1014.21,4799.28,4.83,9.262,2400.0,0.943,PM2.5-1HR
948,BEL_BETREG1,2026-06-16,9.18,19.75,67.13,0,3.15,258.96,1014.21,7150.07,4.83,9.262,2400.0,0.02,PM2.5-1HR
948,BEL_BETMEU1,2026-06-16,8.92,19.21,71.58,0,3.04,263.43,1014.18,2940.48,4.99,9.486,2400.0,0.194,PM2.5-1HR
948,BEL_BETN043,2026-06-16,8.2,19.75,67.13,0,3.15,258.96,1014.21,5278.47,4.83,9.262,2400.0,0.014,PM2.5-1HR
948,BEL_BETR001,2026-06-16,9.11,19.75,67.13,0,3.15,258.96,1014.21,19773.03,4.83,9.262,2400.0,0.017,PM2.5-1HR
948,BEL_BETR012,2026-06-16,8.14,19.8,67.79,0,3.15,254.61,1014.25,4591.59,4.69,9.066,2400.0,0.456,PM2.5-1HR
948,BEL_BETB011,2026-06-17,3.33,20.96,69.92,0,2.77,233.61,1019,4799.28,1.74,4.936,2400.0,0.943,PM2.5-1HR
948,BEL_BETREG1,2026-06-17,4.15,20.96,69.92,0,2.77,233.61,1019,7150.07,1.74,4.936,2400.0,0.02,PM2.5-1HR
948,BEL_BETMEU1,2026-06-17,3.77,20.37,74.79,0.01,2.65,235.45,1018.94,2940.48,1.77,4.978,2400.0,0.194,PM2.5-1HR
948,BEL_BETN043,2026-06-17,4.26,20.96,69.92,0,2.77,233.61,1019,5278.47,1.74,4.936,2400.0,0.014,PM2.5-1HR
948,BEL_BETR001,2026-06-17,3.92,20.96,69.92,0,2.77,233.61,1019,19773.03,1.74,4.936,2400.0,0.017,PM2.5-1HR
948,BEL_BETR012,2026-06-17,3.18,20.71,71.67,0,2.63,229.27,1019.09,4591.59,1.79,5.006,2400.0,0.456,PM2.5-1HR
948,BEL_BETB011,2026-06-18,3.88,25.2,57.29,0,1.4,264.1,1018.11,4799.28,2.49,5.986,2400.0,0.943,PM2.5-1HR
948,BEL_BETREG1,2026-06-18,4.89,25.2,57.29,0,1.4,264.1,1018.11,7150.07,2.49,5.986,2400.0,0.02,PM2.5-1HR
948,BEL_BETMEU1,2026-06-18,6.6,23.72,68.75,0,1.27,306.44,1018.12,2940.48,2.8,6.42,2400.0,0.194,PM2.5-1HR
948,BEL_BETN043,2026-06-18,4.44,25.2,57.29,0,1.4,264.1,1018.11,5278.47,2.49,5.986,2400.0,0.014,PM2.5-1HR
948,BEL_BETR001,2026-06-18,5.38,25.2,57.29,0,1.4,264.1,1018.11,19773.03,2.49,5.986,2400.0,0.017,PM2.5-1HR
948,BEL_BETR012,2026-06-18,3.9,25.19,58.13,0,1.52,240.87,1018.12,4591.59,2.37,5.818,2400.0,0.456,PM2.5-1HR
948,BEL_BETB011,2026-06-19,6.06,25.6,65.63,0.17,3.06,183.86,1014.63,4799.28,3.61,7.554,2400.0,0.943,PM2.5-1HR
948,BEL_BETREG1,2026-06-19,6.22,25.6,65.63,0.17,3.06,183.86,1014.63,7150.07,3.61,7.554,2400.0,0.02,PM2.5-1HR
948,BEL_BETMEU1,2026-06-19,6.99,24.95,71.54,0.15,2.86,185.56,1014.57,2940.48,3.69,7.666,2400.0,0.194,PM2.5-1HR
948,BEL_BETN043,2026-06-19,6,25.6,65.63,0.17,3.06,183.86,1014.63,5278.47,3.61,7.554,2400.0,0.014,PM2.5-1HR
948,BEL_BETR001,2026-06-19,6.89,25.6,65.63,0.17,3.06,183.86,1014.63,19773.03,3.61,7.554,2400.0,0.017,PM2.5-1HR
948,BEL_BETR012,2026-06-19,6.13,25.68,64.63,0.18,3.07,179.98,1014.68,4591.59,3.59,7.526,2400.0,0.456,PM2.5-1HR
948,BEL_BETREG1,2026-06-20,5.98,24.16,71.25,0,1.81,295.82,1018.58,7150.07,2.17,5.538,2400.0,0.02,PM2.5-1HR
948,BEL_BETB011,2026-06-20,4.85,24.16,71.25,0,1.81,295.82,1018.58,4799.28,2.17,5.538,2400.0,0.943,PM2.5-1HR
948,BEL_BETMEU1,2026-06-20,5.57,23.51,75.88,0,1.85,295.59,1018.54,2940.48,2.21,5.594,2400.0,0.194,PM2.5-1HR
948,BEL_BETN043,2026-06-20,4.91,24.16,71.25,0,1.81,295.82,1018.58,5278.47,2.17,5.538,2400.0,0.014,PM2.5-1HR
948,BEL_BETR001,2026-06-20,5.82,24.16,71.25,0,1.81,295.82,1018.58,19773.03,2.17,5.538,2400.0,0.017,PM2.5-1HR
948,BEL_BETR012,2026-06-20,5.71,24.45,68.96,0,1.69,291.22,1018.58,4591.59,2.12,5.468,2400.0,0.456,PM2.5-1HR
948,BEL_BETREG1,2026-06-21,6.35,24.62,73.54,0.03,2.03,47.46,1024.07,7150.07,4.08,8.212,2400.0,0.02,PM2.5-1HR
948,BEL_BETB011,2026-06-21,6.03,24.62,73.54,0.03,2.03,47.46,1024.07,4799.28,4.08,8.212,2400.0,0.943,PM2.5-1HR
948,BEL_BETMEU1,2026-06-21,6.93,24.04,78,0.05,1.88,46.03,1024.09,2940.48,4.22,8.408,2400.0,0.194,PM2.5-1HR
948,BEL_BETN043,2026-06-21,5.84,24.62,73.54,0.03,2.03,47.46,1024.07,5278.47,4.08,8.212,2400.0,0.014,PM2.5-1HR
948,BEL_BETR001,2026-06-21,7.07,24.62,73.54,0.03,2.03,47.46,1024.07,19773.03,4.08,8.212,2400.0,0.017,PM2.5-1HR
948,BEL_BETR012,2026-06-21,6.61,25.04,70.83,0.01,2.1,50.05,1023.99,4591.59,3.95,8.03,2400.0,0.456,PM2.5-1HR
948,BEL_BETREG1,2026-06-22,6.95,25.34,69.58,0,2.4,43.67,1024.8,7150.07,4.48,8.772,2400.0,0.02,PM2.5-1HR
948,BEL_BETB011,2026-06-22,6.47,25.34,69.58,0,2.4,43.67,1024.8,4799.28,4.48,8.772,2400.0,0.943,PM2.5-1HR
948,BEL_BETMEU1,2026-06-22,7.36,24.7,73.54,0,2.19,42.35,1024.85,2940.48,4.52,8.828,2400.0,0.194,PM2.5-1HR
948,BEL_BETN043,2026-06-22,6.75,25.34,69.58,0,2.4,43.67,1024.8,5278.47,4.48,8.772,2400.0,0.014,PM2.5-1HR
948,BEL_BETR001,2026-06-22,7.86,25.34,69.58,0,2.4,43.67,1024.8,19773.03,4.48,8.772,2400.0,0.017,PM2.5-1HR
948,BEL_BETR012,2026-06-22,6.83,25.93,65.67,0,2.41,47.16,1024.73,4591.59,4.37,8.618,2400.0,0.456,PM2.5-1HR
948,BEL_BETREG1,2026-06-23,7.09,24.47,70.33,0.07,1.88,74.18,1021.6,7150.07,4.59,8.926,2400.0,0.02,PM2.5-1HR
948,BEL_BETB011,2026-06-23,6.68,24.47,70.33,0.07,1.88,74.18,1021.6,4799.28,4.59,8.926,2400.0,0.943,PM2.5-1HR
948,BEL_BETMEU1,2026-06-23,7.86,23.79,75.33,0.04,1.69,75.71,1021.61,2940.48,4.64,8.996,2400.0,0.194,PM2.5-1HR
948,BEL_BETN043,2026-06-23,7.05,24.47,70.33,0.07,1.88,74.18,1021.6,5278.47,4.59,8.926,2400.0,0.014,PM2.5-1HR
948,BEL_BETR001,2026-06-23,8.19,24.47,70.33,0.07,1.88,74.18,1021.6,19773.03,4.59,8.926,2400.0,0.017,PM2.5-1HR
948,BEL_BETR012,2026-06-23,6.98,24.65,69.21,0.05,1.96,76.19,1021.59,4591.59,4.48,8.772,2400.0,0.456,PM2.5-1HR
948,BEL_BETREG1,2026-06-24,9.41,29.58,51.5,0,1.72,130.88,1017.53,7150.07,5.86,10.704,2400.0,0.02,PM2.5-1HR
948,BEL_BETB011,2026-06-24,9.18,29.58,51.5,0,1.72,130.88,1017.53,4799.28,5.86,10.704,2400.0,0.943,PM2.5-1HR
948,BEL_BETMEU1,2026-06-24,11.22,28.23,61.54,0,1.45,110.13,1017.53,2940.48,5.98,10.872,2400.0,0.194,PM2.5-1HR
948,BEL_BETN043,2026-06-24,9.8,29.58,51.5,0,1.72,130.88,1017.53,5278.47,5.86,10.704,2400.0,0.014,PM2.5-1HR
948,BEL_BETR001,2026-06-24,10.59,29.58,51.5,0,1.72,130.88,1017.53,19773.03,5.86,10.704,2400.0,0.017,PM2.5-1HR
948,BEL_BETR012,2026-06-24,8.83,29.44,52.13,0,1.78,148.05,1017.54,4591.59,5.73,10.522,2400.0,0.456,PM2.5-1HR
948,BEL_BETB011,2026-06-25,17.61,30.82,51.71,0,2.77,64.78,1017.3,4799.28,13.79,21.806,2400.0,0.943,PM2.5-1HR
948,BEL_BETMEU1,2026-06-25,19.81,29.19,61.5,0,2.47,63.6,1017.35,2940.48,14.07,22.198,2400.0,0.194,PM2.5-1HR
948,BEL_BETN043,2026-06-25,18.11,30.82,51.71,0,2.77,64.78,1017.3,5278.47,13.79,21.806,2400.0,0.014,PM2.5-1HR
948,BEL_BETR001,2026-06-25,19.47,30.82,51.71,0,2.77,64.78,1017.3,19773.03,13.79,21.806,2400.0,0.017,PM2.5-1HR
948,BEL_BETR012,2026-06-25,17.38,31.17,49.46,0,2.75,69.82,1017.24,4591.59,13.56,21.484,2400.0,0.456,PM2.5-1HR
948,BEL_BETREG1,2026-06-25,17.83,30.82,51.71,0,2.77,64.78,1017.3,7150.07,13.79,21.806,2400.0,0.02,PM2.5-1HR
948,BEL_BETB011,2026-06-26,14.39,31.63,48.17,0.03,2.6,189.89,1015.31,4799.28,11.96,19.244,2400.0,0.943,PM2.5-1HR
948,BEL_BETMEU1,2026-06-26,17.23,30.5,55.42,0.01,2.19,178.62,1015.28,2940.48,12.05,19.37,2400.0,0.194,PM2.5-1HR
948,BEL_BETN043,2026-06-26,15.53,31.63,48.17,0.03,2.6,189.89,1015.31,5278.47,11.96,19.244,2400.0,0.014,PM2.5-1HR
948,BEL_BETR001,2026-06-26,15.93,31.63,48.17,0.03,2.6,189.89,1015.31,19773.03,11.96,19.244,2400.0,0.017,PM2.5-1HR
948,BEL_BETR012,2026-06-26,14.34,31.43,49,0,2.78,192.81,1015.34,4591.59,11.72,18.908,2400.0,0.456,PM2.5-1HR
948,BEL_BETREG1,2026-06-26,15.18,31.63,48.17,0.03,2.6,189.89,1015.31,7150.07,11.96,19.244,2400.0,0.02,PM2.5-1HR
948,BEL_BETB011,2026-06-27,10.25,26.92,62.13,0.01,2.5,343.6,1016,4799.28,8.92,14.988,2400.0,0.943,PM2.5-1HR
948,BEL_BETN043,2026-06-27,10.39,26.92,62.13,0.01,2.5,343.6,1016,5278.47,8.92,14.988,2400.0,0.014,PM2.5-1HR
948,BEL_BETR001,2026-06-27,11.64,26.92,62.13,0.01,2.5,343.6,1016,19773.03,8.92,14.988,2400.0,0.017,PM2.5-1HR
948,BEL_BETR012,2026-06-27,11.39,27.11,60.79,0.01,2.39,348.96,1015.95,4591.59,8.92,14.988,2400.0,0.456,PM2.5-1HR
948,BEL_BETREG1,2026-06-27,11.03,26.92,62.13,0.01,2.5,343.6,1016,7150.07,8.92,14.988,2400.0,0.02,PM2.5-1HR
948,BEL_BETB011,2026-06-28,5.99,24.56,66.63,0.01,2.77,262.77,1018.12,4799.28,1.96,5.244,2400.0,0.943,PM2.5-1HR
948,BEL_BETN043,2026-06-28,5.65,24.56,66.63,0.01,2.77,262.77,1018.12,5278.47,1.96,5.244,2400.0,0.014,PM2.5-1HR
948,BEL_BETR001,2026-06-28,6.95,24.56,66.63,0.01,2.77,262.77,1018.12,19773.03,1.96,5.244,2400.0,0.017,PM2.5-1HR
948,BEL_BETR012,2026-06-28,5.88,24.38,68.5,0.06,2.67,262.28,1018.17,4591.59,1.96,5.244,2400.0,0.456,PM2.5-1HR
948,BEL_BETREG1,2026-06-28,6.37,24.56,66.63,0.01,2.77,262.77,1018.12,7150.07,1.96,5.244,2400.0,0.02,PM2.5-1HR
948,BEL_BETB011,2026-06-29,2.52,20.78,60.46,0,2.39,295.77,1024.89,4799.28,1.05,3.97,2400.0,0.943,PM2.5-1HR
948,BEL_BETMEU1,2026-06-29,3.76,20.54,63.08,0,2.36,296.6,1024.85,2940.48,1.14,4.096,2400.0,0.194,PM2.5-1HR
948,BEL_BETN043,2026-06-29,2.94,20.78,60.46,0,2.39,295.77,1024.89,5278.47,1.05,3.97,2400.0,0.014,PM2.5-1HR
948,BEL_BETR001,2026-06-29,3.45,20.78,60.46,0,2.39,295.77,1024.89,19773.03,1.05,3.97,2400.0,0.017,PM2.5-1HR
948,BEL_BETR012,2026-06-29,3.04,20.79,60,0,2.35,294.8,1024.9,4591.59,0.71,3.494,2400.0,0.456,PM2.5-1HR
948,BEL_BETREG1,2026-06-29,3.98,20.78,60.46,0,2.39,295.77,1024.89,7150.07,1.05,3.97,2400.0,0.02,PM2.5-1HR
948,BEL_BETB011,2026-06-30,4.15,18.86,68.5,0.04,1.29,349.86,1023.65,4799.28,2.57,6.098,2400.0,0.943,PM2.5-1HR
948,BEL_BETMEU1,2026-06-30,5.99,18.35,72.5,0.02,1.11,346.28,1023.68,2940.48,2.59,6.126,2400.0,0.194,PM2.5-1HR
948,BEL_BETN043,2026-06-30,5.91,18.86,68.5,0.04,1.29,349.86,1023.65,5278.47,2.57,6.098,2400.0,0.014,PM2.5-1HR
948,BEL_BETR001,2026-06-30,6.05,18.86,68.5,0.04,1.29,349.86,1023.65,19773.03,2.57,6.098,2400.0,0.017,PM2.5-1HR
948,BEL_BETR012,2026-06-30,4.23,18.98,67.79,0.03,1.38,353.9,1023.61,4591.59,2.52,6.028,2400.0,0.456,PM2.5-1HR
948,BEL_BETREG1,2026-06-30,5.33,18.86,68.5,0.04,1.29,349.86,1023.65,7150.07,2.57,6.098,2400.0,0.02,PM2.5-1HR
948,BEL_BETB011,2026-07-01,3.64,18.98,68.63,0.09,2.23,281.91,1022.5,4799.28,1.22,4.208,2400.0,0.943,PM2.5-1HR
948,BEL_BETMEU1,2026-07-01,4.26,18.64,71.92,0.1,2.19,277.68,1022.47,2940.48,1.26,4.264,2400.0,0.194,PM2.5-1HR
948,BEL_BETN043,2026-07-01,4.19,18.98,68.63,0.09,2.23,281.91,1022.5,5278.47,1.22,4.208,2400.0,0.014,PM2.5-1HR
948,BEL_BETR001,2026-07-01,4.92,18.98,68.63,0.09,2.23,281.91,1022.5,19773.03,1.22,4.208,2400.0,0.017,PM2.5-1HR
948,BEL_BETR012,2026-07-01,4.91,18.9,68.08,0.11,2.21,283.34,1022.55,4591.59,1.26,4.264,2400.0,0.456,PM2.5-1HR
948,BEL_BETREG1,2026-07-01,5.14,18.98,68.63,0.09,2.23,281.91,1022.5,7150.07,1.22,4.208,2400.0,0.02,PM2.5-1HR
948,BEL_BETB011,2026-07-02,3.01,18.59,75.21,0.1,3.84,251.89,1022.38,4799.28,1.53,4.642,2400.0,0.943,PM2.5-1HR
948,BEL_BETMEU1,2026-07-02,4.66,18.48,76.04,0.11,3.82,252.84,1022.27,2940.48,1.52,4.628,2400.0,0.194,PM2.5-1HR
948,BEL_BETN043,2026-07-02,3.59,18.59,75.21,0.1,3.84,251.89,1022.38,5278.47,1.53,4.642,2400.0,0.014,PM2.5-1HR
948,BEL_BETR001,2026-07-02,3.73,18.59,75.21,0.1,3.84,251.89,1022.38,19773.03,1.53,4.642,2400.0,0.017,PM2.5-1HR
948,BEL_BETR012,2026-07-02,3.04,18.48,76.13,0.08,3.78,251.73,1022.49,4591.59,1.54,4.656,2400.0,0.456,PM2.5-1HR
948,BEL_BETREG1,2026-07-02,4.08,18.59,75.21,0.1,3.84,251.89,1022.38,7150.07,1.53,4.642,2400.0,0.02,PM2.5-1HR
948,BEL_BETB011,2026-07-03,2.71,17.99,61.67,0,1.99,298.39,1027.45,4799.28,2.24,5.636,2400.0,0.943,PM2.5-1HR
948,BEL_BETMEU1,2026-07-03,3.53,17.57,64.42,0,1.95,292.5,1027.46,2940.48,2.4,5.86,2400.0,0.194,PM2.5-1HR
948,BEL_BETN043,2026-07-03,3.18,17.99,61.67,0,1.99,298.39,1027.45,5278.47,2.24,5.636,2400.0,0.014,PM2.5-1HR
948,BEL_BETR001,2026-07-03,4.16,17.99,61.67,0,1.99,298.39,1027.45,19773.03,2.24,5.636,2400.0,0.017,PM2.5-1HR
948,BEL_BETR012,2026-07-03,2.92,18.02,61.21,0,1.88,300.8,1027.44,4591.59,2.22,5.608,2400.0,0.456,PM2.5-1HR
948,BEL_BETREG1,2026-07-03,4.08,17.99,61.67,0,1.99,298.39,1027.45,7150.07,2.24,5.636,2400.0,0.02,PM2.5-1HR
948,BEL_BETB011,2026-07-04,4.08,20.07,58.88,0,3.21,252.17,1026.11,4799.28,2.26,5.664,2400.0,0.943,PM2.5-1HR
948,BEL_BETMEU1,2026-07-04,4.7,19.6,63,0,3.04,247.17,1026.02,2940.48,2.37,5.818,2400.0,0.194,PM2.5-1HR
948,BEL_BETN043,2026-07-04,4.21,20.07,58.88,0,3.21,252.17,1026.11,5278.47,2.26,5.664,2400.0,0.014,PM2.5-1HR
948,BEL_BETR001,2026-07-04,5.24,20.07,58.88,0,3.21,252.17,1026.11,19773.03,2.26,5.664,2400.0,0.017,PM2.5-1HR
948,BEL_BETR012,2026-07-04,3.75,19.9,59.13,0,3.18,249.15,1026.18,4591.59,2.25,5.65,2400.0,0.456,PM2.5-1HR
948,BEL_BETREG1,2026-07-04,5.12,20.07,58.88,0,3.21,252.17,1026.11,7150.07,2.26,5.664,2400.0,0.02,PM2.5-1HR
948,BEL_BETB011,2026-07-05,1.96,20.38,69.54,0.02,3.28,280.68,1023.3,4799.28,0.59,3.326,2400.0,0.943,PM2.5-1HR
948,BEL_BETMEU1,2026-07-05,2.42,20.13,72.29,0.02,3.26,282.4,1023.23,2940.48,0.62,3.368,2400.0,0.194,PM2.5-1HR
948,BEL_BETN043,2026-07-05,2.31,20.38,69.54,0.02,3.28,280.68,1023.3,5278.47,0.59,3.326,2400.0,0.014,PM2.5-1HR
948,BEL_BETR001,2026-07-05,2.69,20.38,69.54,0.02,3.28,280.68,1023.3,19773.03,0.59,3.326,2400.0,0.017,PM2.5-1HR
948,BEL_BETR012,2026-07-05,2.03,20.27,69.92,0.03,3.31,277.39,1023.37,4591.59,0.59,3.326,2400.0,0.456,PM2.5-1HR
948,BEL_BETREG1,2026-07-05,2.79,20.38,69.54,0.02,3.28,280.68,1023.3,7150.07,0.59,3.326,2400.0,0.02,PM2.5-1HR
948,BEL_BETB011,2026-07-06,2.8,22.62,61.63,0,3.73,241.34,1019.1,4799.28,0.58,3.312,2400.0,0.943,PM2.5-1HR
948,BEL_BETMEU1,2026-07-06,2.97,22.32,64.08,0,3.75,239.7,1018.95,2940.48,0.64,3.396,2400.0,0.194,PM2.5-1HR
948,BEL_BETN043,2026-07-06,3.17,22.62,61.63,0,3.73,241.34,1019.1,5278.47,0.58,3.312,2400.0,0.014,PM2.5-1HR
948,BEL_BETR001,2026-07-06,3.25,22.62,61.63,0,3.73,241.34,1019.1,19773.03,0.58,3.312,2400.0,0.017,PM2.5-1HR
948,BEL_BETR012,2026-07-06,2.54,22.45,62.25,0,3.64,241.38,1019.21,4591.59,0.59,3.326,2400.0,0.456,PM2.5-1HR
948,BEL_BETREG1,2026-07-06,3.7,22.62,61.63,0,3.73,241.34,1019.1,7150.07,0.58,3.312,2400.0,0.02,PM2.5-1HR
948,BEL_BETB011,2026-07-08,5.07,22.56,62.29,0,2.08,337.32,1018.78,4799.28,5.14,9.696,2400.0,0.943,PM2.5-1HR
948,BEL_BETREG1,2026-07-08,5.84,22.56,62.29,0,2.08,337.32,1018.78,7150.07,5.14,9.696,2400.0,0.02,PM2.5-1HR
948,BEL_BETMEU1,2026-07-08,5.8,21.87,67.17,0,1.93,333.54,1018.81,2940.48,5.28,9.892,2400.0,0.194,PM2.5-1HR
948,BEL_BETN043,2026-07-08,4.89,22.56,62.29,0,2.08,337.32,1018.78,5278.47,5.14,9.696,2400.0,0.014,PM2.5-1HR
948,BEL_BETR001,2026-07-08,6.42,22.56,62.29,0,2.08,337.32,1018.78,19773.03,5.14,9.696,2400.0,0.017,PM2.5-1HR
948,BEL_BETR012,2026-07-08,4.48,22.83,61.58,0,2.06,339.24,1018.74,4591.59,5.02,9.528,2400.0,0.456,PM2.5-1HR
948,BEL_BETB011,2026-07-09,5.39,22.83,59.63,0,1.98,45.28,1018.62,4799.28,3.82,7.848,2400.0,0.943,PM2.5-1HR
948,BEL_BETMEU1,2026-07-09,6.08,22.13,64.25,0,1.74,49.19,1018.68,2940.48,3.81,7.834,2400.0,0.194,PM2.5-1HR
948,BEL_BETN043,2026-07-09,6.26,22.83,59.63,0,1.98,45.28,1018.62,5278.47,3.82,7.848,2400.0,0.014,PM2.5-1HR
948,BEL_BETR001,2026-07-09,6.54,22.83,59.63,0,1.98,45.28,1018.62,19773.03,3.82,7.848,2400.0,0.017,PM2.5-1HR
948,BEL_BETR012,2026-07-09,4.83,23.1,57.92,0,1.96,47.69,1018.55,4591.59,3.77,7.778,2400.0,0.456,PM2.5-1HR
948,BEL_BETREG1,2026-07-09,5.44,22.83,59.63,0,1.98,45.28,1018.62,7150.07,3.82,7.848,2400.0,0.02,PM2.5-1HR
948,BEL_BETB011,2026-07-10,8.08,24.4,52.54,0,3.34,61.07,1017.08,4799.28,6.48,11.572,2400.0,0.943,PM2.5-1HR
948,BEL_BETMEU1,2026-07-10,9.42,23.88,56.21,0,3.18,62.56,1017.16,2940.48,6.61,11.754,2400.0,0.194,PM2.5-1HR
948,BEL_BETN043,2026-07-10,8.68,24.4,52.54,0,3.34,61.07,1017.08,5278.47,6.48,11.572,2400.0,0.014,PM2.5-1HR
948,BEL_BETR001,2026-07-10,9.06,24.4,52.54,0,3.34,61.07,1017.08,19773.03,6.48,11.572,2400.0,0.017,PM2.5-1HR
948,BEL_BETR012,2026-07-10,7.65,24.6,51.29,0,3.37,62.54,1016.95,4591.59,6.31,11.334,2400.0,0.456,PM2.5-1HR
948,BEL_BETREG1,2026-07-10,8.03,24.4,52.54,0,3.34,61.07,1017.08,7150.07,6.48,11.572,2400.0,0.02,PM2.5-1HR
948,BEL_BETB011,2026-07-11,7.47,25.36,51.88,0,3.44,51.09,1018.86,4799.28,5.97,10.858,2400.0,0.943,PM2.5-1HR
948,BEL_BETMEU1,2026-07-11,8.13,24.88,55.42,0,3.22,53.33,1018.96,2940.48,6.05,10.97,2400.0,0.194,PM2.5-1HR
948,BEL_BETN043,2026-07-11,7.26,25.36,51.88,0,3.44,51.09,1018.86,5278.47,5.97,10.858,2400.0,0.014,PM2.5-1HR
948,BEL_BETR001,2026-07-11,8.22,25.36,51.88,0,3.44,51.09,1018.86,19773.03,5.97,10.858,2400.0,0.017,PM2.5-1HR
948,BEL_BETR012,2026-07-11,7.33,25.68,49.58,0,3.49,52.09,1018.75,4591.59,5.84,10.676,2400.0,0.456,PM2.5-1HR
948,BEL_BETREG1,2026-07-11,7.42,25.36,51.88,0,3.44,51.09,1018.86,7150.07,5.97,10.858,2400.0,0.02,PM2.5-1HR
948,BEL_BETB011,2026-07-12,5.43,26.08,48.67,0,3.78,50.45,1021.39,4799.28,2.95,6.63,2400.0,0.943,PM2.5-1HR
948,BEL_BETMEU1,2026-07-12,6.12,25.49,53.04,0,3.64,50.34,1021.51,2940.48,3.02,6.728,2400.0,0.194,PM2.5-1HR
948,BEL_BETN043,2026-07-12,5.17,26.08,48.67,0,3.78,50.45,1021.39,5278.47,2.95,6.63,2400.0,0.014,PM2.5-1HR
948,BEL_BETR001,2026-07-12,6.01,26.08,48.67,0,3.78,50.45,1021.39,19773.03,2.95,6.63,2400.0,0.017,PM2.5-1HR
948,BEL_BETR012,2026-07-12,5.1,26.37,47.29,0,3.75,53.19,1021.24,4591.59,2.83,6.462,2400.0,0.456,PM2.5-1HR
948,BEL_BETREG1,2026-07-12,5.32,26.08,48.67,0,3.78,50.45,1021.39,7150.07,2.95,6.63,2400.0,0.02,PM2.5-1HR
948,BEL_BETB011,2026-07-13,7.13,23.65,52.79,0,3.87,33.09,1019.79,4799.28,5.43,10.102,2400.0,0.943,PM2.5-1HR
948,BEL_BETMEU1,2026-07-13,7.94,23.26,55.42,0,3.77,32.54,1019.94,2940.48,5.54,10.256,2400.0,0.194,PM2.5-1HR
948,BEL_BETN043,2026-07-13,7.9,23.65,52.79,0,3.87,33.09,1019.79,5278.47,5.43,10.102,2400.0,0.014,PM2.5-1HR
948,BEL_BETR001,2026-07-13,8.49,23.65,52.79,0,3.87,33.09,1019.79,19773.03,5.43,10.102,2400.0,0.017,PM2.5-1HR
948,BEL_BETR012,2026-07-13,7.59,24.08,50.79,0,3.88,34.97,1019.61,4591.59,5.32,9.948,2400.0,0.456,PM2.5-1HR
948,BEL_BETREG1,2026-07-13,7.72,23.65,52.79,0,3.87,33.09,1019.79,7150.07,5.43,10.102,2400.0,0.02,PM2.5-1HR
948,BEL_BETB011,2026-07-14,8.74,25.6,52.08,0,3.12,26.71,1017.66,4799.28,4.45,8.73,2400.0,0.943,PM2.5-1HR
948,BEL_BETMEU1,2026-07-14,9.34,25.23,54.58,0,2.96,25.48,1017.72,2940.48,4.53,8.842,2400.0,0.194,PM2.5-1HR
948,BEL_BETN043,2026-07-14,8.37,25.6,52.08,0,3.12,26.71,1017.66,5278.47,4.45,8.73,2400.0,0.014,PM2.5-1HR
948,BEL_BETR001,2026-07-14,9.48,25.6,52.08,0,3.12,26.71,1017.66,19773.03,4.45,8.73,2400.0,0.017,PM2.5-1HR
948,BEL_BETR012,2026-07-14,8.92,25.83,50.75,0,3.08,27.29,1017.58,4591.59,4.43,8.702,2400.0,0.456,PM2.5-1HR
948,BEL_BETREG1,2026-07-14,9.06,25.6,52.08,0,3.12,26.71,1017.66,7150.07,4.45,8.73,2400.0,0.02,PM2.5-1HR
948,BEL_BETB011,2026-07-15,6.26,25.18,44.08,0,3.66,45.83,1019.79,4799.28,4.26,8.464,2400.0,0.943,PM2.5-1HR
948,BEL_BETMEU1,2026-07-15,7.15,24.92,45.38,0,3.48,46.74,1019.86,2940.48,4.3,8.52,2400.0,0.194,PM2.5-1HR
948,BEL_BETN043,2026-07-15,7.12,25.18,44.08,0,3.66,45.83,1019.79,5278.47,4.26,8.464,2400.0,0.014,PM2.5-1HR
948,BEL_BETR001,2026-07-15,7.23,25.18,44.08,0,3.66,45.83,1019.79,19773.03,4.26,8.464,2400.0,0.017,PM2.5-1HR
948,BEL_BETR012,2026-07-15,6.25,25.45,42.08,0,3.69,45.87,1019.69,4591.59,4.18,8.352,2400.0,0.456,PM2.5-1HR
948,BEL_BETREG1,2026-07-15,6.47,25.18,44.08,0,3.66,45.83,1019.79,7150.07,4.26,8.464,2400.0,0.02,PM2.5-1HR
948,BEL_BETB011,2026-07-17,10.6,21.66,59.92,0,2.79,349.19,1014.92,4799.28,8.86,14.904,2400.0,0.943,PM2.5-1HR
948,BEL_BETMEU1,2026-07-17,11.67,21.25,63.04,0,2.66,346.69,1014.97,2940.48,8.84,14.876,2400.0,0.194,PM2.5-1HR
948,BEL_BETN043,2026-07-17,10.75,21.66,59.92,0,2.79,349.19,1014.92,5278.47,8.86,14.904,2400.0,0.014,PM2.5-1HR
948,BEL_BETR001,2026-07-17,11.23,21.66,59.92,0,2.79,349.19,1014.92,19773.03,8.86,14.904,2400.0,0.017,PM2.5-1HR
948,BEL_BETR012,2026-07-17,10.89,21.97,57.58,0.01,2.74,349.75,1014.87,4591.59,8.72,14.708,2400.0,0.456,PM2.5-1HR
948,BEL_BETREG1,2026-07-17,11.55,21.66,59.92,0,2.79,349.19,1014.92,7150.07,8.86,14.904,2400.0,0.02,PM2.5-1HR
948,BEL_BETB011,2026-07-18,10.18,18.2,69.67,0,3.01,313.85,1017.58,4799.28,1.31,4.334,2400.0,0.943,PM2.5-1HR
948,BEL_BETMEU1,2026-07-18,10,18.11,71.04,0.01,2.99,310.54,1017.56,2940.48,1.34,4.376,2400.0,0.194,PM2.5-1HR
948,BEL_BETN043,2026-07-18,9.05,18.2,69.67,0,3.01,313.85,1017.58,5278.47,1.31,4.334,2400.0,0.014,PM2.5-1HR
948,BEL_BETR001,2026-07-18,10.86,18.2,69.67,0,3.01,313.85,1017.58,19773.03,1.31,4.334,2400.0,0.017,PM2.5-1HR
948,BEL_BETR012,2026-07-18,10.61,18.18,69.79,0,2.95,315.1,1017.55,4591.59,1.33,4.362,2400.0,0.456,PM2.5-1HR
948,BEL_BETREG1,2026-07-18,10.91,18.2,69.67,0,3.01,313.85,1017.58,7150.07,1.31,4.334,2400.0,0.02,PM2.5-1HR
948,BEL_BETREG1,2026-07-19,4.43,17.13,62.04,0.03,3.19,324.26,1021.27,7150.07,2.96,6.644,2400.0,0.02,PM2.5-1HR
948,BEL_BETB011,2026-07-19,3.9,17.13,62.04,0.03,3.19,324.26,1021.27,4799.28,2.96,6.644,2400.0,0.943,PM2.5-1HR
948,BEL_BETMEU1,2026-07-19,4.14,17,63.46,0.03,3.07,320.68,1021.26,2940.48,2.95,6.63,2400.0,0.194,PM2.5-1HR
948,BEL_BETN043,2026-07-19,3.39,17.13,62.04,0.03,3.19,324.26,1021.27,5278.47,2.96,6.644,2400.0,0.014,PM2.5-1HR
948,BEL_BETR001,2026-07-19,4.27,17.13,62.04,0.03,3.19,324.26,1021.27,19773.03,2.96,6.644,2400.0,0.017,PM2.5-1HR
948,BEL_BETR012,2026-07-19,3.9,17.15,61.42,0.01,3.16,324.89,1021.27,4591.59,2.94,6.616,2400.0,0.456,PM2.5-1HR
948,BEL_BETREG1,2026-07-20,4.34,17.23,59.13,0.01,3.06,330.69,1024.43,7150.07,3.38,7.232,2400.0,0.02,PM2.5-1HR
948,BEL_BETB011,2026-07-20,2.62,17.23,59.13,0.01,3.06,330.69,1024.43,4799.28,3.38,7.232,2400.0,0.943,PM2.5-1HR
948,BEL_BETMEU1,2026-07-20,3.45,17.22,60.58,0,2.91,324.87,1024.43,2940.48,3.47,7.358,2400.0,0.194,PM2.5-1HR
948,BEL_BETN043,2026-07-20,3.1,17.23,59.13,0.01,3.06,330.69,1024.43,5278.47,3.38,7.232,2400.0,0.014,PM2.5-1HR
948,BEL_BETR001,2026-07-20,4.22,17.23,59.13,0.01,3.06,330.69,1024.43,19773.03,3.38,7.232,2400.0,0.017,PM2.5-1HR
948,BEL_BETR012,2026-07-20,3.31,17.16,58.38,0.01,3.02,332.91,1024.4,4591.59,3.37,7.218,2400.0,0.456,PM2.5-1HR
948,BEL_BETB011,2026-08-02,3.87,23.72,39.79,0,3.21,67.87,1016.4,4799.28,3.69,7.666,2400.0,0.943,PM2.5-1HR
948,BEL_BETMEU1,2026-08-02,4.86,23.13,43.21,0,3.01,63.52,1016.48,2940.48,3.79,7.806,2400.0,0.194,PM2.5-1HR
948,BEL_BETN043,2026-08-02,4.35,23.72,39.79,0,3.21,67.87,1016.4,5278.47,3.69,7.666,2400.0,0.014,PM2.5-1HR
948,BEL_BETR001,2026-08-02,4.99,23.72,39.79,0,3.21,67.87,1016.4,19773.03,3.69,7.666,2400.0,0.017,PM2.5-1HR
948,BEL_BETR012,2026-08-02,3.4,23.69,40.63,0,3.31,70.23,1016.29,4591.59,3.64,7.596,2400.0,0.456,PM2.5-1HR
948,BEL_BETREG1,2026-08-02,4.24,23.72,39.79,0,3.21,67.87,1016.4,7150.07,3.69,7.666,2400.0,0.02,PM2.5-1HR
948,BEL_BETB011,2026-08-03,5.84,27.26,37.92,0,1.89,33.43,1010.91,4799.28,3.95,8.03,2400.0,0.943,PM2.5-1HR
948,BEL_BETMEU1,2026-08-03,7.31,26.57,41.25,0,1.6,4.71,1010.93,2940.48,3.88,7.932,2400.0,0.194,PM2.5-1HR
948,BEL_BETN043,2026-08-03,5.9,27.26,37.92,0,1.89,33.43,1010.91,5278.47,3.95,8.03,2400.0,0.014,PM2.5-1HR
948,BEL_BETR001,2026-08-03,6.41,27.26,37.92,0,1.89,33.43,1010.91,19773.03,3.95,8.03,2400.0,0.017,PM2.5-1HR
948,BEL_BETR012,2026-08-03,5.9,27.35,37.79,0,1.96,45.2,1010.89,4591.59,3.94,8.016,2400.0,0.456,PM2.5-1HR
948,BEL_BETREG1,2026-08-03,6.23,27.26,37.92,0,1.89,33.43,1010.91,7150.07,3.95,8.03,2400.0,0.02,PM2.5-1HR
948,BEL_BETB011,2026-08-04,6.88,25.48,63,0.01,2.75,189.34,1011.65,4799.28,5.69,10.466,2400.0,0.943,PM2.5-1HR
948,BEL_BETMEU1,2026-08-04,7.29,25.43,63.38,0.01,2.71,192.41,1011.54,2940.48,5.91,10.774,2400.0,0.194,PM2.5-1HR
948,BEL_BETN043,2026-08-04,6.1,25.48,63,0.01,2.75,189.34,1011.65,5278.47,5.69,10.466,2400.0,0.014,PM2.5-1HR
948,BEL_BETR001,2026-08-04,6.54,25.48,63,0.01,2.75,189.34,1011.65,19773.03,5.69,10.466,2400.0,0.017,PM2.5-1HR
948,BEL_BETR012,2026-08-04,4.89,25.25,64.29,0.01,2.82,186.78,1011.75,4591.59,5.52,10.228,2400.0,0.456,PM2.5-1HR
948,BEL_BETREG1,2026-08-04,5.66,25.48,63,0.01,2.75,189.34,1011.65,7150.07,5.69,10.466,2400.0,0.02,PM2.5-1HR
948,BEL_BETB011,2026-08-05,2.92,21.89,66.58,0.09,3.77,245.64,1015.33,4799.28,1.54,4.656,2400.0,0.943,PM2.5-1HR
948,BEL_BETMEU1,2026-08-05,3.2,21.85,66.96,0.05,3.81,244.42,1015.22,2940.48,1.55,4.67,2400.0,0.194,PM2.5-1HR
948,BEL_BETN043,2026-08-05,3.16,21.89,66.58,0.09,3.77,245.64,1015.33,5278.47,1.54,4.656,2400.0,0.014,PM2.5-1HR
948,BEL_BETR001,2026-08-05,3.42,21.89,66.58,0.09,3.77,245.64,1015.33,19773.03,1.54,4.656,2400.0,0.017,PM2.5-1HR
948,BEL_BETR012,2026-08-05,2.82,21.84,66.75,0.1,3.77,246.38,1015.43,4591.59,1.58,4.712,2400.0,0.456,PM2.5-1HR
948,BEL_BETREG1,2026-08-05,3.48,21.89,66.58,0.09,3.77,245.64,1015.33,7150.07,1.54,4.656,2400.0,0.02,PM2.5-1HR
948,BEL_BETB011,2026-08-06,3.56,18.51,58.54,0,3.37,267.97,1021.39,4799.28,2.32,5.748,2400.0,0.943,PM2.5-1HR
948,BEL_BETMEU1,2026-08-06,3.87,18.41,60.54,0,3.35,267.97,1021.31,2940.48,2.35,5.79,2400.0,0.194,PM2.5-1HR
948,BEL_BETN043,2026-08-06,3.55,18.51,58.54,0,3.37,267.97,1021.39,5278.47,2.32,5.748,2400.0,0.014,PM2.5-1HR
948,BEL_BETR001,2026-08-06,3.99,18.51,58.54,0,3.37,267.97,1021.39,19773.03,2.32,5.748,2400.0,0.017,PM2.5-1HR
948,BEL_BETR012,2026-08-06,3.79,18.45,57.67,0,3.37,267.89,1021.46,4591.59,2.35,5.79,2400.0,0.456,PM2.5-1HR
948,BEL_BETREG1,2026-08-06,10.95,18.51,58.54,0,3.37,267.97,1021.39,7150.07,2.32,5.748,2400.0,0.02,PM2.5-1HR
948,BEL_BETB011,2026-08-07,3.21,18.14,54.17,0,1.26,308.57,1024.01,4799.28,2.45,5.93,2400.0,0.943,PM2.5-1HR
948,BEL_BETMEU1,2026-08-07,3.77,17.7,56.96,0,1.09,304.16,1024.04,2940.48,2.45,5.93,2400.0,0.194,PM2.5-1HR
948,BEL_BETN043,2026-08-07,3.38,18.14,54.17,0,1.26,308.57,1024.01,5278.47,2.45,5.93,2400.0,0.014,PM2.5-1HR
948,BEL_BETR001,2026-08-07,4.29,18.14,54.17,0,1.26,308.57,1024.01,19773.03,2.45,5.93,2400.0,0.017,PM2.5-1HR
948,BEL_BETR012,2026-08-07,6.08,18.08,52.96,0,1.21,303.66,1023.97,4591.59,2.46,5.944,2400.0,0.456,PM2.5-1HR
948,BEL_BETREG1,2026-08-07,9.28,18.14,54.17,0,1.26,308.57,1024.01,7150.07,2.45,5.93,2400.0,0.02,PM2.5-1HR
948,BEL_BETB011,2026-08-08,2.62,21.43,42.46,0,2.31,84.26,1020.7,4799.28,1.67,4.838,2400.0,0.943,PM2.5-1HR
948,BEL_BETMEU1,2026-08-08,3.91,20.58,48.5,0,2.03,81.39,1020.76,2940.48,1.73,4.922,2400.0,0.194,PM2.5-1HR
948,BEL_BETN043,2026-08-08,4.48,21.43,42.46,0,2.31,84.26,1020.7,5278.47,1.67,4.838,2400.0,0.014,PM2.5-1HR
948,BEL_BETR001,2026-08-08,3.44,21.43,42.46,0,2.31,84.26,1020.7,19773.03,1.67,4.838,2400.0,0.017,PM2.5-1HR
948,BEL_BETR012,2026-08-08,2.2,21.33,42.75,0,2.24,89.73,1020.66,4591.59,1.62,4.768,2400.0,0.456,PM2.5-1HR
948,BEL_BETREG1,2026-08-08,2.63,21.43,42.46,0,2.31,84.26,1020.7,7150.07,1.67,4.838,2400.0,0.02,PM2.5-1HR
948,BEL_BETB011,2026-08-09,4.06,23.47,42.46,0.03,2.18,176.66,1015.06,4799.28,2.74,6.336,2400.0,0.943,PM2.5-1HR
948,BEL_BETMEU1,2026-08-09,4.65,22.59,48.67,0.03,1.94,178.61,1015.02,2940.48,2.83,6.462,2400.0,0.194,PM2.5-1HR
948,BEL_BETN043,2026-08-09,4.4,23.47,42.46,0.03,2.18,176.66,1015.06,5278.47,2.74,6.336,2400.0,0.014,PM2.5-1HR
948,BEL_BETR001,2026-08-09,5.13,23.47,42.46,0.03,2.18,176.66,1015.06,19773.03,2.74,6.336,2400.0,0.017,PM2.5-1HR
948,BEL_BETR012,2026-08-09,3.16,23.08,43.13,0.02,2.18,171.3,1015.12,4591.59,2.72,6.308,2400.0,0.456,PM2.5-1HR
948,BEL_BETREG1,2026-08-09,4.14,23.47,42.46,0.03,2.18,176.66,1015.06,7150.07,2.74,6.336,2400.0,0.02,PM2.5-1HR
