metro_id,fullaqsid,date,aq_daily_mean,temp_daily_mean,rhum_daily_mean,precip_daily_mean,ws_daily_mean,wd_daily_mean_deg,barpr_daily_mean,population,bg3,sat_monthly_mean,metro_pop_density_year,dist_km_motorway_trunk_primary_secondary,partition_key
957,SWE_SE274590,2024-09-12,4.76,11.22,84.85,0.29,3.79,205.53,1006.64,16310.55,1.6,4.74,2900.0,0.004,PM2.5-1HR
957,SWE_SE0004A,2024-09-12,4.03,11.13,85.41,0.3,3.69,204.21,1006.63,2096.76,1.6,4.74,2900.0,0.027,PM2.5-1HR
957,SWE_SE274590,2024-09-13,3.43,10.76,78.37,0,3.01,267.8,1017.88,16310.55,1.79,5.006,2900.0,0.004,PM2.5-1HR
957,SWE_SE0004A,2024-09-13,3.61,10.63,79.3,0,2.9,265.71,1017.87,2096.76,1.79,5.006,2900.0,0.027,PM2.5-1HR
957,SWE_SE274590,2024-09-14,2.63,10.79,72.02,0,2.62,318.47,1024.73,16310.55,1.82,5.048,2900.0,0.004,PM2.5-1HR
957,SWE_SE0004A,2024-09-14,3.56,10.66,72.67,0,2.53,318.38,1024.72,2096.76,1.82,5.048,2900.0,0.027,PM2.5-1HR
957,SWE_SE274590,2024-09-15,3.28,11.49,81.44,0,1.09,213.53,1025.23,16310.55,1.93,5.202,2900.0,0.004,PM2.5-1HR
957,SWE_SE0004A,2024-09-15,3.64,11.39,82.24,0,1.08,210.44,1025.23,2096.76,1.93,5.202,2900.0,0.027,PM2.5-1HR
957,SWE_SE274590,2024-09-16,7.04,12.55,82.31,0,1.63,150.12,1025.19,16310.55,2.55,6.07,2900.0,0.004,PM2.5-1HR
957,SWE_SE0004A,2024-09-16,4.41,12.46,82.42,0,1.6,148.71,1025.2,2096.76,2.55,6.07,2900.0,0.027,PM2.5-1HR
957,SWE_SE274590,2024-09-17,5.41,12.49,86.47,0,1.69,25.06,1031.3,16310.55,3.09,6.826,2900.0,0.004,PM2.5-1HR
957,SWE_SE0004A,2024-09-17,4.98,12.4,86.65,0,1.65,25.84,1031.3,2096.76,3.09,6.826,2900.0,0.027,PM2.5-1HR
957,SWE_SE274590,2024-09-18,4.87,13.92,82.9,0,2.35,47.03,1034.05,16310.55,2.62,6.168,2900.0,0.004,PM2.5-1HR
957,SWE_SE0004A,2024-09-18,4.24,13.85,82.98,0,2.3,47.68,1034.07,2096.76,2.62,6.168,2900.0,0.027,PM2.5-1HR
957,SWE_SE274590,2024-09-19,6.96,14.29,82.87,0,1.84,72.18,1032.85,16310.55,3.57,7.498,2900.0,0.004,PM2.5-1HR
957,SWE_SE0004A,2024-09-19,5.92,14.21,82.97,0,1.8,72.31,1032.87,2096.76,3.57,7.498,2900.0,0.027,PM2.5-1HR
957,SWE_SE274590,2024-09-20,10.48,14.2,86.19,0,1.29,124.15,1031.31,16310.55,6.37,11.418,2900.0,0.004,PM2.5-1HR
957,SWE_SE0004A,2024-09-20,10.88,14.12,86.06,0,1.26,120.92,1031.31,2096.76,6.37,11.418,2900.0,0.027,PM2.5-1HR
957,SWE_SE274590,2024-09-21,15.34,13.69,86.22,0,1.12,107.06,1027.44,16310.55,11,17.9,2900.0,0.004,PM2.5-1HR
957,SWE_SE0004A,2024-09-21,14.48,13.64,86.02,0,1.12,108.12,1027.44,2096.76,11,17.9,2900.0,0.027,PM2.5-1HR
957,SWE_SE274590,2024-09-22,14.24,14.2,84.72,0,2.17,123.82,1020.78,16310.55,11.66,18.824,2900.0,0.004,PM2.5-1HR
957,SWE_SE0004A,2024-09-22,14.02,14.12,84.86,0,2.12,123.54,1020.79,2096.76,11.66,18.824,2900.0,0.027,PM2.5-1HR
957,SWE_SE274590,2024-09-23,17.45,14.48,86.4,0,2.83,159.77,1010.55,16310.55,13.03,20.742,2900.0,0.004,PM2.5-1HR
957,SWE_SE0067A,2024-09-23,22.43,14.46,86.39,0,2.8,159.82,1010.55,11788.62,13.03,20.742,2900.0,0.003,PM2.5-1HR
957,SWE_SE0004A,2024-09-23,17.54,14.41,86.36,0,2.75,159.92,1010.56,2096.76,13.03,20.742,2900.0,0.027,PM2.5-1HR
957,SWE_SE274590,2024-09-24,14.26,14.31,93.81,0.36,3.52,167.12,1001.44,16310.55,8.63,14.582,2900.0,0.004,PM2.5-1HR
957,SWE_SE0067A,2024-09-24,13.78,14.29,93.85,0.36,3.5,166.92,1001.44,11788.62,8.63,14.582,2900.0,0.003,PM2.5-1HR
957,SWE_SE0004A,2024-09-24,14,14.23,93.95,0.36,3.44,166.45,1001.45,2096.76,8.63,14.582,2900.0,0.027,PM2.5-1HR
957,SWE_SE0004A,2024-09-25,5.79,13.3,83.62,0.25,5.99,221.24,994.41,2096.76,2.59,6.126,2900.0,0.027,PM2.5-1HR
957,SWE_SE274590,2024-09-25,5.36,13.36,83.34,0.25,6.16,221.84,994.43,16310.55,2.59,6.126,2900.0,0.004,PM2.5-1HR
957,SWE_SE0067A,2024-09-25,5.37,13.34,83.42,0.25,6.11,221.66,994.43,11788.62,2.59,6.126,2900.0,0.003,PM2.5-1HR
957,SWE_SE274590,2024-09-26,3.44,11.21,85.98,0.69,4.1,97.63,992.84,16310.55,1.38,4.432,2900.0,0.004,PM2.5-1HR
957,SWE_SE0067A,2024-09-26,3.08,11.18,86.06,0.69,4.07,98.01,992.85,11788.62,1.38,4.432,2900.0,0.003,PM2.5-1HR
957,SWE_SE0004A,2024-09-26,3.02,11.11,86.26,0.69,4,98.84,992.86,2096.76,1.38,4.432,2900.0,0.027,PM2.5-1HR
957,SWE_SE274590,2024-09-27,2.35,9.76,94.91,0.3,3.47,11.82,988.04,16310.55,0.94,3.816,2900.0,0.004,PM2.5-1HR
957,SWE_SE0067A,2024-09-27,1.59,9.73,95.04,0.3,3.45,11.74,988.04,11788.62,0.94,3.816,2900.0,0.003,PM2.5-1HR
957,SWE_SE0004A,2024-09-27,1.42,9.67,95.34,0.3,3.4,11.53,988.04,2096.76,0.94,3.816,2900.0,0.027,PM2.5-1HR
957,SWE_SE274590,2024-09-28,2.04,8.41,77.76,0.21,3.54,278.97,1002.72,16310.55,0.88,3.732,2900.0,0.004,PM2.5-1HR
957,SWE_SE0067A,2024-09-28,1.82,8.36,77.96,0.22,3.5,278.38,1002.72,11788.62,0.88,3.732,2900.0,0.003,PM2.5-1HR
957,SWE_SE0004A,2024-09-28,4.18,8.27,78.43,0.22,3.4,277.02,1002.7,2096.76,0.88,3.732,2900.0,0.027,PM2.5-1HR
957,SWE_SE274590,2024-09-29,2.13,8.87,68.42,0.01,3.72,275.23,1020.85,16310.55,1.44,4.516,2900.0,0.004,PM2.5-1HR
957,SWE_SE0067A,2024-09-29,2.15,8.82,68.57,0.01,3.67,274.99,1020.85,11788.62,1.44,4.516,2900.0,0.003,PM2.5-1HR
957,SWE_SE0004A,2024-09-29,4.17,8.73,68.93,0.01,3.56,274.42,1020.83,2096.76,1.44,4.516,2900.0,0.027,PM2.5-1HR
957,SWE_SE274590,2024-09-30,1.91,10.19,80.09,0.18,3.59,150.51,1025.11,16310.55,1.26,4.264,2900.0,0.004,PM2.5-1HR
957,SWE_SE0067A,2024-09-30,1.95,10.16,80.19,0.18,3.56,150.29,1025.11,11788.62,1.26,4.264,2900.0,0.003,PM2.5-1HR
957,SWE_SE0004A,2024-09-30,3.16,10.08,80.41,0.18,3.48,149.77,1025.12,2096.76,1.26,4.264,2900.0,0.027,PM2.5-1HR
957,SWE_SE274590,2024-10-01,1.67,9.43,71.49,0,4.72,78.45,1021.24,16310.55,1.01,3.914,2900.0,0.004,PM2.5-1HR
957,SWE_SE0067A,2024-10-01,1.53,9.4,71.55,0,4.68,78.34,1021.25,11788.62,1.01,3.914,2900.0,0.003,PM2.5-1HR
957,SWE_SE0004A,2024-10-01,1.8,9.34,71.67,0,4.58,78.11,1021.28,2096.76,1.01,3.914,2900.0,0.027,PM2.5-1HR
957,SWE_SE274590,2024-10-02,2.99,8.15,79.47,0,3.88,35.81,1019.24,16310.55,1.4,4.46,2900.0,0.004,PM2.5-1HR
957,SWE_SE0067A,2024-10-02,2.48,8.12,79.62,0,3.85,35.76,1019.25,11788.62,1.4,4.46,2900.0,0.003,PM2.5-1HR
957,SWE_SE0004A,2024-10-02,2.56,8.05,79.97,0,3.79,35.62,1019.26,2096.76,1.4,4.46,2900.0,0.027,PM2.5-1HR
957,SWE_SE274590,2024-10-03,4.89,8.06,81.81,0,2.42,17.35,1021.47,16310.55,2.22,5.608,2900.0,0.004,PM2.5-1HR
957,SWE_SE0067A,2024-10-03,4.89,8.01,81.93,0,2.4,17.5,1021.47,11788.62,2.22,5.608,2900.0,0.003,PM2.5-1HR
957,SWE_SE0004A,2024-10-03,4.76,7.88,82.21,0,2.36,17.84,1021.47,2096.76,2.22,5.608,2900.0,0.027,PM2.5-1HR
957,SWE_SE274590,2024-10-04,4.45,7.68,85.76,0,2.01,181.15,1021.68,16310.55,2.68,6.252,2900.0,0.004,PM2.5-1HR
957,SWE_SE0067A,2024-10-04,4.48,7.63,85.87,0,2.01,181.06,1021.67,11788.62,2.68,6.252,2900.0,0.003,PM2.5-1HR
957,SWE_SE0004A,2024-10-04,6.14,7.52,86.13,0,2,180.83,1021.67,2096.76,2.68,6.252,2900.0,0.027,PM2.5-1HR
957,SWE_SE274590,2024-10-05,3.26,10.03,81.34,0,3.27,230.85,1019.6,16310.55,2.25,5.65,2900.0,0.004,PM2.5-1HR
957,SWE_SE0067A,2024-10-05,3.77,10,81.47,0,3.25,230.6,1019.6,11788.62,2.25,5.65,2900.0,0.003,PM2.5-1HR
957,SWE_SE0004A,2024-10-05,5.06,9.93,81.77,0,3.21,230,1019.59,2096.76,2.25,5.65,2900.0,0.027,PM2.5-1HR
957,SWE_SE274590,2024-10-06,3.99,9.2,82.56,0,3.01,199.06,1014.06,16310.55,3.22,7.008,2900.0,0.004,PM2.5-1HR
957,SWE_SE0067A,2024-10-06,4.13,9.17,82.7,0,2.99,199,1014.06,11788.62,3.22,7.008,2900.0,0.003,PM2.5-1HR
957,SWE_SE0004A,2024-10-06,5.57,9.08,83.04,0,2.94,198.8,1014.06,2096.76,3.22,7.008,2900.0,0.027,PM2.5-1HR
957,SWE_SE274590,2024-10-07,3.17,9.2,85.83,0.12,4.76,128.98,1006.82,16310.55,2.21,5.594,2900.0,0.004,PM2.5-1HR
957,SWE_SE0067A,2024-10-07,3.45,9.16,85.86,0.12,4.72,128.82,1006.83,11788.62,2.21,5.594,2900.0,0.003,PM2.5-1HR
957,SWE_SE0004A,2024-10-07,3.03,9.09,85.95,0.12,4.61,128.47,1006.85,2096.76,2.21,5.594,2900.0,0.027,PM2.5-1HR
957,SWE_SE274590,2024-10-08,5.94,12.05,91.55,0.14,4.18,132.64,1002.54,16310.55,1.27,4.278,2900.0,0.004,PM2.5-1HR
957,SWE_SE0067A,2024-10-08,5.88,12.04,91.54,0.15,4.14,132.41,1002.55,11788.62,1.27,4.278,2900.0,0.003,PM2.5-1HR
957,SWE_SE0004A,2024-10-08,5.52,11.99,91.53,0.14,4.06,131.9,1002.56,2096.76,1.27,4.278,2900.0,0.027,PM2.5-1HR
957,SWE_SE274590,2024-10-09,14.34,13.16,95.64,0.27,3.45,184.9,992.75,16310.55,8.47,14.358,2900.0,0.004,PM2.5-1HR
957,SWE_SE0067A,2024-10-09,10.68,13.15,95.65,0.27,3.43,184.88,992.75,11788.62,8.47,14.358,2900.0,0.003,PM2.5-1HR
957,SWE_SE0004A,2024-10-09,12.98,13.13,95.68,0.27,3.37,184.82,992.75,2096.76,8.47,14.358,2900.0,0.027,PM2.5-1HR
957,SWE_SE0067A,2024-10-10,4.69,11.69,94.58,0.16,3.07,213.44,986.19,11788.62,1.71,4.894,2900.0,0.003,PM2.5-1HR
957,SWE_SE0004A,2024-10-10,4.67,11.66,94.76,0.16,3.01,208.38,986.19,2096.76,1.71,4.894,2900.0,0.027,PM2.5-1HR
957,SWE_SE0067A,2024-10-11,3.54,8.55,81.15,0.13,5.3,271.11,1001.42,11788.62,1.15,4.11,2900.0,0.003,PM2.5-1HR
957,SWE_SE0004A,2024-10-11,3.89,8.48,81.41,0.13,5.17,270.7,1001.4,2096.76,1.15,4.11,2900.0,0.027,PM2.5-1HR
957,SWE_SE0067A,2024-10-12,3.08,8.82,75.62,0.04,5.43,199.46,1012.33,11788.62,1.88,5.132,2900.0,0.003,PM2.5-1HR
957,SWE_SE0004A,2024-10-12,5.2,8.74,75.75,0.04,5.31,198.96,1012.32,2096.76,1.88,5.132,2900.0,0.027,PM2.5-1HR
957,SWE_SE0067A,2024-10-13,4.67,9.33,79.95,0,4.05,74.68,1003.28,11788.62,3.06,6.784,2900.0,0.003,PM2.5-1HR
957,SWE_SE0004A,2024-10-13,4.54,9.28,80.04,0,3.98,74.4,1003.29,2096.76,3.06,6.784,2900.0,0.027,PM2.5-1HR
957,SWE_SE0067A,2024-10-14,5.19,7.14,93.68,0.06,2.16,306.87,1011.46,11788.62,3.48,7.372,2900.0,0.003,PM2.5-1HR
957,SWE_SE0004A,2024-10-14,6.78,7.04,94.24,0.06,2.11,306.29,1011.45,2096.76,3.48,7.372,2900.0,0.027,PM2.5-1HR
957,SWE_SE0067A,2024-10-15,7.05,5.27,87.15,0,1.54,24.18,1022.53,11788.62,3.71,7.694,2900.0,0.003,PM2.5-1HR
957,SWE_SE0004A,2024-10-15,7.16,5.15,87.8,0,1.51,24.02,1022.53,2096.76,3.71,7.694,2900.0,0.027,PM2.5-1HR
957,SWE_SE0067A,2024-10-16,4.38,6.56,84.1,0,4.61,137.18,1025.3,11788.62,2.86,6.504,2900.0,0.003,PM2.5-1HR
957,SWE_SE0004A,2024-10-16,4,6.46,84.23,0,4.52,137.05,1025.32,2096.76,2.86,6.504,2900.0,0.027,PM2.5-1HR
957,SWE_SE0067A,2024-10-17,7.23,10.09,80.22,0.08,5.29,144.39,1017.71,11788.62,4.65,9.01,2900.0,0.003,PM2.5-1HR
957,SWE_SE0004A,2024-10-17,7.46,10.04,80.23,0.08,5.17,144.4,1017.72,2096.76,4.65,9.01,2900.0,0.027,PM2.5-1HR
957,SWE_SE0067A,2024-10-18,12.88,11.69,90.61,0.02,3.6,156.06,1016.58,11788.62,8.05,13.77,2900.0,0.003,PM2.5-1HR
957,SWE_SE0004A,2024-10-18,14.19,11.66,90.56,0.02,3.54,155.96,1016.58,2096.76,8.05,13.77,2900.0,0.027,PM2.5-1HR
957,SWE_SE0067A,2024-10-19,14.36,12.18,84.49,0,3.6,140.27,1016.64,11788.62,10.9,17.76,2900.0,0.003,PM2.5-1HR
957,SWE_SE0004A,2024-10-19,14.32,12.18,84.41,0,3.52,140.15,1016.65,2096.76,10.9,17.76,2900.0,0.027,PM2.5-1HR
957,SWE_SE0067A,2024-10-20,10.63,13.04,91.42,0.06,5.57,180.2,1016.14,11788.62,6.5,11.6,2900.0,0.003,PM2.5-1HR
957,SWE_SE0004A,2024-10-20,11.76,13.04,91.39,0.06,5.46,180.08,1016.14,2096.76,6.5,11.6,2900.0,0.027,PM2.5-1HR
957,SWE_SE0067A,2024-10-21,11.08,13.27,85.36,0.11,7.29,218.16,1012.88,11788.62,5.53,10.242,2900.0,0.003,PM2.5-1HR
957,SWE_SE0004A,2024-10-21,11.14,13.25,85.38,0.11,7.19,218.2,1012.86,2096.76,5.53,10.242,2900.0,0.027,PM2.5-1HR
957,SWE_SE0067A,2024-10-22,9.7,11.38,88.31,0.15,5.37,231.96,1018.66,11788.62,7.07,12.398,2900.0,0.003,PM2.5-1HR
957,SWE_SE0004A,2024-10-22,9.95,11.34,88.45,0.15,5.29,231.84,1018.64,2096.76,7.07,12.398,2900.0,0.027,PM2.5-1HR
957,SWE_SE0067A,2024-10-23,8.57,11.05,77.04,0.02,6.45,254.91,1026.35,11788.62,6.83,12.062,2900.0,0.003,PM2.5-1HR
957,SWE_SE0004A,2024-10-23,8.93,11.02,76.98,0.02,6.37,254.95,1026.32,2096.76,6.83,12.062,2900.0,0.027,PM2.5-1HR
957,SWE_SE274590,2024-10-24,10.56,11.19,90.45,0.02,4.82,217.04,1028.26,16310.55,7.65,13.21,2900.0,0.004,PM2.5-1HR
957,SWE_SE0067A,2024-10-24,9.67,11.18,90.45,0.02,4.79,217.09,1028.25,11788.62,7.65,13.21,2900.0,0.003,PM2.5-1HR
957,SWE_SE0004A,2024-10-24,11.67,11.16,90.46,0.02,4.72,217.21,1028.24,2096.76,7.65,13.21,2900.0,0.027,PM2.5-1HR
957,SWE_SE274590,2024-10-25,17.8,9.21,92.81,0.01,3.67,165.24,1020.97,16310.55,8.83,14.862,2900.0,0.004,PM2.5-1HR
957,SWE_SE0067A,2024-10-25,15.63,9.19,92.83,0.01,3.63,165.09,1020.97,11788.62,8.83,14.862,2900.0,0.003,PM2.5-1HR
957,SWE_SE0004A,2024-10-25,16.92,9.13,92.89,0.01,3.54,164.72,1020.98,2096.76,8.83,14.862,2900.0,0.027,PM2.5-1HR
957,SWE_SE0067A,2024-10-26,12.78,10.68,93.22,0,2.28,214.61,1018.74,11788.62,10.2,16.78,2900.0,0.003,PM2.5-1HR
957,SWE_SE274590,2024-10-26,14.37,10.69,93.2,0,2.29,214.79,1018.75,16310.55,10.2,16.78,2900.0,0.004,PM2.5-1HR
957,SWE_SE0004A,2024-10-26,15.5,10.64,93.28,0,2.24,214.16,1018.74,2096.76,10.2,16.78,2900.0,0.027,PM2.5-1HR
957,SWE_SE274590,2024-10-27,11.33,10.67,87.22,0.37,6,225.48,1012.9,16310.55,3.44,7.316,2900.0,0.004,PM2.5-1HR
957,SWE_SE0067A,2024-10-27,10.46,10.65,87.25,0.37,5.96,225.4,1012.9,11788.62,3.44,7.316,2900.0,0.003,PM2.5-1HR
957,SWE_SE0004A,2024-10-27,11.86,10.62,87.32,0.37,5.85,225.19,1012.88,2096.76,3.44,7.316,2900.0,0.027,PM2.5-1HR
957,SWE_SE274590,2024-10-28,4.91,9.84,85.4,0.05,3.79,219.61,1016.69,16310.55,2.09,5.426,2900.0,0.004,PM2.5-1HR
957,SWE_SE0067A,2024-10-28,4.63,9.81,85.44,0.05,3.76,219.54,1016.68,11788.62,2.09,5.426,2900.0,0.003,PM2.5-1HR
957,SWE_SE0004A,2024-10-28,7.25,9.76,85.53,0.05,3.69,219.36,1016.67,2096.76,2.09,5.426,2900.0,0.027,PM2.5-1HR
957,SWE_SE274590,2024-10-29,2.4,10.47,92.47,0.02,3.14,210.96,1018.17,16310.55,1.35,4.39,2900.0,0.004,PM2.5-1HR
957,SWE_SE0067A,2024-10-29,2.26,10.45,92.49,0.02,3.13,210.65,1018.16,11788.62,1.35,4.39,2900.0,0.003,PM2.5-1HR
957,SWE_SE0004A,2024-10-29,4.03,10.4,92.56,0.02,3.11,209.95,1018.15,2096.76,1.35,4.39,2900.0,0.027,PM2.5-1HR
957,SWE_SE0067A,2024-10-30,9.23,10.77,79.66,0,5.93,282.18,1017.1,11788.62,2.51,6.014,2900.0,0.003,PM2.5-1HR
957,SWE_SE0004A,2024-10-30,10.95,10.73,79.71,0,5.8,282.04,1017.07,2096.76,2.51,6.014,2900.0,0.027,PM2.5-1HR
957,SWE_SE274590,2024-10-30,9.66,10.78,79.63,0,5.99,282.24,1017.11,16310.55,2.51,6.014,2900.0,0.004,PM2.5-1HR
957,SWE_SE0067A,2024-10-31,8.65,11.73,82.9,0.01,7.74,256.24,1013,11788.62,6.11,11.054,2900.0,0.003,PM2.5-1HR
957,SWE_SE0004A,2024-10-31,9.04,11.72,82.85,0.01,7.63,256.14,1012.96,2096.76,6.11,11.054,2900.0,0.027,PM2.5-1HR
957,SWE_SE274590,2024-10-31,8.5,11.74,82.92,0.01,7.78,256.28,1013.02,16310.55,6.11,11.054,2900.0,0.004,PM2.5-1HR
957,SWE_SE274590,2024-11-01,8.12,11.18,67.06,0,9.08,285.53,1008.02,16310.55,2.01,5.314,2900.0,0.004,PM2.5-1HR
957,SWE_SE0067A,2024-11-01,8.24,11.17,66.97,0,9.02,285.54,1008,11788.62,2.01,5.314,2900.0,0.003,PM2.5-1HR
957,SWE_SE0004A,2024-11-01,8.67,11.15,66.78,0,8.89,285.56,1007.96,2096.76,2.01,5.314,2900.0,0.027,PM2.5-1HR
957,SWE_SE274590,2024-11-02,2.89,4.18,61.54,0,3.34,294.66,1027.94,16310.55,1.36,4.404,2900.0,0.004,PM2.5-1HR
957,SWE_SE0067A,2024-11-02,3.46,4.13,61.67,0,3.31,294.41,1027.93,11788.62,1.36,4.404,2900.0,0.003,PM2.5-1HR
957,SWE_SE0004A,2024-11-02,5.32,4.02,61.98,0,3.24,293.85,1027.92,2096.76,1.36,4.404,2900.0,0.027,PM2.5-1HR
957,SWE_SE0067A,2024-11-03,6.57,10.57,84.65,0.03,6.17,274.82,1021.58,11788.62,3.28,7.092,2900.0,0.003,PM2.5-1HR
957,SWE_SE274590,2024-11-03,6.84,10.58,84.64,0.03,6.21,274.89,1021.59,16310.55,3.28,7.092,2900.0,0.004,PM2.5-1HR
957,SWE_SE0004A,2024-11-03,7.26,10.54,84.67,0.03,6.06,274.64,1021.55,2096.76,3.28,7.092,2900.0,0.027,PM2.5-1HR
957,SWE_SE0067A,2024-11-04,2.53,7.74,85.94,0,3.21,152.18,1028.62,11788.62,0.98,3.872,2900.0,0.003,PM2.5-1HR
957,SWE_SE274590,2024-11-04,2.43,7.78,85.95,0,3.24,152.26,1028.61,16310.55,0.98,3.872,2900.0,0.004,PM2.5-1HR
957,SWE_SE0004A,2024-11-04,5.06,7.66,85.94,0,3.16,151.97,1028.62,2096.76,0.98,3.872,2900.0,0.027,PM2.5-1HR
957,SWE_SE0067A,2024-11-05,1.59,8.8,91.01,0,2.73,246.21,1026.2,11788.62,0.62,3.368,2900.0,0.003,PM2.5-1HR
957,SWE_SE274590,2024-11-05,1.51,8.82,90.97,0,2.75,246.43,1026.21,16310.55,0.62,3.368,2900.0,0.004,PM2.5-1HR
957,SWE_SE0004A,2024-11-05,4.36,8.75,91.1,0,2.68,245.68,1026.2,2096.76,0.62,3.368,2900.0,0.027,PM2.5-1HR
957,SWE_SE0067A,2024-11-06,3.14,7.74,92.08,0.01,3.01,243.39,1028.82,11788.62,1.03,3.942,2900.0,0.003,PM2.5-1HR
957,SWE_SE274590,2024-11-06,3.32,7.76,91.96,0.01,3.03,243.59,1028.82,16310.55,1.03,3.942,2900.0,0.004,PM2.5-1HR
957,SWE_SE0004A,2024-11-06,4.79,7.68,92.34,0.01,2.96,242.93,1028.81,2096.76,1.03,3.942,2900.0,0.027,PM2.5-1HR
957,SWE_SE0067A,2024-11-07,7.55,7.83,91.78,0,1.79,78.78,1032.77,11788.62,5.6,10.34,2900.0,0.003,PM2.5-1HR
957,SWE_SE274590,2024-11-07,8.91,7.87,91.71,0,1.8,79.09,1032.77,16310.55,5.6,10.34,2900.0,0.004,PM2.5-1HR
957,SWE_SE0004A,2024-11-07,7.27,7.73,91.95,0,1.77,78.25,1032.77,2096.76,5.6,10.34,2900.0,0.027,PM2.5-1HR
957,SWE_SE0067A,2024-11-08,5.72,6.6,90.75,0,2.27,151.81,1035.12,11788.62,3.77,7.778,2900.0,0.003,PM2.5-1HR
957,SWE_SE274590,2024-11-08,6.64,6.64,90.65,0,2.29,151.97,1035.11,16310.55,3.77,7.778,2900.0,0.004,PM2.5-1HR
957,SWE_SE0004A,2024-11-08,5.8,6.52,90.98,0,2.22,151.39,1035.12,2096.76,3.77,7.778,2900.0,0.027,PM2.5-1HR
957,SWE_SE0067A,2024-11-09,4.09,6.51,90.51,0.01,2.74,100.51,1031.97,11788.62,0.59,3.326,2900.0,0.003,PM2.5-1HR
957,SWE_SE274590,2024-11-09,4.69,6.54,90.45,0.01,2.77,100.79,1031.97,16310.55,0.59,3.326,2900.0,0.004,PM2.5-1HR
957,SWE_SE0004A,2024-11-09,3.7,6.46,90.66,0.01,2.68,99.88,1031.99,2096.76,0.59,3.326,2900.0,0.027,PM2.5-1HR
957,SWE_SE274590,2024-11-10,11.08,5.41,89.57,0.09,2.61,124.81,1027.96,16310.55,7.29,12.706,2900.0,0.004,PM2.5-1HR
957,SWE_SE0067A,2024-11-10,9.8,5.38,89.67,0.09,2.58,124.54,1027.97,11788.62,7.29,12.706,2900.0,0.003,PM2.5-1HR
957,SWE_SE0004A,2024-11-10,9.38,5.32,89.88,0.08,2.52,123.94,1027.98,2096.76,7.29,12.706,2900.0,0.027,PM2.5-1HR
957,SWE_SE274590,2024-11-11,11.07,6.11,94.87,0.01,1.26,49.55,1025.94,16310.55,6.86,12.104,2900.0,0.004,PM2.5-1HR
957,SWE_SE0067A,2024-11-11,9.82,6.08,95.06,0.01,1.25,51.89,1025.94,11788.62,6.86,12.104,2900.0,0.003,PM2.5-1HR
957,SWE_SE0004A,2024-11-11,9.59,6.01,95.49,0.01,1.25,61.13,1025.94,2096.76,6.86,12.104,2900.0,0.027,PM2.5-1HR
957,SWE_SE274590,2024-11-12,7.87,3.24,97.41,0,1.44,342.02,1033.8,16310.55,3.75,7.75,2900.0,0.004,PM2.5-1HR
957,SWE_SE0067A,2024-11-12,6.67,3.19,97.57,0,1.43,341.74,1033.8,11788.62,3.75,7.75,2900.0,0.003,PM2.5-1HR
957,SWE_SE0004A,2024-11-12,6.74,3.09,97.93,0,1.41,341.12,1033.8,2096.76,3.75,7.75,2900.0,0.027,PM2.5-1HR
957,SWE_SE274590,2024-11-13,8.36,6.88,94.45,0,2.96,197.54,1024.54,16310.55,4.29,8.506,2900.0,0.004,PM2.5-1HR
957,SWE_SE0067A,2024-11-13,8.04,6.85,94.57,0,2.95,197.12,1024.54,11788.62,4.29,8.506,2900.0,0.003,PM2.5-1HR
957,SWE_SE0004A,2024-11-13,9.72,6.79,94.85,0,2.91,196.15,1024.53,2096.76,4.29,8.506,2900.0,0.027,PM2.5-1HR
957,SWE_SE0067A,2024-11-14,6.87,5.6,90.26,0,2.53,319.29,1018.68,11788.62,1.72,4.908,2900.0,0.003,PM2.5-1HR
957,SWE_SE0004A,2024-11-14,8.75,5.52,90.52,0,2.47,319.3,1018.68,2096.76,1.72,4.908,2900.0,0.027,PM2.5-1HR
957,SWE_SE274590,2024-11-14,8.52,5.64,90.15,0,2.55,319.29,1018.68,16310.55,1.72,4.908,2900.0,0.004,PM2.5-1HR
957,SWE_SE0004A,2024-11-15,9.67,8.14,91.76,0.01,4.41,255.95,1014.64,2096.76,4.99,9.486,2900.0,0.027,PM2.5-1HR
957,SWE_SE0067A,2024-11-15,8.09,8.21,91.59,0.01,4.5,256.61,1014.66,11788.62,4.99,9.486,2900.0,0.003,PM2.5-1HR
957,SWE_SE274590,2024-11-15,8.54,8.23,91.52,0.01,4.53,256.9,1014.67,16310.55,4.99,9.486,2900.0,0.004,PM2.5-1HR
957,SWE_SE274590,2024-11-16,7.11,8.44,80.91,0.09,8.14,248.99,1001.95,16310.55,2.59,6.126,2900.0,0.004,PM2.5-1HR
957,SWE_SE0004A,2024-11-16,7.43,8.4,80.9,0.09,7.98,248.77,1001.9,2096.76,2.59,6.126,2900.0,0.027,PM2.5-1HR
957,SWE_SE0067A,2024-11-16,7.12,8.43,80.91,0.09,8.09,248.92,1001.94,11788.62,2.59,6.126,2900.0,0.003,PM2.5-1HR
957,SWE_SE274590,2024-11-17,5.96,6.87,72.3,0.01,6.61,273.98,991.34,16310.55,3.17,6.938,2900.0,0.004,PM2.5-1HR
957,SWE_SE0067A,2024-11-17,5.64,6.85,72.34,0.01,6.55,273.91,991.33,11788.62,3.17,6.938,2900.0,0.003,PM2.5-1HR
957,SWE_SE0004A,2024-11-17,7.04,6.8,72.44,0.01,6.39,273.71,991.3,2096.76,3.17,6.938,2900.0,0.027,PM2.5-1HR
957,SWE_SE0004A,2024-11-18,7.65,2.27,83.87,0.04,1.59,357.03,994.87,2096.76,1.87,5.118,2900.0,0.027,PM2.5-1HR
957,SWE_SE0067A,2024-11-18,6.74,2.4,83.21,0.04,1.61,352.93,994.87,11788.62,1.87,5.118,2900.0,0.003,PM2.5-1HR
957,SWE_SE274590,2024-11-18,7,2.46,82.93,0.04,1.61,350.96,994.87,16310.55,1.87,5.118,2900.0,0.004,PM2.5-1HR
957,SWE_SE0004A,2024-11-19,3.28,0.12,90.85,0,2.09,168.84,993.76,2096.76,1.66,4.824,2900.0,0.027,PM2.5-1HR
957,SWE_SE0067A,2024-11-19,3.03,0.26,89.86,0.01,2.1,171.07,993.76,11788.62,1.66,4.824,2900.0,0.003,PM2.5-1HR
957,SWE_SE274590,2024-11-19,3.36,0.32,89.44,0.01,2.11,172.11,993.76,16310.55,1.66,4.824,2900.0,0.004,PM2.5-1HR
957,SWE_SE0004A,2024-11-20,3.27,-1.25,89.54,0,3.57,22.38,992.34,2096.76,1.68,4.852,2900.0,0.027,PM2.5-1HR
957,SWE_SE0067A,2024-11-20,2.93,-1.17,89.29,0,3.65,22.72,992.34,11788.62,1.68,4.852,2900.0,0.003,PM2.5-1HR
957,SWE_SE274590,2024-11-20,3.76,-1.13,89.18,0,3.68,22.86,992.33,16310.55,1.68,4.852,2900.0,0.004,PM2.5-1HR
957,SWE_SE0004A,2024-11-21,4.61,-3.93,79.18,0,3.03,343.12,990.35,2096.76,1.56,4.684,2900.0,0.027,PM2.5-1HR
957,SWE_SE0067A,2024-11-21,4.71,-3.78,78.57,0,3.12,343.51,990.35,11788.62,1.56,4.684,2900.0,0.003,PM2.5-1HR
957,SWE_SE274590,2024-11-21,6.05,-3.72,78.3,0,3.16,343.67,990.35,16310.55,1.56,4.684,2900.0,0.004,PM2.5-1HR
957,SWE_SE0004A,2024-11-22,12.54,-5.46,70.82,0,1.91,320.96,993.03,2096.76,4.85,9.29,2900.0,0.027,PM2.5-1HR
957,SWE_SE0067A,2024-11-22,14.21,-5.27,69.62,0,1.96,321.98,993.04,11788.62,4.85,9.29,2900.0,0.003,PM2.5-1HR
957,SWE_SE274590,2024-11-22,14,-5.19,69.1,0,1.99,322.37,993.04,16310.55,4.85,9.29,2900.0,0.004,PM2.5-1HR
957,SWE_SE0067A,2024-11-23,4.51,0.75,72.31,0.01,4.11,259.96,1005.27,11788.62,1.93,5.202,2900.0,0.003,PM2.5-1HR
957,SWE_SE274590,2024-11-23,5.04,0.81,72.06,0.01,4.17,260.16,1005.28,16310.55,1.93,5.202,2900.0,0.004,PM2.5-1HR
957,SWE_SE0067A,2024-11-24,5.1,5.42,94.6,0.56,7.13,159.5,1000.14,11788.62,0.52,3.228,2900.0,0.003,PM2.5-1HR
957,SWE_SE274590,2024-11-24,5.61,5.45,94.5,0.56,7.19,159.65,1000.14,16310.55,0.52,3.228,2900.0,0.004,PM2.5-1HR
957,SWE_SE0067A,2024-11-25,7.81,10.59,88.35,0.48,7.55,201.82,995.41,11788.62,3.14,6.896,2900.0,0.003,PM2.5-1HR
957,SWE_SE274590,2024-11-25,8.14,10.61,88.22,0.48,7.6,201.89,995.42,16310.55,3.14,6.896,2900.0,0.004,PM2.5-1HR
957,SWE_SE0004A,2024-11-26,7.5,8.17,83.31,0.05,6.93,217.23,1003.65,2096.76,4.25,8.45,2900.0,0.027,PM2.5-1HR
957,SWE_SE0067A,2024-11-26,8.26,8.2,83.23,0.05,7.05,217.43,1003.67,11788.62,4.25,8.45,2900.0,0.003,PM2.5-1HR
957,SWE_SE274590,2024-11-26,8.32,8.21,83.2,0.05,7.1,217.52,1003.69,16310.55,4.25,8.45,2900.0,0.004,PM2.5-1HR
957,SWE_SE0004A,2024-11-27,4.64,5.85,93.39,0.03,3.2,282.47,1012.4,2096.76,1.23,4.222,2900.0,0.027,PM2.5-1HR
957,SWE_SE0067A,2024-11-27,3.53,5.89,93.23,0.03,3.28,283.21,1012.41,11788.62,1.23,4.222,2900.0,0.003,PM2.5-1HR
957,SWE_SE274590,2024-11-27,4,5.91,93.15,0.03,3.31,283.48,1012.41,16310.55,1.23,4.222,2900.0,0.004,PM2.5-1HR
957,SWE_SE0004A,2024-11-28,1.99,2.35,90.77,0,3.7,28.86,1019.35,2096.76,1.03,3.942,2900.0,0.027,PM2.5-1HR
957,SWE_SE0067A,2024-11-28,2.18,2.43,90.61,0,3.77,28.9,1019.34,11788.62,1.03,3.942,2900.0,0.003,PM2.5-1HR
957,SWE_SE274590,2024-11-28,2.79,2.47,90.54,0,3.81,28.91,1019.33,16310.55,1.03,3.942,2900.0,0.004,PM2.5-1HR
957,SWE_SE0004A,2024-11-29,5.95,2.4,92.54,0.05,3.84,216.04,1028.23,2096.76,2.11,5.454,2900.0,0.027,PM2.5-1HR
957,SWE_SE0067A,2024-11-29,4.6,2.51,92.16,0.05,3.9,217.37,1028.24,11788.62,2.11,5.454,2900.0,0.003,PM2.5-1HR
957,SWE_SE274590,2024-11-29,4.45,2.56,92,0.05,3.93,217.96,1028.25,16310.55,2.11,5.454,2900.0,0.004,PM2.5-1HR
957,SWE_SE0004A,2024-11-30,10.22,5.56,87.09,0.03,5.57,199.21,1024.72,2096.76,4.35,8.59,2900.0,0.027,PM2.5-1HR
957,SWE_SE0067A,2024-11-30,7.75,5.6,86.88,0.03,5.68,199.52,1024.74,11788.62,4.35,8.59,2900.0,0.003,PM2.5-1HR
957,SWE_SE274590,2024-11-30,7.97,5.62,86.79,0.03,5.73,199.65,1024.74,16310.55,4.35,8.59,2900.0,0.004,PM2.5-1HR
957,SWE_SE0067A,2024-12-01,15.1,6.51,94.14,0,4.97,184.32,1018.44,11788.62,9.01,15.114,2900.0,0.003,PM2.5-1HR
957,SWE_SE274590,2024-12-01,17.16,6.52,94.09,0,5.02,184.43,1018.44,16310.55,9.01,15.114,2900.0,0.004,PM2.5-1HR
957,SWE_SE0004A,2024-12-01,16.51,6.48,94.24,0,4.87,184.05,1018.43,2096.76,9.01,15.114,2900.0,0.027,PM2.5-1HR
957,SWE_SE0067A,2024-12-02,9.85,6.84,96.23,0.31,5.45,200.26,1005.3,11788.62,5.82,10.648,2900.0,0.003,PM2.5-1HR
957,SWE_SE274590,2024-12-02,11.42,6.86,96.17,0.31,5.49,200.41,1005.3,16310.55,5.82,10.648,2900.0,0.004,PM2.5-1HR
957,SWE_SE0004A,2024-12-02,11.63,6.79,96.37,0.31,5.34,199.9,1005.29,2096.76,5.82,10.648,2900.0,0.027,PM2.5-1HR
957,SWE_SE0067A,2024-12-03,2.31,1.63,83.68,0.03,5.5,38.16,1014.16,11788.62,0.16,2.724,2900.0,0.003,PM2.5-1HR
957,SWE_SE274590,2024-12-03,2.51,1.67,83.62,0.03,5.54,38.07,1014.15,16310.55,0.16,2.724,2900.0,0.004,PM2.5-1HR
957,SWE_SE0004A,2024-12-03,2.17,1.56,83.82,0.03,5.43,38.36,1014.18,2096.76,0.16,2.724,2900.0,0.027,PM2.5-1HR
957,SWE_SE0067A,2024-12-04,2.71,-2.45,79.16,0,4.23,89.31,1026.91,11788.62,1.36,4.404,2900.0,0.003,PM2.5-1HR
957,SWE_SE274590,2024-12-04,2.85,-2.39,78.98,0,4.27,89.44,1026.9,16310.55,1.36,4.404,2900.0,0.004,PM2.5-1HR
957,SWE_SE0004A,2024-12-04,2.7,-2.58,79.56,0,4.14,89.02,1026.94,2096.76,1.36,4.404,2900.0,0.027,PM2.5-1HR
957,SWE_SE0067A,2024-12-05,2.13,-0.74,86.58,0.01,5.25,133.08,1017.75,11788.62,1.35,4.39,2900.0,0.003,PM2.5-1HR
957,SWE_SE274590,2024-12-05,2.17,-0.69,86.51,0.01,5.31,133.36,1017.74,16310.55,1.35,4.39,2900.0,0.004,PM2.5-1HR
957,SWE_SE0004A,2024-12-05,2.16,-0.87,86.74,0.01,5.13,132.43,1017.78,2096.76,1.35,4.39,2900.0,0.027,PM2.5-1HR
957,SWE_SE0067A,2024-12-06,9.07,2.4,88.52,0.12,4.73,111.67,1006.4,11788.62,1.92,5.188,2900.0,0.003,PM2.5-1HR
957,SWE_SE274590,2024-12-06,10.8,2.43,88.44,0.12,4.77,111.8,1006.39,16310.55,1.92,5.188,2900.0,0.004,PM2.5-1HR
957,SWE_SE0004A,2024-12-06,8.47,2.34,88.69,0.11,4.62,111.35,1006.42,2096.76,1.92,5.188,2900.0,0.027,PM2.5-1HR
957,SWE_SE0067A,2024-12-07,11.14,2.65,93.58,0.13,4.68,105.1,1006.81,11788.62,6.62,11.768,2900.0,0.003,PM2.5-1HR
957,SWE_SE274590,2024-12-07,13.46,2.67,93.51,0.13,4.73,105.27,1006.8,16310.55,6.62,11.768,2900.0,0.004,PM2.5-1HR
957,SWE_SE0004A,2024-12-07,10.39,2.59,93.74,0.13,4.58,104.7,1006.84,2096.76,6.62,11.768,2900.0,0.027,PM2.5-1HR
957,SWE_SE0067A,2024-12-08,4.79,2.92,92.82,0.07,4.91,52.97,1021.09,11788.62,2.46,5.944,2900.0,0.003,PM2.5-1HR
957,SWE_SE274590,2024-12-08,6.68,2.95,92.75,0.07,4.95,53.04,1021.07,16310.55,2.46,5.944,2900.0,0.004,PM2.5-1HR
957,SWE_SE0004A,2024-12-08,4.52,2.87,92.99,0.07,4.81,52.79,1021.12,2096.76,2.46,5.944,2900.0,0.027,PM2.5-1HR
957,SWE_SE0067A,2024-12-09,3.13,0.41,86.81,0,4.53,44.31,1037.35,11788.62,1.47,4.558,2900.0,0.003,PM2.5-1HR
957,SWE_SE274590,2024-12-09,4,0.44,86.72,0,4.56,44.32,1037.34,16310.55,1.47,4.558,2900.0,0.004,PM2.5-1HR
957,SWE_SE0004A,2024-12-09,3.33,0.35,87.02,0,4.44,44.29,1037.37,2096.76,1.47,4.558,2900.0,0.027,PM2.5-1HR
957,SWE_SE0067A,2024-12-10,9.14,-2.15,94.23,0,1.44,180.16,1035.98,11788.62,1.59,4.726,2900.0,0.003,PM2.5-1HR
957,SWE_SE274590,2024-12-10,8.88,-2.09,94.03,0,1.45,180.74,1035.98,16310.55,1.59,4.726,2900.0,0.004,PM2.5-1HR
957,SWE_SE0004A,2024-12-10,8.35,-2.29,94.69,0,1.42,178.83,1035.99,2096.76,1.59,4.726,2900.0,0.027,PM2.5-1HR
957,SWE_SE0067A,2024-12-11,6.85,-0.68,95.73,0,2.12,100.84,1031.03,11788.62,3.15,6.91,2900.0,0.003,PM2.5-1HR
957,SWE_SE274590,2024-12-11,8.41,-0.64,95.58,0,2.13,100.68,1031.03,16310.55,3.15,6.91,2900.0,0.004,PM2.5-1HR
957,SWE_SE0004A,2024-12-11,6.36,-0.79,96.07,0,2.11,101.18,1031.04,2096.76,3.15,6.91,2900.0,0.027,PM2.5-1HR
957,SWE_SE0067A,2024-12-12,8.16,-2.27,94.8,0,1.62,139.65,1032.68,11788.62,4.59,8.926,2900.0,0.003,PM2.5-1HR
957,SWE_SE274590,2024-12-12,9.79,-2.2,94.63,0,1.62,139.96,1032.68,16310.55,4.59,8.926,2900.0,0.004,PM2.5-1HR
957,SWE_SE0004A,2024-12-12,7.74,-2.43,95.19,0,1.62,138.93,1032.68,2096.76,4.59,8.926,2900.0,0.027,PM2.5-1HR
957,SWE_SE0067A,2024-12-13,5.58,0.82,94.1,0.01,4.53,199.57,1027.75,11788.62,3.5,7.4,2900.0,0.003,PM2.5-1HR
957,SWE_SE274590,2024-12-13,6.47,0.86,93.96,0.01,4.56,199.78,1027.76,16310.55,3.5,7.4,2900.0,0.004,PM2.5-1HR
957,SWE_SE0004A,2024-12-13,6.22,0.73,94.41,0.01,4.45,199.08,1027.74,2096.76,3.5,7.4,2900.0,0.027,PM2.5-1HR
957,SWE_SE0067A,2024-12-14,5.32,3.36,87.47,0.08,5.81,255.98,1006.04,11788.62,3.52,7.428,2900.0,0.003,PM2.5-1HR
957,SWE_SE274590,2024-12-14,6.13,3.39,87.35,0.08,5.86,256.06,1006.05,16310.55,3.52,7.428,2900.0,0.004,PM2.5-1HR
957,SWE_SE0004A,2024-12-14,7.04,3.3,87.73,0.08,5.69,255.8,1006.01,2096.76,3.52,7.428,2900.0,0.027,PM2.5-1HR
957,SWE_SE0067A,2024-12-15,5.77,4.36,89.58,0.06,5.85,266.1,1004.33,11788.62,2.55,6.07,2900.0,0.003,PM2.5-1HR
957,SWE_SE274590,2024-12-15,5.66,4.41,89.47,0.06,5.9,266.21,1004.35,16310.55,2.55,6.07,2900.0,0.004,PM2.5-1HR
957,SWE_SE0004A,2024-12-15,7.5,4.27,89.83,0.06,5.73,265.84,1004.31,2096.76,2.55,6.07,2900.0,0.027,PM2.5-1HR
957,SWE_SE0067A,2024-12-16,14.16,8.17,74.56,0,10.04,274.69,1003.05,11788.62,7.38,12.832,2900.0,0.003,PM2.5-1HR
957,SWE_SE0004A,2024-12-16,14.13,8.16,74.41,0,9.9,274.67,1003,2096.76,7.38,12.832,2900.0,0.027,PM2.5-1HR
957,SWE_SE274590,2024-12-16,14.31,8.17,74.63,0,10.09,274.7,1003.07,16310.55,7.38,12.832,2900.0,0.004,PM2.5-1HR
957,SWE_SE0067A,2024-12-17,6.74,6.08,85.89,0,5.11,277.28,1011.78,11788.62,4.79,9.206,2900.0,0.003,PM2.5-1HR
957,SWE_SE0004A,2024-12-17,8.17,6.03,85.94,0,5,277.16,1011.76,2096.76,4.79,9.206,2900.0,0.027,PM2.5-1HR
957,SWE_SE274590,2024-12-17,7.73,6.09,85.86,0,5.16,277.32,1011.79,16310.55,4.79,9.206,2900.0,0.004,PM2.5-1HR
957,SWE_SE0067A,2024-12-18,8.38,6.59,95.96,0.44,6.54,196.53,999.59,11788.62,2.65,6.21,2900.0,0.003,PM2.5-1HR
957,SWE_SE0004A,2024-12-18,9.79,6.57,96.06,0.44,6.44,196.22,999.57,2096.76,2.65,6.21,2900.0,0.027,PM2.5-1HR
957,SWE_SE274590,2024-12-18,9.53,6.6,95.92,0.44,6.59,196.67,999.6,16310.55,2.65,6.21,2900.0,0.004,PM2.5-1HR
957,SWE_SE0067A,2024-12-19,8.71,6.04,87.56,0.05,5.42,239.09,985.92,11788.62,4.04,8.156,2900.0,0.003,PM2.5-1HR
957,SWE_SE0004A,2024-12-19,8.99,6.02,87.56,0.05,5.34,238.84,985.9,2096.76,4.04,8.156,2900.0,0.027,PM2.5-1HR
957,SWE_SE274590,2024-12-19,8.64,6.05,87.56,0.05,5.46,239.2,985.93,16310.55,4.04,8.156,2900.0,0.004,PM2.5-1HR
957,SWE_SE0004A,2024-12-20,6.58,3.8,67.9,0,5.37,295.73,998.08,2096.76,1.54,4.656,2900.0,0.027,PM2.5-1HR
957,SWE_SE0067A,2024-12-20,5.85,3.89,67.86,0,5.5,295.87,998.1,11788.62,1.54,4.656,2900.0,0.003,PM2.5-1HR
957,SWE_SE274590,2024-12-20,6.77,3.92,67.84,0,5.55,295.93,998.11,16310.55,1.54,4.656,2900.0,0.004,PM2.5-1HR
957,SWE_SE0004A,2024-12-21,8.99,5.8,92.88,0.35,6.73,218.42,995.5,2096.76,4.49,8.786,2900.0,0.027,PM2.5-1HR
957,SWE_SE0067A,2024-12-21,7.13,5.85,92.7,0.35,6.84,218.49,995.52,11788.62,4.49,8.786,2900.0,0.003,PM2.5-1HR
957,SWE_SE274590,2024-12-21,6.82,5.87,92.62,0.35,6.89,218.52,995.53,16310.55,4.49,8.786,2900.0,0.004,PM2.5-1HR
957,SWE_SE0004A,2024-12-22,10.76,4.91,91.41,0.17,5.47,219.03,984.82,2096.76,5.4,10.06,2900.0,0.027,PM2.5-1HR
957,SWE_SE0067A,2024-12-22,8.25,4.95,91.18,0.18,5.57,219.36,984.83,11788.62,5.4,10.06,2900.0,0.003,PM2.5-1HR
957,SWE_SE274590,2024-12-22,8.36,4.97,91.07,0.18,5.62,219.51,984.84,16310.55,5.4,10.06,2900.0,0.004,PM2.5-1HR
957,SWE_SE0004A,2024-12-23,3.57,3.9,94.73,0.17,3.06,43.56,1000.31,2096.76,0.69,3.466,2900.0,0.027,PM2.5-1HR
957,SWE_SE0067A,2024-12-23,3.22,3.94,94.51,0.17,3.12,42.95,1000.31,11788.62,0.69,3.466,2900.0,0.003,PM2.5-1HR
957,SWE_SE274590,2024-12-23,4.05,3.96,94.42,0.17,3.15,42.7,1000.3,16310.55,0.69,3.466,2900.0,0.004,PM2.5-1HR
957,SWE_SE0004A,2024-12-24,4.35,1.86,94.83,0.02,3.37,203.46,1019.04,2096.76,1.52,4.628,2900.0,0.027,PM2.5-1HR
957,SWE_SE0067A,2024-12-24,3.17,1.94,94.41,0.02,3.43,204.7,1019.05,11788.62,1.52,4.628,2900.0,0.003,PM2.5-1HR
957,SWE_SE274590,2024-12-24,3.73,1.98,94.23,0.02,3.45,205.26,1019.05,16310.55,1.52,4.628,2900.0,0.004,PM2.5-1HR
957,SWE_SE0004A,2024-12-25,6.53,7.41,98,0.01,4.41,218.13,1025.51,2096.76,1.7,4.88,2900.0,0.027,PM2.5-1HR
957,SWE_SE0067A,2024-12-25,4,7.42,97.97,0.02,4.48,218.4,1025.52,11788.62,1.7,4.88,2900.0,0.003,PM2.5-1HR
957,SWE_SE274590,2024-12-25,4.69,7.43,97.95,0.02,4.51,218.51,1025.53,16310.55,1.7,4.88,2900.0,0.004,PM2.5-1HR
957,SWE_SE0004A,2024-12-26,6.66,7.62,97.01,0,4.26,227.37,1032.16,2096.76,2.95,6.63,2900.0,0.027,PM2.5-1HR
957,SWE_SE0067A,2024-12-26,4.52,7.61,96.95,0,4.32,227.52,1032.18,11788.62,2.95,6.63,2900.0,0.003,PM2.5-1HR
957,SWE_SE274590,2024-12-26,5.25,7.61,96.93,0,4.34,227.59,1032.19,16310.55,2.95,6.63,2900.0,0.004,PM2.5-1HR
957,SWE_SE0004A,2024-12-27,7.44,6.12,98.76,0,2.57,216.89,1032.25,2096.76,1.22,4.208,2900.0,0.027,PM2.5-1HR
957,SWE_SE0067A,2024-12-27,2.41,6.11,98.75,0,2.61,217.12,1032.26,11788.62,1.22,4.208,2900.0,0.003,PM2.5-1HR
957,SWE_SE274590,2024-12-27,2.57,6.1,98.75,0,2.63,217.22,1032.26,16310.55,1.22,4.208,2900.0,0.004,PM2.5-1HR
957,SWE_SE0004A,2024-12-28,6.31,4.6,98.51,0,3.79,214.47,1025.32,2096.76,1.62,4.768,2900.0,0.027,PM2.5-1HR
957,SWE_SE0067A,2024-12-28,3.55,4.6,98.41,0,3.85,214.68,1025.34,11788.62,1.62,4.768,2900.0,0.003,PM2.5-1HR
957,SWE_SE274590,2024-12-28,3.89,4.6,98.36,0,3.88,214.77,1025.34,16310.55,1.62,4.768,2900.0,0.004,PM2.5-1HR
957,SWE_SE274590,2024-12-29,5.25,6.71,93.37,0.02,6.85,228.65,1013.69,16310.55,1.48,4.572,2900.0,0.004,PM2.5-1HR
957,SWE_SE0067A,2024-12-29,5.28,6.72,93.42,0.02,6.81,228.6,1013.67,11788.62,1.48,4.572,2900.0,0.003,PM2.5-1HR
957,SWE_SE0004A,2024-12-29,5.75,6.73,93.52,0.02,6.71,228.48,1013.64,2096.76,1.48,4.572,2900.0,0.027,PM2.5-1HR
957,SWE_SE274590,2024-12-30,4.25,4.53,91.76,0.24,3.86,282.22,1009.54,16310.55,0.99,3.886,2900.0,0.004,PM2.5-1HR
957,SWE_SE0067A,2024-12-30,4.04,4.51,91.81,0.24,3.83,282.08,1009.53,11788.62,0.99,3.886,2900.0,0.003,PM2.5-1HR
957,SWE_SE0004A,2024-12-30,5.45,4.47,91.93,0.24,3.77,281.73,1009.51,2096.76,0.99,3.886,2900.0,0.027,PM2.5-1HR
957,SWE_SE274590,2024-12-31,2.91,2.27,91.51,0.5,4.17,223.77,1009.44,16310.55,0.87,3.718,2900.0,0.004,PM2.5-1HR
957,SWE_SE0067A,2024-12-31,2.88,2.25,91.57,0.5,4.14,223.4,1009.44,11788.62,0.87,3.718,2900.0,0.003,PM2.5-1HR
957,SWE_SE0004A,2024-12-31,3.21,2.18,91.74,0.51,4.06,222.55,1009.43,2096.76,0.87,3.718,2900.0,0.027,PM2.5-1HR
957,SWE_SE0004A,2025-01-01,5.14,4.81,95.83,0.52,6.13,267.48,989.43,2107.38,0.68,3.452,2900.0,0.027,PM2.5-1HR
957,SWE_SE0067A,2025-01-01,5.16,4.84,95.6,0.51,6.23,267.13,989.46,11846.73,0.68,3.452,2900.0,0.003,PM2.5-1HR
957,SWE_SE274590,2025-01-01,5.59,4.86,95.49,0.51,6.27,266.95,989.47,16388.5,0.68,3.452,2900.0,0.004,PM2.5-1HR
957,SWE_SE0004A,2025-01-02,3.34,-1.71,76.57,0.02,3.99,315.96,998.6,2107.38,0.37,3.018,2900.0,0.027,PM2.5-1HR
957,SWE_SE0067A,2025-01-02,1.79,-1.6,76.06,0.02,4.11,316.14,998.61,11846.73,0.37,3.018,2900.0,0.003,PM2.5-1HR
957,SWE_SE274590,2025-01-02,2.44,-1.55,75.84,0.02,4.17,316.21,998.62,16388.5,0.37,3.018,2900.0,0.004,PM2.5-1HR
957,SWE_SE0004A,2025-01-03,2.66,-2.92,72.67,0.09,5.69,308.76,998.91,2107.38,0.79,3.606,2900.0,0.027,PM2.5-1HR
957,SWE_SE0067A,2025-01-03,2.14,-2.79,72.17,0.09,5.83,309.07,998.93,11846.73,0.79,3.606,2900.0,0.003,PM2.5-1HR
957,SWE_SE274590,2025-01-03,2.73,-2.74,71.95,0.09,5.89,309.19,998.94,16388.5,0.79,3.606,2900.0,0.004,PM2.5-1HR
957,SWE_SE0004A,2025-01-04,3.97,-3.04,78.12,0.08,3.96,257.59,1008.82,2107.38,2.08,5.412,2900.0,0.027,PM2.5-1HR
957,SWE_SE0067A,2025-01-04,3.17,-2.88,77.51,0.08,4.07,258.34,1008.84,11846.73,2.08,5.412,2900.0,0.003,PM2.5-1HR
957,SWE_SE274590,2025-01-04,3.41,-2.8,77.24,0.08,4.11,258.66,1008.85,16388.5,2.08,5.412,2900.0,0.004,PM2.5-1HR
957,SWE_SE0004A,2025-01-05,4.35,-1.71,93.05,0.05,3.23,143.48,1004.08,2107.38,1.46,4.544,2900.0,0.027,PM2.5-1HR
957,SWE_SE0067A,2025-01-05,3.6,-1.56,92.54,0.05,3.3,146.91,1004.08,11846.73,1.46,4.544,2900.0,0.003,PM2.5-1HR
957,SWE_SE274590,2025-01-05,4.3,-1.5,92.33,0.05,3.32,148.35,1004.07,16388.5,1.46,4.544,2900.0,0.004,PM2.5-1HR
957,SWE_SE0004A,2025-01-06,1.8,0.77,93,1.15,6.86,113.75,985.05,2107.38,0.86,3.704,2900.0,0.027,PM2.5-1HR
957,SWE_SE0067A,2025-01-06,1.88,0.85,92.84,1.16,6.98,113.96,985.01,11846.73,0.86,3.704,2900.0,0.003,PM2.5-1HR
957,SWE_SE274590,2025-01-06,2.42,0.89,92.77,1.16,7.04,114.07,984.99,16388.5,0.86,3.704,2900.0,0.004,PM2.5-1HR
957,SWE_SE0004A,2025-01-07,8.6,4.03,81.97,0.13,10.75,200.19,977.87,2107.38,4.34,8.576,2900.0,0.027,PM2.5-1HR
957,SWE_SE0067A,2025-01-07,8.94,4.07,81.83,0.13,10.93,200.36,977.88,11846.73,4.34,8.576,2900.0,0.003,PM2.5-1HR
957,SWE_SE274590,2025-01-07,8.41,4.09,81.76,0.13,11.01,200.44,977.89,16388.5,4.34,8.576,2900.0,0.004,PM2.5-1HR
957,SWE_SE0004A,2025-01-08,5.02,2.88,91.03,0.14,5.12,241.69,983.95,2107.38,2.45,5.93,2900.0,0.027,PM2.5-1HR
957,SWE_SE0067A,2025-01-08,3.8,2.94,90.69,0.14,5.27,242.13,983.97,11846.73,2.45,5.93,2900.0,0.003,PM2.5-1HR
957,SWE_SE274590,2025-01-08,3.75,2.97,90.54,0.14,5.33,242.3,983.98,16388.5,2.45,5.93,2900.0,0.004,PM2.5-1HR
957,SWE_SE0004A,2025-01-09,3.77,0.05,94.02,0,1.88,332.2,996.54,2107.38,1.63,4.782,2900.0,0.027,PM2.5-1HR
957,SWE_SE0067A,2025-01-09,3.71,0.17,93.62,0.01,1.95,328.33,996.54,11846.73,1.63,4.782,2900.0,0.003,PM2.5-1HR
957,SWE_SE274590,2025-01-09,4.93,0.22,93.45,0.01,1.98,326.6,996.54,16388.5,1.63,4.782,2900.0,0.004,PM2.5-1HR
957,SWE_SE0004A,2025-01-10,3.08,-1.88,87.21,0,4.3,8.69,1009.54,2107.38,1.49,4.586,2900.0,0.027,PM2.5-1HR
957,SWE_SE0067A,2025-01-10,3.12,-1.83,87.05,0,4.39,8.74,1009.53,11846.73,1.49,4.586,2900.0,0.003,PM2.5-1HR
957,SWE_SE274590,2025-01-10,4.62,-1.81,86.98,0,4.42,8.76,1009.53,16388.5,1.49,4.586,2900.0,0.004,PM2.5-1HR
957,SWE_SE0004A,2025-01-11,1.24,-1.99,71.27,0,5.92,0.39,1019.69,2107.38,0.79,3.606,2900.0,0.027,PM2.5-1HR
957,SWE_SE0067A,2025-01-11,1.4,-1.92,71.15,0,6.04,0.3,1019.69,11846.73,0.79,3.606,2900.0,0.003,PM2.5-1HR
957,SWE_SE274590,2025-01-11,2.43,-1.89,71.1,0,6.1,0.26,1019.68,16388.5,0.79,3.606,2900.0,0.004,PM2.5-1HR
957,SWE_SE0004A,2025-01-12,4.46,-2.84,81.91,0,2.8,26.14,1034.74,2107.38,0.64,3.396,2900.0,0.027,PM2.5-1HR
957,SWE_SE0067A,2025-01-12,4.08,-2.75,81.6,0,2.85,26.15,1034.73,11846.73,0.64,3.396,2900.0,0.003,PM2.5-1HR
957,SWE_SE274590,2025-01-12,5.04,-2.7,81.46,0,2.87,26.22,1034.73,16388.5,0.64,3.396,2900.0,0.004,PM2.5-1HR
957,SWE_SE0004A,2025-01-13,6.92,0.93,92.02,0.03,5.65,219.83,1032.03,2107.38,3.21,6.994,2900.0,0.027,PM2.5-1HR
957,SWE_SE0067A,2025-01-13,6.14,1,91.76,0.03,5.74,220.12,1032.05,11846.73,3.21,6.994,2900.0,0.003,PM2.5-1HR
957,SWE_SE274590,2025-01-13,7.12,1.03,91.65,0.04,5.78,220.24,1032.06,16388.5,3.21,6.994,2900.0,0.004,PM2.5-1HR
957,SWE_SE0004A,2025-01-14,8.74,5.58,96.13,0.02,5.9,263.55,1018.69,2107.38,3.86,7.904,2900.0,0.027,PM2.5-1HR
957,SWE_SE0067A,2025-01-14,7.91,5.62,95.95,0.02,6.01,263.64,1018.72,11846.73,3.86,7.904,2900.0,0.003,PM2.5-1HR
957,SWE_SE274590,2025-01-14,8.8,5.63,95.87,0.02,6.05,263.68,1018.73,16388.5,3.86,7.904,2900.0,0.004,PM2.5-1HR
957,SWE_SE0004A,2025-01-15,8.57,2.72,94.39,0,2.9,191.51,1026.57,2107.38,3.94,8.016,2900.0,0.027,PM2.5-1HR
957,SWE_SE0067A,2025-01-15,6.17,2.78,94.24,0,2.93,194.09,1026.57,11846.73,3.94,8.016,2900.0,0.003,PM2.5-1HR
957,SWE_SE274590,2025-01-15,6.97,2.8,94.17,0,2.94,195.3,1026.58,16388.5,3.94,8.016,2900.0,0.004,PM2.5-1HR
957,SWE_SE0004A,2025-01-16,8.67,5.98,94.75,0,4.89,241.68,1027.64,2107.38,2.91,6.574,2900.0,0.027,PM2.5-1HR
957,SWE_SE0067A,2025-01-16,8.2,6,94.6,0.01,4.97,241.97,1027.66,11846.73,2.91,6.574,2900.0,0.003,PM2.5-1HR
957,SWE_SE274590,2025-01-16,9.41,6.01,94.53,0.01,5,242.1,1027.67,16388.5,2.91,6.574,2900.0,0.004,PM2.5-1HR
957,SWE_SE0004A,2025-01-17,16.04,5.29,93.3,0,5.27,235.98,1029.33,2107.38,10.15,16.71,2900.0,0.027,PM2.5-1HR
957,SWE_SE0067A,2025-01-17,15.72,5.3,93.2,0,5.35,236.21,1029.36,11846.73,10.15,16.71,2900.0,0.003,PM2.5-1HR
957,SWE_SE274590,2025-01-17,17.89,5.31,93.16,0,5.38,236.32,1029.37,16388.5,10.15,16.71,2900.0,0.004,PM2.5-1HR
957,SWE_SE0004A,2025-01-18,9.71,6.1,97.67,0,4.02,242.48,1029.04,2107.38,4.36,8.604,2900.0,0.027,PM2.5-1HR
957,SWE_SE0067A,2025-01-18,8.81,6.09,97.61,0,4.08,242.66,1029.06,11846.73,4.36,8.604,2900.0,0.003,PM2.5-1HR
957,SWE_SE274590,2025-01-18,9.68,6.08,97.58,0,4.11,242.73,1029.06,16388.5,4.36,8.604,2900.0,0.004,PM2.5-1HR
957,SWE_SE0004A,2025-01-19,12.16,2.02,94.36,0,3.11,216.78,1025.51,2107.38,5.52,10.228,2900.0,0.027,PM2.5-1HR
957,SWE_SE0067A,2025-01-19,10.5,2.04,94.23,0,3.14,216.75,1025.52,11846.73,5.52,10.228,2900.0,0.003,PM2.5-1HR
957,SWE_SE274590,2025-01-19,12.26,2.05,94.17,0,3.15,216.74,1025.52,16388.5,5.52,10.228,2900.0,0.004,PM2.5-1HR
957,SWE_SE0067A,2025-01-20,3.79,-0.42,90.21,0,2.95,121,1019.44,11846.73,2.58,6.112,2900.0,0.003,PM2.5-1HR
957,SWE_SE274590,2025-01-20,4.45,-0.39,90.14,0,2.98,121.19,1019.43,16388.5,2.58,6.112,2900.0,0.004,PM2.5-1HR
957,SWE_SE0004A,2025-01-20,4.14,-0.5,90.38,0,2.89,120.56,1019.45,2107.38,2.58,6.112,2900.0,0.027,PM2.5-1HR
957,SWE_SE0067A,2025-01-21,11.98,1.85,97.57,0.05,3.36,188.37,1011.79,11846.73,3.53,7.442,2900.0,0.003,PM2.5-1HR
957,SWE_SE274590,2025-01-21,14.12,1.88,97.47,0.05,3.39,188.81,1011.79,16388.5,3.53,7.442,2900.0,0.004,PM2.5-1HR
957,SWE_SE0004A,2025-01-21,12.7,1.78,97.81,0.05,3.29,187.38,1011.79,2107.38,3.53,7.442,2900.0,0.027,PM2.5-1HR
957,SWE_SE0067A,2025-01-22,12.93,3.54,99.12,0.19,3.93,186.1,1008.36,11846.73,2.65,6.21,2900.0,0.003,PM2.5-1HR
957,SWE_SE274590,2025-01-22,15.15,3.54,99.07,0.19,3.96,186.18,1008.37,16388.5,2.65,6.21,2900.0,0.004,PM2.5-1HR
957,SWE_SE0004A,2025-01-22,14.29,3.53,99.23,0.19,3.86,185.89,1008.36,2107.38,2.65,6.21,2900.0,0.027,PM2.5-1HR
957,SWE_SE0067A,2025-01-23,4.57,1.36,96.92,0.64,4.61,158.56,995.6,11846.73,2.24,5.636,2900.0,0.003,PM2.5-1HR
957,SWE_SE274590,2025-01-23,5.99,1.37,96.86,0.64,4.65,158.89,995.6,16388.5,2.24,5.636,2900.0,0.004,PM2.5-1HR
957,SWE_SE0004A,2025-01-23,5.21,1.32,97.06,0.64,4.52,157.83,995.6,2107.38,2.24,5.636,2900.0,0.027,PM2.5-1HR
957,SWE_SE0067A,2025-01-24,9.36,3.92,95.01,0.3,6.83,189.68,996.08,11846.73,2.59,6.126,2900.0,0.003,PM2.5-1HR
957,SWE_SE274590,2025-01-24,11.15,3.94,94.91,0.3,6.89,189.75,996.08,16388.5,2.59,6.126,2900.0,0.004,PM2.5-1HR
957,SWE_SE0004A,2025-01-24,10.95,3.88,95.25,0.3,6.7,189.53,996.07,2107.38,2.59,6.126,2900.0,0.027,PM2.5-1HR
957,SWE_SE0067A,2025-01-25,12.65,5.09,80.23,0.06,7.18,218.21,996.28,11846.73,5.49,10.186,2900.0,0.003,PM2.5-1HR
957,SWE_SE274590,2025-01-25,12.59,5.1,80.2,0.06,7.23,218.23,996.3,16388.5,5.49,10.186,2900.0,0.004,PM2.5-1HR
957,SWE_SE0004A,2025-01-25,14.57,5.06,80.29,0.06,7.07,218.15,996.26,2107.38,5.49,10.186,2900.0,0.027,PM2.5-1HR
957,SWE_SE0067A,2025-01-26,9.25,2.7,95.44,0.01,3.35,197.11,1004.44,11846.73,8.58,14.512,2900.0,0.003,PM2.5-1HR
957,SWE_SE274590,2025-01-26,10.11,2.72,95.36,0.01,3.37,197.23,1004.44,16388.5,8.58,14.512,2900.0,0.004,PM2.5-1HR
957,SWE_SE0004A,2025-01-26,12.29,2.65,95.64,0.01,3.31,196.8,1004.43,2107.38,8.58,14.512,2900.0,0.027,PM2.5-1HR
957,SWE_SE0004A,2025-01-27,5.38,2.58,95.53,0.23,5.15,146.82,993.94,2107.38,0.49,3.186,2900.0,0.027,PM2.5-1HR
957,SWE_SE0067A,2025-01-27,4.54,2.63,95.37,0.23,5.25,147.15,993.93,11846.73,0.49,3.186,2900.0,0.003,PM2.5-1HR
957,SWE_SE274590,2025-01-27,5.16,2.65,95.3,0.23,5.3,147.29,993.92,16388.5,0.49,3.186,2900.0,0.004,PM2.5-1HR
957,SWE_SE0004A,2025-01-28,7.17,4.44,96.05,0.09,3.92,146.84,995.17,2107.38,3.82,7.848,2900.0,0.027,PM2.5-1HR
957,SWE_SE0067A,2025-01-28,6.56,4.46,95.96,0.09,3.99,147.07,995.16,11846.73,3.82,7.848,2900.0,0.003,PM2.5-1HR
957,SWE_SE274590,2025-01-28,8.5,4.47,95.92,0.09,4.02,147.16,995.16,16388.5,3.82,7.848,2900.0,0.004,PM2.5-1HR
957,SWE_SE0004A,2025-01-29,4.03,4.16,95.95,0,1.66,37.29,998.04,2107.38,2.87,6.518,2900.0,0.027,PM2.5-1HR
957,SWE_SE0067A,2025-01-29,4.11,4.17,95.94,0,1.67,37.87,998.04,11846.73,2.87,6.518,2900.0,0.003,PM2.5-1HR
957,SWE_SE274590,2025-01-29,5.69,4.18,95.94,0,1.67,38.14,998.03,16388.5,2.87,6.518,2900.0,0.004,PM2.5-1HR
957,SWE_SE0004A,2025-01-30,5.39,3.8,96.01,0.08,1.65,209.09,1005.53,2107.38,2.37,5.818,2900.0,0.027,PM2.5-1HR
957,SWE_SE0067A,2025-01-30,4.4,3.83,96.02,0.08,1.69,214.37,1005.53,11846.73,2.37,5.818,2900.0,0.003,PM2.5-1HR
957,SWE_SE274590,2025-01-30,5.66,3.84,96.03,0.07,1.7,216.28,1005.54,16388.5,2.37,5.818,2900.0,0.004,PM2.5-1HR
957,SWE_SE0004A,2025-01-31,5.06,2.15,95.62,0.01,2.07,306.06,1018.78,2107.38,2.65,6.21,2900.0,0.027,PM2.5-1HR
957,SWE_SE0067A,2025-01-31,4.95,2.2,95.44,0.01,2.13,305.98,1018.79,11846.73,2.65,6.21,2900.0,0.003,PM2.5-1HR
957,SWE_SE274590,2025-01-31,6.74,2.23,95.36,0.01,2.16,305.92,1018.79,16388.5,2.65,6.21,2900.0,0.004,PM2.5-1HR
957,SWE_SE0067A,2025-02-01,6.43,-0.86,97.54,0,1.27,24.81,1030.07,11846.73,3.23,7.022,2900.0,0.003,PM2.5-1HR
957,SWE_SE274590,2025-02-01,8.48,-0.81,97.43,0,1.26,24.71,1030.07,16388.5,3.23,7.022,2900.0,0.004,PM2.5-1HR
957,SWE_SE0004A,2025-02-01,5.86,-0.96,97.82,0,1.26,25.04,1030.07,2107.38,3.23,7.022,2900.0,0.027,PM2.5-1HR
957,SWE_SE274590,2025-02-02,9.7,-0.74,99.08,0.19,1.84,157.22,1025.73,16388.5,3.75,7.75,2900.0,0.004,PM2.5-1HR
957,SWE_SE0067A,2025-02-02,7.85,-0.79,99.15,0.19,1.85,156.74,1025.73,11846.73,3.75,7.75,2900.0,0.003,PM2.5-1HR
957,SWE_SE0004A,2025-02-02,7.63,-0.89,99.33,0.19,1.87,155.72,1025.73,2107.38,3.75,7.75,2900.0,0.027,PM2.5-1HR
957,SWE_SE0067A,2025-02-03,12.18,0.77,96.61,0.04,2.68,197.01,1025.16,11846.73,3.64,7.596,2900.0,0.003,PM2.5-1HR
957,SWE_SE274590,2025-02-03,15.23,0.79,96.47,0.04,2.69,197.78,1025.16,16388.5,3.64,7.596,2900.0,0.004,PM2.5-1HR
957,SWE_SE0004A,2025-02-03,15.01,0.71,96.93,0.04,2.64,195.38,1025.16,2107.38,3.64,7.596,2900.0,0.027,PM2.5-1HR
957,SWE_SE0067A,2025-02-04,31.46,2.5,96.26,0.01,4.79,195.57,1021.87,11846.73,20.59,31.326,2900.0,0.003,PM2.5-1HR
957,SWE_SE274590,2025-02-04,38.31,2.52,96.17,0.01,4.83,195.72,1021.88,16388.5,20.59,31.326,2900.0,0.004,PM2.5-1HR
957,SWE_SE0004A,2025-02-04,31.72,2.46,96.48,0.01,4.7,195.24,1021.86,2107.38,20.59,31.326,2900.0,0.027,PM2.5-1HR
957,SWE_SE274590,2025-02-05,19.01,5.12,89.74,0.04,6.04,246.11,1025.35,16388.5,8.02,13.728,2900.0,0.004,PM2.5-1HR
957,SWE_SE0067A,2025-02-05,16.82,5.11,89.82,0.04,6,246.05,1025.34,11846.73,8.02,13.728,2900.0,0.003,PM2.5-1HR
957,SWE_SE0004A,2025-02-05,16.98,5.09,89.99,0.04,5.89,245.89,1025.31,2107.38,8.02,13.728,2900.0,0.027,PM2.5-1HR
957,SWE_SE274590,2025-02-06,6.69,1.52,86.84,0,2.82,26.13,1043.51,16388.5,3.2,6.98,2900.0,0.004,PM2.5-1HR
957,SWE_SE0067A,2025-02-06,5.33,1.49,86.91,0,2.8,26.34,1043.52,11846.73,3.2,6.98,2900.0,0.003,PM2.5-1HR
957,SWE_SE0004A,2025-02-06,6.53,1.41,87.07,0,2.75,26.8,1043.52,2107.38,3.2,6.98,2900.0,0.027,PM2.5-1HR
957,SWE_SE274590,2025-02-07,4.9,-0.07,84.16,0,3.19,82.07,1044.81,16388.5,2.2,5.58,2900.0,0.004,PM2.5-1HR
957,SWE_SE0067A,2025-02-07,3.51,-0.1,84.24,0,3.17,81.97,1044.82,11846.73,2.2,5.58,2900.0,0.003,PM2.5-1HR
957,SWE_SE0004A,2025-02-07,3.81,-0.15,84.43,0,3.13,81.75,1044.84,2107.38,2.2,5.58,2900.0,0.027,PM2.5-1HR
957,SWE_SE274590,2025-02-08,13.15,0.64,77.8,0.01,3.94,99.43,1036.5,16388.5,3.21,6.994,2900.0,0.004,PM2.5-1HR
957,SWE_SE0067A,2025-02-08,9.61,0.62,77.79,0.01,3.9,99.26,1036.5,11846.73,3.21,6.994,2900.0,0.003,PM2.5-1HR
957,SWE_SE0004A,2025-02-08,9.93,0.6,77.75,0.02,3.82,98.89,1036.53,2107.38,3.21,6.994,2900.0,0.027,PM2.5-1HR
957,SWE_SE274590,2025-02-09,20.9,0.21,85.08,0,3.25,50.41,1039.23,16388.5,9.73,16.122,2900.0,0.004,PM2.5-1HR
957,SWE_SE0067A,2025-02-09,16.09,0.18,85.16,0,3.23,50.31,1039.24,11846.73,9.73,16.122,2900.0,0.003,PM2.5-1HR
957,SWE_SE0004A,2025-02-09,15.99,0.13,85.35,0,3.18,50.08,1039.25,2107.38,9.73,16.122,2900.0,0.027,PM2.5-1HR
957,SWE_SE274590,2025-02-10,11.53,-0.53,79.81,0,4.28,64.32,1041.71,16388.5,6.69,11.866,2900.0,0.004,PM2.5-1HR
957,SWE_SE0067A,2025-02-10,8.74,-0.55,79.89,0,4.26,64.29,1041.72,11846.73,6.69,11.866,2900.0,0.003,PM2.5-1HR
957,SWE_SE0004A,2025-02-10,9.09,-0.6,80.08,0,4.2,64.24,1041.74,2107.38,6.69,11.866,2900.0,0.027,PM2.5-1HR
957,SWE_SE274590,2025-02-11,6.46,-0.31,80.12,0,3.65,86.5,1037.96,16388.5,4.46,8.744,2900.0,0.004,PM2.5-1HR
957,SWE_SE0067A,2025-02-11,4.94,-0.33,80.18,0,3.62,86.33,1037.97,11846.73,4.46,8.744,2900.0,0.003,PM2.5-1HR
957,SWE_SE0004A,2025-02-11,5.3,-0.37,80.3,0,3.57,85.97,1037.99,2107.38,4.46,8.744,2900.0,0.027,PM2.5-1HR
957,SWE_SE274590,2025-02-12,9.32,-1.74,77.27,0,2.75,76.05,1030.4,16388.5,4.27,8.478,2900.0,0.004,PM2.5-1HR
957,SWE_SE0067A,2025-02-12,8.07,-1.76,77.32,0,2.73,75.79,1030.41,11846.73,4.27,8.478,2900.0,0.003,PM2.5-1HR
957,SWE_SE274590,2025-02-13,7.37,-2.21,76.11,0,3.95,53.5,1026.39,16388.5,2.95,6.63,2900.0,0.004,PM2.5-1HR
957,SWE_SE0067A,2025-02-13,7.2,-2.22,76.21,0,3.93,53.46,1026.4,11846.73,2.95,6.63,2900.0,0.003,PM2.5-1HR
957,SWE_SE274590,2025-02-14,9.18,-4.11,75.33,0,1.8,353.68,1028.19,16388.5,3.91,7.974,2900.0,0.004,PM2.5-1HR
957,SWE_SE0067A,2025-02-14,8.14,-4.15,75.55,0,1.79,353.51,1028.19,11846.73,3.91,7.974,2900.0,0.003,PM2.5-1HR
957,SWE_SE0004A,2025-02-14,10.81,-4.24,76.05,0,1.75,353.09,1028.19,2107.38,3.91,7.974,2900.0,0.027,PM2.5-1HR
957,SWE_SE274590,2025-02-15,4.78,-3.29,78.63,0.1,3.62,68.13,1024.96,16388.5,1.91,5.174,2900.0,0.004,PM2.5-1HR
957,SWE_SE0067A,2025-02-15,4.32,-3.32,78.73,0.1,3.6,68.84,1024.97,11846.73,1.91,5.174,2900.0,0.003,PM2.5-1HR
957,SWE_SE0004A,2025-02-15,3.85,-3.4,78.96,0.1,3.55,70.44,1024.98,2107.38,1.91,5.174,2900.0,0.027,PM2.5-1HR
957,SWE_SE274590,2025-02-16,8.84,-6.42,69.93,0,2.88,337.05,1028.84,16388.5,1.42,4.488,2900.0,0.004,PM2.5-1HR
957,SWE_SE0067A,2025-02-16,7.21,-6.47,70.11,0,2.86,336.77,1028.84,11846.73,1.42,4.488,2900.0,0.003,PM2.5-1HR
957,SWE_SE0004A,2025-02-16,4.27,-6.57,70.51,0,2.79,336.14,1028.84,2107.38,1.42,4.488,2900.0,0.027,PM2.5-1HR
957,SWE_SE274590,2025-02-17,5.58,-1.84,73.13,0,3.16,303.89,1024.15,16388.5,1.96,5.244,2900.0,0.004,PM2.5-1HR
957,SWE_SE0067A,2025-02-17,6.37,-1.88,73.14,0,3.12,303.88,1024.15,11846.73,1.96,5.244,2900.0,0.003,PM2.5-1HR
957,SWE_SE0004A,2025-02-17,6.15,-1.96,73.19,0,3.04,303.85,1024.14,2107.38,1.96,5.244,2900.0,0.027,PM2.5-1HR
957,SWE_SE274590,2025-02-18,6.3,-2.2,82.51,0,2.53,309.1,1027.88,16388.5,3.37,7.218,2900.0,0.004,PM2.5-1HR
957,SWE_SE0067A,2025-02-18,7.02,-2.26,82.53,0,2.51,309.05,1027.88,11846.73,3.37,7.218,2900.0,0.003,PM2.5-1HR
957,SWE_SE0004A,2025-02-18,9.16,-2.38,82.58,0,2.47,308.95,1027.87,2107.38,3.37,7.218,2900.0,0.027,PM2.5-1HR
957,SWE_SE274590,2025-02-19,9.46,-2.64,92.11,0,2.32,226.35,1031.16,16388.5,4.83,9.262,2900.0,0.004,PM2.5-1HR
957,SWE_SE0067A,2025-02-19,8.6,-2.68,92.11,0,2.31,226.37,1031.16,11846.73,4.83,9.262,2900.0,0.003,PM2.5-1HR
957,SWE_SE0004A,2025-02-19,9.46,-2.77,92.1,0,2.29,226.4,1031.15,2107.38,4.83,9.262,2900.0,0.027,PM2.5-1HR
957,SWE_SE274590,2025-02-20,7.03,-1.02,70.58,0.01,5.82,150.98,1025.74,16388.5,3,6.7,2900.0,0.004,PM2.5-1HR
957,SWE_SE0067A,2025-02-20,6.94,-1.05,70.5,0.01,5.77,150.98,1025.75,11846.73,3,6.7,2900.0,0.003,PM2.5-1HR
957,SWE_SE0004A,2025-02-20,6.54,-1.11,70.31,0.01,5.65,150.97,1025.76,2107.38,3,6.7,2900.0,0.027,PM2.5-1HR
957,SWE_SE274590,2025-02-21,27.2,2.27,96.21,0.18,5.61,163.9,1018.73,16388.5,13.68,21.652,2900.0,0.004,PM2.5-1HR
957,SWE_SE0067A,2025-02-21,26.87,2.26,96.24,0.18,5.57,163.91,1018.73,11846.73,13.68,21.652,2900.0,0.003,PM2.5-1HR
957,SWE_SE0004A,2025-02-21,25.74,2.24,96.3,0.17,5.48,163.92,1018.73,2107.38,13.68,21.652,2900.0,0.027,PM2.5-1HR
957,SWE_SE0004A,2025-02-22,25.21,5.06,94.69,0.05,5.61,163.62,1015.32,2107.38,18.36,28.204,2900.0,0.027,PM2.5-1HR
957,SWE_SE274590,2025-02-22,26.58,5.02,94.57,0.05,5.76,163.57,1015.33,16388.5,18.36,28.204,2900.0,0.004,PM2.5-1HR
957,SWE_SE0067A,2025-02-22,25.67,5.03,94.61,0.05,5.72,163.58,1015.32,11846.73,18.36,28.204,2900.0,0.003,PM2.5-1HR
957,SWE_SE274590,2025-02-23,12.46,3.94,98.56,0.11,3.5,203.84,1020.69,16388.5,4.01,8.114,2900.0,0.004,PM2.5-1HR
957,SWE_SE0067A,2025-02-23,12.27,3.94,98.56,0.11,3.47,203.66,1020.69,11846.73,4.01,8.114,2900.0,0.003,PM2.5-1HR
957,SWE_SE0004A,2025-02-23,12.81,3.96,98.57,0.1,3.42,203.27,1020.68,2107.38,4.01,8.114,2900.0,0.027,PM2.5-1HR
957,SWE_SE274590,2025-02-24,10.51,5.14,95.85,0.58,6.66,175.12,1014.36,16388.5,5.54,10.256,2900.0,0.004,PM2.5-1HR
957,SWE_SE0067A,2025-02-24,10.29,5.14,95.91,0.57,6.61,175.13,1014.36,11846.73,5.54,10.256,2900.0,0.003,PM2.5-1HR
957,SWE_SE0004A,2025-02-24,11.36,5.17,96.06,0.57,6.5,175.15,1014.36,2107.38,5.54,10.256,2900.0,0.027,PM2.5-1HR
957,SWE_SE274590,2025-02-25,8.06,4.7,98.27,0.09,3.55,209.48,1010.26,16388.5,3.36,7.204,2900.0,0.004,PM2.5-1HR
957,SWE_SE0067A,2025-02-25,8.2,4.71,98.29,0.09,3.52,209.4,1010.26,11846.73,3.36,7.204,2900.0,0.003,PM2.5-1HR
957,SWE_SE0004A,2025-02-25,9.42,4.74,98.32,0.1,3.47,209.23,1010.25,2107.38,3.36,7.204,2900.0,0.027,PM2.5-1HR
957,SWE_SE0067A,2025-02-26,7.62,2.98,93.41,0.01,2.8,200.88,1013.8,11846.73,5.93,10.802,2900.0,0.003,PM2.5-1HR
957,SWE_SE0004A,2025-02-26,9.67,2.98,93.4,0.01,2.76,200.88,1013.8,2107.38,5.93,10.802,2900.0,0.027,PM2.5-1HR
957,SWE_SE274590,2025-02-26,7.44,2.98,93.42,0.01,2.81,200.88,1013.81,16388.5,5.93,10.802,2900.0,0.004,PM2.5-1HR
957,SWE_SE0067A,2025-02-27,8.77,1.22,97.56,0,1.35,149.66,1017.08,11846.73,3.22,7.008,2900.0,0.003,PM2.5-1HR
957,SWE_SE0004A,2025-02-27,7.54,1.19,97.59,0,1.34,148.29,1017.08,2107.38,3.22,7.008,2900.0,0.027,PM2.5-1HR
957,SWE_SE274590,2025-02-27,9.29,1.23,97.55,0,1.35,149.76,1017.08,16388.5,3.22,7.008,2900.0,0.004,PM2.5-1HR
957,SWE_SE0067A,2025-02-28,6.36,0.4,95,0,2.09,355.54,1024.02,11846.73,3.53,7.442,2900.0,0.003,PM2.5-1HR
957,SWE_SE0004A,2025-02-28,5.39,0.32,95.05,0,2.05,356.02,1024.02,2107.38,3.53,7.442,2900.0,0.027,PM2.5-1HR
957,SWE_SE274590,2025-02-28,7.53,0.43,94.97,0,2.11,355.34,1024.02,16388.5,3.53,7.442,2900.0,0.004,PM2.5-1HR
957,SWE_SE0004A,2025-03-01,8.01,1.83,94.63,0,3.62,253.15,1027.07,2107.38,3.4,7.26,2900.0,0.027,PM2.5-1HR
957,SWE_SE0067A,2025-03-01,7.63,1.88,94.49,0,3.66,253.89,1027.08,11846.73,3.4,7.26,2900.0,0.003,PM2.5-1HR
957,SWE_SE274590,2025-03-01,7.51,1.9,94.42,0,3.68,254.23,1027.09,16388.5,3.4,7.26,2900.0,0.004,PM2.5-1HR
957,SWE_SE0004A,2025-03-02,10.59,5.37,84.59,0,6.17,266.58,1023.08,2107.38,4.94,9.416,2900.0,0.027,PM2.5-1HR
957,SWE_SE0067A,2025-03-02,10.82,5.38,84.58,0,6.28,266.78,1023.11,11846.73,4.94,9.416,2900.0,0.003,PM2.5-1HR
957,SWE_SE274590,2025-03-02,10.88,5.37,84.58,0,6.32,266.88,1023.13,16388.5,4.94,9.416,2900.0,0.004,PM2.5-1HR
957,SWE_SE0004A,2025-03-03,12.21,6.22,80.92,0,7.23,255.85,1016.53,2107.38,8.43,14.302,2900.0,0.027,PM2.5-1HR
957,SWE_SE0067A,2025-03-03,12.56,6.2,81.04,0,7.32,255.96,1016.57,11846.73,8.43,14.302,2900.0,0.003,PM2.5-1HR
957,SWE_SE274590,2025-03-03,12.54,6.2,81.09,0,7.36,256.01,1016.59,16388.5,8.43,14.302,2900.0,0.004,PM2.5-1HR
957,SWE_SE0004A,2025-03-04,10.83,6.5,80.61,0,7.7,252.68,1013.05,2107.38,6.25,11.25,2900.0,0.027,PM2.5-1HR
957,SWE_SE0067A,2025-03-04,11,6.49,80.73,0,7.8,252.73,1013.09,11846.73,6.25,11.25,2900.0,0.003,PM2.5-1HR
957,SWE_SE274590,2025-03-04,10.91,6.48,80.79,0,7.84,252.76,1013.11,16388.5,6.25,11.25,2900.0,0.004,PM2.5-1HR
957,SWE_SE0004A,2025-03-05,15.45,7.06,84.36,0.01,7.98,243.68,1007.64,2107.38,11.49,18.586,2900.0,0.027,PM2.5-1HR
957,SWE_SE0067A,2025-03-05,16.41,7.04,84.39,0.01,8.08,243.78,1007.68,11846.73,11.49,18.586,2900.0,0.003,PM2.5-1HR
957,SWE_SE274590,2025-03-05,16.31,7.04,84.4,0.01,8.12,243.83,1007.7,16388.5,11.49,18.586,2900.0,0.004,PM2.5-1HR
957,SWE_SE0004A,2025-03-06,21.52,7.24,80.71,0,5.24,232.13,1011.12,2107.38,14.25,22.45,2900.0,0.027,PM2.5-1HR
957,SWE_SE0067A,2025-03-06,21.41,7.22,80.74,0,5.31,232.26,1011.15,11846.73,14.25,22.45,2900.0,0.003,PM2.5-1HR
957,SWE_SE274590,2025-03-06,21.51,7.21,80.75,0,5.34,232.32,1011.16,16388.5,14.25,22.45,2900.0,0.004,PM2.5-1HR
957,SWE_SE0004A,2025-03-07,44.42,6.5,79.9,0.02,3.34,195.74,1015.39,2107.38,26.04,38.956,2900.0,0.027,PM2.5-1HR
957,SWE_SE0067A,2025-03-07,43.77,6.49,80.01,0.01,3.4,195.97,1015.4,11846.73,26.04,38.956,2900.0,0.003,PM2.5-1HR
957,SWE_SE274590,2025-03-07,44.89,6.49,80.06,0.01,3.42,196.07,1015.4,16388.5,26.04,38.956,2900.0,0.004,PM2.5-1HR
957,SWE_SE0004A,2025-03-08,14.03,6.27,91.79,0,1.28,273.86,1018.21,2107.38,6.17,11.138,2900.0,0.027,PM2.5-1HR
957,SWE_SE0067A,2025-03-08,15.28,6.25,91.85,0,1.3,274.15,1018.21,11846.73,6.17,11.138,2900.0,0.003,PM2.5-1HR
957,SWE_SE274590,2025-03-08,15.88,6.25,91.87,0,1.3,274.27,1018.21,16388.5,6.17,11.138,2900.0,0.004,PM2.5-1HR
957,SWE_SE0004A,2025-03-09,11.8,6.26,86.88,0,1.46,90.42,1013.26,2107.38,6.71,11.894,2900.0,0.027,PM2.5-1HR
957,SWE_SE0067A,2025-03-09,14.02,6.25,87.07,0,1.48,89.5,1013.26,11846.73,6.71,11.894,2900.0,0.003,PM2.5-1HR
957,SWE_SE274590,2025-03-09,15.1,6.25,87.15,0,1.49,89.15,1013.26,16388.5,6.71,11.894,2900.0,0.004,PM2.5-1HR
957,SWE_SE0004A,2025-03-10,9.15,5.31,85.53,0,2.65,51.95,1004.09,2107.38,5.66,10.424,2900.0,0.027,PM2.5-1HR
957,SWE_SE0067A,2025-03-10,10.29,5.33,85.6,0,2.68,51.04,1004.08,11846.73,5.66,10.424,2900.0,0.003,PM2.5-1HR
957,SWE_SE274590,2025-03-10,11.48,5.34,85.63,0,2.69,50.64,1004.07,16388.5,5.66,10.424,2900.0,0.004,PM2.5-1HR
957,SWE_SE0004A,2025-03-11,3.03,2.37,91.71,0.28,3.12,88.91,1001.23,2107.38,1.27,4.278,2900.0,0.027,PM2.5-1HR
957,SWE_SE0067A,2025-03-11,3.23,2.43,91.61,0.28,3.15,89.49,1001.22,11846.73,1.27,4.278,2900.0,0.003,PM2.5-1HR
957,SWE_SE274590,2025-03-11,3.16,2.45,91.56,0.28,3.16,89.78,1001.21,16388.5,1.27,4.278,2900.0,0.004,PM2.5-1HR
957,SWE_SE0004A,2025-03-12,1.59,0.7,98.04,0.31,3.74,82.46,998.84,2107.38,0.83,3.662,2900.0,0.027,PM2.5-1HR
957,SWE_SE0067A,2025-03-12,1.67,0.74,97.93,0.32,3.81,82.99,998.83,11846.73,0.83,3.662,2900.0,0.003,PM2.5-1HR
957,SWE_SE274590,2025-03-12,1.92,0.75,97.88,0.32,3.84,83.23,998.82,16388.5,0.83,3.662,2900.0,0.004,PM2.5-1HR
957,SWE_SE0004A,2025-03-13,2.68,0.11,95.99,0.17,3.5,58.56,999.25,2107.38,2.3,5.72,2900.0,0.027,PM2.5-1HR
957,SWE_SE0067A,2025-03-13,3.22,0.17,95.81,0.17,3.54,58.87,999.23,11846.73,2.3,5.72,2900.0,0.003,PM2.5-1HR
957,SWE_SE274590,2025-03-13,3.43,0.19,95.73,0.17,3.55,59.01,999.22,16388.5,2.3,5.72,2900.0,0.004,PM2.5-1HR
957,SWE_SE0004A,2025-03-14,5.37,-1.25,76.22,0,2.1,350.61,1009.59,2107.38,2.58,6.112,2900.0,0.027,PM2.5-1HR
957,SWE_SE0067A,2025-03-14,5.13,-1.18,75.76,0,2.14,351.12,1009.59,11846.73,2.58,6.112,2900.0,0.003,PM2.5-1HR
957,SWE_SE274590,2025-03-14,6.14,-1.15,75.56,0,2.15,351.36,1009.59,16388.5,2.58,6.112,2900.0,0.004,PM2.5-1HR
957,SWE_SE0004A,2025-03-15,5.7,1.45,81.55,0,4.64,242.04,1018.29,2107.38,2.53,6.042,2900.0,0.027,PM2.5-1HR
957,SWE_SE0067A,2025-03-15,5.51,1.51,81.35,0,4.69,242.4,1018.31,11846.73,2.53,6.042,2900.0,0.003,PM2.5-1HR
957,SWE_SE274590,2025-03-15,5.16,1.53,81.25,0,4.71,242.56,1018.32,16388.5,2.53,6.042,2900.0,0.004,PM2.5-1HR
957,SWE_SE0004A,2025-03-16,4.03,3.72,63.74,0,4.78,348.12,1017.99,2107.38,1.68,4.852,2900.0,0.027,PM2.5-1HR
957,SWE_SE274590,2025-03-16,4.92,3.79,63.9,0,4.89,347.74,1017.99,16388.5,1.68,4.852,2900.0,0.004,PM2.5-1HR
957,SWE_SE0067A,2025-03-16,4.24,3.77,63.85,0,4.86,347.86,1017.99,11846.73,1.68,4.852,2900.0,0.003,PM2.5-1HR
957,SWE_SE0004A,2025-03-17,6.52,1.27,66.58,0,3.66,294.54,1029.54,2107.38,1.73,4.922,2900.0,0.027,PM2.5-1HR
957,SWE_SE274590,2025-03-17,7.34,1.35,66.27,0,3.75,295.1,1029.56,16388.5,1.73,4.922,2900.0,0.004,PM2.5-1HR
957,SWE_SE0067A,2025-03-17,6.97,1.32,66.37,0,3.73,294.93,1029.55,11846.73,1.73,4.922,2900.0,0.003,PM2.5-1HR
957,SWE_SE0004A,2025-03-18,7.39,4.07,81.18,0,3.08,252.89,1025.14,2107.38,3.76,7.764,2900.0,0.027,PM2.5-1HR
957,SWE_SE274590,2025-03-18,7.4,4.12,81.3,0,3.17,253.7,1025.16,16388.5,3.76,7.764,2900.0,0.004,PM2.5-1HR
957,SWE_SE0067A,2025-03-18,7.62,4.1,81.26,0,3.15,253.46,1025.16,11846.73,3.76,7.764,2900.0,0.003,PM2.5-1HR
957,SWE_SE0004A,2025-03-19,9.37,4.6,78.79,0,3.21,244.46,1023.01,2107.38,5.5,10.2,2900.0,0.027,PM2.5-1HR
957,SWE_SE274590,2025-03-19,11.25,4.64,78.86,0,3.3,245.69,1023.04,16388.5,5.5,10.2,2900.0,0.004,PM2.5-1HR
957,SWE_SE0067A,2025-03-19,10.32,4.63,78.84,0,3.27,245.32,1023.03,11846.73,5.5,10.2,2900.0,0.003,PM2.5-1HR
957,SWE_SE274590,2025-03-20,15.2,3.78,72.54,0,3.13,254.21,1020.65,16388.5,3.23,7.022,2900.0,0.004,PM2.5-1HR
957,SWE_SE0004A,2025-03-20,12.14,3.73,72.18,0,3.11,254.08,1020.64,2107.38,3.23,7.022,2900.0,0.027,PM2.5-1HR
957,SWE_SE0067A,2025-03-20,13.77,3.76,72.43,0,3.13,254.17,1020.65,11846.73,3.23,7.022,2900.0,0.003,PM2.5-1HR
957,SWE_SE274590,2025-03-21,8.17,4.68,66.6,0,3.1,85.07,1025.37,16388.5,2.04,5.356,2900.0,0.004,PM2.5-1HR
957,SWE_SE0004A,2025-03-21,7.02,4.65,66.41,0,3.06,85.15,1025.39,2107.38,2.04,5.356,2900.0,0.027,PM2.5-1HR
957,SWE_SE0067A,2025-03-21,8.13,4.67,66.54,0,3.09,85.09,1025.37,11846.73,2.04,5.356,2900.0,0.003,PM2.5-1HR
957,SWE_SE274590,2025-03-22,5.09,5.85,59.22,0,4.97,109.37,1024.94,16388.5,1.44,4.516,2900.0,0.004,PM2.5-1HR
957,SWE_SE0004A,2025-03-22,4.66,5.84,58.88,0,4.87,109.57,1024.97,2107.38,1.44,4.516,2900.0,0.027,PM2.5-1HR
957,SWE_SE0067A,2025-03-22,5.47,5.85,59.11,0,4.93,109.43,1024.95,11846.73,1.44,4.516,2900.0,0.003,PM2.5-1HR
957,SWE_SE274590,2025-03-23,8.11,7.16,59.07,0,5.77,93.27,1018.19,16388.5,5.11,9.654,2900.0,0.004,PM2.5-1HR
957,SWE_SE0004A,2025-03-23,7.46,7.16,58.73,0,5.65,93.34,1018.24,2107.38,5.11,9.654,2900.0,0.027,PM2.5-1HR
957,SWE_SE0067A,2025-03-23,7.99,7.16,58.97,0,5.73,93.29,1018.2,11846.73,5.11,9.654,2900.0,0.003,PM2.5-1HR
957,SWE_SE274590,2025-03-24,15.44,4.53,72.08,0,2.66,162.66,1013.83,16388.5,5.98,10.872,2900.0,0.004,PM2.5-1HR
957,SWE_SE0004A,2025-03-24,13.97,4.52,71.84,0,2.62,163.05,1013.83,2107.38,5.98,10.872,2900.0,0.027,PM2.5-1HR
957,SWE_SE0067A,2025-03-24,14.92,4.53,72.01,0,2.65,162.78,1013.83,11846.73,5.98,10.872,2900.0,0.003,PM2.5-1HR
957,SWE_SE274590,2025-03-25,14.59,5.94,94.15,0.1,4.68,235.23,1009.58,16388.5,5.1,9.64,2900.0,0.004,PM2.5-1HR
957,SWE_SE0004A,2025-03-25,15.11,5.93,94.27,0.1,4.56,234.55,1009.55,2107.38,5.1,9.64,2900.0,0.027,PM2.5-1HR
957,SWE_SE0067A,2025-03-25,14.15,5.94,94.19,0.1,4.64,235.03,1009.57,11846.73,5.1,9.64,2900.0,0.003,PM2.5-1HR
957,SWE_SE274590,2025-03-26,6.77,5.84,80.52,0,2.96,302.52,1015.38,16388.5,3.41,7.274,2900.0,0.004,PM2.5-1HR
957,SWE_SE0004A,2025-03-26,5.3,5.82,80.24,0,2.87,302.88,1015.36,2107.38,3.41,7.274,2900.0,0.027,PM2.5-1HR
957,SWE_SE0067A,2025-03-26,6.45,5.83,80.43,0,2.93,302.62,1015.37,11846.73,3.41,7.274,2900.0,0.003,PM2.5-1HR
957,SWE_SE0004A,2025-03-27,14.97,6.32,90.12,0,4.53,224.22,1013.97,2107.38,8.88,14.932,2900.0,0.027,PM2.5-1HR
957,SWE_SE0067A,2025-03-27,13.85,6.32,90.14,0.01,4.59,224.3,1013.99,11846.73,8.88,14.932,2900.0,0.003,PM2.5-1HR
957,SWE_SE274590,2025-03-27,14,6.32,90.15,0.01,4.62,224.33,1014,16388.5,8.88,14.932,2900.0,0.004,PM2.5-1HR
957,SWE_SE0004A,2025-03-28,28.56,7.95,83.75,0,5.11,197.04,1008.37,2107.38,10.55,17.27,2900.0,0.027,PM2.5-1HR
957,SWE_SE0067A,2025-03-28,28.58,7.91,83.89,0,5.19,197.09,1008.38,11846.73,10.55,17.27,2900.0,0.003,PM2.5-1HR
957,SWE_SE274590,2025-03-28,29.11,7.9,83.95,0,5.22,197.11,1008.39,16388.5,10.55,17.27,2900.0,0.004,PM2.5-1HR
957,SWE_SE0004A,2025-03-29,9.36,6.53,82.6,0,3.89,241.88,1011.73,2107.38,6.35,11.39,2900.0,0.027,PM2.5-1HR
957,SWE_SE0067A,2025-03-29,9.9,6.53,82.66,0,3.92,241.94,1011.74,11846.73,6.35,11.39,2900.0,0.003,PM2.5-1HR
957,SWE_SE274590,2025-03-29,9.99,6.53,82.69,0,3.93,241.97,1011.75,16388.5,6.35,11.39,2900.0,0.004,PM2.5-1HR
957,SWE_SE0004A,2025-03-30,2.41,4.58,91.57,0.28,4.67,121.38,1003.79,2107.38,0.46,3.144,2900.0,0.027,PM2.5-1HR
957,SWE_SE0067A,2025-03-30,2.34,4.62,91.42,0.28,4.74,121.89,1003.77,11846.73,0.46,3.144,2900.0,0.003,PM2.5-1HR
957,SWE_SE274590,2025-03-30,2.5,4.64,91.35,0.28,4.77,122.12,1003.77,16388.5,0.46,3.144,2900.0,0.004,PM2.5-1HR
957,SWE_SE0004A,2025-03-31,3.99,5.69,79.69,0,3.1,341.05,1021.17,2107.38,1.9,5.16,2900.0,0.027,PM2.5-1HR
957,SWE_SE0067A,2025-03-31,3.84,5.69,79.75,0,3.17,340.94,1021.18,11846.73,1.9,5.16,2900.0,0.003,PM2.5-1HR
957,SWE_SE274590,2025-03-31,4.1,5.7,79.78,0,3.2,340.9,1021.18,16388.5,1.9,5.16,2900.0,0.004,PM2.5-1HR
957,SWE_SE0067A,2025-04-01,8.55,6.06,70.14,0,1.66,311.79,1031.1,11846.73,3.19,6.966,2900.0,0.003,PM2.5-1HR
957,SWE_SE274590,2025-04-01,10.37,6.07,70.29,0,1.66,311.53,1031.1,16388.5,3.19,6.966,2900.0,0.004,PM2.5-1HR
957,SWE_SE0004A,2025-04-01,6.82,6.05,69.8,0,1.66,312.47,1031.09,2107.38,3.19,6.966,2900.0,0.027,PM2.5-1HR
957,SWE_SE0067A,2025-04-02,14.24,7.41,70.2,0,1.61,15.27,1032.29,11846.73,4.67,9.038,2900.0,0.003,PM2.5-1HR
957,SWE_SE274590,2025-04-02,14.58,7.42,70.29,0,1.61,15.2,1032.29,16388.5,4.67,9.038,2900.0,0.004,PM2.5-1HR
957,SWE_SE0004A,2025-04-02,8.35,7.39,70,0,1.6,15.46,1032.29,2107.38,4.67,9.038,2900.0,0.027,PM2.5-1HR
957,SWE_SE0067A,2025-04-03,13.68,8.54,61.71,0,2.55,224.59,1028.52,11846.73,4.76,9.164,2900.0,0.003,PM2.5-1HR
957,SWE_SE274590,2025-04-03,12.14,8.53,61.91,0,2.56,224.61,1028.52,16388.5,4.76,9.164,2900.0,0.004,PM2.5-1HR
957,SWE_SE0004A,2025-04-03,9.5,8.55,61.27,0,2.54,224.54,1028.51,2107.38,4.76,9.164,2900.0,0.027,PM2.5-1HR
957,SWE_SE0067A,2025-04-04,4.48,6.66,56.45,0,3.94,7.17,1023.54,11846.73,2.67,6.238,2900.0,0.003,PM2.5-1HR
957,SWE_SE274590,2025-04-04,5.1,6.68,56.55,0,3.96,6.95,1023.54,16388.5,2.67,6.238,2900.0,0.004,PM2.5-1HR
957,SWE_SE0004A,2025-04-04,3.86,6.63,56.22,0,3.88,7.68,1023.55,2107.38,2.67,6.238,2900.0,0.027,PM2.5-1HR
957,SWE_SE0067A,2025-04-05,2.89,4.93,49.37,0,4.2,29.5,1025.45,11846.73,0.84,3.676,2900.0,0.003,PM2.5-1HR
957,SWE_SE274590,2025-04-05,3.33,4.94,49.44,0,4.22,29.33,1025.44,16388.5,0.84,3.676,2900.0,0.004,PM2.5-1HR
957,SWE_SE0004A,2025-04-05,1.84,4.89,49.21,0,4.16,29.88,1025.45,2107.38,0.84,3.676,2900.0,0.027,PM2.5-1HR
957,SWE_SE0004A,2025-04-06,5.5,4.43,65.15,0,3.09,312.24,1027.31,2107.38,2.57,6.098,2900.0,0.027,PM2.5-1HR
957,SWE_SE0067A,2025-04-06,5.66,4.48,65.03,0,3.14,312.52,1027.31,11846.73,2.57,6.098,2900.0,0.003,PM2.5-1HR
957,SWE_SE274590,2025-04-06,5.99,4.5,64.98,0,3.16,312.65,1027.32,16388.5,2.57,6.098,2900.0,0.004,PM2.5-1HR
957,SWE_SE0004A,2025-04-07,5.26,6.1,68.08,0,2.89,21.22,1024.95,2107.38,1.85,5.09,2900.0,0.027,PM2.5-1HR
957,SWE_SE0067A,2025-04-07,5.54,6.16,68.18,0,2.91,20.15,1024.95,11846.73,1.85,5.09,2900.0,0.003,PM2.5-1HR
957,SWE_SE274590,2025-04-07,5.38,6.18,68.22,0,2.91,19.66,1024.94,16388.5,1.85,5.09,2900.0,0.004,PM2.5-1HR
957,SWE_SE274590,2025-04-08,6.86,6.11,69.34,0,1.76,331.06,1027.6,16388.5,2.92,6.588,2900.0,0.004,PM2.5-1HR
957,SWE_SE0004A,2025-04-08,6.17,6.07,68.91,0,1.73,335.53,1027.59,2107.38,2.92,6.588,2900.0,0.027,PM2.5-1HR
957,SWE_SE0067A,2025-04-08,6.09,6.1,69.21,0,1.75,332.51,1027.6,11846.73,2.92,6.588,2900.0,0.003,PM2.5-1HR
957,SWE_SE274590,2025-04-09,7.36,6.71,68.03,0,2.88,326.5,1021.79,16388.5,2.51,6.014,2900.0,0.004,PM2.5-1HR
957,SWE_SE0067A,2025-04-09,6.88,6.7,67.86,0,2.87,326.89,1021.79,11846.73,2.51,6.014,2900.0,0.003,PM2.5-1HR
957,SWE_SE0004A,2025-04-09,5.43,6.67,67.46,0,2.83,327.8,1021.79,2107.38,2.51,6.014,2900.0,0.027,PM2.5-1HR
957,SWE_SE274590,2025-04-10,7.83,5.52,63.6,0,4.06,279.51,1019.16,16388.5,1.99,5.286,2900.0,0.004,PM2.5-1HR
957,SWE_SE0067A,2025-04-10,7.89,5.5,63.62,0,4.04,279.38,1019.15,11846.73,1.99,5.286,2900.0,0.003,PM2.5-1HR
957,SWE_SE0004A,2025-04-10,8.09,5.46,63.64,0,3.98,279.11,1019.14,2107.38,1.99,5.286,2900.0,0.027,PM2.5-1HR
957,SWE_SE274590,2025-04-11,9.03,9.96,72.02,0,3.74,276.73,1008.99,16388.5,5.38,10.032,2900.0,0.004,PM2.5-1HR
957,SWE_SE0067A,2025-04-11,8.91,9.97,71.9,0,3.7,276.56,1008.99,11846.73,5.38,10.032,2900.0,0.003,PM2.5-1HR
957,SWE_SE0004A,2025-04-11,8.37,9.99,71.61,0,3.61,276.18,1008.97,2107.38,5.38,10.032,2900.0,0.027,PM2.5-1HR
957,SWE_SE274590,2025-04-12,10.27,9.54,81.28,0,3.63,259.98,1009.39,16388.5,5.87,10.718,2900.0,0.004,PM2.5-1HR
957,SWE_SE0067A,2025-04-12,9.46,9.55,81.21,0,3.6,259.82,1009.38,11846.73,5.87,10.718,2900.0,0.003,PM2.5-1HR
957,SWE_SE0004A,2025-04-12,9.23,9.56,81.03,0,3.54,259.45,1009.36,2107.38,5.87,10.718,2900.0,0.027,PM2.5-1HR
957,SWE_SE274590,2025-04-13,12.57,9.48,84.55,0.11,4.28,156.29,1003.3,16388.5,4.78,9.192,2900.0,0.004,PM2.5-1HR
957,SWE_SE0067A,2025-04-13,11.94,9.48,84.51,0.11,4.25,156.3,1003.3,11846.73,4.78,9.192,2900.0,0.003,PM2.5-1HR
957,SWE_SE0004A,2025-04-13,12.06,9.47,84.43,0.11,4.18,156.29,1003.3,2107.38,4.78,9.192,2900.0,0.027,PM2.5-1HR
957,SWE_SE274590,2025-04-14,12.05,8.49,83.82,0,3.72,233.66,1007.28,16388.5,6.43,11.502,2900.0,0.004,PM2.5-1HR
957,SWE_SE0067A,2025-04-14,11.75,8.5,83.7,0,3.71,233.76,1007.27,11846.73,6.43,11.502,2900.0,0.003,PM2.5-1HR
957,SWE_SE0004A,2025-04-14,11.25,8.51,83.43,0,3.68,233.99,1007.26,2107.38,6.43,11.502,2900.0,0.027,PM2.5-1HR
957,SWE_SE0004A,2025-04-15,7.07,10.74,72.79,0.05,3.63,106.31,1010.66,2107.38,4.85,9.29,2900.0,0.027,PM2.5-1HR
957,SWE_SE274590,2025-04-15,7.58,10.74,72.94,0.05,3.7,105.79,1010.64,16388.5,4.85,9.29,2900.0,0.004,PM2.5-1HR
957,SWE_SE0067A,2025-04-15,7.71,10.74,72.89,0.05,3.68,105.95,1010.65,11846.73,4.85,9.29,2900.0,0.003,PM2.5-1HR
957,SWE_SE0004A,2025-04-16,15.1,13.61,75.82,0.01,3.65,133.99,1008.42,2107.38,7.29,12.706,2900.0,0.027,PM2.5-1HR
957,SWE_SE274590,2025-04-16,16.91,13.52,76.27,0.01,3.71,133.41,1008.41,16388.5,7.29,12.706,2900.0,0.004,PM2.5-1HR
957,SWE_SE0067A,2025-04-16,16.02,13.54,76.13,0.01,3.69,133.59,1008.41,11846.73,7.29,12.706,2900.0,0.003,PM2.5-1HR
957,SWE_SE0004A,2025-04-17,15.2,13.62,83.21,0.04,2.35,123.35,1010.27,2107.38,7.97,13.658,2900.0,0.027,PM2.5-1HR
957,SWE_SE274590,2025-04-17,17.55,13.49,83.67,0.04,2.38,122.06,1010.27,16388.5,7.97,13.658,2900.0,0.004,PM2.5-1HR
957,SWE_SE0067A,2025-04-17,16.77,13.53,83.53,0.04,2.37,122.51,1010.27,11846.73,7.97,13.658,2900.0,0.003,PM2.5-1HR
957,SWE_SE0004A,2025-04-18,5.28,10.31,81.5,0.02,2.96,315.21,1009.39,2107.38,2.18,5.552,2900.0,0.027,PM2.5-1HR
957,SWE_SE274590,2025-04-18,5.69,10.23,81.73,0.03,3.08,315.73,1009.4,16388.5,2.18,5.552,2900.0,0.004,PM2.5-1HR
957,SWE_SE0067A,2025-04-18,4.92,10.25,81.66,0.03,3.04,315.56,1009.4,11846.73,2.18,5.552,2900.0,0.003,PM2.5-1HR
957,SWE_SE0004A,2025-04-19,6.27,11.17,93.91,0.51,3.89,35.9,1006.51,2107.38,1,3.9,2900.0,0.027,PM2.5-1HR
957,SWE_SE274590,2025-04-19,7.08,11.17,93.85,0.52,3.88,35.87,1006.48,16388.5,1,3.9,2900.0,0.004,PM2.5-1HR
957,SWE_SE0067A,2025-04-19,6.09,11.17,93.86,0.51,3.89,35.86,1006.49,11846.73,1,3.9,2900.0,0.003,PM2.5-1HR
957,SWE_SE0004A,2025-04-20,1.2,7.56,95.73,0.14,3.4,42.7,1007.08,2107.38,0.75,3.55,2900.0,0.027,PM2.5-1HR
957,SWE_SE0067A,2025-04-20,1.25,7.64,95.57,0.15,3.36,43.03,1007.06,11846.73,0.75,3.55,2900.0,0.003,PM2.5-1HR
957,SWE_SE274590,2025-04-20,1.25,7.67,95.5,0.15,3.34,43.18,1007.05,16388.5,0.75,3.55,2900.0,0.004,PM2.5-1HR
957,SWE_SE0067A,2025-04-21,1.52,7.5,82.91,0.01,3.07,56.83,1011.31,11846.73,0.59,3.326,2900.0,0.003,PM2.5-1HR
957,SWE_SE0004A,2025-04-21,1.61,7.46,82.8,0.01,3.04,57.06,1011.33,2107.38,0.59,3.326,2900.0,0.027,PM2.5-1HR
957,SWE_SE0067A,2025-04-22,14.48,8.77,94.83,0.15,2,188.36,1014.08,11846.73,5.43,10.102,2900.0,0.003,PM2.5-1HR
957,SWE_SE0004A,2025-04-22,13.37,8.75,94.87,0.16,1.99,188.56,1014.08,2107.38,5.43,10.102,2900.0,0.027,PM2.5-1HR
957,SWE_SE274590,2025-04-22,17.98,8.77,94.82,0.15,2.01,188.28,1014.08,16388.5,5.43,10.102,2900.0,0.004,PM2.5-1HR
957,SWE_SE0067A,2025-04-23,5.41,8.93,84.5,0.01,2.06,310.71,1017.19,11846.73,2.21,5.594,2900.0,0.003,PM2.5-1HR
957,SWE_SE0004A,2025-04-23,4.45,8.93,84.34,0.01,2.04,310.58,1017.19,2107.38,2.21,5.594,2900.0,0.027,PM2.5-1HR
957,SWE_SE274590,2025-04-23,4.84,8.93,84.57,0.01,2.07,310.76,1017.19,16388.5,2.21,5.594,2900.0,0.004,PM2.5-1HR
957,SWE_SE0067A,2025-04-24,3.33,9.63,80.47,0,2.31,13.57,1019.53,11846.73,1.35,4.39,2900.0,0.003,PM2.5-1HR
957,SWE_SE0004A,2025-04-24,3.21,9.65,80.29,0,2.29,15.51,1019.53,2107.38,1.35,4.39,2900.0,0.027,PM2.5-1HR
957,SWE_SE274590,2025-04-24,3.22,9.63,80.54,0,2.31,12.66,1019.53,16388.5,1.35,4.39,2900.0,0.004,PM2.5-1HR
957,SWE_SE0067A,2025-04-25,2.56,7.88,61.68,0.05,3.55,47.84,1023.42,11846.73,1.7,4.88,2900.0,0.003,PM2.5-1HR
957,SWE_SE0004A,2025-04-25,1.97,7.83,61.62,0.05,3.52,47.94,1023.44,2107.38,1.7,4.88,2900.0,0.027,PM2.5-1HR
957,SWE_SE274590,2025-04-25,2.57,7.9,61.71,0.04,3.57,47.79,1023.41,16388.5,1.7,4.88,2900.0,0.004,PM2.5-1HR
957,SWE_SE0067A,2025-04-26,3.86,7.17,59.11,0,1.84,110.25,1027.17,11846.73,1.38,4.432,2900.0,0.003,PM2.5-1HR
957,SWE_SE0004A,2025-04-26,3.99,7.12,59.19,0,1.82,109.44,1027.17,2107.38,1.38,4.432,2900.0,0.027,PM2.5-1HR
957,SWE_SE274590,2025-04-26,3.92,7.19,59.08,0,1.86,110.6,1027.17,16388.5,1.38,4.432,2900.0,0.004,PM2.5-1HR
957,SWE_SE0067A,2025-04-27,7.2,8.89,72.48,0,4.2,196.86,1027.43,11846.73,4.39,8.646,2900.0,0.003,PM2.5-1HR
957,SWE_SE0004A,2025-04-27,9.13,8.85,72.36,0,4.14,196.85,1027.42,2107.38,4.39,8.646,2900.0,0.027,PM2.5-1HR
957,SWE_SE274590,2025-04-27,6.98,8.91,72.53,0,4.23,196.86,1027.43,16388.5,4.39,8.646,2900.0,0.004,PM2.5-1HR
957,SWE_SE0067A,2025-04-28,8.66,11.41,73.81,0,5.18,237.09,1022.13,11846.73,5.94,10.816,2900.0,0.003,PM2.5-1HR
957,SWE_SE0004A,2025-04-28,9.56,11.41,73.76,0,5.11,237.02,1022.11,2107.38,5.94,10.816,2900.0,0.027,PM2.5-1HR
957,SWE_SE274590,2025-04-28,8.85,11.42,73.82,0,5.21,237.12,1022.14,16388.5,5.94,10.816,2900.0,0.004,PM2.5-1HR
957,SWE_SE0067A,2025-04-29,7.15,11.73,67.47,0,3.85,281.8,1020.91,11846.73,3.29,7.106,2900.0,0.003,PM2.5-1HR
957,SWE_SE0004A,2025-04-29,5.78,11.75,67.19,0,3.77,281.55,1020.9,2107.38,3.29,7.106,2900.0,0.027,PM2.5-1HR
957,SWE_SE274590,2025-04-29,5.81,11.72,67.59,0,3.88,281.92,1020.92,16388.5,3.29,7.106,2900.0,0.004,PM2.5-1HR
957,SWE_SE0067A,2025-04-30,9.5,11.62,72.31,0,3.97,285.79,1020.02,11846.73,3.59,7.526,2900.0,0.003,PM2.5-1HR
957,SWE_SE0004A,2025-04-30,6.6,11.63,71.95,0,3.9,285.45,1020,2107.38,3.59,7.526,2900.0,0.027,PM2.5-1HR
957,SWE_SE274590,2025-04-30,8.63,11.61,72.47,0,4,285.95,1020.03,16388.5,3.59,7.526,2900.0,0.004,PM2.5-1HR
957,SWE_SE274590,2025-05-01,12.76,11.23,83.39,0,3.81,195.49,1018.15,16388.5,5.48,10.172,2900.0,0.004,PM2.5-1HR
957,SWE_SE0067A,2025-05-01,11.6,11.23,83.32,0,3.79,195.57,1018.15,11846.73,5.48,10.172,2900.0,0.003,PM2.5-1HR
957,SWE_SE0004A,2025-05-01,12.84,11.22,83.15,0,3.75,195.73,1018.14,2107.38,5.48,10.172,2900.0,0.027,PM2.5-1HR
957,SWE_SE274590,2025-05-02,12.41,11.11,78.14,0.14,6.39,252.14,1007.9,16388.5,4.09,8.226,2900.0,0.004,PM2.5-1HR
957,SWE_SE0067A,2025-05-02,11.9,11.11,78.13,0.14,6.35,252.03,1007.88,11846.73,4.09,8.226,2900.0,0.003,PM2.5-1HR
957,SWE_SE0004A,2025-05-02,11.64,11.1,78.11,0.15,6.27,251.79,1007.86,2107.38,4.09,8.226,2900.0,0.027,PM2.5-1HR
957,SWE_SE274590,2025-05-03,5.28,9.37,77.78,0.02,4.82,267.56,1003.88,16388.5,3.2,6.98,2900.0,0.004,PM2.5-1HR
957,SWE_SE0067A,2025-05-03,5.15,9.36,77.8,0.02,4.79,267.38,1003.88,11846.73,3.2,6.98,2900.0,0.003,PM2.5-1HR
957,SWE_SE0004A,2025-05-03,5.42,9.33,77.83,0.02,4.7,266.97,1003.85,2107.38,3.2,6.98,2900.0,0.027,PM2.5-1HR
957,SWE_SE274590,2025-05-04,2.49,7.07,60.91,0.04,4.95,16.9,1007.4,16388.5,1.09,4.026,2900.0,0.004,PM2.5-1HR
957,SWE_SE0067A,2025-05-04,2.57,7.04,60.97,0.04,4.92,16.95,1007.4,11846.73,1.09,4.026,2900.0,0.003,PM2.5-1HR
957,SWE_SE0004A,2025-05-04,1.96,6.98,61.11,0.04,4.86,17.05,1007.41,2107.38,1.09,4.026,2900.0,0.027,PM2.5-1HR
957,SWE_SE274590,2025-05-05,4.44,7.82,54.1,0,3.45,282.19,1016.98,16388.5,2.25,5.65,2900.0,0.004,PM2.5-1HR
957,SWE_SE0067A,2025-05-05,4.84,7.8,54.15,0,3.43,282.11,1016.98,11846.73,2.25,5.65,2900.0,0.003,PM2.5-1HR
957,SWE_SE0004A,2025-05-05,4.87,7.75,54.25,0,3.4,281.97,1016.97,2107.38,2.25,5.65,2900.0,0.027,PM2.5-1HR
957,SWE_SE274590,2025-05-06,5.14,9.61,57.65,0,3.36,343.29,1016.42,16388.5,1.97,5.258,2900.0,0.004,PM2.5-1HR
957,SWE_SE0067A,2025-05-06,5.03,9.59,57.62,0,3.33,343.49,1016.42,11846.73,1.97,5.258,2900.0,0.003,PM2.5-1HR
957,SWE_SE0004A,2025-05-06,4.39,9.56,57.55,0,3.27,343.96,1016.42,2107.38,1.97,5.258,2900.0,0.027,PM2.5-1HR
957,SWE_SE274590,2025-05-07,4.9,8.97,65.89,0,2.2,336.33,1022.26,16388.5,2.48,5.972,2900.0,0.004,PM2.5-1HR
957,SWE_SE0067A,2025-05-07,5.13,8.96,65.84,0,2.19,336.54,1022.26,11846.73,2.48,5.972,2900.0,0.003,PM2.5-1HR
957,SWE_SE0004A,2025-05-07,3.95,8.93,65.73,0,2.16,336.98,1022.25,2107.38,2.48,5.972,2900.0,0.027,PM2.5-1HR
957,SWE_SE274590,2025-05-08,5.87,9.97,64.98,0,2.1,337.17,1020.75,16388.5,3.24,7.036,2900.0,0.004,PM2.5-1HR
957,SWE_SE0067A,2025-05-08,7.07,9.96,64.91,0,2.09,337.51,1020.75,11846.73,3.24,7.036,2900.0,0.003,PM2.5-1HR
957,SWE_SE0004A,2025-05-08,5.3,9.95,64.75,0,2.09,338.33,1020.74,2107.38,3.24,7.036,2900.0,0.027,PM2.5-1HR
957,SWE_SE274590,2025-05-09,9.52,9.95,85.46,0,2.47,258.51,1018.05,16388.5,6.2,11.18,2900.0,0.004,PM2.5-1HR
957,SWE_SE0067A,2025-05-09,10.76,9.94,85.49,0,2.45,258.26,1018.05,11846.73,6.2,11.18,2900.0,0.003,PM2.5-1HR
957,SWE_SE0004A,2025-05-09,8.69,9.91,85.54,0,2.41,257.71,1018.04,2107.38,6.2,11.18,2900.0,0.027,PM2.5-1HR
957,SWE_SE274590,2025-05-10,8.23,11.47,84.63,0,2.18,169.26,1020.78,16388.5,5.65,10.41,2900.0,0.004,PM2.5-1HR
957,SWE_SE0067A,2025-05-10,8.57,11.48,84.53,0,2.16,169.3,1020.77,11846.73,5.65,10.41,2900.0,0.003,PM2.5-1HR
957,SWE_SE0004A,2025-05-10,9.27,11.5,84.32,0,2.13,169.41,1020.77,2107.38,5.65,10.41,2900.0,0.027,PM2.5-1HR
957,SWE_SE274590,2025-05-11,4.58,11.14,80.98,0,2.52,217.27,1022.14,16388.5,2.86,6.504,2900.0,0.004,PM2.5-1HR
957,SWE_SE0067A,2025-05-11,4.68,11.15,80.96,0,2.5,217.84,1022.14,11846.73,2.86,6.504,2900.0,0.003,PM2.5-1HR
957,SWE_SE0004A,2025-05-11,5.61,11.16,80.92,0,2.44,219.17,1022.14,2107.38,2.86,6.504,2900.0,0.027,PM2.5-1HR
957,SWE_SE274590,2025-05-12,4.51,12.04,71.9,0,2.98,266.63,1021.16,16388.5,3.25,7.05,2900.0,0.004,PM2.5-1HR
957,SWE_SE0067A,2025-05-12,4.83,12.04,71.83,0,2.97,266.65,1021.15,11846.73,3.25,7.05,2900.0,0.003,PM2.5-1HR
957,SWE_SE0004A,2025-05-12,4.64,12.02,71.66,0,2.95,266.72,1021.14,2107.38,3.25,7.05,2900.0,0.027,PM2.5-1HR
957,SWE_SE274590,2025-05-13,7.2,13.16,70.29,0,4.06,277.94,1017.36,16388.5,3.45,7.33,2900.0,0.004,PM2.5-1HR
957,SWE_SE0067A,2025-05-13,8.3,13.16,70.24,0,4.03,277.84,1017.35,11846.73,3.45,7.33,2900.0,0.003,PM2.5-1HR
957,SWE_SE0004A,2025-05-13,6.4,13.15,70.13,0,3.95,277.63,1017.33,2107.38,3.45,7.33,2900.0,0.027,PM2.5-1HR
957,SWE_SE274590,2025-05-14,6.63,10.85,55.26,0,4.74,7.17,1014.77,16388.5,3.27,7.078,2900.0,0.004,PM2.5-1HR
957,SWE_SE0067A,2025-05-14,8.31,10.83,55.21,0,4.72,7.32,1014.78,11846.73,3.27,7.078,2900.0,0.003,PM2.5-1HR
957,SWE_SE0004A,2025-05-14,5.72,10.78,55.08,0,4.67,7.65,1014.78,2107.38,3.27,7.078,2900.0,0.027,PM2.5-1HR
957,SWE_SE274590,2025-05-15,4.54,11.69,47.61,0,5.02,353.92,1018.2,16388.5,2.7,6.28,2900.0,0.004,PM2.5-1HR
957,SWE_SE0067A,2025-05-15,5.37,11.69,47.56,0,4.98,354.15,1018.2,11846.73,2.7,6.28,2900.0,0.003,PM2.5-1HR
957,SWE_SE0004A,2025-05-15,4.45,11.69,47.43,0,4.9,354.69,1018.2,2107.38,2.7,6.28,2900.0,0.027,PM2.5-1HR
957,SWE_SE0067A,2025-05-16,5.38,12.91,54.68,0,4.93,16.21,1018.45,11846.73,1.57,4.698,2900.0,0.003,PM2.5-1HR
957,SWE_SE274590,2025-05-16,4.39,12.92,54.7,0,4.95,16.04,1018.44,16388.5,1.57,4.698,2900.0,0.004,PM2.5-1HR
957,SWE_SE0004A,2025-05-16,2.93,12.89,54.62,0,4.89,16.59,1018.45,2107.38,1.57,4.698,2900.0,0.027,PM2.5-1HR
957,SWE_SE0067A,2025-05-17,4.9,12.92,60.07,0.02,4.88,30.62,1015.88,11846.73,2.6,6.14,2900.0,0.003,PM2.5-1HR
957,SWE_SE274590,2025-05-17,4.27,12.93,60.08,0.02,4.9,30.5,1015.87,16388.5,2.6,6.14,2900.0,0.004,PM2.5-1HR
957,SWE_SE0004A,2025-05-17,2.88,12.89,60.04,0.02,4.83,30.88,1015.89,2107.38,2.6,6.14,2900.0,0.027,PM2.5-1HR
957,SWE_SE0067A,2025-05-18,4.14,13.2,57.76,0,4.8,25.74,1016.09,11846.73,1.84,5.076,2900.0,0.003,PM2.5-1HR
957,SWE_SE274590,2025-05-18,3.42,13.21,57.77,0,4.82,25.64,1016.09,16388.5,1.84,5.076,2900.0,0.004,PM2.5-1HR
957,SWE_SE0004A,2025-05-18,2.55,13.17,57.75,0,4.76,25.97,1016.1,2107.38,1.84,5.076,2900.0,0.027,PM2.5-1HR
957,SWE_SE0067A,2025-05-19,4.29,14.79,44.79,0,3.99,347.91,1018.57,11846.73,1.77,4.978,2900.0,0.003,PM2.5-1HR
957,SWE_SE274590,2025-05-19,3.36,14.78,44.86,0,4.01,347.76,1018.57,16388.5,1.77,4.978,2900.0,0.004,PM2.5-1HR
957,SWE_SE0004A,2025-05-19,3.77,14.81,44.6,0,3.93,348.3,1018.57,2107.38,1.77,4.978,2900.0,0.027,PM2.5-1HR
957,SWE_SE0067A,2025-05-20,13.03,14.56,68.42,0,2.42,246.4,1011.08,11846.73,4.46,8.744,2900.0,0.003,PM2.5-1HR
957,SWE_SE274590,2025-05-20,12.37,14.55,68.51,0,2.44,246.75,1011.09,16388.5,4.46,8.744,2900.0,0.004,PM2.5-1HR
957,SWE_SE0004A,2025-05-20,10.82,14.57,68.22,0,2.38,245.62,1011.07,2107.38,4.46,8.744,2900.0,0.027,PM2.5-1HR
957,SWE_SE0067A,2025-05-21,7.88,9.79,82.46,0.07,2.53,17.7,1003.17,11846.73,1,3.9,2900.0,0.003,PM2.5-1HR
957,SWE_SE274590,2025-05-21,8.51,9.82,82.33,0.07,2.54,15.6,1003.17,16388.5,1,3.9,2900.0,0.004,PM2.5-1HR
957,SWE_SE0004A,2025-05-21,7.07,9.72,82.76,0.07,2.51,22.18,1003.17,2107.38,1,3.9,2900.0,0.027,PM2.5-1HR
957,SWE_SE0067A,2025-05-22,1.22,5.35,92.24,0.64,4.8,27.23,1002.82,11846.73,0.59,3.326,2900.0,0.003,PM2.5-1HR
957,SWE_SE274590,2025-05-22,1.52,5.38,92.09,0.64,4.84,27.23,1002.81,16388.5,0.59,3.326,2900.0,0.004,PM2.5-1HR
957,SWE_SE0004A,2025-05-22,1.05,5.29,92.6,0.64,4.7,27.21,1002.83,2107.38,0.59,3.326,2900.0,0.027,PM2.5-1HR
957,SWE_SE0067A,2025-05-23,1.7,6.13,85.16,0.09,3.23,304.1,1005.03,11846.73,0.25,2.85,2900.0,0.003,PM2.5-1HR
957,SWE_SE274590,2025-05-23,1.7,6.15,85.02,0.09,3.26,304.28,1005.04,16388.5,0.25,2.85,2900.0,0.004,PM2.5-1HR
957,SWE_SE0004A,2025-05-23,4.37,6.08,85.47,0.09,3.16,303.64,1005.02,2107.38,0.25,2.85,2900.0,0.027,PM2.5-1HR
957,SWE_SE0067A,2025-05-24,4.55,9.1,76.27,0.03,4.29,192.17,1009.15,11846.73,1.53,4.642,2900.0,0.003,PM2.5-1HR
957,SWE_SE0004A,2025-05-24,6.35,9.06,76.42,0.03,4.23,192,1009.15,2107.38,1.53,4.642,2900.0,0.027,PM2.5-1HR
957,SWE_SE274590,2025-05-24,4.24,9.12,76.2,0.04,4.31,192.24,1009.15,16388.5,1.53,4.642,2900.0,0.004,PM2.5-1HR
957,SWE_SE0067A,2025-05-25,4.4,10.89,89.05,0.48,5.48,162.74,1003.82,11846.73,1.51,4.614,2900.0,0.003,PM2.5-1HR
957,SWE_SE0004A,2025-05-25,5.27,10.85,89.07,0.47,5.38,162.44,1003.83,2107.38,1.51,4.614,2900.0,0.027,PM2.5-1HR
957,SWE_SE274590,2025-05-25,4.83,10.91,89.04,0.48,5.52,162.87,1003.82,16388.5,1.51,4.614,2900.0,0.004,PM2.5-1HR
957,SWE_SE0067A,2025-05-26,6.73,12.21,80.48,0.18,5.01,233.59,1007.35,11846.73,3.36,7.204,2900.0,0.003,PM2.5-1HR
957,SWE_SE0004A,2025-05-26,7.57,12.2,80.44,0.19,4.95,233.66,1007.33,2107.38,3.36,7.204,2900.0,0.027,PM2.5-1HR
957,SWE_SE274590,2025-05-26,7.33,12.22,80.49,0.17,5.03,233.57,1007.36,16388.5,3.36,7.204,2900.0,0.004,PM2.5-1HR
957,SWE_SE0067A,2025-05-27,5.83,11.42,84.69,0.51,5.75,207.35,1008.05,11846.73,4.39,8.646,2900.0,0.003,PM2.5-1HR
957,SWE_SE0004A,2025-05-27,7.01,11.38,84.81,0.51,5.64,207.03,1008.05,2107.38,4.39,8.646,2900.0,0.027,PM2.5-1HR
957,SWE_SE274590,2025-05-27,6.48,11.44,84.63,0.5,5.79,207.49,1008.06,16388.5,4.39,8.646,2900.0,0.004,PM2.5-1HR
957,SWE_SE0004A,2025-05-28,6.89,12,74.41,0.01,3.19,263.86,1008.82,2107.38,4.33,8.562,2900.0,0.027,PM2.5-1HR
957,SWE_SE0067A,2025-05-28,5.73,12.01,74.46,0.01,3.23,264.33,1008.83,11846.73,4.33,8.562,2900.0,0.003,PM2.5-1HR
957,SWE_SE274590,2025-05-28,6.46,12.02,74.47,0.01,3.25,264.55,1008.83,16388.5,4.33,8.562,2900.0,0.004,PM2.5-1HR
957,SWE_SE0004A,2025-05-29,5.99,12.11,72.39,0,4.31,256.81,1013.88,2107.38,3.04,6.756,2900.0,0.027,PM2.5-1HR
957,SWE_SE0067A,2025-05-29,4.36,12.13,72.48,0,4.38,257.09,1013.9,11846.73,3.04,6.756,2900.0,0.003,PM2.5-1HR
957,SWE_SE274590,2025-05-29,4.61,12.13,72.52,0,4.41,257.21,1013.9,16388.5,3.04,6.756,2900.0,0.004,PM2.5-1HR
957,SWE_SE0004A,2025-05-30,5.17,12.87,82.68,0.08,6.22,235.83,1008.82,2107.38,1.6,4.74,2900.0,0.027,PM2.5-1HR
957,SWE_SE0067A,2025-05-30,5,12.88,82.68,0.08,6.31,236.05,1008.84,11846.73,1.6,4.74,2900.0,0.003,PM2.5-1HR
957,SWE_SE274590,2025-05-30,5.53,12.89,82.68,0.08,6.34,236.15,1008.85,16388.5,1.6,4.74,2900.0,0.004,PM2.5-1HR
957,SWE_SE274590,2025-05-31,4.8,12.37,75.34,0,3.59,259.71,1013.97,16388.5,2.69,6.266,2900.0,0.004,PM2.5-1HR
957,SWE_SE0004A,2025-05-31,5.98,12.36,75.19,0,3.49,259.14,1013.94,2107.38,2.69,6.266,2900.0,0.027,PM2.5-1HR
957,SWE_SE0067A,2025-05-31,4.52,12.36,75.29,0,3.56,259.54,1013.96,11846.73,2.69,6.266,2900.0,0.003,PM2.5-1HR
957,SWE_SE0004A,2025-06-01,6.72,12.67,91.59,0.55,4,182.58,1009.85,2107.38,3.34,7.176,2900.0,0.027,PM2.5-1HR
957,SWE_SE274590,2025-06-01,6.61,12.73,91.49,0.55,4.09,182.37,1009.85,16388.5,3.34,7.176,2900.0,0.004,PM2.5-1HR
957,SWE_SE0067A,2025-06-01,5.8,12.72,91.52,0.55,4.06,182.44,1009.85,11846.73,3.34,7.176,2900.0,0.003,PM2.5-1HR
957,SWE_SE0004A,2025-06-02,6.96,12.64,80.21,0.02,5.3,246.96,1007.62,2107.38,4.99,9.486,2900.0,0.027,PM2.5-1HR
957,SWE_SE274590,2025-06-02,7.28,12.66,80.17,0.02,5.39,247.17,1007.65,16388.5,4.99,9.486,2900.0,0.004,PM2.5-1HR
957,SWE_SE0067A,2025-06-02,6.75,12.66,80.18,0.02,5.37,247.1,1007.64,11846.73,4.99,9.486,2900.0,0.003,PM2.5-1HR
957,SWE_SE274590,2025-06-03,5.72,12.27,68.8,0,5.29,213.58,1009.98,16388.5,4.28,8.492,2900.0,0.004,PM2.5-1HR
957,SWE_SE0067A,2025-06-03,5.63,12.27,68.77,0,5.25,213.6,1009.97,11846.73,4.28,8.492,2900.0,0.003,PM2.5-1HR
957,SWE_SE0004A,2025-06-03,6.66,12.25,68.69,0,5.16,213.64,1009.96,2107.38,4.28,8.492,2900.0,0.027,PM2.5-1HR
957,SWE_SE274590,2025-06-04,7.48,14.36,81.99,0.33,5.6,200.4,1003.56,16388.5,4.74,9.136,2900.0,0.004,PM2.5-1HR
957,SWE_SE0067A,2025-06-04,6.47,14.36,81.97,0.33,5.57,200.42,1003.56,11846.73,4.74,9.136,2900.0,0.003,PM2.5-1HR
957,SWE_SE0004A,2025-06-04,8.09,14.35,81.93,0.34,5.49,200.46,1003.56,2107.38,4.74,9.136,2900.0,0.027,PM2.5-1HR
957,SWE_SE274590,2025-06-05,6.01,13.09,73.57,0.05,4.67,208.51,1005.57,16388.5,3.41,7.274,2900.0,0.004,PM2.5-1HR
957,SWE_SE0067A,2025-06-05,5.6,13.08,73.55,0.05,4.63,208.5,1005.57,11846.73,3.41,7.274,2900.0,0.003,PM2.5-1HR
957,SWE_SE0004A,2025-06-05,7.48,13.06,73.52,0.05,4.56,208.48,1005.56,2107.38,3.41,7.274,2900.0,0.027,PM2.5-1HR
957,SWE_SE274590,2025-06-06,3.81,13.07,89.83,0.7,5.44,190.83,999,16388.5,1.79,5.006,2900.0,0.004,PM2.5-1HR
957,SWE_SE0067A,2025-06-06,3.49,13.06,89.89,0.7,5.4,190.68,999,11846.73,1.79,5.006,2900.0,0.003,PM2.5-1HR
957,SWE_SE0004A,2025-06-06,3.91,13.04,90.04,0.71,5.32,190.34,999,2107.38,1.79,5.006,2900.0,0.027,PM2.5-1HR
957,SWE_SE274590,2025-06-07,4.51,12.3,73.88,0.01,5.56,238.61,1003.12,16388.5,3.53,7.442,2900.0,0.004,PM2.5-1HR
957,SWE_SE0067A,2025-06-07,4.77,12.29,73.85,0.01,5.53,238.68,1003.11,11846.73,3.53,7.442,2900.0,0.003,PM2.5-1HR
957,SWE_SE0004A,2025-06-07,6.23,12.26,73.78,0.01,5.47,238.82,1003.09,2107.38,3.53,7.442,2900.0,0.027,PM2.5-1HR
957,SWE_SE274590,2025-06-08,3.66,11.92,82.62,0.24,2.29,237.29,1004.06,16388.5,1.81,5.034,2900.0,0.004,PM2.5-1HR
957,SWE_SE0067A,2025-06-08,3.45,11.9,82.64,0.24,2.28,237.15,1004.06,11846.73,1.81,5.034,2900.0,0.003,PM2.5-1HR
957,SWE_SE0004A,2025-06-08,4.99,11.85,82.71,0.25,2.25,236.83,1004.05,2107.38,1.81,5.034,2900.0,0.027,PM2.5-1HR
957,SWE_SE274590,2025-06-09,4.82,12.03,68.2,0.02,6.12,270.45,1010.47,16388.5,2.99,6.686,2900.0,0.004,PM2.5-1HR
957,SWE_SE0067A,2025-06-09,4.53,12.03,68.21,0.02,6.08,270.27,1010.46,11846.73,2.99,6.686,2900.0,0.003,PM2.5-1HR
957,SWE_SE0004A,2025-06-09,5.11,12,68.23,0.02,5.96,269.86,1010.43,2107.38,2.99,6.686,2900.0,0.027,PM2.5-1HR
957,SWE_SE274590,2025-06-10,15.21,11.44,90.04,0.49,2.92,215.79,1009.59,16388.5,4.79,9.206,2900.0,0.004,PM2.5-1HR
957,SWE_SE0067A,2025-06-10,14.56,11.42,90.12,0.49,2.9,215.73,1009.59,11846.73,4.79,9.206,2900.0,0.003,PM2.5-1HR
957,SWE_SE0004A,2025-06-10,14.5,11.38,90.31,0.49,2.83,215.57,1009.59,2107.38,4.79,9.206,2900.0,0.027,PM2.5-1HR
957,SWE_SE274590,2025-06-11,8.05,13.07,76.18,0.02,4.35,302.64,1014.21,16388.5,3.13,6.882,2900.0,0.004,PM2.5-1HR
957,SWE_SE0067A,2025-06-11,7.88,13.06,76.15,0.02,4.32,302.59,1014.2,11846.73,3.13,6.882,2900.0,0.003,PM2.5-1HR
957,SWE_SE0004A,2025-06-11,8.52,13.04,76.06,0.02,4.25,302.49,1014.19,2107.38,3.13,6.882,2900.0,0.027,PM2.5-1HR
957,SWE_SE274590,2025-06-12,5.69,14.57,68.53,0,1.83,252.88,1024.66,16388.5,1.68,4.852,2900.0,0.004,PM2.5-1HR
957,SWE_SE0067A,2025-06-12,4.45,14.57,68.41,0,1.83,252.79,1024.65,11846.73,1.68,4.852,2900.0,0.003,PM2.5-1HR
957,SWE_SE0004A,2025-06-12,4.5,14.57,68.12,0,1.81,252.61,1024.65,2107.38,1.68,4.852,2900.0,0.027,PM2.5-1HR
957,SWE_SE274590,2025-06-13,3.09,15.69,59.42,0,2.69,166.54,1028.94,16388.5,2.3,5.72,2900.0,0.004,PM2.5-1HR
957,SWE_SE0067A,2025-06-13,3.3,15.69,59.32,0,2.68,166.56,1028.94,11846.73,2.3,5.72,2900.0,0.003,PM2.5-1HR
957,SWE_SE0004A,2025-06-13,4.7,15.71,59.09,0,2.65,166.64,1028.94,2107.38,2.3,5.72,2900.0,0.027,PM2.5-1HR
957,SWE_SE274590,2025-06-14,4.01,17.31,57.93,0,2.93,144.83,1024.75,16388.5,1.9,5.16,2900.0,0.004,PM2.5-1HR
957,SWE_SE0067A,2025-06-14,4.67,17.32,57.86,0,2.9,144.91,1024.75,11846.73,1.9,5.16,2900.0,0.003,PM2.5-1HR
957,SWE_SE0004A,2025-06-14,5.71,17.34,57.7,0,2.84,145.08,1024.75,2107.38,1.9,5.16,2900.0,0.027,PM2.5-1HR
957,SWE_SE274590,2025-06-15,7.06,16.83,68.88,0.21,3.1,186.7,1017.18,16388.5,4.03,8.142,2900.0,0.004,PM2.5-1HR
957,SWE_SE0067A,2025-06-15,6.54,16.84,68.77,0.21,3.08,186.76,1017.18,11846.73,4.03,8.142,2900.0,0.003,PM2.5-1HR
957,SWE_SE0004A,2025-06-15,6.72,16.87,68.53,0.21,3.03,186.9,1017.18,2107.38,4.03,8.142,2900.0,0.027,PM2.5-1HR
957,SWE_SE0004A,2025-06-16,8.46,15.07,82.9,0.03,6.05,265.88,1016.36,2107.38,4.09,8.226,2900.0,0.027,PM2.5-1HR
957,SWE_SE274590,2025-06-16,9.94,15.08,82.86,0.03,6.18,266.33,1016.39,16388.5,4.09,8.226,2900.0,0.004,PM2.5-1HR
957,SWE_SE0067A,2025-06-16,8.62,15.08,82.87,0.03,6.15,266.19,1016.38,11846.73,4.09,8.226,2900.0,0.003,PM2.5-1HR
957,SWE_SE0004A,2025-06-17,11.26,15.99,79.2,0.01,5.86,257.47,1017.95,2107.38,9.74,16.136,2900.0,0.027,PM2.5-1HR
957,SWE_SE274590,2025-06-17,12.61,16,79.33,0.01,5.94,257.54,1017.98,16388.5,9.74,16.136,2900.0,0.004,PM2.5-1HR
957,SWE_SE0067A,2025-06-17,11.29,16,79.29,0.01,5.91,257.52,1017.97,11846.73,9.74,16.136,2900.0,0.003,PM2.5-1HR
957,SWE_SE274590,2025-06-18,8.44,15.15,73.18,0,6.08,271.03,1014.92,16388.5,5.25,9.85,2900.0,0.004,PM2.5-1HR
957,SWE_SE0067A,2025-06-18,7.8,15.15,73.12,0,6.04,270.9,1014.91,11846.73,5.25,9.85,2900.0,0.003,PM2.5-1HR
957,SWE_SE0004A,2025-06-18,7.61,15.16,72.98,0,5.94,270.62,1014.88,2107.38,5.25,9.85,2900.0,0.027,PM2.5-1HR
957,SWE_SE274590,2025-06-19,4.74,14.77,63.36,0,5.76,290.58,1017.57,16388.5,1.65,4.81,2900.0,0.004,PM2.5-1HR
957,SWE_SE0067A,2025-06-19,5.04,14.77,63.31,0,5.71,290.51,1017.56,11846.73,1.65,4.81,2900.0,0.003,PM2.5-1HR
957,SWE_SE0004A,2025-06-19,5.37,14.77,63.2,0,5.61,290.36,1017.53,2107.38,1.65,4.81,2900.0,0.027,PM2.5-1HR
957,SWE_SE274590,2025-06-20,5.24,15.14,71.28,0,2.9,262.55,1022.57,16388.5,2.44,5.916,2900.0,0.004,PM2.5-1HR
957,SWE_SE0067A,2025-06-20,4.96,15.13,71.22,0,2.89,262.02,1022.56,11846.73,2.44,5.916,2900.0,0.003,PM2.5-1HR
957,SWE_SE0004A,2025-06-20,5.29,15.12,71.09,0,2.87,260.89,1022.54,2107.38,2.44,5.916,2900.0,0.027,PM2.5-1HR
957,SWE_SE274590,2025-06-21,7.82,15.47,77.14,0,4.69,267.61,1018.52,16388.5,4.96,9.444,2900.0,0.004,PM2.5-1HR
957,SWE_SE0067A,2025-06-21,7.06,15.46,77.15,0,4.67,267.44,1018.51,11846.73,4.96,9.444,2900.0,0.003,PM2.5-1HR
957,SWE_SE0004A,2025-06-21,7.14,15.45,77.16,0,4.62,267.09,1018.5,2107.38,4.96,9.444,2900.0,0.027,PM2.5-1HR
957,SWE_SE274590,2025-06-22,5.75,17.36,70.56,0.06,4.24,157.51,1014.37,16388.5,4.08,8.212,2900.0,0.004,PM2.5-1HR
957,SWE_SE0067A,2025-06-22,5.55,17.35,70.53,0.06,4.22,157.49,1014.37,11846.73,4.08,8.212,2900.0,0.003,PM2.5-1HR
957,SWE_SE0004A,2025-06-22,7.29,17.33,70.46,0.06,4.16,157.45,1014.37,2107.38,4.08,8.212,2900.0,0.027,PM2.5-1HR
957,SWE_SE274590,2025-06-23,8.23,15.09,84.77,0.62,5.36,225.15,999.2,16388.5,3.94,8.016,2900.0,0.004,PM2.5-1HR
957,SWE_SE0067A,2025-06-23,7.18,15.08,84.8,0.63,5.32,225.1,999.2,11846.73,3.94,8.016,2900.0,0.003,PM2.5-1HR
957,SWE_SE0004A,2025-06-23,7.81,15.06,84.85,0.65,5.23,224.99,999.18,2107.38,3.94,8.016,2900.0,0.027,PM2.5-1HR
957,SWE_SE274590,2025-06-24,7.08,14.1,78.39,0.06,8.25,261.6,996.93,16388.5,3.82,7.848,2900.0,0.004,PM2.5-1HR
957,SWE_SE0067A,2025-06-24,6.43,14.09,78.39,0.06,8.2,261.51,996.91,11846.73,3.82,7.848,2900.0,0.003,PM2.5-1HR
957,SWE_SE0004A,2025-06-24,6.48,14.08,78.38,0.06,8.08,261.31,996.88,2107.38,3.82,7.848,2900.0,0.027,PM2.5-1HR
957,SWE_SE274590,2025-06-25,5.89,15.24,77.1,0.01,4.86,273.53,1002.84,16388.5,3.23,7.022,2900.0,0.004,PM2.5-1HR
957,SWE_SE0067A,2025-06-25,5.19,15.24,77.07,0.01,4.82,273.4,1002.83,11846.73,3.23,7.022,2900.0,0.003,PM2.5-1HR
957,SWE_SE0004A,2025-06-25,6.09,15.24,77.01,0.01,4.73,273.12,1002.81,2107.38,3.23,7.022,2900.0,0.027,PM2.5-1HR
957,SWE_SE274590,2025-06-26,5.44,14.69,77.73,0.1,3.03,219.66,1010.25,16388.5,2.71,6.294,2900.0,0.004,PM2.5-1HR
957,SWE_SE0067A,2025-06-26,5.17,14.69,77.69,0.1,3.02,219.67,1010.24,11846.73,2.71,6.294,2900.0,0.003,PM2.5-1HR
957,SWE_SE0004A,2025-06-26,6.32,14.69,77.6,0.09,2.98,219.7,1010.23,2107.38,2.71,6.294,2900.0,0.027,PM2.5-1HR
957,SWE_SE274590,2025-06-27,7.82,15.45,81.79,0.21,6.13,246.25,1009.63,16388.5,2.56,6.084,2900.0,0.004,PM2.5-1HR
957,SWE_SE0067A,2025-06-27,6.85,15.44,81.8,0.21,6.1,246.07,1009.62,11846.73,2.56,6.084,2900.0,0.003,PM2.5-1HR
957,SWE_SE0004A,2025-06-27,7.43,15.43,81.83,0.21,6.03,245.66,1009.6,2107.38,2.56,6.084,2900.0,0.027,PM2.5-1HR
957,SWE_SE274590,2025-06-28,9.5,16.16,91.08,0.1,5.7,239.72,1012.78,16388.5,2.15,5.51,2900.0,0.004,PM2.5-1HR
957,SWE_SE0067A,2025-06-28,7.52,16.14,91.15,0.1,5.66,239.64,1012.77,11846.73,2.15,5.51,2900.0,0.003,PM2.5-1HR
957,SWE_SE0004A,2025-06-28,8.15,16.12,91.3,0.1,5.59,239.45,1012.75,2107.38,2.15,5.51,2900.0,0.027,PM2.5-1HR
957,SWE_SE274590,2025-06-29,14.94,15.66,74.46,0,8.66,267.07,1013.01,16388.5,9.45,15.73,2900.0,0.004,PM2.5-1HR
957,SWE_SE0067A,2025-06-29,12.88,15.66,74.43,0,8.62,267.01,1013,11846.73,9.45,15.73,2900.0,0.003,PM2.5-1HR
957,SWE_SE0004A,2025-06-29,13.41,15.66,74.35,0,8.52,266.88,1012.96,2107.38,9.45,15.73,2900.0,0.027,PM2.5-1HR
957,SWE_SE274590,2025-06-30,5.42,16.24,66.37,0,3.83,289.97,1019.05,16388.5,3.05,6.77,2900.0,0.004,PM2.5-1HR
957,SWE_SE0067A,2025-06-30,5.49,16.24,66.27,0,3.79,289.86,1019.05,11846.73,3.05,6.77,2900.0,0.003,PM2.5-1HR
957,SWE_SE0004A,2025-06-30,6.05,16.26,66.04,0,3.71,289.64,1019.03,2107.38,3.05,6.77,2900.0,0.027,PM2.5-1HR
957,SWE_SE274590,2025-07-01,10.25,17.73,67.07,0,2.9,199.27,1018.44,16388.5,5.03,9.542,2900.0,0.004,PM2.5-1HR
957,SWE_SE0067A,2025-07-01,9.83,17.74,66.97,0,2.88,199.49,1018.43,11846.73,5.03,9.542,2900.0,0.003,PM2.5-1HR
957,SWE_SE0004A,2025-07-01,11.09,17.75,66.74,0,2.83,199.96,1018.43,2107.38,5.03,9.542,2900.0,0.027,PM2.5-1HR
957,SWE_SE274590,2025-07-02,8.37,19.27,74.21,0.1,2.84,200.14,1013.07,16388.5,5.33,9.962,2900.0,0.004,PM2.5-1HR
957,SWE_SE0067A,2025-07-02,7.4,19.29,74.08,0.1,2.83,200.24,1013.07,11846.73,5.33,9.962,2900.0,0.003,PM2.5-1HR
957,SWE_SE0004A,2025-07-02,8.01,19.33,73.79,0.1,2.79,200.44,1013.07,2107.38,5.33,9.962,2900.0,0.027,PM2.5-1HR
957,SWE_SE274590,2025-07-03,7.28,16.05,76.39,0.14,5.94,259.17,1012.9,16388.5,3.1,6.84,2900.0,0.004,PM2.5-1HR
957,SWE_SE0067A,2025-07-03,6.55,16.05,76.4,0.14,5.89,259.02,1012.89,11846.73,3.1,6.84,2900.0,0.003,PM2.5-1HR
957,SWE_SE0004A,2025-07-03,7.51,16.05,76.41,0.14,5.79,258.68,1012.86,2107.38,3.1,6.84,2900.0,0.027,PM2.5-1HR
957,SWE_SE274590,2025-07-04,4.84,13.77,81.76,0.78,5.43,249.92,1018.83,16388.5,3.46,7.344,2900.0,0.004,PM2.5-1HR
957,SWE_SE0067A,2025-07-04,4.77,13.76,81.86,0.8,5.39,249.84,1018.82,11846.73,3.46,7.344,2900.0,0.003,PM2.5-1HR
957,SWE_SE0004A,2025-07-04,6.69,13.71,82.08,0.84,5.29,249.64,1018.8,2107.38,3.46,7.344,2900.0,0.027,PM2.5-1HR
957,SWE_SE274590,2025-07-05,4.88,14.63,93.66,0.58,5.87,223.16,1006.53,16388.5,2.64,6.196,2900.0,0.004,PM2.5-1HR
957,SWE_SE0067A,2025-07-05,4.34,14.61,93.8,0.58,5.82,223.07,1006.53,11846.73,2.64,6.196,2900.0,0.003,PM2.5-1HR
957,SWE_SE0004A,2025-07-05,5.29,14.56,94.13,0.58,5.7,222.87,1006.51,2107.38,2.64,6.196,2900.0,0.027,PM2.5-1HR
957,SWE_SE274590,2025-07-06,5.75,16.06,88.62,0.77,4.03,234.29,1001.52,16388.5,3.1,6.84,2900.0,0.004,PM2.5-1HR
957,SWE_SE0067A,2025-07-06,4.74,16.05,88.65,0.78,4,234.31,1001.51,11846.73,3.1,6.84,2900.0,0.003,PM2.5-1HR
957,SWE_SE0004A,2025-07-06,6.44,16.03,88.72,0.81,3.94,234.35,1001.5,2107.38,3.1,6.84,2900.0,0.027,PM2.5-1HR
957,SWE_SE274590,2025-07-07,3.79,14.91,91.84,0.32,1.37,329.71,1000.19,16388.5,1.71,4.894,2900.0,0.004,PM2.5-1HR
957,SWE_SE0067A,2025-07-07,3.14,14.9,91.92,0.32,1.36,330.19,1000.19,11846.73,1.71,4.894,2900.0,0.003,PM2.5-1HR
957,SWE_SE0004A,2025-07-07,3.18,14.88,92.11,0.33,1.34,331.25,1000.19,2107.38,1.71,4.894,2900.0,0.027,PM2.5-1HR
957,SWE_SE274590,2025-07-08,2.38,13.91,86.91,0.07,3.35,17.36,1005.53,16388.5,0.92,3.788,2900.0,0.004,PM2.5-1HR
957,SWE_SE0067A,2025-07-08,2.38,13.88,87.03,0.07,3.33,17.44,1005.53,11846.73,0.92,3.788,2900.0,0.003,PM2.5-1HR
957,SWE_SE0004A,2025-07-08,2.25,13.83,87.3,0.07,3.29,17.62,1005.53,2107.38,0.92,3.788,2900.0,0.027,PM2.5-1HR
957,SWE_SE274590,2025-07-09,7.02,15.76,80.81,0.01,1.88,322.58,1014.66,16388.5,3.14,6.896,2900.0,0.004,PM2.5-1HR
957,SWE_SE0067A,2025-07-09,6.31,15.74,80.83,0.01,1.88,322.62,1014.66,11846.73,3.14,6.896,2900.0,0.003,PM2.5-1HR
957,SWE_SE0004A,2025-07-09,7.15,15.7,80.87,0.01,1.86,322.86,1014.66,2107.38,3.14,6.896,2900.0,0.027,PM2.5-1HR
957,SWE_SE274590,2025-07-10,7.61,16.5,78.45,0,2.05,274.26,1018.51,16388.5,5.32,9.948,2900.0,0.004,PM2.5-1HR
957,SWE_SE0067A,2025-07-10,6.93,16.5,78.42,0,2.04,273.9,1018.51,11846.73,5.32,9.948,2900.0,0.003,PM2.5-1HR
957,SWE_SE0004A,2025-07-10,7.49,16.48,78.35,0,2,273.13,1018.5,2107.38,5.32,9.948,2900.0,0.027,PM2.5-1HR
957,SWE_SE274590,2025-07-11,6.14,18.27,66.06,0,3.61,1.27,1016.98,16388.5,4.61,8.954,2900.0,0.004,PM2.5-1HR
957,SWE_SE0067A,2025-07-11,6.09,18.26,66,0,3.59,1.65,1016.98,11846.73,4.61,8.954,2900.0,0.003,PM2.5-1HR
957,SWE_SE0004A,2025-07-11,5.34,18.25,65.88,0,3.56,2.5,1016.99,2107.38,4.61,8.954,2900.0,0.027,PM2.5-1HR
957,SWE_SE274590,2025-07-12,8.75,19.47,66.89,0.04,5.15,44.57,1014.81,16388.5,5.63,10.382,2900.0,0.004,PM2.5-1HR
957,SWE_SE0067A,2025-07-12,8.17,19.47,66.85,0.04,5.14,44.62,1014.81,11846.73,5.63,10.382,2900.0,0.003,PM2.5-1HR
957,SWE_SE0004A,2025-07-12,7.49,19.46,66.74,0.04,5.1,44.73,1014.83,2107.38,5.63,10.382,2900.0,0.027,PM2.5-1HR
957,SWE_SE274590,2025-07-13,5.79,19.71,70.48,0.04,3.94,69.22,1016.26,16388.5,4.8,9.22,2900.0,0.004,PM2.5-1HR
957,SWE_SE0067A,2025-07-13,5.54,19.72,70.44,0.04,3.93,69.27,1016.27,11846.73,4.8,9.22,2900.0,0.003,PM2.5-1HR
957,SWE_SE0004A,2025-07-13,5.39,19.73,70.35,0.04,3.9,69.39,1016.29,2107.38,4.8,9.22,2900.0,0.027,PM2.5-1HR
957,SWE_SE274590,2025-07-14,7.25,20.53,67.11,0,2.3,55.26,1014.38,16388.5,5.46,10.144,2900.0,0.004,PM2.5-1HR
957,SWE_SE0067A,2025-07-14,6.77,20.53,67.07,0,2.28,55.25,1014.38,11846.73,5.46,10.144,2900.0,0.003,PM2.5-1HR
957,SWE_SE0004A,2025-07-14,6.72,20.54,66.97,0,2.24,55.3,1014.39,2107.38,5.46,10.144,2900.0,0.027,PM2.5-1HR
957,SWE_SE274590,2025-07-15,9.41,19.25,84.59,0.61,1.57,127.7,1012.47,16388.5,5.18,9.752,2900.0,0.004,PM2.5-1HR
957,SWE_SE0067A,2025-07-15,8.11,19.25,84.55,0.62,1.56,127.42,1012.47,11846.73,5.18,9.752,2900.0,0.003,PM2.5-1HR
957,SWE_SE0004A,2025-07-15,8.96,19.26,84.47,0.64,1.54,126.81,1012.48,2107.38,5.18,9.752,2900.0,0.027,PM2.5-1HR
957,SWE_SE274590,2025-07-16,11.1,18.4,92.54,0.73,1.75,26.47,1009.46,16388.5,7.8,13.42,2900.0,0.004,PM2.5-1HR
957,SWE_SE0067A,2025-07-16,9.59,18.4,92.51,0.74,1.74,26.37,1009.47,11846.73,7.8,13.42,2900.0,0.003,PM2.5-1HR
957,SWE_SE0004A,2025-07-16,9.38,18.41,92.46,0.75,1.72,26.11,1009.47,2107.38,7.8,13.42,2900.0,0.027,PM2.5-1HR
957,SWE_SE274590,2025-07-17,10.35,22.06,72.06,0,3.31,36.64,1011.9,16388.5,8.05,13.77,2900.0,0.004,PM2.5-1HR
957,SWE_SE0067A,2025-07-17,9.84,22.06,71.98,0,3.31,36.82,1011.91,11846.73,8.05,13.77,2900.0,0.003,PM2.5-1HR
957,SWE_SE0004A,2025-07-17,8.74,22.07,71.81,0,3.29,37.23,1011.92,2107.38,8.05,13.77,2900.0,0.027,PM2.5-1HR
957,SWE_SE274590,2025-07-18,11.18,22.15,68.16,0,1.81,39.08,1014.05,16388.5,8.31,14.134,2900.0,0.004,PM2.5-1HR
957,SWE_SE0067A,2025-07-18,10.58,22.16,67.97,0,1.8,40.06,1014.05,11846.73,8.31,14.134,2900.0,0.003,PM2.5-1HR
957,SWE_SE0004A,2025-07-18,10.99,22.19,67.56,0,1.79,41.4,1014.05,2107.38,8.31,14.134,2900.0,0.027,PM2.5-1HR
957,SWE_SE0004A,2025-07-19,13.53,22.33,72.35,0,1.17,34.53,1012.5,2107.38,10.34,16.976,2900.0,0.027,PM2.5-1HR
957,SWE_SE274590,2025-07-19,14.01,22.31,72.84,0,1.17,27.15,1012.49,16388.5,10.34,16.976,2900.0,0.004,PM2.5-1HR
957,SWE_SE0067A,2025-07-19,13.42,22.32,72.69,0,1.17,29.24,1012.5,11846.73,10.34,16.976,2900.0,0.003,PM2.5-1HR
957,SWE_SE0004A,2025-07-20,15.59,22.54,72.88,0.01,1.02,197.99,1009.5,2107.38,9.67,16.038,2900.0,0.027,PM2.5-1HR
957,SWE_SE274590,2025-07-20,16.51,22.56,73.12,0.01,1.02,199.11,1009.5,16388.5,9.67,16.038,2900.0,0.004,PM2.5-1HR
957,SWE_SE0067A,2025-07-20,15.71,22.55,73.05,0.01,1.02,198.8,1009.5,11846.73,9.67,16.038,2900.0,0.003,PM2.5-1HR
957,SWE_SE0004A,2025-07-21,11.17,21.66,72.47,0,2.23,133.1,1007,2107.38,8.46,14.344,2900.0,0.027,PM2.5-1HR
957,SWE_SE274590,2025-07-21,11.72,21.68,72.5,0,2.26,133.84,1006.99,16388.5,8.46,14.344,2900.0,0.004,PM2.5-1HR
957,SWE_SE0067A,2025-07-21,11.25,21.67,72.5,0,2.25,133.61,1007,11846.73,8.46,14.344,2900.0,0.003,PM2.5-1HR
957,SWE_SE0004A,2025-07-22,9.21,21.93,74.49,0.11,3.17,66.12,1004.36,2107.38,7.98,13.672,2900.0,0.027,PM2.5-1HR
957,SWE_SE274590,2025-07-22,9.56,21.93,74.77,0.12,3.19,65.47,1004.35,16388.5,7.98,13.672,2900.0,0.004,PM2.5-1HR
957,SWE_SE0067A,2025-07-22,9.68,21.93,74.68,0.12,3.19,65.67,1004.35,11846.73,7.98,13.672,2900.0,0.003,PM2.5-1HR
957,SWE_SE0004A,2025-07-23,8.28,21.67,76.09,0.12,3.44,57.03,1005.89,2107.38,5.69,10.466,2900.0,0.027,PM2.5-1HR
957,SWE_SE274590,2025-07-23,9.32,21.66,76.31,0.12,3.46,57.14,1005.87,16388.5,5.69,10.466,2900.0,0.004,PM2.5-1HR
957,SWE_SE0067A,2025-07-23,9.1,21.67,76.24,0.12,3.45,57.11,1005.88,11846.73,5.69,10.466,2900.0,0.003,PM2.5-1HR
957,SWE_SE274590,2025-07-24,12.32,21.63,79.43,0.16,2.41,8.33,1009.59,16388.5,10.19,16.766,2900.0,0.004,PM2.5-1HR
957,SWE_SE0067A,2025-07-24,12.43,21.64,79.35,0.16,2.4,8.6,1009.59,11846.73,10.19,16.766,2900.0,0.003,PM2.5-1HR
957,SWE_SE0004A,2025-07-24,12.84,21.65,79.15,0.14,2.37,9.24,1009.59,2107.38,10.19,16.766,2900.0,0.027,PM2.5-1HR
957,SWE_SE274590,2025-07-25,10.75,20.82,79.17,0,3.33,275.04,1010.31,16388.5,5.99,10.886,2900.0,0.004,PM2.5-1HR
957,SWE_SE0067A,2025-07-25,10.48,20.81,79.14,0,3.3,275.02,1010.31,11846.73,5.99,10.886,2900.0,0.003,PM2.5-1HR
957,SWE_SE0004A,2025-07-25,10.69,20.8,79.06,0,3.25,274.98,1010.3,2107.38,5.99,10.886,2900.0,0.027,PM2.5-1HR
957,SWE_SE274590,2025-07-26,9.67,19.1,72.1,0,5.3,244.05,1010.06,16388.5,5.54,10.256,2900.0,0.004,PM2.5-1HR
957,SWE_SE0067A,2025-07-26,9.79,19.09,72.11,0,5.27,243.83,1010.05,11846.73,5.54,10.256,2900.0,0.003,PM2.5-1HR
957,SWE_SE0004A,2025-07-26,9.8,19.06,72.14,0,5.19,243.35,1010.04,2107.38,5.54,10.256,2900.0,0.027,PM2.5-1HR
957,SWE_SE274590,2025-07-27,4.15,18.07,71.33,0,4.33,233.88,1008.55,16388.5,3.58,7.512,2900.0,0.004,PM2.5-1HR
957,SWE_SE0067A,2025-07-27,4.3,18.05,71.39,0,4.3,233.6,1008.54,11846.73,3.58,7.512,2900.0,0.003,PM2.5-1HR
957,SWE_SE0004A,2025-07-27,4.81,18.02,71.52,0,4.22,232.96,1008.54,2107.38,3.58,7.512,2900.0,0.027,PM2.5-1HR
957,SWE_SE274590,2025-07-28,6.75,18.12,76.22,0.01,3.62,246.59,1007.42,16388.5,5.16,9.724,2900.0,0.004,PM2.5-1HR
957,SWE_SE0067A,2025-07-28,6.68,18.1,76.29,0.02,3.59,246.17,1007.41,11846.73,5.16,9.724,2900.0,0.003,PM2.5-1HR
957,SWE_SE0004A,2025-07-28,8.1,18.08,76.43,0.01,3.52,245.21,1007.4,2107.38,5.16,9.724,2900.0,0.027,PM2.5-1HR
957,SWE_SE274590,2025-07-29,5.54,17.38,80.24,0.27,3.89,268.93,1004.42,16388.5,4.36,8.604,2900.0,0.004,PM2.5-1HR
957,SWE_SE0067A,2025-07-29,5.39,17.36,80.38,0.27,3.85,268.71,1004.41,11846.73,4.36,8.604,2900.0,0.003,PM2.5-1HR
957,SWE_SE0004A,2025-07-29,6.28,17.33,80.69,0.28,3.77,268.19,1004.39,2107.38,4.36,8.604,2900.0,0.027,PM2.5-1HR
957,SWE_SE274590,2025-07-30,4.52,17.44,74.97,0.03,3.55,154.39,1007.57,16388.5,2.76,6.364,2900.0,0.004,PM2.5-1HR
957,SWE_SE0067A,2025-07-30,4.64,17.43,75.07,0.03,3.52,154.23,1007.57,11846.73,2.76,6.364,2900.0,0.003,PM2.5-1HR
957,SWE_SE0004A,2025-07-30,5.04,17.39,75.28,0.03,3.47,153.87,1007.58,2107.38,2.76,6.364,2900.0,0.027,PM2.5-1HR
957,SWE_SE274590,2025-07-31,3.8,17.08,74.92,0.01,2.08,154.7,1008.68,16388.5,2.3,5.72,2900.0,0.004,PM2.5-1HR
957,SWE_SE0067A,2025-07-31,3.97,17.07,74.97,0.01,2.07,155.37,1008.68,11846.73,2.3,5.72,2900.0,0.003,PM2.5-1HR
957,SWE_SE0004A,2025-07-31,4.19,17.03,75.08,0.01,2.04,156.73,1008.68,2107.38,2.3,5.72,2900.0,0.027,PM2.5-1HR
957,SWE_SE274590,2025-08-01,5.65,17.68,83.12,0.23,1.6,339.74,1006.02,16388.5,4.05,8.17,2900.0,0.004,PM2.5-1HR
957,SWE_SE0067A,2025-08-01,5.07,17.67,83.21,0.23,1.59,339.5,1006.02,11846.73,4.05,8.17,2900.0,0.003,PM2.5-1HR
957,SWE_SE0004A,2025-08-01,5.84,17.64,83.39,0.23,1.57,338.96,1006.02,2107.38,4.05,8.17,2900.0,0.027,PM2.5-1HR
957,SWE_SE274590,2025-08-02,6.12,16.4,89.38,0.23,1.57,274.46,1005.49,16388.5,3.92,7.988,2900.0,0.004,PM2.5-1HR
957,SWE_SE0067A,2025-08-02,5.54,16.37,89.43,0.23,1.56,273.82,1005.49,11846.73,3.92,7.988,2900.0,0.003,PM2.5-1HR
957,SWE_SE0004A,2025-08-02,6.97,16.3,89.56,0.24,1.55,272.09,1005.49,2107.38,3.92,7.988,2900.0,0.027,PM2.5-1HR
957,SWE_SE0067A,2025-08-03,2.78,17.02,86.89,0.13,3.81,134.18,1008.61,11846.73,0.76,3.564,2900.0,0.003,PM2.5-1HR
957,SWE_SE0004A,2025-08-03,3.06,16.99,86.92,0.12,3.76,133.74,1008.62,2107.38,0.76,3.564,2900.0,0.027,PM2.5-1HR
957,SWE_SE274590,2025-08-03,2.88,17.03,86.89,0.13,3.83,134.37,1008.6,16388.5,0.76,3.564,2900.0,0.004,PM2.5-1HR
957,SWE_SE274590,2025-08-04,3.15,17.3,87.02,0.28,4.01,194.33,1007.16,16388.5,1.1,4.04,2900.0,0.004,PM2.5-1HR
957,SWE_SE0067A,2025-08-04,2.91,17.28,87.12,0.28,3.99,193.82,1007.16,11846.73,1.1,4.04,2900.0,0.003,PM2.5-1HR
957,SWE_SE0004A,2025-08-04,5.4,17.25,87.35,0.28,3.93,192.71,1007.16,2107.38,1.1,4.04,2900.0,0.027,PM2.5-1HR
957,SWE_SE274590,2025-08-05,8.83,15.54,79.39,0.37,8.07,231.17,1003.63,16388.5,3.99,8.086,2900.0,0.004,PM2.5-1HR
957,SWE_SE0067A,2025-08-05,8.03,15.53,79.51,0.37,8.01,231.03,1003.62,11846.73,3.99,8.086,2900.0,0.003,PM2.5-1HR
957,SWE_SE0004A,2025-08-05,8.06,15.48,79.78,0.37,7.87,230.72,1003.59,2107.38,3.99,8.086,2900.0,0.027,PM2.5-1HR
957,SWE_SE274590,2025-08-06,9.26,15.75,71.88,0.07,8.54,261.79,1009.36,16388.5,6.23,11.222,2900.0,0.004,PM2.5-1HR
957,SWE_SE0067A,2025-08-06,8.36,15.74,71.88,0.07,8.48,261.72,1009.34,11846.73,6.23,11.222,2900.0,0.003,PM2.5-1HR
957,SWE_SE0004A,2025-08-06,8.78,15.71,71.89,0.07,8.35,261.56,1009.3,2107.38,6.23,11.222,2900.0,0.027,PM2.5-1HR
957,SWE_SE274590,2025-08-07,8.58,15.58,81.51,0.15,5.16,227.67,1013.58,16388.5,4.2,8.38,2900.0,0.004,PM2.5-1HR
957,SWE_SE0067A,2025-08-07,7.57,15.57,81.59,0.15,5.12,227.62,1013.57,11846.73,4.2,8.38,2900.0,0.003,PM2.5-1HR
957,SWE_SE0004A,2025-08-07,9.35,15.52,81.78,0.15,5.04,227.51,1013.56,2107.38,4.2,8.38,2900.0,0.027,PM2.5-1HR
957,SWE_SE274590,2025-08-08,9.99,16.73,80.84,0.03,4.1,229.46,1012.83,16388.5,5.28,9.892,2900.0,0.004,PM2.5-1HR
957,SWE_SE0067A,2025-08-08,8.34,16.71,80.9,0.03,4.07,229.36,1012.83,11846.73,5.28,9.892,2900.0,0.003,PM2.5-1HR
957,SWE_SE0004A,2025-08-08,9.67,16.67,81.06,0.03,4,229.14,1012.82,2107.38,5.28,9.892,2900.0,0.027,PM2.5-1HR
957,SWE_SE274590,2025-08-09,5.92,16.31,74.15,0.1,4.46,222.16,1017.19,16388.5,4.4,8.66,2900.0,0.004,PM2.5-1HR
957,SWE_SE0067A,2025-08-09,5.31,16.3,74.13,0.1,4.43,222.18,1017.18,11846.73,4.4,8.66,2900.0,0.003,PM2.5-1HR
957,SWE_SE0004A,2025-08-09,6.67,16.28,74.1,0.1,4.36,222.21,1017.17,2107.38,4.4,8.66,2900.0,0.027,PM2.5-1HR
957,SWE_SE274590,2025-08-10,10.16,15.93,79.18,0.04,5.69,264.88,1019.08,16388.5,7.14,12.496,2900.0,0.004,PM2.5-1HR
957,SWE_SE0067A,2025-08-10,8.27,15.91,79.31,0.04,5.65,264.69,1019.07,11846.73,7.14,12.496,2900.0,0.003,PM2.5-1HR
957,SWE_SE0004A,2025-08-10,9.3,15.87,79.61,0.05,5.55,264.26,1019.05,2107.38,7.14,12.496,2900.0,0.027,PM2.5-1HR
957,SWE_SE274590,2025-08-11,7.53,15.45,81.81,0,4.47,247.61,1021.93,16388.5,5.21,9.794,2900.0,0.004,PM2.5-1HR
957,SWE_SE0067A,2025-08-11,6.18,15.43,81.9,0,4.44,247.44,1021.92,11846.73,5.21,9.794,2900.0,0.003,PM2.5-1HR
957,SWE_SE0004A,2025-08-11,7.8,15.4,82.09,0,4.37,247.05,1021.9,2107.38,5.21,9.794,2900.0,0.027,PM2.5-1HR
957,SWE_SE274590,2025-08-12,7.02,16.54,79.31,0.01,3.39,250.52,1019.58,16388.5,3.64,7.596,2900.0,0.004,PM2.5-1HR
957,SWE_SE0067A,2025-08-12,5.93,16.53,79.35,0.01,3.37,250.49,1019.57,11846.73,3.64,7.596,2900.0,0.003,PM2.5-1HR
957,SWE_SE0004A,2025-08-12,6.89,16.51,79.43,0.01,3.33,250.41,1019.56,2107.38,3.64,7.596,2900.0,0.027,PM2.5-1HR
957,SWE_SE274590,2025-08-13,9.68,18.48,77.24,0,1.48,214.54,1020.56,16388.5,5.03,9.542,2900.0,0.004,PM2.5-1HR
957,SWE_SE0067A,2025-08-13,7.09,18.46,77.27,0,1.48,215.04,1020.56,11846.73,5.03,9.542,2900.0,0.003,PM2.5-1HR
957,SWE_SE0004A,2025-08-13,7.16,18.43,77.34,0,1.47,216.08,1020.57,2107.38,5.03,9.542,2900.0,0.027,PM2.5-1HR
957,SWE_SE274590,2025-08-14,9.03,20.34,73.39,0.02,2.74,130.11,1020.69,16388.5,5.53,10.242,2900.0,0.004,PM2.5-1HR
957,SWE_SE0067A,2025-08-14,8.1,20.33,73.39,0.02,2.72,130.07,1020.69,11846.73,5.53,10.242,2900.0,0.003,PM2.5-1HR
957,SWE_SE0004A,2025-08-14,8.49,20.33,73.37,0.03,2.68,129.98,1020.7,2107.38,5.53,10.242,2900.0,0.027,PM2.5-1HR
957,SWE_SE274590,2025-08-15,13.54,19.06,83.33,0.07,4.16,224.97,1016.36,16388.5,6.35,11.39,2900.0,0.004,PM2.5-1HR
957,SWE_SE0067A,2025-08-15,11,19.05,83.32,0.07,4.14,224.87,1016.36,11846.73,6.35,11.39,2900.0,0.003,PM2.5-1HR
957,SWE_SE0004A,2025-08-15,11.32,19.03,83.3,0.07,4.09,224.65,1016.35,2107.38,6.35,11.39,2900.0,0.027,PM2.5-1HR
957,SWE_SE274590,2025-08-16,2.59,16.26,60.97,0,3.66,327.51,1017.68,16388.5,0.84,3.676,2900.0,0.004,PM2.5-1HR
957,SWE_SE0067A,2025-08-16,2.71,16.23,61.02,0,3.64,327.5,1017.68,11846.73,0.84,3.676,2900.0,0.003,PM2.5-1HR
957,SWE_SE0004A,2025-08-16,2.79,16.17,61.13,0,3.57,327.49,1017.67,2107.38,0.84,3.676,2900.0,0.027,PM2.5-1HR
957,SWE_SE0067A,2025-08-17,1.93,16.09,66.69,0,3.33,343.17,1019.25,11846.73,0.81,3.634,2900.0,0.003,PM2.5-1HR
957,SWE_SE274590,2025-08-17,1.86,16.12,66.59,0,3.36,343.14,1019.25,16388.5,0.81,3.634,2900.0,0.004,PM2.5-1HR
957,SWE_SE0004A,2025-08-17,1.47,16.03,66.92,0,3.25,343.26,1019.25,2107.38,0.81,3.634,2900.0,0.027,PM2.5-1HR
957,SWE_SE274590,2025-08-18,2.85,17.47,72.17,0,2.6,278.79,1020.24,16388.5,1.47,4.558,2900.0,0.004,PM2.5-1HR
957,SWE_SE0067A,2025-08-18,2.81,17.45,72.17,0,2.59,278.82,1020.24,11846.73,1.47,4.558,2900.0,0.003,PM2.5-1HR
957,SWE_SE0004A,2025-08-18,3.41,17.41,72.17,0,2.57,278.9,1020.23,2107.38,1.47,4.558,2900.0,0.027,PM2.5-1HR
957,SWE_SE274590,2025-08-19,5.89,15.79,79.91,0.01,3.4,355.05,1012.29,16388.5,1.36,4.404,2900.0,0.004,PM2.5-1HR
957,SWE_SE0067A,2025-08-19,5.52,15.76,80.01,0.01,3.38,355.86,1012.29,11846.73,1.36,4.404,2900.0,0.003,PM2.5-1HR
957,SWE_SE0004A,2025-08-19,5.04,15.69,80.24,0.01,3.34,357.74,1012.3,2107.38,1.36,4.404,2900.0,0.027,PM2.5-1HR
957,SWE_SE274590,2025-08-20,1.93,13.55,62.85,0,3.54,349.5,1014.38,16388.5,0.94,3.816,2900.0,0.004,PM2.5-1HR
957,SWE_SE0067A,2025-08-20,2.45,13.52,62.97,0,3.51,349.49,1014.38,11846.73,0.94,3.816,2900.0,0.003,PM2.5-1HR
957,SWE_SE0004A,2025-08-20,2.08,13.45,63.25,0,3.44,349.49,1014.38,2107.38,0.94,3.816,2900.0,0.027,PM2.5-1HR
957,SWE_SE274590,2025-08-21,3.54,13.23,73.76,0.06,3.15,313.65,1008.5,16388.5,1.56,4.684,2900.0,0.004,PM2.5-1HR
957,SWE_SE0067A,2025-08-21,3.47,13.19,74.03,0.06,3.11,313.64,1008.5,11846.73,1.56,4.684,2900.0,0.003,PM2.5-1HR
957,SWE_SE0004A,2025-08-21,2.69,13.1,74.65,0.06,3.03,313.63,1008.5,2107.38,1.56,4.684,2900.0,0.027,PM2.5-1HR
957,SWE_SE274590,2025-08-22,2.43,12.77,69.03,0.04,3.9,290.17,1007.19,16388.5,1.23,4.222,2900.0,0.004,PM2.5-1HR
957,SWE_SE0067A,2025-08-22,2.35,12.73,69.27,0.04,3.86,289.85,1007.18,11846.73,1.23,4.222,2900.0,0.003,PM2.5-1HR
957,SWE_SE0004A,2025-08-22,3.7,12.63,69.81,0.05,3.78,289.12,1007.17,2107.38,1.23,4.222,2900.0,0.027,PM2.5-1HR
957,SWE_SE274590,2025-08-23,1.86,12.47,62.96,0,4,334.33,1011.22,16388.5,0.59,3.326,2900.0,0.004,PM2.5-1HR
957,SWE_SE0067A,2025-08-23,1.93,12.43,63.14,0,3.96,334.31,1011.22,11846.73,0.59,3.326,2900.0,0.003,PM2.5-1HR
957,SWE_SE0004A,2025-08-23,1.95,12.36,63.54,0,3.86,334.25,1011.21,2107.38,0.59,3.326,2900.0,0.027,PM2.5-1HR
957,SWE_SE274590,2025-08-24,2.86,14.35,67.93,0,3.66,315.4,1012.81,16388.5,1.03,3.942,2900.0,0.004,PM2.5-1HR
957,SWE_SE0067A,2025-08-24,2.54,14.31,68.05,0,3.63,315.41,1012.8,11846.73,1.03,3.942,2900.0,0.003,PM2.5-1HR
957,SWE_SE0004A,2025-08-24,3.3,14.24,68.33,0,3.56,315.43,1012.79,2107.38,1.03,3.942,2900.0,0.027,PM2.5-1HR
957,SWE_SE274590,2025-08-25,4.76,14.32,72.22,0,1.96,349.77,1012.66,16388.5,1.84,5.076,2900.0,0.004,PM2.5-1HR
957,SWE_SE0067A,2025-08-25,4.77,14.29,72.26,0,1.95,351.47,1012.66,11846.73,1.84,5.076,2900.0,0.003,PM2.5-1HR
957,SWE_SE0004A,2025-08-25,2.81,14.23,72.36,0,1.93,355.02,1012.66,2107.38,1.84,5.076,2900.0,0.027,PM2.5-1HR
957,SWE_SE274590,2025-08-26,5.12,13.74,77.78,0,2.31,237.47,1011.52,16388.5,1.89,5.146,2900.0,0.004,PM2.5-1HR
957,SWE_SE0067A,2025-08-26,4.57,13.71,77.88,0,2.3,237.09,1011.51,11846.73,1.89,5.146,2900.0,0.003,PM2.5-1HR
957,SWE_SE0004A,2025-08-26,4.68,13.65,78.09,0,2.27,236.14,1011.51,2107.38,1.89,5.146,2900.0,0.027,PM2.5-1HR
957,SWE_SE274590,2025-08-27,3.17,15.68,82.09,0.12,3.42,137.68,1009.71,16388.5,2.23,5.622,2900.0,0.004,PM2.5-1HR
957,SWE_SE0067A,2025-08-27,3.16,15.65,82.15,0.12,3.39,137.59,1009.71,11846.73,2.23,5.622,2900.0,0.003,PM2.5-1HR
957,SWE_SE0004A,2025-08-27,2.98,15.6,82.28,0.12,3.31,137.4,1009.73,2107.38,2.23,5.622,2900.0,0.027,PM2.5-1HR
957,SWE_SE0004A,2025-08-28,9.46,17.48,78.43,0.03,2.11,158.63,1006.29,2107.38,4.38,8.632,2900.0,0.027,PM2.5-1HR
957,SWE_SE274590,2025-08-28,10.28,17.51,78.54,0.03,2.14,157.66,1006.28,16388.5,4.38,8.632,2900.0,0.004,PM2.5-1HR
957,SWE_SE0067A,2025-08-28,9.37,17.5,78.51,0.03,2.13,157.99,1006.28,11846.73,4.38,8.632,2900.0,0.003,PM2.5-1HR
957,SWE_SE0004A,2025-08-29,13.49,16.79,88.87,0.14,2.3,167.51,1001.98,2107.38,8.37,14.218,2900.0,0.027,PM2.5-1HR
957,SWE_SE274590,2025-08-29,13.38,16.82,88.9,0.14,2.35,168.09,1001.98,16388.5,8.37,14.218,2900.0,0.004,PM2.5-1HR
957,SWE_SE0067A,2025-08-29,11.88,16.81,88.89,0.14,2.34,167.91,1001.98,11846.73,8.37,14.218,2900.0,0.003,PM2.5-1HR
957,SWE_SE0004A,2025-08-30,8.81,16.41,85.63,0.07,1.83,153.13,1005.58,2107.38,4.28,8.492,2900.0,0.027,PM2.5-1HR
957,SWE_SE274590,2025-08-30,8.68,16.46,85.65,0.08,1.89,153.37,1005.58,16388.5,4.28,8.492,2900.0,0.004,PM2.5-1HR
957,SWE_SE0067A,2025-08-30,7.37,16.44,85.65,0.07,1.87,153.3,1005.58,11846.73,4.28,8.492,2900.0,0.003,PM2.5-1HR
957,SWE_SE0004A,2025-08-31,7.11,17.46,79.13,0.01,3.03,164.56,1010.36,2107.38,4.63,8.982,2900.0,0.027,PM2.5-1HR
957,SWE_SE274590,2025-08-31,7.01,17.5,79.33,0.01,3.1,164.49,1010.35,16388.5,4.63,8.982,2900.0,0.004,PM2.5-1HR
957,SWE_SE0067A,2025-08-31,5.73,17.49,79.27,0.01,3.08,164.51,1010.36,11846.73,4.63,8.982,2900.0,0.003,PM2.5-1HR
957,SWE_SE0004A,2025-09-01,4.75,19.44,68.75,0.14,4.88,147.58,1009.31,2107.38,3.69,7.666,2900.0,0.027,PM2.5-1HR
957,SWE_SE0067A,2025-09-01,4.81,19.44,68.96,0.14,4.97,147.63,1009.3,11846.73,3.69,7.666,2900.0,0.003,PM2.5-1HR
957,SWE_SE274590,2025-09-01,5.97,19.44,69.06,0.14,5.01,147.64,1009.29,16388.5,3.69,7.666,2900.0,0.004,PM2.5-1HR
957,SWE_SE0004A,2025-09-02,5.45,17.38,88.22,0.42,1.48,185.42,1008.09,2107.38,3.04,6.756,2900.0,0.027,PM2.5-1HR
957,SWE_SE274590,2025-09-02,6.67,17.39,88.21,0.41,1.5,186.44,1008.09,16388.5,3.04,6.756,2900.0,0.004,PM2.5-1HR
957,SWE_SE0067A,2025-09-02,4.96,17.39,88.21,0.41,1.49,186.13,1008.09,11846.73,3.04,6.756,2900.0,0.003,PM2.5-1HR
957,SWE_SE274590,2025-09-03,6.05,17.83,75.11,0.05,4.28,181.74,1007.27,16388.5,3.4,7.26,2900.0,0.004,PM2.5-1HR
957,SWE_SE0004A,2025-09-03,5.38,17.81,74.97,0.05,4.18,181.78,1007.28,2107.38,3.4,7.26,2900.0,0.027,PM2.5-1HR
957,SWE_SE0067A,2025-09-03,4.42,17.82,75.07,0.05,4.25,181.76,1007.27,11846.73,3.4,7.26,2900.0,0.003,PM2.5-1HR
957,SWE_SE0067A,2025-09-04,5.34,19.24,77.25,0.08,5.38,186.03,1007.94,11846.73,3.18,6.952,2900.0,0.003,PM2.5-1HR
957,SWE_SE274590,2025-09-04,6.42,19.24,77.33,0.08,5.42,186.05,1007.95,16388.5,3.18,6.952,2900.0,0.004,PM2.5-1HR
957,SWE_SE0004A,2025-09-04,6.69,19.24,77.06,0.08,5.3,185.97,1007.94,2107.38,3.18,6.952,2900.0,0.027,PM2.5-1HR
957,SWE_SE0067A,2025-09-05,5.24,15.84,94.58,0.56,2.36,182.39,1014.22,11846.73,3.17,6.938,2900.0,0.003,PM2.5-1HR
957,SWE_SE274590,2025-09-05,5.95,15.86,94.52,0.56,2.38,182.81,1014.22,16388.5,3.17,6.938,2900.0,0.004,PM2.5-1HR
957,SWE_SE0004A,2025-09-05,6.19,15.79,94.71,0.55,2.33,181.4,1014.22,2107.38,3.17,6.938,2900.0,0.027,PM2.5-1HR
957,SWE_SE0067A,2025-09-06,3.81,15.19,88.16,0.01,3.23,261.39,1020.96,11846.73,3.65,7.61,2900.0,0.003,PM2.5-1HR
957,SWE_SE274590,2025-09-06,4.92,15.21,88.05,0.01,3.26,261.82,1020.96,16388.5,3.65,7.61,2900.0,0.004,PM2.5-1HR
957,SWE_SE0004A,2025-09-06,4.62,15.15,88.4,0.01,3.16,260.41,1020.95,2107.38,3.65,7.61,2900.0,0.027,PM2.5-1HR
957,SWE_SE274590,2025-09-07,3.93,14.01,81.69,0,1.29,201.17,1024.21,16388.5,2.39,5.846,2900.0,0.004,PM2.5-1HR
957,SWE_SE0004A,2025-09-07,3.95,13.9,82.04,0,1.28,204.29,1024.21,2107.38,2.39,5.846,2900.0,0.027,PM2.5-1HR
957,SWE_SE0067A,2025-09-07,3.21,13.97,81.8,0,1.28,202.2,1024.21,11846.73,2.39,5.846,2900.0,0.003,PM2.5-1HR
957,SWE_SE0004A,2025-09-08,5.49,15.41,85.13,0.02,2.5,108.59,1021.66,2107.38,3.45,7.33,2900.0,0.027,PM2.5-1HR
957,SWE_SE0067A,2025-09-08,5.15,15.47,84.97,0.02,2.53,108.88,1021.65,11846.73,3.45,7.33,2900.0,0.003,PM2.5-1HR
957,SWE_SE274590,2025-09-08,6.49,15.49,84.9,0.02,2.54,109.02,1021.64,16388.5,3.45,7.33,2900.0,0.004,PM2.5-1HR
957,SWE_SE0004A,2025-09-09,9.74,17.58,84.55,0.04,2.29,118.25,1018.99,2107.38,7.59,13.126,2900.0,0.027,PM2.5-1HR
957,SWE_SE0067A,2025-09-09,9.66,17.6,84.57,0.04,2.32,118.24,1018.98,11846.73,7.59,13.126,2900.0,0.003,PM2.5-1HR
957,SWE_SE274590,2025-09-09,12.27,17.61,84.58,0.04,2.33,118.23,1018.97,16388.5,7.59,13.126,2900.0,0.004,PM2.5-1HR
957,SWE_SE0004A,2025-09-10,10.03,18.62,71.35,0.04,4.79,111.08,1013.2,2107.38,9.2,15.38,2900.0,0.027,PM2.5-1HR
957,SWE_SE0067A,2025-09-10,10.41,18.62,71.56,0.04,4.86,111.09,1013.18,11846.73,9.2,15.38,2900.0,0.003,PM2.5-1HR
957,SWE_SE274590,2025-09-10,12.56,18.62,71.66,0.04,4.9,111.09,1013.17,16388.5,9.2,15.38,2900.0,0.004,PM2.5-1HR
957,SWE_SE274590,2025-09-11,8.17,16.34,88.88,0.86,4.09,167.31,1002.45,16388.5,3.67,7.638,2900.0,0.004,PM2.5-1HR
957,SWE_SE0004A,2025-09-11,7.69,16.29,89.06,0.86,3.99,166.52,1002.46,2107.38,3.67,7.638,2900.0,0.027,PM2.5-1HR
957,SWE_SE0067A,2025-09-11,6.65,16.32,88.93,0.86,4.06,167.07,1002.46,11846.73,3.67,7.638,2900.0,0.003,PM2.5-1HR
957,SWE_SE0004A,2025-09-12,5.62,13.84,87.01,0.52,4.58,187.01,1007.68,2107.38,3.13,6.882,2900.0,0.027,PM2.5-1HR
957,SWE_SE0067A,2025-09-12,3.9,13.89,86.67,0.51,4.69,187.84,1007.68,11846.73,3.13,6.882,2900.0,0.003,PM2.5-1HR
957,SWE_SE274590,2025-09-12,4.47,13.92,86.52,0.51,4.74,188.19,1007.68,16388.5,3.13,6.882,2900.0,0.004,PM2.5-1HR
957,SWE_SE0004A,2025-09-13,5.04,13.47,86.44,0.38,4.82,170.8,1013.98,2107.38,2.89,6.546,2900.0,0.027,PM2.5-1HR
957,SWE_SE0067A,2025-09-13,3.5,13.54,86.03,0.37,4.94,171.47,1013.98,11846.73,2.89,6.546,2900.0,0.003,PM2.5-1HR
957,SWE_SE274590,2025-09-13,4.16,13.58,85.85,0.37,4.99,171.75,1013.97,16388.5,2.89,6.546,2900.0,0.004,PM2.5-1HR
957,SWE_SE0004A,2025-09-14,2.85,13.04,92.18,0.49,3.5,165.11,1010.47,2107.38,1.36,4.404,2900.0,0.027,PM2.5-1HR
957,SWE_SE0067A,2025-09-14,2.3,13.1,91.98,0.5,3.57,166.25,1010.46,11846.73,1.36,4.404,2900.0,0.003,PM2.5-1HR
957,SWE_SE274590,2025-09-14,2.78,13.12,91.89,0.5,3.6,166.74,1010.45,16388.5,1.36,4.404,2900.0,0.004,PM2.5-1HR
957,SWE_SE0004A,2025-09-15,5.02,12.73,93.15,0.56,4.89,173.55,1000.35,2107.38,2.34,5.776,2900.0,0.027,PM2.5-1HR
957,SWE_SE0067A,2025-09-15,3.67,12.81,92.74,0.56,4.99,174.22,1000.34,11846.73,2.34,5.776,2900.0,0.003,PM2.5-1HR
957,SWE_SE274590,2025-09-15,4.49,12.85,92.55,0.56,5.04,174.51,1000.34,16388.5,2.34,5.776,2900.0,0.004,PM2.5-1HR
957,SWE_SE274590,2025-09-16,6.87,13.95,88.91,0.66,6.06,235.17,995.37,16388.5,3.54,7.456,2900.0,0.004,PM2.5-1HR
957,SWE_SE0004A,2025-09-16,5.84,13.89,89.23,0.65,5.88,234.49,995.35,2107.38,3.54,7.456,2900.0,0.027,PM2.5-1HR
957,SWE_SE0067A,2025-09-16,5.52,13.93,89.01,0.66,6.01,234.97,995.36,11846.73,3.54,7.456,2900.0,0.003,PM2.5-1HR
957,SWE_SE0067A,2025-09-17,5.46,14.45,78.7,0.04,6.24,264.2,1004.75,11846.73,3.47,7.358,2900.0,0.003,PM2.5-1HR
957,SWE_SE274590,2025-09-17,6.29,14.47,78.65,0.04,6.3,264.3,1004.76,16388.5,3.47,7.358,2900.0,0.004,PM2.5-1HR
957,SWE_SE0004A,2025-09-17,6.11,14.42,78.8,0.04,6.1,263.96,1004.73,2107.38,3.47,7.358,2900.0,0.027,PM2.5-1HR
957,SWE_SE0067A,2025-09-18,6.97,14.78,85.46,0.13,5.42,230.44,1008.43,11846.73,1.38,4.432,2900.0,0.003,PM2.5-1HR
957,SWE_SE274590,2025-09-18,8.38,14.81,85.4,0.13,5.45,230.55,1008.44,16388.5,1.38,4.432,2900.0,0.004,PM2.5-1HR
957,SWE_SE0004A,2025-09-18,7.45,14.73,85.6,0.13,5.34,230.18,1008.41,2107.38,1.38,4.432,2900.0,0.027,PM2.5-1HR
957,SWE_SE274590,2025-09-19,10.28,16.09,87.39,0.08,6.09,241.96,1013.68,16388.5,5.17,9.738,2900.0,0.004,PM2.5-1HR
957,SWE_SE0067A,2025-09-19,8.56,16.08,87.4,0.08,6.07,241.98,1013.67,11846.73,5.17,9.738,2900.0,0.003,PM2.5-1HR
957,SWE_SE0004A,2025-09-19,9.81,16.06,87.43,0.07,6,242.03,1013.65,2107.38,5.17,9.738,2900.0,0.027,PM2.5-1HR
957,SWE_SE274590,2025-09-20,11.34,17.49,86.53,0.15,5.16,208.41,1009.25,16388.5,6.4,11.46,2900.0,0.004,PM2.5-1HR
957,SWE_SE0067A,2025-09-20,9.31,17.49,86.51,0.15,5.13,208.49,1009.24,11846.73,6.4,11.46,2900.0,0.003,PM2.5-1HR
957,SWE_SE0004A,2025-09-20,11.79,17.49,86.45,0.15,5.06,208.68,1009.23,2107.38,6.4,11.46,2900.0,0.027,PM2.5-1HR
957,SWE_SE0004A,2025-09-21,8.04,15.1,82.09,0.11,7.02,222.83,1002.25,2107.38,2.28,5.692,2900.0,0.027,PM2.5-1HR
957,SWE_SE0067A,2025-09-21,7.31,15.13,81.98,0.11,7.13,222.98,1002.28,11846.73,2.28,5.692,2900.0,0.003,PM2.5-1HR
957,SWE_SE274590,2025-09-21,8.69,15.15,81.93,0.11,7.17,223.04,1002.28,16388.5,2.28,5.692,2900.0,0.004,PM2.5-1HR
957,SWE_SE0004A,2025-09-22,3.81,10.86,66.95,0,4.8,282.27,1012.19,2107.38,1.32,4.348,2900.0,0.027,PM2.5-1HR
957,SWE_SE0067A,2025-09-22,3.22,10.93,66.82,0,4.93,282.9,1012.21,11846.73,1.32,4.348,2900.0,0.003,PM2.5-1HR
957,SWE_SE274590,2025-09-22,3.31,10.95,66.77,0,4.98,283.16,1012.22,16388.5,1.32,4.348,2900.0,0.004,PM2.5-1HR
957,SWE_SE0004A,2025-09-23,7.05,8.85,70.29,0,2.33,8.65,1023.57,2107.38,1.22,4.208,2900.0,0.027,PM2.5-1HR
957,SWE_SE0067A,2025-09-23,6.28,8.95,69.79,0,2.38,8.52,1023.57,11846.73,1.22,4.208,2900.0,0.003,PM2.5-1HR
957,SWE_SE274590,2025-09-23,6.3,8.99,69.58,0,2.41,8.46,1023.57,16388.5,1.22,4.208,2900.0,0.004,PM2.5-1HR
957,SWE_SE0004A,2025-09-24,3.77,8.08,81.06,0,1.27,263.43,1032.5,2107.38,1.82,5.048,2900.0,0.027,PM2.5-1HR
957,SWE_SE0067A,2025-09-24,3.59,8.17,80.73,0,1.28,271.31,1032.5,11846.73,1.82,5.048,2900.0,0.003,PM2.5-1HR
957,SWE_SE274590,2025-09-24,6.16,8.2,80.58,0,1.28,276.28,1032.5,16388.5,1.82,5.048,2900.0,0.004,PM2.5-1HR
957,SWE_SE0004A,2025-09-25,4.29,9.29,78.61,0,1.82,59.68,1034.07,2107.38,2.1,5.44,2900.0,0.027,PM2.5-1HR
957,SWE_SE0067A,2025-09-25,4.11,9.39,78.26,0,1.82,59.79,1034.07,11846.73,2.1,5.44,2900.0,0.003,PM2.5-1HR
957,SWE_SE274590,2025-09-25,4.74,9.44,78.11,0,1.82,59.83,1034.07,16388.5,2.1,5.44,2900.0,0.004,PM2.5-1HR
957,SWE_SE0004A,2025-09-26,2.96,10.12,78.57,0,2.29,113.54,1034.4,2107.38,1,3.9,2900.0,0.027,PM2.5-1HR
957,SWE_SE0067A,2025-09-26,3.44,10.23,78.39,0,2.34,113.31,1034.39,11846.73,1,3.9,2900.0,0.003,PM2.5-1HR
957,SWE_SE274590,2025-09-26,3.75,10.28,78.31,0,2.36,113.21,1034.38,16388.5,1,3.9,2900.0,0.004,PM2.5-1HR
957,SWE_SE0004A,2025-09-27,2.33,11.35,81.66,0,3.28,104.18,1031.39,2107.38,1.4,4.46,2900.0,0.027,PM2.5-1HR
957,SWE_SE0067A,2025-09-27,3.24,11.41,81.59,0,3.34,104.24,1031.37,11846.73,1.4,4.46,2900.0,0.003,PM2.5-1HR
957,SWE_SE274590,2025-09-27,2.48,11.43,81.56,0,3.37,104.27,1031.37,16388.5,1.4,4.46,2900.0,0.004,PM2.5-1HR
957,SWE_SE0004A,2025-09-28,2.81,11.15,84.83,0,3.02,113.07,1029.19,2107.38,1.76,4.964,2900.0,0.027,PM2.5-1HR
957,SWE_SE0067A,2025-09-28,2.63,11.21,84.75,0,3.07,113.23,1029.17,11846.73,1.76,4.964,2900.0,0.003,PM2.5-1HR
957,SWE_SE274590,2025-09-28,2.73,11.23,84.71,0,3.1,113.3,1029.17,16388.5,1.76,4.964,2900.0,0.004,PM2.5-1HR
957,SWE_SE0004A,2025-09-29,2.23,11.36,80.09,0.01,3.46,120.19,1028.66,2107.38,1.69,4.866,2900.0,0.027,PM2.5-1HR
957,SWE_SE0067A,2025-09-29,2.22,11.4,80.05,0.01,3.53,120.23,1028.64,11846.73,1.69,4.866,2900.0,0.003,PM2.5-1HR
957,SWE_SE274590,2025-09-29,2.05,11.42,80.03,0.01,3.57,120.24,1028.64,16388.5,1.69,4.866,2900.0,0.004,PM2.5-1HR
957,SWE_SE0004A,2025-09-30,2.72,9,75.95,0,3.02,102.32,1031.58,2107.38,1.67,4.838,2900.0,0.027,PM2.5-1HR
957,SWE_SE0067A,2025-09-30,2.45,9.08,75.74,0,3.09,102.75,1031.57,11846.73,1.67,4.838,2900.0,0.003,PM2.5-1HR
957,SWE_SE274590,2025-09-30,2.33,9.11,75.64,0,3.12,102.93,1031.56,16388.5,1.67,4.838,2900.0,0.004,PM2.5-1HR
957,SWE_SE274590,2025-10-01,4.62,8.82,81.51,0,2.57,146.7,1034.25,16388.5,2.07,5.398,2900.0,0.004,PM2.5-1HR
957,SWE_SE0067A,2025-10-01,4.16,8.78,81.59,0,2.54,146.6,1034.25,11846.73,2.07,5.398,2900.0,0.003,PM2.5-1HR
957,SWE_SE0004A,2025-10-01,4.73,8.71,81.78,0,2.48,146.35,1034.26,2107.38,2.07,5.398,2900.0,0.027,PM2.5-1HR
957,SWE_SE274590,2025-10-02,6.17,8.9,84.83,0.02,2.91,158.55,1031.59,16388.5,4.56,8.884,2900.0,0.004,PM2.5-1HR
957,SWE_SE0004A,2025-10-02,7.87,8.76,85.26,0.02,2.84,157.89,1031.6,2107.38,4.56,8.884,2900.0,0.027,PM2.5-1HR
957,SWE_SE0067A,2025-10-02,5.85,8.86,84.96,0.02,2.89,158.36,1031.6,11846.73,4.56,8.884,2900.0,0.003,PM2.5-1HR
957,SWE_SE274590,2025-10-03,4.14,9.64,79.84,0,5.68,151.09,1022.95,16388.5,2.81,6.434,2900.0,0.004,PM2.5-1HR
957,SWE_SE0004A,2025-10-03,4.43,9.52,80,0,5.51,150.53,1022.96,2107.38,2.81,6.434,2900.0,0.027,PM2.5-1HR
957,SWE_SE0067A,2025-10-03,4.08,9.6,79.89,0,5.63,150.93,1022.95,11846.73,2.81,6.434,2900.0,0.003,PM2.5-1HR
957,SWE_SE274590,2025-10-04,3.98,9.26,86.5,1.16,8.36,156.66,993.13,16388.5,1.22,4.208,2900.0,0.004,PM2.5-1HR
957,SWE_SE0067A,2025-10-04,3.67,9.23,86.59,1.16,8.29,156.34,993.14,11846.73,1.22,4.208,2900.0,0.003,PM2.5-1HR
957,SWE_SE0004A,2025-10-04,3.96,9.14,86.78,1.15,8.13,155.6,993.16,2107.38,1.22,4.208,2900.0,0.027,PM2.5-1HR
957,SWE_SE274590,2025-10-05,4.26,11.18,93.28,0.31,5.22,191.56,987.67,16388.5,2.59,6.126,2900.0,0.004,PM2.5-1HR
957,SWE_SE0004A,2025-10-05,6.18,11.11,93.67,0.31,5.07,189.89,987.67,2107.38,2.59,6.126,2900.0,0.027,PM2.5-1HR
957,SWE_SE0067A,2025-10-05,3.92,11.16,93.39,0.31,5.17,191.05,987.67,11846.73,2.59,6.126,2900.0,0.003,PM2.5-1HR
957,SWE_SE274590,2025-10-06,3.04,11.45,90.05,0.01,2.67,332.51,1009.27,16388.5,1.03,3.942,2900.0,0.004,PM2.5-1HR
957,SWE_SE0004A,2025-10-06,3.26,11.39,90.34,0.01,2.57,332.45,1009.27,2107.38,1.03,3.942,2900.0,0.027,PM2.5-1HR
957,SWE_SE0067A,2025-10-06,3.06,11.43,90.14,0.01,2.64,332.49,1009.27,11846.73,1.03,3.942,2900.0,0.003,PM2.5-1HR
957,SWE_SE274590,2025-10-07,5.14,12.33,96.17,0.13,3.83,212.02,1017.25,16388.5,1.57,4.698,2900.0,0.004,PM2.5-1HR
957,SWE_SE0067A,2025-10-07,4.46,12.31,96.25,0.13,3.8,211.77,1017.24,11846.73,1.57,4.698,2900.0,0.003,PM2.5-1HR
957,SWE_SE0004A,2025-10-07,6.03,12.26,96.44,0.12,3.74,211.18,1017.23,2107.38,1.57,4.698,2900.0,0.027,PM2.5-1HR
957,SWE_SE274590,2025-10-08,6.18,12.65,84.09,0.06,4.89,260.42,1014.57,16388.5,3.89,7.946,2900.0,0.004,PM2.5-1HR
957,SWE_SE0067A,2025-10-08,5.49,12.64,84.15,0.07,4.86,260.31,1014.56,11846.73,3.89,7.946,2900.0,0.003,PM2.5-1HR
957,SWE_SE0004A,2025-10-08,6.55,12.6,84.29,0.07,4.77,260.04,1014.54,2107.38,3.89,7.946,2900.0,0.027,PM2.5-1HR
957,SWE_SE274590,2025-10-09,7.64,11.74,84.39,0.04,6.02,259.14,1013.96,16388.5,4.83,9.262,2900.0,0.004,PM2.5-1HR
957,SWE_SE0004A,2025-10-09,7.97,11.68,84.53,0.04,5.86,258.78,1013.92,2107.38,4.83,9.262,2900.0,0.027,PM2.5-1HR
957,SWE_SE0067A,2025-10-09,7.29,11.72,84.43,0.04,5.97,259.03,1013.94,11846.73,4.83,9.262,2900.0,0.003,PM2.5-1HR
957,SWE_SE274590,2025-10-10,9.6,12.94,77.29,0,6.59,284.7,1016.56,16388.5,6.97,12.258,2900.0,0.004,PM2.5-1HR
957,SWE_SE0004A,2025-10-10,9.64,12.89,77.25,0,6.41,284.54,1016.52,2107.38,6.97,12.258,2900.0,0.027,PM2.5-1HR
957,SWE_SE0067A,2025-10-10,8.75,12.93,77.28,0,6.54,284.65,1016.55,11846.73,6.97,12.258,2900.0,0.003,PM2.5-1HR
957,SWE_SE274590,2025-10-11,7.6,13.56,81.73,0,5.54,281.55,1021.06,16388.5,5.76,10.564,2900.0,0.004,PM2.5-1HR
957,SWE_SE0067A,2025-10-11,6.6,13.55,81.72,0,5.49,281.43,1021.05,11846.73,5.76,10.564,2900.0,0.003,PM2.5-1HR
957,SWE_SE0004A,2025-10-11,8.21,13.52,81.7,0,5.37,281.15,1021.03,2107.38,5.76,10.564,2900.0,0.027,PM2.5-1HR
957,SWE_SE274590,2025-10-12,4.04,11.27,74.34,0,3.68,348.1,1023.22,16388.5,0.86,3.704,2900.0,0.004,PM2.5-1HR
957,SWE_SE0067A,2025-10-12,3.5,11.23,74.4,0,3.65,348.15,1023.22,11846.73,0.86,3.704,2900.0,0.003,PM2.5-1HR
957,SWE_SE0004A,2025-10-12,3.32,11.13,74.55,0,3.58,348.27,1023.22,2107.38,0.86,3.704,2900.0,0.027,PM2.5-1HR
957,SWE_SE274590,2025-10-13,5.21,7.62,81.81,0,1.83,260.39,1025.47,16388.5,2.18,5.552,2900.0,0.004,PM2.5-1HR
957,SWE_SE0067A,2025-10-13,4.37,7.57,82,0,1.82,259.2,1025.47,11846.73,2.18,5.552,2900.0,0.003,PM2.5-1HR
957,SWE_SE0004A,2025-10-13,5.21,7.43,82.44,0,1.79,256.65,1025.47,2107.38,2.18,5.552,2900.0,0.027,PM2.5-1HR
957,SWE_SE274590,2025-10-14,5.31,10.65,88.85,0.02,1.58,356.68,1022.58,16388.5,2.67,6.238,2900.0,0.004,PM2.5-1HR
957,SWE_SE0067A,2025-10-14,5.04,10.63,88.89,0.02,1.57,356.63,1022.58,11846.73,2.67,6.238,2900.0,0.003,PM2.5-1HR
957,SWE_SE0004A,2025-10-14,5.46,10.57,88.98,0.02,1.54,356.52,1022.58,2107.38,2.67,6.238,2900.0,0.027,PM2.5-1HR
957,SWE_SE274590,2025-10-15,5.84,10.34,94.2,0,2.33,247.97,1019.61,16388.5,3.52,7.428,2900.0,0.004,PM2.5-1HR
957,SWE_SE0067A,2025-10-15,5.63,10.3,94.3,0,2.3,247.72,1019.61,11846.73,3.52,7.428,2900.0,0.003,PM2.5-1HR
957,SWE_SE0004A,2025-10-15,8.19,10.22,94.55,0,2.25,247.16,1019.61,2107.38,3.52,7.428,2900.0,0.027,PM2.5-1HR
957,SWE_SE0067A,2025-10-16,4.75,9.64,89.06,0,2.87,312.7,1014.77,11846.73,1.83,5.062,2900.0,0.003,PM2.5-1HR
957,SWE_SE274590,2025-10-16,4.78,9.69,88.97,0,2.9,312.66,1014.78,16388.5,1.83,5.062,2900.0,0.004,PM2.5-1HR
957,SWE_SE0004A,2025-10-16,5.87,9.52,89.27,0,2.79,312.78,1014.76,2107.38,1.83,5.062,2900.0,0.027,PM2.5-1HR
957,SWE_SE0067A,2025-10-17,3.7,4.62,79.89,0.01,2.76,28,1018.84,11846.73,1.42,4.488,2900.0,0.003,PM2.5-1HR
957,SWE_SE0004A,2025-10-17,3.72,4.49,80.43,0,2.7,27.59,1018.85,2107.38,1.42,4.488,2900.0,0.027,PM2.5-1HR
957,SWE_SE274590,2025-10-17,4.98,4.68,79.65,0.01,2.79,28.18,1018.84,16388.5,1.42,4.488,2900.0,0.004,PM2.5-1HR
957,SWE_SE0067A,2025-10-18,2.98,4.24,78.28,0,2.42,295.69,1026.35,11846.73,1.39,4.446,2900.0,0.003,PM2.5-1HR
957,SWE_SE0004A,2025-10-18,3.85,4.12,78.94,0,2.37,294.6,1026.34,2107.38,1.39,4.446,2900.0,0.027,PM2.5-1HR
957,SWE_SE274590,2025-10-18,2.66,4.29,77.99,0,2.44,296.16,1026.35,16388.5,1.39,4.446,2900.0,0.004,PM2.5-1HR
957,SWE_SE0067A,2025-10-19,2.09,6.38,75.18,0,3.82,195.74,1020.26,11846.73,1.33,4.362,2900.0,0.003,PM2.5-1HR
957,SWE_SE0004A,2025-10-19,3.96,6.3,75.56,0,3.74,195.44,1020.26,2107.38,1.33,4.362,2900.0,0.027,PM2.5-1HR
957,SWE_SE274590,2025-10-19,1.98,6.42,75.01,0,3.85,195.86,1020.26,16388.5,1.33,4.362,2900.0,0.004,PM2.5-1HR
957,SWE_SE0067A,2025-10-20,3.58,6.94,77.43,0,5.44,132.37,1007.77,11846.73,1.4,4.46,2900.0,0.003,PM2.5-1HR
957,SWE_SE0004A,2025-10-20,3.3,6.86,77.43,0,5.33,132.14,1007.79,2107.38,1.4,4.46,2900.0,0.027,PM2.5-1HR
957,SWE_SE274590,2025-10-20,3.91,6.97,77.43,0,5.49,132.47,1007.76,16388.5,1.4,4.46,2900.0,0.004,PM2.5-1HR
957,SWE_SE0067A,2025-10-21,9.31,10.03,87.8,0.18,5.75,138.18,995.38,11846.73,5.64,10.396,2900.0,0.003,PM2.5-1HR
957,SWE_SE0004A,2025-10-21,9.03,9.98,87.91,0.17,5.64,138.09,995.4,2107.38,5.64,10.396,2900.0,0.027,PM2.5-1HR
957,SWE_SE274590,2025-10-21,11.74,10.04,87.76,0.18,5.8,138.22,995.37,16388.5,5.64,10.396,2900.0,0.004,PM2.5-1HR
957,SWE_SE0067A,2025-10-22,6.46,12.02,93.53,0.23,5.38,187.57,993.07,11846.73,2.29,5.706,2900.0,0.003,PM2.5-1HR
957,SWE_SE0004A,2025-10-22,8.5,12,93.65,0.23,5.28,187.22,993.07,2107.38,2.29,5.706,2900.0,0.027,PM2.5-1HR
957,SWE_SE274590,2025-10-22,7.73,12.04,93.47,0.23,5.42,187.72,993.07,16388.5,2.29,5.706,2900.0,0.004,PM2.5-1HR
957,SWE_SE0004A,2025-10-23,3.72,10.46,90.63,0.27,4.59,122.38,991.41,2107.38,1.46,4.544,2900.0,0.027,PM2.5-1HR
957,SWE_SE0067A,2025-10-23,3.37,10.48,90.61,0.27,4.67,122.39,991.39,11846.73,1.46,4.544,2900.0,0.003,PM2.5-1HR
957,SWE_SE274590,2025-10-23,3.42,10.49,90.6,0.27,4.7,122.39,991.38,16388.5,1.46,4.544,2900.0,0.004,PM2.5-1HR
957,SWE_SE0004A,2025-10-24,3.84,11.09,92.44,0.09,4.59,129.35,984.82,2107.38,1.71,4.894,2900.0,0.027,PM2.5-1HR
957,SWE_SE0067A,2025-10-24,3.14,11.1,92.4,0.09,4.68,129.93,984.8,11846.73,1.71,4.894,2900.0,0.003,PM2.5-1HR
957,SWE_SE274590,2025-10-24,3.2,11.1,92.38,0.09,4.72,130.21,984.79,16388.5,1.71,4.894,2900.0,0.004,PM2.5-1HR
957,SWE_SE0004A,2025-10-25,4.72,9.39,88.98,0.08,5.99,155.94,986.88,2107.38,1.89,5.146,2900.0,0.027,PM2.5-1HR
957,SWE_SE0067A,2025-10-25,4.32,9.43,88.85,0.09,6.13,156.35,986.86,11846.73,1.89,5.146,2900.0,0.003,PM2.5-1HR
957,SWE_SE274590,2025-10-25,4.26,9.44,88.8,0.09,6.19,156.53,986.86,16388.5,1.89,5.146,2900.0,0.004,PM2.5-1HR
957,SWE_SE0067A,2025-10-26,2.01,8.21,94.49,0.26,3.52,170.71,984.43,11846.73,0.59,3.326,2900.0,0.003,PM2.5-1HR
957,SWE_SE0004A,2025-10-26,4.01,8.17,94.65,0.25,3.48,169.31,984.43,2107.38,0.59,3.326,2900.0,0.027,PM2.5-1HR
957,SWE_SE274590,2025-10-26,2.07,8.23,94.42,0.26,3.54,171.36,984.42,16388.5,0.59,3.326,2900.0,0.004,PM2.5-1HR
957,SWE_SE0067A,2025-10-27,2.46,6.92,91.75,0.03,1.63,303.85,985.23,11846.73,1.01,3.914,2900.0,0.003,PM2.5-1HR
957,SWE_SE0004A,2025-10-27,3.18,6.84,92.27,0.03,1.59,301.48,985.22,2107.38,1.01,3.914,2900.0,0.027,PM2.5-1HR
957,SWE_SE274590,2025-10-27,2.75,6.95,91.53,0.03,1.64,305.05,985.23,16388.5,1.01,3.914,2900.0,0.004,PM2.5-1HR
957,SWE_SE0067A,2025-10-28,3.62,7.33,80.88,0.01,3.65,253.13,991.14,11846.73,1.92,5.188,2900.0,0.003,PM2.5-1HR
957,SWE_SE0004A,2025-10-28,4.01,7.24,81.35,0.01,3.56,251.95,991.13,2107.38,1.92,5.188,2900.0,0.027,PM2.5-1HR
957,SWE_SE274590,2025-10-28,4.08,7.36,80.67,0.01,3.69,253.63,991.15,16388.5,1.92,5.188,2900.0,0.004,PM2.5-1HR
957,SWE_SE0067A,2025-10-29,4.37,7.86,84.01,0.18,3.45,219.96,996.59,11846.73,1.81,5.034,2900.0,0.003,PM2.5-1HR
957,SWE_SE0004A,2025-10-29,6.6,7.77,84.26,0.18,3.36,218.87,996.59,2107.38,1.81,5.034,2900.0,0.027,PM2.5-1HR
957,SWE_SE274590,2025-10-29,3.81,7.89,83.91,0.18,3.49,220.43,996.59,16388.5,1.81,5.034,2900.0,0.004,PM2.5-1HR
957,SWE_SE0067A,2025-10-30,1.72,7.88,93.29,0.63,3.89,353.89,996.43,11846.73,0.77,3.578,2900.0,0.003,PM2.5-1HR
957,SWE_SE0004A,2025-10-30,1.99,7.82,93.52,0.63,3.82,353.64,996.43,2107.38,0.77,3.578,2900.0,0.027,PM2.5-1HR
957,SWE_SE274590,2025-10-30,2.02,7.91,93.19,0.63,3.92,353.99,996.43,16388.5,0.77,3.578,2900.0,0.004,PM2.5-1HR
957,SWE_SE0067A,2025-10-31,2.72,4.24,90.15,0,2.67,91.5,1012.88,11846.73,1.06,3.984,2900.0,0.003,PM2.5-1HR
957,SWE_SE274590,2025-10-31,2.34,4.29,89.97,0,2.69,91.47,1012.88,16388.5,1.06,3.984,2900.0,0.004,PM2.5-1HR
957,SWE_SE0004A,2025-10-31,2.7,4.11,90.58,0,2.61,91.57,1012.89,2107.38,1.06,3.984,2900.0,0.027,PM2.5-1HR
957,SWE_SE274590,2025-11-01,6,8.83,89.43,0.28,5.63,145.07,1007.87,16388.5,2.14,5.496,2900.0,0.004,PM2.5-1HR
957,SWE_SE0067A,2025-11-01,5.97,8.81,89.48,0.28,5.58,144.92,1007.87,11846.73,2.14,5.496,2900.0,0.003,PM2.5-1HR
957,SWE_SE0004A,2025-11-01,6.25,8.75,89.57,0.28,5.47,144.59,1007.89,2107.38,2.14,5.496,2900.0,0.027,PM2.5-1HR
957,SWE_SE274590,2025-11-02,6.42,9.41,94.18,0.16,4.12,211.12,1005.16,16388.5,3.08,6.812,2900.0,0.004,PM2.5-1HR
957,SWE_SE0067A,2025-11-02,5.82,9.38,94.26,0.16,4.08,210.87,1005.16,11846.73,3.08,6.812,2900.0,0.003,PM2.5-1HR
957,SWE_SE0004A,2025-11-02,9.16,9.32,94.46,0.16,4,210.29,1005.16,2107.38,3.08,6.812,2900.0,0.027,PM2.5-1HR
957,SWE_SE274590,2025-11-03,4.61,8.95,92.89,0.23,4.33,194.61,1008.26,16388.5,1.13,4.082,2900.0,0.004,PM2.5-1HR
957,SWE_SE0067A,2025-11-03,4.34,8.92,93.01,0.23,4.29,194.17,1008.26,11846.73,1.13,4.082,2900.0,0.003,PM2.5-1HR
957,SWE_SE0004A,2025-11-03,7.02,8.86,93.29,0.22,4.2,193.14,1008.26,2107.38,1.13,4.082,2900.0,0.027,PM2.5-1HR
957,SWE_SE0004A,2025-11-04,7.39,12.41,94.83,0.08,6.29,214.18,1009.85,2107.38,2.48,5.972,2900.0,0.027,PM2.5-1HR
957,SWE_SE274590,2025-11-04,6.52,12.42,94.67,0.09,6.44,214.27,1009.88,16388.5,2.48,5.972,2900.0,0.004,PM2.5-1HR
957,SWE_SE0067A,2025-11-04,6.56,12.42,94.72,0.09,6.39,214.24,1009.87,11846.73,2.48,5.972,2900.0,0.003,PM2.5-1HR
957,SWE_SE274590,2025-11-05,6.34,11.2,92.94,0.11,4.89,192.91,1012.94,16388.5,4.86,9.304,2900.0,0.004,PM2.5-1HR
957,SWE_SE0067A,2025-11-05,6.22,11.19,93,0.11,4.85,192.84,1012.93,11846.73,4.86,9.304,2900.0,0.003,PM2.5-1HR
957,SWE_SE0004A,2025-11-05,10.51,11.17,93.15,0.1,4.77,192.68,1012.92,2107.38,4.86,9.304,2900.0,0.027,PM2.5-1HR
957,SWE_SE274590,2025-11-06,7.55,10.93,91.3,0.12,3.69,170.88,1013.25,16388.5,5.3,9.92,2900.0,0.004,PM2.5-1HR
957,SWE_SE0067A,2025-11-06,7.52,10.92,91.36,0.12,3.66,170.9,1013.25,11846.73,5.3,9.92,2900.0,0.003,PM2.5-1HR
957,SWE_SE0004A,2025-11-06,9.63,10.91,91.48,0.13,3.6,170.93,1013.25,2107.38,5.3,9.92,2900.0,0.027,PM2.5-1HR
957,SWE_SE274590,2025-11-07,15.19,8.07,87.84,0,2.84,158.4,1012.13,16388.5,4.61,8.954,2900.0,0.004,PM2.5-1HR
957,SWE_SE0067A,2025-11-07,14.74,8.05,87.87,0,2.81,158.41,1012.14,11846.73,4.61,8.954,2900.0,0.003,PM2.5-1HR
957,SWE_SE0004A,2025-11-07,15.24,8.01,87.91,0,2.75,158.43,1012.14,2107.38,4.61,8.954,2900.0,0.027,PM2.5-1HR
957,SWE_SE274590,2025-11-08,20.47,7.83,90.55,0.02,1.14,128.64,1014.63,16388.5,16.3,25.32,2900.0,0.004,PM2.5-1HR
957,SWE_SE0067A,2025-11-08,19.53,7.82,90.68,0.02,1.13,128.45,1014.63,11846.73,16.3,25.32,2900.0,0.003,PM2.5-1HR
957,SWE_SE0004A,2025-11-08,19.12,7.79,90.97,0.02,1.09,128.02,1014.63,2107.38,16.3,25.32,2900.0,0.027,PM2.5-1HR
957,SWE_SE274590,2025-11-09,11.97,6.28,90.02,0,1.36,171.86,1014.57,16388.5,6.06,10.984,2900.0,0.004,PM2.5-1HR
957,SWE_SE0067A,2025-11-09,11.84,6.25,90.15,0,1.35,172.02,1014.57,11846.73,6.06,10.984,2900.0,0.003,PM2.5-1HR
957,SWE_SE0004A,2025-11-09,14.06,6.2,90.47,0,1.34,172.37,1014.57,2107.38,6.06,10.984,2900.0,0.027,PM2.5-1HR
957,SWE_SE274590,2025-11-10,11.07,7.67,91.15,0.01,2.64,202.93,1013.12,16388.5,7.65,13.21,2900.0,0.004,PM2.5-1HR
957,SWE_SE0067A,2025-11-10,10.66,7.65,91.26,0.01,2.62,202.88,1013.12,11846.73,7.65,13.21,2900.0,0.003,PM2.5-1HR
957,SWE_SE0004A,2025-11-10,12.98,7.61,91.5,0.01,2.59,202.73,1013.11,2107.38,7.65,13.21,2900.0,0.027,PM2.5-1HR
957,SWE_SE274590,2025-11-11,9.17,7.92,90.96,0,3.19,156.95,1010.31,16388.5,4.83,9.262,2900.0,0.004,PM2.5-1HR
957,SWE_SE0067A,2025-11-11,9.1,7.9,91,0,3.16,156.71,1010.31,11846.73,4.83,9.262,2900.0,0.003,PM2.5-1HR
957,SWE_SE0004A,2025-11-11,8.78,7.86,91.11,0,3.08,156.13,1010.32,2107.38,4.83,9.262,2900.0,0.027,PM2.5-1HR
957,SWE_SE274590,2025-11-12,8.28,9.96,94.69,0.56,6.65,194.87,1005.14,16388.5,6.53,11.642,2900.0,0.004,PM2.5-1HR
957,SWE_SE0067A,2025-11-12,8.12,9.96,94.75,0.56,6.6,194.78,1005.13,11846.73,6.53,11.642,2900.0,0.003,PM2.5-1HR
957,SWE_SE0004A,2025-11-12,10.05,9.93,94.9,0.56,6.49,194.57,1005.12,2107.38,6.53,11.642,2900.0,0.027,PM2.5-1HR
957,SWE_SE274590,2025-11-13,4.36,8.61,95.41,0.5,3.98,270.98,999.72,16388.5,0.59,3.326,2900.0,0.004,PM2.5-1HR
957,SWE_SE0067A,2025-11-13,4.13,8.59,95.47,0.5,3.95,271.11,999.72,11846.73,0.59,3.326,2900.0,0.003,PM2.5-1HR
957,SWE_SE0004A,2025-11-13,4.4,8.54,95.61,0.5,3.89,271.35,999.71,2107.38,0.59,3.326,2900.0,0.027,PM2.5-1HR
957,SWE_SE274590,2025-11-14,4.05,1.44,90.34,0,1.89,357.91,1012.41,16388.5,1.16,4.124,2900.0,0.004,PM2.5-1HR
957,SWE_SE0067A,2025-11-14,3.22,1.38,90.8,0,1.88,357.28,1012.41,11846.73,1.16,4.124,2900.0,0.003,PM2.5-1HR
957,SWE_SE0004A,2025-11-14,3.08,1.25,91.88,0,1.87,354.84,1012.41,2107.38,1.16,4.124,2900.0,0.027,PM2.5-1HR
957,SWE_SE274590,2025-11-15,3.48,-0.05,86.05,0,2.82,181.93,1019.71,16388.5,2.16,5.524,2900.0,0.004,PM2.5-1HR
957,SWE_SE0067A,2025-11-15,3.94,-0.09,86.42,0,2.8,181.97,1019.7,11846.73,2.16,5.524,2900.0,0.003,PM2.5-1HR
957,SWE_SE0004A,2025-11-15,6.96,-0.21,87.26,0,2.76,181.83,1019.7,2107.38,2.16,5.524,2900.0,0.027,PM2.5-1HR
957,SWE_SE274590,2025-11-16,3.79,3.72,81.8,0,3.66,288.97,1004.19,16388.5,2.14,5.496,2900.0,0.004,PM2.5-1HR
957,SWE_SE0067A,2025-11-16,4.19,3.67,82.05,0,3.61,288.8,1004.18,11846.73,2.14,5.496,2900.0,0.003,PM2.5-1HR
957,SWE_SE0004A,2025-11-16,5.34,3.55,82.63,0,3.51,288.33,1004.17,2107.38,2.14,5.496,2900.0,0.027,PM2.5-1HR
957,SWE_SE0067A,2025-11-17,4.82,0.33,82.02,0,2.72,14.22,1004.83,11846.73,1.95,5.23,2900.0,0.003,PM2.5-1HR
957,SWE_SE274590,2025-11-17,4.63,0.39,81.69,0,2.75,14.29,1004.83,16388.5,1.95,5.23,2900.0,0.004,PM2.5-1HR
957,SWE_SE0004A,2025-11-17,6.18,0.21,82.77,0,2.66,14.05,1004.83,2107.38,1.95,5.23,2900.0,0.027,PM2.5-1HR
957,SWE_SE0067A,2025-11-18,5.27,-0.04,89.32,0.01,1.64,173.71,1005.25,11846.73,2.38,5.832,2900.0,0.003,PM2.5-1HR
957,SWE_SE0004A,2025-11-18,4.99,-0.19,90.31,0.01,1.67,171.66,1005.26,2107.38,2.38,5.832,2900.0,0.027,PM2.5-1HR
957,SWE_SE274590,2025-11-18,5.44,0.03,88.9,0.01,1.63,174.64,1005.26,16388.5,2.38,5.832,2900.0,0.004,PM2.5-1HR
957,SWE_SE0067A,2025-11-19,4.15,-1.41,95.43,0,2.33,57.66,1003.98,11846.73,2.09,5.426,2900.0,0.003,PM2.5-1HR
957,SWE_SE0004A,2025-11-19,4.2,-1.52,95.56,0,2.3,58.09,1003.99,2107.38,2.09,5.426,2900.0,0.027,PM2.5-1HR
957,SWE_SE274590,2025-11-19,4.7,-1.37,95.37,0,2.34,57.49,1003.97,16388.5,2.09,5.426,2900.0,0.004,PM2.5-1HR
957,SWE_SE0067A,2025-11-20,1.77,-2.37,87.38,0,4.97,13.66,1007.17,11846.73,0.89,3.746,2900.0,0.003,PM2.5-1HR
957,SWE_SE0004A,2025-11-20,1.87,-2.46,87.71,0,4.85,13.43,1007.18,2107.38,0.89,3.746,2900.0,0.027,PM2.5-1HR
957,SWE_SE274590,2025-11-20,2.3,-2.33,87.23,0,5.02,13.76,1007.17,16388.5,0.89,3.746,2900.0,0.004,PM2.5-1HR
957,SWE_SE0067A,2025-11-21,4.05,-3.09,81.57,0,2.83,350.24,1017.24,11846.73,0.98,3.872,2900.0,0.003,PM2.5-1HR
957,SWE_SE0004A,2025-11-21,4.65,-3.25,82.32,0,2.76,350.79,1017.24,2107.38,0.98,3.872,2900.0,0.027,PM2.5-1HR
957,SWE_SE274590,2025-11-21,3.37,-3.01,81.24,0,2.86,349.77,1017.24,16388.5,0.98,3.872,2900.0,0.004,PM2.5-1HR
957,SWE_SE0067A,2025-11-22,5.41,4.03,87.65,0.01,5.68,210.41,1015.4,11846.73,2.3,5.72,2900.0,0.003,PM2.5-1HR
957,SWE_SE0004A,2025-11-22,6.81,3.95,87.9,0.01,5.57,209.93,1015.39,2107.38,2.3,5.72,2900.0,0.027,PM2.5-1HR
957,SWE_SE274590,2025-11-22,5.11,4.06,87.54,0.01,5.74,210.62,1015.41,16388.5,2.3,5.72,2900.0,0.004,PM2.5-1HR
957,SWE_SE0067A,2025-11-23,7.04,3.47,82,0.18,5.81,174.88,1008.05,11846.73,2.26,5.664,2900.0,0.003,PM2.5-1HR
957,SWE_SE0004A,2025-11-23,8.65,3.41,82.36,0.19,5.69,174.47,1008.06,2107.38,2.26,5.664,2900.0,0.027,PM2.5-1HR
957,SWE_SE274590,2025-11-23,7.23,3.5,81.83,0.18,5.87,175.06,1008.05,16388.5,2.26,5.664,2900.0,0.004,PM2.5-1HR
957,SWE_SE0067A,2025-11-24,5.85,-0.28,77.42,0,4.33,99.24,1000.25,11846.73,3.25,7.05,2900.0,0.003,PM2.5-1HR
957,SWE_SE0004A,2025-11-24,5.87,-0.36,77.49,0,4.22,98.88,1000.27,2107.38,3.25,7.05,2900.0,0.027,PM2.5-1HR
957,SWE_SE274590,2025-11-24,6.14,-0.25,77.4,0,4.37,99.39,1000.23,16388.5,3.25,7.05,2900.0,0.004,PM2.5-1HR
957,SWE_SE0067A,2025-11-25,5.6,-0.86,91.52,0,3.67,59.71,1010.25,11846.73,4.2,8.38,2900.0,0.003,PM2.5-1HR
957,SWE_SE0004A,2025-11-25,5.57,-0.96,91.83,0,3.59,59.39,1010.27,2107.38,4.2,8.38,2900.0,0.027,PM2.5-1HR
957,SWE_SE274590,2025-11-25,6.04,-0.82,91.37,0,3.69,59.84,1010.24,16388.5,4.2,8.38,2900.0,0.004,PM2.5-1HR
957,SWE_SE0067A,2025-11-26,7.34,-1.37,94.53,0,1.84,92.32,1018.91,11846.73,4.52,8.828,2900.0,0.003,PM2.5-1HR
957,SWE_SE0004A,2025-11-26,7.02,-1.48,94.83,0,1.82,92.77,1018.92,2107.38,4.52,8.828,2900.0,0.027,PM2.5-1HR
957,SWE_SE274590,2025-11-26,6.88,-1.32,94.39,0,1.85,92.08,1018.91,16388.5,4.52,8.828,2900.0,0.004,PM2.5-1HR
957,SWE_SE0067A,2025-11-27,5.47,4.12,93.83,0.35,6.3,187.78,1008.31,11846.73,1.99,5.286,2900.0,0.003,PM2.5-1HR
957,SWE_SE0004A,2025-11-27,7.28,4.06,94.11,0.35,6.18,187.19,1008.3,2107.38,1.99,5.286,2900.0,0.027,PM2.5-1HR
957,SWE_SE274590,2025-11-27,5.72,4.15,93.71,0.36,6.36,188.03,1008.31,16388.5,1.99,5.286,2900.0,0.004,PM2.5-1HR
957,SWE_SE0067A,2025-11-28,7.34,8.51,93.08,0.1,6.59,207.68,1003.52,11846.73,1.99,5.286,2900.0,0.003,PM2.5-1HR
957,SWE_SE0004A,2025-11-28,9.5,8.49,93.11,0.1,6.48,207.65,1003.5,2107.38,1.99,5.286,2900.0,0.027,PM2.5-1HR
957,SWE_SE274590,2025-11-28,7.15,8.51,93.07,0.1,6.64,207.7,1003.53,16388.5,1.99,5.286,2900.0,0.004,PM2.5-1HR
957,SWE_SE274590,2025-11-29,10.33,7.67,86.86,0.15,6.34,207.45,1003.43,16388.5,8.11,13.854,2900.0,0.004,PM2.5-1HR
957,SWE_SE0067A,2025-11-29,10.27,7.66,86.89,0.15,6.3,207.44,1003.42,11846.73,8.11,13.854,2900.0,0.003,PM2.5-1HR
957,SWE_SE0004A,2025-11-29,13.03,7.64,86.96,0.15,6.19,207.42,1003.4,2107.38,8.11,13.854,2900.0,0.027,PM2.5-1HR
957,SWE_SE274590,2025-11-30,6.06,6.4,93.72,0.16,5.93,163.09,1003.24,16388.5,2.47,5.958,2900.0,0.004,PM2.5-1HR
957,SWE_SE0067A,2025-11-30,5.85,6.39,93.79,0.16,5.87,162.97,1003.24,11846.73,2.47,5.958,2900.0,0.003,PM2.5-1HR
957,SWE_SE0004A,2025-11-30,7.97,6.35,93.96,0.16,5.74,162.68,1003.25,2107.38,2.47,5.958,2900.0,0.027,PM2.5-1HR
957,SWE_SE0004A,2025-12-01,7.53,5.94,90.62,0.24,6.71,210.24,1006.14,2107.38,4.39,8.646,2900.0,0.027,PM2.5-1HR
957,SWE_SE0067A,2025-12-01,5.75,5.99,90.35,0.24,6.84,210.44,1006.16,11846.73,4.39,8.646,2900.0,0.003,PM2.5-1HR
957,SWE_SE274590,2025-12-01,5.83,6.01,90.23,0.24,6.9,210.53,1006.17,16388.5,4.39,8.646,2900.0,0.004,PM2.5-1HR
957,SWE_SE0004A,2025-12-02,7.9,5.26,88.38,0.26,6.34,173.6,1008.51,2107.38,3.2,6.98,2900.0,0.027,PM2.5-1HR
957,SWE_SE0067A,2025-12-02,5.7,5.32,88.1,0.27,6.47,173.83,1008.51,11846.73,3.2,6.98,2900.0,0.003,PM2.5-1HR
957,SWE_SE274590,2025-12-02,5.97,5.34,87.98,0.27,6.52,173.92,1008.51,16388.5,3.2,6.98,2900.0,0.004,PM2.5-1HR
957,SWE_SE0004A,2025-12-03,8.37,4.68,95.43,0.01,3.27,144.1,1013.61,2107.38,5.5,10.2,2900.0,0.027,PM2.5-1HR
957,SWE_SE0067A,2025-12-03,8.86,4.74,95.23,0.02,3.34,144.63,1013.6,11846.73,5.5,10.2,2900.0,0.003,PM2.5-1HR
957,SWE_SE274590,2025-12-03,9.01,4.76,95.14,0.02,3.38,144.85,1013.59,16388.5,5.5,10.2,2900.0,0.004,PM2.5-1HR
957,SWE_SE0004A,2025-12-04,4.78,4.67,97.14,0.12,3.23,137.24,1011.38,2107.38,1.95,5.23,2900.0,0.027,PM2.5-1HR
957,SWE_SE0067A,2025-12-04,5.15,4.73,96.99,0.12,3.32,137.63,1011.37,11846.73,1.95,5.23,2900.0,0.003,PM2.5-1HR
957,SWE_SE274590,2025-12-04,4.97,4.75,96.92,0.13,3.35,137.79,1011.36,16388.5,1.95,5.23,2900.0,0.004,PM2.5-1HR
957,SWE_SE0004A,2025-12-05,7.95,4.02,94.3,0.09,3.03,109,1014.06,2107.38,3.57,7.498,2900.0,0.027,PM2.5-1HR
957,SWE_SE0067A,2025-12-05,8.7,4.07,94.19,0.09,3.11,109.37,1014.05,11846.73,3.57,7.498,2900.0,0.003,PM2.5-1HR
957,SWE_SE274590,2025-12-05,8.89,4.09,94.14,0.09,3.14,109.52,1014.04,16388.5,3.57,7.498,2900.0,0.004,PM2.5-1HR
957,SWE_SE0004A,2025-12-06,6.36,4.55,95.07,0.07,3.1,130.09,1008.4,2107.38,1.92,5.188,2900.0,0.027,PM2.5-1HR
957,SWE_SE0067A,2025-12-06,6.42,4.59,94.91,0.07,3.19,130.96,1008.39,11846.73,1.92,5.188,2900.0,0.003,PM2.5-1HR
957,SWE_SE274590,2025-12-06,6.47,4.61,94.84,0.07,3.23,131.35,1008.38,16388.5,1.92,5.188,2900.0,0.004,PM2.5-1HR
957,SWE_SE0004A,2025-12-07,6.58,4.84,96.48,0.17,3.76,129.73,1006.38,2107.38,2.78,6.392,2900.0,0.027,PM2.5-1HR
957,SWE_SE0067A,2025-12-07,6.91,4.88,96.36,0.18,3.87,130.32,1006.36,11846.73,2.78,6.392,2900.0,0.003,PM2.5-1HR
957,SWE_SE274590,2025-12-07,7.08,4.9,96.31,0.18,3.91,130.57,1006.35,16388.5,2.78,6.392,2900.0,0.004,PM2.5-1HR
957,SWE_SE0004A,2025-12-08,7.46,7.8,93.98,0.54,7.19,197.91,998.69,2107.38,1.27,4.278,2900.0,0.027,PM2.5-1HR
957,SWE_SE0067A,2025-12-08,6.88,7.82,93.78,0.53,7.31,198.17,998.71,11846.73,1.27,4.278,2900.0,0.003,PM2.5-1HR
957,SWE_SE274590,2025-12-08,7.16,7.84,93.68,0.53,7.36,198.29,998.71,16388.5,1.27,4.278,2900.0,0.004,PM2.5-1HR
957,SWE_SE0004A,2025-12-09,13.02,7.77,93.87,0.09,4.75,228.15,1005.76,2107.38,2.9,6.56,2900.0,0.027,PM2.5-1HR
957,SWE_SE0067A,2025-12-09,11.45,7.8,93.75,0.1,4.83,228.1,1005.77,11846.73,2.9,6.56,2900.0,0.003,PM2.5-1HR
957,SWE_SE274590,2025-12-09,12.12,7.81,93.69,0.1,4.86,228.07,1005.78,16388.5,2.9,6.56,2900.0,0.004,PM2.5-1HR
957,SWE_SE0004A,2025-12-10,11.67,8.86,91.95,0.37,6.12,217.36,1004.86,2107.38,0.46,3.144,2900.0,0.027,PM2.5-1HR
957,SWE_SE0067A,2025-12-10,10.03,8.88,91.84,0.37,6.22,217.51,1004.88,11846.73,0.46,3.144,2900.0,0.003,PM2.5-1HR
957,SWE_SE274590,2025-12-10,10.51,8.89,91.8,0.37,6.27,217.57,1004.88,16388.5,0.46,3.144,2900.0,0.004,PM2.5-1HR
957,SWE_SE0004A,2025-12-11,17.83,8.87,90.6,0.07,6.85,253.46,1008.54,2107.38,10.24,16.836,2900.0,0.027,PM2.5-1HR
957,SWE_SE0067A,2025-12-11,16.45,8.89,90.44,0.07,6.96,253.54,1008.57,11846.73,10.24,16.836,2900.0,0.003,PM2.5-1HR
957,SWE_SE274590,2025-12-11,17.34,8.9,90.37,0.06,7.01,253.57,1008.58,16388.5,10.24,16.836,2900.0,0.004,PM2.5-1HR
957,SWE_SE0004A,2025-12-12,13.33,7.89,90.31,0,3.64,229.48,1018.81,2107.38,7.97,13.658,2900.0,0.027,PM2.5-1HR
957,SWE_SE0067A,2025-12-12,10.48,7.89,90.26,0,3.7,229.68,1018.82,11846.73,7.97,13.658,2900.0,0.003,PM2.5-1HR
957,SWE_SE274590,2025-12-12,10.99,7.9,90.24,0,3.73,229.77,1018.82,16388.5,7.97,13.658,2900.0,0.004,PM2.5-1HR
957,SWE_SE0067A,2025-12-13,8.55,6.09,93.04,0.09,4.4,214.89,1018.64,11846.73,3.14,6.896,2900.0,0.003,PM2.5-1HR
957,SWE_SE274590,2025-12-13,8.9,6.11,92.97,0.09,4.44,215.09,1018.65,16388.5,3.14,6.896,2900.0,0.004,PM2.5-1HR
957,SWE_SE0004A,2025-12-13,10.29,6.05,93.2,0.09,4.31,214.43,1018.63,2107.38,3.14,6.896,2900.0,0.027,PM2.5-1HR
957,SWE_SE0004A,2025-12-14,8.68,7.77,92.65,0.16,6.08,223.12,1012.45,2107.38,4.85,9.29,2900.0,0.027,PM2.5-1HR
957,SWE_SE0067A,2025-12-14,7.76,7.8,92.47,0.16,6.18,223.2,1012.47,11846.73,4.85,9.29,2900.0,0.003,PM2.5-1HR
957,SWE_SE274590,2025-12-14,7.96,7.81,92.38,0.16,6.22,223.24,1012.48,16388.5,4.85,9.29,2900.0,0.004,PM2.5-1HR
957,SWE_SE0004A,2025-12-15,14.73,7.59,89.07,0.1,6.12,202.73,1009.31,2107.38,11.59,18.726,2900.0,0.027,PM2.5-1HR
957,SWE_SE0067A,2025-12-15,13.52,7.6,89,0.1,6.22,202.81,1009.32,11846.73,11.59,18.726,2900.0,0.003,PM2.5-1HR
957,SWE_SE274590,2025-12-15,13.83,7.61,88.96,0.1,6.27,202.84,1009.33,16388.5,11.59,18.726,2900.0,0.004,PM2.5-1HR
957,SWE_SE0004A,2025-12-16,17.01,6.72,92.08,0.05,4.44,188.76,1012.32,2107.38,10.4,17.06,2900.0,0.027,PM2.5-1HR
957,SWE_SE0067A,2025-12-16,15.61,6.74,92.01,0.06,4.53,188.96,1012.32,11846.73,10.4,17.06,2900.0,0.003,PM2.5-1HR
957,SWE_SE274590,2025-12-16,16.19,6.75,91.98,0.06,4.58,189.04,1012.33,16388.5,10.4,17.06,2900.0,0.004,PM2.5-1HR
957,SWE_SE0067A,2025-12-17,8.49,5.94,96.24,0.09,3.58,214.05,1012.47,11846.73,3.45,7.33,2900.0,0.003,PM2.5-1HR
957,SWE_SE0004A,2025-12-17,10.33,5.9,96.36,0.09,3.53,213.81,1012.46,2107.38,3.45,7.33,2900.0,0.027,PM2.5-1HR
957,SWE_SE274590,2025-12-17,9.02,5.95,96.19,0.09,3.6,214.14,1012.48,16388.5,3.45,7.33,2900.0,0.004,PM2.5-1HR
957,SWE_SE0067A,2025-12-18,11.32,6.55,94.01,0.15,5.67,184.06,1011.84,11846.73,3.9,7.96,2900.0,0.003,PM2.5-1HR
957,SWE_SE0004A,2025-12-18,13.61,6.52,94.18,0.14,5.57,183.81,1011.83,2107.38,3.9,7.96,2900.0,0.027,PM2.5-1HR
957,SWE_SE274590,2025-12-18,12.12,6.56,93.93,0.15,5.72,184.17,1011.84,16388.5,3.9,7.96,2900.0,0.004,PM2.5-1HR
957,SWE_SE0004A,2025-12-19,11.15,7.8,92.14,0.35,6.14,200.04,1008.75,2107.38,7.45,12.93,2900.0,0.027,PM2.5-1HR
957,SWE_SE0067A,2025-12-19,9.69,7.83,91.98,0.35,6.25,200.12,1008.76,11846.73,7.45,12.93,2900.0,0.003,PM2.5-1HR
957,SWE_SE274590,2025-12-19,9.94,7.84,91.91,0.35,6.29,200.16,1008.76,16388.5,7.45,12.93,2900.0,0.004,PM2.5-1HR
957,SWE_SE0004A,2025-12-20,11.89,7.31,91.25,0.06,5.37,243.61,1013.31,2107.38,9.25,15.45,2900.0,0.027,PM2.5-1HR
957,SWE_SE0067A,2025-12-20,10.94,7.34,91.08,0.06,5.46,243.75,1013.33,11846.73,9.25,15.45,2900.0,0.003,PM2.5-1HR
957,SWE_SE274590,2025-12-20,10.92,7.36,91,0.06,5.49,243.8,1013.33,16388.5,9.25,15.45,2900.0,0.004,PM2.5-1HR
957,SWE_SE0004A,2025-12-21,6.84,3.69,98.56,0,1.72,119.5,1021.89,2107.38,1.98,5.272,2900.0,0.027,PM2.5-1HR
957,SWE_SE0067A,2025-12-21,6.94,3.77,98.34,0,1.73,121.22,1021.89,11846.73,1.98,5.272,2900.0,0.003,PM2.5-1HR
957,SWE_SE274590,2025-12-21,7.22,3.81,98.24,0,1.74,122,1021.89,16388.5,1.98,5.272,2900.0,0.004,PM2.5-1HR
957,SWE_SE0004A,2025-12-22,3.01,-0.12,95.73,0,2.59,90.71,1025.37,2107.38,1.18,4.152,2900.0,0.027,PM2.5-1HR
957,SWE_SE0067A,2025-12-22,3.15,-0.04,95.57,0,2.64,91.05,1025.36,11846.73,1.18,4.152,2900.0,0.003,PM2.5-1HR
957,SWE_SE274590,2025-12-22,3.55,-0.01,95.5,0,2.66,91.2,1025.35,16388.5,1.18,4.152,2900.0,0.004,PM2.5-1HR
957,SWE_SE0004A,2025-12-23,1.81,0.07,89.22,0,3.26,67.12,1034.12,2107.38,0.7,3.48,2900.0,0.027,PM2.5-1HR
957,SWE_SE0067A,2025-12-23,1.35,0.13,88.89,0,3.32,67.74,1034.1,11846.73,0.7,3.48,2900.0,0.003,PM2.5-1HR
957,SWE_SE274590,2025-12-23,1.71,0.15,88.75,0,3.34,68.01,1034.09,16388.5,0.7,3.48,2900.0,0.004,PM2.5-1HR
957,SWE_SE0004A,2025-12-24,2.9,-0.93,87.97,0,1.16,346.87,1040.65,2107.38,0.8,3.62,2900.0,0.027,PM2.5-1HR
957,SWE_SE0067A,2025-12-24,3.18,-0.85,87.46,0,1.17,348.18,1040.65,11846.73,0.8,3.62,2900.0,0.003,PM2.5-1HR
957,SWE_SE274590,2025-12-24,3.33,-0.82,87.24,0,1.18,348.76,1040.65,16388.5,0.8,3.62,2900.0,0.004,PM2.5-1HR
957,SWE_SE0004A,2025-12-25,5.6,0.26,95.64,0,2.23,243.24,1037.76,2107.38,2.95,6.63,2900.0,0.027,PM2.5-1HR
957,SWE_SE0067A,2025-12-25,4.88,0.36,95.2,0,2.27,245.97,1037.77,11846.73,2.95,6.63,2900.0,0.003,PM2.5-1HR
957,SWE_SE274590,2025-12-25,4.87,0.4,95,0,2.29,247.17,1037.77,16388.5,2.95,6.63,2900.0,0.004,PM2.5-1HR
957,SWE_SE0004A,2025-12-26,8.62,2.13,95.89,0,1.84,267.18,1032.94,2107.38,2.06,5.384,2900.0,0.027,PM2.5-1HR
957,SWE_SE0067A,2025-12-26,7.67,2.22,95.76,0,1.85,268.73,1032.95,11846.73,2.06,5.384,2900.0,0.003,PM2.5-1HR
957,SWE_SE274590,2025-12-26,7.6,2.26,95.7,0,1.86,269.42,1032.95,16388.5,2.06,5.384,2900.0,0.004,PM2.5-1HR
957,SWE_SE0004A,2025-12-27,5.41,3.86,77.03,0,4.85,318.18,1026.52,2107.38,1.52,4.628,2900.0,0.027,PM2.5-1HR
957,SWE_SE0067A,2025-12-27,4.72,3.95,76.84,0,4.93,318.26,1026.52,11846.73,1.52,4.628,2900.0,0.003,PM2.5-1HR
957,SWE_SE274590,2025-12-27,5.05,3.98,76.76,0,4.97,318.29,1026.53,16388.5,1.52,4.628,2900.0,0.004,PM2.5-1HR
957,SWE_SE0004A,2025-12-28,5.97,1.3,76.5,0,3.33,311.57,1024.92,2107.38,1.56,4.684,2900.0,0.027,PM2.5-1HR
957,SWE_SE0067A,2025-12-28,5.12,1.42,76.25,0,3.39,311.62,1024.93,11846.73,1.56,4.684,2900.0,0.003,PM2.5-1HR
957,SWE_SE274590,2025-12-28,5.69,1.47,76.13,0,3.41,311.64,1024.93,16388.5,1.56,4.684,2900.0,0.004,PM2.5-1HR
957,SWE_SE0004A,2025-12-29,5.77,0.72,66.73,0,4.5,344.07,1017.14,2107.38,2.03,5.342,2900.0,0.027,PM2.5-1HR
957,SWE_SE0067A,2025-12-29,4.78,0.82,66.61,0,4.58,344.16,1017.14,11846.73,2.03,5.342,2900.0,0.003,PM2.5-1HR
957,SWE_SE274590,2025-12-29,5.13,0.87,66.56,0,4.62,344.2,1017.14,16388.5,2.03,5.342,2900.0,0.004,PM2.5-1HR
957,SWE_SE0004A,2025-12-30,4.52,-0.85,59.48,0,5.02,337.66,1021.28,2107.38,1.32,4.348,2900.0,0.027,PM2.5-1HR
957,SWE_SE0067A,2025-12-30,5.84,-0.73,59.18,0,5.15,338.04,1021.28,11846.73,1.32,4.348,2900.0,0.003,PM2.5-1HR
957,SWE_SE274590,2025-12-30,8.51,-0.68,59.05,0,5.2,338.2,1021.28,16388.5,1.32,4.348,2900.0,0.004,PM2.5-1HR
957,SWE_SE0004A,2025-12-31,3.87,-1.43,85.83,0.01,3.1,4.97,1009.29,2107.38,1.72,4.908,2900.0,0.027,PM2.5-1HR
957,SWE_SE0067A,2025-12-31,3.17,-1.28,85.37,0.01,3.18,0.52,1009.29,11846.73,1.72,4.908,2900.0,0.003,PM2.5-1HR
957,SWE_SE274590,2025-12-31,3.2,-1.21,85.17,0.01,3.21,358.69,1009.29,16388.5,1.72,4.908,2900.0,0.004,PM2.5-1HR
957,SWE_SE0004A,2026-01-01,5.36,1.97,94.7,0.24,4.97,255.37,979.97,2117.06,2.28,5.692,2900.0,0.027,PM2.5-1HR
957,SWE_SE0067A,2026-01-01,4.55,2.05,94.39,0.24,5.08,255.83,979.98,11899.84,2.28,5.692,2900.0,0.003,PM2.5-1HR
957,SWE_SE0004A,2026-01-02,1.23,-3.09,91.4,0.07,4.71,5.44,979.39,2117.06,0.86,3.704,2900.0,0.027,PM2.5-1HR
957,SWE_SE0067A,2026-01-02,1.28,-3.01,91,0.07,4.8,5.41,979.38,11899.84,0.86,3.704,2900.0,0.003,PM2.5-1HR
957,SWE_SE0004A,2026-01-03,1.34,-6.55,85.77,0.05,4.52,0.89,991.25,2117.06,1.07,3.998,2900.0,0.027,PM2.5-1HR
957,SWE_SE0067A,2026-01-03,1.61,-6.46,85.4,0.05,4.62,1.22,991.25,11899.84,1.07,3.998,2900.0,0.003,PM2.5-1HR
957,SWE_SE0004A,2026-01-04,3.74,-5.38,90.89,0.15,3.44,26.76,999.87,2117.06,1.54,4.656,2900.0,0.027,PM2.5-1HR
957,SWE_SE0067A,2026-01-04,4.04,-5.31,90.57,0.15,3.51,26.9,999.86,11899.84,1.54,4.656,2900.0,0.003,PM2.5-1HR
957,SWE_SE0004A,2026-01-05,8.28,-6.72,91.29,0.07,2.51,87.29,1010.47,2117.06,6.88,12.132,2900.0,0.027,PM2.5-1HR
957,SWE_SE0067A,2026-01-05,8.24,-6.61,91.03,0.07,2.56,87.46,1010.45,11899.84,6.88,12.132,2900.0,0.003,PM2.5-1HR
957,SWE_SE0004A,2026-01-06,6.11,-8.7,93.22,0,2.07,99.35,1011.85,2117.06,3.05,6.77,2900.0,0.027,PM2.5-1HR
957,SWE_SE0067A,2026-01-06,6.27,-8.47,92.92,0,2.1,99.03,1011.84,11899.84,3.05,6.77,2900.0,0.003,PM2.5-1HR
957,SWE_SE0004A,2026-01-07,7.39,-2.92,92.46,0.57,4.78,151.8,1006.88,2117.06,3.36,7.204,2900.0,0.027,PM2.5-1HR
957,SWE_SE0067A,2026-01-07,6.95,-2.81,92.33,0.57,4.86,152.82,1006.87,11899.84,3.36,7.204,2900.0,0.003,PM2.5-1HR
957,SWE_SE0004A,2026-01-08,10.49,-2.28,88.78,0.23,5.38,160.04,1007.78,2117.06,7.65,13.21,2900.0,0.027,PM2.5-1HR
957,SWE_SE0067A,2026-01-08,10.49,-2.19,88.58,0.23,5.49,160.39,1007.77,11899.84,7.65,13.21,2900.0,0.003,PM2.5-1HR
957,SWE_SE0004A,2026-01-09,3.3,-4.7,79.56,0,5.05,85.32,1013.77,2117.06,1.67,4.838,2900.0,0.027,PM2.5-1HR
957,SWE_SE0067A,2026-01-09,3.3,-4.62,79.44,0,5.16,85.5,1013.73,11899.84,1.67,4.838,2900.0,0.003,PM2.5-1HR
957,SWE_SE0004A,2026-01-10,2.79,-8.12,83.61,0,4.33,34.96,1020.88,2117.06,1.49,4.586,2900.0,0.027,PM2.5-1HR
957,SWE_SE0067A,2026-01-10,3.21,-8.01,83.36,0,4.42,35.03,1020.86,11899.84,1.49,4.586,2900.0,0.003,PM2.5-1HR
957,SWE_SE0004A,2026-01-11,7.5,-14.11,84.49,0,2.54,45.93,1023.63,2117.06,4.34,8.576,2900.0,0.027,PM2.5-1HR
957,SWE_SE0067A,2026-01-11,8.02,-13.89,84.16,0,2.59,45.11,1023.62,11899.84,4.34,8.576,2900.0,0.003,PM2.5-1HR
957,SWE_SE0067A,2026-01-12,3.57,-8.04,82.82,0.03,4.63,110.45,1015.24,11899.84,1.38,4.432,2900.0,0.003,PM2.5-1HR
957,SWE_SE0004A,2026-01-12,3.49,-8.16,82.86,0.03,4.54,110.23,1015.26,2117.06,1.38,4.432,2900.0,0.027,PM2.5-1HR
957,SWE_SE0067A,2026-01-13,2.42,-0.47,91.5,0.15,5.2,132.37,1009.4,11899.84,1.85,5.09,2900.0,0.003,PM2.5-1HR
957,SWE_SE0004A,2026-01-13,2.45,-0.52,91.53,0.15,5.08,132.15,1009.42,2117.06,1.85,5.09,2900.0,0.027,PM2.5-1HR
957,SWE_SE0067A,2026-01-14,4.68,2.42,95.43,0.17,4.97,210.57,1004.71,11899.84,1.17,4.138,2900.0,0.003,PM2.5-1HR
957,SWE_SE0004A,2026-01-14,6.07,2.38,95.59,0.17,4.89,210.14,1004.7,2117.06,1.17,4.138,2900.0,0.027,PM2.5-1HR
957,SWE_SE0067A,2026-01-15,5.84,2.06,96.19,0.06,4.91,175.71,1010.58,11899.84,3.59,7.526,2900.0,0.003,PM2.5-1HR
957,SWE_SE0004A,2026-01-15,7.25,2.03,96.31,0.05,4.81,175.52,1010.58,2117.06,3.59,7.526,2900.0,0.027,PM2.5-1HR
957,SWE_SE0067A,2026-01-16,8.79,3.94,95.61,0.08,5.92,166.8,1012.41,11899.84,2.6,6.14,2900.0,0.003,PM2.5-1HR
957,SWE_SE0004A,2026-01-16,10.56,3.92,95.63,0.08,5.81,166.66,1012.41,2117.06,2.6,6.14,2900.0,0.027,PM2.5-1HR
957,SWE_SE0067A,2026-01-17,7.17,3.08,97.81,0,2.92,136.04,1026.56,11899.84,4.82,9.248,2900.0,0.003,PM2.5-1HR
957,SWE_SE0004A,2026-01-17,7.09,3.05,97.9,0,2.87,135.66,1026.57,2117.06,4.82,9.248,2900.0,0.027,PM2.5-1HR
957,SWE_SE0067A,2026-01-18,5.32,1.53,97.26,0,3.03,115.12,1030.4,11899.84,3.17,6.938,2900.0,0.003,PM2.5-1HR
957,SWE_SE0004A,2026-01-18,5.31,1.49,97.38,0,2.96,114.67,1030.42,2117.06,3.17,6.938,2900.0,0.027,PM2.5-1HR
957,SWE_SE0067A,2026-01-19,15.11,-0.5,89.39,0,3.33,120.27,1026.71,11899.84,10.2,16.78,2900.0,0.003,PM2.5-1HR
957,SWE_SE0004A,2026-01-19,14.72,-0.57,89.64,0,3.25,119.86,1026.73,2117.06,10.2,16.78,2900.0,0.027,PM2.5-1HR
957,SWE_SE0067A,2026-01-20,28.52,-1.52,88.23,0,2.35,79.83,1023.14,11899.84,20.34,30.976,2900.0,0.003,PM2.5-1HR
957,SWE_SE0004A,2026-01-20,27.67,-1.59,88.36,0,2.31,79.33,1023.15,2117.06,20.34,30.976,2900.0,0.027,PM2.5-1HR
957,SWE_SE0067A,2026-01-21,12.93,-1.2,79.28,0,4.43,63.5,1017.01,11899.84,4.61,8.954,2900.0,0.003,PM2.5-1HR
957,SWE_SE0004A,2026-01-21,12.67,-1.23,79.33,0,4.36,63.23,1017.03,2117.06,4.61,8.954,2900.0,0.027,PM2.5-1HR
957,SWE_SE0067A,2026-01-22,2.89,0.01,71.77,0,5.77,74.08,1013.38,11899.84,1.28,4.292,2900.0,0.003,PM2.5-1HR
957,SWE_SE0004A,2026-01-22,3.3,0,71.79,0,5.67,73.7,1013.41,2117.06,1.28,4.292,2900.0,0.027,PM2.5-1HR
957,SWE_SE0067A,2026-01-23,5.49,-1.21,64.95,0,5.75,90.78,1014.29,11899.84,2.4,5.86,2900.0,0.003,PM2.5-1HR
957,SWE_SE0004A,2026-01-23,4.88,-1.24,64.84,0,5.65,90.63,1014.32,2117.06,2.4,5.86,2900.0,0.027,PM2.5-1HR
957,SWE_SE0067A,2026-01-24,5.14,-2.32,70.08,0,4.69,88.29,1016.2,11899.84,3.11,6.854,2900.0,0.003,PM2.5-1HR
957,SWE_SE0004A,2026-01-24,5.29,-2.36,70.09,0,4.59,88.22,1016.22,2117.06,3.11,6.854,2900.0,0.027,PM2.5-1HR
957,SWE_SE0067A,2026-01-25,6.98,-2.97,74.93,0.02,3.77,79.51,1013.27,11899.84,4.88,9.332,2900.0,0.003,PM2.5-1HR
957,SWE_SE0004A,2026-01-25,7.21,-3.02,74.99,0.02,3.69,79.27,1013.3,2117.06,4.88,9.332,2900.0,0.027,PM2.5-1HR
957,SWE_SE0067A,2026-01-26,6.47,-3.82,71.39,0,4.69,54.6,1010.37,11899.84,3.62,7.568,2900.0,0.003,PM2.5-1HR
957,SWE_SE0004A,2026-01-26,4.88,-3.88,71.48,0,4.6,54.58,1010.39,2117.06,3.62,7.568,2900.0,0.027,PM2.5-1HR
957,SWE_SE0067A,2026-01-27,3.73,-2.93,72.16,0,4.69,63.83,1010.32,11899.84,2.41,5.874,2900.0,0.003,PM2.5-1HR
957,SWE_SE0004A,2026-01-27,3.84,-2.99,72.29,0,4.61,63.65,1010.35,2117.06,2.41,5.874,2900.0,0.027,PM2.5-1HR
957,SWE_SE0067A,2026-01-28,4.22,-2.73,64.46,0,4.47,77.14,1010.35,11899.84,1.32,4.348,2900.0,0.003,PM2.5-1HR
957,SWE_SE0004A,2026-01-28,3.7,-2.77,64.61,0,4.38,76.87,1010.37,2117.06,1.32,4.348,2900.0,0.027,PM2.5-1HR
957,SWE_SE0067A,2026-01-29,5.46,-3.5,65.78,0,4.19,80.57,1013.94,11899.84,2.3,5.72,2900.0,0.003,PM2.5-1HR
957,SWE_SE0004A,2026-01-29,4.73,-3.55,65.98,0,4.1,80.15,1013.96,2117.06,2.3,5.72,2900.0,0.027,PM2.5-1HR
957,SWE_SE0067A,2026-01-30,6.96,-3.14,59.57,0,5.35,97.78,1015.28,11899.84,1.72,4.908,2900.0,0.003,PM2.5-1HR
957,SWE_SE0004A,2026-01-30,3.94,-3.18,59.5,0,5.23,97.6,1015.31,2117.06,1.72,4.908,2900.0,0.027,PM2.5-1HR
957,SWE_SE0067A,2026-01-31,4.43,-2.84,51.44,0,6.08,112.07,1019.28,11899.84,2.43,5.902,2900.0,0.003,PM2.5-1HR
957,SWE_SE0004A,2026-01-31,3.44,-2.89,51.28,0,5.95,111.99,1019.31,2117.06,2.43,5.902,2900.0,0.027,PM2.5-1HR
957,SWE_SE0067A,2026-02-01,3.46,-3.92,53.92,0,5.22,110.43,1022.68,11899.84,1.69,4.866,2900.0,0.003,PM2.5-1HR
957,SWE_SE0004A,2026-02-01,2.95,-3.97,53.9,0,5.09,109.99,1022.72,2117.06,1.69,4.866,2900.0,0.027,PM2.5-1HR
957,SWE_SE0067A,2026-02-02,4.83,-5.69,61.25,0,4.64,98.11,1022.73,11899.84,1.82,5.048,2900.0,0.003,PM2.5-1HR
957,SWE_SE0004A,2026-02-02,4.03,-5.77,61.36,0,4.53,97.7,1022.76,2117.06,1.82,5.048,2900.0,0.027,PM2.5-1HR
957,SWE_SE0067A,2026-02-03,3.74,-4.31,64.73,0,5.4,95.1,1022.38,11899.84,1.89,5.146,2900.0,0.003,PM2.5-1HR
957,SWE_SE0004A,2026-02-03,3.36,-4.39,64.86,0,5.29,94.88,1022.41,2117.06,1.89,5.146,2900.0,0.027,PM2.5-1HR
957,SWE_SE0067A,2026-02-04,5.08,-3.97,61.61,0,5.87,93.41,1018.26,11899.84,1.6,4.74,2900.0,0.003,PM2.5-1HR
957,SWE_SE0004A,2026-02-04,3.93,-4.02,61.55,0,5.76,93.2,1018.3,2117.06,1.6,4.74,2900.0,0.027,PM2.5-1HR
957,SWE_SE0067A,2026-02-05,5.89,-3.49,69.42,0.01,5.82,68.5,1010.45,11899.84,1.59,4.726,2900.0,0.003,PM2.5-1HR
957,SWE_SE0004A,2026-02-05,4.91,-3.53,69.45,0.01,5.73,68.35,1010.49,2117.06,1.59,4.726,2900.0,0.027,PM2.5-1HR
957,SWE_SE0067A,2026-02-06,5.2,-3.43,86.42,0.6,5.74,62.86,1005.19,11899.84,4.03,8.142,2900.0,0.003,PM2.5-1HR
957,SWE_SE0004A,2026-02-06,4.89,-3.52,86.49,0.6,5.69,62.67,1005.22,2117.06,4.03,8.142,2900.0,0.027,PM2.5-1HR
957,SWE_SE0067A,2026-02-07,5.59,-2.39,85.81,0.07,4.72,65.44,1013.11,11899.84,2.2,5.58,2900.0,0.003,PM2.5-1HR
957,SWE_SE0004A,2026-02-07,5.55,-2.46,85.92,0.07,4.66,65.34,1013.14,2117.06,2.2,5.58,2900.0,0.027,PM2.5-1HR
957,SWE_SE0067A,2026-02-08,2.14,-4.7,78.24,0,4.29,75.28,1020.61,11899.84,1.46,4.544,2900.0,0.003,PM2.5-1HR
957,SWE_SE0004A,2026-02-08,2.46,-4.79,78.41,0,4.21,75.24,1020.64,2117.06,1.46,4.544,2900.0,0.027,PM2.5-1HR
957,SWE_SE0067A,2026-02-09,4.04,-6.2,83.41,0,2.37,106.29,1016.17,11899.84,1.9,5.16,2900.0,0.003,PM2.5-1HR
957,SWE_SE0004A,2026-02-09,3.73,-6.32,83.55,0,2.3,106.08,1016.19,2117.06,1.9,5.16,2900.0,0.027,PM2.5-1HR
957,SWE_SE0067A,2026-02-10,6.92,-4.15,90.1,0.01,2.32,88.87,1003.91,11899.84,4.24,8.436,2900.0,0.003,PM2.5-1HR
957,SWE_SE0004A,2026-02-10,7.25,-4.23,90.15,0.01,2.28,88.43,1003.92,2117.06,4.24,8.436,2900.0,0.027,PM2.5-1HR
957,SWE_SE0067A,2026-02-11,6.75,-2.64,90.04,0,3.42,60.16,993.15,11899.84,2.78,6.392,2900.0,0.003,PM2.5-1HR
957,SWE_SE0004A,2026-02-11,5.98,-2.71,90.21,0,3.37,60.03,993.17,2117.06,2.78,6.392,2900.0,0.027,PM2.5-1HR
957,SWE_SE0067A,2026-02-12,3.97,-4.65,81.03,0,4.82,57.48,991.67,11899.84,2.35,5.79,2900.0,0.003,PM2.5-1HR
957,SWE_SE0004A,2026-02-12,3.63,-4.72,81.17,0,4.73,57.43,991.7,2117.06,2.35,5.79,2900.0,0.027,PM2.5-1HR
957,SWE_SE0067A,2026-02-13,4.43,-6.98,80.6,0,4.23,40.75,999.95,11899.84,2.08,5.412,2900.0,0.003,PM2.5-1HR
957,SWE_SE0004A,2026-02-13,4.54,-7.06,80.8,0,4.14,40.74,999.97,2117.06,2.08,5.412,2900.0,0.027,PM2.5-1HR
957,SWE_SE0067A,2026-02-14,9.35,-9.3,78.05,0,1.95,48.93,1013.27,11899.84,5.48,10.172,2900.0,0.003,PM2.5-1HR
957,SWE_SE0004A,2026-02-14,9.42,-9.49,78.48,0,1.94,49.49,1013.28,2117.06,5.48,10.172,2900.0,0.027,PM2.5-1HR
957,SWE_SE0067A,2026-02-15,6.94,-6.65,79.82,0,4.54,157.98,1015.9,11899.84,3.75,7.75,2900.0,0.003,PM2.5-1HR
957,SWE_SE0004A,2026-02-15,8.49,-6.8,79.84,0,4.45,157.56,1015.91,2117.06,3.75,7.75,2900.0,0.027,PM2.5-1HR
957,SWE_SE0067A,2026-02-16,4.18,-4.58,64.95,0,5.81,127.88,1004.31,11899.84,2.03,5.342,2900.0,0.003,PM2.5-1HR
957,SWE_SE0004A,2026-02-16,3.45,-4.65,64.92,0,5.69,127.8,1004.34,2117.06,2.03,5.342,2900.0,0.027,PM2.5-1HR
957,SWE_SE0067A,2026-02-17,6.95,-5.38,71.17,0,3.18,81.36,1008.43,11899.84,2.47,5.958,2900.0,0.003,PM2.5-1HR
957,SWE_SE0004A,2026-02-17,6.83,-5.48,71.48,0,3.11,80.96,1008.44,2117.06,2.47,5.958,2900.0,0.027,PM2.5-1HR
957,SWE_SE0067A,2026-02-18,12.71,-7.22,80.34,0.01,1.2,112.29,1012.14,11899.84,6.02,10.928,2900.0,0.003,PM2.5-1HR
957,SWE_SE0004A,2026-02-18,10.95,-7.4,80.45,0.01,1.18,112.61,1012.14,2117.06,6.02,10.928,2900.0,0.027,PM2.5-1HR
957,SWE_SE0067A,2026-02-19,10.66,-7.37,83.44,0,1.73,25.04,1016.3,11899.84,5.29,9.906,2900.0,0.003,PM2.5-1HR
957,SWE_SE0004A,2026-02-19,9.63,-7.52,83.61,0,1.73,25.2,1016.31,2117.06,5.29,9.906,2900.0,0.027,PM2.5-1HR
957,SWE_SE0067A,2026-02-20,8.81,-4.86,86.61,0.17,5.37,174.65,1017.75,11899.84,5.52,10.228,2900.0,0.003,PM2.5-1HR
957,SWE_SE0004A,2026-02-20,10.5,-4.98,86.67,0.17,5.27,174.55,1017.75,2117.06,5.52,10.228,2900.0,0.027,PM2.5-1HR
957,SWE_SE0004A,2026-02-21,8.48,0.19,96.66,0.22,4.5,200.32,1004.94,2117.06,2.19,5.566,2900.0,0.027,PM2.5-1HR
957,SWE_SE0067A,2026-02-21,6.52,0.23,96.53,0.22,4.58,201.11,1004.95,11899.84,2.19,5.566,2900.0,0.003,PM2.5-1HR
957,SWE_SE0004A,2026-02-22,3.74,-2.07,89.99,0.11,3.03,122.6,1008.69,2117.06,1.52,4.628,2900.0,0.027,PM2.5-1HR
957,SWE_SE0067A,2026-02-22,3.51,-2,90.02,0.11,3.08,122.92,1008.69,11899.84,1.52,4.628,2900.0,0.003,PM2.5-1HR
957,SWE_SE0004A,2026-02-23,6.93,0.91,99.8,0.05,1.58,179.9,1002.27,2117.06,2.52,6.028,2900.0,0.027,PM2.5-1HR
957,SWE_SE0067A,2026-02-23,4.67,0.92,99.74,0.05,1.6,180.64,1002.27,11899.84,2.52,6.028,2900.0,0.003,PM2.5-1HR
957,SWE_SE0004A,2026-02-24,3.25,-0.05,90.54,0,2.19,7.41,1016.48,2117.06,1.01,3.914,2900.0,0.027,PM2.5-1HR
957,SWE_SE0067A,2026-02-24,3.82,-0.04,90.6,0,2.22,6.73,1016.48,11899.84,1.01,3.914,2900.0,0.003,PM2.5-1HR
957,SWE_SE0004A,2026-02-25,4.91,-0.5,89.1,0.02,5.3,150.91,1021.45,2117.06,1.11,4.054,2900.0,0.027,PM2.5-1HR
957,SWE_SE0067A,2026-02-25,3.18,-0.47,89.03,0.02,5.4,150.84,1021.44,11899.84,1.11,4.054,2900.0,0.003,PM2.5-1HR
957,SWE_SE0004A,2026-02-26,17.06,3.78,98.04,0.03,6.1,193.6,1011.68,2117.06,8.74,14.736,2900.0,0.027,PM2.5-1HR
957,SWE_SE0067A,2026-02-26,15.68,3.77,97.99,0.03,6.2,193.59,1011.7,11899.84,8.74,14.736,2900.0,0.003,PM2.5-1HR
957,SWE_SE0004A,2026-02-27,13.26,4.74,99.1,0.09,4.5,208.22,1009.65,2117.06,4.43,8.702,2900.0,0.027,PM2.5-1HR
957,SWE_SE0067A,2026-02-27,9.84,4.72,99.07,0.09,4.58,208.54,1009.67,11899.84,4.43,8.702,2900.0,0.003,PM2.5-1HR
957,SWE_SE0067A,2026-02-28,6.01,4.38,99.48,0.3,2.58,145.24,1012.32,11899.84,2.47,5.958,2900.0,0.003,PM2.5-1HR
957,SWE_SE0004A,2026-02-28,7.2,4.42,99.49,0.29,2.55,144.79,1012.33,2117.06,2.47,5.958,2900.0,0.027,PM2.5-1HR
957,SWE_SE0067A,2026-03-01,5.83,3.3,92.46,0.22,5.21,231.02,1013.34,11899.84,2.33,5.762,2900.0,0.003,PM2.5-1HR
957,SWE_SE0004A,2026-03-01,6.65,3.3,92.55,0.22,5.12,230.84,1013.32,2117.06,2.33,5.762,2900.0,0.027,PM2.5-1HR
957,SWE_SE0004A,2026-03-02,11.95,3.55,97.46,0.03,3.1,163.52,1020.11,2117.06,4.89,9.346,2900.0,0.027,PM2.5-1HR
957,SWE_SE0067A,2026-03-02,11.51,3.55,97.36,0.03,3.15,164.01,1020.11,11899.84,4.89,9.346,2900.0,0.003,PM2.5-1HR
957,SWE_SE0004A,2026-03-03,13.76,4.71,85.74,0,5.57,235.36,1020.58,2117.06,9.68,16.052,2900.0,0.027,PM2.5-1HR
957,SWE_SE0067A,2026-03-03,13.1,4.71,85.65,0,5.66,235.54,1020.6,11899.84,9.68,16.052,2900.0,0.003,PM2.5-1HR
957,SWE_SE0067A,2026-03-04,10.35,4.04,80.81,0,4.4,282.42,1024.84,11899.84,7.15,12.51,2900.0,0.003,PM2.5-1HR
957,SWE_SE0004A,2026-03-04,10.71,4.02,80.73,0,4.3,282.12,1024.83,2117.06,7.15,12.51,2900.0,0.027,PM2.5-1HR
957,SWE_SE0067A,2026-03-05,8.84,2.56,83.91,0,2.81,212.31,1025.2,11899.84,5.98,10.872,2900.0,0.003,PM2.5-1HR
957,SWE_SE0004A,2026-03-05,9.74,2.55,83.74,0,2.77,212.6,1025.19,2117.06,5.98,10.872,2900.0,0.027,PM2.5-1HR
957,SWE_SE0067A,2026-03-06,18.22,3.65,75.5,0,2.77,162.07,1023.92,11899.84,7.19,12.566,2900.0,0.003,PM2.5-1HR
957,SWE_SE0004A,2026-03-06,14.15,3.65,75.32,0,2.71,162.16,1023.92,2117.06,7.19,12.566,2900.0,0.027,PM2.5-1HR
957,SWE_SE0004A,2026-03-07,16.93,4.06,87.98,0.08,2,118.4,1026.2,2117.06,12.57,20.098,2900.0,0.027,PM2.5-1HR
957,SWE_SE0067A,2026-03-07,17.64,4.05,87.93,0.08,2.03,118.75,1026.19,11899.84,12.57,20.098,2900.0,0.003,PM2.5-1HR
957,SWE_SE0004A,2026-03-08,28.84,5.73,80.7,0.06,2.69,153.91,1027.83,2117.06,13.33,21.162,2900.0,0.027,PM2.5-1HR
957,SWE_SE0067A,2026-03-08,27.66,5.69,80.85,0.07,2.75,153.76,1027.83,11899.84,13.33,21.162,2900.0,0.003,PM2.5-1HR
957,SWE_SE0004A,2026-03-09,50.73,4.59,87.61,0,1.49,155.59,1022.09,2117.06,38.58,56.512,2900.0,0.027,PM2.5-1HR
957,SWE_SE0067A,2026-03-09,53.51,4.58,87.57,0,1.52,155.45,1022.09,11899.84,38.58,56.512,2900.0,0.003,PM2.5-1HR
957,SWE_SE0004A,2026-03-10,37.44,3.16,88.6,0,2.88,186.95,1013.85,2117.06,14.66,23.024,2900.0,0.027,PM2.5-1HR
957,SWE_SE0067A,2026-03-10,38.66,3.16,88.71,0,2.92,186.94,1013.86,11899.84,14.66,23.024,2900.0,0.003,PM2.5-1HR
957,SWE_SE0004A,2026-03-11,20.97,5.21,96.45,0.15,4.94,188.76,1006.86,2117.06,14.88,23.332,2900.0,0.027,PM2.5-1HR
957,SWE_SE0067A,2026-03-11,19.77,5.19,96.42,0.15,5.01,188.83,1006.87,11899.84,14.88,23.332,2900.0,0.003,PM2.5-1HR
957,SWE_SE0004A,2026-03-12,12.77,5.49,85.8,0.03,6.44,204.61,1008.13,2117.06,8.05,13.77,2900.0,0.027,PM2.5-1HR
957,SWE_SE0067A,2026-03-12,11.83,5.47,85.8,0.03,6.55,204.76,1008.15,11899.84,8.05,13.77,2900.0,0.003,PM2.5-1HR
957,SWE_SE0004A,2026-03-13,9.83,5.43,85.72,0.3,7.93,192.14,997.84,2117.06,6.64,11.796,2900.0,0.027,PM2.5-1HR
957,SWE_SE0067A,2026-03-13,7.95,5.43,85.58,0.29,8.05,192.17,997.86,11899.84,6.64,11.796,2900.0,0.003,PM2.5-1HR
957,SWE_SE0004A,2026-03-14,12.87,3.34,91.55,0.02,2.88,180.73,1001.08,2117.06,6.9,12.16,2900.0,0.027,PM2.5-1HR
957,SWE_SE0067A,2026-03-14,11.42,3.35,91.6,0.02,2.92,180.73,1001.08,11899.84,6.9,12.16,2900.0,0.003,PM2.5-1HR
957,SWE_SE0004A,2026-03-15,9.73,3.37,91.13,0,3.58,205.04,1009.09,2117.06,3.27,7.078,2900.0,0.027,PM2.5-1HR
957,SWE_SE0067A,2026-03-15,7.78,3.38,91.16,0,3.62,205.46,1009.09,11899.84,3.27,7.078,2900.0,0.003,PM2.5-1HR
957,SWE_SE0004A,2026-03-16,10.88,3.3,89.28,0.14,5.03,184.14,1007.42,2117.06,3.81,7.834,2900.0,0.027,PM2.5-1HR
957,SWE_SE0067A,2026-03-16,8.43,3.32,89.24,0.14,5.1,184.39,1007.42,11899.84,3.81,7.834,2900.0,0.003,PM2.5-1HR
957,SWE_SE0004A,2026-03-17,10.3,4.05,85.23,0,4.37,184.53,1020.04,2117.06,5.1,9.64,2900.0,0.027,PM2.5-1HR
957,SWE_SE0067A,2026-03-17,8.35,4.06,85.33,0,4.44,184.61,1020.04,11899.84,5.1,9.64,2900.0,0.003,PM2.5-1HR
957,SWE_SE0004A,2026-03-18,11.72,5.78,77.04,0,4.91,189.58,1027.29,2117.06,6.93,12.202,2900.0,0.027,PM2.5-1HR
957,SWE_SE0067A,2026-03-18,10.47,5.76,77.19,0,5,189.55,1027.3,11899.84,6.93,12.202,2900.0,0.003,PM2.5-1HR
957,SWE_SE0004A,2026-03-19,14.42,5.44,85.59,0,2.76,279.12,1024.47,2117.06,6.87,12.118,2900.0,0.027,PM2.5-1HR
957,SWE_SE0067A,2026-03-19,13.96,5.43,85.66,0,2.82,279.47,1024.48,11899.84,6.87,12.118,2900.0,0.003,PM2.5-1HR
957,SWE_SE0004A,2026-03-20,11.16,4.1,82.81,0,1.74,209.6,1022.64,2117.06,7.06,12.384,2900.0,0.027,PM2.5-1HR
957,SWE_SE0067A,2026-03-20,11.72,4.1,83.06,0,1.75,208.86,1022.65,11899.84,7.06,12.384,2900.0,0.003,PM2.5-1HR
957,SWE_SE0067A,2026-03-21,10.78,2.78,89.14,0,3.14,192.92,1022.18,11899.84,6.12,11.068,2900.0,0.003,PM2.5-1HR
957,SWE_SE0004A,2026-03-21,11.6,2.77,88.95,0,3.09,192.93,1022.18,2117.06,6.12,11.068,2900.0,0.027,PM2.5-1HR
957,SWE_SE0067A,2026-03-22,15.43,3.79,84.19,0,3.98,198.4,1020.01,11899.84,10.33,16.962,2900.0,0.003,PM2.5-1HR
957,SWE_SE0004A,2026-03-22,16.18,3.77,84.12,0,3.93,198.53,1020.01,2117.06,10.33,16.962,2900.0,0.027,PM2.5-1HR
957,SWE_SE0067A,2026-03-23,16.63,4.58,79.79,0,4.29,254.59,1015.72,11899.84,7.53,13.042,2900.0,0.003,PM2.5-1HR
957,SWE_SE0004A,2026-03-23,15.65,4.56,79.77,0,4.24,254.27,1015.7,2117.06,7.53,13.042,2900.0,0.027,PM2.5-1HR
957,SWE_SE0067A,2026-03-24,23.26,5.43,90.57,0.11,5.74,198.37,1005.31,11899.84,5.68,10.452,2900.0,0.003,PM2.5-1HR
957,SWE_SE0004A,2026-03-24,23.86,5.42,90.61,0.11,5.65,198.24,1005.3,2117.06,5.68,10.452,2900.0,0.027,PM2.5-1HR
957,SWE_SE0067A,2026-03-25,9.2,5.73,89.76,0.37,7.32,219.98,982.83,11899.84,3.75,7.75,2900.0,0.003,PM2.5-1HR
957,SWE_SE0004A,2026-03-25,9.67,5.73,89.8,0.38,7.19,219.61,982.81,2117.06,3.75,7.75,2900.0,0.027,PM2.5-1HR
957,SWE_SE0067A,2026-03-26,7.12,5.02,74.72,0,4.38,271.66,997.26,11899.84,3.69,7.666,2900.0,0.003,PM2.5-1HR
957,SWE_SE0004A,2026-03-26,6.6,4.99,74.77,0,4.29,271.37,997.23,2117.06,3.69,7.666,2900.0,0.027,PM2.5-1HR
957,SWE_SE0067A,2026-03-27,8.72,4.26,76.48,0.02,3.47,225.62,1013.69,11899.84,5.21,9.794,2900.0,0.003,PM2.5-1HR
957,SWE_SE0004A,2026-03-27,8.96,4.24,76.32,0.02,3.42,224.95,1013.68,2117.06,5.21,9.794,2900.0,0.027,PM2.5-1HR
957,SWE_SE0004A,2026-03-28,11.51,5.07,87.16,0.18,3.79,232.63,1011.8,2117.06,6.81,12.034,2900.0,0.027,PM2.5-1HR
957,SWE_SE0067A,2026-03-28,11.07,5.09,87.13,0.18,3.84,232.74,1011.81,11899.84,6.81,12.034,2900.0,0.003,PM2.5-1HR
957,SWE_SE0004A,2026-03-29,10.32,4.6,87.09,0.13,4.88,222.02,1015.73,2117.06,3.57,7.498,2900.0,0.027,PM2.5-1HR
957,SWE_SE0067A,2026-03-29,8.4,4.62,86.95,0.12,4.96,222.24,1015.75,11899.84,3.57,7.498,2900.0,0.003,PM2.5-1HR
957,SWE_SE0004A,2026-03-30,6.98,4.99,88.36,0.39,5.06,233.77,1004.21,2117.06,2,5.3,2900.0,0.027,PM2.5-1HR
957,SWE_SE0067A,2026-03-30,6.82,5.02,88.11,0.39,5.15,234.33,1004.22,11899.84,2,5.3,2900.0,0.003,PM2.5-1HR
957,SWE_SE0067A,2026-03-31,8.33,6.7,74.21,0,3.45,305.52,1015.03,11899.84,3.52,7.428,2900.0,0.003,PM2.5-1HR
957,SWE_SE0004A,2026-03-31,6.68,6.71,74.11,0,3.36,305.74,1015.02,2117.06,3.52,7.428,2900.0,0.027,PM2.5-1HR
957,SWE_SE0067A,2026-04-01,7.02,5.13,86.99,0.01,3.38,206.15,1022.08,11899.84,3.15,6.91,2900.0,0.003,PM2.5-1HR
957,SWE_SE0004A,2026-04-01,9.84,5.11,86.94,0.01,3.34,205.92,1022.07,2117.06,3.15,6.91,2900.0,0.027,PM2.5-1HR
957,SWE_SE0004A,2026-04-02,13.08,6.03,88.75,0.05,3.74,199.21,1011.8,2117.06,6.44,11.516,2900.0,0.027,PM2.5-1HR
957,SWE_SE0067A,2026-04-02,10.41,6.03,88.67,0.05,3.8,199.66,1011.81,11899.84,6.44,11.516,2900.0,0.003,PM2.5-1HR
957,SWE_SE0004A,2026-04-03,6.15,3.51,85.19,0.08,3.39,236.51,1007.7,2117.06,2.03,5.342,2900.0,0.027,PM2.5-1HR
957,SWE_SE0067A,2026-04-03,4.93,3.55,85.05,0.08,3.47,238.67,1007.71,11899.84,2.03,5.342,2900.0,0.003,PM2.5-1HR
957,SWE_SE0004A,2026-04-04,8.55,5.65,79.43,0.32,7.98,251.2,1003.25,2117.06,3.56,7.484,2900.0,0.027,PM2.5-1HR
957,SWE_SE0067A,2026-04-04,7.87,5.67,79.39,0.32,8.08,251.35,1003.28,11899.84,3.56,7.484,2900.0,0.003,PM2.5-1HR
957,SWE_SE0004A,2026-04-05,11.76,5.68,78.74,0.41,10.11,213.34,997.84,2117.06,3.53,7.442,2900.0,0.027,PM2.5-1HR
957,SWE_SE0067A,2026-04-05,12,5.72,78.6,0.4,10.24,213.49,997.88,11899.84,3.53,7.442,2900.0,0.003,PM2.5-1HR
957,SWE_SE0004A,2026-04-06,8.7,6.95,66.22,0,8.38,286.63,1009.27,2117.06,5.06,9.584,2900.0,0.027,PM2.5-1HR
957,SWE_SE0067A,2026-04-06,8.31,6.94,66.48,0,8.51,286.56,1009.3,11899.84,5.06,9.584,2900.0,0.003,PM2.5-1HR
957,SWE_SE0004A,2026-04-07,4.66,6.03,56.21,0,3.56,333.85,1025.26,2117.06,3.08,6.812,2900.0,0.027,PM2.5-1HR
957,SWE_SE0067A,2026-04-07,4.52,6.04,56.52,0,3.65,333.72,1025.27,11899.84,3.08,6.812,2900.0,0.003,PM2.5-1HR
957,SWE_SE0004A,2026-04-08,4.81,5.98,64.92,0,1.8,45.32,1031.1,2117.06,2.33,5.762,2900.0,0.027,PM2.5-1HR
957,SWE_SE0067A,2026-04-08,5.96,5.99,65.19,0,1.8,43.69,1031.1,11899.84,2.33,5.762,2900.0,0.003,PM2.5-1HR
957,SWE_SE0067A,2026-04-09,5.44,6.46,69.74,0,2.72,167.29,1027.04,11899.84,3.05,6.77,2900.0,0.003,PM2.5-1HR
957,SWE_SE0004A,2026-04-09,5.68,6.47,69.46,0,2.67,167.58,1027.04,2117.06,3.05,6.77,2900.0,0.027,PM2.5-1HR
957,SWE_SE0067A,2026-04-10,5.33,4.6,61.05,0,5.61,143.91,1018.09,11899.84,2.69,6.266,2900.0,0.003,PM2.5-1HR
957,SWE_SE0004A,2026-04-10,5.91,4.59,60.77,0,5.5,143.77,1018.1,2117.06,2.69,6.266,2900.0,0.027,PM2.5-1HR
957,SWE_SE0004A,2026-04-11,8.12,6.42,64.39,0,3.13,134.22,1019.69,2117.06,3.29,7.106,2900.0,0.027,PM2.5-1HR
957,SWE_SE0067A,2026-04-11,8.19,6.42,64.77,0,3.18,134.46,1019.68,11899.84,3.29,7.106,2900.0,0.003,PM2.5-1HR
957,SWE_SE0004A,2026-04-12,9.91,6.37,56.96,0,4.65,137.57,1017.83,2117.06,2.46,5.944,2900.0,0.027,PM2.5-1HR
957,SWE_SE0067A,2026-04-12,9.74,6.37,57.3,0,4.73,137.67,1017.81,11899.84,2.46,5.944,2900.0,0.003,PM2.5-1HR
957,SWE_SE0004A,2026-04-13,5.19,9.06,53.08,0,3.87,119.36,1021.32,2117.06,2.63,6.182,2900.0,0.027,PM2.5-1HR
957,SWE_SE0067A,2026-04-13,5.27,9.04,53.49,0,3.92,119.12,1021.31,11899.84,2.63,6.182,2900.0,0.003,PM2.5-1HR
957,SWE_SE0004A,2026-04-14,5.01,7.83,63.57,0.25,4.78,116.11,1021.2,2117.06,3.17,6.938,2900.0,0.027,PM2.5-1HR
957,SWE_SE0067A,2026-04-14,4.93,7.81,63.88,0.26,4.86,116.1,1021.18,11899.84,3.17,6.938,2900.0,0.003,PM2.5-1HR
957,SWE_SE0004A,2026-04-15,6.3,6.38,89.23,0.11,1.66,335.29,1021.93,2117.06,1.98,5.272,2900.0,0.027,PM2.5-1HR
957,SWE_SE0067A,2026-04-15,6.53,6.39,89.22,0.1,1.68,328.47,1021.93,11899.84,1.98,5.272,2900.0,0.003,PM2.5-1HR
957,SWE_SE0004A,2026-04-16,6.94,7.02,79.36,0,2.14,86.04,1021.48,2117.06,4.31,8.534,2900.0,0.027,PM2.5-1HR
957,SWE_SE0067A,2026-04-16,7.43,7.01,79.57,0,2.14,86.84,1021.48,11899.84,4.31,8.534,2900.0,0.003,PM2.5-1HR
957,SWE_SE0004A,2026-04-17,10.09,8.43,72.33,0,1.23,341.86,1023.96,2117.06,5.25,9.85,2900.0,0.027,PM2.5-1HR
957,SWE_SE0067A,2026-04-17,10.43,8.37,72.79,0,1.23,344.56,1023.97,11899.84,5.25,9.85,2900.0,0.003,PM2.5-1HR
957,SWE_SE0004A,2026-04-18,13.06,9.16,73.26,0.07,1.97,167.86,1021.14,2117.06,6.45,11.53,2900.0,0.027,PM2.5-1HR
957,SWE_SE0067A,2026-04-18,12.13,9.12,73.58,0.07,2.03,167.27,1021.14,11899.84,6.45,11.53,2900.0,0.003,PM2.5-1HR
957,SWE_SE0004A,2026-04-19,6.02,7.99,89.73,0.28,2.9,122.02,1019.18,2117.06,3.08,6.812,2900.0,0.027,PM2.5-1HR
957,SWE_SE0067A,2026-04-19,5.58,7.98,89.73,0.28,2.92,121.83,1019.17,11899.84,3.08,6.812,2900.0,0.003,PM2.5-1HR
957,SWE_SE0004A,2026-04-20,3.62,7.1,57.74,0,4.37,54.94,1026.82,2117.06,2.45,5.93,2900.0,0.027,PM2.5-1HR
957,SWE_SE0067A,2026-04-20,3.65,7.12,57.89,0,4.42,54.87,1026.8,11899.84,2.45,5.93,2900.0,0.003,PM2.5-1HR
957,SWE_SE0004A,2026-04-21,5.65,8.55,58.63,0,2.1,9.16,1028.32,2117.06,3.73,7.722,2900.0,0.027,PM2.5-1HR
957,SWE_SE0067A,2026-04-21,6.11,8.54,58.93,0,2.14,7.67,1028.33,11899.84,3.73,7.722,2900.0,0.003,PM2.5-1HR
957,SWE_SE0067A,2026-04-22,8.17,8.97,63.6,0,3.23,325.26,1024.05,11899.84,3.81,7.834,2900.0,0.003,PM2.5-1HR
957,SWE_SE0004A,2026-04-22,6.69,8.95,63.29,0,3.18,325.55,1024.04,2117.06,3.81,7.834,2900.0,0.027,PM2.5-1HR
957,SWE_SE0067A,2026-04-23,6.7,9.35,64.03,0,2.98,331.08,1020.77,11899.84,2.48,5.972,2900.0,0.003,PM2.5-1HR
957,SWE_SE0004A,2026-04-23,9.73,9.34,63.73,0,2.95,331.29,1020.76,2117.06,2.48,5.972,2900.0,0.027,PM2.5-1HR
957,SWE_SE0004A,2026-04-24,5.71,9.61,65.06,0,3.05,319.66,1014.9,2117.06,2.39,5.846,2900.0,0.027,PM2.5-1HR
957,SWE_SE0067A,2026-04-24,5.03,9.63,65.28,0,3.1,319.46,1014.91,11899.84,2.39,5.846,2900.0,0.003,PM2.5-1HR
957,SWE_SE0004A,2026-04-25,4.45,7.97,66.56,0.08,5.08,314.27,1006.81,2117.06,1.18,4.152,2900.0,0.027,PM2.5-1HR
957,SWE_SE0067A,2026-04-25,5.05,8.02,66.59,0.08,5.19,314.25,1006.83,11899.84,1.18,4.152,2900.0,0.003,PM2.5-1HR
957,SWE_SE0004A,2026-04-26,2.51,5.05,46.01,0,3.61,319.9,1021.88,2117.06,1.05,3.97,2900.0,0.027,PM2.5-1HR
957,SWE_SE0067A,2026-04-26,2.1,5.09,46.07,0,3.66,320.08,1021.89,11899.84,1.05,3.97,2900.0,0.003,PM2.5-1HR
957,SWE_SE0004A,2026-04-27,2.86,5.66,58.1,0,2.71,355.68,1025.59,2117.06,1.57,4.698,2900.0,0.027,PM2.5-1HR
957,SWE_SE0067A,2026-04-27,4.02,5.7,58.13,0,2.75,355.18,1025.59,11899.84,1.57,4.698,2900.0,0.003,PM2.5-1HR
957,SWE_SE0004A,2026-04-28,3.16,6.72,56.06,0,2.89,353,1028.99,2117.06,2.23,5.622,2900.0,0.027,PM2.5-1HR
957,SWE_SE0067A,2026-04-28,3.78,6.75,56.18,0,2.95,352.62,1028.99,11899.84,2.23,5.622,2900.0,0.003,PM2.5-1HR
957,SWE_SE0004A,2026-04-29,7.25,8.35,64.46,0,2.37,290.39,1030.09,2117.06,4.66,9.024,2900.0,0.027,PM2.5-1HR
957,SWE_SE0067A,2026-04-29,8.55,8.36,64.71,0,2.4,290.18,1030.1,11899.84,4.66,9.024,2900.0,0.003,PM2.5-1HR
957,SWE_SE0004A,2026-04-30,12.64,9.51,74.57,0,2.54,260.07,1029.42,2117.06,10.11,16.654,2900.0,0.027,PM2.5-1HR
957,SWE_SE0067A,2026-04-30,13.73,9.52,74.64,0,2.59,260.76,1029.43,11899.84,10.11,16.654,2900.0,0.003,PM2.5-1HR
957,SWE_SE0004A,2026-05-01,7.72,11.65,63.04,0,3.08,240.61,1026.1,2117.06,3.72,7.708,2900.0,0.027,PM2.5-1HR
957,SWE_SE0067A,2026-05-01,6.91,11.64,63.19,0,3.12,240.78,1026.11,11899.84,3.72,7.708,2900.0,0.003,PM2.5-1HR
957,SWE_SE0004A,2026-05-02,11.93,13.96,66.33,0,3.58,203.09,1015.46,2117.06,6.66,11.824,2900.0,0.027,PM2.5-1HR
957,SWE_SE0067A,2026-05-02,10.49,13.92,66.59,0,3.63,203.11,1015.47,11899.84,6.66,11.824,2900.0,0.003,PM2.5-1HR
957,SWE_SE0004A,2026-05-03,23.22,10.73,85.02,0.05,2.63,236.84,1009.82,2117.06,15.97,24.858,2900.0,0.027,PM2.5-1HR
957,SWE_SE0067A,2026-05-03,19.86,10.73,85.19,0.05,2.66,236.63,1009.83,11899.84,15.97,24.858,2900.0,0.003,PM2.5-1HR
957,SWE_SE0004A,2026-05-04,9.58,10.06,78.58,0.13,4.14,249.24,1007.6,2117.06,2.73,6.322,2900.0,0.027,PM2.5-1HR
957,SWE_SE0067A,2026-05-04,9.03,10.06,78.57,0.13,4.19,249.7,1007.62,11899.84,2.73,6.322,2900.0,0.003,PM2.5-1HR
957,SWE_SE0004A,2026-05-05,3.41,8.03,55.22,0,3.59,293.01,1010.89,2117.06,1.57,4.698,2900.0,0.027,PM2.5-1HR
957,SWE_SE0067A,2026-05-05,3.89,8.06,55.3,0,3.63,293.26,1010.9,11899.84,1.57,4.698,2900.0,0.003,PM2.5-1HR
957,SWE_SE0004A,2026-05-06,3.12,7.68,55.32,0,2.19,253.92,1012.29,2117.06,1.85,5.09,2900.0,0.027,PM2.5-1HR
957,SWE_SE0067A,2026-05-06,3.46,7.73,55.19,0,2.22,255.7,1012.29,11899.84,1.85,5.09,2900.0,0.003,PM2.5-1HR
957,SWE_SE0004A,2026-05-07,3.64,8.04,55.27,0,2.71,301.39,1016.26,2117.06,1.88,5.132,2900.0,0.027,PM2.5-1HR
957,SWE_SE0067A,2026-05-07,3.67,8.07,55.08,0,2.74,302.13,1016.27,11899.84,1.88,5.132,2900.0,0.003,PM2.5-1HR
957,SWE_SE0004A,2026-05-08,4.24,10.12,54.66,0,1.84,192.97,1022.7,2117.06,2.17,5.538,2900.0,0.027,PM2.5-1HR
957,SWE_SE0067A,2026-05-08,4.4,10.11,54.82,0,1.84,193.29,1022.7,11899.84,2.17,5.538,2900.0,0.003,PM2.5-1HR
957,SWE_SE0004A,2026-05-09,4.52,10.36,59.72,0,1.89,223.73,1022.94,2117.06,2.65,6.21,2900.0,0.027,PM2.5-1HR
957,SWE_SE0067A,2026-05-09,4,10.38,59.83,0,1.91,223.07,1022.95,11899.84,2.65,6.21,2900.0,0.003,PM2.5-1HR
957,SWE_SE0004A,2026-05-10,4.44,8.15,72.06,0.01,3.5,223.57,1013.14,2117.06,2.26,5.664,2900.0,0.027,PM2.5-1HR
957,SWE_SE0067A,2026-05-10,3.84,8.22,71.88,0.01,3.55,223.94,1013.15,11899.84,2.26,5.664,2900.0,0.003,PM2.5-1HR
957,SWE_SE0067A,2026-05-11,3.84,7.47,62.57,0.01,2.53,224,1003.22,11899.84,2.02,5.328,2900.0,0.003,PM2.5-1HR
957,SWE_SE0004A,2026-05-11,4.07,7.44,62.63,0.01,2.5,218.1,1003.21,2117.06,2.02,5.328,2900.0,0.027,PM2.5-1HR
957,SWE_SE0067A,2026-05-12,3.68,8.9,69.54,0.03,3.64,348.28,1001.57,11899.84,2.01,5.314,2900.0,0.003,PM2.5-1HR
957,SWE_SE0004A,2026-05-12,3.69,8.87,69.54,0.03,3.57,348.57,1001.56,2117.06,2.01,5.314,2900.0,0.027,PM2.5-1HR
957,SWE_SE0067A,2026-05-13,3.68,7.66,77.37,0.08,2.84,314.93,997.62,11899.84,0.75,3.55,2900.0,0.003,PM2.5-1HR
957,SWE_SE0004A,2026-05-13,4.15,7.63,77.69,0.08,2.78,314.74,997.61,2117.06,0.75,3.55,2900.0,0.027,PM2.5-1HR
957,SWE_SE0067A,2026-05-14,1.52,7.01,88.69,0.82,4.33,223.68,991.02,11899.84,0.67,3.438,2900.0,0.003,PM2.5-1HR
957,SWE_SE0004A,2026-05-14,3.52,6.94,89.13,0.84,4.26,223.04,991.01,2117.06,0.67,3.438,2900.0,0.027,PM2.5-1HR
957,SWE_SE0067A,2026-05-15,3.32,9.21,70.59,0.06,4.68,162.92,998.4,11899.84,2.16,5.524,2900.0,0.003,PM2.5-1HR
957,SWE_SE0004A,2026-05-15,5.17,9.17,70.75,0.06,4.59,162.24,998.41,2117.06,2.16,5.524,2900.0,0.027,PM2.5-1HR
957,SWE_SE0067A,2026-05-16,2.96,8.39,84.14,0.47,4.18,169.34,999.42,11899.84,1.47,4.558,2900.0,0.003,PM2.5-1HR
957,SWE_SE0004A,2026-05-16,4.66,8.34,84.29,0.49,4.09,168.65,999.43,2117.06,1.47,4.558,2900.0,0.027,PM2.5-1HR
957,SWE_SE0067A,2026-05-17,4.59,9.73,76.39,0.16,4.4,209.32,1010.59,11899.84,2.17,5.538,2900.0,0.003,PM2.5-1HR
957,SWE_SE0004A,2026-05-17,6.08,9.71,76.53,0.17,4.32,209.41,1010.59,2117.06,2.17,5.538,2900.0,0.027,PM2.5-1HR
957,SWE_SE0004A,2026-05-18,5.78,11.83,67.69,0.05,2.7,126.96,1017.23,2117.06,3.78,7.792,2900.0,0.027,PM2.5-1HR
957,SWE_SE0067A,2026-05-18,6.35,11.85,67.64,0.05,2.75,127.06,1017.22,11899.84,3.78,7.792,2900.0,0.003,PM2.5-1HR
957,SWE_SE0004A,2026-05-19,6.19,11.93,66.11,0,1.56,205.93,1017.87,2117.06,2.84,6.476,2900.0,0.027,PM2.5-1HR
957,SWE_SE0067A,2026-05-19,6.68,11.94,66.27,0,1.56,205.34,1017.88,11899.84,2.84,6.476,2900.0,0.003,PM2.5-1HR
957,SWE_SE0004A,2026-05-20,7.31,12.34,73.56,0.25,3.3,154.49,1017.94,2117.06,3.43,7.302,2900.0,0.027,PM2.5-1HR
957,SWE_SE0067A,2026-05-20,5.53,12.35,73.72,0.25,3.36,154.49,1017.94,11899.84,3.43,7.302,2900.0,0.003,PM2.5-1HR
957,SWE_SE0004A,2026-05-21,8.34,12.25,86.84,0.46,3.57,238.44,1020.35,2117.06,4.25,8.45,2900.0,0.027,PM2.5-1HR
957,SWE_SE0067A,2026-05-21,6.89,12.27,86.75,0.43,3.63,238.63,1020.36,11899.84,4.25,8.45,2900.0,0.003,PM2.5-1HR
957,SWE_SE0004A,2026-05-22,8.26,12.98,80.82,0,3.8,254.43,1024.92,2117.06,5.16,9.724,2900.0,0.027,PM2.5-1HR
957,SWE_SE0067A,2026-05-22,7,12.99,80.89,0,3.84,254.44,1024.93,11899.84,5.16,9.724,2900.0,0.003,PM2.5-1HR
957,SWE_SE0004A,2026-05-23,10.85,15.18,83.75,0.04,4.26,229.38,1024.39,2117.06,6.71,11.894,2900.0,0.027,PM2.5-1HR
957,SWE_SE0067A,2026-05-23,10.08,15.16,83.84,0.04,4.3,229.33,1024.41,11899.84,6.71,11.894,2900.0,0.003,PM2.5-1HR
957,SWE_SE0004A,2026-05-24,6.15,13.98,72.97,0,5,279.62,1025.6,2117.06,3.86,7.904,2900.0,0.027,PM2.5-1HR
957,SWE_SE0067A,2026-05-24,5.05,13.98,73.03,0,5.09,279.88,1025.62,11899.84,3.86,7.904,2900.0,0.003,PM2.5-1HR
957,SWE_SE0004A,2026-05-25,7.69,15.17,74.11,0,5.15,265.07,1026.55,2117.06,5.06,9.584,2900.0,0.027,PM2.5-1HR
957,SWE_SE0067A,2026-05-25,7.14,15.16,74.17,0,5.21,265.12,1026.57,11899.84,5.06,9.584,2900.0,0.003,PM2.5-1HR
957,SWE_SE0004A,2026-05-26,7.31,14.09,69.88,0,5.65,280.43,1021.5,2117.06,4.14,8.296,2900.0,0.027,PM2.5-1HR
957,SWE_SE0067A,2026-05-26,6.82,14.11,69.88,0,5.75,280.59,1021.52,11899.84,4.14,8.296,2900.0,0.003,PM2.5-1HR
957,SWE_SE0004A,2026-05-27,4.97,12.84,55,0,4.45,309.57,1020.9,2117.06,2.13,5.482,2900.0,0.027,PM2.5-1HR
957,SWE_SE0067A,2026-05-27,4.21,12.87,55.12,0,4.53,309.67,1020.92,11899.84,2.13,5.482,2900.0,0.003,PM2.5-1HR
957,SWE_SE0004A,2026-05-28,4.29,12.22,58.01,0,3.1,330.19,1023.25,2117.06,1.65,4.81,2900.0,0.027,PM2.5-1HR
957,SWE_SE0067A,2026-05-28,3.61,12.26,58.11,0,3.12,330.11,1023.26,11899.84,1.65,4.81,2900.0,0.003,PM2.5-1HR
957,SWE_SE0004A,2026-05-29,6.5,14.42,63.49,0,3.46,215.87,1019.2,2117.06,2.42,5.888,2900.0,0.027,PM2.5-1HR
957,SWE_SE0067A,2026-05-29,5.31,14.43,63.69,0,3.51,215.85,1019.21,11899.84,2.42,5.888,2900.0,0.003,PM2.5-1HR
957,SWE_SE0004A,2026-05-30,9.54,13.5,85.93,0,4.77,263.16,1012.83,2117.06,7.31,12.734,2900.0,0.027,PM2.5-1HR
957,SWE_SE0067A,2026-05-30,8.76,13.52,85.79,0,4.85,263.53,1012.84,11899.84,7.31,12.734,2900.0,0.003,PM2.5-1HR
957,SWE_SE0004A,2026-05-31,11.93,13.81,84.05,0.02,1.84,241.3,1011.83,2117.06,9.55,15.87,2900.0,0.027,PM2.5-1HR
957,SWE_SE0067A,2026-05-31,11.01,13.81,84.1,0.02,1.87,241.98,1011.83,11899.84,9.55,15.87,2900.0,0.003,PM2.5-1HR
957,SWE_SE0004A,2026-06-01,7.43,13.8,84.82,0.15,2.7,238.09,1012.51,2117.06,3.51,7.414,2900.0,0.027,PM2.5-1HR
957,SWE_SE0067A,2026-06-01,6.43,13.81,84.73,0.15,2.73,237.95,1012.52,11899.84,3.51,7.414,2900.0,0.003,PM2.5-1HR
957,SWE_SE0004A,2026-06-02,7.39,15.32,80.28,0.02,3.05,159.25,1009.76,2117.06,4.08,8.212,2900.0,0.027,PM2.5-1HR
957,SWE_SE0067A,2026-06-02,6.94,15.34,80.17,0.02,3.11,159.22,1009.76,11899.84,4.08,8.212,2900.0,0.003,PM2.5-1HR
957,SWE_SE0004A,2026-06-03,6.48,17.18,74.86,0.15,3.99,150,1004.99,2117.06,2.59,6.126,2900.0,0.027,PM2.5-1HR
957,SWE_SE0067A,2026-06-03,6.43,17.15,74.99,0.15,4.06,150.02,1004.98,11899.84,2.59,6.126,2900.0,0.003,PM2.5-1HR
957,SWE_SE0004A,2026-06-04,9.13,14.84,89.65,0.66,4.88,164.29,1000.71,2117.06,3.6,7.54,2900.0,0.027,PM2.5-1HR
957,SWE_SE0067A,2026-06-04,7.19,14.84,89.59,0.65,4.98,164.36,1000.7,11899.84,3.6,7.54,2900.0,0.003,PM2.5-1HR
957,SWE_SE0004A,2026-06-05,6.69,14.75,83.06,0.19,4.33,215.64,1004.74,2117.06,2.93,6.602,2900.0,0.027,PM2.5-1HR
957,SWE_SE0067A,2026-06-05,5.03,14.76,83.09,0.19,4.41,215.66,1004.75,11899.84,2.93,6.602,2900.0,0.003,PM2.5-1HR
957,SWE_SE0004A,2026-06-06,6.94,13.4,78.53,0.05,3.13,230.69,1014.66,2117.06,3.73,7.722,2900.0,0.027,PM2.5-1HR
957,SWE_SE0067A,2026-06-06,5.51,13.44,78.35,0.05,3.17,230.54,1014.67,11899.84,3.73,7.722,2900.0,0.003,PM2.5-1HR
957,SWE_SE0004A,2026-06-07,6.1,14.17,82.37,0.08,3.08,172.49,1015.15,2117.06,2.91,6.574,2900.0,0.027,PM2.5-1HR
957,SWE_SE0067A,2026-06-07,4.65,14.21,82.42,0.09,3.14,172.45,1015.15,11899.84,2.91,6.574,2900.0,0.003,PM2.5-1HR
957,SWE_SE0004A,2026-06-08,6.38,14.95,82.01,0.02,2.51,212.67,1016.02,2117.06,3.48,7.372,2900.0,0.027,PM2.5-1HR
957,SWE_SE0067A,2026-06-08,5.45,14.96,82.11,0.02,2.56,212.93,1016.02,11899.84,3.48,7.372,2900.0,0.003,PM2.5-1HR
957,SWE_SE0004A,2026-06-09,4.74,13.43,85.49,0.71,4.93,173.7,1006.63,2117.06,3.05,6.77,2900.0,0.027,PM2.5-1HR
957,SWE_SE0067A,2026-06-09,4.39,13.47,85.32,0.7,5,174.16,1006.63,11899.84,3.05,6.77,2900.0,0.003,PM2.5-1HR
957,SWE_SE0004A,2026-06-10,4.24,12.53,77.65,0.46,4.84,226.2,1010.06,2117.06,2.46,5.944,2900.0,0.027,PM2.5-1HR
957,SWE_SE0067A,2026-06-10,3.54,12.57,77.5,0.44,4.92,226.38,1010.08,11899.84,2.46,5.944,2900.0,0.003,PM2.5-1HR
957,SWE_SE0004A,2026-06-11,3.8,12.51,70.19,0.01,2.65,269.43,1015.28,2117.06,1.83,5.062,2900.0,0.027,PM2.5-1HR
957,SWE_SE0067A,2026-06-11,2.99,12.55,69.96,0.01,2.68,270.14,1015.29,11899.84,1.83,5.062,2900.0,0.003,PM2.5-1HR
957,SWE_SE0004A,2026-06-12,4.04,12.51,77.96,0.11,3.59,190.55,1012.74,2117.06,2.08,5.412,2900.0,0.027,PM2.5-1HR
957,SWE_SE0067A,2026-06-12,3.08,12.57,77.71,0.11,3.65,191.01,1012.74,11899.84,2.08,5.412,2900.0,0.003,PM2.5-1HR
957,SWE_SE0004A,2026-06-13,5.13,13.11,83.17,0.14,3.3,240.81,1005.59,2117.06,4.91,9.374,2900.0,0.027,PM2.5-1HR
957,SWE_SE0067A,2026-06-13,4.68,13.12,82.98,0.13,3.38,241.27,1005.6,11899.84,4.91,9.374,2900.0,0.003,PM2.5-1HR
957,SWE_SE0004A,2026-06-15,2.62,14.25,70.12,0.05,4.81,330.88,1003.41,2117.06,1.68,4.852,2900.0,0.027,PM2.5-1HR
957,SWE_SE0067A,2026-06-15,2.69,14.27,70.05,0.05,4.91,330.79,1003.42,11899.84,1.68,4.852,2900.0,0.003,PM2.5-1HR
957,SWE_SE0004A,2026-06-16,7.67,13.74,76.57,0,3.52,255.56,1009.73,2117.06,5.47,10.158,2900.0,0.027,PM2.5-1HR
957,SWE_SE0067A,2026-06-16,7.3,13.75,76.46,0,3.58,255.96,1009.75,11899.84,5.47,10.158,2900.0,0.003,PM2.5-1HR
957,SWE_SE0004A,2026-06-17,7.5,12.83,78.9,0.08,3.3,215.96,1014.24,2117.06,2.91,6.574,2900.0,0.027,PM2.5-1HR
957,SWE_SE0067A,2026-06-17,6.37,12.86,78.79,0.08,3.34,216.55,1014.25,11899.84,2.91,6.574,2900.0,0.003,PM2.5-1HR
957,SWE_SE0067A,2026-06-18,4.11,15.59,84.04,0.03,4.78,252.39,1014.23,11899.84,1.27,4.278,2900.0,0.003,PM2.5-1HR
957,SWE_SE0004A,2026-06-18,4.54,15.56,84.15,0.02,4.73,252.2,1014.22,2117.06,1.27,4.278,2900.0,0.027,PM2.5-1HR
957,SWE_SE0067A,2026-06-19,5.28,18.79,77.15,0.01,2.95,193.44,1016.13,11899.84,3.45,7.33,2900.0,0.003,PM2.5-1HR
957,SWE_SE0004A,2026-06-19,6.14,18.82,76.97,0.01,2.92,193.87,1016.13,2117.06,3.45,7.33,2900.0,0.027,PM2.5-1HR
957,SWE_SE0067A,2026-06-20,10.78,20.26,82.17,0.06,4.37,202.67,1016,11899.84,7.1,12.44,2900.0,0.003,PM2.5-1HR
957,SWE_SE0004A,2026-06-20,11.53,20.29,81.98,0.06,4.3,202.92,1016,2117.06,7.1,12.44,2900.0,0.027,PM2.5-1HR
957,SWE_SE0067A,2026-06-21,4,16.85,70.61,0,4.16,276.83,1023.67,11899.84,2.62,6.168,2900.0,0.003,PM2.5-1HR
957,SWE_SE0004A,2026-06-21,4.74,16.85,70.59,0,4.09,276.3,1023.66,2117.06,2.62,6.168,2900.0,0.027,PM2.5-1HR
957,SWE_SE0067A,2026-06-22,4.18,15.76,67.78,0,3.04,290.62,1025.28,11899.84,2.35,5.79,2900.0,0.003,PM2.5-1HR
957,SWE_SE0004A,2026-06-22,5.01,15.73,67.81,0,2.98,290.13,1025.27,2117.06,2.35,5.79,2900.0,0.027,PM2.5-1HR
957,SWE_SE0067A,2026-06-23,5.13,15.68,68.65,0,2.3,247.46,1021.61,11899.84,3.62,7.568,2900.0,0.003,PM2.5-1HR
957,SWE_SE0004A,2026-06-23,4.84,15.64,68.65,0,2.28,247.3,1021.6,2117.06,3.62,7.568,2900.0,0.027,PM2.5-1HR
957,SWE_SE0067A,2026-06-24,6.89,18.48,68.99,0.01,3.47,249.13,1016.98,11899.84,3.44,7.316,2900.0,0.003,PM2.5-1HR
957,SWE_SE0004A,2026-06-24,6.86,18.47,68.9,0.01,3.46,249.35,1016.97,2117.06,3.44,7.316,2900.0,0.027,PM2.5-1HR
957,SWE_SE0067A,2026-06-25,5.94,18.81,71.95,0,3.16,273.96,1016.73,11899.84,2.41,5.874,2900.0,0.003,PM2.5-1HR
957,SWE_SE0004A,2026-06-25,6.56,18.8,71.88,0,3.11,273.4,1016.72,2117.06,2.41,5.874,2900.0,0.027,PM2.5-1HR
957,SWE_SE0067A,2026-06-26,4.66,19.85,67.89,0,2.92,192.76,1018.39,11899.84,2.92,6.588,2900.0,0.003,PM2.5-1HR
957,SWE_SE0004A,2026-06-26,5.63,19.85,67.69,0,2.89,192.85,1018.39,2117.06,2.92,6.588,2900.0,0.027,PM2.5-1HR
957,SWE_SE0067A,2026-06-27,8.09,23.17,71.61,0.01,2.53,208,1015.82,11899.84,3.68,7.652,2900.0,0.003,PM2.5-1HR
957,SWE_SE0004A,2026-06-27,8.61,23.2,71.48,0.01,2.5,208.45,1015.82,2117.06,3.68,7.652,2900.0,0.027,PM2.5-1HR
957,SWE_SE0067A,2026-06-28,15.33,20.97,76.54,0.05,1.98,283.06,1015.13,11899.84,7.71,13.294,2900.0,0.003,PM2.5-1HR
957,SWE_SE0004A,2026-06-28,13.93,20.96,76.59,0.05,1.96,282.54,1015.13,2117.06,7.71,13.294,2900.0,0.027,PM2.5-1HR
957,SWE_SE0067A,2026-06-29,7.76,18.94,73.82,0,4.58,260.5,1019.09,11899.84,4.77,9.178,2900.0,0.003,PM2.5-1HR
957,SWE_SE0004A,2026-06-29,8.02,18.92,73.81,0,4.53,260.06,1019.07,2117.06,4.77,9.178,2900.0,0.027,PM2.5-1HR
957,SWE_SE0067A,2026-06-30,5.35,16.39,71.48,0,3.67,262.59,1022.95,11899.84,4.15,8.31,2900.0,0.003,PM2.5-1HR
957,SWE_SE0004A,2026-06-30,5.8,16.35,71.72,0,3.62,262.58,1022.94,2117.06,4.15,8.31,2900.0,0.027,PM2.5-1HR
957,SWE_SE0004A,2026-07-01,4.81,17.36,69.62,0,2.46,247.96,1019.03,2117.06,2.76,6.364,2900.0,0.027,PM2.5-1HR
957,SWE_SE0067A,2026-07-01,4.15,17.4,69.47,0,2.5,248.47,1019.03,11899.84,2.76,6.364,2900.0,0.003,PM2.5-1HR
957,SWE_SE0004A,2026-07-02,6.23,14.98,90.47,0.68,4.93,217.76,1009.88,2117.06,3.56,7.484,2900.0,0.027,PM2.5-1HR
957,SWE_SE0067A,2026-07-02,4.83,15.04,90.09,0.68,5.04,218.38,1009.88,11899.84,3.56,7.484,2900.0,0.003,PM2.5-1HR
957,SWE_SE0004A,2026-07-03,5.68,16.43,81.32,0.31,5.94,287.02,1006.89,2117.06,2.07,5.398,2900.0,0.027,PM2.5-1HR
957,SWE_SE0067A,2026-07-03,4.58,16.45,81.15,0.31,6.07,287.05,1006.91,11899.84,2.07,5.398,2900.0,0.003,PM2.5-1HR
957,SWE_SE0004A,2026-07-04,6.32,16.53,77.15,0,3.94,277.82,1014.05,2117.06,3.73,7.722,2900.0,0.027,PM2.5-1HR
957,SWE_SE0067A,2026-07-04,5.24,16.54,77,0,4.05,278.09,1014.07,11899.84,3.73,7.722,2900.0,0.003,PM2.5-1HR
957,SWE_SE0004A,2026-07-05,6.59,16.29,70.07,0,5.49,273.59,1008.66,2117.06,3.05,6.77,2900.0,0.027,PM2.5-1HR
957,SWE_SE0067A,2026-07-05,5.72,16.29,70.13,0,5.61,274.01,1008.68,11899.84,3.05,6.77,2900.0,0.003,PM2.5-1HR
957,SWE_SE0004A,2026-07-06,4.7,14.16,66.13,0,4.19,271.47,1005.98,2117.06,2.33,5.762,2900.0,0.027,PM2.5-1HR
957,SWE_SE0067A,2026-07-06,3.57,14.19,66.15,0,4.27,271.83,1006,11899.84,2.33,5.762,2900.0,0.003,PM2.5-1HR
957,SWE_SE0004A,2026-07-07,4.53,13.81,72.13,0.05,4.98,279.24,999.06,2117.06,1.69,4.866,2900.0,0.027,PM2.5-1HR
957,SWE_SE0067A,2026-07-07,4.14,13.86,72.09,0.05,5.07,279.97,999.08,11899.84,1.69,4.866,2900.0,0.003,PM2.5-1HR
957,SWE_SE0004A,2026-07-08,5.41,16.86,61.38,0,3.96,307.23,1007.66,2117.06,2.32,5.748,2900.0,0.027,PM2.5-1HR
957,SWE_SE0067A,2026-07-08,5.26,16.88,61.52,0,4.04,306.84,1007.67,11899.84,2.32,5.748,2900.0,0.003,PM2.5-1HR
957,SWE_SE0004A,2026-07-09,5.68,17.86,61.13,0,2.31,346.21,1013.83,2117.06,3.4,7.26,2900.0,0.027,PM2.5-1HR
957,SWE_SE0067A,2026-07-09,5.96,17.87,61.32,0,2.32,345.48,1013.83,11899.84,3.4,7.26,2900.0,0.003,PM2.5-1HR
957,SWE_SE0004A,2026-07-10,6.5,19.15,63.49,0,1.97,343.18,1017.49,2117.06,3.05,6.77,2900.0,0.027,PM2.5-1HR
957,SWE_SE0067A,2026-07-10,7.94,19.16,63.46,0,2.01,342.72,1017.49,11899.84,3.05,6.77,2900.0,0.003,PM2.5-1HR
957,SWE_SE0004A,2026-07-11,5.02,20.54,65.78,0,1.72,308.58,1020.44,2117.06,3.21,6.994,2900.0,0.027,PM2.5-1HR
957,SWE_SE0067A,2026-07-11,4.67,20.53,65.93,0,1.73,308.54,1020.44,11899.84,3.21,6.994,2900.0,0.003,PM2.5-1HR
957,SWE_SE0004A,2026-07-12,4.8,20.01,72.68,0.03,3.31,33.45,1022.28,2117.06,3.2,6.98,2900.0,0.027,PM2.5-1HR
957,SWE_SE0067A,2026-07-12,5.75,20.05,72.52,0.03,3.33,32.9,1022.27,11899.84,3.2,6.98,2900.0,0.003,PM2.5-1HR
957,SWE_SE0004A,2026-07-13,4.28,20.79,59.16,0.01,2.92,29.63,1024.67,2117.06,3.42,7.288,2900.0,0.027,PM2.5-1HR
957,SWE_SE0067A,2026-07-13,5.13,20.81,59.22,0.01,2.95,28.69,1024.66,11899.84,3.42,7.288,2900.0,0.003,PM2.5-1HR
957,SWE_SE0004A,2026-07-14,8.91,19.89,62.65,0,2.29,350.17,1023.34,2117.06,5.66,10.424,2900.0,0.027,PM2.5-1HR
957,SWE_SE0067A,2026-07-14,8.6,19.94,62.48,0,2.35,349.87,1023.34,11899.84,5.66,10.424,2900.0,0.003,PM2.5-1HR
957,SWE_SE0004A,2026-07-15,13.52,22.17,58.56,0,2.46,6.28,1023.87,2117.06,12.04,19.356,2900.0,0.027,PM2.5-1HR
957,SWE_SE0067A,2026-07-15,14.42,22.18,58.53,0,2.51,5.89,1023.87,11899.84,12.04,19.356,2900.0,0.003,PM2.5-1HR
957,SWE_SE0004A,2026-07-16,15.66,22.44,58.67,0,2.09,217.27,1021.62,2117.06,10.37,17.018,2900.0,0.027,PM2.5-1HR
957,SWE_SE0067A,2026-07-16,14.83,22.43,58.69,0,2.12,215.52,1021.62,11899.84,10.37,17.018,2900.0,0.003,PM2.5-1HR
957,SWE_SE0004A,2026-07-17,13.55,21.55,59.3,0,1.59,194.31,1012.81,2117.06,8.98,15.072,2900.0,0.027,PM2.5-1HR
957,SWE_SE0067A,2026-07-17,12.46,21.55,59.38,0,1.6,193.81,1012.81,11899.84,8.98,15.072,2900.0,0.003,PM2.5-1HR
957,SWE_SE0004A,2026-07-18,8.82,17.36,88.69,0.69,2.77,290.33,1004.76,2117.06,0.76,3.564,2900.0,0.027,PM2.5-1HR
957,SWE_SE0067A,2026-07-18,8.58,17.41,88.51,0.67,2.82,290.58,1004.76,11899.84,0.76,3.564,2900.0,0.003,PM2.5-1HR
957,SWE_SE0004A,2026-07-19,0.93,13.16,91.2,0.21,6,29.75,1010.44,2117.06,0.43,3.102,2900.0,0.027,PM2.5-1HR
957,SWE_SE0067A,2026-07-19,1.09,13.24,90.94,0.21,6.09,29.65,1010.42,11899.84,0.43,3.102,2900.0,0.003,PM2.5-1HR
957,SWE_SE0004A,2026-07-20,1.34,16.3,59.31,0,4.68,16.14,1018,2117.06,1.13,4.082,2900.0,0.027,PM2.5-1HR
957,SWE_SE0067A,2026-07-20,1.75,16.36,59.14,0,4.75,15.81,1018,11899.84,1.13,4.082,2900.0,0.003,PM2.5-1HR
957,SWE_SE0067A,2026-07-21,4.61,17.36,63.13,0,3.14,304.33,1018.85,11899.84,2.28,5.692,2900.0,0.003,PM2.5-1HR
957,SWE_SE0004A,2026-07-21,5.06,17.31,63.08,0,3.1,304.6,1018.84,2117.06,2.28,5.692,2900.0,0.027,PM2.5-1HR
957,SWE_SE0067A,2026-07-22,4.53,17.21,74.55,0.26,3.58,343.76,1010.41,11899.84,1.99,5.286,2900.0,0.003,PM2.5-1HR
957,SWE_SE0004A,2026-07-22,3.85,17.18,74.64,0.26,3.53,346.39,1010.42,2117.06,1.99,5.286,2900.0,0.027,PM2.5-1HR
957,SWE_SE0067A,2026-07-23,2.43,16.46,66.37,0.02,2.9,330.01,1013.65,11899.84,1.66,4.824,2900.0,0.003,PM2.5-1HR
957,SWE_SE0004A,2026-07-23,3,16.41,66.57,0.02,2.84,330,1013.65,2117.06,1.66,4.824,2900.0,0.027,PM2.5-1HR
957,SWE_SE0004A,2026-07-24,6.65,16.17,78.87,0.03,5.29,246.89,1010.2,2117.06,1.68,4.852,2900.0,0.027,PM2.5-1HR
957,SWE_SE0067A,2026-07-24,5.86,16.22,78.67,0.03,5.38,247.58,1010.22,11899.84,1.68,4.852,2900.0,0.003,PM2.5-1HR
957,SWE_SE0004A,2026-07-25,6.1,15.75,85.84,0.36,5.61,231.57,1001.86,2117.06,1.96,5.244,2900.0,0.027,PM2.5-1HR
957,SWE_SE0067A,2026-07-25,5.13,15.75,85.82,0.36,5.62,231.6,1001.87,11899.84,1.96,5.244,2900.0,0.003,PM2.5-1HR
957,SWE_SE0004A,2026-07-26,5.75,15.19,76.42,0.05,4.72,252.52,997.81,2117.06,4.1,8.24,2900.0,0.027,PM2.5-1HR
957,SWE_SE0067A,2026-07-26,4.96,15.19,76.42,0.05,4.72,252.52,997.81,11899.84,4.1,8.24,2900.0,0.003,PM2.5-1HR
957,SWE_SE0004A,2026-07-27,6.31,15.24,70.42,0.05,6.24,275.87,1001.62,2117.06,2.9,6.56,2900.0,0.027,PM2.5-1HR
957,SWE_SE0067A,2026-07-27,5.44,15.24,70.42,0.05,6.24,275.87,1001.62,11899.84,2.9,6.56,2900.0,0.003,PM2.5-1HR
957,SWE_SE0004A,2026-07-28,6.85,15.83,75.38,0.17,6.21,265.09,1012.42,2117.06,3.34,7.176,2900.0,0.027,PM2.5-1HR
957,SWE_SE0067A,2026-07-28,6.26,15.83,75.38,0.17,6.21,265.09,1012.42,11899.84,3.34,7.176,2900.0,0.003,PM2.5-1HR
957,SWE_SE0004A,2026-07-29,9.06,19.66,81.71,0.12,4.37,215.8,1015.87,2117.06,5.11,9.654,2900.0,0.027,PM2.5-1HR
957,SWE_SE0067A,2026-07-29,7.97,19.66,81.71,0.12,4.37,215.8,1015.87,11899.84,5.11,9.654,2900.0,0.003,PM2.5-1HR
957,SWE_SE0004A,2026-07-30,9.39,22.68,67.92,0,4.55,183.06,1011.67,2117.06,5.94,10.816,2900.0,0.027,PM2.5-1HR
957,SWE_SE0067A,2026-07-30,8.75,22.68,67.92,0,4.55,183.06,1011.67,11899.84,5.94,10.816,2900.0,0.003,PM2.5-1HR
957,SWE_SE0004A,2026-07-31,5.74,16.51,69.54,0,4.39,261.38,1013.98,2117.06,3.8,7.82,2900.0,0.027,PM2.5-1HR
957,SWE_SE0067A,2026-07-31,4.84,16.51,69.54,0,4.39,261.38,1013.98,11899.84,3.8,7.82,2900.0,0.003,PM2.5-1HR
957,SWE_SE0004A,2026-08-01,3.47,15.25,71.54,0.09,3.84,250.02,1015.31,2117.06,2.34,5.776,2900.0,0.027,PM2.5-1HR
957,SWE_SE0067A,2026-08-01,2.83,15.25,71.54,0.09,3.84,250.02,1015.31,11899.84,2.34,5.776,2900.0,0.003,PM2.5-1HR
957,SWE_SE0004A,2026-08-03,4.19,15.15,72.58,0,2.59,266.23,1019.26,2117.06,2.91,6.574,2900.0,0.027,PM2.5-1HR
957,SWE_SE0067A,2026-08-03,3.99,15.15,72.58,0,2.59,266.23,1019.26,11899.84,2.91,6.574,2900.0,0.003,PM2.5-1HR
957,SWE_SE0004A,2026-08-04,4.23,17.86,69.67,0.16,2.67,126.12,1016.23,2117.06,3.29,7.106,2900.0,0.027,PM2.5-1HR
957,SWE_SE0067A,2026-08-04,3.92,17.86,69.67,0.16,2.67,126.12,1016.23,11899.84,3.29,7.106,2900.0,0.003,PM2.5-1HR
957,SWE_SE0004A,2026-08-05,9.43,19.14,82.08,0.2,4.91,190.29,1009.6,2117.06,4.84,9.276,2900.0,0.027,PM2.5-1HR
957,SWE_SE0067A,2026-08-05,8.28,19.14,82.08,0.2,4.91,190.29,1009.6,11899.84,4.84,9.276,2900.0,0.003,PM2.5-1HR
957,SWE_SE0004A,2026-08-06,5.49,17.2,75.79,0.19,6.09,232.73,1009.31,2117.06,3.35,7.19,2900.0,0.027,PM2.5-1HR
957,SWE_SE0067A,2026-08-06,4.94,17.2,75.79,0.19,6.09,232.73,1009.31,11899.84,3.35,7.19,2900.0,0.003,PM2.5-1HR
957,SWE_SE0004A,2026-08-07,7.09,15.81,77.38,0.08,5.87,260.21,1013.94,2117.06,4.61,8.954,2900.0,0.027,PM2.5-1HR
957,SWE_SE0067A,2026-08-07,6.34,15.81,77.38,0.08,5.87,260.21,1013.94,11899.84,4.61,8.954,2900.0,0.003,PM2.5-1HR
957,SWE_SE0004A,2026-08-08,6.07,16.24,75.17,0.1,4.72,255.41,1019.3,2117.06,4.34,8.576,2900.0,0.027,PM2.5-1HR
957,SWE_SE0067A,2026-08-08,5.3,16.24,75.17,0.1,4.72,255.41,1019.3,11899.84,4.34,8.576,2900.0,0.003,PM2.5-1HR
957,SWE_SE0004A,2026-08-09,4.34,18.35,67.63,0,4.79,196.45,1014.95,2117.06,3.29,7.106,2900.0,0.027,PM2.5-1HR
957,SWE_SE0067A,2026-08-09,3.81,18.35,67.63,0,4.79,196.45,1014.95,11899.84,3.29,7.106,2900.0,0.003,PM2.5-1HR
957,SWE_SE0004A,2026-08-10,5.15,16.1,74.92,0.14,6.02,256.99,1008.01,2117.06,2.5,6.0,2900.0,0.027,PM2.5-1HR
957,SWE_SE0067A,2026-08-10,4.3,16.1,74.92,0.14,6.02,256.99,1008.01,11899.84,2.5,6.0,2900.0,0.003,PM2.5-1HR
