metro_id,fullaqsid,date,aq_daily_mean,temp_daily_mean,rhum_daily_mean,precip_daily_mean,ws_daily_mean,wd_daily_mean_deg,barpr_daily_mean,population,bg3,sat_monthly_mean,metro_pop_density_year,dist_km_motorway_trunk_primary_secondary,partition_key
194,060010009,2024-09-12,4.06,17.81,78,0,2.89,247.96,1009.35,7936.72,1,3.9,680.0,0.057,PM2.5-1HR
194,060010011,2024-09-12,4.17,18.53,73.46,0,2.36,196.47,1009.14,5970.53,2,5.3,680.0,2.259,PM2.5-1HR
194,060010012,2024-09-12,6.16,18.53,73.46,0,2.36,196.47,1009.14,3239.16,1.5,4.6,680.0,1.492,PM2.5-1HR
194,060010013,2024-09-12,9,19.01,69.42,0,2.79,199.88,1008.89,1003.26,2,5.3,680.0,1.152,PM2.5-1HR
194,060010015,2024-09-12,2,19.3,70.38,0,2.37,242.45,1009.05,1395.58,0,2.5,680.0,0.939,PM2.5-1HR
194,060010016,2024-09-12,3.46,19.49,64.71,0,2.78,244.77,1008.81,2976.48,0,2.5,680.0,2.345,PM2.5-1HR
194,060130002,2024-09-12,0.71,20.21,64.83,0,2.47,229.88,1008.69,1468.57,0,2.5,680.0,1.21,PM2.5-1HR
194,060131004,2024-09-12,10.34,18.74,69.38,0,2.79,199.88,1008.89,5253.95,3,6.7,680.0,1.753,PM2.5-1HR
194,060410001,2024-09-12,3,19.86,61.21,0,1.92,244.22,1008.72,2306.57,0,2.5,680.0,1.79,PM2.5-1HR
194,060750005,2024-09-12,9.45,17.06,75,0,3.66,237.67,1009.13,8410.74,5,9.5,680.0,1.434,PM2.5-1HR
194,060811001,2024-09-12,3.12,18.13,70.25,0,2.7,270.78,1009.33,3744.97,0,2.5,680.0,2.054,PM2.5-1HR
194,060010009,2024-09-13,6.97,18.52,73.88,0,2.17,259.11,1009.2,7936.72,1,3.9,680.0,0.057,PM2.5-1HR
194,060010011,2024-09-13,8.19,18.9,73.08,0,2.39,199.98,1009.08,5970.53,2,5.3,680.0,2.259,PM2.5-1HR
194,060010012,2024-09-13,10.56,18.9,73.08,0,2.39,199.98,1009.08,3239.16,2,5.3,680.0,1.492,PM2.5-1HR
194,060010013,2024-09-13,12.13,17.95,73.63,0,4.02,186.75,1008.85,1003.26,2,5.3,680.0,1.152,PM2.5-1HR
194,060010015,2024-09-13,3.29,20.46,61.33,0,1.74,253.56,1008.79,1395.58,0,2.5,680.0,0.939,PM2.5-1HR
194,060010016,2024-09-13,5.13,21.11,53.13,0,1.89,247.19,1008.57,2976.48,2,5.3,680.0,2.345,PM2.5-1HR
194,060130002,2024-09-13,1.62,22.64,49.04,0,2.41,222.33,1008.33,1468.57,0,2.5,680.0,1.21,PM2.5-1HR
194,060131004,2024-09-13,15.05,17.68,73.63,0,4.02,186.75,1008.85,5253.95,4,8.1,680.0,1.753,PM2.5-1HR
194,060410001,2024-09-13,6.91,20.35,60.25,0,1.47,202.45,1008.57,2306.57,2,5.3,680.0,1.79,PM2.5-1HR
194,060750005,2024-09-13,14,16.15,78.67,0,3.79,222.25,1009.13,8410.74,6,10.9,680.0,1.434,PM2.5-1HR
194,060811001,2024-09-13,7.57,19.08,64.63,0,1.97,276.84,1009,3744.97,1,3.9,680.0,2.054,PM2.5-1HR
194,060010009,2024-09-14,5.74,17.12,78.92,0,2.37,277.42,1010.72,7936.72,1,3.9,680.0,0.057,PM2.5-1HR
194,060010011,2024-09-14,3.96,16.88,80.75,0,3.06,211.78,1010.58,5970.53,1.33,4.362,680.0,2.259,PM2.5-1HR
194,060010012,2024-09-14,6.21,16.88,80.75,0,3.06,211.78,1010.58,3239.16,1.5,4.6,680.0,1.492,PM2.5-1HR
194,060010013,2024-09-14,9.03,15.43,84.71,0,4.8,199.12,1010.34,1003.26,1.33,4.362,680.0,1.152,PM2.5-1HR
194,060010015,2024-09-14,5.63,18.67,67.96,0,2.47,261.64,1010.28,1395.58,3,6.7,680.0,0.939,PM2.5-1HR
194,060010016,2024-09-14,6.12,19.63,60,0,3.27,251.04,1009.85,2976.48,3,6.7,680.0,2.345,PM2.5-1HR
194,060130002,2024-09-14,2.75,20.23,61.42,0,3.87,209.99,1009.64,1468.57,0,2.5,680.0,1.21,PM2.5-1HR
194,060131004,2024-09-14,13.82,15.15,84.67,0,4.8,199.12,1010.34,5253.95,4,8.1,680.0,1.753,PM2.5-1HR
194,060410001,2024-09-14,4.92,17.65,71.75,0,2.03,207.81,1009.94,2306.57,1,3.9,680.0,1.79,PM2.5-1HR
194,060750005,2024-09-14,10.08,15.34,82.88,0,4.76,228.09,1010.61,8410.74,6,10.9,680.0,1.434,PM2.5-1HR
194,060811001,2024-09-14,6.06,18.15,63.75,0,2.07,253.55,1010.52,3744.97,2,5.3,680.0,2.054,PM2.5-1HR
194,060010009,2024-09-15,4.74,15.48,83.79,0.01,6.53,247.31,1010.72,7936.72,0.5,3.2,680.0,0.057,PM2.5-1HR
194,060010011,2024-09-15,4.32,15.85,82.21,0,4.77,219.62,1009.86,5970.53,1.67,4.838,680.0,2.259,PM2.5-1HR
194,060010012,2024-09-15,5.96,15.85,82.21,0,4.77,219.62,1009.86,3239.16,1.25,4.25,680.0,1.492,PM2.5-1HR
194,060010013,2024-09-15,9.28,16.39,75.46,0,4.44,228.84,1009.23,1003.26,1.67,4.838,680.0,1.152,PM2.5-1HR
194,060010015,2024-09-15,3.45,15.23,83.63,0.03,5.88,235.54,1010.61,1395.58,1,3.9,680.0,0.939,PM2.5-1HR
194,060010016,2024-09-15,5.11,15.38,76.38,0,7.28,236.04,1010.16,2976.48,1,3.9,680.0,2.345,PM2.5-1HR
194,060130002,2024-09-15,4.04,16.47,79.21,0,6.31,209.29,1009.16,1468.57,0,2.5,680.0,1.21,PM2.5-1HR
194,060131004,2024-09-15,10.09,16.1,75.42,0,4.44,228.84,1009.23,5253.95,2,5.3,680.0,1.753,PM2.5-1HR
194,060410001,2024-09-15,3.91,16.16,75.71,0,4.78,265.39,1008.95,2306.57,1,3.9,680.0,1.79,PM2.5-1HR
194,060750005,2024-09-15,10.38,15.22,81.46,0,7.99,266.06,1009.9,8410.74,5,9.5,680.0,1.434,PM2.5-1HR
194,060811001,2024-09-15,4.85,15.54,79.21,0,5.44,253.94,1011.21,3744.97,2,5.3,680.0,2.054,PM2.5-1HR
194,060010009,2024-09-16,6.04,15.8,77.58,0.03,3.51,263.25,1010.85,7936.72,3.5,7.4,680.0,0.057,PM2.5-1HR
194,060010011,2024-09-16,7.53,15.5,81.33,0.27,1.94,220.66,1010.69,5970.53,5,9.5,680.0,2.259,PM2.5-1HR
194,060010012,2024-09-16,9.79,15.5,81.33,0.27,1.94,220.66,1010.69,3239.16,4.25,8.45,680.0,1.492,PM2.5-1HR
194,060010013,2024-09-16,13.16,15.65,75.88,0.04,2.04,226.29,1010.49,1003.26,5,9.5,680.0,1.152,PM2.5-1HR
194,060010015,2024-09-16,5.53,15.61,77.21,0.14,3.24,239.98,1010.79,1395.58,0,2.5,680.0,0.939,PM2.5-1HR
194,060010016,2024-09-16,7.29,15.58,72.21,0.07,4.05,240.57,1010.63,2976.48,4,8.1,680.0,2.345,PM2.5-1HR
194,060130002,2024-09-16,4.08,16.01,76.04,0.11,2.42,227.11,1010.43,1468.57,1,3.9,680.0,1.21,PM2.5-1HR
194,060131004,2024-09-16,12.38,15.38,75.83,0.04,2.04,226.29,1010.49,5253.95,6,10.9,680.0,1.753,PM2.5-1HR
194,060410001,2024-09-16,5.67,15.92,75.17,0.06,2.37,271.15,1010.39,2306.57,2,5.3,680.0,1.79,PM2.5-1HR
194,060750005,2024-09-16,14.31,15.25,79.04,0.08,4.2,247.15,1010.68,8410.74,9,15.1,680.0,1.434,PM2.5-1HR
194,060811001,2024-09-16,6.19,16.01,72.79,0.03,3.24,265.66,1010.95,3744.97,3,6.7,680.0,2.054,PM2.5-1HR
194,060010009,2024-09-17,4.84,15.41,82.88,0,3.4,237.74,1015.13,7936.72,2.5,6.0,680.0,0.057,PM2.5-1HR
194,060010011,2024-09-17,3.88,15.26,84.54,0,3.53,213.42,1014.99,5970.53,2,5.3,680.0,2.259,PM2.5-1HR
194,060010012,2024-09-17,7,15.26,84.54,0,3.53,213.42,1014.99,3239.16,2,5.3,680.0,1.492,PM2.5-1HR
194,060010013,2024-09-17,8.26,14.95,82.92,0,4.09,207.12,1014.78,1003.26,2,5.3,680.0,1.152,PM2.5-1HR
194,060010015,2024-09-17,4.41,15.13,81.54,0,2.83,248.34,1014.96,1395.58,0,2.5,680.0,0.939,PM2.5-1HR
194,060010016,2024-09-17,6.83,15.14,77.83,0,3.35,248.63,1014.67,2976.48,4,8.1,680.0,2.345,PM2.5-1HR
194,060130002,2024-09-17,4,16.33,77.63,0,3.91,211.41,1014.49,1468.57,1,3.9,680.0,1.21,PM2.5-1HR
194,060131004,2024-09-17,9.28,14.68,82.92,0,4.09,207.12,1014.78,5253.95,4,8.1,680.0,1.753,PM2.5-1HR
194,060410001,2024-09-17,5.77,15.5,80.54,0,2.01,212.51,1014.56,2306.57,2,5.3,680.0,1.79,PM2.5-1HR
194,060750005,2024-09-17,10.64,14.55,85,0,4.8,236.94,1015.03,8410.74,3,6.7,680.0,1.434,PM2.5-1HR
194,060811001,2024-09-17,3.57,15.16,78.46,0,2.74,237.86,1015.12,3744.97,0,2.5,680.0,2.054,PM2.5-1HR
194,060010009,2024-09-18,1.06,16.65,86.92,0.03,2.98,260.81,1011.79,7936.72,0,2.5,680.0,0.057,PM2.5-1HR
194,060010011,2024-09-18,1.5,16.17,90.58,0.07,2.47,222.34,1011.73,5970.53,0.67,3.438,680.0,2.259,PM2.5-1HR
194,060010012,2024-09-18,2.6,16.17,90.58,0.07,2.47,222.34,1011.73,3239.16,0.5,3.2,680.0,1.492,PM2.5-1HR
194,060010013,2024-09-18,5.29,16.1,87.75,0.03,2.71,213.38,1011.54,1003.26,0.67,3.438,680.0,1.152,PM2.5-1HR
194,060010015,2024-09-18,2.14,17.01,84.46,0.11,2.43,238.95,1011.67,1395.58,0,2.5,680.0,0.939,PM2.5-1HR
194,060010016,2024-09-18,2.38,16.71,81.25,0.18,2.88,242.67,1011.5,2976.48,0,2.5,680.0,2.345,PM2.5-1HR
194,060130002,2024-09-18,0.74,17.27,84.38,0.06,2.87,226.93,1011.36,1468.57,0,2.5,680.0,1.21,PM2.5-1HR
194,060131004,2024-09-18,3,15.83,87.67,0.03,2.71,213.38,1011.54,5253.95,0,2.5,680.0,1.753,PM2.5-1HR
194,060410001,2024-09-18,1.78,16.85,83.33,0.01,1.7,228.16,1011.4,2306.57,0,2.5,680.0,1.79,PM2.5-1HR
194,060750005,2024-09-18,6.3,15.75,89.88,0.04,4.25,249.97,1011.69,8410.74,4,8.1,680.0,1.434,PM2.5-1HR
194,060811001,2024-09-18,1.28,17.03,82.83,0.07,1.92,281.08,1011.74,3744.97,0,2.5,680.0,2.054,PM2.5-1HR
194,060010009,2024-09-19,2.6,15.75,87.79,0,2.12,258.49,1012.01,7936.72,0,2.5,680.0,0.057,PM2.5-1HR
194,060010011,2024-09-19,1.73,15.42,89.08,0,2.76,215.63,1011.93,5970.53,0.67,3.438,680.0,2.259,PM2.5-1HR
194,060010012,2024-09-19,3.38,15.42,89.08,0,2.76,215.63,1011.93,3239.16,0.5,3.2,680.0,1.492,PM2.5-1HR
194,060010013,2024-09-19,5.59,14.57,88.67,0,4.24,203.69,1011.73,1003.26,0.67,3.438,680.0,1.152,PM2.5-1HR
194,060010015,2024-09-19,3.77,17.15,81,0,2.27,249.94,1011.68,1395.58,0,2.5,680.0,0.939,PM2.5-1HR
194,060010016,2024-09-19,4.04,17.39,76.33,0,2.85,246.15,1011.34,2976.48,2,5.3,680.0,2.345,PM2.5-1HR
194,060130002,2024-09-19,1.56,18.1,77.25,0,2.95,216.54,1011.13,1468.57,0,2.5,680.0,1.21,PM2.5-1HR
194,060131004,2024-09-19,7.5,14.3,88.58,0,4.24,203.69,1011.73,5253.95,1,3.9,680.0,1.753,PM2.5-1HR
194,060410001,2024-09-19,0.74,16.71,78.79,0,1.83,206.93,1011.45,2306.57,0,2.5,680.0,1.79,PM2.5-1HR
194,060750005,2024-09-19,5.57,14.18,89.25,0,4.55,236.14,1011.98,8410.74,2,5.3,680.0,1.434,PM2.5-1HR
194,060811001,2024-09-19,2.17,17.15,78.5,0,1.66,280.88,1011.75,3744.97,1,3.9,680.0,2.054,PM2.5-1HR
194,060010009,2024-09-20,3.28,15.91,84.17,0,2.37,253.78,1012.35,7936.72,0.5,3.2,680.0,0.057,PM2.5-1HR
194,060010011,2024-09-20,2.6,15.68,86.17,0,3.12,217.06,1012.24,5970.53,0.67,3.438,680.0,2.259,PM2.5-1HR
194,060010012,2024-09-20,4.57,15.68,86.17,0,3.12,217.06,1012.24,3239.16,0.5,3.2,680.0,1.492,PM2.5-1HR
194,060010013,2024-09-20,6.36,14.64,87.21,0,4.66,206.46,1012.03,1003.26,0.67,3.438,680.0,1.152,PM2.5-1HR
194,060010015,2024-09-20,2.51,17.29,78.5,0,2.51,249.77,1011.93,1395.58,0,2.5,680.0,0.939,PM2.5-1HR
194,060010016,2024-09-20,3.41,17.73,74,0,3.28,246.67,1011.48,2976.48,1,3.9,680.0,2.345,PM2.5-1HR
194,060130002,2024-09-20,1.13,18.68,73.29,0,3.39,217.98,1011.33,1468.57,0,2.5,680.0,1.21,PM2.5-1HR
194,060131004,2024-09-20,6.47,14.37,87.08,0,4.66,206.46,1012.03,5253.95,2,5.3,680.0,1.753,PM2.5-1HR
194,060410001,2024-09-20,1.26,16.71,77.25,0,1.92,207.78,1011.73,2306.57,0,2.5,680.0,1.79,PM2.5-1HR
194,060750005,2024-09-20,7.12,14.52,86.5,0,4.8,231.91,1012.29,8410.74,2,5.3,680.0,1.434,PM2.5-1HR
194,060811001,2024-09-20,3,17.32,75.04,0,1.64,264.37,1012.1,3744.97,0,2.5,680.0,2.054,PM2.5-1HR
194,060010009,2024-09-21,7.62,16.94,81.46,0,2.26,295.54,1012.07,7936.72,2,5.3,680.0,0.057,PM2.5-1HR
194,060010011,2024-09-21,4.87,16.92,82.96,0,2.08,229.57,1012.13,5970.53,2,5.3,680.0,2.259,PM2.5-1HR
194,060010012,2024-09-21,5.53,16.92,82.96,0,2.08,229.57,1012.13,3239.16,2,5.3,680.0,1.492,PM2.5-1HR
194,060010013,2024-09-21,9.74,15.57,84.38,0,4.08,214.16,1012.08,1003.26,2,5.3,680.0,1.152,PM2.5-1HR
194,060010015,2024-09-21,6.32,19.26,73.46,0,1.62,253.12,1011.64,1395.58,1,3.9,680.0,0.939,PM2.5-1HR
194,060010016,2024-09-21,6.28,19.7,68.42,0,2.2,260.96,1011.35,2976.48,3,6.7,680.0,2.345,PM2.5-1HR
194,060130002,2024-09-21,4.34,20.46,67.79,0,2.22,230.45,1011.34,1468.57,2,5.3,680.0,1.21,PM2.5-1HR
194,060131004,2024-09-21,11.37,15.29,84.33,0,4.08,214.16,1012.08,5253.95,2,5.3,680.0,1.753,PM2.5-1HR
194,060410001,2024-09-21,4.45,17.3,76.04,0,2.03,205.78,1011.89,2306.57,0,2.5,680.0,1.79,PM2.5-1HR
194,060750005,2024-09-21,10,15.37,84.04,0,3.96,232.34,1012.22,8410.74,5,9.5,680.0,1.434,PM2.5-1HR
194,060811001,2024-09-21,6.57,17.89,74.96,0,1.52,306.17,1011.87,3744.97,1,3.9,680.0,2.054,PM2.5-1HR
194,060010009,2024-09-22,5.58,17.13,81.21,0,1.94,304.6,1013.13,7936.72,2.5,6.0,680.0,0.057,PM2.5-1HR
194,060010011,2024-09-22,3.78,17.36,79.25,0,1.79,226.12,1013.14,5970.53,1.67,4.838,680.0,2.259,PM2.5-1HR
194,060010012,2024-09-22,5.62,17.36,79.25,0,1.79,226.12,1013.14,3239.16,2,5.3,680.0,1.492,PM2.5-1HR
194,060010013,2024-09-22,8.03,15.99,81.75,0,3.29,201.42,1013,1003.26,1.67,4.838,680.0,1.152,PM2.5-1HR
194,060010015,2024-09-22,4.82,20.28,69.38,0,1.64,248.57,1012.68,1395.58,0,2.5,680.0,0.939,PM2.5-1HR
194,060010016,2024-09-22,6.03,20.95,63.25,0,2.12,249.16,1012.4,2976.48,3,6.7,680.0,2.345,PM2.5-1HR
194,060130002,2024-09-22,2.82,21.8,60.04,0,2.12,230.96,1012.3,1468.57,0,2.5,680.0,1.21,PM2.5-1HR
194,060131004,2024-09-22,9.33,15.71,81.71,0,3.29,201.42,1013,5253.95,0,2.5,680.0,1.753,PM2.5-1HR
194,060410001,2024-09-22,2.74,19.27,71.33,0,1.31,199.86,1012.75,2306.57,0,2.5,680.0,1.79,PM2.5-1HR
194,060750005,2024-09-22,9.35,14.78,85.13,0,3.57,247.17,1013.25,8410.74,6,10.9,680.0,1.434,PM2.5-1HR
194,060811001,2024-09-22,7.16,18.24,78.25,0,1.45,329.72,1013.02,3744.97,1,3.9,680.0,2.054,PM2.5-1HR
194,060010009,2024-09-23,6.91,22.01,60.79,0,1.57,301.66,1010.48,7936.72,0.5,3.2,680.0,0.057,PM2.5-1HR
194,060010011,2024-09-23,9.07,22.83,58.17,0,1.24,123.02,1010.44,5970.53,3,6.7,680.0,2.259,PM2.5-1HR
194,060010012,2024-09-23,8.33,22.83,58.17,0,1.24,123.02,1010.44,3239.16,2.25,5.65,680.0,1.492,PM2.5-1HR
194,060010013,2024-09-23,9.5,20.95,65.13,0,2.01,172.16,1010.46,1003.26,3,6.7,680.0,1.152,PM2.5-1HR
194,060010015,2024-09-23,7.47,25.3,45.08,0,1.32,310.21,1010.33,1395.58,2,5.3,680.0,0.939,PM2.5-1HR
194,060010016,2024-09-23,7.91,24.75,43.46,0,1.42,291.61,1010.29,2976.48,5,9.5,680.0,2.345,PM2.5-1HR
194,060130002,2024-09-23,3.74,25.71,38.17,0,1.66,128.08,1010.29,1468.57,0,2.5,680.0,1.21,PM2.5-1HR
194,060131004,2024-09-23,9.75,20.68,65.13,0,2.01,172.16,1010.46,5253.95,4,8.1,680.0,1.753,PM2.5-1HR
194,060410001,2024-09-23,5.77,22.35,55,0,1.12,256.31,1010.43,2306.57,1,3.9,680.0,1.79,PM2.5-1HR
194,060750005,2024-09-23,10.7,18.47,70.83,0,2.24,268.23,1010.55,8410.74,6,10.9,680.0,1.434,PM2.5-1HR
194,060811001,2024-09-23,7.35,21.16,68.88,0,1.29,301.66,1010.49,3744.97,1,3.9,680.0,2.054,PM2.5-1HR
194,060010009,2024-09-24,7.52,21.46,59.83,0,2.44,335.77,1008.63,7936.72,4,8.1,680.0,0.057,PM2.5-1HR
194,060010011,2024-09-24,6.66,20.88,65.29,0,2.01,218.04,1008.71,5970.53,3.67,7.638,680.0,2.259,PM2.5-1HR
194,060010012,2024-09-24,7.57,20.88,65.29,0,2.01,218.04,1008.71,3239.16,3.75,7.75,680.0,1.492,PM2.5-1HR
194,060010013,2024-09-24,9.65,18.15,74.79,0,3.61,201.74,1008.61,1003.26,3.67,7.638,680.0,1.152,PM2.5-1HR
194,060010015,2024-09-24,7.62,25.33,44.63,0,1.86,269.7,1008.29,1395.58,4,8.1,680.0,0.939,PM2.5-1HR
194,060010016,2024-09-24,7.95,25.18,43.67,0,2.21,274.14,1008.05,2976.48,4,8.1,680.0,2.345,PM2.5-1HR
194,060130002,2024-09-24,4.46,25.9,40.96,0,2.32,207.2,1008.06,1468.57,0,2.5,680.0,1.21,PM2.5-1HR
194,060131004,2024-09-24,10.58,17.86,74.75,0,3.61,201.74,1008.61,5253.95,3,6.7,680.0,1.753,PM2.5-1HR
194,060410001,2024-09-24,4.66,21.9,55.21,0,1.74,204.82,1008.36,2306.57,0,2.5,680.0,1.79,PM2.5-1HR
194,060750005,2024-09-24,11.08,16.31,79.29,0,3.78,255.52,1008.82,8410.74,0,2.5,680.0,1.434,PM2.5-1HR
194,060811001,2024-09-24,8.47,21.8,59.83,0,1.69,282.8,1008.45,3744.97,2,5.3,680.0,2.054,PM2.5-1HR
194,060010009,2024-09-25,4.32,16.26,85.67,0,3.36,267.38,1010.82,7936.72,0,2.5,680.0,0.057,PM2.5-1HR
194,060010011,2024-09-25,6.17,15.84,87.46,0,4.16,235,1010.83,5970.53,1,3.9,680.0,2.259,PM2.5-1HR
194,060010012,2024-09-25,6.04,15.84,87.46,0,4.16,235,1010.83,3239.16,0.75,3.55,680.0,1.492,PM2.5-1HR
194,060010013,2024-09-25,8.66,15.43,86.25,0,4.98,225.58,1010.73,1003.26,1,3.9,680.0,1.152,PM2.5-1HR
194,060010015,2024-09-25,5.41,16.91,82.38,0,3.19,254.13,1010.42,1395.58,2,5.3,680.0,0.939,PM2.5-1HR
194,060010016,2024-09-25,7.03,17.11,77.83,0,4.42,256.5,1009.82,2976.48,4,8.1,680.0,2.345,PM2.5-1HR
194,060130002,2024-09-25,3.49,17.14,81,0,4.71,227.78,1010.03,1468.57,0,2.5,680.0,1.21,PM2.5-1HR
194,060131004,2024-09-25,7.71,15.15,86.17,0,4.98,225.58,1010.73,5253.95,1,3.9,680.0,1.753,PM2.5-1HR
194,060410001,2024-09-25,5.2,15.88,84.79,0,2.73,224.11,1010.6,2306.57,0,2.5,680.0,1.79,PM2.5-1HR
194,060750005,2024-09-25,9.12,15.59,84.5,0,5.7,238.49,1010.89,8410.74,6,10.9,680.0,1.434,PM2.5-1HR
194,060811001,2024-09-25,4.88,17.21,76.71,0,2.15,251.58,1010.54,3744.97,2,5.3,680.0,2.054,PM2.5-1HR
194,060010009,2024-09-26,3.74,17.28,81.58,0,1.96,252.15,1012.42,7936.72,0.5,3.2,680.0,0.057,PM2.5-1HR
194,060010011,2024-09-26,2.87,17.57,80.96,0,2.3,204.65,1012.32,5970.53,0.33,2.962,680.0,2.259,PM2.5-1HR
194,060010012,2024-09-26,7.01,17.57,80.96,0,2.3,204.65,1012.32,3239.16,0.25,2.85,680.0,1.492,PM2.5-1HR
194,060010013,2024-09-26,6.94,17.01,79.13,0,3.22,191.71,1012.12,1003.26,0.33,2.962,680.0,1.152,PM2.5-1HR
194,060010015,2024-09-26,4.3,18.86,75.88,0,1.94,244.8,1012.15,1395.58,1,3.9,680.0,0.939,PM2.5-1HR
194,060010016,2024-09-26,4.91,19.35,69.63,0,2.37,247.51,1011.83,2976.48,3,6.7,680.0,2.345,PM2.5-1HR
194,060130002,2024-09-26,2.05,20.29,69.33,0,2.28,232.85,1011.73,1468.57,0,2.5,680.0,1.21,PM2.5-1HR
194,060131004,2024-09-26,8.68,16.74,79.13,0,3.22,191.71,1012.12,5253.95,2,5.3,680.0,1.753,PM2.5-1HR
194,060410001,2024-09-26,2.94,18.97,73.46,0,1.03,190.99,1011.92,2306.57,1,3.9,680.0,1.79,PM2.5-1HR
194,060750005,2024-09-26,7.38,15.68,82.21,0,3.46,233.16,1012.34,8410.74,0,2.5,680.0,1.434,PM2.5-1HR
194,060811001,2024-09-26,4.47,17.84,75.5,0,1.77,273.5,1012.33,3744.97,1,3.9,680.0,2.054,PM2.5-1HR
194,060010009,2024-09-27,6.44,20.65,66.21,0,1.79,325.12,1010.6,7936.72,1,3.9,680.0,0.057,PM2.5-1HR
194,060010011,2024-09-27,7.99,21.55,62.63,0,1.47,193.14,1010.55,5970.53,2.67,6.238,680.0,2.259,PM2.5-1HR
194,060010012,2024-09-27,8.89,21.55,62.63,0,1.47,193.14,1010.55,3239.16,2,5.3,680.0,1.492,PM2.5-1HR
194,060010013,2024-09-27,11.7,20.18,70.83,0,1.87,199.81,1010.51,1003.26,2.67,6.238,680.0,1.152,PM2.5-1HR
194,060010015,2024-09-27,6.07,23.82,52.88,0,1.14,294.24,1010.39,1395.58,1,3.9,680.0,0.939,PM2.5-1HR
194,060010016,2024-09-27,6.34,23.84,47.21,0,1.3,251.79,1010.3,2976.48,4,8.1,680.0,2.345,PM2.5-1HR
194,060130002,2024-09-27,3.28,25.12,43.04,0,1.42,226.54,1010.29,1468.57,0,2.5,680.0,1.21,PM2.5-1HR
194,060131004,2024-09-27,10.77,19.91,70.75,0,1.87,199.81,1010.51,5253.95,3,6.7,680.0,1.753,PM2.5-1HR
194,060410001,2024-09-27,4.2,21.78,59.38,0,1.16,215.77,1010.46,2306.57,1,3.9,680.0,1.79,PM2.5-1HR
194,060750005,2024-09-27,12.83,17.71,75.08,0,2.46,232.58,1010.65,8410.74,8,13.7,680.0,1.434,PM2.5-1HR
194,060811001,2024-09-27,6.13,20.52,64.79,0,1.73,238.88,1010.54,3744.97,1,3.9,680.0,2.054,PM2.5-1HR
194,060811001,2024-09-28,4.7,17.93,66.58,0,1.95,272.4,1010.71,3744.97,0,2.5,680.0,2.054,PM2.5-1HR
194,060010009,2024-09-28,5.11,17.18,80.71,0,2.85,293.75,1010.92,7936.72,2.5,6.0,680.0,0.057,PM2.5-1HR
194,060010011,2024-09-28,4.57,16.48,83.79,0,2.94,211.91,1010.82,5970.53,2,5.3,680.0,2.259,PM2.5-1HR
194,060010012,2024-09-28,6.41,16.48,83.79,0,2.94,211.91,1010.82,3239.16,2,5.3,680.0,1.492,PM2.5-1HR
194,060010013,2024-09-28,8.28,15.64,85.54,0,4.29,199.33,1010.52,1003.26,2,5.3,680.0,1.152,PM2.5-1HR
194,060010015,2024-09-28,5.57,18.78,70.25,0,2.55,257.23,1010.46,1395.58,1,3.9,680.0,0.939,PM2.5-1HR
194,060010016,2024-09-28,6.37,19.57,63.17,0,3.15,247.34,1010,2976.48,2,5.3,680.0,2.345,PM2.5-1HR
194,060130002,2024-09-28,3.31,20.38,61.88,0,3.45,211.12,1009.87,1468.57,0,2.5,680.0,1.21,PM2.5-1HR
194,060131004,2024-09-28,11.97,15.36,85.54,0,4.29,199.33,1010.52,5253.95,2,5.3,680.0,1.753,PM2.5-1HR
194,060410001,2024-09-28,3.94,18.24,69.46,0,1.66,215.59,1010.19,2306.57,0,2.5,680.0,1.79,PM2.5-1HR
194,060750005,2024-09-28,8.78,14.9,87.46,0,4.88,239.44,1010.88,8410.74,4,8.1,680.0,1.434,PM2.5-1HR
194,060811001,2024-09-29,7.73,17.56,72.29,0,1.79,251.48,1013.49,3744.97,0,2.5,680.0,2.054,PM2.5-1HR
194,060010009,2024-09-29,8.86,17.02,77.38,0,2.35,238.95,1013.6,7936.72,4,8.1,680.0,0.057,PM2.5-1HR
194,060010011,2024-09-29,9.61,17.07,78.38,0,3.14,203.86,1013.42,5970.53,5,9.5,680.0,2.259,PM2.5-1HR
194,060010012,2024-09-29,9.62,17.07,78.38,0,3.14,203.86,1013.42,3239.16,4.5,8.8,680.0,1.492,PM2.5-1HR
194,060010013,2024-09-29,12.88,16.49,77.13,0,4.25,197.35,1013.18,1003.26,5,9.5,680.0,1.152,PM2.5-1HR
194,060010015,2024-09-29,5.98,18.17,74,0,2.19,249.47,1013.31,1395.58,1,3.9,680.0,0.939,PM2.5-1HR
194,060010016,2024-09-29,7.15,18.65,67.88,0,2.94,246.94,1012.88,2976.48,2,5.3,680.0,2.345,PM2.5-1HR
194,060130002,2024-09-29,4.68,19.78,67.71,0,3.26,217.14,1012.68,1468.57,0,2.5,680.0,1.21,PM2.5-1HR
194,060131004,2024-09-29,16.9,16.2,77.08,0,4.25,197.35,1013.18,5253.95,6,10.9,680.0,1.753,PM2.5-1HR
194,060410001,2024-09-29,6.49,18.15,73.67,0,1.36,189.94,1012.9,2306.57,1,3.9,680.0,1.79,PM2.5-1HR
194,060750005,2024-09-29,14.77,15.86,76.96,0,4.21,227.42,1013.43,8410.74,8,13.7,680.0,1.434,PM2.5-1HR
194,060811001,2024-09-30,9.52,21.98,48.42,0,1.45,231.98,1012.39,3744.97,3,6.7,680.0,2.054,PM2.5-1HR
194,060010009,2024-09-30,10.46,22.38,45.08,0,1.43,14.37,1012.28,7936.72,4,8.1,680.0,0.057,PM2.5-1HR
194,060010011,2024-09-30,12.93,23.45,44.08,0,1.52,58.72,1012.34,5970.53,6.33,11.362,680.0,2.259,PM2.5-1HR
194,060010012,2024-09-30,13.9,23.45,44.08,0,1.52,58.72,1012.34,3239.16,5.5,10.2,680.0,1.492,PM2.5-1HR
194,060010013,2024-09-30,17.86,21.62,56.67,0,1.5,335.16,1012.34,1003.26,6.33,11.362,680.0,1.152,PM2.5-1HR
194,060010015,2024-09-30,6.45,23.55,39.17,0,1.57,29.88,1012.39,1395.58,4,8.1,680.0,0.939,PM2.5-1HR
194,060010016,2024-09-30,7.1,23.8,37.46,0,1.73,50.44,1012.4,2976.48,3,6.7,680.0,2.345,PM2.5-1HR
194,060130002,2024-09-30,5.29,25.31,30.46,0,2.36,78.11,1012.42,1468.57,2,5.3,680.0,1.21,PM2.5-1HR
194,060131004,2024-09-30,12.95,21.33,56.58,0,1.5,335.16,1012.34,5253.95,6,10.9,680.0,1.753,PM2.5-1HR
194,060410001,2024-09-30,7.74,22.55,52.92,0,0.96,323.15,1012.37,2306.57,4,8.1,680.0,1.79,PM2.5-1HR
194,060750005,2024-09-30,17.08,19.11,65.25,0,2.26,297.43,1012.4,8410.74,8,13.7,680.0,1.434,PM2.5-1HR
194,060010009,2024-10-01,9.41,25.35,38.58,0,1.67,356.68,1013.18,7936.72,6,10.9,680.0,0.057,PM2.5-1HR
194,060010011,2024-10-01,11.21,27.65,29.04,0,1.79,61.33,1013.28,5970.53,7.33,12.762,680.0,2.259,PM2.5-1HR
194,060010012,2024-10-01,12.09,27.65,29.04,0,1.79,61.33,1013.28,3239.16,6.5,11.6,680.0,1.492,PM2.5-1HR
194,060010013,2024-10-01,13.13,25.69,37.33,0,2.31,20.6,1013.21,1003.26,7.33,12.762,680.0,1.152,PM2.5-1HR
194,060010015,2024-10-01,5.52,27.84,26.46,0,1.82,58.46,1013.51,1395.58,1,3.9,680.0,0.939,PM2.5-1HR
194,060010016,2024-10-01,7.77,28.15,22.13,0,1.86,74.72,1013.6,2976.48,5,9.5,680.0,2.345,PM2.5-1HR
194,060130002,2024-10-01,4.91,29.55,19.54,0,1.98,87.75,1013.62,1468.57,1,3.9,680.0,1.21,PM2.5-1HR
194,060131004,2024-10-01,11.1,25.41,37.25,0,2.31,20.6,1013.21,5253.95,5,9.5,680.0,1.753,PM2.5-1HR
194,060410001,2024-10-01,5.51,27.51,30.08,0,1.35,351.82,1013.42,2306.57,2,5.3,680.0,1.79,PM2.5-1HR
194,060750005,2024-10-01,14.8,22.86,44.5,0,2.61,18.46,1013.18,8410.74,0,2.5,680.0,1.434,PM2.5-1HR
194,060811001,2024-10-01,8.62,25.99,30.5,0,1.56,219.65,1013.23,3744.97,5,9.5,680.0,2.054,PM2.5-1HR
194,060010009,2024-10-02,9.31,27.45,30,0,1.56,339.24,1010.81,7936.72,6,10.9,680.0,0.057,PM2.5-1HR
194,060010011,2024-10-02,15.2,28.15,30.63,0,1.37,184.06,1010.78,5970.53,9,15.1,680.0,2.259,PM2.5-1HR
194,060010012,2024-10-02,14.54,28.15,30.63,0,1.37,184.06,1010.78,3239.16,7.75,13.35,680.0,1.492,PM2.5-1HR
194,060010013,2024-10-02,18.5,24.87,46.21,0,1.94,186.93,1010.65,1003.26,9,15.1,680.0,1.152,PM2.5-1HR
194,060010015,2024-10-02,7.27,31.19,20.54,0,1.3,313.48,1010.82,1395.58,2,5.3,680.0,0.939,PM2.5-1HR
194,060010016,2024-10-02,7.41,30.24,20.04,0,1.53,275.54,1010.73,2976.48,3,6.7,680.0,2.345,PM2.5-1HR
194,060130002,2024-10-02,5.99,32.2,18.08,0,1.41,178.56,1010.68,1468.57,0,2.5,680.0,1.21,PM2.5-1HR
194,060131004,2024-10-02,15.85,24.59,46.13,0,1.94,186.93,1010.65,5253.95,8,13.7,680.0,1.753,PM2.5-1HR
194,060410001,2024-10-02,9.12,28.23,31.42,0,1.06,244.65,1010.64,2306.57,4,8.1,680.0,1.79,PM2.5-1HR
194,060750005,2024-10-02,19.64,20.92,57.13,0,2.42,251.95,1010.81,8410.74,13,20.7,680.0,1.434,PM2.5-1HR
194,060811001,2024-10-02,12.29,26.72,29.13,0,1.32,273.53,1010.81,3744.97,5,9.5,680.0,2.054,PM2.5-1HR
194,060010009,2024-10-03,12.13,25.17,32.58,0,1.6,332.54,1008.69,7936.72,9.5,15.8,680.0,0.057,PM2.5-1HR
194,060010011,2024-10-03,20.29,23.84,42.83,0,1.81,190.87,1008.63,5970.53,15.33,23.962,680.0,2.259,PM2.5-1HR
194,060010012,2024-10-03,19.44,23.84,42.83,0,1.81,190.87,1008.63,3239.16,12.75,20.35,680.0,1.492,PM2.5-1HR
194,060010013,2024-10-03,23.23,20.92,61.58,0,3.05,181.04,1008.49,1003.26,15.33,23.962,680.0,1.152,PM2.5-1HR
194,060010015,2024-10-03,4.85,29.23,21.29,0,1.94,255.49,1008.48,1395.58,0,2.5,680.0,0.939,PM2.5-1HR
194,060010016,2024-10-03,6.74,28.58,21,0,2.17,252.04,1008.3,2976.48,2,5.3,680.0,2.345,PM2.5-1HR
194,060130002,2024-10-03,3.52,28.89,19.96,0,2.05,202.85,1008.23,1468.57,0,2.5,680.0,1.21,PM2.5-1HR
194,060131004,2024-10-03,21.72,20.63,61.5,0,3.05,181.04,1008.49,5253.95,15,23.5,680.0,1.753,PM2.5-1HR
194,060410001,2024-10-03,11.86,24.91,38.17,0,1.18,205.07,1008.31,2306.57,6,10.9,680.0,1.79,PM2.5-1HR
194,060750005,2024-10-03,25.55,17.5,73.58,0,3.02,236.4,1008.78,8410.74,16,24.9,680.0,1.434,PM2.5-1HR
194,060811001,2024-10-03,13.63,24.99,35.92,0,1.45,286.87,1008.6,3744.97,2,5.3,680.0,2.054,PM2.5-1HR
194,060010009,2024-10-04,13.73,22.35,47.46,0,1.72,315.18,1012.28,7936.72,6.5,11.6,680.0,0.057,PM2.5-1HR
194,060010011,2024-10-04,16.82,21.99,49.25,0,1.53,180.88,1012.24,5970.53,10,16.5,680.0,2.259,PM2.5-1HR
194,060010012,2024-10-04,16.69,21.99,49.25,0,1.53,180.88,1012.24,3239.16,8.75,14.75,680.0,1.492,PM2.5-1HR
194,060010013,2024-10-04,16.57,20.03,65.79,0,2.44,173.66,1012.12,1003.26,10,16.5,680.0,1.152,PM2.5-1HR
194,060010015,2024-10-04,7.13,25.51,31.21,0,1.98,252.33,1012.02,1395.58,0,2.5,680.0,0.939,PM2.5-1HR
194,060010016,2024-10-04,7.67,26.08,26.04,0,2.11,248.3,1011.78,2976.48,4,8.1,680.0,2.345,PM2.5-1HR
194,060130002,2024-10-04,4.78,27.4,24.04,0,2.18,224,1011.68,1468.57,0,2.5,680.0,1.21,PM2.5-1HR
194,060131004,2024-10-04,19.97,19.75,65.75,0,2.44,173.66,1012.12,5253.95,9,15.1,680.0,1.753,PM2.5-1HR
194,060410001,2024-10-04,10.24,23.18,43.29,0,1.1,232.84,1011.95,2306.57,6,10.9,680.0,1.79,PM2.5-1HR
194,060750005,2024-10-04,20.98,17.38,72.75,0,2.71,241.3,1012.32,8410.74,13,20.7,680.0,1.434,PM2.5-1HR
194,060811001,2024-10-04,13.1,22.79,46.75,0,1.61,293.47,1012.23,3744.97,5,9.5,680.0,2.054,PM2.5-1HR
194,060010009,2024-10-05,7.63,27.1,31.29,0,1.37,21.26,1014.2,7936.72,3.5,7.4,680.0,0.057,PM2.5-1HR
194,060010011,2024-10-05,11.57,28.72,31.71,0,1.55,40.81,1014.34,5970.53,5.67,10.438,680.0,2.259,PM2.5-1HR
194,060010012,2024-10-05,9.35,28.72,31.71,0,1.55,40.81,1014.34,3239.16,4.75,9.15,680.0,1.492,PM2.5-1HR
194,060010013,2024-10-05,13.24,26.51,38,0,1.8,357.54,1014.22,1003.26,5.67,10.438,680.0,1.152,PM2.5-1HR
194,060010015,2024-10-05,6.79,29.46,25.79,0,1.59,21.01,1014.41,1395.58,4,8.1,680.0,0.939,PM2.5-1HR
194,060010016,2024-10-05,7.03,28.17,24.29,0,1.92,73.92,1014.42,2976.48,3,6.7,680.0,2.345,PM2.5-1HR
194,060130002,2024-10-05,3.99,30.17,22.63,0,1.72,87.53,1014.5,1468.57,1,3.9,680.0,1.21,PM2.5-1HR
194,060131004,2024-10-05,10.37,26.24,37.96,0,1.8,357.54,1014.22,5253.95,5,9.5,680.0,1.753,PM2.5-1HR
194,060410001,2024-10-05,4.88,27.3,27.29,0,1.5,319.05,1014.37,2306.57,0,2.5,680.0,1.79,PM2.5-1HR
194,060750005,2024-10-05,14.65,24.55,43.79,0,2.14,357.48,1014.18,8410.74,7,12.3,680.0,1.434,PM2.5-1HR
194,060811001,2024-10-05,6.6,26.95,25.67,0,1.57,239.27,1014.29,3744.97,0,2.5,680.0,2.054,PM2.5-1HR
194,060010009,2024-10-06,7.77,28.03,27.67,0,1.64,25.7,1013.43,7936.72,1.5,4.6,680.0,0.057,PM2.5-1HR
194,060010011,2024-10-06,8.54,29.88,26.54,0,1.65,62.28,1013.52,5970.53,4,8.1,680.0,2.259,PM2.5-1HR
194,060010012,2024-10-06,10.88,29.88,26.54,0,1.65,62.28,1013.52,3239.16,3,6.7,680.0,1.492,PM2.5-1HR
194,060010013,2024-10-06,10.83,27.86,32.79,0,1.78,359.07,1013.38,1003.26,4,8.1,680.0,1.152,PM2.5-1HR
194,060010015,2024-10-06,3.77,29.27,23.75,0,1.71,48.64,1013.79,1395.58,0,2.5,680.0,0.939,PM2.5-1HR
194,060010016,2024-10-06,4.92,29.04,21.54,0,1.88,99.17,1013.81,2976.48,1,3.9,680.0,2.345,PM2.5-1HR
194,060130002,2024-10-06,3.33,31.84,18.79,0,2.1,89.68,1013.75,1468.57,0,2.5,680.0,1.21,PM2.5-1HR
194,060131004,2024-10-06,10.19,27.59,32.71,0,1.78,359.07,1013.38,5253.95,5,9.5,680.0,1.753,PM2.5-1HR
194,060410001,2024-10-06,2.68,28.92,26.29,0,1.52,322.65,1013.58,2306.57,1,3.9,680.0,1.79,PM2.5-1HR
194,060750005,2024-10-06,12.87,25.42,38.92,0,2.47,347.54,1013.35,8410.74,9,15.1,680.0,1.434,PM2.5-1HR
194,060811001,2024-10-06,5.29,27.35,27,0,1.89,225.8,1013.5,3744.97,2,5.3,680.0,2.054,PM2.5-1HR
194,060010009,2024-10-07,10.21,26.66,35.5,0,1.76,327.14,1011.05,7936.72,4,8.1,680.0,0.057,PM2.5-1HR
194,060010011,2024-10-07,11.21,29.09,29.96,0,1.36,70.72,1011.05,5970.53,6.33,11.362,680.0,2.259,PM2.5-1HR
194,060010012,2024-10-07,10.38,29.09,29.92,0,1.36,70.72,1011.05,3239.16,5.5,10.2,680.0,1.492,PM2.5-1HR
194,060010013,2024-10-07,13.44,27.78,30.29,0,1.42,358.46,1010.89,1003.26,6.33,11.362,680.0,1.152,PM2.5-1HR
194,060010015,2024-10-07,5.58,29.02,25.92,0,1.7,0.89,1011.11,1395.58,2,5.3,680.0,0.939,PM2.5-1HR
194,060010016,2024-10-07,5.31,28.63,22.58,0,1.81,154.19,1011.07,2976.48,1,3.9,680.0,2.345,PM2.5-1HR
194,060130002,2024-10-07,3.73,31.14,21.08,0,2.02,47.55,1011.08,1468.57,0,2.5,680.0,1.21,PM2.5-1HR
194,060131004,2024-10-07,11.25,27.5,30.25,0,1.42,358.46,1010.89,5253.95,4,8.1,680.0,1.753,PM2.5-1HR
194,060410001,2024-10-07,4.83,28.88,25.58,0,1.84,309.81,1010.98,2306.57,0,2.5,680.0,1.79,PM2.5-1HR
194,060750005,2024-10-07,12.77,23.5,47.21,0,2.68,254.54,1010.94,8410.74,7,12.3,680.0,1.434,PM2.5-1HR
194,060811001,2024-10-07,7.18,26.23,30.25,0,2.11,259.69,1011.08,3744.97,1,3.9,680.0,2.054,PM2.5-1HR
194,060010009,2024-10-08,8.94,19.73,72.75,0,2.05,231.89,1011.11,7936.72,1,3.9,680.0,0.057,PM2.5-1HR
194,060010011,2024-10-08,11.54,20.83,68.96,0,2.64,172.27,1010.76,5970.53,1.33,4.362,680.0,2.259,PM2.5-1HR
194,060010012,2024-10-08,10.81,20.83,68.96,0,2.64,172.27,1010.76,3239.16,1.5,4.6,680.0,1.492,PM2.5-1HR
194,060010013,2024-10-08,11.62,21.66,61.58,0,3.26,160.95,1010.32,1003.26,1.33,4.362,680.0,1.152,PM2.5-1HR
194,060010015,2024-10-08,7.7,22.24,60.92,0,2.07,240.2,1010.68,1395.58,3,6.7,680.0,0.939,PM2.5-1HR
194,060010016,2024-10-08,7.28,23.63,45.71,0,2.43,231.12,1010.33,2976.48,5,9.5,680.0,2.345,PM2.5-1HR
194,060130002,2024-10-08,3.5,25.62,41.33,0,2.33,219.7,1010.03,1468.57,0,2.5,680.0,1.21,PM2.5-1HR
194,060131004,2024-10-08,12.38,21.4,61.58,0,3.26,160.95,1010.32,5253.95,1,3.9,680.0,1.753,PM2.5-1HR
194,060410001,2024-10-08,6.72,24.66,40.33,0,1.5,231.75,1010.14,2306.57,1,3.9,680.0,1.79,PM2.5-1HR
194,060750005,2024-10-08,8.81,18.88,65.25,0,3.41,220.26,1010.61,8410.74,1,3.9,680.0,1.434,PM2.5-1HR
194,060811001,2024-10-08,8.39,20.7,53.54,0,2.37,255.08,1011.01,3744.97,3,6.7,680.0,2.054,PM2.5-1HR
194,060010009,2024-10-09,3.12,16.95,82.63,0,2.24,238.59,1014.93,7936.72,0.5,3.2,680.0,0.057,PM2.5-1HR
194,060010011,2024-10-09,3.64,16.77,83.88,0,3.48,195.28,1014.63,5970.53,0.33,2.962,680.0,2.259,PM2.5-1HR
194,060010012,2024-10-09,4.07,16.77,83.88,0,3.48,195.28,1014.63,3239.16,0.5,3.2,680.0,1.492,PM2.5-1HR
194,060010013,2024-10-09,6.38,17.28,79.83,0,4.75,183.31,1014.07,1003.26,0.33,2.962,680.0,1.152,PM2.5-1HR
194,060010015,2024-10-09,2.84,17.52,79.38,0,2.39,244.69,1014.64,1395.58,0,2.5,680.0,0.939,PM2.5-1HR
194,060010016,2024-10-09,4.13,18.44,68.96,0,3.29,243.25,1014.11,2976.48,1,3.9,680.0,2.345,PM2.5-1HR
194,060130002,2024-10-09,1.13,19.6,70.21,0,3.83,204.83,1013.69,1468.57,0,2.5,680.0,1.21,PM2.5-1HR
194,060131004,2024-10-09,3.85,17.01,79.79,0,4.75,183.31,1014.07,5253.95,0,2.5,680.0,1.753,PM2.5-1HR
194,060410001,2024-10-09,3.53,20.27,62.29,0,1.27,212.91,1013.71,2306.57,1,3.9,680.0,1.79,PM2.5-1HR
194,060750005,2024-10-09,2.12,16.22,82.21,0,5,230.3,1014.48,8410.74,0,2.5,680.0,1.434,PM2.5-1HR
194,060811001,2024-10-09,4.5,18.27,69.96,0,1.92,256.21,1014.81,3744.97,1,3.9,680.0,2.054,PM2.5-1HR
194,060010009,2024-10-10,6.58,16.8,78.83,0,2.07,251.26,1016.07,7936.72,2.5,6.0,680.0,0.057,PM2.5-1HR
194,060010011,2024-10-10,9.7,16.98,78.92,0,2.72,191.67,1015.89,5970.53,4.67,9.038,680.0,2.259,PM2.5-1HR
194,060010012,2024-10-10,9.58,16.98,78.92,0,2.72,191.67,1015.89,3239.16,3.75,7.75,680.0,1.492,PM2.5-1HR
194,060010013,2024-10-10,11.45,16.91,77.08,0,3.91,182.28,1015.52,1003.26,4.67,9.038,680.0,1.152,PM2.5-1HR
194,060010015,2024-10-10,6.84,18,72.46,0,1.8,250.46,1015.73,1395.58,3,6.7,680.0,0.939,PM2.5-1HR
194,060010016,2024-10-10,6.81,18.93,62.54,0,2.55,249.13,1015.38,2976.48,2,5.3,680.0,2.345,PM2.5-1HR
194,060130002,2024-10-10,3.81,20.08,62.29,0,2.98,207.19,1015.12,1468.57,0,2.5,680.0,1.21,PM2.5-1HR
194,060131004,2024-10-10,13.96,16.63,77.08,0,3.91,182.28,1015.52,5253.95,5,9.5,680.0,1.753,PM2.5-1HR
194,060410001,2024-10-10,8.78,19.06,61.63,0,1.46,202.92,1015.2,2306.57,1,3.9,680.0,1.79,PM2.5-1HR
194,060750005,2024-10-10,7.91,15.79,77.42,0,3.96,230.94,1015.81,8410.74,2,5.3,680.0,1.434,PM2.5-1HR
194,060811001,2024-10-10,7.15,17.83,67.29,0,1.83,268.8,1015.91,3744.97,0,2.5,680.0,2.054,PM2.5-1HR
194,060010009,2024-10-11,5.03,15.98,78.67,0,2.1,281.44,1017.47,7936.72,1.5,4.6,680.0,0.057,PM2.5-1HR
194,060010011,2024-10-11,6.9,15.66,80,0,2.62,215.76,1017.44,5970.53,2.33,5.762,680.0,2.259,PM2.5-1HR
194,060010012,2024-10-11,6.74,15.66,80,0,2.62,215.76,1017.44,3239.16,2.5,6.0,680.0,1.492,PM2.5-1HR
194,060010013,2024-10-11,9.17,16.02,78.21,0,3.75,207.39,1017.16,1003.26,2.33,5.762,680.0,1.152,PM2.5-1HR
194,060010015,2024-10-11,4.14,15.93,72.13,0,2.01,257.51,1017.2,1395.58,1,3.9,680.0,0.939,PM2.5-1HR
194,060010016,2024-10-11,6.24,16.43,65.5,0,3.02,252.42,1016.82,2976.48,1,3.9,680.0,2.345,PM2.5-1HR
194,060130002,2024-10-11,2.7,17.6,63.58,0,3.15,214.98,1016.74,1468.57,0,2.5,680.0,1.21,PM2.5-1HR
194,060131004,2024-10-11,8.08,15.73,78.13,0,3.75,207.39,1017.16,5253.95,2,5.3,680.0,1.753,PM2.5-1HR
194,060410001,2024-10-11,4.74,16.84,68,0,1.74,223.44,1016.98,2306.57,1,3.9,680.0,1.79,PM2.5-1HR
194,060750005,2024-10-11,3.37,15.43,80.67,0,4,236.46,1017.43,8410.74,1,3.9,680.0,1.434,PM2.5-1HR
194,060811001,2024-10-11,5.96,16.58,62.67,0,1.77,268.19,1017.33,3744.97,0,2.5,680.0,2.054,PM2.5-1HR
194,060010009,2024-10-12,3.21,18.72,82.42,0,2.59,256.3,1019.55,7936.72,1,3.9,680.0,0.057,PM2.5-1HR
194,060010011,2024-10-12,3.7,18.51,86,0,2.11,214.12,1019.6,5970.53,1.33,4.362,680.0,2.259,PM2.5-1HR
194,060010012,2024-10-12,4.96,18.51,86,0,2.11,214.12,1019.6,3239.16,1,3.9,680.0,1.492,PM2.5-1HR
194,060010013,2024-10-12,4.99,18.03,86.5,0,2.58,212.73,1019.48,1003.26,1.33,4.362,680.0,1.152,PM2.5-1HR
194,060010015,2024-10-12,2.34,18.51,81.79,0,2.08,253.74,1019.51,1395.58,0,2.5,680.0,0.939,PM2.5-1HR
194,060010016,2024-10-12,4.58,18.3,78.17,0,2.73,246.85,1019.3,2976.48,1,3.9,680.0,2.345,PM2.5-1HR
194,060130002,2024-10-12,1.02,19.43,81.88,0,2.63,230.69,1019.38,1468.57,0,2.5,680.0,1.21,PM2.5-1HR
194,060131004,2024-10-12,5.5,17.76,86.5,0,2.58,212.73,1019.48,5253.95,0,2.5,680.0,1.753,PM2.5-1HR
194,060410001,2024-10-12,2.11,17.85,88.13,0.01,1.81,209.85,1019.49,2306.57,0,2.5,680.0,1.79,PM2.5-1HR
194,060750005,2024-10-12,2.11,18.17,85.08,0,2.71,222.51,1019.47,8410.74,0,2.5,680.0,1.434,PM2.5-1HR
194,060811001,2024-10-12,2.78,18.9,77.58,0,1.84,264.48,1019.48,3744.97,0,2.5,680.0,2.054,PM2.5-1HR
194,060010009,2024-10-13,3.12,19.45,86.13,0.01,2.55,300.55,1017.85,7936.72,0.5,3.2,680.0,0.057,PM2.5-1HR
194,060010011,2024-10-13,2.4,19.98,85.25,0,1.45,231.93,1017.82,5970.53,0.33,2.962,680.0,2.259,PM2.5-1HR
194,060010012,2024-10-13,4.67,19.98,85.25,0,1.45,231.93,1017.82,3239.16,0.25,2.85,680.0,1.492,PM2.5-1HR
194,060010013,2024-10-13,5.29,19.79,84.17,0,1.54,246.06,1017.73,1003.26,0.33,2.962,680.0,1.152,PM2.5-1HR
194,060010015,2024-10-13,4.09,20.36,81.08,0,1.58,274.04,1017.75,1395.58,1,3.9,680.0,0.939,PM2.5-1HR
194,060010016,2024-10-13,4.04,20.12,77,0,1.65,247.38,1017.61,2976.48,1,3.9,680.0,2.345,PM2.5-1HR
194,060130002,2024-10-13,2.17,21.07,75.92,0,1.52,226.63,1017.62,1468.57,0,2.5,680.0,1.21,PM2.5-1HR
194,060131004,2024-10-13,5.28,19.52,84.13,0,1.54,246.06,1017.73,5253.95,0,2.5,680.0,1.753,PM2.5-1HR
194,060410001,2024-10-13,3.73,20.23,81.46,0,1.23,236.92,1017.75,2306.57,0,2.5,680.0,1.79,PM2.5-1HR
194,060750005,2024-10-13,2.19,18.26,87.58,0,3.42,270.59,1017.86,8410.74,0,2.5,680.0,1.434,PM2.5-1HR
194,060811001,2024-10-13,2.75,19.43,85.21,0.03,2.16,308.87,1017.85,3744.97,0,2.5,680.0,2.054,PM2.5-1HR
194,060010009,2024-10-14,2.16,15.96,88.42,0,2.54,249.5,1019,7936.72,0,2.5,680.0,0.057,PM2.5-1HR
194,060010011,2024-10-14,4.83,16.15,87.92,0,3.17,195.52,1018.71,5970.53,0.67,3.438,680.0,2.259,PM2.5-1HR
194,060010012,2024-10-14,2.86,16.15,87.92,0,3.17,195.52,1018.71,3239.16,0.5,3.2,680.0,1.492,PM2.5-1HR
194,060010013,2024-10-14,5.74,16.93,81.58,0,3.33,185.72,1018.27,1003.26,0.67,3.438,680.0,1.152,PM2.5-1HR
194,060010015,2024-10-14,3.08,16.85,85.21,0,2.28,238.63,1018.71,1395.58,0,2.5,680.0,0.939,PM2.5-1HR
194,060010016,2024-10-14,3.86,17.27,80.08,0,2.94,242.84,1018.35,2976.48,0,2.5,680.0,2.345,PM2.5-1HR
194,060130002,2024-10-14,0.82,18.28,80.42,0,3.11,208.09,1018.03,1468.57,0,2.5,680.0,1.21,PM2.5-1HR
194,060131004,2024-10-14,6.43,16.65,81.54,0,3.33,185.72,1018.27,5253.95,2,5.3,680.0,1.753,PM2.5-1HR
194,060410001,2024-10-14,3.91,18.19,75.58,0,1.07,220.56,1018.07,2306.57,0,2.5,680.0,1.79,PM2.5-1HR
194,060750005,2024-10-14,1.91,15.69,84.71,0,4.44,242.25,1018.58,8410.74,0,2.5,680.0,1.434,PM2.5-1HR
194,060811001,2024-10-14,1.5,16.38,82.42,0,2.43,261.65,1018.91,3744.97,0,2.5,680.0,2.054,PM2.5-1HR
194,060010009,2024-10-15,3.32,17.01,85.58,0,2.41,221.58,1017.67,7936.72,1,3.9,680.0,0.057,PM2.5-1HR
194,060010011,2024-10-15,4.48,17.37,85.04,0,2.89,189.99,1017.42,5970.53,1.33,4.362,680.0,2.259,PM2.5-1HR
194,060010012,2024-10-15,5.42,17.37,85.04,0,2.89,189.99,1017.42,3239.16,1,3.9,680.0,1.492,PM2.5-1HR
194,060010013,2024-10-15,7.17,17.88,79.71,0,3.24,182.66,1017.08,1003.26,1.33,4.362,680.0,1.152,PM2.5-1HR
194,060010015,2024-10-15,3.91,17.56,82.21,0,2.14,241.1,1017.53,1395.58,0,2.5,680.0,0.939,PM2.5-1HR
194,060010016,2024-10-15,2.71,17.92,75.5,0,3.03,242.76,1017.13,2976.48,0,2.5,680.0,2.345,PM2.5-1HR
194,060130002,2024-10-15,1.27,19.23,75.79,0,2.97,213.76,1016.79,1468.57,0,2.5,680.0,1.21,PM2.5-1HR
194,060131004,2024-10-15,9.47,17.6,79.67,0,3.24,182.66,1017.08,5253.95,2,5.3,680.0,1.753,PM2.5-1HR
194,060410001,2024-10-15,3.42,18.48,74.38,0,1.63,219.6,1016.89,2306.57,0,2.5,680.0,1.79,PM2.5-1HR
194,060750005,2024-10-15,3,16.15,83.67,0,3.69,231.46,1017.32,8410.74,0,2.5,680.0,1.434,PM2.5-1HR
194,060811001,2024-10-15,3.11,17.31,79.08,0,2.27,249.1,1017.66,3744.97,0,2.5,680.0,2.054,PM2.5-1HR
194,060010009,2024-10-16,2,16.38,86.04,0.18,2.68,247.54,1015.48,7936.72,0,2.5,680.0,0.057,PM2.5-1HR
194,060010011,2024-10-16,2.86,16.09,87.08,0.09,3.01,201.89,1015.23,5970.53,0,2.5,680.0,2.259,PM2.5-1HR
194,060010012,2024-10-16,2.88,16.09,87.08,0.09,3.01,201.89,1015.23,3239.16,0,2.5,680.0,1.492,PM2.5-1HR
194,060010013,2024-10-16,6.04,16.98,80.21,0.04,3.8,195.75,1014.71,1003.26,0,2.5,680.0,1.152,PM2.5-1HR
194,060010015,2024-10-16,2.54,16.4,87.58,0.25,2.53,237.2,1015.33,1395.58,0,2.5,680.0,0.939,PM2.5-1HR
194,060010016,2024-10-16,3.32,16.56,81.92,0.34,3.49,234.83,1015,2976.48,0,2.5,680.0,2.345,PM2.5-1HR
194,060130002,2024-10-16,0.8,17.3,83.21,0.35,3.76,204.42,1014.62,1468.57,0,2.5,680.0,1.21,PM2.5-1HR
194,060131004,2024-10-16,3.83,16.69,80.13,0.04,3.8,195.75,1014.71,5253.95,0,2.5,680.0,1.753,PM2.5-1HR
194,060410001,2024-10-16,4.52,18.12,70.58,0.1,2.31,238.09,1014.45,2306.57,0,2.5,680.0,1.79,PM2.5-1HR
194,060750005,2024-10-16,2.34,15.58,85.88,0.25,5.09,242.3,1015.1,8410.74,0,2.5,680.0,1.434,PM2.5-1HR
194,060811001,2024-10-16,2.24,16.89,80.33,0.11,2.24,250.52,1015.45,3744.97,0,2.5,680.0,2.054,PM2.5-1HR
194,060010009,2024-10-17,4.12,16.58,66.83,0,3.24,251.86,1012.82,7936.72,1,3.9,680.0,0.057,PM2.5-1HR
194,060010011,2024-10-17,4.31,17.01,63.25,0,2.74,275.33,1012.72,5970.53,1.33,4.362,680.0,2.259,PM2.5-1HR
194,060010012,2024-10-17,4.62,17.01,63.25,0,2.74,275.33,1012.72,3239.16,1.25,4.25,680.0,1.492,PM2.5-1HR
194,060010013,2024-10-17,7.35,17.28,60.33,0,3.18,258.75,1012.64,1003.26,1.33,4.362,680.0,1.152,PM2.5-1HR
194,060010015,2024-10-17,4.49,15.83,68.5,0,2.26,259.3,1012.76,1395.58,1,3.9,680.0,0.939,PM2.5-1HR
194,060010016,2024-10-17,3.29,15.83,62.63,0,3.21,272.08,1012.57,2976.48,0,2.5,680.0,2.345,PM2.5-1HR
194,060130002,2024-10-17,2.86,17.37,61.71,0,3.46,273.47,1012.49,1468.57,0,2.5,680.0,1.21,PM2.5-1HR
194,060131004,2024-10-17,7.3,17.01,60.29,0,3.18,258.75,1012.64,5253.95,2,5.3,680.0,1.753,PM2.5-1HR
194,060410001,2024-10-17,6.52,17.1,53.08,0,3.55,293.7,1012.72,2306.57,0,2.5,680.0,1.79,PM2.5-1HR
194,060750005,2024-10-17,4.5,16.49,61.71,0,4.16,285.66,1012.75,8410.74,1,3.9,680.0,1.434,PM2.5-1HR
194,060811001,2024-10-17,4.29,15.43,68.71,0,4.04,264.17,1013.14,3744.97,0,2.5,680.0,2.054,PM2.5-1HR
194,060010009,2024-10-18,4.07,18.65,22.21,0,4.21,345.78,1017.63,7936.72,0.5,3.2,680.0,0.057,PM2.5-1HR
194,060010011,2024-10-18,4.89,19.23,19.75,0,4.6,2.54,1017.88,5970.53,0.67,3.438,680.0,2.259,PM2.5-1HR
194,060010012,2024-10-18,4.17,19.23,19.75,0,4.6,2.54,1017.88,3239.16,0.5,3.2,680.0,1.492,PM2.5-1HR
194,060010013,2024-10-18,6.01,19.68,21.04,0,5.2,350,1018,1003.26,0.67,3.438,680.0,1.152,PM2.5-1HR
194,060010015,2024-10-18,2.94,17.99,19.33,0,4.56,3.62,1017.57,1395.58,0,2.5,680.0,0.939,PM2.5-1HR
194,060130002,2024-10-18,2.65,18.52,19.5,0,3.96,356.79,1017.96,1468.57,0,2.5,680.0,1.21,PM2.5-1HR
194,060131004,2024-10-18,3.45,19.41,21.04,0,5.2,350,1018,5253.95,1,3.9,680.0,1.753,PM2.5-1HR
194,060410001,2024-10-18,2.06,19.25,19.33,0,4.11,330.82,1018.29,2306.57,0,2.5,680.0,1.79,PM2.5-1HR
194,060750005,2024-10-18,3.69,19.12,22.75,0,5.23,340.85,1017.95,8410.74,0,2.5,680.0,1.434,PM2.5-1HR
194,060811001,2024-10-18,3.1,17.8,30.71,0,4.47,316.15,1017.97,3744.97,0,2.5,680.0,2.054,PM2.5-1HR
194,060010009,2024-10-19,6.21,19.46,26.63,0,1.81,52.76,1017.62,7936.72,2.5,6.0,680.0,0.057,PM2.5-1HR
194,060010011,2024-10-19,8.87,19.68,25.33,0,2.76,49.71,1017.71,5970.53,3.67,7.638,680.0,2.259,PM2.5-1HR
194,060010012,2024-10-19,7.51,19.68,25.33,0,2.76,49.71,1017.71,3239.16,3.25,7.05,680.0,1.492,PM2.5-1HR
194,060010013,2024-10-19,9.48,20.31,27.25,0,3.07,35.02,1017.66,1003.26,3.67,7.638,680.0,1.152,PM2.5-1HR
194,060010015,2024-10-19,4.44,18.51,22.88,0,2.38,60.83,1017.82,1395.58,2,5.3,680.0,0.939,PM2.5-1HR
194,060130002,2024-10-19,4.65,19.57,21.79,0,2.6,64.62,1017.96,1468.57,1,3.9,680.0,1.21,PM2.5-1HR
194,060131004,2024-10-19,7.16,20.05,27.17,0,3.07,35.02,1017.66,5253.95,2,5.3,680.0,1.753,PM2.5-1HR
194,060410001,2024-10-19,5.08,20.92,22,0,2.09,327.41,1017.82,2306.57,0,2.5,680.0,1.79,PM2.5-1HR
194,060750005,2024-10-19,7.7,19.58,31.75,0,2.95,25.25,1017.65,8410.74,4,8.1,680.0,1.434,PM2.5-1HR
194,060811001,2024-10-19,4.57,19.4,28.08,0,1.37,280.15,1017.77,3744.97,1,3.9,680.0,2.054,PM2.5-1HR
194,060010009,2024-10-20,6.99,18.31,32.58,0,1.6,18.75,1018.33,7936.72,4,8.1,680.0,0.057,PM2.5-1HR
194,060010011,2024-10-20,9.07,18.39,34.08,0,1.44,148.91,1018.36,5970.53,4.33,8.562,680.0,2.259,PM2.5-1HR
194,060010012,2024-10-20,8.65,18.39,34.08,0,1.44,148.91,1018.36,3239.16,4.25,8.45,680.0,1.492,PM2.5-1HR
194,060010013,2024-10-20,10.54,17.47,46.83,0,2.17,126.69,1018.37,1003.26,4.33,8.562,680.0,1.152,PM2.5-1HR
194,060010015,2024-10-20,5.28,19.4,26.75,0,1.7,10.5,1018.3,1395.58,0,2.5,680.0,0.939,PM2.5-1HR
194,060130002,2024-10-20,4.89,19.68,27.42,0,1.25,197.98,1018.36,1468.57,1,3.9,680.0,1.21,PM2.5-1HR
194,060131004,2024-10-20,8.49,17.18,46.79,0,2.17,126.69,1018.37,5253.95,4,8.1,680.0,1.753,PM2.5-1HR
194,060410001,2024-10-20,5.56,18.68,35.67,0,1.32,272.92,1018.41,2306.57,0,2.5,680.0,1.79,PM2.5-1HR
194,060750005,2024-10-20,7.57,17.67,50.04,0,2.09,321.51,1018.38,8410.74,2,5.3,680.0,1.434,PM2.5-1HR
194,060811001,2024-10-20,5.45,18.37,32.63,0,1.33,249.08,1018.28,3744.97,2,5.3,680.0,2.054,PM2.5-1HR
194,060010009,2024-10-21,4.31,15.26,78.33,0,2.46,293.33,1019.48,7936.72,1.5,4.6,680.0,0.057,PM2.5-1HR
194,060010011,2024-10-21,5.01,14.88,81.67,0,1.95,200.54,1019.41,5970.53,1,3.9,680.0,2.259,PM2.5-1HR
194,060010012,2024-10-21,5.43,14.88,81.67,0,1.95,200.54,1019.41,3239.16,1.25,4.25,680.0,1.492,PM2.5-1HR
194,060010013,2024-10-21,5.82,15.55,82.17,0,2.45,200.48,1019.16,1003.26,1,3.9,680.0,1.152,PM2.5-1HR
194,060010015,2024-10-21,5.28,15.93,59.54,0,1.89,249.99,1019.13,1395.58,2,5.3,680.0,0.939,PM2.5-1HR
194,060130002,2024-10-21,2.42,16.81,59,0,2.43,216.62,1018.81,1468.57,0,2.5,680.0,1.21,PM2.5-1HR
194,060131004,2024-10-21,8.19,15.28,82.17,0,2.45,200.48,1019.16,5253.95,3,6.7,680.0,1.753,PM2.5-1HR
194,060410001,2024-10-21,2.24,16.05,68.67,0,1.3,245.5,1019.03,2306.57,0,2.5,680.0,1.79,PM2.5-1HR
194,060750005,2024-10-21,2.67,14.36,87.08,0,3.73,248.7,1019.4,8410.74,0,2.5,680.0,1.434,PM2.5-1HR
194,060811001,2024-10-21,3.78,14.99,68.83,0,1.84,277.08,1019.4,3744.97,0,2.5,680.0,2.054,PM2.5-1HR
194,060010009,2024-10-22,4.07,14.94,78.92,0,1.82,252.12,1020,7936.72,2,5.3,680.0,0.057,PM2.5-1HR
194,060010011,2024-10-22,6.61,14.72,78.25,0,2.54,187.93,1019.85,5970.53,4,8.1,680.0,2.259,PM2.5-1HR
194,060010012,2024-10-22,6.91,14.72,78.21,0,2.54,187.93,1019.85,3239.16,3.25,7.05,680.0,1.492,PM2.5-1HR
194,060010013,2024-10-22,8.9,14.93,78.83,0,2.89,183.17,1019.62,1003.26,4,8.1,680.0,1.152,PM2.5-1HR
194,060010015,2024-10-22,4.12,15.57,73.96,0,1.7,250.37,1019.78,1395.58,0,2.5,680.0,0.939,PM2.5-1HR
194,060130002,2024-10-22,2.11,16.45,65.92,0,2.37,209.88,1019.33,1468.57,0,2.5,680.0,1.21,PM2.5-1HR
194,060131004,2024-10-22,9.23,14.65,78.71,0,2.89,183.17,1019.62,5253.95,3,6.7,680.0,1.753,PM2.5-1HR
194,060410001,2024-10-22,3.87,15.3,70.54,0,1.15,220.52,1019.43,2306.57,1,3.9,680.0,1.79,PM2.5-1HR
194,060750005,2024-10-22,3.96,13.96,80.88,0,3.07,232.82,1019.83,8410.74,2,5.3,680.0,1.434,PM2.5-1HR
194,060811001,2024-10-22,5.96,14.71,73.79,0,1.75,261.47,1019.89,3744.97,3,6.7,680.0,2.054,PM2.5-1HR
194,060010009,2024-10-23,7.28,16.11,64.29,0,1.34,86.63,1019.23,7936.72,1,3.9,680.0,0.057,PM2.5-1HR
194,060010011,2024-10-23,11.4,16.57,64.5,0,1.4,144.79,1019.15,5970.53,4.67,9.038,680.0,2.259,PM2.5-1HR
194,060010012,2024-10-23,11.08,16.57,64.5,0,1.4,144.79,1019.15,3239.16,3.75,7.75,680.0,1.492,PM2.5-1HR
194,060010013,2024-10-23,12.88,16.18,72.75,0,1.58,153.12,1019.14,1003.26,4.67,9.038,680.0,1.152,PM2.5-1HR
194,060010015,2024-10-23,8.2,17.11,52.88,0,1.22,307.23,1018.98,1395.58,1,3.9,680.0,0.939,PM2.5-1HR
194,060130002,2024-10-23,4.04,18.79,45.5,0,1.4,214.22,1018.9,1468.57,0,2.5,680.0,1.21,PM2.5-1HR
194,060131004,2024-10-23,10.71,15.91,72.75,0,1.58,153.12,1019.14,5253.95,2,5.3,680.0,1.753,PM2.5-1HR
194,060410001,2024-10-23,7.37,17.44,54.38,0,1.25,265.39,1019.03,2306.57,2,5.3,680.0,1.79,PM2.5-1HR
194,060750005,2024-10-23,8.46,14.91,74.38,0,2.09,203.92,1019.23,8410.74,3,6.7,680.0,1.434,PM2.5-1HR
194,060811001,2024-10-23,7.32,16.21,55.21,0,1.53,232.43,1019.26,3744.97,3,6.7,680.0,2.054,PM2.5-1HR
194,060010009,2024-10-24,5.02,17.03,36.21,0,1.68,32.3,1015.55,7936.72,0.5,3.2,680.0,0.057,PM2.5-1HR
194,060010011,2024-10-24,8.64,18.06,32.29,0,2.28,47.37,1015.68,5970.53,2.67,6.238,680.0,2.259,PM2.5-1HR
194,060010012,2024-10-24,7.03,18.06,32.29,0,2.28,47.37,1015.68,3239.16,2,5.3,680.0,1.492,PM2.5-1HR
194,060010013,2024-10-24,10.04,17.72,38.54,0,2.28,27.09,1015.68,1003.26,2.67,6.238,680.0,1.152,PM2.5-1HR
194,060010015,2024-10-24,2.65,16,39.38,0,2.19,56.29,1015.82,1395.58,0,2.5,680.0,0.939,PM2.5-1HR
194,060130002,2024-10-24,2.93,18.43,28.67,0,2.45,62.5,1015.93,1468.57,0,2.5,680.0,1.21,PM2.5-1HR
194,060131004,2024-10-24,8.97,17.45,38.46,0,2.28,27.09,1015.68,5253.95,0,2.5,680.0,1.753,PM2.5-1HR
194,060410001,2024-10-24,3.39,18.15,37.42,0,1.67,3.51,1015.75,2306.57,0,2.5,680.0,1.79,PM2.5-1HR
194,060750005,2024-10-24,6.62,16.59,48,0,2.77,27.65,1015.65,8410.74,0,2.5,680.0,1.434,PM2.5-1HR
194,060811001,2024-10-24,4.67,17.57,41.25,0,1.55,317.89,1015.67,3744.97,2,5.3,680.0,2.054,PM2.5-1HR
194,060010009,2024-10-25,7.52,16.27,46.92,0,1.71,12.46,1015.34,7936.72,5,9.5,680.0,0.057,PM2.5-1HR
194,060010011,2024-10-25,11.44,16.78,46.38,0,1.46,118.53,1015.32,5970.53,6.33,11.362,680.0,2.259,PM2.5-1HR
194,060010012,2024-10-25,9.39,16.78,46.38,0,1.46,118.53,1015.32,3239.16,6,10.9,680.0,1.492,PM2.5-1HR
194,060010013,2024-10-25,12.63,16.69,56.79,0,2.2,16.43,1015.32,1003.26,6.33,11.362,680.0,1.152,PM2.5-1HR
194,060010015,2024-10-25,6.12,17.5,39.54,0,1.73,36.02,1015.33,1395.58,3,6.7,680.0,0.939,PM2.5-1HR
194,060130002,2024-10-25,5.83,19.48,35.75,0,1.51,108.21,1015.24,1468.57,1,3.9,680.0,1.21,PM2.5-1HR
194,060131004,2024-10-25,11.59,16.42,56.75,0,2.2,16.43,1015.32,5253.95,5,9.5,680.0,1.753,PM2.5-1HR
194,060410001,2024-10-25,7.47,17.01,41.79,0,1.56,306.02,1015.33,2306.57,3,6.7,680.0,1.79,PM2.5-1HR
194,060750005,2024-10-25,7.39,15.52,60.79,0,2.56,341.59,1015.39,8410.74,3,6.7,680.0,1.434,PM2.5-1HR
194,060811001,2024-10-25,9.24,17.32,45.83,0,1.43,212.72,1015.29,3744.97,2,5.3,680.0,2.054,PM2.5-1HR
194,060010009,2024-10-26,6.2,17.21,61.04,0,1.77,308.75,1019.38,7936.72,1,3.9,680.0,0.057,PM2.5-1HR
194,060010011,2024-10-26,8.63,16.67,66.08,0,1.43,187.01,1019.31,5970.53,1.33,4.362,680.0,2.259,PM2.5-1HR
194,060010012,2024-10-26,6.86,16.67,66.08,0,1.43,187.01,1019.31,3239.16,1.25,4.25,680.0,1.492,PM2.5-1HR
194,060010013,2024-10-26,9.23,16.16,74.88,0,1.57,191.65,1019.25,1003.26,1.33,4.362,680.0,1.152,PM2.5-1HR
194,060010015,2024-10-26,5.14,17.6,47.67,0,1.48,251.24,1019.18,1395.58,1,3.9,680.0,0.939,PM2.5-1HR
194,060130002,2024-10-26,3.86,18.29,43.63,0,1.58,230.9,1018.99,1468.57,1,3.9,680.0,1.21,PM2.5-1HR
194,060131004,2024-10-26,10.79,15.88,74.79,0,1.57,191.65,1019.25,5253.95,6,10.9,680.0,1.753,PM2.5-1HR
194,060410001,2024-10-26,4.52,17.1,59.04,0,1.31,248.2,1019.19,2306.57,1,3.9,680.0,1.79,PM2.5-1HR
194,060811001,2024-10-26,8.62,17.08,54.83,0,1.34,235.63,1019.39,3744.97,2,5.3,680.0,2.054,PM2.5-1HR
194,060010009,2024-10-27,2.16,16.78,91.25,0.04,2.67,247.84,1019.23,7936.72,0,2.5,680.0,0.057,PM2.5-1HR
194,060010011,2024-10-27,1.67,16.64,92.88,0.01,2.47,207.2,1019.16,5970.53,0,2.5,680.0,2.259,PM2.5-1HR
194,060010012,2024-10-27,2.8,16.64,92.88,0.01,2.47,207.2,1019.16,3239.16,0,2.5,680.0,1.492,PM2.5-1HR
194,060010013,2024-10-27,4.82,16.7,89.63,0,2.79,212.98,1018.97,1003.26,0,2.5,680.0,1.152,PM2.5-1HR
194,060010015,2024-10-27,1.13,17.23,88.17,0,2.54,243.23,1019.14,1395.58,0,2.5,680.0,0.939,PM2.5-1HR
194,060130002,2024-10-27,1.23,17.62,87.75,0.02,2.82,221.44,1018.85,1468.57,0,2.5,680.0,1.21,PM2.5-1HR
194,060131004,2024-10-27,8.48,16.44,89.63,0,2.79,212.98,1018.97,5253.95,0,2.5,680.0,1.753,PM2.5-1HR
194,060410001,2024-10-27,3.11,17.12,87.13,0.01,2.32,235.1,1018.91,2306.57,0,2.5,680.0,1.79,PM2.5-1HR
194,060811001,2024-10-27,3.42,16.88,86.04,0,1.97,245.95,1019.22,3744.97,0,2.5,680.0,2.054,PM2.5-1HR
194,060010009,2024-10-28,2.82,13.92,81.17,0.02,3.69,283.1,1016.89,7936.72,0,2.5,680.0,0.057,PM2.5-1HR
194,060010011,2024-10-28,2.94,13.69,78.79,0.03,2.8,272.45,1016.77,5970.53,1,3.9,680.0,2.259,PM2.5-1HR
194,060010012,2024-10-28,4.12,13.69,78.79,0.03,2.8,272.45,1016.77,3239.16,0.75,3.55,680.0,1.492,PM2.5-1HR
194,060010013,2024-10-28,6.08,14.41,70.29,0,3.31,279.47,1016.63,1003.26,1,3.9,680.0,1.152,PM2.5-1HR
194,060010015,2024-10-28,3.44,13.07,84.63,0.08,2.85,242.52,1016.8,1395.58,0,2.5,680.0,0.939,PM2.5-1HR
194,060130002,2024-10-28,1.33,14.2,74.58,0.01,2.94,257.01,1016.46,1468.57,0,2.5,680.0,1.21,PM2.5-1HR
194,060131004,2024-10-28,4.86,14.13,70.29,0,3.31,279.47,1016.63,5253.95,1,3.9,680.0,1.753,PM2.5-1HR
194,060410001,2024-10-28,4.1,14.06,73.17,0.02,3.51,281.29,1016.68,2306.57,0,2.5,680.0,1.79,PM2.5-1HR
194,060811001,2024-10-28,3.44,13.95,78.21,0.03,3.81,275.7,1017.07,3744.97,1,3.9,680.0,2.054,PM2.5-1HR
194,060010009,2024-10-29,1.67,12.43,75.46,0,2.08,287.3,1016.67,7936.72,0,2.5,680.0,0.057,PM2.5-1HR
194,060010011,2024-10-29,4.73,12.68,68.5,0,1.82,238.64,1016.58,5970.53,1.33,4.362,680.0,2.259,PM2.5-1HR
194,060010012,2024-10-29,3.57,12.68,68.5,0,1.82,238.64,1016.58,3239.16,1,3.9,680.0,1.492,PM2.5-1HR
194,060010013,2024-10-29,6.37,13.55,63.33,0,1.9,255.84,1016.43,1003.26,1.33,4.362,680.0,1.152,PM2.5-1HR
194,060010015,2024-10-29,3.25,11.44,73.79,0,1.99,258.42,1016.49,1395.58,0,2.5,680.0,0.939,PM2.5-1HR
194,060130002,2024-10-29,2.21,12.53,66.67,0,1.88,231.63,1016.28,1468.57,0,2.5,680.0,1.21,PM2.5-1HR
194,060131004,2024-10-29,4.96,13.29,63.29,0,1.9,255.84,1016.43,5253.95,1,3.9,680.0,1.753,PM2.5-1HR
194,060410001,2024-10-29,3.7,13.48,57.96,0,2.06,282.99,1016.39,2306.57,0,2.5,680.0,1.79,PM2.5-1HR
194,060750005,2024-10-29,4.55,12.95,68.54,0,2.66,269.36,1016.6,8410.74,2,5.3,680.0,1.434,PM2.5-1HR
194,060811001,2024-10-29,4.04,12.71,70.33,0,2.15,259.64,1016.72,3744.97,0,2.5,680.0,2.054,PM2.5-1HR
194,060010009,2024-10-30,4.17,12.52,78.38,0,2.45,201.6,1019.85,7936.72,1,3.9,680.0,0.057,PM2.5-1HR
194,060010011,2024-10-30,4.87,13.09,80.67,0,2.89,198.52,1019.68,5970.53,0.5,3.2,680.0,2.259,PM2.5-1HR
194,060010012,2024-10-30,4.66,13.09,80.67,0,2.89,198.52,1019.68,3239.16,0.67,3.438,680.0,1.492,PM2.5-1HR
194,060010015,2024-10-30,3.75,11.7,75.17,0,1.97,249.82,1019.78,1395.58,1,3.9,680.0,0.939,PM2.5-1HR
194,060130002,2024-10-30,1.18,13.43,74.5,0,3.29,207.16,1019.37,1468.57,0,2.5,680.0,1.21,PM2.5-1HR
194,060131004,2024-10-30,5.03,12.99,79.79,0.06,3.25,202.43,1019.45,5253.95,2,5.3,680.0,1.753,PM2.5-1HR
194,060410001,2024-10-30,3.2,12.55,79.42,0.11,2.29,220.72,1019.3,2306.57,0,2.5,680.0,1.79,PM2.5-1HR
194,060750005,2024-10-30,3.45,13.28,78,0,3.26,226.19,1019.57,8410.74,0,2.5,680.0,1.434,PM2.5-1HR
194,060811001,2024-10-30,3.48,12.26,73.21,0,1.93,224.43,1019.82,3744.97,0,2.5,680.0,2.054,PM2.5-1HR
194,060010009,2024-10-31,3.53,13.5,78.88,0.08,2.73,253.54,1019.67,7936.72,0.5,3.2,680.0,0.057,PM2.5-1HR
194,060811001,2024-10-31,2.57,13.33,80.33,0.17,2.36,257.14,1019.69,3744.97,0,2.5,680.0,2.054,PM2.5-1HR
194,060010011,2024-10-31,5.29,13.5,82.63,0.1,2.18,212.77,1019.6,5970.53,1,3.9,680.0,2.259,PM2.5-1HR
194,060010012,2024-10-31,4.4,13.5,82.63,0.1,2.18,212.77,1019.6,3239.16,0.67,3.438,680.0,1.492,PM2.5-1HR
194,060010015,2024-10-31,3.6,12.82,77.5,0.05,2.21,247.9,1019.55,1395.58,0,2.5,680.0,0.939,PM2.5-1HR
194,060130002,2024-10-31,1.39,13.75,76.38,0.04,2.92,229.11,1019.28,1468.57,0,2.5,680.0,1.21,PM2.5-1HR
194,060131004,2024-10-31,6.42,13.43,78.75,0.09,2.6,245.22,1019.41,5253.95,1,3.9,680.0,1.753,PM2.5-1HR
194,060410001,2024-10-31,5.09,13.66,77.29,0.11,2.44,271.47,1019.35,2306.57,0,2.5,680.0,1.79,PM2.5-1HR
194,060750005,2024-10-31,2.87,13.59,78.71,0.05,3.95,263.38,1019.58,8410.74,0,2.5,680.0,1.434,PM2.5-1HR
194,060010009,2024-11-01,5.74,12.92,81.04,0.05,2.29,169.11,1017,7936.72,0,2.5,680.0,0.057,PM2.5-1HR
194,060010011,2024-11-01,7.63,12.68,82.88,0.05,2.67,170.54,1016.83,5970.53,1,3.9,680.0,2.259,PM2.5-1HR
194,060010012,2024-11-01,7.21,12.68,82.88,0.05,2.67,170.54,1016.83,3239.16,0.67,3.438,680.0,1.492,PM2.5-1HR
194,060010015,2024-11-01,6.89,12.38,80.67,0.2,2.2,232.79,1016.96,1395.58,3,6.7,680.0,0.939,PM2.5-1HR
194,060130002,2024-11-01,4.17,13.2,78.88,0.14,3.23,210.39,1016.53,1468.57,1,3.9,680.0,1.21,PM2.5-1HR
194,060131004,2024-11-01,9.76,13.26,80.96,0.1,3.7,187.74,1016.61,5253.95,0,2.5,680.0,1.753,PM2.5-1HR
194,060410001,2024-11-01,4.95,13.44,82.46,0.11,3.02,225.54,1016.45,2306.57,0,2.5,680.0,1.79,PM2.5-1HR
194,060750005,2024-11-01,5.62,13.74,80.17,0.03,3.8,188.64,1016.74,8410.74,0,2.5,680.0,1.434,PM2.5-1HR
194,060811001,2024-11-01,3.66,13.57,76.71,0.08,2.22,220.07,1016.95,3744.97,0,2.5,680.0,2.054,PM2.5-1HR
194,060010009,2024-11-02,4.83,14.02,84,0.18,2.94,271.51,1014.43,7936.72,1,3.9,680.0,0.057,PM2.5-1HR
194,060010011,2024-11-02,3.74,14.04,81.88,0.13,2.11,246.84,1014.36,5970.53,0,2.5,680.0,2.259,PM2.5-1HR
194,060010012,2024-11-02,3.54,14.04,81.88,0.13,2.11,246.84,1014.36,3239.16,0.67,3.438,680.0,1.492,PM2.5-1HR
194,060010015,2024-11-02,3.45,13.38,82.58,0.05,2.28,241.18,1014.34,1395.58,0,2.5,680.0,0.939,PM2.5-1HR
194,060130002,2024-11-02,7.93,14.2,77.92,0.03,2.57,248.98,1014.15,1468.57,0,2.5,680.0,1.21,PM2.5-1HR
194,060131004,2024-11-02,5.91,13.78,76.04,0.06,2.59,273.82,1014.24,5253.95,1,3.9,680.0,1.753,PM2.5-1HR
194,060410001,2024-11-02,2.27,13.78,78.54,0.02,2.58,292.72,1014.25,2306.57,0,2.5,680.0,1.79,PM2.5-1HR
194,060750005,2024-11-02,3.54,14.02,80.54,0.04,3.98,278.74,1014.34,8410.74,1,3.9,680.0,1.434,PM2.5-1HR
194,060811001,2024-11-02,3.04,13.56,82.21,0.08,3.42,269.44,1014.63,3744.97,0,2.5,680.0,2.054,PM2.5-1HR
194,060010009,2024-11-03,3.32,14.73,57.12,0,3.8,338.91,1017.93,7936.72,0,2.5,680.0,0.057,PM2.5-1HR
194,060010011,2024-11-03,4,14.8,58.52,0,3.75,350.95,1018.11,5970.53,0,2.5,680.0,2.259,PM2.5-1HR
194,060010012,2024-11-03,3.12,14.8,58.52,0,3.75,350.95,1018.11,3239.16,0,2.5,680.0,1.492,PM2.5-1HR
194,060010015,2024-11-03,1.99,13.37,58.2,0,3.13,332.24,1017.85,1395.58,0,2.5,680.0,0.939,PM2.5-1HR
194,060130002,2024-11-03,1.05,14.11,57.8,0,2.99,326.78,1018.04,1468.57,0,2.5,680.0,1.21,PM2.5-1HR
194,060131004,2024-11-03,4.01,15.36,56.96,0,4.64,338.54,1018.13,5253.95,0,2.5,680.0,1.753,PM2.5-1HR
194,060410001,2024-11-03,2.74,15.21,61.16,0,4.26,320.82,1018.29,2306.57,1,3.9,680.0,1.79,PM2.5-1HR
194,060750005,2024-11-03,3.88,15.2,62,0,4.58,330.31,1018.14,8410.74,1,3.9,680.0,1.434,PM2.5-1HR
194,060811001,2024-11-03,2.9,14.44,67.2,0,4.7,310.89,1018.16,3744.97,0,2.5,680.0,2.054,PM2.5-1HR
194,060010009,2024-11-04,4.53,14.83,59.83,0,2.05,274.9,1020.69,7936.72,0,2.5,680.0,0.057,PM2.5-1HR
194,060010011,2024-11-04,8.12,15.56,54.5,0,1.81,66.12,1020.68,5970.53,3.67,7.638,680.0,2.259,PM2.5-1HR
194,060010012,2024-11-04,7.35,15.56,54.5,0,1.81,66.12,1020.68,3239.16,2.75,6.35,680.0,1.492,PM2.5-1HR
194,060010013,2024-11-04,16.9,16.88,48.04,0,1.99,309.2,1020.64,1003.26,3.67,7.638,680.0,1.152,PM2.5-1HR
194,060010015,2024-11-04,2.9,15.18,47.46,0,2.13,342.03,1020.57,1395.58,0,2.5,680.0,0.939,PM2.5-1HR
194,060130002,2024-11-04,1.18,16.04,41.42,0,1.85,20.18,1020.62,1468.57,0,2.5,680.0,1.21,PM2.5-1HR
194,060131004,2024-11-04,9.48,16.59,48,0,1.99,309.2,1020.64,5253.95,3,6.7,680.0,1.753,PM2.5-1HR
194,060410001,2024-11-04,3.64,17.18,43.96,0,1.96,311.43,1020.63,2306.57,0,2.5,680.0,1.79,PM2.5-1HR
194,060750005,2024-11-04,5.95,15.32,55.67,0,2.79,307.96,1020.72,8410.74,0,2.5,680.0,1.434,PM2.5-1HR
194,060811001,2024-11-04,3.24,15.35,52.79,0,1.95,289.53,1020.87,3744.97,0,2.5,680.0,2.054,PM2.5-1HR
194,060010009,2024-11-05,6.84,14.83,68.58,0,2.2,329.9,1018.26,7936.72,1.5,4.6,680.0,0.057,PM2.5-1HR
194,060010011,2024-11-05,9.24,15.51,60,0,1.98,18.25,1018.28,5970.53,1,3.9,680.0,2.259,PM2.5-1HR
194,060010012,2024-11-05,7.85,15.51,60,0,1.98,18.25,1018.28,3239.16,1.5,4.6,680.0,1.492,PM2.5-1HR
194,060010013,2024-11-05,11.73,16.57,55.63,0,2.17,344.28,1018.31,1003.26,1,3.9,680.0,1.152,PM2.5-1HR
194,060010015,2024-11-05,3.71,15.31,50.79,0,2.59,335.91,1018.11,1395.58,0,2.5,680.0,0.939,PM2.5-1HR
194,060130002,2024-11-05,2.92,16.43,43.83,0,2.78,4.11,1018.21,1468.57,0,2.5,680.0,1.21,PM2.5-1HR
194,060131004,2024-11-05,5.41,16.3,55.46,0,2.17,344.28,1018.31,5253.95,1,3.9,680.0,1.753,PM2.5-1HR
194,060410001,2024-11-05,3.44,16.53,57.08,0,2.26,324.92,1018.32,2306.57,1,3.9,680.0,1.79,PM2.5-1HR
194,060750005,2024-11-05,5.65,14.87,69.21,0,2.77,298.74,1018.36,8410.74,0,2.5,680.0,1.434,PM2.5-1HR
194,060811001,2024-11-05,3.37,14.89,65.33,0,2.55,284.98,1018.37,3744.97,0,2.5,680.0,2.054,PM2.5-1HR
194,060010009,2024-11-06,2.12,15.24,33.21,0,5.07,27.45,1015.63,7936.72,0,2.5,680.0,0.057,PM2.5-1HR
194,060010011,2024-11-06,4.07,15.87,28.71,0,5.42,29.72,1015.85,5970.53,1,3.9,680.0,2.259,PM2.5-1HR
194,060010012,2024-11-06,2.82,15.87,28.71,0,5.42,29.72,1015.85,3239.16,0.75,3.55,680.0,1.492,PM2.5-1HR
194,060010013,2024-11-06,5.81,16.16,29.79,0,5.72,21.16,1015.99,1003.26,1,3.9,680.0,1.152,PM2.5-1HR
194,060010015,2024-11-06,2.91,14.35,34.46,0,4.99,29.65,1015.7,1395.58,0,2.5,680.0,0.939,PM2.5-1HR
194,060130002,2024-11-06,1.62,15.43,28.25,0,5.56,31.3,1016.15,1468.57,0,2.5,680.0,1.21,PM2.5-1HR
194,060131004,2024-11-06,4.17,15.88,29.71,0,5.72,21.16,1015.99,5253.95,1,3.9,680.0,1.753,PM2.5-1HR
194,060410001,2024-11-06,1.98,16.1,29.92,0,4.48,10.6,1016.24,2306.57,0,2.5,680.0,1.79,PM2.5-1HR
194,060750005,2024-11-06,2.27,16.4,29.92,0,6.09,26.28,1015.93,8410.74,0,2.5,680.0,1.434,PM2.5-1HR
194,060811001,2024-11-06,3.1,15.48,38.71,0,3.74,27.38,1015.9,3744.97,0,2.5,680.0,2.054,PM2.5-1HR
194,060010009,2024-11-07,3.54,13.53,46.17,0,1.81,13.43,1020.88,7936.72,0,2.5,680.0,0.057,PM2.5-1HR
194,060010011,2024-11-07,6.89,15.47,33.67,0,1.9,53.4,1021,5970.53,1.67,4.838,680.0,2.259,PM2.5-1HR
194,060010012,2024-11-07,5.08,15.47,33.67,0,1.9,53.4,1021,3239.16,1.25,4.25,680.0,1.492,PM2.5-1HR
194,060010013,2024-11-07,8.73,15.34,34.79,0,2.72,45.06,1020.98,1003.26,1.67,4.838,680.0,1.152,PM2.5-1HR
194,060010015,2024-11-07,4.91,13.64,37.92,0,1.49,57.91,1021.02,1395.58,0,2.5,680.0,0.939,PM2.5-1HR
194,060130002,2024-11-07,3.35,13.94,35.92,0,1.95,68.91,1021.23,1468.57,0,2.5,680.0,1.21,PM2.5-1HR
194,060131004,2024-11-07,5.08,15.08,34.75,0,2.72,45.06,1020.98,5253.95,0,2.5,680.0,1.753,PM2.5-1HR
194,060410001,2024-11-07,3,14.16,44.67,0,1.36,55.08,1021.1,2306.57,0,2.5,680.0,1.79,PM2.5-1HR
194,060750005,2024-11-07,4.79,14.91,38.29,0,2.27,13.52,1020.94,8410.74,0,2.5,680.0,1.434,PM2.5-1HR
194,060811001,2024-11-07,4.63,14.38,45.21,0,1.2,172.07,1020.92,3744.97,0,2.5,680.0,2.054,PM2.5-1HR
194,060010009,2024-11-08,7.38,13.87,46.79,0,1.71,2.09,1020.35,7936.72,2,5.3,680.0,0.057,PM2.5-1HR
194,060010011,2024-11-08,10.99,14.13,45.54,0,1.4,157.65,1020.29,5970.53,5.67,10.438,680.0,2.259,PM2.5-1HR
194,060010012,2024-11-08,8.28,14.13,45.54,0,1.4,157.65,1020.29,3239.16,4.75,9.15,680.0,1.492,PM2.5-1HR
194,060010013,2024-11-08,11.32,14.01,56.67,0,1.77,153.97,1020.34,1003.26,5.67,10.438,680.0,1.152,PM2.5-1HR
194,060010015,2024-11-08,6.11,15.41,37.79,0,1.28,321.18,1020.21,1395.58,3,6.7,680.0,0.939,PM2.5-1HR
194,060130002,2024-11-08,5.63,14.97,43.71,0,1.27,120.78,1020.24,1468.57,0,2.5,680.0,1.21,PM2.5-1HR
194,060131004,2024-11-08,11.99,13.73,56.67,0,1.77,153.97,1020.34,5253.95,3,6.7,680.0,1.753,PM2.5-1HR
194,060410001,2024-11-08,6.44,14.18,44.54,0,0.9,271.99,1020.32,2306.57,1,3.9,680.0,1.79,PM2.5-1HR
194,060750005,2024-11-08,8.01,13.96,54.67,0,2.04,254.61,1020.4,8410.74,3,6.7,680.0,1.434,PM2.5-1HR
194,060811001,2024-11-08,7.29,14.2,41,0,1.34,212.53,1020.31,3744.97,0,2.5,680.0,2.054,PM2.5-1HR
194,060010009,2024-11-09,11.96,13.44,52.54,0,1.42,352.17,1016.38,7936.72,5,9.5,680.0,0.057,PM2.5-1HR
194,060010011,2024-11-09,13.95,13.45,55.33,0,1.31,191.74,1016.31,5970.53,7.33,12.762,680.0,2.259,PM2.5-1HR
194,060010012,2024-11-09,10.77,13.45,55.33,0,1.31,191.74,1016.31,3239.16,7,12.3,680.0,1.492,PM2.5-1HR
194,060010013,2024-11-09,15.67,13.08,70.25,0,1.44,190.05,1016.38,1003.26,7.33,12.762,680.0,1.152,PM2.5-1HR
194,060010015,2024-11-09,6.62,15.43,32.67,0,0.68,281.86,1016.15,1395.58,2,5.3,680.0,0.939,PM2.5-1HR
194,060130002,2024-11-09,7.4,15.23,34.92,0,0.94,139.98,1016.13,1468.57,3,6.7,680.0,1.21,PM2.5-1HR
194,060131004,2024-11-09,13.49,12.82,70.21,0,1.44,190.05,1016.38,5253.95,7,12.3,680.0,1.753,PM2.5-1HR
194,060410001,2024-11-09,10.71,12.81,62.29,0,0.72,245.45,1016.28,2306.57,6,10.9,680.0,1.79,PM2.5-1HR
194,060750005,2024-11-09,10.42,12.62,70.46,0,1.98,248.82,1016.47,8410.74,6,10.9,680.0,1.434,PM2.5-1HR
194,060811001,2024-11-09,10.34,13.61,49.29,0,1.25,228.34,1016.36,3744.97,6,10.9,680.0,2.054,PM2.5-1HR
194,060010009,2024-11-10,8.99,13.18,68.75,0,1.43,359.43,1016.62,7936.72,6.5,11.6,680.0,0.057,PM2.5-1HR
194,060010011,2024-11-10,13.53,13.5,73.67,0,1.36,189.88,1016.57,5970.53,7.33,12.762,680.0,2.259,PM2.5-1HR
194,060010012,2024-11-10,15.32,13.5,73.67,0,1.36,189.88,1016.57,3239.16,6.5,11.6,680.0,1.492,PM2.5-1HR
194,060010013,2024-11-10,15.21,13.29,78.08,0,1.79,202.19,1016.6,1003.26,7.33,12.762,680.0,1.152,PM2.5-1HR
194,060010015,2024-11-10,8.17,14.38,52.38,0,1.42,249.45,1016.43,1395.58,5,9.5,680.0,0.939,PM2.5-1HR
194,060130002,2024-11-10,7.78,14.76,51.92,0,1.57,175.89,1016.3,1468.57,3,6.7,680.0,1.21,PM2.5-1HR
194,060131004,2024-11-10,14.15,13.01,78.04,0,1.79,202.19,1016.6,5253.95,9,15.1,680.0,1.753,PM2.5-1HR
194,060410001,2024-11-10,8.48,13.2,77.08,0,1.46,237.88,1016.49,2306.57,2,5.3,680.0,1.79,PM2.5-1HR
194,060750005,2024-11-10,8.53,12.98,81.96,0,1.77,206.55,1016.66,8410.74,3,6.7,680.0,1.434,PM2.5-1HR
194,060811001,2024-11-10,9.33,12.83,77.38,0,1.27,228.05,1016.6,3744.97,6,10.9,680.0,2.054,PM2.5-1HR
194,060010009,2024-11-11,4.42,13.08,84.46,0.26,3.46,224.29,1017.54,7936.72,0.5,3.2,680.0,0.057,PM2.5-1HR
194,060010011,2024-11-11,4.71,13.14,88.29,0.34,3.2,208.12,1017.33,5970.53,1.33,4.362,680.0,2.259,PM2.5-1HR
194,060010012,2024-11-11,5.99,13.14,88.29,0.34,3.2,208.12,1017.33,3239.16,1.25,4.25,680.0,1.492,PM2.5-1HR
194,060010013,2024-11-11,6.99,13.7,85.96,0.45,4,229.68,1017.16,1003.26,1.33,4.362,680.0,1.152,PM2.5-1HR
194,060010015,2024-11-11,5.32,11.89,86.08,0.24,2.91,227.8,1017.47,1395.58,1,3.9,680.0,0.939,PM2.5-1HR
194,060130002,2024-11-11,1.81,13.41,83.88,0.35,3.52,215.37,1017.09,1468.57,0,2.5,680.0,1.21,PM2.5-1HR
194,060131004,2024-11-11,5.44,13.43,85.96,0.45,4,229.68,1017.16,5253.95,1,3.9,680.0,1.753,PM2.5-1HR
194,060410001,2024-11-11,1.55,13.49,87.79,0.45,3.16,243.86,1017.11,2306.57,0,2.5,680.0,1.79,PM2.5-1HR
194,060750005,2024-11-11,3.02,13.85,86.25,0.28,5.02,237.48,1017.33,8410.74,0,2.5,680.0,1.434,PM2.5-1HR
194,060811001,2024-11-11,2.93,12.9,86.88,0.21,2.94,222.71,1017.63,3744.97,0,2.5,680.0,2.054,PM2.5-1HR
194,060010009,2024-11-12,4.44,11.55,87.08,0,1.23,330.82,1022.85,7936.72,0,2.5,680.0,0.057,PM2.5-1HR
194,060010011,2024-11-12,7.4,11.55,84.54,0,1.29,206.06,1022.8,5970.53,1.67,4.838,680.0,2.259,PM2.5-1HR
194,060010012,2024-11-12,7.08,11.55,84.54,0,1.29,206.06,1022.8,3239.16,1.25,4.25,680.0,1.492,PM2.5-1HR
194,060010013,2024-11-12,8.56,11.49,85.83,0,1.12,214.69,1022.75,1003.26,1.67,4.838,680.0,1.152,PM2.5-1HR
194,060010015,2024-11-12,3.79,11.11,85.63,0,0.94,262.13,1022.75,1395.58,0,2.5,680.0,0.939,PM2.5-1HR
194,060130002,2024-11-12,1.79,11.38,82.38,0,1.15,215.48,1022.66,1468.57,0,2.5,680.0,1.21,PM2.5-1HR
194,060131004,2024-11-12,5.66,11.22,85.79,0,1.12,214.69,1022.75,5253.95,1,3.9,680.0,1.753,PM2.5-1HR
194,060410001,2024-11-12,3.27,11.73,82.25,0,1.14,273.1,1022.69,2306.57,0,2.5,680.0,1.79,PM2.5-1HR
194,060750005,2024-11-12,3.86,11.62,86.25,0,1.36,245.31,1022.8,8410.74,0,2.5,680.0,1.434,PM2.5-1HR
194,060811001,2024-11-12,3.98,11.39,83.04,0,1.27,264.32,1022.87,3744.97,1,3.9,680.0,2.054,PM2.5-1HR
194,060010009,2024-11-13,4.82,11.98,82.04,0.09,2.43,136.65,1019.8,7936.72,2.5,6.0,680.0,0.057,PM2.5-1HR
194,060010011,2024-11-13,6.78,12.1,83.63,0.06,3.05,159.72,1019.68,5970.53,2.67,6.238,680.0,2.259,PM2.5-1HR
194,060010012,2024-11-13,7.25,12.1,83.63,0.06,3.05,159.72,1019.68,3239.16,2.5,6.0,680.0,1.492,PM2.5-1HR
194,060010013,2024-11-13,7.88,12.15,85.83,0.08,3.1,172.6,1019.55,1003.26,2.67,6.238,680.0,1.152,PM2.5-1HR
194,060010015,2024-11-13,3.4,11.17,84.42,0.02,1.77,243.05,1019.92,1395.58,0,2.5,680.0,0.939,PM2.5-1HR
194,060130002,2024-11-13,1.55,12.43,81.83,0.08,2.99,184.4,1019.53,1468.57,0,2.5,680.0,1.21,PM2.5-1HR
194,060131004,2024-11-13,6.95,11.86,85.83,0.08,3.1,172.6,1019.55,5253.95,4,8.1,680.0,1.753,PM2.5-1HR
194,060410001,2024-11-13,3.87,11.25,89.42,0.11,2.9,206.86,1019.48,2306.57,0,2.5,680.0,1.79,PM2.5-1HR
194,060750005,2024-11-13,4,12.32,85.29,0.17,2.96,158.59,1019.57,8410.74,1,3.9,680.0,1.434,PM2.5-1HR
194,060811001,2024-11-13,2.56,12.09,78.04,0.14,2.29,187.74,1019.75,3744.97,0,2.5,680.0,2.054,PM2.5-1HR
194,060010009,2024-11-14,3.45,11.65,87.75,0.05,1.82,270.77,1017.4,7936.72,0.5,3.2,680.0,0.057,PM2.5-1HR
194,060010011,2024-11-14,6,11.68,88.25,0.04,2.05,220.54,1017.35,5970.53,2,5.3,680.0,2.259,PM2.5-1HR
194,060010012,2024-11-14,6.63,11.68,88.25,0.04,2.05,220.54,1017.35,3239.16,1.5,4.6,680.0,1.492,PM2.5-1HR
194,060010013,2024-11-14,7.74,12.14,84.54,0.02,2.42,232.94,1017.2,1003.26,2,5.3,680.0,1.152,PM2.5-1HR
194,060010015,2024-11-14,3.65,10.9,88.38,0.04,1.95,256.47,1017.33,1395.58,0,2.5,680.0,0.939,PM2.5-1HR
194,060130002,2024-11-14,2.5,12.18,86,0.02,2.58,223.33,1017.09,1468.57,0,2.5,680.0,1.21,PM2.5-1HR
194,060131004,2024-11-14,7.44,11.87,84.46,0.02,2.42,232.94,1017.2,5253.95,4,8.1,680.0,1.753,PM2.5-1HR
194,060410001,2024-11-14,2.08,11.63,85.79,0.04,2.37,254.77,1017.2,2306.57,0,2.5,680.0,1.79,PM2.5-1HR
194,060750005,2024-11-14,3.21,11.94,84.92,0.03,2.5,241.54,1017.33,8410.74,1,3.9,680.0,1.434,PM2.5-1HR
194,060811001,2024-11-14,3,11.51,86,0.05,2.2,257.8,1017.45,3744.97,0,2.5,680.0,2.054,PM2.5-1HR
194,060010009,2024-11-15,4.62,10.22,76.88,0,2.15,301.93,1014.78,7936.72,1.5,4.6,680.0,0.057,PM2.5-1HR
194,060010011,2024-11-15,5.2,9.92,74.71,0,1.78,303.97,1014.78,5970.53,1.33,4.362,680.0,2.259,PM2.5-1HR
194,060010012,2024-11-15,4.75,9.92,74.71,0,1.78,303.97,1014.78,3239.16,1.25,4.25,680.0,1.492,PM2.5-1HR
194,060010013,2024-11-15,7.95,10.75,68.46,0,2.1,301.1,1014.69,1003.26,1.33,4.362,680.0,1.152,PM2.5-1HR
194,060010015,2024-11-15,4.49,9.05,77.08,0.01,1.49,259.67,1014.66,1395.58,0,2.5,680.0,0.939,PM2.5-1HR
194,060130002,2024-11-15,2.44,10,74.38,0,1.62,266.2,1014.58,1468.57,0,2.5,680.0,1.21,PM2.5-1HR
194,060131004,2024-11-15,5.62,10.47,68.33,0,2.1,301.1,1014.69,5253.95,1,3.9,680.0,1.753,PM2.5-1HR
194,060410001,2024-11-15,3.65,10.59,68.13,0,2.8,313.58,1014.72,2306.57,0,2.5,680.0,1.79,PM2.5-1HR
194,060750005,2024-11-15,3.57,11.09,68.83,0,2.5,298.82,1014.74,8410.74,0,2.5,680.0,1.434,PM2.5-1HR
194,060811001,2024-11-15,4.28,10.9,71.08,0,3.24,301.07,1014.88,3744.97,0,2.5,680.0,2.054,PM2.5-1HR
194,060010009,2024-11-16,5.92,9.6,63.13,0,1.68,333.55,1018.33,7936.72,1,3.9,680.0,0.057,PM2.5-1HR
194,060010011,2024-11-16,8.18,9.98,59.58,0,1.82,338.32,1018.35,5970.53,2.33,5.762,680.0,2.259,PM2.5-1HR
194,060010012,2024-11-16,6.43,9.98,59.58,0,1.82,338.32,1018.35,3239.16,2,5.3,680.0,1.492,PM2.5-1HR
194,060010013,2024-11-16,8.33,10.7,59.83,0,1.83,298.79,1018.31,1003.26,2.33,5.762,680.0,1.152,PM2.5-1HR
194,060010015,2024-11-16,3.38,9.03,58.42,0,1.39,321.48,1018.18,1395.58,0,2.5,680.0,0.939,PM2.5-1HR
194,060130002,2024-11-16,4.25,9.72,56.92,0,0.96,263.09,1018.22,1468.57,2,5.3,680.0,1.21,PM2.5-1HR
194,060131004,2024-11-16,7.08,10.42,59.79,0,1.83,298.79,1018.31,5253.95,0,2.5,680.0,1.753,PM2.5-1HR
194,060410001,2024-11-16,3.28,10.18,58.08,0,1.65,282.67,1018.28,2306.57,1,3.9,680.0,1.79,PM2.5-1HR
194,060750005,2024-11-16,3.35,10.43,62.08,0,1.95,310.96,1018.37,8410.74,0,2.5,680.0,1.434,PM2.5-1HR
194,060811001,2024-11-16,5.18,10.24,60.17,0,1.48,299.24,1018.43,3744.97,0,2.5,680.0,2.054,PM2.5-1HR
194,060010009,2024-11-17,5.16,10.01,73.25,0.04,1.47,131.65,1018.3,7936.72,1.5,4.6,680.0,0.057,PM2.5-1HR
194,060010011,2024-11-17,5.73,10.63,70.71,0.02,2.15,186.12,1018.2,5970.53,1.67,4.838,680.0,2.259,PM2.5-1HR
194,060010012,2024-11-17,8.05,10.63,70.71,0.02,2.15,186.12,1018.2,3239.16,1.75,4.95,680.0,1.492,PM2.5-1HR
194,060010013,2024-11-17,8.57,11.13,77.63,0,2.41,191.73,1018.1,1003.26,1.67,4.838,680.0,1.152,PM2.5-1HR
194,060010015,2024-11-17,4.2,10.01,67.83,0.05,1.18,261.49,1018.17,1395.58,0,2.5,680.0,0.939,PM2.5-1HR
194,060130002,2024-11-17,3.95,10.96,68.38,0,1.77,211.52,1017.97,1468.57,1,3.9,680.0,1.21,PM2.5-1HR
194,060131004,2024-11-17,12.18,10.86,77.63,0,2.41,191.73,1018.1,5253.95,2,5.3,680.0,1.753,PM2.5-1HR
194,060410001,2024-11-17,3.63,10.52,82.92,0.05,1.75,224.63,1018.04,2306.57,0,2.5,680.0,1.79,PM2.5-1HR
194,060750005,2024-11-17,4.71,11.09,78.96,0.03,2.04,184.44,1018.2,8410.74,0,2.5,680.0,1.434,PM2.5-1HR
194,060811001,2024-11-17,4.25,10.56,64.33,0.02,1.54,182.07,1018.28,3744.97,0,2.5,680.0,2.054,PM2.5-1HR
194,060010009,2024-11-18,4.27,10.46,67.58,0,3.64,308.07,1021.46,7936.72,1.5,4.6,680.0,0.057,PM2.5-1HR
194,060010011,2024-11-18,5.43,10.5,65.38,0,3.49,314.9,1021.5,5970.53,2.33,5.762,680.0,2.259,PM2.5-1HR
194,060010012,2024-11-18,5.24,10.5,65.38,0,3.49,314.9,1021.5,3239.16,2,5.3,680.0,1.492,PM2.5-1HR
194,060010013,2024-11-18,7.24,10.98,60.96,0,3.73,312.03,1021.5,1003.26,2.33,5.762,680.0,1.152,PM2.5-1HR
194,060010015,2024-11-18,4.71,9.4,68.17,0,2.89,285.91,1021.3,1395.58,2,5.3,680.0,0.939,PM2.5-1HR
194,060130002,2024-11-18,2.79,9.93,68.92,0,2.99,282.97,1021.28,1468.57,0,2.5,680.0,1.21,PM2.5-1HR
194,060131004,2024-11-18,6.19,10.69,60.92,0,3.73,312.03,1021.5,5253.95,3,6.7,680.0,1.753,PM2.5-1HR
194,060410001,2024-11-18,3.13,10.27,65.25,0,3.94,298.95,1021.57,2306.57,0,2.5,680.0,1.79,PM2.5-1HR
194,060750005,2024-11-18,3.49,11.13,62.29,0,3.91,306.18,1021.58,8410.74,1,3.9,680.0,1.434,PM2.5-1HR
194,060811001,2024-11-18,2.94,10.64,65.88,0,4.31,299.17,1021.73,3744.97,0,2.5,680.0,2.054,PM2.5-1HR
194,060010009,2024-11-19,4.36,9.24,68.08,0,1.17,120.01,1019.59,7936.72,1,3.9,680.0,0.057,PM2.5-1HR
194,060010011,2024-11-19,7.19,9.23,64.17,0,1.55,170.8,1019.52,5970.53,2,5.3,680.0,2.259,PM2.5-1HR
194,060010012,2024-11-19,6.47,9.23,64.17,0,1.55,170.8,1019.52,3239.16,1.75,4.95,680.0,1.492,PM2.5-1HR
194,060010013,2024-11-19,8.16,9.9,65.25,0,1.72,193.29,1019.39,1003.26,2,5.3,680.0,1.152,PM2.5-1HR
194,060010015,2024-11-19,5.03,8.85,65.25,0,1.13,236.92,1019.59,1395.58,0,2.5,680.0,0.939,PM2.5-1HR
194,060130002,2024-11-19,3.25,9.48,63.88,0,1.5,182.06,1019.37,1468.57,0,2.5,680.0,1.21,PM2.5-1HR
194,060131004,2024-11-19,9.76,9.63,65.25,0,1.72,193.29,1019.39,5253.95,4,8.1,680.0,1.753,PM2.5-1HR
194,060410001,2024-11-19,4.29,9.3,66.21,0,1.82,208.69,1019.34,2306.57,0,2.5,680.0,1.79,PM2.5-1HR
194,060750005,2024-11-19,4.12,10.22,63.88,0,1.84,167.24,1019.43,8410.74,1,3.9,680.0,1.434,PM2.5-1HR
194,060811001,2024-11-19,4.36,9.8,64.63,0,1.45,213.91,1019.53,3744.97,0,2.5,680.0,2.054,PM2.5-1HR
194,060010009,2024-11-20,2.24,13.13,59.79,0.9,6.11,155.34,1017.33,7936.72,0,2.5,680.0,0.057,PM2.5-1HR
194,060010011,2024-11-20,3.53,13.07,62.04,0.5,6.65,164.5,1016.95,5970.53,0.33,2.962,680.0,2.259,PM2.5-1HR
194,060010012,2024-11-20,3.21,13.07,62.04,0.5,6.65,164.5,1016.95,3239.16,0.25,2.85,680.0,1.492,PM2.5-1HR
194,060010013,2024-11-20,5.16,13.27,63.96,0.7,7.21,165.39,1016.56,1003.26,0.33,2.962,680.0,1.152,PM2.5-1HR
194,060010015,2024-11-20,2.32,13.54,52.54,0.05,4.93,185.92,1017.51,1395.58,1,3.9,680.0,0.939,PM2.5-1HR
194,060130002,2024-11-20,1.28,13.57,58.25,0.29,5.66,172.96,1016.87,1468.57,0,2.5,680.0,1.21,PM2.5-1HR
194,060131004,2024-11-20,3.79,13,63.92,0.7,7.21,165.39,1016.56,5253.95,0,2.5,680.0,1.753,PM2.5-1HR
194,060410001,2024-11-20,2.24,12.01,80.79,1.32,6.77,177.26,1016.42,2306.57,0,2.5,680.0,1.79,PM2.5-1HR
194,060750005,2024-11-20,1.21,13.65,64.17,1.6,6.86,154.31,1016.72,8410.74,0,2.5,680.0,1.434,PM2.5-1HR
194,060811001,2024-11-20,0.92,13.4,58.21,0.07,5.42,154.89,1017.15,3744.97,0,2.5,680.0,2.054,PM2.5-1HR
194,060010009,2024-11-21,2.1,15.48,73.21,0.09,5.61,161.67,1017.45,7936.72,0,2.5,680.0,0.057,PM2.5-1HR
194,060010011,2024-11-21,2.5,15.4,77.92,0.35,6.3,169.51,1017.07,5970.53,0.33,2.962,680.0,2.259,PM2.5-1HR
194,060010012,2024-11-21,2.7,15.4,77.92,0.35,6.3,169.51,1017.07,3239.16,0.25,2.85,680.0,1.492,PM2.5-1HR
194,060010013,2024-11-21,4.38,15.08,81.38,0.98,6.91,171.51,1016.75,1003.26,0.33,2.962,680.0,1.152,PM2.5-1HR
194,060010015,2024-11-21,1.7,16.05,66,0.01,4.69,193.23,1017.62,1395.58,0,2.5,680.0,0.939,PM2.5-1HR
194,060130002,2024-11-21,1.77,15.87,73.46,0.21,5.96,178.3,1016.9,1468.57,0,2.5,680.0,1.21,PM2.5-1HR
194,060131004,2024-11-21,10.72,14.82,81.33,0.98,6.91,171.51,1016.75,5253.95,1,3.9,680.0,1.753,PM2.5-1HR
194,060410001,2024-11-21,2.42,14.12,90.75,1.18,6.93,184.05,1016.65,2306.57,0,2.5,680.0,1.79,PM2.5-1HR
194,060750005,2024-11-21,1.28,15.22,80.83,0.91,6.77,164.6,1016.89,8410.74,0,2.5,680.0,1.434,PM2.5-1HR
194,060811001,2024-11-21,0.76,15.71,71.17,0.01,5.33,163.93,1017.23,3744.97,0,2.5,680.0,2.054,PM2.5-1HR
194,060010009,2024-11-22,1.44,15.26,88,2.04,5.77,171.53,1013.06,7936.72,0.5,3.2,680.0,0.057,PM2.5-1HR
194,060010011,2024-11-22,1.99,15.15,91.29,2.2,6.15,180.8,1012.78,5970.53,0.33,2.962,680.0,2.259,PM2.5-1HR
194,060010012,2024-11-22,2.51,15.15,91.29,2.2,6.15,180.8,1012.78,3239.16,0.25,2.85,680.0,1.492,PM2.5-1HR
194,060010013,2024-11-22,4.83,14.9,90.58,2.1,6.64,183.75,1012.54,1003.26,0.33,2.962,680.0,1.152,PM2.5-1HR
194,060010015,2024-11-22,2.05,15.61,84.79,1.53,5.29,196.97,1013.05,1395.58,0,2.5,680.0,0.939,PM2.5-1HR
194,060130002,2024-11-22,0.92,15.7,87.88,1.68,6.1,185.31,1012.52,1468.57,0,2.5,680.0,1.21,PM2.5-1HR
194,060131004,2024-11-22,8.24,14.62,90.58,2.1,6.64,183.75,1012.54,5253.95,1,3.9,680.0,1.753,PM2.5-1HR
194,060410001,2024-11-22,2.04,14.31,95.33,1.89,6.14,192.32,1012.45,2306.57,0,2.5,680.0,1.79,PM2.5-1HR
194,060811001,2024-11-22,0.33,15.2,87.17,1.71,5.14,167.42,1012.85,3744.97,0,2.5,680.0,2.054,PM2.5-1HR
194,060010009,2024-11-23,2.95,11.88,90.21,0.23,2.16,241.59,1014.17,7936.72,0,2.5,680.0,0.057,PM2.5-1HR
194,060010011,2024-11-23,4.76,11.51,92.33,0.21,2.64,216.41,1014.12,5970.53,1,3.9,680.0,2.259,PM2.5-1HR
194,060010012,2024-11-23,4.67,11.51,92.33,0.21,2.64,216.41,1014.12,3239.16,0.75,3.55,680.0,1.492,PM2.5-1HR
194,060010013,2024-11-23,6.16,11.69,89.83,0.04,2.69,209.23,1013.94,1003.26,1,3.9,680.0,1.152,PM2.5-1HR
194,060010015,2024-11-23,2.05,11.35,91.13,0.08,2.18,241.73,1014.16,1395.58,0,2.5,680.0,0.939,PM2.5-1HR
194,060130002,2024-11-23,2.29,11.89,89.58,0.14,2.97,213.43,1013.93,1468.57,0,2.5,680.0,1.21,PM2.5-1HR
194,060131004,2024-11-23,6.85,11.42,89.71,0.04,2.69,209.23,1013.94,5253.95,0,2.5,680.0,1.753,PM2.5-1HR
194,060410001,2024-11-23,2.58,11.36,89.92,0.06,2.12,227.99,1013.83,2306.57,0,2.5,680.0,1.79,PM2.5-1HR
194,060750005,2024-11-23,3.04,11.73,90,0.13,2.67,232.08,1014.02,8410.74,0,2.5,680.0,1.434,PM2.5-1HR
194,060811001,2024-11-23,2.83,11.58,88.21,0.06,1.62,233.42,1014.17,3744.97,0,2.5,680.0,2.054,PM2.5-1HR
194,060010009,2024-11-24,2.45,10.95,79.96,0,2.28,115.96,1017.11,7936.72,0,2.5,680.0,0.057,PM2.5-1HR
194,060010011,2024-11-24,4.56,11.13,80,0,2.64,137.03,1017.06,5970.53,1,3.9,680.0,2.259,PM2.5-1HR
194,060010012,2024-11-24,5.44,11.13,80,0,2.64,137.03,1017.06,3239.16,0.75,3.55,680.0,1.492,PM2.5-1HR
194,060010013,2024-11-24,6.95,11.32,82.96,0,2.14,149.9,1016.99,1003.26,1,3.9,680.0,1.152,PM2.5-1HR
194,060010015,2024-11-24,2.45,9.74,81.63,0,1.37,92.69,1017.25,1395.58,0,2.5,680.0,0.939,PM2.5-1HR
194,060130002,2024-11-24,2.16,11,79.25,0,2.26,160.41,1017.04,1468.57,0,2.5,680.0,1.21,PM2.5-1HR
194,060131004,2024-11-24,8.58,11.03,82.92,0,2.14,149.9,1016.99,5253.95,5,9.5,680.0,1.753,PM2.5-1HR
194,060410001,2024-11-24,4.39,10.75,88.33,0.02,1.79,178.24,1017.03,2306.57,0,2.5,680.0,1.79,PM2.5-1HR
194,060750005,2024-11-24,2.29,11.21,83.83,0.01,2.5,129.64,1016.96,8410.74,0,2.5,680.0,1.434,PM2.5-1HR
194,060811001,2024-11-24,2.51,10.73,80.92,0,1.81,166.29,1017.02,3744.97,0,2.5,680.0,2.054,PM2.5-1HR
194,060010009,2024-11-25,2.04,12.36,86.88,0.3,2.27,120.14,1016.89,7936.72,0,2.5,680.0,0.057,PM2.5-1HR
194,060010011,2024-11-25,2.92,12.08,91.33,0.53,2.43,128.34,1016.93,5970.53,1,3.9,680.0,2.259,PM2.5-1HR
194,060010012,2024-11-25,4.3,12.08,91.33,0.53,2.43,128.34,1016.93,3239.16,0.75,3.55,680.0,1.492,PM2.5-1HR
194,060010013,2024-11-25,6.57,12.05,91.67,0.35,2.44,132.33,1016.84,1003.26,1,3.9,680.0,1.152,PM2.5-1HR
194,060010015,2024-11-25,4.12,11.22,91.25,0.26,1.93,87.98,1017.08,1395.58,1,3.9,680.0,0.939,PM2.5-1HR
194,060130002,2024-11-25,3.36,11.8,90.29,0.45,2,149.85,1016.99,1468.57,0,2.5,680.0,1.21,PM2.5-1HR
194,060131004,2024-11-25,4.8,11.78,91.63,0.35,2.44,132.33,1016.84,5253.95,2,5.3,680.0,1.753,PM2.5-1HR
194,060410001,2024-11-25,3.74,11.59,95.33,0.28,1.81,170.09,1016.93,2306.57,0,2.5,680.0,1.79,PM2.5-1HR
194,060750005,2024-11-25,1.65,12.23,89.88,0.43,2.62,98.93,1016.78,8410.74,0,2.5,680.0,1.434,PM2.5-1HR
194,060811001,2024-11-25,2.62,11.67,91.58,0.55,1.88,148.77,1016.84,3744.97,0,2.5,680.0,2.054,PM2.5-1HR
194,060010009,2024-11-26,1.82,11.72,90.54,0.08,1.03,278.04,1020.3,7936.72,0,2.5,680.0,0.057,PM2.5-1HR
194,060010011,2024-11-26,4.08,11.75,92.04,0.06,1.65,213.93,1020.34,5970.53,0,2.5,680.0,2.259,PM2.5-1HR
194,060010012,2024-11-26,3.48,11.75,92.04,0.06,1.65,213.93,1020.34,3239.16,0,2.5,680.0,1.492,PM2.5-1HR
194,060010013,2024-11-26,5.8,12.03,90.83,0.08,1.73,206.72,1020.23,1003.26,0,2.5,680.0,1.152,PM2.5-1HR
194,060010015,2024-11-26,2.9,11.19,91.04,0.02,1,263.37,1020.33,1395.58,0,2.5,680.0,0.939,PM2.5-1HR
194,060130002,2024-11-26,2.05,12.13,87.08,0.03,1.51,217.39,1020.27,1468.57,0,2.5,680.0,1.21,PM2.5-1HR
194,060131004,2024-11-26,6.61,11.76,90.83,0.08,1.73,206.72,1020.23,5253.95,2,5.3,680.0,1.753,PM2.5-1HR
194,060410001,2024-11-26,2.43,11.79,87.54,0.06,1.17,250.13,1020.2,2306.57,0,2.5,680.0,1.79,PM2.5-1HR
194,060750005,2024-11-26,3.24,11.92,90.21,0.05,1.81,234.52,1020.23,8410.74,0,2.5,680.0,1.434,PM2.5-1HR
194,060010009,2024-11-27,2.81,9.85,71.17,0,2.06,35.57,1020.92,7936.72,0,2.5,680.0,0.057,PM2.5-1HR
194,060010011,2024-11-27,6.32,10.22,70.08,0,2.41,36.99,1021.05,5970.53,0.67,3.438,680.0,2.259,PM2.5-1HR
194,060010012,2024-11-27,4.38,10.22,70.08,0,2.41,36.99,1021.05,3239.16,0.5,3.2,680.0,1.492,PM2.5-1HR
194,060010013,2024-11-27,8.08,10.53,73.63,0,1.65,25.71,1021.07,1003.26,0.67,3.438,680.0,1.152,PM2.5-1HR
194,060010015,2024-11-27,2.73,8.68,75.67,0,1.68,48.27,1021.13,1395.58,0,2.5,680.0,0.939,PM2.5-1HR
194,060130002,2024-11-27,5.65,10.11,68.13,0,2.02,56.16,1021.27,1468.57,0,2.5,680.0,1.21,PM2.5-1HR
194,060131004,2024-11-27,5.75,10.24,73.58,0,1.65,25.71,1021.07,5253.95,2,5.3,680.0,1.753,PM2.5-1HR
194,060410001,2024-11-27,3.1,10.5,70.21,0,1.05,337.1,1021.1,2306.57,0,2.5,680.0,1.79,PM2.5-1HR
194,060750005,2024-11-27,4.09,10.6,72.96,0,1.78,21.33,1021.01,8410.74,0,2.5,680.0,1.434,PM2.5-1HR
194,060010009,2024-11-28,2.86,7.81,73.79,0,2.09,55.27,1020.75,7936.72,0,2.5,680.0,0.057,PM2.5-1HR
194,060010011,2024-11-28,5.46,8.47,65.58,0,2.69,52.89,1020.92,5970.53,1.33,4.362,680.0,2.259,PM2.5-1HR
194,060010012,2024-11-28,4.94,8.47,65.58,0,2.69,52.89,1020.92,3239.16,1,3.9,680.0,1.492,PM2.5-1HR
194,060010013,2024-11-28,8.42,9.41,65.83,0,2.62,38.18,1020.99,1003.26,1.33,4.362,680.0,1.152,PM2.5-1HR
194,060010015,2024-11-28,4.21,7.11,76.54,0,1.71,49.42,1021.11,1395.58,0,2.5,680.0,0.939,PM2.5-1HR
194,060130002,2024-11-28,4.82,8.63,65.46,0,1.92,63.37,1021.37,1468.57,0,2.5,680.0,1.21,PM2.5-1HR
194,060131004,2024-11-28,8.74,9.13,65.83,0,2.62,38.18,1020.99,5253.95,3,6.7,680.0,1.753,PM2.5-1HR
194,060410001,2024-11-28,4.79,8.64,70.58,0,0.94,18.55,1021.16,2306.57,0,2.5,680.0,1.79,PM2.5-1HR
194,060750005,2024-11-28,7,9.43,66.46,0,2.25,35.44,1020.85,8410.74,7,12.3,680.0,1.434,PM2.5-1HR
194,060010009,2024-11-29,4.57,8.3,73.92,0,2.06,59.85,1019.97,7936.72,0.5,3.2,680.0,0.057,PM2.5-1HR
194,060010011,2024-11-29,7.61,8.78,67.17,0,2.89,51,1020.15,5970.53,2.33,5.762,680.0,2.259,PM2.5-1HR
194,060010012,2024-11-29,7.06,8.78,67.17,0,2.89,51,1020.15,3239.16,1.75,4.95,680.0,1.492,PM2.5-1HR
194,060010013,2024-11-29,8.35,9.94,64.46,0,3.16,36.89,1020.3,1003.26,2.33,5.762,680.0,1.152,PM2.5-1HR
194,060010015,2024-11-29,6.69,7.67,77.08,0,2.18,58.11,1020.48,1395.58,1,3.9,680.0,0.939,PM2.5-1HR
194,060130002,2024-11-29,6.49,8.78,68,0,1.8,66.64,1020.66,1468.57,0,2.5,680.0,1.21,PM2.5-1HR
194,060131004,2024-11-29,6.68,9.67,64.38,0,3.16,36.89,1020.3,5253.95,1,3.9,680.0,1.753,PM2.5-1HR
194,060410001,2024-11-29,5.68,8.33,76.08,0,1.05,15.92,1020.58,2306.57,1,3.9,680.0,1.79,PM2.5-1HR
194,060010009,2024-11-30,8.8,8.63,79.67,0,1.98,58.95,1019.78,7936.72,4.5,8.8,680.0,0.057,PM2.5-1HR
194,060010011,2024-11-30,10.35,7.76,83.17,0,2.53,46.63,1019.96,5970.53,5,9.5,680.0,2.259,PM2.5-1HR
194,060010012,2024-11-30,8.53,7.76,83.17,0,2.53,46.63,1019.96,3239.16,5,9.5,680.0,1.492,PM2.5-1HR
194,060010013,2024-11-30,11.83,9.13,77.38,0,3.56,34.17,1020.21,1003.26,5,9.5,680.0,1.152,PM2.5-1HR
194,060010015,2024-11-30,9.07,7.21,86.96,0,2.36,57.54,1020.5,1395.58,4,8.1,680.0,0.939,PM2.5-1HR
194,060130002,2024-11-30,10.88,8.02,82.88,0,1.75,64.98,1020.6,1468.57,3,6.7,680.0,1.21,PM2.5-1HR
194,060131004,2024-11-30,13.78,8.85,77.25,0,3.56,34.17,1020.21,5253.95,5,9.5,680.0,1.753,PM2.5-1HR
194,060410001,2024-11-30,12.65,7.87,82,0,1.22,27.61,1020.63,2306.57,5,9.5,680.0,1.79,PM2.5-1HR
194,060010009,2024-12-01,7.65,11.12,77.88,0.03,1.73,52.56,1020.38,7936.72,4,8.1,680.0,0.057,PM2.5-1HR
194,060010011,2024-12-01,11.18,10.8,78.96,0.01,2.1,49.67,1020.53,5970.53,5.33,9.962,680.0,2.259,PM2.5-1HR
194,060010012,2024-12-01,12.31,10.8,78.96,0.01,2.1,49.67,1020.53,3239.16,4.75,9.15,680.0,1.492,PM2.5-1HR
194,060010013,2024-12-01,11.71,11.79,68.13,0,3.06,37.62,1020.67,1003.26,5.33,9.962,680.0,1.152,PM2.5-1HR
194,060010015,2024-12-01,11.37,9.71,83.67,0,2.06,54.58,1020.97,1395.58,6,10.9,680.0,0.939,PM2.5-1HR
194,060130002,2024-12-01,13.13,10.89,77.83,0,1.64,71.18,1021.08,1468.57,4,8.1,680.0,1.21,PM2.5-1HR
194,060131004,2024-12-01,8.87,11.52,68.13,0,3.06,37.62,1020.67,5253.95,4,8.1,680.0,1.753,PM2.5-1HR
194,060410001,2024-12-01,10.99,10.77,73.63,0.01,1.21,34.55,1021.06,2306.57,5,9.5,680.0,1.79,PM2.5-1HR
194,060010009,2024-12-02,7.41,10.66,77.92,0,1.13,25.85,1021.03,7936.72,4.5,8.8,680.0,0.057,PM2.5-1HR
194,060010011,2024-12-02,11.71,11.07,66.92,0,1.4,61.07,1021.06,5970.53,7.33,12.762,680.0,2.259,PM2.5-1HR
194,060010012,2024-12-02,10.28,11.07,66.92,0,1.4,61.07,1021.06,3239.16,6.25,11.25,680.0,1.492,PM2.5-1HR
194,060010013,2024-12-02,13.21,11.57,71.83,0,1.97,17.17,1021.26,1003.26,7.33,12.762,680.0,1.152,PM2.5-1HR
194,060010015,2024-12-02,7.48,11.53,66.63,0,1.15,42.14,1021.11,1395.58,2,5.3,680.0,0.939,PM2.5-1HR
194,060130002,2024-12-02,6.21,12.33,58.13,0,0.98,86.01,1021.35,1468.57,3,6.7,680.0,1.21,PM2.5-1HR
194,060131004,2024-12-02,8.65,11.29,71.79,0,1.97,17.17,1021.26,5253.95,4,8.1,680.0,1.753,PM2.5-1HR
194,060410001,2024-12-02,6.35,11.36,66,0,0.68,347.91,1021.41,2306.57,1,3.9,680.0,1.79,PM2.5-1HR
194,060750005,2024-12-02,8.74,11.09,76.25,0,1.59,14.42,1021.19,8410.74,5,9.5,680.0,1.434,PM2.5-1HR
194,060010009,2024-12-03,9.2,10.97,77.75,0,1.04,32.65,1020.46,7936.72,4.5,8.8,680.0,0.057,PM2.5-1HR
194,060010011,2024-12-03,16.94,11.41,70.67,0,1.51,59.16,1020.55,5970.53,8.67,14.638,680.0,2.259,PM2.5-1HR
194,060010012,2024-12-03,14.83,11.41,70.67,0,1.51,59.16,1020.55,3239.16,7.25,12.65,680.0,1.492,PM2.5-1HR
194,060010013,2024-12-03,19.49,11.64,75.58,0,2.01,25.61,1020.7,1003.26,8.67,14.638,680.0,1.152,PM2.5-1HR
194,060010015,2024-12-03,8.95,11.29,71.88,0,1.2,49.46,1020.63,1395.58,2,5.3,680.0,0.939,PM2.5-1HR
194,060130002,2024-12-03,10.2,12.49,66.33,0,0.8,82.11,1020.87,1468.57,2,5.3,680.0,1.21,PM2.5-1HR
194,060131004,2024-12-03,13.22,11.38,75.54,0,2.01,25.61,1020.7,5253.95,4,8.1,680.0,1.753,PM2.5-1HR
194,060410001,2024-12-03,10.23,11.8,70.83,0,0.68,350.81,1020.83,2306.57,5,9.5,680.0,1.79,PM2.5-1HR
194,060750005,2024-12-03,10.78,11.33,78.13,0,1.99,24.1,1020.59,8410.74,6,10.9,680.0,1.434,PM2.5-1HR
194,060811001,2024-12-03,11.21,11.98,64.96,0,0.78,233.62,1020.53,3744.97,8,13.7,680.0,2.054,PM2.5-1HR
194,060010009,2024-12-04,15.02,11.13,83.46,0,1.01,25.02,1022.45,7936.72,8.5,14.4,680.0,0.057,PM2.5-1HR
194,060010011,2024-12-04,21.14,11.74,73.42,0,1.26,58.91,1022.46,5970.53,12.67,20.238,680.0,2.259,PM2.5-1HR
194,060010012,2024-12-04,19.04,11.74,73.42,0,1.26,58.91,1022.46,3239.16,11.5,18.6,680.0,1.492,PM2.5-1HR
194,060010013,2024-12-04,21.41,11.64,77.33,0,1.75,18.03,1022.63,1003.26,12.67,20.238,680.0,1.152,PM2.5-1HR
194,060010015,2024-12-04,13.59,11.86,72.63,0,1.1,44.65,1022.52,1395.58,8,13.7,680.0,0.939,PM2.5-1HR
194,060130002,2024-12-04,13.05,12.65,68.5,0,0.89,73.06,1022.68,1468.57,7,12.3,680.0,1.21,PM2.5-1HR
194,060131004,2024-12-04,17.13,11.37,77.33,0,1.75,18.03,1022.63,5253.95,11,17.9,680.0,1.753,PM2.5-1HR
194,060410001,2024-12-04,13.04,11.5,74.08,0,0.78,338.59,1022.73,2306.57,8,13.7,680.0,1.79,PM2.5-1HR
194,060750005,2024-12-04,15.28,11.1,82.33,0,1.38,13.56,1022.56,8410.74,7,12.3,680.0,1.434,PM2.5-1HR
194,060811001,2024-12-04,14.45,11.82,69.88,0,0.81,224.87,1022.53,3744.97,5,9.5,680.0,2.054,PM2.5-1HR
194,060010009,2024-12-05,16.47,12.47,76.83,0,0.94,15.52,1023.06,7936.72,9.5,15.8,680.0,0.057,PM2.5-1HR
194,060010011,2024-12-05,19.23,12.76,72.92,0,0.94,70.98,1023.03,5970.53,11,17.9,680.0,2.259,PM2.5-1HR
194,060010012,2024-12-05,18.18,12.76,72.92,0,0.94,70.98,1023.03,3239.16,10.25,16.85,680.0,1.492,PM2.5-1HR
194,060010013,2024-12-05,19.17,12.06,82.25,0,1.16,32.2,1023.15,1003.26,11,17.9,680.0,1.152,PM2.5-1HR
194,060010015,2024-12-05,12.7,12.84,68.79,0,0.67,15.72,1022.93,1395.58,8,13.7,680.0,0.939,PM2.5-1HR
194,060130002,2024-12-05,10.38,13.46,64.92,0,0.69,105.63,1023.08,1468.57,4,8.1,680.0,1.21,PM2.5-1HR
194,060131004,2024-12-05,13.8,11.77,82.25,0,1.16,32.2,1023.15,5253.95,7,12.3,680.0,1.753,PM2.5-1HR
194,060410001,2024-12-05,9.06,12.14,82.04,0,0.69,321.52,1023.15,2306.57,5,9.5,680.0,1.79,PM2.5-1HR
194,060750005,2024-12-05,11.88,11.68,85.54,0,1.36,333.46,1023.16,8410.74,7,12.3,680.0,1.434,PM2.5-1HR
194,060811001,2024-12-05,13.6,12.16,75.92,0,0.87,252.95,1023.13,3744.97,7,12.3,680.0,2.054,PM2.5-1HR
194,060010009,2024-12-06,11.56,11.76,77,0,1.03,30.62,1022.18,7936.72,7.5,13.0,680.0,0.057,PM2.5-1HR
194,060010011,2024-12-06,17.78,12.3,74.79,0,1.3,61.68,1022.2,5970.53,11.67,18.838,680.0,2.259,PM2.5-1HR
194,060010012,2024-12-06,17.32,12.3,74.79,0,1.3,61.68,1022.2,3239.16,9.5,15.8,680.0,1.492,PM2.5-1HR
194,060010013,2024-12-06,17.97,11.79,84,0,1.43,44.02,1022.35,1003.26,11.67,18.838,680.0,1.152,PM2.5-1HR
194,060010015,2024-12-06,9.59,12.08,69.5,0,0.91,31.45,1022.2,1395.58,5,9.5,680.0,0.939,PM2.5-1HR
194,060130002,2024-12-06,9.68,13.01,66.5,0,0.97,80.64,1022.43,1468.57,6,10.9,680.0,1.21,PM2.5-1HR
194,060131004,2024-12-06,12.86,11.5,83.96,0,1.43,44.02,1022.35,5253.95,7,12.3,680.0,1.753,PM2.5-1HR
194,060410001,2024-12-06,10.29,12.12,81.17,0,0.67,342.28,1022.36,2306.57,5,9.5,680.0,1.79,PM2.5-1HR
194,060750005,2024-12-06,13.72,11.47,86.29,0,1.41,29.05,1022.3,8410.74,8,13.7,680.0,1.434,PM2.5-1HR
194,060811001,2024-12-06,10.48,12.17,73.38,0,0.78,246.47,1022.24,3744.97,3,6.7,680.0,2.054,PM2.5-1HR
194,060010009,2024-12-07,27.64,10.37,87.38,0,1.16,8.04,1021.25,7936.72,9.5,15.8,680.0,0.057,PM2.5-1HR
194,060010011,2024-12-07,37.12,10.95,84.13,0,1.38,39.78,1021.28,5970.53,15,23.5,680.0,2.259,PM2.5-1HR
194,060010012,2024-12-07,33.82,10.95,84.13,0,1.38,39.78,1021.28,3239.16,13.25,21.05,680.0,1.492,PM2.5-1HR
194,060010013,2024-12-07,35.12,11.05,86.17,0,2.17,15.74,1021.51,1003.26,15,23.5,680.0,1.152,PM2.5-1HR
194,060010015,2024-12-07,22.04,11.45,78.83,0,1.05,48.6,1021.27,1395.58,5,9.5,680.0,0.939,PM2.5-1HR
194,060130002,2024-12-07,26.53,11.54,80.17,0,0.85,57.69,1021.55,1468.57,5,9.5,680.0,1.21,PM2.5-1HR
194,060131004,2024-12-07,32.28,10.8,86.17,0,2.17,15.74,1021.51,5253.95,9,15.1,680.0,1.753,PM2.5-1HR
194,060410001,2024-12-07,27.87,10.84,86.17,0,0.94,347.13,1021.64,2306.57,7,12.3,680.0,1.79,PM2.5-1HR
194,060750005,2024-12-07,32.21,10.69,88.38,0,1.97,2.53,1021.42,8410.74,16,24.9,680.0,1.434,PM2.5-1HR
194,060811001,2024-12-07,20.72,11.03,80.92,0,0.92,286.75,1021.36,3744.97,4,8.1,680.0,2.054,PM2.5-1HR
194,060010009,2024-12-08,20.15,10.98,83.63,0,1.05,30.69,1020.44,7936.72,6.5,11.6,680.0,0.057,PM2.5-1HR
194,060010011,2024-12-08,30.97,11.85,78.29,0,0.99,60.31,1020.39,5970.53,8,13.7,680.0,2.259,PM2.5-1HR
194,060010012,2024-12-08,28.22,11.85,78.29,0,0.99,60.31,1020.39,3239.16,8.25,14.05,680.0,1.492,PM2.5-1HR
194,060010013,2024-12-08,30,11.31,87.67,0,1.31,34.27,1020.51,1003.26,8,13.7,680.0,1.152,PM2.5-1HR
194,060010015,2024-12-08,21.86,12.05,65.79,0,1.13,45.89,1020.39,1395.58,0,2.5,680.0,0.939,PM2.5-1HR
194,060130002,2024-12-08,14.68,13.89,58.92,0,1.08,88.34,1020.45,1468.57,2,5.3,680.0,1.21,PM2.5-1HR
194,060131004,2024-12-08,25.06,11.03,87.67,0,1.31,34.27,1020.51,5253.95,6,10.9,680.0,1.753,PM2.5-1HR
194,060410001,2024-12-08,18.39,12.13,88.63,0,0.6,317.6,1020.47,2306.57,5,9.5,680.0,1.79,PM2.5-1HR
194,060750005,2024-12-08,23.47,10.4,93.5,0,1.16,332.31,1020.57,8410.74,1,3.9,680.0,1.434,PM2.5-1HR
194,060811001,2024-12-08,14.33,11.91,75.58,0,0.63,247.58,1020.51,3744.97,3,6.7,680.0,2.054,PM2.5-1HR
194,060010009,2024-12-09,3.56,10.43,50.71,0,1.86,55.97,1022.6,7936.72,0,2.5,680.0,0.057,PM2.5-1HR
194,060010011,2024-12-09,8.55,11.21,48.29,0,2.92,51.25,1022.65,5970.53,1,3.9,680.0,2.259,PM2.5-1HR
194,060010012,2024-12-09,4.71,11.21,48.29,0,2.92,51.25,1022.65,3239.16,0.75,3.55,680.0,1.492,PM2.5-1HR
194,060010013,2024-12-09,9.18,11.13,53.38,0,2.16,45.15,1022.7,1003.26,1,3.9,680.0,1.152,PM2.5-1HR
194,060010015,2024-12-09,4.02,9.52,49.67,0,2.08,60.4,1022.86,1395.58,0,2.5,680.0,0.939,PM2.5-1HR
194,060130002,2024-12-09,2.8,11.71,41.67,0,2.92,59.78,1023.11,1468.57,0,2.5,680.0,1.21,PM2.5-1HR
194,060131004,2024-12-09,6.5,10.85,53.38,0,2.16,45.15,1022.7,5253.95,2,5.3,680.0,1.753,PM2.5-1HR
194,060410001,2024-12-09,5.58,10.77,63.96,0,0.98,5.01,1022.79,2306.57,1,3.9,680.0,1.79,PM2.5-1HR
194,060750005,2024-12-09,6.89,10.48,62.21,0,1.53,57.85,1022.7,8410.74,0,2.5,680.0,1.434,PM2.5-1HR
194,060811001,2024-12-09,5.89,11.13,51.88,0,0.61,163.96,1022.76,3744.97,0,2.5,680.0,2.054,PM2.5-1HR
194,060010009,2024-12-10,14.51,9.74,62.96,0,2.36,58.62,1026.41,7936.72,1,3.9,680.0,0.057,PM2.5-1HR
194,060010011,2024-12-10,19.05,8.21,78.25,0,2.84,44.07,1026.71,5970.53,3.33,7.162,680.0,2.259,PM2.5-1HR
194,060010012,2024-12-10,17.44,8.21,78.25,0,2.84,44.07,1026.71,3239.16,2.5,6.0,680.0,1.492,PM2.5-1HR
194,060010013,2024-12-10,19.99,8.81,70.58,0,3.82,43.17,1026.89,1003.26,3.33,7.162,680.0,1.152,PM2.5-1HR
194,060010015,2024-12-10,16.09,6.98,74.04,0,2.47,52.71,1027.18,1395.58,4,8.1,680.0,0.939,PM2.5-1HR
194,060130002,2024-12-10,18.82,7.52,81.13,0,1.94,61.11,1027.45,1468.57,5,9.5,680.0,1.21,PM2.5-1HR
194,060131004,2024-12-10,20.78,8.54,70.54,0,3.82,43.17,1026.89,5253.95,5,9.5,680.0,1.753,PM2.5-1HR
194,060410001,2024-12-10,20.81,7.88,77.38,0,1.97,52.61,1027.25,2306.57,3,6.7,680.0,1.79,PM2.5-1HR
194,060750005,2024-12-10,16.43,9.28,73.25,0,3.11,28.91,1026.58,8410.74,3,6.7,680.0,1.434,PM2.5-1HR
194,060811001,2024-12-10,9.08,8.48,72.21,0,0.73,79.49,1026.48,3744.97,2,5.3,680.0,2.054,PM2.5-1HR
194,060010009,2024-12-11,24.5,9.68,72.29,0,1.79,65.29,1020.78,7936.72,9.5,15.8,680.0,0.057,PM2.5-1HR
194,060010011,2024-12-11,25.18,9.13,80.58,0,1.58,52.8,1020.84,5970.53,9,15.1,680.0,2.259,PM2.5-1HR
194,060010012,2024-12-11,27.14,9.13,80.58,0,1.58,52.8,1020.84,3239.16,9.5,15.8,680.0,1.492,PM2.5-1HR
194,060010013,2024-12-11,26.45,9.52,76,0.01,2.26,35.65,1021.01,1003.26,9,15.1,680.0,1.152,PM2.5-1HR
194,060010015,2024-12-11,27.13,8.73,74.63,0,1.48,57.24,1021.03,1395.58,20,30.5,680.0,0.939,PM2.5-1HR
194,060130002,2024-12-11,25.72,8.96,79.88,0,1.31,73.49,1021.18,1468.57,18,27.7,680.0,1.21,PM2.5-1HR
194,060131004,2024-12-11,23.12,9.23,75.96,0.01,2.26,35.65,1021.01,5253.95,11,17.9,680.0,1.753,PM2.5-1HR
194,060410001,2024-12-11,21.96,8.26,84.08,0.01,1.39,33.03,1021.21,2306.57,4,8.1,680.0,1.79,PM2.5-1HR
194,060750005,2024-12-11,20.87,9.16,83.25,0.01,1.94,24.74,1020.91,8410.74,6,10.9,680.0,1.434,PM2.5-1HR
194,060811001,2024-12-11,20.92,8.93,79.13,0,1.05,344.31,1020.82,3744.97,12,19.3,680.0,2.054,PM2.5-1HR
194,060010009,2024-12-12,6.63,11,88.75,1,4.09,240.72,1014.23,7936.72,1.5,4.6,680.0,0.057,PM2.5-1HR
194,060010011,2024-12-12,6.94,10.88,92,1.11,3.92,232.16,1013.93,5970.53,3,6.7,680.0,2.259,PM2.5-1HR
194,060010012,2024-12-12,9.3,10.88,92,1.11,3.92,232.16,1013.93,3239.16,2.75,6.35,680.0,1.492,PM2.5-1HR
194,060010013,2024-12-12,10.73,11.53,88.83,1.03,4.18,236.85,1013.6,1003.26,3,6.7,680.0,1.152,PM2.5-1HR
194,060010015,2024-12-12,6.96,10.15,89.67,1,3.41,225.07,1014.26,1395.58,2,5.3,680.0,0.939,PM2.5-1HR
194,060130002,2024-12-12,5.71,10.96,88.46,0.88,4.37,219.65,1013.67,1468.57,0,2.5,680.0,1.21,PM2.5-1HR
194,060131004,2024-12-12,7.49,11.25,88.83,1.03,4.18,236.85,1013.6,5253.95,4,8.1,680.0,1.753,PM2.5-1HR
194,060410001,2024-12-12,6.69,11.25,91.92,1.15,4.05,244.96,1013.34,2306.57,2,5.3,680.0,1.79,PM2.5-1HR
194,060750005,2024-12-12,7.17,11.78,86.92,0.99,5.16,253.81,1013.85,8410.74,1,3.9,680.0,1.434,PM2.5-1HR
194,060811001,2024-12-12,5.37,11.16,88.13,0.78,3.57,237.74,1014.42,3744.97,0,2.5,680.0,2.054,PM2.5-1HR
194,060811001,2024-12-13,2.63,12.2,81.21,0.08,4,163.29,1018.6,3744.97,0,2.5,680.0,2.054,PM2.5-1HR
194,060010009,2024-12-13,2.95,12.38,82.17,0.2,4.6,164.84,1018.72,7936.72,1,3.9,680.0,0.057,PM2.5-1HR
194,060010011,2024-12-13,3.79,12.24,84.46,0.19,4.77,171.64,1018.46,5970.53,1.33,4.362,680.0,2.259,PM2.5-1HR
194,060010012,2024-12-13,3.75,12.24,84.46,0.19,4.77,171.64,1018.46,3239.16,1,3.9,680.0,1.492,PM2.5-1HR
194,060010013,2024-12-13,6.87,12.5,82.79,0.19,4.99,172.96,1018.1,1003.26,1.33,4.362,680.0,1.152,PM2.5-1HR
194,060010015,2024-12-13,1.81,11.93,80.46,0.12,2.9,185.97,1018.91,1395.58,0,2.5,680.0,0.939,PM2.5-1HR
194,060130002,2024-12-13,1.81,12.46,81.33,0.13,3.9,177.11,1018.43,1468.57,0,2.5,680.0,1.21,PM2.5-1HR
194,060131004,2024-12-13,9.93,12.22,82.75,0.19,4.99,172.96,1018.1,5253.95,3,6.7,680.0,1.753,PM2.5-1HR
194,060410001,2024-12-13,5.53,12.11,87.54,0.33,4.46,181.06,1017.91,2306.57,1,3.9,680.0,1.79,PM2.5-1HR
194,060750005,2024-12-13,3.72,12.71,82.29,0.19,5,164.33,1018.23,8410.74,0,2.5,680.0,1.434,PM2.5-1HR
194,060811001,2024-12-14,0.78,11.45,84.25,1.18,6,212.26,1016.74,3744.97,0,2.5,680.0,2.054,PM2.5-1HR
194,060010009,2024-12-14,5.09,11.26,86.08,1.56,5.88,201.21,1016.66,7936.72,0,2.5,680.0,0.057,PM2.5-1HR
194,060010011,2024-12-14,5.53,11.16,88.33,1.87,5.82,194.13,1016.12,5970.53,1.33,4.362,680.0,2.259,PM2.5-1HR
194,060010012,2024-12-14,5.92,11.16,88.33,1.87,5.82,194.13,1016.12,3239.16,1,3.9,680.0,1.492,PM2.5-1HR
194,060010013,2024-12-14,9.27,11.77,84.79,2.3,5.78,207.27,1015.71,1003.26,1.33,4.362,680.0,1.152,PM2.5-1HR
194,060010015,2024-12-14,3.51,10.42,87.46,1.32,5.53,209.16,1016.7,1395.58,0,2.5,680.0,0.939,PM2.5-1HR
194,060130002,2024-12-14,3.29,11.32,86.17,1.42,6.02,199.37,1015.83,1468.57,0,2.5,680.0,1.21,PM2.5-1HR
194,060131004,2024-12-14,8.14,11.49,84.79,2.3,5.78,207.27,1015.71,5253.95,3,6.7,680.0,1.753,PM2.5-1HR
194,060410001,2024-12-14,4.71,11.49,87.83,2.39,5.69,227.3,1015.4,2306.57,1,3.9,680.0,1.79,PM2.5-1HR
194,060750005,2024-12-14,6.01,12.02,83.33,1.84,6.94,214.51,1015.98,8410.74,0,2.5,680.0,1.434,PM2.5-1HR
194,060010009,2024-12-15,4.94,8.91,88.17,0,1.2,69.59,1025.11,7936.72,0,2.5,680.0,0.057,PM2.5-1HR
194,060010011,2024-12-15,8.15,8.62,90.63,0,1.52,77.89,1025.15,5970.53,3,6.7,680.0,2.259,PM2.5-1HR
194,060010012,2024-12-15,8.85,8.62,90.63,0,1.52,77.89,1025.15,3239.16,2.25,5.65,680.0,1.492,PM2.5-1HR
194,060010013,2024-12-15,11.42,8.85,90.04,0,1.48,63.32,1025.16,1003.26,3,6.7,680.0,1.152,PM2.5-1HR
194,060010015,2024-12-15,4.67,7.25,92.46,0,1.17,32.84,1025.35,1395.58,0,2.5,680.0,0.939,PM2.5-1HR
194,060130002,2024-12-15,5.59,8.21,91.75,0,1.5,100.4,1025.35,1468.57,0,2.5,680.0,1.21,PM2.5-1HR
194,060131004,2024-12-15,7.57,8.57,90.04,0,1.48,63.32,1025.16,5253.95,4,8.1,680.0,1.753,PM2.5-1HR
194,060750005,2024-12-15,7.88,9.12,89.08,0,1.49,66.96,1025.06,8410.74,5,9.5,680.0,1.434,PM2.5-1HR
194,060010009,2024-12-16,6.03,9.48,85.46,0.21,2.53,111.52,1021.54,7936.72,0.5,3.2,680.0,0.057,PM2.5-1HR
194,060010011,2024-12-16,7.61,9.4,90.08,0.6,2.53,141.26,1021.45,5970.53,2.67,6.238,680.0,2.259,PM2.5-1HR
194,060010012,2024-12-16,6.36,9.4,90.08,0.6,2.53,141.26,1021.45,3239.16,2,5.3,680.0,1.492,PM2.5-1HR
194,060010013,2024-12-16,11.52,9.46,92.13,0.48,2.03,127.34,1021.38,1003.26,2.67,6.238,680.0,1.152,PM2.5-1HR
194,060010015,2024-12-16,6.65,8.58,92,0.4,1.35,206.91,1021.56,1395.58,3,6.7,680.0,0.939,PM2.5-1HR
194,060130002,2024-12-16,7,9.17,91.25,0.28,1.5,156.62,1021.5,1468.57,3,6.7,680.0,1.21,PM2.5-1HR
194,060131004,2024-12-16,10.79,9.2,92.13,0.48,2.03,127.34,1021.38,5253.95,3,6.7,680.0,1.753,PM2.5-1HR
194,060410001,2024-12-16,7.42,9.04,97.75,0.53,1.56,126.93,1021.43,2306.57,0,2.5,680.0,1.79,PM2.5-1HR
194,060750005,2024-12-16,7.95,10.06,91.46,0.38,2.42,121.29,1021.33,8410.74,1,3.9,680.0,1.434,PM2.5-1HR
194,060811001,2024-12-17,11.13,10.18,91.5,0,0.73,279.41,1026.12,3744.97,6,10.9,680.0,2.054,PM2.5-1HR
194,060010009,2024-12-17,9.21,10.19,92.08,0,1.15,32.28,1026.02,7936.72,3.5,7.4,680.0,0.057,PM2.5-1HR
194,060010011,2024-12-17,8.87,10.58,91.13,0,1.59,45.15,1026.13,5970.53,5.67,10.438,680.0,2.259,PM2.5-1HR
194,060010012,2024-12-17,10.7,10.58,91.13,0,1.59,45.15,1026.13,3239.16,5,9.5,680.0,1.492,PM2.5-1HR
194,060010013,2024-12-17,13.2,10.5,94.08,0,1.99,22.96,1026.25,1003.26,5.67,10.438,680.0,1.152,PM2.5-1HR
194,060010015,2024-12-17,6.44,9.73,92.46,0,1.15,27.43,1026.1,1395.58,1,3.9,680.0,0.939,PM2.5-1HR
194,060010016,2024-12-17,9.15,8.9,89.63,0,0.78,114.43,1026.21,2976.48,3,6.7,680.0,2.345,PM2.5-1HR
194,060130002,2024-12-17,2.86,10.37,91.13,0,0.82,103.86,1026.35,1468.57,1,3.9,680.0,1.21,PM2.5-1HR
194,060131004,2024-12-17,9.42,10.21,94.08,0,1.99,22.96,1026.25,5253.95,4,8.1,680.0,1.753,PM2.5-1HR
194,060410001,2024-12-17,7.95,10.65,91.88,0,1.07,350.86,1026.3,2306.57,4,8.1,680.0,1.79,PM2.5-1HR
194,060750005,2024-12-17,8.38,10.55,93.5,0,2.12,20.3,1026.13,8410.74,3,6.7,680.0,1.434,PM2.5-1HR
194,060811001,2024-12-18,6.81,9.66,86.25,0,0.67,273.74,1025.22,3744.97,2,5.3,680.0,2.054,PM2.5-1HR
194,060010009,2024-12-18,7.09,9.58,88.33,0,1.51,44.78,1025.1,7936.72,1,3.9,680.0,0.057,PM2.5-1HR
194,060010011,2024-12-18,8.06,9.51,86.54,0,1.91,47.46,1025.18,5970.53,3,6.7,680.0,2.259,PM2.5-1HR
194,060010012,2024-12-18,7.76,9.51,86.54,0,1.91,47.46,1025.18,3239.16,2.25,5.65,680.0,1.492,PM2.5-1HR
194,060010013,2024-12-18,11.79,9.52,89.21,0,2.92,26.22,1025.48,1003.26,3,6.7,680.0,1.152,PM2.5-1HR
194,060010015,2024-12-18,6.64,8.81,89.04,0,1.96,51.92,1025.49,1395.58,1,3.9,680.0,0.939,PM2.5-1HR
194,060010016,2024-12-18,8.84,8.1,84.04,0,1.64,66.25,1025.8,2976.48,4,8.1,680.0,2.345,PM2.5-1HR
194,060130002,2024-12-18,6.28,9.23,87.08,0,1.44,85.89,1025.66,1468.57,0,2.5,680.0,1.21,PM2.5-1HR
194,060131004,2024-12-18,7.99,9.24,89.17,0,2.92,26.22,1025.48,5253.95,2,5.3,680.0,1.753,PM2.5-1HR
194,060410001,2024-12-18,7.52,8.9,91.21,0,1.42,7.84,1025.66,2306.57,3,6.7,680.0,1.79,PM2.5-1HR
194,060750005,2024-12-18,7.11,9.43,89.33,0,2.34,21.48,1025.28,8410.74,4,8.1,680.0,1.434,PM2.5-1HR
194,060811001,2024-12-19,11.16,8.45,92.33,0,0.6,110.65,1020.41,3744.97,3,6.7,680.0,2.054,PM2.5-1HR
194,060010009,2024-12-19,11.12,9.4,85.25,0,2.22,59.49,1020.3,7936.72,6,10.9,680.0,0.057,PM2.5-1HR
194,060010011,2024-12-19,16.74,8.65,88.75,0,2.51,43.35,1020.5,5970.53,9.67,16.038,680.0,2.259,PM2.5-1HR
194,060010012,2024-12-19,14.09,8.65,88.75,0,2.51,43.35,1020.5,3239.16,8.75,14.75,680.0,1.492,PM2.5-1HR
194,060010013,2024-12-19,19.7,8.63,89.42,0,3.82,29.29,1020.82,1003.26,9.67,16.038,680.0,1.152,PM2.5-1HR
194,060010015,2024-12-19,12.19,7.4,92.96,0,2.65,55.92,1021.16,1395.58,4,8.1,680.0,0.939,PM2.5-1HR
194,060010016,2024-12-19,14.03,6.29,93.17,0,2.31,48.8,1021.56,2976.48,9,15.1,680.0,2.345,PM2.5-1HR
194,060130002,2024-12-19,10.64,8.33,90.83,0,2.06,67.16,1021.24,1468.57,5,9.5,680.0,1.21,PM2.5-1HR
194,060131004,2024-12-19,21.24,8.36,89.38,0,3.82,29.29,1020.82,5253.95,15,23.5,680.0,1.753,PM2.5-1HR
194,060410001,2024-12-19,16.89,7.87,94.58,0,1.8,27.57,1021.32,2306.57,10,16.5,680.0,1.79,PM2.5-1HR
194,060750005,2024-12-19,15.63,9.14,87.08,0,3.05,21.42,1020.47,8410.74,8,13.7,680.0,1.434,PM2.5-1HR
194,060811001,2024-12-20,16.92,8.48,93.79,0,1.12,65.64,1019.9,3744.97,10,16.5,680.0,2.054,PM2.5-1HR
194,060010009,2024-12-20,16.83,9.75,88.75,0,1.79,50.28,1019.82,7936.72,11,17.9,680.0,0.057,PM2.5-1HR
194,060010011,2024-12-20,19.05,8.38,94.96,0,1.92,44.78,1020.04,5970.53,12.67,20.238,680.0,2.259,PM2.5-1HR
194,060010012,2024-12-20,18.91,8.38,94.96,0,1.92,44.78,1020.04,3239.16,12,19.3,680.0,1.492,PM2.5-1HR
194,060010013,2024-12-20,21.24,8.13,93.96,0,2.69,42.18,1020.25,1003.26,12.67,20.238,680.0,1.152,PM2.5-1HR
194,060010015,2024-12-20,18.74,7.05,95.79,0,2.09,49.95,1020.26,1395.58,12,19.3,680.0,0.939,PM2.5-1HR
194,060010016,2024-12-20,18.99,5.94,96,0,1.73,31.69,1020.7,2976.48,10,16.5,680.0,2.345,PM2.5-1HR
194,060130002,2024-12-20,16.3,8.23,96.67,0,1.58,71,1020.58,1468.57,7,12.3,680.0,1.21,PM2.5-1HR
194,060131004,2024-12-20,18.87,7.84,93.96,0,2.69,42.18,1020.25,5253.95,11,17.9,680.0,1.753,PM2.5-1HR
194,060410001,2024-12-20,21.17,7.68,97.88,0,2.1,47.49,1020.55,2306.57,15,23.5,680.0,1.79,PM2.5-1HR
194,060750005,2024-12-20,18.83,8.31,95.17,0,2.66,23.16,1020,8410.74,13,20.7,680.0,1.434,PM2.5-1HR
194,060811001,2024-12-21,5.51,12.52,91.42,0.28,1.54,151.88,1020.31,3744.97,0,2.5,680.0,2.054,PM2.5-1HR
194,060010009,2024-12-21,6.29,12.27,89.13,0.26,2.36,112.38,1020.46,7936.72,1.5,4.6,680.0,0.057,PM2.5-1HR
194,060010011,2024-12-21,10.29,11.89,93.33,0.21,2.1,131.94,1020.41,5970.53,3.33,7.162,680.0,2.259,PM2.5-1HR
194,060010012,2024-12-21,9.8,11.89,93.33,0.21,2.1,131.94,1020.41,3239.16,2.5,6.0,680.0,1.492,PM2.5-1HR
194,060010013,2024-12-21,14.28,11.4,94.08,0.18,2.26,96.43,1020.45,1003.26,3.33,7.162,680.0,1.152,PM2.5-1HR
194,060010015,2024-12-21,10.95,10.68,92.38,0.68,1.31,66.37,1020.56,1395.58,2,5.3,680.0,0.939,PM2.5-1HR
194,060010016,2024-12-21,11.41,9.38,91.63,0.49,0.99,7.64,1020.54,2976.48,5,9.5,680.0,2.345,PM2.5-1HR
194,060130002,2024-12-21,14.28,10.95,95.46,0.54,1.4,110.87,1020.57,1468.57,9,15.1,680.0,1.21,PM2.5-1HR
194,060131004,2024-12-21,13.62,11.12,94.08,0.18,2.26,96.43,1020.45,5253.95,3,6.7,680.0,1.753,PM2.5-1HR
194,060410001,2024-12-21,9.95,11.57,97.38,0.5,2.25,141.49,1020.49,2306.57,2,5.3,680.0,1.79,PM2.5-1HR
194,060750005,2024-12-21,8.33,12.09,92.04,0.27,2.56,88.17,1020.36,8410.74,1,3.9,680.0,1.434,PM2.5-1HR
194,060811001,2024-12-22,8.31,13.83,95.71,0.03,1.13,210.56,1020.87,3744.97,6,10.9,680.0,2.054,PM2.5-1HR
194,060010009,2024-12-22,5.65,14.39,91.71,0.09,1.65,89.48,1020.93,7936.72,2.5,6.0,680.0,0.057,PM2.5-1HR
194,060010011,2024-12-22,8.08,14.26,91.54,0.08,1.54,90.86,1020.93,5970.53,5.67,10.438,680.0,2.259,PM2.5-1HR
194,060010012,2024-12-22,9.22,14.26,91.54,0.08,1.54,90.86,1020.93,3239.16,4.25,8.45,680.0,1.492,PM2.5-1HR
194,060010013,2024-12-22,10.99,12.97,94,0.07,1.69,37.7,1020.98,1003.26,5.67,10.438,680.0,1.152,PM2.5-1HR
194,060010015,2024-12-22,4.6,13.34,92,0.03,1.32,52.64,1021.12,1395.58,2,5.3,680.0,0.939,PM2.5-1HR
194,060010016,2024-12-22,5.95,12.3,92.75,0.03,1.06,45.07,1021.21,2976.48,3,6.7,680.0,2.345,PM2.5-1HR
194,060130002,2024-12-22,6.09,13.56,93.63,0.05,1.1,92.33,1021.18,1468.57,1,3.9,680.0,1.21,PM2.5-1HR
194,060131004,2024-12-22,6.27,12.68,94,0.07,1.69,37.7,1020.98,5253.95,1,3.9,680.0,1.753,PM2.5-1HR
194,060410001,2024-12-22,6.68,12.43,95.5,0.18,1.22,54.28,1021.15,2306.57,3,6.7,680.0,1.79,PM2.5-1HR
194,060750005,2024-12-22,4.7,13.27,94.33,0.09,1.7,30.74,1020.89,8410.74,1,3.9,680.0,1.434,PM2.5-1HR
194,060010009,2024-12-23,7.85,15.89,91.46,0.01,1.58,123.46,1020.44,7936.72,2.5,6.0,680.0,0.057,PM2.5-1HR
194,060811001,2024-12-23,7.04,15.29,96.83,0.03,1.13,180.79,1020.42,3744.97,2,5.3,680.0,2.054,PM2.5-1HR
194,060010011,2024-12-23,9.1,15.87,93.54,0.05,1.44,129.01,1020.45,5970.53,5,9.5,680.0,2.259,PM2.5-1HR
194,060010012,2024-12-23,9.83,15.87,93.54,0.05,1.44,129.01,1020.45,3239.16,4.25,8.45,680.0,1.492,PM2.5-1HR
194,060010013,2024-12-23,14.55,14.58,96.58,0.1,1.6,63.99,1020.45,1003.26,5,9.5,680.0,1.152,PM2.5-1HR
194,060010015,2024-12-23,9.61,14.83,90.71,0,1.22,82.88,1020.63,1395.58,4,8.1,680.0,0.939,PM2.5-1HR
194,060010016,2024-12-23,9.43,13.24,92.46,0,1.16,77.13,1020.69,2976.48,4,8.1,680.0,2.345,PM2.5-1HR
194,060130002,2024-12-23,12.08,15.09,93.58,0.02,1.65,114.37,1020.63,1468.57,6,10.9,680.0,1.21,PM2.5-1HR
194,060131004,2024-12-23,9.21,14.29,96.54,0.1,1.6,63.99,1020.45,5253.95,2,5.3,680.0,1.753,PM2.5-1HR
194,060410001,2024-12-23,8.3,13.85,98.04,0.13,1.22,83.48,1020.54,2306.57,2,5.3,680.0,1.79,PM2.5-1HR
194,060750005,2024-12-23,6.14,15.19,96.33,0.08,1.6,55.71,1020.36,8410.74,0,2.5,680.0,1.434,PM2.5-1HR
194,060010009,2024-12-24,5.24,11.97,89.83,0.59,3.24,244.76,1020.02,7936.72,0.5,3.2,680.0,0.057,PM2.5-1HR
194,060811001,2024-12-24,3.97,12.06,87.38,0.49,3.21,247.53,1020.15,3744.97,0,2.5,680.0,2.054,PM2.5-1HR
194,060010011,2024-12-24,4.49,12.02,89.92,0.58,3.48,241.31,1019.87,5970.53,2.33,5.762,680.0,2.259,PM2.5-1HR
194,060010012,2024-12-24,6.22,12.02,89.92,0.58,3.48,241.31,1019.87,3239.16,1.75,4.95,680.0,1.492,PM2.5-1HR
194,060010013,2024-12-24,8.48,12.18,86.25,0.51,3.66,245.12,1019.68,1003.26,2.33,5.762,680.0,1.152,PM2.5-1HR
194,060010015,2024-12-24,3.67,11.42,91.42,0.4,3.31,230.7,1019.94,1395.58,1,3.9,680.0,0.939,PM2.5-1HR
194,060010016,2024-12-24,5.26,10.99,88,0.27,4.01,232.07,1019.81,2976.48,0,2.5,680.0,2.345,PM2.5-1HR
194,060130002,2024-12-24,3.12,12.13,89.58,0.35,3.53,228.43,1019.56,1468.57,0,2.5,680.0,1.21,PM2.5-1HR
194,060131004,2024-12-24,8.43,11.89,86.17,0.51,3.66,245.12,1019.68,5253.95,1,3.9,680.0,1.753,PM2.5-1HR
194,060410001,2024-12-24,5.14,11.95,87.67,0.5,3.76,255.01,1019.58,2306.57,1,3.9,680.0,1.79,PM2.5-1HR
194,060750005,2024-12-24,2.54,12.19,86.63,0.62,4.19,251.73,1019.88,8410.74,0,2.5,680.0,1.434,PM2.5-1HR
194,060811001,2024-12-25,6.83,9.39,85.83,0,1.29,229.42,1023.32,3744.97,2,5.3,680.0,2.054,PM2.5-1HR
194,060010009,2024-12-25,9.13,8.71,88.67,0,1.12,127.59,1023.35,7936.72,2,5.3,680.0,0.057,PM2.5-1HR
194,060010011,2024-12-25,10.13,8.64,87.88,0,1.35,164.5,1023.27,5970.53,2.33,5.762,680.0,2.259,PM2.5-1HR
194,060010012,2024-12-25,7.92,8.64,87.88,0,1.35,164.5,1023.27,3239.16,2.75,6.35,680.0,1.492,PM2.5-1HR
194,060010013,2024-12-25,10.03,9.3,86.08,0,1.6,157.23,1023.14,1003.26,2.33,5.762,680.0,1.152,PM2.5-1HR
194,060010015,2024-12-25,4.86,8.13,89.13,0,1.15,244.19,1023.35,1395.58,2,5.3,680.0,0.939,PM2.5-1HR
194,060010016,2024-12-25,9.32,7.93,83.88,0,1.57,228.06,1023.21,2976.48,2,5.3,680.0,2.345,PM2.5-1HR
194,060130002,2024-12-25,3.92,8.95,84.88,0,1.39,201.42,1023.12,1468.57,0,2.5,680.0,1.21,PM2.5-1HR
194,060131004,2024-12-25,8.65,9.03,86.04,0,1.6,157.23,1023.14,5253.95,2,5.3,680.0,1.753,PM2.5-1HR
194,060410001,2024-12-25,7.3,9.66,80.25,0,1.37,253.87,1023.05,2306.57,1,3.9,680.0,1.79,PM2.5-1HR
194,060750005,2024-12-25,5.24,9.23,86.92,0,1.3,162.7,1023.21,8410.74,2,5.3,680.0,1.434,PM2.5-1HR
194,060811001,2024-12-26,3.23,12.53,87.04,0.48,2.28,170.07,1020.05,3744.97,0,2.5,680.0,2.054,PM2.5-1HR
194,060010009,2024-12-26,3.15,12.4,83.96,0.38,2.97,146.04,1020.17,7936.72,0.5,3.2,680.0,0.057,PM2.5-1HR
194,060010011,2024-12-26,4.2,12.48,85.96,0.42,3.62,163.63,1019.93,5970.53,1.67,4.838,680.0,2.259,PM2.5-1HR
194,060010012,2024-12-26,5.52,12.48,85.96,0.42,3.62,163.63,1019.93,3239.16,1.25,4.25,680.0,1.492,PM2.5-1HR
194,060010013,2024-12-26,7.55,12.44,87,0.53,3.83,177.15,1019.7,1003.26,1.67,4.838,680.0,1.152,PM2.5-1HR
194,060010015,2024-12-26,5.14,12.42,83.83,0.31,2.12,195.28,1020.19,1395.58,1,3.9,680.0,0.939,PM2.5-1HR
194,060010016,2024-12-26,6.01,12.33,79.88,0.27,2.05,201.21,1020.05,2976.48,0,2.5,680.0,2.345,PM2.5-1HR
194,060130002,2024-12-26,2.3,13.2,82.42,0.35,3.9,184.37,1019.73,1468.57,0,2.5,680.0,1.21,PM2.5-1HR
194,060131004,2024-12-26,7.43,12.16,87,0.53,3.83,177.15,1019.7,5253.95,1,3.9,680.0,1.753,PM2.5-1HR
194,060410001,2024-12-26,3.63,12.23,94.08,0.66,3.7,195.71,1019.55,2306.57,1,3.9,680.0,1.79,PM2.5-1HR
194,060750005,2024-12-26,3.46,12.74,87.33,0.53,3.21,158.04,1019.8,8410.74,0,2.5,680.0,1.434,PM2.5-1HR
194,060010009,2024-12-27,7.78,13.63,93.38,0.56,3.38,252.9,1017.84,7936.72,0.5,3.2,680.0,0.057,PM2.5-1HR
194,060010011,2024-12-27,8.96,13.6,94.71,0.56,3.61,220.02,1017.65,5970.53,1.67,4.838,680.0,2.259,PM2.5-1HR
194,060010012,2024-12-27,11.12,13.6,94.71,0.56,3.61,220.02,1017.65,3239.16,1.5,4.6,680.0,1.492,PM2.5-1HR
194,060010013,2024-12-27,12.61,13.75,92.96,0.53,4.03,216.82,1017.36,1003.26,1.67,4.838,680.0,1.152,PM2.5-1HR
194,060010015,2024-12-27,8.09,13.14,92.04,0.73,3.1,230.46,1017.76,1395.58,0,2.5,680.0,0.939,PM2.5-1HR
194,060010016,2024-12-27,8.58,12.75,89.29,0.47,3.97,228.88,1017.63,2976.48,0,2.5,680.0,2.345,PM2.5-1HR
194,060130002,2024-12-27,6.32,14.06,91.5,0.35,4.14,217.92,1017.32,1468.57,1,3.9,680.0,1.21,PM2.5-1HR
194,060131004,2024-12-27,15.49,13.46,92.88,0.53,4.03,216.82,1017.36,5253.95,0,2.5,680.0,1.753,PM2.5-1HR
194,060410001,2024-12-27,7.83,14.05,91.25,0.53,3.4,234.89,1017.09,2306.57,1,3.9,680.0,1.79,PM2.5-1HR
194,060750005,2024-12-27,9.11,13.55,93.17,0.42,4.27,240.56,1017.59,8410.74,0,2.5,680.0,1.434,PM2.5-1HR
194,060811001,2024-12-27,7.32,13.56,89.71,0.58,3.03,247.44,1017.9,3744.97,2,5.3,680.0,2.054,PM2.5-1HR
194,060010009,2024-12-28,5.53,13.79,93.13,0.15,1.83,183.57,1021.4,7936.72,1,3.9,680.0,0.057,PM2.5-1HR
194,060010011,2024-12-28,5.29,14.01,94.17,0.11,2.75,193.51,1021.3,5970.53,1.33,4.362,680.0,2.259,PM2.5-1HR
194,060010012,2024-12-28,5.91,14.01,94.17,0.11,2.75,193.51,1021.3,3239.16,1.5,4.6,680.0,1.492,PM2.5-1HR
194,060010013,2024-12-28,9.15,13.59,95.25,0.09,3.19,197.19,1021.16,1003.26,1.33,4.362,680.0,1.152,PM2.5-1HR
194,060010015,2024-12-28,5.69,13.64,92.83,0.05,1.54,244.11,1021.35,1395.58,0,2.5,680.0,0.939,PM2.5-1HR
194,060010016,2024-12-28,6.26,12.99,90.54,0.01,2.13,228.67,1021.2,2976.48,0,2.5,680.0,2.345,PM2.5-1HR
194,060130002,2024-12-28,3.37,14.56,91.04,0.07,3.34,205.38,1021.06,1468.57,0,2.5,680.0,1.21,PM2.5-1HR
194,060131004,2024-12-28,14.77,13.31,95.25,0.09,3.19,197.19,1021.16,5253.95,4,8.1,680.0,1.753,PM2.5-1HR
194,060410001,2024-12-28,2.47,13.6,97.75,0.13,2.48,199.65,1021.03,2306.57,0,2.5,680.0,1.79,PM2.5-1HR
194,060750005,2024-12-28,4.76,13.98,93.04,0.17,2.71,194.87,1021.23,8410.74,0,2.5,680.0,1.434,PM2.5-1HR
194,060811001,2024-12-28,3.74,13.9,92.92,0.03,1.58,217.23,1021.31,3744.97,0,2.5,680.0,2.054,PM2.5-1HR
194,060010009,2024-12-29,3.65,12.77,93.75,0.42,3.69,233.13,1020.81,7936.72,0.5,3.2,680.0,0.057,PM2.5-1HR
194,060010011,2024-12-29,4.48,12.79,93.88,0.56,3.79,222.04,1020.6,5970.53,1.67,4.838,680.0,2.259,PM2.5-1HR
194,060010012,2024-12-29,3,12.79,93.88,0.56,3.79,222.04,1020.6,3239.16,1.25,4.25,680.0,1.492,PM2.5-1HR
194,060010013,2024-12-29,7.79,13.23,90.21,0.48,4.11,227.16,1020.36,1003.26,1.67,4.838,680.0,1.152,PM2.5-1HR
194,060010015,2024-12-29,2.52,12.29,94.83,0.42,3.26,222.64,1020.78,1395.58,0,2.5,680.0,0.939,PM2.5-1HR
194,060010016,2024-12-29,4.15,11.88,92.29,0.25,3.99,225.7,1020.65,2976.48,1,3.9,680.0,2.345,PM2.5-1HR
194,060130002,2024-12-29,1.53,13.18,91.71,0.39,3.91,220.2,1020.32,1468.57,0,2.5,680.0,1.21,PM2.5-1HR
194,060131004,2024-12-29,4.46,12.94,90.21,0.48,4.11,227.16,1020.36,5253.95,2,5.3,680.0,1.753,PM2.5-1HR
194,060410001,2024-12-29,4.53,13.07,91.17,0.55,4.15,242.78,1020.18,2306.57,0,2.5,680.0,1.79,PM2.5-1HR
194,060750005,2024-12-29,2.52,13.15,91.29,0.32,4.7,240.12,1020.58,8410.74,0,2.5,680.0,1.434,PM2.5-1HR
194,060811001,2024-12-29,1.78,12.62,91.71,0.36,3.46,238.43,1020.95,3744.97,0,2.5,680.0,2.054,PM2.5-1HR
194,060010009,2024-12-30,5.42,9.63,83.29,0,1.08,344.3,1023.86,7936.72,0,2.5,680.0,0.057,PM2.5-1HR
194,060010011,2024-12-30,7.08,9.35,81.33,0,1.34,10.93,1023.93,5970.53,1.67,4.838,680.0,2.259,PM2.5-1HR
194,060010012,2024-12-30,3.99,9.35,81.33,0,1.34,10.93,1023.93,3239.16,1.25,4.25,680.0,1.492,PM2.5-1HR
194,060010013,2024-12-30,8.65,9.93,80.83,0,1.33,350.06,1023.92,1003.26,1.67,4.838,680.0,1.152,PM2.5-1HR
194,060010015,2024-12-30,2.29,9.54,77.92,0,1.11,351.82,1023.87,1395.58,0,2.5,680.0,0.939,PM2.5-1HR
194,060010016,2024-12-30,4.25,9,75.29,0,1.12,241.84,1023.87,2976.48,1,3.9,680.0,2.345,PM2.5-1HR
194,060130002,2024-12-30,1.45,9.93,75.25,0,0.79,261.74,1023.89,1468.57,0,2.5,680.0,1.21,PM2.5-1HR
194,060131004,2024-12-30,5.63,9.66,80.83,0,1.33,350.06,1023.92,5253.95,0,2.5,680.0,1.753,PM2.5-1HR
194,060410001,2024-12-30,2.38,10.06,74.75,0,2.07,311.51,1023.91,2306.57,0,2.5,680.0,1.79,PM2.5-1HR
194,060750005,2024-12-30,4.09,9.98,82.63,0,1.2,342.06,1023.92,8410.74,0,2.5,680.0,1.434,PM2.5-1HR
194,060811001,2024-12-30,4.84,9.75,81.13,0,1.69,287.72,1023.95,3744.97,0,2.5,680.0,2.054,PM2.5-1HR
194,060010009,2024-12-31,9.86,7.93,74.13,0,1.1,24.27,1022.76,7936.72,1.5,4.6,680.0,0.057,PM2.5-1HR
194,060010011,2024-12-31,7.26,8.27,68.75,0,0.98,42.4,1022.8,5970.53,3.33,7.162,680.0,2.259,PM2.5-1HR
194,060010012,2024-12-31,7.23,8.27,68.75,0,0.98,42.4,1022.8,3239.16,2.75,6.35,680.0,1.492,PM2.5-1HR
194,060010013,2024-12-31,11.05,8.75,83.67,0,0.95,5.26,1022.87,1003.26,3.33,7.162,680.0,1.152,PM2.5-1HR
194,060010015,2024-12-31,5.51,7.31,69.46,0,1.02,47.07,1022.83,1395.58,0,2.5,680.0,0.939,PM2.5-1HR
194,060010016,2024-12-31,6.55,7.34,57.38,0,0.85,76.73,1022.93,2976.48,0,2.5,680.0,2.345,PM2.5-1HR
194,060130002,2024-12-31,4.17,9.12,57,0,0.83,94.45,1022.86,1468.57,1,3.9,680.0,1.21,PM2.5-1HR
194,060131004,2024-12-31,7.68,8.48,83.67,0,0.95,5.26,1022.87,5253.95,1,3.9,680.0,1.753,PM2.5-1HR
194,060410001,2024-12-31,4.15,8.42,80.96,0,0.87,318.51,1022.86,2306.57,0,2.5,680.0,1.79,PM2.5-1HR
194,060750005,2024-12-31,3.59,8.71,83.58,0,1.15,339.77,1022.88,8410.74,0,2.5,680.0,1.434,PM2.5-1HR
194,060811001,2024-12-31,9.57,9.04,73.21,0,0.97,279.33,1022.8,3744.97,0,2.5,680.0,2.054,PM2.5-1HR
194,840060010009,2025-01-05,8.87,9.68,89.42,0,0.74,53.02,1026.03,8052.33,5,9.5,680.0,0.019,PM2.5-1HR
194,840060010011,2025-01-05,9.62,10.33,83.75,0,0.7,42.8,1025.98,6051.26,6,10.9,680.0,0.037,PM2.5-1HR
194,840060010012,2025-01-05,10.83,10.33,83.75,0,0.7,42.8,1025.98,3318.36,5.75,10.55,680.0,0.018,PM2.5-1HR
194,840060750005,2025-01-05,6.49,10.02,90.17,0,0.83,154.22,1026.01,9033.76,3,6.7,680.0,0.064,PM2.5-1HR
194,840060811001,2025-01-05,7.96,9.78,85.63,0,0.59,261.04,1026.07,3957.15,1,3.9,680.0,0.461,PM2.5-1HR
194,840060010013,2025-01-05,12.7,9.98,88.54,0,0.7,47.03,1026.01,1028.04,6,10.9,680.0,0.021,PM2.5-1HR
194,840060010015,2025-01-05,7.37,9.26,88.08,0,0.69,346.11,1025.97,1439,3,6.7,680.0,0.032,PM2.5-1HR
194,840060130002,2025-01-05,8.09,10.66,82.29,0,0.68,237.66,1025.93,1908.17,1,3.9,680.0,0.019,PM2.5-1HR
194,840060131004,2025-01-05,11.58,9.71,88.54,0,0.7,47.03,1026.01,5160.29,5,9.5,680.0,0.044,PM2.5-1HR
194,840060410001,2025-01-05,5.46,10.64,86.58,0,1.02,304.43,1025.95,2386.23,1,3.9,680.0,0.135,PM2.5-1HR
194,840060010009,2025-01-06,8.32,10.76,92.42,0,1.41,358.47,1023.48,8052.33,1.5,4.6,680.0,0.019,PM2.5-1HR
194,840060010011,2025-01-06,7.39,10.86,94.33,0,1.5,317.18,1023.5,6051.26,2.33,5.762,680.0,0.037,PM2.5-1HR
194,840060750005,2025-01-06,6.08,11.21,95.42,0,0.85,43.2,1023.47,9033.76,1,3.9,680.0,0.064,PM2.5-1HR
194,840060811001,2025-01-06,4.53,10.96,93.58,0,1.34,266.83,1023.53,3957.15,0,2.5,680.0,0.461,PM2.5-1HR
194,840060010012,2025-01-06,11.19,10.86,94.33,0,1.5,317.18,1023.5,3318.36,2.5,6.0,680.0,0.018,PM2.5-1HR
194,840060010013,2025-01-06,11.88,10.7,97,0,1.19,83.3,1023.51,1028.04,2.33,5.762,680.0,0.021,PM2.5-1HR
194,840060010015,2025-01-06,5.63,9.75,93.25,0,1.28,295.08,1023.31,1439,3,6.7,680.0,0.032,PM2.5-1HR
194,840060130002,2025-01-06,4.56,10.43,93.88,0,1.17,236.2,1023.4,1908.17,1,3.9,680.0,0.019,PM2.5-1HR
194,840060131004,2025-01-06,6.07,10.44,97,0,1.19,83.3,1023.51,5160.29,2,5.3,680.0,0.044,PM2.5-1HR
194,840060410001,2025-01-06,4,11.82,95.42,0,1.38,306.84,1023.45,2386.23,1,3.9,680.0,0.135,PM2.5-1HR
194,840060010009,2025-01-07,3,13.76,48.21,0,6.29,14.28,1022.8,8052.33,0,2.5,680.0,0.019,PM2.5-1HR
194,840060010011,2025-01-07,1.69,13.94,47.5,0,5.62,20.72,1023.26,6051.26,0.67,3.438,680.0,0.037,PM2.5-1HR
194,840060750005,2025-01-07,2.77,14.36,46.83,0,6.39,9.95,1023.21,9033.76,0,2.5,680.0,0.064,PM2.5-1HR
194,840060811001,2025-01-07,1.66,13.37,54.04,0,4.06,5.09,1023.31,3957.15,0,2.5,680.0,0.461,PM2.5-1HR
194,840060010012,2025-01-07,3.78,13.94,47.5,0,5.62,20.72,1023.26,3318.36,0.5,3.2,680.0,0.018,PM2.5-1HR
194,840060010013,2025-01-07,5.73,14.26,48.13,0,6.2,7.18,1023.43,1028.04,0.67,3.438,680.0,0.021,PM2.5-1HR
194,840060010015,2025-01-07,1.86,12.63,51.63,0,5.68,14.94,1022.88,1439,0,2.5,680.0,0.032,PM2.5-1HR
194,840060130002,2025-01-07,1.15,13.26,51,0,5.27,21.88,1023.73,1908.17,0,2.5,680.0,0.019,PM2.5-1HR
194,840060131004,2025-01-07,2.31,13.98,48,0,6.2,7.18,1023.43,5160.29,0,2.5,680.0,0.044,PM2.5-1HR
194,840060410001,2025-01-07,2.1,14.54,43.75,0,5.32,2.93,1023.76,2386.23,0,2.5,680.0,0.135,PM2.5-1HR
194,840060131004,2025-11-30,9.72,7.24,90.71,0,1.89,39.24,1018.73,5160.29,8,13.7,680.0,0.044,PM2.5-1HR
194,840060410001,2025-11-30,6.99,7.73,94.54,0,0.96,35.15,1018.8,2386.23,3,6.7,680.0,0.135,PM2.5-1HR
194,840060750005,2025-11-30,14.36,8.02,89.38,0,2.12,22.21,1018.59,9033.76,12,19.3,680.0,0.064,PM2.5-1HR
194,840060811001,2025-11-30,18.63,8.35,93.17,0,1.07,354.99,1018.49,3957.15,15,23.5,680.0,0.461,PM2.5-1HR
194,840060130002,2025-11-30,9.35,6.82,94.79,0,1.13,70.69,1018.84,1908.17,6,10.9,680.0,0.019,PM2.5-1HR
194,840060010009,2025-11-30,13.99,8.25,88.25,0,1.24,30.22,1018.43,8052.33,11,17.9,680.0,0.019,PM2.5-1HR
194,840060010011,2025-11-30,14.87,7.09,91.71,0,1.46,39.73,1018.66,6051.26,11,17.9,680.0,0.037,PM2.5-1HR
194,840060010012,2025-11-30,18.85,7.09,91.71,0,1.46,39.73,1018.66,3318.36,10.75,17.55,680.0,0.018,PM2.5-1HR
194,840060010013,2025-11-30,14.87,7.51,90.75,0,1.89,39.24,1018.73,1028.04,11,17.9,680.0,0.021,PM2.5-1HR
194,840060010015,2025-11-30,21.49,7.28,93.21,0,1.38,43.26,1018.65,1439,16,24.9,680.0,0.032,PM2.5-1HR
194,840060010009,2025-12-01,15.56,7.42,87.92,0,2.31,55.15,1019.79,8052.33,7.5,13.0,680.0,0.019,PM2.5-1HR
194,840060010011,2025-12-01,15.3,6.69,92.17,0,2.53,45.13,1020.03,6051.26,7.33,12.762,680.0,0.037,PM2.5-1HR
194,840060010012,2025-12-01,21.07,6.69,92.17,0,2.53,45.13,1020.03,3318.36,7.25,12.65,680.0,0.018,PM2.5-1HR
194,840060010013,2025-12-01,14.21,7.83,87.71,0,3.35,42.16,1020.15,1028.04,7.33,12.762,680.0,0.021,PM2.5-1HR
194,840060750005,2025-12-01,16.17,8.45,85.5,0,2.92,30.16,1019.9,9033.76,9,15.1,680.0,0.064,PM2.5-1HR
194,840060811001,2025-12-01,12.16,7.95,94.04,0,0.85,45.32,1019.81,3957.15,7,12.3,680.0,0.461,PM2.5-1HR
194,840060010015,2025-12-01,15.83,5.51,95.75,0,2.15,52.83,1020.43,1439,11,17.9,680.0,0.032,PM2.5-1HR
194,840060130002,2025-12-01,13.58,6.52,94.08,0,1.85,68.54,1020.5,1908.17,6,10.9,680.0,0.019,PM2.5-1HR
194,840060131004,2025-12-01,10.8,7.55,87.71,0,3.35,42.16,1020.15,5160.29,3,6.7,680.0,0.044,PM2.5-1HR
194,840060410001,2025-12-01,9.08,7.75,92.46,0,1.89,47.14,1020.35,2386.23,5,9.5,680.0,0.135,PM2.5-1HR
194,840060010009,2025-12-02,14.31,9.29,88.21,0,1.4,42.82,1018.31,8052.33,10,16.5,680.0,0.019,PM2.5-1HR
194,840060010011,2025-12-02,18.98,9.41,84.25,0,1.39,36.79,1018.36,6051.26,11.67,18.838,680.0,0.037,PM2.5-1HR
194,840060750005,2025-12-02,14.88,10.31,83.79,0,1.7,1.63,1018.37,9033.76,11,17.9,680.0,0.064,PM2.5-1HR
194,840060811001,2025-12-02,11.54,9.33,86.38,0,0.72,121.18,1018.39,3957.15,6,10.9,680.0,0.461,PM2.5-1HR
194,840060010012,2025-12-02,19.96,9.41,84.25,0,1.39,36.79,1018.36,3318.36,10.75,17.55,680.0,0.018,PM2.5-1HR
194,840060010013,2025-12-02,15.44,9.89,84.29,0,2.04,28.66,1018.48,1028.04,11.67,18.838,680.0,0.021,PM2.5-1HR
194,840060130002,2025-12-02,11.36,9.48,85.42,0,0.93,77.69,1018.53,1908.17,7,12.3,680.0,0.019,PM2.5-1HR
194,840060131004,2025-12-02,12.57,9.61,84.29,0,2.04,28.66,1018.48,5160.29,6,10.9,680.0,0.044,PM2.5-1HR
194,840060410001,2025-12-02,8.75,9.4,87.79,0,1.01,22.5,1018.62,2386.23,6,10.9,680.0,0.135,PM2.5-1HR
194,840060010009,2025-12-24,4.23,13.73,86.33,1.3,4.8,167.21,1002.77,8052.33,2,5.3,680.0,0.019,PM2.5-1HR
194,840060750005,2025-12-24,4.49,13.93,82.42,0.73,5.51,162.17,1002.3,9033.76,3,6.7,680.0,0.064,PM2.5-1HR
194,840060811001,2025-12-24,4,13.7,84.79,1.17,4.27,165.43,1002.57,3957.15,4,8.1,680.0,0.461,PM2.5-1HR
194,840060010011,2025-12-24,4.62,13.7,86.88,0.76,5.11,170.38,1002.57,6051.26,1.67,4.838,680.0,0.037,PM2.5-1HR
194,840060010012,2025-12-24,4.88,13.7,86.88,0.76,5.11,170.38,1002.57,3318.36,1.75,4.95,680.0,0.018,PM2.5-1HR
194,840060010013,2025-12-24,3.41,13.65,84.04,0.53,5.27,168.06,1002.23,1028.04,1.67,4.838,680.0,0.021,PM2.5-1HR
194,840060010015,2025-12-24,1.79,13.83,83.54,0.84,4.47,188.69,1002.92,1439,1,3.9,680.0,0.032,PM2.5-1HR
194,840060130002,2025-12-24,1.97,14.22,83.38,0.78,4.7,179.18,1002.46,1908.17,0,2.5,680.0,0.019,PM2.5-1HR
194,840060131004,2025-12-24,3.5,13.38,84.04,0.53,5.27,168.06,1002.23,5160.29,2,5.3,680.0,0.044,PM2.5-1HR
194,840060410001,2025-12-24,3.37,13.4,86.71,0.94,4.72,168.07,1002.06,2386.23,2,5.3,680.0,0.135,PM2.5-1HR
194,840060010009,2025-12-25,3.49,12.46,85.63,1.1,6.16,179.01,1007.88,8052.33,0.5,3.2,680.0,0.019,PM2.5-1HR
194,840060750005,2025-12-25,5.37,13.14,77.71,0.9,7.34,186.26,1007.17,9033.76,2,5.3,680.0,0.064,PM2.5-1HR
194,840060010011,2025-12-25,4.99,12.4,85.63,0.73,6.65,183.11,1007.48,6051.26,0.33,2.962,680.0,0.037,PM2.5-1HR
194,840060010012,2025-12-25,4.54,12.4,85.63,0.73,6.65,183.11,1007.48,3318.36,0.5,3.2,680.0,0.018,PM2.5-1HR
194,840060010013,2025-12-25,10.12,12.71,80.25,0.96,7.36,185.84,1007.03,1028.04,0.33,2.962,680.0,0.021,PM2.5-1HR
194,840060010015,2025-12-25,2.13,12.08,85.71,1.03,5.85,192.33,1008.16,1439,0,2.5,680.0,0.032,PM2.5-1HR
194,840060130002,2025-12-25,1.6,12.68,84.21,0.6,6.38,187.6,1007.41,1908.17,0,2.5,680.0,0.019,PM2.5-1HR
194,840060131004,2025-12-25,3.07,12.44,80.17,0.96,7.36,185.84,1007.03,5160.29,0,2.5,680.0,0.044,PM2.5-1HR
194,840060410001,2025-12-25,7,12.47,82.33,1,7.16,191.88,1006.64,2386.23,7,12.3,680.0,0.135,PM2.5-1HR
194,840060811001,2025-12-25,3.44,12.65,81.13,0.73,5.75,182.78,1007.65,3957.15,0,2.5,680.0,0.461,PM2.5-1HR
194,840060010009,2025-12-26,4.78,11.33,81.96,0.1,4.34,196.28,1013.8,8052.33,2,5.3,680.0,0.019,PM2.5-1HR
194,840060010011,2025-12-26,6.2,11.2,80.38,0.06,4.52,198.9,1013.47,6051.26,2,5.3,680.0,0.037,PM2.5-1HR
194,840060010012,2025-12-26,6.78,11.2,80.38,0.06,4.52,198.9,1013.47,3318.36,1.5,4.6,680.0,0.018,PM2.5-1HR
194,840060010013,2025-12-26,3.05,11.86,74.25,0.04,5.24,210.6,1013.11,1028.04,2,5.3,680.0,0.021,PM2.5-1HR
194,840060010015,2025-12-26,2.09,10.5,85.17,0.1,4.3,205.04,1013.95,1439,0,2.5,680.0,0.032,PM2.5-1HR
194,840060130002,2025-12-26,2.12,11.46,81.33,0.02,4.86,201.5,1013.36,1908.17,0,2.5,680.0,0.019,PM2.5-1HR
194,840060131004,2025-12-26,7.63,11.59,74.21,0.04,5.24,210.6,1013.11,5160.29,2,5.3,680.0,0.044,PM2.5-1HR
194,840060410001,2025-12-26,3.78,11.7,75.71,0.05,5.46,222.37,1012.83,2386.23,2,5.3,680.0,0.135,PM2.5-1HR
194,840060750005,2025-12-26,5.5,12.33,72,0.23,5.13,216.09,1013.27,9033.76,2,5.3,680.0,0.064,PM2.5-1HR
194,840060811001,2025-12-26,3.4,11.33,77.42,0.05,3.89,201.35,1013.83,3957.15,1,3.9,680.0,0.461,PM2.5-1HR
194,840060010009,2025-12-27,5.62,9.3,86.33,0,1.72,355.98,1021.52,8052.33,1.5,4.6,680.0,0.019,PM2.5-1HR
194,840060010011,2025-12-27,8.57,8.61,88.79,0,1.35,29.37,1021.6,6051.26,1.5,4.6,680.0,0.037,PM2.5-1HR
194,840060010012,2025-12-27,6.88,8.61,88.79,0,1.35,29.37,1021.6,3318.36,1.33,4.362,680.0,0.018,PM2.5-1HR
194,840060010015,2025-12-27,2.79,8.31,91.5,0.01,1.33,331.78,1021.6,1439,0,2.5,680.0,0.032,PM2.5-1HR
194,840060130002,2025-12-27,4.75,9.08,88.71,0,1.7,76.23,1021.6,1908.17,0,2.5,680.0,0.019,PM2.5-1HR
194,840060131004,2025-12-27,3.92,9.23,87,0,1.37,336.06,1021.52,5160.29,1,3.9,680.0,0.044,PM2.5-1HR
194,840060410001,2025-12-27,3.01,9.32,87.21,0,1.76,311.66,1021.53,2386.23,0,2.5,680.0,0.135,PM2.5-1HR
194,840060750005,2025-12-27,5.8,10.38,82.75,0,1.91,342.2,1021.5,9033.76,1,3.9,680.0,0.064,PM2.5-1HR
194,840060811001,2025-12-27,4.42,9.88,84.5,0,1.99,311.07,1021.62,3957.15,0,2.5,680.0,0.461,PM2.5-1HR
194,840060010009,2025-12-28,5.41,8.19,78.88,0,1.42,50.87,1025.48,8052.33,2,5.3,680.0,0.019,PM2.5-1HR
194,840060010011,2025-12-28,7.35,8.4,77.88,0,1.49,60.11,1025.55,6051.26,1,3.9,680.0,0.037,PM2.5-1HR
194,840060010012,2025-12-28,9.92,8.4,77.88,0,1.49,60.11,1025.55,3318.36,1.33,4.362,680.0,0.018,PM2.5-1HR
194,840060010015,2025-12-28,6.75,6.69,82.29,0,1.26,34.78,1025.64,1439,2,5.3,680.0,0.032,PM2.5-1HR
194,840060130002,2025-12-28,4.62,8.65,72.63,0,1.19,70.51,1025.66,1908.17,0,2.5,680.0,0.019,PM2.5-1HR
194,840060131004,2025-12-28,4.12,8.43,84.04,0,1.45,57.49,1025.62,5160.29,2,5.3,680.0,0.044,PM2.5-1HR
194,840060410001,2025-12-28,3.69,8.36,84.75,0,0.95,9.04,1025.64,2386.23,0,2.5,680.0,0.135,PM2.5-1HR
194,840060750005,2025-12-28,7.24,9.1,81.83,0,1.37,61.17,1025.56,9033.76,3,6.7,680.0,0.064,PM2.5-1HR
194,840060811001,2025-12-28,5.08,8.64,80.33,0,0.88,89.57,1025.5,3957.15,0,2.5,680.0,0.461,PM2.5-1HR
194,840060010009,2025-12-29,3.21,9.03,70.25,0,2.51,60.87,1024.94,8052.33,0,2.5,680.0,0.019,PM2.5-1HR
194,840060010011,2025-12-29,7.06,8.99,65.58,0,3.67,51.99,1025.14,6051.26,1.33,4.362,680.0,0.037,PM2.5-1HR
194,840060010012,2025-12-29,3.87,8.99,65.58,0,3.67,51.99,1025.14,3318.36,1,3.9,680.0,0.018,PM2.5-1HR
194,840060010013,2025-12-29,4.14,9.36,65.04,0,3.62,49.95,1025.25,1028.04,1.33,4.362,680.0,0.021,PM2.5-1HR
194,840060010015,2025-12-29,4.94,7.15,85,0,2.37,55.08,1025.55,1439,0,2.5,680.0,0.032,PM2.5-1HR
194,840060130002,2025-12-29,3.86,8.46,70,0,2.29,69.06,1025.77,1908.17,0,2.5,680.0,0.019,PM2.5-1HR
194,840060131004,2025-12-29,3.98,9.09,64.96,0,3.62,49.95,1025.25,5160.29,0,2.5,680.0,0.044,PM2.5-1HR
194,840060410001,2025-12-29,4.02,8.11,74.33,0,1.13,48.01,1025.5,2386.23,0,2.5,680.0,0.135,PM2.5-1HR
194,840060750005,2025-12-29,5.58,10,62.17,0,3.24,47.77,1025.09,9033.76,2,5.3,680.0,0.064,PM2.5-1HR
194,840060811001,2025-12-29,3.78,8.42,80.88,0,0.47,89.27,1025.08,3957.15,1,3.9,680.0,0.461,PM2.5-1HR
194,840060010009,2025-12-30,7.83,6.89,84.58,0,2.55,58.24,1021.98,8052.33,4,8.1,680.0,0.019,PM2.5-1HR
194,840060010011,2025-12-30,11.23,6.45,88.38,0,2.97,46.29,1022.25,6051.26,4.33,8.562,680.0,0.037,PM2.5-1HR
194,840060010012,2025-12-30,8.84,6.45,88.38,0,2.97,46.29,1022.25,3318.36,4.25,8.45,680.0,0.018,PM2.5-1HR
194,840060010013,2025-12-30,7.17,7.18,85.96,0.02,4.39,41.12,1022.47,1028.04,4.33,8.562,680.0,0.021,PM2.5-1HR
194,840060010015,2025-12-30,9.49,4.39,96.25,0.01,2.74,55.67,1022.97,1439,6,10.9,680.0,0.032,PM2.5-1HR
194,840060130002,2025-12-30,7.3,6.23,91.5,0.03,2.18,68.4,1023.15,1908.17,0,2.5,680.0,0.019,PM2.5-1HR
194,840060131004,2025-12-30,10.35,6.9,85.83,0.02,4.39,41.12,1022.47,5160.29,5,9.5,680.0,0.044,PM2.5-1HR
194,840060410001,2025-12-30,8.55,6.58,91.71,0,1.97,39.74,1022.99,2386.23,1,3.9,680.0,0.135,PM2.5-1HR
194,840060750005,2025-12-30,9.99,7.79,83.17,0,3.2,31.45,1022.1,9033.76,5,9.5,680.0,0.064,PM2.5-1HR
194,840060811001,2025-12-30,6,6.89,88.71,0,0.58,93.87,1022.05,3957.15,1,3.9,680.0,0.461,PM2.5-1HR
194,840060010009,2025-12-31,6.9,9.33,87.21,0.9,2.71,67.72,1015.97,8052.33,2,5.3,680.0,0.019,PM2.5-1HR
194,840060010011,2025-12-31,8.57,9.28,88.13,1.22,2.97,48.19,1016.22,6051.26,4.33,8.562,680.0,0.037,PM2.5-1HR
194,840060010012,2025-12-31,9.65,9.28,88.13,1.22,2.97,48.19,1016.22,3318.36,3.25,7.05,680.0,0.018,PM2.5-1HR
194,840060010013,2025-12-31,7.67,9.52,83.63,1.08,4.32,47.54,1016.35,1028.04,4.33,8.562,680.0,0.021,PM2.5-1HR
194,840060010015,2025-12-31,10.13,7.07,96.54,0.75,2.89,52.84,1016.83,1439,5,9.5,680.0,0.032,PM2.5-1HR
194,840060130002,2025-12-31,7.68,9.06,89.71,0.86,2.43,62.7,1017.03,1908.17,3,6.7,680.0,0.019,PM2.5-1HR
194,840060131004,2025-12-31,7.74,9.24,83.54,1.08,4.32,47.54,1016.35,5160.29,3,6.7,680.0,0.044,PM2.5-1HR
194,840060410001,2025-12-31,6.77,8.49,92.75,0.99,2.29,50.56,1016.93,2386.23,1,3.9,680.0,0.135,PM2.5-1HR
194,840060750005,2025-12-31,8.74,9.79,84.71,0.85,2.98,37.26,1016.03,9033.76,5,9.5,680.0,0.064,PM2.5-1HR
194,840060811001,2025-12-31,10.97,8.75,96.25,0.95,0.89,116.01,1016.05,3957.15,3,6.7,680.0,0.461,PM2.5-1HR
194,840060010009,2026-01-01,3.37,12.54,92.17,0.63,3.36,130.64,1012.83,8161,0.5,3.2,680.0,0.019,PM2.5-1HR
194,840060010011,2026-01-01,3.94,12.03,95.38,0.57,3.38,132.16,1012.81,6169.93,1,3.9,680.0,0.037,PM2.5-1HR
194,840060010012,2026-01-01,5.9,12.03,95.38,0.57,3.38,132.16,1012.81,3394.18,0.75,3.55,680.0,0.018,PM2.5-1HR
194,840060010013,2026-01-01,3,11.69,94.04,0.53,3.72,113.17,1012.73,1054.12,1,3.9,680.0,0.021,PM2.5-1HR
194,840060010015,2026-01-01,3.17,11.44,92.08,0.57,2.67,140.89,1013.2,1481.82,0,2.5,680.0,0.032,PM2.5-1HR
194,840060130002,2026-01-01,3.48,12.31,93.08,0.48,2.79,140.94,1013.03,1916.52,0,2.5,680.0,0.019,PM2.5-1HR
194,840060131004,2026-01-01,2.92,11.42,94.04,0.53,3.72,113.17,1012.73,5226.97,0,2.5,680.0,0.044,PM2.5-1HR
194,840060410001,2026-01-01,1.64,11.39,97.54,0.95,2.87,114.71,1012.93,2402.3,0,2.5,680.0,0.135,PM2.5-1HR
194,840060750005,2026-01-01,4.13,12.23,92.96,0.53,3.05,95.57,1012.63,9386.17,0,2.5,680.0,0.064,PM2.5-1HR
194,840060811001,2026-01-01,3.79,12.21,93.79,0.52,2.14,140.07,1012.67,4011.86,2,5.3,680.0,0.461,PM2.5-1HR
194,840060010009,2026-01-02,2.34,14.31,80.92,0.14,4.44,143.73,1012.8,8161,0,2.5,680.0,0.019,PM2.5-1HR
194,840060010011,2026-01-02,3.41,14.25,83.67,0.35,4.61,151.19,1012.68,6169.93,0,2.5,680.0,0.037,PM2.5-1HR
194,840060010012,2026-01-02,9.38,14.25,83.67,0.35,4.61,151.19,1012.68,3394.18,0,2.5,680.0,0.018,PM2.5-1HR
194,840060010013,2026-01-02,1.77,14.15,82.96,0.38,5.06,153.08,1012.46,1054.12,0,2.5,680.0,0.021,PM2.5-1HR
194,840060010015,2026-01-02,1.67,13.23,83.71,0.1,2.31,137.86,1013.03,1481.82,0,2.5,680.0,0.032,PM2.5-1HR
194,840060130002,2026-01-02,2.58,14.04,84.88,0.2,3.2,156.59,1012.77,1916.52,0,2.5,680.0,0.019,PM2.5-1HR
194,840060131004,2026-01-02,4.33,13.88,82.92,0.38,5.06,153.08,1012.46,5226.97,0,2.5,680.0,0.044,PM2.5-1HR
194,840060410001,2026-01-02,1.77,13.58,90.75,0.6,4.1,157.1,1012.42,2402.3,0,2.5,680.0,0.135,PM2.5-1HR
194,840060750005,2026-01-02,3.57,13.89,84.96,0.41,4.89,137.37,1012.48,9386.17,0,2.5,680.0,0.064,PM2.5-1HR
194,840060811001,2026-01-02,1.83,13.61,85.21,0.08,3.98,142.24,1012.61,4011.86,0,2.5,680.0,0.461,PM2.5-1HR
194,840060010009,2026-01-03,2.67,13.41,89.58,0.32,4.51,174.5,1010.7,8161,0.5,3.2,680.0,0.019,PM2.5-1HR
194,840060010011,2026-01-03,4.2,13.32,90.54,0.36,5.47,181.83,1010.39,6169.93,0.33,2.962,680.0,0.037,PM2.5-1HR
194,840060010012,2026-01-03,4.24,13.32,90.54,0.36,5.47,181.83,1010.39,3394.18,0.25,2.85,680.0,0.018,PM2.5-1HR
194,840060010013,2026-01-03,2.84,13.62,86.21,0.31,6.3,184.15,1009.99,1054.12,0.33,2.962,680.0,0.021,PM2.5-1HR
194,840060010015,2026-01-03,2.12,13,89.21,0.45,4.74,195.13,1010.82,1481.82,0,2.5,680.0,0.032,PM2.5-1HR
194,840060130002,2026-01-03,0.63,13.69,88.29,0.13,5.22,189.34,1010.23,1916.52,0,2.5,680.0,0.019,PM2.5-1HR
194,840060131004,2026-01-03,7.07,13.35,86.21,0.31,6.3,184.15,1009.99,5226.97,1,3.9,680.0,0.044,PM2.5-1HR
194,840060410001,2026-01-03,3.31,13.25,91.5,0.44,6.27,190.29,1009.75,2402.3,0,2.5,680.0,0.135,PM2.5-1HR
194,840060750005,2026-01-03,3.66,13.94,84.38,0.15,6.07,182.99,1010.12,9386.17,1,3.9,680.0,0.064,PM2.5-1HR
194,840060811001,2026-01-03,2.2,13.52,86.25,0.1,4.52,181.11,1010.5,4011.86,0,2.5,680.0,0.461,PM2.5-1HR
194,840060010009,2026-01-04,4.37,11.08,95.25,0.77,2.87,175.05,1012.13,8161,1,3.9,680.0,0.019,PM2.5-1HR
194,840060010011,2026-01-04,5.23,11.17,97,0.88,3.51,191.75,1011.9,6169.93,1.33,4.362,680.0,0.037,PM2.5-1HR
194,840060010012,2026-01-04,4.12,11.17,97,0.88,3.51,191.75,1011.9,3394.18,1.25,4.25,680.0,0.018,PM2.5-1HR
194,840060010013,2026-01-04,3.12,11.53,91.92,0.61,3.86,191.88,1011.58,1054.12,1.33,4.362,680.0,0.021,PM2.5-1HR
194,840060010015,2026-01-04,4.22,10.61,94.96,0.72,2.72,212.07,1012.2,1481.82,1,3.9,680.0,0.032,PM2.5-1HR
194,840060130002,2026-01-04,2.2,11.35,93.83,0.66,3.63,195.12,1011.76,1916.52,0,2.5,680.0,0.019,PM2.5-1HR
194,840060131004,2026-01-04,6,11.25,91.92,0.61,3.86,191.88,1011.58,5226.97,1,3.9,680.0,0.044,PM2.5-1HR
194,840060410001,2026-01-04,0.5,11.25,93.38,0.67,2.85,201.48,1011.39,2402.3,0,2.5,680.0,0.135,PM2.5-1HR
194,840060750005,2026-01-04,4.62,11.76,91.21,0.9,3.63,199.06,1011.69,9386.17,1,3.9,680.0,0.064,PM2.5-1HR
194,840060811001,2026-01-04,3.98,11.01,93.83,0.73,2.18,187.86,1012.06,4011.86,1,3.9,680.0,0.461,PM2.5-1HR
194,840060010009,2026-01-05,1.42,11.23,89.13,1.1,4.66,144.67,1013.58,8161,0.5,3.2,680.0,0.019,PM2.5-1HR
194,840060010011,2026-01-05,4.89,11.08,91.79,1.05,5.16,152.5,1013.4,6169.93,0.67,3.438,680.0,0.037,PM2.5-1HR
194,840060010012,2026-01-05,3.75,11.08,91.79,1.05,5.16,152.5,1013.4,3394.18,0.5,3.2,680.0,0.018,PM2.5-1HR
194,840060010013,2026-01-05,1.38,11.4,88.79,0.87,5.56,152.42,1013.02,1054.12,0.67,3.438,680.0,0.021,PM2.5-1HR
194,840060010015,2026-01-05,2.34,11.05,85.42,0.82,3.09,162.22,1013.89,1481.82,0,2.5,680.0,0.032,PM2.5-1HR
194,840060130002,2026-01-05,2.52,11.5,86.63,1.03,4.21,156.01,1013.46,1916.52,0,2.5,680.0,0.019,PM2.5-1HR
194,840060131004,2026-01-05,4.71,11.11,88.79,0.87,5.56,152.42,1013.02,5226.97,0,2.5,680.0,0.044,PM2.5-1HR
194,840060410001,2026-01-05,0,10.94,94.17,1.16,4.6,156.08,1012.88,2402.3,0,2.5,680.0,0.135,PM2.5-1HR
194,840060750005,2026-01-05,2.79,11.53,88.46,0.89,5.21,144.27,1013.06,9386.17,0,2.5,680.0,0.064,PM2.5-1HR
194,840060811001,2026-01-05,1.29,10.84,91.21,1.47,3.93,151.11,1013.38,4011.86,0,2.5,680.0,0.461,PM2.5-1HR
194,840060010009,2026-01-06,3.33,12.26,85.54,0.04,1.34,34.37,1017.89,8161,0,2.5,680.0,0.019,PM2.5-1HR
194,840060010011,2026-01-06,5.69,11.64,89.96,0.03,1.46,52.19,1018.08,6169.93,1,3.9,680.0,0.037,PM2.5-1HR
194,840060010012,2026-01-06,3.75,11.64,89.96,0.03,1.46,52.19,1018.08,3394.18,0.75,3.55,680.0,0.018,PM2.5-1HR
194,840060010013,2026-01-06,3.82,11.67,90.21,0.06,1.62,16.45,1018.11,1054.12,1,3.9,680.0,0.021,PM2.5-1HR
194,840060010015,2026-01-06,3.74,11.6,88.71,0.07,1.58,47,1018.04,1481.82,0,2.5,680.0,0.032,PM2.5-1HR
194,840060130002,2026-01-06,2.6,11.78,89.75,0.01,1.37,82.97,1018.17,1916.52,0,2.5,680.0,0.019,PM2.5-1HR
194,840060131004,2026-01-06,4.27,11.4,90.17,0.06,1.62,16.45,1018.11,5226.97,1,3.9,680.0,0.044,PM2.5-1HR
194,840060410001,2026-01-06,2.19,11.31,91.33,0.05,1.45,27.93,1018.25,2402.3,0,2.5,680.0,0.135,PM2.5-1HR
194,840060750005,2026-01-06,5.33,12.12,88.5,0.1,2,17.22,1017.95,9386.17,1,3.9,680.0,0.064,PM2.5-1HR
194,840060811001,2026-01-06,4.9,11.68,89.42,0.09,1.6,228.49,1017.84,4011.86,0,2.5,680.0,0.461,PM2.5-1HR
194,840060010009,2026-01-07,3.67,11.08,85.42,0.02,2.61,268.83,1018.21,8161,1.5,4.6,680.0,0.019,PM2.5-1HR
194,840060010011,2026-01-07,8.96,11.18,85.33,0.02,2.35,249,1018.08,6169.93,2.67,6.238,680.0,0.037,PM2.5-1HR
194,840060010012,2026-01-07,7.87,11.18,85.33,0.02,2.35,249,1018.08,3394.18,2,5.3,680.0,0.018,PM2.5-1HR
194,840060010013,2026-01-07,4.13,11.58,81.92,0.01,2.63,270.44,1017.96,1054.12,2.67,6.238,680.0,0.021,PM2.5-1HR
194,840060010015,2026-01-07,4,10.15,89.25,0,2.52,255.37,1018.08,1481.82,1,3.9,680.0,0.032,PM2.5-1HR
194,840060130002,2026-01-07,1.99,11.28,85.17,0,2.68,236.76,1017.83,1916.52,0,2.5,680.0,0.019,PM2.5-1HR
194,840060131004,2026-01-07,5.36,11.32,81.92,0.01,2.63,270.44,1017.96,5226.97,0,2.5,680.0,0.044,PM2.5-1HR
194,840060410001,2026-01-07,3.05,11.44,82.67,0,3.31,279.67,1017.88,2402.3,0,2.5,680.0,0.135,PM2.5-1HR
194,840060750005,2026-01-07,5.13,11.78,82.21,0,3.23,265.83,1018.12,9386.17,1,3.9,680.0,0.064,PM2.5-1HR
194,840060811001,2026-01-07,2.43,11.1,84.5,0.03,3.07,267.88,1018.39,4011.86,0,2.5,680.0,0.461,PM2.5-1HR
194,840060010009,2026-01-08,4.09,9.56,61.58,0,3.7,335.19,1024.21,8161,0,2.5,680.0,0.019,PM2.5-1HR
194,840060010011,2026-01-08,4.98,9.23,63.08,0,3.63,337.03,1024.33,6169.93,0.33,2.962,680.0,0.037,PM2.5-1HR
194,840060010012,2026-01-08,3.59,9.23,63.08,0,3.63,337.03,1024.33,3394.18,0.25,2.85,680.0,0.018,PM2.5-1HR
194,840060010013,2026-01-08,3.63,9.79,60.08,0,4.18,336.49,1024.38,1054.12,0.33,2.962,680.0,0.021,PM2.5-1HR
194,840060010015,2026-01-08,2.89,8.48,62.96,0,3.45,321.28,1024.1,1481.82,0,2.5,680.0,0.032,PM2.5-1HR
194,840060130002,2026-01-08,2.69,8.92,64.71,0,3.05,317.36,1024.23,1916.52,0,2.5,680.0,0.019,PM2.5-1HR
194,840060131004,2026-01-08,3.74,9.53,60.04,0,4.18,336.49,1024.38,5226.97,1,3.9,680.0,0.044,PM2.5-1HR
194,840060410001,2026-01-08,1.59,9.5,58.67,0,3.83,329.68,1024.46,2402.3,0,2.5,680.0,0.135,PM2.5-1HR
194,840060750005,2026-01-08,4.77,10.15,58.33,0,3.91,339.46,1024.4,9386.17,2,5.3,680.0,0.064,PM2.5-1HR
194,840060811001,2026-01-08,2.48,9.78,62.75,0,4.31,325.6,1024.37,4011.86,0,2.5,680.0,0.461,PM2.5-1HR
194,840060010009,2026-01-09,5.76,7.83,63.21,0,2.51,54.1,1029.74,8161,0,2.5,680.0,0.019,PM2.5-1HR
194,840060010011,2026-01-09,8.85,7.9,61.21,0,3.29,48.43,1029.82,6169.93,1,3.9,680.0,0.037,PM2.5-1HR
194,840060010012,2026-01-09,5.69,7.9,61.21,0,3.29,48.43,1029.82,3394.18,0.75,3.55,680.0,0.018,PM2.5-1HR
194,840060010013,2026-01-09,3,8.89,60.38,0,2.78,43.93,1029.85,1054.12,1,3.9,680.0,0.021,PM2.5-1HR
194,840060010015,2026-01-09,3.25,6.63,69.33,0,2.11,59.22,1030.13,1481.82,0,2.5,680.0,0.032,PM2.5-1HR
194,840060130002,2026-01-09,4.58,7.9,63,0,2.84,60.57,1030.22,1916.52,0,2.5,680.0,0.019,PM2.5-1HR
194,840060131004,2026-01-09,4.88,8.62,60.38,0,2.78,43.93,1029.85,5226.97,1,3.9,680.0,0.044,PM2.5-1HR
194,840060410001,2026-01-09,4.63,8.41,62.58,0,1.38,34.73,1029.98,2402.3,0,2.5,680.0,0.135,PM2.5-1HR
194,840060750005,2026-01-09,5.71,8.9,58.63,0,2.45,52.6,1029.82,9386.17,1,3.9,680.0,0.064,PM2.5-1HR
194,840060811001,2026-01-09,4.9,8.17,67.92,0,1.18,52.55,1029.83,4011.86,0,2.5,680.0,0.461,PM2.5-1HR
194,840060010009,2026-01-10,7.37,7.63,77.29,0,2.47,62.31,1031.42,8161,5.5,10.2,680.0,0.019,PM2.5-1HR
194,840060010011,2026-01-10,13.11,7.24,81.13,0,2.82,47.19,1031.62,6169.93,6,10.9,680.0,0.037,PM2.5-1HR
194,840060010012,2026-01-10,11.55,7.24,81.13,0,2.82,47.19,1031.62,3394.18,5.5,10.2,680.0,0.018,PM2.5-1HR
194,840060010013,2026-01-10,8.73,8.69,75.25,0,3.74,45.44,1031.75,1054.12,6,10.9,680.0,0.021,PM2.5-1HR
194,840060010015,2026-01-10,8.19,6.11,85.92,0,2.33,59.32,1032.13,1481.82,2,5.3,680.0,0.032,PM2.5-1HR
194,840060130002,2026-01-10,5.72,7.32,80.83,0,1.92,65.07,1032.19,1916.52,2,5.3,680.0,0.019,PM2.5-1HR
194,840060131004,2026-01-10,9.94,8.41,75.25,0,3.74,45.44,1031.75,5226.97,5,9.5,680.0,0.044,PM2.5-1HR
194,840060410001,2026-01-10,5.94,7.89,79.71,0,1.61,56.74,1032.06,2402.3,4,8.1,680.0,0.135,PM2.5-1HR
194,840060750005,2026-01-10,8.49,8.89,74.75,0,2.77,33.75,1031.51,9386.17,5,9.5,680.0,0.064,PM2.5-1HR
194,840060811001,2026-01-10,5.44,7.4,84.13,0,0.57,119.75,1031.49,4011.86,3,6.7,680.0,0.461,PM2.5-1HR
194,840060010009,2026-01-14,12.75,9.77,81.79,0,1.5,33.94,1022.9,8161,9.5,15.8,680.0,0.019,PM2.5-1HR
194,840060010011,2026-01-14,24.38,9.96,76.83,0,2.32,48.06,1023.02,6169.93,11.67,18.838,680.0,0.037,PM2.5-1HR
194,840060010012,2026-01-14,25.05,9.96,76.83,0,2.32,48.06,1023.02,3394.18,9.5,15.8,680.0,0.018,PM2.5-1HR
194,840060010013,2026-01-14,17.38,10.19,79.83,0,2.94,18.8,1023.36,1054.12,11.67,18.838,680.0,0.021,PM2.5-1HR
194,840060010015,2026-01-14,11.11,9.41,77.21,0,1.77,53.64,1023.27,1481.82,8,13.7,680.0,0.032,PM2.5-1HR
194,840060130002,2026-01-14,16.22,10.38,74.33,0,1.26,61.06,1023.55,1916.52,11,17.9,680.0,0.019,PM2.5-1HR
194,840060131004,2026-01-14,19.99,9.91,79.79,0,2.94,18.8,1023.36,5226.97,9,15.1,680.0,0.044,PM2.5-1HR
194,840060410001,2026-01-14,14.98,9.42,82.5,0,1.05,354.2,1023.6,2402.3,10,16.5,680.0,0.135,PM2.5-1HR
194,840060750005,2026-01-14,20.58,10.52,78.08,0,2.78,12.37,1023.13,9386.17,10,16.5,680.0,0.064,PM2.5-1HR
194,840060811001,2026-01-14,12.24,10.65,72.88,0,0.54,254.35,1023.02,4011.86,8,13.7,680.0,0.461,PM2.5-1HR
194,840060010009,2026-01-15,16.88,10.52,79.17,0,2.23,63.6,1018.23,8161,7.5,13.0,680.0,0.019,PM2.5-1HR
194,840060010011,2026-01-15,27.42,10.32,78.88,0,2.62,55.36,1018.39,6169.93,14,22.1,680.0,0.037,PM2.5-1HR
194,840060010012,2026-01-15,22.22,10.32,78.88,0,2.62,55.36,1018.39,3394.18,11.75,18.95,680.0,0.018,PM2.5-1HR
194,840060010013,2026-01-15,20.87,11.55,75.04,0,3.64,39.3,1018.6,1054.12,14,22.1,680.0,0.021,PM2.5-1HR
194,840060010015,2026-01-15,14.85,8.85,87.21,0,2.32,57.16,1019.03,1481.82,7,12.3,680.0,0.032,PM2.5-1HR
194,840060130002,2026-01-15,13.37,11.04,73.96,0,1.86,76.18,1019.12,1916.52,5,9.5,680.0,0.019,PM2.5-1HR
194,840060131004,2026-01-15,16,11.27,75,0,3.64,39.3,1018.6,5226.97,7,12.3,680.0,0.044,PM2.5-1HR
194,840060410001,2026-01-15,16.12,10.67,79.08,0,1.17,29.73,1019.04,2402.3,3,6.7,680.0,0.135,PM2.5-1HR
194,840060750005,2026-01-15,23.11,11.08,79.13,0,2.27,37.95,1018.38,9386.17,13,20.7,680.0,0.064,PM2.5-1HR
194,840060811001,2026-01-15,11.39,10.26,82,0,0.39,164.26,1018.4,4011.86,6,10.9,680.0,0.461,PM2.5-1HR
194,840060010009,2026-01-16,6.57,11.29,78.04,0,1.39,47.47,1018.21,8161,4,8.1,680.0,0.019,PM2.5-1HR
194,840060010011,2026-01-16,18.14,12.3,66.38,0,2.48,54.33,1018.32,6169.93,5.67,10.438,680.0,0.037,PM2.5-1HR
194,840060010012,2026-01-16,15.52,12.3,66.38,0,2.48,54.33,1018.32,3394.18,4.75,9.15,680.0,0.018,PM2.5-1HR
194,840060010013,2026-01-16,13.05,12.66,66.42,0,2.9,31.87,1018.5,1054.12,5.67,10.438,680.0,0.021,PM2.5-1HR
194,840060010015,2026-01-16,8.96,11.12,76.04,0,1.5,48.77,1018.44,1481.82,6,10.9,680.0,0.032,PM2.5-1HR
194,840060130002,2026-01-16,9.69,12.86,63.71,0,1.19,66.5,1018.79,1916.52,2,5.3,680.0,0.019,PM2.5-1HR
194,840060131004,2026-01-16,11.66,12.38,66.38,0,2.9,31.87,1018.5,5226.97,4,8.1,680.0,0.044,PM2.5-1HR
194,840060410001,2026-01-16,8.43,11.36,69.75,0,0.88,356.1,1018.64,2402.3,2,5.3,680.0,0.135,PM2.5-1HR
194,840060750005,2026-01-16,14.49,12.02,69.58,0,2.41,32.66,1018.36,9386.17,6,10.9,680.0,0.064,PM2.5-1HR
194,840060811001,2026-01-16,8.45,11.68,73.04,0,0.5,213.46,1018.3,4011.86,3,6.7,680.0,0.461,PM2.5-1HR
194,840060010009,2026-01-17,13.74,10.31,79.92,0,1.87,62.17,1020.27,8161,5.5,10.2,680.0,0.019,PM2.5-1HR
194,840060010011,2026-01-17,18.45,10.2,79.63,0,2.48,49.5,1020.42,6169.93,8,13.7,680.0,0.037,PM2.5-1HR
194,840060010012,2026-01-17,15.28,10.2,79.63,0,2.48,49.5,1020.42,3394.18,7,12.3,680.0,0.018,PM2.5-1HR
194,840060010013,2026-01-17,15.43,11.37,75,0,3.62,34.63,1020.67,1054.12,8,13.7,680.0,0.021,PM2.5-1HR
194,840060010015,2026-01-17,10.8,9.1,85.63,0,2.21,58.28,1020.86,1481.82,7,12.3,680.0,0.032,PM2.5-1HR
194,840060130002,2026-01-17,12.75,10.3,78.79,0,1.48,65.77,1021.04,1916.52,4,8.1,680.0,0.019,PM2.5-1HR
194,840060131004,2026-01-17,15.23,11.1,75,0,3.62,34.63,1020.67,5226.97,7,12.3,680.0,0.044,PM2.5-1HR
194,840060410001,2026-01-17,14.02,9.9,80.63,0,1.15,18.59,1021.03,2402.3,5,9.5,680.0,0.135,PM2.5-1HR
194,840060750005,2026-01-17,17.19,11.28,76.21,0,2.61,24.07,1020.42,9386.17,8,13.7,680.0,0.064,PM2.5-1HR
194,840060811001,2026-01-17,7.91,10.4,79.25,0,0.29,171.42,1020.4,4011.86,5,9.5,680.0,0.461,PM2.5-1HR
194,840060010009,2026-01-18,11.6,10.73,82.88,0,1.46,59.79,1020.53,8161,7.5,13.0,680.0,0.019,PM2.5-1HR
194,840060010011,2026-01-18,15.62,10.23,82.58,0,2.12,49.27,1020.63,6169.93,7.67,13.238,680.0,0.037,PM2.5-1HR
194,840060010012,2026-01-18,21.16,10.23,82.58,0,2.12,49.27,1020.63,3394.18,7.5,13.0,680.0,0.018,PM2.5-1HR
194,840060010013,2026-01-18,14.76,11.33,79.63,0,3.1,24.99,1020.92,1054.12,7.67,13.238,680.0,0.021,PM2.5-1HR
194,840060010015,2026-01-18,11.14,9.65,86.79,0,2,54.23,1020.99,1481.82,5,9.5,680.0,0.032,PM2.5-1HR
194,840060130002,2026-01-18,10.22,10.98,77.79,0,1.31,70.96,1021.13,1916.52,6,10.9,680.0,0.019,PM2.5-1HR
194,840060131004,2026-01-18,13.88,11.03,79.54,0,3.1,24.99,1020.92,5226.97,7,12.3,680.0,0.044,PM2.5-1HR
194,840060410001,2026-01-18,12.1,10.21,82.08,0,1.1,1.43,1021.25,2402.3,9,15.1,680.0,0.135,PM2.5-1HR
194,840060750005,2026-01-18,15.83,11.21,80.13,0,2.44,19.68,1020.7,9386.17,12,19.3,680.0,0.064,PM2.5-1HR
194,840060811001,2026-01-18,14.91,10.71,84,0,0.39,201.33,1020.66,4011.86,8,13.7,680.0,0.461,PM2.5-1HR
194,840060010009,2026-01-19,7.95,10.27,78.04,0,1.22,32.28,1018.97,8161,3,6.7,680.0,0.019,PM2.5-1HR
194,840060010011,2026-01-19,15.65,9.94,75.33,0,1.8,51.19,1019.05,6169.93,6,10.9,680.0,0.037,PM2.5-1HR
194,840060010012,2026-01-19,15.02,9.94,75.33,0,1.8,51.19,1019.05,3394.18,4.5,8.8,680.0,0.018,PM2.5-1HR
194,840060010013,2026-01-19,9.16,9.85,83.83,0,2.34,22.56,1019.36,1054.12,6,10.9,680.0,0.021,PM2.5-1HR
194,840060010015,2026-01-19,6.7,9.58,81.96,0,1.4,47.19,1019.17,1481.82,1,3.9,680.0,0.032,PM2.5-1HR
194,840060130002,2026-01-19,8.33,10.78,71.13,0,1.02,65.68,1019.48,1916.52,1,3.9,680.0,0.019,PM2.5-1HR
194,840060131004,2026-01-19,9.64,9.57,83.79,0,2.34,22.56,1019.36,5226.97,2,5.3,680.0,0.044,PM2.5-1HR
194,840060410001,2026-01-19,8.21,9.67,84.21,0,0.95,357.21,1019.5,2402.3,3,6.7,680.0,0.135,PM2.5-1HR
194,840060750005,2026-01-19,14.31,10.23,83.42,0,2.04,11.4,1019.21,9386.17,5,9.5,680.0,0.064,PM2.5-1HR
194,840060811001,2026-01-19,9.79,11.02,74.92,0,0.74,254.2,1019.08,4011.86,6,10.9,680.0,0.461,PM2.5-1HR
194,840060010009,2026-01-20,9.31,9.6,86.08,0,1.91,64.87,1019.38,8161,6.5,11.6,680.0,0.019,PM2.5-1HR
194,840060010011,2026-01-20,13.9,9.22,86.92,0,2.38,45.87,1019.53,6169.93,6.67,11.838,680.0,0.037,PM2.5-1HR
194,840060010012,2026-01-20,13.71,9.22,86.92,0,2.38,45.87,1019.53,3394.18,6.25,11.25,680.0,0.018,PM2.5-1HR
194,840060010013,2026-01-20,10.06,9.8,83.79,0,3.44,33.06,1019.79,1054.12,6.67,11.838,680.0,0.021,PM2.5-1HR
194,840060010015,2026-01-20,9.11,7.78,93.38,0,2.14,58.64,1020.05,1481.82,4,8.1,680.0,0.032,PM2.5-1HR
194,840060130002,2026-01-20,8.5,8.95,89.92,0,1.61,65.02,1020.18,1916.52,4,8.1,680.0,0.019,PM2.5-1HR
194,840060131004,2026-01-20,9.67,9.52,83.79,0,3.44,33.06,1019.79,5226.97,6,10.9,680.0,0.044,PM2.5-1HR
194,840060410001,2026-01-20,9.71,8.9,89.54,0,1.37,36,1020.12,2402.3,6,10.9,680.0,0.135,PM2.5-1HR
194,840060750005,2026-01-20,12.32,10.27,83,0,2.63,19.7,1019.49,9386.17,6,10.9,680.0,0.064,PM2.5-1HR
194,840060811001,2026-01-20,10.51,9.26,86.54,0,0.3,118.14,1019.48,4011.86,4,8.1,680.0,0.461,PM2.5-1HR
194,840060010009,2026-01-21,11.21,10.27,85.21,0,1.29,53.94,1018.28,8161,8.5,14.4,680.0,0.019,PM2.5-1HR
194,840060010011,2026-01-21,16.82,9.6,86.88,0,1.5,49.79,1018.37,6169.93,10,16.5,680.0,0.037,PM2.5-1HR
194,840060010012,2026-01-21,17.45,9.6,86.88,0,1.5,49.79,1018.37,3394.18,8.75,14.75,680.0,0.018,PM2.5-1HR
194,840060010013,2026-01-21,12.62,9.94,83.75,0,2.23,25.7,1018.56,1054.12,10,16.5,680.0,0.021,PM2.5-1HR
194,840060010015,2026-01-21,10.96,8.55,91.17,0,1.63,47.9,1018.6,1481.82,7,12.3,680.0,0.032,PM2.5-1HR
194,840060130002,2026-01-21,9.12,9.76,86.13,0,1.09,76.34,1018.74,1916.52,5,9.5,680.0,0.019,PM2.5-1HR
194,840060131004,2026-01-21,13.57,9.68,83.75,0,2.23,25.7,1018.56,5226.97,7,12.3,680.0,0.044,PM2.5-1HR
194,840060410001,2026-01-21,10.86,9.53,85.63,0,1.18,17.43,1018.79,2402.3,6,10.9,680.0,0.135,PM2.5-1HR
194,840060750005,2026-01-21,15.75,10.04,84.04,0,1.76,19.81,1018.39,9386.17,8,13.7,680.0,0.064,PM2.5-1HR
194,840060811001,2026-01-21,11.82,9.78,88,0,0.54,146.38,1018.3,4011.86,4,8.1,680.0,0.461,PM2.5-1HR
194,840060010009,2026-01-22,11.55,10.72,87.63,0,0.94,344.3,1016.2,8161,7.5,13.0,680.0,0.019,PM2.5-1HR
194,840060010011,2026-01-22,14.78,11.05,84,0,1.08,148.02,1016.13,6169.93,6.33,11.362,680.0,0.037,PM2.5-1HR
194,840060010012,2026-01-22,14.79,11.05,84,0,1.08,148.02,1016.13,3394.18,6.75,11.95,680.0,0.018,PM2.5-1HR
194,840060010013,2026-01-22,10.73,10.92,88.79,0,1.32,158.08,1016.17,1054.12,6.33,11.362,680.0,0.021,PM2.5-1HR
194,840060010015,2026-01-22,10.99,10.81,80.42,0,0.81,347.6,1016.02,1481.82,4,8.1,680.0,0.032,PM2.5-1HR
194,840060130002,2026-01-22,9.08,12.5,77.17,0,0.75,121.37,1015.96,1916.52,4,8.1,680.0,0.019,PM2.5-1HR
194,840060131004,2026-01-22,14.82,10.65,88.79,0,1.32,158.08,1016.17,5226.97,5,9.5,680.0,0.044,PM2.5-1HR
194,840060410001,2026-01-22,10.12,11.38,87.67,0,0.96,277.42,1016.11,2402.3,4,8.1,680.0,0.135,PM2.5-1HR
194,840060750005,2026-01-22,14.91,10.72,90.83,0,1.5,265.82,1016.22,9386.17,7,12.3,680.0,0.064,PM2.5-1HR
194,840060811001,2026-01-22,12.5,10.82,91.08,0,1.03,239.54,1016.2,4011.86,7,12.3,680.0,0.461,PM2.5-1HR
194,840060010009,2026-01-23,11.57,10.56,91.29,0,0.83,346.86,1014.37,8161,6.5,11.6,680.0,0.019,PM2.5-1HR
194,840060010011,2026-01-23,12.08,10.42,92.83,0,1.23,132.27,1014.38,6169.93,5.33,9.962,680.0,0.037,PM2.5-1HR
194,840060010012,2026-01-23,13.31,10.42,92.83,0,1.23,132.27,1014.38,3394.18,5.5,10.2,680.0,0.018,PM2.5-1HR
194,840060010013,2026-01-23,10.16,10.28,93.13,0.01,0.99,52.22,1014.36,1054.12,5.33,9.962,680.0,0.021,PM2.5-1HR
194,840060010015,2026-01-23,11.87,9.8,92.42,0,0.88,320.08,1014.34,1481.82,7,12.3,680.0,0.032,PM2.5-1HR
194,840060130002,2026-01-23,14.64,9.62,95.04,0,1.15,150.73,1014.4,1916.52,7,12.3,680.0,0.019,PM2.5-1HR
194,840060131004,2026-01-23,14.89,10.02,93.13,0.01,0.99,52.22,1014.36,5226.97,4,8.1,680.0,0.044,PM2.5-1HR
194,840060410001,2026-01-23,9.46,9.53,93.54,0,1.04,347.71,1014.41,2402.3,4,8.1,680.0,0.135,PM2.5-1HR
194,840060750005,2026-01-23,10.48,10.96,89.38,0,1.38,185.89,1014.31,9386.17,7,12.3,680.0,0.064,PM2.5-1HR
194,840060811001,2026-01-23,12.96,9.44,91.71,0,1.11,217.23,1014.41,4011.86,6,10.9,680.0,0.461,PM2.5-1HR
194,840060010009,2026-01-24,9.62,10.79,71.96,0,1.58,40.47,1015.18,8161,1.5,4.6,680.0,0.019,PM2.5-1HR
194,840060010011,2026-01-24,13.27,11.05,70.92,0,2.04,43.9,1015.25,6169.93,3.33,7.162,680.0,0.037,PM2.5-1HR
194,840060010012,2026-01-24,10.24,11.05,70.92,0,2.04,43.9,1015.25,3394.18,2.75,6.35,680.0,0.018,PM2.5-1HR
194,840060010013,2026-01-24,9.52,10.9,78.17,0,1.43,38.92,1015.31,1054.12,3.33,7.162,680.0,0.021,PM2.5-1HR
194,840060010015,2026-01-24,8.15,10.25,73.38,0,1.77,41.44,1015.26,1481.82,1,3.9,680.0,0.032,PM2.5-1HR
194,840060130002,2026-01-24,7.27,11.22,66.13,0,2.52,51.24,1015.45,1916.52,0,2.5,680.0,0.019,PM2.5-1HR
194,840060131004,2026-01-24,10.79,10.63,78.17,0,1.43,38.92,1015.31,5226.97,3,6.7,680.0,0.044,PM2.5-1HR
194,840060410001,2026-01-24,6.15,11.65,69.46,0,1.2,336.11,1015.33,2402.3,0,2.5,680.0,0.135,PM2.5-1HR
194,840060750005,2026-01-24,12.17,10.97,80,0,1.35,31.64,1015.28,9386.17,1,3.9,680.0,0.064,PM2.5-1HR
194,840060811001,2026-01-24,7.96,10.8,73.46,0,0.75,211.35,1015.33,4011.86,1,3.9,680.0,0.461,PM2.5-1HR
194,840060010009,2026-01-25,11.66,7.64,82.42,0,2.17,59.04,1021.88,8161,4.5,8.8,680.0,0.019,PM2.5-1HR
194,840060010011,2026-01-25,14.67,7.36,86.79,0,2.46,42.58,1022.15,6169.93,4,8.1,680.0,0.037,PM2.5-1HR
194,840060010012,2026-01-25,16.86,7.36,86.79,0,2.46,42.58,1022.15,3394.18,4.25,8.45,680.0,0.018,PM2.5-1HR
194,840060010013,2026-01-25,10.37,7.58,85.88,0,3.47,43.5,1022.31,1054.12,4,8.1,680.0,0.021,PM2.5-1HR
194,840060010015,2026-01-25,11.21,5.46,92.58,0,2.1,51.21,1022.59,1481.82,6,10.9,680.0,0.032,PM2.5-1HR
194,840060130002,2026-01-25,12.03,6.95,89.17,0,1.72,62.47,1022.69,1916.52,8,13.7,680.0,0.019,PM2.5-1HR
194,840060131004,2026-01-25,13.52,7.3,85.88,0,3.47,43.5,1022.31,5226.97,8,13.7,680.0,0.044,PM2.5-1HR
194,840060410001,2026-01-25,12.54,7.18,90.21,0,2.17,56.09,1022.63,2402.3,4,8.1,680.0,0.135,PM2.5-1HR
194,840060750005,2026-01-25,12.89,8.42,81.96,0,3.02,26.01,1021.98,9386.17,5,9.5,680.0,0.064,PM2.5-1HR
194,840060811001,2026-01-25,8.62,8.11,79.96,0,0.66,89.79,1021.88,4011.86,0,2.5,680.0,0.461,PM2.5-1HR
194,840060010009,2026-01-26,15.72,9.45,86.88,0,1.9,61.73,1024.73,8161,10.5,17.2,680.0,0.019,PM2.5-1HR
194,840060010011,2026-01-26,19.16,8.66,89.33,0,2.04,49.88,1024.9,6169.93,12,19.3,680.0,0.037,PM2.5-1HR
194,840060010012,2026-01-26,18.66,8.66,89.33,0,2.04,49.88,1024.9,3394.18,11.5,18.6,680.0,0.018,PM2.5-1HR
194,840060010013,2026-01-26,15.33,8.98,86.25,0,2.7,39.5,1025.02,1054.12,12,19.3,680.0,0.021,PM2.5-1HR
194,840060010015,2026-01-26,16.98,7.33,92.88,0,1.99,56.49,1025.45,1481.82,12,19.3,680.0,0.032,PM2.5-1HR
194,840060130002,2026-01-26,13.02,8.26,90.88,0,1.65,68.17,1025.48,1916.52,9,15.1,680.0,0.019,PM2.5-1HR
194,840060131004,2026-01-26,14.02,8.7,86.21,0,2.7,39.5,1025.02,5226.97,10,16.5,680.0,0.044,PM2.5-1HR
194,840060410001,2026-01-26,13.89,7.97,90.46,0,1.44,45.08,1025.37,2402.3,10,16.5,680.0,0.135,PM2.5-1HR
194,840060750005,2026-01-26,17.1,9.45,85.71,0,2.18,28.43,1024.8,9386.17,13,20.7,680.0,0.064,PM2.5-1HR
194,840060811001,2026-01-26,11.55,8.92,86.96,0,0.86,102.34,1024.76,4011.86,6,10.9,680.0,0.461,PM2.5-1HR
194,840060010009,2026-01-27,12.57,10.68,79.71,0.12,1.72,82.42,1024.96,8161,4,8.1,680.0,0.019,PM2.5-1HR
194,840060010011,2026-01-27,16,10.56,81.71,0.03,2,107.14,1024.93,6169.93,3,6.7,680.0,0.037,PM2.5-1HR
194,840060010012,2026-01-27,12.79,10.56,81.71,0.03,2,107.14,1024.93,3394.18,3.5,7.4,680.0,0.018,PM2.5-1HR
194,840060010013,2026-01-27,13.03,10.23,86.54,0.03,2.2,57.73,1025.05,1054.12,3,6.7,680.0,0.021,PM2.5-1HR
194,840060010015,2026-01-27,10.52,10.06,82.46,0.03,1.55,66.39,1025.1,1481.82,0,2.5,680.0,0.032,PM2.5-1HR
194,840060130002,2026-01-27,14.62,9.97,89.17,0.17,1.17,99.33,1025.23,1916.52,6,10.9,680.0,0.019,PM2.5-1HR
194,840060131004,2026-01-27,14.04,9.96,86.5,0.03,2.2,57.73,1025.05,5226.97,4,8.1,680.0,0.044,PM2.5-1HR
194,840060410001,2026-01-27,9.88,9.48,91.58,0.18,1.42,61.9,1025.21,2402.3,0,2.5,680.0,0.135,PM2.5-1HR
194,840060750005,2026-01-27,13.28,10.66,82.38,0.01,2.06,69.58,1024.94,9386.17,2,5.3,680.0,0.064,PM2.5-1HR
194,840060811001,2026-01-27,7.7,10.51,84.79,0.07,1.13,147.92,1024.89,4011.86,1,3.9,680.0,0.461,PM2.5-1HR
194,840060811001,2026-01-28,5.73,11.31,89.71,0,1.08,200.19,1028.12,4011.86,2,5.3,680.0,0.461,PM2.5-1HR
194,840060010009,2026-01-28,5.38,12.71,83.29,0,1.57,43.9,1027.97,8161,3,6.7,680.0,0.019,PM2.5-1HR
194,840060010011,2026-01-28,7.65,12.71,85.54,0.04,1.88,45.19,1028.1,6169.93,2.33,5.762,680.0,0.037,PM2.5-1HR
194,840060010012,2026-01-28,6.97,12.71,85.54,0.04,1.88,45.19,1028.1,3394.18,2.5,6.0,680.0,0.018,PM2.5-1HR
194,840060010013,2026-01-28,4.52,12.67,85.88,0.1,1.83,9.2,1028.18,1054.12,2.33,5.762,680.0,0.021,PM2.5-1HR
194,840060010015,2026-01-28,5.72,11.45,86.71,0,1.38,45.78,1028.15,1481.82,3,6.7,680.0,0.032,PM2.5-1HR
194,840060130002,2026-01-28,8.29,12,87.5,0.03,1.5,90.1,1028.33,1916.52,2,5.3,680.0,0.019,PM2.5-1HR
194,840060131004,2026-01-28,6.47,11.38,88.5,0.1,1.83,26.8,1028.27,5226.97,2,5.3,680.0,0.044,PM2.5-1HR
194,840060410001,2026-01-28,5.89,11.18,90.33,0.04,1.15,356.68,1028.39,2402.3,0,2.5,680.0,0.135,PM2.5-1HR
194,840060750005,2026-01-28,6.22,11.89,88.38,0.06,1.83,40.85,1028.15,9386.17,1,3.9,680.0,0.064,PM2.5-1HR
194,840060811001,2026-01-29,6.71,10.93,80.33,0,1.19,201.33,1026.73,4011.86,4,8.1,680.0,0.461,PM2.5-1HR
194,840060010009,2026-01-29,5.73,10.94,80.54,0,1.82,48.65,1026.42,8161,3.5,7.4,680.0,0.019,PM2.5-1HR
194,840060010011,2026-01-29,10.28,10.7,79.08,0,2,57.7,1026.54,6169.93,3,6.7,680.0,0.037,PM2.5-1HR
194,840060010012,2026-01-29,9.93,10.7,79.08,0,2,57.7,1026.54,3394.18,3,6.7,680.0,0.018,PM2.5-1HR
194,840060010013,2026-01-29,7.08,11.17,81.67,0,2.19,23.13,1026.7,1054.12,3,6.7,680.0,0.021,PM2.5-1HR
194,840060010015,2026-01-29,5.31,10.13,81.5,0,1.71,54.89,1026.8,1481.82,2,5.3,680.0,0.032,PM2.5-1HR
194,840060130002,2026-01-29,2.73,11.55,73.63,0,1.54,80.86,1026.87,1916.52,0,2.5,680.0,0.019,PM2.5-1HR
194,840060131004,2026-01-29,6.27,11.07,81.63,0,2.29,8.31,1026.92,5226.97,3,6.7,680.0,0.044,PM2.5-1HR
194,840060410001,2026-01-29,4.74,11.03,83.29,0,0.98,351.85,1027.1,2402.3,0,2.5,680.0,0.135,PM2.5-1HR
194,840060750005,2026-01-29,8.03,11.31,82.08,0,2.06,14.27,1026.79,9386.17,4,8.1,680.0,0.064,PM2.5-1HR
194,840060811001,2026-01-30,11.48,10.94,84.42,0,0.9,130.03,1025.46,4011.86,5,9.5,680.0,0.461,PM2.5-1HR
194,840060010009,2026-01-30,14.14,10.8,83.21,0,1.96,49.14,1025.69,8161,7.5,13.0,680.0,0.019,PM2.5-1HR
194,840060010011,2026-01-30,14.92,10.07,85.96,0,2.41,45.27,1025.91,6169.93,6.67,11.838,680.0,0.037,PM2.5-1HR
194,840060010012,2026-01-30,14.98,10.07,85.96,0,2.41,45.27,1025.91,3394.18,6.5,11.6,680.0,0.018,PM2.5-1HR
194,840060010013,2026-01-30,12.29,10.93,86.63,0,3.53,32.73,1026.13,1054.12,6.67,11.838,680.0,0.021,PM2.5-1HR
194,840060010015,2026-01-30,13.9,9.68,88.71,0,2.1,55.53,1026.3,1481.82,2,5.3,680.0,0.032,PM2.5-1HR
194,840060130002,2026-01-30,13.65,10.46,84.38,0,1.62,66.09,1026.48,1916.52,1,3.9,680.0,0.019,PM2.5-1HR
194,840060131004,2026-01-30,11.9,10.9,85.21,0,3.16,29.18,1025.77,5226.97,6,10.9,680.0,0.044,PM2.5-1HR
194,840060410001,2026-01-30,10.62,10.15,89,0,1.26,20.15,1026.11,2402.3,1,3.9,680.0,0.135,PM2.5-1HR
194,840060750005,2026-01-30,17.45,11.25,83.75,0,2.52,24.02,1025.53,9386.17,8,13.7,680.0,0.064,PM2.5-1HR
194,840060811001,2026-01-31,16.65,10.6,87.29,0,1.04,21.27,1021.9,4011.86,9,15.1,680.0,0.461,PM2.5-1HR
194,840060010009,2026-01-31,18.87,11.97,85.25,0,1.8,57.71,1021.56,8161,11,17.9,680.0,0.019,PM2.5-1HR
194,840060010011,2026-01-31,19.28,10.2,90.38,0,1.81,49.88,1021.72,6169.93,9.33,15.562,680.0,0.037,PM2.5-1HR
194,840060010012,2026-01-31,20.69,10.2,90.38,0,1.81,49.88,1021.72,3394.18,9.5,15.8,680.0,0.018,PM2.5-1HR
194,840060010013,2026-01-31,15.79,10.85,88.71,0,3.08,30.23,1021.94,1054.12,9.33,15.562,680.0,0.021,PM2.5-1HR
194,840060010015,2026-01-31,19.52,9.86,94.08,0,2.12,54.22,1022.2,1481.82,10,16.5,680.0,0.032,PM2.5-1HR
194,840060130002,2026-01-31,13.7,10.18,91.75,0,1.57,81.27,1022.24,1916.52,6,10.9,680.0,0.019,PM2.5-1HR
194,840060131004,2026-01-31,12.49,10.33,89.83,0,3.15,31.31,1022.18,5226.97,6,10.9,680.0,0.044,PM2.5-1HR
194,840060410001,2026-01-31,8.37,9.8,90.42,0,1.5,15.14,1022.52,2402.3,3,6.7,680.0,0.135,PM2.5-1HR
194,840060750005,2026-01-31,20.4,10.85,88.5,0,2.44,27.93,1021.95,9386.17,7,12.3,680.0,0.064,PM2.5-1HR
194,840060010009,2026-02-01,15.09,11.89,85.71,0,1.2,4.35,1021.07,8161,7.5,13.0,680.0,0.019,PM2.5-1HR
194,840060010011,2026-02-01,18.42,11.51,83.63,0,0.95,46.4,1021.04,6169.93,8.33,14.162,680.0,0.037,PM2.5-1HR
194,840060010012,2026-02-01,17.5,11.51,83.63,0,0.95,46.4,1021.04,3394.18,8,13.7,680.0,0.018,PM2.5-1HR
194,840060010013,2026-02-01,14.11,10.76,89.29,0,1.2,53.94,1021.24,1054.12,8.33,14.162,680.0,0.021,PM2.5-1HR
194,840060010015,2026-02-01,13.44,11.79,84.54,0,0.86,356.28,1020.85,1481.82,3,6.7,680.0,0.032,PM2.5-1HR
194,840060130002,2026-02-01,12.15,12.4,80.38,0,0.66,59.37,1021.09,1916.52,3,6.7,680.0,0.019,PM2.5-1HR
194,840060131004,2026-02-01,11.38,11.34,86.92,0,1.41,57.52,1021.05,5226.97,5,9.5,680.0,0.044,PM2.5-1HR
194,840060410001,2026-02-01,7.38,12.08,82.42,0,1.08,1.25,1021.08,2402.3,3,6.7,680.0,0.135,PM2.5-1HR
194,840060750005,2026-02-01,16.63,11.64,87.04,0,1.74,17.27,1020.98,9386.17,8,13.7,680.0,0.064,PM2.5-1HR
194,840060811001,2026-02-01,12.48,12.2,81.04,0,1.39,256.91,1020.91,4011.86,7,12.3,680.0,0.461,PM2.5-1HR
194,840060010009,2026-02-02,8.58,11.82,83,0,0.74,15.94,1022.12,8161,5.5,10.2,680.0,0.019,PM2.5-1HR
194,840060010011,2026-02-02,13.95,12.32,78.38,0,0.65,99.63,1022.03,6169.93,5,9.5,680.0,0.037,PM2.5-1HR
194,840060010012,2026-02-02,10.92,12.32,78.38,0,0.65,99.63,1022.03,3394.18,5,9.5,680.0,0.018,PM2.5-1HR
194,840060010013,2026-02-02,8.59,10.63,87.63,0,1.1,131.18,1022.16,1054.12,5,9.5,680.0,0.021,PM2.5-1HR
194,840060010015,2026-02-02,5.66,12.48,71.04,0,0.72,52.07,1021.95,1481.82,0,2.5,680.0,0.032,PM2.5-1HR
194,840060130002,2026-02-02,3.48,14.02,66.75,0,0.71,136.43,1021.92,1916.52,0,2.5,680.0,0.019,PM2.5-1HR
194,840060131004,2026-02-02,6.55,10.35,87.58,0,1.1,131.18,1022.16,5226.97,2,5.3,680.0,0.044,PM2.5-1HR
194,840060410001,2026-02-02,4.54,11.74,86.04,0,0.85,273.54,1022.05,2402.3,2,5.3,680.0,0.135,PM2.5-1HR
194,840060750005,2026-02-02,9.94,10.12,89.58,0,0.97,225.94,1022.24,9386.17,4,8.1,680.0,0.064,PM2.5-1HR
194,840060811001,2026-02-02,7.03,11.58,79.5,0,0.58,249.21,1022.15,4011.86,0,2.5,680.0,0.461,PM2.5-1HR
194,840060010009,2026-02-03,12.57,11.85,78.5,0,1.84,56.26,1024.99,8161,4,8.1,680.0,0.019,PM2.5-1HR
194,840060010011,2026-02-03,15.45,11.51,81.58,0,2.37,53.7,1025.15,6169.93,5.67,10.438,680.0,0.037,PM2.5-1HR
194,840060010012,2026-02-03,14.46,11.51,81.58,0,2.37,53.7,1025.15,3394.18,5.25,9.85,680.0,0.018,PM2.5-1HR
194,840060010013,2026-02-03,11.23,11.96,82.58,0,2.96,41.03,1025.35,1054.12,5.67,10.438,680.0,0.021,PM2.5-1HR
194,840060010015,2026-02-03,13.73,11.05,80.13,0,1.93,52.8,1025.43,1481.82,0,2.5,680.0,0.032,PM2.5-1HR
194,840060130002,2026-02-03,11.86,11.99,78,0,1.42,72.04,1025.66,1916.52,1,3.9,680.0,0.019,PM2.5-1HR
194,840060131004,2026-02-03,12.37,11.7,82.58,0,2.96,41.03,1025.35,5226.97,4,8.1,680.0,0.044,PM2.5-1HR
194,840060410001,2026-02-03,8.17,11.3,85.96,0,1.03,12.85,1025.61,2402.3,0,2.5,680.0,0.135,PM2.5-1HR
194,840060750005,2026-02-03,13.1,12.1,81.29,0,2.46,32.53,1025.14,9386.17,7,12.3,680.0,0.064,PM2.5-1HR
194,840060811001,2026-02-03,10.15,11.73,76.75,0,0.43,208.01,1025.09,4011.86,2,5.3,680.0,0.461,PM2.5-1HR
194,840060010009,2026-02-04,13.75,11.89,78.29,0,2.15,61.35,1022.23,8161,8.5,14.4,680.0,0.019,PM2.5-1HR
194,840060010011,2026-02-04,19.85,10.74,84.5,0,2.53,49.63,1022.38,6169.93,11.33,18.362,680.0,0.037,PM2.5-1HR
194,840060010012,2026-02-04,19.94,10.74,84.5,0,2.53,49.63,1022.38,3394.18,9.75,16.15,680.0,0.018,PM2.5-1HR
194,840060010013,2026-02-04,18.24,12.29,81.04,0,3.62,36.15,1022.59,1054.12,11.33,18.362,680.0,0.021,PM2.5-1HR
194,840060010015,2026-02-04,17.44,10.08,86.54,0,2.38,55.61,1022.95,1481.82,12,19.3,680.0,0.032,PM2.5-1HR
194,840060130002,2026-02-04,14.54,11.3,82.04,0,1.77,75.56,1023,1916.52,5,9.5,680.0,0.019,PM2.5-1HR
194,840060131004,2026-02-04,17.28,12.01,80.96,0,3.62,36.15,1022.59,5226.97,10,16.5,680.0,0.044,PM2.5-1HR
194,840060410001,2026-02-04,14.13,11.43,85.54,0,1.46,24.22,1023.05,2402.3,8,13.7,680.0,0.135,PM2.5-1HR
194,840060750005,2026-02-04,20.78,12.36,79.33,0,2.58,31.19,1022.35,9386.17,13,20.7,680.0,0.064,PM2.5-1HR
194,840060811001,2026-02-04,13.13,11.69,78.79,0,0.49,170.35,1022.35,4011.86,9,15.1,680.0,0.461,PM2.5-1HR
194,840060010009,2026-02-05,19.99,13.18,82.21,0,1.94,55.32,1017.48,8161,13,20.7,680.0,0.019,PM2.5-1HR
194,840060010011,2026-02-05,21.73,12.21,85.71,0,2.12,50.65,1017.62,6169.93,13,20.7,680.0,0.037,PM2.5-1HR
194,840060010012,2026-02-05,21.91,12.21,85.71,0,2.12,50.65,1017.62,3394.18,12.5,20.0,680.0,0.018,PM2.5-1HR
194,840060010013,2026-02-05,17.9,13.13,81.54,0,2.93,35.71,1017.77,1054.12,13,20.7,680.0,0.021,PM2.5-1HR
194,840060010015,2026-02-05,21.71,11.05,88.08,0,2.03,51.74,1018.15,1481.82,15,23.5,680.0,0.032,PM2.5-1HR
194,840060130002,2026-02-05,17.3,12.53,83.08,0,1.48,74.14,1018.24,1916.52,10,16.5,680.0,0.019,PM2.5-1HR
194,840060131004,2026-02-05,17.62,12.85,81.46,0,2.93,35.71,1017.77,5226.97,12,19.3,680.0,0.044,PM2.5-1HR
194,840060410001,2026-02-05,14.81,12.4,82.42,0,1.33,23.84,1018.23,2402.3,7,12.3,680.0,0.135,PM2.5-1HR
194,840060750005,2026-02-05,21.49,13.18,79.38,0,2.16,19.42,1017.58,9386.17,11,17.9,680.0,0.064,PM2.5-1HR
194,840060811001,2026-02-05,16.52,12.89,76.21,0,0.83,180.01,1017.53,4011.86,10,16.5,680.0,0.461,PM2.5-1HR
194,840060010009,2026-02-06,17.22,13.73,81.54,0,1.05,317.16,1019.91,8161,9.5,15.8,680.0,0.019,PM2.5-1HR
194,840060010011,2026-02-06,19.52,13.9,81.13,0.01,1.31,184.74,1019.8,6169.93,11.33,18.362,680.0,0.037,PM2.5-1HR
194,840060010012,2026-02-06,18.64,13.9,81.13,0.01,1.31,184.74,1019.8,3394.18,11,17.9,680.0,0.018,PM2.5-1HR
194,840060010013,2026-02-06,15.75,13.26,84.29,0,1.28,155.43,1019.8,1054.12,11.33,18.362,680.0,0.021,PM2.5-1HR
194,840060010015,2026-02-06,14.33,13.83,76.25,0,1.28,276.57,1019.73,1481.82,6,10.9,680.0,0.032,PM2.5-1HR
194,840060130002,2026-02-06,11.1,15.1,74.67,0,1.14,203.85,1019.56,1916.52,4,8.1,680.0,0.019,PM2.5-1HR
194,840060131004,2026-02-06,16.05,12.98,84.29,0,1.28,155.43,1019.8,5226.97,8,13.7,680.0,0.044,PM2.5-1HR
194,840060410001,2026-02-06,12.03,13.73,82.96,0,1.01,251.34,1019.73,2402.3,8,13.7,680.0,0.135,PM2.5-1HR
194,840060750005,2026-02-06,15.8,13.83,80.96,0,1.66,246,1019.83,9386.17,9,15.1,680.0,0.064,PM2.5-1HR
194,840060811001,2026-02-06,14.32,13.81,79.83,0,1.6,259.91,1019.8,4011.86,10,16.5,680.0,0.461,PM2.5-1HR
194,840060010009,2026-02-07,12.77,12.05,91.92,0,0.96,325.59,1025.52,8161,4.5,8.8,680.0,0.019,PM2.5-1HR
194,840060010011,2026-02-07,11.06,12.35,90.38,0,1.49,196.7,1025.43,6169.93,3.67,7.638,680.0,0.037,PM2.5-1HR
194,840060010012,2026-02-07,10.43,12.35,90.38,0,1.49,196.7,1025.43,3394.18,4.25,8.45,680.0,0.018,PM2.5-1HR
194,840060010013,2026-02-07,9.47,12.15,91.13,0,0.96,185.14,1025.37,1054.12,3.67,7.638,680.0,0.021,PM2.5-1HR
194,840060010015,2026-02-07,9.16,12.18,89.17,0,1.12,253.62,1025.26,1481.82,5,9.5,680.0,0.032,PM2.5-1HR
194,840060130002,2026-02-07,8.2,12.95,85.5,0,1.6,207.71,1025.01,1916.52,1,3.9,680.0,0.019,PM2.5-1HR
194,840060131004,2026-02-07,10.77,11.86,91.13,0,0.96,185.14,1025.37,5226.97,4,8.1,680.0,0.044,PM2.5-1HR
194,840060410001,2026-02-07,5.47,12.09,86.83,0,0.83,262.68,1025.29,2402.3,0,2.5,680.0,0.135,PM2.5-1HR
194,840060750005,2026-02-07,6.74,12.84,85.17,0,1.66,220.91,1025.43,9386.17,2,5.3,680.0,0.064,PM2.5-1HR
194,840060811001,2026-02-07,10.45,11.83,86.75,0,1.36,246.41,1025.51,4011.86,2,5.3,680.0,0.461,PM2.5-1HR
194,840060010009,2026-02-08,5.81,12.41,92,0,1.57,234.65,1026.25,8161,1.5,4.6,680.0,0.019,PM2.5-1HR
194,840060010011,2026-02-08,6.64,12.65,93.25,0,1.97,199.21,1026.16,6169.93,0.67,3.438,680.0,0.037,PM2.5-1HR
194,840060010012,2026-02-08,7.8,12.65,93.25,0,1.97,199.21,1026.16,3394.18,1,3.9,680.0,0.018,PM2.5-1HR
194,840060010013,2026-02-08,5.87,12.53,93,0,1.96,198.19,1026.1,1054.12,0.67,3.438,680.0,0.021,PM2.5-1HR
194,840060010015,2026-02-08,4.2,12.41,89.75,0,1.63,247.57,1026.05,1481.82,0,2.5,680.0,0.032,PM2.5-1HR
194,840060130002,2026-02-08,3.07,13.13,87.71,0,2.17,210.59,1025.74,1916.52,0,2.5,680.0,0.019,PM2.5-1HR
194,840060131004,2026-02-08,11.84,12.25,92.96,0,1.96,198.19,1026.1,5226.97,0,2.5,680.0,0.044,PM2.5-1HR
194,840060410001,2026-02-08,3.31,12.91,91.25,0,1.59,234.71,1026,2402.3,0,2.5,680.0,0.135,PM2.5-1HR
194,840060811001,2026-02-08,4.5,12.47,87.58,0,1.43,241.76,1026.23,4011.86,1,3.9,680.0,0.461,PM2.5-1HR
194,840060010009,2026-02-09,5.09,13.22,72.38,0.01,1.87,4.99,1020.03,8161,1,3.9,680.0,0.019,PM2.5-1HR
194,840060010011,2026-02-09,5.89,13.18,73.63,0,2.26,20.07,1020.1,6169.93,0.33,2.962,680.0,0.037,PM2.5-1HR
194,840060010012,2026-02-09,3.99,13.18,73.63,0,2.26,20.07,1020.1,3394.18,0.75,3.55,680.0,0.018,PM2.5-1HR
194,840060010013,2026-02-09,3.89,12.8,75.38,0,2.13,353.12,1020.15,1054.12,0.33,2.962,680.0,0.021,PM2.5-1HR
194,840060010015,2026-02-09,1.37,12.9,70.58,0.01,1.85,34.12,1020.06,1481.82,0,2.5,680.0,0.032,PM2.5-1HR
194,840060130002,2026-02-09,1.55,13.4,66.71,0,2.21,46.41,1020.17,1916.52,0,2.5,680.0,0.019,PM2.5-1HR
194,840060131004,2026-02-09,5.61,12.53,75.33,0,2.13,353.12,1020.15,5226.97,0,2.5,680.0,0.044,PM2.5-1HR
194,840060410001,2026-02-09,2.3,12.58,71.96,0,2.11,313.4,1020.17,2402.3,0,2.5,680.0,0.135,PM2.5-1HR
194,840060750005,2026-02-09,6.04,13.31,69.29,0,2.2,353.3,1020.13,9386.17,2,5.3,680.0,0.064,PM2.5-1HR
194,840060811001,2026-02-09,3.12,12.51,73.88,0.01,1.6,302.99,1020.21,4011.86,0,2.5,680.0,0.461,PM2.5-1HR
194,840060010009,2026-02-10,5.54,10.88,77.13,0.21,2.62,65.57,1007.99,8161,1,3.9,680.0,0.019,PM2.5-1HR
194,840060010011,2026-02-10,6.98,10.87,78.29,0.39,2.5,48.74,1008.22,6169.93,0.67,3.438,680.0,0.037,PM2.5-1HR
194,840060010012,2026-02-10,6.32,10.87,78.29,0.39,2.5,48.74,1008.22,3394.18,0.75,3.55,680.0,0.018,PM2.5-1HR
194,840060010013,2026-02-10,5.3,11.04,80.63,0.62,3.05,51.08,1008.2,1054.12,0.67,3.438,680.0,0.021,PM2.5-1HR
194,840060010015,2026-02-10,5.99,10.45,79.38,0.33,1.91,47.17,1008.35,1481.82,0,2.5,680.0,0.032,PM2.5-1HR
194,840060130002,2026-02-10,8.11,10.72,80.08,0.28,1.69,51.65,1008.63,1916.52,0,2.5,680.0,0.019,PM2.5-1HR
194,840060131004,2026-02-10,7.95,10.77,80.58,0.62,3.05,51.08,1008.2,5226.97,0,2.5,680.0,0.044,PM2.5-1HR
194,840060410001,2026-02-10,6.7,10.7,85.42,0.47,2.42,67.99,1008.37,2402.3,0,2.5,680.0,0.135,PM2.5-1HR
194,840060750005,2026-02-10,7.79,11.68,73.67,0.71,3.03,41.4,1007.95,9386.17,2,5.3,680.0,0.064,PM2.5-1HR
194,840060811001,2026-02-10,2.87,11.32,78.88,0.74,1.79,86.43,1007.83,4011.86,0,2.5,680.0,0.461,PM2.5-1HR
194,840060010009,2026-02-11,2.98,12.1,86.92,0.27,4.93,150.15,1013.33,8161,0.5,3.2,680.0,0.019,PM2.5-1HR
194,840060010011,2026-02-11,4.16,11.9,89.58,0.19,4.94,152.48,1013.14,6169.93,0.33,2.962,680.0,0.037,PM2.5-1HR
194,840060010012,2026-02-11,4.15,11.9,89.58,0.19,4.94,152.48,1013.14,3394.18,0.25,2.85,680.0,0.018,PM2.5-1HR
194,840060010013,2026-02-11,3.21,12.31,84.96,0.43,5.35,151.46,1012.78,1054.12,0.33,2.962,680.0,0.021,PM2.5-1HR
194,840060010015,2026-02-11,2.81,11.54,85.25,0.38,3.47,163.34,1013.71,1481.82,0,2.5,680.0,0.032,PM2.5-1HR
194,840060130002,2026-02-11,3.62,11.98,86.92,0.24,3.8,153.18,1013.3,1916.52,0,2.5,680.0,0.019,PM2.5-1HR
194,840060131004,2026-02-11,3.05,12.03,84.92,0.43,5.35,151.46,1012.78,5226.97,0,2.5,680.0,0.044,PM2.5-1HR
194,840060410001,2026-02-11,2.73,12,89.46,0.37,4.64,145.78,1012.62,2402.3,0,2.5,680.0,0.135,PM2.5-1HR
194,840060750005,2026-02-11,4.13,12.61,83.04,0.17,5.5,150.8,1012.7,9386.17,0,2.5,680.0,0.064,PM2.5-1HR
194,840060811001,2026-02-11,2.99,11.83,87.46,0.16,4.29,158.63,1013.07,4011.86,0,2.5,680.0,0.461,PM2.5-1HR
194,840060010009,2026-02-12,3.53,12.22,80.79,0,2.09,33.94,1022.53,8161,1,3.9,680.0,0.019,PM2.5-1HR
194,840060010011,2026-02-12,5.95,11.69,83.92,0,2.06,40.5,1022.64,6169.93,1,3.9,680.0,0.037,PM2.5-1HR
194,840060010012,2026-02-12,5.46,11.69,83.92,0,2.06,40.5,1022.64,3394.18,1,3.9,680.0,0.018,PM2.5-1HR
194,840060010013,2026-02-12,4.58,11.93,84.29,0,2.1,20.8,1022.68,1054.12,1,3.9,680.0,0.021,PM2.5-1HR
194,840060010015,2026-02-12,3.38,10.84,83.79,0,1.42,41.01,1022.66,1481.82,0,2.5,680.0,0.032,PM2.5-1HR
194,840060130002,2026-02-12,4.63,11.41,85,0,1.37,57.54,1022.76,1916.52,2,5.3,680.0,0.019,PM2.5-1HR
194,840060131004,2026-02-12,4.82,11.67,84.21,0,2.1,20.8,1022.68,5226.97,2,5.3,680.0,0.044,PM2.5-1HR
194,840060410001,2026-02-12,3.56,11.75,86.75,0,1.8,17.04,1022.79,2402.3,0,2.5,680.0,0.135,PM2.5-1HR
194,840060750005,2026-02-12,5.87,12.38,82.63,0,2.63,31.99,1022.58,9386.17,2,5.3,680.0,0.064,PM2.5-1HR
194,840060811001,2026-02-12,5.17,11.64,86.67,0.25,2.24,293,1022.58,4011.86,2,5.3,680.0,0.461,PM2.5-1HR
194,840060010009,2026-02-13,6.1,11.17,90.21,0,1.82,203.7,1020.51,8161,2,5.3,680.0,0.019,PM2.5-1HR
194,840060010011,2026-02-13,7.54,11.21,91,0,2.43,187.31,1020.28,6169.93,2.33,5.762,680.0,0.037,PM2.5-1HR
194,840060010012,2026-02-13,6.68,11.21,91,0,2.43,187.31,1020.28,3394.18,2.25,5.65,680.0,0.018,PM2.5-1HR
194,840060010013,2026-02-13,4.87,11.43,89.25,0,1.85,188.37,1020.09,1054.12,2.33,5.762,680.0,0.021,PM2.5-1HR
194,840060010015,2026-02-13,4.33,10.3,92.79,0,1.94,242.35,1020.5,1481.82,1,3.9,680.0,0.032,PM2.5-1HR
194,840060130002,2026-02-13,4.21,11.37,89.75,0,2.81,199.37,1019.95,1916.52,0,2.5,680.0,0.019,PM2.5-1HR
194,840060131004,2026-02-13,10.32,11.15,89.25,0,1.85,188.37,1020.09,5226.97,1,3.9,680.0,0.044,PM2.5-1HR
194,840060410001,2026-02-13,3.96,11.27,87.17,0,1.24,245.52,1019.99,2402.3,0,2.5,680.0,0.135,PM2.5-1HR
194,840060750005,2026-02-13,6.08,11.43,87.88,0,2.19,224.27,1020.24,9386.17,2,5.3,680.0,0.064,PM2.5-1HR
194,840060811001,2026-02-13,3.83,11.26,87.33,0,2.03,237.4,1020.54,4011.86,0,2.5,680.0,0.461,PM2.5-1HR
194,840060010009,2026-02-14,4.7,11.22,85.46,0,1.82,140.29,1016.5,8161,1,3.9,680.0,0.019,PM2.5-1HR
194,840060010011,2026-02-14,6.37,11.24,87.29,0,2.39,172.08,1016.43,6169.93,1,3.9,680.0,0.037,PM2.5-1HR
194,840060010012,2026-02-14,7.53,11.24,87.29,0,2.39,172.08,1016.43,3394.18,1.25,4.25,680.0,0.018,PM2.5-1HR
194,840060010013,2026-02-14,2.91,11.53,84.96,0.01,2.98,175.87,1016.27,1054.12,1,3.9,680.0,0.021,PM2.5-1HR
194,840060010015,2026-02-14,3.64,10.8,86.58,0,1.99,214.73,1016.5,1481.82,2,5.3,680.0,0.032,PM2.5-1HR
194,840060130002,2026-02-14,3.43,11.63,85.5,0,2.42,185.26,1016.27,1916.52,0,2.5,680.0,0.019,PM2.5-1HR
194,840060131004,2026-02-14,6.71,11.25,84.92,0.01,2.98,175.87,1016.27,5226.97,2,5.3,680.0,0.044,PM2.5-1HR
194,840060410001,2026-02-14,1.71,10.79,85.46,0.03,2.5,206.14,1016.24,2402.3,0,2.5,680.0,0.135,PM2.5-1HR
194,840060750005,2026-02-14,4.65,11.63,83.04,0.01,2.81,167.39,1016.31,9386.17,0,2.5,680.0,0.064,PM2.5-1HR
194,840060811001,2026-02-14,3.08,10.91,83.88,0,1.93,173.95,1016.44,4011.86,1,3.9,680.0,0.461,PM2.5-1HR
194,840060010009,2026-02-15,2.8,12.5,81.54,0.88,4.04,152.56,1011.3,8161,0,2.5,680.0,0.019,PM2.5-1HR
194,840060010011,2026-02-15,2.99,12.35,84.04,0.9,4.47,157.82,1011.18,6169.93,0,2.5,680.0,0.037,PM2.5-1HR
194,840060010012,2026-02-15,5.05,12.35,84.04,0.9,4.47,157.82,1011.18,3394.18,0,2.5,680.0,0.018,PM2.5-1HR
194,840060010013,2026-02-15,0.74,12.33,83.67,0.7,4.93,154.92,1010.95,1054.12,0,2.5,680.0,0.021,PM2.5-1HR
194,840060010015,2026-02-15,2.67,12.3,79.75,0.8,2.12,179,1011.4,1481.82,0,2.5,680.0,0.032,PM2.5-1HR
194,840060130002,2026-02-15,1.89,12.74,80.38,0.67,3.02,162.23,1011.19,1916.52,0,2.5,680.0,0.019,PM2.5-1HR
194,840060131004,2026-02-15,12.34,12.06,83.58,0.7,4.93,154.92,1010.95,5226.97,1,3.9,680.0,0.044,PM2.5-1HR
194,840060410001,2026-02-15,1.33,11.79,90.46,0.83,4.3,156.91,1010.89,2402.3,0,2.5,680.0,0.135,PM2.5-1HR
194,840060750005,2026-02-15,2.77,12.44,83.92,0.87,5.2,148.05,1010.93,9386.17,0,2.5,680.0,0.064,PM2.5-1HR
194,840060811001,2026-02-15,2.19,12.18,84.21,1.08,3.95,147.07,1011.09,4011.86,0,2.5,680.0,0.461,PM2.5-1HR
194,840060010009,2026-02-16,3.85,9.92,92.13,1.53,2.33,223,1004.05,8161,1,3.9,680.0,0.019,PM2.5-1HR
194,840060010011,2026-02-16,3.47,9.71,93.71,1.42,2.41,162.24,1004,6169.93,0.33,2.962,680.0,0.037,PM2.5-1HR
194,840060010012,2026-02-16,4.92,9.71,93.71,1.42,2.41,162.24,1004,3394.18,0.5,3.2,680.0,0.018,PM2.5-1HR
194,840060010013,2026-02-16,2.77,10.14,89.38,1.56,2.72,170.9,1003.8,1054.12,0.33,2.962,680.0,0.021,PM2.5-1HR
194,840060010015,2026-02-16,2.94,9.21,92.29,1.78,2.11,258.64,1004.06,1481.82,0,2.5,680.0,0.032,PM2.5-1HR
194,840060130002,2026-02-16,2.7,9.78,92.29,1.38,2.6,212.92,1003.91,1916.52,0,2.5,680.0,0.019,PM2.5-1HR
194,840060131004,2026-02-16,6.38,9.86,89.38,1.56,2.72,170.9,1003.8,5226.97,1,3.9,680.0,0.044,PM2.5-1HR
194,840060410001,2026-02-16,2.07,9.8,92.75,1.16,1.92,204.6,1003.79,2402.3,0,2.5,680.0,0.135,PM2.5-1HR
194,840060750005,2026-02-16,4.76,10.36,87.92,1.23,3.02,178.08,1003.87,9386.17,1,3.9,680.0,0.064,PM2.5-1HR
194,840060811001,2026-02-16,2.37,9.88,90.33,1.57,1.93,246.3,1004.08,4011.86,0,2.5,680.0,0.461,PM2.5-1HR
194,840060010009,2026-02-17,5.2,8.08,85.75,1.33,4.75,237.06,1008,8161,1.5,4.6,680.0,0.019,PM2.5-1HR
194,840060010011,2026-02-17,5.36,7.85,85.75,0.69,4.65,233.08,1007.59,6169.93,1.33,4.362,680.0,0.037,PM2.5-1HR
194,840060010012,2026-02-17,4.29,7.85,85.75,0.69,4.65,233.08,1007.59,3394.18,1.5,4.6,680.0,0.018,PM2.5-1HR
194,840060010013,2026-02-17,4.41,8.8,76.21,0.73,5.19,243.53,1007.21,1054.12,1.33,4.362,680.0,0.021,PM2.5-1HR
194,840060010015,2026-02-17,3.9,6.68,91.96,1.33,4.27,221.33,1008.14,1481.82,0,2.5,680.0,0.032,PM2.5-1HR
194,840060130002,2026-02-17,2.85,7.42,89,0.77,4.51,216.76,1007.45,1916.52,0,2.5,680.0,0.019,PM2.5-1HR
194,840060131004,2026-02-17,3.24,8.52,76.21,0.73,5.19,243.53,1007.21,5226.97,1,3.9,680.0,0.044,PM2.5-1HR
194,840060410001,2026-02-17,1.9,8.02,82.21,0.52,4.53,247.12,1006.93,2402.3,0,2.5,680.0,0.135,PM2.5-1HR
194,840060750005,2026-02-17,6.32,9.3,73.04,0.73,6.13,251.06,1007.46,9386.17,0,2.5,680.0,0.064,PM2.5-1HR
194,840060811001,2026-02-17,3.45,7.97,84.63,0.97,4.72,234.06,1008.14,4011.86,0,2.5,680.0,0.461,PM2.5-1HR
194,840060010009,2026-02-18,3.68,6.87,84.96,0.27,2.62,218.04,1014.16,8161,0,2.5,680.0,0.019,PM2.5-1HR
194,840060010011,2026-02-18,4.95,6.44,86.38,0.19,2.64,203.59,1013.95,6169.93,1,3.9,680.0,0.037,PM2.5-1HR
194,840060010012,2026-02-18,4.07,6.44,86.38,0.19,2.64,203.59,1013.95,3394.18,0.75,3.55,680.0,0.018,PM2.5-1HR
194,840060010013,2026-02-18,1.68,7.46,77.67,0.09,2.49,218.21,1013.67,1054.12,1,3.9,680.0,0.021,PM2.5-1HR
194,840060010015,2026-02-18,2.59,5.62,88.88,0.16,2.56,212.05,1014.33,1481.82,0,2.5,680.0,0.032,PM2.5-1HR
194,840060130002,2026-02-18,2.19,6.39,85.21,0.09,3.31,202.48,1013.8,1916.52,0,2.5,680.0,0.019,PM2.5-1HR
194,840060131004,2026-02-18,3.42,7.19,77.67,0.09,2.49,218.21,1013.67,5226.97,0,2.5,680.0,0.044,PM2.5-1HR
194,840060410001,2026-02-18,1.29,6.97,80.25,0.12,2.33,236.18,1013.49,2402.3,0,2.5,680.0,0.135,PM2.5-1HR
194,840060750005,2026-02-18,3.73,8,74.96,0.21,2.73,250.95,1013.78,9386.17,2,5.3,680.0,0.064,PM2.5-1HR
194,840060811001,2026-02-18,2.78,6.58,85.67,0.2,2.5,204.66,1014.3,4011.86,0,2.5,680.0,0.461,PM2.5-1HR
194,840060010009,2026-02-19,3.67,8.16,77.08,0.44,5.84,272.24,1009.11,8161,0,2.5,680.0,0.019,PM2.5-1HR
194,840060811001,2026-02-19,4.32,8.25,75.92,0.73,6.49,276.05,1009.39,4011.86,1,3.9,680.0,0.461,PM2.5-1HR
194,840060010011,2026-02-19,5.16,7.96,78.63,0.42,4.74,270.1,1008.92,6169.93,0,2.5,680.0,0.037,PM2.5-1HR
194,840060010012,2026-02-19,3.6,7.96,78.63,0.42,4.74,270.1,1008.92,3394.18,0,2.5,680.0,0.018,PM2.5-1HR
194,840060010013,2026-02-19,2.19,8.39,74.04,0.49,5.4,287.69,1008.82,1054.12,0,2.5,680.0,0.021,PM2.5-1HR
194,840060010015,2026-02-19,2.52,7.35,79.88,0.45,4.39,241.26,1009.08,1481.82,0,2.5,680.0,0.032,PM2.5-1HR
194,840060130002,2026-02-19,1.93,7.89,78.67,0.46,4.79,249.32,1008.65,1916.52,0,2.5,680.0,0.019,PM2.5-1HR
194,840060131004,2026-02-19,2.95,8.13,74.04,0.49,5.4,287.69,1008.82,5226.97,0,2.5,680.0,0.044,PM2.5-1HR
194,840060410001,2026-02-19,2.1,8.02,77.04,0.53,5.35,289.52,1008.82,2402.3,0,2.5,680.0,0.135,PM2.5-1HR
194,840060750005,2026-02-19,3.71,8.7,73,0.53,6.65,288.13,1008.94,9386.17,0,2.5,680.0,0.064,PM2.5-1HR
194,840060010009,2026-02-20,5.52,7.13,76.5,0,1.35,75.05,1017.63,8161,0.5,3.2,680.0,0.019,PM2.5-1HR
194,840060811001,2026-02-20,3.97,7.9,73.88,0,1.41,325.3,1017.56,4011.86,1,3.9,680.0,0.461,PM2.5-1HR
194,840060010011,2026-02-20,9.39,6.81,75.79,0,1.18,129.54,1017.63,6169.93,1.33,4.362,680.0,0.037,PM2.5-1HR
194,840060010012,2026-02-20,5.88,6.81,75.79,0,1.18,129.54,1017.63,3394.18,1.25,4.25,680.0,0.018,PM2.5-1HR
194,840060010013,2026-02-20,2.83,7.46,76.63,0,1.11,8.25,1017.6,1054.12,1.33,4.362,680.0,0.021,PM2.5-1HR
194,840060010015,2026-02-20,3.8,6.23,78.88,0,0.97,94.02,1017.74,1481.82,0,2.5,680.0,0.032,PM2.5-1HR
194,840060130002,2026-02-20,2.71,6.92,76.25,0,1.2,119.91,1017.65,1916.52,1,3.9,680.0,0.019,PM2.5-1HR
194,840060131004,2026-02-20,3.78,7.18,76.54,0,1.11,8.25,1017.6,5226.97,1,3.9,680.0,0.044,PM2.5-1HR
194,840060410001,2026-02-20,2.83,6.81,78.63,0,1.38,23.05,1017.68,2402.3,0,2.5,680.0,0.135,PM2.5-1HR
194,840060750005,2026-02-20,4.91,8.03,71.29,0,1.26,99.79,1017.56,9386.17,1,3.9,680.0,0.064,PM2.5-1HR
194,840060010009,2026-02-21,4.61,9.87,66.71,0,3.23,127.77,1020.21,8161,1.5,4.6,680.0,0.019,PM2.5-1HR
194,840060811001,2026-02-21,2.28,9.55,70.92,0,3.14,151.92,1020.02,4011.86,0,2.5,680.0,0.461,PM2.5-1HR
194,840060010011,2026-02-21,6.61,9.8,67.42,0,3.39,143.66,1020.1,6169.93,1.67,4.838,680.0,0.037,PM2.5-1HR
194,840060010012,2026-02-21,7.08,9.8,67.42,0,3.39,143.66,1020.1,3394.18,1.5,4.6,680.0,0.018,PM2.5-1HR
194,840060010013,2026-02-21,2.6,9.88,70.67,0,3,136.1,1019.99,1054.12,1.67,4.838,680.0,0.021,PM2.5-1HR
194,840060010015,2026-02-21,3.7,8.38,73.67,0,1.69,140.73,1020.4,1481.82,0,2.5,680.0,0.032,PM2.5-1HR
194,840060130002,2026-02-21,4.09,9.59,69.79,0,2.12,162.31,1020.2,1916.52,0,2.5,680.0,0.019,PM2.5-1HR
194,840060131004,2026-02-21,8.48,9.61,70.58,0,3,136.1,1019.99,5226.97,1,3.9,680.0,0.044,PM2.5-1HR
194,840060410001,2026-02-21,2.42,9.16,80.21,0,2.51,119.42,1020.01,2402.3,0,2.5,680.0,0.135,PM2.5-1HR
194,840060750005,2026-02-21,5.37,10.47,68.54,0,3.73,133.49,1019.95,9386.17,2,5.3,680.0,0.064,PM2.5-1HR
194,840060010009,2026-02-22,4.91,12.95,68.13,0,2.24,118.51,1023.65,8161,1,3.9,680.0,0.019,PM2.5-1HR
194,840060811001,2026-02-22,3.2,12.33,74.83,0,2.13,163.66,1023.48,4011.86,0,2.5,680.0,0.461,PM2.5-1HR
194,840060010011,2026-02-22,4.56,13.21,68,0,2.7,165.07,1023.58,6169.93,0.67,3.438,680.0,0.037,PM2.5-1HR
194,840060010012,2026-02-22,4.45,13.21,68,0,2.7,165.07,1023.58,3394.18,0.75,3.55,680.0,0.018,PM2.5-1HR
194,840060010013,2026-02-22,2.7,13,70.08,0,2.79,182.34,1023.52,1054.12,0.67,3.438,680.0,0.021,PM2.5-1HR
194,840060010015,2026-02-22,4,12.03,71.42,0,0.87,158.33,1023.69,1481.82,1,3.9,680.0,0.032,PM2.5-1HR
194,840060130002,2026-02-22,4.74,13.17,70.46,0,1.73,162.99,1023.54,1916.52,2,5.3,680.0,0.019,PM2.5-1HR
194,840060131004,2026-02-22,4.71,12.72,70.04,0,2.79,182.34,1023.52,5226.97,0,2.5,680.0,0.044,PM2.5-1HR
194,840060410001,2026-02-22,2.25,12.4,74.42,0,2.44,181.77,1023.54,2402.3,0,2.5,680.0,0.135,PM2.5-1HR
194,840060750005,2026-02-22,4.81,12.78,72.13,0,2.7,158.51,1023.5,9386.17,2,5.3,680.0,0.064,PM2.5-1HR
194,840060010009,2026-02-23,6.45,12.43,86.29,0.01,1.22,95.28,1022.69,8161,2,5.3,680.0,0.019,PM2.5-1HR
194,840060811001,2026-02-23,3.99,12.19,85,0.06,1.1,190.97,1022.66,4011.86,0,2.5,680.0,0.461,PM2.5-1HR
194,840060010011,2026-02-23,7.44,13.28,81.96,0.05,1.3,151.22,1022.61,6169.93,1.67,4.838,680.0,0.037,PM2.5-1HR
194,840060010012,2026-02-23,7.48,13.28,81.96,0.05,1.3,151.22,1022.61,3394.18,1.5,4.6,680.0,0.018,PM2.5-1HR
194,840060010013,2026-02-23,4.37,13.32,82.54,0.07,1.47,166.76,1022.63,1054.12,1.67,4.838,680.0,0.021,PM2.5-1HR
194,840060010015,2026-02-23,4.81,12.47,84.71,0.06,0.75,57.03,1022.67,1481.82,2,5.3,680.0,0.032,PM2.5-1HR
194,840060130002,2026-02-23,4.88,14.46,78.71,0.2,0.95,138.54,1022.5,1916.52,1,3.9,680.0,0.019,PM2.5-1HR
194,840060131004,2026-02-23,5.72,13.04,82.54,0.07,1.47,166.76,1022.63,5226.97,0,2.5,680.0,0.044,PM2.5-1HR
194,840060410001,2026-02-23,1.59,13.43,87.38,0.24,1.37,213.94,1022.59,2402.3,0,2.5,680.0,0.135,PM2.5-1HR
194,840060750005,2026-02-23,6.78,12.66,86.29,0.04,1.52,137.02,1022.67,9386.17,2,5.3,680.0,0.064,PM2.5-1HR
194,840060010009,2026-02-24,2.81,16.45,76.79,0.09,2.74,183.14,1018.06,8161,0,2.5,680.0,0.019,PM2.5-1HR
194,840060811001,2026-02-24,3.48,16.16,79.58,0.16,2.31,185.54,1018.02,4011.86,0,2.5,680.0,0.461,PM2.5-1HR
194,840060010011,2026-02-24,2.62,16.41,78.46,0.15,3.31,189.31,1017.96,6169.93,0,2.5,680.0,0.037,PM2.5-1HR
194,840060010012,2026-02-24,3.54,16.41,78.46,0.15,3.31,189.31,1017.96,3394.18,0,2.5,680.0,0.018,PM2.5-1HR
194,840060010013,2026-02-24,2.01,15.73,82.58,0.28,3.83,196.63,1017.87,1054.12,0,2.5,680.0,0.021,PM2.5-1HR
194,840060010015,2026-02-24,2.67,16.89,72,0.02,2.32,191.23,1018.02,1481.82,0,2.5,680.0,0.032,PM2.5-1HR
194,840060130002,2026-02-24,2.94,17.08,76.5,0.03,3.23,188.18,1017.72,1916.52,0,2.5,680.0,0.019,PM2.5-1HR
194,840060131004,2026-02-24,3.08,15.45,82.54,0.28,3.83,196.63,1017.87,5226.97,0,2.5,680.0,0.044,PM2.5-1HR
194,840060410001,2026-02-24,0.71,15.05,88.42,0.25,3.91,197.39,1017.83,2402.3,0,2.5,680.0,0.135,PM2.5-1HR
194,840060750005,2026-02-24,3.03,15.83,81.96,0.14,3.34,195.3,1017.99,9386.17,0,2.5,680.0,0.064,PM2.5-1HR
194,840060010009,2026-02-25,2.96,15.51,94.21,0.05,1.82,239.06,1019.66,8161,0.5,3.2,680.0,0.019,PM2.5-1HR
194,840060811001,2026-02-25,2.5,15.13,96.21,0.04,1.66,265.79,1019.62,4011.86,0,2.5,680.0,0.461,PM2.5-1HR
194,840060010011,2026-02-25,0.44,15.68,93.83,0.05,1.85,206.34,1019.66,6169.93,0,2.5,680.0,0.037,PM2.5-1HR
194,840060010012,2026-02-25,3.36,15.68,93.83,0.05,1.85,206.34,1019.66,3394.18,0.25,2.85,680.0,0.018,PM2.5-1HR
194,840060010013,2026-02-25,0.75,15.19,95.58,0.06,2.1,206.41,1019.6,1054.12,0,2.5,680.0,0.021,PM2.5-1HR
194,840060010015,2026-02-25,2.22,16.08,89.58,0.02,1.64,256,1019.53,1481.82,0,2.5,680.0,0.032,PM2.5-1HR
194,840060130002,2026-02-25,1.66,16.24,90.71,0.01,2.16,220.39,1019.48,1916.52,0,2.5,680.0,0.019,PM2.5-1HR
194,840060131004,2026-02-25,1.81,14.91,95.58,0.06,2.1,206.41,1019.6,5226.97,0,2.5,680.0,0.044,PM2.5-1HR
194,840060410001,2026-02-25,1.11,15.13,95.58,0.07,1.61,222.96,1019.6,2402.3,0,2.5,680.0,0.135,PM2.5-1HR
194,840060750005,2026-02-25,2.99,15.03,95.25,0.03,2.45,232.19,1019.63,9386.17,0,2.5,680.0,0.064,PM2.5-1HR
194,840060811001,2026-02-26,4.85,15.04,90.67,0,1.41,294.53,1022.7,4011.86,1,3.9,680.0,0.461,PM2.5-1HR
194,840060010009,2026-02-26,6.71,16.4,91.29,0,1.14,329.78,1022.6,8161,2,5.3,680.0,0.019,PM2.5-1HR
194,840060010011,2026-02-26,4.03,16.76,85.58,0,1.16,27.7,1022.63,6169.93,1,3.9,680.0,0.037,PM2.5-1HR
194,840060010012,2026-02-26,7,16.76,85.58,0,1.16,27.7,1022.63,3394.18,1.25,4.25,680.0,0.018,PM2.5-1HR
194,840060010013,2026-02-26,3.99,15.33,90.54,0,1.13,33.45,1022.73,1054.12,1,3.9,680.0,0.021,PM2.5-1HR
194,840060010015,2026-02-26,2.49,17.06,85.83,0,0.83,6.74,1022.58,1481.82,0,2.5,680.0,0.032,PM2.5-1HR
194,840060130002,2026-02-26,2.87,16.45,86.71,0,0.99,103.52,1022.67,1916.52,0,2.5,680.0,0.019,PM2.5-1HR
194,840060131004,2026-02-26,2.55,15.05,90.54,0,1.13,33.45,1022.73,5226.97,0,2.5,680.0,0.044,PM2.5-1HR
194,840060410001,2026-02-26,4.13,15.28,87.17,0,0.99,328.03,1022.77,2402.3,0,2.5,680.0,0.135,PM2.5-1HR
194,840060750005,2026-02-26,4.81,15.17,91.5,0,1.43,40.54,1022.67,9386.17,1,3.9,680.0,0.064,PM2.5-1HR
194,840060811001,2026-02-27,3.99,17.25,75.88,0,0.91,254.39,1019.49,4011.86,1,3.9,680.0,0.461,PM2.5-1HR
194,840060010009,2026-02-27,5.28,17.67,81.58,0,1.39,43.99,1019.42,8161,1,3.9,680.0,0.019,PM2.5-1HR
194,840060010011,2026-02-27,4.82,18.48,74.79,0,1.58,50.61,1019.56,6169.93,1.33,4.362,680.0,0.037,PM2.5-1HR
194,840060010012,2026-02-27,8.77,18.48,74.79,0,1.58,50.61,1019.56,3394.18,1,3.9,680.0,0.018,PM2.5-1HR
194,840060010013,2026-02-27,4.27,17.25,81.08,0,1.73,11.67,1019.6,1054.12,1.33,4.362,680.0,0.021,PM2.5-1HR
194,840060010015,2026-02-27,2.65,17.8,78.92,0,1.43,52.7,1019.74,1481.82,0,2.5,680.0,0.032,PM2.5-1HR
194,840060130002,2026-02-27,2.38,18.73,73.92,0,1.21,88.19,1019.8,1916.52,1,3.9,680.0,0.019,PM2.5-1HR
194,840060131004,2026-02-27,4.15,16.97,81.04,0,1.73,11.67,1019.6,5226.97,0,2.5,680.0,0.044,PM2.5-1HR
194,840060410001,2026-02-27,2.54,17.72,78.63,0,0.99,338.96,1019.74,2402.3,0,2.5,680.0,0.135,PM2.5-1HR
194,840060750005,2026-02-27,5.66,17.28,82.13,0,1.78,21.48,1019.47,9386.17,1,3.9,680.0,0.064,PM2.5-1HR
194,840060811001,2026-02-28,3.54,17.42,82.83,0,1.37,244.23,1014.02,4011.86,1,3.9,680.0,0.461,PM2.5-1HR
194,840060010009,2026-02-28,6.27,17.77,82.08,0,1.45,318.22,1014.08,8161,3.5,7.4,680.0,0.019,PM2.5-1HR
194,840060010011,2026-02-28,6.02,18.37,79.21,0,1.39,169.21,1014.06,6169.93,3.33,7.162,680.0,0.037,PM2.5-1HR
194,840060010012,2026-02-28,8.6,18.37,79.21,0,1.39,169.21,1014.06,3394.18,2.75,6.35,680.0,0.018,PM2.5-1HR
194,840060010013,2026-02-28,5.03,17.35,84.79,0,1.86,169.01,1013.98,1054.12,3.33,7.162,680.0,0.021,PM2.5-1HR
194,840060010015,2026-02-28,2.7,18.41,74.83,0,1.53,342.75,1014.15,1481.82,0,2.5,680.0,0.032,PM2.5-1HR
194,840060130002,2026-02-28,1.6,19.65,74.13,0,1.43,171.3,1013.95,1916.52,0,2.5,680.0,0.019,PM2.5-1HR
194,840060131004,2026-02-28,7.69,17.07,84.79,0,1.86,169.01,1013.98,5226.97,3,6.7,680.0,0.044,PM2.5-1HR
194,840060410001,2026-02-28,4.46,18.39,80.75,0,1.07,275.89,1014,2402.3,2,5.3,680.0,0.135,PM2.5-1HR
194,840060750005,2026-02-28,6.82,16.37,87.5,0,2.03,227.21,1014.07,9386.17,3,6.7,680.0,0.064,PM2.5-1HR
194,840060010009,2026-03-01,3.82,14.1,89.25,0,1.72,248.49,1016.85,8161,1,3.9,680.0,0.019,PM2.5-1HR
194,840060010011,2026-03-01,2.17,13.9,91.38,0,2.34,219.83,1016.8,6169.93,0.33,2.962,680.0,0.037,PM2.5-1HR
194,840060010012,2026-03-01,5.16,13.9,91.38,0,2.34,219.83,1016.8,3394.18,0.5,3.2,680.0,0.018,PM2.5-1HR
194,840060010013,2026-03-01,2.09,14.18,89.46,0,2.54,215.63,1016.6,1054.12,0.33,2.962,680.0,0.021,PM2.5-1HR
194,840060010015,2026-03-01,2.16,13.95,87.96,0,2.24,245.55,1016.68,1481.82,0,2.5,680.0,0.032,PM2.5-1HR
194,840060130002,2026-03-01,1.95,14.73,87.25,0,2.78,219.45,1016.42,1916.52,0,2.5,680.0,0.019,PM2.5-1HR
194,840060131004,2026-03-01,5.45,13.9,89.42,0,2.54,215.63,1016.6,5226.97,1,3.9,680.0,0.044,PM2.5-1HR
194,840060410001,2026-03-01,2.28,14.3,86.96,0,1.81,233,1016.53,2402.3,0,2.5,680.0,0.135,PM2.5-1HR
194,840060750005,2026-03-01,4.02,14.08,89.04,0,2.88,243.83,1016.77,9386.17,1,3.9,680.0,0.064,PM2.5-1HR
194,840060811001,2026-03-01,2.54,13.67,89.08,0,1.64,252.52,1016.85,4011.86,0,2.5,680.0,0.461,PM2.5-1HR
194,840060010009,2026-03-02,2.94,13.75,86.63,0.04,1.96,210.79,1018.42,8161,1.5,4.6,680.0,0.019,PM2.5-1HR
194,840060010011,2026-03-02,3.32,13.85,88.21,0.03,1.95,199.97,1018.4,6169.93,1,3.9,680.0,0.037,PM2.5-1HR
194,840060010012,2026-03-02,5.72,13.85,88.21,0.03,1.95,199.97,1018.4,3394.18,0.75,3.55,680.0,0.018,PM2.5-1HR
194,840060010013,2026-03-02,1.93,13.98,88.04,0.06,2.16,203.34,1018.26,1054.12,1,3.9,680.0,0.021,PM2.5-1HR
194,840060010015,2026-03-02,2.69,13.64,84.88,0,1.5,247.54,1018.35,1481.82,0,2.5,680.0,0.032,PM2.5-1HR
194,840060130002,2026-03-02,2.47,14.48,83.92,0.02,1.85,221.84,1018.2,1916.52,0,2.5,680.0,0.019,PM2.5-1HR
194,840060131004,2026-03-02,3.87,13.7,88.04,0.06,2.16,203.34,1018.26,5226.97,0,2.5,680.0,0.044,PM2.5-1HR
194,840060410001,2026-03-02,1.55,14.07,87.63,0.04,1.51,199.44,1018.2,2402.3,0,2.5,680.0,0.135,PM2.5-1HR
194,840060750005,2026-03-02,3.5,13.83,88.29,0.1,2.32,212.93,1018.35,9386.17,0,2.5,680.0,0.064,PM2.5-1HR
194,840060811001,2026-03-02,2.42,13.34,87.17,0.12,1.52,224.69,1018.42,4011.86,0,2.5,680.0,0.461,PM2.5-1HR
194,840060010009,2026-03-03,2.87,13.54,89.54,0,1.74,239.42,1019.98,8161,0,2.5,680.0,0.019,PM2.5-1HR
194,840060010011,2026-03-03,5.79,13.35,89.5,0,1.66,201.8,1019.85,6169.93,0,2.5,680.0,0.037,PM2.5-1HR
194,840060010012,2026-03-03,6.28,13.35,89.5,0,1.66,201.8,1019.85,3394.18,0,2.5,680.0,0.018,PM2.5-1HR
194,840060010013,2026-03-03,1.65,13.43,88.88,0,1.57,204.12,1019.73,1054.12,0,2.5,680.0,0.021,PM2.5-1HR
194,840060010015,2026-03-03,2.31,13.67,88.29,0,1.63,238.5,1019.85,1481.82,0,2.5,680.0,0.032,PM2.5-1HR
194,840060130002,2026-03-03,2.24,13.99,87.54,0,2.01,218.52,1019.5,1916.52,0,2.5,680.0,0.019,PM2.5-1HR
194,840060131004,2026-03-03,5.69,13.16,88.83,0,1.57,204.12,1019.73,5226.97,0,2.5,680.0,0.044,PM2.5-1HR
194,840060410001,2026-03-03,3.28,13.76,86.63,0,1.66,240.94,1019.65,2402.3,0,2.5,680.0,0.135,PM2.5-1HR
194,840060750005,2026-03-03,3.35,13.5,87.63,0,2.53,247.8,1019.87,9386.17,0,2.5,680.0,0.064,PM2.5-1HR
194,840060811001,2026-03-03,2.22,13.3,88.13,0,2.05,240.42,1020.04,4011.86,0,2.5,680.0,0.461,PM2.5-1HR
194,840060010009,2026-03-04,4.23,13.38,78.21,0.01,3.77,279.09,1020.87,8161,0.5,3.2,680.0,0.019,PM2.5-1HR
194,840060010011,2026-03-04,5.16,13.4,76.83,0.01,3.41,268.5,1020.74,6169.93,1,3.9,680.0,0.037,PM2.5-1HR
194,840060010012,2026-03-04,6.89,13.4,76.83,0.01,3.41,268.5,1020.74,3394.18,0.75,3.55,680.0,0.018,PM2.5-1HR
194,840060010013,2026-03-04,2.95,13.64,73.33,0,3.59,281.55,1020.67,1054.12,1,3.9,680.0,0.021,PM2.5-1HR
194,840060010015,2026-03-04,3.43,12.9,79.46,0,3.34,252.82,1020.68,1481.82,0,2.5,680.0,0.032,PM2.5-1HR
194,840060130002,2026-03-04,3.56,13.63,75.79,0,3.91,257.25,1020.4,1916.52,0,2.5,680.0,0.019,PM2.5-1HR
194,840060131004,2026-03-04,3.43,13.37,73.29,0,3.59,281.55,1020.67,5226.97,0,2.5,680.0,0.044,PM2.5-1HR
194,840060410001,2026-03-04,4.09,13.36,75.21,0,4.45,289.17,1020.66,2402.3,0,2.5,680.0,0.135,PM2.5-1HR
194,840060750005,2026-03-04,3.87,13.69,73.71,0.01,4.44,286.39,1020.84,9386.17,0,2.5,680.0,0.064,PM2.5-1HR
194,840060811001,2026-03-04,2.85,13.01,78.21,0.01,4.32,282.45,1021.17,4011.86,0,2.5,680.0,0.461,PM2.5-1HR
194,840060010009,2026-03-05,5.84,13,65.29,0,3.17,329.71,1021.32,8161,0.5,3.2,680.0,0.019,PM2.5-1HR
194,840060010011,2026-03-05,4.36,12.92,67.54,0,3.39,341.47,1021.47,6169.93,0.67,3.438,680.0,0.037,PM2.5-1HR
194,840060010012,2026-03-05,4.49,12.92,67.54,0,3.39,341.47,1021.47,3394.18,0.5,3.2,680.0,0.018,PM2.5-1HR
194,840060010013,2026-03-05,4.29,13.2,64.08,0,3.95,326.52,1021.49,1054.12,0.67,3.438,680.0,0.021,PM2.5-1HR
194,840060010015,2026-03-05,2.55,11.9,61.92,0,2.28,307.13,1021.08,1481.82,0,2.5,680.0,0.032,PM2.5-1HR
194,840060130002,2026-03-05,2.03,12.68,61.96,0,2.21,297.51,1021.26,1916.52,0,2.5,680.0,0.019,PM2.5-1HR
194,840060131004,2026-03-05,9.98,12.92,64.04,0,3.95,326.52,1021.49,5226.97,1,3.9,680.0,0.044,PM2.5-1HR
194,840060410001,2026-03-05,4.15,12.6,66.38,0,4.37,309.08,1021.67,2402.3,0,2.5,680.0,0.135,PM2.5-1HR
194,840060750005,2026-03-05,6.32,13.38,61.63,0,3.28,335.97,1021.5,9386.17,0,2.5,680.0,0.064,PM2.5-1HR
194,840060811001,2026-03-05,5.49,12.32,71.29,0,3.75,295.63,1021.59,4011.86,1,3.9,680.0,0.461,PM2.5-1HR
194,840060010009,2026-03-06,5.08,15.3,42.5,0,2.59,7.83,1020.55,8161,0,2.5,680.0,0.019,PM2.5-1HR
194,840060010011,2026-03-06,5.62,15.14,46.25,0,2.72,8.69,1020.65,6169.93,0.67,3.438,680.0,0.037,PM2.5-1HR
194,840060010012,2026-03-06,3.57,15.14,46.25,0,2.72,8.69,1020.65,3394.18,0.5,3.2,680.0,0.018,PM2.5-1HR
194,840060010013,2026-03-06,4,15.78,43,0,3.15,348.03,1020.72,1054.12,0.67,3.438,680.0,0.021,PM2.5-1HR
194,840060010015,2026-03-06,2.49,14.4,44.04,0,3.32,17.94,1020.53,1481.82,0,2.5,680.0,0.032,PM2.5-1HR
194,840060130002,2026-03-06,2.6,15.03,43.83,0,2.94,22.89,1020.69,1916.52,0,2.5,680.0,0.019,PM2.5-1HR
194,840060131004,2026-03-06,2.41,15.52,42.96,0,3.15,348.03,1020.72,5226.97,0,2.5,680.0,0.044,PM2.5-1HR
194,840060410001,2026-03-06,1.76,15.6,43.88,0,3.35,337.98,1020.83,2402.3,0,2.5,680.0,0.135,PM2.5-1HR
194,840060750005,2026-03-06,4.85,16.75,34.67,0,3.44,354.95,1020.7,9386.17,0,2.5,680.0,0.064,PM2.5-1HR
194,840060811001,2026-03-06,3.71,14.66,54.17,0,2.35,319.53,1020.68,4011.86,0,2.5,680.0,0.461,PM2.5-1HR
194,840060010009,2026-03-07,4.26,18.36,42.17,0,2.66,24.8,1019.31,8161,0,2.5,680.0,0.019,PM2.5-1HR
194,840060010011,2026-03-07,5.73,17.98,47.46,0,3.54,40.03,1019.38,6169.93,0.33,2.962,680.0,0.037,PM2.5-1HR
194,840060010012,2026-03-07,4.17,17.98,47.46,0,3.54,40.03,1019.38,3394.18,0.25,2.85,680.0,0.018,PM2.5-1HR
194,840060010013,2026-03-07,2.87,18.15,48.21,0,2.9,5.63,1019.38,1054.12,0.33,2.962,680.0,0.021,PM2.5-1HR
194,840060010015,2026-03-07,2.46,15.62,58.25,0,2.51,55.17,1019.52,1481.82,0,2.5,680.0,0.032,PM2.5-1HR
194,840060130002,2026-03-07,2.82,17.51,50.5,0,3.14,52.21,1019.71,1916.52,0,2.5,680.0,0.019,PM2.5-1HR
194,840060131004,2026-03-07,3.1,17.88,48.13,0,2.9,5.63,1019.38,5226.97,0,2.5,680.0,0.044,PM2.5-1HR
194,840060410001,2026-03-07,1.68,18.04,49.83,0,2.58,344.36,1019.55,2402.3,0,2.5,680.0,0.135,PM2.5-1HR
194,840060750005,2026-03-07,4.13,18.42,44.96,0,3.1,2.64,1019.34,9386.17,0,2.5,680.0,0.064,PM2.5-1HR
194,840060811001,2026-03-07,2.71,16.03,55.33,0,1.28,223.22,1019.52,4011.86,0,2.5,680.0,0.461,PM2.5-1HR
194,840060010009,2026-03-08,7.95,16.88,63.04,0,1.56,293.19,1015.54,8161,5,9.5,680.0,0.019,PM2.5-1HR
194,840060010011,2026-03-08,8.5,16.52,69.65,0,1.39,345.53,1015.5,6169.93,4.67,9.038,680.0,0.037,PM2.5-1HR
194,840060010012,2026-03-08,9.91,16.52,69.65,0,1.39,345.53,1015.5,3394.18,4.25,8.45,680.0,0.018,PM2.5-1HR
194,840060010013,2026-03-08,6.38,15.7,73.74,0,1.54,185.19,1015.52,1054.12,4.67,9.038,680.0,0.021,PM2.5-1HR
194,840060010015,2026-03-08,4.89,16.8,67.91,0,1.04,293.56,1015.4,1481.82,2,5.3,680.0,0.032,PM2.5-1HR
194,840060130002,2026-03-08,6.29,17.47,65.96,0,1.11,352.63,1015.43,1916.52,2,5.3,680.0,0.019,PM2.5-1HR
194,840060131004,2026-03-08,8.07,15.43,73.74,0,1.54,185.19,1015.52,5226.97,3,6.7,680.0,0.044,PM2.5-1HR
194,840060410001,2026-03-08,5.09,16.62,74.7,0,0.9,205,1015.45,2402.3,1,3.9,680.0,0.135,PM2.5-1HR
194,840060750005,2026-03-08,8.86,15.54,71.22,0,1.96,270.4,1015.6,9386.17,3,6.7,680.0,0.064,PM2.5-1HR
194,840060811001,2026-03-08,4.82,15.78,67.39,0,1.68,264.83,1015.51,4011.86,0,2.5,680.0,0.461,PM2.5-1HR
194,840060010009,2026-03-09,10.25,14.45,80.29,0,1.64,232.7,1012.24,8161,4.5,8.8,680.0,0.019,PM2.5-1HR
194,840060010011,2026-03-09,11.6,14.87,81.46,0,2.05,200.57,1012.06,6169.93,5.33,9.962,680.0,0.037,PM2.5-1HR
194,840060010012,2026-03-09,11.91,14.87,81.46,0,2.05,200.57,1012.06,3394.18,5,9.5,680.0,0.018,PM2.5-1HR
194,840060010013,2026-03-09,8.74,14.9,79.04,0,1.63,206.9,1012.02,1054.12,5.33,9.962,680.0,0.021,PM2.5-1HR
194,840060010015,2026-03-09,7.16,14.68,79.38,0,1.41,273.24,1011.9,1481.82,2,5.3,680.0,0.032,PM2.5-1HR
194,840060130002,2026-03-09,7.48,16.01,74.29,0,1.94,218.47,1011.65,1916.52,3,6.7,680.0,0.019,PM2.5-1HR
194,840060131004,2026-03-09,9.05,14.63,79,0,1.63,206.9,1012.02,5226.97,3,6.7,680.0,0.044,PM2.5-1HR
194,840060410001,2026-03-09,4.54,14.21,79.04,0,1.32,292.34,1011.96,2402.3,1,3.9,680.0,0.135,PM2.5-1HR
194,840060750005,2026-03-09,13.12,14.14,78,0,2.37,232.37,1012.1,9386.17,8,13.7,680.0,0.064,PM2.5-1HR
194,840060811001,2026-03-09,9.41,13.4,78.25,0,2.38,256.91,1012.33,4011.86,3,6.7,680.0,0.461,PM2.5-1HR
194,840060010009,2026-03-10,9.9,12.85,75.79,0,2.45,217.98,1019.73,8161,7,12.3,680.0,0.019,PM2.5-1HR
194,840060010011,2026-03-10,10.66,13.55,73,0,2.24,202.67,1019.38,6169.93,6.33,11.362,680.0,0.037,PM2.5-1HR
194,840060010012,2026-03-10,11.72,13.55,73,0,2.24,202.67,1019.38,3394.18,6.25,11.25,680.0,0.018,PM2.5-1HR
194,840060010013,2026-03-10,8.57,14.14,64,0,1.72,211.25,1019.26,1054.12,6.33,11.362,680.0,0.021,PM2.5-1HR
194,840060010015,2026-03-10,8.73,12.26,78.25,0,2.12,247.11,1019.56,1481.82,5,9.5,680.0,0.032,PM2.5-1HR
194,840060130002,2026-03-10,9.04,14.12,70.75,0,2.93,217.35,1018.97,1916.52,5,9.5,680.0,0.019,PM2.5-1HR
194,840060131004,2026-03-10,11.4,13.86,64,0,1.72,211.25,1019.26,5226.97,4,8.1,680.0,0.044,PM2.5-1HR
194,840060750005,2026-03-10,11.11,13.35,66.79,0,2.11,237.43,1019.38,9386.17,9,15.1,680.0,0.064,PM2.5-1HR
194,840060811001,2026-03-10,8.26,11.98,73.25,0,2.9,237.75,1019.89,4011.86,6,10.9,680.0,0.461,PM2.5-1HR
194,840060010009,2026-03-11,7.44,14.86,65.83,0,1.23,270.42,1027.23,8161,4.5,8.8,680.0,0.019,PM2.5-1HR
194,840060010011,2026-03-11,8.99,15.47,63.46,0,1.33,33.09,1027.23,6169.93,4,8.1,680.0,0.037,PM2.5-1HR
194,840060010012,2026-03-11,9.42,15.47,63.46,0,1.33,33.09,1027.23,3394.18,4,8.1,680.0,0.018,PM2.5-1HR
194,840060010013,2026-03-11,6.29,15.46,61.46,0,0.97,310.66,1027.3,1054.12,4,8.1,680.0,0.021,PM2.5-1HR
194,840060010015,2026-03-11,5.88,14.76,63.96,0,1.14,340.07,1027.1,1481.82,1,3.9,680.0,0.032,PM2.5-1HR
194,840060130002,2026-03-11,5.7,16.1,56.83,0,1.19,16.11,1027.08,1916.52,1,3.9,680.0,0.019,PM2.5-1HR
194,840060131004,2026-03-11,4.78,15.18,61.25,0,0.97,310.66,1027.3,5226.97,3,6.7,680.0,0.044,PM2.5-1HR
194,840060410001,2026-03-11,5.49,14.53,62.42,0,1.08,312.47,1027.28,2402.3,2,5.3,680.0,0.135,PM2.5-1HR
194,840060750005,2026-03-11,8.77,14.51,64.92,0,1.4,275.51,1027.32,9386.17,3,6.7,680.0,0.064,PM2.5-1HR
194,840060811001,2026-03-11,6.47,13.6,63.33,0,1.7,252.06,1027.36,4011.86,2,5.3,680.0,0.461,PM2.5-1HR
194,840060010009,2026-03-12,7.2,15.9,65.17,0,1.09,282.66,1025.72,8161,2,5.3,680.0,0.019,PM2.5-1HR
194,840060010011,2026-03-12,7.92,16.38,64.58,0,1.11,183.61,1025.6,6169.93,3.33,7.162,680.0,0.037,PM2.5-1HR
194,840060010012,2026-03-12,8.92,16.38,64.58,0,1.11,183.61,1025.6,3394.18,2.75,6.35,680.0,0.018,PM2.5-1HR
194,840060010013,2026-03-12,7.77,16.37,65.88,0,0.86,173.33,1025.63,1054.12,3.33,7.162,680.0,0.021,PM2.5-1HR
194,840060010015,2026-03-12,5.51,16.96,62.04,0,0.98,299.27,1025.4,1481.82,1,3.9,680.0,0.032,PM2.5-1HR
194,840060130002,2026-03-12,3.25,18.77,49.33,0,1.09,221.2,1025.33,1916.52,0,2.5,680.0,0.019,PM2.5-1HR
194,840060131004,2026-03-12,7.57,16.1,65.88,0,0.86,173.33,1025.63,5226.97,1,3.9,680.0,0.044,PM2.5-1HR
194,840060410001,2026-03-12,4.5,16.18,62.17,0,1.08,307.5,1025.54,2402.3,0,2.5,680.0,0.135,PM2.5-1HR
194,840060750005,2026-03-12,8.99,14.69,68.17,0,1.42,203.19,1025.72,9386.17,4,8.1,680.0,0.064,PM2.5-1HR
194,840060811001,2026-03-12,5,15.29,56.21,0,1.56,259.54,1025.75,4011.86,1,3.9,680.0,0.461,PM2.5-1HR
194,840060010009,2026-03-13,8.83,14.61,72.96,0,1.32,216.64,1019.83,8161,4,8.1,680.0,0.019,PM2.5-1HR
194,840060010011,2026-03-13,10.71,14.89,78.04,0,2.09,192.1,1019.64,6169.93,4.33,8.562,680.0,0.037,PM2.5-1HR
194,840060010012,2026-03-13,8.42,14.89,78.04,0,2.09,192.1,1019.64,3394.18,4.5,8.8,680.0,0.018,PM2.5-1HR
194,840060010013,2026-03-13,9.41,15.47,71.92,0,1.73,176.86,1019.59,1054.12,4.33,8.562,680.0,0.021,PM2.5-1HR
194,840060010015,2026-03-13,6.29,15.18,70.33,0,1.24,259.2,1019.44,1481.82,2,5.3,680.0,0.032,PM2.5-1HR
194,840060130002,2026-03-13,5.33,16.9,59.67,0,1.92,218.74,1019.15,1916.52,2,5.3,680.0,0.019,PM2.5-1HR
194,840060131004,2026-03-13,7.13,15.19,71.88,0,1.73,176.86,1019.59,5226.97,3,6.7,680.0,0.044,PM2.5-1HR
194,840060410001,2026-03-13,5.86,15.37,67.25,0,0.99,283.5,1019.46,2402.3,0,2.5,680.0,0.135,PM2.5-1HR
194,840060750005,2026-03-13,8.54,14.29,71.63,0,1.74,200.88,1019.7,9386.17,2,5.3,680.0,0.064,PM2.5-1HR
194,840060811001,2026-03-13,5.5,13.84,67.38,0,2.12,257.89,1019.88,4011.86,3,6.7,680.0,0.461,PM2.5-1HR
194,840060010009,2026-03-14,5.96,14.47,79.83,0,1.7,220.96,1018.38,8161,2,5.3,680.0,0.019,PM2.5-1HR
194,840060010011,2026-03-14,6.75,15.45,77.63,0,1.89,196.59,1018.05,6169.93,3.67,7.638,680.0,0.037,PM2.5-1HR
194,840060010012,2026-03-14,11.09,15.45,77.63,0,1.89,196.59,1018.05,3394.18,3,6.7,680.0,0.018,PM2.5-1HR
194,840060010013,2026-03-14,7.17,16.4,68.88,0,1.59,188.06,1017.92,1054.12,3.67,7.638,680.0,0.021,PM2.5-1HR
194,840060010015,2026-03-14,4.13,14.85,77.21,0,1.85,249.96,1018.07,1481.82,0,2.5,680.0,0.032,PM2.5-1HR
194,840060130002,2026-03-14,2.57,17.09,63.63,0,2.18,225.5,1017.55,1916.52,0,2.5,680.0,0.019,PM2.5-1HR
194,840060131004,2026-03-14,10.72,16.13,68.83,0,1.59,188.06,1017.92,5226.97,3,6.7,680.0,0.044,PM2.5-1HR
194,840060410001,2026-03-14,5.45,16.05,66.79,0,1.79,282.04,1017.83,2402.3,1,3.9,680.0,0.135,PM2.5-1HR
194,840060750005,2026-03-14,7.07,15.57,69.08,0,1.89,229.6,1018.08,9386.17,4,8.1,680.0,0.064,PM2.5-1HR
194,840060811001,2026-03-14,4.71,14.49,72.96,0,2.47,257.62,1018.46,4011.86,0,2.5,680.0,0.461,PM2.5-1HR
194,840060010009,2026-03-15,5.99,17.2,69.25,0,1.12,63.75,1019.08,8161,2,5.3,680.0,0.019,PM2.5-1HR
194,840060010011,2026-03-15,8.35,18.01,66.67,0,1.1,45.92,1019.03,6169.93,3,6.7,680.0,0.037,PM2.5-1HR
194,840060010012,2026-03-15,7.63,18.01,66.67,0,1.1,45.92,1019.03,3394.18,2.5,6.0,680.0,0.018,PM2.5-1HR
194,840060010013,2026-03-15,7.23,18.28,65.38,0,0.86,184.72,1019.02,1054.12,3,6.7,680.0,0.021,PM2.5-1HR
194,840060010015,2026-03-15,3.3,18.45,56.42,0,1.22,349.9,1018.93,1481.82,0,2.5,680.0,0.032,PM2.5-1HR
194,840060130002,2026-03-15,3.78,19.98,53.08,0,1.35,6.34,1018.91,1916.52,0,2.5,680.0,0.019,PM2.5-1HR
194,840060131004,2026-03-15,6.73,18,65.33,0,0.86,184.72,1019.02,5226.97,0,2.5,680.0,0.044,PM2.5-1HR
194,840060410001,2026-03-15,3.34,18.59,58.33,0,1.15,297.34,1018.96,2402.3,0,2.5,680.0,0.135,PM2.5-1HR
194,840060750005,2026-03-15,8.05,16.08,71.17,0,1.59,206.47,1019.13,9386.17,1,3.9,680.0,0.064,PM2.5-1HR
194,840060811001,2026-03-15,4.12,16.38,64.25,0,1.51,251.33,1019.17,4011.86,0,2.5,680.0,0.461,PM2.5-1HR
194,840060010009,2026-03-16,7.19,20.85,43.92,0,1.06,18.57,1017.27,8161,3,6.7,680.0,0.019,PM2.5-1HR
194,840060010011,2026-03-16,9.72,20.99,48.25,0,1.05,76.61,1017.28,6169.93,3.67,7.638,680.0,0.037,PM2.5-1HR
194,840060010012,2026-03-16,10.07,20.99,48.25,0,1.05,76.61,1017.28,3394.18,3.5,7.4,680.0,0.018,PM2.5-1HR
194,840060010013,2026-03-16,7.11,20.33,55.83,0,1.03,67.41,1017.26,1054.12,3.67,7.638,680.0,0.021,PM2.5-1HR
194,840060010015,2026-03-16,4.08,20.97,42,0,1.19,54.49,1017.42,1481.82,0,2.5,680.0,0.032,PM2.5-1HR
194,840060130002,2026-03-16,4.42,22.3,38.04,0,1.65,91.42,1017.45,1916.52,0,2.5,680.0,0.019,PM2.5-1HR
194,840060131004,2026-03-16,5.81,20.05,55.67,0,1.03,67.41,1017.26,5226.97,2,5.3,680.0,0.044,PM2.5-1HR
194,840060410001,2026-03-16,4.07,21.13,48.75,0,0.68,325.08,1017.27,2402.3,1,3.9,680.0,0.135,PM2.5-1HR
194,840060750005,2026-03-16,9.25,18,57.92,0,1.41,271.29,1017.34,9386.17,1,3.9,680.0,0.064,PM2.5-1HR
194,840060811001,2026-03-16,4.62,19.83,46.75,0,1,224.34,1017.35,4011.86,0,2.5,680.0,0.461,PM2.5-1HR
194,840060010009,2026-03-17,9.71,22.71,48.46,0,0.9,24.41,1015.45,8161,7,12.3,680.0,0.019,PM2.5-1HR
194,840060010011,2026-03-17,12.06,21.79,57.08,0,1.77,50.99,1015.61,6169.93,6.67,11.838,680.0,0.037,PM2.5-1HR
194,840060010012,2026-03-17,12.13,21.79,57.08,0,1.77,50.99,1015.61,3394.18,6.5,11.6,680.0,0.018,PM2.5-1HR
194,840060010013,2026-03-17,6.95,20.68,59.13,0,1.88,31.21,1015.68,1054.12,6.67,11.838,680.0,0.021,PM2.5-1HR
194,840060010015,2026-03-17,6.66,21.55,54.96,0,1.26,55.92,1015.79,1481.82,1,3.9,680.0,0.032,PM2.5-1HR
194,840060130002,2026-03-17,6.8,22.87,50.33,0,1.24,68.3,1015.85,1916.52,3,6.7,680.0,0.019,PM2.5-1HR
194,840060131004,2026-03-17,8.85,20.4,59.08,0,1.88,31.21,1015.68,5226.97,4,8.1,680.0,0.044,PM2.5-1HR
194,840060410001,2026-03-17,6.96,20.56,57.83,0,0.94,341.27,1015.79,2402.3,3,6.7,680.0,0.135,PM2.5-1HR
194,840060750005,2026-03-17,10.96,20.4,60.13,0,1.82,332.97,1015.55,9386.17,5,9.5,680.0,0.064,PM2.5-1HR
194,840060811001,2026-03-17,8.71,20.95,50.33,0,1.38,273.32,1015.53,4011.86,4,8.1,680.0,0.461,PM2.5-1HR
194,840060010009,2026-03-18,11.63,21.74,66.21,0,1.32,318.22,1016.93,8161,6,10.9,680.0,0.019,PM2.5-1HR
194,840060010011,2026-03-18,8.74,22.47,63.83,0,1.01,45.58,1016.96,6169.93,3.67,7.638,680.0,0.037,PM2.5-1HR
194,840060010012,2026-03-18,11.24,22.47,63.83,0,1.01,45.58,1016.96,3394.18,4.25,8.45,680.0,0.018,PM2.5-1HR
194,840060010013,2026-03-18,6.31,21.23,71.54,0,1.22,20.24,1017.01,1054.12,3.67,7.638,680.0,0.021,PM2.5-1HR
194,840060010015,2026-03-18,9.49,22.61,61.79,0,0.84,66.88,1017.1,1481.82,5,9.5,680.0,0.032,PM2.5-1HR
194,840060130002,2026-03-18,7.99,23.63,56.83,0,1.04,73.48,1017.17,1916.52,3,6.7,680.0,0.019,PM2.5-1HR
194,840060131004,2026-03-18,7.13,20.95,71.54,0,1.22,20.24,1017.01,5226.97,3,6.7,680.0,0.044,PM2.5-1HR
194,840060410001,2026-03-18,6.76,21.02,56.04,0,0.85,331.39,1017.13,2402.3,0,2.5,680.0,0.135,PM2.5-1HR
194,840060750005,2026-03-18,9.78,19.46,64.08,0,1.8,267.75,1017,9386.17,4,8.1,680.0,0.064,PM2.5-1HR
194,840060811001,2026-03-18,9.87,20.92,58,0,1.2,280.59,1016.98,4011.86,5,9.5,680.0,0.461,PM2.5-1HR
194,840060010009,2026-03-19,10.93,21.6,64.71,0,0.92,327.44,1018.63,8161,4.5,8.8,680.0,0.019,PM2.5-1HR
194,840060010011,2026-03-19,7.28,21.81,64.96,0,1.64,55.41,1018.67,6169.93,1,3.9,680.0,0.037,PM2.5-1HR
194,840060010012,2026-03-19,9.56,21.81,64.96,0,1.64,55.41,1018.67,3394.18,2.25,5.65,680.0,0.018,PM2.5-1HR
194,840060010013,2026-03-19,5.7,20.41,68.83,0,1.38,44.31,1018.73,1054.12,1,3.9,680.0,0.021,PM2.5-1HR
194,840060010015,2026-03-19,8.85,22.18,66.38,0,1.1,36.05,1018.77,1481.82,3,6.7,680.0,0.032,PM2.5-1HR
194,840060130002,2026-03-19,7.31,23.31,58.58,0,1.24,112.79,1018.79,1916.52,4,8.1,680.0,0.019,PM2.5-1HR
194,840060131004,2026-03-19,7.29,20.13,68.79,0,1.38,44.31,1018.73,5226.97,0,2.5,680.0,0.044,PM2.5-1HR
194,840060410001,2026-03-19,6.57,20.51,58.42,0,0.83,330.05,1018.77,2402.3,2,5.3,680.0,0.135,PM2.5-1HR
194,840060750005,2026-03-19,7.52,19.32,65.33,0,1.51,284.54,1018.7,9386.17,1,3.9,680.0,0.064,PM2.5-1HR
194,840060811001,2026-03-19,9.32,19.52,64.58,0,1.36,270.85,1018.75,4011.86,5,9.5,680.0,0.461,PM2.5-1HR
194,840060010009,2026-03-20,10.46,22.57,61.75,0,1.17,327.48,1014.34,8161,6,10.9,680.0,0.019,PM2.5-1HR
194,840060010011,2026-03-20,9.91,23.22,55,0,1.13,65.57,1014.39,6169.93,6,10.9,680.0,0.037,PM2.5-1HR
194,840060010012,2026-03-20,12.63,23.22,55,0,1.13,65.57,1014.39,3394.18,5.75,10.55,680.0,0.018,PM2.5-1HR
194,840060010013,2026-03-20,8.95,21.35,66.25,0,1.4,355.78,1014.39,1054.12,6,10.9,680.0,0.021,PM2.5-1HR
194,840060010015,2026-03-20,6.75,23.84,52.79,0,1.05,25.28,1014.48,1481.82,0,2.5,680.0,0.032,PM2.5-1HR
194,840060130002,2026-03-20,6.4,25.19,45.71,0,1.32,97.19,1014.46,1916.52,3,6.7,680.0,0.019,PM2.5-1HR
194,840060131004,2026-03-20,8.03,21.06,66.21,0,1.4,355.78,1014.39,5226.97,3,6.7,680.0,0.044,PM2.5-1HR
194,840060410001,2026-03-20,6.53,22.75,55.25,0,0.56,315.76,1014.4,2402.3,3,6.7,680.0,0.135,PM2.5-1HR
194,840060750005,2026-03-20,11.79,19.51,60.42,0,1.82,286.03,1014.43,9386.17,5,9.5,680.0,0.064,PM2.5-1HR
194,840060811001,2026-03-20,10.47,21.6,57.58,0,1.16,239.56,1014.43,4011.86,6,10.9,680.0,0.461,PM2.5-1HR
194,840060010009,2026-03-21,12.5,18.34,66.54,0,1.67,262.17,1014.32,8161,8.5,14.4,680.0,0.019,PM2.5-1HR
194,840060010011,2026-03-21,13.57,19.15,64.83,0,1.73,222.86,1014.11,6169.93,8.33,14.162,680.0,0.037,PM2.5-1HR
194,840060010012,2026-03-21,12.92,19.15,64.83,0,1.73,222.86,1014.11,3394.18,8.5,14.4,680.0,0.018,PM2.5-1HR
194,840060010013,2026-03-21,11.51,18.79,62.54,0,2.38,203.04,1014,1054.12,8.33,14.162,680.0,0.021,PM2.5-1HR
194,840060010015,2026-03-21,8.37,19.9,61.92,0,1.64,263.07,1014.01,1481.82,5,9.5,680.0,0.032,PM2.5-1HR
194,840060130002,2026-03-21,6.58,21.81,51.54,0,2.62,230.48,1013.65,1916.52,2,5.3,680.0,0.019,PM2.5-1HR
194,840060131004,2026-03-21,14.34,18.52,62.5,0,2.38,203.04,1014,5226.97,4,8.1,680.0,0.044,PM2.5-1HR
194,840060410001,2026-03-21,8.25,18.75,60.96,0,2.12,273.08,1013.88,2402.3,5,9.5,680.0,0.135,PM2.5-1HR
194,840060750005,2026-03-21,13.32,17.39,63.83,0,2.67,236.45,1014.2,9386.17,10,16.5,680.0,0.064,PM2.5-1HR
194,840060811001,2026-03-21,9.16,17.32,66.96,0,2.61,270.6,1014.4,4011.86,5,9.5,680.0,0.461,PM2.5-1HR
194,840060010009,2026-03-22,13.98,15.44,72.08,0,1.69,228.05,1015.43,8161,8,13.7,680.0,0.019,PM2.5-1HR
194,840060010011,2026-03-22,16.17,15.53,74.25,0,2.35,198.41,1015.18,6169.93,9.67,16.038,680.0,0.037,PM2.5-1HR
194,840060010012,2026-03-22,16.03,15.53,74.25,0,2.35,198.41,1015.18,3394.18,8.75,14.75,680.0,0.018,PM2.5-1HR
194,840060010013,2026-03-22,13.62,15.83,68.67,0,2.59,174.36,1015,1054.12,9.67,16.038,680.0,0.021,PM2.5-1HR
194,840060010015,2026-03-22,8.95,17.07,67.67,0,1.73,249.41,1015,1481.82,5,9.5,680.0,0.032,PM2.5-1HR
194,840060130002,2026-03-22,8.02,18.94,53.17,0,2.09,213.54,1014.51,1916.52,1,3.9,680.0,0.019,PM2.5-1HR
194,840060131004,2026-03-22,19.28,15.55,68.63,0,2.59,174.36,1015,5226.97,9,15.1,680.0,0.044,PM2.5-1HR
194,840060410001,2026-03-22,9.75,17.28,64.13,0,1.26,215.32,1014.76,2402.3,4,8.1,680.0,0.135,PM2.5-1HR
194,840060750005,2026-03-22,15.88,14.25,71.04,0,2.49,218.03,1015.23,9386.17,11,17.9,680.0,0.064,PM2.5-1HR
194,840060811001,2026-03-22,11.57,15.13,69.33,0,1.95,272.33,1015.4,4011.86,6,10.9,680.0,0.461,PM2.5-1HR
194,840060010009,2026-03-23,9.78,16.57,62.04,0,1.48,210.16,1017.29,8161,5.5,10.2,680.0,0.019,PM2.5-1HR
194,840060010011,2026-03-23,13.25,17.43,65.17,0,2.03,203.1,1017.06,6169.93,5.33,9.962,680.0,0.037,PM2.5-1HR
194,840060010012,2026-03-23,12.34,17.43,65.17,0,2.03,203.1,1017.06,3394.18,5.5,10.2,680.0,0.018,PM2.5-1HR
194,840060010013,2026-03-23,10.9,17.53,56.33,0,2.49,199.33,1016.93,1054.12,5.33,9.962,680.0,0.021,PM2.5-1HR
194,840060010015,2026-03-23,6.33,17.82,59.13,0,1.84,254.72,1016.92,1481.82,3,6.7,680.0,0.032,PM2.5-1HR
194,840060130002,2026-03-23,5.86,20.03,42.83,0,2.58,230.08,1016.53,1916.52,2,5.3,680.0,0.019,PM2.5-1HR
194,840060131004,2026-03-23,13.96,17.25,56.33,0,2.49,199.33,1016.93,5226.97,3,6.7,680.0,0.044,PM2.5-1HR
194,840060410001,2026-03-23,8.78,17.98,48.88,0,1.82,242.69,1016.79,2402.3,3,6.7,680.0,0.135,PM2.5-1HR
194,840060750005,2026-03-23,10.9,16.38,52.54,0,2.43,220.38,1017.13,9386.17,6,10.9,680.0,0.064,PM2.5-1HR
194,840060811001,2026-03-23,7.27,16.82,53.67,0,2.16,260.21,1017.32,4011.86,1,3.9,680.0,0.461,PM2.5-1HR
194,840060010009,2026-03-24,5.16,17.86,50.92,0,1.38,242.63,1017.68,8161,0,2.5,680.0,0.019,PM2.5-1HR
194,840060010011,2026-03-24,8.61,18.15,56.67,0,1.49,208.23,1017.53,6169.93,1.67,4.838,680.0,0.037,PM2.5-1HR
194,840060010012,2026-03-24,6.42,18.15,56.67,0,1.49,208.23,1017.53,3394.18,1.25,4.25,680.0,0.018,PM2.5-1HR
194,840060010013,2026-03-24,6.93,18.68,52.08,0,1.49,202.52,1017.46,1054.12,1.67,4.838,680.0,0.021,PM2.5-1HR
194,840060010015,2026-03-24,4.5,19.07,44.08,0,1.66,261.82,1017.45,1481.82,0,2.5,680.0,0.032,PM2.5-1HR
194,840060130002,2026-03-24,2.95,21.03,33.88,0,1.87,235.09,1017.22,1916.52,0,2.5,680.0,0.019,PM2.5-1HR
194,840060131004,2026-03-24,9.34,18.4,52.04,0,1.49,202.52,1017.46,5226.97,1,3.9,680.0,0.044,PM2.5-1HR
194,840060410001,2026-03-24,4.45,18.8,37.63,0,1.56,277.86,1017.43,2402.3,0,2.5,680.0,0.135,PM2.5-1HR
194,840060750005,2026-03-24,8.15,16.83,47.83,0,2.32,215.84,1017.66,9386.17,2,5.3,680.0,0.064,PM2.5-1HR
194,840060811001,2026-03-24,2.86,18.01,40.04,0,1.91,274.23,1017.73,4011.86,0,2.5,680.0,0.461,PM2.5-1HR
194,840060010009,2026-03-25,5.29,15.09,71.33,0,2.11,233.63,1017.98,8161,3,6.7,680.0,0.019,PM2.5-1HR
194,840060010011,2026-03-25,7.45,16.13,68.33,0,2.36,200.01,1017.57,6169.93,3.33,7.162,680.0,0.037,PM2.5-1HR
194,840060010012,2026-03-25,10.2,16.13,68.33,0,2.36,200.01,1017.57,3394.18,2.75,6.35,680.0,0.018,PM2.5-1HR
194,840060010013,2026-03-25,6.08,17.43,56.5,0,2.32,198.6,1017.35,1054.12,3.33,7.162,680.0,0.021,PM2.5-1HR
194,840060010015,2026-03-25,3.59,15.49,64.5,0,2.47,240.09,1017.67,1481.82,0,2.5,680.0,0.032,PM2.5-1HR
194,840060130002,2026-03-25,2.92,18.33,51.04,0,3.33,217.94,1016.94,1916.52,0,2.5,680.0,0.019,PM2.5-1HR
194,840060131004,2026-03-25,4.72,17.14,56.42,0,2.32,198.6,1017.35,5226.97,1,3.9,680.0,0.044,PM2.5-1HR
194,840060410001,2026-03-25,3.94,16.77,50.67,0,2.85,269.09,1017.21,2402.3,0,2.5,680.0,0.135,PM2.5-1HR
194,840060750005,2026-03-25,8.18,15.79,59.04,0,3.17,243.03,1017.68,9386.17,2,5.3,680.0,0.064,PM2.5-1HR
194,840060811001,2026-03-25,2.99,15.06,61.08,0,3.31,256.75,1018.16,4011.86,0,2.5,680.0,0.461,PM2.5-1HR
194,840060010009,2026-03-26,7.58,16.73,60.75,0,1.66,294.43,1017.59,8161,4.5,8.8,680.0,0.019,PM2.5-1HR
194,840060010011,2026-03-26,9.43,16.48,66.38,0,1.88,80.37,1017.51,6169.93,5,9.5,680.0,0.037,PM2.5-1HR
194,840060010012,2026-03-26,9.68,16.48,66.38,0,1.88,80.37,1017.51,3394.18,4.25,8.45,680.0,0.018,PM2.5-1HR
194,840060010013,2026-03-26,7.95,17.13,59.75,0,1.57,35.18,1017.5,1054.12,5,9.5,680.0,0.021,PM2.5-1HR
194,840060010015,2026-03-26,4.91,16.3,60.13,0,2.16,7.9,1017.61,1481.82,0,2.5,680.0,0.032,PM2.5-1HR
194,840060130002,2026-03-26,5.07,17.37,52.29,0,2.74,95.91,1017.37,1916.52,0,2.5,680.0,0.019,PM2.5-1HR
194,840060131004,2026-03-26,5.53,16.85,59.63,0,1.57,35.18,1017.5,5226.97,3,6.7,680.0,0.044,PM2.5-1HR
194,840060410001,2026-03-26,4.86,16.38,53.63,0,1.41,316.12,1017.5,2402.3,0,2.5,680.0,0.135,PM2.5-1HR
194,840060750005,2026-03-26,9.82,15.62,61.38,0,1.85,250.19,1017.55,9386.17,3,6.7,680.0,0.064,PM2.5-1HR
194,840060811001,2026-03-26,5.47,14.99,62.08,0,2.11,248.97,1017.77,4011.86,1,3.9,680.0,0.461,PM2.5-1HR
194,840060811001,2026-03-27,3.98,18.09,42.88,0,1.29,240.7,1014.64,4011.86,0,2.5,680.0,0.461,PM2.5-1HR
194,840060010009,2026-03-27,4.91,18.65,43.21,0,1.56,25.09,1014.56,8161,3,6.7,680.0,0.019,PM2.5-1HR
194,840060010011,2026-03-27,10.92,18.3,51.13,0,1.71,88.09,1014.57,6169.93,4.67,9.038,680.0,0.037,PM2.5-1HR
194,840060010012,2026-03-27,10.47,18.3,51.13,0,1.71,88.09,1014.57,3394.18,3.75,7.75,680.0,0.018,PM2.5-1HR
194,840060010013,2026-03-27,9.55,19,55.71,0,1.29,57.7,1014.54,1054.12,4.67,9.038,680.0,0.021,PM2.5-1HR
194,840060010015,2026-03-27,4.7,18.65,41.75,0,1.18,24.83,1014.6,1481.82,0,2.5,680.0,0.032,PM2.5-1HR
194,840060130002,2026-03-27,4.13,20.33,32.33,0,1.79,68.98,1014.64,1916.52,1,3.9,680.0,0.019,PM2.5-1HR
194,840060131004,2026-03-27,6.82,18.72,55.67,0,1.29,57.7,1014.54,5226.97,1,3.9,680.0,0.044,PM2.5-1HR
194,840060410001,2026-03-27,4.9,18.93,43.5,0,1.17,316.23,1014.57,2402.3,0,2.5,680.0,0.135,PM2.5-1HR
194,840060750005,2026-03-27,9.44,17.55,54.17,0,1.85,34.19,1014.6,9386.17,5,9.5,680.0,0.064,PM2.5-1HR
194,840060811001,2026-03-28,7.83,16.34,59.5,0,1.76,276.36,1015.75,4011.86,3,6.7,680.0,0.461,PM2.5-1HR
194,840060010009,2026-03-28,10.62,17.23,58.96,0,1.5,295.27,1015.76,8161,6.5,11.6,680.0,0.019,PM2.5-1HR
194,840060010011,2026-03-28,13.07,16.59,64.92,0,1.61,215.59,1015.71,6169.93,7,12.3,680.0,0.037,PM2.5-1HR
194,840060010012,2026-03-28,11.62,16.59,64.92,0,1.61,215.59,1015.71,3394.18,6.75,11.95,680.0,0.018,PM2.5-1HR
194,840060010013,2026-03-28,10.52,16.78,60.17,0,2.03,196.99,1015.7,1054.12,7,12.3,680.0,0.021,PM2.5-1HR
194,840060010015,2026-03-28,6.28,18.93,50.46,0,0.88,281.51,1015.41,1481.82,1,3.9,680.0,0.032,PM2.5-1HR
194,840060130002,2026-03-28,5.44,19.87,42.71,0,1.94,241.58,1015.25,1916.52,1,3.9,680.0,0.019,PM2.5-1HR
194,840060131004,2026-03-28,17.08,16.51,60.08,0,2.03,196.99,1015.7,5226.97,5,9.5,680.0,0.044,PM2.5-1HR
194,840060410001,2026-03-28,7.99,17.65,60,0,0.85,235.75,1015.5,2402.3,4,8.1,680.0,0.135,PM2.5-1HR
194,840060750005,2026-03-28,12.79,14.75,68.46,0,2.23,240.35,1015.88,9386.17,7,12.3,680.0,0.064,PM2.5-1HR
194,840060811001,2026-03-29,7.28,19.88,44.63,0,1.53,267.53,1014.33,4011.86,3,6.7,680.0,0.461,PM2.5-1HR
194,840060010009,2026-03-29,10.7,20.05,48.38,0,1.49,313.65,1014.28,8161,7.5,13.0,680.0,0.019,PM2.5-1HR
194,840060010011,2026-03-29,12.91,20.08,55.96,0,0.99,35.58,1014.28,6169.93,6.67,11.838,680.0,0.037,PM2.5-1HR
194,840060010012,2026-03-29,12.93,20.08,55.96,0,0.99,35.58,1014.28,3394.18,7,12.3,680.0,0.018,PM2.5-1HR
194,840060010013,2026-03-29,11.33,20.03,60.38,0,0.99,193.31,1014.23,1054.12,6.67,11.838,680.0,0.021,PM2.5-1HR
194,840060010015,2026-03-29,7.12,21.46,45.54,0,1,353.07,1014.19,1481.82,4,8.1,680.0,0.032,PM2.5-1HR
194,840060130002,2026-03-29,6.82,23.72,35,0,1.23,309.13,1014.14,1916.52,2,5.3,680.0,0.019,PM2.5-1HR
194,840060131004,2026-03-29,9.05,19.77,60.38,0,0.99,193.31,1014.23,5226.97,4,8.1,680.0,0.044,PM2.5-1HR
194,840060410001,2026-03-29,8.24,20.9,49.58,0,0.91,277.01,1014.22,2402.3,3,6.7,680.0,0.135,PM2.5-1HR
194,840060750005,2026-03-29,12.5,18.35,56.29,0,1.53,243.85,1014.33,9386.17,5,9.5,680.0,0.064,PM2.5-1HR
194,840060811001,2026-03-30,7.46,18.81,44.21,0,1.18,243.66,1012.65,4011.86,3,6.7,680.0,0.461,PM2.5-1HR
194,840060010009,2026-03-30,9.79,19.09,48.83,0,1.3,328.01,1012.75,8161,7.5,13.0,680.0,0.019,PM2.5-1HR
194,840060010011,2026-03-30,11.88,18.09,57.21,0,1.76,197.13,1012.78,6169.93,6,10.9,680.0,0.037,PM2.5-1HR
194,840060010012,2026-03-30,10.78,18.09,57.21,0,1.76,197.13,1012.78,3394.18,6.25,11.25,680.0,0.018,PM2.5-1HR
194,840060010013,2026-03-30,8.94,17.22,60.58,0,2.54,207.29,1012.77,1054.12,6,10.9,680.0,0.021,PM2.5-1HR
194,840060010015,2026-03-30,7.91,19.91,46.46,0,1.29,260.63,1012.64,1481.82,3,6.7,680.0,0.032,PM2.5-1HR
194,840060130002,2026-03-30,7.12,21.26,38.71,0,1.86,213.16,1012.4,1916.52,4,8.1,680.0,0.019,PM2.5-1HR
194,840060131004,2026-03-30,10.38,16.94,60.5,0,2.54,207.29,1012.77,5226.97,3,6.7,680.0,0.044,PM2.5-1HR
194,840060410001,2026-03-30,6.78,17.81,56.29,0,1.73,222.77,1012.69,2402.3,3,6.7,680.0,0.135,PM2.5-1HR
194,840060750005,2026-03-30,11.28,16.57,57.83,0,1.95,246.26,1012.86,9386.17,6,10.9,680.0,0.064,PM2.5-1HR
194,840060811001,2026-03-31,6.71,15.67,79.17,0.72,2.3,183.85,1012.45,4011.86,4,8.1,680.0,0.461,PM2.5-1HR
194,840060010009,2026-03-31,7.54,15.8,81.21,0.6,2.45,189.92,1012.57,8161,5,9.5,680.0,0.019,PM2.5-1HR
194,840060010011,2026-03-31,8.04,15.58,85.04,0.43,3.36,200.03,1012.54,6169.93,4.33,8.562,680.0,0.037,PM2.5-1HR
194,840060010012,2026-03-31,10.01,15.58,85.04,0.43,3.36,200.03,1012.54,3394.18,4.25,8.45,680.0,0.018,PM2.5-1HR
194,840060010013,2026-03-31,7.16,15.36,83.71,0.58,3.79,199.29,1012.47,1054.12,4.33,8.562,680.0,0.021,PM2.5-1HR
194,840060010015,2026-03-31,6.31,15.51,80.71,0.49,2.21,239.1,1012.58,1481.82,3,6.7,680.0,0.032,PM2.5-1HR
194,840060130002,2026-03-31,6.17,16.25,79.38,0.55,3.3,207.25,1012.33,1916.52,1,3.9,680.0,0.019,PM2.5-1HR
194,840060131004,2026-03-31,8.15,15.08,83.67,0.58,3.79,199.29,1012.47,5226.97,4,8.1,680.0,0.044,PM2.5-1HR
194,840060410001,2026-03-31,6.77,14.88,89.21,0.48,2.78,199.22,1012.45,2402.3,4,8.1,680.0,0.135,PM2.5-1HR
194,840060750005,2026-03-31,9.68,15.51,81.13,0.27,3.57,196.78,1012.49,9386.17,6,10.9,680.0,0.064,PM2.5-1HR
194,840060010009,2026-04-01,4.44,14.12,88.46,0.35,3.7,209.34,1013.82,8161,0.5,3.2,680.0,0.019,PM2.5-1HR
194,840060010011,2026-04-01,5.53,13.82,90.96,0.43,4.19,214.5,1013.7,6169.93,0.67,3.438,680.0,0.037,PM2.5-1HR
194,840060010012,2026-04-01,5.62,13.82,90.96,0.43,4.19,214.5,1013.7,3394.18,0.75,3.55,680.0,0.018,PM2.5-1HR
194,840060010013,2026-04-01,3.91,13.88,87.04,0.31,4.53,215.42,1013.53,1054.12,0.67,3.438,680.0,0.021,PM2.5-1HR
194,840060010015,2026-04-01,5.24,13.76,87.17,0.2,3.31,224.74,1013.77,1481.82,0,2.5,680.0,0.032,PM2.5-1HR
194,840060130002,2026-04-01,8,14.27,86.63,0.14,4.03,210.31,1013.43,1916.52,2,5.3,680.0,0.019,PM2.5-1HR
194,840060131004,2026-04-01,3.76,13.6,87,0.31,4.53,215.42,1013.53,5226.97,0,2.5,680.0,0.044,PM2.5-1HR
194,840060410001,2026-04-01,4.71,13.62,90.29,0.25,3.6,216.01,1013.39,2402.3,0,2.5,680.0,0.135,PM2.5-1HR
194,840060750005,2026-04-01,7.01,14.03,85.79,0.21,4.33,220.95,1013.69,9386.17,2,5.3,680.0,0.064,PM2.5-1HR
194,840060811001,2026-04-01,4.71,14.05,86.67,0.11,3.24,212.63,1013.82,4011.86,1,3.9,680.0,0.461,PM2.5-1HR
194,840060010009,2026-04-02,4.65,13.43,69.42,0.13,3.07,311.81,1018.57,8161,1.5,4.6,680.0,0.019,PM2.5-1HR
194,840060010011,2026-04-02,7.32,13.19,70.13,0.15,3.09,327.97,1018.67,6169.93,1,3.9,680.0,0.037,PM2.5-1HR
194,840060010012,2026-04-02,5.04,13.19,70.13,0.15,3.09,327.97,1018.67,3394.18,1.25,4.25,680.0,0.018,PM2.5-1HR
194,840060010013,2026-04-02,4.66,13.45,64.38,0.12,3.31,322.68,1018.69,1054.12,1,3.9,680.0,0.021,PM2.5-1HR
194,840060010015,2026-04-02,3.7,12.76,68.29,0.18,2.55,313.73,1018.52,1481.82,0,2.5,680.0,0.032,PM2.5-1HR
194,840060130002,2026-04-02,2.62,13.25,68.25,0.13,2.7,310.18,1018.55,1916.52,0,2.5,680.0,0.019,PM2.5-1HR
194,840060131004,2026-04-02,4.17,13.18,64.29,0.12,3.31,322.68,1018.69,5226.97,1,3.9,680.0,0.044,PM2.5-1HR
194,840060410001,2026-04-02,3.35,12.75,68,0.04,3.44,308.56,1018.78,2402.3,0,2.5,680.0,0.135,PM2.5-1HR
194,840060750005,2026-04-02,6.16,13.6,61.67,0.12,3.29,310.62,1018.71,9386.17,3,6.7,680.0,0.064,PM2.5-1HR
194,840060811001,2026-04-02,5.01,12.74,69.46,0.07,4.01,301.1,1018.82,4011.86,1,3.9,680.0,0.461,PM2.5-1HR
194,840060010009,2026-04-03,4.1,14.58,58.63,0,1.76,13.34,1019.35,8161,1.5,4.6,680.0,0.019,PM2.5-1HR
194,840060010011,2026-04-03,5.83,15.06,55.21,0,1.87,36.81,1019.4,6169.93,1.67,4.838,680.0,0.037,PM2.5-1HR
194,840060010012,2026-04-03,6.18,15.06,55.21,0,1.87,36.81,1019.4,3394.18,1.25,4.25,680.0,0.018,PM2.5-1HR
194,840060010013,2026-04-03,4.85,16.37,46.83,0,1.66,348.48,1019.38,1054.12,1.67,4.838,680.0,0.021,PM2.5-1HR
194,840060010015,2026-04-03,3.17,13.78,56.79,0,1.95,52.29,1019.4,1481.82,0,2.5,680.0,0.032,PM2.5-1HR
194,840060130002,2026-04-03,2.64,15.48,47.21,0,2.31,45.8,1019.43,1916.52,1,3.9,680.0,0.019,PM2.5-1HR
194,840060131004,2026-04-03,4.07,16.09,46.75,0,1.66,348.48,1019.38,5226.97,0,2.5,680.0,0.044,PM2.5-1HR
194,840060410001,2026-04-03,2.16,15.85,43.38,0,2.13,334.43,1019.42,2402.3,0,2.5,680.0,0.135,PM2.5-1HR
194,840060750005,2026-04-03,6.49,15.29,51.58,0,1.72,356.49,1019.43,9386.17,2,5.3,680.0,0.064,PM2.5-1HR
194,840060811001,2026-04-03,3.37,14.75,56.38,0,1.55,310.8,1019.45,4011.86,0,2.5,680.0,0.461,PM2.5-1HR
194,840060010009,2026-04-04,6.07,18.04,50.21,0,1.7,31.75,1018.33,8161,2.5,6.0,680.0,0.019,PM2.5-1HR
194,840060010011,2026-04-04,8.2,17.98,50.08,0,1.79,52.36,1018.41,6169.93,1.67,4.838,680.0,0.037,PM2.5-1HR
194,840060010012,2026-04-04,6.82,17.98,50.08,0,1.79,52.36,1018.41,3394.18,2,5.3,680.0,0.018,PM2.5-1HR
194,840060010013,2026-04-04,3.69,19.29,43.33,0,2.27,28.9,1018.43,1054.12,1.67,4.838,680.0,0.021,PM2.5-1HR
194,840060010015,2026-04-04,2.85,17.33,55,0,1.36,63.29,1018.58,1481.82,0,2.5,680.0,0.032,PM2.5-1HR
194,840060130002,2026-04-04,3.62,19.03,42.96,0,1.46,62.18,1018.68,1916.52,0,2.5,680.0,0.019,PM2.5-1HR
194,840060131004,2026-04-04,4.13,19.01,43.33,0,2.27,28.9,1018.43,5226.97,1,3.9,680.0,0.044,PM2.5-1HR
194,840060410001,2026-04-04,3.45,18.15,39.83,0,1.36,346.97,1018.61,2402.3,0,2.5,680.0,0.135,PM2.5-1HR
194,840060750005,2026-04-04,6.7,19.09,43.71,0,2.14,49.2,1018.33,9386.17,4,8.1,680.0,0.064,PM2.5-1HR
194,840060811001,2026-04-04,3.78,17.74,42.33,0,1.22,214.05,1018.38,4011.86,0,2.5,680.0,0.461,PM2.5-1HR
194,840060010009,2026-04-05,7.41,18.93,50.96,0,1.65,293.76,1016.3,8161,4,8.1,680.0,0.019,PM2.5-1HR
194,840060010011,2026-04-05,8.53,19.05,50.79,0,1.43,98.03,1016.23,6169.93,2.33,5.762,680.0,0.037,PM2.5-1HR
194,840060010012,2026-04-05,7.79,19.05,50.79,0,1.43,98.03,1016.23,3394.18,2.75,6.35,680.0,0.018,PM2.5-1HR
194,840060010013,2026-04-05,5.88,19.81,50.46,0,1.55,37.5,1016.21,1054.12,2.33,5.762,680.0,0.021,PM2.5-1HR
194,840060010015,2026-04-05,4.88,19.27,51.33,0,1.25,77,1016.28,1481.82,1,3.9,680.0,0.032,PM2.5-1HR
194,840060130002,2026-04-05,4.38,21.29,38.54,0,1.32,80.67,1016.18,1916.52,1,3.9,680.0,0.019,PM2.5-1HR
194,840060131004,2026-04-05,5.38,19.53,50.38,0,1.55,37.5,1016.21,5226.97,1,3.9,680.0,0.044,PM2.5-1HR
194,840060410001,2026-04-05,3.91,19.73,40.83,0,1.12,330.9,1016.29,2402.3,1,3.9,680.0,0.135,PM2.5-1HR
194,840060750005,2026-04-05,7.78,18.3,52,0,2.08,311.71,1016.3,9386.17,3,6.7,680.0,0.064,PM2.5-1HR
194,840060811001,2026-04-05,4.45,18.63,45.17,0,1.74,242.54,1016.28,4011.86,2,5.3,680.0,0.461,PM2.5-1HR
194,840060010009,2026-04-06,7.21,14.21,76.08,0,2.72,262.46,1018.21,8161,1,3.9,680.0,0.019,PM2.5-1HR
194,840060010011,2026-04-06,7.62,13.58,79.83,0,3.13,217.03,1018.07,6169.93,1.33,4.362,680.0,0.037,PM2.5-1HR
194,840060010012,2026-04-06,6.45,13.58,79.83,0,3.13,217.03,1018.07,3394.18,1.5,4.6,680.0,0.018,PM2.5-1HR
194,840060010013,2026-04-06,6.17,14.78,71.46,0,2.67,212.56,1017.79,1054.12,1.33,4.362,680.0,0.021,PM2.5-1HR
194,840060010015,2026-04-06,6.5,14.66,72.5,0,2.66,243.75,1017.79,1481.82,3,6.7,680.0,0.032,PM2.5-1HR
194,840060130002,2026-04-06,5.13,15.55,67.63,0,3.35,215.46,1017.3,1916.52,2,5.3,680.0,0.019,PM2.5-1HR
194,840060131004,2026-04-06,8.25,14.5,71.42,0,2.67,212.56,1017.79,5226.97,0,2.5,680.0,0.044,PM2.5-1HR
194,840060410001,2026-04-06,3.31,14.9,67.54,0,1.88,255.32,1017.62,2402.3,0,2.5,680.0,0.135,PM2.5-1HR
194,840060750005,2026-04-06,7.16,13.37,76.54,0,4.05,251.55,1018.15,9386.17,4,8.1,680.0,0.064,PM2.5-1HR
194,840060811001,2026-04-06,6.04,13.88,71.38,0,2.5,267.72,1018.16,4011.86,1,3.9,680.0,0.461,PM2.5-1HR
194,840060010009,2026-04-07,6.15,13.88,73.29,0,3.01,259.38,1018.93,8161,2.5,6.0,680.0,0.019,PM2.5-1HR
194,840060010011,2026-04-07,8.34,13.48,79,0,3.2,226.74,1018.74,6169.93,3.33,7.162,680.0,0.037,PM2.5-1HR
194,840060010012,2026-04-07,6.82,13.48,79,0,3.2,226.74,1018.74,3394.18,3.25,7.05,680.0,0.018,PM2.5-1HR
194,840060010013,2026-04-07,6.05,14.49,71.42,0,2.75,222.97,1018.44,1054.12,3.33,7.162,680.0,0.021,PM2.5-1HR
194,840060010015,2026-04-07,6,14.26,72.83,0,3.11,240.88,1018.59,1481.82,2,5.3,680.0,0.032,PM2.5-1HR
194,840060130002,2026-04-07,5.63,14.94,71.71,0,3.82,221.95,1018.1,1916.52,2,5.3,680.0,0.019,PM2.5-1HR
194,840060131004,2026-04-07,8.27,14.22,71.38,0,2.75,222.97,1018.44,5226.97,5,9.5,680.0,0.044,PM2.5-1HR
194,840060410001,2026-04-07,3.96,14.61,68.58,0,2.08,256.21,1018.27,2402.3,2,5.3,680.0,0.135,PM2.5-1HR
194,840060750005,2026-04-07,6.96,13.11,74.88,0,4.45,256.74,1018.83,9386.17,5,9.5,680.0,0.064,PM2.5-1HR
194,840060811001,2026-04-07,4.8,14.04,70.08,0,2.41,272.31,1018.96,4011.86,1,3.9,680.0,0.461,PM2.5-1HR
194,840060811001,2026-04-08,3.06,15.6,73.58,0,2.11,263.75,1016.29,4011.86,0,2.5,680.0,0.461,PM2.5-1HR
194,840060010009,2026-04-08,6.07,15.4,75.63,0,2.01,236.9,1016.34,8161,1,3.9,680.0,0.019,PM2.5-1HR
194,840060010011,2026-04-08,6.41,15.62,77.75,0,2.46,204.68,1016.1,6169.93,1.67,4.838,680.0,0.037,PM2.5-1HR
194,840060010012,2026-04-08,8.58,15.62,77.75,0,2.46,204.68,1016.1,3394.18,1.5,4.6,680.0,0.018,PM2.5-1HR
194,840060010013,2026-04-08,4.74,16.39,72.67,0.03,2.67,199.78,1015.82,1054.12,1.67,4.838,680.0,0.021,PM2.5-1HR
194,840060010015,2026-04-08,6.01,16.15,75,0,2.3,247.37,1016,1481.82,1,3.9,680.0,0.032,PM2.5-1HR
194,840060130002,2026-04-08,3.91,17.75,68.67,0,2.86,221.41,1015.45,1916.52,0,2.5,680.0,0.019,PM2.5-1HR
194,840060410001,2026-04-08,3.99,17.04,67.17,0.06,1.74,231.76,1015.63,2402.3,0,2.5,680.0,0.135,PM2.5-1HR
194,840060750005,2026-04-08,7.37,14.86,73.83,0.06,3.25,236.06,1016.15,9386.17,3,6.7,680.0,0.064,PM2.5-1HR
194,840060811001,2026-04-09,2.04,15.82,79.79,0,1.86,279.42,1014.08,4011.86,0,2.5,680.0,0.461,PM2.5-1HR
194,840060010009,2026-04-09,5.11,15.84,81.5,0,2.12,268.45,1014.2,8161,0.5,3.2,680.0,0.019,PM2.5-1HR
194,840060010011,2026-04-09,2.55,15.21,85.54,0.01,2.58,229.14,1014.25,6169.93,0,2.5,680.0,0.037,PM2.5-1HR
194,840060010012,2026-04-09,2.72,15.21,85.54,0.01,2.58,229.14,1014.25,3394.18,0.25,2.85,680.0,0.018,PM2.5-1HR
194,840060010013,2026-04-09,1.65,15.01,83.42,0,2.88,220.42,1014.13,1054.12,0,2.5,680.0,0.021,PM2.5-1HR
194,840060010015,2026-04-09,1.92,16.2,80.08,0,2.23,250.65,1013.95,1481.82,0,2.5,680.0,0.032,PM2.5-1HR
194,840060130002,2026-04-09,1.69,16.78,79,0,2.95,221.82,1013.73,1916.52,0,2.5,680.0,0.019,PM2.5-1HR
194,840060410001,2026-04-09,2.19,15.41,82.17,0.02,2.2,218.72,1014.06,2402.3,0,2.5,680.0,0.135,PM2.5-1HR
194,840060750005,2026-04-09,2.38,15.02,82.13,0,3.01,248.33,1014.27,9386.17,0,2.5,680.0,0.064,PM2.5-1HR
194,840060811001,2026-04-10,0.99,14.56,83.33,0.37,2.45,179.11,1011.42,4011.86,0,2.5,680.0,0.461,PM2.5-1HR
194,840060010009,2026-04-10,2.98,14.28,88.5,0.61,2.24,162.3,1011.55,8161,0,2.5,680.0,0.019,PM2.5-1HR
194,840060010011,2026-04-10,2.03,14.07,91.04,0.84,2.59,172.5,1011.53,6169.93,0,2.5,680.0,0.037,PM2.5-1HR
194,840060010012,2026-04-10,4.67,14.07,91.04,0.84,2.59,172.5,1011.53,3394.18,0,2.5,680.0,0.018,PM2.5-1HR
194,840060010013,2026-04-10,2.53,14.44,86.71,0.45,3.06,187.23,1011.36,1054.12,0,2.5,680.0,0.021,PM2.5-1HR
194,840060010015,2026-04-10,2.24,14.03,85.67,0.3,2.2,218.89,1011.58,1481.82,0,2.5,680.0,0.032,PM2.5-1HR
194,840060130002,2026-04-10,1.36,14.62,86.71,0.45,2.44,188.11,1011.44,1916.52,0,2.5,680.0,0.019,PM2.5-1HR
194,840060410001,2026-04-10,1.11,14.14,90.96,0.74,2.92,195.46,1011.31,2402.3,0,2.5,680.0,0.135,PM2.5-1HR
194,840060750005,2026-04-10,3.58,14.67,85.17,0.57,2.88,183.85,1011.33,9386.17,0,2.5,680.0,0.064,PM2.5-1HR
194,840060811001,2026-04-11,1,13.12,85.29,0.64,4,193.47,1010.46,4011.86,0,2.5,680.0,0.461,PM2.5-1HR
194,840060010009,2026-04-11,2.84,13.2,88.04,1.11,4.18,188.49,1010.54,8161,0,2.5,680.0,0.019,PM2.5-1HR
194,840060010011,2026-04-11,3.7,12.89,90.5,0.96,4.37,191.77,1010.37,6169.93,0.33,2.962,680.0,0.037,PM2.5-1HR
194,840060010012,2026-04-11,3.08,12.89,90.5,0.96,4.37,191.77,1010.37,3394.18,0.25,2.85,680.0,0.018,PM2.5-1HR
194,840060010013,2026-04-11,1.89,13.05,85.67,0.92,4.87,194.8,1010.08,1054.12,0.33,2.962,680.0,0.021,PM2.5-1HR
194,840060010015,2026-04-11,1.3,12.72,86.54,0.62,4.18,202.28,1010.66,1481.82,0,2.5,680.0,0.032,PM2.5-1HR
194,840060130002,2026-04-11,1.6,13.32,87.29,1,4.54,194.72,1010.19,1916.52,0,2.5,680.0,0.019,PM2.5-1HR
194,840060410001,2026-04-11,1.56,12.33,90.88,0.8,4.15,200.88,1009.9,2402.3,0,2.5,680.0,0.135,PM2.5-1HR
194,840060750005,2026-04-11,2.54,13.32,84.79,0.68,4.79,200.08,1010.16,9386.17,0,2.5,680.0,0.064,PM2.5-1HR
194,840060811001,2026-04-12,2.44,11.23,80.42,0.19,4.12,210.27,1012.56,4011.86,0,2.5,680.0,0.461,PM2.5-1HR
194,840060010009,2026-04-12,4.82,11.09,86.29,1.25,4.38,208.39,1012.64,8161,1.5,4.6,680.0,0.019,PM2.5-1HR
194,840060010011,2026-04-12,4.82,10.89,88.67,1.3,4.46,207.82,1012.35,6169.93,0.33,2.962,680.0,0.037,PM2.5-1HR
194,840060010012,2026-04-12,3.91,10.89,88.67,1.3,4.46,207.82,1012.35,3394.18,0.75,3.55,680.0,0.018,PM2.5-1HR
194,840060010013,2026-04-12,4.19,11.59,80.25,0.33,4.83,208.93,1011.91,1054.12,0.33,2.962,680.0,0.021,PM2.5-1HR
194,840060010015,2026-04-12,2.78,10.52,86.5,0.33,4.44,218.48,1012.65,1481.82,1,3.9,680.0,0.032,PM2.5-1HR
194,840060130002,2026-04-12,2.04,11.16,86.21,0.49,4.66,207.53,1012.17,1916.52,0,2.5,680.0,0.019,PM2.5-1HR
194,840060410001,2026-04-12,2.67,11.58,82.46,0.35,3.96,217.76,1011.57,2402.3,0,2.5,680.0,0.135,PM2.5-1HR
194,840060750005,2026-04-12,5.07,11.75,79.25,0.51,4.71,220.79,1012.08,9386.17,2,5.3,680.0,0.064,PM2.5-1HR
194,840060811001,2026-04-13,0.65,12.22,81.54,0.16,2.49,280.64,1019.37,4011.86,0,2.5,680.0,0.461,PM2.5-1HR
194,840060010009,2026-04-13,2.13,12.55,80.54,0.22,2.09,288.22,1019.28,8161,0.5,3.2,680.0,0.019,PM2.5-1HR
194,840060010011,2026-04-13,4.39,12.43,81.04,0.04,2.02,265.7,1019.25,6169.93,0.67,3.438,680.0,0.037,PM2.5-1HR
194,840060010012,2026-04-13,5.37,12.43,81.04,0.04,2.02,265.7,1019.25,3394.18,0.5,3.2,680.0,0.018,PM2.5-1HR
194,840060010013,2026-04-13,2.95,12.82,78.17,0.03,1.98,265.82,1019.15,1054.12,0.67,3.438,680.0,0.021,PM2.5-1HR
194,840060010015,2026-04-13,2.13,11.97,81.79,0.07,1.54,270.93,1019.2,1481.82,0,2.5,680.0,0.032,PM2.5-1HR
194,840060130002,2026-04-13,2.31,12.63,79.83,0.01,2.08,272.47,1019.12,1916.52,0,2.5,680.0,0.019,PM2.5-1HR
194,840060410001,2026-04-13,2.06,12.61,80,0.03,1.66,311.27,1019.15,2402.3,0,2.5,680.0,0.135,PM2.5-1HR
194,840060750005,2026-04-13,3.92,12.69,78.38,0.18,2.78,279.76,1019.27,9386.17,1,3.9,680.0,0.064,PM2.5-1HR
194,840060010009,2026-04-14,3.7,12.54,80.92,0,3.09,252.75,1021.45,8161,1.5,4.6,680.0,0.019,PM2.5-1HR
194,840060010011,2026-04-14,6.48,12.29,81.33,0,2.84,217.61,1021.23,6169.93,1.67,4.838,680.0,0.037,PM2.5-1HR
194,840060010012,2026-04-14,5.88,12.29,81.33,0,2.84,217.61,1021.23,3394.18,1.5,4.6,680.0,0.018,PM2.5-1HR
194,840060010013,2026-04-14,3.33,12.72,77.5,0,2.27,225.95,1020.99,1054.12,1.67,4.838,680.0,0.021,PM2.5-1HR
194,840060010015,2026-04-14,3.38,11.77,83.54,0,3.03,230.46,1021.37,1481.82,0,2.5,680.0,0.032,PM2.5-1HR
194,840060130002,2026-04-14,3.45,12.8,81.17,0,3.62,212.3,1020.9,1916.52,1,3.9,680.0,0.019,PM2.5-1HR
194,840060410001,2026-04-14,3.21,12.38,78.13,0,2.27,265.09,1020.9,2402.3,0,2.5,680.0,0.135,PM2.5-1HR
194,840060750005,2026-04-14,5.41,12.48,76.96,0,3.79,266.37,1021.28,9386.17,3,6.7,680.0,0.064,PM2.5-1HR
194,840060811001,2026-04-14,2.13,12.28,77.83,0,3.27,265.05,1021.61,4011.86,0,2.5,680.0,0.461,PM2.5-1HR
194,840060010009,2026-04-15,3.83,13,80.67,0,3.15,254.62,1019.11,8161,0,2.5,680.0,0.019,PM2.5-1HR
194,840060010011,2026-04-15,4.95,12.93,80.46,0,2.33,227.98,1018.91,6169.93,1,3.9,680.0,0.037,PM2.5-1HR
194,840060010012,2026-04-15,5.89,12.93,80.46,0,2.33,227.98,1018.91,3394.18,0.75,3.55,680.0,0.018,PM2.5-1HR
194,840060010013,2026-04-15,4.21,13.23,76.08,0,1.86,248.18,1018.77,1054.12,1,3.9,680.0,0.021,PM2.5-1HR
194,840060010015,2026-04-15,2.73,12.18,82.88,0,3.12,228.99,1019.08,1481.82,0,2.5,680.0,0.032,PM2.5-1HR
194,840060130002,2026-04-15,3.2,13.54,78.75,0,3.43,224.35,1018.55,1916.52,0,2.5,680.0,0.019,PM2.5-1HR
194,840060410001,2026-04-15,2.92,12.86,76.79,0,2.93,282.22,1018.68,2402.3,0,2.5,680.0,0.135,PM2.5-1HR
194,840060750005,2026-04-15,4.83,13.12,76.29,0,3.49,270.7,1018.95,9386.17,2,5.3,680.0,0.064,PM2.5-1HR
194,840060811001,2026-04-15,2.55,12.69,76.63,0,3.6,268.8,1019.38,4011.86,0,2.5,680.0,0.461,PM2.5-1HR
194,840060010009,2026-04-16,2.07,14.6,59.67,0,3.1,336.04,1017.65,8161,0,2.5,680.0,0.019,PM2.5-1HR
194,840060010011,2026-04-16,4.08,14.54,61.08,0,3.11,347.15,1017.75,6169.93,0,2.5,680.0,0.037,PM2.5-1HR
194,840060010012,2026-04-16,3.36,14.54,61.08,0,3.11,347.15,1017.75,3394.18,0,2.5,680.0,0.018,PM2.5-1HR
194,840060010013,2026-04-16,1.73,15.02,56.75,0,3.47,335.06,1017.83,1054.12,0,2.5,680.0,0.021,PM2.5-1HR
194,840060010015,2026-04-16,1.71,14.37,53,0,3.2,344.12,1017.6,1481.82,0,2.5,680.0,0.032,PM2.5-1HR
194,840060130002,2026-04-16,1.55,14.67,54.21,0,3.03,345.5,1017.76,1916.52,0,2.5,680.0,0.019,PM2.5-1HR
194,840060410001,2026-04-16,8.06,14.36,60.58,0,3.2,326.5,1017.94,2402.3,0,2.5,680.0,0.135,PM2.5-1HR
194,840060750005,2026-04-16,4.7,14.94,58.83,0,3.25,332.54,1017.84,9386.17,0,2.5,680.0,0.064,PM2.5-1HR
194,840060811001,2026-04-16,2.5,13.94,65.67,0,3.48,313.38,1017.88,4011.86,0,2.5,680.0,0.461,PM2.5-1HR
194,840060010009,2026-04-17,3.87,14.33,45.83,0,2.45,324.68,1017.47,8161,0,2.5,680.0,0.019,PM2.5-1HR
194,840060010011,2026-04-17,5.22,14.5,45.58,0,2.77,2.64,1017.5,6169.93,0.33,2.962,680.0,0.037,PM2.5-1HR
194,840060010012,2026-04-17,4.23,14.5,45.58,0,2.77,2.64,1017.5,3394.18,0.25,2.85,680.0,0.018,PM2.5-1HR
194,840060010013,2026-04-17,2.28,16.18,34.92,0,2.57,323.38,1017.54,1054.12,0.33,2.962,680.0,0.021,PM2.5-1HR
194,840060010015,2026-04-17,2.39,15.5,30,0,3.06,342.91,1017.28,1481.82,0,2.5,680.0,0.032,PM2.5-1HR
194,840060130002,2026-04-17,2.04,15.62,32.13,0,2.84,355.89,1017.47,1916.52,0,2.5,680.0,0.019,PM2.5-1HR
194,840060410001,2026-04-17,3.08,14.87,42.5,0,2.06,316.76,1017.62,2402.3,0,2.5,680.0,0.135,PM2.5-1HR
194,840060750005,2026-04-17,4.34,15.4,37.96,0,3.09,326.9,1017.61,9386.17,1,3.9,680.0,0.064,PM2.5-1HR
194,840060811001,2026-04-17,2.28,15,41.46,0,2.47,322.64,1017.63,4011.86,0,2.5,680.0,0.461,PM2.5-1HR
194,840060010009,2026-04-18,6.53,14.74,70.17,0,1.24,271.83,1015.28,8161,3.5,7.4,680.0,0.019,PM2.5-1HR
194,840060010011,2026-04-18,9.53,15.17,69.75,0,1.6,212.48,1015.22,6169.93,4.67,9.038,680.0,0.037,PM2.5-1HR
194,840060010012,2026-04-18,7.94,15.17,69.75,0,1.6,212.48,1015.22,3394.18,4,8.1,680.0,0.018,PM2.5-1HR
194,840060010013,2026-04-18,5.95,16,60.33,0,1.91,198.41,1015.19,1054.12,4.67,9.038,680.0,0.021,PM2.5-1HR
194,840060010015,2026-04-18,3.16,16.4,46.79,0,1.07,281.93,1014.97,1481.82,0,2.5,680.0,0.032,PM2.5-1HR
194,840060130002,2026-04-18,3.6,17,41.13,0,1.82,203.8,1014.86,1916.52,1,3.9,680.0,0.019,PM2.5-1HR
194,840060410001,2026-04-18,3.32,14.93,69.58,0,0.95,218.03,1015.12,2402.3,0,2.5,680.0,0.135,PM2.5-1HR
194,840060750005,2026-04-18,8.12,15.27,62.88,0,1.82,216.68,1015.3,9386.17,4,8.1,680.0,0.064,PM2.5-1HR
194,840060811001,2026-04-18,3.79,14.68,60.08,0,1.63,273.91,1015.24,4011.86,0,2.5,680.0,0.461,PM2.5-1HR
194,840060010009,2026-04-19,5.5,14.8,69.96,0,1.89,284.12,1011.99,8161,1.5,4.6,680.0,0.019,PM2.5-1HR
194,840060010011,2026-04-19,5.79,14.17,73,0,2.19,221.89,1012.04,6169.93,0.67,3.438,680.0,0.037,PM2.5-1HR
194,840060010012,2026-04-19,4.74,14.17,73,0,2.19,221.89,1012.04,3394.18,1.25,4.25,680.0,0.018,PM2.5-1HR
194,840060010013,2026-04-19,4.16,14.98,66.21,0,2.97,215.53,1011.99,1054.12,0.67,3.438,680.0,0.021,PM2.5-1HR
194,840060010015,2026-04-19,5.37,16.01,49.42,0,2.29,260.05,1011.61,1481.82,1,3.9,680.0,0.032,PM2.5-1HR
194,840060130002,2026-04-19,3.38,16.38,49.83,0,2.79,219.94,1011.5,1916.52,0,2.5,680.0,0.019,PM2.5-1HR
194,840060410001,2026-04-19,3.45,14.06,66.5,0,1.93,221.79,1011.92,2402.3,1,3.9,680.0,0.135,PM2.5-1HR
194,840060750005,2026-04-19,5.21,14.89,67.46,0,2.61,240.93,1012.09,9386.17,2,5.3,680.0,0.064,PM2.5-1HR
194,840060811001,2026-04-19,3,15.26,56.21,0,1.78,261.29,1011.86,4011.86,0,2.5,680.0,0.461,PM2.5-1HR
194,840060010009,2026-04-20,4.04,13.78,75.33,1.28,2.89,175,1012.39,8161,1,3.9,680.0,0.019,PM2.5-1HR
194,840060010011,2026-04-20,4.25,13.35,79.17,1.18,3.05,177.53,1012.33,6169.93,1,3.9,680.0,0.037,PM2.5-1HR
194,840060010012,2026-04-20,4.83,13.35,79.17,1.18,3.05,177.53,1012.33,3394.18,0.75,3.55,680.0,0.018,PM2.5-1HR
194,840060010013,2026-04-20,3.71,14.26,73.92,1.1,3.36,180.85,1012.17,1054.12,1,3.9,680.0,0.021,PM2.5-1HR
194,840060010015,2026-04-20,2.17,13.8,61.13,0.64,2.17,221,1012.35,1481.82,0,2.5,680.0,0.032,PM2.5-1HR
194,840060130002,2026-04-20,1.72,14.15,65.33,1.03,2.88,191.16,1012.19,1916.52,0,2.5,680.0,0.019,PM2.5-1HR
194,840060410001,2026-04-20,2.37,13.48,85.79,1.2,3,184.18,1012.13,2402.3,0,2.5,680.0,0.135,PM2.5-1HR
194,840060750005,2026-04-20,3.79,14.11,76.29,1.79,3.17,171.58,1012.19,9386.17,0,2.5,680.0,0.064,PM2.5-1HR
194,840060811001,2026-04-20,1.79,13.33,78.5,1.49,2.48,170.83,1012.23,4011.86,0,2.5,680.0,0.461,PM2.5-1HR
194,840060010009,2026-04-21,2.68,12.42,87.21,0.66,2.66,196.22,1014.24,8161,0,2.5,680.0,0.019,PM2.5-1HR
194,840060010011,2026-04-21,4.16,12.35,88.96,0.69,3.01,198.94,1014.12,6169.93,0,2.5,680.0,0.037,PM2.5-1HR
194,840060010012,2026-04-21,3.73,12.35,88.96,0.69,3.01,198.94,1014.12,3394.18,0,2.5,680.0,0.018,PM2.5-1HR
194,840060010013,2026-04-21,2.58,13.03,82.25,0.56,3.27,207.61,1013.88,1054.12,0,2.5,680.0,0.021,PM2.5-1HR
194,840060010015,2026-04-21,2.22,11.86,87.58,0.81,2.54,232.27,1014.33,1481.82,0,2.5,680.0,0.032,PM2.5-1HR
194,840060130002,2026-04-21,1.21,12.74,85.79,0.53,2.95,201.24,1013.99,1916.52,0,2.5,680.0,0.019,PM2.5-1HR
194,840060410001,2026-04-21,2.22,12.8,84.21,0.42,2.76,216.97,1013.78,2402.3,0,2.5,680.0,0.135,PM2.5-1HR
194,840060750005,2026-04-21,3.64,13.07,82.13,0.4,3.4,212.53,1013.97,9386.17,0,2.5,680.0,0.064,PM2.5-1HR
194,840060811001,2026-04-21,1.17,12.31,84.63,0.39,2.68,207.44,1014.26,4011.86,0,2.5,680.0,0.461,PM2.5-1HR
194,840060010009,2026-04-22,3.5,13,82.88,0.21,2.55,194.5,1021.15,8161,0.5,3.2,680.0,0.019,PM2.5-1HR
194,840060010011,2026-04-22,3.8,13.03,84.04,0.19,2.48,195.38,1021.09,6169.93,0.33,2.962,680.0,0.037,PM2.5-1HR
194,840060010012,2026-04-22,6.15,13.03,84.04,0.19,2.48,195.38,1021.09,3394.18,0.25,2.85,680.0,0.018,PM2.5-1HR
194,840060010013,2026-04-22,2.36,13.73,78.29,0.16,2.43,210.66,1020.93,1054.12,0.33,2.962,680.0,0.021,PM2.5-1HR
194,840060010015,2026-04-22,4.06,12.29,82.17,0.15,2.02,225.85,1021.15,1481.82,0,2.5,680.0,0.032,PM2.5-1HR
194,840060130002,2026-04-22,2.18,12.89,81.29,0.23,2.06,218.67,1021.08,1916.52,0,2.5,680.0,0.019,PM2.5-1HR
194,840060410001,2026-04-22,3.13,13.42,81.5,0.19,1.96,204.76,1020.83,2402.3,0,2.5,680.0,0.135,PM2.5-1HR
194,840060750005,2026-04-22,4.29,13.73,78.54,0.37,2.27,216.94,1020.96,9386.17,0,2.5,680.0,0.064,PM2.5-1HR
194,840060811001,2026-04-22,1.53,12.79,79.58,0.14,2.16,219.76,1021.09,4011.86,0,2.5,680.0,0.461,PM2.5-1HR
194,840060010009,2026-04-23,3.44,13.56,83.04,0,1.86,287.52,1018.92,8161,0.5,3.2,680.0,0.019,PM2.5-1HR
194,840060010011,2026-04-23,4.84,13.96,78.96,0,1.51,276.95,1018.83,6169.93,0.67,3.438,680.0,0.037,PM2.5-1HR
194,840060010012,2026-04-23,6.03,13.96,78.96,0,1.51,276.95,1018.83,3394.18,0.5,3.2,680.0,0.018,PM2.5-1HR
194,840060010013,2026-04-23,3.19,14.33,76.88,0,1.57,269.38,1018.76,1054.12,0.67,3.438,680.0,0.021,PM2.5-1HR
194,840060010015,2026-04-23,3.08,13.23,80.54,0,1.43,286.96,1018.75,1481.82,0,2.5,680.0,0.032,PM2.5-1HR
194,840060130002,2026-04-23,2.22,14.7,73.21,0,1.49,237.19,1018.59,1916.52,0,2.5,680.0,0.019,PM2.5-1HR
194,840060410001,2026-04-23,2.62,14.06,74.21,0,1.76,268.11,1018.74,2402.3,0,2.5,680.0,0.135,PM2.5-1HR
194,840060750005,2026-04-23,5.95,13.64,82.38,0,1.99,276.51,1018.93,9386.17,4,8.1,680.0,0.064,PM2.5-1HR
194,840060811001,2026-04-23,3.41,13.95,76.88,0,2.25,280.68,1018.98,4011.86,1,3.9,680.0,0.461,PM2.5-1HR
194,840060010009,2026-04-24,8.58,13.32,79.88,0,3.21,249.5,1014.03,8161,4.5,8.8,680.0,0.019,PM2.5-1HR
194,840060010011,2026-04-24,10.72,12.98,84.42,0,3.31,224.86,1013.87,6169.93,5.67,10.438,680.0,0.037,PM2.5-1HR
194,840060010012,2026-04-24,9.21,12.98,84.42,0,3.31,224.86,1013.87,3394.18,5,9.5,680.0,0.018,PM2.5-1HR
194,840060010013,2026-04-24,7.81,13.15,80.21,0,2.89,224.98,1013.65,1054.12,5.67,10.438,680.0,0.021,PM2.5-1HR
194,840060010015,2026-04-24,7.16,12.7,82.88,0,3,240.16,1013.93,1481.82,3,6.7,680.0,0.032,PM2.5-1HR
194,840060130002,2026-04-24,7.95,13.5,82.17,0,3.81,216.48,1013.46,1916.52,3,6.7,680.0,0.019,PM2.5-1HR
194,840060410001,2026-04-24,8.29,13.03,81.75,0,2.15,240.78,1013.53,2402.3,5,9.5,680.0,0.135,PM2.5-1HR
194,840060750005,2026-04-24,9.53,13.17,79,0,3.7,255.56,1013.88,9386.17,6,10.9,680.0,0.064,PM2.5-1HR
194,840060811001,2026-04-24,5.86,12.93,78.67,0,2.8,257.74,1014.09,4011.86,1,3.9,680.0,0.461,PM2.5-1HR
194,840060010009,2026-04-25,8.03,12.47,81.08,0.1,3.43,245.04,1011.4,8161,5.5,10.2,680.0,0.019,PM2.5-1HR
194,840060010011,2026-04-25,8.67,12.3,82.67,0.05,3.58,237.68,1011.33,6169.93,5.33,9.962,680.0,0.037,PM2.5-1HR
194,840060010012,2026-04-25,8.25,12.3,82.67,0.05,3.58,237.68,1011.33,3394.18,5.25,9.85,680.0,0.018,PM2.5-1HR
194,840060010013,2026-04-25,6.88,12.62,77.92,0.04,3.53,237.78,1011.14,1054.12,5.33,9.962,680.0,0.021,PM2.5-1HR
194,840060010015,2026-04-25,5.73,11.62,83.67,0.03,3.61,234.34,1011.36,1481.82,3,6.7,680.0,0.032,PM2.5-1HR
194,840060130002,2026-04-25,5.91,12.48,81.67,0.03,4.11,230.05,1011.03,1916.52,2,5.3,680.0,0.019,PM2.5-1HR
194,840060410001,2026-04-25,7.56,12.35,80.42,0.01,3.05,244.83,1011,2402.3,5,9.5,680.0,0.135,PM2.5-1HR
194,840060750005,2026-04-25,8.83,12.72,76.96,0.01,3.79,252.27,1011.31,9386.17,6,10.9,680.0,0.064,PM2.5-1HR
194,840060811001,2026-04-25,5.32,12.04,80.75,0.03,2.89,234.87,1011.54,4011.86,2,5.3,680.0,0.461,PM2.5-1HR
194,840060010009,2026-04-26,6.96,12.85,75.17,0.13,3.56,256.42,1012.83,8161,4,8.1,680.0,0.019,PM2.5-1HR
194,840060010011,2026-04-26,8.62,12.74,76.21,0.07,3.46,246.08,1012.75,6169.93,4.33,8.562,680.0,0.037,PM2.5-1HR
194,840060010012,2026-04-26,8.66,12.74,76.21,0.07,3.46,246.08,1012.75,3394.18,4,8.1,680.0,0.018,PM2.5-1HR
194,840060010013,2026-04-26,5.86,13.17,71.54,0.03,3.45,249.88,1012.6,1054.12,4.33,8.562,680.0,0.021,PM2.5-1HR
194,840060010015,2026-04-26,4.75,12.08,77,0.08,3.34,235.38,1012.78,1481.82,2,5.3,680.0,0.032,PM2.5-1HR
194,840060130002,2026-04-26,5.53,13.02,74.17,0.03,3.53,233.53,1012.5,1916.52,2,5.3,680.0,0.019,PM2.5-1HR
194,840060410001,2026-04-26,7.18,12.84,73.92,0.03,2.96,259.02,1012.48,2402.3,3,6.7,680.0,0.135,PM2.5-1HR
194,840060750005,2026-04-26,8.46,13.23,69.67,0.02,3.91,261.46,1012.75,9386.17,5,9.5,680.0,0.064,PM2.5-1HR
194,840060811001,2026-04-26,4.78,12.8,72.04,0,3.25,252.06,1012.9,4011.86,2,5.3,680.0,0.461,PM2.5-1HR
194,840060010009,2026-04-27,7.65,12.64,76.67,0.01,2.45,267.51,1017.38,8161,3,6.7,680.0,0.019,PM2.5-1HR
194,840060010011,2026-04-27,8.54,12.47,78.54,0,2.22,238.98,1017.26,6169.93,3,6.7,680.0,0.037,PM2.5-1HR
194,840060010012,2026-04-27,8,12.47,78.54,0,2.22,238.98,1017.26,3394.18,3.25,7.05,680.0,0.018,PM2.5-1HR
194,840060010013,2026-04-27,6.28,13.21,72.83,0,2.1,247.7,1017.08,1054.12,3,6.7,680.0,0.021,PM2.5-1HR
194,840060010015,2026-04-27,7,11.98,79.71,0.01,2.19,233.5,1017.3,1481.82,3,6.7,680.0,0.032,PM2.5-1HR
194,840060130002,2026-04-27,6.12,12.85,76.13,0,2.42,222.79,1017.02,1916.52,3,6.7,680.0,0.019,PM2.5-1HR
194,840060410001,2026-04-27,6.86,12.74,77.38,0.05,2.04,271.84,1017.02,2402.3,4,8.1,680.0,0.135,PM2.5-1HR
194,840060750005,2026-04-27,8.46,13.14,71.54,0,3.28,275.32,1017.3,9386.17,4,8.1,680.0,0.064,PM2.5-1HR
194,840060811001,2026-04-27,5.23,12.48,76.5,0.03,2.47,278.52,1017.44,4011.86,2,5.3,680.0,0.461,PM2.5-1HR
194,840060010009,2026-04-28,7.62,14.01,80.21,0,2.06,237.21,1019.63,8161,4.5,8.8,680.0,0.019,PM2.5-1HR
194,840060010011,2026-04-28,8.95,14.29,79.54,0,2.17,208.05,1019.45,6169.93,5,9.5,680.0,0.037,PM2.5-1HR
194,840060010012,2026-04-28,9.2,14.29,79.54,0,2.17,208.05,1019.45,3394.18,4.75,9.15,680.0,0.018,PM2.5-1HR
194,840060010013,2026-04-28,6.75,15.13,71.63,0,1.87,213.23,1019.31,1054.12,5,9.5,680.0,0.021,PM2.5-1HR
194,840060010015,2026-04-28,5.97,13.88,77.71,0,1.79,235.05,1019.48,1481.82,3,6.7,680.0,0.032,PM2.5-1HR
194,840060130002,2026-04-28,5.17,15.23,73.54,0.01,2.4,227.55,1019.13,1916.52,1,3.9,680.0,0.019,PM2.5-1HR
194,840060410001,2026-04-28,6.37,14.21,76.75,0.01,1.35,249.94,1019.25,2402.3,2,5.3,680.0,0.135,PM2.5-1HR
194,840060750005,2026-04-28,7.81,14.53,73.17,0,2.53,243.29,1019.48,9386.17,5,9.5,680.0,0.064,PM2.5-1HR
194,840060811001,2026-04-28,6.23,13.78,76.29,0,2.44,260.19,1019.65,4011.86,1,3.9,680.0,0.461,PM2.5-1HR
194,840060010009,2026-04-29,8.57,14.38,83.17,0,2.01,222.31,1018.29,8161,3,6.7,680.0,0.019,PM2.5-1HR
194,840060010011,2026-04-29,10.82,15.03,82.54,0,2.48,200.29,1018.05,6169.93,4.67,9.038,680.0,0.037,PM2.5-1HR
194,840060010012,2026-04-29,8.97,15.03,82.54,0,2.48,200.29,1018.05,3394.18,4.25,8.45,680.0,0.018,PM2.5-1HR
194,840060010013,2026-04-29,7.16,15.92,70.92,0,2.37,196.96,1017.88,1054.12,4.67,9.038,680.0,0.021,PM2.5-1HR
194,840060010015,2026-04-29,6,15.1,78.67,0,2.02,244.93,1017.94,1481.82,2,5.3,680.0,0.032,PM2.5-1HR
194,840060130002,2026-04-29,5.13,16.79,70.79,0,2.37,221.46,1017.49,1916.52,2,5.3,680.0,0.019,PM2.5-1HR
194,840060410001,2026-04-29,6.98,15.23,75.96,0,2.01,241.47,1017.79,2402.3,1,3.9,680.0,0.135,PM2.5-1HR
194,840060750005,2026-04-29,10.78,14.87,73.5,0,2.73,232.03,1018.1,9386.17,8,13.7,680.0,0.064,PM2.5-1HR
194,840060811001,2026-04-29,6.94,14.4,76.71,0,2.4,255.67,1018.27,4011.86,3,6.7,680.0,0.461,PM2.5-1HR
194,840060010009,2026-04-30,10.2,14.24,82.46,0,2.77,234.97,1015.35,8161,7,12.3,680.0,0.019,PM2.5-1HR
194,840060010011,2026-04-30,11.57,14.3,84.33,0,3.29,200.91,1015.01,6169.93,7,12.3,680.0,0.037,PM2.5-1HR
194,840060010012,2026-04-30,11.84,14.3,84.33,0,3.29,200.91,1015.01,3394.18,7,12.3,680.0,0.018,PM2.5-1HR
194,840060010013,2026-04-30,8.77,15.56,72.54,0,3.09,192.18,1014.63,1054.12,7,12.3,680.0,0.021,PM2.5-1HR
194,840060010015,2026-04-30,8.57,14.59,81.08,0,2.59,239.21,1015.04,1481.82,4,8.1,680.0,0.032,PM2.5-1HR
194,840060130002,2026-04-30,7.96,16.1,74.54,0,3.57,206.38,1014.3,1916.52,4,8.1,680.0,0.019,PM2.5-1HR
194,840060410001,2026-04-30,9.12,15.52,76.33,0,1.59,226.17,1014.45,2402.3,4,8.1,680.0,0.135,PM2.5-1HR
194,840060750005,2026-04-30,11.7,14.48,75.63,0,3.52,235.81,1015,9386.17,8,13.7,680.0,0.064,PM2.5-1HR
194,840060811001,2026-04-30,7.44,14.47,76.71,0,2.66,249.78,1015.31,4011.86,4,8.1,680.0,0.461,PM2.5-1HR
194,840060010009,2026-05-01,8.19,14.19,83.54,0,3.02,237.74,1014.77,8161,5.5,10.2,680.0,0.019,PM2.5-1HR
194,840060010011,2026-05-01,9.53,14.01,86.96,0,4.04,209.74,1014.41,6169.93,5.67,10.438,680.0,0.037,PM2.5-1HR
194,840060010012,2026-05-01,9.16,14.01,86.96,0,4.04,209.74,1014.41,3394.18,5.5,10.2,680.0,0.018,PM2.5-1HR
194,840060010013,2026-05-01,8.1,14.86,78.17,0,3.86,199.66,1013.96,1054.12,5.67,10.438,680.0,0.021,PM2.5-1HR
194,840060010015,2026-05-01,8.81,14.27,83.88,0,2.79,241.04,1014.45,1481.82,6,10.9,680.0,0.032,PM2.5-1HR
194,840060130002,2026-05-01,7.34,15.71,78.75,0,4.39,209.24,1013.62,1916.52,4,8.1,680.0,0.019,PM2.5-1HR
194,840060410001,2026-05-01,7.24,15.4,80.79,0,1.55,221.67,1013.68,2402.3,2,5.3,680.0,0.135,PM2.5-1HR
194,840060750005,2026-05-01,10.49,13.83,81.63,0,4.32,237.95,1014.4,9386.17,8,13.7,680.0,0.064,PM2.5-1HR
194,840060811001,2026-05-01,6.02,14.59,77.63,0,2.78,254.32,1014.7,4011.86,3,6.7,680.0,0.461,PM2.5-1HR
194,840060010009,2026-05-02,6.99,13.64,80.92,0,3.78,249.49,1013.32,8161,3.5,7.4,680.0,0.019,PM2.5-1HR
194,840060010011,2026-05-02,9.75,13.23,84.63,0,4.33,231.96,1013.17,6169.93,5,9.5,680.0,0.037,PM2.5-1HR
194,840060010012,2026-05-02,7.07,13.23,84.63,0,4.33,231.96,1013.17,3394.18,4.5,8.8,680.0,0.018,PM2.5-1HR
194,840060010013,2026-05-02,7.65,13.71,77.25,0,4.47,228.54,1012.95,1054.12,5,9.5,680.0,0.021,PM2.5-1HR
194,840060010015,2026-05-02,6.45,13.27,84,0,3.65,247.45,1013.02,1481.82,3,6.7,680.0,0.032,PM2.5-1HR
194,840060130002,2026-05-02,6.94,14,81.21,0,4.82,224.66,1012.56,1916.52,3,6.7,680.0,0.019,PM2.5-1HR
194,840060410001,2026-05-02,7.09,13.76,80.75,0,3.1,234.3,1012.72,2402.3,2,5.3,680.0,0.135,PM2.5-1HR
194,840060750005,2026-05-02,9.7,13.35,78.21,0,4.48,248.69,1013.27,9386.17,5,9.5,680.0,0.064,PM2.5-1HR
194,840060811001,2026-05-02,4.32,13.63,76.92,0,3.18,253.44,1013.35,4011.86,2,5.3,680.0,0.461,PM2.5-1HR
194,840060010009,2026-05-03,3.21,14.02,74.33,0.02,3.34,244.88,1012.95,8161,0.5,3.2,680.0,0.019,PM2.5-1HR
194,840060010011,2026-05-03,4.42,13.86,78.13,0,3.49,233,1012.9,6169.93,0.67,3.438,680.0,0.037,PM2.5-1HR
194,840060010012,2026-05-03,4.04,13.86,78.13,0,3.49,233,1012.9,3394.18,0.75,3.55,680.0,0.018,PM2.5-1HR
194,840060010013,2026-05-03,1.56,14.13,72.71,0,3.54,231.82,1012.81,1054.12,0.67,3.438,680.0,0.021,PM2.5-1HR
194,840060010015,2026-05-03,2.62,13.78,74.46,0,3.87,243.1,1012.75,1481.82,0,2.5,680.0,0.032,PM2.5-1HR
194,840060130002,2026-05-03,3.08,14.35,75.08,0,4.19,230.48,1012.5,1916.52,0,2.5,680.0,0.019,PM2.5-1HR
194,840060410001,2026-05-03,3.68,13.67,78.92,0.01,2.8,228.06,1012.76,2402.3,0,2.5,680.0,0.135,PM2.5-1HR
194,840060750005,2026-05-03,3.5,14.09,71.25,0,3.49,243.97,1012.93,9386.17,1,3.9,680.0,0.064,PM2.5-1HR
194,840060811001,2026-05-03,2.26,13.55,72.33,0,3,233.31,1013.01,4011.86,0,2.5,680.0,0.461,PM2.5-1HR
194,840060010009,2026-05-04,3.52,13.81,78.04,0.05,2.62,247.5,1015.38,8161,0.5,3.2,680.0,0.019,PM2.5-1HR
194,840060010011,2026-05-04,4.83,13.64,81.21,0.18,2.72,236.62,1015.35,6169.93,0.67,3.438,680.0,0.037,PM2.5-1HR
194,840060010012,2026-05-04,4.82,13.64,81.21,0.18,2.72,236.62,1015.35,3394.18,0.5,3.2,680.0,0.018,PM2.5-1HR
194,840060010013,2026-05-04,1.55,14.1,75.92,0.16,2.62,237.83,1015.24,1054.12,0.67,3.438,680.0,0.021,PM2.5-1HR
194,840060010015,2026-05-04,2.23,13.62,74.42,0.02,2.51,247.17,1015.21,1481.82,0,2.5,680.0,0.032,PM2.5-1HR
194,840060130002,2026-05-04,1.34,14.27,76.33,0.09,2.96,237.88,1015.04,1916.52,0,2.5,680.0,0.019,PM2.5-1HR
194,840060410001,2026-05-04,2.24,13.53,79.92,0.21,1.92,249.16,1015.21,2402.3,0,2.5,680.0,0.135,PM2.5-1HR
194,840060750005,2026-05-04,3.92,13.91,77.21,0.13,2.85,248.88,1015.35,9386.17,2,5.3,680.0,0.064,PM2.5-1HR
194,840060811001,2026-05-04,1.33,13.57,73.96,0.04,2.24,258.33,1015.43,4011.86,0,2.5,680.0,0.461,PM2.5-1HR
194,840060010009,2026-05-05,2.5,13.58,86.5,0.18,2.86,272.69,1015.96,8161,2,5.3,680.0,0.019,PM2.5-1HR
194,840060010011,2026-05-05,4.62,13.15,89.25,0.23,2.67,239.91,1015.92,6169.93,1.5,4.6,680.0,0.037,PM2.5-1HR
194,840060010012,2026-05-05,5.43,13.15,89.25,0.23,2.67,239.91,1015.92,3394.18,1.33,4.362,680.0,0.018,PM2.5-1HR
194,840060010015,2026-05-05,2.26,12.99,87.29,0.18,2.6,246.16,1015.89,1481.82,0,2.5,680.0,0.032,PM2.5-1HR
194,840060130002,2026-05-05,2.57,13.62,86.67,0.28,2.99,235.89,1015.6,1916.52,0,2.5,680.0,0.019,PM2.5-1HR
194,840060410001,2026-05-05,3.07,14.16,84.96,0.31,2.22,262.41,1015.55,2402.3,0,2.5,680.0,0.135,PM2.5-1HR
194,840060750005,2026-05-05,3.63,13.35,85.42,0.31,3.59,265.13,1015.91,9386.17,0,2.5,680.0,0.064,PM2.5-1HR
194,840060811001,2026-05-05,1.46,13.44,82.46,0.27,2.58,272.6,1016.04,4011.86,0,2.5,680.0,0.461,PM2.5-1HR
194,840060010009,2026-05-06,3.25,15.04,82.08,0,2.49,279.41,1019.72,8161,1.5,4.6,680.0,0.019,PM2.5-1HR
194,840060811001,2026-05-06,2.6,14.66,79.96,0,2.41,290.38,1019.8,4011.86,0,2.5,680.0,0.461,PM2.5-1HR
194,840060010011,2026-05-06,5.75,14.93,84.38,0,1.88,244.41,1019.63,6169.93,1,3.9,680.0,0.037,PM2.5-1HR
194,840060010012,2026-05-06,5.42,14.93,84.33,0,1.88,244.41,1019.63,3394.18,1,3.9,680.0,0.018,PM2.5-1HR
194,840060010013,2026-05-06,2,15.17,81.79,0,1.79,248.67,1019.58,1054.12,1,3.9,680.0,0.021,PM2.5-1HR
194,840060010015,2026-05-06,3.67,15.93,78.96,0,2.04,247.47,1019.44,1481.82,2,5.3,680.0,0.032,PM2.5-1HR
194,840060130002,2026-05-06,3.25,16.14,80.42,0,2.23,238.96,1019.29,1916.52,1,3.9,680.0,0.019,PM2.5-1HR
194,840060410001,2026-05-06,4.24,15.33,80.88,0,1.84,259.78,1019.45,2402.3,1,3.9,680.0,0.135,PM2.5-1HR
194,840060750005,2026-05-06,4.24,14.41,81.42,0,3.12,270.06,1019.76,9386.17,1,3.9,680.0,0.064,PM2.5-1HR
194,840060010009,2026-05-07,4.54,14.18,83.08,0,2.97,260.04,1018.99,8161,3,6.7,680.0,0.019,PM2.5-1HR
194,840060811001,2026-05-07,3.45,14.05,80.21,0,2.72,278.25,1018.99,4011.86,0,2.5,680.0,0.461,PM2.5-1HR
194,840060010011,2026-05-07,5.78,14.29,86.21,0,2.96,224.21,1018.73,6169.93,2.67,6.238,680.0,0.037,PM2.5-1HR
194,840060010012,2026-05-07,5.64,14.29,86.21,0,2.96,224.21,1018.73,3394.18,2.5,6.0,680.0,0.018,PM2.5-1HR
194,840060010013,2026-05-07,2.95,14.88,81.54,0,2.19,226.45,1018.47,1054.12,2.67,6.238,680.0,0.021,PM2.5-1HR
194,840060010015,2026-05-07,4.03,15.02,80.96,0,2.69,244,1018.61,1481.82,1,3.9,680.0,0.032,PM2.5-1HR
194,840060130002,2026-05-07,3.77,15.76,82.17,0,3.4,221.55,1018.16,1916.52,0,2.5,680.0,0.019,PM2.5-1HR
194,840060410001,2026-05-07,4.11,14.84,82.29,0,1.77,269.27,1018.36,2402.3,2,5.3,680.0,0.135,PM2.5-1HR
194,840060750005,2026-05-07,5,13.76,82.21,0,4.21,260.71,1018.8,9386.17,3,6.7,680.0,0.064,PM2.5-1HR
194,840060010009,2026-05-08,6.75,13.85,82.29,0,3.6,247.7,1018.36,8161,4,8.1,680.0,0.019,PM2.5-1HR
194,840060811001,2026-05-08,5.7,14,76.75,0,3.76,264.78,1018.48,4011.86,2,5.3,680.0,0.461,PM2.5-1HR
194,840060010011,2026-05-08,8.99,14.15,85.13,0,3.57,215.26,1017.88,6169.93,3.5,7.4,680.0,0.037,PM2.5-1HR
194,840060010013,2026-05-08,4.62,15.06,79.96,0,2.6,212.52,1017.48,1054.12,3.5,7.4,680.0,0.021,PM2.5-1HR
194,840060010015,2026-05-08,6.77,13.94,82.54,0,3.47,235.71,1018.07,1481.82,2,5.3,680.0,0.032,PM2.5-1HR
194,840060130002,2026-05-08,6.95,15.41,79.79,0,4.39,212.37,1017.23,1916.52,2,5.3,680.0,0.019,PM2.5-1HR
194,840060410001,2026-05-08,7.48,15.3,79.63,0,2.02,266.58,1017.28,2402.3,3,6.7,680.0,0.135,PM2.5-1HR
194,840060010009,2026-05-09,8.35,14.52,82.21,0,2.85,223.63,1015.67,8161,5,9.5,680.0,0.019,PM2.5-1HR
194,840060811001,2026-05-09,6.5,14.6,76.5,0,2.85,240.18,1015.67,4011.86,2,5.3,680.0,0.461,PM2.5-1HR
194,840060010011,2026-05-09,9.6,15.08,83.83,0,3.68,198.58,1015.18,6169.93,5.5,10.2,680.0,0.037,PM2.5-1HR
194,840060010013,2026-05-09,6.97,16.08,76.83,0,3.26,184.77,1014.76,1054.12,5.5,10.2,680.0,0.021,PM2.5-1HR
194,840060010015,2026-05-09,6.87,15.19,80.92,0,2.66,241.65,1015.3,1481.82,4,8.1,680.0,0.032,PM2.5-1HR
194,840060130002,2026-05-09,7.53,17.17,76,0,3.76,207.58,1014.35,1916.52,4,8.1,680.0,0.019,PM2.5-1HR
194,840060410001,2026-05-09,7.58,16.22,76.96,0,1.41,227.62,1014.57,2402.3,3,6.7,680.0,0.135,PM2.5-1HR
194,840060010009,2026-05-10,6.12,14.34,83.71,0,3.33,236.93,1015.07,8161,3,6.7,680.0,0.019,PM2.5-1HR
194,840060811001,2026-05-10,4.03,15.03,76.83,0,3.19,259.95,1015.1,4011.86,0,2.5,680.0,0.461,PM2.5-1HR
194,840060010011,2026-05-10,7.16,14.63,85.17,0,3.84,204.37,1014.58,6169.93,2,5.3,680.0,0.037,PM2.5-1HR
194,840060010013,2026-05-10,6.39,15.35,78.04,0,3.51,194.16,1014.1,1054.12,2,5.3,680.0,0.021,PM2.5-1HR
194,840060010015,2026-05-10,4.7,14.83,82.25,0,3,235.79,1014.75,1481.82,0,2.5,680.0,0.032,PM2.5-1HR
194,840060130002,2026-05-10,5.39,16.63,76.38,0,4.6,205.62,1013.76,1916.52,0,2.5,680.0,0.019,PM2.5-1HR
194,840060410001,2026-05-10,5.24,16.76,79.08,0,1.55,216.71,1013.75,2402.3,2,5.3,680.0,0.135,PM2.5-1HR
194,840060010009,2026-05-11,8.53,15.79,78.75,0,1.52,253.23,1014.17,8161,3.5,7.4,680.0,0.019,PM2.5-1HR
194,840060811001,2026-05-11,7.93,16.33,71.63,0,1.94,286.86,1014.05,4011.86,1,3.9,680.0,0.461,PM2.5-1HR
194,840060010011,2026-05-11,8.74,16,79.5,0,2.3,216.61,1014.14,6169.93,3.67,7.638,680.0,0.037,PM2.5-1HR
194,840060010012,2026-05-11,8.69,16,79.5,0,2.3,216.61,1014.14,3394.18,3.5,7.4,680.0,0.018,PM2.5-1HR
194,840060010013,2026-05-11,8.98,14.46,80.83,0,3.56,205.03,1014.06,1054.12,3.67,7.638,680.0,0.021,PM2.5-1HR
194,840060010015,2026-05-11,7.7,18.73,68.58,0,1.93,263.01,1013.6,1481.82,3,6.7,680.0,0.032,PM2.5-1HR
194,840060130002,2026-05-11,5.99,19.91,64.58,0,2.6,229.61,1013.2,1916.52,0,2.5,680.0,0.019,PM2.5-1HR
194,840060410001,2026-05-11,6.46,16.35,76.63,0,2.1,199.87,1013.77,2402.3,2,5.3,680.0,0.135,PM2.5-1HR
194,840060750005,2026-05-11,6.74,14.15,80.63,0,3.09,229.61,1014.27,9386.17,1,3.9,680.0,0.064,PM2.5-1HR
194,840060010009,2026-05-12,4.42,13.63,85.25,0,2.81,258.63,1014.95,8161,1.5,4.6,680.0,0.019,PM2.5-1HR
194,840060010011,2026-05-12,5.47,13.73,85.17,0,3.27,213.15,1014.63,6169.93,0.67,3.438,680.0,0.037,PM2.5-1HR
194,840060010012,2026-05-12,4.73,13.73,85.17,0,3.27,213.15,1014.63,3394.18,1,3.9,680.0,0.018,PM2.5-1HR
194,840060010013,2026-05-12,6.98,13.68,81.92,0,3.7,207.55,1014.3,1054.12,0.67,3.438,680.0,0.021,PM2.5-1HR
194,840060010015,2026-05-12,5.47,15.16,77.96,0,3.01,247.42,1014.34,1481.82,1,3.9,680.0,0.032,PM2.5-1HR
194,840060130002,2026-05-12,3.94,16.55,71.67,0,4.23,214.12,1013.57,1916.52,1,3.9,680.0,0.019,PM2.5-1HR
194,840060410001,2026-05-12,3.52,14.91,80.29,0,2.53,222.27,1013.98,2402.3,0,2.5,680.0,0.135,PM2.5-1HR
194,840060750005,2026-05-12,4.36,12.9,84.96,0,4.43,240.25,1014.7,9386.17,0,2.5,680.0,0.064,PM2.5-1HR
194,840060811001,2026-05-12,4.19,14.15,83.08,0,2.53,273.18,1014.87,4011.86,1,3.9,680.0,0.461,PM2.5-1HR
194,840060010009,2026-05-13,6.43,14.3,81.08,0,3.79,237.62,1019.13,8161,5.5,10.2,680.0,0.019,PM2.5-1HR
194,840060010011,2026-05-13,8.15,15.73,76.79,0,3.28,214.08,1018.54,6169.93,5,9.5,680.0,0.037,PM2.5-1HR
194,840060010012,2026-05-13,9.57,15.73,76.79,0,3.28,214.08,1018.54,3394.18,4.75,9.15,680.0,0.018,PM2.5-1HR
194,840060010013,2026-05-13,5.99,16.58,69,0,2.82,223.8,1018.16,1054.12,5,9.5,680.0,0.021,PM2.5-1HR
194,840060010015,2026-05-13,5.2,14.9,77.83,0,4.04,235.5,1018.85,1481.82,1,3.9,680.0,0.032,PM2.5-1HR
194,840060130002,2026-05-13,4.54,16.9,72.29,0,4.26,213.48,1017.93,1916.52,1,3.9,680.0,0.019,PM2.5-1HR
194,840060410001,2026-05-13,4.55,15.91,73.46,0,3.54,267.5,1018.02,2402.3,1,3.9,680.0,0.135,PM2.5-1HR
194,840060750005,2026-05-13,6.5,14.68,75.83,0,4.94,256.15,1018.63,9386.17,1,3.9,680.0,0.064,PM2.5-1HR
194,840060811001,2026-05-13,3.7,14.13,79.42,0,4.08,251.18,1019.45,4011.86,0,2.5,680.0,0.461,PM2.5-1HR
194,840060010009,2026-05-14,6.78,14.45,77.04,0,2.13,208.13,1017.2,8161,5.5,10.2,680.0,0.019,PM2.5-1HR
194,840060010011,2026-05-14,10.22,15.41,76.29,0,3.07,188.85,1016.81,6169.93,6,10.9,680.0,0.037,PM2.5-1HR
194,840060010012,2026-05-14,11.75,15.41,76.29,0,3.07,188.85,1016.81,3394.18,5.75,10.55,680.0,0.018,PM2.5-1HR
194,840060010013,2026-05-14,8.8,16.35,68.96,0,3.34,172.38,1016.47,1054.12,6,10.9,680.0,0.021,PM2.5-1HR
194,840060010015,2026-05-14,5.9,16.12,71.38,0,2.27,245.26,1016.71,1481.82,3,6.7,680.0,0.032,PM2.5-1HR
194,840060130002,2026-05-14,6.06,18.28,64.71,0,3.17,209.01,1015.92,1916.52,3,6.7,680.0,0.019,PM2.5-1HR
194,840060410001,2026-05-14,8.24,17.13,70.96,0,1.42,223.43,1016.2,2402.3,3,6.7,680.0,0.135,PM2.5-1HR
194,840060750005,2026-05-14,10.07,14.43,73.71,0,3.02,199.39,1016.77,9386.17,5,9.5,680.0,0.064,PM2.5-1HR
194,840060811001,2026-05-14,7.63,14.18,78.54,0,2.44,246.24,1017.17,4011.86,3,6.7,680.0,0.461,PM2.5-1HR
194,840060010011,2026-05-15,13.87,17.13,67.21,0,2.64,193,1015.24,6169.93,8.33,14.162,680.0,0.037,PM2.5-1HR
194,840060010012,2026-05-15,15.04,17.13,67.21,0,2.64,193,1015.24,3394.18,8.33,14.162,680.0,0.018,PM2.5-1HR
194,840060010013,2026-05-15,13.61,17.73,61.46,0,2.67,195.48,1015.01,1054.12,8.33,14.162,680.0,0.021,PM2.5-1HR
194,840060410001,2026-05-15,11.44,16.97,63.83,0,2.45,240.51,1014.92,2402.3,5,9.5,680.0,0.135,PM2.5-1HR
194,840060750005,2026-05-15,14.06,15.71,65.46,0,2.94,215.54,1015.27,9386.17,9,15.1,680.0,0.064,PM2.5-1HR
194,840060811001,2026-05-15,9.21,14.13,74.67,0,3.07,246.33,1015.88,4011.86,3,6.7,680.0,0.461,PM2.5-1HR
194,840060010011,2026-05-16,13.04,16.93,58.42,0,2.17,237.76,1015,6169.93,6,10.9,680.0,0.037,PM2.5-1HR
194,840060010012,2026-05-16,12.42,16.93,58.42,0,2.17,237.76,1015,3394.18,6,10.9,680.0,0.018,PM2.5-1HR
194,840060010013,2026-05-16,11.03,17.31,49.92,0,2.56,280.05,1014.88,1054.12,6,10.9,680.0,0.021,PM2.5-1HR
194,840060410001,2026-05-16,9.78,16.32,54.67,0,5.36,291.5,1014.74,2402.3,4,8.1,680.0,0.135,PM2.5-1HR
194,840060750005,2026-05-16,12.42,15.41,57.33,0,3.2,266.85,1015.23,9386.17,8,13.7,680.0,0.064,PM2.5-1HR
194,840060811001,2026-05-16,9.66,13.71,67.54,0,4.82,265.76,1015.97,4011.86,5,9.5,680.0,0.461,PM2.5-1HR
194,840060010011,2026-05-17,9.2,17.77,48.17,0,3.56,283.79,1011.44,6169.93,2,5.3,680.0,0.037,PM2.5-1HR
194,840060010012,2026-05-17,9.83,17.77,48.17,0,3.56,283.79,1011.44,3394.18,2,5.3,680.0,0.018,PM2.5-1HR
194,840060010013,2026-05-17,7.53,17.67,43.42,0,3.63,204.18,1011.58,1054.12,2,5.3,680.0,0.021,PM2.5-1HR
194,840060410001,2026-05-17,5,17.82,41.33,0,3.6,319.3,1011.58,2402.3,0,2.5,680.0,0.135,PM2.5-1HR
194,840060750005,2026-05-17,8.39,17.39,44.75,0,3.66,250.04,1011.66,9386.17,0,2.5,680.0,0.064,PM2.5-1HR
194,840060811001,2026-05-17,7.01,15.66,56.46,0,3.82,279.21,1011.68,4011.86,1,3.9,680.0,0.461,PM2.5-1HR
194,840060010009,2026-05-18,4.18,22.09,23.79,0,4.76,339.68,1013.06,8161,0.5,3.2,680.0,0.019,PM2.5-1HR
194,840060010011,2026-05-18,6.07,23.05,18.92,0,5.33,3.15,1013.26,6169.93,0.33,2.962,680.0,0.037,PM2.5-1HR
194,840060010012,2026-05-18,5.47,23.05,18.92,0,5.33,3.15,1013.26,3394.18,0.25,2.85,680.0,0.018,PM2.5-1HR
194,840060010013,2026-05-18,4.47,22.52,20.58,0,5.64,346.44,1013.52,1054.12,0.33,2.962,680.0,0.021,PM2.5-1HR
194,840060010015,2026-05-18,4.53,21.84,20.17,0,5.14,3.35,1012.95,1481.82,1,3.9,680.0,0.032,PM2.5-1HR
194,840060410001,2026-05-18,3.62,21.94,22.71,0,4.72,348.27,1013.95,2402.3,1,3.9,680.0,0.135,PM2.5-1HR
194,840060750005,2026-05-18,5.34,22.35,21.88,0,5.82,340.37,1013.45,9386.17,0,2.5,680.0,0.064,PM2.5-1HR
194,840060811001,2026-05-18,1.97,19.97,28.92,0,5.38,326.56,1013.43,4011.86,0,2.5,680.0,0.461,PM2.5-1HR
194,840060010009,2026-05-19,8.48,19.52,46.79,0,2.06,233.64,1015.53,8161,4.5,8.8,680.0,0.019,PM2.5-1HR
194,840060010011,2026-05-19,13,22.68,29.88,0,1.85,321.27,1015.31,6169.93,6.33,11.362,680.0,0.037,PM2.5-1HR
194,840060010012,2026-05-19,12.95,22.68,29.88,0,1.85,321.27,1015.31,3394.18,5.5,10.2,680.0,0.018,PM2.5-1HR
194,840060010013,2026-05-19,14.02,22.76,29.25,0,1.98,311.74,1015.2,1054.12,6.33,11.362,680.0,0.021,PM2.5-1HR
194,840060010015,2026-05-19,4.56,21.78,32.88,0,2.12,300.5,1015.28,1481.82,1,3.9,680.0,0.032,PM2.5-1HR
194,840060410001,2026-05-19,5.6,22.8,30.25,0,2.45,310.52,1015.25,2402.3,0,2.5,680.0,0.135,PM2.5-1HR
194,840060750005,2026-05-19,13.44,19.25,44.29,0,2.74,222.51,1015.41,9386.17,5,9.5,680.0,0.064,PM2.5-1HR
194,840060811001,2026-05-19,4.62,19.11,43.79,0,2.21,259.99,1015.6,4011.86,1,3.9,680.0,0.461,PM2.5-1HR
194,840060010009,2026-05-20,12.03,17.87,59.17,0,1.62,265.81,1013.81,8161,8,13.7,680.0,0.019,PM2.5-1HR
194,840060010011,2026-05-20,17.11,18.66,57.83,0,2.05,207.63,1013.65,6169.93,9,15.1,680.0,0.037,PM2.5-1HR
194,840060010012,2026-05-20,15.87,18.66,57.83,0,2.05,207.63,1013.65,3394.18,8.5,14.4,680.0,0.018,PM2.5-1HR
194,840060010013,2026-05-20,13.45,16.9,62.17,0,3.37,187.8,1013.53,1054.12,9,15.1,680.0,0.021,PM2.5-1HR
194,840060010015,2026-05-20,5.38,22.05,37.88,0,1.81,249.94,1013.23,1481.82,3,6.7,680.0,0.032,PM2.5-1HR
194,840060410001,2026-05-20,9.54,20.1,55.83,0,1.44,195.21,1013.2,2402.3,4,8.1,680.0,0.135,PM2.5-1HR
194,840060750005,2026-05-20,14.52,14.51,71.88,0,2.93,222.67,1013.89,9386.17,9,15.1,680.0,0.064,PM2.5-1HR
194,840060811001,2026-05-20,10.94,17.54,63.13,0,1.98,294.87,1013.68,4011.86,2,5.3,680.0,0.461,PM2.5-1HR
194,840060010009,2026-05-21,14.76,16.48,69.92,0,1.6,282.71,1011.83,8161,5.5,10.2,680.0,0.019,PM2.5-1HR
194,840060010011,2026-05-21,15.05,17.26,67.75,0,2.09,214.53,1011.67,6169.93,5,9.5,680.0,0.037,PM2.5-1HR
194,840060010012,2026-05-21,14.86,17.26,67.75,0,2.09,214.53,1011.67,3394.18,5.25,9.85,680.0,0.018,PM2.5-1HR
194,840060010013,2026-05-21,12.93,15.06,74.08,0,3.54,195.76,1011.57,1054.12,5,9.5,680.0,0.021,PM2.5-1HR
194,840060010015,2026-05-21,7.77,21.18,47.04,0,2.18,258.39,1011.11,1481.82,5,9.5,680.0,0.032,PM2.5-1HR
194,840060130002,2026-05-21,5.52,22.45,42.54,0,2.87,225.14,1010.69,1916.52,3,6.7,680.0,0.019,PM2.5-1HR
194,840060410001,2026-05-21,10.9,18.34,68.33,0,1.86,196.38,1011.17,2402.3,4,8.1,680.0,0.135,PM2.5-1HR
194,840060750005,2026-05-21,12.95,13.5,79.54,0,3.1,231.75,1011.93,9386.17,5,9.5,680.0,0.064,PM2.5-1HR
194,840060811001,2026-05-21,12.43,16.79,71.54,0,1.98,301.1,1011.63,4011.86,6,10.9,680.0,0.461,PM2.5-1HR
194,840060010009,2026-05-22,7.37,14.45,77.29,0,2.28,282.89,1010.47,8161,3,6.7,680.0,0.019,PM2.5-1HR
194,840060010011,2026-05-22,6.25,14.53,79,0,3.25,228.91,1010.43,6169.93,1.67,4.838,680.0,0.037,PM2.5-1HR
194,840060010012,2026-05-22,4.55,14.53,79,0,3.25,228.91,1010.43,3394.18,2.25,5.65,680.0,0.018,PM2.5-1HR
194,840060010013,2026-05-22,3.07,13.14,83.67,0,4.37,218.61,1010.39,1054.12,1.67,4.838,680.0,0.021,PM2.5-1HR
194,840060010015,2026-05-22,7.91,17.43,63.29,0,2.67,257.76,1009.7,1481.82,5,9.5,680.0,0.032,PM2.5-1HR
194,840060130002,2026-05-22,4.75,17.86,62.42,0,3.75,223.59,1009.34,1916.52,1,3.9,680.0,0.019,PM2.5-1HR
194,840060410001,2026-05-22,5.35,14.16,80.88,0,2.73,211.22,1010.18,2402.3,1,3.9,680.0,0.135,PM2.5-1HR
194,840060750005,2026-05-22,4.49,13.15,81.88,0,4.09,236.22,1010.6,9386.17,0,2.5,680.0,0.064,PM2.5-1HR
194,840060811001,2026-05-22,4.67,14.94,75.83,0,1.83,302.25,1010.2,4011.86,2,5.3,680.0,0.461,PM2.5-1HR
194,840060010009,2026-05-23,5.63,15.13,76.25,0,2.88,257.92,1013.39,8161,4,8.1,680.0,0.019,PM2.5-1HR
194,840060010015,2026-05-23,5.62,16.46,70.75,0,3.19,256.46,1012.8,1481.82,2,5.3,680.0,0.032,PM2.5-1HR
194,840060130002,2026-05-23,5.01,16.41,73.08,0,4.24,233.02,1012.69,1916.52,3,6.7,680.0,0.019,PM2.5-1HR
194,840060410001,2026-05-23,3.5,14.4,82.42,0,4.39,212.21,1013.37,2402.3,0,2.5,680.0,0.135,PM2.5-1HR
194,840060750005,2026-05-23,3,14.53,77.79,0,4.48,221.16,1013.48,9386.17,0,2.5,680.0,0.064,PM2.5-1HR
194,840060811001,2026-05-23,3.04,15.39,74,0,2.06,252.53,1013.07,4011.86,1,3.9,680.0,0.461,PM2.5-1HR
194,840060010009,2026-05-24,4.23,14.75,77.54,0,3.56,256.48,1015.97,8161,2,5.3,680.0,0.019,PM2.5-1HR
194,840060010015,2026-05-24,4.6,15.41,75.29,0,3.83,252.08,1015.46,1481.82,1,3.9,680.0,0.032,PM2.5-1HR
194,840060130002,2026-05-24,2.87,15.83,75.08,0,4.74,234.78,1015.23,1916.52,1,3.9,680.0,0.019,PM2.5-1HR
194,840060410001,2026-05-24,1.92,14.6,77.67,0,3.45,225.02,1015.81,2402.3,0,2.5,680.0,0.135,PM2.5-1HR
194,840060750005,2026-05-24,2.29,14.28,77.71,0,3.83,244.96,1016.03,9386.17,0,2.5,680.0,0.064,PM2.5-1HR
194,840060811001,2026-05-24,2.7,15.2,73.71,0,2.66,262.68,1015.72,4011.86,0,2.5,680.0,0.461,PM2.5-1HR
194,840060010009,2026-05-25,4.29,13.66,77.75,0.03,4.05,255.92,1014.68,8161,0,2.5,680.0,0.019,PM2.5-1HR
194,840060010015,2026-05-25,3.04,13.98,75.88,0,5.12,249.29,1014.18,1481.82,0,2.5,680.0,0.032,PM2.5-1HR
194,840060130002,2026-05-25,3.17,14.55,74.54,0,5.62,237.3,1013.88,1916.52,0,2.5,680.0,0.019,PM2.5-1HR
194,840060410001,2026-05-25,3.7,13.83,77.42,0,3.62,241.21,1014.34,2402.3,0,2.5,680.0,0.135,PM2.5-1HR
194,840060750005,2026-05-25,4.07,13.55,76.5,0.01,4.52,253.09,1014.7,9386.17,1,3.9,680.0,0.064,PM2.5-1HR
194,840060811001,2026-05-25,1.95,13.75,77,0,3.37,259.84,1014.68,4011.86,0,2.5,680.0,0.461,PM2.5-1HR
194,840060010009,2026-05-26,4.32,13.89,75.63,0.01,4.16,256.39,1011.1,8161,0,2.5,680.0,0.019,PM2.5-1HR
194,840060010011,2026-05-26,6.68,15.31,67.75,0.03,3.45,259.61,1010.7,6169.93,3.5,7.4,680.0,0.037,PM2.5-1HR
194,840060010013,2026-05-26,5.07,15.14,65.17,0,3.94,270.74,1010.59,1054.12,3.5,7.4,680.0,0.021,PM2.5-1HR
194,840060010015,2026-05-26,4.2,14.05,73,0.05,4.12,238.37,1010.92,1481.82,2,5.3,680.0,0.032,PM2.5-1HR
194,840060130002,2026-05-26,3,15.77,64.71,0.03,3.85,257.88,1010.29,1916.52,0,2.5,680.0,0.019,PM2.5-1HR
194,840060410001,2026-05-26,4.2,14.61,70,0.01,4.73,282,1010.61,2402.3,1,3.9,680.0,0.135,PM2.5-1HR
194,840060750005,2026-05-26,4.6,13.99,72.71,0.01,5.29,272.81,1010.96,9386.17,1,3.9,680.0,0.064,PM2.5-1HR
194,840060811001,2026-05-26,3.78,13.31,75.83,0.01,5,269.55,1011.6,4011.86,0,2.5,680.0,0.461,PM2.5-1HR
194,840060010009,2026-05-27,5.98,14.3,73.79,0,2.61,211.39,1009.17,8161,3,6.7,680.0,0.019,PM2.5-1HR
194,840060010011,2026-05-27,7.16,14.83,74.04,0.01,2.86,199.09,1008.98,6169.93,3.5,7.4,680.0,0.037,PM2.5-1HR
194,840060010013,2026-05-27,4.69,14.53,73.63,0,3.11,193.04,1008.85,1054.12,3.5,7.4,680.0,0.021,PM2.5-1HR
194,840060010015,2026-05-27,5.56,14.68,71.58,0.14,2.01,239.7,1008.95,1481.82,2,5.3,680.0,0.032,PM2.5-1HR
194,840060130002,2026-05-27,5.07,15.72,68.58,0.02,2.69,220.21,1008.55,1916.52,2,5.3,680.0,0.019,PM2.5-1HR
194,840060410001,2026-05-27,4.87,14.74,72.5,0,1.8,203.13,1008.72,2402.3,0,2.5,680.0,0.135,PM2.5-1HR
194,840060750005,2026-05-27,6.95,13.62,77.33,0,2.89,206.54,1009.03,9386.17,3,6.7,680.0,0.064,PM2.5-1HR
194,840060811001,2026-05-27,3.74,14.27,75.25,0.01,2.32,223.88,1009.07,4011.86,1,3.9,680.0,0.461,PM2.5-1HR
194,840060010009,2026-05-28,4.57,14.58,80.33,0.39,2.49,172.65,1011.55,8161,2,5.3,680.0,0.019,PM2.5-1HR
194,840060010011,2026-05-28,4.73,15.22,77.29,0.41,2.68,148.13,1011.48,6169.93,1,3.9,680.0,0.037,PM2.5-1HR
194,840060010013,2026-05-28,4,15.44,75.71,0.43,2.81,146.86,1011.33,1054.12,1,3.9,680.0,0.021,PM2.5-1HR
194,840060010015,2026-05-28,5.36,14.64,78.38,0.47,2.53,99.25,1011.59,1481.82,1,3.9,680.0,0.032,PM2.5-1HR
194,840060130002,2026-05-28,2.72,15.72,75.83,0.47,2.74,128.72,1011.46,1916.52,1,3.9,680.0,0.019,PM2.5-1HR
194,840060410001,2026-05-28,3.53,15.34,75.08,0.49,2.98,94.78,1011.37,2402.3,2,5.3,680.0,0.135,PM2.5-1HR
194,840060750005,2026-05-28,3.87,14.62,77.63,0.41,3.32,168.69,1011.4,9386.17,0,2.5,680.0,0.064,PM2.5-1HR
194,840060811001,2026-05-28,3.49,14.16,78.38,0.4,3,135.23,1011.45,4011.86,1,3.9,680.0,0.461,PM2.5-1HR
194,840060010009,2026-05-29,3.78,13.57,86.92,0.03,2.25,235.22,1017.45,8161,0,2.5,680.0,0.019,PM2.5-1HR
194,840060010011,2026-05-29,4.35,14.08,85.25,0.03,2.87,212.82,1017.23,6169.93,0,2.5,680.0,0.037,PM2.5-1HR
194,840060010013,2026-05-29,3.62,14.21,83.29,0.03,3.01,202.92,1016.96,1054.12,0,2.5,680.0,0.021,PM2.5-1HR
194,840060010015,2026-05-29,3.63,14.3,82.71,0,2.63,240.51,1017.18,1481.82,2,5.3,680.0,0.032,PM2.5-1HR
194,840060130002,2026-05-29,3.04,15.19,79.58,0.01,3.03,212.58,1016.77,1916.52,0,2.5,680.0,0.019,PM2.5-1HR
194,840060750005,2026-05-29,3.16,13.41,85.29,0.01,3.47,243.4,1017.26,9386.17,0,2.5,680.0,0.064,PM2.5-1HR
194,840060010009,2026-05-30,8.36,14.13,81.21,0,2.34,225.76,1019.51,8161,3,6.7,680.0,0.019,PM2.5-1HR
194,840060010011,2026-05-30,9.53,15.45,78.21,0,2.83,200.92,1019.15,6169.93,3.5,7.4,680.0,0.037,PM2.5-1HR
194,840060010013,2026-05-30,7.74,15.72,75.58,0,2.73,189.4,1018.9,1054.12,3.5,7.4,680.0,0.021,PM2.5-1HR
194,840060010015,2026-05-30,5.78,15.95,72.58,0,2.39,243.04,1019.1,1481.82,1,3.9,680.0,0.032,PM2.5-1HR
194,840060130002,2026-05-30,5.38,17.38,69.83,0,2.97,215.83,1018.58,1916.52,0,2.5,680.0,0.019,PM2.5-1HR
194,840060750005,2026-05-30,9.4,14.09,79.42,0,3.09,221.78,1019.18,9386.17,3,6.7,680.0,0.064,PM2.5-1HR
194,840060010009,2026-05-31,12.94,15.33,71.25,0,1.86,216.52,1016.15,8161,7,12.3,680.0,0.019,PM2.5-1HR
194,840060010011,2026-05-31,14.28,17.06,68.54,0,2.56,196.79,1015.87,6169.93,9,15.1,680.0,0.037,PM2.5-1HR
194,840060010013,2026-05-31,12.5,16.98,67.58,0,2.9,185.14,1015.72,1054.12,9,15.1,680.0,0.021,PM2.5-1HR
194,840060010015,2026-05-31,7.42,18.46,59.75,0,2.03,248.59,1015.6,1481.82,5,9.5,680.0,0.032,PM2.5-1HR
194,840060130002,2026-05-31,6.08,20.46,52.58,0,2.44,232.44,1015.12,1916.52,2,5.3,680.0,0.019,PM2.5-1HR
194,840060750005,2026-05-31,13,14.67,73.79,0,2.84,195.58,1015.96,9386.17,7,12.3,680.0,0.064,PM2.5-1HR
194,840060010009,2026-06-01,15.13,16.42,71.5,0,1.56,274.43,1014.11,8161,6,10.9,680.0,0.019,PM2.5-1HR
194,840060010011,2026-06-01,16.96,17.48,69.33,0,2.13,209.8,1013.91,6169.93,9.5,15.8,680.0,0.037,PM2.5-1HR
194,840060010013,2026-06-01,14.75,16.11,72.88,0,3.48,192,1013.76,1054.12,9.5,15.8,680.0,0.021,PM2.5-1HR
194,840060010015,2026-06-01,8.17,20.48,52.83,0,1.97,256.3,1013.44,1481.82,7,12.3,680.0,0.032,PM2.5-1HR
194,840060130002,2026-06-01,7.08,22.2,46.38,0,2.68,228.05,1013.01,1916.52,3,6.7,680.0,0.019,PM2.5-1HR
194,840060410001,2026-06-01,14.99,18.83,68.92,0,1.75,202.57,1013.42,2402.3,10,16.5,680.0,0.135,PM2.5-1HR
194,840060750005,2026-06-01,15.78,14.33,77.75,0,3.1,224.96,1014.14,9386.17,9,15.1,680.0,0.064,PM2.5-1HR
194,840060811001,2026-06-01,15.06,16.49,75.38,0,1.96,295.12,1013.95,4011.86,3,6.7,680.0,0.461,PM2.5-1HR
194,840060010009,2026-06-02,12.12,14.48,80.88,0,2.11,256.29,1017.02,8161,6,10.9,680.0,0.019,PM2.5-1HR
194,840060010011,2026-06-02,10.24,14.93,80.79,0,3.49,217.85,1016.76,6169.93,6.5,11.6,680.0,0.037,PM2.5-1HR
194,840060010013,2026-06-02,10.45,14.28,81.17,0,4.13,203.09,1016.45,1054.12,6.5,11.6,680.0,0.021,PM2.5-1HR
194,840060130002,2026-06-02,10.54,18.21,65.08,0,3.97,214.44,1015.68,1916.52,5,9.5,680.0,0.019,PM2.5-1HR
194,840060410001,2026-06-02,9.63,15.65,77,0,2.07,211.78,1016.1,2402.3,5,9.5,680.0,0.135,PM2.5-1HR
194,840060750005,2026-06-02,11,13.74,82.42,0,4.45,235.3,1016.84,9386.17,7,12.3,680.0,0.064,PM2.5-1HR
194,840060811001,2026-06-02,11.38,15.2,78.92,0,2.03,279.15,1016.83,4011.86,6,10.9,680.0,0.461,PM2.5-1HR
194,840060010009,2026-06-03,8.92,15.52,74.38,0,2.95,212.93,1017.06,8161,4,8.1,680.0,0.019,PM2.5-1HR
194,840060010011,2026-06-03,8.29,17.68,69.17,0,3.36,191.3,1016.42,6169.93,2.5,6.0,680.0,0.037,PM2.5-1HR
194,840060010013,2026-06-03,7.52,18.28,65.25,0,3.32,189.45,1015.95,1054.12,2.5,6.0,680.0,0.021,PM2.5-1HR
194,840060130002,2026-06-03,6,20.02,60.08,0,3.99,209.89,1015.53,1916.52,2,5.3,680.0,0.019,PM2.5-1HR
194,840060410001,2026-06-03,6,18.32,65.96,0,2.51,235.72,1015.73,2402.3,2,5.3,680.0,0.135,PM2.5-1HR
194,840060750005,2026-06-03,7.55,16.23,69.5,0,3.84,232.26,1016.36,9386.17,3,6.7,680.0,0.064,PM2.5-1HR
194,840060811001,2026-06-03,6.97,15.61,73.04,0,3.36,242.79,1017.22,4011.86,2,5.3,680.0,0.461,PM2.5-1HR
194,840060010009,2026-06-04,11.8,15.5,74.96,0,2.59,215.14,1013.81,8161,2,5.3,680.0,0.019,PM2.5-1HR
194,840060010011,2026-06-04,9.95,17.1,72.04,0,3.15,191.98,1013.33,6169.93,1,3.9,680.0,0.037,PM2.5-1HR
194,840060010013,2026-06-04,11.73,17.76,67.42,0,3.54,174.76,1012.91,1054.12,1,3.9,680.0,0.021,PM2.5-1HR
194,840060130002,2026-06-04,6.14,20.5,61.25,0,3.2,213.15,1012.46,1916.52,1,3.9,680.0,0.019,PM2.5-1HR
194,840060410001,2026-06-04,9.06,19.33,64.75,0,1.62,220.17,1012.68,2402.3,1,3.9,680.0,0.135,PM2.5-1HR
194,840060750005,2026-06-04,15.2,15.63,71.96,0,3.38,211.39,1013.27,9386.17,11,17.9,680.0,0.064,PM2.5-1HR
194,840060811001,2026-06-04,8.68,16.08,72.25,0,2.72,254.9,1013.77,4011.86,1,3.9,680.0,0.461,PM2.5-1HR
194,840060010009,2026-06-05,14.52,16.05,67.42,0,2.42,212.51,1010.66,8161,10,16.5,680.0,0.019,PM2.5-1HR
194,840060010011,2026-06-05,14.21,18.26,62.71,0,3.22,188.75,1010.1,6169.93,10,16.5,680.0,0.037,PM2.5-1HR
194,840060010013,2026-06-05,15.16,18.7,59.83,0,3,178.72,1009.8,1054.12,10,16.5,680.0,0.021,PM2.5-1HR
194,840060130002,2026-06-05,10.58,21.82,51.21,0,3.26,213.52,1009.19,1916.52,6,10.9,680.0,0.019,PM2.5-1HR
194,840060410001,2026-06-05,11.63,19.35,60.42,0,2.15,218.59,1009.6,2402.3,5,9.5,680.0,0.135,PM2.5-1HR
194,840060750005,2026-06-05,14.18,16.44,64.17,0,3.09,207.5,1010.08,9386.17,10,16.5,680.0,0.064,PM2.5-1HR
194,840060811001,2026-06-05,12.47,16.18,67.38,0,3.11,258.74,1010.69,4011.86,7,12.3,680.0,0.461,PM2.5-1HR
194,840060010009,2026-06-06,11.21,13.86,71.58,0,3.67,220.4,1011.32,8161,8,13.7,680.0,0.019,PM2.5-1HR
194,840060010011,2026-06-06,10.45,15.9,65.21,0,3.36,195.2,1010.49,6169.93,7.5,13.0,680.0,0.037,PM2.5-1HR
194,840060010013,2026-06-06,12.11,17.19,56.21,0,2.61,205.75,1010.07,1054.12,7.5,13.0,680.0,0.021,PM2.5-1HR
194,840060130002,2026-06-06,8.64,16.84,61.21,0,4.88,201.63,1009.81,1916.52,5,9.5,680.0,0.019,PM2.5-1HR
194,840060410001,2026-06-06,6.93,16.6,57.63,0,3.62,266.92,1009.83,2402.3,2,5.3,680.0,0.135,PM2.5-1HR
194,840060750005,2026-06-06,10.02,14.66,64.88,0,4.3,256.69,1010.56,9386.17,5,9.5,680.0,0.064,PM2.5-1HR
194,840060811001,2026-06-06,7.75,13.63,69.63,0,4.83,250.53,1011.87,4011.86,4,8.1,680.0,0.461,PM2.5-1HR
194,840060010009,2026-06-07,9.48,14.13,68.46,0,3.15,211.43,1011.28,8161,7,12.3,680.0,0.019,PM2.5-1HR
194,840060010011,2026-06-07,9.65,15.43,66.63,0,3.25,195.66,1010.85,6169.93,6,10.9,680.0,0.037,PM2.5-1HR
194,840060010013,2026-06-07,9.86,16.13,61.75,0,3.14,179.67,1010.51,1054.12,6,10.9,680.0,0.021,PM2.5-1HR
194,840060130002,2026-06-07,7.88,17.59,58.21,0,3.54,218.68,1010.17,1916.52,1,3.9,680.0,0.019,PM2.5-1HR
194,840060410001,2026-06-07,8.71,16.69,57.75,0,1.89,226.38,1010.33,2402.3,5,9.5,680.0,0.135,PM2.5-1HR
194,840060811001,2026-06-07,7.15,14.16,68.29,0,3.17,237.48,1011.37,4011.86,3,6.7,680.0,0.461,PM2.5-1HR
194,840060010009,2026-06-08,6.99,13.85,79.25,0.01,3.46,223.77,1013.72,8161,2,5.3,680.0,0.019,PM2.5-1HR
194,840060010011,2026-06-08,7.14,15.37,75.5,0.03,3.62,206.87,1013.14,6169.93,2,5.3,680.0,0.037,PM2.5-1HR
194,840060010013,2026-06-08,6.95,15.94,71.46,0.02,3.45,201.37,1012.77,1054.12,2,5.3,680.0,0.021,PM2.5-1HR
194,840060130002,2026-06-08,5.17,17.08,67.54,0.01,4.32,216.04,1012.43,1916.52,1,3.9,680.0,0.019,PM2.5-1HR
194,840060131004,2026-06-08,5.82,15.67,71.38,0.02,3.45,201.37,1012.77,5226.97,0,2.5,680.0,0.044,PM2.5-1HR
194,840060410001,2026-06-08,5.4,16.39,69.13,0.04,2.73,239.04,1012.58,2402.3,0,2.5,680.0,0.135,PM2.5-1HR
194,840060750005,2026-06-08,4.16,13.89,77,0.01,3.97,235.68,1013.2,9386.17,2,5.3,680.0,0.064,PM2.5-1HR
194,840060811001,2026-06-08,4.78,14.33,76.79,0.06,3.39,242.04,1013.84,4011.86,0,2.5,680.0,0.461,PM2.5-1HR
194,840060010009,2026-06-09,3.77,16.74,79.46,0.01,2.2,245.55,1015.66,8161,0,2.5,680.0,0.019,PM2.5-1HR
194,840060010011,2026-06-09,3.64,18.22,74.96,0,2.52,223.34,1015.43,6169.93,0,2.5,680.0,0.037,PM2.5-1HR
194,840060010013,2026-06-09,3.85,18.58,71.46,0,2.65,207.92,1015.21,1054.12,0,2.5,680.0,0.021,PM2.5-1HR
194,840060130002,2026-06-09,2,20.3,68.54,0,2.74,237.16,1014.92,1916.52,0,2.5,680.0,0.019,PM2.5-1HR
194,840060131004,2026-06-09,6.47,18.31,71.42,0,2.65,207.92,1015.21,5226.97,0,2.5,680.0,0.044,PM2.5-1HR
194,840060410001,2026-06-09,3.88,19.48,69,0,1.93,252.09,1015.11,2402.3,0,2.5,680.0,0.135,PM2.5-1HR
194,840060750005,2026-06-09,4.09,16.2,78.21,0.01,3.19,233.64,1015.51,9386.17,0,2.5,680.0,0.064,PM2.5-1HR
194,840060811001,2026-06-09,2.83,16.73,79.08,0,2.36,274.9,1015.68,4011.86,0,2.5,680.0,0.461,PM2.5-1HR
194,840060010009,2026-06-10,10.91,19.06,60.75,0,1.55,225.18,1012.24,8161,5,9.5,680.0,0.019,PM2.5-1HR
194,840060010011,2026-06-10,12.43,21.08,57,0,2.14,200.55,1011.95,6169.93,8,13.7,680.0,0.037,PM2.5-1HR
194,840060010013,2026-06-10,13.94,21.12,54.96,0,2.79,179.1,1011.78,1054.12,8,13.7,680.0,0.021,PM2.5-1HR
194,840060130002,2026-06-10,3.92,25.43,45.13,0,2,237.97,1011.38,1916.52,1,3.9,680.0,0.019,PM2.5-1HR
194,840060131004,2026-06-10,11.82,20.85,54.96,0,2.79,179.1,1011.78,5226.97,6,10.9,680.0,0.044,PM2.5-1HR
194,840060410001,2026-06-10,8.29,22.94,51.46,0,1.69,229,1011.62,2402.3,3,6.7,680.0,0.135,PM2.5-1HR
194,840060750005,2026-06-10,12.83,17.93,61.13,0,2.47,189.86,1012.05,9386.17,9,15.1,680.0,0.064,PM2.5-1HR
194,840060811001,2026-06-10,8.13,18.87,61.75,0,2.33,271.16,1012.16,4011.86,2,5.3,680.0,0.461,PM2.5-1HR
194,840060010009,2026-06-11,11.91,23.17,45.96,0,1.69,295.92,1009.28,8161,4,8.1,680.0,0.019,PM2.5-1HR
194,840060010011,2026-06-11,14.81,24.06,45.79,0,1.76,251.7,1009.28,6169.93,3.5,7.4,680.0,0.037,PM2.5-1HR
194,840060010013,2026-06-11,16.96,20.7,55.92,0,3.13,199.22,1009.13,1054.12,3.5,7.4,680.0,0.021,PM2.5-1HR
194,840060130002,2026-06-11,4.03,28.9,27.63,0,2.42,294.83,1008.73,1916.52,0,2.5,680.0,0.019,PM2.5-1HR
194,840060131004,2026-06-11,16.85,20.43,55.83,0,3.13,199.22,1009.13,5226.97,2,5.3,680.0,0.044,PM2.5-1HR
194,840060410001,2026-06-11,10.43,25.85,40.33,0,2.03,228.49,1008.87,2402.3,4,8.1,680.0,0.135,PM2.5-1HR
194,840060750005,2026-06-11,15.36,18.07,64.58,0,3.05,218.64,1009.43,9386.17,2,5.3,680.0,0.064,PM2.5-1HR
194,840060811001,2026-06-11,11.06,23.07,49.21,0,1.7,272.32,1009.22,4011.86,2,5.3,680.0,0.461,PM2.5-1HR
194,840060010009,2026-06-12,5.16,19.42,66.92,0,2.27,304.15,1010.95,8161,1,3.9,680.0,0.019,PM2.5-1HR
194,840060010011,2026-06-12,2.72,19.08,70.92,0,2.18,254.44,1011.1,6169.93,0,2.5,680.0,0.037,PM2.5-1HR
194,840060010013,2026-06-12,2.88,16.38,80.71,0,3.75,223.57,1011.08,1054.12,0,2.5,680.0,0.021,PM2.5-1HR
194,840060130002,2026-06-12,5.87,24.69,47.79,0,2.77,232.03,1010.06,1916.52,0,2.5,680.0,0.019,PM2.5-1HR
194,840060131004,2026-06-12,7.94,16.08,80.58,0,3.75,223.57,1011.08,5226.97,1,3.9,680.0,0.044,PM2.5-1HR
194,840060410001,2026-06-12,4.01,19.11,70.58,0,2.51,211.51,1010.88,2402.3,2,5.3,680.0,0.135,PM2.5-1HR
194,840060750005,2026-06-12,2.14,16.23,78.83,0,3.5,267.84,1011.28,9386.17,0,2.5,680.0,0.064,PM2.5-1HR
194,840060811001,2026-06-12,4.31,19.35,67.83,0,2.06,332.59,1010.8,4011.86,1,3.9,680.0,0.461,PM2.5-1HR
194,840060010009,2026-06-13,8.28,18.06,73.88,0,2.5,304.77,1011.34,8161,2,5.3,680.0,0.019,PM2.5-1HR
194,840060010011,2026-06-13,4,17.8,75.88,0,2.83,247.64,1011.52,6169.93,1,3.9,680.0,0.037,PM2.5-1HR
194,840060010013,2026-06-13,4.13,15.37,85.54,0,4.04,228.35,1011.58,1054.12,1,3.9,680.0,0.021,PM2.5-1HR
194,840060130002,2026-06-13,4.7,22.06,60.25,0,3.02,231.63,1010.43,1916.52,2,5.3,680.0,0.019,PM2.5-1HR
194,840060131004,2026-06-13,9.95,15.1,85.5,0,4.04,228.35,1011.58,5226.97,0,2.5,680.0,0.044,PM2.5-1HR
194,840060410001,2026-06-13,2.7,17.08,78.71,0,2.59,211.93,1011.44,2402.3,0,2.5,680.0,0.135,PM2.5-1HR
194,840060750005,2026-06-13,3.85,16.06,80.46,0,3.71,262.22,1011.64,9386.17,1,3.9,680.0,0.064,PM2.5-1HR
194,840060811001,2026-06-13,5.63,18.26,73.21,0,1.89,348.46,1011.15,4011.86,2,5.3,680.0,0.461,PM2.5-1HR
194,840060010009,2026-06-14,7.82,17.19,76.92,0,2.94,293.98,1014,8161,5,9.5,680.0,0.019,PM2.5-1HR
194,840060010011,2026-06-14,4.37,17.37,77.63,0,3.58,246.23,1014.09,6169.93,1,3.9,680.0,0.037,PM2.5-1HR
194,840060010013,2026-06-14,4.99,15.87,83.25,0,4.04,229.79,1014.13,1054.12,1,3.9,680.0,0.021,PM2.5-1HR
194,840060130002,2026-06-14,5.2,19.61,69.42,0,3.72,234.37,1013.19,1916.52,3,6.7,680.0,0.019,PM2.5-1HR
194,840060131004,2026-06-14,5.76,15.58,83.25,0,4.04,229.79,1014.13,5226.97,1,3.9,680.0,0.044,PM2.5-1HR
194,840060410001,2026-06-14,4.44,16.85,80.83,0,2.62,216.62,1014.06,2402.3,1,3.9,680.0,0.135,PM2.5-1HR
194,840060750005,2026-06-14,5.08,16.19,79.83,0,4.02,249.39,1014.2,9386.17,1,3.9,680.0,0.064,PM2.5-1HR
194,840060811001,2026-06-14,6.85,17.68,75.71,0,1.76,351.8,1013.7,4011.86,3,6.7,680.0,0.461,PM2.5-1HR
194,840060010009,2026-06-15,6.49,16.48,79.33,0,2.54,271.76,1016.19,8161,3,6.7,680.0,0.019,PM2.5-1HR
194,840060010011,2026-06-15,4.63,16.56,81.21,0,3.64,237.66,1016.12,6169.93,0,2.5,680.0,0.037,PM2.5-1HR
194,840060010013,2026-06-15,5.71,15.89,82.63,0,3.75,219.83,1015.96,1054.12,0,2.5,680.0,0.021,PM2.5-1HR
194,840060130002,2026-06-15,4.41,19.03,71.13,0,4.08,226.53,1015.13,1916.52,2,5.3,680.0,0.019,PM2.5-1HR
194,840060131004,2026-06-15,6.04,15.6,82.63,0,3.75,219.83,1015.96,5226.97,2,5.3,680.0,0.044,PM2.5-1HR
194,840060410001,2026-06-15,4.04,17.71,77.17,0,2.45,224.2,1015.76,2402.3,2,5.3,680.0,0.135,PM2.5-1HR
194,840060750005,2026-06-15,5.12,15.53,82.46,0,4.08,249.1,1016.22,9386.17,2,5.3,680.0,0.064,PM2.5-1HR
194,840060811001,2026-06-15,5.86,16.96,78.29,0,1.92,311.22,1015.95,4011.86,3,6.7,680.0,0.461,PM2.5-1HR
194,840060010009,2026-06-16,4.51,16.45,79.71,0,2.58,267.21,1014.89,8161,0,2.5,680.0,0.019,PM2.5-1HR
194,840060010011,2026-06-16,2.13,16.48,81.58,0,3.87,235.49,1014.81,6169.93,0,2.5,680.0,0.037,PM2.5-1HR
194,840060010013,2026-06-16,3.72,15.52,82.58,0,4,222.58,1014.73,1054.12,0,2.5,680.0,0.021,PM2.5-1HR
194,840060130002,2026-06-16,4.4,18.55,74.08,0,4.26,227.46,1013.92,1916.52,1,3.9,680.0,0.019,PM2.5-1HR
194,840060131004,2026-06-16,4.15,15.24,82.58,0,4,222.58,1014.73,5226.97,0,2.5,680.0,0.044,PM2.5-1HR
194,840060410001,2026-06-16,2.54,16.6,79.08,0,2.65,218.95,1014.57,2402.3,0,2.5,680.0,0.135,PM2.5-1HR
194,840060750005,2026-06-16,2.73,15.38,82.5,0,4.08,246.55,1014.95,9386.17,0,2.5,680.0,0.064,PM2.5-1HR
194,840060811001,2026-06-16,5.49,16.91,76.67,0,2.01,300.18,1014.63,4011.86,1,3.9,680.0,0.461,PM2.5-1HR
194,840060010009,2026-06-17,5.38,17.16,78.58,0,2.92,268.22,1012.41,8161,1,3.9,680.0,0.019,PM2.5-1HR
194,840060010011,2026-06-17,3.64,17.08,80.17,0,4.19,234.33,1012.44,6169.93,0,2.5,680.0,0.037,PM2.5-1HR
194,840060010013,2026-06-17,4.62,16.05,82.71,0,4.54,225.76,1012.46,1054.12,0,2.5,680.0,0.021,PM2.5-1HR
194,840060130002,2026-06-17,3.88,18.59,74.83,0,4.34,233.87,1011.7,1916.52,1,3.9,680.0,0.019,PM2.5-1HR
194,840060131004,2026-06-17,3.14,15.78,82.5,0,4.54,225.76,1012.46,5226.97,0,2.5,680.0,0.044,PM2.5-1HR
194,840060410001,2026-06-17,2.86,16.41,82.75,0,3.4,217.75,1012.42,2402.3,0,2.5,680.0,0.135,PM2.5-1HR
194,840060750005,2026-06-17,3.35,16.18,80.58,0,4.33,233.73,1012.59,9386.17,1,3.9,680.0,0.064,PM2.5-1HR
194,840060811001,2026-06-17,4.44,17.53,77.46,0,1.99,318.04,1012.08,4011.86,0,2.5,680.0,0.461,PM2.5-1HR
194,840060010009,2026-06-18,2.1,16.78,78.13,0,3.64,259.54,1012.88,8161,0,2.5,680.0,0.019,PM2.5-1HR
194,840060010011,2026-06-18,1.28,17.05,77.17,0,4.77,232.16,1012.88,6169.93,0,2.5,680.0,0.037,PM2.5-1HR
194,840060010013,2026-06-18,3.07,15.98,79.75,0,5.18,225.75,1012.97,1054.12,0,2.5,680.0,0.021,PM2.5-1HR
194,840060130002,2026-06-18,2.38,18.1,74.83,0,4.75,235.62,1012.21,1916.52,0,2.5,680.0,0.019,PM2.5-1HR
194,840060131004,2026-06-18,1.2,15.7,79.71,0,5.18,225.75,1012.97,5226.97,0,2.5,680.0,0.044,PM2.5-1HR
194,840060410001,2026-06-18,0.99,16.12,80.83,0,4.3,215.83,1012.95,2402.3,0,2.5,680.0,0.135,PM2.5-1HR
194,840060750005,2026-06-18,1.75,16.2,77.33,0,4.68,228.33,1013.04,9386.17,0,2.5,680.0,0.064,PM2.5-1HR
194,840060811001,2026-06-18,1.54,17.45,74.38,0,2.6,260.54,1012.53,4011.86,0,2.5,680.0,0.461,PM2.5-1HR
194,840060811001,2026-06-19,2.38,17.4,70.96,0,2.56,243.29,1014.66,4011.86,0,2.5,680.0,0.461,PM2.5-1HR
194,840060010009,2026-06-19,3.68,17.27,73.29,0,3.3,255.2,1014.88,8161,0,2.5,680.0,0.019,PM2.5-1HR
194,840060010011,2026-06-19,2.38,17.42,73.83,0,4.2,231.18,1014.92,6169.93,0.5,3.2,680.0,0.037,PM2.5-1HR
194,840060010013,2026-06-19,3.32,16.38,78.08,0.02,4.09,227.53,1015.01,1054.12,0.5,3.2,680.0,0.021,PM2.5-1HR
194,840060130002,2026-06-19,2.76,18.26,70.5,0,4.29,239.58,1014.48,1916.52,0,2.5,680.0,0.019,PM2.5-1HR
194,840060131004,2026-06-19,1.69,16.11,78.04,0.02,4.09,227.53,1015.01,5226.97,0,2.5,680.0,0.044,PM2.5-1HR
194,840060410001,2026-06-19,1.94,16.2,81.13,0,3.47,219.46,1015.07,2402.3,0,2.5,680.0,0.135,PM2.5-1HR
194,840060750005,2026-06-19,2.87,16.65,74.92,0.01,3.92,224.63,1015.02,9386.17,0,2.5,680.0,0.064,PM2.5-1HR
194,840060811001,2026-06-20,1.46,16.99,73.04,0,2.58,290.3,1015.33,4011.86,0,2.5,680.0,0.461,PM2.5-1HR
194,840060010009,2026-06-20,3.95,16.91,73.25,0,3.05,263.52,1015.46,8161,0,2.5,680.0,0.019,PM2.5-1HR
194,840060010011,2026-06-20,3.36,17.68,70.42,0,3.25,239.85,1015.38,6169.93,0,2.5,680.0,0.037,PM2.5-1HR
194,840060010013,2026-06-20,3.37,16.92,72.54,0,2.75,233.43,1015.37,1054.12,0,2.5,680.0,0.021,PM2.5-1HR
194,840060130002,2026-06-20,2.14,18.78,66.58,0,3.54,239.21,1014.91,1916.52,0,2.5,680.0,0.019,PM2.5-1HR
194,840060131004,2026-06-20,2.61,16.65,72.54,0,2.75,233.43,1015.37,5226.97,0,2.5,680.0,0.044,PM2.5-1HR
194,840060410001,2026-06-20,1.64,17.35,73.92,0,2.24,229.63,1015.28,2402.3,0,2.5,680.0,0.135,PM2.5-1HR
194,840060750005,2026-06-20,1.34,16.33,75.17,0,3.2,253.13,1015.53,9386.17,0,2.5,680.0,0.064,PM2.5-1HR
194,840060811001,2026-06-21,5.05,16.18,77.33,0,2.07,285.71,1013.15,4011.86,1,3.9,680.0,0.461,PM2.5-1HR
194,840060010009,2026-06-21,5.57,15.47,81.17,0,2.34,251.18,1013.35,8161,1,3.9,680.0,0.019,PM2.5-1HR
194,840060010011,2026-06-21,4.49,15.73,82.04,0,3.2,222.58,1013.15,6169.93,1.5,4.6,680.0,0.037,PM2.5-1HR
194,840060010013,2026-06-21,6.71,14.97,82.42,0,3.73,209.22,1012.94,1054.12,1.5,4.6,680.0,0.021,PM2.5-1HR
194,840060130002,2026-06-21,4.51,18.43,71.13,0,3.66,220.89,1012.33,1916.52,1,3.9,680.0,0.019,PM2.5-1HR
194,840060131004,2026-06-21,7.8,14.69,82.42,0,3.73,209.22,1012.94,5226.97,0,2.5,680.0,0.044,PM2.5-1HR
194,840060410001,2026-06-21,4.02,16.44,78.25,0,2.05,211.24,1012.69,2402.3,0,2.5,680.0,0.135,PM2.5-1HR
194,840060750005,2026-06-21,4.42,14.33,83.42,0,4,241.2,1013.28,9386.17,0,2.5,680.0,0.064,PM2.5-1HR
194,840060811001,2026-06-22,5.57,15.8,76.92,0,2.29,283.72,1014,4011.86,2,5.3,680.0,0.461,PM2.5-1HR
194,840060010009,2026-06-22,6.38,15.03,81.21,0,2.49,252.03,1014.22,8161,2,5.3,680.0,0.019,PM2.5-1HR
194,840060010011,2026-06-22,5.8,15.04,83.25,0,3.86,223.96,1014,6169.93,2,5.3,680.0,0.037,PM2.5-1HR
194,840060010013,2026-06-22,6.72,14.45,82.96,0,4.32,208.83,1013.75,1054.12,2,5.3,680.0,0.021,PM2.5-1HR
194,840060130002,2026-06-22,4.96,18.08,70.5,0,4.32,217.75,1012.95,1916.52,1,3.9,680.0,0.019,PM2.5-1HR
194,840060131004,2026-06-22,8.24,14.18,82.88,0,4.32,208.83,1013.75,5226.97,4,8.1,680.0,0.044,PM2.5-1HR
194,840060410001,2026-06-22,4.42,16.15,77.92,0,2.22,209.43,1013.43,2402.3,2,5.3,680.0,0.135,PM2.5-1HR
194,840060750005,2026-06-22,5.21,13.77,84.75,0,4.5,239.16,1014.13,9386.17,2,5.3,680.0,0.064,PM2.5-1HR
194,840060811001,2026-06-23,4.47,15.96,75.58,0,2.17,304.77,1016.38,4011.86,1,3.9,680.0,0.461,PM2.5-1HR
194,840060010009,2026-06-23,4.75,15.29,79.5,0,2.49,267.75,1016.61,8161,1,3.9,680.0,0.019,PM2.5-1HR
194,840060010011,2026-06-23,3.28,15.28,81.46,0,3.36,231.32,1016.5,6169.93,1,3.9,680.0,0.037,PM2.5-1HR
194,840060010013,2026-06-23,4.69,14.35,82.08,0,3.73,216.22,1016.38,1054.12,1,3.9,680.0,0.021,PM2.5-1HR
194,840060130002,2026-06-23,3.73,18.23,69.67,0,3.68,224.87,1015.53,1916.52,1,3.9,680.0,0.019,PM2.5-1HR
194,840060131004,2026-06-23,6.96,14.08,82.04,0,3.73,216.22,1016.38,5226.97,0,2.5,680.0,0.044,PM2.5-1HR
194,840060410001,2026-06-23,2.66,16,75.88,0,2.08,209.55,1016.14,2402.3,0,2.5,680.0,0.135,PM2.5-1HR
194,840060750005,2026-06-23,3.04,13.92,83,0,3.94,247.08,1016.65,9386.17,0,2.5,680.0,0.064,PM2.5-1HR
194,840060811001,2026-06-24,4.2,15.88,74.96,0,2.09,288.79,1015.54,4011.86,0,2.5,680.0,0.461,PM2.5-1HR
194,840060010009,2026-06-24,5.16,14.92,81.04,0,2.51,263.18,1015.82,8161,2,5.3,680.0,0.019,PM2.5-1HR
194,840060010011,2026-06-24,3.16,14.98,82.46,0,3.73,228.41,1015.68,6169.93,0.5,3.2,680.0,0.037,PM2.5-1HR
194,840060010013,2026-06-24,5.54,13.89,85.54,0,4.39,217.5,1015.59,1054.12,0.5,3.2,680.0,0.021,PM2.5-1HR
194,840060130002,2026-06-24,4.12,17.56,70,0,4.24,222.95,1014.65,1916.52,0,2.5,680.0,0.019,PM2.5-1HR
194,840060131004,2026-06-24,2.57,13.61,85.5,0,4.39,217.5,1015.59,5226.97,0,2.5,680.0,0.044,PM2.5-1HR
194,840060410001,2026-06-24,3.43,15.08,81.5,0,2.63,211.25,1015.37,2402.3,0,2.5,680.0,0.135,PM2.5-1HR
194,840060750005,2026-06-24,4.16,13.86,83.46,0,4.4,237.83,1015.84,9386.17,0,2.5,680.0,0.064,PM2.5-1HR
194,840060811001,2026-06-25,5.65,15.86,75.42,0,2.52,264.04,1013.35,4011.86,2,5.3,680.0,0.461,PM2.5-1HR
194,840060010009,2026-06-25,5.95,15.08,80.17,0,3.02,244.35,1013.5,8161,2,5.3,680.0,0.019,PM2.5-1HR
194,840060010011,2026-06-25,4.56,15.33,81.58,0,4.14,221.24,1013.17,6169.93,1,3.9,680.0,0.037,PM2.5-1HR
194,840060010013,2026-06-25,6.85,14.84,80.88,0,4.44,208.72,1012.88,1054.12,1,3.9,680.0,0.021,PM2.5-1HR
194,840060130002,2026-06-25,4.97,17.25,74.42,0,4.67,218.17,1012.27,1916.52,3,6.7,680.0,0.019,PM2.5-1HR
194,840060131004,2026-06-25,4.4,14.57,80.83,0,4.44,208.72,1012.88,5226.97,0,2.5,680.0,0.044,PM2.5-1HR
194,840060410001,2026-06-25,4.41,16.16,76.08,0,2.79,215.61,1012.55,2402.3,0,2.5,680.0,0.135,PM2.5-1HR
194,840060750005,2026-06-25,6,14.34,82.21,0,4.71,233.42,1013.28,9386.17,1,3.9,680.0,0.064,PM2.5-1HR
194,840060811001,2026-06-26,3.86,16,80.63,0,3.49,250.88,1014.45,4011.86,1,3.9,680.0,0.461,PM2.5-1HR
194,840060010009,2026-06-26,2.74,15.55,83.88,0,4.44,247.47,1014.28,8161,1,3.9,680.0,0.019,PM2.5-1HR
194,840060010011,2026-06-26,2.28,16,83.63,0,5.1,230.19,1013.77,6169.93,0,2.5,680.0,0.037,PM2.5-1HR
194,840060010013,2026-06-26,3.87,16.39,79.42,0,4.11,219.31,1013.3,1054.12,0,2.5,680.0,0.021,PM2.5-1HR
194,840060130002,2026-06-26,3.1,17.15,79.42,0,5.95,219.47,1012.92,1916.52,0,2.5,680.0,0.019,PM2.5-1HR
194,840060131004,2026-06-26,4.95,16.11,79.29,0,4.11,219.31,1013.3,5226.97,0,2.5,680.0,0.044,PM2.5-1HR
194,840060410001,2026-06-26,2.54,17.25,77.29,0,4.37,257.34,1012.86,2402.3,0,2.5,680.0,0.135,PM2.5-1HR
194,840060750005,2026-06-26,2.32,14.88,86.29,0,5.66,249.38,1013.9,9386.17,0,2.5,680.0,0.064,PM2.5-1HR
194,840060811001,2026-06-27,3.45,15.78,74.21,0.03,3.84,260.82,1015.61,4011.86,0,2.5,680.0,0.461,PM2.5-1HR
194,840060010009,2026-06-27,4.48,15.54,78.63,0.03,4.1,244.81,1015.35,8161,0,2.5,680.0,0.019,PM2.5-1HR
194,840060010011,2026-06-27,3.38,16.63,75.38,0.01,4.12,227.12,1014.87,6169.93,0,2.5,680.0,0.037,PM2.5-1HR
194,840060010013,2026-06-27,4.99,17.42,69.71,0,3.47,223.44,1014.5,1054.12,0,2.5,680.0,0.021,PM2.5-1HR
194,840060130002,2026-06-27,1.77,17.75,70.29,0,4.46,224.99,1014.27,1916.52,0,2.5,680.0,0.019,PM2.5-1HR
194,840060131004,2026-06-27,3.76,17.14,69.67,0,3.47,223.44,1014.5,5226.97,0,2.5,680.0,0.044,PM2.5-1HR
194,840060410001,2026-06-27,3.04,17.75,68.29,0,3.4,260.98,1014.28,2402.3,0,2.5,680.0,0.135,PM2.5-1HR
194,840060750005,2026-06-27,4.31,15.31,78,0.01,4.8,251.94,1015.01,9386.17,0,2.5,680.0,0.064,PM2.5-1HR
194,840060811001,2026-06-28,5.25,16.32,67.75,0,2.71,250.51,1013.76,4011.86,0,2.5,680.0,0.461,PM2.5-1HR
194,840060010009,2026-06-28,8.15,16.55,68.08,0,2.63,216.58,1013.72,8161,5,9.5,680.0,0.019,PM2.5-1HR
194,840060010011,2026-06-28,7.25,18.4,63.33,0,2.73,209.85,1013.4,6169.93,4.5,8.8,680.0,0.037,PM2.5-1HR
194,840060010013,2026-06-28,9.16,18.48,60.08,0,2.86,198.95,1013.25,1054.12,4.5,8.8,680.0,0.021,PM2.5-1HR
194,840060131004,2026-06-28,9.5,18.21,60.08,0,2.86,198.95,1013.25,5226.97,2,5.3,680.0,0.044,PM2.5-1HR
194,840060410001,2026-06-28,6.44,18.85,57.46,0,1.97,225.54,1013.15,2402.3,2,5.3,680.0,0.135,PM2.5-1HR
194,840060750005,2026-06-28,8.41,16.26,66.63,0,2.88,217.53,1013.51,9386.17,4,8.1,680.0,0.064,PM2.5-1HR
194,840060811001,2026-06-29,7.29,17.1,68.46,0,2.59,262.31,1011.54,4011.86,2,5.3,680.0,0.461,PM2.5-1HR
194,840060010009,2026-06-29,10.91,16.76,69.46,0,2.43,225.3,1011.68,8161,7,12.3,680.0,0.019,PM2.5-1HR
194,840060010011,2026-06-29,11.37,17.92,67.75,0,3.16,198.75,1011.33,6169.93,7.5,13.0,680.0,0.037,PM2.5-1HR
194,840060010013,2026-06-29,13.02,17.59,66.83,0,3.59,181.04,1011.07,1054.12,7.5,13.0,680.0,0.021,PM2.5-1HR
194,840060130002,2026-06-29,5.3,21.53,51,0,3.06,222.34,1010.54,1916.52,2,5.3,680.0,0.019,PM2.5-1HR
194,840060131004,2026-06-29,13.15,17.33,66.75,0,3.59,181.04,1011.07,5226.97,8,13.7,680.0,0.044,PM2.5-1HR
194,840060410001,2026-06-29,8.9,19.33,60.83,0,1.8,210.02,1010.84,2402.3,5,9.5,680.0,0.135,PM2.5-1HR
194,840060750005,2026-06-29,10.42,15.14,74.71,0,3.52,202.4,1011.4,9386.17,7,12.3,680.0,0.064,PM2.5-1HR
194,840060010009,2026-06-30,13.46,15.45,75.63,0,2.28,236,1012.62,8161,9,15.1,680.0,0.019,PM2.5-1HR
194,840060010011,2026-06-30,11.16,15.78,75.29,0,3.84,208.41,1012.35,6169.93,8.5,14.4,680.0,0.037,PM2.5-1HR
194,840060010013,2026-06-30,13.54,14.16,80.17,0,5.15,200.78,1012.15,1054.12,8.5,14.4,680.0,0.021,PM2.5-1HR
194,840060130002,2026-06-30,10.46,18.76,61.54,0,4.5,210.06,1011.26,1916.52,6,10.9,680.0,0.019,PM2.5-1HR
194,840060131004,2026-06-30,12.53,13.9,80.17,0,5.15,200.78,1012.15,5226.97,5,9.5,680.0,0.044,PM2.5-1HR
194,840060410001,2026-06-30,11.57,15.23,77.08,0,2.92,202.71,1011.78,2402.3,7,12.3,680.0,0.135,PM2.5-1HR
194,840060750005,2026-06-30,13.18,14.23,78.46,0,4.56,217.76,1012.49,9386.17,11,17.9,680.0,0.064,PM2.5-1HR
194,840060811001,2026-06-30,9.43,15.92,72.67,0,2.66,258.13,1012.36,4011.86,5,9.5,680.0,0.461,PM2.5-1HR
194,840060010009,2026-07-01,11,15.02,75.75,0,3.14,224.32,1011.9,8161,6,10.9,680.0,0.019,PM2.5-1HR
194,840060010011,2026-07-01,11.95,15.54,74.96,0,4.1,205.05,1011.61,6169.93,9,15.1,680.0,0.037,PM2.5-1HR
194,840060010013,2026-07-01,12.62,14.4,77.71,0,5.02,196.76,1011.4,1054.12,9,15.1,680.0,0.021,PM2.5-1HR
194,840060130002,2026-07-01,8.74,17.51,67.21,0,4.69,211.4,1010.78,1916.52,5,9.5,680.0,0.019,PM2.5-1HR
194,840060131004,2026-07-01,10.75,14.15,77.63,0,5.02,196.76,1011.4,5226.97,8,13.7,680.0,0.044,PM2.5-1HR
194,840060410001,2026-07-01,11.26,14.71,78.92,0,2.74,195.06,1011.16,2402.3,5,9.5,680.0,0.135,PM2.5-1HR
194,840060750005,2026-07-01,12.41,14.29,76.58,0,4.35,204.96,1011.68,9386.17,10,16.5,680.0,0.064,PM2.5-1HR
194,840060811001,2026-07-01,8.98,15.08,73.96,0,3.02,236.04,1011.74,4011.86,5,9.5,680.0,0.461,PM2.5-1HR
194,840060010009,2026-07-02,10.36,15.46,76.04,0,2.25,244.7,1013.83,8161,5,9.5,680.0,0.019,PM2.5-1HR
194,840060010011,2026-07-02,8.16,15.58,77.29,0,3.15,222.62,1013.79,6169.93,5.5,10.2,680.0,0.037,PM2.5-1HR
194,840060010013,2026-07-02,9.98,14.43,80.75,0,4.35,215.68,1013.74,1054.12,5.5,10.2,680.0,0.021,PM2.5-1HR
194,840060130002,2026-07-02,8.45,17.73,68.5,0,3.65,223.26,1012.97,1916.52,3,6.7,680.0,0.019,PM2.5-1HR
194,840060131004,2026-07-02,9.28,14.18,80.71,0,4.35,215.68,1013.74,5226.97,3,6.7,680.0,0.044,PM2.5-1HR
194,840060410001,2026-07-02,8.29,14.95,80.25,0,3.01,207.67,1013.62,2402.3,5,9.5,680.0,0.135,PM2.5-1HR
194,840060750005,2026-07-02,9.51,14.43,79.08,0,3.84,224.42,1013.92,9386.17,8,13.7,680.0,0.064,PM2.5-1HR
194,840060811001,2026-07-02,8.31,15.78,75.54,0,2,274.42,1013.62,4011.86,5,9.5,680.0,0.461,PM2.5-1HR
194,840060010009,2026-07-03,6.78,16.18,76.42,0,2.05,269.56,1015.45,8161,4,8.1,680.0,0.019,PM2.5-1HR
194,840060010011,2026-07-03,2.95,16.5,76.17,0,2.78,228.73,1015.42,6169.93,0,2.5,680.0,0.037,PM2.5-1HR
194,840060010013,2026-07-03,3.28,14.6,81.71,0,3.83,216.17,1015.37,1054.12,0,2.5,680.0,0.021,PM2.5-1HR
194,840060130002,2026-07-03,4.56,19.85,64.33,0,3.12,228.1,1014.5,1916.52,1,3.9,680.0,0.019,PM2.5-1HR
194,840060131004,2026-07-03,6.52,14.34,81.71,0,3.83,216.17,1015.37,5226.97,0,2.5,680.0,0.044,PM2.5-1HR
194,840060410001,2026-07-03,3,16.4,76.25,0,2.24,202.8,1015.13,2402.3,1,3.9,680.0,0.135,PM2.5-1HR
194,840060811001,2026-07-03,5.96,16.7,74.96,0,1.88,302.57,1015.26,4011.86,3,6.7,680.0,0.461,PM2.5-1HR
194,840060010009,2026-07-04,11.55,15.74,79.29,0,1.94,270.79,1016.31,8161,0,2.5,680.0,0.019,PM2.5-1HR
194,840060010011,2026-07-04,5.28,15.94,80.04,0,3.01,222.65,1016.21,6169.93,0.5,3.2,680.0,0.037,PM2.5-1HR
194,840060010013,2026-07-04,3.47,14.27,85.92,0,4.11,210.79,1016.08,1054.12,0.5,3.2,680.0,0.021,PM2.5-1HR
194,840060130002,2026-07-04,4.3,20.06,63.25,0,3.39,222.33,1015.1,1916.52,1,3.9,680.0,0.019,PM2.5-1HR
194,840060131004,2026-07-04,9.71,14.01,85.92,0,4.11,210.79,1016.08,5226.97,0,2.5,680.0,0.044,PM2.5-1HR
194,840060410001,2026-07-04,2.9,16.32,79.29,0,2.24,201.58,1015.81,2402.3,0,2.5,680.0,0.135,PM2.5-1HR
194,840060811001,2026-07-04,5.43,16.57,75.75,0,2,300.04,1016.07,4011.86,1,3.9,680.0,0.461,PM2.5-1HR
194,840060010009,2026-07-05,4.93,15.67,79.38,0,2.74,264.55,1015.97,8161,1,3.9,680.0,0.019,PM2.5-1HR
194,840060010011,2026-07-05,2.23,15.75,80.71,0,3.72,232.25,1015.85,6169.93,0,2.5,680.0,0.037,PM2.5-1HR
194,840060010013,2026-07-05,2.96,14.78,82.46,0,3.88,222.63,1015.78,1054.12,0,2.5,680.0,0.021,PM2.5-1HR
194,840060130002,2026-07-05,5.27,17.9,72.17,0,4.22,226.47,1014.99,1916.52,0,2.5,680.0,0.019,PM2.5-1HR
194,840060131004,2026-07-05,3.73,14.53,82.46,0,3.88,222.63,1015.78,5226.97,0,2.5,680.0,0.044,PM2.5-1HR
194,840060410001,2026-07-05,1.53,15.78,79.38,0,2.63,214.47,1015.58,2402.3,0,2.5,680.0,0.135,PM2.5-1HR
194,840060811001,2026-07-05,4.37,16.24,75.83,0,2.33,288.51,1015.71,4011.86,0,2.5,680.0,0.461,PM2.5-1HR
194,840060010009,2026-07-06,3.15,15.43,78.04,0,3.18,254.08,1015.61,8161,0,2.5,680.0,0.019,PM2.5-1HR
194,840060010011,2026-07-06,2.64,15.64,78.79,0,3.92,230.26,1015.45,6169.93,0,2.5,680.0,0.037,PM2.5-1HR
194,840060010013,2026-07-06,2.5,15.07,79.13,0,3.81,221.79,1015.35,1054.12,0,2.5,680.0,0.021,PM2.5-1HR
194,840060130002,2026-07-06,2.21,17.28,72.38,0,4.39,227.55,1014.68,1916.52,0,2.5,680.0,0.019,PM2.5-1HR
194,840060131004,2026-07-06,3.75,14.8,79.08,0,3.81,221.79,1015.35,5226.97,0,2.5,680.0,0.044,PM2.5-1HR
194,840060410001,2026-07-06,3.21,15.98,77,0,2.5,218.96,1015.17,2402.3,0,2.5,680.0,0.135,PM2.5-1HR
194,840060750005,2026-07-06,2.95,14.54,80.67,0,4.13,241.75,1015.61,9386.17,0,2.5,680.0,0.064,PM2.5-1HR
194,840060811001,2026-07-06,2.61,15.88,75.29,0,2.46,275.91,1015.42,4011.86,1,3.9,680.0,0.461,PM2.5-1HR
194,840060010009,2026-07-07,4.8,13.71,85.21,0,4.1,251.08,1017.68,8161,0,2.5,680.0,0.019,PM2.5-1HR
194,840060010011,2026-07-07,4.59,14.22,83.75,0,4.86,226.21,1017.21,6169.93,1,3.9,680.0,0.037,PM2.5-1HR
194,840060010013,2026-07-07,5.21,14.66,79.46,0,4.03,219.84,1016.78,1054.12,1,3.9,680.0,0.021,PM2.5-1HR
194,840060130002,2026-07-07,4.27,15.27,79.75,0,5.6,216.75,1016.4,1916.52,1,3.9,680.0,0.019,PM2.5-1HR
194,840060131004,2026-07-07,7.55,14.39,79.46,0,4.03,219.84,1016.78,5226.97,1,3.9,680.0,0.044,PM2.5-1HR
194,840060410001,2026-07-07,4.3,15.38,77.67,0,2.71,240.8,1016.47,2402.3,1,3.9,680.0,0.135,PM2.5-1HR
194,840060750005,2026-07-07,4.66,13.25,85.25,0,5.38,252.25,1017.36,9386.17,1,3.9,680.0,0.064,PM2.5-1HR
194,840060811001,2026-07-07,3.46,14.5,79.38,0,3.38,265.63,1017.71,4011.86,0,2.5,680.0,0.461,PM2.5-1HR
194,840060010009,2026-07-09,7.63,14.85,82.71,0,2.22,229.96,1014.75,8161,3,6.7,680.0,0.019,PM2.5-1HR
194,840060010011,2026-07-09,7.13,15.85,79.46,0,3.44,204.63,1014.34,6169.93,1.5,4.6,680.0,0.037,PM2.5-1HR
194,840060010013,2026-07-09,8.92,15.18,79.17,0,4.26,186.91,1013.93,1054.12,1.5,4.6,680.0,0.021,PM2.5-1HR
194,840060130002,2026-07-09,5.96,20.1,64.04,0,3.56,214.88,1013.2,1916.52,1,3.9,680.0,0.019,PM2.5-1HR
194,840060131004,2026-07-09,10.56,14.92,79.08,0,4.26,186.91,1013.93,5226.97,3,6.7,680.0,0.044,PM2.5-1HR
194,840060410001,2026-07-09,5.74,18.45,69.75,0,1.62,196.66,1013.54,2402.3,0,2.5,680.0,0.135,PM2.5-1HR
194,840060750005,2026-07-09,7.48,13.73,84.29,0,3.9,218.51,1014.39,9386.17,2,5.3,680.0,0.064,PM2.5-1HR
194,840060811001,2026-07-09,6.25,16.28,75.13,0,2.16,273.37,1014.56,4011.86,1,3.9,680.0,0.461,PM2.5-1HR
194,840060010009,2026-07-10,8.21,14.57,79.71,0,2.77,226.99,1013.18,8161,4,8.1,680.0,0.019,PM2.5-1HR
194,840060010011,2026-07-10,8.21,15.06,79.13,0,4.31,198.71,1012.64,6169.93,5,9.5,680.0,0.037,PM2.5-1HR
194,840060010013,2026-07-10,10.08,15.26,76.21,0,4.73,182.69,1012.01,1054.12,5,9.5,680.0,0.021,PM2.5-1HR
194,840060130002,2026-07-10,8.08,18.55,64.63,0,4.87,202.66,1011.36,1916.52,2,5.3,680.0,0.019,PM2.5-1HR
194,840060410001,2026-07-10,8.92,17.92,67.88,0,1.89,212.68,1011.53,2402.3,4,8.1,680.0,0.135,PM2.5-1HR
194,840060750005,2026-07-10,7.33,13.62,82,0,4.85,220.8,1012.6,9386.17,1,3.9,680.0,0.064,PM2.5-1HR
194,840060811001,2026-07-10,7.25,15.63,74.29,0,2.43,257.36,1013.05,4011.86,3,6.7,680.0,0.461,PM2.5-1HR
194,840060010009,2026-07-11,5.63,15.34,76.58,0,2.04,228.63,1013.61,8161,1,3.9,680.0,0.019,PM2.5-1HR
194,840060010011,2026-07-11,5.29,15.95,76.38,0,3.3,203.87,1013.22,6169.93,2.5,6.0,680.0,0.037,PM2.5-1HR
194,840060010013,2026-07-11,7.04,15.14,77.04,0,4.34,184.25,1012.78,1054.12,2.5,6.0,680.0,0.021,PM2.5-1HR
194,840060130002,2026-07-11,4.63,20.2,57.88,0,3.73,205.17,1012.06,1916.52,1,3.9,680.0,0.019,PM2.5-1HR
194,840060410001,2026-07-11,5.21,18.7,64.21,0,1.63,200.19,1012.3,2402.3,1,3.9,680.0,0.135,PM2.5-1HR
194,840060750005,2026-07-11,8.75,13.71,82.83,0,4.17,221.98,1013.25,9386.17,3,6.7,680.0,0.064,PM2.5-1HR
194,840060811001,2026-07-11,5.5,16.78,70.46,0,1.91,283.24,1013.43,4011.86,0,2.5,680.0,0.461,PM2.5-1HR
194,840060010009,2026-07-12,8.21,18.94,66.13,0.01,1.53,292.49,1013.62,8161,4,8.1,680.0,0.019,PM2.5-1HR
194,840060010011,2026-07-12,8.25,19.2,65.5,0.06,1.94,213.91,1013.59,6169.93,3,6.7,680.0,0.037,PM2.5-1HR
194,840060010013,2026-07-12,8.29,16.57,73.67,0.05,3.56,198.12,1013.48,1054.12,3,6.7,680.0,0.021,PM2.5-1HR
194,840060130002,2026-07-12,5.71,24.15,46.17,0,2.69,221.69,1012.68,1916.52,0,2.5,680.0,0.019,PM2.5-1HR
194,840060410001,2026-07-12,6.79,19.63,65.96,0.01,2.09,198.52,1013.12,2402.3,2,5.3,680.0,0.135,PM2.5-1HR
194,840060750005,2026-07-12,8.54,15.36,79.46,0.03,2.69,235.29,1013.75,9386.17,6,10.9,680.0,0.064,PM2.5-1HR
194,840060811001,2026-07-12,8.04,18.88,68.25,0.01,1.74,322.86,1013.5,4011.86,2,5.3,680.0,0.461,PM2.5-1HR
194,840060010009,2026-07-13,11.96,20.94,62.29,0.02,1.38,294.35,1013.76,8161,6,10.9,680.0,0.019,PM2.5-1HR
194,840060010011,2026-07-13,10.56,21.31,57.13,0.02,1.48,220.28,1013.78,6169.93,6,10.9,680.0,0.037,PM2.5-1HR
194,840060010013,2026-07-13,11.07,17.8,67.13,0,2.82,197.6,1013.76,1054.12,6,10.9,680.0,0.021,PM2.5-1HR
194,840060130002,2026-07-13,6.16,26.1,44.58,0.02,1.99,220.11,1013.17,1916.52,0,2.5,680.0,0.019,PM2.5-1HR
194,840060131004,2026-07-13,12.55,17.54,67.13,0,2.82,197.6,1013.76,5226.97,7,12.3,680.0,0.044,PM2.5-1HR
194,840060410001,2026-07-13,5.98,21.41,55.88,0,1.63,200.03,1013.5,2402.3,3,6.7,680.0,0.135,PM2.5-1HR
194,840060750005,2026-07-13,10.13,16.6,74.33,0,2,258.53,1013.96,9386.17,7,12.3,680.0,0.064,PM2.5-1HR
194,840060811001,2026-07-13,11.85,20.03,72.63,0.01,1.47,321.27,1013.73,4011.86,8,13.7,680.0,0.461,PM2.5-1HR
194,840060010009,2026-07-14,11.49,21.53,54.21,0,1.44,281.53,1014.78,8161,7,12.3,680.0,0.019,PM2.5-1HR
194,840060010011,2026-07-14,12.33,23.23,48.29,0,1.96,206.51,1014.56,6169.93,6.5,11.6,680.0,0.037,PM2.5-1HR
194,840060010013,2026-07-14,12.53,20.68,56.38,0,3.22,190.78,1014.4,1054.12,6.5,11.6,680.0,0.021,PM2.5-1HR
194,840060130002,2026-07-14,6.24,28.9,32.17,0,2.72,227.46,1013.79,1916.52,0,2.5,680.0,0.019,PM2.5-1HR
194,840060131004,2026-07-14,15.07,20.42,56.38,0,3.22,190.78,1014.4,5226.97,8,13.7,680.0,0.044,PM2.5-1HR
194,840060410001,2026-07-14,6.13,24.75,46.54,0,1.81,216.98,1014.14,2402.3,3,6.7,680.0,0.135,PM2.5-1HR
194,840060750005,2026-07-14,10.62,17.8,65.13,0,2.64,235.56,1014.72,9386.17,6,10.9,680.0,0.064,PM2.5-1HR
194,840060811001,2026-07-14,11.61,21.54,61.71,0,1.92,292.86,1014.68,4011.86,5,9.5,680.0,0.461,PM2.5-1HR
194,840060010009,2026-07-15,12.34,18.83,60.75,0,1.94,235.52,1014.09,8161,9,15.1,680.0,0.019,PM2.5-1HR
194,840060010011,2026-07-15,12.88,20.46,54.75,0,3.11,189.56,1013.58,6169.93,9.5,15.8,680.0,0.037,PM2.5-1HR
194,840060010013,2026-07-15,11.56,20.18,54.54,0,4.12,170.97,1013.12,1054.12,9.5,15.8,680.0,0.021,PM2.5-1HR
194,840060130002,2026-07-15,5.93,26.7,35.33,0,3.4,207.46,1012.48,1916.52,3,6.7,680.0,0.019,PM2.5-1HR
194,840060131004,2026-07-15,11.83,19.93,54.54,0,4.12,170.97,1013.12,5226.97,9,15.1,680.0,0.044,PM2.5-1HR
194,840060410001,2026-07-15,7.49,23.93,42.75,0,2.15,220.67,1012.75,2402.3,4,8.1,680.0,0.135,PM2.5-1HR
194,840060750005,2026-07-15,11.39,16.89,64.96,0,3.71,211.06,1013.64,9386.17,8,13.7,680.0,0.064,PM2.5-1HR
194,840060811001,2026-07-15,11.13,19.43,61.38,0,2.44,272.66,1014.01,4011.86,11,17.9,680.0,0.461,PM2.5-1HR
194,840060010009,2026-07-17,9.59,14.7,80.5,0,3.17,230.26,1014.35,8161,8,13.7,680.0,0.019,PM2.5-1HR
194,840060010011,2026-07-17,10.34,15.01,81.13,0,4.36,204.34,1013.85,6169.93,9.5,15.8,680.0,0.037,PM2.5-1HR
194,840060010013,2026-07-17,11.29,15.13,78.33,0,4.58,189.15,1013.28,1054.12,9.5,15.8,680.0,0.021,PM2.5-1HR
194,840060130002,2026-07-17,9.66,17.72,68.17,0,5.06,205.47,1012.76,1916.52,7,12.3,680.0,0.019,PM2.5-1HR
194,840060131004,2026-07-17,11.88,14.87,78.33,0,4.58,189.15,1013.28,5226.97,7,12.3,680.0,0.044,PM2.5-1HR
194,840060410001,2026-07-17,7.59,17.46,70.25,0,1.71,208.92,1012.88,2402.3,3,6.7,680.0,0.135,PM2.5-1HR
194,840060750005,2026-07-17,9.22,13.63,84.5,0,4.78,226.42,1013.85,9386.17,7,12.3,680.0,0.064,PM2.5-1HR
194,840060811001,2026-07-17,7.54,15.39,77.92,0,2.68,258.71,1014.23,4011.86,3,6.7,680.0,0.461,PM2.5-1HR
194,840060010009,2026-07-18,5.71,15.68,80.5,0,2.57,247.38,1016.74,8161,3,6.7,680.0,0.019,PM2.5-1HR
194,840060010011,2026-07-18,5.96,15.75,82.17,0,3.67,221.46,1016.52,6169.93,2,5.3,680.0,0.037,PM2.5-1HR
194,840060010013,2026-07-18,5.58,14.86,82.96,0,4.11,207.71,1016.3,1054.12,2,5.3,680.0,0.021,PM2.5-1HR
194,840060130002,2026-07-18,5.5,18.53,70.08,0,4.06,218.55,1015.61,1916.52,1,3.9,680.0,0.019,PM2.5-1HR
194,840060131004,2026-07-18,8.71,14.61,82.96,0,4.11,207.71,1016.3,5226.97,2,5.3,680.0,0.044,PM2.5-1HR
194,840060410001,2026-07-18,2.71,16.67,76.42,0,2.19,208.39,1016.02,2402.3,0,2.5,680.0,0.135,PM2.5-1HR
194,840060750005,2026-07-18,4.67,14.28,85.5,0,4.06,236.17,1016.64,9386.17,2,5.3,680.0,0.064,PM2.5-1HR
194,840060811001,2026-07-18,4.08,16.28,77.67,0,2.03,275.43,1016.54,4011.86,1,3.9,680.0,0.461,PM2.5-1HR
194,840060010009,2026-07-19,4.3,15.68,80.88,0,1.91,273.15,1015.06,8161,1,3.9,680.0,0.019,PM2.5-1HR
194,840060010011,2026-07-19,3.58,15.88,81.08,0,2.72,224.96,1014.96,6169.93,0,2.5,680.0,0.037,PM2.5-1HR
194,840060010013,2026-07-19,2.98,14.4,84.67,0,3.68,206.71,1014.78,1054.12,0,2.5,680.0,0.021,PM2.5-1HR
194,840060130002,2026-07-19,4.29,20.13,62.38,0,3.19,222.92,1013.88,1916.52,0,2.5,680.0,0.019,PM2.5-1HR
194,840060131004,2026-07-19,8.06,14.15,84.67,0,3.68,206.71,1014.78,5226.97,0,2.5,680.0,0.044,PM2.5-1HR
194,840060410001,2026-07-19,1.41,17.05,73.58,0,1.78,196.07,1014.5,2402.3,0,2.5,680.0,0.135,PM2.5-1HR
194,840060750005,2026-07-19,1.67,13.87,87.54,0,3.59,242,1015.09,9386.17,0,2.5,680.0,0.064,PM2.5-1HR
194,840060811001,2026-07-19,2.66,16.48,77.46,0,1.87,318.47,1014.85,4011.86,0,2.5,680.0,0.461,PM2.5-1HR
194,840060010011,2026-08-03,17.15,19.8,66.29,0,2.24,216.81,1008.59,6169.93,13,20.7,680.0,0.037,PM2.5-1HR
194,840060010013,2026-08-03,18.17,16.36,77.42,0,3.98,203.21,1008.54,1054.12,13,20.7,680.0,0.021,PM2.5-1HR
194,840060130002,2026-08-03,15.02,26.06,44.75,0,2.61,231.5,1007.52,1916.52,8,13.7,680.0,0.019,PM2.5-1HR
194,840060131004,2026-08-03,19.78,16.1,77.42,0,3.98,203.21,1008.54,5226.97,14,22.1,680.0,0.044,PM2.5-1HR
194,840060410001,2026-08-03,15.78,19.77,66.21,0,2.36,201.08,1008.2,2402.3,11,17.9,680.0,0.135,PM2.5-1HR
194,840060750005,2026-08-03,16.94,16.4,76.75,0,3.2,231.26,1008.78,9386.17,10,16.5,680.0,0.064,PM2.5-1HR
194,840060811001,2026-08-03,19.35,19.26,69.33,0,1.93,305.83,1008.5,4011.86,6,10.9,680.0,0.461,PM2.5-1HR
194,840060010009,2026-08-03,19.21,19.07,68.33,0,1.75,284.47,1008.63,8161,14,22.1,680.0,0.019,PM2.5-1HR
194,840060010009,2026-08-06,7.29,17.36,78,0,2.56,281.35,1014.63,8161,5,9.5,680.0,0.019,PM2.5-1HR
194,840060010011,2026-08-06,6.58,17.49,78.42,0,3,236.22,1014.62,6169.93,2.5,6.0,680.0,0.037,PM2.5-1HR
194,840060010013,2026-08-06,7.63,16.88,78.63,0,3.29,219.17,1014.48,1054.12,2.5,6.0,680.0,0.021,PM2.5-1HR
194,840060130002,2026-08-06,5.79,20.13,68.42,0,3.35,230.22,1013.74,1916.52,2,5.3,680.0,0.019,PM2.5-1HR
194,840060131004,2026-08-06,9.3,16.64,78.58,0,3.29,219.17,1014.48,5226.97,1,3.9,680.0,0.044,PM2.5-1HR
194,840060410001,2026-08-06,3.82,18.88,70.67,0,1.9,215.71,1014.28,2402.3,1,3.9,680.0,0.135,PM2.5-1HR
194,840060750005,2026-08-06,4.92,16.18,81.71,0,3.58,252.33,1014.7,9386.17,0,2.5,680.0,0.064,PM2.5-1HR
194,840060811001,2026-08-06,8.46,17.53,77.25,0,2.11,315.81,1014.45,4011.86,3,6.7,680.0,0.461,PM2.5-1HR
194,840060410001,2026-08-07,3.32,18.64,70.83,0,1.65,211.58,1015.27,2402.3,0,2.5,680.0,0.135,PM2.5-1HR
194,840060750005,2026-08-07,4.59,15.03,85.63,0,4.4,242.81,1016.03,9386.17,0,2.5,680.0,0.064,PM2.5-1HR
194,840060010009,2026-08-07,6.08,16.5,80.79,0,2.01,269.76,1016.15,8161,0,2.5,680.0,0.019,PM2.5-1HR
194,840060010011,2026-08-07,4.38,16.64,81.29,0,3.34,221.8,1015.91,6169.93,0.5,3.2,680.0,0.037,PM2.5-1HR
194,840060010013,2026-08-07,6.08,16.21,80.25,0,3.86,203.92,1015.55,1054.12,0.5,3.2,680.0,0.021,PM2.5-1HR
194,840060130002,2026-08-07,7.17,20.93,61,0,3.74,216.54,1014.7,1916.52,2,5.3,680.0,0.019,PM2.5-1HR
194,840060131004,2026-08-07,9.21,15.94,80.21,0,3.86,203.92,1015.55,5226.97,1,3.9,680.0,0.044,PM2.5-1HR
194,840060010009,2026-08-08,8.26,16.63,79.92,0,1.79,252.41,1014.69,8161,6,10.9,680.0,0.019,PM2.5-1HR
194,840060010011,2026-08-08,7.68,16.53,81.83,0,3.51,215.07,1014.42,6169.93,4,8.1,680.0,0.037,PM2.5-1HR
194,840060010013,2026-08-08,8.98,15.29,84.04,0,4.59,201.83,1014.14,1054.12,4,8.1,680.0,0.021,PM2.5-1HR
194,840060130002,2026-08-08,8.49,21.16,61.29,0,3.91,211.87,1013.14,1916.52,4,8.1,680.0,0.019,PM2.5-1HR
194,840060131004,2026-08-08,13.73,15.03,84,0,4.59,201.83,1014.14,5226.97,5,9.5,680.0,0.044,PM2.5-1HR
194,840060410001,2026-08-08,4.09,17.62,74.75,0,2.15,199.6,1013.75,2402.3,0,2.5,680.0,0.135,PM2.5-1HR
194,840060750005,2026-08-08,6.68,14.92,85.33,0,4.2,231.42,1014.56,9386.17,2,5.3,680.0,0.064,PM2.5-1HR
194,840060010009,2026-08-10,13.25,17.25,77.76,0,1.7,255.69,1012.25,8161,11,17.9,680.0,0.019,PM2.5-1HR
194,840060010011,2026-08-10,10.59,17.16,79.76,0,3.69,208.86,1012.08,6169.93,9.5,15.8,680.0,0.037,PM2.5-1HR
194,840060010013,2026-08-10,12.52,16.05,81.47,0,5.1,204.4,1011.89,1054.12,9.5,15.8,680.0,0.021,PM2.5-1HR
194,840060130002,2026-08-10,10.09,20.98,61.24,0,4.37,213.05,1010.86,1916.52,7,12.3,680.0,0.019,PM2.5-1HR
194,840060131004,2026-08-10,11.67,15.8,81.47,0,5.1,204.4,1011.89,5226.97,9,15.1,680.0,0.044,PM2.5-1HR
194,840060410001,2026-08-10,6.24,16.59,79.94,0,2.95,205.71,1011.61,2402.3,3,6.7,680.0,0.135,PM2.5-1HR
194,840060750005,2026-08-10,11.46,16.03,81.06,0,4.35,216.43,1012.19,9386.17,10,16.5,680.0,0.064,PM2.5-1HR
