metro_id,fullaqsid,date,aq_daily_mean,temp_daily_mean,rhum_daily_mean,precip_daily_mean,ws_daily_mean,wd_daily_mean_deg,barpr_daily_mean,population,bg3,sat_monthly_mean,metro_pop_density_year,dist_km_motorway_trunk_primary_secondary,partition_key
956,NOR_NO0011A,2024-09-12,2.55,10.89,78.98,0.02,3.48,180.4,1002.32,11078.92,1.11,4.054,3100.0,0.041,PM2.5-1HR
956,NOR_NO0057A,2024-09-12,2.92,10.87,78.64,0.02,3.68,182.08,1002.41,720.61,1.17,4.138,3100.0,0.047,PM2.5-1HR
956,NOR_NO0071A,2024-09-12,4.69,10.97,78.9,0.02,3.65,181.44,1002.41,5739.15,1.09,4.026,3100.0,0.019,PM2.5-1HR
956,NOR_NO0073A,2024-09-12,2.12,10.91,78.99,0.02,3.56,180.77,1002.36,19621.92,1.1,4.04,3100.0,0.25,PM2.5-1HR
956,NOR_NO0083A,2024-09-12,2.13,10.95,78.99,0.02,3.44,180.08,1002.32,4891.31,1.11,4.054,3100.0,0.017,PM2.5-1HR
956,NOR_NO0093A,2024-09-12,4.76,10.97,79.02,0.02,3.46,180.09,1002.33,3843.84,1.11,4.054,3100.0,0.0,PM2.5-1HR
956,NOR_NO0095A,2024-09-12,3.25,10.92,78.9,0.02,3.38,179.92,1002.29,3541.34,1.17,4.138,3100.0,0.011,PM2.5-1HR
956,NOR_NO0114A,2024-09-12,1.71,11,78.82,0.01,3.23,179.13,1002.25,2808.28,1.21,4.194,3100.0,0.018,PM2.5-1HR
956,NOR_NO0122A,2024-09-12,2.45,10.88,78.65,0.02,3.69,182.09,1002.41,3142.01,1.17,4.138,3100.0,0.01,PM2.5-1HR
956,NOR_NO0129A,2024-09-12,2.37,10.85,78.23,0.02,3.85,183.53,1002.47,5191.94,1.09,4.026,3100.0,0.013,PM2.5-1HR
956,NOR_NO0140A,2024-09-12,2.35,10.95,79.06,0.02,3.51,180.35,1002.34,3888.58,1.11,4.054,3100.0,0.209,PM2.5-1HR
956,NOR_NO0143A,2024-09-12,1.83,10.93,79.01,0.02,3.56,180.73,1002.36,19064.3,1.1,4.04,3100.0,0.013,PM2.5-1HR
956,NOR_NO0149A,2024-09-12,2.01,10.92,78.79,0.02,3.66,181.67,1002.4,1999.9,1.09,4.026,3100.0,0.292,PM2.5-1HR
956,NOR_NO0150A,2024-09-12,3.53,10.89,78.83,0.02,3.61,181.37,1002.38,4900.03,1.09,4.026,3100.0,0.006,PM2.5-1HR
956,NOR_NO0152A,2024-09-12,4.78,10.97,79.11,0.02,3.54,180.41,1002.35,1968.48,1.11,4.054,3100.0,1.811,PM2.5-1HR
956,NOR_NO0153A,2024-09-12,2.17,11.05,78.88,0.01,3.24,179.14,1002.26,1482.8,1.21,4.194,3100.0,0.011,PM2.5-1HR
956,NOR_NO0011A,2024-09-13,2.27,9.49,77.79,0,1.45,304.73,1016.95,11078.92,1.06,3.984,3100.0,0.041,PM2.5-1HR
956,NOR_NO0057A,2024-09-13,5.86,9.32,78.51,0,1.44,305.62,1016.93,720.61,1.21,4.194,3100.0,0.047,PM2.5-1HR
956,NOR_NO0071A,2024-09-13,5.9,9.53,78.33,0,1.45,306.36,1016.93,5739.15,1.14,4.096,3100.0,0.019,PM2.5-1HR
956,NOR_NO0073A,2024-09-13,3.62,9.5,78.08,0,1.45,305.36,1016.94,19621.92,1.13,4.082,3100.0,0.25,PM2.5-1HR
956,NOR_NO0083A,2024-09-13,2.89,9.59,77.57,0,1.44,304.77,1016.96,4891.31,1.06,3.984,3100.0,0.017,PM2.5-1HR
956,NOR_NO0093A,2024-09-13,5.8,9.62,77.64,0,1.44,305.05,1016.95,3843.84,1.06,3.984,3100.0,0.0,PM2.5-1HR
956,NOR_NO0095A,2024-09-13,2.33,9.54,77.34,0,1.43,304.18,1016.97,3541.34,0.95,3.83,3100.0,0.011,PM2.5-1HR
956,NOR_NO0114A,2024-09-13,1.68,9.68,76.68,0,1.41,303.65,1016.98,2808.28,0.85,3.69,3100.0,0.018,PM2.5-1HR
956,NOR_NO0122A,2024-09-13,4.17,9.33,78.52,0,1.44,305.71,1016.93,3142.01,1.21,4.194,3100.0,0.01,PM2.5-1HR
956,NOR_NO0129A,2024-09-13,3.88,9.13,79.06,0,1.44,306.16,1016.91,5191.94,1.58,4.712,3100.0,0.013,PM2.5-1HR
956,NOR_NO0140A,2024-09-13,3.19,9.58,77.89,0,1.45,305.35,1016.95,3888.58,1.06,3.984,3100.0,0.209,PM2.5-1HR
956,NOR_NO0143A,2024-09-13,3.01,9.53,78.08,0,1.45,305.54,1016.94,19064.3,1.13,4.082,3100.0,0.013,PM2.5-1HR
956,NOR_NO0149A,2024-09-13,3.49,9.43,78.38,0,1.45,305.89,1016.93,1999.9,1.14,4.096,3100.0,0.292,PM2.5-1HR
956,NOR_NO0150A,2024-09-13,6.22,9.4,78.26,0,1.45,305.41,1016.94,4900.03,1.14,4.096,3100.0,0.006,PM2.5-1HR
956,NOR_NO0152A,2024-09-13,5.97,9.61,78.01,0,1.46,305.67,1016.94,1968.48,1.06,3.984,3100.0,1.811,PM2.5-1HR
956,NOR_NO0153A,2024-09-13,2.03,9.75,76.75,0,1.42,304.04,1016.98,1482.8,0.85,3.69,3100.0,0.011,PM2.5-1HR
956,NOR_NO0011A,2024-09-14,3.08,8.67,72.93,0,1.5,285.41,1024.78,11078.92,1.31,4.334,3100.0,0.041,PM2.5-1HR
956,NOR_NO0057A,2024-09-14,5.15,8.43,73.39,0,1.53,288.14,1024.76,720.61,1.43,4.502,3100.0,0.047,PM2.5-1HR
956,NOR_NO0071A,2024-09-14,5.39,8.7,72.82,0,1.53,288.8,1024.76,5739.15,1.43,4.502,3100.0,0.019,PM2.5-1HR
956,NOR_NO0073A,2024-09-14,4.58,8.66,72.95,0,1.52,286.64,1024.77,19621.92,1.39,4.446,3100.0,0.25,PM2.5-1HR
956,NOR_NO0083A,2024-09-14,3.34,8.82,72.63,0,1.5,285.49,1024.78,4891.31,1.31,4.334,3100.0,0.017,PM2.5-1HR
956,NOR_NO0093A,2024-09-14,5.72,8.86,72.56,0,1.5,285.97,1024.78,3843.84,1.31,4.334,3100.0,0.0,PM2.5-1HR
956,NOR_NO0095A,2024-09-14,4.09,8.79,72.69,0,1.48,284.46,1024.79,3541.34,1.31,4.334,3100.0,0.011,PM2.5-1HR
956,NOR_NO0114A,2024-09-14,2.05,9.03,72.21,0,1.46,283.49,1024.81,2808.28,1.27,4.278,3100.0,0.018,PM2.5-1HR
956,NOR_NO0122A,2024-09-14,4.58,8.44,73.35,0,1.53,288.32,1024.76,3142.01,1.43,4.502,3100.0,0.01,PM2.5-1HR
956,NOR_NO0129A,2024-09-14,4.02,8.18,73.85,0,1.55,290.38,1024.74,5191.94,1.6,4.74,3100.0,0.013,PM2.5-1HR
956,NOR_NO0140A,2024-09-14,4.52,8.78,72.71,0,1.51,286.44,1024.77,3888.58,1.31,4.334,3100.0,0.209,PM2.5-1HR
956,NOR_NO0143A,2024-09-14,3.06,8.7,72.86,0,1.52,286.92,1024.77,19064.3,1.39,4.446,3100.0,0.013,PM2.5-1HR
956,NOR_NO0149A,2024-09-14,3.4,8.57,73.1,0,1.53,288.24,1024.76,1999.9,1.43,4.502,3100.0,0.292,PM2.5-1HR
956,NOR_NO0150A,2024-09-14,2.93,8.54,73.18,0,1.52,287.16,1024.77,4900.03,1.43,4.502,3100.0,0.006,PM2.5-1HR
956,NOR_NO0152A,2024-09-14,11.75,8.8,72.68,0,1.52,286.94,1024.77,1968.48,1.31,4.334,3100.0,1.811,PM2.5-1HR
956,NOR_NO0153A,2024-09-14,3.56,9.12,72.05,0,1.47,284.24,1024.81,1482.8,1.27,4.278,3100.0,0.011,PM2.5-1HR
956,NOR_NO0011A,2024-09-15,3.5,10.43,89.28,0,2.66,168.56,1023.51,11078.92,2.2,5.58,3100.0,0.041,PM2.5-1HR
956,NOR_NO0057A,2024-09-15,4.97,10.25,89.02,0,2.74,170.87,1023.58,720.61,2.45,5.93,3100.0,0.047,PM2.5-1HR
956,NOR_NO0071A,2024-09-15,6.4,10.44,89.01,0,2.74,169.69,1023.57,5739.15,2.29,5.706,3100.0,0.019,PM2.5-1HR
956,NOR_NO0073A,2024-09-15,4.23,10.42,89.2,0,2.7,169,1023.53,19621.92,2.23,5.622,3100.0,0.25,PM2.5-1HR
956,NOR_NO0083A,2024-09-15,4.01,10.54,89.27,0,2.64,168.02,1023.49,4891.31,2.2,5.58,3100.0,0.017,PM2.5-1HR
956,NOR_NO0093A,2024-09-15,5.81,10.57,89.25,0,2.65,167.99,1023.5,3843.84,2.2,5.58,3100.0,0.0,PM2.5-1HR
956,NOR_NO0095A,2024-09-15,3.56,10.52,89.32,0,2.61,167.89,1023.47,3541.34,2.29,5.706,3100.0,0.011,PM2.5-1HR
956,NOR_NO0114A,2024-09-15,3.56,10.71,89.37,0,2.53,166.73,1023.43,2808.28,2.38,5.832,3100.0,0.018,PM2.5-1HR
956,NOR_NO0122A,2024-09-15,4.09,10.26,89.01,0,2.74,170.85,1023.58,3142.01,2.45,5.93,3100.0,0.01,PM2.5-1HR
956,NOR_NO0129A,2024-09-15,4.58,10.07,88.78,0,2.8,172.98,1023.63,5191.94,2.2,5.58,3100.0,0.013,PM2.5-1HR
956,NOR_NO0140A,2024-09-15,4.84,10.51,89.22,0,2.68,168.37,1023.52,3888.58,2.2,5.58,3100.0,0.209,PM2.5-1HR
956,NOR_NO0143A,2024-09-15,4.26,10.45,89.18,0,2.7,168.91,1023.54,19064.3,2.23,5.622,3100.0,0.013,PM2.5-1HR
956,NOR_NO0149A,2024-09-15,3.47,10.34,89.03,0,2.73,170.17,1023.57,1999.9,2.29,5.706,3100.0,0.292,PM2.5-1HR
956,NOR_NO0150A,2024-09-15,3.3,10.33,89.13,0,2.72,169.87,1023.55,4900.03,2.29,5.706,3100.0,0.006,PM2.5-1HR
956,NOR_NO0152A,2024-09-15,5.91,10.52,89.19,0,2.7,168.41,1023.53,1968.48,2.2,5.58,3100.0,1.811,PM2.5-1HR
956,NOR_NO0153A,2024-09-15,3.12,10.77,89.35,0,2.54,166.65,1023.44,1482.8,2.38,5.832,3100.0,0.011,PM2.5-1HR
956,NOR_NO0011A,2024-09-16,4.27,12.42,94.37,0.38,2.11,160.42,1024.62,11078.92,2.38,5.832,3100.0,0.041,PM2.5-1HR
956,NOR_NO0057A,2024-09-16,5.87,12.35,93.79,0.35,2.17,165.79,1024.67,720.61,2.51,6.014,3100.0,0.047,PM2.5-1HR
956,NOR_NO0071A,2024-09-16,6.78,12.47,93.79,0.34,2.18,164.01,1024.65,5739.15,2.37,5.818,3100.0,0.019,PM2.5-1HR
956,NOR_NO0073A,2024-09-16,5.78,12.43,94.2,0.37,2.15,161.87,1024.63,19621.92,2.26,5.664,3100.0,0.25,PM2.5-1HR
956,NOR_NO0083A,2024-09-16,5.15,12.5,94.32,0.37,2.09,159.46,1024.59,4891.31,2.38,5.832,3100.0,0.017,PM2.5-1HR
956,NOR_NO0093A,2024-09-16,8.96,12.52,94.27,0.37,2.1,159.66,1024.6,3843.84,2.38,5.832,3100.0,0.0,PM2.5-1HR
956,NOR_NO0095A,2024-09-16,5.61,12.48,94.41,0.38,2.05,158.59,1024.59,3541.34,2.44,5.916,3100.0,0.011,PM2.5-1HR
956,NOR_NO0114A,2024-09-16,5.1,12.61,94.42,0.38,1.98,155.58,1024.54,2808.28,2.69,6.266,3100.0,0.018,PM2.5-1HR
956,NOR_NO0122A,2024-09-16,6.87,12.36,93.77,0.35,2.18,165.83,1024.67,3142.01,2.51,6.014,3100.0,0.01,PM2.5-1HR
956,NOR_NO0129A,2024-09-16,7.54,12.28,93.25,0.32,2.22,169.81,1024.73,5191.94,2.38,5.832,3100.0,0.013,PM2.5-1HR
956,NOR_NO0140A,2024-09-16,6.49,12.48,94.25,0.37,2.13,160.63,1024.61,3888.58,2.38,5.832,3100.0,0.209,PM2.5-1HR
956,NOR_NO0143A,2024-09-16,5.42,12.45,94.17,0.36,2.15,161.84,1024.63,19064.3,2.26,5.664,3100.0,0.013,PM2.5-1HR
956,NOR_NO0149A,2024-09-16,5.24,12.41,93.84,0.35,2.17,164.63,1024.66,1999.9,2.37,5.818,3100.0,0.292,PM2.5-1HR
956,NOR_NO0150A,2024-09-16,8.35,12.39,94.04,0.36,2.16,163.65,1024.65,4900.03,2.37,5.818,3100.0,0.006,PM2.5-1HR
956,NOR_NO0152A,2024-09-16,7.56,12.49,94.21,0.36,2.15,160.97,1024.62,1968.48,2.38,5.832,3100.0,1.811,PM2.5-1HR
956,NOR_NO0153A,2024-09-16,5.28,12.66,94.33,0.38,1.99,155.91,1024.53,1482.8,2.69,6.266,3100.0,0.011,PM2.5-1HR
956,NOR_NO0140A,2024-09-17,7.32,11.95,89.79,0,1.11,227.59,1031.44,3888.58,2.61,6.154,3100.0,0.209,PM2.5-1HR
956,NOR_NO0129A,2024-09-17,7.67,11.66,90.49,0,1.11,246.91,1031.46,5191.94,2.67,6.238,3100.0,0.013,PM2.5-1HR
956,NOR_NO0114A,2024-09-17,4.97,12.09,89.24,0,1.07,215.97,1031.42,2808.28,2.74,6.336,3100.0,0.018,PM2.5-1HR
956,NOR_NO0095A,2024-09-17,5.43,11.97,89.44,0,1.1,226.38,1031.43,3541.34,2.79,6.406,3100.0,0.011,PM2.5-1HR
956,NOR_NO0011A,2024-09-17,4.68,11.9,89.63,0,1.11,230.7,1031.44,11078.92,2.61,6.154,3100.0,0.041,PM2.5-1HR
956,NOR_NO0057A,2024-09-17,5.55,11.78,90.11,0,1.11,240.63,1031.45,720.61,2.91,6.574,3100.0,0.047,PM2.5-1HR
956,NOR_NO0071A,2024-09-17,7.69,11.89,90.16,0,1.1,233.39,1031.45,5739.15,2.71,6.294,3100.0,0.019,PM2.5-1HR
956,NOR_NO0073A,2024-09-17,6.39,11.89,89.84,0,1.11,232.17,1031.44,19621.92,2.59,6.126,3100.0,0.25,PM2.5-1HR
956,NOR_NO0083A,2024-09-17,6.65,11.97,89.62,0,1.1,226.16,1031.43,4891.31,2.61,6.154,3100.0,0.017,PM2.5-1HR
956,NOR_NO0093A,2024-09-17,7.84,11.99,89.7,0,1.1,225.11,1031.43,3843.84,2.61,6.154,3100.0,0.0,PM2.5-1HR
956,NOR_NO0143A,2024-09-17,6.84,11.9,89.88,0,1.11,231.04,1031.44,19064.3,2.59,6.126,3100.0,0.013,PM2.5-1HR
956,NOR_NO0149A,2024-09-17,4.79,11.84,90.1,0,1.1,237.07,1031.45,1999.9,2.71,6.294,3100.0,0.292,PM2.5-1HR
956,NOR_NO0150A,2024-09-17,13.78,11.83,89.94,0,1.11,236.81,1031.45,4900.03,2.71,6.294,3100.0,0.006,PM2.5-1HR
956,NOR_NO0152A,2024-09-17,8.53,11.95,89.88,0,1.11,227.06,1031.44,1968.48,2.61,6.154,3100.0,1.811,PM2.5-1HR
956,NOR_NO0153A,2024-09-17,6.69,12.13,89.37,0,1.06,213.92,1031.42,1482.8,2.74,6.336,3100.0,0.011,PM2.5-1HR
956,NOR_NO0011A,2024-09-18,6.58,12.47,89.93,0,0.91,17.94,1035.09,11078.92,3.89,7.946,3100.0,0.041,PM2.5-1HR
956,NOR_NO0057A,2024-09-18,5.81,12.27,90.42,0,0.91,13.93,1035.09,720.61,4.04,8.156,3100.0,0.047,PM2.5-1HR
956,NOR_NO0071A,2024-09-18,7.05,12.35,90.59,0.01,0.9,16.02,1035.08,5739.15,3.94,8.016,3100.0,0.019,PM2.5-1HR
956,NOR_NO0073A,2024-09-18,6.72,12.42,90.14,0.01,0.91,16.93,1035.09,19621.92,3.9,7.96,3100.0,0.25,PM2.5-1HR
956,NOR_NO0083A,2024-09-18,6.8,12.52,90.08,0.01,0.9,19.05,1035.08,4891.31,3.89,7.946,3100.0,0.017,PM2.5-1HR
956,NOR_NO0093A,2024-09-18,7.53,12.52,90.18,0.01,0.9,19,1035.08,3843.84,3.89,7.946,3100.0,0.0,PM2.5-1HR
956,NOR_NO0095A,2024-09-18,7.51,12.54,89.91,0,0.9,19.59,1035.08,3541.34,4.05,8.17,3100.0,0.011,PM2.5-1HR
956,NOR_NO0114A,2024-09-18,6.17,12.64,89.99,0,0.88,22.26,1035.07,2808.28,4.14,8.296,3100.0,0.018,PM2.5-1HR
956,NOR_NO0129A,2024-09-18,6.9,12.07,90.85,0,0.92,10.67,1035.09,5191.94,3.33,7.162,3100.0,0.013,PM2.5-1HR
956,NOR_NO0140A,2024-09-18,9.16,12.48,90.18,0.01,0.9,18.1,1035.08,3888.58,3.89,7.946,3100.0,0.209,PM2.5-1HR
956,NOR_NO0143A,2024-09-18,8.45,12.43,90.22,0.01,0.91,17.08,1035.09,19064.3,3.9,7.96,3100.0,0.013,PM2.5-1HR
956,NOR_NO0149A,2024-09-18,6.19,12.32,90.45,0,0.91,15.13,1035.09,1999.9,3.94,8.016,3100.0,0.292,PM2.5-1HR
956,NOR_NO0150A,2024-09-18,14.85,12.35,90.23,0,0.91,15.5,1035.09,4900.03,3.94,8.016,3100.0,0.006,PM2.5-1HR
956,NOR_NO0152A,2024-09-18,10.27,12.47,90.27,0.01,0.91,17.9,1035.08,1968.48,3.89,7.946,3100.0,1.811,PM2.5-1HR
956,NOR_NO0153A,2024-09-18,6.64,12.65,90.17,0,0.87,22.27,1035.07,1482.8,4.14,8.296,3100.0,0.011,PM2.5-1HR
956,NOR_NO0011A,2024-09-19,5.98,12.35,88.68,0,1.33,352.56,1033.55,11078.92,3.46,7.344,3100.0,0.041,PM2.5-1HR
956,NOR_NO0057A,2024-09-19,7.82,12.14,88.71,0,1.31,323.04,1033.55,720.61,3.78,7.792,3100.0,0.047,PM2.5-1HR
956,NOR_NO0071A,2024-09-19,8.38,12.31,88.84,0,1.33,339.45,1033.54,5739.15,3.6,7.54,3100.0,0.019,PM2.5-1HR
956,NOR_NO0073A,2024-09-19,8.21,12.32,88.72,0,1.34,342.68,1033.55,19621.92,3.46,7.344,3100.0,0.25,PM2.5-1HR
956,NOR_NO0083A,2024-09-19,6.02,12.45,88.78,0,1.32,8.74,1033.55,4891.31,3.46,7.344,3100.0,0.017,PM2.5-1HR
956,NOR_NO0093A,2024-09-19,8.36,12.46,88.82,0,1.33,8.8,1033.55,3843.84,3.46,7.344,3100.0,0.0,PM2.5-1HR
956,NOR_NO0095A,2024-09-19,6.96,12.44,88.73,0,1.31,14.01,1033.55,3541.34,3.55,7.47,3100.0,0.011,PM2.5-1HR
956,NOR_NO0114A,2024-09-19,5.08,12.62,88.85,0,1.28,37.49,1033.55,2808.28,3.47,7.358,3100.0,0.018,PM2.5-1HR
956,NOR_NO0122A,2024-09-19,6.83,12.15,88.72,0,1.31,323.81,1033.55,3142.01,3.78,7.792,3100.0,0.01,PM2.5-1HR
956,NOR_NO0129A,2024-09-19,8.09,11.94,88.74,0,1.29,313.16,1033.55,5191.94,3.67,7.638,3100.0,0.013,PM2.5-1HR
956,NOR_NO0140A,2024-09-19,7.41,12.41,88.78,0,1.34,355.91,1033.55,3888.58,3.46,7.344,3100.0,0.209,PM2.5-1HR
956,NOR_NO0143A,2024-09-19,7.16,12.34,88.76,0,1.34,344.79,1033.55,19064.3,3.46,7.344,3100.0,0.013,PM2.5-1HR
956,NOR_NO0149A,2024-09-19,6.47,12.23,88.76,0,1.32,331.34,1033.55,1999.9,3.6,7.54,3100.0,0.292,PM2.5-1HR
956,NOR_NO0150A,2024-09-19,12.91,12.23,88.7,0,1.33,331.59,1033.55,4900.03,3.6,7.54,3100.0,0.006,PM2.5-1HR
956,NOR_NO0152A,2024-09-19,10.38,12.41,88.81,0,1.35,352.96,1033.55,1968.48,3.46,7.344,3100.0,1.811,PM2.5-1HR
956,NOR_NO0153A,2024-09-19,5.64,12.67,88.92,0,1.28,38.16,1033.55,1482.8,3.47,7.358,3100.0,0.011,PM2.5-1HR
956,NOR_NO0011A,2024-09-20,7.69,11.59,94.15,0,1.01,182.85,1031.07,11078.92,4.37,8.618,3100.0,0.041,PM2.5-1HR
956,NOR_NO0057A,2024-09-20,8.63,11.31,94.06,0,1.04,205.17,1031.09,720.61,4.66,9.024,3100.0,0.047,PM2.5-1HR
956,NOR_NO0071A,2024-09-20,8.16,11.48,94.12,0,1.03,195.98,1031.08,5739.15,4.54,8.856,3100.0,0.019,PM2.5-1HR
956,NOR_NO0073A,2024-09-20,8.16,11.53,94.17,0,1.02,189.29,1031.08,19621.92,4.43,8.702,3100.0,0.25,PM2.5-1HR
956,NOR_NO0083A,2024-09-20,9.08,11.69,94.13,0,1,177.23,1031.06,4891.31,4.37,8.618,3100.0,0.017,PM2.5-1HR
956,NOR_NO0093A,2024-09-20,8.44,11.7,94.15,0,1,177.72,1031.06,3843.84,4.37,8.618,3100.0,0.0,PM2.5-1HR
956,NOR_NO0095A,2024-09-20,7.58,11.71,94.08,0,0.99,174.11,1031.05,3541.34,4.54,8.856,3100.0,0.011,PM2.5-1HR
956,NOR_NO0114A,2024-09-20,8.36,11.91,93.99,0,0.97,160.28,1031.03,2808.28,4.56,8.884,3100.0,0.018,PM2.5-1HR
956,NOR_NO0122A,2024-09-20,10.01,11.32,94.06,0,1.04,205.03,1031.09,3142.01,4.66,9.024,3100.0,0.01,PM2.5-1HR
956,NOR_NO0129A,2024-09-20,10.38,11.05,93.93,0,1.08,215.05,1031.1,5191.94,4.12,8.268,3100.0,0.013,PM2.5-1HR
956,NOR_NO0140A,2024-09-20,10.39,11.63,94.19,0,1.01,182.41,1031.07,3888.58,4.37,8.618,3100.0,0.209,PM2.5-1HR
956,NOR_NO0143A,2024-09-20,10.09,11.55,94.18,0,1.02,188.57,1031.08,19064.3,4.43,8.702,3100.0,0.013,PM2.5-1HR
956,NOR_NO0149A,2024-09-20,8.01,11.41,94.09,0,1.03,200.03,1031.09,1999.9,4.54,8.856,3100.0,0.292,PM2.5-1HR
956,NOR_NO0150A,2024-09-20,10.86,11.43,94.12,0,1.02,197.65,1031.08,4900.03,4.54,8.856,3100.0,0.006,PM2.5-1HR
956,NOR_NO0152A,2024-09-20,14.09,11.62,94.21,0,1.02,183.4,1031.07,1968.48,4.37,8.618,3100.0,1.811,PM2.5-1HR
956,NOR_NO0153A,2024-09-20,8.02,11.94,94.01,0,0.97,159.55,1031.03,1482.8,4.56,8.884,3100.0,0.011,PM2.5-1HR
956,NOR_NO0011A,2024-09-21,5.56,12.22,92.83,0.02,1.22,57.65,1027.52,11078.92,2.73,6.322,3100.0,0.041,PM2.5-1HR
956,NOR_NO0057A,2024-09-21,8.39,12.09,92.86,0.02,1.23,55.42,1027.53,720.61,3.2,6.98,3100.0,0.047,PM2.5-1HR
956,NOR_NO0071A,2024-09-21,6.9,12.16,92.98,0.03,1.21,56.99,1027.52,5739.15,2.99,6.686,3100.0,0.019,PM2.5-1HR
956,NOR_NO0073A,2024-09-21,6.91,12.19,92.87,0.02,1.23,56.76,1027.52,19621.92,2.85,6.49,3100.0,0.25,PM2.5-1HR
956,NOR_NO0083A,2024-09-21,6.66,12.27,92.88,0.03,1.2,57.83,1027.51,4891.31,2.73,6.322,3100.0,0.017,PM2.5-1HR
956,NOR_NO0093A,2024-09-21,6.72,12.27,92.91,0.03,1.2,57.82,1027.51,3843.84,2.73,6.322,3100.0,0.0,PM2.5-1HR
956,NOR_NO0095A,2024-09-21,6.42,12.29,92.82,0.02,1.2,54.99,1027.51,3541.34,2.68,6.252,3100.0,0.011,PM2.5-1HR
956,NOR_NO0114A,2024-09-21,6.82,12.41,92.86,0.03,1.16,55.37,1027.49,2808.28,2.31,5.734,3100.0,0.018,PM2.5-1HR
956,NOR_NO0122A,2024-09-21,8.02,12.09,92.87,0.02,1.23,55.69,1027.53,3142.01,3.2,6.98,3100.0,0.01,PM2.5-1HR
956,NOR_NO0129A,2024-09-21,8.57,11.98,92.87,0.03,1.26,54.42,1027.53,5191.94,3.65,7.61,3100.0,0.013,PM2.5-1HR
956,NOR_NO0140A,2024-09-21,8.99,12.23,92.9,0.02,1.21,57.49,1027.51,3888.58,2.73,6.322,3100.0,0.209,PM2.5-1HR
956,NOR_NO0143A,2024-09-21,7.99,12.19,92.9,0.02,1.22,56.72,1027.52,19064.3,2.85,6.49,3100.0,0.013,PM2.5-1HR
956,NOR_NO0149A,2024-09-21,6.02,12.13,92.91,0.02,1.22,55.84,1027.52,1999.9,2.99,6.686,3100.0,0.292,PM2.5-1HR
956,NOR_NO0150A,2024-09-21,8.17,12.14,92.86,0.02,1.23,55.26,1027.53,4900.03,2.99,6.686,3100.0,0.006,PM2.5-1HR
956,NOR_NO0152A,2024-09-21,13.45,12.22,92.93,0.03,1.21,57.26,1027.51,1968.48,2.73,6.322,3100.0,1.811,PM2.5-1HR
956,NOR_NO0153A,2024-09-21,6.91,12.42,92.92,0.03,1.14,56.74,1027.48,1482.8,2.31,5.734,3100.0,0.011,PM2.5-1HR
956,NOR_NO0011A,2024-09-22,8.6,12.76,88.69,0.01,1.88,144.37,1021.05,11078.92,5.3,9.92,3100.0,0.041,PM2.5-1HR
956,NOR_NO0057A,2024-09-22,7.64,12.71,87.93,0.01,1.92,146.56,1021.09,720.61,5.07,9.598,3100.0,0.047,PM2.5-1HR
956,NOR_NO0071A,2024-09-22,8.27,12.82,88.15,0.01,1.9,145.79,1021.08,5739.15,5,9.5,3100.0,0.019,PM2.5-1HR
956,NOR_NO0073A,2024-09-22,8.79,12.76,88.48,0.01,1.89,144.77,1021.07,19621.92,4.9,9.36,3100.0,0.25,PM2.5-1HR
956,NOR_NO0083A,2024-09-22,11.82,12.83,88.81,0.01,1.86,144.15,1021.04,4891.31,5.3,9.92,3100.0,0.017,PM2.5-1HR
956,NOR_NO0093A,2024-09-22,9.2,12.86,88.78,0.01,1.86,144.14,1021.04,3843.84,5.3,9.92,3100.0,0.0,PM2.5-1HR
956,NOR_NO0095A,2024-09-22,9.02,12.81,88.93,0.01,1.86,144.11,1021.03,3541.34,5.8,10.62,3100.0,0.011,PM2.5-1HR
956,NOR_NO0114A,2024-09-22,13.6,12.94,89.29,0.01,1.82,143.66,1020.99,2808.28,6.72,11.908,3100.0,0.018,PM2.5-1HR
956,NOR_NO0122A,2024-09-22,10.62,12.71,87.92,0.01,1.92,146.59,1021.09,3142.01,5.07,9.598,3100.0,0.01,PM2.5-1HR
956,NOR_NO0129A,2024-09-22,12.87,12.65,87.24,0.01,1.96,148.78,1021.12,5191.94,3.82,7.848,3100.0,0.013,PM2.5-1HR
956,NOR_NO0140A,2024-09-22,15.13,12.82,88.64,0.01,1.88,144.32,1021.06,3888.58,5.3,9.92,3100.0,0.209,PM2.5-1HR
956,NOR_NO0143A,2024-09-22,12.9,12.79,88.48,0.01,1.89,144.75,1021.07,19064.3,4.9,9.36,3100.0,0.013,PM2.5-1HR
956,NOR_NO0149A,2024-09-22,7.92,12.76,88.09,0.01,1.91,146.04,1021.08,1999.9,5,9.5,3100.0,0.292,PM2.5-1HR
956,NOR_NO0150A,2024-09-22,9.98,12.73,88.24,0.01,1.91,145.56,1021.08,4900.03,5,9.5,3100.0,0.006,PM2.5-1HR
956,NOR_NO0152A,2024-09-22,16.9,12.83,88.58,0.01,1.88,144.36,1021.06,1968.48,5.3,9.92,3100.0,1.811,PM2.5-1HR
956,NOR_NO0153A,2024-09-22,12.01,12.99,89.26,0.01,1.81,143.54,1020.99,1482.8,6.72,11.908,3100.0,0.011,PM2.5-1HR
956,NOR_NO0011A,2024-09-23,16.53,11.92,92.3,0.04,1.76,181.42,1009.97,11078.92,13.9,21.96,3100.0,0.041,PM2.5-1HR
956,NOR_NO0057A,2024-09-23,17.94,11.96,92.68,0.05,1.83,181.97,1010.01,720.61,14.45,22.73,3100.0,0.047,PM2.5-1HR
956,NOR_NO0071A,2024-09-23,15.35,12.08,92.69,0.05,1.81,180.69,1010,5739.15,14.16,22.324,3100.0,0.019,PM2.5-1HR
956,NOR_NO0073A,2024-09-23,16.87,11.97,92.53,0.04,1.78,181.34,1009.99,19621.92,13.61,21.554,3100.0,0.25,PM2.5-1HR
956,NOR_NO0083A,2024-09-23,20.65,11.98,92.12,0.04,1.74,180.65,1009.97,4891.31,13.9,21.96,3100.0,0.017,PM2.5-1HR
956,NOR_NO0093A,2024-09-23,15.06,12.01,92.2,0.04,1.74,180.44,1009.97,3843.84,13.9,21.96,3100.0,0.0,PM2.5-1HR
956,NOR_NO0095A,2024-09-23,16.85,11.92,91.9,0.03,1.73,180.83,1009.96,3541.34,13.84,21.876,3100.0,0.011,PM2.5-1HR
956,NOR_NO0114A,2024-09-23,21.73,11.97,91.34,0.03,1.67,179.59,1009.93,2808.28,14.49,22.786,3100.0,0.018,PM2.5-1HR
956,NOR_NO0122A,2024-09-23,23.38,11.98,92.7,0.05,1.83,181.87,1010.01,3142.01,14.45,22.73,3100.0,0.01,PM2.5-1HR
956,NOR_NO0129A,2024-09-23,25.77,11.99,92.9,0.06,1.89,182.48,1010.03,5191.94,14.1,22.24,3100.0,0.013,PM2.5-1HR
956,NOR_NO0140A,2024-09-23,24.9,12,92.42,0.04,1.76,180.81,1009.98,3888.58,13.9,21.96,3100.0,0.209,PM2.5-1HR
956,NOR_NO0143A,2024-09-23,23.96,11.99,92.54,0.04,1.78,181.11,1009.99,19064.3,13.61,21.554,3100.0,0.013,PM2.5-1HR
956,NOR_NO0149A,2024-09-23,16.08,12.01,92.67,0.05,1.81,181.38,1010,1999.9,14.16,22.324,3100.0,0.292,PM2.5-1HR
956,NOR_NO0150A,2024-09-23,23.82,11.95,92.59,0.04,1.8,181.73,1010,4900.03,14.16,22.324,3100.0,0.006,PM2.5-1HR
956,NOR_NO0152A,2024-09-23,26.03,12.03,92.53,0.04,1.77,180.7,1009.98,1968.48,13.9,21.96,3100.0,1.811,PM2.5-1HR
956,NOR_NO0153A,2024-09-23,19.96,12.03,91.41,0.03,1.67,179.15,1009.93,1482.8,14.49,22.786,3100.0,0.011,PM2.5-1HR
956,NOR_NO0011A,2024-09-24,10.84,12.55,96.88,0.7,2.14,136.92,1000.11,11078.92,3.48,7.372,3100.0,0.041,PM2.5-1HR
956,NOR_NO0057A,2024-09-24,11.92,12.68,96.77,0.71,2.22,141.6,1000.15,720.61,3.66,7.624,3100.0,0.047,PM2.5-1HR
956,NOR_NO0071A,2024-09-24,8.73,12.77,96.75,0.7,2.21,140.86,1000.13,5739.15,3.59,7.526,3100.0,0.019,PM2.5-1HR
956,NOR_NO0073A,2024-09-24,11.26,12.63,96.84,0.7,2.17,138.43,1000.12,19621.92,3.4,7.26,3100.0,0.25,PM2.5-1HR
956,NOR_NO0083A,2024-09-24,14.2,12.58,96.86,0.68,2.12,136.38,1000.09,4891.31,3.48,7.372,3100.0,0.017,PM2.5-1HR
956,NOR_NO0093A,2024-09-24,11.01,12.63,96.85,0.68,2.13,136.73,1000.09,3843.84,3.48,7.372,3100.0,0.0,PM2.5-1HR
956,NOR_NO0095A,2024-09-24,11.9,12.5,96.9,0.68,2.09,135.39,1000.08,3541.34,3.47,7.358,3100.0,0.011,PM2.5-1HR
956,NOR_NO0114A,2024-09-24,16.08,12.49,96.89,0.64,2.02,133.19,1000.03,2808.28,3.62,7.568,3100.0,0.018,PM2.5-1HR
956,NOR_NO0122A,2024-09-24,20.21,12.69,96.76,0.71,2.22,141.71,1000.15,3142.01,3.66,7.624,3100.0,0.01,PM2.5-1HR
956,NOR_NO0129A,2024-09-24,18.43,12.77,96.67,0.73,2.29,144.97,1000.19,5191.94,4.04,8.156,3100.0,0.013,PM2.5-1HR
956,NOR_NO0140A,2024-09-24,17.24,12.64,96.84,0.69,2.16,137.55,1000.1,3888.58,3.48,7.372,3100.0,0.209,PM2.5-1HR
956,NOR_NO0143A,2024-09-24,16.4,12.66,96.83,0.7,2.18,138.55,1000.12,19064.3,3.4,7.26,3100.0,0.013,PM2.5-1HR
956,NOR_NO0149A,2024-09-24,10.91,12.71,96.77,0.71,2.21,140.96,1000.14,1999.9,3.59,7.526,3100.0,0.292,PM2.5-1HR
956,NOR_NO0150A,2024-09-24,16.3,12.64,96.82,0.71,2.19,139.81,1000.13,4900.03,3.59,7.526,3100.0,0.006,PM2.5-1HR
956,NOR_NO0152A,2024-09-24,20.43,12.68,96.83,0.7,2.17,138.02,1000.11,1968.48,3.48,7.372,3100.0,1.811,PM2.5-1HR
956,NOR_NO0153A,2024-09-24,15.7,12.56,96.86,0.64,2.03,133.63,1000.03,1482.8,3.62,7.568,3100.0,0.011,PM2.5-1HR
956,NOR_NO0011A,2024-09-25,4.49,12.03,89.5,0.4,2.9,171.7,988.55,11078.92,1.21,4.194,3100.0,0.041,PM2.5-1HR
956,NOR_NO0057A,2024-09-25,5.06,12.08,89.4,0.4,3.09,173.68,988.61,720.61,1.31,4.334,3100.0,0.047,PM2.5-1HR
956,NOR_NO0071A,2024-09-25,4.32,12.22,88.71,0.37,3.1,175.83,988.62,5739.15,1.26,4.264,3100.0,0.019,PM2.5-1HR
956,NOR_NO0073A,2024-09-25,5.29,12.1,89.3,0.39,2.98,172.55,988.58,19621.92,1.22,4.208,3100.0,0.25,PM2.5-1HR
956,NOR_NO0083A,2024-09-25,5.5,12.09,89.05,0.39,2.87,172.5,988.56,4891.31,1.21,4.194,3100.0,0.017,PM2.5-1HR
956,NOR_NO0093A,2024-09-25,5.11,12.14,88.88,0.38,2.9,173.24,988.57,3843.84,1.21,4.194,3100.0,0.0,PM2.5-1HR
956,NOR_NO0095A,2024-09-25,4.09,12.01,89.29,0.4,2.8,171.82,988.54,3541.34,1.2,4.18,3100.0,0.011,PM2.5-1HR
956,NOR_NO0114A,2024-09-25,5.89,12.05,88.67,0.39,2.68,172.66,988.52,2808.28,1.33,4.362,3100.0,0.018,PM2.5-1HR
956,NOR_NO0122A,2024-09-25,8.1,12.09,89.33,0.4,3.09,174.03,988.61,3142.01,1.31,4.334,3100.0,0.01,PM2.5-1HR
956,NOR_NO0129A,2024-09-25,6.39,12.09,89.35,0.41,3.23,175.43,988.65,5191.94,1.22,4.208,3100.0,0.013,PM2.5-1HR
956,NOR_NO0140A,2024-09-25,6.43,12.14,89.04,0.39,2.95,172.98,988.58,3888.58,1.21,4.194,3100.0,0.209,PM2.5-1HR
956,NOR_NO0143A,2024-09-25,6.23,12.13,89.15,0.39,2.99,173.11,988.58,19064.3,1.22,4.208,3100.0,0.013,PM2.5-1HR
956,NOR_NO0149A,2024-09-25,4,12.14,89.1,0.39,3.08,174.65,988.61,1999.9,1.26,4.264,3100.0,0.292,PM2.5-1HR
956,NOR_NO0150A,2024-09-25,5.5,12.07,89.42,0.4,3.02,172.83,988.59,4900.03,1.26,4.264,3100.0,0.006,PM2.5-1HR
956,NOR_NO0152A,2024-09-25,9.42,12.18,88.94,0.38,2.98,173.68,988.59,1968.48,1.21,4.194,3100.0,1.811,PM2.5-1HR
956,NOR_NO0153A,2024-09-25,6.51,12.14,88.27,0.38,2.72,174.28,988.54,1482.8,1.33,4.362,3100.0,0.011,PM2.5-1HR
956,NOR_NO0011A,2024-09-26,1.6,7.9,77.94,0,2.18,26.07,994.68,11078.92,0.64,3.396,3100.0,0.041,PM2.5-1HR
956,NOR_NO0057A,2024-09-26,2.62,7.94,77.68,0,2.25,26.12,994.65,720.61,0.7,3.48,3100.0,0.047,PM2.5-1HR
956,NOR_NO0071A,2024-09-26,3.93,8.12,77.58,0,2.26,25.25,994.61,5739.15,0.67,3.438,3100.0,0.019,PM2.5-1HR
956,NOR_NO0073A,2024-09-26,2.86,7.98,77.74,0,2.22,25.76,994.66,19621.92,0.65,3.41,3100.0,0.25,PM2.5-1HR
956,NOR_NO0083A,2024-09-26,2.29,7.96,78.01,0,2.17,25.55,994.67,4891.31,0.64,3.396,3100.0,0.017,PM2.5-1HR
956,NOR_NO0093A,2024-09-26,4.44,8.02,77.93,0,2.18,25.28,994.66,3843.84,0.64,3.396,3100.0,0.0,PM2.5-1HR
956,NOR_NO0095A,2024-09-26,2.54,7.87,78.22,0,2.14,25.98,994.7,3541.34,0.65,3.41,3100.0,0.011,PM2.5-1HR
956,NOR_NO0114A,2024-09-26,1.47,7.88,78.58,0,2.08,25.39,994.69,2808.28,0.56,3.284,3100.0,0.018,PM2.5-1HR
956,NOR_NO0122A,2024-09-26,2.5,7.96,77.67,0,2.25,26.05,994.65,3142.01,0.7,3.48,3100.0,0.01,PM2.5-1HR
956,NOR_NO0129A,2024-09-26,2.84,7.94,77.58,0,2.29,26.34,994.63,5191.94,0.76,3.564,3100.0,0.013,PM2.5-1HR
956,NOR_NO0140A,2024-09-26,1.75,8.03,77.79,0,2.2,25.41,994.65,3888.58,0.64,3.396,3100.0,0.209,PM2.5-1HR
956,NOR_NO0143A,2024-09-26,1.87,8.02,77.71,0,2.22,25.56,994.65,19064.3,0.65,3.41,3100.0,0.013,PM2.5-1HR
956,NOR_NO0149A,2024-09-26,2.28,8.02,77.65,0,2.25,25.71,994.64,1999.9,0.67,3.438,3100.0,0.292,PM2.5-1HR
956,NOR_NO0150A,2024-09-26,7.92,7.95,77.73,0,2.23,26.02,994.66,4900.03,0.67,3.438,3100.0,0.006,PM2.5-1HR
956,NOR_NO0152A,2024-09-26,4.11,8.07,77.69,0,2.22,25.24,994.64,1968.48,0.64,3.396,3100.0,1.811,PM2.5-1HR
956,NOR_NO0153A,2024-09-26,2.6,7.97,78.45,0,2.1,24.79,994.67,1482.8,0.56,3.284,3100.0,0.011,PM2.5-1HR
956,NOR_NO0011A,2024-09-27,2.2,7.79,67.2,0,3.35,344.44,990.74,11078.92,0.81,3.634,3100.0,0.041,PM2.5-1HR
956,NOR_NO0057A,2024-09-27,5.11,7.78,66.79,0,3.42,347.53,990.65,720.61,0.9,3.76,3100.0,0.047,PM2.5-1HR
956,NOR_NO0071A,2024-09-27,5.7,7.89,67.1,0,3.42,346.1,990.64,5739.15,0.86,3.704,3100.0,0.019,PM2.5-1HR
956,NOR_NO0073A,2024-09-27,4.17,7.82,67.12,0,3.38,345.28,990.7,19621.92,0.85,3.69,3100.0,0.25,PM2.5-1HR
956,NOR_NO0083A,2024-09-27,2.04,7.85,67.38,0,3.32,343.36,990.75,4891.31,0.81,3.634,3100.0,0.017,PM2.5-1HR
956,NOR_NO0093A,2024-09-27,5.85,7.87,67.4,0,3.33,343.41,990.73,3843.84,0.81,3.634,3100.0,0.0,PM2.5-1HR
956,NOR_NO0095A,2024-09-27,2.96,7.81,67.41,0,3.29,342.87,990.78,3541.34,0.81,3.634,3100.0,0.011,PM2.5-1HR
956,NOR_NO0114A,2024-09-27,1.25,7.87,67.78,0,3.22,340.29,990.84,2808.28,0.81,3.634,3100.0,0.018,PM2.5-1HR
956,NOR_NO0122A,2024-09-27,3.46,7.79,66.8,0,3.42,347.51,990.65,3142.01,0.9,3.76,3100.0,0.01,PM2.5-1HR
956,NOR_NO0129A,2024-09-27,2.99,7.76,66.42,0,3.48,350.03,990.59,5191.94,0.95,3.83,3100.0,0.013,PM2.5-1HR
956,NOR_NO0140A,2024-09-27,1.81,7.86,67.28,0,3.36,344.31,990.71,3888.58,0.81,3.634,3100.0,0.209,PM2.5-1HR
956,NOR_NO0143A,2024-09-27,2.44,7.84,67.16,0,3.39,345.16,990.69,19064.3,0.85,3.69,3100.0,0.013,PM2.5-1HR
956,NOR_NO0149A,2024-09-27,2.88,7.83,66.95,0,3.41,346.68,990.65,1999.9,0.86,3.704,3100.0,0.292,PM2.5-1HR
956,NOR_NO0150A,2024-09-27,6.43,7.8,66.96,0,3.4,346.33,990.68,4900.03,0.86,3.704,3100.0,0.006,PM2.5-1HR
956,NOR_NO0152A,2024-09-27,5.33,7.88,67.27,0,3.38,344.55,990.69,1968.48,0.81,3.634,3100.0,1.811,PM2.5-1HR
956,NOR_NO0153A,2024-09-27,1.37,7.92,67.83,0,3.23,340.19,990.81,1482.8,0.81,3.634,3100.0,0.011,PM2.5-1HR
956,NOR_NO0011A,2024-09-28,2.7,7.24,67.88,0.03,2.19,312.81,1001.44,11078.92,0.66,3.424,3100.0,0.041,PM2.5-1HR
956,NOR_NO0057A,2024-09-28,4.64,6.92,68.87,0.03,2.25,313.48,1001.41,720.61,0.75,3.55,3100.0,0.047,PM2.5-1HR
956,NOR_NO0071A,2024-09-28,5.36,7.13,69.02,0.03,2.22,313.6,1001.42,5739.15,0.71,3.494,3100.0,0.019,PM2.5-1HR
956,NOR_NO0073A,2024-09-28,3.19,7.2,68.27,0.03,2.21,313.21,1001.43,19621.92,0.71,3.494,3100.0,0.25,PM2.5-1HR
956,NOR_NO0083A,2024-09-28,1.64,7.33,68.01,0.03,2.17,312.55,1001.45,4891.31,0.66,3.424,3100.0,0.017,PM2.5-1HR
956,NOR_NO0093A,2024-09-28,5.02,7.35,68.16,0.03,2.17,312.69,1001.45,3843.84,0.66,3.424,3100.0,0.0,PM2.5-1HR
956,NOR_NO0095A,2024-09-28,2.7,7.33,67.71,0.03,2.17,312.16,1001.46,3541.34,0.67,3.438,3100.0,0.011,PM2.5-1HR
956,NOR_NO0114A,2024-09-28,0.96,7.5,67.62,0.04,2.13,310.99,1001.49,2808.28,0.66,3.424,3100.0,0.018,PM2.5-1HR
956,NOR_NO0122A,2024-09-28,2.81,6.93,68.92,0.03,2.24,313.51,1001.41,3142.01,0.75,3.55,3100.0,0.01,PM2.5-1HR
956,NOR_NO0129A,2024-09-28,2.67,6.61,69.76,0.02,2.3,313.76,1001.38,5191.94,0.78,3.592,3100.0,0.013,PM2.5-1HR
956,NOR_NO0140A,2024-09-28,1.75,7.3,68.24,0.03,2.19,313.04,1001.44,3888.58,0.66,3.424,3100.0,0.209,PM2.5-1HR
956,NOR_NO0143A,2024-09-28,2.36,7.22,68.37,0.03,2.2,313.25,1001.43,19064.3,0.71,3.494,3100.0,0.013,PM2.5-1HR
956,NOR_NO0149A,2024-09-28,2.52,7.04,68.85,0.03,2.23,313.51,1001.42,1999.9,0.71,3.494,3100.0,0.292,PM2.5-1HR
956,NOR_NO0150A,2024-09-28,2.28,7.07,68.48,0.03,2.22,313.32,1001.42,4900.03,0.71,3.494,3100.0,0.006,PM2.5-1HR
956,NOR_NO0152A,2024-09-28,4.01,7.3,68.39,0.03,2.19,313.22,1001.43,1968.48,0.66,3.424,3100.0,1.811,PM2.5-1HR
956,NOR_NO0153A,2024-09-28,1.65,7.54,67.86,0.04,2.12,311.1,1001.49,1482.8,0.66,3.424,3100.0,0.011,PM2.5-1HR
956,NOR_NO0011A,2024-09-29,3.57,5.48,66.85,0,2.16,246.32,1018.93,11078.92,0.86,3.704,3100.0,0.041,PM2.5-1HR
956,NOR_NO0057A,2024-09-29,3.79,5.24,67.48,0,2.23,246.98,1018.91,720.61,1,3.9,3100.0,0.047,PM2.5-1HR
956,NOR_NO0071A,2024-09-29,5.44,5.42,67.22,0,2.2,246.88,1018.94,5739.15,0.94,3.816,3100.0,0.019,PM2.5-1HR
956,NOR_NO0073A,2024-09-29,3.64,5.42,67.05,0,2.18,246.55,1018.93,19621.92,0.94,3.816,3100.0,0.25,PM2.5-1HR
956,NOR_NO0083A,2024-09-29,2.73,5.61,66.6,0,2.14,246.16,1018.94,4891.31,0.86,3.704,3100.0,0.017,PM2.5-1HR
956,NOR_NO0093A,2024-09-29,6.11,5.62,66.62,0,2.14,246.22,1018.94,3843.84,0.86,3.704,3100.0,0.0,PM2.5-1HR
956,NOR_NO0095A,2024-09-29,3.03,5.63,66.47,0,2.12,245.97,1018.94,3541.34,0.91,3.774,3100.0,0.011,PM2.5-1HR
956,NOR_NO0114A,2024-09-29,1.95,5.91,65.85,0,2.07,245.5,1018.96,2808.28,0.89,3.746,3100.0,0.018,PM2.5-1HR
956,NOR_NO0122A,2024-09-29,3.26,5.25,67.48,0,2.23,247,1018.91,3142.01,1,3.9,3100.0,0.01,PM2.5-1HR
956,NOR_NO0129A,2024-09-29,3.38,5.04,68,0,2.28,247.53,1018.9,5191.94,0.95,3.83,3100.0,0.013,PM2.5-1HR
956,NOR_NO0140A,2024-09-29,3.13,5.53,66.84,0,2.16,246.39,1018.94,3888.58,0.86,3.704,3100.0,0.209,PM2.5-1HR
956,NOR_NO0143A,2024-09-29,3.01,5.45,67.03,0,2.18,246.55,1018.93,19064.3,0.94,3.816,3100.0,0.013,PM2.5-1HR
956,NOR_NO0149A,2024-09-29,4.16,5.33,67.32,0,2.21,246.89,1018.92,1999.9,0.94,3.816,3100.0,0.292,PM2.5-1HR
956,NOR_NO0150A,2024-09-29,2.96,5.33,67.24,0,2.2,246.73,1018.92,4900.03,0.94,3.816,3100.0,0.006,PM2.5-1HR
956,NOR_NO0152A,2024-09-29,13.15,5.51,66.91,0,2.17,246.45,1018.94,1968.48,0.86,3.704,3100.0,1.811,PM2.5-1HR
956,NOR_NO0153A,2024-09-29,2.32,5.95,65.81,0,2.07,245.62,1018.97,1482.8,0.89,3.746,3100.0,0.011,PM2.5-1HR
956,NOR_NO0011A,2024-09-30,4.14,6.5,92.19,0,1.3,121.68,1025.03,11078.92,2.18,5.552,3100.0,0.041,PM2.5-1HR
956,NOR_NO0057A,2024-09-30,6.96,6.45,92.39,0.01,1.37,129.08,1025.05,720.61,2.48,5.972,3100.0,0.047,PM2.5-1HR
956,NOR_NO0071A,2024-09-30,7.84,6.72,92.15,0.01,1.36,126.44,1025.02,5739.15,2.35,5.79,3100.0,0.019,PM2.5-1HR
956,NOR_NO0073A,2024-09-30,4.4,6.55,92.25,0.01,1.33,123.27,1025.03,19621.92,2.27,5.678,3100.0,0.25,PM2.5-1HR
956,NOR_NO0083A,2024-09-30,5.69,6.66,91.96,0.01,1.28,120.56,1025.02,4891.31,2.18,5.552,3100.0,0.017,PM2.5-1HR
956,NOR_NO0093A,2024-09-30,7.95,6.71,91.95,0.01,1.29,120.61,1025.01,3843.84,2.18,5.552,3100.0,0.0,PM2.5-1HR
956,NOR_NO0095A,2024-09-30,5.51,6.59,91.93,0,1.26,120.08,1025.03,3541.34,2.06,5.384,3100.0,0.011,PM2.5-1HR
956,NOR_NO0114A,2024-09-30,6.36,6.8,91.45,0,1.2,117.1,1025.01,2808.28,1.94,5.216,3100.0,0.018,PM2.5-1HR
956,NOR_NO0122A,2024-09-30,5.75,6.47,92.38,0.01,1.38,129.14,1025.04,3142.01,2.48,5.972,3100.0,0.01,PM2.5-1HR
956,NOR_NO0129A,2024-09-30,6.92,6.38,92.53,0.01,1.46,135.19,1025.07,5191.94,3.01,6.714,3100.0,0.013,PM2.5-1HR
956,NOR_NO0140A,2024-09-30,5.69,6.65,92.11,0.01,1.32,121.53,1025.02,3888.58,2.18,5.552,3100.0,0.209,PM2.5-1HR
956,NOR_NO0143A,2024-09-30,5.27,6.6,92.21,0.01,1.33,123.17,1025.03,19064.3,2.27,5.678,3100.0,0.013,PM2.5-1HR
956,NOR_NO0149A,2024-09-30,5.06,6.57,92.28,0.01,1.36,127.38,1025.04,1999.9,2.35,5.79,3100.0,0.292,PM2.5-1HR
956,NOR_NO0150A,2024-09-30,9.03,6.48,92.33,0.01,1.34,126,1025.04,4900.03,2.35,5.79,3100.0,0.006,PM2.5-1HR
956,NOR_NO0152A,2024-09-30,11.5,6.69,92.13,0.01,1.33,121.77,1025.02,1968.48,2.18,5.552,3100.0,1.811,PM2.5-1HR
956,NOR_NO0153A,2024-09-30,5.49,6.92,91.37,0.01,1.21,116.92,1025,1482.8,1.94,5.216,3100.0,0.011,PM2.5-1HR
956,NOR_NO0140A,2024-10-01,4.9,8.02,85.81,0,1.64,36.23,1024.8,3888.58,2.55,6.07,3100.0,0.209,PM2.5-1HR
956,NOR_NO0143A,2024-10-01,5.14,7.99,85.79,0,1.65,37.37,1024.8,19064.3,2.6,6.14,3100.0,0.013,PM2.5-1HR
956,NOR_NO0149A,2024-10-01,4.75,7.96,85.73,0,1.69,39.94,1024.8,1999.9,2.67,6.238,3100.0,0.292,PM2.5-1HR
956,NOR_NO0150A,2024-10-01,9.19,7.94,85.79,0,1.66,39.15,1024.81,4900.03,2.67,6.238,3100.0,0.006,PM2.5-1HR
956,NOR_NO0152A,2024-10-01,10.91,8.03,85.79,0,1.65,36.4,1024.79,1968.48,2.55,6.07,3100.0,1.811,PM2.5-1HR
956,NOR_NO0153A,2024-10-01,4.89,8.15,85.93,0,1.6,32.12,1024.8,1482.8,2.39,5.846,3100.0,0.011,PM2.5-1HR
956,NOR_NO0011A,2024-10-01,3,7.97,85.87,0,1.61,36.54,1024.82,11078.92,2.55,6.07,3100.0,0.041,PM2.5-1HR
956,NOR_NO0057A,2024-10-01,9.43,7.91,85.76,0,1.69,41.01,1024.81,720.61,2.85,6.49,3100.0,0.047,PM2.5-1HR
956,NOR_NO0071A,2024-10-01,6.04,8.02,85.69,0,1.7,39.27,1024.78,5739.15,2.67,6.238,3100.0,0.019,PM2.5-1HR
956,NOR_NO0073A,2024-10-01,6.03,7.97,85.81,0,1.64,37.51,1024.81,19621.92,2.6,6.14,3100.0,0.25,PM2.5-1HR
956,NOR_NO0083A,2024-10-01,3.93,8.04,85.86,0,1.61,35.38,1024.81,4891.31,2.55,6.07,3100.0,0.017,PM2.5-1HR
956,NOR_NO0093A,2024-10-01,7.02,8.05,85.84,0,1.63,35.35,1024.8,3843.84,2.55,6.07,3100.0,0.0,PM2.5-1HR
956,NOR_NO0095A,2024-10-01,3.65,8.02,85.91,0,1.59,35.06,1024.83,3541.34,2.27,5.678,3100.0,0.011,PM2.5-1HR
956,NOR_NO0114A,2024-10-01,3.64,8.12,85.96,0,1.58,32.42,1024.81,2808.28,2.39,5.846,3100.0,0.018,PM2.5-1HR
956,NOR_NO0122A,2024-10-01,6.37,7.91,85.75,0,1.69,41.05,1024.81,3142.01,2.85,6.49,3100.0,0.01,PM2.5-1HR
956,NOR_NO0129A,2024-10-01,7.31,7.84,85.68,0,1.76,44.83,1024.8,5191.94,3.3,7.12,3100.0,0.013,PM2.5-1HR
956,NOR_NO0057A,2024-10-02,6.86,6.6,85.29,0,2.18,348.85,1021.64,720.61,2.34,5.776,3100.0,0.047,PM2.5-1HR
956,NOR_NO0011A,2024-10-02,3.94,6.77,85.09,0,2.14,346.66,1021.69,11078.92,2.06,5.384,3100.0,0.041,PM2.5-1HR
956,NOR_NO0071A,2024-10-02,7.14,6.81,85.34,0,2.2,348.59,1021.63,5739.15,2.18,5.552,3100.0,0.019,PM2.5-1HR
956,NOR_NO0073A,2024-10-02,5.78,6.77,85.21,0,2.17,347.44,1021.66,19621.92,2.12,5.468,3100.0,0.25,PM2.5-1HR
956,NOR_NO0083A,2024-10-02,4.54,6.89,85.07,0,2.12,346.09,1021.69,4891.31,2.06,5.384,3100.0,0.017,PM2.5-1HR
956,NOR_NO0093A,2024-10-02,7.72,6.92,85.12,0,2.14,346.26,1021.68,3843.84,2.06,5.384,3100.0,0.0,PM2.5-1HR
956,NOR_NO0095A,2024-10-02,4.5,6.86,84.96,0,2.09,345.53,1021.71,3541.34,1.88,5.132,3100.0,0.011,PM2.5-1HR
956,NOR_NO0114A,2024-10-02,3.75,7.05,84.77,0,2.02,343.65,1021.73,2808.28,1.59,4.726,3100.0,0.018,PM2.5-1HR
956,NOR_NO0122A,2024-10-02,7.54,6.62,85.3,0,2.19,348.92,1021.64,3142.01,2.34,5.776,3100.0,0.01,PM2.5-1HR
956,NOR_NO0129A,2024-10-02,6.1,6.44,85.41,0,2.2,350.61,1021.61,5191.94,2.98,6.672,3100.0,0.013,PM2.5-1HR
956,NOR_NO0140A,2024-10-02,4.5,6.86,85.2,0,2.17,346.9,1021.67,3888.58,2.06,5.384,3100.0,0.209,PM2.5-1HR
956,NOR_NO0143A,2024-10-02,5.35,6.8,85.24,0,2.18,347.47,1021.66,19064.3,2.12,5.468,3100.0,0.013,PM2.5-1HR
956,NOR_NO0149A,2024-10-02,5.39,6.71,85.3,0,2.19,348.6,1021.64,1999.9,2.18,5.552,3100.0,0.292,PM2.5-1HR
956,NOR_NO0150A,2024-10-02,9.51,6.68,85.23,0,2.18,348.04,1021.66,4900.03,2.18,5.552,3100.0,0.006,PM2.5-1HR
956,NOR_NO0152A,2024-10-02,9.46,6.87,85.26,0,2.18,347.19,1021.66,1968.48,2.06,5.384,3100.0,1.811,PM2.5-1HR
956,NOR_NO0153A,2024-10-02,3.84,7.12,84.81,0,2.03,343.73,1021.72,1482.8,1.59,4.726,3100.0,0.011,PM2.5-1HR
956,NOR_NO0011A,2024-10-03,4.64,7.38,81.26,0,1.19,315.04,1022.41,11078.92,1.86,5.104,3100.0,0.041,PM2.5-1HR
956,NOR_NO0057A,2024-10-03,6.6,7.23,81.42,0,1.16,312.72,1022.38,720.61,2.12,5.468,3100.0,0.047,PM2.5-1HR
956,NOR_NO0071A,2024-10-03,6.96,7.45,81.47,0,1.16,315.69,1022.38,5739.15,1.98,5.272,3100.0,0.019,PM2.5-1HR
956,NOR_NO0073A,2024-10-03,6.2,7.4,81.27,0,1.19,315.59,1022.4,19621.92,1.92,5.188,3100.0,0.25,PM2.5-1HR
956,NOR_NO0083A,2024-10-03,4.97,7.46,81.43,0,1.17,316.79,1022.41,4891.31,1.86,5.104,3100.0,0.017,PM2.5-1HR
956,NOR_NO0093A,2024-10-03,7.99,7.51,81.44,0,1.17,317.87,1022.41,3843.84,1.86,5.104,3100.0,0.0,PM2.5-1HR
956,NOR_NO0095A,2024-10-03,5.12,7.4,81.45,0,1.17,315.47,1022.42,3541.34,1.85,5.09,3100.0,0.011,PM2.5-1HR
956,NOR_NO0114A,2024-10-03,3.51,7.5,81.77,0,1.13,317.24,1022.44,2808.28,1.69,4.866,3100.0,0.018,PM2.5-1HR
956,NOR_NO0122A,2024-10-03,6.89,7.24,81.43,0,1.16,313.01,1022.38,3142.01,2.12,5.468,3100.0,0.01,PM2.5-1HR
956,NOR_NO0129A,2024-10-03,6.16,7.05,81.63,0,1.13,315.31,1022.36,5191.94,2.4,5.86,3100.0,0.013,PM2.5-1HR
956,NOR_NO0140A,2024-10-03,5.57,7.48,81.34,0,1.18,317.36,1022.4,3888.58,1.86,5.104,3100.0,0.209,PM2.5-1HR
956,NOR_NO0143A,2024-10-03,5.63,7.44,81.31,0,1.18,316.34,1022.39,19064.3,1.92,5.188,3100.0,0.013,PM2.5-1HR
956,NOR_NO0149A,2024-10-03,4.45,7.34,81.42,0,1.16,313.7,1022.38,1999.9,1.98,5.272,3100.0,0.292,PM2.5-1HR
956,NOR_NO0150A,2024-10-03,9.42,7.31,81.32,0,1.18,313.61,1022.39,4900.03,1.98,5.272,3100.0,0.006,PM2.5-1HR
956,NOR_NO0152A,2024-10-03,7.43,7.52,81.33,0,1.18,318.29,1022.39,1968.48,1.86,5.104,3100.0,1.811,PM2.5-1HR
956,NOR_NO0153A,2024-10-03,4.39,7.58,81.8,0,1.12,319.45,1022.43,1482.8,1.69,4.866,3100.0,0.011,PM2.5-1HR
956,NOR_NO0011A,2024-10-04,6.22,6.31,87.78,0,1.27,298.69,1021.08,11078.92,2.56,6.084,3100.0,0.041,PM2.5-1HR
956,NOR_NO0057A,2024-10-04,6.75,6.13,88.02,0,1.23,295.6,1021.08,720.61,2.86,6.504,3100.0,0.047,PM2.5-1HR
956,NOR_NO0071A,2024-10-04,7.58,6.33,88.25,0,1.24,299.95,1021.08,5739.15,2.71,6.294,3100.0,0.019,PM2.5-1HR
956,NOR_NO0073A,2024-10-04,7.99,6.3,87.95,0,1.27,299.08,1021.08,19621.92,2.67,6.238,3100.0,0.25,PM2.5-1HR
956,NOR_NO0083A,2024-10-04,6.08,6.41,87.9,0,1.26,300.22,1021.08,4891.31,2.56,6.084,3100.0,0.017,PM2.5-1HR
956,NOR_NO0093A,2024-10-04,9.07,6.44,87.99,0,1.26,301.01,1021.08,3843.84,2.56,6.084,3100.0,0.0,PM2.5-1HR
956,NOR_NO0095A,2024-10-04,7.68,6.38,87.74,0,1.25,299.12,1021.08,3541.34,2.49,5.986,3100.0,0.011,PM2.5-1HR
956,NOR_NO0114A,2024-10-04,4.94,6.54,87.77,0,1.22,301.04,1021.08,2808.28,2.54,6.056,3100.0,0.018,PM2.5-1HR
956,NOR_NO0122A,2024-10-04,8.64,6.14,88.05,0,1.23,295.85,1021.08,3142.01,2.86,6.504,3100.0,0.01,PM2.5-1HR
956,NOR_NO0129A,2024-10-04,7.19,5.94,88.19,0,1.19,292.45,1021.08,5191.94,2.86,6.504,3100.0,0.013,PM2.5-1HR
956,NOR_NO0140A,2024-10-04,7.24,6.4,88,0,1.27,300.68,1021.08,3888.58,2.56,6.084,3100.0,0.209,PM2.5-1HR
956,NOR_NO0143A,2024-10-04,6.5,6.34,88.01,0,1.27,299.73,1021.08,19064.3,2.67,6.238,3100.0,0.013,PM2.5-1HR
956,NOR_NO0149A,2024-10-04,6.11,6.23,88.1,0,1.24,297.71,1021.08,1999.9,2.71,6.294,3100.0,0.292,PM2.5-1HR
956,NOR_NO0150A,2024-10-04,8.3,6.21,87.95,0,1.25,297.21,1021.08,4900.03,2.71,6.294,3100.0,0.006,PM2.5-1HR
956,NOR_NO0152A,2024-10-04,13.36,6.41,88.08,0,1.27,301.32,1021.08,1968.48,2.56,6.084,3100.0,1.811,PM2.5-1HR
956,NOR_NO0153A,2024-10-04,9.38,6.61,87.93,0,1.22,302.38,1021.08,1482.8,2.54,6.056,3100.0,0.011,PM2.5-1HR
956,NOR_NO0011A,2024-10-05,7.85,8.24,92.28,0,1.47,182.77,1016.86,11078.92,3.6,7.54,3100.0,0.041,PM2.5-1HR
956,NOR_NO0057A,2024-10-05,7.07,8.18,92.23,0.01,1.53,181.72,1016.87,720.61,3.56,7.484,3100.0,0.047,PM2.5-1HR
956,NOR_NO0071A,2024-10-05,5.65,8.37,92.19,0.01,1.55,181.14,1016.87,5739.15,3.5,7.4,3100.0,0.019,PM2.5-1HR
956,NOR_NO0073A,2024-10-05,7.88,8.28,92.32,0,1.51,182.94,1016.86,19621.92,3.43,7.302,3100.0,0.25,PM2.5-1HR
956,NOR_NO0083A,2024-10-05,8.3,8.34,92.14,0,1.46,181.11,1016.86,4891.31,3.6,7.54,3100.0,0.017,PM2.5-1HR
956,NOR_NO0093A,2024-10-05,7.29,8.38,92.15,0,1.48,181.12,1016.86,3843.84,3.6,7.54,3100.0,0.0,PM2.5-1HR
956,NOR_NO0095A,2024-10-05,7.71,8.28,92.08,0,1.42,181.16,1016.86,3541.34,3.72,7.708,3100.0,0.011,PM2.5-1HR
956,NOR_NO0114A,2024-10-05,8.43,8.4,91.75,0,1.37,179.64,1016.86,2808.28,4.26,8.464,3100.0,0.018,PM2.5-1HR
956,NOR_NO0122A,2024-10-05,7.97,8.19,92.22,0.01,1.54,181.31,1016.87,3142.01,3.56,7.484,3100.0,0.01,PM2.5-1HR
956,NOR_NO0129A,2024-10-05,8.7,8.09,92.11,0.01,1.61,179.15,1016.88,5191.94,3.24,7.036,3100.0,0.013,PM2.5-1HR
956,NOR_NO0140A,2024-10-05,8.86,8.35,92.27,0,1.5,182.29,1016.86,3888.58,3.6,7.54,3100.0,0.209,PM2.5-1HR
956,NOR_NO0143A,2024-10-05,8.22,8.31,92.3,0,1.51,182.72,1016.86,19064.3,3.43,7.302,3100.0,0.013,PM2.5-1HR
956,NOR_NO0149A,2024-10-05,5.93,8.26,92.22,0.01,1.54,181.77,1016.87,1999.9,3.5,7.4,3100.0,0.292,PM2.5-1HR
956,NOR_NO0150A,2024-10-05,7.04,8.22,92.29,0.01,1.51,182.99,1016.87,4900.03,3.5,7.4,3100.0,0.006,PM2.5-1HR
956,NOR_NO0152A,2024-10-05,17.21,8.38,92.3,0,1.52,182.61,1016.86,1968.48,3.6,7.54,3100.0,1.811,PM2.5-1HR
956,NOR_NO0153A,2024-10-05,12,8.47,91.73,0,1.39,179.35,1016.86,1482.8,4.26,8.464,3100.0,0.011,PM2.5-1HR
956,NOR_NO0011A,2024-10-06,4.74,10.4,79.4,0,3.25,205.66,1010.44,11078.92,1.97,5.258,3100.0,0.041,PM2.5-1HR
956,NOR_NO0057A,2024-10-06,3.81,10.37,79.8,0,3.43,207.53,1010.49,720.61,2.05,5.37,3100.0,0.047,PM2.5-1HR
956,NOR_NO0071A,2024-10-06,4.96,10.47,79.74,0,3.41,206.73,1010.52,5739.15,2.02,5.328,3100.0,0.019,PM2.5-1HR
956,NOR_NO0073A,2024-10-06,4.9,10.42,79.59,0,3.32,206.09,1010.47,19621.92,1.95,5.23,3100.0,0.25,PM2.5-1HR
956,NOR_NO0083A,2024-10-06,4.03,10.45,79.25,0,3.21,205.16,1010.45,4891.31,1.97,5.258,3100.0,0.017,PM2.5-1HR
956,NOR_NO0093A,2024-10-06,5.05,10.48,79.3,0,3.23,205.17,1010.46,3843.84,1.97,5.258,3100.0,0.0,PM2.5-1HR
956,NOR_NO0095A,2024-10-06,4.58,10.42,79.09,0,3.15,204.96,1010.43,3541.34,2.08,5.412,3100.0,0.011,PM2.5-1HR
956,NOR_NO0114A,2024-10-06,4.09,10.5,78.63,0,3.01,203.71,1010.42,2808.28,2.27,5.678,3100.0,0.018,PM2.5-1HR
956,NOR_NO0122A,2024-10-06,3.73,10.37,79.8,0,3.43,207.54,1010.49,3142.01,2.05,5.37,3100.0,0.01,PM2.5-1HR
956,NOR_NO0129A,2024-10-06,4.35,10.33,80.07,0,3.57,209.15,1010.52,5191.94,1.84,5.076,3100.0,0.013,PM2.5-1HR
956,NOR_NO0140A,2024-10-06,3.94,10.46,79.48,0,3.28,205.57,1010.47,3888.58,1.97,5.258,3100.0,0.209,PM2.5-1HR
956,NOR_NO0143A,2024-10-06,4.21,10.44,79.6,0,3.33,206.04,1010.48,19064.3,1.95,5.23,3100.0,0.013,PM2.5-1HR
956,NOR_NO0149A,2024-10-06,4.08,10.42,79.75,0,3.41,207.04,1010.5,1999.9,2.02,5.328,3100.0,0.292,PM2.5-1HR
956,NOR_NO0150A,2024-10-06,3.34,10.39,79.68,0,3.37,206.76,1010.47,4900.03,2.02,5.328,3100.0,0.006,PM2.5-1HR
956,NOR_NO0152A,2024-10-06,7.26,10.47,79.56,0,3.31,205.65,1010.48,1968.48,1.97,5.258,3100.0,1.811,PM2.5-1HR
956,NOR_NO0153A,2024-10-06,4.2,10.54,78.67,0,3.04,203.66,1010.44,1482.8,2.27,5.678,3100.0,0.011,PM2.5-1HR
956,NOR_NO0011A,2024-10-07,4.61,8.26,89.81,0.18,2.55,134.11,1007.45,11078.92,2.03,5.342,3100.0,0.041,PM2.5-1HR
956,NOR_NO0057A,2024-10-07,5.33,8.24,89.53,0.17,2.65,135.46,1007.52,720.61,2.04,5.356,3100.0,0.047,PM2.5-1HR
956,NOR_NO0071A,2024-10-07,5.38,8.36,89.41,0.17,2.64,134.81,1007.47,5739.15,2.07,5.398,3100.0,0.019,PM2.5-1HR
956,NOR_NO0073A,2024-10-07,6.88,8.29,89.65,0.17,2.59,134.48,1007.46,19621.92,1.97,5.258,3100.0,0.25,PM2.5-1HR
956,NOR_NO0083A,2024-10-07,4.83,8.32,89.79,0.18,2.52,133.57,1007.42,4891.31,2.03,5.342,3100.0,0.017,PM2.5-1HR
956,NOR_NO0093A,2024-10-07,6.65,8.35,89.72,0.18,2.54,133.59,1007.42,3843.84,2.03,5.342,3100.0,0.0,PM2.5-1HR
956,NOR_NO0095A,2024-10-07,6.12,8.28,89.93,0.18,2.49,133.34,1007.42,3541.34,2.07,5.398,3100.0,0.011,PM2.5-1HR
956,NOR_NO0114A,2024-10-07,5.1,8.33,90.06,0.18,2.41,132.01,1007.36,2808.28,2.35,5.79,3100.0,0.018,PM2.5-1HR
956,NOR_NO0122A,2024-10-07,6.21,8.25,89.51,0.17,2.66,135.45,1007.51,3142.01,2.04,5.356,3100.0,0.01,PM2.5-1HR
956,NOR_NO0129A,2024-10-07,6.79,8.19,89.34,0.16,2.74,136.54,1007.58,5191.94,2.15,5.51,3100.0,0.013,PM2.5-1HR
956,NOR_NO0140A,2024-10-07,5.41,8.34,89.66,0.18,2.56,134.03,1007.44,3888.58,2.03,5.342,3100.0,0.209,PM2.5-1HR
956,NOR_NO0143A,2024-10-07,4.79,8.32,89.61,0.17,2.59,134.42,1007.46,19064.3,1.97,5.258,3100.0,0.013,PM2.5-1HR
956,NOR_NO0149A,2024-10-07,4.72,8.29,89.5,0.17,2.64,135.08,1007.49,1999.9,2.07,5.398,3100.0,0.292,PM2.5-1HR
956,NOR_NO0150A,2024-10-07,9.67,8.26,89.62,0.17,2.62,134.94,1007.49,4900.03,2.07,5.398,3100.0,0.006,PM2.5-1HR
956,NOR_NO0152A,2024-10-07,12.77,8.36,89.59,0.17,2.58,134.14,1007.44,1968.48,2.03,5.342,3100.0,1.811,PM2.5-1HR
956,NOR_NO0153A,2024-10-07,5.93,8.38,89.96,0.18,2.43,131.93,1007.35,1482.8,2.35,5.79,3100.0,0.011,PM2.5-1HR
956,NOR_NO0011A,2024-10-08,3.41,9.77,96.23,0.42,2.35,103.23,1003.59,11078.92,1.23,4.222,3100.0,0.041,PM2.5-1HR
956,NOR_NO0057A,2024-10-08,5.42,9.82,96.11,0.4,2.51,105.81,1003.65,720.61,1.36,4.404,3100.0,0.047,PM2.5-1HR
956,NOR_NO0071A,2024-10-08,5.04,9.92,95.99,0.42,2.48,105.57,1003.59,5739.15,1.29,4.306,3100.0,0.019,PM2.5-1HR
956,NOR_NO0073A,2024-10-08,7.4,9.82,96.15,0.42,2.4,104.14,1003.6,19621.92,1.25,4.25,3100.0,0.25,PM2.5-1HR
956,NOR_NO0083A,2024-10-08,4.54,9.81,96.16,0.42,2.33,102.88,1003.55,4891.31,1.23,4.222,3100.0,0.017,PM2.5-1HR
956,NOR_NO0093A,2024-10-08,6.33,9.84,96.12,0.42,2.34,103.11,1003.54,3843.84,1.23,4.222,3100.0,0.0,PM2.5-1HR
956,NOR_NO0095A,2024-10-08,3.82,9.75,96.24,0.42,2.29,102.22,1003.54,3541.34,1.3,4.32,3100.0,0.011,PM2.5-1HR
956,NOR_NO0114A,2024-10-08,5.16,9.77,96.2,0.42,2.22,100.74,1003.47,2808.28,1.27,4.278,3100.0,0.018,PM2.5-1HR
956,NOR_NO0122A,2024-10-08,5.56,9.83,96.1,0.4,2.51,105.9,1003.65,3142.01,1.36,4.404,3100.0,0.01,PM2.5-1HR
956,NOR_NO0129A,2024-10-08,6.54,9.84,96.02,0.38,2.65,107.78,1003.71,5191.94,1.39,4.446,3100.0,0.013,PM2.5-1HR
956,NOR_NO0140A,2024-10-08,5.85,9.85,96.12,0.42,2.37,103.64,1003.57,3888.58,1.23,4.222,3100.0,0.209,PM2.5-1HR
956,NOR_NO0143A,2024-10-08,4.88,9.84,96.12,0.42,2.4,104.22,1003.59,19064.3,1.25,4.25,3100.0,0.013,PM2.5-1HR
956,NOR_NO0149A,2024-10-08,3.6,9.86,96.07,0.41,2.48,105.53,1003.62,1999.9,1.29,4.306,3100.0,0.292,PM2.5-1HR
956,NOR_NO0150A,2024-10-08,9.94,9.81,96.15,0.41,2.44,104.85,1003.62,4900.03,1.29,4.306,3100.0,0.006,PM2.5-1HR
956,NOR_NO0152A,2024-10-08,7.58,9.87,96.09,0.42,2.39,103.94,1003.57,1968.48,1.23,4.222,3100.0,1.811,PM2.5-1HR
956,NOR_NO0153A,2024-10-08,6.51,9.83,96.13,0.42,2.23,101.08,1003.45,1482.8,1.27,4.278,3100.0,0.011,PM2.5-1HR
956,NOR_NO0011A,2024-10-09,4.56,11.32,96.18,0.29,2.53,138.15,991.67,11078.92,1.58,4.712,3100.0,0.041,PM2.5-1HR
956,NOR_NO0057A,2024-10-09,4.61,11.41,95.99,0.27,2.63,141.07,991.73,720.61,1.84,5.076,3100.0,0.047,PM2.5-1HR
956,NOR_NO0071A,2024-10-09,5.44,11.49,95.99,0.28,2.61,140.7,991.69,5739.15,1.72,4.908,3100.0,0.019,PM2.5-1HR
956,NOR_NO0073A,2024-10-09,6.78,11.38,96.14,0.28,2.57,139.16,991.68,19621.92,1.57,4.698,3100.0,0.25,PM2.5-1HR
956,NOR_NO0083A,2024-10-09,6.24,11.35,96.11,0.29,2.49,137.59,991.65,4891.31,1.58,4.712,3100.0,0.017,PM2.5-1HR
956,NOR_NO0093A,2024-10-09,5.67,11.38,96.09,0.3,2.5,137.83,991.65,3843.84,1.58,4.712,3100.0,0.0,PM2.5-1HR
956,NOR_NO0095A,2024-10-09,4.51,11.28,96.12,0.29,2.45,136.82,991.64,3541.34,1.58,4.712,3100.0,0.011,PM2.5-1HR
956,NOR_NO0114A,2024-10-09,6.68,11.27,96.01,0.31,2.33,134.76,991.59,2808.28,1.58,4.712,3100.0,0.018,PM2.5-1HR
956,NOR_NO0122A,2024-10-09,8.82,11.42,95.98,0.27,2.63,141.15,991.72,3142.01,1.84,5.076,3100.0,0.01,PM2.5-1HR
956,NOR_NO0129A,2024-10-09,9.29,11.47,95.78,0.26,2.71,143.37,991.77,5191.94,2.02,5.328,3100.0,0.013,PM2.5-1HR
956,NOR_NO0140A,2024-10-09,7.85,11.39,96.13,0.29,2.54,138.53,991.66,3888.58,1.58,4.712,3100.0,0.209,PM2.5-1HR
956,NOR_NO0143A,2024-10-09,8.07,11.4,96.12,0.29,2.57,139.23,991.68,19064.3,1.57,4.698,3100.0,0.013,PM2.5-1HR
956,NOR_NO0149A,2024-10-09,4.09,11.44,96.01,0.28,2.62,140.72,991.71,1999.9,1.72,4.908,3100.0,0.292,PM2.5-1HR
956,NOR_NO0150A,2024-10-09,8.56,11.38,96.08,0.28,2.6,139.98,991.71,4900.03,1.72,4.908,3100.0,0.006,PM2.5-1HR
956,NOR_NO0152A,2024-10-09,10.86,11.42,96.12,0.29,2.56,138.88,991.67,1968.48,1.58,4.712,3100.0,1.811,PM2.5-1HR
956,NOR_NO0153A,2024-10-09,6.63,11.33,95.97,0.31,2.34,135.1,991.59,1482.8,1.58,4.712,3100.0,0.011,PM2.5-1HR
956,NOR_NO0011A,2024-10-10,4.45,8.76,93.44,0.57,3.39,117.89,986.82,11078.92,0.96,3.844,3100.0,0.041,PM2.5-1HR
956,NOR_NO0057A,2024-10-10,5.01,8.92,93.72,0.52,3.49,124.26,986.79,720.61,1.03,3.942,3100.0,0.047,PM2.5-1HR
956,NOR_NO0071A,2024-10-10,4.3,9.02,93.68,0.53,3.47,124,986.76,5739.15,1.02,3.928,3100.0,0.019,PM2.5-1HR
956,NOR_NO0073A,2024-10-10,7.75,8.86,93.54,0.56,3.44,123.95,986.8,19621.92,1.03,3.942,3100.0,0.25,PM2.5-1HR
956,NOR_NO0083A,2024-10-10,5.5,8.79,93.36,0.57,3.34,116.26,986.81,4891.31,0.96,3.844,3100.0,0.017,PM2.5-1HR
956,NOR_NO0093A,2024-10-10,5.77,8.84,93.38,0.56,3.35,120.34,986.8,3843.84,0.96,3.844,3100.0,0.0,PM2.5-1HR
956,NOR_NO0095A,2024-10-10,5.15,8.7,93.27,0.58,3.31,104.8,986.83,3541.34,1.03,3.942,3100.0,0.011,PM2.5-1HR
956,NOR_NO0114A,2024-10-10,6.04,8.65,93.03,0.57,3.18,96.45,986.84,2808.28,1.17,4.138,3100.0,0.018,PM2.5-1HR
956,NOR_NO0122A,2024-10-10,6.59,8.93,93.72,0.52,3.49,124.24,986.79,3142.01,1.03,3.942,3100.0,0.01,PM2.5-1HR
956,NOR_NO0129A,2024-10-10,7.33,9.02,93.94,0.48,3.56,124.83,986.77,5191.94,0.71,3.494,3100.0,0.013,PM2.5-1HR
956,NOR_NO0140A,2024-10-10,6.56,8.87,93.47,0.56,3.41,123.11,986.79,3888.58,0.96,3.844,3100.0,0.209,PM2.5-1HR
956,NOR_NO0143A,2024-10-10,6.54,8.89,93.55,0.56,3.44,124.09,986.79,19064.3,1.03,3.942,3100.0,0.013,PM2.5-1HR
956,NOR_NO0149A,2024-10-10,3.48,8.95,93.68,0.53,3.48,124.17,986.78,1999.9,1.02,3.928,3100.0,0.292,PM2.5-1HR
956,NOR_NO0150A,2024-10-10,7.02,8.87,93.62,0.54,3.46,124.3,986.8,4900.03,1.02,3.928,3100.0,0.006,PM2.5-1HR
956,NOR_NO0152A,2024-10-10,7.14,8.92,93.52,0.56,3.43,123.96,986.78,1968.48,0.96,3.844,3100.0,1.811,PM2.5-1HR
956,NOR_NO0153A,2024-10-10,6.12,8.73,93.06,0.57,3.18,97.85,986.82,1482.8,1.17,4.138,3100.0,0.011,PM2.5-1HR
956,NOR_NO0011A,2024-10-11,5.06,5.3,75.41,0,2.24,239.87,998.67,11078.92,0.81,3.634,3100.0,0.041,PM2.5-1HR
956,NOR_NO0057A,2024-10-11,4.74,5.19,75.77,0,2.31,240.78,998.66,720.61,0.9,3.76,3100.0,0.047,PM2.5-1HR
956,NOR_NO0071A,2024-10-11,5.62,5.4,75.49,0,2.3,239.84,998.67,5739.15,0.85,3.69,3100.0,0.019,PM2.5-1HR
956,NOR_NO0073A,2024-10-11,5.2,5.34,75.43,0,2.27,239.7,998.67,19621.92,0.86,3.704,3100.0,0.25,PM2.5-1HR
956,NOR_NO0083A,2024-10-11,2.97,5.39,75.32,0,2.21,239.58,998.68,4891.31,0.81,3.634,3100.0,0.017,PM2.5-1HR
956,NOR_NO0093A,2024-10-11,6.41,5.44,75.28,0,2.22,239.34,998.68,3843.84,0.81,3.634,3100.0,0.0,PM2.5-1HR
956,NOR_NO0095A,2024-10-11,5.36,5.32,75.38,0,2.19,240.01,998.68,3541.34,0.86,3.704,3100.0,0.011,PM2.5-1HR
956,NOR_NO0114A,2024-10-11,2.66,5.42,75.27,0,2.12,240.09,998.7,2808.28,0.64,3.396,3100.0,0.018,PM2.5-1HR
956,NOR_NO0122A,2024-10-11,3.72,5.2,75.76,0,2.31,240.75,998.66,3142.01,0.9,3.76,3100.0,0.01,PM2.5-1HR
956,NOR_NO0129A,2024-10-11,4.47,5.04,76.18,0,2.36,241.93,998.65,5191.94,0.97,3.858,3100.0,0.013,PM2.5-1HR
956,NOR_NO0140A,2024-10-11,3.23,5.42,75.31,0,2.25,239.29,998.67,3888.58,0.81,3.634,3100.0,0.209,PM2.5-1HR
956,NOR_NO0143A,2024-10-11,2.93,5.37,75.4,0,2.27,239.54,998.67,19064.3,0.86,3.704,3100.0,0.013,PM2.5-1HR
956,NOR_NO0149A,2024-10-11,2.66,5.29,75.62,0,2.3,240.29,998.66,1999.9,0.85,3.69,3100.0,0.292,PM2.5-1HR
956,NOR_NO0150A,2024-10-11,9.25,5.26,75.59,0,2.28,240.25,998.66,4900.03,0.85,3.69,3100.0,0.006,PM2.5-1HR
956,NOR_NO0152A,2024-10-11,8.43,5.45,75.29,0,2.26,239.09,998.67,1968.48,0.81,3.634,3100.0,1.811,PM2.5-1HR
956,NOR_NO0153A,2024-10-11,6.74,5.5,75.18,0,2.13,239.72,998.7,1482.8,0.64,3.396,3100.0,0.011,PM2.5-1HR
956,NOR_NO0011A,2024-10-12,5.62,3.65,90.72,0.15,2.49,173.99,1009.7,11078.92,1.41,4.474,3100.0,0.041,PM2.5-1HR
956,NOR_NO0057A,2024-10-12,3.31,3.67,90.57,0.15,2.6,176.01,1009.74,720.61,1.42,4.488,3100.0,0.047,PM2.5-1HR
956,NOR_NO0071A,2024-10-12,5.62,3.94,90.31,0.15,2.59,175.04,1009.73,5739.15,1.39,4.446,3100.0,0.019,PM2.5-1HR
956,NOR_NO0073A,2024-10-12,6.32,3.75,90.52,0.15,2.53,174.41,1009.71,19621.92,1.41,4.474,3100.0,0.25,PM2.5-1HR
956,NOR_NO0083A,2024-10-12,5.42,3.78,90.69,0.16,2.46,173.38,1009.69,4891.31,1.41,4.474,3100.0,0.017,PM2.5-1HR
956,NOR_NO0093A,2024-10-12,7.28,3.86,90.58,0.16,2.47,173.35,1009.69,3843.84,1.41,4.474,3100.0,0.0,PM2.5-1HR
956,NOR_NO0095A,2024-10-12,6.14,3.67,90.92,0.16,2.42,173.22,1009.68,3541.34,1.5,4.6,3100.0,0.011,PM2.5-1HR
956,NOR_NO0114A,2024-10-12,5.06,3.78,91.09,0.17,2.32,171.81,1009.65,2808.28,1.45,4.53,3100.0,0.018,PM2.5-1HR
956,NOR_NO0122A,2024-10-12,3.88,3.7,90.54,0.15,2.6,176.01,1009.74,3142.01,1.42,4.488,3100.0,0.01,PM2.5-1HR
956,NOR_NO0129A,2024-10-12,5.33,3.65,90.56,0.14,2.69,177.82,1009.79,5191.94,1.29,4.306,3100.0,0.013,PM2.5-1HR
956,NOR_NO0140A,2024-10-12,5.17,3.84,90.49,0.15,2.51,173.79,1009.7,3888.58,1.41,4.474,3100.0,0.209,PM2.5-1HR
956,NOR_NO0143A,2024-10-12,4.81,3.8,90.46,0.15,2.54,174.32,1009.71,19064.3,1.41,4.474,3100.0,0.013,PM2.5-1HR
956,NOR_NO0149A,2024-10-12,4.13,3.79,90.46,0.15,2.59,175.44,1009.73,1999.9,1.39,4.446,3100.0,0.292,PM2.5-1HR
956,NOR_NO0150A,2024-10-12,5.14,3.69,90.57,0.15,2.56,175.16,1009.72,4900.03,1.39,4.446,3100.0,0.006,PM2.5-1HR
956,NOR_NO0152A,2024-10-12,8.39,3.89,90.38,0.15,2.53,173.85,1009.7,1968.48,1.41,4.474,3100.0,1.811,PM2.5-1HR
956,NOR_NO0153A,2024-10-12,6.91,3.91,90.92,0.17,2.34,171.71,1009.65,1482.8,1.45,4.53,3100.0,0.011,PM2.5-1HR
956,NOR_NO0011A,2024-10-13,7.44,6.57,92.3,0.15,2.64,55.92,1006.26,11078.92,2.34,5.776,3100.0,0.041,PM2.5-1HR
956,NOR_NO0057A,2024-10-13,5.23,6.61,92.19,0.13,2.74,59.77,1006.27,720.61,2.47,5.958,3100.0,0.047,PM2.5-1HR
956,NOR_NO0071A,2024-10-13,7.6,6.75,91.96,0.13,2.74,58.11,1006.21,5739.15,2.38,5.832,3100.0,0.019,PM2.5-1HR
956,NOR_NO0073A,2024-10-13,8.88,6.63,92.16,0.14,2.68,56.9,1006.25,19621.92,2.27,5.678,3100.0,0.25,PM2.5-1HR
956,NOR_NO0083A,2024-10-13,5.8,6.62,92.25,0.15,2.63,54.65,1006.23,4891.31,2.34,5.776,3100.0,0.017,PM2.5-1HR
956,NOR_NO0093A,2024-10-13,8.05,6.66,92.17,0.15,2.64,54.67,1006.21,3843.84,2.34,5.776,3100.0,0.0,PM2.5-1HR
956,NOR_NO0095A,2024-10-13,4.21,6.55,92.41,0.15,2.59,54.17,1006.24,3541.34,2.37,5.818,3100.0,0.011,PM2.5-1HR
956,NOR_NO0114A,2024-10-13,5.48,6.57,92.49,0.15,2.53,51.09,1006.2,2808.28,2.56,6.084,3100.0,0.018,PM2.5-1HR
956,NOR_NO0122A,2024-10-13,5.72,6.63,92.17,0.13,2.74,59.77,1006.26,3142.01,2.47,5.958,3100.0,0.01,PM2.5-1HR
956,NOR_NO0129A,2024-10-13,7.85,6.62,92.19,0.11,2.82,62.88,1006.28,5191.94,2.56,6.084,3100.0,0.013,PM2.5-1HR
956,NOR_NO0140A,2024-10-13,6.4,6.67,92.12,0.14,2.67,55.69,1006.22,3888.58,2.34,5.776,3100.0,0.209,PM2.5-1HR
956,NOR_NO0143A,2024-10-13,6.62,6.66,92.11,0.14,2.69,56.75,1006.23,19064.3,2.27,5.678,3100.0,0.013,PM2.5-1HR
956,NOR_NO0149A,2024-10-13,5.58,6.67,92.09,0.13,2.73,58.78,1006.24,1999.9,2.38,5.832,3100.0,0.292,PM2.5-1HR
956,NOR_NO0150A,2024-10-13,5.47,6.61,92.2,0.14,2.71,58.25,1006.26,4900.03,2.38,5.832,3100.0,0.006,PM2.5-1HR
956,NOR_NO0152A,2024-10-13,7.13,6.7,92.04,0.14,2.69,55.93,1006.22,1968.48,2.34,5.776,3100.0,1.811,PM2.5-1HR
956,NOR_NO0153A,2024-10-13,5.54,6.65,92.36,0.15,2.55,50.87,1006.17,1482.8,2.56,6.084,3100.0,0.011,PM2.5-1HR
956,NOR_NO0095A,2024-10-14,5.01,4.59,88.94,0,2.22,348.54,1012.55,3541.34,2.28,5.692,3100.0,0.011,PM2.5-1HR
956,NOR_NO0114A,2024-10-14,5.21,4.64,89.08,0,2.16,346.28,1012.57,2808.28,1.92,5.188,3100.0,0.018,PM2.5-1HR
956,NOR_NO0122A,2024-10-14,6.1,4.45,89.35,0,2.25,351.43,1012.48,3142.01,2.52,6.028,3100.0,0.01,PM2.5-1HR
956,NOR_NO0011A,2024-10-14,2.77,4.59,88.88,0,2.25,349.81,1012.52,11078.92,2.29,5.706,3100.0,0.041,PM2.5-1HR
956,NOR_NO0057A,2024-10-14,5.99,4.44,89.33,0,2.25,351.41,1012.48,720.61,2.52,6.028,3100.0,0.047,PM2.5-1HR
956,NOR_NO0071A,2024-10-14,8.22,4.59,89.35,0,2.26,350.91,1012.48,5739.15,2.38,5.832,3100.0,0.019,PM2.5-1HR
956,NOR_NO0073A,2024-10-14,7.93,4.6,88.99,0,2.27,350.42,1012.5,19621.92,2.35,5.79,3100.0,0.25,PM2.5-1HR
956,NOR_NO0083A,2024-10-14,5.56,4.64,88.99,0,2.23,349,1012.53,4891.31,2.29,5.706,3100.0,0.017,PM2.5-1HR
956,NOR_NO0093A,2024-10-14,8.71,4.67,89.03,0,2.24,349.1,1012.52,3843.84,2.29,5.706,3100.0,0.0,PM2.5-1HR
956,NOR_NO0129A,2024-10-14,8.44,4.27,89.79,0,2.23,352.63,1012.46,5191.94,2.93,6.602,3100.0,0.013,PM2.5-1HR
956,NOR_NO0140A,2024-10-14,5.04,4.66,88.99,0,2.26,349.85,1012.51,3888.58,2.29,5.706,3100.0,0.209,PM2.5-1HR
956,NOR_NO0143A,2024-10-14,5.84,4.62,89.03,0,2.27,350.38,1012.5,19064.3,2.35,5.79,3100.0,0.013,PM2.5-1HR
956,NOR_NO0149A,2024-10-14,5.12,4.52,89.3,0,2.26,351.1,1012.49,1999.9,2.38,5.832,3100.0,0.292,PM2.5-1HR
956,NOR_NO0150A,2024-10-14,18.52,4.52,89.12,0,2.26,350.88,1012.5,4900.03,2.38,5.832,3100.0,0.006,PM2.5-1HR
956,NOR_NO0152A,2024-10-14,8.17,4.68,89.01,0,2.27,350.1,1012.5,1968.48,2.29,5.706,3100.0,1.811,PM2.5-1HR
956,NOR_NO0153A,2024-10-14,6.47,4.69,89.16,0,2.17,346.16,1012.56,1482.8,1.92,5.188,3100.0,0.011,PM2.5-1HR
956,NOR_NO0011A,2024-10-15,5.94,2.32,91.64,0,1.44,235.97,1022.14,11078.92,1.7,4.88,3100.0,0.041,PM2.5-1HR
956,NOR_NO0057A,2024-10-15,8.1,2.3,91.08,0,1.51,231.65,1022.14,720.61,2.02,5.328,3100.0,0.047,PM2.5-1HR
956,NOR_NO0071A,2024-10-15,6.87,2.6,91.01,0,1.48,227.38,1022.13,5739.15,1.92,5.188,3100.0,0.019,PM2.5-1HR
956,NOR_NO0073A,2024-10-15,10.46,2.4,91.44,0,1.46,234.68,1022.14,19621.92,1.81,5.034,3100.0,0.25,PM2.5-1HR
956,NOR_NO0083A,2024-10-15,5.94,2.49,91.57,0,1.41,235.91,1022.14,4891.31,1.7,4.88,3100.0,0.017,PM2.5-1HR
956,NOR_NO0093A,2024-10-15,10.01,2.56,91.5,0,1.41,235.58,1022.14,3843.84,1.7,4.88,3100.0,0.0,PM2.5-1HR
956,NOR_NO0095A,2024-10-15,7.11,2.38,91.72,0,1.39,236.64,1022.15,3541.34,1.61,4.754,3100.0,0.011,PM2.5-1HR
956,NOR_NO0114A,2024-10-15,5.76,2.58,91.75,0,1.32,237.02,1022.15,2808.28,1.55,4.67,3100.0,0.018,PM2.5-1HR
956,NOR_NO0122A,2024-10-15,8.97,2.33,91.05,0,1.51,231.22,1022.14,3142.01,2.02,5.328,3100.0,0.01,PM2.5-1HR
956,NOR_NO0129A,2024-10-15,9,2.25,90.59,0,1.58,226.77,1022.13,5191.94,2.26,5.664,3100.0,0.013,PM2.5-1HR
956,NOR_NO0140A,2024-10-15,6.71,2.51,91.47,0,1.44,235.11,1022.14,3888.58,1.7,4.88,3100.0,0.209,PM2.5-1HR
956,NOR_NO0143A,2024-10-15,7.14,2.46,91.39,0,1.46,234.43,1022.14,19064.3,1.81,5.034,3100.0,0.013,PM2.5-1HR
956,NOR_NO0149A,2024-10-15,5.7,2.43,91.1,0,1.49,231.61,1022.14,1999.9,1.92,5.188,3100.0,0.292,PM2.5-1HR
956,NOR_NO0150A,2024-10-15,14.45,2.33,91.31,0,1.48,233.72,1022.14,4900.03,1.92,5.188,3100.0,0.006,PM2.5-1HR
956,NOR_NO0152A,2024-10-15,13.96,2.56,91.4,0,1.45,234.66,1022.14,1968.48,1.7,4.88,3100.0,1.811,PM2.5-1HR
956,NOR_NO0153A,2024-10-15,11.96,2.72,91.61,0,1.33,236.6,1022.14,1482.8,1.55,4.67,3100.0,0.011,PM2.5-1HR
956,NOR_NO0011A,2024-10-16,5.24,5.07,95.42,0.02,1.84,164.72,1024.82,11078.92,3.22,7.008,3100.0,0.041,PM2.5-1HR
956,NOR_NO0057A,2024-10-16,6.96,4.97,95.43,0.01,2.01,165.75,1024.88,720.61,3.58,7.512,3100.0,0.047,PM2.5-1HR
956,NOR_NO0071A,2024-10-16,7.42,5.22,95,0.02,2,164.26,1024.86,5739.15,3.36,7.204,3100.0,0.019,PM2.5-1HR
956,NOR_NO0073A,2024-10-16,6.44,5.12,95.29,0.02,1.9,164.62,1024.84,19621.92,3.13,6.882,3100.0,0.25,PM2.5-1HR
956,NOR_NO0083A,2024-10-16,8.74,5.18,95.22,0.02,1.83,164.04,1024.81,4891.31,3.22,7.008,3100.0,0.017,PM2.5-1HR
956,NOR_NO0093A,2024-10-16,8.67,5.23,95.11,0.02,1.85,163.79,1024.81,3843.84,3.22,7.008,3100.0,0.0,PM2.5-1HR
956,NOR_NO0095A,2024-10-16,8.03,5.09,95.39,0.02,1.79,164.34,1024.81,3541.34,3.27,7.078,3100.0,0.011,PM2.5-1HR
956,NOR_NO0114A,2024-10-16,8.99,5.2,95.19,0.02,1.73,163.46,1024.77,2808.28,3.46,7.344,3100.0,0.018,PM2.5-1HR
956,NOR_NO0122A,2024-10-16,9.93,4.99,95.39,0.01,2.01,165.65,1024.88,3142.01,3.58,7.512,3100.0,0.01,PM2.5-1HR
956,NOR_NO0129A,2024-10-16,9.16,4.84,95.51,0.01,2.15,166.77,1024.93,5191.94,3.66,7.624,3100.0,0.013,PM2.5-1HR
956,NOR_NO0140A,2024-10-16,9.11,5.2,95.15,0.02,1.88,164.03,1024.82,3888.58,3.22,7.008,3100.0,0.209,PM2.5-1HR
956,NOR_NO0143A,2024-10-16,9.57,5.16,95.2,0.02,1.91,164.39,1024.84,19064.3,3.13,6.882,3100.0,0.013,PM2.5-1HR
956,NOR_NO0149A,2024-10-16,5.88,5.09,95.24,0.02,1.99,165.01,1024.86,1999.9,3.36,7.204,3100.0,0.292,PM2.5-1HR
956,NOR_NO0150A,2024-10-16,16.2,5.04,95.39,0.02,1.94,165.24,1024.85,4900.03,3.36,7.204,3100.0,0.006,PM2.5-1HR
956,NOR_NO0152A,2024-10-16,12.28,5.25,95.07,0.02,1.89,163.86,1024.82,1968.48,3.22,7.008,3100.0,1.811,PM2.5-1HR
956,NOR_NO0153A,2024-10-16,11.08,5.31,94.97,0.02,1.75,163.03,1024.77,1482.8,3.46,7.344,3100.0,0.011,PM2.5-1HR
956,NOR_NO0011A,2024-10-17,7.93,7.42,92.68,0.07,1.76,118.1,1018.65,11078.92,3.64,7.596,3100.0,0.041,PM2.5-1HR
956,NOR_NO0057A,2024-10-17,7.3,7.38,92.74,0.06,1.93,123.05,1018.7,720.61,3.65,7.61,3100.0,0.047,PM2.5-1HR
956,NOR_NO0071A,2024-10-17,9.73,7.53,92.25,0.06,1.9,121.47,1018.66,5739.15,3.64,7.596,3100.0,0.019,PM2.5-1HR
956,NOR_NO0073A,2024-10-17,11.07,7.45,92.5,0.07,1.81,119.43,1018.66,19621.92,3.53,7.442,3100.0,0.25,PM2.5-1HR
956,NOR_NO0083A,2024-10-17,10.86,7.48,92.56,0.08,1.75,117.27,1018.62,4891.31,3.64,7.596,3100.0,0.017,PM2.5-1HR
956,NOR_NO0093A,2024-10-17,11.63,7.52,92.43,0.07,1.75,117.45,1018.62,3843.84,3.64,7.596,3100.0,0.0,PM2.5-1HR
956,NOR_NO0095A,2024-10-17,11.02,7.43,92.81,0.08,1.72,116.55,1018.62,3541.34,3.77,7.778,3100.0,0.011,PM2.5-1HR
956,NOR_NO0114A,2024-10-17,12.98,7.5,92.87,0.09,1.66,114.08,1018.57,2808.28,3.84,7.876,3100.0,0.018,PM2.5-1HR
956,NOR_NO0122A,2024-10-17,13.03,7.4,92.7,0.06,1.93,123.09,1018.69,3142.01,3.65,7.61,3100.0,0.01,PM2.5-1HR
956,NOR_NO0129A,2024-10-17,15.36,7.33,92.94,0.06,2.09,126.84,1018.74,5191.94,3.88,7.932,3100.0,0.013,PM2.5-1HR
956,NOR_NO0140A,2024-10-17,13.15,7.5,92.38,0.07,1.78,118.29,1018.64,3888.58,3.64,7.596,3100.0,0.209,PM2.5-1HR
956,NOR_NO0143A,2024-10-17,12.31,7.48,92.41,0.07,1.81,119.42,1018.66,19064.3,3.53,7.442,3100.0,0.013,PM2.5-1HR
956,NOR_NO0149A,2024-10-17,8.86,7.45,92.51,0.06,1.9,122,1018.68,1999.9,3.64,7.596,3100.0,0.292,PM2.5-1HR
956,NOR_NO0150A,2024-10-17,22.84,7.41,92.64,0.07,1.86,121.09,1018.68,4900.03,3.64,7.596,3100.0,0.006,PM2.5-1HR
956,NOR_NO0152A,2024-10-17,16.21,7.53,92.26,0.07,1.79,118.61,1018.64,1968.48,3.64,7.596,3100.0,1.811,PM2.5-1HR
956,NOR_NO0153A,2024-10-17,13.84,7.57,92.64,0.09,1.68,114.27,1018.56,1482.8,3.84,7.876,3100.0,0.011,PM2.5-1HR
956,NOR_NO0149A,2024-10-18,6.71,9.09,97.8,0.09,1.08,112.79,1016.34,1999.9,3.69,7.666,3100.0,0.292,PM2.5-1HR
956,NOR_NO0011A,2024-10-18,7.27,9.01,97.88,0.09,1,107.54,1016.32,11078.92,3.98,8.072,3100.0,0.041,PM2.5-1HR
956,NOR_NO0057A,2024-10-18,8,9.04,97.8,0.09,1.1,114.68,1016.35,720.61,3.81,7.834,3100.0,0.047,PM2.5-1HR
956,NOR_NO0071A,2024-10-18,6.38,9.15,97.8,0.09,1.07,111.62,1016.33,5739.15,3.69,7.666,3100.0,0.019,PM2.5-1HR
956,NOR_NO0073A,2024-10-18,8.72,9.06,97.84,0.09,1.03,108.89,1016.33,19621.92,3.59,7.526,3100.0,0.25,PM2.5-1HR
956,NOR_NO0083A,2024-10-18,8.51,9.05,97.89,0.09,0.98,106.29,1016.31,4891.31,3.98,8.072,3100.0,0.017,PM2.5-1HR
956,NOR_NO0093A,2024-10-18,9.86,9.09,97.88,0.09,0.99,106.21,1016.31,3843.84,3.98,8.072,3100.0,0.0,PM2.5-1HR
956,NOR_NO0095A,2024-10-18,8.06,8.99,97.92,0.09,0.97,106.03,1016.31,3541.34,4.19,8.366,3100.0,0.011,PM2.5-1HR
956,NOR_NO0114A,2024-10-18,10.58,9.01,97.98,0.09,0.92,103.05,1016.28,2808.28,4.97,9.458,3100.0,0.018,PM2.5-1HR
956,NOR_NO0122A,2024-10-18,9.15,9.05,97.79,0.09,1.1,114.7,1016.35,3142.01,3.81,7.834,3100.0,0.01,PM2.5-1HR
956,NOR_NO0129A,2024-10-18,10.03,9.03,97.73,0.08,1.2,120.77,1016.38,5191.94,3.03,6.742,3100.0,0.013,PM2.5-1HR
956,NOR_NO0140A,2024-10-18,10.55,9.09,97.86,0.09,1.01,107.11,1016.31,3888.58,3.98,8.072,3100.0,0.209,PM2.5-1HR
956,NOR_NO0143A,2024-10-18,9.65,9.09,97.84,0.09,1.03,108.71,1016.32,19064.3,3.59,7.526,3100.0,0.013,PM2.5-1HR
956,NOR_NO0150A,2024-10-18,10.02,9.04,97.83,0.09,1.06,111.59,1016.34,4900.03,3.69,7.666,3100.0,0.006,PM2.5-1HR
956,NOR_NO0152A,2024-10-18,15.43,9.12,97.84,0.09,1.02,107.24,1016.31,1968.48,3.98,8.072,3100.0,1.811,PM2.5-1HR
956,NOR_NO0153A,2024-10-18,10.91,9.08,97.96,0.09,0.92,102.62,1016.28,1482.8,4.97,9.458,3100.0,0.011,PM2.5-1HR
956,NOR_NO0011A,2024-10-19,11.62,10.63,98.07,0.14,1.59,113.97,1016.53,11078.92,3.02,6.728,3100.0,0.041,PM2.5-1HR
956,NOR_NO0057A,2024-10-19,12.15,10.71,97.98,0.12,1.73,118.59,1016.58,720.61,2.85,6.49,3100.0,0.047,PM2.5-1HR
956,NOR_NO0071A,2024-10-19,10.89,10.79,97.99,0.12,1.69,117.56,1016.56,5739.15,2.84,6.476,3100.0,0.019,PM2.5-1HR
956,NOR_NO0073A,2024-10-19,11.92,10.69,98.05,0.13,1.62,115.28,1016.55,19621.92,2.72,6.308,3100.0,0.25,PM2.5-1HR
956,NOR_NO0083A,2024-10-19,13.59,10.65,98.07,0.15,1.57,113.52,1016.51,4891.31,3.02,6.728,3100.0,0.017,PM2.5-1HR
956,NOR_NO0093A,2024-10-19,12.22,10.69,98.07,0.14,1.57,113.78,1016.51,3843.84,3.02,6.728,3100.0,0.0,PM2.5-1HR
956,NOR_NO0095A,2024-10-19,11.37,10.59,98.08,0.15,1.56,112.76,1016.5,3541.34,3.16,6.924,3100.0,0.011,PM2.5-1HR
956,NOR_NO0114A,2024-10-19,15.66,10.56,98.09,0.17,1.5,111.04,1016.45,2808.28,3.61,7.554,3100.0,0.018,PM2.5-1HR
956,NOR_NO0122A,2024-10-19,15.33,10.72,97.97,0.12,1.73,118.67,1016.58,3142.01,2.85,6.49,3100.0,0.01,PM2.5-1HR
956,NOR_NO0129A,2024-10-19,16.06,10.76,97.88,0.1,1.87,122.27,1016.63,5191.94,2.79,6.406,3100.0,0.013,PM2.5-1HR
956,NOR_NO0140A,2024-10-19,16.48,10.71,98.07,0.14,1.6,114.41,1016.53,3888.58,3.02,6.728,3100.0,0.209,PM2.5-1HR
956,NOR_NO0143A,2024-10-19,14.88,10.71,98.05,0.13,1.62,115.36,1016.54,19064.3,2.72,6.308,3100.0,0.013,PM2.5-1HR
956,NOR_NO0149A,2024-10-19,10.49,10.74,97.99,0.12,1.7,117.79,1016.57,1999.9,2.84,6.476,3100.0,0.292,PM2.5-1HR
956,NOR_NO0150A,2024-10-19,13.64,10.69,98.02,0.13,1.67,116.74,1016.56,4900.03,2.84,6.476,3100.0,0.006,PM2.5-1HR
956,NOR_NO0152A,2024-10-19,26.21,10.74,98.06,0.13,1.6,114.75,1016.53,1968.48,3.02,6.728,3100.0,1.811,PM2.5-1HR
956,NOR_NO0153A,2024-10-19,14.52,10.62,98.08,0.17,1.5,111.44,1016.45,1482.8,3.61,7.554,3100.0,0.011,PM2.5-1HR
956,NOR_NO0011A,2024-10-20,5.27,11.16,96.24,0.53,4,158.65,1012.5,11078.92,2.23,5.622,3100.0,0.041,PM2.5-1HR
956,NOR_NO0057A,2024-10-20,5.73,11.22,96.14,0.49,4.14,160.77,1012.63,720.61,2.13,5.482,3100.0,0.047,PM2.5-1HR
956,NOR_NO0071A,2024-10-20,4.94,11.29,96.15,0.5,4.12,160.63,1012.61,5739.15,2.07,5.398,3100.0,0.019,PM2.5-1HR
956,NOR_NO0073A,2024-10-20,7.4,11.21,96.21,0.52,4.06,159.48,1012.55,19621.92,2.12,5.468,3100.0,0.25,PM2.5-1HR
956,NOR_NO0083A,2024-10-20,7.19,11.19,96.22,0.53,3.94,158.33,1012.48,4891.31,2.23,5.622,3100.0,0.017,PM2.5-1HR
956,NOR_NO0093A,2024-10-20,5.69,11.22,96.22,0.53,3.96,158.58,1012.5,3843.84,2.23,5.622,3100.0,0.0,PM2.5-1HR
956,NOR_NO0095A,2024-10-20,6.41,11.14,96.24,0.54,3.88,157.65,1012.45,3541.34,2.35,5.79,3100.0,0.011,PM2.5-1HR
956,NOR_NO0114A,2024-10-20,8.03,11.15,96.23,0.54,3.72,156.21,1012.37,2808.28,2.57,6.098,3100.0,0.018,PM2.5-1HR
956,NOR_NO0122A,2024-10-20,7.38,11.23,96.14,0.49,4.14,160.84,1012.63,3142.01,2.13,5.482,3100.0,0.01,PM2.5-1HR
956,NOR_NO0129A,2024-10-20,6.58,11.25,96.05,0.45,4.24,162.39,1012.73,5191.94,1.47,4.558,3100.0,0.013,PM2.5-1HR
956,NOR_NO0140A,2024-10-20,8.23,11.22,96.22,0.53,4.02,159.1,1012.53,3888.58,2.23,5.622,3100.0,0.209,PM2.5-1HR
956,NOR_NO0143A,2024-10-20,7.84,11.22,96.2,0.52,4.06,159.57,1012.55,19064.3,2.12,5.468,3100.0,0.013,PM2.5-1HR
956,NOR_NO0149A,2024-10-20,4.73,11.24,96.15,0.5,4.12,160.57,1012.61,1999.9,2.07,5.398,3100.0,0.292,PM2.5-1HR
956,NOR_NO0150A,2024-10-20,5.81,11.2,96.18,0.51,4.09,160.01,1012.58,4900.03,2.07,5.398,3100.0,0.006,PM2.5-1HR
956,NOR_NO0152A,2024-10-20,12.68,11.25,96.21,0.53,4.05,159.4,1012.54,1968.48,2.23,5.622,3100.0,1.811,PM2.5-1HR
956,NOR_NO0153A,2024-10-20,7.65,11.2,96.21,0.54,3.74,156.61,1012.38,1482.8,2.57,6.098,3100.0,0.011,PM2.5-1HR
956,NOR_NO0011A,2024-10-21,3.28,12.14,75.92,0.15,6.09,199.43,1003.79,11078.92,1.85,5.09,3100.0,0.041,PM2.5-1HR
956,NOR_NO0057A,2024-10-21,6.1,12.2,76.09,0.15,6.3,200.32,1003.94,720.61,1.93,5.202,3100.0,0.047,PM2.5-1HR
956,NOR_NO0071A,2024-10-21,7.02,12.27,75.94,0.15,6.26,200,1004,5739.15,1.86,5.104,3100.0,0.019,PM2.5-1HR
956,NOR_NO0072A,2024-10-21,8.55,12.16,75.74,0.14,6.01,199.21,1003.8,4147.97,1.85,5.09,3100.0,0.082,PM2.5-1HR
956,NOR_NO0073A,2024-10-21,5.87,12.19,75.96,0.15,6.17,199.63,1003.87,19621.92,1.84,5.076,3100.0,0.25,PM2.5-1HR
956,NOR_NO0083A,2024-10-21,7.8,12.17,75.75,0.14,6.03,199.24,1003.81,4891.31,1.85,5.09,3100.0,0.017,PM2.5-1HR
956,NOR_NO0093A,2024-10-21,7.4,12.2,75.73,0.14,6.05,199.24,1003.84,3843.84,1.85,5.09,3100.0,0.0,PM2.5-1HR
956,NOR_NO0095A,2024-10-21,5.64,12.11,75.75,0.14,5.96,199.14,1003.74,3541.34,1.94,5.216,3100.0,0.011,PM2.5-1HR
956,NOR_NO0114A,2024-10-21,6.86,12.12,75.42,0.14,5.78,198.67,1003.69,2808.28,2.44,5.916,3100.0,0.018,PM2.5-1HR
956,NOR_NO0122A,2024-10-21,7.69,12.21,76.09,0.15,6.3,200.33,1003.95,3142.01,1.93,5.202,3100.0,0.01,PM2.5-1HR
956,NOR_NO0129A,2024-10-21,7.87,12.24,76.23,0.15,6.47,201.12,1004.04,5191.94,1.24,4.236,3100.0,0.013,PM2.5-1HR
956,NOR_NO0140A,2024-10-21,7.31,12.2,75.84,0.14,6.12,199.4,1003.86,3888.58,1.85,5.09,3100.0,0.209,PM2.5-1HR
956,NOR_NO0143A,2024-10-21,6.56,12.21,75.93,0.15,6.17,199.61,1003.89,19064.3,1.84,5.076,3100.0,0.013,PM2.5-1HR
956,NOR_NO0149A,2024-10-21,5.33,12.23,76.02,0.15,6.27,200.12,1003.95,1999.9,1.86,5.104,3100.0,0.292,PM2.5-1HR
956,NOR_NO0150A,2024-10-21,7.77,12.18,76.03,0.15,6.22,199.95,1003.89,4900.03,1.86,5.104,3100.0,0.006,PM2.5-1HR
956,NOR_NO0152A,2024-10-21,10.18,12.23,75.85,0.14,6.15,199.43,1003.9,1968.48,1.85,5.09,3100.0,1.811,PM2.5-1HR
956,NOR_NO0153A,2024-10-21,6.63,12.17,75.34,0.14,5.8,198.68,1003.75,1482.8,2.44,5.916,3100.0,0.011,PM2.5-1HR
956,NOR_NO0011A,2024-10-22,6.54,8.86,77.53,0,4.08,208.79,1012.63,11078.92,1.28,4.292,3100.0,0.041,PM2.5-1HR
956,NOR_NO0057A,2024-10-22,4.93,8.94,77.7,0,4.29,210.65,1012.67,720.61,1.22,4.208,3100.0,0.047,PM2.5-1HR
956,NOR_NO0071A,2024-10-22,5.36,9.03,77.73,0,4.23,209.76,1012.72,5739.15,1.19,4.166,3100.0,0.019,PM2.5-1HR
956,NOR_NO0073A,2024-10-22,4.89,8.92,77.64,0,4.15,209.16,1012.66,19621.92,1.15,4.11,3100.0,0.25,PM2.5-1HR
956,NOR_NO0083A,2024-10-22,6.22,8.91,77.43,0,4.03,208.3,1012.65,4891.31,1.28,4.292,3100.0,0.017,PM2.5-1HR
956,NOR_NO0093A,2024-10-22,6.87,8.94,77.47,0,4.04,208.28,1012.67,3843.84,1.28,4.292,3100.0,0.0,PM2.5-1HR
956,NOR_NO0095A,2024-10-22,8.22,8.85,77.33,0,3.99,208.17,1012.62,3541.34,1.31,4.334,3100.0,0.011,PM2.5-1HR
956,NOR_NO0114A,2024-10-22,4.83,8.88,77.03,0,3.83,207.09,1012.62,2808.28,1.69,4.866,3100.0,0.018,PM2.5-1HR
956,NOR_NO0122A,2024-10-22,6.95,8.95,77.71,0,4.3,210.64,1012.68,3142.01,1.22,4.208,3100.0,0.01,PM2.5-1HR
956,NOR_NO0129A,2024-10-22,6.11,8.99,77.78,0,4.47,212.28,1012.69,5191.94,0.97,3.858,3100.0,0.013,PM2.5-1HR
956,NOR_NO0140A,2024-10-22,5.91,8.94,77.59,0,4.1,208.62,1012.67,3888.58,1.28,4.292,3100.0,0.209,PM2.5-1HR
956,NOR_NO0143A,2024-10-22,4.73,8.94,77.65,0,4.15,209.09,1012.67,19064.3,1.15,4.11,3100.0,0.013,PM2.5-1HR
956,NOR_NO0149A,2024-10-22,3.88,8.97,77.71,0,4.25,210.12,1012.69,1999.9,1.19,4.166,3100.0,0.292,PM2.5-1HR
956,NOR_NO0150A,2024-10-22,8.1,8.91,77.66,0,4.21,209.86,1012.66,4900.03,1.19,4.166,3100.0,0.006,PM2.5-1HR
956,NOR_NO0152A,2024-10-22,11.26,8.97,77.64,0,4.12,208.67,1012.69,1968.48,1.28,4.292,3100.0,1.811,PM2.5-1HR
956,NOR_NO0153A,2024-10-22,8.65,8.94,77.05,0,3.84,207.02,1012.65,1482.8,1.69,4.866,3100.0,0.011,PM2.5-1HR
956,NOR_NO0057A,2024-10-23,4.2,8.53,69.41,0,4.35,213.47,1019.74,720.61,1.76,4.964,3100.0,0.047,PM2.5-1HR
956,NOR_NO0071A,2024-10-23,5.45,8.6,69.61,0,4.29,212.66,1019.82,5739.15,1.69,4.866,3100.0,0.019,PM2.5-1HR
956,NOR_NO0073A,2024-10-23,4.34,8.52,69.66,0,4.21,211.62,1019.75,19621.92,1.7,4.88,3100.0,0.25,PM2.5-1HR
956,NOR_NO0083A,2024-10-23,4.82,8.53,69.63,0,4.09,210.4,1019.74,4891.31,1.62,4.768,3100.0,0.017,PM2.5-1HR
956,NOR_NO0093A,2024-10-23,6.19,8.56,69.66,0,4.1,210.49,1019.77,3843.84,1.62,4.768,3100.0,0.0,PM2.5-1HR
956,NOR_NO0095A,2024-10-23,6.81,8.5,69.56,0,4.05,210.01,1019.7,3541.34,1.67,4.838,3100.0,0.011,PM2.5-1HR
956,NOR_NO0114A,2024-10-23,4.93,8.56,69.44,0,3.91,208.52,1019.72,2808.28,1.7,4.88,3100.0,0.018,PM2.5-1HR
956,NOR_NO0122A,2024-10-23,5.38,8.54,69.42,0,4.36,213.5,1019.75,3142.01,1.76,4.964,3100.0,0.01,PM2.5-1HR
956,NOR_NO0129A,2024-10-23,4.82,8.56,69.12,0,4.54,215.6,1019.76,5191.94,1.7,4.88,3100.0,0.013,PM2.5-1HR
956,NOR_NO0140A,2024-10-23,4.05,8.54,69.71,0,4.16,211,1019.77,3888.58,1.62,4.768,3100.0,0.209,PM2.5-1HR
956,NOR_NO0143A,2024-10-23,3.77,8.54,69.68,0,4.21,211.6,1019.76,19064.3,1.7,4.88,3100.0,0.013,PM2.5-1HR
956,NOR_NO0149A,2024-10-23,3.9,8.56,69.53,0,4.31,212.93,1019.78,1999.9,1.69,4.866,3100.0,0.292,PM2.5-1HR
956,NOR_NO0150A,2024-10-23,7.83,8.51,69.55,0,4.27,212.46,1019.74,4900.03,1.69,4.866,3100.0,0.006,PM2.5-1HR
956,NOR_NO0152A,2024-10-23,7.04,8.56,69.74,0,4.18,211.17,1019.79,1968.48,1.62,4.768,3100.0,1.811,PM2.5-1HR
956,NOR_NO0153A,2024-10-23,11.74,8.61,69.46,0,3.91,208.61,1019.77,1482.8,1.7,4.88,3100.0,0.011,PM2.5-1HR
956,NOR_NO0057A,2024-10-24,5.3,10.43,81.77,0,3.78,209.64,1022.98,720.61,3.05,6.77,3100.0,0.047,PM2.5-1HR
956,NOR_NO0071A,2024-10-24,5.84,10.52,81.75,0,3.73,208.61,1023.04,5739.15,2.83,6.462,3100.0,0.019,PM2.5-1HR
956,NOR_NO0073A,2024-10-24,4.45,10.45,81.49,0,3.63,208.02,1022.97,19621.92,2.71,6.294,3100.0,0.25,PM2.5-1HR
956,NOR_NO0083A,2024-10-24,6.78,10.44,81.29,0,3.49,207.02,1022.96,4891.31,2.79,6.406,3100.0,0.017,PM2.5-1HR
956,NOR_NO0093A,2024-10-24,6.53,10.47,81.33,0,3.51,206.98,1022.98,3843.84,2.79,6.406,3100.0,0.0,PM2.5-1HR
956,NOR_NO0095A,2024-10-24,7.68,10.39,81.18,0,3.43,206.9,1022.93,3541.34,2.74,6.336,3100.0,0.011,PM2.5-1HR
956,NOR_NO0114A,2024-10-24,5.9,10.4,80.96,0,3.26,205.57,1022.93,2808.28,3.04,6.756,3100.0,0.018,PM2.5-1HR
956,NOR_NO0122A,2024-10-24,7.47,10.44,81.79,0,3.78,209.63,1022.99,3142.01,3.05,6.77,3100.0,0.01,PM2.5-1HR
956,NOR_NO0129A,2024-10-24,6.89,10.44,82.14,0,3.97,211.4,1023.01,5191.94,3.14,6.896,3100.0,0.013,PM2.5-1HR
956,NOR_NO0140A,2024-10-24,6.85,10.47,81.42,0,3.57,207.39,1022.98,3888.58,2.79,6.406,3100.0,0.209,PM2.5-1HR
956,NOR_NO0143A,2024-10-24,6.18,10.47,81.51,0,3.63,207.92,1022.99,19064.3,2.71,6.294,3100.0,0.013,PM2.5-1HR
956,NOR_NO0149A,2024-10-24,3.9,10.47,81.73,0,3.74,209.04,1023.01,1999.9,2.83,6.462,3100.0,0.292,PM2.5-1HR
956,NOR_NO0150A,2024-10-24,8.68,10.43,81.6,0,3.69,208.79,1022.97,4900.03,2.83,6.462,3100.0,0.006,PM2.5-1HR
956,NOR_NO0152A,2024-10-24,12.07,10.5,81.47,0,3.6,207.44,1023,1968.48,2.79,6.406,3100.0,1.811,PM2.5-1HR
956,NOR_NO0153A,2024-10-24,10.78,10.45,81,0,3.27,205.43,1022.96,1482.8,3.04,6.756,3100.0,0.011,PM2.5-1HR
956,NOR_NO0011A,2024-10-25,13.69,8.54,90.77,0,2.69,202.46,1019.25,11078.92,4.81,9.234,3100.0,0.041,PM2.5-1HR
956,NOR_NO0057A,2024-10-25,9.32,8.71,90.44,0,2.85,206.5,1019.27,720.61,4.92,9.388,3100.0,0.047,PM2.5-1HR
956,NOR_NO0071A,2024-10-25,7.56,8.8,90.43,0,2.79,204.13,1019.29,5739.15,4.8,9.22,3100.0,0.019,PM2.5-1HR
956,NOR_NO0073A,2024-10-25,9.43,8.65,90.64,0,2.74,203.1,1019.26,19621.92,4.62,8.968,3100.0,0.25,PM2.5-1HR
956,NOR_NO0083A,2024-10-25,14.51,8.55,90.75,0,2.64,201.5,1019.26,4891.31,4.81,9.234,3100.0,0.017,PM2.5-1HR
956,NOR_NO0093A,2024-10-25,12.52,8.59,90.7,0,2.65,201.39,1019.26,3843.84,4.81,9.234,3100.0,0.0,PM2.5-1HR
956,NOR_NO0095A,2024-10-25,10.77,8.44,90.87,0,2.6,201.39,1019.24,3541.34,4.87,9.318,3100.0,0.011,PM2.5-1HR
956,NOR_NO0114A,2024-10-25,13.86,8.34,90.95,0,2.47,199.43,1019.23,2808.28,5.43,10.102,3100.0,0.018,PM2.5-1HR
956,NOR_NO0122A,2024-10-25,15.36,8.72,90.43,0,2.85,206.46,1019.27,3142.01,4.92,9.388,3100.0,0.01,PM2.5-1HR
956,NOR_NO0129A,2024-10-25,13.48,8.82,90.18,0,2.98,209.25,1019.29,5191.94,4.66,9.024,3100.0,0.013,PM2.5-1HR
956,NOR_NO0140A,2024-10-25,13.08,8.64,90.65,0,2.7,202,1019.27,3888.58,4.81,9.234,3100.0,0.209,PM2.5-1HR
956,NOR_NO0143A,2024-10-25,12.45,8.67,90.61,0,2.74,202.9,1019.27,19064.3,4.62,8.968,3100.0,0.013,PM2.5-1HR
956,NOR_NO0149A,2024-10-25,7.48,8.74,90.46,0,2.81,205.14,1019.28,1999.9,4.8,9.22,3100.0,0.292,PM2.5-1HR
956,NOR_NO0150A,2024-10-25,14.92,8.66,90.56,0,2.79,204.65,1019.27,4900.03,4.8,9.22,3100.0,0.006,PM2.5-1HR
956,NOR_NO0152A,2024-10-25,20.54,8.69,90.6,0,2.72,202.03,1019.27,1968.48,4.81,9.234,3100.0,1.811,PM2.5-1HR
956,NOR_NO0153A,2024-10-25,14.76,8.43,90.85,0,2.47,199.18,1019.24,1482.8,5.43,10.102,3100.0,0.011,PM2.5-1HR
956,NOR_NO0011A,2024-10-26,8.04,6.47,95.97,0,1.56,38.12,1017.9,11078.92,4.49,8.786,3100.0,0.041,PM2.5-1HR
956,NOR_NO0057A,2024-10-26,7.85,6.69,95.87,0,1.58,40.85,1017.87,720.61,4.84,9.276,3100.0,0.047,PM2.5-1HR
956,NOR_NO0071A,2024-10-26,7.06,6.75,95.97,0,1.59,34.89,1017.87,5739.15,4.53,8.842,3100.0,0.019,PM2.5-1HR
956,NOR_NO0073A,2024-10-26,8.06,6.59,95.97,0,1.58,36.77,1017.89,19621.92,4.38,8.632,3100.0,0.25,PM2.5-1HR
956,NOR_NO0083A,2024-10-26,11.03,6.47,96.01,0,1.55,35.65,1017.9,4891.31,4.49,8.786,3100.0,0.017,PM2.5-1HR
956,NOR_NO0093A,2024-10-26,7.09,6.52,96.03,0,1.56,34.14,1017.89,3843.84,4.49,8.786,3100.0,0.0,PM2.5-1HR
956,NOR_NO0095A,2024-10-26,7.32,6.37,96.01,0,1.53,38.33,1017.91,3541.34,4.54,8.856,3100.0,0.011,PM2.5-1HR
956,NOR_NO0114A,2024-10-26,9.36,6.26,96.07,0,1.49,35.93,1017.92,2808.28,4.63,8.982,3100.0,0.018,PM2.5-1HR
956,NOR_NO0122A,2024-10-26,10.39,6.7,95.88,0,1.58,40.49,1017.87,3142.01,4.84,9.276,3100.0,0.01,PM2.5-1HR
956,NOR_NO0129A,2024-10-26,11.65,6.84,95.77,0.01,1.59,45.24,1017.85,5191.94,4.89,9.346,3100.0,0.013,PM2.5-1HR
956,NOR_NO0140A,2024-10-26,10.82,6.57,96.01,0,1.58,34.69,1017.89,3888.58,4.49,8.786,3100.0,0.209,PM2.5-1HR
956,NOR_NO0143A,2024-10-26,10.27,6.61,95.98,0,1.58,35.79,1017.88,19064.3,4.38,8.632,3100.0,0.013,PM2.5-1HR
956,NOR_NO0149A,2024-10-26,7.69,6.7,95.92,0,1.58,37.98,1017.87,1999.9,4.53,8.842,3100.0,0.292,PM2.5-1HR
956,NOR_NO0150A,2024-10-26,10.06,6.62,95.92,0,1.58,38.98,1017.88,4900.03,4.53,8.842,3100.0,0.006,PM2.5-1HR
956,NOR_NO0152A,2024-10-26,17.05,6.62,96.01,0,1.59,33.74,1017.89,1968.48,4.49,8.786,3100.0,1.811,PM2.5-1HR
956,NOR_NO0153A,2024-10-26,9.49,6.33,96.1,0,1.49,31.69,1017.91,1482.8,4.63,8.982,3100.0,0.011,PM2.5-1HR
956,NOR_NO0011A,2024-10-27,5.21,8.73,85.48,0.49,3.76,201.66,1007.84,11078.92,1.03,3.942,3100.0,0.041,PM2.5-1HR
956,NOR_NO0057A,2024-10-27,4.85,8.78,85.71,0.46,3.92,202.48,1007.88,720.61,1.06,3.984,3100.0,0.047,PM2.5-1HR
956,NOR_NO0071A,2024-10-27,3.91,8.9,85.46,0.47,3.88,202.35,1007.92,5739.15,1,3.9,3100.0,0.019,PM2.5-1HR
956,NOR_NO0073A,2024-10-27,4.26,8.8,85.52,0.49,3.82,201.98,1007.86,19621.92,1,3.9,3100.0,0.25,PM2.5-1HR
956,NOR_NO0083A,2024-10-27,5.09,8.78,85.3,0.49,3.71,201.46,1007.85,4891.31,1.03,3.942,3100.0,0.017,PM2.5-1HR
956,NOR_NO0093A,2024-10-27,4.35,8.82,85.27,0.49,3.72,201.54,1007.86,3843.84,1.03,3.942,3100.0,0.0,PM2.5-1HR
956,NOR_NO0095A,2024-10-27,4.01,8.7,85.3,0.49,3.67,201.18,1007.83,3541.34,1.04,3.956,3100.0,0.011,PM2.5-1HR
956,NOR_NO0114A,2024-10-27,6.13,8.71,84.95,0.5,3.52,200.5,1007.83,2808.28,1.26,4.264,3100.0,0.018,PM2.5-1HR
956,NOR_NO0122A,2024-10-27,4.18,8.79,85.7,0.46,3.92,202.5,1007.89,3142.01,1.06,3.984,3100.0,0.01,PM2.5-1HR
956,NOR_NO0129A,2024-10-27,4.28,8.79,85.92,0.42,4.05,203.09,1007.91,5191.94,0.81,3.634,3100.0,0.013,PM2.5-1HR
956,NOR_NO0140A,2024-10-27,4.68,8.83,85.39,0.49,3.77,201.78,1007.87,3888.58,1.03,3.942,3100.0,0.209,PM2.5-1HR
956,NOR_NO0143A,2024-10-27,5.01,8.82,85.48,0.49,3.82,201.99,1007.87,19064.3,1,3.9,3100.0,0.013,PM2.5-1HR
956,NOR_NO0149A,2024-10-27,2.94,8.83,85.59,0.47,3.89,202.38,1007.89,1999.9,1,3.9,3100.0,0.292,PM2.5-1HR
956,NOR_NO0150A,2024-10-27,4.08,8.78,85.62,0.47,3.87,202.2,1007.87,4900.03,1,3.9,3100.0,0.006,PM2.5-1HR
956,NOR_NO0152A,2024-10-27,10.8,8.86,85.39,0.49,3.79,201.89,1007.88,1968.48,1.03,3.942,3100.0,1.811,PM2.5-1HR
956,NOR_NO0153A,2024-10-27,5.03,8.78,84.85,0.5,3.53,200.66,1007.85,1482.8,1.26,4.264,3100.0,0.011,PM2.5-1HR
956,NOR_NO0011A,2024-10-28,4.44,6.45,79.47,0,2.29,228.06,1013.12,11078.92,1.86,5.104,3100.0,0.041,PM2.5-1HR
956,NOR_NO0057A,2024-10-28,5.31,6.41,79.56,0,2.44,226.24,1013.13,720.61,2.02,5.328,3100.0,0.047,PM2.5-1HR
956,NOR_NO0071A,2024-10-28,6.22,6.6,79.69,0,2.38,222.68,1013.16,5739.15,1.96,5.244,3100.0,0.019,PM2.5-1HR
956,NOR_NO0073A,2024-10-28,7.6,6.5,79.51,0,2.33,226.66,1013.13,19621.92,1.95,5.23,3100.0,0.25,PM2.5-1HR
956,NOR_NO0083A,2024-10-28,10.25,6.54,79.54,0,2.24,227.1,1013.13,4891.31,1.86,5.104,3100.0,0.017,PM2.5-1HR
956,NOR_NO0093A,2024-10-28,9.67,6.59,79.57,0,2.25,226.28,1013.14,3843.84,1.86,5.104,3100.0,0.0,PM2.5-1HR
956,NOR_NO0095A,2024-10-28,6.34,6.47,79.51,0,2.22,228.35,1013.12,3541.34,1.89,5.146,3100.0,0.011,PM2.5-1HR
956,NOR_NO0114A,2024-10-28,5.37,6.55,79.6,0,2.12,228.11,1013.13,2808.28,1.96,5.244,3100.0,0.018,PM2.5-1HR
956,NOR_NO0122A,2024-10-28,7.81,6.43,79.58,0,2.45,225.85,1013.13,3142.01,2.02,5.328,3100.0,0.01,PM2.5-1HR
956,NOR_NO0129A,2024-10-28,7.48,6.34,79.65,0,2.59,223.97,1013.14,5191.94,1.94,5.216,3100.0,0.013,PM2.5-1HR
956,NOR_NO0140A,2024-10-28,5.92,6.57,79.54,0,2.28,226.05,1013.14,3888.58,1.86,5.104,3100.0,0.209,PM2.5-1HR
956,NOR_NO0143A,2024-10-28,7.03,6.54,79.54,0,2.32,225.99,1013.14,19064.3,1.95,5.23,3100.0,0.013,PM2.5-1HR
956,NOR_NO0149A,2024-10-28,4.08,6.5,79.61,0,2.41,225,1013.14,1999.9,1.96,5.244,3100.0,0.292,PM2.5-1HR
956,NOR_NO0150A,2024-10-28,14.18,6.44,79.52,0,2.38,226.82,1013.13,4900.03,1.96,5.244,3100.0,0.006,PM2.5-1HR
956,NOR_NO0152A,2024-10-28,14.45,6.6,79.56,0,2.3,225.19,1013.14,1968.48,1.86,5.104,3100.0,1.811,PM2.5-1HR
956,NOR_NO0153A,2024-10-28,10.35,6.64,79.65,0,2.11,227.29,1013.15,1482.8,1.96,5.244,3100.0,0.011,PM2.5-1HR
956,NOR_NO0011A,2024-10-29,7.22,3.67,94.53,0,1.9,190.93,1015.87,11078.92,1.58,4.712,3100.0,0.041,PM2.5-1HR
956,NOR_NO0057A,2024-10-29,5.94,3.71,94.44,0,2.13,190.56,1015.86,720.61,1.81,5.034,3100.0,0.047,PM2.5-1HR
956,NOR_NO0071A,2024-10-29,4.82,3.9,94.5,0,2.06,190.48,1015.87,5739.15,1.79,5.006,3100.0,0.019,PM2.5-1HR
956,NOR_NO0073A,2024-10-29,9.26,3.75,94.5,0,1.97,190.85,1015.87,19621.92,1.65,4.81,3100.0,0.25,PM2.5-1HR
956,NOR_NO0083A,2024-10-29,12.8,3.74,94.56,0,1.86,191.11,1015.87,4891.31,1.58,4.712,3100.0,0.017,PM2.5-1HR
956,NOR_NO0093A,2024-10-29,9.27,3.8,94.55,0,1.87,191.16,1015.87,3843.84,1.58,4.712,3100.0,0.0,PM2.5-1HR
956,NOR_NO0095A,2024-10-29,7.93,3.65,94.58,0,1.83,191.02,1015.87,3541.34,1.62,4.768,3100.0,0.011,PM2.5-1HR
956,NOR_NO0114A,2024-10-29,9.08,3.68,94.65,0,1.71,191.91,1015.87,2808.28,1.52,4.628,3100.0,0.018,PM2.5-1HR
956,NOR_NO0122A,2024-10-29,9.38,3.73,94.45,0,2.13,190.53,1015.86,3142.01,1.81,5.034,3100.0,0.01,PM2.5-1HR
956,NOR_NO0129A,2024-10-29,6.89,3.7,94.37,0,2.33,190.49,1015.85,5191.94,2.05,5.37,3100.0,0.013,PM2.5-1HR
956,NOR_NO0140A,2024-10-29,7.86,3.81,94.53,0,1.92,191.01,1015.87,3888.58,1.58,4.712,3100.0,0.209,PM2.5-1HR
956,NOR_NO0143A,2024-10-29,8.48,3.79,94.51,0,1.97,190.85,1015.87,19064.3,1.65,4.81,3100.0,0.013,PM2.5-1HR
956,NOR_NO0149A,2024-10-29,4.99,3.79,94.48,0,2.08,190.53,1015.86,1999.9,1.79,5.006,3100.0,0.292,PM2.5-1HR
956,NOR_NO0150A,2024-10-29,15.26,3.71,94.47,0,2.03,190.69,1015.86,4900.03,1.79,5.006,3100.0,0.006,PM2.5-1HR
956,NOR_NO0152A,2024-10-29,9.68,3.85,94.52,0,1.94,190.99,1015.87,1968.48,1.58,4.712,3100.0,1.811,PM2.5-1HR
956,NOR_NO0153A,2024-10-29,9.67,3.78,94.64,0,1.72,192.42,1015.87,1482.8,1.52,4.628,3100.0,0.011,PM2.5-1HR
956,NOR_NO0011A,2024-10-30,7.34,6.2,78.75,0,2.58,232.23,1013.45,11078.92,2.3,5.72,3100.0,0.041,PM2.5-1HR
956,NOR_NO0057A,2024-10-30,8.53,6.34,78.13,0,2.82,233.4,1013.44,720.61,2.54,6.056,3100.0,0.047,PM2.5-1HR
956,NOR_NO0071A,2024-10-30,6.06,6.47,77.96,0,2.77,232.67,1013.49,5739.15,2.41,5.874,3100.0,0.019,PM2.5-1HR
956,NOR_NO0073A,2024-10-30,10.82,6.3,78.44,0,2.65,232.55,1013.46,19621.92,2.41,5.874,3100.0,0.25,PM2.5-1HR
956,NOR_NO0083A,2024-10-30,15.23,6.24,78.74,0,2.55,231.52,1013.48,4891.31,2.3,5.72,3100.0,0.017,PM2.5-1HR
956,NOR_NO0093A,2024-10-30,10.76,6.3,78.61,0,2.56,231.51,1013.48,3843.84,2.3,5.72,3100.0,0.0,PM2.5-1HR
956,NOR_NO0095A,2024-10-30,6.85,6.14,79.02,0,2.51,231.31,1013.46,3541.34,2.1,5.44,3100.0,0.011,PM2.5-1HR
956,NOR_NO0114A,2024-10-30,5.18,6.11,79.29,0,2.42,229.71,1013.5,2808.28,2.12,5.468,3100.0,0.018,PM2.5-1HR
956,NOR_NO0122A,2024-10-30,12.83,6.36,78.09,0,2.83,233.37,1013.44,3142.01,2.54,6.056,3100.0,0.01,PM2.5-1HR
956,NOR_NO0129A,2024-10-30,9.1,6.43,77.67,0,3.05,234.23,1013.43,5191.94,2.68,6.252,3100.0,0.013,PM2.5-1HR
956,NOR_NO0140A,2024-10-30,9.62,6.32,78.48,0,2.6,232.02,1013.48,3888.58,2.3,5.72,3100.0,0.209,PM2.5-1HR
956,NOR_NO0153A,2024-10-30,8.98,6.2,79.09,0,2.44,229.6,1013.52,1482.8,2.12,5.468,3100.0,0.011,PM2.5-1HR
956,NOR_NO0143A,2024-10-30,9.02,6.34,78.37,0,2.65,232.44,1013.47,19064.3,2.41,5.874,3100.0,0.013,PM2.5-1HR
956,NOR_NO0149A,2024-10-30,6.39,6.39,78.1,0,2.78,233.01,1013.46,1999.9,2.41,5.874,3100.0,0.292,PM2.5-1HR
956,NOR_NO0150A,2024-10-30,23.5,6.3,78.34,0,2.72,232.98,1013.45,4900.03,2.41,5.874,3100.0,0.006,PM2.5-1HR
956,NOR_NO0152A,2024-10-30,12.31,6.37,78.35,0,2.62,232.1,1013.48,1968.48,2.3,5.72,3100.0,1.811,PM2.5-1HR
956,NOR_NO0011A,2024-10-31,5.62,9.04,79.39,0.03,3.84,210.26,1005.13,11078.92,1.91,5.174,3100.0,0.041,PM2.5-1HR
956,NOR_NO0057A,2024-10-31,5.46,9.21,78.59,0.02,4.11,212.53,1005.15,720.61,1.84,5.076,3100.0,0.047,PM2.5-1HR
956,NOR_NO0071A,2024-10-31,3.76,9.35,78.51,0.02,4.07,211.89,1005.21,5739.15,1.88,5.132,3100.0,0.019,PM2.5-1HR
956,NOR_NO0073A,2024-10-31,5.87,9.17,79.02,0.02,3.94,211.01,1005.16,19621.92,1.91,5.174,3100.0,0.25,PM2.5-1HR
956,NOR_NO0083A,2024-10-31,10.91,9.07,79.44,0.03,3.79,209.64,1005.15,4891.31,1.91,5.174,3100.0,0.017,PM2.5-1HR
956,NOR_NO0093A,2024-10-31,5.4,9.13,79.3,0.03,3.81,209.78,1005.17,3843.84,1.91,5.174,3100.0,0.0,PM2.5-1HR
956,NOR_NO0095A,2024-10-31,6.12,8.93,79.75,0.04,3.71,209.08,1005.12,3541.34,1.98,5.272,3100.0,0.011,PM2.5-1HR
956,NOR_NO0114A,2024-10-31,5.62,8.84,80.2,0.05,3.53,207.19,1005.13,2808.28,2.2,5.58,3100.0,0.018,PM2.5-1HR
956,NOR_NO0122A,2024-10-31,7.16,9.22,78.55,0.02,4.11,212.56,1005.15,3142.01,1.84,5.076,3100.0,0.01,PM2.5-1HR
956,NOR_NO0129A,2024-10-31,4.22,9.29,77.98,0.01,4.32,214.26,1005.16,5191.94,1.49,4.586,3100.0,0.013,PM2.5-1HR
956,NOR_NO0140A,2024-10-31,5.99,9.18,79.11,0.03,3.89,210.41,1005.17,3888.58,1.91,5.174,3100.0,0.209,PM2.5-1HR
956,NOR_NO0143A,2024-10-31,5.18,9.21,78.95,0.02,3.95,210.99,1005.17,19064.3,1.91,5.174,3100.0,0.013,PM2.5-1HR
956,NOR_NO0149A,2024-10-31,3.92,9.26,78.61,0.02,4.07,212.1,1005.18,1999.9,1.88,5.132,3100.0,0.292,PM2.5-1HR
956,NOR_NO0150A,2024-10-31,9.16,9.16,78.86,0.02,4.01,211.7,1005.15,4900.03,1.88,5.132,3100.0,0.006,PM2.5-1HR
956,NOR_NO0152A,2024-10-31,18.65,9.25,78.96,0.02,3.92,210.64,1005.18,1968.48,1.91,5.174,3100.0,1.811,PM2.5-1HR
956,NOR_NO0153A,2024-10-31,9.4,8.95,80.01,0.04,3.56,207.37,1005.17,1482.8,2.2,5.58,3100.0,0.011,PM2.5-1HR
956,NOR_NO0011A,2024-11-01,3.21,7.82,55.24,0.03,4.5,277.99,1002.95,11078.92,0.77,3.578,3100.0,0.041,PM2.5-1HR
956,NOR_NO0057A,2024-11-01,3.98,7.98,54.05,0.03,4.65,277.71,1002.87,720.61,0.84,3.676,3100.0,0.047,PM2.5-1HR
956,NOR_NO0071A,2024-11-01,5.25,8.11,54.25,0.03,4.58,276.98,1002.95,5739.15,0.8,3.62,3100.0,0.019,PM2.5-1HR
956,NOR_NO0073A,2024-11-01,4.78,7.91,54.93,0.03,4.54,277.66,1002.94,19621.92,0.8,3.62,3100.0,0.25,PM2.5-1HR
956,NOR_NO0083A,2024-11-01,7.6,7.89,55.25,0.03,4.45,277.69,1003.01,4891.31,0.77,3.578,3100.0,0.017,PM2.5-1HR
956,NOR_NO0093A,2024-11-01,5.65,7.94,55.18,0.03,4.45,277.47,1003.02,3843.84,0.77,3.578,3100.0,0.0,PM2.5-1HR
956,NOR_NO0095A,2024-11-01,3.54,7.8,55.42,0.04,4.43,278.06,1003.01,3541.34,0.76,3.564,3100.0,0.011,PM2.5-1HR
956,NOR_NO0114A,2024-11-01,1.48,7.85,55.62,0.04,4.32,277.87,1003.11,2808.28,0.68,3.452,3100.0,0.018,PM2.5-1HR
956,NOR_NO0122A,2024-11-01,3.62,8,54.02,0.03,4.65,277.63,1002.87,3142.01,0.84,3.676,3100.0,0.01,PM2.5-1HR
956,NOR_NO0129A,2024-11-01,2.44,8.11,52.93,0.02,4.79,277.6,1002.79,5191.94,0.82,3.648,3100.0,0.013,PM2.5-1HR
956,NOR_NO0140A,2024-11-01,3.12,7.94,55.09,0.03,4.49,277.47,1002.98,3888.58,0.77,3.578,3100.0,0.209,PM2.5-1HR
956,NOR_NO0143A,2024-11-01,3,7.95,54.89,0.03,4.53,277.49,1002.95,19064.3,0.8,3.62,3100.0,0.013,PM2.5-1HR
956,NOR_NO0149A,2024-11-01,2.26,8.02,54.23,0.03,4.61,277.41,1002.91,1999.9,0.8,3.62,3100.0,0.292,PM2.5-1HR
956,NOR_NO0150A,2024-11-01,6.55,7.92,54.56,0.03,4.59,277.75,1002.9,4900.03,0.8,3.62,3100.0,0.006,PM2.5-1HR
956,NOR_NO0152A,2024-11-01,4.59,7.98,55.02,0.03,4.5,277.29,1002.98,1968.48,0.77,3.578,3100.0,1.811,PM2.5-1HR
956,NOR_NO0153A,2024-11-01,1.67,7.94,55.49,0.04,4.3,277.47,1003.14,1482.8,0.68,3.452,3100.0,0.011,PM2.5-1HR
956,NOR_NO0011A,2024-11-02,4.28,2.1,63.73,0,2.17,243.59,1025.91,11078.92,1.51,4.614,3100.0,0.041,PM2.5-1HR
956,NOR_NO0057A,2024-11-02,7.22,2.03,62.87,0,2.34,244.33,1025.87,720.61,1.64,4.796,3100.0,0.047,PM2.5-1HR
956,NOR_NO0071A,2024-11-02,5.56,2.17,62.94,0,2.29,243.94,1025.9,5739.15,1.65,4.81,3100.0,0.019,PM2.5-1HR
956,NOR_NO0073A,2024-11-02,4.39,2.11,63.48,0,2.22,243.86,1025.9,19621.92,1.65,4.81,3100.0,0.25,PM2.5-1HR
956,NOR_NO0083A,2024-11-02,16.26,2.19,63.72,0,2.14,242.96,1025.93,4891.31,1.51,4.614,3100.0,0.017,PM2.5-1HR
956,NOR_NO0093A,2024-11-02,6.28,2.21,63.65,0,2.14,242.95,1025.93,3843.84,1.51,4.614,3100.0,0.0,PM2.5-1HR
956,NOR_NO0095A,2024-11-02,9.45,2.17,63.86,0,2.1,242.73,1025.93,3541.34,1.49,4.586,3100.0,0.011,PM2.5-1HR
956,NOR_NO0114A,2024-11-02,6.71,2.3,64.01,0,2,241.2,1025.97,2808.28,1.54,4.656,3100.0,0.018,PM2.5-1HR
956,NOR_NO0122A,2024-11-02,8.4,2.04,62.83,0,2.34,244.32,1025.87,3142.01,1.64,4.796,3100.0,0.01,PM2.5-1HR
956,NOR_NO0129A,2024-11-02,5.38,1.97,62.06,0,2.48,244.76,1025.83,5191.94,1.71,4.894,3100.0,0.013,PM2.5-1HR
956,NOR_NO0140A,2024-11-02,4.52,2.17,63.59,0,2.18,243.44,1025.92,3888.58,1.51,4.614,3100.0,0.209,PM2.5-1HR
956,NOR_NO0143A,2024-11-02,5.05,2.13,63.44,0,2.22,243.78,1025.91,19064.3,1.65,4.81,3100.0,0.013,PM2.5-1HR
956,NOR_NO0149A,2024-11-02,3.24,2.1,62.97,0,2.3,244.14,1025.89,1999.9,1.65,4.81,3100.0,0.292,PM2.5-1HR
956,NOR_NO0150A,2024-11-02,5.91,2.06,63.23,0,2.27,244.11,1025.88,4900.03,1.65,4.81,3100.0,0.006,PM2.5-1HR
956,NOR_NO0152A,2024-11-02,38.15,2.18,63.52,0,2.2,243.53,1025.91,1968.48,1.51,4.614,3100.0,1.811,PM2.5-1HR
956,NOR_NO0153A,2024-11-02,16.69,2.35,63.9,0,2.01,241.12,1025.97,1482.8,1.54,4.656,3100.0,0.011,PM2.5-1HR
956,NOR_NO0083A,2024-11-03,17.5,7.26,76.31,0,2.73,244.63,1017.36,4891.31,1.82,5.048,3100.0,0.017,PM2.5-1HR
956,NOR_NO0093A,2024-11-03,8.58,7.33,76.16,0,2.75,244.28,1017.37,3843.84,1.82,5.048,3100.0,0.0,PM2.5-1HR
956,NOR_NO0095A,2024-11-03,3.9,7.14,76.61,0,2.68,245.12,1017.35,3541.34,1.95,5.23,3100.0,0.011,PM2.5-1HR
956,NOR_NO0114A,2024-11-03,5.45,7.19,76.68,0,2.54,244.21,1017.37,2808.28,2.48,5.972,3100.0,0.018,PM2.5-1HR
956,NOR_NO0122A,2024-11-03,6.42,7.32,75.59,0,3.02,245.17,1017.34,3142.01,1.81,5.034,3100.0,0.01,PM2.5-1HR
956,NOR_NO0129A,2024-11-03,5.93,7.38,75,0,3.23,245.14,1017.33,5191.94,0.94,3.816,3100.0,0.013,PM2.5-1HR
956,NOR_NO0011A,2024-11-03,5.55,7.17,76.42,0,2.77,245.4,1017.34,11078.92,1.82,5.048,3100.0,0.041,PM2.5-1HR
956,NOR_NO0057A,2024-11-03,4.55,7.3,75.64,0,3.01,245.29,1017.34,720.61,1.81,5.034,3100.0,0.047,PM2.5-1HR
956,NOR_NO0071A,2024-11-03,5.73,7.49,75.44,0,2.97,243.97,1017.37,5739.15,1.72,4.908,3100.0,0.019,PM2.5-1HR
956,NOR_NO0073A,2024-11-03,6.21,7.28,76.08,0,2.85,244.96,1017.35,19621.92,1.81,5.034,3100.0,0.25,PM2.5-1HR
956,NOR_NO0140A,2024-11-03,8.96,7.33,76.09,0,2.8,244.45,1017.36,3888.58,1.82,5.048,3100.0,0.209,PM2.5-1HR
956,NOR_NO0143A,2024-11-03,7.05,7.33,75.99,0,2.86,244.66,1017.36,19064.3,1.81,5.034,3100.0,0.013,PM2.5-1HR
956,NOR_NO0149A,2024-11-03,4.15,7.37,75.61,0,2.97,244.74,1017.36,1999.9,1.72,4.908,3100.0,0.292,PM2.5-1HR
956,NOR_NO0150A,2024-11-03,10.38,7.26,75.93,0,2.92,245.28,1017.34,4900.03,1.72,4.908,3100.0,0.006,PM2.5-1HR
956,NOR_NO0152A,2024-11-03,11.34,7.38,75.96,0,2.83,244.16,1017.37,1968.48,1.82,5.048,3100.0,1.811,PM2.5-1HR
956,NOR_NO0153A,2024-11-03,7.13,7.32,76.36,0,2.56,243.73,1017.38,1482.8,2.48,5.972,3100.0,0.011,PM2.5-1HR
956,NOR_NO0011A,2024-11-04,7.98,4.65,88.33,0,1.05,233.25,1027.86,11078.92,2.45,5.93,3100.0,0.041,PM2.5-1HR
956,NOR_NO0057A,2024-11-04,8.16,4.65,87.33,0,1.14,225.2,1027.85,720.61,2.69,6.266,3100.0,0.047,PM2.5-1HR
956,NOR_NO0071A,2024-11-04,6.73,4.85,87.57,0,1.1,218.45,1027.84,5739.15,2.56,6.084,3100.0,0.019,PM2.5-1HR
956,NOR_NO0072A,2024-11-04,13.85,4.69,88.63,0,1.02,222.93,1027.86,4147.97,2.45,5.93,3100.0,0.082,PM2.5-1HR
956,NOR_NO0073A,2024-11-04,8.08,4.75,87.99,0,1.07,228.85,1027.85,19621.92,2.55,6.07,3100.0,0.25,PM2.5-1HR
956,NOR_NO0083A,2024-11-04,23.22,4.7,88.57,0,1.02,223.53,1027.86,4891.31,2.45,5.93,3100.0,0.017,PM2.5-1HR
956,NOR_NO0093A,2024-11-04,11.15,4.76,88.49,0,1.02,218.81,1027.86,3843.84,2.45,5.93,3100.0,0.0,PM2.5-1HR
956,NOR_NO0095A,2024-11-04,9.13,4.58,88.83,0,1.01,228.96,1027.87,3541.34,2.5,6.0,3100.0,0.011,PM2.5-1HR
956,NOR_NO0114A,2024-11-04,7.45,4.54,89.55,0,0.96,205.22,1027.87,2808.28,2.54,6.056,3100.0,0.018,PM2.5-1HR
956,NOR_NO0122A,2024-11-04,14.98,4.67,87.31,0,1.14,224.36,1027.85,3142.01,2.69,6.266,3100.0,0.01,PM2.5-1HR
956,NOR_NO0129A,2024-11-04,9.47,4.58,86.5,0,1.25,220.83,1027.85,5191.94,2.53,6.042,3100.0,0.013,PM2.5-1HR
956,NOR_NO0140A,2024-11-04,9.48,4.79,88.22,0,1.04,226.76,1027.85,3888.58,2.45,5.93,3100.0,0.209,PM2.5-1HR
956,NOR_NO0143A,2024-11-04,11.09,4.78,87.98,0,1.07,225.47,1027.85,19064.3,2.55,6.07,3100.0,0.013,PM2.5-1HR
956,NOR_NO0149A,2024-11-04,5.59,4.74,87.5,0,1.11,222.84,1027.85,1999.9,2.56,6.084,3100.0,0.292,PM2.5-1HR
956,NOR_NO0150A,2024-11-04,16.64,4.69,87.7,0,1.1,227.79,1027.85,4900.03,2.56,6.084,3100.0,0.006,PM2.5-1HR
956,NOR_NO0152A,2024-11-04,14.12,4.85,88.1,0,1.05,216.54,1027.85,1968.48,2.45,5.93,3100.0,1.811,PM2.5-1HR
956,NOR_NO0153A,2024-11-04,13.03,4.65,89.48,0,0.96,199.85,1027.86,1482.8,2.54,6.056,3100.0,0.011,PM2.5-1HR
956,NOR_NO0071A,2024-11-05,6.06,3.59,95.99,0,0.98,345.56,1025.64,5739.15,3.71,7.694,3100.0,0.019,PM2.5-1HR
956,NOR_NO0011A,2024-11-05,6.05,3.37,95.82,0,1.02,345.75,1025.7,11078.92,3.68,7.652,3100.0,0.041,PM2.5-1HR
956,NOR_NO0057A,2024-11-05,5.44,3.5,95.8,0,0.94,343.44,1025.66,720.61,3.89,7.946,3100.0,0.047,PM2.5-1HR
956,NOR_NO0072A,2024-11-05,6.5,3.37,95.99,0,1.02,346.76,1025.69,4147.97,3.68,7.652,3100.0,0.082,PM2.5-1HR
956,NOR_NO0073A,2024-11-05,7.99,3.46,95.84,0,1.02,345.58,1025.67,19621.92,3.78,7.792,3100.0,0.25,PM2.5-1HR
956,NOR_NO0083A,2024-11-05,17.05,3.38,95.98,0,1.02,346.7,1025.69,4891.31,3.68,7.652,3100.0,0.017,PM2.5-1HR
956,NOR_NO0093A,2024-11-05,6.56,3.42,96.02,0,1.03,346.9,1025.69,3843.84,3.68,7.652,3100.0,0.0,PM2.5-1HR
956,NOR_NO0095A,2024-11-05,4.98,3.29,95.95,0,1.01,346.61,1025.71,3541.34,3.76,7.764,3100.0,0.011,PM2.5-1HR
956,NOR_NO0114A,2024-11-05,5.68,3.21,96.23,0,0.99,348.14,1025.73,2808.28,3.75,7.75,3100.0,0.018,PM2.5-1HR
956,NOR_NO0122A,2024-11-05,10.76,3.51,95.82,0,0.94,343.53,1025.65,3142.01,3.89,7.946,3100.0,0.01,PM2.5-1HR
956,NOR_NO0129A,2024-11-05,7.73,3.58,95.8,0,0.85,340.5,1025.63,5191.94,3.18,6.952,3100.0,0.013,PM2.5-1HR
956,NOR_NO0140A,2024-11-05,9.7,3.46,95.93,0,1.03,346.45,1025.68,3888.58,3.68,7.652,3100.0,0.209,PM2.5-1HR
956,NOR_NO0143A,2024-11-05,11.21,3.48,95.88,0,1.02,345.85,1025.67,19064.3,3.78,7.792,3100.0,0.013,PM2.5-1HR
956,NOR_NO0149A,2024-11-05,5.68,3.53,95.88,0,0.97,344.58,1025.65,1999.9,3.71,7.694,3100.0,0.292,PM2.5-1HR
956,NOR_NO0150A,2024-11-05,16.46,3.46,95.8,0,0.99,344.56,1025.67,4900.03,3.71,7.694,3100.0,0.006,PM2.5-1HR
956,NOR_NO0152A,2024-11-05,12.39,3.5,95.94,0,1.04,346.56,1025.67,1968.48,3.68,7.652,3100.0,1.811,PM2.5-1HR
956,NOR_NO0153A,2024-11-05,6.84,3.27,96.32,0,1,348.38,1025.72,1482.8,3.75,7.75,3100.0,0.011,PM2.5-1HR
956,NOR_NO0153A,2024-11-06,3.96,2.88,93.87,0,0.72,314.48,1027.49,1482.8,1.82,5.048,3100.0,0.011,PM2.5-1HR
956,NOR_NO0152A,2024-11-06,8.01,3.05,93.02,0,0.84,311.4,1027.46,1968.48,1.84,5.076,3100.0,1.811,PM2.5-1HR
956,NOR_NO0150A,2024-11-06,20.4,2.97,92.98,0,0.85,308.14,1027.47,4900.03,1.91,5.174,3100.0,0.006,PM2.5-1HR
956,NOR_NO0149A,2024-11-06,3.82,3.02,93.13,0,0.86,306.57,1027.46,1999.9,1.91,5.174,3100.0,0.292,PM2.5-1HR
956,NOR_NO0143A,2024-11-06,5.75,3.01,92.99,0,0.84,310.31,1027.47,19064.3,1.87,5.118,3100.0,0.013,PM2.5-1HR
956,NOR_NO0140A,2024-11-06,4.72,3.01,93.04,0,0.83,311.66,1027.47,3888.58,1.84,5.076,3100.0,0.209,PM2.5-1HR
956,NOR_NO0011A,2024-11-06,3.74,2.91,92.94,0,0.82,311.98,1027.49,11078.92,1.84,5.076,3100.0,0.041,PM2.5-1HR
956,NOR_NO0129A,2024-11-06,5.39,2.98,93.33,0,0.91,300.56,1027.44,5191.94,2.11,5.454,3100.0,0.013,PM2.5-1HR
956,NOR_NO0122A,2024-11-06,9.08,2.98,93.11,0,0.87,305.35,1027.46,3142.01,1.97,5.258,3100.0,0.01,PM2.5-1HR
956,NOR_NO0057A,2024-11-06,5.73,2.97,93.09,0,0.87,305.49,1027.46,720.61,1.97,5.258,3100.0,0.047,PM2.5-1HR
956,NOR_NO0071A,2024-11-06,5.84,3.1,93.23,0,0.86,306.92,1027.44,5739.15,1.91,5.174,3100.0,0.019,PM2.5-1HR
956,NOR_NO0072A,2024-11-06,3.73,2.93,93.23,0,0.79,312.52,1027.48,4147.97,1.84,5.076,3100.0,0.082,PM2.5-1HR
956,NOR_NO0073A,2024-11-06,3.64,2.99,92.94,0,0.84,310.4,1027.47,19621.92,1.87,5.118,3100.0,0.25,PM2.5-1HR
956,NOR_NO0083A,2024-11-06,14.83,2.94,93.2,0,0.8,312.39,1027.48,4891.31,1.84,5.076,3100.0,0.017,PM2.5-1HR
956,NOR_NO0093A,2024-11-06,6.72,2.98,93.22,0,0.8,312.2,1027.47,3843.84,1.84,5.076,3100.0,0.0,PM2.5-1HR
956,NOR_NO0095A,2024-11-06,4.18,2.85,93.24,0,0.78,313,1027.49,3541.34,1.88,5.132,3100.0,0.011,PM2.5-1HR
956,NOR_NO0114A,2024-11-06,3.49,2.81,93.77,0,0.71,314.7,1027.5,2808.28,1.82,5.048,3100.0,0.018,PM2.5-1HR
956,NOR_NO0011A,2024-11-07,10.08,2.15,95.46,0,1.36,342.55,1033.59,11078.92,2.78,6.392,3100.0,0.041,PM2.5-1HR
956,NOR_NO0057A,2024-11-07,4.76,1.93,95.47,0,1.3,340.35,1033.57,720.61,3.22,7.008,3100.0,0.047,PM2.5-1HR
956,NOR_NO0071A,2024-11-07,10.73,2.13,95.43,0,1.3,343.85,1033.56,5739.15,3.06,6.784,3100.0,0.019,PM2.5-1HR
956,NOR_NO0072A,2024-11-07,16.21,2.22,95.57,0,1.33,343.35,1033.6,4147.97,2.78,6.392,3100.0,0.082,PM2.5-1HR
956,NOR_NO0073A,2024-11-07,5.29,2.15,95.41,0,1.36,342.99,1033.58,19621.92,2.83,6.462,3100.0,0.25,PM2.5-1HR
956,NOR_NO0083A,2024-11-07,24.08,2.22,95.55,0,1.33,343.4,1033.6,4891.31,2.78,6.392,3100.0,0.017,PM2.5-1HR
956,NOR_NO0093A,2024-11-07,10.97,2.25,95.53,0,1.33,343.94,1033.59,3843.84,2.78,6.392,3100.0,0.0,PM2.5-1HR
956,NOR_NO0095A,2024-11-07,18.47,2.18,95.62,0,1.33,342.55,1033.61,3541.34,2.8,6.42,3100.0,0.011,PM2.5-1HR
956,NOR_NO0114A,2024-11-07,14.46,2.25,95.87,0,1.27,342.99,1033.63,2808.28,3.01,6.714,3100.0,0.018,PM2.5-1HR
956,NOR_NO0122A,2024-11-07,7.99,1.94,95.47,0,1.3,340.56,1033.57,3142.01,3.22,7.008,3100.0,0.01,PM2.5-1HR
956,NOR_NO0129A,2024-11-07,9.34,1.68,95.56,0,1.25,337.43,1033.55,5191.94,3.26,7.064,3100.0,0.013,PM2.5-1HR
956,NOR_NO0140A,2024-11-07,9.48,2.23,95.44,0,1.35,343.92,1033.58,3888.58,2.78,6.392,3100.0,0.209,PM2.5-1HR
956,NOR_NO0143A,2024-11-07,8.66,2.18,95.41,0,1.35,343.44,1033.57,19064.3,2.83,6.462,3100.0,0.013,PM2.5-1HR
956,NOR_NO0149A,2024-11-07,5.75,2.04,95.45,0,1.31,342.12,1033.57,1999.9,3.06,6.784,3100.0,0.292,PM2.5-1HR
956,NOR_NO0150A,2024-11-07,17.03,2.05,95.44,0,1.33,341.68,1033.57,4900.03,3.06,6.784,3100.0,0.006,PM2.5-1HR
956,NOR_NO0152A,2024-11-07,10.78,2.25,95.4,0,1.36,344.41,1033.57,1968.48,2.78,6.392,3100.0,1.811,PM2.5-1HR
956,NOR_NO0153A,2024-11-07,14.32,2.31,95.86,0,1.26,343.74,1033.63,1482.8,3.01,6.714,3100.0,0.011,PM2.5-1HR
956,NOR_NO0011A,2024-11-08,8.22,3.74,98.07,0,1.05,201.83,1033.87,11078.92,4.44,8.716,3100.0,0.041,PM2.5-1HR
956,NOR_NO0057A,2024-11-08,7.83,3.71,98.17,0,1.19,205.69,1033.87,720.61,4.69,9.066,3100.0,0.047,PM2.5-1HR
956,NOR_NO0071A,2024-11-08,8.86,3.86,98.08,0,1.2,198.12,1033.86,5739.15,4.49,8.786,3100.0,0.019,PM2.5-1HR
956,NOR_NO0072A,2024-11-08,10.6,3.77,98,0,1.04,198.29,1033.87,4147.97,4.44,8.716,3100.0,0.082,PM2.5-1HR
956,NOR_NO0073A,2024-11-08,8.99,3.8,98.08,0,1.1,202.35,1033.87,19621.92,4.47,8.758,3100.0,0.25,PM2.5-1HR
956,NOR_NO0083A,2024-11-08,11,3.78,98.01,0,1.05,198.63,1033.87,4891.31,4.44,8.716,3100.0,0.017,PM2.5-1HR
956,NOR_NO0093A,2024-11-08,8.73,3.81,98,0,1.07,198.38,1033.86,3843.84,4.44,8.716,3100.0,0.0,PM2.5-1HR
956,NOR_NO0095A,2024-11-08,7.31,3.7,98,0,1.01,198.66,1033.87,3541.34,4.64,8.996,3100.0,0.011,PM2.5-1HR
956,NOR_NO0114A,2024-11-08,10.57,3.69,97.89,0,0.96,192.35,1033.86,2808.28,4.8,9.22,3100.0,0.018,PM2.5-1HR
956,NOR_NO0122A,2024-11-08,11.73,3.72,98.17,0,1.19,205.11,1033.87,3142.01,4.69,9.066,3100.0,0.01,PM2.5-1HR
956,NOR_NO0129A,2024-11-08,10.06,3.63,98.26,0,1.31,208.63,1033.87,5191.94,4.07,8.198,3100.0,0.013,PM2.5-1HR
956,NOR_NO0140A,2024-11-08,10.7,3.83,98.04,0,1.09,199.94,1033.87,3888.58,4.44,8.716,3100.0,0.209,PM2.5-1HR
956,NOR_NO0143A,2024-11-08,11.38,3.82,98.07,0,1.11,201.21,1033.87,19064.3,4.47,8.758,3100.0,0.013,PM2.5-1HR
956,NOR_NO0149A,2024-11-08,8.17,3.78,98.12,0,1.18,202.26,1033.87,1999.9,4.49,8.786,3100.0,0.292,PM2.5-1HR
956,NOR_NO0150A,2024-11-08,9.74,3.74,98.13,0,1.13,204.4,1033.87,4900.03,4.49,8.786,3100.0,0.006,PM2.5-1HR
956,NOR_NO0152A,2024-11-08,17.21,3.87,98.04,0,1.11,198.82,1033.86,1968.48,4.44,8.716,3100.0,1.811,PM2.5-1HR
956,NOR_NO0153A,2024-11-08,12.65,3.75,97.87,0,0.98,190.97,1033.85,1482.8,4.8,9.22,3100.0,0.011,PM2.5-1HR
956,NOR_NO0011A,2024-11-09,5.71,3.96,95.54,0.02,1.78,14.54,1033.13,11078.92,1.33,4.362,3100.0,0.041,PM2.5-1HR
956,NOR_NO0057A,2024-11-09,4.36,3.92,96.03,0.02,1.73,15.62,1033.12,720.61,1.64,4.796,3100.0,0.047,PM2.5-1HR
956,NOR_NO0071A,2024-11-09,5.57,4.11,95.99,0.02,1.72,14.89,1033.08,5739.15,1.56,4.684,3100.0,0.019,PM2.5-1HR
956,NOR_NO0072A,2024-11-09,4.8,4.01,95.63,0.02,1.75,13.91,1033.12,4147.97,1.33,4.362,3100.0,0.082,PM2.5-1HR
956,NOR_NO0073A,2024-11-09,4.88,4.02,95.65,0.02,1.77,14.84,1033.12,19621.92,1.44,4.516,3100.0,0.25,PM2.5-1HR
956,NOR_NO0083A,2024-11-09,6.09,4.02,95.63,0.02,1.76,13.99,1033.12,4891.31,1.33,4.362,3100.0,0.017,PM2.5-1HR
956,NOR_NO0093A,2024-11-09,6.02,4.06,95.66,0.02,1.75,13.99,1033.11,3843.84,1.33,4.362,3100.0,0.0,PM2.5-1HR
956,NOR_NO0095A,2024-11-09,3.34,3.93,95.59,0.02,1.75,13.84,1033.14,3541.34,1.36,4.404,3100.0,0.011,PM2.5-1HR
956,NOR_NO0114A,2024-11-09,1.97,3.95,95.72,0.02,1.71,12.49,1033.13,2808.28,1.33,4.362,3100.0,0.018,PM2.5-1HR
956,NOR_NO0122A,2024-11-09,4.6,3.93,96.05,0.02,1.72,15.59,1033.12,3142.01,1.64,4.796,3100.0,0.01,PM2.5-1HR
956,NOR_NO0129A,2024-11-09,6.77,3.82,96.55,0.02,1.67,16.33,1033.12,5191.94,1.75,4.95,3100.0,0.013,PM2.5-1HR
956,NOR_NO0140A,2024-11-09,10.26,4.07,95.63,0.02,1.77,14.43,1033.11,3888.58,1.33,4.362,3100.0,0.209,PM2.5-1HR
956,NOR_NO0143A,2024-11-09,5.78,4.05,95.68,0.02,1.77,14.77,1033.11,19064.3,1.44,4.516,3100.0,0.013,PM2.5-1HR
956,NOR_NO0149A,2024-11-09,4.12,4.01,95.97,0.02,1.73,15.24,1033.1,1999.9,1.56,4.684,3100.0,0.292,PM2.5-1HR
956,NOR_NO0150A,2024-11-09,5.25,3.96,95.8,0.02,1.75,15.23,1033.12,4900.03,1.56,4.684,3100.0,0.006,PM2.5-1HR
956,NOR_NO0152A,2024-11-09,8.95,4.11,95.64,0.02,1.77,14.53,1033.09,1968.48,1.33,4.362,3100.0,1.811,PM2.5-1HR
956,NOR_NO0153A,2024-11-09,3.68,4.03,95.8,0.02,1.71,12.26,1033.11,1482.8,1.33,4.362,3100.0,0.011,PM2.5-1HR
956,NOR_NO0011A,2024-11-10,3.62,2.51,94.72,0.06,1.18,74.02,1028.99,11078.92,1.03,3.942,3100.0,0.041,PM2.5-1HR
956,NOR_NO0057A,2024-11-10,2.14,2.44,95.51,0.06,1.19,77.65,1028.99,720.61,1.28,4.292,3100.0,0.047,PM2.5-1HR
956,NOR_NO0071A,2024-11-10,5.2,2.6,95.12,0.06,1.19,75.56,1028.96,5739.15,1.21,4.194,3100.0,0.019,PM2.5-1HR
956,NOR_NO0072A,2024-11-10,3.02,2.57,94.61,0.06,1.17,72.54,1028.98,4147.97,1.03,3.942,3100.0,0.082,PM2.5-1HR
956,NOR_NO0073A,2024-11-10,3.18,2.55,94.85,0.06,1.19,74.64,1028.98,19621.92,1.08,4.012,3100.0,0.25,PM2.5-1HR
956,NOR_NO0083A,2024-11-10,4.5,2.58,94.62,0.06,1.17,72.69,1028.98,4891.31,1.03,3.942,3100.0,0.017,PM2.5-1HR
956,NOR_NO0093A,2024-11-10,4.57,2.61,94.61,0.06,1.18,72.52,1028.97,3843.84,1.03,3.942,3100.0,0.0,PM2.5-1HR
956,NOR_NO0095A,2024-11-10,4.64,2.52,94.6,0.06,1.16,72.62,1028.99,3541.34,1.05,3.97,3100.0,0.011,PM2.5-1HR
956,NOR_NO0114A,2024-11-10,3.71,2.58,94.41,0.06,1.14,69.55,1028.97,2808.28,0.8,3.62,3100.0,0.018,PM2.5-1HR
956,NOR_NO0122A,2024-11-10,3.27,2.46,95.51,0.06,1.19,77.62,1028.99,3142.01,1.28,4.292,3100.0,0.01,PM2.5-1HR
956,NOR_NO0129A,2024-11-10,4.94,2.35,96.32,0.05,1.18,80.92,1029,5191.94,1.7,4.88,3100.0,0.013,PM2.5-1HR
956,NOR_NO0140A,2024-11-10,6.95,2.6,94.68,0.06,1.19,73.38,1028.97,3888.58,1.03,3.942,3100.0,0.209,PM2.5-1HR
956,NOR_NO0143A,2024-11-10,3.9,2.57,94.83,0.06,1.19,74.4,1028.97,19064.3,1.08,4.012,3100.0,0.013,PM2.5-1HR
956,NOR_NO0149A,2024-11-10,3.89,2.52,95.27,0.06,1.19,76.47,1028.98,1999.9,1.21,4.194,3100.0,0.292,PM2.5-1HR
956,NOR_NO0150A,2024-11-10,5.11,2.49,95.15,0.06,1.19,76.09,1028.99,4900.03,1.21,4.194,3100.0,0.006,PM2.5-1HR
956,NOR_NO0152A,2024-11-10,9.66,2.62,94.68,0.06,1.19,73.43,1028.97,1968.48,1.03,3.942,3100.0,1.811,PM2.5-1HR
956,NOR_NO0153A,2024-11-10,4.58,2.65,94.4,0.05,1.14,68.91,1028.96,1482.8,0.8,3.62,3100.0,0.011,PM2.5-1HR
956,NOR_NO0011A,2024-11-11,5.09,2.48,93.55,0.03,1.14,288.06,1026.52,11078.92,2.08,5.412,3100.0,0.041,PM2.5-1HR
956,NOR_NO0057A,2024-11-11,4.49,2.46,93.8,0.04,1.16,284.03,1026.5,720.61,2.45,5.93,3100.0,0.047,PM2.5-1HR
956,NOR_NO0071A,2024-11-11,7.82,2.62,93.42,0.04,1.13,286.23,1026.49,5739.15,2.3,5.72,3100.0,0.019,PM2.5-1HR
956,NOR_NO0072A,2024-11-11,6.41,2.53,93.56,0.03,1.11,288.83,1026.52,4147.97,2.08,5.412,3100.0,0.082,PM2.5-1HR
956,NOR_NO0073A,2024-11-11,6.52,2.54,93.44,0.03,1.14,287.39,1026.51,19621.92,2.1,5.44,3100.0,0.25,PM2.5-1HR
956,NOR_NO0083A,2024-11-11,9.78,2.53,93.53,0.03,1.11,288.75,1026.52,4891.31,2.08,5.412,3100.0,0.017,PM2.5-1HR
956,NOR_NO0093A,2024-11-11,7.28,2.58,93.44,0.03,1.11,288.83,1026.52,3843.84,2.08,5.412,3100.0,0.0,PM2.5-1HR
956,NOR_NO0095A,2024-11-11,4.29,2.46,93.73,0.03,1.11,288.86,1026.53,3541.34,2.03,5.342,3100.0,0.011,PM2.5-1HR
956,NOR_NO0114A,2024-11-11,6.35,2.47,93.91,0.03,1.06,290.33,1026.55,2808.28,1.83,5.062,3100.0,0.018,PM2.5-1HR
956,NOR_NO0122A,2024-11-11,11.44,2.47,93.78,0.04,1.16,284.07,1026.5,3142.01,2.45,5.93,3100.0,0.01,PM2.5-1HR
956,NOR_NO0129A,2024-11-11,9.76,2.4,94.2,0.04,1.19,280.25,1026.48,5191.94,3.09,6.826,3100.0,0.013,PM2.5-1HR
956,NOR_NO0140A,2024-11-11,7.28,2.58,93.35,0.03,1.13,288.4,1026.51,3888.58,2.08,5.412,3100.0,0.209,PM2.5-1HR
956,NOR_NO0143A,2024-11-11,7.36,2.57,93.39,0.03,1.14,287.54,1026.51,19064.3,2.1,5.44,3100.0,0.013,PM2.5-1HR
956,NOR_NO0149A,2024-11-11,5.77,2.53,93.6,0.04,1.15,285.32,1026.5,1999.9,2.3,5.72,3100.0,0.292,PM2.5-1HR
956,NOR_NO0150A,2024-11-11,19.34,2.49,93.62,0.04,1.15,285.84,1026.51,4900.03,2.3,5.72,3100.0,0.006,PM2.5-1HR
956,NOR_NO0152A,2024-11-11,8.67,2.62,93.26,0.03,1.13,288.39,1026.5,1968.48,2.08,5.412,3100.0,1.811,PM2.5-1HR
956,NOR_NO0153A,2024-11-11,7.51,2.55,93.78,0.03,1.05,290.5,1026.54,1482.8,1.83,5.062,3100.0,0.011,PM2.5-1HR
956,NOR_NO0071A,2024-11-12,8.98,1.69,97.65,0,1.18,285.67,1033.68,5739.15,5.9,10.76,3100.0,0.019,PM2.5-1HR
956,NOR_NO0057A,2024-11-12,9.73,1.61,97.6,0,1.22,285.12,1033.67,720.61,6.25,11.25,3100.0,0.047,PM2.5-1HR
956,NOR_NO0011A,2024-11-12,7.88,1.74,97.49,0,1.18,288.02,1033.71,11078.92,6,10.9,3100.0,0.041,PM2.5-1HR
956,NOR_NO0072A,2024-11-12,11.16,1.76,97.48,0,1.16,287.67,1033.72,4147.97,6,10.9,3100.0,0.082,PM2.5-1HR
956,NOR_NO0073A,2024-11-12,8.6,1.73,97.56,0,1.19,287.3,1033.69,19621.92,5.79,10.606,3100.0,0.25,PM2.5-1HR
956,NOR_NO0083A,2024-11-12,23.16,1.76,97.49,0,1.16,287.66,1033.72,4891.31,6,10.9,3100.0,0.017,PM2.5-1HR
956,NOR_NO0093A,2024-11-12,9.04,1.76,97.52,0,1.16,287.46,1033.72,3843.84,6,10.9,3100.0,0.0,PM2.5-1HR
956,NOR_NO0095A,2024-11-12,9.75,1.75,97.42,0,1.17,288.01,1033.73,3541.34,6.15,11.11,3100.0,0.011,PM2.5-1HR
956,NOR_NO0114A,2024-11-12,14.13,1.76,97.35,0,1.13,287.65,1033.76,2808.28,6.64,11.796,3100.0,0.018,PM2.5-1HR
956,NOR_NO0122A,2024-11-12,17.13,1.61,97.61,0,1.22,285.07,1033.67,3142.01,6.25,11.25,3100.0,0.01,PM2.5-1HR
956,NOR_NO0129A,2024-11-12,12.19,1.48,97.67,0,1.26,282.87,1033.63,5191.94,5.15,9.71,3100.0,0.013,PM2.5-1HR
956,NOR_NO0140A,2024-11-12,12.31,1.76,97.56,0,1.17,287.55,1033.71,3888.58,6,10.9,3100.0,0.209,PM2.5-1HR
956,NOR_NO0143A,2024-11-12,12.88,1.73,97.58,0,1.18,287.16,1033.7,19064.3,5.79,10.606,3100.0,0.013,PM2.5-1HR
956,NOR_NO0149A,2024-11-12,8.07,1.66,97.62,0,1.2,285.6,1033.68,1999.9,5.9,10.76,3100.0,0.292,PM2.5-1HR
956,NOR_NO0150A,2024-11-12,36.86,1.68,97.57,0,1.2,286.34,1033.68,4900.03,5.9,10.76,3100.0,0.006,PM2.5-1HR
956,NOR_NO0152A,2024-11-12,12.47,1.76,97.59,0,1.17,287.44,1033.7,1968.48,6,10.9,3100.0,1.811,PM2.5-1HR
956,NOR_NO0153A,2024-11-12,17.93,1.77,97.4,0,1.12,287.13,1033.76,1482.8,6.64,11.796,3100.0,0.011,PM2.5-1HR
956,NOR_NO0072A,2024-11-13,9.97,2.99,95.71,0,1.24,277.41,1022.68,4147.97,4.97,9.458,3100.0,0.082,PM2.5-1HR
956,NOR_NO0071A,2024-11-13,7.12,3.15,95.94,0,1.3,270.29,1022.64,5739.15,4.71,9.094,3100.0,0.019,PM2.5-1HR
956,NOR_NO0057A,2024-11-13,7.74,3.08,95.86,0,1.38,269.28,1022.65,720.61,4.9,9.36,3100.0,0.047,PM2.5-1HR
956,NOR_NO0011A,2024-11-13,8.13,3,95.66,0,1.28,277.68,1022.67,11078.92,4.97,9.458,3100.0,0.041,PM2.5-1HR
956,NOR_NO0073A,2024-11-13,8.09,3.06,95.75,0,1.29,275.64,1022.66,19621.92,4.71,9.094,3100.0,0.25,PM2.5-1HR
956,NOR_NO0083A,2024-11-13,17.66,3,95.72,0,1.24,277.33,1022.67,4891.31,4.97,9.458,3100.0,0.017,PM2.5-1HR
956,NOR_NO0093A,2024-11-13,7.59,3.03,95.76,0,1.24,276.93,1022.67,3843.84,4.97,9.458,3100.0,0.0,PM2.5-1HR
956,NOR_NO0095A,2024-11-13,7.81,2.94,95.64,0,1.25,278.08,1022.69,3541.34,4.91,9.374,3100.0,0.011,PM2.5-1HR
956,NOR_NO0114A,2024-11-13,10.09,2.87,95.67,0,1.18,278.3,1022.7,2808.28,5.51,10.214,3100.0,0.018,PM2.5-1HR
956,NOR_NO0122A,2024-11-13,10.37,3.09,95.87,0,1.38,269.02,1022.65,3142.01,4.9,9.36,3100.0,0.01,PM2.5-1HR
956,NOR_NO0129A,2024-11-13,10.09,3.13,96.02,0,1.51,262.63,1022.63,5191.94,4.01,8.114,3100.0,0.013,PM2.5-1HR
956,NOR_NO0140A,2024-11-13,12.64,3.06,95.77,0,1.26,276.77,1022.66,3888.58,4.97,9.458,3100.0,0.209,PM2.5-1HR
956,NOR_NO0143A,2024-11-13,12.62,3.08,95.78,0,1.28,275.33,1022.66,19064.3,4.71,9.094,3100.0,0.013,PM2.5-1HR
956,NOR_NO0149A,2024-11-13,6.33,3.11,95.88,0,1.34,270.38,1022.65,1999.9,4.71,9.094,3100.0,0.292,PM2.5-1HR
956,NOR_NO0150A,2024-11-13,25.47,3.06,95.78,0,1.33,272.84,1022.66,4900.03,4.71,9.094,3100.0,0.006,PM2.5-1HR
956,NOR_NO0152A,2024-11-13,12.68,3.09,95.8,0,1.25,276.4,1022.66,1968.48,4.97,9.458,3100.0,1.811,PM2.5-1HR
956,NOR_NO0153A,2024-11-13,18.03,2.91,95.74,0,1.16,277.61,1022.69,1482.8,5.51,10.214,3100.0,0.011,PM2.5-1HR
956,NOR_NO0095A,2024-11-14,11.07,2.09,89.53,0,2.24,272.65,1017.53,3541.34,3.2,6.98,3100.0,0.011,PM2.5-1HR
956,NOR_NO0114A,2024-11-14,13.76,2.07,89.89,0,2.19,272.18,1017.59,2808.28,3.12,6.868,3100.0,0.018,PM2.5-1HR
956,NOR_NO0122A,2024-11-14,19.89,2.14,88.71,0,2.29,270.03,1017.47,3142.01,3.47,7.358,3100.0,0.01,PM2.5-1HR
956,NOR_NO0129A,2024-11-14,18.31,2.09,88.16,0,2.31,267.56,1017.45,5191.94,3.73,7.722,3100.0,0.013,PM2.5-1HR
956,NOR_NO0140A,2024-11-14,14.05,2.22,89.35,0,2.27,272.13,1017.51,3888.58,3.23,7.022,3100.0,0.209,PM2.5-1HR
956,NOR_NO0143A,2024-11-14,17.92,2.21,89.2,0,2.28,271.85,1017.5,19064.3,3.27,7.078,3100.0,0.013,PM2.5-1HR
956,NOR_NO0011A,2024-11-14,14.49,2.14,89.31,0,2.28,272.74,1017.5,11078.92,3.23,7.022,3100.0,0.041,PM2.5-1HR
956,NOR_NO0057A,2024-11-14,13.61,2.13,88.71,0,2.29,270.11,1017.47,720.61,3.47,7.358,3100.0,0.047,PM2.5-1HR
956,NOR_NO0071A,2024-11-14,16.84,2.26,88.94,0,2.28,270.33,1017.5,5739.15,3.31,7.134,3100.0,0.019,PM2.5-1HR
956,NOR_NO0072A,2024-11-14,16.47,2.16,89.5,0,2.25,272.29,1017.53,4147.97,3.23,7.022,3100.0,0.082,PM2.5-1HR
956,NOR_NO0073A,2024-11-14,12.69,2.19,89.18,0,2.28,272.04,1017.49,19621.92,3.27,7.078,3100.0,0.25,PM2.5-1HR
956,NOR_NO0083A,2024-11-14,14.68,2.16,89.48,0,2.25,272.28,1017.53,4891.31,3.23,7.022,3100.0,0.017,PM2.5-1HR
956,NOR_NO0093A,2024-11-14,11.72,2.2,89.48,0,2.25,272.03,1017.53,3843.84,3.23,7.022,3100.0,0.0,PM2.5-1HR
956,NOR_NO0149A,2024-11-14,13.59,2.19,88.86,0,2.28,270.45,1017.48,1999.9,3.31,7.134,3100.0,0.292,PM2.5-1HR
956,NOR_NO0150A,2024-11-14,45.74,2.15,88.97,0,2.29,271.28,1017.48,4900.03,3.31,7.134,3100.0,0.006,PM2.5-1HR
956,NOR_NO0152A,2024-11-14,18.26,2.25,89.33,0,2.28,271.95,1017.51,1968.48,3.23,7.022,3100.0,1.811,PM2.5-1HR
956,NOR_NO0153A,2024-11-14,24.23,2.14,89.91,0,2.18,271.7,1017.59,1482.8,3.12,6.868,3100.0,0.011,PM2.5-1HR
956,NOR_NO0011A,2024-11-15,11.86,4.83,87.86,0,2.65,248.97,1009.45,11078.92,1.5,4.6,3100.0,0.041,PM2.5-1HR
956,NOR_NO0057A,2024-11-15,15.55,4.98,87.47,0,2.89,245.73,1009.43,720.61,1.46,4.544,3100.0,0.047,PM2.5-1HR
956,NOR_NO0071A,2024-11-15,9.01,4.93,87.88,0,2.82,246.03,1009.48,5739.15,1.5,4.6,3100.0,0.019,PM2.5-1HR
956,NOR_NO0072A,2024-11-15,16.13,4.78,88.08,0,2.61,248.71,1009.48,4147.97,1.5,4.6,3100.0,0.082,PM2.5-1HR
956,NOR_NO0073A,2024-11-15,18.59,4.88,87.86,0,2.71,248.1,1009.45,19621.92,1.48,4.572,3100.0,0.25,PM2.5-1HR
956,NOR_NO0083A,2024-11-15,14.39,4.79,88.08,0,2.62,248.68,1009.48,4891.31,1.5,4.6,3100.0,0.017,PM2.5-1HR
956,NOR_NO0093A,2024-11-15,15.93,4.79,88.14,0,2.63,248.45,1009.49,3843.84,1.5,4.6,3100.0,0.0,PM2.5-1HR
956,NOR_NO0095A,2024-11-15,10.85,4.75,88.01,0,2.57,249.08,1009.48,3541.34,1.54,4.656,3100.0,0.011,PM2.5-1HR
956,NOR_NO0114A,2024-11-15,14.8,4.63,88.32,0,2.47,249,1009.53,2808.28,1.68,4.852,3100.0,0.018,PM2.5-1HR
956,NOR_NO0122A,2024-11-15,16.36,4.98,87.49,0,2.89,245.63,1009.44,3142.01,1.46,4.544,3100.0,0.01,PM2.5-1HR
956,NOR_NO0129A,2024-11-15,12.32,5.11,87.05,0,3.12,243.14,1009.42,5191.94,1.31,4.334,3100.0,0.013,PM2.5-1HR
956,NOR_NO0140A,2024-11-15,19.42,4.84,88.05,0,2.67,248.43,1009.47,3888.58,1.5,4.6,3100.0,0.209,PM2.5-1HR
956,NOR_NO0143A,2024-11-15,18.03,4.88,87.92,0,2.72,247.94,1009.46,19064.3,1.48,4.572,3100.0,0.013,PM2.5-1HR
956,NOR_NO0149A,2024-11-15,13.84,4.95,87.68,0,2.84,246.12,1009.46,1999.9,1.5,4.6,3100.0,0.292,PM2.5-1HR
956,NOR_NO0150A,2024-11-15,48.29,4.93,87.66,0,2.79,247.09,1009.44,4900.03,1.5,4.6,3100.0,0.006,PM2.5-1HR
956,NOR_NO0152A,2024-11-15,23.39,4.85,88.09,0,2.69,248.23,1009.48,1968.48,1.5,4.6,3100.0,1.811,PM2.5-1HR
956,NOR_NO0153A,2024-11-15,16.79,4.64,88.44,0,2.49,248.59,1009.55,1482.8,1.68,4.852,3100.0,0.011,PM2.5-1HR
956,NOR_NO0011A,2024-11-16,3,6.26,63.77,0,5.56,225.44,991.75,11078.92,0.72,3.508,3100.0,0.041,PM2.5-1HR
956,NOR_NO0057A,2024-11-16,3.02,6.39,63.09,0,5.78,225.22,991.78,720.61,0.76,3.564,3100.0,0.047,PM2.5-1HR
956,NOR_NO0071A,2024-11-16,4.39,6.49,63.12,0,5.73,224.82,991.9,5739.15,0.73,3.522,3100.0,0.019,PM2.5-1HR
956,NOR_NO0072A,2024-11-16,2.7,6.3,63.78,0,5.49,225.44,991.81,4147.97,0.72,3.508,3100.0,0.082,PM2.5-1HR
956,NOR_NO0073A,2024-11-16,3.25,6.35,63.53,0,5.63,225.14,991.8,19621.92,0.72,3.508,3100.0,0.25,PM2.5-1HR
956,NOR_NO0083A,2024-11-16,8.55,6.31,63.76,0,5.51,225.39,991.81,4891.31,0.72,3.508,3100.0,0.017,PM2.5-1HR
956,NOR_NO0093A,2024-11-16,2.6,6.35,63.67,0,5.52,225.23,991.84,3843.84,0.72,3.508,3100.0,0.0,PM2.5-1HR
956,NOR_NO0095A,2024-11-16,4.35,6.23,63.94,0,5.46,225.72,991.76,3541.34,0.76,3.564,3100.0,0.011,PM2.5-1HR
956,NOR_NO0114A,2024-11-16,2.45,6.22,64.09,0,5.3,226.05,991.82,2808.28,0.82,3.648,3100.0,0.018,PM2.5-1HR
956,NOR_NO0122A,2024-11-16,5.72,6.4,63.07,0,5.79,225.19,991.8,3142.01,0.76,3.564,3100.0,0.01,PM2.5-1HR
956,NOR_NO0129A,2024-11-16,3.53,6.47,62.5,0,5.97,225.2,991.79,5191.94,0.51,3.214,3100.0,0.013,PM2.5-1HR
956,NOR_NO0140A,2024-11-16,6.86,6.37,63.6,0,5.58,225.08,991.83,3888.58,0.72,3.508,3100.0,0.209,PM2.5-1HR
956,NOR_NO0143A,2024-11-16,2.84,6.38,63.49,0,5.63,225.05,991.82,19064.3,0.72,3.508,3100.0,0.013,PM2.5-1HR
956,NOR_NO0149A,2024-11-16,3.12,6.42,63.15,0,5.74,225.05,991.83,1999.9,0.73,3.522,3100.0,0.292,PM2.5-1HR
956,NOR_NO0150A,2024-11-16,4.56,6.35,63.36,0,5.7,225.22,991.78,4900.03,0.73,3.522,3100.0,0.006,PM2.5-1HR
956,NOR_NO0152A,2024-11-16,9.91,6.41,63.52,0,5.61,224.91,991.85,1968.48,0.72,3.508,3100.0,1.811,PM2.5-1HR
956,NOR_NO0153A,2024-11-16,5.84,6.3,63.93,0,5.31,225.85,991.89,1482.8,0.82,3.648,3100.0,0.011,PM2.5-1HR
956,NOR_NO0011A,2024-11-17,9.96,3.81,62.56,0,3.47,268.41,987.1,11078.92,1.56,4.684,3100.0,0.041,PM2.5-1HR
956,NOR_NO0057A,2024-11-17,7.92,3.74,62.37,0,3.6,269.23,987.04,720.61,1.57,4.698,3100.0,0.047,PM2.5-1HR
956,NOR_NO0071A,2024-11-17,7.72,3.84,62.73,0,3.55,268.88,987.1,5739.15,1.64,4.796,3100.0,0.019,PM2.5-1HR
956,NOR_NO0072A,2024-11-17,13.23,3.88,62.68,0,3.42,268.02,987.14,4147.97,1.56,4.684,3100.0,0.082,PM2.5-1HR
956,NOR_NO0073A,2024-11-17,13.92,3.8,62.62,0,3.5,268.7,987.09,19621.92,1.65,4.81,3100.0,0.25,PM2.5-1HR
956,NOR_NO0083A,2024-11-17,23.82,3.88,62.68,0,3.43,268.08,987.14,4891.31,1.56,4.684,3100.0,0.017,PM2.5-1HR
956,NOR_NO0093A,2024-11-17,13.05,3.89,62.75,0,3.44,268.13,987.15,3843.84,1.56,4.684,3100.0,0.0,PM2.5-1HR
956,NOR_NO0095A,2024-11-17,8.08,3.87,62.58,0,3.41,267.85,987.14,3541.34,1.55,4.67,3100.0,0.011,PM2.5-1HR
956,NOR_NO0114A,2024-11-17,9.65,3.99,62.68,0,3.32,266.96,987.22,2808.28,1.63,4.782,3100.0,0.018,PM2.5-1HR
956,NOR_NO0122A,2024-11-17,16,3.75,62.39,0,3.6,269.22,987.05,3142.01,1.57,4.698,3100.0,0.01,PM2.5-1HR
956,NOR_NO0129A,2024-11-17,12.32,3.69,62.11,0,3.71,269.8,987,5191.94,1.6,4.74,3100.0,0.013,PM2.5-1HR
956,NOR_NO0140A,2024-11-17,14.2,3.85,62.73,0,3.47,268.44,987.12,3888.58,1.56,4.684,3100.0,0.209,PM2.5-1HR
956,NOR_NO0143A,2024-11-17,14.32,3.82,62.67,0,3.5,268.67,987.1,19064.3,1.65,4.81,3100.0,0.013,PM2.5-1HR
956,NOR_NO0149A,2024-11-17,8.07,3.79,62.54,0,3.57,269.02,987.07,1999.9,1.64,4.796,3100.0,0.292,PM2.5-1HR
956,NOR_NO0150A,2024-11-17,19.59,3.77,62.48,0,3.55,268.95,987.07,4900.03,1.64,4.796,3100.0,0.006,PM2.5-1HR
956,NOR_NO0152A,2024-11-17,16.91,3.86,62.79,0,3.48,268.54,987.12,1968.48,1.56,4.684,3100.0,1.811,PM2.5-1HR
956,NOR_NO0153A,2024-11-17,5.26,4.03,62.78,0,3.32,267.02,987.24,1482.8,1.63,4.782,3100.0,0.011,PM2.5-1HR
956,NOR_NO0011A,2024-11-18,9.96,0.15,70.33,0,2.18,288.67,994.4,11078.92,2.77,6.378,3100.0,0.041,PM2.5-1HR
956,NOR_NO0057A,2024-11-18,17.74,-0.23,70.96,0,2.27,289.38,994.35,720.61,3.22,7.008,3100.0,0.047,PM2.5-1HR
956,NOR_NO0071A,2024-11-18,10.49,0.07,70.59,0,2.27,289.07,994.37,5739.15,3.01,6.714,3100.0,0.019,PM2.5-1HR
956,NOR_NO0072A,2024-11-18,17.94,0.33,70.26,0,2.18,288.1,994.42,4147.97,2.77,6.378,3100.0,0.082,PM2.5-1HR
956,NOR_NO0073A,2024-11-18,13.93,0.11,70.34,0,2.22,288.98,994.38,19621.92,3.01,6.714,3100.0,0.25,PM2.5-1HR
956,NOR_NO0083A,2024-11-18,36.72,0.32,70.25,0,2.18,288.18,994.42,4891.31,2.77,6.378,3100.0,0.017,PM2.5-1HR
956,NOR_NO0093A,2024-11-18,13.18,0.35,70.19,0,2.2,288.23,994.42,3843.84,2.77,6.378,3100.0,0.0,PM2.5-1HR
956,NOR_NO0095A,2024-11-18,12.73,0.3,70.37,0,2.15,287.9,994.43,3541.34,2.55,6.07,3100.0,0.011,PM2.5-1HR
956,NOR_NO0114A,2024-11-18,13.12,0.59,70.33,0,2.13,286.67,994.48,2808.28,2.23,5.622,3100.0,0.018,PM2.5-1HR
956,NOR_NO0122A,2024-11-18,33.88,-0.22,70.96,0,2.27,289.37,994.35,3142.01,3.22,7.008,3100.0,0.01,PM2.5-1HR
956,NOR_NO0129A,2024-11-18,26.52,-0.61,71.71,0,2.33,289.79,994.31,5191.94,3.73,7.722,3100.0,0.013,PM2.5-1HR
956,NOR_NO0140A,2024-11-18,13.58,0.26,70.18,0,2.21,288.66,994.4,3888.58,2.77,6.378,3100.0,0.209,PM2.5-1HR
956,NOR_NO0143A,2024-11-18,20.7,0.15,70.31,0,2.22,288.93,994.38,19064.3,3.01,6.714,3100.0,0.013,PM2.5-1HR
956,NOR_NO0149A,2024-11-18,13.32,-0.07,70.74,0,2.26,289.21,994.36,1999.9,3.01,6.714,3100.0,0.292,PM2.5-1HR
956,NOR_NO0150A,2024-11-18,39.33,-0.06,70.63,0,2.23,289.18,994.37,4900.03,3.01,6.714,3100.0,0.006,PM2.5-1HR
956,NOR_NO0152A,2024-11-18,20.05,0.27,70.13,0,2.22,288.78,994.39,1968.48,2.77,6.378,3100.0,1.811,PM2.5-1HR
956,NOR_NO0153A,2024-11-18,11.26,0.66,70.18,0,2.15,286.69,994.48,1482.8,2.23,5.622,3100.0,0.011,PM2.5-1HR
956,NOR_NO0011A,2024-11-19,2.39,-0.71,88.27,0.09,2.33,15.36,995.34,11078.92,1.09,4.026,3100.0,0.041,PM2.5-1HR
956,NOR_NO0057A,2024-11-19,4.17,-1.03,88.45,0.08,2.39,17.47,995.32,720.61,1.27,4.278,3100.0,0.047,PM2.5-1HR
956,NOR_NO0071A,2024-11-19,5.09,-0.74,88.42,0.08,2.38,16.15,995.29,5739.15,1.23,4.222,3100.0,0.019,PM2.5-1HR
956,NOR_NO0072A,2024-11-19,4.69,-0.56,88.33,0.09,2.31,13.9,995.33,4147.97,1.09,4.026,3100.0,0.082,PM2.5-1HR
956,NOR_NO0073A,2024-11-19,3.71,-0.73,88.3,0.09,2.36,15.94,995.32,19621.92,1.2,4.18,3100.0,0.25,PM2.5-1HR
956,NOR_NO0083A,2024-11-19,17.58,-0.57,88.33,0.09,2.31,14.08,995.33,4891.31,1.09,4.026,3100.0,0.017,PM2.5-1HR
956,NOR_NO0093A,2024-11-19,6,-0.53,88.34,0.09,2.32,14.04,995.31,3843.84,1.09,4.026,3100.0,0.0,PM2.5-1HR
956,NOR_NO0114A,2024-11-19,3.49,-0.37,88.44,0.1,2.23,10.74,995.34,2808.28,1.06,3.984,3100.0,0.018,PM2.5-1HR
956,NOR_NO0122A,2024-11-19,4.72,-1.02,88.46,0.08,2.39,17.42,995.32,3142.01,1.27,4.278,3100.0,0.01,PM2.5-1HR
956,NOR_NO0129A,2024-11-19,6.38,-1.36,88.67,0.07,2.43,19.08,995.31,5191.94,1.19,4.166,3100.0,0.013,PM2.5-1HR
956,NOR_NO0140A,2024-11-19,3.68,-0.6,88.3,0.09,2.34,15,995.31,3888.58,1.09,4.026,3100.0,0.209,PM2.5-1HR
956,NOR_NO0143A,2024-11-19,4.87,-0.69,88.31,0.09,2.36,15.76,995.31,19064.3,1.2,4.18,3100.0,0.013,PM2.5-1HR
956,NOR_NO0149A,2024-11-19,4.2,-0.88,88.42,0.08,2.38,16.76,995.31,1999.9,1.23,4.222,3100.0,0.292,PM2.5-1HR
956,NOR_NO0150A,2024-11-19,29.35,-0.88,88.36,0.08,2.37,16.7,995.33,4900.03,1.23,4.222,3100.0,0.006,PM2.5-1HR
956,NOR_NO0152A,2024-11-19,3.43,-0.58,88.31,0.08,2.35,15.19,995.3,1968.48,1.09,4.026,3100.0,1.811,PM2.5-1HR
956,NOR_NO0153A,2024-11-19,2.86,-0.28,88.47,0.1,2.24,10.36,995.32,1482.8,1.06,3.984,3100.0,0.011,PM2.5-1HR
956,NOR_NO0095A,2024-11-19,3.92,-0.6,88.33,0.1,2.29,13.74,995.35,3541.34,1.17,4.138,3100.0,0.011,PM2.5-1HR
956,NOR_NO0011A,2024-11-20,2.15,-1.63,77.34,0,3.25,4.97,995.64,11078.92,0.8,3.62,3100.0,0.041,PM2.5-1HR
956,NOR_NO0057A,2024-11-20,2.66,-1.79,76.93,0,3.31,5.52,995.57,720.61,0.9,3.76,3100.0,0.047,PM2.5-1HR
956,NOR_NO0071A,2024-11-20,6.43,-1.57,77.57,0,3.31,4.66,995.55,5739.15,0.85,3.69,3100.0,0.019,PM2.5-1HR
956,NOR_NO0072A,2024-11-20,2.69,-1.51,77.72,0,3.21,3.96,995.64,4147.97,0.8,3.62,3100.0,0.082,PM2.5-1HR
956,NOR_NO0073A,2024-11-20,3.17,-1.62,77.38,0,3.28,5.09,995.61,19621.92,0.86,3.704,3100.0,0.25,PM2.5-1HR
956,NOR_NO0083A,2024-11-20,17.92,-1.51,77.71,0,3.21,4.06,995.64,4891.31,0.8,3.62,3100.0,0.017,PM2.5-1HR
956,NOR_NO0093A,2024-11-20,6.03,-1.47,77.82,0,3.22,3.95,995.62,3843.84,0.8,3.62,3100.0,0.0,PM2.5-1HR
956,NOR_NO0095A,2024-11-20,4.39,-1.55,77.57,0,3.18,4,995.67,3541.34,0.85,3.69,3100.0,0.011,PM2.5-1HR
956,NOR_NO0114A,2024-11-20,4.01,-1.38,78.12,0,3.08,2.1,995.7,2808.28,0.75,3.55,3100.0,0.018,PM2.5-1HR
956,NOR_NO0122A,2024-11-20,6.97,-1.78,76.97,0,3.32,5.46,995.57,3142.01,0.9,3.76,3100.0,0.01,PM2.5-1HR
956,NOR_NO0129A,2024-11-20,10.69,-1.96,76.49,0,3.35,5.85,995.53,5191.94,0.98,3.872,3100.0,0.013,PM2.5-1HR
956,NOR_NO0140A,2024-11-20,3.02,-1.52,77.66,0,3.26,4.54,995.61,3888.58,0.8,3.62,3100.0,0.209,PM2.5-1HR
956,NOR_NO0143A,2024-11-20,6.17,-1.58,77.49,0,3.28,4.91,995.6,19064.3,0.86,3.704,3100.0,0.013,PM2.5-1HR
956,NOR_NO0149A,2024-11-20,4.26,-1.68,77.24,0,3.31,5.13,995.57,1999.9,0.85,3.69,3100.0,0.292,PM2.5-1HR
956,NOR_NO0150A,2024-11-20,33.14,-1.71,77.13,0,3.3,5.36,995.6,4900.03,0.85,3.69,3100.0,0.006,PM2.5-1HR
956,NOR_NO0152A,2024-11-20,4.27,-1.5,77.72,0,3.28,4.58,995.59,1968.48,0.8,3.62,3100.0,1.811,PM2.5-1HR
956,NOR_NO0153A,2024-11-20,1.36,-1.3,78.38,0,3.09,1.71,995.68,1482.8,0.75,3.55,3100.0,0.011,PM2.5-1HR
956,NOR_NO0011A,2024-11-21,3.17,-4.06,58.48,0,3.96,342.68,991.47,11078.92,1.34,4.376,3100.0,0.041,PM2.5-1HR
956,NOR_NO0057A,2024-11-21,7.61,-4.18,58.5,0,4.05,343.98,991.35,720.61,1.81,5.034,3100.0,0.047,PM2.5-1HR
956,NOR_NO0071A,2024-11-21,6.63,-4,59.22,0,4.02,343.37,991.36,5739.15,1.71,4.894,3100.0,0.019,PM2.5-1HR
956,NOR_NO0072A,2024-11-21,6.73,-3.98,59.29,0,3.88,341.85,991.5,4147.97,1.34,4.376,3100.0,0.082,PM2.5-1HR
956,NOR_NO0073A,2024-11-21,5.94,-4.04,58.49,0,4.01,343.14,991.42,19621.92,1.52,4.628,3100.0,0.25,PM2.5-1HR
956,NOR_NO0083A,2024-11-21,21.14,-3.98,59.22,0,3.9,341.97,991.49,4891.31,1.34,4.376,3100.0,0.017,PM2.5-1HR
956,NOR_NO0093A,2024-11-21,7.06,-3.94,59.33,0,3.91,342.02,991.48,3843.84,1.34,4.376,3100.0,0.0,PM2.5-1HR
956,NOR_NO0095A,2024-11-21,7.32,-4.03,59.23,0,3.85,341.61,991.53,3541.34,1,3.9,3100.0,0.011,PM2.5-1HR
956,NOR_NO0114A,2024-11-21,8.55,-3.94,60.63,0,3.68,339.71,991.61,2808.28,0.72,3.508,3100.0,0.018,PM2.5-1HR
956,NOR_NO0122A,2024-11-21,20.55,-4.17,58.58,0,4.05,343.96,991.34,3142.01,1.81,5.034,3100.0,0.01,PM2.5-1HR
956,NOR_NO0129A,2024-11-21,17.95,-4.33,58.72,0,4.11,344.92,991.25,5191.94,2.67,6.238,3100.0,0.013,PM2.5-1HR
956,NOR_NO0140A,2024-11-21,4.48,-3.97,58.88,0,3.97,342.64,991.44,3888.58,1.34,4.376,3100.0,0.209,PM2.5-1HR
956,NOR_NO0143A,2024-11-21,8.58,-4.01,58.66,0,4.01,343.08,991.42,19064.3,1.52,4.628,3100.0,0.013,PM2.5-1HR
956,NOR_NO0149A,2024-11-21,6.66,-4.09,58.79,0,4.04,343.63,991.36,1999.9,1.71,4.894,3100.0,0.292,PM2.5-1HR
956,NOR_NO0150A,2024-11-21,27.14,-4.12,58.42,0,4.03,343.54,991.39,4900.03,1.71,4.894,3100.0,0.006,PM2.5-1HR
956,NOR_NO0152A,2024-11-21,6.69,-3.94,58.88,0,3.99,342.82,991.42,1968.48,1.34,4.376,3100.0,1.811,PM2.5-1HR
956,NOR_NO0153A,2024-11-21,2.94,-3.87,60.91,0,3.69,339.6,991.59,1482.8,0.72,3.508,3100.0,0.011,PM2.5-1HR
956,NOR_NO0011A,2024-11-22,15.58,-5.86,59.97,0,2.44,280.29,991.37,11078.92,4.77,9.178,3100.0,0.041,PM2.5-1HR
956,NOR_NO0057A,2024-11-22,21.4,-6.14,60.46,0,2.56,280.09,991.29,720.61,5.64,10.396,3100.0,0.047,PM2.5-1HR
956,NOR_NO0071A,2024-11-22,12.6,-6,59.76,0,2.5,279.73,991.33,5739.15,5.28,9.892,3100.0,0.019,PM2.5-1HR
956,NOR_NO0072A,2024-11-22,25.87,-5.79,60.23,0,2.39,279.84,991.41,4147.97,4.77,9.178,3100.0,0.082,PM2.5-1HR
956,NOR_NO0073A,2024-11-22,23.79,-5.91,59.61,0,2.47,280.19,991.34,19621.92,5.34,9.976,3100.0,0.25,PM2.5-1HR
956,NOR_NO0083A,2024-11-22,30.84,-5.8,60.13,0,2.39,279.87,991.4,4891.31,4.77,9.178,3100.0,0.017,PM2.5-1HR
956,NOR_NO0093A,2024-11-22,17.23,-5.79,59.89,0,2.4,279.77,991.4,3843.84,4.77,9.178,3100.0,0.0,PM2.5-1HR
956,NOR_NO0095A,2024-11-22,13.96,-5.79,60.73,0,2.38,279.95,991.42,3541.34,3.44,7.316,3100.0,0.011,PM2.5-1HR
956,NOR_NO0114A,2024-11-22,20.47,-5.67,61.7,0,2.28,279.18,991.51,2808.28,2.98,6.672,3100.0,0.018,PM2.5-1HR
956,NOR_NO0122A,2024-11-22,38.61,-6.14,60.45,0,2.56,280.05,991.29,3142.01,5.64,10.396,3100.0,0.01,PM2.5-1HR
956,NOR_NO0129A,2024-11-22,31.75,-6.43,61.45,0,2.67,279.88,991.24,5191.94,7.9,13.56,3100.0,0.013,PM2.5-1HR
956,NOR_NO0140A,2024-11-22,20.25,-5.83,59.5,0,2.43,279.99,991.37,3888.58,4.77,9.178,3100.0,0.209,PM2.5-1HR
956,NOR_NO0143A,2024-11-22,27,-5.89,59.51,0,2.46,280.09,991.34,19064.3,5.34,9.976,3100.0,0.013,PM2.5-1HR
956,NOR_NO0149A,2024-11-22,14.29,-6.06,60.08,0,2.52,279.96,991.32,1999.9,5.28,9.892,3100.0,0.292,PM2.5-1HR
956,NOR_NO0150A,2024-11-22,38.05,-6.01,60.03,0,2.51,280.19,991.32,4900.03,5.28,9.892,3100.0,0.006,PM2.5-1HR
956,NOR_NO0152A,2024-11-22,28.37,-5.83,59.22,0,2.44,279.96,991.36,1968.48,4.77,9.178,3100.0,1.811,PM2.5-1HR
956,NOR_NO0153A,2024-11-22,10.62,-5.65,61.34,0,2.27,278.93,991.51,1482.8,2.98,6.672,3100.0,0.011,PM2.5-1HR
956,NOR_NO0011A,2024-11-23,18.68,-2.19,72.14,0,1.9,248.11,1002.28,11078.92,5.73,10.522,3100.0,0.041,PM2.5-1HR
956,NOR_NO0057A,2024-11-23,20.97,-2.67,72.02,0,2.07,241.89,1002.25,720.61,5.59,10.326,3100.0,0.047,PM2.5-1HR
956,NOR_NO0071A,2024-11-23,14.87,-2.35,71.61,0,2.02,241.07,1002.29,5739.15,5.79,10.606,3100.0,0.019,PM2.5-1HR
956,NOR_NO0072A,2024-11-23,23.42,-2.05,72.12,0,1.87,247.85,1002.31,4147.97,5.73,10.522,3100.0,0.082,PM2.5-1HR
956,NOR_NO0073A,2024-11-23,26.35,-2.24,71.84,0,1.95,245.1,1002.28,19621.92,6.05,10.97,3100.0,0.25,PM2.5-1HR
956,NOR_NO0083A,2024-11-23,23.21,-2.06,72.07,0,1.87,247.5,1002.31,4891.31,5.73,10.522,3100.0,0.017,PM2.5-1HR
956,NOR_NO0093A,2024-11-23,19.3,-2.02,71.89,0,1.88,246.21,1002.31,3843.84,5.73,10.522,3100.0,0.0,PM2.5-1HR
956,NOR_NO0095A,2024-11-23,19.99,-2.1,72.46,0,1.85,250.73,1002.32,3541.34,5.49,10.186,3100.0,0.011,PM2.5-1HR
956,NOR_NO0114A,2024-11-23,23.07,-1.9,72.72,0,1.77,254.56,1002.37,2808.28,5.77,10.578,3100.0,0.018,PM2.5-1HR
956,NOR_NO0122A,2024-11-23,26.16,-2.67,71.99,0,2.08,241.63,1002.25,3142.01,5.59,10.326,3100.0,0.01,PM2.5-1HR
956,NOR_NO0129A,2024-11-23,24.72,-3.17,72.15,0,2.24,238.65,1002.22,5191.94,4.79,9.206,3100.0,0.013,PM2.5-1HR
956,NOR_NO0140A,2024-11-23,25.15,-2.08,71.75,0,1.91,245.45,1002.3,3888.58,5.73,10.522,3100.0,0.209,PM2.5-1HR
956,NOR_NO0143A,2024-11-23,27.84,-2.2,71.74,0,1.95,244.5,1002.28,19064.3,6.05,10.97,3100.0,0.013,PM2.5-1HR
956,NOR_NO0149A,2024-11-23,16.64,-2.49,71.84,0,2.04,241.88,1002.27,1999.9,5.79,10.606,3100.0,0.292,PM2.5-1HR
956,NOR_NO0150A,2024-11-23,41.69,-2.45,71.96,0,2,243.79,1002.26,4900.03,5.79,10.606,3100.0,0.006,PM2.5-1HR
956,NOR_NO0152A,2024-11-23,30.13,-2.06,71.58,0,1.93,244.48,1002.29,1968.48,5.73,10.522,3100.0,1.811,PM2.5-1HR
956,NOR_NO0153A,2024-11-23,7.95,-1.81,72.36,0,1.77,251.58,1002.39,1482.8,5.77,10.578,3100.0,0.011,PM2.5-1HR
956,NOR_NO0011A,2024-11-24,4.75,-0.61,94.59,0.59,2.34,91.92,997.97,11078.92,2.48,5.972,3100.0,0.041,PM2.5-1HR
956,NOR_NO0057A,2024-11-24,6.65,-0.55,94.29,0.56,2.57,105.87,998,720.61,2.87,6.518,3100.0,0.047,PM2.5-1HR
956,NOR_NO0071A,2024-11-24,7.2,-0.37,94.66,0.57,2.55,103.98,997.94,5739.15,2.68,6.252,3100.0,0.019,PM2.5-1HR
956,NOR_NO0072A,2024-11-24,9.6,-0.54,94.84,0.58,2.3,90.32,997.94,4147.97,2.48,5.972,3100.0,0.082,PM2.5-1HR
956,NOR_NO0073A,2024-11-24,10.46,-0.53,94.59,0.58,2.42,96.89,997.96,19621.92,2.58,6.112,3100.0,0.25,PM2.5-1HR
956,NOR_NO0083A,2024-11-24,11.06,-0.54,94.83,0.58,2.31,90.92,997.94,4891.31,2.48,5.972,3100.0,0.017,PM2.5-1HR
956,NOR_NO0093A,2024-11-24,7.1,-0.48,94.89,0.58,2.33,92.22,997.93,3843.84,2.48,5.972,3100.0,0.0,PM2.5-1HR
956,NOR_NO0095A,2024-11-24,6.93,-0.63,94.77,0.59,2.25,86.94,997.95,3541.34,2.44,5.916,3100.0,0.011,PM2.5-1HR
956,NOR_NO0114A,2024-11-24,9.5,-0.58,95.15,0.58,2.14,78.68,997.91,2808.28,2.46,5.944,3100.0,0.018,PM2.5-1HR
956,NOR_NO0122A,2024-11-24,10.14,-0.53,94.31,0.56,2.58,106.16,997.99,3142.01,2.87,6.518,3100.0,0.01,PM2.5-1HR
956,NOR_NO0129A,2024-11-24,9.81,-0.53,93.98,0.53,2.83,113.76,998.03,5191.94,2.46,5.944,3100.0,0.013,PM2.5-1HR
956,NOR_NO0140A,2024-11-24,11.39,-0.49,94.77,0.59,2.38,94.33,997.94,3888.58,2.48,5.972,3100.0,0.209,PM2.5-1HR
956,NOR_NO0143A,2024-11-24,13.13,-0.49,94.65,0.58,2.43,97.32,997.95,19064.3,2.58,6.112,3100.0,0.013,PM2.5-1HR
956,NOR_NO0149A,2024-11-24,7.67,-0.48,94.47,0.57,2.54,104.24,997.97,1999.9,2.68,6.252,3100.0,0.292,PM2.5-1HR
956,NOR_NO0150A,2024-11-24,13.39,-0.56,94.43,0.57,2.48,101.09,997.98,4900.03,2.68,6.252,3100.0,0.006,PM2.5-1HR
956,NOR_NO0152A,2024-11-24,12.15,-0.44,94.8,0.58,2.41,95.59,997.93,1968.48,2.48,5.972,3100.0,1.811,PM2.5-1HR
956,NOR_NO0153A,2024-11-24,3.52,-0.49,95.29,0.58,2.15,82.46,997.89,1482.8,2.46,5.944,3100.0,0.011,PM2.5-1HR
956,NOR_NO0011A,2024-11-25,4.3,5.64,93.87,0.28,3.66,190.45,989.04,11078.92,2.52,6.028,3100.0,0.041,PM2.5-1HR
956,NOR_NO0057A,2024-11-25,5.29,5.98,93.92,0.3,3.87,192.19,989.11,720.61,2.57,6.098,3100.0,0.047,PM2.5-1HR
956,NOR_NO0071A,2024-11-25,6.44,6.05,93.85,0.3,3.84,191.42,989.14,5739.15,2.45,5.93,3100.0,0.019,PM2.5-1HR
956,NOR_NO0072A,2024-11-25,8.71,5.63,93.79,0.27,3.59,189.78,989.03,4147.97,2.52,6.028,3100.0,0.082,PM2.5-1HR
956,NOR_NO0073A,2024-11-25,6.1,5.8,93.88,0.28,3.74,190.91,989.08,19621.92,2.58,6.112,3100.0,0.25,PM2.5-1HR
956,NOR_NO0083A,2024-11-25,7.82,5.65,93.8,0.28,3.6,189.87,989.04,4891.31,2.52,6.028,3100.0,0.017,PM2.5-1HR
956,NOR_NO0093A,2024-11-25,6.49,5.71,93.78,0.28,3.62,189.9,989.05,3843.84,2.52,6.028,3100.0,0.0,PM2.5-1HR
956,NOR_NO0095A,2024-11-25,6.21,5.52,93.8,0.27,3.53,189.6,989.01,3541.34,2.52,6.028,3100.0,0.011,PM2.5-1HR
956,NOR_NO0114A,2024-11-25,8.21,5.39,93.65,0.26,3.36,188.1,988.97,2808.28,2.44,5.916,3100.0,0.018,PM2.5-1HR
956,NOR_NO0122A,2024-11-25,9.87,6,93.92,0.3,3.87,192.19,989.12,3142.01,2.57,6.098,3100.0,0.01,PM2.5-1HR
956,NOR_NO0129A,2024-11-25,6.78,6.25,93.96,0.32,4.05,193.68,989.17,5191.94,2.16,5.524,3100.0,0.013,PM2.5-1HR
956,NOR_NO0140A,2024-11-25,11.87,5.77,93.83,0.28,3.69,190.37,989.07,3888.58,2.52,6.028,3100.0,0.209,PM2.5-1HR
956,NOR_NO0143A,2024-11-25,9.09,5.83,93.86,0.29,3.74,190.84,989.08,19064.3,2.58,6.112,3100.0,0.013,PM2.5-1HR
956,NOR_NO0149A,2024-11-25,6.05,5.99,93.89,0.3,3.84,191.73,989.12,1999.9,2.45,5.93,3100.0,0.292,PM2.5-1HR
956,NOR_NO0150A,2024-11-25,10.27,5.86,93.91,0.29,3.79,191.51,989.09,4900.03,2.45,5.93,3100.0,0.006,PM2.5-1HR
956,NOR_NO0152A,2024-11-25,16.72,5.84,93.83,0.28,3.72,190.48,989.09,1968.48,2.52,6.028,3100.0,1.811,PM2.5-1HR
956,NOR_NO0153A,2024-11-25,2.48,5.48,93.6,0.26,3.39,188.12,989,1482.8,2.44,5.916,3100.0,0.011,PM2.5-1HR
956,NOR_NO0011A,2024-11-26,5.07,5.57,90.41,0.22,3.88,218.76,996.15,11078.92,2.15,5.51,3100.0,0.041,PM2.5-1HR
956,NOR_NO0057A,2024-11-26,5.89,5.7,90.37,0.2,4.06,220.08,996.22,720.61,2.51,6.014,3100.0,0.047,PM2.5-1HR
956,NOR_NO0071A,2024-11-26,8.76,5.79,90.15,0.19,4.06,218.92,996.22,5739.15,2.35,5.79,3100.0,0.019,PM2.5-1HR
956,NOR_NO0072A,2024-11-26,8.57,5.58,90.33,0.22,3.81,218.4,996.14,4147.97,2.15,5.51,3100.0,0.082,PM2.5-1HR
956,NOR_NO0073A,2024-11-26,8.22,5.66,90.3,0.21,3.96,218.75,996.18,19621.92,2.34,5.776,3100.0,0.25,PM2.5-1HR
956,NOR_NO0083A,2024-11-26,7.43,5.59,90.32,0.22,3.83,218.38,996.15,4891.31,2.15,5.51,3100.0,0.017,PM2.5-1HR
956,NOR_NO0093A,2024-11-26,8.8,5.63,90.25,0.21,3.86,218.16,996.16,3843.84,2.15,5.51,3100.0,0.0,PM2.5-1HR
956,NOR_NO0095A,2024-11-26,4.93,5.5,90.46,0.22,3.75,218.72,996.13,3541.34,2.28,5.692,3100.0,0.011,PM2.5-1HR
956,NOR_NO0114A,2024-11-26,4.69,5.43,90.43,0.22,3.59,218.48,996.1,2808.28,1.84,5.076,3100.0,0.018,PM2.5-1HR
956,NOR_NO0122A,2024-11-26,8.24,5.71,90.36,0.2,4.06,220.03,996.22,3142.01,2.51,6.014,3100.0,0.01,PM2.5-1HR
956,NOR_NO0129A,2024-11-26,8.32,5.78,90.41,0.18,4.19,220.99,996.27,5191.94,2.64,6.196,3100.0,0.013,PM2.5-1HR
956,NOR_NO0140A,2024-11-26,8.1,5.67,90.23,0.21,3.93,218.21,996.17,3888.58,2.15,5.51,3100.0,0.209,PM2.5-1HR
956,NOR_NO0143A,2024-11-26,7.96,5.69,90.25,0.21,3.97,218.58,996.18,19064.3,2.34,5.776,3100.0,0.013,PM2.5-1HR
956,NOR_NO0149A,2024-11-26,6.66,5.73,90.28,0.2,4.05,219.48,996.21,1999.9,2.35,5.79,3100.0,0.292,PM2.5-1HR
956,NOR_NO0150A,2024-11-26,16.21,5.67,90.36,0.21,4,219.46,996.19,4900.03,2.35,5.79,3100.0,0.006,PM2.5-1HR
956,NOR_NO0152A,2024-11-26,18.7,5.71,90.17,0.21,3.96,218.03,996.18,1968.48,2.15,5.51,3100.0,1.811,PM2.5-1HR
956,NOR_NO0153A,2024-11-26,3.28,5.5,90.29,0.21,3.62,218.1,996.11,1482.8,1.84,5.076,3100.0,0.011,PM2.5-1HR
956,NOR_NO0011A,2024-11-27,1.7,2.15,83.84,0.01,3.25,7.08,1014.12,11078.92,0.72,3.508,3100.0,0.041,PM2.5-1HR
956,NOR_NO0057A,2024-11-27,3.89,2.1,84.37,0.01,3.33,8.94,1014.06,720.61,0.81,3.634,3100.0,0.047,PM2.5-1HR
956,NOR_NO0071A,2024-11-27,7.32,2.2,84.45,0.01,3.32,7.98,1014.03,5739.15,0.78,3.592,3100.0,0.019,PM2.5-1HR
956,NOR_NO0072A,2024-11-27,5.9,2.17,84.04,0.01,3.19,6.32,1014.11,4147.97,0.72,3.508,3100.0,0.082,PM2.5-1HR
956,NOR_NO0073A,2024-11-27,2.62,2.18,83.96,0.01,3.3,7.49,1014.09,19621.92,0.79,3.606,3100.0,0.25,PM2.5-1HR
956,NOR_NO0083A,2024-11-27,11.9,2.18,84.03,0.01,3.2,6.41,1014.11,4891.31,0.72,3.508,3100.0,0.017,PM2.5-1HR
956,NOR_NO0093A,2024-11-27,8.05,2.2,84.08,0.01,3.21,6.37,1014.09,3843.84,0.72,3.508,3100.0,0.0,PM2.5-1HR
956,NOR_NO0095A,2024-11-27,5.38,2.13,83.99,0.01,3.15,6.26,1014.14,3541.34,0.75,3.55,3100.0,0.011,PM2.5-1HR
956,NOR_NO0114A,2024-11-27,4.53,2.13,84.29,0,3.01,4.66,1014.16,2808.28,0.62,3.368,3100.0,0.018,PM2.5-1HR
956,NOR_NO0122A,2024-11-27,4.88,2.1,84.4,0.01,3.34,8.93,1014.06,3142.01,0.81,3.634,3100.0,0.01,PM2.5-1HR
956,NOR_NO0129A,2024-11-27,7.09,2.02,84.94,0.01,3.38,10.62,1014.02,5191.94,1.01,3.914,3100.0,0.013,PM2.5-1HR
956,NOR_NO0140A,2024-11-27,2.34,2.21,83.98,0.01,3.27,6.87,1014.08,3888.58,0.72,3.508,3100.0,0.209,PM2.5-1HR
956,NOR_NO0143A,2024-11-27,4.94,2.19,84.02,0.01,3.3,7.39,1014.08,19064.3,0.79,3.606,3100.0,0.013,PM2.5-1HR
956,NOR_NO0149A,2024-11-27,4.83,2.15,84.35,0.01,3.32,8.39,1014.05,1999.9,0.78,3.592,3100.0,0.292,PM2.5-1HR
956,NOR_NO0150A,2024-11-27,48.52,2.13,84.11,0.01,3.31,8.17,1014.08,4900.03,0.78,3.592,3100.0,0.006,PM2.5-1HR
956,NOR_NO0152A,2024-11-27,4.12,2.23,84.01,0.01,3.29,6.96,1014.07,1968.48,0.72,3.508,3100.0,1.811,PM2.5-1HR
956,NOR_NO0153A,2024-11-27,3.18,2.18,84.38,0,3.02,4.41,1014.13,1482.8,0.62,3.368,3100.0,0.011,PM2.5-1HR
956,NOR_NO0011A,2024-11-28,9.41,-1.79,82.42,0,2.3,346.73,1023.15,11078.92,1.35,4.39,3100.0,0.041,PM2.5-1HR
956,NOR_NO0057A,2024-11-28,11.76,-1.87,82.65,0,2.32,348.74,1023.09,720.61,1.58,4.712,3100.0,0.047,PM2.5-1HR
956,NOR_NO0071A,2024-11-28,11.96,-1.63,82.69,0,2.34,348.76,1023.06,5739.15,1.49,4.586,3100.0,0.019,PM2.5-1HR
956,NOR_NO0072A,2024-11-28,14.2,-1.75,82.81,0,2.28,346.12,1023.16,4147.97,1.35,4.39,3100.0,0.082,PM2.5-1HR
956,NOR_NO0073A,2024-11-28,7.38,-1.71,82.37,0,2.33,347.51,1023.12,19621.92,1.46,4.544,3100.0,0.25,PM2.5-1HR
956,NOR_NO0083A,2024-11-28,17.07,-1.74,82.76,0,2.28,346.26,1023.15,4891.31,1.35,4.39,3100.0,0.017,PM2.5-1HR
956,NOR_NO0093A,2024-11-28,10.88,-1.68,82.77,0,2.29,346.46,1023.14,3843.84,1.35,4.39,3100.0,0.0,PM2.5-1HR
956,NOR_NO0095A,2024-11-28,7.71,-1.86,82.87,0,2.25,345.67,1023.19,3541.34,1.34,4.376,3100.0,0.011,PM2.5-1HR
956,NOR_NO0114A,2024-11-28,12.27,-1.89,83.67,0,2.19,343.92,1023.22,2808.28,1.2,4.18,3100.0,0.018,PM2.5-1HR
956,NOR_NO0122A,2024-11-28,17.42,-1.85,82.67,0,2.33,348.83,1023.08,3142.01,1.58,4.712,3100.0,0.01,PM2.5-1HR
956,NOR_NO0129A,2024-11-28,18.15,-2.02,83.06,0,2.32,350.6,1023.05,5191.94,1.71,4.894,3100.0,0.013,PM2.5-1HR
956,NOR_NO0140A,2024-11-28,4.86,-1.65,82.5,0,2.32,347.09,1023.12,3888.58,1.35,4.39,3100.0,0.209,PM2.5-1HR
956,NOR_NO0143A,2024-11-28,10.79,-1.67,82.42,0,2.33,347.59,1023.11,19064.3,1.46,4.544,3100.0,0.013,PM2.5-1HR
956,NOR_NO0149A,2024-11-28,9.44,-1.75,82.63,0,2.33,348.61,1023.08,1999.9,1.49,4.586,3100.0,0.292,PM2.5-1HR
956,NOR_NO0150A,2024-11-28,22.57,-1.8,82.47,0,2.32,347.99,1023.11,4900.03,1.49,4.586,3100.0,0.006,PM2.5-1HR
956,NOR_NO0152A,2024-11-28,16.08,-1.59,82.43,0,2.34,347.41,1023.1,1968.48,1.35,4.39,3100.0,1.811,PM2.5-1HR
956,NOR_NO0153A,2024-11-28,6,-1.78,83.75,0,2.2,343.97,1023.2,1482.8,1.2,4.18,3100.0,0.011,PM2.5-1HR
956,NOR_NO0011A,2024-11-29,11.01,-2.22,95.53,0.05,0.98,219.27,1024.19,11078.92,3.91,7.974,3100.0,0.041,PM2.5-1HR
956,NOR_NO0057A,2024-11-29,14.04,-2.14,95.57,0.05,1.22,218,1024.17,720.61,4.62,8.968,3100.0,0.047,PM2.5-1HR
956,NOR_NO0071A,2024-11-29,13.99,-1.93,95.71,0.05,1.21,215.43,1024.16,5739.15,4.41,8.674,3100.0,0.019,PM2.5-1HR
956,NOR_NO0072A,2024-11-29,17.45,-2.15,95.55,0.05,0.96,217.43,1024.18,4147.97,3.91,7.974,3100.0,0.082,PM2.5-1HR
956,NOR_NO0073A,2024-11-29,14.22,-2.12,95.61,0.05,1.05,218.15,1024.18,19621.92,4.15,8.31,3100.0,0.25,PM2.5-1HR
956,NOR_NO0083A,2024-11-29,16.81,-2.15,95.56,0.05,0.97,217.45,1024.18,4891.31,3.91,7.974,3100.0,0.017,PM2.5-1HR
956,NOR_NO0093A,2024-11-29,10.3,-2.08,95.61,0.05,0.99,216.71,1024.18,3843.84,3.91,7.974,3100.0,0.0,PM2.5-1HR
956,NOR_NO0095A,2024-11-29,14.04,-2.26,95.46,0.05,0.91,218.48,1024.2,3541.34,3.81,7.834,3100.0,0.011,PM2.5-1HR
956,NOR_NO0114A,2024-11-29,16.8,-2.25,95.41,0.05,0.84,216.13,1024.2,2808.28,2.81,6.434,3100.0,0.018,PM2.5-1HR
956,NOR_NO0122A,2024-11-29,22.1,-2.11,95.58,0.05,1.23,217.71,1024.17,3142.01,4.62,8.968,3100.0,0.01,PM2.5-1HR
956,NOR_NO0129A,2024-11-29,19.59,-2.11,95.55,0.05,1.45,217.26,1024.17,5191.94,5.9,10.76,3100.0,0.013,PM2.5-1HR
956,NOR_NO0140A,2024-11-29,6.75,-2.07,95.64,0.05,1.02,217.22,1024.17,3888.58,3.91,7.974,3100.0,0.209,PM2.5-1HR
956,NOR_NO0143A,2024-11-29,17.21,-2.07,95.64,0.05,1.07,217.49,1024.17,19064.3,4.15,8.31,3100.0,0.013,PM2.5-1HR
956,NOR_NO0149A,2024-11-29,14.47,-2.05,95.63,0.05,1.2,216.95,1024.17,1999.9,4.41,8.674,3100.0,0.292,PM2.5-1HR
956,NOR_NO0150A,2024-11-29,26.3,-2.15,95.58,0.05,1.12,218.39,1024.18,4900.03,4.41,8.674,3100.0,0.006,PM2.5-1HR
956,NOR_NO0152A,2024-11-29,19.51,-2.01,95.69,0.05,1.05,216.7,1024.17,1968.48,3.91,7.974,3100.0,1.811,PM2.5-1HR
956,NOR_NO0153A,2024-11-29,5.08,-2.13,95.49,0.05,0.88,214.91,1024.19,1482.8,2.81,6.434,3100.0,0.011,PM2.5-1HR
956,NOR_NO0011A,2024-11-30,9.22,5.44,93.41,0.03,4.13,202.79,1017.56,11078.92,3.02,6.728,3100.0,0.041,PM2.5-1HR
956,NOR_NO0057A,2024-11-30,9.13,5.67,93.45,0.03,4.46,204.49,1017.6,720.61,3.01,6.714,3100.0,0.047,PM2.5-1HR
956,NOR_NO0071A,2024-11-30,6.97,5.76,93.4,0.03,4.43,203.36,1017.64,5739.15,3,6.7,3100.0,0.019,PM2.5-1HR
956,NOR_NO0072A,2024-11-30,13.55,5.42,93.35,0.03,4.04,201.94,1017.57,4147.97,3.02,6.728,3100.0,0.082,PM2.5-1HR
956,NOR_NO0073A,2024-11-30,10.54,5.58,93.42,0.03,4.26,203.12,1017.59,19621.92,2.98,6.672,3100.0,0.25,PM2.5-1HR
956,NOR_NO0083A,2024-11-30,12.68,5.44,93.36,0.03,4.07,202.03,1017.57,4891.31,3.02,6.728,3100.0,0.017,PM2.5-1HR
956,NOR_NO0093A,2024-11-30,0,5.5,93.35,0.03,4.1,201.97,1017.59,3843.84,3.02,6.728,3100.0,0.0,PM2.5-1HR
956,NOR_NO0095A,2024-11-30,9.03,5.3,93.36,0.03,3.96,201.9,1017.55,3541.34,3.06,6.784,3100.0,0.011,PM2.5-1HR
956,NOR_NO0114A,2024-11-30,10.05,5.14,93.25,0.03,3.73,200.2,1017.55,2808.28,2.76,6.364,3100.0,0.018,PM2.5-1HR
956,NOR_NO0122A,2024-11-30,10.92,5.68,93.45,0.03,4.47,204.45,1017.6,3142.01,3.01,6.714,3100.0,0.01,PM2.5-1HR
956,NOR_NO0129A,2024-11-30,7.49,5.81,93.48,0.03,4.72,205.92,1017.62,5191.94,2.9,6.56,3100.0,0.013,PM2.5-1HR
956,NOR_NO0140A,2024-11-30,10.39,5.57,93.39,0.03,4.2,202.48,1017.59,3888.58,3.02,6.728,3100.0,0.209,PM2.5-1HR
956,NOR_NO0143A,2024-11-30,12.13,5.61,93.41,0.03,4.27,202.98,1017.6,19064.3,2.98,6.672,3100.0,0.013,PM2.5-1HR
956,NOR_NO0149A,2024-11-30,8.37,5.69,93.42,0.03,4.42,203.87,1017.61,1999.9,3,6.7,3100.0,0.292,PM2.5-1HR
956,NOR_NO0150A,2024-11-30,9.44,5.6,93.44,0.03,4.34,203.79,1017.59,4900.03,3,6.7,3100.0,0.006,PM2.5-1HR
956,NOR_NO0152A,2024-11-30,21.98,5.64,93.39,0.03,4.25,202.53,1017.61,1968.48,3.02,6.728,3100.0,1.811,PM2.5-1HR
956,NOR_NO0153A,2024-11-30,3.13,5.24,93.21,0.03,3.78,200.04,1017.58,1482.8,2.76,6.364,3100.0,0.011,PM2.5-1HR
956,NOR_NO0095A,2024-12-01,5.1,7.5,93.69,0.02,4.66,192.62,1012.14,3541.34,1.02,3.928,3100.0,0.011,PM2.5-1HR
956,NOR_NO0093A,2024-12-01,0,7.63,93.72,0.02,4.76,193.11,1012.21,3843.84,0.99,3.886,3100.0,0.0,PM2.5-1HR
956,NOR_NO0083A,2024-12-01,6,7.59,93.71,0.02,4.74,193.03,1012.19,4891.31,0.99,3.886,3100.0,0.017,PM2.5-1HR
956,NOR_NO0073A,2024-12-01,5.65,7.7,93.74,0.02,4.9,194.31,1012.23,19621.92,1,3.9,3100.0,0.25,PM2.5-1HR
956,NOR_NO0072A,2024-12-01,5.49,7.58,93.71,0.02,4.72,192.91,1012.19,4147.97,0.99,3.886,3100.0,0.082,PM2.5-1HR
956,NOR_NO0071A,2024-12-01,4.42,7.82,93.79,0.02,4.99,195.23,1012.32,5739.15,1.01,3.914,3100.0,0.019,PM2.5-1HR
956,NOR_NO0057A,2024-12-01,4.09,7.76,93.76,0.02,5.03,196.13,1012.28,720.61,1.01,3.914,3100.0,0.047,PM2.5-1HR
956,NOR_NO0011A,2024-12-01,3.46,7.6,93.71,0.02,4.8,193.62,1012.18,11078.92,0.99,3.886,3100.0,0.041,PM2.5-1HR
956,NOR_NO0114A,2024-12-01,5.5,7.38,93.67,0.02,4.45,190.93,1012.11,2808.28,1.03,3.942,3100.0,0.018,PM2.5-1HR
956,NOR_NO0122A,2024-12-01,5.37,7.77,93.77,0.02,5.03,196.14,1012.28,3142.01,1.01,3.914,3100.0,0.01,PM2.5-1HR
956,NOR_NO0129A,2024-12-01,5.42,7.87,93.81,0.02,5.2,198.19,1012.34,5191.94,0.97,3.858,3100.0,0.013,PM2.5-1HR
956,NOR_NO0140A,2024-12-01,22.19,7.68,93.74,0.02,4.84,193.67,1012.23,3888.58,0.99,3.886,3100.0,0.209,PM2.5-1HR
956,NOR_NO0143A,2024-12-01,6.24,7.72,93.75,0.02,4.9,194.27,1012.25,19064.3,1,3.9,3100.0,0.013,PM2.5-1HR
956,NOR_NO0149A,2024-12-01,4.62,7.78,93.77,0.02,5,195.55,1012.29,1999.9,1.01,3.914,3100.0,0.292,PM2.5-1HR
956,NOR_NO0150A,2024-12-01,4.89,7.72,93.75,0.02,4.95,195.13,1012.25,4900.03,1.01,3.914,3100.0,0.006,PM2.5-1HR
956,NOR_NO0152A,2024-12-01,13.62,7.73,93.75,0.02,4.88,193.85,1012.26,1968.48,0.99,3.886,3100.0,1.811,PM2.5-1HR
956,NOR_NO0153A,2024-12-01,1.39,7.44,93.68,0.02,4.48,190.99,1012.15,1482.8,1.03,3.942,3100.0,0.011,PM2.5-1HR
956,NOR_NO0153A,2024-12-02,1.33,5.52,93.83,0.36,3.59,169.49,1002.05,1482.8,0.39,3.046,3100.0,0.011,PM2.5-1HR
956,NOR_NO0152A,2024-12-02,14.49,5.67,93.88,0.4,3.9,173.52,1002.05,1968.48,0.54,3.256,3100.0,1.811,PM2.5-1HR
956,NOR_NO0150A,2024-12-02,6.03,5.61,93.83,0.41,3.95,175.86,1002.06,4900.03,0.6,3.34,3100.0,0.006,PM2.5-1HR
956,NOR_NO0149A,2024-12-02,4.29,5.68,93.89,0.43,3.96,177.12,1002.06,1999.9,0.6,3.34,3100.0,0.292,PM2.5-1HR
956,NOR_NO0114A,2024-12-02,4.38,5.44,93.78,0.35,3.58,168.5,1002.06,2808.28,0.39,3.046,3100.0,0.018,PM2.5-1HR
956,NOR_NO0095A,2024-12-02,4.93,5.48,93.77,0.37,3.75,170.77,1002.07,3541.34,0.55,3.27,3100.0,0.011,PM2.5-1HR
956,NOR_NO0011A,2024-12-02,3.77,5.53,93.79,0.38,3.86,172.43,1002.07,11078.92,0.54,3.256,3100.0,0.041,PM2.5-1HR
956,NOR_NO0057A,2024-12-02,4.34,5.64,93.85,0.43,3.99,178.06,1002.07,720.61,0.62,3.368,3100.0,0.047,PM2.5-1HR
956,NOR_NO0071A,2024-12-02,4.71,5.74,93.94,0.43,3.95,176.72,1002.05,5739.15,0.6,3.34,3100.0,0.019,PM2.5-1HR
956,NOR_NO0072A,2024-12-02,4.35,5.55,93.82,0.38,3.78,171.8,1002.06,4147.97,0.54,3.256,3100.0,0.082,PM2.5-1HR
956,NOR_NO0073A,2024-12-02,4.72,5.62,93.84,0.4,3.91,174.13,1002.06,19621.92,0.58,3.312,3100.0,0.25,PM2.5-1HR
956,NOR_NO0083A,2024-12-02,4.53,5.56,93.82,0.38,3.8,172,1002.06,4891.31,0.54,3.256,3100.0,0.017,PM2.5-1HR
956,NOR_NO0093A,2024-12-02,2.27,5.61,93.85,0.39,3.81,172.4,1002.06,3843.84,0.54,3.256,3100.0,0.0,PM2.5-1HR
956,NOR_NO0122A,2024-12-02,5.15,5.65,93.86,0.43,3.99,178.17,1002.06,3142.01,0.62,3.368,3100.0,0.01,PM2.5-1HR
956,NOR_NO0129A,2024-12-02,4.52,5.7,93.89,0.47,4.08,182.3,1002.07,5191.94,0.77,3.578,3100.0,0.013,PM2.5-1HR
956,NOR_NO0140A,2024-12-02,5.96,5.63,93.86,0.4,3.87,173.13,1002.05,3888.58,0.54,3.256,3100.0,0.209,PM2.5-1HR
956,NOR_NO0143A,2024-12-02,4.9,5.64,93.86,0.4,3.91,174.24,1002.06,19064.3,0.58,3.312,3100.0,0.013,PM2.5-1HR
956,NOR_NO0011A,2024-12-03,7.21,-1.96,76.5,0,3.26,6.64,1019.68,11078.92,0.83,3.662,3100.0,0.041,PM2.5-1HR
956,NOR_NO0057A,2024-12-03,5.73,-2.13,77.07,0,3.31,8.59,1019.63,720.61,0.93,3.802,3100.0,0.047,PM2.5-1HR
956,NOR_NO0071A,2024-12-03,12,-1.88,77.31,0,3.33,8.16,1019.59,5739.15,0.89,3.746,3100.0,0.019,PM2.5-1HR
956,NOR_NO0072A,2024-12-03,7.48,-1.86,76.55,0,3.23,6.06,1019.68,4147.97,0.83,3.662,3100.0,0.082,PM2.5-1HR
956,NOR_NO0073A,2024-12-03,8.62,-1.92,76.79,0,3.3,7.25,1019.65,19621.92,0.92,3.788,3100.0,0.25,PM2.5-1HR
956,NOR_NO0083A,2024-12-03,8.72,-1.86,76.58,0,3.24,6.17,1019.67,4891.31,0.83,3.662,3100.0,0.017,PM2.5-1HR
956,NOR_NO0093A,2024-12-03,6.17,-1.81,76.72,0,3.25,6.27,1019.66,3843.84,0.83,3.662,3100.0,0.0,PM2.5-1HR
956,NOR_NO0095A,2024-12-03,3.46,-1.94,76.31,0,3.2,5.76,1019.71,3541.34,0.9,3.76,3100.0,0.011,PM2.5-1HR
956,NOR_NO0114A,2024-12-03,8.93,-1.84,76.19,0,3.13,4.33,1019.73,2808.28,0.76,3.564,3100.0,0.018,PM2.5-1HR
956,NOR_NO0122A,2024-12-03,12.65,-2.12,77.11,0,3.32,8.63,1019.62,3142.01,0.93,3.802,3100.0,0.01,PM2.5-1HR
956,NOR_NO0129A,2024-12-03,13.71,-2.35,77.51,0,3.34,10.25,1019.59,5191.94,0.99,3.886,3100.0,0.013,PM2.5-1HR
956,NOR_NO0140A,2024-12-03,22.02,-1.83,76.8,0,3.28,6.77,1019.65,3888.58,0.83,3.662,3100.0,0.209,PM2.5-1HR
956,NOR_NO0143A,2024-12-03,7.77,-1.88,76.88,0,3.3,7.26,1019.64,19064.3,0.92,3.788,3100.0,0.013,PM2.5-1HR
956,NOR_NO0149A,2024-12-03,7.5,-2.01,77.13,0,3.32,8.27,1019.62,1999.9,0.89,3.746,3100.0,0.292,PM2.5-1HR
956,NOR_NO0150A,2024-12-03,24.81,-2.04,76.87,0,3.3,7.84,1019.64,4900.03,0.89,3.746,3100.0,0.006,PM2.5-1HR
956,NOR_NO0152A,2024-12-03,8.34,-1.79,76.93,0,3.3,6.96,1019.63,1968.48,0.83,3.662,3100.0,1.811,PM2.5-1HR
956,NOR_NO0153A,2024-12-03,2.93,-1.73,76.43,0,3.14,4.41,1019.71,1482.8,0.76,3.564,3100.0,0.011,PM2.5-1HR
956,NOR_NO0011A,2024-12-04,4.21,-6.44,87.06,0.01,1.53,57.34,1029.83,11078.92,1.99,5.286,3100.0,0.041,PM2.5-1HR
956,NOR_NO0057A,2024-12-04,7.04,-6.76,88.03,0.01,1.58,60.2,1029.83,720.61,2.42,5.888,3100.0,0.047,PM2.5-1HR
956,NOR_NO0071A,2024-12-04,9.43,-6.38,88.15,0.01,1.61,57.91,1029.8,5739.15,2.31,5.734,3100.0,0.019,PM2.5-1HR
956,NOR_NO0072A,2024-12-04,8.79,-6.22,87.39,0.01,1.52,56.24,1029.81,4147.97,1.99,5.286,3100.0,0.082,PM2.5-1HR
956,NOR_NO0073A,2024-12-04,6.47,-6.44,87.3,0.01,1.56,57.44,1029.82,19621.92,2.16,5.524,3100.0,0.25,PM2.5-1HR
956,NOR_NO0083A,2024-12-04,9.93,-6.23,87.37,0.01,1.53,56.27,1029.81,4891.31,1.99,5.286,3100.0,0.017,PM2.5-1HR
956,NOR_NO0093A,2024-12-04,6.43,-6.18,87.47,0.01,1.54,55.91,1029.8,3843.84,1.99,5.286,3100.0,0.0,PM2.5-1HR
956,NOR_NO0095A,2024-12-04,7.07,-6.3,87.28,0.01,1.5,56.77,1029.82,3541.34,2.08,5.412,3100.0,0.011,PM2.5-1HR
956,NOR_NO0114A,2024-12-04,10.43,-5.98,87.72,0.02,1.46,55.13,1029.8,2808.28,1.57,4.698,3100.0,0.018,PM2.5-1HR
956,NOR_NO0122A,2024-12-04,8.58,-6.74,88.09,0.01,1.58,60.13,1029.83,3142.01,2.42,5.888,3100.0,0.01,PM2.5-1HR
956,NOR_NO0129A,2024-12-04,10.69,-7.11,89.07,0.01,1.61,63.22,1029.84,5191.94,2.96,6.644,3100.0,0.013,PM2.5-1HR
956,NOR_NO0143A,2024-12-04,7.68,-6.38,87.41,0.01,1.57,57.13,1029.81,19064.3,2.16,5.524,3100.0,0.013,PM2.5-1HR
956,NOR_NO0149A,2024-12-04,6.86,-6.57,87.99,0.01,1.59,58.95,1029.82,1999.9,2.31,5.734,3100.0,0.292,PM2.5-1HR
956,NOR_NO0150A,2024-12-04,20.8,-6.61,87.57,0.01,1.57,58.8,1029.83,4900.03,2.31,5.734,3100.0,0.006,PM2.5-1HR
956,NOR_NO0152A,2024-12-04,13.18,-6.24,87.4,0.01,1.58,56.16,1029.8,1968.48,1.99,5.286,3100.0,1.811,PM2.5-1HR
956,NOR_NO0153A,2024-12-04,4.71,-5.86,87.88,0.02,1.48,54.23,1029.78,1482.8,1.57,4.698,3100.0,0.011,PM2.5-1HR
956,NOR_NO0140A,2024-12-05,4.41,-1.72,90.64,0.21,3.62,121.76,1017.68,3888.58,1.38,4.432,3100.0,0.209,PM2.5-1HR
956,NOR_NO0129A,2024-12-05,5.19,-1.94,89.21,0.14,3.78,125.02,1017.92,5191.94,1.18,4.152,3100.0,0.013,PM2.5-1HR
956,NOR_NO0122A,2024-12-05,5.65,-1.85,89.88,0.17,3.71,123.58,1017.81,3142.01,1.48,4.572,3100.0,0.01,PM2.5-1HR
956,NOR_NO0114A,2024-12-05,4.26,-1.65,91.41,0.24,3.44,119.92,1017.5,2808.28,1.64,4.796,3100.0,0.018,PM2.5-1HR
956,NOR_NO0095A,2024-12-05,4.48,-1.77,90.93,0.23,3.53,121.28,1017.62,3541.34,1.43,4.502,3100.0,0.011,PM2.5-1HR
956,NOR_NO0093A,2024-12-05,3.22,-1.69,90.81,0.21,3.58,121.32,1017.64,3843.84,1.38,4.432,3100.0,0.0,PM2.5-1HR
956,NOR_NO0083A,2024-12-05,4.81,-1.72,90.83,0.22,3.57,121.38,1017.64,4891.31,1.38,4.432,3100.0,0.017,PM2.5-1HR
956,NOR_NO0011A,2024-12-05,1.32,-1.81,90.63,0.21,3.6,122.01,1017.69,11078.92,1.38,4.432,3100.0,0.041,PM2.5-1HR
956,NOR_NO0057A,2024-12-05,4.21,-1.86,89.88,0.17,3.7,123.61,1017.81,720.61,1.48,4.572,3100.0,0.047,PM2.5-1HR
956,NOR_NO0071A,2024-12-05,3.24,-1.71,90.17,0.18,3.69,122.63,1017.75,5739.15,1.41,4.474,3100.0,0.019,PM2.5-1HR
956,NOR_NO0072A,2024-12-05,4.99,-1.72,90.86,0.22,3.56,121.3,1017.63,4147.97,1.38,4.432,3100.0,0.082,PM2.5-1HR
956,NOR_NO0073A,2024-12-05,3.28,-1.78,90.44,0.2,3.64,122.33,1017.73,19621.92,1.33,4.362,3100.0,0.25,PM2.5-1HR
956,NOR_NO0143A,2024-12-05,4.59,-1.75,90.45,0.2,3.64,122.22,1017.72,19064.3,1.33,4.362,3100.0,0.013,PM2.5-1HR
956,NOR_NO0149A,2024-12-05,3.75,-1.79,90.06,0.18,3.69,123.06,1017.78,1999.9,1.41,4.474,3100.0,0.292,PM2.5-1HR
956,NOR_NO0150A,2024-12-05,21.49,-1.83,90.19,0.19,3.67,122.94,1017.77,4900.03,1.41,4.474,3100.0,0.006,PM2.5-1HR
956,NOR_NO0152A,2024-12-05,13.32,-1.7,90.58,0.2,3.64,121.8,1017.69,1968.48,1.38,4.432,3100.0,1.811,PM2.5-1HR
956,NOR_NO0153A,2024-12-05,4.28,-1.58,91.44,0.24,3.46,119.7,1017.49,1482.8,1.64,4.796,3100.0,0.011,PM2.5-1HR
956,NOR_NO0011A,2024-12-06,6.3,0.81,95.74,0.41,2.26,108.51,1008.54,11078.92,1.08,4.012,3100.0,0.041,PM2.5-1HR
956,NOR_NO0057A,2024-12-06,6.61,0.82,95.2,0.39,2.45,111.76,1008.58,720.61,1.26,4.264,3100.0,0.047,PM2.5-1HR
956,NOR_NO0071A,2024-12-06,8.41,0.89,95.44,0.39,2.4,110.17,1008.54,5739.15,1.18,4.152,3100.0,0.019,PM2.5-1HR
956,NOR_NO0072A,2024-12-06,7.31,0.85,95.85,0.4,2.22,107.44,1008.51,4147.97,1.08,4.012,3100.0,0.082,PM2.5-1HR
956,NOR_NO0073A,2024-12-06,5.87,0.84,95.64,0.4,2.32,109.19,1008.55,19621.92,1.15,4.11,3100.0,0.25,PM2.5-1HR
956,NOR_NO0083A,2024-12-06,7.2,0.85,95.84,0.41,2.23,107.56,1008.51,4891.31,1.08,4.012,3100.0,0.017,PM2.5-1HR
956,NOR_NO0093A,2024-12-06,6.69,0.87,95.85,0.41,2.24,107.5,1008.51,3843.84,1.08,4.012,3100.0,0.0,PM2.5-1HR
956,NOR_NO0095A,2024-12-06,8.19,0.81,95.85,0.41,2.19,107.37,1008.51,3541.34,1.01,3.914,3100.0,0.011,PM2.5-1HR
956,NOR_NO0114A,2024-12-06,11.79,0.85,96.06,0.4,2.08,105.14,1008.46,2808.28,0.78,3.592,3100.0,0.018,PM2.5-1HR
956,NOR_NO0122A,2024-12-06,7.62,0.83,95.2,0.39,2.45,111.75,1008.58,3142.01,1.26,4.264,3100.0,0.01,PM2.5-1HR
956,NOR_NO0129A,2024-12-06,11.85,0.82,94.68,0.37,2.61,114.38,1008.62,5191.94,1.82,5.048,3100.0,0.013,PM2.5-1HR
956,NOR_NO0140A,2024-12-06,8.02,0.86,95.78,0.41,2.28,108.19,1008.52,3888.58,1.08,4.012,3100.0,0.209,PM2.5-1HR
956,NOR_NO0143A,2024-12-06,6.79,0.85,95.66,0.4,2.32,109.05,1008.54,19064.3,1.15,4.11,3100.0,0.013,PM2.5-1HR
956,NOR_NO0149A,2024-12-06,6.78,0.85,95.35,0.39,2.41,110.83,1008.56,1999.9,1.18,4.152,3100.0,0.292,PM2.5-1HR
956,NOR_NO0150A,2024-12-06,11.28,0.82,95.45,0.4,2.37,110.42,1008.56,4900.03,1.18,4.152,3100.0,0.006,PM2.5-1HR
956,NOR_NO0152A,2024-12-06,6.61,0.88,95.77,0.41,2.3,108.29,1008.52,1968.48,1.08,4.012,3100.0,1.811,PM2.5-1HR
956,NOR_NO0153A,2024-12-06,2.51,0.88,96.1,0.4,2.09,104.77,1008.44,1482.8,0.78,3.592,3100.0,0.011,PM2.5-1HR
956,NOR_NO0011A,2024-12-07,4.55,1.12,94.69,0.3,2.76,74.32,1010.51,11078.92,3.23,7.022,3100.0,0.041,PM2.5-1HR
956,NOR_NO0057A,2024-12-07,7.53,1.15,94.3,0.26,2.89,77.19,1010.54,720.61,3.77,7.778,3100.0,0.047,PM2.5-1HR
956,NOR_NO0071A,2024-12-07,8.74,1.21,94.55,0.27,2.87,75.86,1010.47,5739.15,3.59,7.526,3100.0,0.019,PM2.5-1HR
956,NOR_NO0072A,2024-12-07,9.06,1.15,94.83,0.3,2.73,73.28,1010.46,4147.97,3.23,7.022,3100.0,0.082,PM2.5-1HR
956,NOR_NO0073A,2024-12-07,8.27,1.15,94.63,0.28,2.81,74.96,1010.5,19621.92,3.38,7.232,3100.0,0.25,PM2.5-1HR
956,NOR_NO0083A,2024-12-07,8.94,1.16,94.82,0.3,2.73,73.4,1010.46,4891.31,3.23,7.022,3100.0,0.017,PM2.5-1HR
956,NOR_NO0093A,2024-12-07,7.85,1.18,94.84,0.3,2.75,73.38,1010.45,3843.84,3.23,7.022,3100.0,0.0,PM2.5-1HR
956,NOR_NO0095A,2024-12-07,7.79,1.12,94.82,0.31,2.7,73.15,1010.48,3541.34,3.32,7.148,3100.0,0.011,PM2.5-1HR
956,NOR_NO0114A,2024-12-07,10.01,1.14,95.06,0.33,2.61,71,1010.41,2808.28,2.98,6.672,3100.0,0.018,PM2.5-1HR
956,NOR_NO0122A,2024-12-07,10.22,1.16,94.31,0.26,2.89,77.18,1010.54,3142.01,3.77,7.778,3100.0,0.01,PM2.5-1HR
956,NOR_NO0129A,2024-12-07,13.26,1.16,93.92,0.23,2.99,79.59,1010.58,5191.94,4.33,8.562,3100.0,0.013,PM2.5-1HR
956,NOR_NO0140A,2024-12-07,13.32,1.17,94.76,0.29,2.78,74.07,1010.47,3888.58,3.23,7.022,3100.0,0.209,PM2.5-1HR
956,NOR_NO0143A,2024-12-07,9.65,1.17,94.65,0.28,2.81,74.84,1010.49,19064.3,3.38,7.232,3100.0,0.013,PM2.5-1HR
956,NOR_NO0149A,2024-12-07,8.29,1.18,94.44,0.27,2.87,76.4,1010.51,1999.9,3.59,7.526,3100.0,0.292,PM2.5-1HR
956,NOR_NO0150A,2024-12-07,10.4,1.15,94.47,0.28,2.84,76.01,1010.52,4900.03,3.59,7.526,3100.0,0.006,PM2.5-1HR
956,NOR_NO0152A,2024-12-07,11.44,1.19,94.75,0.29,2.8,74.2,1010.46,1968.48,3.23,7.022,3100.0,1.811,PM2.5-1HR
956,NOR_NO0153A,2024-12-07,2.47,1.18,95.12,0.33,2.62,70.75,1010.38,1482.8,2.98,6.672,3100.0,0.011,PM2.5-1HR
956,NOR_NO0011A,2024-12-08,13.23,-0.27,91.03,0.04,3.42,7.94,1026.77,11078.92,2.02,5.328,3100.0,0.041,PM2.5-1HR
956,NOR_NO0057A,2024-12-08,6.97,-0.26,90.83,0.03,3.5,9.81,1026.71,720.61,2.36,5.804,3100.0,0.047,PM2.5-1HR
956,NOR_NO0122A,2024-12-08,5.95,-0.25,90.85,0.03,3.51,9.87,1026.7,3142.01,2.36,5.804,3100.0,0.01,PM2.5-1HR
956,NOR_NO0129A,2024-12-08,13.21,-0.29,90.68,0.03,3.54,11.32,1026.66,5191.94,2.46,5.944,3100.0,0.013,PM2.5-1HR
956,NOR_NO0140A,2024-12-08,10.33,-0.19,91.18,0.04,3.46,8.16,1026.73,3888.58,2.02,5.328,3100.0,0.209,PM2.5-1HR
956,NOR_NO0143A,2024-12-08,8.92,-0.2,91.07,0.04,3.48,8.64,1026.72,19064.3,2.14,5.496,3100.0,0.013,PM2.5-1HR
956,NOR_NO0149A,2024-12-08,5.59,-0.21,90.98,0.03,3.51,9.58,1026.69,1999.9,2.29,5.706,3100.0,0.292,PM2.5-1HR
956,NOR_NO0150A,2024-12-08,7.88,-0.25,90.9,0.03,3.49,9.12,1026.72,4900.03,2.29,5.706,3100.0,0.006,PM2.5-1HR
956,NOR_NO0152A,2024-12-08,13.64,-0.16,91.19,0.04,3.49,8.4,1026.7,1968.48,2.02,5.328,3100.0,1.811,PM2.5-1HR
956,NOR_NO0153A,2024-12-08,2.18,-0.18,91.92,0.05,3.24,5.53,1026.77,1482.8,2.09,5.426,3100.0,0.011,PM2.5-1HR
956,NOR_NO0071A,2024-12-08,9.14,-0.15,91.15,0.04,3.52,9.56,1026.66,5739.15,2.29,5.706,3100.0,0.019,PM2.5-1HR
956,NOR_NO0072A,2024-12-08,14.95,-0.22,91.33,0.04,3.38,7.36,1026.76,4147.97,2.02,5.328,3100.0,0.082,PM2.5-1HR
956,NOR_NO0073A,2024-12-08,12.05,-0.22,91.01,0.04,3.48,8.6,1026.73,19621.92,2.14,5.496,3100.0,0.25,PM2.5-1HR
956,NOR_NO0083A,2024-12-08,11.26,-0.22,91.31,0.04,3.39,7.48,1026.76,4891.31,2.02,5.328,3100.0,0.017,PM2.5-1HR
956,NOR_NO0093A,2024-12-08,11.29,-0.19,91.35,0.04,3.41,7.62,1026.74,3843.84,2.02,5.328,3100.0,0.0,PM2.5-1HR
956,NOR_NO0095A,2024-12-08,7.48,-0.28,91.31,0.04,3.33,6.99,1026.8,3541.34,2.2,5.58,3100.0,0.011,PM2.5-1HR
956,NOR_NO0114A,2024-12-08,10.96,-0.25,91.81,0.04,3.21,5.43,1026.81,2808.28,2.09,5.426,3100.0,0.018,PM2.5-1HR
956,NOR_NO0011A,2024-12-09,8.24,-4.55,91.98,0,2.59,339.89,1041.52,11078.92,1.68,4.852,3100.0,0.041,PM2.5-1HR
956,NOR_NO0057A,2024-12-09,10.87,-4.35,91.7,0,2.61,340.4,1041.42,720.61,2.06,5.384,3100.0,0.047,PM2.5-1HR
956,NOR_NO0071A,2024-12-09,13.19,-4.13,91.88,0,2.64,341.1,1041.41,5739.15,1.94,5.216,3100.0,0.019,PM2.5-1HR
956,NOR_NO0072A,2024-12-09,14.24,-4.48,92.28,0,2.56,339.62,1041.53,4147.97,1.68,4.852,3100.0,0.082,PM2.5-1HR
956,NOR_NO0073A,2024-12-09,12.05,-4.4,91.85,0,2.63,340.33,1041.47,19621.92,1.81,5.034,3100.0,0.25,PM2.5-1HR
956,NOR_NO0083A,2024-12-09,10.21,-4.47,92.24,0,2.56,339.7,1041.53,4891.31,1.68,4.852,3100.0,0.017,PM2.5-1HR
956,NOR_NO0093A,2024-12-09,11.05,-4.39,92.23,0,2.58,339.87,1041.51,3843.84,1.68,4.852,3100.0,0.0,PM2.5-1HR
956,NOR_NO0095A,2024-12-09,8.78,-4.62,92.35,0,2.52,339.3,1041.57,3541.34,1.62,4.768,3100.0,0.011,PM2.5-1HR
956,NOR_NO0114A,2024-12-09,12.23,-4.64,92.97,0,2.42,338.25,1041.63,2808.28,1.49,4.586,3100.0,0.018,PM2.5-1HR
956,NOR_NO0122A,2024-12-09,12.77,-4.32,91.71,0,2.61,340.5,1041.41,3142.01,2.06,5.384,3100.0,0.01,PM2.5-1HR
956,NOR_NO0129A,2024-12-09,16.99,-4.22,91.56,0,2.59,340.56,1041.35,5191.94,2.42,5.888,3100.0,0.013,PM2.5-1HR
956,NOR_NO0140A,2024-12-09,10.44,-4.36,92.02,0,2.62,340.24,1041.48,3888.58,1.68,4.852,3100.0,0.209,PM2.5-1HR
956,NOR_NO0143A,2024-12-09,12.77,-4.34,91.89,0,2.64,340.44,1041.46,19064.3,1.81,5.034,3100.0,0.013,PM2.5-1HR
956,NOR_NO0149A,2024-12-09,9.94,-4.27,91.79,0,2.62,340.72,1041.42,1999.9,1.94,5.216,3100.0,0.292,PM2.5-1HR
956,NOR_NO0150A,2024-12-09,27.43,-4.4,91.77,0,2.62,340.32,1041.45,4900.03,1.94,5.216,3100.0,0.006,PM2.5-1HR
956,NOR_NO0152A,2024-12-09,18.89,-4.28,91.97,0,2.65,340.48,1041.46,1968.48,1.68,4.852,3100.0,1.811,PM2.5-1HR
956,NOR_NO0153A,2024-12-09,2.78,-4.5,92.99,0,2.44,338.27,1041.61,1482.8,1.49,4.586,3100.0,0.011,PM2.5-1HR
956,NOR_NO0011A,2024-12-10,13.53,-8.26,93.67,0,1.33,324.31,1035.39,11078.92,8.08,13.812,3100.0,0.041,PM2.5-1HR
956,NOR_NO0057A,2024-12-10,15.56,-8.14,93.68,0,1.24,316.31,1035.34,720.61,9.25,15.45,3100.0,0.047,PM2.5-1HR
956,NOR_NO0071A,2024-12-10,12.58,-7.8,94.01,0,1.21,321.37,1035.34,5739.15,9.02,15.128,3100.0,0.019,PM2.5-1HR
956,NOR_NO0072A,2024-12-10,20.34,-8.05,93.98,0,1.3,325.49,1035.4,4147.97,8.08,13.812,3100.0,0.082,PM2.5-1HR
956,NOR_NO0073A,2024-12-10,16.55,-8.13,93.68,0,1.29,323.64,1035.37,19621.92,8.84,14.876,3100.0,0.25,PM2.5-1HR
956,NOR_NO0083A,2024-12-10,16.58,-8.05,93.96,0,1.3,325.47,1035.4,4891.31,8.08,13.812,3100.0,0.017,PM2.5-1HR
956,NOR_NO0093A,2024-12-10,11.78,-7.95,94,0,1.28,325.95,1035.39,3843.84,8.08,13.812,3100.0,0.0,PM2.5-1HR
956,NOR_NO0095A,2024-12-10,14.6,-8.18,93.95,0,1.33,324.9,1035.42,3541.34,8.26,14.064,3100.0,0.011,PM2.5-1HR
956,NOR_NO0114A,2024-12-10,17.64,-7.93,94.49,0,1.3,326.16,1035.45,2808.28,7.1,12.44,3100.0,0.018,PM2.5-1HR
956,NOR_NO0122A,2024-12-10,18.86,-8.1,93.71,0,1.24,316.38,1035.34,3142.01,9.25,15.45,3100.0,0.01,PM2.5-1HR
956,NOR_NO0129A,2024-12-10,24.52,-8.05,93.75,0,1.2,306.86,1035.31,5191.94,9.58,15.912,3100.0,0.013,PM2.5-1HR
956,NOR_NO0140A,2024-12-10,18.32,-8.02,93.83,0,1.29,325.62,1035.37,3888.58,8.08,13.812,3100.0,0.209,PM2.5-1HR
956,NOR_NO0143A,2024-12-10,19.61,-8.05,93.75,0,1.28,324.07,1035.37,19064.3,8.84,14.876,3100.0,0.013,PM2.5-1HR
956,NOR_NO0149A,2024-12-10,13.88,-8,93.82,0,1.23,319.25,1035.35,1999.9,9.02,15.128,3100.0,0.292,PM2.5-1HR
956,NOR_NO0150A,2024-12-10,36.38,-8.17,93.65,0,1.27,320.32,1035.36,4900.03,9.02,15.128,3100.0,0.006,PM2.5-1HR
956,NOR_NO0152A,2024-12-10,20.06,-7.95,93.83,0,1.27,326,1035.37,1968.48,8.08,13.812,3100.0,1.811,PM2.5-1HR
956,NOR_NO0153A,2024-12-10,3.21,-7.75,94.61,0,1.27,326.8,1035.44,1482.8,7.1,12.44,3100.0,0.011,PM2.5-1HR
956,NOR_NO0073A,2024-12-11,17.73,-5.41,94.73,0,2.02,352.24,1032.47,19621.92,8.65,14.61,3100.0,0.25,PM2.5-1HR
956,NOR_NO0072A,2024-12-11,30.49,-5.27,95.07,0,1.99,350.89,1032.49,4147.97,8.47,14.358,3100.0,0.082,PM2.5-1HR
956,NOR_NO0011A,2024-12-11,25.8,-5.39,94.67,0,2.02,351.26,1032.48,11078.92,8.47,14.358,3100.0,0.041,PM2.5-1HR
956,NOR_NO0057A,2024-12-11,19.49,-5.63,94.46,0,2,353.11,1032.45,720.61,9.13,15.282,3100.0,0.047,PM2.5-1HR
956,NOR_NO0071A,2024-12-11,20.4,-5.41,94.97,0,2.01,353.97,1032.45,5739.15,9.02,15.128,3100.0,0.019,PM2.5-1HR
956,NOR_NO0083A,2024-12-11,24.04,-5.28,95.05,0,2,351.04,1032.49,4891.31,8.47,14.358,3100.0,0.017,PM2.5-1HR
956,NOR_NO0093A,2024-12-11,19.78,-5.25,95.16,0,2,351.38,1032.49,3843.84,8.47,14.358,3100.0,0.0,PM2.5-1HR
956,NOR_NO0095A,2024-12-11,23.38,-5.29,94.93,0,1.99,350.24,1032.5,3541.34,8.48,14.372,3100.0,0.011,PM2.5-1HR
956,NOR_NO0114A,2024-12-11,36.13,-5.11,95.53,0,1.93,348.66,1032.53,2808.28,8.75,14.75,3100.0,0.018,PM2.5-1HR
956,NOR_NO0122A,2024-12-11,21.05,-5.62,94.5,0,2,353.28,1032.45,3142.01,9.13,15.282,3100.0,0.01,PM2.5-1HR
956,NOR_NO0129A,2024-12-11,24.74,-5.87,94.25,0,1.97,354.46,1032.43,5191.94,9.39,15.646,3100.0,0.013,PM2.5-1HR
956,NOR_NO0140A,2024-12-11,23.39,-5.31,94.98,0,2.02,352.01,1032.47,3888.58,8.47,14.358,3100.0,0.209,PM2.5-1HR
956,NOR_NO0143A,2024-12-11,19.94,-5.38,94.83,0,2.02,352.45,1032.47,19064.3,8.65,14.61,3100.0,0.013,PM2.5-1HR
956,NOR_NO0149A,2024-12-11,19.02,-5.51,94.7,0,2.01,353.39,1032.45,1999.9,9.02,15.128,3100.0,0.292,PM2.5-1HR
956,NOR_NO0150A,2024-12-11,24.97,-5.52,94.56,0,2.01,352.51,1032.46,4900.03,9.02,15.128,3100.0,0.006,PM2.5-1HR
956,NOR_NO0152A,2024-12-11,28.5,-5.3,95.03,0,2.03,352.47,1032.47,1968.48,8.47,14.358,3100.0,1.811,PM2.5-1HR
956,NOR_NO0153A,2024-12-11,6.14,-5.05,95.79,0,1.93,348.84,1032.53,1482.8,8.75,14.75,3100.0,0.011,PM2.5-1HR
956,NOR_NO0011A,2024-12-12,24.44,-4.53,96.06,0,1.65,352.39,1033.19,11078.92,9.24,15.436,3100.0,0.041,PM2.5-1HR
956,NOR_NO0057A,2024-12-12,22.1,-4.54,95.88,0,1.6,356.48,1033.16,720.61,10.34,16.976,3100.0,0.047,PM2.5-1HR
956,NOR_NO0071A,2024-12-12,18.25,-4.43,95.94,0,1.6,359.4,1033.14,5739.15,10,16.5,3100.0,0.019,PM2.5-1HR
956,NOR_NO0072A,2024-12-12,34.03,-4.48,96.11,0,1.62,352.73,1033.19,4147.97,9.24,15.436,3100.0,0.082,PM2.5-1HR
956,NOR_NO0073A,2024-12-12,23.01,-4.49,96.01,0,1.64,354.61,1033.17,19621.92,10.06,16.584,3100.0,0.25,PM2.5-1HR
956,NOR_NO0083A,2024-12-12,26.91,-4.48,96.1,0,1.62,352.98,1033.19,4891.31,9.24,15.436,3100.0,0.017,PM2.5-1HR
956,NOR_NO0093A,2024-12-12,22.61,-4.45,96.1,0,1.62,354.02,1033.18,3843.84,9.24,15.436,3100.0,0.0,PM2.5-1HR
956,NOR_NO0095A,2024-12-12,20.95,-4.53,96.13,0,1.62,351.03,1033.21,3541.34,8.88,14.932,3100.0,0.011,PM2.5-1HR
956,NOR_NO0114A,2024-12-12,31.96,-4.48,96.25,0,1.56,349.25,1033.24,2808.28,8.33,14.162,3100.0,0.018,PM2.5-1HR
956,NOR_NO0122A,2024-12-12,24.36,-4.53,95.88,0,1.6,356.95,1033.15,3142.01,10.34,16.976,3100.0,0.01,PM2.5-1HR
956,NOR_NO0129A,2024-12-12,27.33,-4.57,95.72,0,1.55,0.82,1033.13,5191.94,10.25,16.85,3100.0,0.013,PM2.5-1HR
956,NOR_NO0140A,2024-12-12,25.68,-4.45,96.06,0,1.64,354.79,1033.17,3888.58,9.24,15.436,3100.0,0.209,PM2.5-1HR
956,NOR_NO0143A,2024-12-12,25.19,-4.47,96.01,0,1.64,355.35,1033.17,19064.3,10.06,16.584,3100.0,0.013,PM2.5-1HR
956,NOR_NO0149A,2024-12-12,23.54,-4.49,95.92,0,1.61,357.44,1033.15,1999.9,10,16.5,3100.0,0.292,PM2.5-1HR
956,NOR_NO0150A,2024-12-12,28.25,-4.52,95.95,0,1.63,355,1033.17,4900.03,10,16.5,3100.0,0.006,PM2.5-1HR
956,NOR_NO0152A,2024-12-12,38.61,-4.43,96.05,0,1.64,355.89,1033.16,1968.48,9.24,15.436,3100.0,1.811,PM2.5-1HR
956,NOR_NO0153A,2024-12-12,6.02,-4.43,96.25,0,1.55,350.31,1033.22,1482.8,8.33,14.162,3100.0,0.011,PM2.5-1HR
956,NOR_NO0011A,2024-12-13,12.66,-2.72,96.18,0.01,1.35,234.73,1023.13,11078.92,7.4,12.86,3100.0,0.041,PM2.5-1HR
956,NOR_NO0057A,2024-12-13,18.12,-2.46,96.33,0.01,1.59,228.78,1023.1,720.61,7.52,13.028,3100.0,0.047,PM2.5-1HR
956,NOR_NO0071A,2024-12-13,10.11,-2.33,96.48,0.02,1.53,227.31,1023.1,5739.15,7.48,12.972,3100.0,0.019,PM2.5-1HR
956,NOR_NO0072A,2024-12-13,19.28,-2.68,96.21,0.01,1.31,233.36,1023.13,4147.97,7.4,12.86,3100.0,0.082,PM2.5-1HR
956,NOR_NO0073A,2024-12-13,15.84,-2.58,96.29,0.01,1.42,232.56,1023.12,19621.92,7.53,13.042,3100.0,0.25,PM2.5-1HR
956,NOR_NO0083A,2024-12-13,16.54,-2.67,96.22,0.01,1.32,233.3,1023.13,4891.31,7.4,12.86,3100.0,0.017,PM2.5-1HR
956,NOR_NO0093A,2024-12-13,10.64,-2.61,96.28,0.01,1.33,232.47,1023.12,3843.84,7.4,12.86,3100.0,0.0,PM2.5-1HR
956,NOR_NO0095A,2024-12-13,17.56,-2.79,96.11,0.01,1.29,234.68,1023.14,3541.34,7.13,12.482,3100.0,0.011,PM2.5-1HR
956,NOR_NO0114A,2024-12-13,20.76,-2.83,96.06,0.01,1.19,233.57,1023.15,2808.28,7.22,12.608,3100.0,0.018,PM2.5-1HR
956,NOR_NO0122A,2024-12-13,21.2,-2.44,96.35,0.02,1.6,228.4,1023.1,3142.01,7.52,13.028,3100.0,0.01,PM2.5-1HR
956,NOR_NO0129A,2024-12-13,14.9,-2.27,96.41,0.02,1.83,224.84,1023.08,5191.94,7.32,12.748,3100.0,0.013,PM2.5-1HR
956,NOR_NO0140A,2024-12-13,16.46,-2.57,96.31,0.01,1.37,232.64,1023.12,3888.58,7.4,12.86,3100.0,0.209,PM2.5-1HR
956,NOR_NO0143A,2024-12-13,17.49,-2.54,96.33,0.01,1.42,231.89,1023.11,19064.3,7.53,13.042,3100.0,0.013,PM2.5-1HR
956,NOR_NO0149A,2024-12-13,15.89,-2.42,96.39,0.02,1.55,228.55,1023.1,1999.9,7.48,12.972,3100.0,0.292,PM2.5-1HR
956,NOR_NO0150A,2024-12-13,17.06,-2.55,96.29,0.01,1.49,231.06,1023.11,4900.03,7.48,12.972,3100.0,0.006,PM2.5-1HR
956,NOR_NO0152A,2024-12-13,23.91,-2.52,96.37,0.01,1.38,231.98,1023.11,1968.48,7.4,12.86,3100.0,1.811,PM2.5-1HR
956,NOR_NO0153A,2024-12-13,4.27,-2.73,96.14,0.01,1.2,232.08,1023.14,1482.8,7.22,12.608,3100.0,0.011,PM2.5-1HR
956,NOR_NO0114A,2024-12-14,6.95,0.71,83.73,0.01,3,256.53,1001.58,2808.28,1.07,3.998,3100.0,0.018,PM2.5-1HR
956,NOR_NO0095A,2024-12-14,8.02,0.73,83.84,0.01,3.11,257.23,1001.51,3541.34,1.38,4.432,3100.0,0.011,PM2.5-1HR
956,NOR_NO0093A,2024-12-14,8.39,0.92,83.52,0.01,3.2,257.41,1001.5,3843.84,1.4,4.46,3100.0,0.0,PM2.5-1HR
956,NOR_NO0083A,2024-12-14,10.11,0.85,83.63,0.01,3.17,257.38,1001.5,4891.31,1.4,4.46,3100.0,0.017,PM2.5-1HR
956,NOR_NO0073A,2024-12-14,13.14,0.92,83.63,0.01,3.29,257.78,1001.45,19621.92,1.54,4.656,3100.0,0.25,PM2.5-1HR
956,NOR_NO0072A,2024-12-14,11.3,0.84,83.64,0.01,3.16,257.34,1001.5,4147.97,1.4,4.46,3100.0,0.082,PM2.5-1HR
956,NOR_NO0071A,2024-12-14,5.91,1.14,83.41,0.02,3.42,257.65,1001.46,5739.15,1.53,4.642,3100.0,0.019,PM2.5-1HR
956,NOR_NO0057A,2024-12-14,8.9,1.01,83.73,0.02,3.46,257.78,1001.41,720.61,1.56,4.684,3100.0,0.047,PM2.5-1HR
956,NOR_NO0011A,2024-12-14,7.45,0.79,83.78,0.01,3.2,257.66,1001.47,11078.92,1.4,4.46,3100.0,0.041,PM2.5-1HR
956,NOR_NO0122A,2024-12-14,11.12,1.03,83.7,0.02,3.46,257.76,1001.41,3142.01,1.56,4.684,3100.0,0.01,PM2.5-1HR
956,NOR_NO0129A,2024-12-14,4.51,1.17,83.78,0.02,3.68,257.79,1001.37,5191.94,1.66,4.824,3100.0,0.013,PM2.5-1HR
956,NOR_NO0140A,2024-12-14,12.78,0.94,83.52,0.01,3.24,257.64,1001.48,3888.58,1.4,4.46,3100.0,0.209,PM2.5-1HR
956,NOR_NO0143A,2024-12-14,14.22,0.96,83.55,0.01,3.3,257.75,1001.46,19064.3,1.54,4.656,3100.0,0.013,PM2.5-1HR
956,NOR_NO0149A,2024-12-14,8.85,1.05,83.59,0.02,3.42,257.73,1001.44,1999.9,1.53,4.642,3100.0,0.292,PM2.5-1HR
956,NOR_NO0150A,2024-12-14,16.76,0.94,83.7,0.01,3.36,257.79,1001.43,4900.03,1.53,4.642,3100.0,0.006,PM2.5-1HR
956,NOR_NO0152A,2024-12-14,20.21,1,83.44,0.01,3.27,257.71,1001.47,1968.48,1.4,4.46,3100.0,1.811,PM2.5-1HR
956,NOR_NO0153A,2024-12-14,3.26,0.83,83.46,0.01,3.03,256.54,1001.59,1482.8,1.07,3.998,3100.0,0.011,PM2.5-1HR
956,NOR_NO0152A,2024-12-15,14.78,-0.81,91.91,0.02,3.07,229.04,998.83,1968.48,1.21,4.194,3100.0,1.811,PM2.5-1HR
956,NOR_NO0057A,2024-12-15,7.85,-0.67,90.57,0.02,3.2,229,998.79,720.61,1.36,4.404,3100.0,0.047,PM2.5-1HR
956,NOR_NO0011A,2024-12-15,7.24,-1.08,92.35,0.03,3.04,230.5,998.81,11078.92,1.21,4.194,3100.0,0.041,PM2.5-1HR
956,NOR_NO0071A,2024-12-15,4.44,-0.52,90.79,0.02,3.15,227.74,998.84,5739.15,1.3,4.32,3100.0,0.019,PM2.5-1HR
956,NOR_NO0072A,2024-12-15,9.74,-0.99,92.33,0.03,2.98,229.59,998.84,4147.97,1.21,4.194,3100.0,0.082,PM2.5-1HR
956,NOR_NO0073A,2024-12-15,11.16,-0.9,91.84,0.02,3.09,229.76,998.81,19621.92,1.3,4.32,3100.0,0.25,PM2.5-1HR
956,NOR_NO0083A,2024-12-15,8.79,-0.98,92.29,0.03,2.99,229.58,998.84,4891.31,1.21,4.194,3100.0,0.017,PM2.5-1HR
956,NOR_NO0093A,2024-12-15,7.8,-0.9,92.15,0.03,3,229.14,998.84,3843.84,1.21,4.194,3100.0,0.0,PM2.5-1HR
956,NOR_NO0095A,2024-12-15,8.13,-1.13,92.6,0.03,2.96,230.21,998.83,3541.34,1.12,4.068,3100.0,0.011,PM2.5-1HR
956,NOR_NO0114A,2024-12-15,14.51,-1.1,92.79,0.04,2.83,229.2,998.87,2808.28,1.18,4.152,3100.0,0.018,PM2.5-1HR
956,NOR_NO0122A,2024-12-15,8.87,-0.64,90.51,0.02,3.2,228.82,998.8,3142.01,1.36,4.404,3100.0,0.01,PM2.5-1HR
956,NOR_NO0129A,2024-12-15,6.22,-0.32,88.94,0.02,3.34,227.49,998.78,5191.94,1.39,4.446,3100.0,0.013,PM2.5-1HR
956,NOR_NO0140A,2024-12-15,9.13,-0.88,92.05,0.03,3.05,229.37,998.83,3888.58,1.21,4.194,3100.0,0.209,PM2.5-1HR
956,NOR_NO0143A,2024-12-15,8.35,-0.84,91.76,0.02,3.09,229.39,998.82,19064.3,1.3,4.32,3100.0,0.013,PM2.5-1HR
956,NOR_NO0149A,2024-12-15,8.8,-0.64,90.81,0.02,3.17,228.6,998.81,1999.9,1.3,4.32,3100.0,0.292,PM2.5-1HR
956,NOR_NO0150A,2024-12-15,10.41,-0.83,91.32,0.02,3.14,229.63,998.8,4900.03,1.3,4.32,3100.0,0.006,PM2.5-1HR
956,NOR_NO0153A,2024-12-15,2.95,-0.96,92.52,0.04,2.84,228.4,998.88,1482.8,1.18,4.152,3100.0,0.011,PM2.5-1HR
956,NOR_NO0011A,2024-12-16,7.68,4.09,70.13,0,4.61,249.38,995.97,11078.92,0.63,3.382,3100.0,0.041,PM2.5-1HR
956,NOR_NO0057A,2024-12-16,4.89,4.22,68.8,0,4.85,250.34,995.89,720.61,0.65,3.41,3100.0,0.047,PM2.5-1HR
956,NOR_NO0071A,2024-12-16,5.03,4.33,68.64,0,4.76,249.77,996,5739.15,0.67,3.438,3100.0,0.019,PM2.5-1HR
956,NOR_NO0072A,2024-12-16,4.68,4.14,69.99,0,4.53,248.93,996.04,4147.97,0.63,3.382,3100.0,0.082,PM2.5-1HR
956,NOR_NO0073A,2024-12-16,4.29,4.18,69.65,0,4.68,249.57,995.97,19621.92,0.7,3.48,3100.0,0.25,PM2.5-1HR
956,NOR_NO0083A,2024-12-16,3.46,4.14,69.96,0,4.54,248.98,996.03,4891.31,0.63,3.382,3100.0,0.017,PM2.5-1HR
956,NOR_NO0093A,2024-12-16,4.79,4.19,69.77,0,4.55,248.94,996.05,3843.84,0.63,3.382,3100.0,0.0,PM2.5-1HR
956,NOR_NO0095A,2024-12-16,5.8,4.06,70.31,0,4.5,248.92,996.02,3541.34,0.67,3.438,3100.0,0.011,PM2.5-1HR
956,NOR_NO0114A,2024-12-16,1.28,4.07,70.37,0,4.32,248.06,996.13,2808.28,0.47,3.158,3100.0,0.018,PM2.5-1HR
956,NOR_NO0122A,2024-12-16,6.69,4.23,68.73,0,4.85,250.33,995.9,3142.01,0.65,3.41,3100.0,0.01,PM2.5-1HR
956,NOR_NO0129A,2024-12-16,2.44,4.31,67.63,0,5.05,251.15,995.82,5191.94,0.83,3.662,3100.0,0.013,PM2.5-1HR
956,NOR_NO0140A,2024-12-16,5.66,4.2,69.7,0,4.61,249.21,996.01,3888.58,0.63,3.382,3100.0,0.209,PM2.5-1HR
956,NOR_NO0143A,2024-12-16,3.55,4.21,69.52,0,4.67,249.5,995.98,19064.3,0.7,3.48,3100.0,0.013,PM2.5-1HR
956,NOR_NO0149A,2024-12-16,2.97,4.26,68.84,0,4.79,250.03,995.95,1999.9,0.67,3.438,3100.0,0.292,PM2.5-1HR
956,NOR_NO0150A,2024-12-16,20.32,4.18,69.33,0,4.75,249.95,995.93,4900.03,0.67,3.438,3100.0,0.006,PM2.5-1HR
956,NOR_NO0152A,2024-12-16,12.71,4.24,69.53,0,4.63,249.23,996.02,1968.48,0.63,3.382,3100.0,1.811,PM2.5-1HR
956,NOR_NO0153A,2024-12-16,4.69,4.16,70.03,0,4.32,247.95,996.17,1482.8,0.47,3.158,3100.0,0.011,PM2.5-1HR
956,NOR_NO0011A,2024-12-17,12.86,-0.62,73.48,0,2.38,270.37,1009.04,11078.92,1.41,4.474,3100.0,0.041,PM2.5-1HR
956,NOR_NO0057A,2024-12-17,9.53,-0.26,71.47,0,2.46,259.05,1009,720.61,1.59,4.726,3100.0,0.047,PM2.5-1HR
956,NOR_NO0071A,2024-12-17,11.44,0.06,71.89,0,2.37,260.08,1009.04,5739.15,1.54,4.656,3100.0,0.019,PM2.5-1HR
956,NOR_NO0072A,2024-12-17,11.28,-0.43,73.77,0,2.32,270.23,1009.07,4147.97,1.41,4.474,3100.0,0.082,PM2.5-1HR
956,NOR_NO0073A,2024-12-17,14.49,-0.4,72.85,0,2.38,268.37,1009.03,19621.92,1.52,4.628,3100.0,0.25,PM2.5-1HR
956,NOR_NO0083A,2024-12-17,9.32,-0.42,73.69,0,2.33,270.19,1009.07,4891.31,1.41,4.474,3100.0,0.017,PM2.5-1HR
956,NOR_NO0093A,2024-12-17,16.33,-0.29,73.55,0,2.31,269.99,1009.07,3843.84,1.41,4.474,3100.0,0.0,PM2.5-1HR
956,NOR_NO0095A,2024-12-17,9.17,-0.63,74.1,0,2.34,270.65,1009.07,3541.34,1.27,4.278,3100.0,0.011,PM2.5-1HR
956,NOR_NO0114A,2024-12-17,10.97,-0.49,74.98,0,2.25,270.54,1009.12,2808.28,0.98,3.872,3100.0,0.018,PM2.5-1HR
956,NOR_NO0122A,2024-12-17,29.74,-0.22,71.44,0,2.45,258.73,1009,3142.01,1.59,4.726,3100.0,0.01,PM2.5-1HR
956,NOR_NO0129A,2024-12-17,23.56,0.02,69.74,0,2.59,251.4,1008.96,5191.94,2.23,5.622,3100.0,0.013,PM2.5-1HR
956,NOR_NO0140A,2024-12-17,9.64,-0.31,73.2,0,2.34,269.89,1009.05,3888.58,1.41,4.474,3100.0,0.209,PM2.5-1HR
956,NOR_NO0143A,2024-12-17,15.62,-0.3,72.8,0,2.36,268.03,1009.04,19064.3,1.52,4.628,3100.0,0.013,PM2.5-1HR
956,NOR_NO0149A,2024-12-17,10.86,-0.15,71.81,0,2.41,260.28,1009.02,1999.9,1.54,4.656,3100.0,0.292,PM2.5-1HR
956,NOR_NO0150A,2024-12-17,66.86,-0.38,72.27,0,2.42,263.73,1009.01,4900.03,1.54,4.656,3100.0,0.006,PM2.5-1HR
956,NOR_NO0152A,2024-12-17,23.49,-0.2,73,0,2.33,269.77,1009.05,1968.48,1.41,4.474,3100.0,1.811,PM2.5-1HR
956,NOR_NO0153A,2024-12-17,7.9,-0.26,74.79,0,2.22,270.05,1009.14,1482.8,0.98,3.872,3100.0,0.011,PM2.5-1HR
956,NOR_NO0011A,2024-12-18,2.55,3.78,95.95,0.56,4.25,160.17,993.11,11078.92,1.14,4.096,3100.0,0.041,PM2.5-1HR
956,NOR_NO0057A,2024-12-18,6.59,3.89,95.84,0.56,4.44,162.64,993.26,720.61,1.21,4.194,3100.0,0.047,PM2.5-1HR
956,NOR_NO0071A,2024-12-18,4.19,4.03,96.02,0.54,4.44,162.4,993.25,5739.15,1.15,4.11,3100.0,0.019,PM2.5-1HR
956,NOR_NO0072A,2024-12-18,3.49,3.82,96.05,0.54,4.19,159.88,993.09,4147.97,1.14,4.096,3100.0,0.082,PM2.5-1HR
956,NOR_NO0073A,2024-12-18,3.65,3.87,95.96,0.56,4.34,160.97,993.17,19621.92,1.16,4.124,3100.0,0.25,PM2.5-1HR
956,NOR_NO0083A,2024-12-18,3.33,3.83,96.05,0.55,4.2,159.98,993.09,4891.31,1.14,4.096,3100.0,0.017,PM2.5-1HR
956,NOR_NO0093A,2024-12-18,3.45,3.89,96.08,0.54,4.23,160.22,993.11,3843.84,1.14,4.096,3100.0,0.0,PM2.5-1HR
956,NOR_NO0095A,2024-12-18,3.29,3.73,96.02,0.55,4.13,159.36,993.05,3541.34,1.02,3.928,3100.0,0.011,PM2.5-1HR
956,NOR_NO0114A,2024-12-18,3.07,3.72,96.16,0.51,3.95,158.31,992.96,2808.28,1.14,4.096,3100.0,0.018,PM2.5-1HR
956,NOR_NO0122A,2024-12-18,6.96,3.91,95.85,0.56,4.44,162.73,993.26,3142.01,1.21,4.194,3100.0,0.01,PM2.5-1HR
956,NOR_NO0129A,2024-12-18,5.84,3.96,95.72,0.55,4.58,165.11,993.38,5191.94,1.25,4.25,3100.0,0.013,PM2.5-1HR
956,NOR_NO0140A,2024-12-18,4.66,3.9,96.04,0.55,4.3,160.61,993.14,3888.58,1.14,4.096,3100.0,0.209,PM2.5-1HR
956,NOR_NO0143A,2024-12-18,4.43,3.91,95.99,0.56,4.35,161.07,993.18,19064.3,1.16,4.124,3100.0,0.013,PM2.5-1HR
956,NOR_NO0149A,2024-12-18,4.76,3.95,95.93,0.56,4.43,162.34,993.25,1999.9,1.15,4.11,3100.0,0.292,PM2.5-1HR
956,NOR_NO0150A,2024-12-18,5.4,3.87,95.89,0.56,4.38,161.62,993.21,4900.03,1.15,4.11,3100.0,0.006,PM2.5-1HR
956,NOR_NO0152A,2024-12-18,10.12,3.95,96.06,0.55,4.34,160.87,993.17,1968.48,1.14,4.096,3100.0,1.811,PM2.5-1HR
956,NOR_NO0153A,2024-12-18,1.66,3.82,96.2,0.5,3.98,158.77,992.99,1482.8,1.14,4.096,3100.0,0.011,PM2.5-1HR
956,NOR_NO0011A,2024-12-19,5.1,2.55,86.92,0.01,3.22,217.17,980.38,11078.92,0.79,3.606,3100.0,0.041,PM2.5-1HR
956,NOR_NO0057A,2024-12-19,7.34,2.63,87.55,0.01,3.42,219.11,980.39,720.61,0.88,3.732,3100.0,0.047,PM2.5-1HR
956,NOR_NO0071A,2024-12-19,4.93,2.69,87.49,0.01,3.37,217.73,980.43,5739.15,0.85,3.69,3100.0,0.019,PM2.5-1HR
956,NOR_NO0072A,2024-12-19,5.05,2.54,86.74,0.01,3.16,216.45,980.4,4147.97,0.79,3.606,3100.0,0.082,PM2.5-1HR
956,NOR_NO0073A,2024-12-19,3.52,2.61,87.17,0.01,3.29,217.41,980.4,19621.92,0.83,3.662,3100.0,0.25,PM2.5-1HR
956,NOR_NO0083A,2024-12-19,4.68,2.55,86.78,0.01,3.17,216.5,980.39,4891.31,0.79,3.606,3100.0,0.017,PM2.5-1HR
956,NOR_NO0093A,2024-12-19,5.54,2.58,86.85,0.01,3.18,216.36,980.41,3843.84,0.79,3.606,3100.0,0.0,PM2.5-1HR
956,NOR_NO0095A,2024-12-19,4.79,2.49,86.58,0.01,3.12,216.57,980.38,3541.34,0.74,3.536,3100.0,0.011,PM2.5-1HR
956,NOR_NO0114A,2024-12-19,4.37,2.43,86.1,0.01,2.97,215.38,980.39,2808.28,0.89,3.746,3100.0,0.018,PM2.5-1HR
956,NOR_NO0122A,2024-12-19,5.42,2.63,87.57,0.01,3.42,219.06,980.4,3142.01,0.88,3.732,3100.0,0.01,PM2.5-1HR
956,NOR_NO0129A,2024-12-19,5.23,2.66,88.06,0,3.59,220.74,980.4,5191.94,0.75,3.55,3100.0,0.013,PM2.5-1HR
956,NOR_NO0140A,2024-12-19,5.19,2.61,87.04,0.01,3.24,216.7,980.4,3888.58,0.79,3.606,3100.0,0.209,PM2.5-1HR
956,NOR_NO0143A,2024-12-19,4.66,2.63,87.19,0.01,3.29,217.24,980.4,19064.3,0.83,3.662,3100.0,0.013,PM2.5-1HR
956,NOR_NO0149A,2024-12-19,3.27,2.65,87.48,0.01,3.38,218.36,980.41,1999.9,0.85,3.69,3100.0,0.292,PM2.5-1HR
956,NOR_NO0150A,2024-12-19,7.89,2.61,87.33,0.01,3.34,218.26,980.39,4900.03,0.85,3.69,3100.0,0.006,PM2.5-1HR
956,NOR_NO0152A,2024-12-19,12.35,2.65,87.14,0.01,3.26,216.64,980.41,1968.48,0.79,3.606,3100.0,1.811,PM2.5-1HR
956,NOR_NO0153A,2024-12-19,1.53,2.47,86.16,0.01,2.98,215.11,980.41,1482.8,0.89,3.746,3100.0,0.011,PM2.5-1HR
956,NOR_NO0011A,2024-12-20,11.04,0.92,64.34,0.01,3.27,272.98,996.2,11078.92,1.52,4.628,3100.0,0.041,PM2.5-1HR
956,NOR_NO0057A,2024-12-20,12.33,0.9,63.41,0.01,3.39,273.57,996.11,720.61,1.72,4.908,3100.0,0.047,PM2.5-1HR
956,NOR_NO0071A,2024-12-20,8.27,1.05,63.59,0.01,3.4,273.28,996.16,5739.15,1.63,4.782,3100.0,0.019,PM2.5-1HR
956,NOR_NO0072A,2024-12-20,9.76,0.95,64.49,0.01,3.24,272.48,996.25,4147.97,1.52,4.628,3100.0,0.082,PM2.5-1HR
956,NOR_NO0073A,2024-12-20,10.15,0.99,64.01,0.01,3.33,273.17,996.18,19621.92,1.7,4.88,3100.0,0.25,PM2.5-1HR
956,NOR_NO0083A,2024-12-20,8.77,0.96,64.45,0.01,3.25,272.54,996.25,4891.31,1.52,4.628,3100.0,0.017,PM2.5-1HR
956,NOR_NO0093A,2024-12-20,11.23,1,64.35,0.01,3.27,272.55,996.24,3843.84,1.52,4.628,3100.0,0.0,PM2.5-1HR
956,NOR_NO0095A,2024-12-20,9.32,0.87,64.7,0.01,3.2,272.41,996.26,3541.34,1.18,4.152,3100.0,0.011,PM2.5-1HR
956,NOR_NO0114A,2024-12-20,11.87,0.82,65.16,0.02,3.11,271.38,996.36,2808.28,0.92,3.788,3100.0,0.018,PM2.5-1HR
956,NOR_NO0122A,2024-12-20,24.71,0.91,63.4,0.01,3.4,273.56,996.11,3142.01,1.72,4.908,3100.0,0.01,PM2.5-1HR
956,NOR_NO0129A,2024-12-20,21.01,0.83,62.64,0.01,3.48,274.02,996.04,5191.94,2.51,6.014,3100.0,0.013,PM2.5-1HR
956,NOR_NO0140A,2024-12-20,6.94,1.03,64.17,0.01,3.31,272.89,996.21,3888.58,1.52,4.628,3100.0,0.209,PM2.5-1HR
956,NOR_NO0143A,2024-12-20,7.24,1.02,63.98,0.01,3.34,273.12,996.18,19064.3,1.7,4.88,3100.0,0.013,PM2.5-1HR
956,NOR_NO0149A,2024-12-20,5.62,0.97,63.56,0.01,3.38,273.4,996.14,1999.9,1.63,4.782,3100.0,0.292,PM2.5-1HR
956,NOR_NO0150A,2024-12-20,43.54,0.94,63.76,0.01,3.35,273.37,996.15,4900.03,1.63,4.782,3100.0,0.006,PM2.5-1HR
956,NOR_NO0152A,2024-12-20,15.06,1.07,64.05,0.01,3.33,272.97,996.2,1968.48,1.52,4.628,3100.0,1.811,PM2.5-1HR
956,NOR_NO0153A,2024-12-20,4.36,0.89,65,0.02,3.14,271.28,996.37,1482.8,0.92,3.788,3100.0,0.011,PM2.5-1HR
956,NOR_NO0011A,2024-12-21,5.88,-1.02,96.96,0.35,1.72,96.13,990.38,11078.92,1.82,5.048,3100.0,0.041,PM2.5-1HR
956,NOR_NO0057A,2024-12-21,4.64,-0.77,96.88,0.37,1.81,137.37,990.4,720.61,1.86,5.104,3100.0,0.047,PM2.5-1HR
956,NOR_NO0071A,2024-12-21,4.69,-0.61,97.12,0.36,1.82,129.27,990.38,5739.15,1.83,5.062,3100.0,0.019,PM2.5-1HR
956,NOR_NO0072A,2024-12-21,6.23,-0.97,97.07,0.35,1.69,83.28,990.36,4147.97,1.82,5.048,3100.0,0.082,PM2.5-1HR
956,NOR_NO0073A,2024-12-21,5.72,-0.87,97,0.36,1.76,111.77,990.38,19621.92,1.81,5.034,3100.0,0.25,PM2.5-1HR
956,NOR_NO0083A,2024-12-21,8.04,-0.96,97.07,0.35,1.7,84.22,990.36,4891.31,1.82,5.048,3100.0,0.017,PM2.5-1HR
956,NOR_NO0093A,2024-12-21,5.58,-0.89,97.12,0.35,1.72,83.99,990.36,3843.84,1.82,5.048,3100.0,0.0,PM2.5-1HR
956,NOR_NO0095A,2024-12-21,5.86,-1.1,97.01,0.34,1.66,82.7,990.37,3541.34,1.84,5.076,3100.0,0.011,PM2.5-1HR
956,NOR_NO0114A,2024-12-21,9.28,-1.14,97.15,0.33,1.6,73.62,990.34,2808.28,1.92,5.188,3100.0,0.018,PM2.5-1HR
956,NOR_NO0122A,2024-12-21,10.01,-0.75,96.9,0.37,1.82,137.73,990.4,3142.01,1.86,5.104,3100.0,0.01,PM2.5-1HR
956,NOR_NO0129A,2024-12-21,7.28,-0.59,96.78,0.39,1.93,151.43,990.43,5191.94,1.72,4.908,3100.0,0.013,PM2.5-1HR
956,NOR_NO0140A,2024-12-21,8.25,-0.85,97.08,0.35,1.75,99.15,990.36,3888.58,1.82,5.048,3100.0,0.209,PM2.5-1HR
956,NOR_NO0143A,2024-12-21,6.24,-0.82,97.04,0.36,1.77,111.4,990.37,19064.3,1.81,5.034,3100.0,0.013,PM2.5-1HR
956,NOR_NO0149A,2024-12-21,5.55,-0.72,97,0.37,1.81,132.16,990.39,1999.9,1.83,5.062,3100.0,0.292,PM2.5-1HR
956,NOR_NO0150A,2024-12-21,10.7,-0.85,96.93,0.37,1.78,125.44,990.39,4900.03,1.83,5.062,3100.0,0.006,PM2.5-1HR
956,NOR_NO0152A,2024-12-21,8.58,-0.78,97.11,0.36,1.77,101.06,990.36,1968.48,1.82,5.048,3100.0,1.811,PM2.5-1HR
956,NOR_NO0153A,2024-12-21,3.08,-1.02,97.23,0.32,1.62,75.38,990.33,1482.8,1.92,5.188,3100.0,0.011,PM2.5-1HR
956,NOR_NO0011A,2024-12-22,4.37,1.78,96.42,0.02,2.53,172.1,979.76,11078.92,2.11,5.454,3100.0,0.041,PM2.5-1HR
956,NOR_NO0057A,2024-12-22,6.58,1.99,96.17,0.02,2.68,175.61,979.79,720.61,2.33,5.762,3100.0,0.047,PM2.5-1HR
956,NOR_NO0071A,2024-12-22,7.54,2.04,96.16,0.02,2.7,175.53,979.79,5739.15,2.19,5.566,3100.0,0.019,PM2.5-1HR
956,NOR_NO0072A,2024-12-22,8.38,1.77,96.35,0.02,2.49,172.02,979.76,4147.97,2.11,5.454,3100.0,0.082,PM2.5-1HR
956,NOR_NO0073A,2024-12-22,6.88,1.89,96.37,0.02,2.61,173.27,979.77,19621.92,2.14,5.496,3100.0,0.25,PM2.5-1HR
956,NOR_NO0083A,2024-12-22,7.51,1.78,96.35,0.02,2.5,172.13,979.76,4891.31,2.11,5.454,3100.0,0.017,PM2.5-1HR
956,NOR_NO0093A,2024-12-22,7.88,1.82,96.33,0.02,2.53,172.5,979.76,3843.84,2.11,5.454,3100.0,0.0,PM2.5-1HR
956,NOR_NO0095A,2024-12-22,4.65,1.69,96.37,0.02,2.44,171.22,979.76,3541.34,2.04,5.356,3100.0,0.011,PM2.5-1HR
956,NOR_NO0114A,2024-12-22,7.93,1.58,96.26,0.02,2.31,169.72,979.76,2808.28,1.84,5.076,3100.0,0.018,PM2.5-1HR
956,NOR_NO0122A,2024-12-22,11.12,2,96.16,0.02,2.69,175.74,979.79,3142.01,2.33,5.762,3100.0,0.01,PM2.5-1HR
956,NOR_NO0129A,2024-12-22,8.96,2.15,95.92,0.02,2.8,177.66,979.83,5191.94,2.51,6.014,3100.0,0.013,PM2.5-1HR
956,NOR_NO0140A,2024-12-22,6.66,1.87,96.37,0.02,2.58,172.83,979.76,3888.58,2.11,5.454,3100.0,0.209,PM2.5-1HR
956,NOR_NO0143A,2024-12-22,7.88,1.91,96.35,0.02,2.62,173.46,979.77,19064.3,2.14,5.496,3100.0,0.013,PM2.5-1HR
956,NOR_NO0149A,2024-12-22,5.71,2,96.19,0.02,2.68,175.33,979.79,1999.9,2.19,5.566,3100.0,0.292,PM2.5-1HR
956,NOR_NO0150A,2024-12-22,11.69,1.92,96.29,0.02,2.63,174.24,979.78,4900.03,2.19,5.566,3100.0,0.006,PM2.5-1HR
956,NOR_NO0152A,2024-12-22,11.93,1.91,96.36,0.02,2.62,173.18,979.76,1968.48,2.11,5.454,3100.0,1.811,PM2.5-1HR
956,NOR_NO0153A,2024-12-22,2.37,1.64,96.21,0.02,2.35,170.81,979.76,1482.8,1.84,5.076,3100.0,0.011,PM2.5-1HR
956,NOR_NO0011A,2024-12-23,4.56,-0.13,86.9,0,3.09,340.52,1003.11,11078.92,1,3.9,3100.0,0.041,PM2.5-1HR
956,NOR_NO0057A,2024-12-23,4.18,0.09,87.03,0,3.18,342.65,1003.01,720.61,1.13,4.082,3100.0,0.047,PM2.5-1HR
956,NOR_NO0071A,2024-12-23,8.17,0.13,87.16,0,3.17,342.32,1003,5739.15,1.1,4.04,3100.0,0.019,PM2.5-1HR
956,NOR_NO0072A,2024-12-23,5.54,-0.14,86.91,0,3.05,339.66,1003.13,4147.97,1,3.9,3100.0,0.082,PM2.5-1HR
956,NOR_NO0073A,2024-12-23,3.87,-0.03,86.99,0,3.13,341.33,1003.06,19621.92,1.1,4.04,3100.0,0.25,PM2.5-1HR
956,NOR_NO0083A,2024-12-23,4.88,-0.12,86.92,0,3.06,339.81,1003.12,4891.31,1,3.9,3100.0,0.017,PM2.5-1HR
956,NOR_NO0093A,2024-12-23,8.73,-0.08,86.96,0,3.07,339.98,1003.1,3843.84,1,3.9,3100.0,0.0,PM2.5-1HR
956,NOR_NO0095A,2024-12-23,5.91,-0.21,86.84,0,3.01,339.22,1003.16,3541.34,1.05,3.97,3100.0,0.011,PM2.5-1HR
956,NOR_NO0114A,2024-12-23,3.93,-0.3,86.76,0,2.92,337.04,1003.22,2808.28,0.93,3.802,3100.0,0.018,PM2.5-1HR
956,NOR_NO0122A,2024-12-23,3.97,0.1,87.05,0,3.18,342.7,1003,3142.01,1.13,4.082,3100.0,0.01,PM2.5-1HR
956,NOR_NO0129A,2024-12-23,6.49,0.25,87.13,0,3.24,344.25,1002.93,5191.94,1.19,4.166,3100.0,0.013,PM2.5-1HR
956,NOR_NO0140A,2024-12-23,3.17,-0.04,87,0,3.11,340.75,1003.08,3888.58,1,3.9,3100.0,0.209,PM2.5-1HR
956,NOR_NO0143A,2024-12-23,4.28,0,87.02,0,3.14,341.35,1003.06,19064.3,1.1,4.04,3100.0,0.013,PM2.5-1HR
956,NOR_NO0149A,2024-12-23,5.67,0.09,87.08,0,3.17,342.37,1003.01,1999.9,1.1,4.04,3100.0,0.292,PM2.5-1HR
956,NOR_NO0150A,2024-12-23,17.47,0.01,86.99,0,3.15,341.9,1003.04,4900.03,1.1,4.04,3100.0,0.006,PM2.5-1HR
956,NOR_NO0152A,2024-12-23,4.67,0,87.05,0,3.13,341.07,1003.06,1968.48,1,3.9,3100.0,1.811,PM2.5-1HR
956,NOR_NO0153A,2024-12-23,0.93,-0.24,86.77,0,2.93,337.01,1003.2,1482.8,0.93,3.802,3100.0,0.011,PM2.5-1HR
956,NOR_NO0155A,2024-12-23,1.93,0.02,86.94,0,3.16,342.3,1003.04,3616.79,1.1,4.04,3100.0,1.758,PM2.5-1HR
956,NOR_NO0143A,2024-12-24,9.12,-0.35,96.73,0.02,2.75,206.97,1014.85,19064.3,1.98,5.272,3100.0,0.013,PM2.5-1HR
956,NOR_NO0140A,2024-12-24,8.86,-0.4,96.81,0.02,2.69,206.4,1014.85,3888.58,1.85,5.09,3100.0,0.209,PM2.5-1HR
956,NOR_NO0129A,2024-12-24,6.15,0.04,95.43,0.02,3.11,210.54,1014.85,5191.94,2,5.3,3100.0,0.013,PM2.5-1HR
956,NOR_NO0122A,2024-12-24,10.71,-0.2,96.14,0.02,2.91,208.84,1014.84,3142.01,2.09,5.426,3100.0,0.01,PM2.5-1HR
956,NOR_NO0114A,2024-12-24,11.78,-0.81,96.49,0.02,2.36,204.46,1014.86,2808.28,1.84,5.076,3100.0,0.018,PM2.5-1HR
956,NOR_NO0095A,2024-12-24,7.88,-0.68,96.69,0.02,2.52,206.02,1014.85,3541.34,1.82,5.048,3100.0,0.011,PM2.5-1HR
956,NOR_NO0011A,2024-12-24,8.03,-0.55,96.8,0.02,2.64,206.87,1014.84,11078.92,1.85,5.09,3100.0,0.041,PM2.5-1HR
956,NOR_NO0057A,2024-12-24,8.14,-0.22,96.15,0.02,2.9,208.91,1014.84,720.61,2.09,5.426,3100.0,0.047,PM2.5-1HR
956,NOR_NO0071A,2024-12-24,5.73,-0.12,96.37,0.02,2.88,207.35,1014.87,5739.15,1.99,5.286,3100.0,0.019,PM2.5-1HR
956,NOR_NO0072A,2024-12-24,12.69,-0.55,96.71,0.02,2.59,206,1014.85,4147.97,1.85,5.09,3100.0,0.082,PM2.5-1HR
956,NOR_NO0073A,2024-12-24,9.82,-0.39,96.73,0.02,2.74,207.16,1014.85,19621.92,1.98,5.272,3100.0,0.25,PM2.5-1HR
956,NOR_NO0083A,2024-12-24,11.23,-0.53,96.73,0.02,2.6,206.08,1014.85,4891.31,1.85,5.09,3100.0,0.017,PM2.5-1HR
956,NOR_NO0093A,2024-12-24,13.38,-0.47,96.73,0.02,2.63,205.97,1014.86,3843.84,1.85,5.09,3100.0,0.0,PM2.5-1HR
956,NOR_NO0149A,2024-12-24,8.01,-0.2,96.31,0.02,2.87,208.07,1014.85,1999.9,1.99,5.286,3100.0,0.292,PM2.5-1HR
956,NOR_NO0150A,2024-12-24,9.78,-0.33,96.48,0.02,2.81,208.04,1014.84,4900.03,1.99,5.286,3100.0,0.006,PM2.5-1HR
956,NOR_NO0152A,2024-12-24,19.39,-0.33,96.83,0.02,2.73,206.36,1014.86,1968.48,1.85,5.09,3100.0,1.811,PM2.5-1HR
956,NOR_NO0153A,2024-12-24,2.97,-0.71,96.47,0.02,2.39,204.38,1014.87,1482.8,1.84,5.076,3100.0,0.011,PM2.5-1HR
956,NOR_NO0155A,2024-12-24,3.84,-0.34,96.26,0.02,2.85,209.15,1014.83,3616.79,1.99,5.286,3100.0,1.758,PM2.5-1HR
956,NOR_NO0011A,2024-12-25,3.83,3.03,96.86,0,1.95,212.73,1019.61,11078.92,2.74,6.336,3100.0,0.041,PM2.5-1HR
956,NOR_NO0057A,2024-12-25,10.36,3.7,97.14,0,2.37,211.57,1019.6,720.61,2.67,6.238,3100.0,0.047,PM2.5-1HR
956,NOR_NO0071A,2024-12-25,6.05,3.69,97.26,0,2.29,209.31,1019.62,5739.15,2.57,6.098,3100.0,0.019,PM2.5-1HR
956,NOR_NO0072A,2024-12-25,5.76,2.93,96.87,0,1.9,211.96,1019.61,4147.97,2.74,6.336,3100.0,0.082,PM2.5-1HR
956,NOR_NO0073A,2024-12-25,6.82,3.29,97.01,0,2.07,211.42,1019.61,19621.92,2.63,6.182,3100.0,0.25,PM2.5-1HR
956,NOR_NO0083A,2024-12-25,7.87,2.97,96.89,0,1.91,211.84,1019.61,4891.31,2.74,6.336,3100.0,0.017,PM2.5-1HR
956,NOR_NO0093A,2024-12-25,7.44,3.05,96.96,0,1.94,211.06,1019.62,3843.84,2.74,6.336,3100.0,0.0,PM2.5-1HR
956,NOR_NO0095A,2024-12-25,5.03,2.76,96.76,0,1.85,213.3,1019.61,3541.34,2.65,6.21,3100.0,0.011,PM2.5-1HR
956,NOR_NO0114A,2024-12-25,14.03,2.43,96.65,0,1.71,213.38,1019.61,2808.28,2.97,6.658,3100.0,0.018,PM2.5-1HR
956,NOR_NO0122A,2024-12-25,9.4,3.73,97.16,0,2.39,211.33,1019.6,3142.01,2.67,6.238,3100.0,0.01,PM2.5-1HR
956,NOR_NO0129A,2024-12-25,4.67,4.26,97.35,0,2.77,211.3,1019.59,5191.94,2.54,6.056,3100.0,0.013,PM2.5-1HR
956,NOR_NO0140A,2024-12-25,7.36,3.19,97.01,0,1.99,210.87,1019.62,3888.58,2.74,6.336,3100.0,0.209,PM2.5-1HR
956,NOR_NO0143A,2024-12-25,7.78,3.33,97.06,0,2.08,210.89,1019.61,19064.3,2.63,6.182,3100.0,0.013,PM2.5-1HR
956,NOR_NO0149A,2024-12-25,5.59,3.65,97.17,0,2.31,210.62,1019.61,1999.9,2.57,6.098,3100.0,0.292,PM2.5-1HR
956,NOR_NO0150A,2024-12-25,8.89,3.45,97.05,0,2.2,211.72,1019.6,4900.03,2.57,6.098,3100.0,0.006,PM2.5-1HR
956,NOR_NO0152A,2024-12-25,11.87,3.29,97.09,0,2.03,210.2,1019.62,1968.48,2.74,6.336,3100.0,1.811,PM2.5-1HR
956,NOR_NO0153A,2024-12-25,5.2,2.54,96.73,0,1.74,212.01,1019.62,1482.8,2.97,6.658,3100.0,0.011,PM2.5-1HR
956,NOR_NO0155A,2024-12-25,3.01,3.54,97.02,0,2.3,212.82,1019.59,3616.79,2.57,6.098,3100.0,1.758,PM2.5-1HR
956,NOR_NO0011A,2024-12-26,5.19,2.49,95.47,0,1.66,241.71,1026.84,11078.92,2.26,5.664,3100.0,0.041,PM2.5-1HR
956,NOR_NO0057A,2024-12-26,10.57,2.96,95.51,0,1.94,234.59,1026.83,720.61,2.42,5.888,3100.0,0.047,PM2.5-1HR
956,NOR_NO0071A,2024-12-26,6.98,2.96,95.64,0,1.85,232.5,1026.85,5739.15,2.32,5.748,3100.0,0.019,PM2.5-1HR
956,NOR_NO0072A,2024-12-26,8.19,2.45,95.53,0,1.62,240.62,1026.84,4147.97,2.26,5.664,3100.0,0.082,PM2.5-1HR
956,NOR_NO0073A,2024-12-26,8.42,2.67,95.52,0,1.72,238.4,1026.84,19621.92,2.33,5.762,3100.0,0.25,PM2.5-1HR
956,NOR_NO0083A,2024-12-26,9.77,2.47,95.53,0,1.62,240.35,1026.84,4891.31,2.26,5.664,3100.0,0.017,PM2.5-1HR
956,NOR_NO0093A,2024-12-26,7.74,2.52,95.57,0,1.63,238.9,1026.85,3843.84,2.26,5.664,3100.0,0.0,PM2.5-1HR
956,NOR_NO0129A,2024-12-26,6.41,3.35,95.52,0,2.23,230.09,1026.82,5191.94,2.21,5.594,3100.0,0.013,PM2.5-1HR
956,NOR_NO0140A,2024-12-26,8.77,2.61,95.56,0,1.67,238.39,1026.85,3888.58,2.26,5.664,3100.0,0.209,PM2.5-1HR
956,NOR_NO0143A,2024-12-26,10.9,2.69,95.55,0,1.72,237.47,1026.84,19064.3,2.33,5.762,3100.0,0.013,PM2.5-1HR
956,NOR_NO0149A,2024-12-26,7.18,2.92,95.56,0,1.87,234.15,1026.84,1999.9,2.32,5.748,3100.0,0.292,PM2.5-1HR
956,NOR_NO0150A,2024-12-26,7.65,2.78,95.5,0,1.81,237.03,1026.83,4900.03,2.32,5.748,3100.0,0.006,PM2.5-1HR
956,NOR_NO0152A,2024-12-26,12.66,2.67,95.59,0,1.68,237.13,1026.85,1968.48,2.26,5.664,3100.0,1.811,PM2.5-1HR
956,NOR_NO0153A,2024-12-26,3.14,2.23,95.58,0,1.5,241.18,1026.86,1482.8,2.42,5.888,3100.0,0.011,PM2.5-1HR
956,NOR_NO0155A,2024-12-26,2.45,2.84,95.44,0,1.9,237.22,1026.82,3616.79,2.32,5.748,3100.0,1.758,PM2.5-1HR
956,NOR_NO0095A,2024-12-26,4.69,2.34,95.48,0,1.6,243.17,1026.84,3541.34,2.1,5.44,3100.0,0.011,PM2.5-1HR
956,NOR_NO0114A,2024-12-26,6.84,2.16,95.52,0,1.5,243.89,1026.85,2808.28,2.42,5.888,3100.0,0.018,PM2.5-1HR
956,NOR_NO0122A,2024-12-26,10.27,2.98,95.52,0,1.94,234.16,1026.83,3142.01,2.42,5.888,3100.0,0.01,PM2.5-1HR
956,NOR_NO0073A,2024-12-27,7.8,1.19,97.93,0.04,0.98,11.16,1030.51,19621.92,3.14,6.896,3100.0,0.25,PM2.5-1HR
956,NOR_NO0072A,2024-12-27,8.94,1.01,97.89,0.03,0.99,9.01,1030.52,4147.97,3.05,6.77,3100.0,0.082,PM2.5-1HR
956,NOR_NO0071A,2024-12-27,8.73,1.37,97.97,0.04,0.88,13.62,1030.49,5739.15,3.39,7.246,3100.0,0.019,PM2.5-1HR
956,NOR_NO0057A,2024-12-27,6.93,1.37,97.88,0.04,0.88,15.28,1030.49,720.61,3.56,7.484,3100.0,0.047,PM2.5-1HR
956,NOR_NO0011A,2024-12-27,7.07,1.07,97.89,0.03,1.01,9.99,1030.52,11078.92,3.05,6.77,3100.0,0.041,PM2.5-1HR
956,NOR_NO0083A,2024-12-27,9.99,1.03,97.9,0.03,0.99,9.17,1030.52,4891.31,3.05,6.77,3100.0,0.017,PM2.5-1HR
956,NOR_NO0093A,2024-12-27,7.47,1.07,97.92,0.03,0.98,9.27,1030.51,3843.84,3.05,6.77,3100.0,0.0,PM2.5-1HR
956,NOR_NO0095A,2024-12-27,9.52,0.94,97.85,0.03,1,8.74,1030.52,3541.34,2.92,6.588,3100.0,0.011,PM2.5-1HR
956,NOR_NO0114A,2024-12-27,10.91,0.76,97.81,0.03,0.98,6.29,1030.53,2808.28,3.09,6.826,3100.0,0.018,PM2.5-1HR
956,NOR_NO0122A,2024-12-27,9.48,1.38,97.89,0.04,0.88,15.39,1030.49,3142.01,3.56,7.484,3100.0,0.01,PM2.5-1HR
956,NOR_NO0129A,2024-12-27,11.62,1.61,97.85,0.05,0.77,22.37,1030.47,5191.94,3.83,7.862,3100.0,0.013,PM2.5-1HR
956,NOR_NO0140A,2024-12-27,8.69,1.14,97.94,0.03,0.99,10.12,1030.51,3888.58,3.05,6.77,3100.0,0.209,PM2.5-1HR
956,NOR_NO0143A,2024-12-27,8.87,1.2,97.94,0.04,0.97,11.17,1030.51,19064.3,3.14,6.896,3100.0,0.013,PM2.5-1HR
956,NOR_NO0149A,2024-12-27,5.81,1.35,97.93,0.04,0.89,14.07,1030.49,1999.9,3.39,7.246,3100.0,0.292,PM2.5-1HR
956,NOR_NO0150A,2024-12-27,9.93,1.26,97.9,0.04,0.94,12.82,1030.5,4900.03,3.39,7.246,3100.0,0.006,PM2.5-1HR
956,NOR_NO0152A,2024-12-27,13.15,1.19,97.97,0.04,0.98,10.46,1030.51,1968.48,3.05,6.77,3100.0,1.811,PM2.5-1HR
956,NOR_NO0153A,2024-12-27,4.7,0.8,97.83,0.03,0.97,5.8,1030.52,1482.8,3.09,6.826,3100.0,0.011,PM2.5-1HR
956,NOR_NO0155A,2024-12-27,2.5,1.29,97.85,0.04,0.92,14.37,1030.5,3616.79,3.39,7.246,3100.0,1.758,PM2.5-1HR
956,NOR_NO0155A,2024-12-28,1.24,1.44,98.74,0,1.45,226.7,1020.87,3616.79,2.25,5.65,3100.0,1.758,PM2.5-1HR
956,NOR_NO0153A,2024-12-28,5.1,0.73,98.49,0,1.15,225.12,1020.93,1482.8,2.45,5.93,3100.0,0.011,PM2.5-1HR
956,NOR_NO0152A,2024-12-28,12.55,1.26,98.79,0,1.34,226.32,1020.89,1968.48,2.25,5.65,3100.0,1.811,PM2.5-1HR
956,NOR_NO0011A,2024-12-28,3.97,1.08,98.71,0,1.29,227.76,1020.9,11078.92,2.25,5.65,3100.0,0.041,PM2.5-1HR
956,NOR_NO0057A,2024-12-28,3.95,1.56,98.76,0,1.49,225.45,1020.86,720.61,2.37,5.818,3100.0,0.047,PM2.5-1HR
956,NOR_NO0071A,2024-12-28,4.57,1.55,98.79,0,1.46,224.31,1020.87,5739.15,2.25,5.65,3100.0,0.019,PM2.5-1HR
956,NOR_NO0072A,2024-12-28,7.38,1.01,98.66,0,1.25,226.79,1020.9,4147.97,2.25,5.65,3100.0,0.082,PM2.5-1HR
956,NOR_NO0073A,2024-12-28,6.79,1.26,98.76,0,1.35,226.89,1020.88,19621.92,2.23,5.622,3100.0,0.25,PM2.5-1HR
956,NOR_NO0083A,2024-12-28,7.98,1.04,98.68,0,1.26,226.81,1020.9,4891.31,2.25,5.65,3100.0,0.017,PM2.5-1HR
956,NOR_NO0093A,2024-12-28,4.7,1.09,98.7,0,1.28,226.43,1020.9,3843.84,2.25,5.65,3100.0,0.0,PM2.5-1HR
956,NOR_NO0095A,2024-12-28,4.22,0.9,98.62,0,1.22,227.22,1020.91,3541.34,2.16,5.524,3100.0,0.011,PM2.5-1HR
956,NOR_NO0114A,2024-12-28,8.62,0.66,98.48,0,1.13,225.19,1020.93,2808.28,2.45,5.93,3100.0,0.018,PM2.5-1HR
956,NOR_NO0122A,2024-12-28,8.37,1.57,98.76,0,1.5,225.23,1020.86,3142.01,2.37,5.818,3100.0,0.01,PM2.5-1HR
956,NOR_NO0129A,2024-12-28,5.89,1.96,98.75,0,1.69,223.43,1020.83,5191.94,2.13,5.482,3100.0,0.013,PM2.5-1HR
956,NOR_NO0140A,2024-12-28,7.67,1.19,98.75,0,1.32,226.65,1020.89,3888.58,2.25,5.65,3100.0,0.209,PM2.5-1HR
956,NOR_NO0143A,2024-12-28,8.4,1.29,98.77,0,1.36,226.5,1020.89,19064.3,2.23,5.622,3100.0,0.013,PM2.5-1HR
956,NOR_NO0149A,2024-12-28,4.38,1.52,98.77,0,1.46,225.13,1020.87,1999.9,2.25,5.65,3100.0,0.292,PM2.5-1HR
956,NOR_NO0150A,2024-12-28,6.75,1.38,98.76,0,1.41,226.42,1020.88,4900.03,2.25,5.65,3100.0,0.006,PM2.5-1HR
956,NOR_NO0011A,2024-12-29,4.2,3.73,90.69,0.02,3.72,210.5,1004.88,11078.92,0.73,3.522,3100.0,0.041,PM2.5-1HR
956,NOR_NO0057A,2024-12-29,9.28,4.06,90.71,0.01,4.08,212.73,1004.9,720.61,0.76,3.564,3100.0,0.047,PM2.5-1HR
956,NOR_NO0071A,2024-12-29,2.82,4.13,90.53,0.02,4.04,211.69,1004.96,5739.15,0.78,3.592,3100.0,0.019,PM2.5-1HR
956,NOR_NO0072A,2024-12-29,4.06,3.69,90.52,0.02,3.66,210,1004.91,4147.97,0.73,3.522,3100.0,0.082,PM2.5-1HR
956,NOR_NO0073A,2024-12-29,4.27,3.89,90.67,0.02,3.85,210.93,1004.91,19621.92,0.77,3.578,3100.0,0.25,PM2.5-1HR
956,NOR_NO0083A,2024-12-29,3.62,3.72,90.53,0.02,3.68,210.06,1004.91,4891.31,0.73,3.522,3100.0,0.017,PM2.5-1HR
956,NOR_NO0093A,2024-12-29,3.57,3.78,90.5,0.02,3.71,210.04,1004.92,3843.84,0.73,3.522,3100.0,0.0,PM2.5-1HR
956,NOR_NO0095A,2024-12-29,3.69,3.57,90.56,0.02,3.59,209.95,1004.88,3541.34,0.75,3.55,3100.0,0.011,PM2.5-1HR
956,NOR_NO0114A,2024-12-29,4.25,3.39,90.28,0.02,3.41,208.93,1004.89,2808.28,0.79,3.606,3100.0,0.018,PM2.5-1HR
956,NOR_NO0122A,2024-12-29,3.51,4.07,90.69,0.01,4.09,212.72,1004.91,3142.01,0.76,3.564,3100.0,0.01,PM2.5-1HR
956,NOR_NO0129A,2024-12-29,2,4.3,90.72,0.01,4.39,214.62,1004.91,5191.94,0.63,3.382,3100.0,0.013,PM2.5-1HR
956,NOR_NO0140A,2024-12-29,4.71,3.86,90.58,0.02,3.79,210.34,1004.92,3888.58,0.73,3.522,3100.0,0.209,PM2.5-1HR
956,NOR_NO0143A,2024-12-29,4.1,3.93,90.63,0.02,3.86,210.86,1004.92,19064.3,0.77,3.578,3100.0,0.013,PM2.5-1HR
956,NOR_NO0149A,2024-12-29,3.68,4.07,90.63,0.02,4.04,212.1,1004.93,1999.9,0.78,3.592,3100.0,0.292,PM2.5-1HR
956,NOR_NO0150A,2024-12-29,3.1,3.95,90.71,0.02,3.94,211.78,1004.9,4900.03,0.78,3.592,3100.0,0.006,PM2.5-1HR
956,NOR_NO0152A,2024-12-29,14.87,3.93,90.58,0.02,3.83,210.38,1004.94,1968.48,0.73,3.522,3100.0,1.811,PM2.5-1HR
956,NOR_NO0153A,2024-12-29,1.45,3.49,90.17,0.02,3.45,208.86,1004.93,1482.8,0.79,3.606,3100.0,0.011,PM2.5-1HR
956,NOR_NO0155A,2024-12-29,2.56,3.95,90.8,0.01,4.01,212.63,1004.87,3616.79,0.78,3.592,3100.0,1.758,PM2.5-1HR
956,NOR_NO0011A,2024-12-30,5.12,-0.41,69.24,0,2.26,270.2,1007.34,11078.92,0.67,3.438,3100.0,0.041,PM2.5-1HR
956,NOR_NO0057A,2024-12-30,5.06,-0.24,67.99,0,2.37,269.22,1007.28,720.61,0.69,3.466,3100.0,0.047,PM2.5-1HR
956,NOR_NO0071A,2024-12-30,6.8,-0.16,68.33,0,2.33,269.54,1007.32,5739.15,0.71,3.494,3100.0,0.019,PM2.5-1HR
956,NOR_NO0072A,2024-12-30,6.73,-0.4,69.44,0,2.23,269.76,1007.37,4147.97,0.67,3.438,3100.0,0.082,PM2.5-1HR
956,NOR_NO0073A,2024-12-30,7.26,-0.32,68.89,0,2.28,270.21,1007.32,19621.92,0.73,3.522,3100.0,0.25,PM2.5-1HR
956,NOR_NO0083A,2024-12-30,6.3,-0.39,69.39,0,2.24,269.83,1007.36,4891.31,0.67,3.438,3100.0,0.017,PM2.5-1HR
956,NOR_NO0093A,2024-12-30,9.23,-0.35,69.32,0,2.24,269.88,1007.36,3843.84,0.67,3.438,3100.0,0.0,PM2.5-1HR
956,NOR_NO0095A,2024-12-30,6.17,-0.48,69.6,0,2.22,269.59,1007.37,3541.34,0.62,3.368,3100.0,0.011,PM2.5-1HR
956,NOR_NO0114A,2024-12-30,10.06,-0.53,70.1,0,2.18,268.64,1007.43,2808.28,0.55,3.27,3100.0,0.018,PM2.5-1HR
956,NOR_NO0140A,2024-12-30,4.8,-0.32,69.13,0,2.26,270.22,1007.34,3888.58,0.67,3.438,3100.0,0.209,PM2.5-1HR
956,NOR_NO0143A,2024-12-30,5.95,-0.29,68.88,0,2.28,270.19,1007.32,19064.3,0.73,3.522,3100.0,0.013,PM2.5-1HR
956,NOR_NO0149A,2024-12-30,6.21,-0.22,68.23,0,2.34,269.47,1007.3,1999.9,0.71,3.494,3100.0,0.292,PM2.5-1HR
956,NOR_NO0150A,2024-12-30,21.31,-0.3,68.5,0,2.32,269.79,1007.3,4900.03,0.71,3.494,3100.0,0.006,PM2.5-1HR
956,NOR_NO0152A,2024-12-30,21.77,-0.28,69.04,0,2.26,270.34,1007.34,1968.48,0.67,3.438,3100.0,1.811,PM2.5-1HR
956,NOR_NO0153A,2024-12-30,3.36,-0.46,70,0,2.18,268.67,1007.44,1482.8,0.55,3.27,3100.0,0.011,PM2.5-1HR
956,NOR_NO0155A,2024-12-30,6.09,-0.32,68.15,0,2.36,269.44,1007.27,3616.79,0.71,3.494,3100.0,1.758,PM2.5-1HR
956,NOR_NO0129A,2024-12-30,16.05,-0.11,66.86,0,2.48,267.93,1007.23,5191.94,0.83,3.662,3100.0,0.013,PM2.5-1HR
956,NOR_NO0122A,2024-12-30,15.08,-0.23,67.97,0,2.37,269.19,1007.28,3142.01,0.69,3.466,3100.0,0.01,PM2.5-1HR
956,NOR_NO0057A,2025-01-01,3.78,-4.92,83.06,0.15,3.77,8.82,992.56,727.91,1.12,4.068,3100.0,0.047,PM2.5-1HR
956,NOR_NO0071A,2025-01-01,5.98,-4.72,83.19,0.14,3.79,8.4,992.5,5794.7,1.14,4.096,3100.0,0.019,PM2.5-1HR
956,NOR_NO0072A,2025-01-01,2.3,-4.9,83.16,0.14,3.65,5.87,992.65,4189.22,1.05,3.97,3100.0,0.082,PM2.5-1HR
956,NOR_NO0073A,2025-01-01,3.82,-4.87,82.96,0.14,3.75,7.34,992.6,19813.27,1.13,4.082,3100.0,0.25,PM2.5-1HR
956,NOR_NO0083A,2025-01-01,2.55,-4.89,83.13,0.14,3.66,6,992.64,4937.94,1.05,3.97,3100.0,0.017,PM2.5-1HR
956,NOR_NO0011A,2025-01-01,4.51,-4.97,82.96,0.14,3.69,6.53,992.66,11187.25,1.05,3.97,3100.0,0.041,PM2.5-1HR
956,NOR_NO0153A,2025-01-01,0.94,-4.86,83.57,0.14,3.52,3.77,992.68,1497.53,0.99,3.886,3100.0,0.011,PM2.5-1HR
956,NOR_NO0150A,2025-01-01,2.78,-4.91,82.99,0.14,3.75,7.97,992.59,4950.29,1.14,4.096,3100.0,0.006,PM2.5-1HR
956,NOR_NO0149A,2025-01-01,5.13,-4.83,83.1,0.14,3.77,8.48,992.54,2020.38,1.14,4.096,3100.0,0.292,PM2.5-1HR
956,NOR_NO0143A,2025-01-01,3.65,-4.83,83,0.14,3.75,7.38,992.59,19250.64,1.13,4.082,3100.0,0.013,PM2.5-1HR
956,NOR_NO0140A,2025-01-01,2.81,-4.82,83.03,0.14,3.73,6.82,992.6,3929.05,1.05,3.97,3100.0,0.209,PM2.5-1HR
956,NOR_NO0129A,2025-01-01,6.55,-4.92,83.21,0.15,3.8,10.68,992.49,5243.09,1.2,4.18,3100.0,0.013,PM2.5-1HR
956,NOR_NO0122A,2025-01-01,3.73,-4.9,83.08,0.15,3.77,8.87,992.55,3172.81,1.12,4.068,3100.0,0.01,PM2.5-1HR
956,NOR_NO0114A,2025-01-01,2.59,-4.97,83.51,0.14,3.49,3.61,992.72,2835.19,0.99,3.886,3100.0,0.018,PM2.5-1HR
956,NOR_NO0095A,2025-01-01,4.66,-5,83.16,0.14,3.6,5.41,992.7,3578.09,1.13,4.082,3100.0,0.011,PM2.5-1HR
956,NOR_NO0093A,2025-01-01,4.73,-4.83,83.15,0.14,3.68,6.19,992.62,3881.7,1.05,3.97,3100.0,0.0,PM2.5-1HR
956,NOR_NO0011A,2025-01-02,12.42,-10.37,79.08,0,2.58,298.37,998.03,11187.25,1.81,5.034,3100.0,0.041,PM2.5-1HR
956,NOR_NO0057A,2025-01-02,16.59,-10.25,78.56,0,2.59,296.05,997.92,727.91,2.28,5.692,3100.0,0.047,PM2.5-1HR
956,NOR_NO0071A,2025-01-02,12.54,-9.72,79.44,0,2.56,296.58,997.95,5794.7,2.18,5.552,3100.0,0.019,PM2.5-1HR
956,NOR_NO0072A,2025-01-02,12.26,-10.05,79.6,0,2.55,297.78,998.07,4189.22,1.81,5.034,3100.0,0.082,PM2.5-1HR
956,NOR_NO0073A,2025-01-02,21.5,-10.19,79.09,0,2.59,298.05,997.99,19813.27,2.03,5.342,3100.0,0.25,PM2.5-1HR
956,NOR_NO0083A,2025-01-02,8.85,-10.05,79.57,0,2.55,297.84,998.06,4937.94,1.81,5.034,3100.0,0.017,PM2.5-1HR
956,NOR_NO0093A,2025-01-02,11.33,-9.91,79.69,0,2.55,297.79,998.05,3881.7,1.81,5.034,3100.0,0.0,PM2.5-1HR
956,NOR_NO0095A,2025-01-02,9.93,-10.25,79.48,0,2.54,297.81,998.09,3578.09,1.43,4.502,3100.0,0.011,PM2.5-1HR
956,NOR_NO0114A,2025-01-02,16.93,-9.88,80.26,0,2.48,296.64,998.18,2835.19,0.95,3.83,3100.0,0.018,PM2.5-1HR
956,NOR_NO0122A,2025-01-02,15.67,-10.2,78.63,0,2.58,295.99,997.92,3172.81,2.28,5.692,3100.0,0.01,PM2.5-1HR
956,NOR_NO0129A,2025-01-02,22.14,-10.19,78.08,0,2.59,293.47,997.84,5243.09,3.62,7.568,3100.0,0.013,PM2.5-1HR
956,NOR_NO0140A,2025-01-02,13.53,-10,79.45,0,2.57,298.16,998.02,3929.05,1.81,5.034,3100.0,0.209,PM2.5-1HR
956,NOR_NO0143A,2025-01-02,19.02,-10.07,79.23,0,2.58,297.96,997.99,19250.64,2.03,5.342,3100.0,0.013,PM2.5-1HR
956,NOR_NO0149A,2025-01-02,16.4,-10.03,78.98,0,2.58,296.51,997.95,2020.38,2.18,5.552,3100.0,0.292,PM2.5-1HR
956,NOR_NO0150A,2025-01-02,16.65,-10.27,78.79,0,2.59,297.22,997.96,4950.29,2.18,5.552,3100.0,0.006,PM2.5-1HR
956,NOR_NO0153A,2025-01-02,2.64,-9.61,80.47,0,2.47,296.34,998.17,1497.53,0.95,3.83,3100.0,0.011,PM2.5-1HR
956,NOR_NO0011A,2025-01-03,12.3,-8.71,72.21,0.01,3.05,302.19,999.17,11187.25,1.06,3.984,3100.0,0.041,PM2.5-1HR
956,NOR_NO0057A,2025-01-03,10.88,-8.58,71.37,0.01,3.09,298.86,999.1,727.91,1.29,4.306,3100.0,0.047,PM2.5-1HR
956,NOR_NO0071A,2025-01-03,10.52,-8.17,72.06,0.01,3.04,299.28,999.12,5794.7,1.2,4.18,3100.0,0.019,PM2.5-1HR
956,NOR_NO0072A,2025-01-03,13.75,-8.4,72.34,0.01,3,301.98,999.2,4189.22,1.06,3.984,3100.0,0.082,PM2.5-1HR
956,NOR_NO0073A,2025-01-03,18.53,-8.56,72.19,0.01,3.06,301.31,999.14,19813.27,1.14,4.096,3100.0,0.25,PM2.5-1HR
956,NOR_NO0083A,2025-01-03,9.88,-8.41,72.35,0.01,3,301.94,999.19,4937.94,1.06,3.984,3100.0,0.017,PM2.5-1HR
956,NOR_NO0093A,2025-01-03,12.73,-8.29,72.43,0.01,3,301.69,999.19,3881.7,1.06,3.984,3100.0,0.0,PM2.5-1HR
956,NOR_NO0095A,2025-01-03,6.88,-8.56,72.22,0.01,3,302.42,999.21,3578.09,1.07,3.998,3100.0,0.011,PM2.5-1HR
956,NOR_NO0114A,2025-01-03,16.41,-8.18,72.31,0.01,2.92,302.32,999.27,2835.19,0.57,3.298,3100.0,0.018,PM2.5-1HR
956,NOR_NO0122A,2025-01-03,12.45,-8.54,71.4,0.01,3.09,298.76,999.1,3172.81,1.29,4.306,3100.0,0.01,PM2.5-1HR
956,NOR_NO0129A,2025-01-03,16.48,-8.48,70.45,0.01,3.14,295.7,999.04,5243.09,1.71,4.894,3100.0,0.013,PM2.5-1HR
956,NOR_NO0140A,2025-01-03,12.5,-8.39,72.42,0.01,3.03,301.63,999.16,3929.05,1.06,3.984,3100.0,0.209,PM2.5-1HR
956,NOR_NO0143A,2025-01-03,16.38,-8.46,72.26,0.01,3.05,301.15,999.14,19250.64,1.14,4.096,3100.0,0.013,PM2.5-1HR
956,NOR_NO0149A,2025-01-03,15.05,-8.41,71.75,0.01,3.07,299.33,999.11,2020.38,1.2,4.18,3100.0,0.292,PM2.5-1HR
956,NOR_NO0150A,2025-01-03,24.27,-8.62,71.8,0.01,3.07,300.31,999.12,4950.29,1.2,4.18,3100.0,0.006,PM2.5-1HR
956,NOR_NO0153A,2025-01-03,3.34,-7.95,72.43,0.01,2.9,301.79,999.27,1497.53,0.57,3.298,3100.0,0.011,PM2.5-1HR
956,NOR_NO0011A,2025-01-04,25.2,-14.95,83.98,0,2.19,307.38,1007.07,11187.25,6.25,11.25,3100.0,0.041,PM2.5-1HR
956,NOR_NO0057A,2025-01-04,36.88,-14.33,82.45,0,2.07,299.49,1006.99,727.91,7.26,12.664,3100.0,0.047,PM2.5-1HR
956,NOR_NO0071A,2025-01-04,26.24,-13.93,83.81,0,2.01,301.43,1007.02,5794.7,7.17,12.538,3100.0,0.019,PM2.5-1HR
956,NOR_NO0072A,2025-01-04,32.1,-14.52,84.44,0,2.11,307.29,1007.11,4189.22,6.25,11.25,3100.0,0.082,PM2.5-1HR
956,NOR_NO0073A,2025-01-04,34.58,-14.7,83.94,0,2.14,305.82,1007.04,19813.27,6.9,12.16,3100.0,0.25,PM2.5-1HR
956,NOR_NO0083A,2025-01-04,21.01,-14.53,84.43,0,2.11,307.24,1007.1,4937.94,6.25,11.25,3100.0,0.017,PM2.5-1HR
956,NOR_NO0093A,2025-01-04,22.57,-14.38,84.61,0,2.09,307,1007.1,3881.7,6.25,11.25,3100.0,0.0,PM2.5-1HR
956,NOR_NO0095A,2025-01-04,24.55,-14.72,84.19,0,2.14,307.74,1007.12,3578.09,5.71,10.494,3100.0,0.011,PM2.5-1HR
956,NOR_NO0114A,2025-01-04,44.51,-14.16,84.74,0,2.04,307.9,1007.2,2835.19,5.3,9.92,3100.0,0.018,PM2.5-1HR
956,NOR_NO0122A,2025-01-04,28.62,-14.27,82.51,0,2.06,299.31,1006.99,3172.81,7.26,12.664,3100.0,0.01,PM2.5-1HR
956,NOR_NO0129A,2025-01-04,41.82,-13.72,80.83,0,2.01,291.1,1006.92,5243.09,8.11,13.854,3100.0,0.013,PM2.5-1HR
956,NOR_NO0140A,2025-01-04,26.28,-14.54,84.47,0,2.12,306.88,1007.07,3929.05,6.25,11.25,3100.0,0.209,PM2.5-1HR
956,NOR_NO0143A,2025-01-04,32.91,-14.56,84.1,0,2.12,305.66,1007.04,19250.64,6.9,12.16,3100.0,0.013,PM2.5-1HR
956,NOR_NO0149A,2025-01-04,26.12,-14.22,83.18,0,2.05,301.05,1007.01,2020.38,7.17,12.538,3100.0,0.292,PM2.5-1HR
956,NOR_NO0150A,2025-01-04,35.19,-14.6,83.21,0,2.12,303.17,1007.02,4950.29,7.17,12.538,3100.0,0.006,PM2.5-1HR
956,NOR_NO0153A,2025-01-04,6.09,-13.88,85.06,0,1.99,307.29,1007.2,1497.53,5.3,9.92,3100.0,0.011,PM2.5-1HR
956,NOR_NO0011A,2025-01-05,20.23,-14.2,85.97,0.04,2.31,359.89,1005.62,11187.25,5.86,10.704,3100.0,0.041,PM2.5-1HR
956,NOR_NO0057A,2025-01-05,16.96,-13.73,85.93,0.03,2.22,3.99,1005.57,727.91,7.26,12.664,3100.0,0.047,PM2.5-1HR
956,NOR_NO0071A,2025-01-05,15.87,-13.41,86.5,0.04,2.21,4.13,1005.54,5794.7,6.89,12.146,3100.0,0.019,PM2.5-1HR
956,NOR_NO0072A,2025-01-05,29.27,-13.91,86.02,0.04,2.26,359.72,1005.62,4189.22,5.86,10.704,3100.0,0.082,PM2.5-1HR
956,NOR_NO0073A,2025-01-05,18.91,-13.97,86.22,0.04,2.3,1.12,1005.59,19813.27,6.42,11.488,3100.0,0.25,PM2.5-1HR
956,NOR_NO0083A,2025-01-05,22.01,-13.91,86.06,0.04,2.26,359.84,1005.61,4937.94,5.86,10.704,3100.0,0.017,PM2.5-1HR
956,NOR_NO0093A,2025-01-05,14.72,-13.78,86.22,0.04,2.25,0.16,1005.6,3881.7,5.86,10.704,3100.0,0.0,PM2.5-1HR
956,NOR_NO0095A,2025-01-05,36.02,-14.11,85.73,0.04,2.26,359.15,1005.64,3578.09,5.61,10.354,3100.0,0.011,PM2.5-1HR
956,NOR_NO0114A,2025-01-05,46.94,-13.78,85.53,0.04,2.17,357.98,1005.66,2835.19,3.7,7.68,3100.0,0.018,PM2.5-1HR
956,NOR_NO0122A,2025-01-05,21.49,-13.69,85.97,0.03,2.21,4.21,1005.57,3172.81,7.26,12.664,3100.0,0.01,PM2.5-1HR
956,NOR_NO0129A,2025-01-05,26.1,-13.31,85.68,0.03,2.11,8.23,1005.54,5243.09,8.74,14.736,3100.0,0.013,PM2.5-1HR
956,NOR_NO0140A,2025-01-05,18.78,-13.85,86.33,0.04,2.29,0.62,1005.59,3929.05,5.86,10.704,3100.0,0.209,PM2.5-1HR
956,NOR_NO0143A,2025-01-05,20.32,-13.86,86.32,0.04,2.29,1.35,1005.58,19250.64,6.42,11.488,3100.0,0.013,PM2.5-1HR
956,NOR_NO0149A,2025-01-05,15.58,-13.64,86.2,0.04,2.22,3.72,1005.56,2020.38,6.89,12.146,3100.0,0.292,PM2.5-1HR
956,NOR_NO0150A,2025-01-05,20.61,-13.92,86.05,0.04,2.27,2.23,1005.59,4950.29,6.89,12.146,3100.0,0.006,PM2.5-1HR
956,NOR_NO0153A,2025-01-05,6.81,-13.54,85.8,0.04,2.14,358.21,1005.64,1497.53,3.7,7.68,3100.0,0.011,PM2.5-1HR
956,NOR_NO0011A,2025-01-06,2.96,-5.5,91.72,0.73,4.92,38.11,992.51,11187.25,1.15,4.11,3100.0,0.041,PM2.5-1HR
956,NOR_NO0057A,2025-01-06,4.38,-5.28,91.47,0.71,4.99,41.53,992.46,727.91,1.34,4.376,3100.0,0.047,PM2.5-1HR
956,NOR_NO0071A,2025-01-06,3.04,-5.1,91.55,0.73,4.99,40.94,992.32,5794.7,1.27,4.278,3100.0,0.019,PM2.5-1HR
956,NOR_NO0072A,2025-01-06,2.31,-5.43,91.63,0.74,4.87,37.57,992.44,4189.22,1.15,4.11,3100.0,0.082,PM2.5-1HR
956,NOR_NO0073A,2025-01-06,3.5,-5.36,91.71,0.73,4.96,39.08,992.45,19813.27,1.19,4.166,3100.0,0.25,PM2.5-1HR
956,NOR_NO0083A,2025-01-06,4.6,-5.42,91.64,0.74,4.88,37.7,992.44,4937.94,1.15,4.11,3100.0,0.017,PM2.5-1HR
956,NOR_NO0093A,2025-01-06,3.15,-5.35,91.64,0.75,4.89,37.88,992.4,3881.7,1.15,4.11,3100.0,0.0,PM2.5-1HR
956,NOR_NO0095A,2025-01-06,3.8,-5.55,91.6,0.75,4.83,37.14,992.51,3578.09,1.2,4.18,3100.0,0.011,PM2.5-1HR
956,NOR_NO0114A,2025-01-06,10.17,-5.55,91.42,0.77,4.71,35.63,992.46,2835.19,1.16,4.124,3100.0,0.018,PM2.5-1HR
956,NOR_NO0122A,2025-01-06,4.02,-5.25,91.46,0.71,4.99,41.63,992.45,3172.81,1.34,4.376,3100.0,0.01,PM2.5-1HR
956,NOR_NO0129A,2025-01-06,6.74,-5.12,91.16,0.7,5.03,44.67,992.45,5243.09,1.25,4.25,3100.0,0.013,PM2.5-1HR
956,NOR_NO0140A,2025-01-06,3.85,-5.33,91.71,0.73,4.94,38.43,992.4,3929.05,1.15,4.11,3100.0,0.209,PM2.5-1HR
956,NOR_NO0143A,2025-01-06,3.54,-5.31,91.7,0.73,4.96,39.15,992.41,19250.64,1.19,4.166,3100.0,0.013,PM2.5-1HR
956,NOR_NO0150A,2025-01-06,3.63,-5.35,91.61,0.72,4.97,40.12,992.47,4950.29,1.27,4.278,3100.0,0.006,PM2.5-1HR
956,NOR_NO0153A,2025-01-06,1.52,-5.42,91.43,0.78,4.72,35.79,992.37,1497.53,1.16,4.124,3100.0,0.011,PM2.5-1HR
956,NOR_NO0149A,2025-01-06,4.61,-5.22,91.53,0.72,4.98,41.02,992.4,2020.38,1.27,4.278,3100.0,0.292,PM2.5-1HR
956,NOR_NO0011A,2025-01-07,2.61,0.1,94.19,1.22,5.01,54.49,972.77,11187.25,0.57,3.298,3100.0,0.041,PM2.5-1HR
956,NOR_NO0057A,2025-01-07,3.31,0.21,94.46,1.17,4.95,59.71,972.82,727.91,0.66,3.424,3100.0,0.047,PM2.5-1HR
956,NOR_NO0071A,2025-01-07,3.24,0.3,94.53,1.18,4.88,59.71,972.69,5794.7,0.62,3.368,3100.0,0.019,PM2.5-1HR
956,NOR_NO0072A,2025-01-07,1.27,0.12,94.15,1.22,4.93,53.5,972.72,4189.22,0.57,3.298,3100.0,0.082,PM2.5-1HR
956,NOR_NO0073A,2025-01-07,2.54,0.17,94.34,1.2,4.99,56.34,972.75,19813.27,0.61,3.354,3100.0,0.25,PM2.5-1HR
956,NOR_NO0083A,2025-01-07,2.36,0.12,94.17,1.22,4.94,53.77,972.72,4937.94,0.57,3.298,3100.0,0.017,PM2.5-1HR
956,NOR_NO0093A,2025-01-07,3.44,0.16,94.23,1.22,4.92,54.29,972.69,3881.7,0.57,3.298,3100.0,0.0,PM2.5-1HR
956,NOR_NO0095A,2025-01-07,2.31,0.05,94.03,1.23,4.95,52.43,972.76,3578.09,0.56,3.284,3100.0,0.011,PM2.5-1HR
956,NOR_NO0114A,2025-01-07,0.95,0.02,93.84,1.24,4.83,49.57,972.7,2835.19,0.51,3.214,3100.0,0.018,PM2.5-1HR
956,NOR_NO0122A,2025-01-07,2.15,0.23,94.48,1.17,4.94,59.95,972.81,3172.81,0.66,3.424,3100.0,0.01,PM2.5-1HR
956,NOR_NO0129A,2025-01-07,2.15,0.29,94.64,1.12,4.91,65.94,972.89,5243.09,0.66,3.424,3100.0,0.013,PM2.5-1HR
956,NOR_NO0140A,2025-01-07,1.83,0.18,94.31,1.21,4.96,55.48,972.7,3929.05,0.57,3.298,3100.0,0.209,PM2.5-1HR
956,NOR_NO0143A,2025-01-07,2.25,0.2,94.37,1.2,4.97,56.57,972.72,19250.64,0.61,3.354,3100.0,0.013,PM2.5-1HR
956,NOR_NO0149A,2025-01-07,2.08,0.24,94.47,1.18,4.93,59.27,972.76,2020.38,0.62,3.368,3100.0,0.292,PM2.5-1HR
956,NOR_NO0150A,2025-01-07,3.22,0.18,94.38,1.19,4.98,57.59,972.79,4950.29,0.62,3.368,3100.0,0.006,PM2.5-1HR
956,NOR_NO0153A,2025-01-07,1.05,0.09,93.94,1.24,4.79,50.07,972.64,1497.53,0.51,3.214,3100.0,0.011,PM2.5-1HR
956,NOR_NO0011A,2025-01-08,3.54,-3.68,86.6,0.02,2.71,315.01,982.56,11187.25,0.94,3.816,3100.0,0.041,PM2.5-1HR
956,NOR_NO0057A,2025-01-08,3.83,-3.4,87.17,0.02,2.68,313.16,982.45,727.91,1.08,4.012,3100.0,0.047,PM2.5-1HR
956,NOR_NO0071A,2025-01-08,7.89,-3.53,87.14,0.02,2.64,311.87,982.48,5794.7,1.04,3.956,3100.0,0.019,PM2.5-1HR
956,NOR_NO0072A,2025-01-08,3.36,-3.81,86.5,0.02,2.66,314,982.6,4189.22,0.94,3.816,3100.0,0.082,PM2.5-1HR
956,NOR_NO0073A,2025-01-08,3.91,-3.59,86.81,0.02,2.7,314.27,982.52,19813.27,1.06,3.984,3100.0,0.25,PM2.5-1HR
956,NOR_NO0083A,2025-01-08,4.67,-3.79,86.53,0.02,2.67,314.02,982.59,4937.94,0.94,3.816,3100.0,0.017,PM2.5-1HR
956,NOR_NO0093A,2025-01-08,6.64,-3.79,86.59,0.02,2.66,313.6,982.58,3881.7,0.94,3.816,3100.0,0.0,PM2.5-1HR
956,NOR_NO0095A,2025-01-08,3.22,-3.85,86.38,0.02,2.67,314.6,982.62,3578.09,0.92,3.788,3100.0,0.011,PM2.5-1HR
956,NOR_NO0114A,2025-01-08,1.78,-4.14,86.09,0.01,2.59,313.22,982.71,2835.19,0.73,3.522,3100.0,0.018,PM2.5-1HR
956,NOR_NO0122A,2025-01-08,8.05,-3.4,87.19,0.02,2.67,312.94,982.45,3172.81,1.08,4.012,3100.0,0.01,PM2.5-1HR
956,NOR_NO0129A,2025-01-08,6.47,-3.17,87.65,0.02,2.64,311.18,982.36,5243.09,1.38,4.432,3100.0,0.013,PM2.5-1HR
956,NOR_NO0140A,2025-01-08,3.44,-3.68,86.71,0.02,2.68,313.94,982.55,3929.05,0.94,3.816,3100.0,0.209,PM2.5-1HR
956,NOR_NO0143A,2025-01-08,5.1,-3.6,86.83,0.02,2.69,313.9,982.52,19250.64,1.06,3.984,3100.0,0.013,PM2.5-1HR
956,NOR_NO0149A,2025-01-08,5.24,-3.47,87.12,0.02,2.66,312.76,982.47,2020.38,1.04,3.956,3100.0,0.292,PM2.5-1HR
956,NOR_NO0153A,2025-01-08,0.57,-4.15,86.16,0.02,2.57,312.28,982.7,1497.53,0.73,3.522,3100.0,0.011,PM2.5-1HR
956,NOR_NO0011A,2025-01-09,2.95,-2.23,89.53,0.03,2.68,348.37,997.75,11187.25,1.85,5.09,3100.0,0.041,PM2.5-1HR
956,NOR_NO0057A,2025-01-09,4.61,-2.11,89.5,0.03,2.76,350.5,997.66,727.91,2.22,5.608,3100.0,0.047,PM2.5-1HR
956,NOR_NO0071A,2025-01-09,7.8,-2.2,89.62,0.03,2.72,349.11,997.66,5794.7,2.12,5.468,3100.0,0.019,PM2.5-1HR
956,NOR_NO0072A,2025-01-09,3.37,-2.34,89.59,0.03,2.62,347.06,997.76,4189.22,1.85,5.09,3100.0,0.082,PM2.5-1HR
956,NOR_NO0073A,2025-01-09,3.55,-2.19,89.55,0.03,2.71,348.89,997.71,19813.27,2.03,5.342,3100.0,0.25,PM2.5-1HR
956,NOR_NO0083A,2025-01-09,4.36,-2.33,89.58,0.03,2.63,347.21,997.76,4937.94,1.85,5.09,3100.0,0.017,PM2.5-1HR
956,NOR_NO0093A,2025-01-09,7,-2.33,89.6,0.03,2.64,347.15,997.74,3881.7,1.85,5.09,3100.0,0.0,PM2.5-1HR
956,NOR_NO0095A,2025-01-09,4.68,-2.35,89.57,0.03,2.59,346.98,997.79,3578.09,1.86,5.104,3100.0,0.011,PM2.5-1HR
956,NOR_NO0114A,2025-01-09,2.74,-2.58,89.64,0.03,2.47,344.18,997.83,2835.19,1.5,4.6,3100.0,0.018,PM2.5-1HR
956,NOR_NO0122A,2025-01-09,6.45,-2.12,89.51,0.03,2.76,350.45,997.66,3172.81,2.22,5.608,3100.0,0.01,PM2.5-1HR
956,NOR_NO0129A,2025-01-09,8.29,-2.03,89.47,0.03,2.81,352.26,997.6,5243.09,2.73,6.322,3100.0,0.013,PM2.5-1HR
956,NOR_NO0140A,2025-01-09,3.32,-2.25,89.58,0.03,2.68,348.01,997.72,3929.05,1.85,5.09,3100.0,0.209,PM2.5-1HR
956,NOR_NO0143A,2025-01-09,5.12,-2.2,89.56,0.03,2.71,348.72,997.71,19250.64,2.03,5.342,3100.0,0.013,PM2.5-1HR
956,NOR_NO0149A,2025-01-09,5.44,-2.16,89.56,0.03,2.74,349.74,997.67,2020.38,2.12,5.468,3100.0,0.292,PM2.5-1HR
956,NOR_NO0150A,2025-01-09,12.4,-2.15,89.52,0.03,2.73,349.68,997.7,4950.29,2.12,5.468,3100.0,0.006,PM2.5-1HR
956,NOR_NO0153A,2025-01-09,1.04,-2.61,89.65,0.03,2.47,343.67,997.81,1497.53,1.5,4.6,3100.0,0.011,PM2.5-1HR
956,NOR_NO0011A,2025-01-10,2.96,-4.33,84.09,0,3.75,355.64,1014.17,11187.25,1.46,4.544,3100.0,0.041,PM2.5-1HR
956,NOR_NO0057A,2025-01-10,7.07,-4.41,83.88,0,3.87,356.9,1014.06,727.91,1.72,4.908,3100.0,0.047,PM2.5-1HR
956,NOR_NO0071A,2025-01-10,8.42,-4.36,83.99,0,3.86,356.6,1014.03,5794.7,1.64,4.796,3100.0,0.019,PM2.5-1HR
956,NOR_NO0072A,2025-01-10,4.77,-4.37,84.26,0,3.68,354.85,1014.17,4189.22,1.46,4.544,3100.0,0.082,PM2.5-1HR
956,NOR_NO0073A,2025-01-10,6.99,-4.31,84,0,3.82,356.17,1014.11,19813.27,1.61,4.754,3100.0,0.25,PM2.5-1HR
956,NOR_NO0083A,2025-01-10,4.26,-4.36,84.23,0,3.69,354.98,1014.16,4937.94,1.46,4.544,3100.0,0.017,PM2.5-1HR
956,NOR_NO0093A,2025-01-10,7.02,-4.35,84.23,0,3.71,355.07,1014.14,3881.7,1.46,4.544,3100.0,0.0,PM2.5-1HR
956,NOR_NO0095A,2025-01-10,4.83,-4.4,84.3,0,3.63,354.54,1014.21,3578.09,1.49,4.586,3100.0,0.011,PM2.5-1HR
956,NOR_NO0114A,2025-01-10,3.2,-4.49,84.65,0,3.46,352.6,1014.25,2835.19,1.31,4.334,3100.0,0.018,PM2.5-1HR
956,NOR_NO0122A,2025-01-10,3.8,-4.41,83.88,0,3.88,356.92,1014.05,3172.81,1.72,4.908,3100.0,0.01,PM2.5-1HR
956,NOR_NO0129A,2025-01-10,11.64,-4.53,83.74,0,3.95,357.77,1013.99,5243.09,1.83,5.062,3100.0,0.013,PM2.5-1HR
956,NOR_NO0140A,2025-01-10,3.8,-4.31,84.1,0,3.78,355.71,1014.12,3929.05,1.46,4.544,3100.0,0.209,PM2.5-1HR
956,NOR_NO0143A,2025-01-10,7.19,-4.31,84.02,0,3.82,356.14,1014.1,19250.64,1.61,4.754,3100.0,0.013,PM2.5-1HR
956,NOR_NO0149A,2025-01-10,5.42,-4.38,83.94,0,3.86,356.71,1014.05,2020.38,1.64,4.796,3100.0,0.292,PM2.5-1HR
956,NOR_NO0150A,2025-01-10,4.08,-4.36,83.94,0,3.84,356.5,1014.1,4950.29,1.64,4.796,3100.0,0.006,PM2.5-1HR
956,NOR_NO0153A,2025-01-10,0.84,-4.47,84.66,0,3.48,352.55,1014.22,1497.53,1.31,4.334,3100.0,0.011,PM2.5-1HR
956,NOR_NO0011A,2025-01-11,2.19,-6.65,82.03,0,4.25,338.3,1024.94,11187.25,0.87,3.718,3100.0,0.041,PM2.5-1HR
956,NOR_NO0057A,2025-01-11,9.37,-6.1,81.71,0,4.43,339.94,1024.73,727.91,1.12,4.068,3100.0,0.047,PM2.5-1HR
956,NOR_NO0071A,2025-01-11,8.27,-6.22,81.95,0,4.41,339.66,1024.72,5794.7,1.06,3.984,3100.0,0.019,PM2.5-1HR
956,NOR_NO0072A,2025-01-11,5.13,-6.84,82.01,0,4.17,337.57,1024.97,4189.22,0.87,3.718,3100.0,0.082,PM2.5-1HR
956,NOR_NO0073A,2025-01-11,5.07,-6.44,82.05,0,4.34,338.9,1024.85,19813.27,0.98,3.872,3100.0,0.25,PM2.5-1HR
956,NOR_NO0083A,2025-01-11,5.76,-6.8,82.02,0,4.18,337.7,1024.95,4937.94,0.87,3.718,3100.0,0.017,PM2.5-1HR
956,NOR_NO0093A,2025-01-11,7.17,-6.75,82.07,0,4.21,337.8,1024.92,3881.7,0.87,3.718,3100.0,0.0,PM2.5-1HR
956,NOR_NO0095A,2025-01-11,5.57,-6.96,81.93,0,4.1,337.26,1025.03,3578.09,0.89,3.746,3100.0,0.011,PM2.5-1HR
956,NOR_NO0114A,2025-01-11,3.99,-7.42,81.8,0,3.89,335.37,1025.14,2835.19,0.65,3.41,3100.0,0.018,PM2.5-1HR
956,NOR_NO0122A,2025-01-11,5.42,-6.1,81.72,0,4.43,339.98,1024.72,3172.81,1.12,4.068,3100.0,0.01,PM2.5-1HR
956,NOR_NO0129A,2025-01-11,16.26,-5.68,81.32,0,4.55,341.17,1024.57,5243.09,1.58,4.712,3100.0,0.013,PM2.5-1HR
956,NOR_NO0140A,2025-01-11,2.87,-6.58,82.12,0,4.29,338.42,1024.88,3929.05,0.87,3.718,3100.0,0.209,PM2.5-1HR
956,NOR_NO0143A,2025-01-11,5.44,-6.44,82.08,0,4.35,338.91,1024.84,19250.64,0.98,3.872,3100.0,0.013,PM2.5-1HR
956,NOR_NO0149A,2025-01-11,17.2,-6.19,81.85,0,4.41,339.72,1024.74,2020.38,1.06,3.984,3100.0,0.292,PM2.5-1HR
956,NOR_NO0150A,2025-01-11,5.47,-6.3,81.89,0,4.38,339.36,1024.81,4950.29,1.06,3.984,3100.0,0.006,PM2.5-1HR
956,NOR_NO0153A,2025-01-11,0.83,-7.37,81.85,0,3.91,335.29,1025.09,1497.53,0.65,3.41,3100.0,0.011,PM2.5-1HR
956,NOR_NO0011A,2025-01-12,21.97,-12.05,89.12,0,2.3,348.01,1036.04,11187.25,2.66,6.224,3100.0,0.041,PM2.5-1HR
956,NOR_NO0057A,2025-01-12,23.75,-11.71,89.44,0,2.28,349.08,1036,727.91,3.4,7.26,3100.0,0.047,PM2.5-1HR
956,NOR_NO0071A,2025-01-12,28.5,-11.79,89.94,0,2.28,350.38,1036,5794.7,3.25,7.05,3100.0,0.019,PM2.5-1HR
956,NOR_NO0072A,2025-01-12,20.83,-12.22,89.25,0,2.26,347.82,1036.05,4189.22,2.66,6.224,3100.0,0.082,PM2.5-1HR
956,NOR_NO0073A,2025-01-12,20.53,-11.91,89.45,0,2.31,348.94,1036.02,19813.27,2.97,6.658,3100.0,0.25,PM2.5-1HR
956,NOR_NO0083A,2025-01-12,17.43,-12.19,89.28,0,2.27,347.96,1036.05,4937.94,2.66,6.224,3100.0,0.017,PM2.5-1HR
956,NOR_NO0093A,2025-01-12,17.15,-12.17,89.47,0,2.27,348.38,1036.04,3881.7,2.66,6.224,3100.0,0.0,PM2.5-1HR
956,NOR_NO0095A,2025-01-12,16.68,-12.3,88.92,0,2.25,347.04,1036.07,3578.09,2.61,6.154,3100.0,0.011,PM2.5-1HR
956,NOR_NO0114A,2025-01-12,23.82,-12.69,88.82,0,2.17,345.68,1036.11,2835.19,2.21,5.594,3100.0,0.018,PM2.5-1HR
956,NOR_NO0122A,2025-01-12,22.66,-11.7,89.49,0,2.28,349.25,1036,3172.81,3.4,7.26,3100.0,0.01,PM2.5-1HR
956,NOR_NO0129A,2025-01-12,27.17,-11.45,89.56,0,2.24,349.59,1035.97,5243.09,3.79,7.806,3100.0,0.013,PM2.5-1HR
956,NOR_NO0140A,2025-01-12,19.31,-12.02,89.56,0,2.3,348.94,1036.03,3929.05,2.66,6.224,3100.0,0.209,PM2.5-1HR
956,NOR_NO0143A,2025-01-12,19.54,-11.92,89.58,0,2.31,349.2,1036.02,19250.64,2.97,6.658,3100.0,0.013,PM2.5-1HR
956,NOR_NO0149A,2025-01-12,20.87,-11.76,89.64,0,2.28,349.62,1036,2020.38,3.25,7.05,3100.0,0.292,PM2.5-1HR
956,NOR_NO0150A,2025-01-12,17.56,-11.82,89.38,0,2.3,348.87,1036.01,4950.29,3.25,7.05,3100.0,0.006,PM2.5-1HR
956,NOR_NO0153A,2025-01-12,3.47,-12.67,89.13,0,2.16,346.1,1036.1,1497.53,2.21,5.594,3100.0,0.011,PM2.5-1HR
956,NOR_NO0011A,2025-01-13,15.2,-5.09,92.26,0,2.64,228.81,1024.49,11187.25,5.08,9.612,3100.0,0.041,PM2.5-1HR
956,NOR_NO0057A,2025-01-13,17.51,-4.27,92.63,0,3.01,227.43,1024.46,727.91,5.18,9.752,3100.0,0.047,PM2.5-1HR
956,NOR_NO0071A,2025-01-13,8.07,-4.2,92.9,0,2.97,226.13,1024.5,5794.7,5.04,9.556,3100.0,0.019,PM2.5-1HR
956,NOR_NO0072A,2025-01-13,18.44,-5.2,92.29,0,2.6,227.2,1024.5,4189.22,5.08,9.612,3100.0,0.082,PM2.5-1HR
956,NOR_NO0073A,2025-01-13,20.72,-4.72,92.51,0,2.76,228.43,1024.49,19813.27,5.05,9.57,3100.0,0.25,PM2.5-1HR
956,NOR_NO0083A,2025-01-13,16.51,-5.15,92.32,0,2.61,227.28,1024.5,4937.94,5.08,9.612,3100.0,0.017,PM2.5-1HR
956,NOR_NO0093A,2025-01-13,13.31,-5.02,92.44,0,2.65,226.83,1024.5,3881.7,5.08,9.612,3100.0,0.0,PM2.5-1HR
956,NOR_NO0095A,2025-01-13,14.6,-5.46,92.09,0,2.53,227.73,1024.5,3578.09,5.16,9.724,3100.0,0.011,PM2.5-1HR
956,NOR_NO0114A,2025-01-13,19.43,-5.92,91.91,0,2.39,224.89,1024.52,2835.19,5.71,10.494,3100.0,0.018,PM2.5-1HR
956,NOR_NO0122A,2025-01-13,18.72,-4.24,92.67,0,3.02,227.16,1024.47,3172.81,5.18,9.752,3100.0,0.01,PM2.5-1HR
956,NOR_NO0129A,2025-01-13,15.47,-3.65,92.87,0,3.37,224.31,1024.44,5243.09,4.26,8.464,3100.0,0.013,PM2.5-1HR
956,NOR_NO0140A,2025-01-13,18.81,-4.83,92.53,0,2.7,227.46,1024.5,3929.05,5.08,9.612,3100.0,0.209,PM2.5-1HR
956,NOR_NO0143A,2025-01-13,21,-4.66,92.58,0,2.77,227.99,1024.49,19250.64,5.05,9.57,3100.0,0.013,PM2.5-1HR
956,NOR_NO0149A,2025-01-13,13.06,-4.3,92.72,0,2.96,227.11,1024.48,2020.38,5.04,9.556,3100.0,0.292,PM2.5-1HR
956,NOR_NO0150A,2025-01-13,22.71,-4.56,92.53,0,2.85,228.52,1024.47,4950.29,5.04,9.556,3100.0,0.006,PM2.5-1HR
956,NOR_NO0153A,2025-01-13,4,-5.73,92.08,0,2.44,224.14,1024.53,1497.53,5.71,10.494,3100.0,0.011,PM2.5-1HR
956,NOR_NO0073A,2025-01-14,11.66,0.09,95.74,0,2.25,272.52,1014.5,19813.27,3.23,7.022,3100.0,0.25,PM2.5-1HR
956,NOR_NO0072A,2025-01-14,9.87,-0.28,95.45,0,2.16,273.49,1014.53,4189.22,3.14,6.896,3100.0,0.082,PM2.5-1HR
956,NOR_NO0071A,2025-01-14,10.38,0.43,95.86,0,2.33,269.53,1014.51,5794.7,3.19,6.966,3100.0,0.019,PM2.5-1HR
956,NOR_NO0057A,2025-01-14,8.06,0.42,95.74,0,2.4,269.77,1014.48,727.91,3.29,7.106,3100.0,0.047,PM2.5-1HR
956,NOR_NO0011A,2025-01-14,11.49,-0.17,95.58,0,2.21,273.92,1014.51,11187.25,3.14,6.896,3100.0,0.041,PM2.5-1HR
956,NOR_NO0083A,2025-01-14,10.72,-0.24,95.48,0,2.17,273.41,1014.53,4937.94,3.14,6.896,3100.0,0.017,PM2.5-1HR
956,NOR_NO0093A,2025-01-14,9.14,-0.15,95.55,0,2.17,272.93,1014.53,3881.7,3.14,6.896,3100.0,0.0,PM2.5-1HR
956,NOR_NO0095A,2025-01-14,9.45,-0.46,95.31,0,2.15,274.32,1014.54,3578.09,3.09,6.826,3100.0,0.011,PM2.5-1HR
956,NOR_NO0129A,2025-01-14,12.52,0.87,95.77,0,2.6,266.8,1014.46,5243.09,3.24,7.036,3100.0,0.013,PM2.5-1HR
956,NOR_NO0140A,2025-01-14,10.32,0,95.7,0,2.21,272.81,1014.51,3929.05,3.14,6.896,3100.0,0.209,PM2.5-1HR
956,NOR_NO0143A,2025-01-14,12.14,0.13,95.77,0,2.25,272.2,1014.5,19250.64,3.23,7.022,3100.0,0.013,PM2.5-1HR
956,NOR_NO0149A,2025-01-14,10.57,0.38,95.79,0,2.36,269.98,1014.49,2020.38,3.19,6.966,3100.0,0.292,PM2.5-1HR
956,NOR_NO0150A,2025-01-14,21.2,0.21,95.73,0,2.32,271.39,1014.49,4950.29,3.19,6.966,3100.0,0.006,PM2.5-1HR
956,NOR_NO0153A,2025-01-14,4.26,-0.69,94.97,0,2.05,273.36,1014.6,1497.53,3.34,7.176,3100.0,0.011,PM2.5-1HR
956,NOR_NO0114A,2025-01-14,11.56,-0.82,94.92,0,2.06,274.32,1014.59,2835.19,3.34,7.176,3100.0,0.018,PM2.5-1HR
956,NOR_NO0122A,2025-01-14,12.62,0.44,95.76,0,2.41,269.6,1014.48,3172.81,3.29,7.106,3100.0,0.01,PM2.5-1HR
956,NOR_NO0153A,2025-01-15,4.94,-1.8,92.91,0,1.55,259.03,1023.53,1497.53,4.77,9.178,3100.0,0.011,PM2.5-1HR
956,NOR_NO0150A,2025-01-15,24.68,-1.38,93.68,0.01,1.78,249.7,1023.53,4950.29,5.13,9.682,3100.0,0.006,PM2.5-1HR
956,NOR_NO0073A,2025-01-15,17.21,-1.44,93.68,0,1.73,252.47,1023.53,19813.27,5.08,9.612,3100.0,0.25,PM2.5-1HR
956,NOR_NO0072A,2025-01-15,16.53,-1.61,93.32,0,1.64,256.82,1023.52,4189.22,4.56,8.884,3100.0,0.082,PM2.5-1HR
956,NOR_NO0071A,2025-01-15,13.77,-1.28,94.07,0.01,1.82,241.18,1023.56,5794.7,5.13,9.682,3100.0,0.019,PM2.5-1HR
956,NOR_NO0057A,2025-01-15,14.55,-1.27,93.76,0.01,1.86,244.61,1023.54,727.91,5.31,9.934,3100.0,0.047,PM2.5-1HR
956,NOR_NO0011A,2025-01-15,16.92,-1.56,93.38,0,1.68,257.5,1023.52,11187.25,4.56,8.884,3100.0,0.041,PM2.5-1HR
956,NOR_NO0083A,2025-01-15,15.38,-1.6,93.37,0,1.65,256.39,1023.53,4937.94,4.56,8.884,3100.0,0.017,PM2.5-1HR
956,NOR_NO0093A,2025-01-15,12.98,-1.56,93.51,0,1.66,254.45,1023.53,3881.7,4.56,8.884,3100.0,0.0,PM2.5-1HR
956,NOR_NO0095A,2025-01-15,14.49,-1.69,93.05,0,1.62,260.02,1023.52,3578.09,4.59,8.926,3100.0,0.011,PM2.5-1HR
956,NOR_NO0114A,2025-01-15,18.99,-1.86,92.7,0,1.55,261.96,1023.52,2835.19,4.77,9.178,3100.0,0.018,PM2.5-1HR
956,NOR_NO0122A,2025-01-15,19.78,-1.26,93.8,0.01,1.87,244.07,1023.54,3172.81,5.31,9.934,3100.0,0.01,PM2.5-1HR
956,NOR_NO0129A,2025-01-15,17.28,-1.05,93.96,0.01,2.08,229.12,1023.55,5243.09,4.61,8.954,3100.0,0.013,PM2.5-1HR
956,NOR_NO0140A,2025-01-15,13.4,-1.49,93.68,0,1.69,253.2,1023.53,3929.05,4.56,8.884,3100.0,0.209,PM2.5-1HR
956,NOR_NO0143A,2025-01-15,18.06,-1.43,93.76,0,1.73,251.16,1023.53,19250.64,5.08,9.612,3100.0,0.013,PM2.5-1HR
956,NOR_NO0149A,2025-01-15,14.84,-1.3,93.88,0.01,1.83,244.94,1023.54,2020.38,5.13,9.682,3100.0,0.292,PM2.5-1HR
956,NOR_NO0011A,2025-01-16,12.1,0.73,91.16,0,1.37,273.68,1022.03,11187.25,7.23,12.622,3100.0,0.041,PM2.5-1HR
956,NOR_NO0057A,2025-01-16,14.12,1.21,91.72,0,1.5,256.52,1022.03,727.91,8.08,13.812,3100.0,0.047,PM2.5-1HR
956,NOR_NO0071A,2025-01-16,14.49,1.11,91.29,0,1.4,259.13,1022.07,5794.7,7.77,13.378,3100.0,0.019,PM2.5-1HR
956,NOR_NO0072A,2025-01-16,17.97,0.65,90.97,0,1.35,274.52,1022.06,4189.22,7.23,12.622,3100.0,0.082,PM2.5-1HR
956,NOR_NO0073A,2025-01-16,15.85,0.87,91.18,0,1.37,269.1,1022.04,19813.27,7.76,13.364,3100.0,0.25,PM2.5-1HR
956,NOR_NO0083A,2025-01-16,17.39,0.67,90.98,0,1.35,274.16,1022.06,4937.94,7.23,12.622,3100.0,0.017,PM2.5-1HR
956,NOR_NO0093A,2025-01-16,12.06,0.7,90.92,0,1.34,273.25,1022.06,3881.7,7.23,12.622,3100.0,0.0,PM2.5-1HR
956,NOR_NO0095A,2025-01-16,13.22,0.58,91.06,0,1.37,276.32,1022.04,3578.09,7.07,12.398,3100.0,0.011,PM2.5-1HR
956,NOR_NO0114A,2025-01-16,14.92,0.36,90.81,0,1.37,279.54,1022.08,2835.19,5.61,10.354,3100.0,0.018,PM2.5-1HR
956,NOR_NO0122A,2025-01-16,18.67,1.22,91.71,0,1.5,256.05,1022.03,3172.81,8.08,13.812,3100.0,0.01,PM2.5-1HR
956,NOR_NO0129A,2025-01-16,14.32,1.63,92.32,0,1.74,243.79,1022.02,5243.09,8.26,14.064,3100.0,0.013,PM2.5-1HR
956,NOR_NO0140A,2025-01-16,15.21,0.78,90.98,0,1.34,271.85,1022.06,3929.05,7.23,12.622,3100.0,0.209,PM2.5-1HR
956,NOR_NO0143A,2025-01-16,18.79,0.88,91.13,0,1.36,268.6,1022.05,19250.64,7.76,13.364,3100.0,0.013,PM2.5-1HR
956,NOR_NO0149A,2025-01-16,11.77,1.13,91.48,0,1.44,258.92,1022.05,2020.38,7.77,13.378,3100.0,0.292,PM2.5-1HR
956,NOR_NO0150A,2025-01-16,26.51,1.02,91.44,0,1.42,263.56,1022.03,4950.29,7.77,13.378,3100.0,0.006,PM2.5-1HR
956,NOR_NO0153A,2025-01-16,6.58,0.4,90.69,0,1.35,278.27,1022.1,1497.53,5.61,10.354,3100.0,0.011,PM2.5-1HR
956,NOR_NO0011A,2025-01-17,10.58,1.62,90.03,0.01,2.36,209.16,1021.51,11187.25,7.01,12.314,3100.0,0.041,PM2.5-1HR
956,NOR_NO0057A,2025-01-17,11.67,2.06,89.99,0.01,2.76,209.94,1021.54,727.91,7.82,13.448,3100.0,0.047,PM2.5-1HR
956,NOR_NO0071A,2025-01-17,11.52,2,90.06,0.01,2.69,207,1021.58,5794.7,7.36,12.804,3100.0,0.019,PM2.5-1HR
956,NOR_NO0072A,2025-01-17,17.78,1.55,90.06,0.01,2.31,207.79,1021.52,4189.22,7.01,12.314,3100.0,0.082,PM2.5-1HR
956,NOR_NO0073A,2025-01-17,19.61,1.77,90.06,0.01,2.47,208.39,1021.54,19813.27,7.35,12.79,3100.0,0.25,PM2.5-1HR
956,NOR_NO0083A,2025-01-17,16.74,1.56,90.06,0.01,2.33,207.76,1021.53,4937.94,7.01,12.314,3100.0,0.017,PM2.5-1HR
956,NOR_NO0093A,2025-01-17,17.45,1.6,90.08,0.01,2.35,207.03,1021.54,3881.7,7.01,12.314,3100.0,0.0,PM2.5-1HR
956,NOR_NO0095A,2025-01-17,11.59,1.46,90.03,0.01,2.26,208.93,1021.51,3578.09,6.75,11.95,3100.0,0.011,PM2.5-1HR
956,NOR_NO0114A,2025-01-17,17.28,1.25,90.03,0.01,2.12,207.57,1021.51,2835.19,6.83,12.062,3100.0,0.018,PM2.5-1HR
956,NOR_NO0122A,2025-01-17,16.09,2.08,89.99,0.01,2.77,209.71,1021.54,3172.81,7.82,13.448,3100.0,0.01,PM2.5-1HR
956,NOR_NO0129A,2025-01-17,14.28,2.45,89.92,0,3.13,210.91,1021.55,5243.09,7.61,13.154,3100.0,0.013,PM2.5-1HR
956,NOR_NO0140A,2025-01-17,21.65,1.69,90.09,0.01,2.41,207.29,1021.54,3929.05,7.01,12.314,3100.0,0.209,PM2.5-1HR
956,NOR_NO0143A,2025-01-17,17.57,1.78,90.07,0.01,2.49,207.82,1021.54,19250.64,7.35,12.79,3100.0,0.013,PM2.5-1HR
956,NOR_NO0149A,2025-01-17,10.24,2,90.02,0.01,2.7,208.57,1021.55,2020.38,7.36,12.804,3100.0,0.292,PM2.5-1HR
956,NOR_NO0150A,2025-01-17,21,1.89,90.02,0.01,2.59,209.37,1021.53,4950.29,7.36,12.804,3100.0,0.006,PM2.5-1HR
956,NOR_NO0153A,2025-01-17,4.4,1.3,90.06,0.01,2.15,206.17,1021.52,1497.53,6.83,12.062,3100.0,0.011,PM2.5-1HR
956,NOR_NO0011A,2025-01-18,6.93,0.46,85.59,0,1.29,273.62,1024.69,11187.25,5.48,10.172,3100.0,0.041,PM2.5-1HR
956,NOR_NO0057A,2025-01-18,9.47,0.81,86.44,0,1.42,251.17,1024.68,727.91,6.08,11.012,3100.0,0.047,PM2.5-1HR
956,NOR_NO0071A,2025-01-18,9.25,0.63,86.72,0,1.36,249.49,1024.7,5794.7,5.76,10.564,3100.0,0.019,PM2.5-1HR
956,NOR_NO0072A,2025-01-18,11.44,0.32,85.61,0,1.26,273.97,1024.7,4189.22,5.48,10.172,3100.0,0.082,PM2.5-1HR
956,NOR_NO0073A,2025-01-18,15.02,0.54,86.02,0,1.31,265.27,1024.69,19813.27,5.79,10.606,3100.0,0.25,PM2.5-1HR
956,NOR_NO0083A,2025-01-18,12.6,0.33,85.66,0,1.26,273.38,1024.7,4937.94,5.48,10.172,3100.0,0.017,PM2.5-1HR
956,NOR_NO0093A,2025-01-18,12.1,0.33,85.85,0,1.26,271.48,1024.7,3881.7,5.48,10.172,3100.0,0.0,PM2.5-1HR
956,NOR_NO0095A,2025-01-18,8.76,0.3,85.25,0,1.25,277.14,1024.7,3578.09,5.61,10.354,3100.0,0.011,PM2.5-1HR
956,NOR_NO0114A,2025-01-18,16.55,0.02,85.01,0,1.2,281.7,1024.72,2835.19,5,9.5,3100.0,0.018,PM2.5-1HR
956,NOR_NO0122A,2025-01-18,12.27,0.81,86.5,0,1.42,250.45,1024.68,3172.81,6.08,11.012,3100.0,0.01,PM2.5-1HR
956,NOR_NO0129A,2025-01-18,9.58,1.13,87.11,0,1.63,242.1,1024.67,5243.09,5.1,9.64,3100.0,0.013,PM2.5-1HR
956,NOR_NO0140A,2025-01-18,14.47,0.42,85.99,0,1.28,268.98,1024.7,3929.05,5.48,10.172,3100.0,0.209,PM2.5-1HR
956,NOR_NO0143A,2025-01-18,14.53,0.52,86.12,0,1.3,263.53,1024.69,19250.64,5.79,10.606,3100.0,0.013,PM2.5-1HR
956,NOR_NO0149A,2025-01-18,8.54,0.71,86.51,0,1.38,251.59,1024.69,2020.38,5.76,10.564,3100.0,0.292,PM2.5-1HR
956,NOR_NO0150A,2025-01-18,14.11,0.67,86.16,0,1.35,257.86,1024.68,4950.29,5.76,10.564,3100.0,0.006,PM2.5-1HR
956,NOR_NO0153A,2025-01-18,3.97,-0.01,85.4,0,1.2,278.91,1024.72,1497.53,5,9.5,3100.0,0.011,PM2.5-1HR
956,NOR_NO0011A,2025-01-19,4.03,-0.14,96.79,0,1.05,345.21,1022.9,11187.25,2.04,5.356,3100.0,0.041,PM2.5-1HR
956,NOR_NO0057A,2025-01-19,5.77,0.55,97.55,0,0.99,327.5,1022.88,727.91,2.18,5.552,3100.0,0.047,PM2.5-1HR
956,NOR_NO0071A,2025-01-19,5.79,0.48,97.59,0,0.95,331.49,1022.87,5794.7,2.06,5.384,3100.0,0.019,PM2.5-1HR
956,NOR_NO0072A,2025-01-19,8.58,-0.31,96.42,0,1.05,346.87,1022.9,4189.22,2.04,5.356,3100.0,0.082,PM2.5-1HR
956,NOR_NO0073A,2025-01-19,5.21,0.13,97.24,0,1.01,341.47,1022.89,19813.27,2.03,5.342,3100.0,0.25,PM2.5-1HR
956,NOR_NO0083A,2025-01-19,8.77,-0.27,96.51,0,1.05,346.6,1022.9,4937.94,2.04,5.356,3100.0,0.017,PM2.5-1HR
956,NOR_NO0093A,2025-01-19,6.77,-0.19,96.66,0,1.03,346.4,1022.89,3881.7,2.04,5.356,3100.0,0.0,PM2.5-1HR
956,NOR_NO0095A,2025-01-19,5.29,-0.48,96.06,0,1.08,347.5,1022.9,3578.09,2.09,5.426,3100.0,0.011,PM2.5-1HR
956,NOR_NO0114A,2025-01-19,8.88,-0.94,95.08,0,1.11,350.77,1022.91,2835.19,2.17,5.538,3100.0,0.018,PM2.5-1HR
956,NOR_NO0122A,2025-01-19,8.38,0.57,97.57,0,0.98,327.09,1022.88,3172.81,2.18,5.552,3100.0,0.01,PM2.5-1HR
956,NOR_NO0129A,2025-01-19,6.9,1.1,97.99,0,1.06,313.25,1022.86,5243.09,1.89,5.146,3100.0,0.013,PM2.5-1HR
956,NOR_NO0140A,2025-01-19,8.54,-0.01,97.05,0,1.02,345.03,1022.89,3929.05,2.04,5.356,3100.0,0.209,PM2.5-1HR
956,NOR_NO0143A,2025-01-19,7.64,0.15,97.28,0,1,341.39,1022.89,19250.64,2.03,5.342,3100.0,0.013,PM2.5-1HR
956,NOR_NO0149A,2025-01-19,5.69,0.47,97.53,0,0.97,330.58,1022.88,2020.38,2.06,5.384,3100.0,0.292,PM2.5-1HR
956,NOR_NO0150A,2025-01-19,8.21,0.3,97.35,0,0.99,335.11,1022.89,4950.29,2.06,5.384,3100.0,0.006,PM2.5-1HR
956,NOR_NO0153A,2025-01-19,3.3,-0.85,95.3,0,1.08,350.81,1022.9,1497.53,2.17,5.538,3100.0,0.011,PM2.5-1HR
956,NOR_NO0011A,2025-01-20,1.93,-1.92,96.71,0,1.72,9.71,1021.18,11187.25,1.07,3.998,3100.0,0.041,PM2.5-1HR
956,NOR_NO0057A,2025-01-20,3.39,-1.42,96.5,0,1.63,15.61,1021.14,727.91,1.22,4.208,3100.0,0.047,PM2.5-1HR
956,NOR_NO0071A,2025-01-20,4.28,-1.41,96.8,0,1.67,12.71,1021.11,5794.7,1.2,4.18,3100.0,0.019,PM2.5-1HR
956,NOR_NO0072A,2025-01-20,3.41,-2.05,96.61,0,1.72,8.39,1021.18,4189.22,1.07,3.998,3100.0,0.082,PM2.5-1HR
956,NOR_NO0073A,2025-01-20,3.06,-1.69,96.82,0,1.71,10.55,1021.16,19813.27,1.11,4.054,3100.0,0.25,PM2.5-1HR
956,NOR_NO0083A,2025-01-20,3.91,-2.01,96.65,0,1.72,8.5,1021.17,4937.94,1.07,3.998,3100.0,0.017,PM2.5-1HR
956,NOR_NO0093A,2025-01-20,4.03,-1.93,96.72,0,1.72,8.28,1021.16,3881.7,1.07,3.998,3100.0,0.0,PM2.5-1HR
956,NOR_NO0095A,2025-01-20,3.82,-2.21,96.45,0,1.71,8.62,1021.19,3578.09,1.11,4.054,3100.0,0.011,PM2.5-1HR
956,NOR_NO0114A,2025-01-20,5.16,-2.6,96.14,0,1.7,6.23,1021.21,2835.19,1.05,3.97,3100.0,0.018,PM2.5-1HR
956,NOR_NO0122A,2025-01-20,3.92,-1.4,96.52,0,1.63,15.64,1021.14,3172.81,1.22,4.208,3100.0,0.01,PM2.5-1HR
956,NOR_NO0129A,2025-01-20,6.14,-1.05,96.14,0,1.55,22.3,1021.12,5243.09,1.28,4.292,3100.0,0.013,PM2.5-1HR
956,NOR_NO0140A,2025-01-20,4.05,-1.78,96.85,0,1.73,9.02,1021.15,3929.05,1.07,3.998,3100.0,0.209,PM2.5-1HR
956,NOR_NO0143A,2025-01-20,3.8,-1.66,96.85,0,1.71,10.32,1021.15,19250.64,1.11,4.054,3100.0,0.013,PM2.5-1HR
956,NOR_NO0149A,2025-01-20,4.51,-1.45,96.66,0,1.65,13.84,1021.13,2020.38,1.2,4.18,3100.0,0.292,PM2.5-1HR
956,NOR_NO0150A,2025-01-20,4.75,-1.59,96.66,0,1.67,12.81,1021.15,4950.29,1.2,4.18,3100.0,0.006,PM2.5-1HR
956,NOR_NO0153A,2025-01-20,1.52,-2.49,96.25,0,1.7,5.43,1021.19,1497.53,1.05,3.97,3100.0,0.011,PM2.5-1HR
956,NOR_NO0011A,2025-01-21,4.37,-2.69,95.71,0.11,1.78,350.84,1012.44,11187.25,0.88,3.732,3100.0,0.041,PM2.5-1HR
956,NOR_NO0057A,2025-01-21,6.52,-2.39,95.57,0.11,1.72,354.69,1012.37,727.91,1.01,3.914,3100.0,0.047,PM2.5-1HR
956,NOR_NO0071A,2025-01-21,6.39,-2.33,95.63,0.11,1.74,352.82,1012.35,5794.7,0.98,3.872,3100.0,0.019,PM2.5-1HR
956,NOR_NO0072A,2025-01-21,4.2,-2.73,95.61,0.11,1.77,349.37,1012.44,4189.22,0.88,3.732,3100.0,0.082,PM2.5-1HR
956,NOR_NO0073A,2025-01-21,4.68,-2.54,95.73,0.11,1.78,351.71,1012.4,19813.27,0.95,3.83,3100.0,0.25,PM2.5-1HR
956,NOR_NO0083A,2025-01-21,4.33,-2.71,95.63,0.11,1.77,349.56,1012.44,4937.94,0.88,3.732,3100.0,0.017,PM2.5-1HR
956,NOR_NO0093A,2025-01-21,5.77,-2.65,95.64,0.11,1.78,349.54,1012.43,3881.7,0.88,3.732,3100.0,0.0,PM2.5-1HR
956,NOR_NO0095A,2025-01-21,5.22,-2.84,95.57,0.11,1.76,349.17,1012.47,3578.09,0.82,3.648,3100.0,0.011,PM2.5-1HR
956,NOR_NO0114A,2025-01-21,4.4,-3.01,95.34,0.11,1.74,346.19,1012.51,2835.19,0.81,3.634,3100.0,0.018,PM2.5-1HR
956,NOR_NO0122A,2025-01-21,7.85,-2.37,95.57,0.11,1.72,354.68,1012.36,3172.81,1.01,3.914,3100.0,0.01,PM2.5-1HR
956,NOR_NO0129A,2025-01-21,9.54,-2.16,95.36,0.11,1.66,358.62,1012.31,5243.09,1.15,4.11,3100.0,0.013,PM2.5-1HR
956,NOR_NO0140A,2025-01-21,4.01,-2.57,95.72,0.11,1.79,350.54,1012.41,3929.05,0.88,3.732,3100.0,0.209,PM2.5-1HR
956,NOR_NO0143A,2025-01-21,4.51,-2.51,95.73,0.11,1.78,351.55,1012.39,19250.64,0.95,3.83,3100.0,0.013,PM2.5-1HR
956,NOR_NO0149A,2025-01-21,6.33,-2.38,95.62,0.11,1.74,353.57,1012.36,2020.38,0.98,3.872,3100.0,0.292,PM2.5-1HR
956,NOR_NO0150A,2025-01-21,11.93,-2.49,95.66,0.11,1.75,353.05,1012.39,4950.29,0.98,3.872,3100.0,0.006,PM2.5-1HR
956,NOR_NO0153A,2025-01-21,1.12,-2.92,95.34,0.11,1.75,345.82,1012.48,1497.53,0.81,3.634,3100.0,0.011,PM2.5-1HR
956,NOR_NO0011A,2025-01-22,5.02,-6.21,93.45,0,1.62,354.35,1008.15,11187.25,2.89,6.546,3100.0,0.041,PM2.5-1HR
956,NOR_NO0057A,2025-01-22,6.72,-5.77,92.72,0,1.62,354.06,1008.11,727.91,3.56,7.484,3100.0,0.047,PM2.5-1HR
956,NOR_NO0071A,2025-01-22,9.27,-5.46,92.91,0,1.64,354.78,1008.11,5794.7,3.43,7.302,3100.0,0.019,PM2.5-1HR
956,NOR_NO0072A,2025-01-22,9.73,-6.09,93.48,0,1.62,353.77,1008.15,4189.22,2.89,6.546,3100.0,0.082,PM2.5-1HR
956,NOR_NO0073A,2025-01-22,8.43,-5.96,93.25,0,1.64,354.71,1008.13,19813.27,3.1,6.84,3100.0,0.25,PM2.5-1HR
956,NOR_NO0083A,2025-01-22,8.31,-6.06,93.46,0,1.62,353.89,1008.15,4937.94,2.89,6.546,3100.0,0.017,PM2.5-1HR
956,NOR_NO0093A,2025-01-22,8.11,-5.93,93.41,0,1.63,354.04,1008.14,3881.7,2.89,6.546,3100.0,0.0,PM2.5-1HR
956,NOR_NO0095A,2025-01-22,7.19,-6.3,93.59,0,1.6,353.43,1008.16,3578.09,2.89,6.546,3100.0,0.011,PM2.5-1HR
956,NOR_NO0114A,2025-01-22,10.99,-6.29,93.74,0,1.57,351.79,1008.16,2835.19,2.86,6.504,3100.0,0.018,PM2.5-1HR
956,NOR_NO0122A,2025-01-22,10.1,-5.73,92.71,0,1.62,354.11,1008.11,3172.81,3.56,7.484,3100.0,0.01,PM2.5-1HR
956,NOR_NO0129A,2025-01-22,14.66,-5.44,92.06,0,1.6,353.17,1008.09,5243.09,3.55,7.47,3100.0,0.013,PM2.5-1HR
956,NOR_NO0140A,2025-01-22,8.09,-5.9,93.34,0,1.64,354.61,1008.14,3929.05,2.89,6.546,3100.0,0.209,PM2.5-1HR
956,NOR_NO0143A,2025-01-22,8.57,-5.87,93.22,0,1.64,354.76,1008.13,19250.64,3.1,6.84,3100.0,0.013,PM2.5-1HR
956,NOR_NO0149A,2025-01-22,7.15,-5.67,92.87,0,1.63,354.46,1008.12,2020.38,3.43,7.302,3100.0,0.292,PM2.5-1HR
956,NOR_NO0150A,2025-01-22,8.86,-5.92,93.03,0,1.63,354.42,1008.13,4950.29,3.43,7.302,3100.0,0.006,PM2.5-1HR
956,NOR_NO0153A,2025-01-22,2.09,-6.06,93.66,0,1.58,351.7,1008.16,1497.53,2.86,6.504,3100.0,0.011,PM2.5-1HR
956,NOR_NO0011A,2025-01-23,2.24,-3.64,94.2,0.65,3.7,8.18,998.26,11187.25,1.08,4.012,3100.0,0.041,PM2.5-1HR
956,NOR_NO0057A,2025-01-23,4.2,-3.21,94.54,0.66,3.64,13,998.14,727.91,1.3,4.32,3100.0,0.047,PM2.5-1HR
956,NOR_NO0071A,2025-01-23,4.09,-3.13,94.42,0.66,3.65,10.89,998.07,5794.7,1.23,4.222,3100.0,0.019,PM2.5-1HR
956,NOR_NO0072A,2025-01-23,3.09,-3.7,94.07,0.65,3.66,6.67,998.25,4189.22,1.08,4.012,3100.0,0.082,PM2.5-1HR
956,NOR_NO0073A,2025-01-23,4.51,-3.43,94.32,0.66,3.71,9.26,998.18,19813.27,1.14,4.096,3100.0,0.25,PM2.5-1HR
956,NOR_NO0083A,2025-01-23,3.61,-3.67,94.09,0.65,3.66,6.86,998.24,4937.94,1.08,4.012,3100.0,0.017,PM2.5-1HR
956,NOR_NO0093A,2025-01-23,4.86,-3.59,94.11,0.65,3.67,6.87,998.21,3881.7,1.08,4.012,3100.0,0.0,PM2.5-1HR
956,NOR_NO0095A,2025-01-23,3.12,-3.86,94,0.65,3.64,6.43,998.31,3578.09,1.11,4.054,3100.0,0.011,PM2.5-1HR
956,NOR_NO0114A,2025-01-23,4.66,-4.12,93.69,0.63,3.56,3.31,998.35,2835.19,1.08,4.012,3100.0,0.018,PM2.5-1HR
956,NOR_NO0122A,2025-01-23,4.39,-3.19,94.54,0.66,3.64,13.02,998.12,3172.81,1.3,4.32,3100.0,0.01,PM2.5-1HR
956,NOR_NO0129A,2025-01-23,6.36,-2.89,94.82,0.67,3.59,17.91,998.05,5243.09,1.38,4.432,3100.0,0.013,PM2.5-1HR
956,NOR_NO0140A,2025-01-23,4.24,-3.48,94.23,0.65,3.7,7.93,998.18,3929.05,1.08,4.012,3100.0,0.209,PM2.5-1HR
956,NOR_NO0143A,2025-01-23,4.36,-3.39,94.32,0.66,3.7,9.11,998.16,19250.64,1.14,4.096,3100.0,0.013,PM2.5-1HR
956,NOR_NO0149A,2025-01-23,4.26,-3.21,94.46,0.66,3.65,11.7,998.11,2020.38,1.23,4.222,3100.0,0.292,PM2.5-1HR
956,NOR_NO0150A,2025-01-23,7.14,-3.35,94.42,0.66,3.68,10.93,998.17,4950.29,1.23,4.222,3100.0,0.006,PM2.5-1HR
956,NOR_NO0153A,2025-01-23,1.58,-4,93.7,0.64,3.56,2.93,998.3,1497.53,1.08,4.012,3100.0,0.011,PM2.5-1HR
956,NOR_NO0011A,2025-01-24,4.17,-2.3,96.08,0.51,3.29,154.79,991.2,11187.25,0.79,3.606,3100.0,0.041,PM2.5-1HR
956,NOR_NO0057A,2025-01-24,4.91,-1.96,96.04,0.5,3.43,159.54,991.29,727.91,0.91,3.774,3100.0,0.047,PM2.5-1HR
956,NOR_NO0071A,2025-01-24,4.11,-1.98,96.09,0.5,3.42,158.01,991.27,5794.7,0.87,3.718,3100.0,0.019,PM2.5-1HR
956,NOR_NO0072A,2025-01-24,5.61,-2.38,96.05,0.51,3.23,154.1,991.17,4189.22,0.79,3.606,3100.0,0.082,PM2.5-1HR
956,NOR_NO0073A,2025-01-24,4.75,-2.17,96.1,0.51,3.35,155.94,991.23,19813.27,0.83,3.662,3100.0,0.25,PM2.5-1HR
956,NOR_NO0083A,2025-01-24,5.75,-2.36,96.06,0.51,3.24,154.24,991.18,4937.94,0.79,3.606,3100.0,0.017,PM2.5-1HR
956,NOR_NO0093A,2025-01-24,6.6,-2.31,96.08,0.51,3.26,154.41,991.18,3881.7,0.79,3.606,3100.0,0.0,PM2.5-1HR
956,NOR_NO0095A,2025-01-24,5.86,-2.46,96.03,0.51,3.18,153.59,991.16,3578.09,0.73,3.522,3100.0,0.011,PM2.5-1HR
956,NOR_NO0114A,2025-01-24,5.98,-2.68,95.95,0.5,3.04,151.8,991.1,2835.19,0.76,3.564,3100.0,0.018,PM2.5-1HR
956,NOR_NO0122A,2025-01-24,7.13,-1.95,96.04,0.5,3.43,159.6,991.29,3172.81,0.91,3.774,3100.0,0.01,PM2.5-1HR
956,NOR_NO0129A,2025-01-24,7.56,-1.69,95.97,0.48,3.55,163.82,991.36,5243.09,1.03,3.942,3100.0,0.013,PM2.5-1HR
956,NOR_NO0140A,2025-01-24,5.18,-2.23,96.11,0.51,3.32,155.01,991.2,3929.05,0.79,3.606,3100.0,0.209,PM2.5-1HR
956,NOR_NO0143A,2025-01-24,6.55,-2.15,96.11,0.51,3.36,155.94,991.23,19250.64,0.83,3.662,3100.0,0.013,PM2.5-1HR
956,NOR_NO0149A,2025-01-24,6.77,-1.99,96.07,0.5,3.41,158.5,991.27,2020.38,0.87,3.718,3100.0,0.292,PM2.5-1HR
956,NOR_NO0150A,2025-01-24,10.74,-2.08,96.07,0.5,3.38,157.51,991.25,4950.29,0.87,3.718,3100.0,0.006,PM2.5-1HR
956,NOR_NO0153A,2025-01-24,4.99,-2.63,95.96,0.5,3.06,152.18,991.11,1497.53,0.76,3.564,3100.0,0.011,PM2.5-1HR
956,NOR_NO0011A,2025-01-25,5.11,3.74,75.45,0.02,6.18,196.77,985.94,11187.25,1.97,5.258,3100.0,0.041,PM2.5-1HR
956,NOR_NO0057A,2025-01-25,5.79,3.86,75.38,0.02,6.46,198.42,986.11,727.91,2.19,5.566,3100.0,0.047,PM2.5-1HR
956,NOR_NO0071A,2025-01-25,7.91,3.93,75.24,0.02,6.42,198.11,986.18,5794.7,2.06,5.384,3100.0,0.019,PM2.5-1HR
956,NOR_NO0072A,2025-01-25,8.64,3.77,75.27,0.02,6.1,196.56,985.95,4189.22,1.97,5.258,3100.0,0.082,PM2.5-1HR
956,NOR_NO0073A,2025-01-25,7.72,3.81,75.42,0.02,6.28,197.23,986.03,19813.27,2.06,5.384,3100.0,0.25,PM2.5-1HR
956,NOR_NO0083A,2025-01-25,7.74,3.78,75.28,0.02,6.12,196.62,985.96,4937.94,1.97,5.258,3100.0,0.017,PM2.5-1HR
956,NOR_NO0093A,2025-01-25,8.02,3.81,75.24,0.02,6.15,196.71,985.99,3881.7,1.97,5.258,3100.0,0.0,PM2.5-1HR
956,NOR_NO0095A,2025-01-25,6.06,3.71,75.32,0.02,6.04,196.34,985.88,3578.09,2.09,5.426,3100.0,0.011,PM2.5-1HR
956,NOR_NO0114A,2025-01-25,6.86,3.71,75.02,0.02,5.84,195.76,985.82,2835.19,1.63,4.782,3100.0,0.018,PM2.5-1HR
956,NOR_NO0122A,2025-01-25,8.48,3.87,75.37,0.02,6.46,198.46,986.12,3172.81,2.19,5.566,3100.0,0.01,PM2.5-1HR
956,NOR_NO0129A,2025-01-25,9.78,3.94,75.3,0.02,6.68,199.85,986.23,5243.09,2.28,5.692,3100.0,0.013,PM2.5-1HR
956,NOR_NO0140A,2025-01-25,7.76,3.82,75.33,0.02,6.22,196.92,986.02,3929.05,1.97,5.258,3100.0,0.209,PM2.5-1HR
956,NOR_NO0143A,2025-01-25,10.59,3.83,75.38,0.02,6.29,197.26,986.05,19250.64,2.06,5.384,3100.0,0.013,PM2.5-1HR
956,NOR_NO0149A,2025-01-25,7.1,3.88,75.33,0.02,6.42,198.16,986.13,2020.38,2.06,5.384,3100.0,0.292,PM2.5-1HR
956,NOR_NO0150A,2025-01-25,10.39,3.82,75.42,0.02,6.36,197.75,986.05,4950.29,2.06,5.384,3100.0,0.006,PM2.5-1HR
956,NOR_NO0153A,2025-01-25,3.33,3.77,74.9,0.02,5.87,195.94,985.88,1497.53,1.63,4.782,3100.0,0.011,PM2.5-1HR
956,NOR_NO0011A,2025-01-26,6.1,1.41,81.65,0,3.17,187.03,999.96,11187.25,1.54,4.656,3100.0,0.041,PM2.5-1HR
956,NOR_NO0057A,2025-01-26,5.47,1.54,81.95,0,3.36,190.18,1000.02,727.91,1.64,4.796,3100.0,0.047,PM2.5-1HR
956,NOR_NO0071A,2025-01-26,5.67,1.59,82.07,0,3.31,188.93,1000.06,5794.7,1.62,4.768,3100.0,0.019,PM2.5-1HR
956,NOR_NO0072A,2025-01-26,6.87,1.36,81.71,0,3.11,186.23,999.96,4189.22,1.54,4.656,3100.0,0.082,PM2.5-1HR
956,NOR_NO0073A,2025-01-26,6.48,1.5,81.79,0,3.23,187.8,999.99,19813.27,1.65,4.81,3100.0,0.25,PM2.5-1HR
956,NOR_NO0083A,2025-01-26,6.3,1.38,81.72,0,3.12,186.35,999.96,4937.94,1.54,4.656,3100.0,0.017,PM2.5-1HR
956,NOR_NO0093A,2025-01-26,5.76,1.41,81.78,0,3.13,186.4,999.98,3881.7,1.54,4.656,3100.0,0.0,PM2.5-1HR
956,NOR_NO0095A,2025-01-26,8,1.28,81.61,0,3.08,185.96,999.93,3578.09,1.52,4.628,3100.0,0.011,PM2.5-1HR
956,NOR_NO0114A,2025-01-26,10.68,1.12,81.61,0,2.94,184.17,999.9,2835.19,1.33,4.362,3100.0,0.018,PM2.5-1HR
956,NOR_NO0122A,2025-01-26,6.62,1.54,81.97,0,3.37,190.18,1000.03,3172.81,1.64,4.796,3100.0,0.01,PM2.5-1HR
956,NOR_NO0129A,2025-01-26,6.8,1.6,82.19,0,3.53,192.83,1000.07,5243.09,1.82,5.048,3100.0,0.013,PM2.5-1HR
956,NOR_NO0140A,2025-01-26,5.06,1.48,81.79,0,3.18,186.99,999.99,3929.05,1.54,4.656,3100.0,0.209,PM2.5-1HR
956,NOR_NO0143A,2025-01-26,7.35,1.52,81.83,0,3.23,187.74,1000,19250.64,1.65,4.81,3100.0,0.013,PM2.5-1HR
956,NOR_NO0149A,2025-01-26,4.47,1.55,81.98,0,3.33,189.39,1000.03,2020.38,1.62,4.768,3100.0,0.292,PM2.5-1HR
956,NOR_NO0150A,2025-01-26,8.25,1.51,81.84,0,3.29,188.89,1000,4950.29,1.62,4.768,3100.0,0.006,PM2.5-1HR
956,NOR_NO0153A,2025-01-26,8.16,1.18,81.7,0,2.95,184.2,999.93,1497.53,1.33,4.362,3100.0,0.011,PM2.5-1HR
956,NOR_NO0011A,2025-01-27,2.44,0.43,94.56,0.35,2.92,99.41,994.59,11187.25,1.47,4.558,3100.0,0.041,PM2.5-1HR
956,NOR_NO0057A,2025-01-27,4.3,0.47,94.45,0.33,2.97,101.94,994.65,727.91,1.62,4.768,3100.0,0.047,PM2.5-1HR
956,NOR_NO0071A,2025-01-27,3.77,0.54,94.56,0.34,2.96,100.76,994.59,5794.7,1.55,4.67,3100.0,0.019,PM2.5-1HR
956,NOR_NO0072A,2025-01-27,3.73,0.45,94.6,0.35,2.88,98.54,994.55,4189.22,1.47,4.558,3100.0,0.082,PM2.5-1HR
956,NOR_NO0073A,2025-01-27,3.22,0.48,94.56,0.35,2.95,99.94,994.6,19813.27,1.47,4.558,3100.0,0.25,PM2.5-1HR
956,NOR_NO0083A,2025-01-27,3.95,0.45,94.6,0.35,2.88,98.64,994.55,4937.94,1.47,4.558,3100.0,0.017,PM2.5-1HR
956,NOR_NO0093A,2025-01-27,4.48,0.48,94.62,0.35,2.89,98.61,994.55,3881.7,1.47,4.558,3100.0,0.0,PM2.5-1HR
956,NOR_NO0095A,2025-01-27,3.14,0.4,94.57,0.35,2.85,98.45,994.55,3578.09,1.51,4.614,3100.0,0.011,PM2.5-1HR
956,NOR_NO0114A,2025-01-27,3.97,0.39,94.62,0.35,2.76,96.69,994.48,2835.19,1.48,4.572,3100.0,0.018,PM2.5-1HR
956,NOR_NO0122A,2025-01-27,4.67,0.48,94.46,0.33,2.97,101.95,994.65,3172.81,1.62,4.768,3100.0,0.01,PM2.5-1HR
956,NOR_NO0129A,2025-01-27,5.45,0.49,94.33,0.32,3.01,104.38,994.71,5243.09,1.76,4.964,3100.0,0.013,PM2.5-1HR
956,NOR_NO0140A,2025-01-27,3.78,0.49,94.61,0.35,2.93,99.18,994.57,3929.05,1.47,4.558,3100.0,0.209,PM2.5-1HR
956,NOR_NO0143A,2025-01-27,4.14,0.49,94.58,0.35,2.95,99.84,994.59,19250.64,1.47,4.558,3100.0,0.013,PM2.5-1HR
956,NOR_NO0149A,2025-01-27,3.65,0.5,94.51,0.34,2.96,101.24,994.62,2020.38,1.55,4.67,3100.0,0.292,PM2.5-1HR
956,NOR_NO0150A,2025-01-27,8.71,0.47,94.51,0.34,2.96,100.86,994.63,4950.29,1.55,4.67,3100.0,0.006,PM2.5-1HR
956,NOR_NO0153A,2025-01-27,4.69,0.44,94.66,0.35,2.77,96.48,994.46,1497.53,1.48,4.572,3100.0,0.011,PM2.5-1HR
956,NOR_NO0011A,2025-01-28,3.8,1.19,99.04,0.25,1.47,98.07,994.5,11187.25,1.52,4.628,3100.0,0.041,PM2.5-1HR
956,NOR_NO0057A,2025-01-28,6.73,1.38,98.9,0.23,1.62,109.68,994.54,727.91,1.92,5.188,3100.0,0.047,PM2.5-1HR
956,NOR_NO0071A,2025-01-28,8.77,1.46,98.96,0.23,1.61,107.72,994.5,5794.7,1.8,5.02,3100.0,0.019,PM2.5-1HR
956,NOR_NO0072A,2025-01-28,4.29,1.18,99.03,0.25,1.43,95.61,994.49,4189.22,1.52,4.628,3100.0,0.082,PM2.5-1HR
956,NOR_NO0073A,2025-01-28,5.8,1.29,99.02,0.24,1.53,101.96,994.5,19813.27,1.55,4.67,3100.0,0.25,PM2.5-1HR
956,NOR_NO0083A,2025-01-28,4.45,1.2,99.03,0.25,1.44,96.19,994.49,4937.94,1.52,4.628,3100.0,0.017,PM2.5-1HR
956,NOR_NO0093A,2025-01-28,7.77,1.24,99.03,0.25,1.45,97.13,994.48,3881.7,1.52,4.628,3100.0,0.0,PM2.5-1HR
956,NOR_NO0095A,2025-01-28,3.6,1.09,99.02,0.25,1.39,93.34,994.5,3578.09,1.37,4.418,3100.0,0.011,PM2.5-1HR
956,NOR_NO0114A,2025-01-28,6.21,1.01,98.99,0.25,1.3,85.76,994.48,2835.19,1.17,4.138,3100.0,0.018,PM2.5-1HR
956,NOR_NO0122A,2025-01-28,9.05,1.39,98.9,0.23,1.63,109.93,994.53,3172.81,1.92,5.188,3100.0,0.01,PM2.5-1HR
956,NOR_NO0129A,2025-01-28,12.82,1.52,98.75,0.21,1.78,117.98,994.58,5243.09,2.63,6.182,3100.0,0.013,PM2.5-1HR
956,NOR_NO0140A,2025-01-28,5.97,1.29,99.04,0.25,1.5,99.6,994.49,3929.05,1.52,4.628,3100.0,0.209,PM2.5-1HR
956,NOR_NO0143A,2025-01-28,6.15,1.32,99.03,0.24,1.53,102.22,994.5,19250.64,1.55,4.67,3100.0,0.013,PM2.5-1HR
956,NOR_NO0149A,2025-01-28,5.99,1.4,98.94,0.23,1.6,108.04,994.52,2020.38,1.8,5.02,3100.0,0.292,PM2.5-1HR
956,NOR_NO0150A,2025-01-28,13.73,1.32,98.97,0.24,1.56,105.35,994.52,4950.29,1.8,5.02,3100.0,0.006,PM2.5-1HR
956,NOR_NO0153A,2025-01-28,6.78,1.08,99,0.24,1.32,87.04,994.47,1497.53,1.17,4.138,3100.0,0.011,PM2.5-1HR
956,NOR_NO0011A,2025-01-29,2.92,1.5,96.69,0.08,2.57,2.64,1000.08,11187.25,1.06,3.984,3100.0,0.041,PM2.5-1HR
956,NOR_NO0057A,2025-01-29,2.7,1.56,97.23,0.08,2.62,5.79,1000.03,727.91,1.34,4.376,3100.0,0.047,PM2.5-1HR
956,NOR_NO0071A,2025-01-29,5.87,1.62,97.19,0.07,2.61,4.77,1000,5794.7,1.27,4.278,3100.0,0.019,PM2.5-1HR
956,NOR_NO0072A,2025-01-29,3.27,1.51,96.65,0.07,2.53,1.55,1000.08,4189.22,1.06,3.984,3100.0,0.082,PM2.5-1HR
956,NOR_NO0073A,2025-01-29,3.82,1.55,96.87,0.07,2.6,3.55,1000.05,19813.27,1.07,3.998,3100.0,0.25,PM2.5-1HR
956,NOR_NO0083A,2025-01-29,3.89,1.52,96.67,0.07,2.54,1.72,1000.08,4937.94,1.06,3.984,3100.0,0.017,PM2.5-1HR
956,NOR_NO0093A,2025-01-29,5.32,1.54,96.73,0.07,2.54,1.83,1000.06,3881.7,1.06,3.984,3100.0,0.0,PM2.5-1HR
956,NOR_NO0095A,2025-01-29,3.71,1.47,96.55,0.07,2.51,1.18,1000.11,3578.09,1.03,3.942,3100.0,0.011,PM2.5-1HR
956,NOR_NO0114A,2025-01-29,3.67,1.43,96.39,0.07,2.42,358.62,1000.14,2835.19,0.85,3.69,3100.0,0.018,PM2.5-1HR
956,NOR_NO0122A,2025-01-29,5.63,1.57,97.25,0.08,2.62,5.83,1000.02,3172.81,1.34,4.376,3100.0,0.01,PM2.5-1HR
956,NOR_NO0129A,2025-01-29,9.69,1.59,97.73,0.08,2.66,8.5,999.99,5243.09,1.86,5.104,3100.0,0.013,PM2.5-1HR
956,NOR_NO0140A,2025-01-29,3.56,1.56,96.8,0.07,2.58,2.68,1000.05,3929.05,1.06,3.984,3100.0,0.209,PM2.5-1HR
956,NOR_NO0143A,2025-01-29,3.74,1.57,96.89,0.07,2.6,3.51,1000.04,19250.64,1.07,3.998,3100.0,0.013,PM2.5-1HR
956,NOR_NO0149A,2025-01-29,4.69,1.58,97.17,0.08,2.61,5.13,1000.02,2020.38,1.27,4.278,3100.0,0.292,PM2.5-1HR
956,NOR_NO0150A,2025-01-29,7.28,1.55,97.01,0.08,2.61,4.56,1000.04,4950.29,1.27,4.278,3100.0,0.006,PM2.5-1HR
956,NOR_NO0153A,2025-01-29,4.27,1.47,96.47,0.07,2.42,358.53,1000.11,1497.53,0.85,3.69,3100.0,0.011,PM2.5-1HR
956,NOR_NO0011A,2025-01-30,5.07,-0.84,94.84,0,1.39,324.55,1005.46,11187.25,3.38,7.232,3100.0,0.041,PM2.5-1HR
956,NOR_NO0057A,2025-01-30,6,-0.67,95.39,0,1.38,317.41,1005.42,727.91,3.92,7.988,3100.0,0.047,PM2.5-1HR
956,NOR_NO0071A,2025-01-30,6.98,-0.58,95.56,0,1.33,318.6,1005.43,5794.7,3.79,7.806,3100.0,0.019,PM2.5-1HR
956,NOR_NO0072A,2025-01-30,7.54,-0.87,94.93,0,1.35,324.64,1005.47,4189.22,3.38,7.232,3100.0,0.082,PM2.5-1HR
956,NOR_NO0073A,2025-01-30,7.94,-0.72,95.07,0,1.37,323.16,1005.45,19813.27,3.66,7.624,3100.0,0.25,PM2.5-1HR
956,NOR_NO0083A,2025-01-30,7.19,-0.85,94.94,0,1.35,324.6,1005.47,4937.94,3.38,7.232,3100.0,0.017,PM2.5-1HR
956,NOR_NO0093A,2025-01-30,6.58,-0.8,95.05,0,1.34,324.45,1005.47,3881.7,3.38,7.232,3100.0,0.0,PM2.5-1HR
956,NOR_NO0095A,2025-01-30,6.09,-0.97,94.75,0,1.37,324.9,1005.49,3578.09,3.21,6.994,3100.0,0.011,PM2.5-1HR
956,NOR_NO0114A,2025-01-30,6.53,-1.11,94.74,0,1.33,325.26,1005.51,2835.19,2.76,6.364,3100.0,0.018,PM2.5-1HR
956,NOR_NO0122A,2025-01-30,8.89,-0.66,95.42,0,1.38,317.19,1005.42,3172.81,3.92,7.988,3100.0,0.01,PM2.5-1HR
956,NOR_NO0129A,2025-01-30,9.51,-0.57,95.86,0,1.41,311.01,1005.4,5243.09,4.54,8.856,3100.0,0.013,PM2.5-1HR
956,NOR_NO0140A,2025-01-30,8.4,-0.73,95.08,0,1.35,324.27,1005.46,3929.05,3.38,7.232,3100.0,0.209,PM2.5-1HR
956,NOR_NO0143A,2025-01-30,8.32,-0.7,95.15,0,1.36,323.02,1005.45,19250.64,3.66,7.624,3100.0,0.013,PM2.5-1HR
956,NOR_NO0149A,2025-01-30,7.61,-0.64,95.42,0,1.36,318.57,1005.43,2020.38,3.79,7.806,3100.0,0.292,PM2.5-1HR
956,NOR_NO0150A,2025-01-30,8.25,-0.71,95.18,0,1.38,320.68,1005.44,4950.29,3.79,7.806,3100.0,0.006,PM2.5-1HR
956,NOR_NO0153A,2025-01-30,7.22,-1.02,94.91,0,1.3,325.02,1005.51,1497.53,2.76,6.364,3100.0,0.011,PM2.5-1HR
956,NOR_NO0011A,2025-01-31,15.6,-4.09,88.4,0,2.18,338.26,1019.62,11187.25,6,10.9,3100.0,0.041,PM2.5-1HR
956,NOR_NO0057A,2025-01-31,11.32,-3.58,88.28,0,2.17,338.21,1019.55,727.91,6.5,11.6,3100.0,0.047,PM2.5-1HR
956,NOR_NO0071A,2025-01-31,12.7,-3.47,88.33,0,2.15,339.15,1019.56,5794.7,6,10.9,3100.0,0.019,PM2.5-1HR
956,NOR_NO0072A,2025-01-31,17.39,-4.13,88.46,0,2.14,337.99,1019.64,4189.22,6,10.9,3100.0,0.082,PM2.5-1HR
956,NOR_NO0073A,2025-01-31,13.98,-3.84,88.36,0,2.19,338.72,1019.59,19813.27,6,10.9,3100.0,0.25,PM2.5-1HR
956,NOR_NO0083A,2025-01-31,15.55,-4.1,88.45,0,2.15,338.09,1019.64,4937.94,6,10.9,3100.0,0.017,PM2.5-1HR
956,NOR_NO0093A,2025-01-31,11.12,-4,88.45,0,2.15,338.33,1019.63,3881.7,6,10.9,3100.0,0.0,PM2.5-1HR
956,NOR_NO0095A,2025-01-31,13.8,-4.32,88.46,0,2.14,337.53,1019.66,3578.09,6.02,10.928,3100.0,0.011,PM2.5-1HR
956,NOR_NO0122A,2025-01-31,14.29,-3.55,88.28,0,2.17,338.29,1019.55,3172.81,6.5,11.6,3100.0,0.01,PM2.5-1HR
956,NOR_NO0150A,2025-01-31,26.07,-3.75,88.32,0,2.18,338.44,1019.58,4950.29,6,10.9,3100.0,0.006,PM2.5-1HR
956,NOR_NO0149A,2025-01-31,14.05,-3.57,88.31,0,2.16,338.67,1019.56,2020.38,6,10.9,3100.0,0.292,PM2.5-1HR
956,NOR_NO0143A,2025-01-31,15.34,-3.79,88.37,0,2.18,338.85,1019.59,19250.64,6,10.9,3100.0,0.013,PM2.5-1HR
956,NOR_NO0140A,2025-01-31,15.65,-3.89,88.41,0,2.17,338.77,1019.6,3929.05,6,10.9,3100.0,0.209,PM2.5-1HR
956,NOR_NO0011A,2025-02-01,12.85,-7.23,86.25,0,1.88,346.16,1030.91,11187.25,2.29,5.706,3100.0,0.041,PM2.5-1HR
956,NOR_NO0057A,2025-02-01,13.09,-6.59,85.34,0,1.85,346.28,1030.85,727.91,2.81,6.434,3100.0,0.047,PM2.5-1HR
956,NOR_NO0071A,2025-02-01,14.23,-6.4,85.55,0,1.83,346.9,1030.85,5794.7,2.8,6.42,3100.0,0.019,PM2.5-1HR
956,NOR_NO0072A,2025-02-01,17.5,-7.23,86.44,0,1.86,345.76,1030.92,4189.22,2.29,5.706,3100.0,0.082,PM2.5-1HR
956,NOR_NO0073A,2025-02-01,12.13,-6.91,86,0,1.87,346.55,1030.88,19813.27,2.49,5.986,3100.0,0.25,PM2.5-1HR
956,NOR_NO0083A,2025-02-01,13.79,-7.19,86.4,0,1.86,345.86,1030.92,4937.94,2.29,5.706,3100.0,0.017,PM2.5-1HR
956,NOR_NO0093A,2025-02-01,12.3,-7.06,86.37,0,1.86,346.02,1030.91,3881.7,2.29,5.706,3100.0,0.0,PM2.5-1HR
956,NOR_NO0095A,2025-02-01,10.67,-7.48,86.53,0,1.87,345.45,1030.94,3578.09,2.01,5.314,3100.0,0.011,PM2.5-1HR
956,NOR_NO0114A,2025-02-01,12.3,-7.72,86.99,0,1.84,344.22,1030.98,2835.19,1.93,5.202,3100.0,0.018,PM2.5-1HR
956,NOR_NO0122A,2025-02-01,14.36,-6.55,85.32,0,1.84,346.34,1030.85,3172.81,2.81,6.434,3100.0,0.01,PM2.5-1HR
956,NOR_NO0129A,2025-02-01,18.56,-6.11,84.51,0,1.81,346,1030.82,5243.09,3.5,7.4,3100.0,0.013,PM2.5-1HR
956,NOR_NO0140A,2025-02-01,13.79,-6.94,86.2,0,1.87,346.47,1030.89,3929.05,2.29,5.706,3100.0,0.209,PM2.5-1HR
956,NOR_NO0143A,2025-02-01,11.48,-6.83,86,0,1.87,346.63,1030.88,19250.64,2.49,5.986,3100.0,0.013,PM2.5-1HR
956,NOR_NO0149A,2025-02-01,12.6,-6.55,85.5,0,1.84,346.58,1030.86,2020.38,2.8,6.42,3100.0,0.292,PM2.5-1HR
956,NOR_NO0150A,2025-02-01,22.43,-6.81,85.71,0,1.86,346.4,1030.87,4950.29,2.8,6.42,3100.0,0.006,PM2.5-1HR
956,NOR_NO0153A,2025-02-01,11.77,-7.49,87,0,1.82,344.18,1030.97,1497.53,1.93,5.202,3100.0,0.011,PM2.5-1HR
956,NOR_NO0011A,2025-02-02,5.47,-6.26,88.05,0.01,2.21,9.06,1026.78,11187.25,3.04,6.756,3100.0,0.041,PM2.5-1HR
956,NOR_NO0057A,2025-02-02,6.94,-5.78,85.22,0.01,2.16,13.72,1026.72,727.91,2.87,6.518,3100.0,0.047,PM2.5-1HR
956,NOR_NO0071A,2025-02-02,5.98,-5.61,85.62,0.02,2.18,12.43,1026.66,5794.7,2.79,6.406,3100.0,0.019,PM2.5-1HR
956,NOR_NO0072A,2025-02-02,6.59,-6.25,88.15,0.01,2.19,8.22,1026.76,4189.22,3.04,6.756,3100.0,0.082,PM2.5-1HR
956,NOR_NO0073A,2025-02-02,6.74,-6.01,87.22,0.01,2.22,10.13,1026.74,19813.27,2.67,6.238,3100.0,0.25,PM2.5-1HR
956,NOR_NO0083A,2025-02-02,6.28,-6.22,88.08,0.01,2.19,8.36,1026.76,4937.94,3.04,6.756,3100.0,0.017,PM2.5-1HR
956,NOR_NO0093A,2025-02-02,7.2,-6.11,87.86,0.02,2.19,8.45,1026.74,3881.7,3.04,6.756,3100.0,0.0,PM2.5-1HR
956,NOR_NO0095A,2025-02-02,7.14,-6.44,88.57,0.01,2.17,7.96,1026.8,3578.09,3.18,6.952,3100.0,0.011,PM2.5-1HR
956,NOR_NO0114A,2025-02-02,16.44,-6.6,89.18,0.02,2.11,5.92,1026.8,2835.19,3.4,7.26,3100.0,0.018,PM2.5-1HR
956,NOR_NO0122A,2025-02-02,8.15,-5.75,85.14,0.01,2.16,13.82,1026.71,3172.81,2.87,6.518,3100.0,0.01,PM2.5-1HR
956,NOR_NO0129A,2025-02-02,12.29,-5.42,82.67,0.01,2.1,18.39,1026.67,5243.09,2.78,6.392,3100.0,0.013,PM2.5-1HR
956,NOR_NO0140A,2025-02-02,8.37,-6.03,87.59,0.01,2.22,9.14,1026.73,3929.05,3.04,6.756,3100.0,0.209,PM2.5-1HR
956,NOR_NO0143A,2025-02-02,8.04,-5.95,87.1,0.01,2.22,10.14,1026.72,19250.64,2.67,6.238,3100.0,0.013,PM2.5-1HR
956,NOR_NO0149A,2025-02-02,7.89,-5.74,85.62,0.01,2.17,12.78,1026.69,2020.38,2.79,6.406,3100.0,0.292,PM2.5-1HR
956,NOR_NO0150A,2025-02-02,20.84,-5.94,86.4,0.01,2.19,11.68,1026.74,4950.29,2.79,6.406,3100.0,0.006,PM2.5-1HR
956,NOR_NO0153A,2025-02-02,11.88,-6.43,88.88,0.02,2.11,5.71,1026.76,1497.53,3.4,7.26,3100.0,0.011,PM2.5-1HR
956,NOR_NO0011A,2025-02-03,8.2,-2.43,96.83,0.18,1.21,157.58,1023.57,11187.25,1.89,5.146,3100.0,0.041,PM2.5-1HR
956,NOR_NO0057A,2025-02-03,11.9,-2.03,96.42,0.19,1.42,162.67,1023.56,727.91,2.11,5.454,3100.0,0.047,PM2.5-1HR
956,NOR_NO0083A,2025-02-03,9.91,-2.43,96.74,0.18,1.19,157.96,1023.57,4937.94,1.89,5.146,3100.0,0.017,PM2.5-1HR
956,NOR_NO0093A,2025-02-03,7.64,-2.35,96.72,0.18,1.21,157.98,1023.57,3881.7,1.89,5.146,3100.0,0.0,PM2.5-1HR
956,NOR_NO0095A,2025-02-03,9.77,-2.61,96.75,0.17,1.15,158.36,1023.58,3578.09,1.85,5.09,3100.0,0.011,PM2.5-1HR
956,NOR_NO0114A,2025-02-03,11.04,-2.81,96.58,0.16,1.07,164.44,1023.59,2835.19,1.68,4.852,3100.0,0.018,PM2.5-1HR
956,NOR_NO0122A,2025-02-03,14.75,-2.01,96.41,0.19,1.43,162.73,1023.56,3172.81,2.11,5.454,3100.0,0.01,PM2.5-1HR
956,NOR_NO0129A,2025-02-03,16.35,-1.73,95.99,0.19,1.64,164.43,1023.56,5243.09,2.47,5.958,3100.0,0.013,PM2.5-1HR
956,NOR_NO0140A,2025-02-03,8.43,-2.26,96.77,0.18,1.24,157.79,1023.56,3929.05,1.89,5.146,3100.0,0.209,PM2.5-1HR
956,NOR_NO0143A,2025-02-03,10.47,-2.19,96.73,0.18,1.28,158.85,1023.56,19250.64,1.93,5.202,3100.0,0.013,PM2.5-1HR
956,NOR_NO0149A,2025-02-03,10.94,-2.02,96.48,0.19,1.39,162.06,1023.56,2020.38,2.07,5.398,3100.0,0.292,PM2.5-1HR
956,NOR_NO0150A,2025-02-03,17.49,-2.16,96.62,0.18,1.33,160.93,1023.56,4950.29,2.07,5.398,3100.0,0.006,PM2.5-1HR
956,NOR_NO0153A,2025-02-03,10.46,-2.68,96.51,0.16,1.09,166.67,1023.59,1497.53,1.68,4.852,3100.0,0.011,PM2.5-1HR
956,NOR_NO0071A,2025-02-03,8.21,-1.94,96.47,0.19,1.39,161.9,1023.55,5794.7,2.07,5.398,3100.0,0.019,PM2.5-1HR
956,NOR_NO0072A,2025-02-03,9.81,-2.46,96.73,0.17,1.18,158.11,1023.57,4189.22,1.89,5.146,3100.0,0.082,PM2.5-1HR
956,NOR_NO0073A,2025-02-03,9.48,-2.23,96.75,0.18,1.28,158.78,1023.56,19813.27,1.93,5.202,3100.0,0.25,PM2.5-1HR
956,NOR_NO0011A,2025-02-04,7.69,2.84,97.95,0.06,4.1,191.86,1016.22,11187.25,3.9,7.96,3100.0,0.041,PM2.5-1HR
956,NOR_NO0072A,2025-02-04,10.13,2.81,97.84,0.05,4.01,191.17,1016.22,4189.22,3.9,7.96,3100.0,0.082,PM2.5-1HR
956,NOR_NO0073A,2025-02-04,9.23,2.96,98.02,0.06,4.21,192.24,1016.25,19813.27,3.93,8.002,3100.0,0.25,PM2.5-1HR
956,NOR_NO0083A,2025-02-04,9.45,2.83,97.86,0.05,4.03,191.25,1016.23,4937.94,3.9,7.96,3100.0,0.017,PM2.5-1HR
956,NOR_NO0093A,2025-02-04,5.75,2.89,97.88,0.05,4.06,191.23,1016.24,3881.7,3.9,7.96,3100.0,0.0,PM2.5-1HR
956,NOR_NO0095A,2025-02-04,8.38,2.7,97.78,0.05,3.93,191.07,1016.19,3578.09,3.82,7.848,3100.0,0.011,PM2.5-1HR
956,NOR_NO0114A,2025-02-04,8.84,2.56,97.51,0.05,3.7,189.6,1016.18,2835.19,4.03,8.142,3100.0,0.018,PM2.5-1HR
956,NOR_NO0122A,2025-02-04,10.37,3.04,98,0.06,4.35,193.54,1016.29,3172.81,4.03,8.142,3100.0,0.01,PM2.5-1HR
956,NOR_NO0129A,2025-02-04,8.8,3.13,97.98,0.06,4.53,194.99,1016.35,5243.09,3.39,7.246,3100.0,0.013,PM2.5-1HR
956,NOR_NO0140A,2025-02-04,10.62,2.96,97.98,0.06,4.15,191.68,1016.25,3929.05,3.9,7.96,3100.0,0.209,PM2.5-1HR
956,NOR_NO0143A,2025-02-04,10.23,2.99,98.02,0.06,4.22,192.15,1016.26,19250.64,3.93,8.002,3100.0,0.013,PM2.5-1HR
956,NOR_NO0149A,2025-02-04,7.39,3.05,98,0.06,4.32,193.03,1016.3,2020.38,3.89,7.946,3100.0,0.292,PM2.5-1HR
956,NOR_NO0150A,2025-02-04,10.13,2.98,98.01,0.06,4.26,192.87,1016.26,4950.29,3.89,7.946,3100.0,0.006,PM2.5-1HR
956,NOR_NO0153A,2025-02-04,7.44,2.65,97.52,0.05,3.73,189.5,1016.2,1497.53,4.03,8.142,3100.0,0.011,PM2.5-1HR
956,NOR_NO0057A,2025-02-04,8.07,3.02,98,0.06,4.35,193.56,1016.29,727.91,4.03,8.142,3100.0,0.047,PM2.5-1HR
956,NOR_NO0071A,2025-02-04,5.2,3.11,98.01,0.06,4.33,192.62,1016.32,5794.7,3.89,7.946,3100.0,0.019,PM2.5-1HR
956,NOR_NO0011A,2025-02-05,5.13,3.69,79.83,0.01,3.48,229.32,1019.38,11187.25,1.4,4.46,3100.0,0.041,PM2.5-1HR
956,NOR_NO0057A,2025-02-05,4.05,3.84,80.25,0.01,3.68,229.29,1019.4,727.91,1.5,4.6,3100.0,0.047,PM2.5-1HR
956,NOR_NO0071A,2025-02-05,6.54,3.9,80.23,0.01,3.65,228.49,1019.45,5794.7,1.48,4.572,3100.0,0.019,PM2.5-1HR
956,NOR_NO0072A,2025-02-05,4.32,3.7,79.71,0.01,3.44,228.94,1019.4,4189.22,1.4,4.46,3100.0,0.082,PM2.5-1HR
956,NOR_NO0073A,2025-02-05,6.31,3.76,80.02,0.01,3.55,229.01,1019.4,19813.27,1.45,4.53,3100.0,0.25,PM2.5-1HR
956,NOR_NO0083A,2025-02-05,3.95,3.71,79.74,0.01,3.45,228.93,1019.4,4937.94,1.4,4.46,3100.0,0.017,PM2.5-1HR
956,NOR_NO0093A,2025-02-05,6.98,3.75,79.8,0.01,3.47,228.69,1019.41,3881.7,1.4,4.46,3100.0,0.0,PM2.5-1HR
956,NOR_NO0095A,2025-02-05,4.45,3.64,79.6,0.01,3.41,229.32,1019.38,3578.09,1.4,4.46,3100.0,0.011,PM2.5-1HR
956,NOR_NO0114A,2025-02-05,3.08,3.61,79.25,0.01,3.29,229,1019.4,2835.19,1.31,4.334,3100.0,0.018,PM2.5-1HR
956,NOR_NO0122A,2025-02-05,6.9,3.85,80.26,0.01,3.69,229.22,1019.4,3172.81,1.5,4.6,3100.0,0.01,PM2.5-1HR
956,NOR_NO0129A,2025-02-05,4.85,3.95,80.57,0.01,3.85,229.39,1019.42,5243.09,1.54,4.656,3100.0,0.013,PM2.5-1HR
956,NOR_NO0140A,2025-02-05,4.46,3.77,79.93,0.01,3.51,228.72,1019.41,3929.05,1.4,4.46,3100.0,0.209,PM2.5-1HR
956,NOR_NO0143A,2025-02-05,5.68,3.79,80.04,0.01,3.56,228.83,1019.41,19250.64,1.45,4.53,3100.0,0.013,PM2.5-1HR
956,NOR_NO0149A,2025-02-05,4.57,3.85,80.21,0.01,3.65,228.94,1019.42,2020.38,1.48,4.572,3100.0,0.292,PM2.5-1HR
956,NOR_NO0150A,2025-02-05,9.63,3.79,80.11,0.01,3.61,229.22,1019.39,4950.29,1.48,4.572,3100.0,0.006,PM2.5-1HR
956,NOR_NO0153A,2025-02-05,7.46,3.67,79.3,0.01,3.31,228.59,1019.43,1497.53,1.31,4.334,3100.0,0.011,PM2.5-1HR
956,NOR_NO0011A,2025-02-06,8.49,-2.65,83.57,0,1.37,333,1044.03,11187.25,2.14,5.496,3100.0,0.041,PM2.5-1HR
956,NOR_NO0057A,2025-02-06,10.59,-2.6,83.37,0,1.38,324.17,1044,727.91,2.57,6.098,3100.0,0.047,PM2.5-1HR
956,NOR_NO0071A,2025-02-06,10.74,-2.39,83.86,0,1.38,328.85,1044.01,5794.7,2.49,5.986,3100.0,0.019,PM2.5-1HR
956,NOR_NO0072A,2025-02-06,8.82,-2.55,83.38,0,1.36,334.05,1044.04,4189.22,2.14,5.496,3100.0,0.082,PM2.5-1HR
956,NOR_NO0073A,2025-02-06,11.7,-2.58,83.89,0,1.38,331.4,1044.02,19813.27,2.32,5.748,3100.0,0.25,PM2.5-1HR
956,NOR_NO0083A,2025-02-06,7.35,-2.55,83.46,0,1.37,333.93,1044.04,4937.94,2.14,5.496,3100.0,0.017,PM2.5-1HR
956,NOR_NO0093A,2025-02-06,11.24,-2.5,83.65,0,1.37,334.01,1044.04,3881.7,2.14,5.496,3100.0,0.0,PM2.5-1HR
956,NOR_NO0095A,2025-02-06,8.68,-2.63,82.96,0,1.36,334.54,1044.05,3578.09,2.13,5.482,3100.0,0.011,PM2.5-1HR
956,NOR_NO0114A,2025-02-06,8.65,-2.53,82.3,0,1.34,336.67,1044.08,2835.19,1.72,4.908,3100.0,0.018,PM2.5-1HR
956,NOR_NO0122A,2025-02-06,15.35,-2.58,83.39,0,1.37,324.29,1044,3172.81,2.57,6.098,3100.0,0.01,PM2.5-1HR
956,NOR_NO0129A,2025-02-06,15.32,-2.57,82.82,0,1.41,317.63,1043.98,5243.09,3.12,6.868,3100.0,0.013,PM2.5-1HR
956,NOR_NO0140A,2025-02-06,8.06,-2.52,83.95,0,1.38,333.46,1044.03,3929.05,2.14,5.496,3100.0,0.209,PM2.5-1HR
956,NOR_NO0143A,2025-02-06,10.72,-2.54,83.97,0,1.38,331.69,1044.02,19250.64,2.32,5.748,3100.0,0.013,PM2.5-1HR
956,NOR_NO0149A,2025-02-06,9.76,-2.51,83.63,0,1.37,326.88,1044.01,2020.38,2.49,5.986,3100.0,0.292,PM2.5-1HR
956,NOR_NO0150A,2025-02-06,38.94,-2.61,83.63,0,1.37,327.89,1044.02,4950.29,2.49,5.986,3100.0,0.006,PM2.5-1HR
956,NOR_NO0153A,2025-02-06,11.27,-2.43,82.67,0,1.35,335.96,1044.07,1497.53,1.72,4.908,3100.0,0.011,PM2.5-1HR
956,NOR_NO0011A,2025-02-07,5.85,-4.41,89.29,0,2.1,11.02,1047.2,11187.25,4.33,8.562,3100.0,0.041,PM2.5-1HR
956,NOR_NO0057A,2025-02-07,10.67,-4.28,88.52,0,2.04,13.55,1047.18,727.91,5.21,9.794,3100.0,0.047,PM2.5-1HR
956,NOR_NO0071A,2025-02-07,9.49,-3.99,88.74,0,2.04,13.39,1047.15,5794.7,4.91,9.374,3100.0,0.019,PM2.5-1HR
956,NOR_NO0072A,2025-02-07,8.12,-4.34,89.06,0,2.08,10.84,1047.19,4189.22,4.33,8.562,3100.0,0.082,PM2.5-1HR
956,NOR_NO0073A,2025-02-07,8.25,-4.26,89.25,0,2.09,11.63,1047.19,19813.27,4.6,8.94,3100.0,0.25,PM2.5-1HR
956,NOR_NO0083A,2025-02-07,8,-4.32,89.09,0,2.08,10.89,1047.19,4937.94,4.33,8.562,3100.0,0.017,PM2.5-1HR
956,NOR_NO0093A,2025-02-07,11.79,-4.24,89.13,0,2.08,10.97,1047.17,3881.7,4.33,8.562,3100.0,0.0,PM2.5-1HR
956,NOR_NO0095A,2025-02-07,8.01,-4.48,88.95,0,2.09,10.7,1047.21,3578.09,4.01,8.114,3100.0,0.011,PM2.5-1HR
956,NOR_NO0114A,2025-02-07,11.21,-4.49,88.49,0,2.06,10.04,1047.19,2835.19,3.06,6.784,3100.0,0.018,PM2.5-1HR
956,NOR_NO0122A,2025-02-07,11.69,-4.25,88.49,0,2.04,13.68,1047.18,3172.81,5.21,9.794,3100.0,0.01,PM2.5-1HR
956,NOR_NO0129A,2025-02-07,16.15,-4.23,87.59,0,1.99,16.3,1047.17,5243.09,6.47,11.558,3100.0,0.013,PM2.5-1HR
956,NOR_NO0140A,2025-02-07,9.08,-4.21,89.3,0,2.09,11.22,1047.18,3929.05,4.33,8.562,3100.0,0.209,PM2.5-1HR
956,NOR_NO0143A,2025-02-07,9.54,-4.2,89.24,0,2.08,11.71,1047.18,19250.64,4.6,8.94,3100.0,0.013,PM2.5-1HR
956,NOR_NO0149A,2025-02-07,9.26,-4.16,88.69,0,2.05,13.28,1047.17,2020.38,4.91,9.374,3100.0,0.292,PM2.5-1HR
956,NOR_NO0150A,2025-02-07,36.27,-4.3,88.94,0,2.07,12.42,1047.19,4950.29,4.91,9.374,3100.0,0.006,PM2.5-1HR
956,NOR_NO0153A,2025-02-07,10.37,-4.34,88.56,0,2.04,9.91,1047.17,1497.53,3.06,6.784,3100.0,0.011,PM2.5-1HR
956,NOR_NO0011A,2025-02-08,5.5,-1.53,93.01,0.19,2.36,57.38,1039.58,11187.25,3.47,7.358,3100.0,0.041,PM2.5-1HR
956,NOR_NO0057A,2025-02-08,6.67,-1.4,92.38,0.17,2.46,61.49,1039.58,727.91,3.82,7.848,3100.0,0.047,PM2.5-1HR
956,NOR_NO0071A,2025-02-08,6.99,-1.26,92.24,0.17,2.44,60.58,1039.52,5794.7,3.64,7.596,3100.0,0.019,PM2.5-1HR
956,NOR_NO0072A,2025-02-08,7.79,-1.5,92.83,0.19,2.32,56.52,1039.55,4189.22,3.47,7.358,3100.0,0.082,PM2.5-1HR
956,NOR_NO0073A,2025-02-08,8.08,-1.42,92.83,0.18,2.4,58.53,1039.56,19813.27,3.5,7.4,3100.0,0.25,PM2.5-1HR
956,NOR_NO0083A,2025-02-08,6.79,-1.49,92.83,0.19,2.33,56.69,1039.55,4937.94,3.47,7.358,3100.0,0.017,PM2.5-1HR
956,NOR_NO0093A,2025-02-08,7.57,-1.43,92.75,0.18,2.34,56.87,1039.54,3881.7,3.47,7.358,3100.0,0.0,PM2.5-1HR
956,NOR_NO0095A,2025-02-08,7.39,-1.59,92.93,0.19,2.3,56.04,1039.58,3578.09,3.36,7.204,3100.0,0.011,PM2.5-1HR
956,NOR_NO0114A,2025-02-08,9.66,-1.63,92.71,0.2,2.21,53.8,1039.54,2835.19,3.05,6.77,3100.0,0.018,PM2.5-1HR
956,NOR_NO0122A,2025-02-08,8.46,-1.38,92.34,0.17,2.46,61.58,1039.57,3172.81,3.82,7.848,3100.0,0.01,PM2.5-1HR
956,NOR_NO0129A,2025-02-08,11.72,-1.32,91.76,0.15,2.55,64.94,1039.59,5243.09,4.25,8.45,3100.0,0.013,PM2.5-1HR
956,NOR_NO0140A,2025-02-08,9.06,-1.4,92.81,0.18,2.37,57.63,1039.54,3929.05,3.47,7.358,3100.0,0.209,PM2.5-1HR
956,NOR_NO0143A,2025-02-08,8.5,-1.39,92.75,0.18,2.4,58.56,1039.55,19250.64,3.5,7.4,3100.0,0.013,PM2.5-1HR
956,NOR_NO0149A,2025-02-08,7.05,-1.34,92.37,0.17,2.44,60.8,1039.55,2020.38,3.64,7.596,3100.0,0.292,PM2.5-1HR
956,NOR_NO0150A,2025-02-08,8.49,-1.43,92.67,0.18,2.42,59.84,1039.58,4950.29,3.64,7.596,3100.0,0.006,PM2.5-1HR
956,NOR_NO0153A,2025-02-08,8.65,-1.54,92.58,0.2,2.21,53.91,1039.51,1497.53,3.05,6.77,3100.0,0.011,PM2.5-1HR
956,NOR_NO0011A,2025-02-09,10.83,-5.96,89.27,0,2.36,350.96,1042.89,11187.25,4.63,8.982,3100.0,0.041,PM2.5-1HR
956,NOR_NO0057A,2025-02-09,7.81,-5.97,89.61,0,2.39,352.93,1042.85,727.91,5.24,9.836,3100.0,0.047,PM2.5-1HR
956,NOR_NO0071A,2025-02-09,10.7,-5.71,89.12,0,2.36,353.18,1042.82,5794.7,4.94,9.416,3100.0,0.019,PM2.5-1HR
956,NOR_NO0072A,2025-02-09,16.59,-5.92,89.13,0,2.32,350.37,1042.9,4189.22,4.63,8.982,3100.0,0.082,PM2.5-1HR
956,NOR_NO0073A,2025-02-09,10.09,-5.85,89.2,0,2.37,351.86,1042.86,19813.27,4.64,8.996,3100.0,0.25,PM2.5-1HR
956,NOR_NO0083A,2025-02-09,12.5,-5.91,89.12,0,2.33,350.52,1042.89,4937.94,4.63,8.982,3100.0,0.017,PM2.5-1HR
956,NOR_NO0093A,2025-02-09,13.53,-5.83,89.03,0,2.33,350.79,1042.88,3881.7,4.63,8.982,3100.0,0.0,PM2.5-1HR
956,NOR_NO0095A,2025-02-09,11.89,-6.05,89.28,0,2.32,349.78,1042.92,3578.09,4.77,9.178,3100.0,0.011,PM2.5-1HR
956,NOR_NO0114A,2025-02-09,14.68,-6.11,89.18,0,2.24,347.93,1042.95,2835.19,4.06,8.184,3100.0,0.018,PM2.5-1HR
956,NOR_NO0122A,2025-02-09,10.46,-5.95,89.58,0,2.38,353.03,1042.84,3172.81,5.24,9.836,3100.0,0.01,PM2.5-1HR
956,NOR_NO0129A,2025-02-09,16.51,-6.06,90.04,0,2.4,354.41,1042.82,5243.09,5.7,10.48,3100.0,0.013,PM2.5-1HR
956,NOR_NO0140A,2025-02-09,10.47,-5.79,89.04,0,2.35,351.47,1042.87,3929.05,4.63,8.982,3100.0,0.209,PM2.5-1HR
956,NOR_NO0143A,2025-02-09,10.06,-5.8,89.13,0,2.37,351.97,1042.85,19250.64,4.64,8.996,3100.0,0.013,PM2.5-1HR
956,NOR_NO0149A,2025-02-09,14.09,-5.85,89.36,0,2.37,352.93,1042.84,2020.38,4.94,9.416,3100.0,0.292,PM2.5-1HR
956,NOR_NO0150A,2025-02-09,15.91,-5.92,89.41,0,2.38,352.27,1042.86,4950.29,4.94,9.416,3100.0,0.006,PM2.5-1HR
956,NOR_NO0153A,2025-02-09,10.85,-5.98,89.01,0,2.23,348.13,1042.93,1497.53,4.06,8.184,3100.0,0.011,PM2.5-1HR
956,NOR_NO0011A,2025-02-10,13.02,-6.86,87.14,0,3.1,355.52,1046.24,11187.25,3.67,7.638,3100.0,0.041,PM2.5-1HR
956,NOR_NO0057A,2025-02-10,6.67,-7.06,87.3,0,3.07,358.22,1046.21,727.91,4.43,8.702,3100.0,0.047,PM2.5-1HR
956,NOR_NO0071A,2025-02-10,8.5,-6.73,86.94,0,3.08,358.38,1046.17,5794.7,4.35,8.59,3100.0,0.019,PM2.5-1HR
956,NOR_NO0072A,2025-02-10,16.52,-6.82,86.8,0,3.04,355.13,1046.24,4189.22,3.67,7.638,3100.0,0.082,PM2.5-1HR
956,NOR_NO0073A,2025-02-10,8.86,-6.78,87.19,0,3.11,356.5,1046.21,19813.27,3.99,8.086,3100.0,0.25,PM2.5-1HR
956,NOR_NO0083A,2025-02-10,12.7,-6.81,86.84,0,3.04,355.26,1046.24,4937.94,3.67,7.638,3100.0,0.017,PM2.5-1HR
956,NOR_NO0093A,2025-02-10,14.33,-6.74,86.8,0,3.05,355.54,1046.22,3881.7,3.67,7.638,3100.0,0.0,PM2.5-1HR
956,NOR_NO0095A,2025-02-10,11.41,-6.95,86.81,0,3.02,354.57,1046.27,3578.09,3.69,7.666,3100.0,0.011,PM2.5-1HR
956,NOR_NO0114A,2025-02-10,16.05,-6.99,86.19,0,2.89,353.07,1046.29,2835.19,3.47,7.358,3100.0,0.018,PM2.5-1HR
956,NOR_NO0122A,2025-02-10,7.58,-7.04,87.26,0,3.07,358.36,1046.21,3172.81,4.43,8.702,3100.0,0.01,PM2.5-1HR
956,NOR_NO0129A,2025-02-10,12.46,-7.35,87.37,0,3.02,0.62,1046.21,5243.09,4.72,9.108,3100.0,0.013,PM2.5-1HR
956,NOR_NO0140A,2025-02-10,10.14,-6.7,87.01,0,3.1,356.09,1046.21,3929.05,3.67,7.638,3100.0,0.209,PM2.5-1HR
956,NOR_NO0143A,2025-02-10,7.73,-6.74,87.12,0,3.11,356.66,1046.2,19250.64,3.99,8.086,3100.0,0.013,PM2.5-1HR
956,NOR_NO0149A,2025-02-10,6.42,-6.89,87.13,0,3.08,358.1,1046.2,2020.38,4.35,8.59,3100.0,0.292,PM2.5-1HR
956,NOR_NO0150A,2025-02-10,44.69,-6.93,87.26,0,3.1,357.18,1046.22,4950.29,4.35,8.59,3100.0,0.006,PM2.5-1HR
956,NOR_NO0153A,2025-02-10,13.26,-6.86,86.06,0,2.89,353.29,1046.26,1497.53,3.47,7.358,3100.0,0.011,PM2.5-1HR
956,NOR_NO0011A,2025-02-11,12.04,-6.11,86.87,0,2.64,6.35,1041.78,11187.25,3.81,7.834,3100.0,0.041,PM2.5-1HR
956,NOR_NO0057A,2025-02-11,6.4,-6.42,86.47,0,2.62,8.8,1041.78,727.91,4.23,8.422,3100.0,0.047,PM2.5-1HR
956,NOR_NO0071A,2025-02-11,8.79,-6.04,86.31,0,2.62,8.61,1041.74,5794.7,4,8.1,3100.0,0.019,PM2.5-1HR
956,NOR_NO0072A,2025-02-11,15.58,-6.01,86.45,0,2.6,5.75,1041.77,4189.22,3.81,7.834,3100.0,0.082,PM2.5-1HR
956,NOR_NO0073A,2025-02-11,7.86,-6.07,86.84,0,2.66,7.12,1041.77,19813.27,3.64,7.596,3100.0,0.25,PM2.5-1HR
956,NOR_NO0083A,2025-02-11,13.14,-6.01,86.49,0,2.61,5.87,1041.77,4937.94,3.81,7.834,3100.0,0.017,PM2.5-1HR
956,NOR_NO0093A,2025-02-11,14.62,-5.95,86.46,0,2.61,6.01,1041.76,3881.7,3.81,7.834,3100.0,0.0,PM2.5-1HR
956,NOR_NO0095A,2025-02-11,10.13,-6.12,86.44,0,2.59,5.41,1041.78,3578.09,4.01,8.114,3100.0,0.011,PM2.5-1HR
956,NOR_NO0114A,2025-02-11,13.39,-6.04,85.66,0,2.49,3.76,1041.78,2835.19,4.71,9.094,3100.0,0.018,PM2.5-1HR
956,NOR_NO0122A,2025-02-11,10.38,-6.39,86.43,0,2.61,8.9,1041.77,3172.81,4.23,8.422,3100.0,0.01,PM2.5-1HR
956,NOR_NO0129A,2025-02-11,15.07,-6.79,85.93,0,2.56,11.05,1041.78,5243.09,4.04,8.156,3100.0,0.013,PM2.5-1HR
956,NOR_NO0140A,2025-02-11,9.44,-5.96,86.72,0,2.64,6.59,1041.76,3929.05,3.81,7.834,3100.0,0.209,PM2.5-1HR
956,NOR_NO0143A,2025-02-11,8.25,-6.03,86.77,0,2.65,7.18,1041.76,19250.64,3.64,7.596,3100.0,0.013,PM2.5-1HR
956,NOR_NO0149A,2025-02-11,8.52,-6.22,86.45,0,2.62,8.55,1041.76,2020.38,4,8.1,3100.0,0.292,PM2.5-1HR
956,NOR_NO0150A,2025-02-11,46.97,-6.25,86.71,0,2.64,7.82,1041.78,4950.29,4,8.1,3100.0,0.006,PM2.5-1HR
956,NOR_NO0153A,2025-02-11,11.54,-5.92,85.53,0,2.49,3.7,1041.76,1497.53,4.71,9.094,3100.0,0.011,PM2.5-1HR
956,NOR_NO0011A,2025-02-12,11.68,-7.57,85.99,0,2.54,5.91,1033.48,11187.25,3.73,7.722,3100.0,0.041,PM2.5-1HR
956,NOR_NO0057A,2025-02-12,10.21,-7.84,85.91,0,2.52,7.68,1033.48,727.91,4.79,9.206,3100.0,0.047,PM2.5-1HR
956,NOR_NO0071A,2025-02-12,10.46,-7.45,85.83,0,2.51,7.88,1033.44,5794.7,4.52,8.828,3100.0,0.019,PM2.5-1HR
956,NOR_NO0072A,2025-02-12,15.77,-7.45,85.88,0,2.5,5.52,1033.46,4189.22,3.73,7.722,3100.0,0.082,PM2.5-1HR
956,NOR_NO0073A,2025-02-12,8.64,-7.53,85.97,0,2.55,6.62,1033.47,19813.27,4.08,8.212,3100.0,0.25,PM2.5-1HR
956,NOR_NO0083A,2025-02-12,13.04,-7.45,85.88,0,2.5,5.63,1033.46,4937.94,3.73,7.722,3100.0,0.017,PM2.5-1HR
956,NOR_NO0093A,2025-02-12,12.84,-7.38,85.87,0,2.51,5.83,1033.45,3881.7,3.73,7.722,3100.0,0.0,PM2.5-1HR
956,NOR_NO0095A,2025-02-12,10.71,-7.56,85.89,0,2.49,5.1,1033.48,3578.09,3.27,7.078,3100.0,0.011,PM2.5-1HR
956,NOR_NO0114A,2025-02-12,12.74,-7.45,85.7,0,2.41,3.82,1033.45,2835.19,2.33,5.762,3100.0,0.018,PM2.5-1HR
956,NOR_NO0122A,2025-02-12,15.34,-7.82,85.9,0,2.52,7.79,1033.48,3172.81,4.79,9.206,3100.0,0.01,PM2.5-1HR
956,NOR_NO0129A,2025-02-12,17.45,-8.17,85.8,0,2.47,9.19,1033.49,5243.09,6.75,11.95,3100.0,0.013,PM2.5-1HR
956,NOR_NO0140A,2025-02-12,11.81,-7.4,85.93,0,2.54,6.3,1033.46,3929.05,3.73,7.722,3100.0,0.209,PM2.5-1HR
956,NOR_NO0143A,2025-02-12,10.95,-7.47,85.95,0,2.54,6.72,1033.46,19250.64,4.08,8.212,3100.0,0.013,PM2.5-1HR
956,NOR_NO0149A,2025-02-12,10.52,-7.64,85.88,0,2.52,7.66,1033.46,2020.38,4.52,8.828,3100.0,0.292,PM2.5-1HR
956,NOR_NO0150A,2025-02-12,60.21,-7.69,85.96,0,2.54,7.03,1033.48,4950.29,4.52,8.828,3100.0,0.006,PM2.5-1HR
956,NOR_NO0153A,2025-02-12,11.35,-7.31,85.65,0,2.4,3.95,1033.43,1497.53,2.33,5.762,3100.0,0.011,PM2.5-1HR
956,NOR_NO0011A,2025-02-13,6.63,-3.81,84.58,0.02,2.58,11.31,1030.25,11187.25,1.57,4.698,3100.0,0.041,PM2.5-1HR
956,NOR_NO0057A,2025-02-13,5.71,-3.87,84.44,0.01,2.64,14.4,1030.19,727.91,1.73,4.922,3100.0,0.047,PM2.5-1HR
956,NOR_NO0071A,2025-02-13,7.32,-3.65,83.92,0.01,2.66,13.52,1030.16,5794.7,1.69,4.866,3100.0,0.019,PM2.5-1HR
956,NOR_NO0072A,2025-02-13,8.99,-3.76,84.38,0.02,2.55,10.21,1030.24,4189.22,1.57,4.698,3100.0,0.082,PM2.5-1HR
956,NOR_NO0073A,2025-02-13,5.96,-3.74,84.35,0.02,2.62,12.26,1030.21,19813.27,1.62,4.768,3100.0,0.25,PM2.5-1HR
956,NOR_NO0083A,2025-02-13,7.39,-3.75,84.36,0.02,2.55,10.39,1030.23,4937.94,1.57,4.698,3100.0,0.017,PM2.5-1HR
956,NOR_NO0093A,2025-02-13,12.19,-3.7,84.2,0.02,2.57,10.51,1030.22,3881.7,1.57,4.698,3100.0,0.0,PM2.5-1HR
956,NOR_NO0095A,2025-02-13,7.85,-3.86,84.63,0.02,2.51,9.79,1030.26,3578.09,1.62,4.768,3100.0,0.011,PM2.5-1HR
956,NOR_NO0114A,2025-02-13,6.69,-3.87,84.51,0.02,2.42,7.12,1030.27,2835.19,1.38,4.432,3100.0,0.018,PM2.5-1HR
956,NOR_NO0122A,2025-02-13,10.61,-3.85,84.39,0.01,2.64,14.44,1030.19,3172.81,1.73,4.922,3100.0,0.01,PM2.5-1HR
956,NOR_NO0129A,2025-02-13,13.89,-3.99,84.43,0.01,2.68,16.95,1030.16,5243.09,2.05,5.37,3100.0,0.013,PM2.5-1HR
956,NOR_NO0140A,2025-02-13,6.05,-3.68,84.2,0.02,2.61,11.4,1030.21,3929.05,1.57,4.698,3100.0,0.209,PM2.5-1HR
956,NOR_NO0143A,2025-02-13,6.62,-3.7,84.23,0.02,2.63,12.23,1030.2,19250.64,1.62,4.768,3100.0,0.013,PM2.5-1HR
956,NOR_NO0149A,2025-02-13,6.99,-3.76,84.22,0.01,2.64,13.8,1030.18,2020.38,1.69,4.866,3100.0,0.292,PM2.5-1HR
956,NOR_NO0150A,2025-02-13,42.03,-3.81,84.44,0.02,2.63,13.22,1030.21,4950.29,1.69,4.866,3100.0,0.006,PM2.5-1HR
956,NOR_NO0153A,2025-02-13,12.09,-3.77,84.22,0.02,2.44,7.04,1030.25,1497.53,1.38,4.432,3100.0,0.011,PM2.5-1HR
956,NOR_NO0011A,2025-02-14,10.46,-7.23,84.38,0,1.35,314.49,1028.47,11187.25,2.89,6.546,3100.0,0.041,PM2.5-1HR
956,NOR_NO0057A,2025-02-14,13.95,-7.43,84.7,0,1.44,311.48,1028.43,727.91,3.49,7.386,3100.0,0.047,PM2.5-1HR
956,NOR_NO0071A,2025-02-14,10.64,-7.13,84.84,0,1.41,312.6,1028.43,5794.7,3.34,7.176,3100.0,0.019,PM2.5-1HR
956,NOR_NO0072A,2025-02-14,9.67,-7.13,84.35,0,1.32,314.2,1028.48,4189.22,2.89,6.546,3100.0,0.082,PM2.5-1HR
956,NOR_NO0073A,2025-02-14,11.02,-7.2,84.62,0,1.37,313.97,1028.45,19813.27,3.1,6.84,3100.0,0.25,PM2.5-1HR
956,NOR_NO0083A,2025-02-14,14.31,-7.13,84.39,0,1.33,314.22,1028.48,4937.94,2.89,6.546,3100.0,0.017,PM2.5-1HR
956,NOR_NO0093A,2025-02-14,9.12,-7.07,84.5,0,1.33,314.15,1028.47,3881.7,2.89,6.546,3100.0,0.0,PM2.5-1HR
956,NOR_NO0095A,2025-02-14,12.61,-7.21,84.12,0,1.31,314.31,1028.49,3578.09,2.51,6.014,3100.0,0.011,PM2.5-1HR
956,NOR_NO0114A,2025-02-14,11.64,-7.1,83.89,0,1.25,313.73,1028.51,2835.19,1.84,5.076,3100.0,0.018,PM2.5-1HR
956,NOR_NO0122A,2025-02-14,27.8,-7.41,84.72,0,1.44,311.48,1028.43,3172.81,3.49,7.386,3100.0,0.01,PM2.5-1HR
956,NOR_NO0129A,2025-02-14,24.01,-7.68,84.88,0,1.54,309.06,1028.39,5243.09,5.01,9.514,3100.0,0.013,PM2.5-1HR
956,NOR_NO0140A,2025-02-14,10.53,-7.1,84.62,0,1.35,314.33,1028.46,3929.05,2.89,6.546,3100.0,0.209,PM2.5-1HR
956,NOR_NO0143A,2025-02-14,13.42,-7.15,84.68,0,1.37,313.93,1028.45,19250.64,3.1,6.84,3100.0,0.013,PM2.5-1HR
956,NOR_NO0149A,2025-02-14,15.74,-7.28,84.74,0,1.42,312.25,1028.43,2020.38,3.34,7.176,3100.0,0.292,PM2.5-1HR
956,NOR_NO0150A,2025-02-14,58.47,-7.32,84.63,0,1.4,312.85,1028.45,4950.29,3.34,7.176,3100.0,0.006,PM2.5-1HR
956,NOR_NO0153A,2025-02-14,16.77,-7.01,84.1,0,1.25,313.35,1028.51,1497.53,1.84,5.076,3100.0,0.011,PM2.5-1HR
956,NOR_NO0011A,2025-02-15,5.64,-7.06,71.78,0,3.11,357.47,1028.08,11187.25,2.98,6.672,3100.0,0.041,PM2.5-1HR
956,NOR_NO0057A,2025-02-15,10.07,-7.24,72.15,0,3.19,356.27,1028.02,727.91,3.23,7.022,3100.0,0.047,PM2.5-1HR
956,NOR_NO0071A,2025-02-15,8.29,-6.99,71.98,0,3.16,356.53,1027.99,5794.7,3.11,6.854,3100.0,0.019,PM2.5-1HR
956,NOR_NO0072A,2025-02-15,6.94,-7.01,71.65,0,3.07,357.26,1028.08,4189.22,2.98,6.672,3100.0,0.082,PM2.5-1HR
956,NOR_NO0073A,2025-02-15,5.91,-7.02,71.87,0,3.14,357.27,1028.05,19813.27,3.08,6.812,3100.0,0.25,PM2.5-1HR
956,NOR_NO0083A,2025-02-15,30.82,-7,71.66,0,3.07,357.29,1028.07,4937.94,2.98,6.672,3100.0,0.017,PM2.5-1HR
956,NOR_NO0093A,2025-02-15,9.27,-6.95,71.66,0,3.08,357.28,1028.06,3881.7,2.98,6.672,3100.0,0.0,PM2.5-1HR
956,NOR_NO0095A,2025-02-15,5.94,-7.09,71.62,0,3.05,357.25,1028.1,3578.09,3.34,7.176,3100.0,0.011,PM2.5-1HR
956,NOR_NO0114A,2025-02-15,9.52,-7.08,71.37,0,2.96,356.81,1028.12,2835.19,2.92,6.588,3100.0,0.018,PM2.5-1HR
956,NOR_NO0122A,2025-02-15,10.46,-7.22,72.15,0,3.19,356.25,1028.02,3172.81,3.23,7.022,3100.0,0.01,PM2.5-1HR
956,NOR_NO0129A,2025-02-15,13.22,-7.46,72.49,0,3.27,355.74,1027.98,5243.09,3.57,7.498,3100.0,0.013,PM2.5-1HR
956,NOR_NO0140A,2025-02-15,7.65,-6.95,71.75,0,3.11,357.43,1028.05,3929.05,2.98,6.672,3100.0,0.209,PM2.5-1HR
956,NOR_NO0143A,2025-02-15,16.14,-6.99,71.85,0,3.14,357.24,1028.04,19250.64,3.08,6.812,3100.0,0.013,PM2.5-1HR
956,NOR_NO0149A,2025-02-15,10.63,-7.11,72.05,0,3.17,356.47,1028.01,2020.38,3.11,6.854,3100.0,0.292,PM2.5-1HR
956,NOR_NO0150A,2025-02-15,26.35,-7.13,72,0,3.16,356.77,1028.04,4950.29,3.11,6.854,3100.0,0.006,PM2.5-1HR
956,NOR_NO0153A,2025-02-15,10.84,-6.98,71.35,0,2.95,356.71,1028.1,1497.53,2.92,6.588,3100.0,0.011,PM2.5-1HR
956,NOR_NO0011A,2025-02-16,20.85,-11.04,70.77,0,2.12,311.56,1028.86,11187.25,4.72,9.108,3100.0,0.041,PM2.5-1HR
956,NOR_NO0057A,2025-02-16,21.79,-11.34,71.19,0,2.15,309.94,1028.75,727.91,5.88,10.732,3100.0,0.047,PM2.5-1HR
956,NOR_NO0071A,2025-02-16,13.6,-11.04,71.29,0,2.11,311.06,1028.78,5794.7,5.58,10.312,3100.0,0.019,PM2.5-1HR
956,NOR_NO0072A,2025-02-16,21.87,-11.01,70.79,0,2.1,311.47,1028.89,4189.22,4.72,9.108,3100.0,0.082,PM2.5-1HR
956,NOR_NO0073A,2025-02-16,16.76,-11.01,71.01,0,2.12,311.46,1028.82,19813.27,5.15,9.71,3100.0,0.25,PM2.5-1HR
956,NOR_NO0083A,2025-02-16,51.45,-11,70.82,0,2.1,311.5,1028.88,4937.94,4.72,9.108,3100.0,0.017,PM2.5-1HR
956,NOR_NO0093A,2025-02-16,12.92,-10.95,70.94,0,2.09,311.57,1028.87,3881.7,4.72,9.108,3100.0,0.0,PM2.5-1HR
956,NOR_NO0095A,2025-02-16,10.9,-11.1,70.57,0,2.11,311.36,1028.92,3578.09,4.33,8.562,3100.0,0.011,PM2.5-1HR
956,NOR_NO0114A,2025-02-16,16.47,-11.12,70.43,0,2.09,310.99,1029,2835.19,3.93,8.002,3100.0,0.018,PM2.5-1HR
956,NOR_NO0122A,2025-02-16,45.49,-11.32,71.21,0,2.14,309.99,1028.75,3172.81,5.88,10.732,3100.0,0.01,PM2.5-1HR
956,NOR_NO0129A,2025-02-16,48.22,-11.7,71.49,0,2.18,308.24,1028.67,5243.09,6.7,11.88,3100.0,0.013,PM2.5-1HR
956,NOR_NO0140A,2025-02-16,18.17,-10.93,71.02,0,2.1,311.73,1028.84,3929.05,4.72,9.108,3100.0,0.209,PM2.5-1HR
956,NOR_NO0143A,2025-02-16,25.4,-10.98,71.07,0,2.11,311.52,1028.82,19250.64,5.15,9.71,3100.0,0.013,PM2.5-1HR
956,NOR_NO0149A,2025-02-16,15.6,-11.17,71.2,0,2.13,310.6,1028.77,2020.38,5.58,10.312,3100.0,0.292,PM2.5-1HR
956,NOR_NO0150A,2025-02-16,34.89,-11.17,71.06,0,2.13,310.76,1028.79,4950.29,5.58,10.312,3100.0,0.006,PM2.5-1HR
956,NOR_NO0153A,2025-02-16,18.15,-11.02,70.66,0,2.07,310.92,1028.99,1497.53,3.93,8.002,3100.0,0.011,PM2.5-1HR
956,NOR_NO0011A,2025-02-17,13.98,-7.28,69.74,0,2.32,316.64,1024.18,11187.25,6.65,11.81,3100.0,0.041,PM2.5-1HR
956,NOR_NO0057A,2025-02-17,24.39,-7.34,69.17,0,2.39,315.6,1024.05,727.91,7.87,13.518,3100.0,0.047,PM2.5-1HR
956,NOR_NO0071A,2025-02-17,15.97,-7.27,69.43,0,2.35,316.71,1024.08,5794.7,7.49,12.986,3100.0,0.019,PM2.5-1HR
956,NOR_NO0072A,2025-02-17,21.56,-7.31,69.73,0,2.28,316.46,1024.22,4189.22,6.65,11.81,3100.0,0.082,PM2.5-1HR
956,NOR_NO0073A,2025-02-17,18.41,-7.24,69.69,0,2.34,316.76,1024.13,19813.27,7.01,12.314,3100.0,0.25,PM2.5-1HR
956,NOR_NO0083A,2025-02-17,28.83,-7.3,69.74,0,2.28,316.52,1024.21,4937.94,6.65,11.81,3100.0,0.017,PM2.5-1HR
956,NOR_NO0093A,2025-02-17,17.97,-7.27,69.76,0,2.28,316.66,1024.2,3881.7,6.65,11.81,3100.0,0.0,PM2.5-1HR
956,NOR_NO0095A,2025-02-17,16.07,-7.36,69.67,0,2.27,316.22,1024.25,3578.09,5.88,10.732,3100.0,0.011,PM2.5-1HR
956,NOR_NO0114A,2025-02-17,21.23,-7.46,69.63,0,2.18,315.45,1024.34,2835.19,5.45,10.13,3100.0,0.018,PM2.5-1HR
956,NOR_NO0122A,2025-02-17,53.16,-7.34,69.17,0,2.38,315.66,1024.05,3172.81,7.87,13.518,3100.0,0.01,PM2.5-1HR
956,NOR_NO0129A,2025-02-17,44.16,-7.45,68.54,0.01,2.44,314.29,1023.94,5243.09,9.96,16.444,3100.0,0.013,PM2.5-1HR
956,NOR_NO0140A,2025-02-17,18.39,-7.23,69.79,0,2.31,316.94,1024.16,3929.05,6.65,11.81,3100.0,0.209,PM2.5-1HR
956,NOR_NO0143A,2025-02-17,22.94,-7.23,69.7,0,2.34,316.85,1024.13,19250.64,7.01,12.314,3100.0,0.013,PM2.5-1HR
956,NOR_NO0149A,2025-02-17,19.17,-7.3,69.34,0,2.36,316.21,1024.07,2020.38,7.49,12.986,3100.0,0.292,PM2.5-1HR
956,NOR_NO0150A,2025-02-17,99.6,-7.29,69.46,0,2.36,316.21,1024.1,4950.29,7.49,12.986,3100.0,0.006,PM2.5-1HR
956,NOR_NO0153A,2025-02-17,21.4,-7.41,69.71,0,2.18,315.43,1024.33,1497.53,5.45,10.13,3100.0,0.011,PM2.5-1HR
956,NOR_NO0011A,2025-02-18,9.22,-7.1,73.45,0,2,324.72,1027.96,11187.25,4.35,8.59,3100.0,0.041,PM2.5-1HR
956,NOR_NO0057A,2025-02-18,22.14,-7.03,73.21,0,2.04,323.36,1027.86,727.91,5.37,10.018,3100.0,0.047,PM2.5-1HR
956,NOR_NO0071A,2025-02-18,15.46,-6.98,73.12,0,2.01,324.96,1027.88,5794.7,5.14,9.696,3100.0,0.019,PM2.5-1HR
956,NOR_NO0072A,2025-02-18,12.44,-7.14,73.3,0,1.97,324.88,1027.98,4189.22,4.35,8.59,3100.0,0.082,PM2.5-1HR
956,NOR_NO0073A,2025-02-18,13.66,-7.01,73.36,0,2.01,324.85,1027.92,19813.27,4.83,9.262,3100.0,0.25,PM2.5-1HR
956,NOR_NO0083A,2025-02-18,10.65,-7.12,73.3,0,1.97,324.92,1027.98,4937.94,4.35,8.59,3100.0,0.017,PM2.5-1HR
956,NOR_NO0093A,2025-02-18,16.18,-7.08,73.25,0,1.97,325.13,1027.97,3881.7,4.35,8.59,3100.0,0.0,PM2.5-1HR
956,NOR_NO0095A,2025-02-18,15.6,-7.23,73.37,0,1.97,324.55,1028.01,3578.09,3.83,7.862,3100.0,0.011,PM2.5-1HR
956,NOR_NO0114A,2025-02-18,14.19,-7.39,73.18,0,1.91,324.33,1028.09,2835.19,2.85,6.49,3100.0,0.018,PM2.5-1HR
956,NOR_NO0122A,2025-02-18,44.28,-7.02,73.19,0,2.04,323.46,1027.85,3172.81,5.37,10.018,3100.0,0.01,PM2.5-1HR
956,NOR_NO0129A,2025-02-18,39.42,-7.03,72.97,0,2.07,321.74,1027.78,5243.09,7.12,12.468,3100.0,0.013,PM2.5-1HR
956,NOR_NO0140A,2025-02-18,12.18,-7.01,73.3,0,1.99,325.26,1027.94,3929.05,4.35,8.59,3100.0,0.209,PM2.5-1HR
956,NOR_NO0143A,2025-02-18,16.93,-6.99,73.31,0,2,325.02,1027.92,19250.64,4.83,9.262,3100.0,0.013,PM2.5-1HR
956,NOR_NO0149A,2025-02-18,15.71,-7.01,73.2,0,2.02,324.21,1027.87,2020.38,5.14,9.696,3100.0,0.292,PM2.5-1HR
956,NOR_NO0150A,2025-02-18,82.13,-7.02,73.32,0,2.02,324.12,1027.89,4950.29,5.14,9.696,3100.0,0.006,PM2.5-1HR
956,NOR_NO0153A,2025-02-18,20.61,-7.33,73.09,0,1.9,324.49,1028.07,1497.53,2.85,6.49,3100.0,0.011,PM2.5-1HR
956,NOR_NO0011A,2025-02-19,12.75,-9.63,80.74,0,1.78,285.67,1030.14,11187.25,3.61,7.554,3100.0,0.041,PM2.5-1HR
956,NOR_NO0057A,2025-02-19,17.38,-9.38,81.36,0,1.8,284.24,1030.11,727.91,4.58,8.912,3100.0,0.047,PM2.5-1HR
956,NOR_NO0071A,2025-02-19,12.28,-9.2,81.33,0,1.8,284.5,1030.13,5794.7,4.36,8.604,3100.0,0.019,PM2.5-1HR
956,NOR_NO0072A,2025-02-19,13.85,-9.59,80.41,0,1.75,285.02,1030.15,4189.22,3.61,7.554,3100.0,0.082,PM2.5-1HR
956,NOR_NO0073A,2025-02-19,10.62,-9.46,81.09,0,1.79,285.61,1030.13,19813.27,4.01,8.114,3100.0,0.25,PM2.5-1HR
956,NOR_NO0083A,2025-02-19,11.67,-9.57,80.48,0,1.75,285.1,1030.15,4937.94,3.61,7.554,3100.0,0.017,PM2.5-1HR
956,NOR_NO0093A,2025-02-19,14.8,-9.49,80.59,0,1.75,285.05,1030.15,3881.7,3.61,7.554,3100.0,0.0,PM2.5-1HR
956,NOR_NO0095A,2025-02-19,14.32,-9.73,80.14,0,1.74,284.98,1030.15,3578.09,3.06,6.784,3100.0,0.011,PM2.5-1HR
956,NOR_NO0114A,2025-02-19,11.24,-9.8,79.32,0,1.68,283.65,1030.18,2835.19,2.32,5.748,3100.0,0.018,PM2.5-1HR
956,NOR_NO0122A,2025-02-19,26.89,-9.35,81.37,0,1.8,284.18,1030.11,3172.81,4.58,8.912,3100.0,0.01,PM2.5-1HR
956,NOR_NO0129A,2025-02-19,25.81,-9.21,81.72,0,1.83,281.67,1030.09,5243.09,6.28,11.292,3100.0,0.013,PM2.5-1HR
956,NOR_NO0140A,2025-02-19,8.1,-9.44,80.91,0,1.77,285.49,1030.14,3929.05,3.61,7.554,3100.0,0.209,PM2.5-1HR
956,NOR_NO0143A,2025-02-19,13.99,-9.41,81.1,0,1.79,285.51,1030.13,19250.64,4.01,8.114,3100.0,0.013,PM2.5-1HR
956,NOR_NO0149A,2025-02-19,17,-9.32,81.31,0,1.8,284.56,1030.12,2020.38,4.36,8.604,3100.0,0.292,PM2.5-1HR
956,NOR_NO0150A,2025-02-19,67.86,-9.45,81.19,0,1.8,285.14,1030.12,4950.29,4.36,8.604,3100.0,0.006,PM2.5-1HR
956,NOR_NO0153A,2025-02-19,18.39,-9.67,79.49,0,1.67,283.34,1030.18,1497.53,2.32,5.748,3100.0,0.011,PM2.5-1HR
956,NOR_NO0011A,2025-02-20,9.76,-3.34,88.59,0.02,3.1,173.6,1024.14,11187.25,5.62,10.368,3100.0,0.041,PM2.5-1HR
956,NOR_NO0057A,2025-02-20,11.53,-2.98,87.16,0.02,3.24,175.94,1024.21,727.91,5.64,10.396,3100.0,0.047,PM2.5-1HR
956,NOR_NO0071A,2025-02-20,5.49,-2.9,87.44,0.02,3.24,174.57,1024.2,5794.7,5.49,10.186,3100.0,0.019,PM2.5-1HR
956,NOR_NO0072A,2025-02-20,12.17,-3.41,88.55,0.02,3.03,172.65,1024.13,4189.22,5.62,10.368,3100.0,0.082,PM2.5-1HR
956,NOR_NO0073A,2025-02-20,10.24,-3.13,88.25,0.02,3.18,174.16,1024.17,19813.27,5.46,10.144,3100.0,0.25,PM2.5-1HR
956,NOR_NO0083A,2025-02-20,11.43,-3.38,88.54,0.02,3.05,172.78,1024.13,4937.94,5.62,10.368,3100.0,0.017,PM2.5-1HR
956,NOR_NO0093A,2025-02-20,8.19,-3.3,88.46,0.02,3.07,172.78,1024.13,3881.7,5.62,10.368,3100.0,0.0,PM2.5-1HR
956,NOR_NO0095A,2025-02-20,10.73,-3.58,88.68,0.03,2.97,172.43,1024.12,3578.09,5.42,10.088,3100.0,0.011,PM2.5-1HR
956,NOR_NO0114A,2025-02-20,12.25,-3.87,88.75,0.03,2.79,170.4,1024.07,2835.19,5.38,10.032,3100.0,0.018,PM2.5-1HR
956,NOR_NO0122A,2025-02-20,20,-2.97,87.12,0.02,3.24,175.9,1024.21,3172.81,5.64,10.396,3100.0,0.01,PM2.5-1HR
956,NOR_NO0129A,2025-02-20,12.56,-2.76,85.78,0.01,3.31,177.9,1024.27,5243.09,5.73,10.522,3100.0,0.013,PM2.5-1HR
956,NOR_NO0140A,2025-02-20,12.17,-3.17,88.43,0.02,3.15,173.41,1024.15,3929.05,5.62,10.368,3100.0,0.209,PM2.5-1HR
956,NOR_NO0143A,2025-02-20,12.75,-3.1,88.2,0.02,3.19,174.04,1024.17,19250.64,5.46,10.144,3100.0,0.013,PM2.5-1HR
956,NOR_NO0149A,2025-02-20,10.24,-2.97,87.4,0.02,3.23,175.17,1024.2,2020.38,5.49,10.186,3100.0,0.292,PM2.5-1HR
956,NOR_NO0150A,2025-02-20,21.21,-3.09,87.79,0.02,3.2,175.01,1024.19,4950.29,5.49,10.186,3100.0,0.006,PM2.5-1HR
956,NOR_NO0153A,2025-02-20,10.08,-3.75,88.61,0.03,2.82,170.43,1024.08,1497.53,5.38,10.032,3100.0,0.011,PM2.5-1HR
956,NOR_NO0011A,2025-02-21,12.8,0.92,97.95,0.33,2.67,170.94,1015.58,11187.25,5.18,9.752,3100.0,0.041,PM2.5-1HR
956,NOR_NO0057A,2025-02-21,12.95,1.13,97.7,0.32,2.87,174.05,1015.63,727.91,5.58,10.312,3100.0,0.047,PM2.5-1HR
956,NOR_NO0071A,2025-02-21,8.7,1.16,97.84,0.32,2.85,172.79,1015.63,5794.7,5.28,9.892,3100.0,0.019,PM2.5-1HR
956,NOR_NO0072A,2025-02-21,15.8,0.87,97.92,0.33,2.61,170.04,1015.57,4189.22,5.18,9.752,3100.0,0.082,PM2.5-1HR
956,NOR_NO0073A,2025-02-21,13.7,1.02,97.95,0.33,2.75,171.76,1015.6,19813.27,5.27,9.878,3100.0,0.25,PM2.5-1HR
956,NOR_NO0083A,2025-02-21,15.4,0.89,97.93,0.33,2.63,170.18,1015.57,4937.94,5.18,9.752,3100.0,0.017,PM2.5-1HR
956,NOR_NO0093A,2025-02-21,9.51,0.93,97.94,0.33,2.65,170.27,1015.57,3881.7,5.18,9.752,3100.0,0.0,PM2.5-1HR
956,NOR_NO0095A,2025-02-21,12.7,0.79,97.88,0.33,2.56,169.69,1015.56,3578.09,5.17,9.738,3100.0,0.011,PM2.5-1HR
956,NOR_NO0114A,2025-02-21,17.27,0.64,97.78,0.32,2.41,167.56,1015.52,2835.19,5.36,10.004,3100.0,0.018,PM2.5-1HR
956,NOR_NO0122A,2025-02-21,20.97,1.14,97.7,0.32,2.88,174.05,1015.63,3172.81,5.58,10.312,3100.0,0.01,PM2.5-1HR
956,NOR_NO0129A,2025-02-21,16.41,1.29,97.39,0.3,3.04,176.51,1015.67,5243.09,4.73,9.122,3100.0,0.013,PM2.5-1HR
956,NOR_NO0140A,2025-02-21,17.4,0.99,97.98,0.33,2.71,170.94,1015.59,3929.05,5.18,9.752,3100.0,0.209,PM2.5-1HR
956,NOR_NO0143A,2025-02-21,17.17,1.04,97.95,0.33,2.76,171.7,1015.6,19250.64,5.27,9.878,3100.0,0.013,PM2.5-1HR
956,NOR_NO0149A,2025-02-21,12.2,1.13,97.79,0.32,2.85,173.27,1015.62,2020.38,5.28,9.892,3100.0,0.292,PM2.5-1HR
956,NOR_NO0150A,2025-02-21,28.4,1.06,97.83,0.32,2.8,172.82,1015.61,4950.29,5.28,9.892,3100.0,0.006,PM2.5-1HR
956,NOR_NO0153A,2025-02-21,16.8,0.7,97.79,0.32,2.44,167.66,1015.52,1497.53,5.36,10.004,3100.0,0.011,PM2.5-1HR
956,NOR_NO0011A,2025-02-22,17.16,3.15,98.09,0.16,3.49,170.17,1011.98,11187.25,7.14,12.496,3100.0,0.041,PM2.5-1HR
956,NOR_NO0057A,2025-02-22,21.58,3.43,98.09,0.15,3.69,173.31,1012.06,727.91,7.12,12.468,3100.0,0.047,PM2.5-1HR
956,NOR_NO0071A,2025-02-22,10.23,3.42,98.13,0.14,3.67,172.57,1012.06,5794.7,7.02,12.328,3100.0,0.019,PM2.5-1HR
956,NOR_NO0072A,2025-02-22,21.08,3.12,98.11,0.16,3.41,169.34,1011.97,4189.22,7.14,12.496,3100.0,0.082,PM2.5-1HR
956,NOR_NO0073A,2025-02-22,17.75,3.25,98.1,0.16,3.58,171.25,1012.02,19813.27,7.05,12.37,3100.0,0.25,PM2.5-1HR
956,NOR_NO0083A,2025-02-22,20.62,3.13,98.11,0.16,3.43,169.52,1011.97,4937.94,7.14,12.496,3100.0,0.017,PM2.5-1HR
956,NOR_NO0093A,2025-02-22,10.57,3.16,98.12,0.16,3.45,169.78,1011.98,3881.7,7.14,12.496,3100.0,0.0,PM2.5-1HR
956,NOR_NO0095A,2025-02-22,14.99,3.05,98.1,0.17,3.34,168.69,1011.94,3578.09,6.79,12.006,3100.0,0.011,PM2.5-1HR
956,NOR_NO0114A,2025-02-22,22.84,2.92,98.13,0.18,3.15,166.35,1011.88,2835.19,6.16,11.124,3100.0,0.018,PM2.5-1HR
956,NOR_NO0122A,2025-02-22,24.61,3.44,98.09,0.14,3.69,173.35,1012.06,3172.81,7.12,12.468,3100.0,0.01,PM2.5-1HR
956,NOR_NO0129A,2025-02-22,22.32,3.66,98.08,0.13,3.84,175.72,1012.11,5243.09,8.12,13.868,3100.0,0.013,PM2.5-1HR
956,NOR_NO0140A,2025-02-22,22.25,3.22,98.12,0.16,3.53,170.55,1012.01,3929.05,7.14,12.496,3100.0,0.209,PM2.5-1HR
956,NOR_NO0143A,2025-02-22,22.3,3.27,98.11,0.15,3.59,171.29,1012.03,19250.64,7.05,12.37,3100.0,0.013,PM2.5-1HR
956,NOR_NO0149A,2025-02-22,16.36,3.4,98.1,0.15,3.67,172.76,1012.06,2020.38,7.02,12.328,3100.0,0.292,PM2.5-1HR
956,NOR_NO0150A,2025-02-22,28.77,3.32,98.09,0.15,3.62,172.15,1012.03,4950.29,7.02,12.328,3100.0,0.006,PM2.5-1HR
956,NOR_NO0153A,2025-02-22,18.8,2.97,98.15,0.17,3.18,166.74,1011.9,1497.53,6.16,11.124,3100.0,0.011,PM2.5-1HR
956,NOR_NO0011A,2025-02-23,9.34,2.14,98.3,0,2.06,195.42,1016.95,11187.25,2.94,6.616,3100.0,0.041,PM2.5-1HR
956,NOR_NO0057A,2025-02-23,9.68,2.33,98.36,0,2.29,196.83,1016.99,727.91,3.15,6.91,3100.0,0.047,PM2.5-1HR
956,NOR_NO0071A,2025-02-23,5.52,2.37,98.37,0,2.27,194.68,1017,5794.7,3.06,6.784,3100.0,0.019,PM2.5-1HR
956,NOR_NO0072A,2025-02-23,11.24,2.14,98.2,0,2.03,194.29,1016.95,4189.22,2.94,6.616,3100.0,0.082,PM2.5-1HR
956,NOR_NO0073A,2025-02-23,9.82,2.24,98.36,0,2.14,195.19,1016.97,19813.27,3.01,6.714,3100.0,0.25,PM2.5-1HR
956,NOR_NO0083A,2025-02-23,11.3,2.15,98.21,0,2.04,194.31,1016.95,4937.94,2.94,6.616,3100.0,0.017,PM2.5-1HR
956,NOR_NO0093A,2025-02-23,6.48,2.19,98.23,0,2.06,193.89,1016.96,3881.7,2.94,6.616,3100.0,0.0,PM2.5-1HR
956,NOR_NO0095A,2025-02-23,8.12,2.06,98.15,0,1.98,194.89,1016.93,3578.09,2.73,6.322,3100.0,0.011,PM2.5-1HR
956,NOR_NO0114A,2025-02-23,11.94,1.98,97.9,0,1.88,193.41,1016.9,2835.19,2.69,6.266,3100.0,0.018,PM2.5-1HR
956,NOR_NO0122A,2025-02-23,11.67,2.34,98.36,0,2.3,196.69,1016.99,3172.81,3.15,6.91,3100.0,0.01,PM2.5-1HR
956,NOR_NO0143A,2025-02-23,10.68,2.26,98.36,0,2.15,194.82,1016.98,19250.64,3.01,6.714,3100.0,0.013,PM2.5-1HR
956,NOR_NO0149A,2025-02-23,8.79,2.33,98.37,0,2.27,195.76,1016.99,2020.38,3.06,6.784,3100.0,0.292,PM2.5-1HR
956,NOR_NO0150A,2025-02-23,13.31,2.26,98.36,0,2.2,196.1,1016.98,4950.29,3.06,6.784,3100.0,0.006,PM2.5-1HR
956,NOR_NO0153A,2025-02-23,12.1,2.04,97.89,0,1.91,192.57,1016.91,1497.53,2.69,6.266,3100.0,0.011,PM2.5-1HR
956,NOR_NO0129A,2025-02-23,10.35,2.46,98.37,0,2.5,198.32,1017.02,5243.09,3.28,7.092,3100.0,0.013,PM2.5-1HR
956,NOR_NO0140A,2025-02-23,11.41,2.23,98.32,0,2.11,194.27,1016.97,3929.05,2.94,6.616,3100.0,0.209,PM2.5-1HR
956,NOR_NO0011A,2025-02-24,4.53,3.89,97.07,0.37,4.79,169.45,1009.17,11187.25,2.13,5.482,3100.0,0.041,PM2.5-1HR
956,NOR_NO0057A,2025-02-24,6.09,4.05,97.02,0.37,5.01,172.19,1009.33,727.91,2.02,5.328,3100.0,0.047,PM2.5-1HR
956,NOR_NO0071A,2025-02-24,3.17,4.09,97.04,0.37,5,171.63,1009.33,5794.7,1.95,5.23,3100.0,0.019,PM2.5-1HR
956,NOR_NO0072A,2025-02-24,5.91,3.9,97.09,0.36,4.71,168.9,1009.14,4189.22,2.13,5.482,3100.0,0.082,PM2.5-1HR
956,NOR_NO0073A,2025-02-24,5.46,3.97,97.05,0.37,4.89,170.35,1009.23,19813.27,1.97,5.258,3100.0,0.25,PM2.5-1HR
956,NOR_NO0083A,2025-02-24,5.53,3.91,97.09,0.36,4.73,169.03,1009.15,4937.94,2.13,5.482,3100.0,0.017,PM2.5-1HR
956,NOR_NO0093A,2025-02-24,3.92,3.95,97.08,0.36,4.76,169.26,1009.17,3881.7,2.13,5.482,3100.0,0.0,PM2.5-1HR
956,NOR_NO0095A,2025-02-24,5.07,3.85,97.09,0.36,4.63,168.37,1009.09,3578.09,2,5.3,3100.0,0.011,PM2.5-1HR
956,NOR_NO0114A,2025-02-24,6.74,3.81,97.13,0.35,4.42,166.75,1008.99,2835.19,2.09,5.426,3100.0,0.018,PM2.5-1HR
956,NOR_NO0122A,2025-02-24,6.95,4.06,97.02,0.37,5.01,172.24,1009.33,3172.81,2.02,5.328,3100.0,0.01,PM2.5-1HR
956,NOR_NO0129A,2025-02-24,4.1,4.17,96.97,0.38,5.16,174.39,1009.45,5243.09,2.29,5.706,3100.0,0.013,PM2.5-1HR
956,NOR_NO0140A,2025-02-24,5.63,3.97,97.07,0.37,4.85,169.81,1009.21,3929.05,2.13,5.482,3100.0,0.209,PM2.5-1HR
956,NOR_NO0143A,2025-02-24,5.41,3.99,97.05,0.37,4.9,170.41,1009.24,19250.64,1.97,5.258,3100.0,0.013,PM2.5-1HR
956,NOR_NO0149A,2025-02-24,3.96,4.06,97.03,0.37,4.99,171.74,1009.32,2020.38,1.95,5.23,3100.0,0.292,PM2.5-1HR
956,NOR_NO0150A,2025-02-24,7.94,3.99,97.04,0.37,4.94,171.14,1009.27,4950.29,1.95,5.23,3100.0,0.006,PM2.5-1HR
956,NOR_NO0153A,2025-02-24,5.98,3.87,97.13,0.35,4.46,167.1,1009.02,1497.53,2.09,5.426,3100.0,0.011,PM2.5-1HR
956,NOR_NO0011A,2025-02-25,3.35,2.82,97.28,0.06,2.67,187.53,1006.8,11187.25,1.75,4.95,3100.0,0.041,PM2.5-1HR
956,NOR_NO0057A,2025-02-25,4.96,3.04,97.21,0.07,2.88,190.3,1006.84,727.91,1.7,4.88,3100.0,0.047,PM2.5-1HR
956,NOR_NO0071A,2025-02-25,3.99,3.08,97.23,0.07,2.85,189.29,1006.86,5794.7,1.61,4.754,3100.0,0.019,PM2.5-1HR
956,NOR_NO0072A,2025-02-25,3.46,2.82,97.21,0.06,2.61,186.91,1006.8,4189.22,1.75,4.95,3100.0,0.082,PM2.5-1HR
956,NOR_NO0073A,2025-02-25,4,2.92,97.28,0.06,2.75,188.23,1006.82,19813.27,1.59,4.726,3100.0,0.25,PM2.5-1HR
956,NOR_NO0083A,2025-02-25,4.08,2.83,97.22,0.06,2.63,187.01,1006.8,4937.94,1.75,4.95,3100.0,0.017,PM2.5-1HR
956,NOR_NO0093A,2025-02-25,3.79,2.87,97.22,0.06,2.65,187.1,1006.81,3881.7,1.75,4.95,3100.0,0.0,PM2.5-1HR
956,NOR_NO0095A,2025-02-25,3.07,2.74,97.19,0.06,2.56,186.63,1006.78,3578.09,1.75,4.95,3100.0,0.011,PM2.5-1HR
956,NOR_NO0114A,2025-02-25,5.2,2.66,97.05,0.06,2.41,185.13,1006.76,2835.19,1.95,5.23,3100.0,0.018,PM2.5-1HR
956,NOR_NO0122A,2025-02-25,5.6,3.05,97.21,0.07,2.89,190.31,1006.84,3172.81,1.7,4.88,3100.0,0.01,PM2.5-1HR
956,NOR_NO0129A,2025-02-25,3.99,3.2,97.11,0.07,3.05,192.58,1006.86,5243.09,1.73,4.922,3100.0,0.013,PM2.5-1HR
956,NOR_NO0140A,2025-02-25,3.7,2.91,97.27,0.06,2.71,187.58,1006.82,3929.05,1.75,4.95,3100.0,0.209,PM2.5-1HR
956,NOR_NO0143A,2025-02-25,3.63,2.95,97.28,0.06,2.76,188.2,1006.83,19250.64,1.59,4.726,3100.0,0.013,PM2.5-1HR
956,NOR_NO0149A,2025-02-25,2.51,3.04,97.23,0.06,2.85,189.64,1006.84,2020.38,1.61,4.754,3100.0,0.292,PM2.5-1HR
956,NOR_NO0150A,2025-02-25,5.1,2.96,97.25,0.06,2.81,189.17,1006.83,4950.29,1.61,4.754,3100.0,0.006,PM2.5-1HR
956,NOR_NO0153A,2025-02-25,6.3,2.73,97.03,0.06,2.43,185.25,1006.77,1497.53,1.95,5.23,3100.0,0.011,PM2.5-1HR
956,NOR_NO0011A,2025-02-26,3.39,2.09,94.7,0,2.46,195.65,1010.49,11187.25,2.42,5.888,3100.0,0.041,PM2.5-1HR
956,NOR_NO0057A,2025-02-26,5.84,2.3,94.55,0,2.67,198.33,1010.53,727.91,2.55,6.07,3100.0,0.047,PM2.5-1HR
956,NOR_NO0071A,2025-02-26,5.45,2.35,94.63,0,2.65,197.05,1010.54,5794.7,2.39,5.846,3100.0,0.019,PM2.5-1HR
956,NOR_NO0072A,2025-02-26,4.26,2.07,94.66,0,2.41,194.74,1010.49,4189.22,2.42,5.888,3100.0,0.082,PM2.5-1HR
956,NOR_NO0073A,2025-02-26,4.95,2.2,94.7,0,2.54,196.27,1010.51,19813.27,2.33,5.762,3100.0,0.25,PM2.5-1HR
956,NOR_NO0083A,2025-02-26,4.64,2.09,94.67,0,2.43,194.86,1010.49,4937.94,2.42,5.888,3100.0,0.017,PM2.5-1HR
956,NOR_NO0093A,2025-02-26,5.2,2.13,94.68,0,2.45,194.87,1010.5,3881.7,2.42,5.888,3100.0,0.0,PM2.5-1HR
956,NOR_NO0095A,2025-02-26,4.1,1.99,94.64,0,2.36,194.57,1010.48,3578.09,2.44,5.916,3100.0,0.011,PM2.5-1HR
956,NOR_NO0114A,2025-02-26,6.01,1.88,94.55,0,2.23,192.59,1010.45,2835.19,2.27,5.678,3100.0,0.018,PM2.5-1HR
956,NOR_NO0122A,2025-02-26,7.82,2.31,94.55,0,2.68,198.31,1010.53,3172.81,2.55,6.07,3100.0,0.01,PM2.5-1HR
956,NOR_NO0129A,2025-02-26,5.58,2.46,94.37,0,2.85,200.52,1010.55,5243.09,2.75,6.35,3100.0,0.013,PM2.5-1HR
956,NOR_NO0140A,2025-02-26,5.08,2.19,94.72,0,2.5,195.47,1010.5,3929.05,2.42,5.888,3100.0,0.209,PM2.5-1HR
956,NOR_NO0143A,2025-02-26,4.79,2.22,94.7,0,2.55,196.17,1010.51,19250.64,2.33,5.762,3100.0,0.013,PM2.5-1HR
956,NOR_NO0149A,2025-02-26,3.66,2.31,94.6,0,2.65,197.57,1010.53,2020.38,2.39,5.846,3100.0,0.292,PM2.5-1HR
956,NOR_NO0153A,2025-02-26,4.57,1.95,94.55,0,2.26,192.51,1010.46,1497.53,2.27,5.678,3100.0,0.011,PM2.5-1HR
956,NOR_NO0150A,2025-02-26,9.03,2.24,94.63,0,2.59,197.25,1010.51,4950.29,2.39,5.846,3100.0,0.006,PM2.5-1HR
956,NOR_NO0011A,2025-02-27,4.25,1.25,93.29,0,1.48,202.88,1015.91,11187.25,2.36,5.804,3100.0,0.041,PM2.5-1HR
956,NOR_NO0057A,2025-02-27,5.39,1.32,93,0,1.54,208.42,1015.92,727.91,2.61,6.154,3100.0,0.047,PM2.5-1HR
956,NOR_NO0071A,2025-02-27,5.11,1.34,93.16,0,1.5,205.6,1015.93,5794.7,2.48,5.972,3100.0,0.019,PM2.5-1HR
956,NOR_NO0072A,2025-02-27,4.89,1.25,93.36,0,1.44,201.39,1015.91,4189.22,2.36,5.804,3100.0,0.082,PM2.5-1HR
956,NOR_NO0073A,2025-02-27,4.23,1.29,93.24,0,1.5,203.89,1015.92,19813.27,2.39,5.846,3100.0,0.25,PM2.5-1HR
956,NOR_NO0083A,2025-02-27,5.87,1.26,93.35,0,1.45,201.55,1015.91,4937.94,2.36,5.804,3100.0,0.017,PM2.5-1HR
956,NOR_NO0093A,2025-02-27,4.53,1.27,93.36,0,1.45,201.43,1015.91,3881.7,2.36,5.804,3100.0,0.0,PM2.5-1HR
956,NOR_NO0095A,2025-02-27,5.46,1.22,93.37,0,1.44,201.35,1015.9,3578.09,2.29,5.706,3100.0,0.011,PM2.5-1HR
956,NOR_NO0114A,2025-02-27,6.49,1.19,93.5,0,1.38,198.48,1015.89,2835.19,2.12,5.468,3100.0,0.018,PM2.5-1HR
956,NOR_NO0122A,2025-02-27,9.1,1.32,93.01,0,1.54,208.38,1015.92,3172.81,2.61,6.154,3100.0,0.01,PM2.5-1HR
956,NOR_NO0129A,2025-02-27,7.41,1.36,92.73,0,1.61,212.06,1015.92,5243.09,3.01,6.714,3100.0,0.013,PM2.5-1HR
956,NOR_NO0140A,2025-02-27,4.36,1.29,93.31,0,1.47,202.35,1015.92,3929.05,2.36,5.804,3100.0,0.209,PM2.5-1HR
956,NOR_NO0143A,2025-02-27,3.87,1.3,93.25,0,1.49,203.66,1015.92,19250.64,2.39,5.846,3100.0,0.013,PM2.5-1HR
956,NOR_NO0149A,2025-02-27,3.9,1.33,93.1,0,1.52,206.79,1015.92,2020.38,2.48,5.972,3100.0,0.292,PM2.5-1HR
956,NOR_NO0150A,2025-02-27,11.48,1.3,93.13,0,1.51,206.06,1015.92,4950.29,2.48,5.972,3100.0,0.006,PM2.5-1HR
956,NOR_NO0153A,2025-02-27,7.23,1.21,93.51,0,1.37,198.02,1015.89,1497.53,2.12,5.468,3100.0,0.011,PM2.5-1HR
956,NOR_NO0011A,2025-02-28,6.05,-1.32,92.09,0,1.34,284.85,1023.77,11187.25,4.73,9.122,3100.0,0.041,PM2.5-1HR
956,NOR_NO0057A,2025-02-28,7.33,-1.1,92.86,0,1.31,279.77,1023.78,727.91,4.93,9.402,3100.0,0.047,PM2.5-1HR
956,NOR_NO0071A,2025-02-28,6.71,-1.06,93.11,0,1.25,281.18,1023.8,5794.7,4.73,9.122,3100.0,0.019,PM2.5-1HR
956,NOR_NO0072A,2025-02-28,7.33,-1.29,91.86,0,1.3,284.83,1023.77,4189.22,4.73,9.122,3100.0,0.082,PM2.5-1HR
956,NOR_NO0073A,2025-02-28,7.65,-1.24,92.58,0,1.31,283.84,1023.78,19813.27,4.73,9.122,3100.0,0.25,PM2.5-1HR
956,NOR_NO0083A,2025-02-28,10.29,-1.28,91.94,0,1.3,284.8,1023.77,4937.94,4.73,9.122,3100.0,0.017,PM2.5-1HR
956,NOR_NO0093A,2025-02-28,5.33,-1.25,92.14,0,1.28,284.64,1023.78,3881.7,4.73,9.122,3100.0,0.0,PM2.5-1HR
956,NOR_NO0095A,2025-02-28,7.47,-1.34,91.47,0,1.32,285.15,1023.76,3578.09,4.6,8.94,3100.0,0.011,PM2.5-1HR
956,NOR_NO0122A,2025-02-28,13.57,-1.09,92.91,0,1.3,279.67,1023.78,3172.81,4.93,9.402,3100.0,0.01,PM2.5-1HR
956,NOR_NO0140A,2025-02-28,8.95,-1.24,92.47,0,1.3,284.55,1023.78,3929.05,4.73,9.122,3100.0,0.209,PM2.5-1HR
956,NOR_NO0143A,2025-02-28,8.59,-1.21,92.66,0,1.3,283.76,1023.78,19250.64,4.73,9.122,3100.0,0.013,PM2.5-1HR
956,NOR_NO0149A,2025-02-28,7.96,-1.1,92.93,0,1.28,280.84,1023.79,2020.38,4.73,9.122,3100.0,0.292,PM2.5-1HR
956,NOR_NO0150A,2025-02-28,23.73,-1.19,92.66,0,1.31,282.13,1023.78,4950.29,4.73,9.122,3100.0,0.006,PM2.5-1HR
956,NOR_NO0011A,2025-03-01,9.24,-1.51,90.22,0,1.54,243.63,1023.95,11187.25,4.73,9.122,3100.0,0.041,PM2.5-1HR
956,NOR_NO0057A,2025-03-01,12.18,-1.29,90.91,0,1.64,239.73,1023.96,727.91,4.82,9.248,3100.0,0.047,PM2.5-1HR
956,NOR_NO0071A,2025-03-01,7.89,-1.23,91.25,0,1.56,238.1,1023.98,5794.7,4.71,9.094,3100.0,0.019,PM2.5-1HR
956,NOR_NO0072A,2025-03-01,11.26,-1.48,90.27,0,1.51,242.39,1023.96,4189.22,4.73,9.122,3100.0,0.082,PM2.5-1HR
956,NOR_NO0073A,2025-03-01,10.27,-1.41,90.62,0,1.55,242.12,1023.96,19813.27,4.56,8.884,3100.0,0.25,PM2.5-1HR
956,NOR_NO0083A,2025-03-01,11.77,-1.47,90.31,0,1.51,242.36,1023.96,4937.94,4.73,9.122,3100.0,0.017,PM2.5-1HR
956,NOR_NO0093A,2025-03-01,7.91,-1.43,90.5,0,1.5,241.64,1023.97,3881.7,4.73,9.122,3100.0,0.0,PM2.5-1HR
956,NOR_NO0095A,2025-03-01,10.53,-1.55,89.94,0,1.52,243.4,1023.95,3578.09,4.67,9.038,3100.0,0.011,PM2.5-1HR
956,NOR_NO0114A,2025-03-01,10.72,-1.57,89.69,0,1.47,242.22,1023.96,2835.19,4.91,9.374,3100.0,0.018,PM2.5-1HR
956,NOR_NO0122A,2025-03-01,11.97,-1.28,90.97,0,1.63,239.41,1023.96,3172.81,4.82,9.248,3100.0,0.01,PM2.5-1HR
956,NOR_NO0129A,2025-03-01,13.3,-1.11,91.41,0,1.75,236.23,1023.96,5243.09,5.2,9.78,3100.0,0.013,PM2.5-1HR
956,NOR_NO0140A,2025-03-01,11.07,-1.41,90.63,0,1.52,241.84,1023.97,3929.05,4.73,9.122,3100.0,0.209,PM2.5-1HR
956,NOR_NO0143A,2025-03-01,11.11,-1.38,90.73,0,1.54,241.52,1023.97,19250.64,4.56,8.884,3100.0,0.013,PM2.5-1HR
956,NOR_NO0149A,2025-03-01,8.57,-1.28,91.01,0,1.6,239.36,1023.97,2020.38,4.71,9.094,3100.0,0.292,PM2.5-1HR
956,NOR_NO0150A,2025-03-01,19.72,-1.37,90.69,0,1.59,241.34,1023.96,4950.29,4.71,9.094,3100.0,0.006,PM2.5-1HR
956,NOR_NO0153A,2025-03-01,13.26,-1.49,89.99,0,1.45,241.02,1023.97,1497.53,4.91,9.374,3100.0,0.011,PM2.5-1HR
956,NOR_NO0011A,2025-03-02,7.58,4.36,69.7,0,3.5,230.41,1016.94,11187.25,2.34,5.776,3100.0,0.041,PM2.5-1HR
956,NOR_NO0057A,2025-03-02,9.29,4.63,68.7,0,3.76,231.81,1016.92,727.91,2.48,5.972,3100.0,0.047,PM2.5-1HR
956,NOR_NO0071A,2025-03-02,4.78,4.61,69.06,0,3.64,231.48,1017,5794.7,2.39,5.846,3100.0,0.019,PM2.5-1HR
956,NOR_NO0072A,2025-03-02,7.7,4.32,69.92,0,3.41,229.9,1016.98,4189.22,2.34,5.776,3100.0,0.082,PM2.5-1HR
956,NOR_NO0073A,2025-03-02,7.71,4.47,69.44,0,3.56,230.91,1016.95,19813.27,2.34,5.776,3100.0,0.25,PM2.5-1HR
956,NOR_NO0083A,2025-03-02,9.09,4.33,69.88,0,3.42,230,1016.98,4937.94,2.34,5.776,3100.0,0.017,PM2.5-1HR
956,NOR_NO0093A,2025-03-02,5.31,4.37,69.84,0,3.43,230.1,1017,3881.7,2.34,5.776,3100.0,0.0,PM2.5-1HR
956,NOR_NO0095A,2025-03-02,8.05,4.25,70.02,0,3.39,229.6,1016.96,3578.09,2.16,5.524,3100.0,0.011,PM2.5-1HR
956,NOR_NO0114A,2025-03-02,8.24,4.11,70.51,0,3.22,228.33,1017.01,2835.19,1.8,5.02,3100.0,0.018,PM2.5-1HR
956,NOR_NO0122A,2025-03-02,11.96,4.64,68.69,0,3.76,231.83,1016.92,3172.81,2.48,5.972,3100.0,0.01,PM2.5-1HR
956,NOR_NO0129A,2025-03-02,7.59,4.85,67.79,0,4,232.83,1016.89,5243.09,3.3,7.12,3100.0,0.013,PM2.5-1HR
956,NOR_NO0140A,2025-03-02,6.53,4.43,69.66,0,3.49,230.53,1016.98,3929.05,2.34,5.776,3100.0,0.209,PM2.5-1HR
956,NOR_NO0143A,2025-03-02,7.32,4.48,69.45,0,3.55,230.91,1016.97,19250.64,2.34,5.776,3100.0,0.013,PM2.5-1HR
956,NOR_NO0149A,2025-03-02,5.5,4.6,68.94,0,3.69,231.58,1016.96,2020.38,2.39,5.846,3100.0,0.292,PM2.5-1HR
956,NOR_NO0150A,2025-03-02,21.09,4.53,69.11,0,3.65,231.32,1016.93,4950.29,2.39,5.846,3100.0,0.006,PM2.5-1HR
956,NOR_NO0153A,2025-03-02,9.82,4.15,70.48,0,3.21,228.48,1017.05,1497.53,1.8,5.02,3100.0,0.011,PM2.5-1HR
956,NOR_NO0011A,2025-03-03,3.04,5.38,65.84,0,3.36,223.56,1008.31,11187.25,1.49,4.586,3100.0,0.041,PM2.5-1HR
956,NOR_NO0057A,2025-03-03,7.39,5.56,65.39,0,3.63,222.82,1008.33,727.91,1.56,4.684,3100.0,0.047,PM2.5-1HR
956,NOR_NO0071A,2025-03-03,5.18,5.62,65.43,0,3.55,221.29,1008.42,5794.7,1.48,4.572,3100.0,0.019,PM2.5-1HR
956,NOR_NO0072A,2025-03-03,4.08,5.41,65.75,0,3.32,223.4,1008.35,4189.22,1.49,4.586,3100.0,0.082,PM2.5-1HR
956,NOR_NO0073A,2025-03-03,3.55,5.47,65.72,0,3.43,222.52,1008.34,19813.27,1.5,4.6,3100.0,0.25,PM2.5-1HR
956,NOR_NO0083A,2025-03-03,9.39,5.42,65.75,0,3.33,223.26,1008.36,4937.94,1.49,4.586,3100.0,0.017,PM2.5-1HR
956,NOR_NO0093A,2025-03-03,5.49,5.46,65.71,0,3.33,222.66,1008.38,3881.7,1.49,4.586,3100.0,0.0,PM2.5-1HR
956,NOR_NO0095A,2025-03-03,6.32,5.35,65.82,0,3.3,224.46,1008.32,3578.09,1.37,4.418,3100.0,0.011,PM2.5-1HR
956,NOR_NO0114A,2025-03-03,3.82,5.34,65.72,0,3.2,225.29,1008.36,2835.19,1.13,4.082,3100.0,0.018,PM2.5-1HR
956,NOR_NO0122A,2025-03-03,14.72,5.57,65.38,0,3.64,222.68,1008.34,3172.81,1.56,4.684,3100.0,0.01,PM2.5-1HR
956,NOR_NO0129A,2025-03-03,6.63,5.69,64.94,0,3.89,222.81,1008.33,5243.09,1.97,5.258,3100.0,0.013,PM2.5-1HR
956,NOR_NO0140A,2025-03-03,3.58,5.47,65.73,0,3.37,222.23,1008.37,3929.05,1.49,4.586,3100.0,0.209,PM2.5-1HR
956,NOR_NO0143A,2025-03-03,4.04,5.49,65.69,0,3.43,222.17,1008.36,19250.64,1.5,4.6,3100.0,0.013,PM2.5-1HR
956,NOR_NO0149A,2025-03-03,3.84,5.57,65.45,0,3.57,222.18,1008.37,2020.38,1.48,4.572,3100.0,0.292,PM2.5-1HR
956,NOR_NO0150A,2025-03-03,31.17,5.49,65.59,0,3.52,222.82,1008.33,4950.29,1.48,4.572,3100.0,0.006,PM2.5-1HR
956,NOR_NO0153A,2025-03-03,6.93,5.41,65.62,0,3.19,224.36,1008.41,1497.53,1.13,4.082,3100.0,0.011,PM2.5-1HR
956,NOR_NO0011A,2025-03-04,4.06,5.77,71.52,0.03,4.56,204.7,1003.85,11187.25,1.23,4.222,3100.0,0.041,PM2.5-1HR
956,NOR_NO0057A,2025-03-04,6.54,6.04,70.77,0.03,4.86,207.42,1003.89,727.91,1.34,4.376,3100.0,0.047,PM2.5-1HR
956,NOR_NO0071A,2025-03-04,4.96,6.14,70.66,0.03,4.84,206.44,1003.99,5794.7,1.27,4.278,3100.0,0.019,PM2.5-1HR
956,NOR_NO0072A,2025-03-04,4.47,5.79,71.48,0.03,4.5,204.16,1003.88,4189.22,1.23,4.222,3100.0,0.082,PM2.5-1HR
956,NOR_NO0073A,2025-03-04,3.38,5.91,71.19,0.03,4.67,205.3,1003.9,19813.27,1.26,4.264,3100.0,0.25,PM2.5-1HR
956,NOR_NO0083A,2025-03-04,6.68,5.81,71.45,0.03,4.52,204.24,1003.89,4937.94,1.23,4.222,3100.0,0.017,PM2.5-1HR
956,NOR_NO0093A,2025-03-04,5.48,5.87,71.32,0.03,4.55,204.27,1003.92,3881.7,1.23,4.222,3100.0,0.0,PM2.5-1HR
956,NOR_NO0095A,2025-03-04,7.5,5.68,71.72,0.03,4.43,204.01,1003.83,3578.09,1.13,4.082,3100.0,0.011,PM2.5-1HR
956,NOR_NO0114A,2025-03-04,3.41,5.61,71.9,0.04,4.26,202.84,1003.85,2835.19,1.1,4.04,3100.0,0.018,PM2.5-1HR
956,NOR_NO0122A,2025-03-04,15.68,6.06,70.73,0.03,4.87,207.45,1003.9,3172.81,1.34,4.376,3100.0,0.01,PM2.5-1HR
956,NOR_NO0129A,2025-03-04,6.87,6.25,70.16,0.02,5.13,209.78,1003.91,5243.09,1.58,4.712,3100.0,0.013,PM2.5-1HR
956,NOR_NO0140A,2025-03-04,3.83,5.91,71.23,0.03,4.62,204.65,1003.92,3929.05,1.23,4.222,3100.0,0.209,PM2.5-1HR
956,NOR_NO0143A,2025-03-04,4.28,5.94,71.12,0.03,4.68,205.26,1003.92,19250.64,1.26,4.264,3100.0,0.013,PM2.5-1HR
956,NOR_NO0149A,2025-03-04,3.26,6.06,70.78,0.03,4.83,206.78,1003.93,2020.38,1.27,4.278,3100.0,0.292,PM2.5-1HR
956,NOR_NO0150A,2025-03-04,19.55,5.95,71.04,0.03,4.75,206.27,1003.89,4950.29,1.27,4.278,3100.0,0.006,PM2.5-1HR
956,NOR_NO0153A,2025-03-04,8.89,5.72,71.67,0.04,4.31,202.83,1003.9,1497.53,1.1,4.04,3100.0,0.011,PM2.5-1HR
956,NOR_NO0011A,2025-03-05,5.73,7.5,77.19,0.03,4.64,200.01,996.71,11187.25,2.88,6.532,3100.0,0.041,PM2.5-1HR
956,NOR_NO0057A,2025-03-05,5.84,7.81,76.91,0.03,4.98,202.99,996.76,727.91,3.26,7.064,3100.0,0.047,PM2.5-1HR
956,NOR_NO0071A,2025-03-05,6.49,7.9,76.89,0.03,4.93,201.87,996.85,5794.7,3.09,6.826,3100.0,0.019,PM2.5-1HR
956,NOR_NO0072A,2025-03-05,5.52,7.5,77.27,0.04,4.57,199.15,996.73,4189.22,2.88,6.532,3100.0,0.082,PM2.5-1HR
956,NOR_NO0073A,2025-03-05,4.64,7.66,77.03,0.03,4.76,200.79,996.76,19813.27,2.99,6.686,3100.0,0.25,PM2.5-1HR
956,NOR_NO0083A,2025-03-05,5.53,7.52,77.24,0.04,4.58,199.28,996.74,4937.94,2.88,6.532,3100.0,0.017,PM2.5-1HR
956,NOR_NO0093A,2025-03-05,9.37,7.59,77.17,0.04,4.62,199.36,996.76,3881.7,2.88,6.532,3100.0,0.0,PM2.5-1HR
956,NOR_NO0095A,2025-03-05,5.76,7.38,77.41,0.04,4.5,198.84,996.68,3578.09,2.75,6.35,3100.0,0.011,PM2.5-1HR
956,NOR_NO0114A,2025-03-05,4.11,7.26,77.67,0.05,4.29,196.88,996.68,2835.19,2.44,5.916,3100.0,0.018,PM2.5-1HR
956,NOR_NO0122A,2025-03-05,12.03,7.83,76.9,0.03,4.99,203,996.77,3172.81,3.26,7.064,3100.0,0.01,PM2.5-1HR
956,NOR_NO0129A,2025-03-05,7.1,8.04,76.74,0.03,5.28,205.38,996.79,5243.09,3.94,8.016,3100.0,0.013,PM2.5-1HR
956,NOR_NO0140A,2025-03-05,5.11,7.65,77.07,0.03,4.7,199.99,996.77,3929.05,2.88,6.532,3100.0,0.209,PM2.5-1HR
956,NOR_NO0143A,2025-03-05,6.48,7.7,77,0.03,4.77,200.72,996.77,19250.64,2.99,6.686,3100.0,0.013,PM2.5-1HR
956,NOR_NO0149A,2025-03-05,4.24,7.83,76.91,0.03,4.94,202.28,996.8,2020.38,3.09,6.826,3100.0,0.292,PM2.5-1HR
956,NOR_NO0150A,2025-03-05,14.02,7.71,76.99,0.03,4.85,201.8,996.75,4950.29,3.09,6.826,3100.0,0.006,PM2.5-1HR
956,NOR_NO0153A,2025-03-05,7.51,7.37,77.54,0.05,4.33,196.95,996.74,1497.53,2.44,5.916,3100.0,0.011,PM2.5-1HR
956,NOR_NO0011A,2025-03-06,4.87,9.16,71.79,0,3.83,210.79,1002.32,11187.25,1.53,4.642,3100.0,0.041,PM2.5-1HR
956,NOR_NO0057A,2025-03-06,6.81,9.45,71.55,0,4.12,212.15,1002.35,727.91,1.73,4.922,3100.0,0.047,PM2.5-1HR
956,NOR_NO0071A,2025-03-06,7.81,9.51,71.54,0,4.05,210.73,1002.43,5794.7,1.61,4.754,3100.0,0.019,PM2.5-1HR
956,NOR_NO0072A,2025-03-06,6.1,9.11,71.89,0,3.76,210.16,1002.35,4189.22,1.53,4.642,3100.0,0.082,PM2.5-1HR
956,NOR_NO0073A,2025-03-06,5.62,9.32,71.62,0,3.91,210.77,1002.35,19813.27,1.58,4.712,3100.0,0.25,PM2.5-1HR
956,NOR_NO0083A,2025-03-06,7.72,9.14,71.86,0,3.77,210.18,1002.35,4937.94,1.53,4.642,3100.0,0.017,PM2.5-1HR
956,NOR_NO0093A,2025-03-06,7.29,9.2,71.79,0,3.79,209.95,1002.37,3881.7,1.53,4.642,3100.0,0.0,PM2.5-1HR
956,NOR_NO0095A,2025-03-06,8,8.99,72.05,0,3.72,210.47,1002.31,3578.09,1.57,4.698,3100.0,0.011,PM2.5-1HR
956,NOR_NO0114A,2025-03-06,7.59,8.79,72.36,0,3.56,209.64,1002.33,2835.19,1.26,4.264,3100.0,0.018,PM2.5-1HR
956,NOR_NO0122A,2025-03-06,14.27,9.46,71.55,0,4.13,212.08,1002.35,3172.81,1.73,4.922,3100.0,0.01,PM2.5-1HR
956,NOR_NO0129A,2025-03-06,9.95,9.64,71.43,0,4.39,213.48,1002.36,5243.09,1.94,5.216,3100.0,0.013,PM2.5-1HR
956,NOR_NO0140A,2025-03-06,5.45,9.29,71.67,0,3.85,210.15,1002.37,3929.05,1.53,4.642,3100.0,0.209,PM2.5-1HR
956,NOR_NO0143A,2025-03-06,6.28,9.35,71.61,0,3.92,210.56,1002.37,19250.64,1.58,4.712,3100.0,0.013,PM2.5-1HR
956,NOR_NO0149A,2025-03-06,4.3,9.46,71.56,0,4.07,211.42,1002.38,2020.38,1.61,4.754,3100.0,0.292,PM2.5-1HR
956,NOR_NO0150A,2025-03-06,26.35,9.36,71.6,0,4,211.49,1002.34,4950.29,1.61,4.754,3100.0,0.006,PM2.5-1HR
956,NOR_NO0153A,2025-03-06,10.38,8.88,72.22,0,3.57,209.22,1002.38,1497.53,1.26,4.264,3100.0,0.011,PM2.5-1HR
956,NOR_NO0011A,2025-03-07,25.2,4.73,91.66,0,3,193.53,1010.94,11187.25,4.91,9.374,3100.0,0.041,PM2.5-1HR
956,NOR_NO0057A,2025-03-07,26.73,5.02,91.54,0,3.26,196.24,1011,727.91,5.18,9.752,3100.0,0.047,PM2.5-1HR
956,NOR_NO0071A,2025-03-07,12.75,5,91.68,0,3.23,194.52,1011.03,5794.7,4.94,9.416,3100.0,0.019,PM2.5-1HR
956,NOR_NO0072A,2025-03-07,32.53,4.63,91.66,0,2.94,192.85,1010.94,4189.22,4.91,9.374,3100.0,0.082,PM2.5-1HR
956,NOR_NO0073A,2025-03-07,27.35,4.87,91.68,0,3.1,193.88,1010.98,19813.27,4.96,9.444,3100.0,0.25,PM2.5-1HR
956,NOR_NO0083A,2025-03-07,28.28,4.65,91.67,0,2.96,192.89,1010.95,4937.94,4.91,9.374,3100.0,0.017,PM2.5-1HR
956,NOR_NO0093A,2025-03-07,13.18,4.69,91.7,0,2.98,192.75,1010.96,3881.7,4.91,9.374,3100.0,0.0,PM2.5-1HR
956,NOR_NO0095A,2025-03-07,24.81,4.54,91.62,0,2.89,192.96,1010.92,3578.09,4.81,9.234,3100.0,0.011,PM2.5-1HR
956,NOR_NO0114A,2025-03-07,27.77,4.25,91.57,0,2.73,191.79,1010.89,2835.19,4.56,8.884,3100.0,0.018,PM2.5-1HR
956,NOR_NO0122A,2025-03-07,32.36,5.03,91.54,0,3.27,196.19,1011,3172.81,5.18,9.752,3100.0,0.01,PM2.5-1HR
956,NOR_NO0129A,2025-03-07,29.15,5.24,91.38,0,3.49,198.57,1011.03,5243.09,5.24,9.836,3100.0,0.013,PM2.5-1HR
956,NOR_NO0140A,2025-03-07,28.97,4.8,91.72,0,3.05,193.07,1010.98,3929.05,4.91,9.374,3100.0,0.209,PM2.5-1HR
956,NOR_NO0143A,2025-03-07,34.28,4.88,91.7,0,3.11,193.72,1010.98,19250.64,4.96,9.444,3100.0,0.013,PM2.5-1HR
956,NOR_NO0149A,2025-03-07,25.02,5,91.61,0,3.23,195.27,1011.01,2020.38,4.94,9.416,3100.0,0.292,PM2.5-1HR
956,NOR_NO0150A,2025-03-07,41.3,4.93,91.61,0,3.17,195.03,1010.98,4950.29,4.94,9.416,3100.0,0.006,PM2.5-1HR
956,NOR_NO0153A,2025-03-07,21.77,4.3,91.6,0,2.76,191.55,1010.91,1497.53,4.56,8.884,3100.0,0.011,PM2.5-1HR
956,NOR_NO0011A,2025-03-08,13.09,2.34,92.47,0,0.89,324.23,1017.71,11187.25,7.33,12.762,3100.0,0.041,PM2.5-1HR
956,NOR_NO0057A,2025-03-08,17.86,2.59,92.11,0,0.88,318.87,1017.67,727.91,7.92,13.588,3100.0,0.047,PM2.5-1HR
956,NOR_NO0071A,2025-03-08,10.3,2.55,92.26,0,0.86,321.65,1017.7,5794.7,7.59,13.126,3100.0,0.019,PM2.5-1HR
956,NOR_NO0072A,2025-03-08,14.39,2.3,92.37,0,0.88,324.62,1017.73,4189.22,7.33,12.762,3100.0,0.082,PM2.5-1HR
956,NOR_NO0073A,2025-03-08,16.61,2.42,92.46,0,0.89,323.55,1017.7,19813.27,7.49,12.986,3100.0,0.25,PM2.5-1HR
956,NOR_NO0083A,2025-03-08,15.57,2.31,92.39,0,0.88,324.6,1017.73,4937.94,7.33,12.762,3100.0,0.017,PM2.5-1HR
956,NOR_NO0093A,2025-03-08,8.66,2.33,92.4,0,0.88,324.71,1017.73,3881.7,7.33,12.762,3100.0,0.0,PM2.5-1HR
956,NOR_NO0095A,2025-03-08,12.08,2.26,92.33,0,0.88,324.58,1017.73,3578.09,6.88,12.132,3100.0,0.011,PM2.5-1HR
956,NOR_NO0114A,2025-03-08,11.2,2.15,92.1,0,0.86,325.09,1017.77,2835.19,5.82,10.648,3100.0,0.018,PM2.5-1HR
956,NOR_NO0122A,2025-03-08,22.07,2.6,92.11,0,0.88,318.86,1017.67,3172.81,7.92,13.588,3100.0,0.01,PM2.5-1HR
956,NOR_NO0129A,2025-03-08,19.95,2.82,91.68,0,0.88,311.91,1017.64,5243.09,9.74,16.136,3100.0,0.013,PM2.5-1HR
956,NOR_NO0140A,2025-03-08,14.08,2.37,92.48,0,0.88,324.58,1017.72,3929.05,7.33,12.762,3100.0,0.209,PM2.5-1HR
956,NOR_NO0143A,2025-03-08,17.88,2.43,92.46,0,0.89,323.69,1017.71,19250.64,7.49,12.986,3100.0,0.013,PM2.5-1HR
956,NOR_NO0149A,2025-03-08,14.53,2.55,92.22,0,0.87,320.6,1017.69,2020.38,7.59,13.126,3100.0,0.292,PM2.5-1HR
956,NOR_NO0150A,2025-03-08,33.67,2.49,92.31,0,0.88,321.53,1017.69,4950.29,7.59,13.126,3100.0,0.006,PM2.5-1HR
956,NOR_NO0153A,2025-03-08,14.27,2.15,92.09,0,0.85,324.99,1017.77,1497.53,5.82,10.648,3100.0,0.011,PM2.5-1HR
956,NOR_NO0011A,2025-03-09,7.35,2.44,95.37,0,1.61,154.79,1013.03,11187.25,2.13,5.482,3100.0,0.041,PM2.5-1HR
956,NOR_NO0057A,2025-03-09,6.9,2.53,95.4,0,1.7,161.21,1013.06,727.91,2.09,5.426,3100.0,0.047,PM2.5-1HR
956,NOR_NO0071A,2025-03-09,5.1,2.53,95.46,0,1.69,159.92,1013.07,5794.7,2.13,5.482,3100.0,0.019,PM2.5-1HR
956,NOR_NO0072A,2025-03-09,9.02,2.39,95.34,0,1.58,154.35,1013.02,4189.22,2.13,5.482,3100.0,0.082,PM2.5-1HR
956,NOR_NO0073A,2025-03-09,7.63,2.49,95.42,0,1.65,156.6,1013.04,19813.27,2.03,5.342,3100.0,0.25,PM2.5-1HR
956,NOR_NO0083A,2025-03-09,8.76,2.4,95.35,0,1.59,154.52,1013.02,4937.94,2.13,5.482,3100.0,0.017,PM2.5-1HR
956,NOR_NO0093A,2025-03-09,5.85,2.41,95.37,0,1.6,154.97,1013.02,3881.7,2.13,5.482,3100.0,0.0,PM2.5-1HR
956,NOR_NO0095A,2025-03-09,8.08,2.36,95.3,0,1.56,153.36,1013,3578.09,2.16,5.524,3100.0,0.011,PM2.5-1HR
956,NOR_NO0114A,2025-03-09,8.55,2.22,95.18,0,1.48,151.69,1012.97,2835.19,2.16,5.524,3100.0,0.018,PM2.5-1HR
956,NOR_NO0122A,2025-03-09,11.33,2.53,95.41,0,1.7,161.34,1013.06,3172.81,2.09,5.426,3100.0,0.01,PM2.5-1HR
956,NOR_NO0129A,2025-03-09,9.63,2.59,95.4,0,1.78,166.71,1013.09,5243.09,2.29,5.706,3100.0,0.013,PM2.5-1HR
956,NOR_NO0140A,2025-03-09,9.14,2.46,95.41,0,1.63,155.6,1013.04,3929.05,2.13,5.482,3100.0,0.209,PM2.5-1HR
956,NOR_NO0143A,2025-03-09,9.1,2.49,95.43,0,1.65,156.77,1013.05,19250.64,2.03,5.342,3100.0,0.013,PM2.5-1HR
956,NOR_NO0149A,2025-03-09,8.11,2.52,95.43,0,1.69,160.14,1013.06,2020.38,2.13,5.482,3100.0,0.292,PM2.5-1HR
956,NOR_NO0150A,2025-03-09,14.01,2.51,95.41,0,1.67,158.57,1013.05,4950.29,2.13,5.482,3100.0,0.006,PM2.5-1HR
956,NOR_NO0153A,2025-03-09,7.71,2.22,95.19,0,1.48,152.7,1012.98,1497.53,2.16,5.524,3100.0,0.011,PM2.5-1HR
956,NOR_NO0057A,2025-03-10,4.32,1.6,91.31,0.07,3.03,25.17,1007.82,727.91,1,3.9,3100.0,0.047,PM2.5-1HR
956,NOR_NO0071A,2025-03-10,5.04,1.63,91.33,0.07,3.02,24.21,1007.77,5794.7,0.97,3.858,3100.0,0.019,PM2.5-1HR
956,NOR_NO0011A,2025-03-10,2.95,1.57,91.09,0.06,2.98,23.33,1007.85,11187.25,0.87,3.718,3100.0,0.041,PM2.5-1HR
956,NOR_NO0072A,2025-03-10,4.2,1.55,91.17,0.06,2.94,22.66,1007.84,4189.22,0.87,3.718,3100.0,0.082,PM2.5-1HR
956,NOR_NO0073A,2025-03-10,4.28,1.61,91.13,0.06,3.01,23.67,1007.83,19813.27,0.92,3.788,3100.0,0.25,PM2.5-1HR
956,NOR_NO0083A,2025-03-10,5.58,1.55,91.16,0.06,2.95,22.73,1007.83,4937.94,0.87,3.718,3100.0,0.017,PM2.5-1HR
956,NOR_NO0093A,2025-03-10,5.63,1.57,91.17,0.06,2.96,22.66,1007.82,3881.7,0.87,3.718,3100.0,0.0,PM2.5-1HR
956,NOR_NO0095A,2025-03-10,4.82,1.51,91.15,0.06,2.92,22.69,1007.86,3578.09,0.93,3.802,3100.0,0.011,PM2.5-1HR
956,NOR_NO0114A,2025-03-10,4.92,1.43,91.29,0.06,2.82,21.33,1007.86,2835.19,0.79,3.606,3100.0,0.018,PM2.5-1HR
956,NOR_NO0122A,2025-03-10,4.23,1.61,91.32,0.07,3.03,25.16,1007.81,3172.81,1,3.9,3100.0,0.01,PM2.5-1HR
956,NOR_NO0129A,2025-03-10,5.67,1.6,91.56,0.08,3.06,26.95,1007.79,5243.09,1.23,4.222,3100.0,0.013,PM2.5-1HR
956,NOR_NO0140A,2025-03-10,4.04,1.6,91.13,0.06,2.99,23.08,1007.82,3929.05,0.87,3.718,3100.0,0.209,PM2.5-1HR
956,NOR_NO0143A,2025-03-10,4.42,1.62,91.15,0.06,3.01,23.57,1007.81,19250.64,0.92,3.788,3100.0,0.013,PM2.5-1HR
956,NOR_NO0149A,2025-03-10,5.1,1.62,91.3,0.07,3.03,24.61,1007.8,2020.38,0.97,3.858,3100.0,0.292,PM2.5-1HR
956,NOR_NO0150A,2025-03-10,33.54,1.6,91.2,0.07,3.02,24.36,1007.83,4950.29,0.97,3.858,3100.0,0.006,PM2.5-1HR
956,NOR_NO0153A,2025-03-10,4.28,1.45,91.33,0.06,2.82,20.97,1007.83,1497.53,0.79,3.606,3100.0,0.011,PM2.5-1HR
956,NOR_NO0011A,2025-03-11,2.22,-0.2,83.99,0.11,2.6,55.22,1005.06,11187.25,0.41,3.074,3100.0,0.041,PM2.5-1HR
956,NOR_NO0057A,2025-03-11,1.88,-0.17,82.81,0.11,2.71,55.84,1005.04,727.91,0.52,3.228,3100.0,0.047,PM2.5-1HR
956,NOR_NO0071A,2025-03-11,3.86,-0.11,83.47,0.11,2.7,54.61,1005,5794.7,0.48,3.172,3100.0,0.019,PM2.5-1HR
956,NOR_NO0072A,2025-03-11,1.83,-0.19,84.52,0.11,2.57,54.57,1005.04,4189.22,0.41,3.074,3100.0,0.082,PM2.5-1HR
956,NOR_NO0073A,2025-03-11,3,-0.17,83.7,0.11,2.64,54.99,1005.04,19813.27,0.44,3.116,3100.0,0.25,PM2.5-1HR
956,NOR_NO0083A,2025-03-11,3.35,-0.18,84.45,0.11,2.58,54.57,1005.04,4937.94,0.41,3.074,3100.0,0.017,PM2.5-1HR
956,NOR_NO0093A,2025-03-11,5.56,-0.16,84.46,0.12,2.59,54.28,1005.03,3881.7,0.41,3.074,3100.0,0.0,PM2.5-1HR
956,NOR_NO0095A,2025-03-11,3.85,-0.22,84.58,0.11,2.54,55.02,1005.05,3578.09,0.41,3.074,3100.0,0.011,PM2.5-1HR
956,NOR_NO0114A,2025-03-11,1.87,-0.23,85.65,0.12,2.46,54.17,1005.03,2835.19,0.37,3.018,3100.0,0.018,PM2.5-1HR
956,NOR_NO0122A,2025-03-11,2.48,-0.17,82.82,0.11,2.71,55.76,1005.04,3172.81,0.52,3.228,3100.0,0.01,PM2.5-1HR
956,NOR_NO0129A,2025-03-11,4.06,-0.17,81.77,0.1,2.8,56.61,1005.03,5243.09,0.64,3.396,3100.0,0.013,PM2.5-1HR
956,NOR_NO0140A,2025-03-11,2.4,-0.15,84.09,0.11,2.62,54.48,1005.03,3929.05,0.41,3.074,3100.0,0.209,PM2.5-1HR
956,NOR_NO0143A,2025-03-11,1.57,-0.15,83.76,0.11,2.65,54.77,1005.03,19250.64,0.44,3.116,3100.0,0.013,PM2.5-1HR
956,NOR_NO0149A,2025-03-11,2.22,-0.15,83.18,0.11,2.7,55.25,1005.03,2020.38,0.48,3.172,3100.0,0.292,PM2.5-1HR
956,NOR_NO0150A,2025-03-11,12.54,-0.18,83.28,0.11,2.67,55.48,1005.05,4950.29,0.48,3.172,3100.0,0.006,PM2.5-1HR
956,NOR_NO0153A,2025-03-11,3.9,-0.2,85.8,0.13,2.47,53.48,1005.01,1497.53,0.37,3.018,3100.0,0.011,PM2.5-1HR
956,NOR_NO0011A,2025-03-12,2.18,-1.59,82.14,0.04,2.62,37.54,1003.28,11187.25,1,3.9,3100.0,0.041,PM2.5-1HR
956,NOR_NO0057A,2025-03-12,1.59,-1.56,81.37,0.04,2.7,38.73,1003.26,727.91,1.12,4.068,3100.0,0.047,PM2.5-1HR
956,NOR_NO0071A,2025-03-12,4.96,-1.45,81.83,0.04,2.72,37.7,1003.22,5794.7,1.05,3.97,3100.0,0.019,PM2.5-1HR
956,NOR_NO0072A,2025-03-12,2.32,-1.54,82.39,0.04,2.61,36.92,1003.27,4189.22,1,3.9,3100.0,0.082,PM2.5-1HR
956,NOR_NO0073A,2025-03-12,2.82,-1.54,81.97,0.04,2.66,37.62,1003.26,19813.27,1,3.9,3100.0,0.25,PM2.5-1HR
956,NOR_NO0083A,2025-03-12,5,-1.54,82.36,0.04,2.62,36.96,1003.27,4937.94,1,3.9,3100.0,0.017,PM2.5-1HR
956,NOR_NO0093A,2025-03-12,7.19,-1.5,82.36,0.04,2.63,36.81,1003.25,3881.7,1,3.9,3100.0,0.0,PM2.5-1HR
956,NOR_NO0095A,2025-03-12,3.59,-1.6,82.42,0.04,2.59,37.09,1003.29,3578.09,1.06,3.984,3100.0,0.011,PM2.5-1HR
956,NOR_NO0114A,2025-03-12,3.91,-1.55,82.92,0.04,2.54,36.08,1003.28,2835.19,1.02,3.928,3100.0,0.018,PM2.5-1HR
956,NOR_NO0122A,2025-03-12,3.1,-1.55,81.39,0.04,2.7,38.69,1003.26,3172.81,1.12,4.068,3100.0,0.01,PM2.5-1HR
956,NOR_NO0129A,2025-03-12,4.9,-1.56,80.66,0.05,2.75,39.88,1003.25,5243.09,1.22,4.208,3100.0,0.013,PM2.5-1HR
956,NOR_NO0140A,2025-03-12,2.29,-1.5,82.19,0.04,2.65,37.1,1003.25,3929.05,1,3.9,3100.0,0.209,PM2.5-1HR
956,NOR_NO0143A,2025-03-12,1.63,-1.51,82,0.04,2.67,37.47,1003.25,19250.64,1,3.9,3100.0,0.013,PM2.5-1HR
956,NOR_NO0149A,2025-03-12,3.14,-1.51,81.64,0.04,2.7,38.19,1003.24,2020.38,1.05,3.97,3100.0,0.292,PM2.5-1HR
956,NOR_NO0150A,2025-03-12,12.78,-1.56,81.69,0.04,2.67,38.18,1003.27,4950.29,1.05,3.97,3100.0,0.006,PM2.5-1HR
956,NOR_NO0153A,2025-03-12,5.51,-1.49,83,0.04,2.57,35.71,1003.26,1497.53,1.02,3.928,3100.0,0.011,PM2.5-1HR
956,NOR_NO0011A,2025-03-13,5.76,-3.76,71.47,0,2.3,357.1,1002.73,11187.25,1.46,4.544,3100.0,0.041,PM2.5-1HR
956,NOR_NO0057A,2025-03-13,8.11,-3.54,71.73,0,2.35,359.31,1002.68,727.91,1.47,4.558,3100.0,0.047,PM2.5-1HR
956,NOR_NO0071A,2025-03-13,7.62,-3.34,72.12,0,2.38,358.74,1002.66,5794.7,1.57,4.698,3100.0,0.019,PM2.5-1HR
956,NOR_NO0072A,2025-03-13,6.67,-3.63,71.75,0,2.28,356.42,1002.73,4189.22,1.46,4.544,3100.0,0.082,PM2.5-1HR
956,NOR_NO0073A,2025-03-13,5.26,-3.63,71.63,0,2.33,357.74,1002.7,19813.27,1.51,4.614,3100.0,0.25,PM2.5-1HR
956,NOR_NO0083A,2025-03-13,14.64,-3.62,71.75,0,2.29,356.53,1002.73,4937.94,1.46,4.544,3100.0,0.017,PM2.5-1HR
956,NOR_NO0093A,2025-03-13,4.89,-3.55,71.85,0,2.31,356.62,1002.72,3881.7,1.46,4.544,3100.0,0.0,PM2.5-1HR
956,NOR_NO0095A,2025-03-13,9.84,-3.75,71.59,0,2.25,356.17,1002.75,3578.09,1.5,4.6,3100.0,0.011,PM2.5-1HR
956,NOR_NO0114A,2025-03-13,11.21,-3.64,72,0,2.19,354.55,1002.77,2835.19,1.37,4.418,3100.0,0.018,PM2.5-1HR
956,NOR_NO0122A,2025-03-13,15.51,-3.52,71.78,0,2.35,359.35,1002.67,3172.81,1.47,4.558,3100.0,0.01,PM2.5-1HR
956,NOR_NO0129A,2025-03-13,13.36,-3.37,71.97,0,2.37,1.2,1002.63,5243.09,1.94,5.216,3100.0,0.013,PM2.5-1HR
956,NOR_NO0140A,2025-03-13,4.88,-3.57,71.75,0,2.33,357.17,1002.71,3929.05,1.46,4.544,3100.0,0.209,PM2.5-1HR
956,NOR_NO0149A,2025-03-13,8.19,-3.47,71.88,0,2.36,358.91,1002.68,2020.38,1.57,4.698,3100.0,0.292,PM2.5-1HR
956,NOR_NO0150A,2025-03-13,36.16,-3.62,71.63,0,2.34,358.44,1002.69,4950.29,1.57,4.698,3100.0,0.006,PM2.5-1HR
956,NOR_NO0153A,2025-03-13,12.08,-3.51,72.26,0,2.22,354.5,1002.75,1497.53,1.37,4.418,3100.0,0.011,PM2.5-1HR
956,NOR_NO0011A,2025-03-14,8.43,-2.6,68.05,0,1.8,293.73,1009.14,11187.25,2.59,6.126,3100.0,0.041,PM2.5-1HR
956,NOR_NO0057A,2025-03-14,12.61,-2.47,68.75,0,1.83,293.86,1009.1,727.91,3.17,6.938,3100.0,0.047,PM2.5-1HR
956,NOR_NO0071A,2025-03-14,9.59,-2.35,69.49,0,1.8,294.03,1009.12,5794.7,3.12,6.868,3100.0,0.019,PM2.5-1HR
956,NOR_NO0072A,2025-03-14,9.04,-2.56,68.45,0,1.77,293.11,1009.16,4189.22,2.59,6.126,3100.0,0.082,PM2.5-1HR
956,NOR_NO0073A,2025-03-14,9.26,-2.52,68.54,0,1.81,294,1009.13,19813.27,2.72,6.308,3100.0,0.25,PM2.5-1HR
956,NOR_NO0083A,2025-03-14,10.65,-2.55,68.48,0,1.77,293.21,1009.16,4937.94,2.59,6.126,3100.0,0.017,PM2.5-1HR
956,NOR_NO0093A,2025-03-14,9.85,-2.51,68.78,0,1.77,293.26,1009.15,3881.7,2.59,6.126,3100.0,0.0,PM2.5-1HR
956,NOR_NO0095A,2025-03-14,13.89,-2.63,67.97,0,1.77,292.94,1009.16,3578.09,2.37,5.818,3100.0,0.011,PM2.5-1HR
956,NOR_NO0114A,2025-03-14,14.43,-2.64,68.29,0,1.72,291.49,1009.2,2835.19,1.91,5.174,3100.0,0.018,PM2.5-1HR
956,NOR_NO0122A,2025-03-14,27.82,-2.45,68.84,0,1.83,293.88,1009.1,3172.81,3.17,6.938,3100.0,0.01,PM2.5-1HR
956,NOR_NO0129A,2025-03-14,28.98,-2.37,69.27,0,1.86,293.68,1009.06,5243.09,4.8,9.22,3100.0,0.013,PM2.5-1HR
956,NOR_NO0140A,2025-03-14,7.4,-2.5,68.75,0,1.79,293.78,1009.14,3929.05,2.59,6.126,3100.0,0.209,PM2.5-1HR
956,NOR_NO0149A,2025-03-14,14.54,-2.43,69.02,0,1.82,293.96,1009.11,2020.38,3.12,6.868,3100.0,0.292,PM2.5-1HR
956,NOR_NO0150A,2025-03-14,39.24,-2.51,68.53,0,1.82,293.94,1009.12,4950.29,3.12,6.868,3100.0,0.006,PM2.5-1HR
956,NOR_NO0153A,2025-03-14,17.78,-2.59,68.89,0,1.7,291.24,1009.2,1497.53,1.91,5.174,3100.0,0.011,PM2.5-1HR
956,NOR_NO0011A,2025-03-15,6.51,1,65.35,0,2.31,245.16,1013.59,11187.25,2.84,6.476,3100.0,0.041,PM2.5-1HR
956,NOR_NO0057A,2025-03-15,10.96,0.99,65.75,0,2.47,239.88,1013.58,727.91,3.09,6.826,3100.0,0.047,PM2.5-1HR
956,NOR_NO0071A,2025-03-15,6,0.96,66.59,0,2.38,239.84,1013.64,5794.7,2.99,6.686,3100.0,0.019,PM2.5-1HR
956,NOR_NO0072A,2025-03-15,7.01,0.92,65.84,0,2.26,245.22,1013.62,4189.22,2.84,6.476,3100.0,0.082,PM2.5-1HR
956,NOR_NO0073A,2025-03-15,6.43,1.02,65.69,0,2.34,243.41,1013.6,19813.27,2.92,6.588,3100.0,0.25,PM2.5-1HR
956,NOR_NO0083A,2025-03-15,8.61,0.93,65.84,0,2.26,245.08,1013.62,4937.94,2.84,6.476,3100.0,0.017,PM2.5-1HR
956,NOR_NO0093A,2025-03-15,4.37,0.94,66.08,0,2.25,244.59,1013.64,3881.7,2.84,6.476,3100.0,0.0,PM2.5-1HR
956,NOR_NO0095A,2025-03-15,8.43,0.91,65.48,0,2.26,246.11,1013.61,3578.09,2.52,6.028,3100.0,0.011,PM2.5-1HR
956,NOR_NO0114A,2025-03-15,9.01,0.73,66.05,0,2.16,247.17,1013.66,2835.19,2.32,5.748,3100.0,0.018,PM2.5-1HR
956,NOR_NO0122A,2025-03-15,17.48,0.98,65.84,0,2.47,239.67,1013.59,3172.81,3.09,6.826,3100.0,0.01,PM2.5-1HR
956,NOR_NO0129A,2025-03-15,11.94,0.93,66.04,0,2.65,236.27,1013.57,5243.09,3.95,8.03,3100.0,0.013,PM2.5-1HR
956,NOR_NO0140A,2025-03-15,6.33,1,65.95,0,2.29,244.09,1013.62,3929.05,2.84,6.476,3100.0,0.209,PM2.5-1HR
956,NOR_NO0149A,2025-03-15,5.15,0.98,66.08,0,2.42,240.23,1013.61,2020.38,2.99,6.686,3100.0,0.292,PM2.5-1HR
956,NOR_NO0150A,2025-03-15,17.66,1.01,65.63,0,2.4,241.9,1013.59,4950.29,2.99,6.686,3100.0,0.006,PM2.5-1HR
956,NOR_NO0153A,2025-03-15,12.92,0.71,66.57,0,2.14,246.5,1013.69,1497.53,2.32,5.748,3100.0,0.011,PM2.5-1HR
956,NOR_NO0011A,2025-03-16,3.26,2.48,51.05,0,3.62,335.55,1019.62,11187.25,1.51,4.614,3100.0,0.041,PM2.5-1HR
956,NOR_NO0057A,2025-03-16,5.71,2.47,50.53,0,3.73,336.73,1019.55,727.91,1.67,4.838,3100.0,0.047,PM2.5-1HR
956,NOR_NO0071A,2025-03-16,7.89,2.58,50.63,0,3.71,336.67,1019.54,5794.7,1.58,4.712,3100.0,0.019,PM2.5-1HR
956,NOR_NO0072A,2025-03-16,3.61,2.5,51.25,0,3.56,335.21,1019.63,4189.22,1.51,4.614,3100.0,0.082,PM2.5-1HR
956,NOR_NO0073A,2025-03-16,5,2.54,50.78,0,3.66,336.02,1019.59,19813.27,1.55,4.67,3100.0,0.25,PM2.5-1HR
956,NOR_NO0083A,2025-03-16,7.51,2.51,51.2,0,3.57,335.29,1019.62,4937.94,1.51,4.614,3100.0,0.017,PM2.5-1HR
956,NOR_NO0093A,2025-03-16,0,2.55,51.1,0,3.58,335.42,1019.61,3881.7,1.51,4.614,3100.0,0.0,PM2.5-1HR
956,NOR_NO0095A,2025-03-16,3.37,2.43,51.46,0,3.53,334.92,1019.65,3578.09,1.47,4.558,3100.0,0.011,PM2.5-1HR
956,NOR_NO0114A,2025-03-16,8.36,2.39,52.03,0,3.41,333.92,1019.69,2835.19,0.71,3.494,3100.0,0.018,PM2.5-1HR
956,NOR_NO0122A,2025-03-16,12.29,2.48,50.54,0,3.73,336.77,1019.55,3172.81,1.67,4.838,3100.0,0.01,PM2.5-1HR
956,NOR_NO0129A,2025-03-16,9.02,2.41,50.21,0.01,3.81,337.64,1019.5,5243.09,2.8,6.42,3100.0,0.013,PM2.5-1HR
956,NOR_NO0140A,2025-03-16,4.33,2.57,50.88,0,3.63,335.77,1019.59,3929.05,1.51,4.614,3100.0,0.209,PM2.5-1HR
956,NOR_NO0149A,2025-03-16,3.82,2.52,50.61,0,3.71,336.63,1019.55,2020.38,1.58,4.712,3100.0,0.292,PM2.5-1HR
956,NOR_NO0150A,2025-03-16,15.46,2.5,50.68,0,3.69,336.31,1019.57,4950.29,1.58,4.712,3100.0,0.006,PM2.5-1HR
956,NOR_NO0153A,2025-03-16,7.33,2.45,51.9,0,3.41,334.04,1019.67,1497.53,0.71,3.494,3100.0,0.011,PM2.5-1HR
956,NOR_NO0093A,2025-03-17,3.76,1.22,56.83,0,2.16,261.64,1027.43,3881.7,2.79,6.406,3100.0,0.0,PM2.5-1HR
956,NOR_NO0011A,2025-03-17,9.41,1.26,56.2,0,2.19,262.23,1027.41,11187.25,2.79,6.406,3100.0,0.041,PM2.5-1HR
956,NOR_NO0073A,2025-03-17,9.76,1.26,56.43,0,2.22,261.61,1027.4,19813.27,2.88,6.532,3100.0,0.25,PM2.5-1HR
956,NOR_NO0083A,2025-03-17,12.66,1.21,56.61,0,2.15,261.93,1027.43,4937.94,2.79,6.406,3100.0,0.017,PM2.5-1HR
956,NOR_NO0095A,2025-03-17,13.16,1.19,56.27,0,2.14,262.46,1027.43,3578.09,2.28,5.692,3100.0,0.011,PM2.5-1HR
956,NOR_NO0114A,2025-03-17,17.04,1.07,56.74,0,2.05,262.48,1027.48,2835.19,2,5.3,3100.0,0.018,PM2.5-1HR
956,NOR_NO0122A,2025-03-17,33.72,1.18,56.05,0,2.33,260.78,1027.37,3172.81,3.19,6.966,3100.0,0.01,PM2.5-1HR
956,NOR_NO0129A,2025-03-17,29.62,1.08,55.63,0,2.46,259.83,1027.33,5243.09,4.9,9.36,3100.0,0.013,PM2.5-1HR
956,NOR_NO0140A,2025-03-17,6.32,1.26,56.74,0,2.19,261.57,1027.42,3929.05,2.79,6.406,3100.0,0.209,PM2.5-1HR
956,NOR_NO0149A,2025-03-17,11.87,1.2,56.39,0,2.29,260.84,1027.39,2020.38,3.17,6.938,3100.0,0.292,PM2.5-1HR
956,NOR_NO0150A,2025-03-17,34.34,1.23,56.16,0,2.27,261.35,1027.38,4950.29,3.17,6.938,3100.0,0.006,PM2.5-1HR
956,NOR_NO0153A,2025-03-17,20.35,1.05,57.22,0,2.05,261.92,1027.49,1497.53,2,5.3,3100.0,0.011,PM2.5-1HR
956,NOR_NO0057A,2025-03-17,15.79,1.18,55.99,0,2.33,260.85,1027.37,727.91,3.19,6.966,3100.0,0.047,PM2.5-1HR
956,NOR_NO0071A,2025-03-17,7.47,1.19,56.86,0,2.27,260.57,1027.41,5794.7,3.17,6.938,3100.0,0.019,PM2.5-1HR
956,NOR_NO0072A,2025-03-17,10.35,1.2,56.61,0,2.15,261.97,1027.43,4189.22,2.79,6.406,3100.0,0.082,PM2.5-1HR
956,NOR_NO0011A,2025-03-18,3.9,4.67,61.47,0,2.34,279.2,1022.39,11187.25,2.49,5.986,3100.0,0.041,PM2.5-1HR
956,NOR_NO0057A,2025-03-18,12.83,4.72,61.13,0,2.43,276.85,1022.33,727.91,2.85,6.49,3100.0,0.047,PM2.5-1HR
956,NOR_NO0071A,2025-03-18,6.88,4.65,61.78,0,2.37,277.41,1022.37,5794.7,2.71,6.294,3100.0,0.019,PM2.5-1HR
956,NOR_NO0072A,2025-03-18,6.35,4.56,61.9,0,2.29,279.09,1022.42,4189.22,2.49,5.986,3100.0,0.082,PM2.5-1HR
956,NOR_NO0073A,2025-03-18,4.95,4.71,61.5,0,2.36,278.68,1022.38,19813.27,2.64,6.196,3100.0,0.25,PM2.5-1HR
956,NOR_NO0083A,2025-03-18,11.53,4.57,61.87,0,2.29,279.08,1022.42,4937.94,2.49,5.986,3100.0,0.017,PM2.5-1HR
956,NOR_NO0093A,2025-03-18,5.28,4.58,61.98,0,2.29,278.97,1022.42,3881.7,2.49,5.986,3100.0,0.0,PM2.5-1HR
956,NOR_NO0095A,2025-03-18,7.99,4.53,61.76,0,2.28,279.27,1022.42,3578.09,1.78,4.992,3100.0,0.011,PM2.5-1HR
956,NOR_NO0114A,2025-03-18,7.77,4.3,62.45,0,2.19,279.2,1022.49,2835.19,1.47,4.558,3100.0,0.018,PM2.5-1HR
956,NOR_NO0122A,2025-03-18,24.34,4.71,61.18,0,2.43,276.8,1022.33,3172.81,2.85,6.49,3100.0,0.01,PM2.5-1HR
956,NOR_NO0129A,2025-03-18,17.48,4.72,60.8,0,2.52,274.63,1022.28,5243.09,4.34,8.576,3100.0,0.013,PM2.5-1HR
956,NOR_NO0140A,2025-03-18,5.25,4.66,61.78,0,2.32,278.97,1022.4,3929.05,2.49,5.986,3100.0,0.209,PM2.5-1HR
956,NOR_NO0149A,2025-03-18,7.58,4.69,61.44,0,2.4,277.3,1022.35,2020.38,2.71,6.294,3100.0,0.292,PM2.5-1HR
956,NOR_NO0150A,2025-03-18,37.79,4.72,61.28,0,2.39,277.9,1022.35,4950.29,2.71,6.294,3100.0,0.006,PM2.5-1HR
956,NOR_NO0153A,2025-03-18,12.49,4.28,62.74,0,2.18,278.96,1022.5,1497.53,1.47,4.558,3100.0,0.011,PM2.5-1HR
956,NOR_NO0011A,2025-03-19,4.78,4.17,63.65,0,1.93,251.49,1020.25,11187.25,3.09,6.826,3100.0,0.041,PM2.5-1HR
956,NOR_NO0057A,2025-03-19,14.2,4.25,63.14,0,2.04,250.4,1020.22,727.91,3.52,7.428,3100.0,0.047,PM2.5-1HR
956,NOR_NO0071A,2025-03-19,6.63,4.23,63.52,0,1.99,250.05,1020.26,5794.7,3.32,7.148,3100.0,0.019,PM2.5-1HR
956,NOR_NO0072A,2025-03-19,7.86,4.09,63.9,0,1.89,251.22,1020.27,4189.22,3.09,6.826,3100.0,0.082,PM2.5-1HR
956,NOR_NO0073A,2025-03-19,5.31,4.22,63.58,0,1.96,250.94,1020.25,19813.27,3.2,6.98,3100.0,0.25,PM2.5-1HR
956,NOR_NO0083A,2025-03-19,10.49,4.11,63.88,0,1.89,251.17,1020.27,4937.94,3.09,6.826,3100.0,0.017,PM2.5-1HR
956,NOR_NO0093A,2025-03-19,6.71,4.12,63.92,0,1.9,250.9,1020.27,3881.7,3.09,6.826,3100.0,0.0,PM2.5-1HR
956,NOR_NO0095A,2025-03-19,9.41,4.07,63.85,0,1.88,251.71,1020.26,3578.09,2.23,5.622,3100.0,0.011,PM2.5-1HR
956,NOR_NO0114A,2025-03-19,10.31,3.89,64.3,0,1.8,251.77,1020.3,2835.19,1.89,5.146,3100.0,0.018,PM2.5-1HR
956,NOR_NO0122A,2025-03-19,30.59,4.25,63.15,0,2.04,250.33,1020.23,3172.81,3.52,7.428,3100.0,0.01,PM2.5-1HR
956,NOR_NO0129A,2025-03-19,22.97,4.3,62.64,0,2.14,249.75,1020.2,5243.09,5.32,9.948,3100.0,0.013,PM2.5-1HR
956,NOR_NO0140A,2025-03-19,5.51,4.18,63.78,0,1.93,250.87,1020.26,3929.05,3.09,6.826,3100.0,0.209,PM2.5-1HR
956,NOR_NO0149A,2025-03-19,6.33,4.24,63.34,0,2.01,250.31,1020.24,2020.38,3.32,7.148,3100.0,0.292,PM2.5-1HR
956,NOR_NO0150A,2025-03-19,27.94,4.23,63.36,0,2,250.77,1020.23,4950.29,3.32,7.148,3100.0,0.006,PM2.5-1HR
956,NOR_NO0153A,2025-03-19,15.98,3.87,64.46,0,1.79,251.17,1020.31,1497.53,1.89,5.146,3100.0,0.011,PM2.5-1HR
956,NOR_NO0011A,2025-03-20,6.78,2.9,69.97,0,1.42,317.7,1018.48,11187.25,4.34,8.576,3100.0,0.041,PM2.5-1HR
956,NOR_NO0057A,2025-03-20,11.34,2.89,70.05,0,1.42,309.45,1018.47,727.91,4.43,8.702,3100.0,0.047,PM2.5-1HR
956,NOR_NO0071A,2025-03-20,9.29,2.89,70.74,0,1.36,310.91,1018.48,5794.7,4.35,8.59,3100.0,0.019,PM2.5-1HR
956,NOR_NO0072A,2025-03-20,10.43,2.82,70.21,0,1.4,318.05,1018.5,4189.22,4.34,8.576,3100.0,0.082,PM2.5-1HR
956,NOR_NO0073A,2025-03-20,7.48,2.92,70.25,0,1.39,315.94,1018.48,19813.27,4.33,8.562,3100.0,0.25,PM2.5-1HR
956,NOR_NO0083A,2025-03-20,12.98,2.83,70.23,0,1.4,318,1018.49,4937.94,4.34,8.576,3100.0,0.017,PM2.5-1HR
956,NOR_NO0093A,2025-03-20,8.62,2.84,70.43,0,1.38,317.93,1018.5,3881.7,4.34,8.576,3100.0,0.0,PM2.5-1HR
956,NOR_NO0095A,2025-03-20,10.96,2.8,69.88,0,1.43,318.2,1018.5,3578.09,4.26,8.464,3100.0,0.011,PM2.5-1HR
956,NOR_NO0114A,2025-03-20,14.02,2.63,70.03,0,1.42,318.41,1018.52,2835.19,4.27,8.478,3100.0,0.018,PM2.5-1HR
956,NOR_NO0122A,2025-03-20,22.38,2.89,70.12,0,1.41,309.08,1018.47,3172.81,4.43,8.702,3100.0,0.01,PM2.5-1HR
956,NOR_NO0129A,2025-03-20,19.77,2.85,69.96,0,1.5,298.84,1018.46,5243.09,4.88,9.332,3100.0,0.013,PM2.5-1HR
956,NOR_NO0140A,2025-03-20,8.79,2.9,70.45,0,1.38,317.59,1018.48,3929.05,4.34,8.576,3100.0,0.209,PM2.5-1HR
956,NOR_NO0149A,2025-03-20,8.61,2.9,70.36,0,1.39,310.89,1018.47,2020.38,4.35,8.59,3100.0,0.292,PM2.5-1HR
956,NOR_NO0150A,2025-03-20,35.61,2.91,70.1,0,1.4,312.92,1018.47,4950.29,4.35,8.59,3100.0,0.006,PM2.5-1HR
956,NOR_NO0153A,2025-03-20,18.37,2.61,70.41,0,1.39,318.22,1018.52,1497.53,4.27,8.478,3100.0,0.011,PM2.5-1HR
956,NOR_NO0011A,2025-03-21,6.28,2.49,70.06,0,1.7,76.84,1027.07,11187.25,3.09,6.826,3100.0,0.041,PM2.5-1HR
956,NOR_NO0057A,2025-03-21,8.84,2.58,69.73,0,1.7,82.11,1027.07,727.91,3.45,7.33,3100.0,0.047,PM2.5-1HR
956,NOR_NO0071A,2025-03-21,9.39,2.59,70.25,0,1.7,79.23,1027.06,5794.7,3.47,7.358,3100.0,0.019,PM2.5-1HR
956,NOR_NO0072A,2025-03-21,8.67,2.44,70.38,0,1.69,75.17,1027.06,4189.22,3.09,6.826,3100.0,0.082,PM2.5-1HR
956,NOR_NO0073A,2025-03-21,5.53,2.54,70.09,0,1.71,77.74,1027.06,19813.27,3.27,7.078,3100.0,0.25,PM2.5-1HR
956,NOR_NO0083A,2025-03-21,13.03,2.45,70.37,0,1.69,75.33,1027.06,4937.94,3.09,6.826,3100.0,0.017,PM2.5-1HR
956,NOR_NO0093A,2025-03-21,9.89,2.47,70.46,0,1.69,75.12,1027.05,3881.7,3.09,6.826,3100.0,0.0,PM2.5-1HR
956,NOR_NO0095A,2025-03-21,12.57,2.4,70.27,0,1.69,75.29,1027.06,3578.09,2.76,6.364,3100.0,0.011,PM2.5-1HR
956,NOR_NO0114A,2025-03-21,9.61,2.27,70.75,0,1.66,72.12,1027.05,2835.19,2.29,5.706,3100.0,0.018,PM2.5-1HR
956,NOR_NO0122A,2025-03-21,17.47,2.59,69.76,0,1.7,82.07,1027.07,3172.81,3.45,7.33,3100.0,0.01,PM2.5-1HR
956,NOR_NO0129A,2025-03-21,20.82,2.64,69.38,0,1.7,87.01,1027.07,5243.09,5.08,9.612,3100.0,0.013,PM2.5-1HR
956,NOR_NO0140A,2025-03-21,6.14,2.52,70.33,0,1.7,76.12,1027.06,3929.05,3.09,6.826,3100.0,0.209,PM2.5-1HR
956,NOR_NO0143A,2025-03-21,10.15,2.55,70.18,0,1.7,77.47,1027.06,19250.64,3.27,7.078,3100.0,0.013,PM2.5-1HR
956,NOR_NO0149A,2025-03-21,6.73,2.58,69.98,0,1.7,80.45,1027.06,2020.38,3.47,7.358,3100.0,0.292,PM2.5-1HR
956,NOR_NO0150A,2025-03-21,33.47,2.56,69.89,0,1.7,79.8,1027.07,4950.29,3.47,7.358,3100.0,0.006,PM2.5-1HR
956,NOR_NO0153A,2025-03-21,16.04,2.28,70.95,0,1.66,71.29,1027.05,1497.53,2.29,5.706,3100.0,0.011,PM2.5-1HR
956,NOR_NO0011A,2025-03-22,4.68,2.26,73.8,0,1.82,93.84,1027.53,11187.25,2.18,5.552,3100.0,0.041,PM2.5-1HR
956,NOR_NO0057A,2025-03-22,6.13,2.37,73.5,0,1.93,100.95,1027.58,727.91,2.55,6.07,3100.0,0.047,PM2.5-1HR
956,NOR_NO0071A,2025-03-22,6.75,2.39,73.52,0,1.91,97.74,1027.53,5794.7,2.41,5.874,3100.0,0.019,PM2.5-1HR
956,NOR_NO0072A,2025-03-22,5.81,2.22,73.91,0,1.82,92.21,1027.5,4189.22,2.18,5.552,3100.0,0.082,PM2.5-1HR
956,NOR_NO0073A,2025-03-22,5.15,2.33,73.66,0,1.85,95.19,1027.54,19813.27,2.16,5.524,3100.0,0.25,PM2.5-1HR
956,NOR_NO0083A,2025-03-22,7.87,2.23,73.88,0,1.82,92.38,1027.5,4937.94,2.18,5.552,3100.0,0.017,PM2.5-1HR
956,NOR_NO0093A,2025-03-22,6.98,2.25,73.84,0,1.82,92.26,1027.5,3881.7,2.18,5.552,3100.0,0.0,PM2.5-1HR
956,NOR_NO0095A,2025-03-22,6.61,2.17,74,0,1.81,92.18,1027.5,3578.09,2.23,5.622,3100.0,0.011,PM2.5-1HR
956,NOR_NO0114A,2025-03-22,8.12,2.04,74.3,0,1.8,89.13,1027.44,2835.19,1.94,5.216,3100.0,0.018,PM2.5-1HR
956,NOR_NO0122A,2025-03-22,10.18,2.38,73.49,0,1.93,100.95,1027.57,3172.81,2.55,6.07,3100.0,0.01,PM2.5-1HR
956,NOR_NO0129A,2025-03-22,14.38,2.44,73.29,0,2.06,106.9,1027.61,5243.09,3.25,7.05,3100.0,0.013,PM2.5-1HR
956,NOR_NO0140A,2025-03-22,4.91,2.3,73.73,0,1.83,93.29,1027.52,3929.05,2.18,5.552,3100.0,0.209,PM2.5-1HR
956,NOR_NO0143A,2025-03-22,6.09,2.33,73.65,0,1.85,94.96,1027.54,19250.64,2.16,5.524,3100.0,0.013,PM2.5-1HR
956,NOR_NO0149A,2025-03-22,5.17,2.38,73.53,0,1.91,99,1027.56,2020.38,2.41,5.874,3100.0,0.292,PM2.5-1HR
956,NOR_NO0150A,2025-03-22,13.17,2.34,73.59,0,1.88,97.89,1027.56,4950.29,2.41,5.874,3100.0,0.006,PM2.5-1HR
956,NOR_NO0153A,2025-03-22,10.8,2.06,74.25,0,1.8,88.56,1027.43,1497.53,1.94,5.216,3100.0,0.011,PM2.5-1HR
956,NOR_NO0011A,2025-03-23,5.94,3.01,71.42,0,2.72,61,1023.03,11187.25,3.59,7.526,3100.0,0.041,PM2.5-1HR
956,NOR_NO0057A,2025-03-23,6,3.03,71.06,0,2.8,64.88,1023.06,727.91,3.65,7.61,3100.0,0.047,PM2.5-1HR
956,NOR_NO0071A,2025-03-23,6.84,3.13,71.1,0,2.8,63.06,1022.98,5794.7,3.59,7.526,3100.0,0.019,PM2.5-1HR
956,NOR_NO0072A,2025-03-23,7.07,2.98,71.62,0,2.7,59.96,1022.99,4189.22,3.59,7.526,3100.0,0.082,PM2.5-1HR
956,NOR_NO0073A,2025-03-23,7.3,3.07,71.23,0,2.75,61.62,1023.02,19813.27,3.4,7.26,3100.0,0.25,PM2.5-1HR
956,NOR_NO0083A,2025-03-23,9.76,2.99,71.58,0,2.7,60.06,1022.99,4937.94,3.59,7.526,3100.0,0.017,PM2.5-1HR
956,NOR_NO0093A,2025-03-23,6.69,3.02,71.52,0,2.71,59.9,1022.98,3881.7,3.59,7.526,3100.0,0.0,PM2.5-1HR
956,NOR_NO0095A,2025-03-23,7.77,2.91,71.75,0,2.68,60.1,1023.01,3578.09,3.65,7.61,3100.0,0.011,PM2.5-1HR
956,NOR_NO0114A,2025-03-23,10.96,2.78,72.27,0,2.62,58.17,1022.95,2835.19,3.3,7.12,3100.0,0.018,PM2.5-1HR
956,NOR_NO0122A,2025-03-23,12.24,3.04,71.05,0,2.8,64.89,1023.05,3172.81,3.65,7.61,3100.0,0.01,PM2.5-1HR
956,NOR_NO0129A,2025-03-23,15.65,3,70.84,0,2.87,68.59,1023.08,5243.09,4.57,8.898,3100.0,0.013,PM2.5-1HR
956,NOR_NO0140A,2025-03-23,7.43,3.08,71.33,0,2.74,60.51,1023,3929.05,3.59,7.526,3100.0,0.209,PM2.5-1HR
956,NOR_NO0143A,2025-03-23,9.34,3.09,71.22,0,2.76,61.46,1023.01,19250.64,3.4,7.26,3100.0,0.013,PM2.5-1HR
956,NOR_NO0149A,2025-03-23,7.45,3.07,71.1,0,2.79,63.78,1023.02,2020.38,3.59,7.526,3100.0,0.292,PM2.5-1HR
956,NOR_NO0150A,2025-03-23,15.01,3.05,71.16,0,2.77,63.14,1023.05,4950.29,3.59,7.526,3100.0,0.006,PM2.5-1HR
956,NOR_NO0153A,2025-03-23,12.55,2.82,72.23,0,2.63,57.57,1022.92,1497.53,3.3,7.12,3100.0,0.011,PM2.5-1HR
956,NOR_NO0011A,2025-03-24,8.76,1.59,78.05,0.01,2.29,157.75,1013.11,11187.25,4.94,9.416,3100.0,0.041,PM2.5-1HR
956,NOR_NO0057A,2025-03-24,11.14,1.6,77.77,0.01,2.42,160.17,1013.15,727.91,5.79,10.606,3100.0,0.047,PM2.5-1HR
956,NOR_NO0071A,2025-03-24,10.68,1.66,78.04,0.01,2.37,159.03,1013.16,5794.7,5.61,10.354,3100.0,0.019,PM2.5-1HR
956,NOR_NO0072A,2025-03-24,9.68,1.61,78.18,0.01,2.25,156.91,1013.11,4189.22,4.94,9.416,3100.0,0.082,PM2.5-1HR
956,NOR_NO0073A,2025-03-24,9.02,1.62,78.03,0.01,2.33,158.46,1013.13,19813.27,4.95,9.43,3100.0,0.25,PM2.5-1HR
956,NOR_NO0083A,2025-03-24,12.53,1.61,78.17,0.01,2.26,157.04,1013.11,4937.94,4.94,9.416,3100.0,0.017,PM2.5-1HR
956,NOR_NO0093A,2025-03-24,0,1.63,78.21,0.01,2.26,157.14,1013.12,3881.7,4.94,9.416,3100.0,0.0,PM2.5-1HR
956,NOR_NO0095A,2025-03-24,13.68,1.58,78.15,0.01,2.24,156.6,1013.09,3578.09,5.01,9.514,3100.0,0.011,PM2.5-1HR
956,NOR_NO0114A,2025-03-24,12.18,1.58,78.35,0.01,2.16,154.81,1013.06,2835.19,4.35,8.59,3100.0,0.018,PM2.5-1HR
956,NOR_NO0122A,2025-03-24,20.03,1.6,77.78,0.01,2.42,160.14,1013.15,3172.81,5.79,10.606,3100.0,0.01,PM2.5-1HR
956,NOR_NO0129A,2025-03-24,22.62,1.59,77.48,0.02,2.54,162.14,1013.17,5243.09,7.18,12.552,3100.0,0.013,PM2.5-1HR
956,NOR_NO0140A,2025-03-24,9.43,1.63,78.15,0.01,2.29,157.8,1013.13,3929.05,4.94,9.416,3100.0,0.209,PM2.5-1HR
956,NOR_NO0143A,2025-03-24,10.38,1.63,78.07,0.01,2.32,158.4,1013.14,19250.64,4.95,9.43,3100.0,0.013,PM2.5-1HR
956,NOR_NO0149A,2025-03-24,9.97,1.62,77.91,0.01,2.39,159.49,1013.15,2020.38,5.61,10.354,3100.0,0.292,PM2.5-1HR
956,NOR_NO0150A,2025-03-24,23.25,1.6,77.9,0.01,2.37,159.24,1013.14,4950.29,5.61,10.354,3100.0,0.006,PM2.5-1HR
956,NOR_NO0153A,2025-03-24,15.7,1.62,78.42,0.01,2.15,154.85,1013.07,1497.53,4.35,8.59,3100.0,0.011,PM2.5-1HR
956,NOR_NO0011A,2025-03-25,8.94,7.1,74.81,0.01,1.65,205.3,1005.33,11187.25,2.22,5.608,3100.0,0.041,PM2.5-1HR
956,NOR_NO0057A,2025-03-25,18.27,7.15,75.25,0.01,1.79,205.46,1005.35,727.91,2.23,5.622,3100.0,0.047,PM2.5-1HR
956,NOR_NO0071A,2025-03-25,11.3,7.23,75.36,0.01,1.74,202.25,1005.36,5794.7,2.15,5.51,3100.0,0.019,PM2.5-1HR
956,NOR_NO0072A,2025-03-25,12.42,7.11,74.7,0.01,1.6,204.71,1005.33,4189.22,2.22,5.608,3100.0,0.082,PM2.5-1HR
956,NOR_NO0073A,2025-03-25,10.12,7.15,75.05,0.01,1.69,203.94,1005.34,19813.27,2.19,5.566,3100.0,0.25,PM2.5-1HR
956,NOR_NO0083A,2025-03-25,16.99,7.12,74.74,0.01,1.61,204.54,1005.33,4937.94,2.22,5.608,3100.0,0.017,PM2.5-1HR
956,NOR_NO0093A,2025-03-25,0,7.15,74.83,0.01,1.61,203.64,1005.33,3881.7,2.22,5.608,3100.0,0.0,PM2.5-1HR
956,NOR_NO0095A,2025-03-25,13.32,7.07,74.52,0.01,1.59,206.21,1005.32,3578.09,2.12,5.468,3100.0,0.011,PM2.5-1HR
956,NOR_NO0114A,2025-03-25,11.5,7.05,74.17,0.01,1.5,206.62,1005.31,2835.19,1.98,5.272,3100.0,0.018,PM2.5-1HR
956,NOR_NO0122A,2025-03-25,20.14,7.16,75.28,0.01,1.79,205.21,1005.35,3172.81,2.23,5.622,3100.0,0.01,PM2.5-1HR
956,NOR_NO0129A,2025-03-25,16.41,7.18,75.55,0.01,1.92,206.5,1005.37,5243.09,2.7,6.28,3100.0,0.013,PM2.5-1HR
956,NOR_NO0140A,2025-03-25,12.34,7.16,74.98,0.01,1.65,203.15,1005.34,3929.05,2.22,5.608,3100.0,0.209,PM2.5-1HR
956,NOR_NO0143A,2025-03-25,11.99,7.16,75.09,0.01,1.68,203.33,1005.34,19250.64,2.19,5.566,3100.0,0.013,PM2.5-1HR
956,NOR_NO0149A,2025-03-25,10.89,7.18,75.27,0.01,1.76,203.99,1005.36,2020.38,2.15,5.51,3100.0,0.292,PM2.5-1HR
956,NOR_NO0150A,2025-03-25,34.3,7.14,75.11,0.01,1.73,204.91,1005.35,4950.29,2.15,5.51,3100.0,0.006,PM2.5-1HR
956,NOR_NO0153A,2025-03-25,15.25,7.09,74.3,0.01,1.5,205.23,1005.32,1497.53,1.98,5.272,3100.0,0.011,PM2.5-1HR
956,NOR_NO0011A,2025-03-26,5.06,5.98,69.77,0,2.06,248.29,1014.39,11187.25,1.62,4.768,3100.0,0.041,PM2.5-1HR
956,NOR_NO0057A,2025-03-26,8.28,6.07,69.23,0,2.16,249.62,1014.4,727.91,1.76,4.964,3100.0,0.047,PM2.5-1HR
956,NOR_NO0071A,2025-03-26,6.25,6.1,69.4,0,2.15,248.63,1014.43,5794.7,1.68,4.852,3100.0,0.019,PM2.5-1HR
956,NOR_NO0072A,2025-03-26,5.65,5.9,70.01,0,2.02,247.95,1014.4,4189.22,1.62,4.768,3100.0,0.082,PM2.5-1HR
956,NOR_NO0073A,2025-03-26,4.51,6.06,69.57,0,2.1,248.32,1014.41,19813.27,1.62,4.768,3100.0,0.25,PM2.5-1HR
956,NOR_NO0083A,2025-03-26,9.61,5.92,69.97,0,2.03,247.95,1014.4,4937.94,1.62,4.768,3100.0,0.017,PM2.5-1HR
956,NOR_NO0093A,2025-03-26,3.57,5.95,69.93,0,2.04,247.79,1014.41,3881.7,1.62,4.768,3100.0,0.0,PM2.5-1HR
956,NOR_NO0095A,2025-03-26,9.46,5.83,70.13,0,2,248.18,1014.38,3578.09,1.62,4.768,3100.0,0.011,PM2.5-1HR
956,NOR_NO0114A,2025-03-26,15.41,5.63,70.69,0,1.91,247.68,1014.38,2835.19,1.2,4.18,3100.0,0.018,PM2.5-1HR
956,NOR_NO0122A,2025-03-26,15.59,6.08,69.23,0,2.17,249.6,1014.41,3172.81,1.76,4.964,3100.0,0.01,PM2.5-1HR
956,NOR_NO0129A,2025-03-26,13.03,6.11,68.82,0,2.25,250.98,1014.41,5243.09,2.26,5.664,3100.0,0.013,PM2.5-1HR
956,NOR_NO0140A,2025-03-26,3.99,6.03,69.73,0,2.07,247.87,1014.41,3929.05,1.62,4.768,3100.0,0.209,PM2.5-1HR
956,NOR_NO0143A,2025-03-26,5.39,6.06,69.58,0,2.1,248.2,1014.41,19250.64,1.62,4.768,3100.0,0.013,PM2.5-1HR
956,NOR_NO0149A,2025-03-26,3.39,6.08,69.34,0,2.15,249.09,1014.42,2020.38,1.68,4.852,3100.0,0.292,PM2.5-1HR
956,NOR_NO0150A,2025-03-26,22.48,6.06,69.42,0,2.13,248.96,1014.4,4950.29,1.68,4.852,3100.0,0.006,PM2.5-1HR
956,NOR_NO0153A,2025-03-26,17.88,5.65,70.69,0,1.91,247.37,1014.39,1497.53,1.2,4.18,3100.0,0.011,PM2.5-1HR
956,NOR_NO0011A,2025-03-27,4.93,7.24,73.34,0.01,3.09,204.08,1007.21,11187.25,2.23,5.622,3100.0,0.041,PM2.5-1HR
956,NOR_NO0057A,2025-03-27,6.66,7.39,73.47,0.01,3.32,204.98,1007.27,727.91,2.3,5.72,3100.0,0.047,PM2.5-1HR
956,NOR_NO0071A,2025-03-27,6.78,7.43,73.65,0.01,3.25,203.62,1007.31,5794.7,2.16,5.524,3100.0,0.019,PM2.5-1HR
956,NOR_NO0072A,2025-03-27,6.71,7.15,73.48,0.02,3.02,203.56,1007.22,4189.22,2.23,5.622,3100.0,0.082,PM2.5-1HR
956,NOR_NO0073A,2025-03-27,5.66,7.35,73.38,0.01,3.16,203.89,1007.25,19813.27,2.13,5.482,3100.0,0.25,PM2.5-1HR
956,NOR_NO0083A,2025-03-27,8.9,7.17,73.47,0.02,3.03,203.55,1007.23,4937.94,2.23,5.622,3100.0,0.017,PM2.5-1HR
956,NOR_NO0093A,2025-03-27,7.37,7.22,73.5,0.02,3.04,203.27,1007.25,3881.7,2.23,5.622,3100.0,0.0,PM2.5-1HR
956,NOR_NO0095A,2025-03-27,8.66,7.06,73.44,0.02,2.98,203.98,1007.19,3578.09,2.22,5.608,3100.0,0.011,PM2.5-1HR
956,NOR_NO0114A,2025-03-27,9.12,6.81,73.67,0.02,2.82,203.45,1007.19,2835.19,2.35,5.79,3100.0,0.018,PM2.5-1HR
956,NOR_NO0122A,2025-03-27,13.01,7.4,73.5,0.01,3.32,204.9,1007.27,3172.81,2.3,5.72,3100.0,0.01,PM2.5-1HR
956,NOR_NO0129A,2025-03-27,9.09,7.46,73.63,0.01,3.52,205.98,1007.31,5243.09,2.33,5.762,3100.0,0.013,PM2.5-1HR
956,NOR_NO0140A,2025-03-27,6.48,7.31,73.44,0.01,3.1,203.38,1007.25,3929.05,2.23,5.622,3100.0,0.209,PM2.5-1HR
956,NOR_NO0143A,2025-03-27,6.96,7.37,73.42,0.01,3.16,203.67,1007.26,19250.64,2.13,5.482,3100.0,0.013,PM2.5-1HR
956,NOR_NO0149A,2025-03-27,5.28,7.4,73.54,0.01,3.27,204.31,1007.29,2020.38,2.16,5.524,3100.0,0.292,PM2.5-1HR
956,NOR_NO0150A,2025-03-27,21.22,7.36,73.4,0.01,3.23,204.49,1007.25,4950.29,2.16,5.524,3100.0,0.006,PM2.5-1HR
956,NOR_NO0153A,2025-03-27,9.64,6.85,73.76,0.02,2.82,202.93,1007.22,1497.53,2.35,5.79,3100.0,0.011,PM2.5-1HR
956,NOR_NO0011A,2025-03-28,9.44,6.87,90.99,0,5.21,188.71,1001.69,11187.25,3.89,7.946,3100.0,0.041,PM2.5-1HR
956,NOR_NO0057A,2025-03-28,12.58,6.93,91.37,0,5.42,190.3,1001.83,727.91,4.29,8.506,3100.0,0.047,PM2.5-1HR
956,NOR_NO0071A,2025-03-28,6.23,6.92,91.28,0,5.38,189.91,1001.88,5794.7,4.03,8.142,3100.0,0.019,PM2.5-1HR
956,NOR_NO0072A,2025-03-28,11.72,6.84,90.79,0,5.14,188.37,1001.69,4189.22,3.89,7.946,3100.0,0.082,PM2.5-1HR
956,NOR_NO0073A,2025-03-28,10.88,6.91,91.15,0,5.29,189.18,1001.76,19813.27,3.95,8.03,3100.0,0.25,PM2.5-1HR
956,NOR_NO0083A,2025-03-28,10.95,6.85,90.82,0,5.15,188.44,1001.7,4937.94,3.89,7.946,3100.0,0.017,PM2.5-1HR
956,NOR_NO0093A,2025-03-28,6.85,6.86,90.86,0,5.17,188.53,1001.73,3881.7,3.89,7.946,3100.0,0.0,PM2.5-1HR
956,NOR_NO0095A,2025-03-28,9.5,6.81,90.69,0,5.08,188.13,1001.63,3578.09,3.93,8.002,3100.0,0.011,PM2.5-1HR
956,NOR_NO0114A,2025-03-28,9.32,6.73,90.24,0,4.9,187.24,1001.57,2835.19,3.74,7.736,3100.0,0.018,PM2.5-1HR
956,NOR_NO0122A,2025-03-28,12.57,6.92,91.38,0,5.43,190.33,1001.84,3172.81,4.29,8.506,3100.0,0.01,PM2.5-1HR
956,NOR_NO0129A,2025-03-28,10.41,6.95,91.65,0,5.59,191.63,1001.93,5243.09,4.16,8.324,3100.0,0.013,PM2.5-1HR
956,NOR_NO0140A,2025-03-28,11.85,6.89,91.03,0,5.24,188.84,1001.76,3929.05,3.89,7.946,3100.0,0.209,PM2.5-1HR
956,NOR_NO0143A,2025-03-28,13.29,6.91,91.15,0,5.3,189.2,1001.78,19250.64,3.95,8.03,3100.0,0.013,PM2.5-1HR
956,NOR_NO0149A,2025-03-28,10.49,6.92,91.31,0,5.39,190.01,1001.84,2020.38,4.03,8.142,3100.0,0.292,PM2.5-1HR
956,NOR_NO0150A,2025-03-28,13.94,6.91,91.25,0,5.35,189.67,1001.78,4950.29,4.03,8.142,3100.0,0.006,PM2.5-1HR
956,NOR_NO0153A,2025-03-28,8.12,6.74,90.28,0,4.92,187.38,1001.62,1497.53,3.74,7.736,3100.0,0.011,PM2.5-1HR
956,NOR_NO0011A,2025-03-29,3.6,6.57,70.15,0,3.74,202.29,1006.17,11187.25,2.13,5.482,3100.0,0.041,PM2.5-1HR
956,NOR_NO0057A,2025-03-29,6.88,6.67,70.32,0,3.94,203.27,1006.25,727.91,2.39,5.846,3100.0,0.047,PM2.5-1HR
956,NOR_NO0071A,2025-03-29,4.98,6.73,70.15,0,3.89,202.77,1006.29,5794.7,2.23,5.622,3100.0,0.019,PM2.5-1HR
956,NOR_NO0072A,2025-03-29,5.08,6.54,70.08,0,3.66,202.16,1006.18,4189.22,2.13,5.482,3100.0,0.082,PM2.5-1HR
956,NOR_NO0073A,2025-03-29,4.08,6.66,70.12,0,3.81,202.39,1006.21,19813.27,2.05,5.37,3100.0,0.25,PM2.5-1HR
956,NOR_NO0083A,2025-03-29,7.11,6.55,70.08,0,3.68,202.17,1006.18,4937.94,2.13,5.482,3100.0,0.017,PM2.5-1HR
956,NOR_NO0093A,2025-03-29,4.4,6.59,70.03,0,3.69,202.11,1006.2,3881.7,2.13,5.482,3100.0,0.0,PM2.5-1HR
956,NOR_NO0095A,2025-03-29,4.96,6.45,70.16,0,3.62,202.23,1006.14,3578.09,2,5.3,3100.0,0.011,PM2.5-1HR
956,NOR_NO0114A,2025-03-29,5.05,6.32,70.09,0,3.46,202.08,1006.12,2835.19,1.99,5.286,3100.0,0.018,PM2.5-1HR
956,NOR_NO0122A,2025-03-29,8.57,6.68,70.32,0,3.94,203.27,1006.26,3172.81,2.39,5.846,3100.0,0.01,PM2.5-1HR
956,NOR_NO0129A,2025-03-29,7.19,6.7,70.54,0,4.11,204.24,1006.31,5243.09,2.79,6.406,3100.0,0.013,PM2.5-1HR
956,NOR_NO0140A,2025-03-29,4.9,6.65,70.04,0,3.75,202.14,1006.21,3929.05,2.13,5.482,3100.0,0.209,PM2.5-1HR
956,NOR_NO0143A,2025-03-29,5.2,6.68,70.09,0,3.81,202.34,1006.22,19250.64,2.05,5.37,3100.0,0.013,PM2.5-1HR
956,NOR_NO0149A,2025-03-29,3.55,6.69,70.23,0,3.9,202.97,1006.26,2020.38,2.23,5.622,3100.0,0.292,PM2.5-1HR
956,NOR_NO0150A,2025-03-29,7.38,6.66,70.23,0,3.87,202.8,1006.22,4950.29,2.23,5.622,3100.0,0.006,PM2.5-1HR
956,NOR_NO0153A,2025-03-29,6.13,6.38,69.99,0,3.47,202.02,1006.15,1497.53,1.99,5.286,3100.0,0.011,PM2.5-1HR
956,NOR_NO0011A,2025-03-30,1.71,3.26,88.84,0.22,2.54,73.59,1005.64,11187.25,0.71,3.494,3100.0,0.041,PM2.5-1HR
956,NOR_NO0057A,2025-03-30,4.7,3.32,89.41,0.21,2.64,76.75,1005.65,727.91,0.76,3.564,3100.0,0.047,PM2.5-1HR
956,NOR_NO0071A,2025-03-30,5.68,3.39,89.34,0.22,2.65,76.37,1005.62,5794.7,0.73,3.522,3100.0,0.019,PM2.5-1HR
956,NOR_NO0072A,2025-03-30,1.75,3.27,88.74,0.23,2.51,72.38,1005.62,4189.22,0.71,3.494,3100.0,0.082,PM2.5-1HR
956,NOR_NO0073A,2025-03-30,2.25,3.31,89.04,0.22,2.59,74.98,1005.63,19813.27,0.73,3.522,3100.0,0.25,PM2.5-1HR
956,NOR_NO0083A,2025-03-30,1.97,3.27,88.77,0.23,2.52,72.64,1005.62,4937.94,0.71,3.494,3100.0,0.017,PM2.5-1HR
956,NOR_NO0093A,2025-03-30,6.14,3.3,88.82,0.23,2.53,73.04,1005.61,3881.7,0.71,3.494,3100.0,0.0,PM2.5-1HR
956,NOR_NO0095A,2025-03-30,2.31,3.22,88.62,0.23,2.47,71.42,1005.62,3578.09,0.74,3.536,3100.0,0.011,PM2.5-1HR
956,NOR_NO0114A,2025-03-30,2.16,3.18,88.34,0.24,2.38,68.1,1005.59,2835.19,0.68,3.452,3100.0,0.018,PM2.5-1HR
956,NOR_NO0122A,2025-03-30,3.69,3.33,89.42,0.21,2.64,76.82,1005.65,3172.81,0.76,3.564,3100.0,0.01,PM2.5-1HR
956,NOR_NO0129A,2025-03-30,4.62,3.36,89.89,0.19,2.72,78.86,1005.67,5243.09,0.87,3.718,3100.0,0.013,PM2.5-1HR
956,NOR_NO0140A,2025-03-30,1.7,3.32,88.93,0.23,2.57,74.22,1005.62,3929.05,0.71,3.494,3100.0,0.209,PM2.5-1HR
956,NOR_NO0143A,2025-03-30,2.61,3.33,89.05,0.22,2.6,75.07,1005.63,19250.64,0.73,3.522,3100.0,0.013,PM2.5-1HR
956,NOR_NO0149A,2025-03-30,2.38,3.35,89.33,0.21,2.64,76.39,1005.64,2020.38,0.73,3.522,3100.0,0.292,PM2.5-1HR
956,NOR_NO0150A,2025-03-30,5.79,3.31,89.19,0.22,2.61,75.74,1005.64,4950.29,0.73,3.522,3100.0,0.006,PM2.5-1HR
956,NOR_NO0153A,2025-03-30,2.9,3.23,88.42,0.24,2.41,68.56,1005.58,1497.53,0.68,3.452,3100.0,0.011,PM2.5-1HR
956,NOR_NO0011A,2025-04-01,6.45,6.86,68.95,0,1.19,266.51,1030.16,11187.25,3.39,7.246,3100.0,0.041,PM2.5-1HR
956,NOR_NO0057A,2025-04-01,9.35,6.88,68.7,0,1.18,258.51,1030.16,727.91,4.2,8.38,3100.0,0.047,PM2.5-1HR
956,NOR_NO0071A,2025-04-01,9.04,6.95,68.74,0,1.14,258.58,1030.17,5794.7,3.97,8.058,3100.0,0.019,PM2.5-1HR
956,NOR_NO0072A,2025-04-01,7.01,6.85,68.96,0,1.16,266.09,1030.17,4189.22,3.39,7.246,3100.0,0.082,PM2.5-1HR
956,NOR_NO0073A,2025-04-01,5.31,6.91,68.88,0,1.17,264.01,1030.16,19813.27,3.56,7.484,3100.0,0.25,PM2.5-1HR
956,NOR_NO0083A,2025-04-01,14.55,6.86,68.95,0,1.16,265.93,1030.17,4937.94,3.39,7.246,3100.0,0.017,PM2.5-1HR
956,NOR_NO0093A,2025-04-01,7.05,6.89,68.94,0,1.15,265.11,1030.17,3881.7,3.39,7.246,3100.0,0.0,PM2.5-1HR
956,NOR_NO0095A,2025-04-01,8.94,6.8,68.99,0,1.17,267.48,1030.16,3578.09,2.89,6.546,3100.0,0.011,PM2.5-1HR
956,NOR_NO0114A,2025-04-01,8.64,6.74,69.07,0,1.14,268.07,1030.17,2835.19,1.78,4.992,3100.0,0.018,PM2.5-1HR
956,NOR_NO0122A,2025-04-01,19.83,6.89,68.69,0,1.18,258.23,1030.16,3172.81,4.2,8.38,3100.0,0.01,PM2.5-1HR
956,NOR_NO0129A,2025-04-01,25.64,6.87,68.48,0,1.22,253.11,1030.15,5243.09,6.61,11.754,3100.0,0.013,PM2.5-1HR
956,NOR_NO0140A,2025-04-01,5.13,6.92,68.9,0,1.16,264.74,1030.17,3929.05,3.39,7.246,3100.0,0.209,PM2.5-1HR
956,NOR_NO0143A,2025-04-01,9.48,6.92,68.86,0,1.17,263.5,1030.17,19250.64,3.56,7.484,3100.0,0.013,PM2.5-1HR
956,NOR_NO0149A,2025-04-01,7.29,6.91,68.74,0,1.16,259.17,1030.16,2020.38,3.97,8.058,3100.0,0.292,PM2.5-1HR
956,NOR_NO0150A,2025-04-01,30.51,6.89,68.8,0,1.18,261.69,1030.16,4950.29,3.97,8.058,3100.0,0.006,PM2.5-1HR
956,NOR_NO0153A,2025-04-01,12.79,6.78,69.08,0,1.12,266.4,1030.18,1497.53,1.78,4.992,3100.0,0.011,PM2.5-1HR
956,NOR_NO0011A,2025-04-02,8.14,8.06,74.13,0,1.18,253.32,1031.41,11187.25,4.14,8.296,3100.0,0.041,PM2.5-1HR
956,NOR_NO0057A,2025-04-02,10.28,7.89,73.61,0,1.21,244.07,1031.42,727.91,4.7,9.08,3100.0,0.047,PM2.5-1HR
956,NOR_NO0071A,2025-04-02,7.65,7.94,73.53,0,1.15,245.18,1031.44,5794.7,4.56,8.884,3100.0,0.019,PM2.5-1HR
956,NOR_NO0072A,2025-04-02,7.49,8.04,74.12,0,1.16,252.8,1031.42,4189.22,4.14,8.296,3100.0,0.082,PM2.5-1HR
956,NOR_NO0073A,2025-04-02,7.31,8.04,73.96,0,1.17,251.46,1031.42,19813.27,4.3,8.52,3100.0,0.25,PM2.5-1HR
956,NOR_NO0083A,2025-04-02,14.56,8.04,74.1,0,1.16,252.74,1031.42,4937.94,4.14,8.296,3100.0,0.017,PM2.5-1HR
956,NOR_NO0093A,2025-04-02,7.42,8.05,74.05,0,1.15,252.22,1031.42,3881.7,4.14,8.296,3100.0,0.0,PM2.5-1HR
956,NOR_NO0095A,2025-04-02,10.12,8.04,74.2,0,1.17,253.64,1031.41,3578.09,3.79,7.806,3100.0,0.011,PM2.5-1HR
956,NOR_NO0114A,2025-04-02,8.73,7.98,74.29,0,1.14,253.22,1031.41,2835.19,3.44,7.316,3100.0,0.018,PM2.5-1HR
956,NOR_NO0122A,2025-04-02,22.11,7.89,73.58,0,1.2,243.68,1031.42,3172.81,4.7,9.08,3100.0,0.01,PM2.5-1HR
956,NOR_NO0129A,2025-04-02,22.84,7.69,73.14,0,1.31,235.47,1031.41,5243.09,5.74,10.536,3100.0,0.013,PM2.5-1HR
956,NOR_NO0140A,2025-04-02,5.91,8.06,74.01,0,1.16,252.17,1031.43,3929.05,4.14,8.296,3100.0,0.209,PM2.5-1HR
956,NOR_NO0143A,2025-04-02,10.35,8.04,73.92,0,1.17,251.1,1031.43,19250.64,4.3,8.52,3100.0,0.013,PM2.5-1HR
956,NOR_NO0149A,2025-04-02,7.17,7.93,73.61,0,1.18,245.48,1031.43,2020.38,4.56,8.884,3100.0,0.292,PM2.5-1HR
956,NOR_NO0150A,2025-04-02,27.69,7.98,73.83,0,1.19,248.67,1031.42,4950.29,4.56,8.884,3100.0,0.006,PM2.5-1HR
956,NOR_NO0153A,2025-04-02,12.24,7.98,74.23,0,1.12,252,1031.41,1497.53,3.44,7.316,3100.0,0.011,PM2.5-1HR
956,NOR_NO0011A,2025-04-03,6.93,9.01,69.66,0,1.64,282.2,1025.59,11187.25,2.51,6.014,3100.0,0.041,PM2.5-1HR
956,NOR_NO0057A,2025-04-03,9.1,8.99,69.4,0,1.72,263.21,1025.58,727.91,2.68,6.252,3100.0,0.047,PM2.5-1HR
956,NOR_NO0071A,2025-04-03,7.63,8.98,69.66,0,1.61,265.08,1025.61,5794.7,2.57,6.098,3100.0,0.019,PM2.5-1HR
956,NOR_NO0072A,2025-04-03,8.85,8.96,69.54,0,1.59,283.33,1025.6,4189.22,2.51,6.014,3100.0,0.082,PM2.5-1HR
956,NOR_NO0073A,2025-04-03,7.31,9.03,69.76,0,1.64,277.75,1025.6,19813.27,2.49,5.986,3100.0,0.25,PM2.5-1HR
956,NOR_NO0083A,2025-04-03,12.54,8.97,69.57,0,1.59,282.98,1025.6,4937.94,2.51,6.014,3100.0,0.017,PM2.5-1HR
956,NOR_NO0093A,2025-04-03,8.12,8.97,69.64,0,1.57,282.2,1025.61,3881.7,2.51,6.014,3100.0,0.0,PM2.5-1HR
956,NOR_NO0095A,2025-04-03,10.32,8.95,69.39,0,1.61,284.93,1025.6,3578.09,2.41,5.874,3100.0,0.011,PM2.5-1HR
956,NOR_NO0114A,2025-04-03,8.04,8.83,69.08,0,1.53,288.25,1025.61,2835.19,2.34,5.776,3100.0,0.018,PM2.5-1HR
956,NOR_NO0122A,2025-04-03,20.44,8.98,69.41,0,1.72,262.46,1025.58,3172.81,2.68,6.252,3100.0,0.01,PM2.5-1HR
956,NOR_NO0129A,2025-04-03,17.77,8.93,68.99,0,1.9,249.39,1025.57,5243.09,2.98,6.672,3100.0,0.013,PM2.5-1HR
956,NOR_NO0140A,2025-04-03,6.94,9.01,69.78,0,1.6,280.69,1025.6,3929.05,2.51,6.014,3100.0,0.209,PM2.5-1HR
956,NOR_NO0143A,2025-04-03,9.77,9.02,69.77,0,1.62,277.3,1025.6,19250.64,2.49,5.986,3100.0,0.013,PM2.5-1HR
956,NOR_NO0149A,2025-04-03,8.85,8.99,69.55,0,1.66,265.52,1025.59,2020.38,2.57,6.098,3100.0,0.292,PM2.5-1HR
956,NOR_NO0150A,2025-04-03,26.23,9.01,69.59,0,1.67,271.59,1025.59,4950.29,2.57,6.098,3100.0,0.006,PM2.5-1HR
956,NOR_NO0153A,2025-04-03,10.82,8.82,69.2,0,1.49,287.16,1025.62,1497.53,2.34,5.776,3100.0,0.011,PM2.5-1HR
956,NOR_NO0011A,2025-04-04,2.88,6.27,42.53,0,3.42,12.81,1026.5,11187.25,2,5.3,3100.0,0.041,PM2.5-1HR
956,NOR_NO0057A,2025-04-04,3.62,6.37,41.52,0,3.55,12.31,1026.47,727.91,2.16,5.524,3100.0,0.047,PM2.5-1HR
956,NOR_NO0071A,2025-04-04,5.94,6.47,41.8,0,3.52,12.75,1026.45,5794.7,2.05,5.37,3100.0,0.019,PM2.5-1HR
956,NOR_NO0072A,2025-04-04,3.93,6.24,43.01,0,3.34,13.19,1026.5,4189.22,2,5.3,3100.0,0.082,PM2.5-1HR
956,NOR_NO0073A,2025-04-04,2.8,6.38,42.11,0,3.48,12.7,1026.49,19813.27,2,5.3,3100.0,0.25,PM2.5-1HR
956,NOR_NO0083A,2025-04-04,7.42,6.26,42.92,0,3.35,13.15,1026.5,4937.94,2,5.3,3100.0,0.017,PM2.5-1HR
956,NOR_NO0093A,2025-04-04,7.2,6.31,42.82,0,3.36,13.17,1026.49,3881.7,2,5.3,3100.0,0.0,PM2.5-1HR
956,NOR_NO0095A,2025-04-04,9.87,6.14,43.28,0,3.3,13.2,1026.51,3578.09,2.02,5.328,3100.0,0.011,PM2.5-1HR
956,NOR_NO0114A,2025-04-04,6.58,6,44.43,0,3.11,13.95,1026.51,2835.19,1.99,5.286,3100.0,0.018,PM2.5-1HR
956,NOR_NO0122A,2025-04-04,8.77,6.38,41.51,0,3.55,12.33,1026.47,3172.81,2.16,5.524,3100.0,0.01,PM2.5-1HR
956,NOR_NO0129A,2025-04-04,9.3,6.39,40.79,0,3.64,11.91,1026.45,5243.09,2.21,5.594,3100.0,0.013,PM2.5-1HR
956,NOR_NO0140A,2025-04-04,2.76,6.38,42.41,0,3.43,12.94,1026.49,3929.05,2,5.3,3100.0,0.209,PM2.5-1HR
956,NOR_NO0143A,2025-04-04,4.01,6.4,42.12,0,3.48,12.76,1026.48,19250.64,2,5.3,3100.0,0.013,PM2.5-1HR
956,NOR_NO0149A,2025-04-04,3.24,6.41,41.7,0,3.53,12.54,1026.47,2020.38,2.05,5.37,3100.0,0.292,PM2.5-1HR
956,NOR_NO0150A,2025-04-04,19.98,6.36,41.85,0,3.51,12.5,1026.48,4950.29,2.05,5.37,3100.0,0.006,PM2.5-1HR
956,NOR_NO0153A,2025-04-04,4.74,6.09,44.33,0,3.12,14.05,1026.5,1497.53,1.99,5.286,3100.0,0.011,PM2.5-1HR
956,NOR_NO0011A,2025-04-05,2.37,4.48,51.76,0,3.27,0.62,1027.91,11187.25,1.37,4.418,3100.0,0.041,PM2.5-1HR
956,NOR_NO0057A,2025-04-05,4.64,4.51,50.85,0,3.4,0.58,1027.85,727.91,1.56,4.684,3100.0,0.047,PM2.5-1HR
956,NOR_NO0071A,2025-04-05,5.81,4.6,51.15,0,3.37,0.81,1027.85,5794.7,1.46,4.544,3100.0,0.019,PM2.5-1HR
956,NOR_NO0072A,2025-04-05,3.14,4.47,52.07,0,3.22,0.53,1027.91,4189.22,1.37,4.418,3100.0,0.082,PM2.5-1HR
956,NOR_NO0073A,2025-04-05,2.87,4.55,51.47,0,3.33,0.71,1027.88,19813.27,1.46,4.544,3100.0,0.25,PM2.5-1HR
956,NOR_NO0083A,2025-04-05,6.27,4.48,52.02,0,3.23,0.56,1027.91,4937.94,1.37,4.418,3100.0,0.017,PM2.5-1HR
956,NOR_NO0093A,2025-04-05,5.91,4.52,51.97,0,3.24,0.6,1027.9,3881.7,1.37,4.418,3100.0,0.0,PM2.5-1HR
956,NOR_NO0095A,2025-04-05,3.29,4.4,52.22,0,3.19,0.42,1027.93,3578.09,1.35,4.39,3100.0,0.011,PM2.5-1HR
956,NOR_NO0114A,2025-04-05,4.49,4.31,52.93,0,3.05,0.06,1027.95,2835.19,1.18,4.152,3100.0,0.018,PM2.5-1HR
956,NOR_NO0122A,2025-04-05,7.98,4.52,50.84,0,3.4,0.6,1027.85,3172.81,1.56,4.684,3100.0,0.01,PM2.5-1HR
956,NOR_NO0129A,2025-04-05,6.53,4.48,50.1,0,3.49,0.44,1027.81,5243.09,1.6,4.74,3100.0,0.013,PM2.5-1HR
956,NOR_NO0140A,2025-04-05,2.69,4.56,51.72,0,3.29,0.71,1027.89,3929.05,1.37,4.418,3100.0,0.209,PM2.5-1HR
956,NOR_NO0143A,2025-04-05,4.61,4.57,51.48,0,3.33,0.74,1027.88,19250.64,1.46,4.544,3100.0,0.013,PM2.5-1HR
956,NOR_NO0149A,2025-04-05,3.37,4.55,51.04,0,3.38,0.7,1027.86,2020.38,1.46,4.544,3100.0,0.292,PM2.5-1HR
956,NOR_NO0150A,2025-04-05,9.02,4.52,51.19,0,3.36,0.65,1027.87,4950.29,1.46,4.544,3100.0,0.006,PM2.5-1HR
956,NOR_NO0153A,2025-04-05,4.48,4.37,52.89,0,3.06,0.12,1027.94,1497.53,1.18,4.152,3100.0,0.011,PM2.5-1HR
956,NOR_NO0011A,2025-04-06,3.53,6.47,56.61,0,1.56,320.72,1026.49,11187.25,2.02,5.328,3100.0,0.041,PM2.5-1HR
956,NOR_NO0057A,2025-04-06,5.96,6.46,56.1,0,1.66,320.15,1026.45,727.91,2.36,5.804,3100.0,0.047,PM2.5-1HR
956,NOR_NO0071A,2025-04-06,5.23,6.54,56.34,0,1.61,319.57,1026.47,5794.7,2.24,5.636,3100.0,0.019,PM2.5-1HR
956,NOR_NO0072A,2025-04-06,4.46,6.47,56.66,0,1.52,320.17,1026.5,4189.22,2.02,5.328,3100.0,0.082,PM2.5-1HR
956,NOR_NO0073A,2025-04-06,3.52,6.51,56.56,0,1.58,320.51,1026.48,19813.27,2.03,5.342,3100.0,0.25,PM2.5-1HR
956,NOR_NO0083A,2025-04-06,5.84,6.48,56.66,0,1.52,320.21,1026.5,4937.94,2.02,5.328,3100.0,0.017,PM2.5-1HR
956,NOR_NO0093A,2025-04-06,5.94,6.5,56.69,0,1.52,320.06,1026.5,3881.7,2.02,5.328,3100.0,0.0,PM2.5-1HR
956,NOR_NO0095A,2025-04-06,4.73,6.43,56.6,0,1.51,320.33,1026.5,3578.09,2.07,5.398,3100.0,0.011,PM2.5-1HR
956,NOR_NO0114A,2025-04-06,5.02,6.38,56.7,0,1.43,318.17,1026.53,2835.19,1.77,4.978,3100.0,0.018,PM2.5-1HR
956,NOR_NO0122A,2025-04-06,7.23,6.47,56.09,0,1.66,320.08,1026.45,3172.81,2.36,5.804,3100.0,0.01,PM2.5-1HR
956,NOR_NO0129A,2025-04-06,13,6.41,55.54,0,1.76,319.59,1026.42,5243.09,2.98,6.672,3100.0,0.013,PM2.5-1HR
956,NOR_NO0140A,2025-04-06,3.89,6.53,56.67,0,1.55,320.31,1026.49,3929.05,2.02,5.328,3100.0,0.209,PM2.5-1HR
956,NOR_NO0143A,2025-04-06,5.72,6.52,56.57,0,1.58,320.36,1026.48,19250.64,2.03,5.342,3100.0,0.013,PM2.5-1HR
956,NOR_NO0149A,2025-04-06,5.04,6.5,56.25,0,1.63,319.99,1026.46,2020.38,2.24,5.636,3100.0,0.292,PM2.5-1HR
956,NOR_NO0150A,2025-04-06,12.32,6.48,56.35,0,1.62,320.42,1026.47,4950.29,2.24,5.636,3100.0,0.006,PM2.5-1HR
956,NOR_NO0153A,2025-04-06,6.11,6.42,56.83,0,1.42,316.85,1026.52,1497.53,1.77,4.978,3100.0,0.011,PM2.5-1HR
956,NOR_NO0011A,2025-04-07,3.54,6.39,58.36,0,2.22,18.53,1026.7,11187.25,2.05,5.37,3100.0,0.041,PM2.5-1HR
956,NOR_NO0057A,2025-04-07,6.15,6.5,57.48,0,2.32,19.12,1026.66,727.91,2.7,6.28,3100.0,0.047,PM2.5-1HR
956,NOR_NO0071A,2025-04-07,5.99,6.57,57.62,0,2.3,18.52,1026.65,5794.7,2.59,6.126,3100.0,0.019,PM2.5-1HR
956,NOR_NO0072A,2025-04-07,5.15,6.36,58.5,0,2.17,17.95,1026.69,4189.22,2.05,5.37,3100.0,0.082,PM2.5-1HR
956,NOR_NO0073A,2025-04-07,2.91,6.48,58.06,0,2.26,18.59,1026.68,19813.27,2.17,5.538,3100.0,0.25,PM2.5-1HR
956,NOR_NO0083A,2025-04-07,9.59,6.37,58.46,0,2.18,17.99,1026.69,4937.94,2.05,5.37,3100.0,0.017,PM2.5-1HR
956,NOR_NO0093A,2025-04-07,7.88,6.41,58.37,0,2.19,17.89,1026.68,3881.7,2.05,5.37,3100.0,0.0,PM2.5-1HR
956,NOR_NO0095A,2025-04-07,9.03,6.28,58.67,0,2.15,18.04,1026.7,3578.09,2.02,5.328,3100.0,0.011,PM2.5-1HR
956,NOR_NO0114A,2025-04-07,6.35,6.15,59.12,0,2.04,16.89,1026.7,2835.19,1.85,5.09,3100.0,0.018,PM2.5-1HR
956,NOR_NO0122A,2025-04-07,14.12,6.51,57.46,0,2.32,19.09,1026.66,3172.81,2.7,6.28,3100.0,0.01,PM2.5-1HR
956,NOR_NO0129A,2025-04-07,14.79,6.55,56.73,0,2.39,19.5,1026.64,5243.09,3.58,7.512,3100.0,0.013,PM2.5-1HR
956,NOR_NO0140A,2025-04-07,2.98,6.47,58.2,0,2.23,18.2,1026.68,3929.05,2.05,5.37,3100.0,0.209,PM2.5-1HR
956,NOR_NO0143A,2025-04-07,5.81,6.5,58.03,0,2.27,18.48,1026.68,19250.64,2.17,5.538,3100.0,0.013,PM2.5-1HR
956,NOR_NO0149A,2025-04-07,4.75,6.53,57.61,0,2.3,18.83,1026.66,2020.38,2.59,6.126,3100.0,0.292,PM2.5-1HR
956,NOR_NO0150A,2025-04-07,26.05,6.48,57.82,0,2.29,18.89,1026.67,4950.29,2.59,6.126,3100.0,0.006,PM2.5-1HR
956,NOR_NO0153A,2025-04-07,7.17,6.22,59.01,0,2.04,16.56,1026.69,1497.53,1.85,5.09,3100.0,0.011,PM2.5-1HR
956,NOR_NO0011A,2025-04-08,4.3,7.25,64.27,0.01,1.46,244.06,1026.49,11187.25,2.42,5.888,3100.0,0.041,PM2.5-1HR
956,NOR_NO0057A,2025-04-08,6.99,7.34,63.6,0.02,1.53,246.94,1026.49,727.91,2.71,6.294,3100.0,0.047,PM2.5-1HR
956,NOR_NO0071A,2025-04-08,5.69,7.36,63.82,0.01,1.53,242.19,1026.51,5794.7,2.65,6.21,3100.0,0.019,PM2.5-1HR
956,NOR_NO0072A,2025-04-08,6.2,7.2,64.45,0.01,1.44,241.68,1026.49,4189.22,2.42,5.888,3100.0,0.082,PM2.5-1HR
956,NOR_NO0073A,2025-04-08,3.84,7.31,64.09,0.01,1.49,243.8,1026.49,19813.27,2.52,6.028,3100.0,0.25,PM2.5-1HR
956,NOR_NO0083A,2025-04-08,10.64,7.22,64.42,0.01,1.45,241.75,1026.49,4937.94,2.42,5.888,3100.0,0.017,PM2.5-1HR
956,NOR_NO0093A,2025-04-08,6.03,7.24,64.4,0.01,1.46,240.86,1026.5,3881.7,2.42,5.888,3100.0,0.0,PM2.5-1HR
956,NOR_NO0095A,2025-04-08,7.5,7.15,64.51,0.01,1.42,242.77,1026.49,3578.09,2.13,5.482,3100.0,0.011,PM2.5-1HR
956,NOR_NO0114A,2025-04-08,8.73,7.02,64.94,0.01,1.36,239.33,1026.49,2835.19,2.05,5.37,3100.0,0.018,PM2.5-1HR
956,NOR_NO0122A,2025-04-08,14.13,7.34,63.59,0.02,1.53,246.57,1026.49,3172.81,2.71,6.294,3100.0,0.01,PM2.5-1HR
956,NOR_NO0129A,2025-04-08,12.14,7.38,63.01,0.02,1.58,246.67,1026.49,5243.09,3.44,7.316,3100.0,0.013,PM2.5-1HR
956,NOR_NO0140A,2025-04-08,4.23,7.29,64.25,0.01,1.48,241.69,1026.5,3929.05,2.42,5.888,3100.0,0.209,PM2.5-1HR
956,NOR_NO0143A,2025-04-08,6.77,7.32,64.09,0.01,1.5,242.99,1026.5,19250.64,2.52,6.028,3100.0,0.013,PM2.5-1HR
956,NOR_NO0149A,2025-04-08,5.89,7.34,63.75,0.02,1.52,244.83,1026.5,2020.38,2.65,6.21,3100.0,0.292,PM2.5-1HR
956,NOR_NO0153A,2025-04-08,9.64,7.05,64.97,0.01,1.38,237.71,1026.5,1497.53,2.05,5.37,3100.0,0.011,PM2.5-1HR
956,NOR_NO0011A,2025-04-09,5.49,6.33,59.74,0,2.77,1.29,1022.84,11187.25,3.1,6.84,3100.0,0.041,PM2.5-1HR
956,NOR_NO0057A,2025-04-09,6.74,6.33,58.78,0,2.91,1.7,1022.84,727.91,3.12,6.868,3100.0,0.047,PM2.5-1HR
956,NOR_NO0071A,2025-04-09,6.79,6.43,59.14,0,2.84,2.09,1022.83,5794.7,3.07,6.798,3100.0,0.019,PM2.5-1HR
956,NOR_NO0072A,2025-04-09,8.32,6.3,60.12,0,2.69,1.09,1022.83,4189.22,3.1,6.84,3100.0,0.082,PM2.5-1HR
956,NOR_NO0073A,2025-04-09,4.75,6.4,59.44,0,2.81,1.67,1022.83,19813.27,3.02,6.728,3100.0,0.25,PM2.5-1HR
956,NOR_NO0083A,2025-04-09,12.35,6.31,60.06,0,2.7,1.16,1022.83,4937.94,3.1,6.84,3100.0,0.017,PM2.5-1HR
956,NOR_NO0093A,2025-04-09,7.84,6.35,60.02,0,2.7,1.33,1022.83,3881.7,3.1,6.84,3100.0,0.0,PM2.5-1HR
956,NOR_NO0095A,2025-04-09,7.48,6.22,60.27,0,2.68,0.76,1022.84,3578.09,3.19,6.966,3100.0,0.011,PM2.5-1HR
956,NOR_NO0114A,2025-04-09,13.05,6.09,61.12,0,2.52,359.97,1022.83,2835.19,3.38,7.232,3100.0,0.018,PM2.5-1HR
956,NOR_NO0122A,2025-04-09,18.76,6.34,58.78,0,2.91,1.74,1022.84,3172.81,3.12,6.868,3100.0,0.01,PM2.5-1HR
956,NOR_NO0129A,2025-04-09,13.8,6.26,58,0,3.03,1.79,1022.85,5243.09,2.9,6.56,3100.0,0.013,PM2.5-1HR
956,NOR_NO0140A,2025-04-09,4.97,6.4,59.72,0,2.76,1.63,1022.83,3929.05,3.1,6.84,3100.0,0.209,PM2.5-1HR
956,NOR_NO0143A,2025-04-09,6.4,6.41,59.46,0,2.8,1.75,1022.83,19250.64,3.02,6.728,3100.0,0.013,PM2.5-1HR
956,NOR_NO0149A,2025-04-09,6.23,6.38,59,0,2.87,1.86,1022.84,2020.38,3.07,6.798,3100.0,0.292,PM2.5-1HR
956,NOR_NO0153A,2025-04-09,11.03,6.16,61.12,0,2.5,0.14,1022.82,1497.53,3.38,7.232,3100.0,0.011,PM2.5-1HR
956,NOR_NO0011A,2025-04-10,4.65,6.03,57.81,0,2.81,239.12,1016.12,11187.25,2.31,5.734,3100.0,0.041,PM2.5-1HR
956,NOR_NO0057A,2025-04-10,5.3,6.03,57.09,0,2.96,239.73,1016.1,727.91,2.49,5.986,3100.0,0.047,PM2.5-1HR
956,NOR_NO0071A,2025-04-10,4.65,6.15,57,0,2.9,239.03,1016.15,5794.7,2.43,5.902,3100.0,0.019,PM2.5-1HR
956,NOR_NO0072A,2025-04-10,7.12,6.05,57.86,0,2.74,238.54,1016.14,4189.22,2.31,5.734,3100.0,0.082,PM2.5-1HR
956,NOR_NO0073A,2025-04-10,3.61,6.09,57.46,0,2.86,239.22,1016.13,19813.27,2.33,5.762,3100.0,0.25,PM2.5-1HR
956,NOR_NO0083A,2025-04-10,11.65,6.06,57.81,0,2.75,238.6,1016.14,4937.94,2.31,5.734,3100.0,0.017,PM2.5-1HR
956,NOR_NO0093A,2025-04-10,5.55,6.1,57.67,0,2.76,238.54,1016.15,3881.7,2.31,5.734,3100.0,0.0,PM2.5-1HR
956,NOR_NO0095A,2025-04-10,5.35,5.98,58.13,0,2.72,238.51,1016.13,3578.09,2.16,5.524,3100.0,0.011,PM2.5-1HR
956,NOR_NO0114A,2025-04-10,6.25,5.95,58.48,0,2.59,237.15,1016.16,2835.19,2.51,6.014,3100.0,0.018,PM2.5-1HR
956,NOR_NO0122A,2025-04-10,11.1,6.04,57.06,0,2.96,239.69,1016.11,3172.81,2.49,5.986,3100.0,0.01,PM2.5-1HR
956,NOR_NO0129A,2025-04-10,8.45,5.99,56.56,0,3.09,240.06,1016.08,5243.09,2.74,6.336,3100.0,0.013,PM2.5-1HR
956,NOR_NO0140A,2025-04-10,6.86,6.12,57.52,0,2.81,238.85,1016.14,3929.05,2.31,5.734,3100.0,0.209,PM2.5-1HR
956,NOR_NO0143A,2025-04-10,5.63,6.11,57.39,0,2.85,239.1,1016.13,19250.64,2.33,5.762,3100.0,0.013,PM2.5-1HR
956,NOR_NO0149A,2025-04-10,3.74,6.09,57.1,0,2.92,239.4,1016.12,2020.38,2.43,5.902,3100.0,0.292,PM2.5-1HR
956,NOR_NO0153A,2025-04-10,7.57,6.02,58.24,0,2.59,237.06,1016.18,1497.53,2.51,6.014,3100.0,0.011,PM2.5-1HR
956,NOR_NO0011A,2025-04-11,3.77,10.79,56.97,0,2.34,271.49,1006.32,11187.25,1.76,4.964,3100.0,0.041,PM2.5-1HR
956,NOR_NO0057A,2025-04-11,7.24,10.84,56.53,0,2.41,270.19,1006.28,727.91,1.86,5.104,3100.0,0.047,PM2.5-1HR
956,NOR_NO0071A,2025-04-11,4.93,10.95,56.29,0,2.39,270.88,1006.32,5794.7,1.82,5.048,3100.0,0.019,PM2.5-1HR
956,NOR_NO0072A,2025-04-11,4.54,10.84,56.84,0,2.32,271.27,1006.34,4189.22,1.76,4.964,3100.0,0.082,PM2.5-1HR
956,NOR_NO0073A,2025-04-11,2.27,10.85,56.75,0,2.36,271.45,1006.31,19813.27,1.71,4.894,3100.0,0.25,PM2.5-1HR
956,NOR_NO0083A,2025-04-11,8.38,10.84,56.83,0,2.33,271.32,1006.34,4937.94,1.76,4.964,3100.0,0.017,PM2.5-1HR
956,NOR_NO0093A,2025-04-11,5.78,10.88,56.72,0,2.33,271.39,1006.34,3881.7,1.76,4.964,3100.0,0.0,PM2.5-1HR
956,NOR_NO0095A,2025-04-11,6.82,10.78,57.02,0,2.31,271.08,1006.34,3578.09,1.9,5.16,3100.0,0.011,PM2.5-1HR
956,NOR_NO0114A,2025-04-11,6.15,10.8,56.98,0,2.27,270.56,1006.38,2835.19,2,5.3,3100.0,0.018,PM2.5-1HR
956,NOR_NO0122A,2025-04-11,15.21,10.85,56.49,0,2.41,270.2,1006.28,3172.81,1.86,5.104,3100.0,0.01,PM2.5-1HR
956,NOR_NO0129A,2025-04-11,8.86,10.86,56.16,0,2.47,268.71,1006.25,5243.09,1.83,5.062,3100.0,0.013,PM2.5-1HR
956,NOR_NO0140A,2025-04-11,4.65,10.88,56.7,0,2.34,271.6,1006.33,3929.05,1.76,4.964,3100.0,0.209,PM2.5-1HR
956,NOR_NO0143A,2025-04-11,4.87,10.87,56.66,0,2.36,271.46,1006.31,19250.64,1.71,4.894,3100.0,0.013,PM2.5-1HR
956,NOR_NO0149A,2025-04-11,4.42,10.88,56.46,0,2.39,270.64,1006.3,2020.38,1.82,5.048,3100.0,0.292,PM2.5-1HR
956,NOR_NO0150A,2025-04-11,12.15,10.83,56.69,0,2.38,270.89,1006.29,4950.29,1.82,5.048,3100.0,0.006,PM2.5-1HR
956,NOR_NO0153A,2025-04-11,9,10.86,56.81,0,2.28,270.7,1006.39,1497.53,2,5.3,3100.0,0.011,PM2.5-1HR
956,NOR_NO0011A,2025-04-12,3.47,11.78,49.87,0,2.17,259.82,1006.44,11187.25,0.71,3.494,3100.0,0.041,PM2.5-1HR
956,NOR_NO0057A,2025-04-12,5.4,11.88,49.24,0,2.24,259.35,1006.42,727.91,0.67,3.438,3100.0,0.047,PM2.5-1HR
956,NOR_NO0071A,2025-04-12,5.06,11.89,49.56,0,2.22,258.94,1006.45,5794.7,0.7,3.48,3100.0,0.019,PM2.5-1HR
956,NOR_NO0072A,2025-04-12,3.85,11.74,50.11,0,2.14,259.44,1006.46,4189.22,0.71,3.494,3100.0,0.082,PM2.5-1HR
956,NOR_NO0073A,2025-04-12,1.73,11.84,49.7,0,2.19,259.6,1006.44,19813.27,0.72,3.508,3100.0,0.25,PM2.5-1HR
956,NOR_NO0083A,2025-04-12,5.79,11.75,50.08,0,2.15,259.45,1006.46,4937.94,0.71,3.494,3100.0,0.017,PM2.5-1HR
956,NOR_NO0093A,2025-04-12,5.9,11.77,50.07,0,2.15,259.31,1006.46,3881.7,0.71,3.494,3100.0,0.0,PM2.5-1HR
956,NOR_NO0095A,2025-04-12,5.04,11.69,50.15,0,2.13,259.64,1006.45,3578.09,0.73,3.522,3100.0,0.011,PM2.5-1HR
956,NOR_NO0114A,2025-04-12,3.49,11.58,50.68,0,2.07,259.15,1006.48,2835.19,0.95,3.83,3100.0,0.018,PM2.5-1HR
956,NOR_NO0122A,2025-04-12,5.78,11.88,49.25,0,2.24,259.29,1006.42,3172.81,0.67,3.438,3100.0,0.01,PM2.5-1HR
956,NOR_NO0129A,2025-04-12,5.27,11.93,48.7,0,2.31,259.11,1006.39,5243.09,0.47,3.158,3100.0,0.013,PM2.5-1HR
956,NOR_NO0140A,2025-04-12,4.48,11.82,49.89,0,2.17,259.46,1006.45,3929.05,0.71,3.494,3100.0,0.209,PM2.5-1HR
956,NOR_NO0143A,2025-04-12,3.51,11.85,49.73,0,2.19,259.48,1006.45,19250.64,0.72,3.508,3100.0,0.013,PM2.5-1HR
956,NOR_NO0149A,2025-04-12,3.46,11.88,49.43,0,2.23,259.2,1006.43,2020.38,0.7,3.48,3100.0,0.292,PM2.5-1HR
956,NOR_NO0150A,2025-04-12,8.63,11.85,49.49,0,2.21,259.52,1006.43,4950.29,0.7,3.48,3100.0,0.006,PM2.5-1HR
956,NOR_NO0153A,2025-04-12,7.82,11.61,50.76,0,2.07,258.81,1006.49,1497.53,0.95,3.83,3100.0,0.011,PM2.5-1HR
956,NOR_NO0011A,2025-04-13,6.61,8.03,82.47,0.09,2.38,153.88,1002.06,11187.25,3.84,7.876,3100.0,0.041,PM2.5-1HR
956,NOR_NO0057A,2025-04-13,7.96,8.32,80.3,0.08,2.47,157.38,1002.09,727.91,3.96,8.044,3100.0,0.047,PM2.5-1HR
956,NOR_NO0071A,2025-04-13,6.79,8.3,81.07,0.08,2.46,156.28,1002.09,5794.7,3.78,7.792,3100.0,0.019,PM2.5-1HR
956,NOR_NO0072A,2025-04-13,9.26,7.95,82.91,0.1,2.34,153.14,1002.05,4189.22,3.84,7.876,3100.0,0.082,PM2.5-1HR
956,NOR_NO0073A,2025-04-13,7.07,8.16,81.92,0.09,2.42,154.9,1002.07,19813.27,3.71,7.694,3100.0,0.25,PM2.5-1HR
956,NOR_NO0083A,2025-04-13,9.59,7.97,82.84,0.09,2.35,153.29,1002.05,4937.94,3.84,7.876,3100.0,0.017,PM2.5-1HR
956,NOR_NO0093A,2025-04-13,6.79,8.01,82.78,0.09,2.36,153.49,1002.05,3881.7,3.84,7.876,3100.0,0.0,PM2.5-1HR
956,NOR_NO0095A,2025-04-13,7.16,7.86,83.1,0.1,2.31,152.6,1002.04,3578.09,3.98,8.072,3100.0,0.011,PM2.5-1HR
956,NOR_NO0114A,2025-04-13,9.6,7.63,84.13,0.1,2.22,150.7,1002.01,2835.19,4.23,8.422,3100.0,0.018,PM2.5-1HR
956,NOR_NO0122A,2025-04-13,10.72,8.33,80.29,0.08,2.48,157.4,1002.09,3172.81,3.96,8.044,3100.0,0.01,PM2.5-1HR
956,NOR_NO0129A,2025-04-13,10.64,8.54,78.36,0.06,2.55,160.21,1002.12,5243.09,3.44,7.316,3100.0,0.013,PM2.5-1HR
956,NOR_NO0140A,2025-04-13,12.23,8.1,82.41,0.09,2.39,154.15,1002.06,3929.05,3.84,7.876,3100.0,0.209,PM2.5-1HR
956,NOR_NO0143A,2025-04-13,9.83,8.17,81.94,0.09,2.42,154.91,1002.07,19250.64,3.71,7.694,3100.0,0.013,PM2.5-1HR
956,NOR_NO0149A,2025-04-13,6.92,8.29,80.81,0.08,2.46,156.64,1002.09,2020.38,3.78,7.792,3100.0,0.292,PM2.5-1HR
956,NOR_NO0150A,2025-04-13,10.77,8.22,81.2,0.08,2.44,156,1002.08,4950.29,3.78,7.792,3100.0,0.006,PM2.5-1HR
956,NOR_NO0153A,2025-04-13,8.8,7.68,84.14,0.1,2.23,151.07,1002.02,1497.53,4.23,8.422,3100.0,0.011,PM2.5-1HR
956,NOR_NO0011A,2025-04-14,5.06,9.62,68.3,0.01,3.13,211.68,1001.88,11187.25,2.04,5.356,3100.0,0.041,PM2.5-1HR
956,NOR_NO0057A,2025-04-14,7.12,9.82,67.76,0.01,3.36,212.78,1001.91,727.91,2.18,5.552,3100.0,0.047,PM2.5-1HR
956,NOR_NO0071A,2025-04-14,6.64,9.81,68.04,0.01,3.3,211.71,1001.96,5794.7,2.11,5.454,3100.0,0.019,PM2.5-1HR
956,NOR_NO0072A,2025-04-14,5.91,9.53,68.41,0.01,3.06,211.27,1001.89,4189.22,2.04,5.356,3100.0,0.082,PM2.5-1HR
956,NOR_NO0073A,2025-04-14,5.54,9.73,68.19,0.01,3.21,211.68,1001.91,19813.27,2,5.3,3100.0,0.25,PM2.5-1HR
956,NOR_NO0083A,2025-04-14,7.76,9.55,68.39,0.01,3.07,211.28,1001.89,4937.94,2.04,5.356,3100.0,0.017,PM2.5-1HR
956,NOR_NO0093A,2025-04-14,6.42,9.59,68.39,0.01,3.09,211.11,1001.91,3881.7,2.04,5.356,3100.0,0.0,PM2.5-1HR
956,NOR_NO0095A,2025-04-14,4.95,9.44,68.44,0.01,3.02,211.51,1001.86,3578.09,1.88,5.132,3100.0,0.011,PM2.5-1HR
956,NOR_NO0114A,2025-04-14,5.61,9.21,68.66,0.01,2.85,210.99,1001.86,2835.19,2.07,5.398,3100.0,0.018,PM2.5-1HR
956,NOR_NO0122A,2025-04-14,8.51,9.82,67.77,0.01,3.36,212.73,1001.92,3172.81,2.18,5.552,3100.0,0.01,PM2.5-1HR
956,NOR_NO0129A,2025-04-14,7.83,9.94,67.26,0.01,3.56,213.93,1001.93,5243.09,2.62,6.168,3100.0,0.013,PM2.5-1HR
956,NOR_NO0140A,2025-04-14,7.94,9.68,68.31,0.01,3.15,211.24,1001.91,3929.05,2.04,5.356,3100.0,0.209,PM2.5-1HR
956,NOR_NO0143A,2025-04-14,5.75,9.74,68.2,0.01,3.21,211.53,1001.91,19250.64,2,5.3,3100.0,0.013,PM2.5-1HR
956,NOR_NO0149A,2025-04-14,5.57,9.81,67.93,0.01,3.32,212.22,1001.93,2020.38,2.11,5.454,3100.0,0.292,PM2.5-1HR
956,NOR_NO0150A,2025-04-14,9.69,9.76,68,0.01,3.27,212.24,1001.9,4950.29,2.11,5.454,3100.0,0.006,PM2.5-1HR
956,NOR_NO0153A,2025-04-14,4.98,9.26,68.66,0.01,2.86,210.65,1001.89,1497.53,2.07,5.398,3100.0,0.011,PM2.5-1HR
956,NOR_NO0011A,2025-04-15,6.16,7.91,72.21,0,1.91,135.82,1012.37,11187.25,4.21,8.394,3100.0,0.041,PM2.5-1HR
956,NOR_NO0057A,2025-04-15,5.34,8.08,71.16,0,2.04,138.89,1012.4,727.91,4.59,8.926,3100.0,0.047,PM2.5-1HR
956,NOR_NO0071A,2025-04-15,7.27,8.18,71.27,0,2.02,138,1012.38,5794.7,4.46,8.744,3100.0,0.019,PM2.5-1HR
956,NOR_NO0072A,2025-04-15,7.23,7.87,72.37,0,1.88,135.07,1012.36,4189.22,4.21,8.394,3100.0,0.082,PM2.5-1HR
956,NOR_NO0073A,2025-04-15,6.38,8.04,71.82,0,1.95,136.87,1012.38,19813.27,4.17,8.338,3100.0,0.25,PM2.5-1HR
956,NOR_NO0083A,2025-04-15,8.55,7.89,72.32,0,1.89,135.23,1012.36,4937.94,4.21,8.394,3100.0,0.017,PM2.5-1HR
956,NOR_NO0093A,2025-04-15,7.45,7.95,72.2,0,1.9,135.49,1012.36,3881.7,4.21,8.394,3100.0,0.0,PM2.5-1HR
956,NOR_NO0095A,2025-04-15,7,7.75,72.62,0,1.85,134.41,1012.36,3578.09,4.28,8.492,3100.0,0.011,PM2.5-1HR
956,NOR_NO0114A,2025-04-15,8.3,7.57,73.16,0,1.78,132.33,1012.33,2835.19,4.55,8.87,3100.0,0.018,PM2.5-1HR
956,NOR_NO0122A,2025-04-15,11.69,8.09,71.13,0,2.04,138.91,1012.4,3172.81,4.59,8.926,3100.0,0.01,PM2.5-1HR
956,NOR_NO0129A,2025-04-15,10.92,8.16,70.3,0,2.16,141.1,1012.43,5243.09,4.87,9.318,3100.0,0.013,PM2.5-1HR
956,NOR_NO0140A,2025-04-15,9.72,8.03,71.99,0,1.93,136.2,1012.36,3929.05,4.21,8.394,3100.0,0.209,PM2.5-1HR
956,NOR_NO0143A,2025-04-15,7.73,8.07,71.77,0,1.96,136.89,1012.37,19250.64,4.17,8.338,3100.0,0.013,PM2.5-1HR
956,NOR_NO0149A,2025-04-15,6.73,8.12,71.29,0,2.02,138.29,1012.39,2020.38,4.46,8.744,3100.0,0.292,PM2.5-1HR
956,NOR_NO0150A,2025-04-15,14.58,8.05,71.55,0,1.99,137.77,1012.39,4950.29,4.46,8.744,3100.0,0.006,PM2.5-1HR
956,NOR_NO0153A,2025-04-15,8.93,7.66,72.99,0,1.8,132.81,1012.32,1497.53,4.55,8.87,3100.0,0.011,PM2.5-1HR
956,NOR_NO0011A,2025-04-16,8.5,9.83,90.2,0.35,2.04,98.17,1010.12,11187.25,4.48,8.772,3100.0,0.041,PM2.5-1HR
956,NOR_NO0057A,2025-04-16,8.65,10.04,89.57,0.35,2.19,104.07,1010.13,727.91,4.53,8.842,3100.0,0.047,PM2.5-1HR
956,NOR_NO0071A,2025-04-16,9.86,10.05,89.72,0.35,2.11,102.59,1010.08,5794.7,4.56,8.884,3100.0,0.019,PM2.5-1HR
956,NOR_NO0072A,2025-04-16,10.83,9.79,90.27,0.35,1.97,97.06,1010.09,4189.22,4.48,8.772,3100.0,0.082,PM2.5-1HR
956,NOR_NO0073A,2025-04-16,10.14,9.94,90.01,0.35,2.08,99.76,1010.11,19813.27,4.35,8.59,3100.0,0.25,PM2.5-1HR
956,NOR_NO0083A,2025-04-16,10.5,9.8,90.24,0.35,1.98,97.28,1010.09,4937.94,4.48,8.772,3100.0,0.017,PM2.5-1HR
956,NOR_NO0093A,2025-04-16,10.57,9.84,90.19,0.35,1.98,97.5,1010.08,3881.7,4.48,8.772,3100.0,0.0,PM2.5-1HR
956,NOR_NO0095A,2025-04-16,10.61,9.72,90.37,0.35,1.96,96.45,1010.11,3578.09,4.7,9.08,3100.0,0.011,PM2.5-1HR
956,NOR_NO0114A,2025-04-16,11.02,9.56,90.6,0.35,1.82,93.38,1010.08,2835.19,5.06,9.584,3100.0,0.018,PM2.5-1HR
956,NOR_NO0122A,2025-04-16,13.05,10.05,89.56,0.35,2.19,104.17,1010.13,3172.81,4.53,8.842,3100.0,0.01,PM2.5-1HR
956,NOR_NO0129A,2025-04-16,15.73,10.19,89.01,0.35,2.35,108.64,1010.15,5243.09,4.47,8.758,3100.0,0.013,PM2.5-1HR
956,NOR_NO0140A,2025-04-16,13.17,9.9,90.1,0.35,2.03,98.47,1010.09,3929.05,4.48,8.772,3100.0,0.209,PM2.5-1HR
956,NOR_NO0143A,2025-04-16,11.7,9.95,89.99,0.35,2.07,99.79,1010.1,19250.64,4.35,8.59,3100.0,0.013,PM2.5-1HR
956,NOR_NO0149A,2025-04-16,8.28,10.03,89.69,0.35,2.15,103,1010.11,2020.38,4.56,8.884,3100.0,0.292,PM2.5-1HR
956,NOR_NO0150A,2025-04-16,19.48,9.97,89.83,0.35,2.13,101.7,1010.12,4950.29,4.56,8.884,3100.0,0.006,PM2.5-1HR
956,NOR_NO0153A,2025-04-16,9.25,9.6,90.54,0.35,1.81,93.47,1010.06,1497.53,5.06,9.584,3100.0,0.011,PM2.5-1HR
956,NOR_NO0011A,2025-04-17,11,11.22,93.47,0.13,1.24,79.63,1011.05,11187.25,1.4,4.46,3100.0,0.041,PM2.5-1HR
956,NOR_NO0057A,2025-04-17,13.73,11.47,92.2,0.1,1.29,99.45,1011.03,727.91,1.53,4.642,3100.0,0.047,PM2.5-1HR
956,NOR_NO0071A,2025-04-17,9.2,11.52,92.35,0.1,1.26,93.55,1011.02,5794.7,1.55,4.67,3100.0,0.019,PM2.5-1HR
956,NOR_NO0072A,2025-04-17,14.19,11.17,93.64,0.14,1.21,73.51,1011.06,4189.22,1.4,4.46,3100.0,0.082,PM2.5-1HR
956,NOR_NO0073A,2025-04-17,12.74,11.35,93.03,0.12,1.25,84.99,1011.04,19813.27,1.51,4.614,3100.0,0.25,PM2.5-1HR
956,NOR_NO0083A,2025-04-17,12.71,11.19,93.58,0.14,1.22,74.41,1011.05,4937.94,1.4,4.46,3100.0,0.017,PM2.5-1HR
956,NOR_NO0093A,2025-04-17,7.97,11.24,93.46,0.13,1.22,74.58,1011.05,3881.7,1.4,4.46,3100.0,0.0,PM2.5-1HR
956,NOR_NO0095A,2025-04-17,15.2,11.07,93.9,0.14,1.21,72.17,1011.07,3578.09,1.14,4.096,3100.0,0.011,PM2.5-1HR
956,NOR_NO0114A,2025-04-17,13.69,10.88,94.49,0.16,1.16,56.82,1011.09,2835.19,0.97,3.858,3100.0,0.018,PM2.5-1HR
956,NOR_NO0122A,2025-04-17,16.05,11.49,92.17,0.1,1.29,99.6,1011.03,3172.81,1.53,4.642,3100.0,0.01,PM2.5-1HR
956,NOR_NO0129A,2025-04-17,17.55,11.65,91.14,0.08,1.39,107.92,1011.01,5243.09,1.81,5.034,3100.0,0.013,PM2.5-1HR
956,NOR_NO0140A,2025-04-17,16.15,11.33,93.23,0.13,1.23,79.17,1011.04,3929.05,1.4,4.46,3100.0,0.209,PM2.5-1HR
956,NOR_NO0143A,2025-04-17,15.42,11.38,92.97,0.12,1.25,84.65,1011.04,19250.64,1.51,4.614,3100.0,0.013,PM2.5-1HR
956,NOR_NO0149A,2025-04-17,13.38,11.48,92.36,0.11,1.27,95.83,1011.03,2020.38,1.55,4.67,3100.0,0.292,PM2.5-1HR
956,NOR_NO0150A,2025-04-17,16.2,11.39,92.69,0.11,1.27,92.27,1011.04,4950.29,1.55,4.67,3100.0,0.006,PM2.5-1HR
956,NOR_NO0153A,2025-04-17,11,10.95,94.33,0.15,1.16,54.51,1011.08,1497.53,0.97,3.858,3100.0,0.011,PM2.5-1HR
956,NOR_NO0011A,2025-04-18,2.62,10.47,73.91,0.08,1.62,329.58,1009.84,11187.25,0.71,3.494,3100.0,0.041,PM2.5-1HR
956,NOR_NO0057A,2025-04-18,5.84,10.84,72,0.07,1.65,327.48,1009.78,727.91,0.82,3.648,3100.0,0.047,PM2.5-1HR
956,NOR_NO0071A,2025-04-18,4.18,10.76,72.6,0.07,1.65,328.2,1009.78,5794.7,0.77,3.578,3100.0,0.019,PM2.5-1HR
956,NOR_NO0072A,2025-04-18,2.67,10.4,73.99,0.08,1.6,329.47,1009.85,4189.22,0.71,3.494,3100.0,0.082,PM2.5-1HR
956,NOR_NO0073A,2025-04-18,4.08,10.59,73.53,0.08,1.64,329.31,1009.82,19813.27,0.75,3.55,3100.0,0.25,PM2.5-1HR
956,NOR_NO0083A,2025-04-18,3.17,10.41,73.97,0.08,1.61,329.5,1009.85,4937.94,0.71,3.494,3100.0,0.017,PM2.5-1HR
956,NOR_NO0093A,2025-04-18,4.32,10.44,73.94,0.08,1.61,329.5,1009.84,3881.7,0.71,3.494,3100.0,0.0,PM2.5-1HR
956,NOR_NO0095A,2025-04-18,3,10.33,74.05,0.08,1.59,329.34,1009.87,3578.09,0.72,3.508,3100.0,0.011,PM2.5-1HR
956,NOR_NO0114A,2025-04-18,1.44,10.14,74.31,0.09,1.54,328.55,1009.91,2835.19,0.68,3.452,3100.0,0.018,PM2.5-1HR
956,NOR_NO0122A,2025-04-18,3.25,10.84,71.98,0.07,1.65,327.42,1009.77,3172.81,0.82,3.648,3100.0,0.01,PM2.5-1HR
956,NOR_NO0129A,2025-04-18,3.44,11.15,70.14,0.05,1.67,326.25,1009.72,5243.09,0.77,3.578,3100.0,0.013,PM2.5-1HR
956,NOR_NO0140A,2025-04-18,2.86,10.52,73.85,0.08,1.63,329.55,1009.83,3929.05,0.71,3.494,3100.0,0.209,PM2.5-1HR
956,NOR_NO0143A,2025-04-18,2.88,10.59,73.51,0.08,1.64,329.29,1009.81,19250.64,0.75,3.55,3100.0,0.013,PM2.5-1HR
956,NOR_NO0149A,2025-04-18,3.88,10.77,72.43,0.07,1.65,328.05,1009.78,2020.38,0.77,3.578,3100.0,0.292,PM2.5-1HR
956,NOR_NO0150A,2025-04-18,5.02,10.69,72.87,0.07,1.64,328.64,1009.8,4950.29,0.77,3.578,3100.0,0.006,PM2.5-1HR
956,NOR_NO0153A,2025-04-18,1.52,10.17,74.32,0.08,1.55,328.62,1009.9,1497.53,0.68,3.452,3100.0,0.011,PM2.5-1HR
956,NOR_NO0011A,2025-04-19,1.66,8.85,75.5,0.21,3.28,24.83,1012.23,11187.25,1.05,3.97,3100.0,0.041,PM2.5-1HR
956,NOR_NO0057A,2025-04-19,2.23,8.98,76.11,0.26,3.38,26.33,1012.18,727.91,1.23,4.222,3100.0,0.047,PM2.5-1HR
956,NOR_NO0071A,2025-04-19,4.77,8.96,76.47,0.27,3.38,25.22,1012.13,5794.7,1.15,4.11,3100.0,0.019,PM2.5-1HR
956,NOR_NO0072A,2025-04-19,2.22,8.77,75.7,0.22,3.23,24.04,1012.22,4189.22,1.05,3.97,3100.0,0.082,PM2.5-1HR
956,NOR_NO0073A,2025-04-19,2.1,8.92,75.79,0.23,3.34,25.04,1012.2,19813.27,1.1,4.04,3100.0,0.25,PM2.5-1HR
956,NOR_NO0083A,2025-04-19,2.89,8.78,75.71,0.22,3.24,24.11,1012.21,4937.94,1.05,3.97,3100.0,0.017,PM2.5-1HR
956,NOR_NO0093A,2025-04-19,4.84,8.8,75.86,0.23,3.26,23.98,1012.2,3881.7,1.05,3.97,3100.0,0.0,PM2.5-1HR
956,NOR_NO0095A,2025-04-19,2.63,8.71,75.45,0.2,3.2,24.16,1012.24,3578.09,1.08,4.012,3100.0,0.011,PM2.5-1HR
956,NOR_NO0114A,2025-04-19,2.14,8.51,75.61,0.19,3.07,22.68,1012.25,2835.19,1.05,3.97,3100.0,0.018,PM2.5-1HR
956,NOR_NO0122A,2025-04-19,2.42,8.98,76.17,0.26,3.39,26.29,1012.17,3172.81,1.23,4.222,3100.0,0.01,PM2.5-1HR
956,NOR_NO0129A,2025-04-19,3.37,9.06,76.66,0.29,3.45,27.76,1012.15,5243.09,1.33,4.362,3100.0,0.013,PM2.5-1HR
956,NOR_NO0140A,2025-04-19,2.32,8.88,75.85,0.23,3.31,24.42,1012.19,3929.05,1.05,3.97,3100.0,0.209,PM2.5-1HR
956,NOR_NO0143A,2025-04-19,2.08,8.92,75.9,0.24,3.34,24.89,1012.18,19250.64,1.1,4.04,3100.0,0.013,PM2.5-1HR
956,NOR_NO0149A,2025-04-19,2.78,8.96,76.22,0.26,3.38,25.73,1012.16,2020.38,1.15,4.11,3100.0,0.292,PM2.5-1HR
956,NOR_NO0150A,2025-04-19,3.47,8.95,75.88,0.24,3.35,25.68,1012.19,4950.29,1.15,4.11,3100.0,0.006,PM2.5-1HR
956,NOR_NO0153A,2025-04-19,2.28,8.53,75.91,0.21,3.09,22.22,1012.22,1497.53,1.05,3.97,3100.0,0.011,PM2.5-1HR
956,NOR_NO0011A,2025-04-20,1.87,7.21,82.84,0.15,2.87,29.53,1011.79,11187.25,0.67,3.438,3100.0,0.041,PM2.5-1HR
956,NOR_NO0057A,2025-04-20,1.9,7.17,83.1,0.16,3.05,31.05,1011.75,727.91,0.71,3.494,3100.0,0.047,PM2.5-1HR
956,NOR_NO0071A,2025-04-20,3.47,7.19,83.51,0.17,3.04,29.83,1011.72,5794.7,0.72,3.508,3100.0,0.019,PM2.5-1HR
956,NOR_NO0072A,2025-04-20,1.25,7.2,82.97,0.15,2.83,28.68,1011.77,4189.22,0.67,3.438,3100.0,0.082,PM2.5-1HR
956,NOR_NO0073A,2025-04-20,2.12,7.21,83.07,0.16,2.94,29.68,1011.77,19813.27,0.69,3.466,3100.0,0.25,PM2.5-1HR
956,NOR_NO0083A,2025-04-20,2.23,7.2,82.99,0.15,2.84,28.74,1011.77,4937.94,0.67,3.438,3100.0,0.017,PM2.5-1HR
956,NOR_NO0093A,2025-04-20,3.79,7.21,83.13,0.16,2.86,28.56,1011.76,3881.7,0.67,3.438,3100.0,0.0,PM2.5-1HR
956,NOR_NO0095A,2025-04-20,3.15,7.19,82.74,0.15,2.79,28.87,1011.8,3578.09,0.72,3.508,3100.0,0.011,PM2.5-1HR
956,NOR_NO0114A,2025-04-20,1.58,7.17,82.79,0.15,2.68,27.3,1011.79,2835.19,0.76,3.564,3100.0,0.018,PM2.5-1HR
956,NOR_NO0122A,2025-04-20,1.19,7.17,83.15,0.16,3.05,31.01,1011.75,3172.81,0.71,3.494,3100.0,0.01,PM2.5-1HR
956,NOR_NO0129A,2025-04-20,1.86,7.12,83.25,0.17,3.19,32.41,1011.73,5243.09,0.74,3.536,3100.0,0.013,PM2.5-1HR
956,NOR_NO0140A,2025-04-20,1.45,7.22,83.15,0.16,2.91,28.99,1011.76,3929.05,0.67,3.438,3100.0,0.209,PM2.5-1HR
956,NOR_NO0143A,2025-04-20,1.48,7.21,83.16,0.16,2.95,29.49,1011.75,19250.64,0.69,3.466,3100.0,0.013,PM2.5-1HR
956,NOR_NO0149A,2025-04-20,1.92,7.18,83.27,0.16,3.03,30.41,1011.74,2020.38,0.72,3.508,3100.0,0.292,PM2.5-1HR
956,NOR_NO0150A,2025-04-20,2.71,7.19,83.04,0.16,2.98,30.38,1011.76,4950.29,0.72,3.508,3100.0,0.006,PM2.5-1HR
956,NOR_NO0153A,2025-04-20,1.65,7.18,83.06,0.15,2.71,26.82,1011.77,1497.53,0.76,3.564,3100.0,0.011,PM2.5-1HR
956,NOR_NO0011A,2025-04-21,2.85,7.55,74.99,0.01,1.75,64.15,1013.43,11187.25,1.01,3.914,3100.0,0.041,PM2.5-1HR
956,NOR_NO0057A,2025-04-21,2.5,7.55,74.56,0.01,1.88,64.37,1013.44,727.91,1.12,4.068,3100.0,0.047,PM2.5-1HR
956,NOR_NO0071A,2025-04-21,4.41,7.56,74.93,0.01,1.87,63.13,1013.43,5794.7,1.05,3.97,3100.0,0.019,PM2.5-1HR
956,NOR_NO0072A,2025-04-21,1.97,7.52,75.18,0.01,1.72,63.26,1013.42,4189.22,1.01,3.914,3100.0,0.082,PM2.5-1HR
956,NOR_NO0073A,2025-04-21,2.92,7.57,74.93,0.01,1.8,63.84,1013.43,19813.27,1,3.9,3100.0,0.25,PM2.5-1HR
956,NOR_NO0083A,2025-04-21,2.43,7.53,75.16,0.01,1.73,63.29,1013.42,4937.94,1.01,3.914,3100.0,0.017,PM2.5-1HR
956,NOR_NO0093A,2025-04-21,4.91,7.54,75.19,0.01,1.74,62.96,1013.42,3881.7,1.01,3.914,3100.0,0.0,PM2.5-1HR
956,NOR_NO0095A,2025-04-21,3.22,7.5,75.16,0.01,1.69,63.75,1013.42,3578.09,1.05,3.97,3100.0,0.011,PM2.5-1HR
956,NOR_NO0114A,2025-04-21,2.15,7.43,75.49,0.01,1.6,62.33,1013.41,2835.19,1.08,4.012,3100.0,0.018,PM2.5-1HR
956,NOR_NO0122A,2025-04-21,2.99,7.55,74.58,0.01,1.88,64.27,1013.44,3172.81,1.12,4.068,3100.0,0.01,PM2.5-1HR
956,NOR_NO0129A,2025-04-21,2.96,7.52,74.15,0.01,1.97,64.6,1013.45,5243.09,1.14,4.096,3100.0,0.013,PM2.5-1HR
956,NOR_NO0140A,2025-04-21,2.11,7.56,75.08,0.01,1.78,63.28,1013.43,3929.05,1.01,3.914,3100.0,0.209,PM2.5-1HR
956,NOR_NO0143A,2025-04-21,1.84,7.57,74.97,0.01,1.81,63.57,1013.43,19250.64,1,3.9,3100.0,0.013,PM2.5-1HR
956,NOR_NO0149A,2025-04-21,2.35,7.55,74.76,0.01,1.87,63.81,1013.43,2020.38,1.05,3.97,3100.0,0.292,PM2.5-1HR
956,NOR_NO0150A,2025-04-21,4.11,7.56,74.75,0.01,1.83,64.21,1013.43,4950.29,1.05,3.97,3100.0,0.006,PM2.5-1HR
956,NOR_NO0153A,2025-04-21,2.64,7.45,75.58,0.01,1.62,61.54,1013.4,1497.53,1.08,4.012,3100.0,0.011,PM2.5-1HR
956,NOR_NO0073A,2025-04-22,2.63,6.21,93.04,0.14,1.84,48.82,1015.47,19813.27,0.96,3.844,3100.0,0.25,PM2.5-1HR
956,NOR_NO0083A,2025-04-22,3.87,6.25,92.92,0.14,1.75,48.9,1015.46,4937.94,0.92,3.788,3100.0,0.017,PM2.5-1HR
956,NOR_NO0093A,2025-04-22,5.09,6.27,92.95,0.14,1.77,48.32,1015.45,3881.7,0.92,3.788,3100.0,0.0,PM2.5-1HR
956,NOR_NO0095A,2025-04-22,2.06,6.23,92.84,0.14,1.72,50.15,1015.47,3578.09,0.96,3.844,3100.0,0.011,PM2.5-1HR
956,NOR_NO0011A,2025-04-22,2.28,6.2,92.96,0.14,1.79,49.58,1015.48,11187.25,0.92,3.788,3100.0,0.041,PM2.5-1HR
956,NOR_NO0057A,2025-04-22,2.54,6.15,93.07,0.15,1.94,49.54,1015.48,727.91,1.07,3.998,3100.0,0.047,PM2.5-1HR
956,NOR_NO0071A,2025-04-22,4.71,6.25,93.11,0.14,1.91,47.94,1015.44,5794.7,1,3.9,3100.0,0.019,PM2.5-1HR
956,NOR_NO0072A,2025-04-22,1.94,6.25,92.91,0.14,1.74,48.99,1015.46,4189.22,0.92,3.788,3100.0,0.082,PM2.5-1HR
956,NOR_NO0114A,2025-04-22,2.09,6.3,92.7,0.14,1.61,50.44,1015.44,2835.19,0.87,3.718,3100.0,0.018,PM2.5-1HR
956,NOR_NO0122A,2025-04-22,2.83,6.16,93.08,0.15,1.94,49.42,1015.47,3172.81,1.07,3.998,3100.0,0.01,PM2.5-1HR
956,NOR_NO0129A,2025-04-22,3.83,6.1,93.12,0.15,2.05,50.12,1015.48,5243.09,1.2,4.18,3100.0,0.013,PM2.5-1HR
956,NOR_NO0140A,2025-04-22,1.74,6.25,93.01,0.14,1.81,48.29,1015.46,3929.05,0.92,3.788,3100.0,0.209,PM2.5-1HR
956,NOR_NO0143A,2025-04-22,1.85,6.23,93.05,0.14,1.84,48.47,1015.46,19250.64,0.96,3.844,3100.0,0.013,PM2.5-1HR
956,NOR_NO0149A,2025-04-22,2.15,6.2,93.08,0.14,1.91,48.8,1015.46,2020.38,1,3.9,3100.0,0.292,PM2.5-1HR
956,NOR_NO0150A,2025-04-22,6.4,6.18,93.05,0.14,1.88,49.28,1015.48,4950.29,1,3.9,3100.0,0.006,PM2.5-1HR
956,NOR_NO0153A,2025-04-22,3.93,6.34,92.75,0.14,1.62,48.77,1015.42,1497.53,0.87,3.718,3100.0,0.011,PM2.5-1HR
956,NOR_NO0011A,2025-04-23,2.48,8.88,72.66,0.01,1.47,3.78,1017.53,11187.25,1.4,4.46,3100.0,0.041,PM2.5-1HR
956,NOR_NO0057A,2025-04-23,4.29,8.89,72.17,0.01,1.54,4.2,1017.5,727.91,1.66,4.824,3100.0,0.047,PM2.5-1HR
956,NOR_NO0071A,2025-04-23,5.18,8.98,72.39,0.01,1.51,3.36,1017.49,5794.7,1.55,4.67,3100.0,0.019,PM2.5-1HR
956,NOR_NO0072A,2025-04-23,2.46,8.88,72.81,0.01,1.43,3.09,1017.53,4189.22,1.4,4.46,3100.0,0.082,PM2.5-1HR
956,NOR_NO0073A,2025-04-23,2.62,8.93,72.5,0.01,1.49,3.68,1017.51,19813.27,1.48,4.572,3100.0,0.25,PM2.5-1HR
956,NOR_NO0083A,2025-04-23,4.47,8.89,72.78,0.01,1.43,3.13,1017.53,4937.94,1.4,4.46,3100.0,0.017,PM2.5-1HR
956,NOR_NO0093A,2025-04-23,5,8.92,72.76,0.01,1.44,2.92,1017.52,3881.7,1.4,4.46,3100.0,0.0,PM2.5-1HR
956,NOR_NO0095A,2025-04-23,1.79,8.82,72.88,0.01,1.42,3.4,1017.54,3578.09,1.27,4.278,3100.0,0.011,PM2.5-1HR
956,NOR_NO0114A,2025-04-23,3.32,8.78,73.26,0.01,1.34,2.36,1017.55,2835.19,1.09,4.026,3100.0,0.018,PM2.5-1HR
956,NOR_NO0122A,2025-04-23,6.93,8.9,72.17,0.01,1.54,4.15,1017.5,3172.81,1.66,4.824,3100.0,0.01,PM2.5-1HR
956,NOR_NO0129A,2025-04-23,5.84,8.87,71.76,0.01,1.6,4.69,1017.47,5243.09,1.99,5.286,3100.0,0.013,PM2.5-1HR
956,NOR_NO0140A,2025-04-23,2.84,8.95,72.62,0.01,1.47,3.24,1017.52,3929.05,1.4,4.46,3100.0,0.209,PM2.5-1HR
956,NOR_NO0143A,2025-04-23,2.87,8.95,72.51,0.01,1.49,3.51,1017.51,19250.64,1.48,4.572,3100.0,0.013,PM2.5-1HR
956,NOR_NO0149A,2025-04-23,3.43,8.93,72.3,0.01,1.52,3.81,1017.5,2020.38,1.55,4.67,3100.0,0.292,PM2.5-1HR
956,NOR_NO0150A,2025-04-23,17.97,8.9,72.35,0.01,1.51,3.99,1017.51,4950.29,1.55,4.67,3100.0,0.006,PM2.5-1HR
956,NOR_NO0153A,2025-04-23,3.95,8.84,73.26,0.01,1.34,1.71,1017.54,1497.53,1.09,4.026,3100.0,0.011,PM2.5-1HR
956,NOR_NO0011A,2025-04-24,2.98,7.64,70.33,0.15,2.01,71.75,1020.21,11187.25,1.55,4.67,3100.0,0.041,PM2.5-1HR
956,NOR_NO0057A,2025-04-24,3.3,7.52,71.46,0.18,2.07,78.18,1020.24,727.91,1.68,4.852,3100.0,0.047,PM2.5-1HR
956,NOR_NO0071A,2025-04-24,4.92,7.65,72.15,0.19,2.04,77.33,1020.21,5794.7,1.63,4.782,3100.0,0.019,PM2.5-1HR
956,NOR_NO0072A,2025-04-24,2.96,7.68,70.66,0.15,1.97,71.22,1020.18,4189.22,1.55,4.67,3100.0,0.082,PM2.5-1HR
956,NOR_NO0073A,2025-04-24,4.68,7.66,70.91,0.16,2.03,73.77,1020.21,19813.27,1.62,4.768,3100.0,0.25,PM2.5-1HR
956,NOR_NO0083A,2025-04-24,3.73,7.68,70.69,0.15,1.98,71.43,1020.19,4937.94,1.55,4.67,3100.0,0.017,PM2.5-1HR
956,NOR_NO0093A,2025-04-24,5.65,7.7,70.99,0.16,1.98,71.95,1020.18,3881.7,1.55,4.67,3100.0,0.0,PM2.5-1HR
956,NOR_NO0095A,2025-04-24,5.33,7.63,70.17,0.14,1.97,70.13,1020.18,3578.09,1.58,4.712,3100.0,0.011,PM2.5-1HR
956,NOR_NO0114A,2025-04-24,4.23,7.66,70.36,0.13,1.9,68.05,1020.14,2835.19,1.57,4.698,3100.0,0.018,PM2.5-1HR
956,NOR_NO0122A,2025-04-24,7.06,7.52,71.57,0.18,2.07,78.33,1020.24,3172.81,1.68,4.852,3100.0,0.01,PM2.5-1HR
956,NOR_NO0129A,2025-04-24,5.55,7.36,72.42,0.2,2.15,82.68,1020.28,5243.09,1.54,4.656,3100.0,0.013,PM2.5-1HR
956,NOR_NO0140A,2025-04-24,4.31,7.7,71.01,0.16,2.01,72.75,1020.2,3929.05,1.55,4.67,3100.0,0.209,PM2.5-1HR
956,NOR_NO0143A,2025-04-24,3.13,7.67,71.11,0.17,2.02,74,1020.21,19250.64,1.62,4.768,3100.0,0.013,PM2.5-1HR
956,NOR_NO0149A,2025-04-24,4,7.59,71.67,0.18,2.05,77.34,1020.23,2020.38,1.63,4.782,3100.0,0.292,PM2.5-1HR
956,NOR_NO0150A,2025-04-24,10.67,7.59,71.05,0.17,2.05,75.7,1020.23,4950.29,1.63,4.782,3100.0,0.006,PM2.5-1HR
956,NOR_NO0153A,2025-04-24,7.11,7.71,70.94,0.14,1.9,68.9,1020.13,1497.53,1.57,4.698,3100.0,0.011,PM2.5-1HR
956,NOR_NO0011A,2025-04-25,2.62,5.51,51.21,0,2.04,0.56,1025.67,11187.25,1.05,3.97,3100.0,0.041,PM2.5-1HR
956,NOR_NO0057A,2025-04-25,3.86,5.47,50.72,0,2.07,1.55,1025.65,727.91,1.11,4.054,3100.0,0.047,PM2.5-1HR
956,NOR_NO0071A,2025-04-25,4.98,5.59,51.28,0,2.08,1.84,1025.64,5794.7,1.09,4.026,3100.0,0.019,PM2.5-1HR
956,NOR_NO0072A,2025-04-25,2.37,5.56,51.47,0,2,1.14,1025.66,4189.22,1.05,3.97,3100.0,0.082,PM2.5-1HR
956,NOR_NO0073A,2025-04-25,2.36,5.54,51.19,0,2.06,0.89,1025.66,19813.27,1.09,4.026,3100.0,0.25,PM2.5-1HR
956,NOR_NO0083A,2025-04-25,3.22,5.56,51.45,0,2.01,1.11,1025.66,4937.94,1.05,3.97,3100.0,0.017,PM2.5-1HR
956,NOR_NO0093A,2025-04-25,5.02,5.59,51.52,0,2.02,1.3,1025.66,3881.7,1.05,3.97,3100.0,0.0,PM2.5-1HR
956,NOR_NO0095A,2025-04-25,4.69,5.51,51.38,0,1.98,0.8,1025.66,3578.09,1.06,3.984,3100.0,0.011,PM2.5-1HR
956,NOR_NO0114A,2025-04-25,3.08,5.54,51.78,0,1.91,3.12,1025.65,2835.19,1.06,3.984,3100.0,0.018,PM2.5-1HR
956,NOR_NO0122A,2025-04-25,5.99,5.48,50.76,0,2.08,1.63,1025.65,3172.81,1.11,4.054,3100.0,0.01,PM2.5-1HR
956,NOR_NO0129A,2025-04-25,4.83,5.4,50.23,0,2.1,2.7,1025.63,5243.09,1.24,4.236,3100.0,0.013,PM2.5-1HR
956,NOR_NO0140A,2025-04-25,2.9,5.59,51.41,0,2.05,1.04,1025.66,3929.05,1.05,3.97,3100.0,0.209,PM2.5-1HR
956,NOR_NO0143A,2025-04-25,2.34,5.57,51.26,0,2.07,1.04,1025.66,19250.64,1.09,4.026,3100.0,0.013,PM2.5-1HR
956,NOR_NO0149A,2025-04-25,3.27,5.52,51.01,0,2.08,1.58,1025.65,2020.38,1.09,4.026,3100.0,0.292,PM2.5-1HR
956,NOR_NO0150A,2025-04-25,7.72,5.5,50.95,0,2.07,1.1,1025.66,4950.29,1.09,4.026,3100.0,0.006,PM2.5-1HR
956,NOR_NO0153A,2025-04-25,4.56,5.6,51.94,0,1.92,4.08,1025.65,1497.53,1.06,3.984,3100.0,0.011,PM2.5-1HR
956,NOR_NO0011A,2025-04-26,2.74,7.1,59.44,0,1.91,144.2,1026.37,11187.25,2.14,5.496,3100.0,0.041,PM2.5-1HR
956,NOR_NO0057A,2025-04-26,4.87,7.05,59.19,0,1.92,149.25,1026.39,727.91,2.47,5.958,3100.0,0.047,PM2.5-1HR
956,NOR_NO0071A,2025-04-26,5.55,7.13,59.44,0,1.9,148.9,1026.39,5794.7,2.33,5.762,3100.0,0.019,PM2.5-1HR
956,NOR_NO0072A,2025-04-26,3.42,7.07,59.77,0,1.88,144.7,1026.36,4189.22,2.14,5.496,3100.0,0.082,PM2.5-1HR
956,NOR_NO0073A,2025-04-26,4.79,7.14,59.34,0,1.92,145.59,1026.38,19813.27,2.24,5.636,3100.0,0.25,PM2.5-1HR
956,NOR_NO0083A,2025-04-26,3.46,7.08,59.73,0,1.89,144.74,1026.37,4937.94,2.14,5.496,3100.0,0.017,PM2.5-1HR
956,NOR_NO0093A,2025-04-26,6.1,7.11,59.73,0,1.89,145.14,1026.37,3881.7,2.14,5.496,3100.0,0.0,PM2.5-1HR
956,NOR_NO0095A,2025-04-26,8.31,7.01,59.82,0,1.88,143.98,1026.35,3578.09,2.18,5.552,3100.0,0.011,PM2.5-1HR
956,NOR_NO0114A,2025-04-26,3.27,6.91,60.48,0,1.83,144.82,1026.34,2835.19,1.98,5.272,3100.0,0.018,PM2.5-1HR
956,NOR_NO0122A,2025-04-26,4.96,7.05,59.21,0,1.92,149.42,1026.39,3172.81,2.47,5.958,3100.0,0.01,PM2.5-1HR
956,NOR_NO0129A,2025-04-26,4.92,6.96,59.08,0,1.93,153.57,1026.4,5243.09,2.74,6.336,3100.0,0.013,PM2.5-1HR
956,NOR_NO0140A,2025-04-26,4.58,7.15,59.51,0,1.9,145.13,1026.38,3929.05,2.14,5.496,3100.0,0.209,PM2.5-1HR
956,NOR_NO0143A,2025-04-26,4.13,7.15,59.38,0,1.91,145.87,1026.38,19250.64,2.24,5.636,3100.0,0.013,PM2.5-1HR
956,NOR_NO0149A,2025-04-26,4.3,7.09,59.31,0,1.91,148.69,1026.39,2020.38,2.33,5.762,3100.0,0.292,PM2.5-1HR
956,NOR_NO0150A,2025-04-26,5.2,7.1,59.25,0,1.92,147.11,1026.38,4950.29,2.33,5.762,3100.0,0.006,PM2.5-1HR
956,NOR_NO0153A,2025-04-26,8.2,6.95,60.55,0,1.82,146.03,1026.34,1497.53,1.98,5.272,3100.0,0.011,PM2.5-1HR
956,NOR_NO0011A,2025-04-27,5.98,8.52,68.56,0.01,3.18,190.21,1023.08,11187.25,2.44,5.916,3100.0,0.041,PM2.5-1HR
956,NOR_NO0057A,2025-04-27,7.85,8.6,67.84,0.01,3.42,193.47,1023.15,727.91,2.68,6.252,3100.0,0.047,PM2.5-1HR
956,NOR_NO0071A,2025-04-27,6.89,8.65,68.35,0.01,3.41,192.14,1023.17,5794.7,2.59,6.126,3100.0,0.019,PM2.5-1HR
956,NOR_NO0072A,2025-04-27,5.9,8.5,68.66,0.01,3.14,189.71,1023.08,4189.22,2.44,5.916,3100.0,0.082,PM2.5-1HR
956,NOR_NO0073A,2025-04-27,5.95,8.58,68.52,0.01,3.28,190.87,1023.11,19813.27,2.47,5.958,3100.0,0.25,PM2.5-1HR
956,NOR_NO0083A,2025-04-27,6.04,8.51,68.66,0.01,3.15,189.77,1023.08,4937.94,2.44,5.916,3100.0,0.017,PM2.5-1HR
956,NOR_NO0093A,2025-04-27,7.05,8.55,68.72,0.01,3.18,189.8,1023.1,3881.7,2.44,5.916,3100.0,0.0,PM2.5-1HR
956,NOR_NO0095A,2025-04-27,5.06,8.44,68.57,0.01,3.08,189.54,1023.05,3578.09,2.39,5.846,3100.0,0.011,PM2.5-1HR
956,NOR_NO0114A,2025-04-27,5.92,8.37,68.67,0.01,2.93,188.46,1023.02,2835.19,2.55,6.07,3100.0,0.018,PM2.5-1HR
956,NOR_NO0122A,2025-04-27,7.11,8.6,67.85,0.01,3.43,193.48,1023.15,3172.81,2.68,6.252,3100.0,0.01,PM2.5-1HR
956,NOR_NO0129A,2025-04-27,7.59,8.63,67.05,0.01,3.62,196.27,1023.19,5243.09,2.81,6.434,3100.0,0.013,PM2.5-1HR
956,NOR_NO0140A,2025-04-27,7.62,8.58,68.7,0.01,3.24,190.13,1023.11,3929.05,2.44,5.916,3100.0,0.209,PM2.5-1HR
956,NOR_NO0143A,2025-04-27,6.3,8.6,68.56,0.01,3.29,190.81,1023.12,19250.64,2.47,5.958,3100.0,0.013,PM2.5-1HR
956,NOR_NO0149A,2025-04-27,5.98,8.61,68.13,0.01,3.4,192.63,1023.15,2020.38,2.59,6.126,3100.0,0.292,PM2.5-1HR
956,NOR_NO0150A,2025-04-27,6.14,8.58,68.2,0.01,3.33,192.07,1023.12,4950.29,2.59,6.126,3100.0,0.006,PM2.5-1HR
956,NOR_NO0153A,2025-04-27,4.54,8.42,68.77,0.01,2.96,188.59,1023.04,1497.53,2.55,6.07,3100.0,0.011,PM2.5-1HR
956,NOR_NO0011A,2025-04-28,7.01,11.81,67.5,0.04,3.42,223.23,1015.7,11187.25,1.83,5.062,3100.0,0.041,PM2.5-1HR
956,NOR_NO0057A,2025-04-28,8.46,11.86,67.88,0.04,3.64,223.57,1015.72,727.91,1.95,5.23,3100.0,0.047,PM2.5-1HR
956,NOR_NO0071A,2025-04-28,6.69,11.91,68.03,0.04,3.55,222.27,1015.77,5794.7,1.89,5.146,3100.0,0.019,PM2.5-1HR
956,NOR_NO0072A,2025-04-28,7.49,11.79,67.52,0.04,3.34,222.78,1015.72,4189.22,1.83,5.062,3100.0,0.082,PM2.5-1HR
956,NOR_NO0073A,2025-04-28,6.18,11.87,67.67,0.04,3.48,222.86,1015.72,19813.27,1.88,5.132,3100.0,0.25,PM2.5-1HR
956,NOR_NO0083A,2025-04-28,8.4,11.8,67.53,0.04,3.35,222.75,1015.73,4937.94,1.83,5.062,3100.0,0.017,PM2.5-1HR
956,NOR_NO0093A,2025-04-28,7.13,11.83,67.6,0.04,3.36,222.43,1015.74,3881.7,1.83,5.062,3100.0,0.0,PM2.5-1HR
956,NOR_NO0095A,2025-04-28,7.04,11.73,67.39,0.04,3.32,223.28,1015.7,3578.09,1.74,4.936,3100.0,0.011,PM2.5-1HR
956,NOR_NO0114A,2025-04-28,7.4,11.62,67.31,0.03,3.17,222.96,1015.72,2835.19,1.69,4.866,3100.0,0.018,PM2.5-1HR
956,NOR_NO0122A,2025-04-28,8.95,11.87,67.91,0.04,3.64,223.47,1015.72,3172.81,1.95,5.23,3100.0,0.01,PM2.5-1HR
956,NOR_NO0129A,2025-04-28,9.08,11.86,68.2,0.05,3.84,224.12,1015.73,5243.09,2.25,5.65,3100.0,0.013,PM2.5-1HR
956,NOR_NO0140A,2025-04-28,9.24,11.87,67.65,0.04,3.41,222.45,1015.74,3929.05,1.83,5.062,3100.0,0.209,PM2.5-1HR
956,NOR_NO0143A,2025-04-28,7.36,11.89,67.71,0.04,3.47,222.63,1015.73,19250.64,1.88,5.132,3100.0,0.013,PM2.5-1HR
956,NOR_NO0149A,2025-04-28,7.06,11.89,67.92,0.04,3.58,222.96,1015.74,2020.38,1.89,5.146,3100.0,0.292,PM2.5-1HR
956,NOR_NO0150A,2025-04-28,11.41,11.87,67.74,0.04,3.55,223.29,1015.72,4950.29,1.89,5.146,3100.0,0.006,PM2.5-1HR
956,NOR_NO0153A,2025-04-28,5.84,11.67,67.42,0.03,3.16,222.41,1015.75,1497.53,1.69,4.866,3100.0,0.011,PM2.5-1HR
956,NOR_NO0011A,2025-04-29,4.11,12.18,49.03,0,2.84,274.98,1018.74,11187.25,1.34,4.376,3100.0,0.041,PM2.5-1HR
956,NOR_NO0057A,2025-04-29,4.41,12.37,47.84,0,2.96,275.49,1018.67,727.91,1.55,4.67,3100.0,0.047,PM2.5-1HR
956,NOR_NO0071A,2025-04-29,5.43,12.42,48.09,0,2.91,275.93,1018.72,5794.7,1.44,4.516,3100.0,0.019,PM2.5-1HR
956,NOR_NO0072A,2025-04-29,3.99,12.12,49.29,0,2.79,275.14,1018.77,4189.22,1.34,4.376,3100.0,0.082,PM2.5-1HR
956,NOR_NO0073A,2025-04-29,3.32,12.31,48.61,0,2.87,275.3,1018.72,19813.27,1.38,4.432,3100.0,0.25,PM2.5-1HR
956,NOR_NO0083A,2025-04-29,5.05,12.14,49.23,0,2.8,275.17,1018.77,4937.94,1.34,4.376,3100.0,0.017,PM2.5-1HR
956,NOR_NO0093A,2025-04-29,5.42,12.19,49.11,0,2.8,275.34,1018.77,3881.7,1.34,4.376,3100.0,0.0,PM2.5-1HR
956,NOR_NO0095A,2025-04-29,5.55,12,49.55,0,2.77,274.86,1018.78,3578.09,1.28,4.292,3100.0,0.011,PM2.5-1HR
956,NOR_NO0114A,2025-04-29,3.27,11.79,50.25,0,2.68,274.9,1018.84,2835.19,1.19,4.166,3100.0,0.018,PM2.5-1HR
956,NOR_NO0122A,2025-04-29,7.81,12.38,47.82,0,2.96,275.55,1018.67,3172.81,1.55,4.67,3100.0,0.01,PM2.5-1HR
956,NOR_NO0129A,2025-04-29,5.45,12.47,46.85,0,3.06,275.85,1018.61,5243.09,1.92,5.188,3100.0,0.013,PM2.5-1HR
956,NOR_NO0140A,2025-04-29,3.74,12.28,48.84,0,2.84,275.37,1018.75,3929.05,1.34,4.376,3100.0,0.209,PM2.5-1HR
956,NOR_NO0143A,2025-04-29,3.69,12.33,48.58,0,2.87,275.41,1018.73,19250.64,1.38,4.432,3100.0,0.013,PM2.5-1HR
956,NOR_NO0149A,2025-04-29,3.17,12.38,48.04,0,2.93,275.65,1018.7,2020.38,1.44,4.516,3100.0,0.292,PM2.5-1HR
956,NOR_NO0150A,2025-04-29,11.4,12.32,48.28,0,2.91,275.33,1018.7,4950.29,1.44,4.516,3100.0,0.006,PM2.5-1HR
956,NOR_NO0153A,2025-04-29,6.32,11.88,50.08,0,2.68,275.23,1018.85,1497.53,1.19,4.166,3100.0,0.011,PM2.5-1HR
956,NOR_NO0057A,2025-05-01,8.07,10.83,73.66,0,3,192.32,1014.23,727.91,3.67,7.638,3100.0,0.047,PM2.5-1HR
956,NOR_NO0071A,2025-05-01,7.39,10.85,74.21,0,3,189.89,1014.26,5794.7,3.59,7.526,3100.0,0.019,PM2.5-1HR
956,NOR_NO0072A,2025-05-01,9.19,10.69,74.46,0,2.83,188.43,1014.16,4189.22,3.31,7.134,3100.0,0.082,PM2.5-1HR
956,NOR_NO0073A,2025-05-01,8.91,10.79,74.34,0,2.93,189.36,1014.2,19813.27,3.51,7.414,3100.0,0.25,PM2.5-1HR
956,NOR_NO0083A,2025-05-01,8.84,10.7,74.47,0,2.84,188.45,1014.17,4937.94,3.31,7.134,3100.0,0.017,PM2.5-1HR
956,NOR_NO0093A,2025-05-01,7.22,10.73,74.54,0,2.86,188.16,1014.18,3881.7,3.31,7.134,3100.0,0.0,PM2.5-1HR
956,NOR_NO0095A,2025-05-01,7.41,10.63,74.34,0,2.79,188.83,1014.13,3578.09,3.39,7.246,3100.0,0.011,PM2.5-1HR
956,NOR_NO0114A,2025-05-01,9.89,10.53,74.42,0,2.68,187.77,1014.09,2835.19,3.37,7.218,3100.0,0.018,PM2.5-1HR
956,NOR_NO0122A,2025-05-01,10.26,10.83,73.68,0,3.01,192.23,1014.24,3172.81,3.67,7.638,3100.0,0.01,PM2.5-1HR
956,NOR_NO0129A,2025-05-01,9.37,10.89,72.87,0,3.12,195.26,1014.27,5243.09,3.69,7.666,3100.0,0.013,PM2.5-1HR
956,NOR_NO0140A,2025-05-01,11.09,10.77,74.53,0,2.9,188.42,1014.2,3929.05,3.31,7.134,3100.0,0.209,PM2.5-1HR
956,NOR_NO0143A,2025-05-01,9.33,10.8,74.39,0,2.93,189.11,1014.22,19250.64,3.51,7.414,3100.0,0.013,PM2.5-1HR
956,NOR_NO0149A,2025-05-01,8.34,10.83,73.97,0,2.99,190.97,1014.24,2020.38,3.59,7.526,3100.0,0.292,PM2.5-1HR
956,NOR_NO0150A,2025-05-01,8.88,10.8,74.02,0,2.96,190.76,1014.21,4950.29,3.59,7.526,3100.0,0.006,PM2.5-1HR
956,NOR_NO0153A,2025-05-01,6.44,10.58,74.57,0,2.7,187.16,1014.12,1497.53,3.37,7.218,3100.0,0.011,PM2.5-1HR
956,NOR_NO0057A,2025-05-02,5.59,12.09,52.26,0.01,4.29,248.85,1002.17,727.91,1.26,4.264,3100.0,0.047,PM2.5-1HR
956,NOR_NO0071A,2025-05-02,4.59,12.15,52.36,0.01,4.24,248.98,1002.24,5794.7,1.16,4.124,3100.0,0.019,PM2.5-1HR
956,NOR_NO0072A,2025-05-02,3.91,11.92,52.58,0,4.1,249.33,1002.23,4189.22,1.11,4.054,3100.0,0.082,PM2.5-1HR
956,NOR_NO0073A,2025-05-02,4.83,12.04,52.44,0,4.19,249,1002.2,19813.27,1.15,4.11,3100.0,0.25,PM2.5-1HR
956,NOR_NO0083A,2025-05-02,4.71,11.94,52.56,0,4.1,249.3,1002.23,4937.94,1.11,4.054,3100.0,0.017,PM2.5-1HR
956,NOR_NO0093A,2025-05-02,4.31,11.98,52.54,0,4.11,249.28,1002.24,3881.7,1.11,4.054,3100.0,0.0,PM2.5-1HR
956,NOR_NO0095A,2025-05-02,6.19,11.84,52.63,0,4.08,249.38,1002.22,3578.09,1.02,3.928,3100.0,0.011,PM2.5-1HR
956,NOR_NO0114A,2025-05-02,4.05,11.73,52.77,0,3.96,249.87,1002.27,2835.19,0.99,3.886,3100.0,0.018,PM2.5-1HR
956,NOR_NO0122A,2025-05-02,5.58,12.1,52.27,0.01,4.29,248.86,1002.18,3172.81,1.26,4.264,3100.0,0.01,PM2.5-1HR
956,NOR_NO0129A,2025-05-02,4.96,12.18,52.05,0.01,4.41,248.69,1002.15,5243.09,1.33,4.362,3100.0,0.013,PM2.5-1HR
956,NOR_NO0140A,2025-05-02,5.93,12.03,52.49,0,4.15,249.11,1002.23,3929.05,1.11,4.054,3100.0,0.209,PM2.5-1HR
956,NOR_NO0143A,2025-05-02,4.37,12.06,52.44,0,4.19,249.01,1002.22,19250.64,1.15,4.11,3100.0,0.013,PM2.5-1HR
956,NOR_NO0149A,2025-05-02,4.12,12.11,52.33,0.01,4.26,248.92,1002.2,2020.38,1.16,4.124,3100.0,0.292,PM2.5-1HR
956,NOR_NO0150A,2025-05-02,6.61,12.05,52.36,0,4.24,248.93,1002.18,4950.29,1.16,4.124,3100.0,0.006,PM2.5-1HR
956,NOR_NO0153A,2025-05-02,5.04,11.8,52.73,0,3.96,249.93,1002.3,1497.53,0.99,3.886,3100.0,0.011,PM2.5-1HR
956,NOR_NO0057A,2025-05-03,3.04,8.86,62.54,0.14,1.71,305.06,1001.77,727.91,1.03,3.942,3100.0,0.047,PM2.5-1HR
956,NOR_NO0071A,2025-05-03,3.97,8.9,62.9,0.13,1.65,304.69,1001.78,5794.7,0.99,3.886,3100.0,0.019,PM2.5-1HR
956,NOR_NO0072A,2025-05-03,1.62,8.79,63.5,0.12,1.64,304.13,1001.81,4189.22,0.97,3.858,3100.0,0.082,PM2.5-1HR
956,NOR_NO0073A,2025-05-03,2.76,8.84,63.2,0.13,1.67,304.72,1001.79,19813.27,0.98,3.872,3100.0,0.25,PM2.5-1HR
956,NOR_NO0083A,2025-05-03,2.33,8.8,63.48,0.12,1.64,304.18,1001.81,4937.94,0.97,3.858,3100.0,0.017,PM2.5-1HR
956,NOR_NO0093A,2025-05-03,4.09,8.82,63.47,0.12,1.63,304.23,1001.8,3881.7,0.97,3.858,3100.0,0.0,PM2.5-1HR
956,NOR_NO0095A,2025-05-03,4.08,8.75,63.55,0.12,1.65,303.96,1001.82,3578.09,0.97,3.858,3100.0,0.011,PM2.5-1HR
956,NOR_NO0114A,2025-05-03,1.58,8.7,63.84,0.12,1.6,303.17,1001.84,2835.19,0.92,3.788,3100.0,0.018,PM2.5-1HR
956,NOR_NO0122A,2025-05-03,3.9,8.86,62.54,0.14,1.71,305.04,1001.77,3172.81,1.03,3.942,3100.0,0.01,PM2.5-1HR
956,NOR_NO0129A,2025-05-03,2.37,8.89,61.74,0.14,1.75,305.2,1001.75,5243.09,1.06,3.984,3100.0,0.013,PM2.5-1HR
956,NOR_NO0140A,2025-05-03,2.48,8.85,63.36,0.13,1.64,304.49,1001.8,3929.05,0.97,3.858,3100.0,0.209,PM2.5-1HR
956,NOR_NO0143A,2025-05-03,2.19,8.86,63.2,0.13,1.66,304.69,1001.79,19250.64,0.98,3.872,3100.0,0.013,PM2.5-1HR
956,NOR_NO0149A,2025-05-03,2.17,8.87,62.77,0.13,1.68,304.88,1001.78,2020.38,0.99,3.886,3100.0,0.292,PM2.5-1HR
956,NOR_NO0150A,2025-05-03,3.83,8.84,62.9,0.13,1.69,304.9,1001.79,4950.29,0.99,3.886,3100.0,0.006,PM2.5-1HR
956,NOR_NO0153A,2025-05-03,5.23,8.74,63.86,0.11,1.57,303.24,1001.83,1497.53,0.92,3.788,3100.0,0.011,PM2.5-1HR
956,NOR_NO0057A,2025-05-04,2.36,6.99,35.83,0,5.33,13.19,1011.33,727.91,1.45,4.53,3100.0,0.047,PM2.5-1HR
956,NOR_NO0071A,2025-05-04,5.28,7.12,36.13,0,5.31,13.08,1011.3,5794.7,1.35,4.39,3100.0,0.019,PM2.5-1HR
956,NOR_NO0072A,2025-05-04,1.97,7.04,36.86,0,5.17,12.94,1011.42,4189.22,1.28,4.292,3100.0,0.082,PM2.5-1HR
956,NOR_NO0073A,2025-05-04,2.82,7.04,36.4,0,5.26,13.07,1011.38,19813.27,1.36,4.404,3100.0,0.25,PM2.5-1HR
956,NOR_NO0083A,2025-05-04,2.47,7.04,36.82,0,5.18,12.95,1011.41,4937.94,1.28,4.292,3100.0,0.017,PM2.5-1HR
956,NOR_NO0093A,2025-05-04,5.28,7.08,36.78,0,5.19,12.94,1011.4,3881.7,1.28,4.292,3100.0,0.0,PM2.5-1HR
956,NOR_NO0095A,2025-05-04,2.03,6.98,36.97,0,5.14,12.94,1011.45,3578.09,1.35,4.39,3100.0,0.011,PM2.5-1HR
956,NOR_NO0114A,2025-05-04,1.88,7.01,37.49,0,5.03,12.75,1011.48,2835.19,1.31,4.334,3100.0,0.018,PM2.5-1HR
956,NOR_NO0122A,2025-05-04,3.43,7,35.83,0,5.33,13.19,1011.32,3172.81,1.45,4.53,3100.0,0.01,PM2.5-1HR
956,NOR_NO0129A,2025-05-04,2.38,6.97,35.15,0,5.41,13.31,1011.26,5243.09,1.32,4.348,3100.0,0.013,PM2.5-1HR
956,NOR_NO0140A,2025-05-04,2.09,7.08,36.59,0,5.23,13,1011.38,3929.05,1.28,4.292,3100.0,0.209,PM2.5-1HR
956,NOR_NO0143A,2025-05-04,2.28,7.06,36.4,0,5.26,13.06,1011.37,19250.64,1.36,4.404,3100.0,0.013,PM2.5-1HR
956,NOR_NO0149A,2025-05-04,3.31,7.05,36.02,0,5.31,13.13,1011.32,2020.38,1.35,4.39,3100.0,0.292,PM2.5-1HR
956,NOR_NO0150A,2025-05-04,3.19,7,36.15,0,5.29,13.13,1011.36,4950.29,1.35,4.39,3100.0,0.006,PM2.5-1HR
956,NOR_NO0153A,2025-05-04,1.53,7.09,37.47,0,5.04,12.71,1011.45,1497.53,1.31,4.334,3100.0,0.011,PM2.5-1HR
956,NOR_NO0057A,2025-05-05,3.55,7.69,48,0,3.1,274.56,1015.08,727.91,1.16,4.124,3100.0,0.047,PM2.5-1HR
956,NOR_NO0071A,2025-05-05,4.63,7.8,48.47,0,3.07,274.32,1015.1,5794.7,1.07,3.998,3100.0,0.019,PM2.5-1HR
956,NOR_NO0072A,2025-05-05,2.21,7.69,49.46,0,2.96,273.27,1015.12,4189.22,1,3.9,3100.0,0.082,PM2.5-1HR
956,NOR_NO0073A,2025-05-05,2.16,7.72,48.97,0,3.03,273.79,1015.1,19813.27,1.03,3.942,3100.0,0.25,PM2.5-1HR
956,NOR_NO0083A,2025-05-05,2.75,7.7,49.42,0,2.97,273.32,1015.12,4937.94,1,3.9,3100.0,0.017,PM2.5-1HR
956,NOR_NO0093A,2025-05-05,4.8,7.73,49.4,0,2.98,273.38,1015.13,3881.7,1,3.9,3100.0,0.0,PM2.5-1HR
956,NOR_NO0095A,2025-05-05,5.72,7.63,49.55,0,2.95,273.11,1015.12,3578.09,0.98,3.872,3100.0,0.011,PM2.5-1HR
956,NOR_NO0114A,2025-05-05,2.39,7.63,50,0,2.87,272.53,1015.15,2835.19,1.05,3.97,3100.0,0.018,PM2.5-1HR
956,NOR_NO0122A,2025-05-05,9.22,7.7,47.99,0,3.1,274.58,1015.08,3172.81,1.16,4.124,3100.0,0.01,PM2.5-1HR
956,NOR_NO0129A,2025-05-05,4,7.68,46.83,0,3.19,275.52,1015.05,5243.09,1.11,4.054,3100.0,0.013,PM2.5-1HR
956,NOR_NO0140A,2025-05-05,2.92,7.75,49.23,0,3.01,273.57,1015.11,3929.05,1,3.9,3100.0,0.209,PM2.5-1HR
956,NOR_NO0143A,2025-05-05,2.85,7.74,48.98,0,3.03,273.8,1015.11,19250.64,1.03,3.942,3100.0,0.013,PM2.5-1HR
956,NOR_NO0149A,2025-05-05,3.26,7.74,48.31,0,3.08,274.37,1015.09,2020.38,1.07,3.998,3100.0,0.292,PM2.5-1HR
956,NOR_NO0150A,2025-05-05,6.53,7.7,48.54,0,3.06,274.12,1015.09,4950.29,1.07,3.998,3100.0,0.006,PM2.5-1HR
956,NOR_NO0153A,2025-05-05,2.98,7.69,49.99,0,2.87,272.62,1015.16,1497.53,1.05,3.97,3100.0,0.011,PM2.5-1HR
956,NOR_NO0057A,2025-05-06,2.33,9.78,39.05,0,3.26,5.01,1017.49,727.91,1.18,4.152,3100.0,0.047,PM2.5-1HR
956,NOR_NO0071A,2025-05-06,5.35,9.91,39.39,0,3.25,4.74,1017.49,5794.7,1.15,4.11,3100.0,0.019,PM2.5-1HR
956,NOR_NO0072A,2025-05-06,6.22,9.81,40.55,0,3.11,5.66,1017.51,4189.22,1.09,4.026,3100.0,0.082,PM2.5-1HR
956,NOR_NO0073A,2025-05-06,2.66,9.85,39.76,0,3.2,5.4,1017.51,19813.27,1.2,4.18,3100.0,0.25,PM2.5-1HR
956,NOR_NO0083A,2025-05-06,2.56,9.82,40.47,0,3.11,5.63,1017.51,4937.94,1.09,4.026,3100.0,0.017,PM2.5-1HR
956,NOR_NO0093A,2025-05-06,6.27,9.86,40.39,0,3.13,5.47,1017.51,3881.7,1.09,4.026,3100.0,0.0,PM2.5-1HR
956,NOR_NO0095A,2025-05-06,4.13,9.73,40.77,0,3.08,5.91,1017.52,3578.09,1.17,4.138,3100.0,0.011,PM2.5-1HR
956,NOR_NO0114A,2025-05-06,2.31,9.69,41.72,0,2.97,5.89,1017.52,2835.19,1.05,3.97,3100.0,0.018,PM2.5-1HR
956,NOR_NO0122A,2025-05-06,6.56,9.79,39.05,0,3.27,4.96,1017.49,3172.81,1.18,4.152,3100.0,0.01,PM2.5-1HR
956,NOR_NO0129A,2025-05-06,4.61,9.71,38.19,0,3.36,4.38,1017.47,5243.09,1.28,4.292,3100.0,0.013,PM2.5-1HR
956,NOR_NO0140A,2025-05-06,2.3,9.88,40.04,0,3.17,5.39,1017.51,3929.05,1.09,4.026,3100.0,0.209,PM2.5-1HR
956,NOR_NO0143A,2025-05-06,2.23,9.88,39.76,0,3.2,5.3,1017.5,19250.64,1.2,4.18,3100.0,0.013,PM2.5-1HR
956,NOR_NO0149A,2025-05-06,3.2,9.84,39.28,0,3.25,4.97,1017.49,2020.38,1.15,4.11,3100.0,0.292,PM2.5-1HR
956,NOR_NO0150A,2025-05-06,9.25,9.81,39.45,0,3.22,5.28,1017.5,4950.29,1.15,4.11,3100.0,0.006,PM2.5-1HR
956,NOR_NO0153A,2025-05-06,3.02,9.76,41.65,0,2.98,5.69,1017.51,1497.53,1.05,3.97,3100.0,0.011,PM2.5-1HR
956,NOR_NO0057A,2025-05-07,11.73,8.8,47.39,0,1.73,343.33,1022.95,727.91,1.95,5.23,3100.0,0.047,PM2.5-1HR
956,NOR_NO0071A,2025-05-07,5.69,8.9,47.56,0,1.74,342.53,1022.95,5794.7,1.95,5.23,3100.0,0.019,PM2.5-1HR
956,NOR_NO0072A,2025-05-07,5.9,8.83,48.44,0,1.65,341.03,1022.96,4189.22,1.72,4.908,3100.0,0.082,PM2.5-1HR
956,NOR_NO0073A,2025-05-07,3.95,8.85,47.93,0,1.71,340.95,1022.96,19813.27,1.79,5.006,3100.0,0.25,PM2.5-1HR
956,NOR_NO0083A,2025-05-07,3.56,8.83,48.39,0,1.66,341,1022.96,4937.94,1.72,4.908,3100.0,0.017,PM2.5-1HR
956,NOR_NO0093A,2025-05-07,6.05,8.87,48.31,0,1.67,341.17,1022.96,3881.7,1.72,4.908,3100.0,0.0,PM2.5-1HR
956,NOR_NO0095A,2025-05-07,8.19,8.77,48.64,0,1.63,340.77,1022.96,3578.09,1.74,4.936,3100.0,0.011,PM2.5-1HR
956,NOR_NO0114A,2025-05-07,3.18,8.77,49.21,0,1.55,341.12,1022.96,2835.19,1.84,5.076,3100.0,0.018,PM2.5-1HR
956,NOR_NO0122A,2025-05-07,8.51,8.81,47.38,0,1.74,343.42,1022.95,3172.81,1.95,5.23,3100.0,0.01,PM2.5-1HR
956,NOR_NO0129A,2025-05-07,6.25,8.76,46.7,0,1.77,346.83,1022.93,5243.09,2.24,5.636,3100.0,0.013,PM2.5-1HR
956,NOR_NO0140A,2025-05-07,3.64,8.88,48.09,0,1.7,340.95,1022.97,3929.05,1.72,4.908,3100.0,0.209,PM2.5-1HR
956,NOR_NO0143A,2025-05-07,3.15,8.87,47.9,0,1.72,341.09,1022.96,19250.64,1.79,5.006,3100.0,0.013,PM2.5-1HR
956,NOR_NO0149A,2025-05-07,3.7,8.85,47.53,0,1.73,342.62,1022.95,2020.38,1.95,5.23,3100.0,0.292,PM2.5-1HR
956,NOR_NO0150A,2025-05-07,9.33,8.81,47.7,0,1.72,341.7,1022.96,4950.29,1.95,5.23,3100.0,0.006,PM2.5-1HR
956,NOR_NO0153A,2025-05-07,7.95,8.84,49.1,0,1.56,341.87,1022.97,1497.53,1.84,5.076,3100.0,0.011,PM2.5-1HR
956,NOR_NO0057A,2025-05-08,5.37,11.51,50.4,0,1.91,146.78,1020.07,727.91,3.03,6.742,3100.0,0.047,PM2.5-1HR
956,NOR_NO0071A,2025-05-08,6.24,11.53,50.96,0,1.91,143.95,1020.08,5794.7,2.9,6.56,3100.0,0.019,PM2.5-1HR
956,NOR_NO0072A,2025-05-08,4.72,11.45,52.08,0,1.85,139.4,1020.04,4189.22,2.78,6.392,3100.0,0.082,PM2.5-1HR
956,NOR_NO0073A,2025-05-08,5.15,11.55,51.19,0,1.89,141.95,1020.06,19813.27,2.8,6.42,3100.0,0.25,PM2.5-1HR
956,NOR_NO0083A,2025-05-08,4.34,11.46,52,0,1.85,139.56,1020.04,4937.94,2.78,6.392,3100.0,0.017,PM2.5-1HR
956,NOR_NO0093A,2025-05-08,6.22,11.48,51.96,0,1.86,139.51,1020.05,3881.7,2.78,6.392,3100.0,0.0,PM2.5-1HR
956,NOR_NO0095A,2025-05-08,9.06,11.41,52.24,0,1.83,139.22,1020.02,3578.09,2.84,6.476,3100.0,0.011,PM2.5-1HR
956,NOR_NO0114A,2025-05-08,4.49,11.28,53.41,0,1.78,136.3,1019.99,2835.19,2.79,6.406,3100.0,0.018,PM2.5-1HR
956,NOR_NO0122A,2025-05-08,7.05,11.51,50.42,0,1.91,146.78,1020.07,3172.81,3.03,6.742,3100.0,0.01,PM2.5-1HR
956,NOR_NO0129A,2025-05-08,7.51,11.47,49.49,0,1.94,152.7,1020.09,5243.09,3.06,6.784,3100.0,0.013,PM2.5-1HR
956,NOR_NO0140A,2025-05-08,5.03,11.53,51.56,0,1.88,140.43,1020.06,3929.05,2.78,6.392,3100.0,0.209,PM2.5-1HR
956,NOR_NO0143A,2025-05-08,4.3,11.55,51.23,0,1.9,141.77,1020.07,19250.64,2.8,6.42,3100.0,0.013,PM2.5-1HR
956,NOR_NO0149A,2025-05-08,5.06,11.52,50.73,0,1.91,145.06,1020.08,2020.38,2.9,6.56,3100.0,0.292,PM2.5-1HR
956,NOR_NO0150A,2025-05-08,9.24,11.53,50.83,0,1.9,144.13,1020.07,4950.29,2.9,6.56,3100.0,0.006,PM2.5-1HR
956,NOR_NO0153A,2025-05-08,6.39,11.3,53.46,0,1.79,136.03,1020,1497.53,2.79,6.406,3100.0,0.011,PM2.5-1HR
956,NOR_NO0057A,2025-05-09,5.02,12.98,65.55,0.03,1.1,111.91,1016.89,727.91,2.36,5.804,3100.0,0.047,PM2.5-1HR
956,NOR_NO0071A,2025-05-09,6.86,13.03,65.92,0.03,1.13,106.8,1016.89,5794.7,2.46,5.944,3100.0,0.019,PM2.5-1HR
956,NOR_NO0072A,2025-05-09,4.9,12.94,66.26,0.03,1.18,107.68,1016.86,4189.22,2.41,5.874,3100.0,0.082,PM2.5-1HR
956,NOR_NO0073A,2025-05-09,5.62,13.05,65.76,0.03,1.16,110.62,1016.88,19813.27,2.32,5.748,3100.0,0.25,PM2.5-1HR
956,NOR_NO0083A,2025-05-09,5.4,12.95,66.22,0.03,1.18,107.85,1016.86,4937.94,2.41,5.874,3100.0,0.017,PM2.5-1HR
956,NOR_NO0093A,2025-05-09,6.67,12.98,66.23,0.03,1.18,108.4,1016.87,3881.7,2.41,5.874,3100.0,0.0,PM2.5-1HR
956,NOR_NO0095A,2025-05-09,14.94,12.88,66.32,0.03,1.19,106.63,1016.86,3578.09,2.38,5.832,3100.0,0.011,PM2.5-1HR
956,NOR_NO0114A,2025-05-09,4.58,12.73,67.07,0.03,1.21,108.76,1016.85,2835.19,2.64,6.196,3100.0,0.018,PM2.5-1HR
956,NOR_NO0122A,2025-05-09,6.1,12.98,65.58,0.03,1.1,110.65,1016.89,3172.81,2.36,5.804,3100.0,0.01,PM2.5-1HR
956,NOR_NO0129A,2025-05-09,5.24,12.91,65.35,0.03,1.07,99.41,1016.91,5243.09,2.75,6.35,3100.0,0.013,PM2.5-1HR
956,NOR_NO0140A,2025-05-09,5.81,13.04,65.97,0.03,1.17,109.42,1016.87,3929.05,2.41,5.874,3100.0,0.209,PM2.5-1HR
956,NOR_NO0143A,2025-05-09,4.98,13.05,65.82,0.03,1.16,110.66,1016.88,19250.64,2.32,5.748,3100.0,0.013,PM2.5-1HR
956,NOR_NO0149A,2025-05-09,5.02,13.01,65.73,0.03,1.12,110.81,1016.89,2020.38,2.46,5.944,3100.0,0.292,PM2.5-1HR
956,NOR_NO0150A,2025-05-09,7.78,13.02,65.64,0.03,1.13,113.83,1016.88,4950.29,2.46,5.944,3100.0,0.006,PM2.5-1HR
956,NOR_NO0153A,2025-05-09,8.31,12.77,67.14,0.03,1.22,108.77,1016.85,1497.53,2.64,6.196,3100.0,0.011,PM2.5-1HR
956,NOR_NO0057A,2025-05-10,6.24,13.26,72.1,0.03,1.88,141.5,1019.95,727.91,3.26,7.064,3100.0,0.047,PM2.5-1HR
956,NOR_NO0071A,2025-05-10,6.89,13.34,71.89,0.02,1.88,144.2,1019.95,5794.7,3.2,6.98,3100.0,0.019,PM2.5-1HR
956,NOR_NO0072A,2025-05-10,7.67,13.32,71.43,0.01,1.92,129.66,1019.89,4189.22,3.33,7.162,3100.0,0.082,PM2.5-1HR
956,NOR_NO0073A,2025-05-10,7.85,13.36,71.63,0.01,1.92,128.16,1019.92,19813.27,3.21,6.994,3100.0,0.25,PM2.5-1HR
956,NOR_NO0083A,2025-05-10,7.56,13.33,71.44,0.01,1.92,129.51,1019.9,4937.94,3.33,7.162,3100.0,0.017,PM2.5-1HR
956,NOR_NO0093A,2025-05-10,8,13.35,71.44,0.01,1.92,130.18,1019.9,3881.7,3.33,7.162,3100.0,0.0,PM2.5-1HR
956,NOR_NO0095A,2025-05-10,9.11,13.28,71.41,0.01,1.93,129.71,1019.88,3578.09,3.5,7.4,3100.0,0.011,PM2.5-1HR
956,NOR_NO0114A,2025-05-10,8.02,13.23,71.24,0,1.91,133.92,1019.86,2835.19,3.57,7.498,3100.0,0.018,PM2.5-1HR
956,NOR_NO0122A,2025-05-10,7.18,13.27,72.1,0.03,1.88,141.87,1019.95,3172.81,3.26,7.064,3100.0,0.01,PM2.5-1HR
956,NOR_NO0129A,2025-05-10,7.89,13.16,72.71,0.04,1.86,147.57,1019.99,5243.09,2.92,6.588,3100.0,0.013,PM2.5-1HR
956,NOR_NO0140A,2025-05-10,9.65,13.37,71.5,0.01,1.92,130.18,1019.91,3929.05,3.33,7.162,3100.0,0.209,PM2.5-1HR
956,NOR_NO0143A,2025-05-10,7.85,13.36,71.62,0.01,1.92,137.22,1019.92,19250.64,3.21,6.994,3100.0,0.013,PM2.5-1HR
956,NOR_NO0149A,2025-05-10,6.87,13.3,71.96,0.02,1.88,142.78,1019.95,2020.38,3.2,6.98,3100.0,0.292,PM2.5-1HR
956,NOR_NO0150A,2025-05-10,7.36,13.31,71.83,0.02,1.9,144.66,1019.93,4950.29,3.2,6.98,3100.0,0.006,PM2.5-1HR
956,NOR_NO0153A,2025-05-10,8.6,13.26,71.22,0,1.9,134.81,1019.87,1497.53,3.57,7.498,3100.0,0.011,PM2.5-1HR
956,NOR_NO0057A,2025-05-11,5.66,12.3,74.98,0,2.73,182.46,1020.79,727.91,2.07,5.398,3100.0,0.047,PM2.5-1HR
956,NOR_NO0071A,2025-05-11,6.07,12.31,75.36,0,2.71,181.77,1020.8,5794.7,1.97,5.258,3100.0,0.019,PM2.5-1HR
956,NOR_NO0072A,2025-05-11,6.56,12.18,76.28,0,2.66,180.23,1020.72,4189.22,1.99,5.286,3100.0,0.082,PM2.5-1HR
956,NOR_NO0073A,2025-05-11,5.65,12.28,75.71,0,2.71,181.18,1020.76,19813.27,1.91,5.174,3100.0,0.25,PM2.5-1HR
956,NOR_NO0083A,2025-05-11,6.3,12.2,76.23,0,2.66,180.3,1020.73,4937.94,1.99,5.286,3100.0,0.017,PM2.5-1HR
956,NOR_NO0093A,2025-05-11,5.84,12.22,76.19,0,2.67,180.37,1020.74,3881.7,1.99,5.286,3100.0,0.0,PM2.5-1HR
956,NOR_NO0095A,2025-05-11,4.96,12.13,76.4,0,2.65,180,1020.7,3578.09,2.08,5.412,3100.0,0.011,PM2.5-1HR
956,NOR_NO0114A,2025-05-11,7.36,12.01,77.04,0,2.58,178.93,1020.66,2835.19,2.18,5.552,3100.0,0.018,PM2.5-1HR
956,NOR_NO0122A,2025-05-11,6.86,12.3,74.98,0,2.73,182.46,1020.79,3172.81,2.07,5.398,3100.0,0.01,PM2.5-1HR
956,NOR_NO0129A,2025-05-11,8.21,12.33,74.1,0,2.77,184.05,1020.82,5243.09,2.11,5.454,3100.0,0.013,PM2.5-1HR
956,NOR_NO0140A,2025-05-11,7.73,12.27,75.96,0,2.69,180.75,1020.76,3929.05,1.99,5.286,3100.0,0.209,PM2.5-1HR
956,NOR_NO0143A,2025-05-11,6.72,12.29,75.72,0,2.71,181.16,1020.77,19250.64,1.91,5.174,3100.0,0.013,PM2.5-1HR
956,NOR_NO0149A,2025-05-11,5.97,12.3,75.23,0,2.72,182.02,1020.79,2020.38,1.97,5.258,3100.0,0.292,PM2.5-1HR
956,NOR_NO0150A,2025-05-11,6.23,12.29,75.39,0,2.72,181.75,1020.77,4950.29,1.97,5.258,3100.0,0.006,PM2.5-1HR
956,NOR_NO0153A,2025-05-11,4.98,12.05,77.03,0,2.58,179.01,1020.68,1497.53,2.18,5.552,3100.0,0.011,PM2.5-1HR
956,NOR_NO0011A,2025-05-12,7.26,13.48,72.33,0.01,1.44,169.84,1018.72,11187.25,5.29,9.906,3100.0,0.041,PM2.5-1HR
956,NOR_NO0057A,2025-05-12,7.96,13.59,71.67,0.01,1.46,182.97,1018.76,727.91,5.42,10.088,3100.0,0.047,PM2.5-1HR
956,NOR_NO0071A,2025-05-12,7.72,13.6,71.76,0.01,1.47,176.79,1018.76,5794.7,5.37,10.018,3100.0,0.019,PM2.5-1HR
956,NOR_NO0072A,2025-05-12,9.99,13.41,72.45,0.01,1.43,166.06,1018.71,4189.22,5.29,9.906,3100.0,0.082,PM2.5-1HR
956,NOR_NO0073A,2025-05-12,8.03,13.55,72.07,0.01,1.46,172.5,1018.74,19813.27,5.23,9.822,3100.0,0.25,PM2.5-1HR
956,NOR_NO0083A,2025-05-12,8.94,13.43,72.42,0.01,1.43,166.46,1018.72,4937.94,5.29,9.906,3100.0,0.017,PM2.5-1HR
956,NOR_NO0093A,2025-05-12,7.91,13.46,72.33,0.01,1.44,166.23,1018.72,3881.7,5.29,9.906,3100.0,0.0,PM2.5-1HR
956,NOR_NO0095A,2025-05-12,9.26,13.35,72.63,0.01,1.42,165.9,1018.7,3578.09,5.45,10.13,3100.0,0.011,PM2.5-1HR
956,NOR_NO0114A,2025-05-12,9.56,13.18,73.04,0.01,1.39,156.53,1018.68,2835.19,5.46,10.144,3100.0,0.018,PM2.5-1HR
956,NOR_NO0122A,2025-05-12,10.46,13.6,71.66,0.01,1.46,182.92,1018.76,3172.81,5.42,10.088,3100.0,0.01,PM2.5-1HR
956,NOR_NO0129A,2025-05-12,11.3,13.65,71.16,0,1.49,191.75,1018.79,5243.09,5.47,10.158,3100.0,0.013,PM2.5-1HR
956,NOR_NO0140A,2025-05-12,10.83,13.53,72.17,0.01,1.45,168.73,1018.73,3929.05,5.29,9.906,3100.0,0.209,PM2.5-1HR
956,NOR_NO0143A,2025-05-12,9.35,13.56,72.04,0.01,1.46,171.99,1018.74,19250.64,5.23,9.822,3100.0,0.013,PM2.5-1HR
956,NOR_NO0149A,2025-05-12,7.95,13.59,71.76,0.01,1.46,179.41,1018.76,2020.38,5.37,10.018,3100.0,0.292,PM2.5-1HR
956,NOR_NO0150A,2025-05-12,13.35,13.57,71.91,0.01,1.46,177.48,1018.75,4950.29,5.37,10.018,3100.0,0.006,PM2.5-1HR
956,NOR_NO0153A,2025-05-12,8.24,13.23,72.92,0.01,1.39,153.39,1018.68,1497.53,5.46,10.144,3100.0,0.011,PM2.5-1HR
956,NOR_NO0011A,2025-05-13,5.62,15.77,45.76,0,2.97,323.12,1016.26,11187.25,2.33,5.762,3100.0,0.041,PM2.5-1HR
956,NOR_NO0057A,2025-05-13,5.45,15.89,45.18,0,3.04,323.86,1016.19,727.91,2.43,5.902,3100.0,0.047,PM2.5-1HR
956,NOR_NO0071A,2025-05-13,5.97,15.96,45.22,0,2.99,323.63,1016.2,5794.7,2.28,5.692,3100.0,0.019,PM2.5-1HR
956,NOR_NO0072A,2025-05-13,5.79,15.68,46.09,0,2.92,322.71,1016.28,4189.22,2.33,5.762,3100.0,0.082,PM2.5-1HR
956,NOR_NO0073A,2025-05-13,5.68,15.89,45.41,0,2.99,323.46,1016.23,19813.27,2.24,5.636,3100.0,0.25,PM2.5-1HR
956,NOR_NO0083A,2025-05-13,5.41,15.71,46.01,0,2.93,322.78,1016.28,4937.94,2.33,5.762,3100.0,0.017,PM2.5-1HR
956,NOR_NO0093A,2025-05-13,7.74,15.76,45.89,0,2.93,322.87,1016.27,3881.7,2.33,5.762,3100.0,0.0,PM2.5-1HR
956,NOR_NO0095A,2025-05-13,7.1,15.57,46.37,0,2.92,322.48,1016.3,3578.09,2.27,5.678,3100.0,0.011,PM2.5-1HR
956,NOR_NO0114A,2025-05-13,6.55,15.31,47.24,0,2.83,321.42,1016.36,2835.19,2.41,5.874,3100.0,0.018,PM2.5-1HR
956,NOR_NO0122A,2025-05-13,6.64,15.9,45.17,0,3.04,323.86,1016.19,3172.81,2.43,5.902,3100.0,0.01,PM2.5-1HR
956,NOR_NO0129A,2025-05-13,7.43,15.91,44.86,0,3.11,324.33,1016.14,5243.09,2.18,5.552,3100.0,0.013,PM2.5-1HR
956,NOR_NO0140A,2025-05-13,5.84,15.87,45.57,0,2.96,323.23,1016.25,3929.05,2.33,5.762,3100.0,0.209,PM2.5-1HR
956,NOR_NO0143A,2025-05-13,5.08,15.91,45.39,0,2.98,323.46,1016.23,19250.64,2.24,5.636,3100.0,0.013,PM2.5-1HR
956,NOR_NO0149A,2025-05-13,5.43,15.92,45.23,0,3.02,323.72,1016.2,2020.38,2.28,5.692,3100.0,0.292,PM2.5-1HR
956,NOR_NO0150A,2025-05-13,11.7,15.88,45.32,0,3.02,323.64,1016.22,4950.29,2.28,5.692,3100.0,0.006,PM2.5-1HR
956,NOR_NO0153A,2025-05-13,3.73,15.4,47.09,0,2.82,321.47,1016.35,1497.53,2.41,5.874,3100.0,0.011,PM2.5-1HR
956,NOR_NO0011A,2025-05-14,3.1,10.51,35.9,0,5.42,10.15,1018.51,11187.25,2.25,5.65,3100.0,0.041,PM2.5-1HR
956,NOR_NO0057A,2025-05-14,3.38,10.43,35.77,0,5.58,9.54,1018.48,727.91,2.38,5.832,3100.0,0.047,PM2.5-1HR
956,NOR_NO0071A,2025-05-14,6.38,10.61,35.54,0,5.54,9.96,1018.44,5794.7,2.29,5.706,3100.0,0.019,PM2.5-1HR
956,NOR_NO0072A,2025-05-14,4.48,10.56,35.99,0,5.35,10.5,1018.5,4189.22,2.25,5.65,3100.0,0.082,PM2.5-1HR
956,NOR_NO0073A,2025-05-14,4.01,10.55,35.68,0,5.49,10.01,1018.49,19813.27,2.24,5.636,3100.0,0.25,PM2.5-1HR
956,NOR_NO0083A,2025-05-14,5.04,10.57,35.95,0,5.36,10.46,1018.5,4937.94,2.25,5.65,3100.0,0.017,PM2.5-1HR
956,NOR_NO0093A,2025-05-14,6.58,10.61,35.84,0,5.37,10.48,1018.48,3881.7,2.25,5.65,3100.0,0.0,PM2.5-1HR
956,NOR_NO0095A,2025-05-14,7.22,10.49,36.22,0,5.3,10.52,1018.52,3578.09,2.24,5.636,3100.0,0.011,PM2.5-1HR
956,NOR_NO0114A,2025-05-14,4.09,10.53,36.62,0,5.12,11.22,1018.51,2835.19,2.31,5.734,3100.0,0.018,PM2.5-1HR
956,NOR_NO0122A,2025-05-14,7.75,10.44,35.76,0,5.58,9.55,1018.47,3172.81,2.38,5.832,3100.0,0.01,PM2.5-1HR
956,NOR_NO0129A,2025-05-14,4.75,10.31,35.84,0,5.69,9.02,1018.45,5243.09,2.54,6.056,3100.0,0.013,PM2.5-1HR
956,NOR_NO0140A,2025-05-14,3.96,10.61,35.67,0,5.44,10.26,1018.48,3929.05,2.25,5.65,3100.0,0.209,PM2.5-1HR
956,NOR_NO0143A,2025-05-14,3.92,10.58,35.63,0,5.49,10.06,1018.48,19250.64,2.24,5.636,3100.0,0.013,PM2.5-1HR
956,NOR_NO0149A,2025-05-14,4.31,10.52,35.67,0,5.55,9.77,1018.46,2020.38,2.29,5.706,3100.0,0.292,PM2.5-1HR
956,NOR_NO0150A,2025-05-14,9.4,10.49,35.74,0,5.53,9.78,1018.49,4950.29,2.29,5.706,3100.0,0.006,PM2.5-1HR
956,NOR_NO0153A,2025-05-14,4.53,10.61,36.46,0,5.13,11.34,1018.49,1497.53,2.31,5.734,3100.0,0.011,PM2.5-1HR
956,NOR_NO0011A,2025-05-15,2.5,12.82,36.11,0,4.51,8.24,1021.03,11187.25,1.77,4.978,3100.0,0.041,PM2.5-1HR
956,NOR_NO0057A,2025-05-15,2.93,12.79,35.97,0,4.66,8.39,1020.96,727.91,1.94,5.216,3100.0,0.047,PM2.5-1HR
956,NOR_NO0071A,2025-05-15,6.13,12.91,35.74,0,4.64,8.36,1020.95,5794.7,1.85,5.09,3100.0,0.019,PM2.5-1HR
956,NOR_NO0072A,2025-05-15,3.67,12.82,36.24,0,4.43,8.04,1021.03,4189.22,1.77,4.978,3100.0,0.082,PM2.5-1HR
956,NOR_NO0073A,2025-05-15,3.39,12.88,35.86,0,4.58,8.35,1021,19813.27,1.78,4.992,3100.0,0.25,PM2.5-1HR
956,NOR_NO0083A,2025-05-15,4.08,12.83,36.18,0,4.45,8.07,1021.03,4937.94,1.77,4.978,3100.0,0.017,PM2.5-1HR
956,NOR_NO0093A,2025-05-15,6.65,12.87,36.06,0,4.47,8.1,1021.02,3881.7,1.77,4.978,3100.0,0.0,PM2.5-1HR
956,NOR_NO0095A,2025-05-15,5.27,12.74,36.49,0,4.39,7.94,1021.05,3578.09,1.85,5.09,3100.0,0.011,PM2.5-1HR
956,NOR_NO0114A,2025-05-15,4.02,12.67,36.98,0,4.21,7.44,1021.08,2835.19,1.84,5.076,3100.0,0.018,PM2.5-1HR
956,NOR_NO0122A,2025-05-15,6.1,12.79,35.95,0,4.67,8.39,1020.96,3172.81,1.94,5.216,3100.0,0.01,PM2.5-1HR
956,NOR_NO0129A,2025-05-15,4.38,12.69,36.05,0,4.78,8.43,1020.92,5243.09,1.89,5.146,3100.0,0.013,PM2.5-1HR
956,NOR_NO0140A,2025-05-15,3.54,12.91,35.86,0,4.53,8.27,1021,3929.05,1.77,4.978,3100.0,0.209,PM2.5-1HR
956,NOR_NO0143A,2025-05-15,3.31,12.9,35.81,0,4.58,8.35,1020.99,19250.64,1.78,4.992,3100.0,0.013,PM2.5-1HR
956,NOR_NO0149A,2025-05-15,3.7,12.85,35.87,0,4.64,8.38,1020.96,2020.38,1.85,5.09,3100.0,0.292,PM2.5-1HR
956,NOR_NO0150A,2025-05-15,7.2,12.83,35.93,0,4.62,8.37,1020.98,4950.29,1.85,5.09,3100.0,0.006,PM2.5-1HR
956,NOR_NO0153A,2025-05-15,3.02,12.75,36.8,0,4.22,7.46,1021.06,1497.53,1.84,5.076,3100.0,0.011,PM2.5-1HR
956,NOR_NO0011A,2025-05-16,3.33,13.78,45.2,0,4.7,13.63,1022.18,11187.25,1.25,4.25,3100.0,0.041,PM2.5-1HR
956,NOR_NO0057A,2025-05-16,3.49,13.86,44.69,0,4.83,13.56,1022.09,727.91,1.29,4.306,3100.0,0.047,PM2.5-1HR
956,NOR_NO0071A,2025-05-16,5.67,13.97,44.44,0,4.81,13.35,1022.07,5794.7,1.29,4.306,3100.0,0.019,PM2.5-1HR
956,NOR_NO0072A,2025-05-16,3.38,13.78,45.31,0,4.64,13.4,1022.18,4189.22,1.25,4.25,3100.0,0.082,PM2.5-1HR
956,NOR_NO0073A,2025-05-16,4.38,13.88,44.82,0,4.76,13.58,1022.14,19813.27,1.3,4.32,3100.0,0.25,PM2.5-1HR
956,NOR_NO0083A,2025-05-16,3.55,13.79,45.25,0,4.65,13.41,1022.17,4937.94,1.25,4.25,3100.0,0.017,PM2.5-1HR
956,NOR_NO0093A,2025-05-16,6.02,13.84,45.09,0,4.66,13.36,1022.16,3881.7,1.25,4.25,3100.0,0.0,PM2.5-1HR
956,NOR_NO0095A,2025-05-16,4.33,13.69,45.65,0,4.6,13.45,1022.21,3578.09,1.29,4.306,3100.0,0.011,PM2.5-1HR
956,NOR_NO0114A,2025-05-16,2.97,13.59,46.19,0,4.45,13.06,1022.23,2835.19,1.23,4.222,3100.0,0.018,PM2.5-1HR
956,NOR_NO0122A,2025-05-16,4.93,13.87,44.66,0,4.83,13.53,1022.09,3172.81,1.29,4.306,3100.0,0.01,PM2.5-1HR
956,NOR_NO0129A,2025-05-16,3.54,13.87,44.44,0,4.92,13.43,1022.03,5243.09,1.48,4.572,3100.0,0.013,PM2.5-1HR
956,NOR_NO0140A,2025-05-16,3.53,13.89,44.85,0,4.72,13.48,1022.14,3929.05,1.25,4.25,3100.0,0.209,PM2.5-1HR
956,NOR_NO0143A,2025-05-16,3.3,13.9,44.74,0,4.76,13.53,1022.13,19250.64,1.3,4.32,3100.0,0.013,PM2.5-1HR
956,NOR_NO0149A,2025-05-16,3.68,13.91,44.61,0,4.81,13.48,1022.09,2020.38,1.29,4.306,3100.0,0.292,PM2.5-1HR
956,NOR_NO0150A,2025-05-16,6.41,13.86,44.8,0,4.79,13.6,1022.12,4950.29,1.29,4.306,3100.0,0.006,PM2.5-1HR
956,NOR_NO0153A,2025-05-16,2.61,13.67,45.94,0,4.47,12.92,1022.21,1497.53,1.23,4.222,3100.0,0.011,PM2.5-1HR
956,NOR_NO0011A,2025-05-17,3.59,14.23,41.68,0,4.02,25.91,1019.07,11187.25,1.21,4.194,3100.0,0.041,PM2.5-1HR
956,NOR_NO0057A,2025-05-17,3.62,14.32,41.12,0,4.14,28.42,1019.01,727.91,1.36,4.404,3100.0,0.047,PM2.5-1HR
956,NOR_NO0071A,2025-05-17,4.75,14.4,41.11,0,4.11,28.38,1018.99,5794.7,1.27,4.278,3100.0,0.019,PM2.5-1HR
956,NOR_NO0072A,2025-05-17,3.88,14.22,41.93,0,3.96,25.52,1019.06,4189.22,1.21,4.194,3100.0,0.082,PM2.5-1HR
956,NOR_NO0073A,2025-05-17,4.05,14.32,41.35,0,4.07,26.85,1019.04,19813.27,1.21,4.194,3100.0,0.25,PM2.5-1HR
956,NOR_NO0083A,2025-05-17,3.05,14.23,41.86,0,3.97,25.65,1019.06,4937.94,1.21,4.194,3100.0,0.017,PM2.5-1HR
956,NOR_NO0093A,2025-05-17,5.61,14.28,41.74,0,3.98,25.93,1019.05,3881.7,1.21,4.194,3100.0,0.0,PM2.5-1HR
956,NOR_NO0095A,2025-05-17,4.29,14.13,42.19,0,3.93,24.93,1019.09,3578.09,1.25,4.25,3100.0,0.011,PM2.5-1HR
956,NOR_NO0114A,2025-05-17,2.95,14.02,42.91,0,3.78,23.48,1019.11,2835.19,1.41,4.474,3100.0,0.018,PM2.5-1HR
956,NOR_NO0122A,2025-05-17,3.43,14.33,41.11,0,4.14,28.52,1019.01,3172.81,1.36,4.404,3100.0,0.01,PM2.5-1HR
956,NOR_NO0129A,2025-05-17,3.91,14.34,40.81,0,4.23,30.56,1018.97,5243.09,1.02,3.928,3100.0,0.013,PM2.5-1HR
956,NOR_NO0140A,2025-05-17,3.9,14.33,41.46,0,4.03,26.47,1019.04,3929.05,1.21,4.194,3100.0,0.209,PM2.5-1HR
956,NOR_NO0143A,2025-05-17,3.08,14.35,41.31,0,4.07,26.98,1019.03,19250.64,1.21,4.194,3100.0,0.013,PM2.5-1HR
956,NOR_NO0149A,2025-05-17,3.93,14.35,41.15,0,4.12,28.22,1019,2020.38,1.27,4.278,3100.0,0.292,PM2.5-1HR
956,NOR_NO0150A,2025-05-17,3.99,14.31,41.27,0,4.1,27.47,1019.03,4950.29,1.27,4.278,3100.0,0.006,PM2.5-1HR
956,NOR_NO0153A,2025-05-17,2.68,14.09,42.76,0,3.78,23.82,1019.08,1497.53,1.41,4.474,3100.0,0.011,PM2.5-1HR
956,NOR_NO0011A,2025-05-18,3.17,14.71,38.8,0,3.51,21.23,1019.89,11187.25,1.51,4.614,3100.0,0.041,PM2.5-1HR
956,NOR_NO0057A,2025-05-18,3.09,14.77,38.26,0,3.59,22.86,1019.81,727.91,1.71,4.894,3100.0,0.047,PM2.5-1HR
956,NOR_NO0071A,2025-05-18,5.13,14.85,38.47,0,3.56,22.13,1019.78,5794.7,1.6,4.74,3100.0,0.019,PM2.5-1HR
956,NOR_NO0072A,2025-05-18,3.5,14.67,39.19,0,3.47,20.41,1019.88,4189.22,1.51,4.614,3100.0,0.082,PM2.5-1HR
956,NOR_NO0073A,2025-05-18,3.97,14.8,38.52,0,3.54,21.7,1019.85,19813.27,1.52,4.628,3100.0,0.25,PM2.5-1HR
956,NOR_NO0083A,2025-05-18,2.89,14.69,39.12,0,3.47,20.52,1019.88,4937.94,1.51,4.614,3100.0,0.017,PM2.5-1HR
956,NOR_NO0093A,2025-05-18,5.55,14.73,39.05,0,3.48,20.53,1019.86,3881.7,1.51,4.614,3100.0,0.0,PM2.5-1HR
956,NOR_NO0095A,2025-05-18,2.59,14.58,39.38,0,3.45,20.25,1019.91,3578.09,1.59,4.726,3100.0,0.011,PM2.5-1HR
956,NOR_NO0114A,2025-05-18,2.33,14.42,40.31,0,3.36,18.47,1019.93,2835.19,1.56,4.684,3100.0,0.018,PM2.5-1HR
956,NOR_NO0122A,2025-05-18,2.91,14.78,38.27,0,3.59,22.85,1019.81,3172.81,1.71,4.894,3100.0,0.01,PM2.5-1HR
956,NOR_NO0129A,2025-05-18,3.93,14.76,37.95,0,3.65,24.16,1019.76,5243.09,1.62,4.768,3100.0,0.013,PM2.5-1HR
956,NOR_NO0140A,2025-05-18,2.95,14.79,38.72,0,3.51,21.12,1019.85,3929.05,1.51,4.614,3100.0,0.209,PM2.5-1HR
956,NOR_NO0143A,2025-05-18,2.94,14.82,38.53,0,3.54,21.62,1019.84,19250.64,1.52,4.628,3100.0,0.013,PM2.5-1HR
956,NOR_NO0149A,2025-05-18,3.74,14.81,38.38,0,3.57,22.43,1019.81,2020.38,1.6,4.74,3100.0,0.292,PM2.5-1HR
956,NOR_NO0150A,2025-05-18,4.37,14.78,38.4,0,3.56,22.25,1019.84,4950.29,1.6,4.74,3100.0,0.006,PM2.5-1HR
956,NOR_NO0153A,2025-05-18,1.68,14.49,40.27,0,3.36,18.29,1019.9,1497.53,1.56,4.684,3100.0,0.011,PM2.5-1HR
956,NOR_NO0011A,2025-05-19,3.55,17.14,36.37,0,2.51,332.77,1018.97,11187.25,1.84,5.076,3100.0,0.041,PM2.5-1HR
956,NOR_NO0057A,2025-05-19,4.69,17.2,35.55,0,2.57,333.36,1018.91,727.91,2.12,5.468,3100.0,0.047,PM2.5-1HR
956,NOR_NO0071A,2025-05-19,6.2,17.22,35.69,0,2.55,332.61,1018.93,5794.7,2.03,5.342,3100.0,0.019,PM2.5-1HR
956,NOR_NO0072A,2025-05-19,5.07,17.06,36.66,0,2.47,332.29,1018.98,4189.22,1.84,5.076,3100.0,0.082,PM2.5-1HR
956,NOR_NO0073A,2025-05-19,4.75,17.21,36.01,0,2.54,332.74,1018.95,19813.27,1.86,5.104,3100.0,0.25,PM2.5-1HR
956,NOR_NO0083A,2025-05-19,4.28,17.08,36.6,0,2.47,332.31,1018.98,4937.94,1.84,5.076,3100.0,0.017,PM2.5-1HR
956,NOR_NO0093A,2025-05-19,6.92,17.11,36.49,0,2.48,332.18,1018.97,3881.7,1.84,5.076,3100.0,0.0,PM2.5-1HR
956,NOR_NO0095A,2025-05-19,7.08,16.99,36.92,0,2.45,332.48,1018.99,3578.09,1.89,5.146,3100.0,0.011,PM2.5-1HR
956,NOR_NO0114A,2025-05-19,3.55,16.8,37.72,0,2.35,331.71,1019.03,2835.19,1.83,5.062,3100.0,0.018,PM2.5-1HR
956,NOR_NO0122A,2025-05-19,4.75,17.2,35.54,0,2.57,333.31,1018.91,3172.81,2.12,5.468,3100.0,0.01,PM2.5-1HR
956,NOR_NO0129A,2025-05-19,6.74,17.19,34.99,0,2.61,334.02,1018.87,5243.09,2.32,5.748,3100.0,0.013,PM2.5-1HR
956,NOR_NO0140A,2025-05-19,4.66,17.19,36.19,0,2.51,332.4,1018.96,3929.05,1.84,5.076,3100.0,0.209,PM2.5-1HR
956,NOR_NO0143A,2025-05-19,3.79,17.22,35.98,0,2.54,332.62,1018.95,19250.64,1.86,5.104,3100.0,0.013,PM2.5-1HR
956,NOR_NO0149A,2025-05-19,4.33,17.2,35.66,0,2.56,332.97,1018.92,2020.38,2.03,5.342,3100.0,0.292,PM2.5-1HR
956,NOR_NO0150A,2025-05-19,8.84,17.21,35.82,0,2.55,333.07,1018.93,4950.29,2.03,5.342,3100.0,0.006,PM2.5-1HR
956,NOR_NO0153A,2025-05-19,3.65,16.84,37.6,0,2.35,331.33,1019.02,1497.53,1.83,5.062,3100.0,0.011,PM2.5-1HR
956,NOR_NO0011A,2025-05-20,4.3,17.51,33.24,0,3.01,10.35,1010.97,11187.25,2.05,5.37,3100.0,0.041,PM2.5-1HR
956,NOR_NO0057A,2025-05-20,6.38,17.48,33.3,0,3.09,9.37,1010.96,727.91,2.26,5.664,3100.0,0.047,PM2.5-1HR
956,NOR_NO0071A,2025-05-20,8.75,17.64,33.28,0,3.06,9.85,1010.92,5794.7,2.17,5.538,3100.0,0.019,PM2.5-1HR
956,NOR_NO0072A,2025-05-20,4.83,17.45,33.67,0,2.96,10.44,1010.95,4189.22,2.05,5.37,3100.0,0.082,PM2.5-1HR
956,NOR_NO0073A,2025-05-20,4.76,17.62,33.05,0,3.04,10.19,1010.96,19813.27,2.11,5.454,3100.0,0.25,PM2.5-1HR
956,NOR_NO0083A,2025-05-20,5.75,17.47,33.6,0,2.97,10.44,1010.95,4937.94,2.05,5.37,3100.0,0.017,PM2.5-1HR
956,NOR_NO0093A,2025-05-20,6.67,17.53,33.53,0,2.97,10.45,1010.94,3881.7,2.05,5.37,3100.0,0.0,PM2.5-1HR
956,NOR_NO0095A,2025-05-20,5.68,17.32,33.88,0,2.94,10.45,1010.97,3578.09,2.07,5.398,3100.0,0.011,PM2.5-1HR
956,NOR_NO0114A,2025-05-20,3.27,17.1,34.88,0,2.84,10.58,1010.96,2835.19,1.89,5.146,3100.0,0.018,PM2.5-1HR
956,NOR_NO0122A,2025-05-20,7.73,17.49,33.31,0,3.09,9.38,1010.95,3172.81,2.26,5.664,3100.0,0.01,PM2.5-1HR
956,NOR_NO0129A,2025-05-20,6.27,17.35,33.63,0,3.16,8.4,1010.96,5243.09,2.69,6.266,3100.0,0.013,PM2.5-1HR
956,NOR_NO0140A,2025-05-20,5.17,17.63,33.18,0,3.01,10.4,1010.95,3929.05,2.05,5.37,3100.0,0.209,PM2.5-1HR
956,NOR_NO0143A,2025-05-20,4.12,17.64,33.07,0,3.04,10.21,1010.95,19250.64,2.11,5.454,3100.0,0.013,PM2.5-1HR
956,NOR_NO0149A,2025-05-20,5.76,17.56,33.26,0,3.07,9.67,1010.94,2020.38,2.17,5.538,3100.0,0.292,PM2.5-1HR
956,NOR_NO0150A,2025-05-20,9.15,17.55,33.15,0,3.07,9.82,1010.96,4950.29,2.17,5.538,3100.0,0.006,PM2.5-1HR
956,NOR_NO0153A,2025-05-20,3.6,17.2,34.84,0,2.83,10.57,1010.93,1497.53,1.89,5.146,3100.0,0.011,PM2.5-1HR
956,NOR_NO0011A,2025-05-21,3.21,9.96,40.02,0.01,4.87,26.89,1006.69,11187.25,0.84,3.676,3100.0,0.041,PM2.5-1HR
956,NOR_NO0057A,2025-05-21,1.37,10.01,39.95,0.01,4.93,27.1,1006.63,727.91,0.91,3.774,3100.0,0.047,PM2.5-1HR
956,NOR_NO0071A,2025-05-21,2.78,10.15,39.96,0.01,4.93,26.9,1006.58,5794.7,0.87,3.718,3100.0,0.019,PM2.5-1HR
956,NOR_NO0072A,2025-05-21,1.66,9.99,40.28,0.01,4.83,26.7,1006.68,4189.22,0.84,3.676,3100.0,0.082,PM2.5-1HR
956,NOR_NO0073A,2025-05-21,2.84,10.05,39.89,0.01,4.91,26.92,1006.65,19813.27,0.86,3.704,3100.0,0.25,PM2.5-1HR
956,NOR_NO0083A,2025-05-21,2.31,10,40.24,0.01,4.83,26.71,1006.67,4937.94,0.84,3.676,3100.0,0.017,PM2.5-1HR
956,NOR_NO0093A,2025-05-21,3.94,10.05,40.2,0.01,4.85,26.69,1006.65,3881.7,0.84,3.676,3100.0,0.0,PM2.5-1HR
956,NOR_NO0095A,2025-05-21,2.7,9.9,40.4,0.01,4.8,26.72,1006.71,3578.09,0.87,3.718,3100.0,0.011,PM2.5-1HR
956,NOR_NO0114A,2025-05-21,1.78,9.86,40.99,0.01,4.69,26.38,1006.72,2835.19,0.95,3.83,3100.0,0.018,PM2.5-1HR
956,NOR_NO0122A,2025-05-21,3.02,10.02,39.95,0.01,4.93,27.09,1006.63,3172.81,0.91,3.774,3100.0,0.01,PM2.5-1HR
956,NOR_NO0129A,2025-05-21,2.25,10,40.03,0.01,4.97,27.28,1006.6,5243.09,0.73,3.522,3100.0,0.013,PM2.5-1HR
956,NOR_NO0140A,2025-05-21,1.88,10.08,39.99,0.01,4.89,26.79,1006.64,3929.05,0.84,3.676,3100.0,0.209,PM2.5-1HR
956,NOR_NO0143A,2025-05-21,1.65,10.08,39.9,0.01,4.91,26.88,1006.64,19250.64,0.86,3.704,3100.0,0.013,PM2.5-1HR
956,NOR_NO0149A,2025-05-21,2.7,10.07,39.94,0.01,4.93,27,1006.61,2020.38,0.87,3.718,3100.0,0.292,PM2.5-1HR
956,NOR_NO0150A,2025-05-21,5.25,10.02,39.91,0.01,4.92,27.02,1006.65,4950.29,0.87,3.718,3100.0,0.006,PM2.5-1HR
956,NOR_NO0153A,2025-05-21,1.56,9.95,40.95,0.01,4.71,26.31,1006.69,1497.53,0.95,3.83,3100.0,0.011,PM2.5-1HR
956,NOR_NO0011A,2025-05-22,6.63,7.85,53.6,0.08,4.96,12,1007.29,11187.25,0.54,3.256,3100.0,0.041,PM2.5-1HR
956,NOR_NO0057A,2025-05-22,2.06,7.86,53.21,0.07,5.04,13.04,1007.2,727.91,0.58,3.312,3100.0,0.047,PM2.5-1HR
956,NOR_NO0071A,2025-05-22,4.13,8,53.31,0.07,5.05,12.57,1007.16,5794.7,0.57,3.298,3100.0,0.019,PM2.5-1HR
956,NOR_NO0072A,2025-05-22,1.47,7.89,53.78,0.08,4.93,11.59,1007.3,4189.22,0.54,3.256,3100.0,0.082,PM2.5-1HR
956,NOR_NO0073A,2025-05-22,2.18,7.92,53.42,0.08,5.01,12.27,1007.24,19813.27,0.57,3.298,3100.0,0.25,PM2.5-1HR
956,NOR_NO0083A,2025-05-22,1.77,7.9,53.75,0.08,4.94,11.65,1007.29,4937.94,0.54,3.256,3100.0,0.017,PM2.5-1HR
956,NOR_NO0093A,2025-05-22,4.47,7.94,53.7,0.08,4.96,11.66,1007.27,3881.7,0.54,3.256,3100.0,0.0,PM2.5-1HR
956,NOR_NO0095A,2025-05-22,2.53,7.81,53.92,0.09,4.9,11.5,1007.33,3578.09,0.59,3.326,3100.0,0.011,PM2.5-1HR
956,NOR_NO0114A,2025-05-22,1.19,7.81,54.38,0.09,4.82,10.64,1007.38,2835.19,0.42,3.088,3100.0,0.018,PM2.5-1HR
956,NOR_NO0122A,2025-05-22,2,7.87,53.21,0.07,5.04,13.04,1007.19,3172.81,0.58,3.312,3100.0,0.01,PM2.5-1HR
956,NOR_NO0129A,2025-05-22,1.68,7.82,52.96,0.06,5.09,13.93,1007.12,5243.09,0.78,3.592,3100.0,0.013,PM2.5-1HR
956,NOR_NO0140A,2025-05-22,1.32,7.95,53.52,0.08,4.99,11.95,1007.25,3929.05,0.54,3.256,3100.0,0.209,PM2.5-1HR
956,NOR_NO0143A,2025-05-22,1.88,7.94,53.42,0.08,5.01,12.24,1007.23,19250.64,0.57,3.298,3100.0,0.013,PM2.5-1HR
956,NOR_NO0149A,2025-05-22,2.56,7.92,53.28,0.07,5.04,12.76,1007.18,2020.38,0.57,3.298,3100.0,0.292,PM2.5-1HR
956,NOR_NO0150A,2025-05-22,3.71,7.88,53.33,0.08,5.02,12.63,1007.23,4950.29,0.57,3.298,3100.0,0.006,PM2.5-1HR
956,NOR_NO0153A,2025-05-22,1.06,7.88,54.31,0.09,4.84,10.58,1007.34,1497.53,0.42,3.088,3100.0,0.011,PM2.5-1HR
956,NOR_NO0011A,2025-05-23,2.54,7.07,73.82,0.19,4.34,3.13,1005.8,11187.25,0.42,3.088,3100.0,0.041,PM2.5-1HR
956,NOR_NO0057A,2025-05-23,1.96,7,74.29,0.2,4.38,3.64,1005.68,727.91,0.46,3.144,3100.0,0.047,PM2.5-1HR
956,NOR_NO0071A,2025-05-23,4.48,7.12,74.04,0.2,4.37,3.03,1005.68,5794.7,0.44,3.116,3100.0,0.019,PM2.5-1HR
956,NOR_NO0072A,2025-05-23,1.04,7.11,73.75,0.18,4.3,2.81,1005.81,4189.22,0.42,3.088,3100.0,0.082,PM2.5-1HR
956,NOR_NO0073A,2025-05-23,2.25,7.09,73.85,0.19,4.36,3.16,1005.75,19813.27,0.44,3.116,3100.0,0.25,PM2.5-1HR
956,NOR_NO0083A,2025-05-23,1.99,7.11,73.75,0.18,4.31,2.83,1005.8,4937.94,0.42,3.088,3100.0,0.017,PM2.5-1HR
956,NOR_NO0093A,2025-05-23,4.53,7.14,73.71,0.18,4.31,2.72,1005.79,3881.7,0.42,3.088,3100.0,0.0,PM2.5-1HR
956,NOR_NO0095A,2025-05-23,1.99,7.06,73.82,0.18,4.28,2.93,1005.84,3578.09,0.46,3.144,3100.0,0.011,PM2.5-1HR
956,NOR_NO0114A,2025-05-23,1.05,7.1,73.76,0.18,4.2,2.25,1005.9,2835.19,0.4,3.06,3100.0,0.018,PM2.5-1HR
956,NOR_NO0122A,2025-05-23,1.41,7.01,74.3,0.2,4.38,3.62,1005.68,3172.81,0.46,3.144,3100.0,0.01,PM2.5-1HR
956,NOR_NO0129A,2025-05-23,1.73,6.91,74.84,0.22,4.4,4.2,1005.59,5243.09,0.51,3.214,3100.0,0.013,PM2.5-1HR
956,NOR_NO0140A,2025-05-23,1.34,7.14,73.72,0.19,4.34,2.91,1005.76,3929.05,0.42,3.088,3100.0,0.209,PM2.5-1HR
956,NOR_NO0143A,2025-05-23,1.5,7.11,73.82,0.19,4.36,3.09,1005.74,19250.64,0.44,3.116,3100.0,0.013,PM2.5-1HR
956,NOR_NO0149A,2025-05-23,1.97,7.06,74.14,0.2,4.37,3.37,1005.68,2020.38,0.44,3.116,3100.0,0.292,PM2.5-1HR
956,NOR_NO0150A,2025-05-23,3.41,7.04,74.05,0.2,4.37,3.4,1005.72,4950.29,0.44,3.116,3100.0,0.006,PM2.5-1HR
956,NOR_NO0153A,2025-05-23,1.07,7.15,73.67,0.18,4.21,1.74,1005.88,1497.53,0.4,3.06,3100.0,0.011,PM2.5-1HR
956,NOR_NO0011A,2025-05-24,4.5,8.55,80.17,0.14,4.28,176.23,1004.97,11187.25,0.98,3.872,3100.0,0.041,PM2.5-1HR
956,NOR_NO0057A,2025-05-24,3.75,8.53,80.27,0.14,4.39,179.63,1005.1,727.91,1.15,4.11,3100.0,0.047,PM2.5-1HR
956,NOR_NO0071A,2025-05-24,5.5,8.63,79.92,0.13,4.4,178.15,1005.1,5794.7,1.1,4.04,3100.0,0.019,PM2.5-1HR
956,NOR_NO0072A,2025-05-24,5.08,8.61,79.73,0.13,4.25,175.14,1004.95,4189.22,0.98,3.872,3100.0,0.082,PM2.5-1HR
956,NOR_NO0073A,2025-05-24,4.84,8.57,80.2,0.14,4.34,177.06,1005.03,19813.27,1.09,4.026,3100.0,0.25,PM2.5-1HR
956,NOR_NO0083A,2025-05-24,5.08,8.61,79.77,0.13,4.26,175.29,1004.95,4937.94,0.98,3.872,3100.0,0.017,PM2.5-1HR
956,NOR_NO0093A,2025-05-24,6.13,8.63,79.73,0.13,4.28,175.34,1004.97,3881.7,0.98,3.872,3100.0,0.0,PM2.5-1HR
956,NOR_NO0095A,2025-05-24,3.37,8.57,79.75,0.13,4.2,174.85,1004.91,3578.09,0.87,3.718,3100.0,0.011,PM2.5-1HR
956,NOR_NO0114A,2025-05-24,4.77,8.65,78.98,0.12,4.1,172.6,1004.82,2835.19,0.77,3.578,3100.0,0.018,PM2.5-1HR
956,NOR_NO0122A,2025-05-24,5.35,8.54,80.24,0.14,4.39,179.62,1005.1,3172.81,1.15,4.11,3100.0,0.01,PM2.5-1HR
956,NOR_NO0129A,2025-05-24,5.61,8.5,80.27,0.15,4.46,182.48,1005.19,5243.09,1.49,4.586,3100.0,0.013,PM2.5-1HR
956,NOR_NO0140A,2025-05-24,5.55,8.61,79.98,0.14,4.32,176.11,1005.01,3929.05,0.98,3.872,3100.0,0.209,PM2.5-1HR
956,NOR_NO0143A,2025-05-24,4.71,8.59,80.13,0.14,4.35,176.96,1005.03,19250.64,1.09,4.026,3100.0,0.013,PM2.5-1HR
956,NOR_NO0149A,2025-05-24,4.39,8.58,80.12,0.14,4.39,178.72,1005.09,2020.38,1.1,4.04,3100.0,0.292,PM2.5-1HR
956,NOR_NO0150A,2025-05-24,4.96,8.54,80.27,0.14,4.35,178.25,1005.05,4950.29,1.1,4.04,3100.0,0.006,PM2.5-1HR
956,NOR_NO0153A,2025-05-24,3.08,8.7,78.83,0.12,4.13,172.59,1004.85,1497.53,0.77,3.578,3100.0,0.011,PM2.5-1HR
956,NOR_NO0011A,2025-05-25,4.07,8.6,93.81,0.52,3.62,128.53,1002.84,11187.25,2.07,5.398,3100.0,0.041,PM2.5-1HR
956,NOR_NO0057A,2025-05-25,3.91,8.63,93.49,0.49,3.75,129.65,1002.94,727.91,2.01,5.314,3100.0,0.047,PM2.5-1HR
956,NOR_NO0071A,2025-05-25,4.34,8.74,93.37,0.49,3.74,129.5,1002.88,5794.7,1.96,5.244,3100.0,0.019,PM2.5-1HR
956,NOR_NO0072A,2025-05-25,5.01,8.65,93.73,0.52,3.57,128.17,1002.79,4189.22,2.07,5.398,3100.0,0.082,PM2.5-1HR
956,NOR_NO0083A,2025-05-25,5.1,8.65,93.72,0.52,3.58,128.25,1002.79,4937.94,2.07,5.398,3100.0,0.017,PM2.5-1HR
956,NOR_NO0093A,2025-05-25,6.44,8.69,93.66,0.52,3.6,128.36,1002.79,3881.7,2.07,5.398,3100.0,0.0,PM2.5-1HR
956,NOR_NO0095A,2025-05-25,3.58,8.59,93.83,0.53,3.54,127.87,1002.78,3578.09,2.24,5.636,3100.0,0.011,PM2.5-1HR
956,NOR_NO0114A,2025-05-25,5.75,8.63,93.78,0.53,3.43,126.88,1002.68,2835.19,2.27,5.678,3100.0,0.018,PM2.5-1HR
956,NOR_NO0122A,2025-05-25,4.59,8.64,93.46,0.49,3.75,129.68,1002.94,3172.81,2.01,5.314,3100.0,0.01,PM2.5-1HR
956,NOR_NO0129A,2025-05-25,5.76,8.63,93.2,0.45,3.84,130.47,1003.04,5243.09,1.8,5.02,3100.0,0.013,PM2.5-1HR
956,NOR_NO0140A,2025-05-25,5.77,8.68,93.66,0.52,3.64,128.72,1002.83,3929.05,2.07,5.398,3100.0,0.209,PM2.5-1HR
956,NOR_NO0143A,2025-05-25,4.59,8.67,93.63,0.51,3.68,129,1002.86,19250.64,2,5.3,3100.0,0.013,PM2.5-1HR
956,NOR_NO0149A,2025-05-25,3.91,8.68,93.46,0.49,3.73,129.52,1002.91,2020.38,1.96,5.244,3100.0,0.292,PM2.5-1HR
956,NOR_NO0150A,2025-05-25,6.33,8.63,93.61,0.5,3.7,129.26,1002.9,4950.29,1.96,5.244,3100.0,0.006,PM2.5-1HR
956,NOR_NO0153A,2025-05-25,4.21,8.7,93.67,0.53,3.45,127.05,1002.66,1497.53,2.27,5.678,3100.0,0.011,PM2.5-1HR
956,NOR_NO0011A,2025-05-26,4.05,12.14,73.35,0.02,4.78,193.76,1000.92,11187.25,1.28,4.292,3100.0,0.041,PM2.5-1HR
956,NOR_NO0057A,2025-05-26,3.98,12.18,73.46,0.02,5.01,194.92,1001.02,727.91,1.47,4.558,3100.0,0.047,PM2.5-1HR
956,NOR_NO0071A,2025-05-26,5.37,12.21,73.59,0.02,4.97,194.63,1001.07,5794.7,1.38,4.432,3100.0,0.019,PM2.5-1HR
956,NOR_NO0072A,2025-05-26,4.98,12.13,73.26,0.02,4.7,193.75,1000.93,4189.22,1.28,4.292,3100.0,0.082,PM2.5-1HR
956,NOR_NO0073A,2025-05-26,3.48,12.18,73.48,0.02,4.87,193.97,1000.98,19813.27,1.33,4.362,3100.0,0.25,PM2.5-1HR
956,NOR_NO0083A,2025-05-26,5.4,12.14,73.28,0.02,4.71,193.75,1000.94,4937.94,1.28,4.292,3100.0,0.017,PM2.5-1HR
956,NOR_NO0093A,2025-05-26,5.39,12.16,73.34,0.02,4.74,193.76,1000.96,3881.7,1.28,4.292,3100.0,0.0,PM2.5-1HR
956,NOR_NO0095A,2025-05-26,3.77,12.1,73.15,0.02,4.64,193.72,1000.89,3578.09,1.26,4.264,3100.0,0.011,PM2.5-1HR
956,NOR_NO0114A,2025-05-26,4.73,12.05,72.87,0.02,4.44,193.68,1000.87,2835.19,1.11,4.054,3100.0,0.018,PM2.5-1HR
956,NOR_NO0122A,2025-05-26,5.09,12.19,73.48,0.02,5.01,194.95,1001.03,3172.81,1.47,4.558,3100.0,0.01,PM2.5-1HR
956,NOR_NO0129A,2025-05-26,5.42,12.2,73.48,0.02,5.19,196.05,1001.09,5243.09,1.72,4.908,3100.0,0.013,PM2.5-1HR
956,NOR_NO0140A,2025-05-26,6.03,12.18,73.45,0.02,4.81,193.77,1000.98,3929.05,1.28,4.292,3100.0,0.209,PM2.5-1HR
956,NOR_NO0143A,2025-05-26,5.08,12.19,73.5,0.02,4.87,193.98,1000.99,19250.64,1.33,4.362,3100.0,0.013,PM2.5-1HR
956,NOR_NO0149A,2025-05-26,3.6,12.19,73.52,0.02,4.98,194.7,1001.03,2020.38,1.38,4.432,3100.0,0.292,PM2.5-1HR
956,NOR_NO0150A,2025-05-26,4.9,12.17,73.46,0.02,4.93,194.39,1000.99,4950.29,1.38,4.432,3100.0,0.006,PM2.5-1HR
956,NOR_NO0153A,2025-05-26,3.6,12.09,72.93,0.02,4.46,193.73,1000.91,1497.53,1.11,4.054,3100.0,0.011,PM2.5-1HR
956,NOR_NO0011A,2025-05-27,3.57,9.47,84.43,0.4,4.72,178.5,1002.74,11187.25,1.17,4.138,3100.0,0.041,PM2.5-1HR
956,NOR_NO0057A,2025-05-27,3.82,9.55,84.2,0.39,4.85,179.65,1002.86,727.91,1.22,4.208,3100.0,0.047,PM2.5-1HR
956,NOR_NO0071A,2025-05-27,4.83,9.63,84.15,0.4,4.83,179.49,1002.86,5794.7,1.19,4.166,3100.0,0.019,PM2.5-1HR
956,NOR_NO0072A,2025-05-27,4.53,9.5,84.35,0.4,4.66,178.25,1002.71,4189.22,1.17,4.138,3100.0,0.082,PM2.5-1HR
956,NOR_NO0073A,2025-05-27,3.45,9.53,84.35,0.4,4.77,178.89,1002.79,19813.27,1.13,4.082,3100.0,0.25,PM2.5-1HR
956,NOR_NO0083A,2025-05-27,5.11,9.5,84.35,0.4,4.67,178.31,1002.72,4937.94,1.17,4.138,3100.0,0.017,PM2.5-1HR
956,NOR_NO0093A,2025-05-27,5.98,9.54,84.32,0.4,4.69,178.41,1002.74,3881.7,1.17,4.138,3100.0,0.0,PM2.5-1HR
956,NOR_NO0095A,2025-05-27,4.18,9.44,84.4,0.4,4.63,178.01,1002.68,3578.09,1.23,4.222,3100.0,0.011,PM2.5-1HR
956,NOR_NO0114A,2025-05-27,4.39,9.44,84.32,0.39,4.49,177.31,1002.61,2835.19,1.31,4.334,3100.0,0.018,PM2.5-1HR
956,NOR_NO0122A,2025-05-27,5.36,9.56,84.19,0.39,4.85,179.68,1002.86,3172.81,1.22,4.208,3100.0,0.01,PM2.5-1HR
956,NOR_NO0129A,2025-05-27,5.09,9.6,83.99,0.38,4.95,180.58,1002.96,5243.09,1.25,4.25,3100.0,0.013,PM2.5-1HR
956,NOR_NO0140A,2025-05-27,4.41,9.55,84.34,0.4,4.74,178.66,1002.77,3929.05,1.17,4.138,3100.0,0.209,PM2.5-1HR
956,NOR_NO0143A,2025-05-27,3.86,9.55,84.32,0.4,4.78,178.92,1002.79,19250.64,1.13,4.082,3100.0,0.013,PM2.5-1HR
956,NOR_NO0149A,2025-05-27,3.45,9.58,84.2,0.4,4.83,179.5,1002.85,2020.38,1.19,4.166,3100.0,0.292,PM2.5-1HR
956,NOR_NO0150A,2025-05-27,5.79,9.53,84.3,0.4,4.81,179.22,1002.82,4950.29,1.19,4.166,3100.0,0.006,PM2.5-1HR
956,NOR_NO0153A,2025-05-27,3.04,9.5,84.26,0.39,4.51,177.47,1002.63,1497.53,1.31,4.334,3100.0,0.011,PM2.5-1HR
956,NOR_NO0011A,2025-05-28,3.76,11.56,64.14,0.01,3.07,204.34,1005.56,11187.25,2.02,5.328,3100.0,0.041,PM2.5-1HR
956,NOR_NO0057A,2025-05-28,3.5,11.65,63.67,0.02,3.19,206.25,1005.59,727.91,2.23,5.622,3100.0,0.047,PM2.5-1HR
956,NOR_NO0071A,2025-05-28,5.96,11.7,64.03,0.01,3.17,205.07,1005.63,5794.7,2.08,5.412,3100.0,0.019,PM2.5-1HR
956,NOR_NO0072A,2025-05-28,3.55,11.54,64.31,0.01,3.01,203.72,1005.56,4189.22,2.02,5.328,3100.0,0.082,PM2.5-1HR
956,NOR_NO0073A,2025-05-28,3.18,11.63,64.07,0.01,3.12,204.62,1005.58,19813.27,2.05,5.37,3100.0,0.25,PM2.5-1HR
956,NOR_NO0083A,2025-05-28,3.72,11.55,64.29,0.01,3.02,203.78,1005.57,4937.94,2.02,5.328,3100.0,0.017,PM2.5-1HR
956,NOR_NO0093A,2025-05-28,6.43,11.58,64.32,0.01,3.04,203.68,1005.58,3881.7,2.02,5.328,3100.0,0.0,PM2.5-1HR
956,NOR_NO0095A,2025-05-28,3.92,11.47,64.29,0.01,2.98,203.79,1005.54,3578.09,2.13,5.482,3100.0,0.011,PM2.5-1HR
956,NOR_NO0114A,2025-05-28,3.24,11.37,64.57,0.01,2.85,202.7,1005.53,2835.19,2.02,5.328,3100.0,0.018,PM2.5-1HR
956,NOR_NO0122A,2025-05-28,4.37,11.66,63.68,0.02,3.2,206.23,1005.6,3172.81,2.23,5.622,3100.0,0.01,PM2.5-1HR
956,NOR_NO0129A,2025-05-28,4.44,11.69,63.2,0.02,3.3,208.09,1005.62,5243.09,2.3,5.72,3100.0,0.013,PM2.5-1HR
956,NOR_NO0140A,2025-05-28,4.09,11.63,64.23,0.01,3.08,204.01,1005.59,3929.05,2.02,5.328,3100.0,0.209,PM2.5-1HR
956,NOR_NO0143A,2025-05-28,3.41,11.65,64.11,0.01,3.12,204.49,1005.59,19250.64,2.05,5.37,3100.0,0.013,PM2.5-1HR
956,NOR_NO0149A,2025-05-28,3.77,11.67,63.87,0.02,3.17,205.58,1005.61,2020.38,2.08,5.412,3100.0,0.292,PM2.5-1HR
956,NOR_NO0150A,2025-05-28,5,11.63,63.88,0.02,3.15,205.4,1005.58,4950.29,2.08,5.412,3100.0,0.006,PM2.5-1HR
956,NOR_NO0153A,2025-05-28,2.56,11.42,64.63,0.01,2.86,202.45,1005.56,1497.53,2.02,5.328,3100.0,0.011,PM2.5-1HR
956,NOR_NO0011A,2025-05-29,2.75,12.33,59.34,0,2.66,241.93,1010.59,11187.25,1.07,3.998,3100.0,0.041,PM2.5-1HR
956,NOR_NO0057A,2025-05-29,3.52,12.39,59.06,0,2.68,242.74,1010.6,727.91,1.23,4.222,3100.0,0.047,PM2.5-1HR
956,NOR_NO0071A,2025-05-29,4.32,12.47,59.2,0,2.69,242.23,1010.63,5794.7,1.15,4.11,3100.0,0.019,PM2.5-1HR
956,NOR_NO0072A,2025-05-29,2.8,12.34,59.34,0,2.64,241.5,1010.6,4189.22,1.07,3.998,3100.0,0.082,PM2.5-1HR
956,NOR_NO0073A,2025-05-29,4.06,12.4,59.3,0,2.67,242.12,1010.61,19813.27,1.14,4.096,3100.0,0.25,PM2.5-1HR
956,NOR_NO0083A,2025-05-29,2.71,12.35,59.34,0,2.64,241.55,1010.6,4937.94,1.07,3.998,3100.0,0.017,PM2.5-1HR
956,NOR_NO0093A,2025-05-29,5.01,12.38,59.34,0,2.65,241.52,1010.61,3881.7,1.07,3.998,3100.0,0.0,PM2.5-1HR
956,NOR_NO0095A,2025-05-29,2.95,12.27,59.35,0,2.62,241.47,1010.59,3578.09,1.11,4.054,3100.0,0.011,PM2.5-1HR
956,NOR_NO0114A,2025-05-29,2.01,12.22,59.36,0,2.57,240.6,1010.6,2835.19,1,3.9,3100.0,0.018,PM2.5-1HR
956,NOR_NO0122A,2025-05-29,3.3,12.4,59.06,0,2.69,242.73,1010.6,3172.81,1.23,4.222,3100.0,0.01,PM2.5-1HR
956,NOR_NO0129A,2025-05-29,3.24,12.4,58.78,0,2.71,243.37,1010.6,5243.09,1.35,4.39,3100.0,0.013,PM2.5-1HR
956,NOR_NO0140A,2025-05-29,4.04,12.41,59.35,0,2.67,241.8,1010.61,3929.05,1.07,3.998,3100.0,0.209,PM2.5-1HR
956,NOR_NO0143A,2025-05-29,2.51,12.42,59.3,0,2.68,242.06,1010.61,19250.64,1.14,4.096,3100.0,0.013,PM2.5-1HR
956,NOR_NO0149A,2025-05-29,3.37,12.42,59.15,0,2.68,242.47,1010.62,2020.38,1.15,4.11,3100.0,0.292,PM2.5-1HR
956,NOR_NO0150A,2025-05-29,2.62,12.39,59.19,0,2.68,242.43,1010.6,4950.29,1.15,4.11,3100.0,0.006,PM2.5-1HR
956,NOR_NO0153A,2025-05-29,1.36,12.29,59.33,0,2.58,240.47,1010.61,1497.53,1,3.9,3100.0,0.011,PM2.5-1HR
956,NOR_NO0011A,2025-05-30,2.1,13.88,64.64,0.07,3.3,239.63,1003.79,11187.25,0.68,3.452,3100.0,0.041,PM2.5-1HR
956,NOR_NO0057A,2025-05-30,2.74,13.94,64.65,0.07,3.4,238.13,1003.79,727.91,0.74,3.536,3100.0,0.047,PM2.5-1HR
956,NOR_NO0071A,2025-05-30,4.29,14.04,64.58,0.07,3.37,238.83,1003.8,5794.7,0.72,3.508,3100.0,0.019,PM2.5-1HR
956,NOR_NO0072A,2025-05-30,1.59,13.9,64.52,0.07,3.27,240.21,1003.79,4189.22,0.68,3.452,3100.0,0.082,PM2.5-1HR
956,NOR_NO0073A,2025-05-30,1.39,13.95,64.64,0.07,3.33,239.31,1003.79,19813.27,0.72,3.508,3100.0,0.25,PM2.5-1HR
956,NOR_NO0083A,2025-05-30,1.85,13.91,64.53,0.07,3.27,240.14,1003.79,4937.94,0.68,3.452,3100.0,0.017,PM2.5-1HR
956,NOR_NO0093A,2025-05-30,4.75,13.95,64.51,0.06,3.28,240.18,1003.79,3881.7,0.68,3.452,3100.0,0.0,PM2.5-1HR
956,NOR_NO0095A,2025-05-30,3.01,13.82,64.53,0.07,3.25,240.22,1003.79,3578.09,0.72,3.508,3100.0,0.011,PM2.5-1HR
956,NOR_NO0114A,2025-05-30,1.27,13.79,64.32,0.06,3.18,241.39,1003.79,2835.19,0.57,3.298,3100.0,0.018,PM2.5-1HR
956,NOR_NO0122A,2025-05-30,2.12,13.95,64.64,0.07,3.4,238.13,1003.79,3172.81,0.74,3.536,3100.0,0.01,PM2.5-1HR
956,NOR_NO0129A,2025-05-30,2.08,13.96,64.64,0.08,3.49,236.91,1003.8,5243.09,0.94,3.816,3100.0,0.013,PM2.5-1HR
956,NOR_NO0140A,2025-05-30,2.14,13.97,64.58,0.07,3.3,239.81,1003.79,3929.05,0.68,3.452,3100.0,0.209,PM2.5-1HR
956,NOR_NO0143A,2025-05-30,1.56,13.97,64.62,0.07,3.33,239.38,1003.79,19250.64,0.72,3.508,3100.0,0.013,PM2.5-1HR
956,NOR_NO0149A,2025-05-30,1.9,13.98,64.62,0.07,3.38,238.54,1003.8,2020.38,0.72,3.508,3100.0,0.292,PM2.5-1HR
956,NOR_NO0150A,2025-05-30,3.16,13.93,64.65,0.07,3.36,238.74,1003.79,4950.29,0.72,3.508,3100.0,0.006,PM2.5-1HR
956,NOR_NO0153A,2025-05-30,1.47,13.87,64.25,0.06,3.19,241.63,1003.8,1497.53,0.57,3.298,3100.0,0.011,PM2.5-1HR
956,NOR_NO0011A,2025-06-01,4.23,11.43,88.28,0.18,3.5,170.82,1007.23,11187.25,1.71,4.894,3100.0,0.041,PM2.5-1HR
956,NOR_NO0057A,2025-06-01,3.87,11.48,87.44,0.2,3.62,173.42,1007.32,727.91,1.9,5.16,3100.0,0.047,PM2.5-1HR
956,NOR_NO0071A,2025-06-01,5.04,11.57,87.65,0.19,3.61,172.77,1007.31,5794.7,1.77,4.978,3100.0,0.019,PM2.5-1HR
956,NOR_NO0072A,2025-06-01,4.89,11.47,88.25,0.18,3.45,170.22,1007.21,4189.22,1.71,4.894,3100.0,0.082,PM2.5-1HR
956,NOR_NO0073A,2025-06-01,4.46,11.48,88.1,0.18,3.56,171.63,1007.26,19813.27,1.7,4.88,3100.0,0.25,PM2.5-1HR
956,NOR_NO0083A,2025-06-01,5.01,11.47,88.24,0.18,3.46,170.34,1007.21,4937.94,1.71,4.894,3100.0,0.017,PM2.5-1HR
956,NOR_NO0093A,2025-06-01,0,11.5,88.21,0.18,3.48,170.52,1007.22,3881.7,1.71,4.894,3100.0,0.0,PM2.5-1HR
956,NOR_NO0095A,2025-06-01,4.44,11.42,88.3,0.18,3.4,169.77,1007.18,3578.09,1.78,4.992,3100.0,0.011,PM2.5-1HR
956,NOR_NO0114A,2025-06-01,5.38,11.43,88.32,0.18,3.27,168.17,1007.12,2835.19,1.49,4.586,3100.0,0.018,PM2.5-1HR
956,NOR_NO0122A,2025-06-01,5.43,11.49,87.42,0.2,3.62,173.46,1007.32,3172.81,1.9,5.16,3100.0,0.01,PM2.5-1HR
956,NOR_NO0129A,2025-06-01,5.74,11.51,86.61,0.21,3.7,175.58,1007.39,5243.09,2.2,5.58,3100.0,0.013,PM2.5-1HR
956,NOR_NO0140A,2025-06-01,5.58,11.5,88.2,0.18,3.53,171.07,1007.25,3929.05,1.71,4.894,3100.0,0.209,PM2.5-1HR
956,NOR_NO0143A,2025-06-01,4.97,11.5,88.07,0.19,3.57,171.66,1007.27,19250.64,1.7,4.88,3100.0,0.013,PM2.5-1HR
956,NOR_NO0149A,2025-06-01,4.14,11.52,87.61,0.19,3.61,172.95,1007.31,2020.38,1.77,4.978,3100.0,0.292,PM2.5-1HR
956,NOR_NO0150A,2025-06-01,4.95,11.47,87.82,0.19,3.58,172.41,1007.29,4950.29,1.77,4.978,3100.0,0.006,PM2.5-1HR
956,NOR_NO0153A,2025-06-01,3.37,11.49,88.27,0.19,3.29,168.41,1007.13,1497.53,1.49,4.586,3100.0,0.011,PM2.5-1HR
956,NOR_NO0093A,2025-06-02,0.15,13.55,61.16,0,3.18,232.81,1001.6,3881.7,0.94,3.816,3100.0,0.0,PM2.5-1HR
956,NOR_NO0011A,2025-06-02,2.92,13.5,61.26,0,3.21,233.28,1001.57,11187.25,0.94,3.816,3100.0,0.041,PM2.5-1HR
956,NOR_NO0057A,2025-06-02,3.55,13.54,61.72,0,3.34,230.87,1001.59,727.91,1.06,3.984,3100.0,0.047,PM2.5-1HR
956,NOR_NO0071A,2025-06-02,4.55,13.62,61.61,0,3.3,230.24,1001.63,5794.7,1.02,3.928,3100.0,0.019,PM2.5-1HR
956,NOR_NO0072A,2025-06-02,3.08,13.51,61.11,0,3.17,233.41,1001.58,4189.22,0.94,3.816,3100.0,0.082,PM2.5-1HR
956,NOR_NO0073A,2025-06-02,3.59,13.56,61.41,0,3.25,232.12,1001.58,19813.27,1.01,3.914,3100.0,0.25,PM2.5-1HR
956,NOR_NO0083A,2025-06-02,3.42,13.52,61.14,0,3.18,233.27,1001.59,4937.94,0.94,3.816,3100.0,0.017,PM2.5-1HR
956,NOR_NO0095A,2025-06-02,3.63,13.45,61.04,0,3.16,234.25,1001.57,3578.09,0.97,3.858,3100.0,0.011,PM2.5-1HR
956,NOR_NO0114A,2025-06-02,3.2,13.4,60.7,0,3.08,235.34,1001.58,2835.19,0.6,3.34,3100.0,0.018,PM2.5-1HR
956,NOR_NO0122A,2025-06-02,3.58,13.55,61.73,0,3.34,230.73,1001.59,3172.81,1.06,3.984,3100.0,0.01,PM2.5-1HR
956,NOR_NO0129A,2025-06-02,3.78,13.54,62.13,0,3.46,228.98,1001.6,5243.09,1.46,4.544,3100.0,0.013,PM2.5-1HR
956,NOR_NO0140A,2025-06-02,3.87,13.58,61.29,0,3.21,232.29,1001.59,3929.05,0.94,3.816,3100.0,0.209,PM2.5-1HR
956,NOR_NO0143A,2025-06-02,3.03,13.58,61.41,0,3.25,231.86,1001.59,19250.64,1.01,3.914,3100.0,0.013,PM2.5-1HR
956,NOR_NO0149A,2025-06-02,3.09,13.58,61.64,0,3.31,230.77,1001.61,2020.38,1.02,3.928,3100.0,0.292,PM2.5-1HR
956,NOR_NO0150A,2025-06-02,4.65,13.55,61.54,0,3.29,231.71,1001.58,4950.29,1.02,3.928,3100.0,0.006,PM2.5-1HR
956,NOR_NO0153A,2025-06-02,2.99,13.46,60.72,0,3.08,234.7,1001.6,1497.53,0.6,3.34,3100.0,0.011,PM2.5-1HR
956,NOR_NO0011A,2025-06-03,3.46,11.98,62.44,0.03,4.17,196.68,1005.84,11187.25,1.16,4.124,3100.0,0.041,PM2.5-1HR
956,NOR_NO0057A,2025-06-03,3.73,12.1,61.8,0.03,4.19,198.9,1005.89,727.91,1.34,4.376,3100.0,0.047,PM2.5-1HR
956,NOR_NO0071A,2025-06-03,5.43,12.14,62.09,0.03,4.19,198.97,1005.91,5794.7,1.25,4.25,3100.0,0.019,PM2.5-1HR
956,NOR_NO0072A,2025-06-03,4.65,11.98,62.6,0.03,4.15,196.85,1005.84,4189.22,1.16,4.124,3100.0,0.082,PM2.5-1HR
956,NOR_NO0073A,2025-06-03,4.7,12.05,62.3,0.03,4.2,197.26,1005.87,19813.27,1.19,4.166,3100.0,0.25,PM2.5-1HR
956,NOR_NO0083A,2025-06-03,5.08,11.99,62.58,0.03,4.15,196.86,1005.84,4937.94,1.16,4.124,3100.0,0.017,PM2.5-1HR
956,NOR_NO0093A,2025-06-03,3.93,12.02,62.57,0.03,4.16,197.02,1005.85,3881.7,1.16,4.124,3100.0,0.0,PM2.5-1HR
956,NOR_NO0095A,2025-06-03,3.64,11.92,62.63,0.03,4.13,196.57,1005.81,3578.09,1.07,3.998,3100.0,0.011,PM2.5-1HR
956,NOR_NO0114A,2025-06-03,4.65,11.87,62.96,0.04,4.07,196.67,1005.78,2835.19,0.79,3.606,3100.0,0.018,PM2.5-1HR
956,NOR_NO0122A,2025-06-03,5.39,12.11,61.8,0.03,4.19,199.02,1005.89,3172.81,1.34,4.376,3100.0,0.01,PM2.5-1HR
956,NOR_NO0129A,2025-06-03,5.36,12.18,61.22,0.02,4.18,200.98,1005.92,5243.09,1.93,5.202,3100.0,0.013,PM2.5-1HR
956,NOR_NO0140A,2025-06-03,5.07,12.05,62.46,0.03,4.19,197.04,1005.87,3929.05,1.16,4.124,3100.0,0.209,PM2.5-1HR
956,NOR_NO0143A,2025-06-03,4.32,12.07,62.31,0.03,4.2,197.39,1005.88,19250.64,1.19,4.166,3100.0,0.013,PM2.5-1HR
956,NOR_NO0149A,2025-06-03,4.38,12.11,61.98,0.03,4.19,198.76,1005.9,2020.38,1.25,4.25,3100.0,0.292,PM2.5-1HR
956,NOR_NO0150A,2025-06-03,5.25,12.07,62.07,0.03,4.19,197.93,1005.88,4950.29,1.25,4.25,3100.0,0.006,PM2.5-1HR
956,NOR_NO0153A,2025-06-03,5.28,11.92,62.98,0.04,4.08,197.01,1005.79,1497.53,0.79,3.606,3100.0,0.011,PM2.5-1HR
956,NOR_NO0011A,2025-06-04,4.86,12.5,80.5,0.22,4.89,183.29,999.52,11187.25,2.87,6.518,3100.0,0.041,PM2.5-1HR
956,NOR_NO0057A,2025-06-04,6.24,12.57,80.52,0.24,4.97,184.84,999.64,727.91,3.24,7.036,3100.0,0.047,PM2.5-1HR
956,NOR_NO0071A,2025-06-04,6.66,12.62,80.38,0.23,4.97,184.75,999.65,5794.7,3.06,6.784,3100.0,0.019,PM2.5-1HR
956,NOR_NO0072A,2025-06-04,7.87,12.51,80.29,0.22,4.85,183.08,999.51,4189.22,2.87,6.518,3100.0,0.082,PM2.5-1HR
956,NOR_NO0073A,2025-06-04,5.43,12.55,80.5,0.22,4.94,183.83,999.58,19813.27,2.93,6.602,3100.0,0.25,PM2.5-1HR
956,NOR_NO0083A,2025-06-04,7.59,12.51,80.31,0.22,4.86,183.15,999.51,4937.94,2.87,6.518,3100.0,0.017,PM2.5-1HR
956,NOR_NO0093A,2025-06-04,5.83,12.54,80.28,0.22,4.87,183.31,999.53,3881.7,2.87,6.518,3100.0,0.0,PM2.5-1HR
956,NOR_NO0095A,2025-06-04,4.8,12.47,80.3,0.22,4.81,182.75,999.47,3578.09,2.86,6.504,3100.0,0.011,PM2.5-1HR
956,NOR_NO0114A,2025-06-04,7.12,12.45,79.94,0.21,4.69,182.03,999.4,2835.19,2.77,6.378,3100.0,0.018,PM2.5-1HR
956,NOR_NO0122A,2025-06-04,7.59,12.58,80.5,0.24,4.97,184.89,999.65,3172.81,3.24,7.036,3100.0,0.01,PM2.5-1HR
956,NOR_NO0129A,2025-06-04,8.2,12.62,80.5,0.25,5.02,186.14,999.73,5243.09,3.44,7.316,3100.0,0.013,PM2.5-1HR
956,NOR_NO0140A,2025-06-04,8.47,12.55,80.41,0.22,4.92,183.59,999.56,3929.05,2.87,6.518,3100.0,0.209,PM2.5-1HR
956,NOR_NO0143A,2025-06-04,7.16,12.56,80.47,0.22,4.94,183.9,999.59,19250.64,2.93,6.602,3100.0,0.013,PM2.5-1HR
956,NOR_NO0149A,2025-06-04,5.41,12.59,80.46,0.23,4.97,184.69,999.64,2020.38,3.06,6.784,3100.0,0.292,PM2.5-1HR
956,NOR_NO0150A,2025-06-04,7.24,12.55,80.53,0.23,4.95,184.24,999.6,4950.29,3.06,6.784,3100.0,0.006,PM2.5-1HR
956,NOR_NO0153A,2025-06-04,3.97,12.49,79.85,0.21,4.7,182.27,999.43,1497.53,2.77,6.378,3100.0,0.011,PM2.5-1HR
956,NOR_NO0011A,2025-06-05,4.67,11.18,76.28,0.25,4.76,192.36,1001.53,11187.25,2.19,5.566,3100.0,0.041,PM2.5-1HR
956,NOR_NO0057A,2025-06-05,5.78,11.29,76.01,0.22,4.89,194.21,1001.62,727.91,2.44,5.916,3100.0,0.047,PM2.5-1HR
956,NOR_NO0071A,2025-06-05,6.28,11.32,76.29,0.22,4.89,193.82,1001.64,5794.7,2.29,5.706,3100.0,0.019,PM2.5-1HR
956,NOR_NO0072A,2025-06-05,5.6,11.17,76.37,0.24,4.72,192.02,1001.52,4189.22,2.19,5.566,3100.0,0.082,PM2.5-1HR
956,NOR_NO0073A,2025-06-05,4.86,11.23,76.27,0.24,4.83,192.91,1001.57,19813.27,2.23,5.622,3100.0,0.25,PM2.5-1HR
956,NOR_NO0083A,2025-06-05,5.66,11.18,76.37,0.24,4.73,192.1,1001.53,4937.94,2.19,5.566,3100.0,0.017,PM2.5-1HR
956,NOR_NO0093A,2025-06-05,5.71,11.21,76.4,0.24,4.75,192.21,1001.54,3881.7,2.19,5.566,3100.0,0.0,PM2.5-1HR
956,NOR_NO0095A,2025-06-05,4.56,11.13,76.33,0.25,4.67,191.74,1001.49,3578.09,2.29,5.706,3100.0,0.011,PM2.5-1HR
956,NOR_NO0114A,2025-06-05,5.16,11.09,76.46,0.25,4.55,190.83,1001.44,2835.19,2.19,5.566,3100.0,0.018,PM2.5-1HR
956,NOR_NO0122A,2025-06-05,5.86,11.3,76.03,0.22,4.89,194.25,1001.62,3172.81,2.44,5.916,3100.0,0.01,PM2.5-1HR
956,NOR_NO0129A,2025-06-05,6.53,11.37,75.74,0.2,4.98,195.81,1001.68,5243.09,2.52,6.028,3100.0,0.013,PM2.5-1HR
956,NOR_NO0140A,2025-06-05,6.61,11.23,76.37,0.23,4.8,192.54,1001.56,3929.05,2.19,5.566,3100.0,0.209,PM2.5-1HR
956,NOR_NO0143A,2025-06-05,5.21,11.25,76.3,0.23,4.83,192.94,1001.58,19250.64,2.23,5.622,3100.0,0.013,PM2.5-1HR
956,NOR_NO0149A,2025-06-05,4.49,11.3,76.16,0.22,4.88,193.9,1001.62,2020.38,2.29,5.706,3100.0,0.292,PM2.5-1HR
956,NOR_NO0150A,2025-06-05,5.91,11.25,76.14,0.23,4.85,193.47,1001.59,4950.29,2.29,5.706,3100.0,0.006,PM2.5-1HR
956,NOR_NO0153A,2025-06-05,2.98,11.13,76.54,0.24,4.57,190.99,1001.46,1497.53,2.19,5.566,3100.0,0.011,PM2.5-1HR
956,NOR_NO0011A,2025-06-06,3.29,11.83,89.49,0.76,2.41,166.96,997.44,11187.25,1.37,4.418,3100.0,0.041,PM2.5-1HR
956,NOR_NO0057A,2025-06-06,3.56,11.93,89.66,0.77,2.49,165.38,997.46,727.91,1.54,4.656,3100.0,0.047,PM2.5-1HR
956,NOR_NO0071A,2025-06-06,4.71,11.99,89.79,0.77,2.47,165.47,997.45,5794.7,1.47,4.558,3100.0,0.019,PM2.5-1HR
956,NOR_NO0072A,2025-06-06,3.5,11.85,89.53,0.76,2.36,167.08,997.44,4189.22,1.37,4.418,3100.0,0.082,PM2.5-1HR
956,NOR_NO0073A,2025-06-06,4.18,11.9,89.6,0.77,2.44,166.42,997.45,19813.27,1.45,4.53,3100.0,0.25,PM2.5-1HR
956,NOR_NO0083A,2025-06-06,4.06,11.85,89.54,0.76,2.37,167.02,997.44,4937.94,1.37,4.418,3100.0,0.017,PM2.5-1HR
956,NOR_NO0093A,2025-06-06,4.68,11.89,89.59,0.76,2.38,166.82,997.43,3881.7,1.37,4.418,3100.0,0.0,PM2.5-1HR
956,NOR_NO0095A,2025-06-06,2.29,11.79,89.43,0.76,2.34,167.46,997.43,3578.09,1.34,4.376,3100.0,0.011,PM2.5-1HR
956,NOR_NO0114A,2025-06-06,3.43,11.76,89.4,0.74,2.24,168.97,997.42,2835.19,1.29,4.306,3100.0,0.018,PM2.5-1HR
956,NOR_NO0122A,2025-06-06,4.84,11.93,89.68,0.77,2.49,165.34,997.46,3172.81,1.54,4.656,3100.0,0.01,PM2.5-1HR
956,NOR_NO0129A,2025-06-06,4.5,11.98,89.78,0.78,2.55,164.54,997.48,5243.09,1.55,4.67,3100.0,0.013,PM2.5-1HR
956,NOR_NO0140A,2025-06-06,3.94,11.91,89.62,0.76,2.42,166.65,997.44,3929.05,1.37,4.418,3100.0,0.209,PM2.5-1HR
956,NOR_NO0143A,2025-06-06,3.76,11.92,89.64,0.77,2.44,166.33,997.45,19250.64,1.45,4.53,3100.0,0.013,PM2.5-1HR
956,NOR_NO0149A,2025-06-06,2.57,11.95,89.71,0.77,2.47,165.54,997.46,2020.38,1.47,4.558,3100.0,0.292,PM2.5-1HR
956,NOR_NO0150A,2025-06-06,5.41,11.9,89.61,0.77,2.46,165.93,997.45,4950.29,1.47,4.558,3100.0,0.006,PM2.5-1HR
956,NOR_NO0153A,2025-06-06,2.26,11.82,89.5,0.74,2.24,168.63,997.42,1497.53,1.29,4.306,3100.0,0.011,PM2.5-1HR
956,NOR_NO0011A,2025-06-07,2.84,12.16,76.76,0.78,2.85,229.14,997.77,11187.25,1.05,3.97,3100.0,0.041,PM2.5-1HR
956,NOR_NO0057A,2025-06-07,5.42,12.15,77.03,0.76,2.91,230.95,997.75,727.91,1.17,4.138,3100.0,0.047,PM2.5-1HR
956,NOR_NO0071A,2025-06-07,5.19,12.28,76.23,0.72,2.93,228.63,997.79,5794.7,1.1,4.04,3100.0,0.019,PM2.5-1HR
956,NOR_NO0072A,2025-06-07,2.78,12.21,76.4,0.75,2.83,227.87,997.79,4189.22,1.05,3.97,3100.0,0.082,PM2.5-1HR
956,NOR_NO0073A,2025-06-07,3.49,12.21,76.58,0.76,2.88,229.02,997.77,19813.27,1.09,4.026,3100.0,0.25,PM2.5-1HR
956,NOR_NO0083A,2025-06-07,2.96,12.21,76.4,0.75,2.84,227.92,997.79,4937.94,1.05,3.97,3100.0,0.017,PM2.5-1HR
956,NOR_NO0093A,2025-06-07,4.85,12.25,76.22,0.74,2.85,227.53,997.79,3881.7,1.05,3.97,3100.0,0.0,PM2.5-1HR
956,NOR_NO0095A,2025-06-07,3.91,12.15,76.69,0.77,2.8,228.46,997.78,3578.09,1.07,3.998,3100.0,0.011,PM2.5-1HR
956,NOR_NO0114A,2025-06-07,2.79,12.18,76.31,0.75,2.75,226.61,997.81,2835.19,0.98,3.872,3100.0,0.018,PM2.5-1HR
956,NOR_NO0122A,2025-06-07,2.74,12.16,76.98,0.75,2.91,230.8,997.75,3172.81,1.17,4.138,3100.0,0.01,PM2.5-1HR
956,NOR_NO0129A,2025-06-07,3.04,12.1,77.46,0.75,2.95,233.14,997.73,5243.09,1.28,4.292,3100.0,0.013,PM2.5-1HR
956,NOR_NO0140A,2025-06-07,3.58,12.25,76.3,0.75,2.88,228.06,997.78,3929.05,1.05,3.97,3100.0,0.209,PM2.5-1HR
956,NOR_NO0143A,2025-06-07,2.6,12.23,76.44,0.75,2.89,228.67,997.78,19250.64,1.09,4.026,3100.0,0.013,PM2.5-1HR
956,NOR_NO0149A,2025-06-07,2.72,12.21,76.65,0.74,2.91,229.73,997.77,2020.38,1.1,4.04,3100.0,0.292,PM2.5-1HR
956,NOR_NO0150A,2025-06-07,2.83,12.17,76.85,0.76,2.89,230.02,997.76,4950.29,1.1,4.04,3100.0,0.006,PM2.5-1HR
956,NOR_NO0153A,2025-06-07,1.94,12.25,75.93,0.72,2.77,225.63,997.83,1497.53,0.98,3.872,3100.0,0.011,PM2.5-1HR
956,NOR_NO0011A,2025-06-08,2.58,11.24,84.15,0.24,1.09,77.61,1002.65,11187.25,1.88,5.132,3100.0,0.041,PM2.5-1HR
956,NOR_NO0057A,2025-06-08,3.74,11.31,83.29,0.22,1.08,101.55,1002.64,727.91,2.11,5.454,3100.0,0.047,PM2.5-1HR
956,NOR_NO0071A,2025-06-08,5.51,11.48,82.94,0.21,1.09,105.42,1002.62,5794.7,2,5.3,3100.0,0.019,PM2.5-1HR
956,NOR_NO0072A,2025-06-08,3.54,11.3,83.85,0.24,1.08,73.97,1002.63,4189.22,1.88,5.132,3100.0,0.082,PM2.5-1HR
956,NOR_NO0073A,2025-06-08,3.51,11.32,83.82,0.24,1.09,86.14,1002.64,19813.27,1.9,5.16,3100.0,0.25,PM2.5-1HR
956,NOR_NO0083A,2025-06-08,3.9,11.31,83.84,0.24,1.08,74.85,1002.63,4937.94,1.88,5.132,3100.0,0.017,PM2.5-1HR
956,NOR_NO0093A,2025-06-08,5.18,11.36,83.69,0.23,1.08,76.6,1002.63,3881.7,1.88,5.132,3100.0,0.0,PM2.5-1HR
956,NOR_NO0095A,2025-06-08,2.45,11.21,84.07,0.24,1.08,71.16,1002.64,3578.09,1.94,5.216,3100.0,0.011,PM2.5-1HR
956,NOR_NO0114A,2025-06-08,3.55,11.24,83.78,0.23,1.06,62.95,1002.63,2835.19,1.91,5.174,3100.0,0.018,PM2.5-1HR
956,NOR_NO0122A,2025-06-08,3.72,11.33,83.22,0.22,1.08,102.47,1002.64,3172.81,2.11,5.454,3100.0,0.01,PM2.5-1HR
956,NOR_NO0129A,2025-06-08,4.56,11.33,82.5,0.2,1.1,112.47,1002.64,5243.09,2.27,5.678,3100.0,0.013,PM2.5-1HR
956,NOR_NO0140A,2025-06-08,4.13,11.37,83.76,0.24,1.09,81.06,1002.63,3929.05,1.88,5.132,3100.0,0.209,PM2.5-1HR
956,NOR_NO0143A,2025-06-08,3.86,11.36,83.7,0.23,1.09,87.24,1002.63,19250.64,1.9,5.16,3100.0,0.013,PM2.5-1HR
956,NOR_NO0149A,2025-06-08,3.63,11.38,83.21,0.22,1.08,102.15,1002.63,2020.38,2,5.3,3100.0,0.292,PM2.5-1HR
956,NOR_NO0150A,2025-06-08,3.97,11.3,83.65,0.23,1.09,94.31,1002.64,4950.29,2,5.3,3100.0,0.006,PM2.5-1HR
956,NOR_NO0153A,2025-06-08,2.27,11.34,83.51,0.23,1.06,63.39,1002.61,1497.53,1.91,5.174,3100.0,0.011,PM2.5-1HR
956,NOR_NO0011A,2025-06-09,2.33,12.44,57.23,0,2.14,294.65,1007.4,11187.25,1,3.9,3100.0,0.041,PM2.5-1HR
956,NOR_NO0057A,2025-06-09,3.35,12.42,58.01,0.01,2.2,295.27,1007.35,727.91,1.15,4.11,3100.0,0.047,PM2.5-1HR
956,NOR_NO0071A,2025-06-09,4.26,12.54,57.89,0.01,2.17,293.26,1007.38,5794.7,1.07,3.998,3100.0,0.019,PM2.5-1HR
956,NOR_NO0072A,2025-06-09,1.74,12.46,57.16,0,2.12,293.98,1007.42,4189.22,1,3.9,3100.0,0.082,PM2.5-1HR
956,NOR_NO0073A,2025-06-09,2.33,12.49,57.47,0,2.16,294.32,1007.38,19813.27,1.06,3.984,3100.0,0.25,PM2.5-1HR
956,NOR_NO0083A,2025-06-09,1.73,12.47,57.19,0,2.12,293.96,1007.42,4937.94,1,3.9,3100.0,0.017,PM2.5-1HR
956,NOR_NO0093A,2025-06-09,4.12,12.51,57.25,0,2.12,293.49,1007.42,3881.7,1,3.9,3100.0,0.0,PM2.5-1HR
956,NOR_NO0095A,2025-06-09,2.32,12.41,57.03,0,2.12,294.61,1007.42,3578.09,1.05,3.97,3100.0,0.011,PM2.5-1HR
956,NOR_NO0114A,2025-06-09,1.22,12.4,56.8,0,2.08,294.01,1007.47,2835.19,0.91,3.774,3100.0,0.018,PM2.5-1HR
956,NOR_NO0122A,2025-06-09,2.47,12.43,58.03,0.01,2.19,295.2,1007.35,3172.81,1.15,4.11,3100.0,0.01,PM2.5-1HR
956,NOR_NO0129A,2025-06-09,2.45,12.37,58.75,0.02,2.25,296,1007.31,5243.09,1.25,4.25,3100.0,0.013,PM2.5-1HR
956,NOR_NO0140A,2025-06-09,2.11,12.52,57.36,0,2.14,293.67,1007.4,3929.05,1,3.9,3100.0,0.209,PM2.5-1HR
956,NOR_NO0143A,2025-06-09,1.81,12.51,57.5,0,2.15,294.02,1007.39,19250.64,1.06,3.984,3100.0,0.013,PM2.5-1HR
956,NOR_NO0149A,2025-06-09,2.72,12.48,57.89,0.01,2.18,294.61,1007.36,2020.38,1.07,3.998,3100.0,0.292,PM2.5-1HR
956,NOR_NO0150A,2025-06-09,2.52,12.45,57.69,0.01,2.17,294.88,1007.37,4950.29,1.07,3.998,3100.0,0.006,PM2.5-1HR
956,NOR_NO0153A,2025-06-09,0.99,12.45,56.89,0,2.07,292.92,1007.47,1497.53,0.91,3.774,3100.0,0.011,PM2.5-1HR
956,NOR_NO0011A,2025-06-10,7.93,10.76,76.84,0.09,1.74,153.04,1008.29,11187.25,1.76,4.964,3100.0,0.041,PM2.5-1HR
956,NOR_NO0057A,2025-06-10,9.81,10.76,77.39,0.11,1.68,153.25,1008.3,727.91,1.99,5.286,3100.0,0.047,PM2.5-1HR
956,NOR_NO0071A,2025-06-10,11.74,10.82,77.56,0.11,1.67,156.73,1008.28,5794.7,1.93,5.202,3100.0,0.019,PM2.5-1HR
956,NOR_NO0072A,2025-06-10,13.14,10.78,76.91,0.09,1.7,153.6,1008.28,4189.22,1.76,4.964,3100.0,0.082,PM2.5-1HR
956,NOR_NO0073A,2025-06-10,8.26,10.8,77.08,0.09,1.73,154.58,1008.29,19813.27,1.87,5.118,3100.0,0.25,PM2.5-1HR
956,NOR_NO0083A,2025-06-10,10.48,10.78,76.93,0.09,1.71,153.82,1008.28,4937.94,1.76,4.964,3100.0,0.017,PM2.5-1HR
956,NOR_NO0093A,2025-06-10,11.96,10.8,77.03,0.09,1.7,154.81,1008.27,3881.7,1.76,4.964,3100.0,0.0,PM2.5-1HR
956,NOR_NO0095A,2025-06-10,8.08,10.74,76.73,0.09,1.71,151.7,1008.28,3578.09,1.73,4.922,3100.0,0.011,PM2.5-1HR
956,NOR_NO0114A,2025-06-10,7.03,10.73,76.7,0.09,1.65,149.89,1008.27,2835.19,1.62,4.768,3100.0,0.018,PM2.5-1HR
956,NOR_NO0122A,2025-06-10,11.13,10.77,77.43,0.11,1.67,153.53,1008.3,3172.81,1.99,5.286,3100.0,0.01,PM2.5-1HR
956,NOR_NO0129A,2025-06-10,11.6,10.73,77.86,0.13,1.62,151.17,1008.31,5243.09,2.32,5.748,3100.0,0.013,PM2.5-1HR
956,NOR_NO0140A,2025-06-10,12.11,10.81,77.07,0.09,1.72,155.25,1008.28,3929.05,1.76,4.964,3100.0,0.209,PM2.5-1HR
956,NOR_NO0143A,2025-06-10,10.51,10.81,77.15,0.09,1.72,155.21,1008.28,19250.64,1.87,5.118,3100.0,0.013,PM2.5-1HR
956,NOR_NO0149A,2025-06-10,9.38,10.79,77.42,0.11,1.68,154.91,1008.29,2020.38,1.93,5.202,3100.0,0.292,PM2.5-1HR
956,NOR_NO0150A,2025-06-10,14.17,10.77,77.18,0.1,1.71,153.83,1008.29,4950.29,1.93,5.202,3100.0,0.006,PM2.5-1HR
956,NOR_NO0153A,2025-06-10,5.52,10.76,76.91,0.09,1.64,151.88,1008.26,1497.53,1.62,4.768,3100.0,0.011,PM2.5-1HR
956,NOR_NO0011A,2025-06-11,2.93,12.85,63.95,0.01,2.2,331.66,1013.78,11187.25,1.32,4.348,3100.0,0.041,PM2.5-1HR
956,NOR_NO0057A,2025-06-11,4.63,12.83,64.42,0.01,2.25,329.6,1013.75,727.91,1.48,4.572,3100.0,0.047,PM2.5-1HR
956,NOR_NO0071A,2025-06-11,7.87,12.97,64.44,0.01,2.25,327.83,1013.76,5794.7,1.4,4.46,3100.0,0.019,PM2.5-1HR
956,NOR_NO0072A,2025-06-11,2.36,12.88,63.95,0.01,2.19,330.34,1013.79,4189.22,1.32,4.348,3100.0,0.082,PM2.5-1HR
956,NOR_NO0073A,2025-06-11,3,12.91,64.11,0.01,2.22,330.32,1013.77,19813.27,1.41,4.474,3100.0,0.25,PM2.5-1HR
956,NOR_NO0083A,2025-06-11,2.34,12.88,63.97,0.01,2.2,330.28,1013.79,4937.94,1.32,4.348,3100.0,0.017,PM2.5-1HR
956,NOR_NO0093A,2025-06-11,5.86,12.93,64.02,0.01,2.2,329.5,1013.79,3881.7,1.32,4.348,3100.0,0.0,PM2.5-1HR
956,NOR_NO0095A,2025-06-11,3.41,12.8,63.86,0.01,2.18,331.65,1013.79,3578.09,1.4,4.46,3100.0,0.011,PM2.5-1HR
956,NOR_NO0114A,2025-06-11,2.03,12.78,63.77,0.01,2.16,330.25,1013.81,2835.19,1.17,4.138,3100.0,0.018,PM2.5-1HR
956,NOR_NO0122A,2025-06-11,6.51,12.84,64.44,0.01,2.26,329.37,1013.75,3172.81,1.48,4.572,3100.0,0.01,PM2.5-1HR
956,NOR_NO0129A,2025-06-11,5.19,12.77,64.84,0.02,2.33,329.81,1013.72,5243.09,1.76,4.964,3100.0,0.013,PM2.5-1HR
956,NOR_NO0140A,2025-06-11,2.99,12.95,64.07,0.01,2.22,329.62,1013.78,3929.05,1.32,4.348,3100.0,0.209,PM2.5-1HR
956,NOR_NO0143A,2025-06-11,3.62,12.93,64.14,0.01,2.23,329.71,1013.77,19250.64,1.41,4.474,3100.0,0.013,PM2.5-1HR
956,NOR_NO0149A,2025-06-11,5.01,12.9,64.39,0.01,2.25,328.97,1013.75,2020.38,1.4,4.46,3100.0,0.292,PM2.5-1HR
956,NOR_NO0150A,2025-06-11,6.58,12.86,64.23,0.01,2.23,330.46,1013.76,4950.29,1.4,4.46,3100.0,0.006,PM2.5-1HR
956,NOR_NO0153A,2025-06-11,1.58,12.86,63.86,0.01,2.17,328.78,1013.81,1497.53,1.17,4.138,3100.0,0.011,PM2.5-1HR
956,NOR_NO0011A,2025-06-12,3.54,13.67,54.3,0,2.08,120.29,1025.18,11187.25,1.34,4.376,3100.0,0.041,PM2.5-1HR
956,NOR_NO0057A,2025-06-12,2.46,13.62,54.13,0,2.07,124.36,1025.18,727.91,1.48,4.572,3100.0,0.047,PM2.5-1HR
956,NOR_NO0071A,2025-06-12,5.38,13.77,54.08,0,2.08,122.89,1025.17,5794.7,1.42,4.488,3100.0,0.019,PM2.5-1HR
956,NOR_NO0072A,2025-06-12,2.59,13.69,54.58,0,2.07,119.6,1025.17,4189.22,1.34,4.376,3100.0,0.082,PM2.5-1HR
956,NOR_NO0073A,2025-06-12,3.68,13.72,54.08,0,2.09,121.11,1025.18,19813.27,1.38,4.432,3100.0,0.25,PM2.5-1HR
956,NOR_NO0083A,2025-06-12,2.3,13.7,54.52,0,2.07,119.7,1025.17,4937.94,1.34,4.376,3100.0,0.017,PM2.5-1HR
956,NOR_NO0093A,2025-06-12,5.72,13.75,54.44,0,2.07,119.76,1025.17,3881.7,1.34,4.376,3100.0,0.0,PM2.5-1HR
956,NOR_NO0095A,2025-06-12,4.14,13.62,54.79,0,2.06,119.4,1025.17,3578.09,1.42,4.488,3100.0,0.011,PM2.5-1HR
956,NOR_NO0114A,2025-06-12,1.8,13.6,55.5,0,2.02,117.88,1025.15,2835.19,1.31,4.334,3100.0,0.018,PM2.5-1HR
956,NOR_NO0122A,2025-06-12,3.24,13.63,54.13,0,2.07,124.42,1025.18,3172.81,1.48,4.572,3100.0,0.01,PM2.5-1HR
956,NOR_NO0129A,2025-06-12,3.25,13.52,54.19,0,2.05,130.44,1025.18,5243.09,1.63,4.782,3100.0,0.013,PM2.5-1HR
956,NOR_NO0140A,2025-06-12,2.81,13.76,54.17,0,2.09,120.3,1025.17,3929.05,1.34,4.376,3100.0,0.209,PM2.5-1HR
956,NOR_NO0143A,2025-06-12,2.24,13.75,54.07,0,2.09,121.09,1025.18,19250.64,1.38,4.432,3100.0,0.013,PM2.5-1HR
956,NOR_NO0149A,2025-06-12,3.38,13.69,54.11,0,2.08,123.33,1025.17,2020.38,1.42,4.488,3100.0,0.292,PM2.5-1HR
956,NOR_NO0150A,2025-06-12,5.49,13.66,54.1,0,2.08,122.43,1025.18,4950.29,1.42,4.488,3100.0,0.006,PM2.5-1HR
956,NOR_NO0153A,2025-06-12,2.26,13.69,55.38,0,2.02,117.78,1025.14,1497.53,1.31,4.334,3100.0,0.011,PM2.5-1HR
956,NOR_NO0011A,2025-06-13,3.96,15.6,56.05,0,2.96,178,1028.18,11187.25,2.35,5.79,3100.0,0.041,PM2.5-1HR
956,NOR_NO0057A,2025-06-13,5,15.63,55.43,0,2.97,180.99,1028.21,727.91,2.57,6.098,3100.0,0.047,PM2.5-1HR
956,NOR_NO0071A,2025-06-13,5.68,15.69,55.79,0,2.94,179.71,1028.23,5794.7,2.51,6.014,3100.0,0.019,PM2.5-1HR
956,NOR_NO0072A,2025-06-13,4.5,15.59,56.36,0,2.93,177.25,1028.18,4189.22,2.35,5.79,3100.0,0.082,PM2.5-1HR
956,NOR_NO0073A,2025-06-13,5.95,15.65,55.9,0,2.97,178.73,1028.2,19813.27,2.44,5.916,3100.0,0.25,PM2.5-1HR
956,NOR_NO0083A,2025-06-13,3.56,15.6,56.32,0,2.93,177.36,1028.18,4937.94,2.35,5.79,3100.0,0.017,PM2.5-1HR
956,NOR_NO0093A,2025-06-13,6.36,15.63,56.33,0,2.93,177.43,1028.19,3881.7,2.35,5.79,3100.0,0.0,PM2.5-1HR
956,NOR_NO0095A,2025-06-13,4.47,15.55,56.39,0,2.93,176.97,1028.16,3578.09,2.36,5.804,3100.0,0.011,PM2.5-1HR
956,NOR_NO0114A,2025-06-13,3.32,15.5,56.99,0,2.87,175.35,1028.14,2835.19,2.38,5.832,3100.0,0.018,PM2.5-1HR
956,NOR_NO0122A,2025-06-13,4.73,15.64,55.44,0,2.97,180.99,1028.21,3172.81,2.57,6.098,3100.0,0.01,PM2.5-1HR
956,NOR_NO0129A,2025-06-13,5.24,15.63,54.9,0,2.97,183.71,1028.23,5243.09,2.8,6.42,3100.0,0.013,PM2.5-1HR
956,NOR_NO0140A,2025-06-13,4.75,15.65,56.12,0,2.95,178,1028.2,3929.05,2.35,5.79,3100.0,0.209,PM2.5-1HR
956,NOR_NO0143A,2025-06-13,3.99,15.66,55.94,0,2.96,178.68,1028.21,19250.64,2.44,5.916,3100.0,0.013,PM2.5-1HR
956,NOR_NO0149A,2025-06-13,4.92,15.66,55.63,0,2.96,180.2,1028.21,2020.38,2.51,6.014,3100.0,0.292,PM2.5-1HR
956,NOR_NO0150A,2025-06-13,5.41,15.63,55.68,0,2.97,179.75,1028.2,4950.29,2.51,6.014,3100.0,0.006,PM2.5-1HR
956,NOR_NO0153A,2025-06-13,2.58,15.54,57.06,0,2.86,175.41,1028.15,1497.53,2.38,5.832,3100.0,0.011,PM2.5-1HR
956,NOR_NO0011A,2025-06-14,4.23,16.26,54.89,0,2.67,187.6,1024.34,11187.25,2.19,5.566,3100.0,0.041,PM2.5-1HR
956,NOR_NO0057A,2025-06-14,4.74,16.36,53.78,0,2.71,192.21,1024.37,727.91,2.3,5.72,3100.0,0.047,PM2.5-1HR
956,NOR_NO0071A,2025-06-14,4.99,16.41,54.2,0,2.69,190.74,1024.38,5794.7,2.21,5.594,3100.0,0.019,PM2.5-1HR
956,NOR_NO0072A,2025-06-14,4.41,16.24,55.24,0,2.65,186.51,1024.33,4189.22,2.19,5.566,3100.0,0.082,PM2.5-1HR
956,NOR_NO0073A,2025-06-14,5.92,16.33,54.57,0,2.69,188.88,1024.36,19813.27,2.13,5.482,3100.0,0.25,PM2.5-1HR
956,NOR_NO0083A,2025-06-14,3.53,16.25,55.18,0,2.65,186.71,1024.34,4937.94,2.19,5.566,3100.0,0.017,PM2.5-1HR
956,NOR_NO0093A,2025-06-14,5.34,16.28,55.14,0,2.65,186.9,1024.34,3881.7,2.19,5.566,3100.0,0.0,PM2.5-1HR
956,NOR_NO0095A,2025-06-14,4.75,16.18,55.38,0,2.64,185.96,1024.31,3578.09,2.3,5.72,3100.0,0.011,PM2.5-1HR
956,NOR_NO0114A,2025-06-14,3.76,16.09,56.17,0,2.58,183.41,1024.29,2835.19,2.18,5.552,3100.0,0.018,PM2.5-1HR
956,NOR_NO0122A,2025-06-14,4.12,16.37,53.78,0,2.71,192.25,1024.37,3172.81,2.3,5.72,3100.0,0.01,PM2.5-1HR
956,NOR_NO0129A,2025-06-14,4.4,16.42,52.83,0,2.75,196.22,1024.38,5243.09,2.37,5.818,3100.0,0.013,PM2.5-1HR
956,NOR_NO0140A,2025-06-14,5.14,16.33,54.86,0,2.67,187.82,1024.36,3929.05,2.19,5.566,3100.0,0.209,PM2.5-1HR
956,NOR_NO0143A,2025-06-14,3.72,16.35,54.58,0,2.69,188.87,1024.36,19250.64,2.13,5.482,3100.0,0.013,PM2.5-1HR
956,NOR_NO0149A,2025-06-14,4.64,16.38,54.04,0,2.7,191.22,1024.37,2020.38,2.21,5.594,3100.0,0.292,PM2.5-1HR
956,NOR_NO0150A,2025-06-14,4.58,16.34,54.21,0,2.7,190.35,1024.36,4950.29,2.21,5.594,3100.0,0.006,PM2.5-1HR
956,NOR_NO0153A,2025-06-14,3.12,16.14,56.17,0,2.58,183.57,1024.3,1497.53,2.18,5.552,3100.0,0.011,PM2.5-1HR
956,NOR_NO0011A,2025-06-15,8.03,14.85,78.7,0.09,2.14,175.22,1016.24,11187.25,4.93,9.402,3100.0,0.041,PM2.5-1HR
956,NOR_NO0057A,2025-06-15,8.21,15.01,77.76,0.09,2.19,178.9,1016.25,727.91,5.22,9.808,3100.0,0.047,PM2.5-1HR
956,NOR_NO0071A,2025-06-15,8.34,15,78.17,0.09,2.17,177.24,1016.26,5794.7,5.08,9.612,3100.0,0.019,PM2.5-1HR
956,NOR_NO0072A,2025-06-15,8.57,14.82,79.01,0.09,2.11,173.94,1016.23,4189.22,4.93,9.402,3100.0,0.082,PM2.5-1HR
956,NOR_NO0073A,2025-06-15,8.8,14.92,78.44,0.09,2.16,176.2,1016.25,19813.27,5.03,9.542,3100.0,0.25,PM2.5-1HR
956,NOR_NO0083A,2025-06-15,7.34,14.83,78.96,0.09,2.12,174.12,1016.23,4937.94,4.93,9.402,3100.0,0.017,PM2.5-1HR
956,NOR_NO0093A,2025-06-15,8.03,14.85,78.93,0.09,2.12,174.21,1016.24,3881.7,4.93,9.402,3100.0,0.0,PM2.5-1HR
956,NOR_NO0095A,2025-06-15,7.64,14.77,79.11,0.09,2.1,173.56,1016.22,3578.09,4.95,9.43,3100.0,0.011,PM2.5-1HR
956,NOR_NO0114A,2025-06-15,7.68,14.67,79.78,0.1,2.05,170.8,1016.2,2835.19,4.74,9.136,3100.0,0.018,PM2.5-1HR
956,NOR_NO0122A,2025-06-15,9.27,15.01,77.76,0.09,2.19,178.89,1016.25,3172.81,5.22,9.808,3100.0,0.01,PM2.5-1HR
956,NOR_NO0129A,2025-06-15,11.18,15.13,76.95,0.08,2.22,182.07,1016.25,5243.09,5.32,9.948,3100.0,0.013,PM2.5-1HR
956,NOR_NO0140A,2025-06-15,9.87,14.89,78.69,0.09,2.14,175.15,1016.24,3929.05,4.93,9.402,3100.0,0.209,PM2.5-1HR
956,NOR_NO0143A,2025-06-15,8.63,14.93,78.46,0.09,2.16,176.09,1016.25,19250.64,5.03,9.542,3100.0,0.013,PM2.5-1HR
956,NOR_NO0149A,2025-06-15,8.32,15,78.01,0.09,2.17,177.91,1016.25,2020.38,5.08,9.612,3100.0,0.292,PM2.5-1HR
956,NOR_NO0150A,2025-06-15,8.89,14.95,78.13,0.09,2.17,177.44,1016.25,4950.29,5.08,9.612,3100.0,0.006,PM2.5-1HR
956,NOR_NO0153A,2025-06-15,5.12,14.7,79.8,0.1,2.05,170.76,1016.2,1497.53,4.74,9.136,3100.0,0.011,PM2.5-1HR
956,NOR_NO0011A,2025-06-16,5.98,17.9,63.02,0,3.11,261.71,1011.92,11187.25,0.94,3.816,3100.0,0.041,PM2.5-1HR
956,NOR_NO0057A,2025-06-16,5.99,18.06,62.56,0,3.18,260.93,1011.87,727.91,1.06,3.984,3100.0,0.047,PM2.5-1HR
956,NOR_NO0071A,2025-06-16,5.61,18.11,62.55,0,3.14,261.26,1011.9,5794.7,1,3.9,3100.0,0.019,PM2.5-1HR
956,NOR_NO0072A,2025-06-16,7.26,17.86,63.07,0,3.07,262.12,1011.95,4189.22,0.94,3.816,3100.0,0.082,PM2.5-1HR
956,NOR_NO0073A,2025-06-16,6.13,18,62.83,0,3.13,261.48,1011.91,19813.27,0.95,3.83,3100.0,0.25,PM2.5-1HR
956,NOR_NO0083A,2025-06-16,6.51,17.88,63.04,0,3.08,262.06,1011.94,4937.94,0.94,3.816,3100.0,0.017,PM2.5-1HR
956,NOR_NO0093A,2025-06-16,5.63,17.93,62.97,0,3.07,262.06,1011.94,3881.7,0.94,3.816,3100.0,0.0,PM2.5-1HR
956,NOR_NO0095A,2025-06-16,5.33,17.78,63.21,0,3.07,262.18,1011.95,3578.09,0.92,3.788,3100.0,0.011,PM2.5-1HR
956,NOR_NO0114A,2025-06-16,6.76,17.63,63.42,0,2.99,263.07,1012,2835.19,0.98,3.872,3100.0,0.018,PM2.5-1HR
956,NOR_NO0122A,2025-06-16,7.86,18.07,62.54,0,3.18,260.93,1011.87,3172.81,1.06,3.984,3100.0,0.01,PM2.5-1HR
956,NOR_NO0129A,2025-06-16,7.73,18.16,62.19,0,3.24,260.34,1011.82,5243.09,1.06,3.984,3100.0,0.013,PM2.5-1HR
956,NOR_NO0140A,2025-06-16,8.62,17.99,62.88,0,3.1,261.77,1011.93,3929.05,0.94,3.816,3100.0,0.209,PM2.5-1HR
956,NOR_NO0143A,2025-06-16,7.42,18.02,62.79,0,3.12,261.52,1011.91,19250.64,0.95,3.83,3100.0,0.013,PM2.5-1HR
956,NOR_NO0149A,2025-06-16,6.53,18.08,62.59,0,3.16,261.12,1011.88,2020.38,1,3.9,3100.0,0.292,PM2.5-1HR
956,NOR_NO0150A,2025-06-16,9.69,18.02,62.73,0,3.15,261.21,1011.89,4950.29,1,3.9,3100.0,0.006,PM2.5-1HR
956,NOR_NO0153A,2025-06-16,4.39,17.7,63.31,0,2.98,263.2,1012.01,1497.53,0.98,3.872,3100.0,0.011,PM2.5-1HR
956,NOR_NO0011A,2025-06-17,6.02,16.2,66.46,0.03,3.2,232.4,1012.73,11187.25,1.91,5.174,3100.0,0.041,PM2.5-1HR
956,NOR_NO0057A,2025-06-17,6.14,16.31,65.79,0.03,3.38,233.55,1012.72,727.91,2.07,5.398,3100.0,0.047,PM2.5-1HR
956,NOR_NO0071A,2025-06-17,7.69,16.37,65.95,0.03,3.34,232.8,1012.76,5794.7,2.11,5.454,3100.0,0.019,PM2.5-1HR
956,NOR_NO0072A,2025-06-17,8.85,16.19,66.65,0.03,3.15,231.96,1012.75,4189.22,1.91,5.174,3100.0,0.082,PM2.5-1HR
956,NOR_NO0073A,2025-06-17,6.55,16.28,66.21,0.03,3.26,232.57,1012.74,19813.27,2.1,5.44,3100.0,0.25,PM2.5-1HR
956,NOR_NO0083A,2025-06-17,7.87,16.2,66.61,0.03,3.16,232,1012.75,4937.94,1.91,5.174,3100.0,0.017,PM2.5-1HR
956,NOR_NO0093A,2025-06-17,7.93,16.24,66.54,0.03,3.17,231.93,1012.76,3881.7,1.91,5.174,3100.0,0.0,PM2.5-1HR
956,NOR_NO0095A,2025-06-17,7.66,16.12,66.8,0.03,3.11,231.99,1012.74,3578.09,1.87,5.118,3100.0,0.011,PM2.5-1HR
956,NOR_NO0114A,2025-06-17,8.35,16.03,67.3,0.03,2.98,231.17,1012.76,2835.19,2.09,5.426,3100.0,0.018,PM2.5-1HR
956,NOR_NO0122A,2025-06-17,8.31,16.32,65.79,0.03,3.39,233.53,1012.72,3172.81,2.07,5.398,3100.0,0.01,PM2.5-1HR
956,NOR_NO0129A,2025-06-17,9,16.37,65.27,0.04,3.54,234.57,1012.7,5243.09,1.91,5.174,3100.0,0.013,PM2.5-1HR
956,NOR_NO0140A,2025-06-17,11.12,16.28,66.36,0.03,3.22,232.17,1012.75,3929.05,1.91,5.174,3100.0,0.209,PM2.5-1HR
956,NOR_NO0143A,2025-06-17,8.6,16.3,66.2,0.03,3.27,232.49,1012.75,19250.64,2.1,5.44,3100.0,0.013,PM2.5-1HR
956,NOR_NO0149A,2025-06-17,6.84,16.33,65.91,0.03,3.35,233.14,1012.74,2020.38,2.11,5.454,3100.0,0.292,PM2.5-1HR
956,NOR_NO0150A,2025-06-17,9.24,16.28,66.03,0.03,3.32,233.05,1012.73,4950.29,2.11,5.454,3100.0,0.006,PM2.5-1HR
956,NOR_NO0153A,2025-06-17,6.55,16.1,67.21,0.03,3,231.01,1012.78,1497.53,2.09,5.426,3100.0,0.011,PM2.5-1HR
956,NOR_NO0011A,2025-06-18,2.44,16.01,47.46,0.02,3.12,287.14,1011.6,11187.25,0.99,3.886,3100.0,0.041,PM2.5-1HR
956,NOR_NO0057A,2025-06-18,2.66,16.13,47.27,0.02,3.12,287.52,1011.54,727.91,1.16,4.124,3100.0,0.047,PM2.5-1HR
956,NOR_NO0071A,2025-06-18,4.34,16.21,47.37,0.02,3.12,287.84,1011.57,5794.7,1.08,4.012,3100.0,0.019,PM2.5-1HR
956,NOR_NO0072A,2025-06-18,2.52,16.01,47.61,0.02,3.1,287.26,1011.63,4189.22,0.99,3.886,3100.0,0.082,PM2.5-1HR
956,NOR_NO0073A,2025-06-18,3.14,16.1,47.36,0.02,3.12,287.39,1011.59,19813.27,1.06,3.984,3100.0,0.25,PM2.5-1HR
956,NOR_NO0083A,2025-06-18,2.55,16.03,47.58,0.02,3.1,287.28,1011.63,4937.94,0.99,3.886,3100.0,0.017,PM2.5-1HR
956,NOR_NO0093A,2025-06-18,4.32,16.07,47.55,0.02,3.1,287.42,1011.63,3881.7,0.99,3.886,3100.0,0.0,PM2.5-1HR
956,NOR_NO0095A,2025-06-18,2.74,15.93,47.68,0.02,3.09,287.03,1011.64,3578.09,1.06,3.984,3100.0,0.011,PM2.5-1HR
956,NOR_NO0114A,2025-06-18,2.47,15.85,48.01,0.02,3.06,287.04,1011.7,2835.19,0.96,3.844,3100.0,0.018,PM2.5-1HR
956,NOR_NO0122A,2025-06-18,3.06,16.14,47.28,0.02,3.12,287.56,1011.54,3172.81,1.16,4.124,3100.0,0.01,PM2.5-1HR
956,NOR_NO0129A,2025-06-18,3.38,16.18,47.17,0.02,3.12,287.76,1011.49,5243.09,1.14,4.096,3100.0,0.013,PM2.5-1HR
956,NOR_NO0140A,2025-06-18,3.75,16.11,47.43,0.02,3.11,287.45,1011.61,3929.05,0.99,3.886,3100.0,0.209,PM2.5-1HR
956,NOR_NO0143A,2025-06-18,2.7,16.13,47.37,0.02,3.12,287.48,1011.59,19250.64,1.06,3.984,3100.0,0.013,PM2.5-1HR
956,NOR_NO0149A,2025-06-18,3.07,16.16,47.32,0.02,3.12,287.63,1011.56,2020.38,1.08,4.012,3100.0,0.292,PM2.5-1HR
956,NOR_NO0150A,2025-06-18,4.11,16.1,47.32,0.02,3.12,287.41,1011.56,4950.29,1.08,4.012,3100.0,0.006,PM2.5-1HR
956,NOR_NO0153A,2025-06-18,1.66,15.93,47.98,0.02,3.05,287.3,1011.71,1497.53,0.96,3.844,3100.0,0.011,PM2.5-1HR
956,NOR_NO0011A,2025-06-19,2.9,15.15,47.25,0,3.04,310.78,1016.31,11187.25,1.01,3.914,3100.0,0.041,PM2.5-1HR
956,NOR_NO0057A,2025-06-19,2.29,15.16,47.29,0,3.08,312.43,1016.24,727.91,1.06,3.984,3100.0,0.047,PM2.5-1HR
956,NOR_NO0071A,2025-06-19,6.03,15.29,47.09,0,3.08,311.73,1016.27,5794.7,1.07,3.998,3100.0,0.019,PM2.5-1HR
956,NOR_NO0072A,2025-06-19,1.58,15.18,47.28,0,3.03,310.44,1016.34,4189.22,1.01,3.914,3100.0,0.082,PM2.5-1HR
956,NOR_NO0073A,2025-06-19,2.06,15.21,47.14,0,3.06,311.17,1016.29,19813.27,1.1,4.04,3100.0,0.25,PM2.5-1HR
956,NOR_NO0083A,2025-06-19,1.98,15.19,47.25,0,3.03,310.49,1016.34,4937.94,1.01,3.914,3100.0,0.017,PM2.5-1HR
956,NOR_NO0093A,2025-06-19,6.13,15.23,47.19,0,3.04,310.53,1016.33,3881.7,1.01,3.914,3100.0,0.0,PM2.5-1HR
956,NOR_NO0095A,2025-06-19,3.69,15.1,47.41,0,3.02,310.3,1016.36,3578.09,1.08,4.012,3100.0,0.011,PM2.5-1HR
956,NOR_NO0114A,2025-06-19,1.6,15.09,47.59,0,2.99,309.59,1016.42,2835.19,1.08,4.012,3100.0,0.018,PM2.5-1HR
956,NOR_NO0122A,2025-06-19,2.41,15.17,47.28,0,3.08,312.43,1016.24,3172.81,1.06,3.984,3100.0,0.01,PM2.5-1HR
956,NOR_NO0129A,2025-06-19,2.35,15.12,47.45,0,3.11,313.99,1016.19,5243.09,1.08,4.012,3100.0,0.013,PM2.5-1HR
956,NOR_NO0140A,2025-06-19,1.94,15.24,47.11,0,3.05,310.79,1016.31,3929.05,1.01,3.914,3100.0,0.209,PM2.5-1HR
956,NOR_NO0143A,2025-06-19,2.19,15.24,47.1,0,3.06,311.14,1016.29,19250.64,1.1,4.04,3100.0,0.013,PM2.5-1HR
956,NOR_NO0149A,2025-06-19,2.76,15.22,47.19,0,3.08,311.98,1016.26,2020.38,1.07,3.998,3100.0,0.292,PM2.5-1HR
956,NOR_NO0150A,2025-06-19,5.14,15.18,47.22,0,3.07,311.72,1016.27,4950.29,1.07,3.998,3100.0,0.006,PM2.5-1HR
956,NOR_NO0153A,2025-06-19,0.96,15.16,47.48,0,3,309.63,1016.42,1497.53,1.08,4.012,3100.0,0.011,PM2.5-1HR
956,NOR_NO0011A,2025-06-20,3.8,15.31,55.99,0,2.56,248.62,1020.83,11187.25,1.41,4.474,3100.0,0.041,PM2.5-1HR
956,NOR_NO0057A,2025-06-20,1.97,15.32,56.05,0,2.55,252.24,1020.84,727.91,1.69,4.866,3100.0,0.047,PM2.5-1HR
956,NOR_NO0071A,2025-06-20,5.4,15.44,55.97,0,2.56,250.97,1020.85,5794.7,1.59,4.726,3100.0,0.019,PM2.5-1HR
956,NOR_NO0072A,2025-06-20,3.97,15.35,56.03,0,2.54,247.57,1020.84,4189.22,1.41,4.474,3100.0,0.082,PM2.5-1HR
956,NOR_NO0073A,2025-06-20,3.04,15.37,55.94,0,2.57,249.6,1020.84,19813.27,1.49,4.586,3100.0,0.25,PM2.5-1HR
956,NOR_NO0083A,2025-06-20,3.66,15.35,56.01,0,2.54,247.73,1020.84,4937.94,1.41,4.474,3100.0,0.017,PM2.5-1HR
956,NOR_NO0093A,2025-06-20,5.86,15.39,55.98,0,2.54,247.84,1020.84,3881.7,1.41,4.474,3100.0,0.0,PM2.5-1HR
956,NOR_NO0095A,2025-06-20,4.64,15.28,56.1,0,2.52,247.2,1020.83,3578.09,1.45,4.53,3100.0,0.011,PM2.5-1HR
956,NOR_NO0114A,2025-06-20,3.28,15.28,56.24,0,2.48,244.91,1020.84,2835.19,1.32,4.348,3100.0,0.018,PM2.5-1HR
956,NOR_NO0122A,2025-06-20,4.29,15.33,56.05,0,2.55,252.28,1020.84,3172.81,1.69,4.866,3100.0,0.01,PM2.5-1HR
956,NOR_NO0129A,2025-06-20,5.04,15.28,56.19,0,2.54,255.65,1020.84,5243.09,1.94,5.216,3100.0,0.013,PM2.5-1HR
956,NOR_NO0140A,2025-06-20,4.65,15.4,55.93,0,2.56,248.67,1020.84,3929.05,1.41,4.474,3100.0,0.209,PM2.5-1HR
956,NOR_NO0143A,2025-06-20,3.55,15.4,55.93,0,2.57,249.55,1020.84,19250.64,1.49,4.586,3100.0,0.013,PM2.5-1HR
956,NOR_NO0149A,2025-06-20,3.27,15.37,56.01,0,2.55,251.41,1020.84,2020.38,1.59,4.726,3100.0,0.292,PM2.5-1HR
956,NOR_NO0150A,2025-06-20,4.86,15.33,55.99,0,2.56,250.76,1020.84,4950.29,1.59,4.726,3100.0,0.006,PM2.5-1HR
956,NOR_NO0153A,2025-06-20,2.68,15.35,56.17,0,2.49,244.86,1020.84,1497.53,1.32,4.348,3100.0,0.011,PM2.5-1HR
956,NOR_NO0011A,2025-06-21,3.85,17.8,47.85,0,2.32,317.51,1015.7,11187.25,1.12,4.068,3100.0,0.041,PM2.5-1HR
956,NOR_NO0057A,2025-06-21,4.31,17.82,47.69,0,2.45,320.5,1015.71,727.91,1.21,4.194,3100.0,0.047,PM2.5-1HR
956,NOR_NO0071A,2025-06-21,4.65,17.94,47.88,0,2.33,319.69,1015.72,5794.7,1.15,4.11,3100.0,0.019,PM2.5-1HR
956,NOR_NO0072A,2025-06-21,3.26,17.78,48.17,0,2.23,316.79,1015.71,4189.22,1.12,4.068,3100.0,0.082,PM2.5-1HR
956,NOR_NO0073A,2025-06-21,4.7,17.88,47.74,0,2.34,318.48,1015.71,19813.27,1.12,4.068,3100.0,0.25,PM2.5-1HR
956,NOR_NO0083A,2025-06-21,2.96,17.8,48.12,0,2.24,316.94,1015.71,4937.94,1.12,4.068,3100.0,0.017,PM2.5-1HR
956,NOR_NO0093A,2025-06-21,5.3,17.84,48.11,0,2.23,317.1,1015.71,3881.7,1.12,4.068,3100.0,0.0,PM2.5-1HR
956,NOR_NO0095A,2025-06-21,3.16,17.69,48.25,0,2.24,316.31,1015.71,3578.09,1.17,4.138,3100.0,0.011,PM2.5-1HR
956,NOR_NO0114A,2025-06-21,2.39,17.59,48.93,0,2.1,314.02,1015.71,2835.19,1.09,4.026,3100.0,0.018,PM2.5-1HR
956,NOR_NO0122A,2025-06-21,3.07,17.83,47.71,0,2.45,320.53,1015.71,3172.81,1.21,4.194,3100.0,0.01,PM2.5-1HR
956,NOR_NO0129A,2025-06-21,3.35,17.78,47.67,0,2.59,322.5,1015.72,5243.09,1.3,4.32,3100.0,0.013,PM2.5-1HR
956,NOR_NO0140A,2025-06-21,3.72,17.89,47.88,0,2.27,317.8,1015.71,3929.05,1.12,4.068,3100.0,0.209,PM2.5-1HR
956,NOR_NO0143A,2025-06-21,3.07,17.9,47.77,0,2.32,318.52,1015.71,19250.64,1.12,4.068,3100.0,0.013,PM2.5-1HR
956,NOR_NO0149A,2025-06-21,2.95,17.88,47.77,0,2.39,319.96,1015.71,2020.38,1.15,4.11,3100.0,0.292,PM2.5-1HR
956,NOR_NO0150A,2025-06-21,4.18,17.84,47.7,0,2.4,319.4,1015.71,4950.29,1.15,4.11,3100.0,0.006,PM2.5-1HR
956,NOR_NO0153A,2025-06-21,3.6,17.67,48.94,0,2.06,313.77,1015.71,1497.53,1.09,4.026,3100.0,0.011,PM2.5-1HR
956,NOR_NO0011A,2025-06-22,4.89,15.14,64.54,0.13,3.02,118.01,1014.42,11187.25,1.22,4.208,3100.0,0.041,PM2.5-1HR
956,NOR_NO0057A,2025-06-22,4.37,15.31,63.51,0.1,3.07,118.58,1014.47,727.91,1.35,4.39,3100.0,0.047,PM2.5-1HR
956,NOR_NO0071A,2025-06-22,5.56,15.4,63.74,0.1,3.06,118.87,1014.43,5794.7,1.28,4.292,3100.0,0.019,PM2.5-1HR
956,NOR_NO0072A,2025-06-22,4.38,15.15,64.85,0.13,2.99,117.94,1014.39,4189.22,1.22,4.208,3100.0,0.082,PM2.5-1HR
956,NOR_NO0073A,2025-06-22,5.6,15.25,64.17,0.12,3.04,118.35,1014.43,19813.27,1.22,4.208,3100.0,0.25,PM2.5-1HR
956,NOR_NO0083A,2025-06-22,3.99,15.16,64.78,0.13,2.99,117.99,1014.39,4937.94,1.22,4.208,3100.0,0.017,PM2.5-1HR
956,NOR_NO0093A,2025-06-22,6.18,15.21,64.69,0.12,3,118.13,1014.39,3881.7,1.22,4.208,3100.0,0.0,PM2.5-1HR
956,NOR_NO0095A,2025-06-22,5.76,15.06,65.06,0.13,2.97,117.67,1014.39,3578.09,1.27,4.278,3100.0,0.011,PM2.5-1HR
956,NOR_NO0114A,2025-06-22,4.48,14.99,65.84,0.14,2.91,117.23,1014.34,2835.19,1.23,4.222,3100.0,0.018,PM2.5-1HR
956,NOR_NO0122A,2025-06-22,5.17,15.32,63.5,0.1,3.08,118.62,1014.47,3172.81,1.35,4.39,3100.0,0.01,PM2.5-1HR
956,NOR_NO0129A,2025-06-22,5.19,15.42,62.69,0.08,3.12,118.91,1014.52,5243.09,1.33,4.362,3100.0,0.013,PM2.5-1HR
956,NOR_NO0140A,2025-06-22,4.72,15.25,64.4,0.12,3.02,118.31,1014.41,3929.05,1.22,4.208,3100.0,0.209,PM2.5-1HR
956,NOR_NO0143A,2025-06-22,4.14,15.27,64.15,0.12,3.04,118.43,1014.43,19250.64,1.22,4.208,3100.0,0.013,PM2.5-1HR
956,NOR_NO0149A,2025-06-22,4.82,15.34,63.68,0.1,3.07,118.68,1014.45,2020.38,1.28,4.292,3100.0,0.292,PM2.5-1HR
956,NOR_NO0150A,2025-06-22,4.52,15.26,63.89,0.11,3.06,118.41,1014.45,4950.29,1.28,4.292,3100.0,0.006,PM2.5-1HR
956,NOR_NO0153A,2025-06-22,3.79,15.07,65.77,0.13,2.91,117.42,1014.33,1497.53,1.23,4.222,3100.0,0.011,PM2.5-1HR
956,NOR_NO0011A,2025-06-23,6.39,15.09,89.2,0.67,3.31,186,995.13,11187.25,1.57,4.698,3100.0,0.041,PM2.5-1HR
956,NOR_NO0057A,2025-06-23,6.52,15.11,88.94,0.64,3.43,186.59,995.22,727.91,1.74,4.936,3100.0,0.047,PM2.5-1HR
956,NOR_NO0071A,2025-06-23,5.63,15.2,88.55,0.61,3.44,186.6,995.22,5794.7,1.63,4.782,3100.0,0.019,PM2.5-1HR
956,NOR_NO0072A,2025-06-23,7.89,15.13,88.95,0.66,3.25,186.2,995.12,4189.22,1.57,4.698,3100.0,0.082,PM2.5-1HR
956,NOR_NO0073A,2025-06-23,7.32,15.13,89.01,0.65,3.37,186.07,995.17,19813.27,1.6,4.74,3100.0,0.25,PM2.5-1HR
956,NOR_NO0083A,2025-06-23,7.97,15.13,88.95,0.65,3.26,186.18,995.12,4937.94,1.57,4.698,3100.0,0.017,PM2.5-1HR
956,NOR_NO0093A,2025-06-23,6.47,15.16,88.83,0.64,3.29,186.18,995.14,3881.7,1.57,4.698,3100.0,0.0,PM2.5-1HR
956,NOR_NO0095A,2025-06-23,6.03,15.09,89.14,0.67,3.2,186.23,995.1,3578.09,1.51,4.614,3100.0,0.011,PM2.5-1HR
956,NOR_NO0114A,2025-06-23,7.51,15.12,88.88,0.68,3.06,186.65,995.06,2835.19,1.63,4.782,3100.0,0.018,PM2.5-1HR
956,NOR_NO0122A,2025-06-23,8.23,15.12,88.89,0.64,3.43,186.62,995.22,3172.81,1.74,4.936,3100.0,0.01,PM2.5-1HR
956,NOR_NO0129A,2025-06-23,8.42,15.11,88.75,0.63,3.51,187.22,995.29,5243.09,1.59,4.726,3100.0,0.013,PM2.5-1HR
956,NOR_NO0140A,2025-06-23,8.95,15.16,88.88,0.64,3.34,186.04,995.15,3929.05,1.57,4.698,3100.0,0.209,PM2.5-1HR
956,NOR_NO0143A,2025-06-23,8.26,15.15,88.91,0.64,3.38,186.1,995.17,19250.64,1.6,4.74,3100.0,0.013,PM2.5-1HR
956,NOR_NO0149A,2025-06-23,6.5,15.15,88.79,0.63,3.43,186.54,995.21,2020.38,1.63,4.782,3100.0,0.292,PM2.5-1HR
956,NOR_NO0150A,2025-06-23,8.33,15.11,89.03,0.65,3.39,186.29,995.19,4950.29,1.63,4.782,3100.0,0.006,PM2.5-1HR
956,NOR_NO0153A,2025-06-23,5.25,15.17,88.65,0.66,3.08,186.69,995.07,1497.53,1.63,4.782,3100.0,0.011,PM2.5-1HR
956,NOR_NO0011A,2025-06-24,2.37,14.41,71.72,0.03,2.4,308.76,992.08,11187.25,0.97,3.858,3100.0,0.041,PM2.5-1HR
956,NOR_NO0057A,2025-06-24,2.4,14.38,72.58,0.04,2.47,307.02,992.04,727.91,1.09,4.026,3100.0,0.047,PM2.5-1HR
956,NOR_NO0071A,2025-06-24,4.65,14.56,71.55,0.03,2.44,307.93,992.06,5794.7,1.04,3.956,3100.0,0.019,PM2.5-1HR
956,NOR_NO0072A,2025-06-24,1.53,14.48,71.17,0.03,2.37,309.44,992.1,4189.22,0.97,3.858,3100.0,0.082,PM2.5-1HR
956,NOR_NO0073A,2025-06-24,2.25,14.46,71.74,0.03,2.42,308.44,992.07,19813.27,1,3.9,3100.0,0.25,PM2.5-1HR
956,NOR_NO0083A,2025-06-24,2.72,14.48,71.2,0.03,2.38,309.37,992.09,4937.94,0.97,3.858,3100.0,0.017,PM2.5-1HR
956,NOR_NO0093A,2025-06-24,5.03,14.53,71.06,0.02,2.38,309.45,992.09,3881.7,0.97,3.858,3100.0,0.0,PM2.5-1HR
956,NOR_NO0095A,2025-06-24,2.55,14.41,71.34,0.03,2.37,309.41,992.1,3578.09,0.99,3.886,3100.0,0.011,PM2.5-1HR
956,NOR_NO0114A,2025-06-24,2.04,14.47,70.51,0.02,2.3,310.72,992.13,2835.19,0.89,3.746,3100.0,0.018,PM2.5-1HR
956,NOR_NO0122A,2025-06-24,2.2,14.39,72.52,0.04,2.47,307.02,992.04,3172.81,1.09,4.026,3100.0,0.01,PM2.5-1HR
956,NOR_NO0129A,2025-06-24,2.03,14.31,73.48,0.05,2.54,305.39,992.01,5243.09,1.27,4.278,3100.0,0.013,PM2.5-1HR
956,NOR_NO0140A,2025-06-24,1.84,14.52,71.31,0.03,2.4,309.03,992.08,3929.05,0.97,3.858,3100.0,0.209,PM2.5-1HR
956,NOR_NO0143A,2025-06-24,1.54,14.49,71.59,0.03,2.42,308.55,992.07,19250.64,1,3.9,3100.0,0.013,PM2.5-1HR
956,NOR_NO0149A,2025-06-24,1.9,14.46,72.05,0.04,2.45,307.54,992.05,2020.38,1.04,3.956,3100.0,0.292,PM2.5-1HR
956,NOR_NO0150A,2025-06-24,4.44,14.41,72.17,0.03,2.45,307.76,992.06,4950.29,1.04,3.956,3100.0,0.006,PM2.5-1HR
956,NOR_NO0153A,2025-06-24,1.45,14.56,70.17,0.02,2.3,311.02,992.13,1497.53,0.89,3.746,3100.0,0.011,PM2.5-1HR
956,NOR_NO0011A,2025-06-25,2.76,17.02,68.38,0.1,2.3,314.48,1000.97,11187.25,1.56,4.684,3100.0,0.041,PM2.5-1HR
956,NOR_NO0057A,2025-06-25,2.94,16.98,68.31,0.12,2.36,316.17,1000.93,727.91,1.73,4.922,3100.0,0.047,PM2.5-1HR
956,NOR_NO0071A,2025-06-25,6.09,17.1,68.15,0.11,2.35,316.26,1000.94,5794.7,1.64,4.796,3100.0,0.019,PM2.5-1HR
956,NOR_NO0072A,2025-06-25,3.01,17.05,68.38,0.09,2.27,314.06,1000.98,4189.22,1.56,4.684,3100.0,0.082,PM2.5-1HR
956,NOR_NO0073A,2025-06-25,3.42,17.06,68.27,0.1,2.32,315.33,1000.95,19813.27,1.58,4.712,3100.0,0.25,PM2.5-1HR
956,NOR_NO0083A,2025-06-25,3,17.05,68.36,0.09,2.27,314.2,1000.97,4937.94,1.56,4.684,3100.0,0.017,PM2.5-1HR
956,NOR_NO0093A,2025-06-25,5.84,17.08,68.29,0.09,2.28,314.52,1000.97,3881.7,1.56,4.684,3100.0,0.0,PM2.5-1HR
956,NOR_NO0095A,2025-06-25,3.83,16.99,68.5,0.09,2.25,313.4,1000.98,3578.09,1.61,4.754,3100.0,0.011,PM2.5-1HR
956,NOR_NO0114A,2025-06-25,2.54,16.98,68.61,0.08,2.19,311.92,1001,2835.19,1.47,4.558,3100.0,0.018,PM2.5-1HR
956,NOR_NO0122A,2025-06-25,3.76,16.99,68.3,0.12,2.36,316.22,1000.93,3172.81,1.73,4.922,3100.0,0.01,PM2.5-1HR
956,NOR_NO0129A,2025-06-25,3.83,16.91,68.33,0.14,2.42,317.4,1000.9,5243.09,2.08,5.412,3100.0,0.013,PM2.5-1HR
956,NOR_NO0140A,2025-06-25,3.22,17.1,68.24,0.1,2.31,315.08,1000.96,3929.05,1.56,4.684,3100.0,0.209,PM2.5-1HR
956,NOR_NO0143A,2025-06-25,2.58,17.08,68.23,0.1,2.33,315.45,1000.96,19250.64,1.58,4.712,3100.0,0.013,PM2.5-1HR
956,NOR_NO0149A,2025-06-25,3.86,17.04,68.24,0.12,2.35,316.09,1000.94,2020.38,1.64,4.796,3100.0,0.292,PM2.5-1HR
956,NOR_NO0150A,2025-06-25,5.18,17.02,68.3,0.11,2.34,315.63,1000.95,4950.29,1.64,4.796,3100.0,0.006,PM2.5-1HR
956,NOR_NO0153A,2025-06-25,2.03,17.04,68.5,0.08,2.19,312.37,1001,1497.53,1.47,4.558,3100.0,0.011,PM2.5-1HR
956,NOR_NO0011A,2025-06-26,4.89,15.32,77.69,0,3.59,169.15,1007,11187.25,2.87,6.518,3100.0,0.041,PM2.5-1HR
956,NOR_NO0057A,2025-06-26,4.45,15.38,76.82,0,3.66,173.39,1007.07,727.91,2.9,6.56,3100.0,0.047,PM2.5-1HR
956,NOR_NO0071A,2025-06-26,6.63,15.42,77.18,0,3.69,172.63,1007.08,5794.7,2.91,6.574,3100.0,0.019,PM2.5-1HR
956,NOR_NO0072A,2025-06-26,7.95,15.33,77.85,0,3.56,168.35,1006.98,4189.22,2.87,6.518,3100.0,0.082,PM2.5-1HR
956,NOR_NO0073A,2025-06-26,5.63,15.36,77.5,0,3.64,170.53,1007.04,19813.27,2.89,6.546,3100.0,0.25,PM2.5-1HR
956,NOR_NO0083A,2025-06-26,8.2,15.33,77.83,0,3.57,168.55,1006.99,4937.94,2.87,6.518,3100.0,0.017,PM2.5-1HR
956,NOR_NO0093A,2025-06-26,6.98,15.36,77.82,0,3.59,168.89,1007,3881.7,2.87,6.518,3100.0,0.0,PM2.5-1HR
956,NOR_NO0095A,2025-06-26,6.91,15.29,77.89,0,3.51,167.55,1006.96,3578.09,3.05,6.77,3100.0,0.011,PM2.5-1HR
956,NOR_NO0114A,2025-06-26,7.79,15.27,78.22,0,3.41,165.25,1006.9,2835.19,3.19,6.966,3100.0,0.018,PM2.5-1HR
956,NOR_NO0122A,2025-06-26,7.71,15.38,76.82,0,3.66,173.49,1007.07,3172.81,2.9,6.56,3100.0,0.01,PM2.5-1HR
956,NOR_NO0129A,2025-06-26,8.47,15.42,76,0,3.7,176.97,1007.12,5243.09,2.54,6.056,3100.0,0.013,PM2.5-1HR
956,NOR_NO0140A,2025-06-26,8.18,15.37,77.7,0,3.63,169.71,1007.03,3929.05,2.87,6.518,3100.0,0.209,PM2.5-1HR
956,NOR_NO0143A,2025-06-26,8.03,15.37,77.51,0,3.65,170.62,1007.04,19250.64,2.89,6.546,3100.0,0.013,PM2.5-1HR
956,NOR_NO0149A,2025-06-26,5.6,15.39,77.05,0,3.67,172.75,1007.07,2020.38,2.91,6.574,3100.0,0.292,PM2.5-1HR
956,NOR_NO0150A,2025-06-26,6.91,15.36,77.2,0,3.64,171.74,1007.05,4950.29,2.91,6.574,3100.0,0.006,PM2.5-1HR
956,NOR_NO0153A,2025-06-26,4.3,15.31,78.24,0,3.44,165.78,1006.91,1497.53,3.19,6.966,3100.0,0.011,PM2.5-1HR
956,NOR_NO0011A,2025-06-27,2.13,17.54,64.69,0.13,3.33,259.94,1005.28,11187.25,1.07,3.998,3100.0,0.041,PM2.5-1HR
956,NOR_NO0057A,2025-06-27,2.82,17.53,65.21,0.13,3.37,260.03,1005.29,727.91,1.18,4.152,3100.0,0.047,PM2.5-1HR
956,NOR_NO0071A,2025-06-27,4.37,17.64,64.97,0.13,3.36,259.98,1005.3,5794.7,1.15,4.11,3100.0,0.019,PM2.5-1HR
956,NOR_NO0072A,2025-06-27,2.42,17.56,64.58,0.13,3.3,260.06,1005.3,4189.22,1.07,3.998,3100.0,0.082,PM2.5-1HR
956,NOR_NO0073A,2025-06-27,2.63,17.59,64.78,0.13,3.35,259.91,1005.29,19813.27,1.13,4.082,3100.0,0.25,PM2.5-1HR
956,NOR_NO0083A,2025-06-27,2.69,17.57,64.59,0.13,3.31,260.04,1005.3,4937.94,1.07,3.998,3100.0,0.017,PM2.5-1HR
956,NOR_NO0093A,2025-06-27,4.26,17.6,64.58,0.13,3.31,260.03,1005.3,3881.7,1.07,3.998,3100.0,0.0,PM2.5-1HR
956,NOR_NO0095A,2025-06-27,3.14,17.5,64.58,0.13,3.29,260.08,1005.29,3578.09,1.05,3.97,3100.0,0.011,PM2.5-1HR
956,NOR_NO0114A,2025-06-27,2.16,17.48,64.37,0.13,3.24,260.35,1005.31,2835.19,1.11,4.054,3100.0,0.018,PM2.5-1HR
956,NOR_NO0122A,2025-06-27,2.84,17.54,65.21,0.13,3.37,260.03,1005.29,3172.81,1.18,4.152,3100.0,0.01,PM2.5-1HR
956,NOR_NO0129A,2025-06-27,2.77,17.48,65.75,0.13,3.4,260.17,1005.29,5243.09,1.19,4.166,3100.0,0.013,PM2.5-1HR
956,NOR_NO0140A,2025-06-27,2.99,17.62,64.65,0.13,3.33,259.94,1005.3,3929.05,1.07,3.998,3100.0,0.209,PM2.5-1HR
956,NOR_NO0143A,2025-06-27,2.41,17.61,64.77,0.13,3.35,259.92,1005.29,19250.64,1.13,4.082,3100.0,0.013,PM2.5-1HR
956,NOR_NO0149A,2025-06-27,3.34,17.58,65.06,0.13,3.36,259.99,1005.3,2020.38,1.15,4.11,3100.0,0.292,PM2.5-1HR
956,NOR_NO0150A,2025-06-27,3.37,17.55,64.98,0.13,3.35,259.97,1005.29,4950.29,1.15,4.11,3100.0,0.006,PM2.5-1HR
956,NOR_NO0153A,2025-06-27,1.44,17.55,64.32,0.13,3.25,260.39,1005.32,1497.53,1.11,4.054,3100.0,0.011,PM2.5-1HR
956,NOR_NO0011A,2025-06-28,3.94,16.44,70.27,0.07,3.38,214.29,1006.93,11187.25,1.31,4.334,3100.0,0.041,PM2.5-1HR
956,NOR_NO0057A,2025-06-28,4.17,16.44,70.76,0.07,3.54,214.7,1006.96,727.91,1.27,4.278,3100.0,0.047,PM2.5-1HR
956,NOR_NO0071A,2025-06-28,5.36,16.57,70.63,0.07,3.52,213.9,1006.98,5794.7,1.26,4.264,3100.0,0.019,PM2.5-1HR
956,NOR_NO0072A,2025-06-28,4.03,16.5,70.1,0.06,3.34,213.73,1006.95,4189.22,1.31,4.334,3100.0,0.082,PM2.5-1HR
956,NOR_NO0073A,2025-06-28,5.15,16.49,70.45,0.07,3.44,214.19,1006.95,19813.27,1.22,4.208,3100.0,0.25,PM2.5-1HR
956,NOR_NO0083A,2025-06-28,3.48,16.51,70.13,0.06,3.35,213.76,1006.95,4937.94,1.31,4.334,3100.0,0.017,PM2.5-1HR
956,NOR_NO0093A,2025-06-28,5.67,16.54,70.17,0.06,3.37,213.58,1006.96,3881.7,1.31,4.334,3100.0,0.0,PM2.5-1HR
956,NOR_NO0095A,2025-06-28,4.01,16.45,69.99,0.06,3.31,213.95,1006.93,3578.09,1.28,4.292,3100.0,0.011,PM2.5-1HR
956,NOR_NO0114A,2025-06-28,3.45,16.5,69.57,0.06,3.2,213.14,1006.95,2835.19,1.53,4.642,3100.0,0.018,PM2.5-1HR
956,NOR_NO0122A,2025-06-28,3.98,16.45,70.76,0.07,3.54,214.65,1006.96,3172.81,1.27,4.278,3100.0,0.01,PM2.5-1HR
956,NOR_NO0129A,2025-06-28,4.24,16.4,71.16,0.08,3.66,215.07,1006.97,5243.09,1.13,4.082,3100.0,0.013,PM2.5-1HR
956,NOR_NO0140A,2025-06-28,4.99,16.53,70.33,0.06,3.41,213.79,1006.96,3929.05,1.31,4.334,3100.0,0.209,PM2.5-1HR
956,NOR_NO0143A,2025-06-28,3.73,16.52,70.46,0.07,3.44,214.02,1006.96,19250.64,1.22,4.208,3100.0,0.013,PM2.5-1HR
956,NOR_NO0149A,2025-06-28,4.06,16.5,70.67,0.07,3.52,214.33,1006.97,2020.38,1.26,4.264,3100.0,0.292,PM2.5-1HR
956,NOR_NO0150A,2025-06-28,3.89,16.45,70.59,0.07,3.48,214.5,1006.95,4950.29,1.26,4.264,3100.0,0.006,PM2.5-1HR
956,NOR_NO0153A,2025-06-28,2.08,16.57,69.61,0.06,3.21,212.83,1006.96,1497.53,1.53,4.642,3100.0,0.011,PM2.5-1HR
956,NOR_NO0011A,2025-06-29,2.33,17.23,44.7,0,4.68,262.75,1006.66,11187.25,0.84,3.676,3100.0,0.041,PM2.5-1HR
956,NOR_NO0057A,2025-06-29,2.31,17.35,44.06,0,4.74,262.04,1006.62,727.91,0.96,3.844,3100.0,0.047,PM2.5-1HR
956,NOR_NO0071A,2025-06-29,4.46,17.45,44.02,0,4.71,262.34,1006.69,5794.7,0.91,3.774,3100.0,0.019,PM2.5-1HR
956,NOR_NO0072A,2025-06-29,1.69,17.26,44.71,0,4.66,263.11,1006.7,4189.22,0.84,3.676,3100.0,0.082,PM2.5-1HR
956,NOR_NO0073A,2025-06-29,2.88,17.32,44.43,0,4.69,262.5,1006.66,19813.27,0.91,3.774,3100.0,0.25,PM2.5-1HR
956,NOR_NO0083A,2025-06-29,1.71,17.26,44.68,0,4.66,263.05,1006.7,4937.94,0.84,3.676,3100.0,0.017,PM2.5-1HR
956,NOR_NO0093A,2025-06-29,4.43,17.31,44.59,0,4.65,263.02,1006.71,3881.7,0.84,3.676,3100.0,0.0,PM2.5-1HR
956,NOR_NO0095A,2025-06-29,3.22,17.17,44.9,0,4.66,263.23,1006.69,3578.09,0.89,3.746,3100.0,0.011,PM2.5-1HR
956,NOR_NO0114A,2025-06-29,1.21,17.14,45.11,0,4.61,264.03,1006.76,2835.19,0.84,3.676,3100.0,0.018,PM2.5-1HR
956,NOR_NO0122A,2025-06-29,1.59,17.36,44.03,0,4.74,262.04,1006.62,3172.81,0.96,3.844,3100.0,0.01,PM2.5-1HR
956,NOR_NO0129A,2025-06-29,1.72,17.42,43.54,0,4.81,261.48,1006.58,5243.09,0.89,3.746,3100.0,0.013,PM2.5-1HR
956,NOR_NO0140A,2025-06-29,2.16,17.34,44.49,0,4.67,262.73,1006.69,3929.05,0.84,3.676,3100.0,0.209,PM2.5-1HR
956,NOR_NO0143A,2025-06-29,1.67,17.35,44.38,0,4.69,262.52,1006.67,19250.64,0.91,3.774,3100.0,0.013,PM2.5-1HR
956,NOR_NO0149A,2025-06-29,2.71,17.39,44.09,0,4.72,262.22,1006.65,2020.38,0.91,3.774,3100.0,0.292,PM2.5-1HR
956,NOR_NO0150A,2025-06-29,2.09,17.32,44.29,0,4.72,262.29,1006.63,4950.29,0.91,3.774,3100.0,0.006,PM2.5-1HR
956,NOR_NO0153A,2025-06-29,0.76,17.22,44.95,0,4.6,264.07,1006.79,1497.53,0.84,3.676,3100.0,0.011,PM2.5-1HR
956,NOR_NO0011A,2025-07-01,9.03,17.56,68.13,0.02,3.31,182.16,1015.35,11187.25,5.84,10.676,3100.0,0.041,PM2.5-1HR
956,NOR_NO0057A,2025-07-01,9.25,17.63,67.1,0.02,3.44,185.84,1015.4,727.91,6.42,11.488,3100.0,0.047,PM2.5-1HR
956,NOR_NO0071A,2025-07-01,10.8,17.7,67.27,0.02,3.45,184.17,1015.41,5794.7,6.11,11.054,3100.0,0.019,PM2.5-1HR
956,NOR_NO0072A,2025-07-01,13.95,17.58,68.23,0.02,3.28,181.24,1015.33,4189.22,5.84,10.676,3100.0,0.082,PM2.5-1HR
956,NOR_NO0073A,2025-07-01,9.65,17.62,67.81,0.02,3.37,182.95,1015.37,19813.27,5.94,10.816,3100.0,0.25,PM2.5-1HR
956,NOR_NO0083A,2025-07-01,12.12,17.58,68.19,0.02,3.29,181.36,1015.34,4937.94,5.84,10.676,3100.0,0.017,PM2.5-1HR
956,NOR_NO0093A,2025-07-01,11.76,17.61,68.11,0.02,3.31,181.37,1015.35,3881.7,5.84,10.676,3100.0,0.0,PM2.5-1HR
956,NOR_NO0095A,2025-07-01,10.09,17.52,68.4,0.02,3.24,181.04,1015.31,3578.09,5.79,10.606,3100.0,0.011,PM2.5-1HR
956,NOR_NO0114A,2025-07-01,11.43,17.49,68.75,0.02,3.14,179.11,1015.27,2835.19,5.73,10.522,3100.0,0.018,PM2.5-1HR
956,NOR_NO0122A,2025-07-01,11.8,17.64,67.08,0.02,3.44,185.83,1015.4,3172.81,6.42,11.488,3100.0,0.01,PM2.5-1HR
956,NOR_NO0129A,2025-07-01,13.05,17.67,66.19,0.02,3.54,189.11,1015.44,5243.09,6.31,11.334,3100.0,0.013,PM2.5-1HR
956,NOR_NO0140A,2025-07-01,14.52,17.63,67.97,0.02,3.36,181.99,1015.36,3929.05,5.84,10.676,3100.0,0.209,PM2.5-1HR
956,NOR_NO0143A,2025-07-01,13.31,17.64,67.77,0.02,3.38,182.84,1015.38,19250.64,5.94,10.816,3100.0,0.013,PM2.5-1HR
956,NOR_NO0149A,2025-07-01,9.56,17.66,67.26,0.02,3.43,184.82,1015.4,2020.38,6.11,11.054,3100.0,0.292,PM2.5-1HR
956,NOR_NO0150A,2025-07-01,13.77,17.62,67.52,0.02,3.4,184.28,1015.38,4950.29,6.11,11.054,3100.0,0.006,PM2.5-1HR
956,NOR_NO0153A,2025-07-01,6.71,17.55,68.64,0.02,3.17,179.05,1015.28,1497.53,5.73,10.522,3100.0,0.011,PM2.5-1HR
956,NOR_NO0011A,2025-07-02,7.63,17.38,85.72,0.38,1.5,121.58,1012.03,11187.25,2.43,5.902,3100.0,0.041,PM2.5-1HR
956,NOR_NO0057A,2025-07-02,8.02,17.38,85.6,0.4,1.5,126.34,1012.07,727.91,2.56,6.084,3100.0,0.047,PM2.5-1HR
956,NOR_NO0071A,2025-07-02,8.09,17.56,84.7,0.38,1.5,128.75,1012.05,5794.7,2.45,5.93,3100.0,0.019,PM2.5-1HR
956,NOR_NO0072A,2025-07-02,8.42,17.46,85.25,0.36,1.49,122.41,1012.01,4189.22,2.43,5.902,3100.0,0.082,PM2.5-1HR
956,NOR_NO0073A,2025-07-02,8.08,17.44,85.44,0.38,1.5,123.98,1012.04,19813.27,2.37,5.818,3100.0,0.25,PM2.5-1HR
956,NOR_NO0083A,2025-07-02,7.74,17.47,85.25,0.37,1.49,122.62,1012.01,4937.94,2.43,5.902,3100.0,0.017,PM2.5-1HR
956,NOR_NO0093A,2025-07-02,8.03,17.51,85.04,0.37,1.49,123.73,1012.01,3881.7,2.43,5.902,3100.0,0.0,PM2.5-1HR
956,NOR_NO0095A,2025-07-02,7.63,17.39,85.56,0.37,1.48,120.43,1012.01,3578.09,2.38,5.832,3100.0,0.011,PM2.5-1HR
956,NOR_NO0114A,2025-07-02,7.87,17.47,85.05,0.35,1.46,120.03,1011.97,2835.19,2.54,6.056,3100.0,0.018,PM2.5-1HR
956,NOR_NO0122A,2025-07-02,9.23,17.4,85.51,0.4,1.5,126.8,1012.07,3172.81,2.56,6.084,3100.0,0.01,PM2.5-1HR
956,NOR_NO0129A,2025-07-02,10.29,17.35,85.6,0.43,1.54,135.54,1012.11,5243.09,2.59,6.126,3100.0,0.013,PM2.5-1HR
956,NOR_NO0140A,2025-07-02,9.5,17.5,85.16,0.37,1.5,124.15,1012.03,3929.05,2.43,5.902,3100.0,0.209,PM2.5-1HR
956,NOR_NO0143A,2025-07-02,8.31,17.48,85.26,0.38,1.5,124.73,1012.04,19250.64,2.37,5.818,3100.0,0.013,PM2.5-1HR
956,NOR_NO0149A,2025-07-02,8.85,17.46,85.21,0.39,1.5,127.05,1012.06,2020.38,2.45,5.93,3100.0,0.292,PM2.5-1HR
956,NOR_NO0150A,2025-07-02,9.86,17.4,85.6,0.39,1.5,124.65,1012.06,4950.29,2.45,5.93,3100.0,0.006,PM2.5-1HR
956,NOR_NO0153A,2025-07-02,5.16,17.57,84.67,0.34,1.46,122.11,1011.96,1497.53,2.54,6.056,3100.0,0.011,PM2.5-1HR
956,NOR_NO0011A,2025-07-03,2.63,14.99,78.17,0.65,2.46,293.19,1010.64,11187.25,0.94,3.816,3100.0,0.041,PM2.5-1HR
956,NOR_NO0057A,2025-07-03,3.28,14.91,78.5,0.63,2.48,294.21,1010.61,727.91,1.05,3.97,3100.0,0.047,PM2.5-1HR
956,NOR_NO0071A,2025-07-03,4.4,15.11,77.87,0.58,2.47,289.65,1010.61,5794.7,1,3.9,3100.0,0.019,PM2.5-1HR
956,NOR_NO0072A,2025-07-03,2.63,15.08,77.85,0.63,2.41,291.65,1010.64,4189.22,0.94,3.816,3100.0,0.082,PM2.5-1HR
956,NOR_NO0073A,2025-07-03,3.13,15.03,78.08,0.62,2.48,287.93,1010.63,19813.27,0.98,3.872,3100.0,0.25,PM2.5-1HR
956,NOR_NO0083A,2025-07-03,2.99,15.08,77.86,0.63,2.42,290.63,1010.64,4937.94,0.94,3.816,3100.0,0.017,PM2.5-1HR
956,NOR_NO0093A,2025-07-03,5.09,15.12,77.73,0.61,2.42,286.34,1010.64,3881.7,0.94,3.816,3100.0,0.0,PM2.5-1HR
956,NOR_NO0095A,2025-07-03,2.97,15.01,78.04,0.66,2.41,299.5,1010.65,3578.09,0.98,3.872,3100.0,0.011,PM2.5-1HR
956,NOR_NO0114A,2025-07-03,2.39,15.1,77.65,0.65,2.32,303.03,1010.66,2835.19,0.81,3.634,3100.0,0.018,PM2.5-1HR
956,NOR_NO0122A,2025-07-03,3.64,14.93,78.46,0.62,2.48,293.87,1010.61,3172.81,1.05,3.97,3100.0,0.01,PM2.5-1HR
956,NOR_NO0129A,2025-07-03,3.38,14.81,78.92,0.62,2.5,294.41,1010.58,5243.09,1.25,4.25,3100.0,0.013,PM2.5-1HR
956,NOR_NO0140A,2025-07-03,2.98,15.1,77.83,0.61,2.46,284.92,1010.64,3929.05,0.94,3.816,3100.0,0.209,PM2.5-1HR
956,NOR_NO0143A,2025-07-03,2.47,15.07,77.97,0.61,2.47,286.55,1010.63,19250.64,0.98,3.872,3100.0,0.013,PM2.5-1HR
956,NOR_NO0149A,2025-07-03,2.63,15.01,78.2,0.61,2.47,291.85,1010.61,2020.38,1,3.9,3100.0,0.292,PM2.5-1HR
956,NOR_NO0150A,2025-07-03,5.92,14.96,78.31,0.63,2.48,291.75,1010.62,4950.29,1,3.9,3100.0,0.006,PM2.5-1HR
956,NOR_NO0153A,2025-07-03,1.92,15.19,77.36,0.62,2.31,295.68,1010.66,1497.53,0.81,3.634,3100.0,0.011,PM2.5-1HR
956,NOR_NO0011A,2025-07-04,3.42,14.18,71.34,0.04,2.38,226.83,1014.67,11187.25,1.27,4.278,3100.0,0.041,PM2.5-1HR
956,NOR_NO0057A,2025-07-04,2.98,14.29,71.16,0.04,2.42,227.24,1014.71,727.91,1.45,4.53,3100.0,0.047,PM2.5-1HR
956,NOR_NO0071A,2025-07-04,3.85,14.44,70.29,0.03,2.44,228.1,1014.71,5794.7,1.37,4.418,3100.0,0.019,PM2.5-1HR
956,NOR_NO0072A,2025-07-04,2.62,14.23,70.87,0.04,2.37,226.74,1014.67,4189.22,1.27,4.278,3100.0,0.082,PM2.5-1HR
956,NOR_NO0073A,2025-07-04,3.49,14.28,71.03,0.04,2.41,227.3,1014.69,19813.27,1.32,4.348,3100.0,0.25,PM2.5-1HR
956,NOR_NO0083A,2025-07-04,2.49,14.24,70.86,0.04,2.38,226.8,1014.67,4937.94,1.27,4.278,3100.0,0.017,PM2.5-1HR
956,NOR_NO0093A,2025-07-04,3.98,14.29,70.63,0.04,2.39,226.96,1014.68,3881.7,1.27,4.278,3100.0,0.0,PM2.5-1HR
956,NOR_NO0095A,2025-07-04,3.6,14.13,71.23,0.04,2.35,226.42,1014.66,3578.09,1.27,4.278,3100.0,0.011,PM2.5-1HR
956,NOR_NO0114A,2025-07-04,1.95,14.12,70.72,0.04,2.32,225.91,1014.65,2835.19,1.26,4.264,3100.0,0.018,PM2.5-1HR
956,NOR_NO0122A,2025-07-04,3.75,14.3,71.08,0.04,2.42,227.32,1014.71,3172.81,1.45,4.53,3100.0,0.01,PM2.5-1HR
956,NOR_NO0129A,2025-07-04,3.56,14.34,71.13,0.04,2.45,224.8,1014.75,5243.09,1.56,4.684,3100.0,0.013,PM2.5-1HR
956,NOR_NO0140A,2025-07-04,3.97,14.31,70.74,0.04,2.4,227.15,1014.68,3929.05,1.27,4.278,3100.0,0.209,PM2.5-1HR
956,NOR_NO0143A,2025-07-04,3.04,14.31,70.84,0.04,2.41,227.39,1014.69,19250.64,1.32,4.348,3100.0,0.013,PM2.5-1HR
956,NOR_NO0149A,2025-07-04,3.24,14.35,70.79,0.04,2.43,227.74,1014.71,2020.38,1.37,4.418,3100.0,0.292,PM2.5-1HR
956,NOR_NO0150A,2025-07-04,3.93,14.26,71.18,0.04,2.41,227.44,1014.7,4950.29,1.37,4.418,3100.0,0.006,PM2.5-1HR
956,NOR_NO0153A,2025-07-04,1.9,14.22,70.25,0.04,2.33,226.19,1014.66,1497.53,1.26,4.264,3100.0,0.011,PM2.5-1HR
956,NOR_NO0011A,2025-07-05,2.65,13.94,93.74,0.44,2.33,148.9,1002.52,11187.25,1.25,4.25,3100.0,0.041,PM2.5-1HR
956,NOR_NO0057A,2025-07-05,2.54,13.91,93.58,0.47,2.44,152.44,1002.59,727.91,1.47,4.558,3100.0,0.047,PM2.5-1HR
956,NOR_NO0071A,2025-07-05,4.39,14.05,93.37,0.46,2.46,152.33,1002.57,5794.7,1.41,4.474,3100.0,0.019,PM2.5-1HR
956,NOR_NO0072A,2025-07-05,3.6,14,93.54,0.45,2.3,148.38,1002.49,4189.22,1.25,4.25,3100.0,0.082,PM2.5-1HR
956,NOR_NO0073A,2025-07-05,3.58,13.98,93.65,0.45,2.39,150.13,1002.54,19813.27,1.32,4.348,3100.0,0.25,PM2.5-1HR
956,NOR_NO0083A,2025-07-05,3.7,14,93.55,0.45,2.31,148.54,1002.49,4937.94,1.25,4.25,3100.0,0.017,PM2.5-1HR
956,NOR_NO0093A,2025-07-05,4.91,14.04,93.48,0.45,2.33,148.89,1002.5,3881.7,1.25,4.25,3100.0,0.0,PM2.5-1HR
956,NOR_NO0095A,2025-07-05,2.58,13.94,93.64,0.45,2.25,147.62,1002.48,3578.09,1.3,4.32,3100.0,0.011,PM2.5-1HR
956,NOR_NO0114A,2025-07-05,3.66,14,93.37,0.46,2.15,145.86,1002.42,2835.19,1.15,4.11,3100.0,0.018,PM2.5-1HR
956,NOR_NO0122A,2025-07-05,4.26,13.92,93.55,0.47,2.45,152.59,1002.59,3172.81,1.47,4.558,3100.0,0.01,PM2.5-1HR
956,NOR_NO0129A,2025-07-05,4.86,13.86,93.43,0.5,2.53,155.28,1002.66,5243.09,1.73,4.922,3100.0,0.013,PM2.5-1HR
956,NOR_NO0140A,2025-07-05,4.55,14.03,93.56,0.44,2.37,149.52,1002.52,3929.05,1.25,4.25,3100.0,0.209,PM2.5-1HR
956,NOR_NO0143A,2025-07-05,4.11,14.01,93.59,0.45,2.39,150.28,1002.54,19250.64,1.32,4.348,3100.0,0.013,PM2.5-1HR
956,NOR_NO0149A,2025-07-05,2.89,13.98,93.5,0.46,2.44,152.16,1002.58,2020.38,1.41,4.474,3100.0,0.292,PM2.5-1HR
956,NOR_NO0150A,2025-07-05,5.14,13.93,93.65,0.45,2.41,151.09,1002.56,4950.29,1.41,4.474,3100.0,0.006,PM2.5-1HR
956,NOR_NO0153A,2025-07-05,2.46,14.07,93.22,0.46,2.18,146.44,1002.42,1497.53,1.15,4.11,3100.0,0.011,PM2.5-1HR
956,NOR_NO0011A,2025-07-06,3.69,16.59,85.93,0.28,1.9,199.85,997.48,11187.25,0.92,3.788,3100.0,0.041,PM2.5-1HR
956,NOR_NO0057A,2025-07-06,2.49,16.54,86.43,0.32,2.07,200.51,997.51,727.91,0.95,3.83,3100.0,0.047,PM2.5-1HR
956,NOR_NO0071A,2025-07-06,4.63,16.64,86.05,0.3,2.1,199.89,997.51,5794.7,0.94,3.816,3100.0,0.019,PM2.5-1HR
956,NOR_NO0072A,2025-07-06,4.34,16.62,85.68,0.26,1.89,199.76,997.48,4189.22,0.92,3.788,3100.0,0.082,PM2.5-1HR
956,NOR_NO0073A,2025-07-06,4.68,16.61,86.04,0.29,1.98,199.72,997.49,19813.27,0.95,3.83,3100.0,0.25,PM2.5-1HR
956,NOR_NO0083A,2025-07-06,4.77,16.62,85.71,0.26,1.9,199.73,997.48,4937.94,0.92,3.788,3100.0,0.017,PM2.5-1HR
956,NOR_NO0093A,2025-07-06,4.91,16.64,85.7,0.27,1.92,199.56,997.49,3881.7,0.92,3.788,3100.0,0.0,PM2.5-1HR
956,NOR_NO0095A,2025-07-06,3.75,16.58,85.65,0.26,1.83,200.07,997.48,3578.09,0.97,3.858,3100.0,0.011,PM2.5-1HR
956,NOR_NO0114A,2025-07-06,5.23,16.6,85.19,0.23,1.75,200.3,997.47,2835.19,0.81,3.634,3100.0,0.018,PM2.5-1HR
956,NOR_NO0122A,2025-07-06,4.25,16.54,86.41,0.32,2.08,200.5,997.51,3172.81,0.95,3.83,3100.0,0.01,PM2.5-1HR
956,NOR_NO0129A,2025-07-06,4.41,16.47,86.88,0.35,2.2,201.48,997.53,5243.09,1.13,4.082,3100.0,0.013,PM2.5-1HR
956,NOR_NO0140A,2025-07-06,5.35,16.64,85.86,0.28,1.96,199.48,997.49,3929.05,0.92,3.788,3100.0,0.209,PM2.5-1HR
956,NOR_NO0143A,2025-07-06,4.79,16.63,86,0.29,2,199.63,997.49,19250.64,0.95,3.83,3100.0,0.013,PM2.5-1HR
956,NOR_NO0149A,2025-07-06,4.24,16.59,86.22,0.31,2.07,200.17,997.51,2020.38,0.94,3.816,3100.0,0.292,PM2.5-1HR
956,NOR_NO0150A,2025-07-06,3.87,16.57,86.23,0.3,2.01,200.1,997.5,4950.29,0.94,3.816,3100.0,0.006,PM2.5-1HR
956,NOR_NO0153A,2025-07-06,2.74,16.64,85.14,0.23,1.79,199.98,997.47,1497.53,0.81,3.634,3100.0,0.011,PM2.5-1HR
956,NOR_NO0011A,2025-07-07,2.33,14.92,91.34,0.32,2.4,58.33,1000.67,11187.25,1.22,4.208,3100.0,0.041,PM2.5-1HR
956,NOR_NO0057A,2025-07-07,2.35,14.88,91.03,0.33,2.43,60.28,1000.67,727.91,1.31,4.334,3100.0,0.047,PM2.5-1HR
956,NOR_NO0071A,2025-07-07,4.52,15.01,90.95,0.34,2.42,60.33,1000.63,5794.7,1.27,4.278,3100.0,0.019,PM2.5-1HR
956,NOR_NO0072A,2025-07-07,2.82,14.97,91.29,0.34,2.38,57.84,1000.65,4189.22,1.22,4.208,3100.0,0.082,PM2.5-1HR
956,NOR_NO0073A,2025-07-07,3.44,14.95,91.23,0.32,2.41,59.11,1000.66,19813.27,1.27,4.278,3100.0,0.25,PM2.5-1HR
956,NOR_NO0083A,2025-07-07,3.23,14.97,91.28,0.33,2.38,57.96,1000.65,4937.94,1.22,4.208,3100.0,0.017,PM2.5-1HR
956,NOR_NO0093A,2025-07-07,5.15,15,91.24,0.34,2.38,58.18,1000.64,3881.7,1.22,4.208,3100.0,0.0,PM2.5-1HR
956,NOR_NO0095A,2025-07-07,2.61,14.92,91.36,0.33,2.37,57.37,1000.67,3578.09,1.27,4.278,3100.0,0.011,PM2.5-1HR
956,NOR_NO0114A,2025-07-07,2.73,14.97,91.36,0.37,2.32,55.9,1000.66,2835.19,1.23,4.222,3100.0,0.018,PM2.5-1HR
956,NOR_NO0122A,2025-07-07,3.38,14.89,91.01,0.33,2.43,60.37,1000.66,3172.81,1.31,4.334,3100.0,0.01,PM2.5-1HR
956,NOR_NO0129A,2025-07-07,3.51,14.83,90.76,0.34,2.45,61.85,1000.67,5243.09,1.36,4.404,3100.0,0.013,PM2.5-1HR
956,NOR_NO0140A,2025-07-07,3.52,15,91.23,0.33,2.4,58.73,1000.64,3929.05,1.22,4.208,3100.0,0.209,PM2.5-1HR
956,NOR_NO0143A,2025-07-07,2.99,14.98,91.19,0.32,2.41,59.2,1000.65,19250.64,1.27,4.278,3100.0,0.013,PM2.5-1HR
956,NOR_NO0149A,2025-07-07,2.98,14.94,91.02,0.33,2.42,60.17,1000.65,2020.38,1.27,4.278,3100.0,0.292,PM2.5-1HR
956,NOR_NO0150A,2025-07-07,4.84,14.91,91.16,0.32,2.42,59.58,1000.67,4950.29,1.27,4.278,3100.0,0.006,PM2.5-1HR
956,NOR_NO0153A,2025-07-07,1.9,15.03,91.29,0.38,2.32,56.11,1000.63,1497.53,1.23,4.222,3100.0,0.011,PM2.5-1HR
956,NOR_NO0011A,2025-07-08,3.66,17.3,65.61,0.01,2.03,358.75,1007.09,11187.25,1.71,4.894,3100.0,0.041,PM2.5-1HR
956,NOR_NO0057A,2025-07-08,4.22,17.25,65.72,0,2.09,1.11,1007.05,727.91,1.96,5.244,3100.0,0.047,PM2.5-1HR
956,NOR_NO0071A,2025-07-08,5.75,17.32,66.1,0.01,2.08,359.26,1007.04,5794.7,1.82,5.048,3100.0,0.019,PM2.5-1HR
956,NOR_NO0072A,2025-07-08,3.73,17.32,65.85,0.01,2.01,357.43,1007.09,4189.22,1.71,4.894,3100.0,0.082,PM2.5-1HR
956,NOR_NO0073A,2025-07-08,4.17,17.32,65.73,0.01,2.06,359.02,1007.07,19813.27,1.74,4.936,3100.0,0.25,PM2.5-1HR
956,NOR_NO0083A,2025-07-08,2.88,17.32,65.85,0.01,2.01,357.53,1007.09,4937.94,1.71,4.894,3100.0,0.017,PM2.5-1HR
956,NOR_NO0093A,2025-07-08,5.8,17.34,65.94,0.01,2.02,357.3,1007.08,3881.7,1.71,4.894,3100.0,0.0,PM2.5-1HR
956,NOR_NO0095A,2025-07-08,3.88,17.29,65.71,0.01,1.99,357.62,1007.11,3578.09,1.72,4.908,3100.0,0.011,PM2.5-1HR
956,NOR_NO0114A,2025-07-08,2.79,17.29,66.02,0.01,1.94,355.15,1007.13,2835.19,1.61,4.754,3100.0,0.018,PM2.5-1HR
956,NOR_NO0122A,2025-07-08,4.77,17.25,65.76,0,2.09,1.04,1007.04,3172.81,1.96,5.244,3100.0,0.01,PM2.5-1HR
956,NOR_NO0129A,2025-07-08,4.28,17.17,65.81,0,2.13,3.21,1007.01,5243.09,2.19,5.566,3100.0,0.013,PM2.5-1HR
956,NOR_NO0140A,2025-07-08,3.57,17.34,65.86,0.01,2.04,357.97,1007.07,3929.05,1.71,4.894,3100.0,0.209,PM2.5-1HR
956,NOR_NO0143A,2025-07-08,2.99,17.33,65.81,0.01,2.06,358.74,1007.06,19250.64,1.74,4.936,3100.0,0.013,PM2.5-1HR
956,NOR_NO0149A,2025-07-08,3.67,17.28,65.88,0.01,2.08,0.13,1007.05,2020.38,1.82,5.048,3100.0,0.292,PM2.5-1HR
956,NOR_NO0150A,2025-07-08,6.7,17.28,65.69,0.01,2.07,0.08,1007.06,4950.29,1.82,5.048,3100.0,0.006,PM2.5-1HR
956,NOR_NO0153A,2025-07-08,2.96,17.32,66.23,0.01,1.95,354.6,1007.12,1497.53,1.61,4.754,3100.0,0.011,PM2.5-1HR
956,NOR_NO0011A,2025-07-09,5.72,17.42,68.9,0.01,2.42,187.07,1013.19,11187.25,3.5,7.4,3100.0,0.041,PM2.5-1HR
956,NOR_NO0057A,2025-07-09,5.16,17.33,68.5,0.01,2.49,190.53,1013.22,727.91,3.69,7.666,3100.0,0.047,PM2.5-1HR
956,NOR_NO0071A,2025-07-09,6.68,17.43,68.66,0.01,2.49,189.37,1013.23,5794.7,3.52,7.428,3100.0,0.019,PM2.5-1HR
956,NOR_NO0072A,2025-07-09,7.18,17.47,69.05,0.01,2.39,186.6,1013.18,4189.22,3.5,7.4,3100.0,0.082,PM2.5-1HR
956,NOR_NO0073A,2025-07-09,6.33,17.42,68.8,0.01,2.46,187.9,1013.21,19813.27,3.49,7.386,3100.0,0.25,PM2.5-1HR
956,NOR_NO0083A,2025-07-09,5.56,17.47,69.03,0.01,2.4,186.69,1013.18,4937.94,3.5,7.4,3100.0,0.017,PM2.5-1HR
956,NOR_NO0093A,2025-07-09,7.35,17.48,69.03,0.01,2.41,186.8,1013.19,3881.7,3.5,7.4,3100.0,0.0,PM2.5-1HR
956,NOR_NO0095A,2025-07-09,5.98,17.45,69.07,0.01,2.36,186.28,1013.17,3578.09,3.6,7.54,3100.0,0.011,PM2.5-1HR
956,NOR_NO0114A,2025-07-09,6.29,17.52,69.39,0.01,2.27,185.1,1013.14,2835.19,3.79,7.806,3100.0,0.018,PM2.5-1HR
956,NOR_NO0122A,2025-07-09,6.46,17.34,68.49,0.01,2.49,190.56,1013.22,3172.81,3.69,7.666,3100.0,0.01,PM2.5-1HR
956,NOR_NO0129A,2025-07-09,5.76,17.24,68.14,0.02,2.53,193.65,1013.24,5243.09,3.41,7.274,3100.0,0.013,PM2.5-1HR
956,NOR_NO0140A,2025-07-09,6.71,17.46,68.93,0.01,2.44,187.21,1013.2,3929.05,3.5,7.4,3100.0,0.209,PM2.5-1HR
956,NOR_NO0143A,2025-07-09,5.79,17.44,68.82,0.01,2.46,187.9,1013.21,19250.64,3.49,7.386,3100.0,0.013,PM2.5-1HR
956,NOR_NO0149A,2025-07-09,5.69,17.38,68.6,0.01,2.48,189.75,1013.22,2020.38,3.52,7.428,3100.0,0.292,PM2.5-1HR
956,NOR_NO0150A,2025-07-09,6.88,17.37,68.66,0.01,2.47,189.06,1013.21,4950.29,3.52,7.428,3100.0,0.006,PM2.5-1HR
956,NOR_NO0153A,2025-07-09,4.14,17.55,69.43,0.01,2.28,185.3,1013.15,1497.53,3.79,7.806,3100.0,0.011,PM2.5-1HR
956,NOR_NO0011A,2025-07-10,5.28,18.19,68.3,0,1.5,182.26,1017.99,11187.25,2.01,5.314,3100.0,0.041,PM2.5-1HR
956,NOR_NO0057A,2025-07-10,5.92,18.14,67.52,0,1.51,189.04,1017.98,727.91,2.14,5.496,3100.0,0.047,PM2.5-1HR
956,NOR_NO0071A,2025-07-10,6.69,18.22,67.57,0,1.5,187.28,1017.98,5794.7,2.13,5.482,3100.0,0.019,PM2.5-1HR
956,NOR_NO0072A,2025-07-10,7.38,18.22,68.5,0,1.48,180.84,1017.98,4189.22,2.01,5.314,3100.0,0.082,PM2.5-1HR
956,NOR_NO0073A,2025-07-10,7.05,18.2,67.98,0,1.51,184.31,1017.99,19813.27,2.08,5.412,3100.0,0.25,PM2.5-1HR
956,NOR_NO0083A,2025-07-10,6.38,18.22,68.45,0,1.48,181.14,1017.98,4937.94,2.01,5.314,3100.0,0.017,PM2.5-1HR
956,NOR_NO0093A,2025-07-10,7.45,18.24,68.36,0,1.48,181.57,1017.98,3881.7,2.01,5.314,3100.0,0.0,PM2.5-1HR
956,NOR_NO0095A,2025-07-10,5.9,18.19,68.71,0,1.48,179.79,1017.98,3578.09,2.02,5.328,3100.0,0.011,PM2.5-1HR
956,NOR_NO0114A,2025-07-10,6.91,18.21,69.29,0,1.44,176.04,1017.97,2835.19,2.27,5.678,3100.0,0.018,PM2.5-1HR
956,NOR_NO0122A,2025-07-10,7.52,18.14,67.5,0,1.51,189.13,1017.98,3172.81,2.14,5.496,3100.0,0.01,PM2.5-1HR
956,NOR_NO0129A,2025-07-10,7.67,18.07,66.93,0,1.53,194.6,1017.98,5243.09,1.89,5.146,3100.0,0.013,PM2.5-1HR
956,NOR_NO0140A,2025-07-10,8.37,18.23,68.13,0,1.5,182.91,1017.99,3929.05,2.01,5.314,3100.0,0.209,PM2.5-1HR
956,NOR_NO0143A,2025-07-10,7.21,18.22,67.94,0,1.51,184.38,1017.99,19250.64,2.08,5.412,3100.0,0.013,PM2.5-1HR
956,NOR_NO0149A,2025-07-10,5.24,18.18,67.59,0,1.51,187.76,1017.98,2020.38,2.13,5.482,3100.0,0.292,PM2.5-1HR
956,NOR_NO0150A,2025-07-10,7.69,18.17,67.79,0,1.51,186.37,1017.99,4950.29,2.13,5.482,3100.0,0.006,PM2.5-1HR
956,NOR_NO0153A,2025-07-10,4.23,18.24,69.17,0,1.44,176.5,1017.97,1497.53,2.27,5.678,3100.0,0.011,PM2.5-1HR
956,NOR_NO0011A,2025-07-11,6.16,21.12,56.8,0,1.54,26.47,1018.6,11187.25,3.08,6.812,3100.0,0.041,PM2.5-1HR
956,NOR_NO0057A,2025-07-11,5.84,21.05,56.46,0,1.66,29.67,1018.59,727.91,3.34,7.176,3100.0,0.047,PM2.5-1HR
956,NOR_NO0071A,2025-07-11,7.32,21.14,56.72,0,1.63,28.03,1018.56,5794.7,3.27,7.078,3100.0,0.019,PM2.5-1HR
956,NOR_NO0072A,2025-07-11,6.83,21.11,57.25,0,1.51,25.17,1018.6,4189.22,3.08,6.812,3100.0,0.082,PM2.5-1HR
956,NOR_NO0073A,2025-07-11,5.55,21.15,56.66,0,1.58,27.22,1018.59,19813.27,3.19,6.966,3100.0,0.25,PM2.5-1HR
956,NOR_NO0083A,2025-07-11,4.33,21.12,57.19,0,1.52,25.34,1018.6,4937.94,3.08,6.812,3100.0,0.017,PM2.5-1HR
956,NOR_NO0093A,2025-07-11,8,21.14,57.2,0,1.53,25.39,1018.58,3881.7,3.08,6.812,3100.0,0.0,PM2.5-1HR
956,NOR_NO0095A,2025-07-11,6.59,21.06,57.31,0,1.49,24.88,1018.62,3578.09,3.12,6.868,3100.0,0.011,PM2.5-1HR
956,NOR_NO0114A,2025-07-11,4.59,21.01,58.19,0,1.42,22.41,1018.62,2835.19,3.13,6.882,3100.0,0.018,PM2.5-1HR
956,NOR_NO0122A,2025-07-11,7.43,21.06,56.47,0,1.66,29.66,1018.58,3172.81,3.34,7.176,3100.0,0.01,PM2.5-1HR
956,NOR_NO0129A,2025-07-11,7.04,20.95,56.27,0,1.76,33.02,1018.58,5243.09,3.54,7.456,3100.0,0.013,PM2.5-1HR
956,NOR_NO0140A,2025-07-11,6.44,21.17,56.9,0,1.56,26.35,1018.58,3929.05,3.08,6.812,3100.0,0.209,PM2.5-1HR
956,NOR_NO0143A,2025-07-11,5.76,21.16,56.72,0,1.58,27.1,1018.58,19250.64,3.19,6.966,3100.0,0.013,PM2.5-1HR
956,NOR_NO0149A,2025-07-11,7.17,21.1,56.58,0,1.64,28.67,1018.58,2020.38,3.27,7.078,3100.0,0.292,PM2.5-1HR
956,NOR_NO0150A,2025-07-11,8.09,21.1,56.55,0,1.61,28.25,1018.59,4950.29,3.27,7.078,3100.0,0.006,PM2.5-1HR
956,NOR_NO0153A,2025-07-11,3.35,21.04,58.28,0,1.43,22.07,1018.61,1497.53,3.13,6.882,3100.0,0.011,PM2.5-1HR
956,NOR_NO0011A,2025-07-12,5.88,22.03,46.77,0,3.46,35.02,1018.99,11187.25,3.48,7.372,3100.0,0.041,PM2.5-1HR
956,NOR_NO0057A,2025-07-12,7.46,22.02,45.76,0,3.58,36.51,1018.96,727.91,3.81,7.834,3100.0,0.047,PM2.5-1HR
956,NOR_NO0071A,2025-07-12,7.54,22.11,46.03,0,3.56,35.86,1018.9,5794.7,3.65,7.61,3100.0,0.019,PM2.5-1HR
956,NOR_NO0072A,2025-07-12,8.04,22.04,47.22,0,3.41,34.32,1018.97,4189.22,3.48,7.372,3100.0,0.082,PM2.5-1HR
956,NOR_NO0073A,2025-07-12,7.03,22.07,46.37,0,3.51,35.42,1018.96,19813.27,3.65,7.61,3100.0,0.25,PM2.5-1HR
956,NOR_NO0083A,2025-07-12,5.25,22.05,47.13,0,3.42,34.42,1018.96,4937.94,3.48,7.372,3100.0,0.017,PM2.5-1HR
956,NOR_NO0093A,2025-07-12,7.84,22.08,47.04,0,3.43,34.42,1018.94,3881.7,3.48,7.372,3100.0,0.0,PM2.5-1HR
956,NOR_NO0095A,2025-07-12,6.13,21.99,47.47,0,3.39,34.2,1019,3578.09,3.5,7.4,3100.0,0.011,PM2.5-1HR
956,NOR_NO0114A,2025-07-12,5.39,21.97,48.53,0,3.28,32.65,1018.98,2835.19,3.11,6.854,3100.0,0.018,PM2.5-1HR
956,NOR_NO0122A,2025-07-12,7.5,22.03,45.75,0,3.59,36.51,1018.95,3172.81,3.81,7.834,3100.0,0.01,PM2.5-1HR
956,NOR_NO0129A,2025-07-12,7.03,21.98,45.01,0,3.68,37.71,1018.95,5243.09,4.16,8.324,3100.0,0.013,PM2.5-1HR
956,NOR_NO0140A,2025-07-12,6.72,22.09,46.65,0,3.47,34.92,1018.95,3929.05,3.48,7.372,3100.0,0.209,PM2.5-1HR
956,NOR_NO0143A,2025-07-12,5.81,22.09,46.37,0,3.51,35.36,1018.95,19250.64,3.65,7.61,3100.0,0.013,PM2.5-1HR
956,NOR_NO0149A,2025-07-12,7.35,22.06,45.94,0,3.56,36.13,1018.94,2020.38,3.65,7.61,3100.0,0.292,PM2.5-1HR
956,NOR_NO0150A,2025-07-12,8.65,22.04,46.1,0,3.54,35.94,1018.97,4950.29,3.65,7.61,3100.0,0.006,PM2.5-1HR
956,NOR_NO0153A,2025-07-12,4.62,22.02,48.44,0,3.29,32.49,1018.95,1497.53,3.11,6.854,3100.0,0.011,PM2.5-1HR
956,NOR_NO0011A,2025-07-13,8.42,19.74,71.96,0.32,2.78,44.46,1019.35,11187.25,3.17,6.938,3100.0,0.041,PM2.5-1HR
956,NOR_NO0057A,2025-07-13,8.9,19.85,70.78,0.28,2.83,45.65,1019.33,727.91,3.37,7.218,3100.0,0.047,PM2.5-1HR
956,NOR_NO0071A,2025-07-13,8.3,19.89,71.22,0.28,2.77,45.3,1019.28,5794.7,3.27,7.078,3100.0,0.019,PM2.5-1HR
956,NOR_NO0072A,2025-07-13,9.54,19.75,72.15,0.32,2.73,44.09,1019.33,4189.22,3.17,6.938,3100.0,0.082,PM2.5-1HR
956,NOR_NO0073A,2025-07-13,7.83,19.79,71.71,0.3,2.79,44.76,1019.33,19813.27,3.14,6.896,3100.0,0.25,PM2.5-1HR
956,NOR_NO0083A,2025-07-13,6.61,19.75,72.12,0.32,2.73,44.15,1019.33,4937.94,3.17,6.938,3100.0,0.017,PM2.5-1HR
956,NOR_NO0093A,2025-07-13,9.09,19.78,72.11,0.32,2.73,44.16,1019.31,3881.7,3.17,6.938,3100.0,0.0,PM2.5-1HR
956,NOR_NO0095A,2025-07-13,7.19,19.71,72.2,0.33,2.73,44,1019.36,3578.09,3.05,6.77,3100.0,0.011,PM2.5-1HR
956,NOR_NO0114A,2025-07-13,6.77,19.69,72.6,0.34,2.64,43.18,1019.35,2835.19,3.06,6.784,3100.0,0.018,PM2.5-1HR
956,NOR_NO0122A,2025-07-13,7.4,19.86,70.77,0.28,2.83,45.67,1019.32,3172.81,3.37,7.218,3100.0,0.01,PM2.5-1HR
956,NOR_NO0129A,2025-07-13,8.43,19.94,69.66,0.24,2.88,46.71,1019.32,5243.09,3.54,7.456,3100.0,0.013,PM2.5-1HR
956,NOR_NO0140A,2025-07-13,7.82,19.79,71.96,0.31,2.76,44.44,1019.31,3929.05,3.17,6.938,3100.0,0.209,PM2.5-1HR
956,NOR_NO0143A,2025-07-13,7.01,19.81,71.72,0.3,2.78,44.75,1019.31,19250.64,3.14,6.896,3100.0,0.013,PM2.5-1HR
956,NOR_NO0149A,2025-07-13,8.17,19.86,71.07,0.28,2.8,45.42,1019.31,2020.38,3.27,7.078,3100.0,0.292,PM2.5-1HR
956,NOR_NO0150A,2025-07-13,8.73,19.81,71.3,0.29,2.81,45.16,1019.33,4950.29,3.27,7.078,3100.0,0.006,PM2.5-1HR
956,NOR_NO0153A,2025-07-13,5.08,19.73,72.63,0.34,2.61,43.12,1019.32,1497.53,3.06,6.784,3100.0,0.011,PM2.5-1HR
956,NOR_NO0011A,2025-07-14,11.29,19.44,89.3,0.73,1.57,55.54,1016.24,11187.25,8.66,14.624,3100.0,0.041,PM2.5-1HR
956,NOR_NO0057A,2025-07-14,12.37,19.45,89.01,0.68,1.67,59.29,1016.22,727.91,9.19,15.366,3100.0,0.047,PM2.5-1HR
956,NOR_NO0071A,2025-07-14,10.8,19.52,89.19,0.68,1.6,57.5,1016.19,5794.7,8.94,15.016,3100.0,0.019,PM2.5-1HR
956,NOR_NO0072A,2025-07-14,15.08,19.47,89.35,0.75,1.51,54.18,1016.23,4189.22,8.66,14.624,3100.0,0.082,PM2.5-1HR
956,NOR_NO0073A,2025-07-14,12.15,19.48,89.26,0.71,1.59,56.36,1016.22,19813.27,8.71,14.694,3100.0,0.25,PM2.5-1HR
956,NOR_NO0083A,2025-07-14,10.45,19.47,89.35,0.75,1.52,54.34,1016.23,4937.94,8.66,14.624,3100.0,0.017,PM2.5-1HR
956,NOR_NO0093A,2025-07-14,10.92,19.49,89.36,0.74,1.52,54.26,1016.22,3881.7,8.66,14.624,3100.0,0.0,PM2.5-1HR
956,NOR_NO0095A,2025-07-14,10.36,19.43,89.35,0.77,1.51,54.09,1016.25,3578.09,8.68,14.652,3100.0,0.011,PM2.5-1HR
956,NOR_NO0114A,2025-07-14,12.09,19.43,89.44,0.82,1.41,51.06,1016.25,2835.19,8.45,14.33,3100.0,0.018,PM2.5-1HR
956,NOR_NO0122A,2025-07-14,13.23,19.45,89.02,0.68,1.66,59.27,1016.22,3172.81,9.19,15.366,3100.0,0.01,PM2.5-1HR
956,NOR_NO0129A,2025-07-14,15.44,19.43,88.72,0.64,1.76,62.17,1016.21,5243.09,9.55,15.87,3100.0,0.013,PM2.5-1HR
956,NOR_NO0140A,2025-07-14,13.56,19.5,89.33,0.72,1.55,55.16,1016.22,3929.05,8.66,14.624,3100.0,0.209,PM2.5-1HR
956,NOR_NO0143A,2025-07-14,12.28,19.49,89.27,0.7,1.58,56.19,1016.21,19250.64,8.71,14.694,3100.0,0.013,PM2.5-1HR
956,NOR_NO0149A,2025-07-14,12.21,19.48,89.11,0.68,1.63,58.26,1016.21,2020.38,8.94,15.016,3100.0,0.292,PM2.5-1HR
956,NOR_NO0150A,2025-07-14,15.5,19.46,89.15,0.7,1.63,57.78,1016.22,4950.29,8.94,15.016,3100.0,0.006,PM2.5-1HR
956,NOR_NO0153A,2025-07-14,9.73,19.46,89.46,0.8,1.4,50.5,1016.24,1497.53,8.45,14.33,3100.0,0.011,PM2.5-1HR
956,NOR_NO0011A,2025-07-15,8.92,21.13,79.14,0.07,1.22,58.56,1013.3,11187.25,5.59,10.326,3100.0,0.041,PM2.5-1HR
956,NOR_NO0057A,2025-07-15,6.6,21.15,78.18,0.07,1.27,59.12,1013.3,727.91,6.04,10.956,3100.0,0.047,PM2.5-1HR
956,NOR_NO0071A,2025-07-15,7.09,21.23,78.49,0.07,1.26,57.07,1013.26,5794.7,5.86,10.704,3100.0,0.019,PM2.5-1HR
956,NOR_NO0072A,2025-07-15,11.05,21.14,79.3,0.07,1.2,57.73,1013.29,4189.22,5.59,10.326,3100.0,0.082,PM2.5-1HR
956,NOR_NO0073A,2025-07-15,10.2,21.17,78.89,0.06,1.24,58.05,1013.29,19813.27,5.78,10.592,3100.0,0.25,PM2.5-1HR
956,NOR_NO0083A,2025-07-15,7.8,21.14,79.27,0.07,1.2,57.69,1013.29,4937.94,5.59,10.326,3100.0,0.017,PM2.5-1HR
956,NOR_NO0093A,2025-07-15,6.83,21.17,79.24,0.07,1.21,57.17,1013.27,3881.7,5.59,10.326,3100.0,0.0,PM2.5-1HR
956,NOR_NO0095A,2025-07-15,7.31,21.09,79.4,0.07,1.19,58.54,1013.3,3578.09,5.82,10.648,3100.0,0.011,PM2.5-1HR
956,NOR_NO0114A,2025-07-15,8.17,21.06,79.81,0.08,1.15,58.99,1013.29,2835.19,5.46,10.144,3100.0,0.018,PM2.5-1HR
956,NOR_NO0122A,2025-07-15,10.25,21.16,78.17,0.07,1.28,58.98,1013.29,3172.81,6.04,10.956,3100.0,0.01,PM2.5-1HR
956,NOR_NO0129A,2025-07-15,11.57,21.15,77.3,0.07,1.33,60.17,1013.3,5243.09,5.69,10.466,3100.0,0.013,PM2.5-1HR
956,NOR_NO0140A,2025-07-15,10.31,21.18,79.09,0.07,1.22,57.35,1013.28,3929.05,5.59,10.326,3100.0,0.209,PM2.5-1HR
956,NOR_NO0143A,2025-07-15,9.07,21.19,78.89,0.07,1.24,57.68,1013.28,19250.64,5.78,10.592,3100.0,0.013,PM2.5-1HR
956,NOR_NO0149A,2025-07-15,8.77,21.19,78.39,0.07,1.26,58.17,1013.28,2020.38,5.86,10.704,3100.0,0.292,PM2.5-1HR
956,NOR_NO0150A,2025-07-15,11.73,21.16,78.58,0.07,1.25,58.68,1013.3,4950.29,5.86,10.704,3100.0,0.006,PM2.5-1HR
956,NOR_NO0153A,2025-07-15,6.56,21.1,79.78,0.09,1.16,58.97,1013.27,1497.53,5.46,10.144,3100.0,0.011,PM2.5-1HR
956,NOR_NO0011A,2025-07-16,9.26,22.21,74.96,0.04,2.09,0.52,1011.18,11187.25,5.33,9.962,3100.0,0.041,PM2.5-1HR
956,NOR_NO0057A,2025-07-16,11.78,22.34,73.62,0.02,2.13,6.66,1011.1,727.91,5.79,10.606,3100.0,0.047,PM2.5-1HR
956,NOR_NO0071A,2025-07-16,9.89,22.34,74.26,0.03,2.14,4.41,1011.08,5794.7,5.66,10.424,3100.0,0.019,PM2.5-1HR
956,NOR_NO0072A,2025-07-16,14.35,22.16,75.54,0.05,2.06,359.4,1011.19,4189.22,5.33,9.962,3100.0,0.082,PM2.5-1HR
956,NOR_NO0073A,2025-07-16,11.48,22.28,74.6,0.03,2.12,2.02,1011.14,19813.27,5.28,9.892,3100.0,0.25,PM2.5-1HR
956,NOR_NO0083A,2025-07-16,3.04,22.17,75.46,0.05,2.07,359.62,1011.18,4937.94,5.33,9.962,3100.0,0.017,PM2.5-1HR
956,NOR_NO0093A,2025-07-16,9.52,22.19,75.44,0.05,2.08,359.9,1011.16,3881.7,5.33,9.962,3100.0,0.0,PM2.5-1HR
956,NOR_NO0095A,2025-07-16,8.97,22.11,75.67,0.05,2.04,358.68,1011.22,3578.09,4.59,8.926,3100.0,0.011,PM2.5-1HR
956,NOR_NO0114A,2025-07-16,9.26,21.97,76.86,0.08,1.98,355.9,1011.25,2835.19,4.71,9.094,3100.0,0.018,PM2.5-1HR
956,NOR_NO0122A,2025-07-16,13.82,22.35,73.62,0.02,2.13,6.72,1011.09,3172.81,5.79,10.606,3100.0,0.01,PM2.5-1HR
956,NOR_NO0129A,2025-07-16,15.09,22.44,72.49,0.02,2.19,13.56,1011.04,5243.09,8.11,13.854,3100.0,0.013,PM2.5-1HR
956,NOR_NO0140A,2025-07-16,11.96,22.25,75.03,0.04,2.11,0.94,1011.15,3929.05,5.33,9.962,3100.0,0.209,PM2.5-1HR
956,NOR_NO0143A,2025-07-16,4.41,22.28,74.65,0.03,2.12,2.06,1011.13,19250.64,5.28,9.892,3100.0,0.013,PM2.5-1HR
956,NOR_NO0149A,2025-07-16,10.49,22.34,73.99,0.03,2.13,5.01,1011.1,2020.38,5.66,10.424,3100.0,0.292,PM2.5-1HR
956,NOR_NO0150A,2025-07-16,15.93,22.3,74.14,0.03,2.12,3.73,1011.13,4950.29,5.66,10.424,3100.0,0.006,PM2.5-1HR
956,NOR_NO0153A,2025-07-16,7.11,21.99,76.94,0.08,1.99,356.15,1011.23,1497.53,4.71,9.094,3100.0,0.011,PM2.5-1HR
956,NOR_NO0011A,2025-07-17,6.56,23.05,58.48,0,1.79,46.63,1014.43,11187.25,2.33,5.762,3100.0,0.041,PM2.5-1HR
956,NOR_NO0057A,2025-07-17,6.61,23.15,55.78,0,1.91,59.17,1014.4,727.91,2.64,6.196,3100.0,0.047,PM2.5-1HR
956,NOR_NO0071A,2025-07-17,6.59,23.18,56.79,0,1.85,57.25,1014.36,5794.7,2.46,5.944,3100.0,0.019,PM2.5-1HR
956,NOR_NO0072A,2025-07-17,8.12,23.04,59.18,0,1.75,42.29,1014.42,4189.22,2.33,5.762,3100.0,0.082,PM2.5-1HR
956,NOR_NO0073A,2025-07-17,7.64,23.11,57.75,0,1.81,48.36,1014.4,19813.27,2.34,5.776,3100.0,0.25,PM2.5-1HR
956,NOR_NO0083A,2025-07-17,0,23.05,59.07,0,1.75,43.79,1014.41,4937.94,2.33,5.762,3100.0,0.017,PM2.5-1HR
956,NOR_NO0093A,2025-07-17,7.24,23.08,58.98,0,1.75,46.44,1014.4,3881.7,2.33,5.762,3100.0,0.0,PM2.5-1HR
956,NOR_NO0095A,2025-07-17,7.17,22.99,59.48,0,1.74,42.38,1014.44,3578.09,2.32,5.748,3100.0,0.011,PM2.5-1HR
956,NOR_NO0114A,2025-07-17,5.19,22.93,61.07,0,1.68,38.84,1014.44,2835.19,2.14,5.496,3100.0,0.018,PM2.5-1HR
956,NOR_NO0129A,2025-07-17,10.24,23.21,53.47,0,2.06,60.91,1014.38,5243.09,3.52,7.428,3100.0,0.013,PM2.5-1HR
956,NOR_NO0140A,2025-07-17,7.55,23.11,58.41,0,1.78,47.88,1014.4,3929.05,2.33,5.762,3100.0,0.209,PM2.5-1HR
956,NOR_NO0143A,2025-07-17,0,23.13,57.78,0,1.81,48.42,1014.39,19250.64,2.34,5.776,3100.0,0.013,PM2.5-1HR
956,NOR_NO0149A,2025-07-17,7.33,23.15,56.42,0,1.87,58.09,1014.38,2020.38,2.46,5.944,3100.0,0.292,PM2.5-1HR
956,NOR_NO0150A,2025-07-17,10.55,23.12,56.86,0,1.85,55.24,1014.4,4950.29,2.46,5.944,3100.0,0.006,PM2.5-1HR
956,NOR_NO0153A,2025-07-17,3.97,22.97,61.04,0,1.67,38.29,1014.42,1497.53,2.14,5.496,3100.0,0.011,PM2.5-1HR
956,NOR_NO0083A,2025-07-18,0,23.19,64.4,0.01,1.28,114.83,1014.8,4937.94,5.97,10.858,3100.0,0.017,PM2.5-1HR
956,NOR_NO0011A,2025-07-18,10.06,23.17,63.8,0.01,1.3,116.1,1014.82,11187.25,5.97,10.858,3100.0,0.041,PM2.5-1HR
956,NOR_NO0057A,2025-07-18,9.41,23.09,62.16,0.01,1.35,120.11,1014.82,727.91,6.51,11.614,3100.0,0.047,PM2.5-1HR
956,NOR_NO0071A,2025-07-18,9.92,23.24,62.87,0.01,1.33,120.08,1014.78,5794.7,6.18,11.152,3100.0,0.019,PM2.5-1HR
956,NOR_NO0072A,2025-07-18,13.45,23.18,64.5,0.01,1.28,114.41,1014.8,4189.22,5.97,10.858,3100.0,0.082,PM2.5-1HR
956,NOR_NO0073A,2025-07-18,11.77,23.22,63.31,0.01,1.32,118.17,1014.81,19813.27,6.19,11.166,3100.0,0.25,PM2.5-1HR
956,NOR_NO0093A,2025-07-18,10.4,23.23,64.34,0.01,1.28,115.52,1014.79,3881.7,5.97,10.858,3100.0,0.0,PM2.5-1HR
956,NOR_NO0095A,2025-07-18,9.44,23.1,64.73,0.01,1.28,112.66,1014.82,3578.09,5.97,10.858,3100.0,0.011,PM2.5-1HR
956,NOR_NO0114A,2025-07-18,8.39,23.06,66.21,0.01,1.24,107.81,1014.8,2835.19,5.58,10.312,3100.0,0.018,PM2.5-1HR
956,NOR_NO0129A,2025-07-18,11.31,22.96,60.88,0.01,1.41,121.71,1014.82,5243.09,7.43,12.902,3100.0,0.013,PM2.5-1HR
956,NOR_NO0140A,2025-07-18,10.32,23.26,63.83,0.01,1.3,117.17,1014.8,3929.05,5.97,10.858,3100.0,0.209,PM2.5-1HR
956,NOR_NO0143A,2025-07-18,0,23.24,63.36,0.01,1.31,118.33,1014.8,19250.64,6.19,11.166,3100.0,0.013,PM2.5-1HR
956,NOR_NO0149A,2025-07-18,11.32,23.17,62.58,0.01,1.34,119.91,1014.8,2020.38,6.18,11.152,3100.0,0.292,PM2.5-1HR
956,NOR_NO0150A,2025-07-18,13.69,23.15,62.77,0.01,1.33,119.06,1014.81,4950.29,6.18,11.152,3100.0,0.006,PM2.5-1HR
956,NOR_NO0153A,2025-07-18,6.62,23.13,66.18,0.01,1.23,108.79,1014.78,1497.53,5.58,10.312,3100.0,0.011,PM2.5-1HR
956,NOR_NO0011A,2025-07-19,11.76,23.6,60.54,0,1.19,235.22,1012.88,11187.25,4.91,9.374,3100.0,0.041,PM2.5-1HR
956,NOR_NO0057A,2025-07-19,11.47,23.63,59.77,0,1.15,230.06,1012.85,727.91,5.36,10.004,3100.0,0.047,PM2.5-1HR
956,NOR_NO0071A,2025-07-19,9.03,23.72,60.12,0,1.15,228.56,1012.84,5794.7,5.33,9.962,3100.0,0.019,PM2.5-1HR
956,NOR_NO0072A,2025-07-19,15.44,23.59,61.16,0,1.17,235.12,1012.87,4189.22,4.91,9.374,3100.0,0.082,PM2.5-1HR
956,NOR_NO0073A,2025-07-19,13.47,23.66,60.21,0,1.18,234.04,1012.86,19813.27,5.14,9.696,3100.0,0.25,PM2.5-1HR
956,NOR_NO0083A,2025-07-19,0,23.6,61.07,0,1.17,235.03,1012.87,4937.94,4.91,9.374,3100.0,0.017,PM2.5-1HR
956,NOR_NO0093A,2025-07-19,9.72,23.64,61.02,0,1.17,234.57,1012.87,3881.7,4.91,9.374,3100.0,0.0,PM2.5-1HR
956,NOR_NO0095A,2025-07-19,10.69,23.53,61.36,0,1.18,235.52,1012.89,3578.09,5.11,9.654,3100.0,0.011,PM2.5-1HR
956,NOR_NO0114A,2025-07-19,10.38,23.45,62.69,0,1.15,235.62,1012.89,2835.19,4.89,9.346,3100.0,0.018,PM2.5-1HR
956,NOR_NO0129A,2025-07-19,13.17,23.6,59.3,0,1.14,218.92,1012.84,5243.09,6.41,11.474,3100.0,0.013,PM2.5-1HR
956,NOR_NO0140A,2025-07-19,13.11,23.67,60.56,0,1.18,234.1,1012.86,3929.05,4.91,9.374,3100.0,0.209,PM2.5-1HR
956,NOR_NO0143A,2025-07-19,0,23.68,60.25,0,1.17,233.55,1012.86,19250.64,5.14,9.696,3100.0,0.013,PM2.5-1HR
956,NOR_NO0149A,2025-07-19,12.4,23.67,59.96,0,1.15,230.69,1012.85,2020.38,5.33,9.962,3100.0,0.292,PM2.5-1HR
956,NOR_NO0150A,2025-07-19,13.67,23.64,59.99,0,1.17,233.29,1012.86,4950.29,5.33,9.962,3100.0,0.006,PM2.5-1HR
956,NOR_NO0153A,2025-07-19,7.86,23.5,62.71,0,1.14,235.34,1012.88,1497.53,4.89,9.346,3100.0,0.011,PM2.5-1HR
956,NOR_NO0011A,2025-07-20,9.93,23.69,59.68,0,1.13,68.38,1010.22,11187.25,4.57,8.898,3100.0,0.041,PM2.5-1HR
956,NOR_NO0057A,2025-07-20,8.13,23.82,58.1,0,1.2,67.36,1010.2,727.91,4.98,9.472,3100.0,0.047,PM2.5-1HR
956,NOR_NO0071A,2025-07-20,8.62,23.92,58.8,0,1.17,69.17,1010.17,5794.7,4.83,9.262,3100.0,0.019,PM2.5-1HR
956,NOR_NO0072A,2025-07-20,13.44,23.7,60.4,0,1.1,68.86,1010.21,4189.22,4.57,8.898,3100.0,0.082,PM2.5-1HR
956,NOR_NO0073A,2025-07-20,10.06,23.78,59.24,0,1.14,68.64,1010.21,19813.27,4.66,9.024,3100.0,0.25,PM2.5-1HR
956,NOR_NO0083A,2025-07-20,0,23.71,60.3,0,1.1,68.88,1010.21,4937.94,4.57,8.898,3100.0,0.017,PM2.5-1HR
956,NOR_NO0093A,2025-07-20,8.64,23.76,60.28,0,1.1,69.2,1010.2,3881.7,4.57,8.898,3100.0,0.0,PM2.5-1HR
956,NOR_NO0095A,2025-07-20,8.97,23.63,60.55,0,1.09,68.34,1010.23,3578.09,4.63,8.982,3100.0,0.011,PM2.5-1HR
956,NOR_NO0114A,2025-07-20,8.4,23.56,62.04,0,1.04,68.95,1010.23,2835.19,4.72,9.108,3100.0,0.018,PM2.5-1HR
956,NOR_NO0129A,2025-07-20,12.32,23.89,56.8,0,1.28,65.73,1010.19,5243.09,6.04,10.956,3100.0,0.013,PM2.5-1HR
956,NOR_NO0140A,2025-07-20,11.72,23.79,59.78,0,1.12,69.14,1010.2,3929.05,4.57,8.898,3100.0,0.209,PM2.5-1HR
956,NOR_NO0143A,2025-07-20,0,23.81,59.31,0,1.14,68.88,1010.2,19250.64,4.66,9.024,3100.0,0.013,PM2.5-1HR
956,NOR_NO0149A,2025-07-20,10.44,23.85,58.51,0,1.18,68.29,1010.19,2020.38,4.83,9.262,3100.0,0.292,PM2.5-1HR
956,NOR_NO0150A,2025-07-20,13.13,23.78,58.71,0,1.17,68,1010.21,4950.29,4.83,9.262,3100.0,0.006,PM2.5-1HR
956,NOR_NO0153A,2025-07-20,6.26,23.62,62.14,0,1.04,69.63,1010.21,1497.53,4.72,9.108,3100.0,0.011,PM2.5-1HR
956,NOR_NO0011A,2025-07-21,10.51,22.5,62.84,0.01,2.45,87.81,1009.09,11187.25,4.96,9.444,3100.0,0.041,PM2.5-1HR
956,NOR_NO0057A,2025-07-21,8.99,22.58,61.52,0.01,2.55,88.73,1009.1,727.91,5.42,10.088,3100.0,0.047,PM2.5-1HR
956,NOR_NO0071A,2025-07-21,9.02,22.68,62.05,0.01,2.52,88.51,1009.04,5794.7,5.3,9.92,3100.0,0.019,PM2.5-1HR
956,NOR_NO0072A,2025-07-21,13.24,22.53,63.32,0.01,2.43,87.46,1009.05,4189.22,4.96,9.444,3100.0,0.082,PM2.5-1HR
956,NOR_NO0073A,2025-07-21,11.76,22.57,62.44,0.01,2.48,88.1,1009.08,19813.27,5.03,9.542,3100.0,0.25,PM2.5-1HR
956,NOR_NO0083A,2025-07-21,0,22.54,63.25,0.01,2.43,87.51,1009.05,4937.94,4.96,9.444,3100.0,0.017,PM2.5-1HR
956,NOR_NO0093A,2025-07-21,9.61,22.58,63.19,0.01,2.44,87.55,1009.04,3881.7,4.96,9.444,3100.0,0.0,PM2.5-1HR
956,NOR_NO0095A,2025-07-21,8.06,22.46,63.52,0.01,2.42,87.33,1009.07,3578.09,5.05,9.57,3100.0,0.011,PM2.5-1HR
956,NOR_NO0114A,2025-07-21,8.26,22.44,64.59,0.01,2.36,86.5,1009.02,2835.19,5.24,9.836,3100.0,0.018,PM2.5-1HR
956,NOR_NO0129A,2025-07-21,12.79,22.61,60.43,0.01,2.64,89.42,1009.12,5243.09,6.16,11.124,3100.0,0.013,PM2.5-1HR
956,NOR_NO0140A,2025-07-21,9.69,22.6,62.81,0.01,2.46,87.82,1009.05,3929.05,4.96,9.444,3100.0,0.209,PM2.5-1HR
956,NOR_NO0143A,2025-07-21,0,22.6,62.46,0.01,2.48,88.09,1009.06,19250.64,5.03,9.542,3100.0,0.013,PM2.5-1HR
956,NOR_NO0149A,2025-07-21,11.79,22.62,61.85,0.01,2.53,88.58,1009.07,2020.38,5.3,9.92,3100.0,0.292,PM2.5-1HR
956,NOR_NO0150A,2025-07-21,13.17,22.56,62.02,0.01,2.51,88.39,1009.09,4950.29,5.3,9.92,3100.0,0.006,PM2.5-1HR
956,NOR_NO0153A,2025-07-21,6.23,22.51,64.57,0.01,2.36,86.48,1008.99,1497.53,5.24,9.836,3100.0,0.011,PM2.5-1HR
956,NOR_NO0011A,2025-07-22,10.35,22.9,63.78,0.03,2.75,65.02,1007.78,11187.25,4.98,9.472,3100.0,0.041,PM2.5-1HR
956,NOR_NO0057A,2025-07-22,10.75,23.03,62.63,0.03,2.88,66.67,1007.77,727.91,5.42,10.088,3100.0,0.047,PM2.5-1HR
956,NOR_NO0071A,2025-07-22,9.61,23.1,63.1,0.04,2.84,65.92,1007.7,5794.7,5.33,9.962,3100.0,0.019,PM2.5-1HR
956,NOR_NO0072A,2025-07-22,12.4,22.9,64.23,0.04,2.71,64.22,1007.75,4189.22,4.98,9.472,3100.0,0.082,PM2.5-1HR
956,NOR_NO0073A,2025-07-22,10.59,22.99,63.42,0.03,2.79,65.49,1007.75,19813.27,5.09,9.626,3100.0,0.25,PM2.5-1HR
956,NOR_NO0083A,2025-07-22,0,22.91,64.16,0.04,2.71,64.33,1007.75,4937.94,4.98,9.472,3100.0,0.017,PM2.5-1HR
956,NOR_NO0093A,2025-07-22,10.3,22.95,64.11,0.04,2.72,64.35,1007.73,3881.7,4.98,9.472,3100.0,0.0,PM2.5-1HR
956,NOR_NO0095A,2025-07-22,8.17,22.82,64.39,0.03,2.68,64.05,1007.78,3578.09,4.9,9.36,3100.0,0.011,PM2.5-1HR
956,NOR_NO0114A,2025-07-22,7.34,22.73,65.38,0.03,2.59,62.31,1007.76,2835.19,5.28,9.892,3100.0,0.018,PM2.5-1HR
956,NOR_NO0129A,2025-07-22,11.89,23.1,61.67,0.03,2.99,67.97,1007.76,5243.09,6.83,12.062,3100.0,0.013,PM2.5-1HR
956,NOR_NO0140A,2025-07-22,8.85,22.99,63.76,0.04,2.76,64.92,1007.73,3929.05,4.98,9.472,3100.0,0.209,PM2.5-1HR
956,NOR_NO0143A,2025-07-22,0,23.01,63.45,0.04,2.79,65.42,1007.74,19250.64,5.09,9.626,3100.0,0.013,PM2.5-1HR
956,NOR_NO0149A,2025-07-22,9.76,23.05,62.92,0.04,2.85,66.23,1007.74,2020.38,5.33,9.962,3100.0,0.292,PM2.5-1HR
956,NOR_NO0150A,2025-07-22,12.77,22.99,63.06,0.03,2.83,66.05,1007.76,4950.29,5.33,9.962,3100.0,0.006,PM2.5-1HR
956,NOR_NO0153A,2025-07-22,5.76,22.8,65.38,0.04,2.6,62.19,1007.72,1497.53,5.28,9.892,3100.0,0.011,PM2.5-1HR
956,NOR_NO0011A,2025-07-23,8.17,22.15,66.63,0.05,2.63,33.73,1009.43,11187.25,3.87,7.918,3100.0,0.041,PM2.5-1HR
956,NOR_NO0057A,2025-07-23,9.29,22.21,65.92,0.06,2.73,36.36,1009.4,727.91,4.61,8.954,3100.0,0.047,PM2.5-1HR
956,NOR_NO0071A,2025-07-23,10.07,22.26,66.02,0.05,2.72,35.66,1009.34,5794.7,4.26,8.464,3100.0,0.019,PM2.5-1HR
956,NOR_NO0072A,2025-07-23,11.05,22.14,66.94,0.05,2.6,32.97,1009.42,4189.22,3.87,7.918,3100.0,0.082,PM2.5-1HR
956,NOR_NO0073A,2025-07-23,7.8,22.21,66.26,0.05,2.67,34.52,1009.4,19813.27,3.89,7.946,3100.0,0.25,PM2.5-1HR
956,NOR_NO0083A,2025-07-23,0,22.15,66.86,0.05,2.61,33.1,1009.41,4937.94,3.87,7.918,3100.0,0.017,PM2.5-1HR
956,NOR_NO0093A,2025-07-23,9.39,22.18,66.75,0.05,2.62,33.22,1009.39,3881.7,3.87,7.918,3100.0,0.0,PM2.5-1HR
956,NOR_NO0095A,2025-07-23,6.36,22.08,67.21,0.05,2.57,32.61,1009.45,3578.09,3.74,7.736,3100.0,0.011,PM2.5-1HR
956,NOR_NO0114A,2025-07-23,7.31,22,68.05,0.05,2.49,30.72,1009.45,2835.19,3.4,7.26,3100.0,0.018,PM2.5-1HR
956,NOR_NO0129A,2025-07-23,12.98,22.22,65.48,0.08,2.8,38.53,1009.37,5243.09,6.57,11.698,3100.0,0.013,PM2.5-1HR
956,NOR_NO0140A,2025-07-23,8.99,22.21,66.43,0.04,2.65,33.87,1009.39,3929.05,3.87,7.918,3100.0,0.209,PM2.5-1HR
956,NOR_NO0143A,2025-07-23,0,22.22,66.24,0.05,2.68,34.52,1009.39,19250.64,3.89,7.946,3100.0,0.013,PM2.5-1HR
956,NOR_NO0149A,2025-07-23,9.68,22.23,66.01,0.06,2.72,35.87,1009.37,2020.38,4.26,8.464,3100.0,0.292,PM2.5-1HR
956,NOR_NO0150A,2025-07-23,11.98,22.2,66.13,0.05,2.69,35.34,1009.4,4950.29,4.26,8.464,3100.0,0.006,PM2.5-1HR
956,NOR_NO0153A,2025-07-23,5.6,22.05,67.9,0.05,2.5,30.73,1009.41,1497.53,3.4,7.26,3100.0,0.011,PM2.5-1HR
956,NOR_NO0011A,2025-07-24,10.45,22.87,63.82,0,1.42,320.74,1010.51,11187.25,5.03,9.542,3100.0,0.041,PM2.5-1HR
956,NOR_NO0057A,2025-07-24,10.05,23.08,61.71,0,1.42,323.88,1010.47,727.91,5.5,10.2,3100.0,0.047,PM2.5-1HR
956,NOR_NO0071A,2025-07-24,10.55,23.12,62.12,0,1.44,323.3,1010.45,5794.7,5.24,9.836,3100.0,0.019,PM2.5-1HR
956,NOR_NO0072A,2025-07-24,14.03,22.86,64.22,0,1.42,319.76,1010.51,4189.22,5.03,9.542,3100.0,0.082,PM2.5-1HR
956,NOR_NO0073A,2025-07-24,10.61,22.97,63.09,0,1.43,321.84,1010.49,19813.27,5.01,9.514,3100.0,0.25,PM2.5-1HR
956,NOR_NO0083A,2025-07-24,0,22.87,64.11,0,1.42,319.96,1010.51,4937.94,5.03,9.542,3100.0,0.017,PM2.5-1HR
956,NOR_NO0093A,2025-07-24,9.97,22.91,63.92,0,1.43,320.21,1010.5,3881.7,5.03,9.542,3100.0,0.0,PM2.5-1HR
956,NOR_NO0095A,2025-07-24,8.2,22.78,64.65,0,1.4,319.12,1010.54,3578.09,5.13,9.682,3100.0,0.011,PM2.5-1HR
956,NOR_NO0114A,2025-07-24,9.58,22.67,65.82,0.01,1.38,316.71,1010.56,2835.19,5.16,9.724,3100.0,0.018,PM2.5-1HR
956,NOR_NO0129A,2025-07-24,13.25,23.24,60,0,1.41,326.63,1010.43,5243.09,6.52,11.628,3100.0,0.013,PM2.5-1HR
956,NOR_NO0140A,2025-07-24,12.35,22.96,63.47,0,1.44,321.1,1010.49,3929.05,5.03,9.542,3100.0,0.209,PM2.5-1HR
956,NOR_NO0143A,2025-07-24,0,22.99,63.03,0,1.44,321.88,1010.48,19250.64,5.01,9.514,3100.0,0.013,PM2.5-1HR
956,NOR_NO0149A,2025-07-24,10.6,23.08,62.05,0,1.43,323.4,1010.46,2020.38,5.24,9.836,3100.0,0.292,PM2.5-1HR
956,NOR_NO0150A,2025-07-24,14.32,23.01,62.51,0,1.42,322.71,1010.48,4950.29,5.24,9.836,3100.0,0.006,PM2.5-1HR
956,NOR_NO0153A,2025-07-24,6.83,22.74,65.55,0.01,1.4,316.99,1010.54,1497.53,5.16,9.724,3100.0,0.011,PM2.5-1HR
956,NOR_NO0011A,2025-07-25,10.08,23.06,62.28,0.01,2.36,178.63,1008.17,11187.25,3.36,7.204,3100.0,0.041,PM2.5-1HR
956,NOR_NO0057A,2025-07-25,9.26,23.11,61.36,0.02,2.42,182.63,1008.18,727.91,3.58,7.512,3100.0,0.047,PM2.5-1HR
956,NOR_NO0071A,2025-07-25,13.49,23.13,61.88,0.02,2.42,181.54,1008.18,5794.7,3.51,7.414,3100.0,0.019,PM2.5-1HR
956,NOR_NO0072A,2025-07-25,12.67,23.02,63,0.01,2.32,178.05,1008.16,4189.22,3.36,7.204,3100.0,0.082,PM2.5-1HR
956,NOR_NO0073A,2025-07-25,8.13,23.11,61.9,0.02,2.4,179.74,1008.18,19813.27,3.31,7.134,3100.0,0.25,PM2.5-1HR
956,NOR_NO0083A,2025-07-25,0,23.03,62.89,0.01,2.33,178.19,1008.16,4937.94,3.36,7.204,3100.0,0.017,PM2.5-1HR
956,NOR_NO0093A,2025-07-25,11.59,23.05,62.84,0.01,2.34,178.41,1008.16,3881.7,3.36,7.204,3100.0,0.0,PM2.5-1HR
956,NOR_NO0095A,2025-07-25,7.75,22.99,63.22,0.01,2.29,177.5,1008.16,3578.09,3.33,7.162,3100.0,0.011,PM2.5-1HR
956,NOR_NO0114A,2025-07-25,10.49,22.88,64.76,0.01,2.19,175.8,1008.14,2835.19,3.38,7.232,3100.0,0.018,PM2.5-1HR
956,NOR_NO0129A,2025-07-25,12.57,23.13,60.8,0.02,2.45,186,1008.19,5243.09,4.53,8.842,3100.0,0.013,PM2.5-1HR
956,NOR_NO0140A,2025-07-25,11.97,23.1,62.3,0.01,2.38,178.99,1008.17,3929.05,3.36,7.204,3100.0,0.209,PM2.5-1HR
956,NOR_NO0143A,2025-07-25,0,23.11,61.96,0.02,2.4,179.79,1008.18,19250.64,3.31,7.134,3100.0,0.013,PM2.5-1HR
956,NOR_NO0149A,2025-07-25,10.03,23.12,61.64,0.02,2.42,181.84,1008.18,2020.38,3.51,7.414,3100.0,0.292,PM2.5-1HR
956,NOR_NO0150A,2025-07-25,12.21,23.11,61.64,0.02,2.41,181,1008.18,4950.29,3.51,7.414,3100.0,0.006,PM2.5-1HR
956,NOR_NO0153A,2025-07-25,7.57,22.9,64.79,0.01,2.2,176.17,1008.14,1497.53,3.38,7.232,3100.0,0.011,PM2.5-1HR
956,NOR_NO0083A,2025-07-26,0,21.27,74.69,0.04,1.58,165.11,1006.56,4937.94,4.06,8.184,3100.0,0.017,PM2.5-1HR
956,NOR_NO0011A,2025-07-26,7.84,21.24,74.62,0.04,1.6,166.42,1006.57,11187.25,4.06,8.184,3100.0,0.041,PM2.5-1HR
956,NOR_NO0057A,2025-07-26,7.15,21.34,73.19,0.03,1.68,169,1006.59,727.91,4.5,8.8,3100.0,0.047,PM2.5-1HR
956,NOR_NO0071A,2025-07-26,5.38,21.38,73.49,0.03,1.67,166.29,1006.58,5794.7,4.18,8.352,3100.0,0.019,PM2.5-1HR
956,NOR_NO0072A,2025-07-26,10.06,21.27,74.73,0.04,1.57,165.06,1006.56,4189.22,4.06,8.184,3100.0,0.082,PM2.5-1HR
956,NOR_NO0073A,2025-07-26,7.56,21.29,74.23,0.04,1.63,166.42,1006.57,19813.27,3.87,7.918,3100.0,0.25,PM2.5-1HR
956,NOR_NO0093A,2025-07-26,10.74,21.29,74.61,0.03,1.58,164.68,1006.56,3881.7,4.06,8.184,3100.0,0.0,PM2.5-1HR
956,NOR_NO0095A,2025-07-26,4.93,21.23,74.9,0.04,1.55,165.72,1006.55,3578.09,4.08,8.212,3100.0,0.011,PM2.5-1HR
956,NOR_NO0114A,2025-07-26,9.94,21.24,75.27,0.03,1.49,163.32,1006.53,2835.19,4.59,8.926,3100.0,0.018,PM2.5-1HR
956,NOR_NO0129A,2025-07-26,10.78,21.43,71.88,0.02,1.75,172.38,1006.62,5243.09,4.79,9.206,3100.0,0.013,PM2.5-1HR
956,NOR_NO0140A,2025-07-26,9.71,21.3,74.45,0.04,1.61,165.3,1006.57,3929.05,4.06,8.184,3100.0,0.209,PM2.5-1HR
956,NOR_NO0143A,2025-07-26,0,21.3,74.19,0.04,1.64,166.06,1006.57,19250.64,3.87,7.918,3100.0,0.013,PM2.5-1HR
956,NOR_NO0149A,2025-07-26,8.47,21.35,73.44,0.03,1.67,167.54,1006.59,2020.38,4.18,8.352,3100.0,0.292,PM2.5-1HR
956,NOR_NO0150A,2025-07-26,9.5,21.3,73.79,0.03,1.65,167.6,1006.58,4950.29,4.18,8.352,3100.0,0.006,PM2.5-1HR
956,NOR_NO0153A,2025-07-26,5.63,21.28,75.17,0.03,1.49,162.14,1006.53,1497.53,4.59,8.926,3100.0,0.011,PM2.5-1HR
956,NOR_NO0011A,2025-07-27,10.22,19.01,78.59,0.25,1.15,143.21,1005.9,11187.25,2.81,6.434,3100.0,0.041,PM2.5-1HR
956,NOR_NO0057A,2025-07-27,5.38,19.2,75.44,0.19,1.28,148.23,1005.91,727.91,3.19,6.966,3100.0,0.047,PM2.5-1HR
956,NOR_NO0071A,2025-07-27,0,19.27,75.53,0.18,1.29,146.92,1005.87,5794.7,3.01,6.714,3100.0,0.019,PM2.5-1HR
956,NOR_NO0072A,2025-07-27,8.84,19.04,78.85,0.24,1.12,140.78,1005.89,4189.22,2.81,6.434,3100.0,0.082,PM2.5-1HR
956,NOR_NO0073A,2025-07-27,7.07,19.11,77.38,0.23,1.21,145.34,1005.89,19813.27,2.66,6.224,3100.0,0.25,PM2.5-1HR
956,NOR_NO0083A,2025-07-27,0,19.05,78.71,0.24,1.13,141.26,1005.89,4937.94,2.81,6.434,3100.0,0.017,PM2.5-1HR
956,NOR_NO0093A,2025-07-27,8.48,19.09,78.31,0.23,1.15,141.8,1005.88,3881.7,2.81,6.434,3100.0,0.0,PM2.5-1HR
956,NOR_NO0095A,2025-07-27,3.76,18.96,79.65,0.26,1.08,139.11,1005.9,3578.09,2.95,6.63,3100.0,0.011,PM2.5-1HR
956,NOR_NO0114A,2025-07-27,10.77,18.93,80.94,0.27,0.99,131.38,1005.88,2835.19,3.29,7.106,3100.0,0.018,PM2.5-1HR
956,NOR_NO0129A,2025-07-27,12.05,19.34,72.92,0.14,1.4,151.05,1005.91,5243.09,3.54,7.456,3100.0,0.013,PM2.5-1HR
956,NOR_NO0140A,2025-07-27,9.65,19.11,77.76,0.23,1.19,143.84,1005.88,3929.05,2.81,6.434,3100.0,0.209,PM2.5-1HR
956,NOR_NO0143A,2025-07-27,0,19.14,77.18,0.22,1.22,145.32,1005.89,19250.64,2.66,6.224,3100.0,0.013,PM2.5-1HR
956,NOR_NO0149A,2025-07-27,6.27,19.21,75.71,0.19,1.28,147.38,1005.89,2020.38,3.01,6.714,3100.0,0.292,PM2.5-1HR
956,NOR_NO0150A,2025-07-27,8.69,19.13,76.61,0.21,1.24,146.72,1005.9,4950.29,3.01,6.714,3100.0,0.006,PM2.5-1HR
956,NOR_NO0153A,2025-07-27,5.02,19,80.33,0.25,1.01,132.4,1005.87,1497.53,3.29,7.106,3100.0,0.011,PM2.5-1HR
956,NOR_NO0011A,2025-07-28,6.57,18.52,76.76,0.24,0.66,344.56,1006.39,11187.25,3.51,7.414,3100.0,0.041,PM2.5-1HR
956,NOR_NO0057A,2025-07-28,4.31,18.68,74.58,0.2,0.57,349.03,1006.37,727.91,4.19,8.366,3100.0,0.047,PM2.5-1HR
956,NOR_NO0071A,2025-07-28,1.76,18.78,74.41,0.21,0.59,342.86,1006.35,5794.7,4.19,8.366,3100.0,0.019,PM2.5-1HR
956,NOR_NO0072A,2025-07-28,5.5,18.57,76.52,0.23,0.67,342.7,1006.39,4189.22,3.51,7.414,3100.0,0.082,PM2.5-1HR
956,NOR_NO0073A,2025-07-28,7.19,18.62,75.95,0.23,0.63,344.61,1006.37,19813.27,3.82,7.848,3100.0,0.25,PM2.5-1HR
956,NOR_NO0083A,2025-07-28,0,18.57,76.46,0.23,0.67,342.8,1006.38,4937.94,3.51,7.414,3100.0,0.017,PM2.5-1HR
956,NOR_NO0093A,2025-07-28,1.4,18.62,76.15,0.23,0.66,342.29,1006.38,3881.7,3.51,7.414,3100.0,0.0,PM2.5-1HR
956,NOR_NO0095A,2025-07-28,4.17,18.49,77.07,0.23,0.68,343.21,1006.4,3578.09,3.45,7.33,3100.0,0.011,PM2.5-1HR
956,NOR_NO0114A,2025-07-28,4.17,18.48,77.18,0.22,0.72,339.83,1006.41,2835.19,3.4,7.26,3100.0,0.018,PM2.5-1HR
956,NOR_NO0129A,2025-07-28,8.59,18.79,72.72,0.17,0.5,358.92,1006.36,5243.09,4.66,9.024,3100.0,0.013,PM2.5-1HR
956,NOR_NO0140A,2025-07-28,7.68,18.64,76.02,0.23,0.65,343.04,1006.37,3929.05,3.51,7.414,3100.0,0.209,PM2.5-1HR
956,NOR_NO0143A,2025-07-28,0,18.65,75.74,0.23,0.63,344.06,1006.37,19250.64,3.82,7.848,3100.0,0.013,PM2.5-1HR
956,NOR_NO0149A,2025-07-28,4.15,18.71,74.69,0.21,0.58,346.66,1006.36,2020.38,4.19,8.366,3100.0,0.292,PM2.5-1HR
956,NOR_NO0150A,2025-07-28,6.27,18.63,75.44,0.22,0.6,346.54,1006.37,4950.29,4.19,8.366,3100.0,0.006,PM2.5-1HR
956,NOR_NO0153A,2025-07-28,2.88,18.56,76.63,0.22,0.72,338.77,1006.4,1497.53,3.4,7.26,3100.0,0.011,PM2.5-1HR
956,NOR_NO0071A,2025-07-29,4.67,16.42,83,1.02,4.12,348.15,1004.21,5794.7,1.4,4.46,3100.0,0.019,PM2.5-1HR
956,NOR_NO0083A,2025-07-29,0,16.42,82.6,1.01,4.05,347.47,1004.35,4937.94,1.3,4.32,3100.0,0.017,PM2.5-1HR
956,NOR_NO0093A,2025-07-29,3.7,16.46,82.56,1.01,4.06,347.46,1004.33,3881.7,1.3,4.32,3100.0,0.0,PM2.5-1HR
956,NOR_NO0114A,2025-07-29,3.38,16.46,82.43,0.98,3.91,346.5,1004.46,2835.19,1,3.9,3100.0,0.018,PM2.5-1HR
956,NOR_NO0153A,2025-07-29,2.22,16.54,82.33,0.97,3.91,346.38,1004.43,1497.53,1,3.9,3100.0,0.011,PM2.5-1HR
956,NOR_NO0071A,2025-07-30,5.38,17.68,83.8,0.24,2.1,1.25,1007.08,5794.7,1.67,4.838,3100.0,0.019,PM2.5-1HR
956,NOR_NO0083A,2025-07-30,0,17.59,84.17,0.23,2.12,358.55,1007.12,4937.94,1.26,4.264,3100.0,0.017,PM2.5-1HR
956,NOR_NO0093A,2025-07-30,4.69,17.62,84.16,0.24,2.12,357.68,1007.11,3881.7,1.26,4.264,3100.0,0.0,PM2.5-1HR
956,NOR_NO0114A,2025-07-30,2.68,17.54,84.46,0.24,2.04,356.75,1007.15,2835.19,0.85,3.69,3100.0,0.018,PM2.5-1HR
956,NOR_NO0153A,2025-07-30,1.93,17.59,84.46,0.25,2.03,354.64,1007.14,1497.53,0.85,3.69,3100.0,0.011,PM2.5-1HR
956,NOR_NO0095A,2025-08-01,5.08,18.84,76.45,0.03,1.58,153.3,1006.36,3578.09,0.53,3.242,3100.0,0.011,PM2.5-1HR
956,NOR_NO0149A,2025-08-01,4.37,18.91,75.13,0.03,1.62,154.25,1006.4,2020.38,0.53,3.242,3100.0,0.292,PM2.5-1HR
956,NOR_NO0095A,2025-08-02,4.72,17.8,90.76,1.01,2.37,9.43,1004.62,3578.09,0.77,3.578,3100.0,0.011,PM2.5-1HR
956,NOR_NO0149A,2025-08-02,6.2,17.69,91.05,1.05,2.45,11.76,1004.57,2020.38,0.77,3.578,3100.0,0.292,PM2.5-1HR
956,NOR_NO0011A,2025-08-03,3.85,17.38,82.9,0.07,1.59,131.73,1009.28,11187.25,2.57,6.098,3100.0,0.041,PM2.5-1HR
956,NOR_NO0057A,2025-08-03,3.71,17.3,83.53,0.08,1.63,129.42,1009.3,727.91,2.75,6.35,3100.0,0.047,PM2.5-1HR
956,NOR_NO0071A,2025-08-03,5.62,17.41,83.32,0.08,1.61,129.95,1009.27,5794.7,2.62,6.168,3100.0,0.019,PM2.5-1HR
956,NOR_NO0072A,2025-08-03,4.65,17.43,82.87,0.07,1.58,132.03,1009.26,4189.22,2.57,6.098,3100.0,0.082,PM2.5-1HR
956,NOR_NO0073A,2025-08-03,4.94,17.39,83.03,0.08,1.6,131.07,1009.28,19813.27,2.53,6.042,3100.0,0.25,PM2.5-1HR
956,NOR_NO0083A,2025-08-03,5.45,17.43,82.88,0.07,1.58,131.95,1009.26,4937.94,2.57,6.098,3100.0,0.017,PM2.5-1HR
956,NOR_NO0093A,2025-08-03,5.46,17.45,82.89,0.07,1.58,131.81,1009.26,3881.7,2.57,6.098,3100.0,0.0,PM2.5-1HR
956,NOR_NO0095A,2025-08-03,4.37,17.4,82.83,0.07,1.58,132.33,1009.27,3578.09,2.61,6.154,3100.0,0.011,PM2.5-1HR
956,NOR_NO0114A,2025-08-03,4.34,17.45,82.75,0.07,1.57,133.16,1009.23,2835.19,2.89,6.546,3100.0,0.018,PM2.5-1HR
956,NOR_NO0122A,2025-08-03,7.43,17.31,83.53,0.08,1.63,129.38,1009.3,3172.81,2.75,6.35,3100.0,0.01,PM2.5-1HR
956,NOR_NO0129A,2025-08-03,5.71,17.21,84.16,0.08,1.68,127.52,1009.32,5243.09,2.87,6.518,3100.0,0.013,PM2.5-1HR
956,NOR_NO0140A,2025-08-03,5.8,17.43,82.93,0.07,1.59,131.49,1009.27,3929.05,2.57,6.098,3100.0,0.209,PM2.5-1HR
956,NOR_NO0143A,2025-08-03,0,17.41,83.04,0.08,1.59,131.03,1009.28,19250.64,2.53,6.042,3100.0,0.013,PM2.5-1HR
956,NOR_NO0149A,2025-08-03,3.99,17.36,83.38,0.08,1.62,129.83,1009.29,2020.38,2.62,6.168,3100.0,0.292,PM2.5-1HR
956,NOR_NO0150A,2025-08-03,5.72,17.35,83.24,0.08,1.61,130.35,1009.29,4950.29,2.62,6.168,3100.0,0.006,PM2.5-1HR
956,NOR_NO0153A,2025-08-03,3.15,17.49,82.78,0.07,1.57,132.97,1009.23,1497.53,2.89,6.546,3100.0,0.011,PM2.5-1HR
956,NOR_NO0011A,2025-08-04,2.62,16.32,88.94,0.26,2.76,116.85,1005.19,11187.25,1.22,4.208,3100.0,0.041,PM2.5-1HR
956,NOR_NO0057A,2025-08-04,3.34,16.33,88.98,0.26,2.84,119.34,1005.25,727.91,1.25,4.25,3100.0,0.047,PM2.5-1HR
956,NOR_NO0071A,2025-08-04,3.31,16.41,88.85,0.25,2.81,119.23,1005.23,5794.7,1.22,4.208,3100.0,0.019,PM2.5-1HR
956,NOR_NO0072A,2025-08-04,3.37,16.37,88.89,0.26,2.72,116.64,1005.16,4189.22,1.22,4.208,3100.0,0.082,PM2.5-1HR
956,NOR_NO0073A,2025-08-04,3.3,16.35,88.91,0.26,2.79,117.64,1005.21,19813.27,1.16,4.124,3100.0,0.25,PM2.5-1HR
956,NOR_NO0083A,2025-08-04,4.31,16.37,88.89,0.26,2.73,116.73,1005.17,4937.94,1.22,4.208,3100.0,0.017,PM2.5-1HR
956,NOR_NO0093A,2025-08-04,3.51,16.39,88.87,0.26,2.73,116.93,1005.17,3881.7,1.22,4.208,3100.0,0.0,PM2.5-1HR
956,NOR_NO0095A,2025-08-04,3.45,16.34,88.92,0.26,2.71,116.23,1005.15,3578.09,1.18,4.152,3100.0,0.011,PM2.5-1HR
956,NOR_NO0114A,2025-08-04,3.84,16.38,88.89,0.26,2.63,115.4,1005.1,2835.19,1.41,4.474,3100.0,0.018,PM2.5-1HR
956,NOR_NO0122A,2025-08-04,5.75,16.34,88.98,0.25,2.84,119.45,1005.25,3172.81,1.25,4.25,3100.0,0.01,PM2.5-1HR
956,NOR_NO0129A,2025-08-04,4.95,16.32,89.06,0.25,2.91,121.47,1005.31,5243.09,1.49,4.586,3100.0,0.013,PM2.5-1HR
956,NOR_NO0140A,2025-08-04,4.3,16.38,88.87,0.26,2.76,117.27,1005.19,3929.05,1.22,4.208,3100.0,0.209,PM2.5-1HR
956,NOR_NO0143A,2025-08-04,0,16.37,88.89,0.26,2.78,117.75,1005.2,19250.64,1.16,4.124,3100.0,0.013,PM2.5-1HR
956,NOR_NO0149A,2025-08-04,3.42,16.36,88.92,0.26,2.82,119.11,1005.24,2020.38,1.22,4.208,3100.0,0.292,PM2.5-1HR
956,NOR_NO0150A,2025-08-04,7.47,16.33,88.96,0.26,2.81,118.34,1005.23,4950.29,1.22,4.208,3100.0,0.006,PM2.5-1HR
956,NOR_NO0153A,2025-08-04,2.51,16.42,88.86,0.25,2.63,115.65,1005.1,1497.53,1.41,4.474,3100.0,0.011,PM2.5-1HR
956,NOR_NO0011A,2025-08-05,2.79,14.95,73.27,0.24,6.42,194.69,993.51,11187.25,0.68,3.452,3100.0,0.041,PM2.5-1HR
956,NOR_NO0057A,2025-08-05,2.77,14.98,73.44,0.25,6.57,195.29,993.67,727.91,0.73,3.522,3100.0,0.047,PM2.5-1HR
956,NOR_NO0071A,2025-08-05,4.05,15.07,73.16,0.25,6.56,195.49,993.71,5794.7,0.7,3.48,3100.0,0.019,PM2.5-1HR
956,NOR_NO0072A,2025-08-05,3.48,14.99,73.14,0.24,6.36,194.73,993.51,4189.22,0.68,3.452,3100.0,0.082,PM2.5-1HR
956,NOR_NO0073A,2025-08-05,4.88,14.99,73.22,0.25,6.49,194.97,993.59,19813.27,0.72,3.508,3100.0,0.25,PM2.5-1HR
956,NOR_NO0083A,2025-08-05,4.74,14.99,73.14,0.24,6.37,194.75,993.52,4937.94,0.68,3.452,3100.0,0.017,PM2.5-1HR
956,NOR_NO0093A,2025-08-05,3.68,15.02,73.07,0.24,6.39,194.88,993.55,3881.7,0.68,3.452,3100.0,0.0,PM2.5-1HR
956,NOR_NO0095A,2025-08-05,3.38,14.95,73.25,0.24,6.31,194.49,993.46,3578.09,0.7,3.48,3100.0,0.011,PM2.5-1HR
956,NOR_NO0114A,2025-08-05,3.89,14.98,73.1,0.24,6.16,194.36,993.4,2835.19,0.73,3.522,3100.0,0.018,PM2.5-1HR
956,NOR_NO0122A,2025-08-05,4.85,14.99,73.43,0.25,6.58,195.33,993.68,3172.81,0.73,3.522,3100.0,0.01,PM2.5-1HR
956,NOR_NO0129A,2025-08-05,3.82,14.99,73.67,0.25,6.69,195.75,993.79,5243.09,0.68,3.452,3100.0,0.013,PM2.5-1HR
956,NOR_NO0140A,2025-08-05,3.58,15.02,73.11,0.25,6.45,194.95,993.58,3929.05,0.68,3.452,3100.0,0.209,PM2.5-1HR
956,NOR_NO0143A,2025-08-05,1.36,15.01,73.17,0.25,6.49,195.04,993.61,19250.64,0.72,3.508,3100.0,0.013,PM2.5-1HR
956,NOR_NO0149A,2025-08-05,2.69,15.02,73.31,0.25,6.56,195.34,993.68,2020.38,0.7,3.48,3100.0,0.292,PM2.5-1HR
956,NOR_NO0150A,2025-08-05,3.98,14.98,73.34,0.25,6.53,195.08,993.61,4950.29,0.7,3.48,3100.0,0.006,PM2.5-1HR
956,NOR_NO0153A,2025-08-05,1.42,15.03,72.94,0.24,6.17,194.64,993.45,1497.53,0.73,3.522,3100.0,0.011,PM2.5-1HR
956,NOR_NO0129A,2025-08-06,1.94,16.13,52.98,0,4.41,249.13,1002.34,5243.09,0.83,3.662,3100.0,0.013,PM2.5-1HR
956,NOR_NO0011A,2025-08-06,2.15,16.16,53.23,0,4.25,250.58,1002.39,11187.25,0.66,3.424,3100.0,0.041,PM2.5-1HR
956,NOR_NO0057A,2025-08-06,2.43,16.15,53.11,0,4.33,249.7,1002.37,727.91,0.74,3.536,3100.0,0.047,PM2.5-1HR
956,NOR_NO0071A,2025-08-06,4.69,16.24,53.19,0,4.26,249.18,1002.44,5794.7,0.7,3.48,3100.0,0.019,PM2.5-1HR
956,NOR_NO0072A,2025-08-06,1.63,16.21,53.23,0,4.19,250.55,1002.44,4189.22,0.66,3.424,3100.0,0.082,PM2.5-1HR
956,NOR_NO0073A,2025-08-06,2.72,16.19,53.21,0,4.26,250.03,1002.4,19813.27,0.71,3.494,3100.0,0.25,PM2.5-1HR
956,NOR_NO0083A,2025-08-06,2.52,16.21,53.23,0,4.2,250.48,1002.43,4937.94,0.66,3.424,3100.0,0.017,PM2.5-1HR
956,NOR_NO0093A,2025-08-06,3.84,16.23,53.23,0,4.19,250.23,1002.45,3881.7,0.66,3.424,3100.0,0.0,PM2.5-1HR
956,NOR_NO0095A,2025-08-06,2.2,16.18,53.22,0,4.2,251.01,1002.42,3578.09,0.67,3.438,3100.0,0.011,PM2.5-1HR
956,NOR_NO0114A,2025-08-06,1.34,16.23,53.22,0,4.11,251.45,1002.48,2835.19,0.57,3.298,3100.0,0.018,PM2.5-1HR
956,NOR_NO0122A,2025-08-06,2.35,16.16,53.11,0,4.33,249.62,1002.38,3172.81,0.74,3.536,3100.0,0.01,PM2.5-1HR
956,NOR_NO0140A,2025-08-06,2.46,16.22,53.24,0,4.22,250.01,1002.43,3929.05,0.66,3.424,3100.0,0.209,PM2.5-1HR
956,NOR_NO0143A,2025-08-06,1.8,16.21,53.22,0,4.25,249.87,1002.41,19250.64,0.71,3.494,3100.0,0.013,PM2.5-1HR
956,NOR_NO0149A,2025-08-06,2.02,16.19,53.15,0,4.29,249.53,1002.4,2020.38,0.7,3.48,3100.0,0.292,PM2.5-1HR
956,NOR_NO0150A,2025-08-06,3.49,16.16,53.17,0,4.29,249.96,1002.38,4950.29,0.7,3.48,3100.0,0.006,PM2.5-1HR
956,NOR_NO0153A,2025-08-06,0.91,16.27,53.21,0,4.09,251.08,1002.52,1497.53,0.57,3.298,3100.0,0.011,PM2.5-1HR
956,NOR_NO0011A,2025-08-07,3.77,15.21,67.28,0.02,3.65,216.08,1008.77,11187.25,1.36,4.404,3100.0,0.041,PM2.5-1HR
956,NOR_NO0057A,2025-08-07,3.48,15.19,67.08,0.02,3.79,217.41,1008.81,727.91,1.45,4.53,3100.0,0.047,PM2.5-1HR
956,NOR_NO0071A,2025-08-07,5.74,15.25,67.33,0.02,3.75,216.58,1008.85,5794.7,1.43,4.502,3100.0,0.019,PM2.5-1HR
956,NOR_NO0072A,2025-08-07,3.87,15.25,67.3,0.02,3.59,215.52,1008.79,4189.22,1.36,4.404,3100.0,0.082,PM2.5-1HR
956,NOR_NO0073A,2025-08-07,3.42,15.22,67.31,0.02,3.7,216.31,1008.8,19813.27,1.43,4.502,3100.0,0.25,PM2.5-1HR
956,NOR_NO0083A,2025-08-07,4.85,15.25,67.31,0.02,3.6,215.57,1008.79,4937.94,1.36,4.404,3100.0,0.017,PM2.5-1HR
956,NOR_NO0093A,2025-08-07,5.51,15.26,67.35,0.02,3.61,215.51,1008.8,3881.7,1.36,4.404,3100.0,0.0,PM2.5-1HR
956,NOR_NO0095A,2025-08-07,4.09,15.22,67.24,0.02,3.57,215.53,1008.77,3578.09,1.45,4.53,3100.0,0.011,PM2.5-1HR
956,NOR_NO0114A,2025-08-07,3.74,15.27,67.21,0.02,3.44,214.48,1008.77,2835.19,1.34,4.376,3100.0,0.018,PM2.5-1HR
956,NOR_NO0122A,2025-08-07,5.35,15.2,67.09,0.02,3.79,217.39,1008.81,3172.81,1.45,4.53,3100.0,0.01,PM2.5-1HR
956,NOR_NO0140A,2025-08-07,4.57,15.25,67.37,0.02,3.66,215.84,1008.81,3929.05,1.36,4.404,3100.0,0.209,PM2.5-1HR
956,NOR_NO0143A,2025-08-07,3.97,15.24,67.34,0.02,3.7,216.22,1008.81,19250.64,1.43,4.502,3100.0,0.013,PM2.5-1HR
956,NOR_NO0149A,2025-08-07,3.48,15.22,67.21,0.02,3.76,216.95,1008.82,2020.38,1.43,4.502,3100.0,0.292,PM2.5-1HR
956,NOR_NO0150A,2025-08-07,4.55,15.2,67.2,0.02,3.74,216.84,1008.8,4950.29,1.43,4.502,3100.0,0.006,PM2.5-1HR
956,NOR_NO0153A,2025-08-07,1.6,15.3,67.27,0.02,3.45,214.29,1008.8,1497.53,1.34,4.376,3100.0,0.011,PM2.5-1HR
956,NOR_NO0011A,2025-08-08,5.12,16.57,72.98,0.03,3.96,197.5,1008.26,11187.25,3.08,6.812,3100.0,0.041,PM2.5-1HR
956,NOR_NO0057A,2025-08-08,5.68,16.6,73.27,0.03,4.13,198.49,1008.34,727.91,3.44,7.316,3100.0,0.047,PM2.5-1HR
956,NOR_NO0071A,2025-08-08,7.31,16.67,73.19,0.03,4.1,197.98,1008.36,5794.7,3.28,7.092,3100.0,0.019,PM2.5-1HR
956,NOR_NO0072A,2025-08-08,7.55,16.61,72.8,0.03,3.9,197.37,1008.26,4189.22,3.08,6.812,3100.0,0.082,PM2.5-1HR
956,NOR_NO0073A,2025-08-08,7.39,16.61,73.09,0.03,4.02,197.6,1008.3,19813.27,3.28,7.092,3100.0,0.25,PM2.5-1HR
956,NOR_NO0083A,2025-08-08,9.66,16.61,72.83,0.03,3.91,197.37,1008.26,4937.94,3.08,6.812,3100.0,0.017,PM2.5-1HR
956,NOR_NO0093A,2025-08-08,7.13,16.63,72.85,0.03,3.93,197.31,1008.28,3881.7,3.08,6.812,3100.0,0.0,PM2.5-1HR
956,NOR_NO0095A,2025-08-08,5.38,16.57,72.74,0.03,3.86,197.44,1008.23,3578.09,3.11,6.854,3100.0,0.011,PM2.5-1HR
956,NOR_NO0114A,2025-08-08,7.38,16.6,72.36,0.02,3.72,197.28,1008.2,2835.19,2.62,6.168,3100.0,0.018,PM2.5-1HR
956,NOR_NO0122A,2025-08-08,10,16.61,73.28,0.03,4.14,198.49,1008.34,3172.81,3.44,7.316,3100.0,0.01,PM2.5-1HR
956,NOR_NO0140A,2025-08-08,8.62,16.63,72.99,0.03,3.98,197.35,1008.29,3929.05,3.08,6.812,3100.0,0.209,PM2.5-1HR
956,NOR_NO0143A,2025-08-08,7.63,16.62,73.09,0.03,4.03,197.56,1008.31,19250.64,3.28,7.092,3100.0,0.013,PM2.5-1HR
956,NOR_NO0149A,2025-08-08,5.9,16.63,73.22,0.03,4.11,198.18,1008.34,2020.38,3.28,7.092,3100.0,0.292,PM2.5-1HR
956,NOR_NO0150A,2025-08-08,7.74,16.6,73.18,0.03,4.07,198.02,1008.31,4950.29,3.28,7.092,3100.0,0.006,PM2.5-1HR
956,NOR_NO0153A,2025-08-08,2.81,16.64,72.35,0.02,3.74,197.19,1008.22,1497.53,2.62,6.168,3100.0,0.011,PM2.5-1HR
956,NOR_NO0011A,2025-08-09,2.84,15.08,74.89,0.08,4.17,204.74,1012.5,11187.25,2.32,5.748,3100.0,0.041,PM2.5-1HR
956,NOR_NO0057A,2025-08-09,3.65,15.13,74.43,0.08,4.33,206.05,1012.57,727.91,2.47,5.958,3100.0,0.047,PM2.5-1HR
956,NOR_NO0071A,2025-08-09,5.94,15.18,74.7,0.08,4.3,205.35,1012.6,5794.7,2.34,5.776,3100.0,0.019,PM2.5-1HR
956,NOR_NO0072A,2025-08-09,5.02,15.11,74.93,0.08,4.11,204.2,1012.5,4189.22,2.32,5.748,3100.0,0.082,PM2.5-1HR
956,NOR_NO0073A,2025-08-09,4.38,15.11,74.85,0.08,4.23,205.02,1012.54,19813.27,2.34,5.776,3100.0,0.25,PM2.5-1HR
956,NOR_NO0083A,2025-08-09,6.34,15.12,74.93,0.08,4.12,204.26,1012.51,4937.94,2.32,5.748,3100.0,0.017,PM2.5-1HR
956,NOR_NO0093A,2025-08-09,5.85,15.13,74.95,0.08,4.13,204.23,1012.52,3881.7,2.32,5.748,3100.0,0.0,PM2.5-1HR
956,NOR_NO0095A,2025-08-09,4.38,15.08,74.89,0.08,4.08,204.16,1012.47,3578.09,2.35,5.79,3100.0,0.011,PM2.5-1HR
956,NOR_NO0114A,2025-08-09,4.84,15.11,74.93,0.08,3.94,203.08,1012.44,2835.19,2.51,6.014,3100.0,0.018,PM2.5-1HR
956,NOR_NO0140A,2025-08-09,6.3,15.13,74.95,0.08,4.19,204.57,1012.54,3929.05,2.32,5.748,3100.0,0.209,PM2.5-1HR
956,NOR_NO0143A,2025-08-09,4.93,15.13,74.86,0.08,4.23,204.94,1012.55,19250.64,2.34,5.776,3100.0,0.013,PM2.5-1HR
956,NOR_NO0149A,2025-08-09,4.12,15.15,74.59,0.08,4.31,205.66,1012.58,2020.38,2.34,5.776,3100.0,0.292,PM2.5-1HR
956,NOR_NO0150A,2025-08-09,4.73,15.11,74.65,0.08,4.27,205.52,1012.55,4950.29,2.34,5.776,3100.0,0.006,PM2.5-1HR
956,NOR_NO0153A,2025-08-09,1.97,15.15,74.98,0.08,3.95,202.95,1012.47,1497.53,2.51,6.014,3100.0,0.011,PM2.5-1HR
956,NOR_NO0122A,2025-08-09,6.38,15.14,74.43,0.08,4.34,206.05,1012.58,3172.81,2.47,5.958,3100.0,0.01,PM2.5-1HR
956,NOR_NO0011A,2025-08-10,2.71,15.84,66,0,2.95,247.58,1015.02,11187.25,0.89,3.746,3100.0,0.041,PM2.5-1HR
956,NOR_NO0057A,2025-08-10,2.26,15.85,66.26,0,3.06,247,1015,727.91,1,3.9,3100.0,0.047,PM2.5-1HR
956,NOR_NO0071A,2025-08-10,4.77,15.97,66.12,0,3.01,246.25,1015.04,5794.7,0.97,3.858,3100.0,0.019,PM2.5-1HR
956,NOR_NO0072A,2025-08-10,2.52,15.88,65.9,0,2.9,247.49,1015.05,4189.22,0.89,3.746,3100.0,0.082,PM2.5-1HR
956,NOR_NO0073A,2025-08-10,3.25,15.9,66.02,0,2.98,247.01,1015.02,19813.27,0.97,3.858,3100.0,0.25,PM2.5-1HR
956,NOR_NO0083A,2025-08-10,3.02,15.89,65.9,0,2.91,247.42,1015.04,4937.94,0.89,3.746,3100.0,0.017,PM2.5-1HR
956,NOR_NO0093A,2025-08-10,4.39,15.92,65.88,0,2.91,247.11,1015.05,3881.7,0.89,3.746,3100.0,0.0,PM2.5-1HR
956,NOR_NO0095A,2025-08-10,2.21,15.82,65.93,0,2.9,248.03,1015.04,3578.09,0.97,3.858,3100.0,0.011,PM2.5-1HR
956,NOR_NO0114A,2025-08-10,2.23,15.83,65.78,0,2.82,248.43,1015.07,2835.19,0.81,3.634,3100.0,0.018,PM2.5-1HR
956,NOR_NO0122A,2025-08-10,3.43,15.86,66.26,0,3.06,246.92,1015,3172.81,1,3.9,3100.0,0.01,PM2.5-1HR
956,NOR_NO0140A,2025-08-10,4.22,15.93,65.93,0,2.94,246.89,1015.04,3929.05,0.89,3.746,3100.0,0.209,PM2.5-1HR
956,NOR_NO0143A,2025-08-10,2.71,15.92,66,0,2.97,246.82,1015.03,19250.64,0.97,3.858,3100.0,0.013,PM2.5-1HR
956,NOR_NO0149A,2025-08-10,2.96,15.91,66.18,0,3.03,246.7,1015.02,2020.38,0.97,3.858,3100.0,0.292,PM2.5-1HR
956,NOR_NO0150A,2025-08-10,2.95,15.87,66.13,0,3.01,247.09,1015.01,4950.29,0.97,3.858,3100.0,0.006,PM2.5-1HR
956,NOR_NO0153A,2025-08-10,1.23,15.9,65.72,0,2.8,247.96,1015.09,1497.53,0.81,3.634,3100.0,0.011,PM2.5-1HR
956,NOR_NO0011A,2025-08-11,2.73,15.04,69.67,0,2.6,235.87,1017.83,11187.25,1.15,4.11,3100.0,0.041,PM2.5-1HR
956,NOR_NO0057A,2025-08-11,3.22,15.02,69.67,0,2.7,236.11,1017.84,727.91,1.27,4.278,3100.0,0.047,PM2.5-1HR
956,NOR_NO0071A,2025-08-11,4.57,15.16,69.56,0,2.68,236.05,1017.86,5794.7,1.21,4.194,3100.0,0.019,PM2.5-1HR
956,NOR_NO0072A,2025-08-11,2.66,15.12,69.57,0,2.57,235.72,1017.84,4189.22,1.15,4.11,3100.0,0.082,PM2.5-1HR
956,NOR_NO0073A,2025-08-11,3.07,15.08,69.65,0,2.63,235.99,1017.84,19813.27,1.21,4.194,3100.0,0.25,PM2.5-1HR
956,NOR_NO0083A,2025-08-11,3.64,15.12,69.58,0,2.58,235.75,1017.84,4937.94,1.15,4.11,3100.0,0.017,PM2.5-1HR
956,NOR_NO0093A,2025-08-11,4.86,15.15,69.55,0,2.58,235.79,1017.85,3881.7,1.15,4.11,3100.0,0.0,PM2.5-1HR
956,NOR_NO0095A,2025-08-11,3.86,15.07,69.61,0,2.56,235.61,1017.83,3578.09,1.12,4.068,3100.0,0.011,PM2.5-1HR
956,NOR_NO0114A,2025-08-11,2.57,15.16,69.47,0,2.49,235.27,1017.84,2835.19,1.04,3.956,3100.0,0.018,PM2.5-1HR
956,NOR_NO0122A,2025-08-11,4.24,15.03,69.66,0,2.7,236.11,1017.84,3172.81,1.27,4.278,3100.0,0.01,PM2.5-1HR
956,NOR_NO0140A,2025-08-11,3.4,15.13,69.59,0,2.61,235.91,1017.84,3929.05,1.15,4.11,3100.0,0.209,PM2.5-1HR
956,NOR_NO0143A,2025-08-11,2.96,15.1,69.62,0,2.63,235.99,1017.84,19250.64,1.21,4.194,3100.0,0.013,PM2.5-1HR
956,NOR_NO0149A,2025-08-11,3.34,15.08,69.62,0,2.68,236.07,1017.85,2020.38,1.21,4.194,3100.0,0.292,PM2.5-1HR
956,NOR_NO0150A,2025-08-11,3.71,15.04,69.67,0,2.66,236.04,1017.84,4950.29,1.21,4.194,3100.0,0.006,PM2.5-1HR
956,NOR_NO0153A,2025-08-11,1.35,15.22,69.41,0,2.49,235.38,1017.85,1497.53,1.04,3.956,3100.0,0.011,PM2.5-1HR
956,NOR_NO0011A,2025-08-12,2.83,15.68,68.31,0.13,1.83,242.38,1017.56,11187.25,1.86,5.104,3100.0,0.041,PM2.5-1HR
956,NOR_NO0057A,2025-08-12,3.26,15.74,67.72,0.11,1.87,247.1,1017.54,727.91,1.98,5.272,3100.0,0.047,PM2.5-1HR
956,NOR_NO0071A,2025-08-12,5.94,15.9,67.4,0.12,1.86,246.58,1017.55,5794.7,1.9,5.16,3100.0,0.019,PM2.5-1HR
956,NOR_NO0072A,2025-08-12,3.78,15.74,68.27,0.12,1.81,241.26,1017.56,4189.22,1.86,5.104,3100.0,0.082,PM2.5-1HR
956,NOR_NO0073A,2025-08-12,3.87,15.76,67.93,0.12,1.84,244.18,1017.56,19813.27,1.9,5.16,3100.0,0.25,PM2.5-1HR
956,NOR_NO0083A,2025-08-12,4.31,15.75,68.22,0.12,1.81,241.53,1017.56,4937.94,1.86,5.104,3100.0,0.017,PM2.5-1HR
956,NOR_NO0093A,2025-08-12,5.69,15.8,68.04,0.12,1.82,242.03,1017.56,3881.7,1.86,5.104,3100.0,0.0,PM2.5-1HR
956,NOR_NO0095A,2025-08-12,3.6,15.65,68.6,0.12,1.8,240.17,1017.57,3578.09,1.84,5.076,3100.0,0.011,PM2.5-1HR
956,NOR_NO0114A,2025-08-12,3.69,15.68,68.86,0.12,1.77,237.03,1017.57,2835.19,1.69,4.866,3100.0,0.018,PM2.5-1HR
956,NOR_NO0122A,2025-08-12,6.66,15.76,67.67,0.11,1.87,247.23,1017.54,3172.81,1.98,5.272,3100.0,0.01,PM2.5-1HR
956,NOR_NO0140A,2025-08-12,5.15,15.81,67.91,0.12,1.83,243.26,1017.56,3929.05,1.86,5.104,3100.0,0.209,PM2.5-1HR
956,NOR_NO0143A,2025-08-12,3.7,15.8,67.82,0.12,1.84,244.34,1017.56,19250.64,1.9,5.16,3100.0,0.013,PM2.5-1HR
956,NOR_NO0149A,2025-08-12,3.82,15.81,67.61,0.12,1.86,246.54,1017.55,2020.38,1.9,5.16,3100.0,0.292,PM2.5-1HR
956,NOR_NO0150A,2025-08-12,5.83,15.74,67.88,0.12,1.85,245.38,1017.55,4950.29,1.9,5.16,3100.0,0.006,PM2.5-1HR
956,NOR_NO0153A,2025-08-12,2.22,15.78,68.55,0.12,1.77,237.57,1017.57,1497.53,1.69,4.866,3100.0,0.011,PM2.5-1HR
956,NOR_NO0011A,2025-08-13,4.91,17.47,82.02,0,2,194.49,1019.2,11187.25,2.88,6.532,3100.0,0.041,PM2.5-1HR
956,NOR_NO0057A,2025-08-13,3.96,17.53,81.25,0,2.08,197.43,1019.22,727.91,3.17,6.938,3100.0,0.047,PM2.5-1HR
956,NOR_NO0071A,2025-08-13,6.94,17.65,81.29,0,2.06,195.15,1019.22,5794.7,2.96,6.644,3100.0,0.019,PM2.5-1HR
956,NOR_NO0072A,2025-08-13,5.7,17.52,82.06,0,1.97,193.26,1019.19,4189.22,2.88,6.532,3100.0,0.082,PM2.5-1HR
956,NOR_NO0073A,2025-08-13,4.73,17.54,81.75,0,2.03,194.79,1019.21,19813.27,2.96,6.644,3100.0,0.25,PM2.5-1HR
956,NOR_NO0083A,2025-08-13,6.68,17.53,82.03,0,1.97,193.34,1019.19,4937.94,2.88,6.532,3100.0,0.017,PM2.5-1HR
956,NOR_NO0093A,2025-08-13,7.31,17.57,81.94,0,1.98,193.08,1019.19,3881.7,2.88,6.532,3100.0,0.0,PM2.5-1HR
956,NOR_NO0095A,2025-08-13,5.13,17.46,82.23,0,1.95,193.54,1019.18,3578.09,3.03,6.742,3100.0,0.011,PM2.5-1HR
956,NOR_NO0114A,2025-08-13,5.2,17.49,82.46,0,1.89,191.51,1019.16,2835.19,3.14,6.896,3100.0,0.018,PM2.5-1HR
956,NOR_NO0122A,2025-08-13,6.83,17.54,81.22,0,2.08,197.34,1019.22,3172.81,3.17,6.938,3100.0,0.01,PM2.5-1HR
956,NOR_NO0140A,2025-08-13,6.45,17.57,81.83,0,2.01,193.69,1019.2,3929.05,2.88,6.532,3100.0,0.209,PM2.5-1HR
956,NOR_NO0143A,2025-08-13,5.41,17.57,81.7,0,2.03,194.51,1019.21,19250.64,2.96,6.644,3100.0,0.013,PM2.5-1HR
956,NOR_NO0149A,2025-08-13,5.31,17.58,81.33,0,2.06,196.19,1019.22,2020.38,2.96,6.644,3100.0,0.292,PM2.5-1HR
956,NOR_NO0150A,2025-08-13,7.63,17.52,81.55,0,2.05,196.09,1019.22,4950.29,2.96,6.644,3100.0,0.006,PM2.5-1HR
956,NOR_NO0153A,2025-08-13,3.39,17.57,82.32,0,1.9,190.85,1019.16,1497.53,3.14,6.896,3100.0,0.011,PM2.5-1HR
956,NOR_NO0011A,2025-08-14,7.06,18.62,78.99,0.29,2.3,175.78,1020.65,11187.25,3.35,7.19,3100.0,0.041,PM2.5-1HR
956,NOR_NO0057A,2025-08-14,6.19,18.74,77.8,0.28,2.37,177.73,1020.67,727.91,3.61,7.554,3100.0,0.047,PM2.5-1HR
956,NOR_NO0071A,2025-08-14,8.22,18.78,78.07,0.28,2.34,176.54,1020.66,5794.7,3.51,7.414,3100.0,0.019,PM2.5-1HR
956,NOR_NO0072A,2025-08-14,6.94,18.62,79.2,0.28,2.27,175.22,1020.64,4189.22,3.35,7.19,3100.0,0.082,PM2.5-1HR
956,NOR_NO0073A,2025-08-14,8.81,18.68,78.63,0.28,2.32,176.13,1020.66,19813.27,3.51,7.414,3100.0,0.25,PM2.5-1HR
956,NOR_NO0083A,2025-08-14,7.96,18.63,79.15,0.28,2.27,175.28,1020.64,4937.94,3.35,7.19,3100.0,0.017,PM2.5-1HR
956,NOR_NO0093A,2025-08-14,8.12,18.66,79.07,0.28,2.27,175.24,1020.64,3881.7,3.35,7.19,3100.0,0.0,PM2.5-1HR
956,NOR_NO0095A,2025-08-14,7.22,18.58,79.38,0.28,2.26,175.18,1020.64,3578.09,3.45,7.33,3100.0,0.011,PM2.5-1HR
956,NOR_NO0114A,2025-08-14,6.97,18.54,79.95,0.28,2.19,174.15,1020.62,2835.19,2.82,6.448,3100.0,0.018,PM2.5-1HR
956,NOR_NO0122A,2025-08-14,10.11,18.75,77.78,0.28,2.37,177.69,1020.67,3172.81,3.61,7.554,3100.0,0.01,PM2.5-1HR
956,NOR_NO0140A,2025-08-14,8.22,18.68,78.85,0.28,2.3,175.57,1020.65,3929.05,3.35,7.19,3100.0,0.209,PM2.5-1HR
956,NOR_NO0143A,2025-08-14,7.14,18.7,78.6,0.28,2.32,176.03,1020.66,19250.64,3.51,7.414,3100.0,0.013,PM2.5-1HR
956,NOR_NO0149A,2025-08-14,7.54,18.75,78.01,0.28,2.35,177.05,1020.67,2020.38,3.51,7.414,3100.0,0.292,PM2.5-1HR
956,NOR_NO0150A,2025-08-14,9.48,18.7,78.27,0.28,2.34,176.89,1020.67,4950.29,3.51,7.414,3100.0,0.006,PM2.5-1HR
956,NOR_NO0153A,2025-08-14,4.59,18.58,79.87,0.27,2.19,174.07,1020.62,1497.53,2.82,6.448,3100.0,0.011,PM2.5-1HR
956,NOR_NO0011A,2025-08-15,7.88,18.52,72.94,0.03,3.32,232.72,1014.1,11187.25,1.5,4.6,3100.0,0.041,PM2.5-1HR
956,NOR_NO0057A,2025-08-15,7.82,18.6,72.85,0.04,3.46,233.11,1014.07,727.91,1.64,4.796,3100.0,0.047,PM2.5-1HR
956,NOR_NO0071A,2025-08-15,7.39,18.66,72.9,0.03,3.4,232.69,1014.09,5794.7,1.61,4.754,3100.0,0.019,PM2.5-1HR
956,NOR_NO0072A,2025-08-15,6.43,18.53,72.88,0.03,3.26,232.81,1014.11,4189.22,1.5,4.6,3100.0,0.082,PM2.5-1HR
956,NOR_NO0073A,2025-08-15,8.02,18.58,72.95,0.03,3.36,232.62,1014.09,19813.27,1.61,4.754,3100.0,0.25,PM2.5-1HR
956,NOR_NO0083A,2025-08-15,8.61,18.53,72.89,0.03,3.27,232.77,1014.11,4937.94,1.5,4.6,3100.0,0.017,PM2.5-1HR
956,NOR_NO0093A,2025-08-15,7.33,18.56,72.9,0.03,3.27,232.69,1014.11,3881.7,1.5,4.6,3100.0,0.0,PM2.5-1HR
956,NOR_NO0095A,2025-08-15,7.32,18.47,72.87,0.03,3.25,232.96,1014.12,3578.09,1.6,4.74,3100.0,0.011,PM2.5-1HR
956,NOR_NO0114A,2025-08-15,6.99,18.44,72.74,0.02,3.13,233.35,1014.15,2835.19,1.14,4.096,3100.0,0.018,PM2.5-1HR
956,NOR_NO0122A,2025-08-15,10.72,18.61,72.86,0.04,3.46,233.09,1014.07,3172.81,1.64,4.796,3100.0,0.01,PM2.5-1HR
956,NOR_NO0140A,2025-08-15,9.2,18.58,72.94,0.03,3.31,232.54,1014.1,3929.05,1.5,4.6,3100.0,0.209,PM2.5-1HR
956,NOR_NO0143A,2025-08-15,7.94,18.59,72.94,0.03,3.35,232.57,1014.09,19250.64,1.61,4.754,3100.0,0.013,PM2.5-1HR
956,NOR_NO0149A,2025-08-15,8.23,18.62,72.89,0.04,3.42,232.88,1014.08,2020.38,1.61,4.754,3100.0,0.292,PM2.5-1HR
956,NOR_NO0150A,2025-08-15,11.99,18.58,72.91,0.03,3.4,232.86,1014.08,4950.29,1.61,4.754,3100.0,0.006,PM2.5-1HR
956,NOR_NO0153A,2025-08-15,4.3,18.49,72.73,0.02,3.13,233.31,1014.15,1497.53,1.14,4.096,3100.0,0.011,PM2.5-1HR
956,NOR_NO0011A,2025-08-16,1.96,15.59,52.39,0,2.85,319.19,1017.95,11187.25,0.82,3.648,3100.0,0.041,PM2.5-1HR
956,NOR_NO0057A,2025-08-16,2.86,15.51,51.8,0,2.93,320.62,1017.91,727.91,0.95,3.83,3100.0,0.047,PM2.5-1HR
956,NOR_NO0071A,2025-08-16,4.02,15.64,51.94,0,2.89,320.71,1017.92,5794.7,0.89,3.746,3100.0,0.019,PM2.5-1HR
956,NOR_NO0072A,2025-08-16,1.16,15.66,52.44,0,2.81,318.94,1017.97,4189.22,0.82,3.648,3100.0,0.082,PM2.5-1HR
956,NOR_NO0073A,2025-08-16,2.66,15.6,52.23,0,2.87,319.81,1017.93,19813.27,0.89,3.746,3100.0,0.25,PM2.5-1HR
956,NOR_NO0083A,2025-08-16,1.74,15.66,52.42,0,2.82,319.03,1017.97,4937.94,0.82,3.648,3100.0,0.017,PM2.5-1HR
956,NOR_NO0093A,2025-08-16,3.71,15.68,52.38,0,2.82,319.23,1017.96,3881.7,0.82,3.648,3100.0,0.0,PM2.5-1HR
956,NOR_NO0095A,2025-08-16,2.46,15.63,52.52,0,2.8,318.5,1017.98,3578.09,0.86,3.704,3100.0,0.011,PM2.5-1HR
956,NOR_NO0114A,2025-08-16,1.33,15.73,52.68,0,2.74,317.59,1018.02,2835.19,0.69,3.466,3100.0,0.018,PM2.5-1HR
956,NOR_NO0122A,2025-08-16,1.99,15.52,51.79,0,2.93,320.68,1017.91,3172.81,0.95,3.83,3100.0,0.01,PM2.5-1HR
956,NOR_NO0140A,2025-08-16,2.03,15.66,52.32,0,2.84,319.59,1017.95,3929.05,0.82,3.648,3100.0,0.209,PM2.5-1HR
956,NOR_NO0143A,2025-08-16,1.61,15.62,52.21,0,2.87,319.9,1017.93,19250.64,0.89,3.746,3100.0,0.013,PM2.5-1HR
956,NOR_NO0149A,2025-08-16,2.6,15.57,51.91,0,2.91,320.57,1017.91,2020.38,0.89,3.746,3100.0,0.292,PM2.5-1HR
956,NOR_NO0153A,2025-08-16,0.52,15.78,52.61,0,2.73,317.91,1018.02,1497.53,0.69,3.466,3100.0,0.011,PM2.5-1HR
956,NOR_NO0153A,2025-08-17,0.73,17.3,60.55,0,1.94,345.39,1019.88,1497.53,0.87,3.718,3100.0,0.011,PM2.5-1HR
956,NOR_NO0011A,2025-08-17,2.59,17.05,60.09,0,2.06,352.58,1019.86,11187.25,1.01,3.914,3100.0,0.041,PM2.5-1HR
956,NOR_NO0057A,2025-08-17,3.62,16.88,59.5,0,2.17,355.76,1019.83,727.91,1.14,4.096,3100.0,0.047,PM2.5-1HR
956,NOR_NO0071A,2025-08-17,4.72,17.02,59.56,0,2.13,354.31,1019.82,5794.7,1.08,4.012,3100.0,0.019,PM2.5-1HR
956,NOR_NO0072A,2025-08-17,1.55,17.13,60.19,0,2.02,350.46,1019.86,4189.22,1.01,3.914,3100.0,0.082,PM2.5-1HR
956,NOR_NO0073A,2025-08-17,3.18,17.03,59.87,0,2.09,353.43,1019.84,19813.27,1.08,4.012,3100.0,0.25,PM2.5-1HR
956,NOR_NO0083A,2025-08-17,1.92,17.13,60.16,0,2.03,350.68,1019.86,4937.94,1.01,3.914,3100.0,0.017,PM2.5-1HR
956,NOR_NO0093A,2025-08-17,4.78,17.14,60.09,0,2.04,350.34,1019.85,3881.7,1.01,3.914,3100.0,0.0,PM2.5-1HR
956,NOR_NO0095A,2025-08-17,3.34,17.12,60.34,0,2.01,350.62,1019.87,3578.09,1.01,3.914,3100.0,0.011,PM2.5-1HR
956,NOR_NO0114A,2025-08-17,1.46,17.26,60.66,0,1.93,346.72,1019.89,2835.19,0.87,3.718,3100.0,0.018,PM2.5-1HR
956,NOR_NO0122A,2025-08-17,1.96,16.89,59.49,0,2.17,355.74,1019.83,3172.81,1.14,4.096,3100.0,0.01,PM2.5-1HR
956,NOR_NO0140A,2025-08-17,2.24,17.1,59.96,0,2.07,351.79,1019.85,3929.05,1.01,3.914,3100.0,0.209,PM2.5-1HR
956,NOR_NO0143A,2025-08-17,1.76,17.05,59.84,0,2.09,353.15,1019.84,19250.64,1.08,4.012,3100.0,0.013,PM2.5-1HR
956,NOR_NO0149A,2025-08-17,2.62,16.95,59.57,0,2.14,355.09,1019.83,2020.38,1.08,4.012,3100.0,0.292,PM2.5-1HR
956,NOR_NO0011A,2025-08-18,4.36,17.95,70.1,0,2.06,149.6,1018.17,11187.25,2,5.3,3100.0,0.041,PM2.5-1HR
956,NOR_NO0057A,2025-08-18,4.95,17.87,69.27,0,2.16,155.79,1018.2,727.91,2.04,5.356,3100.0,0.047,PM2.5-1HR
956,NOR_NO0071A,2025-08-18,6.34,17.97,69.51,0,2.18,153.26,1018.19,5794.7,2.08,5.412,3100.0,0.019,PM2.5-1HR
956,NOR_NO0072A,2025-08-18,4.2,18.04,70.25,0,2.04,148.38,1018.15,4189.22,2,5.3,3100.0,0.082,PM2.5-1HR
956,NOR_NO0073A,2025-08-18,4.91,17.95,69.86,0,2.11,150.95,1018.18,19813.27,2.08,5.412,3100.0,0.25,PM2.5-1HR
956,NOR_NO0083A,2025-08-18,6.44,18.03,70.22,0,2.05,148.56,1018.15,4937.94,2,5.3,3100.0,0.017,PM2.5-1HR
956,NOR_NO0093A,2025-08-18,6.6,18.05,70.17,0,2.06,148.65,1018.15,3881.7,2,5.3,3100.0,0.0,PM2.5-1HR
956,NOR_NO0095A,2025-08-18,5.84,18.03,70.37,0,2,147.99,1018.14,3578.09,1.94,5.216,3100.0,0.011,PM2.5-1HR
956,NOR_NO0114A,2025-08-18,4.56,18.17,70.75,0,1.92,145.53,1018.11,2835.19,2.11,5.454,3100.0,0.018,PM2.5-1HR
956,NOR_NO0122A,2025-08-18,8.11,17.88,69.26,0,2.17,155.82,1018.2,3172.81,2.04,5.356,3100.0,0.01,PM2.5-1HR
956,NOR_NO0140A,2025-08-18,5.54,18,70.03,0,2.1,149.54,1018.17,3929.05,2,5.3,3100.0,0.209,PM2.5-1HR
956,NOR_NO0143A,2025-08-18,5.38,17.96,69.85,0,2.12,150.84,1018.18,19250.64,2.08,5.412,3100.0,0.013,PM2.5-1HR
956,NOR_NO0149A,2025-08-18,5.31,17.92,69.44,0,2.16,154.16,1018.19,2020.38,2.08,5.412,3100.0,0.292,PM2.5-1HR
956,NOR_NO0150A,2025-08-18,6.05,17.91,69.6,0,2.13,153.09,1018.19,4950.29,2.08,5.412,3100.0,0.006,PM2.5-1HR
956,NOR_NO0153A,2025-08-18,2.25,18.21,70.67,0,1.94,145.61,1018.11,1497.53,2.11,5.454,3100.0,0.011,PM2.5-1HR
956,NOR_NO0011A,2025-08-19,2.79,15.54,56.52,0,4.04,18.2,1014.55,11187.25,0.85,3.69,3100.0,0.041,PM2.5-1HR
956,NOR_NO0057A,2025-08-19,2.94,15.5,56.08,0,4.16,17.7,1014.52,727.91,0.96,3.844,3100.0,0.047,PM2.5-1HR
956,NOR_NO0071A,2025-08-19,4.21,15.63,56.39,0,4.12,17.97,1014.48,5794.7,0.89,3.746,3100.0,0.019,PM2.5-1HR
956,NOR_NO0072A,2025-08-19,2.5,15.63,56.71,0,3.98,18.06,1014.54,4189.22,0.85,3.69,3100.0,0.082,PM2.5-1HR
956,NOR_NO0073A,2025-08-19,2.77,15.56,56.44,0,4.09,18.16,1014.53,19813.27,0.89,3.746,3100.0,0.25,PM2.5-1HR
956,NOR_NO0083A,2025-08-19,3.18,15.62,56.69,0,3.99,18.08,1014.53,4937.94,0.85,3.69,3100.0,0.017,PM2.5-1HR
956,NOR_NO0093A,2025-08-19,3.81,15.65,56.71,0,4,18.1,1014.52,3881.7,0.85,3.69,3100.0,0.0,PM2.5-1HR
956,NOR_NO0095A,2025-08-19,2.34,15.6,56.71,0,3.95,18.03,1014.56,3578.09,0.84,3.676,3100.0,0.011,PM2.5-1HR
956,NOR_NO0114A,2025-08-19,2.56,15.72,57.07,0,3.81,17.68,1014.56,2835.19,0.7,3.48,3100.0,0.018,PM2.5-1HR
956,NOR_NO0122A,2025-08-19,4.07,15.52,56.09,0,4.16,17.7,1014.51,3172.81,0.96,3.844,3100.0,0.01,PM2.5-1HR
956,NOR_NO0140A,2025-08-19,2.63,15.61,56.59,0,4.05,18.21,1014.52,3929.05,0.85,3.69,3100.0,0.209,PM2.5-1HR
956,NOR_NO0143A,2025-08-19,2.61,15.58,56.47,0,4.08,18.16,1014.52,19250.64,0.89,3.746,3100.0,0.013,PM2.5-1HR
956,NOR_NO0149A,2025-08-19,2.47,15.56,56.25,0,4.13,17.85,1014.5,2020.38,0.89,3.746,3100.0,0.292,PM2.5-1HR
956,NOR_NO0150A,2025-08-19,4.72,15.52,56.27,0,4.12,17.95,1014.53,4950.29,0.89,3.746,3100.0,0.006,PM2.5-1HR
956,NOR_NO0153A,2025-08-19,1.26,15.77,57.13,0,3.81,17.61,1014.54,1497.53,0.7,3.48,3100.0,0.011,PM2.5-1HR
956,NOR_NO0011A,2025-08-20,2.28,12.38,60.41,0.06,2.31,341.07,1015.48,11187.25,0.74,3.536,3100.0,0.041,PM2.5-1HR
956,NOR_NO0057A,2025-08-20,1.9,12.38,59.57,0.05,2.37,341.01,1015.45,727.91,0.84,3.676,3100.0,0.047,PM2.5-1HR
956,NOR_NO0071A,2025-08-20,3.99,12.5,59.69,0.05,2.37,340.52,1015.44,5794.7,0.78,3.592,3100.0,0.019,PM2.5-1HR
956,NOR_NO0073A,2025-08-20,1.76,12.42,60.1,0.05,2.35,340.97,1015.46,19813.27,0.78,3.592,3100.0,0.25,PM2.5-1HR
956,NOR_NO0083A,2025-08-20,2.03,12.45,60.54,0.06,2.28,340.73,1015.48,4937.94,0.74,3.536,3100.0,0.017,PM2.5-1HR
956,NOR_NO0093A,2025-08-20,3.91,12.48,60.45,0.06,2.29,340.62,1015.47,3881.7,0.74,3.536,3100.0,0.0,PM2.5-1HR
956,NOR_NO0095A,2025-08-20,2.34,12.4,60.78,0.07,2.25,340.89,1015.49,3578.09,0.74,3.536,3100.0,0.011,PM2.5-1HR
956,NOR_NO0114A,2025-08-20,1.62,12.48,61.3,0.08,2.16,340.5,1015.5,2835.19,0.62,3.368,3100.0,0.018,PM2.5-1HR
956,NOR_NO0122A,2025-08-20,3.08,12.39,59.55,0.05,2.38,340.95,1015.45,3172.81,0.84,3.676,3100.0,0.01,PM2.5-1HR
956,NOR_NO0140A,2025-08-20,1.53,12.46,60.25,0.06,2.33,340.78,1015.47,3929.05,0.74,3.536,3100.0,0.209,PM2.5-1HR
956,NOR_NO0143A,2025-08-20,1.38,12.44,60.07,0.05,2.35,340.86,1015.46,19250.64,0.78,3.592,3100.0,0.013,PM2.5-1HR
956,NOR_NO0149A,2025-08-20,2.22,12.43,59.68,0.05,2.37,340.79,1015.45,2020.38,0.78,3.592,3100.0,0.292,PM2.5-1HR
956,NOR_NO0150A,2025-08-20,3.74,12.39,59.88,0.05,2.36,341.04,1015.46,4950.29,0.78,3.592,3100.0,0.006,PM2.5-1HR
956,NOR_NO0153A,2025-08-20,0.78,12.54,61.19,0.08,2.17,340.19,1015.49,1497.53,0.62,3.368,3100.0,0.011,PM2.5-1HR
956,NOR_NO0011A,2025-08-21,1.92,12.58,66.1,0.19,2.9,354.45,1010.25,11187.25,0.57,3.298,3100.0,0.041,PM2.5-1HR
956,NOR_NO0057A,2025-08-21,2.81,12.47,66.34,0.18,2.94,353.39,1010.21,727.91,0.67,3.438,3100.0,0.047,PM2.5-1HR
956,NOR_NO0071A,2025-08-21,1.27,12.62,66.07,0.18,2.95,353.71,1010.2,5794.7,0.62,3.368,3100.0,0.019,PM2.5-1HR
956,NOR_NO0073A,2025-08-21,2.76,12.59,66.12,0.19,2.93,354.23,1010.23,19813.27,0.61,3.354,3100.0,0.25,PM2.5-1HR
956,NOR_NO0083A,2025-08-21,1.61,12.66,65.93,0.18,2.88,354.48,1010.24,4937.94,0.57,3.298,3100.0,0.017,PM2.5-1HR
956,NOR_NO0093A,2025-08-21,3.36,12.69,65.9,0.18,2.89,354.45,1010.24,3881.7,0.57,3.298,3100.0,0.0,PM2.5-1HR
956,NOR_NO0095A,2025-08-21,2.8,12.63,65.95,0.19,2.85,354.56,1010.26,3578.09,0.58,3.312,3100.0,0.011,PM2.5-1HR
956,NOR_NO0114A,2025-08-21,0.84,12.74,65.67,0.18,2.79,354.77,1010.26,2835.19,0.65,3.41,3100.0,0.018,PM2.5-1HR
956,NOR_NO0122A,2025-08-21,2.11,12.47,66.32,0.18,2.94,353.38,1010.21,3172.81,0.67,3.438,3100.0,0.01,PM2.5-1HR
956,NOR_NO0129A,2025-08-21,2.1,12.34,66.57,0.18,2.96,352.4,1010.18,5243.09,0.46,3.144,3100.0,0.013,PM2.5-1HR
956,NOR_NO0140A,2025-08-21,1.37,12.65,65.99,0.18,2.92,354.4,1010.23,3929.05,0.57,3.298,3100.0,0.209,PM2.5-1HR
956,NOR_NO0143A,2025-08-21,1.09,12.61,66.08,0.18,2.93,354.22,1010.23,19250.64,0.61,3.354,3100.0,0.013,PM2.5-1HR
956,NOR_NO0149A,2025-08-21,1.65,12.54,66.2,0.18,2.94,353.62,1010.21,2020.38,0.62,3.368,3100.0,0.292,PM2.5-1HR
956,NOR_NO0150A,2025-08-21,3.5,12.52,66.23,0.18,2.93,353.87,1010.22,4950.29,0.62,3.368,3100.0,0.006,PM2.5-1HR
956,NOR_NO0152A,2025-08-21,1.11,12.67,65.98,0.18,2.94,354.36,1010.23,1988.23,0.57,3.298,3100.0,1.811,PM2.5-1HR
956,NOR_NO0153A,2025-08-21,0.69,12.79,65.6,0.18,2.8,354.71,1010.25,1497.53,0.65,3.41,3100.0,0.011,PM2.5-1HR
956,NOR_NO0011A,2025-08-22,2.4,11.93,68.05,0.07,2.28,335.48,1007.23,11187.25,0.54,3.256,3100.0,0.041,PM2.5-1HR
956,NOR_NO0057A,2025-08-22,2.13,11.77,68.24,0.07,2.32,338.28,1007.2,727.91,0.56,3.284,3100.0,0.047,PM2.5-1HR
956,NOR_NO0071A,2025-08-22,2.87,11.98,68.15,0.07,2.34,337.31,1007.19,5794.7,0.56,3.284,3100.0,0.019,PM2.5-1HR
956,NOR_NO0072A,2025-08-22,0.75,12.04,67.81,0.06,2.27,334.52,1007.23,4189.22,0.54,3.256,3100.0,0.082,PM2.5-1HR
956,NOR_NO0073A,2025-08-22,1.9,11.94,68.16,0.07,2.3,336.43,1007.21,19813.27,0.56,3.284,3100.0,0.25,PM2.5-1HR
956,NOR_NO0083A,2025-08-22,1.47,12.04,67.85,0.06,2.28,334.69,1007.23,4937.94,0.54,3.256,3100.0,0.017,PM2.5-1HR
956,NOR_NO0093A,2025-08-22,4.14,12.07,67.86,0.06,2.29,334.87,1007.22,3881.7,0.54,3.256,3100.0,0.0,PM2.5-1HR
956,NOR_NO0095A,2025-08-22,2.7,11.99,67.75,0.06,2.25,334.03,1007.25,3578.09,0.56,3.284,3100.0,0.011,PM2.5-1HR
956,NOR_NO0114A,2025-08-22,0.89,12.14,67.24,0.06,2.24,331.85,1007.28,2835.19,0.65,3.41,3100.0,0.018,PM2.5-1HR
956,NOR_NO0122A,2025-08-22,2.2,11.78,68.23,0.07,2.32,338.28,1007.2,3172.81,0.56,3.284,3100.0,0.01,PM2.5-1HR
956,NOR_NO0129A,2025-08-22,1.63,11.59,68.32,0.07,2.35,340.49,1007.19,5243.09,0.44,3.116,3100.0,0.013,PM2.5-1HR
956,NOR_NO0140A,2025-08-22,1.28,12.03,68.05,0.07,2.3,335.7,1007.21,3929.05,0.54,3.256,3100.0,0.209,PM2.5-1HR
956,NOR_NO0143A,2025-08-22,1.18,11.98,68.15,0.07,2.3,336.41,1007.21,19250.64,0.56,3.284,3100.0,0.013,PM2.5-1HR
956,NOR_NO0149A,2025-08-22,2.34,11.87,68.19,0.07,2.32,337.66,1007.2,2020.38,0.56,3.284,3100.0,0.292,PM2.5-1HR
956,NOR_NO0150A,2025-08-22,2.96,11.85,68.2,0.07,2.3,337.25,1007.2,4950.29,0.56,3.284,3100.0,0.006,PM2.5-1HR
956,NOR_NO0152A,2025-08-22,1.52,12.05,68.11,0.07,2.31,336.02,1007.2,1988.23,0.54,3.256,3100.0,1.811,PM2.5-1HR
956,NOR_NO0153A,2025-08-22,0.67,12.22,67.17,0.06,2.25,331.97,1007.27,1497.53,0.65,3.41,3100.0,0.011,PM2.5-1HR
956,NOR_NO0155A,2025-08-22,1.31,11.72,68.26,0.07,2.3,338.06,1007.21,3652.11,0.56,3.284,3100.0,1.758,PM2.5-1HR
956,NOR_NO0011A,2025-08-23,2,12.6,60.6,0,3.06,331.89,1011.9,11187.25,0.63,3.382,3100.0,0.041,PM2.5-1HR
956,NOR_NO0057A,2025-08-23,2.65,12.46,60.56,0,3.16,332.94,1011.84,727.91,0.69,3.466,3100.0,0.047,PM2.5-1HR
956,NOR_NO0071A,2025-08-23,3.99,12.64,60.51,0,3.14,332.27,1011.85,5794.7,0.67,3.438,3100.0,0.019,PM2.5-1HR
956,NOR_NO0072A,2025-08-23,1.13,12.67,60.65,0,3.02,331.27,1011.92,4189.22,0.63,3.382,3100.0,0.082,PM2.5-1HR
956,NOR_NO0073A,2025-08-23,2.47,12.62,60.54,0,3.1,332.15,1011.88,19813.27,0.68,3.452,3100.0,0.25,PM2.5-1HR
956,NOR_NO0083A,2025-08-23,1.89,12.67,60.64,0,3.03,331.35,1011.91,4937.94,0.63,3.382,3100.0,0.017,PM2.5-1HR
956,NOR_NO0093A,2025-08-23,4.29,12.71,60.6,0,3.04,331.34,1011.91,3881.7,0.63,3.382,3100.0,0.0,PM2.5-1HR
956,NOR_NO0095A,2025-08-23,2.67,12.61,60.73,0,2.99,331.19,1011.93,3578.09,0.63,3.382,3100.0,0.011,PM2.5-1HR
956,NOR_NO0114A,2025-08-23,0.93,12.69,60.87,0.01,2.9,329.94,1011.97,2835.19,0.63,3.382,3100.0,0.018,PM2.5-1HR
956,NOR_NO0122A,2025-08-23,1.78,12.47,60.56,0,3.16,332.91,1011.84,3172.81,0.69,3.466,3100.0,0.01,PM2.5-1HR
956,NOR_NO0129A,2025-08-23,1.61,12.29,60.59,0,3.23,333.8,1011.8,5243.09,0.7,3.48,3100.0,0.013,PM2.5-1HR
956,NOR_NO0140A,2025-08-23,1.58,12.69,60.54,0,3.07,331.73,1011.89,3929.05,0.63,3.382,3100.0,0.209,PM2.5-1HR
956,NOR_NO0143A,2025-08-23,1.61,12.65,60.52,0,3.1,332.07,1011.88,19250.64,0.68,3.452,3100.0,0.013,PM2.5-1HR
956,NOR_NO0149A,2025-08-23,2.11,12.55,60.54,0,3.14,332.57,1011.85,2020.38,0.67,3.438,3100.0,0.292,PM2.5-1HR
956,NOR_NO0150A,2025-08-23,2.01,12.54,60.55,0,3.12,332.54,1011.86,4950.29,0.67,3.438,3100.0,0.006,PM2.5-1HR
956,NOR_NO0152A,2025-08-23,2.05,12.71,60.51,0,3.09,331.81,1011.88,1988.23,0.63,3.382,3100.0,1.811,PM2.5-1HR
956,NOR_NO0153A,2025-08-23,0.61,12.76,60.82,0.01,2.91,329.84,1011.97,1497.53,0.63,3.382,3100.0,0.011,PM2.5-1HR
956,NOR_NO0155A,2025-08-23,1.22,12.42,60.58,0,3.14,333.03,1011.85,3652.11,0.67,3.438,3100.0,1.758,PM2.5-1HR
956,NOR_NO0011A,2025-08-24,2.38,13.74,56.38,0,2.34,356.83,1012.81,11187.25,0.54,3.256,3100.0,0.041,PM2.5-1HR
956,NOR_NO0057A,2025-08-24,2.74,13.63,55.71,0,2.45,356.24,1012.79,727.91,0.58,3.312,3100.0,0.047,PM2.5-1HR
956,NOR_NO0071A,2025-08-24,3.64,13.75,56.14,0,2.41,356.72,1012.79,5794.7,0.55,3.27,3100.0,0.019,PM2.5-1HR
956,NOR_NO0072A,2025-08-24,1.06,13.82,56.72,0,2.3,356.7,1012.82,4189.22,0.54,3.256,3100.0,0.082,PM2.5-1HR
956,NOR_NO0073A,2025-08-24,1.99,13.73,56.24,0,2.38,356.96,1012.8,19813.27,0.56,3.284,3100.0,0.25,PM2.5-1HR
956,NOR_NO0083A,2025-08-24,1.71,13.82,56.68,0,2.31,356.75,1012.82,4937.94,0.54,3.256,3100.0,0.017,PM2.5-1HR
956,NOR_NO0093A,2025-08-24,3.97,13.83,56.7,0,2.31,356.85,1012.81,3881.7,0.54,3.256,3100.0,0.0,PM2.5-1HR
956,NOR_NO0095A,2025-08-24,2.72,13.81,56.75,0,2.29,356.48,1012.83,3578.09,0.58,3.312,3100.0,0.011,PM2.5-1HR
956,NOR_NO0114A,2025-08-24,1.04,13.94,57.38,0,2.2,355.8,1012.84,2835.19,0.54,3.256,3100.0,0.018,PM2.5-1HR
956,NOR_NO0122A,2025-08-24,1.32,13.63,55.72,0,2.45,356.23,1012.79,3172.81,0.58,3.312,3100.0,0.01,PM2.5-1HR
956,NOR_NO0129A,2025-08-24,1.35,13.51,55.12,0,2.55,354.73,1012.78,5243.09,0.6,3.34,3100.0,0.013,PM2.5-1HR
956,NOR_NO0140A,2025-08-24,1.68,13.79,56.49,0,2.34,357.03,1012.81,3929.05,0.54,3.256,3100.0,0.209,PM2.5-1HR
956,NOR_NO0143A,2025-08-24,1.14,13.75,56.29,0,2.37,357,1012.8,19250.64,0.56,3.284,3100.0,0.013,PM2.5-1HR
956,NOR_NO0149A,2025-08-24,1.7,13.69,55.95,0,2.43,356.54,1012.8,2020.38,0.55,3.27,3100.0,0.292,PM2.5-1HR
956,NOR_NO0150A,2025-08-24,1.56,13.68,55.98,0,2.41,356.69,1012.8,4950.29,0.55,3.27,3100.0,0.006,PM2.5-1HR
956,NOR_NO0152A,2025-08-24,2.87,13.8,56.46,0,2.36,357.14,1012.8,1988.23,0.54,3.256,3100.0,1.811,PM2.5-1HR
956,NOR_NO0153A,2025-08-24,0.83,13.98,57.45,0,2.2,355.91,1012.84,1497.53,0.54,3.256,3100.0,0.011,PM2.5-1HR
956,NOR_NO0155A,2025-08-24,1.92,13.6,55.67,0,2.44,356.33,1012.8,3652.11,0.55,3.27,3100.0,1.758,PM2.5-1HR
956,NOR_NO0011A,2025-08-25,2.27,12.66,61.24,0,2.21,10.68,1013.58,11187.25,0.99,3.886,3100.0,0.041,PM2.5-1HR
956,NOR_NO0057A,2025-08-25,3.3,12.51,60.99,0,2.28,15.02,1013.56,727.91,1.11,4.054,3100.0,0.047,PM2.5-1HR
956,NOR_NO0071A,2025-08-25,4.94,12.67,60.87,0,2.28,13.84,1013.55,5794.7,1.08,4.012,3100.0,0.019,PM2.5-1HR
956,NOR_NO0072A,2025-08-25,2.17,12.77,61.18,0,2.18,10.81,1013.58,4189.22,0.99,3.886,3100.0,0.082,PM2.5-1HR
956,NOR_NO0073A,2025-08-25,3,12.64,61.13,0,2.24,10.81,1013.57,19813.27,1.06,3.984,3100.0,0.25,PM2.5-1HR
956,NOR_NO0083A,2025-08-25,3.07,12.76,61.18,0,2.19,10.61,1013.58,4937.94,0.99,3.886,3100.0,0.017,PM2.5-1HR
956,NOR_NO0093A,2025-08-25,4.74,12.78,61.13,0,2.2,10.31,1013.57,3881.7,0.99,3.886,3100.0,0.0,PM2.5-1HR
956,NOR_NO0095A,2025-08-25,2.99,12.76,61.27,0,2.17,12.12,1013.59,3578.09,1,3.9,3100.0,0.011,PM2.5-1HR
956,NOR_NO0114A,2025-08-25,1.76,12.96,61.24,0,2.1,13.25,1013.59,2835.19,0.9,3.76,3100.0,0.018,PM2.5-1HR
956,NOR_NO0122A,2025-08-25,3.83,12.52,60.97,0,2.29,15.02,1013.56,3172.81,1.11,4.054,3100.0,0.01,PM2.5-1HR
956,NOR_NO0129A,2025-08-25,3.1,12.38,60.78,0,2.35,16.66,1013.55,5243.09,1.31,4.334,3100.0,0.013,PM2.5-1HR
956,NOR_NO0140A,2025-08-25,2.54,12.72,61.13,0,2.23,10.48,1013.57,3929.05,0.99,3.886,3100.0,0.209,PM2.5-1HR
956,NOR_NO0143A,2025-08-25,2.24,12.66,61.1,0,2.24,11.14,1013.57,19250.64,1.06,3.984,3100.0,0.013,PM2.5-1HR
956,NOR_NO0149A,2025-08-25,2.43,12.59,60.96,0,2.28,14.11,1013.56,2020.38,1.08,4.012,3100.0,0.292,PM2.5-1HR
956,NOR_NO0150A,2025-08-25,4.13,12.57,61.09,0,2.26,12.8,1013.56,4950.29,1.08,4.012,3100.0,0.006,PM2.5-1HR
956,NOR_NO0152A,2025-08-25,5.2,12.72,61.08,0,2.24,10.88,1013.56,1988.23,0.99,3.886,3100.0,1.811,PM2.5-1HR
956,NOR_NO0153A,2025-08-25,1.14,13,61.15,0,2.11,13,1013.59,1497.53,0.9,3.76,3100.0,0.011,PM2.5-1HR
956,NOR_NO0155A,2025-08-25,1.65,12.47,61.12,0,2.27,14.95,1013.57,3652.11,1.08,4.012,3100.0,1.758,PM2.5-1HR
956,NOR_NO0011A,2025-08-26,3.35,12.64,69.76,0,1.76,85.41,1010.29,11187.25,1.48,4.572,3100.0,0.041,PM2.5-1HR
956,NOR_NO0057A,2025-08-26,4.28,12.5,69.42,0,1.8,86.36,1010.32,727.91,1.65,4.81,3100.0,0.047,PM2.5-1HR
956,NOR_NO0071A,2025-08-26,5.5,12.72,69.64,0,1.74,87.76,1010.28,5794.7,1.57,4.698,3100.0,0.019,PM2.5-1HR
956,NOR_NO0072A,2025-08-26,3,12.78,69.94,0,1.71,85.99,1010.27,4189.22,1.48,4.572,3100.0,0.082,PM2.5-1HR
956,NOR_NO0073A,2025-08-26,3.36,12.65,69.67,0,1.76,86.08,1010.29,19813.27,1.54,4.656,3100.0,0.25,PM2.5-1HR
956,NOR_NO0083A,2025-08-26,3.91,12.78,69.92,0,1.72,86.03,1010.27,4937.94,1.48,4.572,3100.0,0.017,PM2.5-1HR
956,NOR_NO0093A,2025-08-26,6.14,12.81,69.92,0,1.71,86.45,1010.26,3881.7,1.48,4.572,3100.0,0.0,PM2.5-1HR
956,NOR_NO0095A,2025-08-26,4.38,12.75,69.97,0,1.73,85.34,1010.28,3578.09,1.44,4.516,3100.0,0.011,PM2.5-1HR
956,NOR_NO0114A,2025-08-26,2.92,12.96,70.34,0,1.65,85.7,1010.24,2835.19,1.49,4.586,3100.0,0.018,PM2.5-1HR
956,NOR_NO0122A,2025-08-26,6.72,12.52,69.43,0,1.79,86.53,1010.32,3172.81,1.65,4.81,3100.0,0.01,PM2.5-1HR
956,NOR_NO0129A,2025-08-26,3.77,12.36,69.15,0,1.84,87.14,1010.36,5243.09,1.62,4.768,3100.0,0.013,PM2.5-1HR
956,NOR_NO0140A,2025-08-26,3.82,12.74,69.79,0,1.73,86.4,1010.28,3929.05,1.48,4.572,3100.0,0.209,PM2.5-1HR
956,NOR_NO0143A,2025-08-26,2.99,12.68,69.69,0,1.75,86.39,1010.29,19250.64,1.54,4.656,3100.0,0.013,PM2.5-1HR
956,NOR_NO0149A,2025-08-26,3.23,12.61,69.54,0,1.77,86.89,1010.3,2020.38,1.57,4.698,3100.0,0.292,PM2.5-1HR
956,NOR_NO0150A,2025-08-26,5.09,12.56,69.55,0,1.78,86.05,1010.31,4950.29,1.57,4.698,3100.0,0.006,PM2.5-1HR
956,NOR_NO0152A,2025-08-26,3.99,12.76,69.76,0,1.73,86.72,1010.27,1988.23,1.48,4.572,3100.0,1.811,PM2.5-1HR
956,NOR_NO0153A,2025-08-26,1.86,13.04,70.38,0,1.63,86.51,1010.23,1497.53,1.49,4.586,3100.0,0.011,PM2.5-1HR
956,NOR_NO0155A,2025-08-26,2.98,12.44,69.4,0,1.82,85.46,1010.34,3652.11,1.57,4.698,3100.0,1.758,PM2.5-1HR
956,NOR_NO0011A,2025-08-27,6.01,13.18,91.87,0.19,1.45,133.46,1010.14,11187.25,3.27,7.078,3100.0,0.041,PM2.5-1HR
956,NOR_NO0057A,2025-08-27,6.87,13.08,91.7,0.19,1.47,136.06,1010.17,727.91,3.24,7.036,3100.0,0.047,PM2.5-1HR
956,NOR_NO0071A,2025-08-27,8.84,13.25,91.71,0.19,1.47,134.97,1010.14,5794.7,3.28,7.092,3100.0,0.019,PM2.5-1HR
956,NOR_NO0072A,2025-08-27,6.68,13.27,91.9,0.19,1.44,132.64,1010.12,4189.22,3.27,7.078,3100.0,0.082,PM2.5-1HR
956,NOR_NO0073A,2025-08-27,7.61,13.2,91.81,0.19,1.46,134.09,1010.14,19813.27,3.28,7.092,3100.0,0.25,PM2.5-1HR
956,NOR_NO0083A,2025-08-27,8.83,13.27,91.89,0.19,1.44,132.75,1010.12,4937.94,3.27,7.078,3100.0,0.017,PM2.5-1HR
956,NOR_NO0093A,2025-08-27,9.5,13.3,91.87,0.19,1.45,132.77,1010.12,3881.7,3.27,7.078,3100.0,0.0,PM2.5-1HR
956,NOR_NO0095A,2025-08-27,7.19,13.23,91.94,0.19,1.44,132.47,1010.12,3578.09,3.3,7.12,3100.0,0.011,PM2.5-1HR
956,NOR_NO0114A,2025-08-27,8.73,13.35,92.03,0.19,1.42,130.72,1010.08,2835.19,3.43,7.302,3100.0,0.018,PM2.5-1HR
956,NOR_NO0122A,2025-08-27,13.51,13.09,91.69,0.19,1.47,136.07,1010.16,3172.81,3.24,7.036,3100.0,0.01,PM2.5-1HR
956,NOR_NO0129A,2025-08-27,11.6,12.97,91.55,0.18,1.48,138.35,1010.19,5243.09,3.12,6.868,3100.0,0.013,PM2.5-1HR
956,NOR_NO0140A,2025-08-27,9.4,13.27,91.84,0.19,1.45,133.36,1010.13,3929.05,3.27,7.078,3100.0,0.209,PM2.5-1HR
956,NOR_NO0143A,2025-08-27,8.17,13.22,91.8,0.19,1.46,134.02,1010.14,19250.64,3.28,7.092,3100.0,0.013,PM2.5-1HR
956,NOR_NO0149A,2025-08-27,8.22,13.16,91.71,0.19,1.47,135.39,1010.15,2020.38,3.28,7.092,3100.0,0.292,PM2.5-1HR
956,NOR_NO0150A,2025-08-27,11.66,13.13,91.76,0.19,1.46,134.99,1010.15,4950.29,3.28,7.092,3100.0,0.006,PM2.5-1HR
956,NOR_NO0152A,2025-08-27,7.77,13.28,91.81,0.19,1.46,133.51,1010.13,1988.23,3.27,7.078,3100.0,1.811,PM2.5-1HR
956,NOR_NO0153A,2025-08-27,5.46,13.41,92.02,0.2,1.42,130.54,1010.08,1497.53,3.43,7.302,3100.0,0.011,PM2.5-1HR
956,NOR_NO0155A,2025-08-27,5.99,13.03,91.74,0.19,1.47,135.87,1010.17,3652.11,3.28,7.092,3100.0,1.758,PM2.5-1HR
956,NOR_NO0011A,2025-08-28,6,14.67,91.61,0.2,1.54,83.31,1007.44,11187.25,4.72,9.108,3100.0,0.041,PM2.5-1HR
956,NOR_NO0057A,2025-08-28,6.84,14.68,91.35,0.19,1.59,86.03,1007.45,727.91,5.2,9.78,3100.0,0.047,PM2.5-1HR
956,NOR_NO0071A,2025-08-28,7.89,14.84,90.82,0.19,1.56,84.36,1007.41,5794.7,4.95,9.43,3100.0,0.019,PM2.5-1HR
956,NOR_NO0072A,2025-08-28,5.84,14.73,91.4,0.2,1.51,82.31,1007.42,4189.22,4.72,9.108,3100.0,0.082,PM2.5-1HR
956,NOR_NO0073A,2025-08-28,8.09,14.73,91.32,0.2,1.55,83.68,1007.43,19813.27,4.73,9.122,3100.0,0.25,PM2.5-1HR
956,NOR_NO0083A,2025-08-28,9.06,14.74,91.38,0.2,1.52,82.39,1007.42,4937.94,4.72,9.108,3100.0,0.017,PM2.5-1HR
956,NOR_NO0093A,2025-08-28,8.17,14.78,91.2,0.2,1.52,82.19,1007.41,3881.7,4.72,9.108,3100.0,0.0,PM2.5-1HR
956,NOR_NO0095A,2025-08-28,6.4,14.66,91.69,0.21,1.51,82.51,1007.43,3578.09,4.65,9.01,3100.0,0.011,PM2.5-1HR
956,NOR_NO0114A,2025-08-28,8.12,14.7,91.61,0.21,1.47,80.77,1007.39,2835.19,4.55,8.87,3100.0,0.018,PM2.5-1HR
956,NOR_NO0122A,2025-08-28,12.13,14.69,91.3,0.19,1.59,86,1007.45,3172.81,5.2,9.78,3100.0,0.01,PM2.5-1HR
956,NOR_NO0129A,2025-08-28,10.88,14.65,91.25,0.18,1.65,88.49,1007.47,5243.09,5.27,9.878,3100.0,0.013,PM2.5-1HR
956,NOR_NO0140A,2025-08-28,9.63,14.78,91.18,0.2,1.53,82.72,1007.42,3929.05,4.72,9.108,3100.0,0.209,PM2.5-1HR
956,NOR_NO0143A,2025-08-28,7.97,14.76,91.19,0.19,1.55,83.47,1007.43,19250.64,4.73,9.122,3100.0,0.013,PM2.5-1HR
956,NOR_NO0149A,2025-08-28,7.31,14.75,91.13,0.19,1.57,85.1,1007.44,2020.38,4.95,9.43,3100.0,0.292,PM2.5-1HR
956,NOR_NO0150A,2025-08-28,10.82,14.69,91.4,0.19,1.57,84.83,1007.44,4950.29,4.95,9.43,3100.0,0.006,PM2.5-1HR
956,NOR_NO0152A,2025-08-28,8.49,14.82,91.02,0.19,1.54,82.68,1007.41,1988.23,4.72,9.108,3100.0,1.811,PM2.5-1HR
956,NOR_NO0153A,2025-08-28,4.85,14.78,91.32,0.2,1.46,80.2,1007.37,1497.53,4.55,8.87,3100.0,0.011,PM2.5-1HR
956,NOR_NO0155A,2025-08-28,5.77,14.61,91.65,0.19,1.59,86.04,1007.47,3652.11,4.95,9.43,3100.0,1.758,PM2.5-1HR
956,NOR_NO0011A,2025-08-29,7.16,14.14,95.2,0.56,2.66,74.63,1003.35,11187.25,6.38,11.432,3100.0,0.041,PM2.5-1HR
956,NOR_NO0057A,2025-08-29,8.66,14.12,95.04,0.53,2.76,77.59,1003.38,727.91,6.97,12.258,3100.0,0.047,PM2.5-1HR
956,NOR_NO0071A,2025-08-29,9.77,14.23,95.07,0.54,2.74,77.04,1003.32,5794.7,6.64,11.796,3100.0,0.019,PM2.5-1HR
956,NOR_NO0073A,2025-08-29,9.07,14.17,95.15,0.55,2.7,75.6,1003.34,19813.27,6.37,11.418,3100.0,0.25,PM2.5-1HR
956,NOR_NO0083A,2025-08-29,10.84,14.18,95.23,0.57,2.63,74.08,1003.31,4937.94,6.38,11.432,3100.0,0.017,PM2.5-1HR
956,NOR_NO0093A,2025-08-29,10.04,14.21,95.22,0.57,2.64,74.29,1003.3,3881.7,6.38,11.432,3100.0,0.0,PM2.5-1HR
956,NOR_NO0095A,2025-08-29,7.21,14.13,95.27,0.58,2.6,73.38,1003.33,3578.09,6.36,11.404,3100.0,0.011,PM2.5-1HR
956,NOR_NO0114A,2025-08-29,9.98,14.16,95.37,0.62,2.5,71.43,1003.27,2835.19,6.5,11.6,3100.0,0.018,PM2.5-1HR
956,NOR_NO0122A,2025-08-29,14.45,14.13,95.03,0.53,2.76,77.65,1003.37,3172.81,6.97,12.258,3100.0,0.01,PM2.5-1HR
956,NOR_NO0129A,2025-08-29,14.3,14.08,94.89,0.51,2.83,79.91,1003.41,5243.09,6.75,11.95,3100.0,0.013,PM2.5-1HR
956,NOR_NO0140A,2025-08-29,12.85,14.21,95.19,0.56,2.68,74.96,1003.32,3929.05,6.38,11.432,3100.0,0.209,PM2.5-1HR
956,NOR_NO0143A,2025-08-29,10.68,14.2,95.15,0.55,2.7,75.65,1003.33,19250.64,6.37,11.418,3100.0,0.013,PM2.5-1HR
956,NOR_NO0149A,2025-08-29,8.74,14.17,95.06,0.54,2.75,77.15,1003.35,2020.38,6.64,11.796,3100.0,0.292,PM2.5-1HR
956,NOR_NO0150A,2025-08-29,11.87,14.14,95.1,0.54,2.73,76.47,1003.36,4950.29,6.64,11.796,3100.0,0.006,PM2.5-1HR
956,NOR_NO0152A,2025-08-29,9.9,14.23,95.17,0.55,2.7,75.27,1003.31,1988.23,6.38,11.432,3100.0,1.811,PM2.5-1HR
956,NOR_NO0153A,2025-08-29,6.06,14.22,95.35,0.62,2.5,71.71,1003.24,1497.53,6.5,11.6,3100.0,0.011,PM2.5-1HR
956,NOR_NO0155A,2025-08-29,6.93,14.08,95.06,0.53,2.75,77.11,1003.4,3652.11,6.64,11.796,3100.0,1.758,PM2.5-1HR
956,NOR_NO0011A,2025-08-30,8.07,15.85,90.15,0.19,1.33,107.07,1005.82,11187.25,5.05,9.57,3100.0,0.041,PM2.5-1HR
956,NOR_NO0057A,2025-08-30,8.22,15.84,90.2,0.19,1.4,107.11,1005.85,727.91,5.7,10.48,3100.0,0.047,PM2.5-1HR
956,NOR_NO0071A,2025-08-30,9.12,15.97,89.71,0.17,1.36,107.35,1005.82,5794.7,5.3,9.92,3100.0,0.019,PM2.5-1HR
956,NOR_NO0073A,2025-08-30,8.24,15.9,90.01,0.19,1.34,107.11,1005.82,19813.27,5.16,9.724,3100.0,0.25,PM2.5-1HR
956,NOR_NO0083A,2025-08-30,10.52,15.91,89.88,0.18,1.31,107.28,1005.8,4937.94,5.05,9.57,3100.0,0.017,PM2.5-1HR
956,NOR_NO0093A,2025-08-30,8.97,15.95,89.75,0.18,1.3,107.33,1005.8,3881.7,5.05,9.57,3100.0,0.0,PM2.5-1HR
956,NOR_NO0095A,2025-08-30,6.47,15.85,90.08,0.19,1.3,107.25,1005.8,3578.09,4.92,9.388,3100.0,0.011,PM2.5-1HR
956,NOR_NO0114A,2025-08-30,10.12,15.89,89.77,0.18,1.26,107.67,1005.77,2835.19,4.93,9.402,3100.0,0.018,PM2.5-1HR
956,NOR_NO0122A,2025-08-30,14.4,15.85,90.16,0.19,1.4,107.14,1005.85,3172.81,5.7,10.48,3100.0,0.01,PM2.5-1HR
956,NOR_NO0129A,2025-08-30,13.21,15.79,90.34,0.18,1.48,107.15,1005.88,5243.09,5.61,10.354,3100.0,0.013,PM2.5-1HR
956,NOR_NO0140A,2025-08-30,12.95,15.94,89.82,0.18,1.32,107.21,1005.81,3929.05,5.05,9.57,3100.0,0.209,PM2.5-1HR
956,NOR_NO0143A,2025-08-30,11.07,15.92,89.91,0.18,1.34,107.16,1005.82,19250.64,5.16,9.724,3100.0,0.013,PM2.5-1HR
956,NOR_NO0150A,2025-08-30,11.04,15.86,90.14,0.19,1.37,107.09,1005.83,4950.29,5.3,9.92,3100.0,0.006,PM2.5-1HR
956,NOR_NO0152A,2025-08-30,11.16,15.97,89.74,0.18,1.32,107.22,1005.8,1988.23,5.05,9.57,3100.0,1.811,PM2.5-1HR
956,NOR_NO0153A,2025-08-30,6.69,15.96,89.49,0.17,1.26,107.79,1005.76,1497.53,4.93,9.402,3100.0,0.011,PM2.5-1HR
956,NOR_NO0155A,2025-08-30,6.75,15.79,90.41,0.2,1.4,106.97,1005.85,3652.11,5.3,9.92,3100.0,1.758,PM2.5-1HR
956,NOR_NO0149A,2025-09-01,5.7,16.52,86.31,0.36,2.99,117.02,1009.36,2020.38,3.4,7.26,3100.0,0.292,PM2.5-1HR
956,NOR_NO0011A,2025-09-01,5.16,16.33,87.41,0.41,2.87,114.81,1009.31,11187.25,3.2,6.98,3100.0,0.041,PM2.5-1HR
956,NOR_NO0057A,2025-09-01,5.8,16.49,86.29,0.35,3.03,117.29,1009.39,727.91,3.59,7.526,3100.0,0.047,PM2.5-1HR
956,NOR_NO0071A,2025-09-01,6.99,16.57,86.15,0.37,2.97,117.09,1009.33,5794.7,3.4,7.26,3100.0,0.019,PM2.5-1HR
956,NOR_NO0073A,2025-09-01,5.87,16.42,86.95,0.39,2.91,115.61,1009.33,19813.27,3.18,6.952,3100.0,0.25,PM2.5-1HR
956,NOR_NO0083A,2025-09-01,7.73,16.35,87.4,0.43,2.84,114.73,1009.27,4937.94,3.2,6.98,3100.0,0.017,PM2.5-1HR
956,NOR_NO0093A,2025-09-01,7.79,16.4,87.24,0.42,2.84,114.95,1009.27,3881.7,3.2,6.98,3100.0,0.0,PM2.5-1HR
956,NOR_NO0095A,2025-09-01,6.07,16.28,87.76,0.44,2.82,114.2,1009.26,3578.09,3.22,7.008,3100.0,0.011,PM2.5-1HR
956,NOR_NO0114A,2025-09-01,7.69,16.24,88.16,0.49,2.74,113.46,1009.17,2835.19,3.49,7.386,3100.0,0.018,PM2.5-1HR
956,NOR_NO0122A,2025-09-01,10.75,16.51,86.23,0.35,3.03,117.37,1009.39,3172.81,3.59,7.526,3100.0,0.01,PM2.5-1HR
956,NOR_NO0129A,2025-09-01,8.04,16.62,85.38,0.31,3.18,119.3,1009.46,5243.09,3.52,7.428,3100.0,0.013,PM2.5-1HR
956,NOR_NO0140A,2025-09-01,8.07,16.42,87.06,0.4,2.87,115.25,1009.3,3929.05,3.2,6.98,3100.0,0.209,PM2.5-1HR
956,NOR_NO0143A,2025-09-01,6.78,16.44,86.86,0.39,2.91,115.71,1009.32,19250.64,3.18,6.952,3100.0,0.013,PM2.5-1HR
956,NOR_NO0150A,2025-09-01,9.66,16.44,86.71,0.37,2.96,116.31,1009.36,4950.29,3.4,7.26,3100.0,0.006,PM2.5-1HR
956,NOR_NO0152A,2025-09-01,7.55,16.46,86.88,0.39,2.88,115.48,1009.3,1988.23,3.2,6.98,3100.0,1.811,PM2.5-1HR
956,NOR_NO0153A,2025-09-01,4.29,16.3,87.92,0.49,2.74,113.86,1009.16,1497.53,3.49,7.386,3100.0,0.011,PM2.5-1HR
956,NOR_NO0155A,2025-09-01,4.87,16.42,86.65,0.36,3.01,116.75,1009.4,3652.11,3.4,7.26,3100.0,1.758,PM2.5-1HR
956,NOR_NO0011A,2025-09-02,3.4,15.74,85.9,0.08,2.05,151.76,1007.95,11187.25,1.61,4.754,3100.0,0.041,PM2.5-1HR
956,NOR_NO0057A,2025-09-02,3.73,15.86,85.48,0.08,2.02,151.72,1007.98,727.91,1.71,4.894,3100.0,0.047,PM2.5-1HR
956,NOR_NO0071A,2025-09-02,5.03,15.95,85.24,0.08,2,152.18,1007.97,5794.7,1.61,4.754,3100.0,0.019,PM2.5-1HR
956,NOR_NO0073A,2025-09-02,5.86,15.81,85.67,0.08,2.04,152.03,1007.96,19813.27,1.61,4.754,3100.0,0.25,PM2.5-1HR
956,NOR_NO0083A,2025-09-02,4.53,15.78,85.78,0.07,2.03,151.71,1007.94,4937.94,1.61,4.754,3100.0,0.017,PM2.5-1HR
956,NOR_NO0093A,2025-09-02,4.93,15.81,85.67,0.07,2.02,151.87,1007.94,3881.7,1.61,4.754,3100.0,0.0,PM2.5-1HR
956,NOR_NO0095A,2025-09-02,4.58,15.7,86,0.07,2.04,151.34,1007.93,3578.09,1.57,4.698,3100.0,0.011,PM2.5-1HR
956,NOR_NO0114A,2025-09-02,4.04,15.69,86.02,0.07,2.02,150.84,1007.9,2835.19,1.72,4.908,3100.0,0.018,PM2.5-1HR
956,NOR_NO0122A,2025-09-02,7.28,15.87,85.45,0.08,2.01,151.75,1007.98,3172.81,1.71,4.894,3100.0,0.01,PM2.5-1HR
956,NOR_NO0140A,2025-09-02,5.06,15.83,85.63,0.07,2.03,152.08,1007.95,3929.05,1.61,4.754,3100.0,0.209,PM2.5-1HR
956,NOR_NO0143A,2025-09-02,4.48,15.84,85.59,0.08,2.03,152.1,1007.96,19250.64,1.61,4.754,3100.0,0.013,PM2.5-1HR
956,NOR_NO0149A,2025-09-02,3.59,15.89,85.41,0.08,2.01,151.94,1007.97,2020.38,1.61,4.754,3100.0,0.292,PM2.5-1HR
956,NOR_NO0150A,2025-09-02,7.61,15.82,85.62,0.08,2.03,151.86,1007.97,4950.29,1.61,4.754,3100.0,0.006,PM2.5-1HR
956,NOR_NO0152A,2025-09-02,6.8,15.87,85.53,0.07,2.02,152.25,1007.95,1988.23,1.61,4.754,3100.0,1.811,PM2.5-1HR
956,NOR_NO0153A,2025-09-02,1.8,15.76,85.83,0.06,2,151.1,1007.9,1497.53,1.72,4.908,3100.0,0.011,PM2.5-1HR
956,NOR_NO0155A,2025-09-02,2.45,15.79,85.7,0.08,2.04,151.59,1007.98,3652.11,1.61,4.754,3100.0,1.758,PM2.5-1HR
956,NOR_NO0011A,2025-09-03,3.93,15.52,82.32,0.18,3.01,161.93,1005.78,11187.25,2.44,5.916,3100.0,0.041,PM2.5-1HR
956,NOR_NO0057A,2025-09-03,5.12,15.64,81.39,0.17,3.06,164.79,1005.85,727.91,2.57,6.098,3100.0,0.047,PM2.5-1HR
956,NOR_NO0071A,2025-09-03,5.38,15.72,81.55,0.17,3.07,164.72,1005.83,5794.7,2.44,5.916,3100.0,0.019,PM2.5-1HR
956,NOR_NO0073A,2025-09-03,5.8,15.59,82.05,0.18,3.04,163.04,1005.8,19813.27,2.44,5.916,3100.0,0.25,PM2.5-1HR
956,NOR_NO0083A,2025-09-03,5.99,15.56,82.41,0.19,3,161.64,1005.76,4937.94,2.44,5.916,3100.0,0.017,PM2.5-1HR
956,NOR_NO0093A,2025-09-03,5.28,15.59,82.36,0.19,3.01,161.99,1005.77,3881.7,2.44,5.916,3100.0,0.0,PM2.5-1HR
956,NOR_NO0095A,2025-09-03,3.67,15.49,82.57,0.19,2.98,160.75,1005.75,3578.09,2.49,5.986,3100.0,0.011,PM2.5-1HR
956,NOR_NO0114A,2025-09-03,5.44,15.48,82.93,0.2,2.93,159.23,1005.69,2835.19,2.46,5.944,3100.0,0.018,PM2.5-1HR
956,NOR_NO0122A,2025-09-03,7.85,15.65,81.36,0.17,3.06,164.9,1005.85,3172.81,2.57,6.098,3100.0,0.01,PM2.5-1HR
956,NOR_NO0140A,2025-09-03,6.57,15.61,82.22,0.18,3.03,162.6,1005.78,3929.05,2.44,5.916,3100.0,0.209,PM2.5-1HR
956,NOR_NO0143A,2025-09-03,5.14,15.62,82.03,0.18,3.04,163.19,1005.8,19250.64,2.44,5.916,3100.0,0.013,PM2.5-1HR
956,NOR_NO0149A,2025-09-03,4.56,15.67,81.53,0.17,3.06,164.56,1005.83,2020.38,2.44,5.916,3100.0,0.292,PM2.5-1HR
956,NOR_NO0150A,2025-09-03,5.91,15.6,81.77,0.17,3.05,163.74,1005.82,4950.29,2.44,5.916,3100.0,0.006,PM2.5-1HR
956,NOR_NO0152A,2025-09-03,6.51,15.64,82.14,0.18,3.05,163.01,1005.79,1988.23,2.44,5.916,3100.0,1.811,PM2.5-1HR
956,NOR_NO0153A,2025-09-03,2.47,15.54,82.87,0.2,2.94,159.78,1005.7,1497.53,2.46,5.944,3100.0,0.011,PM2.5-1HR
956,NOR_NO0155A,2025-09-03,3.43,15.57,81.56,0.17,3.04,164.11,1005.84,3652.11,2.44,5.916,3100.0,1.758,PM2.5-1HR
956,NOR_NO0011A,2025-09-04,4.3,16.89,86.8,0.85,5.32,170.7,1004.48,11187.25,2.14,5.496,3100.0,0.041,PM2.5-1HR
956,NOR_NO0057A,2025-09-04,4.22,16.93,86.5,0.81,5.42,172.23,1004.65,727.91,2.29,5.706,3100.0,0.047,PM2.5-1HR
956,NOR_NO0071A,2025-09-04,6.51,16.98,86.44,0.8,5.39,172.12,1004.64,5794.7,2.15,5.51,3100.0,0.019,PM2.5-1HR
956,NOR_NO0073A,2025-09-04,5.01,16.92,86.72,0.84,5.37,171.26,1004.55,19813.27,2.15,5.51,3100.0,0.25,PM2.5-1HR
956,NOR_NO0083A,2025-09-04,10.06,16.92,86.67,0.84,5.27,170.53,1004.45,4937.94,2.14,5.496,3100.0,0.017,PM2.5-1HR
956,NOR_NO0093A,2025-09-04,6.82,16.94,86.63,0.83,5.28,170.69,1004.47,3881.7,2.14,5.496,3100.0,0.0,PM2.5-1HR
956,NOR_NO0095A,2025-09-04,3.74,16.89,86.72,0.84,5.23,170.09,1004.4,3578.09,2.16,5.524,3100.0,0.011,PM2.5-1HR
956,NOR_NO0114A,2025-09-04,7.52,16.92,86.52,0.81,5.08,169.28,1004.3,2835.19,2.24,5.636,3100.0,0.018,PM2.5-1HR
956,NOR_NO0122A,2025-09-04,9.24,16.94,86.48,0.8,5.42,172.28,1004.66,3172.81,2.29,5.706,3100.0,0.01,PM2.5-1HR
956,NOR_NO0140A,2025-09-04,9.07,16.94,86.69,0.84,5.34,171.01,1004.52,3929.05,2.14,5.496,3100.0,0.209,PM2.5-1HR
956,NOR_NO0143A,2025-09-04,7.16,16.94,86.68,0.84,5.37,171.32,1004.55,19250.64,2.15,5.51,3100.0,0.013,PM2.5-1HR
956,NOR_NO0149A,2025-09-04,5.27,16.95,86.5,0.81,5.4,172.07,1004.64,2020.38,2.15,5.51,3100.0,0.292,PM2.5-1HR
956,NOR_NO0150A,2025-09-04,5.82,16.92,86.64,0.83,5.39,171.66,1004.59,4950.29,2.15,5.51,3100.0,0.006,PM2.5-1HR
956,NOR_NO0152A,2025-09-04,7.53,16.95,86.67,0.84,5.36,171.2,1004.54,1988.23,2.14,5.496,3100.0,1.811,PM2.5-1HR
956,NOR_NO0153A,2025-09-04,1.46,16.96,86.43,0.8,5.09,169.54,1004.32,1497.53,2.24,5.636,3100.0,0.011,PM2.5-1HR
956,NOR_NO0155A,2025-09-04,3.65,16.9,86.63,0.82,5.41,171.9,1004.62,3652.11,2.15,5.51,3100.0,1.758,PM2.5-1HR
956,NOR_NO0011A,2025-09-05,4.07,14.98,95.37,0.36,1.81,149.64,1013.44,11187.25,3.55,7.47,3100.0,0.041,PM2.5-1HR
956,NOR_NO0057A,2025-09-05,3.96,15.03,94.9,0.37,1.86,150.28,1013.48,727.91,3.85,7.89,3100.0,0.047,PM2.5-1HR
956,NOR_NO0071A,2025-09-05,6.52,15.1,94.94,0.37,1.85,151.45,1013.46,5794.7,3.57,7.498,3100.0,0.019,PM2.5-1HR
956,NOR_NO0073A,2025-09-05,6.62,15.02,95.23,0.36,1.83,150.21,1013.45,19813.27,3.57,7.498,3100.0,0.25,PM2.5-1HR
956,NOR_NO0083A,2025-09-05,7.77,15.01,95.35,0.36,1.79,150.27,1013.42,4937.94,3.55,7.47,3100.0,0.017,PM2.5-1HR
956,NOR_NO0093A,2025-09-05,7.63,15.04,95.31,0.36,1.8,150.63,1013.42,3881.7,3.55,7.47,3100.0,0.0,PM2.5-1HR
956,NOR_NO0095A,2025-09-05,3.64,14.96,95.43,0.36,1.78,149.61,1013.42,3578.09,3.4,7.26,3100.0,0.011,PM2.5-1HR
956,NOR_NO0114A,2025-09-05,7.46,14.97,95.48,0.36,1.73,150.53,1013.38,2835.19,3.52,7.428,3100.0,0.018,PM2.5-1HR
956,NOR_NO0122A,2025-09-05,11.45,15.04,94.88,0.37,1.86,150.42,1013.48,3172.81,3.85,7.89,3100.0,0.01,PM2.5-1HR
956,NOR_NO0140A,2025-09-05,8.35,15.04,95.28,0.36,1.82,150.51,1013.44,3929.05,3.55,7.47,3100.0,0.209,PM2.5-1HR
956,NOR_NO0143A,2025-09-05,7.69,15.04,95.21,0.36,1.83,150.47,1013.45,19250.64,3.57,7.498,3100.0,0.013,PM2.5-1HR
956,NOR_NO0149A,2025-09-05,4.5,15.06,94.95,0.37,1.85,150.78,1013.47,2020.38,3.57,7.498,3100.0,0.292,PM2.5-1HR
956,NOR_NO0150A,2025-09-05,9.35,15.02,95.1,0.37,1.84,150.13,1013.47,4950.29,3.57,7.498,3100.0,0.006,PM2.5-1HR
956,NOR_NO0152A,2025-09-05,8.29,15.06,95.24,0.36,1.83,150.75,1013.44,1988.23,3.55,7.47,3100.0,1.811,PM2.5-1HR
956,NOR_NO0153A,2025-09-05,2.58,15.01,95.42,0.36,1.74,151.39,1013.38,1497.53,3.52,7.428,3100.0,0.011,PM2.5-1HR
956,NOR_NO0155A,2025-09-05,3.63,14.99,95.02,0.37,1.85,149.55,1013.48,3652.11,3.57,7.498,3100.0,1.758,PM2.5-1HR
956,NOR_NO0011A,2025-09-06,4.21,15.49,88.77,0.13,1.16,320.08,1019.88,11187.25,2.55,6.07,3100.0,0.041,PM2.5-1HR
956,NOR_NO0057A,2025-09-06,5.81,15.44,89.18,0.14,1.19,318.1,1019.85,727.91,2.77,6.378,3100.0,0.047,PM2.5-1HR
956,NOR_NO0071A,2025-09-06,7.01,15.51,89.21,0.13,1.17,317.43,1019.84,5794.7,2.63,6.182,3100.0,0.019,PM2.5-1HR
956,NOR_NO0073A,2025-09-06,5.76,15.5,88.97,0.13,1.17,319.19,1019.86,19813.27,2.63,6.182,3100.0,0.25,PM2.5-1HR
956,NOR_NO0083A,2025-09-06,5.85,15.52,88.7,0.12,1.15,320.16,1019.88,4937.94,2.55,6.07,3100.0,0.017,PM2.5-1HR
956,NOR_NO0093A,2025-09-06,6.1,15.53,88.76,0.12,1.15,319.84,1019.87,3881.7,2.55,6.07,3100.0,0.0,PM2.5-1HR
956,NOR_NO0095A,2025-09-06,2.67,15.5,88.53,0.12,1.15,320.86,1019.89,3578.09,2.59,6.126,3100.0,0.011,PM2.5-1HR
956,NOR_NO0114A,2025-09-06,4.94,15.53,88.21,0.11,1.12,321.87,1019.91,2835.19,2.46,5.944,3100.0,0.018,PM2.5-1HR
956,NOR_NO0122A,2025-09-06,9.1,15.44,89.2,0.14,1.18,317.95,1019.85,3172.81,2.77,6.378,3100.0,0.01,PM2.5-1HR
956,NOR_NO0140A,2025-09-06,7.46,15.53,88.9,0.13,1.16,319.42,1019.87,3929.05,2.55,6.07,3100.0,0.209,PM2.5-1HR
956,NOR_NO0143A,2025-09-06,6.11,15.51,88.99,0.13,1.16,319,1019.86,19250.64,2.63,6.182,3100.0,0.013,PM2.5-1HR
956,NOR_NO0149A,2025-09-06,5.09,15.47,89.17,0.14,1.18,317.94,1019.85,2020.38,2.63,6.182,3100.0,0.292,PM2.5-1HR
956,NOR_NO0150A,2025-09-06,5.27,15.47,89.05,0.14,1.18,318.79,1019.86,4950.29,2.63,6.182,3100.0,0.006,PM2.5-1HR
956,NOR_NO0152A,2025-09-06,7.03,15.54,88.98,0.13,1.16,319.05,1019.86,1988.23,2.55,6.07,3100.0,1.811,PM2.5-1HR
956,NOR_NO0153A,2025-09-06,3.37,15.56,88.28,0.1,1.12,321.46,1019.9,1497.53,2.46,5.944,3100.0,0.011,PM2.5-1HR
956,NOR_NO0155A,2025-09-06,3.68,15.42,89.08,0.14,1.19,318.89,1019.85,3652.11,2.63,6.182,3100.0,1.758,PM2.5-1HR
956,NOR_NO0011A,2025-09-07,4.51,14.24,88.91,0,1.43,247.64,1023.83,11187.25,3.11,6.854,3100.0,0.041,PM2.5-1HR
956,NOR_NO0057A,2025-09-07,5.2,14.27,88.22,0,1.41,248.68,1023.82,727.91,3.3,7.12,3100.0,0.047,PM2.5-1HR
956,NOR_NO0071A,2025-09-07,6.72,14.45,88.51,0,1.39,247.68,1023.82,5794.7,3.15,6.91,3100.0,0.019,PM2.5-1HR
956,NOR_NO0073A,2025-09-07,6.13,14.3,88.78,0,1.42,248.12,1023.82,19813.27,3.15,6.91,3100.0,0.25,PM2.5-1HR
956,NOR_NO0083A,2025-09-07,6.49,14.34,88.98,0,1.41,246.61,1023.82,4937.94,3.11,6.854,3100.0,0.017,PM2.5-1HR
956,NOR_NO0093A,2025-09-07,6.52,14.39,88.98,0,1.41,246.64,1023.82,3881.7,3.11,6.854,3100.0,0.0,PM2.5-1HR
956,NOR_NO0095A,2025-09-07,4.3,14.27,89,0,1.42,246.22,1023.83,3578.09,3.14,6.896,3100.0,0.011,PM2.5-1HR
956,NOR_NO0114A,2025-09-07,6.9,14.38,89.15,0,1.4,243.82,1023.82,2835.19,3.34,7.176,3100.0,0.018,PM2.5-1HR
956,NOR_NO0122A,2025-09-07,7.98,14.29,88.22,0,1.41,248.6,1023.82,3172.81,3.3,7.12,3100.0,0.01,PM2.5-1HR
956,NOR_NO0140A,2025-09-07,8.6,14.36,88.93,0,1.42,247.53,1023.82,3929.05,3.11,6.854,3100.0,0.209,PM2.5-1HR
956,NOR_NO0143A,2025-09-07,7.53,14.34,88.79,0,1.42,248,1023.82,19250.64,3.15,6.91,3100.0,0.013,PM2.5-1HR
956,NOR_NO0149A,2025-09-07,5.97,14.35,88.41,0,1.4,248.19,1023.82,2020.38,3.15,6.91,3100.0,0.292,PM2.5-1HR
956,NOR_NO0150A,2025-09-07,6.25,14.27,88.53,0,1.42,248.41,1023.82,4950.29,3.15,6.91,3100.0,0.006,PM2.5-1HR
956,NOR_NO0152A,2025-09-07,7.66,14.4,88.91,0,1.41,247.77,1023.82,1988.23,3.11,6.854,3100.0,1.811,PM2.5-1HR
956,NOR_NO0153A,2025-09-07,3.8,14.46,89.18,0,1.39,243.48,1023.82,1497.53,3.34,7.176,3100.0,0.011,PM2.5-1HR
956,NOR_NO0155A,2025-09-07,3.64,14.18,88.28,0,1.43,248.98,1023.83,3652.11,3.15,6.91,3100.0,1.758,PM2.5-1HR
956,NOR_NO0011A,2025-09-08,4.89,14.27,89.03,0.05,1.58,107.1,1022.83,11187.25,3.82,7.848,3100.0,0.041,PM2.5-1HR
956,NOR_NO0057A,2025-09-08,5.42,14.27,88.74,0.06,1.66,109.16,1022.84,727.91,4.05,8.17,3100.0,0.047,PM2.5-1HR
956,NOR_NO0071A,2025-09-08,6.66,14.42,88.86,0.06,1.64,108.23,1022.81,5794.7,3.81,7.834,3100.0,0.019,PM2.5-1HR
956,NOR_NO0073A,2025-09-08,5.21,14.33,88.99,0.05,1.6,107.51,1022.82,19813.27,3.81,7.834,3100.0,0.25,PM2.5-1HR
956,NOR_NO0083A,2025-09-08,6.57,14.34,89.05,0.05,1.57,106.72,1022.81,4937.94,3.82,7.848,3100.0,0.017,PM2.5-1HR
956,NOR_NO0093A,2025-09-08,7.03,14.38,89.05,0.05,1.57,106.71,1022.8,3881.7,3.82,7.848,3100.0,0.0,PM2.5-1HR
956,NOR_NO0095A,2025-09-08,4.7,14.27,89.05,0.05,1.55,106.6,1022.81,3578.09,3.79,7.806,3100.0,0.011,PM2.5-1HR
956,NOR_NO0114A,2025-09-08,6.81,14.33,89.08,0.05,1.5,105.75,1022.78,2835.19,3.86,7.904,3100.0,0.018,PM2.5-1HR
956,NOR_NO0122A,2025-09-08,11.18,14.29,88.74,0.06,1.66,109.16,1022.84,3172.81,4.05,8.17,3100.0,0.01,PM2.5-1HR
956,NOR_NO0140A,2025-09-08,8.36,14.37,89.04,0.05,1.59,107,1022.81,3929.05,3.82,7.848,3100.0,0.209,PM2.5-1HR
956,NOR_NO0143A,2025-09-08,7.05,14.36,88.99,0.05,1.61,107.46,1022.82,19250.64,3.81,7.834,3100.0,0.013,PM2.5-1HR
956,NOR_NO0149A,2025-09-08,4.97,14.34,88.82,0.06,1.64,108.59,1022.83,2020.38,3.81,7.834,3100.0,0.292,PM2.5-1HR
956,NOR_NO0150A,2025-09-08,8.35,14.29,88.88,0.06,1.63,108.27,1022.84,4950.29,3.81,7.834,3100.0,0.006,PM2.5-1HR
956,NOR_NO0152A,2025-09-08,7.27,14.41,89.04,0.05,1.6,107.04,1022.81,1988.23,3.82,7.848,3100.0,1.811,PM2.5-1HR
956,NOR_NO0153A,2025-09-08,5.13,14.4,89.09,0.05,1.51,105.69,1022.77,1497.53,3.86,7.904,3100.0,0.011,PM2.5-1HR
956,NOR_NO0155A,2025-09-08,4.71,14.21,88.77,0.06,1.64,109.04,1022.86,3652.11,3.81,7.834,3100.0,1.758,PM2.5-1HR
956,NOR_NO0011A,2025-09-09,7.3,16.07,91.64,0.29,1.22,58.91,1020.19,11187.25,6.01,10.914,3100.0,0.041,PM2.5-1HR
956,NOR_NO0057A,2025-09-09,8.06,16.19,91.37,0.32,1.26,63.75,1020.18,727.91,6.28,11.292,3100.0,0.047,PM2.5-1HR
956,NOR_NO0071A,2025-09-09,9.69,16.28,91.28,0.32,1.24,60.84,1020.15,5794.7,6.03,10.942,3100.0,0.019,PM2.5-1HR
956,NOR_NO0073A,2025-09-09,9.67,16.15,91.53,0.3,1.23,59.38,1020.18,19813.27,6.03,10.942,3100.0,0.25,PM2.5-1HR
956,NOR_NO0083A,2025-09-09,10.4,16.09,91.58,0.29,1.21,57.78,1020.17,4937.94,6.01,10.914,3100.0,0.017,PM2.5-1HR
956,NOR_NO0093A,2025-09-09,9.38,16.13,91.53,0.29,1.21,57.39,1020.16,3881.7,6.01,10.914,3100.0,0.0,PM2.5-1HR
956,NOR_NO0095A,2025-09-09,7.13,16.01,91.67,0.28,1.21,58.22,1020.18,3578.09,5.9,10.76,3100.0,0.011,PM2.5-1HR
956,NOR_NO0114A,2025-09-09,9.73,15.96,91.66,0.26,1.19,56.44,1020.16,2835.19,6.06,10.984,3100.0,0.018,PM2.5-1HR
956,NOR_NO0122A,2025-09-09,14.67,16.2,91.35,0.32,1.26,63.72,1020.18,3172.81,6.28,11.292,3100.0,0.01,PM2.5-1HR
956,NOR_NO0140A,2025-09-09,12.13,16.16,91.52,0.3,1.22,57.9,1020.17,3929.05,6.01,10.914,3100.0,0.209,PM2.5-1HR
956,NOR_NO0143A,2025-09-09,10.51,16.17,91.49,0.31,1.23,59.07,1020.17,19250.64,6.03,10.942,3100.0,0.013,PM2.5-1HR
956,NOR_NO0149A,2025-09-09,9.25,16.22,91.35,0.32,1.25,62.1,1020.17,2020.38,6.03,10.942,3100.0,0.292,PM2.5-1HR
956,NOR_NO0150A,2025-09-09,13.67,16.16,91.47,0.31,1.24,61.47,1020.18,4950.29,6.03,10.942,3100.0,0.006,PM2.5-1HR
956,NOR_NO0152A,2025-09-09,12.6,16.2,91.48,0.31,1.22,57.7,1020.16,1988.23,6.01,10.914,3100.0,1.811,PM2.5-1HR
956,NOR_NO0153A,2025-09-09,6.45,16.03,91.59,0.27,1.18,55.49,1020.14,1497.53,6.06,10.984,3100.0,0.011,PM2.5-1HR
956,NOR_NO0155A,2025-09-09,7.21,16.13,91.48,0.32,1.26,63.6,1020.2,3652.11,6.03,10.942,3100.0,1.758,PM2.5-1HR
956,NOR_NO0011A,2025-09-10,8.85,17.36,80.57,0.08,3.61,92.43,1015.91,11187.25,8.05,13.77,3100.0,0.041,PM2.5-1HR
956,NOR_NO0057A,2025-09-10,9.31,17.43,79.89,0.06,3.71,93.49,1015.97,727.91,8.28,14.092,3100.0,0.047,PM2.5-1HR
956,NOR_NO0071A,2025-09-10,9.28,17.53,79.86,0.06,3.68,93.23,1015.89,5794.7,8.1,13.84,3100.0,0.019,PM2.5-1HR
956,NOR_NO0073A,2025-09-10,10.53,17.43,80.28,0.07,3.65,92.74,1015.91,19813.27,8.1,13.84,3100.0,0.25,PM2.5-1HR
956,NOR_NO0083A,2025-09-10,12.96,17.39,80.62,0.08,3.57,92.18,1015.86,4937.94,8.05,13.77,3100.0,0.017,PM2.5-1HR
956,NOR_NO0093A,2025-09-10,10.12,17.43,80.52,0.08,3.57,92.22,1015.85,3881.7,8.05,13.77,3100.0,0.0,PM2.5-1HR
956,NOR_NO0095A,2025-09-10,8.79,17.32,80.85,0.08,3.54,91.98,1015.87,3578.09,7.83,13.462,3100.0,0.011,PM2.5-1HR
956,NOR_NO0114A,2025-09-10,12.4,17.3,81.2,0.09,3.43,91.24,1015.79,2835.19,8.3,14.12,3100.0,0.018,PM2.5-1HR
956,NOR_NO0122A,2025-09-10,17.07,17.45,79.87,0.06,3.71,93.51,1015.96,3172.81,8.28,14.092,3100.0,0.01,PM2.5-1HR
956,NOR_NO0140A,2025-09-10,14.01,17.45,80.37,0.07,3.61,92.47,1015.87,3929.05,8.05,13.77,3100.0,0.209,PM2.5-1HR
956,NOR_NO0143A,2025-09-10,12.42,17.45,80.24,0.07,3.64,92.74,1015.9,19250.64,8.1,13.84,3100.0,0.013,PM2.5-1HR
956,NOR_NO0149A,2025-09-10,14.59,17.47,79.93,0.06,3.69,93.3,1015.93,2020.38,8.1,13.84,3100.0,0.292,PM2.5-1HR
956,NOR_NO0150A,2025-09-10,13.72,17.42,80.13,0.07,3.68,93.08,1015.94,4950.29,8.1,13.84,3100.0,0.006,PM2.5-1HR
956,NOR_NO0152A,2025-09-10,13.28,17.49,80.26,0.07,3.63,92.57,1015.87,1988.23,8.05,13.77,3100.0,1.811,PM2.5-1HR
956,NOR_NO0153A,2025-09-10,7.78,17.37,81.06,0.09,3.43,91.27,1015.76,1497.53,8.3,14.12,3100.0,0.011,PM2.5-1HR
956,NOR_NO0155A,2025-09-10,7.86,17.38,80.07,0.07,3.7,93.33,1015.99,3652.11,8.1,13.84,3100.0,1.758,PM2.5-1HR
956,NOR_NO0011A,2025-09-11,7,15.48,91.38,1.46,4.02,116.96,1002.57,11187.25,3.37,7.218,3100.0,0.041,PM2.5-1HR
956,NOR_NO0057A,2025-09-11,7.51,15.57,90.92,1.28,4.12,117.91,1002.66,727.91,3.58,7.512,3100.0,0.047,PM2.5-1HR
956,NOR_NO0071A,2025-09-11,7,15.61,90.99,1.34,4.07,118.4,1002.6,5794.7,3.49,7.386,3100.0,0.019,PM2.5-1HR
956,NOR_NO0073A,2025-09-11,8.02,15.53,91.21,1.42,4.05,117.57,1002.59,19813.27,3.49,7.386,3100.0,0.25,PM2.5-1HR
956,NOR_NO0083A,2025-09-11,9.79,15.49,91.46,1.47,3.96,116.93,1002.53,4937.94,3.37,7.218,3100.0,0.017,PM2.5-1HR
956,NOR_NO0093A,2025-09-11,8.54,15.51,91.41,1.47,3.96,117.2,1002.53,3881.7,3.37,7.218,3100.0,0.0,PM2.5-1HR
956,NOR_NO0095A,2025-09-11,5.26,15.44,91.58,1.49,3.93,116.3,1002.53,3578.09,3.32,7.148,3100.0,0.011,PM2.5-1HR
956,NOR_NO0114A,2025-09-11,10.09,15.39,91.86,1.55,3.78,115.53,1002.44,2835.19,3.38,7.232,3100.0,0.018,PM2.5-1HR
956,NOR_NO0122A,2025-09-11,14.13,15.58,90.91,1.28,4.12,117.98,1002.65,3172.81,3.58,7.512,3100.0,0.01,PM2.5-1HR
956,NOR_NO0140A,2025-09-11,10.93,15.53,91.3,1.45,4.01,117.52,1002.56,3929.05,3.37,7.218,3100.0,0.209,PM2.5-1HR
956,NOR_NO0143A,2025-09-11,9.47,15.54,91.2,1.41,4.05,117.71,1002.59,19250.64,3.49,7.386,3100.0,0.013,PM2.5-1HR
956,NOR_NO0149A,2025-09-11,7.16,15.58,90.98,1.32,4.09,118.08,1002.63,2020.38,3.49,7.386,3100.0,0.292,PM2.5-1HR
956,NOR_NO0150A,2025-09-11,12.54,15.54,91.09,1.36,4.09,117.66,1002.62,4950.29,3.49,7.386,3100.0,0.006,PM2.5-1HR
956,NOR_NO0152A,2025-09-11,9.39,15.55,91.24,1.44,4.03,117.8,1002.57,1988.23,3.37,7.218,3100.0,1.811,PM2.5-1HR
956,NOR_NO0153A,2025-09-11,7.71,15.43,91.82,1.55,3.78,116.01,1002.42,1497.53,3.38,7.232,3100.0,0.011,PM2.5-1HR
956,NOR_NO0155A,2025-09-11,7.33,15.53,90.99,1.31,4.12,117.47,1002.66,3652.11,3.49,7.386,3100.0,1.758,PM2.5-1HR
956,NOR_NO0011A,2025-09-12,3.4,12.93,91.6,0.44,3.53,158.93,1004.83,11187.25,1.8,5.02,3100.0,0.041,PM2.5-1HR
956,NOR_NO0057A,2025-09-12,4.64,12.99,91.36,0.42,3.59,160.59,1004.94,727.91,1.79,5.006,3100.0,0.047,PM2.5-1HR
956,NOR_NO0071A,2025-09-12,4.18,13.04,91.3,0.42,3.59,160.58,1004.91,5794.7,1.67,4.838,3100.0,0.019,PM2.5-1HR
956,NOR_NO0073A,2025-09-12,2.95,12.97,91.5,0.44,3.57,159.6,1004.86,19813.27,1.67,4.838,3100.0,0.25,PM2.5-1HR
956,NOR_NO0083A,2025-09-12,4.98,12.95,91.55,0.44,3.5,158.7,1004.8,4937.94,1.8,5.02,3100.0,0.017,PM2.5-1HR
956,NOR_NO0093A,2025-09-12,4.57,12.97,91.51,0.43,3.51,158.91,1004.81,3881.7,1.8,5.02,3100.0,0.0,PM2.5-1HR
956,NOR_NO0095A,2025-09-12,2.53,12.9,91.63,0.43,3.46,158.13,1004.78,3578.09,1.82,5.048,3100.0,0.011,PM2.5-1HR
956,NOR_NO0114A,2025-09-12,3.93,12.89,91.64,0.42,3.36,157.05,1004.7,2835.19,2.19,5.566,3100.0,0.018,PM2.5-1HR
956,NOR_NO0122A,2025-09-12,6.84,13,91.34,0.42,3.59,160.65,1004.94,3172.81,1.79,5.006,3100.0,0.01,PM2.5-1HR
956,NOR_NO0140A,2025-09-12,4.76,12.98,91.5,0.44,3.55,159.32,1004.84,3929.05,1.8,5.02,3100.0,0.209,PM2.5-1HR
956,NOR_NO0143A,2025-09-12,3.9,12.99,91.47,0.44,3.57,159.68,1004.86,19250.64,1.67,4.838,3100.0,0.013,PM2.5-1HR
956,NOR_NO0149A,2025-09-12,3.2,13.01,91.35,0.42,3.59,160.48,1004.92,2020.38,1.67,4.838,3100.0,0.292,PM2.5-1HR
956,NOR_NO0150A,2025-09-12,4.12,12.97,91.45,0.43,3.57,160,1004.89,4950.29,1.67,4.838,3100.0,0.006,PM2.5-1HR
956,NOR_NO0152A,2025-09-12,5.75,13,91.46,0.44,3.57,159.57,1004.85,1988.23,1.8,5.02,3100.0,1.811,PM2.5-1HR
956,NOR_NO0153A,2025-09-12,5.4,12.93,91.56,0.42,3.37,157.38,1004.71,1497.53,2.19,5.566,3100.0,0.011,PM2.5-1HR
956,NOR_NO0155A,2025-09-12,2.11,12.96,91.45,0.42,3.57,160.18,1004.92,3652.11,1.67,4.838,3100.0,1.758,PM2.5-1HR
956,NOR_NO0011A,2025-09-13,2.81,11.63,93.12,0.42,3.49,157.9,1012.22,11187.25,1.34,4.376,3100.0,0.041,PM2.5-1HR
956,NOR_NO0057A,2025-09-13,2.99,11.66,92.79,0.44,3.58,159.55,1012.32,727.91,1.35,4.39,3100.0,0.047,PM2.5-1HR
956,NOR_NO0071A,2025-09-13,4.09,11.73,92.77,0.45,3.59,159.4,1012.29,5794.7,1.28,4.292,3100.0,0.019,PM2.5-1HR
956,NOR_NO0073A,2025-09-13,3.23,11.67,93.02,0.43,3.54,158.55,1012.25,19813.27,1.28,4.292,3100.0,0.25,PM2.5-1HR
956,NOR_NO0083A,2025-09-13,3.04,11.66,93.05,0.43,3.46,157.56,1012.19,4937.94,1.34,4.376,3100.0,0.017,PM2.5-1HR
956,NOR_NO0093A,2025-09-13,5.04,11.68,93.01,0.43,3.48,157.74,1012.2,3881.7,1.34,4.376,3100.0,0.0,PM2.5-1HR
956,NOR_NO0095A,2025-09-13,2.49,11.62,93.12,0.42,3.41,157.01,1012.17,3578.09,1.38,4.432,3100.0,0.011,PM2.5-1HR
956,NOR_NO0114A,2025-09-13,2.54,11.62,93.05,0.42,3.31,155.7,1012.1,2835.19,1.56,4.684,3100.0,0.018,PM2.5-1HR
956,NOR_NO0122A,2025-09-13,3.83,11.67,92.78,0.44,3.59,159.6,1012.32,3172.81,1.35,4.39,3100.0,0.01,PM2.5-1HR
956,NOR_NO0140A,2025-09-13,3.5,11.68,93.02,0.43,3.52,158.21,1012.23,3929.05,1.34,4.376,3100.0,0.209,PM2.5-1HR
956,NOR_NO0143A,2025-09-13,2.54,11.68,92.99,0.43,3.55,158.61,1012.25,19250.64,1.28,4.292,3100.0,0.013,PM2.5-1HR
956,NOR_NO0149A,2025-09-13,2.94,11.69,92.81,0.44,3.58,159.38,1012.3,2020.38,1.28,4.292,3100.0,0.292,PM2.5-1HR
956,NOR_NO0150A,2025-09-13,3.51,11.66,92.94,0.43,3.56,158.97,1012.28,4950.29,1.28,4.292,3100.0,0.006,PM2.5-1HR
956,NOR_NO0152A,2025-09-13,8.52,11.7,92.99,0.44,3.55,158.46,1012.24,1988.23,1.34,4.376,3100.0,1.811,PM2.5-1HR
956,NOR_NO0153A,2025-09-13,4.67,11.67,92.99,0.43,3.33,155.96,1012.1,1497.53,1.56,4.684,3100.0,0.011,PM2.5-1HR
956,NOR_NO0155A,2025-09-13,1.94,11.62,92.89,0.43,3.56,159.23,1012.31,3652.11,1.28,4.292,3100.0,1.758,PM2.5-1HR
956,NOR_NO0011A,2025-09-14,3.01,12.19,93.27,0.76,3.12,116.02,1010.52,11187.25,1.65,4.81,3100.0,0.041,PM2.5-1HR
956,NOR_NO0057A,2025-09-14,4.45,12.23,93.39,0.75,3.18,116.2,1010.6,727.91,1.63,4.782,3100.0,0.047,PM2.5-1HR
956,NOR_NO0071A,2025-09-14,3.95,12.31,93.35,0.72,3.16,116.98,1010.54,5794.7,1.52,4.628,3100.0,0.019,PM2.5-1HR
956,NOR_NO0073A,2025-09-14,2.64,12.23,93.3,0.75,3.15,116.41,1010.54,19813.27,1.52,4.628,3100.0,0.25,PM2.5-1HR
956,NOR_NO0083A,2025-09-14,3.16,12.24,93.28,0.73,3.09,116.12,1010.48,4937.94,1.65,4.81,3100.0,0.017,PM2.5-1HR
956,NOR_NO0093A,2025-09-14,4.91,12.26,93.29,0.72,3.1,116.35,1010.48,3881.7,1.65,4.81,3100.0,0.0,PM2.5-1HR
956,NOR_NO0095A,2025-09-14,2.14,12.19,93.27,0.73,3.07,115.64,1010.48,3578.09,1.57,4.698,3100.0,0.011,PM2.5-1HR
956,NOR_NO0114A,2025-09-14,3.07,12.22,93.29,0.69,2.99,115.29,1010.4,2835.19,1.81,5.034,3100.0,0.018,PM2.5-1HR
956,NOR_NO0122A,2025-09-14,3.69,12.24,93.39,0.75,3.18,116.28,1010.6,3172.81,1.63,4.782,3100.0,0.01,PM2.5-1HR
956,NOR_NO0140A,2025-09-14,3.43,12.26,93.29,0.74,3.13,116.52,1010.51,3929.05,1.65,4.81,3100.0,0.209,PM2.5-1HR
956,NOR_NO0143A,2025-09-14,2.68,12.25,93.3,0.75,3.15,116.55,1010.53,19250.64,1.52,4.628,3100.0,0.013,PM2.5-1HR
956,NOR_NO0149A,2025-09-14,2.64,12.26,93.36,0.74,3.17,116.56,1010.57,2020.38,1.52,4.628,3100.0,0.292,PM2.5-1HR
956,NOR_NO0150A,2025-09-14,3.14,12.22,93.33,0.76,3.16,116.26,1010.57,4950.29,1.52,4.628,3100.0,0.006,PM2.5-1HR
956,NOR_NO0152A,2025-09-14,6.38,12.28,93.29,0.74,3.14,116.74,1010.51,1988.23,1.65,4.81,3100.0,1.811,PM2.5-1HR
956,NOR_NO0153A,2025-09-14,5.18,12.27,93.31,0.67,2.99,115.71,1010.38,1497.53,1.81,5.034,3100.0,0.011,PM2.5-1HR
956,NOR_NO0155A,2025-09-14,1.92,12.18,93.37,0.77,3.17,115.82,1010.61,3652.11,1.52,4.628,3100.0,1.758,PM2.5-1HR
956,NOR_NO0011A,2025-09-15,2.73,11.62,95.74,0.48,2.86,131.06,999.21,11187.25,1.47,4.558,3100.0,0.041,PM2.5-1HR
956,NOR_NO0057A,2025-09-15,4.58,11.67,95.13,0.45,2.92,133.1,999.29,727.91,1.39,4.446,3100.0,0.047,PM2.5-1HR
956,NOR_NO0071A,2025-09-15,3.1,11.74,95.34,0.45,2.93,132.69,999.24,5794.7,1.3,4.32,3100.0,0.019,PM2.5-1HR
956,NOR_NO0073A,2025-09-15,3.03,11.67,95.61,0.47,2.9,131.78,999.23,19813.27,1.3,4.32,3100.0,0.25,PM2.5-1HR
956,NOR_NO0083A,2025-09-15,3.87,11.64,95.77,0.47,2.84,130.55,999.18,4937.94,1.47,4.558,3100.0,0.017,PM2.5-1HR
956,NOR_NO0093A,2025-09-15,4.93,11.67,95.76,0.47,2.85,130.72,999.18,3881.7,1.47,4.558,3100.0,0.0,PM2.5-1HR
956,NOR_NO0095A,2025-09-15,3.27,11.59,95.81,0.47,2.79,129.99,999.18,3578.09,1.45,4.53,3100.0,0.011,PM2.5-1HR
956,NOR_NO0114A,2025-09-15,3.16,11.58,95.92,0.46,2.72,128.37,999.11,2835.19,1.77,4.978,3100.0,0.018,PM2.5-1HR
956,NOR_NO0122A,2025-09-15,4.56,11.68,95.12,0.45,2.92,133.14,999.28,3172.81,1.39,4.446,3100.0,0.01,PM2.5-1HR
956,NOR_NO0140A,2025-09-15,3.71,11.68,95.72,0.47,2.88,131.29,999.2,3929.05,1.47,4.558,3100.0,0.209,PM2.5-1HR
956,NOR_NO0143A,2025-09-15,2.91,11.68,95.61,0.47,2.9,131.8,999.23,19250.64,1.3,4.32,3100.0,0.013,PM2.5-1HR
956,NOR_NO0149A,2025-09-15,2.63,11.7,95.27,0.45,2.92,132.79,999.26,2020.38,1.3,4.32,3100.0,0.292,PM2.5-1HR
956,NOR_NO0150A,2025-09-15,5.03,11.66,95.4,0.46,2.9,132.35,999.26,4950.29,1.3,4.32,3100.0,0.006,PM2.5-1HR
956,NOR_NO0152A,2025-09-15,5.49,11.7,95.7,0.47,2.9,131.54,999.21,1988.23,1.47,4.558,3100.0,1.811,PM2.5-1HR
956,NOR_NO0153A,2025-09-15,5.65,11.62,95.92,0.46,2.74,128.59,999.1,1497.53,1.77,4.978,3100.0,0.011,PM2.5-1HR
956,NOR_NO0155A,2025-09-15,1.53,11.63,95.2,0.46,2.9,132.79,999.29,3652.11,1.3,4.32,3100.0,1.758,PM2.5-1HR
956,NOR_NO0011A,2025-09-16,4.05,12.6,92.86,0.44,1.79,186.59,992.15,11187.25,1.15,4.11,3100.0,0.041,PM2.5-1HR
956,NOR_NO0057A,2025-09-16,5.16,12.58,93.35,0.41,1.92,187.95,992.18,727.91,1.1,4.04,3100.0,0.047,PM2.5-1HR
956,NOR_NO0071A,2025-09-16,5.16,12.69,93.42,0.4,1.91,187.39,992.17,5794.7,1.05,3.97,3100.0,0.019,PM2.5-1HR
956,NOR_NO0073A,2025-09-16,3.21,12.63,93.02,0.43,1.84,186.69,992.16,19813.27,1.05,3.97,3100.0,0.25,PM2.5-1HR
956,NOR_NO0083A,2025-09-16,4.18,12.66,93.02,0.43,1.76,186.46,992.14,4937.94,1.15,4.11,3100.0,0.017,PM2.5-1HR
956,NOR_NO0093A,2025-09-16,5.84,12.69,93.08,0.42,1.77,186.37,992.14,3881.7,1.15,4.11,3100.0,0.0,PM2.5-1HR
956,NOR_NO0095A,2025-09-16,2.16,12.62,92.91,0.44,1.71,186.64,992.14,3578.09,1.13,4.082,3100.0,0.011,PM2.5-1HR
956,NOR_NO0114A,2025-09-16,3.11,12.69,93.09,0.41,1.6,186.51,992.12,2835.19,1.3,4.32,3100.0,0.018,PM2.5-1HR
956,NOR_NO0122A,2025-09-16,4.71,12.59,93.38,0.41,1.92,187.98,992.18,3172.81,1.1,4.04,3100.0,0.01,PM2.5-1HR
956,NOR_NO0140A,2025-09-16,4.1,12.67,93.04,0.43,1.82,186.36,992.15,3929.05,1.15,4.11,3100.0,0.209,PM2.5-1HR
956,NOR_NO0143A,2025-09-16,3.51,12.65,93.08,0.43,1.85,186.64,992.16,19250.64,1.05,3.97,3100.0,0.013,PM2.5-1HR
956,NOR_NO0149A,2025-09-16,2.48,12.63,93.34,0.41,1.9,187.6,992.18,2020.38,1.05,3.97,3100.0,0.292,PM2.5-1HR
956,NOR_NO0150A,2025-09-16,4.49,12.6,93.13,0.43,1.87,187.28,992.17,4950.29,1.05,3.97,3100.0,0.006,PM2.5-1HR
956,NOR_NO0152A,2025-09-16,4.84,12.69,93.1,0.42,1.84,186.28,992.15,1988.23,1.15,4.11,3100.0,1.811,PM2.5-1HR
956,NOR_NO0153A,2025-09-16,4.5,12.74,93.22,0.4,1.62,186.3,992.12,1497.53,1.3,4.32,3100.0,0.011,PM2.5-1HR
956,NOR_NO0155A,2025-09-16,2.47,12.54,93.18,0.43,1.89,187.74,992.18,3652.11,1.05,3.97,3100.0,1.758,PM2.5-1HR
956,NOR_NO0011A,2025-09-17,3.72,13.28,82.98,0,1.82,262.67,1001.6,11187.25,1.31,4.334,3100.0,0.041,PM2.5-1HR
956,NOR_NO0057A,2025-09-17,4.63,13.2,83.22,0,1.87,264.05,1001.58,727.91,1.34,4.376,3100.0,0.047,PM2.5-1HR
956,NOR_NO0071A,2025-09-17,5.71,13.29,83.12,0,1.85,263.95,1001.59,5794.7,1.26,4.264,3100.0,0.019,PM2.5-1HR
956,NOR_NO0073A,2025-09-17,3.78,13.28,83.07,0,1.83,263.31,1001.59,19813.27,1.26,4.264,3100.0,0.25,PM2.5-1HR
956,NOR_NO0083A,2025-09-17,4.25,13.32,82.86,0,1.79,262.32,1001.61,4937.94,1.31,4.334,3100.0,0.017,PM2.5-1HR
956,NOR_NO0093A,2025-09-17,5.76,13.34,82.86,0,1.8,262.53,1001.6,3881.7,1.31,4.334,3100.0,0.0,PM2.5-1HR
956,NOR_NO0095A,2025-09-17,2.92,13.3,82.8,0,1.78,261.75,1001.61,3578.09,1.35,4.39,3100.0,0.011,PM2.5-1HR
956,NOR_NO0114A,2025-09-17,2.3,13.36,82.47,0,1.73,260.42,1001.64,2835.19,1.32,4.348,3100.0,0.018,PM2.5-1HR
956,NOR_NO0122A,2025-09-17,5.48,13.2,83.22,0,1.87,264.09,1001.58,3172.81,1.34,4.376,3100.0,0.01,PM2.5-1HR
956,NOR_NO0140A,2025-09-17,4.28,13.32,82.98,0,1.82,263.02,1001.59,3929.05,1.31,4.334,3100.0,0.209,PM2.5-1HR
956,NOR_NO0143A,2025-09-17,3.59,13.3,83.06,0,1.83,263.37,1001.59,19250.64,1.26,4.264,3100.0,0.013,PM2.5-1HR
956,NOR_NO0149A,2025-09-17,3.33,13.25,83.16,0,1.86,263.92,1001.59,2020.38,1.26,4.264,3100.0,0.292,PM2.5-1HR
956,NOR_NO0150A,2025-09-17,5.76,13.24,83.14,0,1.85,263.61,1001.59,4950.29,1.26,4.264,3100.0,0.006,PM2.5-1HR
956,NOR_NO0152A,2025-09-17,6.93,13.34,83.02,0,1.82,263.3,1001.59,1988.23,1.31,4.334,3100.0,1.811,PM2.5-1HR
956,NOR_NO0153A,2025-09-17,3.95,13.4,82.43,0,1.73,260.68,1001.64,1497.53,1.32,4.348,3100.0,0.011,PM2.5-1HR
956,NOR_NO0155A,2025-09-17,2.91,13.18,83.21,0,1.87,263.82,1001.58,3652.11,1.26,4.264,3100.0,1.758,PM2.5-1HR
956,NOR_NO0011A,2025-09-18,3.14,12.39,85.84,0.06,2.44,175.8,1003.52,11187.25,1.95,5.23,3100.0,0.041,PM2.5-1HR
956,NOR_NO0057A,2025-09-18,4,12.27,86.73,0.07,2.52,178.41,1003.56,727.91,2.01,5.314,3100.0,0.047,PM2.5-1HR
956,NOR_NO0071A,2025-09-18,5.26,12.47,86.4,0.07,2.52,178.21,1003.56,5794.7,1.88,5.132,3100.0,0.019,PM2.5-1HR
956,NOR_NO0073A,2025-09-18,3.33,12.41,86.03,0.07,2.48,176.51,1003.53,19813.27,1.88,5.132,3100.0,0.25,PM2.5-1HR
956,NOR_NO0083A,2025-09-18,4.2,12.5,85.71,0.06,2.41,175.7,1003.51,4937.94,1.95,5.23,3100.0,0.017,PM2.5-1HR
956,NOR_NO0093A,2025-09-18,5.11,12.54,85.72,0.06,2.42,175.86,1003.52,3881.7,1.95,5.23,3100.0,0.0,PM2.5-1HR
956,NOR_NO0095A,2025-09-18,3.28,12.45,85.64,0.06,2.38,175.32,1003.5,3578.09,1.97,5.258,3100.0,0.011,PM2.5-1HR
956,NOR_NO0114A,2025-09-18,3.68,12.6,85.3,0.06,2.3,174.72,1003.48,2835.19,2.19,5.566,3100.0,0.018,PM2.5-1HR
956,NOR_NO0122A,2025-09-18,6.42,12.28,86.73,0.07,2.53,178.51,1003.56,3172.81,2.01,5.314,3100.0,0.01,PM2.5-1HR
956,NOR_NO0140A,2025-09-18,4.39,12.49,85.84,0.06,2.45,176.1,1003.53,3929.05,1.95,5.23,3100.0,0.209,PM2.5-1HR
956,NOR_NO0143A,2025-09-18,4.29,12.44,86.03,0.07,2.48,176.6,1003.54,19250.64,1.88,5.132,3100.0,0.013,PM2.5-1HR
956,NOR_NO0149A,2025-09-18,3.43,12.37,86.51,0.07,2.52,178.12,1003.56,2020.38,1.88,5.132,3100.0,0.292,PM2.5-1HR
956,NOR_NO0150A,2025-09-18,5.68,12.33,86.34,0.07,2.49,177.31,1003.54,4950.29,1.88,5.132,3100.0,0.006,PM2.5-1HR
956,NOR_NO0152A,2025-09-18,5.81,12.52,85.88,0.06,2.47,176.28,1003.53,1988.23,1.95,5.23,3100.0,1.811,PM2.5-1HR
956,NOR_NO0153A,2025-09-18,5.52,12.67,85.28,0.06,2.31,175,1003.49,1497.53,2.19,5.566,3100.0,0.011,PM2.5-1HR
956,NOR_NO0155A,2025-09-18,3.07,12.21,86.63,0.07,2.5,177.78,1003.55,3652.11,1.88,5.132,3100.0,1.758,PM2.5-1HR
956,NOR_NO0011A,2025-09-19,4,14.15,80.88,0.02,3.01,209.96,1008.06,11187.25,1.86,5.104,3100.0,0.041,PM2.5-1HR
956,NOR_NO0057A,2025-09-19,3.75,14.18,80.87,0.02,3.21,212.08,1008.09,727.91,1.81,5.034,3100.0,0.047,PM2.5-1HR
956,NOR_NO0071A,2025-09-19,5.71,14.28,80.86,0.02,3.19,210.99,1008.13,5794.7,1.79,5.006,3100.0,0.019,PM2.5-1HR
956,NOR_NO0073A,2025-09-19,4.83,14.2,80.87,0.02,3.09,210.4,1008.08,19813.27,1.79,5.006,3100.0,0.25,PM2.5-1HR
956,NOR_NO0083A,2025-09-19,5.67,14.19,80.87,0.02,2.98,209.29,1008.08,4937.94,1.86,5.104,3100.0,0.017,PM2.5-1HR
956,NOR_NO0093A,2025-09-19,6.24,14.23,80.86,0.02,3,209.26,1008.09,3881.7,1.86,5.104,3100.0,0.0,PM2.5-1HR
956,NOR_NO0095A,2025-09-19,17.13,14.14,80.88,0.02,2.93,209.13,1008.05,3578.09,1.92,5.188,3100.0,0.011,PM2.5-1HR
956,NOR_NO0114A,2025-09-19,3.73,14.16,80.86,0.02,2.8,207.6,1008.06,2835.19,2.14,5.496,3100.0,0.018,PM2.5-1HR
956,NOR_NO0122A,2025-09-19,6.14,14.19,80.87,0.02,3.22,212.06,1008.09,3172.81,1.81,5.034,3100.0,0.01,PM2.5-1HR
956,NOR_NO0140A,2025-09-19,6.18,14.23,80.86,0.02,3.05,209.74,1008.09,3929.05,1.86,5.104,3100.0,0.209,PM2.5-1HR
956,NOR_NO0143A,2025-09-19,4.61,14.22,80.87,0.02,3.09,210.3,1008.09,19250.64,1.79,5.006,3100.0,0.013,PM2.5-1HR
956,NOR_NO0149A,2025-09-19,2.67,14.22,80.87,0.02,3.19,211.44,1008.11,2020.38,1.79,5.006,3100.0,0.292,PM2.5-1HR
956,NOR_NO0150A,2025-09-19,5.46,14.18,80.87,0.02,3.14,211.2,1008.08,4950.29,1.79,5.006,3100.0,0.006,PM2.5-1HR
956,NOR_NO0152A,2025-09-19,6.54,14.25,80.86,0.02,3.08,209.81,1008.1,1988.23,1.86,5.104,3100.0,1.811,PM2.5-1HR
956,NOR_NO0153A,2025-09-19,4.92,14.22,80.86,0.02,2.82,207.43,1008.08,1497.53,2.14,5.496,3100.0,0.011,PM2.5-1HR
956,NOR_NO0155A,2025-09-19,2.63,14.13,80.87,0.02,3.17,212.05,1008.06,3652.11,1.79,5.006,3100.0,1.758,PM2.5-1HR
956,NOR_NO0011A,2025-09-20,3.15,14.23,92.08,0.15,2.3,197.36,1005.15,11187.25,1.95,5.23,3100.0,0.041,PM2.5-1HR
956,NOR_NO0057A,2025-09-20,2.31,14.3,92.32,0.16,2.52,199.98,1005.17,727.91,0.76,3.564,3100.0,0.047,PM2.5-1HR
956,NOR_NO0071A,2025-09-20,4.19,14.36,92.44,0.17,2.5,198.44,1005.18,5794.7,2.05,5.37,3100.0,0.019,PM2.5-1HR
956,NOR_NO0073A,2025-09-20,3.07,14.28,92.21,0.16,2.38,197.73,1005.15,19813.27,2.05,5.37,3100.0,0.25,PM2.5-1HR
956,NOR_NO0083A,2025-09-20,2.7,14.24,92.1,0.15,2.27,196.53,1005.15,4937.94,1.95,5.23,3100.0,0.017,PM2.5-1HR
956,NOR_NO0093A,2025-09-20,4.29,14.27,92.15,0.15,2.29,196.37,1005.16,3881.7,1.95,5.23,3100.0,0.0,PM2.5-1HR
956,NOR_NO0095A,2025-09-20,24.78,14.19,91.97,0.14,2.2,196.59,1005.14,3578.09,2.09,5.426,3100.0,0.011,PM2.5-1HR
956,NOR_NO0114A,2025-09-20,2.15,14.15,91.87,0.14,2.07,194.93,1005.14,2835.19,3.27,7.078,3100.0,0.018,PM2.5-1HR
956,NOR_NO0122A,2025-09-20,3.83,14.3,92.35,0.17,2.52,199.96,1005.17,3172.81,0.76,3.564,3100.0,0.01,PM2.5-1HR
956,NOR_NO0140A,2025-09-20,3.09,14.29,92.2,0.16,2.34,196.86,1005.16,3929.05,1.95,5.23,3100.0,0.209,PM2.5-1HR
956,NOR_NO0143A,2025-09-20,2.53,14.3,92.25,0.16,2.39,197.55,1005.16,19250.64,2.05,5.37,3100.0,0.013,PM2.5-1HR
956,NOR_NO0149A,2025-09-20,2.47,14.32,92.36,0.17,2.49,199.1,1005.17,2020.38,2.05,5.37,3100.0,0.292,PM2.5-1HR
956,NOR_NO0150A,2025-09-20,3.51,14.28,92.25,0.16,2.44,198.8,1005.16,4950.29,2.05,5.37,3100.0,0.006,PM2.5-1HR
956,NOR_NO0152A,2025-09-20,3.1,14.32,92.26,0.16,2.37,196.84,1005.16,1988.23,1.95,5.23,3100.0,1.811,PM2.5-1HR
956,NOR_NO0153A,2025-09-20,3.61,14.2,91.98,0.15,2.1,194.48,1005.15,1497.53,3.27,7.078,3100.0,0.011,PM2.5-1HR
956,NOR_NO0155A,2025-09-20,2.2,14.26,92.21,0.15,2.47,199.96,1005.15,3652.11,2.05,5.37,3100.0,1.758,PM2.5-1HR
956,NOR_NO0011A,2025-09-21,2.71,12.29,83.17,0.1,2.16,255.36,998.04,11187.25,1.31,4.334,3100.0,0.041,PM2.5-1HR
956,NOR_NO0057A,2025-09-21,3.6,12.3,83.88,0.15,2.25,254.19,998,727.91,0.66,3.424,3100.0,0.047,PM2.5-1HR
956,NOR_NO0071A,2025-09-21,3.91,12.38,83.91,0.15,2.22,253.54,998.02,5794.7,1.42,4.488,3100.0,0.019,PM2.5-1HR
956,NOR_NO0073A,2025-09-21,3.02,12.32,83.48,0.12,2.18,254.58,998.03,19813.27,1.42,4.488,3100.0,0.25,PM2.5-1HR
956,NOR_NO0083A,2025-09-21,2.11,12.32,83.06,0.1,2.14,255.41,998.05,4937.94,1.31,4.334,3100.0,0.017,PM2.5-1HR
956,NOR_NO0093A,2025-09-21,3.15,12.34,83.17,0.11,2.14,255.08,998.05,3881.7,1.31,4.334,3100.0,0.0,PM2.5-1HR
956,NOR_NO0095A,2025-09-21,17.99,12.28,82.8,0.1,2.13,256.19,998.06,3578.09,1.41,4.474,3100.0,0.011,PM2.5-1HR
956,NOR_NO0114A,2025-09-21,1.43,12.3,82.32,0.09,2.07,257.21,998.09,2835.19,2.06,5.384,3100.0,0.018,PM2.5-1HR
956,NOR_NO0122A,2025-09-21,2.36,12.31,83.91,0.15,2.25,254.09,998,3172.81,0.66,3.424,3100.0,0.01,PM2.5-1HR
956,NOR_NO0140A,2025-09-21,1.96,12.34,83.37,0.11,2.16,254.67,998.04,3929.05,1.31,4.334,3100.0,0.209,PM2.5-1HR
956,NOR_NO0143A,2025-09-21,1.99,12.34,83.53,0.12,2.18,254.41,998.03,19250.64,1.42,4.488,3100.0,0.013,PM2.5-1HR
956,NOR_NO0149A,2025-09-21,2.24,12.34,83.84,0.14,2.23,253.95,998.01,2020.38,1.42,4.488,3100.0,0.292,PM2.5-1HR
956,NOR_NO0150A,2025-09-21,1.82,12.3,83.63,0.13,2.21,254.46,998.02,4950.29,1.42,4.488,3100.0,0.006,PM2.5-1HR
956,NOR_NO0152A,2025-09-21,3.18,12.36,83.5,0.12,2.16,254.32,998.04,1988.23,1.31,4.334,3100.0,1.811,PM2.5-1HR
956,NOR_NO0153A,2025-09-21,2.58,12.34,82.46,0.09,2.06,256.68,998.1,1497.53,2.06,5.384,3100.0,0.011,PM2.5-1HR
956,NOR_NO0155A,2025-09-21,2.03,12.26,83.7,0.13,2.24,254.73,998,3652.11,1.42,4.488,3100.0,1.758,PM2.5-1HR
956,NOR_NO0011A,2025-09-22,2.64,9.22,60.46,0,3.15,292.05,1010,11187.25,0.77,3.578,3100.0,0.041,PM2.5-1HR
956,NOR_NO0057A,2025-09-22,2.6,9.06,61.03,0,3.18,293.09,1009.93,727.91,0.69,3.466,3100.0,0.047,PM2.5-1HR
956,NOR_NO0071A,2025-09-22,5.31,9.23,60.99,0,3.18,293.16,1009.97,5794.7,0.8,3.62,3100.0,0.019,PM2.5-1HR
956,NOR_NO0073A,2025-09-22,1.43,9.21,60.68,0,3.17,292.48,1009.98,19813.27,0.8,3.62,3100.0,0.25,PM2.5-1HR
956,NOR_NO0083A,2025-09-22,2.18,9.31,60.36,0,3.14,292.08,1010.03,4937.94,0.77,3.578,3100.0,0.017,PM2.5-1HR
956,NOR_NO0093A,2025-09-22,4.82,9.34,60.42,0,3.15,292.26,1010.03,3881.7,0.77,3.578,3100.0,0.0,PM2.5-1HR
956,NOR_NO0095A,2025-09-22,9.7,9.29,60.2,0,3.13,291.71,1010.04,3578.09,0.81,3.634,3100.0,0.011,PM2.5-1HR
956,NOR_NO0114A,2025-09-22,1.13,9.44,59.82,0,3.1,291.41,1010.12,2835.19,0.85,3.69,3100.0,0.018,PM2.5-1HR
956,NOR_NO0122A,2025-09-22,2.73,9.07,61.05,0,3.19,293.13,1009.93,3172.81,0.69,3.466,3100.0,0.01,PM2.5-1HR
956,NOR_NO0140A,2025-09-22,1.85,9.29,60.57,0,3.16,292.4,1010,3929.05,0.77,3.578,3100.0,0.209,PM2.5-1HR
956,NOR_NO0143A,2025-09-22,1.78,9.24,60.71,0,3.17,292.57,1009.98,19250.64,0.8,3.62,3100.0,0.013,PM2.5-1HR
956,NOR_NO0149A,2025-09-22,2.51,9.15,60.97,0,3.18,293.04,1009.95,2020.38,0.8,3.62,3100.0,0.292,PM2.5-1HR
956,NOR_NO0150A,2025-09-22,3.94,9.13,60.82,0,3.17,292.71,1009.96,4950.29,0.8,3.62,3100.0,0.006,PM2.5-1HR
956,NOR_NO0152A,2025-09-22,2.27,9.3,60.66,0,3.16,292.56,1009.99,1988.23,0.77,3.578,3100.0,1.811,PM2.5-1HR
956,NOR_NO0153A,2025-09-22,1.7,9.5,59.85,0,3.11,291.75,1010.12,1497.53,0.85,3.69,3100.0,0.011,PM2.5-1HR
956,NOR_NO0155A,2025-09-22,1.1,9.03,60.91,0,3.18,292.8,1009.93,3652.11,0.8,3.62,3100.0,1.758,PM2.5-1HR
956,NOR_NO0011A,2025-09-23,4.28,7.69,69.72,0,1.86,307.09,1024.46,11187.25,1.54,4.656,3100.0,0.041,PM2.5-1HR
956,NOR_NO0057A,2025-09-23,4.98,7.49,70.66,0,1.91,309.55,1024.42,727.91,1.61,4.754,3100.0,0.047,PM2.5-1HR
956,NOR_NO0071A,2025-09-23,5.87,7.63,70.48,0,1.92,309.45,1024.43,5794.7,1.6,4.74,3100.0,0.019,PM2.5-1HR
956,NOR_NO0073A,2025-09-23,4.97,7.66,70.01,0,1.89,307.94,1024.45,19813.27,1.6,4.74,3100.0,0.25,PM2.5-1HR
956,NOR_NO0083A,2025-09-23,3.55,7.77,69.64,0,1.85,306.82,1024.47,4937.94,1.54,4.656,3100.0,0.017,PM2.5-1HR
956,NOR_NO0093A,2025-09-23,6.54,7.78,69.7,0,1.86,307.05,1024.47,3881.7,1.54,4.656,3100.0,0.0,PM2.5-1HR
956,NOR_NO0095A,2025-09-23,6.49,7.78,69.46,0,1.83,306.23,1024.49,3578.09,1.53,4.642,3100.0,0.011,PM2.5-1HR
956,NOR_NO0114A,2025-09-23,2.01,7.93,69.11,0,1.79,304.99,1024.52,2835.19,1.51,4.614,3100.0,0.018,PM2.5-1HR
956,NOR_NO0122A,2025-09-23,6.53,7.49,70.68,0,1.91,309.65,1024.42,3172.81,1.61,4.754,3100.0,0.01,PM2.5-1HR
956,NOR_NO0140A,2025-09-23,4.3,7.74,69.85,0,1.88,307.52,1024.46,3929.05,1.54,4.656,3100.0,0.209,PM2.5-1HR
956,NOR_NO0143A,2025-09-23,3.32,7.68,70.03,0,1.89,308.04,1024.45,19250.64,1.6,4.74,3100.0,0.013,PM2.5-1HR
956,NOR_NO0149A,2025-09-23,4.2,7.57,70.51,0,1.91,309.33,1024.43,2020.38,1.6,4.74,3100.0,0.292,PM2.5-1HR
956,NOR_NO0150A,2025-09-23,5.54,7.57,70.28,0,1.89,308.59,1024.44,4950.29,1.6,4.74,3100.0,0.006,PM2.5-1HR
956,NOR_NO0152A,2025-09-23,6.79,7.74,69.94,0,1.89,307.82,1024.45,1988.23,1.54,4.656,3100.0,1.811,PM2.5-1HR
956,NOR_NO0153A,2025-09-23,3.84,7.95,69.2,0,1.8,305.27,1024.52,1497.53,1.51,4.614,3100.0,0.011,PM2.5-1HR
956,NOR_NO0155A,2025-09-23,2.05,7.47,70.49,0,1.9,308.95,1024.43,3652.11,1.6,4.74,3100.0,1.758,PM2.5-1HR
956,NOR_NO0011A,2025-09-24,4.84,8.46,72.94,0,1.31,287.27,1031.89,11187.25,1.95,5.23,3100.0,0.041,PM2.5-1HR
956,NOR_NO0057A,2025-09-24,5.44,8.31,73.26,0,1.35,288.78,1031.87,727.91,1.88,5.132,3100.0,0.047,PM2.5-1HR
956,NOR_NO0071A,2025-09-24,5.84,8.5,73.07,0,1.32,289.69,1031.87,5794.7,2.01,5.314,3100.0,0.019,PM2.5-1HR
956,NOR_NO0073A,2025-09-24,4.62,8.47,72.96,0,1.32,288.45,1031.88,19813.27,2.01,5.314,3100.0,0.25,PM2.5-1HR
956,NOR_NO0083A,2025-09-24,5.07,8.55,72.98,0,1.29,287.65,1031.89,4937.94,1.95,5.23,3100.0,0.017,PM2.5-1HR
956,NOR_NO0093A,2025-09-24,7.21,8.58,72.97,0,1.29,288.15,1031.89,3881.7,1.95,5.23,3100.0,0.0,PM2.5-1HR
956,NOR_NO0095A,2025-09-24,8.4,8.52,73.01,0,1.28,286.15,1031.89,3578.09,1.93,5.202,3100.0,0.011,PM2.5-1HR
956,NOR_NO0114A,2025-09-24,2.57,8.65,73.13,0,1.23,287.69,1031.9,2835.19,2.36,5.804,3100.0,0.018,PM2.5-1HR
956,NOR_NO0122A,2025-09-24,8.28,8.32,73.25,0,1.35,288.91,1031.87,3172.81,1.88,5.132,3100.0,0.01,PM2.5-1HR
956,NOR_NO0140A,2025-09-24,4.52,8.55,72.92,0,1.3,288.52,1031.88,3929.05,1.95,5.23,3100.0,0.209,PM2.5-1HR
956,NOR_NO0143A,2025-09-24,5.4,8.5,72.95,0,1.32,288.72,1031.88,19250.64,2.01,5.314,3100.0,0.013,PM2.5-1HR
956,NOR_NO0149A,2025-09-24,4.49,8.4,73.14,0,1.34,289.12,1031.87,2020.38,2.01,5.314,3100.0,0.292,PM2.5-1HR
956,NOR_NO0150A,2025-09-24,6.85,8.38,73.09,0,1.33,288.47,1031.88,4950.29,2.01,5.314,3100.0,0.006,PM2.5-1HR
956,NOR_NO0152A,2025-09-24,5.54,8.57,72.9,0,1.31,288.97,1031.88,1988.23,1.95,5.23,3100.0,1.811,PM2.5-1HR
956,NOR_NO0153A,2025-09-24,5.31,8.71,73.15,0,1.23,287.93,1031.9,1497.53,2.36,5.804,3100.0,0.011,PM2.5-1HR
956,NOR_NO0155A,2025-09-24,2.43,8.26,73.26,0,1.35,288.06,1031.87,3652.11,2.01,5.314,3100.0,1.758,PM2.5-1HR
956,NOR_NO0011A,2025-09-25,5.34,8.14,82.31,0,1.23,190.34,1033.67,11187.25,2.3,5.72,3100.0,0.041,PM2.5-1HR
956,NOR_NO0057A,2025-09-25,5.24,7.94,82.21,0,1.31,192.66,1033.68,727.91,2.16,5.524,3100.0,0.047,PM2.5-1HR
956,NOR_NO0071A,2025-09-25,6.33,8.17,82.16,0,1.3,188.8,1033.68,5794.7,2.32,5.748,3100.0,0.019,PM2.5-1HR
956,NOR_NO0073A,2025-09-25,5.19,8.14,82.28,0,1.26,190.16,1033.67,19813.27,2.32,5.748,3100.0,0.25,PM2.5-1HR
956,NOR_NO0083A,2025-09-25,5.38,8.25,82.32,0,1.21,188.44,1033.67,4937.94,2.3,5.72,3100.0,0.017,PM2.5-1HR
956,NOR_NO0093A,2025-09-25,7.54,8.29,82.31,0,1.22,187.89,1033.67,3881.7,2.3,5.72,3100.0,0.0,PM2.5-1HR
956,NOR_NO0095A,2025-09-25,10.68,8.21,82.34,0,1.18,188.96,1033.67,3578.09,2.37,5.818,3100.0,0.011,PM2.5-1HR
956,NOR_NO0114A,2025-09-25,3.45,8.38,82.38,0,1.13,186.32,1033.67,2835.19,2.68,6.252,3100.0,0.018,PM2.5-1HR
956,NOR_NO0122A,2025-09-25,6.54,7.95,82.2,0,1.31,192.37,1033.68,3172.81,2.16,5.524,3100.0,0.01,PM2.5-1HR
956,NOR_NO0140A,2025-09-25,5.42,8.24,82.3,0,1.24,188.65,1033.67,3929.05,2.3,5.72,3100.0,0.209,PM2.5-1HR
956,NOR_NO0143A,2025-09-25,5.1,8.18,82.27,0,1.26,189.55,1033.68,19250.64,2.32,5.748,3100.0,0.013,PM2.5-1HR
956,NOR_NO0149A,2025-09-25,4.88,8.06,82.19,0,1.3,190.77,1033.68,2020.38,2.32,5.748,3100.0,0.292,PM2.5-1HR
956,NOR_NO0150A,2025-09-25,6,8.04,82.25,0,1.28,191.58,1033.68,4950.29,2.32,5.748,3100.0,0.006,PM2.5-1HR
956,NOR_NO0152A,2025-09-25,6.11,8.26,82.29,0,1.25,188.31,1033.67,1988.23,2.3,5.72,3100.0,1.811,PM2.5-1HR
956,NOR_NO0153A,2025-09-25,5.8,8.45,82.36,0,1.14,185.48,1033.67,1497.53,2.68,6.252,3100.0,0.011,PM2.5-1HR
956,NOR_NO0155A,2025-09-25,3.77,7.89,82.28,0,1.3,193.96,1033.68,3652.11,2.32,5.748,3100.0,1.758,PM2.5-1HR
956,NOR_NO0011A,2025-09-26,4.94,8.41,88.05,0,0.83,50.89,1035.16,11187.25,2.67,6.238,3100.0,0.041,PM2.5-1HR
956,NOR_NO0057A,2025-09-26,4.78,8.18,88,0,0.8,49.64,1035.16,727.91,2.41,5.874,3100.0,0.047,PM2.5-1HR
956,NOR_NO0071A,2025-09-26,7.49,8.4,88.07,0,0.82,50.5,1035.14,5794.7,2.71,6.294,3100.0,0.019,PM2.5-1HR
956,NOR_NO0073A,2025-09-26,5.34,8.4,88.04,0,0.83,49.97,1035.16,19813.27,2.71,6.294,3100.0,0.25,PM2.5-1HR
956,NOR_NO0083A,2025-09-26,5.52,8.51,88.16,0,0.82,51.26,1035.15,4937.94,2.67,6.238,3100.0,0.017,PM2.5-1HR
956,NOR_NO0093A,2025-09-26,7.44,8.55,88.17,0,0.83,50.76,1035.14,3881.7,2.67,6.238,3100.0,0.0,PM2.5-1HR
956,NOR_NO0095A,2025-09-26,11.07,8.47,88.17,0,0.81,52.67,1035.16,3578.09,2.72,6.308,3100.0,0.011,PM2.5-1HR
956,NOR_NO0114A,2025-09-26,4.18,8.61,88.38,0,0.79,54.58,1035.14,2835.19,3.09,6.826,3100.0,0.018,PM2.5-1HR
956,NOR_NO0122A,2025-09-26,6.85,8.19,88,0,0.8,49.67,1035.16,3172.81,2.41,5.874,3100.0,0.01,PM2.5-1HR
956,NOR_NO0140A,2025-09-26,5.65,8.51,88.1,0,0.84,50.09,1035.15,3929.05,2.67,6.238,3100.0,0.209,PM2.5-1HR
956,NOR_NO0143A,2025-09-26,5.7,8.44,88.06,0,0.83,49.91,1035.15,19250.64,2.71,6.294,3100.0,0.013,PM2.5-1HR
956,NOR_NO0149A,2025-09-26,5.34,8.29,88.03,0,0.81,50.01,1035.15,2020.38,2.71,6.294,3100.0,0.292,PM2.5-1HR
956,NOR_NO0150A,2025-09-26,7.9,8.29,88.01,0,0.82,49.96,1035.16,4950.29,2.71,6.294,3100.0,0.006,PM2.5-1HR
956,NOR_NO0152A,2025-09-26,7.14,8.53,88.1,0,0.84,49.68,1035.14,1988.23,2.67,6.238,3100.0,1.811,PM2.5-1HR
956,NOR_NO0153A,2025-09-26,6.97,8.69,88.41,0,0.8,53.06,1035.13,1497.53,3.09,6.826,3100.0,0.011,PM2.5-1HR
956,NOR_NO0155A,2025-09-26,3.45,8.15,87.98,0,0.81,49.45,1035.17,3652.11,2.71,6.294,3100.0,1.758,PM2.5-1HR
956,NOR_NO0011A,2025-09-27,3.7,9.18,87.51,0,1.76,48.88,1033.1,11187.25,2.49,5.986,3100.0,0.041,PM2.5-1HR
956,NOR_NO0057A,2025-09-27,5.84,9.03,87.41,0,1.77,53.93,1033.08,727.91,2.3,5.72,3100.0,0.047,PM2.5-1HR
956,NOR_NO0071A,2025-09-27,6.59,9.25,87.64,0,1.76,52.36,1033.05,5794.7,2.53,6.042,3100.0,0.019,PM2.5-1HR
956,NOR_NO0073A,2025-09-27,6.13,9.2,87.54,0,1.77,49.99,1033.08,19813.27,2.53,6.042,3100.0,0.25,PM2.5-1HR
956,NOR_NO0083A,2025-09-27,4.27,9.28,87.7,0,1.74,48.03,1033.08,4937.94,2.49,5.986,3100.0,0.017,PM2.5-1HR
956,NOR_NO0093A,2025-09-27,7.07,9.33,87.75,0,1.74,48.07,1033.07,3881.7,2.49,5.986,3100.0,0.0,PM2.5-1HR
956,NOR_NO0095A,2025-09-27,10.96,9.22,87.64,0,1.73,47.67,1033.1,3578.09,2.54,6.056,3100.0,0.011,PM2.5-1HR
956,NOR_NO0114A,2025-09-27,3.38,9.36,87.94,0,1.7,45.42,1033.09,2835.19,2.8,6.42,3100.0,0.018,PM2.5-1HR
956,NOR_NO0122A,2025-09-27,5.69,9.04,87.42,0,1.77,54.02,1033.08,3172.81,2.3,5.72,3100.0,0.01,PM2.5-1HR
956,NOR_NO0140A,2025-09-27,4.94,9.29,87.66,0,1.76,48.81,1033.07,3929.05,2.49,5.986,3100.0,0.209,PM2.5-1HR
956,NOR_NO0143A,2025-09-27,4.33,9.24,87.59,0,1.76,49.94,1033.07,19250.64,2.53,6.042,3100.0,0.013,PM2.5-1HR
956,NOR_NO0149A,2025-09-27,4.97,9.14,87.52,0,1.77,52.86,1033.07,2020.38,2.53,6.042,3100.0,0.292,PM2.5-1HR
956,NOR_NO0150A,2025-09-27,4.25,9.11,87.46,0,1.77,51.74,1033.08,4950.29,2.53,6.042,3100.0,0.006,PM2.5-1HR
956,NOR_NO0152A,2025-09-27,5.75,9.32,87.68,0,1.76,49.03,1033.06,1988.23,2.49,5.986,3100.0,1.811,PM2.5-1HR
956,NOR_NO0153A,2025-09-27,5.7,9.44,88.07,0,1.69,45.14,1033.07,1497.53,2.8,6.42,3100.0,0.011,PM2.5-1HR
956,NOR_NO0155A,2025-09-27,3.08,8.97,87.33,0,1.78,53.2,1033.1,3652.11,2.53,6.042,3100.0,1.758,PM2.5-1HR
956,NOR_NO0011A,2025-09-28,4.34,10.1,87.31,0.02,2.09,77.15,1030.66,11187.25,3.14,6.896,3100.0,0.041,PM2.5-1HR
956,NOR_NO0057A,2025-09-28,6.2,9.99,86.81,0.02,2.18,80.68,1030.69,727.91,2.91,6.574,3100.0,0.047,PM2.5-1HR
956,NOR_NO0071A,2025-09-28,5.78,10.23,86.87,0.02,2.15,79.21,1030.63,5794.7,3.17,6.938,3100.0,0.019,PM2.5-1HR
956,NOR_NO0073A,2025-09-28,4.88,10.14,87.1,0.02,2.12,77.82,1030.66,19813.27,3.17,6.938,3100.0,0.25,PM2.5-1HR
956,NOR_NO0083A,2025-09-28,4.51,10.21,87.47,0.02,2.06,76.31,1030.63,4937.94,3.14,6.896,3100.0,0.017,PM2.5-1HR
956,NOR_NO0093A,2025-09-28,6.58,10.26,87.42,0.02,2.06,76.24,1030.63,3881.7,3.14,6.896,3100.0,0.0,PM2.5-1HR
956,NOR_NO0095A,2025-09-28,12.6,10.14,87.64,0.02,2.05,76.21,1030.64,3578.09,3.24,7.036,3100.0,0.011,PM2.5-1HR
956,NOR_NO0114A,2025-09-28,3.87,10.26,88.13,0.02,1.98,74.33,1030.59,2835.19,3.51,7.414,3100.0,0.018,PM2.5-1HR
956,NOR_NO0122A,2025-09-28,5.09,10,86.8,0.02,2.18,80.7,1030.68,3172.81,2.91,6.574,3100.0,0.01,PM2.5-1HR
956,NOR_NO0140A,2025-09-28,5.13,10.23,87.24,0.02,2.09,76.83,1030.64,3929.05,3.14,6.896,3100.0,0.209,PM2.5-1HR
956,NOR_NO0143A,2025-09-28,4.16,10.18,87.09,0.02,2.11,77.7,1030.65,19250.64,3.17,6.938,3100.0,0.013,PM2.5-1HR
956,NOR_NO0149A,2025-09-28,4.45,10.1,86.87,0.02,2.16,79.77,1030.66,2020.38,3.17,6.938,3100.0,0.292,PM2.5-1HR
956,NOR_NO0150A,2025-09-28,4.42,10.05,86.98,0.02,2.15,79.15,1030.68,4950.29,3.17,6.938,3100.0,0.006,PM2.5-1HR
956,NOR_NO0152A,2025-09-28,6.31,10.26,87.15,0.02,2.1,76.92,1030.63,1988.23,3.14,6.896,3100.0,1.811,PM2.5-1HR
956,NOR_NO0153A,2025-09-28,6.32,10.36,88.09,0.02,1.97,73.91,1030.57,1497.53,3.51,7.414,3100.0,0.011,PM2.5-1HR
956,NOR_NO0155A,2025-09-28,3.71,9.91,86.91,0.02,2.17,80.36,1030.7,3652.11,3.17,6.938,3100.0,1.758,PM2.5-1HR
956,NOR_NO0011A,2025-09-29,3.06,11.04,86.9,0.14,1.96,107.79,1029.83,11187.25,2.07,5.398,3100.0,0.041,PM2.5-1HR
956,NOR_NO0057A,2025-09-29,3.71,11.04,86.24,0.13,2.13,110.4,1029.87,727.91,1.7,4.88,3100.0,0.047,PM2.5-1HR
956,NOR_NO0071A,2025-09-29,4.54,11.2,85.91,0.12,2.09,110.04,1029.82,5794.7,2.01,5.314,3100.0,0.019,PM2.5-1HR
956,NOR_NO0073A,2025-09-29,3.27,11.1,86.54,0.13,2.01,108.68,1029.83,19813.27,2.01,5.314,3100.0,0.25,PM2.5-1HR
956,NOR_NO0083A,2025-09-29,3.58,11.11,86.81,0.13,1.93,107.44,1029.8,4937.94,2.07,5.398,3100.0,0.017,PM2.5-1HR
956,NOR_NO0093A,2025-09-29,5.12,11.15,86.65,0.13,1.94,107.66,1029.8,3881.7,2.07,5.398,3100.0,0.0,PM2.5-1HR
956,NOR_NO0095A,2025-09-29,12.03,11.03,87.13,0.14,1.89,106.81,1029.81,3578.09,2.13,5.482,3100.0,0.011,PM2.5-1HR
956,NOR_NO0114A,2025-09-29,2.99,11.07,87.33,0.13,1.8,105.32,1029.76,2835.19,2.68,6.252,3100.0,0.018,PM2.5-1HR
956,NOR_NO0122A,2025-09-29,4.74,11.06,86.18,0.12,2.13,110.46,1029.87,3172.81,1.7,4.88,3100.0,0.01,PM2.5-1HR
956,NOR_NO0140A,2025-09-29,3.5,11.15,86.54,0.13,1.97,108.17,1029.81,3929.05,2.07,5.398,3100.0,0.209,PM2.5-1HR
956,NOR_NO0143A,2025-09-29,2.83,11.13,86.44,0.13,2.01,108.75,1029.83,19250.64,2.01,5.314,3100.0,0.013,PM2.5-1HR
956,NOR_NO0149A,2025-09-29,2.99,11.11,86.14,0.13,2.1,110.07,1029.85,2020.38,2.01,5.314,3100.0,0.292,PM2.5-1HR
956,NOR_NO0150A,2025-09-29,5.19,11.06,86.46,0.13,2.06,109.44,1029.85,4950.29,2.01,5.314,3100.0,0.006,PM2.5-1HR
956,NOR_NO0152A,2025-09-29,6.31,11.18,86.39,0.13,1.99,108.45,1029.81,1988.23,2.07,5.398,3100.0,1.811,PM2.5-1HR
956,NOR_NO0153A,2025-09-29,4.69,11.16,87.06,0.13,1.81,105.66,1029.74,1497.53,2.68,6.252,3100.0,0.011,PM2.5-1HR
956,NOR_NO0155A,2025-09-29,1.73,10.97,86.55,0.13,2.1,109.95,1029.88,3652.11,2.01,5.314,3100.0,1.758,PM2.5-1HR
956,NOR_NO0011A,2025-10-01,5.41,7.45,91.1,0.06,2.14,143.99,1034.15,11187.25,2.65,6.21,3100.0,0.041,PM2.5-1HR
956,NOR_NO0057A,2025-10-01,4.58,7.41,90.38,0.05,2.18,146.46,1034.18,727.91,2.37,5.818,3100.0,0.047,PM2.5-1HR
956,NOR_NO0071A,2025-10-01,6.07,7.61,90.44,0.05,2.19,145.76,1034.16,5794.7,2.56,6.084,3100.0,0.019,PM2.5-1HR
956,NOR_NO0073A,2025-10-01,3.81,7.5,90.88,0.06,2.17,144.77,1034.16,19813.27,2.56,6.084,3100.0,0.25,PM2.5-1HR
956,NOR_NO0083A,2025-10-01,4.4,7.56,91.09,0.06,2.12,143.35,1034.13,4937.94,2.65,6.21,3100.0,0.017,PM2.5-1HR
956,NOR_NO0093A,2025-10-01,5.99,7.6,91.03,0.06,2.13,143.5,1034.13,3881.7,2.65,6.21,3100.0,0.0,PM2.5-1HR
956,NOR_NO0095A,2025-10-01,9.52,7.49,91.23,0.06,2.09,142.8,1034.12,3578.09,2.66,6.224,3100.0,0.011,PM2.5-1HR
956,NOR_NO0114A,2025-10-01,4.02,7.62,91.38,0.06,2.01,140.86,1034.09,2835.19,3.19,6.966,3100.0,0.018,PM2.5-1HR
956,NOR_NO0122A,2025-10-01,7.31,7.42,90.36,0.05,2.18,146.49,1034.18,3172.81,2.37,5.818,3100.0,0.01,PM2.5-1HR
956,NOR_NO0140A,2025-10-01,5.38,7.57,90.96,0.06,2.16,144.15,1034.14,3929.05,2.65,6.21,3100.0,0.209,PM2.5-1HR
956,NOR_NO0143A,2025-10-01,4.56,7.54,90.84,0.06,2.18,144.77,1034.16,19250.64,2.56,6.084,3100.0,0.013,PM2.5-1HR
956,NOR_NO0149A,2025-10-01,4.66,7.5,90.46,0.06,2.19,145.98,1034.17,2020.38,2.56,6.084,3100.0,0.292,PM2.5-1HR
956,NOR_NO0150A,2025-10-01,6.47,7.44,90.68,0.06,2.18,145.52,1034.17,4950.29,2.56,6.084,3100.0,0.006,PM2.5-1HR
956,NOR_NO0152A,2025-10-01,6.1,7.61,90.9,0.06,2.18,144.41,1034.15,1988.23,2.65,6.21,3100.0,1.811,PM2.5-1HR
956,NOR_NO0153A,2025-10-01,6.13,7.71,91.31,0.06,2.02,140.96,1034.09,1497.53,3.19,6.966,3100.0,0.011,PM2.5-1HR
956,NOR_NO0155A,2025-10-01,3.01,7.33,90.55,0.06,2.18,146.18,1034.18,3652.11,2.56,6.084,3100.0,1.758,PM2.5-1HR
956,NOR_NO0011A,2025-10-02,6.99,9.04,85.42,0.02,3.32,175.77,1029.63,11187.25,3.5,7.4,3100.0,0.041,PM2.5-1HR
956,NOR_NO0057A,2025-10-02,6.5,8.94,84.56,0.02,3.39,177.43,1029.71,727.91,3.18,6.952,3100.0,0.047,PM2.5-1HR
956,NOR_NO0071A,2025-10-02,6.46,9.05,84.62,0.01,3.35,176.24,1029.71,5794.7,3.25,7.05,3100.0,0.019,PM2.5-1HR
956,NOR_NO0073A,2025-10-02,5.15,9.03,85.19,0.02,3.34,175.98,1029.67,19813.27,3.25,7.05,3100.0,0.25,PM2.5-1HR
956,NOR_NO0083A,2025-10-02,6.87,9.11,85.33,0.02,3.29,175.16,1029.62,4937.94,3.5,7.4,3100.0,0.017,PM2.5-1HR
956,NOR_NO0093A,2025-10-02,5.97,9.12,85.27,0.02,3.29,175.04,1029.63,3881.7,3.5,7.4,3100.0,0.0,PM2.5-1HR
956,NOR_NO0095A,2025-10-02,32.49,9.09,85.44,0.02,3.27,175.22,1029.6,3578.09,3.48,7.372,3100.0,0.011,PM2.5-1HR
956,NOR_NO0114A,2025-10-02,6.78,9.2,85.4,0.01,3.19,174.11,1029.54,2835.19,4.01,8.114,3100.0,0.018,PM2.5-1HR
956,NOR_NO0122A,2025-10-02,9.15,8.94,84.53,0.02,3.39,177.4,1029.72,3172.81,3.18,6.952,3100.0,0.01,PM2.5-1HR
956,NOR_NO0140A,2025-10-02,8.14,9.09,85.26,0.02,3.32,175.38,1029.65,3929.05,3.5,7.4,3100.0,0.209,PM2.5-1HR
956,NOR_NO0143A,2025-10-02,6.91,9.05,85.14,0.02,3.34,175.84,1029.67,19250.64,3.25,7.05,3100.0,0.013,PM2.5-1HR
956,NOR_NO0149A,2025-10-02,5.68,9,84.66,0.02,3.37,176.78,1029.71,2020.38,3.25,7.05,3100.0,0.292,PM2.5-1HR
956,NOR_NO0150A,2025-10-02,7.26,8.98,84.94,0.02,3.36,176.68,1029.69,4950.29,3.25,7.05,3100.0,0.006,PM2.5-1HR
956,NOR_NO0152A,2025-10-02,8.87,9.09,85.21,0.02,3.32,175.36,1029.67,1988.23,3.5,7.4,3100.0,1.811,PM2.5-1HR
956,NOR_NO0153A,2025-10-02,9.14,9.24,85.29,0.01,3.18,173.8,1029.56,1497.53,4.01,8.114,3100.0,0.011,PM2.5-1HR
956,NOR_NO0155A,2025-10-02,4.04,8.91,84.79,0.02,3.39,177.53,1029.7,3652.11,3.25,7.05,3100.0,1.758,PM2.5-1HR
956,NOR_NO0011A,2025-10-03,5.65,9.92,80.09,0.11,4.82,159.03,1020.48,11187.25,2.35,5.79,3100.0,0.041,PM2.5-1HR
956,NOR_NO0057A,2025-10-03,5.1,9.9,79.74,0.1,4.84,160.04,1020.64,727.91,2.22,5.608,3100.0,0.047,PM2.5-1HR
956,NOR_NO0071A,2025-10-03,4.62,10.02,79.5,0.09,4.86,159.62,1020.6,5794.7,2.14,5.496,3100.0,0.019,PM2.5-1HR
956,NOR_NO0073A,2025-10-03,4.44,9.95,79.91,0.1,4.85,159.33,1020.54,19813.27,2.14,5.496,3100.0,0.25,PM2.5-1HR
956,NOR_NO0083A,2025-10-03,6.06,9.99,79.91,0.11,4.78,158.7,1020.45,4937.94,2.35,5.79,3100.0,0.017,PM2.5-1HR
956,NOR_NO0093A,2025-10-03,4.72,10.02,79.81,0.1,4.8,158.73,1020.46,3881.7,2.35,5.79,3100.0,0.0,PM2.5-1HR
956,NOR_NO0095A,2025-10-03,5.17,9.95,80.08,0.11,4.74,158.5,1020.4,3578.09,2.38,5.832,3100.0,0.011,PM2.5-1HR
956,NOR_NO0114A,2025-10-03,6.12,10.04,79.91,0.11,4.64,157.6,1020.29,2835.19,2.8,6.42,3100.0,0.018,PM2.5-1HR
956,NOR_NO0122A,2025-10-03,7.81,9.91,79.7,0.1,4.84,160.04,1020.64,3172.81,2.22,5.608,3100.0,0.01,PM2.5-1HR
956,NOR_NO0140A,2025-10-03,7.5,10,79.84,0.1,4.84,159.03,1020.5,3929.05,2.35,5.79,3100.0,0.209,PM2.5-1HR
956,NOR_NO0143A,2025-10-03,6.12,9.98,79.83,0.1,4.85,159.3,1020.54,19250.64,2.14,5.496,3100.0,0.013,PM2.5-1HR
956,NOR_NO0149A,2025-10-03,4.87,9.96,79.66,0.1,4.85,159.79,1020.61,2020.38,2.14,5.496,3100.0,0.292,PM2.5-1HR
956,NOR_NO0150A,2025-10-03,6.85,9.92,79.87,0.1,4.85,159.66,1020.58,4950.29,2.14,5.496,3100.0,0.006,PM2.5-1HR
956,NOR_NO0152A,2025-10-03,8.34,10.02,79.77,0.1,4.86,159.12,1020.53,1988.23,2.35,5.79,3100.0,1.811,PM2.5-1HR
956,NOR_NO0153A,2025-10-03,8.43,10.1,79.69,0.1,4.66,157.61,1020.3,1497.53,2.8,6.42,3100.0,0.011,PM2.5-1HR
956,NOR_NO0155A,2025-10-03,3.88,9.85,79.95,0.1,4.84,160,1020.62,3652.11,2.14,5.496,3100.0,1.758,PM2.5-1HR
956,NOR_NO0011A,2025-10-04,2.64,7.91,86.27,1.84,7.54,130.84,990.89,11187.25,0.98,3.872,3100.0,0.041,PM2.5-1HR
956,NOR_NO0057A,2025-10-04,3.41,7.9,85.88,1.77,7.58,131.81,991.18,727.91,0.89,3.746,3100.0,0.047,PM2.5-1HR
956,NOR_NO0071A,2025-10-04,2.44,8.02,85.92,1.78,7.58,131.62,991.06,5794.7,0.85,3.69,3100.0,0.019,PM2.5-1HR
956,NOR_NO0073A,2025-10-04,2.38,7.94,86.11,1.82,7.58,131.21,990.98,19813.27,0.85,3.69,3100.0,0.25,PM2.5-1HR
956,NOR_NO0083A,2025-10-04,2.73,7.99,86.34,1.84,7.48,130.55,990.79,4937.94,0.98,3.872,3100.0,0.017,PM2.5-1HR
956,NOR_NO0093A,2025-10-04,3.06,8.01,86.3,1.84,7.49,130.65,990.8,3881.7,0.98,3.872,3100.0,0.0,PM2.5-1HR
956,NOR_NO0095A,2025-10-04,3.77,7.94,86.47,1.85,7.43,130.24,990.74,3578.09,0.98,3.872,3100.0,0.011,PM2.5-1HR
956,NOR_NO0114A,2025-10-04,2.51,8.04,86.75,1.87,7.26,129.34,990.49,2835.19,1.15,4.11,3100.0,0.018,PM2.5-1HR
956,NOR_NO0122A,2025-10-04,2.7,7.91,85.87,1.77,7.58,131.83,991.18,3172.81,0.89,3.746,3100.0,0.01,PM2.5-1HR
956,NOR_NO0140A,2025-10-04,2.83,7.99,86.18,1.83,7.55,130.97,990.89,3929.05,0.98,3.872,3100.0,0.209,PM2.5-1HR
956,NOR_NO0143A,2025-10-04,2.45,7.97,86.09,1.82,7.58,131.22,990.97,19250.64,0.85,3.69,3100.0,0.013,PM2.5-1HR
956,NOR_NO0149A,2025-10-04,3.72,7.95,85.92,1.78,7.58,131.67,991.11,2020.38,0.85,3.69,3100.0,0.292,PM2.5-1HR
956,NOR_NO0150A,2025-10-04,2.11,7.91,86.02,1.8,7.59,131.47,991.07,4950.29,0.85,3.69,3100.0,0.006,PM2.5-1HR
956,NOR_NO0152A,2025-10-04,4.01,8.01,86.12,1.83,7.58,131.1,990.92,1988.23,0.98,3.872,3100.0,1.811,PM2.5-1HR
956,NOR_NO0153A,2025-10-04,3.92,8.1,86.7,1.87,7.26,129.47,990.48,1497.53,1.15,4.11,3100.0,0.011,PM2.5-1HR
956,NOR_NO0155A,2025-10-04,1.59,7.85,85.96,1.78,7.59,131.67,991.17,3652.11,0.85,3.69,3100.0,1.758,PM2.5-1HR
956,NOR_NO0011A,2025-10-05,1.54,9.89,94.35,0.52,3.44,79.07,986.86,11187.25,0.96,3.844,3100.0,0.041,PM2.5-1HR
956,NOR_NO0057A,2025-10-05,1.6,9.9,94.59,0.51,3.51,82.98,986.91,727.91,1.01,3.914,3100.0,0.047,PM2.5-1HR
956,NOR_NO0071A,2025-10-05,5.43,10,94.55,0.52,3.51,82.73,986.85,5794.7,0.97,3.858,3100.0,0.019,PM2.5-1HR
956,NOR_NO0073A,2025-10-05,2.08,9.93,94.43,0.52,3.48,80.55,986.86,19813.27,0.97,3.858,3100.0,0.25,PM2.5-1HR
956,NOR_NO0083A,2025-10-05,2.05,9.93,94.33,0.51,3.41,78.51,986.82,4937.94,0.96,3.844,3100.0,0.017,PM2.5-1HR
956,NOR_NO0093A,2025-10-05,5.57,9.96,94.35,0.52,3.43,78.94,986.81,3881.7,0.96,3.844,3100.0,0.0,PM2.5-1HR
956,NOR_NO0095A,2025-10-05,3.41,9.88,94.28,0.51,3.38,77.35,986.83,3578.09,1.02,3.928,3100.0,0.011,PM2.5-1HR
956,NOR_NO0114A,2025-10-05,1.33,9.9,94.18,0.5,3.29,74.92,986.76,2835.19,1.07,3.998,3100.0,0.018,PM2.5-1HR
956,NOR_NO0122A,2025-10-05,1.83,9.91,94.59,0.51,3.52,83.11,986.91,3172.81,1.01,3.914,3100.0,0.01,PM2.5-1HR
956,NOR_NO0140A,2025-10-05,1.96,9.96,94.39,0.52,3.46,79.85,986.83,3929.05,0.96,3.844,3100.0,0.209,PM2.5-1HR
956,NOR_NO0143A,2025-10-05,2.31,9.95,94.43,0.52,3.48,80.71,986.85,19250.64,0.97,3.858,3100.0,0.013,PM2.5-1HR
956,NOR_NO0149A,2025-10-05,2.01,9.95,94.55,0.51,3.51,82.61,986.88,2020.38,0.97,3.858,3100.0,0.292,PM2.5-1HR
956,NOR_NO0150A,2025-10-05,2.98,9.91,94.49,0.51,3.49,81.55,986.89,4950.29,0.97,3.858,3100.0,0.006,PM2.5-1HR
956,NOR_NO0152A,2025-10-05,2.45,9.98,94.41,0.52,3.48,80.39,986.83,1988.23,0.96,3.844,3100.0,1.811,PM2.5-1HR
956,NOR_NO0153A,2025-10-05,2.65,9.96,94.21,0.51,3.31,75.51,986.73,1497.53,1.07,3.998,3100.0,0.011,PM2.5-1HR
956,NOR_NO0155A,2025-10-05,1.31,9.86,94.55,0.51,3.5,82.14,986.93,3652.11,0.97,3.858,3100.0,1.758,PM2.5-1HR
956,NOR_NO0011A,2025-10-06,3.31,9.14,89.74,0.04,2,291.12,1010.09,11187.25,1.04,3.956,3100.0,0.041,PM2.5-1HR
956,NOR_NO0057A,2025-10-06,4,9.28,89.42,0.03,2.04,298.77,1010.05,727.91,1.15,4.11,3100.0,0.047,PM2.5-1HR
956,NOR_NO0071A,2025-10-06,6.04,9.32,89.51,0.03,2.04,297.6,1010.06,5794.7,1.08,4.012,3100.0,0.019,PM2.5-1HR
956,NOR_NO0073A,2025-10-06,2.69,9.22,89.6,0.04,2.03,294.06,1010.08,19813.27,1.08,4.012,3100.0,0.25,PM2.5-1HR
956,NOR_NO0083A,2025-10-06,2.75,9.13,89.88,0.04,1.99,290.65,1010.09,4937.94,1.04,3.956,3100.0,0.017,PM2.5-1HR
956,NOR_NO0093A,2025-10-06,5.58,9.17,89.84,0.04,2,291.43,1010.09,3881.7,1.04,3.956,3100.0,0.0,PM2.5-1HR
956,NOR_NO0095A,2025-10-06,4.64,9.06,90.01,0.04,1.96,288.44,1010.1,3578.09,1.03,3.942,3100.0,0.011,PM2.5-1HR
956,NOR_NO0114A,2025-10-06,1.87,8.96,90.39,0.05,1.91,285.36,1010.11,2835.19,1.01,3.914,3100.0,0.018,PM2.5-1HR
956,NOR_NO0122A,2025-10-06,4.37,9.28,89.42,0.03,2.04,298.85,1010.05,3172.81,1.15,4.11,3100.0,0.01,PM2.5-1HR
956,NOR_NO0140A,2025-10-06,2.32,9.21,89.7,0.04,2.02,292.7,1010.08,3929.05,1.04,3.956,3100.0,0.209,PM2.5-1HR
956,NOR_NO0143A,2025-10-06,2.41,9.24,89.6,0.04,2.03,294.32,1010.07,19250.64,1.08,4.012,3100.0,0.013,PM2.5-1HR
956,NOR_NO0149A,2025-10-06,2.69,9.29,89.48,0.04,2.04,297.88,1010.06,2020.38,1.08,4.012,3100.0,0.292,PM2.5-1HR
956,NOR_NO0150A,2025-10-06,4.9,9.24,89.52,0.04,2.03,296.41,1010.07,4950.29,1.08,4.012,3100.0,0.006,PM2.5-1HR
956,NOR_NO0152A,2025-10-06,4.25,9.25,89.64,0.04,2.03,293.49,1010.08,1988.23,1.04,3.956,3100.0,1.811,PM2.5-1HR
956,NOR_NO0153A,2025-10-06,3.19,9.01,90.35,0.05,1.92,286.63,1010.11,1497.53,1.01,3.914,3100.0,0.011,PM2.5-1HR
956,NOR_NO0155A,2025-10-06,2.81,9.23,89.44,0.04,2.03,298.03,1010.06,3652.11,1.08,4.012,3100.0,1.758,PM2.5-1HR
956,NOR_NO0011A,2025-10-07,3.83,11,97.44,0.1,2.48,193.59,1012.77,11187.25,1.75,4.95,3100.0,0.041,PM2.5-1HR
956,NOR_NO0057A,2025-10-07,4.47,11.13,97.36,0.1,2.77,195.84,1012.81,727.91,1.63,4.782,3100.0,0.047,PM2.5-1HR
956,NOR_NO0071A,2025-10-07,2.36,11.2,97.4,0.11,2.73,194.44,1012.81,5794.7,1.66,4.824,3100.0,0.019,PM2.5-1HR
956,NOR_NO0073A,2025-10-07,4.63,11.08,97.43,0.1,2.58,193.93,1012.78,19813.27,1.66,4.824,3100.0,0.25,PM2.5-1HR
956,NOR_NO0083A,2025-10-07,4.2,11.01,97.44,0.1,2.44,192.96,1012.77,4937.94,1.75,4.95,3100.0,0.017,PM2.5-1HR
956,NOR_NO0093A,2025-10-07,6.74,11.05,97.45,0.1,2.47,192.86,1012.77,3881.7,1.75,4.95,3100.0,0.0,PM2.5-1HR
956,NOR_NO0095A,2025-10-07,5.55,10.93,97.43,0.1,2.37,192.95,1012.76,3578.09,1.72,4.908,3100.0,0.011,PM2.5-1HR
956,NOR_NO0114A,2025-10-07,3.96,10.85,97.43,0.09,2.22,191.7,1012.75,2835.19,2.05,5.37,3100.0,0.018,PM2.5-1HR
956,NOR_NO0122A,2025-10-07,6.67,11.14,97.36,0.11,2.77,195.8,1012.81,3172.81,1.63,4.782,3100.0,0.01,PM2.5-1HR
956,NOR_NO0140A,2025-10-07,4.64,11.08,97.45,0.1,2.53,193.22,1012.78,3929.05,1.75,4.95,3100.0,0.209,PM2.5-1HR
956,NOR_NO0143A,2025-10-07,4.79,11.1,97.44,0.1,2.59,193.79,1012.78,19250.64,1.66,4.824,3100.0,0.013,PM2.5-1HR
956,NOR_NO0149A,2025-10-07,3.71,11.15,97.38,0.11,2.73,195.06,1012.8,2020.38,1.66,4.824,3100.0,0.292,PM2.5-1HR
956,NOR_NO0150A,2025-10-07,6.83,11.09,97.4,0.1,2.66,194.86,1012.79,4950.29,1.66,4.824,3100.0,0.006,PM2.5-1HR
956,NOR_NO0152A,2025-10-07,4.46,11.12,97.46,0.11,2.56,193.2,1012.78,1988.23,1.75,4.95,3100.0,1.811,PM2.5-1HR
956,NOR_NO0153A,2025-10-07,9.24,10.92,97.43,0.1,2.25,191.53,1012.76,1497.53,2.05,5.37,3100.0,0.011,PM2.5-1HR
956,NOR_NO0155A,2025-10-07,3.21,11.07,97.36,0.1,2.71,195.91,1012.79,3652.11,1.66,4.824,3100.0,1.758,PM2.5-1HR
956,NOR_NO0011A,2025-10-08,4,9.93,85.51,0,1.95,247.02,1010.96,11187.25,1.55,4.67,3100.0,0.041,PM2.5-1HR
956,NOR_NO0057A,2025-10-08,5.28,9.98,85.66,0,2.01,243.86,1010.94,727.91,1.48,4.572,3100.0,0.047,PM2.5-1HR
956,NOR_NO0073A,2025-10-08,3.88,9.98,85.59,0,1.96,246.07,1010.95,19813.27,1.42,4.488,3100.0,0.25,PM2.5-1HR
956,NOR_NO0083A,2025-10-08,4.77,9.96,85.36,0,1.93,247.07,1010.97,4937.94,1.55,4.67,3100.0,0.017,PM2.5-1HR
956,NOR_NO0093A,2025-10-08,4.68,9.99,85.37,0,1.92,246.83,1010.97,3881.7,1.55,4.67,3100.0,0.0,PM2.5-1HR
956,NOR_NO0095A,2025-10-08,4.79,9.91,85.29,0,1.93,247.6,1010.97,3578.09,1.52,4.628,3100.0,0.011,PM2.5-1HR
956,NOR_NO0114A,2025-10-08,3.19,9.91,84.93,0,1.89,248.34,1011,2835.19,1.77,4.978,3100.0,0.018,PM2.5-1HR
956,NOR_NO0122A,2025-10-08,6.56,9.99,85.66,0,2.01,243.76,1010.94,3172.81,1.48,4.572,3100.0,0.01,PM2.5-1HR
956,NOR_NO0140A,2025-10-08,5.07,10,85.51,0,1.94,246.51,1010.96,3929.05,1.55,4.67,3100.0,0.209,PM2.5-1HR
956,NOR_NO0143A,2025-10-08,4.73,10,85.58,0,1.95,245.93,1010.95,19250.64,1.42,4.488,3100.0,0.013,PM2.5-1HR
956,NOR_NO0149A,2025-10-08,3.3,10.01,85.62,0,1.99,244.24,1010.95,2020.38,1.42,4.488,3100.0,0.292,PM2.5-1HR
956,NOR_NO0150A,2025-10-08,6.47,9.97,85.63,0,1.98,245.14,1010.95,4950.29,1.42,4.488,3100.0,0.006,PM2.5-1HR
956,NOR_NO0152A,2025-10-08,6.66,10.02,85.55,0,1.94,246.23,1010.96,1988.23,1.55,4.67,3100.0,1.811,PM2.5-1HR
956,NOR_NO0153A,2025-10-08,6.14,9.96,84.91,0,1.88,248.06,1011,1497.53,1.77,4.978,3100.0,0.011,PM2.5-1HR
956,NOR_NO0155A,2025-10-08,2.26,9.93,85.68,0,2.01,244.54,1010.94,3652.11,1.42,4.488,3100.0,1.758,PM2.5-1HR
956,NOR_NO0011A,2025-10-09,4.72,8.91,79.03,0,3.15,219.06,1008.55,11187.25,2.06,5.384,3100.0,0.041,PM2.5-1HR
956,NOR_NO0057A,2025-10-09,5.2,8.76,79.64,0,3.32,220.05,1008.57,727.91,2.26,5.664,3100.0,0.047,PM2.5-1HR
956,NOR_NO0073A,2025-10-09,4.19,8.9,79.34,0,3.2,219.33,1008.57,19813.27,2.12,5.468,3100.0,0.25,PM2.5-1HR
956,NOR_NO0083A,2025-10-09,5.19,9,79.08,0,3.11,218.6,1008.57,4937.94,2.06,5.384,3100.0,0.017,PM2.5-1HR
956,NOR_NO0093A,2025-10-09,6.32,9.02,79.22,0,3.12,218.6,1008.59,3881.7,2.06,5.384,3100.0,0.0,PM2.5-1HR
956,NOR_NO0095A,2025-10-09,5.03,8.98,78.8,0,3.08,218.43,1008.55,3578.09,2.01,5.314,3100.0,0.011,PM2.5-1HR
956,NOR_NO0114A,2025-10-09,4.06,9.12,78.61,0,2.97,217.37,1008.57,2835.19,2.18,5.552,3100.0,0.018,PM2.5-1HR
956,NOR_NO0122A,2025-10-09,8.66,8.77,79.68,0,3.32,220.03,1008.58,3172.81,2.26,5.664,3100.0,0.01,PM2.5-1HR
956,NOR_NO0140A,2025-10-09,5.34,8.98,79.32,0,3.16,218.95,1008.58,3929.05,2.06,5.384,3100.0,0.209,PM2.5-1HR
956,NOR_NO0143A,2025-10-09,4.68,8.93,79.42,0,3.2,219.26,1008.58,19250.64,2.12,5.468,3100.0,0.013,PM2.5-1HR
956,NOR_NO0149A,2025-10-09,3.6,8.84,79.7,0,3.29,219.75,1008.59,2020.38,2.12,5.468,3100.0,0.292,PM2.5-1HR
956,NOR_NO0150A,2025-10-09,10.36,8.83,79.44,0,3.26,219.68,1008.56,4950.29,2.12,5.468,3100.0,0.006,PM2.5-1HR
956,NOR_NO0152A,2025-10-09,6.14,8.99,79.45,0,3.18,219.01,1008.59,1988.23,2.06,5.384,3100.0,1.811,PM2.5-1HR
956,NOR_NO0153A,2025-10-09,5.64,9.16,78.84,0,2.97,217.35,1008.6,1497.53,2.18,5.552,3100.0,0.011,PM2.5-1HR
956,NOR_NO0155A,2025-10-09,3.12,8.73,79.39,0,3.3,220.07,1008.54,3652.11,2.12,5.468,3100.0,1.758,PM2.5-1HR
956,NOR_NO0057A,2025-10-10,4.92,9.84,71.97,0,3.68,226.26,1012.19,727.91,0.96,3.844,3100.0,0.047,PM2.5-1HR
956,NOR_NO0083A,2025-10-10,4.23,10,72,0,3.42,224.28,1012.24,4937.94,1.28,4.292,3100.0,0.017,PM2.5-1HR
956,NOR_NO0095A,2025-10-10,8.28,9.98,71.99,0,3.4,223.93,1012.22,3578.09,1.41,4.474,3100.0,0.011,PM2.5-1HR
956,NOR_NO0114A,2025-10-10,3.11,10.08,71.99,0,3.25,222.68,1012.27,2835.19,1.85,5.09,3100.0,0.018,PM2.5-1HR
956,NOR_NO0149A,2025-10-10,3.25,9.9,71.98,0,3.63,226.02,1012.23,2020.38,1.33,4.362,3100.0,0.292,PM2.5-1HR
956,NOR_NO0057A,2025-10-11,4.68,12.8,65.95,0,3.26,256.55,1017.62,727.91,0.4,3.06,3100.0,0.047,PM2.5-1HR
956,NOR_NO0083A,2025-10-11,2.48,12.87,65.84,0,3.08,257.11,1017.7,4937.94,0.33,2.962,3100.0,0.017,PM2.5-1HR
956,NOR_NO0095A,2025-10-11,4.08,12.87,65.67,0,3.08,257.66,1017.7,3578.09,0.36,3.004,3100.0,0.011,PM2.5-1HR
956,NOR_NO0114A,2025-10-11,1.01,12.93,65.46,0,2.98,257.64,1017.77,2835.19,0.38,3.032,3100.0,0.018,PM2.5-1HR
956,NOR_NO0149A,2025-10-11,1.64,12.82,66.04,0,3.21,256.3,1017.64,2020.38,0.31,2.934,3100.0,0.292,PM2.5-1HR
956,NOR_NO0057A,2025-10-12,3.34,9.72,66.23,0,2.55,352.51,1023.43,727.91,0.33,2.962,3100.0,0.047,PM2.5-1HR
956,NOR_NO0083A,2025-10-12,3.33,10,66.97,0,2.36,350.17,1023.45,4937.94,0.41,3.074,3100.0,0.017,PM2.5-1HR
956,NOR_NO0095A,2025-10-12,3.82,10.03,66.86,0,2.33,349.94,1023.46,3578.09,0.5,3.2,3100.0,0.011,PM2.5-1HR
956,NOR_NO0114A,2025-10-12,1.99,10.2,67.35,0,2.19,348.57,1023.47,2835.19,0.58,3.312,3100.0,0.018,PM2.5-1HR
956,NOR_NO0149A,2025-10-12,3.49,9.77,66.54,0,2.51,352.07,1023.43,2020.38,0.41,3.074,3100.0,0.292,PM2.5-1HR
956,NOR_NO0057A,2025-10-13,6.68,6.52,87.18,0.07,0.83,207.75,1024.96,727.91,2.28,5.692,3100.0,0.047,PM2.5-1HR
956,NOR_NO0083A,2025-10-13,7.32,6.79,88.2,0.06,0.75,232.23,1024.95,4937.94,1.63,4.782,3100.0,0.017,PM2.5-1HR
956,NOR_NO0095A,2025-10-13,6.24,6.78,88.19,0.05,0.74,245.65,1024.95,3578.09,1.78,4.992,3100.0,0.011,PM2.5-1HR
956,NOR_NO0114A,2025-10-13,4.94,6.94,88.67,0.05,0.7,225.42,1024.93,2835.19,1.24,4.236,3100.0,0.018,PM2.5-1HR
956,NOR_NO0149A,2025-10-13,6.51,6.59,87.45,0.07,0.82,196.39,1024.96,2020.38,1.77,4.978,3100.0,0.292,PM2.5-1HR
956,NOR_NO0057A,2025-10-14,8.19,9.16,91.01,0.04,1.53,302.45,1022.69,727.91,2.88,6.532,3100.0,0.047,PM2.5-1HR
956,NOR_NO0083A,2025-10-14,8.59,9.33,90.6,0.03,1.47,304.11,1022.74,4937.94,2.82,6.448,3100.0,0.017,PM2.5-1HR
956,NOR_NO0095A,2025-10-14,7.66,9.33,90.4,0.03,1.47,303.88,1022.75,3578.09,3.49,7.386,3100.0,0.011,PM2.5-1HR
956,NOR_NO0114A,2025-10-14,5.86,9.43,89.87,0.02,1.42,303.08,1022.78,2835.19,3.72,7.708,3100.0,0.018,PM2.5-1HR
956,NOR_NO0149A,2025-10-14,6.57,9.21,91.02,0.04,1.51,303.12,1022.7,2020.38,2.68,6.252,3100.0,0.292,PM2.5-1HR
956,NOR_NO0057A,2025-10-15,8.37,7,91.16,0,1.76,312.05,1018.67,727.91,2.14,5.496,3100.0,0.047,PM2.5-1HR
956,NOR_NO0083A,2025-10-15,7.76,7.2,90.75,0,1.77,310.32,1018.74,4937.94,1.78,4.992,3100.0,0.017,PM2.5-1HR
956,NOR_NO0095A,2025-10-15,5.19,7.16,90.53,0,1.76,309.18,1018.75,3578.09,1.85,5.09,3100.0,0.011,PM2.5-1HR
956,NOR_NO0114A,2025-10-15,5.01,7.39,89.99,0,1.75,307.68,1018.8,2835.19,2,5.3,3100.0,0.018,PM2.5-1HR
956,NOR_NO0149A,2025-10-15,7.15,7.1,91.19,0,1.77,312.49,1018.68,2020.38,1.91,5.174,3100.0,0.292,PM2.5-1HR
956,NOR_NO0057A,2025-10-16,5.65,7.16,80.5,0.02,2.24,312.15,1014.85,727.91,1.23,4.222,3100.0,0.047,PM2.5-1HR
956,NOR_NO0083A,2025-10-16,6.39,7.5,79.79,0.01,2.23,310.38,1014.9,4937.94,1.07,3.998,3100.0,0.017,PM2.5-1HR
956,NOR_NO0095A,2025-10-16,4.3,7.44,79.88,0.01,2.21,309.48,1014.91,3578.09,1.25,4.25,3100.0,0.011,PM2.5-1HR
956,NOR_NO0114A,2025-10-16,3.1,7.64,79.54,0.01,2.22,308.06,1014.95,2835.19,1.49,4.586,3100.0,0.018,PM2.5-1HR
956,NOR_NO0149A,2025-10-16,5.94,7.28,80.28,0.02,2.24,312.32,1014.86,2020.38,0.99,3.886,3100.0,0.292,PM2.5-1HR
956,NOR_NO0057A,2025-10-17,6.24,3.12,79.88,0.02,2.26,329.55,1020.32,727.91,0.92,3.788,3100.0,0.047,PM2.5-1HR
956,NOR_NO0083A,2025-10-17,4.89,3.62,78.94,0.02,2.21,328.24,1020.39,4937.94,0.76,3.564,3100.0,0.017,PM2.5-1HR
956,NOR_NO0095A,2025-10-17,3.72,3.57,78.78,0.02,2.2,327.66,1020.41,3578.09,0.81,3.634,3100.0,0.011,PM2.5-1HR
956,NOR_NO0114A,2025-10-17,3.85,3.81,78.4,0.02,2.15,326.29,1020.44,2835.19,0.92,3.788,3100.0,0.018,PM2.5-1HR
956,NOR_NO0149A,2025-10-17,5.48,3.29,79.75,0.02,2.26,329.66,1020.33,2020.38,0.81,3.634,3100.0,0.292,PM2.5-1HR
956,NOR_NO0057A,2025-10-18,6.88,2.13,79.66,0,1,242.88,1024.93,727.91,1.55,4.67,3100.0,0.047,PM2.5-1HR
956,NOR_NO0083A,2025-10-18,5.51,2.51,78.83,0,0.93,242.36,1024.93,4937.94,1.3,4.32,3100.0,0.017,PM2.5-1HR
956,NOR_NO0095A,2025-10-18,6.83,2.47,78.82,0,0.91,242.54,1024.93,3578.09,1.28,4.292,3100.0,0.011,PM2.5-1HR
956,NOR_NO0114A,2025-10-18,6.17,2.65,79.04,0,0.86,242.03,1024.93,2835.19,1.06,3.984,3100.0,0.018,PM2.5-1HR
956,NOR_NO0149A,2025-10-18,6.89,2.27,79.48,0,0.99,239.76,1024.93,2020.38,1.43,4.502,3100.0,0.292,PM2.5-1HR
956,NOR_NO0057A,2025-10-19,7.72,0.61,91.24,0,0.94,305.96,1018.78,727.91,2.16,5.524,3100.0,0.047,PM2.5-1HR
956,NOR_NO0083A,2025-10-19,6,1.02,91.01,0,0.93,342.66,1018.77,4937.94,1.79,5.006,3100.0,0.017,PM2.5-1HR
956,NOR_NO0095A,2025-10-19,4.9,0.98,90.87,0,0.93,321.42,1018.77,3578.09,2.06,5.384,3100.0,0.011,PM2.5-1HR
956,NOR_NO0114A,2025-10-19,7.8,1.23,90.96,0,0.92,341.21,1018.76,2835.19,1.46,4.544,3100.0,0.018,PM2.5-1HR
956,NOR_NO0149A,2025-10-19,8.18,0.76,91.27,0,0.94,332.53,1018.78,2020.38,1.89,5.146,3100.0,0.292,PM2.5-1HR
956,NOR_NO0057A,2025-10-20,7.9,3.18,92.39,0.04,1.57,98.42,1009.33,727.91,3.9,7.96,3100.0,0.047,PM2.5-1HR
956,NOR_NO0083A,2025-10-20,7.03,3.43,92.61,0.04,1.46,92.31,1009.27,4937.94,3.38,7.232,3100.0,0.017,PM2.5-1HR
956,NOR_NO0095A,2025-10-20,6.51,3.37,92.7,0.04,1.44,92.29,1009.27,3578.09,3.32,7.148,3100.0,0.011,PM2.5-1HR
956,NOR_NO0114A,2025-10-20,6.98,3.54,92.87,0.04,1.39,89.77,1009.23,2835.19,3.1,6.84,3100.0,0.018,PM2.5-1HR
956,NOR_NO0149A,2025-10-20,7.29,3.29,92.37,0.04,1.56,97.02,1009.31,2020.38,3.15,6.91,3100.0,0.292,PM2.5-1HR
956,NOR_NO0057A,2025-10-21,5.74,6.43,95.95,0.71,2.16,64.75,997.08,727.91,1.22,4.208,3100.0,0.047,PM2.5-1HR
956,NOR_NO0083A,2025-10-21,5.31,6.39,96.01,0.72,2.07,53.48,997.03,4937.94,1.02,3.928,3100.0,0.017,PM2.5-1HR
956,NOR_NO0095A,2025-10-21,4.56,6.3,96.14,0.7,2.07,51.73,997.05,3578.09,1.2,4.18,3100.0,0.011,PM2.5-1HR
956,NOR_NO0114A,2025-10-21,5.04,6.28,96.2,0.7,2.02,47.07,997.01,2835.19,0.94,3.816,3100.0,0.018,PM2.5-1HR
956,NOR_NO0149A,2025-10-21,5.79,6.49,95.88,0.72,2.14,63.29,997.05,2020.38,0.95,3.83,3100.0,0.292,PM2.5-1HR
956,NOR_NO0057A,2025-10-22,4.24,9.81,97.38,0.62,2.06,130.7,991.2,727.91,1.01,3.914,3100.0,0.047,PM2.5-1HR
956,NOR_NO0083A,2025-10-22,5.33,9.56,97.46,0.71,1.69,119.85,991.16,4937.94,0.94,3.816,3100.0,0.017,PM2.5-1HR
956,NOR_NO0095A,2025-10-22,4.33,9.44,97.45,0.71,1.62,116.48,991.17,3578.09,1.12,4.068,3100.0,0.011,PM2.5-1HR
956,NOR_NO0114A,2025-10-22,5.44,9.29,97.46,0.73,1.46,108.84,991.16,2835.19,1.05,3.97,3100.0,0.018,PM2.5-1HR
956,NOR_NO0149A,2025-10-22,3.84,9.82,97.41,0.64,2.01,129.82,991.18,2020.38,0.82,3.648,3100.0,0.292,PM2.5-1HR
956,NOR_NO0057A,2025-10-23,5.01,9.9,94.27,0.12,2.05,90.25,993.17,727.91,1.91,5.174,3100.0,0.047,PM2.5-1HR
956,NOR_NO0083A,2025-10-23,5.56,9.82,94.41,0.15,1.94,83.71,993.11,4937.94,1.56,4.684,3100.0,0.017,PM2.5-1HR
956,NOR_NO0095A,2025-10-23,3.46,9.75,94.41,0.16,1.91,82.12,993.11,3578.09,1.85,5.09,3100.0,0.011,PM2.5-1HR
956,NOR_NO0114A,2025-10-23,4.55,9.69,94.55,0.16,1.84,78.14,993.08,2835.19,1.92,5.188,3100.0,0.018,PM2.5-1HR
956,NOR_NO0149A,2025-10-23,3.83,9.92,94.31,0.13,2.04,89.66,993.14,2020.38,1.5,4.6,3100.0,0.292,PM2.5-1HR
956,NOR_NO0057A,2025-10-24,2.81,9.66,93.83,1.28,4.05,61.54,988.41,727.91,0.52,3.228,3100.0,0.047,PM2.5-1HR
956,NOR_NO0083A,2025-10-24,2.44,9.67,93.81,1.35,3.89,59.21,988.36,4937.94,0.6,3.34,3100.0,0.017,PM2.5-1HR
956,NOR_NO0095A,2025-10-24,4.68,9.62,93.85,1.37,3.87,58.72,988.39,3578.09,0.73,3.522,3100.0,0.011,PM2.5-1HR
956,NOR_NO0114A,2025-10-24,1.63,9.64,93.86,1.4,3.75,57.2,988.33,2835.19,0.92,3.788,3100.0,0.018,PM2.5-1HR
956,NOR_NO0149A,2025-10-24,2.14,9.69,93.79,1.28,4.02,61.29,988.37,2020.38,0.58,3.312,3100.0,0.292,PM2.5-1HR
956,NOR_NO0057A,2025-10-25,3.84,8.77,94.53,0.24,3.07,104.39,987.17,727.91,0.74,3.536,3100.0,0.047,PM2.5-1HR
956,NOR_NO0083A,2025-10-25,3.96,8.79,94.58,0.27,2.93,102.75,987.04,4937.94,0.59,3.326,3100.0,0.017,PM2.5-1HR
956,NOR_NO0095A,2025-10-25,3.35,8.76,94.68,0.26,2.9,102.24,987.04,3578.09,0.53,3.242,3100.0,0.011,PM2.5-1HR
956,NOR_NO0114A,2025-10-25,2.91,8.77,94.67,0.27,2.79,101.16,986.95,2835.19,0.7,3.48,3100.0,0.018,PM2.5-1HR
956,NOR_NO0149A,2025-10-25,2.53,8.8,94.47,0.25,3.05,104.35,987.14,2020.38,0.56,3.284,3100.0,0.292,PM2.5-1HR
956,NOR_NO0057A,2025-10-26,3.81,6.58,92,0.01,1.58,17.49,986.63,727.91,1.02,3.928,3100.0,0.047,PM2.5-1HR
956,NOR_NO0083A,2025-10-26,5.64,6.66,92.12,0,1.46,12.5,986.64,4937.94,1.13,4.082,3100.0,0.017,PM2.5-1HR
956,NOR_NO0095A,2025-10-26,4.83,6.67,92.11,0,1.4,12.33,986.66,3578.09,1.41,4.474,3100.0,0.011,PM2.5-1HR
956,NOR_NO0114A,2025-10-26,3.3,6.73,92.2,0,1.33,8.84,986.66,2835.19,1.66,4.824,3100.0,0.018,PM2.5-1HR
956,NOR_NO0149A,2025-10-26,5.07,6.6,92.05,0.01,1.6,16.29,986.63,2020.38,1.07,3.998,3100.0,0.292,PM2.5-1HR
956,NOR_NO0057A,2025-10-27,4.9,5.63,91.79,0.06,1.9,318.15,985.4,727.91,1.36,4.404,3100.0,0.047,PM2.5-1HR
956,NOR_NO0083A,2025-10-27,5.05,5.69,91.35,0.04,1.84,314.34,985.45,4937.94,1.08,4.012,3100.0,0.017,PM2.5-1HR
956,NOR_NO0095A,2025-10-27,4.89,5.66,91.31,0.04,1.81,314.12,985.46,3578.09,1.02,3.928,3100.0,0.011,PM2.5-1HR
956,NOR_NO0114A,2025-10-27,4.06,5.7,91.23,0.03,1.77,312.44,985.49,2835.19,0.93,3.802,3100.0,0.018,PM2.5-1HR
956,NOR_NO0149A,2025-10-27,5.31,5.67,91.71,0.06,1.9,317.37,985.4,2020.38,1.12,4.068,3100.0,0.292,PM2.5-1HR
956,NOR_NO0057A,2025-10-28,9,3.1,96.18,0.09,1.49,350.67,990.29,727.91,2.33,5.762,3100.0,0.047,PM2.5-1HR
956,NOR_NO0083A,2025-10-28,9.41,3.27,95.59,0.09,1.48,353.38,990.3,4937.94,1.96,5.244,3100.0,0.017,PM2.5-1HR
956,NOR_NO0095A,2025-10-28,7.49,3.27,95.45,0.08,1.47,353.17,990.31,3578.09,1.92,5.188,3100.0,0.011,PM2.5-1HR
956,NOR_NO0114A,2025-10-28,7.92,3.38,95.12,0.07,1.43,352.85,990.31,2835.19,1.88,5.132,3100.0,0.018,PM2.5-1HR
956,NOR_NO0149A,2025-10-28,7,3.15,96.1,0.09,1.49,351.54,990.28,2020.38,2.08,5.412,3100.0,0.292,PM2.5-1HR
956,NOR_NO0057A,2025-10-29,4.5,3.03,94.18,0.15,1.41,9.08,996.59,727.91,1.32,4.348,3100.0,0.047,PM2.5-1HR
956,NOR_NO0083A,2025-10-29,5.54,3.13,93.77,0.14,1.41,8.56,996.61,4937.94,1.08,4.012,3100.0,0.017,PM2.5-1HR
956,NOR_NO0095A,2025-10-29,4.16,3.11,93.73,0.14,1.39,9,996.62,3578.09,1.31,4.334,3100.0,0.011,PM2.5-1HR
956,NOR_NO0114A,2025-10-29,4.15,3.14,93.61,0.15,1.39,6.92,996.63,2835.19,1.04,3.956,3100.0,0.018,PM2.5-1HR
956,NOR_NO0149A,2025-10-29,4.53,3.07,94.09,0.15,1.42,8.44,996.59,2020.38,1.05,3.97,3100.0,0.292,PM2.5-1HR
956,NOR_NO0057A,2025-10-30,5.16,4.21,89.32,0.03,3.92,2.83,999.25,727.91,0.7,3.48,3100.0,0.047,PM2.5-1HR
956,NOR_NO0083A,2025-10-30,4.6,4.34,88.63,0.03,3.78,0.91,999.34,4937.94,0.52,3.228,3100.0,0.017,PM2.5-1HR
956,NOR_NO0095A,2025-10-30,3.98,4.27,88.58,0.03,3.73,0.67,999.38,3578.09,0.27,2.878,3100.0,0.011,PM2.5-1HR
956,NOR_NO0114A,2025-10-30,4.5,4.3,88.37,0.02,3.62,359.07,999.42,2835.19,0.3,2.92,3100.0,0.018,PM2.5-1HR
956,NOR_NO0149A,2025-10-30,3.11,4.29,89.18,0.03,3.91,2.46,999.24,2020.38,0.57,3.298,3100.0,0.292,PM2.5-1HR
956,NOR_NO0011A,2025-11-01,4.58,5.1,96.1,0.77,3.57,102.58,1007.84,11187.25,1.2,4.18,3100.0,0.041,PM2.5-1HR
956,NOR_NO0073A,2025-11-01,4.07,5.17,95.98,0.77,3.64,103.47,1007.86,19813.27,1.12,4.068,3100.0,0.25,PM2.5-1HR
956,NOR_NO0083A,2025-11-01,5.23,5.16,96.05,0.78,3.53,102.29,1007.79,4937.94,1.2,4.18,3100.0,0.017,PM2.5-1HR
956,NOR_NO0095A,2025-11-01,5.21,5.07,96.18,0.78,3.47,101.59,1007.78,3578.09,1.2,4.18,3100.0,0.011,PM2.5-1HR
956,NOR_NO0114A,2025-11-01,4.52,5.09,96.23,0.8,3.33,100.21,1007.67,2835.19,1.42,4.488,3100.0,0.018,PM2.5-1HR
956,NOR_NO0149A,2025-11-01,3.18,5.19,95.89,0.76,3.73,104.79,1007.91,2020.38,1.12,4.068,3100.0,0.292,PM2.5-1HR
956,NOR_NO0011A,2025-11-02,6.04,6.72,95.91,0.02,2.26,190.35,1002.35,11187.25,1.88,5.132,3100.0,0.041,PM2.5-1HR
956,NOR_NO0073A,2025-11-02,5.37,6.78,95.88,0.02,2.31,190.62,1002.37,19813.27,1.88,5.132,3100.0,0.25,PM2.5-1HR
956,NOR_NO0083A,2025-11-02,7.18,6.72,95.91,0.02,2.22,189.73,1002.35,4937.94,1.88,5.132,3100.0,0.017,PM2.5-1HR
956,NOR_NO0095A,2025-11-02,4.01,6.66,95.94,0.02,2.19,189.74,1002.34,3578.09,1.88,5.132,3100.0,0.011,PM2.5-1HR
956,NOR_NO0114A,2025-11-02,6.9,6.59,95.98,0.02,2.08,188.51,1002.33,2835.19,1.29,4.306,3100.0,0.018,PM2.5-1HR
956,NOR_NO0149A,2025-11-02,4.65,6.8,95.87,0.02,2.37,191.57,1002.39,2020.38,1.88,5.132,3100.0,0.292,PM2.5-1HR
956,NOR_NO0011A,2025-11-03,2.47,6.22,95.3,0.13,2.63,175.72,1005.28,11187.25,0.64,3.396,3100.0,0.041,PM2.5-1HR
956,NOR_NO0083A,2025-11-03,4.96,6.24,95.27,0.13,2.6,174.78,1005.27,4937.94,0.64,3.396,3100.0,0.017,PM2.5-1HR
956,NOR_NO0095A,2025-11-03,4.8,6.17,95.26,0.13,2.55,174.54,1005.26,3578.09,0.64,3.396,3100.0,0.011,PM2.5-1HR
956,NOR_NO0114A,2025-11-03,2.1,6.14,95.19,0.13,2.42,172.37,1005.22,2835.19,0.75,3.55,3100.0,0.018,PM2.5-1HR
956,NOR_NO0149A,2025-11-03,3.03,6.33,95.29,0.12,2.76,177.35,1005.33,2020.38,0.8,3.62,3100.0,0.292,PM2.5-1HR
956,NOR_NO0011A,2025-11-04,4.22,10.89,93.63,0.16,4.07,185.35,1003.14,11187.25,0.67,3.438,3100.0,0.041,PM2.5-1HR
956,NOR_NO0073A,2025-11-04,4.63,10.95,93.65,0.17,4.17,186.2,1003.17,19813.27,0.8,3.62,3100.0,0.25,PM2.5-1HR
956,NOR_NO0083A,2025-11-04,5.53,10.91,93.55,0.16,4.01,184.83,1003.14,4937.94,0.67,3.438,3100.0,0.017,PM2.5-1HR
956,NOR_NO0095A,2025-11-04,3.32,10.83,93.54,0.15,3.93,184.26,1003.1,3578.09,0.67,3.438,3100.0,0.011,PM2.5-1HR
956,NOR_NO0114A,2025-11-04,0,10.79,93.39,0.14,3.73,182.53,1003.08,2835.19,0.67,3.438,3100.0,0.018,PM2.5-1HR
956,NOR_NO0149A,2025-11-04,4.04,11,93.7,0.17,4.28,187.63,1003.22,2020.38,0.8,3.62,3100.0,0.292,PM2.5-1HR
956,NOR_NO0011A,2025-11-05,5.69,11.27,94.77,0.09,3.26,195.02,1008.24,11187.25,0.7,3.48,3100.0,0.041,PM2.5-1HR
956,NOR_NO0073A,2025-11-05,4.53,11.35,94.82,0.09,3.34,195.53,1008.27,19813.27,0.84,3.676,3100.0,0.25,PM2.5-1HR
956,NOR_NO0083A,2025-11-05,7.68,11.27,94.74,0.09,3.2,194.24,1008.25,4937.94,0.7,3.48,3100.0,0.017,PM2.5-1HR
956,NOR_NO0095A,2025-11-05,4.89,11.19,94.71,0.1,3.13,194.02,1008.23,3578.09,0.7,3.48,3100.0,0.011,PM2.5-1HR
956,NOR_NO0114A,2025-11-05,0,11.09,94.61,0.1,2.94,192.16,1008.21,2835.19,0.71,3.494,3100.0,0.018,PM2.5-1HR
956,NOR_NO0149A,2025-11-05,4.69,11.4,94.9,0.09,3.44,196.62,1008.3,2020.38,0.84,3.676,3100.0,0.292,PM2.5-1HR
956,NOR_NO0011A,2025-11-06,9.77,10.57,98,0.26,1.41,175.62,1011,11187.25,1.92,5.188,3100.0,0.041,PM2.5-1HR
956,NOR_NO0073A,2025-11-06,7.99,10.65,97.98,0.27,1.5,177,1011,19813.27,2.3,5.72,3100.0,0.25,PM2.5-1HR
956,NOR_NO0083A,2025-11-06,10.86,10.56,98.02,0.26,1.39,174.69,1010.99,4937.94,1.92,5.188,3100.0,0.017,PM2.5-1HR
956,NOR_NO0095A,2025-11-06,7.48,10.49,98.03,0.26,1.32,173.87,1010.99,3578.09,1.92,5.188,3100.0,0.011,PM2.5-1HR
956,NOR_NO0114A,2025-11-06,0,10.39,98.08,0.26,1.21,170.93,1010.98,2835.19,2.05,5.37,3100.0,0.018,PM2.5-1HR
956,NOR_NO0149A,2025-11-06,8.12,10.7,97.93,0.27,1.64,179.67,1011.02,2020.38,2.3,5.72,3100.0,0.292,PM2.5-1HR
956,NOR_NO0011A,2025-11-07,15.07,9.46,96.62,0.05,0.71,175.71,1011.71,11187.25,5.13,9.682,3100.0,0.041,PM2.5-1HR
956,NOR_NO0073A,2025-11-07,10.77,9.48,96.65,0.04,0.72,176.58,1011.71,19813.27,6.15,11.11,3100.0,0.25,PM2.5-1HR
956,NOR_NO0083A,2025-11-07,13.59,9.48,96.69,0.05,0.69,173.94,1011.71,4937.94,5.13,9.682,3100.0,0.017,PM2.5-1HR
956,NOR_NO0095A,2025-11-07,10.53,9.46,96.64,0.05,0.68,173.92,1011.7,3578.09,5.13,9.682,3100.0,0.011,PM2.5-1HR
956,NOR_NO0114A,2025-11-07,0,9.47,96.73,0.06,0.65,170.42,1011.69,2835.19,4.5,8.8,3100.0,0.018,PM2.5-1HR
956,NOR_NO0149A,2025-11-07,10.91,9.47,96.65,0.04,0.76,179.02,1011.71,2020.38,6.15,11.11,3100.0,0.292,PM2.5-1HR
956,NOR_NO0011A,2025-11-08,7.15,7.48,93.58,0,0.78,225.65,1014.4,11187.25,2.95,6.63,3100.0,0.041,PM2.5-1HR
956,NOR_NO0073A,2025-11-08,5.88,7.48,93.48,0,0.81,225.34,1014.4,19813.27,3.54,7.456,3100.0,0.25,PM2.5-1HR
956,NOR_NO0083A,2025-11-08,9.68,7.5,93.48,0,0.76,223.6,1014.4,4937.94,2.95,6.63,3100.0,0.017,PM2.5-1HR
956,NOR_NO0095A,2025-11-08,5.68,7.49,93.62,0,0.73,224.56,1014.4,3578.09,2.95,6.63,3100.0,0.011,PM2.5-1HR
956,NOR_NO0149A,2025-11-08,7.26,7.45,93.51,0,0.85,226.43,1014.39,2020.38,3.54,7.456,3100.0,0.292,PM2.5-1HR
956,NOR_NO0114A,2025-11-08,0,7.51,93.57,0,0.68,221.26,1014.41,2835.19,2.44,5.916,3100.0,0.018,PM2.5-1HR
956,NOR_NO0011A,2025-11-09,2.93,4.73,93.12,0,0.82,323.08,1013.79,11187.25,0.27,2.878,3100.0,0.041,PM2.5-1HR
956,NOR_NO0073A,2025-11-09,3.4,4.77,93.15,0,0.84,322.18,1013.78,19813.27,0.33,2.962,3100.0,0.25,PM2.5-1HR
956,NOR_NO0083A,2025-11-09,4,4.78,93.11,0,0.81,323.87,1013.79,4937.94,0.27,2.878,3100.0,0.017,PM2.5-1HR
956,NOR_NO0095A,2025-11-09,3.29,4.72,93.12,0,0.79,324.37,1013.81,3578.09,0.27,2.878,3100.0,0.011,PM2.5-1HR
956,NOR_NO0114A,2025-11-09,0,4.76,93.11,0,0.74,326.6,1013.81,2835.19,0.29,2.906,3100.0,0.018,PM2.5-1HR
956,NOR_NO0149A,2025-11-09,3.56,4.78,93.32,0,0.85,320.43,1013.77,2020.38,0.33,2.962,3100.0,0.292,PM2.5-1HR
956,NOR_NO0011A,2025-11-10,3.37,4.42,93.65,0,0.8,81.07,1012.32,11187.25,0.86,3.704,3100.0,0.041,PM2.5-1HR
956,NOR_NO0073A,2025-11-10,2.78,4.44,93.7,0,0.82,78.85,1012.31,19813.27,1.03,3.942,3100.0,0.25,PM2.5-1HR
956,NOR_NO0083A,2025-11-10,5.33,4.44,93.71,0,0.8,79.72,1012.31,4937.94,0.86,3.704,3100.0,0.017,PM2.5-1HR
956,NOR_NO0095A,2025-11-10,4.23,4.41,93.71,0,0.79,82.5,1012.31,3578.09,0.86,3.704,3100.0,0.011,PM2.5-1HR
956,NOR_NO0114A,2025-11-10,0,4.42,93.82,0,0.77,82.46,1012.31,2835.19,0.97,3.858,3100.0,0.018,PM2.5-1HR
956,NOR_NO0149A,2025-11-10,3.17,4.44,93.9,0,0.82,77.97,1012.31,2020.38,1.03,3.942,3100.0,0.292,PM2.5-1HR
956,NOR_NO0011A,2025-11-11,5.16,6.11,97.22,0.06,2.43,159.58,1008.92,11187.25,1.41,4.474,3100.0,0.041,PM2.5-1HR
956,NOR_NO0073A,2025-11-11,4.34,6.15,97.17,0.06,2.46,159.94,1008.94,19813.27,1.69,4.866,3100.0,0.25,PM2.5-1HR
956,NOR_NO0083A,2025-11-11,5.95,6.16,97.2,0.06,2.4,158.31,1008.9,4937.94,1.41,4.474,3100.0,0.017,PM2.5-1HR
956,NOR_NO0095A,2025-11-11,4.53,6.12,97.24,0.06,2.37,158.34,1008.89,3578.09,1.41,4.474,3100.0,0.011,PM2.5-1HR
956,NOR_NO0114A,2025-11-11,0,6.17,97.24,0.07,2.3,155.86,1008.84,2835.19,1.29,4.306,3100.0,0.018,PM2.5-1HR
956,NOR_NO0149A,2025-11-11,4.71,6.16,97.09,0.06,2.48,161.03,1008.97,2020.38,1.69,4.866,3100.0,0.292,PM2.5-1HR
956,NOR_NO0011A,2025-11-12,4.21,9.47,93.06,0.34,5.02,181.13,998.57,11187.25,0.86,3.704,3100.0,0.041,PM2.5-1HR
956,NOR_NO0073A,2025-11-12,4.11,9.52,93.09,0.34,5.09,181.77,998.63,19813.27,1.03,3.942,3100.0,0.25,PM2.5-1HR
956,NOR_NO0083A,2025-11-12,6.38,9.5,93.02,0.33,4.95,180.69,998.56,4937.94,0.86,3.704,3100.0,0.017,PM2.5-1HR
956,NOR_NO0095A,2025-11-12,3.66,9.45,93,0.33,4.89,180.25,998.51,3578.09,0.86,3.704,3100.0,0.011,PM2.5-1HR
956,NOR_NO0114A,2025-11-12,0,9.46,92.9,0.32,4.69,178.85,998.44,2835.19,1.1,4.04,3100.0,0.018,PM2.5-1HR
956,NOR_NO0149A,2025-11-12,3.48,9.55,93.14,0.34,5.14,182.78,998.7,2020.38,1.03,3.942,3100.0,0.292,PM2.5-1HR
956,NOR_NO0011A,2025-11-13,4.61,4.77,78.81,0,3.41,329.27,998.9,11187.25,0.51,3.214,3100.0,0.041,PM2.5-1HR
956,NOR_NO0073A,2025-11-13,4.46,4.83,78.82,0,3.46,329.39,998.88,19813.27,0.61,3.354,3100.0,0.25,PM2.5-1HR
956,NOR_NO0083A,2025-11-13,6.45,4.82,78.91,0,3.37,328.86,998.9,4937.94,0.51,3.214,3100.0,0.017,PM2.5-1HR
956,NOR_NO0095A,2025-11-13,3.09,4.73,78.93,0,3.33,328.7,998.92,3578.09,0.51,3.214,3100.0,0.011,PM2.5-1HR
956,NOR_NO0114A,2025-11-13,0,4.74,79.12,0,3.2,327.71,998.95,2835.19,0.53,3.242,3100.0,0.018,PM2.5-1HR
956,NOR_NO0149A,2025-11-13,3.56,4.83,78.91,0,3.51,329.18,998.85,2020.38,0.61,3.354,3100.0,0.292,PM2.5-1HR
956,NOR_NO0011A,2025-11-14,18.35,0.17,76.69,0,2.18,292.17,1012.45,11187.25,0.76,3.564,3100.0,0.041,PM2.5-1HR
956,NOR_NO0073A,2025-11-14,14.11,0.24,76.67,0,2.22,292.58,1012.42,19813.27,0.91,3.774,3100.0,0.25,PM2.5-1HR
956,NOR_NO0083A,2025-11-14,12.71,0.26,76.95,0,2.17,292.07,1012.47,4937.94,0.76,3.564,3100.0,0.017,PM2.5-1HR
956,NOR_NO0095A,2025-11-14,7,0.11,77.12,0,2.14,291.63,1012.49,3578.09,0.76,3.564,3100.0,0.011,PM2.5-1HR
956,NOR_NO0114A,2025-11-14,10.36,0.12,77.75,0,2.09,290.93,1012.55,2835.19,0.7,3.48,3100.0,0.018,PM2.5-1HR
956,NOR_NO0149A,2025-11-14,12.39,0.07,77.16,0,2.27,292.89,1012.4,2020.38,0.91,3.774,3100.0,0.292,PM2.5-1HR
956,NOR_NO0011A,2025-11-15,20.35,-1.16,80.86,0,1.82,249.3,1017.5,11187.25,1.6,4.74,3100.0,0.041,PM2.5-1HR
956,NOR_NO0073A,2025-11-15,14.88,-1.07,80.54,0,1.87,248.46,1017.49,19813.27,1.58,4.712,3100.0,0.25,PM2.5-1HR
956,NOR_NO0083A,2025-11-15,13.81,-1.02,80.78,0,1.79,248.93,1017.52,4937.94,1.6,4.74,3100.0,0.017,PM2.5-1HR
956,NOR_NO0095A,2025-11-15,10.9,-1.18,81.19,0,1.76,249.71,1017.52,3578.09,1.6,4.74,3100.0,0.011,PM2.5-1HR
956,NOR_NO0114A,2025-11-15,18.5,-1.1,81.48,0,1.69,249.88,1017.57,2835.19,1.91,5.174,3100.0,0.018,PM2.5-1HR
956,NOR_NO0149A,2025-11-15,6.8,-1.19,80.52,0,1.98,247.54,1017.48,2020.38,1.58,4.712,3100.0,0.292,PM2.5-1HR
956,NOR_NO0011A,2025-11-16,20.52,-0.22,85.5,0,2.16,277.85,1002.35,11187.25,2.4,5.86,3100.0,0.041,PM2.5-1HR
956,NOR_NO0073A,2025-11-16,15.44,-0.1,85.26,0,2.17,276.83,1002.34,19813.27,2.2,5.58,3100.0,0.25,PM2.5-1HR
956,NOR_NO0083A,2025-11-16,15.68,-0.08,85.36,0,2.15,277.27,1002.37,4937.94,2.4,5.86,3100.0,0.017,PM2.5-1HR
956,NOR_NO0095A,2025-11-16,9.21,-0.26,85.64,0,2.14,278.18,1002.38,3578.09,2.4,5.86,3100.0,0.011,PM2.5-1HR
956,NOR_NO0114A,2025-11-16,20.88,-0.2,85.64,0,2.12,278.07,1002.43,2835.19,2.24,5.636,3100.0,0.018,PM2.5-1HR
956,NOR_NO0149A,2025-11-16,11.83,-0.15,85.12,0,2.19,275.49,1002.34,2020.38,2.2,5.58,3100.0,0.292,PM2.5-1HR
956,NOR_NO0011A,2025-11-17,16.6,-1.05,78.58,0,2.23,300.38,1005.32,11187.25,1.3,4.32,3100.0,0.041,PM2.5-1HR
956,NOR_NO0073A,2025-11-17,18.09,-1.03,78.5,0,2.27,301.28,1005.3,19813.27,1.34,4.376,3100.0,0.25,PM2.5-1HR
956,NOR_NO0083A,2025-11-17,12.99,-0.97,78.5,0,2.22,299.9,1005.34,4937.94,1.3,4.32,3100.0,0.017,PM2.5-1HR
956,NOR_NO0095A,2025-11-17,8.01,-1.03,78.67,0,2.19,299.25,1005.35,3578.09,1.3,4.32,3100.0,0.011,PM2.5-1HR
956,NOR_NO0114A,2025-11-17,12.93,-0.94,78.65,0,2.15,297.63,1005.4,2835.19,1.41,4.474,3100.0,0.018,PM2.5-1HR
956,NOR_NO0149A,2025-11-17,11.62,-1.13,78.61,0,2.32,302.68,1005.28,2020.38,1.34,4.376,3100.0,0.292,PM2.5-1HR
956,NOR_NO0011A,2025-11-18,15.78,-2.68,92.37,0.02,1.56,327.13,1005.14,11187.25,3.11,6.854,3100.0,0.041,PM2.5-1HR
956,NOR_NO0073A,2025-11-18,13.12,-2.64,92.44,0.02,1.57,328.06,1005.13,19813.27,3.35,7.19,3100.0,0.25,PM2.5-1HR
956,NOR_NO0083A,2025-11-18,12.31,-2.51,91.88,0.02,1.55,326.45,1005.15,4937.94,3.11,6.854,3100.0,0.017,PM2.5-1HR
956,NOR_NO0095A,2025-11-18,7.92,-2.59,91.89,0.01,1.54,325.74,1005.16,3578.09,3.11,6.854,3100.0,0.011,PM2.5-1HR
956,NOR_NO0114A,2025-11-18,20.58,-2.34,90.92,0.01,1.5,323.57,1005.17,2835.19,1.79,5.006,3100.0,0.018,PM2.5-1HR
956,NOR_NO0149A,2025-11-18,12.56,-2.67,92.53,0.02,1.59,329.24,1005.13,2020.38,3.35,7.19,3100.0,0.292,PM2.5-1HR
956,NOR_NO0083A,2025-11-19,6.39,-3.67,87.78,0.01,2.05,359.13,1006.23,4937.94,0.41,3.074,3100.0,0.017,PM2.5-1HR
956,NOR_NO0011A,2025-11-19,6.85,-3.65,87.87,0.01,2.08,359.68,1006.23,11187.25,0.41,3.074,3100.0,0.041,PM2.5-1HR
956,NOR_NO0073A,2025-11-19,6.2,-3.65,88.31,0.01,2.1,0.27,1006.21,19813.27,0.37,3.018,3100.0,0.25,PM2.5-1HR
956,NOR_NO0095A,2025-11-19,4.72,-3.7,87.48,0.01,2.03,358.62,1006.25,3578.09,0.41,3.074,3100.0,0.011,PM2.5-1HR
956,NOR_NO0114A,2025-11-19,5.84,-3.77,86.97,0.01,1.96,356.86,1006.26,2835.19,0.44,3.116,3100.0,0.018,PM2.5-1HR
956,NOR_NO0149A,2025-11-19,5.74,-3.72,89.03,0.01,2.13,0.84,1006.19,2020.38,0.37,3.018,3100.0,0.292,PM2.5-1HR
956,NOR_NO0011A,2025-11-20,5.15,-5.48,83.36,0,3.01,344.54,1011.22,11187.25,0.92,3.788,3100.0,0.041,PM2.5-1HR
956,NOR_NO0073A,2025-11-20,9.34,-5.45,83.78,0,3.06,345.11,1011.17,19813.27,0.86,3.704,3100.0,0.25,PM2.5-1HR
956,NOR_NO0083A,2025-11-20,4.83,-5.46,83.48,0,2.98,344.02,1011.22,4937.94,0.92,3.788,3100.0,0.017,PM2.5-1HR
956,NOR_NO0095A,2025-11-20,7.05,-5.54,83.27,0,2.93,343.59,1011.26,3578.09,0.92,3.788,3100.0,0.011,PM2.5-1HR
956,NOR_NO0114A,2025-11-20,7.65,-5.59,83.23,0,2.82,341.98,1011.31,2835.19,0.76,3.564,3100.0,0.018,PM2.5-1HR
956,NOR_NO0149A,2025-11-20,11.04,-5.56,84.71,0,3.09,345.87,1011.12,2020.38,0.86,3.704,3100.0,0.292,PM2.5-1HR
956,NOR_NO0011A,2025-11-21,26.88,-5.76,86.29,0,1.56,270.61,1016.44,11187.25,2.61,6.154,3100.0,0.041,PM2.5-1HR
956,NOR_NO0073A,2025-11-21,15.05,-5.72,86.13,0,1.6,269.48,1016.42,19813.27,2.93,6.602,3100.0,0.25,PM2.5-1HR
956,NOR_NO0083A,2025-11-21,17.2,-5.75,86.14,0,1.54,270.17,1016.45,4937.94,2.61,6.154,3100.0,0.017,PM2.5-1HR
956,NOR_NO0095A,2025-11-21,17.23,-5.81,86.35,0,1.51,271.14,1016.47,3578.09,2.61,6.154,3100.0,0.011,PM2.5-1HR
956,NOR_NO0114A,2025-11-21,21.55,-5.87,86.29,0,1.44,271.39,1016.5,2835.19,1.73,4.922,3100.0,0.018,PM2.5-1HR
956,NOR_NO0149A,2025-11-21,18.33,-5.78,86.13,0,1.66,268.04,1016.4,2020.38,2.93,6.602,3100.0,0.292,PM2.5-1HR
956,NOR_NO0011A,2025-11-22,14.45,1.13,92.74,0.05,3.08,201.59,1009.35,11187.25,5.23,9.822,3100.0,0.041,PM2.5-1HR
956,NOR_NO0073A,2025-11-22,17.03,1.23,92.67,0.05,3.19,201.84,1009.37,19813.27,4.27,8.478,3100.0,0.25,PM2.5-1HR
956,NOR_NO0083A,2025-11-22,12.57,1.14,92.73,0.05,3.03,200.9,1009.36,4937.94,5.23,9.822,3100.0,0.017,PM2.5-1HR
956,NOR_NO0095A,2025-11-22,11.62,1.03,92.81,0.05,2.94,200.87,1009.35,3578.09,5.23,9.822,3100.0,0.011,PM2.5-1HR
956,NOR_NO0114A,2025-11-22,27.84,0.93,92.87,0.04,2.75,199.46,1009.35,2835.19,5.64,10.396,3100.0,0.018,PM2.5-1HR
956,NOR_NO0149A,2025-11-22,9.54,1.28,92.61,0.05,3.34,202.62,1009.39,2020.38,4.27,8.478,3100.0,0.292,PM2.5-1HR
956,NOR_NO0011A,2025-11-23,8.14,3.41,97.37,0.3,2.1,181.6,1003.71,11187.25,1.1,4.04,3100.0,0.041,PM2.5-1HR
956,NOR_NO0073A,2025-11-23,6.08,3.49,97.34,0.3,2.19,181.05,1003.72,19813.27,0.76,3.564,3100.0,0.25,PM2.5-1HR
956,NOR_NO0083A,2025-11-23,6.87,3.41,97.33,0.3,2.07,180.8,1003.71,4937.94,1.1,4.04,3100.0,0.017,PM2.5-1HR
956,NOR_NO0095A,2025-11-23,4.18,3.33,97.35,0.29,1.98,181.6,1003.7,3578.09,1.1,4.04,3100.0,0.011,PM2.5-1HR
956,NOR_NO0114A,2025-11-23,8.95,3.25,97.3,0.29,1.85,181.05,1003.69,2835.19,1.25,4.25,3100.0,0.018,PM2.5-1HR
956,NOR_NO0149A,2025-11-23,3.74,3.55,97.28,0.3,2.3,181.27,1003.75,2020.38,0.76,3.564,3100.0,0.292,PM2.5-1HR
956,NOR_NO0011A,2025-11-24,7.35,-0.33,94.25,0.01,1.71,78.31,1002.71,11187.25,2.1,5.44,3100.0,0.041,PM2.5-1HR
956,NOR_NO0073A,2025-11-24,6.24,-0.33,94.14,0.01,1.74,77.51,1002.71,19813.27,1.7,4.88,3100.0,0.25,PM2.5-1HR
956,NOR_NO0083A,2025-11-24,6.99,-0.28,94.13,0.01,1.7,77.55,1002.69,4937.94,2.1,5.44,3100.0,0.017,PM2.5-1HR
956,NOR_NO0095A,2025-11-24,5.9,-0.3,94.29,0.02,1.68,78.43,1002.69,3578.09,2.1,5.44,3100.0,0.011,PM2.5-1HR
956,NOR_NO0114A,2025-11-24,12.35,-0.24,94.23,0.02,1.62,77.89,1002.65,2835.19,2.35,5.79,3100.0,0.018,PM2.5-1HR
956,NOR_NO0149A,2025-11-24,6.1,-0.36,94.16,0.01,1.76,76.84,1002.72,2020.38,1.7,4.88,3100.0,0.292,PM2.5-1HR
956,NOR_NO0011A,2025-11-25,5.32,-2.22,87.47,0,1.06,358.59,1012.74,11187.25,1.42,4.488,3100.0,0.041,PM2.5-1HR
956,NOR_NO0073A,2025-11-25,5.86,-2.19,87.17,0,1.07,2.51,1012.73,19813.27,1.22,4.208,3100.0,0.25,PM2.5-1HR
956,NOR_NO0083A,2025-11-25,7.81,-2.23,87.33,0,1.06,358.03,1012.74,4937.94,1.42,4.488,3100.0,0.017,PM2.5-1HR
956,NOR_NO0095A,2025-11-25,3.67,-2.27,87.71,0,1.05,355.18,1012.75,3578.09,1.42,4.488,3100.0,0.011,PM2.5-1HR
956,NOR_NO0114A,2025-11-25,6.25,-2.34,87.87,0,1.03,351.33,1012.77,2835.19,1.48,4.572,3100.0,0.018,PM2.5-1HR
956,NOR_NO0149A,2025-11-25,6.76,-2.22,87.17,0,1.07,8.82,1012.72,2020.38,1.22,4.208,3100.0,0.292,PM2.5-1HR
956,NOR_NO0011A,2025-11-26,7.2,-4.11,94.83,0,1.29,234.4,1017.85,11187.25,1.64,4.796,3100.0,0.041,PM2.5-1HR
956,NOR_NO0073A,2025-11-26,6.92,-4.04,95.09,0,1.31,232.83,1017.84,19813.27,1.26,4.264,3100.0,0.25,PM2.5-1HR
956,NOR_NO0083A,2025-11-26,8.88,-4.09,94.92,0,1.26,235.15,1017.85,4937.94,1.64,4.796,3100.0,0.017,PM2.5-1HR
956,NOR_NO0095A,2025-11-26,5.95,-4.17,94.6,0,1.25,235.73,1017.86,3578.09,1.64,4.796,3100.0,0.011,PM2.5-1HR
956,NOR_NO0114A,2025-11-26,8.87,-4.22,94.44,0,1.19,238.06,1017.88,2835.19,1.92,5.188,3100.0,0.018,PM2.5-1HR
956,NOR_NO0149A,2025-11-26,7.44,-4,95.17,0,1.32,228.91,1017.84,2020.38,1.26,4.264,3100.0,0.292,PM2.5-1HR
956,NOR_NO0011A,2025-11-27,5.87,3.07,97.26,0.37,3.79,183.6,1001.95,11187.25,0.98,3.872,3100.0,0.041,PM2.5-1HR
956,NOR_NO0073A,2025-11-27,5.21,3.14,97.24,0.37,3.9,183.49,1001.99,19813.27,0.69,3.466,3100.0,0.25,PM2.5-1HR
956,NOR_NO0083A,2025-11-27,7.13,3.09,97.23,0.35,3.73,183.02,1001.95,4937.94,0.98,3.872,3100.0,0.017,PM2.5-1HR
956,NOR_NO0095A,2025-11-27,5.93,3,97.26,0.35,3.64,183.29,1001.92,3578.09,0.98,3.872,3100.0,0.011,PM2.5-1HR
956,NOR_NO0114A,2025-11-27,9.26,2.95,97.23,0.33,3.43,182.52,1001.87,2835.19,1.28,4.292,3100.0,0.018,PM2.5-1HR
956,NOR_NO0149A,2025-11-27,3.59,3.17,97.26,0.36,4.01,183.74,1002.05,2020.38,0.69,3.466,3100.0,0.292,PM2.5-1HR
956,NOR_NO0011A,2025-11-28,7.95,7.17,87.44,0.05,5.43,194.62,994.71,11187.25,1.26,4.264,3100.0,0.041,PM2.5-1HR
956,NOR_NO0073A,2025-11-28,6.78,7.3,87.35,0.05,5.55,195.33,994.77,19813.27,1.13,4.082,3100.0,0.25,PM2.5-1HR
956,NOR_NO0083A,2025-11-28,9.32,7.17,87.33,0.05,5.36,194.19,994.73,4937.94,1.26,4.264,3100.0,0.017,PM2.5-1HR
956,NOR_NO0095A,2025-11-28,5.25,7.06,87.42,0.05,5.26,193.72,994.67,3578.09,1.26,4.264,3100.0,0.011,PM2.5-1HR
956,NOR_NO0114A,2025-11-28,8,6.93,87.3,0.05,5.03,192.3,994.65,2835.19,1.13,4.082,3100.0,0.018,PM2.5-1HR
956,NOR_NO0149A,2025-11-28,6.88,7.4,87.24,0.05,5.69,196.56,994.84,2020.38,1.13,4.082,3100.0,0.292,PM2.5-1HR
956,NOR_NO0011A,2025-11-29,10.81,4.46,83.53,0.07,3.93,214.26,996.62,11187.25,0.5,3.2,3100.0,0.041,PM2.5-1HR
956,NOR_NO0073A,2025-11-29,8.48,4.54,83.55,0.07,4,214.12,996.65,19813.27,0.41,3.074,3100.0,0.25,PM2.5-1HR
956,NOR_NO0083A,2025-11-29,7.26,4.46,83.55,0.07,3.88,213.79,996.63,4937.94,0.5,3.2,3100.0,0.017,PM2.5-1HR
956,NOR_NO0095A,2025-11-29,4.73,4.37,83.57,0.07,3.82,214.11,996.6,3578.09,0.5,3.2,3100.0,0.011,PM2.5-1HR
956,NOR_NO0114A,2025-11-29,7.37,4.27,83.63,0.07,3.67,213.58,996.6,2835.19,0.68,3.452,3100.0,0.018,PM2.5-1HR
956,NOR_NO0149A,2025-11-29,4.39,4.58,83.71,0.07,4.1,214.44,996.69,2020.38,0.41,3.074,3100.0,0.292,PM2.5-1HR
956,NOR_NO0011A,2025-12-01,5.63,1.8,98.09,0.23,2.12,194.11,1002.58,11187.25,1.05,3.97,3100.0,0.041,PM2.5-1HR
956,NOR_NO0057A,2025-12-01,4.86,2.01,98.1,0.22,2.25,193,1002.59,727.91,1.26,4.264,3100.0,0.047,PM2.5-1HR
956,NOR_NO0073A,2025-12-01,3.44,1.92,98.11,0.23,2.18,193.31,1002.58,19813.27,1.13,4.082,3100.0,0.25,PM2.5-1HR
956,NOR_NO0083A,2025-12-01,3.58,1.8,98.04,0.23,2.1,193.86,1002.58,4937.94,1.05,3.97,3100.0,0.017,PM2.5-1HR
956,NOR_NO0093A,2025-12-01,5.5,1.85,98.05,0.23,2.12,193.45,1002.57,3881.7,1.05,3.97,3100.0,0.0,PM2.5-1HR
956,NOR_NO0095A,2025-12-01,4.19,1.69,98.02,0.22,2.04,194.69,1002.59,3578.09,0.91,3.774,3100.0,0.011,PM2.5-1HR
956,NOR_NO0114A,2025-12-01,5.77,1.56,97.9,0.22,1.96,195.35,1002.59,2835.19,0.92,3.788,3100.0,0.018,PM2.5-1HR
956,NOR_NO0122A,2025-12-01,6,2.02,98.1,0.22,2.25,192.87,1002.59,3172.81,1.26,4.264,3100.0,0.01,PM2.5-1HR
956,NOR_NO0149A,2025-12-01,3.4,2.03,98.1,0.23,2.24,192.7,1002.58,2020.38,1.13,4.082,3100.0,0.292,PM2.5-1HR
956,NOR_NO0011A,2025-12-02,4.15,5.44,95.61,0.48,5,169.92,1003.64,11187.25,0.59,3.326,3100.0,0.041,PM2.5-1HR
956,NOR_NO0057A,2025-12-02,4.15,5.43,95.56,0.46,5.1,171.4,1003.82,727.91,0.66,3.424,3100.0,0.047,PM2.5-1HR
956,NOR_NO0073A,2025-12-02,3.72,5.48,95.57,0.47,5.06,170.49,1003.71,19813.27,0.59,3.326,3100.0,0.25,PM2.5-1HR
956,NOR_NO0083A,2025-12-02,4.5,5.48,95.6,0.47,4.95,169.52,1003.62,4937.94,0.59,3.326,3100.0,0.017,PM2.5-1HR
956,NOR_NO0093A,2025-12-02,5.11,5.51,95.57,0.47,4.97,169.67,1003.64,3881.7,0.59,3.326,3100.0,0.0,PM2.5-1HR
956,NOR_NO0095A,2025-12-02,2.95,5.42,95.64,0.47,4.88,169.04,1003.56,3578.09,0.65,3.41,3100.0,0.011,PM2.5-1HR
956,NOR_NO0114A,2025-12-02,3.88,5.44,95.64,0.46,4.72,167.72,1003.45,2835.19,0.76,3.564,3100.0,0.018,PM2.5-1HR
956,NOR_NO0122A,2025-12-02,4.46,5.44,95.55,0.46,5.11,171.42,1003.82,3172.81,0.66,3.424,3100.0,0.01,PM2.5-1HR
956,NOR_NO0149A,2025-12-02,3.47,5.48,95.54,0.46,5.1,171.18,1003.81,2020.38,0.59,3.326,3100.0,0.292,PM2.5-1HR
956,NOR_NO0011A,2025-12-03,6.56,4.3,97.89,0.06,1.59,149.34,1012.34,11187.25,1.57,4.698,3100.0,0.041,PM2.5-1HR
956,NOR_NO0057A,2025-12-03,6.84,4.54,97.89,0.06,1.74,154.11,1012.37,727.91,1.76,4.964,3100.0,0.047,PM2.5-1HR
956,NOR_NO0073A,2025-12-03,5.84,4.44,97.91,0.06,1.64,150.65,1012.35,19813.27,1.55,4.67,3100.0,0.25,PM2.5-1HR
956,NOR_NO0083A,2025-12-03,7.74,4.26,97.89,0.07,1.57,148.43,1012.33,4937.94,1.57,4.698,3100.0,0.017,PM2.5-1HR
956,NOR_NO0093A,2025-12-03,7.66,4.31,97.9,0.06,1.58,148.66,1012.33,3881.7,1.57,4.698,3100.0,0.0,PM2.5-1HR
956,NOR_NO0095A,2025-12-03,4.43,4.12,97.87,0.07,1.54,147.43,1012.33,3578.09,0.98,3.872,3100.0,0.011,PM2.5-1HR
956,NOR_NO0114A,2025-12-03,7.94,3.91,97.85,0.07,1.48,142.35,1012.31,2835.19,1.17,4.138,3100.0,0.018,PM2.5-1HR
956,NOR_NO0122A,2025-12-03,11.44,4.55,97.89,0.06,1.74,154.14,1012.37,3172.81,1.76,4.964,3100.0,0.01,PM2.5-1HR
956,NOR_NO0149A,2025-12-03,5.3,4.55,97.9,0.06,1.72,153.06,1012.36,2020.38,1.55,4.67,3100.0,0.292,PM2.5-1HR
956,NOR_NO0011A,2025-12-04,2.46,3.05,98.02,0.23,1.54,73.76,1012.02,11187.25,0.95,3.83,3100.0,0.041,PM2.5-1HR
956,NOR_NO0057A,2025-12-04,3.53,3.05,97.9,0.22,1.61,79.94,1012.05,727.91,1.03,3.942,3100.0,0.047,PM2.5-1HR
956,NOR_NO0073A,2025-12-04,2.87,3.09,97.97,0.23,1.57,75.21,1012.02,19813.27,0.97,3.858,3100.0,0.25,PM2.5-1HR
956,NOR_NO0083A,2025-12-04,3.44,3.1,98,0.23,1.53,72.73,1011.99,4937.94,0.95,3.83,3100.0,0.017,PM2.5-1HR
956,NOR_NO0093A,2025-12-04,5.34,3.13,97.98,0.23,1.53,72.85,1011.99,3881.7,0.95,3.83,3100.0,0.0,PM2.5-1HR
956,NOR_NO0095A,2025-12-04,2.97,3.04,98.05,0.23,1.51,72.12,1012,3578.09,0.75,3.55,3100.0,0.011,PM2.5-1HR
956,NOR_NO0114A,2025-12-04,3.69,3.06,98.06,0.23,1.46,69.31,1011.96,2835.19,0.93,3.802,3100.0,0.018,PM2.5-1HR
956,NOR_NO0122A,2025-12-04,5.31,3.06,97.89,0.22,1.61,80.02,1012.05,3172.81,1.03,3.942,3100.0,0.01,PM2.5-1HR
956,NOR_NO0149A,2025-12-04,3.15,3.1,97.89,0.22,1.6,78.58,1012.03,2020.38,0.97,3.858,3100.0,0.292,PM2.5-1HR
956,NOR_NO0011A,2025-12-05,3.88,2.61,97.46,0.21,2.01,45.16,1015.74,11187.25,0.86,3.704,3100.0,0.041,PM2.5-1HR
956,NOR_NO0057A,2025-12-05,4.05,2.72,97.51,0.2,2.06,48.94,1015.74,727.91,0.95,3.83,3100.0,0.047,PM2.5-1HR
956,NOR_NO0073A,2025-12-05,2.04,2.7,97.48,0.2,2.03,45.83,1015.72,19813.27,0.9,3.76,3100.0,0.25,PM2.5-1HR
956,NOR_NO0083A,2025-12-05,3.01,2.65,97.49,0.2,1.98,44.4,1015.71,4937.94,0.86,3.704,3100.0,0.017,PM2.5-1HR
956,NOR_NO0093A,2025-12-05,5.17,2.7,97.5,0.2,1.99,44.32,1015.69,3881.7,0.86,3.704,3100.0,0.0,PM2.5-1HR
956,NOR_NO0095A,2025-12-05,3.5,2.56,97.48,0.2,1.97,44.34,1015.73,3578.09,0.8,3.62,3100.0,0.011,PM2.5-1HR
956,NOR_NO0114A,2025-12-05,3.34,2.54,97.52,0.21,1.9,42.67,1015.7,2835.19,1.04,3.956,3100.0,0.018,PM2.5-1HR
956,NOR_NO0122A,2025-12-05,3.94,2.74,97.52,0.2,2.06,48.98,1015.73,3172.81,0.95,3.83,3100.0,0.01,PM2.5-1HR
956,NOR_NO0149A,2025-12-05,3.82,2.77,97.52,0.2,2.05,47.99,1015.71,2020.38,0.9,3.76,3100.0,0.292,PM2.5-1HR
956,NOR_NO0011A,2025-12-06,5.27,2.55,96.31,0.34,2.65,42.86,1010.32,11187.25,0.61,3.354,3100.0,0.041,PM2.5-1HR
956,NOR_NO0057A,2025-12-06,1.73,2.62,96.39,0.31,2.73,45.52,1010.31,727.91,0.65,3.41,3100.0,0.047,PM2.5-1HR
956,NOR_NO0073A,2025-12-06,2.32,2.62,96.28,0.33,2.69,43.57,1010.3,19813.27,0.6,3.34,3100.0,0.25,PM2.5-1HR
956,NOR_NO0083A,2025-12-06,2.36,2.59,96.29,0.34,2.63,42.05,1010.29,4937.94,0.61,3.354,3100.0,0.017,PM2.5-1HR
956,NOR_NO0093A,2025-12-06,4.93,2.63,96.26,0.34,2.65,42.1,1010.27,3881.7,0.61,3.354,3100.0,0.0,PM2.5-1HR
956,NOR_NO0095A,2025-12-06,2.76,2.51,96.34,0.34,2.6,41.67,1010.32,3578.09,0.62,3.368,3100.0,0.011,PM2.5-1HR
956,NOR_NO0114A,2025-12-06,2.65,2.51,96.36,0.35,2.53,39.6,1010.29,2835.19,0.81,3.634,3100.0,0.018,PM2.5-1HR
956,NOR_NO0122A,2025-12-06,2.27,2.64,96.38,0.31,2.73,45.55,1010.3,3172.81,0.65,3.41,3100.0,0.01,PM2.5-1HR
956,NOR_NO0149A,2025-12-06,2.7,2.67,96.33,0.32,2.73,44.95,1010.28,2020.38,0.6,3.34,3100.0,0.292,PM2.5-1HR
956,NOR_NO0011A,2025-12-07,3,2.95,97.2,0.17,1.76,54,1008.16,11187.25,0.8,3.62,3100.0,0.041,PM2.5-1HR
956,NOR_NO0057A,2025-12-07,2.75,3.03,97.15,0.15,1.81,58.11,1008.17,727.91,0.89,3.746,3100.0,0.047,PM2.5-1HR
956,NOR_NO0073A,2025-12-07,3.05,3.02,97.12,0.16,1.77,54.86,1008.15,19813.27,0.85,3.69,3100.0,0.25,PM2.5-1HR
956,NOR_NO0083A,2025-12-07,3.97,2.98,97.11,0.17,1.73,52.93,1008.14,4937.94,0.8,3.62,3100.0,0.017,PM2.5-1HR
956,NOR_NO0093A,2025-12-07,5.13,3.02,97.06,0.17,1.73,52.88,1008.13,3881.7,0.8,3.62,3100.0,0.0,PM2.5-1HR
956,NOR_NO0095A,2025-12-07,2.75,2.9,97.2,0.17,1.72,52.67,1008.15,3578.09,0.88,3.732,3100.0,0.011,PM2.5-1HR
956,NOR_NO0114A,2025-12-07,4.45,2.87,97.14,0.17,1.67,50.19,1008.13,2835.19,0.88,3.732,3100.0,0.018,PM2.5-1HR
956,NOR_NO0122A,2025-12-07,4.31,3.04,97.13,0.15,1.81,58.15,1008.16,3172.81,0.89,3.746,3100.0,0.01,PM2.5-1HR
956,NOR_NO0149A,2025-12-07,4.5,3.07,97.07,0.16,1.79,57.1,1008.15,2020.38,0.85,3.69,3100.0,0.292,PM2.5-1HR
956,NOR_NO0011A,2025-12-08,2.15,4.14,97.06,0.78,2.88,34.34,998.32,11187.25,0.62,3.368,3100.0,0.041,PM2.5-1HR
956,NOR_NO0057A,2025-12-08,3.07,4.29,97.01,0.74,2.99,40.28,998.31,727.91,0.74,3.536,3100.0,0.047,PM2.5-1HR
956,NOR_NO0073A,2025-12-08,2.22,4.24,97.01,0.77,2.92,36.37,998.29,19813.27,0.66,3.424,3100.0,0.25,PM2.5-1HR
956,NOR_NO0083A,2025-12-08,2.21,4.16,96.99,0.78,2.83,33.4,998.29,4937.94,0.62,3.368,3100.0,0.017,PM2.5-1HR
956,NOR_NO0093A,2025-12-08,4.12,4.2,96.95,0.78,2.84,33.91,998.27,3881.7,0.62,3.368,3100.0,0.0,PM2.5-1HR
956,NOR_NO0095A,2025-12-08,2.43,4.05,97.04,0.78,2.8,31.97,998.33,3578.09,0.53,3.242,3100.0,0.011,PM2.5-1HR
956,NOR_NO0114A,2025-12-08,1.15,3.98,96.96,0.79,2.69,28.35,998.32,2835.19,0.48,3.172,3100.0,0.018,PM2.5-1HR
956,NOR_NO0122A,2025-12-08,3.86,4.3,97,0.74,2.98,40.44,998.3,3172.81,0.74,3.536,3100.0,0.01,PM2.5-1HR
956,NOR_NO0149A,2025-12-08,3.44,4.32,96.97,0.75,2.96,39.5,998.28,2020.38,0.66,3.424,3100.0,0.292,PM2.5-1HR
956,NOR_NO0011A,2025-12-09,4.65,0.77,98.02,0,1.31,335.87,1004.78,11187.25,0.82,3.648,3100.0,0.041,PM2.5-1HR
956,NOR_NO0057A,2025-12-09,4.03,0.92,98.01,0,1.28,333.18,1004.74,727.91,1.01,3.914,3100.0,0.047,PM2.5-1HR
956,NOR_NO0073A,2025-12-09,4.47,0.84,98.03,0,1.31,335.68,1004.76,19813.27,0.89,3.746,3100.0,0.25,PM2.5-1HR
956,NOR_NO0083A,2025-12-09,5.63,0.74,98.04,0,1.3,336.19,1004.78,4937.94,0.82,3.648,3100.0,0.017,PM2.5-1HR
956,NOR_NO0093A,2025-12-09,6.21,0.77,98.05,0,1.3,336.34,1004.78,3881.7,0.82,3.648,3100.0,0.0,PM2.5-1HR
956,NOR_NO0095A,2025-12-09,4.4,0.68,98.03,0,1.3,335.99,1004.8,3578.09,0.75,3.55,3100.0,0.011,PM2.5-1HR
956,NOR_NO0114A,2025-12-09,6.04,0.56,98.05,0,1.28,336.24,1004.82,2835.19,0.81,3.634,3100.0,0.018,PM2.5-1HR
956,NOR_NO0122A,2025-12-09,6.34,0.92,98.01,0,1.28,333.23,1004.74,3172.81,1.01,3.914,3100.0,0.01,PM2.5-1HR
956,NOR_NO0149A,2025-12-09,4.91,0.91,98.03,0,1.29,334.25,1004.74,2020.38,0.89,3.746,3100.0,0.292,PM2.5-1HR
956,NOR_NO0011A,2025-12-10,6.8,2.94,97.42,0.23,2.68,174.68,999.8,11187.25,0.34,2.976,3100.0,0.041,PM2.5-1HR
956,NOR_NO0057A,2025-12-10,4.78,3.21,97.4,0.23,2.94,173.05,999.83,727.91,0.34,2.976,3100.0,0.047,PM2.5-1HR
956,NOR_NO0073A,2025-12-10,5.9,3.08,97.39,0.23,2.77,174.36,999.81,19813.27,0.35,2.99,3100.0,0.25,PM2.5-1HR
956,NOR_NO0083A,2025-12-10,6.93,2.93,97.38,0.23,2.65,174.81,999.8,4937.94,0.34,2.976,3100.0,0.017,PM2.5-1HR
956,NOR_NO0093A,2025-12-10,7.15,2.99,97.36,0.23,2.67,174.99,999.8,3881.7,0.34,2.976,3100.0,0.0,PM2.5-1HR
956,NOR_NO0095A,2025-12-10,4.48,2.8,97.42,0.23,2.59,174.38,999.79,3578.09,0.33,2.962,3100.0,0.011,PM2.5-1HR
956,NOR_NO0114A,2025-12-10,10.29,2.65,97.39,0.23,2.46,173.79,999.77,2835.19,0.39,3.046,3100.0,0.018,PM2.5-1HR
956,NOR_NO0122A,2025-12-10,6.93,3.23,97.4,0.23,2.95,173.08,999.83,3172.81,0.34,2.976,3100.0,0.01,PM2.5-1HR
956,NOR_NO0149A,2025-12-10,3.11,3.23,97.38,0.23,2.91,173.14,999.83,2020.38,0.35,2.99,3100.0,0.292,PM2.5-1HR
956,NOR_NO0011A,2025-12-11,9.43,3.9,96.83,0,2.34,249.45,1002.93,11187.25,1.97,5.258,3100.0,0.041,PM2.5-1HR
956,NOR_NO0057A,2025-12-11,8.89,4.26,96.52,0,2.54,245.12,1002.92,727.91,1.78,4.992,3100.0,0.047,PM2.5-1HR
956,NOR_NO0073A,2025-12-11,10.68,4.08,96.69,0,2.41,247.7,1002.93,19813.27,1.79,5.006,3100.0,0.25,PM2.5-1HR
956,NOR_NO0083A,2025-12-11,9.13,3.88,96.82,0,2.3,248.94,1002.94,4937.94,1.97,5.258,3100.0,0.017,PM2.5-1HR
956,NOR_NO0093A,2025-12-11,12.01,3.95,96.76,0,2.32,248.25,1002.94,3881.7,1.97,5.258,3100.0,0.0,PM2.5-1HR
956,NOR_NO0095A,2025-12-11,6.23,3.72,96.94,0,2.25,250.29,1002.94,3578.09,1.87,5.118,3100.0,0.011,PM2.5-1HR
956,NOR_NO0114A,2025-12-11,9.98,3.5,97.05,0,2.12,250.75,1002.97,2835.19,2.43,5.902,3100.0,0.018,PM2.5-1HR
956,NOR_NO0122A,2025-12-11,9.91,4.27,96.5,0,2.55,244.88,1002.91,3172.81,1.78,4.992,3100.0,0.01,PM2.5-1HR
956,NOR_NO0149A,2025-12-11,6.43,4.26,96.51,0,2.51,245.1,1002.92,2020.38,1.79,5.006,3100.0,0.292,PM2.5-1HR
956,NOR_NO0011A,2025-12-12,3.6,2.94,98.43,0.04,1.5,52.65,1017.04,11187.25,1.84,5.076,3100.0,0.041,PM2.5-1HR
956,NOR_NO0057A,2025-12-12,4.46,3.05,98.35,0.05,1.63,59.78,1017.04,727.91,1.74,4.936,3100.0,0.047,PM2.5-1HR
956,NOR_NO0073A,2025-12-12,4.33,3.02,98.4,0.04,1.53,54.19,1017.03,19813.27,1.56,4.684,3100.0,0.25,PM2.5-1HR
956,NOR_NO0083A,2025-12-12,5.97,2.93,98.42,0.04,1.45,51.16,1017.02,4937.94,1.84,5.076,3100.0,0.017,PM2.5-1HR
956,NOR_NO0093A,2025-12-12,7.65,2.96,98.41,0.04,1.46,51.12,1017.01,3881.7,1.84,5.076,3100.0,0.0,PM2.5-1HR
956,NOR_NO0095A,2025-12-12,4.55,2.86,98.44,0.04,1.43,50.75,1017.04,3578.09,1.9,5.16,3100.0,0.011,PM2.5-1HR
956,NOR_NO0114A,2025-12-12,8.1,2.76,98.44,0.04,1.32,46.74,1017.02,2835.19,2.38,5.832,3100.0,0.018,PM2.5-1HR
956,NOR_NO0122A,2025-12-12,5.14,3.06,98.34,0.05,1.63,59.86,1017.04,3172.81,1.74,4.936,3100.0,0.01,PM2.5-1HR
956,NOR_NO0149A,2025-12-12,4.68,3.07,98.36,0.05,1.59,58.17,1017.02,2020.38,1.56,4.684,3100.0,0.292,PM2.5-1HR
956,NOR_NO0011A,2025-12-13,7.64,3.71,98.48,0.23,2.48,190.89,1015.67,11187.25,2.4,5.86,3100.0,0.041,PM2.5-1HR
956,NOR_NO0057A,2025-12-13,6.76,3.8,98.46,0.22,2.61,191.22,1015.72,727.91,2.45,5.93,3100.0,0.047,PM2.5-1HR
956,NOR_NO0073A,2025-12-13,5.78,3.78,98.47,0.22,2.52,190.85,1015.69,19813.27,2.23,5.622,3100.0,0.25,PM2.5-1HR
956,NOR_NO0083A,2025-12-13,8.43,3.71,98.5,0.22,2.42,190.51,1015.67,4937.94,2.4,5.86,3100.0,0.017,PM2.5-1HR
956,NOR_NO0093A,2025-12-13,5.48,3.74,98.5,0.22,2.42,190.4,1015.68,3881.7,2.4,5.86,3100.0,0.0,PM2.5-1HR
956,NOR_NO0095A,2025-12-13,5.38,3.64,98.52,0.22,2.39,190.6,1015.66,3578.09,2.17,5.538,3100.0,0.011,PM2.5-1HR
956,NOR_NO0114A,2025-12-13,10.04,3.57,98.57,0.22,2.25,189.99,1015.66,2835.19,2.5,6.0,3100.0,0.018,PM2.5-1HR
956,NOR_NO0122A,2025-12-13,7.99,3.81,98.46,0.22,2.61,191.17,1015.72,3172.81,2.45,5.93,3100.0,0.01,PM2.5-1HR
956,NOR_NO0149A,2025-12-13,5.32,3.82,98.46,0.22,2.58,190.92,1015.71,2020.38,2.23,5.622,3100.0,0.292,PM2.5-1HR
956,NOR_NO0011A,2025-12-14,5.21,5.86,96.15,0.08,3.68,197.49,1005.36,11187.25,1.49,4.586,3100.0,0.041,PM2.5-1HR
956,NOR_NO0057A,2025-12-14,3.46,6.07,96.13,0.08,3.95,200.18,1005.41,727.91,1.47,4.558,3100.0,0.047,PM2.5-1HR
956,NOR_NO0073A,2025-12-14,5,5.99,96.12,0.08,3.78,198.24,1005.39,19813.27,1.31,4.334,3100.0,0.25,PM2.5-1HR
956,NOR_NO0083A,2025-12-14,5.79,5.85,96.1,0.09,3.62,196.85,1005.37,4937.94,1.49,4.586,3100.0,0.017,PM2.5-1HR
956,NOR_NO0093A,2025-12-14,4.87,5.9,96.08,0.09,3.66,196.95,1005.38,3881.7,1.49,4.586,3100.0,0.0,PM2.5-1HR
956,NOR_NO0095A,2025-12-14,4.38,5.73,96.14,0.09,3.54,196.4,1005.34,3578.09,1.47,4.558,3100.0,0.011,PM2.5-1HR
956,NOR_NO0114A,2025-12-14,9.28,5.58,96.09,0.1,3.35,194.56,1005.33,2835.19,1.56,4.684,3100.0,0.018,PM2.5-1HR
956,NOR_NO0122A,2025-12-14,4.95,6.08,96.13,0.08,3.95,200.2,1005.41,3172.81,1.47,4.558,3100.0,0.01,PM2.5-1HR
956,NOR_NO0149A,2025-12-14,4.5,6.09,96.1,0.08,3.92,199.6,1005.42,2020.38,1.31,4.334,3100.0,0.292,PM2.5-1HR
956,NOR_NO0011A,2025-12-15,3.55,7.93,94.58,0.13,4.31,192.6,1001.76,11187.25,1.03,3.942,3100.0,0.041,PM2.5-1HR
956,NOR_NO0057A,2025-12-15,3.37,8.01,94.67,0.12,4.58,195.29,1001.85,727.91,1.15,4.11,3100.0,0.047,PM2.5-1HR
956,NOR_NO0073A,2025-12-15,4.44,7.99,94.58,0.13,4.42,193.38,1001.81,19813.27,1.01,3.914,3100.0,0.25,PM2.5-1HR
956,NOR_NO0083A,2025-12-15,4.43,7.95,94.51,0.13,4.24,192.07,1001.77,4937.94,1.03,3.942,3100.0,0.017,PM2.5-1HR
956,NOR_NO0093A,2025-12-15,5.41,7.98,94.49,0.13,4.28,192.2,1001.79,3881.7,1.03,3.942,3100.0,0.0,PM2.5-1HR
956,NOR_NO0095A,2025-12-15,3.15,7.89,94.53,0.13,4.15,191.55,1001.73,3578.09,1.05,3.97,3100.0,0.011,PM2.5-1HR
956,NOR_NO0114A,2025-12-15,3.21,7.86,94.41,0.13,3.93,189.86,1001.7,2835.19,1.32,4.348,3100.0,0.018,PM2.5-1HR
956,NOR_NO0122A,2025-12-15,5.28,8.02,94.66,0.12,4.58,195.33,1001.85,3172.81,1.15,4.11,3100.0,0.01,PM2.5-1HR
956,NOR_NO0149A,2025-12-15,3.13,8.03,94.62,0.12,4.55,194.77,1001.86,2020.38,1.01,3.914,3100.0,0.292,PM2.5-1HR
956,NOR_NO0011A,2025-12-16,6.81,7.4,96.05,0.1,4.4,188.01,1007.18,11187.25,3.24,7.036,3100.0,0.041,PM2.5-1HR
956,NOR_NO0057A,2025-12-16,6.36,7.45,96.06,0.1,4.6,190.31,1007.28,727.91,3.47,7.358,3100.0,0.047,PM2.5-1HR
956,NOR_NO0073A,2025-12-16,7.73,7.45,96.03,0.1,4.5,188.7,1007.23,19813.27,3.13,6.882,3100.0,0.25,PM2.5-1HR
956,NOR_NO0083A,2025-12-16,11.43,7.44,95.98,0.1,4.32,187.53,1007.18,4937.94,3.24,7.036,3100.0,0.017,PM2.5-1HR
956,NOR_NO0093A,2025-12-16,7.89,7.47,95.95,0.1,4.34,187.66,1007.2,3881.7,3.24,7.036,3100.0,0.0,PM2.5-1HR
956,NOR_NO0095A,2025-12-16,5.53,7.4,96.02,0.11,4.24,187.05,1007.14,3578.09,3.41,7.274,3100.0,0.011,PM2.5-1HR
956,NOR_NO0114A,2025-12-16,10.3,7.43,95.92,0.11,3.99,185.49,1007.1,2835.19,3.5,7.4,3100.0,0.018,PM2.5-1HR
956,NOR_NO0122A,2025-12-16,12.55,7.46,96.05,0.1,4.6,190.34,1007.29,3172.81,3.47,7.358,3100.0,0.01,PM2.5-1HR
956,NOR_NO0149A,2025-12-16,6.58,7.48,96.01,0.1,4.57,189.86,1007.29,2020.38,3.13,6.882,3100.0,0.292,PM2.5-1HR
956,NOR_NO0011A,2025-12-17,5.12,3.12,97.64,0.23,1.86,225.73,1008.75,11187.25,0.59,3.326,3100.0,0.041,PM2.5-1HR
956,NOR_NO0057A,2025-12-17,4.93,3.31,97.6,0.24,2.08,222.59,1008.75,727.91,0.69,3.466,3100.0,0.047,PM2.5-1HR
956,NOR_NO0073A,2025-12-17,4.35,3.22,97.64,0.23,1.93,224.26,1008.75,19813.27,0.64,3.396,3100.0,0.25,PM2.5-1HR
956,NOR_NO0083A,2025-12-17,4.51,3.1,97.65,0.23,1.83,225.38,1008.76,4937.94,0.59,3.326,3100.0,0.017,PM2.5-1HR
956,NOR_NO0093A,2025-12-17,5.48,3.14,97.66,0.23,1.85,224.77,1008.76,3881.7,0.59,3.326,3100.0,0.0,PM2.5-1HR
956,NOR_NO0095A,2025-12-17,4.44,3.01,97.63,0.23,1.78,226.64,1008.76,3578.09,0.46,3.144,3100.0,0.011,PM2.5-1HR
956,NOR_NO0114A,2025-12-17,6.62,2.87,97.64,0.23,1.67,227.58,1008.78,2835.19,0.39,3.046,3100.0,0.018,PM2.5-1HR
956,NOR_NO0122A,2025-12-17,8.7,3.32,97.6,0.23,2.09,222.4,1008.75,3172.81,0.69,3.466,3100.0,0.01,PM2.5-1HR
956,NOR_NO0149A,2025-12-17,4.06,3.32,97.62,0.23,2.05,222.4,1008.75,2020.38,0.64,3.396,3100.0,0.292,PM2.5-1HR
956,NOR_NO0011A,2025-12-18,3.79,6.06,93.84,0.25,4.89,181.11,1006.11,11187.25,1.8,5.02,3100.0,0.041,PM2.5-1HR
956,NOR_NO0057A,2025-12-18,4.26,6.12,93.66,0.23,5.04,183.34,1006.26,727.91,1.8,5.02,3100.0,0.047,PM2.5-1HR
956,NOR_NO0073A,2025-12-18,4.18,6.12,93.75,0.24,4.96,181.79,1006.17,19813.27,1.65,4.81,3100.0,0.25,PM2.5-1HR
956,NOR_NO0083A,2025-12-18,6.31,6.07,93.82,0.24,4.83,180.62,1006.1,4937.94,1.8,5.02,3100.0,0.017,PM2.5-1HR
956,NOR_NO0093A,2025-12-18,5.42,6.1,93.78,0.24,4.85,180.74,1006.12,3881.7,1.8,5.02,3100.0,0.0,PM2.5-1HR
956,NOR_NO0095A,2025-12-18,4.16,6,93.9,0.25,4.76,180.16,1006.04,3578.09,1.72,4.908,3100.0,0.011,PM2.5-1HR
956,NOR_NO0114A,2025-12-18,6.14,5.95,93.94,0.24,4.59,178.66,1005.96,2835.19,2.09,5.426,3100.0,0.018,PM2.5-1HR
956,NOR_NO0122A,2025-12-18,6.84,6.13,93.65,0.23,5.05,183.37,1006.26,3172.81,1.8,5.02,3100.0,0.01,PM2.5-1HR
956,NOR_NO0149A,2025-12-18,4.13,6.15,93.64,0.23,5.03,182.9,1006.25,2020.38,1.65,4.81,3100.0,0.292,PM2.5-1HR
956,NOR_NO0011A,2025-12-19,4.74,6.95,89.78,0.45,5.2,178.96,1002.13,11187.25,0.7,3.48,3100.0,0.041,PM2.5-1HR
956,NOR_NO0057A,2025-12-19,4.28,7.03,89.77,0.44,5.38,181.04,1002.27,727.91,0.8,3.62,3100.0,0.047,PM2.5-1HR
956,NOR_NO0073A,2025-12-19,5.58,7.01,89.73,0.45,5.28,179.63,1002.19,19813.27,0.71,3.494,3100.0,0.25,PM2.5-1HR
956,NOR_NO0083A,2025-12-19,6.37,6.97,89.67,0.44,5.14,178.61,1002.12,4937.94,0.7,3.48,3100.0,0.017,PM2.5-1HR
956,NOR_NO0093A,2025-12-19,5.88,7.01,89.62,0.45,5.17,178.77,1002.15,3881.7,0.7,3.48,3100.0,0.0,PM2.5-1HR
956,NOR_NO0095A,2025-12-19,4.75,6.9,89.73,0.44,5.08,178.13,1002.07,3578.09,0.73,3.522,3100.0,0.011,PM2.5-1HR
956,NOR_NO0114A,2025-12-19,5.42,6.87,89.57,0.43,4.9,176.89,1002,2835.19,0.78,3.592,3100.0,0.018,PM2.5-1HR
956,NOR_NO0122A,2025-12-19,6.96,7.04,89.75,0.44,5.39,181.08,1002.28,3172.81,0.8,3.62,3100.0,0.01,PM2.5-1HR
956,NOR_NO0149A,2025-12-19,4.65,7.06,89.7,0.44,5.36,180.72,1002.27,2020.38,0.71,3.494,3100.0,0.292,PM2.5-1HR
956,NOR_NO0011A,2025-12-20,8.68,3.47,90.72,0,2.58,260.89,1008.76,11187.25,1.68,4.852,3100.0,0.041,PM2.5-1HR
956,NOR_NO0057A,2025-12-20,7.4,3.59,90.21,0,2.74,258.81,1008.72,727.91,1.72,4.908,3100.0,0.047,PM2.5-1HR
956,NOR_NO0073A,2025-12-20,8.34,3.59,90.52,0,2.64,260.5,1008.75,19813.27,1.6,4.74,3100.0,0.25,PM2.5-1HR
956,NOR_NO0083A,2025-12-20,9.42,3.5,90.7,0,2.55,261.05,1008.78,4937.94,1.68,4.852,3100.0,0.017,PM2.5-1HR
956,NOR_NO0093A,2025-12-20,10.85,3.57,90.63,0,2.57,261.03,1008.78,3881.7,1.68,4.852,3100.0,0.0,PM2.5-1HR
956,NOR_NO0095A,2025-12-20,5.36,3.37,90.87,0,2.5,261.13,1008.79,3578.09,1.69,4.866,3100.0,0.011,PM2.5-1HR
956,NOR_NO0114A,2025-12-20,8.93,3.28,90.99,0,2.39,261.52,1008.84,2835.19,2.1,5.44,3100.0,0.018,PM2.5-1HR
956,NOR_NO0122A,2025-12-20,9.65,3.6,90.19,0,2.75,258.81,1008.72,3172.81,1.72,4.908,3100.0,0.01,PM2.5-1HR
956,NOR_NO0149A,2025-12-20,5.59,3.65,90.24,0,2.72,259.34,1008.74,2020.38,1.6,4.74,3100.0,0.292,PM2.5-1HR
956,NOR_NO0011A,2025-12-21,13.7,-1.77,94.87,0,2.34,345.74,1023.31,11187.25,2.14,5.496,3100.0,0.041,PM2.5-1HR
956,NOR_NO0057A,2025-12-21,8.09,-1.92,94.94,0,2.31,348.23,1023.25,727.91,2.58,6.112,3100.0,0.047,PM2.5-1HR
956,NOR_NO0073A,2025-12-21,15.54,-1.75,95,0,2.35,346.8,1023.28,19813.27,2.31,5.734,3100.0,0.25,PM2.5-1HR
956,NOR_NO0083A,2025-12-21,14.89,-1.77,95.11,0,2.29,345.74,1023.32,4937.94,2.14,5.496,3100.0,0.017,PM2.5-1HR
956,NOR_NO0093A,2025-12-21,14.08,-1.74,95.21,0,2.3,346.12,1023.31,3881.7,2.14,5.496,3100.0,0.0,PM2.5-1HR
956,NOR_NO0095A,2025-12-21,9.68,-1.82,94.96,0,2.27,344.91,1023.35,3578.09,1.74,4.936,3100.0,0.011,PM2.5-1HR
956,NOR_NO0114A,2025-12-21,18.09,-1.88,95.22,0,2.17,343.75,1023.4,2835.19,1.86,5.104,3100.0,0.018,PM2.5-1HR
956,NOR_NO0122A,2025-12-21,9.89,-1.91,94.97,0,2.31,348.41,1023.25,3172.81,2.58,6.112,3100.0,0.01,PM2.5-1HR
956,NOR_NO0149A,2025-12-21,8.2,-1.84,95.08,0,2.32,348.35,1023.25,2020.38,2.31,5.734,3100.0,0.292,PM2.5-1HR
956,NOR_NO0011A,2025-12-22,8.53,-3.61,94.36,0,2.44,5.37,1027.95,11187.25,2.03,5.342,3100.0,0.041,PM2.5-1HR
956,NOR_NO0057A,2025-12-22,5.83,-3.75,94.4,0,2.41,8.39,1027.89,727.91,2.3,5.72,3100.0,0.047,PM2.5-1HR
956,NOR_NO0073A,2025-12-22,6.54,-3.61,94.48,0,2.45,6.25,1027.92,19813.27,2.05,5.37,3100.0,0.25,PM2.5-1HR
956,NOR_NO0083A,2025-12-22,13.97,-3.61,94.55,0,2.41,4.76,1027.94,4937.94,2.03,5.342,3100.0,0.017,PM2.5-1HR
956,NOR_NO0093A,2025-12-22,12.67,-3.6,94.64,0,2.41,4.9,1027.93,3881.7,2.03,5.342,3100.0,0.0,PM2.5-1HR
956,NOR_NO0095A,2025-12-22,9.61,-3.63,94.41,0,2.38,4.26,1027.98,3578.09,1.8,5.02,3100.0,0.011,PM2.5-1HR
956,NOR_NO0114A,2025-12-22,19.84,-3.65,94.61,0,2.3,2.3,1027.99,2835.19,1.93,5.202,3100.0,0.018,PM2.5-1HR
956,NOR_NO0122A,2025-12-22,6.96,-3.75,94.43,0,2.41,8.49,1027.88,3172.81,2.3,5.72,3100.0,0.01,PM2.5-1HR
956,NOR_NO0149A,2025-12-22,5.53,-3.7,94.53,0,2.42,7.96,1027.88,2020.38,2.05,5.37,3100.0,0.292,PM2.5-1HR
956,NOR_NO0011A,2025-12-23,2.81,-2.12,92.6,0.01,1.48,25.67,1036.92,11187.25,0.7,3.48,3100.0,0.041,PM2.5-1HR
956,NOR_NO0057A,2025-12-23,2.5,-2.11,92.58,0.01,1.53,41.69,1036.89,727.91,0.76,3.564,3100.0,0.047,PM2.5-1HR
956,NOR_NO0073A,2025-12-23,3.15,-2.07,92.59,0.01,1.51,30.52,1036.9,19813.27,0.73,3.522,3100.0,0.25,PM2.5-1HR
956,NOR_NO0083A,2025-12-23,2.47,-2.11,92.46,0.01,1.46,21.48,1036.91,4937.94,0.7,3.48,3100.0,0.017,PM2.5-1HR
956,NOR_NO0093A,2025-12-23,5.16,-2.09,92.43,0.01,1.48,22.18,1036.91,3881.7,0.7,3.48,3100.0,0.0,PM2.5-1HR
956,NOR_NO0095A,2025-12-23,2.84,-2.17,92.47,0.01,1.43,18.77,1036.93,3578.09,0.73,3.522,3100.0,0.011,PM2.5-1HR
956,NOR_NO0114A,2025-12-23,2.92,-2.22,92.22,0.02,1.38,9.05,1036.95,2835.19,0.74,3.536,3100.0,0.018,PM2.5-1HR
956,NOR_NO0122A,2025-12-23,2.96,-2.1,92.57,0.01,1.53,41.84,1036.89,3172.81,0.76,3.564,3100.0,0.01,PM2.5-1HR
956,NOR_NO0149A,2025-12-23,3.11,-2.07,92.53,0.01,1.54,38.5,1036.89,2020.38,0.73,3.522,3100.0,0.292,PM2.5-1HR
956,NOR_NO0011A,2025-12-24,14.35,-5.58,91.27,0,1.65,323.68,1041.05,11187.25,0.73,3.522,3100.0,0.041,PM2.5-1HR
956,NOR_NO0057A,2025-12-24,13.26,-5.55,91.44,0,1.66,321.09,1041,727.91,0.8,3.62,3100.0,0.047,PM2.5-1HR
956,NOR_NO0073A,2025-12-24,8.99,-5.5,91.39,0,1.66,323.38,1041.03,19813.27,0.72,3.508,3100.0,0.25,PM2.5-1HR
956,NOR_NO0083A,2025-12-24,16.55,-5.5,91.39,0,1.63,323.93,1041.07,4937.94,0.73,3.522,3100.0,0.017,PM2.5-1HR
956,NOR_NO0093A,2025-12-24,15.44,-5.45,91.46,0,1.63,324.01,1041.06,3881.7,0.73,3.522,3100.0,0.0,PM2.5-1HR
956,NOR_NO0095A,2025-12-24,11.78,-5.59,91.28,0,1.62,323.86,1041.09,3578.09,0.52,3.228,3100.0,0.011,PM2.5-1HR
956,NOR_NO0114A,2025-12-24,19.42,-5.55,91.38,0,1.56,324.11,1041.13,2835.19,0.66,3.424,3100.0,0.018,PM2.5-1HR
956,NOR_NO0122A,2025-12-24,10.12,-5.53,91.46,0,1.66,321.13,1041,3172.81,0.8,3.62,3100.0,0.01,PM2.5-1HR
956,NOR_NO0149A,2025-12-24,8.37,-5.47,91.52,0,1.65,322.03,1041,2020.38,0.72,3.508,3100.0,0.292,PM2.5-1HR
956,NOR_NO0011A,2025-12-25,20.38,-3.98,95.56,0,1.43,309.37,1036.31,11187.25,11.53,18.642,3100.0,0.041,PM2.5-1HR
956,NOR_NO0057A,2025-12-25,18.89,-4.14,96.11,0,1.42,298.99,1036.26,727.91,11.34,18.376,3100.0,0.047,PM2.5-1HR
956,NOR_NO0073A,2025-12-25,17.8,-4,95.85,0,1.4,307.57,1036.3,19813.27,10.95,17.83,3100.0,0.25,PM2.5-1HR
956,NOR_NO0083A,2025-12-25,21.98,-3.92,95.75,0,1.39,310.63,1036.33,4937.94,11.53,18.642,3100.0,0.017,PM2.5-1HR
956,NOR_NO0093A,2025-12-25,12.96,-3.91,95.9,0,1.36,310.75,1036.33,3881.7,11.53,18.642,3100.0,0.0,PM2.5-1HR
956,NOR_NO0095A,2025-12-25,20.98,-3.92,95.49,0,1.41,310.85,1036.34,3578.09,11.04,17.956,3100.0,0.011,PM2.5-1HR
956,NOR_NO0114A,2025-12-25,31.55,-3.81,95.57,0,1.36,313.33,1036.4,2835.19,11.88,19.132,3100.0,0.018,PM2.5-1HR
956,NOR_NO0122A,2025-12-25,25.03,-4.14,96.16,0,1.41,298.9,1036.26,3172.81,11.34,18.376,3100.0,0.01,PM2.5-1HR
956,NOR_NO0149A,2025-12-25,17.16,-4.08,96.2,0,1.38,301.67,1036.28,2020.38,10.95,17.83,3100.0,0.292,PM2.5-1HR
956,NOR_NO0011A,2025-12-26,33.31,-1.88,93.9,0,2.16,344.21,1032.71,11187.25,10.92,17.788,3100.0,0.041,PM2.5-1HR
956,NOR_NO0057A,2025-12-26,17.14,-2.11,94.17,0,2.15,343.36,1032.68,727.91,12.12,19.468,3100.0,0.047,PM2.5-1HR
956,NOR_NO0073A,2025-12-26,29.86,-1.91,94.08,0,2.16,344.84,1032.7,19813.27,11.14,18.096,3100.0,0.25,PM2.5-1HR
956,NOR_NO0083A,2025-12-26,32.28,-1.83,94.37,0,2.11,344.78,1032.72,4937.94,10.92,17.788,3100.0,0.017,PM2.5-1HR
956,NOR_NO0093A,2025-12-26,21.63,-1.82,94.52,0,2.11,345.32,1032.72,3881.7,10.92,17.788,3100.0,0.0,PM2.5-1HR
956,NOR_NO0095A,2025-12-26,23.1,-1.84,94.19,0,2.11,343.85,1032.73,3578.09,11.47,18.558,3100.0,0.011,PM2.5-1HR
956,NOR_NO0114A,2025-12-26,35.46,-1.75,94.88,0,2.03,343.66,1032.77,2835.19,11.6,18.74,3100.0,0.018,PM2.5-1HR
956,NOR_NO0122A,2025-12-26,19.6,-2.11,94.23,0,2.15,343.56,1032.69,3172.81,12.12,19.468,3100.0,0.01,PM2.5-1HR
956,NOR_NO0149A,2025-12-26,20.26,-2.03,94.36,0,2.14,344.56,1032.69,2020.38,11.14,18.096,3100.0,0.292,PM2.5-1HR
956,NOR_NO0011A,2025-12-27,11.93,-0.17,74.71,0,2.88,299.83,1026.26,11187.25,1.7,4.88,3100.0,0.041,PM2.5-1HR
956,NOR_NO0057A,2025-12-27,10.43,-0.12,73.76,0,3.01,299.2,1026.17,727.91,1.92,5.188,3100.0,0.047,PM2.5-1HR
956,NOR_NO0073A,2025-12-27,14.21,-0.15,74.48,0,2.92,299.95,1026.23,19813.27,1.75,4.95,3100.0,0.25,PM2.5-1HR
956,NOR_NO0083A,2025-12-27,15.87,-0.2,75.22,0,2.85,299.24,1026.3,4937.94,1.7,4.88,3100.0,0.017,PM2.5-1HR
956,NOR_NO0093A,2025-12-27,10.96,-0.19,75.24,0,2.86,299.29,1026.29,3881.7,1.7,4.88,3100.0,0.0,PM2.5-1HR
956,NOR_NO0095A,2025-12-27,10.79,-0.22,75.36,0,2.82,298.96,1026.32,3578.09,1.41,4.474,3100.0,0.011,PM2.5-1HR
956,NOR_NO0114A,2025-12-27,13.38,-0.29,76.44,0,2.74,297.41,1026.41,2835.19,1.19,4.166,3100.0,0.018,PM2.5-1HR
956,NOR_NO0122A,2025-12-27,16.62,-0.12,73.79,0,3.02,299.18,1026.17,3172.81,1.92,5.188,3100.0,0.01,PM2.5-1HR
956,NOR_NO0149A,2025-12-27,12.3,-0.13,74.14,0,2.99,299.36,1026.19,2020.38,1.75,4.95,3100.0,0.292,PM2.5-1HR
956,NOR_NO0011A,2025-12-28,16.2,-3.02,82.67,0,2.09,296.15,1024.09,11187.25,2.15,5.51,3100.0,0.041,PM2.5-1HR
956,NOR_NO0057A,2025-12-28,12.89,-2.94,81.05,0,2.15,293.43,1024.02,727.91,2.52,6.028,3100.0,0.047,PM2.5-1HR
956,NOR_NO0073A,2025-12-28,24.23,-3.02,82.46,0,2.12,296.07,1024.07,19813.27,2.23,5.622,3100.0,0.25,PM2.5-1HR
956,NOR_NO0083A,2025-12-28,15.1,-3.04,83.07,0,2.09,296.28,1024.12,4937.94,2.15,5.51,3100.0,0.017,PM2.5-1HR
956,NOR_NO0093A,2025-12-28,14.25,-3.05,83.15,0,2.11,296.49,1024.11,3881.7,2.15,5.51,3100.0,0.0,PM2.5-1HR
956,NOR_NO0095A,2025-12-28,12.47,-3.03,83.02,0,2.06,295.86,1024.14,3578.09,1.8,5.02,3100.0,0.011,PM2.5-1HR
956,NOR_NO0114A,2025-12-28,19.69,-3.05,83.69,0,2.03,295.54,1024.21,2835.19,1.68,4.852,3100.0,0.018,PM2.5-1HR
956,NOR_NO0122A,2025-12-28,18.81,-2.94,81.07,0,2.16,293.49,1024.02,3172.81,2.52,6.028,3100.0,0.01,PM2.5-1HR
956,NOR_NO0149A,2025-12-28,15.09,-2.97,81.62,0,2.16,294.56,1024.04,2020.38,2.23,5.622,3100.0,0.292,PM2.5-1HR
956,NOR_NO0011A,2025-12-29,5.52,-1.72,67.01,0,3.91,312.34,1017.76,11187.25,1.03,3.942,3100.0,0.041,PM2.5-1HR
956,NOR_NO0149A,2025-12-29,8.54,-1.64,66.15,0,3.93,312.98,1017.67,2020.38,1.01,3.914,3100.0,0.292,PM2.5-1HR
956,NOR_NO0057A,2025-12-29,7.08,-1.64,65.6,0,3.94,313.12,1017.65,727.91,1.1,4.04,3100.0,0.047,PM2.5-1HR
956,NOR_NO0073A,2025-12-29,9.44,-1.68,66.78,0,3.94,312.75,1017.72,19813.27,1.01,3.914,3100.0,0.25,PM2.5-1HR
956,NOR_NO0083A,2025-12-29,13.18,-1.72,67.6,0,3.87,311.7,1017.79,4937.94,1.03,3.942,3100.0,0.017,PM2.5-1HR
956,NOR_NO0093A,2025-12-29,9.58,-1.7,67.68,0,3.88,311.78,1017.78,3881.7,1.03,3.942,3100.0,0.0,PM2.5-1HR
956,NOR_NO0095A,2025-12-29,5.1,-1.76,67.64,0,3.85,311.32,1017.82,3578.09,1.08,4.012,3100.0,0.011,PM2.5-1HR
956,NOR_NO0114A,2025-12-29,5.85,-1.8,68.77,0,3.74,309.6,1017.91,2835.19,1.31,4.334,3100.0,0.018,PM2.5-1HR
956,NOR_NO0122A,2025-12-29,13.62,-1.64,65.64,0,3.94,313.12,1017.65,3172.81,1.1,4.04,3100.0,0.01,PM2.5-1HR
956,NOR_NO0011A,2025-12-30,14.16,-1.82,65.57,0,2.78,291.61,1021.89,11187.25,1.02,3.928,3100.0,0.041,PM2.5-1HR
956,NOR_NO0057A,2025-12-30,14.29,-1.89,64.38,0,2.97,292.46,1021.79,727.91,1.13,4.082,3100.0,0.047,PM2.5-1HR
956,NOR_NO0073A,2025-12-30,15.87,-1.78,65.3,0,2.86,292.06,1021.86,19813.27,1.07,3.998,3100.0,0.25,PM2.5-1HR
956,NOR_NO0083A,2025-12-30,21.25,-1.71,65.72,0,2.76,291.24,1021.93,4937.94,1.02,3.928,3100.0,0.017,PM2.5-1HR
956,NOR_NO0093A,2025-12-30,12.78,-1.67,65.68,0,2.79,291.37,1021.92,3881.7,1.02,3.928,3100.0,0.0,PM2.5-1HR
956,NOR_NO0095A,2025-12-30,11.59,-1.78,65.86,0,2.69,290.83,1021.96,3578.09,1.11,4.054,3100.0,0.011,PM2.5-1HR
956,NOR_NO0114A,2025-12-30,23.46,-1.65,66.22,0,2.6,289.57,1022.06,2835.19,1.36,4.404,3100.0,0.018,PM2.5-1HR
956,NOR_NO0122A,2025-12-30,32.92,-1.88,64.37,0,2.98,292.51,1021.79,3172.81,1.13,4.082,3100.0,0.01,PM2.5-1HR
956,NOR_NO0149A,2025-12-30,11.35,-1.8,64.68,0,2.96,292.49,1021.81,2020.38,1.07,3.998,3100.0,0.292,PM2.5-1HR
956,NOR_NO0011A,2026-01-01,9.88,-1.31,89.28,0.17,3.51,337.41,977.99,11265.72,1.2,4.18,3100.0,0.041,PM2.5-1HR
956,NOR_NO0057A,2026-01-01,7.32,-1.24,89.29,0.17,3.6,336.69,977.92,733.2,1.33,4.362,3100.0,0.047,PM2.5-1HR
956,NOR_NO0073A,2026-01-01,24.59,-1.25,89.41,0.17,3.55,337.11,977.96,19952.48,1.17,4.138,3100.0,0.25,PM2.5-1HR
956,NOR_NO0083A,2026-01-01,10.15,-1.28,89.29,0.16,3.46,336.41,978,4971.47,1.2,4.18,3100.0,0.017,PM2.5-1HR
956,NOR_NO0093A,2026-01-01,9.7,-1.25,89.37,0.15,3.47,336.15,977.99,3909.25,1.2,4.18,3100.0,0.0,PM2.5-1HR
956,NOR_NO0095A,2026-01-01,10.18,-1.34,89.13,0.16,3.43,336.69,978.04,3604.7,1.31,4.334,3100.0,0.011,PM2.5-1HR
956,NOR_NO0114A,2026-01-01,11.32,-1.4,88.7,0.12,3.28,335.93,977.57,2854.75,1.45,4.53,3100.0,0.018,PM2.5-1HR
956,NOR_NO0122A,2026-01-01,9.03,-1.23,89.32,0.16,3.6,336.54,977.91,3195.24,1.33,4.362,3100.0,0.01,PM2.5-1HR
956,NOR_NO0149A,2026-01-01,15.24,-1.21,89.42,0.16,3.58,336.27,977.92,2035.57,1.17,4.138,3100.0,0.292,PM2.5-1HR
956,NOR_NO0011A,2026-01-02,1.72,-5.55,76.09,0.17,6.37,6.66,986.93,11265.72,0.87,3.718,3100.0,0.041,PM2.5-1HR
956,NOR_NO0057A,2026-01-02,1.59,-5.64,75.86,0.19,6.44,7.28,986.77,733.2,0.92,3.788,3100.0,0.047,PM2.5-1HR
956,NOR_NO0073A,2026-01-02,2.35,-5.52,76.22,0.18,6.42,6.77,986.84,19952.48,0.82,3.648,3100.0,0.25,PM2.5-1HR
956,NOR_NO0083A,2026-01-02,7.17,-5.39,76.06,0.17,6.34,6.15,986.91,4971.47,0.87,3.718,3100.0,0.017,PM2.5-1HR
956,NOR_NO0093A,2026-01-02,4.61,-5.34,76.15,0.17,6.35,6.09,986.87,3909.25,0.87,3.718,3100.0,0.0,PM2.5-1HR
956,NOR_NO0095A,2026-01-02,2.45,-5.44,75.86,0.17,6.29,6.13,987,3604.7,0.91,3.774,3100.0,0.011,PM2.5-1HR
956,NOR_NO0114A,2026-01-02,4.38,-5.2,75.55,0.16,6.18,5.1,987.05,2854.75,1.19,4.166,3100.0,0.018,PM2.5-1HR
956,NOR_NO0122A,2026-01-02,3,-5.62,75.88,0.19,6.44,7.25,986.75,3195.24,0.92,3.788,3100.0,0.01,PM2.5-1HR
956,NOR_NO0149A,2026-01-02,2.4,-5.53,76.07,0.18,6.44,6.98,986.75,2035.57,0.82,3.648,3100.0,0.292,PM2.5-1HR
956,NOR_NO0011A,2026-01-03,2.63,-6.94,70.68,0.08,5.49,7.37,996.71,11265.72,1.07,3.998,3100.0,0.041,PM2.5-1HR
956,NOR_NO0057A,2026-01-03,2.65,-7.1,69.64,0.08,5.52,7.68,996.6,733.2,1.13,4.082,3100.0,0.047,PM2.5-1HR
956,NOR_NO0073A,2026-01-03,3.04,-6.93,70.56,0.08,5.54,7.58,996.65,19952.48,1.01,3.914,3100.0,0.25,PM2.5-1HR
956,NOR_NO0083A,2026-01-03,2.74,-6.79,70.62,0.08,5.47,7.01,996.7,4971.47,1.07,3.998,3100.0,0.017,PM2.5-1HR
956,NOR_NO0093A,2026-01-03,4.93,-6.75,70.63,0.08,5.49,7.05,996.67,3909.25,1.07,3.998,3100.0,0.0,PM2.5-1HR
956,NOR_NO0095A,2026-01-03,3.34,-6.84,70.57,0.08,5.42,6.8,996.76,3604.7,1.12,4.068,3100.0,0.011,PM2.5-1HR
956,NOR_NO0114A,2026-01-03,2.31,-6.63,70.38,0.07,5.32,5.83,996.81,2854.75,1.46,4.544,3100.0,0.018,PM2.5-1HR
956,NOR_NO0122A,2026-01-03,3.21,-7.09,69.65,0.08,5.53,7.67,996.59,3195.24,1.13,4.082,3100.0,0.01,PM2.5-1HR
956,NOR_NO0149A,2026-01-03,2.47,-6.99,69.97,0.08,5.54,7.63,996.58,2035.57,1.01,3.914,3100.0,0.292,PM2.5-1HR
956,NOR_NO0114A,2026-01-04,3.56,-6.77,79.84,0.13,4.27,22.91,1004.76,2854.75,1.62,4.768,3100.0,0.018,PM2.5-1HR
956,NOR_NO0011A,2026-01-04,3.17,-7.08,79.74,0.13,4.34,23.31,1004.73,11265.72,1.47,4.558,3100.0,0.041,PM2.5-1HR
956,NOR_NO0057A,2026-01-04,2.31,-7.24,78.97,0.12,4.33,22.74,1004.68,733.2,1.53,4.642,3100.0,0.047,PM2.5-1HR
956,NOR_NO0073A,2026-01-04,3.82,-7.07,79.61,0.13,4.35,23.11,1004.7,19952.48,1.44,4.516,3100.0,0.25,PM2.5-1HR
956,NOR_NO0083A,2026-01-04,3.78,-6.94,79.76,0.13,4.33,23.07,1004.71,4971.47,1.47,4.558,3100.0,0.017,PM2.5-1HR
956,NOR_NO0093A,2026-01-04,6.56,-6.9,79.76,0.13,4.34,22.97,1004.69,3909.25,1.47,4.558,3100.0,0.0,PM2.5-1HR
956,NOR_NO0095A,2026-01-04,3.46,-6.98,79.78,0.13,4.31,23.22,1004.75,3604.7,1.46,4.544,3100.0,0.011,PM2.5-1HR
956,NOR_NO0122A,2026-01-04,4.07,-7.23,78.97,0.12,4.33,22.7,1004.67,3195.24,1.53,4.642,3100.0,0.01,PM2.5-1HR
956,NOR_NO0149A,2026-01-04,3.41,-7.13,79.2,0.12,4.34,22.72,1004.66,2035.57,1.44,4.516,3100.0,0.292,PM2.5-1HR
956,NOR_NO0011A,2026-01-05,3.69,-8.14,84.83,0.09,2.87,44.6,1014.26,11265.72,1.33,4.362,3100.0,0.041,PM2.5-1HR
956,NOR_NO0057A,2026-01-05,2.76,-8.39,84.73,0.09,2.89,43.55,1014.27,733.2,1.37,4.418,3100.0,0.047,PM2.5-1HR
956,NOR_NO0073A,2026-01-05,3.86,-8.16,84.74,0.09,2.91,44.23,1014.25,19952.48,1.28,4.292,3100.0,0.25,PM2.5-1HR
956,NOR_NO0083A,2026-01-05,3.85,-8.02,84.59,0.09,2.88,44.39,1014.23,4971.47,1.33,4.362,3100.0,0.017,PM2.5-1HR
956,NOR_NO0093A,2026-01-05,6.15,-8,84.51,0.09,2.9,44.24,1014.22,3909.25,1.33,4.362,3100.0,0.0,PM2.5-1HR
956,NOR_NO0095A,2026-01-05,2.79,-8.04,84.68,0.09,2.83,44.68,1014.25,3604.7,1.16,4.124,3100.0,0.011,PM2.5-1HR
956,NOR_NO0114A,2026-01-05,4.88,-7.84,84.34,0.1,2.8,44.54,1014.21,2854.75,1.31,4.334,3100.0,0.018,PM2.5-1HR
956,NOR_NO0122A,2026-01-05,3.91,-8.38,84.7,0.09,2.9,43.5,1014.26,3195.24,1.37,4.418,3100.0,0.01,PM2.5-1HR
956,NOR_NO0149A,2026-01-05,3.83,-8.28,84.63,0.09,2.92,43.62,1014.24,2035.57,1.28,4.292,3100.0,0.292,PM2.5-1HR
956,NOR_NO0149A,2026-01-06,18.48,-9.06,86.05,0.03,2.67,359.89,1013.85,2035.57,1.2,4.18,3100.0,0.292,PM2.5-1HR
956,NOR_NO0011A,2026-01-06,4.05,-9.09,85.98,0.03,2.66,357.96,1013.93,11265.72,1.32,4.348,3100.0,0.041,PM2.5-1HR
956,NOR_NO0114A,2026-01-06,8.18,-9.12,85.47,0.02,2.55,353.77,1014.02,2854.75,1.51,4.614,3100.0,0.018,PM2.5-1HR
956,NOR_NO0122A,2026-01-06,11.15,-9.13,86.11,0.04,2.65,0.46,1013.85,3195.24,1.3,4.32,3100.0,0.01,PM2.5-1HR
956,NOR_NO0057A,2026-01-06,7.42,-9.14,86.11,0.04,2.65,0.44,1013.86,733.2,1.3,4.32,3100.0,0.047,PM2.5-1HR
956,NOR_NO0073A,2026-01-06,9.56,-9.03,86.02,0.03,2.68,358.77,1013.89,19952.48,1.2,4.18,3100.0,0.25,PM2.5-1HR
956,NOR_NO0083A,2026-01-06,6.35,-9.03,85.82,0.02,2.64,356.98,1013.94,4971.47,1.32,4.348,3100.0,0.017,PM2.5-1HR
956,NOR_NO0093A,2026-01-06,7.58,-8.99,85.8,0.02,2.66,357.08,1013.92,3909.25,1.32,4.348,3100.0,0.0,PM2.5-1HR
956,NOR_NO0095A,2026-01-06,7.93,-9.12,85.8,0.02,2.61,356.42,1013.97,3604.7,1.32,4.348,3100.0,0.011,PM2.5-1HR
956,NOR_NO0057A,2026-01-07,11.39,-9.77,86.33,0.05,2.62,356.45,1010.68,733.2,1.61,4.754,3100.0,0.047,PM2.5-1HR
956,NOR_NO0073A,2026-01-07,16.89,-9.94,85.38,0.05,2.65,353.75,1010.74,19952.48,1.51,4.614,3100.0,0.25,PM2.5-1HR
956,NOR_NO0083A,2026-01-07,7.8,-10.11,85.09,0.05,2.61,351.44,1010.79,4971.47,1.6,4.74,3100.0,0.017,PM2.5-1HR
956,NOR_NO0093A,2026-01-07,4.27,-10.04,85.15,0.05,2.63,351.52,1010.77,3909.25,1.6,4.74,3100.0,0.0,PM2.5-1HR
956,NOR_NO0095A,2026-01-07,7.28,-10.25,84.98,0.04,2.58,350.85,1010.84,3604.7,1.48,4.572,3100.0,0.011,PM2.5-1HR
956,NOR_NO0114A,2026-01-07,10.33,-10.43,84.85,0.04,2.54,347.6,1010.89,2854.75,1.39,4.446,3100.0,0.018,PM2.5-1HR
956,NOR_NO0122A,2026-01-07,11.86,-9.75,86.35,0.05,2.63,356.48,1010.67,3195.24,1.61,4.754,3100.0,0.01,PM2.5-1HR
956,NOR_NO0149A,2026-01-07,8.03,-9.76,86.09,0.05,2.64,355.57,1010.68,2035.57,1.51,4.614,3100.0,0.292,PM2.5-1HR
956,NOR_NO0011A,2026-01-07,5.39,-10.11,85.1,0.05,2.62,352.7,1010.79,11265.72,1.6,4.74,3100.0,0.041,PM2.5-1HR
956,NOR_NO0057A,2026-01-08,10.84,-11.16,91.17,0.16,1.8,312.05,1007.09,733.2,1.97,5.258,3100.0,0.047,PM2.5-1HR
956,NOR_NO0073A,2026-01-08,12.48,-11.17,91.19,0.14,1.76,323.23,1007.14,19952.48,1.81,5.034,3100.0,0.25,PM2.5-1HR
956,NOR_NO0083A,2026-01-08,13.62,-11.24,90.88,0.13,1.73,329.95,1007.19,4971.47,1.9,5.16,3100.0,0.017,PM2.5-1HR
956,NOR_NO0093A,2026-01-08,9.09,-11.17,90.89,0.13,1.74,329.92,1007.18,3909.25,1.9,5.16,3100.0,0.0,PM2.5-1HR
956,NOR_NO0095A,2026-01-08,10.24,-11.38,90.78,0.13,1.72,324.48,1007.22,3604.7,1.87,5.118,3100.0,0.011,PM2.5-1HR
956,NOR_NO0011A,2026-01-08,11.18,-11.31,91.1,0.14,1.75,324.9,1007.18,11265.72,1.9,5.16,3100.0,0.041,PM2.5-1HR
956,NOR_NO0114A,2026-01-08,17.97,-11.43,90.24,0.12,1.7,323.01,1007.28,2854.75,1.87,5.118,3100.0,0.018,PM2.5-1HR
956,NOR_NO0122A,2026-01-08,14.32,-11.14,91.16,0.16,1.8,312.16,1007.09,3195.24,1.97,5.258,3100.0,0.01,PM2.5-1HR
956,NOR_NO0149A,2026-01-08,18.18,-11.07,91.14,0.15,1.78,316.14,1007.1,2035.57,1.81,5.034,3100.0,0.292,PM2.5-1HR
956,NOR_NO0073A,2026-01-09,8.06,-6.96,90.54,0.05,2.49,17.46,1018.83,19952.48,3.67,7.638,3100.0,0.25,PM2.5-1HR
956,NOR_NO0083A,2026-01-09,10.92,-7.16,90.13,0.05,2.48,14.15,1018.87,4971.47,3.98,8.072,3100.0,0.017,PM2.5-1HR
956,NOR_NO0093A,2026-01-09,8.18,-7.1,90.15,0.05,2.48,14.05,1018.85,3909.25,3.98,8.072,3100.0,0.0,PM2.5-1HR
956,NOR_NO0095A,2026-01-09,6.87,-7.31,89.99,0.05,2.47,13.79,1018.92,3604.7,4.09,8.226,3100.0,0.011,PM2.5-1HR
956,NOR_NO0114A,2026-01-09,11.8,-7.51,89.23,0.06,2.43,9.87,1018.96,2854.75,4.64,8.996,3100.0,0.018,PM2.5-1HR
956,NOR_NO0122A,2026-01-09,9.1,-6.69,90.3,0.04,2.42,24.2,1018.78,3195.24,3.97,8.058,3100.0,0.01,PM2.5-1HR
956,NOR_NO0149A,2026-01-09,5.96,-6.73,90.31,0.04,2.43,21.88,1018.77,2035.57,3.67,7.638,3100.0,0.292,PM2.5-1HR
956,NOR_NO0011A,2026-01-09,7.32,-7.15,90.46,0.05,2.5,15.92,1018.88,11265.72,3.98,8.072,3100.0,0.041,PM2.5-1HR
956,NOR_NO0057A,2026-01-09,5.43,-6.71,90.32,0.04,2.42,24.15,1018.79,733.2,3.97,8.058,3100.0,0.047,PM2.5-1HR
956,NOR_NO0057A,2026-01-10,17.42,-10.55,84.01,0,2.33,6.57,1024.98,733.2,1.35,4.39,3100.0,0.047,PM2.5-1HR
956,NOR_NO0073A,2026-01-10,13.05,-10.51,84.1,0,2.31,5.04,1025,19952.48,1.2,4.18,3100.0,0.25,PM2.5-1HR
956,NOR_NO0093A,2026-01-10,11.1,-10.47,84.23,0,2.26,3.23,1025.01,3909.25,1.26,4.264,3100.0,0.0,PM2.5-1HR
956,NOR_NO0095A,2026-01-10,10.36,-10.63,84.51,0,2.21,2.7,1025.05,3604.7,1.08,4.012,3100.0,0.011,PM2.5-1HR
956,NOR_NO0114A,2026-01-10,21.79,-10.63,84.76,0,2.12,359.69,1025.08,2854.75,1.22,4.208,3100.0,0.018,PM2.5-1HR
956,NOR_NO0149A,2026-01-10,28.1,-10.48,83.97,0,2.33,6.05,1024.97,2035.57,1.2,4.18,3100.0,0.292,PM2.5-1HR
956,NOR_NO0011A,2026-01-10,12.21,-10.59,84.3,0,2.27,4.3,1025.03,11265.72,1.26,4.264,3100.0,0.041,PM2.5-1HR
956,NOR_NO0083A,2026-01-10,14.18,-10.53,84.31,0,2.25,3.18,1025.02,4971.47,1.26,4.264,3100.0,0.017,PM2.5-1HR
956,NOR_NO0122A,2026-01-10,21.85,-10.53,84,0,2.33,6.58,1024.97,3195.24,1.35,4.39,3100.0,0.01,PM2.5-1HR
956,NOR_NO0057A,2026-01-11,13.6,-16.08,85.77,0,2.38,2.62,1025.71,733.2,4.41,8.674,3100.0,0.047,PM2.5-1HR
956,NOR_NO0073A,2026-01-11,18.42,-16.24,84.42,0,2.44,0.28,1025.73,19952.48,3.91,7.974,3100.0,0.25,PM2.5-1HR
956,NOR_NO0083A,2026-01-11,39.4,-16.33,83.99,0,2.39,358.94,1025.75,4971.47,3.8,7.82,3100.0,0.017,PM2.5-1HR
956,NOR_NO0093A,2026-01-11,14.84,-16.25,84.18,0,2.4,358.97,1025.74,3909.25,3.8,7.82,3100.0,0.0,PM2.5-1HR
956,NOR_NO0095A,2026-01-11,25.19,-16.48,83.63,0,2.37,358.71,1025.77,3604.7,3.5,7.4,3100.0,0.011,PM2.5-1HR
956,NOR_NO0011A,2026-01-11,24.86,-16.41,83.84,0,2.43,359.55,1025.75,11265.72,3.8,7.82,3100.0,0.041,PM2.5-1HR
956,NOR_NO0114A,2026-01-11,40.23,-16.51,83.53,0,2.27,356.88,1025.79,2854.75,3.28,7.092,3100.0,0.018,PM2.5-1HR
956,NOR_NO0122A,2026-01-11,16.41,-16.06,85.83,0,2.38,2.7,1025.71,3195.24,4.41,8.674,3100.0,0.01,PM2.5-1HR
956,NOR_NO0149A,2026-01-11,11.78,-16.04,85.53,0,2.4,2.04,1025.7,2035.57,3.91,7.974,3100.0,0.292,PM2.5-1HR
956,NOR_NO0073A,2026-01-12,9.65,-10.78,89.69,0.09,2,46.99,1017.69,19952.48,3.62,7.568,3100.0,0.25,PM2.5-1HR
956,NOR_NO0083A,2026-01-12,14.29,-10.79,89.78,0.09,1.96,44.05,1017.67,4971.47,3.76,7.764,3100.0,0.017,PM2.5-1HR
956,NOR_NO0093A,2026-01-12,7.72,-10.75,89.74,0.09,1.96,43.62,1017.66,3909.25,3.76,7.764,3100.0,0.0,PM2.5-1HR
956,NOR_NO0095A,2026-01-12,11.17,-10.86,89.84,0.09,1.94,44.38,1017.69,3604.7,3.83,7.862,3100.0,0.011,PM2.5-1HR
956,NOR_NO0114A,2026-01-12,15.58,-10.84,89.77,0.09,1.88,40.86,1017.66,2854.75,3.9,7.96,3100.0,0.018,PM2.5-1HR
956,NOR_NO0122A,2026-01-12,9.53,-10.77,89.15,0.09,2.03,53.97,1017.69,3195.24,3.88,7.932,3100.0,0.01,PM2.5-1HR
956,NOR_NO0011A,2026-01-12,10.79,-10.85,89.84,0.09,1.98,45.92,1017.7,11265.72,3.76,7.764,3100.0,0.041,PM2.5-1HR
956,NOR_NO0057A,2026-01-12,6.62,-10.78,89.17,0.09,2.03,53.98,1017.7,733.2,3.88,7.932,3100.0,0.047,PM2.5-1HR
956,NOR_NO0149A,2026-01-12,7.37,-10.73,89.26,0.09,2.02,51.47,1017.68,2035.57,3.62,7.568,3100.0,0.292,PM2.5-1HR
956,NOR_NO0057A,2026-01-13,4.47,-4.13,93.67,0.41,2.35,63.82,1012.21,733.2,2.89,6.546,3100.0,0.047,PM2.5-1HR
956,NOR_NO0073A,2026-01-13,5.06,-4.19,94.01,0.42,2.26,56.86,1012.19,19952.48,2.57,6.098,3100.0,0.25,PM2.5-1HR
956,NOR_NO0083A,2026-01-13,6.88,-4.29,94.09,0.43,2.17,52.54,1012.18,4971.47,2.81,6.434,3100.0,0.017,PM2.5-1HR
956,NOR_NO0093A,2026-01-13,7.23,-4.24,94.06,0.43,2.18,52.73,1012.16,3909.25,2.81,6.434,3100.0,0.0,PM2.5-1HR
956,NOR_NO0095A,2026-01-13,3.76,-4.4,94.16,0.43,2.15,51.45,1012.21,3604.7,2.6,6.14,3100.0,0.011,PM2.5-1HR
956,NOR_NO0114A,2026-01-13,6.17,-4.5,94.16,0.43,2.05,45.94,1012.18,2854.75,3.13,6.882,3100.0,0.018,PM2.5-1HR
956,NOR_NO0122A,2026-01-13,7.45,-4.11,93.66,0.41,2.35,63.92,1012.2,3195.24,2.89,6.546,3100.0,0.01,PM2.5-1HR
956,NOR_NO0011A,2026-01-13,5.08,-4.31,94.13,0.43,2.22,54.54,1012.21,11265.72,2.81,6.434,3100.0,0.041,PM2.5-1HR
956,NOR_NO0149A,2026-01-13,6.63,-4.09,93.72,0.42,2.31,61.79,1012.18,2035.57,2.57,6.098,3100.0,0.292,PM2.5-1HR
956,NOR_NO0095A,2026-01-14,5.78,-2.63,96.8,0.65,1.93,356.15,1003.25,3604.7,0.53,3.242,3100.0,0.011,PM2.5-1HR
956,NOR_NO0114A,2026-01-14,6.29,-2.79,96.65,0.65,1.89,352.23,1003.27,2854.75,0.37,3.018,3100.0,0.018,PM2.5-1HR
956,NOR_NO0122A,2026-01-14,8.98,-2.12,96.98,0.67,1.94,5.81,1003.18,3195.24,0.64,3.396,3100.0,0.01,PM2.5-1HR
956,NOR_NO0149A,2026-01-14,2.55,-2.13,97,0.67,1.93,4.01,1003.17,2035.57,0.57,3.298,3100.0,0.292,PM2.5-1HR
956,NOR_NO0011A,2026-01-14,7.71,-2.49,96.9,0.66,1.96,358.63,1003.23,11265.72,0.57,3.298,3100.0,0.041,PM2.5-1HR
956,NOR_NO0057A,2026-01-14,4.6,-2.13,96.97,0.67,1.95,5.7,1003.19,733.2,0.64,3.396,3100.0,0.047,PM2.5-1HR
956,NOR_NO0073A,2026-01-14,7.59,-2.32,96.98,0.67,1.95,0.44,1003.2,19952.48,0.57,3.298,3100.0,0.25,PM2.5-1HR
956,NOR_NO0083A,2026-01-14,7.67,-2.49,96.88,0.66,1.93,357.14,1003.22,4971.47,0.57,3.298,3100.0,0.017,PM2.5-1HR
956,NOR_NO0093A,2026-01-14,6.78,-2.43,96.91,0.66,1.92,357.39,1003.21,3909.25,0.57,3.298,3100.0,0.0,PM2.5-1HR
956,NOR_NO0011A,2026-01-15,8.14,-5.4,96.32,0.12,1.77,49.57,1008.97,11265.72,4.83,9.262,3100.0,0.041,PM2.5-1HR
956,NOR_NO0057A,2026-01-15,8.33,-4.91,96.22,0.11,1.77,58.06,1008.99,733.2,5.06,9.584,3100.0,0.047,PM2.5-1HR
956,NOR_NO0073A,2026-01-15,8.92,-5.21,96.39,0.11,1.79,51.73,1008.97,19952.48,4.71,9.094,3100.0,0.25,PM2.5-1HR
956,NOR_NO0083A,2026-01-15,10.32,-5.47,96.19,0.12,1.75,48.88,1008.96,4971.47,4.83,9.262,3100.0,0.017,PM2.5-1HR
956,NOR_NO0093A,2026-01-15,9.14,-5.41,96.22,0.12,1.76,49.3,1008.95,3909.25,4.83,9.262,3100.0,0.0,PM2.5-1HR
956,NOR_NO0095A,2026-01-15,7.93,-5.61,96.09,0.12,1.73,47.69,1008.96,3604.7,4.68,9.052,3100.0,0.011,PM2.5-1HR
956,NOR_NO0114A,2026-01-15,10.88,-5.89,95.72,0.13,1.68,44.74,1008.93,2854.75,4.68,9.052,3100.0,0.018,PM2.5-1HR
956,NOR_NO0122A,2026-01-15,14.19,-4.9,96.22,0.11,1.77,58.3,1008.98,3195.24,5.06,9.584,3100.0,0.01,PM2.5-1HR
956,NOR_NO0149A,2026-01-15,9.02,-4.95,96.29,0.11,1.77,56.53,1008.97,2035.57,4.71,9.094,3100.0,0.292,PM2.5-1HR
956,NOR_NO0011A,2026-01-16,4.56,1.65,99.05,0.8,2.56,112.23,1009.81,11265.72,0.75,3.55,3100.0,0.041,PM2.5-1HR
956,NOR_NO0057A,2026-01-16,4.16,1.83,98.76,0.76,2.76,119.99,1009.91,733.2,0.83,3.662,3100.0,0.047,PM2.5-1HR
956,NOR_NO0073A,2026-01-16,4.38,1.75,99,0.79,2.63,114.66,1009.83,19952.48,0.8,3.62,3100.0,0.25,PM2.5-1HR
956,NOR_NO0093A,2026-01-16,5.4,1.69,99.04,0.8,2.53,111.8,1009.78,3909.25,0.75,3.55,3100.0,0.0,PM2.5-1HR
956,NOR_NO0095A,2026-01-16,4.57,1.55,99.05,0.8,2.46,109.69,1009.77,3604.7,0.68,3.452,3100.0,0.011,PM2.5-1HR
956,NOR_NO0114A,2026-01-16,7.22,1.44,99.04,0.8,2.34,105.83,1009.7,2854.75,0.89,3.746,3100.0,0.018,PM2.5-1HR
956,NOR_NO0122A,2026-01-16,7.43,1.84,98.75,0.76,2.76,120.18,1009.9,3195.24,0.83,3.662,3100.0,0.01,PM2.5-1HR
956,NOR_NO0149A,2026-01-16,13.9,1.84,98.82,0.77,2.73,118.91,1009.88,2035.57,0.8,3.62,3100.0,0.292,PM2.5-1HR
956,NOR_NO0011A,2026-01-17,3.76,0.67,99.1,0.06,1.62,357.49,1026.09,11265.72,2.95,6.63,3100.0,0.041,PM2.5-1HR
956,NOR_NO0057A,2026-01-17,3.5,0.85,99.15,0.05,1.65,2,1026.07,733.2,3.53,7.442,3100.0,0.047,PM2.5-1HR
956,NOR_NO0073A,2026-01-17,4.69,0.74,99.15,0.05,1.64,359.82,1026.08,19952.48,3.04,6.756,3100.0,0.25,PM2.5-1HR
956,NOR_NO0093A,2026-01-17,5.95,0.62,99.14,0.06,1.6,357.64,1026.08,3909.25,2.95,6.63,3100.0,0.0,PM2.5-1HR
956,NOR_NO0095A,2026-01-17,4.05,0.54,99.06,0.06,1.58,354.86,1026.1,3604.7,3.34,7.176,3100.0,0.011,PM2.5-1HR
956,NOR_NO0114A,2026-01-17,7.94,0.35,99.02,0.08,1.52,351.23,1026.11,2854.75,1.78,4.992,3100.0,0.018,PM2.5-1HR
956,NOR_NO0122A,2026-01-17,6.24,0.86,99.16,0.05,1.65,2.34,1026.07,3195.24,3.53,7.442,3100.0,0.01,PM2.5-1HR
956,NOR_NO0149A,2026-01-17,13.5,0.82,99.17,0.05,1.64,2.49,1026.07,2035.57,3.04,6.756,3100.0,0.292,PM2.5-1HR
956,NOR_NO0011A,2026-01-18,3.04,0.55,98.72,0.19,1.78,32.88,1031.88,11265.72,2.74,6.336,3100.0,0.041,PM2.5-1HR
956,NOR_NO0057A,2026-01-18,3.46,0.67,98.85,0.17,1.79,39.89,1031.86,733.2,3.21,6.994,3100.0,0.047,PM2.5-1HR
956,NOR_NO0073A,2026-01-18,4.59,0.62,98.87,0.19,1.79,34.47,1031.86,19952.48,2.76,6.364,3100.0,0.25,PM2.5-1HR
956,NOR_NO0093A,2026-01-18,4.33,0.55,98.68,0.18,1.76,31.71,1031.86,3909.25,2.74,6.336,3100.0,0.0,PM2.5-1HR
956,NOR_NO0095A,2026-01-18,3.67,0.46,98.45,0.19,1.74,31.04,1031.89,3604.7,3.1,6.84,3100.0,0.011,PM2.5-1HR
956,NOR_NO0114A,2026-01-18,7.65,0.34,98.06,0.18,1.69,27.74,1031.89,2854.75,1.27,4.278,3100.0,0.018,PM2.5-1HR
956,NOR_NO0122A,2026-01-18,6.11,0.67,98.86,0.17,1.79,40,1031.85,3195.24,3.21,6.994,3100.0,0.01,PM2.5-1HR
956,NOR_NO0149A,2026-01-18,14.37,0.67,98.88,0.17,1.78,38.37,1031.84,2035.57,2.76,6.364,3100.0,0.292,PM2.5-1HR
956,NOR_NO0083A,2026-01-19,10.55,-0.38,95.75,0.04,1.16,108.66,1027.94,4971.47,1.78,4.992,3100.0,0.017,PM2.5-1HR
956,NOR_NO0011A,2026-01-19,6.49,-0.4,95.7,0.04,1.17,109.51,1027.95,11265.72,1.78,4.992,3100.0,0.041,PM2.5-1HR
956,NOR_NO0057A,2026-01-19,4.46,-0.39,95.27,0.03,1.24,111.81,1027.98,733.2,1.89,5.146,3100.0,0.047,PM2.5-1HR
956,NOR_NO0073A,2026-01-19,6.28,-0.38,95.61,0.03,1.19,109.3,1027.96,19952.48,1.66,4.824,3100.0,0.25,PM2.5-1HR
956,NOR_NO0093A,2026-01-19,6.27,-0.37,95.74,0.04,1.17,108.18,1027.94,3909.25,1.78,4.992,3100.0,0.0,PM2.5-1HR
956,NOR_NO0095A,2026-01-19,6.51,-0.4,95.78,0.04,1.15,109.49,1027.93,3604.7,1.89,5.146,3100.0,0.011,PM2.5-1HR
956,NOR_NO0114A,2026-01-19,10.02,-0.39,95.91,0.04,1.12,108.59,1027.9,2854.75,2.22,5.608,3100.0,0.018,PM2.5-1HR
956,NOR_NO0122A,2026-01-19,8.91,-0.39,95.26,0.03,1.25,111.72,1027.98,3195.24,1.89,5.146,3100.0,0.01,PM2.5-1HR
956,NOR_NO0149A,2026-01-19,11.44,-0.38,95.37,0.03,1.23,110.59,1027.97,2035.57,1.66,4.824,3100.0,0.292,PM2.5-1HR
956,NOR_NO0011A,2026-01-20,5.64,-2.56,86.54,0,1.63,57.94,1025.56,11265.72,2.69,6.266,3100.0,0.041,PM2.5-1HR
956,NOR_NO0057A,2026-01-20,6.87,-2.63,85.45,0,1.76,58.71,1025.58,733.2,2.79,6.406,3100.0,0.047,PM2.5-1HR
956,NOR_NO0073A,2026-01-20,7.98,-2.55,86.13,0,1.68,58.56,1025.56,19952.48,2.5,6.0,3100.0,0.25,PM2.5-1HR
956,NOR_NO0083A,2026-01-20,8.98,-2.53,86.55,0,1.6,58.02,1025.55,4971.47,2.69,6.266,3100.0,0.017,PM2.5-1HR
956,NOR_NO0093A,2026-01-20,8.77,-2.51,86.4,0,1.61,58.34,1025.55,3909.25,2.69,6.266,3100.0,0.0,PM2.5-1HR
956,NOR_NO0095A,2026-01-20,6.15,-2.56,86.86,0,1.57,57.34,1025.55,3604.7,2.72,6.308,3100.0,0.011,PM2.5-1HR
956,NOR_NO0114A,2026-01-20,7.92,-2.52,87.23,0,1.47,56.62,1025.54,2854.75,3.17,6.938,3100.0,0.018,PM2.5-1HR
956,NOR_NO0122A,2026-01-20,10.12,-2.63,85.42,0,1.76,58.8,1025.58,3195.24,2.79,6.406,3100.0,0.01,PM2.5-1HR
956,NOR_NO0149A,2026-01-20,5.6,-2.59,85.57,0,1.74,58.97,1025.57,2035.57,2.5,6.0,3100.0,0.292,PM2.5-1HR
956,NOR_NO0011A,2026-01-21,3.33,-2.85,84.53,0.01,3.25,16.38,1022.59,11265.72,1.21,4.194,3100.0,0.041,PM2.5-1HR
956,NOR_NO0057A,2026-01-21,3.51,-2.64,83.29,0.01,3.29,20.48,1022.51,733.2,1.33,4.362,3100.0,0.047,PM2.5-1HR
956,NOR_NO0073A,2026-01-21,4.51,-2.73,84.11,0.01,3.28,17.42,1022.54,19952.48,1.17,4.138,3100.0,0.25,PM2.5-1HR
956,NOR_NO0083A,2026-01-21,4.78,-2.83,84.52,0.01,3.22,15.32,1022.58,4971.47,1.21,4.194,3100.0,0.017,PM2.5-1HR
956,NOR_NO0093A,2026-01-21,6.33,-2.77,84.39,0.01,3.23,15.4,1022.55,3909.25,1.21,4.194,3100.0,0.0,PM2.5-1HR
956,NOR_NO0095A,2026-01-21,3.29,-2.93,84.82,0.01,3.19,14.79,1022.63,3604.7,1.23,4.222,3100.0,0.011,PM2.5-1HR
956,NOR_NO0114A,2026-01-21,4.65,-3.01,85.13,0.01,3.11,12.05,1022.65,2854.75,1.46,4.544,3100.0,0.018,PM2.5-1HR
956,NOR_NO0122A,2026-01-21,5.11,-2.63,83.26,0.01,3.3,20.52,1022.5,3195.24,1.33,4.362,3100.0,0.01,PM2.5-1HR
956,NOR_NO0149A,2026-01-21,3.97,-2.62,83.44,0.01,3.29,19.51,1022.49,2035.57,1.17,4.138,3100.0,0.292,PM2.5-1HR
956,NOR_NO0011A,2026-01-22,1.86,-2.19,77.5,0.02,3.79,50.13,1020.88,11265.72,0.62,3.368,3100.0,0.041,PM2.5-1HR
956,NOR_NO0057A,2026-01-22,2.04,-2.09,76.2,0.02,3.94,52.1,1020.85,733.2,0.7,3.48,3100.0,0.047,PM2.5-1HR
956,NOR_NO0073A,2026-01-22,2.46,-2.12,76.97,0.02,3.84,50.3,1020.85,19952.48,0.62,3.368,3100.0,0.25,PM2.5-1HR
956,NOR_NO0083A,2026-01-22,3.26,-2.13,77.6,0.02,3.76,49.23,1020.85,4971.47,0.62,3.368,3100.0,0.017,PM2.5-1HR
956,NOR_NO0093A,2026-01-22,5.41,-2.09,77.42,0.02,3.77,49.02,1020.82,3909.25,0.62,3.368,3100.0,0.0,PM2.5-1HR
956,NOR_NO0095A,2026-01-22,1.81,-2.2,78.03,0.02,3.72,49.4,1020.88,3604.7,0.62,3.368,3100.0,0.011,PM2.5-1HR
956,NOR_NO0114A,2026-01-22,1.95,-2.18,78.7,0.03,3.62,47.82,1020.85,2854.75,0.75,3.55,3100.0,0.018,PM2.5-1HR
956,NOR_NO0122A,2026-01-22,3.23,-2.08,76.17,0.02,3.94,52.03,1020.84,3195.24,0.7,3.48,3100.0,0.01,PM2.5-1HR
956,NOR_NO0149A,2026-01-22,1.99,-2.06,76.36,0.02,3.92,51.21,1020.82,2035.57,0.62,3.368,3100.0,0.292,PM2.5-1HR
956,NOR_NO0011A,2026-01-23,4.04,-4.18,75.19,0.02,3.75,54.9,1020.78,11265.72,1.9,5.16,3100.0,0.041,PM2.5-1HR
956,NOR_NO0057A,2026-01-23,3.36,-4.08,73.95,0.01,3.9,57,1020.76,733.2,2.02,5.328,3100.0,0.047,PM2.5-1HR
956,NOR_NO0073A,2026-01-23,4.01,-4.1,74.7,0.01,3.8,55.31,1020.75,19952.48,1.81,5.034,3100.0,0.25,PM2.5-1HR
956,NOR_NO0083A,2026-01-23,5.2,-4.12,75.13,0.02,3.73,54.1,1020.74,4971.47,1.9,5.16,3100.0,0.017,PM2.5-1HR
956,NOR_NO0093A,2026-01-23,7.14,-4.07,74.94,0.02,3.75,54.03,1020.72,3909.25,1.9,5.16,3100.0,0.0,PM2.5-1HR
956,NOR_NO0095A,2026-01-23,4.07,-4.2,75.51,0.02,3.69,53.99,1020.78,3604.7,1.91,5.174,3100.0,0.011,PM2.5-1HR
956,NOR_NO0114A,2026-01-23,3.67,-4.17,75.84,0.02,3.63,52.29,1020.74,2854.75,2.26,5.664,3100.0,0.018,PM2.5-1HR
956,NOR_NO0122A,2026-01-23,4.45,-4.06,73.93,0.01,3.9,56.96,1020.75,3195.24,2.02,5.328,3100.0,0.01,PM2.5-1HR
956,NOR_NO0149A,2026-01-23,3.53,-4.03,74.09,0.01,3.89,56.26,1020.73,2035.57,1.81,5.034,3100.0,0.292,PM2.5-1HR
956,NOR_NO0011A,2026-01-24,2.98,-4.63,84.7,0.03,2.36,60.08,1020.33,11265.72,1.84,5.076,3100.0,0.041,PM2.5-1HR
956,NOR_NO0057A,2026-01-24,4.6,-4.59,83.94,0.02,2.47,63.11,1020.33,733.2,2.02,5.328,3100.0,0.047,PM2.5-1HR
956,NOR_NO0073A,2026-01-24,5.1,-4.58,84.42,0.02,2.41,60.72,1020.31,19952.48,1.78,4.992,3100.0,0.25,PM2.5-1HR
956,NOR_NO0083A,2026-01-24,5.12,-4.55,84.45,0.03,2.36,59.39,1020.3,4971.47,1.84,5.076,3100.0,0.017,PM2.5-1HR
956,NOR_NO0093A,2026-01-24,5.77,-4.51,84.33,0.03,2.38,59.39,1020.28,3909.25,1.84,5.076,3100.0,0.0,PM2.5-1HR
956,NOR_NO0095A,2026-01-24,4.32,-4.6,84.65,0.03,2.32,59.18,1020.32,3604.7,1.69,4.866,3100.0,0.011,PM2.5-1HR
956,NOR_NO0114A,2026-01-24,5.09,-4.52,84.43,0.04,2.28,57.57,1020.28,2854.75,1.73,4.922,3100.0,0.018,PM2.5-1HR
956,NOR_NO0122A,2026-01-24,6.02,-4.58,83.9,0.02,2.47,63.11,1020.32,3195.24,2.02,5.328,3100.0,0.01,PM2.5-1HR
956,NOR_NO0149A,2026-01-24,4.93,-4.55,83.97,0.02,2.47,62.29,1020.3,2035.57,1.78,4.992,3100.0,0.292,PM2.5-1HR
956,NOR_NO0114A,2026-01-25,6.3,-5.54,86.09,0.05,1.66,53.71,1016.82,2854.75,3.35,7.19,3100.0,0.018,PM2.5-1HR
956,NOR_NO0011A,2026-01-25,5.2,-5.67,86.1,0.04,1.74,56.72,1016.83,11265.72,3.51,7.414,3100.0,0.041,PM2.5-1HR
956,NOR_NO0057A,2026-01-25,5.73,-5.67,85.37,0.03,1.78,58.6,1016.83,733.2,3.85,7.89,3100.0,0.047,PM2.5-1HR
956,NOR_NO0073A,2026-01-25,6.85,-5.63,85.92,0.04,1.77,57.03,1016.82,19952.48,3.54,7.456,3100.0,0.25,PM2.5-1HR
956,NOR_NO0083A,2026-01-25,6.34,-5.59,86.03,0.04,1.73,55.75,1016.82,4971.47,3.51,7.414,3100.0,0.017,PM2.5-1HR
956,NOR_NO0093A,2026-01-25,7.09,-5.54,85.98,0.04,1.74,55.63,1016.81,3909.25,3.51,7.414,3100.0,0.0,PM2.5-1HR
956,NOR_NO0095A,2026-01-25,4.97,-5.64,86.12,0.05,1.71,55.72,1016.83,3604.7,3.12,6.868,3100.0,0.011,PM2.5-1HR
956,NOR_NO0122A,2026-01-25,8.04,-5.66,85.37,0.03,1.79,58.54,1016.82,3195.24,3.85,7.89,3100.0,0.01,PM2.5-1HR
956,NOR_NO0149A,2026-01-25,6.23,-5.62,85.52,0.03,1.79,57.82,1016.82,2035.57,3.54,7.456,3100.0,0.292,PM2.5-1HR
956,NOR_NO0011A,2026-01-26,9.32,-10.2,79.33,0,2.93,360,1015.87,11265.72,2.23,5.622,3100.0,0.041,PM2.5-1HR
956,NOR_NO0057A,2026-01-26,5.85,-9.93,78.65,0,2.94,2.48,1015.78,733.2,2.51,6.014,3100.0,0.047,PM2.5-1HR
956,NOR_NO0073A,2026-01-26,7.64,-10.05,79.1,0,2.96,0.67,1015.82,19952.48,2.21,5.594,3100.0,0.25,PM2.5-1HR
956,NOR_NO0083A,2026-01-26,19.3,-10.09,79.07,0,2.91,359.64,1015.85,4971.47,2.23,5.622,3100.0,0.017,PM2.5-1HR
956,NOR_NO0093A,2026-01-26,10.51,-10.01,78.96,0,2.92,359.74,1015.83,3909.25,2.23,5.622,3100.0,0.0,PM2.5-1HR
956,NOR_NO0095A,2026-01-26,12.67,-10.22,79.22,0,2.87,359.3,1015.89,3604.7,2.23,5.622,3100.0,0.011,PM2.5-1HR
956,NOR_NO0114A,2026-01-26,18.35,-10.18,78.91,0,2.78,358.09,1015.9,2854.75,2.38,5.832,3100.0,0.018,PM2.5-1HR
956,NOR_NO0122A,2026-01-26,6.57,-9.91,78.62,0,2.95,2.56,1015.77,3195.24,2.51,6.014,3100.0,0.01,PM2.5-1HR
956,NOR_NO0149A,2026-01-26,5.06,-9.88,78.68,0,2.96,2.12,1015.77,2035.57,2.21,5.594,3100.0,0.292,PM2.5-1HR
956,NOR_NO0057A,2026-01-27,3.62,-7.32,84.33,0,2.2,21.22,1015.68,733.2,0.93,3.802,3100.0,0.047,PM2.5-1HR
956,NOR_NO0073A,2026-01-27,3.6,-7.35,84.94,0,2.2,18.26,1015.7,19952.48,0.98,3.872,3100.0,0.25,PM2.5-1HR
956,NOR_NO0083A,2026-01-27,3.63,-7.38,84.93,0,2.16,16.96,1015.71,4971.47,0.96,3.844,3100.0,0.017,PM2.5-1HR
956,NOR_NO0093A,2026-01-27,4.95,-7.32,84.77,0,2.18,17.02,1015.69,3909.25,0.96,3.844,3100.0,0.0,PM2.5-1HR
956,NOR_NO0095A,2026-01-27,4.66,-7.5,85.16,0,2.12,16.69,1015.74,3604.7,1.02,3.928,3100.0,0.011,PM2.5-1HR
956,NOR_NO0114A,2026-01-27,2.78,-7.48,84.79,0,2.07,15.34,1015.74,2854.75,1.08,4.012,3100.0,0.018,PM2.5-1HR
956,NOR_NO0122A,2026-01-27,4.31,-7.3,84.28,0,2.2,21.29,1015.67,3195.24,0.93,3.802,3100.0,0.01,PM2.5-1HR
956,NOR_NO0011A,2026-01-27,2.39,-7.47,85.27,0,2.17,17.42,1015.73,11265.72,0.96,3.844,3100.0,0.041,PM2.5-1HR
956,NOR_NO0149A,2026-01-27,3.58,-7.25,84.33,0,2.21,20.43,1015.66,2035.57,0.98,3.872,3100.0,0.292,PM2.5-1HR
956,NOR_NO0011A,2026-01-28,2.54,-8.78,81.16,0,3.01,5.76,1016.49,11265.72,0.81,3.634,3100.0,0.041,PM2.5-1HR
956,NOR_NO0057A,2026-01-28,2.42,-8.43,80.62,0,2.99,10.03,1016.38,733.2,0.91,3.774,3100.0,0.047,PM2.5-1HR
956,NOR_NO0073A,2026-01-28,3.47,-8.61,80.98,0,3.04,6.85,1016.43,19952.48,0.81,3.634,3100.0,0.25,PM2.5-1HR
956,NOR_NO0083A,2026-01-28,7.39,-8.74,80.78,0,3,5.07,1016.48,4971.47,0.81,3.634,3100.0,0.017,PM2.5-1HR
956,NOR_NO0093A,2026-01-28,7.88,-8.66,80.68,0,3.02,5.21,1016.45,3909.25,0.81,3.634,3100.0,0.0,PM2.5-1HR
956,NOR_NO0114A,2026-01-28,2.86,-8.98,80.32,0,2.91,2.46,1016.57,2854.75,0.91,3.774,3100.0,0.018,PM2.5-1HR
956,NOR_NO0095A,2026-01-28,6.31,-8.89,80.89,0,2.96,4.52,1016.54,3604.7,0.79,3.606,3100.0,0.011,PM2.5-1HR
956,NOR_NO0122A,2026-01-28,3.86,-8.41,80.58,0,3,10.12,1016.37,3195.24,0.91,3.774,3100.0,0.01,PM2.5-1HR
956,NOR_NO0149A,2026-01-28,3.83,-8.4,80.59,0,3.02,9.22,1016.36,2035.57,0.81,3.634,3100.0,0.292,PM2.5-1HR
956,NOR_NO0011A,2026-01-29,5.59,-10.53,83.26,0,2.73,12.44,1019.48,11265.72,2.44,5.916,3100.0,0.041,PM2.5-1HR
956,NOR_NO0057A,2026-01-29,3.82,-10.31,82.87,0,2.72,16.78,1019.39,733.2,2.91,6.574,3100.0,0.047,PM2.5-1HR
956,NOR_NO0073A,2026-01-29,5.01,-10.4,83.17,0,2.76,13.39,1019.42,19952.48,2.55,6.07,3100.0,0.25,PM2.5-1HR
956,NOR_NO0083A,2026-01-29,15.34,-10.45,82.89,0,2.72,11.76,1019.45,4971.47,2.44,5.916,3100.0,0.017,PM2.5-1HR
956,NOR_NO0093A,2026-01-29,8.87,-10.38,82.83,0,2.73,11.81,1019.43,3909.25,2.44,5.916,3100.0,0.0,PM2.5-1HR
956,NOR_NO0095A,2026-01-29,6.72,-10.57,82.91,0,2.68,11.43,1019.51,3604.7,2.46,5.944,3100.0,0.011,PM2.5-1HR
956,NOR_NO0114A,2026-01-29,5.82,-10.56,82.27,0,2.62,9.61,1019.52,2854.75,2.54,6.056,3100.0,0.018,PM2.5-1HR
956,NOR_NO0122A,2026-01-29,5.29,-10.29,82.84,0,2.73,16.85,1019.38,3195.24,2.91,6.574,3100.0,0.01,PM2.5-1HR
956,NOR_NO0149A,2026-01-29,4.95,-10.26,82.85,0,2.74,15.82,1019.37,2035.57,2.55,6.07,3100.0,0.292,PM2.5-1HR
956,NOR_NO0011A,2026-01-30,3.9,-7.27,82.98,0.07,2.97,39.27,1020.39,11265.72,1.79,5.006,3100.0,0.041,PM2.5-1HR
956,NOR_NO0057A,2026-01-30,2.76,-7.02,82.24,0.05,3.03,45.28,1020.35,733.2,1.99,5.286,3100.0,0.047,PM2.5-1HR
956,NOR_NO0073A,2026-01-30,4.85,-7.12,82.79,0.06,3,40.74,1020.35,19952.48,1.75,4.95,3100.0,0.25,PM2.5-1HR
956,NOR_NO0083A,2026-01-30,4.58,-7.23,82.82,0.07,2.94,38.05,1020.36,4971.47,1.79,5.006,3100.0,0.017,PM2.5-1HR
956,NOR_NO0093A,2026-01-30,6.65,-7.16,82.75,0.07,2.95,38.18,1020.33,3909.25,1.79,5.006,3100.0,0.0,PM2.5-1HR
956,NOR_NO0095A,2026-01-30,4.05,-7.36,82.9,0.07,2.9,37.35,1020.41,3604.7,1.72,4.908,3100.0,0.011,PM2.5-1HR
956,NOR_NO0114A,2026-01-30,3.78,-7.44,82.71,0.08,2.82,34.07,1020.4,2854.75,1.72,4.908,3100.0,0.018,PM2.5-1HR
956,NOR_NO0122A,2026-01-30,4.41,-7,82.21,0.05,3.03,45.34,1020.34,3195.24,1.99,5.286,3100.0,0.01,PM2.5-1HR
956,NOR_NO0149A,2026-01-30,3.32,-6.99,82.32,0.05,3.02,43.91,1020.31,2035.57,1.75,4.95,3100.0,0.292,PM2.5-1HR
956,NOR_NO0011A,2026-02-01,5.22,-6.88,80.56,0.01,2,94.24,1025.68,11265.72,1.77,4.978,3100.0,0.041,PM2.5-1HR
956,NOR_NO0057A,2026-02-01,5.01,-6.75,79.97,0.01,2.18,98.99,1025.71,733.2,1.93,5.202,3100.0,0.047,PM2.5-1HR
956,NOR_NO0073A,2026-02-01,5.21,-6.8,80.19,0.01,2.05,95.25,1025.68,19952.48,1.7,4.88,3100.0,0.25,PM2.5-1HR
956,NOR_NO0083A,2026-02-01,12.13,-6.82,80.43,0.01,1.98,93,1025.64,4971.47,1.77,4.978,3100.0,0.017,PM2.5-1HR
956,NOR_NO0093A,2026-02-01,8.16,-6.77,80.25,0.01,1.99,92.94,1025.64,3909.25,1.77,4.978,3100.0,0.0,PM2.5-1HR
956,NOR_NO0095A,2026-02-01,4.75,-6.9,80.79,0.01,1.96,92.73,1025.65,3604.7,1.61,4.754,3100.0,0.011,PM2.5-1HR
956,NOR_NO0114A,2026-02-01,5.01,-6.83,81.08,0.01,1.9,88.87,1025.58,2854.75,2.01,5.314,3100.0,0.018,PM2.5-1HR
956,NOR_NO0122A,2026-02-01,6.04,-6.73,79.93,0.01,2.18,98.99,1025.71,3195.24,1.93,5.202,3100.0,0.01,PM2.5-1HR
956,NOR_NO0149A,2026-02-01,5.75,-6.7,79.89,0.01,2.15,97.73,1025.69,2035.57,1.7,4.88,3100.0,0.292,PM2.5-1HR
956,NOR_NO0095A,2026-02-02,4.57,-7.56,81.92,0.02,1.67,80.56,1026,3604.7,1.5,4.6,3100.0,0.011,PM2.5-1HR
956,NOR_NO0093A,2026-02-02,9.03,-7.49,81.84,0.01,1.68,79.63,1026,3909.25,1.54,4.656,3100.0,0.0,PM2.5-1HR
956,NOR_NO0083A,2026-02-02,8.49,-7.52,81.87,0.02,1.68,80.09,1026,4971.47,1.54,4.656,3100.0,0.017,PM2.5-1HR
956,NOR_NO0073A,2026-02-02,5.28,-7.54,81.82,0.01,1.73,82.03,1026.03,19952.48,1.45,4.53,3100.0,0.25,PM2.5-1HR
956,NOR_NO0057A,2026-02-02,4.38,-7.56,81.6,0.01,1.83,85.37,1026.06,733.2,1.56,4.684,3100.0,0.047,PM2.5-1HR
956,NOR_NO0011A,2026-02-02,4.49,-7.58,81.91,0.02,1.71,81.75,1026.03,11265.72,1.54,4.656,3100.0,0.041,PM2.5-1HR
956,NOR_NO0114A,2026-02-02,5.77,-7.52,81.92,0.02,1.62,77.58,1025.96,2854.75,1.88,5.132,3100.0,0.018,PM2.5-1HR
956,NOR_NO0122A,2026-02-02,5.33,-7.55,81.59,0.01,1.84,85.25,1026.06,3195.24,1.56,4.684,3100.0,0.01,PM2.5-1HR
956,NOR_NO0149A,2026-02-02,4.73,-7.51,81.63,0.01,1.8,83.8,1026.04,2035.57,1.45,4.53,3100.0,0.292,PM2.5-1HR
956,NOR_NO0011A,2026-02-03,4.69,-8.14,82.64,0.04,1.84,59.46,1027.24,11265.72,2.73,6.322,3100.0,0.041,PM2.5-1HR
956,NOR_NO0057A,2026-02-03,4.54,-8.04,82.07,0.02,1.92,66.67,1027.27,733.2,3,6.7,3100.0,0.047,PM2.5-1HR
956,NOR_NO0073A,2026-02-03,5.85,-8.07,82.46,0.03,1.87,60.73,1027.24,19952.48,2.67,6.238,3100.0,0.25,PM2.5-1HR
956,NOR_NO0083A,2026-02-03,8.8,-8.05,82.79,0.03,1.83,57.77,1027.21,4971.47,2.73,6.322,3100.0,0.017,PM2.5-1HR
956,NOR_NO0093A,2026-02-03,8.84,-8.01,82.76,0.03,1.83,57.56,1027.2,3909.25,2.73,6.322,3100.0,0.0,PM2.5-1HR
956,NOR_NO0095A,2026-02-03,4.62,-8.11,82.91,0.04,1.81,57.66,1027.23,3604.7,2.88,6.532,3100.0,0.011,PM2.5-1HR
956,NOR_NO0114A,2026-02-03,5.52,-8.02,83.35,0.04,1.76,54.04,1027.18,2854.75,2.94,6.616,3100.0,0.018,PM2.5-1HR
956,NOR_NO0122A,2026-02-03,6.23,-8.03,82.07,0.02,1.92,66.68,1027.26,3195.24,3,6.7,3100.0,0.01,PM2.5-1HR
956,NOR_NO0149A,2026-02-03,5.31,-8,82.21,0.03,1.91,64.62,1027.24,2035.57,2.67,6.238,3100.0,0.292,PM2.5-1HR
956,NOR_NO0011A,2026-02-04,3.87,-7.97,78.9,0,3.42,36.32,1024.95,11265.72,1.5,4.6,3100.0,0.041,PM2.5-1HR
956,NOR_NO0057A,2026-02-04,2.37,-8,78.65,0,3.49,39.26,1024.92,733.2,1.59,4.726,3100.0,0.047,PM2.5-1HR
956,NOR_NO0073A,2026-02-04,4.12,-7.95,78.78,0,3.46,36.72,1024.91,19952.48,1.47,4.558,3100.0,0.25,PM2.5-1HR
956,NOR_NO0083A,2026-02-04,13.33,-7.89,78.84,0,3.41,35.74,1024.9,4971.47,1.5,4.6,3100.0,0.017,PM2.5-1HR
956,NOR_NO0093A,2026-02-04,8.84,-7.86,78.79,0,3.42,35.6,1024.87,3909.25,1.5,4.6,3100.0,0.0,PM2.5-1HR
956,NOR_NO0095A,2026-02-04,5.58,-7.92,78.95,0.01,3.38,35.85,1024.94,3604.7,1.52,4.628,3100.0,0.011,PM2.5-1HR
956,NOR_NO0114A,2026-02-04,2.93,-7.79,78.96,0.01,3.31,34.79,1024.89,2854.75,1.8,5.02,3100.0,0.018,PM2.5-1HR
956,NOR_NO0122A,2026-02-04,3.53,-7.99,78.64,0,3.49,39.28,1024.91,3195.24,1.59,4.726,3100.0,0.01,PM2.5-1HR
956,NOR_NO0149A,2026-02-04,3.46,-7.94,78.66,0,3.49,38.42,1024.88,2035.57,1.47,4.558,3100.0,0.292,PM2.5-1HR
956,NOR_NO0011A,2026-02-05,3.72,-8.77,76.67,0,3.5,25.69,1018.58,11265.72,1.13,4.082,3100.0,0.041,PM2.5-1HR
956,NOR_NO0057A,2026-02-05,2.83,-8.69,76.24,0,3.55,28.09,1018.52,733.2,1.24,4.236,3100.0,0.047,PM2.5-1HR
956,NOR_NO0073A,2026-02-05,3.7,-8.69,76.5,0,3.54,26.17,1018.53,19952.48,1.1,4.04,3100.0,0.25,PM2.5-1HR
956,NOR_NO0083A,2026-02-05,28.82,-8.7,76.5,0,3.49,25.07,1018.55,4971.47,1.13,4.082,3100.0,0.017,PM2.5-1HR
956,NOR_NO0093A,2026-02-05,9.15,-8.65,76.41,0,3.5,25.04,1018.52,3909.25,1.13,4.082,3100.0,0.0,PM2.5-1HR
956,NOR_NO0095A,2026-02-05,4.64,-8.77,76.63,0,3.44,24.94,1018.6,3604.7,1.13,4.082,3100.0,0.011,PM2.5-1HR
956,NOR_NO0114A,2026-02-05,6.04,-8.72,76.45,0,3.37,23.54,1018.59,2854.75,1.41,4.474,3100.0,0.018,PM2.5-1HR
956,NOR_NO0122A,2026-02-05,3.47,-8.67,76.21,0,3.55,28.1,1018.51,3195.24,1.24,4.236,3100.0,0.01,PM2.5-1HR
956,NOR_NO0149A,2026-02-05,3.76,-8.63,76.22,0,3.56,27.44,1018.49,2035.57,1.1,4.04,3100.0,0.292,PM2.5-1HR
956,NOR_NO0011A,2026-02-06,4.09,-9.94,76.92,0.04,4.48,12.87,1014.74,11265.72,1.43,4.502,3100.0,0.041,PM2.5-1HR
956,NOR_NO0057A,2026-02-06,2.36,-9.67,76.22,0.04,4.49,15.97,1014.61,733.2,1.53,4.642,3100.0,0.047,PM2.5-1HR
956,NOR_NO0073A,2026-02-06,4.23,-9.8,76.72,0.04,4.51,13.58,1014.66,19952.48,1.39,4.446,3100.0,0.25,PM2.5-1HR
956,NOR_NO0083A,2026-02-06,28.68,-9.88,76.71,0.04,4.44,12.33,1014.71,4971.47,1.43,4.502,3100.0,0.017,PM2.5-1HR
956,NOR_NO0093A,2026-02-06,8.27,-9.81,76.63,0.04,4.45,12.38,1014.66,3909.25,1.43,4.502,3100.0,0.0,PM2.5-1HR
956,NOR_NO0095A,2026-02-06,7.3,-10,76.83,0.04,4.39,12.06,1014.78,3604.7,1.5,4.6,3100.0,0.011,PM2.5-1HR
956,NOR_NO0114A,2026-02-06,8.77,-10.02,76.58,0.04,4.28,10.64,1014.8,2854.75,1.77,4.978,3100.0,0.018,PM2.5-1HR
956,NOR_NO0122A,2026-02-06,3.93,-9.64,76.19,0.04,4.49,16.03,1014.6,3195.24,1.53,4.642,3100.0,0.01,PM2.5-1HR
956,NOR_NO0149A,2026-02-06,3.76,-9.63,76.29,0.04,4.49,15.32,1014.58,2035.57,1.39,4.446,3100.0,0.292,PM2.5-1HR
956,NOR_NO0011A,2026-02-07,2.69,-6.59,80.14,0.08,3.32,22.81,1019.52,11265.72,1.34,4.376,3100.0,0.041,PM2.5-1HR
956,NOR_NO0057A,2026-02-07,2.68,-6.49,78.44,0.08,3.36,25.92,1019.46,733.2,1.42,4.488,3100.0,0.047,PM2.5-1HR
956,NOR_NO0073A,2026-02-07,4.51,-6.51,79.66,0.08,3.36,23.68,1019.48,19952.48,1.31,4.334,3100.0,0.25,PM2.5-1HR
956,NOR_NO0083A,2026-02-07,4.21,-6.52,80.25,0.08,3.29,22.31,1019.49,4971.47,1.34,4.376,3100.0,0.017,PM2.5-1HR
956,NOR_NO0093A,2026-02-07,6.43,-6.48,80.14,0.08,3.31,22.46,1019.46,3909.25,1.34,4.376,3100.0,0.0,PM2.5-1HR
956,NOR_NO0095A,2026-02-07,3.54,-6.6,80.53,0.08,3.24,21.81,1019.53,3604.7,1.35,4.39,3100.0,0.011,PM2.5-1HR
956,NOR_NO0114A,2026-02-07,4.82,-6.56,81.05,0.08,3.14,20.18,1019.51,2854.75,1.58,4.712,3100.0,0.018,PM2.5-1HR
956,NOR_NO0122A,2026-02-07,3.97,-6.47,78.43,0.08,3.37,26,1019.45,3195.24,1.42,4.488,3100.0,0.01,PM2.5-1HR
956,NOR_NO0149A,2026-02-07,3.1,-6.44,78.81,0.08,3.37,25.41,1019.43,2035.57,1.31,4.334,3100.0,0.292,PM2.5-1HR
956,NOR_NO0011A,2026-02-08,3.77,-8.6,83.16,0,2.22,15.44,1025.47,11265.72,1.01,3.914,3100.0,0.041,PM2.5-1HR
956,NOR_NO0057A,2026-02-08,2.83,-8.43,82.62,0,2.26,18.16,1025.41,733.2,1.11,4.054,3100.0,0.047,PM2.5-1HR
956,NOR_NO0073A,2026-02-08,4.76,-8.5,82.92,0,2.27,15.71,1025.43,19952.48,1.03,3.942,3100.0,0.25,PM2.5-1HR
956,NOR_NO0083A,2026-02-08,4.67,-8.55,82.95,0,2.23,14.78,1025.45,4971.47,1.01,3.914,3100.0,0.017,PM2.5-1HR
956,NOR_NO0093A,2026-02-08,5.68,-8.5,82.82,0,2.25,14.59,1025.43,3909.25,1.01,3.914,3100.0,0.0,PM2.5-1HR
956,NOR_NO0095A,2026-02-08,6.3,-8.64,83.16,0,2.17,15.02,1025.48,3604.7,1.15,4.11,3100.0,0.011,PM2.5-1HR
956,NOR_NO0114A,2026-02-08,3.93,-8.64,82.99,0,2.12,13.91,1025.48,2854.75,1.25,4.25,3100.0,0.018,PM2.5-1HR
956,NOR_NO0122A,2026-02-08,2.88,-8.41,82.59,0,2.27,18.16,1025.4,3195.24,1.11,4.054,3100.0,0.01,PM2.5-1HR
956,NOR_NO0149A,2026-02-08,3.93,-8.39,82.6,0,2.29,17.25,1025.39,2035.57,1.03,3.942,3100.0,0.292,PM2.5-1HR
956,NOR_NO0011A,2026-02-09,6.73,-9.31,86.31,0,1.26,353.74,1017.51,11265.72,2.52,6.028,3100.0,0.041,PM2.5-1HR
956,NOR_NO0057A,2026-02-09,10.57,-8.83,85.46,0,1.2,354.06,1017.46,733.2,2.72,6.308,3100.0,0.047,PM2.5-1HR
956,NOR_NO0073A,2026-02-09,6.57,-9.11,86.08,0,1.25,353.47,1017.49,19952.48,2.48,5.972,3100.0,0.25,PM2.5-1HR
956,NOR_NO0083A,2026-02-09,8.06,-9.22,86.43,0,1.25,353.89,1017.5,4971.47,2.52,6.028,3100.0,0.017,PM2.5-1HR
956,NOR_NO0093A,2026-02-09,5.61,-9.13,86.39,0,1.25,353.71,1017.49,3909.25,2.52,6.028,3100.0,0.0,PM2.5-1HR
956,NOR_NO0095A,2026-02-09,8.45,-9.39,86.56,0,1.24,354.39,1017.52,3604.7,1.82,5.048,3100.0,0.011,PM2.5-1HR
956,NOR_NO0114A,2026-02-09,8.51,-9.4,86.92,0,1.22,355.06,1017.53,2854.75,1.7,4.88,3100.0,0.018,PM2.5-1HR
956,NOR_NO0122A,2026-02-09,13.78,-8.8,85.46,0,1.2,354.12,1017.46,3195.24,2.72,6.308,3100.0,0.01,PM2.5-1HR
956,NOR_NO0149A,2026-02-09,10.67,-8.82,85.68,0,1.22,353.99,1017.46,2035.57,2.48,5.972,3100.0,0.292,PM2.5-1HR
956,NOR_NO0011A,2026-02-10,10.54,-11.53,83.57,0,1.71,355.16,1006.08,11265.72,2.12,5.468,3100.0,0.041,PM2.5-1HR
956,NOR_NO0057A,2026-02-10,8.8,-11.01,82.81,0,1.67,357.9,1006.06,733.2,2.33,5.762,3100.0,0.047,PM2.5-1HR
956,NOR_NO0073A,2026-02-10,10.48,-11.34,83.46,0,1.72,356.07,1006.07,19952.48,2.19,5.566,3100.0,0.25,PM2.5-1HR
956,NOR_NO0083A,2026-02-10,17.53,-11.4,83.38,0,1.7,354.58,1006.08,4971.47,2.12,5.468,3100.0,0.017,PM2.5-1HR
956,NOR_NO0093A,2026-02-10,13.61,-11.32,83.36,0,1.71,354.75,1006.08,3909.25,2.12,5.468,3100.0,0.0,PM2.5-1HR
956,NOR_NO0095A,2026-02-10,11.65,-11.55,83.36,0,1.69,354.06,1006.1,3604.7,2.04,5.356,3100.0,0.011,PM2.5-1HR
956,NOR_NO0114A,2026-02-10,13.56,-11.47,83.01,0,1.65,352.04,1006.1,2854.75,2.01,5.314,3100.0,0.018,PM2.5-1HR
956,NOR_NO0122A,2026-02-10,13.28,-10.97,82.79,0,1.67,358.02,1006.06,3195.24,2.33,5.762,3100.0,0.01,PM2.5-1HR
956,NOR_NO0149A,2026-02-10,10.56,-11,82.97,0,1.68,357.64,1006.06,2035.57,2.19,5.566,3100.0,0.292,PM2.5-1HR
956,NOR_NO0057A,2026-02-11,8.46,-5.67,83.64,0,2.25,14.63,996.58,733.2,2.83,6.462,3100.0,0.047,PM2.5-1HR
956,NOR_NO0011A,2026-02-11,9.09,-5.72,84.05,0,2.23,11.4,996.62,11265.72,2.45,5.93,3100.0,0.041,PM2.5-1HR
956,NOR_NO0073A,2026-02-11,8.56,-5.67,84.06,0,2.25,12.17,996.6,19952.48,2.52,6.028,3100.0,0.25,PM2.5-1HR
956,NOR_NO0083A,2026-02-11,23.18,-5.71,83.81,0,2.19,10.72,996.61,4971.47,2.45,5.93,3100.0,0.017,PM2.5-1HR
956,NOR_NO0093A,2026-02-11,12.37,-5.68,83.83,0,2.2,10.76,996.6,3909.25,2.45,5.93,3100.0,0.0,PM2.5-1HR
956,NOR_NO0095A,2026-02-11,10.63,-5.76,83.7,0,2.17,10.41,996.63,3604.7,2.5,6.0,3100.0,0.011,PM2.5-1HR
956,NOR_NO0114A,2026-02-11,7.73,-5.79,83.14,0,2.07,8.54,996.63,2854.75,2.87,6.518,3100.0,0.018,PM2.5-1HR
956,NOR_NO0122A,2026-02-11,10.39,-5.66,83.63,0,2.25,14.69,996.58,3195.24,2.83,6.462,3100.0,0.01,PM2.5-1HR
956,NOR_NO0149A,2026-02-11,8.34,-5.65,83.75,0,2.25,13.96,996.58,2035.57,2.52,6.028,3100.0,0.292,PM2.5-1HR
956,NOR_NO0057A,2026-02-12,4.86,-7.37,74.55,0,2.38,30.63,996.63,733.2,1.68,4.852,3100.0,0.047,PM2.5-1HR
956,NOR_NO0011A,2026-02-12,5.23,-7.34,75.44,0,2.35,27.44,996.65,11265.72,1.46,4.544,3100.0,0.041,PM2.5-1HR
956,NOR_NO0073A,2026-02-12,4.59,-7.31,75.02,0,2.37,28.23,996.63,19952.48,1.52,4.628,3100.0,0.25,PM2.5-1HR
956,NOR_NO0083A,2026-02-12,20.05,-7.26,75.27,0,2.34,26.62,996.63,4971.47,1.46,4.544,3100.0,0.017,PM2.5-1HR
956,NOR_NO0093A,2026-02-12,7.15,-7.23,75.08,0,2.35,26.66,996.62,3909.25,1.46,4.544,3100.0,0.0,PM2.5-1HR
956,NOR_NO0095A,2026-02-12,4.3,-7.3,75.63,0,2.32,26.25,996.65,3604.7,1.52,4.628,3100.0,0.011,PM2.5-1HR
956,NOR_NO0114A,2026-02-12,3.11,-7.2,75.71,0,2.28,24.16,996.65,2854.75,1.73,4.922,3100.0,0.018,PM2.5-1HR
956,NOR_NO0122A,2026-02-12,13.97,-7.36,74.51,0,2.38,30.65,996.62,3195.24,1.68,4.852,3100.0,0.01,PM2.5-1HR
956,NOR_NO0149A,2026-02-12,4.85,-7.31,74.55,0,2.39,29.87,996.61,2035.57,1.52,4.628,3100.0,0.292,PM2.5-1HR
956,NOR_NO0057A,2026-02-13,6.5,-8.64,76.24,0,1.63,20.81,1003.51,733.2,1.37,4.418,3100.0,0.047,PM2.5-1HR
956,NOR_NO0011A,2026-02-13,5.77,-8.71,77.63,0,1.63,15,1003.56,11265.72,1.45,4.53,3100.0,0.041,PM2.5-1HR
956,NOR_NO0073A,2026-02-13,4.87,-8.65,77.14,0,1.64,16.44,1003.53,19952.48,1.46,4.544,3100.0,0.25,PM2.5-1HR
956,NOR_NO0083A,2026-02-13,21.77,-8.6,77.49,0,1.63,13.33,1003.55,4971.47,1.45,4.53,3100.0,0.017,PM2.5-1HR
956,NOR_NO0093A,2026-02-13,10.25,-8.55,77.31,0,1.64,13.39,1003.54,3909.25,1.45,4.53,3100.0,0.0,PM2.5-1HR
956,NOR_NO0095A,2026-02-13,6.33,-8.66,77.85,0,1.62,12.63,1003.57,3604.7,1.29,4.306,3100.0,0.011,PM2.5-1HR
956,NOR_NO0114A,2026-02-13,5.51,-8.53,77.99,0,1.6,8.5,1003.59,2854.75,1.46,4.544,3100.0,0.018,PM2.5-1HR
956,NOR_NO0122A,2026-02-13,15.04,-8.63,76.2,0,1.63,20.81,1003.51,3195.24,1.37,4.418,3100.0,0.01,PM2.5-1HR
956,NOR_NO0149A,2026-02-13,6.02,-8.58,76.37,0,1.64,19.28,1003.51,2035.57,1.46,4.544,3100.0,0.292,PM2.5-1HR
956,NOR_NO0057A,2026-02-14,16.41,-13.17,77.2,0,1.27,321.5,1014.49,733.2,4.86,9.304,3100.0,0.047,PM2.5-1HR
956,NOR_NO0011A,2026-02-14,12.94,-13.42,77.39,0,1.23,331.28,1014.54,11265.72,4.25,8.45,3100.0,0.041,PM2.5-1HR
956,NOR_NO0073A,2026-02-14,12.98,-13.28,77.3,0,1.25,328.03,1014.52,19952.48,4.48,8.772,3100.0,0.25,PM2.5-1HR
956,NOR_NO0083A,2026-02-14,24.11,-13.29,77.42,0,1.23,334.38,1014.54,4971.47,4.25,8.45,3100.0,0.017,PM2.5-1HR
956,NOR_NO0093A,2026-02-14,13.47,-13.21,77.38,0,1.25,333.98,1014.54,3909.25,4.25,8.45,3100.0,0.0,PM2.5-1HR
956,NOR_NO0095A,2026-02-14,10.68,-13.41,77.49,0,1.2,336.66,1014.56,3604.7,3.49,7.386,3100.0,0.011,PM2.5-1HR
956,NOR_NO0114A,2026-02-14,13.19,-13.32,77.64,0,1.2,340.43,1014.58,2854.75,3.23,7.022,3100.0,0.018,PM2.5-1HR
956,NOR_NO0122A,2026-02-14,31.84,-13.14,77.19,0,1.27,321.61,1014.48,3195.24,4.86,9.304,3100.0,0.01,PM2.5-1HR
956,NOR_NO0149A,2026-02-14,13.34,-13.11,77.19,0,1.27,323.22,1014.49,2035.57,4.48,8.772,3100.0,0.292,PM2.5-1HR
956,NOR_NO0011A,2026-02-15,16.24,-9.67,89.29,0.14,2.07,71.95,1013.9,11265.72,3.97,8.058,3100.0,0.041,PM2.5-1HR
956,NOR_NO0057A,2026-02-15,15.82,-9.49,89.47,0.12,2.07,100.3,1013.94,733.2,4.23,8.422,3100.0,0.047,PM2.5-1HR
956,NOR_NO0073A,2026-02-15,16.52,-9.53,89.5,0.13,2.09,79.32,1013.91,19952.48,3.71,7.694,3100.0,0.25,PM2.5-1HR
956,NOR_NO0083A,2026-02-15,22.2,-9.72,89.39,0.13,2.05,70.38,1013.89,4971.47,3.97,8.058,3100.0,0.017,PM2.5-1HR
956,NOR_NO0093A,2026-02-15,11.89,-9.66,89.51,0.14,2.06,71.85,1013.89,3909.25,3.97,8.058,3100.0,0.0,PM2.5-1HR
956,NOR_NO0095A,2026-02-15,14.13,-9.86,89.16,0.13,2.01,66.6,1013.89,3604.7,3.9,7.96,3100.0,0.011,PM2.5-1HR
956,NOR_NO0114A,2026-02-15,15.57,-10.11,89.09,0.13,1.95,60.47,1013.86,2854.75,3.89,7.946,3100.0,0.018,PM2.5-1HR
956,NOR_NO0122A,2026-02-15,19.41,-9.48,89.51,0.12,2.07,100.8,1013.94,3195.24,4.23,8.422,3100.0,0.01,PM2.5-1HR
956,NOR_NO0149A,2026-02-15,13.8,-9.46,89.61,0.13,2.08,95.07,1013.93,2035.57,3.71,7.694,3100.0,0.292,PM2.5-1HR
956,NOR_NO0011A,2026-02-16,5.12,-5.77,78.64,0.04,2.72,119.54,1005.81,11265.72,2.51,6.014,3100.0,0.041,PM2.5-1HR
956,NOR_NO0057A,2026-02-16,4.48,-5.72,77.12,0.04,2.81,122.11,1005.9,733.2,2.39,5.846,3100.0,0.047,PM2.5-1HR
956,NOR_NO0073A,2026-02-16,4.52,-5.72,78.06,0.04,2.75,120.03,1005.84,19952.48,2.35,5.79,3100.0,0.25,PM2.5-1HR
956,NOR_NO0083A,2026-02-16,6.33,-5.72,78.62,0.04,2.7,118.44,1005.78,4971.47,2.51,6.014,3100.0,0.017,PM2.5-1HR
956,NOR_NO0093A,2026-02-16,7.7,-5.69,78.42,0.04,2.71,118.33,1005.78,3909.25,2.51,6.014,3100.0,0.0,PM2.5-1HR
956,NOR_NO0095A,2026-02-16,5.24,-5.77,79.07,0.04,2.68,118.33,1005.76,3604.7,2.61,6.154,3100.0,0.011,PM2.5-1HR
956,NOR_NO0114A,2026-02-16,8.55,-5.73,79.53,0.04,2.62,116.03,1005.67,2854.75,2.99,6.686,3100.0,0.018,PM2.5-1HR
956,NOR_NO0122A,2026-02-16,10.01,-5.71,77.07,0.04,2.81,122.05,1005.9,3195.24,2.39,5.846,3100.0,0.01,PM2.5-1HR
956,NOR_NO0149A,2026-02-16,6,-5.69,77.27,0.04,2.8,121.16,1005.87,2035.57,2.35,5.79,3100.0,0.292,PM2.5-1HR
956,NOR_NO0057A,2026-02-17,8.49,-8.01,82.88,0,1.33,126.5,1010.42,733.2,3.02,6.728,3100.0,0.047,PM2.5-1HR
956,NOR_NO0011A,2026-02-17,7.61,-8.28,83.39,0,1.29,114.8,1010.42,11265.72,2.71,6.294,3100.0,0.041,PM2.5-1HR
956,NOR_NO0073A,2026-02-17,7.76,-8.15,83.11,0,1.29,117.22,1010.42,19952.48,2.66,6.224,3100.0,0.25,PM2.5-1HR
956,NOR_NO0083A,2026-02-17,8.01,-8.2,83.27,0,1.25,111.92,1010.41,4971.47,2.71,6.294,3100.0,0.017,PM2.5-1HR
956,NOR_NO0093A,2026-02-17,9.95,-8.14,83.13,0,1.25,111.67,1010.41,3909.25,2.71,6.294,3100.0,0.0,PM2.5-1HR
956,NOR_NO0095A,2026-02-17,7.74,-8.3,83.54,0,1.25,111.44,1010.42,3604.7,2.78,6.392,3100.0,0.011,PM2.5-1HR
956,NOR_NO0114A,2026-02-17,9.04,-8.28,83.59,0,1.2,104.96,1010.41,2854.75,2.92,6.588,3100.0,0.018,PM2.5-1HR
956,NOR_NO0122A,2026-02-17,19.12,-7.99,82.84,0,1.32,126.46,1010.42,3195.24,3.02,6.728,3100.0,0.01,PM2.5-1HR
956,NOR_NO0149A,2026-02-17,9.64,-7.99,82.81,0,1.3,123.38,1010.41,2035.57,2.66,6.224,3100.0,0.292,PM2.5-1HR
956,NOR_NO0093A,2026-02-18,11.58,-9.99,85.44,0.02,0.97,350.76,1012.22,3909.25,7.5,13.0,3100.0,0.0,PM2.5-1HR
956,NOR_NO0083A,2026-02-18,14.84,-10.03,85.42,0.02,0.97,350.13,1012.23,4971.47,7.5,13.0,3100.0,0.017,PM2.5-1HR
956,NOR_NO0073A,2026-02-18,14.28,-10,85.17,0.02,0.97,350.82,1012.22,19952.48,7.58,13.112,3100.0,0.25,PM2.5-1HR
956,NOR_NO0057A,2026-02-18,15.07,-9.91,85.04,0.02,0.94,348.48,1012.2,733.2,8.57,14.498,3100.0,0.047,PM2.5-1HR
956,NOR_NO0011A,2026-02-18,11.99,-10.09,85.22,0.02,0.99,349.7,1012.23,11265.72,7.5,13.0,3100.0,0.041,PM2.5-1HR
956,NOR_NO0095A,2026-02-18,9.52,-10.11,85.46,0.02,0.97,348.53,1012.23,3604.7,6.3,11.32,3100.0,0.011,PM2.5-1HR
956,NOR_NO0114A,2026-02-18,16.87,-10.1,85.86,0.02,0.94,347.42,1012.24,2854.75,5.38,10.032,3100.0,0.018,PM2.5-1HR
956,NOR_NO0122A,2026-02-18,21.34,-9.9,85.06,0.02,0.94,348.69,1012.2,3195.24,8.57,14.498,3100.0,0.01,PM2.5-1HR
956,NOR_NO0149A,2026-02-18,14.91,-9.89,85.16,0.02,0.94,350.15,1012.2,2035.57,7.58,13.112,3100.0,0.292,PM2.5-1HR
956,NOR_NO0073A,2026-02-19,14.33,-11.65,79.8,0,1.13,312.13,1016.07,19952.48,5.23,9.822,3100.0,0.25,PM2.5-1HR
956,NOR_NO0057A,2026-02-19,17.7,-11.59,80.24,0,1.18,301.82,1016.05,733.2,5.62,10.368,3100.0,0.047,PM2.5-1HR
956,NOR_NO0011A,2026-02-19,13.51,-11.71,79.43,0,1.12,315.3,1016.07,11265.72,4.82,9.248,3100.0,0.041,PM2.5-1HR
956,NOR_NO0083A,2026-02-19,14.88,-11.64,79.75,0,1.1,316.97,1016.07,4971.47,4.82,9.248,3100.0,0.017,PM2.5-1HR
956,NOR_NO0093A,2026-02-19,9.91,-11.6,79.95,0,1.11,317.22,1016.07,3909.25,4.82,9.248,3100.0,0.0,PM2.5-1HR
956,NOR_NO0095A,2026-02-19,12.56,-11.69,79.44,0,1.09,318.24,1016.07,3604.7,2.78,6.392,3100.0,0.011,PM2.5-1HR
956,NOR_NO0114A,2026-02-19,17.43,-11.63,79.72,0,1.05,326.59,1016.07,2854.75,3.05,6.77,3100.0,0.018,PM2.5-1HR
956,NOR_NO0122A,2026-02-19,21.87,-11.58,80.32,0,1.18,301.78,1016.05,3195.24,5.62,10.368,3100.0,0.01,PM2.5-1HR
956,NOR_NO0149A,2026-02-19,15.02,-11.56,80.38,0,1.16,304.72,1016.06,2035.57,5.23,9.822,3100.0,0.292,PM2.5-1HR
956,NOR_NO0057A,2026-02-20,10.73,-4.94,89.3,0.08,3.73,191.44,1013.38,733.2,4.47,8.758,3100.0,0.047,PM2.5-1HR
956,NOR_NO0011A,2026-02-20,10.85,-5.19,89.13,0.09,3.49,184.74,1013.3,11265.72,4.37,8.618,3100.0,0.041,PM2.5-1HR
956,NOR_NO0073A,2026-02-20,11.66,-5.06,89.28,0.09,3.59,185.85,1013.34,19952.48,4.03,8.142,3100.0,0.25,PM2.5-1HR
956,NOR_NO0083A,2026-02-20,14.24,-5.22,89.14,0.09,3.44,183.4,1013.3,4971.47,4.37,8.618,3100.0,0.017,PM2.5-1HR
956,NOR_NO0093A,2026-02-20,6.88,-5.16,89.21,0.09,3.48,183.35,1013.31,3909.25,4.37,8.618,3100.0,0.0,PM2.5-1HR
956,NOR_NO0095A,2026-02-20,9.21,-5.34,88.97,0.09,3.36,183.16,1013.27,3604.7,4.2,8.38,3100.0,0.011,PM2.5-1HR
956,NOR_NO0114A,2026-02-20,14.16,-5.52,88.8,0.08,3.18,180.21,1013.22,2854.75,3.92,7.988,3100.0,0.018,PM2.5-1HR
956,NOR_NO0122A,2026-02-20,16.59,-4.93,89.32,0.08,3.73,191.31,1013.39,3195.24,4.47,8.758,3100.0,0.01,PM2.5-1HR
956,NOR_NO0149A,2026-02-20,9.82,-4.94,89.39,0.08,3.7,190.84,1013.39,2035.57,4.03,8.142,3100.0,0.292,PM2.5-1HR
956,NOR_NO0011A,2026-02-21,7.3,-1.1,91.62,0.1,2.67,267.15,1002.53,11265.72,2,5.3,3100.0,0.041,PM2.5-1HR
956,NOR_NO0057A,2026-02-21,8.62,-1.09,91.78,0.11,2.86,263.16,1002.53,733.2,2.23,5.622,3100.0,0.047,PM2.5-1HR
956,NOR_NO0073A,2026-02-21,12.2,-1.03,91.75,0.1,2.75,265.93,1002.53,19952.48,2.08,5.412,3100.0,0.25,PM2.5-1HR
956,NOR_NO0083A,2026-02-21,10.91,-1.04,91.54,0.1,2.64,266.83,1002.53,4971.47,2,5.3,3100.0,0.017,PM2.5-1HR
956,NOR_NO0093A,2026-02-21,7.3,-0.99,91.59,0.1,2.66,266.45,1002.53,3909.25,2,5.3,3100.0,0.0,PM2.5-1HR
956,NOR_NO0095A,2026-02-21,6.57,-1.12,91.4,0.1,2.57,267.55,1002.54,3604.7,1.81,5.034,3100.0,0.011,PM2.5-1HR
956,NOR_NO0114A,2026-02-21,12.19,-1.1,91.1,0.09,2.44,267.81,1002.55,2854.75,1.53,4.642,3100.0,0.018,PM2.5-1HR
956,NOR_NO0122A,2026-02-21,10.78,-1.08,91.8,0.1,2.86,263.01,1002.52,3195.24,2.23,5.622,3100.0,0.01,PM2.5-1HR
956,NOR_NO0149A,2026-02-21,8.21,-1.02,91.82,0.1,2.84,263.47,1002.52,2035.57,2.08,5.412,3100.0,0.292,PM2.5-1HR
956,NOR_NO0011A,2026-02-22,8.31,-6.81,88.54,0.05,1.32,38,1009.16,11265.72,1.73,4.922,3100.0,0.041,PM2.5-1HR
956,NOR_NO0057A,2026-02-22,6.51,-6.53,87.32,0.05,1.36,43.03,1009.15,733.2,2.05,5.37,3100.0,0.047,PM2.5-1HR
956,NOR_NO0073A,2026-02-22,8,-6.7,88.24,0.04,1.34,39.24,1009.15,19952.48,1.81,5.034,3100.0,0.25,PM2.5-1HR
956,NOR_NO0083A,2026-02-22,8.83,-6.75,88.82,0.05,1.32,37.8,1009.16,4971.47,1.73,4.922,3100.0,0.017,PM2.5-1HR
956,NOR_NO0093A,2026-02-22,7.7,-6.7,88.79,0.05,1.33,38,1009.15,3909.25,1.73,4.922,3100.0,0.0,PM2.5-1HR
956,NOR_NO0095A,2026-02-22,9.28,-6.83,88.97,0.05,1.3,37.3,1009.17,3604.7,1.54,4.656,3100.0,0.011,PM2.5-1HR
956,NOR_NO0114A,2026-02-22,9.57,-6.81,89.66,0.05,1.28,36.17,1009.16,2854.75,1.49,4.586,3100.0,0.018,PM2.5-1HR
956,NOR_NO0122A,2026-02-22,7.89,-6.51,87.33,0.05,1.36,43.19,1009.15,3195.24,2.05,5.37,3100.0,0.01,PM2.5-1HR
956,NOR_NO0149A,2026-02-22,7.69,-6.52,87.67,0.05,1.36,42.3,1009.15,2035.57,1.81,5.034,3100.0,0.292,PM2.5-1HR
956,NOR_NO0011A,2026-02-23,5.08,-2.86,92,0.09,0.92,54.75,1002.65,11265.72,3.41,7.274,3100.0,0.041,PM2.5-1HR
956,NOR_NO0057A,2026-02-23,7.75,-2.59,91.7,0.08,0.98,69.19,1002.63,733.2,3.62,7.568,3100.0,0.047,PM2.5-1HR
956,NOR_NO0073A,2026-02-23,6.61,-2.77,91.91,0.09,0.95,56.28,1002.64,19952.48,3.31,7.134,3100.0,0.25,PM2.5-1HR
956,NOR_NO0083A,2026-02-23,8.17,-2.88,92.03,0.09,0.92,54.56,1002.64,4971.47,3.41,7.274,3100.0,0.017,PM2.5-1HR
956,NOR_NO0093A,2026-02-23,7.39,-2.86,92.01,0.09,0.93,54.19,1002.64,3909.25,3.41,7.274,3100.0,0.0,PM2.5-1HR
956,NOR_NO0095A,2026-02-23,5.55,-2.93,92.1,0.09,0.9,55.4,1002.65,3604.7,2.98,6.672,3100.0,0.011,PM2.5-1HR
956,NOR_NO0114A,2026-02-23,7.08,-3.03,92.23,0.09,0.87,56.2,1002.64,2854.75,2.84,6.476,3100.0,0.018,PM2.5-1HR
956,NOR_NO0122A,2026-02-23,15.46,-2.59,91.71,0.08,0.98,69.35,1002.63,3195.24,3.62,7.568,3100.0,0.01,PM2.5-1HR
956,NOR_NO0149A,2026-02-23,9.38,-2.63,91.79,0.08,0.98,64.94,1002.63,2035.57,3.31,7.134,3100.0,0.292,PM2.5-1HR
956,NOR_NO0011A,2026-02-24,3.35,-3.74,82.05,0,2.18,15.24,1018.28,11265.72,1.22,4.208,3100.0,0.041,PM2.5-1HR
956,NOR_NO0057A,2026-02-24,4.94,-3.25,80.5,0,2.26,18.36,1018.24,733.2,1.46,4.544,3100.0,0.047,PM2.5-1HR
956,NOR_NO0073A,2026-02-24,4.28,-3.61,81.67,0,2.22,15.8,1018.26,19952.48,1.29,4.306,3100.0,0.25,PM2.5-1HR
956,NOR_NO0083A,2026-02-24,3.94,-3.88,82.37,0,2.17,14.21,1018.27,4971.47,1.22,4.208,3100.0,0.017,PM2.5-1HR
956,NOR_NO0093A,2026-02-24,7.05,-3.87,82.34,0,2.19,14.08,1018.27,3909.25,1.22,4.208,3100.0,0.0,PM2.5-1HR
956,NOR_NO0095A,2026-02-24,3.02,-3.95,82.57,0,2.13,14.16,1018.29,3604.7,1.24,4.236,3100.0,0.011,PM2.5-1HR
956,NOR_NO0114A,2026-02-24,4.63,-4.28,83.39,0,2.08,11.92,1018.29,2854.75,1.3,4.32,3100.0,0.018,PM2.5-1HR
956,NOR_NO0122A,2026-02-24,6.11,-3.25,80.52,0,2.26,18.33,1018.24,3195.24,1.46,4.544,3100.0,0.01,PM2.5-1HR
956,NOR_NO0149A,2026-02-24,5.66,-3.39,80.96,0,2.26,17.36,1018.24,2035.57,1.29,4.306,3100.0,0.292,PM2.5-1HR
956,NOR_NO0073A,2026-02-25,4.24,-2.01,92.2,0.1,2.27,159.97,1019.88,19952.48,0.73,3.522,3100.0,0.25,PM2.5-1HR
956,NOR_NO0011A,2026-02-25,3.92,-2.11,92.52,0.1,2.2,159.69,1019.87,11265.72,0.79,3.606,3100.0,0.041,PM2.5-1HR
956,NOR_NO0057A,2026-02-25,3.38,-1.92,91.28,0.1,2.41,161.94,1019.9,733.2,0.8,3.62,3100.0,0.047,PM2.5-1HR
956,NOR_NO0083A,2026-02-25,4.19,-2.11,92.62,0.1,2.16,158.48,1019.86,4971.47,0.79,3.606,3100.0,0.017,PM2.5-1HR
956,NOR_NO0093A,2026-02-25,3.73,-2.07,92.56,0.1,2.18,158.26,1019.86,3909.25,0.79,3.606,3100.0,0.0,PM2.5-1HR
956,NOR_NO0095A,2026-02-25,5.1,-2.21,92.79,0.1,2.11,158.55,1019.85,3604.7,0.83,3.662,3100.0,0.011,PM2.5-1HR
956,NOR_NO0114A,2026-02-25,3.31,-2.31,93.17,0.1,1.99,156.1,1019.83,2854.75,1,3.9,3100.0,0.018,PM2.5-1HR
956,NOR_NO0122A,2026-02-25,8.98,-1.91,91.28,0.1,2.41,161.82,1019.9,3195.24,0.8,3.62,3100.0,0.01,PM2.5-1HR
956,NOR_NO0149A,2026-02-25,3.38,-1.91,91.57,0.1,2.37,160.85,1019.9,2035.57,0.73,3.522,3100.0,0.292,PM2.5-1HR
956,NOR_NO0011A,2026-02-26,5.5,1.23,98.89,0.15,2.51,191.11,1005.79,11265.72,1.16,4.124,3100.0,0.041,PM2.5-1HR
956,NOR_NO0057A,2026-02-26,5.26,1.51,98.97,0.15,2.87,194.29,1005.82,733.2,1.21,4.194,3100.0,0.047,PM2.5-1HR
956,NOR_NO0073A,2026-02-26,5.41,1.37,98.93,0.15,2.64,191.78,1005.8,19952.48,1.06,3.984,3100.0,0.25,PM2.5-1HR
956,NOR_NO0083A,2026-02-26,6.36,1.21,98.8,0.14,2.47,190.01,1005.79,4971.47,1.16,4.124,3100.0,0.017,PM2.5-1HR
956,NOR_NO0093A,2026-02-26,4.25,1.26,98.81,0.14,2.51,189.94,1005.8,3909.25,1.16,4.124,3100.0,0.0,PM2.5-1HR
956,NOR_NO0095A,2026-02-26,5.05,1.08,98.76,0.15,2.38,189.74,1005.78,3604.7,1.09,4.026,3100.0,0.011,PM2.5-1HR
956,NOR_NO0114A,2026-02-26,9.25,0.92,98.54,0.14,2.2,187.19,1005.78,2854.75,1.26,4.264,3100.0,0.018,PM2.5-1HR
956,NOR_NO0122A,2026-02-26,8.49,1.53,98.97,0.15,2.88,194.24,1005.82,3195.24,1.21,4.194,3100.0,0.01,PM2.5-1HR
956,NOR_NO0011A,2026-02-27,4.66,2.4,97.6,0,2.83,198.36,1004.57,11265.72,2.65,6.21,3100.0,0.041,PM2.5-1HR
956,NOR_NO0057A,2026-02-27,4.66,2.55,97.78,0,3.07,201.28,1004.63,733.2,2.65,6.21,3100.0,0.047,PM2.5-1HR
956,NOR_NO0073A,2026-02-27,6.29,2.47,97.69,0,2.9,198.9,1004.6,19952.48,2.3,5.72,3100.0,0.25,PM2.5-1HR
956,NOR_NO0083A,2026-02-27,8.2,2.38,97.54,0,2.79,197.29,1004.57,4971.47,2.65,6.21,3100.0,0.017,PM2.5-1HR
956,NOR_NO0093A,2026-02-27,5.95,2.4,97.57,0,2.8,197.18,1004.59,3909.25,2.65,6.21,3100.0,0.0,PM2.5-1HR
956,NOR_NO0095A,2026-02-27,5.73,2.31,97.47,0,2.74,197.16,1004.55,3604.7,2.8,6.42,3100.0,0.011,PM2.5-1HR
956,NOR_NO0114A,2026-02-27,9.1,2.21,97.26,0,2.61,194.88,1004.52,2854.75,2.97,6.658,3100.0,0.018,PM2.5-1HR
956,NOR_NO0122A,2026-02-27,7.25,2.56,97.79,0,3.07,201.21,1004.63,3195.24,2.65,6.21,3100.0,0.01,PM2.5-1HR
956,NOR_NO0073A,2026-03-01,6.09,1.11,91.75,0.23,2.06,355.15,1011.05,19952.48,0.71,3.494,3100.0,0.25,PM2.5-1HR
956,NOR_NO0057A,2026-03-01,4.71,1.1,91.83,0.23,2.06,350.76,1011.02,733.2,0.8,3.62,3100.0,0.047,PM2.5-1HR
956,NOR_NO0011A,2026-03-01,6.11,1.08,91.59,0.24,2.03,355.41,1011.06,11265.72,0.66,3.424,3100.0,0.041,PM2.5-1HR
956,NOR_NO0083A,2026-03-01,5.76,1.11,91.54,0.23,2,355.8,1011.07,4971.47,0.66,3.424,3100.0,0.017,PM2.5-1HR
956,NOR_NO0093A,2026-03-01,6.15,1.13,91.6,0.23,2.01,356.02,1011.06,3909.25,0.66,3.424,3100.0,0.0,PM2.5-1HR
956,NOR_NO0095A,2026-03-01,5.51,1.07,91.38,0.23,1.97,355.45,1011.08,3604.7,0.61,3.354,3100.0,0.011,PM2.5-1HR
956,NOR_NO0114A,2026-03-01,3.09,1.12,90.85,0.18,1.84,352.46,1011.13,2854.75,0.72,3.508,3100.0,0.018,PM2.5-1HR
956,NOR_NO0122A,2026-03-01,5.84,1.1,91.85,0.23,2.06,350.73,1011.02,3195.24,0.8,3.62,3100.0,0.01,PM2.5-1HR
956,NOR_NO0011A,2026-03-02,6.8,-0.57,98.04,0.06,1.98,119.29,1018.28,11265.72,3.62,7.568,3100.0,0.041,PM2.5-1HR
956,NOR_NO0057A,2026-03-02,7.09,-0.32,97.98,0.06,2.09,125.63,1018.31,733.2,4.48,8.772,3100.0,0.047,PM2.5-1HR
956,NOR_NO0073A,2026-03-02,9.77,-0.47,98.1,0.06,2.01,120.63,1018.29,19952.48,3.97,8.058,3100.0,0.25,PM2.5-1HR
956,NOR_NO0083A,2026-03-02,13.86,-0.58,98.1,0.06,1.93,118.39,1018.27,4971.47,3.62,7.568,3100.0,0.017,PM2.5-1HR
956,NOR_NO0093A,2026-03-02,8.35,-0.55,98.14,0.06,1.93,118.43,1018.27,3909.25,3.62,7.568,3100.0,0.0,PM2.5-1HR
956,NOR_NO0095A,2026-03-02,7.81,-0.66,98.03,0.06,1.91,118.02,1018.26,3604.7,4.02,8.128,3100.0,0.011,PM2.5-1HR
956,NOR_NO0114A,2026-03-02,8.97,-0.76,98.02,0.06,1.8,115.71,1018.23,2854.75,4.07,8.198,3100.0,0.018,PM2.5-1HR
956,NOR_NO0122A,2026-03-02,12.01,-0.31,97.99,0.06,2.09,125.71,1018.31,3195.24,4.48,8.772,3100.0,0.01,PM2.5-1HR
956,NOR_NO0011A,2026-03-03,6.26,3.82,77.97,0,3.96,212.28,1014.62,11265.72,1.72,4.908,3100.0,0.041,PM2.5-1HR
956,NOR_NO0057A,2026-03-03,7.7,3.95,77.86,0,4.24,214.2,1014.64,733.2,2.01,5.314,3100.0,0.047,PM2.5-1HR
956,NOR_NO0073A,2026-03-03,7.19,3.87,78.08,0,4.05,212.74,1014.65,19952.48,1.83,5.062,3100.0,0.25,PM2.5-1HR
956,NOR_NO0083A,2026-03-03,11.37,3.83,78.01,0,3.89,211.85,1014.64,4971.47,1.72,4.908,3100.0,0.017,PM2.5-1HR
956,NOR_NO0093A,2026-03-03,5.14,3.85,78.09,0,3.9,211.87,1014.67,3909.25,1.72,4.908,3100.0,0.0,PM2.5-1HR
956,NOR_NO0095A,2026-03-03,5.47,3.79,77.85,0,3.83,211.62,1014.61,3604.7,1.55,4.67,3100.0,0.011,PM2.5-1HR
956,NOR_NO0114A,2026-03-03,8.87,3.75,77.75,0,3.64,210.47,1014.63,2854.75,1.46,4.544,3100.0,0.018,PM2.5-1HR
956,NOR_NO0122A,2026-03-03,10.39,3.95,77.89,0,4.25,214.21,1014.65,3195.24,2.01,5.314,3100.0,0.01,PM2.5-1HR
956,NOR_NO0011A,2026-03-04,7.93,2.49,67.05,0,2.27,250.58,1021.34,11265.72,2.74,6.336,3100.0,0.041,PM2.5-1HR
956,NOR_NO0057A,2026-03-04,6.97,2.79,66.27,0,2.49,250.31,1021.32,733.2,2.9,6.56,3100.0,0.047,PM2.5-1HR
956,NOR_NO0073A,2026-03-04,9.13,2.62,66.85,0,2.32,250.54,1021.34,19952.48,2.7,6.28,3100.0,0.25,PM2.5-1HR
956,NOR_NO0083A,2026-03-04,11.11,2.52,67.19,0,2.23,250.15,1021.37,4971.47,2.74,6.336,3100.0,0.017,PM2.5-1HR
956,NOR_NO0093A,2026-03-04,11.28,2.57,67.17,0,2.23,250.09,1021.38,3909.25,2.74,6.336,3100.0,0.0,PM2.5-1HR
956,NOR_NO0095A,2026-03-04,6.74,2.41,67.3,0,2.21,250.15,1021.36,3604.7,2.72,6.308,3100.0,0.011,PM2.5-1HR
956,NOR_NO0114A,2026-03-04,7.81,2.35,67.69,0,2.11,249.32,1021.4,2854.75,2.87,6.518,3100.0,0.018,PM2.5-1HR
956,NOR_NO0122A,2026-03-04,14.37,2.8,66.28,0,2.49,250.28,1021.32,3195.24,2.9,6.56,3100.0,0.01,PM2.5-1HR
956,NOR_NO0083A,2026-03-05,10.56,-0.22,80.63,0,1.43,256.48,1022.3,4971.47,4.67,9.038,3100.0,0.017,PM2.5-1HR
956,NOR_NO0073A,2026-03-05,9.62,-0.18,80.73,0,1.45,255.17,1022.31,19952.48,4.68,9.052,3100.0,0.25,PM2.5-1HR
956,NOR_NO0011A,2026-03-05,7.6,-0.25,80.41,0,1.47,257.54,1022.3,11265.72,4.67,9.038,3100.0,0.041,PM2.5-1HR
956,NOR_NO0122A,2026-03-05,15.82,-0.12,80.96,0,1.42,248.87,1022.31,3195.24,5.42,10.088,3100.0,0.01,PM2.5-1HR
956,NOR_NO0057A,2026-03-05,8.07,-0.13,80.89,0,1.43,249.29,1022.31,733.2,5.42,10.088,3100.0,0.047,PM2.5-1HR
956,NOR_NO0093A,2026-03-05,10.32,-0.19,80.81,0,1.42,255.62,1022.3,3909.25,4.67,9.038,3100.0,0.0,PM2.5-1HR
956,NOR_NO0095A,2026-03-05,8.34,-0.28,80.32,0,1.44,257.99,1022.29,3604.7,4.09,8.226,3100.0,0.011,PM2.5-1HR
956,NOR_NO0114A,2026-03-05,8.23,-0.3,80.38,0,1.39,258.02,1022.28,2854.75,4.04,8.156,3100.0,0.018,PM2.5-1HR
956,NOR_NO0083A,2026-03-06,18.3,0.03,92.78,0.02,0.93,191.26,1022.86,4971.47,7.39,12.846,3100.0,0.017,PM2.5-1HR
956,NOR_NO0073A,2026-03-06,18.88,0.05,93.19,0.02,0.98,195.65,1022.88,19952.48,7.63,13.182,3100.0,0.25,PM2.5-1HR
956,NOR_NO0057A,2026-03-06,15.48,0.16,93.03,0.01,1.07,203.26,1022.88,733.2,8.12,13.868,3100.0,0.047,PM2.5-1HR
956,NOR_NO0011A,2026-03-06,15.58,-0.01,92.97,0.02,0.94,201.08,1022.87,11265.72,7.39,12.846,3100.0,0.041,PM2.5-1HR
956,NOR_NO0093A,2026-03-06,8.4,0.05,92.87,0.02,0.95,187.37,1022.86,3909.25,7.39,12.846,3100.0,0.0,PM2.5-1HR
956,NOR_NO0095A,2026-03-06,15.92,-0.01,92.5,0.02,0.9,200.13,1022.86,3604.7,6.77,11.978,3100.0,0.011,PM2.5-1HR
956,NOR_NO0114A,2026-03-06,18.56,0.01,91.85,0.02,0.86,189.59,1022.83,2854.75,5.97,10.858,3100.0,0.018,PM2.5-1HR
956,NOR_NO0122A,2026-03-06,20.3,0.17,93.04,0.01,1.07,202.09,1022.88,3195.24,8.12,13.868,3100.0,0.01,PM2.5-1HR
956,NOR_NO0011A,2026-03-07,17.25,2.26,93.93,0.11,1.45,23.37,1027.27,11265.72,13.04,20.756,3100.0,0.041,PM2.5-1HR
956,NOR_NO0057A,2026-03-07,16.02,2.26,94.42,0.11,1.43,27.58,1027.26,733.2,12.77,20.378,3100.0,0.047,PM2.5-1HR
956,NOR_NO0073A,2026-03-07,18.44,2.26,94.08,0.11,1.45,24.16,1027.27,19952.48,12.53,20.042,3100.0,0.25,PM2.5-1HR
956,NOR_NO0083A,2026-03-07,19.38,2.29,93.88,0.11,1.43,22.87,1027.27,4971.47,13.04,20.756,3100.0,0.017,PM2.5-1HR
956,NOR_NO0093A,2026-03-07,11.62,2.3,93.91,0.11,1.43,22.85,1027.26,3909.25,13.04,20.756,3100.0,0.0,PM2.5-1HR
956,NOR_NO0095A,2026-03-07,16.82,2.29,93.79,0.11,1.42,22.79,1027.27,3604.7,12.81,20.434,3100.0,0.011,PM2.5-1HR
956,NOR_NO0114A,2026-03-07,22.8,2.35,93.59,0.11,1.38,21.53,1027.27,2854.75,12.79,20.406,3100.0,0.018,PM2.5-1HR
956,NOR_NO0122A,2026-03-07,21.53,2.26,94.42,0.11,1.42,27.67,1027.26,3195.24,12.77,20.378,3100.0,0.01,PM2.5-1HR
956,NOR_NO0011A,2026-03-08,13.43,2.17,95.54,0.02,1.35,80.01,1027.51,11265.72,5.81,10.634,3100.0,0.041,PM2.5-1HR
956,NOR_NO0057A,2026-03-08,14.2,2.32,95.18,0.02,1.4,88.07,1027.52,733.2,6.22,11.208,3100.0,0.047,PM2.5-1HR
956,NOR_NO0073A,2026-03-08,14.74,2.22,95.49,0.02,1.37,81.96,1027.52,19952.48,5.38,10.032,3100.0,0.25,PM2.5-1HR
956,NOR_NO0083A,2026-03-08,16.21,2.2,95.58,0.03,1.34,78.7,1027.5,4971.47,5.81,10.634,3100.0,0.017,PM2.5-1HR
956,NOR_NO0093A,2026-03-08,9.88,2.22,95.59,0.03,1.35,78.88,1027.5,3909.25,5.81,10.634,3100.0,0.0,PM2.5-1HR
956,NOR_NO0095A,2026-03-08,11.48,2.15,95.58,0.03,1.32,77.89,1027.5,3604.7,5.27,9.878,3100.0,0.011,PM2.5-1HR
956,NOR_NO0114A,2026-03-08,17.04,2.16,95.65,0.03,1.29,74.29,1027.48,2854.75,4.91,9.374,3100.0,0.018,PM2.5-1HR
956,NOR_NO0122A,2026-03-08,19.59,2.32,95.18,0.02,1.4,88.19,1027.52,3195.24,6.22,11.208,3100.0,0.01,PM2.5-1HR
956,NOR_NO0011A,2026-03-09,8.4,0.8,96.67,0,1.57,187.05,1020.82,11265.72,4.58,8.912,3100.0,0.041,PM2.5-1HR
956,NOR_NO0057A,2026-03-09,9.12,0.92,96.38,0,1.72,192.01,1020.84,733.2,4.71,9.094,3100.0,0.047,PM2.5-1HR
956,NOR_NO0073A,2026-03-09,10.04,0.85,96.63,0,1.61,187.98,1020.83,19952.48,4.14,8.296,3100.0,0.25,PM2.5-1HR
956,NOR_NO0083A,2026-03-09,12.13,0.83,96.64,0,1.54,185.49,1020.81,4971.47,4.58,8.912,3100.0,0.017,PM2.5-1HR
956,NOR_NO0093A,2026-03-09,5.44,0.85,96.64,0,1.55,185.34,1020.82,3909.25,4.58,8.912,3100.0,0.0,PM2.5-1HR
956,NOR_NO0095A,2026-03-09,8.92,0.79,96.65,0,1.52,185.25,1020.8,3604.7,3.96,8.044,3100.0,0.011,PM2.5-1HR
956,NOR_NO0114A,2026-03-09,13.27,0.81,96.58,0,1.44,181.89,1020.77,2854.75,3.82,7.848,3100.0,0.018,PM2.5-1HR
956,NOR_NO0122A,2026-03-09,13.87,0.93,96.37,0,1.72,191.93,1020.84,3195.24,4.71,9.094,3100.0,0.01,PM2.5-1HR
956,NOR_NO0149A,2026-03-09,7.19,0.92,96.45,0,1.69,190.37,1020.84,2035.57,4.14,8.296,3100.0,0.292,PM2.5-1HR
956,NOR_NO0011A,2026-03-10,12.66,-0.09,98.5,0,1.99,172.91,1011.73,11265.72,4.84,9.276,3100.0,0.041,PM2.5-1HR
956,NOR_NO0057A,2026-03-10,13.73,0.06,98.41,0,2.17,178.85,1011.76,733.2,5.23,9.822,3100.0,0.047,PM2.5-1HR
956,NOR_NO0073A,2026-03-10,15.37,-0.04,98.52,0,2.05,174.42,1011.74,19952.48,4.66,9.024,3100.0,0.25,PM2.5-1HR
956,NOR_NO0083A,2026-03-10,17.03,-0.08,98.45,0,1.96,171.72,1011.72,4971.47,4.84,9.276,3100.0,0.017,PM2.5-1HR
956,NOR_NO0093A,2026-03-10,7.19,-0.07,98.46,0,1.98,171.89,1011.73,3909.25,4.84,9.276,3100.0,0.0,PM2.5-1HR
956,NOR_NO0095A,2026-03-10,11.47,-0.12,98.42,0,1.91,170.89,1011.71,3604.7,4.62,8.968,3100.0,0.011,PM2.5-1HR
956,NOR_NO0114A,2026-03-10,16.43,-0.13,98.29,0,1.81,167.56,1011.68,2854.75,4.44,8.716,3100.0,0.018,PM2.5-1HR
956,NOR_NO0122A,2026-03-10,20.48,0.06,98.42,0,2.17,178.85,1011.76,3195.24,5.23,9.822,3100.0,0.01,PM2.5-1HR
956,NOR_NO0149A,2026-03-10,13.1,0.04,98.46,0,2.15,177.4,1011.76,2035.57,4.66,9.024,3100.0,0.292,PM2.5-1HR
956,NOR_NO0011A,2026-03-11,6.49,2.41,97.16,0.13,3.58,177.52,1002.8,11265.72,2.08,5.412,3100.0,0.041,PM2.5-1HR
956,NOR_NO0057A,2026-03-11,4.84,2.54,97.09,0.12,3.77,180.35,1002.89,733.2,2.18,5.552,3100.0,0.047,PM2.5-1HR
956,NOR_NO0073A,2026-03-11,6.39,2.48,97.16,0.12,3.67,178.41,1002.84,19952.48,1.95,5.23,3100.0,0.25,PM2.5-1HR
956,NOR_NO0083A,2026-03-11,8.39,2.42,97.15,0.12,3.54,176.94,1002.79,4971.47,2.08,5.412,3100.0,0.017,PM2.5-1HR
956,NOR_NO0093A,2026-03-11,4.41,2.45,97.15,0.12,3.56,177.12,1002.81,3909.25,2.08,5.412,3100.0,0.0,PM2.5-1HR
956,NOR_NO0095A,2026-03-11,4.21,2.36,97.13,0.12,3.47,176.31,1002.75,3604.7,2.01,5.314,3100.0,0.011,PM2.5-1HR
956,NOR_NO0114A,2026-03-11,9.11,2.32,97.09,0.12,3.31,174.43,1002.7,2854.75,2.11,5.454,3100.0,0.018,PM2.5-1HR
956,NOR_NO0122A,2026-03-11,8.69,2.55,97.09,0.12,3.77,180.39,1002.9,3195.24,2.18,5.552,3100.0,0.01,PM2.5-1HR
956,NOR_NO0149A,2026-03-11,5.85,2.55,97.12,0.12,3.75,179.82,1002.89,2035.57,1.95,5.23,3100.0,0.292,PM2.5-1HR
956,NOR_NO0011A,2026-03-12,4.96,3.06,92.34,0.34,5.57,187,1000.18,11265.72,1.84,5.076,3100.0,0.041,PM2.5-1HR
956,NOR_NO0057A,2026-03-12,3.52,3.19,92.31,0.35,5.79,189.19,1000.34,733.2,1.89,5.146,3100.0,0.047,PM2.5-1HR
956,NOR_NO0073A,2026-03-12,5.44,3.13,92.38,0.34,5.67,187.57,1000.26,19952.48,1.66,4.824,3100.0,0.25,PM2.5-1HR
956,NOR_NO0083A,2026-03-12,7.38,3.06,92.29,0.34,5.52,186.56,1000.17,4971.47,1.84,5.076,3100.0,0.017,PM2.5-1HR
956,NOR_NO0093A,2026-03-12,6.24,3.09,92.31,0.34,5.54,186.63,1000.2,3909.25,1.84,5.076,3100.0,0.0,PM2.5-1HR
956,NOR_NO0095A,2026-03-12,4.46,3,92.24,0.34,5.43,186.24,1000.1,3604.7,1.83,5.062,3100.0,0.011,PM2.5-1HR
956,NOR_NO0114A,2026-03-12,7.12,2.93,92.08,0.34,5.23,185.02,1000.01,2854.75,2.19,5.566,3100.0,0.018,PM2.5-1HR
956,NOR_NO0122A,2026-03-12,7.07,3.2,92.31,0.35,5.79,189.21,1000.35,3195.24,1.89,5.146,3100.0,0.01,PM2.5-1HR
956,NOR_NO0149A,2026-03-12,5.89,3.2,92.34,0.35,5.77,188.71,1000.35,2035.57,1.66,4.824,3100.0,0.292,PM2.5-1HR
956,NOR_NO0011A,2026-03-13,6.08,4.16,89.21,0.75,6.33,182.88,989.2,11265.72,1.34,4.376,3100.0,0.041,PM2.5-1HR
956,NOR_NO0057A,2026-03-13,5.05,4.21,89.45,0.82,6.6,184.83,989.41,733.2,1.59,4.726,3100.0,0.047,PM2.5-1HR
956,NOR_NO0073A,2026-03-13,5.14,4.2,89.26,0.77,6.45,183.55,989.29,19952.48,1.42,4.488,3100.0,0.25,PM2.5-1HR
956,NOR_NO0083A,2026-03-13,7.33,4.18,89.05,0.74,6.25,182.61,989.19,4971.47,1.34,4.376,3100.0,0.017,PM2.5-1HR
956,NOR_NO0093A,2026-03-13,7.28,4.2,89.03,0.74,6.29,182.79,989.22,3909.25,1.34,4.376,3100.0,0.0,PM2.5-1HR
956,NOR_NO0095A,2026-03-13,3.65,4.14,89.03,0.72,6.15,182.11,989.11,3604.7,1.09,4.026,3100.0,0.011,PM2.5-1HR
956,NOR_NO0114A,2026-03-13,5.63,4.13,88.69,0.68,5.88,180.98,989.01,2854.75,1.2,4.18,3100.0,0.018,PM2.5-1HR
956,NOR_NO0122A,2026-03-13,7.23,4.22,89.44,0.82,6.61,184.88,989.42,3195.24,1.59,4.726,3100.0,0.01,PM2.5-1HR
956,NOR_NO0149A,2026-03-13,3.41,4.23,89.35,0.8,6.57,184.57,989.41,2035.57,1.42,4.488,3100.0,0.292,PM2.5-1HR
956,NOR_NO0011A,2026-03-14,8.22,3.02,91.55,0.03,2.74,175.27,998.98,11265.72,4.76,9.164,3100.0,0.041,PM2.5-1HR
956,NOR_NO0057A,2026-03-14,5.74,3.08,91.54,0.03,2.84,178.04,999.05,733.2,5.21,9.794,3100.0,0.047,PM2.5-1HR
956,NOR_NO0073A,2026-03-14,6.86,3.05,91.58,0.03,2.78,176.11,999.01,19952.48,4.64,8.996,3100.0,0.25,PM2.5-1HR
956,NOR_NO0083A,2026-03-14,12.59,3.01,91.48,0.02,2.71,174.59,998.97,4971.47,4.76,9.164,3100.0,0.017,PM2.5-1HR
956,NOR_NO0093A,2026-03-14,8.98,3.02,91.49,0.02,2.72,174.73,998.98,3909.25,4.76,9.164,3100.0,0.0,PM2.5-1HR
956,NOR_NO0095A,2026-03-14,4.57,2.98,91.44,0.02,2.67,174.02,998.94,3604.7,4.98,9.472,3100.0,0.011,PM2.5-1HR
956,NOR_NO0114A,2026-03-14,10.39,2.94,91.26,0.02,2.57,172.01,998.9,2854.75,5.26,9.864,3100.0,0.018,PM2.5-1HR
956,NOR_NO0122A,2026-03-14,10.45,3.08,91.54,0.03,2.84,178.06,999.05,3195.24,5.21,9.794,3100.0,0.01,PM2.5-1HR
956,NOR_NO0011A,2026-03-15,3.5,2.56,88.72,0.02,3.54,189.38,1005.3,11265.72,1.49,4.586,3100.0,0.041,PM2.5-1HR
956,NOR_NO0057A,2026-03-15,3.03,2.64,88.58,0.02,3.68,191.54,1005.38,733.2,1.53,4.642,3100.0,0.047,PM2.5-1HR
956,NOR_NO0073A,2026-03-15,3.94,2.61,88.74,0.02,3.59,189.96,1005.34,19952.48,1.35,4.39,3100.0,0.25,PM2.5-1HR
956,NOR_NO0083A,2026-03-15,5.4,2.55,88.72,0.02,3.5,188.89,1005.29,4971.47,1.49,4.586,3100.0,0.017,PM2.5-1HR
956,NOR_NO0093A,2026-03-15,4.64,2.57,88.75,0.02,3.51,188.96,1005.3,3909.25,1.49,4.586,3100.0,0.0,PM2.5-1HR
956,NOR_NO0095A,2026-03-15,3.49,2.51,88.66,0.02,3.46,188.55,1005.25,3604.7,1.45,4.53,3100.0,0.011,PM2.5-1HR
956,NOR_NO0114A,2026-03-15,5.05,2.44,88.61,0.02,3.34,187.18,1005.2,2854.75,1.7,4.88,3100.0,0.018,PM2.5-1HR
956,NOR_NO0122A,2026-03-15,5.73,2.65,88.59,0.02,3.68,191.55,1005.38,3195.24,1.53,4.642,3100.0,0.01,PM2.5-1HR
956,NOR_NO0057A,2026-03-16,3.23,2.62,95.14,0.48,4.08,170.03,1003.95,733.2,2.73,6.322,3100.0,0.047,PM2.5-1HR
956,NOR_NO0073A,2026-03-16,5.21,2.61,95.26,0.49,3.99,168.49,1003.88,19952.48,2.35,5.79,3100.0,0.25,PM2.5-1HR
956,NOR_NO0011A,2026-03-16,4.72,2.56,95.32,0.49,3.92,167.82,1003.83,11265.72,2.67,6.238,3100.0,0.041,PM2.5-1HR
956,NOR_NO0083A,2026-03-16,6.8,2.58,95.31,0.49,3.87,167.37,1003.81,4971.47,2.67,6.238,3100.0,0.017,PM2.5-1HR
956,NOR_NO0093A,2026-03-16,6.2,2.61,95.29,0.49,3.89,167.5,1003.82,3909.25,2.67,6.238,3100.0,0.0,PM2.5-1HR
956,NOR_NO0095A,2026-03-16,6.35,2.54,95.35,0.48,3.81,166.91,1003.78,3604.7,2.67,6.238,3100.0,0.011,PM2.5-1HR
956,NOR_NO0114A,2026-03-16,9.74,2.53,95.37,0.48,3.65,165.54,1003.69,2854.75,2.97,6.658,3100.0,0.018,PM2.5-1HR
956,NOR_NO0122A,2026-03-16,9.02,2.63,95.13,0.48,4.08,170.06,1003.95,3195.24,2.73,6.322,3100.0,0.01,PM2.5-1HR
956,NOR_NO0057A,2026-03-17,4.8,2.46,95.44,0.01,3.52,180.25,1016.17,733.2,1.87,5.118,3100.0,0.047,PM2.5-1HR
956,NOR_NO0011A,2026-03-17,4.3,2.27,95.64,0.01,3.3,176.92,1016.11,11265.72,1.92,5.188,3100.0,0.041,PM2.5-1HR
956,NOR_NO0073A,2026-03-17,4.89,2.35,95.61,0.01,3.39,177.56,1016.14,19952.48,1.7,4.88,3100.0,0.25,PM2.5-1HR
956,NOR_NO0083A,2026-03-17,6.3,2.26,95.62,0.01,3.25,176.25,1016.1,4971.47,1.92,5.188,3100.0,0.017,PM2.5-1HR
956,NOR_NO0093A,2026-03-17,6.23,2.28,95.61,0.01,3.27,176.22,1016.12,3909.25,1.92,5.188,3100.0,0.0,PM2.5-1HR
956,NOR_NO0095A,2026-03-17,4.84,2.19,95.63,0.01,3.18,176.07,1016.08,3604.7,1.98,5.272,3100.0,0.011,PM2.5-1HR
956,NOR_NO0114A,2026-03-17,6.64,2.09,95.58,0.01,3.01,174.56,1016.03,2854.75,2.24,5.636,3100.0,0.018,PM2.5-1HR
956,NOR_NO0122A,2026-03-17,8.04,2.47,95.43,0.01,3.53,180.23,1016.17,3195.24,1.87,5.118,3100.0,0.01,PM2.5-1HR
956,NOR_NO0083A,2026-03-18,16.83,5.71,92.53,0,4.01,194.2,1022,4971.47,4.7,9.08,3100.0,0.017,PM2.5-1HR
956,NOR_NO0073A,2026-03-18,12.88,5.75,92.72,0,4.15,195.16,1022.04,19952.48,4.76,9.164,3100.0,0.25,PM2.5-1HR
956,NOR_NO0057A,2026-03-18,10.56,5.81,92.79,0,4.3,197.03,1022.07,733.2,5.27,9.878,3100.0,0.047,PM2.5-1HR
956,NOR_NO0011A,2026-03-18,11.2,5.73,92.61,0,4.07,194.69,1021.99,11265.72,4.7,9.08,3100.0,0.041,PM2.5-1HR
956,NOR_NO0093A,2026-03-18,8.95,5.71,92.56,0,4.03,194.18,1022.02,3909.25,4.7,9.08,3100.0,0.0,PM2.5-1HR
956,NOR_NO0095A,2026-03-18,10.41,5.7,92.42,0,3.95,194.06,1021.95,3604.7,4.54,8.856,3100.0,0.011,PM2.5-1HR
956,NOR_NO0114A,2026-03-18,15.77,5.64,92.15,0,3.78,192.9,1021.91,2854.75,4.11,8.254,3100.0,0.018,PM2.5-1HR
956,NOR_NO0122A,2026-03-18,16.12,5.81,92.79,0,4.31,197.03,1022.08,3195.24,5.27,9.878,3100.0,0.01,PM2.5-1HR
956,NOR_NO0073A,2026-03-19,8.9,5.75,77.28,0,1.58,295.07,1023.05,19952.48,4.2,8.38,3100.0,0.25,PM2.5-1HR
956,NOR_NO0057A,2026-03-19,9.32,5.82,77.24,0,1.62,293.03,1023.03,733.2,4.61,8.954,3100.0,0.047,PM2.5-1HR
956,NOR_NO0011A,2026-03-19,9.14,5.67,77.21,0,1.57,295.29,1023.06,11265.72,4.3,8.52,3100.0,0.041,PM2.5-1HR
956,NOR_NO0083A,2026-03-19,15.11,5.6,77.21,0,1.56,295.13,1023.08,4971.47,4.3,8.52,3100.0,0.017,PM2.5-1HR
956,NOR_NO0093A,2026-03-19,8.48,5.63,77.24,0,1.56,295.2,1023.08,3909.25,4.3,8.52,3100.0,0.0,PM2.5-1HR
956,NOR_NO0095A,2026-03-19,8.18,5.52,77.13,0,1.55,294.96,1023.08,3604.7,3.8,7.82,3100.0,0.011,PM2.5-1HR
956,NOR_NO0114A,2026-03-19,10.93,5.31,77.03,0,1.53,294.46,1023.12,2854.75,3.68,7.652,3100.0,0.018,PM2.5-1HR
956,NOR_NO0122A,2026-03-19,18.2,5.82,77.26,0,1.62,293.02,1023.03,3195.24,4.61,8.954,3100.0,0.01,PM2.5-1HR
956,NOR_NO0093A,2026-03-20,6.49,4.79,71.99,0,1.73,237.53,1021.01,3909.25,2.64,6.196,3100.0,0.0,PM2.5-1HR
956,NOR_NO0083A,2026-03-20,10.27,4.77,71.97,0,1.72,237.82,1021,4971.47,2.64,6.196,3100.0,0.017,PM2.5-1HR
956,NOR_NO0073A,2026-03-20,5.02,4.89,71.85,0,1.77,238.31,1021,19952.48,2.76,6.364,3100.0,0.25,PM2.5-1HR
956,NOR_NO0057A,2026-03-20,6.3,4.94,71.61,0,1.82,238.07,1021,733.2,3.18,6.952,3100.0,0.047,PM2.5-1HR
956,NOR_NO0011A,2026-03-20,5.3,4.81,71.89,0,1.74,238.49,1020.99,11265.72,2.64,6.196,3100.0,0.041,PM2.5-1HR
956,NOR_NO0095A,2026-03-20,3.94,4.69,71.96,0,1.71,238.22,1020.99,3604.7,1.75,4.95,3100.0,0.011,PM2.5-1HR
956,NOR_NO0114A,2026-03-20,9.42,4.54,72.11,0,1.65,237.37,1021,2854.75,2.09,5.426,3100.0,0.018,PM2.5-1HR
956,NOR_NO0122A,2026-03-20,18.57,4.95,71.61,0,1.82,237.97,1021,3195.24,3.18,6.952,3100.0,0.01,PM2.5-1HR
956,NOR_NO0011A,2026-03-21,5.43,3.52,86.38,0,2.15,185.53,1018.19,11265.72,1.79,5.006,3100.0,0.041,PM2.5-1HR
956,NOR_NO0057A,2026-03-21,4.79,3.58,86.23,0,2.35,190.57,1018.24,733.2,1.64,4.796,3100.0,0.047,PM2.5-1HR
956,NOR_NO0073A,2026-03-21,4.28,3.57,86.39,0,2.22,186.15,1018.22,19952.48,1.49,4.586,3100.0,0.25,PM2.5-1HR
956,NOR_NO0083A,2026-03-21,8.24,3.49,86.34,0,2.11,184.16,1018.18,4971.47,1.79,5.006,3100.0,0.017,PM2.5-1HR
956,NOR_NO0093A,2026-03-21,6.34,3.51,86.35,0,2.13,183.83,1018.19,3909.25,1.79,5.006,3100.0,0.0,PM2.5-1HR
956,NOR_NO0095A,2026-03-21,5.05,3.42,86.31,0,2.05,184.41,1018.15,3604.7,1.54,4.656,3100.0,0.011,PM2.5-1HR
956,NOR_NO0114A,2026-03-21,7.71,3.3,86.17,0,1.92,181.86,1018.11,2854.75,1.62,4.768,3100.0,0.018,PM2.5-1HR
956,NOR_NO0122A,2026-03-21,9.3,3.59,86.23,0,2.36,190.46,1018.24,3195.24,1.64,4.796,3100.0,0.01,PM2.5-1HR
956,NOR_NO0011A,2026-03-22,8.37,3.54,83.83,0,4.57,186.83,1014.18,11265.72,2.6,6.14,3100.0,0.041,PM2.5-1HR
956,NOR_NO0057A,2026-03-22,8.45,3.52,84.1,0,4.85,190.45,1014.29,733.2,2.52,6.028,3100.0,0.047,PM2.5-1HR
956,NOR_NO0073A,2026-03-22,9.57,3.56,83.99,0,4.69,187.76,1014.24,19952.48,2.41,5.874,3100.0,0.25,PM2.5-1HR
956,NOR_NO0083A,2026-03-22,11.95,3.56,83.61,0,4.51,186.22,1014.18,4971.47,2.6,6.14,3100.0,0.017,PM2.5-1HR
956,NOR_NO0093A,2026-03-22,6.69,3.58,83.64,0,4.55,186.34,1014.2,3909.25,2.6,6.14,3100.0,0.0,PM2.5-1HR
956,NOR_NO0095A,2026-03-22,6.95,3.53,83.48,0,4.41,185.71,1014.12,3604.7,2.62,6.168,3100.0,0.011,PM2.5-1HR
956,NOR_NO0114A,2026-03-22,10.89,3.54,82.9,0,4.2,183.86,1014.06,2854.75,2.8,6.42,3100.0,0.018,PM2.5-1HR
956,NOR_NO0122A,2026-03-22,12.81,3.52,84.1,0,4.85,190.48,1014.29,3195.24,2.52,6.028,3100.0,0.01,PM2.5-1HR
956,NOR_NO0011A,2026-03-23,9.17,4.92,59.58,0,3.12,234.07,1011.04,11265.72,2.91,6.574,3100.0,0.041,PM2.5-1HR
956,NOR_NO0057A,2026-03-23,10.17,5.02,59.44,0,3.28,234.49,1011.04,733.2,3.02,6.728,3100.0,0.047,PM2.5-1HR
956,NOR_NO0073A,2026-03-23,8.24,5,59.53,0,3.15,233.91,1011.05,19952.48,2.71,6.294,3100.0,0.25,PM2.5-1HR
956,NOR_NO0083A,2026-03-23,17.87,4.9,59.8,0,3.07,233.73,1011.07,4971.47,2.91,6.574,3100.0,0.017,PM2.5-1HR
956,NOR_NO0093A,2026-03-23,7.16,4.94,59.81,0,3.06,233.55,1011.08,3909.25,2.91,6.574,3100.0,0.0,PM2.5-1HR
956,NOR_NO0095A,2026-03-23,9.03,4.82,59.86,0,3.06,234.02,1011.05,3604.7,2.42,5.888,3100.0,0.011,PM2.5-1HR
956,NOR_NO0114A,2026-03-23,13.13,4.69,60.32,0,2.95,233.71,1011.09,2854.75,2.8,6.42,3100.0,0.018,PM2.5-1HR
956,NOR_NO0122A,2026-03-23,16.44,5.03,59.46,0,3.28,234.44,1011.04,3195.24,3.02,6.728,3100.0,0.01,PM2.5-1HR
956,NOR_NO0114A,2026-03-24,11.66,5.06,77.17,0.01,4.55,190.4,997.62,2854.75,1.64,4.796,3100.0,0.018,PM2.5-1HR
956,NOR_NO0095A,2026-03-24,9.07,5.08,77.93,0.01,4.73,191.03,997.67,3604.7,1.52,4.628,3100.0,0.011,PM2.5-1HR
956,NOR_NO0093A,2026-03-24,7.62,5.15,78.35,0.01,4.81,191.03,997.75,3909.25,1.63,4.782,3100.0,0.0,PM2.5-1HR
956,NOR_NO0083A,2026-03-24,13.1,5.12,78.24,0.01,4.79,191.07,997.73,4971.47,1.63,4.782,3100.0,0.017,PM2.5-1HR
956,NOR_NO0073A,2026-03-24,9.53,5.15,78.85,0.02,4.93,191.62,997.78,19952.48,1.59,4.726,3100.0,0.25,PM2.5-1HR
956,NOR_NO0057A,2026-03-24,9.33,5.12,79.35,0.02,5.08,192.83,997.84,733.2,1.5,4.6,3100.0,0.047,PM2.5-1HR
956,NOR_NO0011A,2026-03-24,10.21,5.11,78.46,0.02,4.85,191.38,997.72,11265.72,1.63,4.782,3100.0,0.041,PM2.5-1HR
956,NOR_NO0122A,2026-03-24,13.83,5.12,79.38,0.02,5.09,192.83,997.85,3195.24,1.5,4.6,3100.0,0.01,PM2.5-1HR
956,NOR_NO0095A,2026-03-25,3.48,4.15,84.31,0.28,2.41,300.84,979.76,3604.7,0.81,3.634,3100.0,0.011,PM2.5-1HR
956,NOR_NO0011A,2026-03-25,5.29,4.14,85.26,0.3,2.48,299.69,979.75,11265.72,0.8,3.62,3100.0,0.041,PM2.5-1HR
956,NOR_NO0057A,2026-03-25,3.15,4.1,86.44,0.36,2.62,297.15,979.74,733.2,0.8,3.62,3100.0,0.047,PM2.5-1HR
956,NOR_NO0073A,2026-03-25,4.63,4.14,85.89,0.32,2.53,298.66,979.75,19952.48,0.82,3.648,3100.0,0.25,PM2.5-1HR
956,NOR_NO0083A,2026-03-25,8.12,4.17,84.88,0.3,2.45,299.96,979.75,4971.47,0.8,3.62,3100.0,0.017,PM2.5-1HR
956,NOR_NO0093A,2026-03-25,6.79,4.17,85.08,0.31,2.47,299.63,979.75,3909.25,0.8,3.62,3100.0,0.0,PM2.5-1HR
956,NOR_NO0114A,2026-03-25,6.76,4.2,82.98,0.26,2.33,302.25,979.77,2854.75,0.77,3.578,3100.0,0.018,PM2.5-1HR
956,NOR_NO0122A,2026-03-25,11.39,4.11,86.48,0.36,2.62,297.05,979.74,3195.24,0.8,3.62,3100.0,0.01,PM2.5-1HR
956,NOR_NO0011A,2026-03-26,3.26,5.53,52.58,0.01,3.46,301.66,995.46,11265.72,2.18,5.552,3100.0,0.041,PM2.5-1HR
956,NOR_NO0057A,2026-03-26,3.98,5.53,53.24,0.02,3.54,302.56,995.35,733.2,2.63,6.182,3100.0,0.047,PM2.5-1HR
956,NOR_NO0073A,2026-03-26,3.19,5.58,52.71,0.01,3.49,302.2,995.42,19952.48,2.37,5.818,3100.0,0.25,PM2.5-1HR
956,NOR_NO0083A,2026-03-26,8.25,5.55,52.45,0.01,3.44,301.65,995.49,4971.47,2.18,5.552,3100.0,0.017,PM2.5-1HR
956,NOR_NO0093A,2026-03-26,8.73,5.58,52.44,0.01,3.44,301.88,995.48,3909.25,2.18,5.552,3100.0,0.0,PM2.5-1HR
956,NOR_NO0095A,2026-03-26,3.7,5.49,52.45,0.01,3.41,301.11,995.51,3604.7,2.06,5.384,3100.0,0.011,PM2.5-1HR
956,NOR_NO0114A,2026-03-26,6.26,5.46,52.15,0.01,3.34,300.48,995.61,2854.75,2.4,5.86,3100.0,0.018,PM2.5-1HR
956,NOR_NO0122A,2026-03-26,12.71,5.54,53.25,0.02,3.54,302.63,995.35,3195.24,2.63,6.182,3100.0,0.01,PM2.5-1HR
956,NOR_NO0011A,2026-03-27,4.03,2.24,74.1,0.14,3.08,214.65,1010.16,11265.72,1.31,4.334,3100.0,0.041,PM2.5-1HR
956,NOR_NO0057A,2026-03-27,5.29,2.33,73.76,0.13,3.18,214.6,1010.2,733.2,1.48,4.572,3100.0,0.047,PM2.5-1HR
956,NOR_NO0073A,2026-03-27,4.16,2.3,74.1,0.14,3.12,214.43,1010.19,19952.48,1.27,4.278,3100.0,0.25,PM2.5-1HR
956,NOR_NO0083A,2026-03-27,6.77,2.25,74.07,0.14,3.04,213.87,1010.17,4971.47,1.31,4.334,3100.0,0.017,PM2.5-1HR
956,NOR_NO0093A,2026-03-27,6.11,2.28,74.1,0.14,3.06,213.53,1010.18,3909.25,1.31,4.334,3100.0,0.0,PM2.5-1HR
956,NOR_NO0095A,2026-03-27,4.44,2.19,74,0.14,3.01,214.08,1010.14,3604.7,1.03,3.942,3100.0,0.011,PM2.5-1HR
956,NOR_NO0114A,2026-03-27,5.26,2.14,73.85,0.14,2.91,212.84,1010.13,2854.75,1.21,4.194,3100.0,0.018,PM2.5-1HR
956,NOR_NO0122A,2026-03-27,12.47,2.34,73.76,0.13,3.19,214.46,1010.21,3195.24,1.48,4.572,3100.0,0.01,PM2.5-1HR
956,NOR_NO0083A,2026-03-28,9.21,3.52,85.69,0.04,2.28,195.62,1008.05,4971.47,2.21,5.594,3100.0,0.017,PM2.5-1HR
956,NOR_NO0073A,2026-03-28,5.82,3.57,85.98,0.04,2.35,196.27,1008.08,19952.48,2.25,5.65,3100.0,0.25,PM2.5-1HR
956,NOR_NO0057A,2026-03-28,5.48,3.6,86.15,0.05,2.45,197.67,1008.11,733.2,2.58,6.112,3100.0,0.047,PM2.5-1HR
956,NOR_NO0011A,2026-03-28,5.1,3.51,85.88,0.04,2.3,196.12,1008.06,11265.72,2.21,5.594,3100.0,0.041,PM2.5-1HR
956,NOR_NO0122A,2026-03-28,8,3.6,86.14,0.05,2.45,197.62,1008.11,3195.24,2.58,6.112,3100.0,0.01,PM2.5-1HR
956,NOR_NO0093A,2026-03-28,6.32,3.54,85.69,0.04,2.29,195.49,1008.06,3909.25,2.21,5.594,3100.0,0.0,PM2.5-1HR
956,NOR_NO0095A,2026-03-28,3.46,3.46,85.61,0.04,2.24,195.7,1008.03,3604.7,2.11,5.454,3100.0,0.011,PM2.5-1HR
956,NOR_NO0114A,2026-03-28,6.16,3.4,85.16,0.03,2.16,194.86,1008.01,2854.75,2.1,5.44,3100.0,0.018,PM2.5-1HR
956,NOR_NO0114A,2026-03-29,5.54,2.76,78.29,0.04,3.19,194.83,1010.19,2854.75,1.05,3.97,3100.0,0.018,PM2.5-1HR
956,NOR_NO0095A,2026-03-29,4.34,2.79,78.92,0.04,3.28,195.06,1010.24,3604.7,1.3,4.32,3100.0,0.011,PM2.5-1HR
956,NOR_NO0011A,2026-03-29,4.51,2.84,79.37,0.04,3.34,194.91,1010.28,11265.72,1.35,4.39,3100.0,0.041,PM2.5-1HR
956,NOR_NO0057A,2026-03-29,4.7,2.88,79.86,0.04,3.44,194.87,1010.38,733.2,1.52,4.628,3100.0,0.047,PM2.5-1HR
956,NOR_NO0073A,2026-03-29,5.23,2.89,79.67,0.04,3.38,194.4,1010.33,19952.48,1.4,4.46,3100.0,0.25,PM2.5-1HR
956,NOR_NO0083A,2026-03-29,6.83,2.86,79.2,0.04,3.31,194.41,1010.28,4971.47,1.35,4.39,3100.0,0.017,PM2.5-1HR
956,NOR_NO0093A,2026-03-29,5.34,2.89,79.31,0.04,3.33,194.04,1010.29,3909.25,1.35,4.39,3100.0,0.0,PM2.5-1HR
956,NOR_NO0122A,2026-03-29,7.52,2.89,79.88,0.04,3.44,194.77,1010.38,3195.24,1.52,4.628,3100.0,0.01,PM2.5-1HR
956,NOR_NO0011A,2026-03-30,2.88,3.33,85.84,0.21,2.06,189.91,1000.63,11265.72,0.42,3.088,3100.0,0.041,PM2.5-1HR
956,NOR_NO0057A,2026-03-30,4.07,3.32,86.64,0.22,2.23,187.3,1000.7,733.2,0.51,3.214,3100.0,0.047,PM2.5-1HR
956,NOR_NO0073A,2026-03-30,3.37,3.35,86.15,0.21,2.12,188.75,1000.66,19952.48,0.45,3.13,3100.0,0.25,PM2.5-1HR
956,NOR_NO0083A,2026-03-30,4.93,3.34,85.67,0.2,2.03,191.53,1000.62,4971.47,0.42,3.088,3100.0,0.017,PM2.5-1HR
956,NOR_NO0093A,2026-03-30,5.36,3.36,85.75,0.21,2.04,191.35,1000.63,3909.25,0.42,3.088,3100.0,0.0,PM2.5-1HR
956,NOR_NO0095A,2026-03-30,2.93,3.31,85.44,0.2,1.99,193.71,1000.61,3604.7,0.47,3.158,3100.0,0.011,PM2.5-1HR
956,NOR_NO0114A,2026-03-30,2.38,3.31,84.85,0.19,1.91,207.45,1000.57,2854.75,0.56,3.284,3100.0,0.018,PM2.5-1HR
956,NOR_NO0122A,2026-03-30,5.98,3.32,86.65,0.22,2.24,187.38,1000.7,3195.24,0.51,3.214,3100.0,0.01,PM2.5-1HR
956,NOR_NO0011A,2026-04-01,3.64,6.97,73.26,0,3.13,200.97,1016.72,11265.72,1.65,4.81,3100.0,0.041,PM2.5-1HR
956,NOR_NO0057A,2026-04-01,4.25,7.01,73.65,0,3.37,201.76,1016.79,733.2,1.76,4.964,3100.0,0.047,PM2.5-1HR
956,NOR_NO0073A,2026-04-01,3.65,7.02,73.51,0,3.21,200.53,1016.76,19952.48,1.59,4.726,3100.0,0.25,PM2.5-1HR
956,NOR_NO0083A,2026-04-01,6.06,6.92,73.25,0,3.08,200.59,1016.74,4971.47,1.65,4.81,3100.0,0.017,PM2.5-1HR
956,NOR_NO0093A,2026-04-01,5.36,6.95,73.35,0,3.1,200.19,1016.75,3909.25,1.65,4.81,3100.0,0.0,PM2.5-1HR
956,NOR_NO0095A,2026-04-01,4.59,6.85,73.01,0,3.04,201.34,1016.7,3604.7,1.35,4.39,3100.0,0.011,PM2.5-1HR
956,NOR_NO0114A,2026-04-01,4.5,7,72.6,0,3,201.38,1016.33,2854.75,1.53,4.642,3100.0,0.018,PM2.5-1HR
956,NOR_NO0122A,2026-04-01,8.22,7.01,73.68,0,3.38,201.66,1016.8,3195.24,1.76,4.964,3100.0,0.01,PM2.5-1HR
956,NOR_NO0011A,2026-04-02,3,3.61,91.83,0.54,3.38,51.79,1010.09,11265.72,0.47,3.158,3100.0,0.041,PM2.5-1HR
956,NOR_NO0057A,2026-04-02,1.88,3.77,92.12,0.53,3.49,16.44,1010.08,733.2,0.58,3.312,3100.0,0.047,PM2.5-1HR
956,NOR_NO0073A,2026-04-02,2.65,3.7,91.94,0.54,3.43,44.13,1010.08,19952.48,0.51,3.214,3100.0,0.25,PM2.5-1HR
956,NOR_NO0083A,2026-04-02,2.72,3.62,91.82,0.55,3.34,51.29,1010.08,4971.47,0.47,3.158,3100.0,0.017,PM2.5-1HR
956,NOR_NO0093A,2026-04-02,3.96,3.66,91.86,0.55,3.35,49.09,1010.07,3909.25,0.47,3.158,3100.0,0.0,PM2.5-1HR
956,NOR_NO0095A,2026-04-02,2.03,3.53,91.74,0.54,3.3,55.08,1010.1,3604.7,0.51,3.214,3100.0,0.011,PM2.5-1HR
956,NOR_NO0114A,2026-04-02,2.83,3.44,91.62,0.55,3.17,57.78,1010.09,2854.75,0.55,3.27,3100.0,0.018,PM2.5-1HR
956,NOR_NO0122A,2026-04-02,2.9,3.78,92.14,0.53,3.5,13.79,1010.08,3195.24,0.58,3.312,3100.0,0.01,PM2.5-1HR
956,NOR_NO0011A,2026-04-03,2.41,1.71,83.89,0.13,2.86,56.03,1008.22,11265.72,0.51,3.214,3100.0,0.041,PM2.5-1HR
956,NOR_NO0057A,2026-04-03,2.44,1.79,84.66,0.14,2.92,59.1,1008.18,733.2,0.48,3.172,3100.0,0.047,PM2.5-1HR
956,NOR_NO0073A,2026-04-03,2.08,1.76,84.28,0.14,2.89,56.4,1008.2,19952.48,0.5,3.2,3100.0,0.25,PM2.5-1HR
956,NOR_NO0083A,2026-04-03,2.65,1.69,84.2,0.13,2.83,55,1008.21,4971.47,0.51,3.214,3100.0,0.017,PM2.5-1HR
956,NOR_NO0093A,2026-04-03,3.16,1.71,84.4,0.14,2.84,54.77,1008.2,3909.25,0.51,3.214,3100.0,0.0,PM2.5-1HR
956,NOR_NO0095A,2026-04-03,2.54,1.64,83.86,0.13,2.8,55.14,1008.23,3604.7,0.39,3.046,3100.0,0.011,PM2.5-1HR
956,NOR_NO0114A,2026-04-03,1.96,1.55,84.08,0.13,2.72,53.16,1008.23,2854.75,0.46,3.144,3100.0,0.018,PM2.5-1HR
956,NOR_NO0122A,2026-04-03,2.64,1.79,84.74,0.15,2.92,59.04,1008.17,3195.24,0.48,3.172,3100.0,0.01,PM2.5-1HR
956,NOR_NO0011A,2026-04-04,2.74,3.48,74.11,0.43,3.54,270.45,998.62,11265.72,0.29,2.906,3100.0,0.041,PM2.5-1HR
956,NOR_NO0057A,2026-04-04,1.77,3.55,74.41,0.42,3.64,268.61,998.58,733.2,0.3,2.92,3100.0,0.047,PM2.5-1HR
956,NOR_NO0073A,2026-04-04,2.62,3.55,74.11,0.42,3.57,269.72,998.61,19952.48,0.32,2.948,3100.0,0.25,PM2.5-1HR
956,NOR_NO0083A,2026-04-04,2.82,3.55,73.81,0.43,3.5,270.44,998.64,4971.47,0.29,2.906,3100.0,0.017,PM2.5-1HR
956,NOR_NO0093A,2026-04-04,3.96,3.59,73.73,0.42,3.51,270.17,998.64,3909.25,0.29,2.906,3100.0,0.0,PM2.5-1HR
956,NOR_NO0095A,2026-04-04,2.38,3.47,73.87,0.43,3.48,271.01,998.64,3604.7,0.32,2.948,3100.0,0.011,PM2.5-1HR
956,NOR_NO0114A,2026-04-04,1.74,3.52,73.35,0.43,3.4,271.55,998.68,2854.75,0.35,2.99,3100.0,0.018,PM2.5-1HR
956,NOR_NO0122A,2026-04-04,2.8,3.56,74.38,0.42,3.64,268.49,998.58,3195.24,0.3,2.92,3100.0,0.01,PM2.5-1HR
956,NOR_NO0011A,2026-04-05,3.84,3.23,83.71,0.42,3.67,185.75,990,11265.72,0.52,3.228,3100.0,0.041,PM2.5-1HR
956,NOR_NO0057A,2026-04-05,3.02,3.18,84.3,0.41,3.87,188.13,990.08,733.2,0.47,3.158,3100.0,0.047,PM2.5-1HR
956,NOR_NO0073A,2026-04-05,4.34,3.27,83.87,0.41,3.76,186.61,990.02,19952.48,0.48,3.172,3100.0,0.25,PM2.5-1HR
956,NOR_NO0083A,2026-04-05,5.32,3.29,83.49,0.42,3.63,185.66,989.99,4971.47,0.52,3.228,3100.0,0.017,PM2.5-1HR
956,NOR_NO0093A,2026-04-05,4.95,3.33,83.5,0.42,3.66,185.93,989.99,3909.25,0.52,3.228,3100.0,0.0,PM2.5-1HR
956,NOR_NO0095A,2026-04-05,3.02,3.23,83.42,0.42,3.56,184.98,989.98,3604.7,0.55,3.27,3100.0,0.011,PM2.5-1HR
956,NOR_NO0114A,2026-04-05,3.2,3.29,82.92,0.42,3.41,183.97,989.94,2854.75,0.6,3.34,3100.0,0.018,PM2.5-1HR
956,NOR_NO0122A,2026-04-05,4.67,3.2,84.31,0.4,3.87,188.22,990.08,3195.24,0.47,3.158,3100.0,0.01,PM2.5-1HR
956,NOR_NO0011A,2026-04-06,2.02,7.14,46.36,0,4.56,285.05,1005.77,11265.72,1,3.9,3100.0,0.041,PM2.5-1HR
956,NOR_NO0057A,2026-04-06,1.63,7.26,45.64,0,4.71,286.13,1005.65,733.2,1.2,4.18,3100.0,0.047,PM2.5-1HR
956,NOR_NO0073A,2026-04-06,1.62,7.24,46.06,0,4.6,285.28,1005.74,19952.48,1.05,3.97,3100.0,0.25,PM2.5-1HR
956,NOR_NO0083A,2026-04-06,3.15,7.15,46.46,0,4.51,284.74,1005.82,4971.47,1,3.9,3100.0,0.017,PM2.5-1HR
956,NOR_NO0093A,2026-04-06,5.85,7.2,46.36,0,4.52,284.73,1005.83,3909.25,1,3.9,3100.0,0.0,PM2.5-1HR
956,NOR_NO0095A,2026-04-06,2.51,7.05,46.72,0,4.48,284.65,1005.83,3604.7,1.15,4.11,3100.0,0.011,PM2.5-1HR
956,NOR_NO0114A,2026-04-06,1.62,6.96,47.16,0,4.37,283.95,1005.95,2854.75,1.35,4.39,3100.0,0.018,PM2.5-1HR
956,NOR_NO0122A,2026-04-06,2.53,7.27,45.62,0,4.71,286.12,1005.65,3195.24,1.2,4.18,3100.0,0.01,PM2.5-1HR
956,NOR_NO0011A,2026-04-07,3.16,5.76,51.94,0,2.54,326.76,1026.18,11265.72,1.34,4.376,3100.0,0.041,PM2.5-1HR
956,NOR_NO0057A,2026-04-07,3.99,5.84,51.33,0,2.67,327.47,1026.09,733.2,1.53,4.642,3100.0,0.047,PM2.5-1HR
956,NOR_NO0073A,2026-04-07,3.03,5.84,51.85,0,2.59,327.01,1026.15,19952.48,1.37,4.418,3100.0,0.25,PM2.5-1HR
956,NOR_NO0083A,2026-04-07,5.51,5.75,51.97,0,2.51,326.69,1026.19,4971.47,1.34,4.376,3100.0,0.017,PM2.5-1HR
956,NOR_NO0093A,2026-04-07,8.07,5.79,51.97,0,2.52,326.76,1026.19,3909.25,1.34,4.376,3100.0,0.0,PM2.5-1HR
956,NOR_NO0095A,2026-04-07,6.03,5.67,51.98,0,2.47,326.51,1026.22,3604.7,1.37,4.418,3100.0,0.011,PM2.5-1HR
956,NOR_NO0114A,2026-04-07,3.95,5.57,52.02,0,2.37,326.12,1026.28,2854.75,1.46,4.544,3100.0,0.018,PM2.5-1HR
956,NOR_NO0122A,2026-04-07,12.76,5.85,51.33,0,2.67,327.5,1026.09,3195.24,1.53,4.642,3100.0,0.01,PM2.5-1HR
956,NOR_NO0073A,2026-04-08,3.69,5.25,66.93,0,2.13,138.85,1031.63,19952.48,1.41,4.474,3100.0,0.25,PM2.5-1HR
956,NOR_NO0083A,2026-04-08,9.61,5.13,67.18,0,2.12,139.18,1031.62,4971.47,1.39,4.446,3100.0,0.017,PM2.5-1HR
956,NOR_NO0011A,2026-04-08,3.75,5.16,67.04,0,2.14,139.13,1031.63,11265.72,1.39,4.446,3100.0,0.041,PM2.5-1HR
956,NOR_NO0057A,2026-04-08,3.46,5.28,66.58,0,2.11,137.67,1031.63,733.2,1.46,4.544,3100.0,0.047,PM2.5-1HR
956,NOR_NO0093A,2026-04-08,6.44,5.16,67.18,0,2.11,139.19,1031.62,3909.25,1.39,4.446,3100.0,0.0,PM2.5-1HR
956,NOR_NO0095A,2026-04-08,8.65,5.03,67.25,0,2.12,139.14,1031.62,3604.7,1.08,4.012,3100.0,0.011,PM2.5-1HR
956,NOR_NO0114A,2026-04-08,5.12,4.86,67.54,0,2.08,139.69,1031.61,2854.75,1.28,4.292,3100.0,0.018,PM2.5-1HR
956,NOR_NO0122A,2026-04-08,8.74,5.29,66.58,0,2.1,137.59,1031.63,3195.24,1.46,4.544,3100.0,0.01,PM2.5-1HR
956,NOR_NO0011A,2026-04-09,3.76,6.68,67.56,0,2.29,154.27,1026.41,11265.72,2.06,5.384,3100.0,0.041,PM2.5-1HR
956,NOR_NO0057A,2026-04-09,4.11,6.81,66.7,0,2.41,155.43,1026.46,733.2,1.93,5.202,3100.0,0.047,PM2.5-1HR
956,NOR_NO0073A,2026-04-09,4.1,6.75,67.37,0,2.31,154.63,1026.43,19952.48,1.83,5.062,3100.0,0.25,PM2.5-1HR
956,NOR_NO0083A,2026-04-09,9.83,6.65,67.67,0,2.25,154.08,1026.4,4971.47,2.06,5.384,3100.0,0.017,PM2.5-1HR
956,NOR_NO0093A,2026-04-09,7.98,6.68,67.66,0,2.25,154.17,1026.4,3909.25,2.06,5.384,3100.0,0.0,PM2.5-1HR
956,NOR_NO0095A,2026-04-09,7.08,6.59,67.75,0,2.25,153.82,1026.37,3604.7,2,5.3,3100.0,0.011,PM2.5-1HR
956,NOR_NO0114A,2026-04-09,7.42,6.47,68.04,0,2.19,153.18,1026.33,2854.75,1.95,5.23,3100.0,0.018,PM2.5-1HR
956,NOR_NO0122A,2026-04-09,12.02,6.81,66.69,0,2.41,155.43,1026.46,3195.24,1.93,5.202,3100.0,0.01,PM2.5-1HR
956,NOR_NO0093A,2026-04-10,7.28,4.15,61.33,0,2.96,112.32,1018.9,3909.25,1.27,4.278,3100.0,0.0,PM2.5-1HR
956,NOR_NO0095A,2026-04-10,4.77,4.07,61.51,0,2.94,112.01,1018.89,3604.7,1.68,4.852,3100.0,0.011,PM2.5-1HR
956,NOR_NO0114A,2026-04-10,5.32,4.09,62.12,0,2.86,111.25,1018.82,2854.75,1.89,5.146,3100.0,0.018,PM2.5-1HR
956,NOR_NO0122A,2026-04-10,6.59,4.07,60.02,0,3.13,114.49,1019.01,3195.24,1.13,4.082,3100.0,0.01,PM2.5-1HR
956,NOR_NO0011A,2026-04-10,4.06,4.08,61.13,0,2.99,112.51,1018.93,11265.72,1.27,4.278,3100.0,0.041,PM2.5-1HR
956,NOR_NO0057A,2026-04-10,4.34,4.06,60.03,0,3.13,114.47,1019.01,733.2,1.13,4.082,3100.0,0.047,PM2.5-1HR
956,NOR_NO0073A,2026-04-10,3.74,4.11,60.84,0,3.02,113,1018.95,19952.48,1.06,3.984,3100.0,0.25,PM2.5-1HR
956,NOR_NO0083A,2026-04-10,6.1,4.12,61.36,0,2.96,112.25,1018.9,4971.47,1.27,4.278,3100.0,0.017,PM2.5-1HR
956,NOR_NO0011A,2026-04-11,4.92,4.57,68.23,0,2.43,105.05,1020.65,11265.72,2.51,6.014,3100.0,0.041,PM2.5-1HR
956,NOR_NO0057A,2026-04-11,4.02,4.62,67.03,0,2.52,107.43,1020.7,733.2,2.47,5.958,3100.0,0.047,PM2.5-1HR
956,NOR_NO0073A,2026-04-11,4.65,4.61,67.96,0,2.45,105.55,1020.66,19952.48,2.31,5.734,3100.0,0.25,PM2.5-1HR
956,NOR_NO0083A,2026-04-11,6.33,4.58,68.53,0,2.39,104.64,1020.63,4971.47,2.51,6.014,3100.0,0.017,PM2.5-1HR
956,NOR_NO0093A,2026-04-11,6.52,4.61,68.52,0,2.39,104.64,1020.63,3909.25,2.51,6.014,3100.0,0.0,PM2.5-1HR
956,NOR_NO0095A,2026-04-11,5.62,4.54,68.64,0,2.38,104.49,1020.62,3604.7,2.58,6.112,3100.0,0.011,PM2.5-1HR
956,NOR_NO0114A,2026-04-11,6.25,4.53,69.34,0,2.31,103.48,1020.57,2854.75,2.94,6.616,3100.0,0.018,PM2.5-1HR
956,NOR_NO0122A,2026-04-11,6.71,4.63,67.03,0,2.52,107.45,1020.7,3195.24,2.47,5.958,3100.0,0.01,PM2.5-1HR
956,NOR_NO0011A,2026-04-12,6.34,3.66,74.75,0.13,2.52,93.66,1019.11,11265.72,1.86,5.104,3100.0,0.041,PM2.5-1HR
956,NOR_NO0057A,2026-04-12,6,3.8,73.32,0.12,2.67,97.36,1019.15,733.2,2.01,5.314,3100.0,0.047,PM2.5-1HR
956,NOR_NO0073A,2026-04-12,6.76,3.74,74.25,0.12,2.55,94.5,1019.11,19952.48,1.73,4.922,3100.0,0.25,PM2.5-1HR
956,NOR_NO0083A,2026-04-12,8.14,3.67,74.95,0.13,2.46,92.92,1019.07,4971.47,1.86,5.104,3100.0,0.017,PM2.5-1HR
956,NOR_NO0093A,2026-04-12,8.35,3.7,74.81,0.13,2.46,92.95,1019.06,3909.25,1.86,5.104,3100.0,0.0,PM2.5-1HR
956,NOR_NO0095A,2026-04-12,6.92,3.6,75.3,0.13,2.45,92.57,1019.08,3604.7,1.8,5.02,3100.0,0.011,PM2.5-1HR
956,NOR_NO0114A,2026-04-12,9.74,3.54,76.08,0.14,2.34,90.67,1019.01,2854.75,2.03,5.342,3100.0,0.018,PM2.5-1HR
956,NOR_NO0122A,2026-04-12,9.33,3.81,73.29,0.12,2.67,97.4,1019.15,3195.24,2.01,5.314,3100.0,0.01,PM2.5-1HR
956,NOR_NO0011A,2026-04-13,6.61,4.98,80.76,0.01,1.73,72.08,1023.49,11265.72,3.08,6.812,3100.0,0.041,PM2.5-1HR
956,NOR_NO0057A,2026-04-13,7.47,5.38,78.25,0.01,1.88,82.26,1023.5,733.2,3.53,7.442,3100.0,0.047,PM2.5-1HR
956,NOR_NO0073A,2026-04-13,7.2,5.11,80.04,0.01,1.77,74.59,1023.49,19952.48,3.04,6.756,3100.0,0.25,PM2.5-1HR
956,NOR_NO0083A,2026-04-13,11.44,5,80.83,0.01,1.72,70.17,1023.47,4971.47,3.08,6.812,3100.0,0.017,PM2.5-1HR
956,NOR_NO0093A,2026-04-13,9.91,5.04,80.65,0.01,1.73,70.39,1023.46,3909.25,3.08,6.812,3100.0,0.0,PM2.5-1HR
956,NOR_NO0095A,2026-04-13,7.25,4.91,81.24,0.01,1.7,69.03,1023.48,3604.7,3.07,6.798,3100.0,0.011,PM2.5-1HR
956,NOR_NO0114A,2026-04-13,11.47,4.85,81.85,0.01,1.66,63.83,1023.44,2854.75,3.15,6.91,3100.0,0.018,PM2.5-1HR
956,NOR_NO0122A,2026-04-13,10.8,5.4,78.18,0.01,1.88,82.34,1023.5,3195.24,3.53,7.442,3100.0,0.01,PM2.5-1HR
956,NOR_NO0011A,2026-04-14,4.66,6.61,66.64,0.12,3.17,90.07,1024.66,11265.72,2.45,5.93,3100.0,0.041,PM2.5-1HR
956,NOR_NO0057A,2026-04-14,4.82,6.91,63.92,0.1,3.42,93.73,1024.68,733.2,2.57,6.098,3100.0,0.047,PM2.5-1HR
956,NOR_NO0073A,2026-04-14,5.59,6.73,65.78,0.11,3.25,91.26,1024.65,19952.48,2.3,5.72,3100.0,0.25,PM2.5-1HR
956,NOR_NO0083A,2026-04-14,6.43,6.61,66.9,0.12,3.1,89.22,1024.62,4971.47,2.45,5.93,3100.0,0.017,PM2.5-1HR
956,NOR_NO0093A,2026-04-14,7.27,6.66,66.69,0.12,3.11,89.46,1024.6,3909.25,2.45,5.93,3100.0,0.0,PM2.5-1HR
956,NOR_NO0095A,2026-04-14,4.92,6.51,67.47,0.13,3.05,88.39,1024.64,3604.7,2.52,6.028,3100.0,0.011,PM2.5-1HR
956,NOR_NO0114A,2026-04-14,7.83,6.4,68.62,0.14,2.85,85.58,1024.59,2854.75,2.59,6.126,3100.0,0.018,PM2.5-1HR
956,NOR_NO0122A,2026-04-14,9.05,6.92,63.86,0.1,3.42,93.79,1024.68,3195.24,2.57,6.098,3100.0,0.01,PM2.5-1HR
956,NOR_NO0011A,2026-04-15,5.84,6.56,83.47,0.09,2.16,25.07,1024.47,11265.72,3.51,7.414,3100.0,0.041,PM2.5-1HR
956,NOR_NO0057A,2026-04-15,5.64,6.85,81.53,0.09,2.19,30.92,1024.41,733.2,3.77,7.778,3100.0,0.047,PM2.5-1HR
956,NOR_NO0073A,2026-04-15,6.63,6.69,82.93,0.09,2.17,26.55,1024.44,19952.48,3.29,7.106,3100.0,0.25,PM2.5-1HR
956,NOR_NO0083A,2026-04-15,9.25,6.54,83.7,0.09,2.14,23.81,1024.46,4971.47,3.51,7.414,3100.0,0.017,PM2.5-1HR
956,NOR_NO0093A,2026-04-15,7.86,6.58,83.6,0.1,2.14,23.81,1024.44,3909.25,3.51,7.414,3100.0,0.0,PM2.5-1HR
956,NOR_NO0095A,2026-04-15,4.84,6.43,84.02,0.1,2.13,23.4,1024.49,3604.7,3.41,7.274,3100.0,0.011,PM2.5-1HR
956,NOR_NO0114A,2026-04-15,8.36,6.26,84.8,0.1,2.09,20.83,1024.5,2854.75,3.47,7.358,3100.0,0.018,PM2.5-1HR
956,NOR_NO0122A,2026-04-15,10.03,6.86,81.5,0.09,2.19,30.92,1024.4,3195.24,3.77,7.778,3100.0,0.01,PM2.5-1HR
956,NOR_NO0011A,2026-04-16,6.78,7.41,71.52,0,1.86,106.3,1022.07,11265.72,4.71,9.094,3100.0,0.041,PM2.5-1HR
956,NOR_NO0057A,2026-04-16,6.95,7.54,70.58,0,1.93,109.74,1022.06,733.2,4.87,9.318,3100.0,0.047,PM2.5-1HR
956,NOR_NO0073A,2026-04-16,6.57,7.49,71.28,0,1.88,107.05,1022.06,19952.48,4.38,8.632,3100.0,0.25,PM2.5-1HR
956,NOR_NO0083A,2026-04-16,9.05,7.39,71.66,0,1.84,105.23,1022.06,4971.47,4.71,9.094,3100.0,0.017,PM2.5-1HR
956,NOR_NO0093A,2026-04-16,8.26,7.42,71.62,0,1.84,105.15,1022.06,3909.25,4.71,9.094,3100.0,0.0,PM2.5-1HR
956,NOR_NO0095A,2026-04-16,8.74,7.3,71.78,0,1.84,105.01,1022.06,3604.7,4.03,8.142,3100.0,0.011,PM2.5-1HR
956,NOR_NO0114A,2026-04-16,9.41,7.17,72.19,0,1.8,102.6,1022.05,2854.75,4.12,8.268,3100.0,0.018,PM2.5-1HR
956,NOR_NO0122A,2026-04-16,11.13,7.54,70.57,0,1.93,109.73,1022.06,3195.24,4.87,9.318,3100.0,0.01,PM2.5-1HR
956,NOR_NO0011A,2026-04-17,7.16,8.65,70.16,0,1.31,153.6,1023.81,11265.72,4.03,8.142,3100.0,0.041,PM2.5-1HR
956,NOR_NO0057A,2026-04-17,7.85,8.75,69.74,0,1.32,155.15,1023.81,733.2,4.25,8.45,3100.0,0.047,PM2.5-1HR
956,NOR_NO0073A,2026-04-17,7.46,8.73,70.05,0,1.32,154.93,1023.82,19952.48,3.77,7.778,3100.0,0.25,PM2.5-1HR
956,NOR_NO0083A,2026-04-17,10.12,8.65,70.12,0,1.3,153.52,1023.81,4971.47,4.03,8.142,3100.0,0.017,PM2.5-1HR
956,NOR_NO0093A,2026-04-17,8.33,8.69,70.09,0,1.3,154.21,1023.81,3909.25,4.03,8.142,3100.0,0.0,PM2.5-1HR
956,NOR_NO0095A,2026-04-17,6.99,8.55,70.16,0,1.29,151.88,1023.81,3604.7,3.44,7.316,3100.0,0.011,PM2.5-1HR
956,NOR_NO0114A,2026-04-17,8.95,8.46,70.16,0,1.25,149.16,1023.8,2854.75,3.59,7.526,3100.0,0.018,PM2.5-1HR
956,NOR_NO0122A,2026-04-17,12.99,8.76,69.73,0,1.32,155.38,1023.81,3195.24,4.25,8.45,3100.0,0.01,PM2.5-1HR
956,NOR_NO0011A,2026-04-18,6.91,8.33,80.31,0.02,1.5,141.38,1020.88,11265.72,5.26,9.864,3100.0,0.041,PM2.5-1HR
956,NOR_NO0057A,2026-04-18,7.71,8.43,78.96,0.01,1.55,144.74,1020.89,733.2,5.49,10.186,3100.0,0.047,PM2.5-1HR
956,NOR_NO0073A,2026-04-18,8.44,8.41,79.91,0.01,1.52,142.67,1020.88,19952.48,5.04,9.556,3100.0,0.25,PM2.5-1HR
956,NOR_NO0083A,2026-04-18,11.14,8.32,80.46,0.02,1.48,141.09,1020.88,4971.47,5.26,9.864,3100.0,0.017,PM2.5-1HR
956,NOR_NO0093A,2026-04-18,7.99,8.35,80.38,0.02,1.48,141.52,1020.88,3909.25,5.26,9.864,3100.0,0.0,PM2.5-1HR
956,NOR_NO0095A,2026-04-18,7.39,8.23,80.71,0.02,1.47,140,1020.87,3604.7,4.76,9.164,3100.0,0.011,PM2.5-1HR
956,NOR_NO0114A,2026-04-18,10.96,8.12,81.3,0.02,1.41,138.14,1020.86,2854.75,4.92,9.388,3100.0,0.018,PM2.5-1HR
956,NOR_NO0122A,2026-04-18,10.94,8.44,78.94,0.01,1.55,144.85,1020.89,3195.24,5.49,10.186,3100.0,0.01,PM2.5-1HR
956,NOR_NO0122A,2026-04-19,7.78,6.44,91.1,0.68,2.83,84.04,1021.07,3195.24,2.73,6.322,3100.0,0.01,PM2.5-1HR
956,NOR_NO0011A,2026-04-19,5.58,6.36,92.42,0.75,2.74,82.33,1021.05,11265.72,2.54,6.056,3100.0,0.041,PM2.5-1HR
956,NOR_NO0057A,2026-04-19,4.25,6.44,91.11,0.68,2.83,84.02,1021.08,733.2,2.73,6.322,3100.0,0.047,PM2.5-1HR
956,NOR_NO0073A,2026-04-19,5.49,6.41,92.06,0.73,2.76,82.81,1021.04,19952.48,2.41,5.874,3100.0,0.25,PM2.5-1HR
956,NOR_NO0083A,2026-04-19,6.12,6.37,92.58,0.76,2.69,81.8,1021.01,4971.47,2.54,6.056,3100.0,0.017,PM2.5-1HR
956,NOR_NO0093A,2026-04-19,6.9,6.39,92.51,0.76,2.69,81.85,1021,3909.25,2.54,6.056,3100.0,0.0,PM2.5-1HR
956,NOR_NO0095A,2026-04-19,4.45,6.33,92.78,0.77,2.68,81.53,1021.03,3604.7,2.56,6.084,3100.0,0.011,PM2.5-1HR
956,NOR_NO0114A,2026-04-19,5.75,6.3,93.31,0.8,2.59,80.14,1020.97,2854.75,2.64,6.196,3100.0,0.018,PM2.5-1HR
956,NOR_NO0149A,2026-04-20,3.95,7.16,64.41,0,2.4,17.27,1030.61,2035.57,1.66,4.824,3100.0,0.292,PM2.5-1HR
956,NOR_NO0011A,2026-04-20,3.08,7.15,64.74,0,2.33,16.02,1030.66,11265.72,1.72,4.908,3100.0,0.041,PM2.5-1HR
956,NOR_NO0057A,2026-04-20,3.34,7.13,64.31,0,2.4,17.75,1030.61,733.2,1.88,5.132,3100.0,0.047,PM2.5-1HR
956,NOR_NO0073A,2026-04-20,4.59,7.19,64.58,0,2.36,16.32,1030.63,19952.48,1.66,4.824,3100.0,0.25,PM2.5-1HR
956,NOR_NO0083A,2026-04-20,5.43,7.13,64.92,0,2.31,15.48,1030.66,4971.47,1.72,4.908,3100.0,0.017,PM2.5-1HR
956,NOR_NO0093A,2026-04-20,5.72,7.15,64.88,0,2.32,15.41,1030.65,3909.25,1.72,4.908,3100.0,0.0,PM2.5-1HR
956,NOR_NO0095A,2026-04-20,3.64,7.07,65.06,0,2.28,15.46,1030.68,3604.7,1.55,4.67,3100.0,0.011,PM2.5-1HR
956,NOR_NO0114A,2026-04-20,4.26,6.98,65.53,0,2.22,14.31,1030.7,2854.75,1.68,4.852,3100.0,0.018,PM2.5-1HR
956,NOR_NO0122A,2026-04-20,6.46,7.13,64.31,0,2.4,17.76,1030.61,3195.24,1.88,5.132,3100.0,0.01,PM2.5-1HR
956,NOR_NO0122A,2026-04-21,9.34,9.53,52.64,0,2.88,338.52,1029.89,3195.24,1.8,5.02,3100.0,0.01,PM2.5-1HR
956,NOR_NO0011A,2026-04-21,5.07,9.46,52.95,0,2.81,336.93,1029.97,11265.72,1.74,4.936,3100.0,0.041,PM2.5-1HR
956,NOR_NO0057A,2026-04-21,4.35,9.52,52.62,0,2.88,338.47,1029.9,733.2,1.8,5.02,3100.0,0.047,PM2.5-1HR
956,NOR_NO0073A,2026-04-21,4.26,9.56,52.82,0,2.85,337.55,1029.94,19952.48,1.73,4.922,3100.0,0.25,PM2.5-1HR
956,NOR_NO0083A,2026-04-21,7.75,9.39,53.24,0,2.78,336.64,1029.99,4971.47,1.74,4.936,3100.0,0.017,PM2.5-1HR
956,NOR_NO0093A,2026-04-21,6.31,9.44,53.23,0,2.8,336.82,1029.98,3909.25,1.74,4.936,3100.0,0.0,PM2.5-1HR
956,NOR_NO0095A,2026-04-21,4.22,9.28,53.38,0,2.75,336.15,1030.02,3604.7,1.78,4.992,3100.0,0.011,PM2.5-1HR
956,NOR_NO0114A,2026-04-21,4.31,9.04,54.04,0,2.67,334.97,1030.07,2854.75,2.13,5.482,3100.0,0.018,PM2.5-1HR
956,NOR_NO0149A,2026-04-21,4.81,9.55,52.74,0,2.87,338.34,1029.9,2035.57,1.73,4.922,3100.0,0.292,PM2.5-1HR
956,NOR_NO0011A,2026-04-22,4.27,9.92,54.12,0,2.42,329.38,1024.35,11265.72,1.32,4.348,3100.0,0.041,PM2.5-1HR
956,NOR_NO0057A,2026-04-22,2.95,9.97,54.13,0,2.49,329.49,1024.31,733.2,1.45,4.53,3100.0,0.047,PM2.5-1HR
956,NOR_NO0073A,2026-04-22,3.17,10.02,54.08,0,2.43,329.76,1024.33,19952.48,1.29,4.306,3100.0,0.25,PM2.5-1HR
956,NOR_NO0083A,2026-04-22,5.4,9.88,54.19,0,2.37,329.37,1024.36,4971.47,1.32,4.348,3100.0,0.017,PM2.5-1HR
956,NOR_NO0093A,2026-04-22,5.36,9.93,54.18,0,2.36,329.57,1024.36,3909.25,1.32,4.348,3100.0,0.0,PM2.5-1HR
956,NOR_NO0095A,2026-04-22,4.02,9.76,54.26,0,2.37,328.92,1024.38,3604.7,1.27,4.278,3100.0,0.011,PM2.5-1HR
956,NOR_NO0114A,2026-04-22,4.7,9.56,54.45,0,2.27,328.25,1024.41,2854.75,1.5,4.6,3100.0,0.018,PM2.5-1HR
956,NOR_NO0122A,2026-04-22,7.73,9.98,54.13,0,2.48,329.55,1024.3,3195.24,1.45,4.53,3100.0,0.01,PM2.5-1HR
956,NOR_NO0149A,2026-04-22,4.29,10.01,54.12,0,2.46,329.8,1024.31,2035.57,1.29,4.306,3100.0,0.292,PM2.5-1HR
956,NOR_NO0011A,2026-04-23,3.53,11.14,50.89,0,2.55,320.93,1020.9,11265.72,1,3.9,3100.0,0.041,PM2.5-1HR
956,NOR_NO0057A,2026-04-23,3.48,11.22,50.29,0,2.62,321.33,1020.85,733.2,1.1,4.04,3100.0,0.047,PM2.5-1HR
956,NOR_NO0073A,2026-04-23,2.44,11.24,50.66,0,2.57,321.34,1020.88,19952.48,0.97,3.858,3100.0,0.25,PM2.5-1HR
956,NOR_NO0083A,2026-04-23,3.93,11.11,51.08,0,2.51,320.8,1020.91,4971.47,1,3.9,3100.0,0.017,PM2.5-1HR
956,NOR_NO0093A,2026-04-23,4.78,11.15,51.02,0,2.51,320.98,1020.91,3909.25,1,3.9,3100.0,0.0,PM2.5-1HR
956,NOR_NO0095A,2026-04-23,2.51,10.99,51.27,0,2.5,320.35,1020.93,3604.7,0.99,3.886,3100.0,0.011,PM2.5-1HR
956,NOR_NO0114A,2026-04-23,2.99,10.81,51.84,0,2.41,319.49,1020.97,2854.75,1.23,4.222,3100.0,0.018,PM2.5-1HR
956,NOR_NO0122A,2026-04-23,6.02,11.23,50.28,0,2.62,321.39,1020.85,3195.24,1.1,4.04,3100.0,0.01,PM2.5-1HR
956,NOR_NO0149A,2026-04-23,3.63,11.26,50.39,0,2.6,321.56,1020.86,2035.57,0.97,3.858,3100.0,0.292,PM2.5-1HR
956,NOR_NO0011A,2026-04-24,2.49,10.86,55.08,0,2.21,309.24,1014.39,11265.72,0.74,3.536,3100.0,0.041,PM2.5-1HR
956,NOR_NO0057A,2026-04-24,2.72,10.97,54.37,0,2.27,310.41,1014.34,733.2,0.77,3.578,3100.0,0.047,PM2.5-1HR
956,NOR_NO0073A,2026-04-24,3.07,10.96,54.91,0,2.22,309.62,1014.37,19952.48,0.71,3.494,3100.0,0.25,PM2.5-1HR
956,NOR_NO0083A,2026-04-24,3.66,10.82,55.07,0,2.17,309.02,1014.41,4971.47,0.74,3.536,3100.0,0.017,PM2.5-1HR
956,NOR_NO0093A,2026-04-24,4.41,10.86,55.03,0,2.17,309.1,1014.41,3909.25,0.74,3.536,3100.0,0.0,PM2.5-1HR
956,NOR_NO0095A,2026-04-24,3.81,10.71,55.15,0,2.17,308.77,1014.42,3604.7,0.72,3.508,3100.0,0.011,PM2.5-1HR
956,NOR_NO0114A,2026-04-24,2.69,10.53,55.2,0,2.11,307.99,1014.48,2854.75,0.85,3.69,3100.0,0.018,PM2.5-1HR
956,NOR_NO0122A,2026-04-24,5.38,10.98,54.35,0,2.27,310.44,1014.34,3195.24,0.77,3.578,3100.0,0.01,PM2.5-1HR
956,NOR_NO0149A,2026-04-24,2.95,10.99,54.5,0,2.25,310.26,1014.35,2035.57,0.71,3.494,3100.0,0.292,PM2.5-1HR
956,NOR_NO0011A,2026-04-25,2.8,7.01,44.31,0.04,4.36,325.59,1007.87,11265.72,0.59,3.326,3100.0,0.041,PM2.5-1HR
956,NOR_NO0057A,2026-04-25,1.85,7.08,43.5,0.04,4.46,326.45,1007.75,733.2,0.66,3.424,3100.0,0.047,PM2.5-1HR
956,NOR_NO0073A,2026-04-25,2.37,7.08,44.04,0.04,4.39,325.96,1007.82,19952.48,0.61,3.354,3100.0,0.25,PM2.5-1HR
956,NOR_NO0083A,2026-04-25,2.58,7.04,44.38,0.04,4.32,325.46,1007.89,4971.47,0.59,3.326,3100.0,0.017,PM2.5-1HR
956,NOR_NO0093A,2026-04-25,4.61,7.08,44.31,0.04,4.33,325.58,1007.87,3909.25,0.59,3.326,3100.0,0.0,PM2.5-1HR
956,NOR_NO0095A,2026-04-25,3.34,6.96,44.58,0.04,4.29,325.16,1007.92,3604.7,0.65,3.41,3100.0,0.011,PM2.5-1HR
956,NOR_NO0114A,2026-04-25,1.88,6.94,44.92,0.04,4.2,324.56,1007.99,2854.75,0.72,3.508,3100.0,0.018,PM2.5-1HR
956,NOR_NO0122A,2026-04-25,3.34,7.09,43.47,0.04,4.46,326.48,1007.75,3195.24,0.66,3.424,3100.0,0.01,PM2.5-1HR
956,NOR_NO0149A,2026-04-25,2.98,7.12,43.61,0.04,4.44,326.38,1007.77,2035.57,0.61,3.354,3100.0,0.292,PM2.5-1HR
956,NOR_NO0011A,2026-04-26,2.69,5.12,45.44,0,2.71,331.08,1021.49,11265.72,0.67,3.438,3100.0,0.041,PM2.5-1HR
956,NOR_NO0057A,2026-04-26,1.82,5.23,43.39,0,2.85,332.03,1021.43,733.2,0.7,3.48,3100.0,0.047,PM2.5-1HR
956,NOR_NO0073A,2026-04-26,2.26,5.19,44.84,0,2.75,331.48,1021.47,19952.48,0.65,3.41,3100.0,0.25,PM2.5-1HR
956,NOR_NO0083A,2026-04-26,1.93,5.13,45.61,0,2.66,331.02,1021.51,4971.47,0.67,3.438,3100.0,0.017,PM2.5-1HR
956,NOR_NO0093A,2026-04-26,4.61,5.16,45.46,0,2.66,331.16,1021.51,3909.25,0.67,3.438,3100.0,0.0,PM2.5-1HR
956,NOR_NO0095A,2026-04-26,3.22,5.06,45.98,0,2.64,330.68,1021.52,3604.7,0.73,3.522,3100.0,0.011,PM2.5-1HR
956,NOR_NO0114A,2026-04-26,1.52,5,46.69,0,2.51,330.09,1021.57,2854.75,0.84,3.676,3100.0,0.018,PM2.5-1HR
956,NOR_NO0122A,2026-04-26,1.77,5.23,43.37,0,2.85,332.06,1021.43,3195.24,0.7,3.48,3100.0,0.01,PM2.5-1HR
956,NOR_NO0149A,2026-04-26,2.39,5.24,43.78,0,2.81,331.97,1021.44,2035.57,0.65,3.41,3100.0,0.292,PM2.5-1HR
956,NOR_NO0011A,2026-04-27,2.33,5.48,53.07,0,2.26,1.06,1026.79,11265.72,0.79,3.606,3100.0,0.041,PM2.5-1HR
956,NOR_NO0057A,2026-04-27,2.92,5.52,51.56,0,2.37,1.69,1026.75,733.2,0.9,3.76,3100.0,0.047,PM2.5-1HR
956,NOR_NO0073A,2026-04-27,1.81,5.54,52.61,0,2.3,1.19,1026.78,19952.48,0.8,3.62,3100.0,0.25,PM2.5-1HR
956,NOR_NO0083A,2026-04-27,4.07,5.49,53.18,0,2.21,0.79,1026.8,4971.47,0.79,3.606,3100.0,0.017,PM2.5-1HR
956,NOR_NO0093A,2026-04-27,4.85,5.53,53.06,0,2.22,0.73,1026.79,3909.25,0.79,3.606,3100.0,0.0,PM2.5-1HR
956,NOR_NO0095A,2026-04-27,3.2,5.42,53.47,0,2.18,0.77,1026.81,3604.7,0.66,3.424,3100.0,0.011,PM2.5-1HR
956,NOR_NO0114A,2026-04-27,2.06,5.38,54.01,0,2.07,0.25,1026.83,2854.75,0.83,3.662,3100.0,0.018,PM2.5-1HR
956,NOR_NO0122A,2026-04-27,4.11,5.53,51.53,0,2.37,1.68,1026.75,3195.24,0.9,3.76,3100.0,0.01,PM2.5-1HR
956,NOR_NO0149A,2026-04-27,2.39,5.56,51.81,0,2.35,1.47,1026.75,2035.57,0.8,3.62,3100.0,0.292,PM2.5-1HR
956,NOR_NO0011A,2026-04-28,3.42,6.97,53.28,0,1.56,335.06,1029.83,11265.72,0.84,3.676,3100.0,0.041,PM2.5-1HR
956,NOR_NO0057A,2026-04-28,3.06,6.99,52.09,0,1.67,335.4,1029.81,733.2,0.83,3.662,3100.0,0.047,PM2.5-1HR
956,NOR_NO0073A,2026-04-28,3.06,7,52.97,0,1.6,335.62,1029.82,19952.48,0.82,3.648,3100.0,0.25,PM2.5-1HR
956,NOR_NO0083A,2026-04-28,4.27,6.99,53.25,0,1.54,335.74,1029.83,4971.47,0.84,3.676,3100.0,0.017,PM2.5-1HR
956,NOR_NO0093A,2026-04-28,5.96,7.02,53.17,0,1.55,336.13,1029.83,3909.25,0.84,3.676,3100.0,0.0,PM2.5-1HR
956,NOR_NO0095A,2026-04-28,4.37,6.95,53.41,0,1.51,335.05,1029.83,3604.7,0.74,3.536,3100.0,0.011,PM2.5-1HR
956,NOR_NO0114A,2026-04-28,3.34,6.95,53.5,0,1.44,335.15,1029.84,2854.75,0.93,3.802,3100.0,0.018,PM2.5-1HR
956,NOR_NO0122A,2026-04-28,6.37,7,52.06,0,1.67,335.51,1029.81,3195.24,0.83,3.662,3100.0,0.01,PM2.5-1HR
956,NOR_NO0149A,2026-04-28,2.92,7.02,52.28,0,1.66,335.97,1029.81,2035.57,0.82,3.648,3100.0,0.292,PM2.5-1HR
956,NOR_NO0122A,2026-04-29,9.31,10.01,59.05,0,1.98,254.53,1028.61,3195.24,1.74,4.936,3100.0,0.01,PM2.5-1HR
956,NOR_NO0011A,2026-04-29,4.29,9.89,60.13,0,1.92,252.89,1028.6,11265.72,1.66,4.824,3100.0,0.041,PM2.5-1HR
956,NOR_NO0057A,2026-04-29,5.24,10.01,59.07,0,1.98,254.58,1028.6,733.2,1.74,4.936,3100.0,0.047,PM2.5-1HR
956,NOR_NO0073A,2026-04-29,3.92,9.94,59.93,0,1.94,252.91,1028.61,19952.48,1.64,4.796,3100.0,0.25,PM2.5-1HR
956,NOR_NO0083A,2026-04-29,5.24,9.85,60.18,0,1.89,252.31,1028.61,4971.47,1.66,4.824,3100.0,0.017,PM2.5-1HR
956,NOR_NO0093A,2026-04-29,6.29,9.86,60.18,0,1.89,252.07,1028.62,3909.25,1.66,4.824,3100.0,0.0,PM2.5-1HR
956,NOR_NO0095A,2026-04-29,4.49,9.8,60.21,0,1.88,252.67,1028.6,3604.7,1.3,4.32,3100.0,0.011,PM2.5-1HR
956,NOR_NO0114A,2026-04-29,4.24,9.68,60.37,0,1.82,251.91,1028.6,2854.75,1.52,4.628,3100.0,0.018,PM2.5-1HR
956,NOR_NO0149A,2026-04-29,4.41,9.99,59.3,0,1.96,253.82,1028.62,2035.57,1.64,4.796,3100.0,0.292,PM2.5-1HR
956,NOR_NO0011A,2026-05-01,7.73,12.4,64.23,0,2.41,233.26,1021.57,11265.72,3.16,6.924,3100.0,0.041,PM2.5-1HR
956,NOR_NO0057A,2026-05-01,5.75,12.48,63.85,0,2.56,227.24,1021.6,733.2,3.25,7.05,3100.0,0.047,PM2.5-1HR
956,NOR_NO0073A,2026-05-01,7.88,12.46,64.26,0,2.44,230.61,1021.6,19952.48,3.05,6.77,3100.0,0.25,PM2.5-1HR
956,NOR_NO0083A,2026-05-01,9.29,12.38,64.08,0,2.34,233.15,1021.59,4971.47,3.16,6.924,3100.0,0.017,PM2.5-1HR
956,NOR_NO0093A,2026-05-01,6.84,12.41,64.11,0,2.34,232.16,1021.6,3909.25,3.16,6.924,3100.0,0.0,PM2.5-1HR
956,NOR_NO0095A,2026-05-01,6.84,12.31,63.96,0,2.34,234.97,1021.56,3604.7,3.24,7.036,3100.0,0.011,PM2.5-1HR
956,NOR_NO0114A,2026-05-01,9.12,12.63,61.61,0,2.31,233.49,1021.19,2854.75,3.19,6.966,3100.0,0.018,PM2.5-1HR
956,NOR_NO0122A,2026-05-01,10.06,12.48,63.84,0,2.56,226.84,1021.61,3195.24,3.25,7.05,3100.0,0.01,PM2.5-1HR
956,NOR_NO0149A,2026-05-01,6.55,12.48,63.98,0,2.51,226.76,1021.62,2035.57,3.05,6.77,3100.0,0.292,PM2.5-1HR
956,NOR_NO0057A,2026-05-02,6.36,11.59,58.13,0.05,2.64,218.74,1011.98,733.2,2.95,6.63,3100.0,0.047,PM2.5-1HR
956,NOR_NO0073A,2026-05-02,8.74,11.49,58.68,0.05,2.49,216.96,1011.99,19952.48,2.66,6.224,3100.0,0.25,PM2.5-1HR
956,NOR_NO0083A,2026-05-02,7.6,11.31,59.22,0.05,2.39,216.6,1011.99,4971.47,2.82,6.448,3100.0,0.017,PM2.5-1HR
956,NOR_NO0093A,2026-05-02,9.37,11.35,59.24,0.05,2.39,215.79,1012,3909.25,2.82,6.448,3100.0,0.0,PM2.5-1HR
956,NOR_NO0095A,2026-05-02,6.77,11.2,59.31,0.05,2.36,217.93,1011.98,3604.7,2.68,6.252,3100.0,0.011,PM2.5-1HR
956,NOR_NO0114A,2026-05-02,6.16,10.97,60.11,0.05,2.24,217.31,1011.98,2854.75,2.73,6.322,3100.0,0.018,PM2.5-1HR
956,NOR_NO0122A,2026-05-02,7.62,11.59,58.16,0.05,2.64,218.55,1011.99,3195.24,2.95,6.63,3100.0,0.01,PM2.5-1HR
956,NOR_NO0149A,2026-05-02,8.22,11.57,58.43,0.05,2.59,217.39,1012,2035.57,2.66,6.224,3100.0,0.292,PM2.5-1HR
956,NOR_NO0011A,2026-05-02,7.88,11.38,58.85,0.05,2.43,217.77,1011.98,11265.72,2.82,6.448,3100.0,0.041,PM2.5-1HR
956,NOR_NO0011A,2026-05-03,3.95,8.57,70.84,0,2.47,83.59,1009.43,11265.72,0.58,3.312,3100.0,0.041,PM2.5-1HR
956,NOR_NO0057A,2026-05-03,5.94,8.66,70.79,0,2.51,87.45,1009.43,733.2,0.58,3.312,3100.0,0.047,PM2.5-1HR
956,NOR_NO0073A,2026-05-03,4.7,8.65,70.85,0,2.48,83.82,1009.43,19952.48,0.56,3.284,3100.0,0.25,PM2.5-1HR
956,NOR_NO0083A,2026-05-03,4.54,8.58,71.25,0,2.43,82.26,1009.42,4971.47,0.58,3.312,3100.0,0.017,PM2.5-1HR
956,NOR_NO0093A,2026-05-03,5.47,8.62,71.32,0,2.43,81.83,1009.42,3909.25,0.58,3.312,3100.0,0.0,PM2.5-1HR
956,NOR_NO0095A,2026-05-03,3.72,8.5,71.23,0,2.42,82.75,1009.42,3604.7,0.59,3.326,3100.0,0.011,PM2.5-1HR
956,NOR_NO0114A,2026-05-03,3.58,8.43,72,0,2.33,80.4,1009.41,2854.75,0.67,3.438,3100.0,0.018,PM2.5-1HR
956,NOR_NO0122A,2026-05-03,4.63,8.66,70.85,0,2.51,87.31,1009.43,3195.24,0.58,3.312,3100.0,0.01,PM2.5-1HR
956,NOR_NO0149A,2026-05-03,4.43,8.69,71.03,0,2.49,85.69,1009.43,2035.57,0.56,3.284,3100.0,0.292,PM2.5-1HR
956,NOR_NO0011A,2026-05-04,5.81,9.7,59.98,0,3.27,246.93,1004.16,11265.72,0.68,3.452,3100.0,0.041,PM2.5-1HR
956,NOR_NO0057A,2026-05-04,7.07,9.87,59.45,0,3.41,246.8,1004.12,733.2,0.75,3.55,3100.0,0.047,PM2.5-1HR
956,NOR_NO0073A,2026-05-04,5.87,9.82,59.74,0,3.31,246.92,1004.15,19952.48,0.72,3.508,3100.0,0.25,PM2.5-1HR
956,NOR_NO0083A,2026-05-04,6.25,9.72,59.94,0,3.22,247.01,1004.18,4971.47,0.68,3.452,3100.0,0.017,PM2.5-1HR
956,NOR_NO0093A,2026-05-04,5,9.77,59.84,0,3.22,247.03,1004.19,3909.25,0.68,3.452,3100.0,0.0,PM2.5-1HR
956,NOR_NO0095A,2026-05-04,7.31,9.59,60.15,0.01,3.2,246.98,1004.18,3604.7,0.72,3.508,3100.0,0.011,PM2.5-1HR
956,NOR_NO0114A,2026-05-04,6.24,9.48,60.3,0.01,3.08,247.13,1004.23,2854.75,0.65,3.41,3100.0,0.018,PM2.5-1HR
956,NOR_NO0149A,2026-05-04,8.57,9.9,59.45,0,3.37,246.85,1004.14,2035.57,0.72,3.508,3100.0,0.292,PM2.5-1HR
956,NOR_NO0122A,2026-05-04,7.26,9.88,59.42,0,3.41,246.8,1004.12,3195.24,0.75,3.55,3100.0,0.01,PM2.5-1HR
956,NOR_NO0011A,2026-05-05,2.16,5.6,42.76,0,3.05,291.17,1009.38,11265.72,0.83,3.662,3100.0,0.041,PM2.5-1HR
956,NOR_NO0057A,2026-05-05,2.9,5.68,41.93,0,3.12,290.33,1009.32,733.2,0.87,3.718,3100.0,0.047,PM2.5-1HR
956,NOR_NO0073A,2026-05-05,1.62,5.69,42.44,0,3.07,290.88,1009.36,19952.48,0.85,3.69,3100.0,0.25,PM2.5-1HR
956,NOR_NO0083A,2026-05-05,2.1,5.66,42.76,0,3.02,291.38,1009.41,4971.47,0.83,3.662,3100.0,0.017,PM2.5-1HR
956,NOR_NO0093A,2026-05-05,4.46,5.71,42.64,0,3.02,291.32,1009.4,3909.25,0.83,3.662,3100.0,0.0,PM2.5-1HR
956,NOR_NO0095A,2026-05-05,4.73,5.56,43.02,0,3.02,291.56,1009.42,3604.7,0.78,3.592,3100.0,0.011,PM2.5-1HR
956,NOR_NO0114A,2026-05-05,1.59,5.57,43.28,0,2.96,292.23,1009.47,2854.75,0.86,3.704,3100.0,0.018,PM2.5-1HR
956,NOR_NO0122A,2026-05-05,3.99,5.7,41.9,0,3.12,290.31,1009.32,3195.24,0.87,3.718,3100.0,0.01,PM2.5-1HR
956,NOR_NO0011A,2026-05-06,3.21,5.62,47.12,0,1.67,289.93,1012.31,11265.72,0.75,3.55,3100.0,0.041,PM2.5-1HR
956,NOR_NO0057A,2026-05-06,4,5.66,46.21,0,1.71,288.57,1012.28,733.2,0.83,3.662,3100.0,0.047,PM2.5-1HR
956,NOR_NO0073A,2026-05-06,2.17,5.69,46.79,0,1.68,289.62,1012.3,19952.48,0.74,3.536,3100.0,0.25,PM2.5-1HR
956,NOR_NO0083A,2026-05-06,2.55,5.68,47.11,0,1.66,290.4,1012.32,4971.47,0.75,3.55,3100.0,0.017,PM2.5-1HR
956,NOR_NO0093A,2026-05-06,4.36,5.72,46.99,0,1.66,290.43,1012.32,3909.25,0.75,3.55,3100.0,0.0,PM2.5-1HR
956,NOR_NO0095A,2026-05-06,2.78,5.6,47.37,0,1.65,290.51,1012.33,3604.7,0.63,3.382,3100.0,0.011,PM2.5-1HR
956,NOR_NO0114A,2026-05-06,1.79,5.62,47.63,0,1.63,291.56,1012.36,2854.75,0.74,3.536,3100.0,0.018,PM2.5-1HR
956,NOR_NO0122A,2026-05-06,5.35,5.67,46.18,0,1.71,288.6,1012.28,3195.24,0.83,3.662,3100.0,0.01,PM2.5-1HR
956,NOR_NO0011A,2026-05-07,2.26,7.16,43.08,0,1.89,309.21,1016.53,11265.72,1.15,4.11,3100.0,0.041,PM2.5-1HR
956,NOR_NO0057A,2026-05-07,2.7,7.3,41.57,0,1.93,310.06,1016.49,733.2,1.28,4.292,3100.0,0.047,PM2.5-1HR
956,NOR_NO0073A,2026-05-07,2.96,7.25,42.5,0,1.91,310.25,1016.51,19952.48,1.11,4.054,3100.0,0.25,PM2.5-1HR
956,NOR_NO0083A,2026-05-07,2.93,7.21,43.05,0,1.87,309.89,1016.53,4971.47,1.15,4.11,3100.0,0.017,PM2.5-1HR
956,NOR_NO0093A,2026-05-07,5.54,7.26,42.85,0,1.87,310.56,1016.53,3909.25,1.15,4.11,3100.0,0.0,PM2.5-1HR
956,NOR_NO0095A,2026-05-07,3.07,7.12,43.49,0,1.85,308.63,1016.54,3604.7,1.04,3.956,3100.0,0.011,PM2.5-1HR
956,NOR_NO0114A,2026-05-07,5.46,7.11,43.93,0,1.79,308.5,1016.56,2854.75,1.19,4.166,3100.0,0.018,PM2.5-1HR
956,NOR_NO0122A,2026-05-07,5.16,7.31,41.51,0,1.93,310.24,1016.48,3195.24,1.28,4.292,3100.0,0.01,PM2.5-1HR
956,NOR_NO0011A,2026-05-08,4.66,8.98,50.78,0,2.61,171.59,1022.14,11265.72,1.8,5.02,3100.0,0.041,PM2.5-1HR
956,NOR_NO0057A,2026-05-08,4.11,9.13,49.68,0,2.62,174.36,1022.16,733.2,2.09,5.426,3100.0,0.047,PM2.5-1HR
956,NOR_NO0073A,2026-05-08,4.42,9.08,50.4,0,2.62,172.35,1022.16,19952.48,1.82,5.048,3100.0,0.25,PM2.5-1HR
956,NOR_NO0083A,2026-05-08,4.44,8.97,51.13,0,2.58,171.26,1022.14,4971.47,1.8,5.02,3100.0,0.017,PM2.5-1HR
956,NOR_NO0093A,2026-05-08,6.69,9.02,51.06,0,2.59,171.41,1022.15,3909.25,1.8,5.02,3100.0,0.0,PM2.5-1HR
956,NOR_NO0095A,2026-05-08,5.57,8.87,51.41,0,2.58,170.77,1022.12,3604.7,1.75,4.95,3100.0,0.011,PM2.5-1HR
956,NOR_NO0114A,2026-05-08,4.37,8.76,52.41,0,2.52,169.55,1022.1,2854.75,1.91,5.174,3100.0,0.018,PM2.5-1HR
956,NOR_NO0122A,2026-05-08,6.14,9.15,49.68,0,2.62,174.35,1022.16,3195.24,2.09,5.426,3100.0,0.01,PM2.5-1HR
956,NOR_NO0011A,2026-05-09,5.46,10.2,56.22,0,3.08,185.83,1021.3,11265.72,2.28,5.692,3100.0,0.041,PM2.5-1HR
956,NOR_NO0057A,2026-05-09,5.27,10.33,54.38,0,3.17,187.97,1021.34,733.2,2.14,5.496,3100.0,0.047,PM2.5-1HR
956,NOR_NO0073A,2026-05-09,6.65,10.29,55.63,0,3.11,186.32,1021.32,19952.48,2.06,5.384,3100.0,0.25,PM2.5-1HR
956,NOR_NO0083A,2026-05-09,5.68,10.2,56.42,0,3.06,185.37,1021.3,4971.47,2.28,5.692,3100.0,0.017,PM2.5-1HR
956,NOR_NO0093A,2026-05-09,6.34,10.24,56.27,0,3.06,185.4,1021.31,3909.25,2.28,5.692,3100.0,0.0,PM2.5-1HR
956,NOR_NO0095A,2026-05-09,6.11,10.1,56.81,0,3.03,185.14,1021.28,3604.7,2.21,5.594,3100.0,0.011,PM2.5-1HR
956,NOR_NO0114A,2026-05-09,5.68,10.01,57.63,0,2.95,184.03,1021.26,2854.75,2.39,5.846,3100.0,0.018,PM2.5-1HR
956,NOR_NO0122A,2026-05-09,6.01,10.34,54.34,0,3.17,187.96,1021.34,3195.24,2.14,5.496,3100.0,0.01,PM2.5-1HR
956,NOR_NO0011A,2026-05-10,2.92,6.91,69.45,0.09,1.45,266.13,1011.34,11265.72,0.62,3.368,3100.0,0.041,PM2.5-1HR
956,NOR_NO0057A,2026-05-10,2.58,6.94,68.59,0.08,1.53,265.17,1011.33,733.2,0.64,3.396,3100.0,0.047,PM2.5-1HR
956,NOR_NO0073A,2026-05-10,2.85,6.95,69.24,0.09,1.5,266,1011.34,19952.48,0.61,3.354,3100.0,0.25,PM2.5-1HR
956,NOR_NO0083A,2026-05-10,2.44,6.91,69.6,0.09,1.43,266.47,1011.34,4971.47,0.62,3.368,3100.0,0.017,PM2.5-1HR
956,NOR_NO0093A,2026-05-10,4.62,6.94,69.59,0.09,1.45,266.54,1011.35,3909.25,0.62,3.368,3100.0,0.0,PM2.5-1HR
956,NOR_NO0095A,2026-05-10,2.88,6.87,69.7,0.09,1.39,266.42,1011.34,3604.7,0.59,3.326,3100.0,0.011,PM2.5-1HR
956,NOR_NO0114A,2026-05-10,1.62,6.83,70.11,0.09,1.32,267.25,1011.35,2854.75,0.6,3.34,3100.0,0.018,PM2.5-1HR
956,NOR_NO0122A,2026-05-10,2.85,6.95,68.6,0.08,1.53,265.16,1011.34,3195.24,0.64,3.396,3100.0,0.01,PM2.5-1HR
956,NOR_NO0011A,2026-05-11,2.52,6.76,72.61,0.13,2.18,11.42,1003.75,11265.72,0.92,3.788,3100.0,0.041,PM2.5-1HR
956,NOR_NO0057A,2026-05-11,2.42,6.86,72.68,0.13,2.06,17.18,1003.69,733.2,0.82,3.648,3100.0,0.047,PM2.5-1HR
956,NOR_NO0073A,2026-05-11,2.42,6.83,72.89,0.13,2.14,13.28,1003.71,19952.48,0.87,3.718,3100.0,0.25,PM2.5-1HR
956,NOR_NO0083A,2026-05-11,3.52,6.76,73.02,0.14,2.17,11.09,1003.74,4971.47,0.92,3.788,3100.0,0.017,PM2.5-1HR
956,NOR_NO0093A,2026-05-11,6.16,6.79,73.24,0.14,2.16,11.62,1003.72,3909.25,0.92,3.788,3100.0,0.0,PM2.5-1HR
956,NOR_NO0095A,2026-05-11,3.36,6.69,72.68,0.13,2.19,9.85,1003.77,3604.7,0.94,3.816,3100.0,0.011,PM2.5-1HR
956,NOR_NO0114A,2026-05-11,2.65,6.6,73.12,0.14,2.2,7.92,1003.78,2854.75,1.03,3.942,3100.0,0.018,PM2.5-1HR
956,NOR_NO0122A,2026-05-11,3.04,6.86,72.76,0.13,2.06,17.41,1003.68,3195.24,0.82,3.648,3100.0,0.01,PM2.5-1HR
956,NOR_NO0011A,2026-05-12,3.08,8.59,64.55,0,1.95,329.3,1002.73,11265.72,0.97,3.858,3100.0,0.041,PM2.5-1HR
956,NOR_NO0057A,2026-05-12,2.66,8.74,63.21,0,1.99,331.71,1002.65,733.2,0.98,3.872,3100.0,0.047,PM2.5-1HR
956,NOR_NO0073A,2026-05-12,2.95,8.68,64.16,0,1.99,329.65,1002.71,19952.48,0.91,3.774,3100.0,0.25,PM2.5-1HR
956,NOR_NO0083A,2026-05-12,3.68,8.58,64.6,0,1.93,328.67,1002.74,4971.47,0.97,3.858,3100.0,0.017,PM2.5-1HR
956,NOR_NO0093A,2026-05-12,4.07,8.62,64.51,0,1.95,328.56,1002.73,3909.25,0.97,3.858,3100.0,0.0,PM2.5-1HR
956,NOR_NO0095A,2026-05-12,5.26,8.5,64.84,0,1.89,328.78,1002.76,3604.7,1.01,3.914,3100.0,0.011,PM2.5-1HR
956,NOR_NO0114A,2026-05-12,2.74,8.4,65.22,0.01,1.82,327.98,1002.79,2854.75,1.14,4.096,3100.0,0.018,PM2.5-1HR
956,NOR_NO0122A,2026-05-12,3.27,8.75,63.18,0,1.99,331.69,1002.65,3195.24,0.98,3.872,3100.0,0.01,PM2.5-1HR
956,NOR_NO0011A,2026-05-13,2.58,8.77,63.75,0.06,2.25,51.46,998.13,11265.72,0.57,3.298,3100.0,0.041,PM2.5-1HR
956,NOR_NO0057A,2026-05-13,2.33,8.77,63.06,0.06,2.32,50.48,998.13,733.2,0.63,3.382,3100.0,0.047,PM2.5-1HR
956,NOR_NO0073A,2026-05-13,3.47,8.78,63.66,0.06,2.26,51.38,998.13,19952.48,0.59,3.326,3100.0,0.25,PM2.5-1HR
956,NOR_NO0083A,2026-05-13,2.86,8.74,64.34,0.06,2.2,51.63,998.13,4971.47,0.57,3.298,3100.0,0.017,PM2.5-1HR
956,NOR_NO0093A,2026-05-13,5.26,8.75,64.44,0.06,2.19,51.69,998.13,3909.25,0.57,3.298,3100.0,0.0,PM2.5-1HR
956,NOR_NO0095A,2026-05-13,2.76,8.73,64.33,0.06,2.19,51.53,998.14,3604.7,0.53,3.242,3100.0,0.011,PM2.5-1HR
956,NOR_NO0114A,2026-05-13,2.25,8.67,65.48,0.06,2.1,51.69,998.14,2854.75,0.64,3.396,3100.0,0.018,PM2.5-1HR
956,NOR_NO0122A,2026-05-13,3.21,8.76,63.12,0.06,2.32,50.49,998.13,3195.24,0.63,3.382,3100.0,0.01,PM2.5-1HR
956,NOR_NO0011A,2026-05-14,1.7,5.47,88.87,0.54,3.16,57.4,989.05,11265.72,0.25,2.85,3100.0,0.041,PM2.5-1HR
956,NOR_NO0057A,2026-05-14,2.19,5.45,88.94,0.53,3.28,62.12,989.05,733.2,0.31,2.934,3100.0,0.047,PM2.5-1HR
956,NOR_NO0073A,2026-05-14,1.63,5.5,88.8,0.53,3.21,59.21,989.04,19952.48,0.27,2.878,3100.0,0.25,PM2.5-1HR
956,NOR_NO0083A,2026-05-14,1.03,5.52,88.45,0.53,3.11,56.74,989.04,4971.47,0.25,2.85,3100.0,0.017,PM2.5-1HR
956,NOR_NO0093A,2026-05-14,4.85,5.54,88.34,0.53,3.11,57.27,989.03,3909.25,0.25,2.85,3100.0,0.0,PM2.5-1HR
956,NOR_NO0095A,2026-05-14,2.45,5.48,88.55,0.54,3.07,55.35,989.05,3604.7,0.24,2.836,3100.0,0.011,PM2.5-1HR
956,NOR_NO0114A,2026-05-14,0.94,5.53,87.89,0.54,2.93,52.3,989.04,2854.75,0.27,2.878,3100.0,0.018,PM2.5-1HR
956,NOR_NO0122A,2026-05-14,1.24,5.46,88.9,0.53,3.27,62.29,989.05,3195.24,0.31,2.934,3100.0,0.01,PM2.5-1HR
956,NOR_NO0011A,2026-05-15,2.46,7.64,84.82,0.53,2.73,117.05,998.62,11265.72,1.1,4.04,3100.0,0.041,PM2.5-1HR
956,NOR_NO0057A,2026-05-15,3.18,7.84,84.13,0.5,2.85,118.25,998.66,733.2,1.16,4.124,3100.0,0.047,PM2.5-1HR
956,NOR_NO0073A,2026-05-15,2.89,7.73,84.64,0.52,2.76,117.73,998.63,19952.48,1.07,3.998,3100.0,0.25,PM2.5-1HR
956,NOR_NO0083A,2026-05-15,3.24,7.64,84.77,0.52,2.69,116.86,998.59,4971.47,1.1,4.04,3100.0,0.017,PM2.5-1HR
956,NOR_NO0093A,2026-05-15,6.52,7.68,84.71,0.52,2.7,117.12,998.59,3909.25,1.1,4.04,3100.0,0.0,PM2.5-1HR
956,NOR_NO0095A,2026-05-15,3.56,7.57,84.86,0.52,2.68,116.2,998.6,3604.7,1.15,4.11,3100.0,0.011,PM2.5-1HR
956,NOR_NO0114A,2026-05-15,2.59,7.5,84.88,0.51,2.6,115.04,998.54,2854.75,1.36,4.404,3100.0,0.018,PM2.5-1HR
956,NOR_NO0122A,2026-05-15,4.35,7.85,84.11,0.5,2.85,118.32,998.66,3195.24,1.16,4.124,3100.0,0.01,PM2.5-1HR
956,NOR_NO0011A,2026-05-16,3.15,7.59,87.59,0.29,2.04,53.87,1000,11265.72,0.94,3.816,3100.0,0.041,PM2.5-1HR
956,NOR_NO0057A,2026-05-16,2.12,7.76,86.7,0.27,2.09,58.93,999.99,733.2,1.08,4.012,3100.0,0.047,PM2.5-1HR
956,NOR_NO0073A,2026-05-16,3.25,7.68,87.35,0.28,2.05,55.14,999.98,19952.48,0.94,3.816,3100.0,0.25,PM2.5-1HR
956,NOR_NO0083A,2026-05-16,2.94,7.6,87.72,0.29,2,52.68,999.99,4971.47,0.94,3.816,3100.0,0.017,PM2.5-1HR
956,NOR_NO0093A,2026-05-16,5.57,7.64,87.68,0.29,2,52.78,999.98,3909.25,0.94,3.816,3100.0,0.0,PM2.5-1HR
956,NOR_NO0095A,2026-05-16,4.34,7.51,87.83,0.29,1.99,52.04,1000.01,3604.7,0.97,3.858,3100.0,0.011,PM2.5-1HR
956,NOR_NO0114A,2026-05-16,2.6,7.44,88.24,0.3,1.92,48.82,1000,2854.75,1.04,3.956,3100.0,0.018,PM2.5-1HR
956,NOR_NO0122A,2026-05-16,3,7.77,86.7,0.27,2.08,58.98,999.98,3195.24,1.08,4.012,3100.0,0.01,PM2.5-1HR
956,NOR_NO0011A,2026-05-17,4.19,8.91,81.78,0.07,2.9,185.06,1007.22,11265.72,1.58,4.712,3100.0,0.041,PM2.5-1HR
956,NOR_NO0057A,2026-05-17,3.81,8.98,81.12,0.07,3.01,187.43,1007.28,733.2,1.88,5.132,3100.0,0.047,PM2.5-1HR
956,NOR_NO0073A,2026-05-17,4.58,8.94,81.6,0.06,2.95,185.38,1007.25,19952.48,1.64,4.796,3100.0,0.25,PM2.5-1HR
956,NOR_NO0083A,2026-05-17,4.8,8.92,81.73,0.07,2.87,184.38,1007.22,4971.47,1.58,4.712,3100.0,0.017,PM2.5-1HR
956,NOR_NO0095A,2026-05-17,4.74,8.89,81.82,0.07,2.82,184.47,1007.19,3604.7,1.8,5.02,3100.0,0.011,PM2.5-1HR
956,NOR_NO0114A,2026-05-17,4.26,8.89,81.84,0.08,2.72,183.25,1007.16,2854.75,1.78,4.992,3100.0,0.018,PM2.5-1HR
956,NOR_NO0122A,2026-05-17,4.8,8.99,81.1,0.07,3.01,187.4,1007.28,3195.24,1.88,5.132,3100.0,0.01,PM2.5-1HR
956,NOR_NO0093A,2026-05-17,5.93,8.94,81.68,0.07,2.89,184.25,1007.23,3909.25,1.58,4.712,3100.0,0.0,PM2.5-1HR
956,NOR_NO0011A,2026-05-18,5.76,10.43,72.14,0.02,1.83,120.7,1017.9,11265.72,3.34,7.176,3100.0,0.041,PM2.5-1HR
956,NOR_NO0057A,2026-05-18,5.43,10.56,70.15,0.02,1.9,122.77,1017.91,733.2,3.68,7.652,3100.0,0.047,PM2.5-1HR
956,NOR_NO0073A,2026-05-18,6.63,10.52,71.5,0.02,1.84,121.44,1017.9,19952.48,3.22,7.008,3100.0,0.25,PM2.5-1HR
956,NOR_NO0083A,2026-05-18,6.53,10.43,72.32,0.02,1.8,120.28,1017.89,4971.47,3.34,7.176,3100.0,0.017,PM2.5-1HR
956,NOR_NO0093A,2026-05-18,8.42,10.47,72.15,0.02,1.8,120.47,1017.88,3909.25,3.34,7.176,3100.0,0.0,PM2.5-1HR
956,NOR_NO0095A,2026-05-18,6.5,10.34,72.74,0.02,1.8,119.72,1017.89,3604.7,3.32,7.148,3100.0,0.011,PM2.5-1HR
956,NOR_NO0114A,2026-05-18,5.57,10.23,73.58,0.02,1.76,118.25,1017.86,2854.75,3.43,7.302,3100.0,0.018,PM2.5-1HR
956,NOR_NO0122A,2026-05-18,6.71,10.57,70.1,0.02,1.9,122.82,1017.91,3195.24,3.68,7.652,3100.0,0.01,PM2.5-1HR
956,NOR_NO0011A,2026-05-19,5.64,12.59,64.57,0.02,1.54,130.02,1017.95,11265.72,3.11,6.854,3100.0,0.041,PM2.5-1HR
956,NOR_NO0057A,2026-05-19,7.92,12.72,63.46,0.01,1.52,134,1017.95,733.2,3.61,7.554,3100.0,0.047,PM2.5-1HR
956,NOR_NO0073A,2026-05-19,7.56,12.68,64.18,0.02,1.54,131.14,1017.95,19952.48,3.12,6.868,3100.0,0.25,PM2.5-1HR
956,NOR_NO0083A,2026-05-19,6.15,12.57,64.75,0.02,1.53,128.97,1017.94,4971.47,3.11,6.854,3100.0,0.017,PM2.5-1HR
956,NOR_NO0093A,2026-05-19,7.97,12.6,64.65,0.02,1.52,129.1,1017.94,3909.25,3.11,6.854,3100.0,0.0,PM2.5-1HR
956,NOR_NO0095A,2026-05-19,5.71,12.48,65.05,0.02,1.53,128.32,1017.94,3604.7,3.06,6.784,3100.0,0.011,PM2.5-1HR
956,NOR_NO0114A,2026-05-19,4.94,12.35,65.71,0.02,1.51,125.5,1017.93,2854.75,2.98,6.672,3100.0,0.018,PM2.5-1HR
956,NOR_NO0122A,2026-05-19,7.07,12.73,63.44,0.01,1.52,134.05,1017.95,3195.24,3.61,7.554,3100.0,0.01,PM2.5-1HR
956,NOR_NO0011A,2026-05-20,6.01,13.04,63.86,0.03,1.78,166.56,1017.5,11265.72,3.1,6.84,3100.0,0.041,PM2.5-1HR
956,NOR_NO0057A,2026-05-20,6.98,13.26,62.86,0.03,1.78,171.16,1017.49,733.2,2.9,6.56,3100.0,0.047,PM2.5-1HR
956,NOR_NO0073A,2026-05-20,6.17,13.15,63.58,0.03,1.78,168.43,1017.5,19952.48,3.01,6.714,3100.0,0.25,PM2.5-1HR
956,NOR_NO0083A,2026-05-20,7.29,12.97,64.21,0.03,1.76,165.87,1017.5,4971.47,3.1,6.84,3100.0,0.017,PM2.5-1HR
956,NOR_NO0093A,2026-05-20,7.61,13.01,64.19,0.03,1.76,166.46,1017.5,3909.25,3.1,6.84,3100.0,0.0,PM2.5-1HR
956,NOR_NO0095A,2026-05-20,7.03,12.87,64.37,0.03,1.76,164.29,1017.49,3604.7,2.89,6.546,3100.0,0.011,PM2.5-1HR
956,NOR_NO0114A,2026-05-20,5.28,12.64,65.23,0.03,1.73,161.27,1017.49,2854.75,3.17,6.938,3100.0,0.018,PM2.5-1HR
956,NOR_NO0122A,2026-05-20,7.93,13.27,62.87,0.03,1.78,171.3,1017.49,3195.24,2.9,6.56,3100.0,0.01,PM2.5-1HR
956,NOR_NO0011A,2026-05-21,4.79,12.52,86.35,0.44,1.99,175.69,1017.53,11265.72,2.65,6.21,3100.0,0.041,PM2.5-1HR
956,NOR_NO0057A,2026-05-21,5.54,12.6,86.07,0.42,2.05,179.13,1017.56,733.2,2.71,6.294,3100.0,0.047,PM2.5-1HR
956,NOR_NO0073A,2026-05-21,5.89,12.54,86.29,0.43,2.03,176.69,1017.54,19952.48,2.33,5.762,3100.0,0.25,PM2.5-1HR
956,NOR_NO0083A,2026-05-21,7.95,12.54,86.17,0.43,1.97,175.07,1017.52,4971.47,2.65,6.21,3100.0,0.017,PM2.5-1HR
956,NOR_NO0093A,2026-05-21,7.12,12.54,86.14,0.42,1.98,175.25,1017.52,3909.25,2.65,6.21,3100.0,0.0,PM2.5-1HR
956,NOR_NO0095A,2026-05-21,5.9,12.52,86.18,0.43,1.93,174.42,1017.5,3604.7,2.8,6.42,3100.0,0.011,PM2.5-1HR
956,NOR_NO0114A,2026-05-21,8.66,12.55,85.87,0.41,1.84,172.45,1017.48,2854.75,2.72,6.308,3100.0,0.018,PM2.5-1HR
956,NOR_NO0122A,2026-05-21,8.87,12.6,86.05,0.42,2.05,179.19,1017.56,3195.24,2.71,6.294,3100.0,0.01,PM2.5-1HR
956,NOR_NO0011A,2026-05-22,5.34,14.04,74.95,0,1.87,256.01,1021.94,11265.72,1.4,4.46,3100.0,0.041,PM2.5-1HR
956,NOR_NO0057A,2026-05-22,6.68,14.19,73.95,0,1.92,255.98,1021.93,733.2,1.43,4.502,3100.0,0.047,PM2.5-1HR
956,NOR_NO0073A,2026-05-22,6.08,14.13,74.69,0,1.88,256.29,1021.95,19952.48,1.3,4.32,3100.0,0.25,PM2.5-1HR
956,NOR_NO0083A,2026-05-22,8.62,14,74.89,0,1.84,255.99,1021.95,4971.47,1.4,4.46,3100.0,0.017,PM2.5-1HR
956,NOR_NO0093A,2026-05-22,7.63,14.03,74.82,0,1.83,256.15,1021.96,3909.25,1.4,4.46,3100.0,0.0,PM2.5-1HR
956,NOR_NO0095A,2026-05-22,5.91,13.91,75.03,0,1.84,255.65,1021.95,3604.7,1.27,4.278,3100.0,0.011,PM2.5-1HR
956,NOR_NO0114A,2026-05-22,6.7,13.75,75.07,0,1.76,255.14,1021.96,2854.75,1.29,4.306,3100.0,0.018,PM2.5-1HR
956,NOR_NO0122A,2026-05-22,9.34,14.19,73.92,0,1.92,255.99,1021.93,3195.24,1.43,4.502,3100.0,0.01,PM2.5-1HR
956,NOR_NO0011A,2026-05-23,7.11,14.67,76.74,0.06,3.41,213.74,1019.45,11265.72,1.49,4.586,3100.0,0.041,PM2.5-1HR
956,NOR_NO0057A,2026-05-23,8.31,14.79,76.42,0.05,3.57,214,1019.48,733.2,1.77,4.978,3100.0,0.047,PM2.5-1HR
956,NOR_NO0073A,2026-05-23,10.93,14.72,76.75,0.06,3.46,213.04,1019.48,19952.48,1.54,4.656,3100.0,0.25,PM2.5-1HR
956,NOR_NO0083A,2026-05-23,10.91,14.63,76.77,0.06,3.35,213.02,1019.47,4971.47,1.49,4.586,3100.0,0.017,PM2.5-1HR
956,NOR_NO0093A,2026-05-23,7.06,14.65,76.81,0.06,3.36,212.47,1019.48,3909.25,1.49,4.586,3100.0,0.0,PM2.5-1HR
956,NOR_NO0095A,2026-05-23,8.4,14.58,76.69,0.06,3.33,213.97,1019.44,3604.7,1.32,4.348,3100.0,0.011,PM2.5-1HR
956,NOR_NO0114A,2026-05-23,10.72,14.47,76.66,0.07,3.19,213.69,1019.45,2854.75,0.84,3.676,3100.0,0.018,PM2.5-1HR
956,NOR_NO0122A,2026-05-23,10.78,14.79,76.43,0.05,3.57,213.84,1019.49,3195.24,1.77,4.978,3100.0,0.01,PM2.5-1HR
956,NOR_NO0011A,2026-05-24,1.83,15.52,55.42,0,3.68,271.38,1022.08,11265.72,0.46,3.144,3100.0,0.041,PM2.5-1HR
956,NOR_NO0057A,2026-05-24,2.58,15.77,54.07,0,3.79,271.88,1022,733.2,0.45,3.13,3100.0,0.047,PM2.5-1HR
956,NOR_NO0073A,2026-05-24,2.11,15.66,54.98,0,3.7,271.84,1022.06,19952.48,0.42,3.088,3100.0,0.25,PM2.5-1HR
956,NOR_NO0083A,2026-05-24,1.97,15.5,55.52,0,3.63,271.73,1022.12,4971.47,0.46,3.144,3100.0,0.017,PM2.5-1HR
956,NOR_NO0093A,2026-05-24,3.73,15.55,55.4,0,3.62,272.01,1022.13,3909.25,0.46,3.144,3100.0,0.0,PM2.5-1HR
956,NOR_NO0095A,2026-05-24,3.42,15.37,55.82,0,3.62,271.22,1022.13,3604.7,0.47,3.158,3100.0,0.011,PM2.5-1HR
956,NOR_NO0114A,2026-05-24,1.34,15.19,56.34,0,3.51,271.35,1022.22,2854.75,0.56,3.284,3100.0,0.018,PM2.5-1HR
956,NOR_NO0122A,2026-05-24,1.68,15.78,54.04,0,3.79,271.97,1022,3195.24,0.45,3.13,3100.0,0.01,PM2.5-1HR
956,NOR_NO0057A,2026-05-25,2.88,15.45,58.3,0.02,3.34,256.31,1022.62,733.2,0.66,3.424,3100.0,0.047,PM2.5-1HR
956,NOR_NO0011A,2026-05-25,2.28,15.26,59.62,0.02,3.14,254.95,1022.68,11265.72,0.6,3.34,3100.0,0.041,PM2.5-1HR
956,NOR_NO0073A,2026-05-25,3.43,15.4,59.17,0.02,3.18,255.36,1022.67,19952.48,0.61,3.354,3100.0,0.25,PM2.5-1HR
956,NOR_NO0083A,2026-05-25,2.38,15.25,59.73,0.02,3.06,254.69,1022.7,4971.47,0.6,3.34,3100.0,0.017,PM2.5-1HR
956,NOR_NO0093A,2026-05-25,5.02,15.32,59.6,0.02,3.05,254.77,1022.7,3909.25,0.6,3.34,3100.0,0.0,PM2.5-1HR
956,NOR_NO0095A,2026-05-25,3.32,15.11,60.06,0.02,3.05,254.42,1022.7,3604.7,0.46,3.144,3100.0,0.011,PM2.5-1HR
956,NOR_NO0114A,2026-05-25,1.58,14.96,60.62,0.02,2.88,253.57,1022.75,2854.75,0.52,3.228,3100.0,0.018,PM2.5-1HR
956,NOR_NO0122A,2026-05-25,2.05,15.46,58.27,0.02,3.34,256.33,1022.62,3195.24,0.66,3.424,3100.0,0.01,PM2.5-1HR
956,NOR_NO0011A,2026-05-26,2.35,14.94,45.97,0,4.07,265.7,1018.1,11265.72,0.53,3.242,3100.0,0.041,PM2.5-1HR
956,NOR_NO0057A,2026-05-26,3.12,15.13,44.88,0,4.19,266.02,1018.02,733.2,0.55,3.27,3100.0,0.047,PM2.5-1HR
956,NOR_NO0073A,2026-05-26,2.57,15.05,45.68,0,4.1,265.84,1018.08,19952.48,0.48,3.172,3100.0,0.25,PM2.5-1HR
956,NOR_NO0083A,2026-05-26,3.08,14.94,46.09,0,4.03,265.79,1018.14,4971.47,0.53,3.242,3100.0,0.017,PM2.5-1HR
956,NOR_NO0093A,2026-05-26,4.4,14.99,46.04,0,4.03,265.86,1018.15,3909.25,0.53,3.242,3100.0,0.0,PM2.5-1HR
956,NOR_NO0114A,2026-05-26,2.21,14.72,46.66,0,3.94,265.71,1018.22,2854.75,0.5,3.2,3100.0,0.018,PM2.5-1HR
956,NOR_NO0122A,2026-05-26,2.96,15.14,44.86,0,4.19,266.05,1018.02,3195.24,0.55,3.27,3100.0,0.01,PM2.5-1HR
956,NOR_NO0149A,2026-05-26,2.3,15.14,45.11,0,4.15,266.06,1018.05,2035.57,0.48,3.172,3100.0,0.292,PM2.5-1HR
956,NOR_NO0095A,2026-05-26,4.3,14.84,46.25,0,4.02,265.66,1018.14,3604.7,0.41,3.074,3100.0,0.011,PM2.5-1HR
956,NOR_NO0011A,2026-05-27,2.14,13.12,43.81,0,3.02,310.09,1020.5,11265.72,0.74,3.536,3100.0,0.041,PM2.5-1HR
956,NOR_NO0057A,2026-05-27,1.97,13.24,42.34,0,3.14,311.45,1020.42,733.2,0.7,3.48,3100.0,0.047,PM2.5-1HR
956,NOR_NO0073A,2026-05-27,2.18,13.21,43.39,0,3.06,310.66,1020.48,19952.48,0.7,3.48,3100.0,0.25,PM2.5-1HR
956,NOR_NO0083A,2026-05-27,1.94,13.16,43.82,0,3,310.02,1020.52,4971.47,0.74,3.536,3100.0,0.017,PM2.5-1HR
956,NOR_NO0093A,2026-05-27,17.66,13.2,43.71,0,3.01,310.22,1020.52,3909.25,0.74,3.536,3100.0,0.0,PM2.5-1HR
956,NOR_NO0095A,2026-05-27,3.18,13.07,44.06,0,2.98,309.55,1020.54,3604.7,0.78,3.592,3100.0,0.011,PM2.5-1HR
956,NOR_NO0114A,2026-05-27,1.6,13.04,44.34,0,2.92,308.87,1020.6,2854.75,1.03,3.942,3100.0,0.018,PM2.5-1HR
956,NOR_NO0122A,2026-05-27,2.52,13.25,42.3,0,3.15,311.51,1020.42,3195.24,0.7,3.48,3100.0,0.01,PM2.5-1HR
956,NOR_NO0149A,2026-05-27,2.21,13.27,42.56,0,3.12,311.38,1020.44,2035.57,0.7,3.48,3100.0,0.292,PM2.5-1HR
956,NOR_NO0011A,2026-05-28,2.38,12.38,50.85,0,2.18,293.81,1022.9,11265.72,0.69,3.466,3100.0,0.041,PM2.5-1HR
956,NOR_NO0057A,2026-05-28,2.92,12.44,49.32,0,2.31,298.04,1022.9,733.2,0.77,3.578,3100.0,0.047,PM2.5-1HR
956,NOR_NO0073A,2026-05-28,2.03,12.42,50.52,0,2.23,295.02,1022.9,19952.48,0.68,3.452,3100.0,0.25,PM2.5-1HR
956,NOR_NO0083A,2026-05-28,2.71,12.4,50.99,0,2.15,292.93,1022.9,4971.47,0.69,3.466,3100.0,0.017,PM2.5-1HR
956,NOR_NO0093A,2026-05-28,5.02,12.42,50.96,0,2.16,293.12,1022.91,3909.25,0.69,3.466,3100.0,0.0,PM2.5-1HR
956,NOR_NO0095A,2026-05-28,3.7,12.35,51.1,0,2.11,292.24,1022.89,3604.7,0.65,3.41,3100.0,0.011,PM2.5-1HR
956,NOR_NO0114A,2026-05-28,1.97,12.34,51.51,0,2,289.43,1022.89,2854.75,0.73,3.522,3100.0,0.018,PM2.5-1HR
956,NOR_NO0122A,2026-05-28,3.93,12.45,49.3,0,2.31,298.09,1022.9,3195.24,0.77,3.578,3100.0,0.01,PM2.5-1HR
956,NOR_NO0149A,2026-05-28,2.34,12.46,49.66,0,2.29,297.23,1022.91,2035.57,0.68,3.452,3100.0,0.292,PM2.5-1HR
956,NOR_NO0011A,2026-05-29,4.9,13.67,61.33,0.01,2.4,177.69,1016.22,11265.72,1.49,4.586,3100.0,0.041,PM2.5-1HR
956,NOR_NO0057A,2026-05-29,4.28,13.86,59.51,0.01,2.51,187.99,1016.26,733.2,1.38,4.432,3100.0,0.047,PM2.5-1HR
956,NOR_NO0073A,2026-05-29,4.86,13.74,60.9,0.01,2.43,179.92,1016.24,19952.48,1.38,4.432,3100.0,0.25,PM2.5-1HR
956,NOR_NO0083A,2026-05-29,5.16,13.65,61.61,0.01,2.38,175.9,1016.21,4971.47,1.49,4.586,3100.0,0.017,PM2.5-1HR
956,NOR_NO0093A,2026-05-29,6.63,13.67,61.57,0.01,2.39,174.68,1016.23,3909.25,1.49,4.586,3100.0,0.0,PM2.5-1HR
956,NOR_NO0095A,2026-05-29,6.47,13.59,61.79,0.01,2.36,174.74,1016.19,3604.7,1.54,4.656,3100.0,0.011,PM2.5-1HR
956,NOR_NO0114A,2026-05-29,4.88,13.5,62.54,0.01,2.29,171.24,1016.15,2854.75,1.77,4.978,3100.0,0.018,PM2.5-1HR
956,NOR_NO0122A,2026-05-29,6.16,13.87,59.5,0.01,2.51,187.66,1016.26,3195.24,1.38,4.432,3100.0,0.01,PM2.5-1HR
956,NOR_NO0149A,2026-05-29,5.2,13.84,59.95,0.01,2.49,184.48,1016.26,2035.57,1.38,4.432,3100.0,0.292,PM2.5-1HR
956,NOR_NO0011A,2026-05-30,7.45,15.17,68.54,0.03,1.64,340.9,1010.12,11265.72,1.77,4.978,3100.0,0.041,PM2.5-1HR
956,NOR_NO0057A,2026-05-30,8.15,15.33,67.86,0.03,1.66,330.43,1010.09,733.2,1.86,5.104,3100.0,0.047,PM2.5-1HR
956,NOR_NO0073A,2026-05-30,8.45,15.26,68.41,0.03,1.65,340,1010.11,19952.48,1.78,4.992,3100.0,0.25,PM2.5-1HR
956,NOR_NO0083A,2026-05-30,9.28,15.14,68.65,0.03,1.63,341.62,1010.12,4971.47,1.77,4.978,3100.0,0.017,PM2.5-1HR
956,NOR_NO0093A,2026-05-30,8.34,15.18,68.65,0.03,1.63,342.57,1010.12,3909.25,1.77,4.978,3100.0,0.0,PM2.5-1HR
956,NOR_NO0095A,2026-05-30,8.2,15.05,68.68,0.03,1.63,340.15,1010.13,3604.7,1.68,4.852,3100.0,0.011,PM2.5-1HR
956,NOR_NO0114A,2026-05-30,9.47,14.9,68.93,0.03,1.6,339.76,1010.14,2854.75,1.69,4.866,3100.0,0.018,PM2.5-1HR
956,NOR_NO0122A,2026-05-30,11.51,15.33,67.86,0.03,1.66,330.6,1010.09,3195.24,1.86,5.104,3100.0,0.01,PM2.5-1HR
956,NOR_NO0149A,2026-05-30,9.15,15.33,68.05,0.03,1.65,333.22,1010.09,2035.57,1.78,4.992,3100.0,0.292,PM2.5-1HR
956,NOR_NO0011A,2026-06-01,4.61,13.01,89.24,0.14,2.75,170.13,1009.79,11265.72,2.24,5.636,3100.0,0.041,PM2.5-1HR
956,NOR_NO0057A,2026-06-01,6.12,13.07,88.62,0.13,2.87,174.64,1009.86,733.2,2.17,5.538,3100.0,0.047,PM2.5-1HR
956,NOR_NO0073A,2026-06-01,5.47,13.04,88.93,0.13,2.81,171.45,1009.83,19952.48,2.21,5.594,3100.0,0.25,PM2.5-1HR
956,NOR_NO0083A,2026-06-01,8.17,13.03,89.21,0.15,2.72,169.28,1009.78,4971.47,2.24,5.636,3100.0,0.017,PM2.5-1HR
956,NOR_NO0093A,2026-06-01,5.74,13.04,89.08,0.15,2.74,169.52,1009.79,3909.25,2.24,5.636,3100.0,0.0,PM2.5-1HR
956,NOR_NO0095A,2026-06-01,6.76,13.01,89.49,0.16,2.67,168.44,1009.76,3604.7,1.93,5.202,3100.0,0.011,PM2.5-1HR
956,NOR_NO0114A,2026-06-01,9.49,13.08,89.47,0.22,2.65,166.67,1009.62,2854.75,1.83,5.062,3100.0,0.018,PM2.5-1HR
956,NOR_NO0122A,2026-06-01,10.34,13.07,88.59,0.13,2.87,174.7,1009.86,3195.24,2.17,5.538,3100.0,0.01,PM2.5-1HR
956,NOR_NO0149A,2026-06-01,6.03,13.07,88.61,0.13,2.86,173.75,1009.85,2035.57,2.21,5.594,3100.0,0.292,PM2.5-1HR
956,NOR_NO0011A,2026-06-02,4,13.44,84.28,0.05,2.67,171.87,1008.49,11265.72,1.81,5.034,3100.0,0.041,PM2.5-1HR
956,NOR_NO0057A,2026-06-02,6.25,13.68,82.84,0.04,2.77,175.57,1008.54,733.2,1.84,5.076,3100.0,0.047,PM2.5-1HR
956,NOR_NO0073A,2026-06-02,5.43,13.53,83.87,0.05,2.71,172.84,1008.51,19952.48,1.64,4.796,3100.0,0.25,PM2.5-1HR
956,NOR_NO0083A,2026-06-02,7.24,13.41,84.5,0.05,2.63,170.99,1008.48,4971.47,1.81,5.034,3100.0,0.017,PM2.5-1HR
956,NOR_NO0093A,2026-06-02,6.05,13.44,84.42,0.05,2.64,171.08,1008.48,3909.25,1.81,5.034,3100.0,0.0,PM2.5-1HR
956,NOR_NO0095A,2026-06-02,5.63,13.35,84.74,0.05,2.6,170.45,1008.46,3604.7,1.53,4.642,3100.0,0.011,PM2.5-1HR
956,NOR_NO0114A,2026-06-02,8.46,13.22,85.41,0.05,2.5,168,1008.42,2854.75,1.87,5.118,3100.0,0.018,PM2.5-1HR
956,NOR_NO0122A,2026-06-02,8.25,13.68,82.83,0.04,2.77,175.58,1008.54,3195.24,1.84,5.076,3100.0,0.01,PM2.5-1HR
956,NOR_NO0149A,2026-06-02,5.85,13.64,83.15,0.04,2.75,174.67,1008.53,2035.57,1.64,4.796,3100.0,0.292,PM2.5-1HR
956,NOR_NO0011A,2026-06-03,7.13,16.08,81.79,0.2,2.75,122.55,1005.26,11265.72,2.8,6.42,3100.0,0.041,PM2.5-1HR
956,NOR_NO0057A,2026-06-03,8.17,16.34,80.33,0.2,2.87,125.57,1005.3,733.2,2.72,6.308,3100.0,0.047,PM2.5-1HR
956,NOR_NO0073A,2026-06-03,7.27,16.18,81.35,0.2,2.77,123.2,1005.27,19952.48,2.64,6.196,3100.0,0.25,PM2.5-1HR
956,NOR_NO0083A,2026-06-03,9.33,16.04,81.95,0.19,2.71,121.78,1005.23,4971.47,2.8,6.42,3100.0,0.017,PM2.5-1HR
956,NOR_NO0093A,2026-06-03,8.1,16.07,81.86,0.19,2.71,121.76,1005.23,3909.25,2.8,6.42,3100.0,0.0,PM2.5-1HR
956,NOR_NO0095A,2026-06-03,7.45,15.96,82.23,0.19,2.7,121.57,1005.23,3604.7,2.21,5.594,3100.0,0.011,PM2.5-1HR
956,NOR_NO0114A,2026-06-03,11.09,15.8,82.86,0.18,2.63,119.78,1005.18,2854.75,2.63,6.182,3100.0,0.018,PM2.5-1HR
956,NOR_NO0122A,2026-06-03,11.68,16.35,80.31,0.2,2.87,125.56,1005.3,3195.24,2.72,6.308,3100.0,0.01,PM2.5-1HR
956,NOR_NO0149A,2026-06-03,8.82,16.31,80.6,0.2,2.83,124.76,1005.29,2035.57,2.64,6.196,3100.0,0.292,PM2.5-1HR
956,NOR_NO0011A,2026-06-04,5.66,14.06,91.5,0.85,3.78,153.38,999.33,11265.72,2.1,5.44,3100.0,0.041,PM2.5-1HR
956,NOR_NO0057A,2026-06-04,5.74,14.21,91.22,0.84,3.83,154.87,999.44,733.2,2.2,5.58,3100.0,0.047,PM2.5-1HR
956,NOR_NO0073A,2026-06-04,7.4,14.13,91.41,0.84,3.82,154.06,999.37,19952.48,1.94,5.216,3100.0,0.25,PM2.5-1HR
956,NOR_NO0083A,2026-06-04,8.01,14.08,91.39,0.84,3.75,153.15,999.3,4971.47,2.1,5.44,3100.0,0.017,PM2.5-1HR
956,NOR_NO0093A,2026-06-04,6.07,14.11,91.35,0.83,3.76,153.39,999.31,3909.25,2.1,5.44,3100.0,0.0,PM2.5-1HR
956,NOR_NO0095A,2026-06-04,4.83,14.02,91.44,0.84,3.72,152.54,999.28,3604.7,1.83,5.062,3100.0,0.011,PM2.5-1HR
956,NOR_NO0114A,2026-06-04,9.07,13.98,91.31,0.83,3.63,151.37,999.19,2854.75,2.12,5.468,3100.0,0.018,PM2.5-1HR
956,NOR_NO0122A,2026-06-04,9.98,14.22,91.2,0.84,3.83,154.92,999.44,3195.24,2.2,5.58,3100.0,0.01,PM2.5-1HR
956,NOR_NO0149A,2026-06-04,6.34,14.22,91.22,0.84,3.83,154.8,999.42,2035.57,1.94,5.216,3100.0,0.292,PM2.5-1HR
956,NOR_NO0011A,2026-06-05,4.32,13.68,88.69,0.44,3.56,165.29,1001.57,11265.72,2.64,6.196,3100.0,0.041,PM2.5-1HR
956,NOR_NO0057A,2026-06-05,5.44,13.8,88.15,0.43,3.7,168.38,1001.65,733.2,2.72,6.308,3100.0,0.047,PM2.5-1HR
956,NOR_NO0073A,2026-06-05,4.11,13.73,88.58,0.45,3.62,166.29,1001.6,19952.48,2.38,5.832,3100.0,0.25,PM2.5-1HR
956,NOR_NO0083A,2026-06-05,7.94,13.69,88.67,0.46,3.51,164.84,1001.55,4971.47,2.64,6.196,3100.0,0.017,PM2.5-1HR
956,NOR_NO0093A,2026-06-05,6.11,13.71,88.65,0.46,3.52,165.08,1001.56,3909.25,2.64,6.196,3100.0,0.0,PM2.5-1HR
956,NOR_NO0095A,2026-06-05,2.81,13.65,88.69,0.45,3.46,164.13,1001.52,3604.7,2.56,6.084,3100.0,0.011,PM2.5-1HR
956,NOR_NO0114A,2026-06-05,8.05,13.63,88.69,0.47,3.32,162.38,1001.45,2854.75,3.09,6.826,3100.0,0.018,PM2.5-1HR
956,NOR_NO0122A,2026-06-05,8.02,13.8,88.14,0.43,3.7,168.45,1001.65,3195.24,2.72,6.308,3100.0,0.01,PM2.5-1HR
956,NOR_NO0149A,2026-06-05,4.22,13.8,88.26,0.44,3.68,167.91,1001.64,2035.57,2.38,5.832,3100.0,0.292,PM2.5-1HR
956,NOR_NO0011A,2026-06-06,3.93,14.07,77.5,0.02,2.09,166.95,1011.57,11265.72,1.34,4.376,3100.0,0.041,PM2.5-1HR
956,NOR_NO0057A,2026-06-06,4.08,14.16,76.61,0.01,2.19,174.4,1011.61,733.2,1.37,4.418,3100.0,0.047,PM2.5-1HR
956,NOR_NO0073A,2026-06-06,3.51,14.12,77.16,0.01,2.14,168.73,1011.59,19952.48,1.24,4.236,3100.0,0.25,PM2.5-1HR
956,NOR_NO0083A,2026-06-06,6.46,14.07,77.55,0.02,2.06,165.98,1011.57,4971.47,1.34,4.376,3100.0,0.017,PM2.5-1HR
956,NOR_NO0093A,2026-06-06,5.45,14.09,77.44,0.02,2.08,166.23,1011.57,3909.25,1.34,4.376,3100.0,0.0,PM2.5-1HR
956,NOR_NO0095A,2026-06-06,3.44,14.02,77.8,0.02,2.02,165.21,1011.56,3604.7,1.35,4.39,3100.0,0.011,PM2.5-1HR
956,NOR_NO0114A,2026-06-06,6.65,13.97,78.19,0.03,1.93,162.29,1011.53,2854.75,1.61,4.754,3100.0,0.018,PM2.5-1HR
956,NOR_NO0122A,2026-06-06,5.83,14.17,76.58,0.01,2.19,174.6,1011.61,3195.24,1.37,4.418,3100.0,0.01,PM2.5-1HR
956,NOR_NO0149A,2026-06-06,4.34,14.16,76.69,0.01,2.18,173.12,1011.61,2035.57,1.24,4.236,3100.0,0.292,PM2.5-1HR
956,NOR_NO0073A,2026-06-07,4.35,14.57,77.06,0,2.83,189.47,1013.49,19952.48,1.9,5.16,3100.0,0.25,PM2.5-1HR
956,NOR_NO0083A,2026-06-07,6.14,14.5,77.27,0,2.76,187.39,1013.46,4971.47,2.08,5.412,3100.0,0.017,PM2.5-1HR
956,NOR_NO0011A,2026-06-07,4.24,14.51,77.26,0,2.78,188.27,1013.47,11265.72,2.08,5.412,3100.0,0.041,PM2.5-1HR
956,NOR_NO0057A,2026-06-07,5.29,14.62,76.35,0,2.88,192.78,1013.51,733.2,2.14,5.496,3100.0,0.047,PM2.5-1HR
956,NOR_NO0093A,2026-06-07,6.44,14.53,77.23,0,2.77,187.56,1013.47,3909.25,2.08,5.412,3100.0,0.0,PM2.5-1HR
956,NOR_NO0095A,2026-06-07,3.8,14.44,77.35,0,2.72,186.7,1013.44,3604.7,2.08,5.412,3100.0,0.011,PM2.5-1HR
956,NOR_NO0114A,2026-06-07,6.03,14.37,77.44,0,2.64,184.16,1013.4,2854.75,2.7,6.28,3100.0,0.018,PM2.5-1HR
956,NOR_NO0122A,2026-06-07,5.46,14.62,76.34,0,2.89,192.81,1013.51,3195.24,2.14,5.496,3100.0,0.01,PM2.5-1HR
956,NOR_NO0149A,2026-06-07,4.3,14.62,76.55,0,2.88,191.76,1013.51,2035.57,1.9,5.16,3100.0,0.292,PM2.5-1HR
956,NOR_NO0011A,2026-06-08,5.81,14.64,82,0,3.4,175.29,1014.06,11265.72,2.27,5.678,3100.0,0.041,PM2.5-1HR
956,NOR_NO0057A,2026-06-08,6.54,14.81,80.95,0.01,3.42,179.02,1014.12,733.2,2.35,5.79,3100.0,0.047,PM2.5-1HR
956,NOR_NO0073A,2026-06-08,6.24,14.72,81.72,0,3.43,176.41,1014.09,19952.48,2.2,5.58,3100.0,0.25,PM2.5-1HR
956,NOR_NO0083A,2026-06-08,9.21,14.63,82.03,0,3.38,174.68,1014.04,4971.47,2.27,5.678,3100.0,0.017,PM2.5-1HR
956,NOR_NO0093A,2026-06-08,6.56,14.67,81.97,0,3.39,174.91,1014.05,3909.25,2.27,5.678,3100.0,0.0,PM2.5-1HR
956,NOR_NO0095A,2026-06-08,6.64,14.56,82.18,0,3.34,173.95,1014.02,3604.7,2.13,5.482,3100.0,0.011,PM2.5-1HR
956,NOR_NO0114A,2026-06-08,10.14,14.48,82.39,0,3.27,171.93,1013.97,2854.75,2.36,5.804,3100.0,0.018,PM2.5-1HR
956,NOR_NO0122A,2026-06-08,10.08,14.82,80.93,0.01,3.42,179.08,1014.12,3195.24,2.35,5.79,3100.0,0.01,PM2.5-1HR
956,NOR_NO0149A,2026-06-08,6.46,14.81,81.13,0.01,3.43,178.35,1014.11,2035.57,2.2,5.58,3100.0,0.292,PM2.5-1HR
956,NOR_NO0011A,2026-06-09,3.95,12.97,92.71,1.13,3.39,117.2,1005.03,11265.72,0.63,3.382,3100.0,0.041,PM2.5-1HR
956,NOR_NO0057A,2026-06-09,4.05,13.08,92.18,1.08,3.46,119.07,1005.11,733.2,0.67,3.438,3100.0,0.047,PM2.5-1HR
956,NOR_NO0073A,2026-06-09,3.5,13.02,92.56,1.11,3.42,117.94,1005.05,19952.48,0.6,3.34,3100.0,0.25,PM2.5-1HR
956,NOR_NO0083A,2026-06-09,5.98,12.99,92.66,1.12,3.36,117.18,1004.99,4971.47,0.63,3.382,3100.0,0.017,PM2.5-1HR
956,NOR_NO0093A,2026-06-09,5.16,13.01,92.62,1.12,3.37,117.44,1004.99,3909.25,0.63,3.382,3100.0,0.0,PM2.5-1HR
956,NOR_NO0095A,2026-06-09,3.53,12.94,92.75,1.13,3.34,116.59,1004.98,3604.7,0.66,3.424,3100.0,0.011,PM2.5-1HR
956,NOR_NO0114A,2026-06-09,6.3,12.93,92.77,1.14,3.24,115.91,1004.89,2854.75,0.65,3.41,3100.0,0.018,PM2.5-1HR
956,NOR_NO0122A,2026-06-09,7.61,13.08,92.17,1.08,3.46,119.17,1005.1,3195.24,0.67,3.438,3100.0,0.01,PM2.5-1HR
956,NOR_NO0149A,2026-06-09,4.58,13.08,92.24,1.09,3.45,119.04,1005.08,2035.57,0.6,3.34,3100.0,0.292,PM2.5-1HR
956,NOR_NO0011A,2026-06-10,2,12.51,70.2,0.1,4.27,206.29,1004.36,11265.72,0.61,3.354,3100.0,0.041,PM2.5-1HR
956,NOR_NO0057A,2026-06-10,3.06,12.57,69.68,0.08,4.45,206.9,1004.42,733.2,0.5,3.2,3100.0,0.047,PM2.5-1HR
956,NOR_NO0073A,2026-06-10,2.53,12.54,70.06,0.1,4.34,206.27,1004.4,19952.48,0.57,3.298,3100.0,0.25,PM2.5-1HR
956,NOR_NO0083A,2026-06-10,2.12,12.51,70.18,0.1,4.22,206.14,1004.38,4971.47,0.61,3.354,3100.0,0.017,PM2.5-1HR
956,NOR_NO0093A,2026-06-10,4.05,12.53,70.14,0.1,4.24,206.05,1004.4,3909.25,0.61,3.354,3100.0,0.0,PM2.5-1HR
956,NOR_NO0095A,2026-06-10,3.25,12.48,70.26,0.1,4.16,206.28,1004.34,3604.7,0.64,3.396,3100.0,0.011,PM2.5-1HR
956,NOR_NO0114A,2026-06-10,1.56,12.45,70.3,0.1,4.01,206.15,1004.33,2854.75,0.69,3.466,3100.0,0.018,PM2.5-1HR
956,NOR_NO0122A,2026-06-10,2.97,12.58,69.67,0.08,4.46,206.89,1004.43,3195.24,0.5,3.2,3100.0,0.01,PM2.5-1HR
956,NOR_NO0149A,2026-06-10,3.01,12.58,69.75,0.09,4.43,206.64,1004.44,2035.57,0.57,3.298,3100.0,0.292,PM2.5-1HR
956,NOR_NO0011A,2026-06-11,2.7,12.8,68.57,0.01,2.67,189.54,1012.19,11265.72,0.63,3.382,3100.0,0.041,PM2.5-1HR
956,NOR_NO0057A,2026-06-11,2.87,12.89,68.04,0.01,2.78,191.41,1012.23,733.2,0.62,3.368,3100.0,0.047,PM2.5-1HR
956,NOR_NO0073A,2026-06-11,4.58,12.87,68.42,0.01,2.71,189.87,1012.21,19952.48,0.6,3.34,3100.0,0.25,PM2.5-1HR
956,NOR_NO0083A,2026-06-11,2.4,12.82,68.57,0.01,2.64,189.45,1012.18,4971.47,0.63,3.382,3100.0,0.017,PM2.5-1HR
956,NOR_NO0093A,2026-06-11,4.37,12.85,68.54,0.01,2.65,189.44,1012.19,3909.25,0.63,3.382,3100.0,0.0,PM2.5-1HR
956,NOR_NO0095A,2026-06-11,3.53,12.75,68.65,0.01,2.6,189.41,1012.16,3604.7,0.52,3.228,3100.0,0.011,PM2.5-1HR
956,NOR_NO0114A,2026-06-11,2,12.71,68.75,0.01,2.51,189.26,1012.14,2854.75,0.6,3.34,3100.0,0.018,PM2.5-1HR
956,NOR_NO0122A,2026-06-11,2.96,12.9,68.03,0.01,2.78,191.44,1012.23,3195.24,0.62,3.368,3100.0,0.01,PM2.5-1HR
956,NOR_NO0149A,2026-06-11,2.96,12.91,68.13,0.01,2.76,190.97,1012.23,2035.57,0.6,3.34,3100.0,0.292,PM2.5-1HR
956,NOR_NO0011A,2026-06-12,2.89,11.77,76.56,0.12,3.13,172.19,1010.74,11265.72,1.23,4.222,3100.0,0.041,PM2.5-1HR
956,NOR_NO0057A,2026-06-12,3.27,11.91,75.41,0.1,3.21,175.65,1010.8,733.2,1.31,4.334,3100.0,0.047,PM2.5-1HR
956,NOR_NO0073A,2026-06-12,4.44,11.84,76.25,0.12,3.17,173.25,1010.77,19952.48,1.15,4.11,3100.0,0.25,PM2.5-1HR
956,NOR_NO0083A,2026-06-12,2.99,11.78,76.77,0.13,3.11,171.64,1010.73,4971.47,1.23,4.222,3100.0,0.017,PM2.5-1HR
956,NOR_NO0093A,2026-06-12,4.52,11.81,76.72,0.13,3.13,171.86,1010.74,3909.25,1.23,4.222,3100.0,0.0,PM2.5-1HR
956,NOR_NO0095A,2026-06-12,2.73,11.72,76.94,0.13,3.08,170.95,1010.71,3604.7,1.23,4.222,3100.0,0.011,PM2.5-1HR
956,NOR_NO0114A,2026-06-12,2.84,11.67,77.54,0.15,3,169.08,1010.67,2854.75,1.48,4.572,3100.0,0.018,PM2.5-1HR
956,NOR_NO0122A,2026-06-12,3.35,11.91,75.4,0.1,3.21,175.72,1010.8,3195.24,1.31,4.334,3100.0,0.01,PM2.5-1HR
956,NOR_NO0149A,2026-06-12,2.96,11.91,75.66,0.11,3.21,175.07,1010.8,2035.57,1.15,4.11,3100.0,0.292,PM2.5-1HR
956,NOR_NO0011A,2026-06-13,2.49,12.2,91.29,0.78,2.16,95.56,1003.96,11265.72,0.74,3.536,3100.0,0.041,PM2.5-1HR
956,NOR_NO0057A,2026-06-13,2.51,12.31,90.72,0.76,2.32,103.31,1003.98,733.2,0.85,3.69,3100.0,0.047,PM2.5-1HR
956,NOR_NO0073A,2026-06-13,3.52,12.26,91.13,0.78,2.22,99.07,1003.95,19952.48,0.75,3.55,3100.0,0.25,PM2.5-1HR
956,NOR_NO0083A,2026-06-13,2.59,12.22,91.33,0.77,2.1,95.07,1003.94,4971.47,0.74,3.536,3100.0,0.017,PM2.5-1HR
956,NOR_NO0093A,2026-06-13,4.81,12.25,91.29,0.77,2.11,96.36,1003.93,3909.25,0.74,3.536,3100.0,0.0,PM2.5-1HR
956,NOR_NO0095A,2026-06-13,3.59,12.16,91.41,0.77,2.05,91.91,1003.95,3604.7,0.84,3.676,3100.0,0.011,PM2.5-1HR
956,NOR_NO0114A,2026-06-13,2.34,12.14,91.59,0.75,1.9,86.28,1003.93,2854.75,0.98,3.872,3100.0,0.018,PM2.5-1HR
956,NOR_NO0122A,2026-06-13,2.96,12.32,90.7,0.76,2.32,103.68,1003.97,3195.24,0.85,3.69,3100.0,0.01,PM2.5-1HR
956,NOR_NO0149A,2026-06-13,2.71,12.33,90.79,0.76,2.29,103.31,1003.96,2035.57,0.75,3.55,3100.0,0.292,PM2.5-1HR
956,NOR_NO0011A,2026-06-14,1.87,14.18,73.2,0.22,3.7,349.31,1004.51,11265.72,0.96,3.844,3100.0,0.041,PM2.5-1HR
956,NOR_NO0057A,2026-06-14,2.91,14.12,73.21,0.22,3.81,351,1004.43,733.2,0.92,3.788,3100.0,0.047,PM2.5-1HR
956,NOR_NO0073A,2026-06-14,2.52,14.19,73.37,0.23,3.74,349.75,1004.47,19952.48,0.86,3.704,3100.0,0.25,PM2.5-1HR
956,NOR_NO0083A,2026-06-14,2.81,14.21,73.24,0.22,3.65,348.82,1004.51,4971.47,0.96,3.844,3100.0,0.017,PM2.5-1HR
956,NOR_NO0093A,2026-06-14,4.12,14.23,73.34,0.22,3.66,348.85,1004.5,3909.25,0.96,3.844,3100.0,0.0,PM2.5-1HR
956,NOR_NO0095A,2026-06-14,3.99,14.18,73.03,0.21,3.63,348.59,1004.55,3604.7,0.99,3.886,3100.0,0.011,PM2.5-1HR
956,NOR_NO0114A,2026-06-14,2.01,14.22,72.87,0.2,3.5,347.32,1004.59,2854.75,0.98,3.872,3100.0,0.018,PM2.5-1HR
956,NOR_NO0122A,2026-06-14,2.37,14.13,73.24,0.22,3.81,351,1004.43,3195.24,0.92,3.788,3100.0,0.01,PM2.5-1HR
956,NOR_NO0149A,2026-06-14,3.25,14.16,73.37,0.22,3.78,350.57,1004.43,2035.57,0.86,3.704,3100.0,0.292,PM2.5-1HR
956,NOR_NO0011A,2026-06-15,2.1,14.46,56.29,0,3.65,5.13,1005.54,11265.72,0.84,3.676,3100.0,0.041,PM2.5-1HR
956,NOR_NO0057A,2026-06-15,1.95,14.39,56.66,0,3.76,0.98,1005.46,733.2,0.96,3.844,3100.0,0.047,PM2.5-1HR
956,NOR_NO0073A,2026-06-15,2.28,14.49,56.36,0,3.69,3.57,1005.51,19952.48,0.85,3.69,3100.0,0.25,PM2.5-1HR
956,NOR_NO0083A,2026-06-15,1.98,14.52,56.28,0,3.62,5.11,1005.54,4971.47,0.84,3.676,3100.0,0.017,PM2.5-1HR
956,NOR_NO0093A,2026-06-15,4.97,14.55,56.28,0,3.63,4.51,1005.53,3909.25,0.84,3.676,3100.0,0.0,PM2.5-1HR
956,NOR_NO0095A,2026-06-15,2.21,14.46,56.27,0,3.58,6.48,1005.57,3604.7,0.89,3.746,3100.0,0.011,PM2.5-1HR
956,NOR_NO0114A,2026-06-15,1.14,14.51,56.23,0,3.49,8.13,1005.61,2854.75,1.02,3.928,3100.0,0.018,PM2.5-1HR
956,NOR_NO0122A,2026-06-15,2.07,14.4,56.67,0,3.77,0.84,1005.45,3195.24,0.96,3.844,3100.0,0.01,PM2.5-1HR
956,NOR_NO0149A,2026-06-15,2.44,14.46,56.59,0,3.75,1.47,1005.46,2035.57,0.85,3.69,3100.0,0.292,PM2.5-1HR
956,NOR_NO0011A,2026-06-16,3.03,15.04,64.84,0.01,1.62,52.34,1008.18,11265.72,1.24,4.236,3100.0,0.041,PM2.5-1HR
956,NOR_NO0057A,2026-06-16,2.83,15.04,64.61,0.01,1.66,7.12,1008.18,733.2,1.12,4.068,3100.0,0.047,PM2.5-1HR
956,NOR_NO0073A,2026-06-16,3.06,15.07,64.79,0.01,1.64,39.72,1008.18,19952.48,1.22,4.208,3100.0,0.25,PM2.5-1HR
956,NOR_NO0083A,2026-06-16,3.58,15.07,65.05,0.01,1.61,60.6,1008.17,4971.47,1.24,4.236,3100.0,0.017,PM2.5-1HR
956,NOR_NO0093A,2026-06-16,5.92,15.09,65.08,0.01,1.62,58.7,1008.17,3909.25,1.24,4.236,3100.0,0.0,PM2.5-1HR
956,NOR_NO0095A,2026-06-16,4.29,15.03,65.07,0.01,1.59,67,1008.17,3604.7,1.14,4.096,3100.0,0.011,PM2.5-1HR
956,NOR_NO0114A,2026-06-16,3.13,15.02,65.52,0.01,1.57,88.14,1008.15,2854.75,1.26,4.264,3100.0,0.018,PM2.5-1HR
956,NOR_NO0122A,2026-06-16,4.15,15.04,64.62,0.01,1.66,6.21,1008.18,3195.24,1.12,4.068,3100.0,0.01,PM2.5-1HR
956,NOR_NO0149A,2026-06-16,3.6,15.07,64.73,0.01,1.66,14.62,1008.18,2035.57,1.22,4.208,3100.0,0.292,PM2.5-1HR
956,NOR_NO0011A,2026-06-17,6.25,14.58,75.01,0.03,2.41,157.01,1011.55,11265.72,2.17,5.538,3100.0,0.041,PM2.5-1HR
956,NOR_NO0057A,2026-06-17,6.54,14.66,74.04,0.03,2.44,161.91,1011.57,733.2,2.36,5.804,3100.0,0.047,PM2.5-1HR
956,NOR_NO0073A,2026-06-17,7.11,14.61,74.83,0.03,2.44,158.62,1011.57,19952.48,2.15,5.51,3100.0,0.25,PM2.5-1HR
956,NOR_NO0083A,2026-06-17,10.11,14.57,75.31,0.03,2.39,156.37,1011.54,4971.47,2.17,5.538,3100.0,0.017,PM2.5-1HR
956,NOR_NO0093A,2026-06-17,7.86,14.58,75.34,0.03,2.41,156.79,1011.55,3909.25,2.17,5.538,3100.0,0.0,PM2.5-1HR
956,NOR_NO0095A,2026-06-17,5.81,14.55,75.35,0.04,2.37,155.21,1011.52,3604.7,2.15,5.51,3100.0,0.011,PM2.5-1HR
956,NOR_NO0114A,2026-06-17,9.32,14.51,75.97,0.04,2.31,152.71,1011.49,2854.75,2.27,5.678,3100.0,0.018,PM2.5-1HR
956,NOR_NO0122A,2026-06-17,9.61,14.66,74.06,0.03,2.44,162.03,1011.57,3195.24,2.36,5.804,3100.0,0.01,PM2.5-1HR
956,NOR_NO0149A,2026-06-17,6.6,14.64,74.38,0.03,2.44,161.23,1011.58,2035.57,2.15,5.51,3100.0,0.292,PM2.5-1HR
956,NOR_NO0011A,2026-06-18,2.96,16.95,72.52,0.01,2.42,215.96,1010.23,11265.72,0.73,3.522,3100.0,0.041,PM2.5-1HR
956,NOR_NO0057A,2026-06-18,2.5,17.03,71.75,0.01,2.54,218.24,1010.26,733.2,0.7,3.48,3100.0,0.047,PM2.5-1HR
956,NOR_NO0073A,2026-06-18,3.86,17,72.36,0.01,2.46,216.22,1010.25,19952.48,0.71,3.494,3100.0,0.25,PM2.5-1HR
956,NOR_NO0083A,2026-06-18,3.48,16.96,72.6,0.01,2.38,215.58,1010.23,4971.47,0.73,3.522,3100.0,0.017,PM2.5-1HR
956,NOR_NO0093A,2026-06-18,4.83,16.98,72.58,0.01,2.39,215.46,1010.24,3909.25,0.73,3.522,3100.0,0.0,PM2.5-1HR
956,NOR_NO0095A,2026-06-18,4.39,16.91,72.66,0.01,2.35,215.71,1010.22,3604.7,0.76,3.564,3100.0,0.011,PM2.5-1HR
956,NOR_NO0114A,2026-06-18,3.11,16.88,72.86,0.01,2.24,215.15,1010.21,2854.75,0.75,3.55,3100.0,0.018,PM2.5-1HR
956,NOR_NO0122A,2026-06-18,3.57,17.04,71.75,0.01,2.54,218.22,1010.26,3195.24,0.7,3.48,3100.0,0.01,PM2.5-1HR
956,NOR_NO0149A,2026-06-18,2.59,17.04,71.96,0.01,2.52,217.47,1010.26,2035.57,0.71,3.494,3100.0,0.292,PM2.5-1HR
956,NOR_NO0011A,2026-06-19,4.93,16.85,78.74,0.01,3.22,196.48,1013.32,11265.72,2.38,5.832,3100.0,0.041,PM2.5-1HR
956,NOR_NO0057A,2026-06-19,5.19,16.94,78.13,0.01,3.31,196.79,1013.37,733.2,2.39,5.846,3100.0,0.047,PM2.5-1HR
956,NOR_NO0073A,2026-06-19,4.87,16.89,78.67,0.01,3.25,196.04,1013.35,19952.48,2.11,5.454,3100.0,0.25,PM2.5-1HR
956,NOR_NO0083A,2026-06-19,6.61,16.86,78.76,0.02,3.18,195.91,1013.32,4971.47,2.38,5.832,3100.0,0.017,PM2.5-1HR
956,NOR_NO0093A,2026-06-19,6.33,16.87,78.78,0.02,3.19,195.54,1013.34,3909.25,2.38,5.832,3100.0,0.0,PM2.5-1HR
956,NOR_NO0095A,2026-06-19,4.58,16.82,78.72,0.01,3.15,196.55,1013.29,3604.7,2.34,5.776,3100.0,0.011,PM2.5-1HR
956,NOR_NO0114A,2026-06-19,6.72,16.8,78.74,0.02,3.06,196.17,1013.27,2854.75,3.12,6.868,3100.0,0.018,PM2.5-1HR
956,NOR_NO0122A,2026-06-19,7.04,16.95,78.13,0.01,3.31,196.68,1013.38,3195.24,2.39,5.846,3100.0,0.01,PM2.5-1HR
956,NOR_NO0149A,2026-06-19,5.01,16.94,78.32,0.02,3.29,196.12,1013.38,2035.57,2.11,5.454,3100.0,0.292,PM2.5-1HR
956,NOR_NO0011A,2026-06-20,10.98,18.92,82.28,0.17,4,192.13,1012.07,11265.72,2.79,6.406,3100.0,0.041,PM2.5-1HR
956,NOR_NO0057A,2026-06-20,10.12,19.05,82.02,0.13,4.22,193.94,1012.13,733.2,3.17,6.938,3100.0,0.047,PM2.5-1HR
956,NOR_NO0073A,2026-06-20,11.27,18.98,82.32,0.15,4.09,192.35,1012.1,19952.48,2.97,6.658,3100.0,0.25,PM2.5-1HR
956,NOR_NO0083A,2026-06-20,12.87,18.91,82.03,0.15,3.95,191.6,1012.08,4971.47,2.79,6.406,3100.0,0.017,PM2.5-1HR
956,NOR_NO0093A,2026-06-20,10.1,18.94,82.04,0.14,3.97,191.48,1012.09,3909.25,2.79,6.406,3100.0,0.0,PM2.5-1HR
956,NOR_NO0095A,2026-06-20,10.38,18.86,81.93,0.16,3.89,191.69,1012.05,3604.7,2.7,6.28,3100.0,0.011,PM2.5-1HR
956,NOR_NO0114A,2026-06-20,13.3,18.79,81.33,0.14,3.71,190.72,1012.02,2854.75,2.51,6.014,3100.0,0.018,PM2.5-1HR
956,NOR_NO0122A,2026-06-20,13.77,19.06,82.01,0.13,4.23,193.9,1012.13,3195.24,3.17,6.938,3100.0,0.01,PM2.5-1HR
956,NOR_NO0149A,2026-06-20,12.3,19.05,82.07,0.13,4.19,193.26,1012.14,2035.57,2.97,6.658,3100.0,0.292,PM2.5-1HR
956,NOR_NO0011A,2026-06-21,2.71,17.46,52.91,0,2.87,275.19,1020.75,11265.72,0.79,3.606,3100.0,0.041,PM2.5-1HR
956,NOR_NO0057A,2026-06-21,3.75,17.6,52.52,0,2.94,274.33,1020.69,733.2,0.76,3.564,3100.0,0.047,PM2.5-1HR
956,NOR_NO0073A,2026-06-21,2.55,17.55,52.8,0,2.89,275.02,1020.73,19952.48,0.76,3.564,3100.0,0.25,PM2.5-1HR
956,NOR_NO0083A,2026-06-21,1.66,17.47,52.89,0,2.83,275.34,1020.78,4971.47,0.79,3.606,3100.0,0.017,PM2.5-1HR
956,NOR_NO0093A,2026-06-21,3.09,17.51,52.86,0,2.83,275.34,1020.78,3909.25,0.79,3.606,3100.0,0.0,PM2.5-1HR
956,NOR_NO0095A,2026-06-21,3.14,17.37,52.96,0,2.82,275.37,1020.78,3604.7,0.68,3.452,3100.0,0.011,PM2.5-1HR
956,NOR_NO0114A,2026-06-21,1.3,17.3,53,0,2.74,275.75,1020.84,2854.75,0.64,3.396,3100.0,0.018,PM2.5-1HR
956,NOR_NO0122A,2026-06-21,1.83,17.61,52.51,0,2.94,274.33,1020.69,3195.24,0.76,3.564,3100.0,0.01,PM2.5-1HR
956,NOR_NO0149A,2026-06-21,3.08,17.63,52.59,0,2.91,274.54,1020.71,2035.57,0.76,3.564,3100.0,0.292,PM2.5-1HR
956,NOR_NO0095A,2026-06-22,3.28,15.86,50.43,0,1.97,300.52,1024.75,3604.7,0.72,3.508,3100.0,0.011,PM2.5-1HR
956,NOR_NO0011A,2026-06-22,2.12,15.9,50,0,2,301.4,1024.73,11265.72,0.83,3.662,3100.0,0.041,PM2.5-1HR
956,NOR_NO0057A,2026-06-22,2.57,15.97,49.13,0,2.05,303.62,1024.67,733.2,0.88,3.732,3100.0,0.047,PM2.5-1HR
956,NOR_NO0073A,2026-06-22,2.69,15.97,49.67,0,2.02,302.58,1024.71,19952.48,0.79,3.606,3100.0,0.25,PM2.5-1HR
956,NOR_NO0083A,2026-06-22,2.55,15.93,50.16,0,1.99,301.5,1024.74,4971.47,0.83,3.662,3100.0,0.017,PM2.5-1HR
956,NOR_NO0093A,2026-06-22,4.3,15.97,50.07,0,2,302.02,1024.74,3909.25,0.83,3.662,3100.0,0.0,PM2.5-1HR
956,NOR_NO0114A,2026-06-22,1.9,15.85,51.04,0,1.93,300.4,1024.79,2854.75,0.92,3.788,3100.0,0.018,PM2.5-1HR
956,NOR_NO0122A,2026-06-22,2.87,15.98,49.11,0,2.05,303.75,1024.67,3195.24,0.88,3.732,3100.0,0.01,PM2.5-1HR
956,NOR_NO0149A,2026-06-22,3.43,16.01,49.25,0,2.05,303.82,1024.68,2035.57,0.79,3.606,3100.0,0.292,PM2.5-1HR
956,NOR_NO0011A,2026-06-23,4.58,15.91,67.93,0.01,2.03,226.07,1019.44,11265.72,1.99,5.286,3100.0,0.041,PM2.5-1HR
956,NOR_NO0057A,2026-06-23,5.48,15.9,67.13,0.03,2.08,221.68,1019.46,733.2,2.16,5.524,3100.0,0.047,PM2.5-1HR
956,NOR_NO0073A,2026-06-23,5.45,15.94,67.71,0.01,2.05,223.49,1019.46,19952.48,1.92,5.188,3100.0,0.25,PM2.5-1HR
956,NOR_NO0083A,2026-06-23,5.47,15.95,68.07,0.01,2.01,225.13,1019.45,4971.47,1.99,5.286,3100.0,0.017,PM2.5-1HR
956,NOR_NO0093A,2026-06-23,6.09,15.98,68.04,0.01,2.01,223.95,1019.45,3909.25,1.99,5.286,3100.0,0.0,PM2.5-1HR
956,NOR_NO0095A,2026-06-23,4.39,15.9,68.19,0.01,2,227.08,1019.43,3604.7,1.57,4.698,3100.0,0.011,PM2.5-1HR
956,NOR_NO0114A,2026-06-23,4.66,15.92,68.61,0,1.95,227.22,1019.42,2854.75,1.56,4.684,3100.0,0.018,PM2.5-1HR
956,NOR_NO0122A,2026-06-23,6.13,15.91,67.12,0.03,2.09,221.3,1019.46,3195.24,2.16,5.524,3100.0,0.01,PM2.5-1HR
956,NOR_NO0149A,2026-06-23,4.83,15.95,67.29,0.02,2.07,220.65,1019.46,2035.57,1.92,5.188,3100.0,0.292,PM2.5-1HR
956,NOR_NO0011A,2026-06-24,5.09,19.04,68.29,0.01,1.76,230.26,1013.51,11265.72,1.63,4.782,3100.0,0.041,PM2.5-1HR
956,NOR_NO0057A,2026-06-24,5.3,19.12,67.88,0.01,1.87,229.33,1013.51,733.2,1.78,4.992,3100.0,0.047,PM2.5-1HR
956,NOR_NO0073A,2026-06-24,4.7,19.13,68.03,0.01,1.8,229.07,1013.51,19952.48,1.69,4.866,3100.0,0.25,PM2.5-1HR
956,NOR_NO0083A,2026-06-24,5.35,19.07,68.03,0.01,1.74,229.64,1013.51,4971.47,1.63,4.782,3100.0,0.017,PM2.5-1HR
956,NOR_NO0093A,2026-06-24,5.88,19.11,67.88,0.01,1.74,228.93,1013.51,3909.25,1.63,4.782,3100.0,0.0,PM2.5-1HR
956,NOR_NO0095A,2026-06-24,6.16,18.97,68.27,0.01,1.71,231.03,1013.51,3604.7,1.46,4.544,3100.0,0.011,PM2.5-1HR
956,NOR_NO0114A,2026-06-24,3.84,18.92,68.05,0.01,1.64,231.46,1013.51,2854.75,1.96,5.244,3100.0,0.018,PM2.5-1HR
956,NOR_NO0122A,2026-06-24,5.29,19.13,67.82,0.01,1.87,229.14,1013.51,3195.24,1.78,4.992,3100.0,0.01,PM2.5-1HR
956,NOR_NO0149A,2026-06-24,5.63,19.17,67.7,0.01,1.85,228.49,1013.51,2035.57,1.69,4.866,3100.0,0.292,PM2.5-1HR
956,NOR_NO0011A,2026-06-25,1.71,19.96,54.34,0,2.36,305.95,1015.91,11265.72,0.45,3.13,3100.0,0.041,PM2.5-1HR
956,NOR_NO0057A,2026-06-25,2.82,20.09,54.01,0,2.42,305.91,1015.84,733.2,0.46,3.144,3100.0,0.047,PM2.5-1HR
956,NOR_NO0073A,2026-06-25,2.72,20.07,54.13,0,2.38,305.89,1015.88,19952.48,0.42,3.088,3100.0,0.25,PM2.5-1HR
956,NOR_NO0083A,2026-06-25,1.59,19.97,54.32,0,2.33,306.12,1015.92,4971.47,0.45,3.13,3100.0,0.017,PM2.5-1HR
956,NOR_NO0093A,2026-06-25,3.65,20.03,54.22,0,2.33,306.11,1015.91,3909.25,0.45,3.13,3100.0,0.0,PM2.5-1HR
956,NOR_NO0095A,2026-06-25,2.64,19.85,54.54,0,2.31,306.22,1015.95,3604.7,0.41,3.074,3100.0,0.011,PM2.5-1HR
956,NOR_NO0114A,2026-06-25,1.38,19.76,54.75,0,2.24,306.72,1015.99,2854.75,0.44,3.116,3100.0,0.018,PM2.5-1HR
956,NOR_NO0122A,2026-06-25,2.63,20.1,53.99,0,2.42,305.92,1015.83,3195.24,0.46,3.144,3100.0,0.01,PM2.5-1HR
956,NOR_NO0149A,2026-06-25,2.78,20.13,53.97,0,2.4,305.95,1015.84,2035.57,0.42,3.088,3100.0,0.292,PM2.5-1HR
956,NOR_NO0011A,2026-06-26,4.33,18.87,69.08,0.01,2.55,218.26,1016.08,11265.72,1.22,4.208,3100.0,0.041,PM2.5-1HR
956,NOR_NO0057A,2026-06-26,5.16,19,67.94,0.01,2.63,221.87,1016.09,733.2,1.33,4.362,3100.0,0.047,PM2.5-1HR
956,NOR_NO0073A,2026-06-26,5.1,18.97,68.69,0.01,2.58,218.76,1016.09,19952.48,1.25,4.25,3100.0,0.25,PM2.5-1HR
956,NOR_NO0083A,2026-06-26,4.82,18.92,69.09,0.01,2.52,216.94,1016.08,4971.47,1.22,4.208,3100.0,0.017,PM2.5-1HR
956,NOR_NO0093A,2026-06-26,6.27,18.98,68.96,0.01,2.53,216.66,1016.08,3909.25,1.22,4.208,3100.0,0.0,PM2.5-1HR
956,NOR_NO0095A,2026-06-26,4.62,18.82,69.37,0.02,2.49,217.06,1016.07,3604.7,1.17,4.138,3100.0,0.011,PM2.5-1HR
956,NOR_NO0114A,2026-06-26,4.12,18.81,69.7,0.02,2.41,214.52,1016.05,2854.75,1.38,4.432,3100.0,0.018,PM2.5-1HR
956,NOR_NO0122A,2026-06-26,5.16,19.01,67.9,0.01,2.64,221.8,1016.09,3195.24,1.33,4.362,3100.0,0.01,PM2.5-1HR
956,NOR_NO0149A,2026-06-26,4.45,19.05,68.06,0.01,2.62,220.54,1016.09,2035.57,1.25,4.25,3100.0,0.292,PM2.5-1HR
956,NOR_NO0011A,2026-06-27,7.37,21.12,72.27,0.07,2.1,136.77,1014.31,11265.72,2.84,6.476,3100.0,0.041,PM2.5-1HR
956,NOR_NO0057A,2026-06-27,6.72,21.32,70.97,0.07,2.14,144.13,1014.33,733.2,2.91,6.574,3100.0,0.047,PM2.5-1HR
956,NOR_NO0073A,2026-06-27,8.51,21.2,71.76,0.07,2.12,138.43,1014.32,19952.48,2.86,6.504,3100.0,0.25,PM2.5-1HR
956,NOR_NO0083A,2026-06-27,6.54,21.11,72.36,0.07,2.09,136.26,1014.3,4971.47,2.84,6.476,3100.0,0.017,PM2.5-1HR
956,NOR_NO0093A,2026-06-27,8.09,21.14,72.19,0.07,2.09,136.51,1014.3,3909.25,2.84,6.476,3100.0,0.0,PM2.5-1HR
956,NOR_NO0095A,2026-06-27,7.25,21.05,72.75,0.07,2.06,135.55,1014.29,3604.7,2.71,6.294,3100.0,0.011,PM2.5-1HR
956,NOR_NO0114A,2026-06-27,5.86,20.96,73.36,0.07,2.02,133.88,1014.26,2854.75,2.75,6.35,3100.0,0.018,PM2.5-1HR
956,NOR_NO0122A,2026-06-27,6.85,21.33,70.92,0.07,2.14,144.21,1014.33,3195.24,2.91,6.574,3100.0,0.01,PM2.5-1HR
956,NOR_NO0149A,2026-06-27,7.68,21.31,71.08,0.07,2.14,142.5,1014.32,2035.57,2.86,6.504,3100.0,0.292,PM2.5-1HR
956,NOR_NO0011A,2026-06-28,9.41,22.29,66.06,0,2.65,203.02,1012.35,11265.72,2.23,5.622,3100.0,0.041,PM2.5-1HR
956,NOR_NO0057A,2026-06-28,9,22.42,64.9,0,2.79,205.4,1012.37,733.2,2.36,5.804,3100.0,0.047,PM2.5-1HR
956,NOR_NO0073A,2026-06-28,12.7,22.37,65.6,0,2.7,203.32,1012.36,19952.48,2.21,5.594,3100.0,0.25,PM2.5-1HR
956,NOR_NO0083A,2026-06-28,9.7,22.26,66.12,0,2.62,202.33,1012.35,4971.47,2.23,5.622,3100.0,0.017,PM2.5-1HR
956,NOR_NO0093A,2026-06-28,8.76,22.3,65.97,0,2.64,202.19,1012.36,3909.25,2.23,5.622,3100.0,0.0,PM2.5-1HR
956,NOR_NO0095A,2026-06-28,9.83,22.18,66.49,0,2.58,202.42,1012.33,3604.7,2.18,5.552,3100.0,0.011,PM2.5-1HR
956,NOR_NO0114A,2026-06-28,9.08,22.06,67.02,0,2.48,201.17,1012.32,2854.75,1.77,4.978,3100.0,0.018,PM2.5-1HR
956,NOR_NO0122A,2026-06-28,10.1,22.42,64.87,0,2.79,205.36,1012.37,3195.24,2.36,5.804,3100.0,0.01,PM2.5-1HR
956,NOR_NO0149A,2026-06-28,11.11,22.42,65.01,0,2.77,204.53,1012.38,2035.57,2.21,5.594,3100.0,0.292,PM2.5-1HR
956,NOR_NO0011A,2026-06-29,5.68,20.22,60.01,0,3.61,220.15,1013.89,11265.72,0.95,3.83,3100.0,0.041,PM2.5-1HR
956,NOR_NO0057A,2026-06-29,5.94,20.37,59.47,0,3.76,219.99,1013.89,733.2,1.05,3.97,3100.0,0.047,PM2.5-1HR
956,NOR_NO0073A,2026-06-29,7.08,20.32,59.76,0,3.66,219.95,1013.9,19952.48,0.92,3.788,3100.0,0.25,PM2.5-1HR
956,NOR_NO0083A,2026-06-29,7.1,20.24,59.9,0,3.57,220.35,1013.91,4971.47,0.95,3.83,3100.0,0.017,PM2.5-1HR
956,NOR_NO0093A,2026-06-29,6.39,20.28,59.79,0,3.58,220.28,1013.91,3909.25,0.95,3.83,3100.0,0.0,PM2.5-1HR
956,NOR_NO0095A,2026-06-29,5.46,20.14,60.12,0,3.53,220.57,1013.89,3604.7,0.83,3.662,3100.0,0.011,PM2.5-1HR
956,NOR_NO0114A,2026-06-29,6.61,20.06,60.15,0,3.42,221.27,1013.91,2854.75,0.89,3.746,3100.0,0.018,PM2.5-1HR
956,NOR_NO0122A,2026-06-29,8.27,20.38,59.44,0,3.76,219.98,1013.9,3195.24,1.05,3.97,3100.0,0.01,PM2.5-1HR
956,NOR_NO0149A,2026-06-29,6.46,20.39,59.45,0,3.73,219.94,1013.91,2035.57,0.92,3.788,3100.0,0.292,PM2.5-1HR
956,NOR_NO0011A,2026-07-01,4.07,16.96,73.3,0.13,0.89,147.64,1017.65,11265.72,1.77,4.978,3100.0,0.041,PM2.5-1HR
956,NOR_NO0057A,2026-07-01,5.42,16.97,72.53,0.11,0.89,151.31,1017.65,733.2,1.77,4.978,3100.0,0.047,PM2.5-1HR
956,NOR_NO0073A,2026-07-01,5.46,16.99,73.03,0.12,0.9,148.89,1017.65,19952.48,1.62,4.768,3100.0,0.25,PM2.5-1HR
956,NOR_NO0083A,2026-07-01,5.8,17.02,73.21,0.12,0.88,146.96,1017.64,4971.47,1.77,4.978,3100.0,0.017,PM2.5-1HR
956,NOR_NO0093A,2026-07-01,5.91,17.04,73.11,0.12,0.89,147.34,1017.64,3909.25,1.77,4.978,3100.0,0.0,PM2.5-1HR
956,NOR_NO0095A,2026-07-01,4.88,16.99,73.39,0.13,0.87,145.92,1017.65,3604.7,1.68,4.852,3100.0,0.011,PM2.5-1HR
956,NOR_NO0114A,2026-07-01,4.71,17.44,72.15,0.14,0.81,139.15,1017.46,2854.75,1.86,5.104,3100.0,0.018,PM2.5-1HR
956,NOR_NO0122A,2026-07-01,6.95,16.98,72.49,0.11,0.89,151.36,1017.65,3195.24,1.77,4.978,3100.0,0.01,PM2.5-1HR
956,NOR_NO0149A,2026-07-01,5.19,17.01,72.57,0.11,0.89,150.72,1017.65,2035.57,1.62,4.768,3100.0,0.292,PM2.5-1HR
956,NOR_NO0011A,2026-07-02,3.18,14.57,89.3,0.48,2.92,117.78,1007.54,11265.72,0.47,3.158,3100.0,0.041,PM2.5-1HR
956,NOR_NO0057A,2026-07-02,3.45,14.57,88.98,0.46,2.98,120.7,1007.6,733.2,0.49,3.186,3100.0,0.047,PM2.5-1HR
956,NOR_NO0073A,2026-07-02,3.53,14.59,89.12,0.47,2.95,119.02,1007.55,19952.48,0.47,3.158,3100.0,0.25,PM2.5-1HR
956,NOR_NO0083A,2026-07-02,4.7,14.6,89.44,0.48,2.89,117.73,1007.51,4971.47,0.47,3.158,3100.0,0.017,PM2.5-1HR
956,NOR_NO0093A,2026-07-02,5.02,14.62,89.38,0.47,2.91,118.18,1007.5,3909.25,0.47,3.158,3100.0,0.0,PM2.5-1HR
956,NOR_NO0095A,2026-07-02,3.57,14.56,89.61,0.48,2.86,116.7,1007.51,3604.7,0.48,3.172,3100.0,0.011,PM2.5-1HR
956,NOR_NO0114A,2026-07-02,4.71,14.58,90.07,0.49,2.79,115.42,1007.45,2854.75,0.53,3.242,3100.0,0.018,PM2.5-1HR
956,NOR_NO0122A,2026-07-02,6.54,14.58,88.96,0.46,2.99,120.85,1007.59,3195.24,0.49,3.186,3100.0,0.01,PM2.5-1HR
956,NOR_NO0149A,2026-07-02,4.28,14.61,88.99,0.46,2.98,120.67,1007.57,2035.57,0.47,3.158,3100.0,0.292,PM2.5-1HR
956,NOR_NO0011A,2026-07-03,2.24,16.65,74.7,0.07,3.59,345.06,1006.51,11265.72,0.63,3.382,3100.0,0.041,PM2.5-1HR
956,NOR_NO0057A,2026-07-03,2.22,16.66,74.18,0.06,3.7,346.71,1006.42,733.2,0.65,3.41,3100.0,0.047,PM2.5-1HR
956,NOR_NO0073A,2026-07-03,2.07,16.69,74.53,0.07,3.63,345.6,1006.48,19952.48,0.64,3.396,3100.0,0.25,PM2.5-1HR
956,NOR_NO0083A,2026-07-03,2.16,16.71,74.66,0.07,3.57,344.31,1006.52,4971.47,0.63,3.382,3100.0,0.017,PM2.5-1HR
956,NOR_NO0093A,2026-07-03,4.65,16.73,74.6,0.06,3.58,344.36,1006.51,3909.25,0.63,3.382,3100.0,0.0,PM2.5-1HR
956,NOR_NO0095A,2026-07-03,2.75,16.65,74.78,0.07,3.53,343.94,1006.55,3604.7,0.69,3.466,3100.0,0.011,PM2.5-1HR
956,NOR_NO0114A,2026-07-03,1.71,16.7,74.84,0.06,3.46,342.03,1006.6,2854.75,0.9,3.76,3100.0,0.018,PM2.5-1HR
956,NOR_NO0122A,2026-07-03,2.64,16.67,74.17,0.06,3.7,346.68,1006.42,3195.24,0.65,3.41,3100.0,0.01,PM2.5-1HR
956,NOR_NO0149A,2026-07-03,2.17,16.71,74.24,0.06,3.68,346.23,1006.43,2035.57,0.64,3.396,3100.0,0.292,PM2.5-1HR
956,NOR_NO0011A,2026-07-04,3.28,16.95,64.34,0,2.05,261.06,1012.46,11265.72,1.16,4.124,3100.0,0.041,PM2.5-1HR
956,NOR_NO0057A,2026-07-04,3,16.98,63.82,0,2.06,264.99,1012.44,733.2,1.17,4.138,3100.0,0.047,PM2.5-1HR
956,NOR_NO0073A,2026-07-04,4.1,16.99,64.17,0,2.07,262.17,1012.45,19952.48,1.02,3.928,3100.0,0.25,PM2.5-1HR
956,NOR_NO0083A,2026-07-04,4.02,16.99,64.11,0,2.05,260.55,1012.46,4971.47,1.16,4.124,3100.0,0.017,PM2.5-1HR
956,NOR_NO0093A,2026-07-04,4.84,17.02,64.02,0,2.06,260.77,1012.47,3909.25,1.16,4.124,3100.0,0.0,PM2.5-1HR
956,NOR_NO0095A,2026-07-04,4.94,16.94,64.24,0,2.03,259.91,1012.47,3604.7,1.19,4.166,3100.0,0.011,PM2.5-1HR
956,NOR_NO0114A,2026-07-04,4.53,16.97,63.94,0,2,258.19,1012.49,2854.75,1.31,4.334,3100.0,0.018,PM2.5-1HR
956,NOR_NO0122A,2026-07-04,4.39,16.99,63.79,0,2.06,265.08,1012.44,3195.24,1.17,4.138,3100.0,0.01,PM2.5-1HR
956,NOR_NO0149A,2026-07-04,3.56,17.01,63.81,0,2.07,264.31,1012.44,2035.57,1.02,3.928,3100.0,0.292,PM2.5-1HR
956,NOR_NO0011A,2026-07-05,2.64,16.22,57.32,0.05,2.44,311.57,1007.18,11265.72,0.58,3.312,3100.0,0.041,PM2.5-1HR
956,NOR_NO0057A,2026-07-05,3.05,16.17,58.2,0.07,2.43,311.18,1007.15,733.2,0.65,3.41,3100.0,0.047,PM2.5-1HR
956,NOR_NO0073A,2026-07-05,3.44,16.25,57.55,0.05,2.43,311.68,1007.16,19952.48,0.59,3.326,3100.0,0.25,PM2.5-1HR
956,NOR_NO0083A,2026-07-05,3.61,16.28,57.07,0.04,2.44,311.61,1007.19,4971.47,0.58,3.312,3100.0,0.017,PM2.5-1HR
956,NOR_NO0093A,2026-07-05,3.76,16.31,57.08,0.05,2.43,311.75,1007.18,3909.25,0.58,3.312,3100.0,0.0,PM2.5-1HR
956,NOR_NO0095A,2026-07-05,5.83,16.23,56.95,0.04,2.45,311.33,1007.2,3604.7,0.52,3.228,3100.0,0.011,PM2.5-1HR
956,NOR_NO0114A,2026-07-05,1.86,16.29,56.34,0.03,2.47,311.26,1007.22,2854.75,0.55,3.27,3100.0,0.018,PM2.5-1HR
956,NOR_NO0122A,2026-07-05,2.13,16.18,58.2,0.07,2.43,311.18,1007.15,3195.24,0.65,3.41,3100.0,0.01,PM2.5-1HR
956,NOR_NO0149A,2026-07-05,3.41,16.23,57.98,0.07,2.42,311.32,1007.15,2035.57,0.59,3.326,3100.0,0.292,PM2.5-1HR
956,NOR_NO0011A,2026-07-06,3.01,14.51,49.61,0,2.22,269.27,1004.51,11265.72,0.66,3.424,3100.0,0.041,PM2.5-1HR
956,NOR_NO0057A,2026-07-06,2.61,14.51,48.85,0,2.23,274.46,1004.48,733.2,0.75,3.55,3100.0,0.047,PM2.5-1HR
956,NOR_NO0073A,2026-07-06,2.33,14.55,49.4,0,2.24,271.12,1004.5,19952.48,0.67,3.438,3100.0,0.25,PM2.5-1HR
956,NOR_NO0083A,2026-07-06,1.79,14.57,49.54,0,2.21,268.85,1004.51,4971.47,0.66,3.424,3100.0,0.017,PM2.5-1HR
956,NOR_NO0093A,2026-07-06,4.03,14.6,49.47,0,2.23,269.41,1004.52,3909.25,0.66,3.424,3100.0,0.0,PM2.5-1HR
956,NOR_NO0095A,2026-07-06,2.79,14.53,49.67,0,2.18,267.45,1004.51,3604.7,0.71,3.494,3100.0,0.011,PM2.5-1HR
956,NOR_NO0114A,2026-07-06,1.31,14.6,49.68,0,2.15,264.97,1004.53,2854.75,0.87,3.718,3100.0,0.018,PM2.5-1HR
956,NOR_NO0122A,2026-07-06,1.91,14.52,48.82,0,2.24,274.63,1004.48,3195.24,0.75,3.55,3100.0,0.01,PM2.5-1HR
956,NOR_NO0149A,2026-07-06,2.61,14.56,48.94,0,2.25,273.94,1004.49,2035.57,0.67,3.438,3100.0,0.292,PM2.5-1HR
956,NOR_NO0011A,2026-07-07,2.6,13.03,65.03,0.1,3.03,328.23,998.81,11265.72,0.99,3.886,3100.0,0.041,PM2.5-1HR
956,NOR_NO0057A,2026-07-07,3.69,12.84,65.88,0.11,3.06,329.29,998.76,733.2,1.07,3.998,3100.0,0.047,PM2.5-1HR
956,NOR_NO0073A,2026-07-07,3.19,13.02,65.24,0.1,3.04,328.67,998.79,19952.48,0.99,3.886,3100.0,0.25,PM2.5-1HR
956,NOR_NO0083A,2026-07-07,2.38,13.15,64.82,0.1,3.02,327.3,998.81,4971.47,0.99,3.886,3100.0,0.017,PM2.5-1HR
956,NOR_NO0093A,2026-07-07,5.1,13.18,64.84,0.09,3.02,327.31,998.8,3909.25,0.99,3.886,3100.0,0.0,PM2.5-1HR
956,NOR_NO0095A,2026-07-07,3.69,13.12,64.72,0.1,3.01,327,998.83,3604.7,1.02,3.928,3100.0,0.011,PM2.5-1HR
956,NOR_NO0114A,2026-07-07,2.09,13.31,64.23,0.09,2.98,325.05,998.86,2854.75,1.21,4.194,3100.0,0.018,PM2.5-1HR
956,NOR_NO0122A,2026-07-07,3.92,12.85,65.89,0.11,3.06,329.24,998.76,3195.24,1.07,3.998,3100.0,0.01,PM2.5-1HR
956,NOR_NO0149A,2026-07-07,3.41,12.95,65.68,0.11,3.05,328.89,998.76,2035.57,0.99,3.886,3100.0,0.292,PM2.5-1HR
956,NOR_NO0083A,2026-07-08,2.49,17.81,49.33,0,2.87,330.71,1007.42,4971.47,1.28,4.292,3100.0,0.017,PM2.5-1HR
956,NOR_NO0011A,2026-07-08,3.12,17.72,49.39,0,2.91,331.42,1007.41,11265.72,1.28,4.292,3100.0,0.041,PM2.5-1HR
956,NOR_NO0057A,2026-07-08,2.82,17.6,48.66,0,3.02,333.33,1007.4,733.2,1.27,4.278,3100.0,0.047,PM2.5-1HR
956,NOR_NO0073A,2026-07-08,3.01,17.74,49.04,0,2.95,331.91,1007.4,19952.48,1.3,4.32,3100.0,0.25,PM2.5-1HR
956,NOR_NO0093A,2026-07-08,5.77,17.85,49.19,0,2.88,330.73,1007.42,3909.25,1.28,4.292,3100.0,0.0,PM2.5-1HR
956,NOR_NO0095A,2026-07-08,3.3,17.75,49.64,0,2.84,330.41,1007.43,3604.7,1.12,4.068,3100.0,0.011,PM2.5-1HR
956,NOR_NO0114A,2026-07-08,2.29,17.87,49.87,0,2.75,328.54,1007.46,2854.75,1.41,4.474,3100.0,0.018,PM2.5-1HR
956,NOR_NO0122A,2026-07-08,3.39,17.62,48.62,0,3.02,333.31,1007.4,3195.24,1.27,4.278,3100.0,0.01,PM2.5-1HR
956,NOR_NO0149A,2026-07-08,1.99,17.7,48.64,0,3,332.79,1007.4,2035.57,1.3,4.32,3100.0,0.292,PM2.5-1HR
956,NOR_NO0011A,2026-07-09,4.22,18.06,58.82,0.05,1.3,154.62,1013.92,11265.72,2.33,5.762,3100.0,0.041,PM2.5-1HR
956,NOR_NO0057A,2026-07-09,3.42,17.92,58.18,0.05,1.25,152.52,1013.93,733.2,2.58,6.112,3100.0,0.047,PM2.5-1HR
956,NOR_NO0073A,2026-07-09,5.36,18.05,58.44,0.05,1.3,157.25,1013.93,19952.48,2.37,5.818,3100.0,0.25,PM2.5-1HR
956,NOR_NO0083A,2026-07-09,4.12,18.17,58.65,0.05,1.3,155.19,1013.91,4971.47,2.33,5.762,3100.0,0.017,PM2.5-1HR
956,NOR_NO0093A,2026-07-09,7.01,18.19,58.46,0.05,1.3,156.55,1013.91,3909.25,2.33,5.762,3100.0,0.0,PM2.5-1HR
956,NOR_NO0095A,2026-07-09,4.59,18.15,59.02,0.05,1.29,152.57,1013.91,3604.7,2.24,5.636,3100.0,0.011,PM2.5-1HR
956,NOR_NO0114A,2026-07-09,4.02,18.33,59.08,0.04,1.28,151.64,1013.88,2854.75,2.04,5.356,3100.0,0.018,PM2.5-1HR
956,NOR_NO0122A,2026-07-09,5.57,17.93,58.12,0.05,1.25,153.1,1013.93,3195.24,2.58,6.112,3100.0,0.01,PM2.5-1HR
956,NOR_NO0149A,2026-07-09,4.09,18,58.06,0.05,1.27,157.42,1013.93,2035.57,2.37,5.818,3100.0,0.292,PM2.5-1HR
956,NOR_NO0011A,2026-07-10,5.45,22.71,57.36,0,1.22,109.12,1017.3,11265.72,2.55,6.07,3100.0,0.041,PM2.5-1HR
956,NOR_NO0057A,2026-07-10,5.02,22.74,56.06,0,1.25,101.58,1017.29,733.2,2.33,5.762,3100.0,0.047,PM2.5-1HR
956,NOR_NO0073A,2026-07-10,6.57,22.79,56.83,0,1.22,105.2,1017.29,19952.48,2.57,6.098,3100.0,0.25,PM2.5-1HR
956,NOR_NO0083A,2026-07-10,4.72,22.73,57.61,0,1.21,108.04,1017.29,4971.47,2.55,6.07,3100.0,0.017,PM2.5-1HR
956,NOR_NO0093A,2026-07-10,7.05,22.77,57.45,0,1.2,106.24,1017.28,3909.25,2.55,6.07,3100.0,0.0,PM2.5-1HR
956,NOR_NO0095A,2026-07-10,5.77,22.64,58.05,0,1.21,111.05,1017.31,3604.7,2.42,5.888,3100.0,0.011,PM2.5-1HR
956,NOR_NO0114A,2026-07-10,4.77,22.57,59.01,0,1.19,111.3,1017.29,2854.75,2.73,6.322,3100.0,0.018,PM2.5-1HR
956,NOR_NO0122A,2026-07-10,6.63,22.74,56.03,0,1.25,100.87,1017.28,3195.24,2.33,5.762,3100.0,0.01,PM2.5-1HR
956,NOR_NO0149A,2026-07-10,6.98,22.79,56.21,0,1.24,100.33,1017.28,2035.57,2.57,6.098,3100.0,0.292,PM2.5-1HR
956,NOR_NO0011A,2026-07-11,7.25,21.25,69.28,0.17,1.55,81.63,1020.38,11265.72,2.23,5.622,3100.0,0.041,PM2.5-1HR
956,NOR_NO0057A,2026-07-11,6.95,21.31,67.77,0.18,1.61,93.43,1020.38,733.2,2.16,5.524,3100.0,0.047,PM2.5-1HR
956,NOR_NO0073A,2026-07-11,7.29,21.31,68.6,0.17,1.58,86.31,1020.37,19952.48,2.13,5.482,3100.0,0.25,PM2.5-1HR
956,NOR_NO0083A,2026-07-11,5.66,21.32,69.23,0.17,1.51,82.07,1020.37,4971.47,2.23,5.622,3100.0,0.017,PM2.5-1HR
956,NOR_NO0093A,2026-07-11,8.71,21.36,68.96,0.17,1.52,83.89,1020.35,3909.25,2.23,5.622,3100.0,0.0,PM2.5-1HR
956,NOR_NO0095A,2026-07-11,5.2,21.25,69.8,0.17,1.49,78.28,1020.39,3604.7,2.39,5.846,3100.0,0.011,PM2.5-1HR
956,NOR_NO0114A,2026-07-11,5.87,21.29,70.36,0.18,1.4,74.71,1020.38,2854.75,2.93,6.602,3100.0,0.018,PM2.5-1HR
956,NOR_NO0122A,2026-07-11,6.14,21.32,67.69,0.18,1.61,94.17,1020.37,3195.24,2.16,5.524,3100.0,0.01,PM2.5-1HR
956,NOR_NO0149A,2026-07-11,9.26,21.36,67.75,0.17,1.6,93.54,1020.36,2035.57,2.13,5.482,3100.0,0.292,PM2.5-1HR
956,NOR_NO0011A,2026-07-12,2.67,19.36,56.52,0.1,3.11,13.26,1025.63,11265.72,1.6,4.74,3100.0,0.041,PM2.5-1HR
956,NOR_NO0057A,2026-07-12,3.04,19.46,55.49,0.1,3.17,14.03,1025.56,733.2,1.4,4.46,3100.0,0.047,PM2.5-1HR
956,NOR_NO0073A,2026-07-12,5.04,19.43,56.27,0.1,3.15,13.22,1025.59,19952.48,1.55,4.67,3100.0,0.25,PM2.5-1HR
956,NOR_NO0083A,2026-07-12,3.29,19.4,56.83,0.11,3.09,12.94,1025.62,4971.47,1.6,4.74,3100.0,0.017,PM2.5-1HR
956,NOR_NO0093A,2026-07-12,4.34,19.44,56.82,0.11,3.11,12.79,1025.6,3909.25,1.6,4.74,3100.0,0.0,PM2.5-1HR
956,NOR_NO0095A,2026-07-12,4.83,19.33,56.96,0.1,3.06,13.17,1025.65,3604.7,1.6,4.74,3100.0,0.011,PM2.5-1HR
956,NOR_NO0114A,2026-07-12,3.04,19.34,57.71,0.11,2.98,12.78,1025.66,2854.75,1.71,4.894,3100.0,0.018,PM2.5-1HR
956,NOR_NO0122A,2026-07-12,3.66,19.47,55.51,0.1,3.18,14.01,1025.55,3195.24,1.4,4.46,3100.0,0.01,PM2.5-1HR
956,NOR_NO0149A,2026-07-12,2.76,19.49,55.82,0.1,3.17,13.64,1025.55,2035.57,1.55,4.67,3100.0,0.292,PM2.5-1HR
956,NOR_NO0011A,2026-07-13,4.6,19.83,54.21,0,1.52,342.55,1025.9,11265.72,2.15,5.51,3100.0,0.041,PM2.5-1HR
956,NOR_NO0057A,2026-07-13,5.03,19.9,52.07,0,1.57,346.95,1025.86,733.2,2.28,5.692,3100.0,0.047,PM2.5-1HR
956,NOR_NO0073A,2026-07-13,5.34,19.87,53.59,0,1.55,343.89,1025.87,19952.48,2.01,5.314,3100.0,0.25,PM2.5-1HR
956,NOR_NO0083A,2026-07-13,4.37,19.89,54.46,0,1.5,341.99,1025.89,4971.47,2.15,5.51,3100.0,0.017,PM2.5-1HR
956,NOR_NO0093A,2026-07-13,6.64,19.92,54.33,0,1.51,342.3,1025.87,3909.25,2.15,5.51,3100.0,0.0,PM2.5-1HR
956,NOR_NO0095A,2026-07-13,5.49,19.86,54.85,0,1.46,341.17,1025.9,3604.7,2.16,5.524,3100.0,0.011,PM2.5-1HR
956,NOR_NO0114A,2026-07-13,4.42,19.92,55.75,0,1.39,340.16,1025.91,2854.75,2.62,6.168,3100.0,0.018,PM2.5-1HR
956,NOR_NO0122A,2026-07-13,5.77,19.91,52.04,0,1.58,347.01,1025.85,3195.24,2.28,5.692,3100.0,0.01,PM2.5-1HR
956,NOR_NO0149A,2026-07-13,5.67,19.92,52.48,0,1.58,346.18,1025.85,2035.57,2.01,5.314,3100.0,0.292,PM2.5-1HR
956,NOR_NO0011A,2026-07-14,10.07,21.61,56.88,0,1.74,0.03,1023.67,11265.72,7.39,12.846,3100.0,0.041,PM2.5-1HR
956,NOR_NO0057A,2026-07-14,9.91,21.68,54.51,0,1.79,1.67,1023.63,733.2,7.68,13.252,3100.0,0.047,PM2.5-1HR
956,NOR_NO0073A,2026-07-14,11.06,21.66,56.05,0,1.77,0.06,1023.65,19952.48,7.33,12.762,3100.0,0.25,PM2.5-1HR
956,NOR_NO0083A,2026-07-14,8.76,21.67,57.15,0,1.72,0.01,1023.66,4971.47,7.39,12.846,3100.0,0.017,PM2.5-1HR
956,NOR_NO0093A,2026-07-14,11.02,21.7,56.93,0,1.73,359.74,1023.65,3909.25,7.39,12.846,3100.0,0.0,PM2.5-1HR
956,NOR_NO0095A,2026-07-14,9.24,21.62,57.75,0,1.7,1.26,1023.68,3604.7,7.16,12.524,3100.0,0.011,PM2.5-1HR
956,NOR_NO0114A,2026-07-14,9.85,21.67,58.96,0,1.64,3.51,1023.69,2854.75,6.45,11.53,3100.0,0.018,PM2.5-1HR
956,NOR_NO0122A,2026-07-14,12.45,21.69,54.45,0,1.79,1.68,1023.63,3195.24,7.68,13.252,3100.0,0.01,PM2.5-1HR
956,NOR_NO0149A,2026-07-14,11.14,21.71,54.84,0,1.79,1.16,1023.63,2035.57,7.33,12.762,3100.0,0.292,PM2.5-1HR
956,NOR_NO0011A,2026-07-15,12.25,23.51,53.98,0,1.69,268.08,1024,11265.72,7.22,12.608,3100.0,0.041,PM2.5-1HR
956,NOR_NO0057A,2026-07-15,9.91,23.62,51.8,0,1.68,270.91,1023.97,733.2,7.26,12.664,3100.0,0.047,PM2.5-1HR
956,NOR_NO0073A,2026-07-15,15.78,23.6,53.1,0,1.69,269.44,1023.98,19952.48,7.05,12.37,3100.0,0.25,PM2.5-1HR
956,NOR_NO0083A,2026-07-15,12.81,23.55,54.18,0,1.68,267.22,1023.99,4971.47,7.22,12.608,3100.0,0.017,PM2.5-1HR
956,NOR_NO0093A,2026-07-15,14.91,23.6,53.9,0,1.68,267.62,1023.99,3909.25,7.22,12.608,3100.0,0.0,PM2.5-1HR
956,NOR_NO0095A,2026-07-15,13.62,23.46,54.89,0,1.68,266.03,1024.01,3604.7,8.04,13.756,3100.0,0.011,PM2.5-1HR
956,NOR_NO0114A,2026-07-15,14.1,23.44,56.09,0,1.65,263.19,1024.01,2854.75,8.81,14.834,3100.0,0.018,PM2.5-1HR
956,NOR_NO0122A,2026-07-15,13.75,23.63,51.73,0,1.68,270.97,1023.96,3195.24,7.26,12.664,3100.0,0.01,PM2.5-1HR
956,NOR_NO0149A,2026-07-15,14.69,23.66,51.99,0,1.68,270.62,1023.97,2035.57,7.05,12.37,3100.0,0.292,PM2.5-1HR
956,NOR_NO0011A,2026-07-16,13.81,24.43,49.72,0,1.99,187.81,1020.95,11265.72,7.69,13.266,3100.0,0.041,PM2.5-1HR
956,NOR_NO0057A,2026-07-16,21.05,24.65,47.73,0,2.03,190.04,1020.94,733.2,7.2,12.58,3100.0,0.047,PM2.5-1HR
956,NOR_NO0073A,2026-07-16,17.03,24.56,48.92,0,2,189.62,1020.94,19952.48,7.57,13.098,3100.0,0.25,PM2.5-1HR
956,NOR_NO0083A,2026-07-16,12.43,24.44,49.98,0,1.96,188.34,1020.94,4971.47,7.69,13.266,3100.0,0.017,PM2.5-1HR
956,NOR_NO0093A,2026-07-16,11.51,24.51,49.73,0,1.96,189.08,1020.93,3909.25,7.69,13.266,3100.0,0.0,PM2.5-1HR
956,NOR_NO0095A,2026-07-16,15.22,24.31,50.62,0,1.96,186.47,1020.95,3604.7,7.22,12.608,3100.0,0.011,PM2.5-1HR
956,NOR_NO0114A,2026-07-16,12.71,24.2,51.86,0,1.9,185.44,1020.94,2854.75,8.14,13.896,3100.0,0.018,PM2.5-1HR
956,NOR_NO0122A,2026-07-16,14.83,24.67,47.66,0,2.03,190.29,1020.94,3195.24,7.2,12.58,3100.0,0.01,PM2.5-1HR
956,NOR_NO0149A,2026-07-16,11.21,24.68,47.9,0,2.01,190.72,1020.93,2035.57,7.57,13.098,3100.0,0.292,PM2.5-1HR
956,NOR_NO0011A,2026-07-17,10.68,22.15,59.08,0.04,2.63,187.94,1011.53,11265.72,6.33,11.362,3100.0,0.041,PM2.5-1HR
956,NOR_NO0057A,2026-07-17,13.68,22.37,56.7,0.03,2.69,191.45,1011.55,733.2,6.4,11.46,3100.0,0.047,PM2.5-1HR
956,NOR_NO0095A,2026-07-17,11.71,22.06,60.03,0.04,2.56,186.82,1011.51,3604.7,6.07,10.998,3100.0,0.011,PM2.5-1HR
956,NOR_NO0114A,2026-07-17,11.67,21.96,61.33,0.05,2.47,185,1011.48,2854.75,6.26,11.264,3100.0,0.018,PM2.5-1HR
956,NOR_NO0073A,2026-07-17,10.71,22.27,58.21,0.03,2.66,188.86,1011.54,19952.48,6.23,11.222,3100.0,0.25,PM2.5-1HR
956,NOR_NO0083A,2026-07-17,9.7,22.16,59.37,0.04,2.59,187.33,1011.52,4971.47,6.33,11.362,3100.0,0.017,PM2.5-1HR
956,NOR_NO0093A,2026-07-17,9.84,22.21,59.11,0.04,2.6,187.46,1011.52,3909.25,6.33,11.362,3100.0,0.0,PM2.5-1HR
956,NOR_NO0122A,2026-07-17,10.65,22.38,56.65,0.03,2.69,191.48,1011.55,3195.24,6.4,11.46,3100.0,0.01,PM2.5-1HR
956,NOR_NO0149A,2026-07-17,10.25,22.38,57.02,0.03,2.68,190.69,1011.55,2035.57,6.23,11.222,3100.0,0.292,PM2.5-1HR
956,NOR_NO0011A,2026-07-18,3.43,13.25,85.1,0.69,4.64,5.87,1008.22,11265.72,0.83,3.662,3100.0,0.041,PM2.5-1HR
956,NOR_NO0057A,2026-07-18,10.26,13.3,85.21,0.67,4.61,5.47,1008.1,733.2,0.91,3.774,3100.0,0.047,PM2.5-1HR
956,NOR_NO0073A,2026-07-18,3.91,13.31,85.1,0.68,4.64,5.79,1008.15,19952.48,0.84,3.676,3100.0,0.25,PM2.5-1HR
956,NOR_NO0083A,2026-07-18,3.52,13.32,84.98,0.68,4.6,5.64,1008.21,4971.47,0.83,3.662,3100.0,0.017,PM2.5-1HR
956,NOR_NO0093A,2026-07-18,3.79,13.36,84.95,0.67,4.61,5.59,1008.18,3909.25,0.83,3.662,3100.0,0.0,PM2.5-1HR
956,NOR_NO0095A,2026-07-18,2.86,13.26,85,0.69,4.59,5.66,1008.27,3604.7,0.68,3.452,3100.0,0.011,PM2.5-1HR
956,NOR_NO0114A,2026-07-18,3.68,13.32,84.81,0.68,4.51,5.13,1008.33,2854.75,0.66,3.424,3100.0,0.018,PM2.5-1HR
956,NOR_NO0122A,2026-07-18,6.11,13.31,85.21,0.67,4.6,5.46,1008.09,3195.24,0.91,3.774,3100.0,0.01,PM2.5-1HR
956,NOR_NO0149A,2026-07-18,3.22,13.35,85.15,0.66,4.61,5.56,1008.08,2035.57,0.84,3.676,3100.0,0.292,PM2.5-1HR
956,NOR_NO0011A,2026-07-19,2.16,12.97,65.64,0.13,3.67,24.81,1015.81,11265.72,0.71,3.494,3100.0,0.041,PM2.5-1HR
956,NOR_NO0057A,2026-07-19,2.6,12.87,65.68,0.16,3.71,25.26,1015.76,733.2,0.57,3.298,3100.0,0.047,PM2.5-1HR
956,NOR_NO0073A,2026-07-19,1.62,12.97,65.81,0.14,3.7,24.82,1015.79,19952.48,0.68,3.452,3100.0,0.25,PM2.5-1HR
956,NOR_NO0083A,2026-07-19,1.52,13.03,65.7,0.13,3.65,23.99,1015.81,4971.47,0.71,3.494,3100.0,0.017,PM2.5-1HR
956,NOR_NO0093A,2026-07-19,3.31,13.05,65.81,0.13,3.66,23.82,1015.8,3909.25,0.71,3.494,3100.0,0.0,PM2.5-1HR
956,NOR_NO0095A,2026-07-19,2.8,13.02,65.48,0.12,3.61,24.06,1015.83,3604.7,0.7,3.48,3100.0,0.011,PM2.5-1HR
956,NOR_NO0114A,2026-07-19,1.57,13.12,65.38,0.11,3.54,22.46,1015.86,2854.75,0.91,3.774,3100.0,0.018,PM2.5-1HR
956,NOR_NO0122A,2026-07-19,1.98,12.87,65.72,0.16,3.72,25.15,1015.76,3195.24,0.57,3.298,3100.0,0.01,PM2.5-1HR
956,NOR_NO0149A,2026-07-19,1.81,12.92,65.87,0.16,3.72,24.74,1015.76,2035.57,0.68,3.452,3100.0,0.292,PM2.5-1HR
956,NOR_NO0011A,2026-07-20,2.22,16.6,57.34,0,1.61,357.8,1020.24,11265.72,1.09,4.026,3100.0,0.041,PM2.5-1HR
956,NOR_NO0057A,2026-07-20,2.17,16.44,56.63,0,1.72,0.11,1020.2,733.2,1.12,4.068,3100.0,0.047,PM2.5-1HR
956,NOR_NO0073A,2026-07-20,3.49,16.61,56.94,0,1.66,357.6,1020.22,19952.48,1.1,4.04,3100.0,0.25,PM2.5-1HR
956,NOR_NO0083A,2026-07-20,1.98,16.68,57.55,0,1.6,356.89,1020.24,4971.47,1.09,4.026,3100.0,0.017,PM2.5-1HR
956,NOR_NO0093A,2026-07-20,5.18,16.71,57.42,0,1.62,356.5,1020.23,3909.25,1.09,4.026,3100.0,0.0,PM2.5-1HR
956,NOR_NO0095A,2026-07-20,2.74,16.64,57.93,0,1.56,357.51,1020.25,3604.7,1.16,4.124,3100.0,0.011,PM2.5-1HR
956,NOR_NO0114A,2026-07-20,1.57,16.74,58.76,0,1.51,356.27,1020.26,2854.75,1.21,4.194,3100.0,0.018,PM2.5-1HR
956,NOR_NO0122A,2026-07-20,2.75,16.45,56.62,0,1.72,0.05,1020.2,3195.24,1.12,4.068,3100.0,0.01,PM2.5-1HR
956,NOR_NO0149A,2026-07-20,2.75,16.53,56.67,0,1.71,358.81,1020.2,2035.57,1.1,4.04,3100.0,0.292,PM2.5-1HR
956,NOR_NO0011A,2026-07-21,4.11,18.18,62.01,0,2.33,212.58,1016.26,11265.72,1.35,4.39,3100.0,0.041,PM2.5-1HR
956,NOR_NO0057A,2026-07-21,6.48,17.95,61.09,0,2.46,207.79,1016.3,733.2,1.38,4.432,3100.0,0.047,PM2.5-1HR
956,NOR_NO0073A,2026-07-21,4.21,18.13,61.71,0,2.38,210.55,1016.28,19952.48,1.28,4.292,3100.0,0.25,PM2.5-1HR
956,NOR_NO0083A,2026-07-21,5.62,18.24,62.2,0,2.31,212.36,1016.26,4971.47,1.35,4.39,3100.0,0.017,PM2.5-1HR
956,NOR_NO0093A,2026-07-21,6.09,18.24,62.14,0,2.33,210.84,1016.27,3909.25,1.35,4.39,3100.0,0.0,PM2.5-1HR
956,NOR_NO0095A,2026-07-21,5.12,18.26,62.41,0,2.27,217.85,1016.24,3604.7,1.21,4.194,3100.0,0.011,PM2.5-1HR
956,NOR_NO0114A,2026-07-21,3.64,18.4,63.01,0,2.19,223.59,1016.22,2854.75,1.23,4.222,3100.0,0.018,PM2.5-1HR
956,NOR_NO0122A,2026-07-21,5.99,17.95,61.08,0,2.46,207.05,1016.3,3195.24,1.38,4.432,3100.0,0.01,PM2.5-1HR
956,NOR_NO0149A,2026-07-21,5.1,18.01,61.26,0,2.44,208,1016.31,2035.57,1.28,4.292,3100.0,0.292,PM2.5-1HR
956,NOR_NO0011A,2026-07-22,1.82,18,52.6,0,3.89,16.77,1012.11,11265.72,0.55,3.27,3100.0,0.041,PM2.5-1HR
956,NOR_NO0057A,2026-07-22,2.56,17.96,52.14,0,4,15.83,1012.08,733.2,0.56,3.284,3100.0,0.047,PM2.5-1HR
956,NOR_NO0073A,2026-07-22,2.18,18.03,52.44,0,3.94,16.76,1012.09,19952.48,0.53,3.242,3100.0,0.25,PM2.5-1HR
956,NOR_NO0083A,2026-07-22,2.68,18.08,52.61,0,3.84,16.82,1012.09,4971.47,0.55,3.27,3100.0,0.017,PM2.5-1HR
956,NOR_NO0093A,2026-07-22,3.17,18.11,52.57,0,3.85,16.91,1012.08,3909.25,0.55,3.27,3100.0,0.0,PM2.5-1HR
956,NOR_NO0095A,2026-07-22,2.68,18.04,52.73,0,3.8,16.61,1012.12,3604.7,0.53,3.242,3100.0,0.011,PM2.5-1HR
956,NOR_NO0114A,2026-07-22,1.48,18.15,52.89,0,3.67,16.39,1012.11,2854.75,0.61,3.354,3100.0,0.018,PM2.5-1HR
956,NOR_NO0122A,2026-07-22,4.56,17.97,52.14,0,4,15.82,1012.07,3195.24,0.56,3.284,3100.0,0.01,PM2.5-1HR
956,NOR_NO0149A,2026-07-22,3.08,18.02,52.22,0,3.98,16.13,1012.06,2035.57,0.53,3.242,3100.0,0.292,PM2.5-1HR
956,NOR_NO0011A,2026-07-23,2.02,15.68,55.96,0,2.43,327.43,1013.9,11265.72,0.95,3.83,3100.0,0.041,PM2.5-1HR
956,NOR_NO0057A,2026-07-23,2.88,15.74,54.27,0,2.49,321.85,1013.9,733.2,0.84,3.676,3100.0,0.047,PM2.5-1HR
956,NOR_NO0073A,2026-07-23,3.73,15.73,55.39,0,2.46,325.21,1013.9,19952.48,0.9,3.76,3100.0,0.25,PM2.5-1HR
956,NOR_NO0083A,2026-07-23,2.51,15.74,56.1,0,2.4,328.88,1013.89,4971.47,0.95,3.83,3100.0,0.017,PM2.5-1HR
956,NOR_NO0093A,2026-07-23,3.74,15.77,55.95,0,2.41,328.26,1013.89,3909.25,0.95,3.83,3100.0,0.0,PM2.5-1HR
956,NOR_NO0095A,2026-07-23,3.3,15.7,56.49,0,2.36,331.19,1013.89,3604.7,0.93,3.802,3100.0,0.011,PM2.5-1HR
956,NOR_NO0114A,2026-07-23,2.4,16.18,52.31,0,2.76,143.08,1014.04,2854.75,1.16,4.124,3100.0,0.018,PM2.5-1HR
956,NOR_NO0122A,2026-07-23,3.06,15.75,54.22,0,2.49,321.83,1013.9,3195.24,0.84,3.676,3100.0,0.01,PM2.5-1HR
956,NOR_NO0149A,2026-07-23,1.96,15.78,54.49,0,2.49,322.71,1013.9,2035.57,0.9,3.76,3100.0,0.292,PM2.5-1HR
956,NOR_NO0011A,2026-07-24,1.93,17.44,65.43,0,2.15,236.72,1006.12,11265.72,1.02,3.928,3100.0,0.041,PM2.5-1HR
956,NOR_NO0057A,2026-07-24,2.63,17.52,64.77,0,2.26,236.09,1006.11,733.2,1.11,4.054,3100.0,0.047,PM2.5-1HR
956,NOR_NO0073A,2026-07-24,4.03,17.51,65.19,0,2.18,236.14,1006.13,19952.48,1.04,3.956,3100.0,0.25,PM2.5-1HR
956,NOR_NO0083A,2026-07-24,2.59,17.5,65.39,0,2.13,236.66,1006.13,4971.47,1.02,3.928,3100.0,0.017,PM2.5-1HR
956,NOR_NO0093A,2026-07-24,3.29,17.54,65.3,0,2.13,236.38,1006.14,3909.25,1.02,3.928,3100.0,0.0,PM2.5-1HR
956,NOR_NO0095A,2026-07-24,3,17.42,65.57,0,2.12,237.27,1006.13,3604.7,1.11,4.054,3100.0,0.011,PM2.5-1HR
956,NOR_NO0114A,2026-07-24,3.01,18.09,61,0,1.99,225.68,1006.15,2854.75,0.86,3.704,3100.0,0.018,PM2.5-1HR
956,NOR_NO0122A,2026-07-24,3.6,17.54,64.74,0,2.26,236.01,1006.11,3195.24,1.11,4.054,3100.0,0.01,PM2.5-1HR
956,NOR_NO0149A,2026-07-24,3.48,17.57,64.82,0,2.23,235.79,1006.12,2035.57,1.04,3.956,3100.0,0.292,PM2.5-1HR
956,NOR_NO0011A,2026-07-25,2.19,15.78,77.04,0.34,3.91,203.04,996.1,11265.72,1.01,3.914,3100.0,0.041,PM2.5-1HR
956,NOR_NO0057A,2026-07-25,5.83,15.73,73.82,0.2,4.05,203.63,996.18,733.2,0.88,3.732,3100.0,0.047,PM2.5-1HR
956,NOR_NO0073A,2026-07-25,2.85,16.43,75.61,0.15,4.19,200.65,996.21,19952.48,0.98,3.872,3100.0,0.25,PM2.5-1HR
956,NOR_NO0083A,2026-07-25,2.49,16.03,77.14,0.34,3.91,203.02,996.11,4971.47,1.01,3.914,3100.0,0.017,PM2.5-1HR
956,NOR_NO0093A,2026-07-25,3.58,16.15,77.14,0.34,3.91,203.01,996.11,3909.25,1.01,3.914,3100.0,0.0,PM2.5-1HR
956,NOR_NO0095A,2026-07-25,2.72,15.39,76.98,0.34,3.91,203.04,996.11,3604.7,1.08,4.012,3100.0,0.011,PM2.5-1HR
956,NOR_NO0114A,2026-07-25,4.16,15.15,80.09,0.18,3.44,196.54,995.93,2854.75,1.33,4.362,3100.0,0.018,PM2.5-1HR
956,NOR_NO0122A,2026-07-25,3.34,15.73,73.82,0.2,4.05,203.62,996.18,3195.24,0.88,3.732,3100.0,0.01,PM2.5-1HR
956,NOR_NO0149A,2026-07-25,4,15.74,73.83,0.2,4.05,203.64,996.18,2035.57,0.98,3.872,3100.0,0.292,PM2.5-1HR
956,NOR_NO0011A,2026-07-26,1.82,15.94,62.79,0,3.1,216.88,992.18,11265.72,0.49,3.186,3100.0,0.041,PM2.5-1HR
956,NOR_NO0057A,2026-07-26,2.85,15.93,58.17,0,3.58,215.33,992.22,733.2,0.51,3.214,3100.0,0.047,PM2.5-1HR
956,NOR_NO0073A,2026-07-26,2.34,16.6,60.46,0,3.56,215.64,992.29,19952.48,0.51,3.214,3100.0,0.25,PM2.5-1HR
956,NOR_NO0083A,2026-07-26,1.73,16.2,62.79,0,3.1,216.88,992.18,4971.47,0.49,3.186,3100.0,0.017,PM2.5-1HR
956,NOR_NO0093A,2026-07-26,4.2,16.34,62.88,0,3.1,216.88,992.18,3909.25,0.49,3.186,3100.0,0.0,PM2.5-1HR
956,NOR_NO0095A,2026-07-26,2.56,15.5,62.67,0,3.1,216.88,992.18,3604.7,0.43,3.102,3100.0,0.011,PM2.5-1HR
956,NOR_NO0114A,2026-07-26,1.84,15.11,65.11,0,3.04,214.23,992.12,2854.75,0.52,3.228,3100.0,0.018,PM2.5-1HR
956,NOR_NO0122A,2026-07-26,2.2,15.93,58.17,0,3.58,215.33,992.22,3195.24,0.51,3.214,3100.0,0.01,PM2.5-1HR
956,NOR_NO0149A,2026-07-26,2,15.93,58.17,0,3.58,215.33,992.22,2035.57,0.51,3.214,3100.0,0.292,PM2.5-1HR
956,NOR_NO0114A,2026-07-27,0.68,15.28,55.54,0.03,3.02,279.19,997.92,2854.75,0.51,3.214,3100.0,0.018,PM2.5-1HR
956,NOR_NO0122A,2026-07-27,1.52,16.07,49.46,0,3.02,269.35,997.89,3195.24,0.71,3.494,3100.0,0.01,PM2.5-1HR
956,NOR_NO0011A,2026-07-27,1.59,16.27,51.71,0.01,3.23,282.35,997.91,11265.72,0.62,3.368,3100.0,0.041,PM2.5-1HR
956,NOR_NO0057A,2026-07-27,2.8,16.07,49.46,0,3.02,269.35,997.89,733.2,0.71,3.494,3100.0,0.047,PM2.5-1HR
956,NOR_NO0073A,2026-07-27,1.44,16.93,52.5,0,3.11,271.99,997.98,19952.48,0.66,3.424,3100.0,0.25,PM2.5-1HR
956,NOR_NO0083A,2026-07-27,1.04,16.51,51.79,0.01,3.23,282.35,997.91,4971.47,0.62,3.368,3100.0,0.017,PM2.5-1HR
956,NOR_NO0093A,2026-07-27,3.96,16.67,51.83,0.01,3.23,282.35,997.91,3909.25,0.62,3.368,3100.0,0.0,PM2.5-1HR
956,NOR_NO0095A,2026-07-27,1.28,15.81,51.67,0.01,3.23,282.35,997.91,3604.7,0.42,3.088,3100.0,0.011,PM2.5-1HR
956,NOR_NO0149A,2026-07-27,1.29,16.07,49.46,0,3.02,269.35,997.89,2035.57,0.66,3.424,3100.0,0.292,PM2.5-1HR
956,NOR_NO0057A,2026-07-28,1.91,17.62,48.79,0,3.37,218.05,1007.62,733.2,0.42,3.088,3100.0,0.047,PM2.5-1HR
956,NOR_NO0073A,2026-07-28,1.92,18.11,53.21,0,3.31,213.83,1007.71,19952.48,0.38,3.032,3100.0,0.25,PM2.5-1HR
956,NOR_NO0083A,2026-07-28,2.33,18.18,52.67,0,3.16,217.39,1007.54,4971.47,0.38,3.032,3100.0,0.017,PM2.5-1HR
956,NOR_NO0093A,2026-07-28,5.96,18.32,52.67,0,3.16,217.39,1007.54,3909.25,0.38,3.032,3100.0,0.0,PM2.5-1HR
956,NOR_NO0095A,2026-07-28,3.62,17.48,52.38,0,3.16,217.39,1007.54,3604.7,0.38,3.032,3100.0,0.011,PM2.5-1HR
956,NOR_NO0122A,2026-07-28,2.35,17.62,48.79,0,3.37,218.05,1007.62,3195.24,0.42,3.088,3100.0,0.01,PM2.5-1HR
956,NOR_NO0149A,2026-07-28,3.06,17.62,48.79,0,3.37,218.05,1007.62,2035.57,0.38,3.032,3100.0,0.292,PM2.5-1HR
956,NOR_NO0011A,2026-07-28,2.88,17.92,52.63,0,3.16,217.39,1007.54,11265.72,0.38,3.032,3100.0,0.041,PM2.5-1HR
956,NOR_NO0114A,2026-07-28,1.5,13.12,59,0,2.87,266.62,1004.01,2854.75,0.52,3.228,3100.0,0.018,PM2.5-1HR
956,NOR_NO0011A,2026-07-29,4.32,18.19,79.96,0.08,3.19,173.25,1012.02,11265.72,2.58,6.112,3100.0,0.041,PM2.5-1HR
956,NOR_NO0057A,2026-07-29,4.97,18.33,74.67,0.05,3.58,194.41,1012.05,733.2,2.21,5.594,3100.0,0.047,PM2.5-1HR
956,NOR_NO0073A,2026-07-29,5.92,18.9,76.33,0.03,3.92,186.44,1012.04,19952.48,2.48,5.972,3100.0,0.25,PM2.5-1HR
956,NOR_NO0083A,2026-07-29,7.38,18.44,79.96,0.08,3.19,173.25,1012.02,4971.47,2.58,6.112,3100.0,0.017,PM2.5-1HR
956,NOR_NO0093A,2026-07-29,6.99,18.59,79.96,0.08,3.19,173.25,1012.02,3909.25,2.58,6.112,3100.0,0.0,PM2.5-1HR
956,NOR_NO0095A,2026-07-29,7.36,17.74,79.92,0.08,3.19,173.25,1012.02,3604.7,2.8,6.42,3100.0,0.011,PM2.5-1HR
956,NOR_NO0122A,2026-07-29,6.62,18.33,74.67,0.05,3.58,194.41,1012.05,3195.24,2.21,5.594,3100.0,0.01,PM2.5-1HR
956,NOR_NO0149A,2026-07-29,5.29,18.33,74.67,0.05,3.58,194.41,1012.05,2035.57,2.48,5.972,3100.0,0.292,PM2.5-1HR
956,NOR_NO0083A,2026-07-30,11.67,19,86.5,0.4,3.54,175.86,1009.29,4971.47,6.3,11.32,3100.0,0.017,PM2.5-1HR
956,NOR_NO0011A,2026-07-30,8.63,18.77,86.42,0.4,3.54,175.86,1009.29,11265.72,6.3,11.32,3100.0,0.041,PM2.5-1HR
956,NOR_NO0057A,2026-07-30,9.97,19.25,78.75,0.28,3.94,191.2,1009.29,733.2,6.54,11.656,3100.0,0.047,PM2.5-1HR
956,NOR_NO0073A,2026-07-30,10.79,19.81,79.67,0.27,4.21,181.87,1009.27,19952.48,6.1,11.04,3100.0,0.25,PM2.5-1HR
956,NOR_NO0093A,2026-07-30,9.55,19.17,86.5,0.4,3.54,175.86,1009.29,3909.25,6.3,11.32,3100.0,0.0,PM2.5-1HR
956,NOR_NO0095A,2026-07-30,9.35,18.3,86.33,0.4,3.54,175.86,1009.29,3604.7,6.22,11.208,3100.0,0.011,PM2.5-1HR
956,NOR_NO0122A,2026-07-30,12.75,19.25,78.75,0.28,3.94,191.2,1009.29,3195.24,6.54,11.656,3100.0,0.01,PM2.5-1HR
956,NOR_NO0149A,2026-07-30,12.28,19.25,78.75,0.28,3.94,191.2,1009.29,2035.57,6.1,11.04,3100.0,0.292,PM2.5-1HR
