metro_id,fullaqsid,date,aq_daily_mean,temp_daily_mean,rhum_daily_mean,precip_daily_mean,ws_daily_mean,wd_daily_mean_deg,barpr_daily_mean,population,bg3,sat_monthly_mean,metro_pop_density_year,dist_km_motorway_trunk_primary_secondary,partition_key
950,ITA_IT0477A,2024-09-12,5.43,17.42,77.83,0.31,2.42,45.5,1003.68,14837.52,4.22,8.408,7500.0,0.071,PM2.5-1HR
950,ITA_IT0480A,2024-09-12,5.93,17.42,77.83,0.31,2.42,45.5,1003.68,11579.4,4.22,8.408,7500.0,0.344,PM2.5-1HR
950,ITA_IT1294A,2024-09-12,0.26,17.61,57.58,1.32,5.29,13.89,1003.89,1809.29,0,2.5,7500.0,0.667,PM2.5-1HR
950,ITA_IT1692A,2024-09-12,3.56,17.42,77.83,0.31,2.42,45.5,1003.68,11683.06,4.22,8.408,7500.0,0.866,PM2.5-1HR
950,ITA_IT0477A,2024-09-13,1.87,15.01,47.58,0,5.98,329.1,1009.35,14837.52,3.2,6.98,7500.0,0.071,PM2.5-1HR
950,ITA_IT0480A,2024-09-13,3.09,15.01,47.58,0,5.98,329.1,1009.35,11579.4,3.2,6.98,7500.0,0.344,PM2.5-1HR
950,ITA_IT1294A,2024-09-13,0,16.4,32.63,0,7.28,352.88,1010.2,1809.29,0,2.5,7500.0,0.667,PM2.5-1HR
950,ITA_IT1692A,2024-09-13,3.69,15.01,47.58,0,5.98,329.1,1009.35,11683.06,3.2,6.98,7500.0,0.866,PM2.5-1HR
950,ITA_IT0477A,2024-09-14,1.59,16.56,38.54,0,6.91,331.57,1014.99,14837.52,2.58,6.112,7500.0,0.071,PM2.5-1HR
950,ITA_IT0480A,2024-09-14,2.71,16.56,38.54,0,6.91,331.57,1014.99,11579.4,2.58,6.112,7500.0,0.344,PM2.5-1HR
950,ITA_IT1294A,2024-09-14,3.51,16.77,37.42,0,6.12,350.1,1015.98,1809.29,0,2.5,7500.0,0.667,PM2.5-1HR
950,ITA_IT1692A,2024-09-14,3.41,16.56,38.54,0,6.91,331.57,1014.99,11683.06,2.58,6.112,7500.0,0.866,PM2.5-1HR
950,ITA_IT0477A,2024-09-15,3.66,17.45,49.04,0,2.89,349.02,1013.13,14837.52,4.49,8.786,7500.0,0.071,PM2.5-1HR
950,ITA_IT0480A,2024-09-15,8.26,17.45,49.04,0,2.89,349.02,1013.13,11579.4,4.49,8.786,7500.0,0.344,PM2.5-1HR
950,ITA_IT1294A,2024-09-15,5.3,17.43,47.13,0,3,348.47,1013.46,1809.29,3.66,7.624,7500.0,0.667,PM2.5-1HR
950,ITA_IT1692A,2024-09-15,5.13,17.45,49.04,0,2.89,349.02,1013.13,11683.06,4.49,8.786,7500.0,0.866,PM2.5-1HR
950,ITA_IT0477A,2024-09-16,6.46,17.23,51.13,0,3.45,359.45,1012.68,14837.52,5.17,9.738,7500.0,0.071,PM2.5-1HR
950,ITA_IT0480A,2024-09-16,6.08,17.23,51.13,0,3.45,359.45,1012.68,11579.4,5.17,9.738,7500.0,0.344,PM2.5-1HR
950,ITA_IT1294A,2024-09-16,7.01,17.15,45.88,0,3.51,4.85,1012.98,1809.29,5.37,10.018,7500.0,0.667,PM2.5-1HR
950,ITA_IT1692A,2024-09-16,6.25,17.23,51.13,0,3.45,359.45,1012.68,11683.06,5.17,9.738,7500.0,0.866,PM2.5-1HR
950,ITA_IT0477A,2024-09-17,6.34,15.71,68.71,0.35,2.63,53.19,1016.08,14837.52,5.8,10.62,7500.0,0.071,PM2.5-1HR
950,ITA_IT0480A,2024-09-17,7.73,15.71,68.71,0.35,2.63,53.19,1016.08,11579.4,5.8,10.62,7500.0,0.344,PM2.5-1HR
950,ITA_IT1294A,2024-09-17,4.24,16.07,68,0.06,2.28,40.94,1016.18,1809.29,4.15,8.31,7500.0,0.667,PM2.5-1HR
950,ITA_IT1692A,2024-09-17,4.46,15.71,68.71,0.35,2.63,53.19,1016.08,11683.06,5.8,10.62,7500.0,0.866,PM2.5-1HR
950,ITA_IT0477A,2024-09-18,5.86,14.85,78.33,0.15,2.2,300.36,1019.42,14837.52,5.35,9.99,7500.0,0.071,PM2.5-1HR
950,ITA_IT0480A,2024-09-18,9.14,14.85,78.33,0.15,2.2,300.36,1019.42,11579.4,5.35,9.99,7500.0,0.344,PM2.5-1HR
950,ITA_IT1692A,2024-09-18,5.26,14.85,78.33,0.15,2.2,300.36,1019.42,11683.06,5.35,9.99,7500.0,0.866,PM2.5-1HR
950,ITA_IT0477A,2024-09-19,8.16,16.59,75.88,0.01,1.85,299.21,1017.4,14837.52,6.15,11.11,7500.0,0.071,PM2.5-1HR
950,ITA_IT0480A,2024-09-19,9.49,16.59,75.88,0.01,1.85,299.21,1017.4,11579.4,6.15,11.11,7500.0,0.344,PM2.5-1HR
950,ITA_IT1692A,2024-09-19,7.02,16.59,75.88,0.01,1.85,299.21,1017.4,11683.06,6.15,11.11,7500.0,0.866,PM2.5-1HR
950,ITA_IT0477A,2024-09-20,10.84,17.89,69,0,1.83,336.23,1020.01,14837.52,9.46,15.744,7500.0,0.071,PM2.5-1HR
950,ITA_IT0480A,2024-09-20,13.24,17.89,69,0,1.83,336.23,1020.01,11579.4,9.46,15.744,7500.0,0.344,PM2.5-1HR
950,ITA_IT1294A,2024-09-20,7.76,17.37,73.42,0,2.06,330.7,1020.29,1809.29,7.74,13.336,7500.0,0.667,PM2.5-1HR
950,ITA_IT1692A,2024-09-20,9.02,17.89,69,0,1.83,336.23,1020.01,11683.06,9.46,15.744,7500.0,0.866,PM2.5-1HR
950,ITA_IT0477A,2024-09-21,16.44,17.96,72.33,0.01,1.47,58.42,1021.78,14837.52,11.95,19.23,7500.0,0.071,PM2.5-1HR
950,ITA_IT0480A,2024-09-21,15.51,17.96,72.33,0.01,1.47,58.42,1021.78,11579.4,11.95,19.23,7500.0,0.344,PM2.5-1HR
950,ITA_IT1294A,2024-09-21,8.28,18.19,72.5,0,1.68,18.21,1021.93,1809.29,7.74,13.336,7500.0,0.667,PM2.5-1HR
950,ITA_IT1692A,2024-09-21,10.73,17.96,72.33,0.01,1.47,58.42,1021.78,11683.06,11.95,19.23,7500.0,0.866,PM2.5-1HR
950,ITA_IT0477A,2024-09-22,19.13,17.84,76.25,0,1.26,64.87,1018.49,14837.52,13.91,21.974,7500.0,0.071,PM2.5-1HR
950,ITA_IT0480A,2024-09-22,15.41,17.84,76.25,0,1.26,64.87,1018.49,11579.4,13.91,21.974,7500.0,0.344,PM2.5-1HR
950,ITA_IT1294A,2024-09-22,16.02,18.18,76.17,0,1.44,19.03,1018.63,1809.29,8.3,14.12,7500.0,0.667,PM2.5-1HR
950,ITA_IT1692A,2024-09-22,10.8,17.84,76.25,0,1.26,64.87,1018.49,11683.06,13.91,21.974,7500.0,0.866,PM2.5-1HR
950,ITA_IT0477A,2024-09-23,27.03,16.84,86.29,0.81,2.18,50.67,1012.74,14837.52,14.5,22.8,7500.0,0.071,PM2.5-1HR
950,ITA_IT0480A,2024-09-23,19.62,16.84,86.29,0.81,2.18,50.67,1012.74,11579.4,14.5,22.8,7500.0,0.344,PM2.5-1HR
950,ITA_IT1294A,2024-09-23,11.87,16.82,87.88,0.39,2.1,28.11,1012.92,1809.29,11.72,18.908,7500.0,0.667,PM2.5-1HR
950,ITA_IT1692A,2024-09-23,11.09,16.84,86.29,0.81,2.18,50.67,1012.74,11683.06,14.5,22.8,7500.0,0.866,PM2.5-1HR
950,ITA_IT0480A,2024-09-24,13.22,16.28,87.75,0.13,1.49,271.79,1010.37,11579.4,12.07,19.398,7500.0,0.344,PM2.5-1HR
950,ITA_IT1294A,2024-09-24,2.26,16.13,86.83,0.09,1.29,308.5,1010.47,1809.29,1.95,5.23,7500.0,0.667,PM2.5-1HR
950,ITA_IT1692A,2024-09-24,9.26,16.28,87.75,0.13,1.49,271.79,1010.37,11683.06,12.07,19.398,7500.0,0.866,PM2.5-1HR
950,ITA_IT0477A,2024-09-25,4.06,15.82,85.58,0.03,1.7,102.11,1013.53,14837.52,6.2,11.18,7500.0,0.071,PM2.5-1HR
950,ITA_IT0480A,2024-09-25,7.4,15.82,85.58,0.03,1.7,102.11,1013.53,11579.4,6.2,11.18,7500.0,0.344,PM2.5-1HR
950,ITA_IT1294A,2024-09-25,1.95,15.72,86.33,0.03,1.32,44.12,1013.57,1809.29,1.95,5.23,7500.0,0.667,PM2.5-1HR
950,ITA_IT1692A,2024-09-25,6.49,15.82,85.58,0.03,1.7,102.11,1013.53,11683.06,6.2,11.18,7500.0,0.866,PM2.5-1HR
950,ITA_IT0477A,2024-09-26,12.42,17.05,87.33,0.52,3.16,86.91,1009.03,14837.52,7.53,13.042,7500.0,0.071,PM2.5-1HR
950,ITA_IT0480A,2024-09-26,8.83,17.05,87.33,0.52,3.16,86.91,1009.03,11579.4,7.53,13.042,7500.0,0.344,PM2.5-1HR
950,ITA_IT1294A,2024-09-26,2.03,16.78,86.67,0.52,2.9,61.88,1009.07,1809.29,1.95,5.23,7500.0,0.667,PM2.5-1HR
950,ITA_IT1692A,2024-09-26,5.53,17.05,87.33,0.52,3.16,86.91,1009.03,11683.06,7.53,13.042,7500.0,0.866,PM2.5-1HR
950,ITA_IT0477A,2024-09-27,14.58,18.77,85.58,0.22,2.37,128.79,1005.55,14837.52,6.13,11.082,7500.0,0.071,PM2.5-1HR
950,ITA_IT0480A,2024-09-27,8.32,18.77,85.58,0.22,2.37,128.79,1005.55,11579.4,6.13,11.082,7500.0,0.344,PM2.5-1HR
950,ITA_IT1692A,2024-09-27,4.73,18.77,85.58,0.22,2.37,128.79,1005.55,11683.06,6.13,11.082,7500.0,0.866,PM2.5-1HR
950,ITA_IT0477A,2024-09-28,3.5,17.06,67.04,0.1,2.71,345.43,1010.86,14837.52,4.15,8.31,7500.0,0.071,PM2.5-1HR
950,ITA_IT0480A,2024-09-28,4.14,17.06,67.04,0.1,2.71,345.43,1010.86,11579.4,4.15,8.31,7500.0,0.344,PM2.5-1HR
950,ITA_IT1692A,2024-09-28,3.73,17.06,67.04,0.1,2.71,345.43,1010.86,11683.06,4.15,8.31,7500.0,0.866,PM2.5-1HR
950,ITA_IT0477A,2024-09-29,3.15,15.62,70.67,0.05,1.6,58.15,1022.71,14837.52,2.74,6.336,7500.0,0.071,PM2.5-1HR
950,ITA_IT0480A,2024-09-29,4,15.62,70.67,0.05,1.6,58.15,1022.71,11579.4,2.74,6.336,7500.0,0.344,PM2.5-1HR
950,ITA_IT1294A,2024-09-29,0,16.01,58.83,0,2.48,37.52,1022.83,1809.29,0,2.5,7500.0,0.667,PM2.5-1HR
950,ITA_IT1692A,2024-09-29,3.51,15.62,70.67,0.05,1.6,58.15,1022.71,11683.06,2.74,6.336,7500.0,0.866,PM2.5-1HR
950,ITA_IT0477A,2024-09-30,5.09,15.93,70.29,0,2.04,67.65,1021.02,14837.52,3.89,7.946,7500.0,0.071,PM2.5-1HR
950,ITA_IT0480A,2024-09-30,6.2,15.93,70.29,0,2.04,67.65,1021.02,11579.4,3.89,7.946,7500.0,0.344,PM2.5-1HR
950,ITA_IT1294A,2024-09-30,6.59,16.16,68.79,0,1.83,50.29,1021.14,1809.29,6.59,11.726,7500.0,0.667,PM2.5-1HR
950,ITA_IT1692A,2024-09-30,4.55,15.93,70.29,0,2.04,67.65,1021.02,11683.06,3.89,7.946,7500.0,0.866,PM2.5-1HR
950,ITA_IT0477A,2024-10-01,15.94,15.6,83.92,0.11,1.5,76.01,1015.66,14837.52,7.51,13.014,7500.0,0.071,PM2.5-1HR
950,ITA_IT0480A,2024-10-01,14.24,15.6,83.92,0.11,1.5,76.01,1015.66,11579.4,7.51,13.014,7500.0,0.344,PM2.5-1HR
950,ITA_IT1294A,2024-10-01,10.56,15.9,79.04,0.06,1.47,47.67,1015.73,1809.29,6.59,11.726,7500.0,0.667,PM2.5-1HR
950,ITA_IT1692A,2024-10-01,9.67,15.6,83.92,0.11,1.5,76.01,1015.66,11683.06,7.51,13.014,7500.0,0.866,PM2.5-1HR
950,ITA_IT0477A,2024-10-02,16.3,16.05,87.08,0.64,1.8,89.84,1006.27,14837.52,11.45,18.53,7500.0,0.071,PM2.5-1HR
950,ITA_IT0480A,2024-10-02,13.34,16.05,87.08,0.64,1.8,89.84,1006.27,11579.4,11.45,18.53,7500.0,0.344,PM2.5-1HR
950,ITA_IT1294A,2024-10-02,4.84,16.35,86.08,0.31,1.55,86.02,1006.37,1809.29,4.64,8.996,7500.0,0.667,PM2.5-1HR
950,ITA_IT1692A,2024-10-02,6.22,16.05,87.08,0.64,1.8,89.84,1006.27,11683.06,11.45,18.53,7500.0,0.866,PM2.5-1HR
950,ITA_IT0477A,2024-10-03,13.9,14.02,91.75,1.74,2.82,31.09,1005.1,14837.52,5.34,9.976,7500.0,0.071,PM2.5-1HR
950,ITA_IT0480A,2024-10-03,8.27,14.02,91.75,1.74,2.82,31.09,1005.1,11579.4,5.34,9.976,7500.0,0.344,PM2.5-1HR
950,ITA_IT1294A,2024-10-03,3.69,14.06,91.83,1.3,2.57,342.53,1005.32,1809.29,3.66,7.624,7500.0,0.667,PM2.5-1HR
950,ITA_IT1692A,2024-10-03,4.07,14.02,91.75,1.74,2.82,31.09,1005.1,11683.06,5.34,9.976,7500.0,0.866,PM2.5-1HR
950,ITA_IT0477A,2024-10-04,5.22,13.04,91.5,0.43,1.46,182.69,1008.21,14837.52,4.89,9.346,7500.0,0.071,PM2.5-1HR
950,ITA_IT0480A,2024-10-04,6.94,13.04,91.5,0.43,1.46,182.69,1008.21,11579.4,4.89,9.346,7500.0,0.344,PM2.5-1HR
950,ITA_IT1294A,2024-10-04,0.12,13.51,89.54,0.2,1.5,182.3,1008.2,1809.29,0,2.5,7500.0,0.667,PM2.5-1HR
950,ITA_IT1692A,2024-10-04,3.61,13.04,91.5,0.43,1.46,182.69,1008.21,11683.06,4.89,9.346,7500.0,0.866,PM2.5-1HR
950,ITA_IT0477A,2024-10-05,9.47,12.73,84.5,0.05,1.45,84.05,1013.07,14837.52,6.19,11.166,7500.0,0.071,PM2.5-1HR
950,ITA_IT0480A,2024-10-05,12.08,12.73,84.5,0.05,1.45,84.05,1013.07,11579.4,6.19,11.166,7500.0,0.344,PM2.5-1HR
950,ITA_IT1294A,2024-10-05,4.68,12.65,83.67,0,1.4,81.7,1013.14,1809.29,0,2.5,7500.0,0.667,PM2.5-1HR
950,ITA_IT1692A,2024-10-05,4.85,12.73,84.5,0.05,1.45,84.05,1013.07,11683.06,6.19,11.166,7500.0,0.866,PM2.5-1HR
950,ITA_IT0477A,2024-10-06,14.78,12.89,81.58,0,1.16,47.9,1013.4,14837.52,9.29,15.506,7500.0,0.071,PM2.5-1HR
950,ITA_IT0480A,2024-10-06,15.27,12.89,81.58,0,1.16,47.9,1013.4,11579.4,9.29,15.506,7500.0,0.344,PM2.5-1HR
950,ITA_IT1016A,2024-10-06,11.3,13.13,83.25,0,1.35,83.24,1013.43,13850.87,9.29,15.506,7500.0,0.579,PM2.5-1HR
950,ITA_IT1294A,2024-10-06,6.99,13.02,82.08,0,1.26,56.79,1013.53,1809.29,4.88,9.332,7500.0,0.667,PM2.5-1HR
950,ITA_IT1692A,2024-10-06,7.87,12.89,81.58,0,1.16,47.9,1013.4,11683.06,9.29,15.506,7500.0,0.866,PM2.5-1HR
950,ITA_IT0477A,2024-10-07,19.73,12.95,88.25,0.16,0.91,57.53,1015.38,14837.52,11.49,18.586,7500.0,0.071,PM2.5-1HR
950,ITA_IT0480A,2024-10-07,19.81,12.95,88.25,0.16,0.91,57.53,1015.38,11579.4,11.49,18.586,7500.0,0.344,PM2.5-1HR
950,ITA_IT1016A,2024-10-07,17.24,13.06,89.25,0.14,1.11,17.84,1015.43,13850.87,11.49,18.586,7500.0,0.579,PM2.5-1HR
950,ITA_IT1294A,2024-10-07,11.77,13.2,86,0.18,0.98,24.93,1015.49,1809.29,7.08,12.412,7500.0,0.667,PM2.5-1HR
950,ITA_IT1692A,2024-10-07,13.27,12.95,88.25,0.16,0.91,57.53,1015.38,11683.06,11.49,18.586,7500.0,0.866,PM2.5-1HR
950,ITA_IT0477A,2024-10-08,14.56,13.93,95.38,1.22,3.04,100.99,1008.56,14837.52,7.67,13.238,7500.0,0.071,PM2.5-1HR
950,ITA_IT0480A,2024-10-08,8.6,13.93,95.38,1.22,3.04,100.99,1008.56,11579.4,7.67,13.238,7500.0,0.344,PM2.5-1HR
950,ITA_IT1016A,2024-10-08,9.29,13.92,95.04,1.13,2.93,88.67,1008.59,13850.87,7.67,13.238,7500.0,0.579,PM2.5-1HR
950,ITA_IT1294A,2024-10-08,2.53,13.65,95.5,1.73,1.67,32.65,1008.78,1809.29,2.2,5.58,7500.0,0.667,PM2.5-1HR
950,ITA_IT1692A,2024-10-08,7.32,13.93,95.38,1.22,3.04,100.99,1008.56,11683.06,7.67,13.238,7500.0,0.866,PM2.5-1HR
950,ITA_IT0480A,2024-10-09,8.39,14.67,93.79,0.4,2.43,87.24,1005.15,11579.4,7.59,13.126,7500.0,0.344,PM2.5-1HR
950,ITA_IT0477A,2024-10-09,15.92,14.67,93.79,0.4,2.43,87.24,1005.15,14837.52,7.59,13.126,7500.0,0.071,PM2.5-1HR
950,ITA_IT1016A,2024-10-09,10.34,14.87,93.33,0.25,2.37,99.93,1005.15,13850.87,7.59,13.126,7500.0,0.579,PM2.5-1HR
950,ITA_IT1294A,2024-10-09,8.29,14.8,92.88,0.13,2.32,77.17,1005.06,1809.29,2.2,5.58,7500.0,0.667,PM2.5-1HR
950,ITA_IT1692A,2024-10-09,11.32,14.67,93.79,0.4,2.43,87.24,1005.15,11683.06,7.59,13.126,7500.0,0.866,PM2.5-1HR
950,ITA_IT0477A,2024-10-10,7.53,16.89,85.21,1.28,3.53,90.37,999.45,14837.52,5.87,10.718,7500.0,0.071,PM2.5-1HR
950,ITA_IT0480A,2024-10-10,6.66,16.89,85.21,1.28,3.53,90.37,999.45,11579.4,5.87,10.718,7500.0,0.344,PM2.5-1HR
950,ITA_IT1016A,2024-10-10,6.72,17.13,85.17,1.21,3.35,165.08,999.49,13850.87,5.87,10.718,7500.0,0.579,PM2.5-1HR
950,ITA_IT1294A,2024-10-10,2.88,17.13,84.17,0.77,2.73,48.98,999.57,1809.29,2.69,6.266,7500.0,0.667,PM2.5-1HR
950,ITA_IT1692A,2024-10-10,6.76,16.89,85.21,1.28,3.53,90.37,999.45,11683.06,5.87,10.718,7500.0,0.866,PM2.5-1HR
950,ITA_IT0477A,2024-10-11,9.77,14.84,75.38,0,2.41,56.66,1010.55,14837.52,5.82,10.648,7500.0,0.071,PM2.5-1HR
950,ITA_IT0480A,2024-10-11,10.53,14.84,75.38,0,2.41,56.66,1010.55,11579.4,5.82,10.648,7500.0,0.344,PM2.5-1HR
950,ITA_IT1016A,2024-10-11,12.54,14.88,76.96,0.01,2.29,51.71,1010.59,13850.87,5.82,10.648,7500.0,0.579,PM2.5-1HR
950,ITA_IT1294A,2024-10-11,1.04,15.73,69.5,0.04,2.57,40.5,1010.68,1809.29,0.99,3.886,7500.0,0.667,PM2.5-1HR
950,ITA_IT1692A,2024-10-11,8.71,14.84,75.38,0,2.41,56.66,1010.55,11683.06,5.82,10.648,7500.0,0.866,PM2.5-1HR
950,ITA_IT0477A,2024-10-12,13.51,14.37,78.33,0.03,1.79,64.44,1018.27,14837.52,8.29,14.106,7500.0,0.071,PM2.5-1HR
950,ITA_IT0480A,2024-10-12,11.37,14.37,78.33,0.03,1.79,64.44,1018.27,11579.4,8.29,14.106,7500.0,0.344,PM2.5-1HR
950,ITA_IT1016A,2024-10-12,9.12,14.45,80.92,0.03,1.84,49.05,1018.29,13850.87,8.29,14.106,7500.0,0.579,PM2.5-1HR
950,ITA_IT1294A,2024-10-12,10.1,14.5,80.67,0.07,2.19,14.04,1018.4,1809.29,0.99,3.886,7500.0,0.667,PM2.5-1HR
950,ITA_IT1692A,2024-10-12,10.14,14.37,78.33,0.03,1.79,64.44,1018.27,11683.06,8.29,14.106,7500.0,0.866,PM2.5-1HR
950,ITA_IT0477A,2024-10-13,12.92,15.26,81.58,0,1.99,276.6,1018.07,14837.52,9.07,15.198,7500.0,0.071,PM2.5-1HR
950,ITA_IT0480A,2024-10-13,14.37,15.26,81.58,0,1.99,276.6,1018.07,11579.4,9.07,15.198,7500.0,0.344,PM2.5-1HR
950,ITA_IT1016A,2024-10-13,12.64,15.57,81.46,0,2.13,267.96,1018.12,13850.87,9.07,15.198,7500.0,0.579,PM2.5-1HR
950,ITA_IT1294A,2024-10-13,6.72,15.7,76.79,0,1.7,285.35,1018.23,1809.29,6.59,11.726,7500.0,0.667,PM2.5-1HR
950,ITA_IT1692A,2024-10-13,11.45,15.26,81.58,0,1.99,276.6,1018.07,11683.06,9.07,15.198,7500.0,0.866,PM2.5-1HR
950,ITA_IT1016A,2024-10-14,20.26,15.03,91.71,0.05,1.03,285.75,1019.97,13850.87,11.6,18.74,7500.0,0.579,PM2.5-1HR
950,ITA_IT1294A,2024-10-14,7.7,14.56,88.17,0.03,1.14,18.35,1020.04,1809.29,6.59,11.726,7500.0,0.667,PM2.5-1HR
950,ITA_IT0477A,2024-10-14,19.32,14.46,91.33,0.07,1.15,311.71,1019.97,14837.52,11.6,18.74,7500.0,0.071,PM2.5-1HR
950,ITA_IT0480A,2024-10-14,18.61,14.46,91.33,0.07,1.15,311.71,1019.97,11579.4,11.6,18.74,7500.0,0.344,PM2.5-1HR
950,ITA_IT1692A,2024-10-14,16.19,14.46,91.33,0.07,1.15,311.71,1019.97,11683.06,11.6,18.74,7500.0,0.866,PM2.5-1HR
950,ITA_IT0480A,2024-10-15,24.84,15.37,90.46,0,0.99,59.42,1020.3,11579.4,16.92,26.188,7500.0,0.344,PM2.5-1HR
950,ITA_IT1016A,2024-10-15,20.98,16.04,90.96,0,0.98,22.04,1020.28,13850.87,16.92,26.188,7500.0,0.579,PM2.5-1HR
950,ITA_IT1294A,2024-10-15,14.12,15.46,87.17,0,1.03,33.68,1020.37,1809.29,7.75,13.35,7500.0,0.667,PM2.5-1HR
950,ITA_IT0477A,2024-10-15,25.57,15.37,90.46,0,0.99,59.42,1020.3,14837.52,16.92,26.188,7500.0,0.071,PM2.5-1HR
950,ITA_IT1692A,2024-10-15,19.95,15.37,90.46,0,0.99,59.42,1020.3,11683.06,16.92,26.188,7500.0,0.866,PM2.5-1HR
950,ITA_IT0477A,2024-10-16,29.87,15.53,93.79,1.03,3.69,87.94,1020.93,14837.52,17.32,26.748,7500.0,0.071,PM2.5-1HR
950,ITA_IT0480A,2024-10-16,21.03,15.53,93.79,1.03,3.69,87.94,1020.93,11579.4,17.32,26.748,7500.0,0.344,PM2.5-1HR
950,ITA_IT1294A,2024-10-16,10.63,15.9,92.63,1.27,3.23,66.64,1020.89,1809.29,10.5,17.2,7500.0,0.667,PM2.5-1HR
950,ITA_IT1692A,2024-10-16,16.52,15.53,93.79,1.03,3.69,87.94,1020.93,11683.06,17.32,26.748,7500.0,0.866,PM2.5-1HR
950,ITA_IT0477A,2024-10-17,10.18,15.89,92.54,0.83,3.78,99.05,1019.95,14837.52,5.7,10.48,7500.0,0.071,PM2.5-1HR
950,ITA_IT0480A,2024-10-17,6.96,15.89,92.54,0.83,3.78,99.05,1019.95,11579.4,5.7,10.48,7500.0,0.344,PM2.5-1HR
950,ITA_IT1294A,2024-10-17,0.81,15.8,94.42,1.68,2.79,81.5,1019.97,1809.29,0.49,3.186,7500.0,0.667,PM2.5-1HR
950,ITA_IT1692A,2024-10-17,5.95,15.89,92.54,0.83,3.78,99.05,1019.95,11683.06,5.7,10.48,7500.0,0.866,PM2.5-1HR
950,ITA_IT0477A,2024-10-18,8.29,16.2,92.5,0.61,3,90.09,1016.14,14837.52,5.28,9.892,7500.0,0.071,PM2.5-1HR
950,ITA_IT0480A,2024-10-18,7.65,16.2,92.5,0.61,3,90.09,1016.14,11579.4,5.28,9.892,7500.0,0.344,PM2.5-1HR
950,ITA_IT1016A,2024-10-18,6.8,16.53,91.71,0.69,2.99,83.03,1016.09,13850.87,5.28,9.892,7500.0,0.579,PM2.5-1HR
950,ITA_IT1294A,2024-10-18,7.97,16.17,92.29,0.79,2.41,63.91,1016.25,1809.29,0.49,3.186,7500.0,0.667,PM2.5-1HR
950,ITA_IT1692A,2024-10-18,6.56,16.2,92.5,0.61,3,90.09,1016.14,11683.06,5.28,9.892,7500.0,0.866,PM2.5-1HR
950,ITA_IT0477A,2024-10-19,10.12,14.76,92.13,0.62,1.54,321.55,1017.78,14837.52,6.7,11.88,7500.0,0.071,PM2.5-1HR
950,ITA_IT0480A,2024-10-19,10.19,14.76,92.13,0.62,1.54,321.55,1017.78,11579.4,6.7,11.88,7500.0,0.344,PM2.5-1HR
950,ITA_IT1016A,2024-10-19,10.25,15.15,91.75,0.73,1.74,321.74,1017.82,13850.87,6.7,11.88,7500.0,0.579,PM2.5-1HR
950,ITA_IT1294A,2024-10-19,7.59,14.97,88.29,0.16,1.52,348.61,1017.96,1809.29,7.57,13.098,7500.0,0.667,PM2.5-1HR
950,ITA_IT1692A,2024-10-19,8.61,14.76,92.13,0.62,1.54,321.55,1017.78,11683.06,6.7,11.88,7500.0,0.866,PM2.5-1HR
950,ITA_IT0477A,2024-10-20,8.12,16.34,86.71,0.52,1.7,348.71,1023.89,14837.52,7.37,12.818,7500.0,0.071,PM2.5-1HR
950,ITA_IT0480A,2024-10-20,8.85,16.34,86.71,0.52,1.7,348.71,1023.89,11579.4,7.37,12.818,7500.0,0.344,PM2.5-1HR
950,ITA_IT1016A,2024-10-20,11.45,16.63,86.29,0.49,1.92,1.13,1023.9,13850.87,7.37,12.818,7500.0,0.579,PM2.5-1HR
950,ITA_IT1294A,2024-10-20,2.14,16.1,86.5,0.27,2.34,0.26,1024.08,1809.29,1.95,5.23,7500.0,0.667,PM2.5-1HR
950,ITA_IT1692A,2024-10-20,8.12,16.34,86.71,0.52,1.7,348.71,1023.89,11683.06,7.37,12.818,7500.0,0.866,PM2.5-1HR
950,ITA_IT1692A,2024-10-21,12.32,16.13,87.42,0,1.36,73.33,1029.04,11683.06,8.82,14.848,7500.0,0.866,PM2.5-1HR
950,ITA_IT0477A,2024-10-21,15.94,16.13,87.42,0,1.36,73.33,1029.04,14837.52,8.82,14.848,7500.0,0.071,PM2.5-1HR
950,ITA_IT0480A,2024-10-21,15.89,16.13,87.42,0,1.36,73.33,1029.04,11579.4,8.82,14.848,7500.0,0.344,PM2.5-1HR
950,ITA_IT1016A,2024-10-21,16.1,16.32,87,0,1.63,64.75,1029.05,13850.87,8.82,14.848,7500.0,0.579,PM2.5-1HR
950,ITA_IT1294A,2024-10-21,9.2,16.66,85.08,0.02,1.38,56.74,1029.1,1809.29,1.95,5.23,7500.0,0.667,PM2.5-1HR
950,ITA_IT1692A,2024-10-22,20.84,16.08,88.96,0.02,1.14,60.67,1028.6,11683.06,15.98,24.872,7500.0,0.866,PM2.5-1HR
950,ITA_IT0477A,2024-10-22,28.81,16.08,88.96,0.02,1.14,60.67,1028.6,14837.52,15.98,24.872,7500.0,0.071,PM2.5-1HR
950,ITA_IT0480A,2024-10-22,24.92,16.08,88.96,0.02,1.14,60.67,1028.6,11579.4,15.98,24.872,7500.0,0.344,PM2.5-1HR
950,ITA_IT1016A,2024-10-22,22.53,16.35,88.42,0,1.14,56.39,1028.61,13850.87,15.98,24.872,7500.0,0.579,PM2.5-1HR
950,ITA_IT1294A,2024-10-22,12.57,16.28,87.96,0,1.05,41.71,1028.67,1809.29,9.52,15.828,7500.0,0.667,PM2.5-1HR
950,ITA_IT1692A,2024-10-23,20.91,15.84,93.75,0.35,1.67,54.88,1028.88,11683.06,20.42,31.088,7500.0,0.866,PM2.5-1HR
950,ITA_IT0477A,2024-10-23,36.38,15.84,93.75,0.35,1.67,54.88,1028.88,14837.52,20.42,31.088,7500.0,0.071,PM2.5-1HR
950,ITA_IT0480A,2024-10-23,26.35,15.84,93.75,0.35,1.67,54.88,1028.88,11579.4,20.42,31.088,7500.0,0.344,PM2.5-1HR
950,ITA_IT1016A,2024-10-23,23.57,16.03,93.92,0.35,1.66,44.09,1028.89,13850.87,20.42,31.088,7500.0,0.579,PM2.5-1HR
950,ITA_IT1294A,2024-10-23,12.7,16.18,92.08,0.33,1.58,34.43,1028.96,1809.29,12.7,20.28,7500.0,0.667,PM2.5-1HR
950,ITA_IT0477A,2024-10-24,13.28,15.5,89.67,0.07,2.9,92.82,1027.96,14837.52,10.01,16.514,7500.0,0.071,PM2.5-1HR
950,ITA_IT0480A,2024-10-24,12.56,15.5,89.67,0.07,2.9,92.82,1027.96,11579.4,10.01,16.514,7500.0,0.344,PM2.5-1HR
950,ITA_IT1016A,2024-10-24,9.95,15.72,89.46,0.04,3.03,83.69,1027.95,13850.87,10.01,16.514,7500.0,0.579,PM2.5-1HR
950,ITA_IT1294A,2024-10-24,12.34,15.5,90.83,0.14,2.24,65.19,1028.03,1809.29,4.15,8.31,7500.0,0.667,PM2.5-1HR
950,ITA_IT1692A,2024-10-24,10.16,15.5,89.67,0.07,2.9,92.82,1027.96,11683.06,10.01,16.514,7500.0,0.866,PM2.5-1HR
950,ITA_IT0477A,2024-10-25,25.85,14.72,92,0.12,2.45,71.1,1024.72,14837.52,11.58,18.712,7500.0,0.071,PM2.5-1HR
950,ITA_IT0480A,2024-10-25,20.05,14.72,92,0.12,2.45,71.1,1024.72,11579.4,11.58,18.712,7500.0,0.344,PM2.5-1HR
950,ITA_IT1294A,2024-10-25,14.91,14.92,92.33,0.19,2.36,53.62,1024.85,1809.29,4.15,8.31,7500.0,0.667,PM2.5-1HR
950,ITA_IT1692A,2024-10-25,15.45,14.72,92,0.12,2.45,71.1,1024.72,11683.06,11.58,18.712,7500.0,0.866,PM2.5-1HR
950,ITA_IT0477A,2024-10-26,12.7,15.96,94,0.74,3.26,83.46,1021.61,14837.52,6.65,11.81,7500.0,0.071,PM2.5-1HR
950,ITA_IT0480A,2024-10-26,8.03,15.96,94,0.74,3.26,83.46,1021.61,11579.4,6.65,11.81,7500.0,0.344,PM2.5-1HR
950,ITA_IT1016A,2024-10-26,5.7,16.27,93.54,0.68,3.37,79.51,1021.58,13850.87,6.65,11.81,7500.0,0.579,PM2.5-1HR
950,ITA_IT1294A,2024-10-26,10.9,15.93,93.29,0.58,2.73,63.92,1021.62,1809.29,10.74,17.536,7500.0,0.667,PM2.5-1HR
950,ITA_IT1692A,2024-10-26,7.2,15.96,94,0.74,3.26,83.46,1021.61,11683.06,6.65,11.81,7500.0,0.866,PM2.5-1HR
950,ITA_IT0477A,2024-10-27,16.82,15.95,94.68,0.16,2.63,82,1023.48,14837.52,7.24,12.636,7500.0,0.071,PM2.5-1HR
950,ITA_IT0480A,2024-10-27,14.31,15.95,94.68,0.16,2.63,82,1023.48,11579.4,7.24,12.636,7500.0,0.344,PM2.5-1HR
950,ITA_IT1016A,2024-10-27,12.98,16.31,94.04,0.15,2.76,84.85,1023.47,13850.87,7.24,12.636,7500.0,0.579,PM2.5-1HR
950,ITA_IT1294A,2024-10-27,9.8,16.21,92.8,0.66,2.49,41.66,1023.55,1809.29,9.77,16.178,7500.0,0.667,PM2.5-1HR
950,ITA_IT1692A,2024-10-27,11.5,15.95,94.68,0.16,2.63,82,1023.48,11683.06,7.24,12.636,7500.0,0.866,PM2.5-1HR
950,ITA_IT0477A,2024-10-28,21.16,14.7,91.88,0,1.26,262.73,1026.27,14837.52,17.96,27.644,7500.0,0.071,PM2.5-1HR
950,ITA_IT0480A,2024-10-28,24.4,14.7,91.88,0,1.26,262.73,1026.27,11579.4,17.96,27.644,7500.0,0.344,PM2.5-1HR
950,ITA_IT1016A,2024-10-28,17,15.03,91.83,0,1.36,261.18,1026.34,13850.87,17.96,27.644,7500.0,0.579,PM2.5-1HR
950,ITA_IT1294A,2024-10-28,7.08,15.17,88.5,0,1.28,300.61,1026.35,1809.29,7.08,12.412,7500.0,0.667,PM2.5-1HR
950,ITA_IT1692A,2024-10-28,16.5,14.7,91.88,0,1.26,262.73,1026.27,11683.06,17.96,27.644,7500.0,0.866,PM2.5-1HR
950,ITA_IT0477A,2024-10-29,23.59,14.11,91.58,0,1.22,280.32,1025.85,14837.52,18.65,28.61,7500.0,0.071,PM2.5-1HR
950,ITA_IT0480A,2024-10-29,24.8,14.11,91.58,0,1.22,280.32,1025.85,11579.4,18.65,28.61,7500.0,0.344,PM2.5-1HR
950,ITA_IT1294A,2024-10-29,6.11,14.2,89.96,0,1.23,307.57,1025.98,1809.29,6.11,11.054,7500.0,0.667,PM2.5-1HR
950,ITA_IT1692A,2024-10-29,18.1,14.11,91.58,0,1.22,280.32,1025.85,11683.06,18.65,28.61,7500.0,0.866,PM2.5-1HR
950,ITA_IT0477A,2024-10-30,26.92,13.23,93.92,0,1.42,266.3,1025.16,14837.52,23.53,35.442,7500.0,0.071,PM2.5-1HR
950,ITA_IT0480A,2024-10-30,31.4,13.23,93.92,0,1.42,266.3,1025.16,11579.4,23.53,35.442,7500.0,0.344,PM2.5-1HR
950,ITA_IT1016A,2024-10-30,23.7,13.94,93.29,0,1.4,262.6,1025.23,13850.87,23.53,35.442,7500.0,0.579,PM2.5-1HR
950,ITA_IT1294A,2024-10-30,6.11,14.08,88.54,0,1.14,284.92,1025.22,1809.29,6.11,11.054,7500.0,0.667,PM2.5-1HR
950,ITA_IT1692A,2024-10-30,20.8,13.23,93.92,0,1.42,266.3,1025.16,11683.06,23.53,35.442,7500.0,0.866,PM2.5-1HR
950,ITA_IT0477A,2024-10-31,34.49,12.99,93.5,0,1.03,293.28,1026.03,14837.52,27.78,41.392,7500.0,0.071,PM2.5-1HR
950,ITA_IT0480A,2024-10-31,34.7,12.99,93.5,0,1.03,293.28,1026.03,11579.4,27.78,41.392,7500.0,0.344,PM2.5-1HR
950,ITA_IT1016A,2024-10-31,27.9,13.6,93.79,0,1.09,280.85,1026.1,13850.87,27.78,41.392,7500.0,0.579,PM2.5-1HR
950,ITA_IT1294A,2024-10-31,10.99,13.33,88.75,0,0.94,355.78,1026.08,1809.29,10.99,17.886,7500.0,0.667,PM2.5-1HR
950,ITA_IT1692A,2024-10-31,27.8,12.99,93.5,0,1.03,293.28,1026.03,11683.06,27.78,41.392,7500.0,0.866,PM2.5-1HR
950,ITA_IT0477A,2024-11-01,30.3,12.4,93.63,0,1.71,273.12,1024.84,14837.52,23.79,35.806,7500.0,0.071,PM2.5-1HR
950,ITA_IT0480A,2024-11-01,31.6,12.4,93.63,0,1.71,273.12,1024.84,11579.4,23.79,35.806,7500.0,0.344,PM2.5-1HR
950,ITA_IT1016A,2024-11-01,24,12.75,93.04,0,1.71,267.28,1024.92,13850.87,23.79,35.806,7500.0,0.579,PM2.5-1HR
950,ITA_IT1294A,2024-11-01,8.55,12.61,91.29,0,1.65,280.27,1024.88,1809.29,8.55,14.47,7500.0,0.667,PM2.5-1HR
950,ITA_IT1692A,2024-11-01,24.2,12.4,93.63,0,1.71,273.12,1024.84,11683.06,23.79,35.806,7500.0,0.866,PM2.5-1HR
950,ITA_IT0477A,2024-11-02,24.13,12.3,89.63,0,1.45,279.39,1023.26,14837.52,21.04,31.956,7500.0,0.071,PM2.5-1HR
950,ITA_IT0480A,2024-11-02,27.6,12.3,89.63,0,1.45,279.39,1023.26,11579.4,21.04,31.956,7500.0,0.344,PM2.5-1HR
950,ITA_IT1016A,2024-11-02,22.8,12.68,91.08,0,1.4,271.11,1023.33,13850.87,21.04,31.956,7500.0,0.579,PM2.5-1HR
950,ITA_IT1294A,2024-11-02,10.01,12.39,87.96,0,1.15,311.94,1023.33,1809.29,10.01,16.514,7500.0,0.667,PM2.5-1HR
950,ITA_IT1692A,2024-11-02,21.4,12.3,89.63,0,1.45,279.39,1023.26,11683.06,21.04,31.956,7500.0,0.866,PM2.5-1HR
950,ITA_IT1016A,2024-11-03,23.4,11.68,89.88,0,1.65,81.22,1027.77,13850.87,19.55,29.87,7500.0,0.579,PM2.5-1HR
950,ITA_IT0477A,2024-11-03,25.8,11.48,89,0,1.82,81.3,1027.76,14837.52,19.55,29.87,7500.0,0.071,PM2.5-1HR
950,ITA_IT0480A,2024-11-03,24.1,11.48,89,0,1.82,81.3,1027.76,11579.4,19.55,29.87,7500.0,0.344,PM2.5-1HR
950,ITA_IT1294A,2024-11-03,5.62,11.53,89.63,0,1.61,70.85,1027.74,1809.29,5.62,10.368,7500.0,0.667,PM2.5-1HR
950,ITA_IT1692A,2024-11-03,18.5,11.48,89,0,1.82,81.3,1027.76,11683.06,19.55,29.87,7500.0,0.866,PM2.5-1HR
950,ITA_IT0480A,2024-11-04,31.4,9.66,94.83,0,1.38,292.51,1027.14,11579.4,25.99,38.886,7500.0,0.344,PM2.5-1HR
950,ITA_IT1016A,2024-11-04,29.9,9.78,93.88,0,1.37,289.52,1027.2,13850.87,25.99,38.886,7500.0,0.579,PM2.5-1HR
950,ITA_IT0477A,2024-11-04,31.72,9.66,94.83,0,1.38,292.51,1027.14,14837.52,25.99,38.886,7500.0,0.071,PM2.5-1HR
950,ITA_IT1294A,2024-11-04,13.68,10.34,93.13,0,1.07,288.51,1027.23,1809.29,13.68,21.652,7500.0,0.667,PM2.5-1HR
950,ITA_IT1692A,2024-11-04,25.4,9.66,94.83,0,1.38,292.51,1027.14,11683.06,25.99,38.886,7500.0,0.866,PM2.5-1HR
950,ITA_IT0480A,2024-11-05,27.9,9.55,94.75,0,0.95,295.01,1026.91,11579.4,23.66,35.624,7500.0,0.344,PM2.5-1HR
950,ITA_IT0477A,2024-11-05,30.23,9.55,94.75,0,0.95,295.01,1026.91,14837.52,23.66,35.624,7500.0,0.071,PM2.5-1HR
950,ITA_IT1016A,2024-11-05,27.1,9.56,94.38,0,1.03,283.4,1026.97,13850.87,23.66,35.624,7500.0,0.579,PM2.5-1HR
950,ITA_IT1294A,2024-11-05,11.48,9.53,94.63,0,0.83,357,1027,1809.29,11.48,18.572,7500.0,0.667,PM2.5-1HR
950,ITA_IT1692A,2024-11-05,22.8,9.55,94.75,0,0.95,295.01,1026.91,11683.06,23.66,35.624,7500.0,0.866,PM2.5-1HR
950,ITA_IT0480A,2024-11-06,34.9,8.19,93.42,0,0.88,286.41,1029.18,11579.4,26.47,39.558,7500.0,0.344,PM2.5-1HR
950,ITA_IT0477A,2024-11-06,33.54,8.19,93.42,0,0.88,286.41,1029.18,14837.52,26.47,39.558,7500.0,0.071,PM2.5-1HR
950,ITA_IT1016A,2024-11-06,27.7,8.1,94.08,0,0.92,301.87,1029.29,13850.87,26.47,39.558,7500.0,0.579,PM2.5-1HR
950,ITA_IT1294A,2024-11-06,20.76,8.6,93.08,0,0.73,294.63,1029.25,1809.29,20.76,31.564,7500.0,0.667,PM2.5-1HR
950,ITA_IT1692A,2024-11-06,26.6,8.19,93.42,0,0.88,286.41,1029.18,11683.06,26.47,39.558,7500.0,0.866,PM2.5-1HR
950,ITA_IT0480A,2024-11-07,52.8,8.26,93.88,0,0.94,311.72,1030.81,11579.4,38.63,56.582,7500.0,0.344,PM2.5-1HR
950,ITA_IT0477A,2024-11-07,51.3,8.26,93.88,0,0.94,311.72,1030.81,14837.52,38.63,56.582,7500.0,0.071,PM2.5-1HR
950,ITA_IT1016A,2024-11-07,36.8,8.45,94.25,0,0.94,316,1030.9,13850.87,38.63,56.582,7500.0,0.579,PM2.5-1HR
950,ITA_IT1294A,2024-11-07,24.66,8.46,94.96,0,0.85,97.37,1030.86,1809.29,24.66,37.024,7500.0,0.667,PM2.5-1HR
950,ITA_IT1692A,2024-11-07,26.7,8.26,93.88,0,0.94,311.72,1030.81,11683.06,38.63,56.582,7500.0,0.866,PM2.5-1HR
950,ITA_IT0477A,2024-11-08,46.54,8.55,95.63,0,0.93,184.39,1029.48,14837.52,35.93,52.802,7500.0,0.071,PM2.5-1HR
950,ITA_IT0480A,2024-11-08,47.2,8.55,95.63,0,0.93,184.39,1029.48,11579.4,35.93,52.802,7500.0,0.344,PM2.5-1HR
950,ITA_IT1016A,2024-11-08,39.2,8.49,95.75,0,0.91,29.16,1029.55,13850.87,35.93,52.802,7500.0,0.579,PM2.5-1HR
950,ITA_IT1294A,2024-11-08,23.93,8.23,94.46,0,0.79,344.43,1029.6,1809.29,23.93,36.002,7500.0,0.667,PM2.5-1HR
950,ITA_IT1692A,2024-11-08,28,8.55,95.63,0,0.93,184.39,1029.48,11683.06,35.93,52.802,7500.0,0.866,PM2.5-1HR
950,ITA_IT0477A,2024-11-09,47.41,8.4,92.63,0,1.6,289.48,1027.25,14837.52,41.95,61.23,7500.0,0.071,PM2.5-1HR
950,ITA_IT0480A,2024-11-09,48.4,8.4,92.63,0,1.6,289.48,1027.25,11579.4,41.95,61.23,7500.0,0.344,PM2.5-1HR
950,ITA_IT1016A,2024-11-09,45.2,8.6,92.54,0,1.65,284.08,1027.34,13850.87,41.95,61.23,7500.0,0.579,PM2.5-1HR
950,ITA_IT1294A,2024-11-09,21.49,8.9,89.21,0,1.24,293.58,1027.45,1809.29,21.49,32.586,7500.0,0.667,PM2.5-1HR
950,ITA_IT1692A,2024-11-09,40.1,8.4,92.63,0,1.6,289.48,1027.25,11683.06,41.95,61.23,7500.0,0.866,PM2.5-1HR
950,ITA_IT0477A,2024-11-10,50.09,7.54,93.38,0,1.44,291.2,1023.58,14837.52,40.49,59.186,7500.0,0.071,PM2.5-1HR
950,ITA_IT0480A,2024-11-10,53.7,7.54,93.38,0,1.44,291.2,1023.58,11579.4,40.49,59.186,7500.0,0.344,PM2.5-1HR
950,ITA_IT1016A,2024-11-10,38.3,7.78,92.21,0,1.54,284.64,1023.69,13850.87,40.49,59.186,7500.0,0.579,PM2.5-1HR
950,ITA_IT1294A,2024-11-10,21.49,8.06,89.63,0,1.35,277.71,1023.65,1809.29,21.49,32.586,7500.0,0.667,PM2.5-1HR
950,ITA_IT1692A,2024-11-10,33.7,7.54,93.38,0,1.44,291.2,1023.58,11683.06,40.49,59.186,7500.0,0.866,PM2.5-1HR
950,ITA_IT0477A,2024-11-11,37.51,7.14,86.92,0,1.6,74.48,1024.58,14837.52,27.51,41.014,7500.0,0.071,PM2.5-1HR
950,ITA_IT0480A,2024-11-11,31.7,7.14,86.92,0,1.6,74.48,1024.58,11579.4,27.51,41.014,7500.0,0.344,PM2.5-1HR
950,ITA_IT1294A,2024-11-11,31.5,7.39,85,0,1.47,55.18,1024.59,1809.29,31.5,46.6,7500.0,0.667,PM2.5-1HR
950,ITA_IT1692A,2024-11-11,31.4,7.14,86.92,0,1.6,74.48,1024.58,11683.06,27.51,41.014,7500.0,0.866,PM2.5-1HR
950,ITA_IT1294A,2024-11-12,24.18,8.34,68.58,0,1.57,30.74,1024.36,1809.29,24.18,36.352,7500.0,0.667,PM2.5-1HR
950,ITA_IT0477A,2024-11-12,28.06,7.87,72.17,0,1.68,68.27,1024.32,14837.52,21.95,33.23,7500.0,0.071,PM2.5-1HR
950,ITA_IT0480A,2024-11-12,26.4,7.87,72.17,0,1.68,68.27,1024.32,11579.4,21.95,33.23,7500.0,0.344,PM2.5-1HR
950,ITA_IT1692A,2024-11-12,23,7.87,72.17,0,1.68,68.27,1024.32,11683.06,21.95,33.23,7500.0,0.866,PM2.5-1HR
950,ITA_IT0477A,2024-11-13,38.38,6.54,84.25,0,1.02,347.47,1024.23,14837.52,32.01,47.314,7500.0,0.071,PM2.5-1HR
950,ITA_IT1294A,2024-11-13,15.38,6.44,77.71,0.01,1.08,55.78,1024.2,1809.29,15.38,24.032,7500.0,0.667,PM2.5-1HR
950,ITA_IT0480A,2024-11-13,37,6.54,84.25,0,1.02,347.47,1024.23,11579.4,32.01,47.314,7500.0,0.344,PM2.5-1HR
950,ITA_IT1016A,2024-11-13,33.9,6.91,81.67,0,1.18,337.44,1024.27,13850.87,32.01,47.314,7500.0,0.579,PM2.5-1HR
950,ITA_IT1692A,2024-11-13,31.3,6.54,84.25,0,1.02,347.47,1024.23,11683.06,32.01,47.314,7500.0,0.866,PM2.5-1HR
950,ITA_IT0477A,2024-11-14,33.48,7.18,79.58,0,1.07,80.16,1024,14837.52,27.12,40.468,7500.0,0.071,PM2.5-1HR
950,ITA_IT0480A,2024-11-14,33.6,7.18,79.58,0,1.07,80.16,1024,11579.4,27.12,40.468,7500.0,0.344,PM2.5-1HR
950,ITA_IT1016A,2024-11-14,28.4,7.44,80.17,0,1.22,81.09,1024.03,13850.87,27.12,40.468,7500.0,0.579,PM2.5-1HR
950,ITA_IT1294A,2024-11-14,18.8,7.28,73.88,0,1.32,73.04,1024.03,1809.29,18.8,28.82,7500.0,0.667,PM2.5-1HR
950,ITA_IT1692A,2024-11-14,25.1,7.18,79.58,0,1.07,80.16,1024,11683.06,27.12,40.468,7500.0,0.866,PM2.5-1HR
950,ITA_IT0477A,2024-11-15,61.29,5.45,89.79,0,0.71,15.2,1024.43,14837.52,49.52,71.828,7500.0,0.071,PM2.5-1HR
950,ITA_IT0480A,2024-11-15,59.4,5.45,89.79,0,0.71,15.2,1024.43,11579.4,49.52,71.828,7500.0,0.344,PM2.5-1HR
950,ITA_IT1016A,2024-11-15,55.7,5.53,90.17,0,0.76,44.93,1024.46,13850.87,49.52,71.828,7500.0,0.579,PM2.5-1HR
950,ITA_IT1294A,2024-11-15,37.12,5.44,83.33,0,0.64,41.97,1024.4,1809.29,37.12,54.468,7500.0,0.667,PM2.5-1HR
950,ITA_IT1692A,2024-11-15,45,5.45,89.79,0,0.71,15.2,1024.43,11683.06,49.52,71.828,7500.0,0.866,PM2.5-1HR
950,ITA_IT0477A,2024-11-16,62.76,3.88,96,0,1.03,298.43,1023.59,14837.52,52,75.3,7500.0,0.071,PM2.5-1HR
950,ITA_IT0480A,2024-11-16,54.9,3.88,96,0,1.03,298.43,1023.59,11579.4,52,75.3,7500.0,0.344,PM2.5-1HR
950,ITA_IT1016A,2024-11-16,58.1,4.2,95.42,0,1.04,295.93,1023.65,13850.87,52,75.3,7500.0,0.579,PM2.5-1HR
950,ITA_IT1294A,2024-11-16,28.82,3.82,93.38,0,0.63,17.01,1023.69,1809.29,28.82,42.848,7500.0,0.667,PM2.5-1HR
950,ITA_IT1692A,2024-11-16,48.4,3.88,96,0,1.03,298.43,1023.59,11683.06,52,75.3,7500.0,0.866,PM2.5-1HR
950,ITA_IT0477A,2024-11-17,47.32,5.31,92.58,0,0.78,303.7,1015.61,14837.52,38.37,56.218,7500.0,0.071,PM2.5-1HR
950,ITA_IT0480A,2024-11-17,43.5,5.31,92.58,0,0.78,303.7,1015.61,11579.4,38.37,56.218,7500.0,0.344,PM2.5-1HR
950,ITA_IT1016A,2024-11-17,41.6,5.38,92.08,0,0.83,289.66,1015.73,13850.87,38.37,56.218,7500.0,0.579,PM2.5-1HR
950,ITA_IT1294A,2024-11-17,31.5,5.33,87.83,0,0.78,345.63,1015.64,1809.29,31.5,46.6,7500.0,0.667,PM2.5-1HR
950,ITA_IT1692A,2024-11-17,36.5,5.31,92.58,0,0.78,303.7,1015.61,11683.06,38.37,56.218,7500.0,0.866,PM2.5-1HR
950,ITA_IT0477A,2024-11-18,64.38,6.14,92,0,0.53,31.41,1013.51,14837.52,55,79.5,7500.0,0.071,PM2.5-1HR
950,ITA_IT0480A,2024-11-18,64.1,6.14,92,0,0.53,31.41,1013.51,11579.4,55,79.5,7500.0,0.344,PM2.5-1HR
950,ITA_IT1294A,2024-11-18,41.76,5.49,88.54,0,0.87,28.52,1013.6,1809.29,41.76,60.964,7500.0,0.667,PM2.5-1HR
950,ITA_IT1692A,2024-11-18,50.8,6.14,92,0,0.53,31.41,1013.51,11683.06,55,79.5,7500.0,0.866,PM2.5-1HR
950,ITA_IT0477A,2024-11-19,66.89,5.84,96.29,0.02,0.94,329.19,1010.43,14837.52,51,73.9,7500.0,0.071,PM2.5-1HR
950,ITA_IT0480A,2024-11-19,59.5,5.84,96.29,0.02,0.94,329.19,1010.43,11579.4,51,73.9,7500.0,0.344,PM2.5-1HR
950,ITA_IT1016A,2024-11-19,47.6,6.74,94.5,0.02,1.01,332.73,1010.46,13850.87,51,73.9,7500.0,0.579,PM2.5-1HR
950,ITA_IT1294A,2024-11-19,41.03,5.58,94.46,0,0.9,27.63,1010.58,1809.29,41.03,59.942,7500.0,0.667,PM2.5-1HR
950,ITA_IT1692A,2024-11-19,49.1,5.84,96.29,0.02,0.94,329.19,1010.43,11683.06,51,73.9,7500.0,0.866,PM2.5-1HR
950,ITA_IT0477A,2024-11-20,33.45,7.66,66.71,0.07,2.84,308.86,1000.43,14837.52,16.52,25.628,7500.0,0.071,PM2.5-1HR
950,ITA_IT0480A,2024-11-20,23.8,7.66,66.71,0.07,2.84,308.86,1000.43,11579.4,16.52,25.628,7500.0,0.344,PM2.5-1HR
950,ITA_IT1016A,2024-11-20,35.12,8.05,66.96,0.05,3.08,307.4,1000.55,13850.87,16.52,25.628,7500.0,0.579,PM2.5-1HR
950,ITA_IT1294A,2024-11-20,14.65,7.23,67.33,0.08,2.57,324.5,1001.1,1809.29,14.65,23.01,7500.0,0.667,PM2.5-1HR
950,ITA_IT1692A,2024-11-20,21.4,7.66,66.71,0.07,2.84,308.86,1000.43,11683.06,16.52,25.628,7500.0,0.866,PM2.5-1HR
950,ITA_IT0477A,2024-11-21,8.05,3.57,66.79,0.14,2.06,332.52,1003.46,14837.52,7.34,12.776,7500.0,0.071,PM2.5-1HR
950,ITA_IT0480A,2024-11-21,5.6,3.57,66.79,0.14,2.06,332.52,1003.46,11579.4,7.34,12.776,7500.0,0.344,PM2.5-1HR
950,ITA_IT1016A,2024-11-21,16.1,3.85,67.13,0.12,2.3,327.95,1003.51,13850.87,7.34,12.776,7500.0,0.579,PM2.5-1HR
950,ITA_IT1294A,2024-11-21,14.65,3.45,65,0.24,2.58,341.61,1003.78,1809.29,14.65,23.01,7500.0,0.667,PM2.5-1HR
950,ITA_IT1692A,2024-11-21,6.4,3.57,66.79,0.14,2.06,332.52,1003.46,11683.06,7.34,12.776,7500.0,0.866,PM2.5-1HR
950,ITA_IT0477A,2024-11-22,7.26,3.59,56.5,0,3.82,320.49,1004.69,14837.52,6.28,11.292,7500.0,0.071,PM2.5-1HR
950,ITA_IT0480A,2024-11-22,7.1,3.59,56.5,0,3.82,320.49,1004.69,11579.4,6.28,11.292,7500.0,0.344,PM2.5-1HR
950,ITA_IT1016A,2024-11-22,10.1,3.64,60.04,0,3.67,310.23,1004.85,13850.87,6.28,11.292,7500.0,0.579,PM2.5-1HR
950,ITA_IT1294A,2024-11-22,8.3,2.7,60.75,0,3.32,332.76,1005.46,1809.29,8.3,14.12,7500.0,0.667,PM2.5-1HR
950,ITA_IT1692A,2024-11-22,6.9,3.59,56.5,0,3.82,320.49,1004.69,11683.06,6.28,11.292,7500.0,0.866,PM2.5-1HR
950,ITA_IT0477A,2024-11-23,7.16,3.72,62.08,0,1.54,288.38,1026.96,14837.52,8.4,14.26,7500.0,0.071,PM2.5-1HR
950,ITA_IT0480A,2024-11-23,14.1,3.72,62.08,0,1.54,288.38,1026.96,11579.4,8.4,14.26,7500.0,0.344,PM2.5-1HR
950,ITA_IT1016A,2024-11-23,10.11,3.45,65.67,0,1.72,282.27,1027.1,13850.87,8.4,14.26,7500.0,0.579,PM2.5-1HR
950,ITA_IT1294A,2024-11-23,6.6,3.26,60.38,0,2.27,334.19,1027.37,1809.29,6.6,11.74,7500.0,0.667,PM2.5-1HR
950,ITA_IT1692A,2024-11-23,8.1,3.72,62.08,0,1.54,288.38,1026.96,11683.06,8.4,14.26,7500.0,0.866,PM2.5-1HR
950,ITA_IT0477A,2024-11-24,17.65,4.49,78.58,0.02,1.03,245.21,1033.25,14837.52,15.38,24.032,7500.0,0.071,PM2.5-1HR
950,ITA_IT0480A,2024-11-24,23.3,4.49,78.58,0.02,1.03,245.21,1033.25,11579.4,15.38,24.032,7500.0,0.344,PM2.5-1HR
950,ITA_IT1294A,2024-11-24,11.72,5.79,61.58,0,1.27,281.23,1033.35,1809.29,11.72,18.908,7500.0,0.667,PM2.5-1HR
950,ITA_IT1692A,2024-11-24,15.5,4.49,78.58,0.02,1.03,245.21,1033.25,11683.06,15.38,24.032,7500.0,0.866,PM2.5-1HR
950,ITA_IT0477A,2024-11-25,21.6,5.46,89.25,0.08,1.69,239.37,1028.55,14837.52,21.58,32.712,7500.0,0.071,PM2.5-1HR
950,ITA_IT0480A,2024-11-25,28.5,5.46,89.25,0.08,1.69,239.37,1028.55,11579.4,21.58,32.712,7500.0,0.344,PM2.5-1HR
950,ITA_IT1016A,2024-11-25,29.8,5.37,89.13,0.06,1.81,251.93,1028.71,13850.87,21.58,32.712,7500.0,0.579,PM2.5-1HR
950,ITA_IT1294A,2024-11-25,23.93,5.95,78.79,0,1.37,251.5,1028.76,1809.29,23.93,36.002,7500.0,0.667,PM2.5-1HR
950,ITA_IT1692A,2024-11-25,18.7,5.46,89.25,0.08,1.69,239.37,1028.55,11683.06,21.58,32.712,7500.0,0.866,PM2.5-1HR
950,ITA_IT0477A,2024-11-26,28.46,6.83,95.75,0.11,0.87,280.62,1023.2,14837.52,22.03,33.342,7500.0,0.071,PM2.5-1HR
950,ITA_IT0480A,2024-11-26,30.6,6.83,95.75,0.11,0.87,280.62,1023.2,11579.4,22.03,33.342,7500.0,0.344,PM2.5-1HR
950,ITA_IT1016A,2024-11-26,15.3,6.73,95.71,0.1,1,295.52,1023.32,13850.87,22.03,33.342,7500.0,0.579,PM2.5-1HR
950,ITA_IT1294A,2024-11-26,31.5,7.49,91.21,0.12,0.92,291.2,1023.23,1809.29,31.5,46.6,7500.0,0.667,PM2.5-1HR
950,ITA_IT1692A,2024-11-26,20.4,6.83,95.75,0.11,0.87,280.62,1023.2,11683.06,22.03,33.342,7500.0,0.866,PM2.5-1HR
950,ITA_IT0477A,2024-11-27,38.36,7.83,97.42,0.07,0.77,266.55,1024.46,14837.52,34.44,50.716,7500.0,0.071,PM2.5-1HR
950,ITA_IT0480A,2024-11-27,36.8,7.83,97.42,0.07,0.77,266.55,1024.46,11579.4,34.44,50.716,7500.0,0.344,PM2.5-1HR
950,ITA_IT1016A,2024-11-27,45,7.84,96.63,0.05,0.83,272.28,1024.54,13850.87,34.44,50.716,7500.0,0.579,PM2.5-1HR
950,ITA_IT1294A,2024-11-27,27.59,7.77,91.83,0,0.72,280.81,1024.6,1809.29,27.59,41.126,7500.0,0.667,PM2.5-1HR
950,ITA_IT1692A,2024-11-27,29.3,7.83,97.42,0.07,0.77,266.55,1024.46,11683.06,34.44,50.716,7500.0,0.866,PM2.5-1HR
950,ITA_IT0477A,2024-11-28,39.03,8,95.25,0,1.18,286.95,1023.05,14837.52,30.23,44.822,7500.0,0.071,PM2.5-1HR
950,ITA_IT0480A,2024-11-28,35.2,8,95.25,0,1.18,286.95,1023.05,11579.4,30.23,44.822,7500.0,0.344,PM2.5-1HR
950,ITA_IT1016A,2024-11-28,30.4,8.12,94.71,0,1.28,283.47,1023.1,13850.87,30.23,44.822,7500.0,0.579,PM2.5-1HR
950,ITA_IT1294A,2024-11-28,27.59,7.62,90.92,0,0.99,282.29,1023.15,1809.29,27.59,41.126,7500.0,0.667,PM2.5-1HR
950,ITA_IT1692A,2024-11-28,28.9,8,95.25,0,1.18,286.95,1023.05,11683.06,30.23,44.822,7500.0,0.866,PM2.5-1HR
950,ITA_IT0477A,2024-11-29,41.97,7.98,92.42,0,1.07,38.12,1026.33,14837.52,31.65,46.81,7500.0,0.071,PM2.5-1HR
950,ITA_IT0480A,2024-11-29,41.8,7.98,92.42,0,1.07,38.12,1026.33,11579.4,31.65,46.81,7500.0,0.344,PM2.5-1HR
950,ITA_IT1016A,2024-11-29,22.9,8.4,91.58,0,1.16,38.68,1026.3,13850.87,31.65,46.81,7500.0,0.579,PM2.5-1HR
950,ITA_IT1294A,2024-11-29,23.2,7.3,92.58,0,1.08,21.67,1026.53,1809.29,23.2,34.98,7500.0,0.667,PM2.5-1HR
950,ITA_IT1692A,2024-11-29,30.5,7.98,92.42,0,1.07,38.12,1026.33,11683.06,31.65,46.81,7500.0,0.866,PM2.5-1HR
950,ITA_IT0477A,2024-11-30,42.47,5.25,93.46,0,0.6,311.87,1030.34,14837.52,34.5,50.8,7500.0,0.071,PM2.5-1HR
950,ITA_IT0480A,2024-11-30,43.5,5.25,93.46,0,0.6,311.87,1030.34,11579.4,34.5,50.8,7500.0,0.344,PM2.5-1HR
950,ITA_IT1016A,2024-11-30,37.7,5.43,95.42,0,0.57,282.59,1030.4,13850.87,34.5,50.8,7500.0,0.579,PM2.5-1HR
950,ITA_IT1294A,2024-11-30,19.29,5.45,88.33,0,0.93,358.32,1030.37,1809.29,19.29,29.506,7500.0,0.667,PM2.5-1HR
950,ITA_IT1692A,2024-11-30,25.4,5.25,93.46,0,0.6,311.87,1030.34,11683.06,34.5,50.8,7500.0,0.866,PM2.5-1HR
950,ITA_IT0477A,2024-12-01,34.48,3.52,90.96,0,1.04,285.46,1027.21,14837.52,29.11,43.254,7500.0,0.071,PM2.5-1HR
950,ITA_IT0480A,2024-12-01,34.1,3.52,90.96,0,1.04,285.46,1027.21,11579.4,29.11,43.254,7500.0,0.344,PM2.5-1HR
950,ITA_IT1016A,2024-12-01,30.6,3.73,92.67,0,1.26,267.64,1027.37,13850.87,29.11,43.254,7500.0,0.579,PM2.5-1HR
950,ITA_IT1294A,2024-12-01,24.66,3.58,87.04,0,1.09,283.38,1027.33,1809.29,24.66,37.024,7500.0,0.667,PM2.5-1HR
950,ITA_IT1692A,2024-12-01,27.2,3.52,90.96,0,1.04,285.46,1027.21,11683.06,29.11,43.254,7500.0,0.866,PM2.5-1HR
950,ITA_IT1294A,2024-12-02,36.39,2.35,86.83,0,0.41,309.98,1021.81,1809.29,36.39,53.446,7500.0,0.667,PM2.5-1HR
950,ITA_IT1692A,2024-12-02,37.4,2.24,90.13,0,0.61,290.56,1021.72,11683.06,38.64,56.596,7500.0,0.866,PM2.5-1HR
950,ITA_IT0477A,2024-12-02,49.88,2.24,90.13,0,0.61,290.56,1021.72,14837.52,38.64,56.596,7500.0,0.071,PM2.5-1HR
950,ITA_IT0480A,2024-12-02,46.5,2.24,90.13,0,0.61,290.56,1021.72,11579.4,38.64,56.596,7500.0,0.344,PM2.5-1HR
950,ITA_IT1016A,2024-12-02,31.4,2.28,94.75,0,0.8,283.41,1021.88,13850.87,38.64,56.596,7500.0,0.579,PM2.5-1HR
950,ITA_IT0480A,2024-12-03,44.9,4.25,85.38,0,0.77,55.67,1017.36,11579.4,42.09,61.426,7500.0,0.344,PM2.5-1HR
950,ITA_IT1016A,2024-12-03,44.1,3.8,91.96,0,0.92,20.63,1017.49,13850.87,42.09,61.426,7500.0,0.579,PM2.5-1HR
950,ITA_IT0477A,2024-12-03,51.73,4.25,85.38,0,0.77,55.67,1017.36,14837.52,42.09,61.426,7500.0,0.071,PM2.5-1HR
950,ITA_IT1294A,2024-12-03,41.03,3.72,85.21,0,0.76,43.31,1017.42,1809.29,41.03,59.942,7500.0,0.667,PM2.5-1HR
950,ITA_IT1692A,2024-12-03,42.6,4.25,85.38,0,0.77,55.67,1017.36,11683.06,42.09,61.426,7500.0,0.866,PM2.5-1HR
950,ITA_IT0477A,2024-12-04,42.64,6.04,78.33,0,0.78,308.98,1020.92,14837.52,30.16,44.724,7500.0,0.071,PM2.5-1HR
950,ITA_IT0480A,2024-12-04,41.2,6.04,78.33,0,0.78,308.98,1020.92,11579.4,30.16,44.724,7500.0,0.344,PM2.5-1HR
950,ITA_IT1016A,2024-12-04,24.1,5.62,84.25,0,0.75,357.73,1021.01,13850.87,30.16,44.724,7500.0,0.579,PM2.5-1HR
950,ITA_IT1294A,2024-12-04,27.35,5.2,77.75,0,1.3,22.57,1021.09,1809.29,27.35,40.79,7500.0,0.667,PM2.5-1HR
950,ITA_IT1692A,2024-12-04,31.7,6.04,78.33,0,0.78,308.98,1020.92,11683.06,30.16,44.724,7500.0,0.866,PM2.5-1HR
950,ITA_IT0477A,2024-12-05,36.78,3.89,86.33,0,0.63,27.25,1025.05,14837.52,23.18,34.952,7500.0,0.071,PM2.5-1HR
950,ITA_IT0480A,2024-12-05,33.5,3.89,86.33,0,0.63,27.25,1025.05,11579.4,23.18,34.952,7500.0,0.344,PM2.5-1HR
950,ITA_IT1016A,2024-12-05,17.1,3.72,91.33,0,0.65,34.66,1025.1,13850.87,23.18,34.952,7500.0,0.579,PM2.5-1HR
950,ITA_IT1294A,2024-12-05,31.99,3.38,81.92,0,1.24,22.7,1025.11,1809.29,31.99,47.286,7500.0,0.667,PM2.5-1HR
950,ITA_IT1692A,2024-12-05,25.5,3.89,86.33,0,0.63,27.25,1025.05,11683.06,23.18,34.952,7500.0,0.866,PM2.5-1HR
950,ITA_IT0477A,2024-12-06,48.27,3.07,86.96,0.03,1.55,274.44,1017.64,14837.52,36.64,53.796,7500.0,0.071,PM2.5-1HR
950,ITA_IT0480A,2024-12-06,47.2,3.07,86.96,0.03,1.55,274.44,1017.64,11579.4,36.64,53.796,7500.0,0.344,PM2.5-1HR
950,ITA_IT1016A,2024-12-06,24.1,3.13,89.75,0,1.7,278.38,1017.78,13850.87,36.64,53.796,7500.0,0.579,PM2.5-1HR
950,ITA_IT1294A,2024-12-06,36.63,3.06,80.42,0,1.51,310.76,1017.81,1809.29,36.63,53.782,7500.0,0.667,PM2.5-1HR
950,ITA_IT1692A,2024-12-06,36.2,3.07,86.96,0.03,1.55,274.44,1017.64,11683.06,36.64,53.796,7500.0,0.866,PM2.5-1HR
950,ITA_IT0477A,2024-12-07,48.25,1.8,92.04,0.22,1.27,65.88,1012.9,14837.52,40.38,59.032,7500.0,0.071,PM2.5-1HR
950,ITA_IT0480A,2024-12-07,44.5,1.8,92.04,0.22,1.27,65.88,1012.9,11579.4,40.38,59.032,7500.0,0.344,PM2.5-1HR
950,ITA_IT1016A,2024-12-07,43.3,1.93,93.75,0.31,1.26,58.03,1012.95,13850.87,40.38,59.032,7500.0,0.579,PM2.5-1HR
950,ITA_IT1294A,2024-12-07,39.07,2.07,89.75,0.12,1.33,67.15,1012.91,1809.29,39.07,57.198,7500.0,0.667,PM2.5-1HR
950,ITA_IT1692A,2024-12-07,38.2,1.8,92.04,0.22,1.27,65.88,1012.9,11683.06,40.38,59.032,7500.0,0.866,PM2.5-1HR
950,ITA_IT0477A,2024-12-08,34.59,3.1,94.79,0.2,1.63,291.78,1001.95,14837.52,25.47,38.158,7500.0,0.071,PM2.5-1HR
950,ITA_IT0480A,2024-12-08,31.4,3.1,94.79,0.2,1.63,291.78,1001.95,11579.4,25.47,38.158,7500.0,0.344,PM2.5-1HR
950,ITA_IT1016A,2024-12-08,21.8,3.39,95,0.26,1.69,276.24,1002.04,13850.87,25.47,38.158,7500.0,0.579,PM2.5-1HR
950,ITA_IT1294A,2024-12-08,31.99,2.93,95.46,0.08,1.46,288.43,1002.15,1809.29,31.99,47.286,7500.0,0.667,PM2.5-1HR
950,ITA_IT1692A,2024-12-08,25.5,3.1,94.79,0.2,1.63,291.78,1001.95,11683.06,25.47,38.158,7500.0,0.866,PM2.5-1HR
950,ITA_IT0477A,2024-12-09,18.43,5.12,89.83,0.03,1.28,330.96,1010.43,14837.52,12.32,19.748,7500.0,0.071,PM2.5-1HR
950,ITA_IT0480A,2024-12-09,21.4,5.12,89.83,0.03,1.28,330.96,1010.43,11579.4,12.32,19.748,7500.0,0.344,PM2.5-1HR
950,ITA_IT1016A,2024-12-09,6.9,5.39,90.63,0.03,1.36,330.75,1010.45,13850.87,12.32,19.748,7500.0,0.579,PM2.5-1HR
950,ITA_IT1294A,2024-12-09,26.37,4.78,88.5,0.03,1.33,309.29,1010.54,1809.29,26.37,39.418,7500.0,0.667,PM2.5-1HR
950,ITA_IT1692A,2024-12-09,13.8,5.12,89.83,0.03,1.28,330.96,1010.43,11683.06,12.32,19.748,7500.0,0.866,PM2.5-1HR
950,ITA_IT0477A,2024-12-10,35.79,5.44,86.75,0,1.08,323.06,1018.83,14837.52,29.28,43.492,7500.0,0.071,PM2.5-1HR
950,ITA_IT0480A,2024-12-10,37.7,5.44,86.75,0,1.08,323.06,1018.83,11579.4,29.28,43.492,7500.0,0.344,PM2.5-1HR
950,ITA_IT1016A,2024-12-10,27.3,5.9,87.33,0,1.21,321.23,1018.87,13850.87,29.28,43.492,7500.0,0.579,PM2.5-1HR
950,ITA_IT1294A,2024-12-10,33.7,4.53,85.96,0.01,1.35,347.12,1019.04,1809.29,33.7,49.68,7500.0,0.667,PM2.5-1HR
950,ITA_IT1692A,2024-12-10,28.5,5.44,86.75,0,1.08,323.06,1018.83,11683.06,29.28,43.492,7500.0,0.866,PM2.5-1HR
950,ITA_IT0477A,2024-12-11,29.14,4.81,86.96,0,1.23,303.78,1024.12,14837.52,25.15,37.71,7500.0,0.071,PM2.5-1HR
950,ITA_IT0480A,2024-12-11,34.3,4.81,86.96,0,1.23,303.78,1024.12,11579.4,25.15,37.71,7500.0,0.344,PM2.5-1HR
950,ITA_IT1016A,2024-12-11,23.8,5.27,87.5,0,1.45,305.11,1024.16,13850.87,25.15,37.71,7500.0,0.579,PM2.5-1HR
950,ITA_IT1294A,2024-12-11,21.25,4.8,84.96,0,1.36,299.68,1024.17,1809.29,21.25,32.25,7500.0,0.667,PM2.5-1HR
950,ITA_IT1692A,2024-12-11,25.6,4.81,86.96,0,1.23,303.78,1024.12,11683.06,25.15,37.71,7500.0,0.866,PM2.5-1HR
950,ITA_IT0477A,2024-12-12,44.47,3.17,95.46,0,1.04,54.11,1028.98,14837.52,29.1,43.24,7500.0,0.071,PM2.5-1HR
950,ITA_IT0480A,2024-12-12,39.7,3.17,95.46,0,1.04,54.11,1028.98,11579.4,29.1,43.24,7500.0,0.344,PM2.5-1HR
950,ITA_IT1016A,2024-12-12,23.5,3.48,96.96,0,0.93,52.29,1029.05,13850.87,29.1,43.24,7500.0,0.579,PM2.5-1HR
950,ITA_IT1294A,2024-12-12,25.89,2.91,91.42,0,0.96,21.64,1029.02,1809.29,25.89,38.746,7500.0,0.667,PM2.5-1HR
950,ITA_IT1692A,2024-12-12,27.4,3.17,95.46,0,1.04,54.11,1028.98,11683.06,29.1,43.24,7500.0,0.866,PM2.5-1HR
950,ITA_IT0477A,2024-12-13,48.89,3.09,93.92,0,1,290.72,1030.33,14837.52,36.29,53.306,7500.0,0.071,PM2.5-1HR
950,ITA_IT0480A,2024-12-13,43.2,3.09,93.92,0,1,290.72,1030.33,11579.4,36.29,53.306,7500.0,0.344,PM2.5-1HR
950,ITA_IT1016A,2024-12-13,25,3.66,93.58,0,1.19,306.84,1030.34,13850.87,36.29,53.306,7500.0,0.579,PM2.5-1HR
950,ITA_IT1294A,2024-12-13,31.5,3.33,93.5,0,0.96,297.64,1030.5,1809.29,31.5,46.6,7500.0,0.667,PM2.5-1HR
950,ITA_IT1692A,2024-12-13,38.4,3.09,93.92,0,1,290.72,1030.33,11683.06,36.29,53.306,7500.0,0.866,PM2.5-1HR
950,ITA_IT0477A,2024-12-14,49.73,2.98,96.83,0.08,1.26,271.25,1023.47,14837.52,38.65,56.61,7500.0,0.071,PM2.5-1HR
950,ITA_IT0480A,2024-12-14,44.8,2.98,96.83,0.08,1.26,271.25,1023.47,11579.4,38.65,56.61,7500.0,0.344,PM2.5-1HR
950,ITA_IT1016A,2024-12-14,33.2,3.27,95.75,0.12,1.47,271.48,1023.55,13850.87,38.65,56.61,7500.0,0.579,PM2.5-1HR
950,ITA_IT1294A,2024-12-14,0,2.29,96.67,0.06,1.15,277.58,1023.69,1809.29,0,2.5,7500.0,0.667,PM2.5-1HR
950,ITA_IT1692A,2024-12-14,37.3,2.98,96.83,0.08,1.26,271.25,1023.47,11683.06,38.65,56.61,7500.0,0.866,PM2.5-1HR
950,ITA_IT0477A,2024-12-15,42.47,1.36,93,0,1.04,283.96,1026.48,14837.52,33.12,48.868,7500.0,0.071,PM2.5-1HR
950,ITA_IT0480A,2024-12-15,37.9,1.36,93,0,1.04,283.96,1026.48,11579.4,33.12,48.868,7500.0,0.344,PM2.5-1HR
950,ITA_IT1016A,2024-12-15,35.4,1.82,94.17,0,1.37,288.7,1026.57,13850.87,33.12,48.868,7500.0,0.579,PM2.5-1HR
950,ITA_IT1294A,2024-12-15,0,4.23,66.92,0,2.19,320.51,1026.35,1809.29,0,2.5,7500.0,0.667,PM2.5-1HR
950,ITA_IT1692A,2024-12-15,28.5,1.36,93,0,1.04,283.96,1026.48,11683.06,33.12,48.868,7500.0,0.866,PM2.5-1HR
950,ITA_IT0477A,2024-12-16,54.25,4.28,78.54,0,1.17,312.11,1034.19,14837.52,49.81,72.234,7500.0,0.071,PM2.5-1HR
950,ITA_IT0480A,2024-12-16,54.6,4.28,78.54,0,1.17,312.11,1034.19,11579.4,49.81,72.234,7500.0,0.344,PM2.5-1HR
950,ITA_IT1016A,2024-12-16,60,4.45,77.63,0,1.37,297.41,1034.31,13850.87,49.81,72.234,7500.0,0.579,PM2.5-1HR
950,ITA_IT1294A,2024-12-16,33.86,3.98,75.42,0,0.99,310.07,1034.3,1809.29,33.86,49.904,7500.0,0.667,PM2.5-1HR
950,ITA_IT1692A,2024-12-16,40.1,4.28,78.54,0,1.17,312.11,1034.19,11683.06,49.81,72.234,7500.0,0.866,PM2.5-1HR
950,ITA_IT0477A,2024-12-17,45.47,6.23,84.63,0,1.3,324.12,1031.3,14837.52,33.94,50.016,7500.0,0.071,PM2.5-1HR
950,ITA_IT0480A,2024-12-17,42.6,6.23,84.63,0,1.3,324.12,1031.3,11579.4,33.94,50.016,7500.0,0.344,PM2.5-1HR
950,ITA_IT1294A,2024-12-17,34.68,5.15,84.25,0,0.51,337.32,1031.34,1809.29,34.68,51.052,7500.0,0.667,PM2.5-1HR
950,ITA_IT1692A,2024-12-17,41.1,6.23,84.63,0,1.3,324.12,1031.3,11683.06,33.94,50.016,7500.0,0.866,PM2.5-1HR
950,ITA_IT0477A,2024-12-18,46.47,5.68,93.17,0,0.57,329.87,1027.66,14837.52,38.69,56.666,7500.0,0.071,PM2.5-1HR
950,ITA_IT0480A,2024-12-18,49.2,5.68,93.17,0,0.57,329.87,1027.66,11579.4,38.69,56.666,7500.0,0.344,PM2.5-1HR
950,ITA_IT1016A,2024-12-18,39.5,5.97,95.29,0,0.68,304.91,1027.72,13850.87,38.69,56.666,7500.0,0.579,PM2.5-1HR
950,ITA_IT1294A,2024-12-18,38.16,5.36,93.21,0,0.66,25.23,1027.73,1809.29,38.16,55.924,7500.0,0.667,PM2.5-1HR
950,ITA_IT1692A,2024-12-18,35.3,5.68,93.17,0,0.57,329.87,1027.66,11683.06,38.69,56.666,7500.0,0.866,PM2.5-1HR
950,ITA_IT0477A,2024-12-19,39.88,5.55,98.58,0.51,1.12,85.35,1015.18,14837.52,21.39,32.446,7500.0,0.071,PM2.5-1HR
950,ITA_IT0480A,2024-12-19,27.3,5.55,98.58,0.51,1.12,85.35,1015.18,11579.4,21.39,32.446,7500.0,0.344,PM2.5-1HR
950,ITA_IT1016A,2024-12-19,23.6,5.79,97.88,0.44,1.17,61.62,1015.23,13850.87,21.39,32.446,7500.0,0.579,PM2.5-1HR
950,ITA_IT1294A,2024-12-19,38.16,5.69,97.17,0.27,1.15,39.37,1015.26,1809.29,38.16,55.924,7500.0,0.667,PM2.5-1HR
950,ITA_IT1692A,2024-12-19,21.2,5.55,98.58,0.51,1.12,85.35,1015.18,11683.06,21.39,32.446,7500.0,0.866,PM2.5-1HR
950,ITA_IT0477A,2024-12-20,5.03,7.39,41.67,0,5.24,333.74,1011.39,14837.52,3.28,7.092,7500.0,0.071,PM2.5-1HR
950,ITA_IT0480A,2024-12-20,1.4,7.39,41.67,0,5.24,333.74,1011.39,11579.4,3.28,7.092,7500.0,0.344,PM2.5-1HR
950,ITA_IT1016A,2024-12-20,6.7,7.58,43.13,0,5.54,333.04,1011.38,13850.87,3.28,7.092,7500.0,0.579,PM2.5-1HR
950,ITA_IT1294A,2024-12-20,1.15,7.78,36.13,0,6.84,351.95,1012.39,1809.29,1.15,4.11,7500.0,0.667,PM2.5-1HR
950,ITA_IT1692A,2024-12-20,4.4,7.39,41.67,0,5.24,333.74,1011.39,11683.06,3.28,7.092,7500.0,0.866,PM2.5-1HR
950,ITA_IT0477A,2024-12-21,14,3.32,71.63,0,0.98,7.77,1022.81,14837.52,11.66,18.824,7500.0,0.071,PM2.5-1HR
950,ITA_IT0480A,2024-12-21,14.6,3.32,71.63,0,0.98,7.77,1022.81,11579.4,11.66,18.824,7500.0,0.344,PM2.5-1HR
950,ITA_IT1016A,2024-12-21,17.7,3.4,73.88,0,0.96,355.37,1022.87,13850.87,11.66,18.824,7500.0,0.579,PM2.5-1HR
950,ITA_IT1294A,2024-12-21,14.41,3.88,61.58,0,1.68,19.46,1022.88,1809.29,14.41,22.674,7500.0,0.667,PM2.5-1HR
950,ITA_IT1692A,2024-12-21,14,3.32,71.63,0,0.98,7.77,1022.81,11683.06,11.66,18.824,7500.0,0.866,PM2.5-1HR
950,ITA_IT0477A,2024-12-22,37.1,1.86,87.92,0.07,1.04,321.91,1011.14,14837.52,29.61,43.954,7500.0,0.071,PM2.5-1HR
950,ITA_IT0480A,2024-12-22,31.8,1.86,87.92,0.07,1.04,321.91,1011.14,11579.4,29.61,43.954,7500.0,0.344,PM2.5-1HR
950,ITA_IT1016A,2024-12-22,27.9,2.39,86.38,0.07,1.08,314.3,1011.23,13850.87,29.61,43.954,7500.0,0.579,PM2.5-1HR
950,ITA_IT1294A,2024-12-22,14.41,2.16,79.71,0.03,1.54,353.78,1011.36,1809.29,14.41,22.674,7500.0,0.667,PM2.5-1HR
950,ITA_IT1692A,2024-12-22,28.9,1.86,87.92,0.07,1.04,321.91,1011.14,11683.06,29.61,43.954,7500.0,0.866,PM2.5-1HR
950,ITA_IT0477A,2024-12-23,7.58,5.58,47,0,4.3,315.69,1006.84,14837.52,3.43,7.302,7500.0,0.071,PM2.5-1HR
950,ITA_IT0480A,2024-12-23,4.7,5.58,47,0,4.3,315.69,1006.84,11579.4,3.43,7.302,7500.0,0.344,PM2.5-1HR
950,ITA_IT1016A,2024-12-23,5.5,6.08,46.92,0,4.39,317.16,1006.97,13850.87,3.43,7.302,7500.0,0.579,PM2.5-1HR
950,ITA_IT1294A,2024-12-23,2.44,6.07,42.63,0,3.91,339.72,1007.75,1809.29,2.44,5.916,7500.0,0.667,PM2.5-1HR
950,ITA_IT1692A,2024-12-23,2.8,5.58,47,0,4.3,315.69,1006.84,11683.06,3.43,7.302,7500.0,0.866,PM2.5-1HR
950,ITA_IT0477A,2024-12-24,2.18,6.8,39.5,0,4.21,337.1,1018.33,14837.52,4.49,8.786,7500.0,0.071,PM2.5-1HR
950,ITA_IT0480A,2024-12-24,7.3,6.8,39.5,0,4.21,337.1,1018.33,11579.4,4.49,8.786,7500.0,0.344,PM2.5-1HR
950,ITA_IT1016A,2024-12-24,6,7.22,40.08,0,4.1,335.53,1018.38,13850.87,4.49,8.786,7500.0,0.579,PM2.5-1HR
950,ITA_IT1294A,2024-12-24,2.93,6.59,38.42,0,3.91,352.53,1018.98,1809.29,2.93,6.602,7500.0,0.667,PM2.5-1HR
950,ITA_IT1692A,2024-12-24,4.6,6.8,39.5,0,4.21,337.1,1018.33,11683.06,4.49,8.786,7500.0,0.866,PM2.5-1HR
950,ITA_IT0477A,2024-12-25,36.02,2.95,66.25,0,0.97,2.83,1029.37,14837.52,29.2,43.38,7500.0,0.071,PM2.5-1HR
950,ITA_IT0480A,2024-12-25,37.9,2.95,66.25,0,0.97,2.83,1029.37,11579.4,29.2,43.38,7500.0,0.344,PM2.5-1HR
950,ITA_IT1016A,2024-12-25,29.8,2.65,72.42,0,0.78,309.36,1029.46,13850.87,29.2,43.38,7500.0,0.579,PM2.5-1HR
950,ITA_IT1294A,2024-12-25,2.93,2.83,64.38,0,1.32,37.61,1029.46,1809.29,2.93,6.602,7500.0,0.667,PM2.5-1HR
950,ITA_IT1692A,2024-12-25,25.8,2.95,66.25,0,0.97,2.83,1029.37,11683.06,29.2,43.38,7500.0,0.866,PM2.5-1HR
950,ITA_IT0477A,2024-12-26,42.62,1.75,74,0,1.12,321.79,1033.28,14837.52,37.37,54.818,7500.0,0.071,PM2.5-1HR
950,ITA_IT0480A,2024-12-26,41.1,1.75,74,0,1.12,321.79,1033.28,11579.4,37.37,54.818,7500.0,0.344,PM2.5-1HR
950,ITA_IT1016A,2024-12-26,41.5,1.73,79.04,0,1.31,311.55,1033.38,13850.87,37.37,54.818,7500.0,0.579,PM2.5-1HR
950,ITA_IT1294A,2024-12-26,38.58,1.16,77.5,0,1.24,340.16,1033.35,1809.29,38.58,56.512,7500.0,0.667,PM2.5-1HR
950,ITA_IT1692A,2024-12-26,37.4,1.75,74,0,1.12,321.79,1033.28,11683.06,37.37,54.818,7500.0,0.866,PM2.5-1HR
950,ITA_IT0477A,2024-12-27,39.78,1.56,67.63,0,0.94,301.31,1033.43,14837.52,38.09,55.826,7500.0,0.071,PM2.5-1HR
950,ITA_IT0480A,2024-12-27,46.5,1.56,67.63,0,0.94,301.31,1033.43,11579.4,38.09,55.826,7500.0,0.344,PM2.5-1HR
950,ITA_IT1016A,2024-12-27,37.7,1.19,72.71,0,1.29,284.42,1033.58,13850.87,38.09,55.826,7500.0,0.579,PM2.5-1HR
950,ITA_IT1294A,2024-12-27,32.71,1.29,68.63,0,1.03,325.05,1033.49,1809.29,32.71,48.294,7500.0,0.667,PM2.5-1HR
950,ITA_IT1692A,2024-12-27,35.2,1.56,67.63,0,0.94,301.31,1033.43,11683.06,38.09,55.826,7500.0,0.866,PM2.5-1HR
950,ITA_IT0477A,2024-12-28,38.94,2.77,75.04,0,1.35,293.2,1028.85,14837.52,32.67,48.238,7500.0,0.071,PM2.5-1HR
950,ITA_IT0480A,2024-12-28,44.4,2.77,75.04,0,1.35,293.2,1028.85,11579.4,32.67,48.238,7500.0,0.344,PM2.5-1HR
950,ITA_IT1016A,2024-12-28,34.8,2.97,75.88,0,1.68,286.87,1028.99,13850.87,32.67,48.238,7500.0,0.579,PM2.5-1HR
950,ITA_IT1294A,2024-12-28,29.3,2.32,76.04,0,1.25,302.31,1028.91,1809.29,29.3,43.52,7500.0,0.667,PM2.5-1HR
950,ITA_IT1692A,2024-12-28,28.3,2.77,75.04,0,1.35,293.2,1028.85,11683.06,32.67,48.238,7500.0,0.866,PM2.5-1HR
950,ITA_IT0477A,2024-12-29,48.37,2.73,80,0,0.91,315.44,1027.8,14837.52,43.01,62.714,7500.0,0.071,PM2.5-1HR
950,ITA_IT0480A,2024-12-29,50.9,2.73,80,0,0.91,315.44,1027.8,11579.4,43.01,62.714,7500.0,0.344,PM2.5-1HR
950,ITA_IT1016A,2024-12-29,43.9,2.96,84.58,0,1.28,297.97,1027.98,13850.87,43.01,62.714,7500.0,0.579,PM2.5-1HR
950,ITA_IT1294A,2024-12-29,31.5,2.2,81.46,0,0.95,326.85,1027.95,1809.29,31.5,46.6,7500.0,0.667,PM2.5-1HR
950,ITA_IT1692A,2024-12-29,42.2,2.73,80,0,0.91,315.44,1027.8,11683.06,43.01,62.714,7500.0,0.866,PM2.5-1HR
950,ITA_IT0477A,2024-12-30,58.8,1.97,79.29,0,0.82,323,1029.64,14837.52,51.26,74.264,7500.0,0.071,PM2.5-1HR
950,ITA_IT0480A,2024-12-30,59.2,1.97,79.29,0,0.82,323,1029.64,11579.4,51.26,74.264,7500.0,0.344,PM2.5-1HR
950,ITA_IT1016A,2024-12-30,55.3,2.13,81.71,0,0.92,308.64,1029.77,13850.87,51.26,74.264,7500.0,0.579,PM2.5-1HR
950,ITA_IT1294A,2024-12-30,45.18,1.68,82.25,0,1.14,329.37,1029.78,1809.29,45.18,65.752,7500.0,0.667,PM2.5-1HR
950,ITA_IT1692A,2024-12-30,47.9,1.97,79.29,0,0.82,323,1029.64,11683.06,51.26,74.264,7500.0,0.866,PM2.5-1HR
950,ITA_IT0477A,2024-12-31,59.99,1.68,86.63,0,0.76,292.43,1031.82,14837.52,50.9,73.76,7500.0,0.071,PM2.5-1HR
950,ITA_IT0480A,2024-12-31,58.7,1.68,86.63,0,0.76,292.43,1031.82,11579.4,50.9,73.76,7500.0,0.344,PM2.5-1HR
950,ITA_IT1016A,2024-12-31,55.6,1.83,89.54,0,0.95,287.15,1031.98,13850.87,50.9,73.76,7500.0,0.579,PM2.5-1HR
950,ITA_IT1294A,2024-12-31,39.07,1.33,86.75,0,0.79,323.44,1031.9,1809.29,39.07,57.198,7500.0,0.667,PM2.5-1HR
950,ITA_IT1692A,2024-12-31,53.7,1.68,86.63,0,0.76,292.43,1031.82,11683.06,50.9,73.76,7500.0,0.866,PM2.5-1HR
950,ITA_IT0477A,2025-01-01,158.19,4.48,82.58,0.01,0.85,293.25,1030.95,14792.55,34.52,50.828,7500.0,0.071,PM2.5-1HR
950,ITA_IT0480A,2025-01-01,130.3,4.48,82.58,0.01,0.85,293.25,1030.95,11543.81,34.52,50.828,7500.0,0.344,PM2.5-1HR
950,ITA_IT1016A,2025-01-01,143.3,4.62,88.04,0.01,1.08,285.9,1031.05,13806.17,34.52,50.828,7500.0,0.579,PM2.5-1HR
950,ITA_IT1294A,2025-01-01,53.48,3.68,85.88,0,1.04,338.05,1031.09,1803.63,53.48,77.372,7500.0,0.667,PM2.5-1HR
950,ITA_IT1692A,2025-01-01,119.1,4.48,82.58,0.01,0.85,293.25,1030.95,11646.01,34.52,50.828,7500.0,0.866,PM2.5-1HR
950,ITA_IT0477A,2025-01-02,113.11,4.7,98,0.07,1.02,323.8,1022.08,14792.55,82.74,118.336,7500.0,0.071,PM2.5-1HR
950,ITA_IT0480A,2025-01-02,109.7,4.7,98,0.07,1.02,323.8,1022.08,11543.81,82.74,118.336,7500.0,0.344,PM2.5-1HR
950,ITA_IT1016A,2025-01-02,101.6,5.04,97.29,0.06,0.93,307.93,1022.14,13806.17,82.74,118.336,7500.0,0.579,PM2.5-1HR
950,ITA_IT1294A,2025-01-02,84.07,5.04,92.5,0.03,0.89,1.96,1022.19,1803.63,84.07,120.198,7500.0,0.667,PM2.5-1HR
950,ITA_IT1692A,2025-01-02,82.4,4.7,98,0.07,1.02,323.8,1022.08,11646.01,82.74,118.336,7500.0,0.866,PM2.5-1HR
950,ITA_IT0477A,2025-01-03,53.27,5.47,85.25,0,1.75,2.62,1015.26,14792.55,37.84,55.476,7500.0,0.071,PM2.5-1HR
950,ITA_IT0480A,2025-01-03,50.9,5.47,85.25,0,1.75,2.62,1015.26,11543.81,37.84,55.476,7500.0,0.344,PM2.5-1HR
950,ITA_IT1016A,2025-01-03,45.5,5.21,87.88,0,1.91,336.39,1015.36,13806.17,37.84,55.476,7500.0,0.579,PM2.5-1HR
950,ITA_IT1294A,2025-01-03,31.5,5.62,64.83,0,2.74,345.69,1015.45,1803.63,31.5,46.6,7500.0,0.667,PM2.5-1HR
950,ITA_IT1692A,2025-01-03,38.6,5.47,85.25,0,1.75,2.62,1015.26,11646.01,37.84,55.476,7500.0,0.866,PM2.5-1HR
950,ITA_IT0477A,2025-01-04,37.88,3.64,89.42,0.01,1.17,41.1,1021.76,14792.55,29.06,43.184,7500.0,0.071,PM2.5-1HR
950,ITA_IT0480A,2025-01-04,36.1,3.64,89.42,0.01,1.17,41.1,1021.76,11543.81,29.06,43.184,7500.0,0.344,PM2.5-1HR
950,ITA_IT1016A,2025-01-04,29.6,3.65,90.92,0.01,1.12,52.71,1021.77,13806.17,29.06,43.184,7500.0,0.579,PM2.5-1HR
950,ITA_IT1294A,2025-01-04,41.03,2.9,85.83,0,1.15,32.26,1021.86,1803.63,41.03,59.942,7500.0,0.667,PM2.5-1HR
950,ITA_IT1692A,2025-01-04,26.2,3.64,89.42,0.01,1.17,41.1,1021.76,11646.01,29.06,43.184,7500.0,0.866,PM2.5-1HR
950,ITA_IT0477A,2025-01-05,40.08,3.4,85.67,0.03,0.79,267.98,1018.24,14792.55,33.8,49.82,7500.0,0.071,PM2.5-1HR
950,ITA_IT0480A,2025-01-05,37.5,3.4,85.67,0.03,0.79,267.98,1018.24,11543.81,33.8,49.82,7500.0,0.344,PM2.5-1HR
950,ITA_IT1016A,2025-01-05,37.1,3.67,86.42,0.03,0.71,285.38,1018.29,13806.17,33.8,49.82,7500.0,0.579,PM2.5-1HR
950,ITA_IT1294A,2025-01-05,36.39,3.63,76.54,0.01,0.86,306,1018.35,1803.63,36.39,53.446,7500.0,0.667,PM2.5-1HR
950,ITA_IT1692A,2025-01-05,29.1,3.4,85.67,0.03,0.79,267.98,1018.24,11646.01,33.8,49.82,7500.0,0.866,PM2.5-1HR
950,ITA_IT0477A,2025-01-06,36.63,3.44,96.17,0.44,0.8,18.53,1013.04,14792.55,29.12,43.268,7500.0,0.071,PM2.5-1HR
950,ITA_IT0480A,2025-01-06,34.3,3.44,96.17,0.44,0.8,18.53,1013.04,11543.81,29.12,43.268,7500.0,0.344,PM2.5-1HR
950,ITA_IT1016A,2025-01-06,28.9,3.69,96.25,0.4,0.92,351.71,1013.08,13806.17,29.12,43.268,7500.0,0.579,PM2.5-1HR
950,ITA_IT1294A,2025-01-06,22.95,3.5,96.83,0.38,0.68,25.2,1013.13,1803.63,22.95,34.63,7500.0,0.667,PM2.5-1HR
950,ITA_IT1692A,2025-01-06,25.5,3.44,96.17,0.44,0.8,18.53,1013.04,11646.01,29.12,43.268,7500.0,0.866,PM2.5-1HR
950,ITA_IT0477A,2025-01-07,24.81,4.16,93.88,0.4,1.55,269.19,1009.4,14792.55,19.56,29.884,7500.0,0.071,PM2.5-1HR
950,ITA_IT0480A,2025-01-07,21.8,4.16,93.88,0.4,1.55,269.19,1009.4,11543.81,19.56,29.884,7500.0,0.344,PM2.5-1HR
950,ITA_IT1016A,2025-01-07,20.6,4.48,92.29,0.4,1.72,276.03,1009.48,13806.17,19.56,29.884,7500.0,0.579,PM2.5-1HR
950,ITA_IT1294A,2025-01-07,20.51,4.37,89.71,0.22,1.07,283.84,1009.51,1803.63,20.51,31.214,7500.0,0.667,PM2.5-1HR
950,ITA_IT1692A,2025-01-07,18.3,4.16,93.88,0.4,1.55,269.19,1009.4,11646.01,19.56,29.884,7500.0,0.866,PM2.5-1HR
950,ITA_IT0477A,2025-01-08,32.31,4.15,94.79,0.02,0.7,299.59,1013.9,14792.55,26.3,39.32,7500.0,0.071,PM2.5-1HR
950,ITA_IT0480A,2025-01-08,32.8,4.15,94.79,0.02,0.7,299.59,1013.9,11543.81,26.3,39.32,7500.0,0.344,PM2.5-1HR
950,ITA_IT1016A,2025-01-08,25.8,4.53,93.54,0.02,0.87,300.88,1013.98,13806.17,26.3,39.32,7500.0,0.579,PM2.5-1HR
950,ITA_IT1294A,2025-01-08,19.78,4.7,84.21,0.01,0.96,313.08,1013.93,1803.63,19.78,30.192,7500.0,0.667,PM2.5-1HR
950,ITA_IT1692A,2025-01-08,25.9,4.15,94.79,0.02,0.7,299.59,1013.9,11646.01,26.3,39.32,7500.0,0.866,PM2.5-1HR
950,ITA_IT0477A,2025-01-09,15.85,5.46,95.42,0.13,1.2,298.56,1010.94,14792.55,14.19,22.366,7500.0,0.071,PM2.5-1HR
950,ITA_IT0480A,2025-01-09,16.1,5.46,95.42,0.13,1.2,298.56,1010.94,11543.81,14.19,22.366,7500.0,0.344,PM2.5-1HR
950,ITA_IT1016A,2025-01-09,15.5,5.7,94.58,0.11,1.28,306.58,1010.97,13806.17,14.19,22.366,7500.0,0.579,PM2.5-1HR
950,ITA_IT1294A,2025-01-09,19.78,5.58,91.67,0.08,0.9,283.73,1011.06,1803.63,19.78,30.192,7500.0,0.667,PM2.5-1HR
950,ITA_IT1692A,2025-01-09,15.1,5.46,95.42,0.13,1.2,298.56,1010.94,11646.01,14.19,22.366,7500.0,0.866,PM2.5-1HR
950,ITA_IT0477A,2025-01-10,18.09,6.66,71.58,0,2.51,20.49,1013.67,14792.55,15.56,24.284,7500.0,0.071,PM2.5-1HR
950,ITA_IT0480A,2025-01-10,18.7,6.66,71.58,0,2.51,20.49,1013.67,11543.81,15.56,24.284,7500.0,0.344,PM2.5-1HR
950,ITA_IT1016A,2025-01-10,18.4,6.82,72.17,0,2.56,15.68,1013.71,13806.17,15.56,24.284,7500.0,0.579,PM2.5-1HR
950,ITA_IT1294A,2025-01-10,10.01,6.4,69.21,0.02,2.8,355.39,1014.01,1803.63,10.01,16.514,7500.0,0.667,PM2.5-1HR
950,ITA_IT1692A,2025-01-10,15.7,6.66,71.58,0,2.51,20.49,1013.67,11646.01,15.56,24.284,7500.0,0.866,PM2.5-1HR
950,ITA_IT0477A,2025-01-11,17.62,3.67,76.42,0,1.01,36.89,1018.58,14792.55,14.2,22.38,7500.0,0.071,PM2.5-1HR
950,ITA_IT0480A,2025-01-11,18.5,3.67,76.42,0,1.01,36.89,1018.58,11543.81,14.2,22.38,7500.0,0.344,PM2.5-1HR
950,ITA_IT1016A,2025-01-11,13.6,3.93,76.46,0,1.16,36.01,1018.59,13806.17,14.2,22.38,7500.0,0.579,PM2.5-1HR
950,ITA_IT1294A,2025-01-11,23.2,3.25,77.13,0,1.36,24,1018.7,1803.63,23.2,34.98,7500.0,0.667,PM2.5-1HR
950,ITA_IT1692A,2025-01-11,15.7,3.67,76.42,0,1.01,36.89,1018.58,11646.01,14.2,22.38,7500.0,0.866,PM2.5-1HR
950,ITA_IT0477A,2025-01-12,24.96,2.02,63.29,0,1.22,1.75,1025.5,14792.55,20.04,30.556,7500.0,0.071,PM2.5-1HR
950,ITA_IT0480A,2025-01-12,27.1,2.02,63.29,0,1.22,1.75,1025.5,11543.81,20.04,30.556,7500.0,0.344,PM2.5-1HR
950,ITA_IT1016A,2025-01-12,21.4,2.03,68.29,0,1.17,1.27,1025.55,13806.17,20.04,30.556,7500.0,0.579,PM2.5-1HR
950,ITA_IT1294A,2025-01-12,27.59,2.1,49.83,0,1.88,32.28,1025.65,1803.63,27.59,41.126,7500.0,0.667,PM2.5-1HR
950,ITA_IT1692A,2025-01-12,22.5,2.02,63.29,0,1.22,1.75,1025.5,11646.01,20.04,30.556,7500.0,0.866,PM2.5-1HR
950,ITA_IT0477A,2025-01-13,29.31,1.03,68.88,0,1.36,39.04,1032.51,14792.55,24.54,36.856,7500.0,0.071,PM2.5-1HR
950,ITA_IT0480A,2025-01-13,29.1,1.03,68.88,0,1.36,39.04,1032.51,11543.81,24.54,36.856,7500.0,0.344,PM2.5-1HR
950,ITA_IT1016A,2025-01-13,26.7,1.2,71.83,0,1.41,30.87,1032.48,13806.17,24.54,36.856,7500.0,0.579,PM2.5-1HR
950,ITA_IT1294A,2025-01-13,23.93,0.47,67.71,0,1.58,36.74,1032.45,1803.63,23.93,36.002,7500.0,0.667,PM2.5-1HR
950,ITA_IT1692A,2025-01-13,26.2,1.03,68.88,0,1.36,39.04,1032.51,11646.01,24.54,36.856,7500.0,0.866,PM2.5-1HR
950,ITA_IT0477A,2025-01-14,25.91,0.29,76.5,0,0.94,339.29,1034.46,14792.55,22.54,34.056,7500.0,0.071,PM2.5-1HR
950,ITA_IT0480A,2025-01-14,29.4,0.29,76.5,0,0.94,339.29,1034.46,11543.81,22.54,34.056,7500.0,0.344,PM2.5-1HR
950,ITA_IT1016A,2025-01-14,20.7,0.7,76.67,0,0.85,344.31,1034.43,13806.17,22.54,34.056,7500.0,0.579,PM2.5-1HR
950,ITA_IT1294A,2025-01-14,23.93,0,76.04,0,0.99,339.08,1034.52,1803.63,23.93,36.002,7500.0,0.667,PM2.5-1HR
950,ITA_IT1692A,2025-01-14,23.2,0.29,76.5,0,0.94,339.29,1034.46,11646.01,22.54,34.056,7500.0,0.866,PM2.5-1HR
950,ITA_IT0477A,2025-01-15,46.28,0.46,72.42,0,1.26,304.43,1026.58,14792.55,42.69,62.266,7500.0,0.071,PM2.5-1HR
950,ITA_IT0480A,2025-01-15,51,0.46,72.42,0,1.26,304.43,1026.58,11543.81,42.69,62.266,7500.0,0.344,PM2.5-1HR
950,ITA_IT1016A,2025-01-15,42.3,0.31,76.63,0,1.43,289.4,1026.71,13806.17,42.69,62.266,7500.0,0.579,PM2.5-1HR
950,ITA_IT1294A,2025-01-15,39.07,0.34,72.13,0,1.46,326.67,1026.71,1803.63,39.07,57.198,7500.0,0.667,PM2.5-1HR
950,ITA_IT1692A,2025-01-15,42,0.46,72.42,0,1.26,304.43,1026.58,11646.01,42.69,62.266,7500.0,0.866,PM2.5-1HR
950,ITA_IT0477A,2025-01-16,42.09,1.68,71,0,0.89,1.35,1033.48,14792.55,28.27,42.078,7500.0,0.071,PM2.5-1HR
950,ITA_IT0480A,2025-01-16,38.1,1.68,71,0,0.89,1.35,1033.48,11543.81,28.27,42.078,7500.0,0.344,PM2.5-1HR
950,ITA_IT1016A,2025-01-16,29.1,2.08,73.79,0,1.15,356,1033.53,13806.17,28.27,42.078,7500.0,0.579,PM2.5-1HR
950,ITA_IT1294A,2025-01-16,31.01,1.68,69.46,0,1.25,6.8,1033.53,1803.63,31.01,45.914,7500.0,0.667,PM2.5-1HR
950,ITA_IT1692A,2025-01-16,31.4,1.68,71,0,0.89,1.35,1033.48,11646.01,28.27,42.078,7500.0,0.866,PM2.5-1HR
950,ITA_IT0477A,2025-01-17,31.94,1.46,82.25,0,0.74,330.72,1036.73,14792.55,26.37,39.418,7500.0,0.071,PM2.5-1HR
950,ITA_IT0480A,2025-01-17,32,1.46,82.25,0,0.74,330.72,1036.73,11543.81,26.37,39.418,7500.0,0.344,PM2.5-1HR
950,ITA_IT1016A,2025-01-17,26.4,1.8,83.29,0,0.88,341.15,1036.77,13806.17,26.37,39.418,7500.0,0.579,PM2.5-1HR
950,ITA_IT1294A,2025-01-17,28.33,1.5,80.04,0,0.85,23.32,1036.75,1803.63,28.33,42.162,7500.0,0.667,PM2.5-1HR
950,ITA_IT1692A,2025-01-17,26.5,1.46,82.25,0,0.74,330.72,1036.73,11646.01,26.37,39.418,7500.0,0.866,PM2.5-1HR
950,ITA_IT0477A,2025-01-18,39.72,1.53,81.96,0,0.9,301.11,1030.34,14792.55,34.94,51.416,7500.0,0.071,PM2.5-1HR
950,ITA_IT0480A,2025-01-18,40.1,1.53,81.96,0,0.9,301.11,1030.34,11543.81,34.94,51.416,7500.0,0.344,PM2.5-1HR
950,ITA_IT1016A,2025-01-18,34.5,1.71,84.63,0,1.27,305.27,1030.43,13806.17,34.94,51.416,7500.0,0.579,PM2.5-1HR
950,ITA_IT1294A,2025-01-18,32,1.98,78.71,0,1.12,20.81,1030.35,1803.63,32,47.3,7500.0,0.667,PM2.5-1HR
950,ITA_IT1692A,2025-01-18,38.3,1.53,81.96,0,0.9,301.11,1030.34,11646.01,34.94,51.416,7500.0,0.866,PM2.5-1HR
950,ITA_IT0477A,2025-01-19,33.36,4.1,84.21,0.08,1.38,341.96,1025.81,14792.55,25.72,38.508,7500.0,0.071,PM2.5-1HR
950,ITA_IT0480A,2025-01-19,32.4,4.1,84.21,0.08,1.38,341.96,1025.81,11543.81,25.72,38.508,7500.0,0.344,PM2.5-1HR
950,ITA_IT1016A,2025-01-19,26.3,4.75,85.38,0.07,1.65,353.22,1025.85,13806.17,25.72,38.508,7500.0,0.579,PM2.5-1HR
950,ITA_IT1294A,2025-01-19,35.9,5.08,79.46,0.08,1.73,354.29,1025.85,1803.63,35.9,52.76,7500.0,0.667,PM2.5-1HR
950,ITA_IT1692A,2025-01-19,25.6,4.1,84.21,0.08,1.38,341.96,1025.81,11646.01,25.72,38.508,7500.0,0.866,PM2.5-1HR
950,ITA_IT0477A,2025-01-20,17.73,5.86,92.75,0.15,1.32,348.32,1023.15,14792.55,14.23,22.422,7500.0,0.071,PM2.5-1HR
950,ITA_IT0480A,2025-01-20,17,5.86,92.75,0.15,1.32,348.32,1023.15,11543.81,14.23,22.422,7500.0,0.344,PM2.5-1HR
950,ITA_IT1016A,2025-01-20,15.2,6.07,93.92,0.13,1.66,358.58,1023.22,13806.17,14.23,22.422,7500.0,0.579,PM2.5-1HR
950,ITA_IT1294A,2025-01-20,14.16,6.23,90.96,0.26,2.55,1.59,1023.32,1803.63,14.16,22.324,7500.0,0.667,PM2.5-1HR
950,ITA_IT1692A,2025-01-20,13.9,5.86,92.75,0.15,1.32,348.32,1023.15,11646.01,14.23,22.422,7500.0,0.866,PM2.5-1HR
950,ITA_IT0477A,2025-01-21,22.04,5.98,92.58,0.06,1.14,271.51,1019.11,14792.55,18.67,28.638,7500.0,0.071,PM2.5-1HR
950,ITA_IT0480A,2025-01-21,21.1,5.98,92.58,0.06,1.14,271.51,1019.11,11543.81,18.67,28.638,7500.0,0.344,PM2.5-1HR
950,ITA_IT1016A,2025-01-21,19,6.35,92.33,0.07,1.35,267.45,1019.18,13806.17,18.67,28.638,7500.0,0.579,PM2.5-1HR
950,ITA_IT1294A,2025-01-21,13.19,6.45,88.42,0.12,1.18,291.99,1019.2,1803.63,13.19,20.966,7500.0,0.667,PM2.5-1HR
950,ITA_IT1692A,2025-01-21,19.5,5.98,92.58,0.06,1.14,271.51,1019.11,11646.01,18.67,28.638,7500.0,0.866,PM2.5-1HR
950,ITA_IT0477A,2025-01-22,26.12,5,98.67,0.22,0.65,78.56,1017.62,14792.55,20.2,30.78,7500.0,0.071,PM2.5-1HR
950,ITA_IT0480A,2025-01-22,24.8,5,98.67,0.22,0.65,78.56,1017.62,11543.81,20.2,30.78,7500.0,0.344,PM2.5-1HR
950,ITA_IT1016A,2025-01-22,20.7,5.12,98.92,0.23,0.76,19.12,1017.67,13806.17,20.2,30.78,7500.0,0.579,PM2.5-1HR
950,ITA_IT1294A,2025-01-22,13.19,5.16,96.63,0.16,1.07,6.76,1017.67,1803.63,13.19,20.966,7500.0,0.667,PM2.5-1HR
950,ITA_IT1692A,2025-01-22,20.4,5,98.67,0.22,0.65,78.56,1017.62,11646.01,20.2,30.78,7500.0,0.866,PM2.5-1HR
950,ITA_IT0477A,2025-01-23,17.17,5.97,94.13,0.13,0.95,253.05,1013.79,14792.55,14.09,22.226,7500.0,0.071,PM2.5-1HR
950,ITA_IT0480A,2025-01-23,17,5.97,94.13,0.13,0.95,253.05,1013.79,11543.81,14.09,22.226,7500.0,0.344,PM2.5-1HR
950,ITA_IT1016A,2025-01-23,16,6.03,94.71,0.08,1.16,273.89,1013.88,13806.17,14.09,22.226,7500.0,0.579,PM2.5-1HR
950,ITA_IT1294A,2025-01-23,8.79,6.16,87.71,0.09,0.99,296.85,1013.86,1803.63,8.79,14.806,7500.0,0.667,PM2.5-1HR
950,ITA_IT1692A,2025-01-23,15.4,5.97,94.13,0.13,0.95,253.05,1013.79,11646.01,14.09,22.226,7500.0,0.866,PM2.5-1HR
950,ITA_IT0477A,2025-01-24,23.86,4.26,95.88,0,0.93,236.59,1019.03,14792.55,18.19,27.966,7500.0,0.071,PM2.5-1HR
950,ITA_IT0480A,2025-01-24,23.4,4.26,95.88,0,0.93,236.59,1019.03,11543.81,18.19,27.966,7500.0,0.344,PM2.5-1HR
950,ITA_IT1016A,2025-01-24,23.2,4.39,95.92,0,1.21,269.11,1019.08,13806.17,18.19,27.966,7500.0,0.579,PM2.5-1HR
950,ITA_IT1294A,2025-01-24,27.35,4.12,91.58,0,1.01,22.82,1019.05,1803.63,27.35,40.79,7500.0,0.667,PM2.5-1HR
950,ITA_IT1692A,2025-01-24,18.7,4.26,95.88,0,0.93,236.59,1019.03,11646.01,18.19,27.966,7500.0,0.866,PM2.5-1HR
950,ITA_IT0477A,2025-01-25,28.9,5.35,98.17,0.15,0.78,105.18,1021.18,14792.55,22.68,34.252,7500.0,0.071,PM2.5-1HR
950,ITA_IT0480A,2025-01-25,27.2,5.35,98.17,0.15,0.78,105.18,1021.18,11543.81,22.68,34.252,7500.0,0.344,PM2.5-1HR
950,ITA_IT1016A,2025-01-25,22.2,5.55,98.08,0.18,0.78,37.32,1021.23,13806.17,22.68,34.252,7500.0,0.579,PM2.5-1HR
950,ITA_IT1294A,2025-01-25,33.7,5.8,97.46,0.16,0.74,322.38,1021.2,1803.63,33.7,49.68,7500.0,0.667,PM2.5-1HR
950,ITA_IT1692A,2025-01-25,21.4,5.35,98.17,0.15,0.78,105.18,1021.18,11646.01,22.68,34.252,7500.0,0.866,PM2.5-1HR
950,ITA_IT0477A,2025-01-26,11.32,6.51,93.21,0.68,1.56,30.34,1015.05,14792.55,9.29,15.506,7500.0,0.071,PM2.5-1HR
950,ITA_IT0480A,2025-01-26,12,6.51,93.21,0.68,1.56,30.34,1015.05,11543.81,9.29,15.506,7500.0,0.344,PM2.5-1HR
950,ITA_IT1016A,2025-01-26,8.2,6.69,92.29,0.6,1.43,17.93,1015.06,13806.17,9.29,15.506,7500.0,0.579,PM2.5-1HR
950,ITA_IT1294A,2025-01-26,8.06,6.64,89.67,0.98,1.73,29.52,1015.15,1803.63,8.06,13.784,7500.0,0.667,PM2.5-1HR
950,ITA_IT1692A,2025-01-26,9.6,6.51,93.21,0.68,1.56,30.34,1015.05,11646.01,9.29,15.506,7500.0,0.866,PM2.5-1HR
950,ITA_IT0477A,2025-01-27,13.33,6.68,97.04,0.95,1.36,45.16,1012.02,14792.55,10.43,17.102,7500.0,0.071,PM2.5-1HR
950,ITA_IT0480A,2025-01-27,10.8,6.68,97.04,0.95,1.36,45.16,1012.02,11543.81,10.43,17.102,7500.0,0.344,PM2.5-1HR
950,ITA_IT1016A,2025-01-27,12,6.84,97.08,0.83,1.31,25.37,1012,13806.17,10.43,17.102,7500.0,0.579,PM2.5-1HR
950,ITA_IT1294A,2025-01-27,10.74,6.59,96.33,0.59,2.01,22.07,1012.14,1803.63,10.74,17.536,7500.0,0.667,PM2.5-1HR
950,ITA_IT1692A,2025-01-27,10.4,6.68,97.04,0.95,1.36,45.16,1012.02,11646.01,10.43,17.102,7500.0,0.866,PM2.5-1HR
950,ITA_IT0477A,2025-02-09,18.03,5.39,95.17,0.96,1.84,322.51,1028.3,14792.55,14.79,23.206,7500.0,0.071,PM2.5-1HR
950,ITA_IT0480A,2025-02-09,19.7,5.39,95.17,0.96,1.84,322.51,1028.3,11543.81,14.79,23.206,7500.0,0.344,PM2.5-1HR
950,ITA_IT1016A,2025-02-09,17.1,5.59,94.96,0.8,1.83,306.04,1028.36,13806.17,14.79,23.206,7500.0,0.579,PM2.5-1HR
950,ITA_IT1294A,2025-02-09,15.14,5.63,94,0.48,1.07,328.9,1028.55,1803.63,15.14,23.696,7500.0,0.667,PM2.5-1HR
950,ITA_IT1692A,2025-02-09,14.5,5.39,95.17,0.96,1.84,322.51,1028.3,11646.01,14.79,23.206,7500.0,0.866,PM2.5-1HR
950,ITA_IT0477A,2025-02-10,25.53,7.2,92.75,0.03,0.81,259,1026.31,14792.55,19.93,30.402,7500.0,0.071,PM2.5-1HR
950,ITA_IT0480A,2025-02-10,24.6,7.2,92.75,0.03,0.81,259,1026.31,11543.81,19.93,30.402,7500.0,0.344,PM2.5-1HR
950,ITA_IT1016A,2025-02-10,20.6,7.35,91.83,0.05,0.79,254.55,1026.38,13806.17,19.93,30.402,7500.0,0.579,PM2.5-1HR
950,ITA_IT1294A,2025-02-10,16.61,7.51,88.21,0.07,0.67,250.39,1026.35,1803.63,16.61,25.754,7500.0,0.667,PM2.5-1HR
950,ITA_IT1692A,2025-02-10,19.5,7.2,92.75,0.03,0.81,259,1026.31,11646.01,19.93,30.402,7500.0,0.866,PM2.5-1HR
950,ITA_IT0477A,2025-02-11,30.22,7.25,94.25,0.23,0.5,39.86,1024.9,14792.55,22.79,34.406,7500.0,0.071,PM2.5-1HR
950,ITA_IT0480A,2025-02-11,27.5,7.25,94.25,0.23,0.5,39.86,1024.9,11543.81,22.79,34.406,7500.0,0.344,PM2.5-1HR
950,ITA_IT1016A,2025-02-11,23.3,7.31,93.75,0.26,0.47,3.63,1024.96,13806.17,22.79,34.406,7500.0,0.579,PM2.5-1HR
950,ITA_IT1294A,2025-02-11,19.29,7.52,93.13,0.15,0.59,58.51,1025.01,1803.63,19.29,29.506,7500.0,0.667,PM2.5-1HR
950,ITA_IT1692A,2025-02-11,20,7.25,94.25,0.23,0.5,39.86,1024.9,11646.01,22.79,34.406,7500.0,0.866,PM2.5-1HR
950,ITA_IT0477A,2025-02-12,24.33,7.88,95.29,0.17,0.83,98.65,1022.03,14792.55,20.99,31.886,7500.0,0.071,PM2.5-1HR
950,ITA_IT0480A,2025-02-12,24.3,7.88,95.29,0.17,0.83,98.65,1022.03,11543.81,20.99,31.886,7500.0,0.344,PM2.5-1HR
950,ITA_IT1016A,2025-02-12,23,8.08,94.71,0.19,0.79,94.75,1022.08,13806.17,20.99,31.886,7500.0,0.579,PM2.5-1HR
950,ITA_IT1294A,2025-02-12,8.06,7.95,93.29,0.1,0.63,41.34,1022.1,1803.63,8.06,13.784,7500.0,0.667,PM2.5-1HR
950,ITA_IT1692A,2025-02-12,20.6,7.88,95.29,0.17,0.83,98.65,1022.03,11646.01,20.99,31.886,7500.0,0.866,PM2.5-1HR
950,ITA_IT0477A,2025-02-13,37.34,8.13,89.63,0.14,0.63,286.43,1017.97,14792.55,31.13,46.082,7500.0,0.071,PM2.5-1HR
950,ITA_IT0480A,2025-02-13,35.2,8.13,89.63,0.14,0.63,286.43,1017.97,11543.81,31.13,46.082,7500.0,0.344,PM2.5-1HR
950,ITA_IT1016A,2025-02-13,32.8,8.42,89.25,0.15,0.6,274.77,1018.03,13806.17,31.13,46.082,7500.0,0.579,PM2.5-1HR
950,ITA_IT1294A,2025-02-13,8.06,7.77,89.5,0.01,0.77,326.75,1018.1,1803.63,8.06,13.784,7500.0,0.667,PM2.5-1HR
950,ITA_IT1692A,2025-02-13,29.2,8.13,89.63,0.14,0.63,286.43,1017.97,11646.01,31.13,46.082,7500.0,0.866,PM2.5-1HR
950,ITA_IT0477A,2025-02-14,21.62,4.72,82.58,0.23,2.36,310.45,1013.1,14792.55,13.99,22.086,7500.0,0.071,PM2.5-1HR
950,ITA_IT0480A,2025-02-14,18.8,4.72,82.58,0.23,2.36,310.45,1013.1,11543.81,13.99,22.086,7500.0,0.344,PM2.5-1HR
950,ITA_IT1016A,2025-02-14,17,4.87,82.67,0.36,2.34,329.16,1013.15,13806.17,13.99,22.086,7500.0,0.579,PM2.5-1HR
950,ITA_IT1294A,2025-02-14,9.77,5.89,63.08,0.03,3.64,3.8,1013.17,1803.63,9.77,16.178,7500.0,0.667,PM2.5-1HR
950,ITA_IT1692A,2025-02-14,16.6,4.72,82.58,0.23,2.36,310.45,1013.1,11646.01,13.99,22.086,7500.0,0.866,PM2.5-1HR
950,ITA_IT0477A,2025-02-15,18.98,3.93,83.42,0,1.03,92.51,1018.94,14792.55,15.27,23.878,7500.0,0.071,PM2.5-1HR
950,ITA_IT0480A,2025-02-15,18.7,3.93,83.42,0,1.03,92.51,1018.94,11543.81,15.27,23.878,7500.0,0.344,PM2.5-1HR
950,ITA_IT1016A,2025-02-15,16.7,4.03,84.63,0,1.24,69.35,1018.95,13806.17,15.27,23.878,7500.0,0.579,PM2.5-1HR
950,ITA_IT1294A,2025-02-15,20.76,4.09,67.79,0,1.25,83.91,1018.88,1803.63,20.76,31.564,7500.0,0.667,PM2.5-1HR
950,ITA_IT1692A,2025-02-15,17.8,3.93,83.42,0,1.03,92.51,1018.94,11646.01,15.27,23.878,7500.0,0.866,PM2.5-1HR
950,ITA_IT0477A,2025-02-16,30.26,3.5,82.5,0,1.09,67.06,1016.44,14792.55,24.91,37.374,7500.0,0.071,PM2.5-1HR
950,ITA_IT0480A,2025-02-16,27.5,3.5,82.5,0,1.09,67.06,1016.44,11543.81,24.91,37.374,7500.0,0.344,PM2.5-1HR
950,ITA_IT1016A,2025-02-16,28.3,3.74,82.04,0,1.27,71.02,1016.41,13806.17,24.91,37.374,7500.0,0.579,PM2.5-1HR
950,ITA_IT1294A,2025-02-16,37.61,3.29,79.46,0,1.34,65.27,1016.38,1803.63,37.61,55.154,7500.0,0.667,PM2.5-1HR
950,ITA_IT1692A,2025-02-16,24.9,3.5,82.5,0,1.09,67.06,1016.44,11646.01,24.91,37.374,7500.0,0.866,PM2.5-1HR
950,ITA_IT0477A,2025-02-17,25.15,2.95,75.58,0,1.28,77.11,1020.2,14792.55,20.93,31.802,7500.0,0.071,PM2.5-1HR
950,ITA_IT0480A,2025-02-17,24.7,2.95,75.58,0,1.28,77.11,1020.2,11543.81,20.93,31.802,7500.0,0.344,PM2.5-1HR
950,ITA_IT1016A,2025-02-17,22.2,3.23,75.83,0,1.58,75.18,1020.16,13806.17,20.93,31.802,7500.0,0.579,PM2.5-1HR
950,ITA_IT1294A,2025-02-17,30.28,3.5,70.79,0,1.32,79,1020.17,1803.63,30.28,44.892,7500.0,0.667,PM2.5-1HR
950,ITA_IT1692A,2025-02-17,21,2.95,75.58,0,1.28,77.11,1020.2,11646.01,20.93,31.802,7500.0,0.866,PM2.5-1HR
950,ITA_IT0477A,2025-02-18,28.25,3.25,77.33,0,1.37,86.81,1023.28,14792.55,24.13,36.282,7500.0,0.071,PM2.5-1HR
950,ITA_IT0480A,2025-02-18,30.3,3.25,77.33,0,1.37,86.81,1023.28,11543.81,24.13,36.282,7500.0,0.344,PM2.5-1HR
950,ITA_IT1016A,2025-02-18,25.4,3.42,78.08,0,1.47,91.16,1023.24,13806.17,24.13,36.282,7500.0,0.579,PM2.5-1HR
950,ITA_IT1294A,2025-02-18,31.01,3,75.17,0,1.51,59.08,1023.25,1803.63,31.01,45.914,7500.0,0.667,PM2.5-1HR
950,ITA_IT1692A,2025-02-18,24.2,3.25,77.33,0,1.37,86.81,1023.28,11646.01,24.13,36.282,7500.0,0.866,PM2.5-1HR
950,ITA_IT1294A,2025-02-19,24.42,2.85,64.58,0,1.35,96.48,1029.68,1803.63,24.42,36.688,7500.0,0.667,PM2.5-1HR
950,ITA_IT1692A,2025-02-19,18.4,2.6,71.25,0,0.91,66.77,1029.57,11646.01,18.49,28.386,7500.0,0.866,PM2.5-1HR
950,ITA_IT0477A,2025-02-19,22.01,2.6,71.25,0,0.91,66.77,1029.57,14792.55,18.49,28.386,7500.0,0.071,PM2.5-1HR
950,ITA_IT0480A,2025-02-19,23.4,2.6,71.25,0,0.91,66.77,1029.57,11543.81,18.49,28.386,7500.0,0.344,PM2.5-1HR
950,ITA_IT1016A,2025-02-19,20.5,2.73,69.88,0,1.31,83.21,1029.62,13806.17,18.49,28.386,7500.0,0.579,PM2.5-1HR
950,ITA_IT0480A,2025-02-20,44.9,3.6,78.17,0,0.53,19,1030.96,11543.81,33.56,49.484,7500.0,0.344,PM2.5-1HR
950,ITA_IT1016A,2025-02-20,38.5,3.93,77.46,0,0.64,61.63,1030.99,13806.17,33.56,49.484,7500.0,0.579,PM2.5-1HR
950,ITA_IT1294A,2025-02-20,24.42,3.32,73.71,0,0.74,71.58,1031.05,1803.63,24.42,36.688,7500.0,0.667,PM2.5-1HR
950,ITA_IT0477A,2025-02-20,38.91,3.6,78.17,0,0.53,19,1030.96,14792.55,33.56,49.484,7500.0,0.071,PM2.5-1HR
950,ITA_IT1692A,2025-02-20,34.6,3.6,78.17,0,0.53,19,1030.96,11646.01,33.56,49.484,7500.0,0.866,PM2.5-1HR
950,ITA_IT0480A,2025-02-21,70.3,5.28,81,0,0.51,277.42,1030.65,11543.81,60.44,87.116,7500.0,0.344,PM2.5-1HR
950,ITA_IT1016A,2025-02-21,61.2,5.54,80.04,0,0.51,332.77,1030.7,13806.17,60.44,87.116,7500.0,0.579,PM2.5-1HR
950,ITA_IT0477A,2025-02-21,68.33,5.28,81,0,0.51,277.42,1030.65,14792.55,60.44,87.116,7500.0,0.071,PM2.5-1HR
950,ITA_IT1294A,2025-02-21,34.92,5.1,73.79,0,0.62,329.18,1030.68,1803.63,34.92,51.388,7500.0,0.667,PM2.5-1HR
950,ITA_IT1692A,2025-02-21,58.8,5.28,81,0,0.51,277.42,1030.65,11646.01,60.44,87.116,7500.0,0.866,PM2.5-1HR
950,ITA_IT0477A,2025-02-22,78.6,7.04,89.21,0.05,0.83,94.47,1028.33,14792.55,72.02,103.328,7500.0,0.071,PM2.5-1HR
950,ITA_IT0480A,2025-02-22,82.4,7.04,89.21,0.05,0.83,94.47,1028.33,11543.81,72.02,103.328,7500.0,0.344,PM2.5-1HR
950,ITA_IT1016A,2025-02-22,78.7,7.12,90.08,0.04,0.98,26.02,1028.37,13806.17,72.02,103.328,7500.0,0.579,PM2.5-1HR
950,ITA_IT1294A,2025-02-22,59.1,7.19,88.54,0.04,0.98,336.87,1028.4,1803.63,59.1,85.24,7500.0,0.667,PM2.5-1HR
950,ITA_IT1692A,2025-02-22,73.2,7.04,89.21,0.05,0.83,94.47,1028.33,11646.01,72.02,103.328,7500.0,0.866,PM2.5-1HR
950,ITA_IT0477A,2025-02-23,71.68,8.25,90.42,0,0.87,231.71,1029.96,14792.55,63.14,90.896,7500.0,0.071,PM2.5-1HR
950,ITA_IT0480A,2025-02-23,74.4,8.25,90.42,0,0.87,231.71,1029.96,11543.81,63.14,90.896,7500.0,0.344,PM2.5-1HR
950,ITA_IT1016A,2025-02-23,65.5,8.5,89.71,0,0.87,236.39,1030.04,13806.17,63.14,90.896,7500.0,0.579,PM2.5-1HR
950,ITA_IT1294A,2025-02-23,75.46,8.43,84.08,0,0.9,254.06,1029.98,1803.63,75.46,108.144,7500.0,0.667,PM2.5-1HR
950,ITA_IT1692A,2025-02-23,61.3,8.25,90.42,0,0.87,231.71,1029.96,11646.01,63.14,90.896,7500.0,0.866,PM2.5-1HR
950,ITA_IT0477A,2025-02-24,77.81,8.72,91.29,0,0.74,82.16,1027.58,14792.55,66.07,94.998,7500.0,0.071,PM2.5-1HR
950,ITA_IT0480A,2025-02-24,75.5,8.72,91.29,0,0.74,82.16,1027.58,11543.81,66.07,94.998,7500.0,0.344,PM2.5-1HR
950,ITA_IT1016A,2025-02-24,82.9,9.09,91.08,0,0.85,66.85,1027.62,13806.17,66.07,94.998,7500.0,0.579,PM2.5-1HR
950,ITA_IT1294A,2025-02-24,40.78,8.38,86.25,0,0.9,40.88,1027.66,1803.63,40.78,59.592,7500.0,0.667,PM2.5-1HR
950,ITA_IT1692A,2025-02-24,69.5,8.72,91.29,0,0.74,82.16,1027.58,11646.01,66.07,94.998,7500.0,0.866,PM2.5-1HR
950,ITA_IT1016A,2025-02-25,73.8,9.48,94.46,0.28,1.96,67.65,1019.52,13806.17,53.99,78.086,7500.0,0.579,PM2.5-1HR
950,ITA_IT1294A,2025-02-25,58.36,8.67,96.46,0.28,1.52,33.2,1019.58,1803.63,58.36,84.204,7500.0,0.667,PM2.5-1HR
950,ITA_IT0477A,2025-02-25,67.31,9.07,94.88,0.45,1.83,67.01,1019.53,14792.55,53.99,78.086,7500.0,0.071,PM2.5-1HR
950,ITA_IT0480A,2025-02-25,69.2,9.07,94.88,0.45,1.83,67.01,1019.53,11543.81,53.99,78.086,7500.0,0.344,PM2.5-1HR
950,ITA_IT1692A,2025-02-25,59.9,9.07,94.88,0.45,1.83,67.01,1019.53,11646.01,53.99,78.086,7500.0,0.866,PM2.5-1HR
950,ITA_IT1692A,2025-02-26,24.8,9.78,85.13,0.13,1.37,44.61,1014.19,11646.01,23.16,34.924,7500.0,0.866,PM2.5-1HR
950,ITA_IT0477A,2025-02-26,27.73,9.78,85.13,0.13,1.37,44.61,1014.19,14792.55,23.16,34.924,7500.0,0.071,PM2.5-1HR
950,ITA_IT0480A,2025-02-26,29.3,9.78,85.13,0.13,1.37,44.61,1014.19,11543.81,23.16,34.924,7500.0,0.344,PM2.5-1HR
950,ITA_IT1016A,2025-02-26,28,10.16,84.25,0.19,1.53,29.91,1014.23,13806.17,23.16,34.924,7500.0,0.579,PM2.5-1HR
950,ITA_IT1294A,2025-02-26,51.28,10.28,63.33,0,3,358.84,1014.22,1803.63,51.28,74.292,7500.0,0.667,PM2.5-1HR
950,ITA_IT0477A,2025-02-27,29.71,9.25,81.21,0,0.61,319.38,1017.2,14792.55,22.64,34.196,7500.0,0.071,PM2.5-1HR
950,ITA_IT0480A,2025-02-27,27.8,9.25,81.21,0,0.61,319.38,1017.2,11543.81,22.64,34.196,7500.0,0.344,PM2.5-1HR
950,ITA_IT1016A,2025-02-27,24.1,9.22,84.92,0,0.65,1.22,1017.24,13806.17,22.64,34.196,7500.0,0.579,PM2.5-1HR
950,ITA_IT1294A,2025-02-27,17.09,8.46,66.13,0,0.93,49.57,1017.37,1803.63,17.09,26.426,7500.0,0.667,PM2.5-1HR
950,ITA_IT1692A,2025-02-27,21.2,9.25,81.21,0,0.61,319.38,1017.2,11646.01,22.64,34.196,7500.0,0.866,PM2.5-1HR
950,ITA_IT0477A,2025-02-28,31.21,8.12,80.96,0.04,1.41,72.41,1019.43,14792.55,21.42,32.488,7500.0,0.071,PM2.5-1HR
950,ITA_IT0480A,2025-02-28,28.6,8.12,80.96,0.04,1.41,72.41,1019.43,11543.81,21.42,32.488,7500.0,0.344,PM2.5-1HR
950,ITA_IT1016A,2025-02-28,22.7,8.25,82.38,0.01,1.47,63.3,1019.47,13806.17,21.42,32.488,7500.0,0.579,PM2.5-1HR
950,ITA_IT1294A,2025-02-28,25.89,7.73,74.88,0.25,1.91,46.97,1019.46,1803.63,25.89,38.746,7500.0,0.667,PM2.5-1HR
950,ITA_IT1692A,2025-02-28,22.9,8.12,80.96,0.04,1.41,72.41,1019.43,11646.01,21.42,32.488,7500.0,0.866,PM2.5-1HR
950,ITA_IT1294A,2025-03-01,13.68,7.01,78,0.65,2.46,15.78,1023.81,1803.63,13.68,21.652,7500.0,0.667,PM2.5-1HR
950,ITA_IT0477A,2025-03-01,13.07,7.63,78.79,0.49,2.21,43.32,1023.6,14792.55,11.58,18.712,7500.0,0.071,PM2.5-1HR
950,ITA_IT0480A,2025-03-01,14.2,7.63,78.79,0.49,2.21,43.32,1023.6,11543.81,11.58,18.712,7500.0,0.344,PM2.5-1HR
950,ITA_IT1016A,2025-03-01,13.2,7.98,78.17,0.34,2.73,46.11,1023.54,13806.17,11.58,18.712,7500.0,0.579,PM2.5-1HR
950,ITA_IT1692A,2025-03-01,12.1,7.63,78.79,0.49,2.21,43.32,1023.6,11646.01,11.58,18.712,7500.0,0.866,PM2.5-1HR
950,ITA_IT0480A,2025-03-02,23,7.7,70.5,0,0.62,74.24,1029.1,11543.81,16.66,25.824,7500.0,0.344,PM2.5-1HR
950,ITA_IT1016A,2025-03-02,17,8.1,69.92,0,1.06,64.34,1029.11,13806.17,16.66,25.824,7500.0,0.579,PM2.5-1HR
950,ITA_IT0477A,2025-03-02,19.13,7.7,70.5,0,0.62,74.24,1029.1,14792.55,16.66,25.824,7500.0,0.071,PM2.5-1HR
950,ITA_IT1294A,2025-03-02,10.99,7.89,67.33,0,1.2,49.44,1029.11,1803.63,10.99,17.886,7500.0,0.667,PM2.5-1HR
950,ITA_IT1692A,2025-03-02,17,7.7,70.5,0,0.62,74.24,1029.1,11646.01,16.66,25.824,7500.0,0.866,PM2.5-1HR
950,ITA_IT0477A,2025-03-03,27.77,7.62,76.83,0,0.68,342.76,1028.36,14792.55,23.61,35.554,7500.0,0.071,PM2.5-1HR
950,ITA_IT1016A,2025-03-03,29.5,7.98,76.92,0,0.73,356.75,1028.4,13806.17,23.61,35.554,7500.0,0.579,PM2.5-1HR
950,ITA_IT1294A,2025-03-03,27.35,7.5,70.42,0,1.15,28.3,1028.4,1803.63,27.35,40.79,7500.0,0.667,PM2.5-1HR
950,ITA_IT1692A,2025-03-03,27.1,7.62,76.83,0,0.68,342.76,1028.36,11646.01,23.61,35.554,7500.0,0.866,PM2.5-1HR
950,ITA_IT0477A,2025-03-04,38.65,8.5,74.38,0,0.65,343.14,1026.25,14792.55,32.53,48.042,7500.0,0.071,PM2.5-1HR
950,ITA_IT1016A,2025-03-04,37.2,8.9,73.88,0,0.7,9.95,1026.31,13806.17,32.53,48.042,7500.0,0.579,PM2.5-1HR
950,ITA_IT1294A,2025-03-04,27.35,8.21,69.46,0,1.06,25.29,1026.35,1803.63,27.35,40.79,7500.0,0.667,PM2.5-1HR
950,ITA_IT1692A,2025-03-04,35,8.5,74.38,0,0.65,343.14,1026.25,11646.01,32.53,48.042,7500.0,0.866,PM2.5-1HR
950,ITA_IT0477A,2025-03-05,43.39,9.18,71.75,0,0.8,59.48,1027.25,14792.55,31.45,46.53,7500.0,0.071,PM2.5-1HR
950,ITA_IT1016A,2025-03-05,38.3,9.21,74,0,0.92,33.56,1027.33,13806.17,31.45,46.53,7500.0,0.579,PM2.5-1HR
950,ITA_IT1294A,2025-03-05,26.8,9.21,64,0,1.48,36.39,1027.33,1803.63,26.8,40.02,7500.0,0.667,PM2.5-1HR
950,ITA_IT1692A,2025-03-05,34.9,9.18,71.75,0,0.8,59.48,1027.25,11646.01,31.45,46.53,7500.0,0.866,PM2.5-1HR
950,ITA_IT0477A,2025-03-06,34.29,9.99,68.5,0,0.96,93.86,1026.75,14792.55,25.65,38.41,7500.0,0.071,PM2.5-1HR
950,ITA_IT1016A,2025-03-06,29,10.07,70,0,0.96,64.54,1026.86,13806.17,25.65,38.41,7500.0,0.579,PM2.5-1HR
950,ITA_IT1294A,2025-03-06,31.1,9.8,64.46,0,1.52,54.02,1026.86,1803.63,31.1,46.04,7500.0,0.667,PM2.5-1HR
950,ITA_IT1692A,2025-03-06,28.5,9.99,68.5,0,0.96,93.86,1026.75,11646.01,25.65,38.41,7500.0,0.866,PM2.5-1HR
950,ITA_IT0477A,2025-03-07,35.84,9.77,69.25,0,0.94,67.15,1021.93,14792.55,28.83,42.862,7500.0,0.071,PM2.5-1HR
950,ITA_IT1016A,2025-03-07,31.9,9.93,70.71,0,1.06,56.12,1022,13806.17,28.83,42.862,7500.0,0.579,PM2.5-1HR
950,ITA_IT1294A,2025-03-07,31.4,9.84,63.25,0,1.53,55.02,1021.99,1803.63,31.4,46.46,7500.0,0.667,PM2.5-1HR
950,ITA_IT1692A,2025-03-07,31,9.77,69.25,0,0.94,67.15,1021.93,11646.01,28.83,42.862,7500.0,0.866,PM2.5-1HR
950,ITA_IT0477A,2025-03-08,40.96,10.03,67.88,0,0.76,47.07,1016.81,14792.55,34.64,50.996,7500.0,0.071,PM2.5-1HR
950,ITA_IT1016A,2025-03-08,42.5,10.25,68.88,0,0.8,50.93,1016.9,13806.17,34.64,50.996,7500.0,0.579,PM2.5-1HR
950,ITA_IT1294A,2025-03-08,34.7,10.28,60.13,0,1.44,42.72,1016.91,1803.63,34.7,51.08,7500.0,0.667,PM2.5-1HR
950,ITA_IT1692A,2025-03-08,35.7,10.03,67.88,0,0.76,47.07,1016.81,11646.01,34.64,50.996,7500.0,0.866,PM2.5-1HR
950,ITA_IT0477A,2025-03-09,41.78,9.83,74.88,0.06,1.02,351.9,1011.85,14792.55,36.06,52.984,7500.0,0.071,PM2.5-1HR
950,ITA_IT1016A,2025-03-09,40.8,10.08,75.46,0.05,1.05,351.88,1011.9,13806.17,36.06,52.984,7500.0,0.579,PM2.5-1HR
950,ITA_IT1294A,2025-03-09,41.3,9.55,65.33,0.03,1.77,6.33,1012.02,1803.63,41.3,60.32,7500.0,0.667,PM2.5-1HR
950,ITA_IT1692A,2025-03-09,37.9,9.83,74.88,0.06,1.02,351.9,1011.85,11646.01,36.06,52.984,7500.0,0.866,PM2.5-1HR
950,ITA_IT0477A,2025-03-10,23.87,9.48,82.63,0.71,1.48,310.22,1006.95,14792.55,13.3,21.12,7500.0,0.071,PM2.5-1HR
950,ITA_IT1016A,2025-03-10,16.6,9.72,82.21,0.6,1.64,283.65,1006.97,13806.17,13.3,21.12,7500.0,0.579,PM2.5-1HR
950,ITA_IT1294A,2025-03-10,18.5,9.53,81.58,0.7,1.71,39.36,1007.07,1803.63,18.5,28.4,7500.0,0.667,PM2.5-1HR
950,ITA_IT1692A,2025-03-10,15.4,9.48,82.63,0.71,1.48,310.22,1006.95,11646.01,13.3,21.12,7500.0,0.866,PM2.5-1HR
950,ITA_IT0477A,2025-03-11,21.21,9.92,87.79,0.39,0.77,343.36,1005.98,14792.55,15.9,24.76,7500.0,0.071,PM2.5-1HR
950,ITA_IT1016A,2025-03-11,19.5,10.28,87.83,0.29,0.92,344.52,1006.03,13806.17,15.9,24.76,7500.0,0.579,PM2.5-1HR
950,ITA_IT1294A,2025-03-11,16.36,9.94,87.04,0.25,1.08,23.14,1006.09,1803.63,16.36,25.404,7500.0,0.667,PM2.5-1HR
950,ITA_IT1692A,2025-03-11,18,9.92,87.79,0.39,0.77,343.36,1005.98,11646.01,15.9,24.76,7500.0,0.866,PM2.5-1HR
950,ITA_IT0477A,2025-03-12,15.26,10,88.17,0.88,1.59,85.31,999.16,14792.55,9.1,15.24,7500.0,0.071,PM2.5-1HR
950,ITA_IT1016A,2025-03-12,11.1,10.33,87.08,0.98,1.62,68.44,999.18,13806.17,9.1,15.24,7500.0,0.579,PM2.5-1HR
950,ITA_IT1294A,2025-03-12,8.49,10.14,84.71,0.75,1.43,42.07,999.23,1803.63,8.49,14.386,7500.0,0.667,PM2.5-1HR
950,ITA_IT1692A,2025-03-12,9.2,10,88.17,0.88,1.59,85.31,999.16,11646.01,9.1,15.24,7500.0,0.866,PM2.5-1HR
950,ITA_IT0477A,2025-03-13,1.79,9.85,85.04,0.21,1.6,76.48,996.08,14792.55,8.69,14.666,7500.0,0.071,PM2.5-1HR
950,ITA_IT1016A,2025-03-13,14.9,10.32,84.21,0.12,1.6,82.2,996.08,13806.17,8.69,14.666,7500.0,0.579,PM2.5-1HR
950,ITA_IT1294A,2025-03-13,49.82,9.93,82.75,0.26,1.9,60.27,996.03,1803.63,49.82,72.248,7500.0,0.667,PM2.5-1HR
950,ITA_IT1692A,2025-03-13,11.1,9.85,85.04,0.21,1.6,76.48,996.08,11646.01,8.69,14.666,7500.0,0.866,PM2.5-1HR
950,ITA_IT0477A,2025-03-14,3.44,9.75,83.96,0.33,1.64,40.12,1000.25,14792.55,4.02,8.128,7500.0,0.071,PM2.5-1HR
950,ITA_IT1016A,2025-03-14,6.1,9.98,85.29,0.38,1.93,48.33,1000.24,13806.17,4.02,8.128,7500.0,0.579,PM2.5-1HR
950,ITA_IT1692A,2025-03-14,5.9,9.75,83.96,0.33,1.64,40.12,1000.25,11646.01,4.02,8.128,7500.0,0.866,PM2.5-1HR
950,ITA_IT0477A,2025-03-15,10.74,9.89,91.04,0.72,2.9,90.16,1005.47,14792.55,7.65,13.21,7500.0,0.071,PM2.5-1HR
950,ITA_IT1016A,2025-03-15,8.8,10.24,91.38,0.69,2.91,85.1,1005.4,13806.17,7.65,13.21,7500.0,0.579,PM2.5-1HR
950,ITA_IT1692A,2025-03-15,7.7,9.89,91.04,0.72,2.9,90.16,1005.47,11646.01,7.65,13.21,7500.0,0.866,PM2.5-1HR
950,ITA_IT0477A,2025-03-16,5.61,9.95,76.46,0.04,1.39,83.39,1011.4,14792.55,4.47,8.758,7500.0,0.071,PM2.5-1HR
950,ITA_IT1016A,2025-03-16,6.4,10.23,74.88,0.05,1.54,87.46,1011.41,13806.17,4.47,8.758,7500.0,0.579,PM2.5-1HR
950,ITA_IT1692A,2025-03-16,5.2,9.95,76.46,0.04,1.39,83.39,1011.4,11646.01,4.47,8.758,7500.0,0.866,PM2.5-1HR
950,ITA_IT0477A,2025-03-17,7.59,9.36,71.38,0,1.68,248.58,1016.79,14792.55,7.62,13.168,7500.0,0.071,PM2.5-1HR
950,ITA_IT1016A,2025-03-17,11.8,9.67,72.08,0,1.9,275.33,1016.82,13806.17,7.62,13.168,7500.0,0.579,PM2.5-1HR
950,ITA_IT1692A,2025-03-17,8.5,9.36,71.38,0,1.68,248.58,1016.79,11646.01,7.62,13.168,7500.0,0.866,PM2.5-1HR
950,ITA_IT0477A,2025-03-18,6.95,7.01,69.33,0.01,3.06,91.66,1028.67,14792.55,5.87,10.718,7500.0,0.071,PM2.5-1HR
950,ITA_IT1016A,2025-03-18,7.5,7.4,68.79,0.02,3.46,89.29,1028.61,13806.17,5.87,10.718,7500.0,0.579,PM2.5-1HR
950,ITA_IT1692A,2025-03-18,6.3,7.01,69.33,0.01,3.06,91.66,1028.67,11646.01,5.87,10.718,7500.0,0.866,PM2.5-1HR
950,ITA_IT0477A,2025-03-19,18.83,6.38,71.25,0,0.62,133.83,1032.07,14792.55,14.21,22.394,7500.0,0.071,PM2.5-1HR
950,ITA_IT1016A,2025-03-19,16.4,6.46,72.88,0,0.73,85.05,1032.13,13806.17,14.21,22.394,7500.0,0.579,PM2.5-1HR
950,ITA_IT1294A,2025-03-19,16.61,6.7,67.92,0,0.64,114.37,1032.05,1803.63,16.61,25.754,7500.0,0.667,PM2.5-1HR
950,ITA_IT1692A,2025-03-19,15.9,6.38,71.25,0,0.62,133.83,1032.07,11646.01,14.21,22.394,7500.0,0.866,PM2.5-1HR
950,ITA_IT0477A,2025-03-20,27.82,8.01,70.92,0,0.51,97.78,1030.77,14792.55,21,31.9,7500.0,0.071,PM2.5-1HR
950,ITA_IT1016A,2025-03-20,26.6,8.28,72.5,0,0.53,53.13,1030.83,13806.17,21,31.9,7500.0,0.579,PM2.5-1HR
950,ITA_IT1294A,2025-03-20,16.61,7.84,67.54,0,0.78,83.97,1030.81,1803.63,16.61,25.754,7500.0,0.667,PM2.5-1HR
950,ITA_IT1692A,2025-03-20,24.4,8.01,70.92,0,0.51,97.78,1030.77,11646.01,21,31.9,7500.0,0.866,PM2.5-1HR
950,ITA_IT0477A,2025-03-21,45.89,8.01,79.38,0.01,0.73,76.1,1025.49,14792.55,38.78,56.792,7500.0,0.071,PM2.5-1HR
950,ITA_IT1016A,2025-03-21,41,8.24,79.63,0.01,0.8,41.68,1025.53,13806.17,38.78,56.792,7500.0,0.579,PM2.5-1HR
950,ITA_IT1294A,2025-03-21,41.03,8.09,74.29,0.02,1.06,35.89,1025.55,1803.63,41.03,59.942,7500.0,0.667,PM2.5-1HR
950,ITA_IT1692A,2025-03-21,38.1,8.01,79.38,0.01,0.73,76.1,1025.49,11646.01,38.78,56.792,7500.0,0.866,PM2.5-1HR
950,ITA_IT0477A,2025-03-22,40,9.09,90.25,0.49,1.71,84.87,1014.7,14792.55,24.67,37.038,7500.0,0.071,PM2.5-1HR
950,ITA_IT1016A,2025-03-22,28.6,9.3,90.13,0.5,1.98,72.87,1014.68,13806.17,24.67,37.038,7500.0,0.579,PM2.5-1HR
950,ITA_IT1294A,2025-03-22,30.04,9.04,92.04,0.29,2.07,29.56,1014.81,1803.63,30.04,44.556,7500.0,0.667,PM2.5-1HR
950,ITA_IT1692A,2025-03-22,25.7,9.09,90.25,0.49,1.71,84.87,1014.7,11646.01,24.67,37.038,7500.0,0.866,PM2.5-1HR
950,ITA_IT0477A,2025-03-23,11.04,9.99,88.83,0.43,1.88,85.77,1009.16,14792.55,8.29,14.106,7500.0,0.071,PM2.5-1HR
950,ITA_IT1016A,2025-03-23,9.5,10.21,88.79,0.53,1.94,74.05,1009.18,13806.17,8.29,14.106,7500.0,0.579,PM2.5-1HR
950,ITA_IT1294A,2025-03-23,5.62,10.25,85.96,0.33,2.15,71.47,1009.17,1803.63,5.62,10.368,7500.0,0.667,PM2.5-1HR
950,ITA_IT1692A,2025-03-23,10,9.99,88.83,0.43,1.88,85.77,1009.16,11646.01,8.29,14.106,7500.0,0.866,PM2.5-1HR
950,ITA_IT0477A,2025-03-24,12.12,10.78,82.13,0.07,1.12,279.31,1012.68,14792.55,9.01,15.114,7500.0,0.071,PM2.5-1HR
950,ITA_IT1016A,2025-03-24,12,10.98,82.58,0.1,1.09,273.65,1012.75,13806.17,9.01,15.114,7500.0,0.579,PM2.5-1HR
950,ITA_IT1294A,2025-03-24,4.4,10.99,79.54,0.15,0.95,339.26,1012.85,1803.63,4.4,8.66,7500.0,0.667,PM2.5-1HR
950,ITA_IT1692A,2025-03-24,11.9,10.78,82.13,0.07,1.12,279.31,1012.68,11646.01,9.01,15.114,7500.0,0.866,PM2.5-1HR
950,ITA_IT0477A,2025-03-25,20.19,11.49,79.83,0,1.13,72.93,1016.4,14792.55,16.93,26.202,7500.0,0.071,PM2.5-1HR
950,ITA_IT1016A,2025-03-25,21.7,11.64,81.29,0.01,1.18,58.98,1016.45,13806.17,16.93,26.202,7500.0,0.579,PM2.5-1HR
950,ITA_IT1294A,2025-03-25,4.4,11.45,77.25,0,1.39,58.74,1016.4,1803.63,4.4,8.66,7500.0,0.667,PM2.5-1HR
950,ITA_IT1692A,2025-03-25,17.9,11.49,79.83,0,1.13,72.93,1016.4,11646.01,16.93,26.202,7500.0,0.866,PM2.5-1HR
950,ITA_IT0477A,2025-03-26,18.13,12.3,79.25,0,1.13,331.97,1015.1,14792.55,11.89,19.146,7500.0,0.071,PM2.5-1HR
950,ITA_IT1016A,2025-03-26,16.3,12.41,80.25,0,1.15,347.63,1015.17,13806.17,11.89,19.146,7500.0,0.579,PM2.5-1HR
950,ITA_IT1294A,2025-03-26,10.99,12.37,74.71,0,1.35,15.1,1015.23,1803.63,10.99,17.886,7500.0,0.667,PM2.5-1HR
950,ITA_IT1692A,2025-03-26,13,12.3,79.25,0,1.13,331.97,1015.1,11646.01,11.89,19.146,7500.0,0.866,PM2.5-1HR
950,ITA_IT0477A,2025-03-27,16.3,13.01,68.21,0,1.47,223.26,1011.48,14792.55,10.32,16.948,7500.0,0.071,PM2.5-1HR
950,ITA_IT1016A,2025-03-27,15.2,13.13,69.58,0,1.57,248.7,1011.54,13806.17,10.32,16.948,7500.0,0.579,PM2.5-1HR
950,ITA_IT1294A,2025-03-27,5.62,13.11,64.13,0,1.89,17.38,1011.42,1803.63,5.62,10.368,7500.0,0.667,PM2.5-1HR
950,ITA_IT1692A,2025-03-27,13.1,13.01,68.21,0,1.47,223.26,1011.48,11646.01,10.32,16.948,7500.0,0.866,PM2.5-1HR
950,ITA_IT0477A,2025-03-28,12.63,13.71,64.5,0,1.24,6,1007.08,14792.55,9.17,15.338,7500.0,0.071,PM2.5-1HR
950,ITA_IT1016A,2025-03-28,13.1,13.84,67.17,0,1.23,66.12,1007.1,13806.17,9.17,15.338,7500.0,0.579,PM2.5-1HR
950,ITA_IT1294A,2025-03-28,7.81,13.13,65.63,0,1.54,61.81,1007.11,1803.63,7.81,13.434,7500.0,0.667,PM2.5-1HR
950,ITA_IT1692A,2025-03-28,10.4,13.71,64.5,0,1.24,6,1007.08,11646.01,9.17,15.338,7500.0,0.866,PM2.5-1HR
950,ITA_IT1016A,2025-03-29,10.7,12.47,82.92,0.05,1.49,109.87,1005.73,13806.17,7.5,13.0,7500.0,0.579,PM2.5-1HR
950,ITA_IT1294A,2025-03-29,9.52,12.29,80.08,0.03,1.51,39.27,1005.7,1803.63,9.52,15.828,7500.0,0.667,PM2.5-1HR
950,ITA_IT0477A,2025-03-29,12.3,12.4,82.58,0.09,1.33,113.72,1005.7,14792.55,7.5,13.0,7500.0,0.071,PM2.5-1HR
950,ITA_IT1692A,2025-03-29,8.1,12.4,82.58,0.09,1.33,113.72,1005.7,11646.01,7.5,13.0,7500.0,0.866,PM2.5-1HR
950,ITA_IT0477A,2025-03-30,6.35,14.47,67.43,0,1.09,267.37,1011.46,14792.55,6,10.9,7500.0,0.071,PM2.5-1HR
950,ITA_IT0480A,2025-03-30,5.6,14.47,67.43,0,1.09,267.37,1011.46,11543.81,6,10.9,7500.0,0.344,PM2.5-1HR
950,ITA_IT1016A,2025-03-30,9.3,14.37,69.91,0,1.17,254.32,1011.51,13806.17,6,10.9,7500.0,0.579,PM2.5-1HR
950,ITA_IT1294A,2025-03-30,9.52,14.96,56,0,1.92,316.4,1011.55,1803.63,9.52,15.828,7500.0,0.667,PM2.5-1HR
950,ITA_IT1692A,2025-03-30,7.2,14.47,67.43,0,1.09,267.37,1011.46,11646.01,6,10.9,7500.0,0.866,PM2.5-1HR
950,ITA_IT0477A,2025-03-31,3.85,15.95,26.38,0,5.37,8.97,1012.51,14792.55,4.85,9.29,7500.0,0.071,PM2.5-1HR
950,ITA_IT0480A,2025-03-31,3.76,15.95,26.38,0,5.37,8.97,1012.51,11543.81,4.85,9.29,7500.0,0.344,PM2.5-1HR
950,ITA_IT1016A,2025-03-31,9.4,15.71,31.5,0,5.41,13.85,1012.42,13806.17,4.85,9.29,7500.0,0.579,PM2.5-1HR
950,ITA_IT1294A,2025-03-31,0,15.61,31.58,0,4.61,26.99,1012.52,1803.63,0,2.5,7500.0,0.667,PM2.5-1HR
950,ITA_IT1692A,2025-03-31,5.36,15.95,26.38,0,5.37,8.97,1012.51,11646.01,4.85,9.29,7500.0,0.866,PM2.5-1HR
950,ITA_IT0480A,2025-04-01,7.92,12.72,31.79,0,1.87,55.78,1015.38,11543.81,4.84,9.276,7500.0,0.344,PM2.5-1HR
950,ITA_IT0477A,2025-04-01,6.75,12.72,31.79,0,1.87,55.78,1015.38,14792.55,4.84,9.276,7500.0,0.071,PM2.5-1HR
950,ITA_IT1016A,2025-04-01,7.27,11.99,46,0,1.89,51.06,1015.43,13806.17,4.84,9.276,7500.0,0.579,PM2.5-1HR
950,ITA_IT1294A,2025-04-01,9.83,11.63,43.67,0,2.34,38.23,1015.59,1803.63,0,2.5,7500.0,0.667,PM2.5-1HR
950,ITA_IT1692A,2025-04-01,5.49,12.72,31.79,0,1.87,55.78,1015.38,11646.01,4.84,9.276,7500.0,0.866,PM2.5-1HR
950,ITA_IT0480A,2025-04-02,11.84,13.43,47.96,0.01,1.44,308.25,1017.39,11543.81,6.22,11.208,7500.0,0.344,PM2.5-1HR
950,ITA_IT0477A,2025-04-02,10.53,13.43,47.96,0.01,1.44,308.25,1017.39,14792.55,6.22,11.208,7500.0,0.071,PM2.5-1HR
950,ITA_IT1016A,2025-04-02,14,12.81,59.83,0.01,1.43,318.47,1017.49,13806.17,6.22,11.208,7500.0,0.579,PM2.5-1HR
950,ITA_IT1294A,2025-04-02,9.31,11.7,61.21,0.02,1.98,339.33,1017.69,1803.63,9.28,15.492,7500.0,0.667,PM2.5-1HR
950,ITA_IT1692A,2025-04-02,8.95,13.43,47.96,0.01,1.44,308.25,1017.39,11646.01,6.22,11.208,7500.0,0.866,PM2.5-1HR
950,ITA_IT0480A,2025-04-03,18.9,14.68,56.17,0,0.86,208.17,1021.38,11543.81,10.98,17.872,7500.0,0.344,PM2.5-1HR
950,ITA_IT0477A,2025-04-03,16.03,14.68,56.17,0,0.86,208.17,1021.38,14792.55,10.98,17.872,7500.0,0.071,PM2.5-1HR
950,ITA_IT1016A,2025-04-03,16.41,13.33,69.63,0,0.92,199.54,1021.53,13806.17,10.98,17.872,7500.0,0.579,PM2.5-1HR
950,ITA_IT1294A,2025-04-03,12.09,13.56,65.67,0,1.15,84.05,1021.49,1803.63,9.28,15.492,7500.0,0.667,PM2.5-1HR
950,ITA_IT1692A,2025-04-03,13.51,14.68,56.17,0,0.86,208.17,1021.38,11646.01,10.98,17.872,7500.0,0.866,PM2.5-1HR
950,ITA_IT1016A,2025-04-04,28.58,15.05,64.96,0,0.97,86.5,1018.81,13806.17,16.38,25.432,7500.0,0.579,PM2.5-1HR
950,ITA_IT0477A,2025-04-04,26.51,15.91,54.75,0,1.03,106.15,1018.72,14792.55,16.38,25.432,7500.0,0.071,PM2.5-1HR
950,ITA_IT0480A,2025-04-04,25.33,15.91,54.75,0,1.03,106.15,1018.72,11543.81,16.38,25.432,7500.0,0.344,PM2.5-1HR
950,ITA_IT1294A,2025-04-04,15.02,13.77,68.17,0,1.22,83.11,1018.8,1803.63,12.21,19.594,7500.0,0.667,PM2.5-1HR
950,ITA_IT1692A,2025-04-04,23,15.91,54.75,0,1.03,106.15,1018.72,11646.01,16.38,25.432,7500.0,0.866,PM2.5-1HR
950,ITA_IT0477A,2025-04-05,25.75,16.81,55.33,0,1.69,283.86,1011.66,14792.55,18.97,29.058,7500.0,0.071,PM2.5-1HR
950,ITA_IT0480A,2025-04-05,20.86,16.81,55.33,0,1.69,283.86,1011.66,11543.81,18.97,29.058,7500.0,0.344,PM2.5-1HR
950,ITA_IT1016A,2025-04-05,25.03,15.95,65.17,0,1.66,267.88,1011.73,13806.17,18.97,29.058,7500.0,0.579,PM2.5-1HR
950,ITA_IT1294A,2025-04-05,17.01,15.17,67.29,0,1.73,269.58,1011.8,1803.63,15.14,23.696,7500.0,0.667,PM2.5-1HR
950,ITA_IT1692A,2025-04-05,21.08,16.81,55.33,0,1.69,283.86,1011.66,11646.01,18.97,29.058,7500.0,0.866,PM2.5-1HR
950,ITA_IT0477A,2025-04-06,19.48,13.87,57.92,0,3.78,116.51,1010.38,14792.55,12.01,19.314,7500.0,0.071,PM2.5-1HR
950,ITA_IT0480A,2025-04-06,10.92,13.87,57.92,0,3.78,116.51,1010.38,11543.81,12.01,19.314,7500.0,0.344,PM2.5-1HR
950,ITA_IT1016A,2025-04-06,19.38,13.39,65.17,0,3.93,108.28,1010.38,13806.17,12.01,19.314,7500.0,0.579,PM2.5-1HR
950,ITA_IT1294A,2025-04-06,12.37,13.55,65.75,0,3.46,82.39,1010.14,1803.63,12.21,19.594,7500.0,0.667,PM2.5-1HR
950,ITA_IT1692A,2025-04-06,10.55,13.87,57.92,0,3.78,116.51,1010.38,11646.01,12.01,19.314,7500.0,0.866,PM2.5-1HR
950,ITA_IT0477A,2025-04-07,8.41,11.41,45.83,0,2.66,91.24,1020.39,14792.55,7.41,12.874,7500.0,0.071,PM2.5-1HR
950,ITA_IT0480A,2025-04-07,8.08,11.41,45.83,0,2.66,91.24,1020.39,11543.81,7.41,12.874,7500.0,0.344,PM2.5-1HR
950,ITA_IT1016A,2025-04-07,10.78,11.01,53.29,0,2.75,98.39,1020.42,13806.17,7.41,12.874,7500.0,0.579,PM2.5-1HR
950,ITA_IT1294A,2025-04-07,11.5,11.1,52.58,0,2.16,100.71,1020.32,1803.63,11.48,18.572,7500.0,0.667,PM2.5-1HR
950,ITA_IT1692A,2025-04-07,6.81,11.41,45.83,0,2.66,91.24,1020.39,11646.01,7.41,12.874,7500.0,0.866,PM2.5-1HR
950,ITA_IT0477A,2025-04-08,10.21,10.9,49.04,0,1.72,81.09,1025.18,14792.55,7.47,12.958,7500.0,0.071,PM2.5-1HR
950,ITA_IT0480A,2025-04-08,13.27,10.9,49.04,0,1.72,81.09,1025.18,11543.81,7.47,12.958,7500.0,0.344,PM2.5-1HR
950,ITA_IT1016A,2025-04-08,12.7,10.8,53.17,0,2.02,99.86,1025.18,13806.17,7.47,12.958,7500.0,0.579,PM2.5-1HR
950,ITA_IT1294A,2025-04-08,12.65,10.37,56.5,0,1.73,104.4,1025.21,1803.63,11.48,18.572,7500.0,0.667,PM2.5-1HR
950,ITA_IT1692A,2025-04-08,10.73,10.9,49.04,0,1.72,81.09,1025.18,11646.01,7.47,12.958,7500.0,0.866,PM2.5-1HR
950,ITA_IT0477A,2025-04-09,25.22,12.86,50.63,0,0.85,260.17,1021.35,14792.55,12.09,19.426,7500.0,0.071,PM2.5-1HR
950,ITA_IT0480A,2025-04-09,23.85,12.86,50.63,0,0.85,260.17,1021.35,11543.81,12.09,19.426,7500.0,0.344,PM2.5-1HR
950,ITA_IT1016A,2025-04-09,22.29,12.71,55.08,0,1.2,221.89,1021.47,13806.17,12.09,19.426,7500.0,0.579,PM2.5-1HR
950,ITA_IT1294A,2025-04-09,16.68,11.16,64.46,0,1.12,231.53,1021.53,1803.63,12.7,20.28,7500.0,0.667,PM2.5-1HR
950,ITA_IT1692A,2025-04-09,18.66,12.86,50.63,0,0.85,260.17,1021.35,11646.01,12.09,19.426,7500.0,0.866,PM2.5-1HR
950,ITA_IT1294A,2025-04-10,16.62,13.16,67.96,0,1.05,178.52,1020.88,1803.63,16.61,25.754,7500.0,0.667,PM2.5-1HR
950,ITA_IT0477A,2025-04-10,21.93,14.9,58.67,0,0.92,212.8,1020.82,14792.55,18.84,28.876,7500.0,0.071,PM2.5-1HR
950,ITA_IT0480A,2025-04-10,23.53,14.9,58.67,0,0.92,212.8,1020.82,11543.81,18.84,28.876,7500.0,0.344,PM2.5-1HR
950,ITA_IT1016A,2025-04-10,20.38,14.57,64.83,0,1.17,220.4,1020.92,13806.17,18.84,28.876,7500.0,0.579,PM2.5-1HR
950,ITA_IT1692A,2025-04-10,19.96,14.9,58.67,0,0.92,212.8,1020.82,11646.01,18.84,28.876,7500.0,0.866,PM2.5-1HR
950,ITA_IT0477A,2025-04-11,24.51,16.38,59.13,0,1.76,259.09,1018.3,14792.55,15.41,24.074,7500.0,0.071,PM2.5-1HR
950,ITA_IT0480A,2025-04-11,17.99,16.38,59.13,0,1.76,259.09,1018.3,11543.81,15.41,24.074,7500.0,0.344,PM2.5-1HR
950,ITA_IT1016A,2025-04-11,20.59,15.93,62.96,0,2.07,255.32,1018.41,13806.17,15.41,24.074,7500.0,0.579,PM2.5-1HR
950,ITA_IT1294A,2025-04-11,17.78,14.53,69.79,0,1.76,202.3,1018.48,1803.63,16.61,25.754,7500.0,0.667,PM2.5-1HR
950,ITA_IT1692A,2025-04-11,16.14,16.38,59.13,0,1.76,259.09,1018.3,11646.01,15.41,24.074,7500.0,0.866,PM2.5-1HR
950,ITA_IT0477A,2025-04-12,13.55,15.95,65,0,1.66,259.33,1015.66,14792.55,10.34,16.976,7500.0,0.071,PM2.5-1HR
950,ITA_IT0480A,2025-04-12,10.15,15.95,65,0,1.66,259.33,1015.66,11543.81,10.34,16.976,7500.0,0.344,PM2.5-1HR
950,ITA_IT1016A,2025-04-12,14.89,15.7,67.67,0,1.78,260.11,1015.74,13806.17,10.34,16.976,7500.0,0.579,PM2.5-1HR
950,ITA_IT1294A,2025-04-12,12.86,14.4,74.04,0,1.41,221.64,1015.86,1803.63,12.7,20.28,7500.0,0.667,PM2.5-1HR
950,ITA_IT1692A,2025-04-12,10.68,15.95,65,0,1.66,259.33,1015.66,11646.01,10.34,16.976,7500.0,0.866,PM2.5-1HR
950,ITA_IT0477A,2025-04-13,6.91,14.98,62.58,0.07,1.47,311.24,1014.36,14792.55,7.17,12.538,7500.0,0.071,PM2.5-1HR
950,ITA_IT0480A,2025-04-13,7.77,14.98,62.58,0.07,1.47,311.24,1014.36,11543.81,7.17,12.538,7500.0,0.344,PM2.5-1HR
950,ITA_IT1016A,2025-04-13,11.7,14.63,66.42,0.06,1.57,11.96,1014.47,13806.17,7.17,12.538,7500.0,0.579,PM2.5-1HR
950,ITA_IT1294A,2025-04-13,8.21,14.33,67.29,0.02,1.08,96.49,1014.44,1803.63,8.06,13.784,7500.0,0.667,PM2.5-1HR
950,ITA_IT1692A,2025-04-13,7.5,14.98,62.58,0.07,1.47,311.24,1014.36,11646.01,7.17,12.538,7500.0,0.866,PM2.5-1HR
950,ITA_IT0477A,2025-04-14,16.75,12.9,86.92,0.5,2.15,77.55,1012.82,14792.55,8.77,14.778,7500.0,0.071,PM2.5-1HR
950,ITA_IT0480A,2025-04-14,13.45,12.9,86.92,0.5,2.15,77.55,1012.82,11543.81,8.77,14.778,7500.0,0.344,PM2.5-1HR
950,ITA_IT1016A,2025-04-14,13.13,12.87,89.63,0.53,2.35,67.74,1012.82,13806.17,8.77,14.778,7500.0,0.579,PM2.5-1HR
950,ITA_IT1294A,2025-04-14,7.81,12.78,91.92,0.55,2.03,48.96,1012.94,1803.63,7.8,13.42,7500.0,0.667,PM2.5-1HR
950,ITA_IT1692A,2025-04-14,9.99,12.9,86.92,0.5,2.15,77.55,1012.82,11646.01,8.77,14.778,7500.0,0.866,PM2.5-1HR
950,ITA_IT0477A,2025-04-15,10.82,14.08,88.75,0.83,1.99,100.04,1006.44,14792.55,7.74,13.336,7500.0,0.071,PM2.5-1HR
950,ITA_IT0480A,2025-04-15,9.73,14.08,88.75,0.83,1.99,100.04,1006.44,11543.81,7.74,13.336,7500.0,0.344,PM2.5-1HR
950,ITA_IT1016A,2025-04-15,8.55,14.4,87.46,0.73,2.12,92.21,1006.41,13806.17,7.74,13.336,7500.0,0.579,PM2.5-1HR
950,ITA_IT1294A,2025-04-15,1.91,13.8,89.38,0.81,2,54.75,1006.46,1803.63,1.71,4.894,7500.0,0.667,PM2.5-1HR
950,ITA_IT1692A,2025-04-15,6.81,14.08,88.75,0.83,1.99,100.04,1006.44,11646.01,7.74,13.336,7500.0,0.866,PM2.5-1HR
950,ITA_IT0477A,2025-04-16,16.81,14.53,86.58,2.86,4.24,98.55,1009.29,14792.55,8.31,14.134,7500.0,0.071,PM2.5-1HR
950,ITA_IT0480A,2025-04-16,12,14.53,86.58,2.86,4.24,98.55,1009.29,11543.81,8.31,14.134,7500.0,0.344,PM2.5-1HR
950,ITA_IT1016A,2025-04-16,10.51,14.82,86.5,3.69,4.57,94.98,1009.25,13806.17,8.31,14.134,7500.0,0.579,PM2.5-1HR
950,ITA_IT1294A,2025-04-16,4.75,13.9,92.58,1.98,4.08,87.28,1009.3,1803.63,1.71,4.894,7500.0,0.667,PM2.5-1HR
950,ITA_IT1692A,2025-04-16,8.33,14.53,86.58,2.86,4.24,98.55,1009.29,11646.01,8.31,14.134,7500.0,0.866,PM2.5-1HR
950,ITA_IT0477A,2025-04-17,7.81,13.99,84.17,1.55,4.85,87.46,1003.25,14792.55,5.27,9.878,7500.0,0.071,PM2.5-1HR
950,ITA_IT0480A,2025-04-17,4.74,13.99,84.17,1.55,4.85,87.46,1003.25,11543.81,5.27,9.878,7500.0,0.344,PM2.5-1HR
950,ITA_IT1016A,2025-04-17,9.15,14.2,84.88,1.69,5.39,87.72,1003.17,13806.17,5.27,9.878,7500.0,0.579,PM2.5-1HR
950,ITA_IT1294A,2025-04-17,4.42,13.68,88.58,1.35,5.14,70.93,1003.37,1803.63,4.4,8.66,7500.0,0.667,PM2.5-1HR
950,ITA_IT1692A,2025-04-17,4.53,13.99,84.17,1.55,4.85,87.46,1003.25,11646.01,5.27,9.878,7500.0,0.866,PM2.5-1HR
950,ITA_IT0477A,2025-04-18,6.39,14.22,77.13,0.09,1.22,245.69,1010.91,14792.55,4.79,9.206,7500.0,0.071,PM2.5-1HR
950,ITA_IT0480A,2025-04-18,5.84,14.22,77.13,0.09,1.22,245.69,1010.91,11543.81,4.79,9.206,7500.0,0.344,PM2.5-1HR
950,ITA_IT1016A,2025-04-18,8.71,14.51,76.67,0.11,1.3,251.37,1010.98,13806.17,4.79,9.206,7500.0,0.579,PM2.5-1HR
950,ITA_IT1692A,2025-04-18,4.78,14.22,77.13,0.09,1.22,245.69,1010.91,11646.01,4.79,9.206,7500.0,0.866,PM2.5-1HR
950,ITA_IT0477A,2025-04-19,6.77,13.81,77.67,0.01,1.08,6.86,1013.75,14792.55,5.2,9.78,7500.0,0.071,PM2.5-1HR
950,ITA_IT0480A,2025-04-19,6.86,13.81,77.67,0.01,1.08,6.86,1013.75,11543.81,5.2,9.78,7500.0,0.344,PM2.5-1HR
950,ITA_IT1016A,2025-04-19,8.41,14.07,76.67,0.02,1.35,357.78,1013.77,13806.17,5.2,9.78,7500.0,0.579,PM2.5-1HR
950,ITA_IT1294A,2025-04-19,4.4,13.34,76.88,0.02,1.15,30.94,1013.93,1803.63,4.4,8.66,7500.0,0.667,PM2.5-1HR
950,ITA_IT1692A,2025-04-19,7,13.81,77.67,0.01,1.08,6.86,1013.75,11646.01,5.2,9.78,7500.0,0.866,PM2.5-1HR
950,ITA_IT0477A,2025-04-20,12,13.73,83.42,0.06,2.72,79.66,1011.66,14792.55,7.17,12.538,7500.0,0.071,PM2.5-1HR
950,ITA_IT0480A,2025-04-20,10.73,13.73,83.42,0.06,2.72,79.66,1011.66,11543.81,7.17,12.538,7500.0,0.344,PM2.5-1HR
950,ITA_IT1016A,2025-04-20,8.4,13.98,83.79,0.25,2.84,66.97,1011.64,13806.17,7.17,12.538,7500.0,0.579,PM2.5-1HR
950,ITA_IT1294A,2025-04-20,2.27,13.58,83.38,0.5,2.99,56.63,1011.64,1803.63,2.2,5.58,7500.0,0.667,PM2.5-1HR
950,ITA_IT1692A,2025-04-20,8.15,13.73,83.42,0.06,2.72,79.66,1011.66,11646.01,7.17,12.538,7500.0,0.866,PM2.5-1HR
950,ITA_IT0477A,2025-04-21,6.07,14.47,71.96,0,0.87,254.94,1012.85,14792.55,5.48,10.172,7500.0,0.071,PM2.5-1HR
950,ITA_IT0480A,2025-04-21,5.96,14.47,71.96,0,0.87,254.94,1012.85,11543.81,5.48,10.172,7500.0,0.344,PM2.5-1HR
950,ITA_IT1016A,2025-04-21,7.72,14.7,72.29,0,0.86,268.4,1012.93,13806.17,5.48,10.172,7500.0,0.579,PM2.5-1HR
950,ITA_IT1294A,2025-04-21,2.2,14.15,72.75,0.02,1.04,69.17,1012.93,1803.63,2.2,5.58,7500.0,0.667,PM2.5-1HR
950,ITA_IT1692A,2025-04-21,6.07,14.47,71.96,0,0.87,254.94,1012.85,11646.01,5.48,10.172,7500.0,0.866,PM2.5-1HR
950,ITA_IT0477A,2025-04-22,7.69,16.02,68.46,0,0.82,296.64,1014.14,14792.55,5.49,10.186,7500.0,0.071,PM2.5-1HR
950,ITA_IT0480A,2025-04-22,7.81,16.02,68.46,0,0.82,296.64,1014.14,11543.81,5.49,10.186,7500.0,0.344,PM2.5-1HR
950,ITA_IT1016A,2025-04-22,12.68,16.13,70.04,0,0.91,276.76,1014.22,13806.17,5.49,10.186,7500.0,0.579,PM2.5-1HR
950,ITA_IT1294A,2025-04-22,0,15.63,65.63,0,1.39,7.79,1014.23,1803.63,0,2.5,7500.0,0.667,PM2.5-1HR
950,ITA_IT1692A,2025-04-22,8.4,16.02,68.46,0,0.82,296.64,1014.14,11646.01,5.49,10.186,7500.0,0.866,PM2.5-1HR
950,ITA_IT0477A,2025-04-23,14.16,15.98,78.46,0.21,1.6,80.48,1013.53,14792.55,9.13,15.282,7500.0,0.071,PM2.5-1HR
950,ITA_IT0480A,2025-04-23,11.06,15.98,78.46,0.21,1.6,80.48,1013.53,11543.81,9.13,15.282,7500.0,0.344,PM2.5-1HR
950,ITA_IT1016A,2025-04-23,13,16.1,80.46,0.33,1.71,68.98,1013.55,13806.17,9.13,15.282,7500.0,0.579,PM2.5-1HR
950,ITA_IT1294A,2025-04-23,0.49,15.32,80.29,0.44,2.27,50.54,1013.55,1803.63,0.49,3.186,7500.0,0.667,PM2.5-1HR
950,ITA_IT1692A,2025-04-23,9.55,15.98,78.46,0.21,1.6,80.48,1013.53,11646.01,9.13,15.282,7500.0,0.866,PM2.5-1HR
950,ITA_IT0477A,2025-04-24,5.06,16.05,69.83,0.82,1.85,315.73,1010.3,14792.55,3.14,6.896,7500.0,0.071,PM2.5-1HR
950,ITA_IT0480A,2025-04-24,1.91,16.05,69.83,0.82,1.85,315.73,1010.3,11543.81,3.14,6.896,7500.0,0.344,PM2.5-1HR
950,ITA_IT1016A,2025-04-24,5.93,16.22,71.04,0.68,1.95,310.76,1010.33,13806.17,3.14,6.896,7500.0,0.579,PM2.5-1HR
950,ITA_IT1294A,2025-04-24,5.13,16.25,58.92,0.55,3.21,344.83,1010.5,1803.63,5.13,9.682,7500.0,0.667,PM2.5-1HR
950,ITA_IT1692A,2025-04-24,4.37,16.05,69.83,0.82,1.85,315.73,1010.3,11646.01,3.14,6.896,7500.0,0.866,PM2.5-1HR
950,ITA_IT0477A,2025-04-25,6.57,15.6,67.29,0.01,1.36,25.1,1011.45,14792.55,3.55,7.47,7500.0,0.071,PM2.5-1HR
950,ITA_IT0480A,2025-04-25,5.05,15.6,67.29,0.01,1.36,25.1,1011.45,11543.81,3.55,7.47,7500.0,0.344,PM2.5-1HR
950,ITA_IT1016A,2025-04-25,10.78,15.88,70.5,0.02,1.53,50.34,1011.49,13806.17,3.55,7.47,7500.0,0.579,PM2.5-1HR
950,ITA_IT1294A,2025-04-25,3.79,16.81,50.38,0,2.74,8.06,1011.45,1803.63,0.98,3.872,7500.0,0.667,PM2.5-1HR
950,ITA_IT1692A,2025-04-25,6.02,15.6,67.29,0.01,1.36,25.1,1011.45,11646.01,3.55,7.47,7500.0,0.866,PM2.5-1HR
950,ITA_IT0477A,2025-04-26,4.97,15.93,70.63,0,1.26,102.3,1014.49,14792.55,4.98,9.472,7500.0,0.071,PM2.5-1HR
950,ITA_IT0480A,2025-04-26,5.78,15.93,70.63,0,1.26,102.3,1014.49,11543.81,4.98,9.472,7500.0,0.344,PM2.5-1HR
950,ITA_IT1016A,2025-04-26,7.23,16.23,71.25,0,1.41,80.54,1014.49,13806.17,4.98,9.472,7500.0,0.579,PM2.5-1HR
950,ITA_IT1294A,2025-04-26,3.44,15.98,67.21,0,1.51,58.09,1014.49,1803.63,3.42,7.288,7500.0,0.667,PM2.5-1HR
950,ITA_IT1692A,2025-04-26,5.23,15.93,70.63,0,1.26,102.3,1014.49,11646.01,4.98,9.472,7500.0,0.866,PM2.5-1HR
950,ITA_IT0477A,2025-04-27,6.49,16.25,75.25,0.18,1.86,53.64,1020.38,14792.55,5.15,9.71,7500.0,0.071,PM2.5-1HR
950,ITA_IT0480A,2025-04-27,7.62,16.25,75.25,0.18,1.86,53.64,1020.38,11543.81,5.15,9.71,7500.0,0.344,PM2.5-1HR
950,ITA_IT1016A,2025-04-27,6.62,16.48,75,0.05,2.05,50.29,1020.36,13806.17,5.15,9.71,7500.0,0.579,PM2.5-1HR
950,ITA_IT1294A,2025-04-27,2.47,15.95,77.29,0.3,2.56,26.22,1020.57,1803.63,2.44,5.916,7500.0,0.667,PM2.5-1HR
950,ITA_IT1692A,2025-04-27,6.16,16.25,75.25,0.18,1.86,53.64,1020.38,11646.01,5.15,9.71,7500.0,0.866,PM2.5-1HR
950,ITA_IT0477A,2025-04-28,8.38,17.28,68.88,0,1.27,65.96,1023.58,14792.55,6,10.9,7500.0,0.071,PM2.5-1HR
950,ITA_IT0480A,2025-04-28,11.15,17.28,68.88,0,1.27,65.96,1023.58,11543.81,6,10.9,7500.0,0.344,PM2.5-1HR
950,ITA_IT1016A,2025-04-28,11.1,17.38,70.63,0.02,1.42,64.21,1023.63,13806.17,6,10.9,7500.0,0.579,PM2.5-1HR
950,ITA_IT1294A,2025-04-28,7.83,17.13,73.17,0.09,1.88,20.76,1023.75,1803.63,2.44,5.916,7500.0,0.667,PM2.5-1HR
950,ITA_IT1692A,2025-04-28,8.6,17.28,68.88,0,1.27,65.96,1023.58,11646.01,6,10.9,7500.0,0.866,PM2.5-1HR
950,ITA_IT0477A,2025-04-29,12.8,18.52,66.46,0,1.23,261.44,1022.78,14792.55,8.71,14.694,7500.0,0.071,PM2.5-1HR
950,ITA_IT0480A,2025-04-29,14.18,18.52,66.46,0,1.23,261.44,1022.78,11543.81,8.71,14.694,7500.0,0.344,PM2.5-1HR
950,ITA_IT1294A,2025-04-29,8.06,18.36,69.04,0,1.38,323.59,1022.9,1803.63,8.06,13.784,7500.0,0.667,PM2.5-1HR
950,ITA_IT1692A,2025-04-29,11.77,18.52,66.46,0,1.23,261.44,1022.78,11646.01,8.71,14.694,7500.0,0.866,PM2.5-1HR
950,ITA_IT0480A,2025-04-30,14.97,19.99,61.5,0,0.71,157.26,1020.78,11543.81,12.8,20.42,7500.0,0.344,PM2.5-1HR
950,ITA_IT0477A,2025-04-30,15.15,19.99,61.5,0,0.71,157.26,1020.78,14792.55,12.8,20.42,7500.0,0.071,PM2.5-1HR
950,ITA_IT1016A,2025-04-30,19.9,19.71,67.38,0,0.66,231.5,1020.83,13806.17,12.8,20.42,7500.0,0.579,PM2.5-1HR
950,ITA_IT1294A,2025-04-30,12.57,19.06,65.58,0,1.21,47.13,1020.86,1803.63,9.52,15.828,7500.0,0.667,PM2.5-1HR
950,ITA_IT1692A,2025-04-30,14.1,19.99,61.5,0,0.71,157.26,1020.78,11646.01,12.8,20.42,7500.0,0.866,PM2.5-1HR
950,ITA_IT0477A,2025-05-01,16.75,21.93,53.67,0,1.05,234.93,1019.62,14792.55,12.2,19.58,7500.0,0.071,PM2.5-1HR
950,ITA_IT0480A,2025-05-01,13.64,21.93,53.67,0,1.05,234.93,1019.62,11543.81,12.2,19.58,7500.0,0.344,PM2.5-1HR
950,ITA_IT1016A,2025-05-01,16.9,21.08,64.04,0,1.02,259.01,1019.66,13806.17,12.2,19.58,7500.0,0.579,PM2.5-1HR
950,ITA_IT1294A,2025-05-01,16.21,19.78,67.54,0,1.31,267,1019.73,1803.63,12.7,20.28,7500.0,0.667,PM2.5-1HR
950,ITA_IT1692A,2025-05-01,14.58,21.93,53.67,0,1.05,234.93,1019.62,11646.01,12.2,19.58,7500.0,0.866,PM2.5-1HR
950,ITA_IT0477A,2025-05-02,15.07,23.01,48.17,0,1.27,237.25,1018.9,14792.55,12.17,19.538,7500.0,0.071,PM2.5-1HR
950,ITA_IT0480A,2025-05-02,10.89,23.01,48.17,0,1.27,237.25,1018.9,11543.81,12.17,19.538,7500.0,0.344,PM2.5-1HR
950,ITA_IT1016A,2025-05-02,16.7,22.2,54.33,0,1.17,238.77,1018.96,13806.17,12.17,19.538,7500.0,0.579,PM2.5-1HR
950,ITA_IT1294A,2025-05-02,11.39,20.34,63.83,0,1.37,198.05,1019.08,1803.63,11.23,18.222,7500.0,0.667,PM2.5-1HR
950,ITA_IT1692A,2025-05-02,13.05,23.01,48.17,0,1.27,237.25,1018.9,11646.01,12.17,19.538,7500.0,0.866,PM2.5-1HR
950,ITA_IT0477A,2025-05-03,9.31,21.3,38.71,0,2.62,258.58,1015.25,14792.55,8.34,14.176,7500.0,0.071,PM2.5-1HR
950,ITA_IT0480A,2025-05-03,6.83,21.3,38.71,0,2.62,258.58,1015.25,11543.81,8.34,14.176,7500.0,0.344,PM2.5-1HR
950,ITA_IT1016A,2025-05-03,11.67,20.78,42.33,0,2.86,259.96,1015.27,13806.17,8.34,14.176,7500.0,0.579,PM2.5-1HR
950,ITA_IT1294A,2025-05-03,11.47,19.1,58.13,0,1.49,164.63,1015.3,1803.63,11.23,18.222,7500.0,0.667,PM2.5-1HR
950,ITA_IT1692A,2025-05-03,9.61,21.3,38.71,0,2.62,258.58,1015.25,11646.01,8.34,14.176,7500.0,0.866,PM2.5-1HR
950,ITA_IT0477A,2025-05-04,9.18,19.03,63.21,0.08,2.54,248.8,1008.34,14792.55,6.8,12.02,7500.0,0.071,PM2.5-1HR
950,ITA_IT0480A,2025-05-04,5.34,19.03,63.21,0.08,2.54,248.8,1008.34,11543.81,6.8,12.02,7500.0,0.344,PM2.5-1HR
950,ITA_IT1016A,2025-05-04,11.11,18.88,65.33,0.08,2.92,249.85,1008.35,13806.17,6.8,12.02,7500.0,0.579,PM2.5-1HR
950,ITA_IT1294A,2025-05-04,8.4,17.48,75.79,0.22,1.46,211.44,1008.4,1803.63,8.3,14.12,7500.0,0.667,PM2.5-1HR
950,ITA_IT1692A,2025-05-04,7.08,19.03,63.21,0.08,2.54,248.8,1008.34,11646.01,6.8,12.02,7500.0,0.866,PM2.5-1HR
950,ITA_IT0477A,2025-05-05,8.43,15.88,86.04,1.05,2.81,87.78,1002.41,14792.55,6.51,11.614,7500.0,0.071,PM2.5-1HR
950,ITA_IT0480A,2025-05-05,5.3,15.88,86.04,1.05,2.81,87.78,1002.41,11543.81,6.51,11.614,7500.0,0.344,PM2.5-1HR
950,ITA_IT1016A,2025-05-05,10.81,16.18,85.67,1.07,2.82,91.48,1002.34,13806.17,6.51,11.614,7500.0,0.579,PM2.5-1HR
950,ITA_IT1294A,2025-05-05,2.87,15.01,92.75,1.46,2.44,55.65,1002.33,1803.63,2.69,6.266,7500.0,0.667,PM2.5-1HR
950,ITA_IT1692A,2025-05-05,5.74,15.88,86.04,1.05,2.81,87.78,1002.41,11646.01,6.51,11.614,7500.0,0.866,PM2.5-1HR
950,ITA_IT0477A,2025-05-06,5.04,14.42,87.88,0.71,3.04,93.88,1007.69,14792.55,4.91,9.374,7500.0,0.071,PM2.5-1HR
950,ITA_IT0480A,2025-05-06,6.16,14.42,87.88,0.71,3.04,93.88,1007.69,11543.81,4.91,9.374,7500.0,0.344,PM2.5-1HR
950,ITA_IT1294A,2025-05-06,1.06,14.15,87.92,1.25,2.58,47.85,1007.77,1803.63,1,3.9,7500.0,0.667,PM2.5-1HR
950,ITA_IT1692A,2025-05-06,1.84,14.42,87.88,0.71,3.04,93.88,1007.69,11646.01,4.91,9.374,7500.0,0.866,PM2.5-1HR
950,ITA_IT0477A,2025-05-07,7.15,14.05,84.88,0.37,2.15,112.36,1011.28,14792.55,4.95,9.43,7500.0,0.071,PM2.5-1HR
950,ITA_IT0480A,2025-05-07,6.78,14.05,84.88,0.37,2.15,112.36,1011.28,11543.81,4.95,9.43,7500.0,0.344,PM2.5-1HR
950,ITA_IT1294A,2025-05-07,4.96,14.23,85.79,0.76,2.05,106.04,1011.2,1803.63,1,3.9,7500.0,0.667,PM2.5-1HR
950,ITA_IT1692A,2025-05-07,5.53,14.05,84.88,0.37,2.15,112.36,1011.28,11646.01,4.95,9.43,7500.0,0.866,PM2.5-1HR
950,ITA_IT0477A,2025-05-08,11.69,13.65,80.83,0.33,1.29,151.06,1010.79,14792.55,6.86,12.104,7500.0,0.071,PM2.5-1HR
950,ITA_IT0480A,2025-05-08,12.93,13.65,80.83,0.33,1.29,151.06,1010.79,11543.81,6.86,12.104,7500.0,0.344,PM2.5-1HR
950,ITA_IT1294A,2025-05-08,5.13,13.71,78.29,0.13,1.31,115.69,1010.73,1803.63,5.13,9.682,7500.0,0.667,PM2.5-1HR
950,ITA_IT0477A,2025-05-09,10.1,14.35,78.83,0.6,2.2,92.26,1014.55,14792.55,7.74,13.336,7500.0,0.071,PM2.5-1HR
950,ITA_IT0480A,2025-05-09,8.94,14.35,78.83,0.6,2.2,92.26,1014.55,11543.81,7.74,13.336,7500.0,0.344,PM2.5-1HR
950,ITA_IT1294A,2025-05-09,1.85,14.27,81.04,0.32,2.06,65.81,1014.59,1803.63,1.71,4.894,7500.0,0.667,PM2.5-1HR
950,ITA_IT1692A,2025-05-09,9.1,14.35,78.83,0.6,2.2,92.26,1014.55,11646.01,7.74,13.336,7500.0,0.866,PM2.5-1HR
950,ITA_IT0477A,2025-05-10,10.76,15.32,75.88,0.05,1.49,95.95,1018.56,14792.55,8.47,14.358,7500.0,0.071,PM2.5-1HR
950,ITA_IT0480A,2025-05-10,9.38,15.32,75.88,0.05,1.49,95.95,1018.56,11543.81,8.47,14.358,7500.0,0.344,PM2.5-1HR
950,ITA_IT1294A,2025-05-10,6.86,15.28,77.17,0.2,1.35,64.87,1018.65,1803.63,1.71,4.894,7500.0,0.667,PM2.5-1HR
950,ITA_IT1692A,2025-05-10,9.77,15.32,75.88,0.05,1.49,95.95,1018.56,11646.01,8.47,14.358,7500.0,0.866,PM2.5-1HR
950,ITA_IT0477A,2025-05-11,10.84,16.35,75.25,0.36,0.93,68.89,1014.48,14792.55,8.18,13.952,7500.0,0.071,PM2.5-1HR
950,ITA_IT0480A,2025-05-11,8.14,16.35,75.25,0.36,0.93,68.89,1014.48,11543.81,8.18,13.952,7500.0,0.344,PM2.5-1HR
950,ITA_IT1294A,2025-05-11,9.19,16.31,76.33,0.08,1.56,39.95,1014.57,1803.63,7.08,12.412,7500.0,0.667,PM2.5-1HR
950,ITA_IT1692A,2025-05-11,8.74,16.35,75.25,0.36,0.93,68.89,1014.48,11646.01,8.18,13.952,7500.0,0.866,PM2.5-1HR
950,ITA_IT0477A,2025-05-12,7.79,16.87,75.21,0.04,1.09,271.67,1011.07,14792.55,6.87,12.118,7500.0,0.071,PM2.5-1HR
950,ITA_IT0480A,2025-05-12,6.84,16.87,75.21,0.04,1.09,271.67,1011.07,11543.81,6.87,12.118,7500.0,0.344,PM2.5-1HR
950,ITA_IT1294A,2025-05-12,9.05,16.68,77.21,0.03,1.2,308.67,1011.23,1803.63,9.04,15.156,7500.0,0.667,PM2.5-1HR
950,ITA_IT1692A,2025-05-12,8.22,16.87,75.21,0.04,1.09,271.67,1011.07,11646.01,6.87,12.118,7500.0,0.866,PM2.5-1HR
950,ITA_IT0477A,2025-05-13,9.94,15.75,80.92,0.58,1.68,85.3,1014.85,14792.55,7.59,13.126,7500.0,0.071,PM2.5-1HR
950,ITA_IT0480A,2025-05-13,7.95,15.75,80.92,0.58,1.68,85.3,1014.85,11543.81,7.59,13.126,7500.0,0.344,PM2.5-1HR
950,ITA_IT1294A,2025-05-13,8.32,15.81,82.67,0.37,1.38,74.99,1014.85,1803.63,8.3,14.12,7500.0,0.667,PM2.5-1HR
950,ITA_IT1692A,2025-05-13,7.91,15.75,80.92,0.58,1.68,85.3,1014.85,11646.01,7.59,13.126,7500.0,0.866,PM2.5-1HR
950,ITA_IT0477A,2025-05-14,11.52,16.92,78,0.42,1.01,237.25,1016.24,14792.55,7.02,12.328,7500.0,0.071,PM2.5-1HR
950,ITA_IT0480A,2025-05-14,9.82,16.92,78,0.42,1.01,237.25,1016.24,11543.81,7.02,12.328,7500.0,0.344,PM2.5-1HR
950,ITA_IT1294A,2025-05-14,7.12,16.76,78.42,0.4,1.25,114.28,1016.37,1803.63,7.08,12.412,7500.0,0.667,PM2.5-1HR
950,ITA_IT1692A,2025-05-14,9.53,16.92,78,0.42,1.01,237.25,1016.24,11646.01,7.02,12.328,7500.0,0.866,PM2.5-1HR
950,ITA_IT0477A,2025-05-15,10.7,19.36,64.42,0,1.77,299.74,1009.28,14792.55,7.86,13.504,7500.0,0.071,PM2.5-1HR
950,ITA_IT0480A,2025-05-15,7.96,19.36,64.42,0,1.77,299.74,1009.28,11543.81,7.86,13.504,7500.0,0.344,PM2.5-1HR
950,ITA_IT1294A,2025-05-15,7.08,18.96,62.04,0,2.14,320.5,1009.47,1803.63,7.08,12.412,7500.0,0.667,PM2.5-1HR
950,ITA_IT1692A,2025-05-15,10.46,19.36,64.42,0,1.77,299.74,1009.28,11646.01,7.86,13.504,7500.0,0.866,PM2.5-1HR
950,ITA_IT0477A,2025-05-16,5.9,16.04,68.83,0.11,1.87,102.35,1012.59,14792.55,5.75,10.55,7500.0,0.071,PM2.5-1HR
950,ITA_IT0480A,2025-05-16,5.67,16.04,68.83,0.11,1.87,102.35,1012.59,11543.81,5.75,10.55,7500.0,0.344,PM2.5-1HR
950,ITA_IT1294A,2025-05-16,9.58,16.32,68.17,0.02,2.36,112.45,1012.51,1803.63,5.13,9.682,7500.0,0.667,PM2.5-1HR
950,ITA_IT1692A,2025-05-16,6.14,16.04,68.83,0.11,1.87,102.35,1012.59,11646.01,5.75,10.55,7500.0,0.866,PM2.5-1HR
950,ITA_IT0477A,2025-05-17,8.72,16.68,60.33,0,1.54,172.99,1013.84,14792.55,6.46,11.544,7500.0,0.071,PM2.5-1HR
950,ITA_IT0480A,2025-05-17,6.75,16.68,60.33,0,1.54,172.99,1013.84,11543.81,6.46,11.544,7500.0,0.344,PM2.5-1HR
950,ITA_IT1294A,2025-05-17,10,16.4,65.25,0,1.66,156.17,1013.88,1803.63,9.77,16.178,7500.0,0.667,PM2.5-1HR
950,ITA_IT1692A,2025-05-17,7.53,16.68,60.33,0,1.54,172.99,1013.84,11646.01,6.46,11.544,7500.0,0.866,PM2.5-1HR
950,ITA_IT0477A,2025-05-18,4.04,18.18,57.33,0.02,2.33,262.41,1014.56,14792.55,5.13,9.682,7500.0,0.071,PM2.5-1HR
950,ITA_IT0480A,2025-05-18,5.64,18.18,57.33,0.02,2.33,262.41,1014.56,11543.81,5.13,9.682,7500.0,0.344,PM2.5-1HR
950,ITA_IT1294A,2025-05-18,7.18,17.16,67.42,0,2.04,229.64,1014.71,1803.63,7.08,12.412,7500.0,0.667,PM2.5-1HR
950,ITA_IT1692A,2025-05-18,5.86,18.18,57.33,0.02,2.33,262.41,1014.56,11646.01,5.13,9.682,7500.0,0.866,PM2.5-1HR
950,ITA_IT0477A,2025-05-19,6.57,19.57,62.38,0.05,2.29,254.16,1016.15,14792.55,6.41,11.474,7500.0,0.071,PM2.5-1HR
950,ITA_IT0480A,2025-05-19,8,19.57,62.38,0.05,2.29,254.16,1016.15,11543.81,6.41,11.474,7500.0,0.344,PM2.5-1HR
950,ITA_IT1294A,2025-05-19,11.3,18.12,71.96,0.02,1.72,238.6,1016.28,1803.63,7.08,12.412,7500.0,0.667,PM2.5-1HR
950,ITA_IT1692A,2025-05-19,7.05,19.57,62.38,0.05,2.29,254.16,1016.15,11646.01,6.41,11.474,7500.0,0.866,PM2.5-1HR
950,ITA_IT0477A,2025-05-20,10.56,18.38,70.17,0.21,1.51,94.11,1015.19,14792.55,7.49,12.986,7500.0,0.071,PM2.5-1HR
950,ITA_IT0480A,2025-05-20,11.17,18.38,70.17,0.21,1.51,94.11,1015.19,11543.81,7.49,12.986,7500.0,0.344,PM2.5-1HR
950,ITA_IT1294A,2025-05-20,4.9,17.35,79.96,0.17,1.58,47.68,1015.32,1803.63,4.68,9.052,7500.0,0.667,PM2.5-1HR
950,ITA_IT1692A,2025-05-20,10.84,18.38,70.17,0.21,1.51,94.11,1015.19,11646.01,7.49,12.986,7500.0,0.866,PM2.5-1HR
950,ITA_IT0477A,2025-05-21,12.16,17.99,78.54,0.43,1,265.5,1012.26,14792.55,10.22,16.808,7500.0,0.071,PM2.5-1HR
950,ITA_IT0480A,2025-05-21,11.59,17.99,78.54,0.43,1,265.5,1012.26,11543.81,10.22,16.808,7500.0,0.344,PM2.5-1HR
950,ITA_IT1294A,2025-05-21,4.71,17.55,80.04,0.1,1,291.92,1012.35,1803.63,4.68,9.052,7500.0,0.667,PM2.5-1HR
950,ITA_IT1692A,2025-05-21,10.71,17.99,78.54,0.43,1,265.5,1012.26,11646.01,10.22,16.808,7500.0,0.866,PM2.5-1HR
950,ITA_IT0477A,2025-05-22,5.66,15.62,87.63,1.41,1.63,91.82,1007.1,14792.55,4.26,8.464,7500.0,0.071,PM2.5-1HR
950,ITA_IT0480A,2025-05-22,5.02,15.62,87.63,1.41,1.63,91.82,1007.1,11543.81,4.26,8.464,7500.0,0.344,PM2.5-1HR
950,ITA_IT1294A,2025-05-22,2.44,16.33,85,0.65,1.31,69.32,1007.17,1803.63,2.44,5.916,7500.0,0.667,PM2.5-1HR
950,ITA_IT1692A,2025-05-22,4.8,15.62,87.63,1.41,1.63,91.82,1007.1,11646.01,4.26,8.464,7500.0,0.866,PM2.5-1HR
950,ITA_IT0477A,2025-05-23,3.99,15.78,76.71,0.05,1.94,119.58,1011.17,14792.55,4.54,8.856,7500.0,0.071,PM2.5-1HR
950,ITA_IT0480A,2025-05-23,6.62,15.78,76.71,0.05,1.94,119.58,1011.17,11543.81,4.54,8.856,7500.0,0.344,PM2.5-1HR
950,ITA_IT1294A,2025-05-23,6.64,16.94,62.58,0.03,2.25,75.33,1010.95,1803.63,2.44,5.916,7500.0,0.667,PM2.5-1HR
950,ITA_IT1692A,2025-05-23,7,15.78,76.71,0.05,1.94,119.58,1011.17,11646.01,4.54,8.856,7500.0,0.866,PM2.5-1HR
950,ITA_IT0477A,2025-05-24,5.77,16.02,69.67,0.03,1.35,71.05,1016.26,14792.55,6.24,11.236,7500.0,0.071,PM2.5-1HR
950,ITA_IT0480A,2025-05-24,7.75,16.02,69.67,0.03,1.35,71.05,1016.26,11543.81,6.24,11.236,7500.0,0.344,PM2.5-1HR
950,ITA_IT1294A,2025-05-24,3.29,16.37,68.67,0.02,1.64,89.09,1016.26,1803.63,3.17,6.938,7500.0,0.667,PM2.5-1HR
950,ITA_IT1692A,2025-05-24,6.71,16.02,69.67,0.03,1.35,71.05,1016.26,11646.01,6.24,11.236,7500.0,0.866,PM2.5-1HR
950,ITA_IT0477A,2025-05-25,8.71,18.27,64.08,0,1.73,47.05,1016.48,14792.55,7.77,13.378,7500.0,0.071,PM2.5-1HR
950,ITA_IT0480A,2025-05-25,8.18,18.27,64.08,0,1.73,47.05,1016.48,11543.81,7.77,13.378,7500.0,0.344,PM2.5-1HR
950,ITA_IT1294A,2025-05-25,12.3,18.06,65,0,1.92,123.44,1016.53,1803.63,3.17,6.938,7500.0,0.667,PM2.5-1HR
950,ITA_IT1692A,2025-05-25,7.18,18.27,64.08,0,1.73,47.05,1016.48,11646.01,7.77,13.378,7500.0,0.866,PM2.5-1HR
950,ITA_IT0477A,2025-05-26,6.48,19.59,71.38,0.03,1.22,234.9,1015.27,14792.55,6.5,11.6,7500.0,0.071,PM2.5-1HR
950,ITA_IT1294A,2025-05-26,6.32,19.63,69.67,0,1.22,191.9,1015.23,1803.63,6.11,11.054,7500.0,0.667,PM2.5-1HR
950,ITA_IT1692A,2025-05-26,7.49,19.59,71.38,0.03,1.22,234.9,1015.27,11646.01,6.5,11.6,7500.0,0.866,PM2.5-1HR
950,ITA_IT0477A,2025-05-27,5.24,17.91,82.38,1.02,1.62,83.09,1018.43,14792.55,6.06,10.984,7500.0,0.071,PM2.5-1HR
950,ITA_IT0480A,2025-05-27,7.9,17.91,82.38,1.02,1.62,83.09,1018.43,11543.81,6.06,10.984,7500.0,0.344,PM2.5-1HR
950,ITA_IT1294A,2025-05-27,3.98,18.57,79.29,1.35,1.95,101.61,1018.33,1803.63,3.91,7.974,7500.0,0.667,PM2.5-1HR
950,ITA_IT1692A,2025-05-27,5.66,17.91,82.38,1.02,1.62,83.09,1018.43,11646.01,6.06,10.984,7500.0,0.866,PM2.5-1HR
950,ITA_IT0477A,2025-05-28,11.06,19.98,74.71,0,1.08,292.86,1017.97,14792.55,8.3,14.12,7500.0,0.071,PM2.5-1HR
950,ITA_IT0480A,2025-05-28,11.73,19.98,74.71,0,1.08,292.86,1017.97,11543.81,8.3,14.12,7500.0,0.344,PM2.5-1HR
950,ITA_IT1294A,2025-05-28,3.91,20.16,70.46,0,1.43,262.23,1018.09,1803.63,3.91,7.974,7500.0,0.667,PM2.5-1HR
950,ITA_IT1692A,2025-05-28,8.86,19.98,74.71,0,1.08,292.86,1017.97,11646.01,8.3,14.12,7500.0,0.866,PM2.5-1HR
950,ITA_IT0477A,2025-05-29,5.32,22.12,48.75,0,2.04,351.32,1016.74,14792.55,5.49,10.186,7500.0,0.071,PM2.5-1HR
950,ITA_IT0480A,2025-05-29,4.74,22.12,48.75,0,2.04,351.32,1016.74,11543.81,5.49,10.186,7500.0,0.344,PM2.5-1HR
950,ITA_IT1294A,2025-05-29,13.31,23.15,40.92,0,3.06,338.7,1017,1803.63,13.28,21.092,7500.0,0.667,PM2.5-1HR
950,ITA_IT1692A,2025-05-29,5.81,22.12,48.75,0,2.04,351.32,1016.74,11646.01,5.49,10.186,7500.0,0.866,PM2.5-1HR
950,ITA_IT0477A,2025-05-30,9.83,22.67,57.17,0,1.9,87.87,1020.65,14792.55,7.45,12.93,7500.0,0.071,PM2.5-1HR
950,ITA_IT0480A,2025-05-30,12.36,22.67,57.17,0,1.9,87.87,1020.65,11543.81,7.45,12.93,7500.0,0.344,PM2.5-1HR
950,ITA_IT1294A,2025-05-30,6.98,23.05,56.46,0,1.96,96.6,1020.55,1803.63,4.65,9.01,7500.0,0.667,PM2.5-1HR
950,ITA_IT1692A,2025-05-30,11.35,22.67,57.17,0,1.9,87.87,1020.65,11646.01,7.45,12.93,7500.0,0.866,PM2.5-1HR
950,ITA_IT0477A,2025-05-31,13.46,24.1,54.42,0,1.76,98.14,1020.26,14792.55,11.73,18.922,7500.0,0.071,PM2.5-1HR
950,ITA_IT0480A,2025-05-31,13.56,24.1,54.42,0,1.76,98.14,1020.26,11543.81,11.73,18.922,7500.0,0.344,PM2.5-1HR
950,ITA_IT1294A,2025-05-31,10.82,23.78,59.33,0,1.83,104.43,1020.2,1803.63,7.08,12.412,7500.0,0.667,PM2.5-1HR
950,ITA_IT1692A,2025-05-31,14.66,24.1,54.42,0,1.76,98.14,1020.26,11646.01,11.73,18.922,7500.0,0.866,PM2.5-1HR
950,ITA_IT0477A,2025-06-01,13.36,25.4,54.67,0.01,1.56,188.12,1017.56,14792.55,10.04,16.556,7500.0,0.071,PM2.5-1HR
950,ITA_IT0480A,2025-06-01,11.57,25.4,54.67,0.01,1.56,188.12,1017.56,11543.81,10.04,16.556,7500.0,0.344,PM2.5-1HR
950,ITA_IT1692A,2025-06-01,10.93,25.4,54.67,0.01,1.56,188.12,1017.56,11646.01,10.04,16.556,7500.0,0.866,PM2.5-1HR
950,ITA_IT0477A,2025-06-02,6.89,22.55,64.58,0.1,1.8,296.46,1017.3,14792.55,6.18,11.152,7500.0,0.071,PM2.5-1HR
950,ITA_IT0480A,2025-06-02,7.92,22.55,64.58,0.1,1.8,296.46,1017.3,11543.81,6.18,11.152,7500.0,0.344,PM2.5-1HR
950,ITA_IT1692A,2025-06-02,6.83,22.55,64.58,0.1,1.8,296.46,1017.3,11646.01,6.18,11.152,7500.0,0.866,PM2.5-1HR
950,ITA_IT0477A,2025-06-03,6.83,20.74,80.58,0.53,1.54,311.93,1016.74,14792.55,7.2,12.58,7500.0,0.071,PM2.5-1HR
950,ITA_IT0480A,2025-06-03,9.72,20.74,80.58,0.53,1.54,311.93,1016.74,11543.81,7.2,12.58,7500.0,0.344,PM2.5-1HR
950,ITA_IT1294A,2025-06-03,0.49,19.98,84.67,1.47,1.67,330.79,1016.9,1803.63,0.49,3.186,7500.0,0.667,PM2.5-1HR
950,ITA_IT1692A,2025-06-03,8.52,20.74,80.58,0.53,1.54,311.93,1016.74,11646.01,7.2,12.58,7500.0,0.866,PM2.5-1HR
950,ITA_IT0477A,2025-06-04,12.97,20.44,78.88,0.2,1.4,307.7,1016.14,14792.55,10.31,16.934,7500.0,0.071,PM2.5-1HR
950,ITA_IT0480A,2025-06-04,15.45,20.44,78.88,0.2,1.4,307.7,1016.14,11543.81,10.31,16.934,7500.0,0.344,PM2.5-1HR
950,ITA_IT1294A,2025-06-04,3.66,19.38,79.67,0.27,1.41,333.16,1016.43,1803.63,3.66,7.624,7500.0,0.667,PM2.5-1HR
950,ITA_IT1692A,2025-06-04,12.53,20.44,78.88,0.2,1.4,307.7,1016.14,11646.01,10.31,16.934,7500.0,0.866,PM2.5-1HR
950,ITA_IT0477A,2025-06-05,11.59,19.27,83.04,0.61,1.75,19.85,1015.52,14792.55,12.72,20.308,7500.0,0.071,PM2.5-1HR
950,ITA_IT0480A,2025-06-05,15.8,19.27,83.04,0.61,1.75,19.85,1015.52,11543.81,12.72,20.308,7500.0,0.344,PM2.5-1HR
950,ITA_IT1294A,2025-06-05,3.66,18.35,89.83,1.36,1.88,8.86,1015.68,1803.63,3.66,7.624,7500.0,0.667,PM2.5-1HR
950,ITA_IT1692A,2025-06-05,11.73,19.27,83.04,0.61,1.75,19.85,1015.52,11646.01,12.72,20.308,7500.0,0.866,PM2.5-1HR
950,ITA_IT0477A,2025-06-06,8.04,21.03,76.46,0.21,1.17,278.41,1016.78,14792.55,11.42,18.488,7500.0,0.071,PM2.5-1HR
950,ITA_IT1294A,2025-06-06,8.45,20.63,83.08,0.11,1.14,134.46,1016.86,1803.63,6.11,11.054,7500.0,0.667,PM2.5-1HR
950,ITA_IT1692A,2025-06-06,10.64,21.03,76.46,0.21,1.17,278.41,1016.78,11646.01,11.42,18.488,7500.0,0.866,PM2.5-1HR
950,ITA_IT0477A,2025-06-07,9.58,21.83,73.58,0.09,1.47,268.81,1014.5,14792.55,9.58,15.912,7500.0,0.071,PM2.5-1HR
950,ITA_IT1294A,2025-06-07,7.83,21.03,79.33,0.07,1.73,201.19,1014.55,1803.63,7.81,13.434,7500.0,0.667,PM2.5-1HR
950,ITA_IT1692A,2025-06-07,10.02,21.83,73.58,0.09,1.47,268.81,1014.5,11646.01,9.58,15.912,7500.0,0.866,PM2.5-1HR
950,ITA_IT0477A,2025-06-08,10.46,22.86,70.38,0.04,1.66,283.56,1012.53,14792.55,11.61,18.754,7500.0,0.071,PM2.5-1HR
950,ITA_IT1294A,2025-06-08,14.37,21.99,74.17,0.1,1.42,331.79,1012.72,1803.63,7.81,13.434,7500.0,0.667,PM2.5-1HR
950,ITA_IT1692A,2025-06-08,12.88,22.86,70.38,0.04,1.66,283.56,1012.53,11646.01,11.61,18.754,7500.0,0.866,PM2.5-1HR
950,ITA_IT0477A,2025-06-09,20.03,22.9,55.58,0,2.92,64.5,1017.94,14792.55,16.66,25.824,7500.0,0.071,PM2.5-1HR
950,ITA_IT1294A,2025-06-09,10.4,23.12,52.71,0.02,3.49,41.89,1018.05,1803.63,10.26,16.864,7500.0,0.667,PM2.5-1HR
950,ITA_IT1692A,2025-06-09,19.04,22.9,55.58,0,2.92,64.5,1017.94,11646.01,16.66,25.824,7500.0,0.866,PM2.5-1HR
950,ITA_IT1294A,2025-06-10,3.17,22.93,67.33,0,1.45,41.1,1018.85,1803.63,2.93,6.602,7500.0,0.667,PM2.5-1HR
950,ITA_IT1692A,2025-06-10,16.98,24.24,54.92,0,1.4,20.36,1018.68,11646.01,19.45,29.73,7500.0,0.866,PM2.5-1HR
950,ITA_IT1294A,2025-06-11,19.55,24.43,67.63,0,1.18,335.56,1014.8,1803.63,2.93,6.602,7500.0,0.667,PM2.5-1HR
950,ITA_IT1692A,2025-06-11,23.61,26.98,54,0,1.22,95.46,1014.63,11646.01,23.95,36.03,7500.0,0.866,PM2.5-1HR
950,ITA_IT0477A,2025-06-12,27.17,28.83,48.67,0,1.47,126.09,1016.21,14792.55,23.72,35.708,7500.0,0.071,PM2.5-1HR
950,ITA_IT1294A,2025-06-12,22.14,25.85,67.04,0,1.26,24,1016.43,1803.63,20.27,30.878,7500.0,0.667,PM2.5-1HR
950,ITA_IT1692A,2025-06-12,25.91,28.83,48.67,0,1.47,126.09,1016.21,11646.01,23.72,35.708,7500.0,0.866,PM2.5-1HR
950,ITA_IT0477A,2025-06-13,34.31,29.5,47.67,0.02,1.25,112.37,1018.93,14792.55,28.61,42.554,7500.0,0.071,PM2.5-1HR
950,ITA_IT1294A,2025-06-13,24.55,26.83,67.25,0.04,1.24,19.53,1019.07,1803.63,22.22,33.608,7500.0,0.667,PM2.5-1HR
950,ITA_IT1692A,2025-06-13,28.39,29.5,47.67,0.02,1.25,112.37,1018.93,11646.01,28.61,42.554,7500.0,0.866,PM2.5-1HR
950,ITA_IT0477A,2025-06-14,30.56,28.82,54.83,0.04,1.45,356.87,1019.29,14792.55,21.01,31.914,7500.0,0.071,PM2.5-1HR
950,ITA_IT1294A,2025-06-14,28.18,26.45,72.96,0.19,1.67,321.67,1019.46,1803.63,24.66,37.024,7500.0,0.667,PM2.5-1HR
950,ITA_IT1692A,2025-06-14,21.53,28.82,54.83,0.04,1.45,356.87,1019.29,11646.01,21.01,31.914,7500.0,0.866,PM2.5-1HR
950,ITA_IT0477A,2025-06-15,14.96,28.18,54.33,0.23,1.41,285.7,1017.22,14792.55,11.88,19.132,7500.0,0.071,PM2.5-1HR
950,ITA_IT1294A,2025-06-15,9.89,26.23,67.5,0.03,1.46,292.38,1017.32,1803.63,9.28,15.492,7500.0,0.667,PM2.5-1HR
950,ITA_IT1692A,2025-06-15,12.98,28.18,54.33,0.23,1.41,285.7,1017.22,11646.01,11.88,19.132,7500.0,0.866,PM2.5-1HR
950,ITA_IT0477A,2025-06-16,16.91,26.74,54.63,0.15,2.2,87.63,1016.66,14792.55,10.62,17.368,7500.0,0.071,PM2.5-1HR
950,ITA_IT1294A,2025-06-16,10.15,26.54,49.71,0,3.14,50.72,1016.59,1803.63,9.77,16.178,7500.0,0.667,PM2.5-1HR
950,ITA_IT1692A,2025-06-16,10.96,26.74,54.63,0.15,2.2,87.63,1016.66,11646.01,10.62,17.368,7500.0,0.866,PM2.5-1HR
950,ITA_IT0477A,2025-06-17,12.63,24.74,52.92,0.01,1.38,138.4,1020.69,14792.55,8.02,13.728,7500.0,0.071,PM2.5-1HR
950,ITA_IT1294A,2025-06-17,2.92,23.77,58,0,1.67,134.6,1020.76,1803.63,2.69,6.266,7500.0,0.667,PM2.5-1HR
950,ITA_IT1692A,2025-06-17,8.67,24.74,52.92,0.01,1.38,138.4,1020.69,11646.01,8.02,13.728,7500.0,0.866,PM2.5-1HR
950,ITA_IT0477A,2025-06-18,12.54,26.73,45.88,0,1.24,120.99,1020.44,14792.55,10.38,17.032,7500.0,0.071,PM2.5-1HR
950,ITA_IT1294A,2025-06-18,10.4,25.23,53.54,0,1.36,259.92,1020.49,1803.63,2.69,6.266,7500.0,0.667,PM2.5-1HR
950,ITA_IT1692A,2025-06-18,11.38,26.73,45.88,0,1.24,120.99,1020.44,11646.01,10.38,17.032,7500.0,0.866,PM2.5-1HR
950,ITA_IT0477A,2025-06-19,17.78,28.74,46.25,0,1.09,165.07,1018.29,14792.55,12.61,20.154,7500.0,0.071,PM2.5-1HR
950,ITA_IT1294A,2025-06-19,13.56,26.46,56.83,0,1.05,277.78,1018.47,1803.63,10.74,17.536,7500.0,0.667,PM2.5-1HR
950,ITA_IT1692A,2025-06-19,14.18,28.74,46.25,0,1.09,165.07,1018.29,11646.01,12.61,20.154,7500.0,0.866,PM2.5-1HR
950,ITA_IT0477A,2025-06-20,20.78,29.42,44.96,0,1.5,117.17,1017.54,14792.55,15.39,24.046,7500.0,0.071,PM2.5-1HR
950,ITA_IT1294A,2025-06-20,17.42,27.52,58.08,0.01,1.23,64.43,1017.59,1803.63,13.68,21.652,7500.0,0.667,PM2.5-1HR
950,ITA_IT1692A,2025-06-20,18.13,29.42,44.96,0,1.5,117.17,1017.54,11646.01,15.39,24.046,7500.0,0.866,PM2.5-1HR
950,ITA_IT0477A,2025-06-21,17.52,25.72,61.08,0.45,1.87,82.68,1019.7,14792.55,12.98,20.672,7500.0,0.071,PM2.5-1HR
950,ITA_IT1294A,2025-06-21,10.02,24.51,70.04,0.63,2.45,24.69,1019.82,1803.63,9.77,16.178,7500.0,0.667,PM2.5-1HR
950,ITA_IT1692A,2025-06-21,12.69,25.72,61.08,0.45,1.87,82.68,1019.7,11646.01,12.98,20.672,7500.0,0.866,PM2.5-1HR
950,ITA_IT0477A,2025-06-22,8.92,24.83,68.83,0.01,0.95,220.62,1019.98,14792.55,7.45,12.93,7500.0,0.071,PM2.5-1HR
950,ITA_IT1294A,2025-06-22,4.82,23.78,73.88,0,1.01,265.77,1020.13,1803.63,4.66,9.024,7500.0,0.667,PM2.5-1HR
950,ITA_IT1692A,2025-06-22,7.56,24.83,68.83,0.01,0.95,220.62,1019.98,11646.01,7.45,12.93,7500.0,0.866,PM2.5-1HR
950,ITA_IT0477A,2025-06-23,11.12,27,57.25,0,1.88,258,1016,14792.55,9.14,15.296,7500.0,0.071,PM2.5-1HR
950,ITA_IT1294A,2025-06-23,7.68,25.44,66.88,0,1.58,243.08,1016.18,1803.63,4.66,9.024,7500.0,0.667,PM2.5-1HR
950,ITA_IT1692A,2025-06-23,11.04,27,57.25,0,1.88,258,1016,11646.01,9.14,15.296,7500.0,0.866,PM2.5-1HR
950,ITA_IT0477A,2025-06-24,12.32,27.7,58.92,0,2.24,241.99,1013.84,14792.55,9.99,16.486,7500.0,0.071,PM2.5-1HR
950,ITA_IT1294A,2025-06-24,8.55,26,70.58,0,1.45,222.38,1014.03,1803.63,8.55,14.47,7500.0,0.667,PM2.5-1HR
950,ITA_IT0477A,2025-06-25,13.93,29.23,55.5,0,1.79,249.34,1014.58,14792.55,12.27,19.678,7500.0,0.071,PM2.5-1HR
950,ITA_IT1016A,2025-06-25,15.7,28.95,57.54,0,1.87,249.5,1014.57,13806.17,12.27,19.678,7500.0,0.579,PM2.5-1HR
950,ITA_IT1294A,2025-06-25,10.5,27.11,67.92,0,1.25,215.44,1014.8,1803.63,8.55,14.47,7500.0,0.667,PM2.5-1HR
950,ITA_IT1692A,2025-06-25,12.6,29.23,55.5,0,1.79,249.34,1014.58,11646.01,12.27,19.678,7500.0,0.866,PM2.5-1HR
950,ITA_IT0477A,2025-06-26,12.28,27.84,53.71,0.18,1.98,260.13,1014.73,14792.55,10.59,17.326,7500.0,0.071,PM2.5-1HR
950,ITA_IT1016A,2025-06-26,16.47,27.33,56.58,0.56,2.14,268.07,1014.73,13806.17,10.59,17.326,7500.0,0.579,PM2.5-1HR
950,ITA_IT1294A,2025-06-26,10.36,25.38,67.46,0.43,1.81,311.75,1015,1803.63,10.26,16.864,7500.0,0.667,PM2.5-1HR
950,ITA_IT1692A,2025-06-26,10.66,27.84,53.71,0.18,1.98,260.13,1014.73,11646.01,10.59,17.326,7500.0,0.866,PM2.5-1HR
950,ITA_IT0477A,2025-06-27,8.07,28.37,49.63,0,1.94,126.21,1018.15,14792.55,7.52,13.028,7500.0,0.071,PM2.5-1HR
950,ITA_IT1016A,2025-06-27,10.6,27.48,57.71,0,2.05,108.32,1018.16,13806.17,7.52,13.028,7500.0,0.579,PM2.5-1HR
950,ITA_IT1294A,2025-06-27,12.13,27.24,55.92,0,2.01,289.66,1018.19,1803.63,10.26,16.864,7500.0,0.667,PM2.5-1HR
950,ITA_IT1692A,2025-06-27,8.66,28.37,49.63,0,1.94,126.21,1018.15,11646.01,7.52,13.028,7500.0,0.866,PM2.5-1HR
950,ITA_IT0477A,2025-06-28,12.9,31.13,38.17,0,1.35,113.76,1020,14792.55,8.99,15.086,7500.0,0.071,PM2.5-1HR
950,ITA_IT1016A,2025-06-28,15.1,30.43,46.29,0,1.44,102.13,1019.99,13806.17,8.99,15.086,7500.0,0.579,PM2.5-1HR
950,ITA_IT1294A,2025-06-28,10.55,28.78,54.63,0,1.32,274.58,1020.05,1803.63,10.5,17.2,7500.0,0.667,PM2.5-1HR
950,ITA_IT1692A,2025-06-28,10.9,31.13,38.17,0,1.35,113.76,1020,11646.01,8.99,15.086,7500.0,0.866,PM2.5-1HR
950,ITA_IT0477A,2025-06-29,13.83,31.31,42.58,0,2.01,108.45,1019.46,14792.55,11.22,18.208,7500.0,0.071,PM2.5-1HR
950,ITA_IT1016A,2025-06-29,16.16,30.98,45.5,0,2.27,101.09,1019.4,13806.17,11.22,18.208,7500.0,0.579,PM2.5-1HR
950,ITA_IT1294A,2025-06-29,6.25,29.64,52.58,0,1.64,102.57,1019.42,1803.63,6.11,11.054,7500.0,0.667,PM2.5-1HR
950,ITA_IT1692A,2025-06-29,11.38,31.31,42.58,0,2.01,108.45,1019.46,11646.01,11.22,18.208,7500.0,0.866,PM2.5-1HR
950,ITA_IT1294A,2025-06-30,12.92,29.53,53.83,0,1.8,339.7,1016.7,1803.63,6.11,11.054,7500.0,0.667,PM2.5-1HR
950,ITA_IT0477A,2025-06-30,13.34,32.03,39.92,0,1.4,129.28,1016.52,14792.55,9.78,16.192,7500.0,0.071,PM2.5-1HR
950,ITA_IT1016A,2025-06-30,14.84,31.72,42.71,0,1.77,114.8,1016.48,13806.17,9.78,16.192,7500.0,0.579,PM2.5-1HR
950,ITA_IT1692A,2025-06-30,9.66,32.03,39.92,0,1.4,129.28,1016.52,11646.01,9.78,16.192,7500.0,0.866,PM2.5-1HR
950,ITA_IT1016A,2025-07-01,15.28,30.17,49.75,0.04,1.32,123.03,1015.59,13806.17,10.11,16.654,7500.0,0.579,PM2.5-1HR
950,ITA_IT0477A,2025-07-01,11.7,30.21,47.54,0.03,1.33,137.03,1015.63,14792.55,10.11,16.654,7500.0,0.071,PM2.5-1HR
950,ITA_IT1294A,2025-07-01,8.93,28.03,61.38,0.01,1.38,328.58,1015.73,1803.63,8.79,14.806,7500.0,0.667,PM2.5-1HR
950,ITA_IT1692A,2025-07-01,10.56,30.21,47.54,0.03,1.33,137.03,1015.63,11646.01,10.11,16.654,7500.0,0.866,PM2.5-1HR
950,ITA_IT1016A,2025-07-02,14.91,28.65,53.42,0.04,0.96,200.03,1016.58,13806.17,9.26,15.464,7500.0,0.579,PM2.5-1HR
950,ITA_IT0477A,2025-07-02,8.97,28.6,53,0.01,0.86,169.97,1016.58,14792.55,9.26,15.464,7500.0,0.071,PM2.5-1HR
950,ITA_IT1294A,2025-07-02,8.79,26.79,64.92,0,1.13,284.76,1016.79,1803.63,8.79,14.806,7500.0,0.667,PM2.5-1HR
950,ITA_IT1692A,2025-07-02,8.95,28.6,53,0.01,0.86,169.97,1016.58,11646.01,9.26,15.464,7500.0,0.866,PM2.5-1HR
950,ITA_IT1016A,2025-07-03,18.93,29.38,57.42,0,1.52,247.08,1017.25,13806.17,9.53,15.842,7500.0,0.579,PM2.5-1HR
950,ITA_IT0477A,2025-07-03,12.27,29.64,53.75,0,1.26,250.38,1017.25,14792.55,9.53,15.842,7500.0,0.071,PM2.5-1HR
950,ITA_IT1294A,2025-07-03,8.79,27.5,66.67,0.01,1.38,262.22,1017.46,1803.63,8.79,14.806,7500.0,0.667,PM2.5-1HR
950,ITA_IT1692A,2025-07-03,10.63,29.64,53.75,0,1.26,250.38,1017.25,11646.01,9.53,15.842,7500.0,0.866,PM2.5-1HR
950,ITA_IT1016A,2025-07-04,19.39,31.1,49.88,0,1.17,270.35,1017.3,13806.17,12.51,20.014,7500.0,0.579,PM2.5-1HR
950,ITA_IT0477A,2025-07-04,13.75,31.09,47,0,1.25,278.5,1017.35,14792.55,12.51,20.014,7500.0,0.071,PM2.5-1HR
950,ITA_IT1294A,2025-07-04,8.56,28.41,64.79,0,1.12,305.46,1017.6,1803.63,8.55,14.47,7500.0,0.667,PM2.5-1HR
950,ITA_IT1692A,2025-07-04,12.04,31.09,47,0,1.25,278.5,1017.35,11646.01,12.51,20.014,7500.0,0.866,PM2.5-1HR
950,ITA_IT1016A,2025-07-05,14.75,25.84,69.96,0.62,1.95,80.25,1016.76,13806.17,8.65,14.61,7500.0,0.579,PM2.5-1HR
950,ITA_IT0477A,2025-07-05,9.43,25.69,69,0.55,1.65,92.66,1016.85,14792.55,8.65,14.61,7500.0,0.071,PM2.5-1HR
950,ITA_IT1294A,2025-07-05,7.13,24.72,74.17,0.41,2.12,20.91,1016.98,1803.63,7.08,12.412,7500.0,0.667,PM2.5-1HR
950,ITA_IT1692A,2025-07-05,9.2,25.69,69,0.55,1.65,92.66,1016.85,11646.01,8.65,14.61,7500.0,0.866,PM2.5-1HR
950,ITA_IT0477A,2025-07-06,13.22,22.99,83.13,0.72,1.3,107.33,1010.7,14792.55,9.2,15.38,7500.0,0.071,PM2.5-1HR
950,ITA_IT1016A,2025-07-06,11.99,23.13,83.54,0.95,1.33,97.88,1010.67,13806.17,9.2,15.38,7500.0,0.579,PM2.5-1HR
950,ITA_IT1294A,2025-07-06,5.9,22.54,83.71,0.71,1.5,34.41,1010.73,1803.63,5.86,10.704,7500.0,0.667,PM2.5-1HR
950,ITA_IT1692A,2025-07-06,9.29,22.99,83.13,0.72,1.3,107.33,1010.7,11646.01,9.2,15.38,7500.0,0.866,PM2.5-1HR
950,ITA_IT0477A,2025-07-07,7.81,21.55,81.33,0.49,1.56,259.66,1003.51,14792.55,7.22,12.608,7500.0,0.071,PM2.5-1HR
950,ITA_IT1016A,2025-07-07,12.09,22,80.25,0.2,1.57,251.4,1003.46,13806.17,7.22,12.608,7500.0,0.579,PM2.5-1HR
950,ITA_IT1294A,2025-07-07,5.86,21.53,80.17,0.33,1.81,250.61,1003.61,1803.63,5.86,10.704,7500.0,0.667,PM2.5-1HR
950,ITA_IT1692A,2025-07-07,7.95,21.55,81.33,0.49,1.56,259.66,1003.51,11646.01,7.22,12.608,7500.0,0.866,PM2.5-1HR
950,ITA_IT0477A,2025-07-08,2.95,20.36,59.5,0,3.46,294.32,1006.39,14792.55,3.7,7.68,7500.0,0.071,PM2.5-1HR
950,ITA_IT1016A,2025-07-08,7.55,20.67,59.38,0,3.51,295.05,1006.45,13806.17,3.7,7.68,7500.0,0.579,PM2.5-1HR
950,ITA_IT1294A,2025-07-08,1.9,20.12,58.96,0.02,3.53,320.28,1006.97,1803.63,0.73,3.522,7500.0,0.667,PM2.5-1HR
950,ITA_IT1692A,2025-07-08,3.35,20.36,59.5,0,3.46,294.32,1006.39,11646.01,3.7,7.68,7500.0,0.866,PM2.5-1HR
950,ITA_IT0477A,2025-07-09,3.58,20.4,50.5,0,1.64,339.97,1015.5,14792.55,3.64,7.596,7500.0,0.071,PM2.5-1HR
950,ITA_IT1016A,2025-07-09,7.5,20.47,54.71,0,1.54,32.75,1015.54,13806.17,3.64,7.596,7500.0,0.579,PM2.5-1HR
950,ITA_IT1294A,2025-07-09,2.42,20.73,45.13,0,2.69,325.53,1015.65,1803.63,1.95,5.23,7500.0,0.667,PM2.5-1HR
950,ITA_IT1692A,2025-07-09,6.27,20.4,50.5,0,1.64,339.97,1015.5,11646.01,3.64,7.596,7500.0,0.866,PM2.5-1HR
950,ITA_IT0477A,2025-07-10,7.97,22.33,57.54,0,1.3,114.71,1016.7,14792.55,6,10.9,7500.0,0.071,PM2.5-1HR
950,ITA_IT1016A,2025-07-10,12.1,22.23,59.88,0,1.35,87.26,1016.7,13806.17,6,10.9,7500.0,0.579,PM2.5-1HR
950,ITA_IT1294A,2025-07-10,11.8,21.91,56.29,0,1.41,100.97,1016.75,1803.63,2.44,5.916,7500.0,0.667,PM2.5-1HR
950,ITA_IT1692A,2025-07-10,8.6,22.33,57.54,0,1.3,114.71,1016.7,11646.01,6,10.9,7500.0,0.866,PM2.5-1HR
950,ITA_IT0477A,2025-07-11,9.57,24.56,47.71,0,1.46,139.27,1014.02,14792.55,8.25,14.05,7500.0,0.071,PM2.5-1HR
950,ITA_IT1016A,2025-07-11,14.03,23.97,54.13,0,1.54,134.35,1014.04,13806.17,8.25,14.05,7500.0,0.579,PM2.5-1HR
950,ITA_IT1294A,2025-07-11,11.98,23.41,52.46,0,1.57,154.61,1014.13,1803.63,11.97,19.258,7500.0,0.667,PM2.5-1HR
950,ITA_IT1692A,2025-07-11,10.04,24.56,47.71,0,1.46,139.27,1014.02,11646.01,8.25,14.05,7500.0,0.866,PM2.5-1HR
950,ITA_IT0477A,2025-07-12,8.05,23.76,57.04,0.01,1.91,116.03,1013.2,14792.55,8.16,13.924,7500.0,0.071,PM2.5-1HR
950,ITA_IT1016A,2025-07-12,11.68,23.66,59.42,0,1.94,121.95,1013.19,13806.17,8.16,13.924,7500.0,0.579,PM2.5-1HR
950,ITA_IT1294A,2025-07-12,9.84,23.37,59.75,0.05,1.98,124.8,1013.25,1803.63,9.77,16.178,7500.0,0.667,PM2.5-1HR
950,ITA_IT1692A,2025-07-12,8.65,23.76,57.04,0.01,1.91,116.03,1013.2,11646.01,8.16,13.924,7500.0,0.866,PM2.5-1HR
950,ITA_IT0477A,2025-07-13,9.57,23.23,65.58,0.21,1.31,165.52,1014.73,14792.55,8.39,14.246,7500.0,0.071,PM2.5-1HR
950,ITA_IT1016A,2025-07-13,11.02,23.08,67.92,0.15,1.38,67.9,1014.71,13806.17,8.39,14.246,7500.0,0.579,PM2.5-1HR
950,ITA_IT1294A,2025-07-13,5.75,22.62,72.13,0.12,1.27,151.54,1014.84,1803.63,5.62,10.368,7500.0,0.667,PM2.5-1HR
950,ITA_IT1692A,2025-07-13,8.7,23.23,65.58,0.21,1.31,165.52,1014.73,11646.01,8.39,14.246,7500.0,0.866,PM2.5-1HR
950,ITA_IT0477A,2025-07-14,8.25,25.47,62.42,0,1.68,244.71,1016.81,14792.55,7.82,13.448,7500.0,0.071,PM2.5-1HR
950,ITA_IT1016A,2025-07-14,13.11,24.95,67.13,0,1.68,261.27,1016.82,13806.17,7.82,13.448,7500.0,0.579,PM2.5-1HR
950,ITA_IT1294A,2025-07-14,3.02,24.81,68.75,0,1.43,215.71,1016.92,1803.63,2.93,6.602,7500.0,0.667,PM2.5-1HR
950,ITA_IT1692A,2025-07-14,9.85,25.47,62.42,0,1.68,244.71,1016.81,11646.01,7.82,13.448,7500.0,0.866,PM2.5-1HR
950,ITA_IT0477A,2025-07-15,9.93,27.88,55.33,0,1.06,235.11,1015.31,14792.55,9.83,16.262,7500.0,0.071,PM2.5-1HR
950,ITA_IT1016A,2025-07-15,16.84,27.1,62.38,0,1.22,229.37,1015.32,13806.17,9.83,16.262,7500.0,0.579,PM2.5-1HR
950,ITA_IT1294A,2025-07-15,2.93,26.18,66.08,0,1.28,211.19,1015.47,1803.63,2.93,6.602,7500.0,0.667,PM2.5-1HR
950,ITA_IT1692A,2025-07-15,12.68,27.88,55.33,0,1.06,235.11,1015.31,11646.01,9.83,16.262,7500.0,0.866,PM2.5-1HR
950,ITA_IT0477A,2025-07-16,13.28,27.43,57.25,0,1.53,141.66,1011.72,14792.55,12.09,19.426,7500.0,0.071,PM2.5-1HR
950,ITA_IT1016A,2025-07-16,20.45,27.15,59.58,0,1.88,129.04,1011.67,13806.17,12.09,19.426,7500.0,0.579,PM2.5-1HR
950,ITA_IT1294A,2025-07-16,7.72,26.78,58.96,0.02,1.64,217.06,1011.67,1803.63,0,2.5,7500.0,0.667,PM2.5-1HR
950,ITA_IT1692A,2025-07-16,14.24,27.43,57.25,0,1.53,141.66,1011.72,11646.01,12.09,19.426,7500.0,0.866,PM2.5-1HR
950,ITA_IT0477A,2025-07-17,10.45,26.78,57.5,0,1.74,117.03,1010.61,14792.55,10.17,16.738,7500.0,0.071,PM2.5-1HR
950,ITA_IT1016A,2025-07-17,15.86,27.02,55.88,0,2.14,96.43,1010.56,13806.17,10.17,16.738,7500.0,0.579,PM2.5-1HR
950,ITA_IT1294A,2025-07-17,8.06,27.04,54.67,0,2.06,68.86,1010.42,1803.63,8.06,13.784,7500.0,0.667,PM2.5-1HR
950,ITA_IT1692A,2025-07-17,9.56,26.78,57.5,0,1.74,117.03,1010.61,11646.01,10.17,16.738,7500.0,0.866,PM2.5-1HR
950,ITA_IT0477A,2025-07-18,6.37,27.25,44.33,0,2.27,121.34,1012.31,14792.55,7.11,12.454,7500.0,0.071,PM2.5-1HR
950,ITA_IT1016A,2025-07-18,9.8,27.21,46.25,0,2.48,107.99,1012.27,13806.17,7.11,12.454,7500.0,0.579,PM2.5-1HR
950,ITA_IT1294A,2025-07-18,8.79,26.53,49.5,0,1.77,71.27,1012.37,1803.63,8.79,14.806,7500.0,0.667,PM2.5-1HR
950,ITA_IT1692A,2025-07-18,7.85,27.25,44.33,0,2.27,121.34,1012.31,11646.01,7.11,12.454,7500.0,0.866,PM2.5-1HR
950,ITA_IT0477A,2025-07-19,11.78,26.42,55.92,0.03,1.32,138.53,1011.53,14792.55,7.59,13.126,7500.0,0.071,PM2.5-1HR
950,ITA_IT1016A,2025-07-19,13.53,26.17,59.29,0.01,1.39,16.14,1011.49,13806.17,7.59,13.126,7500.0,0.579,PM2.5-1HR
950,ITA_IT1294A,2025-07-19,6.82,24.8,67.63,0.27,1.35,1.45,1011.67,1803.63,6.75,11.95,7500.0,0.667,PM2.5-1HR
950,ITA_IT1692A,2025-07-19,10.58,26.42,55.92,0.03,1.32,138.53,1011.53,11646.01,7.59,13.126,7500.0,0.866,PM2.5-1HR
950,ITA_IT0477A,2025-07-20,14.45,25.57,63.71,0.03,1.56,258.5,1008.65,14792.55,10.94,17.816,7500.0,0.071,PM2.5-1HR
950,ITA_IT1016A,2025-07-20,17.24,25.57,65.67,0.01,1.46,336.29,1008.62,13806.17,10.94,17.816,7500.0,0.579,PM2.5-1HR
950,ITA_IT1294A,2025-07-20,11.27,23.88,76.75,0.1,1.72,339.81,1008.88,1803.63,6.75,11.95,7500.0,0.667,PM2.5-1HR
950,ITA_IT1692A,2025-07-20,13.47,25.57,63.71,0.03,1.56,258.5,1008.65,11646.01,10.94,17.816,7500.0,0.866,PM2.5-1HR
950,ITA_IT0477A,2025-07-21,6.62,23.65,74.79,1.22,1.56,3.5,1006.28,14792.55,5.54,10.256,7500.0,0.071,PM2.5-1HR
950,ITA_IT1016A,2025-07-21,8.01,23.92,75.46,1.26,1.62,340.36,1006.2,13806.17,5.54,10.256,7500.0,0.579,PM2.5-1HR
950,ITA_IT1294A,2025-07-21,3.2,22.77,78.71,1.09,1.91,343.38,1006.43,1803.63,2.93,6.602,7500.0,0.667,PM2.5-1HR
950,ITA_IT1692A,2025-07-21,7.89,23.65,74.79,1.22,1.56,3.5,1006.28,11646.01,5.54,10.256,7500.0,0.866,PM2.5-1HR
950,ITA_IT0477A,2025-07-22,7.18,24.79,70.08,0,0.79,198.8,1009.28,14792.55,6.24,11.236,7500.0,0.071,PM2.5-1HR
950,ITA_IT1016A,2025-07-22,12.49,24.9,69.79,0,1.01,244.1,1009.26,13806.17,6.24,11.236,7500.0,0.579,PM2.5-1HR
950,ITA_IT1294A,2025-07-22,4.8,24.28,66.67,0,1.04,328.13,1009.31,1803.63,2.93,6.602,7500.0,0.667,PM2.5-1HR
950,ITA_IT0477A,2025-07-23,9.88,24.07,73.71,0.15,1.09,335.91,1011.28,14792.55,7.37,12.818,7500.0,0.071,PM2.5-1HR
950,ITA_IT1016A,2025-07-23,9.89,24.33,72.25,0.21,1.35,350.67,1011.22,13806.17,7.37,12.818,7500.0,0.579,PM2.5-1HR
950,ITA_IT1294A,2025-07-23,4.66,23.25,77.29,0.48,1.05,314.54,1011.39,1803.63,4.65,9.01,7500.0,0.667,PM2.5-1HR
950,ITA_IT1016A,2025-07-24,11.91,21.42,83.04,0.84,1.35,344.32,1010.75,13806.17,6.41,11.474,7500.0,0.579,PM2.5-1HR
950,ITA_IT0477A,2025-07-24,8.08,21.12,82.46,1.49,1.23,2.82,1010.78,14792.55,6.41,11.474,7500.0,0.071,PM2.5-1HR
950,ITA_IT1294A,2025-07-24,0.15,20.92,85.75,0.4,1.48,36.94,1010.86,1803.63,0,2.5,7500.0,0.667,PM2.5-1HR
950,ITA_IT1692A,2025-07-24,5.7,21.12,82.46,1.49,1.23,2.82,1010.78,11646.01,6.41,11.474,7500.0,0.866,PM2.5-1HR
950,ITA_IT0477A,2025-07-25,6.4,20.72,77.13,0.22,1.79,29.5,1012.67,14792.55,6.53,11.642,7500.0,0.071,PM2.5-1HR
950,ITA_IT1692A,2025-07-25,8.67,20.72,77.13,0.22,1.79,29.5,1012.67,11646.01,6.53,11.642,7500.0,0.866,PM2.5-1HR
950,ITA_IT0477A,2025-07-26,15.12,19.94,84.42,0.38,1.11,290.34,1011.25,14792.55,7.41,12.874,7500.0,0.071,PM2.5-1HR
950,ITA_IT1016A,2025-07-26,11.1,20.18,85.96,0.43,1.21,289.22,1011.25,13806.17,7.41,12.874,7500.0,0.579,PM2.5-1HR
950,ITA_IT1294A,2025-07-26,10.99,19.83,86.92,0.57,1.23,299.71,1011.38,1803.63,10.99,17.886,7500.0,0.667,PM2.5-1HR
950,ITA_IT1692A,2025-07-26,11.2,19.94,84.42,0.38,1.11,290.34,1011.25,11646.01,7.41,12.874,7500.0,0.866,PM2.5-1HR
950,ITA_IT0477A,2025-07-27,5.8,23.4,65.21,0,2.04,289.32,1008.45,14792.55,5.46,10.144,7500.0,0.071,PM2.5-1HR
950,ITA_IT1016A,2025-07-27,8.39,23.43,67.42,0,2.34,281.69,1008.5,13806.17,5.46,10.144,7500.0,0.579,PM2.5-1HR
950,ITA_IT1294A,2025-07-27,6.02,23.23,68.63,0,2.39,297.75,1008.8,1803.63,5.86,10.704,7500.0,0.667,PM2.5-1HR
950,ITA_IT1692A,2025-07-27,7.33,23.4,65.21,0,2.04,289.32,1008.45,11646.01,5.46,10.144,7500.0,0.866,PM2.5-1HR
950,ITA_IT0477A,2025-07-28,6.03,21.41,67.33,0.11,1.52,355.46,1007.39,14792.55,5.73,10.522,7500.0,0.071,PM2.5-1HR
950,ITA_IT1016A,2025-07-28,10.6,21.31,72,0.14,1.76,18.44,1007.41,13806.17,5.73,10.522,7500.0,0.579,PM2.5-1HR
950,ITA_IT1294A,2025-07-28,5.15,21.82,59.29,0.02,3.2,355.59,1007.55,1803.63,5.13,9.682,7500.0,0.667,PM2.5-1HR
950,ITA_IT1692A,2025-07-28,7.68,21.41,67.33,0.11,1.52,355.46,1007.39,11646.01,5.73,10.522,7500.0,0.866,PM2.5-1HR
950,ITA_IT0477A,2025-07-29,7.96,22.32,50.46,0,2.32,49.83,1012.43,14792.55,5.66,10.424,7500.0,0.071,PM2.5-1HR
950,ITA_IT1016A,2025-07-29,9.64,22.16,54.13,0,2.46,43.08,1012.42,13806.17,5.66,10.424,7500.0,0.579,PM2.5-1HR
950,ITA_IT1294A,2025-07-29,7.7,22.82,47.13,0,3.61,42.54,1012.59,1803.63,5.13,9.682,7500.0,0.667,PM2.5-1HR
950,ITA_IT1692A,2025-07-29,6.73,22.32,50.46,0,2.32,49.83,1012.43,11646.01,5.66,10.424,7500.0,0.866,PM2.5-1HR
950,ITA_IT0477A,2025-07-30,4.43,22.52,62.63,0.01,1.42,77.77,1015.5,14792.55,4.65,9.01,7500.0,0.071,PM2.5-1HR
950,ITA_IT1016A,2025-07-30,7.28,22.18,67.5,0,1.84,89.08,1015.48,13806.17,4.65,9.01,7500.0,0.579,PM2.5-1HR
950,ITA_IT1294A,2025-07-30,6.16,21.56,71.96,0.12,1.82,46.52,1015.63,1803.63,6.11,11.054,7500.0,0.667,PM2.5-1HR
950,ITA_IT1692A,2025-07-30,5.34,22.52,62.63,0.01,1.42,77.77,1015.5,11646.01,4.65,9.01,7500.0,0.866,PM2.5-1HR
950,ITA_IT0477A,2025-07-31,7.82,23.91,59.21,0,0.88,172.01,1015.11,14792.55,5.41,10.074,7500.0,0.071,PM2.5-1HR
950,ITA_IT1016A,2025-07-31,14.29,23.15,69.38,0,1.02,118.27,1015.11,13806.17,5.41,10.074,7500.0,0.579,PM2.5-1HR
950,ITA_IT1294A,2025-07-31,8.92,22.56,68.67,0,1.11,5.13,1015.22,1803.63,6.11,11.054,7500.0,0.667,PM2.5-1HR
950,ITA_IT1692A,2025-07-31,9.71,23.91,59.21,0,0.88,172.01,1015.11,11646.01,5.41,10.074,7500.0,0.866,PM2.5-1HR
950,ITA_IT0477A,2025-08-01,11.19,22.85,64.13,0.45,1.28,141.34,1012.86,14792.55,9.76,16.164,7500.0,0.071,PM2.5-1HR
950,ITA_IT1016A,2025-08-01,13.54,22.05,72.42,0.39,1.35,86.7,1012.87,13806.17,9.76,16.164,7500.0,0.579,PM2.5-1HR
950,ITA_IT1294A,2025-08-01,10.63,21.17,76.58,0.26,1.24,8.59,1012.93,1803.63,9.04,15.156,7500.0,0.667,PM2.5-1HR
950,ITA_IT1692A,2025-08-01,11.14,22.85,64.13,0.45,1.28,141.34,1012.86,11646.01,9.76,16.164,7500.0,0.866,PM2.5-1HR
950,ITA_IT0477A,2025-08-02,6.95,20,81.92,0.86,1.62,71.34,1010.18,14792.55,3.71,7.694,7500.0,0.071,PM2.5-1HR
950,ITA_IT0480A,2025-08-02,4.5,20,81.92,0.86,1.62,71.34,1010.18,11543.81,3.71,7.694,7500.0,0.344,PM2.5-1HR
950,ITA_IT1016A,2025-08-02,4.79,20.16,82.33,0.45,1.64,51.69,1010.15,13806.17,3.71,7.694,7500.0,0.579,PM2.5-1HR
950,ITA_IT1294A,2025-08-02,1.5,20.11,82.83,1.18,1.68,58.96,1010.24,1803.63,1.2,4.18,7500.0,0.667,PM2.5-1HR
950,ITA_IT1692A,2025-08-02,5.3,20,81.92,0.86,1.62,71.34,1010.18,11646.01,3.71,7.694,7500.0,0.866,PM2.5-1HR
950,ITA_IT0477A,2025-08-03,4.65,20.77,71.67,0,1.33,102.4,1014.24,14792.55,3.86,7.904,7500.0,0.071,PM2.5-1HR
950,ITA_IT0480A,2025-08-03,6.61,20.77,71.67,0,1.33,102.4,1014.24,11543.81,3.86,7.904,7500.0,0.344,PM2.5-1HR
950,ITA_IT1016A,2025-08-03,7.57,20.85,73,0,1.45,83.56,1014.25,13806.17,3.86,7.904,7500.0,0.579,PM2.5-1HR
950,ITA_IT1294A,2025-08-03,4.97,21.22,65.58,0,1.76,41.31,1014.2,1803.63,1.2,4.18,7500.0,0.667,PM2.5-1HR
950,ITA_IT1692A,2025-08-03,5.68,20.77,71.67,0,1.33,102.4,1014.24,11646.01,3.86,7.904,7500.0,0.866,PM2.5-1HR
950,ITA_IT0477A,2025-08-04,6.32,22.73,65.67,0,1,53.64,1018.37,14792.55,5.62,10.368,7500.0,0.071,PM2.5-1HR
950,ITA_IT0480A,2025-08-04,8.33,22.73,65.67,0,1,53.64,1018.37,11543.81,5.62,10.368,7500.0,0.344,PM2.5-1HR
950,ITA_IT1016A,2025-08-04,10.19,22.8,68.54,0,1.1,61.27,1018.32,13806.17,5.62,10.368,7500.0,0.579,PM2.5-1HR
950,ITA_IT1294A,2025-08-04,11.12,22.11,67.17,0,1.39,76.5,1018.43,1803.63,2.9,6.56,7500.0,0.667,PM2.5-1HR
950,ITA_IT1692A,2025-08-04,7.23,22.73,65.67,0,1,53.64,1018.37,11646.01,5.62,10.368,7500.0,0.866,PM2.5-1HR
950,ITA_IT0477A,2025-08-05,9.23,24.06,65.17,0,1.54,98.22,1018.2,14792.55,7.67,13.238,7500.0,0.071,PM2.5-1HR
950,ITA_IT0480A,2025-08-05,9.93,24.06,65.17,0,1.54,98.22,1018.2,11543.81,7.67,13.238,7500.0,0.344,PM2.5-1HR
950,ITA_IT1294A,2025-08-05,14.21,23.48,69.29,0,1.27,57.59,1018.18,1803.63,4.2,8.38,7500.0,0.667,PM2.5-1HR
950,ITA_IT1692A,2025-08-05,8.83,24.06,65.17,0,1.54,98.22,1018.2,11646.01,7.67,13.238,7500.0,0.866,PM2.5-1HR
950,ITA_IT0477A,2025-08-06,9.83,24.44,64.71,0.12,2.04,76.16,1018.82,14792.55,8.85,14.89,7500.0,0.071,PM2.5-1HR
950,ITA_IT0480A,2025-08-06,10.29,24.44,64.71,0.12,2.04,76.16,1018.82,11543.81,8.85,14.89,7500.0,0.344,PM2.5-1HR
950,ITA_IT1016A,2025-08-06,10.4,24.11,68.83,0.09,2.24,69.65,1018.73,13806.17,8.85,14.89,7500.0,0.579,PM2.5-1HR
950,ITA_IT1294A,2025-08-06,14.4,23.74,69.63,0.01,2.35,57.73,1018.79,1803.63,8.7,14.68,7500.0,0.667,PM2.5-1HR
950,ITA_IT1692A,2025-08-06,9.86,24.44,64.71,0.12,2.04,76.16,1018.82,11646.01,8.85,14.89,7500.0,0.866,PM2.5-1HR
950,ITA_IT0477A,2025-08-07,9.37,24.83,62.29,0.03,1.58,105.15,1019.79,14792.55,8.28,14.092,7500.0,0.071,PM2.5-1HR
950,ITA_IT0480A,2025-08-07,9.53,24.83,62.29,0.03,1.58,105.15,1019.79,11543.81,8.28,14.092,7500.0,0.344,PM2.5-1HR
950,ITA_IT1016A,2025-08-07,8.85,24.45,66.92,0.04,1.67,98.11,1019.78,13806.17,8.28,14.092,7500.0,0.579,PM2.5-1HR
950,ITA_IT1294A,2025-08-07,12.71,23.58,72.88,0.14,1.94,345.01,1020,1803.63,12.7,20.28,7500.0,0.667,PM2.5-1HR
950,ITA_IT1692A,2025-08-07,9.03,24.83,62.29,0.03,1.58,105.15,1019.79,11646.01,8.28,14.092,7500.0,0.866,PM2.5-1HR
950,ITA_IT0477A,2025-08-08,14.15,27.54,55.08,0,0.95,119.76,1019.44,14792.55,8.94,15.016,7500.0,0.071,PM2.5-1HR
950,ITA_IT0480A,2025-08-08,14.58,27.54,55.08,0,0.95,119.76,1019.44,11543.81,8.94,15.016,7500.0,0.344,PM2.5-1HR
950,ITA_IT1016A,2025-08-08,17.04,27.18,60.83,0,0.84,112.89,1019.4,13806.17,8.94,15.016,7500.0,0.579,PM2.5-1HR
950,ITA_IT1294A,2025-08-08,11.04,25.47,68.04,0,1.02,331.17,1019.59,1803.63,10.99,17.886,7500.0,0.667,PM2.5-1HR
950,ITA_IT1692A,2025-08-08,13.22,27.54,55.08,0,0.95,119.76,1019.44,11646.01,8.94,15.016,7500.0,0.866,PM2.5-1HR
950,ITA_IT0477A,2025-08-09,18.77,29.88,49.88,0,1.2,125.71,1019.08,14792.55,13.63,21.582,7500.0,0.071,PM2.5-1HR
950,ITA_IT0480A,2025-08-09,16.53,29.88,49.88,0,1.2,125.71,1019.08,11543.81,13.63,21.582,7500.0,0.344,PM2.5-1HR
950,ITA_IT1016A,2025-08-09,18.65,29.4,53.63,0,1.18,116.92,1019.08,13806.17,13.63,21.582,7500.0,0.579,PM2.5-1HR
950,ITA_IT1294A,2025-08-09,14.74,27.17,63.75,0,1.13,309.12,1019.28,1803.63,10.99,17.886,7500.0,0.667,PM2.5-1HR
950,ITA_IT1692A,2025-08-09,15.6,29.88,49.88,0,1.2,125.71,1019.08,11646.01,13.63,21.582,7500.0,0.866,PM2.5-1HR
950,ITA_IT0477A,2025-08-10,20.68,30.97,52.92,0,1.11,95.72,1018.38,14792.55,15.74,24.536,7500.0,0.071,PM2.5-1HR
950,ITA_IT0480A,2025-08-10,17.94,30.97,52.92,0,1.11,95.72,1018.38,11543.81,15.74,24.536,7500.0,0.344,PM2.5-1HR
950,ITA_IT1016A,2025-08-10,18.12,30.38,57.92,0,1.11,94.12,1018.34,13806.17,15.74,24.536,7500.0,0.579,PM2.5-1HR
950,ITA_IT1294A,2025-08-10,13.26,28.77,66.92,0,1.08,323.09,1018.49,1803.63,13.21,20.994,7500.0,0.667,PM2.5-1HR
950,ITA_IT1692A,2025-08-10,18.77,30.97,52.92,0,1.11,95.72,1018.38,11646.01,15.74,24.536,7500.0,0.866,PM2.5-1HR
950,ITA_IT0477A,2025-08-11,19.87,30.69,49.92,0,1.8,90.45,1017.6,14792.55,15.97,24.858,7500.0,0.071,PM2.5-1HR
950,ITA_IT0480A,2025-08-11,17.03,30.69,49.92,0,1.8,90.45,1017.6,11543.81,15.97,24.858,7500.0,0.344,PM2.5-1HR
950,ITA_IT1016A,2025-08-11,21.45,30.05,54.83,0,1.98,85.02,1017.53,13806.17,15.97,24.858,7500.0,0.579,PM2.5-1HR
950,ITA_IT1294A,2025-08-11,18.7,29.29,56.88,0,2.11,84.38,1017.61,1803.63,13.21,20.994,7500.0,0.667,PM2.5-1HR
950,ITA_IT1692A,2025-08-11,17.45,30.69,49.92,0,1.8,90.45,1017.6,11646.01,15.97,24.858,7500.0,0.866,PM2.5-1HR
950,ITA_IT0477A,2025-08-12,21.18,30.23,50.71,0,1.7,112.41,1016.56,14792.55,17.61,27.154,7500.0,0.071,PM2.5-1HR
950,ITA_IT0480A,2025-08-12,20.16,30.23,50.71,0,1.7,112.41,1016.56,11543.81,17.61,27.154,7500.0,0.344,PM2.5-1HR
950,ITA_IT1016A,2025-08-12,22.37,29.39,56.04,0,1.78,104.16,1016.53,13806.17,17.61,27.154,7500.0,0.579,PM2.5-1HR
950,ITA_IT1294A,2025-08-12,23.02,28.79,59,0,1.38,122.54,1016.58,1803.63,18.94,29.016,7500.0,0.667,PM2.5-1HR
950,ITA_IT1692A,2025-08-12,18.84,30.23,50.71,0,1.7,112.41,1016.56,11646.01,17.61,27.154,7500.0,0.866,PM2.5-1HR
950,ITA_IT0477A,2025-08-13,21.01,31.06,46.71,0,1.3,110.94,1015.93,14792.55,19.13,29.282,7500.0,0.071,PM2.5-1HR
950,ITA_IT0480A,2025-08-13,20.3,31.06,46.71,0,1.3,110.94,1015.93,11543.81,19.13,29.282,7500.0,0.344,PM2.5-1HR
950,ITA_IT1016A,2025-08-13,24.22,29.76,56.08,0,1.32,108.42,1015.9,13806.17,19.13,29.282,7500.0,0.579,PM2.5-1HR
950,ITA_IT1294A,2025-08-13,23.2,28.88,60.67,0,1.33,74.18,1016.04,1803.63,23.2,34.98,7500.0,0.667,PM2.5-1HR
950,ITA_IT1692A,2025-08-13,20.05,31.06,46.71,0,1.3,110.94,1015.93,11646.01,19.13,29.282,7500.0,0.866,PM2.5-1HR
950,ITA_IT0477A,2025-08-14,22.21,29.96,55.29,0.18,0.9,221.2,1016.05,14792.55,17.77,27.378,7500.0,0.071,PM2.5-1HR
950,ITA_IT0480A,2025-08-14,19.72,29.96,55.29,0.18,0.9,221.2,1016.05,11543.81,17.77,27.378,7500.0,0.344,PM2.5-1HR
950,ITA_IT1016A,2025-08-14,22.75,28.91,64.88,0.13,1.07,258.03,1016.03,13806.17,17.77,27.378,7500.0,0.579,PM2.5-1HR
950,ITA_IT1294A,2025-08-14,17.35,27.08,71.63,0.17,1.44,307.95,1016.28,1803.63,17.34,26.776,7500.0,0.667,PM2.5-1HR
950,ITA_IT1692A,2025-08-14,19.13,29.96,55.29,0.18,0.9,221.2,1016.05,11646.01,17.77,27.378,7500.0,0.866,PM2.5-1HR
950,ITA_IT0477A,2025-08-15,17.46,30.3,47.92,0,1.26,148.07,1017.07,14792.55,14.9,23.36,7500.0,0.071,PM2.5-1HR
950,ITA_IT0480A,2025-08-15,14.76,30.3,47.92,0,1.26,148.07,1017.07,11543.81,14.9,23.36,7500.0,0.344,PM2.5-1HR
950,ITA_IT1016A,2025-08-15,20.09,29.57,53.92,0,1.09,201.04,1017.05,13806.17,14.9,23.36,7500.0,0.579,PM2.5-1HR
950,ITA_IT1294A,2025-08-15,14.98,28.19,62.5,0,1.3,285.71,1017.17,1803.63,14.9,23.36,7500.0,0.667,PM2.5-1HR
950,ITA_IT1692A,2025-08-15,15.42,30.3,47.92,0,1.26,148.07,1017.07,11646.01,14.9,23.36,7500.0,0.866,PM2.5-1HR
950,ITA_IT0477A,2025-08-16,10,29.88,44.75,0,1.53,282.73,1014.75,14792.55,9.36,15.604,7500.0,0.071,PM2.5-1HR
950,ITA_IT0480A,2025-08-16,9.28,29.88,44.75,0,1.53,282.73,1014.75,11543.81,9.36,15.604,7500.0,0.344,PM2.5-1HR
950,ITA_IT1016A,2025-08-16,12.74,29.29,49.33,0,1.68,307.66,1014.75,13806.17,9.36,15.604,7500.0,0.579,PM2.5-1HR
950,ITA_IT1294A,2025-08-16,12.06,28.09,57.08,0,1.92,302.16,1014.89,1803.63,11.97,19.258,7500.0,0.667,PM2.5-1HR
950,ITA_IT1692A,2025-08-16,11.23,29.88,44.75,0,1.53,282.73,1014.75,11646.01,9.36,15.604,7500.0,0.866,PM2.5-1HR
950,ITA_IT0477A,2025-08-17,12.86,28.66,45.13,0,1.45,90.47,1011.74,14792.55,9.48,15.772,7500.0,0.071,PM2.5-1HR
950,ITA_IT0480A,2025-08-17,10.44,28.66,45.13,0,1.45,90.47,1011.74,11543.81,9.48,15.772,7500.0,0.344,PM2.5-1HR
950,ITA_IT1016A,2025-08-17,14.42,28.26,48.83,0,1.51,71.16,1011.72,13806.17,9.48,15.772,7500.0,0.579,PM2.5-1HR
950,ITA_IT1294A,2025-08-17,11.02,27.02,55.08,0,1.55,61.35,1011.82,1803.63,10.99,17.886,7500.0,0.667,PM2.5-1HR
950,ITA_IT1692A,2025-08-17,12.15,28.66,45.13,0,1.45,90.47,1011.74,11646.01,9.48,15.772,7500.0,0.866,PM2.5-1HR
950,ITA_IT0477A,2025-08-18,11.63,27.45,50.71,0,1.9,100.52,1013.87,14792.55,10.63,17.382,7500.0,0.071,PM2.5-1HR
950,ITA_IT0480A,2025-08-18,11.46,27.45,50.71,0,1.9,100.52,1013.87,11543.81,10.63,17.382,7500.0,0.344,PM2.5-1HR
950,ITA_IT1016A,2025-08-18,17.18,26.98,55.33,0,2.09,89.4,1013.8,13806.17,10.63,17.382,7500.0,0.579,PM2.5-1HR
950,ITA_IT1294A,2025-08-18,4.86,26.33,59.25,0,1.74,66.88,1013.83,1803.63,4.66,9.024,7500.0,0.667,PM2.5-1HR
950,ITA_IT1692A,2025-08-18,11.91,27.45,50.71,0,1.9,100.52,1013.87,11646.01,10.63,17.382,7500.0,0.866,PM2.5-1HR
950,ITA_IT0477A,2025-08-19,13.1,25.92,58.83,0.43,1.77,99.12,1013.4,14792.55,11.11,18.054,7500.0,0.071,PM2.5-1HR
950,ITA_IT0480A,2025-08-19,11.21,25.92,58.83,0.43,1.77,99.12,1013.4,11543.81,11.11,18.054,7500.0,0.344,PM2.5-1HR
950,ITA_IT1016A,2025-08-19,15.07,25.53,63.42,0.49,1.84,90.56,1013.36,13806.17,11.11,18.054,7500.0,0.579,PM2.5-1HR
950,ITA_IT1294A,2025-08-19,10.73,24.73,69.29,0.57,1.81,86.23,1013.5,1803.63,4.66,9.024,7500.0,0.667,PM2.5-1HR
950,ITA_IT1692A,2025-08-19,10.45,25.92,58.83,0.43,1.77,99.12,1013.4,11646.01,11.11,18.054,7500.0,0.866,PM2.5-1HR
950,ITA_IT0477A,2025-08-20,11.72,21.14,88.75,1.62,1.33,90.2,1009.53,14792.55,8.17,13.938,7500.0,0.071,PM2.5-1HR
950,ITA_IT0480A,2025-08-20,9.55,21.14,88.75,1.62,1.33,90.2,1009.53,11543.81,8.17,13.938,7500.0,0.344,PM2.5-1HR
950,ITA_IT1016A,2025-08-20,10.64,21.31,89.46,1.83,1.43,110.31,1009.5,13806.17,8.17,13.938,7500.0,0.579,PM2.5-1HR
950,ITA_IT1294A,2025-08-20,10.75,21.21,89.04,1.43,1.09,69.09,1009.54,1803.63,10.74,17.536,7500.0,0.667,PM2.5-1HR
950,ITA_IT1692A,2025-08-20,8.66,21.14,88.75,1.62,1.33,90.2,1009.53,11646.01,8.17,13.938,7500.0,0.866,PM2.5-1HR
950,ITA_IT0477A,2025-08-21,5.59,20.1,86.13,0.27,1.1,194.73,1006.07,14792.55,5.69,10.466,7500.0,0.071,PM2.5-1HR
950,ITA_IT0480A,2025-08-21,7.08,20.1,86.13,0.27,1.1,194.73,1006.07,11543.81,5.69,10.466,7500.0,0.344,PM2.5-1HR
950,ITA_IT1016A,2025-08-21,7.69,20.23,86.04,0.24,1.26,151.49,1006.1,13806.17,5.69,10.466,7500.0,0.579,PM2.5-1HR
950,ITA_IT1294A,2025-08-21,10.74,19.86,86.71,0.46,1.65,297.83,1006.19,1803.63,10.74,17.536,7500.0,0.667,PM2.5-1HR
950,ITA_IT1692A,2025-08-21,5.79,20.1,86.13,0.27,1.1,194.73,1006.07,11646.01,5.69,10.466,7500.0,0.866,PM2.5-1HR
950,ITA_IT0477A,2025-08-22,4.85,21.74,77.46,0.2,1.84,107.75,1009.48,14792.55,5.44,10.116,7500.0,0.071,PM2.5-1HR
950,ITA_IT0480A,2025-08-22,6.32,21.74,77.46,0.2,1.84,107.75,1009.48,11543.81,5.44,10.116,7500.0,0.344,PM2.5-1HR
950,ITA_IT1016A,2025-08-22,10.38,21.93,79.83,0.15,1.97,35.77,1009.46,13806.17,5.44,10.116,7500.0,0.579,PM2.5-1HR
950,ITA_IT1294A,2025-08-22,0.49,22.02,75.79,0.34,1.84,306.68,1009.48,1803.63,0.49,3.186,7500.0,0.667,PM2.5-1HR
950,ITA_IT1692A,2025-08-22,6.85,21.74,77.46,0.2,1.84,107.75,1009.48,11646.01,5.44,10.116,7500.0,0.866,PM2.5-1HR
950,ITA_IT0477A,2025-08-23,8.2,21.03,80,0.28,1.63,65.41,1012.8,14792.55,6.96,12.244,7500.0,0.071,PM2.5-1HR
950,ITA_IT0480A,2025-08-23,9.85,21.03,80,0.28,1.63,65.41,1012.8,11543.81,6.96,12.244,7500.0,0.344,PM2.5-1HR
950,ITA_IT1016A,2025-08-23,11.84,21.35,80.5,0.39,1.83,63.15,1012.72,13806.17,6.96,12.244,7500.0,0.579,PM2.5-1HR
950,ITA_IT1294A,2025-08-23,2.83,21.32,78.67,0.04,1.68,77.85,1012.79,1803.63,0.49,3.186,7500.0,0.667,PM2.5-1HR
950,ITA_IT1692A,2025-08-23,9.01,21.03,80,0.28,1.63,65.41,1012.8,11646.01,6.96,12.244,7500.0,0.866,PM2.5-1HR
950,ITA_IT0477A,2025-08-24,9.07,20.07,79.79,0.77,2.6,87.12,1016.33,14792.55,7.71,13.294,7500.0,0.071,PM2.5-1HR
950,ITA_IT0480A,2025-08-24,9.9,20.07,79.79,0.77,2.6,87.12,1016.33,11543.81,7.71,13.294,7500.0,0.344,PM2.5-1HR
950,ITA_IT1016A,2025-08-24,11.32,20.27,80.63,0.92,2.8,79.02,1016.26,13806.17,7.71,13.294,7500.0,0.579,PM2.5-1HR
950,ITA_IT1294A,2025-08-24,1.52,20.39,78.92,0.06,2.78,82.37,1016.26,1803.63,1.47,4.558,7500.0,0.667,PM2.5-1HR
950,ITA_IT1692A,2025-08-24,7.07,20.07,79.79,0.77,2.6,87.12,1016.33,11646.01,7.71,13.294,7500.0,0.866,PM2.5-1HR
950,ITA_IT0477A,2025-08-25,8.63,21.04,75.38,0,0.88,91.96,1017.59,14792.55,8.3,14.12,7500.0,0.071,PM2.5-1HR
950,ITA_IT0480A,2025-08-25,10.76,21.04,75.38,0,0.88,91.96,1017.59,11543.81,8.3,14.12,7500.0,0.344,PM2.5-1HR
950,ITA_IT1016A,2025-08-25,11.3,21.25,77,0.01,1.02,85.02,1017.6,13806.17,8.3,14.12,7500.0,0.579,PM2.5-1HR
950,ITA_IT1294A,2025-08-25,5.68,20.62,76.79,0,1.02,60.42,1017.7,1803.63,1.47,4.558,7500.0,0.667,PM2.5-1HR
950,ITA_IT1692A,2025-08-25,8.92,21.04,75.38,0,0.88,91.96,1017.59,11646.01,8.3,14.12,7500.0,0.866,PM2.5-1HR
950,ITA_IT0477A,2025-08-26,13.04,22.44,74.17,0,0.84,94.79,1015.18,14792.55,9.33,15.562,7500.0,0.071,PM2.5-1HR
950,ITA_IT0480A,2025-08-26,15.49,22.44,74.17,0,0.84,94.79,1015.18,11543.81,9.33,15.562,7500.0,0.344,PM2.5-1HR
950,ITA_IT1016A,2025-08-26,17.33,22.58,76.13,0,0.88,86.42,1015.14,13806.17,9.33,15.562,7500.0,0.579,PM2.5-1HR
950,ITA_IT1294A,2025-08-26,10.3,21.93,76.5,0,1.04,65.91,1015.22,1803.63,5.86,10.704,7500.0,0.667,PM2.5-1HR
950,ITA_IT1692A,2025-08-26,13.5,22.44,74.17,0,0.84,94.79,1015.18,11646.01,9.33,15.562,7500.0,0.866,PM2.5-1HR
950,ITA_IT0477A,2025-08-27,21.56,22.07,83.63,0.09,1.43,57.11,1014.58,14792.55,14.98,23.472,7500.0,0.071,PM2.5-1HR
950,ITA_IT0480A,2025-08-27,15.41,22.07,83.63,0.09,1.43,57.11,1014.58,11543.81,14.98,23.472,7500.0,0.344,PM2.5-1HR
950,ITA_IT1016A,2025-08-27,17.6,22.32,84.21,0.08,1.42,45.97,1014.5,13806.17,14.98,23.472,7500.0,0.579,PM2.5-1HR
950,ITA_IT1294A,2025-08-27,10.97,21.57,84.46,0.48,1.81,21.78,1014.73,1803.63,10.5,17.2,7500.0,0.667,PM2.5-1HR
950,ITA_IT1692A,2025-08-27,14.95,22.07,83.63,0.09,1.43,57.11,1014.58,11646.01,14.98,23.472,7500.0,0.866,PM2.5-1HR
950,ITA_IT0477A,2025-08-28,16.06,20.61,91.67,2.75,2.95,69.94,1008.81,14792.55,8.37,14.218,7500.0,0.071,PM2.5-1HR
950,ITA_IT0480A,2025-08-28,9.11,20.61,91.67,2.75,2.95,69.94,1008.81,11543.81,8.37,14.218,7500.0,0.344,PM2.5-1HR
950,ITA_IT1016A,2025-08-28,11.89,20.88,91.5,2.07,3.05,56.18,1008.72,13806.17,8.37,14.218,7500.0,0.579,PM2.5-1HR
950,ITA_IT1294A,2025-08-28,10.99,20.09,95.71,3.93,2.81,65.65,1008.81,1803.63,10.99,17.886,7500.0,0.667,PM2.5-1HR
950,ITA_IT1692A,2025-08-28,9.68,20.61,91.67,2.75,2.95,69.94,1008.81,11646.01,8.37,14.218,7500.0,0.866,PM2.5-1HR
950,ITA_IT0477A,2025-08-29,5.6,18.82,89.75,0.89,2.1,100.95,1005.64,14792.55,5.12,9.668,7500.0,0.071,PM2.5-1HR
950,ITA_IT0480A,2025-08-29,4.93,18.82,89.75,0.89,2.1,100.95,1005.64,11543.81,5.12,9.668,7500.0,0.344,PM2.5-1HR
950,ITA_IT1016A,2025-08-29,8.41,19.01,89.79,1.17,2.08,111.4,1005.62,13806.17,5.12,9.668,7500.0,0.579,PM2.5-1HR
950,ITA_IT1692A,2025-08-29,5.34,18.82,89.75,0.89,2.1,100.95,1005.64,11646.01,5.12,9.668,7500.0,0.866,PM2.5-1HR
950,ITA_IT0477A,2025-08-30,2.02,19.15,77.75,0.75,1.62,298.24,1007.85,14792.55,3.44,7.316,7500.0,0.071,PM2.5-1HR
950,ITA_IT0480A,2025-08-30,6.05,19.15,77.75,0.75,1.62,298.24,1007.85,11543.81,3.44,7.316,7500.0,0.344,PM2.5-1HR
950,ITA_IT1016A,2025-08-30,4.82,19.5,77.67,0.74,1.62,306.68,1007.88,13806.17,3.44,7.316,7500.0,0.579,PM2.5-1HR
950,ITA_IT1294A,2025-08-30,2.44,19.38,75.71,0.2,1.96,287.75,1007.93,1803.63,2.44,5.916,7500.0,0.667,PM2.5-1HR
950,ITA_IT1692A,2025-08-30,3.55,19.15,77.75,0.75,1.62,298.24,1007.85,11646.01,3.44,7.316,7500.0,0.866,PM2.5-1HR
950,ITA_IT0477A,2025-08-31,3.96,20.59,75.17,0,0.94,248.8,1012.6,14792.55,4.01,8.114,7500.0,0.071,PM2.5-1HR
950,ITA_IT0480A,2025-08-31,5.91,20.59,75.17,0,0.94,248.8,1012.6,11543.81,4.01,8.114,7500.0,0.344,PM2.5-1HR
950,ITA_IT1016A,2025-08-31,6.81,20.75,75.71,0,0.89,270.26,1012.6,13806.17,4.01,8.114,7500.0,0.579,PM2.5-1HR
950,ITA_IT1294A,2025-08-31,4.62,20.33,73.29,0,1.27,301.1,1012.65,1803.63,2.44,5.916,7500.0,0.667,PM2.5-1HR
950,ITA_IT1692A,2025-08-31,6.18,20.59,75.17,0,0.94,248.8,1012.6,11646.01,4.01,8.114,7500.0,0.866,PM2.5-1HR
950,ITA_IT0477A,2025-09-01,10.05,19.9,80.5,0.62,1.17,331.14,1012.12,14792.55,5.28,9.892,7500.0,0.071,PM2.5-1HR
950,ITA_IT0480A,2025-09-01,9.16,19.9,80.5,0.62,1.17,331.14,1012.12,11543.81,5.28,9.892,7500.0,0.344,PM2.5-1HR
950,ITA_IT1016A,2025-09-01,11.88,20.22,80.58,0.53,1.4,345.48,1012.08,13806.17,5.28,9.892,7500.0,0.579,PM2.5-1HR
950,ITA_IT1294A,2025-09-01,4.41,19.49,84.33,0.6,1.35,345.79,1012.26,1803.63,4.4,8.66,7500.0,0.667,PM2.5-1HR
950,ITA_IT1692A,2025-09-01,9.65,19.9,80.5,0.62,1.17,331.14,1012.12,11646.01,5.28,9.892,7500.0,0.866,PM2.5-1HR
950,ITA_IT0477A,2025-09-02,5.28,19.28,83.08,0.42,1.06,34.6,1010.57,14792.55,5.71,10.494,7500.0,0.071,PM2.5-1HR
950,ITA_IT0480A,2025-09-02,7.27,19.28,83.08,0.42,1.06,34.6,1010.57,11543.81,5.71,10.494,7500.0,0.344,PM2.5-1HR
950,ITA_IT1016A,2025-09-02,8.42,19.6,83.58,0.48,1.18,36.76,1010.56,13806.17,5.71,10.494,7500.0,0.579,PM2.5-1HR
950,ITA_IT1294A,2025-09-02,2.74,19.43,82.08,0.75,1.24,42.7,1010.65,1803.63,2.69,6.266,7500.0,0.667,PM2.5-1HR
950,ITA_IT1692A,2025-09-02,6.32,19.28,83.08,0.42,1.06,34.6,1010.57,11646.01,5.71,10.494,7500.0,0.866,PM2.5-1HR
950,ITA_IT0477A,2025-09-03,9.23,20.48,77.88,0,0.73,293.38,1014.7,14792.55,6.21,11.194,7500.0,0.071,PM2.5-1HR
950,ITA_IT0480A,2025-09-03,10.17,20.48,77.88,0,0.73,293.38,1014.7,11543.81,6.21,11.194,7500.0,0.344,PM2.5-1HR
950,ITA_IT1016A,2025-09-03,13,20.78,78.17,0,0.63,299.15,1014.69,13806.17,6.21,11.194,7500.0,0.579,PM2.5-1HR
950,ITA_IT1294A,2025-09-03,4.63,20.22,77.29,0,0.8,314.33,1014.79,1803.63,2.69,6.266,7500.0,0.667,PM2.5-1HR
950,ITA_IT1692A,2025-09-03,8.6,20.48,77.88,0,0.73,293.38,1014.7,11646.01,6.21,11.194,7500.0,0.866,PM2.5-1HR
950,ITA_IT0477A,2025-09-04,10.23,21.31,76.58,0.11,0.64,293.65,1015.49,14792.55,8.63,14.582,7500.0,0.071,PM2.5-1HR
950,ITA_IT0480A,2025-09-04,12.31,21.31,76.58,0.11,0.64,293.65,1015.49,11543.81,8.63,14.582,7500.0,0.344,PM2.5-1HR
950,ITA_IT1016A,2025-09-04,16.17,21.66,77.46,0.21,0.87,304.84,1015.48,13806.17,8.63,14.582,7500.0,0.579,PM2.5-1HR
950,ITA_IT1294A,2025-09-04,4.87,21.1,76.42,0,1.11,349.15,1015.57,1803.63,4.71,9.094,7500.0,0.667,PM2.5-1HR
950,ITA_IT1692A,2025-09-04,10.81,21.31,76.58,0.11,0.64,293.65,1015.49,11646.01,8.63,14.582,7500.0,0.866,PM2.5-1HR
950,ITA_IT0477A,2025-09-05,9.28,20.64,74.75,0.2,1.45,327.41,1016.13,14792.55,8.76,14.764,7500.0,0.071,PM2.5-1HR
950,ITA_IT1016A,2025-09-05,10.98,20.81,77.21,0.08,1.35,324.33,1016.13,13806.17,8.76,14.764,7500.0,0.579,PM2.5-1HR
950,ITA_IT1294A,2025-09-05,1.58,21.15,64.79,0.01,1.96,5.92,1016.25,1803.63,1.47,4.558,7500.0,0.667,PM2.5-1HR
950,ITA_IT0480A,2025-09-06,9.4,19.95,67.04,0,0.94,68.61,1020.36,11543.81,7.02,12.328,7500.0,0.344,PM2.5-1HR
950,ITA_IT0477A,2025-09-06,5.47,19.95,67.04,0,0.94,68.61,1020.36,14792.55,7.02,12.328,7500.0,0.071,PM2.5-1HR
950,ITA_IT1016A,2025-09-06,10.8,20.24,68.88,0,0.96,65.1,1020.33,13806.17,7.02,12.328,7500.0,0.579,PM2.5-1HR
950,ITA_IT1294A,2025-09-06,5.92,20.14,59,0,1.79,350.24,1020.41,1803.63,1.47,4.558,7500.0,0.667,PM2.5-1HR
950,ITA_IT1692A,2025-09-06,6.4,19.95,67.04,0,0.94,68.61,1020.36,11646.01,7.02,12.328,7500.0,0.866,PM2.5-1HR
950,ITA_IT0477A,2025-09-07,8.51,20.64,74.13,0,0.72,287.03,1019.33,14792.55,8.04,13.756,7500.0,0.071,PM2.5-1HR
950,ITA_IT0480A,2025-09-07,12.08,20.64,74.13,0,0.72,287.03,1019.33,11543.81,8.04,13.756,7500.0,0.344,PM2.5-1HR
950,ITA_IT1016A,2025-09-07,12.53,21.02,73.04,0,0.66,31.92,1019.31,13806.17,8.04,13.756,7500.0,0.579,PM2.5-1HR
950,ITA_IT1294A,2025-09-07,10.32,20.23,71.58,0,1,339.7,1019.41,1803.63,6.11,11.054,7500.0,0.667,PM2.5-1HR
950,ITA_IT1692A,2025-09-07,8.99,20.64,74.13,0,0.72,287.03,1019.33,11646.01,8.04,13.756,7500.0,0.866,PM2.5-1HR
950,ITA_IT0477A,2025-09-08,16.79,19.94,79.54,0,0.62,10.35,1015.54,14792.55,10.96,17.844,7500.0,0.071,PM2.5-1HR
950,ITA_IT0480A,2025-09-08,16.89,19.94,79.54,0,0.62,10.35,1015.54,11543.81,10.96,17.844,7500.0,0.344,PM2.5-1HR
950,ITA_IT1016A,2025-09-08,17.67,20.17,79.63,0,0.59,29.14,1015.51,13806.17,10.96,17.844,7500.0,0.579,PM2.5-1HR
950,ITA_IT1294A,2025-09-08,14.94,19.58,79.92,0,0.98,7.29,1015.53,1803.63,10.5,17.2,7500.0,0.667,PM2.5-1HR
950,ITA_IT1692A,2025-09-08,14.65,19.94,79.54,0,0.62,10.35,1015.54,11646.01,10.96,17.844,7500.0,0.866,PM2.5-1HR
950,ITA_IT0477A,2025-09-09,30.44,20.38,84.33,0.36,0.95,49.68,1012.68,14792.55,17.3,26.72,7500.0,0.071,PM2.5-1HR
950,ITA_IT0480A,2025-09-09,22.47,20.38,84.33,0.36,0.95,49.68,1012.68,11543.81,17.3,26.72,7500.0,0.344,PM2.5-1HR
950,ITA_IT1016A,2025-09-09,28.15,20.75,84.13,0.28,0.97,46.28,1012.67,13806.17,17.3,26.72,7500.0,0.579,PM2.5-1HR
950,ITA_IT1294A,2025-09-09,16.55,20.31,81.96,0.48,1,47.05,1012.75,1803.63,15.14,23.696,7500.0,0.667,PM2.5-1HR
950,ITA_IT1692A,2025-09-09,20.17,20.38,84.33,0.36,0.95,49.68,1012.68,11646.01,17.3,26.72,7500.0,0.866,PM2.5-1HR
950,ITA_IT0477A,2025-09-10,14.69,19.2,89.58,1.28,1.56,133.14,1008.8,14792.55,6.14,11.096,7500.0,0.071,PM2.5-1HR
950,ITA_IT0480A,2025-09-10,6.05,19.2,89.58,1.28,1.56,133.14,1008.8,11543.81,6.14,11.096,7500.0,0.344,PM2.5-1HR
950,ITA_IT1016A,2025-09-10,11.18,19.46,89.38,1.87,1.61,135.99,1008.77,13806.17,6.14,11.096,7500.0,0.579,PM2.5-1HR
950,ITA_IT1294A,2025-09-10,3.14,19.18,89.96,1.22,1.7,108.57,1008.8,1803.63,2.69,6.266,7500.0,0.667,PM2.5-1HR
950,ITA_IT1692A,2025-09-10,6.95,19.2,89.58,1.28,1.56,133.14,1008.8,11646.01,6.14,11.096,7500.0,0.866,PM2.5-1HR
950,ITA_IT0477A,2025-09-11,9.06,19.87,84,0.05,0.71,259.43,1011.13,14792.55,6.42,11.488,7500.0,0.071,PM2.5-1HR
950,ITA_IT0480A,2025-09-11,10,19.87,84,0.05,0.71,259.43,1011.13,11543.81,6.42,11.488,7500.0,0.344,PM2.5-1HR
950,ITA_IT1016A,2025-09-11,12.13,20.22,83.79,0.08,1,263.51,1011.13,13806.17,6.42,11.488,7500.0,0.579,PM2.5-1HR
950,ITA_IT1294A,2025-09-11,1.27,19.41,84.21,0.1,0.8,250.65,1011.21,1803.63,1.22,4.208,7500.0,0.667,PM2.5-1HR
950,ITA_IT1692A,2025-09-11,8.51,19.87,84,0.05,0.71,259.43,1011.13,11646.01,6.42,11.488,7500.0,0.866,PM2.5-1HR
950,ITA_IT0477A,2025-09-12,7.09,20.08,79.58,0.17,1.43,22.95,1016.56,14792.55,7.87,13.518,7500.0,0.071,PM2.5-1HR
950,ITA_IT0480A,2025-09-12,9.04,20.08,79.58,0.17,1.43,22.95,1016.56,11543.81,7.87,13.518,7500.0,0.344,PM2.5-1HR
950,ITA_IT1016A,2025-09-12,12.1,20.47,79.75,0.33,1.37,19.46,1016.51,13806.17,7.87,13.518,7500.0,0.579,PM2.5-1HR
950,ITA_IT1294A,2025-09-12,1.92,19.76,82.38,0.37,1.55,47.72,1016.67,1803.63,1.22,4.208,7500.0,0.667,PM2.5-1HR
950,ITA_IT1692A,2025-09-12,6.86,20.08,79.58,0.17,1.43,22.95,1016.56,11646.01,7.87,13.518,7500.0,0.866,PM2.5-1HR
950,ITA_IT0477A,2025-09-13,10.31,18.88,84.54,0.36,1.56,357.03,1018.85,14792.55,8.1,13.84,7500.0,0.071,PM2.5-1HR
950,ITA_IT0480A,2025-09-13,10.44,18.88,84.54,0.36,1.56,357.03,1018.85,11543.81,8.1,13.84,7500.0,0.344,PM2.5-1HR
950,ITA_IT1294A,2025-09-13,3.83,18.88,83.58,0.1,1.53,8.45,1018.94,1803.63,1.95,5.23,7500.0,0.667,PM2.5-1HR
950,ITA_IT1692A,2025-09-13,8.33,18.88,84.54,0.36,1.56,357.03,1018.85,11646.01,8.1,13.84,7500.0,0.866,PM2.5-1HR
950,ITA_IT0477A,2025-09-14,9.38,19.7,81.63,0.05,1.23,290.59,1016.79,14792.55,7.58,13.112,7500.0,0.071,PM2.5-1HR
950,ITA_IT0480A,2025-09-14,10.98,19.7,81.63,0.05,1.23,290.59,1016.79,11543.81,7.58,13.112,7500.0,0.344,PM2.5-1HR
950,ITA_IT1294A,2025-09-14,0.6,19.57,81.13,0.01,1.15,267.49,1016.9,1803.63,0.49,3.186,7500.0,0.667,PM2.5-1HR
950,ITA_IT1692A,2025-09-14,7.72,19.7,81.63,0.05,1.23,290.59,1016.79,11646.01,7.58,13.112,7500.0,0.866,PM2.5-1HR
950,ITA_IT0477A,2025-09-15,10.82,20.72,80.67,0,0.75,268.15,1019.18,14792.55,7.78,13.392,7500.0,0.071,PM2.5-1HR
950,ITA_IT0480A,2025-09-15,10.52,20.72,80.67,0,0.75,268.15,1019.18,11543.81,7.78,13.392,7500.0,0.344,PM2.5-1HR
950,ITA_IT1294A,2025-09-15,5.41,20.78,76.25,0,0.64,138.42,1019.2,1803.63,0.49,3.186,7500.0,0.667,PM2.5-1HR
950,ITA_IT1692A,2025-09-15,7.6,20.72,80.67,0,0.75,268.15,1019.18,11646.01,7.78,13.392,7500.0,0.866,PM2.5-1HR
950,ITA_IT0477A,2025-09-16,8.95,21.68,78.58,0,1.15,283.3,1016.62,14792.55,8.65,14.61,7500.0,0.071,PM2.5-1HR
950,ITA_IT0480A,2025-09-16,10.69,21.68,78.58,0,1.15,283.3,1016.62,11543.81,8.65,14.61,7500.0,0.344,PM2.5-1HR
950,ITA_IT1016A,2025-09-16,11,21.98,79.04,0,1.37,285.45,1016.6,13806.17,8.65,14.61,7500.0,0.579,PM2.5-1HR
950,ITA_IT1294A,2025-09-16,6.78,21.59,77.25,0,0.92,286.58,1016.73,1803.63,5.62,10.368,7500.0,0.667,PM2.5-1HR
950,ITA_IT1692A,2025-09-16,7.7,21.68,78.58,0,1.15,283.3,1016.62,11646.01,8.65,14.61,7500.0,0.866,PM2.5-1HR
950,ITA_IT0477A,2025-09-17,7.87,20.48,75.42,0,1.68,86.44,1020.28,14792.55,8.12,13.868,7500.0,0.071,PM2.5-1HR
950,ITA_IT0480A,2025-09-17,11.08,20.48,75.42,0,1.68,86.44,1020.28,11543.81,8.12,13.868,7500.0,0.344,PM2.5-1HR
950,ITA_IT1016A,2025-09-17,12.44,20.75,75.04,0,2.03,93.97,1020.18,13806.17,8.12,13.868,7500.0,0.579,PM2.5-1HR
950,ITA_IT1294A,2025-09-17,5.18,20.26,72.04,0,1.77,61.68,1020.21,1803.63,5.13,9.682,7500.0,0.667,PM2.5-1HR
950,ITA_IT1692A,2025-09-17,7.22,20.48,75.42,0,1.68,86.44,1020.28,11646.01,8.12,13.868,7500.0,0.866,PM2.5-1HR
950,ITA_IT0477A,2025-09-18,12,21.04,75.92,0,0.93,82.78,1025,14792.55,9.56,15.884,7500.0,0.071,PM2.5-1HR
950,ITA_IT0480A,2025-09-18,15.41,21.04,75.92,0,0.93,82.78,1025,11543.81,9.56,15.884,7500.0,0.344,PM2.5-1HR
950,ITA_IT1016A,2025-09-18,15.95,21.18,76.42,0,1.12,68.46,1024.95,13806.17,9.56,15.884,7500.0,0.579,PM2.5-1HR
950,ITA_IT1294A,2025-09-18,10.05,20.6,74.71,0,0.99,44.51,1025.02,1803.63,5.13,9.682,7500.0,0.667,PM2.5-1HR
950,ITA_IT1692A,2025-09-18,11.42,21.04,75.92,0,0.93,82.78,1025,11646.01,9.56,15.884,7500.0,0.866,PM2.5-1HR
950,ITA_IT0477A,2025-09-19,22.66,21.77,75.46,0,0.46,15.89,1026.66,14792.55,13.39,21.246,7500.0,0.071,PM2.5-1HR
950,ITA_IT0480A,2025-09-19,24.03,21.77,75.46,0,0.46,15.89,1026.66,11543.81,13.39,21.246,7500.0,0.344,PM2.5-1HR
950,ITA_IT1016A,2025-09-19,27.5,21.93,78.08,0,0.6,24.84,1026.62,13806.17,13.39,21.246,7500.0,0.579,PM2.5-1HR
950,ITA_IT1294A,2025-09-19,19.61,21.32,79.83,0,0.74,350.78,1026.67,1803.63,10.26,16.864,7500.0,0.667,PM2.5-1HR
950,ITA_IT1692A,2025-09-19,17.93,21.77,75.46,0,0.46,15.89,1026.66,11646.01,13.39,21.246,7500.0,0.866,PM2.5-1HR
950,ITA_IT0477A,2025-09-20,31.06,22.7,75.33,0,0.68,14.36,1023.45,14792.55,20.03,30.542,7500.0,0.071,PM2.5-1HR
950,ITA_IT0480A,2025-09-20,26.79,22.7,75.33,0,0.68,14.36,1023.45,11543.81,20.03,30.542,7500.0,0.344,PM2.5-1HR
950,ITA_IT1016A,2025-09-20,32.78,22.8,78,0,0.73,356.72,1023.4,13806.17,20.03,30.542,7500.0,0.579,PM2.5-1HR
950,ITA_IT1294A,2025-09-20,15.54,22.37,79.42,0,0.75,350.79,1023.48,1803.63,15.38,24.032,7500.0,0.667,PM2.5-1HR
950,ITA_IT1692A,2025-09-20,23.27,22.7,75.33,0,0.68,14.36,1023.45,11646.01,20.03,30.542,7500.0,0.866,PM2.5-1HR
950,ITA_IT0477A,2025-09-21,22.39,22.3,74.04,0.04,2.2,76.85,1016.82,14792.55,12.73,20.322,7500.0,0.071,PM2.5-1HR
950,ITA_IT0480A,2025-09-21,14.12,22.3,74.04,0.04,2.2,76.85,1016.82,11543.81,12.73,20.322,7500.0,0.344,PM2.5-1HR
950,ITA_IT1016A,2025-09-21,19.26,22.37,76.83,0.17,2.13,72.14,1016.73,13806.17,12.73,20.322,7500.0,0.579,PM2.5-1HR
950,ITA_IT1294A,2025-09-21,14.44,21.78,78.25,0.01,2.01,51.6,1016.86,1803.63,14.41,22.674,7500.0,0.667,PM2.5-1HR
950,ITA_IT1692A,2025-09-21,13.63,22.3,74.04,0.04,2.2,76.85,1016.82,11646.01,12.73,20.322,7500.0,0.866,PM2.5-1HR
950,ITA_IT0477A,2025-09-22,16.45,19.08,89.79,1.93,3.5,90.31,1011.2,14792.55,8.83,14.862,7500.0,0.071,PM2.5-1HR
950,ITA_IT0480A,2025-09-22,7.89,19.08,89.79,1.93,3.5,90.31,1011.2,11543.81,8.83,14.862,7500.0,0.344,PM2.5-1HR
950,ITA_IT1016A,2025-09-22,12.22,19.55,89.08,1.93,3.61,84.77,1011.09,13806.17,8.83,14.862,7500.0,0.579,PM2.5-1HR
950,ITA_IT1294A,2025-09-22,1.64,18.72,90.88,2.42,3.35,48.35,1011.11,1803.63,1.22,4.208,7500.0,0.667,PM2.5-1HR
950,ITA_IT1692A,2025-09-22,9.43,19.08,89.79,1.93,3.5,90.31,1011.2,11646.01,8.83,14.862,7500.0,0.866,PM2.5-1HR
950,ITA_IT0477A,2025-09-23,14.58,17.08,84.88,1.65,1.88,54.39,1013.7,14792.55,8.58,14.512,7500.0,0.071,PM2.5-1HR
950,ITA_IT0480A,2025-09-23,7.12,17.08,84.88,1.65,1.88,54.39,1013.7,11543.81,8.58,14.512,7500.0,0.344,PM2.5-1HR
950,ITA_IT1016A,2025-09-23,13.05,17.35,84.92,2.5,2.1,45.06,1013.66,13806.17,8.58,14.512,7500.0,0.579,PM2.5-1HR
950,ITA_IT1294A,2025-09-23,10.34,17.29,82.63,0.79,2.59,39.65,1013.65,1803.63,1.22,4.208,7500.0,0.667,PM2.5-1HR
950,ITA_IT1692A,2025-09-23,9.4,17.08,84.88,1.65,1.88,54.39,1013.7,11646.01,8.58,14.512,7500.0,0.866,PM2.5-1HR
950,ITA_IT0477A,2025-09-24,7.64,15.05,83.08,0.49,1.18,339.17,1013.88,14792.55,5.43,10.102,7500.0,0.071,PM2.5-1HR
950,ITA_IT0480A,2025-09-24,2.07,15.05,83.08,0.49,1.18,339.17,1013.88,11543.81,5.43,10.102,7500.0,0.344,PM2.5-1HR
950,ITA_IT1016A,2025-09-24,10.78,15.27,83.92,0.5,1.44,344.97,1013.89,13806.17,5.43,10.102,7500.0,0.579,PM2.5-1HR
950,ITA_IT1294A,2025-09-24,4.13,14.4,85.96,0.34,1.66,22.46,1014.09,1803.63,3.91,7.974,7500.0,0.667,PM2.5-1HR
950,ITA_IT1692A,2025-09-24,5.53,15.05,83.08,0.49,1.18,339.17,1013.88,11646.01,5.43,10.102,7500.0,0.866,PM2.5-1HR
950,ITA_IT0477A,2025-09-25,7.8,13.97,82.71,0.01,0.78,248.43,1016.33,14792.55,5.01,9.514,7500.0,0.071,PM2.5-1HR
950,ITA_IT1016A,2025-09-25,9.93,14.15,83.29,0.07,0.84,334.32,1016.4,13806.17,5.01,9.514,7500.0,0.579,PM2.5-1HR
950,ITA_IT1294A,2025-09-25,3.91,13.82,81.75,0,1,16.33,1016.42,1803.63,3.91,7.974,7500.0,0.667,PM2.5-1HR
950,ITA_IT1692A,2025-09-25,6.45,13.97,82.71,0.01,0.78,248.43,1016.33,11646.01,5.01,9.514,7500.0,0.866,PM2.5-1HR
950,ITA_IT0477A,2025-09-26,9.79,13.2,88,0.41,2.2,60.39,1019.28,14792.55,7.57,13.098,7500.0,0.071,PM2.5-1HR
950,ITA_IT1016A,2025-09-26,10.28,13.56,88,0.47,2.22,53.19,1019.25,13806.17,7.57,13.098,7500.0,0.579,PM2.5-1HR
950,ITA_IT1294A,2025-09-26,2.44,13.09,90.67,0.95,2.1,37.75,1019.42,1803.63,2.44,5.916,7500.0,0.667,PM2.5-1HR
950,ITA_IT1692A,2025-09-26,6.6,13.2,88,0.41,2.2,60.39,1019.28,11646.01,7.57,13.098,7500.0,0.866,PM2.5-1HR
950,ITA_IT0477A,2025-09-27,5.36,13.8,85.79,0.64,1.99,59.96,1019.97,14792.55,5.49,10.186,7500.0,0.071,PM2.5-1HR
950,ITA_IT0480A,2025-09-27,5.4,13.8,85.79,0.64,1.99,59.96,1019.97,11543.81,5.49,10.186,7500.0,0.344,PM2.5-1HR
950,ITA_IT1016A,2025-09-27,8.46,14,85.5,0.94,2.19,45.71,1019.97,13806.17,5.49,10.186,7500.0,0.579,PM2.5-1HR
950,ITA_IT1692A,2025-09-27,6.12,13.8,85.79,0.64,1.99,59.96,1019.97,11646.01,5.49,10.186,7500.0,0.866,PM2.5-1HR
950,ITA_IT0477A,2025-09-28,6.51,14.53,78.46,0,1.1,267.08,1018.9,14792.55,5.35,9.99,7500.0,0.071,PM2.5-1HR
950,ITA_IT0480A,2025-09-28,4.63,14.53,78.46,0,1.1,267.08,1018.9,11543.81,5.35,9.99,7500.0,0.344,PM2.5-1HR
950,ITA_IT1016A,2025-09-28,7.04,14.77,79.63,0,1.24,261.75,1018.98,13806.17,5.35,9.99,7500.0,0.579,PM2.5-1HR
950,ITA_IT1294A,2025-09-28,3.17,14.57,71.29,0,1.2,293.18,1019.05,1803.63,3.17,6.938,7500.0,0.667,PM2.5-1HR
950,ITA_IT1692A,2025-09-28,6.48,14.53,78.46,0,1.1,267.08,1018.9,11646.01,5.35,9.99,7500.0,0.866,PM2.5-1HR
950,ITA_IT0477A,2025-09-29,11.4,15.74,74.54,0,0.63,334.11,1017.81,14792.55,5.77,10.578,7500.0,0.071,PM2.5-1HR
950,ITA_IT0480A,2025-09-29,7.28,15.74,74.54,0,0.63,334.11,1017.81,11543.81,5.77,10.578,7500.0,0.344,PM2.5-1HR
950,ITA_IT1294A,2025-09-29,3.64,15.53,74.75,0,1.02,323.21,1017.86,1803.63,3.17,6.938,7500.0,0.667,PM2.5-1HR
950,ITA_IT1692A,2025-09-29,8.8,15.74,74.54,0,0.63,334.11,1017.81,11646.01,5.77,10.578,7500.0,0.866,PM2.5-1HR
950,ITA_IT0477A,2025-09-30,19.59,15.71,80.29,0.01,1.28,66.07,1018.98,14792.55,9.28,15.492,7500.0,0.071,PM2.5-1HR
950,ITA_IT0480A,2025-09-30,14.11,15.71,80.29,0.01,1.28,66.07,1018.98,11543.81,9.28,15.492,7500.0,0.344,PM2.5-1HR
950,ITA_IT1294A,2025-09-30,8.82,15.63,78.75,0.05,1.6,55.11,1018.96,1803.63,3.66,7.624,7500.0,0.667,PM2.5-1HR
950,ITA_IT1692A,2025-09-30,15.51,15.71,80.29,0.01,1.28,66.07,1018.98,11646.01,9.28,15.492,7500.0,0.866,PM2.5-1HR
950,ITA_IT0477A,2025-10-01,10.97,15.15,78.71,0.08,1.96,92.87,1021.29,14792.55,6.03,10.942,7500.0,0.071,PM2.5-1HR
950,ITA_IT0480A,2025-10-01,6.17,15.15,78.71,0.08,1.96,92.87,1021.29,11543.81,6.03,10.942,7500.0,0.344,PM2.5-1HR
950,ITA_IT1294A,2025-10-01,6.71,15.74,75.38,0.01,2.13,89.88,1021.28,1803.63,6.63,11.782,7500.0,0.667,PM2.5-1HR
950,ITA_IT1692A,2025-10-01,6.99,15.15,78.71,0.08,1.96,92.87,1021.29,11646.01,6.03,10.942,7500.0,0.866,PM2.5-1HR
950,ITA_IT0477A,2025-10-02,9.42,14.02,67.04,0,0.87,72.75,1023.33,14792.55,4.62,8.968,7500.0,0.071,PM2.5-1HR
950,ITA_IT0480A,2025-10-02,7.63,14.02,67.04,0,0.87,72.75,1023.33,11543.81,4.62,8.968,7500.0,0.344,PM2.5-1HR
950,ITA_IT1016A,2025-10-02,0.3,14.39,66.83,0,1.31,77.68,1023.32,13806.17,4.62,8.968,7500.0,0.579,PM2.5-1HR
950,ITA_IT1294A,2025-10-02,4,14.44,65.92,0,1.38,91.75,1023.33,1803.63,3.91,7.974,7500.0,0.667,PM2.5-1HR
950,ITA_IT1692A,2025-10-02,7.95,14.02,67.04,0,0.87,72.75,1023.33,11646.01,4.62,8.968,7500.0,0.866,PM2.5-1HR
950,ITA_IT0477A,2025-10-03,16.54,12.76,73.5,0,0.89,81.01,1021.38,14792.55,7.92,13.588,7500.0,0.071,PM2.5-1HR
950,ITA_IT0480A,2025-10-03,16.98,12.76,73.5,0,0.89,81.01,1021.38,11543.81,7.92,13.588,7500.0,0.344,PM2.5-1HR
950,ITA_IT1294A,2025-10-03,11.15,12.67,73.04,0,1.32,75.23,1021.38,1803.63,3.91,7.974,7500.0,0.667,PM2.5-1HR
950,ITA_IT1692A,2025-10-03,15.65,12.76,73.5,0,0.89,81.01,1021.38,11646.01,7.92,13.588,7500.0,0.866,PM2.5-1HR
950,ITA_IT0477A,2025-10-04,35.91,13.01,82.92,0.04,0.58,357.7,1015.63,14792.55,20.54,31.256,7500.0,0.071,PM2.5-1HR
950,ITA_IT0480A,2025-10-04,27.08,13.01,82.92,0.04,0.58,357.7,1015.63,11543.81,20.54,31.256,7500.0,0.344,PM2.5-1HR
950,ITA_IT1016A,2025-10-04,26.9,13.43,82.08,0.02,0.65,31.35,1015.64,13806.17,20.54,31.256,7500.0,0.579,PM2.5-1HR
950,ITA_IT1294A,2025-10-04,22.01,13.25,79.96,0.01,1.03,44.2,1015.71,1803.63,11.48,18.572,7500.0,0.667,PM2.5-1HR
950,ITA_IT1692A,2025-10-04,22.71,13.01,82.92,0.04,0.58,357.7,1015.63,11646.01,20.54,31.256,7500.0,0.866,PM2.5-1HR
950,ITA_IT0477A,2025-10-05,12.68,14.63,68.04,0.07,2.86,336.11,1012.23,14792.55,5.56,10.284,7500.0,0.071,PM2.5-1HR
950,ITA_IT0480A,2025-10-05,6.98,14.63,68.04,0.07,2.86,336.11,1012.23,11543.81,5.56,10.284,7500.0,0.344,PM2.5-1HR
950,ITA_IT1016A,2025-10-05,7.44,14.9,68.54,0.05,3.03,340.02,1012.28,13806.17,5.56,10.284,7500.0,0.579,PM2.5-1HR
950,ITA_IT1294A,2025-10-05,1.89,15.06,63.17,0,3.21,8,1012.51,1803.63,1.21,4.194,7500.0,0.667,PM2.5-1HR
950,ITA_IT1692A,2025-10-05,6.93,14.63,68.04,0.07,2.86,336.11,1012.23,11646.01,5.56,10.284,7500.0,0.866,PM2.5-1HR
950,ITA_IT0477A,2025-10-06,6.94,14.31,60,0,2.48,306.99,1019.65,14792.55,5.62,10.368,7500.0,0.071,PM2.5-1HR
950,ITA_IT0480A,2025-10-06,18.76,14.31,60,0,2.48,306.99,1019.65,11543.81,5.62,10.368,7500.0,0.344,PM2.5-1HR
950,ITA_IT1016A,2025-10-06,8.72,14.34,63.46,0,2.5,295.85,1019.76,13806.17,5.62,10.368,7500.0,0.579,PM2.5-1HR
950,ITA_IT1294A,2025-10-06,4.03,14.15,59.25,0,2.47,317.29,1020.1,1803.63,1.21,4.194,7500.0,0.667,PM2.5-1HR
950,ITA_IT1692A,2025-10-06,7.45,14.31,60,0,2.48,306.99,1019.65,11646.01,5.62,10.368,7500.0,0.866,PM2.5-1HR
950,ITA_IT0477A,2025-10-07,18.89,15.04,69.5,0,0.87,37.49,1021,14792.55,11.8,19.02,7500.0,0.071,PM2.5-1HR
950,ITA_IT0480A,2025-10-07,19.4,15.04,69.5,0,0.87,37.49,1021,11543.81,11.8,19.02,7500.0,0.344,PM2.5-1HR
950,ITA_IT1016A,2025-10-07,20.2,14.87,74.33,0,0.87,324.91,1021.05,13806.17,11.8,19.02,7500.0,0.579,PM2.5-1HR
950,ITA_IT1294A,2025-10-07,6.96,15.02,67.08,0,0.98,20.4,1021.02,1803.63,4.15,8.31,7500.0,0.667,PM2.5-1HR
950,ITA_IT1692A,2025-10-07,18.43,15.04,69.5,0,0.87,37.49,1021,11646.01,11.8,19.02,7500.0,0.866,PM2.5-1HR
950,ITA_IT0477A,2025-10-08,35.92,15.23,77.13,0,0.95,94.59,1020.69,14792.55,20.02,30.528,7500.0,0.071,PM2.5-1HR
950,ITA_IT0480A,2025-10-08,31.86,15.23,77.13,0,0.95,94.59,1020.69,11543.81,20.02,30.528,7500.0,0.344,PM2.5-1HR
950,ITA_IT1016A,2025-10-08,34.98,15.42,78.54,0,1.05,67.06,1020.69,13806.17,20.02,30.528,7500.0,0.579,PM2.5-1HR
950,ITA_IT1294A,2025-10-08,20.66,15.25,75.58,0,0.93,59.28,1020.68,1803.63,7.08,12.412,7500.0,0.667,PM2.5-1HR
950,ITA_IT1692A,2025-10-08,30.11,15.23,77.13,0,0.95,94.59,1020.69,11646.01,20.02,30.528,7500.0,0.866,PM2.5-1HR
950,ITA_IT0477A,2025-10-09,52.58,15.92,80.08,0,0.86,70.74,1020.4,14792.55,34.05,50.17,7500.0,0.071,PM2.5-1HR
950,ITA_IT0480A,2025-10-09,43.33,15.92,80.08,0,0.86,70.74,1020.4,11543.81,34.05,50.17,7500.0,0.344,PM2.5-1HR
950,ITA_IT1016A,2025-10-09,44.13,16.07,81.21,0,0.96,70.4,1020.41,13806.17,34.05,50.17,7500.0,0.579,PM2.5-1HR
950,ITA_IT1294A,2025-10-09,24.06,15.7,79.63,0,1.02,65.69,1020.43,1803.63,21.25,32.25,7500.0,0.667,PM2.5-1HR
950,ITA_IT1692A,2025-10-09,42,15.92,80.08,0,0.86,70.74,1020.4,11646.01,34.05,50.17,7500.0,0.866,PM2.5-1HR
950,ITA_IT0477A,2025-10-10,60.1,16.86,82.17,0,0.73,294.54,1026.12,14792.55,41.56,60.684,7500.0,0.071,PM2.5-1HR
950,ITA_IT0480A,2025-10-10,44.18,16.86,82.17,0,0.73,294.54,1026.12,11543.81,41.56,60.684,7500.0,0.344,PM2.5-1HR
950,ITA_IT1016A,2025-10-10,45.75,16.9,82.67,0,0.83,289.2,1026.16,13806.17,41.56,60.684,7500.0,0.579,PM2.5-1HR
950,ITA_IT1294A,2025-10-10,28.63,16.46,80.88,0,0.91,300.24,1026.16,1803.63,24.18,36.352,7500.0,0.667,PM2.5-1HR
950,ITA_IT1692A,2025-10-10,43.27,16.86,82.17,0,0.73,294.54,1026.12,11646.01,41.56,60.684,7500.0,0.866,PM2.5-1HR
950,ITA_IT0477A,2025-10-11,62.9,16.47,85,0,0.69,60.18,1027.8,14792.55,44.1,64.24,7500.0,0.071,PM2.5-1HR
950,ITA_IT0480A,2025-10-11,43.33,16.47,85,0,0.69,60.18,1027.8,11543.81,44.1,64.24,7500.0,0.344,PM2.5-1HR
950,ITA_IT1016A,2025-10-11,53.37,16.59,85.5,0,0.67,43.88,1027.8,13806.17,44.1,64.24,7500.0,0.579,PM2.5-1HR
950,ITA_IT1294A,2025-10-11,33.73,15.94,83.08,0,0.95,48.73,1027.78,1803.63,28.82,42.848,7500.0,0.667,PM2.5-1HR
950,ITA_IT1692A,2025-10-11,45.5,16.47,85,0,0.69,60.18,1027.8,11646.01,44.1,64.24,7500.0,0.866,PM2.5-1HR
950,ITA_IT0477A,2025-10-12,57.32,16.47,84.96,0.02,0.79,89.59,1025.36,14792.55,37.02,54.328,7500.0,0.071,PM2.5-1HR
950,ITA_IT0480A,2025-10-12,40.2,16.47,84.96,0.02,0.79,89.59,1025.36,11543.81,37.02,54.328,7500.0,0.344,PM2.5-1HR
950,ITA_IT1016A,2025-10-12,44.8,16.44,85.46,0.01,0.72,58.37,1025.36,13806.17,37.02,54.328,7500.0,0.579,PM2.5-1HR
950,ITA_IT1294A,2025-10-12,33,16.1,82.63,0,0.95,41.3,1025.37,1803.63,32.97,48.658,7500.0,0.667,PM2.5-1HR
950,ITA_IT1692A,2025-10-12,39.99,16.47,84.96,0.02,0.79,89.59,1025.36,11646.01,37.02,54.328,7500.0,0.866,PM2.5-1HR
950,ITA_IT0477A,2025-10-13,48.25,16.4,84.83,0.01,0.53,95.39,1021.7,14792.55,31.22,46.208,7500.0,0.071,PM2.5-1HR
950,ITA_IT0480A,2025-10-13,31.58,16.4,84.83,0.01,0.53,95.39,1021.7,11543.81,31.22,46.208,7500.0,0.344,PM2.5-1HR
950,ITA_IT1016A,2025-10-13,37.14,16.32,84.92,0.01,0.56,66.82,1021.68,13806.17,31.22,46.208,7500.0,0.579,PM2.5-1HR
950,ITA_IT1294A,2025-10-13,27.53,15.52,84.75,0.02,0.73,10.38,1021.73,1803.63,27.35,40.79,7500.0,0.667,PM2.5-1HR
950,ITA_IT1692A,2025-10-13,34.28,16.4,84.83,0.01,0.53,95.39,1021.7,11646.01,31.22,46.208,7500.0,0.866,PM2.5-1HR
950,ITA_IT0477A,2025-10-14,37.93,15.13,84.75,0.05,1.11,60.72,1021.3,14792.55,25.06,37.584,7500.0,0.071,PM2.5-1HR
950,ITA_IT0480A,2025-10-14,25.01,15.13,84.75,0.05,1.11,60.72,1021.3,11543.81,25.06,37.584,7500.0,0.344,PM2.5-1HR
950,ITA_IT1016A,2025-10-14,31.58,15.54,84.25,0.04,1.25,47.46,1021.27,13806.17,25.06,37.584,7500.0,0.579,PM2.5-1HR
950,ITA_IT1294A,2025-10-14,22.15,14.6,86.75,0.05,1.16,53.48,1021.31,1803.63,21.98,33.272,7500.0,0.667,PM2.5-1HR
950,ITA_IT1692A,2025-10-14,26.65,15.13,84.75,0.05,1.11,60.72,1021.3,11646.01,25.06,37.584,7500.0,0.866,PM2.5-1HR
950,ITA_IT1016A,2025-10-15,27.63,15.79,79,0,1.41,65.48,1021.2,13806.17,20.32,30.948,7500.0,0.579,PM2.5-1HR
950,ITA_IT1294A,2025-10-15,17.26,15.04,79.46,0,1.39,52.3,1021.23,1803.63,17.09,26.426,7500.0,0.667,PM2.5-1HR
950,ITA_IT1692A,2025-10-15,22.15,15.68,78.71,0,1.32,74.83,1021.19,11646.01,20.32,30.948,7500.0,0.866,PM2.5-1HR
950,ITA_IT0477A,2025-10-15,28.01,15.68,78.71,0,1.32,74.83,1021.19,14792.55,20.32,30.948,7500.0,0.071,PM2.5-1HR
950,ITA_IT0480A,2025-10-15,19.78,15.68,78.71,0,1.32,74.83,1021.19,11543.81,20.32,30.948,7500.0,0.344,PM2.5-1HR
950,ITA_IT0477A,2025-10-16,19.59,14.73,74.67,0,1.24,76.62,1020.55,14792.55,13.64,21.596,7500.0,0.071,PM2.5-1HR
950,ITA_IT0480A,2025-10-16,13.41,14.73,74.67,0,1.24,76.62,1020.55,11543.81,13.64,21.596,7500.0,0.344,PM2.5-1HR
950,ITA_IT1016A,2025-10-16,17.72,14.66,76.88,0,1.38,67.11,1020.57,13806.17,13.64,21.596,7500.0,0.579,PM2.5-1HR
950,ITA_IT1294A,2025-10-16,13.32,14.31,76.58,0,1.36,68.48,1020.55,1803.63,13.19,20.966,7500.0,0.667,PM2.5-1HR
950,ITA_IT1692A,2025-10-16,16.19,14.73,74.67,0,1.24,76.62,1020.55,11646.01,13.64,21.596,7500.0,0.866,PM2.5-1HR
950,ITA_IT0477A,2025-10-17,19.12,14.01,73.71,0,0.92,75.17,1019.65,14792.55,14.72,23.108,7500.0,0.071,PM2.5-1HR
950,ITA_IT0480A,2025-10-17,13.87,14.01,73.71,0,0.92,75.17,1019.65,11543.81,14.72,23.108,7500.0,0.344,PM2.5-1HR
950,ITA_IT1016A,2025-10-17,19.41,14.05,75.08,0,1.09,76.79,1019.68,13806.17,14.72,23.108,7500.0,0.579,PM2.5-1HR
950,ITA_IT1294A,2025-10-17,15.76,13.49,75.79,0,1.22,52.99,1019.67,1803.63,13.19,20.966,7500.0,0.667,PM2.5-1HR
950,ITA_IT1692A,2025-10-17,16.77,14.01,73.71,0,0.92,75.17,1019.65,11646.01,14.72,23.108,7500.0,0.866,PM2.5-1HR
950,ITA_IT0480A,2025-10-18,24.06,13.13,76.75,0,0.73,59.98,1021.81,11543.81,16.94,26.216,7500.0,0.344,PM2.5-1HR
950,ITA_IT1016A,2025-10-18,29.85,13.3,77.46,0,0.8,56.17,1021.85,13806.17,16.94,26.216,7500.0,0.579,PM2.5-1HR
950,ITA_IT0477A,2025-10-18,26.83,13.13,76.75,0,0.73,59.98,1021.81,14792.55,16.94,26.216,7500.0,0.071,PM2.5-1HR
950,ITA_IT1294A,2025-10-18,20.56,12.44,77.83,0,1.13,63.59,1021.87,1803.63,15.87,24.718,7500.0,0.667,PM2.5-1HR
950,ITA_IT1692A,2025-10-18,25.23,13.13,76.75,0,0.73,59.98,1021.81,11646.01,16.94,26.216,7500.0,0.866,PM2.5-1HR
950,ITA_IT0480A,2025-10-19,21.5,12.88,74.25,0,0.98,88.21,1021.7,11543.81,22.33,33.762,7500.0,0.344,PM2.5-1HR
950,ITA_IT1016A,2025-10-19,27.3,12.89,77.17,0,1.18,79.64,1021.74,13806.17,22.33,33.762,7500.0,0.579,PM2.5-1HR
950,ITA_IT0477A,2025-10-19,32.38,12.88,74.25,0,0.98,88.21,1021.7,14792.55,22.33,33.762,7500.0,0.071,PM2.5-1HR
950,ITA_IT1294A,2025-10-19,29.65,12.78,74.88,0,1.15,86,1021.75,1803.63,20.76,31.564,7500.0,0.667,PM2.5-1HR
950,ITA_IT1692A,2025-10-19,24.54,12.88,74.25,0,0.98,88.21,1021.7,11646.01,22.33,33.762,7500.0,0.866,PM2.5-1HR
950,ITA_IT0480A,2025-10-20,21.98,12.35,88.21,0.53,1.25,60.84,1013.81,11543.81,22.81,34.434,7500.0,0.344,PM2.5-1HR
950,ITA_IT0477A,2025-10-20,30.71,12.35,88.21,0.53,1.25,60.84,1013.81,14792.55,22.81,34.434,7500.0,0.071,PM2.5-1HR
950,ITA_IT1016A,2025-10-20,29.69,12.37,90.08,0.57,1.39,52.71,1013.84,13806.17,22.81,34.434,7500.0,0.579,PM2.5-1HR
950,ITA_IT1294A,2025-10-20,25.55,12.4,88.13,0.36,1.24,40.34,1013.94,1803.63,25.4,38.06,7500.0,0.667,PM2.5-1HR
950,ITA_IT1692A,2025-10-20,23.92,12.35,88.21,0.53,1.25,60.84,1013.81,11646.01,22.81,34.434,7500.0,0.866,PM2.5-1HR
950,ITA_IT0477A,2025-10-21,16.11,12.94,90.54,0.03,0.82,272.96,1007.88,14792.55,11.59,18.726,7500.0,0.071,PM2.5-1HR
950,ITA_IT0480A,2025-10-21,12.32,12.94,90.54,0.03,0.82,272.96,1007.88,11543.81,11.59,18.726,7500.0,0.344,PM2.5-1HR
950,ITA_IT1016A,2025-10-21,14.22,13.2,89.54,0.03,0.79,227.14,1007.93,13806.17,11.59,18.726,7500.0,0.579,PM2.5-1HR
950,ITA_IT1294A,2025-10-21,0.81,12.89,87.38,0.01,0.68,349.73,1008.05,1803.63,0,2.5,7500.0,0.667,PM2.5-1HR
950,ITA_IT1692A,2025-10-21,14.03,12.94,90.54,0.03,0.82,272.96,1007.88,11646.01,11.59,18.726,7500.0,0.866,PM2.5-1HR
950,ITA_IT0477A,2025-10-22,32.28,13.93,88.83,0,0.68,207.11,1007.34,14792.55,13.54,21.456,7500.0,0.071,PM2.5-1HR
950,ITA_IT0480A,2025-10-22,24.17,13.93,88.83,0,0.68,207.11,1007.34,11543.81,13.54,21.456,7500.0,0.344,PM2.5-1HR
950,ITA_IT1016A,2025-10-22,33.44,13.83,89.92,0.02,0.68,161.89,1007.41,13806.17,13.54,21.456,7500.0,0.579,PM2.5-1HR
950,ITA_IT1692A,2025-10-22,26.83,13.93,88.83,0,0.68,207.11,1007.34,11646.01,13.54,21.456,7500.0,0.866,PM2.5-1HR
950,ITA_IT0477A,2025-10-23,32.64,13.27,92.5,0.46,1.92,56.93,1000.5,14792.55,18.81,28.834,7500.0,0.071,PM2.5-1HR
950,ITA_IT0480A,2025-10-23,18.8,13.27,92.5,0.46,1.92,56.93,1000.5,11543.81,18.81,28.834,7500.0,0.344,PM2.5-1HR
950,ITA_IT1016A,2025-10-23,24.52,13.65,92,0.39,1.92,41.9,1000.53,13806.17,18.81,28.834,7500.0,0.579,PM2.5-1HR
950,ITA_IT1294A,2025-10-23,4.15,13.03,92.04,0.35,1.61,69.22,1000.67,1803.63,4.15,8.31,7500.0,0.667,PM2.5-1HR
950,ITA_IT1692A,2025-10-23,20.91,13.27,92.5,0.46,1.92,56.93,1000.5,11646.01,18.81,28.834,7500.0,0.866,PM2.5-1HR
950,ITA_IT0477A,2025-10-24,7.9,12.84,61.63,0,2.09,275.69,1005.1,14792.55,7.49,12.986,7500.0,0.071,PM2.5-1HR
950,ITA_IT0480A,2025-10-24,9.5,12.84,61.63,0,2.09,275.69,1005.1,11543.81,7.49,12.986,7500.0,0.344,PM2.5-1HR
950,ITA_IT1016A,2025-10-24,10.55,12.87,65.54,0,2.2,268.63,1005.29,13806.17,7.49,12.986,7500.0,0.579,PM2.5-1HR
950,ITA_IT1294A,2025-10-24,5.09,11.9,63.79,0,1.67,315.28,1005.5,1803.63,4.15,8.31,7500.0,0.667,PM2.5-1HR
950,ITA_IT1692A,2025-10-24,7.73,12.84,61.63,0,2.09,275.69,1005.1,11646.01,7.49,12.986,7500.0,0.866,PM2.5-1HR
950,ITA_IT1692A,2025-10-25,11.8,10.92,75.75,0.05,0.98,59.39,1008.24,11646.01,9.03,15.142,7500.0,0.866,PM2.5-1HR
950,ITA_IT0477A,2025-10-25,16.36,10.92,75.75,0.05,0.98,59.39,1008.24,14792.55,9.03,15.142,7500.0,0.071,PM2.5-1HR
950,ITA_IT0480A,2025-10-25,11.6,10.92,75.75,0.05,0.98,59.39,1008.24,11543.81,9.03,15.142,7500.0,0.344,PM2.5-1HR
950,ITA_IT1016A,2025-10-25,14.6,11.12,78.13,0.08,1.09,44.02,1008.28,13806.17,9.03,15.142,7500.0,0.579,PM2.5-1HR
950,ITA_IT1294A,2025-10-25,11.45,11.19,66.92,0,1.57,43.46,1008.33,1803.63,5.13,9.682,7500.0,0.667,PM2.5-1HR
950,ITA_IT1692A,2025-10-26,7.75,11.54,68.28,0,2.4,296.86,1005.46,11646.01,7.14,12.496,7500.0,0.866,PM2.5-1HR
950,ITA_IT0477A,2025-10-26,13.04,11.54,68.28,0,2.4,296.86,1005.46,14792.55,7.14,12.496,7500.0,0.071,PM2.5-1HR
950,ITA_IT0480A,2025-10-26,7.44,11.54,68.28,0,2.4,296.86,1005.46,11543.81,7.14,12.496,7500.0,0.344,PM2.5-1HR
950,ITA_IT1016A,2025-10-26,11.23,11.94,67.68,0,2.82,293.23,1005.55,13806.17,7.14,12.496,7500.0,0.579,PM2.5-1HR
950,ITA_IT1294A,2025-10-26,5.11,12.21,57.72,0,2.93,321.3,1005.83,1803.63,4.88,9.332,7500.0,0.667,PM2.5-1HR
950,ITA_IT1692A,2025-10-27,6.4,10.84,61.71,0,1.68,313.1,1008.39,11646.01,5.63,10.382,7500.0,0.866,PM2.5-1HR
950,ITA_IT0477A,2025-10-27,7.66,10.84,61.71,0,1.68,313.1,1008.39,14792.55,5.63,10.382,7500.0,0.071,PM2.5-1HR
950,ITA_IT0480A,2025-10-27,7.1,10.84,61.71,0,1.68,313.1,1008.39,11543.81,5.63,10.382,7500.0,0.344,PM2.5-1HR
950,ITA_IT1016A,2025-10-27,8.1,11.25,62.29,0,1.81,313.13,1008.45,13806.17,5.63,10.382,7500.0,0.579,PM2.5-1HR
950,ITA_IT1294A,2025-10-27,11.48,11.78,51.33,0,2.36,341.77,1008.74,1803.63,11.48,18.572,7500.0,0.667,PM2.5-1HR
950,ITA_IT1692A,2025-10-28,21.5,11.76,75.38,0,0.95,21.99,1014.5,11646.01,20.49,31.186,7500.0,0.866,PM2.5-1HR
950,ITA_IT0477A,2025-10-28,23.87,11.76,75.38,0,0.95,21.99,1014.5,14792.55,20.49,31.186,7500.0,0.071,PM2.5-1HR
950,ITA_IT0480A,2025-10-28,21.7,11.76,75.38,0,0.95,21.99,1014.5,11543.81,20.49,31.186,7500.0,0.344,PM2.5-1HR
950,ITA_IT1016A,2025-10-28,25.3,11.85,78,0,0.9,33.47,1014.55,13806.17,20.49,31.186,7500.0,0.579,PM2.5-1HR
950,ITA_IT1294A,2025-10-28,16.61,12.63,69.13,0,1.37,24.89,1014.51,1803.63,16.61,25.754,7500.0,0.667,PM2.5-1HR
950,ITA_IT1692A,2025-10-29,31,12.03,87.29,0.34,1.37,65.86,1016.85,11646.01,32.49,47.986,7500.0,0.866,PM2.5-1HR
950,ITA_IT0477A,2025-10-29,42.68,12.03,87.29,0.34,1.37,65.86,1016.85,14792.55,32.49,47.986,7500.0,0.071,PM2.5-1HR
950,ITA_IT0480A,2025-10-29,30.2,12.03,87.29,0.34,1.37,65.86,1016.85,11543.81,32.49,47.986,7500.0,0.344,PM2.5-1HR
950,ITA_IT1016A,2025-10-29,37.3,12.25,87.54,0.25,1.48,57.18,1016.87,13806.17,32.49,47.986,7500.0,0.579,PM2.5-1HR
950,ITA_IT1294A,2025-10-29,28.08,12.02,88.21,0.69,1.7,32.31,1016.95,1803.63,28.08,41.812,7500.0,0.667,PM2.5-1HR
950,ITA_IT1692A,2025-10-30,12.6,13.42,90.25,0.5,1.14,303.71,1013.81,11646.01,12.12,19.468,7500.0,0.866,PM2.5-1HR
950,ITA_IT0477A,2025-10-30,19.62,13.42,90.25,0.5,1.14,303.71,1013.81,14792.55,12.12,19.468,7500.0,0.071,PM2.5-1HR
950,ITA_IT0480A,2025-10-30,13.8,13.42,90.25,0.5,1.14,303.71,1013.81,11543.81,12.12,19.468,7500.0,0.344,PM2.5-1HR
950,ITA_IT1016A,2025-10-30,13.3,13.53,90.33,0.51,1.25,295.19,1013.85,13806.17,12.12,19.468,7500.0,0.579,PM2.5-1HR
950,ITA_IT1294A,2025-10-30,28.08,13.54,86.75,0.46,1.3,345.3,1013.94,1803.63,28.08,41.812,7500.0,0.667,PM2.5-1HR
950,ITA_IT1692A,2025-10-31,9.9,13.94,93.25,0.03,0.93,308.42,1018.73,11646.01,10.98,17.872,7500.0,0.866,PM2.5-1HR
950,ITA_IT0477A,2025-10-31,14.8,13.94,93.25,0.03,0.93,308.42,1018.73,14792.55,10.98,17.872,7500.0,0.071,PM2.5-1HR
950,ITA_IT0480A,2025-10-31,13.2,13.94,93.25,0.03,0.93,308.42,1018.73,11543.81,10.98,17.872,7500.0,0.344,PM2.5-1HR
950,ITA_IT1016A,2025-10-31,12.6,14.17,93.21,0.05,1.03,311.31,1018.78,13806.17,10.98,17.872,7500.0,0.579,PM2.5-1HR
950,ITA_IT1294A,2025-10-31,4.15,14.33,87.38,0,1.25,330.13,1018.88,1803.63,4.15,8.31,7500.0,0.667,PM2.5-1HR
950,ITA_IT0477A,2025-11-01,24.55,14.82,93.46,0.02,0.74,264.32,1019.95,14792.55,16.76,25.964,7500.0,0.071,PM2.5-1HR
950,ITA_IT0480A,2025-11-01,18.5,14.82,93.46,0.02,0.74,264.32,1019.95,11543.81,16.76,25.964,7500.0,0.344,PM2.5-1HR
950,ITA_IT1016A,2025-11-01,20.9,15.03,93.13,0.04,0.8,270.43,1020,13806.17,16.76,25.964,7500.0,0.579,PM2.5-1HR
950,ITA_IT1294A,2025-11-01,12.7,14.64,92.25,0.11,0.68,308.39,1020.1,1803.63,12.7,20.28,7500.0,0.667,PM2.5-1HR
950,ITA_IT1692A,2025-11-01,17,14.82,93.46,0.02,0.74,264.32,1019.95,11646.01,16.76,25.964,7500.0,0.866,PM2.5-1HR
950,ITA_IT0477A,2025-11-02,25.17,14.01,94.92,0.8,1.96,67.98,1014.5,14792.55,13.37,21.218,7500.0,0.071,PM2.5-1HR
950,ITA_IT0480A,2025-11-02,14.7,14.01,94.92,0.8,1.96,67.98,1014.5,11543.81,13.37,21.218,7500.0,0.344,PM2.5-1HR
950,ITA_IT1016A,2025-11-02,20.1,14.2,95,0.73,2.06,69.29,1014.52,13806.17,13.37,21.218,7500.0,0.579,PM2.5-1HR
950,ITA_IT1294A,2025-11-02,12.7,13.63,94.96,0.59,1.6,26.86,1014.67,1803.63,12.7,20.28,7500.0,0.667,PM2.5-1HR
950,ITA_IT1692A,2025-11-02,14.3,14.01,94.92,0.8,1.96,67.98,1014.5,11646.01,13.37,21.218,7500.0,0.866,PM2.5-1HR
950,ITA_IT0477A,2025-11-03,4.06,13.38,63.79,0,2.08,5.59,1018.69,14792.55,6.33,11.362,7500.0,0.071,PM2.5-1HR
950,ITA_IT0480A,2025-11-03,7.9,13.38,63.79,0,2.08,5.59,1018.69,11543.81,6.33,11.362,7500.0,0.344,PM2.5-1HR
950,ITA_IT1016A,2025-11-03,9.6,13.38,65.58,0,2.16,14.13,1018.78,13806.17,6.33,11.362,7500.0,0.579,PM2.5-1HR
950,ITA_IT1294A,2025-11-03,0,13.02,60,0,2.5,349.84,1019.1,1803.63,0,2.5,7500.0,0.667,PM2.5-1HR
950,ITA_IT1692A,2025-11-03,7.4,13.38,63.79,0,2.08,5.59,1018.69,11646.01,6.33,11.362,7500.0,0.866,PM2.5-1HR
950,ITA_IT0477A,2025-11-04,19.18,10.3,80.08,0,0.49,24.08,1026.5,14792.55,15.65,24.41,7500.0,0.071,PM2.5-1HR
950,ITA_IT0480A,2025-11-04,16.8,10.3,80.08,0,0.49,24.08,1026.5,11543.81,15.65,24.41,7500.0,0.344,PM2.5-1HR
950,ITA_IT1016A,2025-11-04,19,10.43,81.96,0,0.5,30.89,1026.57,13806.17,15.65,24.41,7500.0,0.579,PM2.5-1HR
950,ITA_IT1294A,2025-11-04,0,9.85,77.42,0,1.09,27.2,1026.58,1803.63,0,2.5,7500.0,0.667,PM2.5-1HR
950,ITA_IT1692A,2025-11-04,16.2,10.3,80.08,0,0.49,24.08,1026.5,11646.01,15.65,24.41,7500.0,0.866,PM2.5-1HR
950,ITA_IT0477A,2025-11-05,28.03,8.28,88.75,0,0.88,255.62,1023.91,14792.55,23.39,35.246,7500.0,0.071,PM2.5-1HR
950,ITA_IT0480A,2025-11-05,25.4,8.28,88.75,0,0.88,255.62,1023.91,11543.81,23.39,35.246,7500.0,0.344,PM2.5-1HR
950,ITA_IT1016A,2025-11-05,28.3,8.64,88.58,0,0.93,260.28,1023.98,13806.17,23.39,35.246,7500.0,0.579,PM2.5-1HR
950,ITA_IT1294A,2025-11-05,21.25,8.36,82.46,0,0.82,307.83,1023.98,1803.63,21.25,32.25,7500.0,0.667,PM2.5-1HR
950,ITA_IT1692A,2025-11-05,26,8.28,88.75,0,0.88,255.62,1023.91,11646.01,23.39,35.246,7500.0,0.866,PM2.5-1HR
950,ITA_IT1294A,2025-11-06,0.24,7.73,85,0,0.86,337.6,1017.36,1803.63,0.24,2.836,7500.0,0.667,PM2.5-1HR
950,ITA_IT0477A,2025-11-06,30.93,7.87,89.46,0,0.75,262.97,1017.36,14792.55,29.32,43.548,7500.0,0.071,PM2.5-1HR
950,ITA_IT0480A,2025-11-06,30.8,7.87,89.46,0,0.75,262.97,1017.36,11543.81,29.32,43.548,7500.0,0.344,PM2.5-1HR
950,ITA_IT1016A,2025-11-06,34.7,8.03,89.63,0,0.91,288.31,1017.45,13806.17,29.32,43.548,7500.0,0.579,PM2.5-1HR
950,ITA_IT1692A,2025-11-06,32.4,7.87,89.46,0,0.75,262.97,1017.36,11646.01,29.32,43.548,7500.0,0.866,PM2.5-1HR
950,ITA_IT0477A,2025-11-07,31.9,8.19,83.38,0,0.42,345.52,1014.3,14792.55,25.34,37.976,7500.0,0.071,PM2.5-1HR
950,ITA_IT0480A,2025-11-07,27.2,8.19,83.38,0,0.42,345.52,1014.3,11543.81,25.34,37.976,7500.0,0.344,PM2.5-1HR
950,ITA_IT1692A,2025-11-07,27.5,8.19,83.38,0,0.42,345.52,1014.3,11646.01,25.34,37.976,7500.0,0.866,PM2.5-1HR
950,ITA_IT0477A,2025-11-08,40.11,7.93,84.17,0,0.82,354.95,1014.08,14792.55,34.26,50.464,7500.0,0.071,PM2.5-1HR
950,ITA_IT0480A,2025-11-08,33.9,7.93,84.17,0,0.82,354.95,1014.08,11543.81,34.26,50.464,7500.0,0.344,PM2.5-1HR
950,ITA_IT1016A,2025-11-08,36.7,8.3,83.46,0,0.97,330.12,1014.13,13806.17,34.26,50.464,7500.0,0.579,PM2.5-1HR
950,ITA_IT1692A,2025-11-08,37.1,7.93,84.17,0,0.82,354.95,1014.08,11646.01,34.26,50.464,7500.0,0.866,PM2.5-1HR
950,ITA_IT0477A,2025-11-09,52.44,8.92,85.75,0,0.74,298.98,1017.45,14792.55,42.54,62.056,7500.0,0.071,PM2.5-1HR
950,ITA_IT0480A,2025-11-09,43.5,8.92,85.75,0,0.74,298.98,1017.45,11543.81,42.54,62.056,7500.0,0.344,PM2.5-1HR
950,ITA_IT1016A,2025-11-09,45.2,8.96,86.54,0,0.8,293.85,1017.5,13806.17,42.54,62.056,7500.0,0.579,PM2.5-1HR
950,ITA_IT1692A,2025-11-09,41.3,8.92,85.75,0,0.74,298.98,1017.45,11646.01,42.54,62.056,7500.0,0.866,PM2.5-1HR
950,ITA_IT0477A,2025-11-10,50.09,8.26,86.54,0,1.3,274.27,1016.44,14792.55,39.61,57.954,7500.0,0.071,PM2.5-1HR
950,ITA_IT0480A,2025-11-10,42.7,8.26,86.54,0,1.3,274.27,1016.44,11543.81,39.61,57.954,7500.0,0.344,PM2.5-1HR
950,ITA_IT1016A,2025-11-10,45,8.44,86.42,0,1.56,270.11,1016.55,13806.17,39.61,57.954,7500.0,0.579,PM2.5-1HR
950,ITA_IT1692A,2025-11-10,40,8.26,86.54,0,1.3,274.27,1016.44,11646.01,39.61,57.954,7500.0,0.866,PM2.5-1HR
950,ITA_IT0477A,2025-11-11,42.08,9.12,83.79,0,0.74,296.45,1018.55,14792.55,34.07,50.198,7500.0,0.071,PM2.5-1HR
950,ITA_IT0480A,2025-11-11,37.2,9.12,83.79,0,0.74,296.45,1018.55,11543.81,34.07,50.198,7500.0,0.344,PM2.5-1HR
950,ITA_IT1016A,2025-11-11,38.1,9.5,84.25,0,0.97,272.5,1018.63,13806.17,34.07,50.198,7500.0,0.579,PM2.5-1HR
950,ITA_IT1692A,2025-11-11,36.6,9.12,83.79,0,0.74,296.45,1018.55,11646.01,34.07,50.198,7500.0,0.866,PM2.5-1HR
950,ITA_IT0477A,2025-11-12,30.89,10.26,85.21,0,0.84,291.77,1022.53,14792.55,25.9,38.76,7500.0,0.071,PM2.5-1HR
950,ITA_IT0480A,2025-11-12,27.1,10.26,85.21,0,0.84,291.77,1022.53,11543.81,25.9,38.76,7500.0,0.344,PM2.5-1HR
950,ITA_IT1016A,2025-11-12,32.4,10.75,86.08,0,1.02,294.09,1022.59,13806.17,25.9,38.76,7500.0,0.579,PM2.5-1HR
950,ITA_IT1692A,2025-11-12,27.8,10.26,85.21,0,0.84,291.77,1022.53,11646.01,25.9,38.76,7500.0,0.866,PM2.5-1HR
950,ITA_IT0477A,2025-11-13,29.76,10.83,85.21,0,0.77,281.02,1024.2,14792.55,24.58,36.912,7500.0,0.071,PM2.5-1HR
950,ITA_IT0480A,2025-11-13,24.2,10.83,85.21,0,0.77,281.02,1024.2,11543.81,24.58,36.912,7500.0,0.344,PM2.5-1HR
950,ITA_IT1016A,2025-11-13,29.7,11.28,85.25,0.01,1.06,275.79,1024.28,13806.17,24.58,36.912,7500.0,0.579,PM2.5-1HR
950,ITA_IT1294A,2025-11-13,9.77,10.6,80.21,0,1.12,335.12,1024.38,1803.63,9.77,16.178,7500.0,0.667,PM2.5-1HR
950,ITA_IT1692A,2025-11-13,25.1,10.83,85.21,0,0.77,281.02,1024.2,11646.01,24.58,36.912,7500.0,0.866,PM2.5-1HR
950,ITA_IT0477A,2025-11-14,56.7,12.05,90.21,0.03,0.88,268.41,1021.28,14792.55,49.59,71.926,7500.0,0.071,PM2.5-1HR
950,ITA_IT0480A,2025-11-14,50.6,12.05,90.21,0.03,0.88,268.41,1021.28,11543.81,49.59,71.926,7500.0,0.344,PM2.5-1HR
950,ITA_IT1016A,2025-11-14,62,12.17,90.63,0.06,1.15,286.88,1021.35,13806.17,49.59,71.926,7500.0,0.579,PM2.5-1HR
950,ITA_IT1294A,2025-11-14,17.34,11.65,86.38,0.03,1.28,316.38,1021.53,1803.63,17.34,26.776,7500.0,0.667,PM2.5-1HR
950,ITA_IT1692A,2025-11-14,54.8,12.05,90.21,0.03,0.88,268.41,1021.28,11646.01,49.59,71.926,7500.0,0.866,PM2.5-1HR
950,ITA_IT0477A,2025-11-15,67.56,10.95,95.79,1.45,1.62,65.45,1017.02,14792.55,43.33,63.162,7500.0,0.071,PM2.5-1HR
950,ITA_IT1016A,2025-11-15,58.7,11.15,95.13,1.32,1.72,52.37,1017.01,13806.17,43.33,63.162,7500.0,0.579,PM2.5-1HR
950,ITA_IT1294A,2025-11-15,51.28,11.25,94.38,0.53,1.38,46.23,1017.12,1803.63,51.28,74.292,7500.0,0.667,PM2.5-1HR
950,ITA_IT1692A,2025-11-15,45.5,10.95,95.79,1.45,1.62,65.45,1017.02,11646.01,43.33,63.162,7500.0,0.866,PM2.5-1HR
950,ITA_IT0477A,2025-11-16,35.33,11.25,97.17,1.46,1.25,75.5,1011.77,14792.55,18.81,28.834,7500.0,0.071,PM2.5-1HR
950,ITA_IT0480A,2025-11-16,18.7,11.25,97.17,1.46,1.25,75.5,1011.77,11543.81,18.81,28.834,7500.0,0.344,PM2.5-1HR
950,ITA_IT1016A,2025-11-16,28.3,11.5,96.88,1.35,1.13,65.28,1011.79,13806.17,18.81,28.834,7500.0,0.579,PM2.5-1HR
950,ITA_IT1294A,2025-11-16,17.83,11.15,97.92,0.99,1.01,32.3,1011.94,1803.63,17.83,27.462,7500.0,0.667,PM2.5-1HR
950,ITA_IT1692A,2025-11-16,17.2,11.25,97.17,1.46,1.25,75.5,1011.77,11646.01,18.81,28.834,7500.0,0.866,PM2.5-1HR
950,ITA_IT0477A,2025-11-17,9.83,11.84,84.79,0.21,2.27,277.88,1005.32,14792.55,8.02,13.728,7500.0,0.071,PM2.5-1HR
950,ITA_IT0480A,2025-11-17,6,11.84,84.79,0.21,2.27,277.88,1005.32,11543.81,8.02,13.728,7500.0,0.344,PM2.5-1HR
950,ITA_IT1016A,2025-11-17,13.5,12.01,84.71,0.1,2.32,275.24,1005.38,13806.17,8.02,13.728,7500.0,0.579,PM2.5-1HR
950,ITA_IT1692A,2025-11-17,8.9,11.84,84.79,0.21,2.27,277.88,1005.32,11646.01,8.02,13.728,7500.0,0.866,PM2.5-1HR
950,ITA_IT0477A,2025-11-18,4.73,8.66,64.38,0,2.22,54.63,1015.06,14792.55,3.6,7.54,7500.0,0.071,PM2.5-1HR
950,ITA_IT0480A,2025-11-18,3.4,8.66,64.38,0,2.22,54.63,1015.06,11543.81,3.6,7.54,7500.0,0.344,PM2.5-1HR
950,ITA_IT1016A,2025-11-18,6.6,8.92,63.88,0,2.57,58.92,1015.03,13806.17,3.6,7.54,7500.0,0.579,PM2.5-1HR
950,ITA_IT1294A,2025-11-18,2.69,9.08,55.5,0,3.18,56.82,1015.21,1803.63,2.69,6.266,7500.0,0.667,PM2.5-1HR
950,ITA_IT1692A,2025-11-18,3.1,8.66,64.38,0,2.22,54.63,1015.06,11646.01,3.6,7.54,7500.0,0.866,PM2.5-1HR
950,ITA_IT0477A,2025-11-19,15.14,6.25,78.67,0,1.28,87.22,1013.74,14792.55,10.76,17.564,7500.0,0.071,PM2.5-1HR
950,ITA_IT0480A,2025-11-19,10.7,6.25,78.67,0,1.28,87.22,1013.74,11543.81,10.76,17.564,7500.0,0.344,PM2.5-1HR
950,ITA_IT1016A,2025-11-19,13.3,6.28,79.5,0,1.46,77.09,1013.76,13806.17,10.76,17.564,7500.0,0.579,PM2.5-1HR
950,ITA_IT1294A,2025-11-19,13.19,6.51,74.71,0,1.15,76.58,1013.73,1803.63,13.19,20.966,7500.0,0.667,PM2.5-1HR
950,ITA_IT1692A,2025-11-19,11.2,6.25,78.67,0,1.28,87.22,1013.74,11646.01,10.76,17.564,7500.0,0.866,PM2.5-1HR
950,ITA_IT0477A,2025-11-20,16.72,6.14,82.13,0.18,1.45,352.68,1008,14792.55,14.73,23.122,7500.0,0.071,PM2.5-1HR
950,ITA_IT0480A,2025-11-20,17.6,6.14,82.13,0.18,1.45,352.68,1008,11543.81,14.73,23.122,7500.0,0.344,PM2.5-1HR
950,ITA_IT1016A,2025-11-20,18,6.45,81.33,0.14,1.54,2.42,1008.06,13806.17,14.73,23.122,7500.0,0.579,PM2.5-1HR
950,ITA_IT1294A,2025-11-20,17.83,6.2,79.83,0.12,1.53,338.91,1008.13,1803.63,17.83,27.462,7500.0,0.667,PM2.5-1HR
950,ITA_IT1692A,2025-11-20,15.8,6.14,82.13,0.18,1.45,352.68,1008,11646.01,14.73,23.122,7500.0,0.866,PM2.5-1HR
950,ITA_IT0477A,2025-11-21,16.45,1.49,91.75,1.3,1.56,8.36,1010.26,14792.55,9.85,16.29,7500.0,0.071,PM2.5-1HR
950,ITA_IT1016A,2025-11-21,12.3,1.86,90.88,1.53,2.35,13.74,1010.3,13806.17,9.85,16.29,7500.0,0.579,PM2.5-1HR
950,ITA_IT1294A,2025-11-21,10.74,3.45,85.79,0.25,1.96,33.03,1010.32,1803.63,10.74,17.536,7500.0,0.667,PM2.5-1HR
950,ITA_IT1692A,2025-11-21,12.9,1.49,91.75,1.3,1.56,8.36,1010.26,11646.01,9.85,16.29,7500.0,0.866,PM2.5-1HR
950,ITA_IT0477A,2025-11-22,10.3,2.12,70.17,0,1.79,353.04,1016.7,14792.55,9.2,15.38,7500.0,0.071,PM2.5-1HR
950,ITA_IT1016A,2025-11-22,11.1,2.36,74.63,0,1.99,0.67,1016.77,13806.17,9.2,15.38,7500.0,0.579,PM2.5-1HR
950,ITA_IT1294A,2025-11-22,11.48,5.3,50.96,0,3.12,9.45,1016.91,1803.63,11.48,18.572,7500.0,0.667,PM2.5-1HR
950,ITA_IT1692A,2025-11-22,11.6,2.12,70.17,0,1.79,353.04,1016.7,11646.01,9.2,15.38,7500.0,0.866,PM2.5-1HR
950,ITA_IT0477A,2025-12-05,22.53,8.33,88.83,0.12,1.3,310.93,1008.7,14792.55,19.11,29.254,7500.0,0.071,PM2.5-1HR
950,ITA_IT0480A,2025-12-05,23.3,8.33,88.83,0.12,1.3,310.93,1008.7,11543.81,19.11,29.254,7500.0,0.344,PM2.5-1HR
950,ITA_IT1016A,2025-12-05,21.6,8.35,90.67,0.11,1.25,300.63,1008.8,13806.17,19.11,29.254,7500.0,0.579,PM2.5-1HR
950,ITA_IT1294A,2025-12-05,11.23,7.96,87.08,0.1,1.38,317.78,1008.86,1803.63,11.23,18.222,7500.0,0.667,PM2.5-1HR
950,ITA_IT1692A,2025-12-05,20.6,8.33,88.83,0.12,1.3,310.93,1008.7,11646.01,19.11,29.254,7500.0,0.866,PM2.5-1HR
950,ITA_IT0477A,2025-12-06,35.95,4.79,93.79,0,1.01,258.68,1014.48,14792.55,29.51,43.814,7500.0,0.071,PM2.5-1HR
950,ITA_IT0480A,2025-12-06,36.1,4.79,93.79,0,1.01,258.68,1014.48,11543.81,29.51,43.814,7500.0,0.344,PM2.5-1HR
950,ITA_IT1016A,2025-12-06,33.2,4.96,94.5,0,1.4,268.61,1014.58,13806.17,29.51,43.814,7500.0,0.579,PM2.5-1HR
950,ITA_IT1294A,2025-12-06,14.65,5,87.75,0,1.25,282.82,1014.53,1803.63,14.65,23.01,7500.0,0.667,PM2.5-1HR
950,ITA_IT1692A,2025-12-06,26,4.79,93.79,0,1.01,258.68,1014.48,11646.01,29.51,43.814,7500.0,0.866,PM2.5-1HR
950,ITA_IT0477A,2025-12-07,38.55,4.17,96.25,0.02,1.03,272.15,1017.09,14792.55,34.29,50.506,7500.0,0.071,PM2.5-1HR
950,ITA_IT0480A,2025-12-07,39.1,4.17,96.25,0.02,1.03,272.15,1017.09,11543.81,34.29,50.506,7500.0,0.344,PM2.5-1HR
950,ITA_IT1016A,2025-12-07,39,4.39,96.54,0.04,1.3,275.31,1017.23,13806.17,34.29,50.506,7500.0,0.579,PM2.5-1HR
950,ITA_IT1294A,2025-12-07,21.73,4.85,89.5,0.03,0.91,322.66,1017.23,1803.63,21.73,32.922,7500.0,0.667,PM2.5-1HR
950,ITA_IT1692A,2025-12-07,29.3,4.17,96.25,0.02,1.03,272.15,1017.09,11646.01,34.29,50.506,7500.0,0.866,PM2.5-1HR
950,ITA_IT0477A,2025-12-08,37.59,5.45,92.33,0,0.99,299.34,1021.83,14792.55,35.41,52.074,7500.0,0.071,PM2.5-1HR
950,ITA_IT0480A,2025-12-08,44,5.45,92.33,0,0.99,299.34,1021.83,11543.81,35.41,52.074,7500.0,0.344,PM2.5-1HR
950,ITA_IT1016A,2025-12-08,39,5.68,90.46,0,1.21,307.35,1021.9,13806.17,35.41,52.074,7500.0,0.579,PM2.5-1HR
950,ITA_IT1294A,2025-12-08,19.29,5.95,84.96,0,0.85,289.54,1021.8,1803.63,19.29,29.506,7500.0,0.667,PM2.5-1HR
950,ITA_IT1692A,2025-12-08,31.6,5.45,92.33,0,0.99,299.34,1021.83,11646.01,35.41,52.074,7500.0,0.866,PM2.5-1HR
950,ITA_IT0477A,2025-12-09,42.61,5.09,94.75,0,0.96,287.9,1024.9,14792.55,38.33,56.162,7500.0,0.071,PM2.5-1HR
950,ITA_IT0480A,2025-12-09,46,5.09,94.75,0,0.96,287.9,1024.9,11543.81,38.33,56.162,7500.0,0.344,PM2.5-1HR
950,ITA_IT1016A,2025-12-09,39.9,5.22,94.29,0,1.16,285.41,1025,13806.17,38.33,56.162,7500.0,0.579,PM2.5-1HR
950,ITA_IT1294A,2025-12-09,27.35,4.95,89.92,0,1,328.89,1025.05,1803.63,27.35,40.79,7500.0,0.667,PM2.5-1HR
950,ITA_IT1692A,2025-12-09,38.2,5.09,94.75,0,0.96,287.9,1024.9,11646.01,38.33,56.162,7500.0,0.866,PM2.5-1HR
950,ITA_IT0477A,2025-12-10,40.78,6.48,90.42,0,1.07,282.99,1024.7,14792.55,37.28,54.692,7500.0,0.071,PM2.5-1HR
950,ITA_IT1016A,2025-12-10,42,6.7,90.17,0,1.23,278.02,1024.83,13806.17,37.28,54.692,7500.0,0.579,PM2.5-1HR
950,ITA_IT1294A,2025-12-10,20.51,6.14,89.42,0,1.22,309.42,1024.86,1803.63,20.51,31.214,7500.0,0.667,PM2.5-1HR
950,ITA_IT1692A,2025-12-10,37,6.48,90.42,0,1.07,282.99,1024.7,11646.01,37.28,54.692,7500.0,0.866,PM2.5-1HR
950,ITA_IT0477A,2025-12-11,51.02,6.68,93.17,0,0.79,296.79,1024.98,14792.55,42.99,62.686,7500.0,0.071,PM2.5-1HR
950,ITA_IT1016A,2025-12-11,51.3,6.97,93.42,0,1.03,288.61,1025.09,13806.17,42.99,62.686,7500.0,0.579,PM2.5-1HR
950,ITA_IT1294A,2025-12-11,39.07,5.74,91.54,0,1.13,344.89,1025.17,1803.63,39.07,57.198,7500.0,0.667,PM2.5-1HR
950,ITA_IT1692A,2025-12-11,45.4,6.68,93.17,0,0.79,296.79,1024.98,11646.01,42.99,62.686,7500.0,0.866,PM2.5-1HR
950,ITA_IT0477A,2025-12-12,39.15,6.49,90.29,0,0.95,299.69,1024.94,14792.55,28.23,42.022,7500.0,0.071,PM2.5-1HR
950,ITA_IT1016A,2025-12-12,34.6,6.78,91.38,0,1.19,286.22,1025.09,13806.17,28.23,42.022,7500.0,0.579,PM2.5-1HR
950,ITA_IT1294A,2025-12-12,18.82,6.63,85.71,0,1.18,293.7,1025.1,1803.63,18.82,28.848,7500.0,0.667,PM2.5-1HR
950,ITA_IT1692A,2025-12-12,29.9,6.49,90.29,0,0.95,299.69,1024.94,11646.01,28.23,42.022,7500.0,0.866,PM2.5-1HR
950,ITA_IT0477A,2025-12-13,30.6,5.47,87.71,0,1.09,279.44,1026.87,14792.55,25.56,38.284,7500.0,0.071,PM2.5-1HR
950,ITA_IT1016A,2025-12-13,30,5.36,90.25,0,1.56,265.13,1027.07,13806.17,25.56,38.284,7500.0,0.579,PM2.5-1HR
950,ITA_IT1294A,2025-12-13,7.57,5.7,84.17,0,1.34,295.83,1027,1803.63,7.57,13.098,7500.0,0.667,PM2.5-1HR
950,ITA_IT1692A,2025-12-13,28.6,5.47,87.71,0,1.09,279.44,1026.87,11646.01,25.56,38.284,7500.0,0.866,PM2.5-1HR
950,ITA_IT0477A,2025-12-14,46.24,3.83,94.71,0,0.65,294.48,1027.15,14792.55,38.59,56.526,7500.0,0.071,PM2.5-1HR
950,ITA_IT1016A,2025-12-14,41.1,4,94.71,0,1.05,297.95,1027.31,13806.17,38.59,56.526,7500.0,0.579,PM2.5-1HR
950,ITA_IT1294A,2025-12-14,20.02,4.27,86.88,0,0.85,311.31,1027.24,1803.63,20.02,30.528,7500.0,0.667,PM2.5-1HR
950,ITA_IT1692A,2025-12-14,37.4,3.83,94.71,0,0.65,294.48,1027.15,11646.01,38.59,56.526,7500.0,0.866,PM2.5-1HR
950,ITA_IT0477A,2025-12-15,51.53,3.16,97.58,0,0.74,205.18,1026.8,14792.55,45.34,65.976,7500.0,0.071,PM2.5-1HR
950,ITA_IT1016A,2025-12-15,47.9,3.56,97.54,0,0.78,12.78,1026.9,13806.17,45.34,65.976,7500.0,0.579,PM2.5-1HR
950,ITA_IT1294A,2025-12-15,41.03,3.32,93.83,0,0.89,328.63,1026.83,1803.63,41.03,59.942,7500.0,0.667,PM2.5-1HR
950,ITA_IT1692A,2025-12-15,46.4,3.16,97.58,0,0.74,205.18,1026.8,11646.01,45.34,65.976,7500.0,0.866,PM2.5-1HR
950,ITA_IT0477A,2025-12-16,37.4,5.8,95.29,0.95,1.64,347.48,1022.25,14792.55,27.86,41.504,7500.0,0.071,PM2.5-1HR
950,ITA_IT1016A,2025-12-16,30.5,5.99,95.42,1.07,2.01,352.72,1022.28,13806.17,27.86,41.504,7500.0,0.579,PM2.5-1HR
950,ITA_IT1294A,2025-12-16,22.71,6.09,94.63,1.18,2.9,2.7,1022.45,1803.63,22.71,34.294,7500.0,0.667,PM2.5-1HR
950,ITA_IT1692A,2025-12-16,33.9,5.8,95.29,0.95,1.64,347.48,1022.25,11646.01,27.86,41.504,7500.0,0.866,PM2.5-1HR
950,ITA_IT0477A,2025-12-17,11.4,8.11,95.13,0.48,1.3,291.38,1023.03,14792.55,10.37,17.018,7500.0,0.071,PM2.5-1HR
950,ITA_IT0480A,2025-12-17,12.4,8.11,95.13,0.48,1.3,291.38,1023.03,11543.81,10.37,17.018,7500.0,0.344,PM2.5-1HR
950,ITA_IT1016A,2025-12-17,10.2,8.19,95.54,0.55,1.41,286.34,1023.1,13806.17,10.37,17.018,7500.0,0.579,PM2.5-1HR
950,ITA_IT1294A,2025-12-17,5.13,8.16,96.83,0.51,1.63,308.07,1023.23,1803.63,5.13,9.682,7500.0,0.667,PM2.5-1HR
950,ITA_IT1692A,2025-12-17,12.6,8.11,95.13,0.48,1.3,291.38,1023.03,11646.01,10.37,17.018,7500.0,0.866,PM2.5-1HR
950,ITA_IT0477A,2025-12-18,25.37,8.65,97.21,0,0.75,247.68,1028.88,14792.55,20.58,31.312,7500.0,0.071,PM2.5-1HR
950,ITA_IT0480A,2025-12-18,23.3,8.65,97.21,0,0.75,247.68,1028.88,11543.81,20.58,31.312,7500.0,0.344,PM2.5-1HR
950,ITA_IT1016A,2025-12-18,21.9,8.95,96.58,0,0.74,273.63,1028.93,13806.17,20.58,31.312,7500.0,0.579,PM2.5-1HR
950,ITA_IT1294A,2025-12-18,17.58,8.87,96.75,0,0.71,266.41,1028.99,1803.63,17.58,27.112,7500.0,0.667,PM2.5-1HR
950,ITA_IT1692A,2025-12-18,23.1,8.65,97.21,0,0.75,247.68,1028.88,11646.01,20.58,31.312,7500.0,0.866,PM2.5-1HR
950,ITA_IT0477A,2025-12-19,35.52,8.99,95.58,0,0.55,195.62,1027.31,14792.55,31.1,46.04,7500.0,0.071,PM2.5-1HR
950,ITA_IT0480A,2025-12-19,33.6,8.99,95.58,0,0.55,195.62,1027.31,11543.81,31.1,46.04,7500.0,0.344,PM2.5-1HR
950,ITA_IT1016A,2025-12-19,34.3,9.41,94.67,0,0.56,73.8,1027.33,13806.17,31.1,46.04,7500.0,0.579,PM2.5-1HR
950,ITA_IT1294A,2025-12-19,17.09,8.94,91,0,0.75,310.5,1027.37,1803.63,17.09,26.426,7500.0,0.667,PM2.5-1HR
950,ITA_IT1692A,2025-12-19,33,8.99,95.58,0,0.55,195.62,1027.31,11646.01,31.1,46.04,7500.0,0.866,PM2.5-1HR
950,ITA_IT0477A,2025-12-20,38.44,8.75,96.46,0.01,0.67,352.2,1020.69,14792.55,36.48,53.572,7500.0,0.071,PM2.5-1HR
950,ITA_IT0480A,2025-12-20,32.5,8.75,96.46,0.01,0.67,352.2,1020.69,11543.81,36.48,53.572,7500.0,0.344,PM2.5-1HR
950,ITA_IT1016A,2025-12-20,43.8,9.15,96.46,0.02,0.72,355.06,1020.71,13806.17,36.48,53.572,7500.0,0.579,PM2.5-1HR
950,ITA_IT1294A,2025-12-20,22.95,8.24,92.71,0.03,1.11,345.38,1020.82,1803.63,22.95,34.63,7500.0,0.667,PM2.5-1HR
950,ITA_IT1692A,2025-12-20,41.7,8.75,96.46,0.01,0.67,352.2,1020.69,11646.01,36.48,53.572,7500.0,0.866,PM2.5-1HR
950,ITA_IT0477A,2025-12-21,29.75,7.56,93.75,0,0.8,81.76,1016.68,14792.55,26.67,39.838,7500.0,0.071,PM2.5-1HR
950,ITA_IT0480A,2025-12-21,28.1,7.56,93.75,0,0.8,81.76,1016.68,11543.81,26.67,39.838,7500.0,0.344,PM2.5-1HR
950,ITA_IT1016A,2025-12-21,30.7,8.02,93.29,0,1.14,57.41,1016.7,13806.17,26.67,39.838,7500.0,0.579,PM2.5-1HR
950,ITA_IT1294A,2025-12-21,29.79,8.08,89.63,0.01,1.23,55.13,1016.64,1803.63,29.79,44.206,7500.0,0.667,PM2.5-1HR
950,ITA_IT1692A,2025-12-21,29.8,7.56,93.75,0,0.8,81.76,1016.68,11646.01,26.67,39.838,7500.0,0.866,PM2.5-1HR
950,ITA_IT0477A,2025-12-22,23.49,7.47,87.04,0,0.67,32.97,1015.51,14792.55,20.9,31.76,7500.0,0.071,PM2.5-1HR
950,ITA_IT0480A,2025-12-22,22,7.47,87.04,0,0.67,32.97,1015.51,11543.81,20.9,31.76,7500.0,0.344,PM2.5-1HR
950,ITA_IT1016A,2025-12-22,22.8,7.93,85.67,0,1.17,43,1015.52,13806.17,20.9,31.76,7500.0,0.579,PM2.5-1HR
950,ITA_IT1294A,2025-12-22,25.89,8.09,84.67,0,1.17,21.06,1015.53,1803.63,25.89,38.746,7500.0,0.667,PM2.5-1HR
950,ITA_IT1692A,2025-12-22,22.2,7.47,87.04,0,0.67,32.97,1015.51,11646.01,20.9,31.76,7500.0,0.866,PM2.5-1HR
950,ITA_IT0477A,2025-12-23,20.81,7.59,90.96,0.09,1.34,314.02,1012.59,14792.55,17.61,27.154,7500.0,0.071,PM2.5-1HR
950,ITA_IT0480A,2025-12-23,19.6,7.59,90.96,0.09,1.34,314.02,1012.59,11543.81,17.61,27.154,7500.0,0.344,PM2.5-1HR
950,ITA_IT1016A,2025-12-23,20,7.79,90.92,0.14,1.46,318.84,1012.65,13806.17,17.61,27.154,7500.0,0.579,PM2.5-1HR
950,ITA_IT1294A,2025-12-23,18.07,7.83,92.04,0.25,1.82,338.59,1012.74,1803.63,18.07,27.798,7500.0,0.667,PM2.5-1HR
950,ITA_IT1692A,2025-12-23,19.5,7.59,90.96,0.09,1.34,314.02,1012.59,11646.01,17.61,27.154,7500.0,0.866,PM2.5-1HR
950,ITA_IT0477A,2025-12-24,15.96,6.31,91.88,0.32,2.34,85.55,1010.6,14792.55,10.78,17.592,7500.0,0.071,PM2.5-1HR
950,ITA_IT0480A,2025-12-24,14.5,6.31,91.88,0.32,2.34,85.55,1010.6,11543.81,10.78,17.592,7500.0,0.344,PM2.5-1HR
950,ITA_IT1016A,2025-12-24,11.8,6.47,91.21,0.31,3.04,86.18,1010.58,13806.17,10.78,17.592,7500.0,0.579,PM2.5-1HR
950,ITA_IT1294A,2025-12-24,8.79,6.46,93.21,0.49,2.72,15.9,1010.67,1803.63,8.79,14.806,7500.0,0.667,PM2.5-1HR
950,ITA_IT1692A,2025-12-24,10.8,6.31,91.88,0.32,2.34,85.55,1010.6,11646.01,10.78,17.592,7500.0,0.866,PM2.5-1HR
950,ITA_IT0477A,2025-12-25,6.1,5.54,92.25,0.19,1.75,303.29,1022.66,14792.55,7.43,12.902,7500.0,0.071,PM2.5-1HR
950,ITA_IT0480A,2025-12-25,11.5,5.54,92.25,0.19,1.75,303.29,1022.66,11543.81,7.43,12.902,7500.0,0.344,PM2.5-1HR
950,ITA_IT1294A,2025-12-25,4.4,5.52,93.54,0.2,1.98,341.58,1022.79,1803.63,4.4,8.66,7500.0,0.667,PM2.5-1HR
950,ITA_IT1692A,2025-12-25,9,5.54,92.25,0.19,1.75,303.29,1022.66,11646.01,7.43,12.902,7500.0,0.866,PM2.5-1HR
950,ITA_IT0477A,2025-12-26,9.28,5.13,87.17,0,0.78,212.1,1028.1,14792.55,8.48,14.372,7500.0,0.071,PM2.5-1HR
950,ITA_IT0480A,2025-12-26,11.9,5.13,87.17,0,0.78,212.1,1028.1,11543.81,8.48,14.372,7500.0,0.344,PM2.5-1HR
950,ITA_IT1016A,2025-12-26,10.2,5.36,84.96,0,0.81,61.54,1028.12,13806.17,8.48,14.372,7500.0,0.579,PM2.5-1HR
950,ITA_IT1294A,2025-12-26,8.3,5.35,85.33,0.03,1.43,188.81,1028.04,1803.63,8.3,14.12,7500.0,0.667,PM2.5-1HR
950,ITA_IT1692A,2025-12-26,7.2,5.13,87.17,0,0.78,212.1,1028.1,11646.01,8.48,14.372,7500.0,0.866,PM2.5-1HR
950,ITA_IT0477A,2025-12-27,16.28,4.07,90.21,0,1.49,280.1,1027.9,14792.55,16.28,25.292,7500.0,0.071,PM2.5-1HR
950,ITA_IT0480A,2025-12-27,23.1,4.07,90.21,0,1.49,280.1,1027.9,11543.81,16.28,25.292,7500.0,0.344,PM2.5-1HR
950,ITA_IT1016A,2025-12-27,18.5,4.34,88.42,0,1.86,278.79,1027.96,13806.17,16.28,25.292,7500.0,0.579,PM2.5-1HR
950,ITA_IT1294A,2025-12-27,12.7,4.07,84.21,0,1.65,290.3,1027.99,1803.63,12.7,20.28,7500.0,0.667,PM2.5-1HR
950,ITA_IT1692A,2025-12-27,17.5,4.07,90.21,0,1.49,280.1,1027.9,11646.01,16.28,25.292,7500.0,0.866,PM2.5-1HR
950,ITA_IT0477A,2025-12-28,24.55,3.85,81.33,0,1.41,341.74,1021.18,14792.55,22.41,33.874,7500.0,0.071,PM2.5-1HR
950,ITA_IT0480A,2025-12-28,25.7,3.85,81.33,0,1.41,341.74,1021.18,11543.81,22.41,33.874,7500.0,0.344,PM2.5-1HR
950,ITA_IT1016A,2025-12-28,23.6,3.74,85.25,0,1.68,335.15,1021.25,13806.17,22.41,33.874,7500.0,0.579,PM2.5-1HR
950,ITA_IT1294A,2025-12-28,21.49,3.3,77.75,0,1.31,357.95,1021.18,1803.63,21.49,32.586,7500.0,0.667,PM2.5-1HR
950,ITA_IT1692A,2025-12-28,22.8,3.85,81.33,0,1.41,341.74,1021.18,11646.01,22.41,33.874,7500.0,0.866,PM2.5-1HR
950,ITA_IT0477A,2025-12-29,31.71,2.49,87.33,0,1.5,274.22,1020.37,14792.55,28.02,41.728,7500.0,0.071,PM2.5-1HR
950,ITA_IT0480A,2025-12-29,33.4,2.49,87.33,0,1.5,274.22,1020.37,11543.81,28.02,41.728,7500.0,0.344,PM2.5-1HR
950,ITA_IT1016A,2025-12-29,30.1,3.11,89.25,0,1.8,274.35,1020.43,13806.17,28.02,41.728,7500.0,0.579,PM2.5-1HR
950,ITA_IT1294A,2025-12-29,25.4,1.61,82.38,0,1.31,284.9,1020.44,1803.63,25.4,38.06,7500.0,0.667,PM2.5-1HR
950,ITA_IT1692A,2025-12-29,29.7,2.49,87.33,0,1.5,274.22,1020.37,11646.01,28.02,41.728,7500.0,0.866,PM2.5-1HR
950,ITA_IT0477A,2025-12-30,39.9,2.12,83.88,0,1.72,358.61,1015.33,14792.55,35.34,51.976,7500.0,0.071,PM2.5-1HR
950,ITA_IT0480A,2025-12-30,38.5,2.12,83.88,0,1.72,358.61,1015.33,11543.81,35.34,51.976,7500.0,0.344,PM2.5-1HR
950,ITA_IT1016A,2025-12-30,36.7,2.66,88.04,0,2.23,351.67,1015.35,13806.17,35.34,51.976,7500.0,0.579,PM2.5-1HR
950,ITA_IT1294A,2025-12-30,30.53,1.63,89.29,0,1.74,4.95,1015.33,1803.63,30.53,45.242,7500.0,0.667,PM2.5-1HR
950,ITA_IT1692A,2025-12-30,38.5,2.12,83.88,0,1.72,358.61,1015.33,11646.01,35.34,51.976,7500.0,0.866,PM2.5-1HR
950,ITA_IT0477A,2025-12-31,25.28,2.7,85.04,0,0.82,13.32,1020.85,14792.55,17.58,27.112,7500.0,0.071,PM2.5-1HR
950,ITA_IT0480A,2025-12-31,25,2.7,85.04,0,0.82,13.32,1020.85,11543.81,17.58,27.112,7500.0,0.344,PM2.5-1HR
950,ITA_IT1016A,2025-12-31,17.9,3.06,85.42,0.01,1.03,40.76,1020.89,13806.17,17.58,27.112,7500.0,0.579,PM2.5-1HR
950,ITA_IT1294A,2025-12-31,14.41,2.61,81.38,0,1.2,25.38,1020.91,1803.63,14.41,22.674,7500.0,0.667,PM2.5-1HR
950,ITA_IT1692A,2025-12-31,19.8,2.7,85.04,0,0.82,13.32,1020.85,11646.01,17.58,27.112,7500.0,0.866,PM2.5-1HR
950,ITA_IT0477A,2026-01-01,158.25,0.92,89.71,0.01,0.76,281.47,1017.41,14741.97,32.67,48.238,7500.0,0.071,PM2.5-1HR
950,ITA_IT1016A,2026-01-01,107.6,1.2,91.17,0.02,0.91,277.13,1017.5,13756.52,32.67,48.238,7500.0,0.579,PM2.5-1HR
950,ITA_IT1294A,2026-01-01,39.07,0.76,87.63,0,0.81,319.9,1017.57,1797.29,39.07,57.198,7500.0,0.667,PM2.5-1HR
950,ITA_IT1692A,2026-01-01,114.8,0.92,89.71,0.01,0.76,281.47,1017.41,11603.77,32.67,48.238,7500.0,0.866,PM2.5-1HR
950,ITA_IT0477A,2026-01-02,40.08,3.09,88.29,0.01,0.99,286.13,1005.56,14741.97,37.95,55.63,7500.0,0.071,PM2.5-1HR
950,ITA_IT0480A,2026-01-02,45.8,3.09,88.29,0.01,0.99,286.13,1005.56,11503.76,37.95,55.63,7500.0,0.344,PM2.5-1HR
950,ITA_IT1016A,2026-01-02,41.4,3.39,87.79,0,1.26,283.89,1005.61,13756.52,37.95,55.63,7500.0,0.579,PM2.5-1HR
950,ITA_IT1294A,2026-01-02,28.57,3.12,80.71,0,0.93,292.53,1005.63,1797.29,28.57,42.498,7500.0,0.667,PM2.5-1HR
950,ITA_IT1692A,2026-01-02,42.3,3.09,88.29,0.01,0.99,286.13,1005.56,11603.77,37.95,55.63,7500.0,0.866,PM2.5-1HR
950,ITA_IT0477A,2026-01-03,48.03,1.29,93.04,0,0.96,72.58,1004.28,14741.97,42.01,61.314,7500.0,0.071,PM2.5-1HR
950,ITA_IT0480A,2026-01-03,44.6,1.29,93.04,0,0.96,72.58,1004.28,11503.76,42.01,61.314,7500.0,0.344,PM2.5-1HR
950,ITA_IT1016A,2026-01-03,44.8,1.28,92.46,0,1.06,16.19,1004.38,13756.52,42.01,61.314,7500.0,0.579,PM2.5-1HR
950,ITA_IT1294A,2026-01-03,28.08,0.63,81.42,0,1.21,34.31,1004.35,1797.29,28.08,41.812,7500.0,0.667,PM2.5-1HR
950,ITA_IT1692A,2026-01-03,42,1.29,93.04,0,0.96,72.58,1004.28,11603.77,42.01,61.314,7500.0,0.866,PM2.5-1HR
950,ITA_IT0477A,2026-01-04,37.85,0.34,90.33,0,0.72,313.87,1009.06,14741.97,36.07,52.998,7500.0,0.071,PM2.5-1HR
950,ITA_IT0480A,2026-01-04,38.2,0.34,90.33,0,0.72,313.87,1009.06,11503.76,36.07,52.998,7500.0,0.344,PM2.5-1HR
950,ITA_IT1016A,2026-01-04,40.8,0.49,93.75,0,0.83,314.48,1009.21,13756.52,36.07,52.998,7500.0,0.579,PM2.5-1HR
950,ITA_IT1294A,2026-01-04,25.89,0.67,69.58,0,1.65,0.64,1009.16,1797.29,25.89,38.746,7500.0,0.667,PM2.5-1HR
950,ITA_IT1692A,2026-01-04,37.9,0.34,90.33,0,0.72,313.87,1009.06,11603.77,36.07,52.998,7500.0,0.866,PM2.5-1HR
950,ITA_IT0477A,2026-01-05,35,0.19,70.29,0,0.81,184.3,1010.09,14741.97,25.46,38.144,7500.0,0.071,PM2.5-1HR
950,ITA_IT0480A,2026-01-05,32.5,0.19,70.29,0,0.81,184.3,1010.09,11503.76,25.46,38.144,7500.0,0.344,PM2.5-1HR
950,ITA_IT1016A,2026-01-05,28.5,0.43,70.96,0,0.87,116.17,1010.14,13756.52,25.46,38.144,7500.0,0.579,PM2.5-1HR
950,ITA_IT1294A,2026-01-05,30.28,-1.5,73.29,0,0.91,1.06,1010.16,1797.29,30.28,44.892,7500.0,0.667,PM2.5-1HR
950,ITA_IT1692A,2026-01-05,24.7,0.19,70.29,0,0.81,184.3,1010.09,11603.77,25.46,38.144,7500.0,0.866,PM2.5-1HR
950,ITA_IT0477A,2026-01-06,34.99,-0.23,72.13,0,0.87,42.04,1010.11,14741.97,27.51,41.014,7500.0,0.071,PM2.5-1HR
950,ITA_IT0480A,2026-01-06,34.5,-0.23,72.13,0,0.87,42.04,1010.11,11503.76,27.51,41.014,7500.0,0.344,PM2.5-1HR
950,ITA_IT1016A,2026-01-06,29.6,-0.03,75.96,0,0.9,348.03,1010.16,13756.52,27.51,41.014,7500.0,0.579,PM2.5-1HR
950,ITA_IT1294A,2026-01-06,33.94,-0.65,65.08,0,1.32,45.75,1010.13,1797.29,33.94,50.016,7500.0,0.667,PM2.5-1HR
950,ITA_IT1692A,2026-01-06,30.6,-0.23,72.13,0,0.87,42.04,1010.11,11603.77,27.51,41.014,7500.0,0.866,PM2.5-1HR
950,ITA_IT0477A,2026-01-07,27.16,-0.72,69.63,0,1.2,294.25,1012.37,14741.97,24.73,37.122,7500.0,0.071,PM2.5-1HR
950,ITA_IT0480A,2026-01-07,31.2,-0.72,69.63,0,1.2,294.25,1012.37,11503.76,24.73,37.122,7500.0,0.344,PM2.5-1HR
950,ITA_IT1016A,2026-01-07,25.2,-0.37,72.08,0,1.42,292.04,1012.44,13756.52,24.73,37.122,7500.0,0.579,PM2.5-1HR
950,ITA_IT1294A,2026-01-07,30.53,-0.98,65.25,0,1.62,315.93,1012.54,1797.29,30.53,45.242,7500.0,0.667,PM2.5-1HR
950,ITA_IT1692A,2026-01-07,25.7,-0.72,69.63,0,1.2,294.25,1012.37,11603.77,24.73,37.122,7500.0,0.866,PM2.5-1HR
950,ITA_IT0477A,2026-01-08,42.77,-1.35,68.63,0,1.01,295.47,1013.1,14741.97,40.72,59.508,7500.0,0.071,PM2.5-1HR
950,ITA_IT0480A,2026-01-08,50.3,-1.35,68.63,0,1.01,295.47,1013.1,11503.76,40.72,59.508,7500.0,0.344,PM2.5-1HR
950,ITA_IT1016A,2026-01-08,41.5,-0.79,66.54,0,1.33,305.52,1013.17,13756.52,40.72,59.508,7500.0,0.579,PM2.5-1HR
950,ITA_IT1294A,2026-01-08,36.14,-0.84,64.25,0,1.31,312.51,1013.13,1797.29,36.14,53.096,7500.0,0.667,PM2.5-1HR
950,ITA_IT1692A,2026-01-08,40.1,-1.35,68.63,0,1.01,295.47,1013.1,11603.77,40.72,59.508,7500.0,0.866,PM2.5-1HR
950,ITA_IT0477A,2026-01-09,51.03,0.39,82.71,0.01,1.22,337.01,1005.85,14741.97,48.25,70.05,7500.0,0.071,PM2.5-1HR
950,ITA_IT0480A,2026-01-09,54.9,0.39,82.71,0.01,1.22,337.01,1005.85,11503.76,48.25,70.05,7500.0,0.344,PM2.5-1HR
950,ITA_IT1016A,2026-01-09,50.5,0.77,82.63,0,1.4,325.52,1005.91,13756.52,48.25,70.05,7500.0,0.579,PM2.5-1HR
950,ITA_IT1294A,2026-01-09,54.7,0.45,78.04,0,1.14,353.6,1005.94,1797.29,54.7,79.08,7500.0,0.667,PM2.5-1HR
950,ITA_IT1692A,2026-01-09,48.5,0.39,82.71,0.01,1.22,337.01,1005.85,11603.77,48.25,70.05,7500.0,0.866,PM2.5-1HR
950,ITA_IT0477A,2026-01-10,61.84,1.63,70.79,0,1.89,308.83,1004.25,14741.97,45.3,65.92,7500.0,0.071,PM2.5-1HR
950,ITA_IT0480A,2026-01-10,53.9,1.63,70.79,0,1.89,308.83,1004.25,11503.76,45.3,65.92,7500.0,0.344,PM2.5-1HR
950,ITA_IT1016A,2026-01-10,50.9,1.49,74.04,0,2.02,299.68,1004.37,13756.52,45.3,65.92,7500.0,0.579,PM2.5-1HR
950,ITA_IT1294A,2026-01-10,51.28,1.13,71.88,0,1.84,326.94,1004.53,1797.29,51.28,74.292,7500.0,0.667,PM2.5-1HR
950,ITA_IT1692A,2026-01-10,46.7,1.63,70.79,0,1.89,308.83,1004.25,11603.77,45.3,65.92,7500.0,0.866,PM2.5-1HR
950,ITA_IT0477A,2026-01-11,7.06,5.59,44.75,0,3.23,328.07,1017.57,14741.97,8.48,14.372,7500.0,0.071,PM2.5-1HR
950,ITA_IT0480A,2026-01-11,9.7,5.59,44.75,0,3.23,328.07,1017.57,11503.76,8.48,14.372,7500.0,0.344,PM2.5-1HR
950,ITA_IT1016A,2026-01-11,11,5.9,45.83,0,3.33,324.96,1017.63,13756.52,8.48,14.372,7500.0,0.579,PM2.5-1HR
950,ITA_IT1294A,2026-01-11,20.51,4.47,43.42,0,2.87,343.01,1018.16,1797.29,20.51,31.214,7500.0,0.667,PM2.5-1HR
950,ITA_IT1692A,2026-01-11,11.3,5.59,44.75,0,3.23,328.07,1017.57,11603.77,8.48,14.372,7500.0,0.866,PM2.5-1HR
950,ITA_IT0477A,2026-01-12,35.32,1.83,65.54,0,0.89,283.7,1023.34,14741.97,32.7,48.28,7500.0,0.071,PM2.5-1HR
950,ITA_IT0480A,2026-01-12,36.4,1.83,65.54,0,0.89,283.7,1023.34,11503.76,32.7,48.28,7500.0,0.344,PM2.5-1HR
950,ITA_IT1016A,2026-01-12,35.3,2.12,69.63,0,0.96,287.81,1023.4,13756.52,32.7,48.28,7500.0,0.579,PM2.5-1HR
950,ITA_IT1294A,2026-01-12,25.4,1.92,59.08,0,0.94,315.7,1023.4,1797.29,25.4,38.06,7500.0,0.667,PM2.5-1HR
950,ITA_IT1692A,2026-01-12,32,1.83,65.54,0,0.89,283.7,1023.34,11603.77,32.7,48.28,7500.0,0.866,PM2.5-1HR
950,ITA_IT1294A,2026-01-13,20.02,3.79,68.45,0,1.35,336.24,1022.69,1797.29,20.02,30.528,7500.0,0.667,PM2.5-1HR
950,ITA_IT1692A,2026-01-13,33.4,4.11,70.76,0,0.89,281.66,1022.62,11603.77,32.05,47.37,7500.0,0.866,PM2.5-1HR
950,ITA_IT0477A,2026-01-13,34.12,4.08,70.9,0,0.91,296.6,1022.63,14741.97,32.05,47.37,7500.0,0.071,PM2.5-1HR
950,ITA_IT0480A,2026-01-13,39.1,4.19,71.09,0,0.86,313.93,1022.59,11503.76,32.05,47.37,7500.0,0.344,PM2.5-1HR
950,ITA_IT1016A,2026-01-13,31.5,4.07,70.82,0,0.9,288.02,1022.65,13756.52,32.05,47.37,7500.0,0.579,PM2.5-1HR
950,ITA_IT0477A,2026-01-14,35.42,4.84,82.32,0,1.06,277.36,1023.58,14741.97,31.59,46.726,7500.0,0.071,PM2.5-1HR
950,ITA_IT0480A,2026-01-14,38.6,4.89,82.47,0,0.96,282.94,1023.55,11503.76,31.59,46.726,7500.0,0.344,PM2.5-1HR
950,ITA_IT1016A,2026-01-14,31.8,4.81,82.34,0,1.06,272.23,1023.6,13756.52,31.59,46.726,7500.0,0.579,PM2.5-1HR
950,ITA_IT1294A,2026-01-14,26.62,4.46,80.44,0,1.23,326.08,1023.69,1797.29,26.62,39.768,7500.0,0.667,PM2.5-1HR
950,ITA_IT1692A,2026-01-14,32.2,4.87,82.18,0,1.06,269.94,1023.57,11603.77,31.59,46.726,7500.0,0.866,PM2.5-1HR
950,ITA_IT0477A,2026-01-15,52.89,5.25,96.06,0.11,0.52,81.75,1022.93,14741.97,45.32,65.948,7500.0,0.071,PM2.5-1HR
950,ITA_IT0480A,2026-01-15,54.4,5.25,96.06,0.11,0.52,79.49,1022.93,11503.76,45.32,65.948,7500.0,0.344,PM2.5-1HR
950,ITA_IT1016A,2026-01-15,47.5,5.36,95.98,0.11,0.63,26.18,1022.98,13756.52,45.32,65.948,7500.0,0.579,PM2.5-1HR
950,ITA_IT1294A,2026-01-15,33.46,5.79,94.54,0.1,0.71,338.28,1022.95,1797.29,33.46,49.344,7500.0,0.667,PM2.5-1HR
950,ITA_IT1692A,2026-01-15,44.1,5.25,96.07,0.11,0.52,84.33,1022.93,11603.77,45.32,65.948,7500.0,0.866,PM2.5-1HR
950,ITA_IT0477A,2026-01-16,58.8,6.02,97.67,0.03,0.81,237.11,1022.46,14741.97,51.2,74.18,7500.0,0.071,PM2.5-1HR
950,ITA_IT0480A,2026-01-16,59.5,6.02,97.67,0.03,0.81,237.11,1022.46,11503.76,51.2,74.18,7500.0,0.344,PM2.5-1HR
950,ITA_IT1016A,2026-01-16,54.9,6.21,97.25,0.02,0.91,320.06,1022.5,13756.52,51.2,74.18,7500.0,0.579,PM2.5-1HR
950,ITA_IT1294A,2026-01-16,40.54,6.09,95.25,0.11,0.97,284.1,1022.54,1797.29,40.54,59.256,7500.0,0.667,PM2.5-1HR
950,ITA_IT1692A,2026-01-16,50.8,6.02,97.67,0.03,0.81,237.11,1022.46,11603.77,51.2,74.18,7500.0,0.866,PM2.5-1HR
950,ITA_IT0477A,2026-01-17,56.6,7.67,91.79,0.03,1.33,7.88,1023.27,14741.97,48.64,70.596,7500.0,0.071,PM2.5-1HR
950,ITA_IT0480A,2026-01-17,55.4,7.67,91.79,0.03,1.33,7.88,1023.27,11503.76,48.64,70.596,7500.0,0.344,PM2.5-1HR
950,ITA_IT1016A,2026-01-17,50.9,7.87,92.54,0.02,1.41,3.36,1023.29,13756.52,48.64,70.596,7500.0,0.579,PM2.5-1HR
950,ITA_IT1294A,2026-01-17,25.89,7.88,88.25,0.12,2.37,7.4,1023.43,1797.29,25.89,38.746,7500.0,0.667,PM2.5-1HR
950,ITA_IT1692A,2026-01-17,50.1,7.67,91.79,0.03,1.33,7.88,1023.27,11603.77,48.64,70.596,7500.0,0.866,PM2.5-1HR
950,ITA_IT0477A,2026-01-18,38.22,7.61,78.42,0,1.77,83.88,1024.96,14741.97,29.04,43.156,7500.0,0.071,PM2.5-1HR
950,ITA_IT0480A,2026-01-18,33.1,7.61,78.42,0,1.77,83.88,1024.96,11503.76,29.04,43.156,7500.0,0.344,PM2.5-1HR
950,ITA_IT1016A,2026-01-18,32.1,7.69,78.29,0,2.15,69.33,1024.99,13756.52,29.04,43.156,7500.0,0.579,PM2.5-1HR
950,ITA_IT1294A,2026-01-18,20.27,8.42,72.08,0,2.38,48.7,1024.99,1797.29,20.27,30.878,7500.0,0.667,PM2.5-1HR
950,ITA_IT1692A,2026-01-18,31,7.61,78.42,0,1.77,83.88,1024.96,11603.77,29.04,43.156,7500.0,0.866,PM2.5-1HR
950,ITA_IT0477A,2026-01-19,20.1,5.34,70.5,0,1.33,113.93,1027.13,14741.97,16.82,26.048,7500.0,0.071,PM2.5-1HR
950,ITA_IT0480A,2026-01-19,20,5.34,70.5,0,1.33,113.93,1027.13,11503.76,16.82,26.048,7500.0,0.344,PM2.5-1HR
950,ITA_IT1016A,2026-01-19,18.9,5.54,66.54,0,1.86,84.16,1027.16,13756.52,16.82,26.048,7500.0,0.579,PM2.5-1HR
950,ITA_IT1294A,2026-01-19,20.51,5.76,68.25,0,1.5,74.01,1027.16,1797.29,20.51,31.214,7500.0,0.667,PM2.5-1HR
950,ITA_IT1692A,2026-01-19,16.7,5.34,70.5,0,1.33,113.93,1027.13,11603.77,16.82,26.048,7500.0,0.866,PM2.5-1HR
950,ITA_IT0477A,2026-01-20,29.44,3.46,71.42,0,0.77,210.94,1025.91,14741.97,26.03,38.942,7500.0,0.071,PM2.5-1HR
950,ITA_IT0480A,2026-01-20,30.8,3.46,71.42,0,0.77,210.94,1025.91,11503.76,26.03,38.942,7500.0,0.344,PM2.5-1HR
950,ITA_IT1016A,2026-01-20,28,3.6,69.17,0,0.76,91.12,1025.98,13756.52,26.03,38.942,7500.0,0.579,PM2.5-1HR
950,ITA_IT1294A,2026-01-20,26.11,3.48,75.25,0,0.86,43.31,1025.94,1797.29,26.11,39.054,7500.0,0.667,PM2.5-1HR
950,ITA_IT1692A,2026-01-20,28.4,3.46,71.42,0,0.77,210.94,1025.91,11603.77,26.03,38.942,7500.0,0.866,PM2.5-1HR
950,ITA_IT0477A,2026-01-21,46.84,2.15,87.38,0,0.81,66.15,1012.34,14741.97,40.58,59.312,7500.0,0.071,PM2.5-1HR
950,ITA_IT0480A,2026-01-21,48.2,2.15,87.38,0,0.81,66.15,1012.34,11503.76,40.58,59.312,7500.0,0.344,PM2.5-1HR
950,ITA_IT1016A,2026-01-21,46.5,2.18,87.08,0,1,26.53,1012.39,13756.52,40.58,59.312,7500.0,0.579,PM2.5-1HR
950,ITA_IT1294A,2026-01-21,33.7,2.31,84.21,0,1.09,44.67,1012.33,1797.29,33.7,49.68,7500.0,0.667,PM2.5-1HR
950,ITA_IT1692A,2026-01-21,43.9,2.15,87.38,0,0.81,66.15,1012.34,11603.77,40.58,59.312,7500.0,0.866,PM2.5-1HR
950,ITA_IT0477A,2026-01-22,57.17,0.74,94.04,0,0.79,278.25,1002.92,14741.97,49.11,71.254,7500.0,0.071,PM2.5-1HR
950,ITA_IT0480A,2026-01-22,55.9,0.74,94.04,0,0.79,278.25,1002.92,11503.76,49.11,71.254,7500.0,0.344,PM2.5-1HR
950,ITA_IT1016A,2026-01-22,52.2,0.98,92.5,0,1.04,273.16,1002.99,13756.52,49.11,71.254,7500.0,0.579,PM2.5-1HR
950,ITA_IT1294A,2026-01-22,16.85,0.78,89.25,0,0.97,294.96,1003.02,1797.29,16.85,26.09,7500.0,0.667,PM2.5-1HR
950,ITA_IT1692A,2026-01-22,48.8,0.74,94.04,0,0.79,278.25,1002.92,11603.77,49.11,71.254,7500.0,0.866,PM2.5-1HR
950,ITA_IT0477A,2026-01-23,47.47,2.09,94.63,0.14,0.79,335.39,1003.19,14741.97,41.18,60.152,7500.0,0.071,PM2.5-1HR
950,ITA_IT0480A,2026-01-23,48.2,2.09,94.63,0.14,0.79,335.39,1003.19,11503.76,41.18,60.152,7500.0,0.344,PM2.5-1HR
950,ITA_IT1016A,2026-01-23,42.4,2.11,95.13,0.13,0.91,318.78,1003.26,13756.52,41.18,60.152,7500.0,0.579,PM2.5-1HR
950,ITA_IT1294A,2026-01-23,28.82,1.18,91.25,0.06,1.08,348.91,1003.32,1797.29,28.82,42.848,7500.0,0.667,PM2.5-1HR
950,ITA_IT1692A,2026-01-23,40.2,2.09,94.63,0.14,0.79,335.39,1003.19,11603.77,41.18,60.152,7500.0,0.866,PM2.5-1HR
950,ITA_IT0477A,2026-01-24,33.6,4.09,94.33,0.35,1.34,334.8,1003.81,14741.97,25.05,37.57,7500.0,0.071,PM2.5-1HR
950,ITA_IT0480A,2026-01-24,27.1,4.09,94.33,0.35,1.34,334.8,1003.81,11503.76,25.05,37.57,7500.0,0.344,PM2.5-1HR
950,ITA_IT1016A,2026-01-24,29.8,4.18,94.04,0.37,1.39,343.59,1003.86,13756.52,25.05,37.57,7500.0,0.579,PM2.5-1HR
950,ITA_IT1294A,2026-01-24,15.87,4.01,92.38,0.37,1.79,15.08,1003.98,1797.29,15.87,24.718,7500.0,0.667,PM2.5-1HR
950,ITA_IT1692A,2026-01-24,25.5,4.09,94.33,0.35,1.34,334.8,1003.81,11603.77,25.05,37.57,7500.0,0.866,PM2.5-1HR
950,ITA_IT0477A,2026-01-25,19.82,4.85,95.08,0.5,1.1,164.86,999.8,14741.97,14.91,23.374,7500.0,0.071,PM2.5-1HR
950,ITA_IT0480A,2026-01-25,15.8,4.85,95.08,0.5,1.1,164.86,999.8,11503.76,14.91,23.374,7500.0,0.344,PM2.5-1HR
950,ITA_IT1016A,2026-01-25,17.3,4.79,94.13,0.33,1.15,175.79,999.87,13756.52,14.91,23.374,7500.0,0.579,PM2.5-1HR
950,ITA_IT1294A,2026-01-25,15.87,5.23,92.13,0.37,1.4,178.43,999.89,1797.29,15.87,24.718,7500.0,0.667,PM2.5-1HR
950,ITA_IT1692A,2026-01-25,15,4.85,95.08,0.5,1.1,164.86,999.8,11603.77,14.91,23.374,7500.0,0.866,PM2.5-1HR
950,ITA_IT0480A,2026-01-26,20.2,5.11,88.54,0,0.98,280.79,1001.93,11503.76,18.2,27.98,7500.0,0.344,PM2.5-1HR
950,ITA_IT0477A,2026-01-26,20.2,5.11,88.54,0,0.98,280.79,1001.93,14741.97,18.2,27.98,7500.0,0.071,PM2.5-1HR
950,ITA_IT1016A,2026-01-26,21.7,5.33,88.67,0,1.09,293.9,1001.98,13756.52,18.2,27.98,7500.0,0.579,PM2.5-1HR
950,ITA_IT1294A,2026-01-26,15.87,5.39,85.42,0,1.17,317.64,1002.02,1797.29,15.87,24.718,7500.0,0.667,PM2.5-1HR
950,ITA_IT1692A,2026-01-26,18.4,5.11,88.54,0,0.98,280.79,1001.93,11603.77,18.2,27.98,7500.0,0.866,PM2.5-1HR
950,ITA_IT0477A,2026-01-27,36.88,3.5,94.58,0.29,0.99,327.31,1005.58,14741.97,26.4,39.46,7500.0,0.071,PM2.5-1HR
950,ITA_IT1016A,2026-01-27,28.7,3.44,95.25,0.29,0.92,322.88,1005.63,13756.52,26.4,39.46,7500.0,0.579,PM2.5-1HR
950,ITA_IT0480A,2026-01-27,35.5,3.5,94.58,0.29,0.99,327.31,1005.58,11503.76,26.4,39.46,7500.0,0.344,PM2.5-1HR
950,ITA_IT1294A,2026-01-27,15.87,3.57,86.5,0.28,1.59,10.19,1005.69,1797.29,15.87,24.718,7500.0,0.667,PM2.5-1HR
950,ITA_IT1692A,2026-01-27,27.1,3.5,94.58,0.29,0.99,327.31,1005.58,11603.77,26.4,39.46,7500.0,0.866,PM2.5-1HR
950,ITA_IT0477A,2026-01-28,13.19,4.86,94.71,0.8,2.25,323.94,993.83,14741.97,9.5,15.8,7500.0,0.071,PM2.5-1HR
950,ITA_IT0480A,2026-01-28,10.1,4.86,94.71,0.8,2.25,323.94,993.83,11503.76,9.5,15.8,7500.0,0.344,PM2.5-1HR
950,ITA_IT1016A,2026-01-28,11.7,5.18,94.17,0.85,2.34,327.89,993.82,13756.52,9.5,15.8,7500.0,0.579,PM2.5-1HR
950,ITA_IT1294A,2026-01-28,15.87,4.32,95.75,0.88,2.77,332.61,994.2,1797.29,15.87,24.718,7500.0,0.667,PM2.5-1HR
950,ITA_IT1692A,2026-01-28,10.4,4.86,94.71,0.8,2.25,323.94,993.83,11603.77,9.5,15.8,7500.0,0.866,PM2.5-1HR
950,ITA_IT0477A,2026-01-29,22.68,5.28,92.17,0.01,1.03,283.81,995.83,14741.97,21.92,33.188,7500.0,0.071,PM2.5-1HR
950,ITA_IT0480A,2026-01-29,28.6,5.28,92.17,0.01,1.03,283.81,995.83,11503.76,21.92,33.188,7500.0,0.344,PM2.5-1HR
950,ITA_IT1016A,2026-01-29,24.4,5.53,91.33,0.01,1.07,272.39,995.92,13756.52,21.92,33.188,7500.0,0.579,PM2.5-1HR
950,ITA_IT1294A,2026-01-29,15.87,5.13,87.96,0.01,0.99,298.49,995.93,1797.29,15.87,24.718,7500.0,0.667,PM2.5-1HR
950,ITA_IT1692A,2026-01-29,23,5.28,92.17,0.01,1.03,283.81,995.83,11603.77,21.92,33.188,7500.0,0.866,PM2.5-1HR
950,ITA_IT0477A,2026-01-30,33.53,4.55,91.58,0.03,0.85,292.3,1001.44,14741.97,31.53,46.642,7500.0,0.071,PM2.5-1HR
950,ITA_IT0480A,2026-01-30,35.5,4.55,91.58,0.03,0.85,292.3,1001.44,11503.76,31.53,46.642,7500.0,0.344,PM2.5-1HR
950,ITA_IT1016A,2026-01-30,36.3,4.8,92.17,0.02,0.91,289.96,1001.51,13756.52,31.53,46.642,7500.0,0.579,PM2.5-1HR
950,ITA_IT1294A,2026-01-30,15.87,5.01,86.17,0,1.07,344.37,1001.54,1797.29,15.87,24.718,7500.0,0.667,PM2.5-1HR
950,ITA_IT1692A,2026-01-30,30.8,4.55,91.58,0.03,0.85,292.3,1001.44,11603.77,31.53,46.642,7500.0,0.866,PM2.5-1HR
950,ITA_IT1294A,2026-01-31,15.87,5.12,86.13,0,1.16,336.39,1004.48,1797.29,15.87,24.718,7500.0,0.667,PM2.5-1HR
950,ITA_IT1692A,2026-01-31,35.3,4.96,91.79,0,0.84,317.45,1004.36,11603.77,35.64,52.396,7500.0,0.866,PM2.5-1HR
950,ITA_IT0477A,2026-01-31,42.71,4.96,91.79,0,0.84,317.45,1004.36,14741.97,35.64,52.396,7500.0,0.071,PM2.5-1HR
950,ITA_IT0480A,2026-01-31,43.5,4.96,91.79,0,0.84,317.45,1004.36,11503.76,35.64,52.396,7500.0,0.344,PM2.5-1HR
950,ITA_IT1016A,2026-01-31,40.1,5.37,90.21,0,1.09,354.62,1004.42,13756.52,35.64,52.396,7500.0,0.579,PM2.5-1HR
950,ITA_IT0477A,2026-02-01,44.76,3.35,95.54,0,0.74,351.79,1008.95,14741.97,39.85,58.29,7500.0,0.071,PM2.5-1HR
950,ITA_IT0480A,2026-02-01,44.8,3.35,95.54,0,0.74,351.79,1008.95,11503.76,39.85,58.29,7500.0,0.344,PM2.5-1HR
950,ITA_IT1016A,2026-02-01,40.7,3.6,95.54,0,0.88,315.44,1009.05,13756.52,39.85,58.29,7500.0,0.579,PM2.5-1HR
950,ITA_IT1294A,2026-02-01,15.87,3.03,89,0,0.99,18.21,1009.06,1797.29,15.87,24.718,7500.0,0.667,PM2.5-1HR
950,ITA_IT1692A,2026-02-01,36.7,3.35,95.54,0,0.74,351.79,1008.95,11603.77,39.85,58.29,7500.0,0.866,PM2.5-1HR
950,ITA_IT0477A,2026-02-02,49.25,3.35,95,0.2,0.9,65.44,1008.96,14741.97,39.35,57.59,7500.0,0.071,PM2.5-1HR
950,ITA_IT0480A,2026-02-02,50.2,3.35,95,0.2,0.9,65.44,1008.96,11503.76,39.35,57.59,7500.0,0.344,PM2.5-1HR
950,ITA_IT1016A,2026-02-02,43.9,3.41,95.25,0.23,1.11,52.16,1009.01,13756.52,39.35,57.59,7500.0,0.579,PM2.5-1HR
950,ITA_IT1692A,2026-02-02,40.5,3.35,95,0.2,0.9,65.44,1008.96,11603.77,39.35,57.59,7500.0,0.866,PM2.5-1HR
950,ITA_IT0477A,2026-02-03,16.36,3.08,94.42,0.41,1.27,316.44,1008.08,14741.97,14.18,22.352,7500.0,0.071,PM2.5-1HR
950,ITA_IT0480A,2026-02-03,16.8,3.08,94.42,0.41,1.27,316.44,1008.08,11503.76,14.18,22.352,7500.0,0.344,PM2.5-1HR
950,ITA_IT1016A,2026-02-03,17.3,3.15,94.38,0.38,1.47,343,1008.14,13756.52,14.18,22.352,7500.0,0.579,PM2.5-1HR
950,ITA_IT1692A,2026-02-03,14.4,3.08,94.42,0.41,1.27,316.44,1008.08,11603.77,14.18,22.352,7500.0,0.866,PM2.5-1HR
950,ITA_IT0477A,2026-02-04,16.59,4.41,95.92,0.78,1.9,326.88,1000.17,14741.97,12.41,19.874,7500.0,0.071,PM2.5-1HR
950,ITA_IT1016A,2026-02-04,15.6,4.62,95.5,0.68,2.02,325.23,1000.21,13756.52,12.41,19.874,7500.0,0.579,PM2.5-1HR
950,ITA_IT1692A,2026-02-04,14.9,4.41,95.92,0.78,1.9,326.88,1000.17,11603.77,12.41,19.874,7500.0,0.866,PM2.5-1HR
950,ITA_IT0477A,2026-02-05,17.33,6.31,88.71,0.1,1.75,282.99,994.1,14741.97,14.69,23.066,7500.0,0.071,PM2.5-1HR
950,ITA_IT1016A,2026-02-05,20.2,6.48,88.33,0.14,1.89,281.58,994.18,13756.52,14.69,23.066,7500.0,0.579,PM2.5-1HR
950,ITA_IT1294A,2026-02-05,15.87,5.68,87.13,0.21,1.47,304.55,994.26,1797.29,15.87,24.718,7500.0,0.667,PM2.5-1HR
950,ITA_IT1692A,2026-02-05,17.3,6.31,88.71,0.1,1.75,282.99,994.1,11603.77,14.69,23.066,7500.0,0.866,PM2.5-1HR
950,ITA_IT0477A,2026-02-06,10.25,8.58,84.33,0.46,2.22,306.37,994.67,14741.97,7.38,12.832,7500.0,0.071,PM2.5-1HR
950,ITA_IT1016A,2026-02-06,10.4,8.95,83.83,0.52,2.3,301.31,994.73,13756.52,7.38,12.832,7500.0,0.579,PM2.5-1HR
950,ITA_IT1294A,2026-02-06,9.52,8.22,82.13,0.53,2.19,313,995,1797.29,9.52,15.828,7500.0,0.667,PM2.5-1HR
950,ITA_IT1692A,2026-02-06,8.2,8.58,84.33,0.46,2.22,306.37,994.67,11603.77,7.38,12.832,7500.0,0.866,PM2.5-1HR
950,ITA_IT0477A,2026-02-07,23.35,7.66,88.46,0.03,0.97,62.34,1004.16,14741.97,20.07,30.598,7500.0,0.071,PM2.5-1HR
950,ITA_IT1016A,2026-02-07,27.7,7.75,89.46,0,0.97,29.3,1004.23,13756.52,20.07,30.598,7500.0,0.579,PM2.5-1HR
950,ITA_IT1294A,2026-02-07,22.22,7.1,88,0.04,1.26,37.05,1004.24,1797.29,22.22,33.608,7500.0,0.667,PM2.5-1HR
950,ITA_IT1692A,2026-02-07,23.3,7.66,88.46,0.03,0.97,62.34,1004.16,11603.77,20.07,30.598,7500.0,0.866,PM2.5-1HR
950,ITA_IT0477A,2026-02-08,42.19,8.17,90.04,0.01,0.81,41.07,1007.35,14741.97,36.83,54.062,7500.0,0.071,PM2.5-1HR
950,ITA_IT1016A,2026-02-08,43.2,8.18,90.63,0.04,0.88,30.59,1007.42,13756.52,36.83,54.062,7500.0,0.579,PM2.5-1HR
950,ITA_IT1294A,2026-02-08,32.97,7.68,87.83,0.01,1.36,23.67,1007.45,1797.29,32.97,48.658,7500.0,0.667,PM2.5-1HR
950,ITA_IT1692A,2026-02-08,37.6,8.17,90.04,0.01,0.81,41.07,1007.35,11603.77,36.83,54.062,7500.0,0.866,PM2.5-1HR
950,ITA_IT0477A,2026-02-09,35.87,8.03,86.58,0.09,0.97,19.77,1007.76,14741.97,26.14,39.096,7500.0,0.071,PM2.5-1HR
950,ITA_IT1016A,2026-02-09,33.4,8.24,87.46,0.1,1.08,25.39,1007.8,13756.52,26.14,39.096,7500.0,0.579,PM2.5-1HR
950,ITA_IT1294A,2026-02-09,22.95,7.64,84.13,0.06,1.21,8.77,1007.88,1797.29,22.95,34.63,7500.0,0.667,PM2.5-1HR
950,ITA_IT1692A,2026-02-09,27,8.03,86.58,0.09,0.97,19.77,1007.76,11603.77,26.14,39.096,7500.0,0.866,PM2.5-1HR
950,ITA_IT0477A,2026-02-10,24.83,7.06,91.17,0.16,1.07,79.09,1005.43,14741.97,19.51,29.814,7500.0,0.071,PM2.5-1HR
950,ITA_IT1016A,2026-02-10,25.9,7.2,92.54,0.15,1.24,80.58,1005.45,13756.52,19.51,29.814,7500.0,0.579,PM2.5-1HR
950,ITA_IT1294A,2026-02-10,20.76,7.16,91.29,0.28,1.4,48.41,1005.53,1797.29,20.76,31.564,7500.0,0.667,PM2.5-1HR
950,ITA_IT1692A,2026-02-10,21.8,7.06,91.17,0.16,1.07,79.09,1005.43,11603.77,19.51,29.814,7500.0,0.866,PM2.5-1HR
950,ITA_IT0477A,2026-02-11,16.21,8.31,88.83,0.11,1.23,311.53,997.08,14741.97,12.31,19.734,7500.0,0.071,PM2.5-1HR
950,ITA_IT1016A,2026-02-11,15.5,8.56,88.04,0.15,1.29,320.84,997.12,13756.52,12.31,19.734,7500.0,0.579,PM2.5-1HR
950,ITA_IT1294A,2026-02-11,13.19,8.34,80.46,0.05,1.71,333.73,997.22,1797.29,13.19,20.966,7500.0,0.667,PM2.5-1HR
950,ITA_IT1692A,2026-02-11,13.2,8.31,88.83,0.11,1.23,311.53,997.08,11603.77,12.31,19.734,7500.0,0.866,PM2.5-1HR
950,ITA_IT0477A,2026-02-12,21.46,8.43,88.08,0.06,1.77,359.15,989.53,14741.97,18.85,28.89,7500.0,0.071,PM2.5-1HR
950,ITA_IT1016A,2026-02-12,22.3,8.56,88.42,0.07,1.95,351.21,989.57,13756.52,18.85,28.89,7500.0,0.579,PM2.5-1HR
950,ITA_IT1294A,2026-02-12,14.16,8.55,84.63,0.05,1.75,348.04,989.73,1797.29,14.16,22.324,7500.0,0.667,PM2.5-1HR
950,ITA_IT1692A,2026-02-12,21.1,8.43,88.08,0.06,1.77,359.15,989.53,11603.77,18.85,28.89,7500.0,0.866,PM2.5-1HR
950,ITA_IT0477A,2026-02-13,14.63,10.06,67.75,0.02,1.82,286.8,993.69,14741.97,12.6,20.14,7500.0,0.071,PM2.5-1HR
950,ITA_IT1016A,2026-02-13,18.7,9.88,72.25,0.01,2.18,281.69,993.85,13756.52,12.6,20.14,7500.0,0.579,PM2.5-1HR
950,ITA_IT1294A,2026-02-13,13.68,9.79,63.71,0.09,1.96,311.56,993.98,1797.29,13.68,21.652,7500.0,0.667,PM2.5-1HR
950,ITA_IT1692A,2026-02-13,14.7,10.06,67.75,0.02,1.82,286.8,993.69,11603.77,12.6,20.14,7500.0,0.866,PM2.5-1HR
950,ITA_IT0477A,2026-02-14,17.78,8.41,90.29,0.25,2.26,326.22,996.43,14741.97,11.04,17.956,7500.0,0.071,PM2.5-1HR
950,ITA_IT1016A,2026-02-14,12.7,8.63,90.71,0.26,2.3,332.55,996.46,13756.52,11.04,17.956,7500.0,0.579,PM2.5-1HR
950,ITA_IT1294A,2026-02-14,6.6,7.97,92.79,0.3,2.57,325.91,996.7,1797.29,6.6,11.74,7500.0,0.667,PM2.5-1HR
950,ITA_IT1692A,2026-02-14,13.2,8.41,90.29,0.25,2.26,326.22,996.43,11603.77,11.04,17.956,7500.0,0.866,PM2.5-1HR
950,ITA_IT0477A,2026-02-15,11.72,9.96,53.42,0,2.52,342.9,1005.7,14741.97,10.55,17.27,7500.0,0.071,PM2.5-1HR
950,ITA_IT1016A,2026-02-15,16.9,10.23,54.13,0,2.73,351.05,1005.74,13756.52,10.55,17.27,7500.0,0.579,PM2.5-1HR
950,ITA_IT1294A,2026-02-15,6.6,10.38,40.88,0,4.38,348.89,1006.08,1797.29,6.6,11.74,7500.0,0.667,PM2.5-1HR
950,ITA_IT1692A,2026-02-15,11.6,9.96,53.42,0,2.52,342.9,1005.7,11603.77,10.55,17.27,7500.0,0.866,PM2.5-1HR
950,ITA_IT0477A,2026-02-16,20.17,6.8,80.79,0.11,1.46,39.22,1002.93,14741.97,15.39,24.046,7500.0,0.071,PM2.5-1HR
950,ITA_IT1016A,2026-02-16,19,7.03,81.25,0.03,1.65,10.88,1002.95,13756.52,15.39,24.046,7500.0,0.579,PM2.5-1HR
950,ITA_IT1294A,2026-02-16,17.34,7.07,69.75,0,2.13,1.87,1003.03,1797.29,17.34,26.776,7500.0,0.667,PM2.5-1HR
950,ITA_IT1692A,2026-02-16,14.7,6.8,80.79,0.11,1.46,39.22,1002.93,11603.77,15.39,24.046,7500.0,0.866,PM2.5-1HR
950,ITA_IT0477A,2026-02-17,7.27,9.24,52,0,2.24,306.83,1006.56,14741.97,5.75,10.55,7500.0,0.071,PM2.5-1HR
950,ITA_IT1016A,2026-02-17,9.6,9.07,56.75,0,2.26,292,1006.72,13756.52,5.75,10.55,7500.0,0.579,PM2.5-1HR
950,ITA_IT1294A,2026-02-17,5.62,8.13,52.04,0,2.86,328.45,1007.14,1797.29,5.62,10.368,7500.0,0.667,PM2.5-1HR
950,ITA_IT1692A,2026-02-17,5.4,9.24,52,0,2.24,306.83,1006.56,11603.77,5.75,10.55,7500.0,0.866,PM2.5-1HR
950,ITA_IT1016A,2026-02-18,15,7.15,65,0,1.33,32.07,1012.13,13756.52,12.88,20.532,7500.0,0.579,PM2.5-1HR
950,ITA_IT0477A,2026-02-18,23.16,7.23,61.25,0,1.32,44.98,1012.03,14741.97,12.88,20.532,7500.0,0.071,PM2.5-1HR
950,ITA_IT1294A,2026-02-18,21.73,7.6,49.29,0,2.13,30.37,1012.23,1797.29,21.73,32.922,7500.0,0.667,PM2.5-1HR
950,ITA_IT1692A,2026-02-18,13,7.23,61.25,0,1.32,44.98,1012.03,11603.77,12.88,20.532,7500.0,0.866,PM2.5-1HR
950,ITA_IT0477A,2026-02-19,16.74,5.39,87.08,1.38,2.84,317.42,1003.02,14741.97,13.04,20.756,7500.0,0.071,PM2.5-1HR
950,ITA_IT1016A,2026-02-19,17,5.63,86.88,1.37,3.04,320.76,1003.01,13756.52,13.04,20.756,7500.0,0.579,PM2.5-1HR
950,ITA_IT1294A,2026-02-19,13.19,5.58,84.17,0.94,2.4,326.08,1003.33,1797.29,13.19,20.966,7500.0,0.667,PM2.5-1HR
950,ITA_IT1692A,2026-02-19,13.6,5.39,87.08,1.38,2.84,317.42,1003.02,11603.77,13.04,20.756,7500.0,0.866,PM2.5-1HR
950,ITA_IT0477A,2026-02-20,12.64,10.44,58.88,0,3.84,343.5,1011.02,14741.97,12.77,20.378,7500.0,0.071,PM2.5-1HR
950,ITA_IT1016A,2026-02-20,17.8,10.54,60.38,0,3.79,339.48,1011.06,13756.52,12.77,20.378,7500.0,0.579,PM2.5-1HR
950,ITA_IT1294A,2026-02-20,8.79,9.62,60.54,0,3.28,353,1011.41,1797.29,8.79,14.806,7500.0,0.667,PM2.5-1HR
950,ITA_IT1692A,2026-02-20,13.6,10.44,58.88,0,3.84,343.5,1011.02,11603.77,12.77,20.378,7500.0,0.866,PM2.5-1HR
950,ITA_IT1692A,2026-02-21,15,8.46,80.38,0,1.08,138.76,1023.5,11603.77,13.44,21.316,7500.0,0.866,PM2.5-1HR
950,ITA_IT0477A,2026-02-21,14.33,8.46,80.38,0,1.08,138.76,1023.5,14741.97,13.44,21.316,7500.0,0.071,PM2.5-1HR
950,ITA_IT1016A,2026-02-21,19.1,8.65,79.25,0,1.16,176.3,1023.55,13756.52,13.44,21.316,7500.0,0.579,PM2.5-1HR
950,ITA_IT1294A,2026-02-21,11.48,8.6,76.54,0,1.41,330.66,1023.5,1797.29,11.48,18.572,7500.0,0.667,PM2.5-1HR
950,ITA_IT0477A,2026-02-22,36.03,8.06,85.83,0,0.84,132.32,1025.14,14741.97,30.37,45.018,7500.0,0.071,PM2.5-1HR
950,ITA_IT1016A,2026-02-22,34.6,8.14,86.04,0,0.95,159.67,1025.16,13756.52,30.37,45.018,7500.0,0.579,PM2.5-1HR
950,ITA_IT1294A,2026-02-22,29.3,8.25,81.83,0,1.11,88.83,1025.14,1797.29,29.3,43.52,7500.0,0.667,PM2.5-1HR
950,ITA_IT1692A,2026-02-22,32,8.06,85.83,0,0.84,132.32,1025.14,11603.77,30.37,45.018,7500.0,0.866,PM2.5-1HR
950,ITA_IT0477A,2026-02-23,44.53,8.93,91.63,0,0.95,254.15,1020.14,14741.97,33.26,49.064,7500.0,0.071,PM2.5-1HR
950,ITA_IT1016A,2026-02-23,41.9,9.51,89,0,1.34,262.89,1020.16,13756.52,33.26,49.064,7500.0,0.579,PM2.5-1HR
950,ITA_IT1294A,2026-02-23,27.84,8.68,82.96,0,0.77,278.18,1020.15,1797.29,27.84,41.476,7500.0,0.667,PM2.5-1HR
950,ITA_IT1692A,2026-02-23,40.7,8.93,91.63,0,0.95,254.15,1020.14,11603.77,33.26,49.064,7500.0,0.866,PM2.5-1HR
950,ITA_IT0477A,2026-02-24,43.88,10.02,88.29,0,2.01,242.54,1018.49,14741.97,41.68,60.852,7500.0,0.071,PM2.5-1HR
950,ITA_IT0480A,2026-02-24,49.2,10.02,88.29,0,2.01,242.54,1018.49,11503.76,41.68,60.852,7500.0,0.344,PM2.5-1HR
950,ITA_IT1016A,2026-02-24,46.1,10.27,88.46,0,2.47,270.19,1018.51,13756.52,41.68,60.852,7500.0,0.579,PM2.5-1HR
950,ITA_IT1294A,2026-02-24,29.55,10.28,81.67,0,1.9,303.89,1018.4,1797.29,29.55,43.87,7500.0,0.667,PM2.5-1HR
950,ITA_IT1692A,2026-02-24,41.4,10.02,88.29,0,2.01,242.54,1018.49,11603.77,41.68,60.852,7500.0,0.866,PM2.5-1HR
950,ITA_IT0477A,2026-02-25,45.14,9.94,83.63,0,1.07,300.88,1025.64,14741.97,36.75,53.95,7500.0,0.071,PM2.5-1HR
950,ITA_IT0480A,2026-02-25,44.2,9.94,83.63,0,1.07,300.88,1025.64,11503.76,36.75,53.95,7500.0,0.344,PM2.5-1HR
950,ITA_IT1016A,2026-02-25,43.5,10.12,83.25,0,1.14,343.41,1025.66,13756.52,36.75,53.95,7500.0,0.579,PM2.5-1HR
950,ITA_IT1294A,2026-02-25,22.71,9.63,81.38,0,1.18,351.13,1025.8,1797.29,22.71,34.294,7500.0,0.667,PM2.5-1HR
950,ITA_IT1692A,2026-02-25,37.4,9.94,83.63,0,1.07,300.88,1025.64,11603.77,36.75,53.95,7500.0,0.866,PM2.5-1HR
950,ITA_IT0477A,2026-02-26,37.28,9.62,83.83,0,0.72,249.82,1027.45,14741.97,29.15,43.31,7500.0,0.071,PM2.5-1HR
950,ITA_IT0480A,2026-02-26,38.1,9.62,83.83,0,0.72,249.82,1027.45,11503.76,29.15,43.31,7500.0,0.344,PM2.5-1HR
950,ITA_IT1016A,2026-02-26,32.4,9.66,84.33,0,0.79,252.51,1027.53,13756.52,29.15,43.31,7500.0,0.579,PM2.5-1HR
950,ITA_IT1294A,2026-02-26,20.27,9.08,80.21,0,0.78,320.63,1027.53,1797.29,20.27,30.878,7500.0,0.667,PM2.5-1HR
950,ITA_IT1692A,2026-02-26,32,9.62,83.83,0,0.72,249.82,1027.45,11603.77,29.15,43.31,7500.0,0.866,PM2.5-1HR
950,ITA_IT0477A,2026-02-27,47.08,10.16,86.71,0,0.7,249.21,1025.83,14741.97,34.3,50.52,7500.0,0.071,PM2.5-1HR
950,ITA_IT1016A,2026-02-27,41.5,10.36,86.79,0,0.84,255.91,1025.89,13756.52,34.3,50.52,7500.0,0.579,PM2.5-1HR
950,ITA_IT1294A,2026-02-27,28.82,9.92,81.96,0,0.91,48.47,1025.9,1797.29,28.82,42.848,7500.0,0.667,PM2.5-1HR
950,ITA_IT1692A,2026-02-27,38.3,10.16,86.71,0,0.7,249.21,1025.83,11603.77,34.3,50.52,7500.0,0.866,PM2.5-1HR
950,ITA_IT0477A,2026-02-28,19.18,10.49,84.46,0,0.77,285.23,1024.29,14741.97,15.38,24.032,7500.0,0.071,PM2.5-1HR
950,ITA_IT1016A,2026-02-28,16.5,10.63,84.71,0,0.96,287.11,1024.36,13756.52,15.38,24.032,7500.0,0.579,PM2.5-1HR
950,ITA_IT1294A,2026-02-28,24.66,9.72,82.58,0,0.64,323.75,1024.4,1797.29,24.66,37.024,7500.0,0.667,PM2.5-1HR
950,ITA_IT1692A,2026-02-28,17.1,10.49,84.46,0,0.77,285.23,1024.29,11603.77,15.38,24.032,7500.0,0.866,PM2.5-1HR
950,ITA_IT0477A,2026-03-01,40.17,9.91,91.25,0.03,1.66,79.35,1025.62,14741.97,33.5,49.4,7500.0,0.071,PM2.5-1HR
950,ITA_IT1016A,2026-03-01,40.4,10.17,91.13,0.05,1.76,68.33,1025.63,13756.52,33.5,49.4,7500.0,0.579,PM2.5-1HR
950,ITA_IT1294A,2026-03-01,36.14,9.5,89.79,0.04,1.56,50.92,1025.62,1797.29,36.14,53.096,7500.0,0.667,PM2.5-1HR
950,ITA_IT1692A,2026-03-01,34.8,9.91,91.25,0.03,1.66,79.35,1025.62,11603.77,33.5,49.4,7500.0,0.866,PM2.5-1HR
950,ITA_IT0477A,2026-03-02,38.27,9.84,88.5,0.07,1.23,83.48,1025.86,14741.97,30.07,44.598,7500.0,0.071,PM2.5-1HR
950,ITA_IT1016A,2026-03-02,36,10.02,88.08,0.07,1.42,78.59,1025.88,13756.52,30.07,44.598,7500.0,0.579,PM2.5-1HR
950,ITA_IT1294A,2026-03-02,36.87,9.78,87.67,0.12,1.48,60.85,1025.91,1797.29,36.87,54.118,7500.0,0.667,PM2.5-1HR
950,ITA_IT1692A,2026-03-02,30.8,9.84,88.5,0.07,1.23,83.48,1025.86,11603.77,30.07,44.598,7500.0,0.866,PM2.5-1HR
950,ITA_IT0477A,2026-03-03,36.57,10.58,81.92,0,1.05,97.56,1027.7,14741.97,30.88,45.732,7500.0,0.071,PM2.5-1HR
950,ITA_IT1016A,2026-03-03,35.1,10.65,83,0.02,1.14,94.56,1027.76,13756.52,30.88,45.732,7500.0,0.579,PM2.5-1HR
950,ITA_IT1294A,2026-03-03,21.73,10.79,79.67,0.04,0.87,52.14,1027.78,1797.29,21.73,32.922,7500.0,0.667,PM2.5-1HR
950,ITA_IT1692A,2026-03-03,33.1,10.58,81.92,0,1.05,97.56,1027.7,11603.77,30.88,45.732,7500.0,0.866,PM2.5-1HR
950,ITA_IT0477A,2026-03-04,44.43,10.23,83.58,0,0.84,123.64,1027.57,14741.97,40.36,59.004,7500.0,0.071,PM2.5-1HR
950,ITA_IT1016A,2026-03-04,47.6,10.38,83.71,0,0.88,102.98,1027.64,13756.52,40.36,59.004,7500.0,0.579,PM2.5-1HR
950,ITA_IT1294A,2026-03-04,31.99,10.4,77.42,0,0.9,66.87,1027.63,1797.29,31.99,47.286,7500.0,0.667,PM2.5-1HR
950,ITA_IT1692A,2026-03-04,42.5,10.23,83.58,0,0.84,123.64,1027.57,11603.77,40.36,59.004,7500.0,0.866,PM2.5-1HR
950,ITA_IT0477A,2026-03-05,43.69,9.45,86.29,0,0.89,107.9,1026.79,14741.97,41.24,60.236,7500.0,0.071,PM2.5-1HR
950,ITA_IT0480A,2026-03-05,47,9.45,86.29,0,0.89,107.9,1026.79,11503.76,41.24,60.236,7500.0,0.344,PM2.5-1HR
950,ITA_IT1016A,2026-03-05,46.2,9.37,87.38,0,1.23,89.94,1026.85,13756.52,41.24,60.236,7500.0,0.579,PM2.5-1HR
950,ITA_IT1294A,2026-03-05,44.69,9.52,83.13,0,0.96,46.28,1026.85,1797.29,44.69,65.066,7500.0,0.667,PM2.5-1HR
950,ITA_IT1692A,2026-03-05,37.6,9.45,86.29,0,0.89,107.9,1026.79,11603.77,41.24,60.236,7500.0,0.866,PM2.5-1HR
950,ITA_IT0477A,2026-03-06,46.59,9.7,85.67,0,0.62,32.38,1025.11,14741.97,42.96,62.644,7500.0,0.071,PM2.5-1HR
950,ITA_IT0480A,2026-03-06,50.1,9.7,85.67,0,0.62,32.38,1025.11,11503.76,42.96,62.644,7500.0,0.344,PM2.5-1HR
950,ITA_IT1016A,2026-03-06,49.4,9.67,86.5,0,0.79,46.69,1025.17,13756.52,42.96,62.644,7500.0,0.579,PM2.5-1HR
950,ITA_IT1294A,2026-03-06,41.03,9.78,80.92,0,0.84,39.47,1025.15,1797.29,41.03,59.942,7500.0,0.667,PM2.5-1HR
950,ITA_IT1692A,2026-03-06,43.3,9.7,85.67,0,0.62,32.38,1025.11,11603.77,42.96,62.644,7500.0,0.866,PM2.5-1HR
950,ITA_IT0477A,2026-03-07,41.71,10.41,75.25,0,0.83,345.24,1025.91,14741.97,35.93,52.802,7500.0,0.071,PM2.5-1HR
950,ITA_IT0480A,2026-03-07,43.4,10.41,75.25,0,0.83,345.24,1025.91,11503.76,35.93,52.802,7500.0,0.344,PM2.5-1HR
950,ITA_IT1016A,2026-03-07,43.6,10.57,76.33,0,0.94,32.6,1025.95,13756.52,35.93,52.802,7500.0,0.579,PM2.5-1HR
950,ITA_IT1294A,2026-03-07,32.97,10.05,72.29,0,1.05,33.8,1025.97,1797.29,32.97,48.658,7500.0,0.667,PM2.5-1HR
950,ITA_IT1692A,2026-03-07,38.6,10.41,75.25,0,0.83,345.24,1025.91,11603.77,35.93,52.802,7500.0,0.866,PM2.5-1HR
950,ITA_IT0477A,2026-03-08,35.48,10.54,74.38,0,0.81,81.44,1026.48,14741.97,30.37,45.018,7500.0,0.071,PM2.5-1HR
950,ITA_IT0480A,2026-03-08,35.2,10.54,74.38,0,0.81,81.44,1026.48,11503.76,30.37,45.018,7500.0,0.344,PM2.5-1HR
950,ITA_IT1016A,2026-03-08,35.5,10.73,74.83,0,0.99,49.6,1026.54,13756.52,30.37,45.018,7500.0,0.579,PM2.5-1HR
950,ITA_IT1294A,2026-03-08,21,10.22,70.04,0,1.26,54.2,1026.49,1797.29,21,31.9,7500.0,0.667,PM2.5-1HR
950,ITA_IT1692A,2026-03-08,31.6,10.54,74.38,0,0.81,81.44,1026.48,11603.77,30.37,45.018,7500.0,0.866,PM2.5-1HR
950,ITA_IT0477A,2026-03-09,38.43,11.4,76.58,0,0.78,309.31,1024.98,14741.97,32.81,48.434,7500.0,0.071,PM2.5-1HR
950,ITA_IT0480A,2026-03-09,37.8,11.4,76.58,0,0.78,309.31,1024.98,11503.76,32.81,48.434,7500.0,0.344,PM2.5-1HR
950,ITA_IT1016A,2026-03-09,38.8,11.58,77.46,0.02,0.76,339.52,1025.07,13756.52,32.81,48.434,7500.0,0.579,PM2.5-1HR
950,ITA_IT1294A,2026-03-09,32.97,11.08,70,0,1.15,348.83,1025.19,1797.29,32.97,48.658,7500.0,0.667,PM2.5-1HR
950,ITA_IT1692A,2026-03-09,34.5,11.4,76.58,0,0.78,309.31,1024.98,11603.77,32.81,48.434,7500.0,0.866,PM2.5-1HR
950,ITA_IT0477A,2026-03-10,48.65,10.38,83.79,0.3,1.33,346.42,1024,14741.97,44.05,64.17,7500.0,0.071,PM2.5-1HR
950,ITA_IT0480A,2026-03-10,48.6,10.38,83.79,0.3,1.33,346.42,1024,11503.76,44.05,64.17,7500.0,0.344,PM2.5-1HR
950,ITA_IT1016A,2026-03-10,46.5,10.52,84.46,0.2,1.44,352.58,1024.04,13756.52,44.05,64.17,7500.0,0.579,PM2.5-1HR
950,ITA_IT1294A,2026-03-10,41.76,9.53,88.08,0.12,1.23,358.17,1024.19,1797.29,41.76,60.964,7500.0,0.667,PM2.5-1HR
950,ITA_IT1692A,2026-03-10,42.7,10.38,83.79,0.3,1.33,346.42,1024,11603.77,44.05,64.17,7500.0,0.866,PM2.5-1HR
950,ITA_IT0477A,2026-03-11,48.94,10.33,83.58,0.01,1.24,259.38,1023.04,14741.97,41.9,61.16,7500.0,0.071,PM2.5-1HR
950,ITA_IT0480A,2026-03-11,48.7,10.33,83.58,0.01,1.24,259.38,1023.04,11503.76,41.9,61.16,7500.0,0.344,PM2.5-1HR
950,ITA_IT1016A,2026-03-11,48.4,10.44,84.08,0,1.34,270.12,1023.13,13756.52,41.9,61.16,7500.0,0.579,PM2.5-1HR
950,ITA_IT1294A,2026-03-11,33.7,10.05,82.46,0,1,253.09,1023.2,1797.29,33.7,49.68,7500.0,0.667,PM2.5-1HR
950,ITA_IT1692A,2026-03-11,44.3,10.33,83.58,0.01,1.24,259.38,1023.04,11603.77,41.9,61.16,7500.0,0.866,PM2.5-1HR
950,ITA_IT0477A,2026-03-12,34.98,11.95,77.96,0.07,0.82,338.69,1021.13,14741.97,27.24,40.636,7500.0,0.071,PM2.5-1HR
950,ITA_IT0480A,2026-03-12,33,11.95,77.96,0.07,0.82,338.69,1021.13,11503.76,27.24,40.636,7500.0,0.344,PM2.5-1HR
950,ITA_IT1016A,2026-03-12,32.9,12.1,79.04,0.05,0.83,326.98,1021.21,13756.52,27.24,40.636,7500.0,0.579,PM2.5-1HR
950,ITA_IT1294A,2026-03-12,21,11.72,76.83,0.06,1.21,205.53,1021.23,1797.29,21,31.9,7500.0,0.667,PM2.5-1HR
950,ITA_IT1692A,2026-03-12,26.4,11.95,77.96,0.07,0.82,338.69,1021.13,11603.77,27.24,40.636,7500.0,0.866,PM2.5-1HR
950,ITA_IT0477A,2026-03-13,31.89,11.89,76.67,0.02,0.89,87.25,1017.72,14741.97,18.81,28.834,7500.0,0.071,PM2.5-1HR
950,ITA_IT0480A,2026-03-13,29.37,11.89,76.67,0.02,0.89,87.25,1017.72,11503.76,18.81,28.834,7500.0,0.344,PM2.5-1HR
950,ITA_IT1016A,2026-03-13,34.43,11.98,77.88,0,0.94,87.32,1017.77,13756.52,18.81,28.834,7500.0,0.579,PM2.5-1HR
950,ITA_IT1692A,2026-03-13,30.32,11.89,76.67,0.02,0.89,87.25,1017.72,11603.77,18.81,28.834,7500.0,0.866,PM2.5-1HR
950,ITA_IT0480A,2026-03-14,15.55,9.72,87.79,1.23,3.67,76.64,1003.78,11503.76,5.77,10.578,7500.0,0.344,PM2.5-1HR
950,ITA_IT1016A,2026-03-14,17.68,9.93,89.04,1.08,3.71,70.08,1003.7,13756.52,5.77,10.578,7500.0,0.579,PM2.5-1HR
950,ITA_IT1692A,2026-03-14,16.48,9.72,87.79,1.23,3.67,76.64,1003.78,11603.77,5.77,10.578,7500.0,0.866,PM2.5-1HR
950,ITA_IT0480A,2026-03-15,5.1,9.98,80.79,0.87,2.55,353.02,1007.12,11503.76,5.77,10.578,7500.0,0.344,PM2.5-1HR
950,ITA_IT1016A,2026-03-15,8.35,10.25,81.33,0.92,2.99,353.56,1007.05,13756.52,5.77,10.578,7500.0,0.579,PM2.5-1HR
950,ITA_IT1692A,2026-03-15,4.8,9.98,80.79,0.87,2.55,353.02,1007.12,11603.77,5.77,10.578,7500.0,0.866,PM2.5-1HR
950,ITA_IT0480A,2026-03-16,6.85,12.22,59.92,0,2.24,307.4,1014.33,11503.76,7.63,13.182,7500.0,0.344,PM2.5-1HR
950,ITA_IT1016A,2026-03-16,9.58,12.44,61,0,2.35,302.61,1014.44,13756.52,7.63,13.182,7500.0,0.579,PM2.5-1HR
950,ITA_IT1692A,2026-03-16,6.87,12.22,59.92,0,2.24,307.4,1014.33,11603.77,7.63,13.182,7500.0,0.866,PM2.5-1HR
950,ITA_IT0477A,2026-03-17,7.82,11.59,59.88,0,2.01,62.98,1017.15,14741.97,7.52,13.028,7500.0,0.071,PM2.5-1HR
950,ITA_IT0480A,2026-03-17,8.1,11.59,59.88,0,2.01,62.98,1017.15,11503.76,7.52,13.028,7500.0,0.344,PM2.5-1HR
950,ITA_IT1016A,2026-03-17,9.5,11.67,61.46,0,2.42,66.95,1017.16,13756.52,7.52,13.028,7500.0,0.579,PM2.5-1HR
950,ITA_IT1692A,2026-03-17,7.2,11.59,59.88,0,2.01,62.98,1017.15,11603.77,7.52,13.028,7500.0,0.866,PM2.5-1HR
950,ITA_IT0477A,2026-03-18,5.01,10.34,59,0,1.94,1.75,1018.64,14741.97,5.95,10.83,7500.0,0.071,PM2.5-1HR
950,ITA_IT0480A,2026-03-18,8.4,10.34,59,0,1.94,1.75,1018.64,11503.76,5.95,10.83,7500.0,0.344,PM2.5-1HR
950,ITA_IT1016A,2026-03-18,7.6,10.65,57.92,0,2.26,5.82,1018.65,13756.52,5.95,10.83,7500.0,0.579,PM2.5-1HR
950,ITA_IT1692A,2026-03-18,6.1,10.34,59,0,1.94,1.75,1018.64,11603.77,5.95,10.83,7500.0,0.866,PM2.5-1HR
950,ITA_IT0477A,2026-03-19,10.81,11.09,56.63,0,1.71,309.6,1019.21,14741.97,13.45,21.33,7500.0,0.071,PM2.5-1HR
950,ITA_IT0480A,2026-03-19,14.8,11.09,56.63,0,1.71,309.6,1019.21,11503.76,13.45,21.33,7500.0,0.344,PM2.5-1HR
950,ITA_IT1016A,2026-03-19,17.2,11.27,56.71,0,1.93,5.98,1019.26,13756.52,13.45,21.33,7500.0,0.579,PM2.5-1HR
950,ITA_IT1692A,2026-03-19,16.2,11.09,56.63,0,1.71,309.6,1019.21,11603.77,13.45,21.33,7500.0,0.866,PM2.5-1HR
950,ITA_IT0477A,2026-03-20,18.11,10.29,57.92,0,1.27,101.51,1017.35,14741.97,15.24,23.836,7500.0,0.071,PM2.5-1HR
950,ITA_IT0480A,2026-03-20,19.07,10.29,57.92,0,1.27,101.51,1017.35,11503.76,15.24,23.836,7500.0,0.344,PM2.5-1HR
950,ITA_IT1016A,2026-03-20,18.83,10.4,58.42,0,1.71,97.77,1017.42,13756.52,15.24,23.836,7500.0,0.579,PM2.5-1HR
950,ITA_IT1692A,2026-03-20,16.43,10.29,57.92,0,1.27,101.51,1017.35,11603.77,15.24,23.836,7500.0,0.866,PM2.5-1HR
950,ITA_IT0477A,2026-03-21,22.67,10.48,59.63,0,1.62,100.56,1013.81,14741.97,20.18,30.752,7500.0,0.071,PM2.5-1HR
950,ITA_IT0480A,2026-03-21,20.4,10.48,59.63,0,1.62,100.56,1013.81,11503.76,20.18,30.752,7500.0,0.344,PM2.5-1HR
950,ITA_IT1016A,2026-03-21,24.5,10.35,62.96,0,1.71,96.68,1013.87,13756.52,20.18,30.752,7500.0,0.579,PM2.5-1HR
950,ITA_IT1692A,2026-03-21,20.1,10.48,59.63,0,1.62,100.56,1013.81,11603.77,20.18,30.752,7500.0,0.866,PM2.5-1HR
950,ITA_IT0477A,2026-03-22,19.13,9.98,59.38,0,1.79,86.42,1014.58,14741.97,16.68,25.852,7500.0,0.071,PM2.5-1HR
950,ITA_IT0480A,2026-03-22,18,9.98,59.38,0,1.79,86.42,1014.58,11503.76,16.68,25.852,7500.0,0.344,PM2.5-1HR
950,ITA_IT1016A,2026-03-22,19.8,10.09,60.46,0,2.04,73.86,1014.6,13756.52,16.68,25.852,7500.0,0.579,PM2.5-1HR
950,ITA_IT1692A,2026-03-22,17.9,9.98,59.38,0,1.79,86.42,1014.58,11603.77,16.68,25.852,7500.0,0.866,PM2.5-1HR
950,ITA_IT0477A,2026-03-23,20.02,10.52,61.04,0,1.13,291.45,1016.5,14741.97,17.42,26.888,7500.0,0.071,PM2.5-1HR
950,ITA_IT0480A,2026-03-23,21.62,10.52,61.04,0,1.13,291.45,1016.5,11503.76,17.42,26.888,7500.0,0.344,PM2.5-1HR
950,ITA_IT1016A,2026-03-23,22.3,10.52,63.54,0,1.1,287.39,1016.6,13756.52,17.42,26.888,7500.0,0.579,PM2.5-1HR
950,ITA_IT1692A,2026-03-23,20.87,10.52,61.04,0,1.13,291.45,1016.5,11603.77,17.42,26.888,7500.0,0.866,PM2.5-1HR
950,ITA_IT0477A,2026-03-24,25.84,11.45,60.71,0,0.77,76.18,1020.16,14741.97,22.56,34.084,7500.0,0.071,PM2.5-1HR
950,ITA_IT0480A,2026-03-24,25.7,11.45,60.71,0,0.77,76.18,1020.16,11503.76,22.56,34.084,7500.0,0.344,PM2.5-1HR
950,ITA_IT1692A,2026-03-24,24.7,11.45,60.71,0,0.77,76.18,1020.16,11603.77,22.56,34.084,7500.0,0.866,PM2.5-1HR
950,ITA_IT1692A,2026-03-25,17.58,11.58,65.5,0.51,1.95,308.03,1008.62,11603.77,4.64,8.996,7500.0,0.866,PM2.5-1HR
950,ITA_IT0477A,2026-03-25,20.06,11.58,65.5,0.51,1.95,308.03,1008.62,14741.97,4.64,8.996,7500.0,0.071,PM2.5-1HR
950,ITA_IT0480A,2026-03-25,15.87,11.58,65.5,0.51,1.95,308.03,1008.62,11503.76,4.64,8.996,7500.0,0.344,PM2.5-1HR
950,ITA_IT1016A,2026-03-25,6.7,11.68,68.13,0.24,2.07,299.69,1008.69,13756.52,4.64,8.996,7500.0,0.579,PM2.5-1HR
950,ITA_IT1692A,2026-03-26,6.5,9.57,28.96,0,6,326.71,1001.23,11603.77,3.97,8.058,7500.0,0.866,PM2.5-1HR
950,ITA_IT0477A,2026-03-26,2.52,9.57,28.96,0,6,326.71,1001.23,14741.97,3.97,8.058,7500.0,0.071,PM2.5-1HR
950,ITA_IT0480A,2026-03-26,1.7,9.57,28.96,0,6,326.71,1001.23,11503.76,3.97,8.058,7500.0,0.344,PM2.5-1HR
950,ITA_IT1016A,2026-03-26,6.7,9.75,29.75,0,6.78,328.92,1001.23,13756.52,3.97,8.058,7500.0,0.579,PM2.5-1HR
950,ITA_IT1692A,2026-03-27,4.3,9.95,28.71,0,3.98,332.22,1008.9,11603.77,2.71,6.294,7500.0,0.866,PM2.5-1HR
950,ITA_IT0477A,2026-03-27,2.53,9.95,28.71,0,3.98,332.22,1008.9,14741.97,2.71,6.294,7500.0,0.071,PM2.5-1HR
950,ITA_IT0480A,2026-03-27,3.25,9.95,28.71,0,3.98,332.22,1008.9,11503.76,2.71,6.294,7500.0,0.344,PM2.5-1HR
950,ITA_IT1016A,2026-03-27,6.62,10.02,31.88,0,4.27,332.84,1008.91,13756.52,2.71,6.294,7500.0,0.579,PM2.5-1HR
950,ITA_IT1692A,2026-03-28,8.64,11.27,37.54,0,2.02,302.05,1011.39,11603.77,6.47,11.558,7500.0,0.866,PM2.5-1HR
950,ITA_IT0477A,2026-03-28,8.89,11.27,37.54,0,2.02,302.05,1011.39,14741.97,6.47,11.558,7500.0,0.071,PM2.5-1HR
950,ITA_IT0480A,2026-03-28,10.18,11.27,37.54,0,2.02,302.05,1011.39,11503.76,6.47,11.558,7500.0,0.344,PM2.5-1HR
950,ITA_IT1016A,2026-03-28,13.73,10.72,47.88,0,1.82,287.69,1011.51,13756.52,6.47,11.558,7500.0,0.579,PM2.5-1HR
950,ITA_IT1692A,2026-03-29,7,14.14,23.43,0,3.6,340.79,1014.84,11603.77,6.31,11.334,7500.0,0.866,PM2.5-1HR
950,ITA_IT0477A,2026-03-29,6.9,14.14,23.43,0,3.6,340.79,1014.84,14741.97,6.31,11.334,7500.0,0.071,PM2.5-1HR
950,ITA_IT0480A,2026-03-29,7,14.14,23.43,0,3.6,340.79,1014.84,11503.76,6.31,11.334,7500.0,0.344,PM2.5-1HR
950,ITA_IT1016A,2026-03-29,9,13.87,29.65,0,3.52,339.25,1014.83,13756.52,6.31,11.334,7500.0,0.579,PM2.5-1HR
950,ITA_IT0477A,2026-03-30,4.62,13,28.58,0,3.6,324.97,1014.43,14741.97,4.21,8.394,7500.0,0.071,PM2.5-1HR
950,ITA_IT0480A,2026-03-30,4.39,13,28.58,0,3.6,324.97,1014.43,11503.76,4.21,8.394,7500.0,0.344,PM2.5-1HR
950,ITA_IT1016A,2026-03-30,6.58,12.74,32.88,0,3.53,318.02,1014.55,13756.52,4.21,8.394,7500.0,0.579,PM2.5-1HR
950,ITA_IT1692A,2026-03-30,4.58,13,28.58,0,3.6,324.97,1014.43,11603.77,4.21,8.394,7500.0,0.866,PM2.5-1HR
950,ITA_IT0477A,2026-03-31,2.63,11.56,21.75,0,5.57,354.41,1015.14,14741.97,3.46,7.344,7500.0,0.071,PM2.5-1HR
950,ITA_IT0480A,2026-03-31,2.94,11.56,21.75,0,5.57,354.41,1015.14,11503.76,3.46,7.344,7500.0,0.344,PM2.5-1HR
950,ITA_IT1016A,2026-03-31,6.5,11.85,21.17,0,6.02,355.83,1015.05,13756.52,3.46,7.344,7500.0,0.579,PM2.5-1HR
950,ITA_IT1692A,2026-03-31,4.11,11.56,21.75,0,5.57,354.41,1015.14,11603.77,3.46,7.344,7500.0,0.866,PM2.5-1HR
950,ITA_IT1692A,2026-04-01,4.48,11.28,24,0,2.28,315.82,1014.94,11603.77,3.8,7.82,7500.0,0.866,PM2.5-1HR
950,ITA_IT0477A,2026-04-01,4.07,11.28,24,0,2.28,315.82,1014.94,14741.97,3.8,7.82,7500.0,0.071,PM2.5-1HR
950,ITA_IT0480A,2026-04-01,3.57,11.28,24,0,2.28,315.82,1014.94,11503.76,3.8,7.82,7500.0,0.344,PM2.5-1HR
950,ITA_IT1016A,2026-04-01,7.74,11.17,24.54,0,2.46,333.07,1015.01,13756.52,3.8,7.82,7500.0,0.579,PM2.5-1HR
950,ITA_IT1692A,2026-04-02,10.63,12.88,32.92,0,2.01,328.64,1008.03,11603.77,5.22,9.808,7500.0,0.866,PM2.5-1HR
950,ITA_IT0477A,2026-04-02,10.64,12.88,32.92,0,2.01,328.64,1008.03,14741.97,5.22,9.808,7500.0,0.071,PM2.5-1HR
950,ITA_IT0480A,2026-04-02,10.4,12.88,32.92,0,2.01,328.64,1008.03,11503.76,5.22,9.808,7500.0,0.344,PM2.5-1HR
950,ITA_IT1016A,2026-04-02,14.6,12.75,34.58,0,2.03,324.7,1008.1,13756.52,5.22,9.808,7500.0,0.579,PM2.5-1HR
950,ITA_IT0477A,2026-04-03,9,16.16,27.88,0,2.58,293.59,1012.45,14741.97,9.39,15.646,7500.0,0.071,PM2.5-1HR
950,ITA_IT0480A,2026-04-03,10.22,16.16,27.88,0,2.58,293.59,1012.45,11503.76,9.39,15.646,7500.0,0.344,PM2.5-1HR
950,ITA_IT1692A,2026-04-03,11,16.16,27.88,0,2.58,293.59,1012.45,11603.77,9.39,15.646,7500.0,0.866,PM2.5-1HR
950,ITA_IT0477A,2026-04-04,14.42,16.93,31.96,0,1.45,77.96,1019.58,14741.97,11.74,18.936,7500.0,0.071,PM2.5-1HR
950,ITA_IT0480A,2026-04-04,16.8,16.93,31.96,0,1.45,77.96,1019.58,11503.76,11.74,18.936,7500.0,0.344,PM2.5-1HR
950,ITA_IT1016A,2026-04-04,22.2,16.6,34.54,0,1.47,75.02,1019.65,13756.52,11.74,18.936,7500.0,0.579,PM2.5-1HR
950,ITA_IT1692A,2026-04-04,16.07,16.93,31.96,0,1.45,77.96,1019.58,11603.77,11.74,18.936,7500.0,0.866,PM2.5-1HR
950,ITA_IT0477A,2026-04-05,20.55,17.64,41.42,0,1.51,151.05,1022.95,14741.97,12.63,20.182,7500.0,0.071,PM2.5-1HR
950,ITA_IT0480A,2026-04-05,16.52,17.64,41.42,0,1.51,151.05,1022.95,11503.76,12.63,20.182,7500.0,0.344,PM2.5-1HR
950,ITA_IT1016A,2026-04-05,17.55,17.1,46.38,0,1.62,132.99,1023.04,13756.52,12.63,20.182,7500.0,0.579,PM2.5-1HR
950,ITA_IT1692A,2026-04-05,12.62,17.64,41.42,0,1.51,151.05,1022.95,11603.77,12.63,20.182,7500.0,0.866,PM2.5-1HR
950,ITA_IT0477A,2026-04-06,8.3,18.37,53,0,2.05,244.97,1022.47,14741.97,7.81,13.434,7500.0,0.071,PM2.5-1HR
950,ITA_IT0480A,2026-04-06,10.5,18.37,53,0,2.05,244.97,1022.47,11503.76,7.81,13.434,7500.0,0.344,PM2.5-1HR
950,ITA_IT1016A,2026-04-06,10.24,17.87,56.92,0,2.32,250.65,1022.57,13756.52,7.81,13.434,7500.0,0.579,PM2.5-1HR
950,ITA_IT1692A,2026-04-06,7.85,18.37,53,0,2.05,244.97,1022.47,11603.77,7.81,13.434,7500.0,0.866,PM2.5-1HR
950,ITA_IT0477A,2026-04-07,7.97,17.82,59.5,0,2.19,244.84,1021.02,14741.97,7.62,13.168,7500.0,0.071,PM2.5-1HR
950,ITA_IT0480A,2026-04-07,8.85,17.82,59.5,0,2.19,244.84,1021.02,11503.76,7.62,13.168,7500.0,0.344,PM2.5-1HR
950,ITA_IT1016A,2026-04-07,10,17.43,62.29,0,2.5,251.42,1021.12,13756.52,7.62,13.168,7500.0,0.579,PM2.5-1HR
950,ITA_IT1692A,2026-04-07,8.18,17.82,59.5,0,2.19,244.84,1021.02,11603.77,7.62,13.168,7500.0,0.866,PM2.5-1HR
950,ITA_IT0477A,2026-04-08,9.18,17.98,60.33,0,1.51,208.45,1019.22,14741.97,7.83,13.462,7500.0,0.071,PM2.5-1HR
950,ITA_IT0480A,2026-04-08,11.86,17.98,60.33,0,1.51,208.45,1019.22,11503.76,7.83,13.462,7500.0,0.344,PM2.5-1HR
950,ITA_IT1016A,2026-04-08,15.74,17.68,62.46,0,1.45,210.95,1019.28,13756.52,7.83,13.462,7500.0,0.579,PM2.5-1HR
950,ITA_IT1692A,2026-04-08,12.98,17.98,60.33,0,1.51,208.45,1019.22,11603.77,7.83,13.462,7500.0,0.866,PM2.5-1HR
950,ITA_IT0477A,2026-04-09,15.91,17.81,47.83,0,1.86,117.37,1017.3,14741.97,12.17,19.538,7500.0,0.071,PM2.5-1HR
950,ITA_IT0477A,2026-04-10,13.28,16.85,54.13,0,1.66,121.06,1014.57,14741.97,12.69,20.266,7500.0,0.071,PM2.5-1HR
950,ITA_IT0477A,2026-04-11,11.08,17.1,46.92,0,1.71,123.45,1014.99,14741.97,11.59,18.726,7500.0,0.071,PM2.5-1HR
950,ITA_IT0477A,2026-04-12,15.73,16.1,57.04,0.01,2.3,89.91,1013.63,14741.97,12.24,19.636,7500.0,0.071,PM2.5-1HR
950,ITA_IT0477A,2026-04-13,17.35,14.43,75.21,0.35,2.23,23.32,1008.5,14741.97,12.03,19.342,7500.0,0.071,PM2.5-1HR
950,ITA_IT0477A,2026-04-19,11.02,18.82,63.75,0.37,1.52,37.59,1015.61,14741.97,12.29,19.706,7500.0,0.071,PM2.5-1HR
950,ITA_IT0477A,2026-04-20,14.52,17.37,69.25,0.07,1.05,90.53,1012.18,14741.97,9.26,15.464,7500.0,0.071,PM2.5-1HR
950,ITA_IT0477A,2026-04-21,8.08,15.71,70.92,0.44,2.46,85.63,1012.5,14741.97,10.65,17.41,7500.0,0.071,PM2.5-1HR
950,ITA_IT0477A,2026-04-22,6.45,14.17,58.79,0.05,2.11,74.02,1019.01,14741.97,7.34,12.776,7500.0,0.071,PM2.5-1HR
950,ITA_IT0477A,2026-04-23,10.8,15.8,53.21,0,1.31,191.75,1022.06,14741.97,6.46,11.544,7500.0,0.071,PM2.5-1HR
950,ITA_IT0477A,2026-04-24,12.3,18.41,44.42,0,1.63,261.56,1016.98,14741.97,9.8,16.22,7500.0,0.071,PM2.5-1HR
950,ITA_IT0477A,2026-04-25,7.42,18.75,44.88,0,1.94,252.52,1015.36,14741.97,9.42,15.688,7500.0,0.071,PM2.5-1HR
950,ITA_IT0477A,2026-04-26,9.19,19.6,54.92,0,1.84,234.45,1016.53,14741.97,6.77,11.978,7500.0,0.071,PM2.5-1HR
950,ITA_IT0477A,2026-04-27,13.27,20.76,49.46,0,1.48,205.36,1017.01,14741.97,8.06,13.784,7500.0,0.071,PM2.5-1HR
950,ITA_IT0477A,2026-04-28,11.28,20.29,50.67,0,1.48,356.74,1015.14,14741.97,10.27,16.878,7500.0,0.071,PM2.5-1HR
950,ITA_IT0477A,2026-04-29,13.41,18.97,60.5,0.23,2.38,80.34,1016.34,14741.97,11.88,19.132,7500.0,0.071,PM2.5-1HR
950,ITA_IT0477A,2026-04-30,9.35,16.23,45.17,0.01,2.94,102.84,1023.02,14741.97,10.55,17.27,7500.0,0.071,PM2.5-1HR
950,ITA_IT0477A,2026-05-01,8.21,16.28,32.63,0,1.81,115.48,1026.71,14741.97,8.95,15.03,7500.0,0.071,PM2.5-1HR
950,ITA_IT0477A,2026-05-02,9.9,18.6,33.42,0,1.03,198.79,1024.15,14741.97,9.38,15.632,7500.0,0.071,PM2.5-1HR
950,ITA_IT0477A,2026-05-03,8.77,19.8,32.83,0,1.3,241.55,1018.49,14741.97,8.1,13.84,7500.0,0.071,PM2.5-1HR
950,ITA_IT0477A,2026-05-04,7.24,18.47,40.13,0,2.07,279.22,1017.05,14741.97,8.7,14.68,7500.0,0.071,PM2.5-1HR
950,ITA_IT0477A,2026-05-05,9.17,15.08,74.04,0.23,2.11,64.36,1013.35,14741.97,7.36,12.804,7500.0,0.071,PM2.5-1HR
950,ITA_IT0477A,2026-05-06,11.28,14.28,87.54,1.15,2.93,87.39,1009.54,14741.97,8.55,14.47,7500.0,0.071,PM2.5-1HR
950,ITA_IT0477A,2026-05-07,3.12,15.61,71.42,0.45,1.42,248.97,1012.58,14741.97,6.92,12.188,7500.0,0.071,PM2.5-1HR
950,ITA_IT0477A,2026-05-11,10.3,15.38,85.63,0.5,1.42,55.73,1006.83,14741.97,6.95,12.23,7500.0,0.071,PM2.5-1HR
950,ITA_IT1016A,2026-05-11,11.47,15.55,86.33,0.43,1.32,55.67,1006.87,13756.52,6.95,12.23,7500.0,0.579,PM2.5-1HR
950,ITA_IT1294A,2026-05-11,7.06,15.78,83.42,0.25,1.35,24.54,1006.81,1797.29,6.59,11.726,7500.0,0.667,PM2.5-1HR
950,ITA_IT1692A,2026-05-11,7.29,15.38,85.63,0.5,1.42,55.73,1006.83,11603.77,6.95,12.23,7500.0,0.866,PM2.5-1HR
950,ITA_IT0477A,2026-05-12,2.62,15.75,52.83,0.02,3.51,349.7,1005.38,14741.97,4.83,9.262,7500.0,0.071,PM2.5-1HR
950,ITA_IT1016A,2026-05-12,9.27,16.05,54.79,0,3.52,345.6,1005.43,13756.52,4.83,9.262,7500.0,0.579,PM2.5-1HR
950,ITA_IT1294A,2026-05-12,0.24,15.6,50.29,0,4.07,9.27,1005.71,1797.29,0,2.5,7500.0,0.667,PM2.5-1HR
950,ITA_IT1692A,2026-05-12,4.59,15.75,52.83,0.02,3.51,349.7,1005.38,11603.77,4.83,9.262,7500.0,0.866,PM2.5-1HR
950,ITA_IT0477A,2026-05-13,4.98,15.31,55.04,0,1.82,99.66,1008.02,14741.97,4.74,9.136,7500.0,0.071,PM2.5-1HR
950,ITA_IT1016A,2026-05-13,9.97,15.57,55.75,0,2.25,93.11,1008.02,13756.52,4.74,9.136,7500.0,0.579,PM2.5-1HR
950,ITA_IT1294A,2026-05-13,6.3,14.96,56.38,0,1.82,78.89,1008.15,1797.29,0,2.5,7500.0,0.667,PM2.5-1HR
950,ITA_IT1692A,2026-05-13,5.74,15.31,55.04,0,1.82,99.66,1008.02,11603.77,4.74,9.136,7500.0,0.866,PM2.5-1HR
950,ITA_IT0477A,2026-05-14,9.58,13.08,81.25,0.61,2.16,82.59,1000.77,14741.97,6.75,11.95,7500.0,0.071,PM2.5-1HR
950,ITA_IT1016A,2026-05-14,12.01,13.28,82.88,0.85,2.33,76.91,1000.77,13756.52,6.75,11.95,7500.0,0.579,PM2.5-1HR
950,ITA_IT1294A,2026-05-14,12.43,12.73,83.04,0.3,2.19,46.14,1000.74,1797.29,6.59,11.726,7500.0,0.667,PM2.5-1HR
950,ITA_IT1692A,2026-05-14,7.33,13.08,81.25,0.61,2.16,82.59,1000.77,11603.77,6.75,11.95,7500.0,0.866,PM2.5-1HR
950,ITA_IT0477A,2026-05-15,4.2,10.8,84.58,0.23,1.42,56.78,999.93,14741.97,3.48,7.372,7500.0,0.071,PM2.5-1HR
950,ITA_IT1016A,2026-05-15,3.89,10.91,86.38,0.41,1.56,49.67,999.93,13756.52,3.48,7.372,7500.0,0.579,PM2.5-1HR
950,ITA_IT1294A,2026-05-15,2.31,10.48,87.54,0.35,1.64,30.12,1000.06,1797.29,1.95,5.23,7500.0,0.667,PM2.5-1HR
950,ITA_IT1692A,2026-05-15,4.69,10.8,84.58,0.23,1.42,56.78,999.93,11603.77,3.48,7.372,7500.0,0.866,PM2.5-1HR
950,ITA_IT0477A,2026-05-16,9.07,14.44,61.58,0.04,1.94,307.68,1003.37,14741.97,3.24,7.036,7500.0,0.071,PM2.5-1HR
950,ITA_IT1016A,2026-05-16,10.39,14.69,61.92,0.04,1.98,299.08,1003.48,13756.52,3.24,7.036,7500.0,0.579,PM2.5-1HR
950,ITA_IT1692A,2026-05-16,6.23,14.44,61.58,0.04,1.94,307.68,1003.37,11603.77,3.24,7.036,7500.0,0.866,PM2.5-1HR
950,ITA_IT0477A,2026-05-17,4.25,15.93,48.75,0,1.57,12.8,1012.38,14741.97,4.66,9.024,7500.0,0.071,PM2.5-1HR
950,ITA_IT1016A,2026-05-17,8.09,16.14,49.25,0,1.79,341.45,1012.41,13756.52,4.66,9.024,7500.0,0.579,PM2.5-1HR
950,ITA_IT1294A,2026-05-17,4.15,16.06,46.42,0,2.49,52.18,1012.57,1797.29,4.15,8.31,7500.0,0.667,PM2.5-1HR
950,ITA_IT1692A,2026-05-17,5.04,15.93,48.75,0,1.57,12.8,1012.38,11603.77,4.66,9.024,7500.0,0.866,PM2.5-1HR
950,ITA_IT0477A,2026-05-19,7.04,16.68,66.83,0,0.7,264.8,1017.71,14741.97,4.67,9.038,7500.0,0.071,PM2.5-1HR
950,ITA_IT0477A,2026-05-20,5.67,19.97,56.08,0,1.38,270.12,1021.48,14741.97,7.35,12.79,7500.0,0.071,PM2.5-1HR
950,ITA_IT0477A,2026-05-21,9.81,23.53,45.96,0,1.05,141.19,1023.78,14741.97,6.96,12.244,7500.0,0.071,PM2.5-1HR
950,ITA_IT0477A,2026-05-22,10.58,23.46,43.8,0,2.15,94.46,1025.02,14741.97,10.74,17.536,7500.0,0.071,PM2.5-1HR
950,ITA_IT0477A,2026-05-23,11.62,26.03,36.19,0,1.41,119.25,1024.87,14741.97,11.33,18.362,7500.0,0.071,PM2.5-1HR
950,ITA_IT0477A,2026-05-24,12.63,27.62,36,0,1.62,125.36,1026.06,14741.97,12.58,20.112,7500.0,0.071,PM2.5-1HR
950,ITA_IT0477A,2026-05-25,12.21,28.94,35.21,0,1.27,301.04,1027,14741.97,11.92,19.188,7500.0,0.071,PM2.5-1HR
950,ITA_IT0477A,2026-05-26,14.28,29.67,34.58,0,1.44,247.97,1024.87,14741.97,12.26,19.664,7500.0,0.071,PM2.5-1HR
950,ITA_IT0477A,2026-05-27,13.24,30.05,31.17,0,1.53,256.1,1018.43,14741.97,13.28,21.092,7500.0,0.071,PM2.5-1HR
950,ITA_IT0477A,2026-05-28,18.35,28.96,41.92,0.04,1.79,152.04,1016.5,14741.97,13.27,21.078,7500.0,0.071,PM2.5-1HR
950,ITA_IT0477A,2026-05-29,11.61,26.54,47.38,0.03,2.35,117.33,1020.41,14741.97,12.67,20.238,7500.0,0.071,PM2.5-1HR
950,ITA_IT0477A,2026-05-30,13.18,27.49,42.79,0,1.48,161.73,1018.47,14741.97,11.95,19.23,7500.0,0.071,PM2.5-1HR
950,ITA_IT0477A,2026-05-31,11.65,27.26,44.83,0.11,1.83,246.37,1014.01,14741.97,11.25,18.25,7500.0,0.071,PM2.5-1HR
950,ITA_IT0477A,2026-06-01,7.96,25.45,56.88,0.1,2.01,165.81,1011.97,14741.97,9.13,15.282,7500.0,0.071,PM2.5-1HR
950,ITA_IT0477A,2026-06-03,2.4,21.34,65.25,0.14,1.96,292.66,1008.07,14741.97,3.83,7.862,7500.0,0.071,PM2.5-1HR
950,ITA_IT0480A,2026-06-03,4.01,21.34,65.25,0.14,1.96,292.66,1008.07,11503.76,3.83,7.862,7500.0,0.344,PM2.5-1HR
950,ITA_IT1016A,2026-06-03,6.43,21.63,65.21,0.15,2.1,287.07,1008.11,13756.52,3.83,7.862,7500.0,0.579,PM2.5-1HR
950,ITA_IT1294A,2026-06-03,2.69,21.01,67.5,0.11,1.84,297.34,1008.44,1797.29,2.69,6.266,7500.0,0.667,PM2.5-1HR
950,ITA_IT1692A,2026-06-03,4.54,21.34,65.25,0.14,1.96,292.66,1008.07,11603.77,3.83,7.862,7500.0,0.866,PM2.5-1HR
950,ITA_IT0477A,2026-06-04,4.49,20.6,67.13,0.09,2.25,107,1010.7,14741.97,4.09,8.226,7500.0,0.071,PM2.5-1HR
950,ITA_IT0477A,2026-06-05,3.56,20.33,73.46,0.48,1.81,46.37,1010.28,14741.97,5.31,9.934,7500.0,0.071,PM2.5-1HR
950,ITA_IT0477A,2026-06-06,16.08,20.14,73.33,0.57,1.89,95.35,1016.3,14741.97,9.25,15.45,7500.0,0.071,PM2.5-1HR
950,ITA_IT0477A,2026-06-11,2.21,21.63,35.21,0,2.81,333.22,1015.68,14741.97,3.8,7.82,7500.0,0.071,PM2.5-1HR
950,ITA_IT0477A,2026-06-12,1.55,23.47,44.33,0,1.72,37.06,1021.18,14741.97,6.89,12.146,7500.0,0.071,PM2.5-1HR
950,ITA_IT0477A,2026-06-13,12.38,27,38.96,0,1.42,218.69,1018.72,14741.97,10.6,17.34,7500.0,0.071,PM2.5-1HR
950,ITA_IT1294A,2026-06-13,0,25.05,52.33,0,1.57,221.58,1018.9,1797.29,0,2.5,7500.0,0.667,PM2.5-1HR
950,ITA_IT0477A,2026-06-15,6.72,26.6,42.42,0,2.43,289.66,1010.22,14741.97,7.68,13.252,7500.0,0.071,PM2.5-1HR
950,ITA_IT0477A,2026-06-16,8.7,26.08,51.54,0.01,1.9,98.23,1016.35,14741.97,6.95,12.23,7500.0,0.071,PM2.5-1HR
950,ITA_IT0480A,2026-06-16,9.63,26.08,51.54,0.01,1.9,98.23,1016.35,11503.76,6.95,12.23,7500.0,0.344,PM2.5-1HR
950,ITA_IT1016A,2026-06-16,12.4,26.07,52.04,0.03,2.03,85.54,1016.29,13756.52,6.95,12.23,7500.0,0.579,PM2.5-1HR
950,ITA_IT1294A,2026-06-16,7.08,24.81,55.25,0,1.64,62.92,1016.4,1797.29,7.08,12.412,7500.0,0.667,PM2.5-1HR
950,ITA_IT1692A,2026-06-16,5.9,26.08,51.54,0.01,1.9,98.23,1016.35,11603.77,6.95,12.23,7500.0,0.866,PM2.5-1HR
950,ITA_IT0477A,2026-06-17,11.14,29,43.46,0,1.41,239.78,1018.18,14741.97,10.09,16.626,7500.0,0.071,PM2.5-1HR
950,ITA_IT0480A,2026-06-17,13.05,29,43.46,0,1.41,239.78,1018.18,11503.76,10.09,16.626,7500.0,0.344,PM2.5-1HR
950,ITA_IT1016A,2026-06-17,17.26,28.74,44.63,0,1.84,231.08,1018.19,13756.52,10.09,16.626,7500.0,0.579,PM2.5-1HR
950,ITA_IT1294A,2026-06-17,7.08,26.58,53.5,0,1.58,270.85,1018.4,1797.29,7.08,12.412,7500.0,0.667,PM2.5-1HR
950,ITA_IT1692A,2026-06-17,11.65,29,43.46,0,1.41,239.78,1018.18,11603.77,10.09,16.626,7500.0,0.866,PM2.5-1HR
950,ITA_IT0477A,2026-06-18,11.43,30.43,39.25,0,1.43,174.3,1018.7,14741.97,12.12,19.468,7500.0,0.071,PM2.5-1HR
950,ITA_IT0480A,2026-06-18,14.63,30.43,39.25,0,1.43,174.3,1018.7,11503.76,12.12,19.468,7500.0,0.344,PM2.5-1HR
950,ITA_IT1016A,2026-06-18,18.26,30.25,39.33,0,1.42,181.66,1018.7,13756.52,12.12,19.468,7500.0,0.579,PM2.5-1HR
950,ITA_IT1294A,2026-06-18,9.04,27.8,51.25,0,1.07,192.97,1018.88,1797.29,9.04,15.156,7500.0,0.667,PM2.5-1HR
950,ITA_IT1692A,2026-06-18,13.42,30.43,39.25,0,1.43,174.3,1018.7,11603.77,12.12,19.468,7500.0,0.866,PM2.5-1HR
950,ITA_IT0477A,2026-06-19,15.76,30.75,42.04,0.02,1.56,111.71,1018.44,14741.97,14.05,22.17,7500.0,0.071,PM2.5-1HR
950,ITA_IT0480A,2026-06-19,17.76,30.75,42.04,0.02,1.56,111.71,1018.44,11503.76,14.05,22.17,7500.0,0.344,PM2.5-1HR
950,ITA_IT1016A,2026-06-19,20.21,30.66,42.67,0.02,1.62,103.62,1018.38,13756.52,14.05,22.17,7500.0,0.579,PM2.5-1HR
950,ITA_IT1294A,2026-06-19,9.52,28.46,50.79,0,1.35,54.73,1018.54,1797.29,9.52,15.828,7500.0,0.667,PM2.5-1HR
950,ITA_IT1692A,2026-06-19,15.99,30.75,42.04,0.02,1.56,111.71,1018.44,11603.77,14.05,22.17,7500.0,0.866,PM2.5-1HR
950,ITA_IT0477A,2026-06-20,14.39,30.55,46.92,0.08,1.19,309.1,1019.7,14741.97,13.49,21.386,7500.0,0.071,PM2.5-1HR
950,ITA_IT0480A,2026-06-20,15.39,30.55,46.92,0.08,1.19,309.1,1019.7,11503.76,13.49,21.386,7500.0,0.344,PM2.5-1HR
950,ITA_IT1016A,2026-06-20,15.95,30.53,48.58,0.08,1.42,266.88,1019.64,13756.52,13.49,21.386,7500.0,0.579,PM2.5-1HR
950,ITA_IT1294A,2026-06-20,13.48,28.27,58,0.03,1.67,283.46,1019.98,1797.29,9.04,15.156,7500.0,0.667,PM2.5-1HR
950,ITA_IT1692A,2026-06-20,16.2,30.55,46.92,0.08,1.19,309.1,1019.7,11603.77,13.49,21.386,7500.0,0.866,PM2.5-1HR
950,ITA_IT0477A,2026-06-21,12.61,30.78,45.63,0,1.35,81.1,1022.63,14741.97,12.26,19.664,7500.0,0.071,PM2.5-1HR
950,ITA_IT0480A,2026-06-21,12.59,30.78,45.63,0,1.35,81.1,1022.63,11503.76,12.26,19.664,7500.0,0.344,PM2.5-1HR
950,ITA_IT1016A,2026-06-21,15.7,30.64,46.83,0,1.52,66.5,1022.53,13756.52,12.26,19.664,7500.0,0.579,PM2.5-1HR
950,ITA_IT1294A,2026-06-21,13.68,29,53.67,0,1.84,29.24,1022.73,1797.29,13.68,21.652,7500.0,0.667,PM2.5-1HR
950,ITA_IT1692A,2026-06-21,12.72,30.78,45.63,0,1.35,81.1,1022.63,11603.77,12.26,19.664,7500.0,0.866,PM2.5-1HR
950,ITA_IT1692A,2026-06-22,13.08,30.93,46.08,0.01,1.03,56.12,1021.15,11603.77,11.86,19.104,7500.0,0.866,PM2.5-1HR
950,ITA_IT0477A,2026-06-22,13,30.93,46.08,0.01,1.03,56.12,1021.15,14741.97,11.86,19.104,7500.0,0.071,PM2.5-1HR
950,ITA_IT0480A,2026-06-22,12.88,30.93,46.08,0.01,1.03,56.12,1021.15,11503.76,11.86,19.104,7500.0,0.344,PM2.5-1HR
950,ITA_IT1016A,2026-06-22,15.7,31.11,45.67,0.02,1.25,106.12,1021.07,13756.52,11.86,19.104,7500.0,0.579,PM2.5-1HR
950,ITA_IT1294A,2026-06-22,10.26,29.18,56,0,1.48,32.5,1021.29,1797.29,10.26,16.864,7500.0,0.667,PM2.5-1HR
950,ITA_IT1692A,2026-06-23,12.71,30.01,55.25,0.23,1.65,235.34,1017.85,11603.77,11.66,18.824,7500.0,0.866,PM2.5-1HR
950,ITA_IT0477A,2026-06-23,15.19,30.01,55.25,0.23,1.65,235.34,1017.85,14741.97,11.66,18.824,7500.0,0.071,PM2.5-1HR
950,ITA_IT0480A,2026-06-23,13.67,30.01,55.25,0.23,1.65,235.34,1017.85,11503.76,11.66,18.824,7500.0,0.344,PM2.5-1HR
950,ITA_IT1016A,2026-06-23,18.97,30.03,56.42,0.29,2,229.6,1017.81,13756.52,11.66,18.824,7500.0,0.579,PM2.5-1HR
950,ITA_IT1294A,2026-06-23,3.42,28.82,63.67,0.09,1.84,248.12,1017.98,1797.29,3.42,7.288,7500.0,0.667,PM2.5-1HR
950,ITA_IT0477A,2026-06-24,12.8,29.78,54.08,0.2,1.82,104.92,1016.61,14741.97,12.68,20.252,7500.0,0.071,PM2.5-1HR
950,ITA_IT0480A,2026-06-24,12.35,29.78,54.08,0.2,1.82,104.92,1016.61,11503.76,12.68,20.252,7500.0,0.344,PM2.5-1HR
950,ITA_IT1016A,2026-06-24,18.52,29.49,56.33,0.17,2.02,93.27,1016.55,13756.52,12.68,20.252,7500.0,0.579,PM2.5-1HR
950,ITA_IT1294A,2026-06-24,14.65,28.02,65.67,0.15,1.6,44.34,1016.65,1797.29,14.65,23.01,7500.0,0.667,PM2.5-1HR
950,ITA_IT1692A,2026-06-24,13.08,29.78,54.08,0.2,1.82,104.92,1016.61,11603.77,12.68,20.252,7500.0,0.866,PM2.5-1HR
950,ITA_IT1016A,2026-06-25,20.51,29.85,60.83,0.17,1.16,24.83,1016.58,13756.52,13.18,20.952,7500.0,0.579,PM2.5-1HR
950,ITA_IT0477A,2026-06-25,14.97,29.43,60.54,0.38,1.21,32.23,1016.69,14741.97,13.18,20.952,7500.0,0.071,PM2.5-1HR
950,ITA_IT0480A,2026-06-25,15.65,29.43,60.54,0.38,1.21,32.23,1016.69,11503.76,13.18,20.952,7500.0,0.344,PM2.5-1HR
950,ITA_IT1294A,2026-06-25,7.08,28.26,67.42,0.13,1.65,29.72,1016.88,1797.29,7.08,12.412,7500.0,0.667,PM2.5-1HR
950,ITA_IT1692A,2026-06-25,15.68,29.43,60.54,0.38,1.21,32.23,1016.69,11603.77,13.18,20.952,7500.0,0.866,PM2.5-1HR
950,ITA_IT0477A,2026-06-26,13.92,29.78,58.79,0.15,1.52,264.14,1017.71,14741.97,12.49,19.986,7500.0,0.071,PM2.5-1HR
950,ITA_IT0480A,2026-06-26,12.71,29.78,58.79,0.15,1.52,264.14,1017.71,11503.76,12.49,19.986,7500.0,0.344,PM2.5-1HR
950,ITA_IT1016A,2026-06-26,17.22,30.1,58.46,0.12,1.57,266.5,1017.66,13756.52,12.49,19.986,7500.0,0.579,PM2.5-1HR
950,ITA_IT1294A,2026-06-26,12.7,28.74,66.17,0.35,1.6,254.83,1017.93,1797.29,12.7,20.28,7500.0,0.667,PM2.5-1HR
950,ITA_IT1692A,2026-06-26,12.71,29.78,58.79,0.15,1.52,264.14,1017.71,11603.77,12.49,19.986,7500.0,0.866,PM2.5-1HR
950,ITA_IT0477A,2026-06-27,15.68,31.9,45.83,0.07,1.31,240.77,1018.89,14741.97,12.12,19.468,7500.0,0.071,PM2.5-1HR
950,ITA_IT0480A,2026-06-27,16.52,31.9,45.83,0.07,1.31,240.77,1018.89,11503.76,12.12,19.468,7500.0,0.344,PM2.5-1HR
950,ITA_IT1016A,2026-06-27,15.84,32.23,44.42,0.05,1.29,256.28,1018.81,13756.52,12.12,19.468,7500.0,0.579,PM2.5-1HR
950,ITA_IT1294A,2026-06-27,9.52,29.48,61,0.05,1.62,268.74,1019.13,1797.29,9.52,15.828,7500.0,0.667,PM2.5-1HR
950,ITA_IT1692A,2026-06-27,15.76,31.9,45.83,0.07,1.31,240.77,1018.89,11603.77,12.12,19.468,7500.0,0.866,PM2.5-1HR
950,ITA_IT0477A,2026-06-28,16.12,32.2,44.08,0.05,1.31,291.04,1018.17,14741.97,13.64,21.596,7500.0,0.071,PM2.5-1HR
950,ITA_IT0480A,2026-06-28,14.57,32.2,44.08,0.05,1.31,291.04,1018.17,11503.76,13.64,21.596,7500.0,0.344,PM2.5-1HR
950,ITA_IT1016A,2026-06-28,19.24,31.96,46.96,0.2,1.59,272.98,1018.12,13756.52,13.64,21.596,7500.0,0.579,PM2.5-1HR
950,ITA_IT1294A,2026-06-28,12.21,29.39,61.25,0.05,1.6,334.56,1018.48,1797.29,12.21,19.594,7500.0,0.667,PM2.5-1HR
950,ITA_IT1692A,2026-06-28,15.22,32.2,44.08,0.05,1.31,291.04,1018.17,11603.77,13.64,21.596,7500.0,0.866,PM2.5-1HR
950,ITA_IT0477A,2026-06-29,8.54,29.09,53.5,0.22,1.89,288.96,1017.55,14741.97,9.44,15.716,7500.0,0.071,PM2.5-1HR
950,ITA_IT0480A,2026-06-29,10.64,29.09,53.5,0.22,1.89,288.96,1017.55,11503.76,9.44,15.716,7500.0,0.344,PM2.5-1HR
950,ITA_IT1016A,2026-06-29,14.38,29.06,55.08,0.2,2.05,289.19,1017.51,13756.52,9.44,15.716,7500.0,0.579,PM2.5-1HR
950,ITA_IT1294A,2026-06-29,9.52,27.69,62.96,0.04,1.91,293.42,1017.74,1797.29,9.52,15.828,7500.0,0.667,PM2.5-1HR
950,ITA_IT1692A,2026-06-29,9.98,29.09,53.5,0.22,1.89,288.96,1017.55,11603.77,9.44,15.716,7500.0,0.866,PM2.5-1HR
950,ITA_IT0477A,2026-06-30,8.04,29.5,45.25,0,1.48,215.58,1017.25,14741.97,10.03,16.542,7500.0,0.071,PM2.5-1HR
950,ITA_IT0480A,2026-06-30,13.08,29.5,45.25,0,1.48,215.58,1017.25,11503.76,10.03,16.542,7500.0,0.344,PM2.5-1HR
950,ITA_IT1016A,2026-06-30,17.36,28.97,50.17,0,1.61,239.83,1017.23,13756.52,10.03,16.542,7500.0,0.579,PM2.5-1HR
950,ITA_IT1294A,2026-06-30,8.06,27.84,55.25,0.03,1.67,327.88,1017.43,1797.29,8.06,13.784,7500.0,0.667,PM2.5-1HR
950,ITA_IT1692A,2026-06-30,12,29.5,45.25,0,1.48,215.58,1017.25,11603.77,10.03,16.542,7500.0,0.866,PM2.5-1HR
950,ITA_IT0480A,2026-07-01,12.62,27.05,58.13,0.19,1.97,303.85,1013.22,11503.76,12.37,19.818,7500.0,0.344,PM2.5-1HR
950,ITA_IT1016A,2026-07-01,13.93,26.95,58.5,0.15,2.31,292.62,1013.18,13756.52,12.37,19.818,7500.0,0.579,PM2.5-1HR
950,ITA_IT1294A,2026-07-01,11.23,26.48,59.04,0.15,2.39,337.05,1013.34,1797.29,11.23,18.222,7500.0,0.667,PM2.5-1HR
950,ITA_IT1692A,2026-07-01,10.75,27.05,58.13,0.19,1.97,303.85,1013.22,11603.77,12.37,19.818,7500.0,0.866,PM2.5-1HR
950,ITA_IT0477A,2026-07-02,3.97,26.33,47.92,0,1.55,169.97,1015.29,14741.97,7.59,13.126,7500.0,0.071,PM2.5-1HR
950,ITA_IT0480A,2026-07-02,8.54,26.33,47.92,0,1.55,169.97,1015.29,11503.76,7.59,13.126,7500.0,0.344,PM2.5-1HR
950,ITA_IT1016A,2026-07-02,11.19,25.93,52.42,0,1.6,145.55,1015.29,13756.52,7.59,13.126,7500.0,0.579,PM2.5-1HR
950,ITA_IT1294A,2026-07-02,4.88,26.19,44.79,0,2.69,121.47,1015.26,1797.29,4.88,9.332,7500.0,0.667,PM2.5-1HR
950,ITA_IT1692A,2026-07-02,7.84,26.33,47.92,0,1.55,169.97,1015.29,11603.77,7.59,13.126,7500.0,0.866,PM2.5-1HR
950,ITA_IT0477A,2026-07-03,9.83,29.37,36.42,0,1.77,207.4,1017.61,14741.97,9.03,15.142,7500.0,0.071,PM2.5-1HR
950,ITA_IT0480A,2026-07-03,9.35,29.37,36.42,0,1.77,207.4,1017.61,11503.76,9.03,15.142,7500.0,0.344,PM2.5-1HR
950,ITA_IT1016A,2026-07-03,11.2,28.82,41.5,0,1.72,179.44,1017.64,13756.52,9.03,15.142,7500.0,0.579,PM2.5-1HR
950,ITA_IT1294A,2026-07-03,5.68,27.06,48.25,0,1.62,263.01,1017.75,1797.29,4.88,9.332,7500.0,0.667,PM2.5-1HR
950,ITA_IT1692A,2026-07-03,9.2,29.37,36.42,0,1.77,207.4,1017.61,11603.77,9.03,15.142,7500.0,0.866,PM2.5-1HR
950,ITA_IT0477A,2026-07-04,8.95,29.97,36.67,0,1.72,117.57,1019.39,14741.97,9.38,15.632,7500.0,0.071,PM2.5-1HR
950,ITA_IT0480A,2026-07-04,11.75,29.97,36.67,0,1.72,117.57,1019.39,11503.76,9.38,15.632,7500.0,0.344,PM2.5-1HR
950,ITA_IT1016A,2026-07-04,12.6,29.34,40.88,0,1.97,114.98,1019.37,13756.52,9.38,15.632,7500.0,0.579,PM2.5-1HR
950,ITA_IT1294A,2026-07-04,5.01,27.78,46.29,0,1.78,97.84,1019.43,1797.29,4.88,9.332,7500.0,0.667,PM2.5-1HR
950,ITA_IT1692A,2026-07-04,10.58,29.97,36.67,0,1.72,117.57,1019.39,11603.77,9.38,15.632,7500.0,0.866,PM2.5-1HR
950,ITA_IT0477A,2026-07-05,9.17,30.59,35.08,0,1.89,168.84,1017.32,14741.97,8.59,14.526,7500.0,0.071,PM2.5-1HR
950,ITA_IT0480A,2026-07-05,8.67,30.59,35.08,0,1.89,168.84,1017.32,11503.76,8.59,14.526,7500.0,0.344,PM2.5-1HR
950,ITA_IT1016A,2026-07-05,12.33,29.91,39.04,0,2.05,166.7,1017.38,13756.52,8.59,14.526,7500.0,0.579,PM2.5-1HR
950,ITA_IT1294A,2026-07-05,7.35,27.97,42.71,0,1.79,288.64,1017.54,1797.29,5.13,9.682,7500.0,0.667,PM2.5-1HR
950,ITA_IT1692A,2026-07-05,9.8,30.59,35.08,0,1.89,168.84,1017.32,11603.77,8.59,14.526,7500.0,0.866,PM2.5-1HR
950,ITA_IT0477A,2026-07-06,7.92,29.61,39.88,0,2.17,159.18,1016.07,14741.97,8.21,13.994,7500.0,0.071,PM2.5-1HR
950,ITA_IT0480A,2026-07-06,7.64,29.61,39.88,0,2.17,159.18,1016.07,11503.76,8.21,13.994,7500.0,0.344,PM2.5-1HR
950,ITA_IT1016A,2026-07-06,12.48,29.31,42.08,0,2.3,145.71,1016.06,13756.52,8.21,13.994,7500.0,0.579,PM2.5-1HR
950,ITA_IT1294A,2026-07-06,8.13,27.62,46.88,0,1.88,125.8,1016.14,1797.29,7.65,13.21,7500.0,0.667,PM2.5-1HR
950,ITA_IT1692A,2026-07-06,8.5,29.61,39.88,0,2.17,159.18,1016.07,11603.77,8.21,13.994,7500.0,0.866,PM2.5-1HR
950,ITA_IT0477A,2026-07-07,8.26,30.03,40.75,0,2.29,157.14,1016.14,14741.97,9.17,15.338,7500.0,0.071,PM2.5-1HR
950,ITA_IT0480A,2026-07-07,7.6,30.03,40.75,0,2.29,157.14,1016.14,11503.76,9.17,15.338,7500.0,0.344,PM2.5-1HR
950,ITA_IT1016A,2026-07-07,12.5,29.52,45.17,0,2.51,151.27,1016.13,13756.52,9.17,15.338,7500.0,0.579,PM2.5-1HR
950,ITA_IT0477A,2026-07-09,12.05,30.83,39.38,0,2.18,108.46,1010.74,14741.97,10.37,17.018,7500.0,0.071,PM2.5-1HR
950,ITA_IT0480A,2026-07-09,10.2,30.83,39.38,0,2.18,108.46,1010.74,11503.76,10.37,17.018,7500.0,0.344,PM2.5-1HR
950,ITA_IT1016A,2026-07-09,17,30.76,40.83,0,2.44,103.5,1010.64,13756.52,10.37,17.018,7500.0,0.579,PM2.5-1HR
950,ITA_IT1294A,2026-07-09,11.93,29.56,44.17,0,1.68,96.59,1010.73,1797.29,10.99,17.886,7500.0,0.667,PM2.5-1HR
950,ITA_IT1692A,2026-07-09,12.24,30.83,39.38,0,2.18,108.46,1010.74,11603.77,10.37,17.018,7500.0,0.866,PM2.5-1HR
950,ITA_IT0477A,2026-07-10,8.73,29.44,43.75,0.1,2.29,123.22,1012.87,14741.97,9.44,15.716,7500.0,0.071,PM2.5-1HR
950,ITA_IT0480A,2026-07-10,9.62,29.44,43.75,0.1,2.29,123.22,1012.87,11503.76,9.44,15.716,7500.0,0.344,PM2.5-1HR
950,ITA_IT1016A,2026-07-10,13.43,29.18,45.63,0.12,2.52,105.11,1012.81,13756.52,9.44,15.716,7500.0,0.579,PM2.5-1HR
950,ITA_IT1294A,2026-07-10,8.9,28.06,51.67,0.23,2.22,96.4,1012.93,1797.29,8.79,14.806,7500.0,0.667,PM2.5-1HR
950,ITA_IT1692A,2026-07-10,10.08,29.44,43.75,0.1,2.29,123.22,1012.87,11603.77,9.44,15.716,7500.0,0.866,PM2.5-1HR
950,ITA_IT0477A,2026-07-11,13.05,27.59,59.21,0.12,1.75,250.63,1014.76,14741.97,10.28,16.892,7500.0,0.071,PM2.5-1HR
950,ITA_IT0480A,2026-07-11,12.66,27.59,59.21,0.12,1.75,250.63,1014.76,11503.76,10.28,16.892,7500.0,0.344,PM2.5-1HR
950,ITA_IT1016A,2026-07-11,16.17,27.79,59.54,0.16,1.84,271.37,1014.71,13756.52,10.28,16.892,7500.0,0.579,PM2.5-1HR
950,ITA_IT1294A,2026-07-11,8.08,25.77,73,0.45,1.5,269.03,1014.91,1797.29,8.06,13.784,7500.0,0.667,PM2.5-1HR
950,ITA_IT1692A,2026-07-11,11.05,27.59,59.21,0.12,1.75,250.63,1014.76,11603.77,10.28,16.892,7500.0,0.866,PM2.5-1HR
950,ITA_IT0477A,2026-07-12,9.31,28.83,49.88,0,1.35,144.41,1015.63,14741.97,10.41,17.074,7500.0,0.071,PM2.5-1HR
950,ITA_IT0480A,2026-07-12,10.58,28.83,49.88,0,1.35,144.41,1015.63,11503.76,10.41,17.074,7500.0,0.344,PM2.5-1HR
950,ITA_IT1016A,2026-07-12,16.11,28.83,50.58,0,1.45,131.23,1015.59,13756.52,10.41,17.074,7500.0,0.579,PM2.5-1HR
950,ITA_IT1294A,2026-07-12,7.11,26.85,59.92,0,1.19,165.36,1015.7,1797.29,7.08,12.412,7500.0,0.667,PM2.5-1HR
950,ITA_IT1692A,2026-07-12,9.75,28.83,49.88,0,1.35,144.41,1015.63,11603.77,10.41,17.074,7500.0,0.866,PM2.5-1HR
950,ITA_IT0477A,2026-07-13,10.46,29.49,51.79,0,1.93,133.5,1017.02,14741.97,9.35,15.59,7500.0,0.071,PM2.5-1HR
950,ITA_IT0480A,2026-07-13,11.55,29.49,51.79,0,1.93,133.5,1017.02,11503.76,9.35,15.59,7500.0,0.344,PM2.5-1HR
950,ITA_IT1016A,2026-07-13,13.7,29.63,51.75,0,1.97,119.09,1016.94,13756.52,9.35,15.59,7500.0,0.579,PM2.5-1HR
950,ITA_IT1294A,2026-07-13,7.45,27.79,60.88,0,1.48,83.04,1017.13,1797.29,7.08,12.412,7500.0,0.667,PM2.5-1HR
950,ITA_IT1692A,2026-07-13,10.65,29.49,51.79,0,1.93,133.5,1017.02,11603.77,9.35,15.59,7500.0,0.866,PM2.5-1HR
950,ITA_IT0477A,2026-07-14,12.02,31.13,44.92,0,1.44,287.12,1015.05,14741.97,11.96,19.244,7500.0,0.071,PM2.5-1HR
950,ITA_IT0480A,2026-07-14,11.6,31.13,44.92,0,1.44,287.12,1015.05,11503.76,11.96,19.244,7500.0,0.344,PM2.5-1HR
950,ITA_IT1692A,2026-07-14,10.7,31.13,44.92,0,1.44,287.12,1015.05,11603.77,11.96,19.244,7500.0,0.866,PM2.5-1HR
950,ITA_IT0477A,2026-07-15,11.64,28.17,59.58,0.3,1.57,132.85,1016.17,14741.97,12.26,19.664,7500.0,0.071,PM2.5-1HR
950,ITA_IT0477A,2026-07-17,15.44,27.05,63.5,0.4,1.88,136.61,1013.56,14741.97,10.18,16.752,7500.0,0.071,PM2.5-1HR
950,ITA_IT1294A,2026-07-17,9.04,25.94,69.71,0.1,1.77,308.7,1013.73,1797.29,9.04,15.156,7500.0,0.667,PM2.5-1HR
950,ITA_IT0477A,2026-07-18,15.12,29.57,54.46,0.08,1.62,228.98,1010.61,14741.97,10.63,17.382,7500.0,0.071,PM2.5-1HR
950,ITA_IT0480A,2026-07-18,12.61,29.57,54.46,0.08,1.62,228.98,1010.61,11503.76,10.63,17.382,7500.0,0.344,PM2.5-1HR
950,ITA_IT1016A,2026-07-18,16.99,29.01,59.42,0.29,1.73,243.31,1010.55,13756.52,10.63,17.382,7500.0,0.579,PM2.5-1HR
950,ITA_IT1294A,2026-07-18,3.64,27.19,65.42,0.1,1.71,236.32,1010.65,1797.29,1.95,5.23,7500.0,0.667,PM2.5-1HR
950,ITA_IT1692A,2026-07-18,12.55,29.57,54.46,0.08,1.62,228.98,1010.61,11603.77,10.63,17.382,7500.0,0.866,PM2.5-1HR
950,ITA_IT0477A,2026-07-19,10.96,28.24,48.46,0.09,1.5,208.77,1011.55,14741.97,7.94,13.616,7500.0,0.071,PM2.5-1HR
950,ITA_IT0477A,2026-08-02,19.99,30.1,48.71,0.07,1.38,30.38,1012.61,14741.97,15.17,23.738,7500.0,0.071,PM2.5-1HR
950,ITA_IT0477A,2026-08-03,9.83,31.73,39.54,0.03,1.64,274.74,1013.6,14741.97,11.07,17.998,7500.0,0.071,PM2.5-1HR
950,ITA_IT1016A,2026-08-03,14.6,31.94,39.5,0.01,1.95,281.34,1013.55,13756.52,11.07,17.998,7500.0,0.579,PM2.5-1HR
950,ITA_IT0477A,2026-08-05,18.44,32.49,35.83,0,1.68,226.09,1013.73,14741.97,15.51,24.214,7500.0,0.071,PM2.5-1HR
950,ITA_IT0480A,2026-08-05,18.46,32.49,35.83,0,1.68,226.09,1013.73,11503.76,15.51,24.214,7500.0,0.344,PM2.5-1HR
950,ITA_IT1016A,2026-08-05,20.62,32.2,37.58,0,1.85,229.41,1013.72,13756.52,15.51,24.214,7500.0,0.579,PM2.5-1HR
950,ITA_IT1294A,2026-08-05,12.73,29.67,50.17,0,1.31,266.09,1013.88,1797.29,12.7,20.28,7500.0,0.667,PM2.5-1HR
950,ITA_IT1692A,2026-08-05,18.3,32.49,35.83,0,1.68,226.09,1013.73,11603.77,15.51,24.214,7500.0,0.866,PM2.5-1HR
950,ITA_IT0477A,2026-08-06,13.36,33.02,31.42,0,1.91,240.03,1013.21,14741.97,14.17,22.338,7500.0,0.071,PM2.5-1HR
950,ITA_IT0480A,2026-08-06,14.94,33.02,31.42,0,1.91,240.03,1013.21,11503.76,14.17,22.338,7500.0,0.344,PM2.5-1HR
950,ITA_IT1016A,2026-08-06,17.9,32.7,33,0,2.15,247.06,1013.21,13756.52,14.17,22.338,7500.0,0.579,PM2.5-1HR
950,ITA_IT1294A,2026-08-06,11.6,29.96,47.5,0,1.6,226.4,1013.4,1797.29,10.01,16.514,7500.0,0.667,PM2.5-1HR
950,ITA_IT1692A,2026-08-06,18.01,33.02,31.42,0,1.91,240.03,1013.21,11603.77,14.17,22.338,7500.0,0.866,PM2.5-1HR
950,ITA_IT0477A,2026-08-07,11.92,30.78,44.08,0.01,1.83,13.6,1013.64,14741.97,10.6,17.34,7500.0,0.071,PM2.5-1HR
950,ITA_IT0480A,2026-08-07,11.1,30.78,44.08,0.01,1.83,13.6,1013.64,11503.76,10.6,17.34,7500.0,0.344,PM2.5-1HR
950,ITA_IT1016A,2026-08-07,13.08,31.06,43.38,0,2.11,27.42,1013.48,13756.52,10.6,17.34,7500.0,0.579,PM2.5-1HR
950,ITA_IT1294A,2026-08-07,6.43,27.79,61.46,0.02,2.61,355.91,1013.91,1797.29,1.95,5.23,7500.0,0.667,PM2.5-1HR
950,ITA_IT1692A,2026-08-07,12.9,30.78,44.08,0.01,1.83,13.6,1013.64,11603.77,10.6,17.34,7500.0,0.866,PM2.5-1HR
950,ITA_IT0477A,2026-08-08,9.99,29.55,48.29,0.05,1.84,118.98,1015.58,14741.97,10.38,17.032,7500.0,0.071,PM2.5-1HR
950,ITA_IT0480A,2026-08-08,11.1,29.55,48.29,0.05,1.84,118.98,1015.58,11503.76,10.38,17.032,7500.0,0.344,PM2.5-1HR
950,ITA_IT1294A,2026-08-08,10.01,27.78,59.08,0.02,1.54,53.97,1015.55,1797.29,10.01,16.514,7500.0,0.667,PM2.5-1HR
950,ITA_IT1692A,2026-08-08,12.9,29.55,48.29,0.05,1.84,118.98,1015.58,11603.77,10.38,17.032,7500.0,0.866,PM2.5-1HR
950,ITA_IT0477A,2026-08-09,14.02,31.08,39.17,0,2.04,140.16,1016.43,14741.97,10.46,17.144,7500.0,0.071,PM2.5-1HR
950,ITA_IT1294A,2026-08-09,6.93,29.08,50.75,0.01,1.93,322.36,1016.64,1797.29,6.18,11.152,7500.0,0.667,PM2.5-1HR
950,ITA_IT1692A,2026-08-09,12.3,31.08,39.17,0,2.04,140.16,1016.43,11603.77,10.46,17.144,7500.0,0.866,PM2.5-1HR
950,ITA_IT0477A,2026-08-10,9.42,30.63,45.71,0,1.55,251.86,1015.11,14741.97,6.83,12.062,7500.0,0.071,PM2.5-1HR
