metro_id,fullaqsid,date,aq_daily_mean,temp_daily_mean,rhum_daily_mean,precip_daily_mean,ws_daily_mean,wd_daily_mean_deg,barpr_daily_mean,population,bg3,sat_monthly_mean,metro_pop_density_year,dist_km_motorway_trunk_primary_secondary,partition_key
945,DEU_DEBE010,2024-09-12,5.03,12.04,67.92,0.01,2.19,269.78,1011.75,7297.89,3.67,7.638,4100.0,0.044,PM2.5-1HR
945,DEU_DEBE032,2024-09-12,3.03,12.18,69.38,0.01,2.18,261.41,1011.75,0,2.88,6.532,4100.0,0.861,PM2.5-1HR
945,DEU_DEBE034,2024-09-12,4.76,12.15,68.04,0.01,2.24,266.5,1011.77,8605.71,3.98,8.072,4100.0,0.331,PM2.5-1HR
945,DEU_DEBE051,2024-09-12,3.71,11.7,67.67,0,2.07,256.6,1011.7,463.79,2.77,6.378,4100.0,0.134,PM2.5-1HR
945,DEU_DEBE056,2024-09-12,3.77,12.7,67.17,0.01,1.76,270.67,1011.8,341.92,2.57,6.098,4100.0,0.106,PM2.5-1HR
945,DEU_DEBE061,2024-09-12,4.56,12.15,68.04,0.01,2.24,266.5,1011.77,8387.49,3.81,7.834,4100.0,0.009,PM2.5-1HR
945,DEU_DEBE065,2024-09-12,6.13,12.04,67.92,0.01,2.19,269.78,1011.75,8360.65,3.86,7.904,4100.0,0.004,PM2.5-1HR
945,DEU_DEBE068,2024-09-12,4.98,12.04,67.92,0.01,2.19,269.78,1011.75,6890.16,3.98,8.072,4100.0,0.072,PM2.5-1HR
945,DEU_DEBE069,2024-09-12,7.87,12.15,68.04,0.01,2.24,266.5,1011.77,8162.76,4.06,8.184,4100.0,0.012,PM2.5-1HR
945,DEU_DEBE125,2024-09-12,5.68,12.15,68.04,0.01,2.24,266.5,1011.77,6333.76,3.98,8.072,4100.0,0.01,PM2.5-1HR
945,DEU_DEBE126,2024-09-12,6.46,12.15,68.04,0.01,2.24,266.5,1011.77,8396.04,3.98,8.072,4100.0,0.007,PM2.5-1HR
945,DEU_DEBE127,2024-09-12,6.67,12.15,68.04,0.01,2.24,266.5,1011.77,7613.33,4.05,8.17,4100.0,0.056,PM2.5-1HR
945,DEU_DEBE010,2024-09-13,4.78,11.47,77.71,0.28,4.04,341.12,1017.44,7297.89,3.74,7.736,4100.0,0.044,PM2.5-1HR
945,DEU_DEBE032,2024-09-13,3.55,11.58,78.79,0.21,3.7,336.61,1017.58,0,2.68,6.252,4100.0,0.861,PM2.5-1HR
945,DEU_DEBE034,2024-09-13,5.01,11.52,77.54,0.3,4.05,339.96,1017.45,8605.71,3.96,8.044,4100.0,0.331,PM2.5-1HR
945,DEU_DEBE051,2024-09-13,3.72,11.17,79.67,0.2,3.75,341.58,1017.46,463.79,2.44,5.916,4100.0,0.134,PM2.5-1HR
945,DEU_DEBE056,2024-09-13,3.89,11.45,81.92,0.33,3.73,338.05,1017.12,341.92,2.45,5.93,4100.0,0.106,PM2.5-1HR
945,DEU_DEBE061,2024-09-13,5.01,11.52,77.54,0.3,4.05,339.96,1017.45,8387.49,3.77,7.778,4100.0,0.009,PM2.5-1HR
945,DEU_DEBE065,2024-09-13,5.55,11.47,77.71,0.28,4.04,341.12,1017.44,8360.65,3.91,7.974,4100.0,0.004,PM2.5-1HR
945,DEU_DEBE068,2024-09-13,4.82,11.47,77.71,0.28,4.04,341.12,1017.44,6890.16,3.96,8.044,4100.0,0.072,PM2.5-1HR
945,DEU_DEBE069,2024-09-13,7.44,11.52,77.54,0.3,4.05,339.96,1017.45,8162.76,4.1,8.24,4100.0,0.012,PM2.5-1HR
945,DEU_DEBE125,2024-09-13,5.75,11.52,77.54,0.3,4.05,339.96,1017.45,6333.76,3.96,8.044,4100.0,0.01,PM2.5-1HR
945,DEU_DEBE126,2024-09-13,7.25,11.52,77.54,0.3,4.05,339.96,1017.45,8396.04,3.96,8.044,4100.0,0.007,PM2.5-1HR
945,DEU_DEBE127,2024-09-13,6.25,11.52,77.54,0.3,4.05,339.96,1017.45,7613.33,4.09,8.226,4100.0,0.056,PM2.5-1HR
945,DEU_DEBE010,2024-09-14,4.02,13.68,64.5,0.05,7.07,340.04,1022.01,7297.89,3.71,7.694,4100.0,0.044,PM2.5-1HR
945,DEU_DEBE032,2024-09-14,3.28,13.71,64.92,0.04,6.57,338.13,1022.36,0,3.3,7.12,4100.0,0.861,PM2.5-1HR
945,DEU_DEBE034,2024-09-14,4.29,13.66,65.21,0.08,7.05,338.88,1022.05,8605.71,3.89,7.946,4100.0,0.331,PM2.5-1HR
945,DEU_DEBE051,2024-09-14,3.52,13.71,63.67,0.03,6.68,343.13,1022.01,463.79,3.13,6.882,4100.0,0.134,PM2.5-1HR
945,DEU_DEBE056,2024-09-14,3.26,13.63,66.96,0.15,6.58,340.21,1021.47,341.92,2.74,6.336,4100.0,0.106,PM2.5-1HR
945,DEU_DEBE061,2024-09-14,4.09,13.66,65.21,0.08,7.05,338.88,1022.05,8387.49,3.79,7.806,4100.0,0.009,PM2.5-1HR
945,DEU_DEBE065,2024-09-14,4.56,13.68,64.5,0.05,7.07,340.04,1022.01,8360.65,3.79,7.806,4100.0,0.004,PM2.5-1HR
945,DEU_DEBE068,2024-09-14,4.04,13.68,64.5,0.05,7.07,340.04,1022.01,6890.16,3.89,7.946,4100.0,0.072,PM2.5-1HR
945,DEU_DEBE069,2024-09-14,5.7,13.66,65.21,0.08,7.05,338.88,1022.05,8162.76,3.97,8.058,4100.0,0.012,PM2.5-1HR
945,DEU_DEBE125,2024-09-14,4.87,13.66,65.21,0.08,7.05,338.88,1022.05,6333.76,3.89,7.946,4100.0,0.01,PM2.5-1HR
945,DEU_DEBE126,2024-09-14,6.26,13.66,65.21,0.08,7.05,338.88,1022.05,8396.04,3.89,7.946,4100.0,0.007,PM2.5-1HR
945,DEU_DEBE127,2024-09-14,5.29,13.66,65.21,0.08,7.05,338.88,1022.05,7613.33,3.95,8.03,4100.0,0.056,PM2.5-1HR
945,DEU_DEBE010,2024-09-15,3.8,13.53,68.21,0,5.99,343.08,1021.81,7297.89,3.45,7.33,4100.0,0.044,PM2.5-1HR
945,DEU_DEBE032,2024-09-15,3.17,13.47,68.21,0,5.35,339.86,1022.08,0,3.03,6.742,4100.0,0.861,PM2.5-1HR
945,DEU_DEBE034,2024-09-15,4.01,13.55,68.08,0,6.02,341.7,1021.81,8605.71,3.58,7.512,4100.0,0.331,PM2.5-1HR
945,DEU_DEBE051,2024-09-15,3.12,13.5,68.75,0,5.57,347.26,1021.8,463.79,2.6,6.14,4100.0,0.134,PM2.5-1HR
945,DEU_DEBE056,2024-09-15,3.03,13.5,71.58,0.02,5.87,340.99,1021.25,341.92,2.58,6.112,4100.0,0.106,PM2.5-1HR
945,DEU_DEBE061,2024-09-15,4.48,13.55,68.08,0,6.02,341.7,1021.81,8387.49,3.44,7.316,4100.0,0.009,PM2.5-1HR
945,DEU_DEBE065,2024-09-15,4.39,13.53,68.21,0,5.99,343.08,1021.81,8360.65,3.5,7.4,4100.0,0.004,PM2.5-1HR
945,DEU_DEBE068,2024-09-15,3.8,13.53,68.21,0,5.99,343.08,1021.81,6890.16,3.58,7.512,4100.0,0.072,PM2.5-1HR
945,DEU_DEBE069,2024-09-15,5.47,13.55,68.08,0,6.02,341.7,1021.81,8162.76,3.65,7.61,4100.0,0.012,PM2.5-1HR
945,DEU_DEBE125,2024-09-15,4.57,13.55,68.08,0,6.02,341.7,1021.81,6333.76,3.58,7.512,4100.0,0.01,PM2.5-1HR
945,DEU_DEBE126,2024-09-15,6.26,13.55,68.08,0,6.02,341.7,1021.81,8396.04,3.58,7.512,4100.0,0.007,PM2.5-1HR
945,DEU_DEBE127,2024-09-15,5.06,13.55,68.08,0,6.02,341.7,1021.81,7613.33,3.65,7.61,4100.0,0.056,PM2.5-1HR
945,DEU_DEBE127,2024-09-16,10.67,15.2,85.96,0.4,6.1,354.2,1019.74,7613.33,4.1,8.24,4100.0,0.056,PM2.5-1HR
945,DEU_DEBE010,2024-09-16,8.03,15.22,86.25,0.27,6.11,355.75,1019.78,7297.89,3.83,7.862,4100.0,0.044,PM2.5-1HR
945,DEU_DEBE032,2024-09-16,6.23,14.88,85.63,0.29,5.47,351.92,1020.03,0,3.54,7.456,4100.0,0.861,PM2.5-1HR
945,DEU_DEBE034,2024-09-16,9.06,15.2,85.96,0.4,6.1,354.2,1019.74,8605.71,4.02,8.128,4100.0,0.331,PM2.5-1HR
945,DEU_DEBE051,2024-09-16,7.54,15.25,86.46,0.15,5.6,359.92,1019.91,463.79,3.18,6.952,4100.0,0.134,PM2.5-1HR
945,DEU_DEBE056,2024-09-16,8.26,15.94,87.54,0.33,5.4,358.89,1019.13,341.92,2.77,6.378,4100.0,0.106,PM2.5-1HR
945,DEU_DEBE061,2024-09-16,9.35,15.2,85.96,0.4,6.1,354.2,1019.74,8387.49,3.89,7.946,4100.0,0.009,PM2.5-1HR
945,DEU_DEBE065,2024-09-16,9.87,15.22,86.25,0.27,6.11,355.75,1019.78,8360.65,3.85,7.89,4100.0,0.004,PM2.5-1HR
945,DEU_DEBE068,2024-09-16,8.88,15.22,86.25,0.27,6.11,355.75,1019.78,6890.16,4.02,8.128,4100.0,0.072,PM2.5-1HR
945,DEU_DEBE069,2024-09-16,11.26,15.2,85.96,0.4,6.1,354.2,1019.74,8162.76,4.11,8.254,4100.0,0.012,PM2.5-1HR
945,DEU_DEBE125,2024-09-16,9.72,15.2,85.96,0.4,6.1,354.2,1019.74,6333.76,4.02,8.128,4100.0,0.01,PM2.5-1HR
945,DEU_DEBE126,2024-09-16,11.04,15.2,85.96,0.4,6.1,354.2,1019.74,8396.04,4.02,8.128,4100.0,0.007,PM2.5-1HR
945,DEU_DEBE127,2024-09-17,28.56,18.48,80.88,0,4.5,28.05,1025.53,7613.33,20.16,30.724,4100.0,0.056,PM2.5-1HR
945,DEU_DEBE010,2024-09-17,25.33,18.48,81.17,0,4.8,27.73,1025.61,7297.89,19.76,30.164,4100.0,0.044,PM2.5-1HR
945,DEU_DEBE032,2024-09-17,22.61,18.41,82,0,4.03,25.65,1025.63,0,17.45,26.93,4100.0,0.861,PM2.5-1HR
945,DEU_DEBE034,2024-09-17,25.05,18.48,80.88,0,4.5,28.05,1025.53,8605.71,20.05,30.57,4100.0,0.331,PM2.5-1HR
945,DEU_DEBE051,2024-09-17,22.3,18.31,82.21,0,4.49,27.62,1025.87,463.79,18.2,27.98,4100.0,0.134,PM2.5-1HR
945,DEU_DEBE056,2024-09-17,22.37,18.5,79.75,0,3.8,33.65,1025.28,341.92,14.44,22.716,4100.0,0.106,PM2.5-1HR
945,DEU_DEBE061,2024-09-17,26.91,18.48,80.88,0,4.5,28.05,1025.53,8387.49,19.56,29.884,4100.0,0.009,PM2.5-1HR
945,DEU_DEBE065,2024-09-17,27.23,18.48,81.17,0,4.8,27.73,1025.61,8360.65,20.13,30.682,4100.0,0.004,PM2.5-1HR
945,DEU_DEBE068,2024-09-17,25.59,18.48,81.17,0,4.8,27.73,1025.61,6890.16,20.05,30.57,4100.0,0.072,PM2.5-1HR
945,DEU_DEBE069,2024-09-17,28.85,18.48,80.88,0,4.5,28.05,1025.53,8162.76,20.07,30.598,4100.0,0.012,PM2.5-1HR
945,DEU_DEBE125,2024-09-17,26.57,18.48,80.88,0,4.5,28.05,1025.53,6333.76,20.05,30.57,4100.0,0.01,PM2.5-1HR
945,DEU_DEBE126,2024-09-17,27.85,18.48,80.88,0,4.5,28.05,1025.53,8396.04,20.05,30.57,4100.0,0.007,PM2.5-1HR
945,DEU_DEBE127,2024-09-18,34.65,18.92,76.33,0,3.82,48.83,1028.64,7613.33,24.42,36.688,4100.0,0.056,PM2.5-1HR
945,DEU_DEBE010,2024-09-18,25.28,18.88,76.58,0,3.9,46.25,1028.73,7297.89,22.95,34.63,4100.0,0.044,PM2.5-1HR
945,DEU_DEBE032,2024-09-18,22.34,18.79,77.83,0,3.46,48.17,1028.67,0,19.73,30.122,4100.0,0.861,PM2.5-1HR
945,DEU_DEBE034,2024-09-18,29.35,18.92,76.33,0,3.82,48.83,1028.64,8605.71,23.88,35.932,4100.0,0.331,PM2.5-1HR
945,DEU_DEBE051,2024-09-18,22.64,18.6,78.21,0,3.71,44.45,1028.95,463.79,19.44,29.716,4100.0,0.134,PM2.5-1HR
945,DEU_DEBE056,2024-09-18,22.94,18.97,76.67,0,3.45,51.07,1028.5,341.92,15.7,24.48,4100.0,0.106,PM2.5-1HR
945,DEU_DEBE061,2024-09-18,28.73,18.92,76.33,0,3.82,48.83,1028.64,8387.49,23.2,34.98,4100.0,0.009,PM2.5-1HR
945,DEU_DEBE065,2024-09-18,30.65,18.88,76.58,0,3.9,46.25,1028.73,8360.65,23.69,35.666,4100.0,0.004,PM2.5-1HR
945,DEU_DEBE068,2024-09-18,28.56,18.88,76.58,0,3.9,46.25,1028.73,6890.16,23.88,35.932,4100.0,0.072,PM2.5-1HR
945,DEU_DEBE069,2024-09-18,35.09,18.92,76.33,0,3.82,48.83,1028.64,8162.76,24.51,36.814,4100.0,0.012,PM2.5-1HR
945,DEU_DEBE125,2024-09-18,28.53,18.92,76.33,0,3.82,48.83,1028.64,6333.76,23.88,35.932,4100.0,0.01,PM2.5-1HR
945,DEU_DEBE126,2024-09-18,32.95,18.92,76.33,0,3.82,48.83,1028.64,8396.04,23.88,35.932,4100.0,0.007,PM2.5-1HR
945,DEU_DEBE127,2024-09-19,24.43,18.43,71.25,0.02,4.36,68.43,1026.85,7613.33,14.33,22.562,4100.0,0.056,PM2.5-1HR
945,DEU_DEBE010,2024-09-19,21.51,18.48,71.25,0,4.35,67.86,1026.97,7297.89,13.83,21.862,4100.0,0.044,PM2.5-1HR
945,DEU_DEBE032,2024-09-19,18.37,18.35,72.75,0,3.96,67.67,1026.83,0,12.44,19.916,4100.0,0.861,PM2.5-1HR
945,DEU_DEBE034,2024-09-19,21.14,18.43,71.25,0.02,4.36,68.43,1026.85,8605.71,14.24,22.436,4100.0,0.331,PM2.5-1HR
945,DEU_DEBE051,2024-09-19,19.63,18.35,71.88,0,4.07,66.13,1027.18,463.79,12.54,20.056,4100.0,0.134,PM2.5-1HR
945,DEU_DEBE056,2024-09-19,17.9,18.22,71.71,0.02,3.92,68.58,1026.83,341.92,11.17,18.138,4100.0,0.106,PM2.5-1HR
945,DEU_DEBE061,2024-09-19,22.04,18.43,71.25,0.02,4.36,68.43,1026.85,8387.49,13.94,22.016,4100.0,0.009,PM2.5-1HR
945,DEU_DEBE065,2024-09-19,22.91,18.48,71.25,0,4.35,67.86,1026.97,8360.65,14.3,22.52,4100.0,0.004,PM2.5-1HR
945,DEU_DEBE068,2024-09-19,21.65,18.48,71.25,0,4.35,67.86,1026.97,6890.16,14.24,22.436,4100.0,0.072,PM2.5-1HR
945,DEU_DEBE069,2024-09-19,24.67,18.43,71.25,0.02,4.36,68.43,1026.85,8162.76,14.31,22.534,4100.0,0.012,PM2.5-1HR
945,DEU_DEBE125,2024-09-19,22.55,18.43,71.25,0.02,4.36,68.43,1026.85,6333.76,14.24,22.436,4100.0,0.01,PM2.5-1HR
945,DEU_DEBE126,2024-09-19,24.14,18.43,71.25,0.02,4.36,68.43,1026.85,8396.04,14.24,22.436,4100.0,0.007,PM2.5-1HR
945,DEU_DEBE127,2024-09-20,20.43,17.39,56.75,0,4.67,87.42,1026.41,7613.33,10.57,17.298,4100.0,0.056,PM2.5-1HR
945,DEU_DEBE010,2024-09-20,17.03,17.39,56.54,0,4.61,87.55,1026.53,7297.89,10.17,16.738,4100.0,0.044,PM2.5-1HR
945,DEU_DEBE032,2024-09-20,13.24,17.36,58.46,0,4.33,87.26,1026.33,0,8.89,14.946,4100.0,0.861,PM2.5-1HR
945,DEU_DEBE034,2024-09-20,17.13,17.39,56.75,0,4.67,87.42,1026.41,8605.71,10.39,17.046,4100.0,0.331,PM2.5-1HR
945,DEU_DEBE051,2024-09-20,15.32,17.31,57,0,4.07,86.43,1026.77,463.79,9.07,15.198,4100.0,0.134,PM2.5-1HR
945,DEU_DEBE056,2024-09-20,14.71,17.14,59.38,0,4.07,85.3,1026.47,341.92,8.07,13.798,4100.0,0.106,PM2.5-1HR
945,DEU_DEBE061,2024-09-20,17.79,17.39,56.75,0,4.67,87.42,1026.41,8387.49,10.05,16.57,4100.0,0.009,PM2.5-1HR
945,DEU_DEBE065,2024-09-20,19.36,17.39,56.54,0,4.61,87.55,1026.53,8360.65,10.45,17.13,4100.0,0.004,PM2.5-1HR
945,DEU_DEBE068,2024-09-20,17.47,17.39,56.54,0,4.61,87.55,1026.53,6890.16,10.39,17.046,4100.0,0.072,PM2.5-1HR
945,DEU_DEBE069,2024-09-20,19.42,17.39,56.75,0,4.67,87.42,1026.41,8162.76,10.54,17.256,4100.0,0.012,PM2.5-1HR
945,DEU_DEBE125,2024-09-20,18.72,17.39,56.75,0,4.67,87.42,1026.41,6333.76,10.39,17.046,4100.0,0.01,PM2.5-1HR
945,DEU_DEBE126,2024-09-20,19.68,17.39,56.75,0,4.67,87.42,1026.41,8396.04,10.39,17.046,4100.0,0.007,PM2.5-1HR
945,DEU_DEBE127,2024-09-21,22.26,16.42,60,0,3.6,99.91,1024,7613.33,11.02,17.928,4100.0,0.056,PM2.5-1HR
945,DEU_DEBE010,2024-09-21,17.65,16.45,58.46,0,3.72,101.15,1024.1,7297.89,10.62,17.368,4100.0,0.044,PM2.5-1HR
945,DEU_DEBE032,2024-09-21,13.52,16.39,62.33,0,3.27,99.83,1023.91,0,9.87,16.318,4100.0,0.861,PM2.5-1HR
945,DEU_DEBE034,2024-09-21,18.28,16.42,60,0,3.6,99.91,1024,8605.71,10.8,17.62,4100.0,0.331,PM2.5-1HR
945,DEU_DEBE051,2024-09-21,16.16,16.37,57.83,0,3.27,100.9,1024.24,463.79,8.78,14.792,4100.0,0.134,PM2.5-1HR
945,DEU_DEBE056,2024-09-21,15.25,16.15,63.83,0,2.94,96.74,1024.13,341.92,7.85,13.49,4100.0,0.106,PM2.5-1HR
945,DEU_DEBE061,2024-09-21,19.37,16.42,60,0,3.6,99.91,1024,8387.49,10.46,17.144,4100.0,0.009,PM2.5-1HR
945,DEU_DEBE065,2024-09-21,21.84,16.45,58.46,0,3.72,101.15,1024.1,8360.65,10.69,17.466,4100.0,0.004,PM2.5-1HR
945,DEU_DEBE068,2024-09-21,18.96,16.45,58.46,0,3.72,101.15,1024.1,6890.16,10.8,17.62,4100.0,0.072,PM2.5-1HR
945,DEU_DEBE069,2024-09-21,20.89,16.42,60,0,3.6,99.91,1024,8162.76,10.91,17.774,4100.0,0.012,PM2.5-1HR
945,DEU_DEBE125,2024-09-21,19.87,16.42,60,0,3.6,99.91,1024,6333.76,10.8,17.62,4100.0,0.01,PM2.5-1HR
945,DEU_DEBE126,2024-09-21,21.95,16.42,60,0,3.6,99.91,1024,8396.04,10.8,17.62,4100.0,0.007,PM2.5-1HR
945,DEU_DEBE127,2024-09-22,22.83,16.54,68.92,0,2.77,108.91,1017.6,7613.33,10.58,17.312,4100.0,0.056,PM2.5-1HR
945,DEU_DEBE010,2024-09-22,18.32,16.63,66.83,0,2.75,108.61,1017.66,7297.89,10.19,16.766,4100.0,0.044,PM2.5-1HR
945,DEU_DEBE032,2024-09-22,15.22,16.45,71.54,0,2.49,109.62,1017.53,0,8.65,14.61,4100.0,0.861,PM2.5-1HR
945,DEU_DEBE034,2024-09-22,19,16.54,68.92,0,2.77,108.91,1017.6,8605.71,10.43,17.102,4100.0,0.331,PM2.5-1HR
945,DEU_DEBE051,2024-09-22,16.34,16.57,65.67,0,2.36,109.35,1017.78,463.79,8.83,14.862,4100.0,0.134,PM2.5-1HR
945,DEU_DEBE056,2024-09-22,16.09,16.27,72.92,0,2.29,103.71,1017.7,341.92,7.45,12.93,4100.0,0.106,PM2.5-1HR
945,DEU_DEBE061,2024-09-22,20.85,16.54,68.92,0,2.77,108.91,1017.6,8387.49,10.02,16.528,4100.0,0.009,PM2.5-1HR
945,DEU_DEBE065,2024-09-22,21.71,16.63,66.83,0,2.75,108.61,1017.66,8360.65,10.49,17.186,4100.0,0.004,PM2.5-1HR
945,DEU_DEBE068,2024-09-22,19.06,16.63,66.83,0,2.75,108.61,1017.66,6890.16,10.43,17.102,4100.0,0.072,PM2.5-1HR
945,DEU_DEBE069,2024-09-22,22.55,16.54,68.92,0,2.77,108.91,1017.6,8162.76,10.43,17.102,4100.0,0.012,PM2.5-1HR
945,DEU_DEBE125,2024-09-22,20.04,16.54,68.92,0,2.77,108.91,1017.6,6333.76,10.43,17.102,4100.0,0.01,PM2.5-1HR
945,DEU_DEBE126,2024-09-22,22.46,16.54,68.92,0,2.77,108.91,1017.6,8396.04,10.43,17.102,4100.0,0.007,PM2.5-1HR
945,DEU_DEBE127,2024-09-23,18.94,16.77,73.25,0,1.69,135.43,1009.98,7613.33,10.99,17.886,4100.0,0.056,PM2.5-1HR
945,DEU_DEBE010,2024-09-23,14.47,16.8,72.21,0,1.72,134.93,1010,7297.89,10.39,17.046,4100.0,0.044,PM2.5-1HR
945,DEU_DEBE032,2024-09-23,11.34,16.62,75.21,0,1.61,130.63,1009.93,0,7.91,13.574,4100.0,0.861,PM2.5-1HR
945,DEU_DEBE034,2024-09-23,16.07,16.77,73.25,0,1.69,135.43,1009.98,8605.71,10.62,17.368,4100.0,0.331,PM2.5-1HR
945,DEU_DEBE051,2024-09-23,12.35,16.7,71.83,0,1.7,145.54,1010.02,463.79,9.88,16.332,4100.0,0.134,PM2.5-1HR
945,DEU_DEBE056,2024-09-23,12.85,16.71,76.38,0,1.57,137.56,1010.1,341.92,8.39,14.246,4100.0,0.106,PM2.5-1HR
945,DEU_DEBE061,2024-09-23,15.54,16.77,73.25,0,1.69,135.43,1009.98,8387.49,9.99,16.486,4100.0,0.009,PM2.5-1HR
945,DEU_DEBE065,2024-09-23,18.24,16.8,72.21,0,1.72,134.93,1010,8360.65,10.91,17.774,4100.0,0.004,PM2.5-1HR
945,DEU_DEBE068,2024-09-23,16.01,16.8,72.21,0,1.72,134.93,1010,6890.16,10.62,17.368,4100.0,0.072,PM2.5-1HR
945,DEU_DEBE069,2024-09-23,18.3,16.77,73.25,0,1.69,135.43,1009.98,8162.76,10.71,17.494,4100.0,0.012,PM2.5-1HR
945,DEU_DEBE125,2024-09-23,18.15,16.77,73.25,0,1.69,135.43,1009.98,6333.76,10.62,17.368,4100.0,0.01,PM2.5-1HR
945,DEU_DEBE126,2024-09-23,18.25,16.77,73.25,0,1.69,135.43,1009.98,8396.04,10.62,17.368,4100.0,0.007,PM2.5-1HR
945,DEU_DEBE127,2024-09-24,15.14,14.76,89,0.51,3.14,200.51,1004.63,7613.33,6.93,12.202,4100.0,0.056,PM2.5-1HR
945,DEU_DEBE010,2024-09-24,12.81,14.75,88.96,0.48,3.16,197.27,1004.58,7297.89,6.41,11.474,4100.0,0.044,PM2.5-1HR
945,DEU_DEBE032,2024-09-24,9.64,14.9,90.13,0.68,2.87,213.4,1004.59,0,4.53,8.842,4100.0,0.861,PM2.5-1HR
945,DEU_DEBE034,2024-09-24,13.59,14.76,89,0.51,3.14,200.51,1004.63,8605.71,6.75,11.95,4100.0,0.331,PM2.5-1HR
945,DEU_DEBE051,2024-09-24,11.42,14.85,88.08,0.45,3.17,194.07,1004.46,463.79,5.29,9.906,4100.0,0.134,PM2.5-1HR
945,DEU_DEBE056,2024-09-24,11.79,14.88,89.33,0.4,2.89,196.15,1004.78,341.92,4.68,9.052,4100.0,0.106,PM2.5-1HR
945,DEU_DEBE061,2024-09-24,12.82,14.76,89,0.51,3.14,200.51,1004.63,8387.49,6.27,11.278,4100.0,0.009,PM2.5-1HR
945,DEU_DEBE065,2024-09-24,15.67,14.75,88.96,0.48,3.16,197.27,1004.58,8360.65,6.66,11.824,4100.0,0.004,PM2.5-1HR
945,DEU_DEBE068,2024-09-24,13.11,14.75,88.96,0.48,3.16,197.27,1004.58,6890.16,6.75,11.95,4100.0,0.072,PM2.5-1HR
945,DEU_DEBE069,2024-09-24,16.86,14.76,89,0.51,3.14,200.51,1004.63,8162.76,6.78,11.992,4100.0,0.012,PM2.5-1HR
945,DEU_DEBE125,2024-09-24,14.07,14.76,89,0.51,3.14,200.51,1004.63,6333.76,6.75,11.95,4100.0,0.01,PM2.5-1HR
945,DEU_DEBE126,2024-09-24,14.52,14.76,89,0.51,3.14,200.51,1004.63,8396.04,6.75,11.95,4100.0,0.007,PM2.5-1HR
945,DEU_DEBE127,2024-09-25,8.13,15.15,82.29,0.13,4.56,212.66,1005.49,7613.33,5.22,9.808,4100.0,0.056,PM2.5-1HR
945,DEU_DEBE010,2024-09-25,5.91,15.04,82.83,0.11,4.54,212.04,1005.4,7297.89,4.74,9.136,4100.0,0.044,PM2.5-1HR
945,DEU_DEBE032,2024-09-25,4.82,15.08,83.38,0.2,4.15,210.11,1005.39,0,3.94,8.016,4100.0,0.861,PM2.5-1HR
945,DEU_DEBE034,2024-09-25,6.94,15.15,82.29,0.13,4.56,212.66,1005.49,8605.71,5.11,9.654,4100.0,0.331,PM2.5-1HR
945,DEU_DEBE051,2024-09-25,5.14,14.9,83.71,0.13,4.37,211.43,1005.25,463.79,3.88,7.932,4100.0,0.134,PM2.5-1HR
945,DEU_DEBE056,2024-09-25,4.73,15.48,81.08,0.03,4.15,214.43,1005.72,341.92,3.33,7.162,4100.0,0.106,PM2.5-1HR
945,DEU_DEBE061,2024-09-25,6.69,15.15,82.29,0.13,4.56,212.66,1005.49,8387.49,4.88,9.332,4100.0,0.009,PM2.5-1HR
945,DEU_DEBE065,2024-09-25,7.64,15.04,82.83,0.11,4.54,212.04,1005.4,8360.65,5.03,9.542,4100.0,0.004,PM2.5-1HR
945,DEU_DEBE068,2024-09-25,6.02,15.04,82.83,0.11,4.54,212.04,1005.4,6890.16,5.11,9.654,4100.0,0.072,PM2.5-1HR
945,DEU_DEBE069,2024-09-25,8.58,15.15,82.29,0.13,4.56,212.66,1005.49,8162.76,5.19,9.766,4100.0,0.012,PM2.5-1HR
945,DEU_DEBE125,2024-09-25,7.15,15.15,82.29,0.13,4.56,212.66,1005.49,6333.76,5.11,9.654,4100.0,0.01,PM2.5-1HR
945,DEU_DEBE126,2024-09-25,7.6,15.15,82.29,0.13,4.56,212.66,1005.49,8396.04,5.11,9.654,4100.0,0.007,PM2.5-1HR
945,DEU_DEBE127,2024-09-26,6.46,16.57,77.88,0.09,5.77,190.48,996.86,7613.33,3.38,7.232,4100.0,0.056,PM2.5-1HR
945,DEU_DEBE010,2024-09-26,4.5,16.33,79.42,0.19,5.71,189.5,996.82,7297.89,3.1,6.84,4100.0,0.044,PM2.5-1HR
945,DEU_DEBE032,2024-09-26,4.52,16.56,78.29,0.14,5.39,190.8,996.7,0,2.61,6.154,4100.0,0.861,PM2.5-1HR
945,DEU_DEBE034,2024-09-26,5.21,16.57,77.88,0.09,5.77,190.48,996.86,8605.71,3.29,7.106,4100.0,0.331,PM2.5-1HR
945,DEU_DEBE051,2024-09-26,4.63,15.95,81.5,0.27,5.29,187.12,996.7,463.79,3.25,7.05,4100.0,0.134,PM2.5-1HR
945,DEU_DEBE056,2024-09-26,3.6,16.6,78.67,0.15,5.16,188.99,997.33,341.92,1.93,5.202,4100.0,0.106,PM2.5-1HR
945,DEU_DEBE061,2024-09-26,4.65,16.57,77.88,0.09,5.77,190.48,996.86,8387.49,3.17,6.938,4100.0,0.009,PM2.5-1HR
945,DEU_DEBE065,2024-09-26,6.22,16.33,79.42,0.19,5.71,189.5,996.82,8360.65,3.29,7.106,4100.0,0.004,PM2.5-1HR
945,DEU_DEBE068,2024-09-26,4.88,16.33,79.42,0.19,5.71,189.5,996.82,6890.16,3.29,7.106,4100.0,0.072,PM2.5-1HR
945,DEU_DEBE069,2024-09-26,6.36,16.57,77.88,0.09,5.77,190.48,996.86,8162.76,3.32,7.148,4100.0,0.012,PM2.5-1HR
945,DEU_DEBE125,2024-09-26,5.58,16.57,77.88,0.09,5.77,190.48,996.86,6333.76,3.29,7.106,4100.0,0.01,PM2.5-1HR
945,DEU_DEBE126,2024-09-26,5.96,16.57,77.88,0.09,5.77,190.48,996.86,8396.04,3.29,7.106,4100.0,0.007,PM2.5-1HR
945,DEU_DEBE127,2024-09-27,5.02,16.32,65.54,0.04,7.17,222.79,997.71,7613.33,2.71,6.294,4100.0,0.056,PM2.5-1HR
945,DEU_DEBE010,2024-09-27,3.68,16.16,66.42,0.06,7.22,221.61,997.59,7297.89,2.48,5.972,4100.0,0.044,PM2.5-1HR
945,DEU_DEBE032,2024-09-27,3.24,16.28,66.17,0.03,6.7,221.53,997.61,0,2.31,5.734,4100.0,0.861,PM2.5-1HR
945,DEU_DEBE034,2024-09-27,4.41,16.32,65.54,0.04,7.17,222.79,997.71,8605.71,2.64,6.196,4100.0,0.331,PM2.5-1HR
945,DEU_DEBE051,2024-09-27,3.6,15.88,68.38,0.09,6.73,219.56,997.3,463.79,2.95,6.63,4100.0,0.134,PM2.5-1HR
945,DEU_DEBE056,2024-09-27,2.61,16.56,65.17,0.03,6.31,223.58,998.07,341.92,1.9,5.16,4100.0,0.106,PM2.5-1HR
945,DEU_DEBE061,2024-09-27,3.46,16.32,65.54,0.04,7.17,222.79,997.71,8387.49,2.59,6.126,4100.0,0.009,PM2.5-1HR
945,DEU_DEBE065,2024-09-27,4.66,16.16,66.42,0.06,7.22,221.61,997.59,8360.65,2.62,6.168,4100.0,0.004,PM2.5-1HR
945,DEU_DEBE068,2024-09-27,3.74,16.16,66.42,0.06,7.22,221.61,997.59,6890.16,2.64,6.196,4100.0,0.072,PM2.5-1HR
945,DEU_DEBE069,2024-09-27,6.09,16.32,65.54,0.04,7.17,222.79,997.71,8162.76,2.67,6.238,4100.0,0.012,PM2.5-1HR
945,DEU_DEBE125,2024-09-27,4.4,16.32,65.54,0.04,7.17,222.79,997.71,6333.76,2.64,6.196,4100.0,0.01,PM2.5-1HR
945,DEU_DEBE126,2024-09-27,4.68,16.32,65.54,0.04,7.17,222.79,997.71,8396.04,2.64,6.196,4100.0,0.007,PM2.5-1HR
945,DEU_DEBE010,2024-09-28,3.95,12.49,67.63,0.02,6.32,267.86,1011.03,7297.89,2.83,6.462,4100.0,0.044,PM2.5-1HR
945,DEU_DEBE032,2024-09-28,3.19,12.56,69.5,0.06,5.88,268.39,1011.26,0,2.35,5.79,4100.0,0.861,PM2.5-1HR
945,DEU_DEBE034,2024-09-28,4.19,12.59,68.21,0.03,6.34,268.34,1011.18,8605.71,3.1,6.84,4100.0,0.331,PM2.5-1HR
945,DEU_DEBE051,2024-09-28,3.69,12.36,67.13,0.07,5.86,267.61,1010.7,463.79,2.16,5.524,4100.0,0.134,PM2.5-1HR
945,DEU_DEBE056,2024-09-28,3.45,12.86,68.04,0.03,5.99,267.57,1011.18,341.92,2.26,5.664,4100.0,0.106,PM2.5-1HR
945,DEU_DEBE061,2024-09-28,4,12.59,68.21,0.03,6.34,268.34,1011.18,8387.49,2.94,6.616,4100.0,0.009,PM2.5-1HR
945,DEU_DEBE065,2024-09-28,5.63,12.49,67.63,0.02,6.32,267.86,1011.03,8360.65,2.97,6.658,4100.0,0.004,PM2.5-1HR
945,DEU_DEBE068,2024-09-28,4.04,12.49,67.63,0.02,6.32,267.86,1011.03,6890.16,3.1,6.84,4100.0,0.072,PM2.5-1HR
945,DEU_DEBE069,2024-09-28,7.34,12.59,68.21,0.03,6.34,268.34,1011.18,8162.76,3.11,6.854,4100.0,0.012,PM2.5-1HR
945,DEU_DEBE125,2024-09-28,5.06,12.59,68.21,0.03,6.34,268.34,1011.18,6333.76,3.1,6.84,4100.0,0.01,PM2.5-1HR
945,DEU_DEBE126,2024-09-28,6.18,12.59,68.21,0.03,6.34,268.34,1011.18,8396.04,3.1,6.84,4100.0,0.007,PM2.5-1HR
945,DEU_DEBE127,2024-09-28,5.58,12.59,68.21,0.03,6.34,268.34,1011.18,7613.33,3.17,6.938,4100.0,0.056,PM2.5-1HR
945,DEU_DEBE010,2024-09-29,6.02,9.64,72.29,0,3.16,299.82,1026.71,7297.89,4.24,8.436,4100.0,0.044,PM2.5-1HR
945,DEU_DEBE032,2024-09-29,3.8,9.84,74.75,0,2.98,298.31,1026.78,0,3.39,7.246,4100.0,0.861,PM2.5-1HR
945,DEU_DEBE034,2024-09-29,5.77,9.72,72.96,0,3.19,299,1026.75,8605.71,4.55,8.87,4100.0,0.331,PM2.5-1HR
945,DEU_DEBE051,2024-09-29,6.6,9.44,72.63,0,2.94,298.36,1026.59,463.79,3.35,7.19,4100.0,0.134,PM2.5-1HR
945,DEU_DEBE056,2024-09-29,4.04,9.86,75.25,0,2.95,299.62,1026.74,341.92,3.04,6.756,4100.0,0.106,PM2.5-1HR
945,DEU_DEBE061,2024-09-29,6.21,9.72,72.96,0,3.19,299,1026.75,8387.49,4.34,8.576,4100.0,0.009,PM2.5-1HR
945,DEU_DEBE065,2024-09-29,7.37,9.64,72.29,0,3.16,299.82,1026.71,8360.65,4.44,8.716,4100.0,0.004,PM2.5-1HR
945,DEU_DEBE068,2024-09-29,5.68,9.64,72.29,0,3.16,299.82,1026.71,6890.16,4.55,8.87,4100.0,0.072,PM2.5-1HR
945,DEU_DEBE069,2024-09-29,9.73,9.72,72.96,0,3.19,299,1026.75,8162.76,4.62,8.968,4100.0,0.012,PM2.5-1HR
945,DEU_DEBE125,2024-09-29,6.39,9.72,72.96,0,3.19,299,1026.75,6333.76,4.55,8.87,4100.0,0.01,PM2.5-1HR
945,DEU_DEBE126,2024-09-29,7.92,9.72,72.96,0,3.19,299,1026.75,8396.04,4.55,8.87,4100.0,0.007,PM2.5-1HR
945,DEU_DEBE127,2024-09-29,8.43,9.72,72.96,0,3.19,299,1026.75,7613.33,4.65,9.01,4100.0,0.056,PM2.5-1HR
945,DEU_DEBE010,2024-09-30,5.58,10.17,67.38,0,5.29,112.87,1022.82,7297.89,5.01,9.514,4100.0,0.044,PM2.5-1HR
945,DEU_DEBE032,2024-09-30,4.43,10.54,68.29,0,4.88,113.5,1022.53,0,3.88,7.932,4100.0,0.861,PM2.5-1HR
945,DEU_DEBE034,2024-09-30,5.52,10.35,67.46,0,5.14,112.74,1022.72,8605.71,5.18,9.752,4100.0,0.331,PM2.5-1HR
945,DEU_DEBE051,2024-09-30,5.09,10.21,66.38,0,4.88,115.25,1023,463.79,3.86,7.904,4100.0,0.134,PM2.5-1HR
945,DEU_DEBE056,2024-09-30,4.72,10.35,69.46,0,4.52,111.48,1022.98,341.92,3.31,7.134,4100.0,0.106,PM2.5-1HR
945,DEU_DEBE061,2024-09-30,5.93,10.35,67.46,0,5.14,112.74,1022.72,8387.49,4.86,9.304,4100.0,0.009,PM2.5-1HR
945,DEU_DEBE065,2024-09-30,7.24,10.17,67.38,0,5.29,112.87,1022.82,8360.65,5.26,9.864,4100.0,0.004,PM2.5-1HR
945,DEU_DEBE068,2024-09-30,5.77,10.17,67.38,0,5.29,112.87,1022.82,6890.16,5.18,9.752,4100.0,0.072,PM2.5-1HR
945,DEU_DEBE069,2024-09-30,7.22,10.35,67.46,0,5.14,112.74,1022.72,8162.76,5.15,9.71,4100.0,0.012,PM2.5-1HR
945,DEU_DEBE125,2024-09-30,6.96,10.35,67.46,0,5.14,112.74,1022.72,6333.76,5.18,9.752,4100.0,0.01,PM2.5-1HR
945,DEU_DEBE126,2024-09-30,7.44,10.35,67.46,0,5.14,112.74,1022.72,8396.04,5.18,9.752,4100.0,0.007,PM2.5-1HR
945,DEU_DEBE127,2024-09-30,7.97,10.35,67.46,0,5.14,112.74,1022.72,7613.33,5.28,9.892,4100.0,0.056,PM2.5-1HR
945,DEU_DEBE010,2024-10-01,11.32,10.25,80.92,0.45,5.3,110.64,1012.32,7297.89,6.11,11.054,4100.0,0.044,PM2.5-1HR
945,DEU_DEBE032,2024-10-01,9.17,10.68,81.96,0.42,4.6,112.22,1011.99,0,5.06,9.584,4100.0,0.861,PM2.5-1HR
945,DEU_DEBE034,2024-10-01,10.51,10.55,81.21,0.45,5.05,111.96,1012.18,8605.71,6.27,11.278,4100.0,0.331,PM2.5-1HR
945,DEU_DEBE051,2024-10-01,9.22,10.02,79,0.3,5.22,111.87,1012.54,463.79,5.26,9.864,4100.0,0.134,PM2.5-1HR
945,DEU_DEBE056,2024-10-01,8.33,10.56,80.79,0.34,4.34,110.95,1012.55,341.92,4.83,9.262,4100.0,0.106,PM2.5-1HR
945,DEU_DEBE061,2024-10-01,11.51,10.55,81.21,0.45,5.05,111.96,1012.18,8387.49,6.02,10.928,4100.0,0.009,PM2.5-1HR
945,DEU_DEBE065,2024-10-01,12.67,10.25,80.92,0.45,5.3,110.64,1012.32,8360.65,6.31,11.334,4100.0,0.004,PM2.5-1HR
945,DEU_DEBE068,2024-10-01,11.09,10.25,80.92,0.45,5.3,110.64,1012.32,6890.16,6.27,11.278,4100.0,0.072,PM2.5-1HR
945,DEU_DEBE069,2024-10-01,13.15,10.55,81.21,0.45,5.05,111.96,1012.18,8162.76,6.25,11.25,4100.0,0.012,PM2.5-1HR
945,DEU_DEBE125,2024-10-01,12.18,10.55,81.21,0.45,5.05,111.96,1012.18,6333.76,6.27,11.278,4100.0,0.01,PM2.5-1HR
945,DEU_DEBE126,2024-10-01,12.28,10.55,81.21,0.45,5.05,111.96,1012.18,8396.04,6.27,11.278,4100.0,0.007,PM2.5-1HR
945,DEU_DEBE127,2024-10-01,13.26,10.55,81.21,0.45,5.05,111.96,1012.18,7613.33,6.32,11.348,4100.0,0.056,PM2.5-1HR
945,DEU_DEBE010,2024-10-02,11.48,9.69,89.29,0.3,3.7,46.1,1010.23,7297.89,5.55,10.27,4100.0,0.044,PM2.5-1HR
945,DEU_DEBE032,2024-10-02,10.07,9.94,90.54,0.33,3.34,44.32,1010.16,0,4.4,8.66,4100.0,0.861,PM2.5-1HR
945,DEU_DEBE034,2024-10-02,12.71,9.88,89.21,0.26,3.63,46.37,1010.14,8605.71,5.79,10.606,4100.0,0.331,PM2.5-1HR
945,DEU_DEBE051,2024-10-02,8.29,9.59,87.88,0.25,3.66,45.55,1010.38,463.79,3.15,6.91,4100.0,0.134,PM2.5-1HR
945,DEU_DEBE056,2024-10-02,10.58,9.78,90.58,0.19,3.19,45.29,1010.03,341.92,4.28,8.492,4100.0,0.106,PM2.5-1HR
945,DEU_DEBE061,2024-10-02,12.9,9.88,89.21,0.26,3.63,46.37,1010.14,8387.49,5.61,10.354,4100.0,0.009,PM2.5-1HR
945,DEU_DEBE065,2024-10-02,13.45,9.69,89.29,0.3,3.7,46.1,1010.23,8360.65,5.83,10.662,4100.0,0.004,PM2.5-1HR
945,DEU_DEBE068,2024-10-02,11.6,9.69,89.29,0.3,3.7,46.1,1010.23,6890.16,5.79,10.606,4100.0,0.072,PM2.5-1HR
945,DEU_DEBE069,2024-10-02,16.07,9.88,89.21,0.26,3.63,46.37,1010.14,8162.76,5.98,10.872,4100.0,0.012,PM2.5-1HR
945,DEU_DEBE125,2024-10-02,12.65,9.88,89.21,0.26,3.63,46.37,1010.14,6333.76,5.79,10.606,4100.0,0.01,PM2.5-1HR
945,DEU_DEBE126,2024-10-02,15.05,9.88,89.21,0.26,3.63,46.37,1010.14,8396.04,5.79,10.606,4100.0,0.007,PM2.5-1HR
945,DEU_DEBE127,2024-10-02,14.18,9.88,89.21,0.26,3.63,46.37,1010.14,7613.33,5.98,10.872,4100.0,0.056,PM2.5-1HR
945,DEU_DEBE010,2024-10-03,4.46,11.05,86.54,0.18,4.51,352.39,1014.53,7297.89,3.63,7.582,4100.0,0.044,PM2.5-1HR
945,DEU_DEBE032,2024-10-03,4.11,11.01,87.21,0.11,4.15,349.97,1014.72,0,3.38,7.232,4100.0,0.861,PM2.5-1HR
945,DEU_DEBE034,2024-10-03,4.59,11,86.79,0.18,4.39,351.3,1014.54,8605.71,3.82,7.848,4100.0,0.331,PM2.5-1HR
945,DEU_DEBE051,2024-10-03,3.41,11.03,86.29,0.06,4.35,355.85,1014.55,463.79,2.85,6.49,4100.0,0.134,PM2.5-1HR
945,DEU_DEBE056,2024-10-03,3.28,11.07,87.13,0.13,3.64,348.26,1014.2,341.92,2.35,5.79,4100.0,0.106,PM2.5-1HR
945,DEU_DEBE061,2024-10-03,4.6,11,86.79,0.18,4.39,351.3,1014.54,8387.49,3.75,7.75,4100.0,0.009,PM2.5-1HR
945,DEU_DEBE065,2024-10-03,4.91,11.05,86.54,0.18,4.51,352.39,1014.53,8360.65,3.75,7.75,4100.0,0.004,PM2.5-1HR
945,DEU_DEBE068,2024-10-03,4.27,11.05,86.54,0.18,4.51,352.39,1014.53,6890.16,3.82,7.848,4100.0,0.072,PM2.5-1HR
945,DEU_DEBE069,2024-10-03,7.72,11,86.79,0.18,4.39,351.3,1014.54,8162.76,3.83,7.862,4100.0,0.012,PM2.5-1HR
945,DEU_DEBE125,2024-10-03,5.01,11,86.79,0.18,4.39,351.3,1014.54,6333.76,3.82,7.848,4100.0,0.01,PM2.5-1HR
945,DEU_DEBE126,2024-10-03,6.97,11,86.79,0.18,4.39,351.3,1014.54,8396.04,3.82,7.848,4100.0,0.007,PM2.5-1HR
945,DEU_DEBE127,2024-10-03,5.66,11,86.79,0.18,4.39,351.3,1014.54,7613.33,3.86,7.904,4100.0,0.056,PM2.5-1HR
945,DEU_DEBE010,2024-10-04,4.64,11.39,82.33,0.03,4.57,15.44,1018.59,7297.89,4.23,8.422,4100.0,0.044,PM2.5-1HR
945,DEU_DEBE032,2024-10-04,4.15,11.56,81.88,0.02,4.2,16.11,1018.65,0,3.79,7.806,4100.0,0.861,PM2.5-1HR
945,DEU_DEBE034,2024-10-04,4.85,11.45,82.25,0.03,4.55,15.9,1018.53,8605.71,4.46,8.744,4100.0,0.331,PM2.5-1HR
945,DEU_DEBE051,2024-10-04,3.61,11.35,82,0.03,4.24,16.18,1018.71,463.79,3.26,7.064,4100.0,0.134,PM2.5-1HR
945,DEU_DEBE056,2024-10-04,3.81,11.23,85.04,0.07,3.77,16.31,1018.26,341.92,3.21,6.994,4100.0,0.106,PM2.5-1HR
945,DEU_DEBE061,2024-10-04,4.84,11.45,82.25,0.03,4.55,15.9,1018.53,8387.49,4.33,8.562,4100.0,0.009,PM2.5-1HR
945,DEU_DEBE065,2024-10-04,5.5,11.39,82.33,0.03,4.57,15.44,1018.59,8360.65,4.37,8.618,4100.0,0.004,PM2.5-1HR
945,DEU_DEBE068,2024-10-04,4.69,11.39,82.33,0.03,4.57,15.44,1018.59,6890.16,4.46,8.744,4100.0,0.072,PM2.5-1HR
945,DEU_DEBE069,2024-10-04,7.16,11.45,82.25,0.03,4.55,15.9,1018.53,8162.76,4.51,8.814,4100.0,0.012,PM2.5-1HR
945,DEU_DEBE125,2024-10-04,5.72,11.45,82.25,0.03,4.55,15.9,1018.53,6333.76,4.46,8.744,4100.0,0.01,PM2.5-1HR
945,DEU_DEBE126,2024-10-04,7.16,11.45,82.25,0.03,4.55,15.9,1018.53,8396.04,4.46,8.744,4100.0,0.007,PM2.5-1HR
945,DEU_DEBE127,2024-10-04,6.41,11.45,82.25,0.03,4.55,15.9,1018.53,7613.33,4.53,8.842,4100.0,0.056,PM2.5-1HR
945,DEU_DEBE010,2024-10-05,5.73,10.82,80.63,0,2.82,38.8,1019.43,7297.89,4.78,9.192,4100.0,0.044,PM2.5-1HR
945,DEU_DEBE032,2024-10-05,4.76,10.84,81.21,0.01,2.54,38,1019.43,0,4.04,8.156,4100.0,0.861,PM2.5-1HR
945,DEU_DEBE034,2024-10-05,6.51,10.75,80.75,0.01,2.8,41.75,1019.4,8605.71,5.08,9.612,4100.0,0.331,PM2.5-1HR
945,DEU_DEBE051,2024-10-05,4.35,10.78,81.33,0.01,2.69,34.53,1019.5,463.79,2.81,6.434,4100.0,0.134,PM2.5-1HR
945,DEU_DEBE056,2024-10-05,5.3,10.65,82.13,0.01,2.48,45.22,1019.28,341.92,3.14,6.896,4100.0,0.106,PM2.5-1HR
945,DEU_DEBE061,2024-10-05,6.59,10.75,80.75,0.01,2.8,41.75,1019.4,8387.49,4.84,9.276,4100.0,0.009,PM2.5-1HR
945,DEU_DEBE065,2024-10-05,7.2,10.82,80.63,0,2.82,38.8,1019.43,8360.65,5,9.5,4100.0,0.004,PM2.5-1HR
945,DEU_DEBE068,2024-10-05,5.95,10.82,80.63,0,2.82,38.8,1019.43,6890.16,5.08,9.612,4100.0,0.072,PM2.5-1HR
945,DEU_DEBE069,2024-10-05,8.94,10.75,80.75,0.01,2.8,41.75,1019.4,8162.76,5.23,9.822,4100.0,0.012,PM2.5-1HR
945,DEU_DEBE125,2024-10-05,6.96,10.75,80.75,0.01,2.8,41.75,1019.4,6333.76,5.08,9.612,4100.0,0.01,PM2.5-1HR
945,DEU_DEBE126,2024-10-05,9.27,10.75,80.75,0.01,2.8,41.75,1019.4,8396.04,5.08,9.612,4100.0,0.007,PM2.5-1HR
945,DEU_DEBE127,2024-10-05,8.61,10.75,80.75,0.01,2.8,41.75,1019.4,7613.33,5.24,9.836,4100.0,0.056,PM2.5-1HR
945,DEU_DEBE010,2024-10-06,11.12,9.34,80.96,0,2.25,108.8,1014.37,7297.89,7.41,12.874,4100.0,0.044,PM2.5-1HR
945,DEU_DEBE032,2024-10-06,7.73,9.37,81.33,0,2.13,113.13,1014.29,0,7.2,12.58,4100.0,0.861,PM2.5-1HR
945,DEU_DEBE034,2024-10-06,10.86,9.41,80.42,0,2.21,109.75,1014.34,8605.71,7.7,13.28,4100.0,0.331,PM2.5-1HR
945,DEU_DEBE051,2024-10-06,8.48,9.22,81.63,0,2.12,107.24,1014.43,463.79,5.7,10.48,4100.0,0.134,PM2.5-1HR
945,DEU_DEBE056,2024-10-06,9.88,9.93,81.71,0,1.93,106.01,1014.38,341.92,6.53,11.642,4100.0,0.106,PM2.5-1HR
945,DEU_DEBE061,2024-10-06,12.15,9.41,80.42,0,2.21,109.75,1014.34,8387.49,7.5,13.0,4100.0,0.009,PM2.5-1HR
945,DEU_DEBE065,2024-10-06,12.97,9.34,80.96,0,2.25,108.8,1014.37,8360.65,7.39,12.846,4100.0,0.004,PM2.5-1HR
945,DEU_DEBE068,2024-10-06,11.24,9.34,80.96,0,2.25,108.8,1014.37,6890.16,7.7,13.28,4100.0,0.072,PM2.5-1HR
945,DEU_DEBE069,2024-10-06,13.12,9.41,80.42,0,2.21,109.75,1014.34,8162.76,7.74,13.336,4100.0,0.012,PM2.5-1HR
945,DEU_DEBE125,2024-10-06,12.38,9.41,80.42,0,2.21,109.75,1014.34,6333.76,7.7,13.28,4100.0,0.01,PM2.5-1HR
945,DEU_DEBE126,2024-10-06,12.45,9.41,80.42,0,2.21,109.75,1014.34,8396.04,7.7,13.28,4100.0,0.007,PM2.5-1HR
945,DEU_DEBE127,2024-10-06,12.79,9.41,80.42,0,2.21,109.75,1014.34,7613.33,7.73,13.322,4100.0,0.056,PM2.5-1HR
945,DEU_DEBE010,2024-10-07,12.76,10.87,87.88,0,3.18,153.99,1007.62,7297.89,9.41,15.674,4100.0,0.044,PM2.5-1HR
945,DEU_DEBE032,2024-10-07,9.2,10.88,88.17,0,2.84,153.69,1007.46,0,6.82,12.048,4100.0,0.861,PM2.5-1HR
945,DEU_DEBE034,2024-10-07,15.09,10.97,87.46,0.01,3.05,156.17,1007.6,8605.71,9.69,16.066,4100.0,0.331,PM2.5-1HR
945,DEU_DEBE051,2024-10-07,10.63,10.82,87.79,0.01,3.33,155.4,1007.63,463.79,6.66,11.824,4100.0,0.134,PM2.5-1HR
945,DEU_DEBE056,2024-10-07,10.52,11.18,87.38,0.02,2.81,152.59,1007.84,341.92,7.02,12.328,4100.0,0.106,PM2.5-1HR
945,DEU_DEBE061,2024-10-07,13.51,10.97,87.46,0.01,3.05,156.17,1007.6,8387.49,9.14,15.296,4100.0,0.009,PM2.5-1HR
945,DEU_DEBE065,2024-10-07,16.16,10.87,87.88,0,3.18,153.99,1007.62,8360.65,9.82,16.248,4100.0,0.004,PM2.5-1HR
945,DEU_DEBE068,2024-10-07,14.44,10.87,87.88,0,3.18,153.99,1007.62,6890.16,9.69,16.066,4100.0,0.072,PM2.5-1HR
945,DEU_DEBE069,2024-10-07,15.32,10.97,87.46,0.01,3.05,156.17,1007.6,8162.76,9.71,16.094,4100.0,0.012,PM2.5-1HR
945,DEU_DEBE125,2024-10-07,14.1,10.97,87.46,0.01,3.05,156.17,1007.6,6333.76,9.69,16.066,4100.0,0.01,PM2.5-1HR
945,DEU_DEBE126,2024-10-07,15.09,10.97,87.46,0.01,3.05,156.17,1007.6,8396.04,9.69,16.066,4100.0,0.007,PM2.5-1HR
945,DEU_DEBE127,2024-10-07,15.37,10.97,87.46,0.01,3.05,156.17,1007.6,7613.33,9.84,16.276,4100.0,0.056,PM2.5-1HR
945,DEU_DEBE010,2024-10-08,11.85,15.04,90.21,0.15,2.73,149.14,1003.07,7297.89,7.09,12.426,4100.0,0.044,PM2.5-1HR
945,DEU_DEBE032,2024-10-08,9.13,15.35,89.46,0.21,2.46,155.46,1002.96,0,5.21,9.794,4100.0,0.861,PM2.5-1HR
945,DEU_DEBE034,2024-10-08,12.37,15.26,89.33,0.15,2.62,154.64,1003.05,8605.71,7.34,12.776,4100.0,0.331,PM2.5-1HR
945,DEU_DEBE051,2024-10-08,9.82,14.9,90.17,0.18,2.84,152.46,1003.09,463.79,6.29,11.306,4100.0,0.134,PM2.5-1HR
945,DEU_DEBE056,2024-10-08,9.9,15.25,86.67,0.07,2.75,150.13,1003.25,341.92,7.77,13.378,4100.0,0.106,PM2.5-1HR
945,DEU_DEBE061,2024-10-08,11.86,15.26,89.33,0.15,2.62,154.64,1003.05,8387.49,6.93,12.202,4100.0,0.009,PM2.5-1HR
945,DEU_DEBE065,2024-10-08,14.4,15.04,90.21,0.15,2.73,149.14,1003.07,8360.65,7.57,13.098,4100.0,0.004,PM2.5-1HR
945,DEU_DEBE068,2024-10-08,13.21,15.04,90.21,0.15,2.73,149.14,1003.07,6890.16,7.34,12.776,4100.0,0.072,PM2.5-1HR
945,DEU_DEBE069,2024-10-08,14.74,15.26,89.33,0.15,2.62,154.64,1003.05,8162.76,7.37,12.818,4100.0,0.012,PM2.5-1HR
945,DEU_DEBE125,2024-10-08,13.54,15.26,89.33,0.15,2.62,154.64,1003.05,6333.76,7.34,12.776,4100.0,0.01,PM2.5-1HR
945,DEU_DEBE126,2024-10-08,14.15,15.26,89.33,0.15,2.62,154.64,1003.05,8396.04,7.34,12.776,4100.0,0.007,PM2.5-1HR
945,DEU_DEBE127,2024-10-08,14.95,15.26,89.33,0.15,2.62,154.64,1003.05,7613.33,7.52,13.028,4100.0,0.056,PM2.5-1HR
945,DEU_DEBE010,2024-10-09,5.99,16.05,83.08,0.44,4.23,208.08,996.72,7297.89,3.96,8.044,4100.0,0.044,PM2.5-1HR
945,DEU_DEBE032,2024-10-09,5.59,16,82.75,0.43,3.79,204.98,996.66,0,3.42,7.288,4100.0,0.861,PM2.5-1HR
945,DEU_DEBE034,2024-10-09,6.29,16.2,82.17,0.42,4.22,207.76,996.75,8605.71,4.22,8.408,4100.0,0.331,PM2.5-1HR
945,DEU_DEBE051,2024-10-09,5.89,15.84,84.25,0.48,4.02,208.18,996.63,463.79,3.92,7.988,4100.0,0.134,PM2.5-1HR
945,DEU_DEBE056,2024-10-09,4.49,16.4,80.58,0.35,3.96,207.52,996.95,341.92,2.95,6.63,4100.0,0.106,PM2.5-1HR
945,DEU_DEBE061,2024-10-09,5.88,16.2,82.17,0.42,4.22,207.76,996.75,8387.49,4.07,8.198,4100.0,0.009,PM2.5-1HR
945,DEU_DEBE065,2024-10-09,7.63,16.05,83.08,0.44,4.23,208.08,996.72,8360.65,4.16,8.324,4100.0,0.004,PM2.5-1HR
945,DEU_DEBE068,2024-10-09,6.23,16.05,83.08,0.44,4.23,208.08,996.72,6890.16,4.22,8.408,4100.0,0.072,PM2.5-1HR
945,DEU_DEBE069,2024-10-09,8.73,16.2,82.17,0.42,4.22,207.76,996.75,8162.76,4.21,8.394,4100.0,0.012,PM2.5-1HR
945,DEU_DEBE125,2024-10-09,6.97,16.2,82.17,0.42,4.22,207.76,996.75,6333.76,4.22,8.408,4100.0,0.01,PM2.5-1HR
945,DEU_DEBE126,2024-10-09,8.02,16.2,82.17,0.42,4.22,207.76,996.75,8396.04,4.22,8.408,4100.0,0.007,PM2.5-1HR
945,DEU_DEBE127,2024-10-09,7.84,16.2,82.17,0.42,4.22,207.76,996.75,7613.33,4.3,8.52,4100.0,0.056,PM2.5-1HR
945,DEU_DEBE010,2024-10-10,4.93,15.54,74.5,0.11,6.74,221.67,991.41,7297.89,2.84,6.476,4100.0,0.044,PM2.5-1HR
945,DEU_DEBE032,2024-10-10,5.09,15.51,74.75,0.15,6.27,224.31,991.45,0,2.15,5.51,4100.0,0.861,PM2.5-1HR
945,DEU_DEBE034,2024-10-10,5.03,15.78,72.67,0.09,6.82,222.33,991.49,8605.71,3.17,6.938,4100.0,0.331,PM2.5-1HR
945,DEU_DEBE051,2024-10-10,4.88,15.19,77.29,0.18,6.35,220.82,991.2,463.79,2.13,5.482,4100.0,0.134,PM2.5-1HR
945,DEU_DEBE056,2024-10-10,3.69,16.01,72,0.18,6.29,219.97,991.76,341.92,1.86,5.104,4100.0,0.106,PM2.5-1HR
945,DEU_DEBE061,2024-10-10,4.98,15.78,72.67,0.09,6.82,222.33,991.49,8387.49,2.98,6.672,4100.0,0.009,PM2.5-1HR
945,DEU_DEBE065,2024-10-10,6.47,15.54,74.5,0.11,6.74,221.67,991.41,8360.65,3.02,6.728,4100.0,0.004,PM2.5-1HR
945,DEU_DEBE068,2024-10-10,5.57,15.54,74.5,0.11,6.74,221.67,991.41,6890.16,3.17,6.938,4100.0,0.072,PM2.5-1HR
945,DEU_DEBE069,2024-10-10,8.6,15.78,72.67,0.09,6.82,222.33,991.49,8162.76,3.22,7.008,4100.0,0.012,PM2.5-1HR
945,DEU_DEBE125,2024-10-10,6.02,15.78,72.67,0.09,6.82,222.33,991.49,6333.76,3.17,6.938,4100.0,0.01,PM2.5-1HR
945,DEU_DEBE126,2024-10-10,6.36,15.78,72.67,0.09,6.82,222.33,991.49,8396.04,3.17,6.938,4100.0,0.007,PM2.5-1HR
945,DEU_DEBE127,2024-10-10,6.69,15.78,72.67,0.09,6.82,222.33,991.49,7613.33,3.3,7.12,4100.0,0.056,PM2.5-1HR
945,DEU_DEBE010,2024-10-11,6.01,9.03,77.13,0.01,3.5,269.5,1012.65,7297.89,5.01,9.514,4100.0,0.044,PM2.5-1HR
945,DEU_DEBE032,2024-10-11,4.63,9.23,77.33,0,3.26,268.88,1012.79,0,3.7,7.68,4100.0,0.861,PM2.5-1HR
945,DEU_DEBE034,2024-10-11,7.85,9.13,77.21,0.01,3.49,268.55,1012.75,8605.71,5.28,9.892,4100.0,0.331,PM2.5-1HR
945,DEU_DEBE051,2024-10-11,4.92,8.99,75.83,0.01,3.4,268.54,1012.48,463.79,3.69,7.666,4100.0,0.134,PM2.5-1HR
945,DEU_DEBE056,2024-10-11,5.25,9.3,78.88,0.01,3.22,268.13,1012.73,341.92,3.14,6.896,4100.0,0.106,PM2.5-1HR
945,DEU_DEBE061,2024-10-11,6.96,9.13,77.21,0.01,3.49,268.55,1012.75,8387.49,4.97,9.458,4100.0,0.009,PM2.5-1HR
945,DEU_DEBE065,2024-10-11,8.87,9.03,77.13,0.01,3.5,269.5,1012.65,8360.65,5.28,9.892,4100.0,0.004,PM2.5-1HR
945,DEU_DEBE068,2024-10-11,7.19,9.03,77.13,0.01,3.5,269.5,1012.65,6890.16,5.28,9.892,4100.0,0.072,PM2.5-1HR
945,DEU_DEBE069,2024-10-11,12.05,9.13,77.21,0.01,3.49,268.55,1012.75,8162.76,5.34,9.976,4100.0,0.012,PM2.5-1HR
945,DEU_DEBE125,2024-10-11,7.32,9.13,77.21,0.01,3.49,268.55,1012.75,6333.76,5.28,9.892,4100.0,0.01,PM2.5-1HR
945,DEU_DEBE126,2024-10-11,8.51,9.13,77.21,0.01,3.49,268.55,1012.75,8396.04,5.28,9.892,4100.0,0.007,PM2.5-1HR
945,DEU_DEBE127,2024-10-11,9.03,9.13,77.21,0.01,3.49,268.55,1012.75,7613.33,5.44,10.116,4100.0,0.056,PM2.5-1HR
945,DEU_DEBE010,2024-10-12,8.22,8.3,75.29,0,3.64,160.8,1017.98,7297.89,5.65,10.41,4100.0,0.044,PM2.5-1HR
945,DEU_DEBE032,2024-10-12,5.8,8.61,75.75,0,3.5,161.25,1017.83,0,4.54,8.856,4100.0,0.861,PM2.5-1HR
945,DEU_DEBE034,2024-10-12,7.93,8.4,74.79,0,3.61,162.03,1017.97,8605.71,5.9,10.76,4100.0,0.331,PM2.5-1HR
945,DEU_DEBE051,2024-10-12,7.78,8.33,74.96,0,3.53,164.31,1018,463.79,4.6,8.94,4100.0,0.134,PM2.5-1HR
945,DEU_DEBE056,2024-10-12,6.32,8.82,76.08,0,3.27,164,1018.2,341.92,3.61,7.554,4100.0,0.106,PM2.5-1HR
945,DEU_DEBE061,2024-10-12,8.2,8.4,74.79,0,3.61,162.03,1017.97,8387.49,5.59,10.326,4100.0,0.009,PM2.5-1HR
945,DEU_DEBE065,2024-10-12,10.71,8.3,75.29,0,3.64,160.8,1017.98,8360.65,5.99,10.886,4100.0,0.004,PM2.5-1HR
945,DEU_DEBE068,2024-10-12,8.59,8.3,75.29,0,3.64,160.8,1017.98,6890.16,5.9,10.76,4100.0,0.072,PM2.5-1HR
945,DEU_DEBE069,2024-10-12,9.81,8.4,74.79,0,3.61,162.03,1017.97,8162.76,5.86,10.704,4100.0,0.012,PM2.5-1HR
945,DEU_DEBE125,2024-10-12,9.33,8.4,74.79,0,3.61,162.03,1017.97,6333.76,5.9,10.76,4100.0,0.01,PM2.5-1HR
945,DEU_DEBE126,2024-10-12,10.13,8.4,74.79,0,3.61,162.03,1017.97,8396.04,5.9,10.76,4100.0,0.007,PM2.5-1HR
945,DEU_DEBE127,2024-10-12,10.03,8.4,74.79,0,3.61,162.03,1017.97,7613.33,5.98,10.872,4100.0,0.056,PM2.5-1HR
945,DEU_DEBE010,2024-10-13,5.28,10.35,75.08,0.15,7.57,242.67,1007.04,7297.89,3.38,7.232,4100.0,0.044,PM2.5-1HR
945,DEU_DEBE032,2024-10-13,4.35,10.49,75.04,0.25,7.19,244.32,1007.25,0,2.86,6.504,4100.0,0.861,PM2.5-1HR
945,DEU_DEBE034,2024-10-13,5.56,10.48,74.79,0.18,7.67,242.76,1007.21,8605.71,3.64,7.596,4100.0,0.331,PM2.5-1HR
945,DEU_DEBE051,2024-10-13,4.84,10.22,75.38,0.2,7.07,241.34,1006.69,463.79,2.94,6.616,4100.0,0.134,PM2.5-1HR
945,DEU_DEBE056,2024-10-13,4.26,10.74,74.63,0.16,7.12,241.47,1007.3,341.92,2.49,5.986,4100.0,0.106,PM2.5-1HR
945,DEU_DEBE061,2024-10-13,5.47,10.48,74.79,0.18,7.67,242.76,1007.21,8387.49,3.48,7.372,4100.0,0.009,PM2.5-1HR
945,DEU_DEBE065,2024-10-13,6.72,10.35,75.08,0.15,7.57,242.67,1007.04,8360.65,3.49,7.386,4100.0,0.004,PM2.5-1HR
945,DEU_DEBE068,2024-10-13,5.64,10.35,75.08,0.15,7.57,242.67,1007.04,6890.16,3.64,7.596,4100.0,0.072,PM2.5-1HR
945,DEU_DEBE069,2024-10-13,7.9,10.48,74.79,0.18,7.67,242.76,1007.21,8162.76,3.67,7.638,4100.0,0.012,PM2.5-1HR
945,DEU_DEBE125,2024-10-13,6.07,10.48,74.79,0.18,7.67,242.76,1007.21,6333.76,3.64,7.596,4100.0,0.01,PM2.5-1HR
945,DEU_DEBE126,2024-10-13,6.43,10.48,74.79,0.18,7.67,242.76,1007.21,8396.04,3.64,7.596,4100.0,0.007,PM2.5-1HR
945,DEU_DEBE127,2024-10-13,7.16,10.48,74.79,0.18,7.67,242.76,1007.21,7613.33,3.72,7.708,4100.0,0.056,PM2.5-1HR
945,DEU_DEBE010,2024-10-14,7.04,9.21,75.92,0.03,4.46,270.64,1017.31,7297.89,6.12,11.068,4100.0,0.044,PM2.5-1HR
945,DEU_DEBE032,2024-10-14,5.1,9.3,76.13,0.03,4.06,271.05,1017.5,0,5.34,9.976,4100.0,0.861,PM2.5-1HR
945,DEU_DEBE034,2024-10-14,6.82,9.28,75.88,0.03,4.44,270.88,1017.43,8605.71,6.43,11.502,4100.0,0.331,PM2.5-1HR
945,DEU_DEBE051,2024-10-14,5.64,9.24,75.29,0.03,4.29,273.61,1017.06,463.79,5.12,9.668,4100.0,0.134,PM2.5-1HR
945,DEU_DEBE056,2024-10-14,5.54,9.43,76,0.03,4.21,271.81,1017.4,341.92,4.47,8.758,4100.0,0.106,PM2.5-1HR
945,DEU_DEBE061,2024-10-14,7.87,9.28,75.88,0.03,4.44,270.88,1017.43,8387.49,6.15,11.11,4100.0,0.009,PM2.5-1HR
945,DEU_DEBE065,2024-10-14,8.93,9.21,75.92,0.03,4.46,270.64,1017.31,8360.65,6.23,11.222,4100.0,0.004,PM2.5-1HR
945,DEU_DEBE068,2024-10-14,7.34,9.21,75.92,0.03,4.46,270.64,1017.31,6890.16,6.43,11.502,4100.0,0.072,PM2.5-1HR
945,DEU_DEBE069,2024-10-14,10.93,9.28,75.88,0.03,4.44,270.88,1017.43,8162.76,6.41,11.474,4100.0,0.012,PM2.5-1HR
945,DEU_DEBE125,2024-10-14,7.76,9.28,75.88,0.03,4.44,270.88,1017.43,6333.76,6.43,11.502,4100.0,0.01,PM2.5-1HR
945,DEU_DEBE126,2024-10-14,8.63,9.28,75.88,0.03,4.44,270.88,1017.43,8396.04,6.43,11.502,4100.0,0.007,PM2.5-1HR
945,DEU_DEBE127,2024-10-14,9.33,9.28,75.88,0.03,4.44,270.88,1017.43,7613.33,6.5,11.6,4100.0,0.056,PM2.5-1HR
945,DEU_DEBE010,2024-10-15,7.3,8.04,82.33,0,1.87,322.68,1024,7297.89,5.09,9.626,4100.0,0.044,PM2.5-1HR
945,DEU_DEBE032,2024-10-15,4.92,7.98,83.63,0,1.73,324.03,1024.02,0,4.34,8.576,4100.0,0.861,PM2.5-1HR
945,DEU_DEBE034,2024-10-15,7.36,7.93,83.04,0,1.85,325.29,1024.01,8605.71,5.54,10.256,4100.0,0.331,PM2.5-1HR
945,DEU_DEBE051,2024-10-15,6.4,8.23,80.63,0,1.92,322.53,1023.97,463.79,3.58,7.512,4100.0,0.134,PM2.5-1HR
945,DEU_DEBE056,2024-10-15,5.69,8.22,84.38,0,1.9,324,1023.98,341.92,3.74,7.736,4100.0,0.106,PM2.5-1HR
945,DEU_DEBE061,2024-10-15,8.02,7.93,83.04,0,1.85,325.29,1024.01,8387.49,5.31,9.934,4100.0,0.009,PM2.5-1HR
945,DEU_DEBE065,2024-10-15,8.98,8.04,82.33,0,1.87,322.68,1024,8360.65,5.28,9.892,4100.0,0.004,PM2.5-1HR
945,DEU_DEBE068,2024-10-15,7.54,8.04,82.33,0,1.87,322.68,1024,6890.16,5.54,10.256,4100.0,0.072,PM2.5-1HR
945,DEU_DEBE069,2024-10-15,11.27,7.93,83.04,0,1.85,325.29,1024.01,8162.76,5.77,10.578,4100.0,0.012,PM2.5-1HR
945,DEU_DEBE125,2024-10-15,8.13,7.93,83.04,0,1.85,325.29,1024.01,6333.76,5.54,10.256,4100.0,0.01,PM2.5-1HR
945,DEU_DEBE126,2024-10-15,9.88,7.93,83.04,0,1.85,325.29,1024.01,8396.04,5.54,10.256,4100.0,0.007,PM2.5-1HR
945,DEU_DEBE127,2024-10-15,10.23,7.93,83.04,0,1.85,325.29,1024.01,7613.33,5.74,10.536,4100.0,0.056,PM2.5-1HR
945,DEU_DEBE010,2024-10-16,10.06,8.77,77.71,0,5.93,112.16,1023.81,7297.89,7.36,12.804,4100.0,0.044,PM2.5-1HR
945,DEU_DEBE032,2024-10-16,7.65,9.04,78.54,0,5.35,111.12,1023.49,0,6.06,10.984,4100.0,0.861,PM2.5-1HR
945,DEU_DEBE034,2024-10-16,9.66,8.9,77.96,0,5.72,111.53,1023.7,8605.71,7.52,13.028,4100.0,0.331,PM2.5-1HR
945,DEU_DEBE051,2024-10-16,8.4,8.93,75.21,0,5.63,116.74,1024.01,463.79,5.31,9.934,4100.0,0.134,PM2.5-1HR
945,DEU_DEBE056,2024-10-16,8.45,9.04,78.21,0,5.13,111.79,1024.07,341.92,5.74,10.536,4100.0,0.106,PM2.5-1HR
945,DEU_DEBE061,2024-10-16,10.88,8.9,77.96,0,5.72,111.53,1023.7,8387.49,7.18,12.552,4100.0,0.009,PM2.5-1HR
945,DEU_DEBE065,2024-10-16,11.92,8.77,77.71,0,5.93,112.16,1023.81,8360.65,7.56,13.084,4100.0,0.004,PM2.5-1HR
945,DEU_DEBE068,2024-10-16,10.31,8.77,77.71,0,5.93,112.16,1023.81,6890.16,7.52,13.028,4100.0,0.072,PM2.5-1HR
945,DEU_DEBE069,2024-10-16,11.49,8.9,77.96,0,5.72,111.53,1023.7,8162.76,7.55,13.07,4100.0,0.012,PM2.5-1HR
945,DEU_DEBE125,2024-10-16,11.56,8.9,77.96,0,5.72,111.53,1023.7,6333.76,7.52,13.028,4100.0,0.01,PM2.5-1HR
945,DEU_DEBE126,2024-10-16,11.31,8.9,77.96,0,5.72,111.53,1023.7,8396.04,7.52,13.028,4100.0,0.007,PM2.5-1HR
945,DEU_DEBE127,2024-10-16,12.38,8.9,77.96,0,5.72,111.53,1023.7,7613.33,7.64,13.196,4100.0,0.056,PM2.5-1HR
945,DEU_DEBE010,2024-10-17,12.02,11.71,72.96,0,5.31,133.71,1018.16,7297.89,10.4,17.06,4100.0,0.044,PM2.5-1HR
945,DEU_DEBE032,2024-10-17,9.47,12.03,73.08,0,4.7,133.21,1017.88,0,8.79,14.806,4100.0,0.861,PM2.5-1HR
945,DEU_DEBE034,2024-10-17,11.56,11.9,72.38,0,5.1,134.17,1018.09,8605.71,10.59,17.326,4100.0,0.331,PM2.5-1HR
945,DEU_DEBE051,2024-10-17,10.34,11.68,72.13,0,5.3,138.92,1018.25,463.79,8.32,14.148,4100.0,0.134,PM2.5-1HR
945,DEU_DEBE056,2024-10-17,9.48,11.95,71.58,0,4.86,135.09,1018.43,341.92,7.23,12.622,4100.0,0.106,PM2.5-1HR
945,DEU_DEBE061,2024-10-17,12.4,11.9,72.38,0,5.1,134.17,1018.09,8387.49,10.1,16.64,4100.0,0.009,PM2.5-1HR
945,DEU_DEBE065,2024-10-17,13.84,11.71,72.96,0,5.31,133.71,1018.16,8360.65,10.64,17.396,4100.0,0.004,PM2.5-1HR
945,DEU_DEBE068,2024-10-17,11.89,11.71,72.96,0,5.31,133.71,1018.16,6890.16,10.59,17.326,4100.0,0.072,PM2.5-1HR
945,DEU_DEBE069,2024-10-17,13.38,11.9,72.38,0,5.1,134.17,1018.09,8162.76,10.56,17.284,4100.0,0.012,PM2.5-1HR
945,DEU_DEBE125,2024-10-17,13.57,11.9,72.38,0,5.1,134.17,1018.09,6333.76,10.59,17.326,4100.0,0.01,PM2.5-1HR
945,DEU_DEBE126,2024-10-17,13.78,11.9,72.38,0,5.1,134.17,1018.09,8396.04,10.59,17.326,4100.0,0.007,PM2.5-1HR
945,DEU_DEBE127,2024-10-17,14.24,11.9,72.38,0,5.1,134.17,1018.09,7613.33,10.74,17.536,4100.0,0.056,PM2.5-1HR
945,DEU_DEBE127,2024-10-18,19.9,12.75,79.13,0,3.47,128.76,1016.82,7613.33,11.61,18.754,4100.0,0.056,PM2.5-1HR
945,DEU_DEBE010,2024-10-18,16.47,12.76,79.33,0,3.63,127.77,1016.87,7297.89,11.34,18.376,4100.0,0.044,PM2.5-1HR
945,DEU_DEBE032,2024-10-18,12.36,12.59,80.25,0,3.15,125.49,1016.7,0,10.29,16.906,4100.0,0.861,PM2.5-1HR
945,DEU_DEBE034,2024-10-18,16.34,12.75,79.13,0,3.47,128.76,1016.82,8605.71,11.55,18.67,4100.0,0.331,PM2.5-1HR
945,DEU_DEBE051,2024-10-18,13.4,12.85,78.71,0,3.55,132.56,1017,463.79,9.44,15.716,4100.0,0.134,PM2.5-1HR
945,DEU_DEBE056,2024-10-18,12.9,13.1,77.38,0,3.42,132.74,1017,341.92,8.58,14.512,4100.0,0.106,PM2.5-1HR
945,DEU_DEBE061,2024-10-18,18.16,12.75,79.13,0,3.47,128.76,1016.82,8387.49,11.26,18.264,4100.0,0.009,PM2.5-1HR
945,DEU_DEBE065,2024-10-18,18.47,12.76,79.33,0,3.63,127.77,1016.87,8360.65,11.57,18.698,4100.0,0.004,PM2.5-1HR
945,DEU_DEBE068,2024-10-18,16.32,12.76,79.33,0,3.63,127.77,1016.87,6890.16,11.55,18.67,4100.0,0.072,PM2.5-1HR
945,DEU_DEBE069,2024-10-18,18.24,12.75,79.13,0,3.47,128.76,1016.82,8162.76,11.53,18.642,4100.0,0.012,PM2.5-1HR
945,DEU_DEBE125,2024-10-18,17.87,12.75,79.13,0,3.47,128.76,1016.82,6333.76,11.55,18.67,4100.0,0.01,PM2.5-1HR
945,DEU_DEBE126,2024-10-18,18.64,12.75,79.13,0,3.47,128.76,1016.82,8396.04,11.55,18.67,4100.0,0.007,PM2.5-1HR
945,DEU_DEBE127,2024-10-19,17.12,13.83,79.04,0,3.74,162.78,1017.73,7613.33,13.13,20.882,4100.0,0.056,PM2.5-1HR
945,DEU_DEBE010,2024-10-19,14.87,13.7,79.67,0,3.87,160.17,1017.74,7297.89,12.72,20.308,4100.0,0.044,PM2.5-1HR
945,DEU_DEBE032,2024-10-19,11.85,13.73,81.42,0,3.47,162.78,1017.6,0,11.05,17.97,4100.0,0.861,PM2.5-1HR
945,DEU_DEBE034,2024-10-19,15.32,13.83,79.04,0,3.74,162.78,1017.73,8605.71,12.99,20.686,4100.0,0.331,PM2.5-1HR
945,DEU_DEBE051,2024-10-19,12.53,13.6,79.25,0,3.97,160.89,1017.72,463.79,9.67,16.038,4100.0,0.134,PM2.5-1HR
945,DEU_DEBE056,2024-10-19,12.31,13.85,76.88,0,3.53,159.88,1018.06,341.92,9.95,16.43,4100.0,0.106,PM2.5-1HR
945,DEU_DEBE061,2024-10-19,15.74,13.83,79.04,0,3.74,162.78,1017.73,8387.49,12.48,19.972,4100.0,0.009,PM2.5-1HR
945,DEU_DEBE065,2024-10-19,17.74,13.7,79.67,0,3.87,160.17,1017.74,8360.65,12.87,20.518,4100.0,0.004,PM2.5-1HR
945,DEU_DEBE068,2024-10-19,15.35,13.7,79.67,0,3.87,160.17,1017.74,6890.16,12.99,20.686,4100.0,0.072,PM2.5-1HR
945,DEU_DEBE069,2024-10-19,16.95,13.83,79.04,0,3.74,162.78,1017.73,8162.76,13.01,20.714,4100.0,0.012,PM2.5-1HR
945,DEU_DEBE125,2024-10-19,16.04,13.83,79.04,0,3.74,162.78,1017.73,6333.76,12.99,20.686,4100.0,0.01,PM2.5-1HR
945,DEU_DEBE126,2024-10-19,17.39,13.83,79.04,0,3.74,162.78,1017.73,8396.04,12.99,20.686,4100.0,0.007,PM2.5-1HR
945,DEU_DEBE127,2024-10-20,18.7,13.08,83,0,3.03,157.47,1022.38,7613.33,14.96,23.444,4100.0,0.056,PM2.5-1HR
945,DEU_DEBE010,2024-10-20,17.18,12.95,83.42,0,3.13,155.2,1022.38,7297.89,14.57,22.898,4100.0,0.044,PM2.5-1HR
945,DEU_DEBE032,2024-10-20,13.76,13.38,83.71,0.01,2.76,157.25,1022.25,0,13.03,20.742,4100.0,0.861,PM2.5-1HR
945,DEU_DEBE034,2024-10-20,17.04,13.08,83,0,3.03,157.47,1022.38,8605.71,14.85,23.29,4100.0,0.331,PM2.5-1HR
945,DEU_DEBE051,2024-10-20,14.22,12.88,83.38,0,3.33,159.85,1022.35,463.79,11.42,18.488,4100.0,0.134,PM2.5-1HR
945,DEU_DEBE056,2024-10-20,12.64,12.8,81.08,0.03,3.06,159.65,1022.66,341.92,10.54,17.256,4100.0,0.106,PM2.5-1HR
945,DEU_DEBE061,2024-10-20,17.68,13.08,83,0,3.03,157.47,1022.38,8387.49,14.41,22.674,4100.0,0.009,PM2.5-1HR
945,DEU_DEBE065,2024-10-20,19.08,12.95,83.42,0,3.13,155.2,1022.38,8360.65,14.75,23.15,4100.0,0.004,PM2.5-1HR
945,DEU_DEBE068,2024-10-20,17.69,12.95,83.42,0,3.13,155.2,1022.38,6890.16,14.85,23.29,4100.0,0.072,PM2.5-1HR
945,DEU_DEBE069,2024-10-20,19.23,13.08,83,0,3.03,157.47,1022.38,8162.76,14.9,23.36,4100.0,0.012,PM2.5-1HR
945,DEU_DEBE125,2024-10-20,18.09,13.08,83,0,3.03,157.47,1022.38,6333.76,14.85,23.29,4100.0,0.01,PM2.5-1HR
945,DEU_DEBE126,2024-10-20,18.26,13.08,83,0,3.03,157.47,1022.38,8396.04,14.85,23.29,4100.0,0.007,PM2.5-1HR
945,DEU_DEBE127,2024-10-21,15.28,15.58,86.75,0.12,3.51,206.56,1023.57,7613.33,11.08,18.012,4100.0,0.056,PM2.5-1HR
945,DEU_DEBE010,2024-10-21,12.27,15.46,87.58,0.13,3.49,206.01,1023.53,7297.89,9.95,16.43,4100.0,0.044,PM2.5-1HR
945,DEU_DEBE032,2024-10-21,9.77,15.57,87,0.1,3.18,202.49,1023.51,0,7.74,13.336,4100.0,0.861,PM2.5-1HR
945,DEU_DEBE034,2024-10-21,13.79,15.58,86.75,0.12,3.51,206.56,1023.57,8605.71,10.75,17.55,4100.0,0.331,PM2.5-1HR
945,DEU_DEBE051,2024-10-21,11.09,15.23,89.04,0.12,3.44,204.11,1023.4,463.79,7.29,12.706,4100.0,0.134,PM2.5-1HR
945,DEU_DEBE056,2024-10-21,10.67,15.42,86.21,0.1,3.18,202.1,1023.81,341.92,7.42,12.888,4100.0,0.106,PM2.5-1HR
945,DEU_DEBE061,2024-10-21,11.95,15.58,86.75,0.12,3.51,206.56,1023.57,8387.49,10.28,16.892,4100.0,0.009,PM2.5-1HR
945,DEU_DEBE065,2024-10-21,15.17,15.46,87.58,0.13,3.49,206.01,1023.53,8360.65,10.47,17.158,4100.0,0.004,PM2.5-1HR
945,DEU_DEBE068,2024-10-21,13.6,15.46,87.58,0.13,3.49,206.01,1023.53,6890.16,10.75,17.55,4100.0,0.072,PM2.5-1HR
945,DEU_DEBE069,2024-10-21,16.98,15.58,86.75,0.12,3.51,206.56,1023.57,8162.76,11.09,18.026,4100.0,0.012,PM2.5-1HR
945,DEU_DEBE125,2024-10-21,13.58,15.58,86.75,0.12,3.51,206.56,1023.57,6333.76,10.75,17.55,4100.0,0.01,PM2.5-1HR
945,DEU_DEBE126,2024-10-21,14.83,15.58,86.75,0.12,3.51,206.56,1023.57,8396.04,10.75,17.55,4100.0,0.007,PM2.5-1HR
945,DEU_DEBE127,2024-10-22,14.6,13.2,84.13,0,3.89,231.08,1024.92,7613.33,3.91,7.974,4100.0,0.056,PM2.5-1HR
945,DEU_DEBE010,2024-10-22,10.68,13.08,84.92,0,3.86,230.29,1024.86,7297.89,3.52,7.428,4100.0,0.044,PM2.5-1HR
945,DEU_DEBE032,2024-10-22,8.54,13.19,84.67,0,3.64,230.7,1024.94,0,2.5,6.0,4100.0,0.861,PM2.5-1HR
945,DEU_DEBE034,2024-10-22,12.02,13.2,84.13,0,3.89,231.08,1024.92,8605.71,3.75,7.75,4100.0,0.331,PM2.5-1HR
945,DEU_DEBE051,2024-10-22,9.69,13.03,84.83,0,3.82,226.86,1024.74,463.79,3.35,7.19,4100.0,0.134,PM2.5-1HR
945,DEU_DEBE056,2024-10-22,9.18,13.26,83.71,0,3.58,227.51,1024.99,341.92,2.17,5.538,4100.0,0.106,PM2.5-1HR
945,DEU_DEBE061,2024-10-22,11.78,13.2,84.13,0,3.89,231.08,1024.92,8387.49,3.5,7.4,4100.0,0.009,PM2.5-1HR
945,DEU_DEBE065,2024-10-22,13.66,13.08,84.92,0,3.86,230.29,1024.86,8360.65,3.76,7.764,4100.0,0.004,PM2.5-1HR
945,DEU_DEBE068,2024-10-22,11.36,13.08,84.92,0,3.86,230.29,1024.86,6890.16,3.75,7.75,4100.0,0.072,PM2.5-1HR
945,DEU_DEBE069,2024-10-22,16.28,13.2,84.13,0,3.89,231.08,1024.92,8162.76,3.84,7.876,4100.0,0.012,PM2.5-1HR
945,DEU_DEBE125,2024-10-22,12.03,13.2,84.13,0,3.89,231.08,1024.92,6333.76,3.75,7.75,4100.0,0.01,PM2.5-1HR
945,DEU_DEBE126,2024-10-22,12.62,13.2,84.13,0,3.89,231.08,1024.92,8396.04,3.75,7.75,4100.0,0.007,PM2.5-1HR
945,DEU_DEBE127,2024-10-23,17.17,10.07,88.75,0,2.21,254.94,1034.61,7613.33,8.71,14.694,4100.0,0.056,PM2.5-1HR
945,DEU_DEBE010,2024-10-23,13.1,10,88.96,0,2.25,251.86,1034.57,7297.89,8.17,13.938,4100.0,0.044,PM2.5-1HR
945,DEU_DEBE032,2024-10-23,7.95,10.31,88.25,0,2,251.63,1034.59,0,6.9,12.16,4100.0,0.861,PM2.5-1HR
945,DEU_DEBE034,2024-10-23,14.66,10.07,88.75,0,2.21,254.94,1034.61,8605.71,8.58,14.512,4100.0,0.331,PM2.5-1HR
945,DEU_DEBE051,2024-10-23,10.21,9.63,90.08,0,2.31,238.22,1034.46,463.79,5.72,10.508,4100.0,0.134,PM2.5-1HR
945,DEU_DEBE056,2024-10-23,9.16,9.93,89.42,0,2.15,256.81,1034.64,341.92,6.08,11.012,4100.0,0.106,PM2.5-1HR
945,DEU_DEBE061,2024-10-23,12.22,10.07,88.75,0,2.21,254.94,1034.61,8387.49,8.22,14.008,4100.0,0.009,PM2.5-1HR
945,DEU_DEBE065,2024-10-23,15.89,10,88.96,0,2.25,251.86,1034.57,8360.65,8.4,14.26,4100.0,0.004,PM2.5-1HR
945,DEU_DEBE068,2024-10-23,14.76,10,88.96,0,2.25,251.86,1034.57,6890.16,8.58,14.512,4100.0,0.072,PM2.5-1HR
945,DEU_DEBE069,2024-10-23,17,10.07,88.75,0,2.21,254.94,1034.61,8162.76,8.71,14.694,4100.0,0.012,PM2.5-1HR
945,DEU_DEBE125,2024-10-23,13.28,10.07,88.75,0,2.21,254.94,1034.61,6333.76,8.58,14.512,4100.0,0.01,PM2.5-1HR
945,DEU_DEBE126,2024-10-23,14.77,10.07,88.75,0,2.21,254.94,1034.61,8396.04,8.58,14.512,4100.0,0.007,PM2.5-1HR
945,DEU_DEBE127,2024-10-24,17.47,9.01,89.75,0,3.59,115.47,1031.24,7613.33,10.4,17.06,4100.0,0.056,PM2.5-1HR
945,DEU_DEBE010,2024-10-24,14.48,8.84,90.46,0,3.62,116.42,1031.3,7297.89,9.88,16.332,4100.0,0.044,PM2.5-1HR
945,DEU_DEBE032,2024-10-24,11.06,9.3,89.71,0,3.34,115.32,1031.1,0,9.22,15.408,4100.0,0.861,PM2.5-1HR
945,DEU_DEBE034,2024-10-24,14.4,9.01,89.75,0,3.59,115.47,1031.24,8605.71,10.25,16.85,4100.0,0.331,PM2.5-1HR
945,DEU_DEBE051,2024-10-24,12.78,8.9,90.17,0,3.28,125.02,1031.42,463.79,7.43,12.902,4100.0,0.134,PM2.5-1HR
945,DEU_DEBE056,2024-10-24,9.9,9.03,90.29,0,3.24,114.86,1031.42,341.92,7,12.3,4100.0,0.106,PM2.5-1HR
945,DEU_DEBE061,2024-10-24,17.27,9.01,89.75,0,3.59,115.47,1031.24,8387.49,9.88,16.332,4100.0,0.009,PM2.5-1HR
945,DEU_DEBE065,2024-10-24,15.9,8.84,90.46,0,3.62,116.42,1031.3,8360.65,10.09,16.626,4100.0,0.004,PM2.5-1HR
945,DEU_DEBE068,2024-10-24,14.42,8.84,90.46,0,3.62,116.42,1031.3,6890.16,10.25,16.85,4100.0,0.072,PM2.5-1HR
945,DEU_DEBE069,2024-10-24,18.48,9.01,89.75,0,3.59,115.47,1031.24,8162.76,10.36,17.004,4100.0,0.012,PM2.5-1HR
945,DEU_DEBE125,2024-10-24,16.03,9.01,89.75,0,3.59,115.47,1031.24,6333.76,10.25,16.85,4100.0,0.01,PM2.5-1HR
945,DEU_DEBE126,2024-10-24,15.93,9.01,89.75,0,3.59,115.47,1031.24,8396.04,10.25,16.85,4100.0,0.007,PM2.5-1HR
945,DEU_DEBE127,2024-10-25,25.82,11.4,87.75,0,2.52,159.34,1022.23,7613.33,18.87,28.918,4100.0,0.056,PM2.5-1HR
945,DEU_DEBE010,2024-10-25,21.54,11.27,88.33,0,2.63,155.79,1022.25,7297.89,18.19,27.966,4100.0,0.044,PM2.5-1HR
945,DEU_DEBE032,2024-10-25,15,11.46,87.67,0,2.38,159.41,1022.15,0,14.96,23.444,4100.0,0.861,PM2.5-1HR
945,DEU_DEBE034,2024-10-25,22.9,11.4,87.75,0,2.52,159.34,1022.23,8605.71,18.62,28.568,4100.0,0.331,PM2.5-1HR
945,DEU_DEBE051,2024-10-25,20.01,11.35,88.08,0,2.83,159.67,1022.25,463.79,14.5,22.8,4100.0,0.134,PM2.5-1HR
945,DEU_DEBE056,2024-10-25,16.46,11.6,87.25,0,2.38,159.52,1022.41,341.92,13.28,21.092,4100.0,0.106,PM2.5-1HR
945,DEU_DEBE061,2024-10-25,24.06,11.4,87.75,0,2.52,159.34,1022.23,8387.49,17.67,27.238,4100.0,0.009,PM2.5-1HR
945,DEU_DEBE065,2024-10-25,26.22,11.27,88.33,0,2.63,155.79,1022.25,8360.65,18.37,28.218,4100.0,0.004,PM2.5-1HR
945,DEU_DEBE068,2024-10-25,23.66,11.27,88.33,0,2.63,155.79,1022.25,6890.16,18.62,28.568,4100.0,0.072,PM2.5-1HR
945,DEU_DEBE069,2024-10-25,25.52,11.4,87.75,0,2.52,159.34,1022.23,8162.76,18.73,28.722,4100.0,0.012,PM2.5-1HR
945,DEU_DEBE125,2024-10-25,23.27,11.4,87.75,0,2.52,159.34,1022.23,6333.76,18.62,28.568,4100.0,0.01,PM2.5-1HR
945,DEU_DEBE126,2024-10-25,24.94,11.4,87.75,0,2.52,159.34,1022.23,8396.04,18.62,28.568,4100.0,0.007,PM2.5-1HR
945,DEU_DEBE127,2024-10-26,30.68,10.73,93.21,0,1.99,140.28,1020.95,7613.33,22.45,33.93,4100.0,0.056,PM2.5-1HR
945,DEU_DEBE010,2024-10-26,25.7,10.66,93.58,0,1.93,138.59,1020.97,7297.89,21.66,32.824,4100.0,0.044,PM2.5-1HR
945,DEU_DEBE032,2024-10-26,18.52,11.15,93.13,0,1.88,137.84,1020.87,0,17.49,26.986,4100.0,0.861,PM2.5-1HR
945,DEU_DEBE034,2024-10-26,26.99,10.73,93.21,0,1.99,140.28,1020.95,8605.71,22.17,33.538,4100.0,0.331,PM2.5-1HR
945,DEU_DEBE051,2024-10-26,23.18,10.95,93.46,0,1.71,139.82,1020.96,463.79,15.05,23.57,4100.0,0.134,PM2.5-1HR
945,DEU_DEBE056,2024-10-26,20.43,11.13,92.04,0,1.82,141.4,1021.04,341.92,16.98,26.272,4100.0,0.106,PM2.5-1HR
945,DEU_DEBE061,2024-10-26,26.29,10.73,93.21,0,1.99,140.28,1020.95,8387.49,21.13,32.082,4100.0,0.009,PM2.5-1HR
945,DEU_DEBE065,2024-10-26,29.99,10.66,93.58,0,1.93,138.59,1020.97,8360.65,22.44,33.916,4100.0,0.004,PM2.5-1HR
945,DEU_DEBE068,2024-10-26,28.34,10.66,93.58,0,1.93,138.59,1020.97,6890.16,22.17,33.538,4100.0,0.072,PM2.5-1HR
945,DEU_DEBE069,2024-10-26,29.26,10.73,93.21,0,1.99,140.28,1020.95,8162.76,22.33,33.762,4100.0,0.012,PM2.5-1HR
945,DEU_DEBE125,2024-10-26,28.88,10.73,93.21,0,1.99,140.28,1020.95,6333.76,22.17,33.538,4100.0,0.01,PM2.5-1HR
945,DEU_DEBE126,2024-10-26,30.65,10.73,93.21,0,1.99,140.28,1020.95,8396.04,22.17,33.538,4100.0,0.007,PM2.5-1HR
945,DEU_DEBE127,2024-10-27,24.89,11.58,89.32,0,3.41,214.1,1019.66,7613.33,17.05,26.37,4100.0,0.056,PM2.5-1HR
945,DEU_DEBE010,2024-10-27,20.92,11.53,89.92,0,3.54,212.98,1019.62,7297.89,16.02,24.928,4100.0,0.044,PM2.5-1HR
945,DEU_DEBE032,2024-10-27,16.41,11.6,89.56,0,3.13,214.59,1019.63,0,13.31,21.134,4100.0,0.861,PM2.5-1HR
945,DEU_DEBE034,2024-10-27,21.52,11.58,89.32,0,3.41,214.1,1019.66,8605.71,16.8,26.02,4100.0,0.331,PM2.5-1HR
945,DEU_DEBE051,2024-10-27,18.56,11.51,90.16,0,3.49,212.24,1019.54,463.79,13.13,20.882,4100.0,0.134,PM2.5-1HR
945,DEU_DEBE056,2024-10-27,17.95,11.77,89.24,0,3.13,210.48,1019.75,341.92,14.14,22.296,4100.0,0.106,PM2.5-1HR
945,DEU_DEBE061,2024-10-27,20.81,11.58,89.32,0,3.41,214.1,1019.66,8387.49,16.03,24.942,4100.0,0.009,PM2.5-1HR
945,DEU_DEBE065,2024-10-27,24.12,11.53,89.92,0,3.54,212.98,1019.62,8360.65,16.52,25.628,4100.0,0.004,PM2.5-1HR
945,DEU_DEBE068,2024-10-27,21.47,11.53,89.92,0,3.54,212.98,1019.62,6890.16,16.8,26.02,4100.0,0.072,PM2.5-1HR
945,DEU_DEBE069,2024-10-27,26.72,11.58,89.32,0,3.41,214.1,1019.66,8162.76,16.94,26.216,4100.0,0.012,PM2.5-1HR
945,DEU_DEBE125,2024-10-27,22.15,11.58,89.32,0,3.41,214.1,1019.66,6333.76,16.8,26.02,4100.0,0.01,PM2.5-1HR
945,DEU_DEBE126,2024-10-27,22.36,11.58,89.32,0,3.41,214.1,1019.66,8396.04,16.8,26.02,4100.0,0.007,PM2.5-1HR
945,DEU_DEBE127,2024-10-28,17.61,12.05,90.83,0.02,2.89,225.93,1023.67,7613.33,9.39,15.646,4100.0,0.056,PM2.5-1HR
945,DEU_DEBE010,2024-10-28,14.16,11.76,91.96,0.03,2.84,226.04,1023.63,7297.89,8.81,14.834,4100.0,0.044,PM2.5-1HR
945,DEU_DEBE032,2024-10-28,9.77,12.04,91.04,0.03,2.69,225.57,1023.65,0,6.75,11.95,4100.0,0.861,PM2.5-1HR
945,DEU_DEBE034,2024-10-28,15.86,12.05,90.83,0.02,2.89,225.93,1023.67,8605.71,9.23,15.422,4100.0,0.331,PM2.5-1HR
945,DEU_DEBE051,2024-10-28,11.96,11.43,93.04,0.02,2.84,220.86,1023.53,463.79,6.87,12.118,4100.0,0.134,PM2.5-1HR
945,DEU_DEBE056,2024-10-28,10.8,12.3,90.79,0,2.74,223.52,1023.76,341.92,5.92,10.788,4100.0,0.106,PM2.5-1HR
945,DEU_DEBE061,2024-10-28,14.24,12.05,90.83,0.02,2.89,225.93,1023.67,8387.49,8.69,14.666,4100.0,0.009,PM2.5-1HR
945,DEU_DEBE065,2024-10-28,17.04,11.76,91.96,0.03,2.84,226.04,1023.63,8360.65,9.11,15.254,4100.0,0.004,PM2.5-1HR
945,DEU_DEBE068,2024-10-28,15.27,11.76,91.96,0.03,2.84,226.04,1023.63,6890.16,9.23,15.422,4100.0,0.072,PM2.5-1HR
945,DEU_DEBE069,2024-10-28,19.35,12.05,90.83,0.02,2.89,225.93,1023.67,8162.76,9.18,15.352,4100.0,0.012,PM2.5-1HR
945,DEU_DEBE125,2024-10-28,15.39,12.05,90.83,0.02,2.89,225.93,1023.67,6333.76,9.23,15.422,4100.0,0.01,PM2.5-1HR
945,DEU_DEBE126,2024-10-28,16.37,12.05,90.83,0.02,2.89,225.93,1023.67,8396.04,9.23,15.422,4100.0,0.007,PM2.5-1HR
945,DEU_DEBE127,2024-10-29,15.18,13.24,90.42,0.01,3.11,250.61,1023.97,7613.33,10.74,17.536,4100.0,0.056,PM2.5-1HR
945,DEU_DEBE010,2024-10-29,13.11,13.05,91.38,0.02,3.23,251.7,1023.9,7297.89,10.19,16.766,4100.0,0.044,PM2.5-1HR
945,DEU_DEBE032,2024-10-29,8.79,13.24,90.29,0.02,2.88,250.53,1023.97,0,7.63,13.182,4100.0,0.861,PM2.5-1HR
945,DEU_DEBE034,2024-10-29,13.49,13.24,90.42,0.01,3.11,250.61,1023.97,8605.71,10.67,17.438,4100.0,0.331,PM2.5-1HR
945,DEU_DEBE051,2024-10-29,11.5,12.8,93.04,0.06,3.22,247.02,1023.75,463.79,8.41,14.274,4100.0,0.134,PM2.5-1HR
945,DEU_DEBE056,2024-10-29,9.46,13.33,90.46,0.03,2.84,249.43,1024.02,341.92,6.39,11.446,4100.0,0.106,PM2.5-1HR
945,DEU_DEBE061,2024-10-29,11.92,13.24,90.42,0.01,3.11,250.61,1023.97,8387.49,10.09,16.626,4100.0,0.009,PM2.5-1HR
945,DEU_DEBE065,2024-10-29,15.06,13.05,91.38,0.02,3.23,251.7,1023.9,8360.65,10.47,17.158,4100.0,0.004,PM2.5-1HR
945,DEU_DEBE068,2024-10-29,13.07,13.05,91.38,0.02,3.23,251.7,1023.9,6890.16,10.67,17.438,4100.0,0.072,PM2.5-1HR
945,DEU_DEBE069,2024-10-29,19.12,13.24,90.42,0.01,3.11,250.61,1023.97,8162.76,10.58,17.312,4100.0,0.012,PM2.5-1HR
945,DEU_DEBE125,2024-10-29,13.94,13.24,90.42,0.01,3.11,250.61,1023.97,6333.76,10.67,17.438,4100.0,0.01,PM2.5-1HR
945,DEU_DEBE126,2024-10-29,13.55,13.24,90.42,0.01,3.11,250.61,1023.97,8396.04,10.67,17.438,4100.0,0.007,PM2.5-1HR
945,DEU_DEBE127,2024-10-30,11.89,12.96,87.58,0,3.65,274.11,1025.22,7613.33,5.78,10.592,4100.0,0.056,PM2.5-1HR
945,DEU_DEBE010,2024-10-30,10.06,12.88,87.88,0,3.74,274.59,1025.14,7297.89,5.39,10.046,4100.0,0.044,PM2.5-1HR
945,DEU_DEBE032,2024-10-30,7.71,13,87.54,0,3.37,273.91,1025.3,0,4.55,8.87,4100.0,0.861,PM2.5-1HR
945,DEU_DEBE034,2024-10-30,10.38,12.96,87.58,0,3.65,274.11,1025.22,8605.71,5.64,10.396,4100.0,0.331,PM2.5-1HR
945,DEU_DEBE051,2024-10-30,9.58,12.77,88.58,0.01,3.62,274.32,1024.98,463.79,6.4,11.46,4100.0,0.134,PM2.5-1HR
945,DEU_DEBE056,2024-10-30,8.21,12.94,88.46,0,3.4,272.99,1025.17,341.92,3.5,7.4,4100.0,0.106,PM2.5-1HR
945,DEU_DEBE061,2024-10-30,9.72,12.96,87.58,0,3.65,274.11,1025.22,8387.49,5.3,9.92,4100.0,0.009,PM2.5-1HR
945,DEU_DEBE065,2024-10-30,12.75,12.88,87.88,0,3.74,274.59,1025.14,8360.65,5.51,10.214,4100.0,0.004,PM2.5-1HR
945,DEU_DEBE068,2024-10-30,10.46,12.88,87.88,0,3.74,274.59,1025.14,6890.16,5.64,10.396,4100.0,0.072,PM2.5-1HR
945,DEU_DEBE069,2024-10-30,12.92,12.96,87.58,0,3.65,274.11,1025.22,8162.76,5.59,10.326,4100.0,0.012,PM2.5-1HR
945,DEU_DEBE125,2024-10-30,11.49,12.96,87.58,0,3.65,274.11,1025.22,6333.76,5.64,10.396,4100.0,0.01,PM2.5-1HR
945,DEU_DEBE126,2024-10-30,11.61,12.96,87.58,0,3.65,274.11,1025.22,8396.04,5.64,10.396,4100.0,0.007,PM2.5-1HR
945,DEU_DEBE010,2024-10-31,7.86,11.6,81.04,0,4.32,264.23,1025.77,7297.89,6.3,11.32,4100.0,0.044,PM2.5-1HR
945,DEU_DEBE032,2024-10-31,5.1,11.83,80.46,0,3.87,263.06,1025.93,0,4.85,9.29,4100.0,0.861,PM2.5-1HR
945,DEU_DEBE034,2024-10-31,8.05,11.71,80.29,0,4.25,263.71,1025.86,8605.71,6.59,11.726,4100.0,0.331,PM2.5-1HR
945,DEU_DEBE051,2024-10-31,7.13,11.55,80.83,0,4.28,262.61,1025.53,463.79,4.69,9.066,4100.0,0.134,PM2.5-1HR
945,DEU_DEBE056,2024-10-31,5.37,11.72,81,0,3.95,263.64,1025.85,341.92,3.49,7.386,4100.0,0.106,PM2.5-1HR
945,DEU_DEBE061,2024-10-31,7.55,11.71,80.29,0,4.25,263.71,1025.86,8387.49,6.2,11.18,4100.0,0.009,PM2.5-1HR
945,DEU_DEBE065,2024-10-31,9.83,11.6,81.04,0,4.32,264.23,1025.77,8360.65,6.51,11.614,4100.0,0.004,PM2.5-1HR
945,DEU_DEBE068,2024-10-31,8.01,11.6,81.04,0,4.32,264.23,1025.77,6890.16,6.59,11.726,4100.0,0.072,PM2.5-1HR
945,DEU_DEBE069,2024-10-31,10.01,11.71,80.29,0,4.25,263.71,1025.86,8162.76,6.58,11.712,4100.0,0.012,PM2.5-1HR
945,DEU_DEBE125,2024-10-31,8.54,11.71,80.29,0,4.25,263.71,1025.86,6333.76,6.59,11.726,4100.0,0.01,PM2.5-1HR
945,DEU_DEBE126,2024-10-31,8.22,11.71,80.29,0,4.25,263.71,1025.86,8396.04,6.59,11.726,4100.0,0.007,PM2.5-1HR
945,DEU_DEBE127,2024-10-31,8.89,11.71,80.29,0,4.25,263.71,1025.86,7613.33,6.68,11.852,4100.0,0.056,PM2.5-1HR
945,DEU_DEBE010,2024-11-01,20.71,10.89,84.96,0,5.77,262.33,1020.92,7297.89,15.32,23.948,4100.0,0.044,PM2.5-1HR
945,DEU_DEBE032,2024-11-01,16.28,11,84.71,0,5.31,263,1021.16,0,11.64,18.796,4100.0,0.861,PM2.5-1HR
945,DEU_DEBE034,2024-11-01,21.18,10.97,84.67,0,5.78,262.67,1021.06,8605.71,15,23.5,4100.0,0.331,PM2.5-1HR
945,DEU_DEBE051,2024-11-01,17.33,11,84.63,0,5.42,261.54,1020.6,463.79,13.72,21.708,4100.0,0.134,PM2.5-1HR
945,DEU_DEBE056,2024-11-01,16.22,11.14,84.13,0,5.47,262.67,1021.03,341.92,7.45,12.93,4100.0,0.106,PM2.5-1HR
945,DEU_DEBE061,2024-11-01,22.61,10.97,84.67,0,5.78,262.67,1021.06,8387.49,14.06,22.184,4100.0,0.009,PM2.5-1HR
945,DEU_DEBE065,2024-11-01,23.41,10.89,84.96,0,5.77,262.33,1020.92,8360.65,15.5,24.2,4100.0,0.004,PM2.5-1HR
945,DEU_DEBE068,2024-11-01,21.22,10.89,84.96,0,5.77,262.33,1020.92,6890.16,15,23.5,4100.0,0.072,PM2.5-1HR
945,DEU_DEBE069,2024-11-01,25.55,10.97,84.67,0,5.78,262.67,1021.06,8162.76,14.51,22.814,4100.0,0.012,PM2.5-1HR
945,DEU_DEBE125,2024-11-01,22.32,10.97,84.67,0,5.78,262.67,1021.06,6333.76,15,23.5,4100.0,0.01,PM2.5-1HR
945,DEU_DEBE126,2024-11-01,22.43,10.97,84.67,0,5.78,262.67,1021.06,8396.04,15,23.5,4100.0,0.007,PM2.5-1HR
945,DEU_DEBE127,2024-11-01,24.34,10.97,84.67,0,5.78,262.67,1021.06,7613.33,14.92,23.388,4100.0,0.056,PM2.5-1HR
945,DEU_DEBE010,2024-11-02,8.91,7.61,74.54,0.01,3.03,357.11,1029.8,7297.89,5.48,10.172,4100.0,0.044,PM2.5-1HR
945,DEU_DEBE032,2024-11-02,5.51,8.07,76.46,0.01,2.87,358.75,1029.86,0,4.53,8.842,4100.0,0.861,PM2.5-1HR
945,DEU_DEBE034,2024-11-02,10.37,7.78,74.75,0.01,3.16,358.19,1029.82,8605.71,5.74,10.536,4100.0,0.331,PM2.5-1HR
945,DEU_DEBE051,2024-11-02,8.19,7.33,74.33,0.03,2.83,356.7,1029.79,463.79,3.86,7.904,4100.0,0.134,PM2.5-1HR
945,DEU_DEBE056,2024-11-02,6.36,7.85,77.5,0.02,3.02,356.54,1029.7,341.92,3.44,7.316,4100.0,0.106,PM2.5-1HR
945,DEU_DEBE061,2024-11-02,9.13,7.78,74.75,0.01,3.16,358.19,1029.82,8387.49,5.55,10.27,4100.0,0.009,PM2.5-1HR
945,DEU_DEBE065,2024-11-02,10.6,7.61,74.54,0.01,3.03,357.11,1029.8,8360.65,5.69,10.466,4100.0,0.004,PM2.5-1HR
945,DEU_DEBE068,2024-11-02,9.38,7.61,74.54,0.01,3.03,357.11,1029.8,6890.16,5.74,10.536,4100.0,0.072,PM2.5-1HR
945,DEU_DEBE069,2024-11-02,12.36,7.78,74.75,0.01,3.16,358.19,1029.82,8162.76,5.89,10.746,4100.0,0.012,PM2.5-1HR
945,DEU_DEBE125,2024-11-02,9.29,7.78,74.75,0.01,3.16,358.19,1029.82,6333.76,5.74,10.536,4100.0,0.01,PM2.5-1HR
945,DEU_DEBE126,2024-11-02,11.23,7.78,74.75,0.01,3.16,358.19,1029.82,8396.04,5.74,10.536,4100.0,0.007,PM2.5-1HR
945,DEU_DEBE127,2024-11-02,11.95,7.78,74.75,0.01,3.16,358.19,1029.82,7613.33,5.87,10.718,4100.0,0.056,PM2.5-1HR
945,DEU_DEBE010,2024-11-03,12.17,4.63,84.29,0,2.52,235.78,1031.09,7297.89,8.89,14.946,4100.0,0.044,PM2.5-1HR
945,DEU_DEBE032,2024-11-03,8.79,5.15,85.5,0,2.26,233.65,1031.13,0,7.61,13.154,4100.0,0.861,PM2.5-1HR
945,DEU_DEBE034,2024-11-03,17.47,4.71,84.13,0,2.48,235.78,1031.14,8605.71,9.38,15.632,4100.0,0.331,PM2.5-1HR
945,DEU_DEBE051,2024-11-03,17.97,4.85,82.13,0,2.51,232.76,1030.97,463.79,6.31,11.334,4100.0,0.134,PM2.5-1HR
945,DEU_DEBE056,2024-11-03,17.07,5.14,86.13,0,2.32,234.37,1031.14,341.92,6,10.9,4100.0,0.106,PM2.5-1HR
945,DEU_DEBE061,2024-11-03,16.58,4.71,84.13,0,2.48,235.78,1031.14,8387.49,8.9,14.96,4100.0,0.009,PM2.5-1HR
945,DEU_DEBE065,2024-11-03,22.79,4.63,84.29,0,2.52,235.78,1031.09,8360.65,8.98,15.072,4100.0,0.004,PM2.5-1HR
945,DEU_DEBE068,2024-11-03,15.28,4.63,84.29,0,2.52,235.78,1031.09,6890.16,9.38,15.632,4100.0,0.072,PM2.5-1HR
945,DEU_DEBE069,2024-11-03,21.69,4.71,84.13,0,2.48,235.78,1031.14,8162.76,9.62,15.968,4100.0,0.012,PM2.5-1HR
945,DEU_DEBE125,2024-11-03,13.73,4.71,84.13,0,2.48,235.78,1031.14,6333.76,9.38,15.632,4100.0,0.01,PM2.5-1HR
945,DEU_DEBE126,2024-11-03,16.4,4.71,84.13,0,2.48,235.78,1031.14,8396.04,9.38,15.632,4100.0,0.007,PM2.5-1HR
945,DEU_DEBE127,2024-11-03,20.71,4.71,84.13,0,2.48,235.78,1031.14,7613.33,9.66,16.024,4100.0,0.056,PM2.5-1HR
945,DEU_DEBE010,2024-11-04,11.98,8.48,90,0,2.03,229.27,1030.56,7297.89,8.75,14.75,4100.0,0.044,PM2.5-1HR
945,DEU_DEBE032,2024-11-04,8.4,8.6,90.13,0,1.84,230.75,1030.59,0,7.14,12.496,4100.0,0.861,PM2.5-1HR
945,DEU_DEBE034,2024-11-04,12.45,8.5,89.75,0,1.98,232.83,1030.6,8605.71,9.17,15.338,4100.0,0.331,PM2.5-1HR
945,DEU_DEBE051,2024-11-04,9.47,8.78,88.92,0,1.96,228.12,1030.48,463.79,5.6,10.34,4100.0,0.134,PM2.5-1HR
945,DEU_DEBE056,2024-11-04,9.62,8.56,90.08,0,1.82,238.92,1030.6,341.92,4.94,9.416,4100.0,0.106,PM2.5-1HR
945,DEU_DEBE061,2024-11-04,12.5,8.5,89.75,0,1.98,232.83,1030.6,8387.49,8.86,14.904,4100.0,0.009,PM2.5-1HR
945,DEU_DEBE065,2024-11-04,13.63,8.48,90,0,2.03,229.27,1030.56,8360.65,9.04,15.156,4100.0,0.004,PM2.5-1HR
945,DEU_DEBE068,2024-11-04,12.21,8.48,90,0,2.03,229.27,1030.56,6890.16,9.17,15.338,4100.0,0.072,PM2.5-1HR
945,DEU_DEBE069,2024-11-04,16.37,8.5,89.75,0,1.98,232.83,1030.6,8162.76,9.48,15.772,4100.0,0.012,PM2.5-1HR
945,DEU_DEBE125,2024-11-04,13.71,8.5,89.75,0,1.98,232.83,1030.6,6333.76,9.17,15.338,4100.0,0.01,PM2.5-1HR
945,DEU_DEBE126,2024-11-04,14.08,8.5,89.75,0,1.98,232.83,1030.6,8396.04,9.17,15.338,4100.0,0.007,PM2.5-1HR
945,DEU_DEBE127,2024-11-04,15.09,8.5,89.75,0,1.98,232.83,1030.6,7613.33,9.32,15.548,4100.0,0.056,PM2.5-1HR
945,DEU_DEBE010,2024-11-05,17.42,7.15,90.5,0,2.39,123.98,1027.88,7297.89,10.05,16.57,4100.0,0.044,PM2.5-1HR
945,DEU_DEBE032,2024-11-05,11.58,7.13,90.96,0,2.22,127.04,1027.75,0,8.32,14.148,4100.0,0.861,PM2.5-1HR
945,DEU_DEBE034,2024-11-05,18.56,7.06,90.42,0,2.35,126.1,1027.82,8605.71,10.22,16.808,4100.0,0.331,PM2.5-1HR
945,DEU_DEBE051,2024-11-05,13.32,7.29,90.33,0,2.39,133.7,1027.93,463.79,6.97,12.258,4100.0,0.134,PM2.5-1HR
945,DEU_DEBE056,2024-11-05,11.36,7.24,90.54,0,2.21,128.96,1027.93,341.92,6.29,11.306,4100.0,0.106,PM2.5-1HR
945,DEU_DEBE061,2024-11-05,17.92,7.06,90.42,0,2.35,126.1,1027.82,8387.49,9.83,16.262,4100.0,0.009,PM2.5-1HR
945,DEU_DEBE065,2024-11-05,19.36,7.15,90.5,0,2.39,123.98,1027.88,8360.65,10.18,16.752,4100.0,0.004,PM2.5-1HR
945,DEU_DEBE068,2024-11-05,17.7,7.15,90.5,0,2.39,123.98,1027.88,6890.16,10.22,16.808,4100.0,0.072,PM2.5-1HR
945,DEU_DEBE069,2024-11-05,21.21,7.06,90.42,0,2.35,126.1,1027.82,8162.76,10.32,16.948,4100.0,0.012,PM2.5-1HR
945,DEU_DEBE125,2024-11-05,18.63,7.06,90.42,0,2.35,126.1,1027.82,6333.76,10.22,16.808,4100.0,0.01,PM2.5-1HR
945,DEU_DEBE126,2024-11-05,19.33,7.06,90.42,0,2.35,126.1,1027.82,8396.04,10.22,16.808,4100.0,0.007,PM2.5-1HR
945,DEU_DEBE127,2024-11-05,20.71,7.06,90.42,0,2.35,126.1,1027.82,7613.33,10.27,16.878,4100.0,0.056,PM2.5-1HR
945,DEU_DEBE010,2024-11-06,20.83,4.03,95.63,0,0.99,182.08,1030.8,7297.89,10.27,16.878,4100.0,0.044,PM2.5-1HR
945,DEU_DEBE032,2024-11-06,12.29,4.49,95.25,0,0.79,153.91,1030.74,0,8.48,14.372,4100.0,0.861,PM2.5-1HR
945,DEU_DEBE034,2024-11-06,19.7,4.15,94.79,0,0.98,186.63,1030.77,8605.71,10.63,17.382,4100.0,0.331,PM2.5-1HR
945,DEU_DEBE051,2024-11-06,17.77,4.02,94.96,0,0.88,174.89,1030.79,463.79,7.39,12.846,4100.0,0.134,PM2.5-1HR
945,DEU_DEBE056,2024-11-06,14.8,4.45,94.79,0,1.06,229.53,1030.76,341.92,7.55,13.07,4100.0,0.106,PM2.5-1HR
945,DEU_DEBE061,2024-11-06,17.46,4.15,94.79,0,0.98,186.63,1030.77,8387.49,9.95,16.43,4100.0,0.009,PM2.5-1HR
945,DEU_DEBE065,2024-11-06,23.64,4.03,95.63,0,0.99,182.08,1030.8,8360.65,10.56,17.284,4100.0,0.004,PM2.5-1HR
945,DEU_DEBE068,2024-11-06,20.72,4.03,95.63,0,0.99,182.08,1030.8,6890.16,10.63,17.382,4100.0,0.072,PM2.5-1HR
945,DEU_DEBE069,2024-11-06,21.44,4.15,94.79,0,0.98,186.63,1030.77,8162.76,10.74,17.536,4100.0,0.012,PM2.5-1HR
945,DEU_DEBE125,2024-11-06,21.43,4.15,94.79,0,0.98,186.63,1030.77,6333.76,10.63,17.382,4100.0,0.01,PM2.5-1HR
945,DEU_DEBE126,2024-11-06,20.24,4.15,94.79,0,0.98,186.63,1030.77,8396.04,10.63,17.382,4100.0,0.007,PM2.5-1HR
945,DEU_DEBE127,2024-11-06,21.45,4.15,94.79,0,0.98,186.63,1030.77,7613.33,11.09,18.026,4100.0,0.056,PM2.5-1HR
945,DEU_DEBE127,2024-11-07,10.3,5.37,86.33,0,1.17,56.45,1034.92,7613.33,4.89,9.346,4100.0,0.056,PM2.5-1HR
945,DEU_DEBE010,2024-11-07,6.4,5.28,87.08,0,1.12,65.15,1034.94,7297.89,4.31,8.534,4100.0,0.044,PM2.5-1HR
945,DEU_DEBE032,2024-11-07,5.08,5.5,86.21,0,1.26,57.28,1034.9,0,2.96,6.644,4100.0,0.861,PM2.5-1HR
945,DEU_DEBE034,2024-11-07,8.15,5.37,86.33,0,1.17,56.45,1034.92,8605.71,4.71,9.094,4100.0,0.331,PM2.5-1HR
945,DEU_DEBE051,2024-11-07,5.46,5.41,88.08,0.01,0.87,107.31,1034.91,463.79,2.82,6.448,4100.0,0.134,PM2.5-1HR
945,DEU_DEBE056,2024-11-07,6.77,5.39,87.04,0,1,16.82,1034.9,341.92,5.41,10.074,4100.0,0.106,PM2.5-1HR
945,DEU_DEBE061,2024-11-07,8.11,5.37,86.33,0,1.17,56.45,1034.92,8387.49,4.41,8.674,4100.0,0.009,PM2.5-1HR
945,DEU_DEBE065,2024-11-07,9.78,5.28,87.08,0,1.12,65.15,1034.94,8360.65,4.65,9.01,4100.0,0.004,PM2.5-1HR
945,DEU_DEBE068,2024-11-07,7.44,5.28,87.08,0,1.12,65.15,1034.94,6890.16,4.71,9.094,4100.0,0.072,PM2.5-1HR
945,DEU_DEBE069,2024-11-07,10.74,5.37,86.33,0,1.17,56.45,1034.92,8162.76,4.82,9.248,4100.0,0.012,PM2.5-1HR
945,DEU_DEBE125,2024-11-07,8.35,5.37,86.33,0,1.17,56.45,1034.92,6333.76,4.71,9.094,4100.0,0.01,PM2.5-1HR
945,DEU_DEBE126,2024-11-07,9.38,5.37,86.33,0,1.17,56.45,1034.92,8396.04,4.71,9.094,4100.0,0.007,PM2.5-1HR
945,DEU_DEBE127,2024-11-08,19.48,4.9,84.17,0,3.95,94.53,1033.38,7613.33,10.19,16.766,4100.0,0.056,PM2.5-1HR
945,DEU_DEBE010,2024-11-08,16.6,4.85,84.25,0,3.94,97.39,1033.49,7297.89,9.99,16.486,4100.0,0.044,PM2.5-1HR
945,DEU_DEBE032,2024-11-08,12.23,4.96,85.25,0,3.72,93.81,1033.28,0,7.03,12.342,4100.0,0.861,PM2.5-1HR
945,DEU_DEBE034,2024-11-08,16.62,4.9,84.17,0,3.95,94.53,1033.38,8605.71,10.05,16.57,4100.0,0.331,PM2.5-1HR
945,DEU_DEBE051,2024-11-08,13.55,4.9,83.75,0,3.46,100.83,1033.66,463.79,9.04,15.156,4100.0,0.134,PM2.5-1HR
945,DEU_DEBE056,2024-11-08,13.15,5.01,85.04,0,3.61,95.91,1033.47,341.92,7.86,13.504,4100.0,0.106,PM2.5-1HR
945,DEU_DEBE061,2024-11-08,18.74,4.9,84.17,0,3.95,94.53,1033.38,8387.49,9.4,15.66,4100.0,0.009,PM2.5-1HR
945,DEU_DEBE065,2024-11-08,19.29,4.85,84.25,0,3.94,97.39,1033.49,8360.65,10.44,17.116,4100.0,0.004,PM2.5-1HR
945,DEU_DEBE068,2024-11-08,17.24,4.85,84.25,0,3.94,97.39,1033.49,6890.16,10.05,16.57,4100.0,0.072,PM2.5-1HR
945,DEU_DEBE069,2024-11-08,18.69,4.9,84.17,0,3.95,94.53,1033.38,8162.76,9.98,16.472,4100.0,0.012,PM2.5-1HR
945,DEU_DEBE125,2024-11-08,17.8,4.9,84.17,0,3.95,94.53,1033.38,6333.76,10.05,16.57,4100.0,0.01,PM2.5-1HR
945,DEU_DEBE126,2024-11-08,18.14,4.9,84.17,0,3.95,94.53,1033.38,8396.04,10.05,16.57,4100.0,0.007,PM2.5-1HR
945,DEU_DEBE127,2024-11-09,33.92,3.67,90.33,0,3.47,100.97,1029.66,7613.33,28.84,42.876,4100.0,0.056,PM2.5-1HR
945,DEU_DEBE010,2024-11-09,31.18,3.58,90.29,0,3.64,102.43,1029.75,7297.89,28.47,42.358,4100.0,0.044,PM2.5-1HR
945,DEU_DEBE032,2024-11-09,23.69,3.86,90.88,0,3.17,101.34,1029.57,0,24.82,37.248,4100.0,0.861,PM2.5-1HR
945,DEU_DEBE034,2024-11-09,30.1,3.67,90.33,0,3.47,100.97,1029.66,8605.71,28.8,42.82,4100.0,0.331,PM2.5-1HR
945,DEU_DEBE051,2024-11-09,25.93,3.6,89.25,0,3.24,108.09,1029.92,463.79,22.66,34.224,4100.0,0.134,PM2.5-1HR
945,DEU_DEBE056,2024-11-09,24.39,3.84,90.67,0,3.17,100.3,1029.81,341.92,21.59,32.726,4100.0,0.106,PM2.5-1HR
945,DEU_DEBE061,2024-11-09,32.25,3.67,90.33,0,3.47,100.97,1029.66,8387.49,27.85,41.49,4100.0,0.009,PM2.5-1HR
945,DEU_DEBE065,2024-11-09,33.81,3.58,90.29,0,3.64,102.43,1029.75,8360.65,28.71,42.694,4100.0,0.004,PM2.5-1HR
945,DEU_DEBE068,2024-11-09,31.27,3.58,90.29,0,3.64,102.43,1029.75,6890.16,28.8,42.82,4100.0,0.072,PM2.5-1HR
945,DEU_DEBE069,2024-11-09,34.2,3.67,90.33,0,3.47,100.97,1029.66,8162.76,28.68,42.652,4100.0,0.012,PM2.5-1HR
945,DEU_DEBE125,2024-11-09,31.7,3.67,90.33,0,3.47,100.97,1029.66,6333.76,28.8,42.82,4100.0,0.01,PM2.5-1HR
945,DEU_DEBE126,2024-11-09,32.38,3.67,90.33,0,3.47,100.97,1029.66,8396.04,28.8,42.82,4100.0,0.007,PM2.5-1HR
945,DEU_DEBE127,2024-11-10,30.22,1.62,92.5,0,1.86,143.41,1029.41,7613.33,25.64,38.396,4100.0,0.056,PM2.5-1HR
945,DEU_DEBE010,2024-11-10,28.94,1.49,92.88,0,1.92,142.79,1029.45,7297.89,25.64,38.396,4100.0,0.044,PM2.5-1HR
945,DEU_DEBE032,2024-11-10,20.8,1.73,93.08,0,1.65,139.13,1029.37,0,22.05,33.37,4100.0,0.861,PM2.5-1HR
945,DEU_DEBE034,2024-11-10,27.51,1.62,92.5,0,1.86,143.41,1029.41,8605.71,25.73,38.522,4100.0,0.331,PM2.5-1HR
945,DEU_DEBE051,2024-11-10,23.9,1.52,92.54,0,1.86,151.54,1029.45,463.79,19.54,29.856,4100.0,0.134,PM2.5-1HR
945,DEU_DEBE056,2024-11-10,20.81,1.72,93.04,0,1.67,142.32,1029.48,341.92,17.39,26.846,4100.0,0.106,PM2.5-1HR
945,DEU_DEBE061,2024-11-10,29.39,1.62,92.5,0,1.86,143.41,1029.41,8387.49,24.93,37.402,4100.0,0.009,PM2.5-1HR
945,DEU_DEBE065,2024-11-10,31.29,1.49,92.88,0,1.92,142.79,1029.45,8360.65,25.78,38.592,4100.0,0.004,PM2.5-1HR
945,DEU_DEBE068,2024-11-10,29.03,1.49,92.88,0,1.92,142.79,1029.45,6890.16,25.73,38.522,4100.0,0.072,PM2.5-1HR
945,DEU_DEBE069,2024-11-10,31.11,1.62,92.5,0,1.86,143.41,1029.41,8162.76,25.62,38.368,4100.0,0.012,PM2.5-1HR
945,DEU_DEBE125,2024-11-10,29.37,1.62,92.5,0,1.86,143.41,1029.41,6333.76,25.73,38.522,4100.0,0.01,PM2.5-1HR
945,DEU_DEBE126,2024-11-10,28.77,1.62,92.5,0,1.86,143.41,1029.41,8396.04,25.73,38.522,4100.0,0.007,PM2.5-1HR
945,DEU_DEBE127,2024-11-11,26.85,4.47,89.38,0.01,2.14,147.71,1028.22,7613.33,20.38,31.032,4100.0,0.056,PM2.5-1HR
945,DEU_DEBE010,2024-11-11,22.91,4.31,89.79,0.02,2.17,150.94,1028.23,7297.89,19.56,29.884,4100.0,0.044,PM2.5-1HR
945,DEU_DEBE032,2024-11-11,17.3,4.75,89.92,0,2.02,143.49,1028.12,0,17.86,27.504,4100.0,0.861,PM2.5-1HR
945,DEU_DEBE034,2024-11-11,22.98,4.47,89.38,0.01,2.14,147.71,1028.22,8605.71,20.11,30.654,4100.0,0.331,PM2.5-1HR
945,DEU_DEBE051,2024-11-11,20.87,4.2,89.83,0,2.07,156.08,1028.26,463.79,16.49,25.586,4100.0,0.134,PM2.5-1HR
945,DEU_DEBE056,2024-11-11,18.08,4.31,89.75,0.02,1.85,152.38,1028.36,341.92,14.18,22.352,4100.0,0.106,PM2.5-1HR
945,DEU_DEBE061,2024-11-11,25.49,4.47,89.38,0.01,2.14,147.71,1028.22,8387.49,19.47,29.758,4100.0,0.009,PM2.5-1HR
945,DEU_DEBE065,2024-11-11,26.81,4.31,89.79,0.02,2.17,150.94,1028.23,8360.65,19.57,29.898,4100.0,0.004,PM2.5-1HR
945,DEU_DEBE068,2024-11-11,23.29,4.31,89.79,0.02,2.17,150.94,1028.23,6890.16,20.11,30.654,4100.0,0.072,PM2.5-1HR
945,DEU_DEBE069,2024-11-11,26.6,4.47,89.38,0.01,2.14,147.71,1028.22,8162.76,20.37,31.018,4100.0,0.012,PM2.5-1HR
945,DEU_DEBE125,2024-11-11,24.61,4.47,89.38,0.01,2.14,147.71,1028.22,6333.76,20.11,30.654,4100.0,0.01,PM2.5-1HR
945,DEU_DEBE126,2024-11-11,25,4.47,89.38,0.01,2.14,147.71,1028.22,8396.04,20.11,30.654,4100.0,0.007,PM2.5-1HR
945,DEU_DEBE010,2024-11-12,17.49,3.83,89.42,0,1.99,47.72,1032.33,7297.89,11.57,18.698,4100.0,0.044,PM2.5-1HR
945,DEU_DEBE032,2024-11-12,12.8,4.29,88.92,0,2.08,45.2,1032.25,0,9.28,15.492,4100.0,0.861,PM2.5-1HR
945,DEU_DEBE034,2024-11-12,18.29,4.03,89.42,0,2.11,42.79,1032.26,8605.71,12.17,19.538,4100.0,0.331,PM2.5-1HR
945,DEU_DEBE051,2024-11-12,14.84,3.6,88.75,0,1.87,41.22,1032.4,463.79,8.4,14.26,4100.0,0.134,PM2.5-1HR
945,DEU_DEBE056,2024-11-12,16.84,3.97,90.13,0,2,45.53,1032.22,341.92,11.02,17.928,4100.0,0.106,PM2.5-1HR
945,DEU_DEBE061,2024-11-12,19.51,4.03,89.42,0,2.11,42.79,1032.26,8387.49,11.5,18.6,4100.0,0.009,PM2.5-1HR
945,DEU_DEBE065,2024-11-12,20.88,3.83,89.42,0,1.99,47.72,1032.33,8360.65,12.04,19.356,4100.0,0.004,PM2.5-1HR
945,DEU_DEBE068,2024-11-12,17.36,3.83,89.42,0,1.99,47.72,1032.33,6890.16,12.17,19.538,4100.0,0.072,PM2.5-1HR
945,DEU_DEBE069,2024-11-12,22.59,4.03,89.42,0,2.11,42.79,1032.26,8162.76,12.14,19.496,4100.0,0.012,PM2.5-1HR
945,DEU_DEBE125,2024-11-12,18.35,4.03,89.42,0,2.11,42.79,1032.26,6333.76,12.17,19.538,4100.0,0.01,PM2.5-1HR
945,DEU_DEBE126,2024-11-12,20.24,4.03,89.42,0,2.11,42.79,1032.26,8396.04,12.17,19.538,4100.0,0.007,PM2.5-1HR
945,DEU_DEBE127,2024-11-12,22.22,4.03,89.42,0,2.11,42.79,1032.26,7613.33,12.34,19.776,4100.0,0.056,PM2.5-1HR
945,DEU_DEBE010,2024-11-13,12.09,5.1,90.96,0.03,2.06,287.26,1029.17,7297.89,7.28,12.692,4100.0,0.044,PM2.5-1HR
945,DEU_DEBE032,2024-11-13,7.38,5.14,90.42,0.02,2.08,286.36,1029.28,0,4.67,9.038,4100.0,0.861,PM2.5-1HR
945,DEU_DEBE034,2024-11-13,15.01,5.15,90.79,0.03,2.01,285.06,1029.21,8605.71,8.04,13.756,4100.0,0.331,PM2.5-1HR
945,DEU_DEBE051,2024-11-13,9.99,4.9,91.29,0.02,2.25,286.97,1029.05,463.79,3.14,6.896,4100.0,0.134,PM2.5-1HR
945,DEU_DEBE056,2024-11-13,10.71,4.95,92.04,0.04,2.07,281.72,1029.12,341.92,4.51,8.814,4100.0,0.106,PM2.5-1HR
945,DEU_DEBE061,2024-11-13,12.92,5.15,90.79,0.03,2.01,285.06,1029.21,8387.49,7.5,13.0,4100.0,0.009,PM2.5-1HR
945,DEU_DEBE065,2024-11-13,16.43,5.1,90.96,0.03,2.06,287.26,1029.17,8360.65,7.8,13.42,4100.0,0.004,PM2.5-1HR
945,DEU_DEBE068,2024-11-13,13.03,5.1,90.96,0.03,2.06,287.26,1029.17,6890.16,8.04,13.756,4100.0,0.072,PM2.5-1HR
945,DEU_DEBE069,2024-11-13,18.31,5.15,90.79,0.03,2.01,285.06,1029.21,8162.76,8.4,14.26,4100.0,0.012,PM2.5-1HR
945,DEU_DEBE125,2024-11-13,13.55,5.15,90.79,0.03,2.01,285.06,1029.21,6333.76,8.04,13.756,4100.0,0.01,PM2.5-1HR
945,DEU_DEBE126,2024-11-13,15.37,5.15,90.79,0.03,2.01,285.06,1029.21,8396.04,8.04,13.756,4100.0,0.007,PM2.5-1HR
945,DEU_DEBE127,2024-11-13,16.42,5.15,90.79,0.03,2.01,285.06,1029.21,7613.33,8.37,14.218,4100.0,0.056,PM2.5-1HR
945,DEU_DEBE010,2024-11-14,9.02,6.36,89.58,0.01,3.3,259.86,1022.66,7297.89,7.09,12.426,4100.0,0.044,PM2.5-1HR
945,DEU_DEBE032,2024-11-14,6.06,6.55,89.33,0.03,3.35,262.25,1022.83,0,4.49,8.786,4100.0,0.861,PM2.5-1HR
945,DEU_DEBE034,2024-11-14,10.3,6.4,89.42,0.02,3.27,260.89,1022.78,8605.71,7.47,12.958,4100.0,0.331,PM2.5-1HR
945,DEU_DEBE051,2024-11-14,8.29,6.37,89.46,0.01,3.44,260.86,1022.45,463.79,5.25,9.85,4100.0,0.134,PM2.5-1HR
945,DEU_DEBE056,2024-11-14,7.67,6.07,90.63,0.01,3.37,256.3,1022.79,341.92,4.63,8.982,4100.0,0.106,PM2.5-1HR
945,DEU_DEBE061,2024-11-14,9.35,6.4,89.42,0.02,3.27,260.89,1022.78,8387.49,6.88,12.132,4100.0,0.009,PM2.5-1HR
945,DEU_DEBE065,2024-11-14,12.79,6.36,89.58,0.01,3.3,259.86,1022.66,8360.65,7.5,13.0,4100.0,0.004,PM2.5-1HR
945,DEU_DEBE068,2024-11-14,10,6.36,89.58,0.01,3.3,259.86,1022.66,6890.16,7.47,12.958,4100.0,0.072,PM2.5-1HR
945,DEU_DEBE069,2024-11-14,12.77,6.4,89.42,0.02,3.27,260.89,1022.78,8162.76,7.49,12.986,4100.0,0.012,PM2.5-1HR
945,DEU_DEBE125,2024-11-14,10.51,6.4,89.42,0.02,3.27,260.89,1022.78,6333.76,7.47,12.958,4100.0,0.01,PM2.5-1HR
945,DEU_DEBE126,2024-11-14,11.17,6.4,89.42,0.02,3.27,260.89,1022.78,8396.04,7.47,12.958,4100.0,0.007,PM2.5-1HR
945,DEU_DEBE127,2024-11-14,11.97,6.4,89.42,0.02,3.27,260.89,1022.78,7613.33,7.67,13.238,4100.0,0.056,PM2.5-1HR
945,DEU_DEBE010,2024-11-15,12.71,6.78,91.67,0,3.21,265.49,1023.68,7297.89,9.03,15.142,4100.0,0.044,PM2.5-1HR
945,DEU_DEBE032,2024-11-15,6.94,6.88,90.42,0,3.24,267.76,1023.86,0,7.04,12.356,4100.0,0.861,PM2.5-1HR
945,DEU_DEBE034,2024-11-15,12.99,6.87,91.04,0,3.16,267.06,1023.79,8605.71,9.48,15.772,4100.0,0.331,PM2.5-1HR
945,DEU_DEBE051,2024-11-15,8.97,6.74,91.63,0.02,3.56,264.86,1023.45,463.79,6.65,11.81,4100.0,0.134,PM2.5-1HR
945,DEU_DEBE056,2024-11-15,9.45,7.09,89.96,0,3.35,265.88,1023.73,341.92,6.98,12.272,4100.0,0.106,PM2.5-1HR
945,DEU_DEBE061,2024-11-15,12.81,6.87,91.04,0,3.16,267.06,1023.79,8387.49,8.87,14.918,4100.0,0.009,PM2.5-1HR
945,DEU_DEBE065,2024-11-15,15.26,6.78,91.67,0,3.21,265.49,1023.68,8360.65,9.23,15.422,4100.0,0.004,PM2.5-1HR
945,DEU_DEBE068,2024-11-15,14.1,6.78,91.67,0,3.21,265.49,1023.68,6890.16,9.48,15.772,4100.0,0.072,PM2.5-1HR
945,DEU_DEBE069,2024-11-15,17.17,6.87,91.04,0,3.16,267.06,1023.79,8162.76,9.49,15.786,4100.0,0.012,PM2.5-1HR
945,DEU_DEBE125,2024-11-15,13.15,6.87,91.04,0,3.16,267.06,1023.79,6333.76,9.48,15.772,4100.0,0.01,PM2.5-1HR
945,DEU_DEBE126,2024-11-15,13.24,6.87,91.04,0,3.16,267.06,1023.79,8396.04,9.48,15.772,4100.0,0.007,PM2.5-1HR
945,DEU_DEBE127,2024-11-15,15.47,6.87,91.04,0,3.16,267.06,1023.79,7613.33,9.61,15.954,4100.0,0.056,PM2.5-1HR
945,DEU_DEBE010,2024-11-16,13.31,6.5,79.58,0,3.89,234.68,1017.38,7297.89,9.8,16.22,4100.0,0.044,PM2.5-1HR
945,DEU_DEBE032,2024-11-16,8.81,6.59,78.04,0,3.79,233.11,1017.53,0,7.97,13.658,4100.0,0.861,PM2.5-1HR
945,DEU_DEBE034,2024-11-16,15.05,6.52,79.08,0,3.76,234.66,1017.53,8605.71,10.39,17.046,4100.0,0.331,PM2.5-1HR
945,DEU_DEBE051,2024-11-16,11.01,6.58,77.88,0,4.43,232.66,1017.05,463.79,6.4,11.46,4100.0,0.134,PM2.5-1HR
945,DEU_DEBE056,2024-11-16,9.33,6.57,78.79,0,3.87,232.57,1017.66,341.92,6.96,12.244,4100.0,0.106,PM2.5-1HR
945,DEU_DEBE061,2024-11-16,13.27,6.52,79.08,0,3.76,234.66,1017.53,8387.49,9.79,16.206,4100.0,0.009,PM2.5-1HR
945,DEU_DEBE065,2024-11-16,16.71,6.5,79.58,0,3.89,234.68,1017.38,8360.65,10.01,16.514,4100.0,0.004,PM2.5-1HR
945,DEU_DEBE068,2024-11-16,14.12,6.5,79.58,0,3.89,234.68,1017.38,6890.16,10.39,17.046,4100.0,0.072,PM2.5-1HR
945,DEU_DEBE069,2024-11-16,15.61,6.52,79.08,0,3.76,234.66,1017.53,8162.76,10.39,17.046,4100.0,0.012,PM2.5-1HR
945,DEU_DEBE125,2024-11-16,14.44,6.52,79.08,0,3.76,234.66,1017.53,6333.76,10.39,17.046,4100.0,0.01,PM2.5-1HR
945,DEU_DEBE126,2024-11-16,14.06,6.52,79.08,0,3.76,234.66,1017.53,8396.04,10.39,17.046,4100.0,0.007,PM2.5-1HR
945,DEU_DEBE127,2024-11-16,14.38,6.52,79.08,0,3.76,234.66,1017.53,7613.33,10.53,17.242,4100.0,0.056,PM2.5-1HR
945,DEU_DEBE010,2024-11-17,7.51,5.99,86.08,0.15,5,243.94,1005.75,7297.89,3.83,7.862,4100.0,0.044,PM2.5-1HR
945,DEU_DEBE032,2024-11-17,5.58,6.06,86.08,0.19,5.05,244.06,1005.96,0,3.09,6.826,4100.0,0.861,PM2.5-1HR
945,DEU_DEBE034,2024-11-17,9.27,6.07,85.38,0.18,4.89,244.09,1005.94,8605.71,4.01,8.114,4100.0,0.331,PM2.5-1HR
945,DEU_DEBE051,2024-11-17,6.64,5.93,87.33,0.16,5.45,242.94,1005.32,463.79,2.52,6.028,4100.0,0.134,PM2.5-1HR
945,DEU_DEBE056,2024-11-17,7.15,5.93,86.58,0.2,5.18,241.84,1006.06,341.92,2.56,6.084,4100.0,0.106,PM2.5-1HR
945,DEU_DEBE061,2024-11-17,9.32,6.07,85.38,0.18,4.89,244.09,1005.94,8387.49,3.73,7.722,4100.0,0.009,PM2.5-1HR
945,DEU_DEBE065,2024-11-17,10.85,5.99,86.08,0.15,5,243.94,1005.75,8360.65,3.95,8.03,4100.0,0.004,PM2.5-1HR
945,DEU_DEBE068,2024-11-17,8.33,5.99,86.08,0.15,5,243.94,1005.75,6890.16,4.01,8.114,4100.0,0.072,PM2.5-1HR
945,DEU_DEBE069,2024-11-17,11.04,6.07,85.38,0.18,4.89,244.09,1005.94,8162.76,4.06,8.184,4100.0,0.012,PM2.5-1HR
945,DEU_DEBE125,2024-11-17,8.8,6.07,85.38,0.18,4.89,244.09,1005.94,6333.76,4.01,8.114,4100.0,0.01,PM2.5-1HR
945,DEU_DEBE126,2024-11-17,9.37,6.07,85.38,0.18,4.89,244.09,1005.94,8396.04,4.01,8.114,4100.0,0.007,PM2.5-1HR
945,DEU_DEBE127,2024-11-17,10.26,6.07,85.38,0.18,4.89,244.09,1005.94,7613.33,4.15,8.31,4100.0,0.056,PM2.5-1HR
945,DEU_DEBE010,2024-11-18,4.47,4.07,82.13,0.03,5.08,254.45,1005.68,7297.89,3.71,7.694,4100.0,0.044,PM2.5-1HR
945,DEU_DEBE032,2024-11-18,2.93,4.27,81.46,0.08,5.11,253.74,1005.91,0,2.89,6.546,4100.0,0.861,PM2.5-1HR
945,DEU_DEBE034,2024-11-18,5.01,4.21,81.54,0.07,4.95,254.2,1005.85,8605.71,3.91,7.974,4100.0,0.331,PM2.5-1HR
945,DEU_DEBE051,2024-11-18,3.57,4,80.58,0.01,5.67,253.66,1005.3,463.79,2.79,6.406,4100.0,0.134,PM2.5-1HR
945,DEU_DEBE056,2024-11-18,3.38,4.28,81.17,0.03,5.14,251.29,1005.88,341.92,2.65,6.21,4100.0,0.106,PM2.5-1HR
945,DEU_DEBE061,2024-11-18,4.34,4.21,81.54,0.07,4.95,254.2,1005.85,8387.49,3.67,7.638,4100.0,0.009,PM2.5-1HR
945,DEU_DEBE065,2024-11-18,6.52,4.07,82.13,0.03,5.08,254.45,1005.68,8360.65,3.85,7.89,4100.0,0.004,PM2.5-1HR
945,DEU_DEBE068,2024-11-18,4.56,4.07,82.13,0.03,5.08,254.45,1005.68,6890.16,3.91,7.974,4100.0,0.072,PM2.5-1HR
945,DEU_DEBE069,2024-11-18,6.97,4.21,81.54,0.07,4.95,254.2,1005.85,8162.76,3.9,7.96,4100.0,0.012,PM2.5-1HR
945,DEU_DEBE125,2024-11-18,5.36,4.21,81.54,0.07,4.95,254.2,1005.85,6333.76,3.91,7.974,4100.0,0.01,PM2.5-1HR
945,DEU_DEBE126,2024-11-18,5.45,4.21,81.54,0.07,4.95,254.2,1005.85,8396.04,3.91,7.974,4100.0,0.007,PM2.5-1HR
945,DEU_DEBE127,2024-11-18,6.17,4.21,81.54,0.07,4.95,254.2,1005.85,7613.33,3.99,8.086,4100.0,0.056,PM2.5-1HR
945,DEU_DEBE010,2024-11-19,6.82,3.45,93.42,1.1,4,214.8,994.63,7297.89,3.98,8.072,4100.0,0.044,PM2.5-1HR
945,DEU_DEBE032,2024-11-19,3.97,3.78,94.25,1.12,4.17,218.79,994.62,0,2.22,5.608,4100.0,0.861,PM2.5-1HR
945,DEU_DEBE034,2024-11-19,7.65,3.85,92.71,1.1,4.22,216.98,994.66,8605.71,4.1,8.24,4100.0,0.331,PM2.5-1HR
945,DEU_DEBE051,2024-11-19,5.5,2.63,94.88,1.01,3.77,220.63,994.57,463.79,3.06,6.784,4100.0,0.134,PM2.5-1HR
945,DEU_DEBE056,2024-11-19,4.23,4.26,93.42,0.89,4.7,210.92,994.82,341.92,1.69,4.866,4100.0,0.106,PM2.5-1HR
945,DEU_DEBE061,2024-11-19,6.35,3.85,92.71,1.1,4.22,216.98,994.66,8387.49,3.67,7.638,4100.0,0.009,PM2.5-1HR
945,DEU_DEBE065,2024-11-19,9.22,3.45,93.42,1.1,4,214.8,994.63,8360.65,4.28,8.492,4100.0,0.004,PM2.5-1HR
945,DEU_DEBE068,2024-11-19,6.83,3.45,93.42,1.1,4,214.8,994.63,6890.16,4.1,8.24,4100.0,0.072,PM2.5-1HR
945,DEU_DEBE069,2024-11-19,7.76,3.85,92.71,1.1,4.22,216.98,994.66,8162.76,4.06,8.184,4100.0,0.012,PM2.5-1HR
945,DEU_DEBE125,2024-11-19,7.72,3.85,92.71,1.1,4.22,216.98,994.66,6333.76,4.1,8.24,4100.0,0.01,PM2.5-1HR
945,DEU_DEBE126,2024-11-19,8,3.85,92.71,1.1,4.22,216.98,994.66,8396.04,4.1,8.24,4100.0,0.007,PM2.5-1HR
945,DEU_DEBE127,2024-11-19,8.54,3.85,92.71,1.1,4.22,216.98,994.66,7613.33,4.26,8.464,4100.0,0.056,PM2.5-1HR
945,DEU_DEBE010,2024-11-20,6.2,1.71,89.63,0.03,4.31,267.91,993.99,7297.89,4.86,9.304,4100.0,0.044,PM2.5-1HR
945,DEU_DEBE032,2024-11-20,3.88,1.85,90.13,0.05,4.47,270.46,994.24,0,3.67,7.638,4100.0,0.861,PM2.5-1HR
945,DEU_DEBE034,2024-11-20,7.85,1.82,89.38,0.06,4.25,270.32,994.12,8605.71,5.06,9.584,4100.0,0.331,PM2.5-1HR
945,DEU_DEBE051,2024-11-20,5.28,1.58,89.29,0.02,4.6,267.93,993.72,463.79,3.2,6.98,4100.0,0.134,PM2.5-1HR
945,DEU_DEBE056,2024-11-20,4.91,2.04,88.25,0.05,4.59,272.13,993.99,341.92,2.89,6.546,4100.0,0.106,PM2.5-1HR
945,DEU_DEBE061,2024-11-20,6.65,1.82,89.38,0.06,4.25,270.32,994.12,8387.49,4.63,8.982,4100.0,0.009,PM2.5-1HR
945,DEU_DEBE065,2024-11-20,9.02,1.71,89.63,0.03,4.31,267.91,993.99,8360.65,4.98,9.472,4100.0,0.004,PM2.5-1HR
945,DEU_DEBE068,2024-11-20,6.45,1.71,89.63,0.03,4.31,267.91,993.99,6890.16,5.06,9.584,4100.0,0.072,PM2.5-1HR
945,DEU_DEBE069,2024-11-20,8.34,1.82,89.38,0.06,4.25,270.32,994.12,8162.76,5.08,9.612,4100.0,0.012,PM2.5-1HR
945,DEU_DEBE125,2024-11-20,8.08,1.82,89.38,0.06,4.25,270.32,994.12,6333.76,5.06,9.584,4100.0,0.01,PM2.5-1HR
945,DEU_DEBE126,2024-11-20,7.43,1.82,89.38,0.06,4.25,270.32,994.12,8396.04,5.06,9.584,4100.0,0.007,PM2.5-1HR
945,DEU_DEBE127,2024-11-20,8.25,1.82,89.38,0.06,4.25,270.32,994.12,7613.33,5.25,9.85,4100.0,0.056,PM2.5-1HR
945,DEU_DEBE010,2024-11-21,6.92,0.9,84.58,0.02,4.01,239.07,996.04,7297.89,4.57,8.898,4100.0,0.044,PM2.5-1HR
945,DEU_DEBE032,2024-11-21,3.95,1.03,84.71,0.02,4.09,239.75,996.17,0,3.45,7.33,4100.0,0.861,PM2.5-1HR
945,DEU_DEBE034,2024-11-21,8.75,0.98,84.38,0.01,3.92,240.25,996.16,8605.71,4.66,9.024,4100.0,0.331,PM2.5-1HR
945,DEU_DEBE051,2024-11-21,5.64,0.8,83.96,0.02,4.45,238.59,995.78,463.79,3.74,7.736,4100.0,0.134,PM2.5-1HR
945,DEU_DEBE056,2024-11-21,4.68,1.08,85.04,0.03,4.19,242.3,996.27,341.92,3.14,6.896,4100.0,0.106,PM2.5-1HR
945,DEU_DEBE061,2024-11-21,7.75,0.98,84.38,0.01,3.92,240.25,996.16,8387.49,4.28,8.492,4100.0,0.009,PM2.5-1HR
945,DEU_DEBE065,2024-11-21,10.42,0.9,84.58,0.02,4.01,239.07,996.04,8360.65,4.63,8.982,4100.0,0.004,PM2.5-1HR
945,DEU_DEBE068,2024-11-21,7.03,0.9,84.58,0.02,4.01,239.07,996.04,6890.16,4.66,9.024,4100.0,0.072,PM2.5-1HR
945,DEU_DEBE069,2024-11-21,9.53,0.98,84.38,0.01,3.92,240.25,996.16,8162.76,4.56,8.884,4100.0,0.012,PM2.5-1HR
945,DEU_DEBE125,2024-11-21,8.08,0.98,84.38,0.01,3.92,240.25,996.16,6333.76,4.66,9.024,4100.0,0.01,PM2.5-1HR
945,DEU_DEBE126,2024-11-21,8.3,0.98,84.38,0.01,3.92,240.25,996.16,8396.04,4.66,9.024,4100.0,0.007,PM2.5-1HR
945,DEU_DEBE127,2024-11-21,8.67,0.98,84.38,0.01,3.92,240.25,996.16,7613.33,4.76,9.164,4100.0,0.056,PM2.5-1HR
945,DEU_DEBE010,2024-11-22,9.25,1.52,80.38,0.01,3.63,239.44,997.67,7297.89,7.8,13.42,4100.0,0.044,PM2.5-1HR
945,DEU_DEBE032,2024-11-22,5.6,1.73,78.88,0.02,3.79,240.55,997.78,0,5.54,10.256,4100.0,0.861,PM2.5-1HR
945,DEU_DEBE034,2024-11-22,10.69,1.58,79.29,0.01,3.58,239.13,997.8,8605.71,8.14,13.896,4100.0,0.331,PM2.5-1HR
945,DEU_DEBE051,2024-11-22,8.04,1.68,77.25,0.01,3.92,238.65,997.45,463.79,5.11,9.654,4100.0,0.134,PM2.5-1HR
945,DEU_DEBE056,2024-11-22,6.87,1.58,78.33,0.02,3.85,239.55,997.94,341.92,4.79,9.206,4100.0,0.106,PM2.5-1HR
945,DEU_DEBE061,2024-11-22,10.01,1.58,79.29,0.01,3.58,239.13,997.8,8387.49,7.51,13.014,4100.0,0.009,PM2.5-1HR
945,DEU_DEBE065,2024-11-22,12.7,1.52,80.38,0.01,3.63,239.44,997.67,8360.65,8.06,13.784,4100.0,0.004,PM2.5-1HR
945,DEU_DEBE068,2024-11-22,9.5,1.52,80.38,0.01,3.63,239.44,997.67,6890.16,8.14,13.896,4100.0,0.072,PM2.5-1HR
945,DEU_DEBE069,2024-11-22,12.85,1.58,79.29,0.01,3.58,239.13,997.8,8162.76,8.14,13.896,4100.0,0.012,PM2.5-1HR
945,DEU_DEBE125,2024-11-22,11.18,1.58,79.29,0.01,3.58,239.13,997.8,6333.76,8.14,13.896,4100.0,0.01,PM2.5-1HR
945,DEU_DEBE126,2024-11-22,10.4,1.58,79.29,0.01,3.58,239.13,997.8,8396.04,8.14,13.896,4100.0,0.007,PM2.5-1HR
945,DEU_DEBE127,2024-11-22,10.92,1.58,79.29,0.01,3.58,239.13,997.8,7613.33,8.34,14.176,4100.0,0.056,PM2.5-1HR
945,DEU_DEBE010,2024-11-23,7.04,2.04,80.29,0,4.2,236.49,1016.02,7297.89,4.32,8.548,4100.0,0.044,PM2.5-1HR
945,DEU_DEBE032,2024-11-23,3.97,2.3,78.92,0.06,4.29,234.89,1016.14,0,3.32,7.148,4100.0,0.861,PM2.5-1HR
945,DEU_DEBE034,2024-11-23,8.86,2.17,79.5,0.01,4.15,235.93,1016.15,8605.71,4.46,8.744,4100.0,0.331,PM2.5-1HR
945,DEU_DEBE051,2024-11-23,5.78,1.81,80,0,4.56,236.33,1015.78,463.79,3.43,7.302,4100.0,0.134,PM2.5-1HR
945,DEU_DEBE056,2024-11-23,4.86,2.21,79.04,0,4.25,235.59,1016.29,341.92,3.28,7.092,4100.0,0.106,PM2.5-1HR
945,DEU_DEBE061,2024-11-23,7.01,2.17,79.5,0.01,4.15,235.93,1016.15,8387.49,4.16,8.324,4100.0,0.009,PM2.5-1HR
945,DEU_DEBE065,2024-11-23,10.06,2.04,80.29,0,4.2,236.49,1016.02,8360.65,4.47,8.758,4100.0,0.004,PM2.5-1HR
945,DEU_DEBE068,2024-11-23,7.23,2.04,80.29,0,4.2,236.49,1016.02,6890.16,4.46,8.744,4100.0,0.072,PM2.5-1HR
945,DEU_DEBE069,2024-11-23,8.27,2.17,79.5,0.01,4.15,235.93,1016.15,8162.76,4.39,8.646,4100.0,0.012,PM2.5-1HR
945,DEU_DEBE125,2024-11-23,7.6,2.17,79.5,0.01,4.15,235.93,1016.15,6333.76,4.46,8.744,4100.0,0.01,PM2.5-1HR
945,DEU_DEBE126,2024-11-23,8.61,2.17,79.5,0.01,4.15,235.93,1016.15,8396.04,4.46,8.744,4100.0,0.007,PM2.5-1HR
945,DEU_DEBE127,2024-11-23,8.65,2.17,79.5,0.01,4.15,235.93,1016.15,7613.33,4.52,8.828,4100.0,0.056,PM2.5-1HR
945,DEU_DEBE010,2024-11-24,6.26,8.44,78.25,0.48,4.82,202.47,1012.55,7297.89,4.54,8.856,4100.0,0.044,PM2.5-1HR
945,DEU_DEBE032,2024-11-24,3.66,8.72,77.38,0.49,4.91,201.7,1012.44,0,3.39,7.246,4100.0,0.861,PM2.5-1HR
945,DEU_DEBE034,2024-11-24,7.22,8.65,77.17,0.48,4.87,203.25,1012.66,8605.71,4.57,8.898,4100.0,0.331,PM2.5-1HR
945,DEU_DEBE051,2024-11-24,4.79,8.14,80.29,0.46,5.34,199.64,1012.24,463.79,3.36,7.204,4100.0,0.134,PM2.5-1HR
945,DEU_DEBE056,2024-11-24,4.02,8.31,78.46,0.48,4.93,203.94,1013.2,341.92,3.01,6.714,4100.0,0.106,PM2.5-1HR
945,DEU_DEBE061,2024-11-24,5.75,8.65,77.17,0.48,4.87,203.25,1012.66,8387.49,4.31,8.534,4100.0,0.009,PM2.5-1HR
945,DEU_DEBE065,2024-11-24,8.66,8.44,78.25,0.48,4.82,202.47,1012.55,8360.65,4.63,8.982,4100.0,0.004,PM2.5-1HR
945,DEU_DEBE068,2024-11-24,7.02,8.44,78.25,0.48,4.82,202.47,1012.55,6890.16,4.57,8.898,4100.0,0.072,PM2.5-1HR
945,DEU_DEBE069,2024-11-24,6.83,8.65,77.17,0.48,4.87,203.25,1012.66,8162.76,4.56,8.884,4100.0,0.012,PM2.5-1HR
945,DEU_DEBE125,2024-11-24,6.29,8.65,77.17,0.48,4.87,203.25,1012.66,6333.76,4.57,8.898,4100.0,0.01,PM2.5-1HR
945,DEU_DEBE126,2024-11-24,7.44,8.65,77.17,0.48,4.87,203.25,1012.66,8396.04,4.57,8.898,4100.0,0.007,PM2.5-1HR
945,DEU_DEBE127,2024-11-24,6.78,8.65,77.17,0.48,4.87,203.25,1012.66,7613.33,4.64,8.996,4100.0,0.056,PM2.5-1HR
945,DEU_DEBE010,2024-11-25,9.3,12.45,60.29,0,4.54,189.93,1010.1,7297.89,7,12.3,4100.0,0.044,PM2.5-1HR
945,DEU_DEBE032,2024-11-25,5.46,12.53,57.5,0,4.73,189.47,1009.95,0,5.23,9.822,4100.0,0.861,PM2.5-1HR
945,DEU_DEBE034,2024-11-25,10.32,12.6,59.25,0,4.65,190.43,1010.18,8605.71,7.18,12.552,4100.0,0.331,PM2.5-1HR
945,DEU_DEBE051,2024-11-25,7.68,12.69,57,0,5.39,188.59,1009.82,463.79,5.76,10.564,4100.0,0.134,PM2.5-1HR
945,DEU_DEBE056,2024-11-25,7.39,12.2,59.42,0,4.53,185.12,1010.7,341.92,5.8,10.62,4100.0,0.106,PM2.5-1HR
945,DEU_DEBE061,2024-11-25,9.19,12.6,59.25,0,4.65,190.43,1010.18,8387.49,6.68,11.852,4100.0,0.009,PM2.5-1HR
945,DEU_DEBE065,2024-11-25,12.26,12.45,60.29,0,4.54,189.93,1010.1,8360.65,7.2,12.58,4100.0,0.004,PM2.5-1HR
945,DEU_DEBE068,2024-11-25,10.6,12.45,60.29,0,4.54,189.93,1010.1,6890.16,7.18,12.552,4100.0,0.072,PM2.5-1HR
945,DEU_DEBE069,2024-11-25,11.9,12.6,59.25,0,4.65,190.43,1010.18,8162.76,7.11,12.454,4100.0,0.012,PM2.5-1HR
945,DEU_DEBE125,2024-11-25,10.75,12.6,59.25,0,4.65,190.43,1010.18,6333.76,7.18,12.552,4100.0,0.01,PM2.5-1HR
945,DEU_DEBE126,2024-11-25,12.2,12.6,59.25,0,4.65,190.43,1010.18,8396.04,7.18,12.552,4100.0,0.007,PM2.5-1HR
945,DEU_DEBE127,2024-11-25,12.68,12.6,59.25,0,4.65,190.43,1010.18,7613.33,7.3,12.72,4100.0,0.056,PM2.5-1HR
945,DEU_DEBE010,2024-11-26,9.91,8.55,87.04,0.08,2.85,239.88,1016.1,7297.89,7.12,12.468,4100.0,0.044,PM2.5-1HR
945,DEU_DEBE032,2024-11-26,5.84,8.65,86.38,0.08,2.91,240.4,1016.15,0,5.58,10.312,4100.0,0.861,PM2.5-1HR
945,DEU_DEBE034,2024-11-26,12.11,8.7,86.42,0.07,2.87,239.08,1016.15,8605.71,7.71,13.294,4100.0,0.331,PM2.5-1HR
945,DEU_DEBE051,2024-11-26,8.17,8.37,88.54,0.07,3.19,236.29,1015.91,463.79,5.83,10.662,4100.0,0.134,PM2.5-1HR
945,DEU_DEBE056,2024-11-26,8.41,8.48,86.54,0.06,2.92,237.2,1016.26,341.92,6.57,11.698,4100.0,0.106,PM2.5-1HR
945,DEU_DEBE061,2024-11-26,10.24,8.7,86.42,0.07,2.87,239.08,1016.15,8387.49,7.25,12.65,4100.0,0.009,PM2.5-1HR
945,DEU_DEBE065,2024-11-26,13.14,8.55,87.04,0.08,2.85,239.88,1016.1,8360.65,7.37,12.818,4100.0,0.004,PM2.5-1HR
945,DEU_DEBE068,2024-11-26,10.26,8.55,87.04,0.08,2.85,239.88,1016.1,6890.16,7.71,13.294,4100.0,0.072,PM2.5-1HR
945,DEU_DEBE069,2024-11-26,14.38,8.7,86.42,0.07,2.87,239.08,1016.15,8162.76,7.8,13.42,4100.0,0.012,PM2.5-1HR
945,DEU_DEBE125,2024-11-26,10.72,8.7,86.42,0.07,2.87,239.08,1016.15,6333.76,7.71,13.294,4100.0,0.01,PM2.5-1HR
945,DEU_DEBE126,2024-11-26,11.36,8.7,86.42,0.07,2.87,239.08,1016.15,8396.04,7.71,13.294,4100.0,0.007,PM2.5-1HR
945,DEU_DEBE127,2024-11-26,13.78,8.7,86.42,0.07,2.87,239.08,1016.15,7613.33,7.86,13.504,4100.0,0.056,PM2.5-1HR
945,DEU_DEBE010,2024-11-27,10.08,6.05,89.13,0.15,3.24,200.46,1018.95,7297.89,7.99,13.686,4100.0,0.044,PM2.5-1HR
945,DEU_DEBE032,2024-11-27,6.19,6.17,88.54,0.12,3.22,198.44,1018.83,0,6.67,11.838,4100.0,0.861,PM2.5-1HR
945,DEU_DEBE034,2024-11-27,10.72,6.16,88.58,0.11,3.14,199.2,1018.98,8605.71,8.26,14.064,4100.0,0.331,PM2.5-1HR
945,DEU_DEBE051,2024-11-27,8.27,5.72,90.33,0.18,3.61,200.64,1018.85,463.79,6.4,11.46,4100.0,0.134,PM2.5-1HR
945,DEU_DEBE056,2024-11-27,7.83,5.95,89.29,0.08,3.13,198.82,1019.32,341.92,6.21,11.194,4100.0,0.106,PM2.5-1HR
945,DEU_DEBE061,2024-11-27,11.08,6.16,88.58,0.11,3.14,199.2,1018.98,8387.49,7.74,13.336,4100.0,0.009,PM2.5-1HR
945,DEU_DEBE065,2024-11-27,13.72,6.05,89.13,0.15,3.24,200.46,1018.95,8360.65,8.03,13.742,4100.0,0.004,PM2.5-1HR
945,DEU_DEBE068,2024-11-27,10.54,6.05,89.13,0.15,3.24,200.46,1018.95,6890.16,8.26,14.064,4100.0,0.072,PM2.5-1HR
945,DEU_DEBE069,2024-11-27,13.32,6.16,88.58,0.11,3.14,199.2,1018.98,8162.76,8.33,14.162,4100.0,0.012,PM2.5-1HR
945,DEU_DEBE125,2024-11-27,11.34,6.16,88.58,0.11,3.14,199.2,1018.98,6333.76,8.26,14.064,4100.0,0.01,PM2.5-1HR
945,DEU_DEBE126,2024-11-27,12.6,6.16,88.58,0.11,3.14,199.2,1018.98,8396.04,8.26,14.064,4100.0,0.007,PM2.5-1HR
945,DEU_DEBE127,2024-11-27,13.01,6.16,88.58,0.11,3.14,199.2,1018.98,7613.33,8.43,14.302,4100.0,0.056,PM2.5-1HR
945,DEU_DEBE010,2024-11-28,3.4,6.3,89.13,0.38,6.36,267.17,1010.77,7297.89,2.45,5.93,4100.0,0.044,PM2.5-1HR
945,DEU_DEBE032,2024-11-28,2.52,6.29,88.29,0.23,6.46,267.83,1011.15,0,1.72,4.908,4100.0,0.861,PM2.5-1HR
945,DEU_DEBE034,2024-11-28,3.93,6.37,88.25,0.31,6.36,266.98,1010.97,8605.71,2.65,6.21,4100.0,0.331,PM2.5-1HR
945,DEU_DEBE051,2024-11-28,2.98,6.14,92.58,0.37,6.23,267.94,1010.4,463.79,1.84,5.076,4100.0,0.134,PM2.5-1HR
945,DEU_DEBE056,2024-11-28,2.87,6.2,91.38,0.36,6.14,261.78,1010.9,341.92,1.67,4.838,4100.0,0.106,PM2.5-1HR
945,DEU_DEBE061,2024-11-28,3.49,6.37,88.25,0.31,6.36,266.98,1010.97,8387.49,2.45,5.93,4100.0,0.009,PM2.5-1HR
945,DEU_DEBE065,2024-11-28,5.51,6.3,89.13,0.38,6.36,267.17,1010.77,8360.65,2.63,6.182,4100.0,0.004,PM2.5-1HR
945,DEU_DEBE068,2024-11-28,3.67,6.3,89.13,0.38,6.36,267.17,1010.77,6890.16,2.65,6.21,4100.0,0.072,PM2.5-1HR
945,DEU_DEBE069,2024-11-28,5.22,6.37,88.25,0.31,6.36,266.98,1010.97,8162.76,2.65,6.21,4100.0,0.012,PM2.5-1HR
945,DEU_DEBE125,2024-11-28,4.64,6.37,88.25,0.31,6.36,266.98,1010.97,6333.76,2.65,6.21,4100.0,0.01,PM2.5-1HR
945,DEU_DEBE126,2024-11-28,4.77,6.37,88.25,0.31,6.36,266.98,1010.97,8396.04,2.65,6.21,4100.0,0.007,PM2.5-1HR
945,DEU_DEBE127,2024-11-28,4.71,6.37,88.25,0.31,6.36,266.98,1010.97,7613.33,2.73,6.322,4100.0,0.056,PM2.5-1HR
945,DEU_DEBE010,2024-11-29,5.6,4.2,84.67,0,2.16,331.21,1032.1,7297.89,3.95,8.03,4100.0,0.044,PM2.5-1HR
945,DEU_DEBE032,2024-11-29,2.85,4.34,83.17,0,2.17,331.86,1032.21,0,2.96,6.644,4100.0,0.861,PM2.5-1HR
945,DEU_DEBE034,2024-11-29,7.16,4.36,84.08,0,2.16,330.13,1032.11,8605.71,4.11,8.254,4100.0,0.331,PM2.5-1HR
945,DEU_DEBE051,2024-11-29,3.85,4.1,81.79,0,2.4,340.42,1032.06,463.79,2.52,6.028,4100.0,0.134,PM2.5-1HR
945,DEU_DEBE056,2024-11-29,3.9,4.57,84.63,0,2.55,335.07,1031.89,341.92,2.28,5.692,4100.0,0.106,PM2.5-1HR
945,DEU_DEBE061,2024-11-29,5.36,4.36,84.08,0,2.16,330.13,1032.11,8387.49,3.88,7.932,4100.0,0.009,PM2.5-1HR
945,DEU_DEBE065,2024-11-29,7.78,4.2,84.67,0,2.16,331.21,1032.1,8360.65,4.02,8.128,4100.0,0.004,PM2.5-1HR
945,DEU_DEBE068,2024-11-29,6.01,4.2,84.67,0,2.16,331.21,1032.1,6890.16,4.11,8.254,4100.0,0.072,PM2.5-1HR
945,DEU_DEBE069,2024-11-29,8.4,4.36,84.08,0,2.16,330.13,1032.11,8162.76,4.16,8.324,4100.0,0.012,PM2.5-1HR
945,DEU_DEBE125,2024-11-29,6.84,4.36,84.08,0,2.16,330.13,1032.11,6333.76,4.11,8.254,4100.0,0.01,PM2.5-1HR
945,DEU_DEBE126,2024-11-29,8.2,4.36,84.08,0,2.16,330.13,1032.11,8396.04,4.11,8.254,4100.0,0.007,PM2.5-1HR
945,DEU_DEBE127,2024-11-29,8.65,4.36,84.08,0,2.16,330.13,1032.11,7613.33,4.17,8.338,4100.0,0.056,PM2.5-1HR
945,DEU_DEBE010,2024-11-30,10.58,2.84,87.29,0,2.43,156.66,1033.2,7297.89,6.2,11.18,4100.0,0.044,PM2.5-1HR
945,DEU_DEBE032,2024-11-30,5.98,2.83,85.25,0,2.53,156.13,1033.11,0,3.71,7.694,4100.0,0.861,PM2.5-1HR
945,DEU_DEBE034,2024-11-30,12,2.88,86.83,0,2.34,158.91,1033.23,8605.71,6.33,11.362,4100.0,0.331,PM2.5-1HR
945,DEU_DEBE051,2024-11-30,8.34,2.73,86.42,0,2.84,166.1,1033.13,463.79,4.5,8.8,4100.0,0.134,PM2.5-1HR
945,DEU_DEBE056,2024-11-30,8.51,3.02,87.33,0,2.47,161.18,1033.45,341.92,4.36,8.604,4100.0,0.106,PM2.5-1HR
945,DEU_DEBE061,2024-11-30,11.04,2.88,86.83,0,2.34,158.91,1033.23,8387.49,5.72,10.508,4100.0,0.009,PM2.5-1HR
945,DEU_DEBE065,2024-11-30,16.14,2.84,87.29,0,2.43,156.66,1033.2,8360.65,6.48,11.572,4100.0,0.004,PM2.5-1HR
945,DEU_DEBE068,2024-11-30,12.16,2.84,87.29,0,2.43,156.66,1033.2,6890.16,6.33,11.362,4100.0,0.072,PM2.5-1HR
945,DEU_DEBE069,2024-11-30,12.86,2.88,86.83,0,2.34,158.91,1033.23,8162.76,6.29,11.306,4100.0,0.012,PM2.5-1HR
945,DEU_DEBE125,2024-11-30,11.48,2.88,86.83,0,2.34,158.91,1033.23,6333.76,6.33,11.362,4100.0,0.01,PM2.5-1HR
945,DEU_DEBE126,2024-11-30,14.16,2.88,86.83,0,2.34,158.91,1033.23,8396.04,6.33,11.362,4100.0,0.007,PM2.5-1HR
945,DEU_DEBE127,2024-11-30,13.75,2.88,86.83,0,2.34,158.91,1033.23,7613.33,6.52,11.628,4100.0,0.056,PM2.5-1HR
945,DEU_DEBE010,2024-12-01,18.22,0.25,89.63,0,2.58,160.28,1025.64,7297.89,17.16,26.524,4100.0,0.044,PM2.5-1HR
945,DEU_DEBE032,2024-12-01,12.51,0.37,88.58,0,2.63,160.2,1025.52,0,12.18,19.552,4100.0,0.861,PM2.5-1HR
945,DEU_DEBE034,2024-12-01,19.05,0.35,88.83,0,2.63,163.81,1025.65,8605.71,17.28,26.692,4100.0,0.331,PM2.5-1HR
945,DEU_DEBE051,2024-12-01,15.3,0.13,89.92,0,3.13,167.22,1025.53,463.79,12.16,19.524,4100.0,0.134,PM2.5-1HR
945,DEU_DEBE056,2024-12-01,14.03,0.24,92.88,0,2.47,164.78,1025.95,341.92,10.64,17.396,4100.0,0.106,PM2.5-1HR
945,DEU_DEBE061,2024-12-01,19.57,0.35,88.83,0,2.63,163.81,1025.65,8387.49,16.05,24.97,4100.0,0.009,PM2.5-1HR
945,DEU_DEBE065,2024-12-01,23.87,0.25,89.63,0,2.58,160.28,1025.64,8360.65,17.46,26.944,4100.0,0.004,PM2.5-1HR
945,DEU_DEBE068,2024-12-01,19.86,0.25,89.63,0,2.58,160.28,1025.64,6890.16,17.28,26.692,4100.0,0.072,PM2.5-1HR
945,DEU_DEBE069,2024-12-01,21.12,0.35,88.83,0,2.63,163.81,1025.65,8162.76,17.09,26.426,4100.0,0.012,PM2.5-1HR
945,DEU_DEBE125,2024-12-01,19.35,0.35,88.83,0,2.63,163.81,1025.65,6333.76,17.28,26.692,4100.0,0.01,PM2.5-1HR
945,DEU_DEBE126,2024-12-01,20.59,0.35,88.83,0,2.63,163.81,1025.65,8396.04,17.28,26.692,4100.0,0.007,PM2.5-1HR
945,DEU_DEBE127,2024-12-01,21.09,0.35,88.83,0,2.63,163.81,1025.65,7613.33,17.47,26.958,4100.0,0.056,PM2.5-1HR
945,DEU_DEBE010,2024-12-02,14.1,2.53,86.92,0,3.18,197.72,1016.15,7297.89,12.74,20.336,4100.0,0.044,PM2.5-1HR
945,DEU_DEBE032,2024-12-02,8.8,2.88,85.75,0,3.01,195.68,1016.11,0,9.26,15.464,4100.0,0.861,PM2.5-1HR
945,DEU_DEBE034,2024-12-02,15.01,2.64,86,0,3.22,199.6,1016.24,8605.71,12.85,20.49,4100.0,0.331,PM2.5-1HR
945,DEU_DEBE051,2024-12-02,12.05,2.38,87.38,0,3.52,194.39,1015.96,463.79,8.94,15.016,4100.0,0.134,PM2.5-1HR
945,DEU_DEBE056,2024-12-02,10.28,2.17,86.83,0,3.42,201.76,1016.54,341.92,7.55,13.07,4100.0,0.106,PM2.5-1HR
945,DEU_DEBE061,2024-12-02,15.25,2.64,86,0,3.22,199.6,1016.24,8387.49,11.83,19.062,4100.0,0.009,PM2.5-1HR
945,DEU_DEBE065,2024-12-02,18.35,2.53,86.92,0,3.18,197.72,1016.15,8360.65,12.75,20.35,4100.0,0.004,PM2.5-1HR
945,DEU_DEBE068,2024-12-02,14.73,2.53,86.92,0,3.18,197.72,1016.15,6890.16,12.85,20.49,4100.0,0.072,PM2.5-1HR
945,DEU_DEBE069,2024-12-02,16.69,2.64,86,0,3.22,199.6,1016.24,8162.76,12.57,20.098,4100.0,0.012,PM2.5-1HR
945,DEU_DEBE125,2024-12-02,14.99,2.64,86,0,3.22,199.6,1016.24,6333.76,12.85,20.49,4100.0,0.01,PM2.5-1HR
945,DEU_DEBE126,2024-12-02,15.3,2.64,86,0,3.22,199.6,1016.24,8396.04,12.85,20.49,4100.0,0.007,PM2.5-1HR
945,DEU_DEBE127,2024-12-02,14.97,2.64,86,0,3.22,199.6,1016.24,7613.33,12.94,20.616,4100.0,0.056,PM2.5-1HR
945,DEU_DEBE010,2024-12-03,11.69,5.24,94.88,0.05,2.88,229.19,1014.58,7297.89,7.33,12.762,4100.0,0.044,PM2.5-1HR
945,DEU_DEBE032,2024-12-03,7.19,5.14,94.5,0.01,2.82,227.56,1014.63,0,6.21,11.194,4100.0,0.861,PM2.5-1HR
945,DEU_DEBE034,2024-12-03,13.97,5.25,94.13,0.03,2.83,230.73,1014.66,8605.71,7.67,13.238,4100.0,0.331,PM2.5-1HR
945,DEU_DEBE051,2024-12-03,9.41,5.2,95.67,0.04,2.99,226.38,1014.38,463.79,3.67,7.638,4100.0,0.134,PM2.5-1HR
945,DEU_DEBE056,2024-12-03,9.3,5.03,95.17,0.03,2.92,228.52,1014.79,341.92,4.28,8.492,4100.0,0.106,PM2.5-1HR
945,DEU_DEBE061,2024-12-03,13.55,5.25,94.13,0.03,2.83,230.73,1014.66,8387.49,7.2,12.58,4100.0,0.009,PM2.5-1HR
945,DEU_DEBE065,2024-12-03,16.61,5.24,94.88,0.05,2.88,229.19,1014.58,8360.65,7.26,12.664,4100.0,0.004,PM2.5-1HR
945,DEU_DEBE068,2024-12-03,12.7,5.24,94.88,0.05,2.88,229.19,1014.58,6890.16,7.67,13.238,4100.0,0.072,PM2.5-1HR
945,DEU_DEBE069,2024-12-03,16.44,5.25,94.13,0.03,2.83,230.73,1014.66,8162.76,7.98,13.672,4100.0,0.012,PM2.5-1HR
945,DEU_DEBE125,2024-12-03,13.59,5.25,94.13,0.03,2.83,230.73,1014.66,6333.76,7.67,13.238,4100.0,0.01,PM2.5-1HR
945,DEU_DEBE126,2024-12-03,14.07,5.25,94.13,0.03,2.83,230.73,1014.66,8396.04,7.67,13.238,4100.0,0.007,PM2.5-1HR
945,DEU_DEBE127,2024-12-03,14.29,5.25,94.13,0.03,2.83,230.73,1014.66,7613.33,7.97,13.658,4100.0,0.056,PM2.5-1HR
945,DEU_DEBE010,2024-12-04,8.67,3.65,93.46,0.01,2.39,254.34,1021.78,7297.89,6.5,11.6,4100.0,0.044,PM2.5-1HR
945,DEU_DEBE032,2024-12-04,5.31,3.65,93.21,0.05,2.39,254.67,1021.88,0,3.81,7.834,4100.0,0.861,PM2.5-1HR
945,DEU_DEBE034,2024-12-04,9.76,3.71,92.71,0.02,2.29,254.45,1021.85,8605.71,7.01,12.314,4100.0,0.331,PM2.5-1HR
945,DEU_DEBE051,2024-12-04,7.18,3.58,94.17,0.01,2.55,249.9,1021.6,463.79,4.71,9.094,4100.0,0.134,PM2.5-1HR
945,DEU_DEBE056,2024-12-04,7.06,3.72,93.08,0.03,2.5,250.64,1021.88,341.92,4.35,8.59,4100.0,0.106,PM2.5-1HR
945,DEU_DEBE061,2024-12-04,8.37,3.71,92.71,0.02,2.29,254.45,1021.85,8387.49,6.39,11.446,4100.0,0.009,PM2.5-1HR
945,DEU_DEBE065,2024-12-04,11.91,3.65,93.46,0.01,2.39,254.34,1021.78,8360.65,6.89,12.146,4100.0,0.004,PM2.5-1HR
945,DEU_DEBE068,2024-12-04,8.84,3.65,93.46,0.01,2.39,254.34,1021.78,6890.16,7.01,12.314,4100.0,0.072,PM2.5-1HR
945,DEU_DEBE069,2024-12-04,12.7,3.71,92.71,0.02,2.29,254.45,1021.85,8162.76,6.98,12.272,4100.0,0.012,PM2.5-1HR
945,DEU_DEBE125,2024-12-04,9.5,3.71,92.71,0.02,2.29,254.45,1021.85,6333.76,7.01,12.314,4100.0,0.01,PM2.5-1HR
945,DEU_DEBE126,2024-12-04,9.97,3.71,92.71,0.02,2.29,254.45,1021.85,8396.04,7.01,12.314,4100.0,0.007,PM2.5-1HR
945,DEU_DEBE127,2024-12-04,11.36,3.71,92.71,0.02,2.29,254.45,1021.85,7613.33,7.19,12.566,4100.0,0.056,PM2.5-1HR
945,DEU_DEBE010,2024-12-05,11.53,3.33,86.88,0,3.51,215.1,1021.62,7297.89,5.88,10.732,4100.0,0.044,PM2.5-1HR
945,DEU_DEBE032,2024-12-05,7.24,3.45,85.25,0,3.66,213.75,1021.62,0,3.68,7.652,4100.0,0.861,PM2.5-1HR
945,DEU_DEBE034,2024-12-05,11.77,3.41,85.88,0.01,3.52,214.24,1021.72,8605.71,6,10.9,4100.0,0.331,PM2.5-1HR
945,DEU_DEBE051,2024-12-05,9.16,3.29,87.58,0.02,3.68,216.8,1021.44,463.79,5.57,10.298,4100.0,0.134,PM2.5-1HR
945,DEU_DEBE056,2024-12-05,8.32,3.38,87.63,0.04,3.57,216.71,1021.95,341.92,4.51,8.814,4100.0,0.106,PM2.5-1HR
945,DEU_DEBE061,2024-12-05,11.5,3.41,85.88,0.01,3.52,214.24,1021.72,8387.49,5.52,10.228,4100.0,0.009,PM2.5-1HR
945,DEU_DEBE065,2024-12-05,14.46,3.33,86.88,0,3.51,215.1,1021.62,8360.65,6.13,11.082,4100.0,0.004,PM2.5-1HR
945,DEU_DEBE068,2024-12-05,11.62,3.33,86.88,0,3.51,215.1,1021.62,6890.16,6,10.9,4100.0,0.072,PM2.5-1HR
945,DEU_DEBE069,2024-12-05,14.17,3.41,85.88,0.01,3.52,214.24,1021.72,8162.76,5.93,10.802,4100.0,0.012,PM2.5-1HR
945,DEU_DEBE125,2024-12-05,12.32,3.41,85.88,0.01,3.52,214.24,1021.72,6333.76,6,10.9,4100.0,0.01,PM2.5-1HR
945,DEU_DEBE126,2024-12-05,12.49,3.41,85.88,0.01,3.52,214.24,1021.72,8396.04,6,10.9,4100.0,0.007,PM2.5-1HR
945,DEU_DEBE127,2024-12-05,13.1,3.41,85.88,0.01,3.52,214.24,1021.72,7613.33,6.11,11.054,4100.0,0.056,PM2.5-1HR
945,DEU_DEBE010,2024-12-06,10.17,3.91,90.54,0.39,3.46,192.73,1003.91,7297.89,7.78,13.392,4100.0,0.044,PM2.5-1HR
945,DEU_DEBE032,2024-12-06,6.19,4.28,91.17,0.5,3.58,192.56,1003.77,0,4.29,8.506,4100.0,0.861,PM2.5-1HR
945,DEU_DEBE034,2024-12-06,11.51,4.2,89.92,0.43,3.52,191.72,1003.93,8605.71,8.16,13.924,4100.0,0.331,PM2.5-1HR
945,DEU_DEBE051,2024-12-06,9.26,3.47,91.29,0.31,3.54,179,1003.88,463.79,6.67,11.838,4100.0,0.134,PM2.5-1HR
945,DEU_DEBE056,2024-12-06,7.22,3.83,90.5,0.4,3.54,189.32,1004.3,341.92,4.8,9.22,4100.0,0.106,PM2.5-1HR
945,DEU_DEBE061,2024-12-06,9.79,4.2,89.92,0.43,3.52,191.72,1003.93,8387.49,7.32,12.748,4100.0,0.009,PM2.5-1HR
945,DEU_DEBE065,2024-12-06,14.73,3.91,90.54,0.39,3.46,192.73,1003.91,8360.65,8.24,14.036,4100.0,0.004,PM2.5-1HR
945,DEU_DEBE068,2024-12-06,10.48,3.91,90.54,0.39,3.46,192.73,1003.91,6890.16,8.16,13.924,4100.0,0.072,PM2.5-1HR
945,DEU_DEBE069,2024-12-06,12.14,4.2,89.92,0.43,3.52,191.72,1003.93,8162.76,8.06,13.784,4100.0,0.012,PM2.5-1HR
945,DEU_DEBE125,2024-12-06,10.52,4.2,89.92,0.43,3.52,191.72,1003.93,6333.76,8.16,13.924,4100.0,0.01,PM2.5-1HR
945,DEU_DEBE126,2024-12-06,11.43,4.2,89.92,0.43,3.52,191.72,1003.93,8396.04,8.16,13.924,4100.0,0.007,PM2.5-1HR
945,DEU_DEBE127,2024-12-06,12.5,4.2,89.92,0.43,3.52,191.72,1003.93,7613.33,8.32,14.148,4100.0,0.056,PM2.5-1HR
945,DEU_DEBE010,2024-12-07,8.27,5.11,90.96,0.13,3.41,185.73,1005.99,7297.89,5.27,9.878,4100.0,0.044,PM2.5-1HR
945,DEU_DEBE032,2024-12-07,4.54,5.06,91.42,0.16,3.47,185.16,1005.9,0,3.37,7.218,4100.0,0.861,PM2.5-1HR
945,DEU_DEBE034,2024-12-07,8.5,5.23,90.04,0.13,3.36,185.45,1006.03,8605.71,5.38,10.032,4100.0,0.331,PM2.5-1HR
945,DEU_DEBE051,2024-12-07,6.97,4.94,92.54,0.1,3.56,183.85,1005.9,463.79,4.99,9.486,4100.0,0.134,PM2.5-1HR
945,DEU_DEBE056,2024-12-07,5.84,5.17,91.17,0.08,3.33,186.8,1006.32,341.92,3.6,7.54,4100.0,0.106,PM2.5-1HR
945,DEU_DEBE061,2024-12-07,8.21,5.23,90.04,0.13,3.36,185.45,1006.03,8387.49,4.91,9.374,4100.0,0.009,PM2.5-1HR
945,DEU_DEBE065,2024-12-07,10.76,5.11,90.96,0.13,3.41,185.73,1005.99,8360.65,5.55,10.27,4100.0,0.004,PM2.5-1HR
945,DEU_DEBE068,2024-12-07,9.04,5.11,90.96,0.13,3.41,185.73,1005.99,6890.16,5.38,10.032,4100.0,0.072,PM2.5-1HR
945,DEU_DEBE069,2024-12-07,9.4,5.23,90.04,0.13,3.36,185.45,1006.03,8162.76,5.37,10.018,4100.0,0.012,PM2.5-1HR
945,DEU_DEBE125,2024-12-07,9.06,5.23,90.04,0.13,3.36,185.45,1006.03,6333.76,5.38,10.032,4100.0,0.01,PM2.5-1HR
945,DEU_DEBE126,2024-12-07,9.85,5.23,90.04,0.13,3.36,185.45,1006.03,8396.04,5.38,10.032,4100.0,0.007,PM2.5-1HR
945,DEU_DEBE127,2024-12-07,10.25,5.23,90.04,0.13,3.36,185.45,1006.03,7613.33,5.53,10.242,4100.0,0.056,PM2.5-1HR
945,DEU_DEBE010,2024-12-08,17.32,4.06,92.5,0.07,3.19,78.63,1011.01,7297.89,11.12,18.068,4100.0,0.044,PM2.5-1HR
945,DEU_DEBE032,2024-12-08,11.4,4.13,92.79,0.05,3.15,79.52,1010.83,0,7.57,13.098,4100.0,0.861,PM2.5-1HR
945,DEU_DEBE034,2024-12-08,17.44,4.14,92.42,0.05,3.19,78.32,1010.91,8605.71,11.2,18.18,4100.0,0.331,PM2.5-1HR
945,DEU_DEBE051,2024-12-08,14.09,3.93,92.83,0.08,3.39,80.86,1011.22,463.79,7.95,13.63,4100.0,0.134,PM2.5-1HR
945,DEU_DEBE056,2024-12-08,13.64,4.02,93.29,0.07,3.19,78.17,1010.94,341.92,7.35,12.79,4100.0,0.106,PM2.5-1HR
945,DEU_DEBE061,2024-12-08,17.93,4.14,92.42,0.05,3.19,78.32,1010.91,8387.49,10.48,17.172,4100.0,0.009,PM2.5-1HR
945,DEU_DEBE065,2024-12-08,19.18,4.06,92.5,0.07,3.19,78.63,1011.01,8360.65,11.4,18.46,4100.0,0.004,PM2.5-1HR
945,DEU_DEBE068,2024-12-08,17.36,4.06,92.5,0.07,3.19,78.63,1011.01,6890.16,11.2,18.18,4100.0,0.072,PM2.5-1HR
945,DEU_DEBE069,2024-12-08,19.03,4.14,92.42,0.05,3.19,78.32,1010.91,8162.76,11.24,18.236,4100.0,0.012,PM2.5-1HR
945,DEU_DEBE125,2024-12-08,17.58,4.14,92.42,0.05,3.19,78.32,1010.91,6333.76,11.2,18.18,4100.0,0.01,PM2.5-1HR
945,DEU_DEBE126,2024-12-08,18.52,4.14,92.42,0.05,3.19,78.32,1010.91,8396.04,11.2,18.18,4100.0,0.007,PM2.5-1HR
945,DEU_DEBE127,2024-12-08,18.6,4.14,92.42,0.05,3.19,78.32,1010.91,7613.33,11.32,18.348,4100.0,0.056,PM2.5-1HR
945,DEU_DEBE010,2024-12-09,10.68,3.24,92.29,0.09,3.42,38.38,1023.95,7297.89,4.44,8.716,4100.0,0.044,PM2.5-1HR
945,DEU_DEBE032,2024-12-09,7.53,3.4,91.63,0.09,3.41,39.47,1023.88,0,3.44,7.316,4100.0,0.861,PM2.5-1HR
945,DEU_DEBE034,2024-12-09,10.81,3.27,91.83,0.08,3.39,38.83,1023.83,8605.71,4.72,9.108,4100.0,0.331,PM2.5-1HR
945,DEU_DEBE051,2024-12-09,8.33,3.23,92.58,0.1,3.93,41.97,1024.13,463.79,2.33,5.762,4100.0,0.134,PM2.5-1HR
945,DEU_DEBE056,2024-12-09,8.65,3.23,92.71,0.04,3.57,39.5,1023.65,341.92,2.54,6.056,4100.0,0.106,PM2.5-1HR
945,DEU_DEBE061,2024-12-09,11.39,3.27,91.83,0.08,3.39,38.83,1023.83,8387.49,4.45,8.73,4100.0,0.009,PM2.5-1HR
945,DEU_DEBE065,2024-12-09,13.43,3.24,92.29,0.09,3.42,38.38,1023.95,8360.65,4.65,9.01,4100.0,0.004,PM2.5-1HR
945,DEU_DEBE068,2024-12-09,10.77,3.24,92.29,0.09,3.42,38.38,1023.95,6890.16,4.72,9.108,4100.0,0.072,PM2.5-1HR
945,DEU_DEBE069,2024-12-09,12.86,3.27,91.83,0.08,3.39,38.83,1023.83,8162.76,4.9,9.36,4100.0,0.012,PM2.5-1HR
945,DEU_DEBE125,2024-12-09,11.53,3.27,91.83,0.08,3.39,38.83,1023.83,6333.76,4.72,9.108,4100.0,0.01,PM2.5-1HR
945,DEU_DEBE126,2024-12-09,12.35,3.27,91.83,0.08,3.39,38.83,1023.83,8396.04,4.72,9.108,4100.0,0.007,PM2.5-1HR
945,DEU_DEBE127,2024-12-09,12.55,3.27,91.83,0.08,3.39,38.83,1023.83,7613.33,4.88,9.332,4100.0,0.056,PM2.5-1HR
945,DEU_DEBE010,2024-12-10,12.66,2.88,85.71,0,2.92,50.44,1030.55,7297.89,8.28,14.092,4100.0,0.044,PM2.5-1HR
945,DEU_DEBE032,2024-12-10,7.98,3.11,85.04,0,2.92,52.15,1030.48,0,5.53,10.242,4100.0,0.861,PM2.5-1HR
945,DEU_DEBE034,2024-12-10,15.87,2.95,85.92,0.01,2.82,50.93,1030.47,8605.71,8.24,14.036,4100.0,0.331,PM2.5-1HR
945,DEU_DEBE051,2024-12-10,9.53,3,82.17,0,3.39,53.64,1030.71,463.79,6.19,11.166,4100.0,0.134,PM2.5-1HR
945,DEU_DEBE056,2024-12-10,8.19,2.91,84.96,0,3.11,55.28,1030.35,341.92,3.93,8.002,4100.0,0.106,PM2.5-1HR
945,DEU_DEBE061,2024-12-10,13.23,2.95,85.92,0.01,2.82,50.93,1030.47,8387.49,7.77,13.378,4100.0,0.009,PM2.5-1HR
945,DEU_DEBE065,2024-12-10,14.13,2.88,85.71,0,2.92,50.44,1030.55,8360.65,8.49,14.386,4100.0,0.004,PM2.5-1HR
945,DEU_DEBE068,2024-12-10,12.16,2.88,85.71,0,2.92,50.44,1030.55,6890.16,8.24,14.036,4100.0,0.072,PM2.5-1HR
945,DEU_DEBE069,2024-12-10,13.56,2.95,85.92,0.01,2.82,50.93,1030.47,8162.76,8.29,14.106,4100.0,0.012,PM2.5-1HR
945,DEU_DEBE125,2024-12-10,12.85,2.95,85.92,0.01,2.82,50.93,1030.47,6333.76,8.24,14.036,4100.0,0.01,PM2.5-1HR
945,DEU_DEBE126,2024-12-10,15.24,2.95,85.92,0.01,2.82,50.93,1030.47,8396.04,8.24,14.036,4100.0,0.007,PM2.5-1HR
945,DEU_DEBE127,2024-12-10,13.95,2.95,85.92,0.01,2.82,50.93,1030.47,7613.33,8.27,14.078,4100.0,0.056,PM2.5-1HR
945,DEU_DEBE010,2024-12-11,11.28,2.08,85.58,0,1.36,326.39,1030.58,7297.89,7.81,13.434,4100.0,0.044,PM2.5-1HR
945,DEU_DEBE032,2024-12-11,7.05,2.22,84.63,0,1.43,332.05,1030.65,0,5.21,9.794,4100.0,0.861,PM2.5-1HR
945,DEU_DEBE034,2024-12-11,12.45,2.13,85.33,0,1.32,328.1,1030.61,8605.71,8.56,14.484,4100.0,0.331,PM2.5-1HR
945,DEU_DEBE051,2024-12-11,8.73,2.2,82.25,0,1.6,329.95,1030.55,463.79,4.63,8.982,4100.0,0.134,PM2.5-1HR
945,DEU_DEBE056,2024-12-11,9.78,2.28,85.75,0,1.37,329.59,1030.48,341.92,5.78,10.592,4100.0,0.106,PM2.5-1HR
945,DEU_DEBE061,2024-12-11,11.65,2.13,85.33,0,1.32,328.1,1030.61,8387.49,8.02,13.728,4100.0,0.009,PM2.5-1HR
945,DEU_DEBE065,2024-12-11,14.62,2.08,85.58,0,1.36,326.39,1030.58,8360.65,8.33,14.162,4100.0,0.004,PM2.5-1HR
945,DEU_DEBE068,2024-12-11,12.33,2.08,85.58,0,1.36,326.39,1030.58,6890.16,8.56,14.484,4100.0,0.072,PM2.5-1HR
945,DEU_DEBE069,2024-12-11,16.01,2.13,85.33,0,1.32,328.1,1030.61,8162.76,8.86,14.904,4100.0,0.012,PM2.5-1HR
945,DEU_DEBE125,2024-12-11,12.62,2.13,85.33,0,1.32,328.1,1030.61,6333.76,8.56,14.484,4100.0,0.01,PM2.5-1HR
945,DEU_DEBE126,2024-12-11,13.7,2.13,85.33,0,1.32,328.1,1030.61,8396.04,8.56,14.484,4100.0,0.007,PM2.5-1HR
945,DEU_DEBE127,2024-12-11,14.76,2.13,85.33,0,1.32,328.1,1030.61,7613.33,8.84,14.876,4100.0,0.056,PM2.5-1HR
945,DEU_DEBE010,2024-12-12,15.39,1.39,88.46,0,0.48,193.5,1032.11,7297.89,14.17,22.338,4100.0,0.044,PM2.5-1HR
945,DEU_DEBE127,2024-12-12,19.78,1.51,88.04,0,0.55,227.31,1032.12,7613.33,14.87,23.318,4100.0,0.056,PM2.5-1HR
945,DEU_DEBE032,2024-12-12,9.16,1.68,87.79,0,0.77,286.98,1032.09,0,10.3,16.92,4100.0,0.861,PM2.5-1HR
945,DEU_DEBE034,2024-12-12,17.23,1.51,88.04,0,0.55,227.31,1032.12,8605.71,14.54,22.856,4100.0,0.331,PM2.5-1HR
945,DEU_DEBE051,2024-12-12,12.78,1.43,84.46,0,0.45,235.67,1032.08,463.79,9.62,15.968,4100.0,0.134,PM2.5-1HR
945,DEU_DEBE056,2024-12-12,13.26,1.66,86.71,0,0.78,289.38,1032.11,341.92,11.42,18.488,4100.0,0.106,PM2.5-1HR
945,DEU_DEBE061,2024-12-12,16.46,1.51,88.04,0,0.55,227.31,1032.12,8387.49,13.61,21.554,4100.0,0.009,PM2.5-1HR
945,DEU_DEBE065,2024-12-12,19.03,1.39,88.46,0,0.48,193.5,1032.11,8360.65,14.44,22.716,4100.0,0.004,PM2.5-1HR
945,DEU_DEBE068,2024-12-12,17.04,1.39,88.46,0,0.48,193.5,1032.11,6890.16,14.54,22.856,4100.0,0.072,PM2.5-1HR
945,DEU_DEBE069,2024-12-12,21.58,1.51,88.04,0,0.55,227.31,1032.12,8162.76,14.75,23.15,4100.0,0.012,PM2.5-1HR
945,DEU_DEBE125,2024-12-12,17.6,1.51,88.04,0,0.55,227.31,1032.12,6333.76,14.54,22.856,4100.0,0.01,PM2.5-1HR
945,DEU_DEBE126,2024-12-12,18.48,1.51,88.04,0,0.55,227.31,1032.12,8396.04,14.54,22.856,4100.0,0.007,PM2.5-1HR
945,DEU_DEBE010,2024-12-13,14.22,0.98,85.67,0,2.14,121.02,1031.58,7297.89,10.64,17.396,4100.0,0.044,PM2.5-1HR
945,DEU_DEBE032,2024-12-13,9.43,0.99,85.04,0,2.28,124.29,1031.48,0,8.82,14.848,4100.0,0.861,PM2.5-1HR
945,DEU_DEBE034,2024-12-13,14.9,0.98,85,0,2.15,126.82,1031.56,8605.71,11.06,17.984,4100.0,0.331,PM2.5-1HR
945,DEU_DEBE051,2024-12-13,10.26,1.03,85.29,0,2.24,127.4,1031.63,463.79,7.19,12.566,4100.0,0.134,PM2.5-1HR
945,DEU_DEBE056,2024-12-13,10.58,1.14,85.67,0,2.24,123.78,1031.69,341.92,7.38,12.832,4100.0,0.106,PM2.5-1HR
945,DEU_DEBE061,2024-12-13,16.08,0.98,85,0,2.15,126.82,1031.56,8387.49,10.43,17.102,4100.0,0.009,PM2.5-1HR
945,DEU_DEBE065,2024-12-13,17.58,0.98,85.67,0,2.14,121.02,1031.58,8360.65,10.93,17.802,4100.0,0.004,PM2.5-1HR
945,DEU_DEBE068,2024-12-13,15.47,0.98,85.67,0,2.14,121.02,1031.58,6890.16,11.06,17.984,4100.0,0.072,PM2.5-1HR
945,DEU_DEBE069,2024-12-13,17.52,0.98,85,0,2.15,126.82,1031.56,8162.76,11.11,18.054,4100.0,0.012,PM2.5-1HR
945,DEU_DEBE125,2024-12-13,15.64,0.98,85,0,2.15,126.82,1031.56,6333.76,11.06,17.984,4100.0,0.01,PM2.5-1HR
945,DEU_DEBE126,2024-12-13,16.16,0.98,85,0,2.15,126.82,1031.56,8396.04,11.06,17.984,4100.0,0.007,PM2.5-1HR
945,DEU_DEBE127,2024-12-13,17.73,0.98,85,0,2.15,126.82,1031.56,7613.33,11.27,18.278,4100.0,0.056,PM2.5-1HR
945,DEU_DEBE010,2024-12-14,19.82,-0.11,90.42,0.06,3.69,238.92,1016.88,7297.89,16.29,25.306,4100.0,0.044,PM2.5-1HR
945,DEU_DEBE032,2024-12-14,13.71,0.06,90.42,0.06,3.71,239.69,1017.04,0,13.7,21.68,4100.0,0.861,PM2.5-1HR
945,DEU_DEBE034,2024-12-14,21.09,0,89.58,0.06,3.65,239.14,1017,8605.71,16.99,26.286,4100.0,0.331,PM2.5-1HR
945,DEU_DEBE051,2024-12-14,16.82,-0.24,91.21,0.05,4.01,236.63,1016.61,463.79,12.03,19.342,4100.0,0.134,PM2.5-1HR
945,DEU_DEBE056,2024-12-14,15.98,-0.03,90.08,0.06,3.88,236.98,1017.07,341.92,12.27,19.678,4100.0,0.106,PM2.5-1HR
945,DEU_DEBE061,2024-12-14,21.24,0,89.58,0.06,3.65,239.14,1017,8387.49,16.07,24.998,4100.0,0.009,PM2.5-1HR
945,DEU_DEBE065,2024-12-14,24.04,-0.11,90.42,0.06,3.69,238.92,1016.88,8360.65,16.52,25.628,4100.0,0.004,PM2.5-1HR
945,DEU_DEBE068,2024-12-14,21.01,-0.11,90.42,0.06,3.69,238.92,1016.88,6890.16,16.99,26.286,4100.0,0.072,PM2.5-1HR
945,DEU_DEBE069,2024-12-14,29.73,0,89.58,0.06,3.65,239.14,1017,8162.76,17.12,26.468,4100.0,0.012,PM2.5-1HR
945,DEU_DEBE125,2024-12-14,21.26,0,89.58,0.06,3.65,239.14,1017,6333.76,16.99,26.286,4100.0,0.01,PM2.5-1HR
945,DEU_DEBE126,2024-12-14,21.2,0,89.58,0.06,3.65,239.14,1017,8396.04,16.99,26.286,4100.0,0.007,PM2.5-1HR
945,DEU_DEBE127,2024-12-14,22.84,0,89.58,0.06,3.65,239.14,1017,7613.33,17.32,26.748,4100.0,0.056,PM2.5-1HR
945,DEU_DEBE010,2024-12-15,8.85,5.06,92.63,0.13,5.6,263.6,1017.87,7297.89,6.29,11.306,4100.0,0.044,PM2.5-1HR
945,DEU_DEBE032,2024-12-15,5.77,5.13,92.29,0.1,5.69,264.61,1018.21,0,4.63,8.982,4100.0,0.861,PM2.5-1HR
945,DEU_DEBE034,2024-12-15,9.7,5.13,91.92,0.11,5.48,264.27,1018.08,8605.71,7.26,12.664,4100.0,0.331,PM2.5-1HR
945,DEU_DEBE051,2024-12-15,6.76,4.83,95.67,0.23,5.82,263.9,1017.48,463.79,4.42,8.688,4100.0,0.134,PM2.5-1HR
945,DEU_DEBE056,2024-12-15,6.89,4.96,92.33,0.12,5.66,262.24,1018,341.92,4.49,8.786,4100.0,0.106,PM2.5-1HR
945,DEU_DEBE061,2024-12-15,9.52,5.13,91.92,0.11,5.48,264.27,1018.08,8387.49,6.83,12.062,4100.0,0.009,PM2.5-1HR
945,DEU_DEBE065,2024-12-15,11.51,5.06,92.63,0.13,5.6,263.6,1017.87,8360.65,6.39,11.446,4100.0,0.004,PM2.5-1HR
945,DEU_DEBE068,2024-12-15,9.55,5.06,92.63,0.13,5.6,263.6,1017.87,6890.16,7.26,12.664,4100.0,0.072,PM2.5-1HR
945,DEU_DEBE069,2024-12-15,21.12,5.13,91.92,0.11,5.48,264.27,1018.08,8162.76,7.48,12.972,4100.0,0.012,PM2.5-1HR
945,DEU_DEBE125,2024-12-15,9.69,5.13,91.92,0.11,5.48,264.27,1018.08,6333.76,7.26,12.664,4100.0,0.01,PM2.5-1HR
945,DEU_DEBE126,2024-12-15,9.45,5.13,91.92,0.11,5.48,264.27,1018.08,8396.04,7.26,12.664,4100.0,0.007,PM2.5-1HR
945,DEU_DEBE127,2024-12-15,10.8,5.13,91.92,0.11,5.48,264.27,1018.08,7613.33,7.45,12.93,4100.0,0.056,PM2.5-1HR
945,DEU_DEBE010,2024-12-16,3.49,9.64,87.71,0.05,6.98,261.54,1020.7,7297.89,3.04,6.756,4100.0,0.044,PM2.5-1HR
945,DEU_DEBE032,2024-12-16,2.34,9.74,86.5,0.05,7.16,262.79,1021.21,0,1.86,5.104,4100.0,0.861,PM2.5-1HR
945,DEU_DEBE034,2024-12-16,4.32,9.74,86.79,0.05,6.97,262.5,1020.98,8605.71,3.57,7.498,4100.0,0.331,PM2.5-1HR
945,DEU_DEBE051,2024-12-16,2.94,9.52,89.63,0.05,7.31,260.38,1020.14,463.79,2.18,5.552,4100.0,0.134,PM2.5-1HR
945,DEU_DEBE056,2024-12-16,2.78,9.71,86.25,0.05,7.02,260.58,1020.87,341.92,1.94,5.216,4100.0,0.106,PM2.5-1HR
945,DEU_DEBE061,2024-12-16,3.34,9.74,86.79,0.05,6.97,262.5,1020.98,8387.49,3.28,7.092,4100.0,0.009,PM2.5-1HR
945,DEU_DEBE065,2024-12-16,5.51,9.64,87.71,0.05,6.98,261.54,1020.7,8360.65,3.28,7.092,4100.0,0.004,PM2.5-1HR
945,DEU_DEBE068,2024-12-16,3.82,9.64,87.71,0.05,6.98,261.54,1020.7,6890.16,3.57,7.498,4100.0,0.072,PM2.5-1HR
945,DEU_DEBE069,2024-12-16,11.77,9.74,86.79,0.05,6.97,262.5,1020.98,8162.76,3.66,7.624,4100.0,0.012,PM2.5-1HR
945,DEU_DEBE125,2024-12-16,4.53,9.74,86.79,0.05,6.97,262.5,1020.98,6333.76,3.57,7.498,4100.0,0.01,PM2.5-1HR
945,DEU_DEBE126,2024-12-16,4.55,9.74,86.79,0.05,6.97,262.5,1020.98,8396.04,3.57,7.498,4100.0,0.007,PM2.5-1HR
945,DEU_DEBE127,2024-12-16,5.19,9.74,86.79,0.05,6.97,262.5,1020.98,7613.33,3.73,7.722,4100.0,0.056,PM2.5-1HR
945,DEU_DEBE010,2024-12-17,8.25,8.72,82.79,0.01,5.28,260.48,1023.27,7297.89,3.71,7.694,4100.0,0.044,PM2.5-1HR
945,DEU_DEBE032,2024-12-17,4.76,8.78,81.25,0.01,5.35,261.65,1023.63,0,2.61,6.154,4100.0,0.861,PM2.5-1HR
945,DEU_DEBE034,2024-12-17,9.16,8.76,82.21,0.01,5.14,261.18,1023.48,8605.71,4.15,8.31,4100.0,0.331,PM2.5-1HR
945,DEU_DEBE051,2024-12-17,6.4,8.78,81.33,0.01,5.81,260.65,1022.85,463.79,2.77,6.378,4100.0,0.134,PM2.5-1HR
945,DEU_DEBE056,2024-12-17,6.24,8.86,80.79,0.01,5.4,260.47,1023.4,341.92,2.45,5.93,4100.0,0.106,PM2.5-1HR
945,DEU_DEBE061,2024-12-17,8.07,8.76,82.21,0.01,5.14,261.18,1023.48,8387.49,3.84,7.876,4100.0,0.009,PM2.5-1HR
945,DEU_DEBE065,2024-12-17,10.48,8.72,82.79,0.01,5.28,260.48,1023.27,8360.65,3.86,7.904,4100.0,0.004,PM2.5-1HR
945,DEU_DEBE068,2024-12-17,9.23,8.72,82.79,0.01,5.28,260.48,1023.27,6890.16,4.15,8.31,4100.0,0.072,PM2.5-1HR
945,DEU_DEBE069,2024-12-17,15.3,8.76,82.21,0.01,5.14,261.18,1023.48,8162.76,4.14,8.296,4100.0,0.012,PM2.5-1HR
945,DEU_DEBE125,2024-12-17,9.32,8.76,82.21,0.01,5.14,261.18,1023.48,6333.76,4.15,8.31,4100.0,0.01,PM2.5-1HR
945,DEU_DEBE126,2024-12-17,8.83,8.76,82.21,0.01,5.14,261.18,1023.48,8396.04,4.15,8.31,4100.0,0.007,PM2.5-1HR
945,DEU_DEBE127,2024-12-17,10.01,8.76,82.21,0.01,5.14,261.18,1023.48,7613.33,4.24,8.436,4100.0,0.056,PM2.5-1HR
945,DEU_DEBE010,2024-12-18,6.99,8.16,79.83,0.03,4.44,215.45,1014.5,7297.89,5.81,10.634,4100.0,0.044,PM2.5-1HR
945,DEU_DEBE032,2024-12-18,4.14,8.28,78.75,0.03,4.37,210.9,1014.58,0,4.58,8.912,4100.0,0.861,PM2.5-1HR
945,DEU_DEBE034,2024-12-18,8.46,8.18,79.71,0.02,4.42,214.3,1014.65,8605.71,6.02,10.928,4100.0,0.331,PM2.5-1HR
945,DEU_DEBE051,2024-12-18,5.92,8.22,78.92,0.02,4.83,213.38,1014.18,463.79,4.19,8.366,4100.0,0.134,PM2.5-1HR
945,DEU_DEBE056,2024-12-18,5.14,8.21,78.75,0.02,4.55,215.05,1014.96,341.92,3.98,8.072,4100.0,0.106,PM2.5-1HR
945,DEU_DEBE061,2024-12-18,7.39,8.18,79.71,0.02,4.42,214.3,1014.65,8387.49,5.63,10.382,4100.0,0.009,PM2.5-1HR
945,DEU_DEBE065,2024-12-18,10.01,8.16,79.83,0.03,4.44,215.45,1014.5,8360.65,5.95,10.83,4100.0,0.004,PM2.5-1HR
945,DEU_DEBE068,2024-12-18,8.13,8.16,79.83,0.03,4.44,215.45,1014.5,6890.16,6.02,10.928,4100.0,0.072,PM2.5-1HR
945,DEU_DEBE069,2024-12-18,9.33,8.18,79.71,0.02,4.42,214.3,1014.65,8162.76,6.08,11.012,4100.0,0.012,PM2.5-1HR
945,DEU_DEBE125,2024-12-18,8.32,8.18,79.71,0.02,4.42,214.3,1014.65,6333.76,6.02,10.928,4100.0,0.01,PM2.5-1HR
945,DEU_DEBE126,2024-12-18,8.5,8.18,79.71,0.02,4.42,214.3,1014.65,8396.04,6.02,10.928,4100.0,0.007,PM2.5-1HR
945,DEU_DEBE127,2024-12-18,8.83,8.18,79.71,0.02,4.42,214.3,1014.65,7613.33,6.18,11.152,4100.0,0.056,PM2.5-1HR
945,DEU_DEBE010,2024-12-19,4.26,10.35,81.79,0.18,5.55,228.03,998.5,7297.89,3.48,7.372,4100.0,0.044,PM2.5-1HR
945,DEU_DEBE032,2024-12-19,2.67,10.38,81.42,0.18,5.61,227.26,998.64,0,2.37,5.818,4100.0,0.861,PM2.5-1HR
945,DEU_DEBE034,2024-12-19,5.06,10.41,81.5,0.17,5.51,228.1,998.68,8605.71,3.71,7.694,4100.0,0.331,PM2.5-1HR
945,DEU_DEBE051,2024-12-19,3.46,10.31,81.71,0.19,5.99,228.32,998.13,463.79,2.26,5.664,4100.0,0.134,PM2.5-1HR
945,DEU_DEBE056,2024-12-19,3.02,10.42,81.46,0.13,5.72,226.95,998.96,341.92,2,5.3,4100.0,0.106,PM2.5-1HR
945,DEU_DEBE061,2024-12-19,4.79,10.41,81.5,0.17,5.51,228.1,998.68,8387.49,3.44,7.316,4100.0,0.009,PM2.5-1HR
945,DEU_DEBE065,2024-12-19,6.03,10.35,81.79,0.18,5.55,228.03,998.5,8360.65,3.69,7.666,4100.0,0.004,PM2.5-1HR
945,DEU_DEBE068,2024-12-19,4.61,10.35,81.79,0.18,5.55,228.03,998.5,6890.16,3.71,7.694,4100.0,0.072,PM2.5-1HR
945,DEU_DEBE069,2024-12-19,6.11,10.41,81.5,0.17,5.51,228.1,998.68,8162.76,3.8,7.82,4100.0,0.012,PM2.5-1HR
945,DEU_DEBE125,2024-12-19,5.22,10.41,81.5,0.17,5.51,228.1,998.68,6333.76,3.71,7.694,4100.0,0.01,PM2.5-1HR
945,DEU_DEBE126,2024-12-19,5.36,10.41,81.5,0.17,5.51,228.1,998.68,8396.04,3.71,7.694,4100.0,0.007,PM2.5-1HR
945,DEU_DEBE127,2024-12-19,5.57,10.41,81.5,0.17,5.51,228.1,998.68,7613.33,3.87,7.918,4100.0,0.056,PM2.5-1HR
945,DEU_DEBE010,2024-12-20,6.11,4.78,79.46,0.01,5.25,266.48,1010.41,7297.89,4.66,9.024,4100.0,0.044,PM2.5-1HR
945,DEU_DEBE032,2024-12-20,3.53,4.96,78.5,0,5.47,266.85,1010.78,0,3.44,7.316,4100.0,0.861,PM2.5-1HR
945,DEU_DEBE034,2024-12-20,7.9,4.88,79,0.02,5.2,266.64,1010.6,8605.71,4.78,9.192,4100.0,0.331,PM2.5-1HR
945,DEU_DEBE051,2024-12-20,5.34,4.76,77.38,0,5.85,266.41,1010,463.79,3.63,7.582,4100.0,0.134,PM2.5-1HR
945,DEU_DEBE056,2024-12-20,5.14,5.01,78.96,0,5.39,265.26,1010.52,341.92,3.27,7.078,4100.0,0.106,PM2.5-1HR
945,DEU_DEBE061,2024-12-20,6.37,4.88,79,0.02,5.2,266.64,1010.6,8387.49,4.45,8.73,4100.0,0.009,PM2.5-1HR
945,DEU_DEBE065,2024-12-20,8.55,4.78,79.46,0.01,5.25,266.48,1010.41,8360.65,4.79,9.206,4100.0,0.004,PM2.5-1HR
945,DEU_DEBE068,2024-12-20,7.1,4.78,79.46,0.01,5.25,266.48,1010.41,6890.16,4.78,9.192,4100.0,0.072,PM2.5-1HR
945,DEU_DEBE069,2024-12-20,8.41,4.88,79,0.02,5.2,266.64,1010.6,8162.76,4.76,9.164,4100.0,0.012,PM2.5-1HR
945,DEU_DEBE125,2024-12-20,7.87,4.88,79,0.02,5.2,266.64,1010.6,6333.76,4.78,9.192,4100.0,0.01,PM2.5-1HR
945,DEU_DEBE126,2024-12-20,7.4,4.88,79,0.02,5.2,266.64,1010.6,8396.04,4.78,9.192,4100.0,0.007,PM2.5-1HR
945,DEU_DEBE127,2024-12-20,8.95,4.88,79,0.02,5.2,266.64,1010.6,7613.33,4.87,9.318,4100.0,0.056,PM2.5-1HR
945,DEU_DEBE010,2024-12-21,6.19,4.57,82.96,0.07,4.73,219.53,1012.15,7297.89,4.7,9.08,4100.0,0.044,PM2.5-1HR
945,DEU_DEBE032,2024-12-21,3.3,4.81,82,0.06,4.86,218.94,1012.25,0,2.95,6.63,4100.0,0.861,PM2.5-1HR
945,DEU_DEBE034,2024-12-21,8.41,4.62,82.25,0.07,4.72,219.78,1012.34,8605.71,4.68,9.052,4100.0,0.331,PM2.5-1HR
945,DEU_DEBE051,2024-12-21,5.26,4.66,81.96,0.05,5.22,218.82,1011.78,463.79,3.27,7.078,4100.0,0.134,PM2.5-1HR
945,DEU_DEBE056,2024-12-21,4.39,4.54,82.04,0.05,4.97,221.66,1012.7,341.92,2.59,6.126,4100.0,0.106,PM2.5-1HR
945,DEU_DEBE061,2024-12-21,6.31,4.62,82.25,0.07,4.72,219.78,1012.34,8387.49,4.31,8.534,4100.0,0.009,PM2.5-1HR
945,DEU_DEBE065,2024-12-21,8.78,4.57,82.96,0.07,4.73,219.53,1012.15,8360.65,4.86,9.304,4100.0,0.004,PM2.5-1HR
945,DEU_DEBE068,2024-12-21,6.94,4.57,82.96,0.07,4.73,219.53,1012.15,6890.16,4.68,9.052,4100.0,0.072,PM2.5-1HR
945,DEU_DEBE069,2024-12-21,7.69,4.62,82.25,0.07,4.72,219.78,1012.34,8162.76,4.62,8.968,4100.0,0.012,PM2.5-1HR
945,DEU_DEBE125,2024-12-21,6.95,4.62,82.25,0.07,4.72,219.78,1012.34,6333.76,4.68,9.052,4100.0,0.01,PM2.5-1HR
945,DEU_DEBE126,2024-12-21,7.51,4.62,82.25,0.07,4.72,219.78,1012.34,8396.04,4.68,9.052,4100.0,0.007,PM2.5-1HR
945,DEU_DEBE127,2024-12-21,7.63,4.62,82.25,0.07,4.72,219.78,1012.34,7613.33,4.76,9.164,4100.0,0.056,PM2.5-1HR
945,DEU_DEBE010,2024-12-22,3.83,5.34,88.46,0.15,4.46,240.68,996.2,7297.89,2.49,5.986,4100.0,0.044,PM2.5-1HR
945,DEU_DEBE032,2024-12-22,2.38,5.42,88.46,0.13,4.51,241.31,996.31,0,1.82,5.048,4100.0,0.861,PM2.5-1HR
945,DEU_DEBE034,2024-12-22,6.41,5.45,88.04,0.15,4.44,239.94,996.35,8605.71,2.59,6.126,4100.0,0.331,PM2.5-1HR
945,DEU_DEBE051,2024-12-22,3.55,5.1,90.5,0.17,4.74,237.8,995.9,463.79,2.02,5.328,4100.0,0.134,PM2.5-1HR
945,DEU_DEBE056,2024-12-22,3.07,5.31,90.04,0.16,4.55,235.53,996.57,341.92,1.65,4.81,4100.0,0.106,PM2.5-1HR
945,DEU_DEBE061,2024-12-22,4.47,5.45,88.04,0.15,4.44,239.94,996.35,8387.49,2.42,5.888,4100.0,0.009,PM2.5-1HR
945,DEU_DEBE065,2024-12-22,6.49,5.34,88.46,0.15,4.46,240.68,996.2,8360.65,2.63,6.182,4100.0,0.004,PM2.5-1HR
945,DEU_DEBE068,2024-12-22,4.6,5.34,88.46,0.15,4.46,240.68,996.2,6890.16,2.59,6.126,4100.0,0.072,PM2.5-1HR
945,DEU_DEBE069,2024-12-22,5.7,5.45,88.04,0.15,4.44,239.94,996.35,8162.76,2.59,6.126,4100.0,0.012,PM2.5-1HR
945,DEU_DEBE125,2024-12-22,4.91,5.45,88.04,0.15,4.44,239.94,996.35,6333.76,2.59,6.126,4100.0,0.01,PM2.5-1HR
945,DEU_DEBE126,2024-12-22,5.33,5.45,88.04,0.15,4.44,239.94,996.35,8396.04,2.59,6.126,4100.0,0.007,PM2.5-1HR
945,DEU_DEBE127,2024-12-22,5.84,5.45,88.04,0.15,4.44,239.94,996.35,7613.33,2.67,6.238,4100.0,0.056,PM2.5-1HR
945,DEU_DEBE010,2024-12-23,6.47,3.19,88.88,0.08,4.09,250.32,1005.13,7297.89,4.71,9.094,4100.0,0.044,PM2.5-1HR
945,DEU_DEBE032,2024-12-23,3.58,3.23,89.42,0.07,4.34,251.87,1005.35,0,3.48,7.372,4100.0,0.861,PM2.5-1HR
945,DEU_DEBE034,2024-12-23,7.96,3.17,88.54,0.12,4.03,249.7,1005.31,8605.71,4.88,9.332,4100.0,0.331,PM2.5-1HR
945,DEU_DEBE051,2024-12-23,5.22,3.07,89.71,0.18,4.53,249.19,1004.78,463.79,3.32,7.148,4100.0,0.134,PM2.5-1HR
945,DEU_DEBE056,2024-12-23,4.92,3.24,87.79,0.14,4.26,245.97,1005.37,341.92,3.48,7.372,4100.0,0.106,PM2.5-1HR
945,DEU_DEBE061,2024-12-23,7.74,3.17,88.54,0.12,4.03,249.7,1005.31,8387.49,4.49,8.786,4100.0,0.009,PM2.5-1HR
945,DEU_DEBE065,2024-12-23,8.82,3.19,88.88,0.08,4.09,250.32,1005.13,8360.65,4.79,9.206,4100.0,0.004,PM2.5-1HR
945,DEU_DEBE068,2024-12-23,7.34,3.19,88.88,0.08,4.09,250.32,1005.13,6890.16,4.88,9.332,4100.0,0.072,PM2.5-1HR
945,DEU_DEBE069,2024-12-23,8.94,3.17,88.54,0.12,4.03,249.7,1005.31,8162.76,4.87,9.318,4100.0,0.012,PM2.5-1HR
945,DEU_DEBE125,2024-12-23,7.73,3.17,88.54,0.12,4.03,249.7,1005.31,6333.76,4.88,9.332,4100.0,0.01,PM2.5-1HR
945,DEU_DEBE126,2024-12-23,7.68,3.17,88.54,0.12,4.03,249.7,1005.31,8396.04,4.88,9.332,4100.0,0.007,PM2.5-1HR
945,DEU_DEBE127,2024-12-23,8.9,3.17,88.54,0.12,4.03,249.7,1005.31,7613.33,4.98,9.472,4100.0,0.056,PM2.5-1HR
945,DEU_DEBE010,2024-12-24,6.99,3.28,86.79,0,2.95,267.18,1023.31,7297.89,4.54,8.856,4100.0,0.044,PM2.5-1HR
945,DEU_DEBE032,2024-12-24,4.15,3.1,86.04,0,2.89,268.36,1023.53,0,3.38,7.232,4100.0,0.861,PM2.5-1HR
945,DEU_DEBE034,2024-12-24,9.61,3.16,86.58,0,2.87,266.65,1023.42,8605.71,4.84,9.276,4100.0,0.331,PM2.5-1HR
945,DEU_DEBE051,2024-12-24,6.26,3.39,86.13,0.01,2.96,268.5,1023.13,463.79,3.54,7.456,4100.0,0.134,PM2.5-1HR
945,DEU_DEBE056,2024-12-24,5.4,3.4,87.25,0,3.1,268.89,1023.25,341.92,3.94,8.016,4100.0,0.106,PM2.5-1HR
945,DEU_DEBE061,2024-12-24,8.59,3.16,86.58,0,2.87,266.65,1023.42,8387.49,4.54,8.856,4100.0,0.009,PM2.5-1HR
945,DEU_DEBE065,2024-12-24,9.07,3.28,86.79,0,2.95,267.18,1023.31,8360.65,4.78,9.192,4100.0,0.004,PM2.5-1HR
945,DEU_DEBE068,2024-12-24,8.83,3.28,86.79,0,2.95,267.18,1023.31,6890.16,4.84,9.276,4100.0,0.072,PM2.5-1HR
945,DEU_DEBE069,2024-12-24,9.48,3.16,86.58,0,2.87,266.65,1023.42,8162.76,4.88,9.332,4100.0,0.012,PM2.5-1HR
945,DEU_DEBE125,2024-12-24,7.61,3.16,86.58,0,2.87,266.65,1023.42,6333.76,4.84,9.276,4100.0,0.01,PM2.5-1HR
945,DEU_DEBE126,2024-12-24,8.37,3.16,86.58,0,2.87,266.65,1023.42,8396.04,4.84,9.276,4100.0,0.007,PM2.5-1HR
945,DEU_DEBE127,2024-12-24,9.99,3.16,86.58,0,2.87,266.65,1023.42,7613.33,4.95,9.43,4100.0,0.056,PM2.5-1HR
945,DEU_DEBE010,2024-12-25,14.46,2.48,93.38,0.01,2.1,192.62,1034.49,7297.89,11.75,18.95,4100.0,0.044,PM2.5-1HR
945,DEU_DEBE032,2024-12-25,8.29,2.73,93.29,0.01,2.02,186.91,1034.45,0,8.48,14.372,4100.0,0.861,PM2.5-1HR
945,DEU_DEBE034,2024-12-25,17.32,2.51,93,0.01,2.07,193.36,1034.54,8605.71,11.76,18.964,4100.0,0.331,PM2.5-1HR
945,DEU_DEBE051,2024-12-25,12.99,2.44,93.79,0.02,2.46,192.36,1034.35,463.79,9.84,16.276,4100.0,0.134,PM2.5-1HR
945,DEU_DEBE056,2024-12-25,9.65,2.7,92.21,0,2.23,201.61,1034.69,341.92,8.29,14.106,4100.0,0.106,PM2.5-1HR
945,DEU_DEBE061,2024-12-25,15.08,2.51,93,0.01,2.07,193.36,1034.54,8387.49,10.88,17.732,4100.0,0.009,PM2.5-1HR
945,DEU_DEBE065,2024-12-25,17.2,2.48,93.38,0.01,2.1,192.62,1034.49,8360.65,11.79,19.006,4100.0,0.004,PM2.5-1HR
945,DEU_DEBE068,2024-12-25,15.05,2.48,93.38,0.01,2.1,192.62,1034.49,6890.16,11.76,18.964,4100.0,0.072,PM2.5-1HR
945,DEU_DEBE069,2024-12-25,15.34,2.51,93,0.01,2.07,193.36,1034.54,8162.76,11.63,18.782,4100.0,0.012,PM2.5-1HR
945,DEU_DEBE125,2024-12-25,14.56,2.51,93,0.01,2.07,193.36,1034.54,6333.76,11.76,18.964,4100.0,0.01,PM2.5-1HR
945,DEU_DEBE126,2024-12-25,14.74,2.51,93,0.01,2.07,193.36,1034.54,8396.04,11.76,18.964,4100.0,0.007,PM2.5-1HR
945,DEU_DEBE127,2024-12-25,14.91,2.51,93,0.01,2.07,193.36,1034.54,7613.33,11.88,19.132,4100.0,0.056,PM2.5-1HR
945,DEU_DEBE010,2024-12-26,9.93,5.29,96.83,0.02,1.31,194.06,1037.99,7297.89,6.59,11.726,4100.0,0.044,PM2.5-1HR
945,DEU_DEBE032,2024-12-26,6.53,5.51,96.38,0.01,1.17,186.18,1037.97,0,4.23,8.422,4100.0,0.861,PM2.5-1HR
945,DEU_DEBE034,2024-12-26,12.8,5.32,96.25,0.01,1.17,192.7,1038,8605.71,6.66,11.824,4100.0,0.331,PM2.5-1HR
945,DEU_DEBE051,2024-12-26,10.56,5.3,98,0.01,1.55,201.46,1037.92,463.79,7.58,13.112,4100.0,0.134,PM2.5-1HR
945,DEU_DEBE056,2024-12-26,7.66,5.18,94.88,0.01,1.35,194.78,1038.09,341.92,4.13,8.282,4100.0,0.106,PM2.5-1HR
945,DEU_DEBE061,2024-12-26,10.64,5.32,96.25,0.01,1.17,192.7,1038,8387.49,6.06,10.984,4100.0,0.009,PM2.5-1HR
945,DEU_DEBE065,2024-12-26,13.99,5.29,96.83,0.02,1.31,194.06,1037.99,8360.65,6.81,12.034,4100.0,0.004,PM2.5-1HR
945,DEU_DEBE068,2024-12-26,11.28,5.29,96.83,0.02,1.31,194.06,1037.99,6890.16,6.66,11.824,4100.0,0.072,PM2.5-1HR
945,DEU_DEBE069,2024-12-26,12.27,5.32,96.25,0.01,1.17,192.7,1038,8162.76,6.45,11.53,4100.0,0.012,PM2.5-1HR
945,DEU_DEBE125,2024-12-26,11,5.32,96.25,0.01,1.17,192.7,1038,6333.76,6.66,11.824,4100.0,0.01,PM2.5-1HR
945,DEU_DEBE126,2024-12-26,11.89,5.32,96.25,0.01,1.17,192.7,1038,8396.04,6.66,11.824,4100.0,0.007,PM2.5-1HR
945,DEU_DEBE127,2024-12-26,11.6,5.32,96.25,0.01,1.17,192.7,1038,7613.33,6.75,11.95,4100.0,0.056,PM2.5-1HR
945,DEU_DEBE010,2024-12-27,9.03,3.44,95.54,0,0.84,162.77,1035.97,7297.89,4.83,9.262,4100.0,0.044,PM2.5-1HR
945,DEU_DEBE032,2024-12-27,5.81,3.37,94.79,0,1.04,142.66,1035.94,0,3.49,7.386,4100.0,0.861,PM2.5-1HR
945,DEU_DEBE034,2024-12-27,10.46,3.13,95.75,0,0.84,155.59,1036,8605.71,4.82,9.248,4100.0,0.331,PM2.5-1HR
945,DEU_DEBE051,2024-12-27,7.21,4.1,92.79,0,1,172.67,1035.93,463.79,3.52,7.428,4100.0,0.134,PM2.5-1HR
945,DEU_DEBE056,2024-12-27,4.13,3.26,94,0,0.87,182.05,1036.04,341.92,1.92,5.188,4100.0,0.106,PM2.5-1HR
945,DEU_DEBE061,2024-12-27,8.09,3.13,95.75,0,0.84,155.59,1036,8387.49,4.51,8.814,4100.0,0.009,PM2.5-1HR
945,DEU_DEBE065,2024-12-27,12.3,3.44,95.54,0,0.84,162.77,1035.97,8360.65,4.92,9.388,4100.0,0.004,PM2.5-1HR
945,DEU_DEBE068,2024-12-27,10.8,3.44,95.54,0,0.84,162.77,1035.97,6890.16,4.82,9.248,4100.0,0.072,PM2.5-1HR
945,DEU_DEBE069,2024-12-27,9.1,3.13,95.75,0,0.84,155.59,1036,8162.76,4.49,8.786,4100.0,0.012,PM2.5-1HR
945,DEU_DEBE125,2024-12-27,9.31,3.13,95.75,0,0.84,155.59,1036,6333.76,4.82,9.248,4100.0,0.01,PM2.5-1HR
945,DEU_DEBE126,2024-12-27,10.2,3.13,95.75,0,0.84,155.59,1036,8396.04,4.82,9.248,4100.0,0.007,PM2.5-1HR
945,DEU_DEBE127,2024-12-27,9.71,3.13,95.75,0,0.84,155.59,1036,7613.33,4.68,9.052,4100.0,0.056,PM2.5-1HR
945,DEU_DEBE010,2024-12-28,17.12,-1.31,96.88,0,0.87,197.44,1030.85,7297.89,11.18,18.152,4100.0,0.044,PM2.5-1HR
945,DEU_DEBE032,2024-12-28,9.51,-1.43,96.83,0,0.86,194.69,1030.84,0,8.35,14.19,4100.0,0.861,PM2.5-1HR
945,DEU_DEBE034,2024-12-28,18.79,-1.69,96.83,0,0.9,196.19,1030.87,8605.71,11.01,17.914,4100.0,0.331,PM2.5-1HR
945,DEU_DEBE051,2024-12-28,17.29,-0.69,96.13,0,1.08,209.47,1030.77,463.79,8.24,14.036,4100.0,0.134,PM2.5-1HR
945,DEU_DEBE056,2024-12-28,10.81,-1.34,97.88,0,0.95,221.42,1030.9,341.92,6.37,11.418,4100.0,0.106,PM2.5-1HR
945,DEU_DEBE061,2024-12-28,17.46,-1.69,96.83,0,0.9,196.19,1030.87,8387.49,10.17,16.738,4100.0,0.009,PM2.5-1HR
945,DEU_DEBE065,2024-12-28,21.1,-1.31,96.88,0,0.87,197.44,1030.85,8360.65,11.18,18.152,4100.0,0.004,PM2.5-1HR
945,DEU_DEBE068,2024-12-28,17.62,-1.31,96.88,0,0.87,197.44,1030.85,6890.16,11.01,17.914,4100.0,0.072,PM2.5-1HR
945,DEU_DEBE069,2024-12-28,16.53,-1.69,96.83,0,0.9,196.19,1030.87,8162.76,10.69,17.466,4100.0,0.012,PM2.5-1HR
945,DEU_DEBE125,2024-12-28,16.07,-1.69,96.83,0,0.9,196.19,1030.87,6333.76,11.01,17.914,4100.0,0.01,PM2.5-1HR
945,DEU_DEBE126,2024-12-28,17.87,-1.69,96.83,0,0.9,196.19,1030.87,8396.04,11.01,17.914,4100.0,0.007,PM2.5-1HR
945,DEU_DEBE127,2024-12-28,17.51,-1.69,96.83,0,0.9,196.19,1030.87,7613.33,11.03,17.942,4100.0,0.056,PM2.5-1HR
945,DEU_DEBE010,2024-12-29,18.33,-0.81,92.58,0,2.95,246.95,1027.05,7297.89,15.57,24.298,4100.0,0.044,PM2.5-1HR
945,DEU_DEBE032,2024-12-29,11.99,-0.78,93.33,0,2.88,247.82,1027.18,0,12.28,19.692,4100.0,0.861,PM2.5-1HR
945,DEU_DEBE034,2024-12-29,21,-0.76,92.33,0,2.91,246.25,1027.13,8605.71,15.7,24.48,4100.0,0.331,PM2.5-1HR
945,DEU_DEBE051,2024-12-29,16.61,-0.93,92.54,0,3.26,245.25,1026.81,463.79,13.66,21.624,4100.0,0.134,PM2.5-1HR
945,DEU_DEBE056,2024-12-29,15.22,-0.76,93.71,0,2.94,245.92,1027.15,341.92,12.77,20.378,4100.0,0.106,PM2.5-1HR
945,DEU_DEBE061,2024-12-29,19.62,-0.76,92.33,0,2.91,246.25,1027.13,8387.49,14.81,23.234,4100.0,0.009,PM2.5-1HR
945,DEU_DEBE065,2024-12-29,22.69,-0.81,92.58,0,2.95,246.95,1027.05,8360.65,15.71,24.494,4100.0,0.004,PM2.5-1HR
945,DEU_DEBE068,2024-12-29,18.72,-0.81,92.58,0,2.95,246.95,1027.05,6890.16,15.7,24.48,4100.0,0.072,PM2.5-1HR
945,DEU_DEBE069,2024-12-29,21.51,-0.76,92.33,0,2.91,246.25,1027.13,8162.76,15.49,24.186,4100.0,0.012,PM2.5-1HR
945,DEU_DEBE125,2024-12-29,19.14,-0.76,92.33,0,2.91,246.25,1027.13,6333.76,15.7,24.48,4100.0,0.01,PM2.5-1HR
945,DEU_DEBE126,2024-12-29,19.51,-0.76,92.33,0,2.91,246.25,1027.13,8396.04,15.7,24.48,4100.0,0.007,PM2.5-1HR
945,DEU_DEBE127,2024-12-29,20.81,-0.76,92.33,0,2.91,246.25,1027.13,7613.33,15.77,24.578,4100.0,0.056,PM2.5-1HR
945,DEU_DEBE010,2024-12-30,10.38,2.48,90.38,0,4.69,238.25,1026.31,7297.89,9.53,15.842,4100.0,0.044,PM2.5-1HR
945,DEU_DEBE032,2024-12-30,6.58,2.38,89.75,0,4.44,236.96,1026.6,0,6.33,11.362,4100.0,0.861,PM2.5-1HR
945,DEU_DEBE034,2024-12-30,15.87,2.29,89.75,0,4.45,236.75,1026.53,8605.71,9.86,16.304,4100.0,0.331,PM2.5-1HR
945,DEU_DEBE051,2024-12-30,8.68,2.52,92.25,0,5.28,238.71,1025.85,463.79,5.25,9.85,4100.0,0.134,PM2.5-1HR
945,DEU_DEBE056,2024-12-30,10.3,1.79,89.54,0,4.59,234.75,1026.68,341.92,6.92,12.188,4100.0,0.106,PM2.5-1HR
945,DEU_DEBE061,2024-12-30,12.87,2.29,89.75,0,4.45,236.75,1026.53,8387.49,8.88,14.932,4100.0,0.009,PM2.5-1HR
945,DEU_DEBE065,2024-12-30,15.84,2.48,90.38,0,4.69,238.25,1026.31,8360.65,9.85,16.29,4100.0,0.004,PM2.5-1HR
945,DEU_DEBE068,2024-12-30,12.34,2.48,90.38,0,4.69,238.25,1026.31,6890.16,9.86,16.304,4100.0,0.072,PM2.5-1HR
945,DEU_DEBE069,2024-12-30,15.22,2.29,89.75,0,4.45,236.75,1026.53,8162.76,10.03,16.542,4100.0,0.012,PM2.5-1HR
945,DEU_DEBE125,2024-12-30,12.27,2.29,89.75,0,4.45,236.75,1026.53,6333.76,9.86,16.304,4100.0,0.01,PM2.5-1HR
945,DEU_DEBE126,2024-12-30,13.61,2.29,89.75,0,4.45,236.75,1026.53,8396.04,9.86,16.304,4100.0,0.007,PM2.5-1HR
945,DEU_DEBE127,2024-12-30,14.51,2.29,89.75,0,4.45,236.75,1026.53,7613.33,10.34,16.976,4100.0,0.056,PM2.5-1HR
945,DEU_DEBE010,2024-12-31,15.51,1.7,86.54,0,4.01,234.02,1024.14,7297.89,11.47,18.558,4100.0,0.044,PM2.5-1HR
945,DEU_DEBE032,2024-12-31,7.6,1.65,85.5,0,3.75,233.91,1024.38,0,8.17,13.938,4100.0,0.861,PM2.5-1HR
945,DEU_DEBE034,2024-12-31,21.33,1.49,86.29,0,3.84,233.65,1024.34,8605.71,11.75,18.95,4100.0,0.331,PM2.5-1HR
945,DEU_DEBE051,2024-12-31,12.67,2,85.17,0,4.53,232.68,1023.74,463.79,8.75,14.75,4100.0,0.134,PM2.5-1HR
945,DEU_DEBE056,2024-12-31,10.2,1.06,86.83,0,4.15,232.17,1024.5,341.92,7.01,12.314,4100.0,0.106,PM2.5-1HR
945,DEU_DEBE061,2024-12-31,17.77,1.49,86.29,0,3.84,233.65,1024.34,8387.49,10.66,17.424,4100.0,0.009,PM2.5-1HR
945,DEU_DEBE065,2024-12-31,23.06,1.7,86.54,0,4.01,234.02,1024.14,8360.65,11.61,18.754,4100.0,0.004,PM2.5-1HR
945,DEU_DEBE068,2024-12-31,16.04,1.7,86.54,0,4.01,234.02,1024.14,6890.16,11.75,18.95,4100.0,0.072,PM2.5-1HR
945,DEU_DEBE069,2024-12-31,25.5,1.49,86.29,0,3.84,233.65,1024.34,8162.76,11.69,18.866,4100.0,0.012,PM2.5-1HR
945,DEU_DEBE125,2024-12-31,16.52,1.49,86.29,0,3.84,233.65,1024.34,6333.76,11.75,18.95,4100.0,0.01,PM2.5-1HR
945,DEU_DEBE126,2024-12-31,18.7,1.49,86.29,0,3.84,233.65,1024.34,8396.04,11.75,18.95,4100.0,0.007,PM2.5-1HR
945,DEU_DEBE127,2024-12-31,25.7,1.49,86.29,0,3.84,233.65,1024.34,7613.33,12.06,19.384,4100.0,0.056,PM2.5-1HR
945,DEU_DEBE010,2025-01-01,13.67,4.79,75.29,0,6.46,224.25,1011.66,7325,5.89,10.746,4100.0,0.044,PM2.5-1HR
945,DEU_DEBE032,2025-01-01,6.25,4.95,73.71,0,6.46,223.29,1011.9,0,4.41,8.674,4100.0,0.861,PM2.5-1HR
945,DEU_DEBE034,2025-01-01,15.72,4.75,74.71,0,6.36,224.21,1011.98,8636.93,6.08,11.012,4100.0,0.331,PM2.5-1HR
945,DEU_DEBE051,2025-01-01,11.93,5.07,73.21,0.01,7.16,223.25,1011,465.56,4.37,8.618,4100.0,0.134,PM2.5-1HR
945,DEU_DEBE056,2025-01-01,8.05,4.69,73.83,0,6.78,225.55,1012.37,343.06,4.22,8.408,4100.0,0.106,PM2.5-1HR
945,DEU_DEBE061,2025-01-01,17.92,4.75,74.71,0,6.36,224.21,1011.98,8418.27,5.67,10.438,4100.0,0.009,PM2.5-1HR
945,DEU_DEBE065,2025-01-01,27.23,4.79,75.29,0,6.46,224.25,1011.66,8391.58,6.07,10.998,4100.0,0.004,PM2.5-1HR
945,DEU_DEBE068,2025-01-01,19.54,4.79,75.29,0,6.46,224.25,1011.66,6915.53,6.08,11.012,4100.0,0.072,PM2.5-1HR
945,DEU_DEBE069,2025-01-01,22.21,4.75,74.71,0,6.36,224.21,1011.98,8191.19,6.08,11.012,4100.0,0.012,PM2.5-1HR
945,DEU_DEBE125,2025-01-01,14.07,4.75,74.71,0,6.36,224.21,1011.98,6357.97,6.08,11.012,4100.0,0.01,PM2.5-1HR
945,DEU_DEBE126,2025-01-01,18.71,4.75,74.71,0,6.36,224.21,1011.98,8426.55,6.08,11.012,4100.0,0.007,PM2.5-1HR
945,DEU_DEBE127,2025-01-01,27.34,4.75,74.71,0,6.36,224.21,1011.98,7640.61,6.19,11.166,4100.0,0.056,PM2.5-1HR
945,DEU_DEBE010,2025-01-02,5.24,4.03,83.71,0.17,4.92,264.16,1006.79,7325,3.04,6.756,4100.0,0.044,PM2.5-1HR
945,DEU_DEBE032,2025-01-02,3,4.11,84.63,0.14,4.96,263.39,1007.05,0,2.15,5.51,4100.0,0.861,PM2.5-1HR
945,DEU_DEBE034,2025-01-02,6.98,4.14,83.54,0.16,4.81,263.33,1006.95,8636.93,3.2,6.98,4100.0,0.331,PM2.5-1HR
945,DEU_DEBE051,2025-01-02,4.25,3.68,84.92,0.21,5.2,264.28,1006.48,465.56,2.17,5.538,4100.0,0.134,PM2.5-1HR
945,DEU_DEBE056,2025-01-02,4.53,4.14,83.38,0.12,5.08,258.88,1006.96,343.06,2.4,5.86,4100.0,0.106,PM2.5-1HR
945,DEU_DEBE061,2025-01-02,5.54,4.14,83.54,0.16,4.81,263.33,1006.95,8418.27,2.98,6.672,4100.0,0.009,PM2.5-1HR
945,DEU_DEBE065,2025-01-02,7.25,4.03,83.71,0.17,4.92,264.16,1006.79,8391.58,3.21,6.994,4100.0,0.004,PM2.5-1HR
945,DEU_DEBE068,2025-01-02,5.59,4.03,83.71,0.17,4.92,264.16,1006.79,6915.53,3.2,6.98,4100.0,0.072,PM2.5-1HR
945,DEU_DEBE069,2025-01-02,8.08,4.14,83.54,0.16,4.81,263.33,1006.95,8191.19,3.2,6.98,4100.0,0.012,PM2.5-1HR
945,DEU_DEBE125,2025-01-02,6.73,4.14,83.54,0.16,4.81,263.33,1006.95,6357.97,3.2,6.98,4100.0,0.01,PM2.5-1HR
945,DEU_DEBE126,2025-01-02,6.86,4.14,83.54,0.16,4.81,263.33,1006.95,8426.55,3.2,6.98,4100.0,0.007,PM2.5-1HR
945,DEU_DEBE127,2025-01-02,7.82,4.14,83.54,0.16,4.81,263.33,1006.95,7640.61,3.26,7.064,4100.0,0.056,PM2.5-1HR
945,DEU_DEBE010,2025-01-03,4.37,0.78,83.42,0.13,5.53,265.23,1010.39,7325,3.79,7.806,4100.0,0.044,PM2.5-1HR
945,DEU_DEBE032,2025-01-03,2.38,0.9,84,0.24,5.62,264.95,1010.71,0,2.22,5.608,4100.0,0.861,PM2.5-1HR
945,DEU_DEBE034,2025-01-03,5.41,0.95,83.21,0.19,5.48,265.39,1010.59,8636.93,3.97,8.058,4100.0,0.331,PM2.5-1HR
945,DEU_DEBE051,2025-01-03,3.57,0.61,81.88,0.04,5.86,263.8,1009.98,465.56,2.53,6.042,4100.0,0.134,PM2.5-1HR
945,DEU_DEBE056,2025-01-03,3.44,1.18,82.79,0.09,5.68,263.41,1010.51,343.06,2.5,6.0,4100.0,0.106,PM2.5-1HR
945,DEU_DEBE061,2025-01-03,4.36,0.95,83.21,0.19,5.48,265.39,1010.59,8418.27,3.63,7.582,4100.0,0.009,PM2.5-1HR
945,DEU_DEBE065,2025-01-03,5.97,0.78,83.42,0.13,5.53,265.23,1010.39,8391.58,4.05,8.17,4100.0,0.004,PM2.5-1HR
945,DEU_DEBE068,2025-01-03,4.38,0.78,83.42,0.13,5.53,265.23,1010.39,6915.53,3.97,8.058,4100.0,0.072,PM2.5-1HR
945,DEU_DEBE069,2025-01-03,6.16,0.95,83.21,0.19,5.48,265.39,1010.59,8191.19,3.97,8.058,4100.0,0.012,PM2.5-1HR
945,DEU_DEBE125,2025-01-03,5.4,0.95,83.21,0.19,5.48,265.39,1010.59,6357.97,3.97,8.058,4100.0,0.01,PM2.5-1HR
945,DEU_DEBE126,2025-01-03,5.51,0.95,83.21,0.19,5.48,265.39,1010.59,8426.55,3.97,8.058,4100.0,0.007,PM2.5-1HR
945,DEU_DEBE127,2025-01-03,6.44,0.95,83.21,0.19,5.48,265.39,1010.59,7640.61,4.08,8.212,4100.0,0.056,PM2.5-1HR
945,DEU_DEBE010,2025-01-04,8.98,-1.12,86.33,0,3.42,243.39,1017.6,7325,4.56,8.884,4100.0,0.044,PM2.5-1HR
945,DEU_DEBE032,2025-01-04,4.9,-0.89,86.79,0,3.39,242.92,1017.72,0,3.43,7.302,4100.0,0.861,PM2.5-1HR
945,DEU_DEBE034,2025-01-04,11.74,-0.9,86.08,0,3.36,243.36,1017.7,8636.93,4.76,9.164,4100.0,0.331,PM2.5-1HR
945,DEU_DEBE051,2025-01-04,7.34,-1.38,86.96,0,3.76,242.79,1017.37,465.56,3.39,7.246,4100.0,0.134,PM2.5-1HR
945,DEU_DEBE056,2025-01-04,6.58,-0.91,86.79,0,3.67,245.36,1017.75,343.06,3.23,7.022,4100.0,0.106,PM2.5-1HR
945,DEU_DEBE061,2025-01-04,9.63,-0.9,86.08,0,3.36,243.36,1017.7,8418.27,4.43,8.702,4100.0,0.009,PM2.5-1HR
945,DEU_DEBE065,2025-01-04,12.16,-1.12,86.33,0,3.42,243.39,1017.6,8391.58,4.71,9.094,4100.0,0.004,PM2.5-1HR
945,DEU_DEBE068,2025-01-04,8.93,-1.12,86.33,0,3.42,243.39,1017.6,6915.53,4.76,9.164,4100.0,0.072,PM2.5-1HR
945,DEU_DEBE069,2025-01-04,11.01,-0.9,86.08,0,3.36,243.36,1017.7,8191.19,4.78,9.192,4100.0,0.012,PM2.5-1HR
945,DEU_DEBE125,2025-01-04,9.71,-0.9,86.08,0,3.36,243.36,1017.7,6357.97,4.76,9.164,4100.0,0.01,PM2.5-1HR
945,DEU_DEBE126,2025-01-04,10.57,-0.9,86.08,0,3.36,243.36,1017.7,8426.55,4.76,9.164,4100.0,0.007,PM2.5-1HR
945,DEU_DEBE127,2025-01-04,10.69,-0.9,86.08,0,3.36,243.36,1017.7,7640.61,4.86,9.304,4100.0,0.056,PM2.5-1HR
945,DEU_DEBE010,2025-01-05,14.58,-1.03,85.88,0.39,3.28,141.44,1006.36,7325,11.74,18.936,4100.0,0.044,PM2.5-1HR
945,DEU_DEBE032,2025-01-05,8.63,-0.91,87.67,0.38,3.34,141.38,1006.11,0,8.68,14.652,4100.0,0.861,PM2.5-1HR
945,DEU_DEBE034,2025-01-05,14.92,-0.97,86.38,0.39,3.22,143.25,1006.34,8636.93,11.78,18.992,4100.0,0.331,PM2.5-1HR
945,DEU_DEBE051,2025-01-05,12.75,-0.88,85.04,0.35,3.8,149.19,1006.4,465.56,8.65,14.61,4100.0,0.134,PM2.5-1HR
945,DEU_DEBE056,2025-01-05,12.88,-0.9,86.25,0.38,3.32,144.73,1006.71,343.06,12.25,19.65,4100.0,0.106,PM2.5-1HR
945,DEU_DEBE061,2025-01-05,15.3,-0.97,86.38,0.39,3.22,143.25,1006.34,8418.27,10.91,17.774,4100.0,0.009,PM2.5-1HR
945,DEU_DEBE065,2025-01-05,17.84,-1.03,85.88,0.39,3.28,141.44,1006.36,8391.58,11.71,18.894,4100.0,0.004,PM2.5-1HR
945,DEU_DEBE068,2025-01-05,14.6,-1.03,85.88,0.39,3.28,141.44,1006.36,6915.53,11.78,18.992,4100.0,0.072,PM2.5-1HR
945,DEU_DEBE069,2025-01-05,16.48,-0.97,86.38,0.39,3.22,143.25,1006.34,8191.19,11.61,18.754,4100.0,0.012,PM2.5-1HR
945,DEU_DEBE125,2025-01-05,15.53,-0.97,86.38,0.39,3.22,143.25,1006.34,6357.97,11.78,18.992,4100.0,0.01,PM2.5-1HR
945,DEU_DEBE126,2025-01-05,16.16,-0.97,86.38,0.39,3.22,143.25,1006.34,8426.55,11.78,18.992,4100.0,0.007,PM2.5-1HR
945,DEU_DEBE127,2025-01-05,15.9,-0.97,86.38,0.39,3.22,143.25,1006.34,7640.61,11.86,19.104,4100.0,0.056,PM2.5-1HR
945,DEU_DEBE010,2025-01-06,7.45,7.39,81.13,0.52,5.32,203.63,991.59,7325,3.59,7.526,4100.0,0.044,PM2.5-1HR
945,DEU_DEBE032,2025-01-06,4.38,7.3,81.83,0.53,5.32,202.9,991.55,0,2.28,5.692,4100.0,0.861,PM2.5-1HR
945,DEU_DEBE034,2025-01-06,8.25,7.64,80.21,0.43,5.34,203.91,991.71,8636.93,3.74,7.736,4100.0,0.331,PM2.5-1HR
945,DEU_DEBE051,2025-01-06,6.05,6.89,83.17,0.47,5.66,199.93,991.33,465.56,2.39,5.846,4100.0,0.134,PM2.5-1HR
945,DEU_DEBE056,2025-01-06,4.08,7.12,80.42,0.31,5.14,202.55,992.2,343.06,1.83,5.062,4100.0,0.106,PM2.5-1HR
945,DEU_DEBE061,2025-01-06,6.87,7.64,80.21,0.43,5.34,203.91,991.71,8418.27,3.33,7.162,4100.0,0.009,PM2.5-1HR
945,DEU_DEBE065,2025-01-06,10.6,7.39,81.13,0.52,5.32,203.63,991.59,8391.58,3.76,7.764,4100.0,0.004,PM2.5-1HR
945,DEU_DEBE068,2025-01-06,8.22,7.39,81.13,0.52,5.32,203.63,991.59,6915.53,3.74,7.736,4100.0,0.072,PM2.5-1HR
945,DEU_DEBE069,2025-01-06,8.78,7.64,80.21,0.43,5.34,203.91,991.71,8191.19,3.67,7.638,4100.0,0.012,PM2.5-1HR
945,DEU_DEBE125,2025-01-06,7.96,7.64,80.21,0.43,5.34,203.91,991.71,6357.97,3.74,7.736,4100.0,0.01,PM2.5-1HR
945,DEU_DEBE126,2025-01-06,8.69,7.64,80.21,0.43,5.34,203.91,991.71,8426.55,3.74,7.736,4100.0,0.007,PM2.5-1HR
945,DEU_DEBE127,2025-01-06,8.3,7.64,80.21,0.43,5.34,203.91,991.71,7640.61,3.9,7.96,4100.0,0.056,PM2.5-1HR
945,DEU_DEBE010,2025-01-07,3.26,5.13,73.25,0.08,4.63,223.16,998.24,7325,2.82,6.448,4100.0,0.044,PM2.5-1HR
945,DEU_DEBE032,2025-01-07,1.8,5.1,72.71,0.21,4.6,222.27,998.28,0,1.93,5.202,4100.0,0.861,PM2.5-1HR
945,DEU_DEBE034,2025-01-07,4.59,5.26,72.42,0.09,4.64,223.48,998.37,8636.93,3.05,6.77,4100.0,0.331,PM2.5-1HR
945,DEU_DEBE051,2025-01-07,2.7,5.01,72.29,0.06,5,218.53,997.91,465.56,2.1,5.44,4100.0,0.134,PM2.5-1HR
945,DEU_DEBE056,2025-01-07,2.1,5.45,71.21,0.07,4.8,223.16,998.67,343.06,1.84,5.076,4100.0,0.106,PM2.5-1HR
945,DEU_DEBE061,2025-01-07,3.36,5.26,72.42,0.09,4.64,223.48,998.37,8418.27,2.84,6.476,4100.0,0.009,PM2.5-1HR
945,DEU_DEBE065,2025-01-07,5.79,5.13,73.25,0.08,4.63,223.16,998.24,8391.58,3.01,6.714,4100.0,0.004,PM2.5-1HR
945,DEU_DEBE068,2025-01-07,3.38,5.13,73.25,0.08,4.63,223.16,998.24,6915.53,3.05,6.77,4100.0,0.072,PM2.5-1HR
945,DEU_DEBE069,2025-01-07,5.7,5.26,72.42,0.09,4.64,223.48,998.37,8191.19,3.11,6.854,4100.0,0.012,PM2.5-1HR
945,DEU_DEBE125,2025-01-07,4.55,5.26,72.42,0.09,4.64,223.48,998.37,6357.97,3.05,6.77,4100.0,0.01,PM2.5-1HR
945,DEU_DEBE126,2025-01-07,4.72,5.26,72.42,0.09,4.64,223.48,998.37,8426.55,3.05,6.77,4100.0,0.007,PM2.5-1HR
945,DEU_DEBE127,2025-01-07,5.34,5.26,72.42,0.09,4.64,223.48,998.37,7640.61,3.16,6.924,4100.0,0.056,PM2.5-1HR
945,DEU_DEBE010,2025-01-08,5.45,1.53,81.83,0.02,4.07,226.25,1002.19,7325,2.62,6.168,4100.0,0.044,PM2.5-1HR
945,DEU_DEBE032,2025-01-08,2.54,1.6,81.79,0.09,4.04,225.51,1002.29,0,1.82,5.048,4100.0,0.861,PM2.5-1HR
945,DEU_DEBE034,2025-01-08,7.41,1.55,82,0.11,3.97,225.75,1002.33,8636.93,2.75,6.35,4100.0,0.331,PM2.5-1HR
945,DEU_DEBE051,2025-01-08,4.93,1.46,80.71,0,4.67,225.25,1001.89,465.56,2.06,5.384,4100.0,0.134,PM2.5-1HR
945,DEU_DEBE056,2025-01-08,3.5,1.61,82.63,0.03,4.22,225.24,1002.52,343.06,1.67,4.838,4100.0,0.106,PM2.5-1HR
945,DEU_DEBE061,2025-01-08,5.85,1.55,82,0.11,3.97,225.75,1002.33,8418.27,2.54,6.056,4100.0,0.009,PM2.5-1HR
945,DEU_DEBE065,2025-01-08,8.79,1.53,81.83,0.02,4.07,226.25,1002.19,8391.58,2.79,6.406,4100.0,0.004,PM2.5-1HR
945,DEU_DEBE068,2025-01-08,6.02,1.53,81.83,0.02,4.07,226.25,1002.19,6915.53,2.75,6.35,4100.0,0.072,PM2.5-1HR
945,DEU_DEBE069,2025-01-08,9.04,1.55,82,0.11,3.97,225.75,1002.33,8191.19,2.75,6.35,4100.0,0.012,PM2.5-1HR
945,DEU_DEBE125,2025-01-08,7.14,1.55,82,0.11,3.97,225.75,1002.33,6357.97,2.75,6.35,4100.0,0.01,PM2.5-1HR
945,DEU_DEBE126,2025-01-08,7.13,1.55,82,0.11,3.97,225.75,1002.33,8426.55,2.75,6.35,4100.0,0.007,PM2.5-1HR
945,DEU_DEBE127,2025-01-08,7.77,1.55,82,0.11,3.97,225.75,1002.33,7640.61,2.83,6.462,4100.0,0.056,PM2.5-1HR
945,DEU_DEBE010,2025-01-09,8.61,0.63,94.83,0.68,3.09,37.99,998.5,7325,3.6,7.54,4100.0,0.044,PM2.5-1HR
945,DEU_DEBE032,2025-01-09,4.6,0.73,95.54,0.69,3.04,36.06,998.58,0,2.28,5.692,4100.0,0.861,PM2.5-1HR
945,DEU_DEBE034,2025-01-09,9.45,0.75,94.38,0.67,3.02,36.22,998.46,8636.93,3.8,7.82,4100.0,0.331,PM2.5-1HR
945,DEU_DEBE051,2025-01-09,6.35,0.66,93.63,0.65,3.2,42.71,998.6,465.56,1.86,5.104,4100.0,0.134,PM2.5-1HR
945,DEU_DEBE056,2025-01-09,6.15,0.99,96.08,0.63,3.05,42.74,998.25,343.06,2.36,5.804,4100.0,0.106,PM2.5-1HR
945,DEU_DEBE061,2025-01-09,8.98,0.75,94.38,0.67,3.02,36.22,998.46,8418.27,3.47,7.358,4100.0,0.009,PM2.5-1HR
945,DEU_DEBE065,2025-01-09,10.74,0.63,94.83,0.68,3.09,37.99,998.5,8391.58,3.85,7.89,4100.0,0.004,PM2.5-1HR
945,DEU_DEBE068,2025-01-09,8.68,0.63,94.83,0.68,3.09,37.99,998.5,6915.53,3.8,7.82,4100.0,0.072,PM2.5-1HR
945,DEU_DEBE069,2025-01-09,11.36,0.75,94.38,0.67,3.02,36.22,998.46,8191.19,3.85,7.89,4100.0,0.012,PM2.5-1HR
945,DEU_DEBE125,2025-01-09,9.53,0.75,94.38,0.67,3.02,36.22,998.46,6357.97,3.8,7.82,4100.0,0.01,PM2.5-1HR
945,DEU_DEBE126,2025-01-09,10.32,0.75,94.38,0.67,3.02,36.22,998.46,8426.55,3.8,7.82,4100.0,0.007,PM2.5-1HR
945,DEU_DEBE127,2025-01-09,10.61,0.75,94.38,0.67,3.02,36.22,998.46,7640.61,3.96,8.044,4100.0,0.056,PM2.5-1HR
945,DEU_DEBE010,2025-01-10,8.82,0.56,94.46,0.2,4.94,270.62,1009.83,7325,6.29,11.306,4100.0,0.044,PM2.5-1HR
945,DEU_DEBE032,2025-01-10,4.08,0.7,93.92,0.2,5.03,272.23,1010.14,0,4.03,8.142,4100.0,0.861,PM2.5-1HR
945,DEU_DEBE034,2025-01-10,10.04,0.68,93.96,0.21,4.9,271.77,1009.98,8636.93,6.64,11.796,4100.0,0.331,PM2.5-1HR
945,DEU_DEBE051,2025-01-10,6.74,0.45,95.63,0.27,4.63,274.26,1009.53,465.56,4.34,8.576,4100.0,0.134,PM2.5-1HR
945,DEU_DEBE056,2025-01-10,6.93,0.75,94.13,0.26,4.97,269.89,1009.85,343.06,4.87,9.318,4100.0,0.106,PM2.5-1HR
945,DEU_DEBE061,2025-01-10,8.61,0.68,93.96,0.21,4.9,271.77,1009.98,8418.27,5.98,10.872,4100.0,0.009,PM2.5-1HR
945,DEU_DEBE065,2025-01-10,12.09,0.56,94.46,0.2,4.94,270.62,1009.83,8391.58,6.49,11.586,4100.0,0.004,PM2.5-1HR
945,DEU_DEBE068,2025-01-10,8.84,0.56,94.46,0.2,4.94,270.62,1009.83,6915.53,6.64,11.796,4100.0,0.072,PM2.5-1HR
945,DEU_DEBE069,2025-01-10,13.16,0.68,93.96,0.21,4.9,271.77,1009.98,8191.19,6.63,11.782,4100.0,0.012,PM2.5-1HR
945,DEU_DEBE125,2025-01-10,10.23,0.68,93.96,0.21,4.9,271.77,1009.98,6357.97,6.64,11.796,4100.0,0.01,PM2.5-1HR
945,DEU_DEBE126,2025-01-10,9.88,0.68,93.96,0.21,4.9,271.77,1009.98,8426.55,6.64,11.796,4100.0,0.007,PM2.5-1HR
945,DEU_DEBE127,2025-01-10,11.13,0.68,93.96,0.21,4.9,271.77,1009.98,7640.61,6.86,12.104,4100.0,0.056,PM2.5-1HR
945,DEU_DEBE010,2025-01-11,5.46,0.08,86.29,0.1,5.87,295.64,1016.31,7325,4.7,9.08,4100.0,0.044,PM2.5-1HR
945,DEU_DEBE032,2025-01-11,2.84,0.15,84.79,0.05,6,295.29,1016.81,0,3.01,6.714,4100.0,0.861,PM2.5-1HR
945,DEU_DEBE034,2025-01-11,6.45,0.19,85.04,0.1,5.73,295.05,1016.49,8636.93,4.86,9.304,4100.0,0.331,PM2.5-1HR
945,DEU_DEBE051,2025-01-11,4.72,0.12,86.42,0.13,5.96,301.03,1015.95,465.56,3.6,7.54,4100.0,0.134,PM2.5-1HR
945,DEU_DEBE056,2025-01-11,4.76,0.25,85.67,0.15,5.6,291.79,1016.01,343.06,3.44,7.316,4100.0,0.106,PM2.5-1HR
945,DEU_DEBE061,2025-01-11,5.79,0.19,85.04,0.1,5.73,295.05,1016.49,8418.27,4.42,8.688,4100.0,0.009,PM2.5-1HR
945,DEU_DEBE065,2025-01-11,8.44,0.08,86.29,0.1,5.87,295.64,1016.31,8391.58,4.9,9.36,4100.0,0.004,PM2.5-1HR
945,DEU_DEBE068,2025-01-11,5.75,0.08,86.29,0.1,5.87,295.64,1016.31,6915.53,4.86,9.304,4100.0,0.072,PM2.5-1HR
945,DEU_DEBE069,2025-01-11,7.74,0.19,85.04,0.1,5.73,295.05,1016.49,8191.19,4.86,9.304,4100.0,0.012,PM2.5-1HR
945,DEU_DEBE125,2025-01-11,6.94,0.19,85.04,0.1,5.73,295.05,1016.49,6357.97,4.86,9.304,4100.0,0.01,PM2.5-1HR
945,DEU_DEBE126,2025-01-11,7.09,0.19,85.04,0.1,5.73,295.05,1016.49,8426.55,4.86,9.304,4100.0,0.007,PM2.5-1HR
945,DEU_DEBE127,2025-01-11,7.05,0.19,85.04,0.1,5.73,295.05,1016.49,7640.61,5,9.5,4100.0,0.056,PM2.5-1HR
945,DEU_DEBE010,2025-01-12,4.04,-1.03,85.58,0,3.18,321.71,1031.82,7325,3.55,7.47,4100.0,0.044,PM2.5-1HR
945,DEU_DEBE032,2025-01-12,2.23,-0.88,84.92,0,3.26,319.84,1032.04,0,2.79,6.406,4100.0,0.861,PM2.5-1HR
945,DEU_DEBE034,2025-01-12,4.78,-0.76,84.96,0,3.15,320.97,1031.87,8636.93,3.69,7.666,4100.0,0.331,PM2.5-1HR
945,DEU_DEBE051,2025-01-12,2.82,-1.32,86.67,0,3.45,329.14,1031.72,465.56,2.25,5.65,4100.0,0.134,PM2.5-1HR
945,DEU_DEBE056,2025-01-12,2.9,-0.67,85.46,0,3.39,321.03,1031.58,343.06,2.36,5.804,4100.0,0.106,PM2.5-1HR
945,DEU_DEBE061,2025-01-12,4.45,-0.76,84.96,0,3.15,320.97,1031.87,8418.27,3.46,7.344,4100.0,0.009,PM2.5-1HR
945,DEU_DEBE065,2025-01-12,5.17,-1.03,85.58,0,3.18,321.71,1031.82,8391.58,3.6,7.54,4100.0,0.004,PM2.5-1HR
945,DEU_DEBE068,2025-01-12,3.78,-1.03,85.58,0,3.18,321.71,1031.82,6915.53,3.69,7.666,4100.0,0.072,PM2.5-1HR
945,DEU_DEBE069,2025-01-12,5.75,-0.76,84.96,0,3.15,320.97,1031.87,8191.19,3.72,7.708,4100.0,0.012,PM2.5-1HR
945,DEU_DEBE125,2025-01-12,4.79,-0.76,84.96,0,3.15,320.97,1031.87,6357.97,3.69,7.666,4100.0,0.01,PM2.5-1HR
945,DEU_DEBE126,2025-01-12,6.17,-0.76,84.96,0,3.15,320.97,1031.87,8426.55,3.69,7.666,4100.0,0.007,PM2.5-1HR
945,DEU_DEBE127,2025-01-12,5.79,-0.76,84.96,0,3.15,320.97,1031.87,7640.61,3.75,7.75,4100.0,0.056,PM2.5-1HR
945,DEU_DEBE127,2025-01-13,12.32,-2.55,83.88,0,1.81,252.9,1041.93,7640.61,3.61,7.554,4100.0,0.056,PM2.5-1HR
945,DEU_DEBE010,2025-01-13,9.23,-3.55,87.17,0,1.73,252.93,1041.88,7325,3.35,7.19,4100.0,0.044,PM2.5-1HR
945,DEU_DEBE032,2025-01-13,3.47,-3.11,87.04,0,1.58,252.37,1041.95,0,2.55,6.07,4100.0,0.861,PM2.5-1HR
945,DEU_DEBE034,2025-01-13,11.69,-2.55,83.88,0,1.81,252.9,1041.93,8636.93,3.53,7.442,4100.0,0.331,PM2.5-1HR
945,DEU_DEBE051,2025-01-13,7.71,-4.12,90.08,0,2.09,250.37,1041.78,465.56,2.35,5.79,4100.0,0.134,PM2.5-1HR
945,DEU_DEBE056,2025-01-13,6.77,-2.28,85.71,0,1.99,258.76,1041.93,343.06,2.39,5.846,4100.0,0.106,PM2.5-1HR
945,DEU_DEBE061,2025-01-13,10.1,-2.55,83.88,0,1.81,252.9,1041.93,8418.27,3.29,7.106,4100.0,0.009,PM2.5-1HR
945,DEU_DEBE065,2025-01-13,13.26,-3.55,87.17,0,1.73,252.93,1041.88,8391.58,3.48,7.372,4100.0,0.004,PM2.5-1HR
945,DEU_DEBE068,2025-01-13,9.9,-3.55,87.17,0,1.73,252.93,1041.88,6915.53,3.53,7.442,4100.0,0.072,PM2.5-1HR
945,DEU_DEBE069,2025-01-13,13.53,-2.55,83.88,0,1.81,252.9,1041.93,8191.19,3.57,7.498,4100.0,0.012,PM2.5-1HR
945,DEU_DEBE125,2025-01-13,10.27,-2.55,83.88,0,1.81,252.9,1041.93,6357.97,3.53,7.442,4100.0,0.01,PM2.5-1HR
945,DEU_DEBE126,2025-01-13,11.45,-2.55,83.88,0,1.81,252.9,1041.93,8426.55,3.53,7.442,4100.0,0.007,PM2.5-1HR
945,DEU_DEBE127,2025-01-14,18.01,-0.78,74.54,0.11,3.6,245.41,1031.95,7640.61,11.52,18.628,4100.0,0.056,PM2.5-1HR
945,DEU_DEBE010,2025-01-14,13.38,-1.22,79.25,0.1,3.72,244.91,1031.79,7325,10.49,17.186,4100.0,0.044,PM2.5-1HR
945,DEU_DEBE032,2025-01-14,5.84,-1.03,79.33,0.08,3.23,243.31,1032,0,6.22,11.208,4100.0,0.861,PM2.5-1HR
945,DEU_DEBE034,2025-01-14,16.45,-0.78,74.54,0.11,3.6,245.41,1031.95,8636.93,11.15,18.11,4100.0,0.331,PM2.5-1HR
945,DEU_DEBE051,2025-01-14,11.8,-1.43,82.04,0.1,4.14,243.21,1031.46,465.56,7.74,13.336,4100.0,0.134,PM2.5-1HR
945,DEU_DEBE056,2025-01-14,13.82,-0.69,76.96,0.1,3.59,242.89,1031.93,343.06,8.75,14.75,4100.0,0.106,PM2.5-1HR
945,DEU_DEBE061,2025-01-14,14.99,-0.78,74.54,0.11,3.6,245.41,1031.95,8418.27,10.04,16.556,4100.0,0.009,PM2.5-1HR
945,DEU_DEBE065,2025-01-14,19.41,-1.22,79.25,0.1,3.72,244.91,1031.79,8391.58,11.16,18.124,4100.0,0.004,PM2.5-1HR
945,DEU_DEBE068,2025-01-14,14.47,-1.22,79.25,0.1,3.72,244.91,1031.79,6915.53,11.15,18.11,4100.0,0.072,PM2.5-1HR
945,DEU_DEBE069,2025-01-14,19.12,-0.78,74.54,0.11,3.6,245.41,1031.95,8191.19,11.26,18.264,4100.0,0.012,PM2.5-1HR
945,DEU_DEBE125,2025-01-14,15.47,-0.78,74.54,0.11,3.6,245.41,1031.95,6357.97,11.15,18.11,4100.0,0.01,PM2.5-1HR
945,DEU_DEBE126,2025-01-14,16.07,-0.78,74.54,0.11,3.6,245.41,1031.95,8426.55,11.15,18.11,4100.0,0.007,PM2.5-1HR
945,DEU_DEBE127,2025-01-15,13.59,2.89,98.83,0,2.7,307.01,1029.61,7640.61,8.48,14.372,4100.0,0.056,PM2.5-1HR
945,DEU_DEBE010,2025-01-15,10.86,2.67,99.17,0,2.73,302.77,1029.55,7325,7.89,13.546,4100.0,0.044,PM2.5-1HR
945,DEU_DEBE032,2025-01-15,4.88,2.54,99.33,0,2.64,309.02,1029.71,0,4.57,8.898,4100.0,0.861,PM2.5-1HR
945,DEU_DEBE034,2025-01-15,12.26,2.89,98.83,0,2.7,307.01,1029.61,8636.93,8.29,14.106,4100.0,0.331,PM2.5-1HR
945,DEU_DEBE051,2025-01-15,9.03,2.28,99.58,0,2.7,299.63,1029.41,465.56,5.77,10.578,4100.0,0.134,PM2.5-1HR
945,DEU_DEBE056,2025-01-15,8.77,2.3,99.46,0.01,2.64,298.71,1029.47,343.06,5.75,10.55,4100.0,0.106,PM2.5-1HR
945,DEU_DEBE061,2025-01-15,11.01,2.89,98.83,0,2.7,307.01,1029.61,8418.27,7.6,13.14,4100.0,0.009,PM2.5-1HR
945,DEU_DEBE065,2025-01-15,13.48,2.67,99.17,0,2.73,302.77,1029.55,8391.58,8.3,14.12,4100.0,0.004,PM2.5-1HR
945,DEU_DEBE068,2025-01-15,11.61,2.67,99.17,0,2.73,302.77,1029.55,6915.53,8.29,14.106,4100.0,0.072,PM2.5-1HR
945,DEU_DEBE069,2025-01-15,14.59,2.89,98.83,0,2.7,307.01,1029.61,8191.19,8.46,14.344,4100.0,0.012,PM2.5-1HR
945,DEU_DEBE125,2025-01-15,12.01,2.89,98.83,0,2.7,307.01,1029.61,6357.97,8.29,14.106,4100.0,0.01,PM2.5-1HR
945,DEU_DEBE126,2025-01-15,13.39,2.89,98.83,0,2.7,307.01,1029.61,8426.55,8.29,14.106,4100.0,0.007,PM2.5-1HR
945,DEU_DEBE127,2025-01-16,13.25,2.07,95.29,0,2.38,248.73,1037.25,7640.61,5.07,9.598,4100.0,0.056,PM2.5-1HR
945,DEU_DEBE010,2025-01-16,10.03,2.01,96,0,2.48,244.35,1037.17,7325,4.13,8.282,4100.0,0.044,PM2.5-1HR
945,DEU_DEBE032,2025-01-16,6.53,1.78,95.88,0,2.17,240.06,1037.27,0,2.75,6.35,4100.0,0.861,PM2.5-1HR
945,DEU_DEBE034,2025-01-16,12.25,2.07,95.29,0,2.38,248.73,1037.25,8636.93,4.91,9.374,4100.0,0.331,PM2.5-1HR
945,DEU_DEBE051,2025-01-16,8.33,1.63,97.54,0,2.72,234.34,1037,465.56,4.12,8.268,4100.0,0.134,PM2.5-1HR
945,DEU_DEBE056,2025-01-16,9,2.04,95.29,0,2.27,242.27,1037.25,343.06,3.31,7.134,4100.0,0.106,PM2.5-1HR
945,DEU_DEBE061,2025-01-16,10.43,2.07,95.29,0,2.38,248.73,1037.25,8418.27,4.51,8.814,4100.0,0.009,PM2.5-1HR
945,DEU_DEBE065,2025-01-16,14.08,2.01,96,0,2.48,244.35,1037.17,8391.58,4.54,8.856,4100.0,0.004,PM2.5-1HR
945,DEU_DEBE068,2025-01-16,10.96,2.01,96,0,2.48,244.35,1037.17,6915.53,4.91,9.374,4100.0,0.072,PM2.5-1HR
945,DEU_DEBE069,2025-01-16,16.87,2.07,95.29,0,2.38,248.73,1037.25,8191.19,4.96,9.444,4100.0,0.012,PM2.5-1HR
945,DEU_DEBE125,2025-01-16,11.48,2.07,95.29,0,2.38,248.73,1037.25,6357.97,4.91,9.374,4100.0,0.01,PM2.5-1HR
945,DEU_DEBE126,2025-01-16,12.11,2.07,95.29,0,2.38,248.73,1037.25,8426.55,4.91,9.374,4100.0,0.007,PM2.5-1HR
945,DEU_DEBE127,2025-01-17,18.95,-0.42,95.08,0,1.63,239.42,1038.2,7640.61,14.5,22.8,4100.0,0.056,PM2.5-1HR
945,DEU_DEBE010,2025-01-17,17.24,-0.51,95.75,0,1.67,238.97,1038.15,7325,13.79,21.806,4100.0,0.044,PM2.5-1HR
945,DEU_DEBE032,2025-01-17,13.36,-0.78,95.13,0,1.47,239.06,1038.22,0,10.51,17.214,4100.0,0.861,PM2.5-1HR
945,DEU_DEBE034,2025-01-17,18.21,-0.42,95.08,0,1.63,239.42,1038.2,8636.93,14.27,22.478,4100.0,0.331,PM2.5-1HR
945,DEU_DEBE051,2025-01-17,15.9,-0.42,96.83,0,2.12,238.37,1038.05,465.56,14.07,22.198,4100.0,0.134,PM2.5-1HR
945,DEU_DEBE056,2025-01-17,14.22,-0.2,94.58,0,1.96,236.26,1038.2,343.06,12.07,19.398,4100.0,0.106,PM2.5-1HR
945,DEU_DEBE061,2025-01-17,16.69,-0.42,95.08,0,1.63,239.42,1038.2,8418.27,13.3,21.12,4100.0,0.009,PM2.5-1HR
945,DEU_DEBE065,2025-01-17,22.42,-0.51,95.75,0,1.67,238.97,1038.15,8391.58,14.02,22.128,4100.0,0.004,PM2.5-1HR
945,DEU_DEBE068,2025-01-17,16.91,-0.51,95.75,0,1.67,238.97,1038.15,6915.53,14.27,22.478,4100.0,0.072,PM2.5-1HR
945,DEU_DEBE069,2025-01-17,24.1,-0.42,95.08,0,1.63,239.42,1038.2,8191.19,14.06,22.184,4100.0,0.012,PM2.5-1HR
945,DEU_DEBE125,2025-01-17,18.48,-0.42,95.08,0,1.63,239.42,1038.2,6357.97,14.27,22.478,4100.0,0.01,PM2.5-1HR
945,DEU_DEBE126,2025-01-17,18.5,-0.42,95.08,0,1.63,239.42,1038.2,8426.55,14.27,22.478,4100.0,0.007,PM2.5-1HR
945,DEU_DEBE010,2025-01-18,17.33,-2.03,94.71,0,0.93,321.56,1034.51,7325,10.86,17.704,4100.0,0.044,PM2.5-1HR
945,DEU_DEBE032,2025-01-18,12.66,-2.31,95.54,0,0.88,347.64,1034.52,0,7.2,12.58,4100.0,0.861,PM2.5-1HR
945,DEU_DEBE034,2025-01-18,21.93,-2.2,95.04,0,0.91,330.47,1034.51,8636.93,11.12,18.068,4100.0,0.331,PM2.5-1HR
945,DEU_DEBE051,2025-01-18,10.1,-2.14,94.96,0,1.05,279.67,1034.51,465.56,5.58,10.312,4100.0,0.134,PM2.5-1HR
945,DEU_DEBE056,2025-01-18,14.85,-1.8,94.71,0,1.03,313.16,1034.52,343.06,8.58,14.512,4100.0,0.106,PM2.5-1HR
945,DEU_DEBE061,2025-01-18,21.18,-2.2,95.04,0,0.91,330.47,1034.51,8418.27,10.25,16.85,4100.0,0.009,PM2.5-1HR
945,DEU_DEBE065,2025-01-18,23.61,-2.03,94.71,0,0.93,321.56,1034.51,8391.58,11.17,18.138,4100.0,0.004,PM2.5-1HR
945,DEU_DEBE068,2025-01-18,21.06,-2.03,94.71,0,0.93,321.56,1034.51,6915.53,11.12,18.068,4100.0,0.072,PM2.5-1HR
945,DEU_DEBE069,2025-01-18,26.21,-2.2,95.04,0,0.91,330.47,1034.51,8191.19,11.01,17.914,4100.0,0.012,PM2.5-1HR
945,DEU_DEBE125,2025-01-18,22.91,-2.2,95.04,0,0.91,330.47,1034.51,6357.97,11.12,18.068,4100.0,0.01,PM2.5-1HR
945,DEU_DEBE126,2025-01-18,22.89,-2.2,95.04,0,0.91,330.47,1034.51,8426.55,11.12,18.068,4100.0,0.007,PM2.5-1HR
945,DEU_DEBE127,2025-01-18,24.57,-2.2,95.04,0,0.91,330.47,1034.51,7640.61,11.26,18.264,4100.0,0.056,PM2.5-1HR
945,DEU_DEBE010,2025-01-19,21.35,0.03,83.13,0,2.61,106.39,1026.74,7325,15.92,24.788,4100.0,0.044,PM2.5-1HR
945,DEU_DEBE032,2025-01-19,18.36,0.15,82.58,0,2.53,105.24,1026.56,0,14.19,22.366,4100.0,0.861,PM2.5-1HR
945,DEU_DEBE034,2025-01-19,22.12,0.12,82.79,0,2.52,102.41,1026.68,8636.93,16.13,25.082,4100.0,0.331,PM2.5-1HR
945,DEU_DEBE051,2025-01-19,15.22,-0.05,82.17,0,2.57,114.21,1026.82,465.56,7.78,13.392,4100.0,0.134,PM2.5-1HR
945,DEU_DEBE056,2025-01-19,15.98,0.11,84.42,0,2.43,101.16,1026.9,343.06,9.6,15.94,4100.0,0.106,PM2.5-1HR
945,DEU_DEBE061,2025-01-19,23.63,0.12,82.79,0,2.52,102.41,1026.68,8418.27,15.58,24.312,4100.0,0.009,PM2.5-1HR
945,DEU_DEBE065,2025-01-19,24.19,0.03,83.13,0,2.61,106.39,1026.74,8391.58,15.81,24.634,4100.0,0.004,PM2.5-1HR
945,DEU_DEBE068,2025-01-19,22.14,0.03,83.13,0,2.61,106.39,1026.74,6915.53,16.13,25.082,4100.0,0.072,PM2.5-1HR
945,DEU_DEBE069,2025-01-19,24.59,0.12,82.79,0,2.52,102.41,1026.68,8191.19,16.03,24.942,4100.0,0.012,PM2.5-1HR
945,DEU_DEBE125,2025-01-19,23.37,0.12,82.79,0,2.52,102.41,1026.68,6357.97,16.13,25.082,4100.0,0.01,PM2.5-1HR
945,DEU_DEBE126,2025-01-19,23.11,0.12,82.79,0,2.52,102.41,1026.68,8426.55,16.13,25.082,4100.0,0.007,PM2.5-1HR
945,DEU_DEBE127,2025-01-19,24.03,0.12,82.79,0,2.52,102.41,1026.68,7640.61,16.12,25.068,4100.0,0.056,PM2.5-1HR
945,DEU_DEBE010,2025-01-20,29.98,1.49,79.29,0,2.51,168.27,1019.9,7325,18.2,27.98,4100.0,0.044,PM2.5-1HR
945,DEU_DEBE032,2025-01-20,24.54,1.29,79.54,0,2.4,166.23,1019.82,0,13.74,21.736,4100.0,0.861,PM2.5-1HR
945,DEU_DEBE034,2025-01-20,32.56,1.54,78.58,0,2.4,167.75,1019.88,8636.93,18.62,28.568,4100.0,0.331,PM2.5-1HR
945,DEU_DEBE051,2025-01-20,25.25,1.4,78.79,0,3,172.41,1019.85,465.56,14.57,22.898,4100.0,0.134,PM2.5-1HR
945,DEU_DEBE056,2025-01-20,24.4,1.65,77.58,0,2.67,166.85,1020.1,343.06,9.99,16.486,4100.0,0.106,PM2.5-1HR
945,DEU_DEBE061,2025-01-20,30.92,1.54,78.58,0,2.4,167.75,1019.88,8418.27,17.49,26.986,4100.0,0.009,PM2.5-1HR
945,DEU_DEBE065,2025-01-20,35.26,1.49,79.29,0,2.51,168.27,1019.9,8391.58,18.71,28.694,4100.0,0.004,PM2.5-1HR
945,DEU_DEBE068,2025-01-20,30.83,1.49,79.29,0,2.51,168.27,1019.9,6915.53,18.62,28.568,4100.0,0.072,PM2.5-1HR
945,DEU_DEBE069,2025-01-20,36.56,1.54,78.58,0,2.4,167.75,1019.88,8191.19,18.53,28.442,4100.0,0.012,PM2.5-1HR
945,DEU_DEBE125,2025-01-20,32.36,1.54,78.58,0,2.4,167.75,1019.88,6357.97,18.62,28.568,4100.0,0.01,PM2.5-1HR
945,DEU_DEBE126,2025-01-20,32.36,1.54,78.58,0,2.4,167.75,1019.88,8426.55,18.62,28.568,4100.0,0.007,PM2.5-1HR
945,DEU_DEBE127,2025-01-20,34.99,1.54,78.58,0,2.4,167.75,1019.88,7640.61,18.9,28.96,4100.0,0.056,PM2.5-1HR
945,DEU_DEBE010,2025-01-21,24.13,-1.75,89.83,0,1.54,223.65,1018.69,7325,21.96,33.244,4100.0,0.044,PM2.5-1HR
945,DEU_DEBE032,2025-01-21,19.54,-1.6,89.5,0,1.52,224.07,1018.7,0,18.66,28.624,4100.0,0.861,PM2.5-1HR
945,DEU_DEBE034,2025-01-21,25.42,-1.61,90.29,0,1.53,223.78,1018.73,8636.93,22.28,33.692,4100.0,0.331,PM2.5-1HR
945,DEU_DEBE051,2025-01-21,21.9,-2.07,88.71,0,1.78,220.51,1018.63,465.56,17.27,26.678,4100.0,0.134,PM2.5-1HR
945,DEU_DEBE056,2025-01-21,19.96,-1.55,91.17,0,1.4,231.49,1018.76,343.06,16.42,25.488,4100.0,0.106,PM2.5-1HR
945,DEU_DEBE061,2025-01-21,24.35,-1.61,90.29,0,1.53,223.78,1018.73,8418.27,21.39,32.446,4100.0,0.009,PM2.5-1HR
945,DEU_DEBE065,2025-01-21,29.97,-1.75,89.83,0,1.54,223.65,1018.69,8391.58,22.21,33.594,4100.0,0.004,PM2.5-1HR
945,DEU_DEBE068,2025-01-21,24.67,-1.75,89.83,0,1.54,223.65,1018.69,6915.53,22.28,33.692,4100.0,0.072,PM2.5-1HR
945,DEU_DEBE069,2025-01-21,30.34,-1.61,90.29,0,1.53,223.78,1018.73,8191.19,22.09,33.426,4100.0,0.012,PM2.5-1HR
945,DEU_DEBE125,2025-01-21,25.57,-1.61,90.29,0,1.53,223.78,1018.73,6357.97,22.28,33.692,4100.0,0.01,PM2.5-1HR
945,DEU_DEBE126,2025-01-21,25.52,-1.61,90.29,0,1.53,223.78,1018.73,8426.55,22.28,33.692,4100.0,0.007,PM2.5-1HR
945,DEU_DEBE127,2025-01-21,27.34,-1.61,90.29,0,1.53,223.78,1018.73,7640.61,22.4,33.86,4100.0,0.056,PM2.5-1HR
945,DEU_DEBE010,2025-01-22,22.57,-0.27,82.63,0,2.63,135.36,1012.53,7325,16.06,24.984,4100.0,0.044,PM2.5-1HR
945,DEU_DEBE032,2025-01-22,17.14,-0.21,83.08,0,2.68,135.87,1012.37,0,14.33,22.562,4100.0,0.861,PM2.5-1HR
945,DEU_DEBE034,2025-01-22,23.13,-0.28,82.63,0,2.53,136.57,1012.53,8636.93,16.25,25.25,4100.0,0.331,PM2.5-1HR
945,DEU_DEBE051,2025-01-22,20.58,-0.21,82.04,0,3.01,146.04,1012.49,465.56,12.67,20.238,4100.0,0.134,PM2.5-1HR
945,DEU_DEBE056,2025-01-22,17.81,-0.23,83.96,0,2.48,138.03,1012.83,343.06,11.05,17.97,4100.0,0.106,PM2.5-1HR
945,DEU_DEBE061,2025-01-22,22.05,-0.28,82.63,0,2.53,136.57,1012.53,8418.27,15.72,24.508,4100.0,0.009,PM2.5-1HR
945,DEU_DEBE065,2025-01-22,26.64,-0.27,82.63,0,2.63,135.36,1012.53,8391.58,16.18,25.152,4100.0,0.004,PM2.5-1HR
945,DEU_DEBE068,2025-01-22,22.6,-0.27,82.63,0,2.63,135.36,1012.53,6915.53,16.25,25.25,4100.0,0.072,PM2.5-1HR
945,DEU_DEBE069,2025-01-22,24.29,-0.28,82.63,0,2.53,136.57,1012.53,8191.19,16.25,25.25,4100.0,0.012,PM2.5-1HR
945,DEU_DEBE125,2025-01-22,24.89,-0.28,82.63,0,2.53,136.57,1012.53,6357.97,16.25,25.25,4100.0,0.01,PM2.5-1HR
945,DEU_DEBE126,2025-01-22,23.78,-0.28,82.63,0,2.53,136.57,1012.53,8426.55,16.25,25.25,4100.0,0.007,PM2.5-1HR
945,DEU_DEBE127,2025-01-22,24.99,-0.28,82.63,0,2.53,136.57,1012.53,7640.61,16.4,25.46,4100.0,0.056,PM2.5-1HR
945,DEU_DEBE010,2025-01-23,13.76,1.69,88.54,0.18,4.37,198.62,1004.32,7325,8.5,14.4,4100.0,0.044,PM2.5-1HR
945,DEU_DEBE032,2025-01-23,10.42,1.78,88.96,0.2,4.41,198.49,1004.29,0,6.12,11.068,4100.0,0.861,PM2.5-1HR
945,DEU_DEBE034,2025-01-23,14.69,1.8,87.88,0.16,4.38,198.3,1004.41,8636.93,8.9,14.96,4100.0,0.331,PM2.5-1HR
945,DEU_DEBE051,2025-01-23,11.5,1.25,91.58,0.21,4.67,198.02,1004.12,465.56,5.98,10.872,4100.0,0.134,PM2.5-1HR
945,DEU_DEBE056,2025-01-23,10.36,1.35,89.83,0.11,4.41,198.26,1004.76,343.06,5.95,10.83,4100.0,0.106,PM2.5-1HR
945,DEU_DEBE061,2025-01-23,13.95,1.8,87.88,0.16,4.38,198.3,1004.41,8418.27,8.16,13.924,4100.0,0.009,PM2.5-1HR
945,DEU_DEBE065,2025-01-23,17.6,1.69,88.54,0.18,4.37,198.62,1004.32,8391.58,8.84,14.876,4100.0,0.004,PM2.5-1HR
945,DEU_DEBE068,2025-01-23,14.16,1.69,88.54,0.18,4.37,198.62,1004.32,6915.53,8.9,14.96,4100.0,0.072,PM2.5-1HR
945,DEU_DEBE069,2025-01-23,20.03,1.8,87.88,0.16,4.38,198.3,1004.41,8191.19,8.71,14.694,4100.0,0.012,PM2.5-1HR
945,DEU_DEBE125,2025-01-23,14.91,1.8,87.88,0.16,4.38,198.3,1004.41,6357.97,8.9,14.96,4100.0,0.01,PM2.5-1HR
945,DEU_DEBE126,2025-01-23,14.81,1.8,87.88,0.16,4.38,198.3,1004.41,8426.55,8.9,14.96,4100.0,0.007,PM2.5-1HR
945,DEU_DEBE127,2025-01-23,15.76,1.8,87.88,0.16,4.38,198.3,1004.41,7640.61,9.06,15.184,4100.0,0.056,PM2.5-1HR
945,DEU_DEBE010,2025-01-24,7.94,4.48,85.75,0.08,4.03,196.28,1008.49,7325,6.12,11.068,4100.0,0.044,PM2.5-1HR
945,DEU_DEBE032,2025-01-24,5.19,4.51,85.42,0.08,4.15,194.55,1008.44,0,4.24,8.436,4100.0,0.861,PM2.5-1HR
945,DEU_DEBE034,2025-01-24,8.96,4.58,85.21,0.08,4.1,196.43,1008.59,8636.93,6.22,11.208,4100.0,0.331,PM2.5-1HR
945,DEU_DEBE051,2025-01-24,7.73,4.24,86.38,0.08,4.46,194.65,1008.28,465.56,4.65,9.01,4100.0,0.134,PM2.5-1HR
945,DEU_DEBE056,2025-01-24,5.45,4.51,84.46,0.07,4.12,197.51,1008.98,343.06,3.39,7.246,4100.0,0.106,PM2.5-1HR
945,DEU_DEBE061,2025-01-24,7.33,4.58,85.21,0.08,4.1,196.43,1008.59,8418.27,5.73,10.522,4100.0,0.009,PM2.5-1HR
945,DEU_DEBE065,2025-01-24,12.87,4.48,85.75,0.08,4.03,196.28,1008.49,8391.58,6.34,11.376,4100.0,0.004,PM2.5-1HR
945,DEU_DEBE068,2025-01-24,8.19,4.48,85.75,0.08,4.03,196.28,1008.49,6915.53,6.22,11.208,4100.0,0.072,PM2.5-1HR
945,DEU_DEBE069,2025-01-24,10.1,4.58,85.21,0.08,4.1,196.43,1008.59,8191.19,6.07,10.998,4100.0,0.012,PM2.5-1HR
945,DEU_DEBE125,2025-01-24,8.48,4.58,85.21,0.08,4.1,196.43,1008.59,6357.97,6.22,11.208,4100.0,0.01,PM2.5-1HR
945,DEU_DEBE126,2025-01-24,9.71,4.58,85.21,0.08,4.1,196.43,1008.59,8426.55,6.22,11.208,4100.0,0.007,PM2.5-1HR
945,DEU_DEBE127,2025-01-24,8.79,4.58,85.21,0.08,4.1,196.43,1008.59,7640.61,6.3,11.32,4100.0,0.056,PM2.5-1HR
945,DEU_DEBE010,2025-01-25,4.83,8.98,77.25,0.03,4.06,218.41,1006.45,7325,4.28,8.492,4100.0,0.044,PM2.5-1HR
945,DEU_DEBE032,2025-01-25,3.53,8.96,76.71,0.03,4.14,216.91,1006.45,0,2.74,6.336,4100.0,0.861,PM2.5-1HR
945,DEU_DEBE034,2025-01-25,7.42,9.17,76.08,0.03,4.12,217.54,1006.54,8636.93,4.55,8.87,4100.0,0.331,PM2.5-1HR
945,DEU_DEBE051,2025-01-25,4.07,8.55,79.5,0.03,4.37,218.03,1006.3,465.56,2.63,6.182,4100.0,0.134,PM2.5-1HR
945,DEU_DEBE056,2025-01-25,3.71,9.05,74.83,0.03,4.12,217.22,1006.83,343.06,2.96,6.644,4100.0,0.106,PM2.5-1HR
945,DEU_DEBE061,2025-01-25,4.76,9.17,76.08,0.03,4.12,217.54,1006.54,8418.27,4.2,8.38,4100.0,0.009,PM2.5-1HR
945,DEU_DEBE065,2025-01-25,8.41,8.98,77.25,0.03,4.06,218.41,1006.45,8391.58,4.57,8.898,4100.0,0.004,PM2.5-1HR
945,DEU_DEBE068,2025-01-25,5.7,8.98,77.25,0.03,4.06,218.41,1006.45,6915.53,4.55,8.87,4100.0,0.072,PM2.5-1HR
945,DEU_DEBE069,2025-01-25,8.26,9.17,76.08,0.03,4.12,217.54,1006.54,8191.19,4.64,8.996,4100.0,0.012,PM2.5-1HR
945,DEU_DEBE125,2025-01-25,6.07,9.17,76.08,0.03,4.12,217.54,1006.54,6357.97,4.55,8.87,4100.0,0.01,PM2.5-1HR
945,DEU_DEBE126,2025-01-25,7.64,9.17,76.08,0.03,4.12,217.54,1006.54,8426.55,4.55,8.87,4100.0,0.007,PM2.5-1HR
945,DEU_DEBE127,2025-01-25,7.68,9.17,76.08,0.03,4.12,217.54,1006.54,7640.61,4.75,9.15,4100.0,0.056,PM2.5-1HR
945,DEU_DEBE010,2025-01-26,7,6.65,91.96,0.34,3.35,207.82,1006.19,7325,4.23,8.422,4100.0,0.044,PM2.5-1HR
945,DEU_DEBE032,2025-01-26,5.55,6.56,92.38,0.26,3.35,209.26,1006.17,0,2.75,6.35,4100.0,0.861,PM2.5-1HR
945,DEU_DEBE034,2025-01-26,8.74,6.79,91.42,0.24,3.34,202.95,1006.22,8636.93,4.66,9.024,4100.0,0.331,PM2.5-1HR
945,DEU_DEBE051,2025-01-26,5.53,6.23,92.17,0.3,3.22,227.46,1006.15,465.56,2.9,6.56,4100.0,0.134,PM2.5-1HR
945,DEU_DEBE056,2025-01-26,5.91,6.65,89.29,0.17,3.47,196.22,1006.43,343.06,2.18,5.552,4100.0,0.106,PM2.5-1HR
945,DEU_DEBE061,2025-01-26,7.77,6.79,91.42,0.24,3.34,202.95,1006.22,8418.27,4.34,8.576,4100.0,0.009,PM2.5-1HR
945,DEU_DEBE065,2025-01-26,9.85,6.65,91.96,0.34,3.35,207.82,1006.19,8391.58,4.43,8.702,4100.0,0.004,PM2.5-1HR
945,DEU_DEBE068,2025-01-26,7.5,6.65,91.96,0.34,3.35,207.82,1006.19,6915.53,4.66,9.024,4100.0,0.072,PM2.5-1HR
945,DEU_DEBE069,2025-01-26,13.06,6.79,91.42,0.24,3.34,202.95,1006.22,8191.19,4.84,9.276,4100.0,0.012,PM2.5-1HR
945,DEU_DEBE125,2025-01-26,8.18,6.79,91.42,0.24,3.34,202.95,1006.22,6357.97,4.66,9.024,4100.0,0.01,PM2.5-1HR
945,DEU_DEBE126,2025-01-26,8.74,6.79,91.42,0.24,3.34,202.95,1006.22,8426.55,4.66,9.024,4100.0,0.007,PM2.5-1HR
945,DEU_DEBE127,2025-01-26,9.57,6.79,91.42,0.24,3.34,202.95,1006.22,7640.61,4.88,9.332,4100.0,0.056,PM2.5-1HR
945,DEU_DEBE010,2025-01-27,4.77,7.67,78.54,0.07,4.46,180.6,999.21,7325,3.54,7.456,4100.0,0.044,PM2.5-1HR
945,DEU_DEBE032,2025-01-27,3.39,7.69,78.29,0.08,4.65,180.12,999.03,0,2.48,5.972,4100.0,0.861,PM2.5-1HR
945,DEU_DEBE034,2025-01-27,5.72,7.78,77.63,0.07,4.49,181.07,999.25,8636.93,3.65,7.61,4100.0,0.331,PM2.5-1HR
945,DEU_DEBE051,2025-01-27,4.17,7.4,79.75,0.08,4.91,178.56,999.05,465.56,2.49,5.986,4100.0,0.134,PM2.5-1HR
945,DEU_DEBE056,2025-01-27,3.61,7.1,80.21,0.06,4.39,177.91,999.82,343.06,2.09,5.426,4100.0,0.106,PM2.5-1HR
945,DEU_DEBE061,2025-01-27,4.32,7.78,77.63,0.07,4.49,181.07,999.25,8418.27,3.4,7.26,4100.0,0.009,PM2.5-1HR
945,DEU_DEBE065,2025-01-27,7.94,7.67,78.54,0.07,4.46,180.6,999.21,8391.58,3.74,7.736,4100.0,0.004,PM2.5-1HR
945,DEU_DEBE068,2025-01-27,6.04,7.67,78.54,0.07,4.46,180.6,999.21,6915.53,3.65,7.61,4100.0,0.072,PM2.5-1HR
945,DEU_DEBE069,2025-01-27,6.42,7.78,77.63,0.07,4.49,181.07,999.25,8191.19,3.6,7.54,4100.0,0.012,PM2.5-1HR
945,DEU_DEBE125,2025-01-27,5.48,7.78,77.63,0.07,4.49,181.07,999.25,6357.97,3.65,7.61,4100.0,0.01,PM2.5-1HR
945,DEU_DEBE126,2025-01-27,6.54,7.78,77.63,0.07,4.49,181.07,999.25,8426.55,3.65,7.61,4100.0,0.007,PM2.5-1HR
945,DEU_DEBE127,2025-01-27,6.75,7.78,77.63,0.07,4.49,181.07,999.25,7640.61,3.7,7.68,4100.0,0.056,PM2.5-1HR
945,DEU_DEBE010,2025-02-08,26,1.86,75.25,0,3.46,97.1,1029.9,7325,21.71,32.894,4100.0,0.044,PM2.5-1HR
945,DEU_DEBE032,2025-02-08,21.49,2.2,74.13,0,3.49,97.97,1029.64,0,19.97,30.458,4100.0,0.861,PM2.5-1HR
945,DEU_DEBE034,2025-02-08,26.39,2.08,74.63,0,3.39,98.06,1029.77,8636.93,22.08,33.412,4100.0,0.331,PM2.5-1HR
945,DEU_DEBE051,2025-02-08,22.14,1.52,73.29,0,3.74,98.45,1030.17,465.56,16.46,25.544,4100.0,0.134,PM2.5-1HR
945,DEU_DEBE056,2025-02-08,21.23,2.13,72.88,0,3.52,98.89,1029.91,343.06,17.13,26.482,4100.0,0.106,PM2.5-1HR
945,DEU_DEBE061,2025-02-08,27.54,2.08,74.63,0,3.39,98.06,1029.77,8418.27,21.46,32.544,4100.0,0.009,PM2.5-1HR
945,DEU_DEBE065,2025-02-08,29.32,1.86,75.25,0,3.46,97.1,1029.9,8391.58,21.81,33.034,4100.0,0.004,PM2.5-1HR
945,DEU_DEBE068,2025-02-08,26.29,1.86,75.25,0,3.46,97.1,1029.9,6915.53,22.08,33.412,4100.0,0.072,PM2.5-1HR
945,DEU_DEBE069,2025-02-08,29.28,2.08,74.63,0,3.39,98.06,1029.77,8191.19,22.11,33.454,4100.0,0.012,PM2.5-1HR
945,DEU_DEBE125,2025-02-08,27.43,2.08,74.63,0,3.39,98.06,1029.77,6357.97,22.08,33.412,4100.0,0.01,PM2.5-1HR
945,DEU_DEBE126,2025-02-08,28.03,2.08,74.63,0,3.39,98.06,1029.77,8426.55,22.08,33.412,4100.0,0.007,PM2.5-1HR
945,DEU_DEBE127,2025-02-08,29.81,2.08,74.63,0,3.39,98.06,1029.77,7640.61,22.26,33.664,4100.0,0.056,PM2.5-1HR
945,DEU_DEBE010,2025-02-09,34.66,0.02,80,0,2.5,63.33,1031.2,7325,32.22,47.608,4100.0,0.044,PM2.5-1HR
945,DEU_DEBE032,2025-02-09,28.98,0.13,80.79,0,2.41,63.06,1031.07,0,29.58,43.912,4100.0,0.861,PM2.5-1HR
945,DEU_DEBE034,2025-02-09,35.6,0.05,80.54,0,2.44,64.13,1031.1,8636.93,32.7,48.28,4100.0,0.331,PM2.5-1HR
945,DEU_DEBE051,2025-02-09,29.43,-0.25,79.38,0,2.79,63.73,1031.38,465.56,25.65,38.41,4100.0,0.134,PM2.5-1HR
945,DEU_DEBE056,2025-02-09,29.43,-0.1,82,0,2.5,65.03,1031.08,343.06,25.31,37.934,4100.0,0.106,PM2.5-1HR
945,DEU_DEBE061,2025-02-09,36.8,0.05,80.54,0,2.44,64.13,1031.1,8418.27,31.81,47.034,4100.0,0.009,PM2.5-1HR
945,DEU_DEBE065,2025-02-09,38.77,0.02,80,0,2.5,63.33,1031.2,8391.58,32.4,47.86,4100.0,0.004,PM2.5-1HR
945,DEU_DEBE068,2025-02-09,34.69,0.02,80,0,2.5,63.33,1031.2,6915.53,32.7,48.28,4100.0,0.072,PM2.5-1HR
945,DEU_DEBE069,2025-02-09,39.17,0.05,80.54,0,2.44,64.13,1031.1,8191.19,32.76,48.364,4100.0,0.012,PM2.5-1HR
945,DEU_DEBE125,2025-02-09,36.28,0.05,80.54,0,2.44,64.13,1031.1,6357.97,32.7,48.28,4100.0,0.01,PM2.5-1HR
945,DEU_DEBE126,2025-02-09,37.16,0.05,80.54,0,2.44,64.13,1031.1,8426.55,32.7,48.28,4100.0,0.007,PM2.5-1HR
945,DEU_DEBE127,2025-02-09,38.23,0.05,80.54,0,2.44,64.13,1031.1,7640.61,32.97,48.658,4100.0,0.056,PM2.5-1HR
945,DEU_DEBE010,2025-02-10,37.69,-0.03,74.79,0,3.36,72.38,1031.93,7325,32.96,48.644,4100.0,0.044,PM2.5-1HR
945,DEU_DEBE032,2025-02-10,33.05,0.08,75.67,0,3.39,72.8,1031.7,0,30.45,45.13,4100.0,0.861,PM2.5-1HR
945,DEU_DEBE034,2025-02-10,39.09,0.02,75.21,0,3.37,72.88,1031.8,8636.93,33.51,49.414,4100.0,0.331,PM2.5-1HR
945,DEU_DEBE051,2025-02-10,32.53,0.03,72.71,0,3.69,72.05,1032.16,465.56,26.11,39.054,4100.0,0.134,PM2.5-1HR
945,DEU_DEBE056,2025-02-10,32.27,-0.1,75.38,0,3.42,71.4,1031.87,343.06,26.54,39.656,4100.0,0.106,PM2.5-1HR
945,DEU_DEBE061,2025-02-10,40.74,0.02,75.21,0,3.37,72.88,1031.8,8418.27,32.63,48.182,4100.0,0.009,PM2.5-1HR
945,DEU_DEBE065,2025-02-10,42.78,-0.03,74.79,0,3.36,72.38,1031.93,8391.58,33.18,48.952,4100.0,0.004,PM2.5-1HR
945,DEU_DEBE068,2025-02-10,38.01,-0.03,74.79,0,3.36,72.38,1031.93,6915.53,33.51,49.414,4100.0,0.072,PM2.5-1HR
945,DEU_DEBE069,2025-02-10,43.12,0.02,75.21,0,3.37,72.88,1031.8,8191.19,33.66,49.624,4100.0,0.012,PM2.5-1HR
945,DEU_DEBE125,2025-02-10,40.52,0.02,75.21,0,3.37,72.88,1031.8,6357.97,33.51,49.414,4100.0,0.01,PM2.5-1HR
945,DEU_DEBE126,2025-02-10,40.51,0.02,75.21,0,3.37,72.88,1031.8,8426.55,33.51,49.414,4100.0,0.007,PM2.5-1HR
945,DEU_DEBE127,2025-02-10,42.96,0.02,75.21,0,3.37,72.88,1031.8,7640.61,33.84,49.876,4100.0,0.056,PM2.5-1HR
945,DEU_DEBE010,2025-02-11,28.89,-0.67,61.92,0,4.71,94.71,1029.7,7325,23.54,35.456,4100.0,0.044,PM2.5-1HR
945,DEU_DEBE032,2025-02-11,24.21,-0.33,61.71,0,4.77,95.54,1029.27,0,20.1,30.64,4100.0,0.861,PM2.5-1HR
945,DEU_DEBE034,2025-02-11,29.94,-0.49,61.5,0,4.62,94.04,1029.51,8636.93,23.89,35.946,4100.0,0.331,PM2.5-1HR
945,DEU_DEBE051,2025-02-11,25.67,-0.98,61.17,0,4.97,94.71,1030.04,465.56,18.33,28.162,4100.0,0.134,PM2.5-1HR
945,DEU_DEBE056,2025-02-11,24.19,-0.58,61.83,0,4.57,92.58,1029.84,343.06,17.37,26.818,4100.0,0.106,PM2.5-1HR
945,DEU_DEBE061,2025-02-11,30.51,-0.49,61.5,0,4.62,94.04,1029.51,8418.27,23.01,34.714,4100.0,0.009,PM2.5-1HR
945,DEU_DEBE065,2025-02-11,33.57,-0.67,61.92,0,4.71,94.71,1029.7,8391.58,24.08,36.212,4100.0,0.004,PM2.5-1HR
945,DEU_DEBE068,2025-02-11,29.8,-0.67,61.92,0,4.71,94.71,1029.7,6915.53,23.89,35.946,4100.0,0.072,PM2.5-1HR
945,DEU_DEBE069,2025-02-11,32.03,-0.49,61.5,0,4.62,94.04,1029.51,8191.19,23.99,36.086,4100.0,0.012,PM2.5-1HR
945,DEU_DEBE125,2025-02-11,31.15,-0.49,61.5,0,4.62,94.04,1029.51,6357.97,23.89,35.946,4100.0,0.01,PM2.5-1HR
945,DEU_DEBE126,2025-02-11,31.45,-0.49,61.5,0,4.62,94.04,1029.51,8426.55,23.89,35.946,4100.0,0.007,PM2.5-1HR
945,DEU_DEBE127,2025-02-11,32.87,-0.49,61.5,0,4.62,94.04,1029.51,7640.61,24.19,36.366,4100.0,0.056,PM2.5-1HR
945,DEU_DEBE010,2025-02-12,42.05,-2.51,69.58,0,3.6,78.66,1022.94,7325,39.11,57.254,4100.0,0.044,PM2.5-1HR
945,DEU_DEBE032,2025-02-12,36.53,-2.13,70.71,0,3.59,79.37,1022.64,0,35.48,52.172,4100.0,0.861,PM2.5-1HR
945,DEU_DEBE034,2025-02-12,43.53,-2.27,68.83,0,3.54,77.46,1022.8,8636.93,39.49,57.786,4100.0,0.331,PM2.5-1HR
945,DEU_DEBE051,2025-02-12,38,-2.98,72.08,0,3.84,82.1,1023.25,465.56,34.03,50.142,4100.0,0.134,PM2.5-1HR
945,DEU_DEBE056,2025-02-12,35.46,-2.2,71.96,0,3.63,76.57,1022.93,343.06,31.15,46.11,4100.0,0.106,PM2.5-1HR
945,DEU_DEBE061,2025-02-12,44.75,-2.27,68.83,0,3.54,77.46,1022.8,8418.27,38.36,56.204,4100.0,0.009,PM2.5-1HR
945,DEU_DEBE065,2025-02-12,47.86,-2.51,69.58,0,3.6,78.66,1022.94,8391.58,39.37,57.618,4100.0,0.004,PM2.5-1HR
945,DEU_DEBE068,2025-02-12,43.63,-2.51,69.58,0,3.6,78.66,1022.94,6915.53,39.49,57.786,4100.0,0.072,PM2.5-1HR
945,DEU_DEBE069,2025-02-12,46.87,-2.27,68.83,0,3.54,77.46,1022.8,8191.19,39.45,57.73,4100.0,0.012,PM2.5-1HR
945,DEU_DEBE125,2025-02-12,45.5,-2.27,68.83,0,3.54,77.46,1022.8,6357.97,39.49,57.786,4100.0,0.01,PM2.5-1HR
945,DEU_DEBE126,2025-02-12,45.42,-2.27,68.83,0,3.54,77.46,1022.8,8426.55,39.49,57.786,4100.0,0.007,PM2.5-1HR
945,DEU_DEBE127,2025-02-12,47.52,-2.27,68.83,0,3.54,77.46,1022.8,7640.61,39.79,58.206,4100.0,0.056,PM2.5-1HR
945,DEU_DEBE127,2025-02-13,53.2,-1.37,88.54,0.25,2.1,0.56,1017.65,7640.61,47,68.3,4100.0,0.056,PM2.5-1HR
945,DEU_DEBE010,2025-02-13,47.07,-1.44,88.25,0.26,2.17,2.69,1017.69,7325,45.66,66.424,4100.0,0.044,PM2.5-1HR
945,DEU_DEBE032,2025-02-13,39.86,-1.49,89.46,0.27,2.02,357.16,1017.73,0,41.34,60.376,4100.0,0.861,PM2.5-1HR
945,DEU_DEBE034,2025-02-13,49.18,-1.37,88.54,0.25,2.1,0.56,1017.65,8636.93,46.62,67.768,4100.0,0.331,PM2.5-1HR
945,DEU_DEBE051,2025-02-13,41.07,-1.56,88,0.26,2.33,17.49,1017.79,465.56,36,52.9,4100.0,0.134,PM2.5-1HR
945,DEU_DEBE056,2025-02-13,40.44,-1.03,89.54,0.23,2.05,8.27,1017.44,343.06,38.53,56.442,4100.0,0.106,PM2.5-1HR
945,DEU_DEBE061,2025-02-13,50.32,-1.37,88.54,0.25,2.1,0.56,1017.65,8418.27,45.32,65.948,4100.0,0.009,PM2.5-1HR
945,DEU_DEBE065,2025-02-13,53.02,-1.44,88.25,0.26,2.17,2.69,1017.69,8391.58,46.19,67.166,4100.0,0.004,PM2.5-1HR
945,DEU_DEBE068,2025-02-13,48.79,-1.44,88.25,0.26,2.17,2.69,1017.69,6915.53,46.62,67.768,4100.0,0.072,PM2.5-1HR
945,DEU_DEBE069,2025-02-13,54.95,-1.37,88.54,0.25,2.1,0.56,1017.65,8191.19,46.8,68.02,4100.0,0.012,PM2.5-1HR
945,DEU_DEBE125,2025-02-13,50.68,-1.37,88.54,0.25,2.1,0.56,1017.65,6357.97,46.62,67.768,4100.0,0.01,PM2.5-1HR
945,DEU_DEBE126,2025-02-13,51.27,-1.37,88.54,0.25,2.1,0.56,1017.65,8426.55,46.62,67.768,4100.0,0.007,PM2.5-1HR
945,DEU_DEBE127,2025-02-14,17.74,-0.48,87.54,0.12,2.29,0.64,1024.41,7640.61,6.36,11.404,4100.0,0.056,PM2.5-1HR
945,DEU_DEBE010,2025-02-14,13.21,-0.5,87.38,0.09,2.43,1.35,1024.42,7325,5.7,10.48,4100.0,0.044,PM2.5-1HR
945,DEU_DEBE032,2025-02-14,10.84,-0.29,86.38,0.1,2.35,3.29,1024.51,0,4.19,8.366,4100.0,0.861,PM2.5-1HR
945,DEU_DEBE034,2025-02-14,14.5,-0.48,87.54,0.12,2.29,0.64,1024.41,8636.93,6.15,11.11,4100.0,0.331,PM2.5-1HR
945,DEU_DEBE051,2025-02-14,10.49,-0.48,86.25,0.06,2.77,4.62,1024.44,465.56,3.08,6.812,4100.0,0.134,PM2.5-1HR
945,DEU_DEBE056,2025-02-14,12.46,-0.64,87.04,0.14,2.29,4.46,1024.2,343.06,3.7,7.68,4100.0,0.106,PM2.5-1HR
945,DEU_DEBE061,2025-02-14,14.43,-0.48,87.54,0.12,2.29,0.64,1024.41,8418.27,5.87,10.718,4100.0,0.009,PM2.5-1HR
945,DEU_DEBE065,2025-02-14,16.23,-0.5,87.38,0.09,2.43,1.35,1024.42,8391.58,6.06,10.984,4100.0,0.004,PM2.5-1HR
945,DEU_DEBE068,2025-02-14,14.54,-0.5,87.38,0.09,2.43,1.35,1024.42,6915.53,6.15,11.11,4100.0,0.072,PM2.5-1HR
945,DEU_DEBE069,2025-02-14,19.13,-0.48,87.54,0.12,2.29,0.64,1024.41,8191.19,6.41,11.474,4100.0,0.012,PM2.5-1HR
945,DEU_DEBE125,2025-02-14,15.38,-0.48,87.54,0.12,2.29,0.64,1024.41,6357.97,6.15,11.11,4100.0,0.01,PM2.5-1HR
945,DEU_DEBE126,2025-02-14,16.68,-0.48,87.54,0.12,2.29,0.64,1024.41,8426.55,6.15,11.11,4100.0,0.007,PM2.5-1HR
945,DEU_DEBE127,2025-02-15,12.85,-2.13,86.38,0.04,1.02,278.35,1025.63,7640.61,7.38,12.832,4100.0,0.056,PM2.5-1HR
945,DEU_DEBE010,2025-02-15,9.19,-2.17,85.63,0.06,0.97,278.38,1025.59,7325,6.8,12.02,4100.0,0.044,PM2.5-1HR
945,DEU_DEBE032,2025-02-15,5.98,-2.2,86.96,0.03,1.05,279.33,1025.64,0,5.51,10.214,4100.0,0.861,PM2.5-1HR
945,DEU_DEBE034,2025-02-15,9.95,-2.13,86.38,0.04,1.02,278.35,1025.63,8636.93,7.28,12.692,4100.0,0.331,PM2.5-1HR
945,DEU_DEBE051,2025-02-15,7.89,-2.1,83.42,0.03,1.04,285,1025.52,465.56,5.31,9.934,4100.0,0.134,PM2.5-1HR
945,DEU_DEBE056,2025-02-15,8.13,-2.16,88.96,0.04,1.15,270.17,1025.61,343.06,5.47,10.158,4100.0,0.106,PM2.5-1HR
945,DEU_DEBE061,2025-02-15,9.95,-2.13,86.38,0.04,1.02,278.35,1025.63,8418.27,6.87,12.118,4100.0,0.009,PM2.5-1HR
945,DEU_DEBE065,2025-02-15,11.7,-2.17,85.63,0.06,0.97,278.38,1025.59,8391.58,7.05,12.37,4100.0,0.004,PM2.5-1HR
945,DEU_DEBE068,2025-02-15,11.21,-2.17,85.63,0.06,0.97,278.38,1025.59,6915.53,7.28,12.692,4100.0,0.072,PM2.5-1HR
945,DEU_DEBE069,2025-02-15,14.6,-2.13,86.38,0.04,1.02,278.35,1025.63,8191.19,7.23,12.622,4100.0,0.012,PM2.5-1HR
945,DEU_DEBE125,2025-02-15,9.92,-2.13,86.38,0.04,1.02,278.35,1025.63,6357.97,7.28,12.692,4100.0,0.01,PM2.5-1HR
945,DEU_DEBE126,2025-02-15,11.45,-2.13,86.38,0.04,1.02,278.35,1025.63,8426.55,7.28,12.692,4100.0,0.007,PM2.5-1HR
945,DEU_DEBE127,2025-02-16,15.21,-3.66,80.29,0.01,1.48,35.85,1024.95,7640.61,7.04,12.356,4100.0,0.056,PM2.5-1HR
945,DEU_DEBE010,2025-02-16,13.73,-3.61,80.25,0,1.74,43.06,1024.98,7325,6.59,11.726,4100.0,0.044,PM2.5-1HR
945,DEU_DEBE032,2025-02-16,9.03,-3.48,82.5,0.01,1.58,48.76,1024.94,0,5.32,9.948,4100.0,0.861,PM2.5-1HR
945,DEU_DEBE034,2025-02-16,12.73,-3.66,80.29,0.01,1.48,35.85,1024.95,8636.93,6.8,12.02,4100.0,0.331,PM2.5-1HR
945,DEU_DEBE051,2025-02-16,8.3,-3.3,78.63,0,1.86,50.59,1024.96,465.56,2.94,6.616,4100.0,0.134,PM2.5-1HR
945,DEU_DEBE056,2025-02-16,11.93,-3.72,82,0.02,1.25,43.28,1024.91,343.06,4.39,8.646,4100.0,0.106,PM2.5-1HR
945,DEU_DEBE061,2025-02-16,12.68,-3.66,80.29,0.01,1.48,35.85,1024.95,8418.27,6.36,11.404,4100.0,0.009,PM2.5-1HR
945,DEU_DEBE065,2025-02-16,14.02,-3.61,80.25,0,1.74,43.06,1024.98,8391.58,6.75,11.95,4100.0,0.004,PM2.5-1HR
945,DEU_DEBE068,2025-02-16,11.43,-3.61,80.25,0,1.74,43.06,1024.98,6915.53,6.8,12.02,4100.0,0.072,PM2.5-1HR
945,DEU_DEBE069,2025-02-16,16,-3.66,80.29,0.01,1.48,35.85,1024.95,8191.19,6.9,12.16,4100.0,0.012,PM2.5-1HR
945,DEU_DEBE125,2025-02-16,12,-3.66,80.29,0.01,1.48,35.85,1024.95,6357.97,6.8,12.02,4100.0,0.01,PM2.5-1HR
945,DEU_DEBE126,2025-02-16,13.76,-3.66,80.29,0.01,1.48,35.85,1024.95,8426.55,6.8,12.02,4100.0,0.007,PM2.5-1HR
945,DEU_DEBE127,2025-02-17,14.94,-7.5,82.21,0,0.56,17.7,1027.85,7640.61,6.93,12.202,4100.0,0.056,PM2.5-1HR
945,DEU_DEBE010,2025-02-17,10.6,-7.35,81.79,0,0.64,45.02,1027.82,7325,6.03,10.942,4100.0,0.044,PM2.5-1HR
945,DEU_DEBE032,2025-02-17,6.15,-6.85,81.29,0,0.59,34.52,1027.84,0,5.08,9.612,4100.0,0.861,PM2.5-1HR
945,DEU_DEBE034,2025-02-17,11.51,-7.5,82.21,0,0.56,17.7,1027.85,8636.93,6.66,11.824,4100.0,0.331,PM2.5-1HR
945,DEU_DEBE051,2025-02-17,4.69,-6.88,81.29,0,0.9,320.76,1027.73,465.56,2.86,6.504,4100.0,0.134,PM2.5-1HR
945,DEU_DEBE056,2025-02-17,7.98,-7.56,84.67,0,0.67,340.37,1027.77,343.06,2.92,6.588,4100.0,0.106,PM2.5-1HR
945,DEU_DEBE061,2025-02-17,11.38,-7.5,82.21,0,0.56,17.7,1027.85,8418.27,6.24,11.236,4100.0,0.009,PM2.5-1HR
945,DEU_DEBE065,2025-02-17,12.89,-7.35,81.79,0,0.64,45.02,1027.82,8391.58,6.2,11.18,4100.0,0.004,PM2.5-1HR
945,DEU_DEBE068,2025-02-17,9.84,-7.35,81.79,0,0.64,45.02,1027.82,6915.53,6.66,11.824,4100.0,0.072,PM2.5-1HR
945,DEU_DEBE069,2025-02-17,15.54,-7.5,82.21,0,0.56,17.7,1027.85,8191.19,6.92,12.188,4100.0,0.012,PM2.5-1HR
945,DEU_DEBE125,2025-02-17,9.71,-7.5,82.21,0,0.56,17.7,1027.85,6357.97,6.66,11.824,4100.0,0.01,PM2.5-1HR
945,DEU_DEBE126,2025-02-17,12.87,-7.5,82.21,0,0.56,17.7,1027.85,8426.55,6.66,11.824,4100.0,0.007,PM2.5-1HR
945,DEU_DEBE127,2025-02-18,21.71,-7.27,73.71,0,1.31,273.71,1030.68,7640.61,10.44,17.116,4100.0,0.056,PM2.5-1HR
945,DEU_DEBE010,2025-02-18,15.49,-7.42,74.13,0,1.36,270.74,1030.62,7325,9.52,15.828,4100.0,0.044,PM2.5-1HR
945,DEU_DEBE032,2025-02-18,7.75,-6.85,74.75,0,1.22,274.13,1030.7,0,6.62,11.768,4100.0,0.861,PM2.5-1HR
945,DEU_DEBE034,2025-02-18,15.87,-7.27,73.71,0,1.31,273.71,1030.68,8636.93,10.07,16.598,4100.0,0.331,PM2.5-1HR
945,DEU_DEBE051,2025-02-18,10.04,-6.97,72.71,0,1.61,270.39,1030.46,465.56,5.25,9.85,4100.0,0.134,PM2.5-1HR
945,DEU_DEBE056,2025-02-18,14.81,-7.38,77.21,0,1.36,276.12,1030.64,343.06,6.17,11.138,4100.0,0.106,PM2.5-1HR
945,DEU_DEBE061,2025-02-18,14.57,-7.27,73.71,0,1.31,273.71,1030.68,8418.27,9.29,15.506,4100.0,0.009,PM2.5-1HR
945,DEU_DEBE065,2025-02-18,23.85,-7.42,74.13,0,1.36,270.74,1030.62,8391.58,9.43,15.702,4100.0,0.004,PM2.5-1HR
945,DEU_DEBE068,2025-02-18,15.26,-7.42,74.13,0,1.36,270.74,1030.62,6915.53,10.07,16.598,4100.0,0.072,PM2.5-1HR
945,DEU_DEBE069,2025-02-18,25.84,-7.27,73.71,0,1.31,273.71,1030.68,8191.19,10.24,16.836,4100.0,0.012,PM2.5-1HR
945,DEU_DEBE125,2025-02-18,15.4,-7.27,73.71,0,1.31,273.71,1030.68,6357.97,10.07,16.598,4100.0,0.01,PM2.5-1HR
945,DEU_DEBE126,2025-02-18,15.64,-7.27,73.71,0,1.31,273.71,1030.68,8426.55,10.07,16.598,4100.0,0.007,PM2.5-1HR
945,DEU_DEBE010,2025-02-19,16.12,-6.34,75.63,0,1.68,110.09,1032.51,7325,9.24,15.436,4100.0,0.044,PM2.5-1HR
945,DEU_DEBE032,2025-02-19,8.54,-5.54,76.46,0,1.79,118.51,1032.37,0,7.43,12.902,4100.0,0.861,PM2.5-1HR
945,DEU_DEBE034,2025-02-19,20.1,-6.16,75.33,0,1.67,105.57,1032.47,8636.93,9.26,15.464,4100.0,0.331,PM2.5-1HR
945,DEU_DEBE051,2025-02-19,17.08,-5.81,74.29,0,1.7,140.3,1032.52,465.56,7.9,13.56,4100.0,0.134,PM2.5-1HR
945,DEU_DEBE056,2025-02-19,13.27,-5.32,76.83,0,1.51,128.62,1032.58,343.06,4.1,8.24,4100.0,0.106,PM2.5-1HR
945,DEU_DEBE061,2025-02-19,17.67,-6.16,75.33,0,1.67,105.57,1032.47,8418.27,8.4,14.26,4100.0,0.009,PM2.5-1HR
945,DEU_DEBE065,2025-02-19,25.91,-6.34,75.63,0,1.68,110.09,1032.51,8391.58,9.19,15.366,4100.0,0.004,PM2.5-1HR
945,DEU_DEBE068,2025-02-19,20.49,-6.34,75.63,0,1.68,110.09,1032.51,6915.53,9.26,15.464,4100.0,0.072,PM2.5-1HR
945,DEU_DEBE069,2025-02-19,20.97,-6.16,75.33,0,1.67,105.57,1032.47,8191.19,9.06,15.184,4100.0,0.012,PM2.5-1HR
945,DEU_DEBE125,2025-02-19,20.07,-6.16,75.33,0,1.67,105.57,1032.47,6357.97,9.26,15.464,4100.0,0.01,PM2.5-1HR
945,DEU_DEBE126,2025-02-19,19.39,-6.16,75.33,0,1.67,105.57,1032.47,8426.55,9.26,15.464,4100.0,0.007,PM2.5-1HR
945,DEU_DEBE127,2025-02-19,23.26,-6.16,75.33,0,1.67,105.57,1032.47,7640.61,9.47,15.758,4100.0,0.056,PM2.5-1HR
945,DEU_DEBE010,2025-02-20,22.87,-3.31,74.67,0,3.49,126.66,1028.85,7325,18.17,27.938,4100.0,0.044,PM2.5-1HR
945,DEU_DEBE032,2025-02-20,17.59,-2.9,73.63,0,3.43,127.29,1028.58,0,14.64,22.996,4100.0,0.861,PM2.5-1HR
945,DEU_DEBE034,2025-02-20,23.12,-3.08,73.58,0,3.4,128.04,1028.8,8636.93,18.34,28.176,4100.0,0.331,PM2.5-1HR
945,DEU_DEBE051,2025-02-20,20,-3.27,74.71,0,3.91,133.5,1028.92,465.56,13.87,21.918,4100.0,0.134,PM2.5-1HR
945,DEU_DEBE056,2025-02-20,18.56,-2.79,73.04,0,3.36,130.75,1029.11,343.06,13.4,21.26,4100.0,0.106,PM2.5-1HR
945,DEU_DEBE061,2025-02-20,25.09,-3.08,73.58,0,3.4,128.04,1028.8,8418.27,17.49,26.986,4100.0,0.009,PM2.5-1HR
945,DEU_DEBE065,2025-02-20,28.41,-3.31,74.67,0,3.49,126.66,1028.85,8391.58,18.58,28.512,4100.0,0.004,PM2.5-1HR
945,DEU_DEBE068,2025-02-20,23.1,-3.31,74.67,0,3.49,126.66,1028.85,6915.53,18.34,28.176,4100.0,0.072,PM2.5-1HR
945,DEU_DEBE069,2025-02-20,26.69,-3.08,73.58,0,3.4,128.04,1028.8,8191.19,18.32,28.148,4100.0,0.012,PM2.5-1HR
945,DEU_DEBE125,2025-02-20,26.04,-3.08,73.58,0,3.4,128.04,1028.8,6357.97,18.34,28.176,4100.0,0.01,PM2.5-1HR
945,DEU_DEBE126,2025-02-20,25.43,-3.08,73.58,0,3.4,128.04,1028.8,8426.55,18.34,28.176,4100.0,0.007,PM2.5-1HR
945,DEU_DEBE127,2025-02-20,26.67,-3.08,73.58,0,3.4,128.04,1028.8,7640.61,18.5,28.4,4100.0,0.056,PM2.5-1HR
945,DEU_DEBE010,2025-02-21,31.06,2.3,84.58,0,2.61,144.15,1025.08,7325,28,41.7,4100.0,0.044,PM2.5-1HR
945,DEU_DEBE032,2025-02-21,25.22,2.72,84.38,0,2.52,144.29,1024.89,0,25.29,37.906,4100.0,0.861,PM2.5-1HR
945,DEU_DEBE034,2025-02-21,30.81,2.57,84.25,0,2.61,146.77,1025.06,8636.93,28.35,42.19,4100.0,0.331,PM2.5-1HR
945,DEU_DEBE051,2025-02-21,26.18,2.07,84.29,0,3.03,150.7,1025.1,465.56,23.02,34.728,4100.0,0.134,PM2.5-1HR
945,DEU_DEBE056,2025-02-21,23.77,2.55,81.17,0,2.49,149.69,1025.38,343.06,21.39,32.446,4100.0,0.106,PM2.5-1HR
945,DEU_DEBE061,2025-02-21,32.78,2.57,84.25,0,2.61,146.77,1025.06,8418.27,27.37,40.818,4100.0,0.009,PM2.5-1HR
945,DEU_DEBE065,2025-02-21,35.19,2.3,84.58,0,2.61,144.15,1025.08,8391.58,28.12,41.868,4100.0,0.004,PM2.5-1HR
945,DEU_DEBE068,2025-02-21,32.21,2.3,84.58,0,2.61,144.15,1025.08,6915.53,28.35,42.19,4100.0,0.072,PM2.5-1HR
945,DEU_DEBE069,2025-02-21,34.29,2.57,84.25,0,2.61,146.77,1025.06,8191.19,28.23,42.022,4100.0,0.012,PM2.5-1HR
945,DEU_DEBE125,2025-02-21,32.84,2.57,84.25,0,2.61,146.77,1025.06,6357.97,28.35,42.19,4100.0,0.01,PM2.5-1HR
945,DEU_DEBE126,2025-02-21,32.84,2.57,84.25,0,2.61,146.77,1025.06,8426.55,28.35,42.19,4100.0,0.007,PM2.5-1HR
945,DEU_DEBE127,2025-02-21,34.12,2.57,84.25,0,2.61,146.77,1025.06,7640.61,28.54,42.456,4100.0,0.056,PM2.5-1HR
945,DEU_DEBE010,2025-02-22,25.03,3.9,72.29,0,3.3,149.17,1021.29,7325,21.13,32.082,4100.0,0.044,PM2.5-1HR
945,DEU_DEBE032,2025-02-22,20.15,4.4,70.63,0,3.41,149.8,1021.06,0,17.75,27.35,4100.0,0.861,PM2.5-1HR
945,DEU_DEBE034,2025-02-22,25.82,4.1,71.17,0,3.28,150.8,1021.3,8636.93,21.33,32.362,4100.0,0.331,PM2.5-1HR
945,DEU_DEBE051,2025-02-22,21.27,3.7,69.71,0,3.99,154.95,1021.2,465.56,14.88,23.332,4100.0,0.134,PM2.5-1HR
945,DEU_DEBE056,2025-02-22,20.74,3.69,67.88,0,3.29,155.44,1021.69,343.06,14.39,22.646,4100.0,0.106,PM2.5-1HR
945,DEU_DEBE061,2025-02-22,27.15,4.1,71.17,0,3.28,150.8,1021.3,8418.27,20.21,30.794,4100.0,0.009,PM2.5-1HR
945,DEU_DEBE065,2025-02-22,30.75,3.9,72.29,0,3.3,149.17,1021.29,8391.58,21.3,32.32,4100.0,0.004,PM2.5-1HR
945,DEU_DEBE068,2025-02-22,26.23,3.9,72.29,0,3.3,149.17,1021.29,6915.53,21.33,32.362,4100.0,0.072,PM2.5-1HR
945,DEU_DEBE069,2025-02-22,29.89,4.1,71.17,0,3.28,150.8,1021.3,8191.19,21.15,32.11,4100.0,0.012,PM2.5-1HR
945,DEU_DEBE125,2025-02-22,28.16,4.1,71.17,0,3.28,150.8,1021.3,6357.97,21.33,32.362,4100.0,0.01,PM2.5-1HR
945,DEU_DEBE126,2025-02-22,28.55,4.1,71.17,0,3.28,150.8,1021.3,8426.55,21.33,32.362,4100.0,0.007,PM2.5-1HR
945,DEU_DEBE127,2025-02-22,28.72,4.1,71.17,0,3.28,150.8,1021.3,7640.61,21.59,32.726,4100.0,0.056,PM2.5-1HR
945,DEU_DEBE010,2025-02-23,18.26,6.23,87.63,0,2.51,248.58,1025.96,7325,9.06,15.184,4100.0,0.044,PM2.5-1HR
945,DEU_DEBE032,2025-02-23,12.43,6.13,87.04,0,2.76,245.55,1026.04,0,7.06,12.384,4100.0,0.861,PM2.5-1HR
945,DEU_DEBE034,2025-02-23,22.65,6.28,87.17,0,2.63,246.17,1026.03,8636.93,9.33,15.562,4100.0,0.331,PM2.5-1HR
945,DEU_DEBE051,2025-02-23,16.76,5.59,88.63,0,2.65,244.66,1025.83,465.56,6.24,11.236,4100.0,0.134,PM2.5-1HR
945,DEU_DEBE056,2025-02-23,17.17,5.73,87.5,0,2.59,246,1026.13,343.06,6.83,12.062,4100.0,0.106,PM2.5-1HR
945,DEU_DEBE061,2025-02-23,18.37,6.28,87.17,0,2.63,246.17,1026.03,8418.27,8.9,14.96,4100.0,0.009,PM2.5-1HR
945,DEU_DEBE065,2025-02-23,24.42,6.23,87.63,0,2.51,248.58,1025.96,8391.58,9.22,15.408,4100.0,0.004,PM2.5-1HR
945,DEU_DEBE068,2025-02-23,23.24,6.23,87.63,0,2.51,248.58,1025.96,6915.53,9.33,15.562,4100.0,0.072,PM2.5-1HR
945,DEU_DEBE069,2025-02-23,23.53,6.28,87.17,0,2.63,246.17,1026.03,8191.19,9.52,15.828,4100.0,0.012,PM2.5-1HR
945,DEU_DEBE125,2025-02-23,18.76,6.28,87.17,0,2.63,246.17,1026.03,6357.97,9.33,15.562,4100.0,0.01,PM2.5-1HR
945,DEU_DEBE126,2025-02-23,20.77,6.28,87.17,0,2.63,246.17,1026.03,8426.55,9.33,15.562,4100.0,0.007,PM2.5-1HR
945,DEU_DEBE127,2025-02-23,24.08,6.28,87.17,0,2.63,246.17,1026.03,7640.61,9.56,15.884,4100.0,0.056,PM2.5-1HR
945,DEU_DEBE010,2025-02-24,12.66,6.09,82.71,0,2.93,172.28,1022.98,7325,8.2,13.98,4100.0,0.044,PM2.5-1HR
945,DEU_DEBE032,2025-02-24,9.49,6.16,81.42,0,3.18,175.86,1022.87,0,5.73,10.522,4100.0,0.861,PM2.5-1HR
945,DEU_DEBE034,2025-02-24,15.25,6.23,82.25,0,3.05,177.12,1023.03,8636.93,8.49,14.386,4100.0,0.331,PM2.5-1HR
945,DEU_DEBE051,2025-02-24,12.61,6.05,82.13,0,3.5,171.08,1022.86,465.56,4.67,9.038,4100.0,0.134,PM2.5-1HR
945,DEU_DEBE056,2025-02-24,10.75,5.72,81.38,0,2.75,175.55,1023.38,343.06,3.55,7.47,4100.0,0.106,PM2.5-1HR
945,DEU_DEBE061,2025-02-24,13.13,6.23,82.25,0,3.05,177.12,1023.03,8418.27,7.82,13.448,4100.0,0.009,PM2.5-1HR
945,DEU_DEBE065,2025-02-24,18.34,6.09,82.71,0,2.93,172.28,1022.98,8391.58,8.3,14.12,4100.0,0.004,PM2.5-1HR
945,DEU_DEBE068,2025-02-24,16.86,6.09,82.71,0,2.93,172.28,1022.98,6915.53,8.49,14.386,4100.0,0.072,PM2.5-1HR
945,DEU_DEBE069,2025-02-24,18.52,6.23,82.25,0,3.05,177.12,1023.03,8191.19,8.5,14.4,4100.0,0.012,PM2.5-1HR
945,DEU_DEBE125,2025-02-24,14.77,6.23,82.25,0,3.05,177.12,1023.03,6357.97,8.49,14.386,4100.0,0.01,PM2.5-1HR
945,DEU_DEBE126,2025-02-24,15.13,6.23,82.25,0,3.05,177.12,1023.03,8426.55,8.49,14.386,4100.0,0.007,PM2.5-1HR
945,DEU_DEBE127,2025-02-24,16.33,6.23,82.25,0,3.05,177.12,1023.03,7640.61,8.72,14.708,4100.0,0.056,PM2.5-1HR
945,DEU_DEBE010,2025-02-25,15.43,8.07,89.42,0.17,2.12,194.5,1015.11,7325,11.98,19.272,4100.0,0.044,PM2.5-1HR
945,DEU_DEBE032,2025-02-25,10.81,7.47,89.54,0.15,1.96,199.25,1015.08,0,9.92,16.388,4100.0,0.861,PM2.5-1HR
945,DEU_DEBE034,2025-02-25,16.3,8.2,89.17,0.17,2.13,193.33,1015.14,8636.93,11.95,19.23,4100.0,0.331,PM2.5-1HR
945,DEU_DEBE051,2025-02-25,13.56,7.4,89.79,0.15,2.34,195.29,1015.03,465.56,9.01,15.114,4100.0,0.134,PM2.5-1HR
945,DEU_DEBE056,2025-02-25,11.46,7.11,89.88,0.15,2.09,190.21,1015.33,343.06,8.59,14.526,4100.0,0.106,PM2.5-1HR
945,DEU_DEBE061,2025-02-25,16.06,8.2,89.17,0.17,2.13,193.33,1015.14,8418.27,11.26,18.264,4100.0,0.009,PM2.5-1HR
945,DEU_DEBE065,2025-02-25,19.34,8.07,89.42,0.17,2.12,194.5,1015.11,8391.58,11.91,19.174,4100.0,0.004,PM2.5-1HR
945,DEU_DEBE068,2025-02-25,16.76,8.07,89.42,0.17,2.12,194.5,1015.11,6915.53,11.95,19.23,4100.0,0.072,PM2.5-1HR
945,DEU_DEBE069,2025-02-25,20.78,8.2,89.17,0.17,2.13,193.33,1015.14,8191.19,11.76,18.964,4100.0,0.012,PM2.5-1HR
945,DEU_DEBE125,2025-02-25,18.04,8.2,89.17,0.17,2.13,193.33,1015.14,6357.97,11.95,19.23,4100.0,0.01,PM2.5-1HR
945,DEU_DEBE126,2025-02-25,18,8.2,89.17,0.17,2.13,193.33,1015.14,8426.55,11.95,19.23,4100.0,0.007,PM2.5-1HR
945,DEU_DEBE127,2025-02-25,19.59,8.2,89.17,0.17,2.13,193.33,1015.14,7640.61,12.05,19.37,4100.0,0.056,PM2.5-1HR
945,DEU_DEBE010,2025-02-26,22.73,5.74,95.29,0.16,2.48,142.35,1013.45,7325,11.55,18.67,4100.0,0.044,PM2.5-1HR
945,DEU_DEBE032,2025-02-26,17.83,5.7,95.54,0.18,2.51,161.92,1013.38,0,8.94,15.016,4100.0,0.861,PM2.5-1HR
945,DEU_DEBE034,2025-02-26,22.23,5.93,95.17,0.23,2.58,152.93,1013.43,8636.93,11.76,18.964,4100.0,0.331,PM2.5-1HR
945,DEU_DEBE051,2025-02-26,19.25,4.51,96.75,0.14,2.31,119.1,1013.49,465.56,10.81,17.634,4100.0,0.134,PM2.5-1HR
945,DEU_DEBE056,2025-02-26,17.23,4.9,96.33,0.17,2.23,148.44,1013.57,343.06,9.03,15.142,4100.0,0.106,PM2.5-1HR
945,DEU_DEBE061,2025-02-26,22.76,5.93,95.17,0.23,2.58,152.93,1013.43,8418.27,11.21,18.194,4100.0,0.009,PM2.5-1HR
945,DEU_DEBE065,2025-02-26,25.34,5.74,95.29,0.16,2.48,142.35,1013.45,8391.58,11.93,19.202,4100.0,0.004,PM2.5-1HR
945,DEU_DEBE068,2025-02-26,23.57,5.74,95.29,0.16,2.48,142.35,1013.45,6915.53,11.76,18.964,4100.0,0.072,PM2.5-1HR
945,DEU_DEBE069,2025-02-26,25.04,5.93,95.17,0.23,2.58,152.93,1013.43,8191.19,11.86,19.104,4100.0,0.012,PM2.5-1HR
945,DEU_DEBE125,2025-02-26,24.31,5.93,95.17,0.23,2.58,152.93,1013.43,6357.97,11.76,18.964,4100.0,0.01,PM2.5-1HR
945,DEU_DEBE126,2025-02-26,23.88,5.93,95.17,0.23,2.58,152.93,1013.43,8426.55,11.76,18.964,4100.0,0.007,PM2.5-1HR
945,DEU_DEBE127,2025-02-26,25.68,5.93,95.17,0.23,2.58,152.93,1013.43,7640.61,12.02,19.328,4100.0,0.056,PM2.5-1HR
945,DEU_DEBE010,2025-02-27,15.21,5.97,88.79,0.05,2.13,224.27,1016.73,7325,9.49,15.786,4100.0,0.044,PM2.5-1HR
945,DEU_DEBE032,2025-02-27,10.96,5.45,89,0.03,2.11,220.56,1016.75,0,6.92,12.188,4100.0,0.861,PM2.5-1HR
945,DEU_DEBE034,2025-02-27,16.99,5.96,88.58,0.05,2.13,223.64,1016.78,8636.93,10.26,16.864,4100.0,0.331,PM2.5-1HR
945,DEU_DEBE051,2025-02-27,12.7,5.2,88.83,0.04,2.04,223.33,1016.67,465.56,5.52,10.228,4100.0,0.134,PM2.5-1HR
945,DEU_DEBE056,2025-02-27,11.4,5.77,86.92,0.06,2.14,227.25,1016.85,343.06,2.94,6.616,4100.0,0.106,PM2.5-1HR
945,DEU_DEBE061,2025-02-27,15.85,5.96,88.58,0.05,2.13,223.64,1016.78,8418.27,9.68,16.052,4100.0,0.009,PM2.5-1HR
945,DEU_DEBE065,2025-02-27,18.74,5.97,88.79,0.05,2.13,224.27,1016.73,8391.58,10.02,16.528,4100.0,0.004,PM2.5-1HR
945,DEU_DEBE068,2025-02-27,16.13,5.97,88.79,0.05,2.13,224.27,1016.73,6915.53,10.26,16.864,4100.0,0.072,PM2.5-1HR
945,DEU_DEBE069,2025-02-27,20.16,5.96,88.58,0.05,2.13,223.64,1016.78,8191.19,10.56,17.284,4100.0,0.012,PM2.5-1HR
945,DEU_DEBE125,2025-02-27,16.95,5.96,88.58,0.05,2.13,223.64,1016.78,6357.97,10.26,16.864,4100.0,0.01,PM2.5-1HR
945,DEU_DEBE126,2025-02-27,16.84,5.96,88.58,0.05,2.13,223.64,1016.78,8426.55,10.26,16.864,4100.0,0.007,PM2.5-1HR
945,DEU_DEBE127,2025-02-27,18.77,5.96,88.58,0.05,2.13,223.64,1016.78,7640.61,10.55,17.27,4100.0,0.056,PM2.5-1HR
945,DEU_DEBE010,2025-02-28,12.46,3.35,95.63,0.13,2.73,298.07,1021.07,7325,7.13,12.482,4100.0,0.044,PM2.5-1HR
945,DEU_DEBE032,2025-02-28,9.96,3.04,95.46,0.08,2.63,297.89,1021.23,0,6,10.9,4100.0,0.861,PM2.5-1HR
945,DEU_DEBE034,2025-02-28,13.88,3.34,95.25,0.12,2.63,296.72,1021.12,8636.93,7.28,12.692,4100.0,0.331,PM2.5-1HR
945,DEU_DEBE051,2025-02-28,10.2,2.99,97.42,0.15,2.56,300,1021.02,465.56,4,8.1,4100.0,0.134,PM2.5-1HR
945,DEU_DEBE056,2025-02-28,11.22,3.34,96,0.15,2.54,286.71,1020.95,343.06,4.78,9.192,4100.0,0.106,PM2.5-1HR
945,DEU_DEBE061,2025-02-28,12.8,3.34,95.25,0.12,2.63,296.72,1021.12,8418.27,7.03,12.342,4100.0,0.009,PM2.5-1HR
945,DEU_DEBE065,2025-02-28,15.09,3.35,95.63,0.13,2.73,298.07,1021.07,8391.58,7.2,12.58,4100.0,0.004,PM2.5-1HR
945,DEU_DEBE068,2025-02-28,14.27,3.35,95.63,0.13,2.73,298.07,1021.07,6915.53,7.28,12.692,4100.0,0.072,PM2.5-1HR
945,DEU_DEBE069,2025-02-28,16.45,3.34,95.25,0.12,2.63,296.72,1021.12,8191.19,7.33,12.762,4100.0,0.012,PM2.5-1HR
945,DEU_DEBE125,2025-02-28,15.02,3.34,95.25,0.12,2.63,296.72,1021.12,6357.97,7.28,12.692,4100.0,0.01,PM2.5-1HR
945,DEU_DEBE126,2025-02-28,16.31,3.34,95.25,0.12,2.63,296.72,1021.12,8426.55,7.28,12.692,4100.0,0.007,PM2.5-1HR
945,DEU_DEBE127,2025-02-28,15.82,3.34,95.25,0.12,2.63,296.72,1021.12,7640.61,7.32,12.748,4100.0,0.056,PM2.5-1HR
945,DEU_DEBE010,2025-03-01,8.59,3.22,87.88,0.01,2.7,321.59,1029.83,7325,5.09,9.626,4100.0,0.044,PM2.5-1HR
945,DEU_DEBE032,2025-03-01,6.3,3.19,87.75,0.01,2.67,320.56,1029.97,0,4.01,8.114,4100.0,0.861,PM2.5-1HR
945,DEU_DEBE034,2025-03-01,9.44,3.32,87.58,0.01,2.67,320.5,1029.85,8636.93,5.26,9.864,4100.0,0.331,PM2.5-1HR
945,DEU_DEBE051,2025-03-01,6.94,2.94,87.75,0.01,2.81,322.74,1029.78,465.56,3.68,7.652,4100.0,0.134,PM2.5-1HR
945,DEU_DEBE056,2025-03-01,4.75,3.2,87.88,0.01,2.81,316.9,1029.67,343.06,4.07,8.198,4100.0,0.106,PM2.5-1HR
945,DEU_DEBE061,2025-03-01,8.8,3.32,87.58,0.01,2.67,320.5,1029.85,8418.27,4.99,9.486,4100.0,0.009,PM2.5-1HR
945,DEU_DEBE065,2025-03-01,11.34,3.22,87.88,0.01,2.7,321.59,1029.83,8391.58,5.24,9.836,4100.0,0.004,PM2.5-1HR
945,DEU_DEBE068,2025-03-01,10.75,3.22,87.88,0.01,2.7,321.59,1029.83,6915.53,5.26,9.864,4100.0,0.072,PM2.5-1HR
945,DEU_DEBE069,2025-03-01,12.38,3.32,87.58,0.01,2.67,320.5,1029.85,8191.19,5.28,9.892,4100.0,0.012,PM2.5-1HR
945,DEU_DEBE125,2025-03-01,10.27,3.32,87.58,0.01,2.67,320.5,1029.85,6357.97,5.26,9.864,4100.0,0.01,PM2.5-1HR
945,DEU_DEBE126,2025-03-01,10.87,3.32,87.58,0.01,2.67,320.5,1029.85,8426.55,5.26,9.864,4100.0,0.007,PM2.5-1HR
945,DEU_DEBE127,2025-03-01,12.6,3.32,87.58,0.01,2.67,320.5,1029.85,7640.61,5.33,9.962,4100.0,0.056,PM2.5-1HR
945,DEU_DEBE010,2025-03-02,10.11,3.67,84.08,0,2.83,281,1032.58,7325,6.13,11.082,4100.0,0.044,PM2.5-1HR
945,DEU_DEBE032,2025-03-02,8.55,3.82,82.58,0,2.89,280.53,1032.76,0,4.43,8.702,4100.0,0.861,PM2.5-1HR
945,DEU_DEBE034,2025-03-02,11.8,3.73,83.67,0,2.8,282.21,1032.68,8636.93,6.45,11.53,4100.0,0.331,PM2.5-1HR
945,DEU_DEBE051,2025-03-02,8.38,3.52,82.96,0,3.19,277.42,1032.41,465.56,4.33,8.562,4100.0,0.134,PM2.5-1HR
945,DEU_DEBE061,2025-03-02,10.88,3.73,83.67,0,2.8,282.21,1032.68,8418.27,5.95,10.83,4100.0,0.009,PM2.5-1HR
945,DEU_DEBE065,2025-03-02,14.16,3.67,84.08,0,2.83,281,1032.58,8391.58,6.4,11.46,4100.0,0.004,PM2.5-1HR
945,DEU_DEBE068,2025-03-02,13.02,3.67,84.08,0,2.83,281,1032.58,6915.53,6.45,11.53,4100.0,0.072,PM2.5-1HR
945,DEU_DEBE069,2025-03-02,13.03,3.73,83.67,0,2.8,282.21,1032.68,8191.19,6.57,11.698,4100.0,0.012,PM2.5-1HR
945,DEU_DEBE125,2025-03-02,12.11,3.73,83.67,0,2.8,282.21,1032.68,6357.97,6.45,11.53,4100.0,0.01,PM2.5-1HR
945,DEU_DEBE126,2025-03-02,12.59,3.73,83.67,0,2.8,282.21,1032.68,8426.55,6.45,11.53,4100.0,0.007,PM2.5-1HR
945,DEU_DEBE127,2025-03-02,13.14,3.73,83.67,0,2.8,282.21,1032.68,7640.61,6.76,11.964,4100.0,0.056,PM2.5-1HR
945,DEU_DEBE010,2025-03-03,9.83,5.35,73.08,0,2.84,262.41,1028.65,7325,6.46,11.544,4100.0,0.044,PM2.5-1HR
945,DEU_DEBE032,2025-03-03,6.8,5.33,69.75,0,2.88,264.25,1028.82,0,5.62,10.368,4100.0,0.861,PM2.5-1HR
945,DEU_DEBE034,2025-03-03,10.75,5.39,71.46,0,2.82,263.45,1028.76,8636.93,6.7,11.88,4100.0,0.331,PM2.5-1HR
945,DEU_DEBE051,2025-03-03,8.03,5.38,71,0,3.33,263.33,1028.43,465.56,4.33,8.562,4100.0,0.134,PM2.5-1HR
945,DEU_DEBE056,2025-03-03,8.41,5.41,71,0,3.01,262.54,1028.7,343.06,5.99,10.886,4100.0,0.106,PM2.5-1HR
945,DEU_DEBE061,2025-03-03,9.91,5.39,71.46,0,2.82,263.45,1028.76,8418.27,6.42,11.488,4100.0,0.009,PM2.5-1HR
945,DEU_DEBE065,2025-03-03,13.19,5.35,73.08,0,2.84,262.41,1028.65,8391.58,6.57,11.698,4100.0,0.004,PM2.5-1HR
945,DEU_DEBE068,2025-03-03,11.43,5.35,73.08,0,2.84,262.41,1028.65,6915.53,6.7,11.88,4100.0,0.072,PM2.5-1HR
945,DEU_DEBE069,2025-03-03,13.59,5.39,71.46,0,2.82,263.45,1028.76,8191.19,6.63,11.782,4100.0,0.012,PM2.5-1HR
945,DEU_DEBE125,2025-03-03,11.64,5.39,71.46,0,2.82,263.45,1028.76,6357.97,6.7,11.88,4100.0,0.01,PM2.5-1HR
945,DEU_DEBE126,2025-03-03,11.66,5.39,71.46,0,2.82,263.45,1028.76,8426.55,6.7,11.88,4100.0,0.007,PM2.5-1HR
945,DEU_DEBE127,2025-03-03,13.27,5.39,71.46,0,2.82,263.45,1028.76,7640.61,6.73,11.922,4100.0,0.056,PM2.5-1HR
945,DEU_DEBE010,2025-03-04,17.07,4.74,69.25,0,2.62,250.22,1025.92,7325,14.13,22.282,4100.0,0.044,PM2.5-1HR
945,DEU_DEBE032,2025-03-04,11.76,4.73,67.58,0,2.53,252.24,1026.05,0,11.39,18.446,4100.0,0.861,PM2.5-1HR
945,DEU_DEBE034,2025-03-04,17,4.85,68.29,0,2.56,251.6,1026,8636.93,14.46,22.744,4100.0,0.331,PM2.5-1HR
945,DEU_DEBE051,2025-03-04,14.71,4.56,67.13,0,3.1,247.13,1025.72,465.56,10.8,17.62,4100.0,0.134,PM2.5-1HR
945,DEU_DEBE056,2025-03-04,12.42,4.73,67.67,0,2.76,250.76,1026.02,343.06,9.8,16.22,4100.0,0.106,PM2.5-1HR
945,DEU_DEBE061,2025-03-04,16.64,4.85,68.29,0,2.56,251.6,1026,8418.27,13.65,21.61,4100.0,0.009,PM2.5-1HR
945,DEU_DEBE065,2025-03-04,20.42,4.74,69.25,0,2.62,250.22,1025.92,8391.58,14.4,22.66,4100.0,0.004,PM2.5-1HR
945,DEU_DEBE068,2025-03-04,17.62,4.74,69.25,0,2.62,250.22,1025.92,6915.53,14.46,22.744,4100.0,0.072,PM2.5-1HR
945,DEU_DEBE069,2025-03-04,19.98,4.85,68.29,0,2.56,251.6,1026,8191.19,14.35,22.59,4100.0,0.012,PM2.5-1HR
945,DEU_DEBE125,2025-03-04,18.06,4.85,68.29,0,2.56,251.6,1026,6357.97,14.46,22.744,4100.0,0.01,PM2.5-1HR
945,DEU_DEBE126,2025-03-04,17.93,4.85,68.29,0,2.56,251.6,1026,8426.55,14.46,22.744,4100.0,0.007,PM2.5-1HR
945,DEU_DEBE127,2025-03-04,19.99,4.85,68.29,0,2.56,251.6,1026,7640.61,14.61,22.954,4100.0,0.056,PM2.5-1HR
945,DEU_DEBE010,2025-03-05,14.01,6.8,62.13,0,2.92,233.5,1023.58,7325,7.05,12.37,4100.0,0.044,PM2.5-1HR
945,DEU_DEBE032,2025-03-05,9.21,6.65,61.13,0,2.7,231.75,1023.71,0,5.14,9.696,4100.0,0.861,PM2.5-1HR
945,DEU_DEBE034,2025-03-05,15.17,6.72,63.33,0,2.83,231.75,1023.7,8636.93,7.35,12.79,4100.0,0.331,PM2.5-1HR
945,DEU_DEBE051,2025-03-05,14.46,6.7,57.46,0,3.62,232.76,1023.33,465.56,5.86,10.704,4100.0,0.134,PM2.5-1HR
945,DEU_DEBE056,2025-03-05,10.75,6.45,63.46,0,3.07,231.33,1023.8,343.06,5.81,10.634,4100.0,0.106,PM2.5-1HR
945,DEU_DEBE061,2025-03-05,13.37,6.72,63.33,0,2.83,231.75,1023.7,8418.27,6.92,12.188,4100.0,0.009,PM2.5-1HR
945,DEU_DEBE065,2025-03-05,18.41,6.8,62.13,0,2.92,233.5,1023.58,8391.58,7.34,12.776,4100.0,0.004,PM2.5-1HR
945,DEU_DEBE068,2025-03-05,15.64,6.8,62.13,0,2.92,233.5,1023.58,6915.53,7.35,12.79,4100.0,0.072,PM2.5-1HR
945,DEU_DEBE069,2025-03-05,18.53,6.72,63.33,0,2.83,231.75,1023.7,8191.19,7.34,12.776,4100.0,0.012,PM2.5-1HR
945,DEU_DEBE125,2025-03-05,16.48,6.72,63.33,0,2.83,231.75,1023.7,6357.97,7.35,12.79,4100.0,0.01,PM2.5-1HR
945,DEU_DEBE126,2025-03-05,15.45,6.72,63.33,0,2.83,231.75,1023.7,8426.55,7.35,12.79,4100.0,0.007,PM2.5-1HR
945,DEU_DEBE127,2025-03-05,17.8,6.72,63.33,0,2.83,231.75,1023.7,7640.61,7.45,12.93,4100.0,0.056,PM2.5-1HR
945,DEU_DEBE010,2025-03-06,17.05,7.63,66.79,0,2,209.25,1020.77,7325,14.54,22.856,4100.0,0.044,PM2.5-1HR
945,DEU_DEBE127,2025-03-06,22.24,7.63,66.08,0,2.15,210.34,1020.82,7640.61,15.27,23.878,4100.0,0.056,PM2.5-1HR
945,DEU_DEBE032,2025-03-06,11.31,7.24,64.75,0,1.93,208.01,1020.78,0,11.05,17.97,4100.0,0.861,PM2.5-1HR
945,DEU_DEBE034,2025-03-06,20.71,7.63,66.08,0,2.15,210.34,1020.82,8636.93,14.97,23.458,4100.0,0.331,PM2.5-1HR
945,DEU_DEBE051,2025-03-06,15.83,7.4,63.58,0,2.23,207.97,1020.63,465.56,9.95,16.43,4100.0,0.134,PM2.5-1HR
945,DEU_DEBE056,2025-03-06,12.85,7.5,63.42,0,2.33,219.09,1020.97,343.06,10.29,16.906,4100.0,0.106,PM2.5-1HR
945,DEU_DEBE061,2025-03-06,17.65,7.63,66.08,0,2.15,210.34,1020.82,8418.27,14.1,22.24,4100.0,0.009,PM2.5-1HR
945,DEU_DEBE065,2025-03-06,23.42,7.63,66.79,0,2,209.25,1020.77,8391.58,14.97,23.458,4100.0,0.004,PM2.5-1HR
945,DEU_DEBE068,2025-03-06,19.79,7.63,66.79,0,2,209.25,1020.77,6915.53,14.97,23.458,4100.0,0.072,PM2.5-1HR
945,DEU_DEBE069,2025-03-06,22.37,7.63,66.08,0,2.15,210.34,1020.82,8191.19,15.12,23.668,4100.0,0.012,PM2.5-1HR
945,DEU_DEBE125,2025-03-06,19.76,7.63,66.08,0,2.15,210.34,1020.82,6357.97,14.97,23.458,4100.0,0.01,PM2.5-1HR
945,DEU_DEBE126,2025-03-06,19.81,7.63,66.08,0,2.15,210.34,1020.82,8426.55,14.97,23.458,4100.0,0.007,PM2.5-1HR
945,DEU_DEBE127,2025-03-07,28.41,8.49,67.63,0,1.64,158.64,1019.92,7640.61,13.82,21.848,4100.0,0.056,PM2.5-1HR
945,DEU_DEBE010,2025-03-07,20.81,8.4,68.38,0,1.6,158.61,1019.92,7325,13.24,21.036,4100.0,0.044,PM2.5-1HR
945,DEU_DEBE032,2025-03-07,12.71,7.94,65.54,0,1.62,156.18,1019.85,0,9.85,16.29,4100.0,0.861,PM2.5-1HR
945,DEU_DEBE034,2025-03-07,24.22,8.49,67.63,0,1.64,158.64,1019.92,8636.93,13.54,21.456,4100.0,0.331,PM2.5-1HR
945,DEU_DEBE051,2025-03-07,20.28,7.91,65.83,0,1.88,165.82,1019.86,465.56,9.9,16.36,4100.0,0.134,PM2.5-1HR
945,DEU_DEBE056,2025-03-07,16.4,7.63,66.58,0,1.53,169.42,1020.06,343.06,8.65,14.61,4100.0,0.106,PM2.5-1HR
945,DEU_DEBE061,2025-03-07,20.96,8.49,67.63,0,1.64,158.64,1019.92,8418.27,12.57,20.098,4100.0,0.009,PM2.5-1HR
945,DEU_DEBE065,2025-03-07,29.54,8.4,68.38,0,1.6,158.61,1019.92,8391.58,13.69,21.666,4100.0,0.004,PM2.5-1HR
945,DEU_DEBE068,2025-03-07,23.67,8.4,68.38,0,1.6,158.61,1019.92,6915.53,13.54,21.456,4100.0,0.072,PM2.5-1HR
945,DEU_DEBE069,2025-03-07,26.72,8.49,67.63,0,1.64,158.64,1019.92,8191.19,13.53,21.442,4100.0,0.012,PM2.5-1HR
945,DEU_DEBE125,2025-03-07,24.96,8.49,67.63,0,1.64,158.64,1019.92,6357.97,13.54,21.456,4100.0,0.01,PM2.5-1HR
945,DEU_DEBE126,2025-03-07,27.53,8.49,67.63,0,1.64,158.64,1019.92,8426.55,13.54,21.456,4100.0,0.007,PM2.5-1HR
945,DEU_DEBE127,2025-03-08,28.65,8.59,64.42,0,2.56,81.35,1017.02,7640.61,16.54,25.656,4100.0,0.056,PM2.5-1HR
945,DEU_DEBE010,2025-03-08,27.21,8.63,63.17,0,2.55,84.46,1017.08,7325,15.69,24.466,4100.0,0.044,PM2.5-1HR
945,DEU_DEBE032,2025-03-08,17.28,7.98,63.88,0,2.28,85.02,1016.99,0,13.44,21.316,4100.0,0.861,PM2.5-1HR
945,DEU_DEBE034,2025-03-08,24.16,8.59,64.42,0,2.56,81.35,1017.02,8636.93,16.3,25.32,4100.0,0.331,PM2.5-1HR
945,DEU_DEBE051,2025-03-08,24.41,8.43,58.25,0,2.69,88.65,1017.18,465.56,13.2,20.98,4100.0,0.134,PM2.5-1HR
945,DEU_DEBE056,2025-03-08,23.79,7.61,64.88,0,2.39,74.27,1017.04,343.06,13.94,22.016,4100.0,0.106,PM2.5-1HR
945,DEU_DEBE061,2025-03-08,25.19,8.59,64.42,0,2.56,81.35,1017.02,8418.27,15.76,24.564,4100.0,0.009,PM2.5-1HR
945,DEU_DEBE065,2025-03-08,26.45,8.63,63.17,0,2.55,84.46,1017.08,8391.58,16.1,25.04,4100.0,0.004,PM2.5-1HR
945,DEU_DEBE068,2025-03-08,23.72,8.63,63.17,0,2.55,84.46,1017.08,6915.53,16.3,25.32,4100.0,0.072,PM2.5-1HR
945,DEU_DEBE069,2025-03-08,29.17,8.59,64.42,0,2.56,81.35,1017.02,8191.19,16.5,25.6,4100.0,0.012,PM2.5-1HR
945,DEU_DEBE125,2025-03-08,25.32,8.59,64.42,0,2.56,81.35,1017.02,6357.97,16.3,25.32,4100.0,0.01,PM2.5-1HR
945,DEU_DEBE126,2025-03-08,27.37,8.59,64.42,0,2.56,81.35,1017.02,8426.55,16.3,25.32,4100.0,0.007,PM2.5-1HR
945,DEU_DEBE010,2025-03-09,39.88,8.2,72.42,0,1.63,63.12,1008.1,7325,30.05,44.57,4100.0,0.044,PM2.5-1HR
945,DEU_DEBE032,2025-03-09,29.93,7.61,73.25,0,1.41,61.68,1008.06,0,25.5,38.2,4100.0,0.861,PM2.5-1HR
945,DEU_DEBE034,2025-03-09,41.67,8.33,73.67,0,1.63,60.88,1008.04,8636.93,30.69,45.466,4100.0,0.331,PM2.5-1HR
945,DEU_DEBE051,2025-03-09,32,7.98,69.21,0,1.92,80.46,1008.2,465.56,21.04,31.956,4100.0,0.134,PM2.5-1HR
945,DEU_DEBE056,2025-03-09,33.9,7.88,71.21,0,1.59,68.39,1008,343.06,24.96,37.444,4100.0,0.106,PM2.5-1HR
945,DEU_DEBE061,2025-03-09,40.94,8.33,73.67,0,1.63,60.88,1008.04,8418.27,29.42,43.688,4100.0,0.009,PM2.5-1HR
945,DEU_DEBE065,2025-03-09,45.13,8.2,72.42,0,1.63,63.12,1008.1,8391.58,30.34,44.976,4100.0,0.004,PM2.5-1HR
945,DEU_DEBE068,2025-03-09,39.88,8.2,72.42,0,1.63,63.12,1008.1,6915.53,30.69,45.466,4100.0,0.072,PM2.5-1HR
945,DEU_DEBE069,2025-03-09,45.96,8.33,73.67,0,1.63,60.88,1008.04,8191.19,31.04,45.956,4100.0,0.012,PM2.5-1HR
945,DEU_DEBE125,2025-03-09,42.63,8.33,73.67,0,1.63,60.88,1008.04,6357.97,30.69,45.466,4100.0,0.01,PM2.5-1HR
945,DEU_DEBE126,2025-03-09,46.65,8.33,73.67,0,1.63,60.88,1008.04,8426.55,30.69,45.466,4100.0,0.007,PM2.5-1HR
945,DEU_DEBE127,2025-03-09,47.64,8.33,73.67,0,1.63,60.88,1008.04,7640.61,31.15,46.11,4100.0,0.056,PM2.5-1HR
945,DEU_DEBE010,2025-03-10,43.35,7.43,77.79,0,1.68,308.32,1000.67,7325,26.33,39.362,4100.0,0.044,PM2.5-1HR
945,DEU_DEBE032,2025-03-10,35.83,6.56,79.54,0,1.48,304.53,1000.79,0,25.47,38.158,4100.0,0.861,PM2.5-1HR
945,DEU_DEBE034,2025-03-10,45.26,7.62,78.04,0,1.62,307,1000.7,8636.93,26.65,39.81,4100.0,0.331,PM2.5-1HR
945,DEU_DEBE051,2025-03-10,33.16,6.89,76.63,0,1.65,318.42,1000.61,465.56,17.43,26.902,4100.0,0.134,PM2.5-1HR
945,DEU_DEBE056,2025-03-10,37.74,7.49,76.04,0,1.51,304.16,1000.57,343.06,21.35,32.39,4100.0,0.106,PM2.5-1HR
945,DEU_DEBE061,2025-03-10,44.37,7.62,78.04,0,1.62,307,1000.7,8418.27,26.2,39.18,4100.0,0.009,PM2.5-1HR
945,DEU_DEBE065,2025-03-10,48.49,7.43,77.79,0,1.68,308.32,1000.67,8391.58,26.18,39.152,4100.0,0.004,PM2.5-1HR
945,DEU_DEBE068,2025-03-10,45.21,7.43,77.79,0,1.68,308.32,1000.67,6915.53,26.65,39.81,4100.0,0.072,PM2.5-1HR
945,DEU_DEBE069,2025-03-10,51.4,7.62,78.04,0,1.62,307,1000.7,8191.19,27.14,40.496,4100.0,0.012,PM2.5-1HR
945,DEU_DEBE125,2025-03-10,48.13,7.62,78.04,0,1.62,307,1000.7,6357.97,26.65,39.81,4100.0,0.01,PM2.5-1HR
945,DEU_DEBE126,2025-03-10,48.77,7.62,78.04,0,1.62,307,1000.7,8426.55,26.65,39.81,4100.0,0.007,PM2.5-1HR
945,DEU_DEBE127,2025-03-10,52.47,7.62,78.04,0,1.62,307,1000.7,7640.61,27.19,40.566,4100.0,0.056,PM2.5-1HR
945,DEU_DEBE010,2025-03-11,42.53,4.73,88.04,0,1.04,282.25,1000.7,7325,35.3,51.92,4100.0,0.044,PM2.5-1HR
945,DEU_DEBE032,2025-03-11,33.2,4.55,86.08,0,1.15,278.37,1000.71,0,28.19,41.966,4100.0,0.861,PM2.5-1HR
945,DEU_DEBE034,2025-03-11,43.52,5.17,87.13,0,1.15,282.81,1000.69,8636.93,36.01,52.914,4100.0,0.331,PM2.5-1HR
945,DEU_DEBE051,2025-03-11,34.36,3.76,87.5,0,1.2,281.17,1000.68,465.56,26.75,39.95,4100.0,0.134,PM2.5-1HR
945,DEU_DEBE056,2025-03-11,39.33,4.58,87.42,0,1.18,283.56,1000.66,343.06,30.3,44.92,4100.0,0.106,PM2.5-1HR
945,DEU_DEBE061,2025-03-11,42.66,5.17,87.13,0,1.15,282.81,1000.69,8418.27,34.26,50.464,4100.0,0.009,PM2.5-1HR
945,DEU_DEBE065,2025-03-11,47.98,4.73,88.04,0,1.04,282.25,1000.7,8391.58,36.27,53.278,4100.0,0.004,PM2.5-1HR
945,DEU_DEBE068,2025-03-11,42.61,4.73,88.04,0,1.04,282.25,1000.7,6915.53,36.01,52.914,4100.0,0.072,PM2.5-1HR
945,DEU_DEBE069,2025-03-11,49,5.17,87.13,0,1.15,282.81,1000.69,8191.19,35.74,52.536,4100.0,0.012,PM2.5-1HR
945,DEU_DEBE125,2025-03-11,46.04,5.17,87.13,0,1.15,282.81,1000.69,6357.97,36.01,52.914,4100.0,0.01,PM2.5-1HR
945,DEU_DEBE126,2025-03-11,45.76,5.17,87.13,0,1.15,282.81,1000.69,8426.55,36.01,52.914,4100.0,0.007,PM2.5-1HR
945,DEU_DEBE127,2025-03-11,49.81,5.17,87.13,0,1.15,282.81,1000.69,7640.61,36.28,53.292,4100.0,0.056,PM2.5-1HR
945,DEU_DEBE010,2025-03-12,22.59,5.22,85.54,0.09,1.63,258.85,999.52,7325,7.47,12.958,4100.0,0.044,PM2.5-1HR
945,DEU_DEBE032,2025-03-12,18.16,5.23,83.63,0.08,1.42,268.31,999.56,0,5.6,10.34,4100.0,0.861,PM2.5-1HR
945,DEU_DEBE034,2025-03-12,23.73,5.31,85.21,0.1,1.58,261.45,999.55,8636.93,8.25,14.05,4100.0,0.331,PM2.5-1HR
945,DEU_DEBE051,2025-03-12,19.62,5.16,81.13,0.07,1.55,253.86,999.42,465.56,5.24,9.836,4100.0,0.134,PM2.5-1HR
945,DEU_DEBE056,2025-03-12,26.84,5.12,85.75,0.09,1.25,278.96,999.54,343.06,8.15,13.91,4100.0,0.106,PM2.5-1HR
945,DEU_DEBE061,2025-03-12,23.8,5.31,85.21,0.1,1.58,261.45,999.55,8418.27,7.81,13.434,4100.0,0.009,PM2.5-1HR
945,DEU_DEBE065,2025-03-12,26.14,5.22,85.54,0.09,1.63,258.85,999.52,8391.58,7.91,13.574,4100.0,0.004,PM2.5-1HR
945,DEU_DEBE068,2025-03-12,23.75,5.22,85.54,0.09,1.63,258.85,999.52,6915.53,8.25,14.05,4100.0,0.072,PM2.5-1HR
945,DEU_DEBE069,2025-03-12,29.27,5.31,85.21,0.1,1.58,261.45,999.55,8191.19,8.45,14.33,4100.0,0.012,PM2.5-1HR
945,DEU_DEBE125,2025-03-12,24.64,5.31,85.21,0.1,1.58,261.45,999.55,6357.97,8.25,14.05,4100.0,0.01,PM2.5-1HR
945,DEU_DEBE126,2025-03-12,25.95,5.31,85.21,0.1,1.58,261.45,999.55,8426.55,8.25,14.05,4100.0,0.007,PM2.5-1HR
945,DEU_DEBE127,2025-03-12,27.27,5.31,85.21,0.1,1.58,261.45,999.55,7640.61,8.44,14.316,4100.0,0.056,PM2.5-1HR
945,DEU_DEBE010,2025-03-13,11.91,4.25,79.75,0,2,318.22,998.14,7325,8.98,15.072,4100.0,0.044,PM2.5-1HR
945,DEU_DEBE032,2025-03-13,10.1,4.08,79.25,0,1.83,318.02,998.25,0,7.36,12.804,4100.0,0.861,PM2.5-1HR
945,DEU_DEBE034,2025-03-13,12.69,4.36,79.83,0.01,1.98,317.21,998.18,8636.93,9.25,15.45,4100.0,0.331,PM2.5-1HR
945,DEU_DEBE051,2025-03-13,10.92,4.02,77.67,0,2.03,324.95,998.1,465.56,5.64,10.396,4100.0,0.134,PM2.5-1HR
945,DEU_DEBE056,2025-03-13,12.4,4.6,80.21,0.03,2.33,323.87,998.02,343.06,6.68,11.852,4100.0,0.106,PM2.5-1HR
945,DEU_DEBE061,2025-03-13,13.43,4.36,79.83,0.01,1.98,317.21,998.18,8418.27,8.82,14.848,4100.0,0.009,PM2.5-1HR
945,DEU_DEBE065,2025-03-13,15.46,4.25,79.75,0,2,318.22,998.14,8391.58,9.17,15.338,4100.0,0.004,PM2.5-1HR
945,DEU_DEBE068,2025-03-13,12.89,4.25,79.75,0,2,318.22,998.14,6915.53,9.25,15.45,4100.0,0.072,PM2.5-1HR
945,DEU_DEBE069,2025-03-13,17.1,4.36,79.83,0.01,1.98,317.21,998.18,8191.19,9.36,15.604,4100.0,0.012,PM2.5-1HR
945,DEU_DEBE125,2025-03-13,14.12,4.36,79.83,0.01,1.98,317.21,998.18,6357.97,9.25,15.45,4100.0,0.01,PM2.5-1HR
945,DEU_DEBE126,2025-03-13,14.58,4.36,79.83,0.01,1.98,317.21,998.18,8426.55,9.25,15.45,4100.0,0.007,PM2.5-1HR
945,DEU_DEBE127,2025-03-13,16.02,4.36,79.83,0.01,1.98,317.21,998.18,7640.61,9.47,15.758,4100.0,0.056,PM2.5-1HR
945,DEU_DEBE010,2025-03-14,12.26,4.32,78.75,0.03,1.44,304.06,1006.73,7325,9.79,16.206,4100.0,0.044,PM2.5-1HR
945,DEU_DEBE032,2025-03-14,8.9,4.23,77.21,0.03,1.51,300.45,1006.75,0,7.22,12.608,4100.0,0.861,PM2.5-1HR
945,DEU_DEBE034,2025-03-14,12.99,4.46,78.71,0.03,1.35,310.85,1006.73,8636.93,10.22,16.808,4100.0,0.331,PM2.5-1HR
945,DEU_DEBE051,2025-03-14,10.58,3.98,76.29,0.01,1.6,295.53,1006.72,465.56,9.07,15.198,4100.0,0.134,PM2.5-1HR
945,DEU_DEBE056,2025-03-14,14,4.58,80.25,0.03,1.3,305.53,1006.71,343.06,11.15,18.11,4100.0,0.106,PM2.5-1HR
945,DEU_DEBE061,2025-03-14,12.82,4.46,78.71,0.03,1.35,310.85,1006.73,8418.27,9.62,15.968,4100.0,0.009,PM2.5-1HR
945,DEU_DEBE065,2025-03-14,15.1,4.32,78.75,0.03,1.44,304.06,1006.73,8391.58,10.29,16.906,4100.0,0.004,PM2.5-1HR
945,DEU_DEBE068,2025-03-14,12.84,4.32,78.75,0.03,1.44,304.06,1006.73,6915.53,10.22,16.808,4100.0,0.072,PM2.5-1HR
945,DEU_DEBE069,2025-03-14,16.77,4.46,78.71,0.03,1.35,310.85,1006.73,8191.19,10.4,17.06,4100.0,0.012,PM2.5-1HR
945,DEU_DEBE125,2025-03-14,13.47,4.46,78.71,0.03,1.35,310.85,1006.73,6357.97,10.22,16.808,4100.0,0.01,PM2.5-1HR
945,DEU_DEBE126,2025-03-14,15.29,4.46,78.71,0.03,1.35,310.85,1006.73,8426.55,10.22,16.808,4100.0,0.007,PM2.5-1HR
945,DEU_DEBE127,2025-03-14,16.45,4.46,78.71,0.03,1.35,310.85,1006.73,7640.61,10.53,17.242,4100.0,0.056,PM2.5-1HR
945,DEU_DEBE010,2025-03-15,20.56,3.8,85.17,0.03,2.63,47.77,1018.72,7325,15.78,24.592,4100.0,0.044,PM2.5-1HR
945,DEU_DEBE032,2025-03-15,16.84,3.91,84.38,0,2.62,46.85,1018.63,0,13.63,21.582,4100.0,0.861,PM2.5-1HR
945,DEU_DEBE034,2025-03-15,21.41,4.08,83.83,0,2.62,46.91,1018.61,8636.93,15.95,24.83,4100.0,0.331,PM2.5-1HR
945,DEU_DEBE051,2025-03-15,16.83,3.34,86.29,0.02,2.71,46.54,1018.9,465.56,11.92,19.188,4100.0,0.134,PM2.5-1HR
945,DEU_DEBE056,2025-03-15,18.54,4.43,81.5,0.01,2.7,46.57,1018.47,343.06,13.1,20.84,4100.0,0.106,PM2.5-1HR
945,DEU_DEBE061,2025-03-15,21.75,4.08,83.83,0,2.62,46.91,1018.61,8418.27,15.39,24.046,4100.0,0.009,PM2.5-1HR
945,DEU_DEBE065,2025-03-15,22.96,3.8,85.17,0.03,2.63,47.77,1018.72,8391.58,15.83,24.662,4100.0,0.004,PM2.5-1HR
945,DEU_DEBE068,2025-03-15,21.07,3.8,85.17,0.03,2.63,47.77,1018.72,6915.53,15.95,24.83,4100.0,0.072,PM2.5-1HR
945,DEU_DEBE069,2025-03-15,24.5,4.08,83.83,0,2.62,46.91,1018.61,8191.19,16.06,24.984,4100.0,0.012,PM2.5-1HR
945,DEU_DEBE125,2025-03-15,22.51,4.08,83.83,0,2.62,46.91,1018.61,6357.97,15.95,24.83,4100.0,0.01,PM2.5-1HR
945,DEU_DEBE126,2025-03-15,24.01,4.08,83.83,0,2.62,46.91,1018.61,8426.55,15.95,24.83,4100.0,0.007,PM2.5-1HR
945,DEU_DEBE127,2025-03-15,23.75,4.08,83.83,0,2.62,46.91,1018.61,7640.61,16.11,25.054,4100.0,0.056,PM2.5-1HR
945,DEU_DEBE010,2025-03-16,15.56,3.38,77.46,0.03,2.35,336.63,1019.76,7325,5.85,10.69,4100.0,0.044,PM2.5-1HR
945,DEU_DEBE032,2025-03-16,13.12,3.18,77.21,0.02,2.23,332.88,1019.88,0,4.07,8.198,4100.0,0.861,PM2.5-1HR
945,DEU_DEBE034,2025-03-16,16.72,3.53,76.67,0.03,2.3,333.68,1019.77,8636.93,6.11,11.054,4100.0,0.331,PM2.5-1HR
945,DEU_DEBE051,2025-03-16,12.06,2.86,77.13,0,2.44,331.11,1019.73,465.56,3.39,7.246,4100.0,0.134,PM2.5-1HR
945,DEU_DEBE056,2025-03-16,13.53,3.15,77,0,2.15,332.42,1019.61,343.06,4,8.1,4100.0,0.106,PM2.5-1HR
945,DEU_DEBE061,2025-03-16,16.97,3.53,76.67,0.03,2.3,333.68,1019.77,8418.27,5.71,10.494,4100.0,0.009,PM2.5-1HR
945,DEU_DEBE065,2025-03-16,18.33,3.38,77.46,0.03,2.35,336.63,1019.76,8391.58,6.19,11.166,4100.0,0.004,PM2.5-1HR
945,DEU_DEBE068,2025-03-16,17.82,3.38,77.46,0.03,2.35,336.63,1019.76,6915.53,6.11,11.054,4100.0,0.072,PM2.5-1HR
945,DEU_DEBE069,2025-03-16,19.4,3.53,76.67,0.03,2.3,333.68,1019.77,8191.19,6.2,11.18,4100.0,0.012,PM2.5-1HR
945,DEU_DEBE125,2025-03-16,17.42,3.53,76.67,0.03,2.3,333.68,1019.77,6357.97,6.11,11.054,4100.0,0.01,PM2.5-1HR
945,DEU_DEBE126,2025-03-16,18.45,3.53,76.67,0.03,2.3,333.68,1019.77,8426.55,6.11,11.054,4100.0,0.007,PM2.5-1HR
945,DEU_DEBE127,2025-03-16,18.42,3.53,76.67,0.03,2.3,333.68,1019.77,7640.61,6.31,11.334,4100.0,0.056,PM2.5-1HR
945,DEU_DEBE010,2025-03-17,3.89,2.18,60.83,0,3.21,31.92,1028.92,7325,2.65,6.21,4100.0,0.044,PM2.5-1HR
945,DEU_DEBE032,2025-03-17,2.58,2.48,61.04,0,3.19,32.41,1028.91,0,2.12,5.468,4100.0,0.861,PM2.5-1HR
945,DEU_DEBE034,2025-03-17,3.98,2.4,60.75,0,3.19,31.56,1028.85,8636.93,2.77,6.378,4100.0,0.331,PM2.5-1HR
945,DEU_DEBE051,2025-03-17,2.58,1.73,59.04,0,3.31,30.14,1029.01,465.56,2.07,5.398,4100.0,0.134,PM2.5-1HR
945,DEU_DEBE056,2025-03-17,3,2.32,61.13,0,3.53,24.59,1028.63,343.06,2.01,5.314,4100.0,0.106,PM2.5-1HR
945,DEU_DEBE061,2025-03-17,3.55,2.4,60.75,0,3.19,31.56,1028.85,8418.27,2.67,6.238,4100.0,0.009,PM2.5-1HR
945,DEU_DEBE065,2025-03-17,4.62,2.18,60.83,0,3.21,31.92,1028.92,8391.58,2.78,6.392,4100.0,0.004,PM2.5-1HR
945,DEU_DEBE068,2025-03-17,3.72,2.18,60.83,0,3.21,31.92,1028.92,6915.53,2.77,6.378,4100.0,0.072,PM2.5-1HR
945,DEU_DEBE069,2025-03-17,5.51,2.4,60.75,0,3.19,31.56,1028.85,8191.19,2.79,6.406,4100.0,0.012,PM2.5-1HR
945,DEU_DEBE125,2025-03-17,5.25,2.4,60.75,0,3.19,31.56,1028.85,6357.97,2.77,6.378,4100.0,0.01,PM2.5-1HR
945,DEU_DEBE126,2025-03-17,5.35,2.4,60.75,0,3.19,31.56,1028.85,8426.55,2.77,6.378,4100.0,0.007,PM2.5-1HR
945,DEU_DEBE127,2025-03-17,5.29,2.4,60.75,0,3.19,31.56,1028.85,7640.61,2.82,6.448,4100.0,0.056,PM2.5-1HR
945,DEU_DEBE010,2025-03-18,8.64,1.63,52.83,0,1.5,235.59,1031.98,7325,4.64,8.996,4100.0,0.044,PM2.5-1HR
945,DEU_DEBE032,2025-03-18,3.89,1.73,54.13,0,1.3,240.55,1032.02,0,2.95,6.63,4100.0,0.861,PM2.5-1HR
945,DEU_DEBE034,2025-03-18,9.93,1.57,52.92,0,1.32,237.2,1032.03,8636.93,4.83,9.262,4100.0,0.331,PM2.5-1HR
945,DEU_DEBE051,2025-03-18,6.18,1.02,49.5,0,1.93,241.21,1031.86,465.56,2.99,6.686,4100.0,0.134,PM2.5-1HR
945,DEU_DEBE056,2025-03-18,6.92,1.52,58.17,0,1.47,236.78,1032.04,343.06,3.02,6.728,4100.0,0.106,PM2.5-1HR
945,DEU_DEBE061,2025-03-18,7.46,1.57,52.92,0,1.32,237.2,1032.03,8418.27,4.52,8.828,4100.0,0.009,PM2.5-1HR
945,DEU_DEBE065,2025-03-18,12.49,1.63,52.83,0,1.5,235.59,1031.98,8391.58,4.9,9.36,4100.0,0.004,PM2.5-1HR
945,DEU_DEBE068,2025-03-18,9.33,1.63,52.83,0,1.5,235.59,1031.98,6915.53,4.83,9.262,4100.0,0.072,PM2.5-1HR
945,DEU_DEBE069,2025-03-18,14.25,1.57,52.92,0,1.32,237.2,1032.03,8191.19,4.85,9.29,4100.0,0.012,PM2.5-1HR
945,DEU_DEBE125,2025-03-18,8.73,1.57,52.92,0,1.32,237.2,1032.03,6357.97,4.83,9.262,4100.0,0.01,PM2.5-1HR
945,DEU_DEBE126,2025-03-18,9.79,1.57,52.92,0,1.32,237.2,1032.03,8426.55,4.83,9.262,4100.0,0.007,PM2.5-1HR
945,DEU_DEBE127,2025-03-18,10.65,1.57,52.92,0,1.32,237.2,1032.03,7640.61,4.94,9.416,4100.0,0.056,PM2.5-1HR
945,DEU_DEBE010,2025-03-19,14.14,3.63,52.13,0,1.4,164.97,1028.53,7325,10.75,17.55,4100.0,0.044,PM2.5-1HR
945,DEU_DEBE032,2025-03-19,7.67,3.55,54.17,0,1.51,165.89,1028.46,0,7.59,13.126,4100.0,0.861,PM2.5-1HR
945,DEU_DEBE034,2025-03-19,17.55,3.55,51.79,0,1.41,168.94,1028.54,8636.93,11.25,18.25,4100.0,0.331,PM2.5-1HR
945,DEU_DEBE051,2025-03-19,14.98,3.14,48.08,0,1.75,172.57,1028.47,465.56,8.72,14.708,4100.0,0.134,PM2.5-1HR
945,DEU_DEBE056,2025-03-19,9.83,3.55,59.04,0,1.4,180.77,1028.63,343.06,5.83,10.662,4100.0,0.106,PM2.5-1HR
945,DEU_DEBE061,2025-03-19,13.84,3.55,51.79,0,1.41,168.94,1028.54,8418.27,10.34,16.976,4100.0,0.009,PM2.5-1HR
945,DEU_DEBE065,2025-03-19,21.39,3.63,52.13,0,1.4,164.97,1028.53,8391.58,11.28,18.292,4100.0,0.004,PM2.5-1HR
945,DEU_DEBE068,2025-03-19,17.27,3.63,52.13,0,1.4,164.97,1028.53,6915.53,11.25,18.25,4100.0,0.072,PM2.5-1HR
945,DEU_DEBE069,2025-03-19,20.09,3.55,51.79,0,1.41,168.94,1028.54,8191.19,11.25,18.25,4100.0,0.012,PM2.5-1HR
945,DEU_DEBE125,2025-03-19,15.05,3.55,51.79,0,1.41,168.94,1028.54,6357.97,11.25,18.25,4100.0,0.01,PM2.5-1HR
945,DEU_DEBE126,2025-03-19,18.13,3.55,51.79,0,1.41,168.94,1028.54,8426.55,11.25,18.25,4100.0,0.007,PM2.5-1HR
945,DEU_DEBE127,2025-03-19,19.24,3.55,51.79,0,1.41,168.94,1028.54,7640.61,11.58,18.712,4100.0,0.056,PM2.5-1HR
945,DEU_DEBE010,2025-03-20,18.41,6.61,64.96,0,1.48,179.17,1024.24,7325,12.37,19.818,4100.0,0.044,PM2.5-1HR
945,DEU_DEBE032,2025-03-20,10.43,6.46,63.42,0,1.42,181.58,1024.18,0,8.07,13.798,4100.0,0.861,PM2.5-1HR
945,DEU_DEBE034,2025-03-20,20.89,6.59,64.67,0,1.55,182.62,1024.26,8636.93,13.22,21.008,4100.0,0.331,PM2.5-1HR
945,DEU_DEBE051,2025-03-20,14.43,6.21,61.17,0,1.83,180.43,1024.15,465.56,6.28,11.292,4100.0,0.134,PM2.5-1HR
945,DEU_DEBE056,2025-03-20,12.1,6.6,60.71,0,1.42,194.01,1024.4,343.06,7.35,12.79,4100.0,0.106,PM2.5-1HR
945,DEU_DEBE061,2025-03-20,16.46,6.59,64.67,0,1.55,182.62,1024.26,8418.27,12.1,19.44,4100.0,0.009,PM2.5-1HR
945,DEU_DEBE065,2025-03-20,24.21,6.61,64.96,0,1.48,179.17,1024.24,8391.58,13.08,20.812,4100.0,0.004,PM2.5-1HR
945,DEU_DEBE068,2025-03-20,21.2,6.61,64.96,0,1.48,179.17,1024.24,6915.53,13.22,21.008,4100.0,0.072,PM2.5-1HR
945,DEU_DEBE069,2025-03-20,22.4,6.59,64.67,0,1.55,182.62,1024.26,8191.19,13.68,21.652,4100.0,0.012,PM2.5-1HR
945,DEU_DEBE125,2025-03-20,20.71,6.59,64.67,0,1.55,182.62,1024.26,6357.97,13.22,21.008,4100.0,0.01,PM2.5-1HR
945,DEU_DEBE126,2025-03-20,23.22,6.59,64.67,0,1.55,182.62,1024.26,8426.55,13.22,21.008,4100.0,0.007,PM2.5-1HR
945,DEU_DEBE127,2025-03-20,24.62,6.59,64.67,0,1.55,182.62,1024.26,7640.61,13.85,21.89,4100.0,0.056,PM2.5-1HR
945,DEU_DEBE010,2025-03-21,22.99,8.88,61.58,0,2.45,107.9,1021.26,7325,15.78,24.592,4100.0,0.044,PM2.5-1HR
945,DEU_DEBE032,2025-03-21,14.36,8.58,62,0,2.42,109.83,1021.11,0,11.65,18.81,4100.0,0.861,PM2.5-1HR
945,DEU_DEBE034,2025-03-21,22.04,8.73,63.96,0,2.43,103.83,1021.22,8636.93,16.24,25.236,4100.0,0.331,PM2.5-1HR
945,DEU_DEBE051,2025-03-21,16.58,9,53.58,0,2.77,114.38,1021.31,465.56,10.95,17.83,4100.0,0.134,PM2.5-1HR
945,DEU_DEBE056,2025-03-21,16.98,8.04,65.29,0,2.2,105.4,1021.3,343.06,11.63,18.782,4100.0,0.106,PM2.5-1HR
945,DEU_DEBE061,2025-03-21,21.35,8.73,63.96,0,2.43,103.83,1021.22,8418.27,15.19,23.766,4100.0,0.009,PM2.5-1HR
945,DEU_DEBE065,2025-03-21,25.24,8.88,61.58,0,2.45,107.9,1021.26,8391.58,16.23,25.222,4100.0,0.004,PM2.5-1HR
945,DEU_DEBE068,2025-03-21,21.95,8.88,61.58,0,2.45,107.9,1021.26,6915.53,16.24,25.236,4100.0,0.072,PM2.5-1HR
945,DEU_DEBE069,2025-03-21,24.05,8.73,63.96,0,2.43,103.83,1021.22,8191.19,16.44,25.516,4100.0,0.012,PM2.5-1HR
945,DEU_DEBE125,2025-03-21,25.33,8.73,63.96,0,2.43,103.83,1021.22,6357.97,16.24,25.236,4100.0,0.01,PM2.5-1HR
945,DEU_DEBE126,2025-03-21,24.94,8.73,63.96,0,2.43,103.83,1021.22,8426.55,16.24,25.236,4100.0,0.007,PM2.5-1HR
945,DEU_DEBE127,2025-03-21,26.17,8.73,63.96,0,2.43,103.83,1021.22,7640.61,16.57,25.698,4100.0,0.056,PM2.5-1HR
945,DEU_DEBE010,2025-03-22,19.39,8.47,60,0,5.15,86.16,1015.55,7325,13.35,21.19,4100.0,0.044,PM2.5-1HR
945,DEU_DEBE032,2025-03-22,16.52,8.84,58.63,0,5.13,85.28,1015.13,0,12.22,19.608,4100.0,0.861,PM2.5-1HR
945,DEU_DEBE034,2025-03-22,19.49,8.68,59.38,0,5.05,83.78,1015.35,8636.93,13.8,21.82,4100.0,0.331,PM2.5-1HR
945,DEU_DEBE051,2025-03-22,15.88,8.5,55.13,0,5.54,86.92,1015.9,465.56,9.08,15.212,4100.0,0.134,PM2.5-1HR
945,DEU_DEBE056,2025-03-22,17.06,8.58,58.83,0,5.04,81.33,1015.51,343.06,10.77,17.578,4100.0,0.106,PM2.5-1HR
945,DEU_DEBE061,2025-03-22,20.72,8.68,59.38,0,5.05,83.78,1015.35,8418.27,13.4,21.26,4100.0,0.009,PM2.5-1HR
945,DEU_DEBE065,2025-03-22,21.81,8.47,60,0,5.15,86.16,1015.55,8391.58,13.65,21.61,4100.0,0.004,PM2.5-1HR
945,DEU_DEBE068,2025-03-22,19.6,8.47,60,0,5.15,86.16,1015.55,6915.53,13.8,21.82,4100.0,0.072,PM2.5-1HR
945,DEU_DEBE069,2025-03-22,22.09,8.68,59.38,0,5.05,83.78,1015.35,8191.19,14.1,22.24,4100.0,0.012,PM2.5-1HR
945,DEU_DEBE125,2025-03-22,21.58,8.68,59.38,0,5.05,83.78,1015.35,6357.97,13.8,21.82,4100.0,0.01,PM2.5-1HR
945,DEU_DEBE126,2025-03-22,21.92,8.68,59.38,0,5.05,83.78,1015.35,8426.55,13.8,21.82,4100.0,0.007,PM2.5-1HR
945,DEU_DEBE127,2025-03-22,22.78,8.68,59.38,0,5.05,83.78,1015.35,7640.61,14.1,22.24,4100.0,0.056,PM2.5-1HR
945,DEU_DEBE010,2025-03-23,24.17,9.56,65.21,0,3.85,90.6,1008.37,7325,22.01,33.314,4100.0,0.044,PM2.5-1HR
945,DEU_DEBE032,2025-03-23,19.98,9.7,64.42,0,3.79,90.63,1008.1,0,19.57,29.898,4100.0,0.861,PM2.5-1HR
945,DEU_DEBE034,2025-03-23,23.4,9.69,64.25,0,3.77,88.92,1008.23,8636.93,22.43,33.902,4100.0,0.331,PM2.5-1HR
945,DEU_DEBE051,2025-03-23,19.68,9.83,60.25,0,4.29,96.4,1008.58,465.56,15.88,24.732,4100.0,0.134,PM2.5-1HR
945,DEU_DEBE056,2025-03-23,20.78,9.43,64.96,0,3.71,83.73,1008.35,343.06,17.42,26.888,4100.0,0.106,PM2.5-1HR
945,DEU_DEBE061,2025-03-23,25.55,9.69,64.25,0,3.77,88.92,1008.23,8418.27,21.77,32.978,4100.0,0.009,PM2.5-1HR
945,DEU_DEBE065,2025-03-23,26.92,9.56,65.21,0,3.85,90.6,1008.37,8391.58,22.4,33.86,4100.0,0.004,PM2.5-1HR
945,DEU_DEBE068,2025-03-23,23.99,9.56,65.21,0,3.85,90.6,1008.37,6915.53,22.43,33.902,4100.0,0.072,PM2.5-1HR
945,DEU_DEBE069,2025-03-23,27.07,9.69,64.25,0,3.77,88.92,1008.23,8191.19,22.59,34.126,4100.0,0.012,PM2.5-1HR
945,DEU_DEBE125,2025-03-23,25.81,9.69,64.25,0,3.77,88.92,1008.23,6357.97,22.43,33.902,4100.0,0.01,PM2.5-1HR
945,DEU_DEBE126,2025-03-23,26.53,9.69,64.25,0,3.77,88.92,1008.23,8426.55,22.43,33.902,4100.0,0.007,PM2.5-1HR
945,DEU_DEBE127,2025-03-23,27.16,9.69,64.25,0,3.77,88.92,1008.23,7640.61,22.64,34.196,4100.0,0.056,PM2.5-1HR
945,DEU_DEBE010,2025-03-24,24.63,10.04,78.29,0,1.18,83.31,1012.03,7325,20.13,30.682,4100.0,0.044,PM2.5-1HR
945,DEU_DEBE032,2025-03-24,18.24,10.04,78.42,0,1.15,67.92,1011.96,0,18.51,28.414,4100.0,0.861,PM2.5-1HR
945,DEU_DEBE034,2025-03-24,24.34,10.32,77.38,0,1.24,76.56,1012,8636.93,20.89,31.746,4100.0,0.331,PM2.5-1HR
945,DEU_DEBE051,2025-03-24,19.22,9.59,76,0,1.31,95.2,1012.07,465.56,16.29,25.306,4100.0,0.134,PM2.5-1HR
945,DEU_DEBE056,2025-03-24,20.73,9.66,78.75,0,1.3,60.51,1012.02,343.06,17.98,27.672,4100.0,0.106,PM2.5-1HR
945,DEU_DEBE061,2025-03-24,24.86,10.32,77.38,0,1.24,76.56,1012,8418.27,20.34,30.976,4100.0,0.009,PM2.5-1HR
945,DEU_DEBE065,2025-03-24,27.49,10.04,78.29,0,1.18,83.31,1012.03,8391.58,20.38,31.032,4100.0,0.004,PM2.5-1HR
945,DEU_DEBE068,2025-03-24,25.37,10.04,78.29,0,1.18,83.31,1012.03,6915.53,20.89,31.746,4100.0,0.072,PM2.5-1HR
945,DEU_DEBE069,2025-03-24,28.97,10.32,77.38,0,1.24,76.56,1012,8191.19,21.15,32.11,4100.0,0.012,PM2.5-1HR
945,DEU_DEBE125,2025-03-24,27.41,10.32,77.38,0,1.24,76.56,1012,6357.97,20.89,31.746,4100.0,0.01,PM2.5-1HR
945,DEU_DEBE126,2025-03-24,27.47,10.32,77.38,0,1.24,76.56,1012,8426.55,20.89,31.746,4100.0,0.007,PM2.5-1HR
945,DEU_DEBE127,2025-03-24,28.37,10.32,77.38,0,1.24,76.56,1012,7640.61,21.16,32.124,4100.0,0.056,PM2.5-1HR
945,DEU_DEBE010,2025-03-25,32.15,8.69,80.13,0,2.16,256.63,1016.9,7325,29.9,44.36,4100.0,0.044,PM2.5-1HR
945,DEU_DEBE032,2025-03-25,26.02,8.34,80.92,0,2.13,258.32,1017.02,0,24.62,36.968,4100.0,0.861,PM2.5-1HR
945,DEU_DEBE034,2025-03-25,32.61,8.84,78.54,0,2.14,257.02,1016.96,8636.93,30.22,44.808,4100.0,0.331,PM2.5-1HR
945,DEU_DEBE051,2025-03-25,24.39,8.1,80,0,2.39,250.22,1016.83,465.56,15.37,24.018,4100.0,0.134,PM2.5-1HR
945,DEU_DEBE056,2025-03-25,27.55,8.55,81.33,0,2.08,252.88,1016.86,343.06,22.98,34.672,4100.0,0.106,PM2.5-1HR
945,DEU_DEBE061,2025-03-25,32.34,8.84,78.54,0,2.14,257.02,1016.96,8418.27,29.1,43.24,4100.0,0.009,PM2.5-1HR
945,DEU_DEBE065,2025-03-25,35.38,8.69,80.13,0,2.16,256.63,1016.9,8391.58,30.21,44.794,4100.0,0.004,PM2.5-1HR
945,DEU_DEBE068,2025-03-25,33.51,8.69,80.13,0,2.16,256.63,1016.9,6915.53,30.22,44.808,4100.0,0.072,PM2.5-1HR
945,DEU_DEBE069,2025-03-25,36.43,8.84,78.54,0,2.14,257.02,1016.96,8191.19,30.24,44.836,4100.0,0.012,PM2.5-1HR
945,DEU_DEBE125,2025-03-25,35.94,8.84,78.54,0,2.14,257.02,1016.96,6357.97,30.22,44.808,4100.0,0.01,PM2.5-1HR
945,DEU_DEBE126,2025-03-25,36.05,8.84,78.54,0,2.14,257.02,1016.96,8426.55,30.22,44.808,4100.0,0.007,PM2.5-1HR
945,DEU_DEBE127,2025-03-25,35.94,8.84,78.54,0,2.14,257.02,1016.96,7640.61,30.29,44.906,4100.0,0.056,PM2.5-1HR
945,DEU_DEBE010,2025-03-26,15.23,7.79,79.96,0.03,2.76,294.66,1018.9,7325,4.78,9.192,4100.0,0.044,PM2.5-1HR
945,DEU_DEBE032,2025-03-26,11.86,7.73,80.46,0.04,2.84,293.1,1019.03,0,2.88,6.532,4100.0,0.861,PM2.5-1HR
945,DEU_DEBE034,2025-03-26,16.32,7.92,79.08,0.03,2.75,293.42,1018.97,8636.93,4.95,9.43,4100.0,0.331,PM2.5-1HR
945,DEU_DEBE051,2025-03-26,11.67,7.51,79.58,0.03,3.01,294.86,1018.79,465.56,3.01,6.714,4100.0,0.134,PM2.5-1HR
945,DEU_DEBE056,2025-03-26,14.66,7.53,81.88,0.01,2.69,289.09,1018.88,343.06,3.65,7.61,4100.0,0.106,PM2.5-1HR
945,DEU_DEBE061,2025-03-26,15.6,7.92,79.08,0.03,2.75,293.42,1018.97,8418.27,4.6,8.94,4100.0,0.009,PM2.5-1HR
945,DEU_DEBE065,2025-03-26,17.79,7.79,79.96,0.03,2.76,294.66,1018.9,8391.58,5.09,9.626,4100.0,0.004,PM2.5-1HR
945,DEU_DEBE068,2025-03-26,17.44,7.79,79.96,0.03,2.76,294.66,1018.9,6915.53,4.95,9.43,4100.0,0.072,PM2.5-1HR
945,DEU_DEBE069,2025-03-26,19.2,7.92,79.08,0.03,2.75,293.42,1018.97,8191.19,5.1,9.64,4100.0,0.012,PM2.5-1HR
945,DEU_DEBE125,2025-03-26,17.57,7.92,79.08,0.03,2.75,293.42,1018.97,6357.97,4.95,9.43,4100.0,0.01,PM2.5-1HR
945,DEU_DEBE126,2025-03-26,18.31,7.92,79.08,0.03,2.75,293.42,1018.97,8426.55,4.95,9.43,4100.0,0.007,PM2.5-1HR
945,DEU_DEBE127,2025-03-26,18.83,7.92,79.08,0.03,2.75,293.42,1018.97,7640.61,5.17,9.738,4100.0,0.056,PM2.5-1HR
945,DEU_DEBE010,2025-03-27,13.52,6.23,84.25,0,1.88,267.69,1021.45,7325,9.63,15.982,4100.0,0.044,PM2.5-1HR
945,DEU_DEBE032,2025-03-27,9.95,6.09,84.5,0,1.82,277.68,1021.52,0,7.51,13.014,4100.0,0.861,PM2.5-1HR
945,DEU_DEBE034,2025-03-27,14.64,6.4,83.42,0,1.88,271.83,1021.49,8636.93,9.9,16.36,4100.0,0.331,PM2.5-1HR
945,DEU_DEBE051,2025-03-27,11.81,5.8,83.17,0,1.95,262.49,1021.36,465.56,7.52,13.028,4100.0,0.134,PM2.5-1HR
945,DEU_DEBE056,2025-03-27,12.17,6.25,85,0,1.87,273.08,1021.43,343.06,8.58,14.512,4100.0,0.106,PM2.5-1HR
945,DEU_DEBE061,2025-03-27,13.28,6.4,83.42,0,1.88,271.83,1021.49,8418.27,9.53,15.842,4100.0,0.009,PM2.5-1HR
945,DEU_DEBE065,2025-03-27,17.11,6.23,84.25,0,1.88,267.69,1021.45,8391.58,9.98,16.472,4100.0,0.004,PM2.5-1HR
945,DEU_DEBE068,2025-03-27,15.95,6.23,84.25,0,1.88,267.69,1021.45,6915.53,9.9,16.36,4100.0,0.072,PM2.5-1HR
945,DEU_DEBE069,2025-03-27,17.2,6.4,83.42,0,1.88,271.83,1021.49,8191.19,9.94,16.416,4100.0,0.012,PM2.5-1HR
945,DEU_DEBE125,2025-03-27,16.88,6.4,83.42,0,1.88,271.83,1021.49,6357.97,9.9,16.36,4100.0,0.01,PM2.5-1HR
945,DEU_DEBE126,2025-03-27,16.16,6.4,83.42,0,1.88,271.83,1021.49,8426.55,9.9,16.36,4100.0,0.007,PM2.5-1HR
945,DEU_DEBE127,2025-03-27,16.14,6.4,83.42,0,1.88,271.83,1021.49,7640.61,9.93,16.402,4100.0,0.056,PM2.5-1HR
945,DEU_DEBE010,2025-03-28,16.68,7.73,78.08,0,2.13,132.39,1014.4,7325,9.39,15.646,4100.0,0.044,PM2.5-1HR
945,DEU_DEBE032,2025-03-28,10.81,7.73,76.79,0,2.06,133.36,1014.26,0,7.81,13.434,4100.0,0.861,PM2.5-1HR
945,DEU_DEBE034,2025-03-28,16.18,7.89,76,0,2.1,134.53,1014.37,8636.93,9.67,16.038,4100.0,0.331,PM2.5-1HR
945,DEU_DEBE051,2025-03-28,15.02,7.51,77.17,0,2.48,143.67,1014.42,465.56,8.57,14.498,4100.0,0.134,PM2.5-1HR
945,DEU_DEBE056,2025-03-28,11.59,7.75,76,0,2.06,133.18,1014.45,343.06,6.29,11.306,4100.0,0.106,PM2.5-1HR
945,DEU_DEBE061,2025-03-28,17.19,7.89,76,0,2.1,134.53,1014.37,8418.27,9.26,15.464,4100.0,0.009,PM2.5-1HR
945,DEU_DEBE065,2025-03-28,19.08,7.73,78.08,0,2.13,132.39,1014.4,8391.58,9.71,16.094,4100.0,0.004,PM2.5-1HR
945,DEU_DEBE068,2025-03-28,15.6,7.73,78.08,0,2.13,132.39,1014.4,6915.53,9.67,16.038,4100.0,0.072,PM2.5-1HR
945,DEU_DEBE069,2025-03-28,16.64,7.89,76,0,2.1,134.53,1014.37,8191.19,9.8,16.22,4100.0,0.012,PM2.5-1HR
945,DEU_DEBE125,2025-03-28,19.31,7.89,76,0,2.1,134.53,1014.37,6357.97,9.67,16.038,4100.0,0.01,PM2.5-1HR
945,DEU_DEBE126,2025-03-28,18.35,7.89,76,0,2.1,134.53,1014.37,8426.55,9.67,16.038,4100.0,0.007,PM2.5-1HR
945,DEU_DEBE127,2025-03-28,19.1,7.89,76,0,2.1,134.53,1014.37,7640.61,9.87,16.318,4100.0,0.056,PM2.5-1HR
945,DEU_DEBE010,2025-03-29,19.38,8.75,74.92,0,2.79,353.31,1012.7,7325,8.39,14.246,4100.0,0.044,PM2.5-1HR
945,DEU_DEBE032,2025-03-29,14.68,8.38,75.92,0,2.76,347.63,1012.82,0,6.08,11.012,4100.0,0.861,PM2.5-1HR
945,DEU_DEBE034,2025-03-29,20.45,8.89,73.58,0,2.76,352.36,1012.68,8636.93,8.48,14.372,4100.0,0.331,PM2.5-1HR
945,DEU_DEBE051,2025-03-29,16.14,8.33,74.54,0,2.93,355.04,1012.73,465.56,6.99,12.286,4100.0,0.134,PM2.5-1HR
945,DEU_DEBE056,2025-03-29,17.91,8.87,76.67,0,2.83,353.81,1012.43,343.06,7.47,12.958,4100.0,0.106,PM2.5-1HR
945,DEU_DEBE061,2025-03-29,19.61,8.89,73.58,0,2.76,352.36,1012.68,8418.27,8.08,13.812,4100.0,0.009,PM2.5-1HR
945,DEU_DEBE065,2025-03-29,22.18,8.75,74.92,0,2.79,353.31,1012.7,8391.58,8.66,14.624,4100.0,0.004,PM2.5-1HR
945,DEU_DEBE068,2025-03-29,20.93,8.75,74.92,0,2.79,353.31,1012.7,6915.53,8.48,14.372,4100.0,0.072,PM2.5-1HR
945,DEU_DEBE069,2025-03-29,23.31,8.89,73.58,0,2.76,352.36,1012.68,8191.19,8.64,14.596,4100.0,0.012,PM2.5-1HR
945,DEU_DEBE125,2025-03-29,21.39,8.89,73.58,0,2.76,352.36,1012.68,6357.97,8.48,14.372,4100.0,0.01,PM2.5-1HR
945,DEU_DEBE126,2025-03-29,23.82,8.89,73.58,0,2.76,352.36,1012.68,8426.55,8.48,14.372,4100.0,0.007,PM2.5-1HR
945,DEU_DEBE127,2025-03-29,22.82,8.89,73.58,0,2.76,352.36,1012.68,7640.61,8.65,14.61,4100.0,0.056,PM2.5-1HR
945,DEU_DEBE010,2025-03-30,7.47,5.72,82,0.32,3.74,244.5,1010.9,7325,4.59,8.926,4100.0,0.044,PM2.5-1HR
945,DEU_DEBE032,2025-03-30,5.44,5.79,82.65,0.48,3.82,243.26,1011.03,0,2.93,6.602,4100.0,0.861,PM2.5-1HR
945,DEU_DEBE034,2025-03-30,9.33,5.9,79.91,0.31,3.73,244.75,1011.01,8636.93,4.88,9.332,4100.0,0.331,PM2.5-1HR
945,DEU_DEBE051,2025-03-30,6.53,5.25,85.57,0.37,4.08,242.39,1010.63,465.56,3.07,6.798,4100.0,0.134,PM2.5-1HR
945,DEU_DEBE056,2025-03-30,6.67,5.93,84.13,0.78,3.86,248.69,1011.07,343.06,3.73,7.722,4100.0,0.106,PM2.5-1HR
945,DEU_DEBE061,2025-03-30,7.25,5.9,79.91,0.31,3.73,244.75,1011.01,8418.27,4.38,8.632,4100.0,0.009,PM2.5-1HR
945,DEU_DEBE065,2025-03-30,9.91,5.72,82,0.32,3.74,244.5,1010.9,8391.58,4.94,9.416,4100.0,0.004,PM2.5-1HR
945,DEU_DEBE068,2025-03-30,7.98,5.72,82,0.32,3.74,244.5,1010.9,6915.53,4.88,9.332,4100.0,0.072,PM2.5-1HR
945,DEU_DEBE069,2025-03-30,9.54,5.9,79.91,0.31,3.73,244.75,1011.01,8191.19,4.79,9.206,4100.0,0.012,PM2.5-1HR
945,DEU_DEBE125,2025-03-30,8.39,5.9,79.91,0.31,3.73,244.75,1011.01,6357.97,4.88,9.332,4100.0,0.01,PM2.5-1HR
945,DEU_DEBE126,2025-03-30,8.97,5.9,79.91,0.31,3.73,244.75,1011.01,8426.55,4.88,9.332,4100.0,0.007,PM2.5-1HR
945,DEU_DEBE127,2025-03-30,9.62,5.9,79.91,0.31,3.73,244.75,1011.01,7640.61,5.08,9.612,4100.0,0.056,PM2.5-1HR
945,DEU_DEBE010,2025-03-31,7.83,7.15,81.38,0.05,3.86,332.84,1018.45,7325,7.36,12.804,4100.0,0.044,PM2.5-1HR
945,DEU_DEBE032,2025-03-31,5.75,7.29,80.96,0.08,3.85,330.48,1018.62,0,5.84,10.676,4100.0,0.861,PM2.5-1HR
945,DEU_DEBE034,2025-03-31,8.3,7.31,80.33,0.05,3.77,332.06,1018.47,8636.93,7.56,13.084,4100.0,0.331,PM2.5-1HR
945,DEU_DEBE051,2025-03-31,6.51,6.95,81.83,0.05,3.93,333.77,1018.43,465.56,5.33,9.962,4100.0,0.134,PM2.5-1HR
945,DEU_DEBE056,2025-03-31,6.95,7.35,80.83,0.03,3.88,330.9,1018.19,343.06,5.8,10.62,4100.0,0.106,PM2.5-1HR
945,DEU_DEBE061,2025-03-31,8.01,7.31,80.33,0.05,3.77,332.06,1018.47,8418.27,7.19,12.566,4100.0,0.009,PM2.5-1HR
945,DEU_DEBE065,2025-03-31,9.42,7.15,81.38,0.05,3.86,332.84,1018.45,8391.58,7.51,13.014,4100.0,0.004,PM2.5-1HR
945,DEU_DEBE068,2025-03-31,9.04,7.15,81.38,0.05,3.86,332.84,1018.45,6915.53,7.56,13.084,4100.0,0.072,PM2.5-1HR
945,DEU_DEBE069,2025-03-31,10.93,7.31,80.33,0.05,3.77,332.06,1018.47,8191.19,7.62,13.168,4100.0,0.012,PM2.5-1HR
945,DEU_DEBE125,2025-03-31,9.4,7.31,80.33,0.05,3.77,332.06,1018.47,6357.97,7.56,13.084,4100.0,0.01,PM2.5-1HR
945,DEU_DEBE126,2025-03-31,11.52,7.31,80.33,0.05,3.77,332.06,1018.47,8426.55,7.56,13.084,4100.0,0.007,PM2.5-1HR
945,DEU_DEBE127,2025-03-31,10.41,7.31,80.33,0.05,3.77,332.06,1018.47,7640.61,7.69,13.266,4100.0,0.056,PM2.5-1HR
945,DEU_DEBE010,2025-04-01,7.01,7.91,72.63,0,2.99,23.48,1028.08,7325,4.27,8.478,4100.0,0.044,PM2.5-1HR
945,DEU_DEBE032,2025-04-01,5.51,8.17,71.54,0,2.82,26.75,1028.08,0,2.98,6.672,4100.0,0.861,PM2.5-1HR
945,DEU_DEBE034,2025-04-01,7.75,8.12,71.54,0,2.88,24.37,1028.04,8636.93,4.53,8.842,4100.0,0.331,PM2.5-1HR
945,DEU_DEBE051,2025-04-01,5.51,7.6,72.13,0,3.21,22.62,1028.2,465.56,2.57,6.098,4100.0,0.134,PM2.5-1HR
945,DEU_DEBE056,2025-04-01,5.96,8.2,72.08,0,2.97,23.01,1027.84,343.06,2.89,6.546,4100.0,0.106,PM2.5-1HR
945,DEU_DEBE061,2025-04-01,7.47,8.12,71.54,0,2.88,24.37,1028.04,8418.27,4.28,8.492,4100.0,0.009,PM2.5-1HR
945,DEU_DEBE065,2025-04-01,8.82,7.91,72.63,0,2.99,23.48,1028.08,8391.58,4.56,8.884,4100.0,0.004,PM2.5-1HR
945,DEU_DEBE068,2025-04-01,7.5,7.91,72.63,0,2.99,23.48,1028.08,6915.53,4.53,8.842,4100.0,0.072,PM2.5-1HR
945,DEU_DEBE069,2025-04-01,9.68,8.12,71.54,0,2.88,24.37,1028.04,8191.19,4.67,9.038,4100.0,0.012,PM2.5-1HR
945,DEU_DEBE125,2025-04-01,9.06,8.12,71.54,0,2.88,24.37,1028.04,6357.97,4.53,8.842,4100.0,0.01,PM2.5-1HR
945,DEU_DEBE126,2025-04-01,9.42,8.12,71.54,0,2.88,24.37,1028.04,8426.55,4.53,8.842,4100.0,0.007,PM2.5-1HR
945,DEU_DEBE127,2025-04-01,9.35,8.12,71.54,0,2.88,24.37,1028.04,7640.61,4.71,9.094,4100.0,0.056,PM2.5-1HR
945,DEU_DEBE010,2025-04-02,11.96,8.35,74.83,0,3.07,38.76,1028.24,7325,5.17,9.738,4100.0,0.044,PM2.5-1HR
945,DEU_DEBE032,2025-04-02,9.89,8.6,73.92,0,2.96,42.26,1028.15,0,3.96,8.044,4100.0,0.861,PM2.5-1HR
945,DEU_DEBE034,2025-04-02,13.24,8.65,73.71,0,2.98,39.55,1028.14,8636.93,5.52,10.228,4100.0,0.331,PM2.5-1HR
945,DEU_DEBE051,2025-04-02,9.94,7.95,73.92,0,3.43,38.35,1028.44,465.56,3.04,6.756,4100.0,0.134,PM2.5-1HR
945,DEU_DEBE056,2025-04-02,10.66,8.85,73.42,0,3.12,38.64,1027.93,343.06,3.64,7.596,4100.0,0.106,PM2.5-1HR
945,DEU_DEBE061,2025-04-02,12.84,8.65,73.71,0,2.98,39.55,1028.14,8418.27,5.32,9.948,4100.0,0.009,PM2.5-1HR
945,DEU_DEBE065,2025-04-02,15.11,8.35,74.83,0,3.07,38.76,1028.24,8391.58,5.45,10.13,4100.0,0.004,PM2.5-1HR
945,DEU_DEBE068,2025-04-02,13.02,8.35,74.83,0,3.07,38.76,1028.24,6915.53,5.52,10.228,4100.0,0.072,PM2.5-1HR
945,DEU_DEBE069,2025-04-02,15.33,8.65,73.71,0,2.98,39.55,1028.14,8191.19,5.75,10.55,4100.0,0.012,PM2.5-1HR
945,DEU_DEBE125,2025-04-02,14.99,8.65,73.71,0,2.98,39.55,1028.14,6357.97,5.52,10.228,4100.0,0.01,PM2.5-1HR
945,DEU_DEBE126,2025-04-02,15.09,8.65,73.71,0,2.98,39.55,1028.14,8426.55,5.52,10.228,4100.0,0.007,PM2.5-1HR
945,DEU_DEBE127,2025-04-02,14.64,8.65,73.71,0,2.98,39.55,1028.14,7640.61,5.69,10.466,4100.0,0.056,PM2.5-1HR
945,DEU_DEBE010,2025-04-03,6.72,10.35,67.96,0,2.21,62.11,1027.59,7325,4.71,9.094,4100.0,0.044,PM2.5-1HR
945,DEU_DEBE032,2025-04-03,4.83,10.5,66.88,0,2.19,65.56,1027.49,0,3.62,7.568,4100.0,0.861,PM2.5-1HR
945,DEU_DEBE034,2025-04-03,6.66,10.68,65.46,0,2.28,63.02,1027.52,8636.93,4.96,9.444,4100.0,0.331,PM2.5-1HR
945,DEU_DEBE051,2025-04-03,4.8,10.01,67.04,0,2.44,61.3,1027.71,465.56,3.06,6.784,4100.0,0.134,PM2.5-1HR
945,DEU_DEBE056,2025-04-03,4.77,10.53,66.67,0,2.39,57.88,1027.45,343.06,3.21,6.994,4100.0,0.106,PM2.5-1HR
945,DEU_DEBE061,2025-04-03,6.94,10.68,65.46,0,2.28,63.02,1027.52,8418.27,4.75,9.15,4100.0,0.009,PM2.5-1HR
945,DEU_DEBE065,2025-04-03,7.7,10.35,67.96,0,2.21,62.11,1027.59,8391.58,5.08,9.612,4100.0,0.004,PM2.5-1HR
945,DEU_DEBE068,2025-04-03,6.73,10.35,67.96,0,2.21,62.11,1027.59,6915.53,4.96,9.444,4100.0,0.072,PM2.5-1HR
945,DEU_DEBE069,2025-04-03,9.03,10.68,65.46,0,2.28,63.02,1027.52,8191.19,5.04,9.556,4100.0,0.012,PM2.5-1HR
945,DEU_DEBE125,2025-04-03,9.68,10.68,65.46,0,2.28,63.02,1027.52,6357.97,4.96,9.444,4100.0,0.01,PM2.5-1HR
945,DEU_DEBE126,2025-04-03,8.8,10.68,65.46,0,2.28,63.02,1027.52,8426.55,4.96,9.444,4100.0,0.007,PM2.5-1HR
945,DEU_DEBE127,2025-04-03,9.14,10.68,65.46,0,2.28,63.02,1027.52,7640.61,5.05,9.57,4100.0,0.056,PM2.5-1HR
945,DEU_DEBE010,2025-04-04,6.38,12.5,70.63,0,1.28,4.19,1021.58,7325,4.81,9.234,4100.0,0.044,PM2.5-1HR
945,DEU_DEBE032,2025-04-04,4.47,12.45,70.67,0,1.34,355.82,1021.63,0,3.54,7.456,4100.0,0.861,PM2.5-1HR
945,DEU_DEBE034,2025-04-04,8.23,12.88,67.75,0,1.39,4.2,1021.57,8636.93,5.17,9.738,4100.0,0.331,PM2.5-1HR
945,DEU_DEBE051,2025-04-04,4.38,12.04,69.33,0,1.43,359.21,1021.57,465.56,3.13,6.882,4100.0,0.134,PM2.5-1HR
945,DEU_DEBE056,2025-04-04,5.24,12.34,72.79,0,1.31,348.65,1021.47,343.06,3.41,7.274,4100.0,0.106,PM2.5-1HR
945,DEU_DEBE061,2025-04-04,7.48,12.88,67.75,0,1.39,4.2,1021.57,8418.27,4.9,9.36,4100.0,0.009,PM2.5-1HR
945,DEU_DEBE065,2025-04-04,9.55,12.5,70.63,0,1.28,4.19,1021.58,8391.58,5.05,9.57,4100.0,0.004,PM2.5-1HR
945,DEU_DEBE068,2025-04-04,9.1,12.5,70.63,0,1.28,4.19,1021.58,6915.53,5.17,9.738,4100.0,0.072,PM2.5-1HR
945,DEU_DEBE069,2025-04-04,12.15,12.88,67.75,0,1.39,4.2,1021.57,8191.19,5.39,10.046,4100.0,0.012,PM2.5-1HR
945,DEU_DEBE125,2025-04-04,10.47,12.88,67.75,0,1.39,4.2,1021.57,6357.97,5.17,9.738,4100.0,0.01,PM2.5-1HR
945,DEU_DEBE126,2025-04-04,10.64,12.88,67.75,0,1.39,4.2,1021.57,8426.55,5.17,9.738,4100.0,0.007,PM2.5-1HR
945,DEU_DEBE127,2025-04-04,11.37,12.88,67.75,0,1.39,4.2,1021.57,7640.61,5.4,10.06,4100.0,0.056,PM2.5-1HR
945,DEU_DEBE010,2025-04-05,6.02,6.69,61.46,0,3.81,20.72,1019.4,7325,3.57,7.498,4100.0,0.044,PM2.5-1HR
945,DEU_DEBE032,2025-04-05,4.65,7.1,62.04,0,3.7,20.01,1019.37,0,2.54,6.056,4100.0,0.861,PM2.5-1HR
945,DEU_DEBE034,2025-04-05,6.2,7.1,58.63,0,3.74,21.17,1019.3,8636.93,3.75,7.75,4100.0,0.331,PM2.5-1HR
945,DEU_DEBE051,2025-04-05,4.4,6.21,60.96,0,4.09,20.72,1019.58,465.56,2.01,5.314,4100.0,0.134,PM2.5-1HR
945,DEU_DEBE056,2025-04-05,5.41,6.67,62.67,0,3.95,16.7,1019.07,343.06,2.12,5.468,4100.0,0.106,PM2.5-1HR
945,DEU_DEBE061,2025-04-05,6.03,7.1,58.63,0,3.74,21.17,1019.3,8418.27,3.59,7.526,4100.0,0.009,PM2.5-1HR
945,DEU_DEBE065,2025-04-05,7.06,6.69,61.46,0,3.81,20.72,1019.4,8391.58,3.8,7.82,4100.0,0.004,PM2.5-1HR
945,DEU_DEBE068,2025-04-05,6.1,6.69,61.46,0,3.81,20.72,1019.4,6915.53,3.75,7.75,4100.0,0.072,PM2.5-1HR
945,DEU_DEBE069,2025-04-05,7.57,7.1,58.63,0,3.74,21.17,1019.3,8191.19,3.89,7.946,4100.0,0.012,PM2.5-1HR
945,DEU_DEBE125,2025-04-05,7.46,7.1,58.63,0,3.74,21.17,1019.3,6357.97,3.75,7.75,4100.0,0.01,PM2.5-1HR
945,DEU_DEBE126,2025-04-05,7.74,7.1,58.63,0,3.74,21.17,1019.3,8426.55,3.75,7.75,4100.0,0.007,PM2.5-1HR
945,DEU_DEBE127,2025-04-05,7.54,7.1,58.63,0,3.74,21.17,1019.3,7640.61,3.87,7.918,4100.0,0.056,PM2.5-1HR
945,DEU_DEBE010,2025-04-06,3.1,3.56,57.88,0,3.2,0.77,1026.39,7325,2.78,6.392,4100.0,0.044,PM2.5-1HR
945,DEU_DEBE127,2025-04-06,4.36,3.83,53.67,0,3.17,0.82,1026.37,7640.61,3.06,6.784,4100.0,0.056,PM2.5-1HR
945,DEU_DEBE032,2025-04-06,2.35,3.75,60.92,0,3.2,359.15,1026.48,0,2.02,5.328,4100.0,0.861,PM2.5-1HR
945,DEU_DEBE034,2025-04-06,3.4,3.83,53.67,0,3.17,0.82,1026.37,8636.93,2.97,6.658,4100.0,0.331,PM2.5-1HR
945,DEU_DEBE051,2025-04-06,2.47,3.42,56.96,0,3.49,357.91,1026.39,465.56,1.84,5.076,4100.0,0.134,PM2.5-1HR
945,DEU_DEBE056,2025-04-06,2.93,3.35,61.58,0,3.43,355.96,1026.14,343.06,1.95,5.23,4100.0,0.106,PM2.5-1HR
945,DEU_DEBE061,2025-04-06,2.94,3.83,53.67,0,3.17,0.82,1026.37,8418.27,2.8,6.42,4100.0,0.009,PM2.5-1HR
945,DEU_DEBE065,2025-04-06,4.06,3.56,57.88,0,3.2,0.77,1026.39,8391.58,2.99,6.686,4100.0,0.004,PM2.5-1HR
945,DEU_DEBE068,2025-04-06,3.51,3.56,57.88,0,3.2,0.77,1026.39,6915.53,2.97,6.658,4100.0,0.072,PM2.5-1HR
945,DEU_DEBE069,2025-04-06,4.63,3.83,53.67,0,3.17,0.82,1026.37,8191.19,3.05,6.77,4100.0,0.012,PM2.5-1HR
945,DEU_DEBE125,2025-04-06,4.65,3.83,53.67,0,3.17,0.82,1026.37,6357.97,2.97,6.658,4100.0,0.01,PM2.5-1HR
945,DEU_DEBE010,2025-04-07,4.17,7.23,56.71,0,2.98,328.3,1024.88,7325,3.48,7.372,4100.0,0.044,PM2.5-1HR
945,DEU_DEBE127,2025-04-07,5.54,7.64,50.21,0,3.04,327.04,1024.92,7640.61,3.73,7.722,4100.0,0.056,PM2.5-1HR
945,DEU_DEBE032,2025-04-07,2.82,7,60.46,0,2.88,323.22,1025.04,0,2.48,5.972,4100.0,0.861,PM2.5-1HR
945,DEU_DEBE034,2025-04-07,4.38,7.64,50.21,0,3.04,327.04,1024.92,8636.93,3.63,7.582,4100.0,0.331,PM2.5-1HR
945,DEU_DEBE051,2025-04-07,2.87,6.88,57.71,0,3.2,327.27,1024.83,465.56,2.17,5.538,4100.0,0.134,PM2.5-1HR
945,DEU_DEBE056,2025-04-07,3.07,7.05,60.67,0,2.97,324.95,1024.7,343.06,2.25,5.65,4100.0,0.106,PM2.5-1HR
945,DEU_DEBE061,2025-04-07,3.93,7.64,50.21,0,3.04,327.04,1024.92,8418.27,3.47,7.358,4100.0,0.009,PM2.5-1HR
945,DEU_DEBE065,2025-04-07,5.26,7.23,56.71,0,2.98,328.3,1024.88,8391.58,3.67,7.638,4100.0,0.004,PM2.5-1HR
945,DEU_DEBE068,2025-04-07,4.7,7.23,56.71,0,2.98,328.3,1024.88,6915.53,3.63,7.582,4100.0,0.072,PM2.5-1HR
945,DEU_DEBE069,2025-04-07,6.33,7.64,50.21,0,3.04,327.04,1024.92,8191.19,3.73,7.722,4100.0,0.012,PM2.5-1HR
945,DEU_DEBE125,2025-04-07,5.7,7.64,50.21,0,3.04,327.04,1024.92,6357.97,3.63,7.582,4100.0,0.01,PM2.5-1HR
945,DEU_DEBE126,2025-04-07,6.59,7.64,50.21,0,3.04,327.04,1024.92,8426.55,3.63,7.582,4100.0,0.007,PM2.5-1HR
945,DEU_DEBE010,2025-04-08,5.75,8.23,61.54,0,1.68,29.04,1027.08,7325,3.52,7.428,4100.0,0.044,PM2.5-1HR
945,DEU_DEBE127,2025-04-08,7.98,8.73,55.08,0,1.73,25.14,1027.05,7640.61,3.82,7.848,4100.0,0.056,PM2.5-1HR
945,DEU_DEBE032,2025-04-08,3.64,7.93,65.96,0,1.55,10.34,1027.08,0,2.57,6.098,4100.0,0.861,PM2.5-1HR
945,DEU_DEBE034,2025-04-08,6.04,8.73,55.08,0,1.73,25.14,1027.05,8636.93,3.69,7.666,4100.0,0.331,PM2.5-1HR
945,DEU_DEBE051,2025-04-08,3.72,7.67,63.67,0,1.86,35.08,1027.09,465.56,2.15,5.51,4100.0,0.134,PM2.5-1HR
945,DEU_DEBE056,2025-04-08,4.24,7.65,66.04,0,1.95,23.02,1027.04,343.06,2.4,5.86,4100.0,0.106,PM2.5-1HR
945,DEU_DEBE061,2025-04-08,5.87,8.73,55.08,0,1.73,25.14,1027.05,8418.27,3.54,7.456,4100.0,0.009,PM2.5-1HR
945,DEU_DEBE065,2025-04-08,6.93,8.23,61.54,0,1.68,29.04,1027.08,8391.58,3.79,7.806,4100.0,0.004,PM2.5-1HR
945,DEU_DEBE068,2025-04-08,6.59,8.23,61.54,0,1.68,29.04,1027.08,6915.53,3.69,7.666,4100.0,0.072,PM2.5-1HR
945,DEU_DEBE069,2025-04-08,8.13,8.73,55.08,0,1.73,25.14,1027.05,8191.19,3.82,7.848,4100.0,0.012,PM2.5-1HR
945,DEU_DEBE125,2025-04-08,7.62,8.73,55.08,0,1.73,25.14,1027.05,6357.97,3.69,7.666,4100.0,0.01,PM2.5-1HR
945,DEU_DEBE126,2025-04-08,7.93,8.73,55.08,0,1.73,25.14,1027.05,8426.55,3.69,7.666,4100.0,0.007,PM2.5-1HR
945,DEU_DEBE010,2025-04-09,8.49,9.34,56.5,0,2.72,273.94,1022.26,7325,4.87,9.318,4100.0,0.044,PM2.5-1HR
945,DEU_DEBE127,2025-04-09,10.98,9.63,53.79,0,2.78,277.41,1022.29,7640.61,5.34,9.976,4100.0,0.056,PM2.5-1HR
945,DEU_DEBE032,2025-04-09,6.6,9.1,64.67,0.01,2.72,280.7,1022.38,0,3.65,7.61,4100.0,0.861,PM2.5-1HR
945,DEU_DEBE034,2025-04-09,8.98,9.63,53.79,0,2.78,277.41,1022.29,8636.93,5.17,9.738,4100.0,0.331,PM2.5-1HR
945,DEU_DEBE051,2025-04-09,7.78,8.63,62.13,0,2.85,268.66,1022.21,465.56,5.06,9.584,4100.0,0.134,PM2.5-1HR
945,DEU_DEBE056,2025-04-09,7.13,8.61,67.04,0,2.5,271.9,1022.21,343.06,3.92,7.988,4100.0,0.106,PM2.5-1HR
945,DEU_DEBE061,2025-04-09,9.08,9.63,53.79,0,2.78,277.41,1022.29,8418.27,4.77,9.178,4100.0,0.009,PM2.5-1HR
945,DEU_DEBE065,2025-04-09,11.41,9.34,56.5,0,2.72,273.94,1022.26,8391.58,5.11,9.654,4100.0,0.004,PM2.5-1HR
945,DEU_DEBE068,2025-04-09,10.88,9.34,56.5,0,2.72,273.94,1022.26,6915.53,5.17,9.738,4100.0,0.072,PM2.5-1HR
945,DEU_DEBE069,2025-04-09,11.91,9.63,53.79,0,2.78,277.41,1022.29,8191.19,5.11,9.654,4100.0,0.012,PM2.5-1HR
945,DEU_DEBE125,2025-04-09,10.96,9.63,53.79,0,2.78,277.41,1022.29,6357.97,5.17,9.738,4100.0,0.01,PM2.5-1HR
945,DEU_DEBE126,2025-04-09,10.65,9.63,53.79,0,2.78,277.41,1022.29,8426.55,5.17,9.738,4100.0,0.007,PM2.5-1HR
945,DEU_DEBE010,2025-04-10,11.27,8.81,68.38,0,3.77,297.52,1022.84,7325,9.67,16.038,4100.0,0.044,PM2.5-1HR
945,DEU_DEBE032,2025-04-10,9.39,8.5,73.46,0,3.82,297.39,1023.09,0,7.25,12.65,4100.0,0.861,PM2.5-1HR
945,DEU_DEBE034,2025-04-10,11.94,8.95,67.29,0,3.78,298.5,1022.94,8636.93,9.93,16.402,4100.0,0.331,PM2.5-1HR
945,DEU_DEBE051,2025-04-10,9.81,8.49,71.17,0,3.81,299.95,1022.64,465.56,7.65,13.21,4100.0,0.134,PM2.5-1HR
945,DEU_DEBE056,2025-04-10,9.96,8.5,72.38,0,3.7,301.55,1022.73,343.06,6.93,12.202,4100.0,0.106,PM2.5-1HR
945,DEU_DEBE061,2025-04-10,11.9,8.95,67.29,0,3.78,298.5,1022.94,8418.27,9.52,15.828,4100.0,0.009,PM2.5-1HR
945,DEU_DEBE065,2025-04-10,13.36,8.81,68.38,0,3.77,297.52,1022.84,8391.58,10.13,16.682,4100.0,0.004,PM2.5-1HR
945,DEU_DEBE068,2025-04-10,13.32,8.81,68.38,0,3.77,297.52,1022.84,6915.53,9.93,16.402,4100.0,0.072,PM2.5-1HR
945,DEU_DEBE069,2025-04-10,14.66,8.95,67.29,0,3.78,298.5,1022.94,8191.19,10.06,16.584,4100.0,0.012,PM2.5-1HR
945,DEU_DEBE125,2025-04-10,14.02,8.95,67.29,0,3.78,298.5,1022.94,6357.97,9.93,16.402,4100.0,0.01,PM2.5-1HR
945,DEU_DEBE126,2025-04-10,13.26,8.95,67.29,0,3.78,298.5,1022.94,8426.55,9.93,16.402,4100.0,0.007,PM2.5-1HR
945,DEU_DEBE127,2025-04-10,13.55,8.95,67.29,0,3.78,298.5,1022.94,7640.61,10.14,16.696,4100.0,0.056,PM2.5-1HR
945,DEU_DEBE010,2025-04-11,15.54,9.75,72.75,0.02,4.73,297.05,1015.91,7325,12.3,19.72,4100.0,0.044,PM2.5-1HR
945,DEU_DEBE032,2025-04-11,10.73,9.59,76.13,0.02,4.72,296.09,1016.18,0,11.1,18.04,4100.0,0.861,PM2.5-1HR
945,DEU_DEBE034,2025-04-11,16.62,9.97,70.96,0.02,4.75,296.55,1016.02,8636.93,12.55,20.07,4100.0,0.331,PM2.5-1HR
945,DEU_DEBE051,2025-04-11,12.27,9.25,76,0.01,4.9,297,1015.7,465.56,8.55,14.47,4100.0,0.134,PM2.5-1HR
945,DEU_DEBE056,2025-04-11,13.19,9.53,75.38,0.01,4.65,296.6,1015.86,343.06,10.16,16.724,4100.0,0.106,PM2.5-1HR
945,DEU_DEBE061,2025-04-11,14.93,9.97,70.96,0.02,4.75,296.55,1016.02,8418.27,12.19,19.566,4100.0,0.009,PM2.5-1HR
945,DEU_DEBE065,2025-04-11,18.07,9.75,72.75,0.02,4.73,297.05,1015.91,8391.58,12.3,19.72,4100.0,0.004,PM2.5-1HR
945,DEU_DEBE068,2025-04-11,18.46,9.75,72.75,0.02,4.73,297.05,1015.91,6915.53,12.55,20.07,4100.0,0.072,PM2.5-1HR
945,DEU_DEBE069,2025-04-11,18.2,9.97,70.96,0.02,4.75,296.55,1016.02,8191.19,12.7,20.28,4100.0,0.012,PM2.5-1HR
945,DEU_DEBE125,2025-04-11,17.11,9.97,70.96,0.02,4.75,296.55,1016.02,6357.97,12.55,20.07,4100.0,0.01,PM2.5-1HR
945,DEU_DEBE126,2025-04-11,18.6,9.97,70.96,0.02,4.75,296.55,1016.02,8426.55,12.55,20.07,4100.0,0.007,PM2.5-1HR
945,DEU_DEBE127,2025-04-11,18.74,9.97,70.96,0.02,4.75,296.55,1016.02,7640.61,12.7,20.28,4100.0,0.056,PM2.5-1HR
945,DEU_DEBE010,2025-04-12,13.77,12.54,69.96,0,1.66,251.73,1014.47,7325,10.01,16.514,4100.0,0.044,PM2.5-1HR
945,DEU_DEBE032,2025-04-12,8.47,11.88,74.92,0,1.57,267.25,1014.53,0,7.8,13.42,4100.0,0.861,PM2.5-1HR
945,DEU_DEBE034,2025-04-12,16.03,12.8,67.33,0,1.73,251.46,1014.5,8636.93,10.31,16.934,4100.0,0.331,PM2.5-1HR
945,DEU_DEBE051,2025-04-12,12.02,11.69,76.54,0,1.69,243.62,1014.45,465.56,6.8,12.02,4100.0,0.134,PM2.5-1HR
945,DEU_DEBE056,2025-04-12,13.38,11.76,76.88,0,1.65,243.82,1014.53,343.06,8.07,13.798,4100.0,0.106,PM2.5-1HR
945,DEU_DEBE061,2025-04-12,12.89,12.8,67.33,0,1.73,251.46,1014.5,8418.27,9.79,16.206,4100.0,0.009,PM2.5-1HR
945,DEU_DEBE065,2025-04-12,17.9,12.54,69.96,0,1.66,251.73,1014.47,8391.58,10.29,16.906,4100.0,0.004,PM2.5-1HR
945,DEU_DEBE068,2025-04-12,15.92,12.54,69.96,0,1.66,251.73,1014.47,6915.53,10.31,16.934,4100.0,0.072,PM2.5-1HR
945,DEU_DEBE069,2025-04-12,16.71,12.8,67.33,0,1.73,251.46,1014.5,8191.19,10.36,17.004,4100.0,0.012,PM2.5-1HR
945,DEU_DEBE125,2025-04-12,16.31,12.8,67.33,0,1.73,251.46,1014.5,6357.97,10.31,16.934,4100.0,0.01,PM2.5-1HR
945,DEU_DEBE126,2025-04-12,18.7,12.8,67.33,0,1.73,251.46,1014.5,8426.55,10.31,16.934,4100.0,0.007,PM2.5-1HR
945,DEU_DEBE127,2025-04-12,18.45,12.8,67.33,0,1.73,251.46,1014.5,7640.61,10.49,17.186,4100.0,0.056,PM2.5-1HR
945,DEU_DEBE010,2025-04-13,10.91,15.06,60.75,0,3.27,179.14,1006.57,7325,6.18,11.152,4100.0,0.044,PM2.5-1HR
945,DEU_DEBE032,2025-04-13,8.32,14.25,68.42,0,3.1,180,1006.5,0,4.4,8.66,4100.0,0.861,PM2.5-1HR
945,DEU_DEBE034,2025-04-13,12.93,15.21,60.38,0,3.26,179.63,1006.6,8636.93,6.64,11.796,4100.0,0.331,PM2.5-1HR
945,DEU_DEBE051,2025-04-13,10.39,13.75,69.71,0,3.45,178.51,1006.52,465.56,4.37,8.618,4100.0,0.134,PM2.5-1HR
945,DEU_DEBE056,2025-04-13,10.19,14.1,68.25,0,2.98,179.76,1006.82,343.06,4.18,8.352,4100.0,0.106,PM2.5-1HR
945,DEU_DEBE061,2025-04-13,11.35,15.21,60.38,0,3.26,179.63,1006.6,8418.27,6.27,11.278,4100.0,0.009,PM2.5-1HR
945,DEU_DEBE065,2025-04-13,13.46,15.06,60.75,0,3.27,179.14,1006.57,8391.58,6.76,11.964,4100.0,0.004,PM2.5-1HR
945,DEU_DEBE068,2025-04-13,11.68,15.06,60.75,0,3.27,179.14,1006.57,6915.53,6.64,11.796,4100.0,0.072,PM2.5-1HR
945,DEU_DEBE069,2025-04-13,13.66,15.21,60.38,0,3.26,179.63,1006.6,8191.19,6.75,11.95,4100.0,0.012,PM2.5-1HR
945,DEU_DEBE125,2025-04-13,12.65,15.21,60.38,0,3.26,179.63,1006.6,6357.97,6.64,11.796,4100.0,0.01,PM2.5-1HR
945,DEU_DEBE126,2025-04-13,13.25,15.21,60.38,0,3.26,179.63,1006.6,8426.55,6.64,11.796,4100.0,0.007,PM2.5-1HR
945,DEU_DEBE127,2025-04-13,14.35,15.21,60.38,0,3.26,179.63,1006.6,7640.61,6.82,12.048,4100.0,0.056,PM2.5-1HR
945,DEU_DEBE010,2025-04-14,11.96,15.76,61.88,0.03,2.29,275.41,1009.76,7325,7.17,12.538,4100.0,0.044,PM2.5-1HR
945,DEU_DEBE032,2025-04-14,8.51,14.58,71.08,0.01,1.99,277.15,1009.78,0,5.72,10.508,4100.0,0.861,PM2.5-1HR
945,DEU_DEBE034,2025-04-14,11.92,16.1,60.67,0.03,2.27,273.82,1009.75,8636.93,7.58,13.112,4100.0,0.331,PM2.5-1HR
945,DEU_DEBE051,2025-04-14,9.06,14.07,71.33,0.02,2.17,268.19,1009.76,465.56,5.79,10.606,4100.0,0.134,PM2.5-1HR
945,DEU_DEBE056,2025-04-14,9.93,14.95,71.33,0.01,2.04,262.64,1009.78,343.06,8.27,14.078,4100.0,0.106,PM2.5-1HR
945,DEU_DEBE061,2025-04-14,12.05,16.1,60.67,0.03,2.27,273.82,1009.75,8418.27,7.16,12.524,4100.0,0.009,PM2.5-1HR
945,DEU_DEBE065,2025-04-14,14.43,15.76,61.88,0.03,2.29,275.41,1009.76,8391.58,7.59,13.126,4100.0,0.004,PM2.5-1HR
945,DEU_DEBE068,2025-04-14,13.32,15.76,61.88,0.03,2.29,275.41,1009.76,6915.53,7.58,13.112,4100.0,0.072,PM2.5-1HR
945,DEU_DEBE069,2025-04-14,15.7,16.1,60.67,0.03,2.27,273.82,1009.75,8191.19,7.55,13.07,4100.0,0.012,PM2.5-1HR
945,DEU_DEBE125,2025-04-14,13.61,16.1,60.67,0.03,2.27,273.82,1009.75,6357.97,7.58,13.112,4100.0,0.01,PM2.5-1HR
945,DEU_DEBE126,2025-04-14,14.25,16.1,60.67,0.03,2.27,273.82,1009.75,8426.55,7.58,13.112,4100.0,0.007,PM2.5-1HR
945,DEU_DEBE127,2025-04-14,15.14,16.1,60.67,0.03,2.27,273.82,1009.75,7640.61,7.71,13.294,4100.0,0.056,PM2.5-1HR
945,DEU_DEBE010,2025-04-15,11.71,16.57,63.96,0,4.3,103.48,1004.83,7325,9.03,15.142,4100.0,0.044,PM2.5-1HR
945,DEU_DEBE032,2025-04-15,9.42,16.11,68.38,0,4.04,105.63,1004.62,0,7.37,12.818,4100.0,0.861,PM2.5-1HR
945,DEU_DEBE034,2025-04-15,11.44,16.78,62.83,0,4.25,105.43,1004.75,8636.93,9.17,15.338,4100.0,0.331,PM2.5-1HR
945,DEU_DEBE051,2025-04-15,9.47,15.53,72.17,0.02,4.54,99.27,1005.06,465.56,5.58,10.312,4100.0,0.134,PM2.5-1HR
945,DEU_DEBE056,2025-04-15,9.81,15.65,71.92,0,4.07,103.34,1004.96,343.06,6.04,10.956,4100.0,0.106,PM2.5-1HR
945,DEU_DEBE061,2025-04-15,12.03,16.78,62.83,0,4.25,105.43,1004.75,8418.27,8.83,14.862,4100.0,0.009,PM2.5-1HR
945,DEU_DEBE065,2025-04-15,13.1,16.57,63.96,0,4.3,103.48,1004.83,8391.58,9.31,15.534,4100.0,0.004,PM2.5-1HR
945,DEU_DEBE068,2025-04-15,12.39,16.57,63.96,0,4.3,103.48,1004.83,6915.53,9.17,15.338,4100.0,0.072,PM2.5-1HR
945,DEU_DEBE069,2025-04-15,13.03,16.78,62.83,0,4.25,105.43,1004.75,8191.19,9.25,15.45,4100.0,0.012,PM2.5-1HR
945,DEU_DEBE125,2025-04-15,13.95,16.78,62.83,0,4.25,105.43,1004.75,6357.97,9.17,15.338,4100.0,0.01,PM2.5-1HR
945,DEU_DEBE126,2025-04-15,13.5,16.78,62.83,0,4.25,105.43,1004.75,8426.55,9.17,15.338,4100.0,0.007,PM2.5-1HR
945,DEU_DEBE127,2025-04-15,14.04,16.78,62.83,0,4.25,105.43,1004.75,7640.61,9.28,15.492,4100.0,0.056,PM2.5-1HR
945,DEU_DEBE010,2025-04-16,9.46,18.73,62.92,0,2.62,156.63,1007.13,7325,5.41,10.074,4100.0,0.044,PM2.5-1HR
945,DEU_DEBE032,2025-04-16,7.08,18.11,68.46,0,2.36,160.55,1007.04,0,3.84,7.876,4100.0,0.861,PM2.5-1HR
945,DEU_DEBE034,2025-04-16,9.36,18.97,61.67,0,2.62,159.58,1007.09,8636.93,5.55,10.27,4100.0,0.331,PM2.5-1HR
945,DEU_DEBE051,2025-04-16,7.75,17.35,72.46,0,2.49,151.09,1007.22,465.56,3.64,7.596,4100.0,0.134,PM2.5-1HR
945,DEU_DEBE056,2025-04-16,8.65,17.66,71.29,0,2.51,160.38,1007.26,343.06,3.84,7.876,4100.0,0.106,PM2.5-1HR
945,DEU_DEBE061,2025-04-16,9.14,18.97,61.67,0,2.62,159.58,1007.09,8418.27,5.24,9.836,4100.0,0.009,PM2.5-1HR
945,DEU_DEBE065,2025-04-16,10.9,18.73,62.92,0,2.62,156.63,1007.13,8391.58,5.82,10.648,4100.0,0.004,PM2.5-1HR
945,DEU_DEBE068,2025-04-16,10.04,18.73,62.92,0,2.62,156.63,1007.13,6915.53,5.55,10.27,4100.0,0.072,PM2.5-1HR
945,DEU_DEBE069,2025-04-16,11.81,18.97,61.67,0,2.62,159.58,1007.09,8191.19,5.57,10.298,4100.0,0.012,PM2.5-1HR
945,DEU_DEBE125,2025-04-16,11.02,18.97,61.67,0,2.62,159.58,1007.09,6357.97,5.55,10.27,4100.0,0.01,PM2.5-1HR
945,DEU_DEBE126,2025-04-16,11.07,18.97,61.67,0,2.62,159.58,1007.09,8426.55,5.55,10.27,4100.0,0.007,PM2.5-1HR
945,DEU_DEBE127,2025-04-16,12.08,18.97,61.67,0,2.62,159.58,1007.09,7640.61,5.66,10.424,4100.0,0.056,PM2.5-1HR
945,DEU_DEBE010,2025-04-17,16.86,20.14,58.5,0,3.06,125.94,1005.93,7325,10.97,17.858,4100.0,0.044,PM2.5-1HR
945,DEU_DEBE032,2025-04-17,13.97,18.71,68.13,0,2.96,117.8,1005.92,0,9.28,15.492,4100.0,0.861,PM2.5-1HR
945,DEU_DEBE034,2025-04-17,16.84,20.29,57.79,0,3.03,122.89,1005.9,8636.93,11.13,18.082,4100.0,0.331,PM2.5-1HR
945,DEU_DEBE051,2025-04-17,13.9,18.88,66.96,0,3.14,124.3,1006.06,465.56,10.22,16.808,4100.0,0.134,PM2.5-1HR
945,DEU_DEBE056,2025-04-17,13.58,19.46,65.21,0,2.98,121.1,1005.95,343.06,8.77,14.778,4100.0,0.106,PM2.5-1HR
945,DEU_DEBE061,2025-04-17,17.07,20.29,57.79,0,3.03,122.89,1005.9,8418.27,10.73,17.522,4100.0,0.009,PM2.5-1HR
945,DEU_DEBE065,2025-04-17,18.4,20.14,58.5,0,3.06,125.94,1005.93,8391.58,11.26,18.264,4100.0,0.004,PM2.5-1HR
945,DEU_DEBE068,2025-04-17,18.83,20.14,58.5,0,3.06,125.94,1005.93,6915.53,11.13,18.082,4100.0,0.072,PM2.5-1HR
945,DEU_DEBE069,2025-04-17,18.86,20.29,57.79,0,3.03,122.89,1005.9,8191.19,11.04,17.956,4100.0,0.012,PM2.5-1HR
945,DEU_DEBE125,2025-04-17,18.98,20.29,57.79,0,3.03,122.89,1005.9,6357.97,11.13,18.082,4100.0,0.01,PM2.5-1HR
945,DEU_DEBE126,2025-04-17,18.43,20.29,57.79,0,3.03,122.89,1005.9,8426.55,11.13,18.082,4100.0,0.007,PM2.5-1HR
945,DEU_DEBE127,2025-04-17,19.73,20.29,57.79,0,3.03,122.89,1005.9,7640.61,11.16,18.124,4100.0,0.056,PM2.5-1HR
945,DEU_DEBE010,2025-04-18,14.28,12.83,81.58,0.05,2.91,276.72,1008.38,7325,6.49,11.586,4100.0,0.044,PM2.5-1HR
945,DEU_DEBE032,2025-04-18,11.58,12.22,86.63,0.05,2.97,278.16,1008.55,0,5.13,9.682,4100.0,0.861,PM2.5-1HR
945,DEU_DEBE034,2025-04-18,14.64,12.97,80.75,0.03,2.88,278.58,1008.44,8636.93,6.86,12.104,4100.0,0.331,PM2.5-1HR
945,DEU_DEBE051,2025-04-18,13.19,12.2,86.33,0.02,2.82,270.43,1008.25,465.56,5.46,10.144,4100.0,0.134,PM2.5-1HR
945,DEU_DEBE056,2025-04-18,13.02,13.07,83.08,0.08,2.79,256.42,1008.33,343.06,6.16,11.124,4100.0,0.106,PM2.5-1HR
945,DEU_DEBE061,2025-04-18,13.76,12.97,80.75,0.03,2.88,278.58,1008.44,8418.27,6.56,11.684,4100.0,0.009,PM2.5-1HR
945,DEU_DEBE065,2025-04-18,16.69,12.83,81.58,0.05,2.91,276.72,1008.38,8391.58,6.81,12.034,4100.0,0.004,PM2.5-1HR
945,DEU_DEBE068,2025-04-18,15.99,12.83,81.58,0.05,2.91,276.72,1008.38,6915.53,6.86,12.104,4100.0,0.072,PM2.5-1HR
945,DEU_DEBE069,2025-04-18,17.07,12.97,80.75,0.03,2.88,278.58,1008.44,8191.19,6.91,12.174,4100.0,0.012,PM2.5-1HR
945,DEU_DEBE125,2025-04-18,15.37,12.97,80.75,0.03,2.88,278.58,1008.44,6357.97,6.86,12.104,4100.0,0.01,PM2.5-1HR
945,DEU_DEBE126,2025-04-18,15.7,12.97,80.75,0.03,2.88,278.58,1008.44,8426.55,6.86,12.104,4100.0,0.007,PM2.5-1HR
945,DEU_DEBE127,2025-04-18,16.35,12.97,80.75,0.03,2.88,278.58,1008.44,7640.61,6.98,12.272,4100.0,0.056,PM2.5-1HR
945,DEU_DEBE010,2025-04-19,6.65,9.2,86.17,0.27,2.37,230.67,1009.74,7325,4.5,8.8,4100.0,0.044,PM2.5-1HR
945,DEU_DEBE032,2025-04-19,5.63,9.1,88.96,0.3,2.3,236.1,1009.8,0,3.09,6.826,4100.0,0.861,PM2.5-1HR
945,DEU_DEBE034,2025-04-19,8.91,9.27,85.75,0.33,2.37,229.75,1009.8,8636.93,4.59,8.926,4100.0,0.331,PM2.5-1HR
945,DEU_DEBE051,2025-04-19,6.7,9.01,90.17,0.27,2.53,233.02,1009.6,465.56,3.28,7.092,4100.0,0.134,PM2.5-1HR
945,DEU_DEBE056,2025-04-19,5.74,9.43,87.46,0.31,2.75,225.65,1009.9,343.06,2.42,5.888,4100.0,0.106,PM2.5-1HR
945,DEU_DEBE061,2025-04-19,6.86,9.27,85.75,0.33,2.37,229.75,1009.8,8418.27,4.31,8.534,4100.0,0.009,PM2.5-1HR
945,DEU_DEBE065,2025-04-19,9.24,9.2,86.17,0.27,2.37,230.67,1009.74,8391.58,4.68,9.052,4100.0,0.004,PM2.5-1HR
945,DEU_DEBE068,2025-04-19,7.71,9.2,86.17,0.27,2.37,230.67,1009.74,6915.53,4.59,8.926,4100.0,0.072,PM2.5-1HR
945,DEU_DEBE069,2025-04-19,9.3,9.27,85.75,0.33,2.37,229.75,1009.8,8191.19,4.64,8.996,4100.0,0.012,PM2.5-1HR
945,DEU_DEBE125,2025-04-19,7.96,9.27,85.75,0.33,2.37,229.75,1009.8,6357.97,4.59,8.926,4100.0,0.01,PM2.5-1HR
945,DEU_DEBE126,2025-04-19,8.76,9.27,85.75,0.33,2.37,229.75,1009.8,8426.55,4.59,8.926,4100.0,0.007,PM2.5-1HR
945,DEU_DEBE127,2025-04-19,9.15,9.27,85.75,0.33,2.37,229.75,1009.8,7640.61,4.69,9.066,4100.0,0.056,PM2.5-1HR
945,DEU_DEBE010,2025-04-20,16.57,12.37,72.38,0,1.16,166.64,1007.52,7325,8.12,13.868,4100.0,0.044,PM2.5-1HR
945,DEU_DEBE032,2025-04-20,9.11,12.07,74.92,0,1.12,151.98,1007.49,0,5.19,9.766,4100.0,0.861,PM2.5-1HR
945,DEU_DEBE034,2025-04-20,17.02,12.44,72.79,0,1.16,167.65,1007.53,8636.93,8.41,14.274,4100.0,0.331,PM2.5-1HR
945,DEU_DEBE051,2025-04-20,12.37,11.7,74.92,0,1.35,165.96,1007.54,465.56,5.94,10.816,4100.0,0.134,PM2.5-1HR
945,DEU_DEBE056,2025-04-20,13.69,12.55,75.29,0,1.18,182.44,1007.51,343.06,6.39,11.446,4100.0,0.106,PM2.5-1HR
945,DEU_DEBE061,2025-04-20,16.3,12.44,72.79,0,1.16,167.65,1007.53,8418.27,7.8,13.42,4100.0,0.009,PM2.5-1HR
945,DEU_DEBE065,2025-04-20,18.62,12.37,72.38,0,1.16,166.64,1007.52,8391.58,8.6,14.54,4100.0,0.004,PM2.5-1HR
945,DEU_DEBE068,2025-04-20,19.72,12.37,72.38,0,1.16,166.64,1007.52,6915.53,8.41,14.274,4100.0,0.072,PM2.5-1HR
945,DEU_DEBE069,2025-04-20,19.78,12.44,72.79,0,1.16,167.65,1007.53,8191.19,8.64,14.596,4100.0,0.012,PM2.5-1HR
945,DEU_DEBE125,2025-04-20,18.25,12.44,72.79,0,1.16,167.65,1007.53,6357.97,8.41,14.274,4100.0,0.01,PM2.5-1HR
945,DEU_DEBE126,2025-04-20,20.19,12.44,72.79,0,1.16,167.65,1007.53,8426.55,8.41,14.274,4100.0,0.007,PM2.5-1HR
945,DEU_DEBE127,2025-04-20,20.88,12.44,72.79,0,1.16,167.65,1007.53,7640.61,8.75,14.75,4100.0,0.056,PM2.5-1HR
945,DEU_DEBE010,2025-04-21,10.69,14.35,74.42,0.05,1.5,233.54,1009.94,7325,4.91,9.374,4100.0,0.044,PM2.5-1HR
945,DEU_DEBE032,2025-04-21,7.53,14.08,77.08,0.06,1.44,233.35,1009.96,0,3.72,7.708,4100.0,0.861,PM2.5-1HR
945,DEU_DEBE034,2025-04-21,13.36,14.41,74.75,0.06,1.4,228.03,1009.97,8636.93,5.07,9.598,4100.0,0.331,PM2.5-1HR
945,DEU_DEBE051,2025-04-21,15.14,13.31,78.67,0.05,1.56,217.72,1009.92,465.56,3.23,7.022,4100.0,0.134,PM2.5-1HR
945,DEU_DEBE056,2025-04-21,14.02,13.73,82.38,0.06,1.6,202.75,1010.04,343.06,4.93,9.402,4100.0,0.106,PM2.5-1HR
945,DEU_DEBE061,2025-04-21,11.12,14.41,74.75,0.06,1.4,228.03,1009.97,8418.27,4.75,9.15,4100.0,0.009,PM2.5-1HR
945,DEU_DEBE065,2025-04-21,14.49,14.35,74.42,0.05,1.5,233.54,1009.94,8391.58,5.14,9.696,4100.0,0.004,PM2.5-1HR
945,DEU_DEBE068,2025-04-21,12.96,14.35,74.42,0.05,1.5,233.54,1009.94,6915.53,5.07,9.598,4100.0,0.072,PM2.5-1HR
945,DEU_DEBE069,2025-04-21,14.36,14.41,74.75,0.06,1.4,228.03,1009.97,8191.19,5.04,9.556,4100.0,0.012,PM2.5-1HR
945,DEU_DEBE125,2025-04-21,12.4,14.41,74.75,0.06,1.4,228.03,1009.97,6357.97,5.07,9.598,4100.0,0.01,PM2.5-1HR
945,DEU_DEBE126,2025-04-21,14.05,14.41,74.75,0.06,1.4,228.03,1009.97,8426.55,5.07,9.598,4100.0,0.007,PM2.5-1HR
945,DEU_DEBE127,2025-04-21,15.07,14.41,74.75,0.06,1.4,228.03,1009.97,7640.61,5.23,9.822,4100.0,0.056,PM2.5-1HR
945,DEU_DEBE010,2025-04-22,7.43,13.46,76.88,0.18,1.76,247.99,1015.68,7325,3.93,8.002,4100.0,0.044,PM2.5-1HR
945,DEU_DEBE032,2025-04-22,4.49,13.24,79.17,0.43,1.71,252.24,1015.75,0,2.2,5.58,4100.0,0.861,PM2.5-1HR
945,DEU_DEBE034,2025-04-22,8.83,13.4,77.46,0.33,1.73,249.72,1015.7,8636.93,4.22,8.408,4100.0,0.331,PM2.5-1HR
945,DEU_DEBE051,2025-04-22,6.49,12.86,79.58,0.16,1.81,245.22,1015.63,465.56,2.19,5.566,4100.0,0.134,PM2.5-1HR
945,DEU_DEBE056,2025-04-22,6.67,13.2,78.96,0.23,1.95,243.78,1015.69,343.06,2.24,5.636,4100.0,0.106,PM2.5-1HR
945,DEU_DEBE061,2025-04-22,6.46,13.4,77.46,0.33,1.73,249.72,1015.7,8418.27,3.89,7.946,4100.0,0.009,PM2.5-1HR
945,DEU_DEBE065,2025-04-22,10.63,13.46,76.88,0.18,1.76,247.99,1015.68,8391.58,4.33,8.562,4100.0,0.004,PM2.5-1HR
945,DEU_DEBE068,2025-04-22,9.22,13.46,76.88,0.18,1.76,247.99,1015.68,6915.53,4.22,8.408,4100.0,0.072,PM2.5-1HR
945,DEU_DEBE069,2025-04-22,10.39,13.4,77.46,0.33,1.73,249.72,1015.7,8191.19,4.28,8.492,4100.0,0.012,PM2.5-1HR
945,DEU_DEBE125,2025-04-22,8.98,13.4,77.46,0.33,1.73,249.72,1015.7,6357.97,4.22,8.408,4100.0,0.01,PM2.5-1HR
945,DEU_DEBE126,2025-04-22,9.83,13.4,77.46,0.33,1.73,249.72,1015.7,8426.55,4.22,8.408,4100.0,0.007,PM2.5-1HR
945,DEU_DEBE127,2025-04-22,11.12,13.4,77.46,0.33,1.73,249.72,1015.7,7640.61,4.38,8.632,4100.0,0.056,PM2.5-1HR
945,DEU_DEBE010,2025-04-23,15.64,12.87,82.42,0.05,1.6,41.31,1017.15,7325,12.35,19.79,4100.0,0.044,PM2.5-1HR
945,DEU_DEBE032,2025-04-23,8.89,12.85,83.29,0.02,1.47,33.98,1017.09,0,8.02,13.728,4100.0,0.861,PM2.5-1HR
945,DEU_DEBE034,2025-04-23,14.57,13.06,82.25,0.02,1.55,40.03,1017.12,8636.93,12.28,19.692,4100.0,0.331,PM2.5-1HR
945,DEU_DEBE051,2025-04-23,11.77,12.16,84.67,0.05,1.61,36.73,1017.21,465.56,8.13,13.882,4100.0,0.134,PM2.5-1HR
945,DEU_DEBE056,2025-04-23,11.22,13.02,84.38,0.06,1.48,5.64,1017.08,343.06,6.83,12.062,4100.0,0.106,PM2.5-1HR
945,DEU_DEBE061,2025-04-23,13.93,13.06,82.25,0.02,1.55,40.03,1017.12,8418.27,11.49,18.586,4100.0,0.009,PM2.5-1HR
945,DEU_DEBE065,2025-04-23,16.9,12.87,82.42,0.05,1.6,41.31,1017.15,8391.58,12.66,20.224,4100.0,0.004,PM2.5-1HR
945,DEU_DEBE068,2025-04-23,16.54,12.87,82.42,0.05,1.6,41.31,1017.15,6915.53,12.28,19.692,4100.0,0.072,PM2.5-1HR
945,DEU_DEBE069,2025-04-23,15.21,13.06,82.25,0.02,1.55,40.03,1017.12,8191.19,12.05,19.37,4100.0,0.012,PM2.5-1HR
945,DEU_DEBE125,2025-04-23,17.35,13.06,82.25,0.02,1.55,40.03,1017.12,6357.97,12.28,19.692,4100.0,0.01,PM2.5-1HR
945,DEU_DEBE126,2025-04-23,16.63,13.06,82.25,0.02,1.55,40.03,1017.12,8426.55,12.28,19.692,4100.0,0.007,PM2.5-1HR
945,DEU_DEBE127,2025-04-23,16.71,13.06,82.25,0.02,1.55,40.03,1017.12,7640.61,12.16,19.524,4100.0,0.056,PM2.5-1HR
945,DEU_DEBE010,2025-04-24,7.91,12.9,66.83,0,3.59,35.48,1015.55,7325,5.73,10.522,4100.0,0.044,PM2.5-1HR
945,DEU_DEBE032,2025-04-24,5.87,13.05,69.46,0,3.35,35.89,1015.45,0,4.61,8.954,4100.0,0.861,PM2.5-1HR
945,DEU_DEBE034,2025-04-24,8.3,13.13,67.46,0,3.47,36.35,1015.43,8636.93,5.9,10.76,4100.0,0.331,PM2.5-1HR
945,DEU_DEBE051,2025-04-24,6.55,12.17,70.83,0,3.72,33.72,1015.78,465.56,4.1,8.24,4100.0,0.134,PM2.5-1HR
945,DEU_DEBE056,2025-04-24,7.35,12.89,72.92,0,3.52,31.94,1015.25,343.06,4.28,8.492,4100.0,0.106,PM2.5-1HR
945,DEU_DEBE061,2025-04-24,8.27,13.13,67.46,0,3.47,36.35,1015.43,8418.27,5.61,10.354,4100.0,0.009,PM2.5-1HR
945,DEU_DEBE065,2025-04-24,9.54,12.9,66.83,0,3.59,35.48,1015.55,8391.58,5.92,10.788,4100.0,0.004,PM2.5-1HR
945,DEU_DEBE068,2025-04-24,8.83,12.9,66.83,0,3.59,35.48,1015.55,6915.53,5.9,10.76,4100.0,0.072,PM2.5-1HR
945,DEU_DEBE069,2025-04-24,10.09,13.13,67.46,0,3.47,36.35,1015.43,8191.19,6.01,10.914,4100.0,0.012,PM2.5-1HR
945,DEU_DEBE125,2025-04-24,9.64,13.13,67.46,0,3.47,36.35,1015.43,6357.97,5.9,10.76,4100.0,0.01,PM2.5-1HR
945,DEU_DEBE126,2025-04-24,9.98,13.13,67.46,0,3.47,36.35,1015.43,8426.55,5.9,10.76,4100.0,0.007,PM2.5-1HR
945,DEU_DEBE127,2025-04-24,10.2,13.13,67.46,0,3.47,36.35,1015.43,7640.61,6.05,10.97,4100.0,0.056,PM2.5-1HR
945,DEU_DEBE010,2025-04-25,6.98,11.23,63.04,0,3.61,32.46,1019.62,7325,4.39,8.646,4100.0,0.044,PM2.5-1HR
945,DEU_DEBE032,2025-04-25,5.79,11.24,67.46,0,3.39,32.29,1019.55,0,3.37,7.218,4100.0,0.861,PM2.5-1HR
945,DEU_DEBE034,2025-04-25,7.87,11.45,63.04,0,3.49,31.54,1019.51,8636.93,4.53,8.842,4100.0,0.331,PM2.5-1HR
945,DEU_DEBE051,2025-04-25,5.7,10.45,68,0,3.75,34.58,1019.82,465.56,3.17,6.938,4100.0,0.134,PM2.5-1HR
945,DEU_DEBE056,2025-04-25,8.48,10.98,70.79,0,3.51,28.7,1019.3,343.06,2.65,6.21,4100.0,0.106,PM2.5-1HR
945,DEU_DEBE061,2025-04-25,7.87,11.45,63.04,0,3.49,31.54,1019.51,8418.27,4.33,8.562,4100.0,0.009,PM2.5-1HR
945,DEU_DEBE065,2025-04-25,8.85,11.23,63.04,0,3.61,32.46,1019.62,8391.58,4.59,8.926,4100.0,0.004,PM2.5-1HR
945,DEU_DEBE068,2025-04-25,8.12,11.23,63.04,0,3.61,32.46,1019.62,6915.53,4.53,8.842,4100.0,0.072,PM2.5-1HR
945,DEU_DEBE069,2025-04-25,9.66,11.45,63.04,0,3.49,31.54,1019.51,8191.19,4.56,8.884,4100.0,0.012,PM2.5-1HR
945,DEU_DEBE125,2025-04-25,8.77,11.45,63.04,0,3.49,31.54,1019.51,6357.97,4.53,8.842,4100.0,0.01,PM2.5-1HR
945,DEU_DEBE126,2025-04-25,9.36,11.45,63.04,0,3.49,31.54,1019.51,8426.55,4.53,8.842,4100.0,0.007,PM2.5-1HR
945,DEU_DEBE127,2025-04-25,9.77,11.45,63.04,0,3.49,31.54,1019.51,7640.61,4.59,8.926,4100.0,0.056,PM2.5-1HR
945,DEU_DEBE010,2025-04-26,5.68,10.21,49.71,0,3.34,70.67,1025.85,7325,4.13,8.282,4100.0,0.044,PM2.5-1HR
945,DEU_DEBE032,2025-04-26,3.76,10.28,55.79,0,3.15,70.73,1025.64,0,3.38,7.232,4100.0,0.861,PM2.5-1HR
945,DEU_DEBE034,2025-04-26,5.31,10.57,48,0,3.33,69.32,1025.73,8636.93,4.36,8.604,4100.0,0.331,PM2.5-1HR
945,DEU_DEBE051,2025-04-26,4.12,9.05,59.13,0,3.28,73.82,1026.06,465.56,3.05,6.77,4100.0,0.134,PM2.5-1HR
945,DEU_DEBE056,2025-04-26,4.24,9.54,60.83,0,3.25,64.65,1025.76,343.06,3.17,6.938,4100.0,0.106,PM2.5-1HR
945,DEU_DEBE061,2025-04-26,4.94,10.57,48,0,3.33,69.32,1025.73,8418.27,4.21,8.394,4100.0,0.009,PM2.5-1HR
945,DEU_DEBE065,2025-04-26,5.91,10.21,49.71,0,3.34,70.67,1025.85,8391.58,4.39,8.646,4100.0,0.004,PM2.5-1HR
945,DEU_DEBE068,2025-04-26,5.05,10.21,49.71,0,3.34,70.67,1025.85,6915.53,4.36,8.604,4100.0,0.072,PM2.5-1HR
945,DEU_DEBE069,2025-04-26,6.17,10.57,48,0,3.33,69.32,1025.73,8191.19,4.45,8.73,4100.0,0.012,PM2.5-1HR
945,DEU_DEBE125,2025-04-26,5.93,10.57,48,0,3.33,69.32,1025.73,6357.97,4.36,8.604,4100.0,0.01,PM2.5-1HR
945,DEU_DEBE126,2025-04-26,6.66,10.57,48,0,3.33,69.32,1025.73,8426.55,4.36,8.604,4100.0,0.007,PM2.5-1HR
945,DEU_DEBE127,2025-04-26,6.5,10.57,48,0,3.33,69.32,1025.73,7640.61,4.44,8.716,4100.0,0.056,PM2.5-1HR
945,DEU_DEBE010,2025-04-27,6.91,11.07,44.46,0,3.07,96.12,1028.39,7325,5.98,10.872,4100.0,0.044,PM2.5-1HR
945,DEU_DEBE032,2025-04-27,5.62,11.01,50.71,0,2.78,105.76,1028.19,0,5.04,9.556,4100.0,0.861,PM2.5-1HR
945,DEU_DEBE034,2025-04-27,6.81,11.45,42.83,0,2.97,100.44,1028.28,8636.93,6.2,11.18,4100.0,0.331,PM2.5-1HR
945,DEU_DEBE051,2025-04-27,5.56,9.51,56.42,0,3.13,101.55,1028.61,465.56,4.85,9.29,4100.0,0.134,PM2.5-1HR
945,DEU_DEBE056,2025-04-27,5.85,9.98,58.63,0,2.92,95.73,1028.44,343.06,4.76,9.164,4100.0,0.106,PM2.5-1HR
945,DEU_DEBE061,2025-04-27,7.22,11.45,42.83,0,2.97,100.44,1028.28,8418.27,5.98,10.872,4100.0,0.009,PM2.5-1HR
945,DEU_DEBE065,2025-04-27,8.47,11.07,44.46,0,3.07,96.12,1028.39,8391.58,6.23,11.222,4100.0,0.004,PM2.5-1HR
945,DEU_DEBE068,2025-04-27,7.05,11.07,44.46,0,3.07,96.12,1028.39,6915.53,6.2,11.18,4100.0,0.072,PM2.5-1HR
945,DEU_DEBE069,2025-04-27,8.2,11.45,42.83,0,2.97,100.44,1028.28,8191.19,6.22,11.208,4100.0,0.012,PM2.5-1HR
945,DEU_DEBE125,2025-04-27,8.22,11.45,42.83,0,2.97,100.44,1028.28,6357.97,6.2,11.18,4100.0,0.01,PM2.5-1HR
945,DEU_DEBE126,2025-04-27,8.58,11.45,42.83,0,2.97,100.44,1028.28,8426.55,6.2,11.18,4100.0,0.007,PM2.5-1HR
945,DEU_DEBE127,2025-04-27,8.68,11.45,42.83,0,2.97,100.44,1028.28,7640.61,6.25,11.25,4100.0,0.056,PM2.5-1HR
945,DEU_DEBE010,2025-04-28,8.58,14.14,39.71,0,1.74,62.57,1026.84,7325,6.88,12.132,4100.0,0.044,PM2.5-1HR
945,DEU_DEBE032,2025-04-28,6,13.37,48.75,0,1.67,43.96,1026.83,0,5.29,9.906,4100.0,0.861,PM2.5-1HR
945,DEU_DEBE034,2025-04-28,9.26,14.49,38.75,0,1.63,61.94,1026.79,8636.93,7.17,12.538,4100.0,0.331,PM2.5-1HR
945,DEU_DEBE051,2025-04-28,5.86,12.04,52.71,0,1.65,78.06,1026.95,465.56,4.62,8.968,4100.0,0.134,PM2.5-1HR
945,DEU_DEBE056,2025-04-28,6,12.52,57,0,1.39,69.1,1026.88,343.06,4.34,8.576,4100.0,0.106,PM2.5-1HR
945,DEU_DEBE061,2025-04-28,8.81,14.49,38.75,0,1.63,61.94,1026.79,8418.27,6.88,12.132,4100.0,0.009,PM2.5-1HR
945,DEU_DEBE065,2025-04-28,12.09,14.14,39.71,0,1.74,62.57,1026.84,8391.58,7.12,12.468,4100.0,0.004,PM2.5-1HR
945,DEU_DEBE068,2025-04-28,10.5,14.14,39.71,0,1.74,62.57,1026.84,6915.53,7.17,12.538,4100.0,0.072,PM2.5-1HR
945,DEU_DEBE069,2025-04-28,10.95,14.49,38.75,0,1.63,61.94,1026.79,8191.19,7.45,12.93,4100.0,0.012,PM2.5-1HR
945,DEU_DEBE125,2025-04-28,10.08,14.49,38.75,0,1.63,61.94,1026.79,6357.97,7.17,12.538,4100.0,0.01,PM2.5-1HR
945,DEU_DEBE126,2025-04-28,10.21,14.49,38.75,0,1.63,61.94,1026.79,8426.55,7.17,12.538,4100.0,0.007,PM2.5-1HR
945,DEU_DEBE127,2025-04-28,11.52,14.49,38.75,0,1.63,61.94,1026.79,7640.61,7.4,12.86,4100.0,0.056,PM2.5-1HR
945,DEU_DEBE010,2025-04-29,7.93,15.93,50.75,0,2.43,306.29,1024.98,7325,5.57,10.298,4100.0,0.044,PM2.5-1HR
945,DEU_DEBE032,2025-04-29,5.62,15.06,58.42,0,2.43,304.17,1025.13,0,4.52,8.828,4100.0,0.861,PM2.5-1HR
945,DEU_DEBE034,2025-04-29,8.92,16.24,49.71,0,2.44,305.87,1024.99,8636.93,5.76,10.564,4100.0,0.331,PM2.5-1HR
945,DEU_DEBE051,2025-04-29,6.32,14.2,61.79,0,2.54,304.44,1024.96,465.56,3.47,7.358,4100.0,0.134,PM2.5-1HR
945,DEU_DEBE056,2025-04-29,6.73,15.06,59.17,0,2.22,303.01,1024.86,343.06,4.07,8.198,4100.0,0.106,PM2.5-1HR
945,DEU_DEBE061,2025-04-29,7.49,16.24,49.71,0,2.44,305.87,1024.99,8418.27,5.54,10.256,4100.0,0.009,PM2.5-1HR
945,DEU_DEBE065,2025-04-29,12.64,15.93,50.75,0,2.43,306.29,1024.98,8391.58,5.87,10.718,4100.0,0.004,PM2.5-1HR
945,DEU_DEBE068,2025-04-29,9.34,15.93,50.75,0,2.43,306.29,1024.98,6915.53,5.76,10.564,4100.0,0.072,PM2.5-1HR
945,DEU_DEBE069,2025-04-29,11.2,16.24,49.71,0,2.44,305.87,1024.99,8191.19,5.81,10.634,4100.0,0.012,PM2.5-1HR
945,DEU_DEBE125,2025-04-29,11.07,16.24,49.71,0,2.44,305.87,1024.99,6357.97,5.76,10.564,4100.0,0.01,PM2.5-1HR
945,DEU_DEBE126,2025-04-29,10.31,16.24,49.71,0,2.44,305.87,1024.99,8426.55,5.76,10.564,4100.0,0.007,PM2.5-1HR
945,DEU_DEBE127,2025-04-29,10.39,16.24,49.71,0,2.44,305.87,1024.99,7640.61,5.88,10.732,4100.0,0.056,PM2.5-1HR
945,DEU_DEBE010,2025-04-30,6.36,16.84,60.46,0,1.98,322.3,1023.8,7325,4.79,9.206,4100.0,0.044,PM2.5-1HR
945,DEU_DEBE032,2025-04-30,4.38,16.38,64.42,0,2.03,318.64,1023.92,0,3.43,7.302,4100.0,0.861,PM2.5-1HR
945,DEU_DEBE034,2025-04-30,6.79,17.29,58.46,0,1.96,321.49,1023.8,8636.93,5.08,9.612,4100.0,0.331,PM2.5-1HR
945,DEU_DEBE051,2025-04-30,4.57,15.07,69.79,0,2.05,316.53,1023.82,465.56,3.03,6.742,4100.0,0.134,PM2.5-1HR
945,DEU_DEBE056,2025-04-30,5.29,16.01,66.92,0,1.73,327.14,1023.7,343.06,3.37,7.218,4100.0,0.106,PM2.5-1HR
945,DEU_DEBE061,2025-04-30,6,17.29,58.46,0,1.96,321.49,1023.8,8418.27,4.81,9.234,4100.0,0.009,PM2.5-1HR
945,DEU_DEBE065,2025-04-30,8.18,16.84,60.46,0,1.98,322.3,1023.8,8391.58,5.01,9.514,4100.0,0.004,PM2.5-1HR
945,DEU_DEBE068,2025-04-30,7.42,16.84,60.46,0,1.98,322.3,1023.8,6915.53,5.08,9.612,4100.0,0.072,PM2.5-1HR
945,DEU_DEBE069,2025-04-30,9.83,17.29,58.46,0,1.96,321.49,1023.8,8191.19,5.24,9.836,4100.0,0.012,PM2.5-1HR
945,DEU_DEBE125,2025-04-30,7.6,17.29,58.46,0,1.96,321.49,1023.8,6357.97,5.08,9.612,4100.0,0.01,PM2.5-1HR
945,DEU_DEBE126,2025-04-30,8.7,17.29,58.46,0,1.96,321.49,1023.8,8426.55,5.08,9.612,4100.0,0.007,PM2.5-1HR
945,DEU_DEBE127,2025-04-30,8.88,17.29,58.46,0,1.96,321.49,1023.8,7640.61,5.25,9.85,4100.0,0.056,PM2.5-1HR
945,DEU_DEBE010,2025-05-01,7.12,18.63,50.25,0,1.28,112.74,1021.25,7325,4.77,9.178,4100.0,0.044,PM2.5-1HR
945,DEU_DEBE032,2025-05-01,4.91,18.35,51.04,0,1.34,130.28,1021.26,0,3.48,7.372,4100.0,0.861,PM2.5-1HR
945,DEU_DEBE034,2025-05-01,8.42,18.89,49.63,0,1.37,134.43,1021.25,8636.93,4.97,9.458,4100.0,0.331,PM2.5-1HR
945,DEU_DEBE051,2025-05-01,5.62,16.52,60.29,0,1.14,91.37,1021.33,465.56,3.29,7.106,4100.0,0.134,PM2.5-1HR
945,DEU_DEBE056,2025-05-01,6.56,16.65,64.21,0,1.18,127.84,1021.42,343.06,3.38,7.232,4100.0,0.106,PM2.5-1HR
945,DEU_DEBE061,2025-05-01,7.24,18.89,49.63,0,1.37,134.43,1021.25,8418.27,4.7,9.08,4100.0,0.009,PM2.5-1HR
945,DEU_DEBE065,2025-05-01,9.42,18.63,50.25,0,1.28,112.74,1021.25,8391.58,5.02,9.528,4100.0,0.004,PM2.5-1HR
945,DEU_DEBE068,2025-05-01,8.74,18.63,50.25,0,1.28,112.74,1021.25,6915.53,4.97,9.458,4100.0,0.072,PM2.5-1HR
945,DEU_DEBE069,2025-05-01,9.02,18.89,49.63,0,1.37,134.43,1021.25,8191.19,5.1,9.64,4100.0,0.012,PM2.5-1HR
945,DEU_DEBE125,2025-05-01,9.38,18.89,49.63,0,1.37,134.43,1021.25,6357.97,4.97,9.458,4100.0,0.01,PM2.5-1HR
945,DEU_DEBE126,2025-05-01,9.41,18.89,49.63,0,1.37,134.43,1021.25,8426.55,4.97,9.458,4100.0,0.007,PM2.5-1HR
945,DEU_DEBE127,2025-05-01,9.52,18.89,49.63,0,1.37,134.43,1021.25,7640.61,5.15,9.71,4100.0,0.056,PM2.5-1HR
945,DEU_DEBE010,2025-05-02,10.48,20.5,44.63,0.03,3.6,229.75,1013.65,7325,7.53,13.042,4100.0,0.044,PM2.5-1HR
945,DEU_DEBE032,2025-05-02,7.75,20.25,47.96,0,3.52,229.37,1013.73,0,5.68,10.452,4100.0,0.861,PM2.5-1HR
945,DEU_DEBE034,2025-05-02,11.26,20.63,44.42,0.01,3.53,230.05,1013.7,8636.93,7.78,13.392,4100.0,0.331,PM2.5-1HR
945,DEU_DEBE051,2025-05-02,8.89,19.36,50.38,0.06,3.67,226.74,1013.56,465.56,5.09,9.626,4100.0,0.134,PM2.5-1HR
945,DEU_DEBE056,2025-05-02,9.22,19.2,54.17,0,3.27,226.1,1013.76,343.06,5.08,9.612,4100.0,0.106,PM2.5-1HR
945,DEU_DEBE061,2025-05-02,10.17,20.63,44.42,0.01,3.53,230.05,1013.7,8418.27,7.4,12.86,4100.0,0.009,PM2.5-1HR
945,DEU_DEBE065,2025-05-02,13.22,20.5,44.63,0.03,3.6,229.75,1013.65,8391.58,7.88,13.532,4100.0,0.004,PM2.5-1HR
945,DEU_DEBE068,2025-05-02,12.28,20.5,44.63,0.03,3.6,229.75,1013.65,6915.53,7.78,13.392,4100.0,0.072,PM2.5-1HR
945,DEU_DEBE069,2025-05-02,12.78,20.63,44.42,0.01,3.53,230.05,1013.7,8191.19,7.88,13.532,4100.0,0.012,PM2.5-1HR
945,DEU_DEBE125,2025-05-02,12.3,20.63,44.42,0.01,3.53,230.05,1013.7,6357.97,7.78,13.392,4100.0,0.01,PM2.5-1HR
945,DEU_DEBE126,2025-05-02,12.85,20.63,44.42,0.01,3.53,230.05,1013.7,8426.55,7.78,13.392,4100.0,0.007,PM2.5-1HR
945,DEU_DEBE127,2025-05-02,13.66,20.63,44.42,0.01,3.53,230.05,1013.7,7640.61,7.95,13.63,4100.0,0.056,PM2.5-1HR
945,DEU_DEBE010,2025-05-03,9.14,15.05,64.33,0.03,2.19,291.78,1009.18,7325,6.01,10.914,4100.0,0.044,PM2.5-1HR
945,DEU_DEBE032,2025-05-03,7.24,14.58,68.88,0.03,2.08,287.18,1009.32,0,4.84,9.276,4100.0,0.861,PM2.5-1HR
945,DEU_DEBE034,2025-05-03,10.67,15.25,64.08,0.05,2.11,284.96,1009.2,8636.93,6.24,11.236,4100.0,0.331,PM2.5-1HR
945,DEU_DEBE051,2025-05-03,8.39,13.88,72.13,0.02,2.21,292.9,1009.18,465.56,3.96,8.044,4100.0,0.134,PM2.5-1HR
945,DEU_DEBE056,2025-05-03,9.54,14.94,70.5,0.1,2.08,280.68,1009.08,343.06,5.1,9.64,4100.0,0.106,PM2.5-1HR
945,DEU_DEBE061,2025-05-03,9.4,15.25,64.08,0.05,2.11,284.96,1009.2,8418.27,6.02,10.928,4100.0,0.009,PM2.5-1HR
945,DEU_DEBE065,2025-05-03,11.93,15.05,64.33,0.03,2.19,291.78,1009.18,8391.58,6.28,11.292,4100.0,0.004,PM2.5-1HR
945,DEU_DEBE068,2025-05-03,10.17,15.05,64.33,0.03,2.19,291.78,1009.18,6915.53,6.24,11.236,4100.0,0.072,PM2.5-1HR
945,DEU_DEBE069,2025-05-03,12.48,15.25,64.08,0.05,2.11,284.96,1009.2,8191.19,6.4,11.46,4100.0,0.012,PM2.5-1HR
945,DEU_DEBE125,2025-05-03,10.82,15.25,64.08,0.05,2.11,284.96,1009.2,6357.97,6.24,11.236,4100.0,0.01,PM2.5-1HR
945,DEU_DEBE126,2025-05-03,11.66,15.25,64.08,0.05,2.11,284.96,1009.2,8426.55,6.24,11.236,4100.0,0.007,PM2.5-1HR
945,DEU_DEBE127,2025-05-03,12.27,15.25,64.08,0.05,2.11,284.96,1009.2,7640.61,6.4,11.46,4100.0,0.056,PM2.5-1HR
945,DEU_DEBE010,2025-05-04,4.9,11.42,62.46,0.04,5.09,296.04,1007.99,7325,3.15,6.91,4100.0,0.044,PM2.5-1HR
945,DEU_DEBE032,2025-05-04,3.96,11.5,63.25,0.05,5.18,296.84,1008.21,0,2.46,5.944,4100.0,0.861,PM2.5-1HR
945,DEU_DEBE034,2025-05-04,5.12,11.69,60.29,0.03,5.07,296.97,1008.06,8636.93,3.3,7.12,4100.0,0.331,PM2.5-1HR
945,DEU_DEBE051,2025-05-04,4.07,10.72,67.5,0.04,5.16,295.77,1007.8,465.56,2.15,5.51,4100.0,0.134,PM2.5-1HR
945,DEU_DEBE056,2025-05-04,4.21,11.43,66.25,0.07,4.96,294.7,1007.9,343.06,2.1,5.44,4100.0,0.106,PM2.5-1HR
945,DEU_DEBE061,2025-05-04,4.72,11.69,60.29,0.03,5.07,296.97,1008.06,8418.27,3.15,6.91,4100.0,0.009,PM2.5-1HR
945,DEU_DEBE065,2025-05-04,6.25,11.42,62.46,0.04,5.09,296.04,1007.99,8391.58,3.3,7.12,4100.0,0.004,PM2.5-1HR
945,DEU_DEBE068,2025-05-04,6.09,11.42,62.46,0.04,5.09,296.04,1007.99,6915.53,3.3,7.12,4100.0,0.072,PM2.5-1HR
945,DEU_DEBE069,2025-05-04,6.19,11.69,60.29,0.03,5.07,296.97,1008.06,8191.19,3.35,7.19,4100.0,0.012,PM2.5-1HR
945,DEU_DEBE125,2025-05-04,5.8,11.69,60.29,0.03,5.07,296.97,1008.06,6357.97,3.3,7.12,4100.0,0.01,PM2.5-1HR
945,DEU_DEBE126,2025-05-04,6.17,11.69,60.29,0.03,5.07,296.97,1008.06,8426.55,3.3,7.12,4100.0,0.007,PM2.5-1HR
945,DEU_DEBE127,2025-05-04,6.24,11.69,60.29,0.03,5.07,296.97,1008.06,7640.61,3.36,7.204,4100.0,0.056,PM2.5-1HR
945,DEU_DEBE010,2025-05-05,3.71,9,56.88,0,3.07,46.05,1017.26,7325,2.96,6.644,4100.0,0.044,PM2.5-1HR
945,DEU_DEBE032,2025-05-05,2.8,9.55,55.58,0,3.06,47.04,1017.15,0,2.25,5.65,4100.0,0.861,PM2.5-1HR
945,DEU_DEBE034,2025-05-05,3.82,9.43,53.96,0,3.04,45.56,1017.16,8636.93,3.07,6.798,4100.0,0.331,PM2.5-1HR
945,DEU_DEBE051,2025-05-05,2.96,8.33,60.04,0,3.21,42.8,1017.4,465.56,2.28,5.692,4100.0,0.134,PM2.5-1HR
945,DEU_DEBE056,2025-05-05,3.01,9,61.75,0,3.05,50.13,1017.08,343.06,2.54,6.056,4100.0,0.106,PM2.5-1HR
945,DEU_DEBE061,2025-05-05,3.58,9.43,53.96,0,3.04,45.56,1017.16,8418.27,2.93,6.602,4100.0,0.009,PM2.5-1HR
945,DEU_DEBE065,2025-05-05,4.72,9,56.88,0,3.07,46.05,1017.26,8391.58,3.11,6.854,4100.0,0.004,PM2.5-1HR
945,DEU_DEBE068,2025-05-05,4.03,9,56.88,0,3.07,46.05,1017.26,6915.53,3.07,6.798,4100.0,0.072,PM2.5-1HR
945,DEU_DEBE069,2025-05-05,5.14,9.43,53.96,0,3.04,45.56,1017.16,8191.19,3.05,6.77,4100.0,0.012,PM2.5-1HR
945,DEU_DEBE125,2025-05-05,4.91,9.43,53.96,0,3.04,45.56,1017.16,6357.97,3.07,6.798,4100.0,0.01,PM2.5-1HR
945,DEU_DEBE126,2025-05-05,5.08,9.43,53.96,0,3.04,45.56,1017.16,8426.55,3.07,6.798,4100.0,0.007,PM2.5-1HR
945,DEU_DEBE127,2025-05-05,5.12,9.43,53.96,0,3.04,45.56,1017.16,7640.61,3.1,6.84,4100.0,0.056,PM2.5-1HR
945,DEU_DEBE010,2025-05-06,5.62,9.35,57.54,0,2.17,331.15,1018,7325,4.2,8.38,4100.0,0.044,PM2.5-1HR
945,DEU_DEBE032,2025-05-06,4.13,9.64,58.38,0,2.2,332,1018.09,0,3.32,7.148,4100.0,0.861,PM2.5-1HR
945,DEU_DEBE034,2025-05-06,5.77,9.75,55,0,2.21,331.6,1017.99,8636.93,4.42,8.688,4100.0,0.331,PM2.5-1HR
945,DEU_DEBE051,2025-05-06,4,8.6,61.88,0,2.13,325.03,1017.99,465.56,2.77,6.378,4100.0,0.134,PM2.5-1HR
945,DEU_DEBE056,2025-05-06,4.27,9.58,58.42,0,2.17,333.73,1017.83,343.06,3.39,7.246,4100.0,0.106,PM2.5-1HR
945,DEU_DEBE061,2025-05-06,5.53,9.75,55,0,2.21,331.6,1017.99,8418.27,4.2,8.38,4100.0,0.009,PM2.5-1HR
945,DEU_DEBE065,2025-05-06,7.13,9.35,57.54,0,2.17,331.15,1018,8391.58,4.38,8.632,4100.0,0.004,PM2.5-1HR
945,DEU_DEBE068,2025-05-06,6.47,9.35,57.54,0,2.17,331.15,1018,6915.53,4.42,8.688,4100.0,0.072,PM2.5-1HR
945,DEU_DEBE069,2025-05-06,8.15,9.75,55,0,2.21,331.6,1017.99,8191.19,4.46,8.744,4100.0,0.012,PM2.5-1HR
945,DEU_DEBE125,2025-05-06,6.99,9.75,55,0,2.21,331.6,1017.99,6357.97,4.42,8.688,4100.0,0.01,PM2.5-1HR
945,DEU_DEBE126,2025-05-06,7.09,9.75,55,0,2.21,331.6,1017.99,8426.55,4.42,8.688,4100.0,0.007,PM2.5-1HR
945,DEU_DEBE127,2025-05-06,7.45,9.75,55,0,2.21,331.6,1017.99,7640.61,4.52,8.828,4100.0,0.056,PM2.5-1HR
945,DEU_DEBE010,2025-05-07,5.38,11.25,49.88,0,3.33,55.74,1020.31,7325,3.58,7.512,4100.0,0.044,PM2.5-1HR
945,DEU_DEBE032,2025-05-07,3.85,11.63,49.38,0,3.31,55.99,1020.18,0,2.77,6.378,4100.0,0.861,PM2.5-1HR
945,DEU_DEBE034,2025-05-07,5.11,11.6,47.83,0,3.3,55.56,1020.2,8636.93,3.76,7.764,4100.0,0.331,PM2.5-1HR
945,DEU_DEBE051,2025-05-07,6.49,10.2,55.88,0,3.22,60.38,1020.5,465.56,2.43,5.902,4100.0,0.134,PM2.5-1HR
945,DEU_DEBE056,2025-05-07,4.15,10.98,53.75,0,3.3,56.14,1020.19,343.06,2.4,5.86,4100.0,0.106,PM2.5-1HR
945,DEU_DEBE061,2025-05-07,5.05,11.6,47.83,0,3.3,55.56,1020.2,8418.27,3.59,7.526,4100.0,0.009,PM2.5-1HR
945,DEU_DEBE065,2025-05-07,6.08,11.25,49.88,0,3.33,55.74,1020.31,8391.58,3.83,7.862,4100.0,0.004,PM2.5-1HR
945,DEU_DEBE068,2025-05-07,5.13,11.25,49.88,0,3.33,55.74,1020.31,6915.53,3.76,7.764,4100.0,0.072,PM2.5-1HR
945,DEU_DEBE069,2025-05-07,7.02,11.6,47.83,0,3.3,55.56,1020.2,8191.19,3.83,7.862,4100.0,0.012,PM2.5-1HR
945,DEU_DEBE125,2025-05-07,6.18,11.6,47.83,0,3.3,55.56,1020.2,6357.97,3.76,7.764,4100.0,0.01,PM2.5-1HR
945,DEU_DEBE126,2025-05-07,6.42,11.6,47.83,0,3.3,55.56,1020.2,8426.55,3.76,7.764,4100.0,0.007,PM2.5-1HR
945,DEU_DEBE127,2025-05-07,7.12,11.6,47.83,0,3.3,55.56,1020.2,7640.61,3.85,7.89,4100.0,0.056,PM2.5-1HR
945,DEU_DEBE010,2025-05-08,5.3,11.48,41.83,0,2.24,52.53,1019.76,7325,4.33,8.562,4100.0,0.044,PM2.5-1HR
945,DEU_DEBE032,2025-05-08,3.7,11.88,42.33,0,2.31,47.62,1019.69,0,3.44,7.316,4100.0,0.861,PM2.5-1HR
945,DEU_DEBE034,2025-05-08,5.37,11.94,39.21,0,2.26,57.13,1019.7,8636.93,4.52,8.828,4100.0,0.331,PM2.5-1HR
945,DEU_DEBE051,2025-05-08,4.22,10.25,52.29,0,2.21,51.7,1019.88,465.56,3.05,6.77,4100.0,0.134,PM2.5-1HR
945,DEU_DEBE056,2025-05-08,4.54,11.2,48.17,0,2.43,67.15,1019.7,343.06,3.22,7.008,4100.0,0.106,PM2.5-1HR
945,DEU_DEBE061,2025-05-08,5.36,11.94,39.21,0,2.26,57.13,1019.7,8418.27,4.33,8.562,4100.0,0.009,PM2.5-1HR
945,DEU_DEBE065,2025-05-08,6.8,11.48,41.83,0,2.24,52.53,1019.76,8391.58,4.54,8.856,4100.0,0.004,PM2.5-1HR
945,DEU_DEBE068,2025-05-08,5.5,11.48,41.83,0,2.24,52.53,1019.76,6915.53,4.52,8.828,4100.0,0.072,PM2.5-1HR
945,DEU_DEBE069,2025-05-08,7.02,11.94,39.21,0,2.26,57.13,1019.7,8191.19,4.57,8.898,4100.0,0.012,PM2.5-1HR
945,DEU_DEBE125,2025-05-08,6.57,11.94,39.21,0,2.26,57.13,1019.7,6357.97,4.52,8.828,4100.0,0.01,PM2.5-1HR
945,DEU_DEBE126,2025-05-08,7.09,11.94,39.21,0,2.26,57.13,1019.7,8426.55,4.52,8.828,4100.0,0.007,PM2.5-1HR
945,DEU_DEBE127,2025-05-08,7.1,11.94,39.21,0,2.26,57.13,1019.7,7640.61,4.6,8.94,4100.0,0.056,PM2.5-1HR
945,DEU_DEBE010,2025-05-09,6.21,13.33,41.75,0,1.42,32.14,1020.74,7325,4.56,8.884,4100.0,0.044,PM2.5-1HR
945,DEU_DEBE032,2025-05-09,4.32,13.44,44.04,0,1.52,3.69,1020.75,0,3.21,6.994,4100.0,0.861,PM2.5-1HR
945,DEU_DEBE034,2025-05-09,7.4,13.6,40.96,0,1.49,37.67,1020.72,8636.93,4.92,9.388,4100.0,0.331,PM2.5-1HR
945,DEU_DEBE051,2025-05-09,4.08,11.68,53.5,0,1.32,20.45,1020.77,465.56,2.93,6.602,4100.0,0.134,PM2.5-1HR
945,DEU_DEBE056,2025-05-09,5.85,12.49,51.17,0,1.15,6.01,1020.72,343.06,3.32,7.148,4100.0,0.106,PM2.5-1HR
945,DEU_DEBE061,2025-05-09,6.38,13.6,40.96,0,1.49,37.67,1020.72,8418.27,4.64,8.996,4100.0,0.009,PM2.5-1HR
945,DEU_DEBE065,2025-05-09,8.39,13.33,41.75,0,1.42,32.14,1020.74,8391.58,4.91,9.374,4100.0,0.004,PM2.5-1HR
945,DEU_DEBE068,2025-05-09,7.66,13.33,41.75,0,1.42,32.14,1020.74,6915.53,4.92,9.388,4100.0,0.072,PM2.5-1HR
945,DEU_DEBE069,2025-05-09,9.83,13.6,40.96,0,1.49,37.67,1020.72,8191.19,5.09,9.626,4100.0,0.012,PM2.5-1HR
945,DEU_DEBE125,2025-05-09,7.48,13.6,40.96,0,1.49,37.67,1020.72,6357.97,4.92,9.388,4100.0,0.01,PM2.5-1HR
945,DEU_DEBE126,2025-05-09,8.03,13.6,40.96,0,1.49,37.67,1020.72,8426.55,4.92,9.388,4100.0,0.007,PM2.5-1HR
945,DEU_DEBE127,2025-05-09,9.73,13.6,40.96,0,1.49,37.67,1020.72,7640.61,5.11,9.654,4100.0,0.056,PM2.5-1HR
945,DEU_DEBE010,2025-05-10,6.86,14.35,54.88,0,2.76,332.25,1020.54,7325,4.89,9.346,4100.0,0.044,PM2.5-1HR
945,DEU_DEBE032,2025-05-10,5.26,14.35,55.88,0,2.83,329.08,1020.6,0,3.79,7.806,4100.0,0.861,PM2.5-1HR
945,DEU_DEBE034,2025-05-10,6.67,14.75,52.75,0,2.77,332.66,1020.5,8636.93,5.03,9.542,4100.0,0.331,PM2.5-1HR
945,DEU_DEBE051,2025-05-10,5.33,13.25,62.58,0.01,2.83,337.47,1020.57,465.56,3.31,7.134,4100.0,0.134,PM2.5-1HR
945,DEU_DEBE056,2025-05-10,5.76,14.45,54.29,0,2.94,329.57,1020.37,343.06,3.26,7.064,4100.0,0.106,PM2.5-1HR
945,DEU_DEBE061,2025-05-10,6.57,14.75,52.75,0,2.77,332.66,1020.5,8418.27,4.87,9.318,4100.0,0.009,PM2.5-1HR
945,DEU_DEBE065,2025-05-10,7.5,14.35,54.88,0,2.76,332.25,1020.54,8391.58,5.11,9.654,4100.0,0.004,PM2.5-1HR
945,DEU_DEBE068,2025-05-10,7.13,14.35,54.88,0,2.76,332.25,1020.54,6915.53,5.03,9.542,4100.0,0.072,PM2.5-1HR
945,DEU_DEBE069,2025-05-10,8.77,14.75,52.75,0,2.77,332.66,1020.5,8191.19,5.1,9.64,4100.0,0.012,PM2.5-1HR
945,DEU_DEBE125,2025-05-10,7.88,14.75,52.75,0,2.77,332.66,1020.5,6357.97,5.03,9.542,4100.0,0.01,PM2.5-1HR
945,DEU_DEBE126,2025-05-10,8.46,14.75,52.75,0,2.77,332.66,1020.5,8426.55,5.03,9.542,4100.0,0.007,PM2.5-1HR
945,DEU_DEBE127,2025-05-10,8.36,14.75,52.75,0,2.77,332.66,1020.5,7640.61,5.09,9.626,4100.0,0.056,PM2.5-1HR
945,DEU_DEBE010,2025-05-11,7.18,12.41,52.17,0,2.75,63.99,1019.9,7325,4.85,9.29,4100.0,0.044,PM2.5-1HR
945,DEU_DEBE032,2025-05-11,5.37,13.09,50.71,0,2.71,60.76,1019.69,0,3.76,7.764,4100.0,0.861,PM2.5-1HR
945,DEU_DEBE034,2025-05-11,6.78,12.91,49.58,0,2.74,62.43,1019.78,8636.93,5.03,9.542,4100.0,0.331,PM2.5-1HR
945,DEU_DEBE051,2025-05-11,5.37,11.39,56.38,0,2.87,66.93,1020.1,465.56,3.24,7.036,4100.0,0.134,PM2.5-1HR
945,DEU_DEBE056,2025-05-11,5.51,12.48,53.29,0,2.87,60.04,1019.78,343.06,3.32,7.148,4100.0,0.106,PM2.5-1HR
945,DEU_DEBE061,2025-05-11,7.2,12.91,49.58,0,2.74,62.43,1019.78,8418.27,4.84,9.276,4100.0,0.009,PM2.5-1HR
945,DEU_DEBE065,2025-05-11,8.05,12.41,52.17,0,2.75,63.99,1019.9,8391.58,5.05,9.57,4100.0,0.004,PM2.5-1HR
945,DEU_DEBE068,2025-05-11,7.36,12.41,52.17,0,2.75,63.99,1019.9,6915.53,5.03,9.542,4100.0,0.072,PM2.5-1HR
945,DEU_DEBE069,2025-05-11,8.37,12.91,49.58,0,2.74,62.43,1019.78,8191.19,5.09,9.626,4100.0,0.012,PM2.5-1HR
945,DEU_DEBE125,2025-05-11,8.16,12.91,49.58,0,2.74,62.43,1019.78,6357.97,5.03,9.542,4100.0,0.01,PM2.5-1HR
945,DEU_DEBE126,2025-05-11,8.45,12.91,49.58,0,2.74,62.43,1019.78,8426.55,5.03,9.542,4100.0,0.007,PM2.5-1HR
945,DEU_DEBE127,2025-05-11,8.43,12.91,49.58,0,2.74,62.43,1019.78,7640.61,5.08,9.612,4100.0,0.056,PM2.5-1HR
945,DEU_DEBE010,2025-05-12,8.15,12.47,43.21,0,2.74,65.53,1018.61,7325,5.69,10.466,4100.0,0.044,PM2.5-1HR
945,DEU_DEBE032,2025-05-12,5.98,13.04,42.33,0,2.59,64.92,1018.38,0,4.74,9.136,4100.0,0.861,PM2.5-1HR
945,DEU_DEBE034,2025-05-12,7.99,12.98,41.21,0,2.69,68.8,1018.45,8636.93,5.87,10.718,4100.0,0.331,PM2.5-1HR
945,DEU_DEBE051,2025-05-12,6.26,11.13,51,0,2.63,79.41,1018.87,465.56,4.51,8.814,4100.0,0.134,PM2.5-1HR
945,DEU_DEBE056,2025-05-12,6.25,12.36,46.46,0,2.8,72.7,1018.52,343.06,4.82,9.248,4100.0,0.106,PM2.5-1HR
945,DEU_DEBE061,2025-05-12,7.96,12.98,41.21,0,2.69,68.8,1018.45,8418.27,5.63,10.382,4100.0,0.009,PM2.5-1HR
945,DEU_DEBE065,2025-05-12,9.43,12.47,43.21,0,2.74,65.53,1018.61,8391.58,5.88,10.732,4100.0,0.004,PM2.5-1HR
945,DEU_DEBE068,2025-05-12,8.53,12.47,43.21,0,2.74,65.53,1018.61,6915.53,5.87,10.718,4100.0,0.072,PM2.5-1HR
945,DEU_DEBE069,2025-05-12,9.31,12.98,41.21,0,2.69,68.8,1018.45,8191.19,5.87,10.718,4100.0,0.012,PM2.5-1HR
945,DEU_DEBE125,2025-05-12,9.33,12.98,41.21,0,2.69,68.8,1018.45,6357.97,5.87,10.718,4100.0,0.01,PM2.5-1HR
945,DEU_DEBE126,2025-05-12,9.45,12.98,41.21,0,2.69,68.8,1018.45,8426.55,5.87,10.718,4100.0,0.007,PM2.5-1HR
945,DEU_DEBE127,2025-05-12,9.91,12.98,41.21,0,2.69,68.8,1018.45,7640.61,5.94,10.816,4100.0,0.056,PM2.5-1HR
945,DEU_DEBE010,2025-05-13,8.31,14.52,42.67,0,1.54,49.24,1020.18,7325,6.66,11.824,4100.0,0.044,PM2.5-1HR
945,DEU_DEBE032,2025-05-13,6.06,14.76,42.33,0,1.87,29.14,1020.13,0,5.68,10.452,4100.0,0.861,PM2.5-1HR
945,DEU_DEBE034,2025-05-13,9.65,14.9,40.04,0,1.61,49.46,1020.13,8636.93,6.87,12.118,4100.0,0.331,PM2.5-1HR
945,DEU_DEBE051,2025-05-13,5.72,13.1,54.04,0,1.39,46.26,1020.26,465.56,4.37,8.618,4100.0,0.134,PM2.5-1HR
945,DEU_DEBE056,2025-05-13,6.5,14.02,46.71,0,1.55,38.47,1020.11,343.06,4.69,9.066,4100.0,0.106,PM2.5-1HR
945,DEU_DEBE061,2025-05-13,8.47,14.9,40.04,0,1.61,49.46,1020.13,8418.27,6.66,11.824,4100.0,0.009,PM2.5-1HR
945,DEU_DEBE065,2025-05-13,10.73,14.52,42.67,0,1.54,49.24,1020.18,8391.58,6.82,12.048,4100.0,0.004,PM2.5-1HR
945,DEU_DEBE068,2025-05-13,9.41,14.52,42.67,0,1.54,49.24,1020.18,6915.53,6.87,12.118,4100.0,0.072,PM2.5-1HR
945,DEU_DEBE069,2025-05-13,10.66,14.9,40.04,0,1.61,49.46,1020.13,8191.19,6.99,12.286,4100.0,0.012,PM2.5-1HR
945,DEU_DEBE125,2025-05-13,9.53,14.9,40.04,0,1.61,49.46,1020.13,6357.97,6.87,12.118,4100.0,0.01,PM2.5-1HR
945,DEU_DEBE126,2025-05-13,9.89,14.9,40.04,0,1.61,49.46,1020.13,8426.55,6.87,12.118,4100.0,0.007,PM2.5-1HR
945,DEU_DEBE127,2025-05-13,10.72,14.9,40.04,0,1.61,49.46,1020.13,7640.61,6.98,12.272,4100.0,0.056,PM2.5-1HR
945,DEU_DEBE010,2025-05-14,8.42,16.7,47,0,3.51,295.73,1013.83,7325,6.27,11.278,4100.0,0.044,PM2.5-1HR
945,DEU_DEBE032,2025-05-14,6.15,16.37,50.13,0,3.54,295.34,1014.05,0,4.51,8.814,4100.0,0.861,PM2.5-1HR
945,DEU_DEBE034,2025-05-14,8.63,17.01,46.04,0,3.53,296.51,1013.87,8636.93,6.52,11.628,4100.0,0.331,PM2.5-1HR
945,DEU_DEBE051,2025-05-14,6.73,15.26,55.83,0,3.59,294.42,1013.76,465.56,4.35,8.59,4100.0,0.134,PM2.5-1HR
945,DEU_DEBE056,2025-05-14,7.4,16.67,47.38,0,3.63,292.12,1013.65,343.06,3.93,8.002,4100.0,0.106,PM2.5-1HR
945,DEU_DEBE061,2025-05-14,7.86,17.01,46.04,0,3.53,296.51,1013.87,8418.27,6.18,11.152,4100.0,0.009,PM2.5-1HR
945,DEU_DEBE065,2025-05-14,10.07,16.7,47,0,3.51,295.73,1013.83,8391.58,6.57,11.698,4100.0,0.004,PM2.5-1HR
945,DEU_DEBE068,2025-05-14,9.23,16.7,47,0,3.51,295.73,1013.83,6915.53,6.52,11.628,4100.0,0.072,PM2.5-1HR
945,DEU_DEBE069,2025-05-14,10.89,17.01,46.04,0,3.53,296.51,1013.87,8191.19,6.6,11.74,4100.0,0.012,PM2.5-1HR
945,DEU_DEBE125,2025-05-14,9.68,17.01,46.04,0,3.53,296.51,1013.87,6357.97,6.52,11.628,4100.0,0.01,PM2.5-1HR
945,DEU_DEBE126,2025-05-14,9.8,17.01,46.04,0,3.53,296.51,1013.87,8426.55,6.52,11.628,4100.0,0.007,PM2.5-1HR
945,DEU_DEBE127,2025-05-14,10.15,17.01,46.04,0,3.53,296.51,1013.87,7640.61,6.65,11.81,4100.0,0.056,PM2.5-1HR
945,DEU_DEBE010,2025-05-15,5.54,12,54.21,0.03,4.76,351.99,1014.38,7325,4.29,8.506,4100.0,0.044,PM2.5-1HR
945,DEU_DEBE032,2025-05-15,4.28,12.33,54.79,0.02,4.73,347.28,1014.53,0,3.46,7.344,4100.0,0.861,PM2.5-1HR
945,DEU_DEBE034,2025-05-15,5.99,12.35,52,0.03,4.7,352.17,1014.35,8636.93,4.46,8.744,4100.0,0.331,PM2.5-1HR
945,DEU_DEBE051,2025-05-15,5.02,11.18,59.38,0.03,4.76,352.16,1014.47,465.56,2.61,6.154,4100.0,0.134,PM2.5-1HR
945,DEU_DEBE056,2025-05-15,4.35,11.8,55.96,0.06,5.02,352.17,1014.05,343.06,2.56,6.084,4100.0,0.106,PM2.5-1HR
945,DEU_DEBE061,2025-05-15,5.31,12.35,52,0.03,4.7,352.17,1014.35,8418.27,4.32,8.548,4100.0,0.009,PM2.5-1HR
945,DEU_DEBE065,2025-05-15,6.21,12,54.21,0.03,4.76,351.99,1014.38,8391.58,4.45,8.73,4100.0,0.004,PM2.5-1HR
945,DEU_DEBE068,2025-05-15,5.98,12,54.21,0.03,4.76,351.99,1014.38,6915.53,4.46,8.744,4100.0,0.072,PM2.5-1HR
945,DEU_DEBE069,2025-05-15,7.27,12.35,52,0.03,4.7,352.17,1014.35,8191.19,4.6,8.94,4100.0,0.012,PM2.5-1HR
945,DEU_DEBE125,2025-05-15,6.86,12.35,52,0.03,4.7,352.17,1014.35,6357.97,4.46,8.744,4100.0,0.01,PM2.5-1HR
945,DEU_DEBE126,2025-05-15,6.73,12.35,52,0.03,4.7,352.17,1014.35,8426.55,4.46,8.744,4100.0,0.007,PM2.5-1HR
945,DEU_DEBE127,2025-05-15,6.77,12.35,52,0.03,4.7,352.17,1014.35,7640.61,4.55,8.87,4100.0,0.056,PM2.5-1HR
945,DEU_DEBE010,2025-05-16,6.37,11.98,62.29,0.07,3.52,319.92,1015.5,7325,5.53,10.242,4100.0,0.044,PM2.5-1HR
945,DEU_DEBE032,2025-05-16,5.06,11.74,65.79,0.07,3.57,317.84,1015.74,0,4.44,8.716,4100.0,0.861,PM2.5-1HR
945,DEU_DEBE034,2025-05-16,7.16,12.1,61.13,0.04,3.49,320.44,1015.56,8636.93,5.81,10.634,4100.0,0.331,PM2.5-1HR
945,DEU_DEBE051,2025-05-16,5.63,11.58,63.88,0.04,3.9,324.39,1015.41,465.56,4.28,8.492,4100.0,0.134,PM2.5-1HR
945,DEU_DEBE056,2025-05-16,5.44,12.08,61.46,0.15,3.87,320.48,1015.26,343.06,4.32,8.548,4100.0,0.106,PM2.5-1HR
945,DEU_DEBE061,2025-05-16,6.47,12.1,61.13,0.04,3.49,320.44,1015.56,8418.27,5.56,10.284,4100.0,0.009,PM2.5-1HR
945,DEU_DEBE065,2025-05-16,8.2,11.98,62.29,0.07,3.52,319.92,1015.5,8391.58,5.79,10.606,4100.0,0.004,PM2.5-1HR
945,DEU_DEBE068,2025-05-16,7.95,11.98,62.29,0.07,3.52,319.92,1015.5,6915.53,5.81,10.634,4100.0,0.072,PM2.5-1HR
945,DEU_DEBE069,2025-05-16,9.11,12.1,61.13,0.04,3.49,320.44,1015.56,8191.19,5.85,10.69,4100.0,0.012,PM2.5-1HR
945,DEU_DEBE125,2025-05-16,8.04,12.1,61.13,0.04,3.49,320.44,1015.56,6357.97,5.81,10.634,4100.0,0.01,PM2.5-1HR
945,DEU_DEBE126,2025-05-16,8.44,12.1,61.13,0.04,3.49,320.44,1015.56,8426.55,5.81,10.634,4100.0,0.007,PM2.5-1HR
945,DEU_DEBE127,2025-05-16,8.67,12.1,61.13,0.04,3.49,320.44,1015.56,7640.61,5.89,10.746,4100.0,0.056,PM2.5-1HR
945,DEU_DEBE010,2025-05-17,5.13,11.09,67,0.07,3.87,318.3,1012.36,7325,3.49,7.386,4100.0,0.044,PM2.5-1HR
945,DEU_DEBE032,2025-05-17,4.21,11.3,67.58,0.07,3.87,317.17,1012.6,0,2.3,5.72,4100.0,0.861,PM2.5-1HR
945,DEU_DEBE034,2025-05-17,5.72,11.38,65.29,0.07,3.83,317.14,1012.4,8636.93,3.7,7.68,4100.0,0.331,PM2.5-1HR
945,DEU_DEBE051,2025-05-17,4.37,10.71,68,0.03,4.04,323.14,1012.26,465.56,2.01,5.314,4100.0,0.134,PM2.5-1HR
945,DEU_DEBE056,2025-05-17,4.96,11.21,66.33,0.07,4.09,315.44,1012.08,343.06,2.01,5.314,4100.0,0.106,PM2.5-1HR
945,DEU_DEBE061,2025-05-17,5.32,11.38,65.29,0.07,3.83,317.14,1012.4,8418.27,3.57,7.498,4100.0,0.009,PM2.5-1HR
945,DEU_DEBE065,2025-05-17,6.63,11.09,67,0.07,3.87,318.3,1012.36,8391.58,3.74,7.736,4100.0,0.004,PM2.5-1HR
945,DEU_DEBE068,2025-05-17,6.16,11.09,67,0.07,3.87,318.3,1012.36,6915.53,3.7,7.68,4100.0,0.072,PM2.5-1HR
945,DEU_DEBE069,2025-05-17,7.17,11.38,65.29,0.07,3.83,317.14,1012.4,8191.19,3.93,8.002,4100.0,0.012,PM2.5-1HR
945,DEU_DEBE125,2025-05-17,6.47,11.38,65.29,0.07,3.83,317.14,1012.4,6357.97,3.7,7.68,4100.0,0.01,PM2.5-1HR
945,DEU_DEBE126,2025-05-17,7.55,11.38,65.29,0.07,3.83,317.14,1012.4,8426.55,3.7,7.68,4100.0,0.007,PM2.5-1HR
945,DEU_DEBE127,2025-05-17,6.79,11.38,65.29,0.07,3.83,317.14,1012.4,7640.61,3.85,7.89,4100.0,0.056,PM2.5-1HR
945,DEU_DEBE010,2025-05-18,4.96,10.4,75.04,0.1,3.74,316.75,1012.35,7325,3.91,7.974,4100.0,0.044,PM2.5-1HR
945,DEU_DEBE032,2025-05-18,4.11,10.64,74.46,0.02,3.77,317.02,1012.57,0,2.63,6.182,4100.0,0.861,PM2.5-1HR
945,DEU_DEBE034,2025-05-18,5.38,10.56,74,0.04,3.64,316.05,1012.4,8636.93,4.06,8.184,4100.0,0.331,PM2.5-1HR
945,DEU_DEBE051,2025-05-18,4.39,10.19,76.92,0.08,4.01,321.57,1012.25,465.56,2.74,6.336,4100.0,0.134,PM2.5-1HR
945,DEU_DEBE056,2025-05-18,4.24,10.34,76.75,0.1,3.83,316.7,1012.12,343.06,2.67,6.238,4100.0,0.106,PM2.5-1HR
945,DEU_DEBE061,2025-05-18,4.9,10.56,74,0.04,3.64,316.05,1012.4,8418.27,3.86,7.904,4100.0,0.009,PM2.5-1HR
945,DEU_DEBE065,2025-05-18,6.29,10.4,75.04,0.1,3.74,316.75,1012.35,8391.58,4.18,8.352,4100.0,0.004,PM2.5-1HR
945,DEU_DEBE068,2025-05-18,6.67,10.4,75.04,0.1,3.74,316.75,1012.35,6915.53,4.06,8.184,4100.0,0.072,PM2.5-1HR
945,DEU_DEBE069,2025-05-18,6.66,10.56,74,0.04,3.64,316.05,1012.4,8191.19,4.16,8.324,4100.0,0.012,PM2.5-1HR
945,DEU_DEBE125,2025-05-18,5.98,10.56,74,0.04,3.64,316.05,1012.4,6357.97,4.06,8.184,4100.0,0.01,PM2.5-1HR
945,DEU_DEBE126,2025-05-18,7,10.56,74,0.04,3.64,316.05,1012.4,8426.55,4.06,8.184,4100.0,0.007,PM2.5-1HR
945,DEU_DEBE127,2025-05-18,6.63,10.56,74,0.04,3.64,316.05,1012.4,7640.61,4.18,8.352,4100.0,0.056,PM2.5-1HR
945,DEU_DEBE010,2025-05-19,7.45,12.47,79.83,0.03,3.73,326.65,1016.8,7325,4.27,8.478,4100.0,0.044,PM2.5-1HR
945,DEU_DEBE032,2025-05-19,5.76,12.63,78.88,0.01,3.72,326.5,1016.99,0,3.95,8.03,4100.0,0.861,PM2.5-1HR
945,DEU_DEBE034,2025-05-19,8.13,12.59,79.25,0.03,3.68,326.42,1016.83,8636.93,4.38,8.632,4100.0,0.331,PM2.5-1HR
945,DEU_DEBE051,2025-05-19,6.44,12.13,80.92,0.01,3.92,328.97,1016.74,465.56,3.57,7.498,4100.0,0.134,PM2.5-1HR
945,DEU_DEBE056,2025-05-19,6.38,12.45,79.83,0.03,3.94,324.75,1016.56,343.06,3.24,7.036,4100.0,0.106,PM2.5-1HR
945,DEU_DEBE061,2025-05-19,7.48,12.59,79.25,0.03,3.68,326.42,1016.83,8418.27,4.32,8.548,4100.0,0.009,PM2.5-1HR
945,DEU_DEBE065,2025-05-19,8.98,12.47,79.83,0.03,3.73,326.65,1016.8,8391.58,4.4,8.66,4100.0,0.004,PM2.5-1HR
945,DEU_DEBE068,2025-05-19,7.9,12.47,79.83,0.03,3.73,326.65,1016.8,6915.53,4.38,8.632,4100.0,0.072,PM2.5-1HR
945,DEU_DEBE069,2025-05-19,9.98,12.59,79.25,0.03,3.68,326.42,1016.83,8191.19,4.38,8.632,4100.0,0.012,PM2.5-1HR
945,DEU_DEBE125,2025-05-19,8.97,12.59,79.25,0.03,3.68,326.42,1016.83,6357.97,4.38,8.632,4100.0,0.01,PM2.5-1HR
945,DEU_DEBE126,2025-05-19,9.93,12.59,79.25,0.03,3.68,326.42,1016.83,8426.55,4.38,8.632,4100.0,0.007,PM2.5-1HR
945,DEU_DEBE127,2025-05-19,9.3,12.59,79.25,0.03,3.68,326.42,1016.83,7640.61,4.42,8.688,4100.0,0.056,PM2.5-1HR
945,DEU_DEBE010,2025-05-20,9.77,16.21,65.29,0,2.02,269.17,1016.27,7325,7.42,12.888,4100.0,0.044,PM2.5-1HR
945,DEU_DEBE032,2025-05-20,6.83,16.02,66.33,0,1.94,271.78,1016.39,0,6.04,10.956,4100.0,0.861,PM2.5-1HR
945,DEU_DEBE034,2025-05-20,11.25,16.34,65.42,0,1.92,275.43,1016.34,8636.93,7.66,13.224,4100.0,0.331,PM2.5-1HR
945,DEU_DEBE051,2025-05-20,8.5,15.65,66.58,0,2.24,268.37,1016.12,465.56,4.41,8.674,4100.0,0.134,PM2.5-1HR
945,DEU_DEBE056,2025-05-20,9.31,16.27,65.58,0,2.02,277.65,1016.28,343.06,5.05,9.57,4100.0,0.106,PM2.5-1HR
945,DEU_DEBE061,2025-05-20,9.48,16.34,65.42,0,1.92,275.43,1016.34,8418.27,7.38,12.832,4100.0,0.009,PM2.5-1HR
945,DEU_DEBE065,2025-05-20,13.58,16.21,65.29,0,2.02,269.17,1016.27,8391.58,7.67,13.238,4100.0,0.004,PM2.5-1HR
945,DEU_DEBE068,2025-05-20,10.86,16.21,65.29,0,2.02,269.17,1016.27,6915.53,7.66,13.224,4100.0,0.072,PM2.5-1HR
945,DEU_DEBE069,2025-05-20,12.45,16.34,65.42,0,1.92,275.43,1016.34,8191.19,7.76,13.364,4100.0,0.012,PM2.5-1HR
945,DEU_DEBE125,2025-05-20,11.6,16.34,65.42,0,1.92,275.43,1016.34,6357.97,7.66,13.224,4100.0,0.01,PM2.5-1HR
945,DEU_DEBE126,2025-05-20,11.53,16.34,65.42,0,1.92,275.43,1016.34,8426.55,7.66,13.224,4100.0,0.007,PM2.5-1HR
945,DEU_DEBE127,2025-05-20,12.36,16.34,65.42,0,1.92,275.43,1016.34,7640.61,7.79,13.406,4100.0,0.056,PM2.5-1HR
945,DEU_DEBE010,2025-05-21,8.6,16.99,50.08,0,3.64,267.67,1009.71,7325,6.74,11.936,4100.0,0.044,PM2.5-1HR
945,DEU_DEBE032,2025-05-21,6.76,16.91,49.71,0,3.76,268.45,1009.9,0,5.51,10.214,4100.0,0.861,PM2.5-1HR
945,DEU_DEBE034,2025-05-21,8.89,17.37,47.08,0,3.72,267.32,1009.78,8636.93,6.98,12.272,4100.0,0.331,PM2.5-1HR
945,DEU_DEBE051,2025-05-21,7.71,16.15,53.25,0,3.78,265.99,1009.52,465.56,5.54,10.256,4100.0,0.134,PM2.5-1HR
945,DEU_DEBE056,2025-05-21,7.48,17.15,50.29,0,3.71,255,1009.72,343.06,4.37,8.618,4100.0,0.106,PM2.5-1HR
945,DEU_DEBE061,2025-05-21,8.51,17.37,47.08,0,3.72,267.32,1009.78,8418.27,6.67,11.838,4100.0,0.009,PM2.5-1HR
945,DEU_DEBE065,2025-05-21,10.44,16.99,50.08,0,3.64,267.67,1009.71,8391.58,6.98,12.272,4100.0,0.004,PM2.5-1HR
945,DEU_DEBE068,2025-05-21,8.79,16.99,50.08,0,3.64,267.67,1009.71,6915.53,6.98,12.272,4100.0,0.072,PM2.5-1HR
945,DEU_DEBE069,2025-05-21,10.79,17.37,47.08,0,3.72,267.32,1009.78,8191.19,7,12.3,4100.0,0.012,PM2.5-1HR
945,DEU_DEBE125,2025-05-21,9.98,17.37,47.08,0,3.72,267.32,1009.78,6357.97,6.98,12.272,4100.0,0.01,PM2.5-1HR
945,DEU_DEBE126,2025-05-21,9.55,17.37,47.08,0,3.72,267.32,1009.78,8426.55,6.98,12.272,4100.0,0.007,PM2.5-1HR
945,DEU_DEBE127,2025-05-21,10.72,17.37,47.08,0,3.72,267.32,1009.78,7640.61,7.06,12.384,4100.0,0.056,PM2.5-1HR
945,DEU_DEBE010,2025-05-22,7.5,11.85,51.63,0.01,4.8,279.19,1008.88,7325,3.38,7.232,4100.0,0.044,PM2.5-1HR
945,DEU_DEBE032,2025-05-22,5.94,11.91,53.04,0.01,4.81,280.39,1009.11,0,1.98,5.272,4100.0,0.861,PM2.5-1HR
945,DEU_DEBE034,2025-05-22,7.59,12.15,50.5,0,4.72,280.99,1008.98,8636.93,3.63,7.582,4100.0,0.331,PM2.5-1HR
945,DEU_DEBE051,2025-05-22,6.19,11.19,54.83,0.01,5.01,274.39,1008.67,465.56,2.13,5.482,4100.0,0.134,PM2.5-1HR
945,DEU_DEBE056,2025-05-22,6.49,12.45,50.46,0.01,4.73,280.97,1008.81,343.06,2.27,5.678,4100.0,0.106,PM2.5-1HR
945,DEU_DEBE061,2025-05-22,7.47,12.15,50.5,0,4.72,280.99,1008.98,8418.27,3.3,7.12,4100.0,0.009,PM2.5-1HR
945,DEU_DEBE065,2025-05-22,9.3,11.85,51.63,0.01,4.8,279.19,1008.88,8391.58,3.72,7.708,4100.0,0.004,PM2.5-1HR
945,DEU_DEBE068,2025-05-22,8.09,11.85,51.63,0.01,4.8,279.19,1008.88,6915.53,3.63,7.582,4100.0,0.072,PM2.5-1HR
945,DEU_DEBE069,2025-05-22,9.83,12.15,50.5,0,4.72,280.99,1008.98,8191.19,3.6,7.54,4100.0,0.012,PM2.5-1HR
945,DEU_DEBE125,2025-05-22,9.04,12.15,50.5,0,4.72,280.99,1008.98,6357.97,3.63,7.582,4100.0,0.01,PM2.5-1HR
945,DEU_DEBE126,2025-05-22,8.8,12.15,50.5,0,4.72,280.99,1008.98,8426.55,3.63,7.582,4100.0,0.007,PM2.5-1HR
945,DEU_DEBE127,2025-05-22,8.7,12.15,50.5,0,4.72,280.99,1008.98,7640.61,3.76,7.764,4100.0,0.056,PM2.5-1HR
945,DEU_DEBE010,2025-05-23,4.27,9.1,64.17,0.09,3.47,249.4,1013.24,7325,3.35,7.19,4100.0,0.044,PM2.5-1HR
945,DEU_DEBE032,2025-05-23,3.25,8.97,66.75,0.06,3.56,248.58,1013.39,0,2.22,5.608,4100.0,0.861,PM2.5-1HR
945,DEU_DEBE034,2025-05-23,5.27,9.25,61.63,0.05,3.48,249.34,1013.35,8636.93,3.62,7.568,4100.0,0.331,PM2.5-1HR
945,DEU_DEBE051,2025-05-23,3.63,8.5,66.71,0.05,3.76,247.87,1013.06,465.56,2.08,5.412,4100.0,0.134,PM2.5-1HR
945,DEU_DEBE056,2025-05-23,3.27,9.32,63.63,0.06,3.54,249.08,1013.38,343.06,2.14,5.496,4100.0,0.106,PM2.5-1HR
945,DEU_DEBE061,2025-05-23,4.05,9.25,61.63,0.05,3.48,249.34,1013.35,8418.27,3.35,7.19,4100.0,0.009,PM2.5-1HR
945,DEU_DEBE065,2025-05-23,6.28,9.1,64.17,0.09,3.47,249.4,1013.24,8391.58,3.62,7.568,4100.0,0.004,PM2.5-1HR
945,DEU_DEBE068,2025-05-23,4.55,9.1,64.17,0.09,3.47,249.4,1013.24,6915.53,3.62,7.568,4100.0,0.072,PM2.5-1HR
945,DEU_DEBE069,2025-05-23,6.62,9.25,61.63,0.05,3.48,249.34,1013.35,8191.19,3.65,7.61,4100.0,0.012,PM2.5-1HR
945,DEU_DEBE125,2025-05-23,5.74,9.25,61.63,0.05,3.48,249.34,1013.35,6357.97,3.62,7.568,4100.0,0.01,PM2.5-1HR
945,DEU_DEBE126,2025-05-23,5.69,9.25,61.63,0.05,3.48,249.34,1013.35,8426.55,3.62,7.568,4100.0,0.007,PM2.5-1HR
945,DEU_DEBE127,2025-05-23,6.27,9.25,61.63,0.05,3.48,249.34,1013.35,7640.61,3.76,7.764,4100.0,0.056,PM2.5-1HR
945,DEU_DEBE010,2025-05-24,5.89,11.88,58.96,0,3.13,239.25,1015.68,7325,4.71,9.094,4100.0,0.044,PM2.5-1HR
945,DEU_DEBE032,2025-05-24,4.59,11.77,61.67,0.01,3.12,239.06,1015.73,0,3.51,7.414,4100.0,0.861,PM2.5-1HR
945,DEU_DEBE034,2025-05-24,6.99,12.11,56.88,0.01,3.11,237.83,1015.75,8636.93,4.89,9.346,4100.0,0.331,PM2.5-1HR
945,DEU_DEBE051,2025-05-24,4.78,11.17,62,0.01,3.34,234.65,1015.54,465.56,3.65,7.61,4100.0,0.134,PM2.5-1HR
945,DEU_DEBE056,2025-05-24,4.87,11.72,59.58,0.01,3.21,234.04,1015.9,343.06,3.21,6.994,4100.0,0.106,PM2.5-1HR
945,DEU_DEBE061,2025-05-24,5.88,12.11,56.88,0.01,3.11,237.83,1015.75,8418.27,4.58,8.912,4100.0,0.009,PM2.5-1HR
945,DEU_DEBE065,2025-05-24,8.43,11.88,58.96,0,3.13,239.25,1015.68,8391.58,4.96,9.444,4100.0,0.004,PM2.5-1HR
945,DEU_DEBE068,2025-05-24,6.83,11.88,58.96,0,3.13,239.25,1015.68,6915.53,4.89,9.346,4100.0,0.072,PM2.5-1HR
945,DEU_DEBE069,2025-05-24,7.68,12.11,56.88,0.01,3.11,237.83,1015.75,8191.19,4.85,9.29,4100.0,0.012,PM2.5-1HR
945,DEU_DEBE125,2025-05-24,7.42,12.11,56.88,0.01,3.11,237.83,1015.75,6357.97,4.89,9.346,4100.0,0.01,PM2.5-1HR
945,DEU_DEBE126,2025-05-24,7.66,12.11,56.88,0.01,3.11,237.83,1015.75,8426.55,4.89,9.346,4100.0,0.007,PM2.5-1HR
945,DEU_DEBE127,2025-05-24,7.73,12.11,56.88,0.01,3.11,237.83,1015.75,7640.61,5.01,9.514,4100.0,0.056,PM2.5-1HR
945,DEU_DEBE010,2025-05-25,8.47,14.11,71.79,0.13,3.71,200.57,1011.37,7325,5.86,10.704,4100.0,0.044,PM2.5-1HR
945,DEU_DEBE032,2025-05-25,6,13.78,76.83,0.18,3.74,198.61,1011.35,0,4.53,8.842,4100.0,0.861,PM2.5-1HR
945,DEU_DEBE034,2025-05-25,9.38,14.15,71.71,0.12,3.69,200.46,1011.46,8636.93,6.09,11.026,4100.0,0.331,PM2.5-1HR
945,DEU_DEBE051,2025-05-25,6.76,13.71,74.42,0.1,3.96,197.81,1011.2,465.56,4.25,8.45,4100.0,0.134,PM2.5-1HR
945,DEU_DEBE056,2025-05-25,6.58,13.8,74,0.12,3.6,195.61,1011.74,343.06,3.42,7.288,4100.0,0.106,PM2.5-1HR
945,DEU_DEBE061,2025-05-25,7.98,14.15,71.71,0.12,3.69,200.46,1011.46,8418.27,5.71,10.494,4100.0,0.009,PM2.5-1HR
945,DEU_DEBE065,2025-05-25,10.5,14.11,71.79,0.13,3.71,200.57,1011.37,8391.58,6.1,11.04,4100.0,0.004,PM2.5-1HR
945,DEU_DEBE068,2025-05-25,8.39,14.11,71.79,0.13,3.71,200.57,1011.37,6915.53,6.09,11.026,4100.0,0.072,PM2.5-1HR
945,DEU_DEBE069,2025-05-25,9.66,14.15,71.71,0.12,3.69,200.46,1011.46,8191.19,6.05,10.97,4100.0,0.012,PM2.5-1HR
945,DEU_DEBE125,2025-05-25,9.1,14.15,71.71,0.12,3.69,200.46,1011.46,6357.97,6.09,11.026,4100.0,0.01,PM2.5-1HR
945,DEU_DEBE126,2025-05-25,10.35,14.15,71.71,0.12,3.69,200.46,1011.46,8426.55,6.09,11.026,4100.0,0.007,PM2.5-1HR
945,DEU_DEBE127,2025-05-25,10.14,14.15,71.71,0.12,3.69,200.46,1011.46,7640.61,6.2,11.18,4100.0,0.056,PM2.5-1HR
945,DEU_DEBE010,2025-05-26,6.96,15.39,70.04,0,3.1,282.78,1013.85,7325,5.78,10.592,4100.0,0.044,PM2.5-1HR
945,DEU_DEBE032,2025-05-26,6.1,15.23,71.71,0.06,3.15,281.7,1013.99,0,4.62,8.968,4100.0,0.861,PM2.5-1HR
945,DEU_DEBE034,2025-05-26,8.3,15.47,70.13,0.06,3.13,281.74,1013.92,8636.93,6,10.9,4100.0,0.331,PM2.5-1HR
945,DEU_DEBE051,2025-05-26,6.81,14.99,71.13,0.02,3.18,281.74,1013.73,465.56,4.05,8.17,4100.0,0.134,PM2.5-1HR
945,DEU_DEBE056,2025-05-26,6.93,15.38,70.79,0.11,3.12,281.82,1013.82,343.06,3.95,8.03,4100.0,0.106,PM2.5-1HR
945,DEU_DEBE061,2025-05-26,7.77,15.47,70.13,0.06,3.13,281.74,1013.92,8418.27,5.76,10.564,4100.0,0.009,PM2.5-1HR
945,DEU_DEBE065,2025-05-26,9.49,15.39,70.04,0,3.1,282.78,1013.85,8391.58,6.03,10.942,4100.0,0.004,PM2.5-1HR
945,DEU_DEBE068,2025-05-26,7.43,15.39,70.04,0,3.1,282.78,1013.85,6915.53,6,10.9,4100.0,0.072,PM2.5-1HR
945,DEU_DEBE069,2025-05-26,10.68,15.47,70.13,0.06,3.13,281.74,1013.92,8191.19,6.06,10.984,4100.0,0.012,PM2.5-1HR
945,DEU_DEBE125,2025-05-26,8.99,15.47,70.13,0.06,3.13,281.74,1013.92,6357.97,6,10.9,4100.0,0.01,PM2.5-1HR
945,DEU_DEBE126,2025-05-26,10.05,15.47,70.13,0.06,3.13,281.74,1013.92,8426.55,6,10.9,4100.0,0.007,PM2.5-1HR
945,DEU_DEBE127,2025-05-26,10.18,15.47,70.13,0.06,3.13,281.74,1013.92,7640.61,6.12,11.068,4100.0,0.056,PM2.5-1HR
945,DEU_DEBE010,2025-05-27,9.17,15.78,63.54,0,3.3,218.08,1016.93,7325,7.45,12.93,4100.0,0.044,PM2.5-1HR
945,DEU_DEBE032,2025-05-27,6.34,15.56,65.33,0,3.19,216.54,1016.95,0,5.84,10.676,4100.0,0.861,PM2.5-1HR
945,DEU_DEBE034,2025-05-27,10.15,15.81,63.17,0,3.33,218.67,1016.99,8636.93,7.63,13.182,4100.0,0.331,PM2.5-1HR
945,DEU_DEBE051,2025-05-27,6.9,15.15,66.29,0,3.56,215.69,1016.79,465.56,5.29,9.906,4100.0,0.134,PM2.5-1HR
945,DEU_DEBE056,2025-05-27,7.44,15.91,62.92,0,3.3,224.77,1017.14,343.06,5.19,9.766,4100.0,0.106,PM2.5-1HR
945,DEU_DEBE061,2025-05-27,9.04,15.81,63.17,0,3.33,218.67,1016.99,8418.27,7.3,12.72,4100.0,0.009,PM2.5-1HR
945,DEU_DEBE065,2025-05-27,11.16,15.78,63.54,0,3.3,218.08,1016.93,8391.58,7.74,13.336,4100.0,0.004,PM2.5-1HR
945,DEU_DEBE068,2025-05-27,9.54,15.78,63.54,0,3.3,218.08,1016.93,6915.53,7.63,13.182,4100.0,0.072,PM2.5-1HR
945,DEU_DEBE069,2025-05-27,11.78,15.81,63.17,0,3.33,218.67,1016.99,8191.19,7.63,13.182,4100.0,0.012,PM2.5-1HR
945,DEU_DEBE125,2025-05-27,10.77,15.81,63.17,0,3.33,218.67,1016.99,6357.97,7.63,13.182,4100.0,0.01,PM2.5-1HR
945,DEU_DEBE126,2025-05-27,10.72,15.81,63.17,0,3.33,218.67,1016.99,8426.55,7.63,13.182,4100.0,0.007,PM2.5-1HR
945,DEU_DEBE127,2025-05-27,11.27,15.81,63.17,0,3.33,218.67,1016.99,7640.61,7.72,13.308,4100.0,0.056,PM2.5-1HR
945,DEU_DEBE127,2025-05-28,7.44,16.22,76.42,0.24,4.5,244.17,1011.15,7640.61,4.26,8.464,4100.0,0.056,PM2.5-1HR
945,DEU_DEBE010,2025-05-28,5.14,16.2,75.92,0.19,4.49,244.09,1011.02,7325,3.9,7.96,4100.0,0.044,PM2.5-1HR
945,DEU_DEBE032,2025-05-28,4.49,15.99,78.92,0.2,4.62,243.83,1011.16,0,3.05,6.77,4100.0,0.861,PM2.5-1HR
945,DEU_DEBE034,2025-05-28,5.79,16.22,76.42,0.24,4.5,244.17,1011.15,8636.93,4.13,8.282,4100.0,0.331,PM2.5-1HR
945,DEU_DEBE051,2025-05-28,4.34,15.76,78.63,0.43,4.57,243.68,1010.83,465.56,2.58,6.112,4100.0,0.134,PM2.5-1HR
945,DEU_DEBE056,2025-05-28,4.34,16.05,77.46,0.4,4.45,240.9,1011.25,343.06,2.72,6.308,4100.0,0.106,PM2.5-1HR
945,DEU_DEBE061,2025-05-28,5.02,16.22,76.42,0.24,4.5,244.17,1011.15,8418.27,4,8.1,4100.0,0.009,PM2.5-1HR
945,DEU_DEBE065,2025-05-28,7.18,16.2,75.92,0.19,4.49,244.09,1011.02,8391.58,4.16,8.324,4100.0,0.004,PM2.5-1HR
945,DEU_DEBE068,2025-05-28,5.54,16.2,75.92,0.19,4.49,244.09,1011.02,6915.53,4.13,8.282,4100.0,0.072,PM2.5-1HR
945,DEU_DEBE069,2025-05-28,8.27,16.22,76.42,0.24,4.5,244.17,1011.15,8191.19,4.24,8.436,4100.0,0.012,PM2.5-1HR
945,DEU_DEBE125,2025-05-28,6.46,16.22,76.42,0.24,4.5,244.17,1011.15,6357.97,4.13,8.282,4100.0,0.01,PM2.5-1HR
945,DEU_DEBE126,2025-05-28,6.84,16.22,76.42,0.24,4.5,244.17,1011.15,8426.55,4.13,8.282,4100.0,0.007,PM2.5-1HR
945,DEU_DEBE127,2025-05-29,7.55,14.32,68.71,0,3.68,289.74,1018.88,7640.61,5.09,9.626,4100.0,0.056,PM2.5-1HR
945,DEU_DEBE010,2025-05-29,4.99,14.29,68.21,0,3.73,289.25,1018.81,7325,4.77,9.178,4100.0,0.044,PM2.5-1HR
945,DEU_DEBE032,2025-05-29,4.26,14.26,68.75,0,3.81,289.85,1019.01,0,3.69,7.666,4100.0,0.861,PM2.5-1HR
945,DEU_DEBE034,2025-05-29,6,14.32,68.71,0,3.68,289.74,1018.88,8636.93,4.98,9.472,4100.0,0.331,PM2.5-1HR
945,DEU_DEBE051,2025-05-29,4.56,14.33,65.79,0,4.04,288.81,1018.65,465.56,3.5,7.4,4100.0,0.134,PM2.5-1HR
945,DEU_DEBE056,2025-05-29,4.41,14.7,66.75,0,3.95,293.35,1018.68,343.06,3.61,7.554,4100.0,0.106,PM2.5-1HR
945,DEU_DEBE061,2025-05-29,4.84,14.32,68.71,0,3.68,289.74,1018.88,8418.27,4.72,9.108,4100.0,0.009,PM2.5-1HR
945,DEU_DEBE065,2025-05-29,7.26,14.29,68.21,0,3.73,289.25,1018.81,8391.58,5.01,9.514,4100.0,0.004,PM2.5-1HR
945,DEU_DEBE068,2025-05-29,5.23,14.29,68.21,0,3.73,289.25,1018.81,6915.53,4.98,9.472,4100.0,0.072,PM2.5-1HR
945,DEU_DEBE069,2025-05-29,7.06,14.32,68.71,0,3.68,289.74,1018.88,8191.19,4.99,9.486,4100.0,0.012,PM2.5-1HR
945,DEU_DEBE125,2025-05-29,6.13,14.32,68.71,0,3.68,289.74,1018.88,6357.97,4.98,9.472,4100.0,0.01,PM2.5-1HR
945,DEU_DEBE126,2025-05-29,6.44,14.32,68.71,0,3.68,289.74,1018.88,8426.55,4.98,9.472,4100.0,0.007,PM2.5-1HR
945,DEU_DEBE127,2025-05-30,11.4,18.43,74.29,0.14,3.93,258.41,1017.79,7640.61,4.77,9.178,4100.0,0.056,PM2.5-1HR
945,DEU_DEBE010,2025-05-30,8.45,18.26,75,0.16,3.93,257.37,1017.72,7325,4.52,8.828,4100.0,0.044,PM2.5-1HR
945,DEU_DEBE032,2025-05-30,6.98,18.45,74.71,0.13,4.09,258.18,1017.8,0,3.52,7.428,4100.0,0.861,PM2.5-1HR
945,DEU_DEBE034,2025-05-30,9.32,18.43,74.29,0.14,3.93,258.41,1017.79,8636.93,4.66,9.024,4100.0,0.331,PM2.5-1HR
945,DEU_DEBE051,2025-05-30,8.15,18.15,74.54,0.17,4.25,253.95,1017.51,465.56,3.77,7.778,4100.0,0.134,PM2.5-1HR
945,DEU_DEBE056,2025-05-30,7.6,18.5,73.25,0.11,3.89,258.34,1017.82,343.06,3.04,6.756,4100.0,0.106,PM2.5-1HR
945,DEU_DEBE061,2025-05-30,8.55,18.43,74.29,0.14,3.93,258.41,1017.79,8418.27,4.37,8.618,4100.0,0.009,PM2.5-1HR
945,DEU_DEBE065,2025-05-30,10.96,18.26,75,0.16,3.93,257.37,1017.72,8391.58,4.71,9.094,4100.0,0.004,PM2.5-1HR
945,DEU_DEBE068,2025-05-30,9.05,18.26,75,0.16,3.93,257.37,1017.72,6915.53,4.66,9.024,4100.0,0.072,PM2.5-1HR
945,DEU_DEBE069,2025-05-30,12.06,18.43,74.29,0.14,3.93,258.41,1017.79,8191.19,4.59,8.926,4100.0,0.012,PM2.5-1HR
945,DEU_DEBE125,2025-05-30,10.09,18.43,74.29,0.14,3.93,258.41,1017.79,6357.97,4.66,9.024,4100.0,0.01,PM2.5-1HR
945,DEU_DEBE126,2025-05-30,10.21,18.43,74.29,0.14,3.93,258.41,1017.79,8426.55,4.66,9.024,4100.0,0.007,PM2.5-1HR
945,DEU_DEBE127,2025-05-31,10.42,19.82,70.17,0.03,1.55,299.74,1018,7640.61,7.18,12.552,4100.0,0.056,PM2.5-1HR
945,DEU_DEBE010,2025-05-31,7.62,19.73,69.08,0.04,1.66,296.59,1018,7325,6.7,11.88,4100.0,0.044,PM2.5-1HR
945,DEU_DEBE032,2025-05-31,7.27,19.52,71.54,0.05,1.54,303.06,1018.03,0,6.17,11.138,4100.0,0.861,PM2.5-1HR
945,DEU_DEBE034,2025-05-31,8.64,19.82,70.17,0.03,1.55,299.74,1018,8636.93,7.04,12.356,4100.0,0.331,PM2.5-1HR
945,DEU_DEBE051,2025-05-31,7.08,19.47,67.58,0.05,2.11,299.59,1017.96,465.56,4.92,9.388,4100.0,0.134,PM2.5-1HR
945,DEU_DEBE056,2025-05-31,7.68,19.88,69.25,0.03,1.73,303.62,1017.98,343.06,5.52,10.228,4100.0,0.106,PM2.5-1HR
945,DEU_DEBE061,2025-05-31,8.44,19.82,70.17,0.03,1.55,299.74,1018,8418.27,6.92,12.188,4100.0,0.009,PM2.5-1HR
945,DEU_DEBE065,2025-05-31,9.24,19.73,69.08,0.04,1.66,296.59,1018,8391.58,6.95,12.23,4100.0,0.004,PM2.5-1HR
945,DEU_DEBE068,2025-05-31,7.93,19.73,69.08,0.04,1.66,296.59,1018,6915.53,7.04,12.356,4100.0,0.072,PM2.5-1HR
945,DEU_DEBE069,2025-05-31,10.89,19.82,70.17,0.03,1.55,299.74,1018,8191.19,7.24,12.636,4100.0,0.012,PM2.5-1HR
945,DEU_DEBE125,2025-05-31,9.37,19.82,70.17,0.03,1.55,299.74,1018,6357.97,7.04,12.356,4100.0,0.01,PM2.5-1HR
945,DEU_DEBE126,2025-05-31,10.31,19.82,70.17,0.03,1.55,299.74,1018,8426.55,7.04,12.356,4100.0,0.007,PM2.5-1HR
945,DEU_DEBE010,2025-06-01,8.18,20.54,71.17,0.1,2.89,201.97,1013.33,7325,5.19,9.766,4100.0,0.044,PM2.5-1HR
945,DEU_DEBE032,2025-06-01,6.87,20.2,74.29,0.12,2.98,204.64,1013.36,0,3.91,7.974,4100.0,0.861,PM2.5-1HR
945,DEU_DEBE034,2025-06-01,8.94,20.54,72.21,0.11,2.83,200.2,1013.36,8636.93,5.41,10.074,4100.0,0.331,PM2.5-1HR
945,DEU_DEBE051,2025-06-01,6.81,19.97,73.04,0.09,3.22,199.39,1013.3,465.56,4.63,8.982,4100.0,0.134,PM2.5-1HR
945,DEU_DEBE056,2025-06-01,7.52,20.4,72.83,0.07,2.97,196.37,1013.5,343.06,3.78,7.792,4100.0,0.106,PM2.5-1HR
945,DEU_DEBE061,2025-06-01,8.6,20.54,72.21,0.11,2.83,200.2,1013.36,8418.27,5.07,9.598,4100.0,0.009,PM2.5-1HR
945,DEU_DEBE065,2025-06-01,9.6,20.54,71.17,0.1,2.89,201.97,1013.33,8391.58,5.48,10.172,4100.0,0.004,PM2.5-1HR
945,DEU_DEBE068,2025-06-01,8.02,20.54,71.17,0.1,2.89,201.97,1013.33,6915.53,5.41,10.074,4100.0,0.072,PM2.5-1HR
945,DEU_DEBE069,2025-06-01,10.32,20.54,72.21,0.11,2.83,200.2,1013.36,8191.19,5.35,9.99,4100.0,0.012,PM2.5-1HR
945,DEU_DEBE125,2025-06-01,9.87,20.54,72.21,0.11,2.83,200.2,1013.36,6357.97,5.41,10.074,4100.0,0.01,PM2.5-1HR
945,DEU_DEBE126,2025-06-01,9.69,20.54,72.21,0.11,2.83,200.2,1013.36,8426.55,5.41,10.074,4100.0,0.007,PM2.5-1HR
945,DEU_DEBE127,2025-06-01,10.14,20.54,72.21,0.11,2.83,200.2,1013.36,7640.61,5.53,10.242,4100.0,0.056,PM2.5-1HR
945,DEU_DEBE010,2025-06-02,11.72,18.28,64.29,0.01,2.42,275.63,1014.21,7325,8.97,15.058,4100.0,0.044,PM2.5-1HR
945,DEU_DEBE032,2025-06-02,10.19,18.23,66.29,0.02,2.39,275.67,1014.26,0,7.97,13.658,4100.0,0.861,PM2.5-1HR
945,DEU_DEBE034,2025-06-02,12.92,18.58,63.83,0,2.4,272.78,1014.21,8636.93,9.13,15.282,4100.0,0.331,PM2.5-1HR
945,DEU_DEBE051,2025-06-02,10.83,17.32,67.88,0.01,2.6,270.37,1014.18,465.56,6.76,11.964,4100.0,0.134,PM2.5-1HR
945,DEU_DEBE056,2025-06-02,11.41,18.68,65.5,0.02,2.48,271.02,1014.2,343.06,8.58,14.512,4100.0,0.106,PM2.5-1HR
945,DEU_DEBE061,2025-06-02,12.42,18.58,63.83,0,2.4,272.78,1014.21,8418.27,8.83,14.862,4100.0,0.009,PM2.5-1HR
945,DEU_DEBE065,2025-06-02,13.88,18.28,64.29,0.01,2.42,275.63,1014.21,8391.58,9.1,15.24,4100.0,0.004,PM2.5-1HR
945,DEU_DEBE068,2025-06-02,12.14,18.28,64.29,0.01,2.42,275.63,1014.21,6915.53,9.13,15.282,4100.0,0.072,PM2.5-1HR
945,DEU_DEBE069,2025-06-02,15.11,18.58,63.83,0,2.4,272.78,1014.21,8191.19,9.18,15.352,4100.0,0.012,PM2.5-1HR
945,DEU_DEBE125,2025-06-02,14.04,18.58,63.83,0,2.4,272.78,1014.21,6357.97,9.13,15.282,4100.0,0.01,PM2.5-1HR
945,DEU_DEBE126,2025-06-02,14.38,18.58,63.83,0,2.4,272.78,1014.21,8426.55,9.13,15.282,4100.0,0.007,PM2.5-1HR
945,DEU_DEBE127,2025-06-02,14.66,18.58,63.83,0,2.4,272.78,1014.21,7640.61,9.29,15.506,4100.0,0.056,PM2.5-1HR
945,DEU_DEBE010,2025-06-03,8.86,19.05,54.58,0,1.99,259.31,1013.89,7325,6.13,11.082,4100.0,0.044,PM2.5-1HR
945,DEU_DEBE032,2025-06-03,7.37,18.62,58.92,0,2.02,254.61,1013.94,0,4.76,9.164,4100.0,0.861,PM2.5-1HR
945,DEU_DEBE034,2025-06-03,9.63,19.28,54.08,0,2.1,251.53,1013.93,8636.93,6.37,11.418,4100.0,0.331,PM2.5-1HR
945,DEU_DEBE051,2025-06-03,8.27,17.67,60.54,0,1.92,261.12,1013.91,465.56,4.48,8.772,4100.0,0.134,PM2.5-1HR
945,DEU_DEBE056,2025-06-03,8.35,19.17,55.5,0,2.25,260.18,1013.93,343.06,5,9.5,4100.0,0.106,PM2.5-1HR
945,DEU_DEBE061,2025-06-03,9.17,19.28,54.08,0,2.1,251.53,1013.93,8418.27,6.12,11.068,4100.0,0.009,PM2.5-1HR
945,DEU_DEBE065,2025-06-03,10.61,19.05,54.58,0,1.99,259.31,1013.89,8391.58,6.42,11.488,4100.0,0.004,PM2.5-1HR
945,DEU_DEBE068,2025-06-03,9.68,19.05,54.58,0,1.99,259.31,1013.89,6915.53,6.37,11.418,4100.0,0.072,PM2.5-1HR
945,DEU_DEBE069,2025-06-03,11.37,19.28,54.08,0,2.1,251.53,1013.93,8191.19,6.53,11.642,4100.0,0.012,PM2.5-1HR
945,DEU_DEBE125,2025-06-03,10.92,19.28,54.08,0,2.1,251.53,1013.93,6357.97,6.37,11.418,4100.0,0.01,PM2.5-1HR
945,DEU_DEBE126,2025-06-03,10.6,19.28,54.08,0,2.1,251.53,1013.93,8426.55,6.37,11.418,4100.0,0.007,PM2.5-1HR
945,DEU_DEBE127,2025-06-03,11.01,19.28,54.08,0,2.1,251.53,1013.93,7640.61,6.52,11.628,4100.0,0.056,PM2.5-1HR
945,DEU_DEBE010,2025-06-04,10.75,20.69,62.25,0.12,3.29,195.18,1008.85,7325,7.1,12.44,4100.0,0.044,PM2.5-1HR
945,DEU_DEBE032,2025-06-04,8.89,19.91,69.42,0.21,3.21,192.62,1008.85,0,5.05,9.57,4100.0,0.861,PM2.5-1HR
945,DEU_DEBE034,2025-06-04,12.22,20.54,63.96,0.13,3.17,196.66,1008.93,8636.93,7.4,12.86,4100.0,0.331,PM2.5-1HR
945,DEU_DEBE051,2025-06-04,9.72,19.98,65.38,0.03,3.52,193.34,1008.73,465.56,5.07,9.598,4100.0,0.134,PM2.5-1HR
945,DEU_DEBE056,2025-06-04,10.67,20.39,67.88,0.42,3.39,200.33,1009.13,343.06,5.89,10.746,4100.0,0.106,PM2.5-1HR
945,DEU_DEBE061,2025-06-04,10.74,20.54,63.96,0.13,3.17,196.66,1008.93,8418.27,6.97,12.258,4100.0,0.009,PM2.5-1HR
945,DEU_DEBE065,2025-06-04,13.41,20.69,62.25,0.12,3.29,195.18,1008.85,8391.58,7.5,13.0,4100.0,0.004,PM2.5-1HR
945,DEU_DEBE068,2025-06-04,12.17,20.69,62.25,0.12,3.29,195.18,1008.85,6915.53,7.4,12.86,4100.0,0.072,PM2.5-1HR
945,DEU_DEBE069,2025-06-04,13.81,20.54,63.96,0.13,3.17,196.66,1008.93,8191.19,7.52,13.028,4100.0,0.012,PM2.5-1HR
945,DEU_DEBE125,2025-06-04,13.47,20.54,63.96,0.13,3.17,196.66,1008.93,6357.97,7.4,12.86,4100.0,0.01,PM2.5-1HR
945,DEU_DEBE126,2025-06-04,13.16,20.54,63.96,0.13,3.17,196.66,1008.93,8426.55,7.4,12.86,4100.0,0.007,PM2.5-1HR
945,DEU_DEBE127,2025-06-04,13.82,20.54,63.96,0.13,3.17,196.66,1008.93,7640.61,7.63,13.182,4100.0,0.056,PM2.5-1HR
945,DEU_DEBE010,2025-06-05,7.11,19.33,66.88,0.07,2.88,245.67,1009.63,7325,5.51,10.214,4100.0,0.044,PM2.5-1HR
945,DEU_DEBE032,2025-06-05,5.74,18.81,71,0.06,2.89,245.73,1009.7,0,4.23,8.422,4100.0,0.861,PM2.5-1HR
945,DEU_DEBE034,2025-06-05,7.96,19.6,65.17,0.1,3.07,243.65,1009.66,8636.93,5.64,10.396,4100.0,0.331,PM2.5-1HR
945,DEU_DEBE051,2025-06-05,6.94,18.25,73.58,0.37,2.7,243.7,1009.58,465.56,4.3,8.52,4100.0,0.134,PM2.5-1HR
945,DEU_DEBE056,2025-06-05,7.43,19.79,66.04,0.05,3.26,234.99,1009.7,343.06,4.06,8.184,4100.0,0.106,PM2.5-1HR
945,DEU_DEBE061,2025-06-05,7.2,19.6,65.17,0.1,3.07,243.65,1009.66,8418.27,5.34,9.976,4100.0,0.009,PM2.5-1HR
945,DEU_DEBE065,2025-06-05,8.75,19.33,66.88,0.07,2.88,245.67,1009.63,8391.58,5.72,10.508,4100.0,0.004,PM2.5-1HR
945,DEU_DEBE068,2025-06-05,7.54,19.33,66.88,0.07,2.88,245.67,1009.63,6915.53,5.64,10.396,4100.0,0.072,PM2.5-1HR
945,DEU_DEBE069,2025-06-05,9.62,19.6,65.17,0.1,3.07,243.65,1009.66,8191.19,5.66,10.424,4100.0,0.012,PM2.5-1HR
945,DEU_DEBE125,2025-06-05,9.3,19.6,65.17,0.1,3.07,243.65,1009.66,6357.97,5.64,10.396,4100.0,0.01,PM2.5-1HR
945,DEU_DEBE126,2025-06-05,8.6,19.6,65.17,0.1,3.07,243.65,1009.66,8426.55,5.64,10.396,4100.0,0.007,PM2.5-1HR
945,DEU_DEBE127,2025-06-05,9.41,19.6,65.17,0.1,3.07,243.65,1009.66,7640.61,5.77,10.578,4100.0,0.056,PM2.5-1HR
945,DEU_DEBE010,2025-06-06,5.1,18.38,62.38,0.06,4.47,222.93,1008.55,7325,3.59,7.526,4100.0,0.044,PM2.5-1HR
945,DEU_DEBE032,2025-06-06,3.83,18.17,65.5,0.1,4.46,221.16,1008.59,0,2.33,5.762,4100.0,0.861,PM2.5-1HR
945,DEU_DEBE034,2025-06-06,6.93,18.67,60.54,0.06,4.5,223.48,1008.63,8636.93,3.75,7.75,4100.0,0.331,PM2.5-1HR
945,DEU_DEBE051,2025-06-06,4.91,17.69,65.83,0.05,4.72,220.8,1008.38,465.56,3.09,6.826,4100.0,0.134,PM2.5-1HR
945,DEU_DEBE056,2025-06-06,4.1,18.94,60.71,0.06,4.64,222.65,1008.8,343.06,2.11,5.454,4100.0,0.106,PM2.5-1HR
945,DEU_DEBE061,2025-06-06,4.77,18.67,60.54,0.06,4.5,223.48,1008.63,8418.27,3.53,7.442,4100.0,0.009,PM2.5-1HR
945,DEU_DEBE065,2025-06-06,6.85,18.38,62.38,0.06,4.47,222.93,1008.55,8391.58,3.85,7.89,4100.0,0.004,PM2.5-1HR
945,DEU_DEBE068,2025-06-06,5.5,18.38,62.38,0.06,4.47,222.93,1008.55,6915.53,3.75,7.75,4100.0,0.072,PM2.5-1HR
945,DEU_DEBE069,2025-06-06,6.5,18.67,60.54,0.06,4.5,223.48,1008.63,8191.19,3.8,7.82,4100.0,0.012,PM2.5-1HR
945,DEU_DEBE125,2025-06-06,6.62,18.67,60.54,0.06,4.5,223.48,1008.63,6357.97,3.75,7.75,4100.0,0.01,PM2.5-1HR
945,DEU_DEBE126,2025-06-06,6.53,18.67,60.54,0.06,4.5,223.48,1008.63,8426.55,3.75,7.75,4100.0,0.007,PM2.5-1HR
945,DEU_DEBE127,2025-06-06,7.32,18.67,60.54,0.06,4.5,223.48,1008.63,7640.61,3.84,7.876,4100.0,0.056,PM2.5-1HR
945,DEU_DEBE010,2025-06-07,5.13,17.66,70.21,0.23,3.36,225.3,1009.18,7325,4.97,9.458,4100.0,0.044,PM2.5-1HR
945,DEU_DEBE032,2025-06-07,4.36,17.54,73.38,0.25,3.21,225.97,1009.18,0,3.76,7.764,4100.0,0.861,PM2.5-1HR
945,DEU_DEBE034,2025-06-07,7.66,17.97,68.38,0.28,3.36,226.26,1009.21,8636.93,5.24,9.836,4100.0,0.331,PM2.5-1HR
945,DEU_DEBE051,2025-06-07,5.02,17.26,71.67,0.07,3.47,223.66,1009.03,465.56,3.52,7.428,4100.0,0.134,PM2.5-1HR
945,DEU_DEBE056,2025-06-07,4.38,18.5,67.38,0.19,3.67,225.1,1009.33,343.06,3.25,7.05,4100.0,0.106,PM2.5-1HR
945,DEU_DEBE061,2025-06-07,5.17,17.97,68.38,0.28,3.36,226.26,1009.21,8418.27,4.96,9.444,4100.0,0.009,PM2.5-1HR
945,DEU_DEBE065,2025-06-07,7.31,17.66,70.21,0.23,3.36,225.3,1009.18,8391.58,5.29,9.906,4100.0,0.004,PM2.5-1HR
945,DEU_DEBE068,2025-06-07,5.77,17.66,70.21,0.23,3.36,225.3,1009.18,6915.53,5.24,9.836,4100.0,0.072,PM2.5-1HR
945,DEU_DEBE069,2025-06-07,6.86,17.97,68.38,0.28,3.36,226.26,1009.21,8191.19,5.34,9.976,4100.0,0.012,PM2.5-1HR
945,DEU_DEBE125,2025-06-07,6.94,17.97,68.38,0.28,3.36,226.26,1009.21,6357.97,5.24,9.836,4100.0,0.01,PM2.5-1HR
945,DEU_DEBE126,2025-06-07,6.84,17.97,68.38,0.28,3.36,226.26,1009.21,8426.55,5.24,9.836,4100.0,0.007,PM2.5-1HR
945,DEU_DEBE127,2025-06-07,7.05,17.97,68.38,0.28,3.36,226.26,1009.21,7640.61,5.43,10.102,4100.0,0.056,PM2.5-1HR
945,DEU_DEBE010,2025-06-08,5.84,15.66,71,0.32,5.08,232.16,1008.05,7325,4.01,8.114,4100.0,0.044,PM2.5-1HR
945,DEU_DEBE032,2025-06-08,5.41,15.62,73,0.12,5.21,233.87,1008.2,0,2.68,6.252,4100.0,0.861,PM2.5-1HR
945,DEU_DEBE034,2025-06-08,6.36,15.86,69.58,0.32,5.05,233.76,1008.2,8636.93,4.16,8.324,4100.0,0.331,PM2.5-1HR
945,DEU_DEBE051,2025-06-08,5.06,15.31,72.79,0.13,5.23,231.07,1007.8,465.56,3.04,6.756,4100.0,0.134,PM2.5-1HR
945,DEU_DEBE056,2025-06-08,4.95,16.21,70.75,0.7,5.2,234.45,1008.27,343.06,2.8,6.42,4100.0,0.106,PM2.5-1HR
945,DEU_DEBE061,2025-06-08,5.61,15.86,69.58,0.32,5.05,233.76,1008.2,8418.27,3.82,7.848,4100.0,0.009,PM2.5-1HR
945,DEU_DEBE065,2025-06-08,9.33,15.66,71,0.32,5.08,232.16,1008.05,8391.58,4.32,8.548,4100.0,0.004,PM2.5-1HR
945,DEU_DEBE068,2025-06-08,6.04,15.66,71,0.32,5.08,232.16,1008.05,6915.53,4.16,8.324,4100.0,0.072,PM2.5-1HR
945,DEU_DEBE069,2025-06-08,7.1,15.86,69.58,0.32,5.05,233.76,1008.2,8191.19,4.09,8.226,4100.0,0.012,PM2.5-1HR
945,DEU_DEBE125,2025-06-08,7.15,15.86,69.58,0.32,5.05,233.76,1008.2,6357.97,4.16,8.324,4100.0,0.01,PM2.5-1HR
945,DEU_DEBE126,2025-06-08,7.23,15.86,69.58,0.32,5.05,233.76,1008.2,8426.55,4.16,8.324,4100.0,0.007,PM2.5-1HR
945,DEU_DEBE127,2025-06-08,7.41,15.86,69.58,0.32,5.05,233.76,1008.2,7640.61,4.28,8.492,4100.0,0.056,PM2.5-1HR
945,DEU_DEBE010,2025-06-09,5.74,13.75,71.79,0.15,4.34,265.71,1019.75,7325,3.61,7.554,4100.0,0.044,PM2.5-1HR
945,DEU_DEBE032,2025-06-09,4.85,13.84,73.63,0.21,4.35,267.19,1019.94,0,2.87,6.518,4100.0,0.861,PM2.5-1HR
945,DEU_DEBE034,2025-06-09,7.3,14,69.83,0.1,4.33,267.35,1019.87,8636.93,3.69,7.666,4100.0,0.331,PM2.5-1HR
945,DEU_DEBE051,2025-06-09,4.55,13.67,70.17,0.05,4.74,263.96,1019.47,465.56,3.17,6.938,4100.0,0.134,PM2.5-1HR
945,DEU_DEBE056,2025-06-09,4.9,14,71.17,0.19,4.42,264.25,1019.83,343.06,2.81,6.434,4100.0,0.106,PM2.5-1HR
945,DEU_DEBE061,2025-06-09,5.86,14,69.83,0.1,4.33,267.35,1019.87,8418.27,3.54,7.456,4100.0,0.009,PM2.5-1HR
945,DEU_DEBE065,2025-06-09,8.2,13.75,71.79,0.15,4.34,265.71,1019.75,8391.58,3.75,7.75,4100.0,0.004,PM2.5-1HR
945,DEU_DEBE068,2025-06-09,6.14,13.75,71.79,0.15,4.34,265.71,1019.75,6915.53,3.69,7.666,4100.0,0.072,PM2.5-1HR
945,DEU_DEBE069,2025-06-09,7.39,14,69.83,0.1,4.33,267.35,1019.87,8191.19,3.67,7.638,4100.0,0.012,PM2.5-1HR
945,DEU_DEBE125,2025-06-09,7.08,14,69.83,0.1,4.33,267.35,1019.87,6357.97,3.69,7.666,4100.0,0.01,PM2.5-1HR
945,DEU_DEBE126,2025-06-09,7.3,14,69.83,0.1,4.33,267.35,1019.87,8426.55,3.69,7.666,4100.0,0.007,PM2.5-1HR
945,DEU_DEBE127,2025-06-09,7.48,14,69.83,0.1,4.33,267.35,1019.87,7640.61,3.73,7.722,4100.0,0.056,PM2.5-1HR
945,DEU_DEBE127,2025-06-10,17.43,14.79,73.08,0.13,3.29,208.4,1015.93,7640.61,11.94,19.216,4100.0,0.056,PM2.5-1HR
945,DEU_DEBE010,2025-06-10,14.75,14.67,74.29,0.23,3.28,207.28,1015.84,7325,11.25,18.25,4100.0,0.044,PM2.5-1HR
945,DEU_DEBE032,2025-06-10,12.24,14.62,77.63,0.3,3.29,205.48,1015.87,0,9.57,15.898,4100.0,0.861,PM2.5-1HR
945,DEU_DEBE034,2025-06-10,15.55,14.79,73.08,0.13,3.29,208.4,1015.93,8636.93,11.69,18.866,4100.0,0.331,PM2.5-1HR
945,DEU_DEBE051,2025-06-10,12.11,14.45,74.88,0.13,3.56,205.46,1015.66,465.56,8.67,14.638,4100.0,0.134,PM2.5-1HR
945,DEU_DEBE056,2025-06-10,13.4,15.15,72.54,0.12,3.41,212.15,1016.08,343.06,10.66,17.424,4100.0,0.106,PM2.5-1HR
945,DEU_DEBE061,2025-06-10,15.43,14.79,73.08,0.13,3.29,208.4,1015.93,8418.27,11.28,18.292,4100.0,0.009,PM2.5-1HR
945,DEU_DEBE065,2025-06-10,17.77,14.67,74.29,0.23,3.28,207.28,1015.84,8391.58,11.67,18.838,4100.0,0.004,PM2.5-1HR
945,DEU_DEBE068,2025-06-10,15.31,14.67,74.29,0.23,3.28,207.28,1015.84,6915.53,11.69,18.866,4100.0,0.072,PM2.5-1HR
945,DEU_DEBE069,2025-06-10,18.15,14.79,73.08,0.13,3.29,208.4,1015.93,8191.19,11.86,19.104,4100.0,0.012,PM2.5-1HR
945,DEU_DEBE125,2025-06-10,17.11,14.79,73.08,0.13,3.29,208.4,1015.93,6357.97,11.69,18.866,4100.0,0.01,PM2.5-1HR
945,DEU_DEBE126,2025-06-10,17.28,14.79,73.08,0.13,3.29,208.4,1015.93,8426.55,11.69,18.866,4100.0,0.007,PM2.5-1HR
945,DEU_DEBE127,2025-06-11,9.85,15.99,65.25,0.06,4.64,302.21,1018.35,7640.61,4.67,9.038,4100.0,0.056,PM2.5-1HR
945,DEU_DEBE010,2025-06-11,8.4,15.78,66.71,0.05,4.63,300.58,1018.24,7325,4.51,8.814,4100.0,0.044,PM2.5-1HR
945,DEU_DEBE032,2025-06-11,7.59,15.7,68.75,0.08,4.73,303.97,1018.48,0,4.15,8.31,4100.0,0.861,PM2.5-1HR
945,DEU_DEBE034,2025-06-11,9.14,15.99,65.25,0.06,4.64,302.21,1018.35,8636.93,4.59,8.926,4100.0,0.331,PM2.5-1HR
945,DEU_DEBE051,2025-06-11,7.72,15.59,67,0.06,4.82,299.78,1018.05,465.56,3.74,7.736,4100.0,0.134,PM2.5-1HR
945,DEU_DEBE056,2025-06-11,7.58,15.98,66.08,0.08,4.72,300.04,1018.15,343.06,3.71,7.694,4100.0,0.106,PM2.5-1HR
945,DEU_DEBE061,2025-06-11,8.87,15.99,65.25,0.06,4.64,302.21,1018.35,8418.27,4.52,8.828,4100.0,0.009,PM2.5-1HR
945,DEU_DEBE065,2025-06-11,10.18,15.78,66.71,0.05,4.63,300.58,1018.24,8391.58,4.61,8.954,4100.0,0.004,PM2.5-1HR
945,DEU_DEBE068,2025-06-11,8.88,15.78,66.71,0.05,4.63,300.58,1018.24,6915.53,4.59,8.926,4100.0,0.072,PM2.5-1HR
945,DEU_DEBE069,2025-06-11,10.84,15.99,65.25,0.06,4.64,302.21,1018.35,8191.19,4.63,8.982,4100.0,0.012,PM2.5-1HR
945,DEU_DEBE125,2025-06-11,10.18,15.99,65.25,0.06,4.64,302.21,1018.35,6357.97,4.59,8.926,4100.0,0.01,PM2.5-1HR
945,DEU_DEBE126,2025-06-11,10.62,15.99,65.25,0.06,4.64,302.21,1018.35,8426.55,4.59,8.926,4100.0,0.007,PM2.5-1HR
945,DEU_DEBE127,2025-06-12,7.44,17.13,54.42,0,2.2,48.05,1023.68,7640.61,4.16,8.324,4100.0,0.056,PM2.5-1HR
945,DEU_DEBE010,2025-06-12,6.29,16.6,57.5,0,2.25,47.72,1023.76,7325,3.89,7.946,4100.0,0.044,PM2.5-1HR
945,DEU_DEBE032,2025-06-12,5.43,16.7,59.58,0,2.03,48.17,1023.64,0,3.01,6.714,4100.0,0.861,PM2.5-1HR
945,DEU_DEBE034,2025-06-12,6,17.13,54.42,0,2.2,48.05,1023.68,8636.93,4.09,8.226,4100.0,0.331,PM2.5-1HR
945,DEU_DEBE051,2025-06-12,8.54,15.88,60.21,0,2.35,45.69,1023.86,465.56,3.06,6.784,4100.0,0.134,PM2.5-1HR
945,DEU_DEBE056,2025-06-12,5.79,16.64,59.42,0,2.14,43.79,1023.68,343.06,2.95,6.63,4100.0,0.106,PM2.5-1HR
945,DEU_DEBE061,2025-06-12,6.14,17.13,54.42,0,2.2,48.05,1023.68,8418.27,3.9,7.96,4100.0,0.009,PM2.5-1HR
945,DEU_DEBE065,2025-06-12,7.08,16.6,57.5,0,2.25,47.72,1023.76,8391.58,4.17,8.338,4100.0,0.004,PM2.5-1HR
945,DEU_DEBE068,2025-06-12,6.07,16.6,57.5,0,2.25,47.72,1023.76,6915.53,4.09,8.226,4100.0,0.072,PM2.5-1HR
945,DEU_DEBE069,2025-06-12,7.92,17.13,54.42,0,2.2,48.05,1023.68,8191.19,4.11,8.254,4100.0,0.012,PM2.5-1HR
945,DEU_DEBE125,2025-06-12,7.18,17.13,54.42,0,2.2,48.05,1023.68,6357.97,4.09,8.226,4100.0,0.01,PM2.5-1HR
945,DEU_DEBE126,2025-06-12,8.95,17.13,54.42,0,2.2,48.05,1023.68,8426.55,4.09,8.226,4100.0,0.007,PM2.5-1HR
945,DEU_DEBE127,2025-06-13,7.19,19.14,41.88,0,3.65,93.31,1026.4,7640.61,4.62,8.968,4100.0,0.056,PM2.5-1HR
945,DEU_DEBE010,2025-06-13,5.49,18.68,42.33,0,3.76,91.14,1026.54,7325,4.39,8.646,4100.0,0.044,PM2.5-1HR
945,DEU_DEBE032,2025-06-13,4.54,18.76,46.38,0,3.54,95.78,1026.23,0,3.58,7.512,4100.0,0.861,PM2.5-1HR
945,DEU_DEBE034,2025-06-13,5.47,19.14,41.88,0,3.65,93.31,1026.4,8636.93,4.54,8.856,4100.0,0.331,PM2.5-1HR
945,DEU_DEBE051,2025-06-13,5.62,17.37,45.96,0,3.86,93.44,1026.8,465.56,2.93,6.602,4100.0,0.134,PM2.5-1HR
945,DEU_DEBE056,2025-06-13,4.65,18.07,49.96,0,3.54,90.01,1026.59,343.06,3.1,6.84,4100.0,0.106,PM2.5-1HR
945,DEU_DEBE061,2025-06-13,5.57,19.14,41.88,0,3.65,93.31,1026.4,8418.27,4.34,8.576,4100.0,0.009,PM2.5-1HR
945,DEU_DEBE065,2025-06-13,7.05,18.68,42.33,0,3.76,91.14,1026.54,8391.58,4.62,8.968,4100.0,0.004,PM2.5-1HR
945,DEU_DEBE068,2025-06-13,5.45,18.68,42.33,0,3.76,91.14,1026.54,6915.53,4.54,8.856,4100.0,0.072,PM2.5-1HR
945,DEU_DEBE069,2025-06-13,6.44,19.14,41.88,0,3.65,93.31,1026.4,8191.19,4.55,8.87,4100.0,0.012,PM2.5-1HR
945,DEU_DEBE125,2025-06-13,6.79,19.14,41.88,0,3.65,93.31,1026.4,6357.97,4.54,8.856,4100.0,0.01,PM2.5-1HR
945,DEU_DEBE126,2025-06-13,8.06,19.14,41.88,0,3.65,93.31,1026.4,8426.55,4.54,8.856,4100.0,0.007,PM2.5-1HR
945,DEU_DEBE127,2025-06-14,9.95,23.08,41.96,0,3.78,119.13,1022.32,7640.61,7.28,12.692,4100.0,0.056,PM2.5-1HR
945,DEU_DEBE010,2025-06-14,8.1,22.98,42.13,0,3.77,117.38,1022.38,7325,7.07,12.398,4100.0,0.044,PM2.5-1HR
945,DEU_DEBE032,2025-06-14,6.45,22.59,45.25,0,3.81,119.72,1022.15,0,5.63,10.382,4100.0,0.861,PM2.5-1HR
945,DEU_DEBE034,2025-06-14,8.11,23.08,41.96,0,3.78,119.13,1022.32,8636.93,7.15,12.51,4100.0,0.331,PM2.5-1HR
945,DEU_DEBE051,2025-06-14,7.05,21.49,49.25,0,3.94,112.96,1022.6,465.56,5.6,10.34,4100.0,0.134,PM2.5-1HR
945,DEU_DEBE056,2025-06-14,7.84,22.03,47.42,0,3.7,115.64,1022.59,343.06,5.61,10.354,4100.0,0.106,PM2.5-1HR
945,DEU_DEBE061,2025-06-14,8.09,23.08,41.96,0,3.78,119.13,1022.32,8418.27,6.82,12.048,4100.0,0.009,PM2.5-1HR
945,DEU_DEBE065,2025-06-14,10.05,22.98,42.13,0,3.77,117.38,1022.38,8391.58,7.28,12.692,4100.0,0.004,PM2.5-1HR
945,DEU_DEBE068,2025-06-14,8.28,22.98,42.13,0,3.77,117.38,1022.38,6915.53,7.15,12.51,4100.0,0.072,PM2.5-1HR
945,DEU_DEBE069,2025-06-14,9.18,23.08,41.96,0,3.78,119.13,1022.32,8191.19,7.2,12.58,4100.0,0.012,PM2.5-1HR
945,DEU_DEBE125,2025-06-14,10.1,23.08,41.96,0,3.78,119.13,1022.32,6357.97,7.15,12.51,4100.0,0.01,PM2.5-1HR
945,DEU_DEBE126,2025-06-14,10.04,23.08,41.96,0,3.78,119.13,1022.32,8426.55,7.15,12.51,4100.0,0.007,PM2.5-1HR
945,DEU_DEBE127,2025-06-15,12.13,24.04,51.46,0.04,3.21,151.39,1016.85,7640.61,7.94,13.616,4100.0,0.056,PM2.5-1HR
945,DEU_DEBE010,2025-06-15,10,24.02,51.08,0.07,3.15,115.53,1016.86,7325,7.71,13.294,4100.0,0.044,PM2.5-1HR
945,DEU_DEBE032,2025-06-15,9.04,23.13,56.83,0.06,3.19,161.99,1016.95,0,6.55,11.67,4100.0,0.861,PM2.5-1HR
945,DEU_DEBE034,2025-06-15,10.41,24.04,51.46,0.04,3.21,151.39,1016.85,8636.93,7.85,13.49,4100.0,0.331,PM2.5-1HR
945,DEU_DEBE051,2025-06-15,8.5,23.11,55.13,0.06,3.21,141.03,1016.9,465.56,5.81,10.634,4100.0,0.134,PM2.5-1HR
945,DEU_DEBE056,2025-06-15,9.79,23.83,53.79,0.12,3.05,149.86,1016.73,343.06,6.65,11.81,4100.0,0.106,PM2.5-1HR
945,DEU_DEBE061,2025-06-15,10.66,24.04,51.46,0.04,3.21,151.39,1016.85,8418.27,7.54,13.056,4100.0,0.009,PM2.5-1HR
945,DEU_DEBE065,2025-06-15,11.66,24.02,51.08,0.07,3.15,115.53,1016.86,8391.58,7.87,13.518,4100.0,0.004,PM2.5-1HR
945,DEU_DEBE068,2025-06-15,10.06,24.02,51.08,0.07,3.15,115.53,1016.86,6915.53,7.85,13.49,4100.0,0.072,PM2.5-1HR
945,DEU_DEBE069,2025-06-15,12.52,24.04,51.46,0.04,3.21,151.39,1016.85,8191.19,7.82,13.448,4100.0,0.012,PM2.5-1HR
945,DEU_DEBE125,2025-06-15,11.91,24.04,51.46,0.04,3.21,151.39,1016.85,6357.97,7.85,13.49,4100.0,0.01,PM2.5-1HR
945,DEU_DEBE126,2025-06-15,11.84,24.04,51.46,0.04,3.21,151.39,1016.85,8426.55,7.85,13.49,4100.0,0.007,PM2.5-1HR
945,DEU_DEBE010,2025-06-16,6.69,18.85,63.79,0.01,4.63,301.04,1022.25,7325,5.73,10.522,4100.0,0.044,PM2.5-1HR
945,DEU_DEBE032,2025-06-16,5.73,18.52,67.08,0.01,4.6,300.89,1022.5,0,4.62,8.968,4100.0,0.861,PM2.5-1HR
945,DEU_DEBE034,2025-06-16,7.36,19.08,62.08,0.01,4.65,301.09,1022.31,8636.93,5.87,10.718,4100.0,0.331,PM2.5-1HR
945,DEU_DEBE051,2025-06-16,6.3,18.51,66.13,0,4.64,298.47,1022.07,465.56,4.11,8.254,4100.0,0.134,PM2.5-1HR
945,DEU_DEBE056,2025-06-16,6.42,18.95,64.83,0,4.64,301.26,1022.03,343.06,4.43,8.702,4100.0,0.106,PM2.5-1HR
945,DEU_DEBE061,2025-06-16,6.93,19.08,62.08,0.01,4.65,301.09,1022.31,8418.27,5.68,10.452,4100.0,0.009,PM2.5-1HR
945,DEU_DEBE065,2025-06-16,8.72,18.85,63.79,0.01,4.63,301.04,1022.25,8391.58,5.87,10.718,4100.0,0.004,PM2.5-1HR
945,DEU_DEBE068,2025-06-16,7.45,18.85,63.79,0.01,4.63,301.04,1022.25,6915.53,5.87,10.718,4100.0,0.072,PM2.5-1HR
945,DEU_DEBE069,2025-06-16,9.07,19.08,62.08,0.01,4.65,301.09,1022.31,8191.19,5.99,10.886,4100.0,0.012,PM2.5-1HR
945,DEU_DEBE125,2025-06-16,8.61,19.08,62.08,0.01,4.65,301.09,1022.31,6357.97,5.87,10.718,4100.0,0.01,PM2.5-1HR
945,DEU_DEBE126,2025-06-16,8.89,19.08,62.08,0.01,4.65,301.09,1022.31,8426.55,5.87,10.718,4100.0,0.007,PM2.5-1HR
945,DEU_DEBE127,2025-06-16,8.14,19.08,62.08,0.01,4.65,301.09,1022.31,7640.61,5.98,10.872,4100.0,0.056,PM2.5-1HR
945,DEU_DEBE010,2025-06-17,9.03,20.16,59.92,0,2.25,274.03,1024.59,7325,5.65,10.41,4100.0,0.044,PM2.5-1HR
945,DEU_DEBE032,2025-06-17,6.95,19.83,62.92,0,2.35,275.48,1024.71,0,5.44,10.116,4100.0,0.861,PM2.5-1HR
945,DEU_DEBE034,2025-06-17,10.28,20.57,57.04,0,2.37,277.39,1024.63,8636.93,5.8,10.62,4100.0,0.331,PM2.5-1HR
945,DEU_DEBE051,2025-06-17,7.9,19.6,62,0,2.46,273.16,1024.48,465.56,4.72,9.108,4100.0,0.134,PM2.5-1HR
945,DEU_DEBE056,2025-06-17,8.53,20.35,59.38,0,2.37,281.28,1024.5,343.06,5.32,9.948,4100.0,0.106,PM2.5-1HR
945,DEU_DEBE061,2025-06-17,9.03,20.57,57.04,0,2.37,277.39,1024.63,8418.27,5.67,10.438,4100.0,0.009,PM2.5-1HR
945,DEU_DEBE065,2025-06-17,11.49,20.16,59.92,0,2.25,274.03,1024.59,8391.58,5.58,10.312,4100.0,0.004,PM2.5-1HR
945,DEU_DEBE068,2025-06-17,9.47,20.16,59.92,0,2.25,274.03,1024.59,6915.53,5.8,10.62,4100.0,0.072,PM2.5-1HR
945,DEU_DEBE069,2025-06-17,11.3,20.57,57.04,0,2.37,277.39,1024.63,8191.19,5.87,10.718,4100.0,0.012,PM2.5-1HR
945,DEU_DEBE125,2025-06-17,10.61,20.57,57.04,0,2.37,277.39,1024.63,6357.97,5.8,10.62,4100.0,0.01,PM2.5-1HR
945,DEU_DEBE126,2025-06-17,11.61,20.57,57.04,0,2.37,277.39,1024.63,8426.55,5.8,10.62,4100.0,0.007,PM2.5-1HR
945,DEU_DEBE127,2025-06-17,10.92,20.57,57.04,0,2.37,277.39,1024.63,7640.61,5.88,10.732,4100.0,0.056,PM2.5-1HR
945,DEU_DEBE010,2025-06-18,10.93,22.27,53.04,0,3.03,288.67,1020.83,7325,8.27,14.078,4100.0,0.044,PM2.5-1HR
945,DEU_DEBE032,2025-06-18,8.86,21.58,59.96,0,2.82,291.38,1020.94,0,6.64,11.796,4100.0,0.861,PM2.5-1HR
945,DEU_DEBE034,2025-06-18,11.17,22.7,51.13,0,3.05,287.87,1020.83,8636.93,8.49,14.386,4100.0,0.331,PM2.5-1HR
945,DEU_DEBE051,2025-06-18,9.5,21.16,57.25,0,3.24,284.89,1020.75,465.56,6,10.9,4100.0,0.134,PM2.5-1HR
945,DEU_DEBE056,2025-06-18,9.72,22.16,56,0,3.04,280.99,1020.71,343.06,6.56,11.684,4100.0,0.106,PM2.5-1HR
945,DEU_DEBE061,2025-06-18,10.76,22.7,51.13,0,3.05,287.87,1020.83,8418.27,8.08,13.812,4100.0,0.009,PM2.5-1HR
945,DEU_DEBE065,2025-06-18,12.73,22.27,53.04,0,3.03,288.67,1020.83,8391.58,8.49,14.386,4100.0,0.004,PM2.5-1HR
945,DEU_DEBE068,2025-06-18,11.9,22.27,53.04,0,3.03,288.67,1020.83,6915.53,8.49,14.386,4100.0,0.072,PM2.5-1HR
945,DEU_DEBE069,2025-06-18,13.26,22.7,51.13,0,3.05,287.87,1020.83,8191.19,8.5,14.4,4100.0,0.012,PM2.5-1HR
945,DEU_DEBE125,2025-06-18,12.46,22.7,51.13,0,3.05,287.87,1020.83,6357.97,8.49,14.386,4100.0,0.01,PM2.5-1HR
945,DEU_DEBE126,2025-06-18,12.23,22.7,51.13,0,3.05,287.87,1020.83,8426.55,8.49,14.386,4100.0,0.007,PM2.5-1HR
945,DEU_DEBE127,2025-06-18,12.18,22.7,51.13,0,3.05,287.87,1020.83,7640.61,8.63,14.582,4100.0,0.056,PM2.5-1HR
945,DEU_DEBE010,2025-06-19,6.48,19.16,49.25,0,4.25,311.43,1022.41,7325,5.09,9.626,4100.0,0.044,PM2.5-1HR
945,DEU_DEBE032,2025-06-19,5.56,18.57,54.79,0,4.23,313.92,1022.65,0,3.91,7.974,4100.0,0.861,PM2.5-1HR
945,DEU_DEBE034,2025-06-19,6.89,19.39,48.17,0,4.27,312.05,1022.46,8636.93,5.24,9.836,4100.0,0.331,PM2.5-1HR
945,DEU_DEBE051,2025-06-19,5.4,18.23,54.04,0,4.36,309.78,1022.34,465.56,3.6,7.54,4100.0,0.134,PM2.5-1HR
945,DEU_DEBE056,2025-06-19,5.77,19.23,52,0,4.19,314.75,1022.16,343.06,4.06,8.184,4100.0,0.106,PM2.5-1HR
945,DEU_DEBE061,2025-06-19,6.39,19.39,48.17,0,4.27,312.05,1022.46,8418.27,5.03,9.542,4100.0,0.009,PM2.5-1HR
945,DEU_DEBE065,2025-06-19,7.71,19.16,49.25,0,4.25,311.43,1022.41,8391.58,5.23,9.822,4100.0,0.004,PM2.5-1HR
945,DEU_DEBE068,2025-06-19,6.69,19.16,49.25,0,4.25,311.43,1022.41,6915.53,5.24,9.836,4100.0,0.072,PM2.5-1HR
945,DEU_DEBE069,2025-06-19,8.35,19.39,48.17,0,4.27,312.05,1022.46,8191.19,5.32,9.948,4100.0,0.012,PM2.5-1HR
945,DEU_DEBE125,2025-06-19,8.25,19.39,48.17,0,4.27,312.05,1022.46,6357.97,5.24,9.836,4100.0,0.01,PM2.5-1HR
945,DEU_DEBE126,2025-06-19,8.07,19.39,48.17,0,4.27,312.05,1022.46,8426.55,5.24,9.836,4100.0,0.007,PM2.5-1HR
945,DEU_DEBE127,2025-06-19,7.19,19.39,48.17,0,4.27,312.05,1022.46,7640.61,5.36,10.004,4100.0,0.056,PM2.5-1HR
945,DEU_DEBE010,2025-06-20,6.71,18.07,49.92,0,2.14,320.02,1025.45,7325,5.61,10.354,4100.0,0.044,PM2.5-1HR
945,DEU_DEBE032,2025-06-20,4.99,17,60.88,0,2.21,306.93,1025.62,0,4.63,8.982,4100.0,0.861,PM2.5-1HR
945,DEU_DEBE034,2025-06-20,7.22,18.29,48.92,0,2.17,315.97,1025.47,8636.93,5.84,10.676,4100.0,0.331,PM2.5-1HR
945,DEU_DEBE051,2025-06-20,4.81,16.78,57.79,0,2.22,318.57,1025.42,465.56,3.83,7.862,4100.0,0.134,PM2.5-1HR
945,DEU_DEBE056,2025-06-20,5.62,17.63,56.63,0,2.02,330.43,1025.32,343.06,4.23,8.422,4100.0,0.106,PM2.5-1HR
945,DEU_DEBE061,2025-06-20,6.56,18.29,48.92,0,2.17,315.97,1025.47,8418.27,5.68,10.452,4100.0,0.009,PM2.5-1HR
945,DEU_DEBE065,2025-06-20,7.47,18.07,49.92,0,2.14,320.02,1025.45,8391.58,5.79,10.606,4100.0,0.004,PM2.5-1HR
945,DEU_DEBE068,2025-06-20,6.66,18.07,49.92,0,2.14,320.02,1025.45,6915.53,5.84,10.676,4100.0,0.072,PM2.5-1HR
945,DEU_DEBE069,2025-06-20,8.8,18.29,48.92,0,2.17,315.97,1025.47,8191.19,6,10.9,4100.0,0.012,PM2.5-1HR
945,DEU_DEBE125,2025-06-20,7.9,18.29,48.92,0,2.17,315.97,1025.47,6357.97,5.84,10.676,4100.0,0.01,PM2.5-1HR
945,DEU_DEBE126,2025-06-20,8.72,18.29,48.92,0,2.17,315.97,1025.47,8426.55,5.84,10.676,4100.0,0.007,PM2.5-1HR
945,DEU_DEBE127,2025-06-20,7.86,18.29,48.92,0,2.17,315.97,1025.47,7640.61,5.98,10.872,4100.0,0.056,PM2.5-1HR
945,DEU_DEBE010,2025-06-21,7.45,21.85,37.58,0,1.45,284.24,1023.13,7325,5.57,10.298,4100.0,0.044,PM2.5-1HR
945,DEU_DEBE032,2025-06-21,5.38,20.7,48.58,0,1.32,280.16,1023.2,0,4.21,8.394,4100.0,0.861,PM2.5-1HR
945,DEU_DEBE034,2025-06-21,10.37,22.12,36.83,0,1.49,271.07,1023.13,8636.93,5.64,10.396,4100.0,0.331,PM2.5-1HR
945,DEU_DEBE051,2025-06-21,5.61,19.78,49.54,0,1.47,254.7,1023.16,465.56,4.21,8.394,4100.0,0.134,PM2.5-1HR
945,DEU_DEBE056,2025-06-21,7.03,20.78,50.04,0,1.46,250.7,1023.08,343.06,4.51,8.814,4100.0,0.106,PM2.5-1HR
945,DEU_DEBE061,2025-06-21,8.32,22.12,36.83,0,1.49,271.07,1023.13,8418.27,5.35,9.99,4100.0,0.009,PM2.5-1HR
945,DEU_DEBE065,2025-06-21,10.39,21.85,37.58,0,1.45,284.24,1023.13,8391.58,5.73,10.522,4100.0,0.004,PM2.5-1HR
945,DEU_DEBE068,2025-06-21,8.47,21.85,37.58,0,1.45,284.24,1023.13,6915.53,5.64,10.396,4100.0,0.072,PM2.5-1HR
945,DEU_DEBE069,2025-06-21,10.29,22.12,36.83,0,1.49,271.07,1023.13,8191.19,5.64,10.396,4100.0,0.012,PM2.5-1HR
945,DEU_DEBE125,2025-06-21,9.27,22.12,36.83,0,1.49,271.07,1023.13,6357.97,5.64,10.396,4100.0,0.01,PM2.5-1HR
945,DEU_DEBE126,2025-06-21,10.52,22.12,36.83,0,1.49,271.07,1023.13,8426.55,5.64,10.396,4100.0,0.007,PM2.5-1HR
945,DEU_DEBE127,2025-06-21,10.8,22.12,36.83,0,1.49,271.07,1023.13,7640.61,5.73,10.522,4100.0,0.056,PM2.5-1HR
945,DEU_DEBE010,2025-06-22,9.61,27.05,28.5,0,2.25,205.04,1016.52,7325,5.86,10.704,4100.0,0.044,PM2.5-1HR
945,DEU_DEBE032,2025-06-22,7.33,25.38,39.63,0,2.21,199.22,1016.51,0,4.78,9.192,4100.0,0.861,PM2.5-1HR
945,DEU_DEBE034,2025-06-22,10.37,26.9,29.08,0,2.3,201.95,1016.57,8636.93,6.02,10.928,4100.0,0.331,PM2.5-1HR
945,DEU_DEBE051,2025-06-22,9.38,25,36.71,0,2.06,208.84,1016.51,465.56,4.49,8.786,4100.0,0.134,PM2.5-1HR
945,DEU_DEBE056,2025-06-22,8.56,24.98,41.88,0,2.05,198.35,1016.72,343.06,5.15,9.71,4100.0,0.106,PM2.5-1HR
945,DEU_DEBE061,2025-06-22,8.88,26.9,29.08,0,2.3,201.95,1016.57,8418.27,5.77,10.578,4100.0,0.009,PM2.5-1HR
945,DEU_DEBE065,2025-06-22,12.72,27.05,28.5,0,2.25,205.04,1016.52,8391.58,6.08,11.012,4100.0,0.004,PM2.5-1HR
945,DEU_DEBE068,2025-06-22,10.7,27.05,28.5,0,2.25,205.04,1016.52,6915.53,6.02,10.928,4100.0,0.072,PM2.5-1HR
945,DEU_DEBE069,2025-06-22,10.57,26.9,29.08,0,2.3,201.95,1016.57,8191.19,6.01,10.914,4100.0,0.012,PM2.5-1HR
945,DEU_DEBE125,2025-06-22,10.49,26.9,29.08,0,2.3,201.95,1016.57,6357.97,6.02,10.928,4100.0,0.01,PM2.5-1HR
945,DEU_DEBE126,2025-06-22,10.47,26.9,29.08,0,2.3,201.95,1016.57,8426.55,6.02,10.928,4100.0,0.007,PM2.5-1HR
945,DEU_DEBE127,2025-06-22,10.68,26.9,29.08,0,2.3,201.95,1016.57,7640.61,6.09,11.026,4100.0,0.056,PM2.5-1HR
945,DEU_DEBE010,2025-06-23,8.12,22.97,48.88,0.12,5.03,249.13,1007.91,7325,5.26,9.864,4100.0,0.044,PM2.5-1HR
945,DEU_DEBE032,2025-06-23,7.05,22.39,52.88,0.18,5.27,250.53,1008.14,0,3.95,8.03,4100.0,0.861,PM2.5-1HR
945,DEU_DEBE034,2025-06-23,8.28,23.08,48.92,0.21,5.09,249.47,1008.01,8636.93,5.39,10.046,4100.0,0.331,PM2.5-1HR
945,DEU_DEBE051,2025-06-23,6.99,21.85,53.83,0.08,5.31,250.64,1007.72,465.56,3.76,7.764,4100.0,0.134,PM2.5-1HR
945,DEU_DEBE056,2025-06-23,7.02,22.58,52.17,0.03,5.24,250.26,1007.97,343.06,4.04,8.156,4100.0,0.106,PM2.5-1HR
945,DEU_DEBE061,2025-06-23,7.96,23.08,48.92,0.21,5.09,249.47,1008.01,8418.27,5.01,9.514,4100.0,0.009,PM2.5-1HR
945,DEU_DEBE065,2025-06-23,9.33,22.97,48.88,0.12,5.03,249.13,1007.91,8391.58,5.46,10.144,4100.0,0.004,PM2.5-1HR
945,DEU_DEBE068,2025-06-23,8.26,22.97,48.88,0.12,5.03,249.13,1007.91,6915.53,5.39,10.046,4100.0,0.072,PM2.5-1HR
945,DEU_DEBE069,2025-06-23,9.77,23.08,48.92,0.21,5.09,249.47,1008.01,8191.19,5.3,9.92,4100.0,0.012,PM2.5-1HR
945,DEU_DEBE125,2025-06-23,9.69,23.08,48.92,0.21,5.09,249.47,1008.01,6357.97,5.39,10.046,4100.0,0.01,PM2.5-1HR
945,DEU_DEBE126,2025-06-23,9.09,23.08,48.92,0.21,5.09,249.47,1008.01,8426.55,5.39,10.046,4100.0,0.007,PM2.5-1HR
945,DEU_DEBE127,2025-06-23,9.6,23.08,48.92,0.21,5.09,249.47,1008.01,7640.61,5.52,10.228,4100.0,0.056,PM2.5-1HR
945,DEU_DEBE010,2025-06-24,6.85,17.85,56.17,0.07,4.78,260.83,1010.53,7325,5.26,9.864,4100.0,0.044,PM2.5-1HR
945,DEU_DEBE032,2025-06-24,5.68,18.04,57.04,0.05,4.87,262.63,1010.67,0,4.36,8.604,4100.0,0.861,PM2.5-1HR
945,DEU_DEBE034,2025-06-24,7.36,18.09,55.46,0.04,4.72,262.92,1010.63,8636.93,5.41,10.074,4100.0,0.331,PM2.5-1HR
945,DEU_DEBE051,2025-06-24,5.59,17.65,56.04,0.03,5.51,257.17,1010.26,465.56,4.19,8.366,4100.0,0.134,PM2.5-1HR
945,DEU_DEBE056,2025-06-24,5.8,18.11,55.92,0.07,4.83,262.89,1010.66,343.06,4.52,8.828,4100.0,0.106,PM2.5-1HR
945,DEU_DEBE061,2025-06-24,6.33,18.09,55.46,0.04,4.72,262.92,1010.63,8418.27,5.24,9.836,4100.0,0.009,PM2.5-1HR
945,DEU_DEBE065,2025-06-24,8.27,17.85,56.17,0.07,4.78,260.83,1010.53,8391.58,5.41,10.074,4100.0,0.004,PM2.5-1HR
945,DEU_DEBE068,2025-06-24,7.3,17.85,56.17,0.07,4.78,260.83,1010.53,6915.53,5.41,10.074,4100.0,0.072,PM2.5-1HR
945,DEU_DEBE069,2025-06-24,8.55,18.09,55.46,0.04,4.72,262.92,1010.63,8191.19,5.43,10.102,4100.0,0.012,PM2.5-1HR
945,DEU_DEBE125,2025-06-24,8.6,18.09,55.46,0.04,4.72,262.92,1010.63,6357.97,5.41,10.074,4100.0,0.01,PM2.5-1HR
945,DEU_DEBE126,2025-06-24,8.04,18.09,55.46,0.04,4.72,262.92,1010.63,8426.55,5.41,10.074,4100.0,0.007,PM2.5-1HR
945,DEU_DEBE127,2025-06-24,8.63,18.09,55.46,0.04,4.72,262.92,1010.63,7640.61,5.47,10.158,4100.0,0.056,PM2.5-1HR
945,DEU_DEBE010,2025-06-25,6.99,20.31,70.63,0.19,4.61,274.14,1010.22,7325,5.36,10.004,4100.0,0.044,PM2.5-1HR
945,DEU_DEBE032,2025-06-25,6.49,20.27,73.13,0.16,4.6,274.76,1010.38,0,4.71,9.094,4100.0,0.861,PM2.5-1HR
945,DEU_DEBE034,2025-06-25,7.47,20.48,70.75,0.23,4.52,274.41,1010.31,8636.93,5.62,10.368,4100.0,0.331,PM2.5-1HR
945,DEU_DEBE051,2025-06-25,5.42,20.02,70.88,0.15,5.07,273.54,1010.01,465.56,3.69,7.666,4100.0,0.134,PM2.5-1HR
945,DEU_DEBE056,2025-06-25,6.21,20.54,70.17,0.13,4.64,272.84,1010.27,343.06,4.36,8.604,4100.0,0.106,PM2.5-1HR
945,DEU_DEBE061,2025-06-25,7.09,20.48,70.75,0.23,4.52,274.41,1010.31,8418.27,5.46,10.144,4100.0,0.009,PM2.5-1HR
945,DEU_DEBE065,2025-06-25,7.68,20.31,70.63,0.19,4.61,274.14,1010.22,8391.58,5.56,10.284,4100.0,0.004,PM2.5-1HR
945,DEU_DEBE068,2025-06-25,7.63,20.31,70.63,0.19,4.61,274.14,1010.22,6915.53,5.62,10.368,4100.0,0.072,PM2.5-1HR
945,DEU_DEBE069,2025-06-25,9.81,20.48,70.75,0.23,4.52,274.41,1010.31,8191.19,5.7,10.48,4100.0,0.012,PM2.5-1HR
945,DEU_DEBE125,2025-06-25,8.72,20.48,70.75,0.23,4.52,274.41,1010.31,6357.97,5.62,10.368,4100.0,0.01,PM2.5-1HR
945,DEU_DEBE126,2025-06-25,8.39,20.48,70.75,0.23,4.52,274.41,1010.31,8426.55,5.62,10.368,4100.0,0.007,PM2.5-1HR
945,DEU_DEBE127,2025-06-25,8.52,20.48,70.75,0.23,4.52,274.41,1010.31,7640.61,5.73,10.522,4100.0,0.056,PM2.5-1HR
945,DEU_DEBE010,2025-06-26,6.91,21.39,68.83,0.14,2.59,148.36,1012.21,7325,5.78,10.592,4100.0,0.044,PM2.5-1HR
945,DEU_DEBE032,2025-06-26,5.53,21.25,71.46,0.22,2.71,159.24,1012.18,0,4.61,8.954,4100.0,0.861,PM2.5-1HR
945,DEU_DEBE034,2025-06-26,7.16,21.6,68.54,0.53,2.52,151.23,1012.22,8636.93,5.89,10.746,4100.0,0.331,PM2.5-1HR
945,DEU_DEBE051,2025-06-26,5.34,20.67,70.46,0.19,2.83,152.12,1012.23,465.56,3.67,7.638,4100.0,0.134,PM2.5-1HR
945,DEU_DEBE056,2025-06-26,5.77,21.81,68.88,0.33,2.69,147.15,1012.28,343.06,3.5,7.4,4100.0,0.106,PM2.5-1HR
945,DEU_DEBE061,2025-06-26,6.69,21.6,68.54,0.53,2.52,151.23,1012.22,8418.27,5.66,10.424,4100.0,0.009,PM2.5-1HR
945,DEU_DEBE065,2025-06-26,7.8,21.39,68.83,0.14,2.59,148.36,1012.21,8391.58,6.06,10.984,4100.0,0.004,PM2.5-1HR
945,DEU_DEBE068,2025-06-26,7.93,21.39,68.83,0.14,2.59,148.36,1012.21,6915.53,5.89,10.746,4100.0,0.072,PM2.5-1HR
945,DEU_DEBE069,2025-06-26,8.44,21.6,68.54,0.53,2.52,151.23,1012.22,8191.19,5.91,10.774,4100.0,0.012,PM2.5-1HR
945,DEU_DEBE125,2025-06-26,8.38,21.6,68.54,0.53,2.52,151.23,1012.22,6357.97,5.89,10.746,4100.0,0.01,PM2.5-1HR
945,DEU_DEBE126,2025-06-26,8.41,21.6,68.54,0.53,2.52,151.23,1012.22,8426.55,5.89,10.746,4100.0,0.007,PM2.5-1HR
945,DEU_DEBE127,2025-06-26,8.8,21.6,68.54,0.53,2.52,151.23,1012.22,7640.61,5.99,10.886,4100.0,0.056,PM2.5-1HR
945,DEU_DEBE010,2025-06-27,7.41,18.94,73.25,0.06,4.73,274.46,1017.74,7325,6.11,11.054,4100.0,0.044,PM2.5-1HR
945,DEU_DEBE032,2025-06-27,5.98,18.79,75.71,0.08,4.84,275.93,1017.99,0,4.29,8.506,4100.0,0.861,PM2.5-1HR
945,DEU_DEBE034,2025-06-27,7.91,19.06,72.75,0.09,4.7,275.44,1017.87,8636.93,6.28,11.292,4100.0,0.331,PM2.5-1HR
945,DEU_DEBE051,2025-06-27,6.53,18.75,73.88,0.07,5.12,272.78,1017.51,465.56,4.21,8.394,4100.0,0.134,PM2.5-1HR
945,DEU_DEBE056,2025-06-27,6.57,19.12,74.46,0.06,4.87,275.4,1017.74,343.06,4.75,9.15,4100.0,0.106,PM2.5-1HR
945,DEU_DEBE061,2025-06-27,6.94,19.06,72.75,0.09,4.7,275.44,1017.87,8418.27,5.94,10.816,4100.0,0.009,PM2.5-1HR
945,DEU_DEBE065,2025-06-27,8.66,18.94,73.25,0.06,4.73,274.46,1017.74,8391.58,6.44,11.516,4100.0,0.004,PM2.5-1HR
945,DEU_DEBE068,2025-06-27,7.51,18.94,73.25,0.06,4.73,274.46,1017.74,6915.53,6.28,11.292,4100.0,0.072,PM2.5-1HR
945,DEU_DEBE069,2025-06-27,9.63,19.06,72.75,0.09,4.7,275.44,1017.87,8191.19,6.31,11.334,4100.0,0.012,PM2.5-1HR
945,DEU_DEBE125,2025-06-27,8.9,19.06,72.75,0.09,4.7,275.44,1017.87,6357.97,6.28,11.292,4100.0,0.01,PM2.5-1HR
945,DEU_DEBE126,2025-06-27,8.86,19.06,72.75,0.09,4.7,275.44,1017.87,8426.55,6.28,11.292,4100.0,0.007,PM2.5-1HR
945,DEU_DEBE127,2025-06-27,8.91,19.06,72.75,0.09,4.7,275.44,1017.87,7640.61,6.41,11.474,4100.0,0.056,PM2.5-1HR
945,DEU_DEBE010,2025-06-28,7.76,21.3,66.25,0,3.51,259.56,1021.68,7325,5.91,10.774,4100.0,0.044,PM2.5-1HR
945,DEU_DEBE032,2025-06-28,6.21,21.28,68.21,0,3.53,261.39,1021.76,0,4.38,8.632,4100.0,0.861,PM2.5-1HR
945,DEU_DEBE034,2025-06-28,8.12,21.5,65.33,0,3.52,260.59,1021.71,8636.93,6.06,10.984,4100.0,0.331,PM2.5-1HR
945,DEU_DEBE051,2025-06-28,6.33,21,66.46,0,3.76,258.33,1021.53,465.56,4.4,8.66,4100.0,0.134,PM2.5-1HR
945,DEU_DEBE056,2025-06-28,6.68,21.35,67.13,0,3.53,261.44,1021.71,343.06,4.17,8.338,4100.0,0.106,PM2.5-1HR
945,DEU_DEBE061,2025-06-28,7.31,21.5,65.33,0,3.52,260.59,1021.71,8418.27,5.8,10.62,4100.0,0.009,PM2.5-1HR
945,DEU_DEBE065,2025-06-28,8.81,21.3,66.25,0,3.51,259.56,1021.68,8391.58,6.21,11.194,4100.0,0.004,PM2.5-1HR
945,DEU_DEBE068,2025-06-28,7.95,21.3,66.25,0,3.51,259.56,1021.68,6915.53,6.06,10.984,4100.0,0.072,PM2.5-1HR
945,DEU_DEBE069,2025-06-28,9.42,21.5,65.33,0,3.52,260.59,1021.71,8191.19,6.13,11.082,4100.0,0.012,PM2.5-1HR
945,DEU_DEBE125,2025-06-28,9.6,21.5,65.33,0,3.52,260.59,1021.71,6357.97,6.06,10.984,4100.0,0.01,PM2.5-1HR
945,DEU_DEBE126,2025-06-28,9.32,21.5,65.33,0,3.52,260.59,1021.71,8426.55,6.06,10.984,4100.0,0.007,PM2.5-1HR
945,DEU_DEBE127,2025-06-28,9.53,21.5,65.33,0,3.52,260.59,1021.71,7640.61,6.17,11.138,4100.0,0.056,PM2.5-1HR
945,DEU_DEBE010,2025-06-29,6.1,23.65,62.83,0.04,4.45,286.25,1020.57,7325,4.61,8.954,4100.0,0.044,PM2.5-1HR
945,DEU_DEBE032,2025-06-29,5.26,23.19,67.25,0.08,4.37,286.53,1020.73,0,3.38,7.232,4100.0,0.861,PM2.5-1HR
945,DEU_DEBE034,2025-06-29,6.3,23.93,61.54,0.06,4.45,286.6,1020.62,8636.93,4.71,9.094,4100.0,0.331,PM2.5-1HR
945,DEU_DEBE051,2025-06-29,5.3,22.76,67.33,0.12,4.62,282.97,1020.48,465.56,3.53,7.442,4100.0,0.134,PM2.5-1HR
945,DEU_DEBE056,2025-06-29,5.17,23.75,63.88,0.03,4.53,286.73,1020.44,343.06,3.46,7.344,4100.0,0.106,PM2.5-1HR
945,DEU_DEBE061,2025-06-29,5.84,23.93,61.54,0.06,4.45,286.6,1020.62,8418.27,4.48,8.772,4100.0,0.009,PM2.5-1HR
945,DEU_DEBE065,2025-06-29,6.63,23.65,62.83,0.04,4.45,286.25,1020.57,8391.58,4.86,9.304,4100.0,0.004,PM2.5-1HR
945,DEU_DEBE068,2025-06-29,5.91,23.65,62.83,0.04,4.45,286.25,1020.57,6915.53,4.71,9.094,4100.0,0.072,PM2.5-1HR
945,DEU_DEBE069,2025-06-29,7.59,23.93,61.54,0.06,4.45,286.6,1020.62,8191.19,4.71,9.094,4100.0,0.012,PM2.5-1HR
945,DEU_DEBE125,2025-06-29,7.2,23.93,61.54,0.06,4.45,286.6,1020.62,6357.97,4.71,9.094,4100.0,0.01,PM2.5-1HR
945,DEU_DEBE126,2025-06-29,7.17,23.93,61.54,0.06,4.45,286.6,1020.62,8426.55,4.71,9.094,4100.0,0.007,PM2.5-1HR
945,DEU_DEBE127,2025-06-29,7.29,23.93,61.54,0.06,4.45,286.6,1020.62,7640.61,4.8,9.22,4100.0,0.056,PM2.5-1HR
945,DEU_DEBE010,2025-06-30,7.04,20.54,44.38,0,2.64,324.12,1021.75,7325,5.19,9.766,4100.0,0.044,PM2.5-1HR
945,DEU_DEBE032,2025-06-30,5.81,19.77,50.29,0,2.59,318.01,1021.91,0,4.59,8.926,4100.0,0.861,PM2.5-1HR
945,DEU_DEBE034,2025-06-30,7.34,20.86,42.33,0,2.63,323.56,1021.74,8636.93,5.42,10.088,4100.0,0.331,PM2.5-1HR
945,DEU_DEBE051,2025-06-30,5.51,19.47,50.92,0,2.73,322.39,1021.72,465.56,3.61,7.554,4100.0,0.134,PM2.5-1HR
945,DEU_DEBE056,2025-06-30,6.11,20.37,47.96,0,2.59,330.04,1021.59,343.06,3.6,7.54,4100.0,0.106,PM2.5-1HR
945,DEU_DEBE061,2025-06-30,7.02,20.86,42.33,0,2.63,323.56,1021.74,8418.27,5.33,9.962,4100.0,0.009,PM2.5-1HR
945,DEU_DEBE065,2025-06-30,7.22,20.54,44.38,0,2.64,324.12,1021.75,8391.58,5.38,10.032,4100.0,0.004,PM2.5-1HR
945,DEU_DEBE068,2025-06-30,7.11,20.54,44.38,0,2.64,324.12,1021.75,6915.53,5.42,10.088,4100.0,0.072,PM2.5-1HR
945,DEU_DEBE069,2025-06-30,8.63,20.86,42.33,0,2.63,323.56,1021.74,8191.19,5.57,10.298,4100.0,0.012,PM2.5-1HR
945,DEU_DEBE125,2025-06-30,8.58,20.86,42.33,0,2.63,323.56,1021.74,6357.97,5.42,10.088,4100.0,0.01,PM2.5-1HR
945,DEU_DEBE126,2025-06-30,8.72,20.86,42.33,0,2.63,323.56,1021.74,8426.55,5.42,10.088,4100.0,0.007,PM2.5-1HR
945,DEU_DEBE127,2025-06-30,8.46,20.86,42.33,0,2.63,323.56,1021.74,7640.61,5.52,10.228,4100.0,0.056,PM2.5-1HR
945,DEU_DEBE127,2025-07-01,8.87,24.68,40,0,2.16,115.61,1019.07,7640.61,5.36,10.004,4100.0,0.056,PM2.5-1HR
945,DEU_DEBE010,2025-07-01,7.08,24.38,41.21,0,2.24,104.63,1019.13,7325,5.16,9.724,4100.0,0.044,PM2.5-1HR
945,DEU_DEBE032,2025-07-01,5.44,24.3,43,0,1.93,123.28,1018.98,0,4.42,8.688,4100.0,0.861,PM2.5-1HR
945,DEU_DEBE034,2025-07-01,7.28,24.68,40,0,2.16,115.61,1019.07,8636.93,5.28,9.892,4100.0,0.331,PM2.5-1HR
945,DEU_DEBE051,2025-07-01,5.44,22.75,48.5,0,2.27,106.11,1019.32,465.56,3.89,7.946,4100.0,0.134,PM2.5-1HR
945,DEU_DEBE056,2025-07-01,6.01,23.59,47.17,0,2.08,96.51,1019.16,343.06,3.8,7.82,4100.0,0.106,PM2.5-1HR
945,DEU_DEBE061,2025-07-01,6.99,24.68,40,0,2.16,115.61,1019.07,8418.27,5.13,9.682,4100.0,0.009,PM2.5-1HR
945,DEU_DEBE065,2025-07-01,7.64,24.38,41.21,0,2.24,104.63,1019.13,8391.58,5.32,9.948,4100.0,0.004,PM2.5-1HR
945,DEU_DEBE068,2025-07-01,8.88,24.38,41.21,0,2.24,104.63,1019.13,6915.53,5.28,9.892,4100.0,0.072,PM2.5-1HR
945,DEU_DEBE069,2025-07-01,8.11,24.68,40,0,2.16,115.61,1019.07,8191.19,5.35,9.99,4100.0,0.012,PM2.5-1HR
945,DEU_DEBE125,2025-07-01,8.74,24.68,40,0,2.16,115.61,1019.07,6357.97,5.28,9.892,4100.0,0.01,PM2.5-1HR
945,DEU_DEBE126,2025-07-01,8.5,24.68,40,0,2.16,115.61,1019.07,8426.55,5.28,9.892,4100.0,0.007,PM2.5-1HR
945,DEU_DEBE010,2025-07-02,6.84,29.65,28.54,0,2.17,139.55,1015.13,7325,4.53,8.842,4100.0,0.044,PM2.5-1HR
945,DEU_DEBE032,2025-07-02,5.79,28.21,37.5,0,1.69,149.83,1015.05,0,3.23,7.022,4100.0,0.861,PM2.5-1HR
945,DEU_DEBE034,2025-07-02,7.23,29.6,29.46,0,1.87,144.47,1015.1,8636.93,4.71,9.094,4100.0,0.331,PM2.5-1HR
945,DEU_DEBE051,2025-07-02,5.34,28,33.58,0,2.53,131.1,1015.21,465.56,3.21,6.994,4100.0,0.134,PM2.5-1HR
945,DEU_DEBE056,2025-07-02,6.46,28.62,35.04,0,2.17,141.11,1015.18,343.06,3.54,7.456,4100.0,0.106,PM2.5-1HR
945,DEU_DEBE061,2025-07-02,7.33,29.6,29.46,0,1.87,144.47,1015.1,8418.27,4.46,8.744,4100.0,0.009,PM2.5-1HR
945,DEU_DEBE065,2025-07-02,8.08,29.65,28.54,0,2.17,139.55,1015.13,8391.58,4.82,9.248,4100.0,0.004,PM2.5-1HR
945,DEU_DEBE068,2025-07-02,8.22,29.65,28.54,0,2.17,139.55,1015.13,6915.53,4.71,9.094,4100.0,0.072,PM2.5-1HR
945,DEU_DEBE069,2025-07-02,8.16,29.6,29.46,0,1.87,144.47,1015.1,8191.19,4.71,9.094,4100.0,0.012,PM2.5-1HR
945,DEU_DEBE125,2025-07-02,8.58,29.6,29.46,0,1.87,144.47,1015.1,6357.97,4.71,9.094,4100.0,0.01,PM2.5-1HR
945,DEU_DEBE126,2025-07-02,8.48,29.6,29.46,0,1.87,144.47,1015.1,8426.55,4.71,9.094,4100.0,0.007,PM2.5-1HR
945,DEU_DEBE127,2025-07-02,9.2,29.6,29.46,0,1.87,144.47,1015.1,7640.61,4.8,9.22,4100.0,0.056,PM2.5-1HR
945,DEU_DEBE010,2025-07-03,6.86,23.38,48.25,0.01,4.17,302.22,1018.73,7325,4.35,8.59,4100.0,0.044,PM2.5-1HR
945,DEU_DEBE032,2025-07-03,6.15,22.64,53.33,0.01,4.21,300.7,1018.93,0,3.35,7.19,4100.0,0.861,PM2.5-1HR
945,DEU_DEBE034,2025-07-03,7.39,23.57,47.5,0,4.16,300.2,1018.75,8636.93,4.57,8.898,4100.0,0.331,PM2.5-1HR
945,DEU_DEBE051,2025-07-03,5.76,22.32,52.83,0.02,4.21,304.55,1018.67,465.56,2.86,6.504,4100.0,0.134,PM2.5-1HR
945,DEU_DEBE056,2025-07-03,6.19,23.35,49.71,0.01,4.19,300.87,1018.52,343.06,3.12,6.868,4100.0,0.106,PM2.5-1HR
945,DEU_DEBE061,2025-07-03,6.9,23.57,47.5,0,4.16,300.2,1018.75,8418.27,4.36,8.604,4100.0,0.009,PM2.5-1HR
945,DEU_DEBE065,2025-07-03,8.16,23.38,48.25,0.01,4.17,302.22,1018.73,8391.58,4.56,8.884,4100.0,0.004,PM2.5-1HR
945,DEU_DEBE068,2025-07-03,6.91,23.38,48.25,0.01,4.17,302.22,1018.73,6915.53,4.57,8.898,4100.0,0.072,PM2.5-1HR
945,DEU_DEBE069,2025-07-03,8.86,23.57,47.5,0,4.16,300.2,1018.75,8191.19,4.62,8.968,4100.0,0.012,PM2.5-1HR
945,DEU_DEBE125,2025-07-03,8.53,23.57,47.5,0,4.16,300.2,1018.75,6357.97,4.57,8.898,4100.0,0.01,PM2.5-1HR
945,DEU_DEBE126,2025-07-03,8.49,23.57,47.5,0,4.16,300.2,1018.75,8426.55,4.57,8.898,4100.0,0.007,PM2.5-1HR
945,DEU_DEBE127,2025-07-03,8.54,23.57,47.5,0,4.16,300.2,1018.75,7640.61,4.66,9.024,4100.0,0.056,PM2.5-1HR
945,DEU_DEBE010,2025-07-04,5.07,19.65,44.88,0,2.65,295.22,1025.09,7325,4.18,8.352,4100.0,0.044,PM2.5-1HR
945,DEU_DEBE032,2025-07-04,4.24,18.63,54.88,0,2.37,288.79,1025.25,0,3.38,7.232,4100.0,0.861,PM2.5-1HR
945,DEU_DEBE034,2025-07-04,5.91,19.78,44.17,0,2.6,291.99,1025.13,8636.93,4.43,8.702,4100.0,0.331,PM2.5-1HR
945,DEU_DEBE051,2025-07-04,3.82,18.27,52.42,0,2.55,292.37,1025.09,465.56,2.81,6.434,4100.0,0.134,PM2.5-1HR
945,DEU_DEBE056,2025-07-04,4.61,19.21,51.67,0,2.33,300.55,1025.02,343.06,3.15,6.91,4100.0,0.106,PM2.5-1HR
945,DEU_DEBE061,2025-07-04,5.23,19.78,44.17,0,2.6,291.99,1025.13,8418.27,4.24,8.436,4100.0,0.009,PM2.5-1HR
945,DEU_DEBE065,2025-07-04,6.54,19.65,44.88,0,2.65,295.22,1025.09,8391.58,4.39,8.646,4100.0,0.004,PM2.5-1HR
945,DEU_DEBE068,2025-07-04,5.73,19.65,44.88,0,2.65,295.22,1025.09,6915.53,4.43,8.702,4100.0,0.072,PM2.5-1HR
945,DEU_DEBE069,2025-07-04,7.51,19.78,44.17,0,2.6,291.99,1025.13,8191.19,4.51,8.814,4100.0,0.012,PM2.5-1HR
945,DEU_DEBE125,2025-07-04,7.4,19.78,44.17,0,2.6,291.99,1025.13,6357.97,4.43,8.702,4100.0,0.01,PM2.5-1HR
945,DEU_DEBE126,2025-07-04,6.93,19.78,44.17,0,2.6,291.99,1025.13,8426.55,4.43,8.702,4100.0,0.007,PM2.5-1HR
945,DEU_DEBE127,2025-07-04,7.03,19.78,44.17,0,2.6,291.99,1025.13,7640.61,4.55,8.87,4100.0,0.056,PM2.5-1HR
945,DEU_DEBE010,2025-07-05,5.66,22.48,35.75,0,3.1,229.94,1016.16,7325,4.59,8.926,4100.0,0.044,PM2.5-1HR
945,DEU_DEBE032,2025-07-05,5.14,21.3,47.21,0,2.82,230.11,1016.23,0,3.44,7.316,4100.0,0.861,PM2.5-1HR
945,DEU_DEBE034,2025-07-05,7.2,22.42,36.92,0,2.97,230.47,1016.2,8636.93,4.73,9.122,4100.0,0.331,PM2.5-1HR
945,DEU_DEBE051,2025-07-05,4.89,20.97,42.54,0,3.29,225.65,1016.09,465.56,3.38,7.232,4100.0,0.134,PM2.5-1HR
945,DEU_DEBE056,2025-07-05,5.14,21.89,46.21,0,2.88,227.55,1016.22,343.06,3.38,7.232,4100.0,0.106,PM2.5-1HR
945,DEU_DEBE061,2025-07-05,5.71,22.42,36.92,0,2.97,230.47,1016.2,8418.27,4.46,8.744,4100.0,0.009,PM2.5-1HR
945,DEU_DEBE065,2025-07-05,8.62,22.48,35.75,0,3.1,229.94,1016.16,8391.58,4.79,9.206,4100.0,0.004,PM2.5-1HR
945,DEU_DEBE068,2025-07-05,6.57,22.48,35.75,0,3.1,229.94,1016.16,6915.53,4.73,9.122,4100.0,0.072,PM2.5-1HR
945,DEU_DEBE069,2025-07-05,9.55,22.42,36.92,0,2.97,230.47,1016.2,8191.19,4.73,9.122,4100.0,0.012,PM2.5-1HR
945,DEU_DEBE125,2025-07-05,7.88,22.42,36.92,0,2.97,230.47,1016.2,6357.97,4.73,9.122,4100.0,0.01,PM2.5-1HR
945,DEU_DEBE126,2025-07-05,8.21,22.42,36.92,0,2.97,230.47,1016.2,8426.55,4.73,9.122,4100.0,0.007,PM2.5-1HR
945,DEU_DEBE127,2025-07-05,8.85,22.42,36.92,0,2.97,230.47,1016.2,7640.61,4.84,9.276,4100.0,0.056,PM2.5-1HR
945,DEU_DEBE010,2025-07-06,4.79,23.58,36.58,0,3.14,241.94,1007.86,7325,3.72,7.708,4100.0,0.044,PM2.5-1HR
945,DEU_DEBE032,2025-07-06,4.13,22.65,44.17,0,2.97,243.38,1007.94,0,2.6,6.14,4100.0,0.861,PM2.5-1HR
945,DEU_DEBE034,2025-07-06,5.48,23.64,36.71,0,3.14,240.7,1007.88,8636.93,3.92,7.988,4100.0,0.331,PM2.5-1HR
945,DEU_DEBE051,2025-07-06,4.44,22.13,43.46,0,3.09,246.28,1007.85,465.56,2.7,6.28,4100.0,0.134,PM2.5-1HR
945,DEU_DEBE056,2025-07-06,4.46,23.56,40.29,0,3.11,244.48,1007.89,343.06,2.75,6.35,4100.0,0.106,PM2.5-1HR
945,DEU_DEBE061,2025-07-06,4.62,23.64,36.71,0,3.14,240.7,1007.88,8418.27,3.69,7.666,4100.0,0.009,PM2.5-1HR
945,DEU_DEBE065,2025-07-06,6.33,23.58,36.58,0,3.14,241.94,1007.86,8391.58,4,8.1,4100.0,0.004,PM2.5-1HR
945,DEU_DEBE068,2025-07-06,4.99,23.58,36.58,0,3.14,241.94,1007.86,6915.53,3.92,7.988,4100.0,0.072,PM2.5-1HR
945,DEU_DEBE069,2025-07-06,6.62,23.64,36.71,0,3.14,240.7,1007.88,8191.19,3.96,8.044,4100.0,0.012,PM2.5-1HR
945,DEU_DEBE125,2025-07-06,5.94,23.64,36.71,0,3.14,240.7,1007.88,6357.97,3.92,7.988,4100.0,0.01,PM2.5-1HR
945,DEU_DEBE126,2025-07-06,6.34,23.64,36.71,0,3.14,240.7,1007.88,8426.55,3.92,7.988,4100.0,0.007,PM2.5-1HR
945,DEU_DEBE127,2025-07-06,6.81,23.64,36.71,0,3.14,240.7,1007.88,7640.61,4.03,8.142,4100.0,0.056,PM2.5-1HR
945,DEU_DEBE010,2025-07-07,4.07,20.32,59.29,0.28,2.7,250.02,1002.09,7325,3.33,7.162,4100.0,0.044,PM2.5-1HR
945,DEU_DEBE032,2025-07-07,3.17,19.86,63.96,0.23,2.47,255.42,1002.2,0,2.24,5.636,4100.0,0.861,PM2.5-1HR
945,DEU_DEBE034,2025-07-07,4.86,20.3,59.83,0.44,2.55,253.12,1002.17,8636.93,3.55,7.47,4100.0,0.331,PM2.5-1HR
945,DEU_DEBE051,2025-07-07,3.08,19.78,61.33,0.03,2.63,256.09,1001.98,465.56,2.24,5.636,4100.0,0.134,PM2.5-1HR
945,DEU_DEBE056,2025-07-07,3.42,19.94,63.04,0.17,2.49,255.54,1002.22,343.06,2.24,5.636,4100.0,0.106,PM2.5-1HR
945,DEU_DEBE061,2025-07-07,3.91,20.3,59.83,0.44,2.55,253.12,1002.17,8418.27,3.32,7.148,4100.0,0.009,PM2.5-1HR
945,DEU_DEBE065,2025-07-07,5.84,20.32,59.29,0.28,2.7,250.02,1002.09,8391.58,3.55,7.47,4100.0,0.004,PM2.5-1HR
945,DEU_DEBE068,2025-07-07,4.46,20.32,59.29,0.28,2.7,250.02,1002.09,6915.53,3.55,7.47,4100.0,0.072,PM2.5-1HR
945,DEU_DEBE069,2025-07-07,6.56,20.3,59.83,0.44,2.55,253.12,1002.17,8191.19,3.53,7.442,4100.0,0.012,PM2.5-1HR
945,DEU_DEBE125,2025-07-07,5.61,20.3,59.83,0.44,2.55,253.12,1002.17,6357.97,3.55,7.47,4100.0,0.01,PM2.5-1HR
945,DEU_DEBE126,2025-07-07,6.28,20.3,59.83,0.44,2.55,253.12,1002.17,8426.55,3.55,7.47,4100.0,0.007,PM2.5-1HR
945,DEU_DEBE127,2025-07-07,5.99,20.3,59.83,0.44,2.55,253.12,1002.17,7640.61,3.6,7.54,4100.0,0.056,PM2.5-1HR
945,DEU_DEBE010,2025-07-08,6.13,17.8,61.17,0.03,3.84,289.17,1007.6,7325,5.31,9.934,4100.0,0.044,PM2.5-1HR
945,DEU_DEBE032,2025-07-08,5.72,17.37,65.63,0.03,3.92,288.88,1007.83,0,4.32,8.548,4100.0,0.861,PM2.5-1HR
945,DEU_DEBE034,2025-07-08,6.63,17.79,61.5,0.03,3.82,289.13,1007.69,8636.93,5.43,10.102,4100.0,0.331,PM2.5-1HR
945,DEU_DEBE051,2025-07-08,4.93,17.52,63.17,0.02,3.89,285.71,1007.46,465.56,3.89,7.946,4100.0,0.134,PM2.5-1HR
945,DEU_DEBE056,2025-07-08,5.36,17.59,65.5,0.05,3.72,289.17,1007.5,343.06,3.98,8.072,4100.0,0.106,PM2.5-1HR
945,DEU_DEBE061,2025-07-08,6.33,17.79,61.5,0.03,3.82,289.13,1007.69,8418.27,5.15,9.71,4100.0,0.009,PM2.5-1HR
945,DEU_DEBE065,2025-07-08,8.19,17.8,61.17,0.03,3.84,289.17,1007.6,8391.58,5.47,10.158,4100.0,0.004,PM2.5-1HR
945,DEU_DEBE068,2025-07-08,6.31,17.8,61.17,0.03,3.84,289.17,1007.6,6915.53,5.43,10.102,4100.0,0.072,PM2.5-1HR
945,DEU_DEBE069,2025-07-08,8.52,17.79,61.5,0.03,3.82,289.13,1007.69,8191.19,5.35,9.99,4100.0,0.012,PM2.5-1HR
945,DEU_DEBE125,2025-07-08,8.03,17.79,61.5,0.03,3.82,289.13,1007.69,6357.97,5.43,10.102,4100.0,0.01,PM2.5-1HR
945,DEU_DEBE126,2025-07-08,7.78,17.79,61.5,0.03,3.82,289.13,1007.69,8426.55,5.43,10.102,4100.0,0.007,PM2.5-1HR
945,DEU_DEBE127,2025-07-08,7.76,17.79,61.5,0.03,3.82,289.13,1007.69,7640.61,5.51,10.214,4100.0,0.056,PM2.5-1HR
945,DEU_DEBE010,2025-07-09,6,17.43,72.63,0.1,4.02,302.65,1014.75,7325,4.82,9.248,4100.0,0.044,PM2.5-1HR
945,DEU_DEBE032,2025-07-09,4.89,17.44,73.96,0.2,4.29,305.09,1014.93,0,3.26,7.064,4100.0,0.861,PM2.5-1HR
945,DEU_DEBE034,2025-07-09,6.4,17.58,71.67,0.18,4.01,303.99,1014.8,8636.93,5.06,9.584,4100.0,0.331,PM2.5-1HR
945,DEU_DEBE051,2025-07-09,4.8,17.02,76.17,0.18,4.03,300.72,1014.63,465.56,2.9,6.56,4100.0,0.134,PM2.5-1HR
945,DEU_DEBE056,2025-07-09,5.18,17.43,73.83,0.09,3.97,299.21,1014.58,343.06,3.04,6.756,4100.0,0.106,PM2.5-1HR
945,DEU_DEBE061,2025-07-09,5.48,17.58,71.67,0.18,4.01,303.99,1014.8,8418.27,4.77,9.178,4100.0,0.009,PM2.5-1HR
945,DEU_DEBE065,2025-07-09,7.53,17.43,72.63,0.1,4.02,302.65,1014.75,8391.58,5.09,9.626,4100.0,0.004,PM2.5-1HR
945,DEU_DEBE068,2025-07-09,6.16,17.43,72.63,0.1,4.02,302.65,1014.75,6915.53,5.06,9.584,4100.0,0.072,PM2.5-1HR
945,DEU_DEBE069,2025-07-09,7.74,17.58,71.67,0.18,4.01,303.99,1014.8,8191.19,5.08,9.612,4100.0,0.012,PM2.5-1HR
945,DEU_DEBE125,2025-07-09,7.78,17.58,71.67,0.18,4.01,303.99,1014.8,6357.97,5.06,9.584,4100.0,0.01,PM2.5-1HR
945,DEU_DEBE126,2025-07-09,7.51,17.58,71.67,0.18,4.01,303.99,1014.8,8426.55,5.06,9.584,4100.0,0.007,PM2.5-1HR
945,DEU_DEBE127,2025-07-09,7.04,17.58,71.67,0.18,4.01,303.99,1014.8,7640.61,5.14,9.696,4100.0,0.056,PM2.5-1HR
945,DEU_DEBE010,2025-07-10,7.36,17.73,75.08,0.18,2.75,314.79,1018.61,7325,5.81,10.634,4100.0,0.044,PM2.5-1HR
945,DEU_DEBE032,2025-07-10,6.38,18.03,72.08,0.08,2.81,311.52,1018.71,0,4.71,9.094,4100.0,0.861,PM2.5-1HR
945,DEU_DEBE034,2025-07-10,8.11,18.15,71.04,0.08,2.84,315.44,1018.63,8636.93,6.14,11.096,4100.0,0.331,PM2.5-1HR
945,DEU_DEBE051,2025-07-10,6.11,17.39,78.46,0.21,2.75,312.58,1018.52,465.56,3.59,7.526,4100.0,0.134,PM2.5-1HR
945,DEU_DEBE056,2025-07-10,6.72,17.7,76.88,0.07,3,314.95,1018.39,343.06,3.66,7.624,4100.0,0.106,PM2.5-1HR
945,DEU_DEBE061,2025-07-10,7.7,18.15,71.04,0.08,2.84,315.44,1018.63,8418.27,5.78,10.592,4100.0,0.009,PM2.5-1HR
945,DEU_DEBE065,2025-07-10,9.67,17.73,75.08,0.18,2.75,314.79,1018.61,8391.58,5.95,10.83,4100.0,0.004,PM2.5-1HR
945,DEU_DEBE068,2025-07-10,8.54,17.73,75.08,0.18,2.75,314.79,1018.61,6915.53,6.14,11.096,4100.0,0.072,PM2.5-1HR
945,DEU_DEBE069,2025-07-10,10.3,18.15,71.04,0.08,2.84,315.44,1018.63,8191.19,6.26,11.264,4100.0,0.012,PM2.5-1HR
945,DEU_DEBE125,2025-07-10,9.57,18.15,71.04,0.08,2.84,315.44,1018.63,6357.97,6.14,11.096,4100.0,0.01,PM2.5-1HR
945,DEU_DEBE126,2025-07-10,9.73,18.15,71.04,0.08,2.84,315.44,1018.63,8426.55,6.14,11.096,4100.0,0.007,PM2.5-1HR
945,DEU_DEBE127,2025-07-10,9.33,18.15,71.04,0.08,2.84,315.44,1018.63,7640.61,6.36,11.404,4100.0,0.056,PM2.5-1HR
945,DEU_DEBE010,2025-07-11,5.85,17.07,73.67,0.27,3.62,311.41,1014.95,7325,5.38,10.032,4100.0,0.044,PM2.5-1HR
945,DEU_DEBE032,2025-07-11,5.43,17.3,73.25,0.2,3.52,312.11,1015.14,0,4.74,9.136,4100.0,0.861,PM2.5-1HR
945,DEU_DEBE034,2025-07-11,6.42,17.32,72.33,0.12,3.54,310.52,1015,8636.93,5.64,10.396,4100.0,0.331,PM2.5-1HR
945,DEU_DEBE051,2025-07-11,4.94,16.74,76.42,0.29,3.96,313.02,1014.81,465.56,3.82,7.848,4100.0,0.134,PM2.5-1HR
945,DEU_DEBE056,2025-07-11,5.05,16.88,76.54,0.23,3.55,304.25,1014.75,343.06,4.37,8.618,4100.0,0.106,PM2.5-1HR
945,DEU_DEBE061,2025-07-11,6.28,17.32,72.33,0.12,3.54,310.52,1015,8418.27,5.47,10.158,4100.0,0.009,PM2.5-1HR
945,DEU_DEBE065,2025-07-11,7.61,17.07,73.67,0.27,3.62,311.41,1014.95,8391.58,5.59,10.326,4100.0,0.004,PM2.5-1HR
945,DEU_DEBE068,2025-07-11,5.94,17.07,73.67,0.27,3.62,311.41,1014.95,6915.53,5.64,10.396,4100.0,0.072,PM2.5-1HR
945,DEU_DEBE069,2025-07-11,8.45,17.32,72.33,0.12,3.54,310.52,1015,8191.19,5.75,10.55,4100.0,0.012,PM2.5-1HR
945,DEU_DEBE125,2025-07-11,7.72,17.32,72.33,0.12,3.54,310.52,1015,6357.97,5.64,10.396,4100.0,0.01,PM2.5-1HR
945,DEU_DEBE126,2025-07-11,7.95,17.32,72.33,0.12,3.54,310.52,1015,8426.55,5.64,10.396,4100.0,0.007,PM2.5-1HR
945,DEU_DEBE127,2025-07-11,7.5,17.32,72.33,0.12,3.54,310.52,1015,7640.61,5.78,10.592,4100.0,0.056,PM2.5-1HR
945,DEU_DEBE010,2025-07-12,6.2,15.71,94.71,0.97,2.56,273.65,1009.02,7325,5.01,9.514,4100.0,0.044,PM2.5-1HR
945,DEU_DEBE032,2025-07-12,5.73,15.6,96.71,1.03,2.63,272.16,1009.15,0,3.45,7.33,4100.0,0.861,PM2.5-1HR
945,DEU_DEBE034,2025-07-12,7.99,15.7,94.67,1,2.63,269.16,1009.1,8636.93,5.45,10.13,4100.0,0.331,PM2.5-1HR
945,DEU_DEBE051,2025-07-12,5.29,15.56,96.63,0.78,2.46,293.65,1008.87,465.56,4.01,8.114,4100.0,0.134,PM2.5-1HR
945,DEU_DEBE056,2025-07-12,5.65,15.45,97.13,1.11,2.72,265.47,1009.07,343.06,3.54,7.456,4100.0,0.106,PM2.5-1HR
945,DEU_DEBE061,2025-07-12,6.43,15.7,94.67,1,2.63,269.16,1009.1,8418.27,5.13,9.682,4100.0,0.009,PM2.5-1HR
945,DEU_DEBE065,2025-07-12,9.34,15.71,94.71,0.97,2.56,273.65,1009.02,8391.58,5.5,10.2,4100.0,0.004,PM2.5-1HR
945,DEU_DEBE068,2025-07-12,6.41,15.71,94.71,0.97,2.56,273.65,1009.02,6915.53,5.45,10.13,4100.0,0.072,PM2.5-1HR
945,DEU_DEBE069,2025-07-12,9.29,15.7,94.67,1,2.63,269.16,1009.1,8191.19,5.57,10.298,4100.0,0.012,PM2.5-1HR
945,DEU_DEBE125,2025-07-12,8.41,15.7,94.67,1,2.63,269.16,1009.1,6357.97,5.45,10.13,4100.0,0.01,PM2.5-1HR
945,DEU_DEBE126,2025-07-12,8.15,15.7,94.67,1,2.63,269.16,1009.1,8426.55,5.45,10.13,4100.0,0.007,PM2.5-1HR
945,DEU_DEBE127,2025-07-12,8.77,15.7,94.67,1,2.63,269.16,1009.1,7640.61,5.67,10.438,4100.0,0.056,PM2.5-1HR
945,DEU_DEBE010,2025-07-13,7.17,17.89,84.88,0.46,1.74,227.45,1009.22,7325,5.27,9.878,4100.0,0.044,PM2.5-1HR
945,DEU_DEBE032,2025-07-13,5.65,17.92,85.54,0.38,1.75,241.23,1009.25,0,3.53,7.442,4100.0,0.861,PM2.5-1HR
945,DEU_DEBE034,2025-07-13,8.19,17.97,85.29,0.23,1.84,229.46,1009.25,8636.93,5.35,9.99,4100.0,0.331,PM2.5-1HR
945,DEU_DEBE051,2025-07-13,6.88,17.37,88.71,0.38,1.67,189.93,1009.19,465.56,5.47,10.158,4100.0,0.134,PM2.5-1HR
945,DEU_DEBE056,2025-07-13,6.26,17.55,89.13,0.61,2.14,192.35,1009.39,343.06,4.31,8.534,4100.0,0.106,PM2.5-1HR
945,DEU_DEBE061,2025-07-13,6.66,17.97,85.29,0.23,1.84,229.46,1009.25,8418.27,5.03,9.542,4100.0,0.009,PM2.5-1HR
945,DEU_DEBE065,2025-07-13,8.93,17.89,84.88,0.46,1.74,227.45,1009.22,8391.58,5.49,10.186,4100.0,0.004,PM2.5-1HR
945,DEU_DEBE068,2025-07-13,7.4,17.89,84.88,0.46,1.74,227.45,1009.22,6915.53,5.35,9.99,4100.0,0.072,PM2.5-1HR
945,DEU_DEBE069,2025-07-13,8.64,17.97,85.29,0.23,1.84,229.46,1009.25,8191.19,5.41,10.074,4100.0,0.012,PM2.5-1HR
945,DEU_DEBE125,2025-07-13,7.85,17.97,85.29,0.23,1.84,229.46,1009.25,6357.97,5.35,9.99,4100.0,0.01,PM2.5-1HR
945,DEU_DEBE127,2025-07-13,8.9,17.97,85.29,0.23,1.84,229.46,1009.25,7640.61,5.54,10.256,4100.0,0.056,PM2.5-1HR
945,DEU_DEBE010,2025-07-14,8.72,19.55,82.13,0.34,1.37,244.29,1012.49,7325,7.26,12.664,4100.0,0.044,PM2.5-1HR
945,DEU_DEBE032,2025-07-14,7.51,19.39,82.42,0.29,1.42,245.51,1012.52,0,5.65,10.41,4100.0,0.861,PM2.5-1HR
945,DEU_DEBE034,2025-07-14,10.62,19.68,81.38,0.22,1.38,247,1012.52,8636.93,7.43,12.902,4100.0,0.331,PM2.5-1HR
945,DEU_DEBE051,2025-07-14,7.49,19.03,84.42,0.24,1.76,239.46,1012.45,465.56,5.62,10.368,4100.0,0.134,PM2.5-1HR
945,DEU_DEBE056,2025-07-14,9.85,19.4,83.71,0.1,1.69,230.85,1012.54,343.06,6.05,10.97,4100.0,0.106,PM2.5-1HR
945,DEU_DEBE061,2025-07-14,9.31,19.68,81.38,0.22,1.38,247,1012.52,8418.27,7.19,12.566,4100.0,0.009,PM2.5-1HR
945,DEU_DEBE065,2025-07-14,11.43,19.55,82.13,0.34,1.37,244.29,1012.49,8391.58,7.59,13.126,4100.0,0.004,PM2.5-1HR
945,DEU_DEBE068,2025-07-14,9.52,19.55,82.13,0.34,1.37,244.29,1012.49,6915.53,7.43,12.902,4100.0,0.072,PM2.5-1HR
945,DEU_DEBE069,2025-07-14,12.29,19.68,81.38,0.22,1.38,247,1012.52,8191.19,7.57,13.098,4100.0,0.012,PM2.5-1HR
945,DEU_DEBE125,2025-07-14,10.98,19.68,81.38,0.22,1.38,247,1012.52,6357.97,7.43,12.902,4100.0,0.01,PM2.5-1HR
945,DEU_DEBE126,2025-07-14,11.91,19.68,81.38,0.22,1.38,247,1012.52,8426.55,7.43,12.902,4100.0,0.007,PM2.5-1HR
945,DEU_DEBE127,2025-07-14,12.44,19.68,81.38,0.22,1.38,247,1012.52,7640.61,7.57,13.098,4100.0,0.056,PM2.5-1HR
945,DEU_DEBE010,2025-07-15,9.87,18.89,80.17,0.13,2.79,269.75,1014.66,7325,7.61,13.154,4100.0,0.044,PM2.5-1HR
945,DEU_DEBE032,2025-07-15,8.57,18.89,80.04,0.22,2.9,275.37,1014.8,0,5.83,10.662,4100.0,0.861,PM2.5-1HR
945,DEU_DEBE034,2025-07-15,10.79,18.99,79.83,0.17,2.78,271.53,1014.73,8636.93,7.81,13.434,4100.0,0.331,PM2.5-1HR
945,DEU_DEBE051,2025-07-15,8.91,18.37,82.46,0.25,2.91,266.05,1014.53,465.56,6.45,11.53,4100.0,0.134,PM2.5-1HR
945,DEU_DEBE056,2025-07-15,9.03,19.01,81.54,0.16,2.82,269.54,1014.62,343.06,5.47,10.158,4100.0,0.106,PM2.5-1HR
945,DEU_DEBE061,2025-07-15,10.2,18.99,79.83,0.17,2.78,271.53,1014.73,8418.27,7.44,12.916,4100.0,0.009,PM2.5-1HR
945,DEU_DEBE065,2025-07-15,11.26,18.89,80.17,0.13,2.79,269.75,1014.66,8391.58,7.98,13.672,4100.0,0.004,PM2.5-1HR
945,DEU_DEBE068,2025-07-15,9.98,18.89,80.17,0.13,2.79,269.75,1014.66,6915.53,7.81,13.434,4100.0,0.072,PM2.5-1HR
945,DEU_DEBE069,2025-07-15,13.33,18.99,79.83,0.17,2.78,271.53,1014.73,8191.19,7.8,13.42,4100.0,0.012,PM2.5-1HR
945,DEU_DEBE125,2025-07-15,11.36,18.99,79.83,0.17,2.78,271.53,1014.73,6357.97,7.81,13.434,4100.0,0.01,PM2.5-1HR
945,DEU_DEBE126,2025-07-15,11.86,18.99,79.83,0.17,2.78,271.53,1014.73,8426.55,7.81,13.434,4100.0,0.007,PM2.5-1HR
945,DEU_DEBE127,2025-07-15,12.17,18.99,79.83,0.17,2.78,271.53,1014.73,7640.61,7.93,13.602,4100.0,0.056,PM2.5-1HR
945,DEU_DEBE010,2025-07-16,7.61,17.28,75.5,0.23,1.9,253.03,1012.53,7325,6.59,11.726,4100.0,0.044,PM2.5-1HR
945,DEU_DEBE032,2025-07-16,6.01,17.24,77.29,0.19,1.91,253.73,1012.6,0,4.99,9.486,4100.0,0.861,PM2.5-1HR
945,DEU_DEBE034,2025-07-16,8.19,17.35,76.13,0.27,1.92,250.71,1012.57,8636.93,6.86,12.104,4100.0,0.331,PM2.5-1HR
945,DEU_DEBE051,2025-07-16,5.39,16.79,75.96,0.2,2.17,261.92,1012.45,465.56,4.19,8.366,4100.0,0.134,PM2.5-1HR
945,DEU_DEBE056,2025-07-16,6.39,17.41,76.04,0.2,2.39,256.87,1012.58,343.06,4.45,8.73,4100.0,0.106,PM2.5-1HR
945,DEU_DEBE061,2025-07-16,7.21,17.35,76.13,0.27,1.92,250.71,1012.57,8418.27,6.6,11.74,4100.0,0.009,PM2.5-1HR
945,DEU_DEBE065,2025-07-16,9.84,17.28,75.5,0.23,1.9,253.03,1012.53,8391.58,6.88,12.132,4100.0,0.004,PM2.5-1HR
945,DEU_DEBE068,2025-07-16,7.31,17.28,75.5,0.23,1.9,253.03,1012.53,6915.53,6.86,12.104,4100.0,0.072,PM2.5-1HR
945,DEU_DEBE069,2025-07-16,10.01,17.35,76.13,0.27,1.92,250.71,1012.57,8191.19,7.02,12.328,4100.0,0.012,PM2.5-1HR
945,DEU_DEBE125,2025-07-16,8.92,17.35,76.13,0.27,1.92,250.71,1012.57,6357.97,6.86,12.104,4100.0,0.01,PM2.5-1HR
945,DEU_DEBE126,2025-07-16,9.48,17.35,76.13,0.27,1.92,250.71,1012.57,8426.55,6.86,12.104,4100.0,0.007,PM2.5-1HR
945,DEU_DEBE127,2025-07-16,9.35,17.35,76.13,0.27,1.92,250.71,1012.57,7640.61,7.04,12.356,4100.0,0.056,PM2.5-1HR
945,DEU_DEBE010,2025-07-17,8.81,16.65,85.38,0.64,3.28,274.97,1011.42,7325,7.58,13.112,4100.0,0.044,PM2.5-1HR
945,DEU_DEBE032,2025-07-17,6.98,16.64,86.88,0.35,3.4,275.49,1011.59,0,5.88,10.732,4100.0,0.861,PM2.5-1HR
945,DEU_DEBE034,2025-07-17,10.02,16.74,85.21,0.38,3.28,275.39,1011.5,8636.93,7.75,13.35,4100.0,0.331,PM2.5-1HR
945,DEU_DEBE051,2025-07-17,6.47,16.23,88.29,0.68,3.46,276.32,1011.26,465.56,5.01,9.514,4100.0,0.134,PM2.5-1HR
945,DEU_DEBE056,2025-07-17,7.46,16.8,86.29,0.23,3.47,271.74,1011.41,343.06,4.77,9.178,4100.0,0.106,PM2.5-1HR
945,DEU_DEBE061,2025-07-17,8.24,16.74,85.21,0.38,3.28,275.39,1011.5,8418.27,7.41,12.874,4100.0,0.009,PM2.5-1HR
945,DEU_DEBE065,2025-07-17,10.99,16.65,85.38,0.64,3.28,274.97,1011.42,8391.58,7.86,13.504,4100.0,0.004,PM2.5-1HR
945,DEU_DEBE068,2025-07-17,8.86,16.65,85.38,0.64,3.28,274.97,1011.42,6915.53,7.75,13.35,4100.0,0.072,PM2.5-1HR
945,DEU_DEBE069,2025-07-17,10.94,16.74,85.21,0.38,3.28,275.39,1011.5,8191.19,7.82,13.448,4100.0,0.012,PM2.5-1HR
945,DEU_DEBE125,2025-07-17,10.56,16.74,85.21,0.38,3.28,275.39,1011.5,6357.97,7.75,13.35,4100.0,0.01,PM2.5-1HR
945,DEU_DEBE126,2025-07-17,10.98,16.74,85.21,0.38,3.28,275.39,1011.5,8426.55,7.75,13.35,4100.0,0.007,PM2.5-1HR
945,DEU_DEBE127,2025-07-17,10.82,16.74,85.21,0.38,3.28,275.39,1011.5,7640.61,7.91,13.574,4100.0,0.056,PM2.5-1HR
945,DEU_DEBE010,2025-07-18,8.95,19.38,80.04,0.03,1.62,0.2,1012.94,7325,7.98,13.672,4100.0,0.044,PM2.5-1HR
945,DEU_DEBE032,2025-07-18,7.49,19.43,79.21,0.03,1.8,1.86,1012.99,0,5.89,10.746,4100.0,0.861,PM2.5-1HR
945,DEU_DEBE034,2025-07-18,10.23,19.47,79.63,0.03,1.75,359.9,1012.93,8636.93,8.34,14.176,4100.0,0.331,PM2.5-1HR
945,DEU_DEBE051,2025-07-18,7.42,19.03,82.25,0.05,1.53,356.18,1012.95,465.56,5.89,10.746,4100.0,0.134,PM2.5-1HR
945,DEU_DEBE056,2025-07-18,8.46,19.29,82.46,0.08,1.63,356.65,1012.8,343.06,5.32,9.948,4100.0,0.106,PM2.5-1HR
945,DEU_DEBE061,2025-07-18,9.09,19.47,79.63,0.03,1.75,359.9,1012.93,8418.27,8,13.7,4100.0,0.009,PM2.5-1HR
945,DEU_DEBE065,2025-07-18,10.55,19.38,80.04,0.03,1.62,0.2,1012.94,8391.58,8.39,14.246,4100.0,0.004,PM2.5-1HR
945,DEU_DEBE068,2025-07-18,9.4,19.38,80.04,0.03,1.62,0.2,1012.94,6915.53,8.34,14.176,4100.0,0.072,PM2.5-1HR
945,DEU_DEBE069,2025-07-18,11.7,19.47,79.63,0.03,1.75,359.9,1012.93,8191.19,8.52,14.428,4100.0,0.012,PM2.5-1HR
945,DEU_DEBE125,2025-07-18,10.66,19.47,79.63,0.03,1.75,359.9,1012.93,6357.97,8.34,14.176,4100.0,0.01,PM2.5-1HR
945,DEU_DEBE126,2025-07-18,11.93,19.47,79.63,0.03,1.75,359.9,1012.93,8426.55,8.34,14.176,4100.0,0.007,PM2.5-1HR
945,DEU_DEBE127,2025-07-18,11.87,19.47,79.63,0.03,1.75,359.9,1012.93,7640.61,8.48,14.372,4100.0,0.056,PM2.5-1HR
945,DEU_DEBE010,2025-07-19,9.91,21.37,71.96,0,0.96,135.23,1011.65,7325,6.48,11.572,4100.0,0.044,PM2.5-1HR
945,DEU_DEBE032,2025-07-19,8.13,21.3,73.25,0,1.14,126.33,1011.56,0,5.5,10.2,4100.0,0.861,PM2.5-1HR
945,DEU_DEBE034,2025-07-19,11.63,21.27,72.75,0,1.05,127.02,1011.61,8636.93,6.68,11.852,4100.0,0.331,PM2.5-1HR
945,DEU_DEBE051,2025-07-19,8.59,21.12,72.08,0.02,0.99,145.37,1011.66,465.56,5.06,9.584,4100.0,0.134,PM2.5-1HR
945,DEU_DEBE056,2025-07-19,9.95,21.18,73.63,0,0.92,72.55,1011.6,343.06,5.49,10.186,4100.0,0.106,PM2.5-1HR
945,DEU_DEBE061,2025-07-19,9.8,21.27,72.75,0,1.05,127.02,1011.61,8418.27,6.44,11.516,4100.0,0.009,PM2.5-1HR
945,DEU_DEBE065,2025-07-19,12.26,21.37,71.96,0,0.96,135.23,1011.65,8391.58,6.73,11.922,4100.0,0.004,PM2.5-1HR
945,DEU_DEBE068,2025-07-19,10.75,21.37,71.96,0,0.96,135.23,1011.65,6915.53,6.68,11.852,4100.0,0.072,PM2.5-1HR
945,DEU_DEBE069,2025-07-19,12.09,21.27,72.75,0,1.05,127.02,1011.61,8191.19,6.73,11.922,4100.0,0.012,PM2.5-1HR
945,DEU_DEBE125,2025-07-19,10.79,21.27,72.75,0,1.05,127.02,1011.61,6357.97,6.68,11.852,4100.0,0.01,PM2.5-1HR
945,DEU_DEBE126,2025-07-19,13,21.27,72.75,0,1.05,127.02,1011.61,8426.55,6.68,11.852,4100.0,0.007,PM2.5-1HR
945,DEU_DEBE127,2025-07-19,12.78,21.27,72.75,0,1.05,127.02,1011.61,7640.61,6.77,11.978,4100.0,0.056,PM2.5-1HR
945,DEU_DEBE010,2025-07-20,10.65,23.45,69.29,0,2.35,94.24,1007.47,7325,8.27,14.078,4100.0,0.044,PM2.5-1HR
945,DEU_DEBE032,2025-07-20,10.01,23.46,69.96,0,2.22,99.67,1007.3,0,7.38,12.832,4100.0,0.861,PM2.5-1HR
945,DEU_DEBE034,2025-07-20,10.75,23.54,69.08,0,2.19,96.64,1007.41,8636.93,8.41,14.274,4100.0,0.331,PM2.5-1HR
945,DEU_DEBE051,2025-07-20,10.22,22.87,71.83,0.01,2.59,94.49,1007.63,465.56,6.63,11.782,4100.0,0.134,PM2.5-1HR
945,DEU_DEBE056,2025-07-20,10.46,23.38,70.38,0,2.17,90.73,1007.45,343.06,6.83,12.062,4100.0,0.106,PM2.5-1HR
945,DEU_DEBE061,2025-07-20,10.91,23.54,69.08,0,2.19,96.64,1007.41,8418.27,8.21,13.994,4100.0,0.009,PM2.5-1HR
945,DEU_DEBE065,2025-07-20,11.53,23.45,69.29,0,2.35,94.24,1007.47,8391.58,8.46,14.344,4100.0,0.004,PM2.5-1HR
945,DEU_DEBE068,2025-07-20,9.83,23.45,69.29,0,2.35,94.24,1007.47,6915.53,8.41,14.274,4100.0,0.072,PM2.5-1HR
945,DEU_DEBE069,2025-07-20,12.96,23.54,69.08,0,2.19,96.64,1007.41,8191.19,8.5,14.4,4100.0,0.012,PM2.5-1HR
945,DEU_DEBE125,2025-07-20,11.71,23.54,69.08,0,2.19,96.64,1007.41,6357.97,8.41,14.274,4100.0,0.01,PM2.5-1HR
945,DEU_DEBE126,2025-07-20,12.87,23.54,69.08,0,2.19,96.64,1007.41,8426.55,8.41,14.274,4100.0,0.007,PM2.5-1HR
945,DEU_DEBE127,2025-07-20,13.14,23.54,69.08,0,2.19,96.64,1007.41,7640.61,8.52,14.428,4100.0,0.056,PM2.5-1HR
945,DEU_DEBE010,2025-07-21,10.05,20.04,84.58,1.85,2.96,255.94,1005.47,7325,4.05,8.17,4100.0,0.044,PM2.5-1HR
945,DEU_DEBE032,2025-07-21,8.44,19.45,89.08,1.78,2.94,257.11,1005.61,0,3.26,7.064,4100.0,0.861,PM2.5-1HR
945,DEU_DEBE034,2025-07-21,11.1,19.91,85,1.73,2.94,252.79,1005.53,8636.93,4.26,8.464,4100.0,0.331,PM2.5-1HR
945,DEU_DEBE051,2025-07-21,10.54,19.73,87.5,1.56,2.93,263.75,1005.39,465.56,3.02,6.728,4100.0,0.134,PM2.5-1HR
945,DEU_DEBE056,2025-07-21,10.16,20.17,85.67,1.39,2.92,256.04,1005.39,343.06,2.79,6.406,4100.0,0.106,PM2.5-1HR
945,DEU_DEBE061,2025-07-21,9.47,19.91,85,1.73,2.94,252.79,1005.53,8418.27,3.97,8.058,4100.0,0.009,PM2.5-1HR
945,DEU_DEBE065,2025-07-21,12.42,20.04,84.58,1.85,2.96,255.94,1005.47,8391.58,4.25,8.45,4100.0,0.004,PM2.5-1HR
945,DEU_DEBE068,2025-07-21,10.52,20.04,84.58,1.85,2.96,255.94,1005.47,6915.53,4.26,8.464,4100.0,0.072,PM2.5-1HR
945,DEU_DEBE069,2025-07-21,12.48,19.91,85,1.73,2.94,252.79,1005.53,8191.19,4.23,8.422,4100.0,0.012,PM2.5-1HR
945,DEU_DEBE125,2025-07-21,11.93,19.91,85,1.73,2.94,252.79,1005.53,6357.97,4.26,8.464,4100.0,0.01,PM2.5-1HR
945,DEU_DEBE126,2025-07-21,12.49,19.91,85,1.73,2.94,252.79,1005.53,8426.55,4.26,8.464,4100.0,0.007,PM2.5-1HR
945,DEU_DEBE127,2025-07-21,12.63,19.91,85,1.73,2.94,252.79,1005.53,7640.61,4.42,8.688,4100.0,0.056,PM2.5-1HR
945,DEU_DEBE010,2025-07-22,6.56,18.01,82.79,0.39,3.49,248.02,1006.03,7325,4.65,9.01,4100.0,0.044,PM2.5-1HR
945,DEU_DEBE032,2025-07-22,6.09,18.34,81.42,0.1,3.53,243.89,1006.12,0,4.24,8.436,4100.0,0.861,PM2.5-1HR
945,DEU_DEBE034,2025-07-22,8.03,18.28,80.79,0.15,3.49,245.12,1006.1,8636.93,4.88,9.332,4100.0,0.331,PM2.5-1HR
945,DEU_DEBE051,2025-07-22,5.29,17.37,86.29,0.5,3.74,247.5,1005.84,465.56,4.15,8.31,4100.0,0.134,PM2.5-1HR
945,DEU_DEBE056,2025-07-22,6.23,18.5,80.58,0.22,3.84,246.13,1006.17,343.06,3.73,7.722,4100.0,0.106,PM2.5-1HR
945,DEU_DEBE061,2025-07-22,6.81,18.28,80.79,0.15,3.49,245.12,1006.1,8418.27,4.77,9.178,4100.0,0.009,PM2.5-1HR
945,DEU_DEBE065,2025-07-22,8.21,18.01,82.79,0.39,3.49,248.02,1006.03,8391.58,4.82,9.248,4100.0,0.004,PM2.5-1HR
945,DEU_DEBE068,2025-07-22,6.86,18.01,82.79,0.39,3.49,248.02,1006.03,6915.53,4.88,9.332,4100.0,0.072,PM2.5-1HR
945,DEU_DEBE069,2025-07-22,9.41,18.28,80.79,0.15,3.49,245.12,1006.1,8191.19,4.92,9.388,4100.0,0.012,PM2.5-1HR
945,DEU_DEBE125,2025-07-22,7.94,18.28,80.79,0.15,3.49,245.12,1006.1,6357.97,4.88,9.332,4100.0,0.01,PM2.5-1HR
945,DEU_DEBE126,2025-07-22,8.47,18.28,80.79,0.15,3.49,245.12,1006.1,8426.55,4.88,9.332,4100.0,0.007,PM2.5-1HR
945,DEU_DEBE127,2025-07-22,8.88,18.28,80.79,0.15,3.49,245.12,1006.1,7640.61,4.98,9.472,4100.0,0.056,PM2.5-1HR
945,DEU_DEBE010,2025-07-23,8.76,17.63,87,1.05,4.44,241.66,1008.12,7325,8.05,13.77,4100.0,0.044,PM2.5-1HR
945,DEU_DEBE032,2025-07-23,6.81,17.88,86.67,0.71,4.3,244,1008.21,0,6.43,11.502,4100.0,0.861,PM2.5-1HR
945,DEU_DEBE034,2025-07-23,10.5,17.92,84.83,0.68,4.12,242.69,1008.25,8636.93,8.3,14.12,4100.0,0.331,PM2.5-1HR
945,DEU_DEBE051,2025-07-23,7.14,16.79,92.88,1.38,5,237.54,1007.84,465.56,5.78,10.592,4100.0,0.134,PM2.5-1HR
945,DEU_DEBE056,2025-07-23,7.22,17.98,86.67,0.68,4.08,239.24,1008.4,343.06,5.72,10.508,4100.0,0.106,PM2.5-1HR
945,DEU_DEBE061,2025-07-23,8.56,17.92,84.83,0.68,4.12,242.69,1008.25,8418.27,7.9,13.56,4100.0,0.009,PM2.5-1HR
945,DEU_DEBE065,2025-07-23,11.47,17.63,87,1.05,4.44,241.66,1008.12,8391.58,8.32,14.148,4100.0,0.004,PM2.5-1HR
945,DEU_DEBE068,2025-07-23,10.6,17.63,87,1.05,4.44,241.66,1008.12,6915.53,8.3,14.12,4100.0,0.072,PM2.5-1HR
945,DEU_DEBE069,2025-07-23,11.05,17.92,84.83,0.68,4.12,242.69,1008.25,8191.19,8.35,14.19,4100.0,0.012,PM2.5-1HR
945,DEU_DEBE125,2025-07-23,10.37,17.92,84.83,0.68,4.12,242.69,1008.25,6357.97,8.3,14.12,4100.0,0.01,PM2.5-1HR
945,DEU_DEBE126,2025-07-23,10.75,17.92,84.83,0.68,4.12,242.69,1008.25,8426.55,8.3,14.12,4100.0,0.007,PM2.5-1HR
945,DEU_DEBE127,2025-07-23,10.88,17.92,84.83,0.68,4.12,242.69,1008.25,7640.61,8.48,14.372,4100.0,0.056,PM2.5-1HR
945,DEU_DEBE010,2025-07-24,8.48,19.45,80.63,0.06,2.62,279.68,1011.29,7325,6.91,12.174,4100.0,0.044,PM2.5-1HR
945,DEU_DEBE032,2025-07-24,7.11,19.58,79.71,0.05,2.7,283.77,1011.38,0,6.04,10.956,4100.0,0.861,PM2.5-1HR
945,DEU_DEBE034,2025-07-24,9.66,19.61,79.67,0.05,2.61,280.26,1011.34,8636.93,7.27,12.678,4100.0,0.331,PM2.5-1HR
945,DEU_DEBE051,2025-07-24,6.87,19.11,83.08,0.08,2.74,271.21,1011.19,465.56,5.47,10.158,4100.0,0.134,PM2.5-1HR
945,DEU_DEBE056,2025-07-24,7.96,19.68,80.08,0.05,2.68,275.91,1011.3,343.06,5.88,10.732,4100.0,0.106,PM2.5-1HR
945,DEU_DEBE061,2025-07-24,8.4,19.61,79.67,0.05,2.61,280.26,1011.34,8418.27,7.07,12.398,4100.0,0.009,PM2.5-1HR
945,DEU_DEBE065,2025-07-24,10.73,19.45,80.63,0.06,2.62,279.68,1011.29,8391.58,7.13,12.482,4100.0,0.004,PM2.5-1HR
945,DEU_DEBE068,2025-07-24,9.43,19.45,80.63,0.06,2.62,279.68,1011.29,6915.53,7.27,12.678,4100.0,0.072,PM2.5-1HR
945,DEU_DEBE069,2025-07-24,11.1,19.61,79.67,0.05,2.61,280.26,1011.34,8191.19,7.49,12.986,4100.0,0.012,PM2.5-1HR
945,DEU_DEBE125,2025-07-24,10.03,19.61,79.67,0.05,2.61,280.26,1011.34,6357.97,7.27,12.678,4100.0,0.01,PM2.5-1HR
945,DEU_DEBE126,2025-07-24,10.32,19.61,79.67,0.05,2.61,280.26,1011.34,8426.55,7.27,12.678,4100.0,0.007,PM2.5-1HR
945,DEU_DEBE127,2025-07-24,10.83,19.61,79.67,0.05,2.61,280.26,1011.34,7640.61,7.48,12.972,4100.0,0.056,PM2.5-1HR
945,DEU_DEBE010,2025-07-25,9.32,19.86,84.17,0.32,2.39,272.4,1013.55,7325,6.79,12.006,4100.0,0.044,PM2.5-1HR
945,DEU_DEBE032,2025-07-25,8.02,19.76,85.46,0.51,2.39,270.19,1013.63,0,6.14,11.096,4100.0,0.861,PM2.5-1HR
945,DEU_DEBE034,2025-07-25,9.69,19.85,84.33,0.32,2.32,269.4,1013.59,8636.93,7.04,12.356,4100.0,0.331,PM2.5-1HR
945,DEU_DEBE051,2025-07-25,8.21,19.65,85,0.38,2.62,271.05,1013.43,465.56,6.81,12.034,4100.0,0.134,PM2.5-1HR
945,DEU_DEBE056,2025-07-25,8.5,19.78,85.13,0.19,2.38,265.62,1013.54,343.06,5.42,10.088,4100.0,0.106,PM2.5-1HR
945,DEU_DEBE061,2025-07-25,9.31,19.85,84.33,0.32,2.32,269.4,1013.59,8418.27,6.91,12.174,4100.0,0.009,PM2.5-1HR
945,DEU_DEBE065,2025-07-25,11.2,19.86,84.17,0.32,2.39,272.4,1013.55,8391.58,6.96,12.244,4100.0,0.004,PM2.5-1HR
945,DEU_DEBE068,2025-07-25,9.76,19.86,84.17,0.32,2.39,272.4,1013.55,6915.53,7.04,12.356,4100.0,0.072,PM2.5-1HR
945,DEU_DEBE069,2025-07-25,12.08,19.85,84.33,0.32,2.32,269.4,1013.59,8191.19,7.12,12.468,4100.0,0.012,PM2.5-1HR
945,DEU_DEBE125,2025-07-25,10.49,19.85,84.33,0.32,2.32,269.4,1013.59,6357.97,7.04,12.356,4100.0,0.01,PM2.5-1HR
945,DEU_DEBE126,2025-07-25,11.17,19.85,84.33,0.32,2.32,269.4,1013.59,8426.55,7.04,12.356,4100.0,0.007,PM2.5-1HR
945,DEU_DEBE127,2025-07-25,11.44,19.85,84.33,0.32,2.32,269.4,1013.59,7640.61,7.11,12.454,4100.0,0.056,PM2.5-1HR
945,DEU_DEBE010,2025-07-26,7.14,18.83,82.13,0.03,1.92,300.07,1014.84,7325,4.55,8.87,4100.0,0.044,PM2.5-1HR
945,DEU_DEBE032,2025-07-26,5.96,18.78,82.25,0.03,2.08,298.5,1014.93,0,3.3,7.12,4100.0,0.861,PM2.5-1HR
945,DEU_DEBE034,2025-07-26,8.43,18.85,82.42,0.02,1.93,300.6,1014.87,8636.93,4.86,9.304,4100.0,0.331,PM2.5-1HR
945,DEU_DEBE051,2025-07-26,6.19,18.53,82.63,0.02,2.05,295.56,1014.79,465.56,3.78,7.792,4100.0,0.134,PM2.5-1HR
945,DEU_DEBE056,2025-07-26,7.73,18.85,83.75,0.04,2.15,306.47,1014.76,343.06,4.17,8.338,4100.0,0.106,PM2.5-1HR
945,DEU_DEBE061,2025-07-26,7.2,18.85,82.42,0.02,1.93,300.6,1014.87,8418.27,4.59,8.926,4100.0,0.009,PM2.5-1HR
945,DEU_DEBE065,2025-07-26,9.53,18.83,82.13,0.03,1.92,300.07,1014.84,8391.58,4.87,9.318,4100.0,0.004,PM2.5-1HR
945,DEU_DEBE068,2025-07-26,7.89,18.83,82.13,0.03,1.92,300.07,1014.84,6915.53,4.86,9.304,4100.0,0.072,PM2.5-1HR
945,DEU_DEBE069,2025-07-26,9.63,18.85,82.42,0.02,1.93,300.6,1014.87,8191.19,4.95,9.43,4100.0,0.012,PM2.5-1HR
945,DEU_DEBE125,2025-07-26,10.24,18.85,82.42,0.02,1.93,300.6,1014.87,6357.97,4.86,9.304,4100.0,0.01,PM2.5-1HR
945,DEU_DEBE126,2025-07-26,9.86,18.85,82.42,0.02,1.93,300.6,1014.87,8426.55,4.86,9.304,4100.0,0.007,PM2.5-1HR
945,DEU_DEBE127,2025-07-26,9.72,18.85,82.42,0.02,1.93,300.6,1014.87,7640.61,5,9.5,4100.0,0.056,PM2.5-1HR
945,DEU_DEBE010,2025-07-27,8.06,19.67,73.04,0.03,1.02,326.89,1011.06,7325,7.11,12.454,4100.0,0.044,PM2.5-1HR
945,DEU_DEBE032,2025-07-27,6.7,19.77,73.75,0.04,0.99,311.63,1011.05,0,6.21,11.194,4100.0,0.861,PM2.5-1HR
945,DEU_DEBE034,2025-07-27,8.84,19.74,73.29,0.03,1,322.12,1011.07,8636.93,7.32,12.748,4100.0,0.331,PM2.5-1HR
945,DEU_DEBE051,2025-07-27,7.87,19.08,74.04,0.01,1.1,307.61,1011.06,465.56,5.41,10.074,4100.0,0.134,PM2.5-1HR
945,DEU_DEBE056,2025-07-27,8.68,19.85,72.88,0,1.44,321.39,1010.95,343.06,6.02,10.928,4100.0,0.106,PM2.5-1HR
945,DEU_DEBE061,2025-07-27,8.61,19.74,73.29,0.03,1,322.12,1011.07,8418.27,7.14,12.496,4100.0,0.009,PM2.5-1HR
945,DEU_DEBE065,2025-07-27,10.79,19.67,73.04,0.03,1.02,326.89,1011.06,8391.58,7.3,12.72,4100.0,0.004,PM2.5-1HR
945,DEU_DEBE068,2025-07-27,8.38,19.67,73.04,0.03,1.02,326.89,1011.06,6915.53,7.32,12.748,4100.0,0.072,PM2.5-1HR
945,DEU_DEBE069,2025-07-27,10.74,19.74,73.29,0.03,1,322.12,1011.07,8191.19,7.46,12.944,4100.0,0.012,PM2.5-1HR
945,DEU_DEBE125,2025-07-27,9.54,19.74,73.29,0.03,1,322.12,1011.07,6357.97,7.32,12.748,4100.0,0.01,PM2.5-1HR
945,DEU_DEBE126,2025-07-27,10.41,19.74,73.29,0.03,1,322.12,1011.07,8426.55,7.32,12.748,4100.0,0.007,PM2.5-1HR
945,DEU_DEBE127,2025-07-27,10.77,19.74,73.29,0.03,1,322.12,1011.07,7640.61,7.44,12.916,4100.0,0.056,PM2.5-1HR
945,DEU_DEBE010,2025-07-28,8.07,18.33,80.29,0.18,3.35,317.93,1009.66,7325,6.35,11.39,4100.0,0.044,PM2.5-1HR
945,DEU_DEBE032,2025-07-28,7.98,18.3,81.67,0.29,3.46,318.98,1009.86,0,5.49,10.186,4100.0,0.861,PM2.5-1HR
945,DEU_DEBE034,2025-07-28,8.43,18.4,80.42,0.34,3.3,317.65,1009.68,8636.93,6.53,11.642,4100.0,0.331,PM2.5-1HR
945,DEU_DEBE051,2025-07-28,6.76,18.18,79.79,0.12,3.42,321.31,1009.6,465.56,4.73,9.122,4100.0,0.134,PM2.5-1HR
945,DEU_DEBE056,2025-07-28,7.39,18.48,79.88,0.08,3.45,318.95,1009.38,343.06,5.12,9.668,4100.0,0.106,PM2.5-1HR
945,DEU_DEBE061,2025-07-28,8.69,18.4,80.42,0.34,3.3,317.65,1009.68,8418.27,6.4,11.46,4100.0,0.009,PM2.5-1HR
945,DEU_DEBE065,2025-07-28,9.07,18.33,80.29,0.18,3.35,317.93,1009.66,8391.58,6.52,11.628,4100.0,0.004,PM2.5-1HR
945,DEU_DEBE068,2025-07-28,8.18,18.33,80.29,0.18,3.35,317.93,1009.66,6915.53,6.53,11.642,4100.0,0.072,PM2.5-1HR
945,DEU_DEBE069,2025-07-28,10.52,18.4,80.42,0.34,3.3,317.65,1009.68,8191.19,6.69,11.866,4100.0,0.012,PM2.5-1HR
945,DEU_DEBE125,2025-07-28,9.53,18.4,80.42,0.34,3.3,317.65,1009.68,6357.97,6.53,11.642,4100.0,0.01,PM2.5-1HR
945,DEU_DEBE126,2025-07-28,10.04,18.4,80.42,0.34,3.3,317.65,1009.68,8426.55,6.53,11.642,4100.0,0.007,PM2.5-1HR
945,DEU_DEBE127,2025-07-28,9.51,18.4,80.42,0.34,3.3,317.65,1009.68,7640.61,6.67,11.838,4100.0,0.056,PM2.5-1HR
945,DEU_DEBE010,2025-07-29,5.41,17.09,75.58,0.05,3.76,277.08,1013,7325,4.92,9.388,4100.0,0.044,PM2.5-1HR
945,DEU_DEBE032,2025-07-29,4.97,17.18,75.58,0.07,3.85,277.58,1013.21,0,3.73,7.722,4100.0,0.861,PM2.5-1HR
945,DEU_DEBE034,2025-07-29,6.45,17.2,75.04,0.05,3.68,277.5,1013.1,8636.93,5.21,9.794,4100.0,0.331,PM2.5-1HR
945,DEU_DEBE051,2025-07-29,4.61,16.89,75.13,0.06,4.1,274.9,1012.81,465.56,3.09,6.826,4100.0,0.134,PM2.5-1HR
945,DEU_DEBE056,2025-07-29,5.05,17.48,74.75,0.03,3.86,277.19,1012.97,343.06,3.47,7.358,4100.0,0.106,PM2.5-1HR
945,DEU_DEBE061,2025-07-29,5.54,17.2,75.04,0.05,3.68,277.5,1013.1,8418.27,4.9,9.36,4100.0,0.009,PM2.5-1HR
945,DEU_DEBE065,2025-07-29,7.47,17.09,75.58,0.05,3.76,277.08,1013,8391.58,5.21,9.794,4100.0,0.004,PM2.5-1HR
945,DEU_DEBE068,2025-07-29,6.17,17.09,75.58,0.05,3.76,277.08,1013,6915.53,5.21,9.794,4100.0,0.072,PM2.5-1HR
945,DEU_DEBE069,2025-07-29,7.99,17.2,75.04,0.05,3.68,277.5,1013.1,8191.19,5.27,9.878,4100.0,0.012,PM2.5-1HR
945,DEU_DEBE125,2025-07-29,7.01,17.2,75.04,0.05,3.68,277.5,1013.1,6357.97,5.21,9.794,4100.0,0.01,PM2.5-1HR
945,DEU_DEBE126,2025-07-29,7.37,17.2,75.04,0.05,3.68,277.5,1013.1,8426.55,5.21,9.794,4100.0,0.007,PM2.5-1HR
945,DEU_DEBE127,2025-07-29,7.29,17.2,75.04,0.05,3.68,277.5,1013.1,7640.61,5.38,10.032,4100.0,0.056,PM2.5-1HR
945,DEU_DEBE010,2025-07-30,5.45,17.18,68.25,0,2.72,252.06,1013.76,7325,5.06,9.584,4100.0,0.044,PM2.5-1HR
945,DEU_DEBE032,2025-07-30,4.75,17.37,67.88,0,2.82,255.09,1013.81,0,3.83,7.862,4100.0,0.861,PM2.5-1HR
945,DEU_DEBE034,2025-07-30,6.05,17.35,67.33,0,2.68,254.36,1013.81,8636.93,5.26,9.864,4100.0,0.331,PM2.5-1HR
945,DEU_DEBE051,2025-07-30,4.74,16.77,69.17,0.02,2.99,244.18,1013.63,465.56,3.56,7.484,4100.0,0.134,PM2.5-1HR
945,DEU_DEBE056,2025-07-30,4.91,17.44,68.46,0.02,2.61,253.3,1013.86,343.06,3.4,7.26,4100.0,0.106,PM2.5-1HR
945,DEU_DEBE061,2025-07-30,5.38,17.35,67.33,0,2.68,254.36,1013.81,8418.27,5.02,9.528,4100.0,0.009,PM2.5-1HR
945,DEU_DEBE065,2025-07-30,7.17,17.18,68.25,0,2.72,252.06,1013.76,8391.58,5.31,9.934,4100.0,0.004,PM2.5-1HR
945,DEU_DEBE068,2025-07-30,6.43,17.18,68.25,0,2.72,252.06,1013.76,6915.53,5.26,9.864,4100.0,0.072,PM2.5-1HR
945,DEU_DEBE069,2025-07-30,7.67,17.35,67.33,0,2.68,254.36,1013.81,8191.19,5.35,9.99,4100.0,0.012,PM2.5-1HR
945,DEU_DEBE125,2025-07-30,6.82,17.35,67.33,0,2.68,254.36,1013.81,6357.97,5.26,9.864,4100.0,0.01,PM2.5-1HR
945,DEU_DEBE126,2025-07-30,7.66,17.35,67.33,0,2.68,254.36,1013.81,8426.55,5.26,9.864,4100.0,0.007,PM2.5-1HR
945,DEU_DEBE127,2025-07-30,7.53,17.35,67.33,0,2.68,254.36,1013.81,7640.61,5.41,10.074,4100.0,0.056,PM2.5-1HR
945,DEU_DEBE127,2025-07-31,9.06,16.56,76.04,0.09,3.51,238.84,1012.12,7640.61,6.57,11.698,4100.0,0.056,PM2.5-1HR
945,DEU_DEBE010,2025-07-31,6.68,16.44,76.46,0.13,3.61,238.27,1012.01,7325,6,10.9,4100.0,0.044,PM2.5-1HR
945,DEU_DEBE032,2025-07-31,6.09,16.63,76.79,0.08,3.67,239.19,1012.07,0,4.54,8.856,4100.0,0.861,PM2.5-1HR
945,DEU_DEBE034,2025-07-31,8.04,16.56,76.04,0.09,3.51,238.84,1012.12,8636.93,6.35,11.39,4100.0,0.331,PM2.5-1HR
945,DEU_DEBE051,2025-07-31,5.38,15.78,82.38,0.35,3.58,235.49,1011.83,465.56,3.77,7.778,4100.0,0.134,PM2.5-1HR
945,DEU_DEBE056,2025-07-31,6.02,16.53,77.63,0.11,3.24,236.14,1012.26,343.06,4.39,8.646,4100.0,0.106,PM2.5-1HR
945,DEU_DEBE061,2025-07-31,7.18,16.56,76.04,0.09,3.51,238.84,1012.12,8418.27,6.06,10.984,4100.0,0.009,PM2.5-1HR
945,DEU_DEBE065,2025-07-31,8.85,16.44,76.46,0.13,3.61,238.27,1012.01,8391.58,6.37,11.418,4100.0,0.004,PM2.5-1HR
945,DEU_DEBE068,2025-07-31,7.84,16.44,76.46,0.13,3.61,238.27,1012.01,6915.53,6.35,11.39,4100.0,0.072,PM2.5-1HR
945,DEU_DEBE069,2025-07-31,10.02,16.56,76.04,0.09,3.51,238.84,1012.12,8191.19,6.51,11.614,4100.0,0.012,PM2.5-1HR
945,DEU_DEBE125,2025-07-31,8.55,16.56,76.04,0.09,3.51,238.84,1012.12,6357.97,6.35,11.39,4100.0,0.01,PM2.5-1HR
945,DEU_DEBE126,2025-07-31,9.76,16.56,76.04,0.09,3.51,238.84,1012.12,8426.55,6.35,11.39,4100.0,0.007,PM2.5-1HR
945,DEU_DEBE010,2025-08-01,7.21,17.16,82.46,0.23,2.52,235.78,1008.7,7325,6.75,11.95,4100.0,0.044,PM2.5-1HR
945,DEU_DEBE032,2025-08-01,6.33,17.06,84.54,0.28,2.39,235.01,1008.76,0,5.47,10.158,4100.0,0.861,PM2.5-1HR
945,DEU_DEBE034,2025-08-01,8.9,17.09,83.29,0.35,2.41,235.57,1008.77,8636.93,7.09,12.426,4100.0,0.331,PM2.5-1HR
945,DEU_DEBE051,2025-08-01,5.9,16.9,82.92,0.22,2.82,237,1008.52,465.56,4.52,8.828,4100.0,0.134,PM2.5-1HR
945,DEU_DEBE056,2025-08-01,6.86,17.18,82.88,0.27,2.58,239.58,1008.81,343.06,5.6,10.34,4100.0,0.106,PM2.5-1HR
945,DEU_DEBE061,2025-08-01,7.28,17.09,83.29,0.35,2.41,235.57,1008.77,8418.27,6.85,12.09,4100.0,0.009,PM2.5-1HR
945,DEU_DEBE065,2025-08-01,9.5,17.16,82.46,0.23,2.52,235.78,1008.7,8391.58,7.09,12.426,4100.0,0.004,PM2.5-1HR
945,DEU_DEBE068,2025-08-01,7.72,17.16,82.46,0.23,2.52,235.78,1008.7,6915.53,7.09,12.426,4100.0,0.072,PM2.5-1HR
945,DEU_DEBE069,2025-08-01,10.36,17.09,83.29,0.35,2.41,235.57,1008.77,8191.19,7.27,12.678,4100.0,0.012,PM2.5-1HR
945,DEU_DEBE125,2025-08-01,8.77,17.09,83.29,0.35,2.41,235.57,1008.77,6357.97,7.09,12.426,4100.0,0.01,PM2.5-1HR
945,DEU_DEBE126,2025-08-01,9.9,17.09,83.29,0.35,2.41,235.57,1008.77,8426.55,7.09,12.426,4100.0,0.007,PM2.5-1HR
945,DEU_DEBE127,2025-08-01,9.45,17.09,83.29,0.35,2.41,235.57,1008.77,7640.61,7.26,12.664,4100.0,0.056,PM2.5-1HR
945,DEU_DEBE010,2025-08-02,6.11,17.39,80.29,0.13,2.64,243.85,1009.87,7325,5.21,9.794,4100.0,0.044,PM2.5-1HR
945,DEU_DEBE032,2025-08-02,5.47,17.39,80.79,0.15,2.6,245.82,1009.94,0,3.82,7.848,4100.0,0.861,PM2.5-1HR
945,DEU_DEBE034,2025-08-02,8.42,17.53,79.63,0.26,2.53,246.98,1009.93,8636.93,5.43,10.102,4100.0,0.331,PM2.5-1HR
945,DEU_DEBE051,2025-08-02,5.56,17.08,81.83,0.14,2.8,237.44,1009.77,465.56,4.23,8.422,4100.0,0.134,PM2.5-1HR
945,DEU_DEBE056,2025-08-02,6.16,17.67,78.75,0.07,2.52,246.44,1009.95,343.06,3.41,7.274,4100.0,0.106,PM2.5-1HR
945,DEU_DEBE061,2025-08-02,6.28,17.53,79.63,0.26,2.53,246.98,1009.93,8418.27,5.15,9.71,4100.0,0.009,PM2.5-1HR
945,DEU_DEBE065,2025-08-02,8.77,17.39,80.29,0.13,2.64,243.85,1009.87,8391.58,5.58,10.312,4100.0,0.004,PM2.5-1HR
945,DEU_DEBE068,2025-08-02,6.9,17.39,80.29,0.13,2.64,243.85,1009.87,6915.53,5.43,10.102,4100.0,0.072,PM2.5-1HR
945,DEU_DEBE069,2025-08-02,8.33,17.53,79.63,0.26,2.53,246.98,1009.93,8191.19,5.45,10.13,4100.0,0.012,PM2.5-1HR
945,DEU_DEBE125,2025-08-02,7.19,17.53,79.63,0.26,2.53,246.98,1009.93,6357.97,5.43,10.102,4100.0,0.01,PM2.5-1HR
945,DEU_DEBE126,2025-08-02,8.6,17.53,79.63,0.26,2.53,246.98,1009.93,8426.55,5.43,10.102,4100.0,0.007,PM2.5-1HR
945,DEU_DEBE127,2025-08-02,8.42,17.53,79.63,0.26,2.53,246.98,1009.93,7640.61,5.57,10.298,4100.0,0.056,PM2.5-1HR
945,DEU_DEBE010,2025-08-03,5.55,16.31,81,0.04,3.3,263.99,1014.71,7325,4.13,8.282,4100.0,0.044,PM2.5-1HR
945,DEU_DEBE032,2025-08-03,4.95,16.41,81.29,0.09,3.39,263.53,1014.83,0,2.84,6.476,4100.0,0.861,PM2.5-1HR
945,DEU_DEBE034,2025-08-03,6.41,16.46,80.46,0.08,3.21,265.14,1014.78,8636.93,4.38,8.632,4100.0,0.331,PM2.5-1HR
945,DEU_DEBE051,2025-08-03,4.75,16.12,81.29,0.05,3.51,258.54,1014.53,465.56,3.03,6.742,4100.0,0.134,PM2.5-1HR
945,DEU_DEBE056,2025-08-03,5.14,16.78,79.63,0.05,3.33,268.92,1014.73,343.06,2.83,6.462,4100.0,0.106,PM2.5-1HR
945,DEU_DEBE061,2025-08-03,5.16,16.46,80.46,0.08,3.21,265.14,1014.78,8418.27,4.09,8.226,4100.0,0.009,PM2.5-1HR
945,DEU_DEBE065,2025-08-03,7.31,16.31,81,0.04,3.3,263.99,1014.71,8391.58,4.47,8.758,4100.0,0.004,PM2.5-1HR
945,DEU_DEBE068,2025-08-03,5.82,16.31,81,0.04,3.3,263.99,1014.71,6915.53,4.38,8.632,4100.0,0.072,PM2.5-1HR
945,DEU_DEBE069,2025-08-03,7.55,16.46,80.46,0.08,3.21,265.14,1014.78,8191.19,4.44,8.716,4100.0,0.012,PM2.5-1HR
945,DEU_DEBE125,2025-08-03,6.41,16.46,80.46,0.08,3.21,265.14,1014.78,6357.97,4.38,8.632,4100.0,0.01,PM2.5-1HR
945,DEU_DEBE126,2025-08-03,6.85,16.46,80.46,0.08,3.21,265.14,1014.78,8426.55,4.38,8.632,4100.0,0.007,PM2.5-1HR
945,DEU_DEBE127,2025-08-03,7.17,16.46,80.46,0.08,3.21,265.14,1014.78,7640.61,4.55,8.87,4100.0,0.056,PM2.5-1HR
945,DEU_DEBE010,2025-08-04,6.89,17.55,80.17,0.35,3.13,224.33,1015.24,7325,4.61,8.954,4100.0,0.044,PM2.5-1HR
945,DEU_DEBE032,2025-08-04,5.86,17.78,80,0.28,3.23,226.63,1015.25,0,3.54,7.456,4100.0,0.861,PM2.5-1HR
945,DEU_DEBE034,2025-08-04,8.09,17.69,80,0.25,3.05,225.89,1015.33,8636.93,4.86,9.304,4100.0,0.331,PM2.5-1HR
945,DEU_DEBE051,2025-08-04,5.77,17.4,80.46,0.24,3.37,221.15,1015.04,465.56,3.33,7.162,4100.0,0.134,PM2.5-1HR
945,DEU_DEBE056,2025-08-04,5.71,17.59,81.71,0.15,3.18,226.28,1015.51,343.06,3.15,6.91,4100.0,0.106,PM2.5-1HR
945,DEU_DEBE061,2025-08-04,6.68,17.69,80,0.25,3.05,225.89,1015.33,8418.27,4.63,8.982,4100.0,0.009,PM2.5-1HR
945,DEU_DEBE065,2025-08-04,8.71,17.55,80.17,0.35,3.13,224.33,1015.24,8391.58,4.92,9.388,4100.0,0.004,PM2.5-1HR
945,DEU_DEBE068,2025-08-04,8.01,17.55,80.17,0.35,3.13,224.33,1015.24,6915.53,4.86,9.304,4100.0,0.072,PM2.5-1HR
945,DEU_DEBE069,2025-08-04,9.24,17.69,80,0.25,3.05,225.89,1015.33,8191.19,4.9,9.36,4100.0,0.012,PM2.5-1HR
945,DEU_DEBE125,2025-08-04,8.01,17.69,80,0.25,3.05,225.89,1015.33,6357.97,4.86,9.304,4100.0,0.01,PM2.5-1HR
945,DEU_DEBE126,2025-08-04,8.89,17.69,80,0.25,3.05,225.89,1015.33,8426.55,4.86,9.304,4100.0,0.007,PM2.5-1HR
945,DEU_DEBE127,2025-08-04,8.98,17.69,80,0.25,3.05,225.89,1015.33,7640.61,4.98,9.472,4100.0,0.056,PM2.5-1HR
945,DEU_DEBE010,2025-08-05,7.05,17.9,81.13,0.33,3.45,239.75,1014.73,7325,4.9,9.36,4100.0,0.044,PM2.5-1HR
945,DEU_DEBE127,2025-08-05,9.01,17.95,81,0.28,3.48,240.22,1014.83,7640.61,5.19,9.766,4100.0,0.056,PM2.5-1HR
945,DEU_DEBE032,2025-08-05,6.52,17.92,81.17,0.29,3.57,240.1,1014.82,0,4.12,8.268,4100.0,0.861,PM2.5-1HR
945,DEU_DEBE034,2025-08-05,8.12,17.95,81,0.28,3.48,240.22,1014.83,8636.93,5.07,9.598,4100.0,0.331,PM2.5-1HR
945,DEU_DEBE051,2025-08-05,6.02,17.8,80.29,0.25,3.83,239.89,1014.52,465.56,3.52,7.428,4100.0,0.134,PM2.5-1HR
945,DEU_DEBE056,2025-08-05,6.55,17.77,83.58,0.24,3.59,236.51,1014.93,343.06,4.25,8.45,4100.0,0.106,PM2.5-1HR
945,DEU_DEBE061,2025-08-05,7.24,17.95,81,0.28,3.48,240.22,1014.83,8418.27,4.85,9.29,4100.0,0.009,PM2.5-1HR
945,DEU_DEBE065,2025-08-05,8.78,17.9,81.13,0.33,3.45,239.75,1014.73,8391.58,5.13,9.682,4100.0,0.004,PM2.5-1HR
945,DEU_DEBE068,2025-08-05,8.14,17.9,81.13,0.33,3.45,239.75,1014.73,6915.53,5.07,9.598,4100.0,0.072,PM2.5-1HR
945,DEU_DEBE069,2025-08-05,10.16,17.95,81,0.28,3.48,240.22,1014.83,8191.19,5.07,9.598,4100.0,0.012,PM2.5-1HR
945,DEU_DEBE125,2025-08-05,8.64,17.95,81,0.28,3.48,240.22,1014.83,6357.97,5.07,9.598,4100.0,0.01,PM2.5-1HR
945,DEU_DEBE126,2025-08-05,9.01,17.95,81,0.28,3.48,240.22,1014.83,8426.55,5.07,9.598,4100.0,0.007,PM2.5-1HR
945,DEU_DEBE010,2025-08-06,5.38,16.25,68.92,0.03,3.45,265.09,1021.55,7325,4.84,9.276,4100.0,0.044,PM2.5-1HR
945,DEU_DEBE127,2025-08-06,7.68,16.34,69.04,0.02,3.35,266.03,1021.63,7640.61,5.12,9.668,4100.0,0.056,PM2.5-1HR
945,DEU_DEBE032,2025-08-06,5,16.4,69.21,0.02,3.45,266.53,1021.64,0,4.13,8.282,4100.0,0.861,PM2.5-1HR
945,DEU_DEBE034,2025-08-06,7.24,16.34,69.04,0.02,3.35,266.03,1021.63,8636.93,5.03,9.542,4100.0,0.331,PM2.5-1HR
945,DEU_DEBE051,2025-08-06,4.44,15.9,69.13,0.03,3.88,263.44,1021.32,465.56,3.49,7.386,4100.0,0.134,PM2.5-1HR
945,DEU_DEBE056,2025-08-06,4.97,16.34,69.79,0.02,3.49,263.46,1021.65,343.06,3.86,7.904,4100.0,0.106,PM2.5-1HR
945,DEU_DEBE061,2025-08-06,5.71,16.34,69.04,0.02,3.35,266.03,1021.63,8418.27,4.84,9.276,4100.0,0.009,PM2.5-1HR
945,DEU_DEBE065,2025-08-06,7.93,16.25,68.92,0.03,3.45,265.09,1021.55,8391.58,5.02,9.528,4100.0,0.004,PM2.5-1HR
945,DEU_DEBE068,2025-08-06,6.2,16.25,68.92,0.03,3.45,265.09,1021.55,6915.53,5.03,9.542,4100.0,0.072,PM2.5-1HR
945,DEU_DEBE069,2025-08-06,7.98,16.34,69.04,0.02,3.35,266.03,1021.63,8191.19,5.04,9.556,4100.0,0.012,PM2.5-1HR
945,DEU_DEBE125,2025-08-06,7.1,16.34,69.04,0.02,3.35,266.03,1021.63,6357.97,5.03,9.542,4100.0,0.01,PM2.5-1HR
945,DEU_DEBE126,2025-08-06,7.28,16.34,69.04,0.02,3.35,266.03,1021.63,8426.55,5.03,9.542,4100.0,0.007,PM2.5-1HR
945,DEU_DEBE010,2025-08-07,7.55,18.42,67.63,0,1.78,185.12,1019.28,7325,5.24,9.836,4100.0,0.044,PM2.5-1HR
945,DEU_DEBE032,2025-08-07,5.87,18.62,67.08,0,1.78,184.78,1019.2,0,4.17,8.338,4100.0,0.861,PM2.5-1HR
945,DEU_DEBE034,2025-08-07,9.05,18.4,67.54,0,1.76,186.34,1019.29,8636.93,5.43,10.102,4100.0,0.331,PM2.5-1HR
945,DEU_DEBE051,2025-08-07,6.2,18.09,67.42,0,2.01,185.65,1019.24,465.56,4.01,8.114,4100.0,0.134,PM2.5-1HR
945,DEU_DEBE056,2025-08-07,6.39,18.85,66,0,1.95,192.79,1019.38,343.06,3.95,8.03,4100.0,0.106,PM2.5-1HR
945,DEU_DEBE061,2025-08-07,7.98,18.4,67.54,0,1.76,186.34,1019.29,8418.27,5.22,9.808,4100.0,0.009,PM2.5-1HR
945,DEU_DEBE065,2025-08-07,10.1,18.42,67.63,0,1.78,185.12,1019.28,8391.58,5.5,10.2,4100.0,0.004,PM2.5-1HR
945,DEU_DEBE068,2025-08-07,8.41,18.42,67.63,0,1.78,185.12,1019.28,6915.53,5.43,10.102,4100.0,0.072,PM2.5-1HR
945,DEU_DEBE069,2025-08-07,9.48,18.4,67.54,0,1.76,186.34,1019.29,8191.19,5.53,10.242,4100.0,0.012,PM2.5-1HR
945,DEU_DEBE125,2025-08-07,9.61,18.4,67.54,0,1.76,186.34,1019.29,6357.97,5.43,10.102,4100.0,0.01,PM2.5-1HR
945,DEU_DEBE126,2025-08-07,10.43,18.4,67.54,0,1.76,186.34,1019.29,8426.55,5.43,10.102,4100.0,0.007,PM2.5-1HR
945,DEU_DEBE127,2025-08-07,9.93,18.4,67.54,0,1.76,186.34,1019.29,7640.61,5.57,10.298,4100.0,0.056,PM2.5-1HR
945,DEU_DEBE010,2025-08-08,7.97,20.71,66.58,0,1.87,238.49,1016.92,7325,6.49,11.586,4100.0,0.044,PM2.5-1HR
945,DEU_DEBE032,2025-08-08,6.61,20.76,66.04,0,1.99,240.72,1016.92,0,5.2,9.78,4100.0,0.861,PM2.5-1HR
945,DEU_DEBE034,2025-08-08,9.62,20.71,66.83,0,1.93,238.99,1016.95,8636.93,6.78,11.992,4100.0,0.331,PM2.5-1HR
945,DEU_DEBE051,2025-08-08,6.94,20.37,66.42,0,2.06,232.27,1016.84,465.56,5.43,10.102,4100.0,0.134,PM2.5-1HR
945,DEU_DEBE056,2025-08-08,7.61,20.79,65.71,0,2.02,240.23,1017,343.06,5.3,9.92,4100.0,0.106,PM2.5-1HR
945,DEU_DEBE061,2025-08-08,8.1,20.71,66.83,0,1.93,238.99,1016.95,8418.27,6.52,11.628,4100.0,0.009,PM2.5-1HR
945,DEU_DEBE065,2025-08-08,10.82,20.71,66.58,0,1.87,238.49,1016.92,8391.58,6.84,12.076,4100.0,0.004,PM2.5-1HR
945,DEU_DEBE068,2025-08-08,8.03,20.71,66.58,0,1.87,238.49,1016.92,6915.53,6.78,11.992,4100.0,0.072,PM2.5-1HR
945,DEU_DEBE069,2025-08-08,11.03,20.71,66.83,0,1.93,238.99,1016.95,8191.19,6.88,12.132,4100.0,0.012,PM2.5-1HR
945,DEU_DEBE125,2025-08-08,9.69,20.71,66.83,0,1.93,238.99,1016.95,6357.97,6.78,11.992,4100.0,0.01,PM2.5-1HR
945,DEU_DEBE126,2025-08-08,10.47,20.71,66.83,0,1.93,238.99,1016.95,8426.55,6.78,11.992,4100.0,0.007,PM2.5-1HR
945,DEU_DEBE127,2025-08-08,11.52,20.71,66.83,0,1.93,238.99,1016.95,7640.61,6.92,12.188,4100.0,0.056,PM2.5-1HR
945,DEU_DEBE010,2025-08-09,9.95,21.76,69.67,0,1.72,95.82,1019.51,7325,7.75,13.35,4100.0,0.044,PM2.5-1HR
945,DEU_DEBE032,2025-08-09,8.2,21.88,69.21,0,1.78,94.91,1019.45,0,6.58,11.712,4100.0,0.861,PM2.5-1HR
945,DEU_DEBE034,2025-08-09,12.22,22.06,68.5,0,1.75,109.37,1019.47,8636.93,7.9,13.56,4100.0,0.331,PM2.5-1HR
945,DEU_DEBE051,2025-08-09,8.51,21.17,69.5,0,1.86,88.08,1019.57,465.56,5.82,10.648,4100.0,0.134,PM2.5-1HR
945,DEU_DEBE056,2025-08-09,10.23,22.05,67.54,0,1.74,139.35,1019.5,343.06,6.11,11.054,4100.0,0.106,PM2.5-1HR
945,DEU_DEBE061,2025-08-09,9.99,22.06,68.5,0,1.75,109.37,1019.47,8418.27,7.65,13.21,4100.0,0.009,PM2.5-1HR
945,DEU_DEBE065,2025-08-09,12.54,21.76,69.67,0,1.72,95.82,1019.51,8391.58,7.98,13.672,4100.0,0.004,PM2.5-1HR
945,DEU_DEBE068,2025-08-09,10.24,21.76,69.67,0,1.72,95.82,1019.51,6915.53,7.9,13.56,4100.0,0.072,PM2.5-1HR
945,DEU_DEBE069,2025-08-09,12.04,22.06,68.5,0,1.75,109.37,1019.47,8191.19,7.98,13.672,4100.0,0.012,PM2.5-1HR
945,DEU_DEBE125,2025-08-09,11.54,22.06,68.5,0,1.75,109.37,1019.47,6357.97,7.9,13.56,4100.0,0.01,PM2.5-1HR
945,DEU_DEBE126,2025-08-09,12.86,22.06,68.5,0,1.75,109.37,1019.47,8426.55,7.9,13.56,4100.0,0.007,PM2.5-1HR
945,DEU_DEBE127,2025-08-09,13.05,22.06,68.5,0,1.75,109.37,1019.47,7640.61,8.02,13.728,4100.0,0.056,PM2.5-1HR
945,DEU_DEBE010,2025-08-10,7.98,19.84,62.5,0,3.71,307.13,1023.57,7325,5.98,10.872,4100.0,0.044,PM2.5-1HR
945,DEU_DEBE032,2025-08-10,7.46,19.77,63.63,0,3.74,310.94,1023.75,0,5.09,9.626,4100.0,0.861,PM2.5-1HR
945,DEU_DEBE034,2025-08-10,9.07,19.98,62,0,3.68,309.16,1023.63,8636.93,6.16,11.124,4100.0,0.331,PM2.5-1HR
945,DEU_DEBE051,2025-08-10,6.86,19.61,61.88,0,3.91,305.86,1023.45,465.56,4.69,9.066,4100.0,0.134,PM2.5-1HR
945,DEU_DEBE056,2025-08-10,7.66,19.9,64.42,0,3.78,306.88,1023.41,343.06,4.93,9.402,4100.0,0.106,PM2.5-1HR
945,DEU_DEBE061,2025-08-10,8.48,19.98,62,0,3.68,309.16,1023.63,8418.27,5.94,10.816,4100.0,0.009,PM2.5-1HR
945,DEU_DEBE065,2025-08-10,9.59,19.84,62.5,0,3.71,307.13,1023.57,8391.58,6.23,11.222,4100.0,0.004,PM2.5-1HR
945,DEU_DEBE068,2025-08-10,8.13,19.84,62.5,0,3.71,307.13,1023.57,6915.53,6.16,11.124,4100.0,0.072,PM2.5-1HR
945,DEU_DEBE069,2025-08-10,10.08,19.98,62,0,3.68,309.16,1023.63,8191.19,6.22,11.208,4100.0,0.012,PM2.5-1HR
945,DEU_DEBE125,2025-08-10,9.48,19.98,62,0,3.68,309.16,1023.63,6357.97,6.16,11.124,4100.0,0.01,PM2.5-1HR
945,DEU_DEBE126,2025-08-10,10.53,19.98,62,0,3.68,309.16,1023.63,8426.55,6.16,11.124,4100.0,0.007,PM2.5-1HR
945,DEU_DEBE127,2025-08-10,9.94,19.98,62,0,3.68,309.16,1023.63,7640.61,6.31,11.334,4100.0,0.056,PM2.5-1HR
945,DEU_DEBE010,2025-08-11,7.61,19.14,62.08,0,1.11,335.9,1025.54,7325,6.17,11.138,4100.0,0.044,PM2.5-1HR
945,DEU_DEBE032,2025-08-11,6.06,19.11,66,0,0.99,333.66,1025.51,0,5.28,9.892,4100.0,0.861,PM2.5-1HR
945,DEU_DEBE034,2025-08-11,8.43,19.4,61.83,0,1,345.7,1025.52,8636.93,6.41,11.474,4100.0,0.331,PM2.5-1HR
945,DEU_DEBE051,2025-08-11,5.71,18.48,63.88,0,1.17,268.38,1025.56,465.56,4.44,8.716,4100.0,0.134,PM2.5-1HR
945,DEU_DEBE056,2025-08-11,7.07,19.03,67.5,0,1.1,40.18,1025.53,343.06,5.18,9.752,4100.0,0.106,PM2.5-1HR
945,DEU_DEBE061,2025-08-11,8.13,19.4,61.83,0,1,345.7,1025.52,8418.27,6.2,11.18,4100.0,0.009,PM2.5-1HR
945,DEU_DEBE065,2025-08-11,9.94,19.14,62.08,0,1.11,335.9,1025.54,8391.58,6.37,11.418,4100.0,0.004,PM2.5-1HR
945,DEU_DEBE068,2025-08-11,7.49,19.14,62.08,0,1.11,335.9,1025.54,6915.53,6.41,11.474,4100.0,0.072,PM2.5-1HR
945,DEU_DEBE069,2025-08-11,10.24,19.4,61.83,0,1,345.7,1025.52,8191.19,6.54,11.656,4100.0,0.012,PM2.5-1HR
945,DEU_DEBE125,2025-08-11,8.95,19.4,61.83,0,1,345.7,1025.52,6357.97,6.41,11.474,4100.0,0.01,PM2.5-1HR
945,DEU_DEBE126,2025-08-11,11.17,19.4,61.83,0,1,345.7,1025.52,8426.55,6.41,11.474,4100.0,0.007,PM2.5-1HR
945,DEU_DEBE127,2025-08-11,10.54,19.4,61.83,0,1,345.7,1025.52,7640.61,6.58,11.712,4100.0,0.056,PM2.5-1HR
945,DEU_DEBE010,2025-08-12,8.43,21.82,56.92,0,1.92,108.42,1020.7,7325,6.45,11.53,4100.0,0.044,PM2.5-1HR
945,DEU_DEBE032,2025-08-12,7.1,21.76,59.46,0,1.85,112.84,1020.56,0,5.66,10.424,4100.0,0.861,PM2.5-1HR
945,DEU_DEBE034,2025-08-12,8.92,22.05,57.08,0,1.9,110.3,1020.64,8636.93,6.66,11.824,4100.0,0.331,PM2.5-1HR
945,DEU_DEBE051,2025-08-12,7.37,20.93,58,0,1.92,110.35,1020.81,465.56,5.47,10.158,4100.0,0.134,PM2.5-1HR
945,DEU_DEBE056,2025-08-12,7.7,21.31,63.29,0,1.73,110.95,1020.7,343.06,5.07,9.598,4100.0,0.106,PM2.5-1HR
945,DEU_DEBE061,2025-08-12,9.12,22.05,57.08,0,1.9,110.3,1020.64,8418.27,6.45,11.53,4100.0,0.009,PM2.5-1HR
945,DEU_DEBE065,2025-08-12,10.48,21.82,56.92,0,1.92,108.42,1020.7,8391.58,6.7,11.88,4100.0,0.004,PM2.5-1HR
945,DEU_DEBE068,2025-08-12,8.57,21.82,56.92,0,1.92,108.42,1020.7,6915.53,6.66,11.824,4100.0,0.072,PM2.5-1HR
945,DEU_DEBE069,2025-08-12,10.37,22.05,57.08,0,1.9,110.3,1020.64,8191.19,6.73,11.922,4100.0,0.012,PM2.5-1HR
945,DEU_DEBE125,2025-08-12,10.12,22.05,57.08,0,1.9,110.3,1020.64,6357.97,6.66,11.824,4100.0,0.01,PM2.5-1HR
945,DEU_DEBE126,2025-08-12,10.87,22.05,57.08,0,1.9,110.3,1020.64,8426.55,6.66,11.824,4100.0,0.007,PM2.5-1HR
945,DEU_DEBE127,2025-08-12,11.19,22.05,57.08,0,1.9,110.3,1020.64,7640.61,6.78,11.992,4100.0,0.056,PM2.5-1HR
945,DEU_DEBE010,2025-08-13,8.83,23.8,52.42,0,2.72,97.65,1017.18,7325,7.05,12.37,4100.0,0.044,PM2.5-1HR
945,DEU_DEBE032,2025-08-13,7.6,23.86,53.58,0,2.47,101.62,1016.95,0,5.51,10.214,4100.0,0.861,PM2.5-1HR
945,DEU_DEBE034,2025-08-13,9.34,24.05,51.5,0,2.62,96.63,1017.09,8636.93,7.23,12.622,4100.0,0.331,PM2.5-1HR
945,DEU_DEBE051,2025-08-13,7.91,23.2,54.25,0,2.82,103.14,1017.35,465.56,5.56,10.284,4100.0,0.134,PM2.5-1HR
945,DEU_DEBE056,2025-08-13,8.33,23.25,56.79,0,2.51,91.47,1017.19,343.06,5.59,10.326,4100.0,0.106,PM2.5-1HR
945,DEU_DEBE061,2025-08-13,9.37,24.05,51.5,0,2.62,96.63,1017.09,8418.27,6.9,12.16,4100.0,0.009,PM2.5-1HR
945,DEU_DEBE065,2025-08-13,10.74,23.8,52.42,0,2.72,97.65,1017.18,8391.58,7.4,12.86,4100.0,0.004,PM2.5-1HR
945,DEU_DEBE068,2025-08-13,9.15,23.8,52.42,0,2.72,97.65,1017.18,6915.53,7.23,12.622,4100.0,0.072,PM2.5-1HR
945,DEU_DEBE069,2025-08-13,10.55,24.05,51.5,0,2.62,96.63,1017.09,8191.19,7.28,12.692,4100.0,0.012,PM2.5-1HR
945,DEU_DEBE125,2025-08-13,10.59,24.05,51.5,0,2.62,96.63,1017.09,6357.97,7.23,12.622,4100.0,0.01,PM2.5-1HR
945,DEU_DEBE126,2025-08-13,11.47,24.05,51.5,0,2.62,96.63,1017.09,8426.55,7.23,12.622,4100.0,0.007,PM2.5-1HR
945,DEU_DEBE127,2025-08-13,11.53,24.05,51.5,0,2.62,96.63,1017.09,7640.61,7.36,12.804,4100.0,0.056,PM2.5-1HR
945,DEU_DEBE010,2025-08-14,12.25,25.47,55.21,0,2.01,90.07,1018.7,7325,10.16,16.724,4100.0,0.044,PM2.5-1HR
945,DEU_DEBE032,2025-08-14,10.56,25.38,57.21,0,1.75,97.97,1018.58,0,8.75,14.75,4100.0,0.861,PM2.5-1HR
945,DEU_DEBE034,2025-08-14,12.79,25.99,52.13,0,2.04,90.75,1018.62,8636.93,10.39,17.046,4100.0,0.331,PM2.5-1HR
945,DEU_DEBE051,2025-08-14,10.74,24.83,56.21,0,2.22,98.94,1018.84,465.56,8.08,13.812,4100.0,0.134,PM2.5-1HR
945,DEU_DEBE056,2025-08-14,11.51,24.89,59.58,0,2.12,80.21,1018.64,343.06,8.07,13.798,4100.0,0.106,PM2.5-1HR
945,DEU_DEBE061,2025-08-14,12.57,25.99,52.13,0,2.04,90.75,1018.62,8418.27,10.06,16.584,4100.0,0.009,PM2.5-1HR
945,DEU_DEBE065,2025-08-14,13.73,25.47,55.21,0,2.01,90.07,1018.7,8391.58,10.5,17.2,4100.0,0.004,PM2.5-1HR
945,DEU_DEBE068,2025-08-14,11.9,25.47,55.21,0,2.01,90.07,1018.7,6915.53,10.39,17.046,4100.0,0.072,PM2.5-1HR
945,DEU_DEBE069,2025-08-14,13.86,25.99,52.13,0,2.04,90.75,1018.62,8191.19,10.43,17.102,4100.0,0.012,PM2.5-1HR
945,DEU_DEBE125,2025-08-14,13.72,25.99,52.13,0,2.04,90.75,1018.62,6357.97,10.39,17.046,4100.0,0.01,PM2.5-1HR
945,DEU_DEBE126,2025-08-14,15.84,25.99,52.13,0,2.04,90.75,1018.62,8426.55,10.39,17.046,4100.0,0.007,PM2.5-1HR
945,DEU_DEBE127,2025-08-14,15.01,25.99,52.13,0,2.04,90.75,1018.62,7640.61,10.52,17.228,4100.0,0.056,PM2.5-1HR
945,DEU_DEBE010,2025-08-15,13.09,26.4,56.33,0.02,2.13,13.44,1019.02,7325,9.6,15.94,4100.0,0.044,PM2.5-1HR
945,DEU_DEBE032,2025-08-15,12.99,25.79,61.67,0,2.16,304.72,1019.03,0,8.09,13.826,4100.0,0.861,PM2.5-1HR
945,DEU_DEBE034,2025-08-15,15.32,26.77,54.5,0.02,2.18,13.56,1019,8636.93,9.85,16.29,4100.0,0.331,PM2.5-1HR
945,DEU_DEBE051,2025-08-15,12.98,25.79,58.46,0,2.35,225.55,1019.03,465.56,9.75,16.15,4100.0,0.134,PM2.5-1HR
945,DEU_DEBE056,2025-08-15,15.13,25.7,61.04,0,1.94,22.92,1018.93,343.06,9.82,16.248,4100.0,0.106,PM2.5-1HR
945,DEU_DEBE061,2025-08-15,14.57,26.77,54.5,0.02,2.18,13.56,1019,8418.27,9.64,15.996,4100.0,0.009,PM2.5-1HR
945,DEU_DEBE065,2025-08-15,15.91,26.4,56.33,0.02,2.13,13.44,1019.02,8391.58,10.02,16.528,4100.0,0.004,PM2.5-1HR
945,DEU_DEBE068,2025-08-15,14.14,26.4,56.33,0.02,2.13,13.44,1019.02,6915.53,9.85,16.29,4100.0,0.072,PM2.5-1HR
945,DEU_DEBE069,2025-08-15,17.1,26.77,54.5,0.02,2.18,13.56,1019,8191.19,10.05,16.57,4100.0,0.012,PM2.5-1HR
945,DEU_DEBE125,2025-08-15,16.28,26.77,54.5,0.02,2.18,13.56,1019,6357.97,9.85,16.29,4100.0,0.01,PM2.5-1HR
945,DEU_DEBE126,2025-08-15,17.61,26.77,54.5,0.02,2.18,13.56,1019,8426.55,9.85,16.29,4100.0,0.007,PM2.5-1HR
945,DEU_DEBE127,2025-08-15,18.59,26.77,54.5,0.02,2.18,13.56,1019,7640.61,10.04,16.556,4100.0,0.056,PM2.5-1HR
945,DEU_DEBE010,2025-08-16,9.78,20.84,65.83,0,3.07,307.16,1019.82,7325,6.46,11.544,4100.0,0.044,PM2.5-1HR
945,DEU_DEBE032,2025-08-16,8.88,20.33,70.5,0.01,3.19,305.09,1020,0,5.49,10.186,4100.0,0.861,PM2.5-1HR
945,DEU_DEBE034,2025-08-16,10.91,21.09,64.63,0,3.13,306.04,1019.86,8636.93,6.65,11.81,4100.0,0.331,PM2.5-1HR
945,DEU_DEBE051,2025-08-16,8.65,20.26,68.42,0,3.26,305.74,1019.73,465.56,4.47,8.758,4100.0,0.134,PM2.5-1HR
945,DEU_DEBE056,2025-08-16,10.06,20.72,70.54,0,3.08,307.26,1019.65,343.06,5.35,9.99,4100.0,0.106,PM2.5-1HR
945,DEU_DEBE061,2025-08-16,10.4,21.09,64.63,0,3.13,306.04,1019.86,8418.27,6.48,11.572,4100.0,0.009,PM2.5-1HR
945,DEU_DEBE065,2025-08-16,11.64,20.84,65.83,0,3.07,307.16,1019.82,8391.58,6.63,11.782,4100.0,0.004,PM2.5-1HR
945,DEU_DEBE068,2025-08-16,10.5,20.84,65.83,0,3.07,307.16,1019.82,6915.53,6.65,11.81,4100.0,0.072,PM2.5-1HR
945,DEU_DEBE069,2025-08-16,12.49,21.09,64.63,0,3.13,306.04,1019.86,8191.19,6.84,12.076,4100.0,0.012,PM2.5-1HR
945,DEU_DEBE125,2025-08-16,11.58,21.09,64.63,0,3.13,306.04,1019.86,6357.97,6.65,11.81,4100.0,0.01,PM2.5-1HR
945,DEU_DEBE126,2025-08-16,12.35,21.09,64.63,0,3.13,306.04,1019.86,8426.55,6.65,11.81,4100.0,0.007,PM2.5-1HR
945,DEU_DEBE127,2025-08-16,12.04,21.09,64.63,0,3.13,306.04,1019.86,7640.61,6.83,12.062,4100.0,0.056,PM2.5-1HR
945,DEU_DEBE010,2025-08-17,6.86,17.9,62.08,0.01,2.31,305.65,1018.94,7325,4.95,9.43,4100.0,0.044,PM2.5-1HR
945,DEU_DEBE032,2025-08-17,6.78,17.19,68.04,0.01,2.6,300.6,1019.15,0,4.63,8.982,4100.0,0.861,PM2.5-1HR
945,DEU_DEBE034,2025-08-17,8.03,17.83,62.46,0.01,2.48,299.58,1019,8636.93,5.18,9.752,4100.0,0.331,PM2.5-1HR
945,DEU_DEBE051,2025-08-17,5.55,17.5,63.38,0,2.35,316.42,1018.78,465.56,3.51,7.414,4100.0,0.134,PM2.5-1HR
945,DEU_DEBE056,2025-08-17,6.92,17.38,68.88,0,2.56,297.28,1018.88,343.06,4.53,8.842,4100.0,0.106,PM2.5-1HR
945,DEU_DEBE061,2025-08-17,7.48,17.83,62.46,0.01,2.48,299.58,1019,8418.27,5.11,9.654,4100.0,0.009,PM2.5-1HR
945,DEU_DEBE065,2025-08-17,8.07,17.9,62.08,0.01,2.31,305.65,1018.94,8391.58,5.25,9.85,4100.0,0.004,PM2.5-1HR
945,DEU_DEBE068,2025-08-17,7.66,17.9,62.08,0.01,2.31,305.65,1018.94,6915.53,5.18,9.752,4100.0,0.072,PM2.5-1HR
945,DEU_DEBE069,2025-08-17,8.81,17.83,62.46,0.01,2.48,299.58,1019,8191.19,5.26,9.864,4100.0,0.012,PM2.5-1HR
945,DEU_DEBE125,2025-08-17,8.19,17.83,62.46,0.01,2.48,299.58,1019,6357.97,5.18,9.752,4100.0,0.01,PM2.5-1HR
945,DEU_DEBE126,2025-08-17,9.28,17.83,62.46,0.01,2.48,299.58,1019,8426.55,5.18,9.752,4100.0,0.007,PM2.5-1HR
945,DEU_DEBE127,2025-08-17,8.53,17.83,62.46,0.01,2.48,299.58,1019,7640.61,5.25,9.85,4100.0,0.056,PM2.5-1HR
945,DEU_DEBE010,2025-08-18,4.38,18.43,61.17,0,1.51,81.1,1020.75,7325,4.01,8.114,4100.0,0.044,PM2.5-1HR
945,DEU_DEBE032,2025-08-18,3.58,18.24,66.08,0,1.46,72.4,1020.67,0,3.21,6.994,4100.0,0.861,PM2.5-1HR
945,DEU_DEBE034,2025-08-18,5.39,18.69,59.29,0,1.6,74.22,1020.73,8636.93,4.19,8.366,4100.0,0.331,PM2.5-1HR
945,DEU_DEBE051,2025-08-18,3.65,17.58,66.63,0,1.44,93.08,1020.76,465.56,2.59,6.126,4100.0,0.134,PM2.5-1HR
945,DEU_DEBE056,2025-08-18,3.69,17.54,71.46,0,1.52,66.55,1020.79,343.06,2.72,6.308,4100.0,0.106,PM2.5-1HR
945,DEU_DEBE061,2025-08-18,5.11,18.69,59.29,0,1.6,74.22,1020.73,8418.27,4.01,8.114,4100.0,0.009,PM2.5-1HR
945,DEU_DEBE065,2025-08-18,6.47,18.43,61.17,0,1.51,81.1,1020.75,8391.58,4.24,8.436,4100.0,0.004,PM2.5-1HR
945,DEU_DEBE068,2025-08-18,4.72,18.43,61.17,0,1.51,81.1,1020.75,6915.53,4.19,8.366,4100.0,0.072,PM2.5-1HR
945,DEU_DEBE069,2025-08-18,6.63,18.69,59.29,0,1.6,74.22,1020.73,8191.19,4.27,8.478,4100.0,0.012,PM2.5-1HR
945,DEU_DEBE125,2025-08-18,6.2,18.69,59.29,0,1.6,74.22,1020.73,6357.97,4.19,8.366,4100.0,0.01,PM2.5-1HR
945,DEU_DEBE126,2025-08-18,6.75,18.69,59.29,0,1.6,74.22,1020.73,8426.55,4.19,8.366,4100.0,0.007,PM2.5-1HR
945,DEU_DEBE127,2025-08-18,7.15,18.69,59.29,0,1.6,74.22,1020.73,7640.61,4.29,8.506,4100.0,0.056,PM2.5-1HR
945,DEU_DEBE010,2025-08-19,6.24,20.8,57.92,0,1.32,197.68,1015.31,7325,4.6,8.94,4100.0,0.044,PM2.5-1HR
945,DEU_DEBE032,2025-08-19,4.31,19.86,64.58,0,1.13,187.38,1015.33,0,3.43,7.302,4100.0,0.861,PM2.5-1HR
945,DEU_DEBE034,2025-08-19,7.73,20.88,57.29,0,1.37,191.09,1015.31,8636.93,4.72,9.108,4100.0,0.331,PM2.5-1HR
945,DEU_DEBE051,2025-08-19,4.92,19.52,64.13,0,1.53,211.09,1015.32,465.56,3.42,7.288,4100.0,0.134,PM2.5-1HR
945,DEU_DEBE056,2025-08-19,4.77,19.67,69.04,0,1.15,184.92,1015.37,343.06,2.99,6.686,4100.0,0.106,PM2.5-1HR
945,DEU_DEBE061,2025-08-19,6.18,20.88,57.29,0,1.37,191.09,1015.31,8418.27,4.47,8.758,4100.0,0.009,PM2.5-1HR
945,DEU_DEBE065,2025-08-19,8.88,20.8,57.92,0,1.32,197.68,1015.31,8391.58,4.81,9.234,4100.0,0.004,PM2.5-1HR
945,DEU_DEBE068,2025-08-19,7.07,20.8,57.92,0,1.32,197.68,1015.31,6915.53,4.72,9.108,4100.0,0.072,PM2.5-1HR
945,DEU_DEBE069,2025-08-19,8.25,20.88,57.29,0,1.37,191.09,1015.31,8191.19,4.75,9.15,4100.0,0.012,PM2.5-1HR
945,DEU_DEBE125,2025-08-19,7.71,20.88,57.29,0,1.37,191.09,1015.31,6357.97,4.72,9.108,4100.0,0.01,PM2.5-1HR
945,DEU_DEBE126,2025-08-19,9.06,20.88,57.29,0,1.37,191.09,1015.31,8426.55,4.72,9.108,4100.0,0.007,PM2.5-1HR
945,DEU_DEBE127,2025-08-19,8.91,20.88,57.29,0,1.37,191.09,1015.31,7640.61,4.83,9.262,4100.0,0.056,PM2.5-1HR
945,DEU_DEBE010,2025-08-20,7.11,19.52,62.13,0,2.59,357.16,1010.39,7325,3.64,7.596,4100.0,0.044,PM2.5-1HR
945,DEU_DEBE032,2025-08-20,6.3,18.94,68.21,0,2.45,347.39,1010.44,0,2.87,6.518,4100.0,0.861,PM2.5-1HR
945,DEU_DEBE034,2025-08-20,8.74,19.84,60.54,0,2.51,353.14,1010.33,8636.93,3.82,7.848,4100.0,0.331,PM2.5-1HR
945,DEU_DEBE051,2025-08-20,6.17,18.53,66.83,0.01,2.67,3.9,1010.5,465.56,2.63,6.182,4100.0,0.134,PM2.5-1HR
945,DEU_DEBE056,2025-08-20,7.17,18.89,71.33,0,2.33,357.9,1010.2,343.06,2.85,6.49,4100.0,0.106,PM2.5-1HR
945,DEU_DEBE061,2025-08-20,7.75,19.84,60.54,0,2.51,353.14,1010.33,8418.27,3.67,7.638,4100.0,0.009,PM2.5-1HR
945,DEU_DEBE065,2025-08-20,9.13,19.52,62.13,0,2.59,357.16,1010.39,8391.58,3.85,7.89,4100.0,0.004,PM2.5-1HR
945,DEU_DEBE068,2025-08-20,8.4,19.52,62.13,0,2.59,357.16,1010.39,6915.53,3.82,7.848,4100.0,0.072,PM2.5-1HR
945,DEU_DEBE069,2025-08-20,9.84,19.84,60.54,0,2.51,353.14,1010.33,8191.19,3.92,7.988,4100.0,0.012,PM2.5-1HR
945,DEU_DEBE125,2025-08-20,9.49,19.84,60.54,0,2.51,353.14,1010.33,6357.97,3.82,7.848,4100.0,0.01,PM2.5-1HR
945,DEU_DEBE126,2025-08-20,10.12,19.84,60.54,0,2.51,353.14,1010.33,8426.55,3.82,7.848,4100.0,0.007,PM2.5-1HR
945,DEU_DEBE127,2025-08-20,9.73,19.84,60.54,0,2.51,353.14,1010.33,7640.61,3.94,8.016,4100.0,0.056,PM2.5-1HR
945,DEU_DEBE010,2025-08-21,4.21,17.66,54.88,0,2.3,2.49,1010.19,7325,3.6,7.54,4100.0,0.044,PM2.5-1HR
945,DEU_DEBE032,2025-08-21,3.35,17.14,61.96,0,2.31,353.61,1010.26,0,2.59,6.126,4100.0,0.861,PM2.5-1HR
945,DEU_DEBE034,2025-08-21,5.26,18.04,52.67,0,2.36,358.34,1010.14,8636.93,3.79,7.806,4100.0,0.331,PM2.5-1HR
945,DEU_DEBE051,2025-08-21,3.53,16.75,60.08,0,2.27,5.35,1010.28,465.56,2.66,6.224,4100.0,0.134,PM2.5-1HR
945,DEU_DEBE056,2025-08-21,4.28,17.49,63.38,0,2.1,6.44,1009.94,343.06,2.68,6.252,4100.0,0.106,PM2.5-1HR
945,DEU_DEBE061,2025-08-21,4.35,18.04,52.67,0,2.36,358.34,1010.14,8418.27,3.61,7.554,4100.0,0.009,PM2.5-1HR
945,DEU_DEBE065,2025-08-21,5.92,17.66,54.88,0,2.3,2.49,1010.19,8391.58,3.86,7.904,4100.0,0.004,PM2.5-1HR
945,DEU_DEBE068,2025-08-21,4.88,17.66,54.88,0,2.3,2.49,1010.19,6915.53,3.79,7.806,4100.0,0.072,PM2.5-1HR
945,DEU_DEBE069,2025-08-21,6.48,18.04,52.67,0,2.36,358.34,1010.14,8191.19,3.85,7.89,4100.0,0.012,PM2.5-1HR
945,DEU_DEBE125,2025-08-21,5.98,18.04,52.67,0,2.36,358.34,1010.14,6357.97,3.79,7.806,4100.0,0.01,PM2.5-1HR
945,DEU_DEBE126,2025-08-21,6.59,18.04,52.67,0,2.36,358.34,1010.14,8426.55,3.79,7.806,4100.0,0.007,PM2.5-1HR
945,DEU_DEBE127,2025-08-21,6.78,18.04,52.67,0,2.36,358.34,1010.14,7640.61,3.89,7.946,4100.0,0.056,PM2.5-1HR
945,DEU_DEBE010,2025-08-22,4.4,15.59,60.92,0,3.94,289.77,1013.39,7325,3.92,7.988,4100.0,0.044,PM2.5-1HR
945,DEU_DEBE032,2025-08-22,3.7,15.28,66.29,0.01,3.88,291.11,1013.61,0,2.8,6.42,4100.0,0.861,PM2.5-1HR
945,DEU_DEBE034,2025-08-22,5.19,15.82,60.17,0.01,3.93,291.32,1013.47,8636.93,4.02,8.128,4100.0,0.331,PM2.5-1HR
945,DEU_DEBE051,2025-08-22,3.54,14.94,64.21,0,4.05,286.94,1013.21,465.56,2.42,5.888,4100.0,0.134,PM2.5-1HR
945,DEU_DEBE056,2025-08-22,4.4,15.48,65.71,0.01,3.82,291.87,1013.3,343.06,2.92,6.588,4100.0,0.106,PM2.5-1HR
945,DEU_DEBE061,2025-08-22,4.29,15.82,60.17,0.01,3.93,291.32,1013.47,8418.27,3.73,7.722,4100.0,0.009,PM2.5-1HR
945,DEU_DEBE065,2025-08-22,6.54,15.59,60.92,0,3.94,289.77,1013.39,8391.58,4.11,8.254,4100.0,0.004,PM2.5-1HR
945,DEU_DEBE068,2025-08-22,4.81,15.59,60.92,0,3.94,289.77,1013.39,6915.53,4.02,8.128,4100.0,0.072,PM2.5-1HR
945,DEU_DEBE069,2025-08-22,6.6,15.82,60.17,0.01,3.93,291.32,1013.47,8191.19,3.98,8.072,4100.0,0.012,PM2.5-1HR
945,DEU_DEBE125,2025-08-22,6.22,15.82,60.17,0.01,3.93,291.32,1013.47,6357.97,4.02,8.128,4100.0,0.01,PM2.5-1HR
945,DEU_DEBE126,2025-08-22,6.16,15.82,60.17,0.01,3.93,291.32,1013.47,8426.55,4.02,8.128,4100.0,0.007,PM2.5-1HR
945,DEU_DEBE127,2025-08-22,5.77,15.82,60.17,0.01,3.93,291.32,1013.47,7640.61,4.14,8.296,4100.0,0.056,PM2.5-1HR
945,DEU_DEBE010,2025-08-23,3.58,14.15,62.08,0.05,4.35,288.73,1014.13,7325,3.03,6.742,4100.0,0.044,PM2.5-1HR
945,DEU_DEBE032,2025-08-23,2.83,13.98,67.46,0.29,4.24,290.41,1014.36,0,2.1,5.44,4100.0,0.861,PM2.5-1HR
945,DEU_DEBE034,2025-08-23,4.13,14.3,62.29,0.05,4.29,289.9,1014.23,8636.93,3.23,7.022,4100.0,0.331,PM2.5-1HR
945,DEU_DEBE051,2025-08-23,2.72,13.6,65.29,0.08,4.52,288.24,1013.93,465.56,1.96,5.244,4100.0,0.134,PM2.5-1HR
945,DEU_DEBE056,2025-08-23,3.15,14.14,66.5,0.08,4.3,287.93,1014.05,343.06,2.09,5.426,4100.0,0.106,PM2.5-1HR
945,DEU_DEBE061,2025-08-23,3.27,14.3,62.29,0.05,4.29,289.9,1014.23,8418.27,3.04,6.756,4100.0,0.009,PM2.5-1HR
945,DEU_DEBE065,2025-08-23,5.64,14.15,62.08,0.05,4.35,288.73,1014.13,8391.58,3.22,7.008,4100.0,0.004,PM2.5-1HR
945,DEU_DEBE068,2025-08-23,3.65,14.15,62.08,0.05,4.35,288.73,1014.13,6915.53,3.23,7.022,4100.0,0.072,PM2.5-1HR
945,DEU_DEBE069,2025-08-23,5.6,14.3,62.29,0.05,4.29,289.9,1014.23,8191.19,3.28,7.092,4100.0,0.012,PM2.5-1HR
945,DEU_DEBE125,2025-08-23,4.77,14.3,62.29,0.05,4.29,289.9,1014.23,6357.97,3.23,7.022,4100.0,0.01,PM2.5-1HR
945,DEU_DEBE126,2025-08-23,5.15,14.3,62.29,0.05,4.29,289.9,1014.23,8426.55,3.23,7.022,4100.0,0.007,PM2.5-1HR
945,DEU_DEBE127,2025-08-23,5.29,14.3,62.29,0.05,4.29,289.9,1014.23,7640.61,3.35,7.19,4100.0,0.056,PM2.5-1HR
945,DEU_DEBE010,2025-08-24,4.75,13.83,66.46,0,3.38,273.49,1018.23,7325,4.33,8.562,4100.0,0.044,PM2.5-1HR
945,DEU_DEBE032,2025-08-24,3.86,13.81,69.58,0,3.3,276.31,1018.42,0,3.38,7.232,4100.0,0.861,PM2.5-1HR
945,DEU_DEBE034,2025-08-24,5.29,13.93,67.17,0,3.32,275.78,1018.34,8636.93,4.43,8.702,4100.0,0.331,PM2.5-1HR
945,DEU_DEBE051,2025-08-24,3.34,13.45,67,0,3.69,273.49,1018.01,465.56,3.04,6.756,4100.0,0.134,PM2.5-1HR
945,DEU_DEBE056,2025-08-24,4.18,13.78,69.46,0,3.4,273.67,1018.25,343.06,3.45,7.33,4100.0,0.106,PM2.5-1HR
945,DEU_DEBE061,2025-08-24,4.39,13.93,67.17,0,3.32,275.78,1018.34,8418.27,4.23,8.422,4100.0,0.009,PM2.5-1HR
945,DEU_DEBE065,2025-08-24,6.48,13.83,66.46,0,3.38,273.49,1018.23,8391.58,4.46,8.744,4100.0,0.004,PM2.5-1HR
945,DEU_DEBE068,2025-08-24,4.71,13.83,66.46,0,3.38,273.49,1018.23,6915.53,4.43,8.702,4100.0,0.072,PM2.5-1HR
945,DEU_DEBE069,2025-08-24,6.48,13.93,67.17,0,3.32,275.78,1018.34,8191.19,4.47,8.758,4100.0,0.012,PM2.5-1HR
945,DEU_DEBE125,2025-08-24,5.62,13.93,67.17,0,3.32,275.78,1018.34,6357.97,4.43,8.702,4100.0,0.01,PM2.5-1HR
945,DEU_DEBE126,2025-08-24,6.02,13.93,67.17,0,3.32,275.78,1018.34,8426.55,4.43,8.702,4100.0,0.007,PM2.5-1HR
945,DEU_DEBE127,2025-08-24,6.7,13.93,67.17,0,3.32,275.78,1018.34,7640.61,4.51,8.814,4100.0,0.056,PM2.5-1HR
945,DEU_DEBE010,2025-08-25,5.79,14.58,68.63,0,2.93,268.85,1017.44,7325,4.91,9.374,4100.0,0.044,PM2.5-1HR
945,DEU_DEBE032,2025-08-25,4.01,14.52,70.75,0,2.8,272.75,1017.58,0,3.64,7.596,4100.0,0.861,PM2.5-1HR
945,DEU_DEBE034,2025-08-25,7.84,14.7,68.63,0,2.82,270.7,1017.51,8636.93,5.07,9.598,4100.0,0.331,PM2.5-1HR
945,DEU_DEBE051,2025-08-25,3.66,14.34,68.17,0.02,3.4,273.3,1017.25,465.56,3.11,6.854,4100.0,0.134,PM2.5-1HR
945,DEU_DEBE056,2025-08-25,5.04,14.45,71.17,0.01,3.08,268.67,1017.45,343.06,3.75,7.75,4100.0,0.106,PM2.5-1HR
945,DEU_DEBE061,2025-08-25,5.44,14.7,68.63,0,2.82,270.7,1017.51,8418.27,4.81,9.234,4100.0,0.009,PM2.5-1HR
945,DEU_DEBE065,2025-08-25,9.26,14.58,68.63,0,2.93,268.85,1017.44,8391.58,5.11,9.654,4100.0,0.004,PM2.5-1HR
945,DEU_DEBE068,2025-08-25,6.55,14.58,68.63,0,2.93,268.85,1017.44,6915.53,5.07,9.598,4100.0,0.072,PM2.5-1HR
945,DEU_DEBE069,2025-08-25,8.14,14.7,68.63,0,2.82,270.7,1017.51,8191.19,5.07,9.598,4100.0,0.012,PM2.5-1HR
945,DEU_DEBE125,2025-08-25,7.05,14.7,68.63,0,2.82,270.7,1017.51,6357.97,5.07,9.598,4100.0,0.01,PM2.5-1HR
945,DEU_DEBE126,2025-08-25,7.35,14.7,68.63,0,2.82,270.7,1017.51,8426.55,5.07,9.598,4100.0,0.007,PM2.5-1HR
945,DEU_DEBE127,2025-08-25,8.21,14.7,68.63,0,2.82,270.7,1017.51,7640.61,5.16,9.724,4100.0,0.056,PM2.5-1HR
945,DEU_DEBE010,2025-08-26,5.79,15.51,67.42,0,1.71,265.46,1013.9,7325,4.38,8.632,4100.0,0.044,PM2.5-1HR
945,DEU_DEBE032,2025-08-26,3.89,15.6,69,0,1.77,278.07,1013.89,0,3.25,7.05,4100.0,0.861,PM2.5-1HR
945,DEU_DEBE034,2025-08-26,6.56,15.79,66.42,0,1.8,291.15,1013.9,8636.93,4.6,8.94,4100.0,0.331,PM2.5-1HR
945,DEU_DEBE051,2025-08-26,4.38,15.01,69,0,1.85,251.17,1013.82,465.56,3.08,6.812,4100.0,0.134,PM2.5-1HR
945,DEU_DEBE056,2025-08-26,5.46,15.38,70.63,0,1.73,284.49,1013.92,343.06,3.27,7.078,4100.0,0.106,PM2.5-1HR
945,DEU_DEBE061,2025-08-26,5.25,15.79,66.42,0,1.8,291.15,1013.9,8418.27,4.36,8.604,4100.0,0.009,PM2.5-1HR
945,DEU_DEBE065,2025-08-26,8.01,15.51,67.42,0,1.71,265.46,1013.9,8391.58,4.6,8.94,4100.0,0.004,PM2.5-1HR
945,DEU_DEBE068,2025-08-26,6.08,15.51,67.42,0,1.71,265.46,1013.9,6915.53,4.6,8.94,4100.0,0.072,PM2.5-1HR
945,DEU_DEBE069,2025-08-26,7.71,15.79,66.42,0,1.8,291.15,1013.9,8191.19,4.65,9.01,4100.0,0.012,PM2.5-1HR
945,DEU_DEBE125,2025-08-26,7.17,15.79,66.42,0,1.8,291.15,1013.9,6357.97,4.6,8.94,4100.0,0.01,PM2.5-1HR
945,DEU_DEBE126,2025-08-26,8.27,15.79,66.42,0,1.8,291.15,1013.9,8426.55,4.6,8.94,4100.0,0.007,PM2.5-1HR
945,DEU_DEBE127,2025-08-26,7.72,15.79,66.42,0,1.8,291.15,1013.9,7640.61,4.72,9.108,4100.0,0.056,PM2.5-1HR
945,DEU_DEBE010,2025-08-27,9.55,20.2,61.42,0,2.6,139.19,1010.02,7325,6.17,11.138,4100.0,0.044,PM2.5-1HR
945,DEU_DEBE032,2025-08-27,6.94,20.33,62.25,0,2.62,142.92,1009.84,0,4.9,9.36,4100.0,0.861,PM2.5-1HR
945,DEU_DEBE034,2025-08-27,12.05,20.55,59.54,0,2.57,141.3,1009.99,8636.93,6.34,11.376,4100.0,0.331,PM2.5-1HR
945,DEU_DEBE051,2025-08-27,7.56,19.59,62.75,0,2.96,142.66,1010.11,465.56,4.73,9.122,4100.0,0.134,PM2.5-1HR
945,DEU_DEBE056,2025-08-27,7.84,19.18,67.79,0.05,2.69,140.39,1010.29,343.06,5.28,9.892,4100.0,0.106,PM2.5-1HR
945,DEU_DEBE061,2025-08-27,9.58,20.55,59.54,0,2.57,141.3,1009.99,8418.27,6.03,10.942,4100.0,0.009,PM2.5-1HR
945,DEU_DEBE065,2025-08-27,11.75,20.2,61.42,0,2.6,139.19,1010.02,8391.58,6.47,11.558,4100.0,0.004,PM2.5-1HR
945,DEU_DEBE068,2025-08-27,10.93,20.2,61.42,0,2.6,139.19,1010.02,6915.53,6.34,11.376,4100.0,0.072,PM2.5-1HR
945,DEU_DEBE069,2025-08-27,10.42,20.55,59.54,0,2.57,141.3,1009.99,8191.19,6.3,11.32,4100.0,0.012,PM2.5-1HR
945,DEU_DEBE125,2025-08-27,11.09,20.55,59.54,0,2.57,141.3,1009.99,6357.97,6.34,11.376,4100.0,0.01,PM2.5-1HR
945,DEU_DEBE126,2025-08-27,13.59,20.55,59.54,0,2.57,141.3,1009.99,8426.55,6.34,11.376,4100.0,0.007,PM2.5-1HR
945,DEU_DEBE127,2025-08-27,12.18,20.55,59.54,0,2.57,141.3,1009.99,7640.61,6.43,11.502,4100.0,0.056,PM2.5-1HR
945,DEU_DEBE010,2025-08-28,16.94,19.54,89.5,0.38,1.77,186.37,1005.87,7325,14.93,23.402,4100.0,0.044,PM2.5-1HR
945,DEU_DEBE032,2025-08-28,13.95,19.05,93.42,0.4,1.9,175.72,1005.81,0,12.7,20.28,4100.0,0.861,PM2.5-1HR
945,DEU_DEBE034,2025-08-28,18.91,19.7,88.67,0.24,1.77,184.7,1005.86,8636.93,15.16,23.724,4100.0,0.331,PM2.5-1HR
945,DEU_DEBE051,2025-08-28,13.81,18.84,94.25,0.55,2,184.74,1005.84,465.56,11.09,18.026,4100.0,0.134,PM2.5-1HR
945,DEU_DEBE056,2025-08-28,16.02,19.68,89.67,0.04,1.57,196.01,1005.95,343.06,13.19,20.966,4100.0,0.106,PM2.5-1HR
945,DEU_DEBE061,2025-08-28,17.66,19.7,88.67,0.24,1.77,184.7,1005.86,8418.27,14.68,23.052,4100.0,0.009,PM2.5-1HR
945,DEU_DEBE065,2025-08-28,19.03,19.54,89.5,0.38,1.77,186.37,1005.87,8391.58,15.25,23.85,4100.0,0.004,PM2.5-1HR
945,DEU_DEBE068,2025-08-28,17.85,19.54,89.5,0.38,1.77,186.37,1005.87,6915.53,15.16,23.724,4100.0,0.072,PM2.5-1HR
945,DEU_DEBE069,2025-08-28,20.83,19.7,88.67,0.24,1.77,184.7,1005.86,8191.19,15.35,23.99,4100.0,0.012,PM2.5-1HR
945,DEU_DEBE125,2025-08-28,18.51,19.7,88.67,0.24,1.77,184.7,1005.86,6357.97,15.16,23.724,4100.0,0.01,PM2.5-1HR
945,DEU_DEBE126,2025-08-28,20.33,19.7,88.67,0.24,1.77,184.7,1005.86,8426.55,15.16,23.724,4100.0,0.007,PM2.5-1HR
945,DEU_DEBE127,2025-08-28,20.39,19.7,88.67,0.24,1.77,184.7,1005.86,7640.61,15.48,24.172,4100.0,0.056,PM2.5-1HR
945,DEU_DEBE010,2025-08-29,15.42,18.48,91.33,0.1,1.44,225.59,1003.56,7325,12.08,19.412,4100.0,0.044,PM2.5-1HR
945,DEU_DEBE032,2025-08-29,11.58,18.23,91.5,0.08,1.34,238.89,1003.56,0,10.23,16.822,4100.0,0.861,PM2.5-1HR
945,DEU_DEBE034,2025-08-29,17.06,18.62,90.46,0.1,1.47,224.87,1003.56,8636.93,12.43,19.902,4100.0,0.331,PM2.5-1HR
945,DEU_DEBE051,2025-08-29,12.48,17.94,94.42,0.12,1.49,218.81,1003.54,465.56,10.4,17.06,4100.0,0.134,PM2.5-1HR
945,DEU_DEBE056,2025-08-29,12.57,18.3,92.96,0.14,1.49,226.34,1003.63,343.06,9.48,15.772,4100.0,0.106,PM2.5-1HR
945,DEU_DEBE061,2025-08-29,15.43,18.62,90.46,0.1,1.47,224.87,1003.56,8418.27,12.03,19.342,4100.0,0.009,PM2.5-1HR
945,DEU_DEBE065,2025-08-29,17.08,18.48,91.33,0.1,1.44,225.59,1003.56,8391.58,12.36,19.804,4100.0,0.004,PM2.5-1HR
945,DEU_DEBE068,2025-08-29,16.48,18.48,91.33,0.1,1.44,225.59,1003.56,6915.53,12.43,19.902,4100.0,0.072,PM2.5-1HR
945,DEU_DEBE069,2025-08-29,18.41,18.62,90.46,0.1,1.47,224.87,1003.56,8191.19,12.56,20.084,4100.0,0.012,PM2.5-1HR
945,DEU_DEBE125,2025-08-29,17.15,18.62,90.46,0.1,1.47,224.87,1003.56,6357.97,12.43,19.902,4100.0,0.01,PM2.5-1HR
945,DEU_DEBE126,2025-08-29,18.9,18.62,90.46,0.1,1.47,224.87,1003.56,8426.55,12.43,19.902,4100.0,0.007,PM2.5-1HR
945,DEU_DEBE127,2025-08-29,18.61,18.62,90.46,0.1,1.47,224.87,1003.56,7640.61,12.56,20.084,4100.0,0.056,PM2.5-1HR
945,DEU_DEBE010,2025-08-30,10.35,18.43,80.63,0.01,1.92,200.64,1007.08,7325,4.75,9.15,4100.0,0.044,PM2.5-1HR
945,DEU_DEBE032,2025-08-30,8.29,18.3,80.46,0,1.78,196.59,1007.08,0,3.55,7.47,4100.0,0.861,PM2.5-1HR
945,DEU_DEBE034,2025-08-30,12.66,18.58,79.92,0.01,1.78,201.44,1007.1,8636.93,5.02,9.528,4100.0,0.331,PM2.5-1HR
945,DEU_DEBE051,2025-08-30,8.87,17.98,82.13,0.01,2.2,198.78,1007.03,465.56,3.58,7.512,4100.0,0.134,PM2.5-1HR
945,DEU_DEBE056,2025-08-30,9.46,18.15,83.63,0.02,1.75,182.58,1007.15,343.06,3.44,7.316,4100.0,0.106,PM2.5-1HR
945,DEU_DEBE061,2025-08-30,10.92,18.58,79.92,0.01,1.78,201.44,1007.1,8418.27,4.77,9.178,4100.0,0.009,PM2.5-1HR
945,DEU_DEBE065,2025-08-30,12.9,18.43,80.63,0.01,1.92,200.64,1007.08,8391.58,5.08,9.612,4100.0,0.004,PM2.5-1HR
945,DEU_DEBE068,2025-08-30,12.17,18.43,80.63,0.01,1.92,200.64,1007.08,6915.53,5.02,9.528,4100.0,0.072,PM2.5-1HR
945,DEU_DEBE069,2025-08-30,12.74,18.58,79.92,0.01,1.78,201.44,1007.1,8191.19,5.14,9.696,4100.0,0.012,PM2.5-1HR
945,DEU_DEBE125,2025-08-30,11.74,18.58,79.92,0.01,1.78,201.44,1007.1,6357.97,5.02,9.528,4100.0,0.01,PM2.5-1HR
945,DEU_DEBE126,2025-08-30,13.36,18.58,79.92,0.01,1.78,201.44,1007.1,8426.55,5.02,9.528,4100.0,0.007,PM2.5-1HR
945,DEU_DEBE127,2025-08-30,13.41,18.58,79.92,0.01,1.78,201.44,1007.1,7640.61,5.18,9.752,4100.0,0.056,PM2.5-1HR
945,DEU_DEBE010,2025-08-31,7.41,18.96,70.54,0,1.62,174.85,1012.23,7325,4.29,8.506,4100.0,0.044,PM2.5-1HR
945,DEU_DEBE032,2025-08-31,5.23,18.87,70.67,0,1.61,172.27,1012.13,0,3.31,7.134,4100.0,0.861,PM2.5-1HR
945,DEU_DEBE034,2025-08-31,8.4,19.03,69.92,0,1.59,177.89,1012.23,8636.93,4.4,8.66,4100.0,0.331,PM2.5-1HR
945,DEU_DEBE051,2025-08-31,9.12,18.51,70.29,0,1.82,171.23,1012.22,465.56,3.13,6.882,4100.0,0.134,PM2.5-1HR
945,DEU_DEBE056,2025-08-31,7.14,18.84,71.46,0,1.67,184.91,1012.32,343.06,3.07,6.798,4100.0,0.106,PM2.5-1HR
945,DEU_DEBE061,2025-08-31,7.63,19.03,69.92,0,1.59,177.89,1012.23,8418.27,4.22,8.408,4100.0,0.009,PM2.5-1HR
945,DEU_DEBE065,2025-08-31,10.11,18.96,70.54,0,1.62,174.85,1012.23,8391.58,4.53,8.842,4100.0,0.004,PM2.5-1HR
945,DEU_DEBE068,2025-08-31,7.98,18.96,70.54,0,1.62,174.85,1012.23,6915.53,4.4,8.66,4100.0,0.072,PM2.5-1HR
945,DEU_DEBE069,2025-08-31,8.34,19.03,69.92,0,1.59,177.89,1012.23,8191.19,4.43,8.702,4100.0,0.012,PM2.5-1HR
945,DEU_DEBE125,2025-08-31,8.47,19.03,69.92,0,1.59,177.89,1012.23,6357.97,4.4,8.66,4100.0,0.01,PM2.5-1HR
945,DEU_DEBE126,2025-08-31,10.29,19.03,69.92,0,1.59,177.89,1012.23,8426.55,4.4,8.66,4100.0,0.007,PM2.5-1HR
945,DEU_DEBE127,2025-08-31,9.63,19.03,69.92,0,1.59,177.89,1012.23,7640.61,4.47,8.758,4100.0,0.056,PM2.5-1HR
945,DEU_DEBE010,2025-09-01,6.72,20.3,67.92,0,2.94,136.78,1009.65,7325,4.76,9.164,4100.0,0.044,PM2.5-1HR
945,DEU_DEBE032,2025-09-01,5.38,20.28,67.79,0.01,2.92,143.51,1009.52,0,3.79,7.806,4100.0,0.861,PM2.5-1HR
945,DEU_DEBE034,2025-09-01,7.78,20.54,66.54,0,2.87,137.74,1009.62,8636.93,4.99,9.486,4100.0,0.331,PM2.5-1HR
945,DEU_DEBE051,2025-09-01,5.44,20.18,67,0,3.35,141.58,1009.71,465.56,4.18,8.352,4100.0,0.134,PM2.5-1HR
945,DEU_DEBE056,2025-09-01,5.89,20.34,68.96,0,2.74,140.12,1009.73,343.06,4.06,8.184,4100.0,0.106,PM2.5-1HR
945,DEU_DEBE061,2025-09-01,6.46,20.54,66.54,0,2.87,137.74,1009.62,8418.27,4.74,9.136,4100.0,0.009,PM2.5-1HR
945,DEU_DEBE065,2025-09-01,8.83,20.3,67.92,0,2.94,136.78,1009.65,8391.58,5.08,9.612,4100.0,0.004,PM2.5-1HR
945,DEU_DEBE068,2025-09-01,6.9,20.3,67.92,0,2.94,136.78,1009.65,6915.53,4.99,9.486,4100.0,0.072,PM2.5-1HR
945,DEU_DEBE069,2025-09-01,7.57,20.54,66.54,0,2.87,137.74,1009.62,8191.19,4.95,9.43,4100.0,0.012,PM2.5-1HR
945,DEU_DEBE125,2025-09-01,8.09,20.54,66.54,0,2.87,137.74,1009.62,6357.97,4.99,9.486,4100.0,0.01,PM2.5-1HR
945,DEU_DEBE126,2025-09-01,9.27,20.54,66.54,0,2.87,137.74,1009.62,8426.55,4.99,9.486,4100.0,0.007,PM2.5-1HR
945,DEU_DEBE127,2025-09-01,9.31,20.54,66.54,0,2.87,137.74,1009.62,7640.61,5.08,9.612,4100.0,0.056,PM2.5-1HR
945,DEU_DEBE010,2025-09-02,6.85,17.4,90.17,0.59,1.65,244.41,1009.77,7325,4.42,8.688,4100.0,0.044,PM2.5-1HR
945,DEU_DEBE032,2025-09-02,4.6,17.42,89.5,0.61,1.52,238.81,1009.79,0,3.57,7.498,4100.0,0.861,PM2.5-1HR
945,DEU_DEBE034,2025-09-02,7.78,17.5,89.92,0.64,1.6,243.82,1009.8,8636.93,4.64,8.996,4100.0,0.331,PM2.5-1HR
945,DEU_DEBE051,2025-09-02,6.32,17.2,91.13,0.5,1.78,243.3,1009.73,465.56,4.14,8.296,4100.0,0.134,PM2.5-1HR
945,DEU_DEBE056,2025-09-02,5.71,17.37,92.33,0.39,1.76,252.04,1009.84,343.06,4.01,8.114,4100.0,0.106,PM2.5-1HR
945,DEU_DEBE061,2025-09-02,5.71,17.5,89.92,0.64,1.6,243.82,1009.8,8418.27,4.46,8.744,4100.0,0.009,PM2.5-1HR
945,DEU_DEBE065,2025-09-02,8.73,17.4,90.17,0.59,1.65,244.41,1009.77,8391.58,4.65,9.01,4100.0,0.004,PM2.5-1HR
945,DEU_DEBE068,2025-09-02,7.48,17.4,90.17,0.59,1.65,244.41,1009.77,6915.53,4.64,8.996,4100.0,0.072,PM2.5-1HR
945,DEU_DEBE069,2025-09-02,8.48,17.5,89.92,0.64,1.6,243.82,1009.8,8191.19,4.64,8.996,4100.0,0.012,PM2.5-1HR
945,DEU_DEBE125,2025-09-02,7.94,17.5,89.92,0.64,1.6,243.82,1009.8,6357.97,4.64,8.996,4100.0,0.01,PM2.5-1HR
945,DEU_DEBE126,2025-09-02,8.97,17.5,89.92,0.64,1.6,243.82,1009.8,8426.55,4.64,8.996,4100.0,0.007,PM2.5-1HR
945,DEU_DEBE127,2025-09-02,8.8,17.5,89.92,0.64,1.6,243.82,1009.8,7640.61,4.7,9.08,4100.0,0.056,PM2.5-1HR
945,DEU_DEBE010,2025-09-03,5.11,18.64,72.88,0,3.06,185.38,1011.6,7325,4.2,8.38,4100.0,0.044,PM2.5-1HR
945,DEU_DEBE032,2025-09-03,4.47,18.69,72.33,0,3.17,185.87,1011.49,0,2.78,6.392,4100.0,0.861,PM2.5-1HR
945,DEU_DEBE034,2025-09-03,5.74,18.74,71.88,0,3.13,187.22,1011.63,8636.93,4.28,8.492,4100.0,0.331,PM2.5-1HR
945,DEU_DEBE051,2025-09-03,4.54,18.49,73.04,0,3.35,181.92,1011.53,465.56,2.99,6.686,4100.0,0.134,PM2.5-1HR
945,DEU_DEBE056,2025-09-03,3.69,18.89,72.29,0,3.11,192.17,1011.89,343.06,2.41,5.874,4100.0,0.106,PM2.5-1HR
945,DEU_DEBE061,2025-09-03,4.54,18.74,71.88,0,3.13,187.22,1011.63,8418.27,4.04,8.156,4100.0,0.009,PM2.5-1HR
945,DEU_DEBE065,2025-09-03,6.62,18.64,72.88,0,3.06,185.38,1011.6,8391.58,4.41,8.674,4100.0,0.004,PM2.5-1HR
945,DEU_DEBE068,2025-09-03,6.59,18.64,72.88,0,3.06,185.38,1011.6,6915.53,4.28,8.492,4100.0,0.072,PM2.5-1HR
945,DEU_DEBE069,2025-09-03,6.67,18.74,71.88,0,3.13,187.22,1011.63,8191.19,4.34,8.576,4100.0,0.012,PM2.5-1HR
945,DEU_DEBE125,2025-09-03,6.06,18.74,71.88,0,3.13,187.22,1011.63,6357.97,4.28,8.492,4100.0,0.01,PM2.5-1HR
945,DEU_DEBE126,2025-09-03,6.89,18.74,71.88,0,3.13,187.22,1011.63,8426.55,4.28,8.492,4100.0,0.007,PM2.5-1HR
945,DEU_DEBE127,2025-09-03,6.77,18.74,71.88,0,3.13,187.22,1011.63,7640.61,4.38,8.632,4100.0,0.056,PM2.5-1HR
945,DEU_DEBE010,2025-09-04,5.72,20.79,69.75,0,2.51,182.8,1012.62,7325,4.83,9.262,4100.0,0.044,PM2.5-1HR
945,DEU_DEBE032,2025-09-04,4.49,20.85,69.13,0,2.63,181.96,1012.47,0,3.43,7.302,4100.0,0.861,PM2.5-1HR
945,DEU_DEBE034,2025-09-04,6.94,20.9,69.25,0,2.53,183.62,1012.62,8636.93,5.01,9.514,4100.0,0.331,PM2.5-1HR
945,DEU_DEBE051,2025-09-04,4.77,20.63,69.04,0,2.86,181,1012.56,465.56,3.35,7.19,4100.0,0.134,PM2.5-1HR
945,DEU_DEBE056,2025-09-04,4.21,20.86,71,0,2.5,189.72,1012.83,343.06,3.39,7.246,4100.0,0.106,PM2.5-1HR
945,DEU_DEBE061,2025-09-04,5.17,20.9,69.25,0,2.53,183.62,1012.62,8418.27,4.76,9.164,4100.0,0.009,PM2.5-1HR
945,DEU_DEBE065,2025-09-04,7.5,20.79,69.75,0,2.51,182.8,1012.62,8391.58,5.14,9.696,4100.0,0.004,PM2.5-1HR
945,DEU_DEBE068,2025-09-04,6.92,20.79,69.75,0,2.51,182.8,1012.62,6915.53,5.01,9.514,4100.0,0.072,PM2.5-1HR
945,DEU_DEBE069,2025-09-04,7.17,20.9,69.25,0,2.53,183.62,1012.62,8191.19,5.07,9.598,4100.0,0.012,PM2.5-1HR
945,DEU_DEBE125,2025-09-04,7.22,20.9,69.25,0,2.53,183.62,1012.62,6357.97,5.01,9.514,4100.0,0.01,PM2.5-1HR
945,DEU_DEBE126,2025-09-04,8.45,20.9,69.25,0,2.53,183.62,1012.62,8426.55,5.01,9.514,4100.0,0.007,PM2.5-1HR
945,DEU_DEBE127,2025-09-04,7.79,20.9,69.25,0,2.53,183.62,1012.62,7640.61,5.14,9.696,4100.0,0.056,PM2.5-1HR
945,DEU_DEBE010,2025-09-05,5.71,17.88,84.13,0.22,2.41,258.99,1016.44,7325,3.84,7.876,4100.0,0.044,PM2.5-1HR
945,DEU_DEBE032,2025-09-05,4.92,17.9,83.92,0.29,2.47,263.96,1016.53,0,2.89,6.546,4100.0,0.861,PM2.5-1HR
945,DEU_DEBE034,2025-09-05,7.87,17.98,83.63,0.18,2.46,260.45,1016.5,8636.93,4.14,8.296,4100.0,0.331,PM2.5-1HR
945,DEU_DEBE051,2025-09-05,4.89,17.68,83.96,0.19,2.49,256.83,1016.34,465.56,2.83,6.462,4100.0,0.134,PM2.5-1HR
945,DEU_DEBE056,2025-09-05,5.39,17.93,84.83,0.2,2.45,265.45,1016.46,343.06,2.8,6.42,4100.0,0.106,PM2.5-1HR
945,DEU_DEBE061,2025-09-05,5.56,17.98,83.63,0.18,2.46,260.45,1016.5,8418.27,3.96,8.044,4100.0,0.009,PM2.5-1HR
945,DEU_DEBE065,2025-09-05,8.17,17.88,84.13,0.22,2.41,258.99,1016.44,8391.58,4.06,8.184,4100.0,0.004,PM2.5-1HR
945,DEU_DEBE068,2025-09-05,6.55,17.88,84.13,0.22,2.41,258.99,1016.44,6915.53,4.14,8.296,4100.0,0.072,PM2.5-1HR
945,DEU_DEBE069,2025-09-05,8.71,17.98,83.63,0.18,2.46,260.45,1016.5,8191.19,4.27,8.478,4100.0,0.012,PM2.5-1HR
945,DEU_DEBE125,2025-09-05,7.81,17.98,83.63,0.18,2.46,260.45,1016.5,6357.97,4.14,8.296,4100.0,0.01,PM2.5-1HR
945,DEU_DEBE126,2025-09-05,7.96,17.98,83.63,0.18,2.46,260.45,1016.5,8426.55,4.14,8.296,4100.0,0.007,PM2.5-1HR
945,DEU_DEBE127,2025-09-05,8.58,17.98,83.63,0.18,2.46,260.45,1016.5,7640.61,4.27,8.478,4100.0,0.056,PM2.5-1HR
945,DEU_DEBE010,2025-09-06,6.64,16.68,76.83,0,1.59,297.62,1024.1,7325,4.17,8.338,4100.0,0.044,PM2.5-1HR
945,DEU_DEBE032,2025-09-06,4.17,16.79,76.13,0,1.65,300.93,1024.16,0,3.05,6.77,4100.0,0.861,PM2.5-1HR
945,DEU_DEBE034,2025-09-06,6.63,16.83,76.04,0.01,1.53,302.61,1024.13,8636.93,4.34,8.576,4100.0,0.331,PM2.5-1HR
945,DEU_DEBE051,2025-09-06,5.9,16.29,76.83,0.01,1.85,306.43,1024.04,465.56,2.92,6.588,4100.0,0.134,PM2.5-1HR
945,DEU_DEBE056,2025-09-06,5.44,16.86,77.46,0.03,1.71,304.48,1024.07,343.06,3.12,6.868,4100.0,0.106,PM2.5-1HR
945,DEU_DEBE061,2025-09-06,6.15,16.83,76.04,0.01,1.53,302.61,1024.13,8418.27,4.14,8.296,4100.0,0.009,PM2.5-1HR
945,DEU_DEBE065,2025-09-06,7.94,16.68,76.83,0,1.59,297.62,1024.1,8391.58,4.42,8.688,4100.0,0.004,PM2.5-1HR
945,DEU_DEBE068,2025-09-06,6.29,16.68,76.83,0,1.59,297.62,1024.1,6915.53,4.34,8.576,4100.0,0.072,PM2.5-1HR
945,DEU_DEBE069,2025-09-06,8.32,16.83,76.04,0.01,1.53,302.61,1024.13,8191.19,4.42,8.688,4100.0,0.012,PM2.5-1HR
945,DEU_DEBE125,2025-09-06,7.16,16.83,76.04,0.01,1.53,302.61,1024.13,6357.97,4.34,8.576,4100.0,0.01,PM2.5-1HR
945,DEU_DEBE126,2025-09-06,9.39,16.83,76.04,0.01,1.53,302.61,1024.13,8426.55,4.34,8.576,4100.0,0.007,PM2.5-1HR
945,DEU_DEBE127,2025-09-06,8.38,16.83,76.04,0.01,1.53,302.61,1024.13,7640.61,4.44,8.716,4100.0,0.056,PM2.5-1HR
945,DEU_DEBE010,2025-09-07,6.88,16.43,76.21,0,1.9,93.65,1022.94,7325,3.65,7.61,4100.0,0.044,PM2.5-1HR
945,DEU_DEBE032,2025-09-07,5.61,16.55,76.75,0,1.98,92.14,1022.83,0,3.04,6.756,4100.0,0.861,PM2.5-1HR
945,DEU_DEBE034,2025-09-07,7.35,16.51,76.08,0,1.96,90.43,1022.88,8636.93,3.81,7.834,4100.0,0.331,PM2.5-1HR
945,DEU_DEBE051,2025-09-07,5.79,15.93,75.75,0,2.03,89.66,1023.01,465.56,2.66,6.224,4100.0,0.134,PM2.5-1HR
945,DEU_DEBE056,2025-09-07,6.03,16.48,77.67,0,1.96,83.36,1022.91,343.06,2.61,6.154,4100.0,0.106,PM2.5-1HR
945,DEU_DEBE061,2025-09-07,7.2,16.51,76.08,0,1.96,90.43,1022.88,8418.27,3.69,7.666,4100.0,0.009,PM2.5-1HR
945,DEU_DEBE065,2025-09-07,7.61,16.43,76.21,0,1.9,93.65,1022.94,8391.58,3.84,7.876,4100.0,0.004,PM2.5-1HR
945,DEU_DEBE068,2025-09-07,6.76,16.43,76.21,0,1.9,93.65,1022.94,6915.53,3.81,7.834,4100.0,0.072,PM2.5-1HR
945,DEU_DEBE069,2025-09-07,9.47,16.51,76.08,0,1.96,90.43,1022.88,8191.19,3.85,7.89,4100.0,0.012,PM2.5-1HR
945,DEU_DEBE125,2025-09-07,7.4,16.51,76.08,0,1.96,90.43,1022.88,6357.97,3.81,7.834,4100.0,0.01,PM2.5-1HR
945,DEU_DEBE126,2025-09-07,9.56,16.51,76.08,0,1.96,90.43,1022.88,8426.55,3.81,7.834,4100.0,0.007,PM2.5-1HR
945,DEU_DEBE127,2025-09-07,9.34,16.51,76.08,0,1.96,90.43,1022.88,7640.61,3.88,7.932,4100.0,0.056,PM2.5-1HR
945,DEU_DEBE010,2025-09-08,8.3,16.93,74.46,0,2.02,85.4,1018.79,7325,5.55,10.27,4100.0,0.044,PM2.5-1HR
945,DEU_DEBE032,2025-09-08,5.72,17.04,74.29,0,2.14,84.96,1018.68,0,4.72,9.108,4100.0,0.861,PM2.5-1HR
945,DEU_DEBE034,2025-09-08,7.53,17.01,73.92,0,2.11,81.93,1018.73,8636.93,5.71,10.494,4100.0,0.331,PM2.5-1HR
945,DEU_DEBE051,2025-09-08,5.81,16.68,74.88,0,2.23,92.07,1018.89,465.56,4.07,8.198,4100.0,0.134,PM2.5-1HR
945,DEU_DEBE056,2025-09-08,6.28,17.04,75.33,0,2.27,78,1018.72,343.06,4.26,8.464,4100.0,0.106,PM2.5-1HR
945,DEU_DEBE061,2025-09-08,7.88,17.01,73.92,0,2.11,81.93,1018.73,8418.27,5.52,10.228,4100.0,0.009,PM2.5-1HR
945,DEU_DEBE065,2025-09-08,9.11,16.93,74.46,0,2.02,85.4,1018.79,8391.58,5.75,10.55,4100.0,0.004,PM2.5-1HR
945,DEU_DEBE068,2025-09-08,7.56,16.93,74.46,0,2.02,85.4,1018.79,6915.53,5.71,10.494,4100.0,0.072,PM2.5-1HR
945,DEU_DEBE069,2025-09-08,9.05,17.01,73.92,0,2.11,81.93,1018.73,8191.19,5.75,10.55,4100.0,0.012,PM2.5-1HR
945,DEU_DEBE125,2025-09-08,8.7,17.01,73.92,0,2.11,81.93,1018.73,6357.97,5.71,10.494,4100.0,0.01,PM2.5-1HR
945,DEU_DEBE126,2025-09-08,9.97,17.01,73.92,0,2.11,81.93,1018.73,8426.55,5.71,10.494,4100.0,0.007,PM2.5-1HR
945,DEU_DEBE127,2025-09-08,9.86,17.01,73.92,0,2.11,81.93,1018.73,7640.61,5.78,10.592,4100.0,0.056,PM2.5-1HR
945,DEU_DEBE010,2025-09-09,14.64,18.38,79.25,0,1.86,76.15,1015.18,7325,12.62,20.168,4100.0,0.044,PM2.5-1HR
945,DEU_DEBE032,2025-09-09,11.54,18.36,81.04,0,1.4,74.94,1015.1,0,10.49,17.186,4100.0,0.861,PM2.5-1HR
945,DEU_DEBE034,2025-09-09,15.42,18.43,79.33,0,1.68,78.23,1015.12,8636.93,13.05,20.77,4100.0,0.331,PM2.5-1HR
945,DEU_DEBE051,2025-09-09,11.33,18.15,78.29,0,2.24,77.86,1015.25,465.56,8.26,14.064,4100.0,0.134,PM2.5-1HR
945,DEU_DEBE056,2025-09-09,13.03,18.46,79.75,0,1.98,78.32,1015.09,343.06,10.03,16.542,4100.0,0.106,PM2.5-1HR
945,DEU_DEBE061,2025-09-09,15.56,18.43,79.33,0,1.68,78.23,1015.12,8418.27,12.42,19.888,4100.0,0.009,PM2.5-1HR
945,DEU_DEBE065,2025-09-09,16.79,18.38,79.25,0,1.86,76.15,1015.18,8391.58,13,20.7,4100.0,0.004,PM2.5-1HR
945,DEU_DEBE068,2025-09-09,14.68,18.38,79.25,0,1.86,76.15,1015.18,6915.53,13.05,20.77,4100.0,0.072,PM2.5-1HR
945,DEU_DEBE069,2025-09-09,17.23,18.43,79.33,0,1.68,78.23,1015.12,8191.19,13.23,21.022,4100.0,0.012,PM2.5-1HR
945,DEU_DEBE125,2025-09-09,16.47,18.43,79.33,0,1.68,78.23,1015.12,6357.97,13.05,20.77,4100.0,0.01,PM2.5-1HR
945,DEU_DEBE126,2025-09-09,17.99,18.43,79.33,0,1.68,78.23,1015.12,8426.55,13.05,20.77,4100.0,0.007,PM2.5-1HR
945,DEU_DEBE127,2025-09-09,18.11,18.43,79.33,0,1.68,78.23,1015.12,7640.61,13.33,21.162,4100.0,0.056,PM2.5-1HR
945,DEU_DEBE010,2025-09-10,16.02,18.57,80.17,0.2,1.59,152.72,1010.49,7325,10.29,16.906,4100.0,0.044,PM2.5-1HR
945,DEU_DEBE032,2025-09-10,12.04,18.34,82.33,0.17,1.4,182.62,1010.47,0,7.97,13.658,4100.0,0.861,PM2.5-1HR
945,DEU_DEBE034,2025-09-10,17.02,18.62,80.54,0.22,1.5,158.89,1010.49,8636.93,10.71,17.494,4100.0,0.331,PM2.5-1HR
945,DEU_DEBE051,2025-09-10,13.82,18.23,79.71,0.17,1.8,134.17,1010.55,465.56,9.96,16.444,4100.0,0.134,PM2.5-1HR
945,DEU_DEBE056,2025-09-10,15.35,18.61,81.54,0.38,1.6,131.2,1010.48,343.06,8.72,14.708,4100.0,0.106,PM2.5-1HR
945,DEU_DEBE061,2025-09-10,15.78,18.62,80.54,0.22,1.5,158.89,1010.49,8418.27,10.16,16.724,4100.0,0.009,PM2.5-1HR
945,DEU_DEBE065,2025-09-10,18.69,18.57,80.17,0.2,1.59,152.72,1010.49,8391.58,10.82,17.648,4100.0,0.004,PM2.5-1HR
945,DEU_DEBE068,2025-09-10,15.93,18.57,80.17,0.2,1.59,152.72,1010.49,6915.53,10.71,17.494,4100.0,0.072,PM2.5-1HR
945,DEU_DEBE069,2025-09-10,18.4,18.62,80.54,0.22,1.5,158.89,1010.49,8191.19,10.72,17.508,4100.0,0.012,PM2.5-1HR
945,DEU_DEBE125,2025-09-10,17.28,18.62,80.54,0.22,1.5,158.89,1010.49,6357.97,10.71,17.494,4100.0,0.01,PM2.5-1HR
945,DEU_DEBE126,2025-09-10,18.65,18.62,80.54,0.22,1.5,158.89,1010.49,8426.55,10.71,17.494,4100.0,0.007,PM2.5-1HR
945,DEU_DEBE127,2025-09-10,18.84,18.62,80.54,0.22,1.5,158.89,1010.49,7640.61,10.91,17.774,4100.0,0.056,PM2.5-1HR
945,DEU_DEBE010,2025-09-11,7.86,17.09,84.92,0.42,3.02,233.91,1006.78,7325,5.07,9.598,4100.0,0.044,PM2.5-1HR
945,DEU_DEBE032,2025-09-11,6.13,17.09,84.38,0.32,3.14,231.36,1006.85,0,4.07,8.198,4100.0,0.861,PM2.5-1HR
945,DEU_DEBE034,2025-09-11,8.4,17.13,84.08,0.46,3.05,231.35,1006.87,8636.93,5.21,9.794,4100.0,0.331,PM2.5-1HR
945,DEU_DEBE051,2025-09-11,7.58,16.89,86,0.47,3.25,235.22,1006.63,465.56,3.8,7.82,4100.0,0.134,PM2.5-1HR
945,DEU_DEBE056,2025-09-11,6.5,17.33,84.54,0.54,3.39,235.98,1006.95,343.06,2.66,6.224,4100.0,0.106,PM2.5-1HR
945,DEU_DEBE061,2025-09-11,7.49,17.13,84.08,0.46,3.05,231.35,1006.87,8418.27,4.99,9.486,4100.0,0.009,PM2.5-1HR
945,DEU_DEBE065,2025-09-11,9.05,17.09,84.92,0.42,3.02,233.91,1006.78,8391.58,5.23,9.822,4100.0,0.004,PM2.5-1HR
945,DEU_DEBE068,2025-09-11,7.81,17.09,84.92,0.42,3.02,233.91,1006.78,6915.53,5.21,9.794,4100.0,0.072,PM2.5-1HR
945,DEU_DEBE069,2025-09-11,9.77,17.13,84.08,0.46,3.05,231.35,1006.87,8191.19,5.24,9.836,4100.0,0.012,PM2.5-1HR
945,DEU_DEBE125,2025-09-11,8.58,17.13,84.08,0.46,3.05,231.35,1006.87,6357.97,5.21,9.794,4100.0,0.01,PM2.5-1HR
945,DEU_DEBE126,2025-09-11,9.19,17.13,84.08,0.46,3.05,231.35,1006.87,8426.55,5.21,9.794,4100.0,0.007,PM2.5-1HR
945,DEU_DEBE127,2025-09-11,9.19,17.13,84.08,0.46,3.05,231.35,1006.87,7640.61,5.3,9.92,4100.0,0.056,PM2.5-1HR
945,DEU_DEBE010,2025-09-12,4.74,15.38,74.88,0.23,3.13,211.95,1014.97,7325,4.53,8.842,4100.0,0.044,PM2.5-1HR
945,DEU_DEBE032,2025-09-12,4.13,15.56,74.88,0.12,3.22,211.37,1014.93,0,3.28,7.092,4100.0,0.861,PM2.5-1HR
945,DEU_DEBE034,2025-09-12,6.4,15.41,74.54,0.23,3.16,212.42,1015.04,8636.93,4.7,9.08,4100.0,0.331,PM2.5-1HR
945,DEU_DEBE051,2025-09-12,4.04,15.19,75.13,0.1,3.28,209.54,1014.83,465.56,3.37,7.218,4100.0,0.134,PM2.5-1HR
945,DEU_DEBE056,2025-09-12,3.67,15.74,73.88,0.12,3.28,219.1,1015.22,343.06,2.95,6.63,4100.0,0.106,PM2.5-1HR
945,DEU_DEBE061,2025-09-12,4.49,15.41,74.54,0.23,3.16,212.42,1015.04,8418.27,4.47,8.758,4100.0,0.009,PM2.5-1HR
945,DEU_DEBE065,2025-09-12,6.86,15.38,74.88,0.23,3.13,211.95,1014.97,8391.58,4.84,9.276,4100.0,0.004,PM2.5-1HR
945,DEU_DEBE068,2025-09-12,5.11,15.38,74.88,0.23,3.13,211.95,1014.97,6915.53,4.7,9.08,4100.0,0.072,PM2.5-1HR
945,DEU_DEBE069,2025-09-12,6.73,15.41,74.54,0.23,3.16,212.42,1015.04,8191.19,4.74,9.136,4100.0,0.012,PM2.5-1HR
945,DEU_DEBE125,2025-09-12,6.01,15.41,74.54,0.23,3.16,212.42,1015.04,6357.97,4.7,9.08,4100.0,0.01,PM2.5-1HR
945,DEU_DEBE126,2025-09-12,6.88,15.41,74.54,0.23,3.16,212.42,1015.04,8426.55,4.7,9.08,4100.0,0.007,PM2.5-1HR
945,DEU_DEBE127,2025-09-12,6.62,15.41,74.54,0.23,3.16,212.42,1015.04,7640.61,4.81,9.234,4100.0,0.056,PM2.5-1HR
945,DEU_DEBE010,2025-09-13,6.52,14.75,75.71,0.14,2.62,163.89,1018.54,7325,5.26,9.864,4100.0,0.044,PM2.5-1HR
945,DEU_DEBE032,2025-09-13,4.09,14.83,77,0.05,2.73,165.45,1018.4,0,3.76,7.764,4100.0,0.861,PM2.5-1HR
945,DEU_DEBE034,2025-09-13,7.31,14.92,74.67,0.03,2.69,165.17,1018.54,8636.93,5.41,10.074,4100.0,0.331,PM2.5-1HR
945,DEU_DEBE051,2025-09-13,6.12,14.7,74.04,0.01,3.06,168.86,1018.48,465.56,4.13,8.282,4100.0,0.134,PM2.5-1HR
945,DEU_DEBE056,2025-09-13,4.88,15.83,71.79,0,2.78,174.4,1018.7,343.06,3.58,7.512,4100.0,0.106,PM2.5-1HR
945,DEU_DEBE061,2025-09-13,6.59,14.92,74.67,0.03,2.69,165.17,1018.54,8418.27,5.08,9.612,4100.0,0.009,PM2.5-1HR
945,DEU_DEBE065,2025-09-13,8.75,14.75,75.71,0.14,2.62,163.89,1018.54,8391.58,5.49,10.186,4100.0,0.004,PM2.5-1HR
945,DEU_DEBE068,2025-09-13,7.16,14.75,75.71,0.14,2.62,163.89,1018.54,6915.53,5.41,10.074,4100.0,0.072,PM2.5-1HR
945,DEU_DEBE069,2025-09-13,8.61,14.92,74.67,0.03,2.69,165.17,1018.54,8191.19,5.45,10.13,4100.0,0.012,PM2.5-1HR
945,DEU_DEBE125,2025-09-13,7.83,14.92,74.67,0.03,2.69,165.17,1018.54,6357.97,5.41,10.074,4100.0,0.01,PM2.5-1HR
945,DEU_DEBE126,2025-09-13,9.82,14.92,74.67,0.03,2.69,165.17,1018.54,8426.55,5.41,10.074,4100.0,0.007,PM2.5-1HR
945,DEU_DEBE127,2025-09-13,8.69,14.92,74.67,0.03,2.69,165.17,1018.54,7640.61,5.52,10.228,4100.0,0.056,PM2.5-1HR
945,DEU_DEBE010,2025-09-14,6.53,15.23,77.46,0.04,2.64,225.71,1013.82,7325,3.43,7.302,4100.0,0.044,PM2.5-1HR
945,DEU_DEBE032,2025-09-14,4.19,15.29,76.58,0.05,2.91,224.97,1013.83,0,2.32,5.748,4100.0,0.861,PM2.5-1HR
945,DEU_DEBE034,2025-09-14,7.97,15.38,76.17,0.03,2.78,226.84,1013.86,8636.93,3.56,7.484,4100.0,0.331,PM2.5-1HR
945,DEU_DEBE051,2025-09-14,5.71,14.83,79.33,0.39,2.74,222.33,1013.77,465.56,2.67,6.238,4100.0,0.134,PM2.5-1HR
945,DEU_DEBE056,2025-09-14,5.21,15.48,78.71,0.09,2.69,227.7,1013.97,343.06,2.42,5.888,4100.0,0.106,PM2.5-1HR
945,DEU_DEBE061,2025-09-14,5.96,15.38,76.17,0.03,2.78,226.84,1013.86,8418.27,3.32,7.148,4100.0,0.009,PM2.5-1HR
945,DEU_DEBE065,2025-09-14,9.4,15.23,77.46,0.04,2.64,225.71,1013.82,8391.58,3.6,7.54,4100.0,0.004,PM2.5-1HR
945,DEU_DEBE068,2025-09-14,6.8,15.23,77.46,0.04,2.64,225.71,1013.82,6915.53,3.56,7.484,4100.0,0.072,PM2.5-1HR
945,DEU_DEBE069,2025-09-14,7.88,15.38,76.17,0.03,2.78,226.84,1013.86,8191.19,3.59,7.526,4100.0,0.012,PM2.5-1HR
945,DEU_DEBE125,2025-09-14,7.25,15.38,76.17,0.03,2.78,226.84,1013.86,6357.97,3.56,7.484,4100.0,0.01,PM2.5-1HR
945,DEU_DEBE126,2025-09-14,8.23,15.38,76.17,0.03,2.78,226.84,1013.86,8426.55,3.56,7.484,4100.0,0.007,PM2.5-1HR
945,DEU_DEBE127,2025-09-14,8.22,15.38,76.17,0.03,2.78,226.84,1013.86,7640.61,3.67,7.638,4100.0,0.056,PM2.5-1HR
945,DEU_DEBE010,2025-09-15,5.09,16.05,78.96,0.25,3.57,199.41,1009.31,7325,3.88,7.932,4100.0,0.044,PM2.5-1HR
945,DEU_DEBE032,2025-09-15,3.44,16.21,78.79,0.25,3.64,200.36,1009.27,0,2.52,6.028,4100.0,0.861,PM2.5-1HR
945,DEU_DEBE034,2025-09-15,7.24,16.15,79.96,0.21,3.52,199.03,1009.41,8636.93,4.04,8.156,4100.0,0.331,PM2.5-1HR
945,DEU_DEBE051,2025-09-15,4.71,15.87,75.63,0.1,4.11,199.15,1009.13,465.56,3.07,6.798,4100.0,0.134,PM2.5-1HR
945,DEU_DEBE056,2025-09-15,3.84,16.26,81.88,0.24,3.71,202.55,1009.7,343.06,2.25,5.65,4100.0,0.106,PM2.5-1HR
945,DEU_DEBE061,2025-09-15,4.75,16.15,79.96,0.21,3.52,199.03,1009.41,8418.27,3.79,7.806,4100.0,0.009,PM2.5-1HR
945,DEU_DEBE065,2025-09-15,7.26,16.05,78.96,0.25,3.57,199.41,1009.31,8391.58,4.16,8.324,4100.0,0.004,PM2.5-1HR
945,DEU_DEBE068,2025-09-15,5.49,16.05,78.96,0.25,3.57,199.41,1009.31,6915.53,4.04,8.156,4100.0,0.072,PM2.5-1HR
945,DEU_DEBE069,2025-09-15,6.78,16.15,79.96,0.21,3.52,199.03,1009.41,8191.19,4.1,8.24,4100.0,0.012,PM2.5-1HR
945,DEU_DEBE125,2025-09-15,6.25,16.15,79.96,0.21,3.52,199.03,1009.41,6357.97,4.04,8.156,4100.0,0.01,PM2.5-1HR
945,DEU_DEBE126,2025-09-15,7.13,16.15,79.96,0.21,3.52,199.03,1009.41,8426.55,4.04,8.156,4100.0,0.007,PM2.5-1HR
945,DEU_DEBE127,2025-09-15,7.07,16.15,79.96,0.21,3.52,199.03,1009.41,7640.61,4.16,8.324,4100.0,0.056,PM2.5-1HR
945,DEU_DEBE010,2025-09-16,5.16,15.58,64.25,0.01,5.7,239.89,1010.91,7325,4.12,8.268,4100.0,0.044,PM2.5-1HR
945,DEU_DEBE032,2025-09-16,3.29,15.83,63,0.02,5.8,239.93,1011.07,0,3.16,6.924,4100.0,0.861,PM2.5-1HR
945,DEU_DEBE034,2025-09-16,5.56,15.74,63.38,0.02,5.6,240.27,1011.09,8636.93,4.25,8.45,4100.0,0.331,PM2.5-1HR
945,DEU_DEBE051,2025-09-16,4.38,15.56,62.5,0.01,6.12,237.56,1010.53,465.56,3.53,7.442,4100.0,0.134,PM2.5-1HR
945,DEU_DEBE056,2025-09-16,4.08,15.88,63.42,0.01,5.74,239.68,1011.31,343.06,3.48,7.372,4100.0,0.106,PM2.5-1HR
945,DEU_DEBE061,2025-09-16,4.62,15.74,63.38,0.02,5.6,240.27,1011.09,8418.27,4.06,8.184,4100.0,0.009,PM2.5-1HR
945,DEU_DEBE065,2025-09-16,6.12,15.58,64.25,0.01,5.7,239.89,1010.91,8391.58,4.25,8.45,4100.0,0.004,PM2.5-1HR
945,DEU_DEBE068,2025-09-16,5.46,15.58,64.25,0.01,5.7,239.89,1010.91,6915.53,4.25,8.45,4100.0,0.072,PM2.5-1HR
945,DEU_DEBE069,2025-09-16,6.62,15.74,63.38,0.02,5.6,240.27,1011.09,8191.19,4.28,8.492,4100.0,0.012,PM2.5-1HR
945,DEU_DEBE125,2025-09-16,5.94,15.74,63.38,0.02,5.6,240.27,1011.09,6357.97,4.25,8.45,4100.0,0.01,PM2.5-1HR
945,DEU_DEBE126,2025-09-16,6.02,15.74,63.38,0.02,5.6,240.27,1011.09,8426.55,4.25,8.45,4100.0,0.007,PM2.5-1HR
945,DEU_DEBE127,2025-09-16,6.3,15.74,63.38,0.02,5.6,240.27,1011.09,7640.61,4.29,8.506,4100.0,0.056,PM2.5-1HR
945,DEU_DEBE010,2025-09-17,6.43,14.22,77.63,0.02,4.49,256.18,1017.53,7325,4.73,9.122,4100.0,0.044,PM2.5-1HR
945,DEU_DEBE032,2025-09-17,4.04,14.35,77.42,0.03,4.61,257.36,1017.72,0,3.51,7.414,4100.0,0.861,PM2.5-1HR
945,DEU_DEBE034,2025-09-17,7.63,14.3,77.38,0.03,4.45,257.73,1017.68,8636.93,4.79,9.206,4100.0,0.331,PM2.5-1HR
945,DEU_DEBE051,2025-09-17,5.01,14.13,77.04,0.05,4.83,255.09,1017.23,465.56,3.77,7.778,4100.0,0.134,PM2.5-1HR
945,DEU_DEBE056,2025-09-17,5.31,14.41,77.25,0.03,4.59,257.42,1017.71,343.06,3.97,8.058,4100.0,0.106,PM2.5-1HR
945,DEU_DEBE061,2025-09-17,5.92,14.3,77.38,0.03,4.45,257.73,1017.68,8418.27,4.57,8.898,4100.0,0.009,PM2.5-1HR
945,DEU_DEBE065,2025-09-17,8.04,14.22,77.63,0.02,4.49,256.18,1017.53,8391.58,4.83,9.262,4100.0,0.004,PM2.5-1HR
945,DEU_DEBE068,2025-09-17,7.4,14.22,77.63,0.02,4.49,256.18,1017.53,6915.53,4.79,9.206,4100.0,0.072,PM2.5-1HR
945,DEU_DEBE069,2025-09-17,8.2,14.3,77.38,0.03,4.45,257.73,1017.68,8191.19,4.78,9.192,4100.0,0.012,PM2.5-1HR
945,DEU_DEBE125,2025-09-17,7.41,14.3,77.38,0.03,4.45,257.73,1017.68,6357.97,4.79,9.206,4100.0,0.01,PM2.5-1HR
945,DEU_DEBE126,2025-09-17,7.68,14.3,77.38,0.03,4.45,257.73,1017.68,8426.55,4.79,9.206,4100.0,0.007,PM2.5-1HR
945,DEU_DEBE127,2025-09-17,7.89,14.3,77.38,0.03,4.45,257.73,1017.68,7640.61,4.81,9.234,4100.0,0.056,PM2.5-1HR
945,DEU_DEBE010,2025-09-18,6.06,16.91,81,0.02,3.91,238.18,1019.2,7325,4.49,8.786,4100.0,0.044,PM2.5-1HR
945,DEU_DEBE032,2025-09-18,3.7,17.2,79.83,0.02,3.98,239.85,1019.29,0,2.6,6.14,4100.0,0.861,PM2.5-1HR
945,DEU_DEBE034,2025-09-18,6.35,17.02,80.5,0.02,3.85,238.86,1019.33,8636.93,4.64,8.996,4100.0,0.331,PM2.5-1HR
945,DEU_DEBE051,2025-09-18,5.07,16.87,80,0.02,4.37,235.39,1018.94,465.56,2.94,6.616,4100.0,0.134,PM2.5-1HR
945,DEU_DEBE056,2025-09-18,4.46,17.02,79.96,0.02,3.97,238.81,1019.44,343.06,2.59,6.126,4100.0,0.106,PM2.5-1HR
945,DEU_DEBE061,2025-09-18,5.01,17.02,80.5,0.02,3.85,238.86,1019.33,8418.27,4.26,8.464,4100.0,0.009,PM2.5-1HR
945,DEU_DEBE065,2025-09-18,7.16,16.91,81,0.02,3.91,238.18,1019.2,8391.58,4.75,9.15,4100.0,0.004,PM2.5-1HR
945,DEU_DEBE068,2025-09-18,6.24,16.91,81,0.02,3.91,238.18,1019.2,6915.53,4.64,8.996,4100.0,0.072,PM2.5-1HR
945,DEU_DEBE069,2025-09-18,7.43,17.02,80.5,0.02,3.85,238.86,1019.33,8191.19,4.57,8.898,4100.0,0.012,PM2.5-1HR
945,DEU_DEBE125,2025-09-18,6.79,17.02,80.5,0.02,3.85,238.86,1019.33,6357.97,4.64,8.996,4100.0,0.01,PM2.5-1HR
945,DEU_DEBE126,2025-09-18,6.75,17.02,80.5,0.02,3.85,238.86,1019.33,8426.55,4.64,8.996,4100.0,0.007,PM2.5-1HR
945,DEU_DEBE127,2025-09-18,7.4,17.02,80.5,0.02,3.85,238.86,1019.33,7640.61,4.68,9.052,4100.0,0.056,PM2.5-1HR
945,DEU_DEBE010,2025-09-19,9.47,19.16,79.17,0,2.96,231.83,1022.95,7325,6.25,11.25,4100.0,0.044,PM2.5-1HR
945,DEU_DEBE032,2025-09-19,6.57,19.3,78.21,0,2.97,231.32,1022.98,0,5.44,10.116,4100.0,0.861,PM2.5-1HR
945,DEU_DEBE034,2025-09-19,10.81,19.25,78.54,0,2.91,230.85,1023.02,8636.93,6.56,11.684,4100.0,0.331,PM2.5-1HR
945,DEU_DEBE051,2025-09-19,8.22,18.86,80.17,0,3.27,229.58,1022.82,465.56,5.12,9.668,4100.0,0.134,PM2.5-1HR
945,DEU_DEBE056,2025-09-19,8.68,19.15,79.04,0,3,232.58,1023.1,343.06,5.5,10.2,4100.0,0.106,PM2.5-1HR
945,DEU_DEBE061,2025-09-19,9.28,19.25,78.54,0,2.91,230.85,1023.02,8418.27,6.37,11.418,4100.0,0.009,PM2.5-1HR
945,DEU_DEBE065,2025-09-19,11.01,19.16,79.17,0,2.96,231.83,1022.95,8391.58,6.48,11.572,4100.0,0.004,PM2.5-1HR
945,DEU_DEBE068,2025-09-19,10.45,19.16,79.17,0,2.96,231.83,1022.95,6915.53,6.56,11.684,4100.0,0.072,PM2.5-1HR
945,DEU_DEBE069,2025-09-19,11.47,19.25,78.54,0,2.91,230.85,1023.02,8191.19,6.73,11.922,4100.0,0.012,PM2.5-1HR
945,DEU_DEBE125,2025-09-19,10.93,19.25,78.54,0,2.91,230.85,1023.02,6357.97,6.56,11.684,4100.0,0.01,PM2.5-1HR
945,DEU_DEBE126,2025-09-19,12.94,19.25,78.54,0,2.91,230.85,1023.02,8426.55,6.56,11.684,4100.0,0.007,PM2.5-1HR
945,DEU_DEBE127,2025-09-19,12.41,19.25,78.54,0,2.91,230.85,1023.02,7640.61,6.71,11.894,4100.0,0.056,PM2.5-1HR
945,DEU_DEBE010,2025-09-20,8.51,20.38,71.88,0,2.85,188.84,1016.15,7325,6.25,11.25,4100.0,0.044,PM2.5-1HR
945,DEU_DEBE032,2025-09-20,6.41,20.49,70.5,0,2.86,187.38,1016.08,0,4.83,9.262,4100.0,0.861,PM2.5-1HR
945,DEU_DEBE034,2025-09-20,12.43,20.5,70.83,0,2.89,190.9,1016.2,8636.93,6.44,11.516,4100.0,0.331,PM2.5-1HR
945,DEU_DEBE051,2025-09-20,8.21,20.07,72.75,0,3.15,186.72,1016.05,465.56,5.3,9.92,4100.0,0.134,PM2.5-1HR
945,DEU_DEBE056,2025-09-20,8.04,20.52,70.5,0,3.04,195.11,1016.41,343.06,4.98,9.472,4100.0,0.106,PM2.5-1HR
945,DEU_DEBE061,2025-09-20,8.54,20.5,70.83,0,2.89,190.9,1016.2,8418.27,6.14,11.096,4100.0,0.009,PM2.5-1HR
945,DEU_DEBE065,2025-09-20,12.46,20.38,71.88,0,2.85,188.84,1016.15,8391.58,6.56,11.684,4100.0,0.004,PM2.5-1HR
945,DEU_DEBE068,2025-09-20,10.99,20.38,71.88,0,2.85,188.84,1016.15,6915.53,6.44,11.516,4100.0,0.072,PM2.5-1HR
945,DEU_DEBE069,2025-09-20,12.02,20.5,70.83,0,2.89,190.9,1016.2,8191.19,6.47,11.558,4100.0,0.012,PM2.5-1HR
945,DEU_DEBE125,2025-09-20,9.93,20.5,70.83,0,2.89,190.9,1016.2,6357.97,6.44,11.516,4100.0,0.01,PM2.5-1HR
945,DEU_DEBE126,2025-09-20,13.15,20.5,70.83,0,2.89,190.9,1016.2,8426.55,6.44,11.516,4100.0,0.007,PM2.5-1HR
945,DEU_DEBE127,2025-09-20,12.21,20.5,70.83,0,2.89,190.9,1016.2,7640.61,6.55,11.67,4100.0,0.056,PM2.5-1HR
945,DEU_DEBE010,2025-09-21,8.06,19.93,72.92,0,3.29,236.17,1011.62,7325,3.14,6.896,4100.0,0.044,PM2.5-1HR
945,DEU_DEBE032,2025-09-21,6.32,19.99,72,0,3.42,235.68,1011.68,0,2.34,5.776,4100.0,0.861,PM2.5-1HR
945,DEU_DEBE034,2025-09-21,9.05,20.07,72.04,0,3.35,237.08,1011.66,8636.93,3.23,7.022,4100.0,0.331,PM2.5-1HR
945,DEU_DEBE051,2025-09-21,7.8,19.9,71.58,0,3.76,233.9,1011.49,465.56,2.35,5.79,4100.0,0.134,PM2.5-1HR
945,DEU_DEBE056,2025-09-21,8.39,20.38,71.46,0,3.47,235.71,1011.66,343.06,2.26,5.664,4100.0,0.106,PM2.5-1HR
945,DEU_DEBE061,2025-09-21,8.09,20.07,72.04,0,3.35,237.08,1011.66,8418.27,3.06,6.784,4100.0,0.009,PM2.5-1HR
945,DEU_DEBE065,2025-09-21,10.95,19.93,72.92,0,3.29,236.17,1011.62,8391.58,3.26,7.064,4100.0,0.004,PM2.5-1HR
945,DEU_DEBE068,2025-09-21,8.99,19.93,72.92,0,3.29,236.17,1011.62,6915.53,3.23,7.022,4100.0,0.072,PM2.5-1HR
945,DEU_DEBE069,2025-09-21,10,20.07,72.04,0,3.35,237.08,1011.66,8191.19,3.22,7.008,4100.0,0.012,PM2.5-1HR
945,DEU_DEBE125,2025-09-21,9.25,20.07,72.04,0,3.35,237.08,1011.66,6357.97,3.23,7.022,4100.0,0.01,PM2.5-1HR
945,DEU_DEBE126,2025-09-21,10.11,20.07,72.04,0,3.35,237.08,1011.66,8426.55,3.23,7.022,4100.0,0.007,PM2.5-1HR
945,DEU_DEBE127,2025-09-21,10.15,20.07,72.04,0,3.35,237.08,1011.66,7640.61,3.27,7.078,4100.0,0.056,PM2.5-1HR
945,DEU_DEBE010,2025-09-22,5.34,12.85,75.54,0.08,2.31,332.67,1018.92,7325,3.65,7.61,4100.0,0.044,PM2.5-1HR
945,DEU_DEBE032,2025-09-22,2.9,12.99,77.04,0.07,2.4,330.66,1019.02,0,2.62,6.168,4100.0,0.861,PM2.5-1HR
945,DEU_DEBE034,2025-09-22,5.57,12.97,75.79,0.1,2.31,330.89,1018.94,8636.93,3.73,7.722,4100.0,0.331,PM2.5-1HR
945,DEU_DEBE051,2025-09-22,3.6,12.76,73.04,0.05,2.66,325.43,1018.88,465.56,2.67,6.238,4100.0,0.134,PM2.5-1HR
945,DEU_DEBE056,2025-09-22,4.67,13.05,78.92,0.37,2.27,335.13,1018.78,343.06,2.74,6.336,4100.0,0.106,PM2.5-1HR
945,DEU_DEBE061,2025-09-22,4.73,12.97,75.79,0.1,2.31,330.89,1018.94,8418.27,3.54,7.456,4100.0,0.009,PM2.5-1HR
945,DEU_DEBE065,2025-09-22,6.1,12.85,75.54,0.08,2.31,332.67,1018.92,8391.58,3.79,7.806,4100.0,0.004,PM2.5-1HR
945,DEU_DEBE068,2025-09-22,5.61,12.85,75.54,0.08,2.31,332.67,1018.92,6915.53,3.73,7.722,4100.0,0.072,PM2.5-1HR
945,DEU_DEBE069,2025-09-22,6.72,12.97,75.79,0.1,2.31,330.89,1018.94,8191.19,3.74,7.736,4100.0,0.012,PM2.5-1HR
945,DEU_DEBE125,2025-09-22,6.28,12.97,75.79,0.1,2.31,330.89,1018.94,6357.97,3.73,7.722,4100.0,0.01,PM2.5-1HR
945,DEU_DEBE126,2025-09-22,7.38,12.97,75.79,0.1,2.31,330.89,1018.94,8426.55,3.73,7.722,4100.0,0.007,PM2.5-1HR
945,DEU_DEBE127,2025-09-22,6.45,12.97,75.79,0.1,2.31,330.89,1018.94,7640.61,3.76,7.764,4100.0,0.056,PM2.5-1HR
945,DEU_DEBE010,2025-09-23,4.66,10.89,75.17,0,1.79,333.94,1023.9,7325,3.7,7.68,4100.0,0.044,PM2.5-1HR
945,DEU_DEBE032,2025-09-23,2.63,11.1,77.33,0,1.89,334.84,1023.92,0,2.45,5.93,4100.0,0.861,PM2.5-1HR
945,DEU_DEBE034,2025-09-23,4.67,11.12,74.38,0,1.9,337.97,1023.89,8636.93,4.02,8.128,4100.0,0.331,PM2.5-1HR
945,DEU_DEBE051,2025-09-23,3.81,10.68,74.5,0,2.08,330.68,1023.87,465.56,2.24,5.636,4100.0,0.134,PM2.5-1HR
945,DEU_DEBE056,2025-09-23,3.92,11.44,76.08,0,2.27,338.3,1023.76,343.06,2.71,6.294,4100.0,0.106,PM2.5-1HR
945,DEU_DEBE061,2025-09-23,4.33,11.12,74.38,0,1.9,337.97,1023.89,8418.27,3.82,7.848,4100.0,0.009,PM2.5-1HR
945,DEU_DEBE065,2025-09-23,5.14,10.89,75.17,0,1.79,333.94,1023.9,8391.58,4.04,8.156,4100.0,0.004,PM2.5-1HR
945,DEU_DEBE068,2025-09-23,4.65,10.89,75.17,0,1.79,333.94,1023.9,6915.53,4.02,8.128,4100.0,0.072,PM2.5-1HR
945,DEU_DEBE069,2025-09-23,6.4,11.12,74.38,0,1.9,337.97,1023.89,8191.19,4.2,8.38,4100.0,0.012,PM2.5-1HR
945,DEU_DEBE125,2025-09-23,5.77,11.12,74.38,0,1.9,337.97,1023.89,6357.97,4.02,8.128,4100.0,0.01,PM2.5-1HR
945,DEU_DEBE126,2025-09-23,6.47,11.12,74.38,0,1.9,337.97,1023.89,8426.55,4.02,8.128,4100.0,0.007,PM2.5-1HR
945,DEU_DEBE127,2025-09-23,6.13,11.12,74.38,0,1.9,337.97,1023.89,7640.61,4.16,8.324,4100.0,0.056,PM2.5-1HR
945,DEU_DEBE127,2025-09-24,5.38,11.02,67.79,0,4.01,59.84,1027.5,7640.61,3.81,7.834,4100.0,0.056,PM2.5-1HR
945,DEU_DEBE010,2025-09-24,4.12,10.8,69.38,0,3.96,59.76,1027.65,7325,3.58,7.512,4100.0,0.044,PM2.5-1HR
945,DEU_DEBE032,2025-09-24,2.65,11.11,69.75,0,4.05,60.05,1027.46,0,2.56,6.084,4100.0,0.861,PM2.5-1HR
945,DEU_DEBE034,2025-09-24,4.23,11.02,67.79,0,4.01,59.84,1027.5,8636.93,3.74,7.736,4100.0,0.331,PM2.5-1HR
945,DEU_DEBE051,2025-09-24,6.44,10.58,70.13,0,4.14,59.97,1027.92,465.56,2.52,6.028,4100.0,0.134,PM2.5-1HR
945,DEU_DEBE056,2025-09-24,3.28,11.05,69.63,0,4.38,60.64,1027.42,343.06,2.61,6.154,4100.0,0.106,PM2.5-1HR
945,DEU_DEBE061,2025-09-24,3.57,11.02,67.79,0,4.01,59.84,1027.5,8418.27,3.54,7.456,4100.0,0.009,PM2.5-1HR
945,DEU_DEBE065,2025-09-24,4.82,10.8,69.38,0,3.96,59.76,1027.65,8391.58,3.83,7.862,4100.0,0.004,PM2.5-1HR
945,DEU_DEBE068,2025-09-24,3.7,10.8,69.38,0,3.96,59.76,1027.65,6915.53,3.74,7.736,4100.0,0.072,PM2.5-1HR
945,DEU_DEBE069,2025-09-24,4.84,11.02,67.79,0,4.01,59.84,1027.5,8191.19,3.77,7.778,4100.0,0.012,PM2.5-1HR
945,DEU_DEBE125,2025-09-24,4.83,11.02,67.79,0,4.01,59.84,1027.5,6357.97,3.74,7.736,4100.0,0.01,PM2.5-1HR
945,DEU_DEBE126,2025-09-24,5.39,11.02,67.79,0,4.01,59.84,1027.5,8426.55,3.74,7.736,4100.0,0.007,PM2.5-1HR
945,DEU_DEBE127,2025-09-25,6.03,11.28,60.83,0.03,5.05,73.53,1026.8,7640.61,3.88,7.932,4100.0,0.056,PM2.5-1HR
945,DEU_DEBE010,2025-09-25,4.24,11.14,61.5,0.01,5.09,73.2,1027.02,7325,3.64,7.596,4100.0,0.044,PM2.5-1HR
945,DEU_DEBE032,2025-09-25,2.98,11.27,62.75,0.04,4.97,74.24,1026.75,0,2.9,6.56,4100.0,0.861,PM2.5-1HR
945,DEU_DEBE034,2025-09-25,4.47,11.28,60.83,0.03,5.05,73.53,1026.8,8636.93,3.8,7.82,4100.0,0.331,PM2.5-1HR
945,DEU_DEBE051,2025-09-25,3.52,11.08,60.29,0,5.3,73.41,1027.43,465.56,2.85,6.49,4100.0,0.134,PM2.5-1HR
945,DEU_DEBE056,2025-09-25,3.55,11.39,61.58,0,5.3,73.65,1026.77,343.06,3.02,6.728,4100.0,0.106,PM2.5-1HR
945,DEU_DEBE061,2025-09-25,3.99,11.28,60.83,0.03,5.05,73.53,1026.8,8418.27,3.62,7.568,4100.0,0.009,PM2.5-1HR
945,DEU_DEBE065,2025-09-25,5.24,11.14,61.5,0.01,5.09,73.2,1027.02,8391.58,3.81,7.834,4100.0,0.004,PM2.5-1HR
945,DEU_DEBE068,2025-09-25,4.11,11.14,61.5,0.01,5.09,73.2,1027.02,6915.53,3.8,7.82,4100.0,0.072,PM2.5-1HR
945,DEU_DEBE069,2025-09-25,5.27,11.28,60.83,0.03,5.05,73.53,1026.8,8191.19,3.82,7.848,4100.0,0.012,PM2.5-1HR
945,DEU_DEBE125,2025-09-25,5.06,11.28,60.83,0.03,5.05,73.53,1026.8,6357.97,3.8,7.82,4100.0,0.01,PM2.5-1HR
945,DEU_DEBE126,2025-09-25,5.67,11.28,60.83,0.03,5.05,73.53,1026.8,8426.55,3.8,7.82,4100.0,0.007,PM2.5-1HR
945,DEU_DEBE127,2025-09-26,7.44,12.31,62.79,0.01,4.46,84.92,1026.63,7640.61,5.03,9.542,4100.0,0.056,PM2.5-1HR
945,DEU_DEBE010,2025-09-26,5.64,12.1,63.58,0.01,4.57,85.83,1026.8,7325,4.83,9.262,4100.0,0.044,PM2.5-1HR
945,DEU_DEBE032,2025-09-26,4.08,12.23,64.38,0.01,4.42,85.37,1026.51,0,3.87,7.918,4100.0,0.861,PM2.5-1HR
945,DEU_DEBE034,2025-09-26,5.74,12.31,62.79,0.01,4.46,84.92,1026.63,8636.93,4.97,9.458,4100.0,0.331,PM2.5-1HR
945,DEU_DEBE051,2025-09-26,4.32,12.26,59.38,0,4.94,87.21,1027.12,465.56,3.71,7.694,4100.0,0.134,PM2.5-1HR
945,DEU_DEBE056,2025-09-26,4.79,12.44,62.04,0,4.61,86.08,1026.69,343.06,4.1,8.24,4100.0,0.106,PM2.5-1HR
945,DEU_DEBE061,2025-09-26,5.52,12.31,62.79,0.01,4.46,84.92,1026.63,8418.27,4.75,9.15,4100.0,0.009,PM2.5-1HR
945,DEU_DEBE065,2025-09-26,6.79,12.1,63.58,0.01,4.57,85.83,1026.8,8391.58,5,9.5,4100.0,0.004,PM2.5-1HR
945,DEU_DEBE068,2025-09-26,5.56,12.1,63.58,0.01,4.57,85.83,1026.8,6915.53,4.97,9.458,4100.0,0.072,PM2.5-1HR
945,DEU_DEBE069,2025-09-26,6.53,12.31,62.79,0.01,4.46,84.92,1026.63,8191.19,4.97,9.458,4100.0,0.012,PM2.5-1HR
945,DEU_DEBE125,2025-09-26,6.83,12.31,62.79,0.01,4.46,84.92,1026.63,6357.97,4.97,9.458,4100.0,0.01,PM2.5-1HR
945,DEU_DEBE126,2025-09-26,7.29,12.31,62.79,0.01,4.46,84.92,1026.63,8426.55,4.97,9.458,4100.0,0.007,PM2.5-1HR
945,DEU_DEBE127,2025-09-27,10.26,13.49,64.46,0,3.53,86.52,1024.77,7640.61,6.58,11.712,4100.0,0.056,PM2.5-1HR
945,DEU_DEBE010,2025-09-27,9.17,13.08,66,0,3.6,87.8,1024.91,7325,6.38,11.432,4100.0,0.044,PM2.5-1HR
945,DEU_DEBE032,2025-09-27,5.85,13.48,66.58,0,3.51,87.01,1024.64,0,5.19,9.766,4100.0,0.861,PM2.5-1HR
945,DEU_DEBE034,2025-09-27,8.17,13.49,64.46,0,3.53,86.52,1024.77,8636.93,6.51,11.614,4100.0,0.331,PM2.5-1HR
945,DEU_DEBE051,2025-09-27,6.72,12.88,63.67,0,3.94,90.33,1025.16,465.56,4.7,9.08,4100.0,0.134,PM2.5-1HR
945,DEU_DEBE056,2025-09-27,6.83,13.33,65.63,0,3.59,85.56,1024.88,343.06,5.11,9.654,4100.0,0.106,PM2.5-1HR
945,DEU_DEBE061,2025-09-27,8.47,13.49,64.46,0,3.53,86.52,1024.77,8418.27,6.25,11.25,4100.0,0.009,PM2.5-1HR
945,DEU_DEBE065,2025-09-27,9.48,13.08,66,0,3.6,87.8,1024.91,8391.58,6.55,11.67,4100.0,0.004,PM2.5-1HR
945,DEU_DEBE068,2025-09-27,8,13.08,66,0,3.6,87.8,1024.91,6915.53,6.51,11.614,4100.0,0.072,PM2.5-1HR
945,DEU_DEBE069,2025-09-27,10.18,13.49,64.46,0,3.53,86.52,1024.77,8191.19,6.52,11.628,4100.0,0.012,PM2.5-1HR
945,DEU_DEBE125,2025-09-27,9.76,13.49,64.46,0,3.53,86.52,1024.77,6357.97,6.51,11.614,4100.0,0.01,PM2.5-1HR
945,DEU_DEBE126,2025-09-27,10.97,13.49,64.46,0,3.53,86.52,1024.77,8426.55,6.51,11.614,4100.0,0.007,PM2.5-1HR
945,DEU_DEBE127,2025-09-28,10.84,12.53,65.21,0,2.53,74.75,1024.25,7640.61,7.69,13.266,4100.0,0.056,PM2.5-1HR
945,DEU_DEBE010,2025-09-28,9.11,12.17,67.46,0,2.47,76.11,1024.36,7325,7.42,12.888,4100.0,0.044,PM2.5-1HR
945,DEU_DEBE032,2025-09-28,6.2,12.49,68.38,0,2.35,74.71,1024.22,0,5.88,10.732,4100.0,0.861,PM2.5-1HR
945,DEU_DEBE034,2025-09-28,8.65,12.53,65.21,0,2.53,74.75,1024.25,8636.93,7.65,13.21,4100.0,0.331,PM2.5-1HR
945,DEU_DEBE051,2025-09-28,6.81,11.68,67.92,0,2.7,78.33,1024.53,465.56,5.29,9.906,4100.0,0.134,PM2.5-1HR
945,DEU_DEBE056,2025-09-28,7.84,12.03,69.96,0,2.6,71.4,1024.29,343.06,5.86,10.704,4100.0,0.106,PM2.5-1HR
945,DEU_DEBE061,2025-09-28,8.86,12.53,65.21,0,2.53,74.75,1024.25,8418.27,7.3,12.72,4100.0,0.009,PM2.5-1HR
945,DEU_DEBE065,2025-09-28,10.72,12.17,67.46,0,2.47,76.11,1024.36,8391.58,7.66,13.224,4100.0,0.004,PM2.5-1HR
945,DEU_DEBE068,2025-09-28,9.85,12.17,67.46,0,2.47,76.11,1024.36,6915.53,7.65,13.21,4100.0,0.072,PM2.5-1HR
945,DEU_DEBE069,2025-09-28,10.71,12.53,65.21,0,2.53,74.75,1024.25,8191.19,7.68,13.252,4100.0,0.012,PM2.5-1HR
945,DEU_DEBE125,2025-09-28,10.98,12.53,65.21,0,2.53,74.75,1024.25,6357.97,7.65,13.21,4100.0,0.01,PM2.5-1HR
945,DEU_DEBE126,2025-09-28,11.03,12.53,65.21,0,2.53,74.75,1024.25,8426.55,7.65,13.21,4100.0,0.007,PM2.5-1HR
945,DEU_DEBE127,2025-09-29,10.58,11.43,73.75,0,2.32,92.48,1024.34,7640.61,6.54,11.656,4100.0,0.056,PM2.5-1HR
945,DEU_DEBE010,2025-09-29,8.58,11.21,75.5,0,2.35,92.94,1024.4,7325,6.18,11.152,4100.0,0.044,PM2.5-1HR
945,DEU_DEBE032,2025-09-29,4.95,11.45,75.5,0,2.22,95.6,1024.28,0,4.36,8.604,4100.0,0.861,PM2.5-1HR
945,DEU_DEBE034,2025-09-29,8.94,11.43,73.75,0,2.32,92.48,1024.34,8636.93,6.37,11.418,4100.0,0.331,PM2.5-1HR
945,DEU_DEBE051,2025-09-29,6.14,10.88,76.08,0.01,2.58,93.08,1024.5,465.56,4.46,8.744,4100.0,0.134,PM2.5-1HR
945,DEU_DEBE056,2025-09-29,7.02,11.08,77.25,0,2.33,83.77,1024.39,343.06,5.42,10.088,4100.0,0.106,PM2.5-1HR
945,DEU_DEBE061,2025-09-29,8.32,11.43,73.75,0,2.32,92.48,1024.34,8418.27,5.92,10.788,4100.0,0.009,PM2.5-1HR
945,DEU_DEBE065,2025-09-29,10.69,11.21,75.5,0,2.35,92.94,1024.4,8391.58,6.57,11.698,4100.0,0.004,PM2.5-1HR
945,DEU_DEBE068,2025-09-29,8.77,11.21,75.5,0,2.35,92.94,1024.4,6915.53,6.37,11.418,4100.0,0.072,PM2.5-1HR
945,DEU_DEBE069,2025-09-29,9.58,11.43,73.75,0,2.32,92.48,1024.34,8191.19,6.38,11.432,4100.0,0.012,PM2.5-1HR
945,DEU_DEBE125,2025-09-29,10.55,11.43,73.75,0,2.32,92.48,1024.34,6357.97,6.37,11.418,4100.0,0.01,PM2.5-1HR
945,DEU_DEBE126,2025-09-29,11,11.43,73.75,0,2.32,92.48,1024.34,8426.55,6.37,11.418,4100.0,0.007,PM2.5-1HR
945,DEU_DEBE127,2025-09-30,12.27,9.56,73.29,0,2.71,87.63,1027.17,7640.61,7.17,12.538,4100.0,0.056,PM2.5-1HR
945,DEU_DEBE010,2025-09-30,9.84,9.37,74.38,0,2.74,88.6,1027.26,7325,6.91,12.174,4100.0,0.044,PM2.5-1HR
945,DEU_DEBE032,2025-09-30,6.6,9.66,74.67,0,2.72,89.76,1027.07,0,5.29,9.906,4100.0,0.861,PM2.5-1HR
945,DEU_DEBE034,2025-09-30,10.84,9.56,73.29,0,2.71,87.63,1027.17,8636.93,7.03,12.342,4100.0,0.331,PM2.5-1HR
945,DEU_DEBE051,2025-09-30,7.64,9.06,74.92,0,2.9,90.29,1027.4,465.56,3.65,7.61,4100.0,0.134,PM2.5-1HR
945,DEU_DEBE056,2025-09-30,8.06,9.23,76.83,0,2.75,83.46,1027.25,343.06,4.45,8.73,4100.0,0.106,PM2.5-1HR
945,DEU_DEBE061,2025-09-30,10.11,9.56,73.29,0,2.71,87.63,1027.17,8418.27,6.68,11.852,4100.0,0.009,PM2.5-1HR
945,DEU_DEBE065,2025-09-30,11.59,9.37,74.38,0,2.74,88.6,1027.26,8391.58,7.24,12.636,4100.0,0.004,PM2.5-1HR
945,DEU_DEBE068,2025-09-30,10.1,9.37,74.38,0,2.74,88.6,1027.26,6915.53,7.03,12.342,4100.0,0.072,PM2.5-1HR
945,DEU_DEBE069,2025-09-30,11.47,9.56,73.29,0,2.71,87.63,1027.17,8191.19,7.11,12.454,4100.0,0.012,PM2.5-1HR
945,DEU_DEBE125,2025-09-30,11.68,9.56,73.29,0,2.71,87.63,1027.17,6357.97,7.03,12.342,4100.0,0.01,PM2.5-1HR
945,DEU_DEBE126,2025-09-30,12,9.56,73.29,0,2.71,87.63,1027.17,8426.55,7.03,12.342,4100.0,0.007,PM2.5-1HR
945,DEU_DEBE010,2025-10-01,15.31,8.72,80.63,0,2.08,60.98,1032.3,7325,13.71,21.694,4100.0,0.044,PM2.5-1HR
945,DEU_DEBE032,2025-10-01,10.73,8.85,81.38,0,2.04,62.84,1032.25,0,10.63,17.382,4100.0,0.861,PM2.5-1HR
945,DEU_DEBE034,2025-10-01,19.75,8.89,79.71,0,2.11,60.78,1032.25,8636.93,13.93,22.002,4100.0,0.331,PM2.5-1HR
945,DEU_DEBE051,2025-10-01,11.33,8.3,81.54,0.02,2.14,62.8,1032.4,465.56,8.6,14.54,4100.0,0.134,PM2.5-1HR
945,DEU_DEBE056,2025-10-01,13.54,8.9,82.13,0,2.28,54.81,1032.15,343.06,9.61,15.954,4100.0,0.106,PM2.5-1HR
945,DEU_DEBE061,2025-10-01,16.93,8.89,79.71,0,2.11,60.78,1032.25,8418.27,13.2,20.98,4100.0,0.009,PM2.5-1HR
945,DEU_DEBE065,2025-10-01,18.9,8.72,80.63,0,2.08,60.98,1032.3,8391.58,13.92,21.988,4100.0,0.004,PM2.5-1HR
945,DEU_DEBE068,2025-10-01,17.03,8.72,80.63,0,2.08,60.98,1032.3,6915.53,13.93,22.002,4100.0,0.072,PM2.5-1HR
945,DEU_DEBE069,2025-10-01,19.6,8.89,79.71,0,2.11,60.78,1032.25,8191.19,14.07,22.198,4100.0,0.012,PM2.5-1HR
945,DEU_DEBE125,2025-10-01,18.64,8.89,79.71,0,2.11,60.78,1032.25,6357.97,13.93,22.002,4100.0,0.01,PM2.5-1HR
945,DEU_DEBE126,2025-10-01,19.98,8.89,79.71,0,2.11,60.78,1032.25,8426.55,13.93,22.002,4100.0,0.007,PM2.5-1HR
945,DEU_DEBE127,2025-10-01,19.28,8.89,79.71,0,2.11,60.78,1032.25,7640.61,14.14,22.296,4100.0,0.056,PM2.5-1HR
945,DEU_DEBE010,2025-10-02,15.22,8.6,77.25,0,1.07,23.15,1031.2,7325,9.18,15.352,4100.0,0.044,PM2.5-1HR
945,DEU_DEBE032,2025-10-02,9.08,8.64,79.46,0,0.97,24.28,1031.24,0,7.38,12.832,4100.0,0.861,PM2.5-1HR
945,DEU_DEBE034,2025-10-02,17.32,8.74,77.08,0,1.07,22.55,1031.22,8636.93,9.46,15.744,4100.0,0.331,PM2.5-1HR
945,DEU_DEBE051,2025-10-02,15.91,8.24,76.5,0,1.28,26.34,1031.19,465.56,6.05,10.97,4100.0,0.134,PM2.5-1HR
945,DEU_DEBE056,2025-10-02,10.92,8.7,79.92,0,1.15,8.1,1031.13,343.06,6.35,11.39,4100.0,0.106,PM2.5-1HR
945,DEU_DEBE061,2025-10-02,14.44,8.74,77.08,0,1.07,22.55,1031.22,8418.27,9.04,15.156,4100.0,0.009,PM2.5-1HR
945,DEU_DEBE065,2025-10-02,17.41,8.6,77.25,0,1.07,23.15,1031.2,8391.58,9.42,15.688,4100.0,0.004,PM2.5-1HR
945,DEU_DEBE068,2025-10-02,14.43,8.6,77.25,0,1.07,23.15,1031.2,6915.53,9.46,15.744,4100.0,0.072,PM2.5-1HR
945,DEU_DEBE069,2025-10-02,19.76,8.74,77.08,0,1.07,22.55,1031.22,8191.19,9.61,15.954,4100.0,0.012,PM2.5-1HR
945,DEU_DEBE125,2025-10-02,16.49,8.74,77.08,0,1.07,22.55,1031.22,6357.97,9.46,15.744,4100.0,0.01,PM2.5-1HR
945,DEU_DEBE126,2025-10-02,19.9,8.74,77.08,0,1.07,22.55,1031.22,8426.55,9.46,15.744,4100.0,0.007,PM2.5-1HR
945,DEU_DEBE127,2025-10-02,18.72,8.74,77.08,0,1.07,22.55,1031.22,7640.61,9.64,15.996,4100.0,0.056,PM2.5-1HR
945,DEU_DEBE010,2025-10-03,16.96,8.24,80.71,0,1.54,103.27,1024.87,7325,7.78,13.392,4100.0,0.044,PM2.5-1HR
945,DEU_DEBE032,2025-10-03,8.71,8.43,81.88,0,1.44,116.53,1024.81,0,6.67,11.838,4100.0,0.861,PM2.5-1HR
945,DEU_DEBE034,2025-10-03,16.47,8.28,80.96,0,1.38,112.52,1024.88,8636.93,7.95,13.63,4100.0,0.331,PM2.5-1HR
945,DEU_DEBE051,2025-10-03,11.83,7.89,79.13,0,1.86,106.85,1024.89,465.56,4.46,8.744,4100.0,0.134,PM2.5-1HR
945,DEU_DEBE056,2025-10-03,11.71,8.51,82,0,1.34,92.66,1024.95,343.06,4.97,9.458,4100.0,0.106,PM2.5-1HR
945,DEU_DEBE061,2025-10-03,14,8.28,80.96,0,1.38,112.52,1024.88,8418.27,7.62,13.168,4100.0,0.009,PM2.5-1HR
945,DEU_DEBE065,2025-10-03,17.53,8.24,80.71,0,1.54,103.27,1024.87,8391.58,7.9,13.56,4100.0,0.004,PM2.5-1HR
945,DEU_DEBE068,2025-10-03,16.59,8.24,80.71,0,1.54,103.27,1024.87,6915.53,7.95,13.63,4100.0,0.072,PM2.5-1HR
945,DEU_DEBE069,2025-10-03,18.5,8.28,80.96,0,1.38,112.52,1024.88,8191.19,7.98,13.672,4100.0,0.012,PM2.5-1HR
945,DEU_DEBE125,2025-10-03,17.83,8.28,80.96,0,1.38,112.52,1024.88,6357.97,7.95,13.63,4100.0,0.01,PM2.5-1HR
945,DEU_DEBE126,2025-10-03,17.32,8.28,80.96,0,1.38,112.52,1024.88,8426.55,7.95,13.63,4100.0,0.007,PM2.5-1HR
945,DEU_DEBE127,2025-10-03,18.9,8.28,80.96,0,1.38,112.52,1024.88,7640.61,8.05,13.77,4100.0,0.056,PM2.5-1HR
945,DEU_DEBE010,2025-10-04,9.15,9.34,80.71,0.33,5.17,182.22,1004.01,7325,4.59,8.926,4100.0,0.044,PM2.5-1HR
945,DEU_DEBE032,2025-10-04,6.81,9.55,81.17,0.31,5.27,182.9,1003.88,0,3.24,7.036,4100.0,0.861,PM2.5-1HR
945,DEU_DEBE034,2025-10-04,10.42,9.52,79.88,0.28,5.1,182.23,1004.09,8636.93,4.73,9.122,4100.0,0.331,PM2.5-1HR
945,DEU_DEBE051,2025-10-04,7.78,8.95,82.54,0.32,5.7,180.61,1003.79,465.56,3.06,6.784,4100.0,0.134,PM2.5-1HR
945,DEU_DEBE056,2025-10-04,7.53,8.96,82.63,0.25,5,178.7,1004.62,343.06,3.22,7.008,4100.0,0.106,PM2.5-1HR
945,DEU_DEBE061,2025-10-04,9.3,9.52,79.88,0.28,5.1,182.23,1004.09,8418.27,4.4,8.66,4100.0,0.009,PM2.5-1HR
945,DEU_DEBE065,2025-10-04,11.42,9.34,80.71,0.33,5.17,182.22,1004.01,8391.58,4.83,9.262,4100.0,0.004,PM2.5-1HR
945,DEU_DEBE068,2025-10-04,9.91,9.34,80.71,0.33,5.17,182.22,1004.01,6915.53,4.73,9.122,4100.0,0.072,PM2.5-1HR
945,DEU_DEBE069,2025-10-04,10.68,9.52,79.88,0.28,5.1,182.23,1004.09,8191.19,4.71,9.094,4100.0,0.012,PM2.5-1HR
945,DEU_DEBE125,2025-10-04,10.82,9.52,79.88,0.28,5.1,182.23,1004.09,6357.97,4.73,9.122,4100.0,0.01,PM2.5-1HR
945,DEU_DEBE126,2025-10-04,11.17,9.52,79.88,0.28,5.1,182.23,1004.09,8426.55,4.73,9.122,4100.0,0.007,PM2.5-1HR
945,DEU_DEBE127,2025-10-04,10.98,9.52,79.88,0.28,5.1,182.23,1004.09,7640.61,4.86,9.304,4100.0,0.056,PM2.5-1HR
945,DEU_DEBE010,2025-10-05,5.48,11.21,75.17,0.03,5.5,243.42,1004.25,7325,3.78,7.792,4100.0,0.044,PM2.5-1HR
945,DEU_DEBE032,2025-10-05,4.48,11.31,74.67,0.02,5.59,243.21,1004.45,0,3.18,6.952,4100.0,0.861,PM2.5-1HR
945,DEU_DEBE034,2025-10-05,5.79,11.26,74.79,0.01,5.33,242.59,1004.46,8636.93,3.92,7.988,4100.0,0.331,PM2.5-1HR
945,DEU_DEBE051,2025-10-05,4.21,11.17,74.42,0.09,5.96,241.13,1003.84,465.56,3.12,6.868,4100.0,0.134,PM2.5-1HR
945,DEU_DEBE056,2025-10-05,4.4,11.18,75,0.07,5.48,241.38,1004.66,343.06,2.98,6.672,4100.0,0.106,PM2.5-1HR
945,DEU_DEBE061,2025-10-05,5.11,11.26,74.79,0.01,5.33,242.59,1004.46,8418.27,3.78,7.792,4100.0,0.009,PM2.5-1HR
945,DEU_DEBE065,2025-10-05,6.62,11.21,75.17,0.03,5.5,243.42,1004.25,8391.58,3.93,8.002,4100.0,0.004,PM2.5-1HR
945,DEU_DEBE068,2025-10-05,6.01,11.21,75.17,0.03,5.5,243.42,1004.25,6915.53,3.92,7.988,4100.0,0.072,PM2.5-1HR
945,DEU_DEBE069,2025-10-05,6.52,11.26,74.79,0.01,5.33,242.59,1004.46,8191.19,3.93,8.002,4100.0,0.012,PM2.5-1HR
945,DEU_DEBE125,2025-10-05,6,11.26,74.79,0.01,5.33,242.59,1004.46,6357.97,3.92,7.988,4100.0,0.01,PM2.5-1HR
945,DEU_DEBE126,2025-10-05,6.13,11.26,74.79,0.01,5.33,242.59,1004.46,8426.55,3.92,7.988,4100.0,0.007,PM2.5-1HR
945,DEU_DEBE127,2025-10-05,6.23,11.26,74.79,0.01,5.33,242.59,1004.46,7640.61,3.98,8.072,4100.0,0.056,PM2.5-1HR
945,DEU_DEBE010,2025-10-06,7.09,12,78.5,0.11,5.43,285.78,1013.75,7325,4.06,8.184,4100.0,0.044,PM2.5-1HR
945,DEU_DEBE032,2025-10-06,5.11,12.16,79.88,0.05,5.59,284.56,1014.1,0,2.96,6.644,4100.0,0.861,PM2.5-1HR
945,DEU_DEBE034,2025-10-06,7.04,12.13,78.79,0.1,5.29,285,1013.93,8636.93,4.16,8.324,4100.0,0.331,PM2.5-1HR
945,DEU_DEBE051,2025-10-06,4.55,11.85,78.92,0.12,5.97,286.43,1013.46,465.56,3.28,7.092,4100.0,0.134,PM2.5-1HR
945,DEU_DEBE056,2025-10-06,5.98,12.05,78.58,0.11,5.51,283.29,1013.77,343.06,3.32,7.148,4100.0,0.106,PM2.5-1HR
945,DEU_DEBE061,2025-10-06,6.39,12.13,78.79,0.1,5.29,285,1013.93,8418.27,3.95,8.03,4100.0,0.009,PM2.5-1HR
945,DEU_DEBE065,2025-10-06,8.68,12,78.5,0.11,5.43,285.78,1013.75,8391.58,4.25,8.45,4100.0,0.004,PM2.5-1HR
945,DEU_DEBE068,2025-10-06,7.71,12,78.5,0.11,5.43,285.78,1013.75,6915.53,4.16,8.324,4100.0,0.072,PM2.5-1HR
945,DEU_DEBE069,2025-10-06,8.3,12.13,78.79,0.1,5.29,285,1013.93,8191.19,4.09,8.226,4100.0,0.012,PM2.5-1HR
945,DEU_DEBE125,2025-10-06,8.37,12.13,78.79,0.1,5.29,285,1013.93,6357.97,4.16,8.324,4100.0,0.01,PM2.5-1HR
945,DEU_DEBE126,2025-10-06,8.47,12.13,78.79,0.1,5.29,285,1013.93,8426.55,4.16,8.324,4100.0,0.007,PM2.5-1HR
945,DEU_DEBE127,2025-10-06,8.01,12.13,78.79,0.1,5.29,285,1013.93,7640.61,4.18,8.352,4100.0,0.056,PM2.5-1HR
945,DEU_DEBE010,2025-10-07,9.08,11.75,93.17,0.05,1.92,266.46,1022.93,7325,6.64,11.796,4100.0,0.044,PM2.5-1HR
945,DEU_DEBE032,2025-10-07,6.17,12.1,93.33,0.05,1.75,273.57,1023,0,4.87,9.318,4100.0,0.861,PM2.5-1HR
945,DEU_DEBE034,2025-10-07,9.85,11.93,93.21,0.04,1.82,267.74,1022.99,8636.93,6.88,12.132,4100.0,0.331,PM2.5-1HR
945,DEU_DEBE051,2025-10-07,6.64,11.58,92.5,0.06,2.11,264.71,1022.83,465.56,4.56,8.884,4100.0,0.134,PM2.5-1HR
945,DEU_DEBE056,2025-10-07,7.57,11.7,92.75,0.03,2.18,271.34,1022.96,343.06,5.81,10.634,4100.0,0.106,PM2.5-1HR
945,DEU_DEBE061,2025-10-07,8.25,11.93,93.21,0.04,1.82,267.74,1022.99,8418.27,6.37,11.418,4100.0,0.009,PM2.5-1HR
945,DEU_DEBE065,2025-10-07,11.02,11.75,93.17,0.05,1.92,266.46,1022.93,8391.58,6.93,12.202,4100.0,0.004,PM2.5-1HR
945,DEU_DEBE068,2025-10-07,9.24,11.75,93.17,0.05,1.92,266.46,1022.93,6915.53,6.88,12.132,4100.0,0.072,PM2.5-1HR
945,DEU_DEBE069,2025-10-07,10.59,11.93,93.21,0.04,1.82,267.74,1022.99,8191.19,6.87,12.118,4100.0,0.012,PM2.5-1HR
945,DEU_DEBE125,2025-10-07,9.81,11.93,93.21,0.04,1.82,267.74,1022.99,6357.97,6.88,12.132,4100.0,0.01,PM2.5-1HR
945,DEU_DEBE126,2025-10-07,11.1,11.93,93.21,0.04,1.82,267.74,1022.99,8426.55,6.88,12.132,4100.0,0.007,PM2.5-1HR
945,DEU_DEBE127,2025-10-07,10.14,11.93,93.21,0.04,1.82,267.74,1022.99,7640.61,7.03,12.342,4100.0,0.056,PM2.5-1HR
945,DEU_DEBE010,2025-10-08,7.43,14.02,94.54,0.15,2.46,259.34,1020.5,7325,5.79,10.606,4100.0,0.044,PM2.5-1HR
945,DEU_DEBE032,2025-10-08,5.57,13.96,95.79,0.14,2.45,258.74,1020.58,0,3.31,7.134,4100.0,0.861,PM2.5-1HR
945,DEU_DEBE034,2025-10-08,8.57,14.06,94.63,0.17,2.49,259.79,1020.56,8636.93,6.12,11.068,4100.0,0.331,PM2.5-1HR
945,DEU_DEBE051,2025-10-08,6.22,13.9,94.33,0.1,2.63,255.79,1020.37,465.56,3.83,7.862,4100.0,0.134,PM2.5-1HR
945,DEU_DEBE056,2025-10-08,6.75,13.77,96.46,0.17,2.21,252.8,1020.56,343.06,3.74,7.736,4100.0,0.106,PM2.5-1HR
945,DEU_DEBE061,2025-10-08,7.15,14.06,94.63,0.17,2.49,259.79,1020.56,8418.27,5.65,10.41,4100.0,0.009,PM2.5-1HR
945,DEU_DEBE065,2025-10-08,10.4,14.02,94.54,0.15,2.46,259.34,1020.5,8391.58,6.29,11.306,4100.0,0.004,PM2.5-1HR
945,DEU_DEBE068,2025-10-08,8.1,14.02,94.54,0.15,2.46,259.34,1020.5,6915.53,6.12,11.068,4100.0,0.072,PM2.5-1HR
945,DEU_DEBE069,2025-10-08,10.47,14.06,94.63,0.17,2.49,259.79,1020.56,8191.19,6.19,11.166,4100.0,0.012,PM2.5-1HR
945,DEU_DEBE125,2025-10-08,9.39,14.06,94.63,0.17,2.49,259.79,1020.56,6357.97,6.12,11.068,4100.0,0.01,PM2.5-1HR
945,DEU_DEBE126,2025-10-08,10.08,14.06,94.63,0.17,2.49,259.79,1020.56,8426.55,6.12,11.068,4100.0,0.007,PM2.5-1HR
945,DEU_DEBE127,2025-10-08,10.29,14.06,94.63,0.17,2.49,259.79,1020.56,7640.61,6.33,11.362,4100.0,0.056,PM2.5-1HR
945,DEU_DEBE010,2025-10-09,6.26,12.94,83.67,0.03,3.22,285.73,1021.72,7325,4.54,8.856,4100.0,0.044,PM2.5-1HR
945,DEU_DEBE032,2025-10-09,4.87,12.92,83.71,0.04,3.26,285.16,1021.91,0,3.52,7.428,4100.0,0.861,PM2.5-1HR
945,DEU_DEBE034,2025-10-09,6.79,12.99,83.5,0.05,3.19,285.25,1021.8,8636.93,4.77,9.178,4100.0,0.331,PM2.5-1HR
945,DEU_DEBE051,2025-10-09,5.32,12.97,82,0.04,3.52,284.21,1021.53,465.56,3.97,8.058,4100.0,0.134,PM2.5-1HR
945,DEU_DEBE056,2025-10-09,5.67,13.03,83.71,0.04,3.24,285.71,1021.68,343.06,4.08,8.212,4100.0,0.106,PM2.5-1HR
945,DEU_DEBE061,2025-10-09,5.57,12.99,83.5,0.05,3.19,285.25,1021.8,8418.27,4.56,8.884,4100.0,0.009,PM2.5-1HR
945,DEU_DEBE065,2025-10-09,8.04,12.94,83.67,0.03,3.22,285.73,1021.72,8391.58,4.71,9.094,4100.0,0.004,PM2.5-1HR
945,DEU_DEBE068,2025-10-09,6.5,12.94,83.67,0.03,3.22,285.73,1021.72,6915.53,4.77,9.178,4100.0,0.072,PM2.5-1HR
945,DEU_DEBE069,2025-10-09,8.21,12.99,83.5,0.05,3.19,285.25,1021.8,8191.19,4.81,9.234,4100.0,0.012,PM2.5-1HR
945,DEU_DEBE125,2025-10-09,7.62,12.99,83.5,0.05,3.19,285.25,1021.8,6357.97,4.77,9.178,4100.0,0.01,PM2.5-1HR
945,DEU_DEBE126,2025-10-09,8.14,12.99,83.5,0.05,3.19,285.25,1021.8,8426.55,4.77,9.178,4100.0,0.007,PM2.5-1HR
945,DEU_DEBE127,2025-10-09,8.19,12.99,83.5,0.05,3.19,285.25,1021.8,7640.61,4.85,9.29,4100.0,0.056,PM2.5-1HR
945,DEU_DEBE010,2025-10-10,9.03,13.36,82.83,0.06,4.95,282.89,1025.79,7325,5.51,10.214,4100.0,0.044,PM2.5-1HR
945,DEU_DEBE032,2025-10-10,7.13,13.51,82,0.04,5.1,283.78,1026.1,0,4.53,8.842,4100.0,0.861,PM2.5-1HR
945,DEU_DEBE034,2025-10-10,9.17,13.43,82.33,0.05,4.9,283.45,1025.94,8636.93,5.64,10.396,4100.0,0.331,PM2.5-1HR
945,DEU_DEBE051,2025-10-10,6.72,13.38,81.79,0.05,5.43,283.62,1025.51,465.56,4.48,8.772,4100.0,0.134,PM2.5-1HR
945,DEU_DEBE056,2025-10-10,7.8,13.44,82.13,0.05,5.09,282.01,1025.75,343.06,4.54,8.856,4100.0,0.106,PM2.5-1HR
945,DEU_DEBE061,2025-10-10,7.66,13.43,82.33,0.05,4.9,283.45,1025.94,8418.27,5.41,10.074,4100.0,0.009,PM2.5-1HR
945,DEU_DEBE065,2025-10-10,10.52,13.36,82.83,0.06,4.95,282.89,1025.79,8391.58,5.71,10.494,4100.0,0.004,PM2.5-1HR
945,DEU_DEBE068,2025-10-10,9.57,13.36,82.83,0.06,4.95,282.89,1025.79,6915.53,5.64,10.396,4100.0,0.072,PM2.5-1HR
945,DEU_DEBE069,2025-10-10,10.44,13.43,82.33,0.05,4.9,283.45,1025.94,8191.19,5.57,10.298,4100.0,0.012,PM2.5-1HR
945,DEU_DEBE125,2025-10-10,9.98,13.43,82.33,0.05,4.9,283.45,1025.94,6357.97,5.64,10.396,4100.0,0.01,PM2.5-1HR
945,DEU_DEBE126,2025-10-10,10.07,13.43,82.33,0.05,4.9,283.45,1025.94,8426.55,5.64,10.396,4100.0,0.007,PM2.5-1HR
945,DEU_DEBE127,2025-10-10,9.62,13.43,82.33,0.05,4.9,283.45,1025.94,7640.61,5.69,10.466,4100.0,0.056,PM2.5-1HR
945,DEU_DEBE010,2025-10-11,7.71,14.13,79.71,0.02,4.38,287.99,1028.78,7325,6.6,11.74,4100.0,0.044,PM2.5-1HR
945,DEU_DEBE032,2025-10-11,6.37,14.3,78.83,0.02,4.5,291.55,1029.03,0,4.93,9.402,4100.0,0.861,PM2.5-1HR
945,DEU_DEBE034,2025-10-11,8.12,14.23,79.21,0.01,4.33,289.88,1028.9,8636.93,6.65,11.81,4100.0,0.331,PM2.5-1HR
945,DEU_DEBE051,2025-10-11,6.7,14.08,78.58,0,4.83,288.28,1028.57,465.56,5.63,10.382,4100.0,0.134,PM2.5-1HR
945,DEU_DEBE056,2025-10-11,7.23,14.3,79.04,0.02,4.41,286.83,1028.75,343.06,5.7,10.48,4100.0,0.106,PM2.5-1HR
945,DEU_DEBE061,2025-10-11,7.05,14.23,79.21,0.01,4.33,289.88,1028.9,8418.27,6.33,11.362,4100.0,0.009,PM2.5-1HR
945,DEU_DEBE065,2025-10-11,9.83,14.13,79.71,0.02,4.38,287.99,1028.78,8391.58,6.82,12.048,4100.0,0.004,PM2.5-1HR
945,DEU_DEBE068,2025-10-11,8.15,14.13,79.71,0.02,4.38,287.99,1028.78,6915.53,6.65,11.81,4100.0,0.072,PM2.5-1HR
945,DEU_DEBE069,2025-10-11,9.31,14.23,79.21,0.01,4.33,289.88,1028.9,8191.19,6.58,11.712,4100.0,0.012,PM2.5-1HR
945,DEU_DEBE125,2025-10-11,9.51,14.23,79.21,0.01,4.33,289.88,1028.9,6357.97,6.65,11.81,4100.0,0.01,PM2.5-1HR
945,DEU_DEBE126,2025-10-11,9.82,14.23,79.21,0.01,4.33,289.88,1028.9,8426.55,6.65,11.81,4100.0,0.007,PM2.5-1HR
945,DEU_DEBE127,2025-10-11,8.92,14.23,79.21,0.01,4.33,289.88,1028.9,7640.61,6.69,11.866,4100.0,0.056,PM2.5-1HR
945,DEU_DEBE010,2025-10-12,6.62,12.63,85.71,0.03,3.53,287.61,1026.43,7325,5.28,9.892,4100.0,0.044,PM2.5-1HR
945,DEU_DEBE032,2025-10-12,5.2,12.8,85.29,0.04,3.72,289.5,1026.62,0,4.04,8.156,4100.0,0.861,PM2.5-1HR
945,DEU_DEBE034,2025-10-12,6.91,12.72,85.46,0.04,3.51,288.36,1026.53,8636.93,5.44,10.116,4100.0,0.331,PM2.5-1HR
945,DEU_DEBE051,2025-10-12,4.35,12.65,84.79,0.03,3.89,291.41,1026.23,465.56,3.3,7.12,4100.0,0.134,PM2.5-1HR
945,DEU_DEBE056,2025-10-12,5.58,12.68,85.17,0.05,3.51,284.05,1026.41,343.06,4.19,8.366,4100.0,0.106,PM2.5-1HR
945,DEU_DEBE061,2025-10-12,5.93,12.72,85.46,0.04,3.51,288.36,1026.53,8418.27,5.18,9.752,4100.0,0.009,PM2.5-1HR
945,DEU_DEBE065,2025-10-12,8.22,12.63,85.71,0.03,3.53,287.61,1026.43,8391.58,5.46,10.144,4100.0,0.004,PM2.5-1HR
945,DEU_DEBE068,2025-10-12,6.67,12.63,85.71,0.03,3.53,287.61,1026.43,6915.53,5.44,10.116,4100.0,0.072,PM2.5-1HR
945,DEU_DEBE069,2025-10-12,8.17,12.72,85.46,0.04,3.51,288.36,1026.53,8191.19,5.5,10.2,4100.0,0.012,PM2.5-1HR
945,DEU_DEBE125,2025-10-12,7.77,12.72,85.46,0.04,3.51,288.36,1026.53,6357.97,5.44,10.116,4100.0,0.01,PM2.5-1HR
945,DEU_DEBE126,2025-10-12,8.54,12.72,85.46,0.04,3.51,288.36,1026.53,8426.55,5.44,10.116,4100.0,0.007,PM2.5-1HR
945,DEU_DEBE127,2025-10-12,7.91,12.72,85.46,0.04,3.51,288.36,1026.53,7640.61,5.55,10.27,4100.0,0.056,PM2.5-1HR
945,DEU_DEBE010,2025-10-13,5.45,11.08,83.79,0,1.72,317.92,1026.2,7325,3.8,7.82,4100.0,0.044,PM2.5-1HR
945,DEU_DEBE032,2025-10-13,4.35,11.03,85.21,0,1.76,317.88,1026.29,0,3.13,6.882,4100.0,0.861,PM2.5-1HR
945,DEU_DEBE034,2025-10-13,6.28,11.22,83.92,0,1.75,318.2,1026.21,8636.93,4.06,8.184,4100.0,0.331,PM2.5-1HR
945,DEU_DEBE051,2025-10-13,4.61,10.63,82.88,0,1.78,322.07,1026.16,465.56,2.65,6.21,4100.0,0.134,PM2.5-1HR
945,DEU_DEBE056,2025-10-13,5.06,11.44,82.67,0,1.9,319.84,1026.06,343.06,2.46,5.944,4100.0,0.106,PM2.5-1HR
945,DEU_DEBE061,2025-10-13,5.61,11.22,83.92,0,1.75,318.2,1026.21,8418.27,3.9,7.96,4100.0,0.009,PM2.5-1HR
945,DEU_DEBE065,2025-10-13,7.79,11.08,83.79,0,1.72,317.92,1026.2,8391.58,3.91,7.974,4100.0,0.004,PM2.5-1HR
945,DEU_DEBE068,2025-10-13,5.5,11.08,83.79,0,1.72,317.92,1026.2,6915.53,4.06,8.184,4100.0,0.072,PM2.5-1HR
945,DEU_DEBE069,2025-10-13,8.23,11.22,83.92,0,1.75,318.2,1026.21,8191.19,4.18,8.352,4100.0,0.012,PM2.5-1HR
945,DEU_DEBE125,2025-10-13,7.31,11.22,83.92,0,1.75,318.2,1026.21,6357.97,4.06,8.184,4100.0,0.01,PM2.5-1HR
945,DEU_DEBE126,2025-10-13,8.2,11.22,83.92,0,1.75,318.2,1026.21,8426.55,4.06,8.184,4100.0,0.007,PM2.5-1HR
945,DEU_DEBE127,2025-10-13,8.12,11.22,83.92,0,1.75,318.2,1026.21,7640.61,4.18,8.352,4100.0,0.056,PM2.5-1HR
945,DEU_DEBE010,2025-10-14,7.26,9.78,93.13,0.1,2.71,293.12,1023.33,7325,4.97,9.458,4100.0,0.044,PM2.5-1HR
945,DEU_DEBE032,2025-10-14,4.88,9.9,93.75,0.08,2.72,290.58,1023.48,0,3.24,7.036,4100.0,0.861,PM2.5-1HR
945,DEU_DEBE034,2025-10-14,7.73,9.9,92.79,0.09,2.68,292.72,1023.4,8636.93,5.34,9.976,4100.0,0.331,PM2.5-1HR
945,DEU_DEBE051,2025-10-14,5.77,9.48,93.75,0.09,2.69,296.24,1023.21,465.56,2.66,6.224,4100.0,0.134,PM2.5-1HR
945,DEU_DEBE056,2025-10-14,6.47,9.85,93.75,0.07,2.74,289.04,1023.25,343.06,2.98,6.672,4100.0,0.106,PM2.5-1HR
945,DEU_DEBE061,2025-10-14,6.59,9.9,92.79,0.09,2.68,292.72,1023.4,8418.27,5.03,9.542,4100.0,0.009,PM2.5-1HR
945,DEU_DEBE065,2025-10-14,9.72,9.78,93.13,0.1,2.71,293.12,1023.33,8391.58,5.37,10.018,4100.0,0.004,PM2.5-1HR
945,DEU_DEBE068,2025-10-14,7.74,9.78,93.13,0.1,2.71,293.12,1023.33,6915.53,5.34,9.976,4100.0,0.072,PM2.5-1HR
945,DEU_DEBE069,2025-10-14,9.57,9.9,92.79,0.09,2.68,292.72,1023.4,8191.19,5.48,10.172,4100.0,0.012,PM2.5-1HR
945,DEU_DEBE125,2025-10-14,8.82,9.9,92.79,0.09,2.68,292.72,1023.4,6357.97,5.34,9.976,4100.0,0.01,PM2.5-1HR
945,DEU_DEBE126,2025-10-14,10.18,9.9,92.79,0.09,2.68,292.72,1023.4,8426.55,5.34,9.976,4100.0,0.007,PM2.5-1HR
945,DEU_DEBE127,2025-10-14,9.38,9.9,92.79,0.09,2.68,292.72,1023.4,7640.61,5.5,10.2,4100.0,0.056,PM2.5-1HR
945,DEU_DEBE010,2025-10-15,6.97,11.14,88.96,0.01,1.89,283.84,1024.56,7325,5.34,9.976,4100.0,0.044,PM2.5-1HR
945,DEU_DEBE032,2025-10-15,4.96,11.34,89,0.01,1.89,287.3,1024.65,0,3.43,7.302,4100.0,0.861,PM2.5-1HR
945,DEU_DEBE034,2025-10-15,7.91,11.23,88.79,0,1.92,286.05,1024.6,8636.93,5.66,10.424,4100.0,0.331,PM2.5-1HR
945,DEU_DEBE051,2025-10-15,5.89,11.05,87.79,0.02,2.01,283.53,1024.46,465.56,3.3,7.12,4100.0,0.134,PM2.5-1HR
945,DEU_DEBE056,2025-10-15,7.43,10.99,89.38,0.02,1.78,281.97,1024.53,343.06,4.22,8.408,4100.0,0.106,PM2.5-1HR
945,DEU_DEBE061,2025-10-15,6.55,11.23,88.79,0,1.92,286.05,1024.6,8418.27,5.28,9.892,4100.0,0.009,PM2.5-1HR
945,DEU_DEBE065,2025-10-15,9.48,11.14,88.96,0.01,1.89,283.84,1024.56,8391.58,5.67,10.438,4100.0,0.004,PM2.5-1HR
945,DEU_DEBE068,2025-10-15,7.66,11.14,88.96,0.01,1.89,283.84,1024.56,6915.53,5.66,10.424,4100.0,0.072,PM2.5-1HR
945,DEU_DEBE069,2025-10-15,9.88,11.23,88.79,0,1.92,286.05,1024.6,8191.19,5.77,10.578,4100.0,0.012,PM2.5-1HR
945,DEU_DEBE125,2025-10-15,9.02,11.23,88.79,0,1.92,286.05,1024.6,6357.97,5.66,10.424,4100.0,0.01,PM2.5-1HR
945,DEU_DEBE126,2025-10-15,9.28,11.23,88.79,0,1.92,286.05,1024.6,8426.55,5.66,10.424,4100.0,0.007,PM2.5-1HR
945,DEU_DEBE127,2025-10-15,9.74,11.23,88.79,0,1.92,286.05,1024.6,7640.61,5.86,10.704,4100.0,0.056,PM2.5-1HR
945,DEU_DEBE010,2025-10-16,7.19,11.3,89.38,0.03,3.28,261.35,1020.9,7325,5.76,10.564,4100.0,0.044,PM2.5-1HR
945,DEU_DEBE032,2025-10-16,5.62,11.45,88.88,0.05,3.3,261.57,1021.06,0,3.76,7.764,4100.0,0.861,PM2.5-1HR
945,DEU_DEBE034,2025-10-16,8.07,11.43,88.75,0.03,3.2,262.19,1021.01,8636.93,6.08,11.012,4100.0,0.331,PM2.5-1HR
945,DEU_DEBE051,2025-10-16,5.88,11.11,89,0.03,3.62,260.95,1020.69,465.56,4.76,9.164,4100.0,0.134,PM2.5-1HR
945,DEU_DEBE056,2025-10-16,6.37,11.39,88.38,0.03,3.31,258.43,1020.98,343.06,4.49,8.786,4100.0,0.106,PM2.5-1HR
945,DEU_DEBE061,2025-10-16,6.61,11.43,88.75,0.03,3.2,262.19,1021.01,8418.27,5.66,10.424,4100.0,0.009,PM2.5-1HR
945,DEU_DEBE065,2025-10-16,10.31,11.3,89.38,0.03,3.28,261.35,1020.9,8391.58,6.16,11.124,4100.0,0.004,PM2.5-1HR
945,DEU_DEBE068,2025-10-16,7.64,11.3,89.38,0.03,3.28,261.35,1020.9,6915.53,6.08,11.012,4100.0,0.072,PM2.5-1HR
945,DEU_DEBE069,2025-10-16,10.05,11.43,88.75,0.03,3.2,262.19,1021.01,8191.19,6.02,10.928,4100.0,0.012,PM2.5-1HR
945,DEU_DEBE125,2025-10-16,8.46,11.43,88.75,0.03,3.2,262.19,1021.01,6357.97,6.08,11.012,4100.0,0.01,PM2.5-1HR
945,DEU_DEBE126,2025-10-16,9.05,11.43,88.75,0.03,3.2,262.19,1021.01,8426.55,6.08,11.012,4100.0,0.007,PM2.5-1HR
945,DEU_DEBE127,2025-10-16,9.43,11.43,88.75,0.03,3.2,262.19,1021.01,7640.61,6.19,11.166,4100.0,0.056,PM2.5-1HR
945,DEU_DEBE127,2025-10-17,7.08,10.67,82.46,0.01,3.7,291.51,1019.74,7640.61,4.77,9.178,4100.0,0.056,PM2.5-1HR
945,DEU_DEBE010,2025-10-17,5.58,10.51,82.54,0.02,3.71,289.51,1019.63,7325,4.59,8.926,4100.0,0.044,PM2.5-1HR
945,DEU_DEBE032,2025-10-17,4.69,10.71,82.71,0.02,3.91,291.34,1019.83,0,3.9,7.96,4100.0,0.861,PM2.5-1HR
945,DEU_DEBE034,2025-10-17,5.73,10.67,82.46,0.01,3.7,291.51,1019.74,8636.93,4.68,9.052,4100.0,0.331,PM2.5-1HR
945,DEU_DEBE051,2025-10-17,5.02,10.38,80.75,0.02,4.07,288.59,1019.46,465.56,3.37,7.218,4100.0,0.134,PM2.5-1HR
945,DEU_DEBE056,2025-10-17,5.15,10.72,83.13,0.05,3.7,287.54,1019.6,343.06,3.44,7.316,4100.0,0.106,PM2.5-1HR
945,DEU_DEBE061,2025-10-17,5.28,10.67,82.46,0.01,3.7,291.51,1019.74,8418.27,4.42,8.688,4100.0,0.009,PM2.5-1HR
945,DEU_DEBE065,2025-10-17,8.25,10.51,82.54,0.02,3.71,289.51,1019.63,8391.58,4.74,9.136,4100.0,0.004,PM2.5-1HR
945,DEU_DEBE068,2025-10-17,5.71,10.51,82.54,0.02,3.71,289.51,1019.63,6915.53,4.68,9.052,4100.0,0.072,PM2.5-1HR
945,DEU_DEBE069,2025-10-17,7.4,10.67,82.46,0.01,3.7,291.51,1019.74,8191.19,4.59,8.926,4100.0,0.012,PM2.5-1HR
945,DEU_DEBE125,2025-10-17,7.08,10.67,82.46,0.01,3.7,291.51,1019.74,6357.97,4.68,9.052,4100.0,0.01,PM2.5-1HR
945,DEU_DEBE126,2025-10-17,7.26,10.67,82.46,0.01,3.7,291.51,1019.74,8426.55,4.68,9.052,4100.0,0.007,PM2.5-1HR
945,DEU_DEBE127,2025-10-18,9.56,6.9,75.58,0,2.4,330.17,1026.15,7640.61,2.92,6.588,4100.0,0.056,PM2.5-1HR
945,DEU_DEBE010,2025-10-18,6.12,6.77,75.71,0,2.52,333.28,1026.1,7325,2.65,6.21,4100.0,0.044,PM2.5-1HR
945,DEU_DEBE032,2025-10-18,3.1,6.98,77.21,0,2.38,325.94,1026.25,0,1.83,5.062,4100.0,0.861,PM2.5-1HR
945,DEU_DEBE034,2025-10-18,7.71,6.9,75.58,0,2.4,330.17,1026.15,8636.93,2.82,6.448,4100.0,0.331,PM2.5-1HR
945,DEU_DEBE051,2025-10-18,5.94,6.45,75.29,0,2.79,338.58,1026.04,465.56,1.97,5.258,4100.0,0.134,PM2.5-1HR
945,DEU_DEBE056,2025-10-18,4.73,7.04,77.79,0,2.75,325.95,1025.93,343.06,1.81,5.034,4100.0,0.106,PM2.5-1HR
945,DEU_DEBE061,2025-10-18,4.86,6.9,75.58,0,2.4,330.17,1026.15,8418.27,2.69,6.266,4100.0,0.009,PM2.5-1HR
945,DEU_DEBE065,2025-10-18,8.19,6.77,75.71,0,2.52,333.28,1026.1,8391.58,2.86,6.504,4100.0,0.004,PM2.5-1HR
945,DEU_DEBE068,2025-10-18,5.8,6.77,75.71,0,2.52,333.28,1026.1,6915.53,2.82,6.448,4100.0,0.072,PM2.5-1HR
945,DEU_DEBE069,2025-10-18,8.02,6.9,75.58,0,2.4,330.17,1026.15,8191.19,2.91,6.574,4100.0,0.012,PM2.5-1HR
945,DEU_DEBE125,2025-10-18,6.23,6.9,75.58,0,2.4,330.17,1026.15,6357.97,2.82,6.448,4100.0,0.01,PM2.5-1HR
945,DEU_DEBE126,2025-10-18,10.44,6.9,75.58,0,2.4,330.17,1026.15,8426.55,2.82,6.448,4100.0,0.007,PM2.5-1HR
945,DEU_DEBE127,2025-10-19,14.83,5,78.5,0,2.66,125.22,1022.4,7640.61,4.65,9.01,4100.0,0.056,PM2.5-1HR
945,DEU_DEBE010,2025-10-19,9.82,4.83,79.04,0,2.72,125.01,1022.45,7325,4.51,8.814,4100.0,0.044,PM2.5-1HR
945,DEU_DEBE032,2025-10-19,6.77,5.23,79.33,0,2.84,126.89,1022.27,0,3.44,7.316,4100.0,0.861,PM2.5-1HR
945,DEU_DEBE034,2025-10-19,13.52,5,78.5,0,2.66,125.22,1022.4,8636.93,4.6,8.94,4100.0,0.331,PM2.5-1HR
945,DEU_DEBE051,2025-10-19,11.19,4.7,76.88,0,3.04,133.46,1022.48,465.56,3.1,6.84,4100.0,0.134,PM2.5-1HR
945,DEU_DEBE056,2025-10-19,9.84,5.43,80.83,0,2.64,124.42,1022.62,343.06,2.9,6.56,4100.0,0.106,PM2.5-1HR
945,DEU_DEBE061,2025-10-19,9.63,5,78.5,0,2.66,125.22,1022.4,8418.27,4.37,8.618,4100.0,0.009,PM2.5-1HR
945,DEU_DEBE065,2025-10-19,14.02,4.83,79.04,0,2.72,125.01,1022.45,8391.58,4.72,9.108,4100.0,0.004,PM2.5-1HR
945,DEU_DEBE068,2025-10-19,12.93,4.83,79.04,0,2.72,125.01,1022.45,6915.53,4.6,8.94,4100.0,0.072,PM2.5-1HR
945,DEU_DEBE069,2025-10-19,12.8,5,78.5,0,2.66,125.22,1022.4,8191.19,4.57,8.898,4100.0,0.012,PM2.5-1HR
945,DEU_DEBE125,2025-10-19,13.47,5,78.5,0,2.66,125.22,1022.4,6357.97,4.6,8.94,4100.0,0.01,PM2.5-1HR
945,DEU_DEBE126,2025-10-19,14.74,5,78.5,0,2.66,125.22,1022.4,8426.55,4.6,8.94,4100.0,0.007,PM2.5-1HR
945,DEU_DEBE127,2025-10-20,10.61,7.91,74.92,0,3.81,134.55,1008.55,7640.61,8.03,13.742,4100.0,0.056,PM2.5-1HR
945,DEU_DEBE010,2025-10-20,9.07,7.75,75.58,0,3.94,133.59,1008.59,7325,7.79,13.406,4100.0,0.044,PM2.5-1HR
945,DEU_DEBE032,2025-10-20,6.51,7.92,75.5,0,3.99,133.59,1008.33,0,6.4,11.46,4100.0,0.861,PM2.5-1HR
945,DEU_DEBE034,2025-10-20,8.49,7.91,74.92,0,3.81,134.55,1008.55,8636.93,7.92,13.588,4100.0,0.331,PM2.5-1HR
945,DEU_DEBE051,2025-10-20,7.83,7.74,73.17,0,4.63,137.52,1008.61,465.56,5.68,10.452,4100.0,0.134,PM2.5-1HR
945,DEU_DEBE056,2025-10-20,7.7,8.16,73.42,0,4.13,135.52,1008.94,343.06,6.05,10.97,4100.0,0.106,PM2.5-1HR
945,DEU_DEBE061,2025-10-20,8.85,7.91,74.92,0,3.81,134.55,1008.55,8418.27,7.59,13.126,4100.0,0.009,PM2.5-1HR
945,DEU_DEBE065,2025-10-20,11.13,7.75,75.58,0,3.94,133.59,1008.59,8391.58,7.98,13.672,4100.0,0.004,PM2.5-1HR
945,DEU_DEBE068,2025-10-20,9.1,7.75,75.58,0,3.94,133.59,1008.59,6915.53,7.92,13.588,4100.0,0.072,PM2.5-1HR
945,DEU_DEBE069,2025-10-20,9.58,7.91,74.92,0,3.81,134.55,1008.55,8191.19,7.96,13.644,4100.0,0.012,PM2.5-1HR
945,DEU_DEBE125,2025-10-20,10.79,7.91,74.92,0,3.81,134.55,1008.55,6357.97,7.92,13.588,4100.0,0.01,PM2.5-1HR
945,DEU_DEBE126,2025-10-20,10.94,7.91,74.92,0,3.81,134.55,1008.55,8426.55,7.92,13.588,4100.0,0.007,PM2.5-1HR
945,DEU_DEBE127,2025-10-21,10.49,11.78,80.17,0.05,3.84,171.47,999.9,7640.61,5.02,9.528,4100.0,0.056,PM2.5-1HR
945,DEU_DEBE010,2025-10-21,8.94,11.64,80.96,0.06,3.85,171.75,999.85,7325,4.63,8.982,4100.0,0.044,PM2.5-1HR
945,DEU_DEBE032,2025-10-21,7.05,11.78,80.67,0.14,4.05,171.58,999.68,0,2.97,6.658,4100.0,0.861,PM2.5-1HR
945,DEU_DEBE034,2025-10-21,9.5,11.78,80.17,0.05,3.84,171.47,999.9,8636.93,4.84,9.276,4100.0,0.331,PM2.5-1HR
945,DEU_DEBE051,2025-10-21,7.46,11.23,83.46,0.17,4.33,170.39,999.77,465.56,3.26,7.064,4100.0,0.134,PM2.5-1HR
945,DEU_DEBE056,2025-10-21,7.06,11.41,80.42,0.09,3.88,171.02,1000.33,343.06,3.43,7.302,4100.0,0.106,PM2.5-1HR
945,DEU_DEBE061,2025-10-21,8.89,11.78,80.17,0.05,3.84,171.47,999.9,8418.27,4.57,8.898,4100.0,0.009,PM2.5-1HR
945,DEU_DEBE065,2025-10-21,10.97,11.64,80.96,0.06,3.85,171.75,999.85,8391.58,5.04,9.556,4100.0,0.004,PM2.5-1HR
945,DEU_DEBE068,2025-10-21,9.42,11.64,80.96,0.06,3.85,171.75,999.85,6915.53,4.84,9.276,4100.0,0.072,PM2.5-1HR
945,DEU_DEBE069,2025-10-21,10.27,11.78,80.17,0.05,3.84,171.47,999.9,8191.19,4.99,9.486,4100.0,0.012,PM2.5-1HR
945,DEU_DEBE125,2025-10-21,10.43,11.78,80.17,0.05,3.84,171.47,999.9,6357.97,4.84,9.276,4100.0,0.01,PM2.5-1HR
945,DEU_DEBE126,2025-10-21,11.05,11.78,80.17,0.05,3.84,171.47,999.9,8426.55,4.84,9.276,4100.0,0.007,PM2.5-1HR
945,DEU_DEBE127,2025-10-22,11.08,12.26,86.54,0.04,2.53,186.62,999.88,7640.61,5.23,9.822,4100.0,0.056,PM2.5-1HR
945,DEU_DEBE010,2025-10-22,8.61,12.18,86.79,0.02,2.42,184.29,999.85,7325,5.12,9.668,4100.0,0.044,PM2.5-1HR
945,DEU_DEBE032,2025-10-22,4.99,12.11,85.83,0.03,2.49,187.86,999.78,0,4.04,8.156,4100.0,0.861,PM2.5-1HR
945,DEU_DEBE034,2025-10-22,10.37,12.26,86.54,0.04,2.53,186.62,999.88,8636.93,5.17,9.738,4100.0,0.331,PM2.5-1HR
945,DEU_DEBE051,2025-10-22,7.06,11.93,87.04,0.02,2.76,182.06,999.78,465.56,4.31,8.534,4100.0,0.134,PM2.5-1HR
945,DEU_DEBE056,2025-10-22,7.46,11.88,88.75,0.09,2.68,187.35,1000.13,343.06,4.07,8.198,4100.0,0.106,PM2.5-1HR
945,DEU_DEBE061,2025-10-22,7.75,12.26,86.54,0.04,2.53,186.62,999.88,8418.27,4.92,9.388,4100.0,0.009,PM2.5-1HR
945,DEU_DEBE065,2025-10-22,12.77,12.18,86.79,0.02,2.42,184.29,999.85,8391.58,5.32,9.948,4100.0,0.004,PM2.5-1HR
945,DEU_DEBE068,2025-10-22,10.34,12.18,86.79,0.02,2.42,184.29,999.85,6915.53,5.17,9.738,4100.0,0.072,PM2.5-1HR
945,DEU_DEBE069,2025-10-22,11.22,12.26,86.54,0.04,2.53,186.62,999.88,8191.19,5.07,9.598,4100.0,0.012,PM2.5-1HR
945,DEU_DEBE125,2025-10-22,10.53,12.26,86.54,0.04,2.53,186.62,999.88,6357.97,5.17,9.738,4100.0,0.01,PM2.5-1HR
945,DEU_DEBE126,2025-10-22,11.68,12.26,86.54,0.04,2.53,186.62,999.88,8426.55,5.17,9.738,4100.0,0.007,PM2.5-1HR
945,DEU_DEBE127,2025-10-23,10.74,12.68,87.33,0.15,4.11,160.25,991.16,7640.61,3.35,7.19,4100.0,0.056,PM2.5-1HR
945,DEU_DEBE010,2025-10-23,9.01,12.52,88.25,0.15,4.08,158.67,991.15,7325,3.22,7.008,4100.0,0.044,PM2.5-1HR
945,DEU_DEBE032,2025-10-23,7.27,12.56,87.75,0.27,4.23,159.48,990.94,0,2.63,6.182,4100.0,0.861,PM2.5-1HR
945,DEU_DEBE034,2025-10-23,23.92,12.68,87.33,0.15,4.11,160.25,991.16,8636.93,3.34,7.176,4100.0,0.331,PM2.5-1HR
945,DEU_DEBE051,2025-10-23,8.72,12.22,90.46,0.13,4.46,157.3,991.11,465.56,4.07,8.198,4100.0,0.134,PM2.5-1HR
945,DEU_DEBE056,2025-10-23,7.88,12.29,89.75,0.14,4.05,161.22,991.65,343.06,2.19,5.566,4100.0,0.106,PM2.5-1HR
945,DEU_DEBE061,2025-10-23,8.73,12.68,87.33,0.15,4.11,160.25,991.16,8418.27,3.15,6.91,4100.0,0.009,PM2.5-1HR
945,DEU_DEBE065,2025-10-23,11.5,12.52,88.25,0.15,4.08,158.67,991.15,8391.58,3.39,7.246,4100.0,0.004,PM2.5-1HR
945,DEU_DEBE068,2025-10-23,9.72,12.52,88.25,0.15,4.08,158.67,991.15,6915.53,3.34,7.176,4100.0,0.072,PM2.5-1HR
945,DEU_DEBE069,2025-10-23,10.5,12.68,87.33,0.15,4.11,160.25,991.16,8191.19,3.2,6.98,4100.0,0.012,PM2.5-1HR
945,DEU_DEBE125,2025-10-23,10.51,12.68,87.33,0.15,4.11,160.25,991.16,6357.97,3.34,7.176,4100.0,0.01,PM2.5-1HR
945,DEU_DEBE126,2025-10-23,11.35,12.68,87.33,0.15,4.11,160.25,991.16,8426.55,3.34,7.176,4100.0,0.007,PM2.5-1HR
945,DEU_DEBE010,2025-10-24,3.86,10.75,69.75,0,5.27,236.43,994.97,7325,2.49,5.986,4100.0,0.044,PM2.5-1HR
945,DEU_DEBE127,2025-10-24,5.08,10.83,69.25,0.01,5.2,236.4,995.15,7640.61,2.68,6.252,4100.0,0.056,PM2.5-1HR
945,DEU_DEBE032,2025-10-24,3.21,10.93,68.08,0,5.52,237.04,995.08,0,2.12,5.468,4100.0,0.861,PM2.5-1HR
945,DEU_DEBE034,2025-10-24,4.56,10.83,69.25,0.01,5.2,236.4,995.15,8636.93,2.63,6.182,4100.0,0.331,PM2.5-1HR
945,DEU_DEBE051,2025-10-24,3.78,10.85,66.92,0,5.69,234.28,994.64,465.56,3.09,6.826,4100.0,0.134,PM2.5-1HR
945,DEU_DEBE056,2025-10-24,2.87,10.98,68.96,0.01,5.26,236.02,995.38,343.06,1.92,5.188,4100.0,0.106,PM2.5-1HR
945,DEU_DEBE061,2025-10-24,3.32,10.83,69.25,0.01,5.2,236.4,995.15,8418.27,2.56,6.084,4100.0,0.009,PM2.5-1HR
945,DEU_DEBE065,2025-10-24,5.5,10.75,69.75,0,5.27,236.43,994.97,8391.58,2.67,6.238,4100.0,0.004,PM2.5-1HR
945,DEU_DEBE068,2025-10-24,3.96,10.75,69.75,0,5.27,236.43,994.97,6915.53,2.63,6.182,4100.0,0.072,PM2.5-1HR
945,DEU_DEBE069,2025-10-24,6.49,10.83,69.25,0.01,5.2,236.4,995.15,8191.19,2.63,6.182,4100.0,0.012,PM2.5-1HR
945,DEU_DEBE125,2025-10-24,4.8,10.83,69.25,0.01,5.2,236.4,995.15,6357.97,2.63,6.182,4100.0,0.01,PM2.5-1HR
945,DEU_DEBE126,2025-10-24,4.87,10.83,69.25,0.01,5.2,236.4,995.15,8426.55,2.63,6.182,4100.0,0.007,PM2.5-1HR
945,DEU_DEBE010,2025-10-25,4,9.05,76.83,0.06,4.59,214.57,997.49,7325,3.81,7.834,4100.0,0.044,PM2.5-1HR
945,DEU_DEBE127,2025-10-25,5,9.19,76,0.03,4.64,215.17,997.62,7640.61,4.06,8.184,4100.0,0.056,PM2.5-1HR
945,DEU_DEBE032,2025-10-25,3.18,9.35,75.67,0.03,4.79,214.86,997.5,0,2.77,6.378,4100.0,0.861,PM2.5-1HR
945,DEU_DEBE034,2025-10-25,5.34,9.19,76,0.03,4.64,215.17,997.62,8636.93,3.97,8.058,4100.0,0.331,PM2.5-1HR
945,DEU_DEBE051,2025-10-25,3.78,9,76.08,0.1,4.94,212.55,997.22,465.56,3.16,6.924,4100.0,0.134,PM2.5-1HR
945,DEU_DEBE056,2025-10-25,2.92,9.29,75.38,0.03,4.79,216.8,997.96,343.06,2.27,5.678,4100.0,0.106,PM2.5-1HR
945,DEU_DEBE061,2025-10-25,3.7,9.19,76,0.03,4.64,215.17,997.62,8418.27,3.75,7.75,4100.0,0.009,PM2.5-1HR
945,DEU_DEBE065,2025-10-25,5.7,9.05,76.83,0.06,4.59,214.57,997.49,8391.58,4.04,8.156,4100.0,0.004,PM2.5-1HR
945,DEU_DEBE068,2025-10-25,4.17,9.05,76.83,0.06,4.59,214.57,997.49,6915.53,3.97,8.058,4100.0,0.072,PM2.5-1HR
945,DEU_DEBE069,2025-10-25,7.72,9.19,76,0.03,4.64,215.17,997.62,8191.19,3.99,8.086,4100.0,0.012,PM2.5-1HR
945,DEU_DEBE125,2025-10-25,4.85,9.19,76,0.03,4.64,215.17,997.62,6357.97,3.97,8.058,4100.0,0.01,PM2.5-1HR
945,DEU_DEBE126,2025-10-25,5.4,9.19,76,0.03,4.64,215.17,997.62,8426.55,3.97,8.058,4100.0,0.007,PM2.5-1HR
945,DEU_DEBE010,2025-10-26,4.11,7.79,81.56,0.24,6.16,239.43,995.83,7325,3.13,6.882,4100.0,0.044,PM2.5-1HR
945,DEU_DEBE127,2025-10-26,5.31,7.82,81.28,0.27,6.03,239.12,996.07,7640.61,3.29,7.106,4100.0,0.056,PM2.5-1HR
945,DEU_DEBE032,2025-10-26,3.38,7.86,81.12,0.23,6.36,239.95,996.09,0,2.18,5.552,4100.0,0.861,PM2.5-1HR
945,DEU_DEBE034,2025-10-26,4.66,7.82,81.28,0.27,6.03,239.12,996.07,8636.93,3.23,7.022,4100.0,0.331,PM2.5-1HR
945,DEU_DEBE051,2025-10-26,3.65,7.76,81.92,0.34,6.68,237.46,995.34,465.56,2.65,6.21,4100.0,0.134,PM2.5-1HR
945,DEU_DEBE056,2025-10-26,3.27,7.87,82.96,0.28,6.33,238.76,996.27,343.06,1.75,4.95,4100.0,0.106,PM2.5-1HR
945,DEU_DEBE061,2025-10-26,3.75,7.82,81.28,0.27,6.03,239.12,996.07,8418.27,3.06,6.784,4100.0,0.009,PM2.5-1HR
945,DEU_DEBE065,2025-10-26,5.77,7.79,81.56,0.24,6.16,239.43,995.83,8391.58,3.33,7.162,4100.0,0.004,PM2.5-1HR
945,DEU_DEBE068,2025-10-26,4.38,7.79,81.56,0.24,6.16,239.43,995.83,6915.53,3.23,7.022,4100.0,0.072,PM2.5-1HR
945,DEU_DEBE069,2025-10-26,5.06,7.82,81.28,0.27,6.03,239.12,996.07,8191.19,3.24,7.036,4100.0,0.012,PM2.5-1HR
945,DEU_DEBE125,2025-10-26,4.91,7.82,81.28,0.27,6.03,239.12,996.07,6357.97,3.23,7.022,4100.0,0.01,PM2.5-1HR
945,DEU_DEBE126,2025-10-26,5.13,7.82,81.28,0.27,6.03,239.12,996.07,8426.55,3.23,7.022,4100.0,0.007,PM2.5-1HR
945,DEU_DEBE010,2025-10-27,3.64,7,85.29,0.11,5.02,241.58,994.49,7325,3.12,6.868,4100.0,0.044,PM2.5-1HR
945,DEU_DEBE127,2025-10-27,5.19,7.1,85,0.45,4.96,243.41,994.69,7640.61,3.4,7.26,4100.0,0.056,PM2.5-1HR
945,DEU_DEBE032,2025-10-27,2.77,7.14,85.96,0.29,5.35,244.12,994.7,0,2.02,5.328,4100.0,0.861,PM2.5-1HR
945,DEU_DEBE034,2025-10-27,4.07,7.1,85,0.45,4.96,243.41,994.69,8636.93,3.3,7.12,4100.0,0.331,PM2.5-1HR
945,DEU_DEBE051,2025-10-27,3.31,6.97,85.96,0.12,5.31,240.31,994.08,465.56,2.45,5.93,4100.0,0.134,PM2.5-1HR
945,DEU_DEBE056,2025-10-27,2.8,7.06,85.71,0.2,5.38,243.25,994.84,343.06,1.85,5.09,4100.0,0.106,PM2.5-1HR
945,DEU_DEBE061,2025-10-27,3.03,7.1,85,0.45,4.96,243.41,994.69,8418.27,3.08,6.812,4100.0,0.009,PM2.5-1HR
945,DEU_DEBE065,2025-10-27,5.28,7,85.29,0.11,5.02,241.58,994.49,8391.58,3.39,7.246,4100.0,0.004,PM2.5-1HR
945,DEU_DEBE068,2025-10-27,3.61,7,85.29,0.11,5.02,241.58,994.49,6915.53,3.3,7.12,4100.0,0.072,PM2.5-1HR
945,DEU_DEBE069,2025-10-27,4.92,7.1,85,0.45,4.96,243.41,994.69,8191.19,3.31,7.134,4100.0,0.012,PM2.5-1HR
945,DEU_DEBE125,2025-10-27,4.59,7.1,85,0.45,4.96,243.41,994.69,6357.97,3.3,7.12,4100.0,0.01,PM2.5-1HR
945,DEU_DEBE126,2025-10-27,4.94,7.1,85,0.45,4.96,243.41,994.69,8426.55,3.3,7.12,4100.0,0.007,PM2.5-1HR
945,DEU_DEBE010,2025-10-28,5.08,8.5,84.92,0.33,5.37,248.19,1001.86,7325,4.26,8.464,4100.0,0.044,PM2.5-1HR
945,DEU_DEBE127,2025-10-28,6.35,8.68,84.33,0.23,5.27,248.2,1002.07,7640.61,4.61,8.954,4100.0,0.056,PM2.5-1HR
945,DEU_DEBE032,2025-10-28,4,8.64,85.04,0.3,5.43,248.51,1002.13,0,2.81,6.434,4100.0,0.861,PM2.5-1HR
945,DEU_DEBE034,2025-10-28,5.83,8.68,84.33,0.23,5.27,248.2,1002.07,8636.93,4.47,8.758,4100.0,0.331,PM2.5-1HR
945,DEU_DEBE051,2025-10-28,4.36,8.33,85.83,0.24,5.84,247.97,1001.45,465.56,3.01,6.714,4100.0,0.134,PM2.5-1HR
945,DEU_DEBE056,2025-10-28,3.98,8.62,85.33,0.3,5.5,246.43,1002.16,343.06,2.5,6.0,4100.0,0.106,PM2.5-1HR
945,DEU_DEBE061,2025-10-28,4.53,8.68,84.33,0.23,5.27,248.2,1002.07,8418.27,4.16,8.324,4100.0,0.009,PM2.5-1HR
945,DEU_DEBE065,2025-10-28,7.17,8.5,84.92,0.33,5.37,248.19,1001.86,8391.58,4.54,8.856,4100.0,0.004,PM2.5-1HR
945,DEU_DEBE068,2025-10-28,5.45,8.5,84.92,0.33,5.37,248.19,1001.86,6915.53,4.47,8.758,4100.0,0.072,PM2.5-1HR
945,DEU_DEBE069,2025-10-28,6.6,8.68,84.33,0.23,5.27,248.2,1002.07,8191.19,4.51,8.814,4100.0,0.012,PM2.5-1HR
945,DEU_DEBE125,2025-10-28,5.99,8.68,84.33,0.23,5.27,248.2,1002.07,6357.97,4.47,8.758,4100.0,0.01,PM2.5-1HR
945,DEU_DEBE126,2025-10-28,7.69,8.68,84.33,0.23,5.27,248.2,1002.07,8426.55,4.47,8.758,4100.0,0.007,PM2.5-1HR
945,DEU_DEBE010,2025-10-29,6.42,10.17,81.25,0,3.58,208.86,1006.69,7325,5,9.5,4100.0,0.044,PM2.5-1HR
945,DEU_DEBE032,2025-10-29,4.9,10.33,79.58,0,3.72,210.03,1006.7,0,3.31,7.134,4100.0,0.861,PM2.5-1HR
945,DEU_DEBE034,2025-10-29,7.04,10.26,80.63,0,3.58,209.46,1006.78,8636.93,5.28,9.892,4100.0,0.331,PM2.5-1HR
945,DEU_DEBE051,2025-10-29,5.64,10.02,80.46,0,4.04,210.34,1006.47,465.56,3.78,7.792,4100.0,0.134,PM2.5-1HR
945,DEU_DEBE056,2025-10-29,4.83,10.14,80.79,0,3.8,211.64,1007.04,343.06,3.11,6.854,4100.0,0.106,PM2.5-1HR
945,DEU_DEBE061,2025-10-29,6.03,10.26,80.63,0,3.58,209.46,1006.78,8418.27,4.93,9.402,4100.0,0.009,PM2.5-1HR
945,DEU_DEBE065,2025-10-29,8.9,10.17,81.25,0,3.58,208.86,1006.69,8391.58,5.33,9.962,4100.0,0.004,PM2.5-1HR
945,DEU_DEBE068,2025-10-29,7.03,10.17,81.25,0,3.58,208.86,1006.69,6915.53,5.28,9.892,4100.0,0.072,PM2.5-1HR
945,DEU_DEBE069,2025-10-29,8.23,10.26,80.63,0,3.58,209.46,1006.78,8191.19,5.32,9.948,4100.0,0.012,PM2.5-1HR
945,DEU_DEBE125,2025-10-29,7.42,10.26,80.63,0,3.58,209.46,1006.78,6357.97,5.28,9.892,4100.0,0.01,PM2.5-1HR
945,DEU_DEBE126,2025-10-29,8.44,10.26,80.63,0,3.58,209.46,1006.78,8426.55,5.28,9.892,4100.0,0.007,PM2.5-1HR
945,DEU_DEBE127,2025-10-29,7.59,10.26,80.63,0,3.58,209.46,1006.78,7640.61,5.42,10.088,4100.0,0.056,PM2.5-1HR
945,DEU_DEBE010,2025-10-30,4.95,10.2,79.46,0.33,5.76,232.87,1003.42,7325,3.11,6.854,4100.0,0.044,PM2.5-1HR
945,DEU_DEBE032,2025-10-30,4.24,10.3,79.17,0.36,5.96,233.78,1003.6,0,2.21,5.594,4100.0,0.861,PM2.5-1HR
945,DEU_DEBE034,2025-10-30,5.43,10.27,78.88,0.39,5.7,233.61,1003.61,8636.93,3.27,7.078,4100.0,0.331,PM2.5-1HR
945,DEU_DEBE051,2025-10-30,4.74,10.18,78.71,0.33,6.2,232.44,1003.02,465.56,2.47,5.958,4100.0,0.134,PM2.5-1HR
945,DEU_DEBE056,2025-10-30,4.04,10.07,79.42,0.3,5.7,231.81,1003.79,343.06,2.25,5.65,4100.0,0.106,PM2.5-1HR
945,DEU_DEBE061,2025-10-30,4.45,10.27,78.88,0.39,5.7,233.61,1003.61,8418.27,3.06,6.784,4100.0,0.009,PM2.5-1HR
945,DEU_DEBE065,2025-10-30,7,10.2,79.46,0.33,5.76,232.87,1003.42,8391.58,3.38,7.232,4100.0,0.004,PM2.5-1HR
945,DEU_DEBE068,2025-10-30,5.16,10.2,79.46,0.33,5.76,232.87,1003.42,6915.53,3.27,7.078,4100.0,0.072,PM2.5-1HR
945,DEU_DEBE069,2025-10-30,6.37,10.27,78.88,0.39,5.7,233.61,1003.61,8191.19,3.26,7.064,4100.0,0.012,PM2.5-1HR
945,DEU_DEBE125,2025-10-30,5.92,10.27,78.88,0.39,5.7,233.61,1003.61,6357.97,3.27,7.078,4100.0,0.01,PM2.5-1HR
945,DEU_DEBE126,2025-10-30,6.04,10.27,78.88,0.39,5.7,233.61,1003.61,8426.55,3.27,7.078,4100.0,0.007,PM2.5-1HR
945,DEU_DEBE127,2025-10-30,6.44,10.27,78.88,0.39,5.7,233.61,1003.61,7640.61,3.37,7.218,4100.0,0.056,PM2.5-1HR
945,DEU_DEBE010,2025-10-31,10.21,7.9,81.88,0,2.44,170.99,1016.32,7325,6.75,11.95,4100.0,0.044,PM2.5-1HR
945,DEU_DEBE032,2025-10-31,6.35,8.11,80.46,0,2.58,171.32,1016.23,0,4.97,9.458,4100.0,0.861,PM2.5-1HR
945,DEU_DEBE034,2025-10-31,10.95,7.95,81.13,0,2.43,172.2,1016.35,8636.93,6.87,12.118,4100.0,0.331,PM2.5-1HR
945,DEU_DEBE051,2025-10-31,8.46,7.93,80.54,0,2.87,178.79,1016.24,465.56,5.61,10.354,4100.0,0.134,PM2.5-1HR
945,DEU_DEBE056,2025-10-31,8.07,8.19,79.29,0,2.57,180.34,1016.55,343.06,4.22,8.408,4100.0,0.106,PM2.5-1HR
945,DEU_DEBE061,2025-10-31,8.99,7.95,81.13,0,2.43,172.2,1016.35,8418.27,6.4,11.46,4100.0,0.009,PM2.5-1HR
945,DEU_DEBE065,2025-10-31,12.89,7.9,81.88,0,2.44,170.99,1016.32,8391.58,6.99,12.286,4100.0,0.004,PM2.5-1HR
945,DEU_DEBE068,2025-10-31,9.94,7.9,81.88,0,2.44,170.99,1016.32,6915.53,6.87,12.118,4100.0,0.072,PM2.5-1HR
945,DEU_DEBE069,2025-10-31,11.52,7.95,81.13,0,2.43,172.2,1016.35,8191.19,6.8,12.02,4100.0,0.012,PM2.5-1HR
945,DEU_DEBE125,2025-10-31,11.74,7.95,81.13,0,2.43,172.2,1016.35,6357.97,6.87,12.118,4100.0,0.01,PM2.5-1HR
945,DEU_DEBE126,2025-10-31,12.83,7.95,81.13,0,2.43,172.2,1016.35,8426.55,6.87,12.118,4100.0,0.007,PM2.5-1HR
945,DEU_DEBE127,2025-10-31,12.27,7.95,81.13,0,2.43,172.2,1016.35,7640.61,7.01,12.314,4100.0,0.056,PM2.5-1HR
945,DEU_DEBE010,2025-11-01,11.28,10.58,82.63,0.2,2.94,170.97,1012.93,7325,8.91,14.974,4100.0,0.044,PM2.5-1HR
945,DEU_DEBE032,2025-11-01,8.3,10.73,82.96,0.24,3.11,170.64,1012.83,0,5.88,10.732,4100.0,0.861,PM2.5-1HR
945,DEU_DEBE034,2025-11-01,13.05,10.75,81.96,0.22,3,172.71,1012.97,8636.93,9.01,15.114,4100.0,0.331,PM2.5-1HR
945,DEU_DEBE051,2025-11-01,10.22,10.33,82.63,0.19,3.49,170.12,1012.82,465.56,8.09,13.826,4100.0,0.134,PM2.5-1HR
945,DEU_DEBE056,2025-11-01,9.36,10.77,80.33,0.15,2.95,170.9,1013.26,343.06,6.09,11.026,4100.0,0.106,PM2.5-1HR
945,DEU_DEBE061,2025-11-01,10.88,10.75,81.96,0.22,3,172.71,1012.97,8418.27,8.45,14.33,4100.0,0.009,PM2.5-1HR
945,DEU_DEBE065,2025-11-01,14.65,10.58,82.63,0.2,2.94,170.97,1012.93,8391.58,9.47,15.758,4100.0,0.004,PM2.5-1HR
945,DEU_DEBE068,2025-11-01,12.96,10.58,82.63,0.2,2.94,170.97,1012.93,6915.53,9.01,15.114,4100.0,0.072,PM2.5-1HR
945,DEU_DEBE069,2025-11-01,13.2,10.75,81.96,0.22,3,172.71,1012.97,8191.19,9.03,15.142,4100.0,0.012,PM2.5-1HR
945,DEU_DEBE125,2025-11-01,13.43,10.75,81.96,0.22,3,172.71,1012.97,6357.97,9.01,15.114,4100.0,0.01,PM2.5-1HR
945,DEU_DEBE126,2025-11-01,15.54,10.75,81.96,0.22,3,172.71,1012.97,8426.55,9.01,15.114,4100.0,0.007,PM2.5-1HR
945,DEU_DEBE127,2025-11-01,13.62,10.75,81.96,0.22,3,172.71,1012.97,7640.61,9.16,15.324,4100.0,0.056,PM2.5-1HR
945,DEU_DEBE010,2025-11-02,9.01,10.82,93.42,0.02,1.93,208.65,1011.8,7325,6.65,11.81,4100.0,0.044,PM2.5-1HR
945,DEU_DEBE032,2025-11-02,6.94,10.61,93.13,0.01,1.82,206.63,1011.8,0,4.97,9.458,4100.0,0.861,PM2.5-1HR
945,DEU_DEBE034,2025-11-02,13.63,10.97,92.92,0.01,1.97,208.34,1011.85,8636.93,6.72,11.908,4100.0,0.331,PM2.5-1HR
945,DEU_DEBE051,2025-11-02,10.47,10.39,94.54,0.01,2.05,207.46,1011.73,465.56,5.07,9.598,4100.0,0.134,PM2.5-1HR
945,DEU_DEBE056,2025-11-02,9.49,10.93,93.33,0.02,1.9,212.92,1011.95,343.06,4.63,8.982,4100.0,0.106,PM2.5-1HR
945,DEU_DEBE061,2025-11-02,9.79,10.97,92.92,0.01,1.97,208.34,1011.85,8418.27,6.31,11.334,4100.0,0.009,PM2.5-1HR
945,DEU_DEBE065,2025-11-02,14.46,10.82,93.42,0.02,1.93,208.65,1011.8,8391.58,6.86,12.104,4100.0,0.004,PM2.5-1HR
945,DEU_DEBE068,2025-11-02,11.23,10.82,93.42,0.02,1.93,208.65,1011.8,6915.53,6.72,11.908,4100.0,0.072,PM2.5-1HR
945,DEU_DEBE069,2025-11-02,11.88,10.97,92.92,0.01,1.97,208.34,1011.85,8191.19,6.74,11.936,4100.0,0.012,PM2.5-1HR
945,DEU_DEBE125,2025-11-02,11.5,10.97,92.92,0.01,1.97,208.34,1011.85,6357.97,6.72,11.908,4100.0,0.01,PM2.5-1HR
945,DEU_DEBE126,2025-11-02,12.81,10.97,92.92,0.01,1.97,208.34,1011.85,8426.55,6.72,11.908,4100.0,0.007,PM2.5-1HR
945,DEU_DEBE127,2025-11-02,12.45,10.97,92.92,0.01,1.97,208.34,1011.85,7640.61,6.92,12.188,4100.0,0.056,PM2.5-1HR
945,DEU_DEBE010,2025-11-03,7.69,9.63,82.29,0.02,3.28,243.59,1016.89,7325,5.74,10.536,4100.0,0.044,PM2.5-1HR
945,DEU_DEBE032,2025-11-03,6.14,9.79,80.67,0.04,3.42,245.23,1017,0,4.11,8.254,4100.0,0.861,PM2.5-1HR
945,DEU_DEBE034,2025-11-03,9.06,9.78,81.38,0.02,3.33,244.58,1016.98,8636.93,5.96,10.844,4100.0,0.331,PM2.5-1HR
945,DEU_DEBE051,2025-11-03,7.76,9.45,82.13,0.01,3.49,239.21,1016.7,465.56,4.27,8.478,4100.0,0.134,PM2.5-1HR
945,DEU_DEBE056,2025-11-03,6.29,9.72,82.38,0.06,3.38,244.99,1017.04,343.06,3.93,8.002,4100.0,0.106,PM2.5-1HR
945,DEU_DEBE061,2025-11-03,6.85,9.78,81.38,0.02,3.33,244.58,1016.98,8418.27,5.57,10.298,4100.0,0.009,PM2.5-1HR
945,DEU_DEBE065,2025-11-03,10.41,9.63,82.29,0.02,3.28,243.59,1016.89,8391.58,6.02,10.928,4100.0,0.004,PM2.5-1HR
945,DEU_DEBE068,2025-11-03,7.72,9.63,82.29,0.02,3.28,243.59,1016.89,6915.53,5.96,10.844,4100.0,0.072,PM2.5-1HR
945,DEU_DEBE069,2025-11-03,9.92,9.78,81.38,0.02,3.33,244.58,1016.98,8191.19,5.9,10.76,4100.0,0.012,PM2.5-1HR
945,DEU_DEBE125,2025-11-03,8.87,9.78,81.38,0.02,3.33,244.58,1016.98,6357.97,5.96,10.844,4100.0,0.01,PM2.5-1HR
945,DEU_DEBE126,2025-11-03,9.46,9.78,81.38,0.02,3.33,244.58,1016.98,8426.55,5.96,10.844,4100.0,0.007,PM2.5-1HR
945,DEU_DEBE127,2025-11-03,9.09,9.78,81.38,0.02,3.33,244.58,1016.98,7640.61,6.08,11.012,4100.0,0.056,PM2.5-1HR
945,DEU_DEBE010,2025-11-04,8.12,10.43,84.29,0,2.73,191.17,1021.89,7325,6.45,11.53,4100.0,0.044,PM2.5-1HR
945,DEU_DEBE032,2025-11-04,5.84,10.63,82.71,0,2.86,193.04,1021.84,0,4.78,9.192,4100.0,0.861,PM2.5-1HR
945,DEU_DEBE034,2025-11-04,9.18,10.44,83.83,0,2.82,194,1021.96,8636.93,6.66,11.824,4100.0,0.331,PM2.5-1HR
945,DEU_DEBE051,2025-11-04,7.14,10.28,83.88,0,3.11,192.1,1021.73,465.56,5.4,10.06,4100.0,0.134,PM2.5-1HR
945,DEU_DEBE056,2025-11-04,5.8,10.32,83.13,0,2.94,198.19,1022.2,343.06,3.92,7.988,4100.0,0.106,PM2.5-1HR
945,DEU_DEBE061,2025-11-04,7.24,10.44,83.83,0,2.82,194,1021.96,8418.27,6.24,11.236,4100.0,0.009,PM2.5-1HR
945,DEU_DEBE065,2025-11-04,11.36,10.43,84.29,0,2.73,191.17,1021.89,8391.58,6.69,11.866,4100.0,0.004,PM2.5-1HR
945,DEU_DEBE068,2025-11-04,9.12,10.43,84.29,0,2.73,191.17,1021.89,6915.53,6.66,11.824,4100.0,0.072,PM2.5-1HR
945,DEU_DEBE069,2025-11-04,10.89,10.44,83.83,0,2.82,194,1021.96,8191.19,6.61,11.754,4100.0,0.012,PM2.5-1HR
945,DEU_DEBE125,2025-11-04,10.04,10.44,83.83,0,2.82,194,1021.96,6357.97,6.66,11.824,4100.0,0.01,PM2.5-1HR
945,DEU_DEBE126,2025-11-04,10.64,10.44,83.83,0,2.82,194,1021.96,8426.55,6.66,11.824,4100.0,0.007,PM2.5-1HR
945,DEU_DEBE127,2025-11-04,9.87,10.44,83.83,0,2.82,194,1021.96,7640.61,6.79,12.006,4100.0,0.056,PM2.5-1HR
945,DEU_DEBE010,2025-11-05,9.91,9.43,81.38,0,2.71,169.63,1020.13,7325,6.26,11.264,4100.0,0.044,PM2.5-1HR
945,DEU_DEBE032,2025-11-05,7.17,9.63,80.08,0,2.85,167.79,1020,0,3.95,8.03,4100.0,0.861,PM2.5-1HR
945,DEU_DEBE034,2025-11-05,11.1,9.46,80.92,0,2.76,171.22,1020.15,8636.93,6.55,11.67,4100.0,0.331,PM2.5-1HR
945,DEU_DEBE051,2025-11-05,8.44,9.33,80.83,0,3.21,171.82,1020.01,465.56,4.41,8.674,4100.0,0.134,PM2.5-1HR
945,DEU_DEBE056,2025-11-05,7.54,9.35,81.63,0,2.85,172.26,1020.44,343.06,3.25,7.05,4100.0,0.106,PM2.5-1HR
945,DEU_DEBE061,2025-11-05,9.75,9.46,80.92,0,2.76,171.22,1020.15,8418.27,6.1,11.04,4100.0,0.009,PM2.5-1HR
945,DEU_DEBE065,2025-11-05,13.39,9.43,81.38,0,2.71,169.63,1020.13,8391.58,6.69,11.866,4100.0,0.004,PM2.5-1HR
945,DEU_DEBE068,2025-11-05,11.02,9.43,81.38,0,2.71,169.63,1020.13,6915.53,6.55,11.67,4100.0,0.072,PM2.5-1HR
945,DEU_DEBE069,2025-11-05,13.03,9.46,80.92,0,2.76,171.22,1020.15,8191.19,6.52,11.628,4100.0,0.012,PM2.5-1HR
945,DEU_DEBE125,2025-11-05,12.16,9.46,80.92,0,2.76,171.22,1020.15,6357.97,6.55,11.67,4100.0,0.01,PM2.5-1HR
945,DEU_DEBE126,2025-11-05,12.99,9.46,80.92,0,2.76,171.22,1020.15,8426.55,6.55,11.67,4100.0,0.007,PM2.5-1HR
945,DEU_DEBE127,2025-11-05,12.81,9.46,80.92,0,2.76,171.22,1020.15,7640.61,6.65,11.81,4100.0,0.056,PM2.5-1HR
945,DEU_DEBE010,2025-11-06,11.56,8.39,79.29,0,3.14,131.96,1015.23,7325,8.24,14.036,4100.0,0.044,PM2.5-1HR
945,DEU_DEBE032,2025-11-06,8.61,8.28,79.38,0,3.08,131.3,1015.05,0,6.56,11.684,4100.0,0.861,PM2.5-1HR
945,DEU_DEBE034,2025-11-06,12.04,8.47,78.25,0,3.03,133.19,1015.19,8636.93,8.35,14.19,4100.0,0.331,PM2.5-1HR
945,DEU_DEBE051,2025-11-06,10.28,8.36,78.67,0,3.57,137.88,1015.28,465.56,6.93,12.202,4100.0,0.134,PM2.5-1HR
945,DEU_DEBE056,2025-11-06,9.81,8.75,77.54,0,3.12,136.02,1015.44,343.06,5.81,10.634,4100.0,0.106,PM2.5-1HR
945,DEU_DEBE061,2025-11-06,12.05,8.47,78.25,0,3.03,133.19,1015.19,8418.27,7.98,13.672,4100.0,0.009,PM2.5-1HR
945,DEU_DEBE065,2025-11-06,14.64,8.39,79.29,0,3.14,131.96,1015.23,8391.58,8.49,14.386,4100.0,0.004,PM2.5-1HR
945,DEU_DEBE068,2025-11-06,12.11,8.39,79.29,0,3.14,131.96,1015.23,6915.53,8.35,14.19,4100.0,0.072,PM2.5-1HR
945,DEU_DEBE069,2025-11-06,13.29,8.47,78.25,0,3.03,133.19,1015.19,8191.19,8.34,14.176,4100.0,0.012,PM2.5-1HR
945,DEU_DEBE125,2025-11-06,14.6,8.47,78.25,0,3.03,133.19,1015.19,6357.97,8.35,14.19,4100.0,0.01,PM2.5-1HR
945,DEU_DEBE126,2025-11-06,14.28,8.47,78.25,0,3.03,133.19,1015.19,8426.55,8.35,14.19,4100.0,0.007,PM2.5-1HR
945,DEU_DEBE127,2025-11-06,14.45,8.47,78.25,0,3.03,133.19,1015.19,7640.61,8.42,14.288,4100.0,0.056,PM2.5-1HR
945,DEU_DEBE010,2025-11-07,21.18,7.4,83.58,0,2.44,150.54,1012.88,7325,13.34,21.176,4100.0,0.044,PM2.5-1HR
945,DEU_DEBE032,2025-11-07,14.71,6.96,85.13,0,2.42,151.8,1012.78,0,11.85,19.09,4100.0,0.861,PM2.5-1HR
945,DEU_DEBE034,2025-11-07,22.31,7.36,83.5,0,2.36,152.66,1012.87,8636.93,13.48,21.372,4100.0,0.331,PM2.5-1HR
945,DEU_DEBE051,2025-11-07,17.61,7.26,82.96,0,2.84,153.45,1012.87,465.56,10.55,17.27,4100.0,0.134,PM2.5-1HR
945,DEU_DEBE056,2025-11-07,14.99,8.17,81.33,0,2.76,153.74,1013.04,343.06,9.93,16.402,4100.0,0.106,PM2.5-1HR
945,DEU_DEBE061,2025-11-07,22.82,7.36,83.5,0,2.36,152.66,1012.87,8418.27,13.06,20.784,4100.0,0.009,PM2.5-1HR
945,DEU_DEBE065,2025-11-07,24.36,7.4,83.58,0,2.44,150.54,1012.88,8391.58,13.49,21.386,4100.0,0.004,PM2.5-1HR
945,DEU_DEBE068,2025-11-07,21.39,7.4,83.58,0,2.44,150.54,1012.88,6915.53,13.48,21.372,4100.0,0.072,PM2.5-1HR
945,DEU_DEBE069,2025-11-07,24.13,7.36,83.5,0,2.36,152.66,1012.87,8191.19,13.45,21.33,4100.0,0.012,PM2.5-1HR
945,DEU_DEBE125,2025-11-07,24.52,7.36,83.5,0,2.36,152.66,1012.87,6357.97,13.48,21.372,4100.0,0.01,PM2.5-1HR
945,DEU_DEBE126,2025-11-07,24.48,7.36,83.5,0,2.36,152.66,1012.87,8426.55,13.48,21.372,4100.0,0.007,PM2.5-1HR
945,DEU_DEBE127,2025-11-07,25.68,7.36,83.5,0,2.36,152.66,1012.87,7640.61,13.54,21.456,4100.0,0.056,PM2.5-1HR
945,DEU_DEBE010,2025-11-08,24.25,4.47,91.17,0,1.45,180.21,1014.91,7325,19.5,29.8,4100.0,0.044,PM2.5-1HR
945,DEU_DEBE032,2025-11-08,20.1,4.18,92,0,1.32,171.83,1014.89,0,17.1,26.44,4100.0,0.861,PM2.5-1HR
945,DEU_DEBE034,2025-11-08,29.41,4.39,90.88,0,1.42,183.4,1014.92,8636.93,19.82,30.248,4100.0,0.331,PM2.5-1HR
945,DEU_DEBE051,2025-11-08,23.22,4.63,91.08,0,1.8,179.38,1014.88,465.56,14.19,22.366,4100.0,0.134,PM2.5-1HR
945,DEU_DEBE056,2025-11-08,18.74,5.57,89.88,0,1.67,201.25,1014.91,343.06,13.9,21.96,4100.0,0.106,PM2.5-1HR
945,DEU_DEBE061,2025-11-08,26.18,4.39,90.88,0,1.42,183.4,1014.92,8418.27,19.21,29.394,4100.0,0.009,PM2.5-1HR
945,DEU_DEBE065,2025-11-08,29.44,4.47,91.17,0,1.45,180.21,1014.91,8391.58,19.67,30.038,4100.0,0.004,PM2.5-1HR
945,DEU_DEBE068,2025-11-08,25.24,4.47,91.17,0,1.45,180.21,1014.91,6915.53,19.82,30.248,4100.0,0.072,PM2.5-1HR
945,DEU_DEBE069,2025-11-08,32.96,4.39,90.88,0,1.42,183.4,1014.92,8191.19,19.87,30.318,4100.0,0.012,PM2.5-1HR
945,DEU_DEBE125,2025-11-08,27.47,4.39,90.88,0,1.42,183.4,1014.92,6357.97,19.82,30.248,4100.0,0.01,PM2.5-1HR
945,DEU_DEBE126,2025-11-08,27.92,4.39,90.88,0,1.42,183.4,1014.92,8426.55,19.82,30.248,4100.0,0.007,PM2.5-1HR
945,DEU_DEBE127,2025-11-08,29.24,4.39,90.88,0,1.42,183.4,1014.92,7640.61,19.94,30.416,4100.0,0.056,PM2.5-1HR
945,DEU_DEBE010,2025-11-09,25.37,4.73,94.92,0,0.69,142.6,1016.4,7325,22.82,34.448,4100.0,0.044,PM2.5-1HR
945,DEU_DEBE032,2025-11-09,20.57,5.01,94.88,0,0.87,128.82,1016.34,0,20.05,30.57,4100.0,0.861,PM2.5-1HR
945,DEU_DEBE034,2025-11-09,30.99,4.82,94.63,0,0.69,150.99,1016.39,8636.93,22.9,34.56,4100.0,0.331,PM2.5-1HR
945,DEU_DEBE051,2025-11-09,30.87,4.6,94.33,0,0.71,152.92,1016.38,465.56,22.23,33.622,4100.0,0.134,PM2.5-1HR
945,DEU_DEBE056,2025-11-09,24.9,5.52,93.42,0,0.77,220.83,1016.41,343.06,20.87,31.718,4100.0,0.106,PM2.5-1HR
945,DEU_DEBE061,2025-11-09,26.11,4.82,94.63,0,0.69,150.99,1016.39,8418.27,21.87,33.118,4100.0,0.009,PM2.5-1HR
945,DEU_DEBE065,2025-11-09,35.57,4.73,94.92,0,0.69,142.6,1016.4,8391.58,22.91,34.574,4100.0,0.004,PM2.5-1HR
945,DEU_DEBE068,2025-11-09,28.96,4.73,94.92,0,0.69,142.6,1016.4,6915.53,22.9,34.56,4100.0,0.072,PM2.5-1HR
945,DEU_DEBE069,2025-11-09,30.69,4.82,94.63,0,0.69,150.99,1016.39,8191.19,22.57,34.098,4100.0,0.012,PM2.5-1HR
945,DEU_DEBE125,2025-11-09,28.97,4.82,94.63,0,0.69,150.99,1016.39,6357.97,22.9,34.56,4100.0,0.01,PM2.5-1HR
945,DEU_DEBE126,2025-11-09,29.67,4.82,94.63,0,0.69,150.99,1016.39,8426.55,22.9,34.56,4100.0,0.007,PM2.5-1HR
945,DEU_DEBE127,2025-11-09,31.46,4.82,94.63,0,0.69,150.99,1016.39,7640.61,23.05,34.77,4100.0,0.056,PM2.5-1HR
945,DEU_DEBE010,2025-11-10,14.95,7.73,94.79,0.01,1.45,219,1015.23,7325,11.11,18.054,4100.0,0.044,PM2.5-1HR
945,DEU_DEBE032,2025-11-10,12.56,7.71,94.71,0,1.34,216.36,1015.25,0,7.45,12.93,4100.0,0.861,PM2.5-1HR
945,DEU_DEBE034,2025-11-10,17.55,7.8,94.54,0,1.41,219.87,1015.27,8636.93,11.45,18.53,4100.0,0.331,PM2.5-1HR
945,DEU_DEBE051,2025-11-10,15.29,7.6,96.38,0,1.57,227.47,1015.18,465.56,7.35,12.79,4100.0,0.134,PM2.5-1HR
945,DEU_DEBE056,2025-11-10,14.03,7.69,96.5,0.02,1.33,225.6,1015.31,343.06,9.2,15.38,4100.0,0.106,PM2.5-1HR
945,DEU_DEBE061,2025-11-10,15.87,7.8,94.54,0,1.41,219.87,1015.27,8418.27,10.64,17.396,4100.0,0.009,PM2.5-1HR
945,DEU_DEBE065,2025-11-10,20.01,7.73,94.79,0.01,1.45,219,1015.23,8391.58,11.69,18.866,4100.0,0.004,PM2.5-1HR
945,DEU_DEBE068,2025-11-10,16.34,7.73,94.79,0.01,1.45,219,1015.23,6915.53,11.45,18.53,4100.0,0.072,PM2.5-1HR
945,DEU_DEBE069,2025-11-10,19.39,7.8,94.54,0,1.41,219.87,1015.27,8191.19,11.47,18.558,4100.0,0.012,PM2.5-1HR
945,DEU_DEBE125,2025-11-10,17.29,7.8,94.54,0,1.41,219.87,1015.27,6357.97,11.45,18.53,4100.0,0.01,PM2.5-1HR
945,DEU_DEBE126,2025-11-10,18.07,7.8,94.54,0,1.41,219.87,1015.27,8426.55,11.45,18.53,4100.0,0.007,PM2.5-1HR
945,DEU_DEBE127,2025-11-10,18.53,7.8,94.54,0,1.41,219.87,1015.27,7640.61,11.7,18.88,4100.0,0.056,PM2.5-1HR
945,DEU_DEBE010,2025-11-11,13.04,6.55,95.58,0.05,2.37,202.44,1014.47,7325,11.41,18.474,4100.0,0.044,PM2.5-1HR
945,DEU_DEBE032,2025-11-11,9.19,6.62,95.71,0.04,2.42,205.1,1014.42,0,7.93,13.602,4100.0,0.861,PM2.5-1HR
945,DEU_DEBE034,2025-11-11,15.41,6.66,95.25,0.06,2.46,204.75,1014.51,8636.93,11.2,18.18,4100.0,0.331,PM2.5-1HR
945,DEU_DEBE051,2025-11-11,10.89,6.37,97.42,0.08,2.5,198.14,1014.38,465.56,6.84,12.076,4100.0,0.134,PM2.5-1HR
945,DEU_DEBE056,2025-11-11,10.41,6.57,96.42,0.05,2.49,206.9,1014.68,343.06,5.85,10.69,4100.0,0.106,PM2.5-1HR
945,DEU_DEBE061,2025-11-11,12.96,6.66,95.25,0.06,2.46,204.75,1014.51,8418.27,10.31,16.934,4100.0,0.009,PM2.5-1HR
945,DEU_DEBE065,2025-11-11,17.82,6.55,95.58,0.05,2.37,202.44,1014.47,8391.58,11.67,18.838,4100.0,0.004,PM2.5-1HR
945,DEU_DEBE068,2025-11-11,13.98,6.55,95.58,0.05,2.37,202.44,1014.47,6915.53,11.2,18.18,4100.0,0.072,PM2.5-1HR
945,DEU_DEBE069,2025-11-11,14.84,6.66,95.25,0.06,2.46,204.75,1014.51,8191.19,11.03,17.942,4100.0,0.012,PM2.5-1HR
945,DEU_DEBE125,2025-11-11,14.75,6.66,95.25,0.06,2.46,204.75,1014.51,6357.97,11.2,18.18,4100.0,0.01,PM2.5-1HR
945,DEU_DEBE126,2025-11-11,15.28,6.66,95.25,0.06,2.46,204.75,1014.51,8426.55,11.2,18.18,4100.0,0.007,PM2.5-1HR
945,DEU_DEBE127,2025-11-11,15.52,6.66,95.25,0.06,2.46,204.75,1014.51,7640.61,11.42,18.488,4100.0,0.056,PM2.5-1HR
945,DEU_DEBE010,2025-11-12,11.84,7.75,89.71,0,3.02,177.75,1015.61,7325,9.95,16.43,4100.0,0.044,PM2.5-1HR
945,DEU_DEBE032,2025-11-12,8.31,7.77,89.17,0,3.05,176.58,1015.53,0,7.35,12.79,4100.0,0.861,PM2.5-1HR
945,DEU_DEBE034,2025-11-12,12.68,7.87,88.88,0,3.09,179.84,1015.67,8636.93,10.07,16.598,4100.0,0.331,PM2.5-1HR
945,DEU_DEBE051,2025-11-12,10.77,7.5,90.25,0,3.31,175.64,1015.49,465.56,8.88,14.932,4100.0,0.134,PM2.5-1HR
945,DEU_DEBE056,2025-11-12,9.01,7.84,89,0,2.99,179.53,1015.97,343.06,7.37,12.818,4100.0,0.106,PM2.5-1HR
945,DEU_DEBE061,2025-11-12,11.72,7.87,88.88,0,3.09,179.84,1015.67,8418.27,9.43,15.702,4100.0,0.009,PM2.5-1HR
945,DEU_DEBE065,2025-11-12,15.51,7.75,89.71,0,3.02,177.75,1015.61,8391.58,10.26,16.864,4100.0,0.004,PM2.5-1HR
945,DEU_DEBE068,2025-11-12,13.99,7.75,89.71,0,3.02,177.75,1015.61,6915.53,10.07,16.598,4100.0,0.072,PM2.5-1HR
945,DEU_DEBE069,2025-11-12,13.73,7.87,88.88,0,3.09,179.84,1015.67,8191.19,10.02,16.528,4100.0,0.012,PM2.5-1HR
945,DEU_DEBE125,2025-11-12,14.21,7.87,88.88,0,3.09,179.84,1015.67,6357.97,10.07,16.598,4100.0,0.01,PM2.5-1HR
945,DEU_DEBE126,2025-11-12,13.76,7.87,88.88,0,3.09,179.84,1015.67,8426.55,10.07,16.598,4100.0,0.007,PM2.5-1HR
945,DEU_DEBE127,2025-11-12,13.97,7.87,88.88,0,3.09,179.84,1015.67,7640.61,10.24,16.836,4100.0,0.056,PM2.5-1HR
945,DEU_DEBE010,2025-11-13,7.89,10.89,76.5,0,3.41,207.61,1011.12,7325,7.24,12.636,4100.0,0.044,PM2.5-1HR
945,DEU_DEBE032,2025-11-13,5.91,11.18,74.5,0,3.41,207.48,1011.13,0,5.53,10.242,4100.0,0.861,PM2.5-1HR
945,DEU_DEBE034,2025-11-13,9.29,11.02,75.5,0,3.49,208.91,1011.23,8636.93,7.51,13.014,4100.0,0.331,PM2.5-1HR
945,DEU_DEBE051,2025-11-13,7.25,10.8,76.29,0,3.81,206.86,1010.88,465.56,5.63,10.382,4100.0,0.134,PM2.5-1HR
945,DEU_DEBE056,2025-11-13,6.32,11.03,73.71,0,3.85,211.95,1011.54,343.06,4.98,9.472,4100.0,0.106,PM2.5-1HR
945,DEU_DEBE061,2025-11-13,7.38,11.02,75.5,0,3.49,208.91,1011.23,8418.27,7.11,12.454,4100.0,0.009,PM2.5-1HR
945,DEU_DEBE065,2025-11-13,10.61,10.89,76.5,0,3.41,207.61,1011.12,8391.58,7.55,13.07,4100.0,0.004,PM2.5-1HR
945,DEU_DEBE068,2025-11-13,8.25,10.89,76.5,0,3.41,207.61,1011.12,6915.53,7.51,13.014,4100.0,0.072,PM2.5-1HR
945,DEU_DEBE069,2025-11-13,10.07,11.02,75.5,0,3.49,208.91,1011.23,8191.19,7.51,13.014,4100.0,0.012,PM2.5-1HR
945,DEU_DEBE125,2025-11-13,9.6,11.02,75.5,0,3.49,208.91,1011.23,6357.97,7.51,13.014,4100.0,0.01,PM2.5-1HR
945,DEU_DEBE126,2025-11-13,9.43,11.02,75.5,0,3.49,208.91,1011.23,8426.55,7.51,13.014,4100.0,0.007,PM2.5-1HR
945,DEU_DEBE127,2025-11-13,9.8,11.02,75.5,0,3.49,208.91,1011.23,7640.61,7.64,13.196,4100.0,0.056,PM2.5-1HR
945,DEU_DEBE010,2025-11-14,11.26,9.63,92.42,0.19,2.3,93.31,1010.15,7325,6.14,11.096,4100.0,0.044,PM2.5-1HR
945,DEU_DEBE032,2025-11-14,8.74,9.78,91.58,0.17,2.2,89.8,1010.05,0,5.04,9.556,4100.0,0.861,PM2.5-1HR
945,DEU_DEBE034,2025-11-14,11.35,9.86,91.08,0.16,2.17,91.07,1010.08,8636.93,6.26,11.264,4100.0,0.331,PM2.5-1HR
945,DEU_DEBE051,2025-11-14,8.74,9.38,94.04,0.18,2.56,91.47,1010.25,465.56,3.15,6.91,4100.0,0.134,PM2.5-1HR
945,DEU_DEBE056,2025-11-14,8.7,10.06,88.92,0.1,2.16,108.65,1010.13,343.06,3.55,7.47,4100.0,0.106,PM2.5-1HR
945,DEU_DEBE061,2025-11-14,11.13,9.86,91.08,0.16,2.17,91.07,1010.08,8418.27,6.02,10.928,4100.0,0.009,PM2.5-1HR
945,DEU_DEBE065,2025-11-14,13.44,9.63,92.42,0.19,2.3,93.31,1010.15,8391.58,6.2,11.18,4100.0,0.004,PM2.5-1HR
945,DEU_DEBE068,2025-11-14,10.98,9.63,92.42,0.19,2.3,93.31,1010.15,6915.53,6.26,11.264,4100.0,0.072,PM2.5-1HR
945,DEU_DEBE069,2025-11-14,12.95,9.86,91.08,0.16,2.17,91.07,1010.08,8191.19,6.41,11.474,4100.0,0.012,PM2.5-1HR
945,DEU_DEBE125,2025-11-14,12.83,9.86,91.08,0.16,2.17,91.07,1010.08,6357.97,6.26,11.264,4100.0,0.01,PM2.5-1HR
945,DEU_DEBE126,2025-11-14,13.17,9.86,91.08,0.16,2.17,91.07,1010.08,8426.55,6.26,11.264,4100.0,0.007,PM2.5-1HR
945,DEU_DEBE127,2025-11-14,13.18,9.86,91.08,0.16,2.17,91.07,1010.08,7640.61,6.41,11.474,4100.0,0.056,PM2.5-1HR
945,DEU_DEBE010,2025-11-15,4.85,5.18,92.96,0.48,4.69,80.46,1015.47,7325,2.63,6.182,4100.0,0.044,PM2.5-1HR
945,DEU_DEBE032,2025-11-15,4.11,5.24,96.21,0.45,4.52,79.9,1015.21,0,2.16,5.524,4100.0,0.861,PM2.5-1HR
945,DEU_DEBE034,2025-11-15,5.37,5.3,92.92,0.45,4.6,79.63,1015.33,8636.93,2.75,6.35,4100.0,0.331,PM2.5-1HR
945,DEU_DEBE051,2025-11-15,3.9,5,96.54,0.47,4.54,82.71,1015.72,465.56,2.3,5.72,4100.0,0.134,PM2.5-1HR
945,DEU_DEBE056,2025-11-15,3.84,5.25,97,0.42,4.49,77.72,1015.4,343.06,1.98,5.272,4100.0,0.106,PM2.5-1HR
945,DEU_DEBE061,2025-11-15,4.87,5.3,92.92,0.45,4.6,79.63,1015.33,8418.27,2.65,6.21,4100.0,0.009,PM2.5-1HR
945,DEU_DEBE065,2025-11-15,6.47,5.18,92.96,0.48,4.69,80.46,1015.47,8391.58,2.78,6.392,4100.0,0.004,PM2.5-1HR
945,DEU_DEBE068,2025-11-15,5.37,5.18,92.96,0.48,4.69,80.46,1015.47,6915.53,2.75,6.35,4100.0,0.072,PM2.5-1HR
945,DEU_DEBE069,2025-11-15,5.65,5.3,92.92,0.45,4.6,79.63,1015.33,8191.19,2.77,6.378,4100.0,0.012,PM2.5-1HR
945,DEU_DEBE125,2025-11-15,6.09,5.3,92.92,0.45,4.6,79.63,1015.33,6357.97,2.75,6.35,4100.0,0.01,PM2.5-1HR
945,DEU_DEBE126,2025-11-15,6.66,5.3,92.92,0.45,4.6,79.63,1015.33,8426.55,2.75,6.35,4100.0,0.007,PM2.5-1HR
945,DEU_DEBE127,2025-11-15,6.64,5.3,92.92,0.45,4.6,79.63,1015.33,7640.61,2.81,6.434,4100.0,0.056,PM2.5-1HR
945,DEU_DEBE010,2025-11-16,11.83,6.22,96.04,0.22,2.43,239.88,1006.41,7325,4.43,8.702,4100.0,0.044,PM2.5-1HR
945,DEU_DEBE032,2025-11-16,9.32,6.38,96.17,0.15,2.39,245.33,1006.43,0,2.67,6.238,4100.0,0.861,PM2.5-1HR
945,DEU_DEBE034,2025-11-16,12.55,6.48,95.13,0.18,2.39,237.66,1006.38,8636.93,4.79,9.206,4100.0,0.331,PM2.5-1HR
945,DEU_DEBE051,2025-11-16,10.2,5.93,96.67,0.22,2.5,242.3,1006.44,465.56,2.47,5.958,4100.0,0.134,PM2.5-1HR
945,DEU_DEBE056,2025-11-16,10.28,6.86,95.58,0.12,2.61,232.05,1006.35,343.06,2.84,6.476,4100.0,0.106,PM2.5-1HR
945,DEU_DEBE061,2025-11-16,11.6,6.48,95.13,0.18,2.39,237.66,1006.38,8418.27,4.55,8.87,4100.0,0.009,PM2.5-1HR
945,DEU_DEBE065,2025-11-16,14.77,6.22,96.04,0.22,2.43,239.88,1006.41,8391.58,5.04,9.556,4100.0,0.004,PM2.5-1HR
945,DEU_DEBE068,2025-11-16,12.28,6.22,96.04,0.22,2.43,239.88,1006.41,6915.53,4.79,9.206,4100.0,0.072,PM2.5-1HR
945,DEU_DEBE069,2025-11-16,13.52,6.48,95.13,0.18,2.39,237.66,1006.38,8191.19,4.91,9.374,4100.0,0.012,PM2.5-1HR
945,DEU_DEBE125,2025-11-16,13.44,6.48,95.13,0.18,2.39,237.66,1006.38,6357.97,4.79,9.206,4100.0,0.01,PM2.5-1HR
945,DEU_DEBE126,2025-11-16,14.1,6.48,95.13,0.18,2.39,237.66,1006.38,8426.55,4.79,9.206,4100.0,0.007,PM2.5-1HR
945,DEU_DEBE127,2025-11-16,15.57,6.48,95.13,0.18,2.39,237.66,1006.38,7640.61,4.9,9.36,4100.0,0.056,PM2.5-1HR
945,DEU_DEBE127,2025-11-17,9.91,3.34,92.17,0.03,3.12,285.83,1007.35,7640.61,5,9.5,4100.0,0.056,PM2.5-1HR
945,DEU_DEBE010,2025-11-17,7.69,3.1,92.38,0.3,3.1,284.15,1007.27,7325,4.61,8.954,4100.0,0.044,PM2.5-1HR
945,DEU_DEBE032,2025-11-17,5.73,3.38,93.21,0.08,3.18,285.99,1007.45,0,2.69,6.266,4100.0,0.861,PM2.5-1HR
945,DEU_DEBE034,2025-11-17,8.56,3.34,92.17,0.03,3.12,285.83,1007.35,8636.93,4.8,9.22,4100.0,0.331,PM2.5-1HR
945,DEU_DEBE051,2025-11-17,6.87,2.88,93.33,0.05,3.29,284.25,1007.1,465.56,3.19,6.966,4100.0,0.134,PM2.5-1HR
945,DEU_DEBE056,2025-11-17,7.11,3.5,93.21,0.07,3.21,287.33,1007.18,343.06,3.88,7.932,4100.0,0.106,PM2.5-1HR
945,DEU_DEBE061,2025-11-17,7.39,3.34,92.17,0.03,3.12,285.83,1007.35,8418.27,4.27,8.478,4100.0,0.009,PM2.5-1HR
945,DEU_DEBE065,2025-11-17,10.75,3.1,92.38,0.3,3.1,284.15,1007.27,8391.58,4.98,9.472,4100.0,0.004,PM2.5-1HR
945,DEU_DEBE068,2025-11-17,7.86,3.1,92.38,0.3,3.1,284.15,1007.27,6915.53,4.8,9.22,4100.0,0.072,PM2.5-1HR
945,DEU_DEBE069,2025-11-17,10.12,3.34,92.17,0.03,3.12,285.83,1007.35,8191.19,4.7,9.08,4100.0,0.012,PM2.5-1HR
945,DEU_DEBE125,2025-11-17,9.28,3.34,92.17,0.03,3.12,285.83,1007.35,6357.97,4.8,9.22,4100.0,0.01,PM2.5-1HR
945,DEU_DEBE126,2025-11-17,9.56,3.34,92.17,0.03,3.12,285.83,1007.35,8426.55,4.8,9.22,4100.0,0.007,PM2.5-1HR
945,DEU_DEBE127,2025-11-18,8.84,3.11,85.75,0,4.16,244.33,1014.4,7640.61,4.49,8.786,4100.0,0.056,PM2.5-1HR
945,DEU_DEBE010,2025-11-18,6.82,2.96,86.13,0,4.24,243.76,1014.23,7325,4.37,8.618,4100.0,0.044,PM2.5-1HR
945,DEU_DEBE032,2025-11-18,5.16,3.24,85.79,0,4.29,244.04,1014.41,0,3.48,7.372,4100.0,0.861,PM2.5-1HR
945,DEU_DEBE034,2025-11-18,7.9,3.11,85.75,0,4.16,244.33,1014.4,8636.93,4.46,8.744,4100.0,0.331,PM2.5-1HR
945,DEU_DEBE051,2025-11-18,5.4,2.89,85.83,0,4.69,244.51,1013.88,465.56,3.25,7.05,4100.0,0.134,PM2.5-1HR
945,DEU_DEBE056,2025-11-18,5.38,3.15,86.58,0.03,4.54,243.43,1014.5,343.06,3.58,7.512,4100.0,0.106,PM2.5-1HR
945,DEU_DEBE061,2025-11-18,6.54,3.11,85.75,0,4.16,244.33,1014.4,8418.27,4.21,8.394,4100.0,0.009,PM2.5-1HR
945,DEU_DEBE065,2025-11-18,9.85,2.96,86.13,0,4.24,243.76,1014.23,8391.58,4.51,8.814,4100.0,0.004,PM2.5-1HR
945,DEU_DEBE068,2025-11-18,7.1,2.96,86.13,0,4.24,243.76,1014.23,6915.53,4.46,8.744,4100.0,0.072,PM2.5-1HR
945,DEU_DEBE069,2025-11-18,9.29,3.11,85.75,0,4.16,244.33,1014.4,8191.19,4.35,8.59,4100.0,0.012,PM2.5-1HR
945,DEU_DEBE125,2025-11-18,7.91,3.11,85.75,0,4.16,244.33,1014.4,6357.97,4.46,8.744,4100.0,0.01,PM2.5-1HR
945,DEU_DEBE126,2025-11-18,7.93,3.11,85.75,0,4.16,244.33,1014.4,8426.55,4.46,8.744,4100.0,0.007,PM2.5-1HR
945,DEU_DEBE127,2025-11-19,11.95,3.08,85.46,0.06,3.6,192.68,1007.37,7640.61,8.18,13.952,4100.0,0.056,PM2.5-1HR
945,DEU_DEBE010,2025-11-19,10.54,2.98,86.54,0.09,3.57,192.53,1007.3,7325,8.1,13.84,4100.0,0.044,PM2.5-1HR
945,DEU_DEBE032,2025-11-19,7.3,3,87.92,0.09,3.7,190.44,1007.23,0,6.56,11.684,4100.0,0.861,PM2.5-1HR
945,DEU_DEBE034,2025-11-19,11.23,3.08,85.46,0.06,3.6,192.68,1007.37,8636.93,8.15,13.91,4100.0,0.331,PM2.5-1HR
945,DEU_DEBE051,2025-11-19,8.91,2.8,88.75,0.11,3.82,191.39,1007.13,465.56,6.4,11.46,4100.0,0.134,PM2.5-1HR
945,DEU_DEBE056,2025-11-19,8.04,3.33,83,0.05,3.84,194.04,1007.66,343.06,5.69,10.466,4100.0,0.106,PM2.5-1HR
945,DEU_DEBE061,2025-11-19,10.28,3.08,85.46,0.06,3.6,192.68,1007.37,8418.27,7.69,13.266,4100.0,0.009,PM2.5-1HR
945,DEU_DEBE065,2025-11-19,14.12,2.98,86.54,0.09,3.57,192.53,1007.3,8391.58,8.2,13.98,4100.0,0.004,PM2.5-1HR
945,DEU_DEBE068,2025-11-19,12.49,2.98,86.54,0.09,3.57,192.53,1007.3,6915.53,8.15,13.91,4100.0,0.072,PM2.5-1HR
945,DEU_DEBE069,2025-11-19,12.58,3.08,85.46,0.06,3.6,192.68,1007.37,8191.19,7.94,13.616,4100.0,0.012,PM2.5-1HR
945,DEU_DEBE125,2025-11-19,12.08,3.08,85.46,0.06,3.6,192.68,1007.37,6357.97,8.15,13.91,4100.0,0.01,PM2.5-1HR
945,DEU_DEBE126,2025-11-19,11.86,3.08,85.46,0.06,3.6,192.68,1007.37,8426.55,8.15,13.91,4100.0,0.007,PM2.5-1HR
945,DEU_DEBE127,2025-11-20,10.72,1.91,89.21,0.22,3.77,230.84,1005.11,7640.61,4.54,8.856,4100.0,0.056,PM2.5-1HR
945,DEU_DEBE010,2025-11-20,8.52,1.73,90.17,0.32,3.77,230.16,1004.98,7325,4.13,8.282,4100.0,0.044,PM2.5-1HR
945,DEU_DEBE032,2025-11-20,6.56,1.74,92.42,0.17,3.88,229.56,1005.11,0,2.17,5.538,4100.0,0.861,PM2.5-1HR
945,DEU_DEBE034,2025-11-20,9.59,1.91,89.21,0.22,3.77,230.84,1005.11,8636.93,4.34,8.576,4100.0,0.331,PM2.5-1HR
945,DEU_DEBE051,2025-11-20,7.78,1.52,93.13,0.17,4.07,227.57,1004.79,465.56,2.33,5.762,4100.0,0.134,PM2.5-1HR
945,DEU_DEBE056,2025-11-20,7.36,2.31,89.17,0.11,4.06,231.88,1005.12,343.06,2.75,6.35,4100.0,0.106,PM2.5-1HR
945,DEU_DEBE061,2025-11-20,8.26,1.91,89.21,0.22,3.77,230.84,1005.11,8418.27,3.9,7.96,4100.0,0.009,PM2.5-1HR
945,DEU_DEBE065,2025-11-20,11.58,1.73,90.17,0.32,3.77,230.16,1004.98,8391.58,4.48,8.772,4100.0,0.004,PM2.5-1HR
945,DEU_DEBE068,2025-11-20,8.79,1.73,90.17,0.32,3.77,230.16,1004.98,6915.53,4.34,8.576,4100.0,0.072,PM2.5-1HR
945,DEU_DEBE069,2025-11-20,10.53,1.91,89.21,0.22,3.77,230.84,1005.11,8191.19,4.36,8.604,4100.0,0.012,PM2.5-1HR
945,DEU_DEBE125,2025-11-20,9.93,1.91,89.21,0.22,3.77,230.84,1005.11,6357.97,4.34,8.576,4100.0,0.01,PM2.5-1HR
945,DEU_DEBE126,2025-11-20,10.11,1.91,89.21,0.22,3.77,230.84,1005.11,8426.55,4.34,8.576,4100.0,0.007,PM2.5-1HR
945,DEU_DEBE127,2025-11-21,14.67,-1.23,87.46,0,2.24,276.53,1021.03,7640.61,8.14,13.896,4100.0,0.056,PM2.5-1HR
945,DEU_DEBE010,2025-11-21,9.91,-1.38,87.54,0,2.3,272.94,1020.96,7325,7.37,12.818,4100.0,0.044,PM2.5-1HR
945,DEU_DEBE032,2025-11-21,7.77,-1.27,89.04,0,2.31,278.01,1021.1,0,5.71,10.494,4100.0,0.861,PM2.5-1HR
945,DEU_DEBE034,2025-11-21,12.78,-1.23,87.46,0,2.24,276.53,1021.03,8636.93,7.88,13.532,4100.0,0.331,PM2.5-1HR
945,DEU_DEBE051,2025-11-21,8.58,-1.63,88.04,0,2.58,271.32,1020.78,465.56,5.69,10.466,4100.0,0.134,PM2.5-1HR
945,DEU_DEBE056,2025-11-21,10.68,-1.13,90.21,0,2.38,273.64,1020.92,343.06,5.65,10.41,4100.0,0.106,PM2.5-1HR
945,DEU_DEBE061,2025-11-21,10.14,-1.23,87.46,0,2.24,276.53,1021.03,8418.27,7.39,12.846,4100.0,0.009,PM2.5-1HR
945,DEU_DEBE065,2025-11-21,13.57,-1.38,87.54,0,2.3,272.94,1020.96,8391.58,7.7,13.28,4100.0,0.004,PM2.5-1HR
945,DEU_DEBE068,2025-11-21,9.54,-1.38,87.54,0,2.3,272.94,1020.96,6915.53,7.88,13.532,4100.0,0.072,PM2.5-1HR
945,DEU_DEBE069,2025-11-21,14.02,-1.23,87.46,0,2.24,276.53,1021.03,8191.19,8.02,13.728,4100.0,0.012,PM2.5-1HR
945,DEU_DEBE125,2025-11-21,11.47,-1.23,87.46,0,2.24,276.53,1021.03,6357.97,7.88,13.532,4100.0,0.01,PM2.5-1HR
945,DEU_DEBE126,2025-11-21,12.07,-1.23,87.46,0,2.24,276.53,1021.03,8426.55,7.88,13.532,4100.0,0.007,PM2.5-1HR
945,DEU_DEBE010,2025-12-04,16.44,1.67,92.13,0,2.64,129.2,1012.33,7325,15.38,24.032,4100.0,0.044,PM2.5-1HR
945,DEU_DEBE032,2025-12-04,12.45,1.88,90.25,0,2.66,127.09,1012.13,0,12.35,19.79,4100.0,0.861,PM2.5-1HR
945,DEU_DEBE034,2025-12-04,16.88,1.81,91.13,0,2.55,128.71,1012.28,8636.93,15.48,24.172,4100.0,0.331,PM2.5-1HR
945,DEU_DEBE051,2025-12-04,14.53,1.38,93.42,0,2.96,131.63,1012.37,465.56,12.03,19.342,4100.0,0.134,PM2.5-1HR
945,DEU_DEBE056,2025-12-04,14.98,1.83,92.08,0,2.65,132.57,1012.5,343.06,12.08,19.412,4100.0,0.106,PM2.5-1HR
945,DEU_DEBE061,2025-12-04,16.6,1.81,91.13,0,2.55,128.71,1012.28,8418.27,14.71,23.094,4100.0,0.009,PM2.5-1HR
945,DEU_DEBE065,2025-12-04,20.53,1.67,92.13,0,2.64,129.2,1012.33,8391.58,15.58,24.312,4100.0,0.004,PM2.5-1HR
945,DEU_DEBE068,2025-12-04,18.68,1.67,92.13,0,2.64,129.2,1012.33,6915.53,15.48,24.172,4100.0,0.072,PM2.5-1HR
945,DEU_DEBE069,2025-12-04,18.38,1.81,91.13,0,2.55,128.71,1012.28,8191.19,15.47,24.158,4100.0,0.012,PM2.5-1HR
945,DEU_DEBE125,2025-12-04,18.9,1.81,91.13,0,2.55,128.71,1012.28,6357.97,15.48,24.172,4100.0,0.01,PM2.5-1HR
945,DEU_DEBE126,2025-12-04,18.83,1.81,91.13,0,2.55,128.71,1012.28,8426.55,15.48,24.172,4100.0,0.007,PM2.5-1HR
945,DEU_DEBE127,2025-12-04,19.04,1.81,91.13,0,2.55,128.71,1012.28,7640.61,15.67,24.438,4100.0,0.056,PM2.5-1HR
945,DEU_DEBE010,2025-12-05,26.27,3.24,96.33,0.13,1.71,150.92,1011.72,7325,21.65,32.81,4100.0,0.044,PM2.5-1HR
945,DEU_DEBE032,2025-12-05,20.48,3.05,95.75,0.1,1.57,155.64,1011.7,0,17.83,27.462,4100.0,0.861,PM2.5-1HR
945,DEU_DEBE034,2025-12-05,28.85,3.24,95.63,0.13,1.67,150.48,1011.7,8636.93,21.7,32.88,4100.0,0.331,PM2.5-1HR
945,DEU_DEBE051,2025-12-05,23.2,3.21,97.38,0.13,1.95,144.86,1011.72,465.56,17.8,27.42,4100.0,0.134,PM2.5-1HR
945,DEU_DEBE056,2025-12-05,25,3.26,96.79,0.14,1.79,142.8,1011.73,343.06,17.27,26.678,4100.0,0.106,PM2.5-1HR
945,DEU_DEBE061,2025-12-05,26.57,3.24,95.63,0.13,1.67,150.48,1011.7,8418.27,20.69,31.466,4100.0,0.009,PM2.5-1HR
945,DEU_DEBE065,2025-12-05,33.01,3.24,96.33,0.13,1.71,150.92,1011.72,8391.58,21.87,33.118,4100.0,0.004,PM2.5-1HR
945,DEU_DEBE068,2025-12-05,29.78,3.24,96.33,0.13,1.71,150.92,1011.72,6915.53,21.7,32.88,4100.0,0.072,PM2.5-1HR
945,DEU_DEBE069,2025-12-05,30.54,3.24,95.63,0.13,1.67,150.48,1011.7,8191.19,21.57,32.698,4100.0,0.012,PM2.5-1HR
945,DEU_DEBE125,2025-12-05,29.4,3.24,95.63,0.13,1.67,150.48,1011.7,6357.97,21.7,32.88,4100.0,0.01,PM2.5-1HR
945,DEU_DEBE126,2025-12-05,29.51,3.24,95.63,0.13,1.67,150.48,1011.7,8426.55,21.7,32.88,4100.0,0.007,PM2.5-1HR
945,DEU_DEBE127,2025-12-05,30.24,3.24,95.63,0.13,1.67,150.48,1011.7,7640.61,21.94,33.216,4100.0,0.056,PM2.5-1HR
945,DEU_DEBE010,2025-12-06,13.66,2.3,93.42,0,3,159.53,1011.25,7325,12.06,19.384,4100.0,0.044,PM2.5-1HR
945,DEU_DEBE032,2025-12-06,10.63,2.3,92.58,0,3.15,157.92,1011.1,0,8.91,14.974,4100.0,0.861,PM2.5-1HR
945,DEU_DEBE034,2025-12-06,14.53,2.3,92.88,0,3,159.1,1011.27,8636.93,12.1,19.44,4100.0,0.331,PM2.5-1HR
945,DEU_DEBE051,2025-12-06,11.99,2.39,93.38,0,3.4,161.1,1011.18,465.56,9.59,15.926,4100.0,0.134,PM2.5-1HR
945,DEU_DEBE056,2025-12-06,11.42,2.15,93.04,0,3.05,163.17,1011.63,343.06,9.43,15.702,4100.0,0.106,PM2.5-1HR
945,DEU_DEBE061,2025-12-06,13.6,2.3,92.88,0,3,159.1,1011.27,8418.27,11.35,18.39,4100.0,0.009,PM2.5-1HR
945,DEU_DEBE065,2025-12-06,17.29,2.3,93.42,0,3,159.53,1011.25,8391.58,12.51,20.014,4100.0,0.004,PM2.5-1HR
945,DEU_DEBE068,2025-12-06,15.8,2.3,93.42,0,3,159.53,1011.25,6915.53,12.1,19.44,4100.0,0.072,PM2.5-1HR
945,DEU_DEBE069,2025-12-06,15.1,2.3,92.88,0,3,159.1,1011.27,8191.19,12,19.3,4100.0,0.012,PM2.5-1HR
945,DEU_DEBE125,2025-12-06,15.38,2.3,92.88,0,3,159.1,1011.27,6357.97,12.1,19.44,4100.0,0.01,PM2.5-1HR
945,DEU_DEBE126,2025-12-06,16.14,2.3,92.88,0,3,159.1,1011.27,8426.55,12.1,19.44,4100.0,0.007,PM2.5-1HR
945,DEU_DEBE127,2025-12-06,15.71,2.3,92.88,0,3,159.1,1011.27,7640.61,12.3,19.72,4100.0,0.056,PM2.5-1HR
945,DEU_DEBE010,2025-12-07,9.59,5.78,95.21,0.01,3,180.56,1009.98,7325,8.09,13.826,4100.0,0.044,PM2.5-1HR
945,DEU_DEBE032,2025-12-07,6.44,5.87,95.21,0,3.09,180.96,1009.86,0,5.36,10.004,4100.0,0.861,PM2.5-1HR
945,DEU_DEBE034,2025-12-07,11.18,5.93,94.67,0,3.08,181.96,1010.01,8636.93,8.02,13.728,4100.0,0.331,PM2.5-1HR
945,DEU_DEBE051,2025-12-07,8.24,5.43,96.13,0.09,3.24,174.66,1009.88,465.56,5.69,10.466,4100.0,0.134,PM2.5-1HR
945,DEU_DEBE056,2025-12-07,7.27,5.67,95.04,0,3.14,182.95,1010.36,343.06,4.86,9.304,4100.0,0.106,PM2.5-1HR
945,DEU_DEBE061,2025-12-07,9.22,5.93,94.67,0,3.08,181.96,1010.01,8418.27,7.2,12.58,4100.0,0.009,PM2.5-1HR
945,DEU_DEBE065,2025-12-07,15.52,5.78,95.21,0.01,3,180.56,1009.98,8391.58,8.28,14.092,4100.0,0.004,PM2.5-1HR
945,DEU_DEBE068,2025-12-07,12.31,5.78,95.21,0.01,3,180.56,1009.98,6915.53,8.02,13.728,4100.0,0.072,PM2.5-1HR
945,DEU_DEBE069,2025-12-07,10.83,5.93,94.67,0,3.08,181.96,1010.01,8191.19,7.74,13.336,4100.0,0.012,PM2.5-1HR
945,DEU_DEBE125,2025-12-07,10.73,5.93,94.67,0,3.08,181.96,1010.01,6357.97,8.02,13.728,4100.0,0.01,PM2.5-1HR
945,DEU_DEBE126,2025-12-07,12.06,5.93,94.67,0,3.08,181.96,1010.01,8426.55,8.02,13.728,4100.0,0.007,PM2.5-1HR
945,DEU_DEBE127,2025-12-07,11.11,5.93,94.67,0,3.08,181.96,1010.01,7640.61,8.26,14.064,4100.0,0.056,PM2.5-1HR
945,DEU_DEBE010,2025-12-08,7.4,10.03,91.29,0.24,4.06,213.57,1011.52,7325,4.89,9.346,4100.0,0.044,PM2.5-1HR
945,DEU_DEBE032,2025-12-08,5.11,10.09,91.71,0.27,4.12,212.21,1011.54,0,3.19,6.966,4100.0,0.861,PM2.5-1HR
945,DEU_DEBE034,2025-12-08,9.08,10.15,91.17,0.27,4.1,212.61,1011.63,8636.93,4.88,9.332,4100.0,0.331,PM2.5-1HR
945,DEU_DEBE051,2025-12-08,5.88,9.66,92.42,0.28,4.25,211.23,1011.32,465.56,3.23,7.022,4100.0,0.134,PM2.5-1HR
945,DEU_DEBE056,2025-12-08,5.32,9.54,93.25,0.27,3.9,208.45,1011.93,343.06,3.09,6.826,4100.0,0.106,PM2.5-1HR
945,DEU_DEBE061,2025-12-08,6.64,10.15,91.17,0.27,4.1,212.61,1011.63,8418.27,4.52,8.828,4100.0,0.009,PM2.5-1HR
945,DEU_DEBE065,2025-12-08,11.05,10.03,91.29,0.24,4.06,213.57,1011.52,8391.58,5.05,9.57,4100.0,0.004,PM2.5-1HR
945,DEU_DEBE068,2025-12-08,8.63,10.03,91.29,0.24,4.06,213.57,1011.52,6915.53,4.88,9.332,4100.0,0.072,PM2.5-1HR
945,DEU_DEBE069,2025-12-08,8.89,10.15,91.17,0.27,4.1,212.61,1011.63,8191.19,4.84,9.276,4100.0,0.012,PM2.5-1HR
945,DEU_DEBE125,2025-12-08,8.6,10.15,91.17,0.27,4.1,212.61,1011.63,6357.97,4.88,9.332,4100.0,0.01,PM2.5-1HR
945,DEU_DEBE126,2025-12-08,9.38,10.15,91.17,0.27,4.1,212.61,1011.63,8426.55,4.88,9.332,4100.0,0.007,PM2.5-1HR
945,DEU_DEBE127,2025-12-08,8.66,10.15,91.17,0.27,4.1,212.61,1011.63,7640.61,5.01,9.514,4100.0,0.056,PM2.5-1HR
945,DEU_DEBE010,2025-12-09,7.33,10.9,96.63,0.21,2.93,209.48,1014.38,7325,3.19,6.966,4100.0,0.044,PM2.5-1HR
945,DEU_DEBE032,2025-12-09,4.81,10.69,97.29,0.22,2.97,208.76,1014.4,0,2.5,6.0,4100.0,0.861,PM2.5-1HR
945,DEU_DEBE034,2025-12-09,8.78,10.99,96.29,0.25,3.07,210.66,1014.45,8636.93,3.31,7.134,4100.0,0.331,PM2.5-1HR
945,DEU_DEBE051,2025-12-09,6.18,10.6,98.25,0.24,3.01,209.01,1014.25,465.56,2.78,6.392,4100.0,0.134,PM2.5-1HR
945,DEU_DEBE056,2025-12-09,6.14,10.47,98.38,0.25,2.91,210.75,1014.65,343.06,2.48,5.972,4100.0,0.106,PM2.5-1HR
945,DEU_DEBE061,2025-12-09,6.72,10.99,96.29,0.25,3.07,210.66,1014.45,8418.27,3.13,6.882,4100.0,0.009,PM2.5-1HR
945,DEU_DEBE065,2025-12-09,11.04,10.9,96.63,0.21,2.93,209.48,1014.38,8391.58,3.36,7.204,4100.0,0.004,PM2.5-1HR
945,DEU_DEBE068,2025-12-09,9.07,10.9,96.63,0.21,2.93,209.48,1014.38,6915.53,3.31,7.134,4100.0,0.072,PM2.5-1HR
945,DEU_DEBE069,2025-12-09,9.6,10.99,96.29,0.25,3.07,210.66,1014.45,8191.19,3.3,7.12,4100.0,0.012,PM2.5-1HR
945,DEU_DEBE125,2025-12-09,9.16,10.99,96.29,0.25,3.07,210.66,1014.45,6357.97,3.31,7.134,4100.0,0.01,PM2.5-1HR
945,DEU_DEBE126,2025-12-09,9.55,10.99,96.29,0.25,3.07,210.66,1014.45,8426.55,3.31,7.134,4100.0,0.007,PM2.5-1HR
945,DEU_DEBE127,2025-12-09,9.17,10.99,96.29,0.25,3.07,210.66,1014.45,7640.61,3.4,7.26,4100.0,0.056,PM2.5-1HR
945,DEU_DEBE010,2025-12-10,9.45,10.05,93.92,0.03,3.38,228.49,1016.37,7325,7.73,13.322,4100.0,0.044,PM2.5-1HR
945,DEU_DEBE032,2025-12-10,6.3,9.88,94.38,0.03,3.35,225.03,1016.45,0,5.93,10.802,4100.0,0.861,PM2.5-1HR
945,DEU_DEBE034,2025-12-10,10.2,10.01,94.04,0.03,3.43,227.44,1016.47,8636.93,7.96,13.644,4100.0,0.331,PM2.5-1HR
945,DEU_DEBE051,2025-12-10,7.19,10.01,94.46,0.02,3.68,225.56,1016.13,465.56,5.72,10.508,4100.0,0.134,PM2.5-1HR
945,DEU_DEBE056,2025-12-10,7.36,9.69,95.29,0.05,3.51,228.4,1016.61,343.06,5.92,10.788,4100.0,0.106,PM2.5-1HR
945,DEU_DEBE061,2025-12-10,8.4,10.01,94.04,0.03,3.43,227.44,1016.47,8418.27,7.55,13.07,4100.0,0.009,PM2.5-1HR
945,DEU_DEBE065,2025-12-10,12.38,10.05,93.92,0.03,3.38,228.49,1016.37,8391.58,7.97,13.658,4100.0,0.004,PM2.5-1HR
945,DEU_DEBE068,2025-12-10,9.85,10.05,93.92,0.03,3.38,228.49,1016.37,6915.53,7.96,13.644,4100.0,0.072,PM2.5-1HR
945,DEU_DEBE069,2025-12-10,11.26,10.01,94.04,0.03,3.43,227.44,1016.47,8191.19,7.87,13.518,4100.0,0.012,PM2.5-1HR
945,DEU_DEBE125,2025-12-10,10.4,10.01,94.04,0.03,3.43,227.44,1016.47,6357.97,7.96,13.644,4100.0,0.01,PM2.5-1HR
945,DEU_DEBE126,2025-12-10,10.25,10.01,94.04,0.03,3.43,227.44,1016.47,8426.55,7.96,13.644,4100.0,0.007,PM2.5-1HR
945,DEU_DEBE127,2025-12-10,10.52,10.01,94.04,0.03,3.43,227.44,1016.47,7640.61,7.99,13.686,4100.0,0.056,PM2.5-1HR
945,DEU_DEBE010,2025-12-11,10.88,8.48,89.25,0,3.8,248.09,1021.55,7325,10.23,16.822,4100.0,0.044,PM2.5-1HR
945,DEU_DEBE032,2025-12-11,8.19,8.37,89.25,0,3.64,247.08,1021.73,0,7.96,13.644,4100.0,0.861,PM2.5-1HR
945,DEU_DEBE034,2025-12-11,11.91,8.5,89.33,0,3.67,248.13,1021.68,8636.93,10.33,16.962,4100.0,0.331,PM2.5-1HR
945,DEU_DEBE051,2025-12-11,7.97,8.45,89.67,0,4.21,246.88,1021.26,465.56,6.96,12.244,4100.0,0.134,PM2.5-1HR
945,DEU_DEBE056,2025-12-11,9,8.31,91.33,0,3.69,246.19,1021.72,343.06,7.78,13.392,4100.0,0.106,PM2.5-1HR
945,DEU_DEBE061,2025-12-11,10.67,8.5,89.33,0,3.67,248.13,1021.68,8418.27,9.7,16.08,4100.0,0.009,PM2.5-1HR
945,DEU_DEBE065,2025-12-11,14.67,8.48,89.25,0,3.8,248.09,1021.55,8391.58,10.43,17.102,4100.0,0.004,PM2.5-1HR
945,DEU_DEBE068,2025-12-11,12.4,8.48,89.25,0,3.8,248.09,1021.55,6915.53,10.33,16.962,4100.0,0.072,PM2.5-1HR
945,DEU_DEBE069,2025-12-11,15.34,8.5,89.33,0,3.67,248.13,1021.68,8191.19,10.2,16.78,4100.0,0.012,PM2.5-1HR
945,DEU_DEBE125,2025-12-11,11.96,8.5,89.33,0,3.67,248.13,1021.68,6357.97,10.33,16.962,4100.0,0.01,PM2.5-1HR
945,DEU_DEBE126,2025-12-11,12.27,8.5,89.33,0,3.67,248.13,1021.68,8426.55,10.33,16.962,4100.0,0.007,PM2.5-1HR
945,DEU_DEBE127,2025-12-11,13.21,8.5,89.33,0,3.67,248.13,1021.68,7640.61,10.5,17.2,4100.0,0.056,PM2.5-1HR
945,DEU_DEBE010,2025-12-12,15.99,4.43,92.92,0,1.75,192.62,1024.04,7325,10.66,17.424,4100.0,0.044,PM2.5-1HR
945,DEU_DEBE032,2025-12-12,9.39,4.34,92.13,0,1.66,191.76,1024.05,0,8.2,13.98,4100.0,0.861,PM2.5-1HR
945,DEU_DEBE034,2025-12-12,16.05,4.46,92.75,0,1.67,193.83,1024.08,8636.93,10.99,17.886,4100.0,0.331,PM2.5-1HR
945,DEU_DEBE051,2025-12-12,11.56,4.09,93.71,0,1.93,200.44,1023.98,465.56,8.22,14.008,4100.0,0.134,PM2.5-1HR
945,DEU_DEBE056,2025-12-12,11.99,4.41,92.63,0,1.75,198.44,1024.13,343.06,8.82,14.848,4100.0,0.106,PM2.5-1HR
945,DEU_DEBE061,2025-12-12,15.41,4.46,92.75,0,1.67,193.83,1024.08,8418.27,10.27,16.878,4100.0,0.009,PM2.5-1HR
945,DEU_DEBE065,2025-12-12,19.95,4.43,92.92,0,1.75,192.62,1024.04,8391.58,10.92,17.788,4100.0,0.004,PM2.5-1HR
945,DEU_DEBE068,2025-12-12,16.9,4.43,92.92,0,1.75,192.62,1024.04,6915.53,10.99,17.886,4100.0,0.072,PM2.5-1HR
945,DEU_DEBE069,2025-12-12,18.92,4.46,92.75,0,1.67,193.83,1024.08,8191.19,10.85,17.69,4100.0,0.012,PM2.5-1HR
945,DEU_DEBE125,2025-12-12,18.17,4.46,92.75,0,1.67,193.83,1024.08,6357.97,10.99,17.886,4100.0,0.01,PM2.5-1HR
945,DEU_DEBE126,2025-12-12,17.84,4.46,92.75,0,1.67,193.83,1024.08,8426.55,10.99,17.886,4100.0,0.007,PM2.5-1HR
945,DEU_DEBE127,2025-12-12,19.55,4.46,92.75,0,1.67,193.83,1024.08,7640.61,11.13,18.082,4100.0,0.056,PM2.5-1HR
945,DEU_DEBE010,2025-12-13,15,5.65,97.42,0,2.63,226.49,1026.03,7325,13.93,22.002,4100.0,0.044,PM2.5-1HR
945,DEU_DEBE032,2025-12-13,11.85,5.61,96.92,0,2.57,225.67,1026.14,0,10.66,17.424,4100.0,0.861,PM2.5-1HR
945,DEU_DEBE034,2025-12-13,17.03,5.58,97.38,0,2.58,227.37,1026.12,8636.93,13.81,21.834,4100.0,0.331,PM2.5-1HR
945,DEU_DEBE051,2025-12-13,12.68,5.68,98.29,0,2.81,225.3,1025.83,465.56,10.27,16.878,4100.0,0.134,PM2.5-1HR
945,DEU_DEBE056,2025-12-13,12.6,5.56,97.96,0,2.73,226.51,1026.18,343.06,9.58,15.912,4100.0,0.106,PM2.5-1HR
945,DEU_DEBE061,2025-12-13,15.42,5.58,97.38,0,2.58,227.37,1026.12,8418.27,12.91,20.574,4100.0,0.009,PM2.5-1HR
945,DEU_DEBE065,2025-12-13,20.07,5.65,97.42,0,2.63,226.49,1026.03,8391.58,14.06,22.184,4100.0,0.004,PM2.5-1HR
945,DEU_DEBE068,2025-12-13,16.93,5.65,97.42,0,2.63,226.49,1026.03,6915.53,13.81,21.834,4100.0,0.072,PM2.5-1HR
945,DEU_DEBE069,2025-12-13,18.29,5.58,97.38,0,2.58,227.37,1026.12,8191.19,13.5,21.4,4100.0,0.012,PM2.5-1HR
945,DEU_DEBE125,2025-12-13,17.39,5.58,97.38,0,2.58,227.37,1026.12,6357.97,13.81,21.834,4100.0,0.01,PM2.5-1HR
945,DEU_DEBE126,2025-12-13,18,5.58,97.38,0,2.58,227.37,1026.12,8426.55,13.81,21.834,4100.0,0.007,PM2.5-1HR
945,DEU_DEBE127,2025-12-13,18.68,5.58,97.38,0,2.58,227.37,1026.12,7640.61,13.97,22.058,4100.0,0.056,PM2.5-1HR
945,DEU_DEBE010,2025-12-14,13.98,4.57,92.58,0,3.09,219.75,1025.51,7325,11.1,18.04,4100.0,0.044,PM2.5-1HR
945,DEU_DEBE032,2025-12-14,10.21,4.58,92.08,0,2.97,218.44,1025.55,0,8.34,14.176,4100.0,0.861,PM2.5-1HR
945,DEU_DEBE034,2025-12-14,14.7,4.63,92.13,0,3.04,220.28,1025.6,8636.93,10.83,17.662,4100.0,0.331,PM2.5-1HR
945,DEU_DEBE051,2025-12-14,11.21,4.38,93.04,0,3.4,219.67,1025.3,465.56,8.58,14.512,4100.0,0.134,PM2.5-1HR
945,DEU_DEBE056,2025-12-14,10.15,4.77,92.08,0,3.2,223.32,1025.72,343.06,4.96,9.444,4100.0,0.106,PM2.5-1HR
945,DEU_DEBE061,2025-12-14,13.84,4.63,92.13,0,3.04,220.28,1025.6,8418.27,10,16.5,4100.0,0.009,PM2.5-1HR
945,DEU_DEBE065,2025-12-14,17.4,4.57,92.58,0,3.09,219.75,1025.51,8391.58,11.06,17.984,4100.0,0.004,PM2.5-1HR
945,DEU_DEBE068,2025-12-14,14.47,4.57,92.58,0,3.09,219.75,1025.51,6915.53,10.83,17.662,4100.0,0.072,PM2.5-1HR
945,DEU_DEBE069,2025-12-14,15.02,4.63,92.13,0,3.04,220.28,1025.6,8191.19,10.4,17.06,4100.0,0.012,PM2.5-1HR
945,DEU_DEBE125,2025-12-14,14.91,4.63,92.13,0,3.04,220.28,1025.6,6357.97,10.83,17.662,4100.0,0.01,PM2.5-1HR
945,DEU_DEBE126,2025-12-14,14.94,4.63,92.13,0,3.04,220.28,1025.6,8426.55,10.83,17.662,4100.0,0.007,PM2.5-1HR
945,DEU_DEBE127,2025-12-14,14.88,4.63,92.13,0,3.04,220.28,1025.6,7640.61,10.82,17.648,4100.0,0.056,PM2.5-1HR
945,DEU_DEBE010,2025-12-15,10.61,4.23,91.71,0,3.22,186.63,1019.11,7325,8.04,13.756,4100.0,0.044,PM2.5-1HR
945,DEU_DEBE032,2025-12-15,6.75,4.27,91.5,0,3.15,183.36,1019.06,0,5.25,9.85,4100.0,0.861,PM2.5-1HR
945,DEU_DEBE034,2025-12-15,11.34,4.26,91.08,0,3.26,187.62,1019.18,8636.93,8.27,14.078,4100.0,0.331,PM2.5-1HR
945,DEU_DEBE051,2025-12-15,9.06,4.13,92.5,0,3.57,185.6,1018.94,465.56,5.56,10.284,4100.0,0.134,PM2.5-1HR
945,DEU_DEBE056,2025-12-15,8.05,4.14,90.46,0,3.31,187.08,1019.48,343.06,4.53,8.842,4100.0,0.106,PM2.5-1HR
945,DEU_DEBE061,2025-12-15,10.36,4.26,91.08,0,3.26,187.62,1019.18,8418.27,7.63,13.182,4100.0,0.009,PM2.5-1HR
945,DEU_DEBE065,2025-12-15,13.95,4.23,91.71,0,3.22,186.63,1019.11,8391.58,8.4,14.26,4100.0,0.004,PM2.5-1HR
945,DEU_DEBE068,2025-12-15,13.01,4.23,91.71,0,3.22,186.63,1019.11,6915.53,8.27,14.078,4100.0,0.072,PM2.5-1HR
945,DEU_DEBE069,2025-12-15,13.61,4.26,91.08,0,3.26,187.62,1019.18,8191.19,8.29,14.106,4100.0,0.012,PM2.5-1HR
945,DEU_DEBE125,2025-12-15,12.91,4.26,91.08,0,3.26,187.62,1019.18,6357.97,8.27,14.078,4100.0,0.01,PM2.5-1HR
945,DEU_DEBE126,2025-12-15,12.53,4.26,91.08,0,3.26,187.62,1019.18,8426.55,8.27,14.078,4100.0,0.007,PM2.5-1HR
945,DEU_DEBE127,2025-12-15,13.21,4.26,91.08,0,3.26,187.62,1019.18,7640.61,8.47,14.358,4100.0,0.056,PM2.5-1HR
945,DEU_DEBE010,2025-12-16,15.48,2.41,87.63,0,2.51,153.89,1018.05,7325,11.91,19.174,4100.0,0.044,PM2.5-1HR
945,DEU_DEBE032,2025-12-16,11.04,2.65,86.63,0,2.53,149.08,1017.91,0,9.14,15.296,4100.0,0.861,PM2.5-1HR
945,DEU_DEBE034,2025-12-16,15.96,2.44,86.92,0,2.44,153.18,1018.07,8636.93,11.98,19.272,4100.0,0.331,PM2.5-1HR
945,DEU_DEBE051,2025-12-16,12.87,2.52,86.63,0,2.91,159.96,1017.95,465.56,9.66,16.024,4100.0,0.134,PM2.5-1HR
945,DEU_DEBE056,2025-12-16,12.62,2.38,86.79,0,2.49,154.36,1018.32,343.06,9.11,15.254,4100.0,0.106,PM2.5-1HR
945,DEU_DEBE061,2025-12-16,15.32,2.44,86.92,0,2.44,153.18,1018.07,8418.27,11.27,18.278,4100.0,0.009,PM2.5-1HR
945,DEU_DEBE065,2025-12-16,19.56,2.41,87.63,0,2.51,153.89,1018.05,8391.58,12.17,19.538,4100.0,0.004,PM2.5-1HR
945,DEU_DEBE068,2025-12-16,17.19,2.41,87.63,0,2.51,153.89,1018.05,6915.53,11.98,19.272,4100.0,0.072,PM2.5-1HR
945,DEU_DEBE069,2025-12-16,17.83,2.44,86.92,0,2.44,153.18,1018.07,8191.19,11.83,19.062,4100.0,0.012,PM2.5-1HR
945,DEU_DEBE125,2025-12-16,18.4,2.44,86.92,0,2.44,153.18,1018.07,6357.97,11.98,19.272,4100.0,0.01,PM2.5-1HR
945,DEU_DEBE126,2025-12-16,18.18,2.44,86.92,0,2.44,153.18,1018.07,8426.55,11.98,19.272,4100.0,0.007,PM2.5-1HR
945,DEU_DEBE127,2025-12-16,21.41,2.44,86.92,0,2.44,153.18,1018.07,7640.61,12.14,19.496,4100.0,0.056,PM2.5-1HR
945,DEU_DEBE010,2025-12-17,18.42,0.79,90.29,0,2.38,189.07,1018,7325,17.99,27.686,4100.0,0.044,PM2.5-1HR
945,DEU_DEBE032,2025-12-17,13.7,0.97,90.17,0,2.2,187.41,1017.98,0,14.55,22.87,4100.0,0.861,PM2.5-1HR
945,DEU_DEBE034,2025-12-17,21.03,0.82,89.63,0,2.31,187.83,1018.04,8636.93,18.12,27.868,4100.0,0.331,PM2.5-1HR
945,DEU_DEBE051,2025-12-17,16.37,0.5,91.29,0,2.6,188.78,1017.91,465.56,14.58,22.912,4100.0,0.134,PM2.5-1HR
945,DEU_DEBE056,2025-12-17,15.11,0.58,91.67,0,2.39,191.76,1018.2,343.06,13.56,21.484,4100.0,0.106,PM2.5-1HR
945,DEU_DEBE061,2025-12-17,18.56,0.82,89.63,0,2.31,187.83,1018.04,8418.27,17.24,26.636,4100.0,0.009,PM2.5-1HR
945,DEU_DEBE065,2025-12-17,24.11,0.79,90.29,0,2.38,189.07,1018,8391.58,18.17,27.938,4100.0,0.004,PM2.5-1HR
945,DEU_DEBE068,2025-12-17,20.77,0.79,90.29,0,2.38,189.07,1018,6915.53,18.12,27.868,4100.0,0.072,PM2.5-1HR
945,DEU_DEBE069,2025-12-17,21.52,0.82,89.63,0,2.31,187.83,1018.04,8191.19,18.13,27.882,4100.0,0.012,PM2.5-1HR
945,DEU_DEBE125,2025-12-17,20.87,0.82,89.63,0,2.31,187.83,1018.04,6357.97,18.12,27.868,4100.0,0.01,PM2.5-1HR
945,DEU_DEBE126,2025-12-17,20.28,0.82,89.63,0,2.31,187.83,1018.04,8426.55,18.12,27.868,4100.0,0.007,PM2.5-1HR
945,DEU_DEBE127,2025-12-17,21.48,0.82,89.63,0,2.31,187.83,1018.04,7640.61,18.31,28.134,4100.0,0.056,PM2.5-1HR
945,DEU_DEBE010,2025-12-18,13.6,5.24,92.08,0,3.53,189.25,1021.09,7325,12.04,19.356,4100.0,0.044,PM2.5-1HR
945,DEU_DEBE032,2025-12-18,9.56,5.24,91.88,0,3.59,187.96,1021.01,0,8.42,14.288,4100.0,0.861,PM2.5-1HR
945,DEU_DEBE034,2025-12-18,14.15,5.25,91.63,0,3.61,190.43,1021.16,8636.93,12.15,19.51,4100.0,0.331,PM2.5-1HR
945,DEU_DEBE051,2025-12-18,11.2,4.97,93.79,0,3.81,186.65,1020.92,465.56,8.46,14.344,4100.0,0.134,PM2.5-1HR
945,DEU_DEBE056,2025-12-18,10.39,4.82,93.25,0,3.47,188.6,1021.52,343.06,6.39,11.446,4100.0,0.106,PM2.5-1HR
945,DEU_DEBE061,2025-12-18,13.18,5.25,91.63,0,3.61,190.43,1021.16,8418.27,11.28,18.292,4100.0,0.009,PM2.5-1HR
945,DEU_DEBE065,2025-12-18,18.24,5.24,92.08,0,3.53,189.25,1021.09,8391.58,12.19,19.566,4100.0,0.004,PM2.5-1HR
945,DEU_DEBE068,2025-12-18,17.04,5.24,92.08,0,3.53,189.25,1021.09,6915.53,12.15,19.51,4100.0,0.072,PM2.5-1HR
945,DEU_DEBE069,2025-12-18,15.82,5.25,91.63,0,3.61,190.43,1021.16,8191.19,11.99,19.286,4100.0,0.012,PM2.5-1HR
945,DEU_DEBE125,2025-12-18,15.29,5.25,91.63,0,3.61,190.43,1021.16,6357.97,12.15,19.51,4100.0,0.01,PM2.5-1HR
945,DEU_DEBE126,2025-12-18,15.52,5.25,91.63,0,3.61,190.43,1021.16,8426.55,12.15,19.51,4100.0,0.007,PM2.5-1HR
945,DEU_DEBE127,2025-12-18,14.47,5.25,91.63,0,3.61,190.43,1021.16,7640.61,12.3,19.72,4100.0,0.056,PM2.5-1HR
945,DEU_DEBE010,2025-12-19,9.86,6.83,83.54,0.02,3.45,195.84,1019.09,7325,8.75,14.75,4100.0,0.044,PM2.5-1HR
945,DEU_DEBE032,2025-12-19,6.22,7.16,81.75,0.02,3.58,197.65,1018.99,0,5.93,10.802,4100.0,0.861,PM2.5-1HR
945,DEU_DEBE034,2025-12-19,11.37,6.91,82.75,0.02,3.55,197.26,1019.17,8636.93,8.69,14.666,4100.0,0.331,PM2.5-1HR
945,DEU_DEBE051,2025-12-19,7.85,6.73,84.04,0.01,3.98,192.61,1018.88,465.56,6.24,11.236,4100.0,0.134,PM2.5-1HR
945,DEU_DEBE056,2025-12-19,7.89,6.34,83,0.02,3.61,193.75,1019.54,343.06,6.46,11.544,4100.0,0.106,PM2.5-1HR
945,DEU_DEBE061,2025-12-19,8.84,6.91,82.75,0.02,3.55,197.26,1019.17,8418.27,8.06,13.784,4100.0,0.009,PM2.5-1HR
945,DEU_DEBE065,2025-12-19,14.55,6.83,83.54,0.02,3.45,195.84,1019.09,8391.58,8.88,14.932,4100.0,0.004,PM2.5-1HR
945,DEU_DEBE068,2025-12-19,13.82,6.83,83.54,0.02,3.45,195.84,1019.09,6915.53,8.69,14.666,4100.0,0.072,PM2.5-1HR
945,DEU_DEBE069,2025-12-19,11.91,6.91,82.75,0.02,3.55,197.26,1019.17,8191.19,8.51,14.414,4100.0,0.012,PM2.5-1HR
945,DEU_DEBE125,2025-12-19,12.03,6.91,82.75,0.02,3.55,197.26,1019.17,6357.97,8.69,14.666,4100.0,0.01,PM2.5-1HR
945,DEU_DEBE126,2025-12-19,11.72,6.91,82.75,0.02,3.55,197.26,1019.17,8426.55,8.69,14.666,4100.0,0.007,PM2.5-1HR
945,DEU_DEBE127,2025-12-19,10.83,6.91,82.75,0.02,3.55,197.26,1019.17,7640.61,8.75,14.75,4100.0,0.056,PM2.5-1HR
945,DEU_DEBE010,2025-12-20,14.4,6.13,96.54,0.01,1.44,333.55,1019.97,7325,11.44,18.516,4100.0,0.044,PM2.5-1HR
945,DEU_DEBE032,2025-12-20,9.16,6.01,97.46,0.01,1.36,341.34,1019.93,0,7.92,13.588,4100.0,0.861,PM2.5-1HR
945,DEU_DEBE034,2025-12-20,16.04,6.39,96.5,0.01,1.49,189.93,1019.96,8636.93,11.6,18.74,4100.0,0.331,PM2.5-1HR
945,DEU_DEBE051,2025-12-20,9.7,5.57,98.25,0.01,1.49,291.44,1019.99,465.56,7.52,13.028,4100.0,0.134,PM2.5-1HR
945,DEU_DEBE056,2025-12-20,11.66,6.49,97.13,0.02,1.42,133.09,1020,343.06,8.74,14.736,4100.0,0.106,PM2.5-1HR
945,DEU_DEBE061,2025-12-20,14.34,6.39,96.5,0.01,1.49,189.93,1019.96,8418.27,10.7,17.48,4100.0,0.009,PM2.5-1HR
945,DEU_DEBE065,2025-12-20,17.9,6.13,96.54,0.01,1.44,333.55,1019.97,8391.58,11.68,18.852,4100.0,0.004,PM2.5-1HR
945,DEU_DEBE068,2025-12-20,15.83,6.13,96.54,0.01,1.44,333.55,1019.97,6915.53,11.6,18.74,4100.0,0.072,PM2.5-1HR
945,DEU_DEBE069,2025-12-20,16.9,6.39,96.5,0.01,1.49,189.93,1019.96,8191.19,11.52,18.628,4100.0,0.012,PM2.5-1HR
945,DEU_DEBE125,2025-12-20,16.66,6.39,96.5,0.01,1.49,189.93,1019.96,6357.97,11.6,18.74,4100.0,0.01,PM2.5-1HR
945,DEU_DEBE126,2025-12-20,17.74,6.39,96.5,0.01,1.49,189.93,1019.96,8426.55,11.6,18.74,4100.0,0.007,PM2.5-1HR
945,DEU_DEBE127,2025-12-20,18.09,6.39,96.5,0.01,1.49,189.93,1019.96,7640.61,11.78,18.992,4100.0,0.056,PM2.5-1HR
945,DEU_DEBE010,2025-12-21,18.42,6.08,96.46,0,3.45,91.33,1019.07,7325,15.51,24.214,4100.0,0.044,PM2.5-1HR
945,DEU_DEBE032,2025-12-21,15.04,6.35,95.71,0,3.46,91.59,1018.82,0,12.84,20.476,4100.0,0.861,PM2.5-1HR
945,DEU_DEBE034,2025-12-21,19.23,6.3,96.08,0,3.41,90.51,1018.97,8636.93,15.7,24.48,4100.0,0.331,PM2.5-1HR
945,DEU_DEBE051,2025-12-21,13.81,5.53,96,0,3.56,87.33,1019.33,465.56,10.4,17.06,4100.0,0.134,PM2.5-1HR
945,DEU_DEBE056,2025-12-21,15.8,6.39,94.58,0,3.38,92.83,1019.13,343.06,12.14,19.496,4100.0,0.106,PM2.5-1HR
945,DEU_DEBE061,2025-12-21,18.51,6.3,96.08,0,3.41,90.51,1018.97,8418.27,15.05,23.57,4100.0,0.009,PM2.5-1HR
945,DEU_DEBE065,2025-12-21,21.95,6.08,96.46,0,3.45,91.33,1019.07,8391.58,15.79,24.606,4100.0,0.004,PM2.5-1HR
945,DEU_DEBE068,2025-12-21,21.08,6.08,96.46,0,3.45,91.33,1019.07,6915.53,15.7,24.48,4100.0,0.072,PM2.5-1HR
945,DEU_DEBE069,2025-12-21,19.97,6.3,96.08,0,3.41,90.51,1018.97,8191.19,15.72,24.508,4100.0,0.012,PM2.5-1HR
945,DEU_DEBE125,2025-12-21,20.22,6.3,96.08,0,3.41,90.51,1018.97,6357.97,15.7,24.48,4100.0,0.01,PM2.5-1HR
945,DEU_DEBE126,2025-12-21,20.68,6.3,96.08,0,3.41,90.51,1018.97,8426.55,15.7,24.48,4100.0,0.007,PM2.5-1HR
945,DEU_DEBE127,2025-12-21,20.59,6.3,96.08,0,3.41,90.51,1018.97,7640.61,15.9,24.76,4100.0,0.056,PM2.5-1HR
945,DEU_DEBE010,2025-12-22,18.67,3.02,89.21,0,3.57,80.16,1019.42,7325,16.17,25.138,4100.0,0.044,PM2.5-1HR
945,DEU_DEBE032,2025-12-22,15.24,3.52,88.88,0,3.66,81.55,1019.11,0,13.89,21.946,4100.0,0.861,PM2.5-1HR
945,DEU_DEBE034,2025-12-22,19.32,3.32,88.92,0,3.57,79.96,1019.26,8636.93,16.41,25.474,4100.0,0.331,PM2.5-1HR
945,DEU_DEBE051,2025-12-22,16.36,2.76,86.21,0,3.85,83.12,1019.72,465.56,12.13,19.482,4100.0,0.134,PM2.5-1HR
945,DEU_DEBE056,2025-12-22,16.6,3.53,87.08,0,3.76,80.14,1019.37,343.06,13.84,21.876,4100.0,0.106,PM2.5-1HR
945,DEU_DEBE061,2025-12-22,18.76,3.32,88.92,0,3.57,79.96,1019.26,8418.27,15.86,24.704,4100.0,0.009,PM2.5-1HR
945,DEU_DEBE065,2025-12-22,21.91,3.02,89.21,0,3.57,80.16,1019.42,8391.58,16.51,25.614,4100.0,0.004,PM2.5-1HR
945,DEU_DEBE068,2025-12-22,20.17,3.02,89.21,0,3.57,80.16,1019.42,6915.53,16.41,25.474,4100.0,0.072,PM2.5-1HR
945,DEU_DEBE069,2025-12-22,20.43,3.32,88.92,0,3.57,79.96,1019.26,8191.19,16.51,25.614,4100.0,0.012,PM2.5-1HR
945,DEU_DEBE125,2025-12-22,20.42,3.32,88.92,0,3.57,79.96,1019.26,6357.97,16.41,25.474,4100.0,0.01,PM2.5-1HR
945,DEU_DEBE126,2025-12-22,21,3.32,88.92,0,3.57,79.96,1019.26,8426.55,16.41,25.474,4100.0,0.007,PM2.5-1HR
945,DEU_DEBE127,2025-12-22,21.69,3.32,88.92,0,3.57,79.96,1019.26,7640.61,16.63,25.782,4100.0,0.056,PM2.5-1HR
945,DEU_DEBE010,2025-12-23,15.86,1.78,80.46,0,3.99,65.23,1025,7325,5.9,10.76,4100.0,0.044,PM2.5-1HR
945,DEU_DEBE032,2025-12-23,12.84,1.98,80.5,0,3.95,64.23,1024.77,0,4.48,8.772,4100.0,0.861,PM2.5-1HR
945,DEU_DEBE034,2025-12-23,15.9,1.87,80.42,0,3.93,64.15,1024.83,8636.93,6.1,11.04,4100.0,0.331,PM2.5-1HR
945,DEU_DEBE051,2025-12-23,13.34,1.75,78.42,0,4.33,66.59,1025.28,465.56,4.2,8.38,4100.0,0.134,PM2.5-1HR
945,DEU_DEBE056,2025-12-23,13.45,2.16,78.75,0,4.25,64.47,1024.76,343.06,3.76,7.764,4100.0,0.106,PM2.5-1HR
945,DEU_DEBE061,2025-12-23,16.14,1.87,80.42,0,3.93,64.15,1024.83,8418.27,5.83,10.662,4100.0,0.009,PM2.5-1HR
945,DEU_DEBE065,2025-12-23,18.03,1.78,80.46,0,3.99,65.23,1025,8391.58,6.17,11.138,4100.0,0.004,PM2.5-1HR
945,DEU_DEBE068,2025-12-23,16.49,1.78,80.46,0,3.99,65.23,1025,6915.53,6.1,11.04,4100.0,0.072,PM2.5-1HR
945,DEU_DEBE069,2025-12-23,17.49,1.87,80.42,0,3.93,64.15,1024.83,8191.19,6.06,10.984,4100.0,0.012,PM2.5-1HR
945,DEU_DEBE125,2025-12-23,17.64,1.87,80.42,0,3.93,64.15,1024.83,6357.97,6.1,11.04,4100.0,0.01,PM2.5-1HR
945,DEU_DEBE126,2025-12-23,17.95,1.87,80.42,0,3.93,64.15,1024.83,8426.55,6.1,11.04,4100.0,0.007,PM2.5-1HR
945,DEU_DEBE127,2025-12-23,18.64,1.87,80.42,0,3.93,64.15,1024.83,7640.61,6.07,10.998,4100.0,0.056,PM2.5-1HR
945,DEU_DEBE010,2025-12-24,9.5,-2.92,79.92,0,3.87,58.57,1035.24,7325,7.33,12.762,4100.0,0.044,PM2.5-1HR
945,DEU_DEBE032,2025-12-24,7.33,-2.62,81.17,0,3.92,58.86,1035.03,0,6.13,11.082,4100.0,0.861,PM2.5-1HR
945,DEU_DEBE034,2025-12-24,9.46,-2.81,79.71,0,3.88,58.36,1035.08,8636.93,7.45,12.93,4100.0,0.331,PM2.5-1HR
945,DEU_DEBE051,2025-12-24,7.95,-3.1,78.67,0,4.08,60.37,1035.48,465.56,6.45,11.53,4100.0,0.134,PM2.5-1HR
945,DEU_DEBE056,2025-12-24,8.34,-2.86,81.08,0,4.15,59.26,1035.05,343.06,6.11,11.054,4100.0,0.106,PM2.5-1HR
945,DEU_DEBE061,2025-12-24,9.84,-2.81,79.71,0,3.88,58.36,1035.08,8418.27,7.11,12.454,4100.0,0.009,PM2.5-1HR
945,DEU_DEBE065,2025-12-24,11.25,-2.92,79.92,0,3.87,58.57,1035.24,8391.58,7.47,12.958,4100.0,0.004,PM2.5-1HR
945,DEU_DEBE068,2025-12-24,9.5,-2.92,79.92,0,3.87,58.57,1035.24,6915.53,7.45,12.93,4100.0,0.072,PM2.5-1HR
945,DEU_DEBE069,2025-12-24,10.89,-2.81,79.71,0,3.88,58.36,1035.08,8191.19,7.39,12.846,4100.0,0.012,PM2.5-1HR
945,DEU_DEBE125,2025-12-24,10.34,-2.81,79.71,0,3.88,58.36,1035.08,6357.97,7.45,12.93,4100.0,0.01,PM2.5-1HR
945,DEU_DEBE126,2025-12-24,11.32,-2.81,79.71,0,3.88,58.36,1035.08,8426.55,7.45,12.93,4100.0,0.007,PM2.5-1HR
945,DEU_DEBE127,2025-12-24,11.2,-2.81,79.71,0,3.88,58.36,1035.08,7640.61,7.52,13.028,4100.0,0.056,PM2.5-1HR
945,DEU_DEBE010,2025-12-25,22.95,-6.6,75,0,3.49,81,1039.1,7325,20.94,31.816,4100.0,0.044,PM2.5-1HR
945,DEU_DEBE032,2025-12-25,19.59,-6.2,77,0,3.78,82,1038.9,0,17.92,27.588,4100.0,0.861,PM2.5-1HR
945,DEU_DEBE034,2025-12-25,24.67,-6.4,74,0,3.65,81,1039,8636.93,21.03,31.942,4100.0,0.331,PM2.5-1HR
945,DEU_DEBE051,2025-12-25,20.19,-6.8,77,0,3.53,83,1039.3,465.56,16.46,25.544,4100.0,0.134,PM2.5-1HR
945,DEU_DEBE056,2025-12-25,21.98,-6.5,79,0,3.64,77,1039,343.06,17.47,26.958,4100.0,0.106,PM2.5-1HR
945,DEU_DEBE061,2025-12-25,25.37,-6.4,74,0,3.65,81,1039,8418.27,20.23,30.822,4100.0,0.009,PM2.5-1HR
945,DEU_DEBE065,2025-12-25,27.08,-6.6,75,0,3.49,81,1039.1,8391.58,21.11,32.054,4100.0,0.004,PM2.5-1HR
945,DEU_DEBE068,2025-12-25,25.23,-6.6,75,0,3.49,81,1039.1,6915.53,21.03,31.942,4100.0,0.072,PM2.5-1HR
945,DEU_DEBE069,2025-12-25,27.67,-6.4,74,0,3.65,81,1039,8191.19,21.12,32.068,4100.0,0.012,PM2.5-1HR
945,DEU_DEBE125,2025-12-25,26.57,-6.4,74,0,3.65,81,1039,6357.97,21.03,31.942,4100.0,0.01,PM2.5-1HR
945,DEU_DEBE126,2025-12-25,27.39,-6.4,74,0,3.65,81,1039,8426.55,21.03,31.942,4100.0,0.007,PM2.5-1HR
945,DEU_DEBE127,2025-12-25,27.55,-6.4,74,0,3.65,81,1039,7640.61,21.33,32.362,4100.0,0.056,PM2.5-1HR
945,DEU_DEBE010,2025-12-27,11.63,0.4,94.04,0,3.4,270.64,1029.57,7325,6.4,11.46,4100.0,0.044,PM2.5-1HR
945,DEU_DEBE032,2025-12-27,9.13,0.37,93.96,0,3.38,271.67,1029.87,0,4.84,9.276,4100.0,0.861,PM2.5-1HR
945,DEU_DEBE034,2025-12-27,12.57,0.42,93.57,0,3.32,272.1,1029.7,8636.93,6.47,11.558,4100.0,0.331,PM2.5-1HR
945,DEU_DEBE051,2025-12-27,10.07,0.48,96.7,0,3.78,275.85,1029.33,465.56,4.91,9.374,4100.0,0.134,PM2.5-1HR
945,DEU_DEBE056,2025-12-27,11.67,0.3,94.13,0,3.52,268.85,1029.53,343.06,4.43,8.702,4100.0,0.106,PM2.5-1HR
945,DEU_DEBE061,2025-12-27,11.57,0.42,93.57,0,3.32,272.1,1029.7,8418.27,6.11,11.054,4100.0,0.009,PM2.5-1HR
945,DEU_DEBE065,2025-12-27,14.82,0.4,94.04,0,3.4,270.64,1029.57,8391.58,6.62,11.768,4100.0,0.004,PM2.5-1HR
945,DEU_DEBE068,2025-12-27,11.95,0.4,94.04,0,3.4,270.64,1029.57,6915.53,6.47,11.558,4100.0,0.072,PM2.5-1HR
945,DEU_DEBE069,2025-12-27,13.47,0.42,93.57,0,3.32,272.1,1029.7,8191.19,6.34,11.376,4100.0,0.012,PM2.5-1HR
945,DEU_DEBE125,2025-12-27,12.91,0.42,93.57,0,3.32,272.1,1029.7,6357.97,6.47,11.558,4100.0,0.01,PM2.5-1HR
945,DEU_DEBE126,2025-12-27,13.47,0.42,93.57,0,3.32,272.1,1029.7,8426.55,6.47,11.558,4100.0,0.007,PM2.5-1HR
945,DEU_DEBE127,2025-12-27,13.13,0.42,93.57,0,3.32,272.1,1029.7,7640.61,6.51,11.614,4100.0,0.056,PM2.5-1HR
945,DEU_DEBE127,2025-12-28,10.45,-0.63,92.42,0,3.18,286.5,1028.75,7640.61,6.03,10.942,4100.0,0.056,PM2.5-1HR
945,DEU_DEBE010,2025-12-28,7.31,-0.7,92.67,0,3.19,286.41,1028.64,7325,5.88,10.732,4100.0,0.044,PM2.5-1HR
945,DEU_DEBE032,2025-12-28,5.68,-0.72,93,0,3.2,287.47,1028.9,0,4.73,9.122,4100.0,0.861,PM2.5-1HR
945,DEU_DEBE034,2025-12-28,9.42,-0.63,92.42,0,3.18,286.5,1028.75,8636.93,5.93,10.802,4100.0,0.331,PM2.5-1HR
945,DEU_DEBE051,2025-12-28,5.38,-0.74,92.42,0,3.42,290.55,1028.44,465.56,3.29,7.106,4100.0,0.134,PM2.5-1HR
945,DEU_DEBE056,2025-12-28,6.74,-0.7,92.54,0,3.36,285.26,1028.49,343.06,4.04,8.156,4100.0,0.106,PM2.5-1HR
945,DEU_DEBE061,2025-12-28,8.41,-0.63,92.42,0,3.18,286.5,1028.75,8418.27,5.55,10.27,4100.0,0.009,PM2.5-1HR
945,DEU_DEBE065,2025-12-28,10.65,-0.7,92.67,0,3.19,286.41,1028.64,8391.58,5.93,10.802,4100.0,0.004,PM2.5-1HR
945,DEU_DEBE068,2025-12-28,7.72,-0.7,92.67,0,3.19,286.41,1028.64,6915.53,5.93,10.802,4100.0,0.072,PM2.5-1HR
945,DEU_DEBE069,2025-12-28,9.33,-0.63,92.42,0,3.18,286.5,1028.75,8191.19,5.84,10.676,4100.0,0.012,PM2.5-1HR
945,DEU_DEBE125,2025-12-28,8.5,-0.63,92.42,0,3.18,286.5,1028.75,6357.97,5.93,10.802,4100.0,0.01,PM2.5-1HR
945,DEU_DEBE126,2025-12-28,8.69,-0.63,92.42,0,3.18,286.5,1028.75,8426.55,5.93,10.802,4100.0,0.007,PM2.5-1HR
945,DEU_DEBE127,2025-12-29,10.1,1.89,94.33,0.03,4.38,290.84,1018.33,7640.61,5.07,9.598,4100.0,0.056,PM2.5-1HR
945,DEU_DEBE010,2025-12-29,8.55,1.83,94.71,0.04,4.47,290.84,1018.23,7325,4.97,9.458,4100.0,0.044,PM2.5-1HR
945,DEU_DEBE032,2025-12-29,6.45,1.88,95.25,0.04,4.5,290.89,1018.52,0,3.18,6.952,4100.0,0.861,PM2.5-1HR
945,DEU_DEBE034,2025-12-29,9.77,1.89,94.33,0.03,4.38,290.84,1018.33,8636.93,5,9.5,4100.0,0.331,PM2.5-1HR
945,DEU_DEBE051,2025-12-29,6,1.76,94.75,0.02,4.59,294.81,1017.98,465.56,2.53,6.042,4100.0,0.134,PM2.5-1HR
945,DEU_DEBE056,2025-12-29,7.82,1.73,94.92,0.05,4.45,287.45,1018.12,343.06,3.55,7.47,4100.0,0.106,PM2.5-1HR
945,DEU_DEBE061,2025-12-29,8.39,1.89,94.33,0.03,4.38,290.84,1018.33,8418.27,4.82,9.248,4100.0,0.009,PM2.5-1HR
945,DEU_DEBE065,2025-12-29,12.22,1.83,94.71,0.04,4.47,290.84,1018.23,8391.58,5.27,9.878,4100.0,0.004,PM2.5-1HR
945,DEU_DEBE068,2025-12-29,9.53,1.83,94.71,0.04,4.47,290.84,1018.23,6915.53,5,9.5,4100.0,0.072,PM2.5-1HR
945,DEU_DEBE069,2025-12-29,10.84,1.89,94.33,0.03,4.38,290.84,1018.33,8191.19,5.12,9.668,4100.0,0.012,PM2.5-1HR
945,DEU_DEBE125,2025-12-29,10.6,1.89,94.33,0.03,4.38,290.84,1018.33,6357.97,5,9.5,4100.0,0.01,PM2.5-1HR
945,DEU_DEBE126,2025-12-29,11.27,1.89,94.33,0.03,4.38,290.84,1018.33,8426.55,5,9.5,4100.0,0.007,PM2.5-1HR
945,DEU_DEBE127,2025-12-30,5.59,-0.32,72.58,0.11,4.24,309.63,1021.47,7640.61,3.5,7.4,4100.0,0.056,PM2.5-1HR
945,DEU_DEBE010,2025-12-30,3.74,-0.38,72.96,0.03,4.4,309.91,1021.36,7325,3.32,7.148,4100.0,0.044,PM2.5-1HR
945,DEU_DEBE032,2025-12-30,2.94,-0.51,74.96,0.1,4.34,309.35,1021.73,0,2.54,6.056,4100.0,0.861,PM2.5-1HR
945,DEU_DEBE034,2025-12-30,4.99,-0.32,72.58,0.11,4.24,309.63,1021.47,8636.93,3.43,7.302,4100.0,0.331,PM2.5-1HR
945,DEU_DEBE051,2025-12-30,2.78,-0.51,71.08,0.01,4.74,311.78,1021.15,465.56,2.13,5.482,4100.0,0.134,PM2.5-1HR
945,DEU_DEBE056,2025-12-30,3.7,-0.33,72.33,0.01,4.46,309.38,1021.05,343.06,2.63,6.182,4100.0,0.106,PM2.5-1HR
945,DEU_DEBE061,2025-12-30,3.82,-0.32,72.58,0.11,4.24,309.63,1021.47,8418.27,3.21,6.994,4100.0,0.009,PM2.5-1HR
945,DEU_DEBE065,2025-12-30,6.47,-0.38,72.96,0.03,4.4,309.91,1021.36,8391.58,3.49,7.386,4100.0,0.004,PM2.5-1HR
945,DEU_DEBE068,2025-12-30,4.24,-0.38,72.96,0.03,4.4,309.91,1021.36,6915.53,3.43,7.302,4100.0,0.072,PM2.5-1HR
945,DEU_DEBE069,2025-12-30,5.13,-0.32,72.58,0.11,4.24,309.63,1021.47,8191.19,3.39,7.246,4100.0,0.012,PM2.5-1HR
945,DEU_DEBE125,2025-12-30,5.38,-0.32,72.58,0.11,4.24,309.63,1021.47,6357.97,3.43,7.302,4100.0,0.01,PM2.5-1HR
945,DEU_DEBE126,2025-12-30,5.75,-0.32,72.58,0.11,4.24,309.63,1021.47,8426.55,3.43,7.302,4100.0,0.007,PM2.5-1HR
945,DEU_DEBE127,2025-12-31,20.46,0.19,88.54,0.1,3.95,271.92,1015.34,7640.61,4.62,8.968,4100.0,0.056,PM2.5-1HR
945,DEU_DEBE010,2025-12-31,9.43,0.04,89.04,0.1,3.94,271.84,1015.19,7325,4.42,8.688,4100.0,0.044,PM2.5-1HR
945,DEU_DEBE032,2025-12-31,4.56,0.2,89.79,0.09,4.07,271.23,1015.46,0,3.32,7.148,4100.0,0.861,PM2.5-1HR
945,DEU_DEBE034,2025-12-31,16.65,0.19,88.54,0.1,3.95,271.92,1015.34,8636.93,4.56,8.884,4100.0,0.331,PM2.5-1HR
945,DEU_DEBE051,2025-12-31,5.9,-0.23,90.75,0.09,3.84,272.68,1014.91,465.56,3.22,7.008,4100.0,0.134,PM2.5-1HR
945,DEU_DEBE056,2025-12-31,12.51,-0.09,89.79,0.12,3.92,270.55,1015.23,343.06,3.73,7.722,4100.0,0.106,PM2.5-1HR
945,DEU_DEBE061,2025-12-31,11.27,0.19,88.54,0.1,3.95,271.92,1015.34,8418.27,4.28,8.492,4100.0,0.009,PM2.5-1HR
945,DEU_DEBE065,2025-12-31,24.89,0.04,89.04,0.1,3.94,271.84,1015.19,8391.58,4.6,8.94,4100.0,0.004,PM2.5-1HR
945,DEU_DEBE068,2025-12-31,12.35,0.04,89.04,0.1,3.94,271.84,1015.19,6915.53,4.56,8.884,4100.0,0.072,PM2.5-1HR
945,DEU_DEBE069,2025-12-31,20.99,0.19,88.54,0.1,3.95,271.92,1015.34,8191.19,4.52,8.828,4100.0,0.012,PM2.5-1HR
945,DEU_DEBE125,2025-12-31,11.85,0.19,88.54,0.1,3.95,271.92,1015.34,6357.97,4.56,8.884,4100.0,0.01,PM2.5-1HR
945,DEU_DEBE126,2025-12-31,16.03,0.19,88.54,0.1,3.95,271.92,1015.34,8426.55,4.56,8.884,4100.0,0.007,PM2.5-1HR
945,DEU_DEBE010,2026-01-01,11.08,2.26,84.67,0.08,6.11,242.43,998.8,7313.31,4.89,9.346,4100.0,0.044,PM2.5-1HR
945,DEU_DEBE032,2026-01-01,6.99,2.44,83.08,0.08,6.22,242.31,999.1,0,3.63,7.582,4100.0,0.861,PM2.5-1HR
945,DEU_DEBE034,2026-01-01,16.63,2.42,83.33,0.1,6.01,241.6,999.07,8623.29,4.95,9.43,4100.0,0.331,PM2.5-1HR
945,DEU_DEBE051,2026-01-01,8.57,2.2,85.08,0.15,6.66,240.15,998.25,464.73,3.67,7.638,4100.0,0.134,PM2.5-1HR
945,DEU_DEBE056,2026-01-01,13.57,2.37,84,0.08,6.14,240.16,999.28,342.53,3.03,6.742,4100.0,0.106,PM2.5-1HR
945,DEU_DEBE061,2026-01-01,12.48,2.42,83.33,0.1,6.01,241.6,999.07,8404.48,4.62,8.968,4100.0,0.009,PM2.5-1HR
945,DEU_DEBE065,2026-01-01,34.87,2.26,84.67,0.08,6.11,242.43,998.8,8378.06,5.09,9.626,4100.0,0.004,PM2.5-1HR
945,DEU_DEBE068,2026-01-01,17.06,2.26,84.67,0.08,6.11,242.43,998.8,6904.92,4.95,9.43,4100.0,0.072,PM2.5-1HR
945,DEU_DEBE069,2026-01-01,24.97,2.42,83.33,0.1,6.01,241.6,999.07,8178.6,4.83,9.262,4100.0,0.012,PM2.5-1HR
945,DEU_DEBE125,2026-01-01,15.21,2.42,83.33,0.1,6.01,241.6,999.07,6347.59,4.95,9.43,4100.0,0.01,PM2.5-1HR
945,DEU_DEBE126,2026-01-01,13.87,2.42,83.33,0.1,6.01,241.6,999.07,8412.9,4.95,9.43,4100.0,0.007,PM2.5-1HR
945,DEU_DEBE127,2026-01-01,22.6,2.42,83.33,0.1,6.01,241.6,999.07,7628.59,5.03,9.542,4100.0,0.056,PM2.5-1HR
945,DEU_DEBE010,2026-01-02,3.22,1.19,80.46,0.25,5.95,245.94,989.04,7313.31,2.71,6.294,4100.0,0.044,PM2.5-1HR
945,DEU_DEBE032,2026-01-02,2.81,1.33,79.92,0.26,5.99,247.38,989.35,0,2.02,5.328,4100.0,0.861,PM2.5-1HR
945,DEU_DEBE034,2026-01-02,4.37,1.28,79.88,0.22,5.71,246.55,989.32,8623.29,2.85,6.49,4100.0,0.331,PM2.5-1HR
945,DEU_DEBE051,2026-01-02,3,1.2,80.29,0.12,6.6,244.69,988.47,464.73,1.96,5.244,4100.0,0.134,PM2.5-1HR
945,DEU_DEBE056,2026-01-02,3.01,1.35,79.75,0.26,6.02,245.23,989.43,342.53,1.94,5.216,4100.0,0.106,PM2.5-1HR
945,DEU_DEBE061,2026-01-02,3.37,1.28,79.88,0.22,5.71,246.55,989.32,8404.48,2.68,6.252,4100.0,0.009,PM2.5-1HR
945,DEU_DEBE065,2026-01-02,5.9,1.19,80.46,0.25,5.95,245.94,989.04,8378.06,2.88,6.532,4100.0,0.004,PM2.5-1HR
945,DEU_DEBE068,2026-01-02,3.45,1.19,80.46,0.25,5.95,245.94,989.04,6904.92,2.85,6.49,4100.0,0.072,PM2.5-1HR
945,DEU_DEBE069,2026-01-02,5.82,1.28,79.88,0.22,5.71,246.55,989.32,8178.6,2.83,6.462,4100.0,0.012,PM2.5-1HR
945,DEU_DEBE125,2026-01-02,4.83,1.28,79.88,0.22,5.71,246.55,989.32,6347.59,2.85,6.49,4100.0,0.01,PM2.5-1HR
945,DEU_DEBE126,2026-01-02,4.78,1.28,79.88,0.22,5.71,246.55,989.32,8412.9,2.85,6.49,4100.0,0.007,PM2.5-1HR
945,DEU_DEBE127,2026-01-02,6.07,1.28,79.88,0.22,5.71,246.55,989.32,7628.59,2.91,6.574,4100.0,0.056,PM2.5-1HR
945,DEU_DEBE010,2026-01-03,4.14,-0.58,83.67,0.22,5.18,250.14,995.95,7313.31,3.17,6.938,4100.0,0.044,PM2.5-1HR
945,DEU_DEBE032,2026-01-03,3.67,-0.31,81.96,0.16,5.27,251.88,996.17,0,2.44,5.916,4100.0,0.861,PM2.5-1HR
945,DEU_DEBE034,2026-01-03,6.74,-0.47,82.88,0.3,5.09,249.97,996.15,8623.29,3.34,7.176,4100.0,0.331,PM2.5-1HR
945,DEU_DEBE051,2026-01-03,3.9,-0.69,84.79,0.36,5.01,253.46,995.59,464.73,1.83,5.062,4100.0,0.134,PM2.5-1HR
945,DEU_DEBE056,2026-01-03,4.11,-0.34,82.42,0.2,5.42,250.05,996.2,342.53,2.37,5.818,4100.0,0.106,PM2.5-1HR
945,DEU_DEBE061,2026-01-03,5.53,-0.47,82.88,0.3,5.09,249.97,996.15,8404.48,3.06,6.784,4100.0,0.009,PM2.5-1HR
945,DEU_DEBE065,2026-01-03,8.71,-0.58,83.67,0.22,5.18,250.14,995.95,8378.06,3.36,7.204,4100.0,0.004,PM2.5-1HR
945,DEU_DEBE068,2026-01-03,4.45,-0.58,83.67,0.22,5.18,250.14,995.95,6904.92,3.34,7.176,4100.0,0.072,PM2.5-1HR
945,DEU_DEBE069,2026-01-03,8.36,-0.47,82.88,0.3,5.09,249.97,996.15,8178.6,3.26,7.064,4100.0,0.012,PM2.5-1HR
945,DEU_DEBE125,2026-01-03,6.33,-0.47,82.88,0.3,5.09,249.97,996.15,6347.59,3.34,7.176,4100.0,0.01,PM2.5-1HR
945,DEU_DEBE126,2026-01-03,6.66,-0.47,82.88,0.3,5.09,249.97,996.15,8412.9,3.34,7.176,4100.0,0.007,PM2.5-1HR
945,DEU_DEBE127,2026-01-03,7.36,-0.47,82.88,0.3,5.09,249.97,996.15,7628.59,3.46,7.344,4100.0,0.056,PM2.5-1HR
945,DEU_DEBE010,2026-01-04,4.57,-2.81,86.33,0.02,4.04,244.95,1004.54,7313.31,2.94,6.616,4100.0,0.044,PM2.5-1HR
945,DEU_DEBE032,2026-01-04,4.71,-2.3,85.79,0.06,4.06,246.73,1004.71,0,2.2,5.58,4100.0,0.861,PM2.5-1HR
945,DEU_DEBE034,2026-01-04,7.28,-2.54,85.38,0.04,3.98,245.43,1004.67,8623.29,3.12,6.868,4100.0,0.331,PM2.5-1HR
945,DEU_DEBE051,2026-01-04,5.76,-3.1,88.38,0.01,4.15,244.33,1004.23,464.73,2.55,6.07,4100.0,0.134,PM2.5-1HR
945,DEU_DEBE056,2026-01-04,5.57,-2.41,86.75,0.02,4.07,244.23,1004.75,342.53,2.36,5.804,4100.0,0.106,PM2.5-1HR
945,DEU_DEBE061,2026-01-04,7.43,-2.54,85.38,0.04,3.98,245.43,1004.67,8404.48,2.84,6.476,4100.0,0.009,PM2.5-1HR
945,DEU_DEBE065,2026-01-04,10.85,-2.81,86.33,0.02,4.04,244.95,1004.54,8378.06,3.16,6.924,4100.0,0.004,PM2.5-1HR
945,DEU_DEBE068,2026-01-04,5.02,-2.81,86.33,0.02,4.04,244.95,1004.54,6904.92,3.12,6.868,4100.0,0.072,PM2.5-1HR
945,DEU_DEBE069,2026-01-04,10.1,-2.54,85.38,0.04,3.98,245.43,1004.67,8178.6,3.06,6.784,4100.0,0.012,PM2.5-1HR
945,DEU_DEBE125,2026-01-04,8.2,-2.54,85.38,0.04,3.98,245.43,1004.67,6347.59,3.12,6.868,4100.0,0.01,PM2.5-1HR
945,DEU_DEBE126,2026-01-04,8.6,-2.54,85.38,0.04,3.98,245.43,1004.67,8412.9,3.12,6.868,4100.0,0.007,PM2.5-1HR
945,DEU_DEBE127,2026-01-04,8.77,-2.54,85.38,0.04,3.98,245.43,1004.67,7628.59,3.26,7.064,4100.0,0.056,PM2.5-1HR
945,DEU_DEBE010,2026-01-05,8.6,-3.45,86.29,0,2.71,197.46,1012.33,7313.31,7.07,12.398,4100.0,0.044,PM2.5-1HR
945,DEU_DEBE032,2026-01-05,7.11,-3.24,86.63,0,2.41,196.1,1012.28,0,5.72,10.508,4100.0,0.861,PM2.5-1HR
945,DEU_DEBE034,2026-01-05,10.7,-3.32,85.42,0,2.66,197.02,1012.4,8623.29,7.28,12.692,4100.0,0.331,PM2.5-1HR
945,DEU_DEBE051,2026-01-05,9.11,-3.4,88.33,0,2.96,193.92,1012.18,464.73,5.64,10.396,4100.0,0.134,PM2.5-1HR
945,DEU_DEBE056,2026-01-05,7.78,-2.8,86.29,0,2.71,203,1012.58,342.53,5.17,9.738,4100.0,0.106,PM2.5-1HR
945,DEU_DEBE061,2026-01-05,10.11,-3.32,85.42,0,2.66,197.02,1012.4,8404.48,6.79,12.006,4100.0,0.009,PM2.5-1HR
945,DEU_DEBE065,2026-01-05,16.21,-3.45,86.29,0,2.71,197.46,1012.33,8378.06,7.23,12.622,4100.0,0.004,PM2.5-1HR
945,DEU_DEBE068,2026-01-05,8.53,-3.45,86.29,0,2.71,197.46,1012.33,6904.92,7.28,12.692,4100.0,0.072,PM2.5-1HR
945,DEU_DEBE069,2026-01-05,12,-3.32,85.42,0,2.66,197.02,1012.4,8178.6,7.17,12.538,4100.0,0.012,PM2.5-1HR
945,DEU_DEBE125,2026-01-05,11.26,-3.32,85.42,0,2.66,197.02,1012.4,6347.59,7.28,12.692,4100.0,0.01,PM2.5-1HR
945,DEU_DEBE126,2026-01-05,12.32,-3.32,85.42,0,2.66,197.02,1012.4,8412.9,7.28,12.692,4100.0,0.007,PM2.5-1HR
945,DEU_DEBE127,2026-01-05,11.89,-3.32,85.42,0,2.66,197.02,1012.4,7628.59,7.41,12.874,4100.0,0.056,PM2.5-1HR
945,DEU_DEBE010,2026-01-06,16.54,-5.34,88.04,0,2.13,218.43,1015.01,7313.31,15.02,23.528,4100.0,0.044,PM2.5-1HR
945,DEU_DEBE032,2026-01-06,15.44,-4.85,88.79,0,2.04,222.77,1015.01,0,14.37,22.618,4100.0,0.861,PM2.5-1HR
945,DEU_DEBE034,2026-01-06,20.76,-5.16,87.25,0,2.09,219.48,1015.06,8623.29,15.26,23.864,4100.0,0.331,PM2.5-1HR
945,DEU_DEBE051,2026-01-06,18.71,-5.3,89.25,0.01,2.34,213.21,1014.88,464.73,14.64,22.996,4100.0,0.134,PM2.5-1HR
945,DEU_DEBE056,2026-01-06,18.23,-5.35,88.38,0,2.15,223.47,1015.18,342.53,12.4,19.86,4100.0,0.106,PM2.5-1HR
945,DEU_DEBE061,2026-01-06,22.13,-5.16,87.25,0,2.09,219.48,1015.06,8404.48,14.49,22.786,4100.0,0.009,PM2.5-1HR
945,DEU_DEBE065,2026-01-06,26.33,-5.34,88.04,0,2.13,218.43,1015.01,8378.06,15.09,23.626,4100.0,0.004,PM2.5-1HR
945,DEU_DEBE068,2026-01-06,16.88,-5.34,88.04,0,2.13,218.43,1015.01,6904.92,15.26,23.864,4100.0,0.072,PM2.5-1HR
945,DEU_DEBE069,2026-01-06,23.65,-5.16,87.25,0,2.09,219.48,1015.06,8178.6,15.09,23.626,4100.0,0.012,PM2.5-1HR
945,DEU_DEBE125,2026-01-06,22.48,-5.16,87.25,0,2.09,219.48,1015.06,6347.59,15.26,23.864,4100.0,0.01,PM2.5-1HR
945,DEU_DEBE126,2026-01-06,22.68,-5.16,87.25,0,2.09,219.48,1015.06,8412.9,15.26,23.864,4100.0,0.007,PM2.5-1HR
945,DEU_DEBE127,2026-01-06,23.43,-5.16,87.25,0,2.09,219.48,1015.06,7628.59,15.68,24.452,4100.0,0.056,PM2.5-1HR
945,DEU_DEBE010,2026-01-07,18.04,-6.38,85.04,0,3.18,173.02,1014.72,7313.31,16.46,25.544,4100.0,0.044,PM2.5-1HR
945,DEU_DEBE032,2026-01-07,16.08,-6.03,84.88,0,3.05,170.79,1014.58,0,14.59,22.926,4100.0,0.861,PM2.5-1HR
945,DEU_DEBE034,2026-01-07,19.53,-6.3,84,0,3.03,173.47,1014.78,8623.29,16.86,26.104,4100.0,0.331,PM2.5-1HR
945,DEU_DEBE051,2026-01-07,17.93,-6.38,86.79,0,3.45,171.31,1014.6,464.73,13.36,21.204,4100.0,0.134,PM2.5-1HR
945,DEU_DEBE056,2026-01-07,16.63,-6.13,86.46,0,2.75,176.97,1015.08,342.53,11.39,18.446,4100.0,0.106,PM2.5-1HR
945,DEU_DEBE061,2026-01-07,20.06,-6.3,84,0,3.03,173.47,1014.78,8404.48,16.11,25.054,4100.0,0.009,PM2.5-1HR
945,DEU_DEBE065,2026-01-07,24.63,-6.38,85.04,0,3.18,173.02,1014.72,8378.06,16.79,26.006,4100.0,0.004,PM2.5-1HR
945,DEU_DEBE068,2026-01-07,17.89,-6.38,85.04,0,3.18,173.02,1014.72,6904.92,16.86,26.104,4100.0,0.072,PM2.5-1HR
945,DEU_DEBE069,2026-01-07,21.91,-6.3,84,0,3.03,173.47,1014.78,8178.6,16.92,26.188,4100.0,0.012,PM2.5-1HR
945,DEU_DEBE125,2026-01-07,21.71,-6.3,84,0,3.03,173.47,1014.78,6347.59,16.86,26.104,4100.0,0.01,PM2.5-1HR
945,DEU_DEBE126,2026-01-07,22.47,-6.3,84,0,3.03,173.47,1014.78,8412.9,16.86,26.104,4100.0,0.007,PM2.5-1HR
945,DEU_DEBE127,2026-01-07,22.31,-6.3,84,0,3.03,173.47,1014.78,7628.59,17.26,26.664,4100.0,0.056,PM2.5-1HR
945,DEU_DEBE010,2026-01-08,19.77,-7.48,84.08,0,3.19,130.82,1010.31,7313.31,18.35,28.19,4100.0,0.044,PM2.5-1HR
945,DEU_DEBE032,2026-01-08,16.7,-6.74,84.83,0,3.13,130.29,1010.05,0,16.16,25.124,4100.0,0.861,PM2.5-1HR
945,DEU_DEBE034,2026-01-08,21.94,-7.17,83.67,0,3.05,131.23,1010.28,8623.29,18.71,28.694,4100.0,0.331,PM2.5-1HR
945,DEU_DEBE051,2026-01-08,19.16,-7.74,85.29,0,3.54,135.82,1010.38,464.73,15.88,24.732,4100.0,0.134,PM2.5-1HR
945,DEU_DEBE056,2026-01-08,19.36,-7.21,84.88,0,2.75,133.02,1010.63,342.53,16.1,25.04,4100.0,0.106,PM2.5-1HR
945,DEU_DEBE061,2026-01-08,22.48,-7.17,83.67,0,3.05,131.23,1010.28,8404.48,17.89,27.546,4100.0,0.009,PM2.5-1HR
945,DEU_DEBE065,2026-01-08,25.92,-7.48,84.08,0,3.19,130.82,1010.31,8378.06,18.48,28.372,4100.0,0.004,PM2.5-1HR
945,DEU_DEBE068,2026-01-08,19.56,-7.48,84.08,0,3.19,130.82,1010.31,6904.92,18.71,28.694,4100.0,0.072,PM2.5-1HR
945,DEU_DEBE069,2026-01-08,24.53,-7.17,83.67,0,3.05,131.23,1010.28,8178.6,18.88,28.932,4100.0,0.012,PM2.5-1HR
945,DEU_DEBE125,2026-01-08,24.88,-7.17,83.67,0,3.05,131.23,1010.28,6347.59,18.71,28.694,4100.0,0.01,PM2.5-1HR
945,DEU_DEBE126,2026-01-08,24.58,-7.17,83.67,0,3.05,131.23,1010.28,8412.9,18.71,28.694,4100.0,0.007,PM2.5-1HR
945,DEU_DEBE127,2026-01-08,26.1,-7.17,83.67,0,3.05,131.23,1010.28,7628.59,19.14,29.296,4100.0,0.056,PM2.5-1HR
945,DEU_DEBE010,2026-01-09,26.01,-7.14,82.96,0.06,5.72,94.09,1003.31,7313.31,18.49,28.386,4100.0,0.044,PM2.5-1HR
945,DEU_DEBE032,2026-01-09,19.81,-6.29,82.71,0.1,5.59,92.33,1002.71,0,14.34,22.576,4100.0,0.861,PM2.5-1HR
945,DEU_DEBE034,2026-01-09,29.01,-6.72,82.71,0.09,5.58,92.08,1003.06,8623.29,18.41,28.274,4100.0,0.331,PM2.5-1HR
945,DEU_DEBE051,2026-01-09,19.26,-7.41,83.42,0.04,5.61,93.43,1003.72,464.73,12.27,19.678,4100.0,0.134,PM2.5-1HR
945,DEU_DEBE056,2026-01-09,21.68,-6.84,83,0.08,5.15,90.84,1003.5,342.53,13.32,21.148,4100.0,0.106,PM2.5-1HR
945,DEU_DEBE061,2026-01-09,25.32,-6.72,82.71,0.09,5.58,92.08,1003.06,8404.48,17.69,27.266,4100.0,0.009,PM2.5-1HR
945,DEU_DEBE065,2026-01-09,27.88,-7.14,82.96,0.06,5.72,94.09,1003.31,8378.06,18.88,28.932,4100.0,0.004,PM2.5-1HR
945,DEU_DEBE068,2026-01-09,25.18,-7.14,82.96,0.06,5.72,94.09,1003.31,6904.92,18.41,28.274,4100.0,0.072,PM2.5-1HR
945,DEU_DEBE069,2026-01-09,27.04,-6.72,82.71,0.09,5.58,92.08,1003.06,8178.6,18.27,28.078,4100.0,0.012,PM2.5-1HR
945,DEU_DEBE125,2026-01-09,26.14,-6.72,82.71,0.09,5.58,92.08,1003.06,6347.59,18.41,28.274,4100.0,0.01,PM2.5-1HR
945,DEU_DEBE126,2026-01-09,27.18,-6.72,82.71,0.09,5.58,92.08,1003.06,8412.9,18.41,28.274,4100.0,0.007,PM2.5-1HR
945,DEU_DEBE127,2026-01-09,27.42,-6.72,82.71,0.09,5.58,92.08,1003.06,7628.59,18.39,28.246,4100.0,0.056,PM2.5-1HR
945,DEU_DEBE010,2026-01-10,7.74,-5.36,81.58,0,3.5,19.83,1010.9,7313.31,5.73,10.522,4100.0,0.044,PM2.5-1HR
945,DEU_DEBE032,2026-01-10,7.67,-5.19,81.5,0.01,3.57,24.55,1010.92,0,4.66,9.024,4100.0,0.861,PM2.5-1HR
945,DEU_DEBE034,2026-01-10,9.7,-5.52,81.29,0.01,3.55,19.78,1010.86,8623.29,6,10.9,4100.0,0.331,PM2.5-1HR
945,DEU_DEBE051,2026-01-10,6.62,-4.73,82.21,0,3.61,29.74,1010.97,464.73,3.16,6.924,4100.0,0.134,PM2.5-1HR
945,DEU_DEBE056,2026-01-10,8.65,-5.48,81.67,0.02,3.4,17.38,1010.7,342.53,4.46,8.744,4100.0,0.106,PM2.5-1HR
945,DEU_DEBE061,2026-01-10,10.14,-5.52,81.29,0.01,3.55,19.78,1010.86,8404.48,5.73,10.522,4100.0,0.009,PM2.5-1HR
945,DEU_DEBE065,2026-01-10,10.71,-5.36,81.58,0,3.5,19.83,1010.9,8378.06,6.06,10.984,4100.0,0.004,PM2.5-1HR
945,DEU_DEBE068,2026-01-10,7.7,-5.36,81.58,0,3.5,19.83,1010.9,6904.92,6,10.9,4100.0,0.072,PM2.5-1HR
945,DEU_DEBE069,2026-01-10,12.05,-5.52,81.29,0.01,3.55,19.78,1010.86,8178.6,6.09,11.026,4100.0,0.012,PM2.5-1HR
945,DEU_DEBE125,2026-01-10,10.13,-5.52,81.29,0.01,3.55,19.78,1010.86,6347.59,6,10.9,4100.0,0.01,PM2.5-1HR
945,DEU_DEBE126,2026-01-10,12.37,-5.52,81.29,0.01,3.55,19.78,1010.86,8412.9,6,10.9,4100.0,0.007,PM2.5-1HR
945,DEU_DEBE127,2026-01-10,11.67,-5.52,81.29,0.01,3.55,19.78,1010.86,7628.59,6.18,11.152,4100.0,0.056,PM2.5-1HR
945,DEU_DEBE010,2026-01-11,6.4,-6.63,83.71,0,4.11,294.21,1021.87,7313.31,4.72,9.108,4100.0,0.044,PM2.5-1HR
945,DEU_DEBE032,2026-01-11,6.23,-7,86.42,0,3.86,292.39,1022.29,0,4.09,8.226,4100.0,0.861,PM2.5-1HR
945,DEU_DEBE034,2026-01-11,7.97,-6.83,84.38,0,3.97,293,1022.01,8623.29,4.97,9.458,4100.0,0.331,PM2.5-1HR
945,DEU_DEBE051,2026-01-11,6.21,-5.97,83.67,0,4.1,299.78,1021.59,464.73,3.48,7.372,4100.0,0.134,PM2.5-1HR
945,DEU_DEBE056,2026-01-11,6.87,-6.32,83.96,0,4.11,292.36,1021.55,342.53,3.49,7.386,4100.0,0.106,PM2.5-1HR
945,DEU_DEBE061,2026-01-11,8.16,-6.83,84.38,0,3.97,293,1022.01,8404.48,4.72,9.108,4100.0,0.009,PM2.5-1HR
945,DEU_DEBE065,2026-01-11,10.24,-6.63,83.71,0,4.11,294.21,1021.87,8378.06,4.95,9.43,4100.0,0.004,PM2.5-1HR
945,DEU_DEBE068,2026-01-11,6.53,-6.63,83.71,0,4.11,294.21,1021.87,6904.92,4.97,9.458,4100.0,0.072,PM2.5-1HR
945,DEU_DEBE069,2026-01-11,9.63,-6.83,84.38,0,3.97,293,1022.01,8178.6,5.02,9.528,4100.0,0.012,PM2.5-1HR
945,DEU_DEBE125,2026-01-11,8.61,-6.83,84.38,0,3.97,293,1022.01,6347.59,4.97,9.458,4100.0,0.01,PM2.5-1HR
945,DEU_DEBE126,2026-01-11,9.25,-6.83,84.38,0,3.97,293,1022.01,8412.9,4.97,9.458,4100.0,0.007,PM2.5-1HR
945,DEU_DEBE127,2026-01-11,10.89,-6.83,84.38,0,3.97,293,1022.01,7628.59,5.12,9.668,4100.0,0.056,PM2.5-1HR
945,DEU_DEBE010,2026-01-12,15.04,-6.72,87.13,0.03,2.88,159.96,1016.71,7313.31,13.89,21.946,4100.0,0.044,PM2.5-1HR
945,DEU_DEBE032,2026-01-12,13.02,-6.44,87.17,0.03,2.77,154.89,1016.55,0,11.75,18.95,4100.0,0.861,PM2.5-1HR
945,DEU_DEBE034,2026-01-12,16.31,-6.63,86.33,0.04,2.8,159.2,1016.72,8623.29,14.23,22.422,4100.0,0.331,PM2.5-1HR
945,DEU_DEBE051,2026-01-12,13.85,-6.73,87.54,0.04,3.07,164.23,1016.68,464.73,10.25,16.85,4100.0,0.134,PM2.5-1HR
945,DEU_DEBE056,2026-01-12,12.49,-6.42,84.75,0.03,2.51,169.09,1017.03,342.53,7.82,13.448,4100.0,0.106,PM2.5-1HR
945,DEU_DEBE061,2026-01-12,17.7,-6.63,86.33,0.04,2.8,159.2,1016.72,8404.48,13.51,21.414,4100.0,0.009,PM2.5-1HR
945,DEU_DEBE065,2026-01-12,20.26,-6.72,87.13,0.03,2.88,159.96,1016.71,8378.06,14.3,22.52,4100.0,0.004,PM2.5-1HR
945,DEU_DEBE068,2026-01-12,15.1,-6.72,87.13,0.03,2.88,159.96,1016.71,6904.92,14.23,22.422,4100.0,0.072,PM2.5-1HR
945,DEU_DEBE069,2026-01-12,18.63,-6.63,86.33,0.04,2.8,159.2,1016.72,8178.6,14.27,22.478,4100.0,0.012,PM2.5-1HR
945,DEU_DEBE125,2026-01-12,19.25,-6.63,86.33,0.04,2.8,159.2,1016.72,6347.59,14.23,22.422,4100.0,0.01,PM2.5-1HR
945,DEU_DEBE126,2026-01-12,19.6,-6.63,86.33,0.04,2.8,159.2,1016.72,8412.9,14.23,22.422,4100.0,0.007,PM2.5-1HR
945,DEU_DEBE127,2026-01-12,20.76,-6.63,86.33,0.04,2.8,159.2,1016.72,7628.59,14.54,22.856,4100.0,0.056,PM2.5-1HR
945,DEU_DEBE010,2026-01-13,21.34,0.8,96.33,0.12,2.3,150.32,1012.69,7313.31,16.79,26.006,4100.0,0.044,PM2.5-1HR
945,DEU_DEBE032,2026-01-13,15.06,1.09,96.46,0.1,2.15,154.15,1012.57,0,13.16,20.924,4100.0,0.861,PM2.5-1HR
945,DEU_DEBE034,2026-01-13,22.33,0.97,95.75,0.1,2.32,152.76,1012.7,8623.29,16.89,26.146,4100.0,0.331,PM2.5-1HR
945,DEU_DEBE051,2026-01-13,15.87,0.72,96.58,0.06,2.71,155.72,1012.68,464.73,10.97,17.858,4100.0,0.134,PM2.5-1HR
945,DEU_DEBE056,2026-01-13,14.83,1.14,94.5,0.1,2.1,153.19,1012.98,342.53,11.11,18.054,4100.0,0.106,PM2.5-1HR
945,DEU_DEBE061,2026-01-13,21.01,0.97,95.75,0.1,2.32,152.76,1012.7,8404.48,15.9,24.76,4100.0,0.009,PM2.5-1HR
945,DEU_DEBE065,2026-01-13,26.99,0.8,96.33,0.12,2.3,150.32,1012.69,8378.06,16.91,26.174,4100.0,0.004,PM2.5-1HR
945,DEU_DEBE068,2026-01-13,21.18,0.8,96.33,0.12,2.3,150.32,1012.69,6904.92,16.89,26.146,4100.0,0.072,PM2.5-1HR
945,DEU_DEBE069,2026-01-13,23.64,0.97,95.75,0.1,2.32,152.76,1012.7,8178.6,16.89,26.146,4100.0,0.012,PM2.5-1HR
945,DEU_DEBE125,2026-01-13,25.64,0.97,95.75,0.1,2.32,152.76,1012.7,6347.59,16.89,26.146,4100.0,0.01,PM2.5-1HR
945,DEU_DEBE126,2026-01-13,24.73,0.97,95.75,0.1,2.32,152.76,1012.7,8412.9,16.89,26.146,4100.0,0.007,PM2.5-1HR
945,DEU_DEBE127,2026-01-13,26.85,0.97,95.75,0.1,2.32,152.76,1012.7,7628.59,17.13,26.482,4100.0,0.056,PM2.5-1HR
945,DEU_DEBE010,2026-01-14,10.6,2.82,96.88,0.15,3.4,227.93,1012.62,7313.31,7.98,13.672,4100.0,0.044,PM2.5-1HR
945,DEU_DEBE032,2026-01-14,9.02,2.69,97.58,0.15,3.18,228.26,1012.66,0,5.83,10.662,4100.0,0.861,PM2.5-1HR
945,DEU_DEBE034,2026-01-14,14.3,3.02,96.67,0.15,3.44,227.93,1012.71,8623.29,8.45,14.33,4100.0,0.331,PM2.5-1HR
945,DEU_DEBE051,2026-01-14,11.57,2.52,97.92,0.18,3.6,223.48,1012.43,464.73,4.32,8.548,4100.0,0.134,PM2.5-1HR
945,DEU_DEBE056,2026-01-14,11.65,2.74,97.17,0.13,3.33,226.76,1012.86,342.53,6.58,11.712,4100.0,0.106,PM2.5-1HR
945,DEU_DEBE061,2026-01-14,12.79,3.02,96.67,0.15,3.44,227.93,1012.71,8404.48,7.74,13.336,4100.0,0.009,PM2.5-1HR
945,DEU_DEBE065,2026-01-14,20.23,2.82,96.88,0.15,3.4,227.93,1012.62,8378.06,8.32,14.148,4100.0,0.004,PM2.5-1HR
945,DEU_DEBE068,2026-01-14,11.95,2.82,96.88,0.15,3.4,227.93,1012.62,6904.92,8.45,14.33,4100.0,0.072,PM2.5-1HR
945,DEU_DEBE069,2026-01-14,16.52,3.02,96.67,0.15,3.44,227.93,1012.71,8178.6,8.53,14.442,4100.0,0.012,PM2.5-1HR
945,DEU_DEBE125,2026-01-14,15.03,3.02,96.67,0.15,3.44,227.93,1012.71,6347.59,8.45,14.33,4100.0,0.01,PM2.5-1HR
945,DEU_DEBE126,2026-01-14,15.86,3.02,96.67,0.15,3.44,227.93,1012.71,8412.9,8.45,14.33,4100.0,0.007,PM2.5-1HR
945,DEU_DEBE127,2026-01-14,16.7,3.02,96.67,0.15,3.44,227.93,1012.71,7628.59,8.82,14.848,4100.0,0.056,PM2.5-1HR
945,DEU_DEBE010,2026-01-15,14.85,2.27,98.38,0,2.77,146.56,1015.97,7313.31,10.59,17.326,4100.0,0.044,PM2.5-1HR
945,DEU_DEBE032,2026-01-15,11.81,2.19,98.08,0,2.68,148.87,1015.82,0,8.96,15.044,4100.0,0.861,PM2.5-1HR
945,DEU_DEBE034,2026-01-15,16.93,2.6,97.83,0,2.79,148.28,1015.96,8623.29,10.9,17.76,4100.0,0.331,PM2.5-1HR
945,DEU_DEBE051,2026-01-15,13.43,1.58,98.54,0,3.06,152.3,1015.95,464.73,8.22,14.008,4100.0,0.134,PM2.5-1HR
945,DEU_DEBE056,2026-01-15,13.1,1.76,98.33,0,2.48,147.67,1016.29,342.53,8.53,14.442,4100.0,0.106,PM2.5-1HR
945,DEU_DEBE061,2026-01-15,15.69,2.6,97.83,0,2.79,148.28,1015.96,8404.48,10.27,16.878,4100.0,0.009,PM2.5-1HR
945,DEU_DEBE065,2026-01-15,20.23,2.27,98.38,0,2.77,146.56,1015.97,8378.06,10.95,17.83,4100.0,0.004,PM2.5-1HR
945,DEU_DEBE068,2026-01-15,14.91,2.27,98.38,0,2.77,146.56,1015.97,6904.92,10.9,17.76,4100.0,0.072,PM2.5-1HR
945,DEU_DEBE069,2026-01-15,17.08,2.6,97.83,0,2.79,148.28,1015.96,8178.6,10.88,17.732,4100.0,0.012,PM2.5-1HR
945,DEU_DEBE125,2026-01-15,19.62,2.6,97.83,0,2.79,148.28,1015.96,6347.59,10.9,17.76,4100.0,0.01,PM2.5-1HR
945,DEU_DEBE126,2026-01-15,19.46,2.6,97.83,0,2.79,148.28,1015.96,8412.9,10.9,17.76,4100.0,0.007,PM2.5-1HR
945,DEU_DEBE127,2026-01-15,22.36,2.6,97.83,0,2.79,148.28,1015.96,7628.59,11.24,18.236,4100.0,0.056,PM2.5-1HR
945,DEU_DEBE010,2026-01-16,16.29,3.07,93.75,0,3.31,141.02,1018.28,7313.31,16.47,25.558,4100.0,0.044,PM2.5-1HR
945,DEU_DEBE032,2026-01-16,14.46,3.25,92.75,0,3.25,143.62,1018.05,0,13.77,21.778,4100.0,0.861,PM2.5-1HR
945,DEU_DEBE034,2026-01-16,17.23,3.27,92.92,0,3.26,143.53,1018.26,8623.29,16.92,26.188,4100.0,0.331,PM2.5-1HR
945,DEU_DEBE051,2026-01-16,15.16,2.7,94.67,0,4.04,149,1018.21,464.73,12.5,20.0,4100.0,0.134,PM2.5-1HR
945,DEU_DEBE056,2026-01-16,14.47,2.33,94.08,0,3.28,146.83,1018.69,342.53,12.38,19.832,4100.0,0.106,PM2.5-1HR
945,DEU_DEBE061,2026-01-16,18.66,3.27,92.92,0,3.26,143.53,1018.26,8404.48,16,24.9,4100.0,0.009,PM2.5-1HR
945,DEU_DEBE065,2026-01-16,22.3,3.07,93.75,0,3.31,141.02,1018.28,8378.06,16.92,26.188,4100.0,0.004,PM2.5-1HR
945,DEU_DEBE068,2026-01-16,15.75,3.07,93.75,0,3.31,141.02,1018.28,6904.92,16.92,26.188,4100.0,0.072,PM2.5-1HR
945,DEU_DEBE069,2026-01-16,20.15,3.27,92.92,0,3.26,143.53,1018.26,8178.6,16.84,26.076,4100.0,0.012,PM2.5-1HR
945,DEU_DEBE125,2026-01-16,20.64,3.27,92.92,0,3.26,143.53,1018.26,6347.59,16.92,26.188,4100.0,0.01,PM2.5-1HR
945,DEU_DEBE126,2026-01-16,20.85,3.27,92.92,0,3.26,143.53,1018.26,8412.9,16.92,26.188,4100.0,0.007,PM2.5-1HR
945,DEU_DEBE127,2026-01-16,22.75,3.27,92.92,0,3.26,143.53,1018.26,7628.59,17.24,26.636,4100.0,0.056,PM2.5-1HR
945,DEU_DEBE010,2026-01-17,21.23,1.26,94.88,0,3.59,112.35,1025.38,7313.31,18.06,27.784,4100.0,0.044,PM2.5-1HR
945,DEU_DEBE032,2026-01-17,16.62,1.59,93.46,0,3.62,113.4,1025.07,0,16.25,25.25,4100.0,0.861,PM2.5-1HR
945,DEU_DEBE034,2026-01-17,22.35,1.49,94.04,0,3.54,112.3,1025.28,8623.29,18.5,28.4,4100.0,0.331,PM2.5-1HR
945,DEU_DEBE051,2026-01-17,16.99,1.09,95.25,0,3.73,116.54,1025.56,464.73,13.47,21.358,4100.0,0.134,PM2.5-1HR
945,DEU_DEBE056,2026-01-17,16.74,1.12,95.38,0,3.32,111.72,1025.6,342.53,13.76,21.764,4100.0,0.106,PM2.5-1HR
945,DEU_DEBE061,2026-01-17,21.47,1.49,94.04,0,3.54,112.3,1025.28,8404.48,17.86,27.504,4100.0,0.009,PM2.5-1HR
945,DEU_DEBE065,2026-01-17,24.24,1.26,94.88,0,3.59,112.35,1025.38,8378.06,18.4,28.26,4100.0,0.004,PM2.5-1HR
945,DEU_DEBE068,2026-01-17,20.24,1.26,94.88,0,3.59,112.35,1025.38,6904.92,18.5,28.4,4100.0,0.072,PM2.5-1HR
945,DEU_DEBE069,2026-01-17,23.04,1.49,94.04,0,3.54,112.3,1025.28,8178.6,18.59,28.526,4100.0,0.012,PM2.5-1HR
945,DEU_DEBE125,2026-01-17,23.13,1.49,94.04,0,3.54,112.3,1025.28,6347.59,18.5,28.4,4100.0,0.01,PM2.5-1HR
945,DEU_DEBE126,2026-01-17,23.03,1.49,94.04,0,3.54,112.3,1025.28,8412.9,18.5,28.4,4100.0,0.007,PM2.5-1HR
945,DEU_DEBE127,2026-01-17,23.92,1.49,94.04,0,3.54,112.3,1025.28,7628.59,18.77,28.778,4100.0,0.056,PM2.5-1HR
945,DEU_DEBE010,2026-01-18,32.11,0.83,88.83,0,3.83,111.91,1027.92,7313.31,25.32,37.948,4100.0,0.044,PM2.5-1HR
945,DEU_DEBE032,2026-01-18,22.04,1.18,86.88,0,3.86,113.7,1027.57,0,17.41,26.874,4100.0,0.861,PM2.5-1HR
945,DEU_DEBE034,2026-01-18,33.74,1.06,88.29,0,3.72,111.5,1027.83,8623.29,24.91,37.374,4100.0,0.331,PM2.5-1HR
945,DEU_DEBE051,2026-01-18,26.15,0.47,88.71,0,4.02,117,1028.08,464.73,23.06,34.784,4100.0,0.134,PM2.5-1HR
945,DEU_DEBE056,2026-01-18,26.58,0.31,89.17,0,3.43,111.24,1028.18,342.53,23.04,34.756,4100.0,0.106,PM2.5-1HR
945,DEU_DEBE061,2026-01-18,28.76,1.06,88.29,0,3.72,111.5,1027.83,8404.48,23.27,35.078,4100.0,0.009,PM2.5-1HR
945,DEU_DEBE065,2026-01-18,34.44,0.83,88.83,0,3.83,111.91,1027.92,8378.06,26.17,39.138,4100.0,0.004,PM2.5-1HR
945,DEU_DEBE068,2026-01-18,30.74,0.83,88.83,0,3.83,111.91,1027.92,6904.92,24.91,37.374,4100.0,0.072,PM2.5-1HR
945,DEU_DEBE069,2026-01-18,30.66,1.06,88.29,0,3.72,111.5,1027.83,8178.6,24.15,36.31,4100.0,0.012,PM2.5-1HR
945,DEU_DEBE125,2026-01-18,32.7,1.06,88.29,0,3.72,111.5,1027.83,6347.59,24.91,37.374,4100.0,0.01,PM2.5-1HR
945,DEU_DEBE126,2026-01-18,32.21,1.06,88.29,0,3.72,111.5,1027.83,8412.9,24.91,37.374,4100.0,0.007,PM2.5-1HR
945,DEU_DEBE127,2026-01-18,32.5,1.06,88.29,0,3.72,111.5,1027.83,7628.59,24.85,37.29,4100.0,0.056,PM2.5-1HR
945,DEU_DEBE010,2026-01-19,19.64,0.1,60.67,0,4.05,129.85,1026,7313.31,14.25,22.45,4100.0,0.044,PM2.5-1HR
945,DEU_DEBE032,2026-01-19,15.17,0.22,59.83,0,4.25,129.44,1025.64,0,12.69,20.266,4100.0,0.861,PM2.5-1HR
945,DEU_DEBE034,2026-01-19,22.6,0.21,60.04,0,3.94,128.97,1025.95,8623.29,14.85,23.29,4100.0,0.331,PM2.5-1HR
945,DEU_DEBE051,2026-01-19,19.48,-0.11,60.46,0,4.7,136.99,1026.05,464.73,11.38,18.432,4100.0,0.134,PM2.5-1HR
945,DEU_DEBE056,2026-01-19,19.57,-0.34,62.96,0,3.72,128.3,1026.39,342.53,9.37,15.618,4100.0,0.106,PM2.5-1HR
945,DEU_DEBE061,2026-01-19,22.77,0.21,60.04,0,3.94,128.97,1025.95,8404.48,13.95,22.03,4100.0,0.009,PM2.5-1HR
945,DEU_DEBE065,2026-01-19,27.68,0.1,60.67,0,4.05,129.85,1026,8378.06,14.57,22.898,4100.0,0.004,PM2.5-1HR
945,DEU_DEBE068,2026-01-19,20.3,0.1,60.67,0,4.05,129.85,1026,6904.92,14.85,23.29,4100.0,0.072,PM2.5-1HR
945,DEU_DEBE069,2026-01-19,23.98,0.21,60.04,0,3.94,128.97,1025.95,8178.6,15.01,23.514,4100.0,0.012,PM2.5-1HR
945,DEU_DEBE125,2026-01-19,25.09,0.21,60.04,0,3.94,128.97,1025.95,6347.59,14.85,23.29,4100.0,0.01,PM2.5-1HR
945,DEU_DEBE126,2026-01-19,26.17,0.21,60.04,0,3.94,128.97,1025.95,8412.9,14.85,23.29,4100.0,0.007,PM2.5-1HR
945,DEU_DEBE127,2026-01-19,28.6,0.21,60.04,0,3.94,128.97,1025.95,7628.59,15.37,24.018,4100.0,0.056,PM2.5-1HR
945,DEU_DEBE010,2026-01-20,17.88,-1.89,67,0,2.84,143.09,1022.25,7313.31,16.15,25.11,4100.0,0.044,PM2.5-1HR
945,DEU_DEBE032,2026-01-20,15.43,-2.01,68.29,0,2.92,139.68,1022.08,0,14.48,22.772,4100.0,0.861,PM2.5-1HR
945,DEU_DEBE034,2026-01-20,18.62,-1.82,66.63,0,2.8,142.59,1022.23,8623.29,16.41,25.474,4100.0,0.331,PM2.5-1HR
945,DEU_DEBE051,2026-01-20,15.52,-2.23,67.96,0,3.32,149.18,1022.23,464.73,12.87,20.518,4100.0,0.134,PM2.5-1HR
945,DEU_DEBE056,2026-01-20,15.66,-2.03,67.71,0,3.19,151.71,1022.51,342.53,12.75,20.35,4100.0,0.106,PM2.5-1HR
945,DEU_DEBE061,2026-01-20,21.93,-1.82,66.63,0,2.8,142.59,1022.23,8404.48,15.77,24.578,4100.0,0.009,PM2.5-1HR
945,DEU_DEBE065,2026-01-20,24.75,-1.89,67,0,2.84,143.09,1022.25,8378.06,16.28,25.292,4100.0,0.004,PM2.5-1HR
945,DEU_DEBE068,2026-01-20,17.65,-1.89,67,0,2.84,143.09,1022.25,6904.92,16.41,25.474,4100.0,0.072,PM2.5-1HR
945,DEU_DEBE069,2026-01-20,23.4,-1.82,66.63,0,2.8,142.59,1022.23,8178.6,16.48,25.572,4100.0,0.012,PM2.5-1HR
945,DEU_DEBE125,2026-01-20,22.61,-1.82,66.63,0,2.8,142.59,1022.23,6347.59,16.41,25.474,4100.0,0.01,PM2.5-1HR
945,DEU_DEBE126,2026-01-20,24.2,-1.82,66.63,0,2.8,142.59,1022.23,8412.9,16.41,25.474,4100.0,0.007,PM2.5-1HR
945,DEU_DEBE127,2026-01-20,25.95,-1.82,66.63,0,2.8,142.59,1022.23,7628.59,16.71,25.894,4100.0,0.056,PM2.5-1HR
945,DEU_DEBE010,2026-01-21,23.45,-3.3,73.54,0,2.27,122.56,1011.09,7313.31,23.45,35.33,4100.0,0.044,PM2.5-1HR
945,DEU_DEBE032,2026-01-21,20.02,-3.07,72.54,0,2.4,119.94,1010.9,0,21.23,32.222,4100.0,0.861,PM2.5-1HR
945,DEU_DEBE034,2026-01-21,24.6,-3.13,72.46,0,2.24,119.77,1011.06,8623.29,24.1,36.24,4100.0,0.331,PM2.5-1HR
945,DEU_DEBE051,2026-01-21,20.92,-3.61,75.29,0,2.5,125.66,1011.17,464.73,18.53,28.442,4100.0,0.134,PM2.5-1HR
945,DEU_DEBE056,2026-01-21,19.63,-3.25,74.21,0,2.38,131.01,1011.28,342.53,17.2,26.58,4100.0,0.106,PM2.5-1HR
945,DEU_DEBE061,2026-01-21,26.22,-3.13,72.46,0,2.24,119.77,1011.06,8404.48,23.02,34.728,4100.0,0.009,PM2.5-1HR
945,DEU_DEBE065,2026-01-21,30.73,-3.3,73.54,0,2.27,122.56,1011.09,8378.06,23.7,35.68,4100.0,0.004,PM2.5-1HR
945,DEU_DEBE068,2026-01-21,22.27,-3.3,73.54,0,2.27,122.56,1011.09,6904.92,24.1,36.24,4100.0,0.072,PM2.5-1HR
945,DEU_DEBE069,2026-01-21,28.48,-3.13,72.46,0,2.24,119.77,1011.06,8178.6,24.21,36.394,4100.0,0.012,PM2.5-1HR
945,DEU_DEBE125,2026-01-21,28.66,-3.13,72.46,0,2.24,119.77,1011.06,6347.59,24.1,36.24,4100.0,0.01,PM2.5-1HR
945,DEU_DEBE126,2026-01-21,28.08,-3.13,72.46,0,2.24,119.77,1011.06,8412.9,24.1,36.24,4100.0,0.007,PM2.5-1HR
945,DEU_DEBE127,2026-01-21,31.03,-3.13,72.46,0,2.24,119.77,1011.06,7628.59,24.58,36.912,4100.0,0.056,PM2.5-1HR
945,DEU_DEBE010,2026-01-22,42.12,-4.01,76.75,0,2.26,79.63,1004.06,7313.31,28.83,42.862,4100.0,0.044,PM2.5-1HR
945,DEU_DEBE032,2026-01-22,31.8,-3.77,76.58,0,2.46,80.91,1003.88,0,23.82,35.848,4100.0,0.861,PM2.5-1HR
945,DEU_DEBE034,2026-01-22,46.22,-3.86,76.46,0,2.38,81.18,1003.99,8623.29,29.04,43.156,4100.0,0.331,PM2.5-1HR
945,DEU_DEBE051,2026-01-22,34.86,-4.52,78.88,0,2.53,74.11,1004.24,464.73,28,41.7,4100.0,0.134,PM2.5-1HR
945,DEU_DEBE056,2026-01-22,39.54,-4.09,77.96,0,2.42,80.89,1004.05,342.53,23.24,35.036,4100.0,0.106,PM2.5-1HR
945,DEU_DEBE061,2026-01-22,41.81,-3.86,76.46,0,2.38,81.18,1003.99,8404.48,27.81,41.434,4100.0,0.009,PM2.5-1HR
945,DEU_DEBE065,2026-01-22,46.91,-4.01,76.75,0,2.26,79.63,1004.06,8378.06,29.25,43.45,4100.0,0.004,PM2.5-1HR
945,DEU_DEBE068,2026-01-22,39.7,-4.01,76.75,0,2.26,79.63,1004.06,6904.92,29.04,43.156,4100.0,0.072,PM2.5-1HR
945,DEU_DEBE069,2026-01-22,47.03,-3.86,76.46,0,2.38,81.18,1003.99,8178.6,28.91,42.974,4100.0,0.012,PM2.5-1HR
945,DEU_DEBE125,2026-01-22,44.73,-3.86,76.46,0,2.38,81.18,1003.99,6347.59,29.04,43.156,4100.0,0.01,PM2.5-1HR
945,DEU_DEBE126,2026-01-22,45.77,-3.86,76.46,0,2.38,81.18,1003.99,8412.9,29.04,43.156,4100.0,0.007,PM2.5-1HR
945,DEU_DEBE127,2026-01-22,49.27,-3.86,76.46,0,2.38,81.18,1003.99,7628.59,29.21,43.394,4100.0,0.056,PM2.5-1HR
945,DEU_DEBE010,2026-01-23,66.71,-5.83,76.33,0,3.23,84.66,1006.05,7313.31,48.23,70.022,4100.0,0.044,PM2.5-1HR
945,DEU_DEBE032,2026-01-23,53.69,-5.38,76.5,0,3.35,86.05,1005.78,0,42.52,62.028,4100.0,0.861,PM2.5-1HR
945,DEU_DEBE034,2026-01-23,71.07,-5.58,76.33,0,3.25,84.72,1005.92,8623.29,48.21,69.994,4100.0,0.331,PM2.5-1HR
945,DEU_DEBE051,2026-01-23,47.97,-5.93,75.17,0,3.45,85.08,1006.28,464.73,34.14,50.296,4100.0,0.134,PM2.5-1HR
945,DEU_DEBE056,2026-01-23,52.6,-5.35,75.92,0,3.36,82.83,1006.04,342.53,37.38,54.832,4100.0,0.106,PM2.5-1HR
945,DEU_DEBE061,2026-01-23,62.29,-5.58,76.33,0,3.25,84.72,1005.92,8404.48,47.33,68.762,4100.0,0.009,PM2.5-1HR
945,DEU_DEBE065,2026-01-23,65.05,-5.83,76.33,0,3.23,84.66,1006.05,8378.06,48.5,70.4,4100.0,0.004,PM2.5-1HR
945,DEU_DEBE068,2026-01-23,62.38,-5.83,76.33,0,3.23,84.66,1006.05,6904.92,48.21,69.994,4100.0,0.072,PM2.5-1HR
945,DEU_DEBE069,2026-01-23,67.63,-5.58,76.33,0,3.25,84.72,1005.92,8178.6,47.99,69.686,4100.0,0.012,PM2.5-1HR
945,DEU_DEBE125,2026-01-23,64.91,-5.58,76.33,0,3.25,84.72,1005.92,6347.59,48.21,69.994,4100.0,0.01,PM2.5-1HR
945,DEU_DEBE126,2026-01-23,64.72,-5.58,76.33,0,3.25,84.72,1005.92,8412.9,48.21,69.994,4100.0,0.007,PM2.5-1HR
945,DEU_DEBE127,2026-01-23,65.85,-5.58,76.33,0,3.25,84.72,1005.92,7628.59,47.88,69.532,4100.0,0.056,PM2.5-1HR
945,DEU_DEBE010,2026-01-24,50.8,-3.28,79.71,0,3.05,77.26,1008.48,7313.31,41.65,60.81,4100.0,0.044,PM2.5-1HR
945,DEU_DEBE032,2026-01-24,36.54,-2.91,78.5,0,3.04,77.42,1008.26,0,36.52,53.628,4100.0,0.861,PM2.5-1HR
945,DEU_DEBE034,2026-01-24,53.69,-3.08,79.04,0,2.98,77.22,1008.35,8623.29,41.59,60.726,4100.0,0.331,PM2.5-1HR
945,DEU_DEBE051,2026-01-24,31.68,-3.28,78.96,0,3.37,81.8,1008.69,464.73,28.12,41.868,4100.0,0.134,PM2.5-1HR
945,DEU_DEBE056,2026-01-24,35.93,-2.79,78.96,0,3.17,79.35,1008.39,342.53,31.96,47.244,4100.0,0.106,PM2.5-1HR
945,DEU_DEBE061,2026-01-24,43.4,-3.08,79.04,0,2.98,77.22,1008.35,8404.48,40.59,59.326,4100.0,0.009,PM2.5-1HR
945,DEU_DEBE065,2026-01-24,46.66,-3.28,79.71,0,3.05,77.26,1008.48,8378.06,41.89,61.146,4100.0,0.004,PM2.5-1HR
945,DEU_DEBE068,2026-01-24,46.47,-3.28,79.71,0,3.05,77.26,1008.48,6904.92,41.59,60.726,4100.0,0.072,PM2.5-1HR
945,DEU_DEBE069,2026-01-24,45.53,-3.08,79.04,0,2.98,77.22,1008.35,8178.6,41.19,60.166,4100.0,0.012,PM2.5-1HR
945,DEU_DEBE125,2026-01-24,45.01,-3.08,79.04,0,2.98,77.22,1008.35,6347.59,41.59,60.726,4100.0,0.01,PM2.5-1HR
945,DEU_DEBE126,2026-01-24,45.04,-3.08,79.04,0,2.98,77.22,1008.35,8412.9,41.59,60.726,4100.0,0.007,PM2.5-1HR
945,DEU_DEBE127,2026-01-24,45.46,-3.08,79.04,0,2.98,77.22,1008.35,7628.59,41.35,60.39,4100.0,0.056,PM2.5-1HR
945,DEU_DEBE010,2026-01-25,52.31,-2.39,78.67,0.01,3.51,79.21,1005.33,7313.31,37.44,54.916,4100.0,0.044,PM2.5-1HR
945,DEU_DEBE032,2026-01-25,37.49,-2.1,78.29,0.01,3.56,79.95,1005.08,0,33.06,48.784,4100.0,0.861,PM2.5-1HR
945,DEU_DEBE034,2026-01-25,54.72,-2.23,78.13,0.01,3.45,78.96,1005.18,8623.29,37.59,55.126,4100.0,0.331,PM2.5-1HR
945,DEU_DEBE051,2026-01-25,34.05,-2.52,78.63,0.01,3.66,80.59,1005.59,464.73,27.63,41.182,4100.0,0.134,PM2.5-1HR
945,DEU_DEBE056,2026-01-25,37.92,-2.1,79.04,0.03,3.61,78.91,1005.26,342.53,31.81,47.034,4100.0,0.106,PM2.5-1HR
945,DEU_DEBE061,2026-01-25,44.8,-2.23,78.13,0.01,3.45,78.96,1005.18,8404.48,36.66,53.824,4100.0,0.009,PM2.5-1HR
945,DEU_DEBE065,2026-01-25,48,-2.39,78.67,0.01,3.51,79.21,1005.33,8378.06,37.68,55.252,4100.0,0.004,PM2.5-1HR
945,DEU_DEBE068,2026-01-25,47.84,-2.39,78.67,0.01,3.51,79.21,1005.33,6904.92,37.59,55.126,4100.0,0.072,PM2.5-1HR
945,DEU_DEBE069,2026-01-25,47.47,-2.23,78.13,0.01,3.45,78.96,1005.18,8178.6,37.38,54.832,4100.0,0.012,PM2.5-1HR
945,DEU_DEBE125,2026-01-25,46.49,-2.23,78.13,0.01,3.45,78.96,1005.18,6347.59,37.59,55.126,4100.0,0.01,PM2.5-1HR
945,DEU_DEBE126,2026-01-25,46.71,-2.23,78.13,0.01,3.45,78.96,1005.18,8412.9,37.59,55.126,4100.0,0.007,PM2.5-1HR
945,DEU_DEBE127,2026-01-25,47.23,-2.23,78.13,0.01,3.45,78.96,1005.18,7628.59,37.55,55.07,4100.0,0.056,PM2.5-1HR
945,DEU_DEBE010,2026-01-26,21.15,-0.7,93.42,0.37,3.16,108.09,997.72,7313.31,16.96,26.244,4100.0,0.044,PM2.5-1HR
945,DEU_DEBE032,2026-01-26,18.41,-0.71,93.88,0.33,3.17,107.3,997.54,0,15.58,24.312,4100.0,0.861,PM2.5-1HR
945,DEU_DEBE034,2026-01-26,22.86,-0.63,93.17,0.36,3.09,109.87,997.63,8623.29,17.47,26.958,4100.0,0.331,PM2.5-1HR
945,DEU_DEBE051,2026-01-26,19.33,-0.83,94.96,0.4,3.4,99.34,997.92,464.73,14.49,22.786,4100.0,0.134,PM2.5-1HR
945,DEU_DEBE056,2026-01-26,19.97,-0.41,94.21,0.39,3,120.47,997.7,342.53,15.72,24.508,4100.0,0.106,PM2.5-1HR
945,DEU_DEBE061,2026-01-26,22.81,-0.63,93.17,0.36,3.09,109.87,997.63,8404.48,16.9,26.16,4100.0,0.009,PM2.5-1HR
945,DEU_DEBE065,2026-01-26,27.48,-0.7,93.42,0.37,3.16,108.09,997.72,8378.06,17.26,26.664,4100.0,0.004,PM2.5-1HR
945,DEU_DEBE068,2026-01-26,20.21,-0.7,93.42,0.37,3.16,108.09,997.72,6904.92,17.47,26.958,4100.0,0.072,PM2.5-1HR
945,DEU_DEBE069,2026-01-26,25.37,-0.63,93.17,0.36,3.09,109.87,997.63,8178.6,17.6,27.14,4100.0,0.012,PM2.5-1HR
945,DEU_DEBE125,2026-01-26,25.05,-0.63,93.17,0.36,3.09,109.87,997.63,6347.59,17.47,26.958,4100.0,0.01,PM2.5-1HR
945,DEU_DEBE126,2026-01-26,24.8,-0.63,93.17,0.36,3.09,109.87,997.63,8412.9,17.47,26.958,4100.0,0.007,PM2.5-1HR
945,DEU_DEBE127,2026-01-26,26.66,-0.63,93.17,0.36,3.09,109.87,997.63,7628.59,17.8,27.42,4100.0,0.056,PM2.5-1HR
945,DEU_DEBE010,2026-01-27,27.82,-0.8,85.21,0.01,1.1,80.53,1002.41,7313.31,23.17,34.938,4100.0,0.044,PM2.5-1HR
945,DEU_DEBE032,2026-01-27,22.78,-0.86,85.63,0.01,1.19,73.78,1002.4,0,21.28,32.292,4100.0,0.861,PM2.5-1HR
945,DEU_DEBE034,2026-01-27,28.6,-0.83,85.71,0.01,1.12,75.08,1002.39,8623.29,23.34,35.176,4100.0,0.331,PM2.5-1HR
945,DEU_DEBE051,2026-01-27,23.47,-0.74,86.04,0.01,1.22,62.65,1002.42,464.73,20.05,30.57,4100.0,0.134,PM2.5-1HR
945,DEU_DEBE056,2026-01-27,21.52,-0.92,87.67,0.03,1.09,87.31,1002.39,342.53,18.8,28.82,4100.0,0.106,PM2.5-1HR
945,DEU_DEBE061,2026-01-27,27.55,-0.83,85.71,0.01,1.12,75.08,1002.39,8404.48,22.68,34.252,4100.0,0.009,PM2.5-1HR
945,DEU_DEBE065,2026-01-27,32.02,-0.8,85.21,0.01,1.1,80.53,1002.41,8378.06,23.43,35.302,4100.0,0.004,PM2.5-1HR
945,DEU_DEBE068,2026-01-27,26.47,-0.8,85.21,0.01,1.1,80.53,1002.41,6904.92,23.34,35.176,4100.0,0.072,PM2.5-1HR
945,DEU_DEBE069,2026-01-27,28.92,-0.83,85.71,0.01,1.12,75.08,1002.39,8178.6,23.08,34.812,4100.0,0.012,PM2.5-1HR
945,DEU_DEBE125,2026-01-27,30.11,-0.83,85.71,0.01,1.12,75.08,1002.39,6347.59,23.34,35.176,4100.0,0.01,PM2.5-1HR
945,DEU_DEBE126,2026-01-27,29.36,-0.83,85.71,0.01,1.12,75.08,1002.39,8412.9,23.34,35.176,4100.0,0.007,PM2.5-1HR
945,DEU_DEBE127,2026-01-27,29.51,-0.83,85.71,0.01,1.12,75.08,1002.39,7628.59,23.42,35.288,4100.0,0.056,PM2.5-1HR
945,DEU_DEBE010,2026-01-28,18.7,-0.45,83.08,0,3.26,76.6,1001.31,7313.31,16.86,26.104,4100.0,0.044,PM2.5-1HR
945,DEU_DEBE032,2026-01-28,15.87,-0.5,82.79,0,3.35,75.74,1001.13,0,14.61,22.954,4100.0,0.861,PM2.5-1HR
945,DEU_DEBE034,2026-01-28,20.44,-0.5,82.71,0,3.33,74.66,1001.19,8623.29,17.34,26.776,4100.0,0.331,PM2.5-1HR
945,DEU_DEBE051,2026-01-28,16.95,-0.36,85.13,0,3.45,74.51,1001.5,464.73,13.29,21.106,4100.0,0.134,PM2.5-1HR
945,DEU_DEBE056,2026-01-28,17.38,-0.53,83.38,0,3.45,71.38,1001.23,342.53,14.42,22.688,4100.0,0.106,PM2.5-1HR
945,DEU_DEBE061,2026-01-28,20.13,-0.5,82.71,0,3.33,74.66,1001.19,8404.48,16.58,25.712,4100.0,0.009,PM2.5-1HR
945,DEU_DEBE065,2026-01-28,23.48,-0.45,83.08,0,3.26,76.6,1001.31,8378.06,17.36,26.804,4100.0,0.004,PM2.5-1HR
945,DEU_DEBE068,2026-01-28,17.59,-0.45,83.08,0,3.26,76.6,1001.31,6904.92,17.34,26.776,4100.0,0.072,PM2.5-1HR
945,DEU_DEBE069,2026-01-28,22.31,-0.5,82.71,0,3.33,74.66,1001.19,8178.6,17.2,26.58,4100.0,0.012,PM2.5-1HR
945,DEU_DEBE125,2026-01-28,22,-0.5,82.71,0,3.33,74.66,1001.19,6347.59,17.34,26.776,4100.0,0.01,PM2.5-1HR
945,DEU_DEBE126,2026-01-28,22.36,-0.5,82.71,0,3.33,74.66,1001.19,8412.9,17.34,26.776,4100.0,0.007,PM2.5-1HR
945,DEU_DEBE127,2026-01-28,23.66,-0.5,82.71,0,3.33,74.66,1001.19,7628.59,17.54,27.056,4100.0,0.056,PM2.5-1HR
945,DEU_DEBE010,2026-01-29,17.28,-1.46,80.83,0,4,75.67,1004.21,7313.31,10.78,17.592,4100.0,0.044,PM2.5-1HR
945,DEU_DEBE032,2026-01-29,15.79,-1.25,79.67,0,4.08,76.38,1003.98,0,9.58,15.912,4100.0,0.861,PM2.5-1HR
945,DEU_DEBE034,2026-01-29,19.33,-1.39,79.88,0,4.09,74.54,1004.08,8623.29,10.8,17.62,4100.0,0.331,PM2.5-1HR
945,DEU_DEBE051,2026-01-29,14.36,-1.56,81.29,0,4.07,74.21,1004.48,464.73,9.37,15.618,4100.0,0.134,PM2.5-1HR
945,DEU_DEBE056,2026-01-29,17.09,-1.51,81.21,0,4.18,70.41,1004.1,342.53,7.79,13.406,4100.0,0.106,PM2.5-1HR
945,DEU_DEBE061,2026-01-29,19.73,-1.39,79.88,0,4.09,74.54,1004.08,8404.48,10.37,17.018,4100.0,0.009,PM2.5-1HR
945,DEU_DEBE065,2026-01-29,21.42,-1.46,80.83,0,4,75.67,1004.21,8378.06,10.83,17.662,4100.0,0.004,PM2.5-1HR
945,DEU_DEBE068,2026-01-29,16.39,-1.46,80.83,0,4,75.67,1004.21,6904.92,10.8,17.62,4100.0,0.072,PM2.5-1HR
945,DEU_DEBE069,2026-01-29,21.75,-1.39,79.88,0,4.09,74.54,1004.08,8178.6,10.64,17.396,4100.0,0.012,PM2.5-1HR
945,DEU_DEBE125,2026-01-29,20.57,-1.39,79.88,0,4.09,74.54,1004.08,6347.59,10.8,17.62,4100.0,0.01,PM2.5-1HR
945,DEU_DEBE126,2026-01-29,21.21,-1.39,79.88,0,4.09,74.54,1004.08,8412.9,10.8,17.62,4100.0,0.007,PM2.5-1HR
945,DEU_DEBE127,2026-01-29,22.85,-1.39,79.88,0,4.09,74.54,1004.08,7628.59,10.9,17.76,4100.0,0.056,PM2.5-1HR
945,DEU_DEBE010,2026-01-30,32.3,-2.65,82.58,0.12,3.94,86.64,1006.22,7313.31,21.9,33.16,4100.0,0.044,PM2.5-1HR
945,DEU_DEBE032,2026-01-30,26.69,-2.39,83.38,0.1,3.86,87.17,1005.93,0,20.67,31.438,4100.0,0.861,PM2.5-1HR
945,DEU_DEBE034,2026-01-30,34.48,-2.47,83.38,0.11,3.87,86.36,1006.07,8623.29,22.75,34.35,4100.0,0.331,PM2.5-1HR
945,DEU_DEBE051,2026-01-30,25,-2.82,81.17,0.1,4.4,89.56,1006.47,464.73,16.15,25.11,4100.0,0.134,PM2.5-1HR
945,DEU_DEBE056,2026-01-30,27.22,-2.33,83.67,0.12,4.06,86.16,1006.21,342.53,21.82,33.048,4100.0,0.106,PM2.5-1HR
945,DEU_DEBE061,2026-01-30,31.59,-2.47,83.38,0.11,3.87,86.36,1006.07,8404.48,22.04,33.356,4100.0,0.009,PM2.5-1HR
945,DEU_DEBE065,2026-01-30,35,-2.65,82.58,0.12,3.94,86.64,1006.22,8378.06,22.21,33.594,4100.0,0.004,PM2.5-1HR
945,DEU_DEBE068,2026-01-30,30.5,-2.65,82.58,0.12,3.94,86.64,1006.22,6904.92,22.75,34.35,4100.0,0.072,PM2.5-1HR
945,DEU_DEBE069,2026-01-30,34.37,-2.47,83.38,0.11,3.87,86.36,1006.07,8178.6,23.12,34.868,4100.0,0.012,PM2.5-1HR
945,DEU_DEBE125,2026-01-30,33.77,-2.47,83.38,0.11,3.87,86.36,1006.07,6347.59,22.75,34.35,4100.0,0.01,PM2.5-1HR
945,DEU_DEBE126,2026-01-30,34.04,-2.47,83.38,0.11,3.87,86.36,1006.07,8412.9,22.75,34.35,4100.0,0.007,PM2.5-1HR
945,DEU_DEBE127,2026-01-30,35.09,-2.47,83.38,0.11,3.87,86.36,1006.07,7628.59,23.35,35.19,4100.0,0.056,PM2.5-1HR
945,DEU_DEBE010,2026-01-31,29.45,-4.52,75.17,0,4.34,90.17,1011.66,7313.31,22.77,34.378,4100.0,0.044,PM2.5-1HR
945,DEU_DEBE032,2026-01-31,25.94,-4,76.67,0,4.32,91.96,1011.31,0,21.16,32.124,4100.0,0.861,PM2.5-1HR
945,DEU_DEBE034,2026-01-31,30.88,-4.31,76.96,0,4.29,90.8,1011.53,8623.29,23.16,34.924,4100.0,0.331,PM2.5-1HR
945,DEU_DEBE051,2026-01-31,23.97,-4.92,73.42,0,4.59,91.04,1011.96,464.73,17.94,27.616,4100.0,0.134,PM2.5-1HR
945,DEU_DEBE056,2026-01-31,25.1,-4.4,77,0.01,4.42,89.3,1011.76,342.53,18.72,28.708,4100.0,0.106,PM2.5-1HR
945,DEU_DEBE061,2026-01-31,30.32,-4.31,76.96,0,4.29,90.8,1011.53,8404.48,22.69,34.266,4100.0,0.009,PM2.5-1HR
945,DEU_DEBE065,2026-01-31,32.62,-4.52,75.17,0,4.34,90.17,1011.66,8378.06,22.97,34.658,4100.0,0.004,PM2.5-1HR
945,DEU_DEBE068,2026-01-31,27.84,-4.52,75.17,0,4.34,90.17,1011.66,6904.92,23.16,34.924,4100.0,0.072,PM2.5-1HR
945,DEU_DEBE069,2026-01-31,32.86,-4.31,76.96,0,4.29,90.8,1011.53,8178.6,23.33,35.162,4100.0,0.012,PM2.5-1HR
945,DEU_DEBE125,2026-01-31,31.79,-4.31,76.96,0,4.29,90.8,1011.53,6347.59,23.16,34.924,4100.0,0.01,PM2.5-1HR
945,DEU_DEBE126,2026-01-31,31.74,-4.31,76.96,0,4.29,90.8,1011.53,8412.9,23.16,34.924,4100.0,0.007,PM2.5-1HR
945,DEU_DEBE127,2026-01-31,32.34,-4.31,76.96,0,4.29,90.8,1011.53,7628.59,23.37,35.218,4100.0,0.056,PM2.5-1HR
945,DEU_DEBE010,2026-02-01,18.27,-7.2,66.13,0,4.07,93.38,1016.42,7313.31,16.21,25.194,4100.0,0.044,PM2.5-1HR
945,DEU_DEBE032,2026-02-01,16.32,-6.78,67.67,0,4,92.63,1016.11,0,14.74,23.136,4100.0,0.861,PM2.5-1HR
945,DEU_DEBE034,2026-02-01,20.15,-7.01,67.17,0,3.93,91.21,1016.3,8623.29,16.55,25.67,4100.0,0.331,PM2.5-1HR
945,DEU_DEBE051,2026-02-01,14.89,-7.31,63.79,0,4.33,98.34,1016.67,464.73,12.82,20.448,4100.0,0.134,PM2.5-1HR
945,DEU_DEBE056,2026-02-01,15.78,-7.04,67.13,0,3.97,92.71,1016.54,342.53,12.84,20.476,4100.0,0.106,PM2.5-1HR
945,DEU_DEBE061,2026-02-01,19.52,-7.01,67.17,0,3.93,91.21,1016.3,8404.48,16.09,25.026,4100.0,0.009,PM2.5-1HR
945,DEU_DEBE065,2026-02-01,20.86,-7.2,66.13,0,4.07,93.38,1016.42,8378.06,16.4,25.46,4100.0,0.004,PM2.5-1HR
945,DEU_DEBE068,2026-02-01,17.64,-7.2,66.13,0,4.07,93.38,1016.42,6904.92,16.55,25.67,4100.0,0.072,PM2.5-1HR
945,DEU_DEBE069,2026-02-01,21.26,-7.01,67.17,0,3.93,91.21,1016.3,8178.6,16.67,25.838,4100.0,0.012,PM2.5-1HR
945,DEU_DEBE125,2026-02-01,20.23,-7.01,67.17,0,3.93,91.21,1016.3,6347.59,16.55,25.67,4100.0,0.01,PM2.5-1HR
945,DEU_DEBE126,2026-02-01,20.4,-7.01,67.17,0,3.93,91.21,1016.3,8412.9,16.55,25.67,4100.0,0.007,PM2.5-1HR
945,DEU_DEBE127,2026-02-01,21.2,-7.01,67.17,0,3.93,91.21,1016.3,7628.59,16.77,25.978,4100.0,0.056,PM2.5-1HR
945,DEU_DEBE010,2026-02-02,25.58,-8.73,64.46,0,4.22,84.33,1013.86,7313.31,19.12,29.268,4100.0,0.044,PM2.5-1HR
945,DEU_DEBE032,2026-02-02,21.93,-8.27,65.83,0,4.24,85.83,1013.5,0,15.88,24.732,4100.0,0.861,PM2.5-1HR
945,DEU_DEBE034,2026-02-02,27.52,-8.48,65.5,0,4.16,84.05,1013.69,8623.29,19.18,29.352,4100.0,0.331,PM2.5-1HR
945,DEU_DEBE051,2026-02-02,21.2,-8.88,62.42,0,4.38,87.63,1014.19,464.73,15.64,24.396,4100.0,0.134,PM2.5-1HR
945,DEU_DEBE056,2026-02-02,22.21,-8.49,66.96,0,4.2,84.37,1013.91,342.53,15.8,24.62,4100.0,0.106,PM2.5-1HR
945,DEU_DEBE061,2026-02-02,26.56,-8.48,65.5,0,4.16,84.05,1013.69,8404.48,18.42,28.288,4100.0,0.009,PM2.5-1HR
945,DEU_DEBE065,2026-02-02,29.14,-8.73,64.46,0,4.22,84.33,1013.86,8378.06,19.48,29.772,4100.0,0.004,PM2.5-1HR
945,DEU_DEBE068,2026-02-02,24.42,-8.73,64.46,0,4.22,84.33,1013.86,6904.92,19.18,29.352,4100.0,0.072,PM2.5-1HR
945,DEU_DEBE069,2026-02-02,28.6,-8.48,65.5,0,4.16,84.05,1013.69,8178.6,19.1,29.24,4100.0,0.012,PM2.5-1HR
945,DEU_DEBE125,2026-02-02,28.04,-8.48,65.5,0,4.16,84.05,1013.69,6347.59,19.18,29.352,4100.0,0.01,PM2.5-1HR
945,DEU_DEBE126,2026-02-02,28.01,-8.48,65.5,0,4.16,84.05,1013.69,8412.9,19.18,29.352,4100.0,0.007,PM2.5-1HR
945,DEU_DEBE127,2026-02-02,30.03,-8.48,65.5,0,4.16,84.05,1013.69,7628.59,19.37,29.618,4100.0,0.056,PM2.5-1HR
945,DEU_DEBE010,2026-02-03,19.03,-6.97,45.96,0,4.86,87.59,1012.07,7313.31,17.35,26.79,4100.0,0.044,PM2.5-1HR
945,DEU_DEBE032,2026-02-03,16.91,-6.63,50.5,0,4.92,87.51,1011.62,0,15.79,24.606,4100.0,0.861,PM2.5-1HR
945,DEU_DEBE034,2026-02-03,20.88,-6.75,48.33,0,4.75,86.67,1011.87,8623.29,18.22,28.008,4100.0,0.331,PM2.5-1HR
945,DEU_DEBE051,2026-02-03,15.65,-7.03,42.71,0,5.39,91.25,1012.44,464.73,12.05,19.37,4100.0,0.134,PM2.5-1HR
945,DEU_DEBE056,2026-02-03,16.77,-6.78,49.58,0,4.88,87.05,1012.19,342.53,13.63,21.582,4100.0,0.106,PM2.5-1HR
945,DEU_DEBE061,2026-02-03,20.83,-6.75,48.33,0,4.75,86.67,1011.87,8404.48,17.63,27.182,4100.0,0.009,PM2.5-1HR
945,DEU_DEBE065,2026-02-03,22.44,-6.97,45.96,0,4.86,87.59,1012.07,8378.06,18.09,27.826,4100.0,0.004,PM2.5-1HR
945,DEU_DEBE068,2026-02-03,18.08,-6.97,45.96,0,4.86,87.59,1012.07,6904.92,18.22,28.008,4100.0,0.072,PM2.5-1HR
945,DEU_DEBE069,2026-02-03,22.82,-6.75,48.33,0,4.75,86.67,1011.87,8178.6,18.56,28.484,4100.0,0.012,PM2.5-1HR
945,DEU_DEBE125,2026-02-03,22.39,-6.75,48.33,0,4.75,86.67,1011.87,6347.59,18.22,28.008,4100.0,0.01,PM2.5-1HR
945,DEU_DEBE126,2026-02-03,21.69,-6.75,48.33,0,4.75,86.67,1011.87,8412.9,18.22,28.008,4100.0,0.007,PM2.5-1HR
945,DEU_DEBE127,2026-02-03,26.82,-6.75,48.33,0,4.75,86.67,1011.87,7628.59,18.63,28.582,4100.0,0.056,PM2.5-1HR
945,DEU_DEBE010,2026-02-04,38.67,-5.78,74.42,0.07,3.65,76.4,1007.89,7313.31,23.04,34.756,4100.0,0.044,PM2.5-1HR
945,DEU_DEBE032,2026-02-04,33.56,-5.54,78.25,0.08,3.63,77.61,1007.58,0,20.9,31.76,4100.0,0.861,PM2.5-1HR
945,DEU_DEBE034,2026-02-04,41.2,-5.58,75.63,0.07,3.63,76.52,1007.71,8623.29,23.52,35.428,4100.0,0.331,PM2.5-1HR
945,DEU_DEBE051,2026-02-04,31.53,-5.92,71.83,0.06,4.01,79.06,1008.18,464.73,19.22,29.408,4100.0,0.134,PM2.5-1HR
945,DEU_DEBE056,2026-02-04,33.43,-5.33,75.79,0.05,3.92,78.02,1007.85,342.53,20.25,30.85,4100.0,0.106,PM2.5-1HR
945,DEU_DEBE061,2026-02-04,39.79,-5.58,75.63,0.07,3.63,76.52,1007.71,8404.48,22.79,34.406,4100.0,0.009,PM2.5-1HR
945,DEU_DEBE065,2026-02-04,41.7,-5.78,74.42,0.07,3.65,76.4,1007.89,8378.06,23.37,35.218,4100.0,0.004,PM2.5-1HR
945,DEU_DEBE068,2026-02-04,36.41,-5.78,74.42,0.07,3.65,76.4,1007.89,6904.92,23.52,35.428,4100.0,0.072,PM2.5-1HR
945,DEU_DEBE069,2026-02-04,43.36,-5.58,75.63,0.07,3.63,76.52,1007.71,8178.6,23.54,35.456,4100.0,0.012,PM2.5-1HR
945,DEU_DEBE125,2026-02-04,41.83,-5.58,75.63,0.07,3.63,76.52,1007.71,6347.59,23.52,35.428,4100.0,0.01,PM2.5-1HR
945,DEU_DEBE126,2026-02-04,41.47,-5.58,75.63,0.07,3.63,76.52,1007.71,8412.9,23.52,35.428,4100.0,0.007,PM2.5-1HR
945,DEU_DEBE127,2026-02-04,42.76,-5.58,75.63,0.07,3.63,76.52,1007.71,7628.59,23.79,35.806,4100.0,0.056,PM2.5-1HR
945,DEU_DEBE010,2026-02-05,40.94,-3.32,91.08,0.29,3.69,80.42,999.05,7313.31,33.95,50.03,4100.0,0.044,PM2.5-1HR
945,DEU_DEBE032,2026-02-05,33.65,-3.11,92.5,0.29,3.55,78.96,998.77,0,31.35,46.39,4100.0,0.861,PM2.5-1HR
945,DEU_DEBE034,2026-02-05,44.54,-3.09,91.13,0.3,3.68,79.46,998.88,8623.29,34.8,51.22,4100.0,0.331,PM2.5-1HR
945,DEU_DEBE051,2026-02-05,31.37,-3.57,92.38,0.3,3.84,79.7,999.32,464.73,25.77,38.578,4100.0,0.134,PM2.5-1HR
945,DEU_DEBE056,2026-02-05,34.87,-2.73,91.58,0.32,3.73,80.21,998.95,342.53,30.4,45.06,4100.0,0.106,PM2.5-1HR
945,DEU_DEBE061,2026-02-05,40.11,-3.09,91.13,0.3,3.68,79.46,998.88,8404.48,33.9,49.96,4100.0,0.009,PM2.5-1HR
945,DEU_DEBE065,2026-02-05,43.67,-3.32,91.08,0.29,3.69,80.42,999.05,8378.06,34.36,50.604,4100.0,0.004,PM2.5-1HR
945,DEU_DEBE068,2026-02-05,38.73,-3.32,91.08,0.29,3.69,80.42,999.05,6904.92,34.8,51.22,4100.0,0.072,PM2.5-1HR
945,DEU_DEBE069,2026-02-05,44.27,-3.09,91.13,0.3,3.68,79.46,998.88,8178.6,35.08,51.612,4100.0,0.012,PM2.5-1HR
945,DEU_DEBE125,2026-02-05,42.35,-3.09,91.13,0.3,3.68,79.46,998.88,6347.59,34.8,51.22,4100.0,0.01,PM2.5-1HR
945,DEU_DEBE126,2026-02-05,42.35,-3.09,91.13,0.3,3.68,79.46,998.88,8412.9,34.8,51.22,4100.0,0.007,PM2.5-1HR
945,DEU_DEBE127,2026-02-05,44.23,-3.09,91.13,0.3,3.68,79.46,998.88,7628.59,35.27,51.878,4100.0,0.056,PM2.5-1HR
945,DEU_DEBE010,2026-02-06,58.33,0.33,96.46,0.1,2.62,87.92,996.31,7313.31,45.71,66.494,4100.0,0.044,PM2.5-1HR
945,DEU_DEBE032,2026-02-06,38.22,0.42,96.5,0.04,2.51,86.63,996.17,0,36.73,53.922,4100.0,0.861,PM2.5-1HR
945,DEU_DEBE034,2026-02-06,65.86,0.45,96.25,0.08,2.65,86.21,996.23,8623.29,46.11,67.054,4100.0,0.331,PM2.5-1HR
945,DEU_DEBE051,2026-02-06,31.92,0.13,97.21,0.08,2.76,86.54,996.46,464.73,26.41,39.474,4100.0,0.134,PM2.5-1HR
945,DEU_DEBE056,2026-02-06,39.36,0.46,96.83,0.1,2.53,82.34,996.28,342.53,33.73,49.722,4100.0,0.106,PM2.5-1HR
945,DEU_DEBE061,2026-02-06,47.96,0.45,96.25,0.08,2.65,86.21,996.23,8404.48,44.73,65.122,4100.0,0.009,PM2.5-1HR
945,DEU_DEBE065,2026-02-06,51.33,0.33,96.46,0.1,2.62,87.92,996.31,8378.06,46.46,67.544,4100.0,0.004,PM2.5-1HR
945,DEU_DEBE068,2026-02-06,53.35,0.33,96.46,0.1,2.62,87.92,996.31,6904.92,46.11,67.054,4100.0,0.072,PM2.5-1HR
945,DEU_DEBE069,2026-02-06,52.01,0.45,96.25,0.08,2.65,86.21,996.23,8178.6,45.98,66.872,4100.0,0.012,PM2.5-1HR
945,DEU_DEBE125,2026-02-06,47.41,0.45,96.25,0.08,2.65,86.21,996.23,6347.59,46.11,67.054,4100.0,0.01,PM2.5-1HR
945,DEU_DEBE126,2026-02-06,48.77,0.45,96.25,0.08,2.65,86.21,996.23,8412.9,46.11,67.054,4100.0,0.007,PM2.5-1HR
945,DEU_DEBE127,2026-02-06,51.93,0.45,96.25,0.08,2.65,86.21,996.23,7628.59,45.68,66.452,4100.0,0.056,PM2.5-1HR
945,DEU_DEBE010,2026-02-07,49.66,1.22,97.54,0.02,1.97,81.39,1005.33,7313.31,27.35,40.79,4100.0,0.044,PM2.5-1HR
945,DEU_DEBE032,2026-02-07,32.12,1.03,98.79,0.03,1.78,80.47,1005.24,0,24.31,36.534,4100.0,0.861,PM2.5-1HR
945,DEU_DEBE034,2026-02-07,53.71,1.27,97.63,0.03,1.96,81.85,1005.29,8623.29,27.58,41.112,4100.0,0.331,PM2.5-1HR
945,DEU_DEBE051,2026-02-07,28,0.92,97.88,0.02,2.07,75.03,1005.46,464.73,19.09,29.226,4100.0,0.134,PM2.5-1HR
945,DEU_DEBE056,2026-02-07,33.07,1.13,98,0,1.86,75.54,1005.32,342.53,23.06,34.784,4100.0,0.106,PM2.5-1HR
945,DEU_DEBE061,2026-02-07,40.58,1.27,97.63,0.03,1.96,81.85,1005.29,8404.48,26.96,40.244,4100.0,0.009,PM2.5-1HR
945,DEU_DEBE065,2026-02-07,44.13,1.22,97.54,0.02,1.97,81.39,1005.33,8378.06,27.58,41.112,4100.0,0.004,PM2.5-1HR
945,DEU_DEBE068,2026-02-07,45.58,1.22,97.54,0.02,1.97,81.39,1005.33,6904.92,27.58,41.112,4100.0,0.072,PM2.5-1HR
945,DEU_DEBE069,2026-02-07,44.34,1.27,97.63,0.03,1.96,81.85,1005.29,8178.6,27.67,41.238,4100.0,0.012,PM2.5-1HR
945,DEU_DEBE125,2026-02-07,41.52,1.27,97.63,0.03,1.96,81.85,1005.29,6347.59,27.58,41.112,4100.0,0.01,PM2.5-1HR
945,DEU_DEBE126,2026-02-07,42.4,1.27,97.63,0.03,1.96,81.85,1005.29,8412.9,27.58,41.112,4100.0,0.007,PM2.5-1HR
945,DEU_DEBE127,2026-02-07,44.6,1.27,97.63,0.03,1.96,81.85,1005.29,7628.59,27.67,41.238,4100.0,0.056,PM2.5-1HR
945,DEU_DEBE010,2026-02-08,28.29,0.33,90.96,0.02,2.26,58.16,1012.43,7313.31,19.36,29.604,4100.0,0.044,PM2.5-1HR
945,DEU_DEBE032,2026-02-08,21.63,0.26,92.63,0.02,2.05,57.87,1012.38,0,16.46,25.544,4100.0,0.861,PM2.5-1HR
945,DEU_DEBE034,2026-02-08,29.3,0.39,91.54,0.02,2.2,59.86,1012.38,8623.29,19.57,29.898,4100.0,0.331,PM2.5-1HR
945,DEU_DEBE051,2026-02-08,22.02,0.08,89.54,0.03,2.52,56.4,1012.56,464.73,16.76,25.964,4100.0,0.134,PM2.5-1HR
945,DEU_DEBE056,2026-02-08,22.25,0.39,91.04,0.01,2.34,56.86,1012.33,342.53,15.53,24.242,4100.0,0.106,PM2.5-1HR
945,DEU_DEBE061,2026-02-08,25.62,0.39,91.54,0.02,2.2,59.86,1012.38,8404.48,18.86,28.904,4100.0,0.009,PM2.5-1HR
945,DEU_DEBE065,2026-02-08,29.88,0.33,90.96,0.02,2.26,58.16,1012.43,8378.06,19.7,30.08,4100.0,0.004,PM2.5-1HR
945,DEU_DEBE068,2026-02-08,26.19,0.33,90.96,0.02,2.26,58.16,1012.43,6904.92,19.57,29.898,4100.0,0.072,PM2.5-1HR
945,DEU_DEBE069,2026-02-08,29.06,0.39,91.54,0.02,2.2,59.86,1012.38,8178.6,19.47,29.758,4100.0,0.012,PM2.5-1HR
945,DEU_DEBE125,2026-02-08,28.06,0.39,91.54,0.02,2.2,59.86,1012.38,6347.59,19.57,29.898,4100.0,0.01,PM2.5-1HR
945,DEU_DEBE126,2026-02-08,28.73,0.39,91.54,0.02,2.2,59.86,1012.38,8412.9,19.57,29.898,4100.0,0.007,PM2.5-1HR
945,DEU_DEBE127,2026-02-08,29.03,0.39,91.54,0.02,2.2,59.86,1012.38,7628.59,19.74,30.136,4100.0,0.056,PM2.5-1HR
945,DEU_DEBE010,2026-02-09,40.47,0.18,85.88,0,2.85,104.73,1012.28,7313.31,35.76,52.564,4100.0,0.044,PM2.5-1HR
945,DEU_DEBE032,2026-02-09,32.06,0.34,86.21,0,2.79,105.51,1012.13,0,30.69,45.466,4100.0,0.861,PM2.5-1HR
945,DEU_DEBE034,2026-02-09,42.59,0.32,85.83,0,2.75,104.27,1012.23,8623.29,35.74,52.536,4100.0,0.331,PM2.5-1HR
945,DEU_DEBE051,2026-02-09,30.25,0.05,84.29,0,3.01,110.17,1012.42,464.73,26.94,40.216,4100.0,0.134,PM2.5-1HR
945,DEU_DEBE056,2026-02-09,30.9,0.34,84.83,0,2.89,103.37,1012.36,342.53,25.52,38.228,4100.0,0.106,PM2.5-1HR
945,DEU_DEBE061,2026-02-09,37.7,0.32,85.83,0,2.75,104.27,1012.23,8404.48,34.79,51.206,4100.0,0.009,PM2.5-1HR
945,DEU_DEBE065,2026-02-09,40.65,0.18,85.88,0,2.85,104.73,1012.28,8378.06,36.11,53.054,4100.0,0.004,PM2.5-1HR
945,DEU_DEBE068,2026-02-09,37.75,0.18,85.88,0,2.85,104.73,1012.28,6904.92,35.74,52.536,4100.0,0.072,PM2.5-1HR
945,DEU_DEBE069,2026-02-09,40.99,0.32,85.83,0,2.75,104.27,1012.23,8178.6,35.44,52.116,4100.0,0.012,PM2.5-1HR
945,DEU_DEBE125,2026-02-09,39.9,0.32,85.83,0,2.75,104.27,1012.23,6347.59,35.74,52.536,4100.0,0.01,PM2.5-1HR
945,DEU_DEBE126,2026-02-09,39.41,0.32,85.83,0,2.75,104.27,1012.23,8412.9,35.74,52.536,4100.0,0.007,PM2.5-1HR
945,DEU_DEBE127,2026-02-09,41.36,0.32,85.83,0,2.75,104.27,1012.23,7628.59,35.61,52.354,4100.0,0.056,PM2.5-1HR
945,DEU_DEBE010,2026-02-10,34.05,1.48,86.83,0.02,2.81,124.81,1001.45,7313.31,24.24,36.436,4100.0,0.044,PM2.5-1HR
945,DEU_DEBE032,2026-02-10,26.14,1.84,84.5,0.01,2.95,124.74,1001.2,0,19.37,29.618,4100.0,0.861,PM2.5-1HR
945,DEU_DEBE034,2026-02-10,36.08,1.71,85.88,0.01,2.76,124.97,1001.38,8623.29,24.08,36.212,4100.0,0.331,PM2.5-1HR
945,DEU_DEBE051,2026-02-10,28.51,1.28,86.38,0.02,3.07,129.41,1001.51,464.73,25.79,38.606,4100.0,0.134,PM2.5-1HR
945,DEU_DEBE056,2026-02-10,28.98,1.53,85.71,0.01,2.7,125.44,1001.65,342.53,22.43,33.902,4100.0,0.106,PM2.5-1HR
945,DEU_DEBE061,2026-02-10,31.87,1.71,85.88,0.01,2.76,124.97,1001.38,8404.48,22.71,34.294,4100.0,0.009,PM2.5-1HR
945,DEU_DEBE065,2026-02-10,37.19,1.48,86.83,0.02,2.81,124.81,1001.45,8378.06,24.72,37.108,4100.0,0.004,PM2.5-1HR
945,DEU_DEBE068,2026-02-10,32.39,1.48,86.83,0.02,2.81,124.81,1001.45,6904.92,24.08,36.212,4100.0,0.072,PM2.5-1HR
945,DEU_DEBE069,2026-02-10,34.87,1.71,85.88,0.01,2.76,124.97,1001.38,8178.6,23.39,35.246,4100.0,0.012,PM2.5-1HR
945,DEU_DEBE125,2026-02-10,35.38,1.71,85.88,0.01,2.76,124.97,1001.38,6347.59,24.08,36.212,4100.0,0.01,PM2.5-1HR
945,DEU_DEBE126,2026-02-10,34.17,1.71,85.88,0.01,2.76,124.97,1001.38,8412.9,24.08,36.212,4100.0,0.007,PM2.5-1HR
945,DEU_DEBE127,2026-02-10,36.6,1.71,85.88,0.01,2.76,124.97,1001.38,7628.59,24.23,36.422,4100.0,0.056,PM2.5-1HR
945,DEU_DEBE010,2026-02-11,17.28,4.2,91.21,0.07,2.31,145.43,986.54,7313.31,15.24,23.836,4100.0,0.044,PM2.5-1HR
945,DEU_DEBE032,2026-02-11,14.57,3.6,91.46,0.08,2.29,153.65,986.39,0,12.54,20.056,4100.0,0.861,PM2.5-1HR
945,DEU_DEBE034,2026-02-11,17.83,4.41,90.38,0.08,2.33,147.67,986.51,8623.29,15.7,24.48,4100.0,0.331,PM2.5-1HR
945,DEU_DEBE051,2026-02-11,16.65,3.12,93.38,0.05,2.51,142.74,986.59,464.73,12.95,20.63,4100.0,0.134,PM2.5-1HR
945,DEU_DEBE056,2026-02-11,14.54,3.31,91.58,0.1,2.37,151.46,986.78,342.53,11.26,18.264,4100.0,0.106,PM2.5-1HR
945,DEU_DEBE061,2026-02-11,19.51,4.41,90.38,0.08,2.33,147.67,986.51,8404.48,14.77,23.178,4100.0,0.009,PM2.5-1HR
945,DEU_DEBE065,2026-02-11,24.09,4.2,91.21,0.07,2.31,145.43,986.54,8378.06,15.56,24.284,4100.0,0.004,PM2.5-1HR
945,DEU_DEBE068,2026-02-11,16,4.2,91.21,0.07,2.31,145.43,986.54,6904.92,15.7,24.48,4100.0,0.072,PM2.5-1HR
945,DEU_DEBE069,2026-02-11,21.82,4.41,90.38,0.08,2.33,147.67,986.51,8178.6,15.71,24.494,4100.0,0.012,PM2.5-1HR
945,DEU_DEBE125,2026-02-11,22.6,4.41,90.38,0.08,2.33,147.67,986.51,6347.59,15.7,24.48,4100.0,0.01,PM2.5-1HR
945,DEU_DEBE126,2026-02-11,21.81,4.41,90.38,0.08,2.33,147.67,986.51,8412.9,15.7,24.48,4100.0,0.007,PM2.5-1HR
945,DEU_DEBE127,2026-02-11,22.94,4.41,90.38,0.08,2.33,147.67,986.51,7628.59,16.11,25.054,4100.0,0.056,PM2.5-1HR
945,DEU_DEBE010,2026-02-12,9.85,5.18,98.29,0.44,2.48,138.03,980.07,7313.31,6.77,11.978,4100.0,0.044,PM2.5-1HR
945,DEU_DEBE032,2026-02-12,6.93,4.28,98.63,0.4,2.17,148.95,980,0,4.32,8.548,4100.0,0.861,PM2.5-1HR
945,DEU_DEBE034,2026-02-12,11.06,5.43,97.63,0.36,2.53,145.4,980.05,8623.29,6.83,12.062,4100.0,0.331,PM2.5-1HR
945,DEU_DEBE051,2026-02-12,8.35,4.52,99.33,0.59,2.4,119.86,980.14,464.73,5.83,10.662,4100.0,0.134,PM2.5-1HR
945,DEU_DEBE056,2026-02-12,6.98,4.76,98.96,0.23,2.22,154.13,980.21,342.53,3.89,7.946,4100.0,0.106,PM2.5-1HR
945,DEU_DEBE061,2026-02-12,10.19,5.43,97.63,0.36,2.53,145.4,980.05,8404.48,6.16,11.124,4100.0,0.009,PM2.5-1HR
945,DEU_DEBE065,2026-02-12,15.07,5.18,98.29,0.44,2.48,138.03,980.07,8378.06,7.12,12.468,4100.0,0.004,PM2.5-1HR
945,DEU_DEBE068,2026-02-12,9.63,5.18,98.29,0.44,2.48,138.03,980.07,6904.92,6.83,12.062,4100.0,0.072,PM2.5-1HR
945,DEU_DEBE069,2026-02-12,11.7,5.43,97.63,0.36,2.53,145.4,980.05,8178.6,6.63,11.782,4100.0,0.012,PM2.5-1HR
945,DEU_DEBE125,2026-02-12,13.53,5.43,97.63,0.36,2.53,145.4,980.05,6347.59,6.83,12.062,4100.0,0.01,PM2.5-1HR
945,DEU_DEBE126,2026-02-12,12.88,5.43,97.63,0.36,2.53,145.4,980.05,8412.9,6.83,12.062,4100.0,0.007,PM2.5-1HR
945,DEU_DEBE127,2026-02-12,14.11,5.43,97.63,0.36,2.53,145.4,980.05,7628.59,7.02,12.328,4100.0,0.056,PM2.5-1HR
945,DEU_DEBE010,2026-02-13,6.38,0.87,95.63,0.17,2.98,328.35,991.4,7313.31,5.27,9.878,4100.0,0.044,PM2.5-1HR
945,DEU_DEBE032,2026-02-13,6.75,0.88,96.38,0.12,2.88,330.33,991.57,0,4.63,8.982,4100.0,0.861,PM2.5-1HR
945,DEU_DEBE034,2026-02-13,7.23,1.01,95.17,0.14,2.92,329.88,991.43,8623.29,5.72,10.508,4100.0,0.331,PM2.5-1HR
945,DEU_DEBE051,2026-02-13,6.41,0.71,95.96,0.2,3.09,332.54,991.35,464.73,3.44,7.316,4100.0,0.134,PM2.5-1HR
945,DEU_DEBE056,2026-02-13,6.84,1.08,95.79,0.11,2.99,319.97,991.22,342.53,4.13,8.282,4100.0,0.106,PM2.5-1HR
945,DEU_DEBE061,2026-02-13,8.41,1.01,95.17,0.14,2.92,329.88,991.43,8404.48,5.45,10.13,4100.0,0.009,PM2.5-1HR
945,DEU_DEBE065,2026-02-13,10.66,0.87,95.63,0.17,2.98,328.35,991.4,8378.06,5.59,10.326,4100.0,0.004,PM2.5-1HR
945,DEU_DEBE068,2026-02-13,6.36,0.87,95.63,0.17,2.98,328.35,991.4,6904.92,5.72,10.508,4100.0,0.072,PM2.5-1HR
945,DEU_DEBE069,2026-02-13,11.32,1.01,95.17,0.14,2.92,329.88,991.43,8178.6,5.86,10.704,4100.0,0.012,PM2.5-1HR
945,DEU_DEBE125,2026-02-13,10.18,1.01,95.17,0.14,2.92,329.88,991.43,6347.59,5.72,10.508,4100.0,0.01,PM2.5-1HR
945,DEU_DEBE126,2026-02-13,11.18,1.01,95.17,0.14,2.92,329.88,991.43,8412.9,5.72,10.508,4100.0,0.007,PM2.5-1HR
945,DEU_DEBE127,2026-02-13,14.53,1.01,95.17,0.14,2.92,329.88,991.43,7628.59,5.97,10.858,4100.0,0.056,PM2.5-1HR
945,DEU_DEBE010,2026-02-14,7.12,-0.09,84.75,0.01,2.95,3.46,1008.14,7313.31,6.12,11.068,4100.0,0.044,PM2.5-1HR
945,DEU_DEBE032,2026-02-14,6.04,0,84.17,0.01,2.91,1.6,1008.22,0,4.89,9.346,4100.0,0.861,PM2.5-1HR
945,DEU_DEBE034,2026-02-14,9.5,0.05,84.46,0.01,2.88,3.03,1008.09,8623.29,6.31,11.334,4100.0,0.331,PM2.5-1HR
945,DEU_DEBE051,2026-02-14,5.65,-0.19,82.17,0.01,3.17,4.04,1008.22,464.73,3.89,7.946,4100.0,0.134,PM2.5-1HR
945,DEU_DEBE056,2026-02-14,6.77,0.13,84.13,0.03,2.99,2.95,1007.82,342.53,4.19,8.366,4100.0,0.106,PM2.5-1HR
945,DEU_DEBE061,2026-02-14,8.79,0.05,84.46,0.01,2.88,3.03,1008.09,8404.48,6.02,10.928,4100.0,0.009,PM2.5-1HR
945,DEU_DEBE065,2026-02-14,10.63,-0.09,84.75,0.01,2.95,3.46,1008.14,8378.06,6.34,11.376,4100.0,0.004,PM2.5-1HR
945,DEU_DEBE068,2026-02-14,7.87,-0.09,84.75,0.01,2.95,3.46,1008.14,6904.92,6.31,11.334,4100.0,0.072,PM2.5-1HR
945,DEU_DEBE069,2026-02-14,11.33,0.05,84.46,0.01,2.88,3.03,1008.09,8178.6,6.46,11.544,4100.0,0.012,PM2.5-1HR
945,DEU_DEBE125,2026-02-14,10.21,0.05,84.46,0.01,2.88,3.03,1008.09,6347.59,6.31,11.334,4100.0,0.01,PM2.5-1HR
945,DEU_DEBE126,2026-02-14,12.22,0.05,84.46,0.01,2.88,3.03,1008.09,8412.9,6.31,11.334,4100.0,0.007,PM2.5-1HR
945,DEU_DEBE127,2026-02-14,10.87,0.05,84.46,0.01,2.88,3.03,1008.09,7628.59,6.51,11.614,4100.0,0.056,PM2.5-1HR
945,DEU_DEBE010,2026-02-15,4.66,-2.4,69.29,0,2.1,70.25,1017.43,7313.31,4.19,8.366,4100.0,0.044,PM2.5-1HR
945,DEU_DEBE032,2026-02-15,4.31,-2.51,69.96,0,2.12,85.91,1017.4,0,4.09,8.226,4100.0,0.861,PM2.5-1HR
945,DEU_DEBE034,2026-02-15,4.96,-2.33,70.5,0,2.03,78.92,1017.43,8623.29,4.44,8.716,4100.0,0.331,PM2.5-1HR
945,DEU_DEBE051,2026-02-15,3.69,-2.52,67.5,0,2.22,61.06,1017.4,464.73,2.48,5.972,4100.0,0.134,PM2.5-1HR
945,DEU_DEBE056,2026-02-15,3.87,-1.98,68.75,0,2.11,26.92,1017.41,342.53,2.87,6.518,4100.0,0.106,PM2.5-1HR
945,DEU_DEBE061,2026-02-15,6.21,-2.33,70.5,0,2.03,78.92,1017.43,8404.48,4.2,8.38,4100.0,0.009,PM2.5-1HR
945,DEU_DEBE065,2026-02-15,7.06,-2.4,69.29,0,2.1,70.25,1017.43,8378.06,4.19,8.366,4100.0,0.004,PM2.5-1HR
945,DEU_DEBE068,2026-02-15,4.28,-2.4,69.29,0,2.1,70.25,1017.43,6904.92,4.44,8.716,4100.0,0.072,PM2.5-1HR
945,DEU_DEBE069,2026-02-15,7.29,-2.33,70.5,0,2.03,78.92,1017.43,8178.6,4.45,8.73,4100.0,0.012,PM2.5-1HR
945,DEU_DEBE125,2026-02-15,7.8,-2.33,70.5,0,2.03,78.92,1017.43,6347.59,4.44,8.716,4100.0,0.01,PM2.5-1HR
945,DEU_DEBE126,2026-02-15,6.83,-2.33,70.5,0,2.03,78.92,1017.43,8412.9,4.44,8.716,4100.0,0.007,PM2.5-1HR
945,DEU_DEBE127,2026-02-15,7.67,-2.33,70.5,0,2.03,78.92,1017.43,7628.59,4.58,8.912,4100.0,0.056,PM2.5-1HR
945,DEU_DEBE010,2026-02-16,16.31,-3.78,71.33,0.03,4.37,111.22,1000.48,7313.31,7.87,13.518,4100.0,0.044,PM2.5-1HR
945,DEU_DEBE032,2026-02-16,15.76,-3.48,70.63,0.04,4.45,111.51,1000.16,0,6.17,11.138,4100.0,0.861,PM2.5-1HR
945,DEU_DEBE034,2026-02-16,17.55,-3.6,70.58,0.03,4.27,111.05,1000.38,8623.29,8.01,13.714,4100.0,0.331,PM2.5-1HR
945,DEU_DEBE051,2026-02-16,18.56,-3.94,71.5,0.03,4.82,112.85,1000.68,464.73,6.09,11.026,4100.0,0.134,PM2.5-1HR
945,DEU_DEBE056,2026-02-16,17.32,-3.72,72.25,0.04,4.38,108.14,1000.72,342.53,5.37,10.018,4100.0,0.106,PM2.5-1HR
945,DEU_DEBE061,2026-02-16,19.87,-3.6,70.58,0.03,4.27,111.05,1000.38,8404.48,7.57,13.098,4100.0,0.009,PM2.5-1HR
945,DEU_DEBE065,2026-02-16,23.53,-3.78,71.33,0.03,4.37,111.22,1000.48,8378.06,8.09,13.826,4100.0,0.004,PM2.5-1HR
945,DEU_DEBE068,2026-02-16,15.86,-3.78,71.33,0.03,4.37,111.22,1000.48,6904.92,8.01,13.714,4100.0,0.072,PM2.5-1HR
945,DEU_DEBE069,2026-02-16,21.27,-3.6,70.58,0.03,4.27,111.05,1000.38,8178.6,8.04,13.756,4100.0,0.012,PM2.5-1HR
945,DEU_DEBE125,2026-02-16,22.58,-3.6,70.58,0.03,4.27,111.05,1000.38,6347.59,8.01,13.714,4100.0,0.01,PM2.5-1HR
945,DEU_DEBE126,2026-02-16,22.05,-3.6,70.58,0.03,4.27,111.05,1000.38,8412.9,8.01,13.714,4100.0,0.007,PM2.5-1HR
945,DEU_DEBE127,2026-02-16,23.94,-3.6,70.58,0.03,4.27,111.05,1000.38,7628.59,8.17,13.938,4100.0,0.056,PM2.5-1HR
945,DEU_DEBE010,2026-02-17,37.44,-2.4,80.92,0.06,1.48,86.77,1003.68,7313.31,30.26,44.864,4100.0,0.044,PM2.5-1HR
945,DEU_DEBE032,2026-02-17,30.73,-2.1,82.88,0.13,1.55,89.81,1003.57,0,28.38,42.232,4100.0,0.861,PM2.5-1HR
945,DEU_DEBE034,2026-02-17,38.4,-2.22,81.75,0.08,1.49,89.95,1003.62,8623.29,30.74,45.536,4100.0,0.331,PM2.5-1HR
945,DEU_DEBE051,2026-02-17,27.42,-2.65,78.38,0.04,1.69,85.87,1003.76,464.73,23.53,35.442,4100.0,0.134,PM2.5-1HR
945,DEU_DEBE056,2026-02-17,28.3,-2.12,82.25,0.09,1.43,85.31,1003.63,342.53,23.48,35.372,4100.0,0.106,PM2.5-1HR
945,DEU_DEBE061,2026-02-17,36.78,-2.22,81.75,0.08,1.49,89.95,1003.62,8404.48,29.98,44.472,4100.0,0.009,PM2.5-1HR
945,DEU_DEBE065,2026-02-17,39.98,-2.4,80.92,0.06,1.48,86.77,1003.68,8378.06,30.38,45.032,4100.0,0.004,PM2.5-1HR
945,DEU_DEBE068,2026-02-17,35.32,-2.4,80.92,0.06,1.48,86.77,1003.68,6904.92,30.74,45.536,4100.0,0.072,PM2.5-1HR
945,DEU_DEBE069,2026-02-17,39.47,-2.22,81.75,0.08,1.49,89.95,1003.62,8178.6,30.84,45.676,4100.0,0.012,PM2.5-1HR
945,DEU_DEBE125,2026-02-17,40.04,-2.22,81.75,0.08,1.49,89.95,1003.62,6347.59,30.74,45.536,4100.0,0.01,PM2.5-1HR
945,DEU_DEBE126,2026-02-17,38.2,-2.22,81.75,0.08,1.49,89.95,1003.62,8412.9,30.74,45.536,4100.0,0.007,PM2.5-1HR
945,DEU_DEBE127,2026-02-17,39.26,-2.22,81.75,0.08,1.49,89.95,1003.62,7628.59,31.11,46.054,4100.0,0.056,PM2.5-1HR
945,DEU_DEBE010,2026-02-18,23.9,-2.37,78.38,0.03,1.62,13.3,1013.08,7313.31,10.09,16.626,4100.0,0.044,PM2.5-1HR
945,DEU_DEBE032,2026-02-18,20.42,-2.12,82.13,0.02,1.42,14.16,1013.08,0,8.38,14.232,4100.0,0.861,PM2.5-1HR
945,DEU_DEBE034,2026-02-18,26.61,-2.14,79.54,0.02,1.52,16.98,1013.05,8623.29,10.78,17.592,4100.0,0.331,PM2.5-1HR
945,DEU_DEBE051,2026-02-18,17.77,-2.88,78.33,0.03,1.71,4.26,1013.13,464.73,6.33,11.362,4100.0,0.134,PM2.5-1HR
945,DEU_DEBE056,2026-02-18,18.81,-2.61,83.04,0.01,1.42,10.16,1012.99,342.53,5.98,10.872,4100.0,0.106,PM2.5-1HR
945,DEU_DEBE061,2026-02-18,26.11,-2.14,79.54,0.02,1.52,16.98,1013.05,8404.48,10.36,17.004,4100.0,0.009,PM2.5-1HR
945,DEU_DEBE065,2026-02-18,27.06,-2.37,78.38,0.03,1.62,13.3,1013.08,8378.06,10.39,17.046,4100.0,0.004,PM2.5-1HR
945,DEU_DEBE068,2026-02-18,25.12,-2.37,78.38,0.03,1.62,13.3,1013.08,6904.92,10.78,17.592,4100.0,0.072,PM2.5-1HR
945,DEU_DEBE069,2026-02-18,31.03,-2.14,79.54,0.02,1.52,16.98,1013.05,8178.6,11.19,18.166,4100.0,0.012,PM2.5-1HR
945,DEU_DEBE125,2026-02-18,26.36,-2.14,79.54,0.02,1.52,16.98,1013.05,6347.59,10.78,17.592,4100.0,0.01,PM2.5-1HR
945,DEU_DEBE126,2026-02-18,27.23,-2.14,79.54,0.02,1.52,16.98,1013.05,8412.9,10.78,17.592,4100.0,0.007,PM2.5-1HR
945,DEU_DEBE127,2026-02-18,28.54,-2.14,79.54,0.02,1.52,16.98,1013.05,7628.59,11.14,18.096,4100.0,0.056,PM2.5-1HR
945,DEU_DEBE010,2026-02-19,10.31,-4.25,67.42,0,2.77,79.7,1014.68,7313.31,9.12,15.268,4100.0,0.044,PM2.5-1HR
945,DEU_DEBE032,2026-02-19,9.74,-3.94,67.29,0,2.8,79.64,1014.52,0,7.72,13.308,4100.0,0.861,PM2.5-1HR
945,DEU_DEBE034,2026-02-19,13.33,-4.08,67.42,0,2.77,78.71,1014.6,8623.29,9.53,15.842,4100.0,0.331,PM2.5-1HR
945,DEU_DEBE051,2026-02-19,12.22,-4.74,69.33,0,2.68,80.35,1014.8,464.73,6.76,11.964,4100.0,0.134,PM2.5-1HR
945,DEU_DEBE056,2026-02-19,11.82,-4.82,74.63,0,2.48,74.71,1014.65,342.53,7.18,12.552,4100.0,0.106,PM2.5-1HR
945,DEU_DEBE061,2026-02-19,12.96,-4.08,67.42,0,2.77,78.71,1014.6,8404.48,9.03,15.142,4100.0,0.009,PM2.5-1HR
945,DEU_DEBE065,2026-02-19,14.82,-4.25,67.42,0,2.77,79.7,1014.68,8378.06,9.38,15.632,4100.0,0.004,PM2.5-1HR
945,DEU_DEBE068,2026-02-19,10.59,-4.25,67.42,0,2.77,79.7,1014.68,6904.92,9.53,15.842,4100.0,0.072,PM2.5-1HR
945,DEU_DEBE069,2026-02-19,16.21,-4.08,67.42,0,2.77,78.71,1014.6,8178.6,9.74,16.136,4100.0,0.012,PM2.5-1HR
945,DEU_DEBE125,2026-02-19,13.55,-4.08,67.42,0,2.77,78.71,1014.6,6347.59,9.53,15.842,4100.0,0.01,PM2.5-1HR
945,DEU_DEBE126,2026-02-19,14.88,-4.08,67.42,0,2.77,78.71,1014.6,8412.9,9.53,15.842,4100.0,0.007,PM2.5-1HR
945,DEU_DEBE127,2026-02-19,16.27,-4.08,67.42,0,2.77,78.71,1014.6,7628.59,9.9,16.36,4100.0,0.056,PM2.5-1HR
945,DEU_DEBE010,2026-02-20,14.31,-3.64,72.33,0,3.19,121.51,1023.61,7313.31,10.83,17.662,4100.0,0.044,PM2.5-1HR
945,DEU_DEBE032,2026-02-20,12.89,-3.6,71.92,0,3.23,121.04,1023.44,0,10.17,16.738,4100.0,0.861,PM2.5-1HR
945,DEU_DEBE034,2026-02-20,15.53,-3.51,71.88,0,3.16,120.85,1023.59,8623.29,11.29,18.306,4100.0,0.331,PM2.5-1HR
945,DEU_DEBE051,2026-02-20,13.51,-3.91,73.46,0,3.55,125.27,1023.6,464.73,10.49,17.186,4100.0,0.134,PM2.5-1HR
945,DEU_DEBE056,2026-02-20,13.51,-4.06,75.46,0,3.1,118.89,1023.84,342.53,11.03,17.942,4100.0,0.106,PM2.5-1HR
945,DEU_DEBE061,2026-02-20,17.71,-3.51,71.88,0,3.16,120.85,1023.59,8404.48,10.85,17.69,4100.0,0.009,PM2.5-1HR
945,DEU_DEBE065,2026-02-20,20.17,-3.64,72.33,0,3.19,121.51,1023.61,8378.06,10.89,17.746,4100.0,0.004,PM2.5-1HR
945,DEU_DEBE068,2026-02-20,14.59,-3.64,72.33,0,3.19,121.51,1023.61,6904.92,11.29,18.306,4100.0,0.072,PM2.5-1HR
945,DEU_DEBE069,2026-02-20,20.05,-3.51,71.88,0,3.16,120.85,1023.59,8178.6,11.42,18.488,4100.0,0.012,PM2.5-1HR
945,DEU_DEBE125,2026-02-20,18.46,-3.51,71.88,0,3.16,120.85,1023.59,6347.59,11.29,18.306,4100.0,0.01,PM2.5-1HR
945,DEU_DEBE126,2026-02-20,18.9,-3.51,71.88,0,3.16,120.85,1023.59,8412.9,11.29,18.306,4100.0,0.007,PM2.5-1HR
945,DEU_DEBE127,2026-02-20,19.14,-3.51,71.88,0,3.16,120.85,1023.59,7628.59,11.58,18.712,4100.0,0.056,PM2.5-1HR
945,DEU_DEBE010,2026-02-21,13.04,4.16,88.63,0.09,4.51,230.53,1015.64,7313.31,7.49,12.986,4100.0,0.044,PM2.5-1HR
945,DEU_DEBE032,2026-02-21,10.34,4.13,89.54,0.1,4.45,229.81,1015.74,0,6.15,11.11,4100.0,0.861,PM2.5-1HR
945,DEU_DEBE034,2026-02-21,15.01,4.27,88.63,0.09,4.5,231.01,1015.8,8623.29,7.84,13.476,4100.0,0.331,PM2.5-1HR
945,DEU_DEBE051,2026-02-21,10.82,3.77,90.21,0.1,4.8,228.44,1015.33,464.73,6.37,11.418,4100.0,0.134,PM2.5-1HR
945,DEU_DEBE056,2026-02-21,11.01,3.63,90.04,0.09,4.41,228.9,1016.03,342.53,5.96,10.844,4100.0,0.106,PM2.5-1HR
945,DEU_DEBE061,2026-02-21,12.66,4.27,88.63,0.09,4.5,231.01,1015.8,8404.48,7.16,12.524,4100.0,0.009,PM2.5-1HR
945,DEU_DEBE065,2026-02-21,18.65,4.16,88.63,0.09,4.51,230.53,1015.64,8378.06,7.74,13.336,4100.0,0.004,PM2.5-1HR
945,DEU_DEBE068,2026-02-21,13.66,4.16,88.63,0.09,4.51,230.53,1015.64,6904.92,7.84,13.476,4100.0,0.072,PM2.5-1HR
945,DEU_DEBE069,2026-02-21,15.83,4.27,88.63,0.09,4.5,231.01,1015.8,8178.6,7.71,13.294,4100.0,0.012,PM2.5-1HR
945,DEU_DEBE125,2026-02-21,15.04,4.27,88.63,0.09,4.5,231.01,1015.8,6347.59,7.84,13.476,4100.0,0.01,PM2.5-1HR
945,DEU_DEBE126,2026-02-21,14.77,4.27,88.63,0.09,4.5,231.01,1015.8,8412.9,7.84,13.476,4100.0,0.007,PM2.5-1HR
945,DEU_DEBE127,2026-02-21,15.79,4.27,88.63,0.09,4.5,231.01,1015.8,7628.59,8.17,13.938,4100.0,0.056,PM2.5-1HR
945,DEU_DEBE010,2026-02-22,4.93,7.45,96.79,0.42,4.34,241.85,1012.78,7313.31,3.88,7.932,4100.0,0.044,PM2.5-1HR
945,DEU_DEBE032,2026-02-22,4.76,7.2,97.58,0.4,4.28,240.84,1012.93,0,2.43,5.902,4100.0,0.861,PM2.5-1HR
945,DEU_DEBE034,2026-02-22,6.36,7.57,96.38,0.4,4.35,242.01,1012.92,8623.29,4.22,8.408,4100.0,0.331,PM2.5-1HR
945,DEU_DEBE051,2026-02-22,5.31,6.99,98.42,0.47,4.24,238.9,1012.53,464.73,2.76,6.364,4100.0,0.134,PM2.5-1HR
945,DEU_DEBE056,2026-02-22,5.9,7.02,97.63,0.4,4.08,238.8,1013.04,342.53,2.79,6.406,4100.0,0.106,PM2.5-1HR
945,DEU_DEBE061,2026-02-22,5.29,7.57,96.38,0.4,4.35,242.01,1012.92,8404.48,3.72,7.708,4100.0,0.009,PM2.5-1HR
945,DEU_DEBE065,2026-02-22,9.62,7.45,96.79,0.42,4.34,241.85,1012.78,8378.06,4.35,8.59,4100.0,0.004,PM2.5-1HR
945,DEU_DEBE068,2026-02-22,5.53,7.45,96.79,0.42,4.34,241.85,1012.78,6904.92,4.22,8.408,4100.0,0.072,PM2.5-1HR
945,DEU_DEBE069,2026-02-22,7.62,7.57,96.38,0.4,4.35,242.01,1012.92,8178.6,4.14,8.296,4100.0,0.012,PM2.5-1HR
945,DEU_DEBE125,2026-02-22,7.19,7.57,96.38,0.4,4.35,242.01,1012.92,6347.59,4.22,8.408,4100.0,0.01,PM2.5-1HR
945,DEU_DEBE126,2026-02-22,7.2,7.57,96.38,0.4,4.35,242.01,1012.92,8412.9,4.22,8.408,4100.0,0.007,PM2.5-1HR
945,DEU_DEBE127,2026-02-22,7.89,7.57,96.38,0.4,4.35,242.01,1012.92,7628.59,4.47,8.758,4100.0,0.056,PM2.5-1HR
945,DEU_DEBE010,2026-02-23,5.22,6.85,90.42,0.23,4.67,258.28,1009.93,7313.31,3.78,7.792,4100.0,0.044,PM2.5-1HR
945,DEU_DEBE032,2026-02-23,4.42,6.61,90.83,0.27,4.53,258.15,1010.14,0,2.53,6.042,4100.0,0.861,PM2.5-1HR
945,DEU_DEBE034,2026-02-23,6.3,6.9,90.25,0.28,4.58,259.09,1010.06,8623.29,3.96,8.044,4100.0,0.331,PM2.5-1HR
945,DEU_DEBE051,2026-02-23,4.33,6.43,92.21,0.35,4.87,255.4,1009.63,464.73,2.55,6.07,4100.0,0.134,PM2.5-1HR
945,DEU_DEBE056,2026-02-23,4.74,6.53,91.13,0.48,4.44,257.65,1010.1,342.53,2.85,6.49,4100.0,0.106,PM2.5-1HR
945,DEU_DEBE061,2026-02-23,5.2,6.9,90.25,0.28,4.58,259.09,1010.06,8404.48,3.6,7.54,4100.0,0.009,PM2.5-1HR
945,DEU_DEBE065,2026-02-23,8.94,6.85,90.42,0.23,4.67,258.28,1009.93,8378.06,4.04,8.156,4100.0,0.004,PM2.5-1HR
945,DEU_DEBE068,2026-02-23,5.47,6.85,90.42,0.23,4.67,258.28,1009.93,6904.92,3.96,8.044,4100.0,0.072,PM2.5-1HR
945,DEU_DEBE069,2026-02-23,8.91,6.9,90.25,0.28,4.58,259.09,1010.06,8178.6,3.94,8.016,4100.0,0.012,PM2.5-1HR
945,DEU_DEBE125,2026-02-23,6.83,6.9,90.25,0.28,4.58,259.09,1010.06,6347.59,3.96,8.044,4100.0,0.01,PM2.5-1HR
945,DEU_DEBE126,2026-02-23,7.05,6.9,90.25,0.28,4.58,259.09,1010.06,8412.9,3.96,8.044,4100.0,0.007,PM2.5-1HR
945,DEU_DEBE127,2026-02-23,7.66,6.9,90.25,0.28,4.58,259.09,1010.06,7628.59,4.15,8.31,4100.0,0.056,PM2.5-1HR
945,DEU_DEBE010,2026-02-24,6.13,5.77,86.92,0.03,2.79,297.34,1017.69,7313.31,4.53,8.842,4100.0,0.044,PM2.5-1HR
945,DEU_DEBE032,2026-02-24,4.32,5.31,88.58,0.03,2.81,285.16,1017.84,0,3.28,7.092,4100.0,0.861,PM2.5-1HR
945,DEU_DEBE034,2026-02-24,7.22,5.83,87.79,0.03,2.8,292.34,1017.75,8623.29,4.7,9.08,4100.0,0.331,PM2.5-1HR
945,DEU_DEBE051,2026-02-24,5.24,5.15,87.75,0.06,2.74,291.93,1017.6,464.73,3.07,6.798,4100.0,0.134,PM2.5-1HR
945,DEU_DEBE056,2026-02-24,5.03,5.23,88.42,0.03,2.64,297.73,1017.72,342.53,2.69,6.266,4100.0,0.106,PM2.5-1HR
945,DEU_DEBE061,2026-02-24,6.62,5.83,87.79,0.03,2.8,292.34,1017.75,8404.48,4.39,8.646,4100.0,0.009,PM2.5-1HR
945,DEU_DEBE065,2026-02-24,10.14,5.77,86.92,0.03,2.79,297.34,1017.69,8378.06,4.67,9.038,4100.0,0.004,PM2.5-1HR
945,DEU_DEBE068,2026-02-24,6.88,5.77,86.92,0.03,2.79,297.34,1017.69,6904.92,4.7,9.08,4100.0,0.072,PM2.5-1HR
945,DEU_DEBE069,2026-02-24,11.03,5.83,87.79,0.03,2.8,292.34,1017.75,8178.6,4.85,9.29,4100.0,0.012,PM2.5-1HR
945,DEU_DEBE125,2026-02-24,7.44,5.83,87.79,0.03,2.8,292.34,1017.75,6347.59,4.7,9.08,4100.0,0.01,PM2.5-1HR
945,DEU_DEBE126,2026-02-24,9.7,5.83,87.79,0.03,2.8,292.34,1017.75,8412.9,4.7,9.08,4100.0,0.007,PM2.5-1HR
945,DEU_DEBE127,2026-02-24,8.7,5.83,87.79,0.03,2.8,292.34,1017.75,7628.59,4.91,9.374,4100.0,0.056,PM2.5-1HR
945,DEU_DEBE010,2026-02-25,11.17,4.57,88.75,0,2.14,122.54,1024.35,7313.31,10.37,17.018,4100.0,0.044,PM2.5-1HR
945,DEU_DEBE032,2026-02-25,8.53,4.12,88.29,0,2.07,125.01,1024.2,0,8.25,14.05,4100.0,0.861,PM2.5-1HR
945,DEU_DEBE034,2026-02-25,12.42,4.59,88.58,0,2.12,122.45,1024.32,8623.29,10.82,17.648,4100.0,0.331,PM2.5-1HR
945,DEU_DEBE051,2026-02-25,11,3.77,88.08,0,2.43,119.94,1024.39,464.73,8.41,14.274,4100.0,0.134,PM2.5-1HR
945,DEU_DEBE056,2026-02-25,9.43,3.84,88.17,0,2.04,116.87,1024.49,342.53,7.45,12.93,4100.0,0.106,PM2.5-1HR
945,DEU_DEBE061,2026-02-25,13.55,4.59,88.58,0,2.12,122.45,1024.32,8404.48,9.91,16.374,4100.0,0.009,PM2.5-1HR
945,DEU_DEBE065,2026-02-25,17.13,4.57,88.75,0,2.14,122.54,1024.35,8378.06,10.61,17.354,4100.0,0.004,PM2.5-1HR
945,DEU_DEBE068,2026-02-25,12.26,4.57,88.75,0,2.14,122.54,1024.35,6904.92,10.82,17.648,4100.0,0.072,PM2.5-1HR
945,DEU_DEBE069,2026-02-25,16.31,4.59,88.58,0,2.12,122.45,1024.32,8178.6,10.72,17.508,4100.0,0.012,PM2.5-1HR
945,DEU_DEBE125,2026-02-25,15.42,4.59,88.58,0,2.12,122.45,1024.32,6347.59,10.82,17.648,4100.0,0.01,PM2.5-1HR
945,DEU_DEBE126,2026-02-25,15.8,4.59,88.58,0,2.12,122.45,1024.32,8412.9,10.82,17.648,4100.0,0.007,PM2.5-1HR
945,DEU_DEBE127,2026-02-25,17.17,4.59,88.58,0,2.12,122.45,1024.32,7628.59,11.12,18.068,4100.0,0.056,PM2.5-1HR
945,DEU_DEBE127,2026-02-26,15.45,7.33,85.29,0,3.19,176.24,1021.87,7628.59,8.73,14.722,4100.0,0.056,PM2.5-1HR
945,DEU_DEBE010,2026-02-26,10.62,7.28,85.42,0,3.17,174.6,1021.81,7313.31,7.71,13.294,4100.0,0.044,PM2.5-1HR
945,DEU_DEBE032,2026-02-26,8.52,7.01,85.83,0,3.16,173.26,1021.73,0,5.83,10.662,4100.0,0.861,PM2.5-1HR
945,DEU_DEBE034,2026-02-26,12.28,7.33,85.29,0,3.19,176.24,1021.87,8623.29,8.33,14.162,4100.0,0.331,PM2.5-1HR
945,DEU_DEBE051,2026-02-26,10.9,6.68,86.21,0,3.74,176.08,1021.68,464.73,4.65,9.01,4100.0,0.134,PM2.5-1HR
945,DEU_DEBE056,2026-02-26,11.06,6.47,85.38,0,3.14,175.55,1022.19,342.53,4.2,8.38,4100.0,0.106,PM2.5-1HR
945,DEU_DEBE061,2026-02-26,12.86,7.33,85.29,0,3.19,176.24,1021.87,8404.48,7.73,13.322,4100.0,0.009,PM2.5-1HR
945,DEU_DEBE065,2026-02-26,17.98,7.28,85.42,0,3.17,174.6,1021.81,8378.06,7.91,13.574,4100.0,0.004,PM2.5-1HR
945,DEU_DEBE068,2026-02-26,13.23,7.28,85.42,0,3.17,174.6,1021.81,6904.92,8.33,14.162,4100.0,0.072,PM2.5-1HR
945,DEU_DEBE069,2026-02-26,17.73,7.33,85.29,0,3.19,176.24,1021.87,8178.6,8.66,14.624,4100.0,0.012,PM2.5-1HR
945,DEU_DEBE125,2026-02-26,15.31,7.33,85.29,0,3.19,176.24,1021.87,6347.59,8.33,14.162,4100.0,0.01,PM2.5-1HR
945,DEU_DEBE126,2026-02-26,15.84,7.33,85.29,0,3.19,176.24,1021.87,8412.9,8.33,14.162,4100.0,0.007,PM2.5-1HR
945,DEU_DEBE127,2026-02-27,17.35,11.1,81.08,0,3.25,192.85,1018.48,7628.59,11.23,18.222,4100.0,0.056,PM2.5-1HR
945,DEU_DEBE010,2026-02-27,11.62,11.01,81.46,0,3.16,192.13,1018.41,7313.31,10.87,17.718,4100.0,0.044,PM2.5-1HR
945,DEU_DEBE032,2026-02-27,9.72,10.51,81.17,0,3.13,191.13,1018.36,0,9.16,15.324,4100.0,0.861,PM2.5-1HR
945,DEU_DEBE034,2026-02-27,13.49,11.1,81.08,0,3.25,192.85,1018.48,8623.29,11.03,17.942,4100.0,0.331,PM2.5-1HR
945,DEU_DEBE051,2026-02-27,11.32,10.33,82.58,0,3.39,191.26,1018.24,464.73,7.98,13.672,4100.0,0.134,PM2.5-1HR
945,DEU_DEBE056,2026-02-27,11.57,10.3,82.71,0,3.19,192.56,1018.82,342.53,8.75,14.75,4100.0,0.106,PM2.5-1HR
945,DEU_DEBE061,2026-02-27,13.8,11.1,81.08,0,3.25,192.85,1018.48,8404.48,10.42,17.088,4100.0,0.009,PM2.5-1HR
945,DEU_DEBE065,2026-02-27,18.94,11.01,81.46,0,3.16,192.13,1018.41,8378.06,10.96,17.844,4100.0,0.004,PM2.5-1HR
945,DEU_DEBE068,2026-02-27,14.43,11.01,81.46,0,3.16,192.13,1018.41,6904.92,11.03,17.942,4100.0,0.072,PM2.5-1HR
945,DEU_DEBE069,2026-02-27,20.17,11.1,81.08,0,3.25,192.85,1018.48,8178.6,10.97,17.858,4100.0,0.012,PM2.5-1HR
945,DEU_DEBE125,2026-02-27,17.59,11.1,81.08,0,3.25,192.85,1018.48,6347.59,11.03,17.942,4100.0,0.01,PM2.5-1HR
945,DEU_DEBE126,2026-02-27,21.15,11.1,81.08,0,3.25,192.85,1018.48,8412.9,11.03,17.942,4100.0,0.007,PM2.5-1HR
945,DEU_DEBE127,2026-02-28,16.81,12.25,68.5,0,3.19,203.49,1017.74,7628.59,8.21,13.994,4100.0,0.056,PM2.5-1HR
945,DEU_DEBE010,2026-02-28,8.91,12.17,69.17,0,3.15,201.2,1017.65,7313.31,7.36,12.804,4100.0,0.044,PM2.5-1HR
945,DEU_DEBE032,2026-02-28,7.54,12.07,67.63,0,3.32,200.75,1017.66,0,4.36,8.604,4100.0,0.861,PM2.5-1HR
945,DEU_DEBE034,2026-02-28,11.29,12.25,68.5,0,3.19,203.49,1017.74,8623.29,7.85,13.49,4100.0,0.331,PM2.5-1HR
945,DEU_DEBE051,2026-02-28,9.05,11.89,69,0,3.48,198.43,1017.48,464.73,4.81,9.234,4100.0,0.134,PM2.5-1HR
945,DEU_DEBE056,2026-02-28,10.06,11.99,66.33,0,3.13,203.67,1017.95,342.53,6.16,11.124,4100.0,0.106,PM2.5-1HR
945,DEU_DEBE061,2026-02-28,10.48,12.25,68.5,0,3.19,203.49,1017.74,8404.48,7.13,12.482,4100.0,0.009,PM2.5-1HR
945,DEU_DEBE065,2026-02-28,15.91,12.17,69.17,0,3.15,201.2,1017.65,8378.06,8.13,13.882,4100.0,0.004,PM2.5-1HR
945,DEU_DEBE068,2026-02-28,10.9,12.17,69.17,0,3.15,201.2,1017.65,6904.92,7.85,13.49,4100.0,0.072,PM2.5-1HR
945,DEU_DEBE069,2026-02-28,14.55,12.25,68.5,0,3.19,203.49,1017.74,8178.6,7.91,13.574,4100.0,0.012,PM2.5-1HR
945,DEU_DEBE125,2026-02-28,14.2,12.25,68.5,0,3.19,203.49,1017.74,6347.59,7.85,13.49,4100.0,0.01,PM2.5-1HR
945,DEU_DEBE126,2026-02-28,15.67,12.25,68.5,0,3.19,203.49,1017.74,8412.9,7.85,13.49,4100.0,0.007,PM2.5-1HR
945,DEU_DEBE010,2026-03-01,5.39,7.8,68.63,0,3.02,240.13,1023.69,7313.31,3.83,7.862,4100.0,0.044,PM2.5-1HR
945,DEU_DEBE127,2026-03-01,10.13,7.89,68,0,2.94,241.45,1023.77,7628.59,4.3,8.52,4100.0,0.056,PM2.5-1HR
945,DEU_DEBE032,2026-03-01,3.88,7.65,67.21,0,3.01,239.61,1023.76,0,1.93,5.202,4100.0,0.861,PM2.5-1HR
945,DEU_DEBE034,2026-03-01,8.67,7.89,68,0,2.94,241.45,1023.77,8623.29,4.1,8.24,4100.0,0.331,PM2.5-1HR
945,DEU_DEBE051,2026-03-01,6.62,7.42,66.04,0,3.32,235.76,1023.53,464.73,1.79,5.006,4100.0,0.134,PM2.5-1HR
945,DEU_DEBE056,2026-03-01,4.59,7.84,67.13,0,3,242.3,1023.83,342.53,1.92,5.188,4100.0,0.106,PM2.5-1HR
945,DEU_DEBE061,2026-03-01,6.93,7.89,68,0,2.94,241.45,1023.77,8404.48,3.67,7.638,4100.0,0.009,PM2.5-1HR
945,DEU_DEBE065,2026-03-01,11.91,7.8,68.63,0,3.02,240.13,1023.69,8378.06,4.28,8.492,4100.0,0.004,PM2.5-1HR
945,DEU_DEBE068,2026-03-01,6.53,7.8,68.63,0,3.02,240.13,1023.69,6904.92,4.1,8.24,4100.0,0.072,PM2.5-1HR
945,DEU_DEBE069,2026-03-01,10.83,7.89,68,0,2.94,241.45,1023.77,8178.6,4.11,8.254,4100.0,0.012,PM2.5-1HR
945,DEU_DEBE125,2026-03-01,9.09,7.89,68,0,2.94,241.45,1023.77,6347.59,4.1,8.24,4100.0,0.01,PM2.5-1HR
945,DEU_DEBE126,2026-03-01,10.28,7.89,68,0,2.94,241.45,1023.77,8412.9,4.1,8.24,4100.0,0.007,PM2.5-1HR
945,DEU_DEBE010,2026-03-02,7.53,6.96,70.5,0,2.11,178.28,1025,7313.31,6.66,11.824,4100.0,0.044,PM2.5-1HR
945,DEU_DEBE127,2026-03-02,17.91,7.04,69.83,0,2.18,181.72,1025.06,7628.59,7.94,13.616,4100.0,0.056,PM2.5-1HR
945,DEU_DEBE032,2026-03-02,5.01,6.9,68.33,0,2.18,180.41,1024.93,0,3.64,7.596,4100.0,0.861,PM2.5-1HR
945,DEU_DEBE034,2026-03-02,11,7.04,69.83,0,2.18,181.72,1025.06,8623.29,7.56,13.084,4100.0,0.331,PM2.5-1HR
945,DEU_DEBE051,2026-03-02,8.58,6.5,68.38,0,2.4,179.14,1024.93,464.73,2.88,6.532,4100.0,0.134,PM2.5-1HR
945,DEU_DEBE056,2026-03-02,6.39,6.47,69.13,0,2.08,187.29,1025.22,342.53,2.59,6.126,4100.0,0.106,PM2.5-1HR
945,DEU_DEBE061,2026-03-02,10.73,7.04,69.83,0,2.18,181.72,1025.06,8404.48,6.85,12.09,4100.0,0.009,PM2.5-1HR
945,DEU_DEBE065,2026-03-02,17.55,6.96,70.5,0,2.11,178.28,1025,8378.06,7.48,12.972,4100.0,0.004,PM2.5-1HR
945,DEU_DEBE068,2026-03-02,10.94,6.96,70.5,0,2.11,178.28,1025,6904.92,7.56,13.084,4100.0,0.072,PM2.5-1HR
945,DEU_DEBE069,2026-03-02,18.87,7.04,69.83,0,2.18,181.72,1025.06,8178.6,7.83,13.462,4100.0,0.012,PM2.5-1HR
945,DEU_DEBE125,2026-03-02,13.79,7.04,69.83,0,2.18,181.72,1025.06,6347.59,7.56,13.084,4100.0,0.01,PM2.5-1HR
945,DEU_DEBE126,2026-03-02,16.59,7.04,69.83,0,2.18,181.72,1025.06,8412.9,7.56,13.084,4100.0,0.007,PM2.5-1HR
945,DEU_DEBE010,2026-03-03,10.86,7.21,74.5,0,1.52,194.66,1026.2,7313.31,8.23,14.022,4100.0,0.044,PM2.5-1HR
945,DEU_DEBE127,2026-03-03,24.13,7.22,73.63,0,1.61,194.82,1026.23,7628.59,9.87,16.318,4100.0,0.056,PM2.5-1HR
945,DEU_DEBE032,2026-03-03,6.61,6.85,70,0,1.47,195.84,1026.18,0,5.22,9.808,4100.0,0.861,PM2.5-1HR
945,DEU_DEBE034,2026-03-03,15.05,7.22,73.63,0,1.61,194.82,1026.23,8623.29,9.32,15.548,4100.0,0.331,PM2.5-1HR
945,DEU_DEBE051,2026-03-03,9,6.49,71.79,0,1.94,203.97,1026.13,464.73,4.14,8.296,4100.0,0.134,PM2.5-1HR
945,DEU_DEBE056,2026-03-03,7.73,6.43,72.88,0,1.59,204.44,1026.36,342.53,4.09,8.226,4100.0,0.106,PM2.5-1HR
945,DEU_DEBE061,2026-03-03,13.56,7.22,73.63,0,1.61,194.82,1026.23,8404.48,8.4,14.26,4100.0,0.009,PM2.5-1HR
945,DEU_DEBE065,2026-03-03,22.99,7.21,74.5,0,1.52,194.66,1026.2,8378.06,9.08,15.212,4100.0,0.004,PM2.5-1HR
945,DEU_DEBE068,2026-03-03,13.42,7.21,74.5,0,1.52,194.66,1026.2,6904.92,9.32,15.548,4100.0,0.072,PM2.5-1HR
945,DEU_DEBE069,2026-03-03,25.57,7.22,73.63,0,1.61,194.82,1026.23,8178.6,9.57,15.898,4100.0,0.012,PM2.5-1HR
945,DEU_DEBE125,2026-03-03,18.81,7.22,73.63,0,1.61,194.82,1026.23,6347.59,9.32,15.548,4100.0,0.01,PM2.5-1HR
945,DEU_DEBE126,2026-03-03,20.29,7.22,73.63,0,1.61,194.82,1026.23,8412.9,9.32,15.548,4100.0,0.007,PM2.5-1HR
945,DEU_DEBE010,2026-03-04,12.85,5.7,74.54,0,1.79,8.76,1028.5,7313.31,7.45,12.93,4100.0,0.044,PM2.5-1HR
945,DEU_DEBE127,2026-03-04,19.37,6.08,73.21,0,1.63,5.53,1028.46,7628.59,8.09,13.826,4100.0,0.056,PM2.5-1HR
945,DEU_DEBE032,2026-03-04,9.15,5.1,73.04,0,1.38,357.05,1028.53,0,5.37,10.018,4100.0,0.861,PM2.5-1HR
945,DEU_DEBE034,2026-03-04,14.21,6.08,73.21,0,1.63,5.53,1028.46,8623.29,7.85,13.49,4100.0,0.331,PM2.5-1HR
945,DEU_DEBE051,2026-03-04,8.57,4.53,75.33,0,1.81,2.56,1028.55,464.73,3.9,7.96,4100.0,0.134,PM2.5-1HR
945,DEU_DEBE056,2026-03-04,19.54,4.79,75.21,0,1.47,1.79,1028.38,342.53,5.15,9.71,4100.0,0.106,PM2.5-1HR
945,DEU_DEBE061,2026-03-04,14.27,6.08,73.21,0,1.63,5.53,1028.46,8404.48,7.41,12.874,4100.0,0.009,PM2.5-1HR
945,DEU_DEBE065,2026-03-04,18.56,5.7,74.54,0,1.79,8.76,1028.5,8378.06,7.81,13.434,4100.0,0.004,PM2.5-1HR
945,DEU_DEBE068,2026-03-04,12.66,5.7,74.54,0,1.79,8.76,1028.5,6904.92,7.85,13.49,4100.0,0.072,PM2.5-1HR
945,DEU_DEBE069,2026-03-04,23.31,6.08,73.21,0,1.63,5.53,1028.46,8178.6,8.06,13.784,4100.0,0.012,PM2.5-1HR
945,DEU_DEBE125,2026-03-04,17.06,6.08,73.21,0,1.63,5.53,1028.46,6347.59,7.85,13.49,4100.0,0.01,PM2.5-1HR
945,DEU_DEBE126,2026-03-04,19.11,6.08,73.21,0,1.63,5.53,1028.46,8412.9,7.85,13.49,4100.0,0.007,PM2.5-1HR
945,DEU_DEBE010,2026-03-05,11.15,4.57,69.71,0,2.14,113.54,1027.1,7313.31,6.78,11.992,4100.0,0.044,PM2.5-1HR
945,DEU_DEBE127,2026-03-05,20.78,4.85,68.25,0,2.1,113.66,1027.05,7628.59,7.62,13.168,4100.0,0.056,PM2.5-1HR
945,DEU_DEBE032,2026-03-05,8.1,4.31,67.75,0,2.06,115.05,1026.97,0,4.75,9.15,4100.0,0.861,PM2.5-1HR
945,DEU_DEBE034,2026-03-05,13.19,4.85,68.25,0,2.1,113.66,1027.05,8623.29,7.3,12.72,4100.0,0.331,PM2.5-1HR
945,DEU_DEBE051,2026-03-05,9.94,3.75,66.96,0,2.32,122.21,1027.11,464.73,4.05,8.17,4100.0,0.134,PM2.5-1HR
945,DEU_DEBE056,2026-03-05,12.43,3.98,70.13,0,1.85,115.23,1027.18,342.53,3.24,7.036,4100.0,0.106,PM2.5-1HR
945,DEU_DEBE061,2026-03-05,13.89,4.85,68.25,0,2.1,113.66,1027.05,8404.48,6.72,11.908,4100.0,0.009,PM2.5-1HR
945,DEU_DEBE065,2026-03-05,17.55,4.57,69.71,0,2.14,113.54,1027.1,8378.06,7.31,12.734,4100.0,0.004,PM2.5-1HR
945,DEU_DEBE068,2026-03-05,12.2,4.57,69.71,0,2.14,113.54,1027.1,6904.92,7.3,12.72,4100.0,0.072,PM2.5-1HR
945,DEU_DEBE069,2026-03-05,17.37,4.85,68.25,0,2.1,113.66,1027.05,8178.6,7.5,13.0,4100.0,0.012,PM2.5-1HR
945,DEU_DEBE125,2026-03-05,17.62,4.85,68.25,0,2.1,113.66,1027.05,6347.59,7.3,12.72,4100.0,0.01,PM2.5-1HR
945,DEU_DEBE126,2026-03-05,17.19,4.85,68.25,0,2.1,113.66,1027.05,8412.9,7.3,12.72,4100.0,0.007,PM2.5-1HR
945,DEU_DEBE010,2026-03-06,14,6.58,65.79,0,2.46,120.12,1024.98,7313.31,11.74,18.936,4100.0,0.044,PM2.5-1HR
945,DEU_DEBE127,2026-03-06,22.25,6.68,65,0,2.41,117.58,1024.93,7628.59,12.34,19.776,4100.0,0.056,PM2.5-1HR
945,DEU_DEBE032,2026-03-06,10.52,6.1,64.96,0,2.35,119.95,1024.83,0,8.17,13.938,4100.0,0.861,PM2.5-1HR
945,DEU_DEBE034,2026-03-06,14.43,6.68,65,0,2.41,117.58,1024.93,8623.29,12.02,19.328,4100.0,0.331,PM2.5-1HR
945,DEU_DEBE051,2026-03-06,14.26,6.16,63.04,0,2.75,129.52,1025.01,464.73,8.03,13.742,4100.0,0.134,PM2.5-1HR
945,DEU_DEBE056,2026-03-06,11.85,6.2,64.04,0,2.2,118.76,1025.11,342.53,7.48,12.972,4100.0,0.106,PM2.5-1HR
945,DEU_DEBE061,2026-03-06,20.08,6.68,65,0,2.41,117.58,1024.93,8404.48,11.13,18.082,4100.0,0.009,PM2.5-1HR
945,DEU_DEBE065,2026-03-06,20.45,6.58,65.79,0,2.46,120.12,1024.98,8378.06,12.41,19.874,4100.0,0.004,PM2.5-1HR
945,DEU_DEBE068,2026-03-06,15.39,6.58,65.79,0,2.46,120.12,1024.98,6904.92,12.02,19.328,4100.0,0.072,PM2.5-1HR
945,DEU_DEBE069,2026-03-06,21.34,6.68,65,0,2.41,117.58,1024.93,8178.6,12.05,19.37,4100.0,0.012,PM2.5-1HR
945,DEU_DEBE125,2026-03-06,21.3,6.68,65,0,2.41,117.58,1024.93,6347.59,12.02,19.328,4100.0,0.01,PM2.5-1HR
945,DEU_DEBE126,2026-03-06,19.77,6.68,65,0,2.41,117.58,1024.93,8412.9,12.02,19.328,4100.0,0.007,PM2.5-1HR
945,DEU_DEBE010,2026-03-07,25.74,8.27,70.54,0,1.84,128.36,1026.1,7313.31,17.49,26.986,4100.0,0.044,PM2.5-1HR
945,DEU_DEBE127,2026-03-07,34.11,8.3,70.38,0,1.82,126.19,1026.1,7628.59,18.4,28.26,4100.0,0.056,PM2.5-1HR
945,DEU_DEBE032,2026-03-07,18.44,7.23,70.75,0,1.72,126.15,1026.02,0,15.55,24.27,4100.0,0.861,PM2.5-1HR
945,DEU_DEBE034,2026-03-07,26.96,8.3,70.38,0,1.82,126.19,1026.1,8623.29,17.93,27.602,4100.0,0.331,PM2.5-1HR
945,DEU_DEBE051,2026-03-07,25.18,7.43,68.92,0,2.07,136.02,1026.12,464.73,12.83,20.462,4100.0,0.134,PM2.5-1HR
945,DEU_DEBE056,2026-03-07,21.79,7,71.5,0,1.68,127.85,1026.23,342.53,12.1,19.44,4100.0,0.106,PM2.5-1HR
945,DEU_DEBE061,2026-03-07,33.17,8.3,70.38,0,1.82,126.19,1026.1,8404.48,17.19,26.566,4100.0,0.009,PM2.5-1HR
945,DEU_DEBE065,2026-03-07,35.09,8.27,70.54,0,1.84,128.36,1026.1,8378.06,17.66,27.224,4100.0,0.004,PM2.5-1HR
945,DEU_DEBE068,2026-03-07,27.56,8.27,70.54,0,1.84,128.36,1026.1,6904.92,17.93,27.602,4100.0,0.072,PM2.5-1HR
945,DEU_DEBE069,2026-03-07,35.02,8.3,70.38,0,1.82,126.19,1026.1,8178.6,18.41,28.274,4100.0,0.012,PM2.5-1HR
945,DEU_DEBE125,2026-03-07,35.34,8.3,70.38,0,1.82,126.19,1026.1,6347.59,17.93,27.602,4100.0,0.01,PM2.5-1HR
945,DEU_DEBE126,2026-03-07,34.87,8.3,70.38,0,1.82,126.19,1026.1,8412.9,17.93,27.602,4100.0,0.007,PM2.5-1HR
945,DEU_DEBE010,2026-03-08,30.85,8.37,70.58,0,2.46,108.36,1027.68,7313.31,22.51,34.014,4100.0,0.044,PM2.5-1HR
945,DEU_DEBE127,2026-03-08,36.6,8.47,70.21,0,2.44,103.92,1027.63,7628.59,22.77,34.378,4100.0,0.056,PM2.5-1HR
945,DEU_DEBE032,2026-03-08,25.02,7.88,70.17,0,2.3,109.59,1027.51,0,19.72,30.108,4100.0,0.861,PM2.5-1HR
945,DEU_DEBE034,2026-03-08,30.47,8.47,70.21,0,2.44,103.92,1027.63,8623.29,22.75,34.35,4100.0,0.331,PM2.5-1HR
945,DEU_DEBE051,2026-03-08,33.4,8.27,66.13,0,2.65,117.17,1027.75,464.73,24.94,37.416,4100.0,0.134,PM2.5-1HR
945,DEU_DEBE056,2026-03-08,30.71,7.23,70.5,0,2.21,100.73,1027.83,342.53,23.63,35.582,4100.0,0.106,PM2.5-1HR
945,DEU_DEBE061,2026-03-08,33.82,8.47,70.21,0,2.44,103.92,1027.63,8404.48,21.86,33.104,4100.0,0.009,PM2.5-1HR
945,DEU_DEBE065,2026-03-08,36.69,8.37,70.58,0,2.46,108.36,1027.68,8378.06,22.76,34.364,4100.0,0.004,PM2.5-1HR
945,DEU_DEBE068,2026-03-08,32.14,8.37,70.58,0,2.46,108.36,1027.68,6904.92,22.75,34.35,4100.0,0.072,PM2.5-1HR
945,DEU_DEBE069,2026-03-08,35.94,8.47,70.21,0,2.44,103.92,1027.63,8178.6,22.45,33.93,4100.0,0.012,PM2.5-1HR
945,DEU_DEBE125,2026-03-08,36.65,8.47,70.21,0,2.44,103.92,1027.63,6347.59,22.75,34.35,4100.0,0.01,PM2.5-1HR
945,DEU_DEBE126,2026-03-08,35.3,8.47,70.21,0,2.44,103.92,1027.63,8412.9,22.75,34.35,4100.0,0.007,PM2.5-1HR
945,DEU_DEBE010,2026-03-14,5.64,9.29,75.92,0.05,3.35,236.03,1000.8,7313.31,5.03,9.542,4100.0,0.044,PM2.5-1HR
945,DEU_DEBE032,2026-03-14,5.82,8.96,77.42,0.04,3.4,244.86,1000.84,0,3.49,7.386,4100.0,0.861,PM2.5-1HR
945,DEU_DEBE034,2026-03-14,6.23,9.45,74.79,0.06,3.31,236.39,1000.8,8623.29,5.28,9.892,4100.0,0.331,PM2.5-1HR
945,DEU_DEBE051,2026-03-14,5.17,9.16,74.42,0.05,3.63,233.01,1000.75,464.73,3.45,7.33,4100.0,0.134,PM2.5-1HR
945,DEU_DEBE056,2026-03-14,4.98,9.79,72.25,0.03,3.48,218.46,1000.82,342.53,2.83,6.462,4100.0,0.106,PM2.5-1HR
945,DEU_DEBE061,2026-03-14,6.92,9.45,74.79,0.06,3.31,236.39,1000.8,8404.48,4.82,9.248,4100.0,0.009,PM2.5-1HR
945,DEU_DEBE065,2026-03-14,9.54,9.29,75.92,0.05,3.35,236.03,1000.8,8378.06,5.23,9.822,4100.0,0.004,PM2.5-1HR
945,DEU_DEBE068,2026-03-14,6.81,9.29,75.92,0.05,3.35,236.03,1000.8,6904.92,5.28,9.892,4100.0,0.072,PM2.5-1HR
945,DEU_DEBE069,2026-03-14,9.61,9.45,74.79,0.06,3.31,236.39,1000.8,8178.6,5.3,9.92,4100.0,0.012,PM2.5-1HR
945,DEU_DEBE125,2026-03-14,9.41,9.45,74.79,0.06,3.31,236.39,1000.8,6347.59,5.28,9.892,4100.0,0.01,PM2.5-1HR
945,DEU_DEBE126,2026-03-14,9.35,9.45,74.79,0.06,3.31,236.39,1000.8,8412.9,5.28,9.892,4100.0,0.007,PM2.5-1HR
945,DEU_DEBE010,2026-03-15,5.82,5.63,84.08,0.03,1.91,293.56,1013.28,7313.31,5.79,10.606,4100.0,0.044,PM2.5-1HR
945,DEU_DEBE032,2026-03-15,4.83,5.47,85.79,0.02,1.89,290.99,1013.37,0,4.18,8.352,4100.0,0.861,PM2.5-1HR
945,DEU_DEBE034,2026-03-15,7.41,5.71,83.38,0.02,1.85,294.12,1013.32,8623.29,6.08,11.012,4100.0,0.331,PM2.5-1HR
945,DEU_DEBE051,2026-03-15,6.15,5.37,83.79,0.02,2.02,290.45,1013.24,464.73,2.8,6.42,4100.0,0.134,PM2.5-1HR
945,DEU_DEBE056,2026-03-15,6.13,5.97,83.75,0.03,1.89,297.2,1013.2,342.53,3.3,7.12,4100.0,0.106,PM2.5-1HR
945,DEU_DEBE061,2026-03-15,7.21,5.71,83.38,0.02,1.85,294.12,1013.32,8404.48,5.69,10.466,4100.0,0.009,PM2.5-1HR
945,DEU_DEBE065,2026-03-15,10.51,5.63,84.08,0.03,1.91,293.56,1013.28,8378.06,5.92,10.788,4100.0,0.004,PM2.5-1HR
945,DEU_DEBE068,2026-03-15,6.37,5.63,84.08,0.03,1.91,293.56,1013.28,6904.92,6.08,11.012,4100.0,0.072,PM2.5-1HR
945,DEU_DEBE069,2026-03-15,10.49,5.71,83.38,0.02,1.85,294.12,1013.32,8178.6,6.31,11.334,4100.0,0.012,PM2.5-1HR
945,DEU_DEBE125,2026-03-15,9.64,5.71,83.38,0.02,1.85,294.12,1013.32,6347.59,6.08,11.012,4100.0,0.01,PM2.5-1HR
945,DEU_DEBE126,2026-03-15,9.74,5.71,83.38,0.02,1.85,294.12,1013.32,8412.9,6.08,11.012,4100.0,0.007,PM2.5-1HR
945,DEU_DEBE010,2026-03-16,7.47,4.84,86.46,0.22,3.42,220.81,1013.31,7313.31,4,8.1,4100.0,0.044,PM2.5-1HR
945,DEU_DEBE010,2026-03-19,17.66,7.53,70.08,0,1.13,5.42,1026.45,7313.31,16.13,25.082,4100.0,0.044,PM2.5-1HR
945,DEU_DEBE032,2026-03-19,15.91,6.91,71.04,0,1.09,8.92,1026.49,0,15.28,23.892,4100.0,0.861,PM2.5-1HR
945,DEU_DEBE034,2026-03-19,19.36,7.75,70.29,0,1.21,16.6,1026.45,8623.29,16.76,25.964,4100.0,0.331,PM2.5-1HR
945,DEU_DEBE051,2026-03-19,12.78,6.47,68.13,0,1.1,357.92,1026.43,464.73,9.87,16.318,4100.0,0.134,PM2.5-1HR
945,DEU_DEBE056,2026-03-19,15.31,6.69,72.88,0,1.03,18.44,1026.41,342.53,11.16,18.124,4100.0,0.106,PM2.5-1HR
945,DEU_DEBE061,2026-03-19,22.07,7.75,70.29,0,1.21,16.6,1026.45,8404.48,16.39,25.446,4100.0,0.009,PM2.5-1HR
945,DEU_DEBE065,2026-03-19,24.05,7.53,70.08,0,1.13,5.42,1026.45,8378.06,15.93,24.802,4100.0,0.004,PM2.5-1HR
945,DEU_DEBE068,2026-03-19,18.02,7.53,70.08,0,1.13,5.42,1026.45,6904.92,16.76,25.964,4100.0,0.072,PM2.5-1HR
945,DEU_DEBE069,2026-03-19,27.81,7.75,70.29,0,1.21,16.6,1026.45,8178.6,17.32,26.748,4100.0,0.012,PM2.5-1HR
945,DEU_DEBE125,2026-03-19,24.51,7.75,70.29,0,1.21,16.6,1026.45,6347.59,16.76,25.964,4100.0,0.01,PM2.5-1HR
945,DEU_DEBE126,2026-03-19,25.53,7.75,70.29,0,1.21,16.6,1026.45,8412.9,16.76,25.964,4100.0,0.007,PM2.5-1HR
945,DEU_DEBE010,2026-03-20,14.78,7.35,79.79,0.01,2.16,12.67,1021.1,7313.31,7.13,12.482,4100.0,0.044,PM2.5-1HR
945,DEU_DEBE032,2026-03-20,12.35,7.15,79.17,0.01,1.96,9.95,1021.09,0,5.17,9.738,4100.0,0.861,PM2.5-1HR
945,DEU_DEBE034,2026-03-20,14.54,7.69,77.83,0.02,2.1,12.01,1021.04,8623.29,7.29,12.706,4100.0,0.331,PM2.5-1HR
945,DEU_DEBE051,2026-03-20,11.64,6.52,82.38,0.02,2.29,12.4,1021.2,464.73,4.72,9.108,4100.0,0.134,PM2.5-1HR
945,DEU_DEBE056,2026-03-20,14.7,6.91,82.25,0.02,2,9.74,1020.93,342.53,4.32,8.548,4100.0,0.106,PM2.5-1HR
945,DEU_DEBE061,2026-03-20,15.55,7.69,77.83,0.02,2.1,12.01,1021.04,8404.48,6.72,11.908,4100.0,0.009,PM2.5-1HR
945,DEU_DEBE065,2026-03-20,17.19,7.35,79.79,0.01,2.16,12.67,1021.1,8378.06,7.18,12.552,4100.0,0.004,PM2.5-1HR
945,DEU_DEBE068,2026-03-20,15.15,7.35,79.79,0.01,2.16,12.67,1021.1,6904.92,7.29,12.706,4100.0,0.072,PM2.5-1HR
945,DEU_DEBE069,2026-03-20,18.49,7.69,77.83,0.02,2.1,12.01,1021.04,8178.6,7.51,13.014,4100.0,0.012,PM2.5-1HR
945,DEU_DEBE125,2026-03-20,17.23,7.69,77.83,0.02,2.1,12.01,1021.04,6347.59,7.29,12.706,4100.0,0.01,PM2.5-1HR
945,DEU_DEBE126,2026-03-20,17.69,7.69,77.83,0.02,2.1,12.01,1021.04,8412.9,7.29,12.706,4100.0,0.007,PM2.5-1HR
945,DEU_DEBE010,2026-03-21,20.96,6.51,77.75,0.01,2.6,67.21,1020.73,7313.31,12.29,19.706,4100.0,0.044,PM2.5-1HR
945,DEU_DEBE032,2026-03-21,17.19,6.62,79.08,0.03,2.49,67.44,1020.61,0,9.44,15.716,4100.0,0.861,PM2.5-1HR
945,DEU_DEBE034,2026-03-21,19.77,6.72,77.38,0.03,2.55,66.49,1020.64,8623.29,12.67,20.238,4100.0,0.331,PM2.5-1HR
945,DEU_DEBE051,2026-03-21,16.12,5.98,76.5,0,2.77,69.36,1020.86,464.73,9.35,15.59,4100.0,0.134,PM2.5-1HR
945,DEU_DEBE056,2026-03-21,18.32,6.07,79.67,0.03,2.51,67.24,1020.63,342.53,4.92,9.388,4100.0,0.106,PM2.5-1HR
945,DEU_DEBE061,2026-03-21,20.84,6.72,77.38,0.03,2.55,66.49,1020.64,8404.48,12.17,19.538,4100.0,0.009,PM2.5-1HR
945,DEU_DEBE065,2026-03-21,23,6.51,77.75,0.01,2.6,67.21,1020.73,8378.06,12.54,20.056,4100.0,0.004,PM2.5-1HR
945,DEU_DEBE068,2026-03-21,21.46,6.51,77.75,0.01,2.6,67.21,1020.73,6904.92,12.67,20.238,4100.0,0.072,PM2.5-1HR
945,DEU_DEBE069,2026-03-21,23.87,6.72,77.38,0.03,2.55,66.49,1020.64,8178.6,12.65,20.21,4100.0,0.012,PM2.5-1HR
945,DEU_DEBE125,2026-03-21,22.4,6.72,77.38,0.03,2.55,66.49,1020.64,6347.59,12.67,20.238,4100.0,0.01,PM2.5-1HR
945,DEU_DEBE126,2026-03-21,23.1,6.72,77.38,0.03,2.55,66.49,1020.64,8412.9,12.67,20.238,4100.0,0.007,PM2.5-1HR
945,DEU_DEBE126,2026-03-22,20.03,7.52,61,0,2.65,90.38,1020.12,8412.9,10.33,16.962,4100.0,0.007,PM2.5-1HR
945,DEU_DEBE010,2026-03-22,16.75,7.28,62.58,0,2.78,90.59,1020.22,7313.31,10.32,16.948,4100.0,0.044,PM2.5-1HR
945,DEU_DEBE032,2026-03-22,13.63,7.21,63.08,0,2.51,93.05,1020.06,0,8.02,13.728,4100.0,0.861,PM2.5-1HR
945,DEU_DEBE034,2026-03-22,14.71,7.52,61,0,2.65,90.38,1020.12,8623.29,10.33,16.962,4100.0,0.331,PM2.5-1HR
945,DEU_DEBE051,2026-03-22,14.74,6.84,60.75,0,2.86,96.63,1020.37,464.73,10.11,16.654,4100.0,0.134,PM2.5-1HR
945,DEU_DEBE056,2026-03-22,15.28,6.96,64.75,0,2.62,88.2,1020.18,342.53,8.33,14.162,4100.0,0.106,PM2.5-1HR
945,DEU_DEBE061,2026-03-22,18.67,7.52,61,0,2.65,90.38,1020.12,8404.48,9.46,15.744,4100.0,0.009,PM2.5-1HR
945,DEU_DEBE065,2026-03-22,20.37,7.28,62.58,0,2.78,90.59,1020.22,8378.06,10.53,17.242,4100.0,0.004,PM2.5-1HR
945,DEU_DEBE068,2026-03-22,15.68,7.28,62.58,0,2.78,90.59,1020.22,6904.92,10.33,16.962,4100.0,0.072,PM2.5-1HR
945,DEU_DEBE069,2026-03-22,20.9,7.52,61,0,2.65,90.38,1020.12,8178.6,9.88,16.332,4100.0,0.012,PM2.5-1HR
945,DEU_DEBE125,2026-03-22,20.27,7.52,61,0,2.65,90.38,1020.12,6347.59,10.33,16.962,4100.0,0.01,PM2.5-1HR
945,DEU_DEBE010,2026-03-23,16.5,8.62,62.71,0,1.37,338.91,1018.2,7313.31,14.58,22.912,4100.0,0.044,PM2.5-1HR
945,DEU_DEBE032,2026-03-23,14.82,7.74,62.88,0,1.32,322.39,1018.27,0,13.31,21.134,4100.0,0.861,PM2.5-1HR
945,DEU_DEBE034,2026-03-23,17.61,8.88,60.83,0,1.43,343.98,1018.2,8623.29,15.13,23.682,4100.0,0.331,PM2.5-1HR
945,DEU_DEBE051,2026-03-23,14.14,7.5,61.83,0,1.39,2.77,1018.17,464.73,10.39,17.046,4100.0,0.134,PM2.5-1HR
945,DEU_DEBE056,2026-03-23,19.2,7.69,66.21,0,1.08,346.61,1018.15,342.53,13.12,20.868,4100.0,0.106,PM2.5-1HR
945,DEU_DEBE061,2026-03-23,22.89,8.88,60.83,0,1.43,343.98,1018.2,8404.48,14.38,22.632,4100.0,0.009,PM2.5-1HR
945,DEU_DEBE065,2026-03-23,26.94,8.62,62.71,0,1.37,338.91,1018.2,8378.06,14.35,22.59,4100.0,0.004,PM2.5-1HR
945,DEU_DEBE068,2026-03-23,21.31,8.62,62.71,0,1.37,338.91,1018.2,6904.92,15.13,23.682,4100.0,0.072,PM2.5-1HR
945,DEU_DEBE069,2026-03-23,28.46,8.88,60.83,0,1.43,343.98,1018.2,8178.6,15.55,24.27,4100.0,0.012,PM2.5-1HR
945,DEU_DEBE125,2026-03-23,23.81,8.88,60.83,0,1.43,343.98,1018.2,6347.59,15.13,23.682,4100.0,0.01,PM2.5-1HR
945,DEU_DEBE126,2026-03-23,23.68,8.88,60.83,0,1.43,343.98,1018.2,8412.9,15.13,23.682,4100.0,0.007,PM2.5-1HR
945,DEU_DEBE010,2026-03-24,17.94,10.14,59,0,3.13,216.74,1016.17,7313.31,15.68,24.452,4100.0,0.044,PM2.5-1HR
945,DEU_DEBE032,2026-03-24,16.78,9.49,60.5,0,2.98,214.04,1016.21,0,14.18,22.352,4100.0,0.861,PM2.5-1HR
945,DEU_DEBE034,2026-03-24,19.46,10.22,56.42,0,3.16,214.38,1016.27,8623.29,16.02,24.928,4100.0,0.331,PM2.5-1HR
945,DEU_DEBE051,2026-03-24,18.56,9.39,59.38,0,3.43,217.26,1015.94,464.73,12.94,20.616,4100.0,0.134,PM2.5-1HR
945,DEU_DEBE056,2026-03-24,18.31,9.2,61.58,0,3.12,217.99,1016.49,342.53,13.31,21.134,4100.0,0.106,PM2.5-1HR
945,DEU_DEBE061,2026-03-24,21.18,10.22,56.42,0,3.16,214.38,1016.27,8404.48,15.36,24.004,4100.0,0.009,PM2.5-1HR
945,DEU_DEBE065,2026-03-24,24.04,10.14,59,0,3.13,216.74,1016.17,8378.06,15.66,24.424,4100.0,0.004,PM2.5-1HR
945,DEU_DEBE068,2026-03-24,18.85,10.14,59,0,3.13,216.74,1016.17,6904.92,16.02,24.928,4100.0,0.072,PM2.5-1HR
945,DEU_DEBE069,2026-03-24,26.6,10.22,56.42,0,3.16,214.38,1016.27,8178.6,16.29,25.306,4100.0,0.012,PM2.5-1HR
945,DEU_DEBE125,2026-03-24,24.35,10.22,56.42,0,3.16,214.38,1016.27,6347.59,16.02,24.928,4100.0,0.01,PM2.5-1HR
945,DEU_DEBE126,2026-03-24,23.84,10.22,56.42,0,3.16,214.38,1016.27,8412.9,16.02,24.928,4100.0,0.007,PM2.5-1HR
945,DEU_DEBE010,2026-03-25,7.88,9.62,60.83,0.04,5.12,241.01,999.61,7313.31,3.26,7.064,4100.0,0.044,PM2.5-1HR
945,DEU_DEBE032,2026-03-25,6.32,9.5,62.29,0.02,5.11,240.4,999.75,0,1,3.9,4100.0,0.861,PM2.5-1HR
945,DEU_DEBE034,2026-03-25,8.3,9.83,58.54,0.07,5.09,240.67,999.76,8623.29,3.59,7.526,4100.0,0.331,PM2.5-1HR
945,DEU_DEBE051,2026-03-25,6.73,9.28,62.25,0.07,5.48,237.18,999.3,464.73,1.21,4.194,4100.0,0.134,PM2.5-1HR
945,DEU_DEBE056,2026-03-25,7.1,9.64,61.58,0.03,4.98,239.53,999.97,342.53,1.18,4.152,4100.0,0.106,PM2.5-1HR
945,DEU_DEBE061,2026-03-25,8.34,9.83,58.54,0.07,5.09,240.67,999.76,8404.48,3.06,6.784,4100.0,0.009,PM2.5-1HR
945,DEU_DEBE065,2026-03-25,11.65,9.62,60.83,0.04,5.12,241.01,999.61,8378.06,3.6,7.54,4100.0,0.004,PM2.5-1HR
945,DEU_DEBE068,2026-03-25,7.99,9.62,60.83,0.04,5.12,241.01,999.61,6904.92,3.59,7.526,4100.0,0.072,PM2.5-1HR
945,DEU_DEBE069,2026-03-25,12.12,9.83,58.54,0.07,5.09,240.67,999.76,8178.6,3.64,7.596,4100.0,0.012,PM2.5-1HR
945,DEU_DEBE125,2026-03-25,11.43,9.83,58.54,0.07,5.09,240.67,999.76,6347.59,3.59,7.526,4100.0,0.01,PM2.5-1HR
945,DEU_DEBE126,2026-03-25,10.95,9.83,58.54,0.07,5.09,240.67,999.76,8412.9,3.59,7.526,4100.0,0.007,PM2.5-1HR
945,DEU_DEBE010,2026-03-26,5.82,4.27,75.13,0.07,3.52,280.39,1009.4,7313.31,4.62,8.968,4100.0,0.044,PM2.5-1HR
945,DEU_DEBE032,2026-03-26,4.34,4.36,75.13,0.05,3.61,279.6,1009.57,0,2.71,6.294,4100.0,0.861,PM2.5-1HR
945,DEU_DEBE034,2026-03-26,6.56,4.56,72.88,0.04,3.46,280.87,1009.49,8623.29,4.84,9.276,4100.0,0.331,PM2.5-1HR
945,DEU_DEBE051,2026-03-26,4.88,3.79,76.21,0.04,3.71,273.68,1009.24,464.73,2.69,6.266,4100.0,0.134,PM2.5-1HR
945,DEU_DEBE056,2026-03-26,5.02,4.51,75.75,0.05,3.51,280.28,1009.4,342.53,2.06,5.384,4100.0,0.106,PM2.5-1HR
945,DEU_DEBE061,2026-03-26,5.68,4.56,72.88,0.04,3.46,280.87,1009.49,8404.48,4.45,8.73,4100.0,0.009,PM2.5-1HR
945,DEU_DEBE065,2026-03-26,9.51,4.27,75.13,0.07,3.52,280.39,1009.4,8378.06,4.87,9.318,4100.0,0.004,PM2.5-1HR
945,DEU_DEBE068,2026-03-26,6.15,4.27,75.13,0.07,3.52,280.39,1009.4,6904.92,4.84,9.276,4100.0,0.072,PM2.5-1HR
945,DEU_DEBE069,2026-03-26,9.42,4.56,72.88,0.04,3.46,280.87,1009.49,8178.6,4.93,9.402,4100.0,0.012,PM2.5-1HR
945,DEU_DEBE125,2026-03-26,8.79,4.56,72.88,0.04,3.46,280.87,1009.49,6347.59,4.84,9.276,4100.0,0.01,PM2.5-1HR
945,DEU_DEBE126,2026-03-26,8.14,4.56,72.88,0.04,3.46,280.87,1009.49,8412.9,4.84,9.276,4100.0,0.007,PM2.5-1HR
945,DEU_DEBE010,2026-03-27,8.99,3.53,68.33,0,2.2,269.93,1020.51,7313.31,6.28,11.292,4100.0,0.044,PM2.5-1HR
945,DEU_DEBE032,2026-03-27,6.62,3.53,70.25,0.01,2.24,269.1,1020.63,0,4.65,9.01,4100.0,0.861,PM2.5-1HR
945,DEU_DEBE034,2026-03-27,9.98,3.75,65.67,0.01,2.25,269,1020.59,8623.29,6.51,11.614,4100.0,0.331,PM2.5-1HR
945,DEU_DEBE051,2026-03-27,7.33,3.05,67.96,0.01,2.32,266.57,1020.37,464.73,4.99,9.486,4100.0,0.134,PM2.5-1HR
945,DEU_DEBE056,2026-03-27,8.13,3.55,70.75,0,2.2,272.74,1020.59,342.53,4.68,9.052,4100.0,0.106,PM2.5-1HR
945,DEU_DEBE061,2026-03-27,9.69,3.75,65.67,0.01,2.25,269,1020.59,8404.48,5.98,10.872,4100.0,0.009,PM2.5-1HR
945,DEU_DEBE065,2026-03-27,13,3.53,68.33,0,2.2,269.93,1020.51,8378.06,6.38,11.432,4100.0,0.004,PM2.5-1HR
945,DEU_DEBE068,2026-03-27,9.28,3.53,68.33,0,2.2,269.93,1020.51,6904.92,6.51,11.614,4100.0,0.072,PM2.5-1HR
945,DEU_DEBE069,2026-03-27,15.49,3.75,65.67,0.01,2.25,269,1020.59,8178.6,6.43,11.502,4100.0,0.012,PM2.5-1HR
945,DEU_DEBE125,2026-03-27,11.88,3.75,65.67,0.01,2.25,269,1020.59,6347.59,6.51,11.614,4100.0,0.01,PM2.5-1HR
945,DEU_DEBE126,2026-03-27,11.54,3.75,65.67,0.01,2.25,269,1020.59,8412.9,6.51,11.614,4100.0,0.007,PM2.5-1HR
945,DEU_DEBE010,2026-03-28,6.9,4.82,69.71,0.05,2.96,232.83,1018.44,7313.31,4.91,9.374,4100.0,0.044,PM2.5-1HR
945,DEU_DEBE032,2026-03-28,5.74,4.43,73.46,0.07,2.73,230.66,1018.51,0,3.1,6.84,4100.0,0.861,PM2.5-1HR
945,DEU_DEBE034,2026-03-28,7.75,4.98,67,0.05,2.94,233.77,1018.49,8623.29,5.1,9.64,4100.0,0.331,PM2.5-1HR
945,DEU_DEBE051,2026-03-28,6.03,4.5,71.54,0.06,3.05,227.64,1018.35,464.73,2.33,5.762,4100.0,0.134,PM2.5-1HR
945,DEU_DEBE056,2026-03-28,6.22,5.21,68.46,0.01,2.89,235.88,1018.48,342.53,3.3,7.12,4100.0,0.106,PM2.5-1HR
945,DEU_DEBE061,2026-03-28,7.53,4.98,67,0.05,2.94,233.77,1018.49,8404.48,4.63,8.982,4100.0,0.009,PM2.5-1HR
945,DEU_DEBE065,2026-03-28,10.87,4.82,69.71,0.05,2.96,232.83,1018.44,8378.06,5.19,9.766,4100.0,0.004,PM2.5-1HR
945,DEU_DEBE068,2026-03-28,7.41,4.82,69.71,0.05,2.96,232.83,1018.44,6904.92,5.1,9.64,4100.0,0.072,PM2.5-1HR
945,DEU_DEBE069,2026-03-28,10.18,4.98,67,0.05,2.94,233.77,1018.49,8178.6,5.22,9.808,4100.0,0.012,PM2.5-1HR
945,DEU_DEBE125,2026-03-28,9.71,4.98,67,0.05,2.94,233.77,1018.49,6347.59,5.1,9.64,4100.0,0.01,PM2.5-1HR
945,DEU_DEBE126,2026-03-28,9.64,4.98,67,0.05,2.94,233.77,1018.49,8412.9,5.1,9.64,4100.0,0.007,PM2.5-1HR
945,DEU_DEBE010,2026-03-29,6.41,5.64,76.17,0.04,3.06,281.72,1023.4,7313.31,4.76,9.164,4100.0,0.044,PM2.5-1HR
945,DEU_DEBE032,2026-03-29,4.43,5.36,78.43,0.02,2.98,279.21,1023.55,0,2.77,6.378,4100.0,0.861,PM2.5-1HR
945,DEU_DEBE034,2026-03-29,8.04,5.77,74.65,0.03,3.03,280.52,1023.48,8623.29,4.9,9.36,4100.0,0.331,PM2.5-1HR
945,DEU_DEBE051,2026-03-29,5.36,5.35,76.78,0.03,3.11,278.62,1023.24,464.73,2.38,5.832,4100.0,0.134,PM2.5-1HR
945,DEU_DEBE056,2026-03-29,4.89,5.73,75.96,0.05,3.02,286.74,1023.37,342.53,2.42,5.888,4100.0,0.106,PM2.5-1HR
945,DEU_DEBE061,2026-03-29,6.26,5.77,74.65,0.03,3.03,280.52,1023.48,8404.48,4.4,8.66,4100.0,0.009,PM2.5-1HR
945,DEU_DEBE065,2026-03-29,9.66,5.64,76.17,0.04,3.06,281.72,1023.4,8378.06,5.04,9.556,4100.0,0.004,PM2.5-1HR
945,DEU_DEBE068,2026-03-29,6.77,5.64,76.17,0.04,3.06,281.72,1023.4,6904.92,4.9,9.36,4100.0,0.072,PM2.5-1HR
945,DEU_DEBE069,2026-03-29,8.63,5.77,74.65,0.03,3.03,280.52,1023.48,8178.6,4.86,9.304,4100.0,0.012,PM2.5-1HR
945,DEU_DEBE125,2026-03-29,8.51,5.77,74.65,0.03,3.03,280.52,1023.48,6347.59,4.9,9.36,4100.0,0.01,PM2.5-1HR
945,DEU_DEBE126,2026-03-29,8.73,5.77,74.65,0.03,3.03,280.52,1023.48,8412.9,4.9,9.36,4100.0,0.007,PM2.5-1HR
945,DEU_DEBE010,2026-03-30,4.63,5.21,79.92,0.18,3.53,250.02,1012.95,7313.31,3.88,7.932,4100.0,0.044,PM2.5-1HR
945,DEU_DEBE032,2026-03-30,2.67,5.21,81.79,0.16,3.65,251.17,1012.99,0,1.54,4.656,4100.0,0.861,PM2.5-1HR
945,DEU_DEBE034,2026-03-30,5.6,5.38,78.13,0.13,3.57,250.56,1013.03,8623.29,4.01,8.114,4100.0,0.331,PM2.5-1HR
945,DEU_DEBE051,2026-03-30,3.44,4.78,83.42,0.15,3.61,241.66,1012.77,464.73,1.93,5.202,4100.0,0.134,PM2.5-1HR
945,DEU_DEBE056,2026-03-30,3.45,5.11,81.29,0.2,3.48,243.77,1013.17,342.53,1.96,5.244,4100.0,0.106,PM2.5-1HR
945,DEU_DEBE061,2026-03-30,3.87,5.38,78.13,0.13,3.57,250.56,1013.03,8404.48,3.51,7.414,4100.0,0.009,PM2.5-1HR
945,DEU_DEBE065,2026-03-30,7.79,5.21,79.92,0.18,3.53,250.02,1012.95,8378.06,4.21,8.394,4100.0,0.004,PM2.5-1HR
945,DEU_DEBE068,2026-03-30,5.1,5.21,79.92,0.18,3.53,250.02,1012.95,6904.92,4.01,8.114,4100.0,0.072,PM2.5-1HR
945,DEU_DEBE069,2026-03-30,7.24,5.38,78.13,0.13,3.57,250.56,1013.03,8178.6,3.96,8.044,4100.0,0.012,PM2.5-1HR
945,DEU_DEBE125,2026-03-30,6.68,5.38,78.13,0.13,3.57,250.56,1013.03,6347.59,4.01,8.114,4100.0,0.01,PM2.5-1HR
945,DEU_DEBE126,2026-03-30,7.01,5.38,78.13,0.13,3.57,250.56,1013.03,8412.9,4.01,8.114,4100.0,0.007,PM2.5-1HR
945,DEU_DEBE010,2026-03-31,7.53,5.04,86.29,0.12,3.39,293.84,1020.91,7313.31,4.47,8.758,4100.0,0.044,PM2.5-1HR
945,DEU_DEBE032,2026-03-31,4.87,5.08,86.38,0.17,3.56,293.01,1021.1,0,2.28,5.692,4100.0,0.861,PM2.5-1HR
945,DEU_DEBE034,2026-03-31,8.63,5.23,85,0.19,3.46,293.65,1021,8623.29,4.7,9.08,4100.0,0.331,PM2.5-1HR
945,DEU_DEBE051,2026-03-31,5.07,4.61,87.21,0.18,3.42,289.91,1020.77,464.73,1.22,4.208,4100.0,0.134,PM2.5-1HR
945,DEU_DEBE056,2026-03-31,6.54,5.01,85.67,0.54,3.4,293.04,1020.84,342.53,2.72,6.308,4100.0,0.106,PM2.5-1HR
945,DEU_DEBE061,2026-03-31,6.52,5.23,85,0.19,3.46,293.65,1021,8404.48,4.13,8.282,4100.0,0.009,PM2.5-1HR
945,DEU_DEBE065,2026-03-31,10.88,5.04,86.29,0.12,3.39,293.84,1020.91,8378.06,4.77,9.178,4100.0,0.004,PM2.5-1HR
945,DEU_DEBE068,2026-03-31,8.18,5.04,86.29,0.12,3.39,293.84,1020.91,6904.92,4.7,9.08,4100.0,0.072,PM2.5-1HR
945,DEU_DEBE069,2026-03-31,10.94,5.23,85,0.19,3.46,293.65,1021,8178.6,4.62,8.968,4100.0,0.012,PM2.5-1HR
945,DEU_DEBE125,2026-03-31,9.58,5.23,85,0.19,3.46,293.65,1021,6347.59,4.7,9.08,4100.0,0.01,PM2.5-1HR
945,DEU_DEBE126,2026-03-31,9.99,5.23,85,0.19,3.46,293.65,1021,8412.9,4.7,9.08,4100.0,0.007,PM2.5-1HR
945,DEU_DEBE010,2026-04-01,9.12,5.38,78.96,0,1.17,281.8,1024.96,7313.31,6.32,11.348,4100.0,0.044,PM2.5-1HR
945,DEU_DEBE032,2026-04-01,5.7,5.02,80.33,0,1.22,299.77,1025.07,0,3.43,7.302,4100.0,0.861,PM2.5-1HR
945,DEU_DEBE034,2026-04-01,9.83,5.52,78.88,0,1.18,301.04,1025.01,8623.29,6.38,11.432,4100.0,0.331,PM2.5-1HR
945,DEU_DEBE051,2026-04-01,6.9,4.86,78.38,0,1.19,287.08,1024.89,464.73,3.45,7.33,4100.0,0.134,PM2.5-1HR
945,DEU_DEBE056,2026-04-01,7.63,5.29,80.54,0,1.1,310.2,1024.94,342.53,5.68,10.452,4100.0,0.106,PM2.5-1HR
945,DEU_DEBE061,2026-04-01,7.93,5.52,78.88,0,1.18,301.04,1025.01,8404.48,5.57,10.298,4100.0,0.009,PM2.5-1HR
945,DEU_DEBE065,2026-04-01,14.52,5.38,78.96,0,1.17,281.8,1024.96,8378.06,6.7,11.88,4100.0,0.004,PM2.5-1HR
945,DEU_DEBE068,2026-04-01,9.46,5.38,78.96,0,1.17,281.8,1024.96,6904.92,6.38,11.432,4100.0,0.072,PM2.5-1HR
945,DEU_DEBE069,2026-04-01,12.95,5.52,78.88,0,1.18,301.04,1025.01,8178.6,6.29,11.306,4100.0,0.012,PM2.5-1HR
945,DEU_DEBE125,2026-04-01,12.5,5.52,78.88,0,1.18,301.04,1025.01,6347.59,6.38,11.432,4100.0,0.01,PM2.5-1HR
945,DEU_DEBE126,2026-04-01,12.83,5.52,78.88,0,1.18,301.04,1025.01,8412.9,6.38,11.432,4100.0,0.007,PM2.5-1HR
945,DEU_DEBE010,2026-04-02,12.47,6.15,71.13,0,1.55,241.12,1017.23,7313.31,9.74,16.136,4100.0,0.044,PM2.5-1HR
945,DEU_DEBE032,2026-04-02,8.64,5.85,71.83,0,1.45,238.96,1017.25,0,7,12.3,4100.0,0.861,PM2.5-1HR
945,DEU_DEBE034,2026-04-02,13.87,6.38,69.58,0,1.63,243.1,1017.27,8623.29,10.16,16.724,4100.0,0.331,PM2.5-1HR
945,DEU_DEBE051,2026-04-02,11.64,5.13,70.71,0,1.53,236.97,1017.14,464.73,6.21,11.194,4100.0,0.134,PM2.5-1HR
945,DEU_DEBE056,2026-04-02,11.58,5.65,73.58,0,1.46,257.74,1017.25,342.53,6.68,11.852,4100.0,0.106,PM2.5-1HR
945,DEU_DEBE061,2026-04-02,12.83,6.38,69.58,0,1.63,243.1,1017.27,8404.48,9.29,15.506,4100.0,0.009,PM2.5-1HR
945,DEU_DEBE065,2026-04-02,18.85,6.15,71.13,0,1.55,241.12,1017.23,8378.06,9.86,16.304,4100.0,0.004,PM2.5-1HR
945,DEU_DEBE068,2026-04-02,12.91,6.15,71.13,0,1.55,241.12,1017.23,6904.92,10.16,16.724,4100.0,0.072,PM2.5-1HR
945,DEU_DEBE069,2026-04-02,17.19,6.38,69.58,0,1.63,243.1,1017.27,8178.6,10.21,16.794,4100.0,0.012,PM2.5-1HR
945,DEU_DEBE125,2026-04-02,15.19,6.38,69.58,0,1.63,243.1,1017.27,6347.59,10.16,16.724,4100.0,0.01,PM2.5-1HR
945,DEU_DEBE126,2026-04-02,15.56,6.38,69.58,0,1.63,243.1,1017.27,8412.9,10.16,16.724,4100.0,0.007,PM2.5-1HR
945,DEU_DEBE010,2026-04-03,7.77,7.12,66.67,0,3,262.5,1015.3,7313.31,5.41,10.074,4100.0,0.044,PM2.5-1HR
945,DEU_DEBE032,2026-04-03,7.5,6.71,69.33,0,2.96,262.35,1015.42,0,3.85,7.89,4100.0,0.861,PM2.5-1HR
945,DEU_DEBE034,2026-04-03,9.46,7.29,65.83,0,2.97,261.02,1015.35,8623.29,5.6,10.34,4100.0,0.331,PM2.5-1HR
945,DEU_DEBE051,2026-04-03,7.22,6.32,66.79,0,3.23,263.04,1015.21,464.73,3.1,6.84,4100.0,0.134,PM2.5-1HR
945,DEU_DEBE056,2026-04-03,7.8,7.07,68,0,2.99,264.89,1015.28,342.53,3.38,7.232,4100.0,0.106,PM2.5-1HR
945,DEU_DEBE061,2026-04-03,9.31,7.29,65.83,0,2.97,261.02,1015.35,8404.48,5.16,9.724,4100.0,0.009,PM2.5-1HR
945,DEU_DEBE065,2026-04-03,11.81,7.12,66.67,0,3,262.5,1015.3,8378.06,5.57,10.298,4100.0,0.004,PM2.5-1HR
945,DEU_DEBE068,2026-04-03,8.64,7.12,66.67,0,3,262.5,1015.3,6904.92,5.6,10.34,4100.0,0.072,PM2.5-1HR
945,DEU_DEBE069,2026-04-03,12.4,7.29,65.83,0,2.97,261.02,1015.35,8178.6,5.6,10.34,4100.0,0.012,PM2.5-1HR
945,DEU_DEBE125,2026-04-03,11.45,7.29,65.83,0,2.97,261.02,1015.35,6347.59,5.6,10.34,4100.0,0.01,PM2.5-1HR
945,DEU_DEBE126,2026-04-03,11.27,7.29,65.83,0,2.97,261.02,1015.35,8412.9,5.6,10.34,4100.0,0.007,PM2.5-1HR
945,DEU_DEBE010,2026-04-04,6.24,10.98,61.33,0.06,4.19,253.79,1014.86,7313.31,3.48,7.372,4100.0,0.044,PM2.5-1HR
945,DEU_DEBE032,2026-04-04,4.47,10.85,63.04,0.02,4.18,252.06,1015,0,1.55,4.67,4100.0,0.861,PM2.5-1HR
945,DEU_DEBE034,2026-04-04,8.82,11.24,60.13,0.02,4.21,252.46,1014.98,8623.29,3.61,7.554,4100.0,0.331,PM2.5-1HR
945,DEU_DEBE051,2026-04-04,6.25,10.22,61.79,0.04,4.48,252.41,1014.65,464.73,1.68,4.852,4100.0,0.134,PM2.5-1HR
945,DEU_DEBE056,2026-04-04,6.22,10.84,62.21,0.07,4.33,251.98,1015.03,342.53,1.53,4.642,4100.0,0.106,PM2.5-1HR
945,DEU_DEBE061,2026-04-04,6.82,11.24,60.13,0.02,4.21,252.46,1014.98,8404.48,3.22,7.008,4100.0,0.009,PM2.5-1HR
945,DEU_DEBE065,2026-04-04,10.84,10.98,61.33,0.06,4.19,253.79,1014.86,8378.06,3.76,7.764,4100.0,0.004,PM2.5-1HR
945,DEU_DEBE068,2026-04-04,6.92,10.98,61.33,0.06,4.19,253.79,1014.86,6904.92,3.61,7.554,4100.0,0.072,PM2.5-1HR
945,DEU_DEBE069,2026-04-04,9.46,11.24,60.13,0.02,4.21,252.46,1014.98,8178.6,3.67,7.638,4100.0,0.012,PM2.5-1HR
945,DEU_DEBE125,2026-04-04,8.99,11.24,60.13,0.02,4.21,252.46,1014.98,6347.59,3.61,7.554,4100.0,0.01,PM2.5-1HR
945,DEU_DEBE126,2026-04-04,9.51,11.24,60.13,0.02,4.21,252.46,1014.98,8412.9,3.61,7.554,4100.0,0.007,PM2.5-1HR
945,DEU_DEBE010,2026-04-05,5.83,11.74,66.63,0.01,4.68,227.99,1013.72,7313.31,4.68,9.052,4100.0,0.044,PM2.5-1HR
945,DEU_DEBE032,2026-04-05,4.52,11.58,68.21,0,4.83,226.95,1013.81,0,3.17,6.938,4100.0,0.861,PM2.5-1HR
945,DEU_DEBE034,2026-04-05,6.51,11.96,65.21,0.01,4.8,228.65,1013.83,8623.29,4.89,9.346,4100.0,0.331,PM2.5-1HR
945,DEU_DEBE051,2026-04-05,4.43,11.26,66.92,0.01,4.99,226.58,1013.48,464.73,2.81,6.434,4100.0,0.134,PM2.5-1HR
945,DEU_DEBE056,2026-04-05,4.7,11.91,66.33,0,4.81,228.94,1014,342.53,2.85,6.49,4100.0,0.106,PM2.5-1HR
945,DEU_DEBE061,2026-04-05,5.32,11.96,65.21,0.01,4.8,228.65,1013.83,8404.48,4.46,8.744,4100.0,0.009,PM2.5-1HR
945,DEU_DEBE065,2026-04-05,8.87,11.74,66.63,0.01,4.68,227.99,1013.72,8378.06,4.88,9.332,4100.0,0.004,PM2.5-1HR
945,DEU_DEBE068,2026-04-05,6.2,11.74,66.63,0.01,4.68,227.99,1013.72,6904.92,4.89,9.346,4100.0,0.072,PM2.5-1HR
945,DEU_DEBE069,2026-04-05,8.18,11.96,65.21,0.01,4.8,228.65,1013.83,8178.6,4.87,9.318,4100.0,0.012,PM2.5-1HR
945,DEU_DEBE125,2026-04-05,7.91,11.96,65.21,0.01,4.8,228.65,1013.83,6347.59,4.89,9.346,4100.0,0.01,PM2.5-1HR
945,DEU_DEBE126,2026-04-05,7.78,11.96,65.21,0.01,4.8,228.65,1013.83,8412.9,4.89,9.346,4100.0,0.007,PM2.5-1HR
945,DEU_DEBE010,2026-04-06,4.65,8.69,56.17,0.03,5.67,280.05,1022.6,7313.31,4.59,8.926,4100.0,0.044,PM2.5-1HR
945,DEU_DEBE032,2026-04-06,3.44,8.68,58.42,0.06,5.81,279.21,1022.91,0,2.96,6.644,4100.0,0.861,PM2.5-1HR
945,DEU_DEBE034,2026-04-06,5.01,8.96,54.88,0.02,5.69,279.59,1022.74,8623.29,4.75,9.15,4100.0,0.331,PM2.5-1HR
945,DEU_DEBE051,2026-04-06,4.08,8.33,55.67,0.03,6.24,280.53,1022.3,464.73,3.29,7.106,4100.0,0.134,PM2.5-1HR
945,DEU_DEBE056,2026-04-06,3.77,9,55.79,0.04,5.86,279.38,1022.57,342.53,3.06,6.784,4100.0,0.106,PM2.5-1HR
945,DEU_DEBE061,2026-04-06,4.2,8.96,54.88,0.02,5.69,279.59,1022.74,8404.48,4.34,8.576,4100.0,0.009,PM2.5-1HR
945,DEU_DEBE065,2026-04-06,7.92,8.69,56.17,0.03,5.67,280.05,1022.6,8378.06,4.8,9.22,4100.0,0.004,PM2.5-1HR
945,DEU_DEBE068,2026-04-06,5.06,8.69,56.17,0.03,5.67,280.05,1022.6,6904.92,4.75,9.15,4100.0,0.072,PM2.5-1HR
945,DEU_DEBE069,2026-04-06,6.87,8.96,54.88,0.02,5.69,279.59,1022.74,8178.6,4.79,9.206,4100.0,0.012,PM2.5-1HR
945,DEU_DEBE125,2026-04-06,6.57,8.96,54.88,0.02,5.69,279.59,1022.74,6347.59,4.75,9.15,4100.0,0.01,PM2.5-1HR
945,DEU_DEBE126,2026-04-06,6.48,8.96,54.88,0.02,5.69,279.59,1022.74,8412.9,4.75,9.15,4100.0,0.007,PM2.5-1HR
945,DEU_DEBE010,2026-04-07,5.6,7.01,58.83,0,3.46,319.19,1026.24,7313.31,4.23,8.422,4100.0,0.044,PM2.5-1HR
945,DEU_DEBE032,2026-04-07,3.92,6.82,62.88,0,3.45,318.64,1026.43,0,2.39,5.846,4100.0,0.861,PM2.5-1HR
945,DEU_DEBE034,2026-04-07,5.91,7.25,56.83,0,3.43,318.71,1026.29,8623.29,4.41,8.674,4100.0,0.331,PM2.5-1HR
945,DEU_DEBE051,2026-04-07,2.98,6.56,59.83,0,3.79,320.75,1026.12,464.73,1.59,4.726,4100.0,0.134,PM2.5-1HR
945,DEU_DEBE056,2026-04-07,4.12,7.1,59.54,0,3.57,320.63,1026.08,342.53,1.7,4.88,4100.0,0.106,PM2.5-1HR
945,DEU_DEBE061,2026-04-07,5.75,7.25,56.83,0,3.43,318.71,1026.29,8404.48,4.03,8.142,4100.0,0.009,PM2.5-1HR
945,DEU_DEBE065,2026-04-07,7.86,7.01,58.83,0,3.46,319.19,1026.24,8378.06,4.45,8.73,4100.0,0.004,PM2.5-1HR
945,DEU_DEBE068,2026-04-07,6.11,7.01,58.83,0,3.46,319.19,1026.24,6904.92,4.41,8.674,4100.0,0.072,PM2.5-1HR
945,DEU_DEBE069,2026-04-07,8.28,7.25,56.83,0,3.43,318.71,1026.29,8178.6,4.49,8.786,4100.0,0.012,PM2.5-1HR
945,DEU_DEBE125,2026-04-07,7.89,7.25,56.83,0,3.43,318.71,1026.29,6347.59,4.41,8.674,4100.0,0.01,PM2.5-1HR
945,DEU_DEBE126,2026-04-07,8.13,7.25,56.83,0,3.43,318.71,1026.29,8412.9,4.41,8.674,4100.0,0.007,PM2.5-1HR
945,DEU_DEBE010,2026-04-08,5.04,6.73,51.54,0,1.62,20.42,1029.19,7313.31,3.27,7.078,4100.0,0.044,PM2.5-1HR
945,DEU_DEBE032,2026-04-08,2.63,6.75,56.38,0,1.37,15.54,1029.18,0,1.74,4.936,4100.0,0.861,PM2.5-1HR
945,DEU_DEBE034,2026-04-08,4.67,7.18,48.79,0,1.53,20.93,1029.15,8623.29,3.47,7.358,4100.0,0.331,PM2.5-1HR
945,DEU_DEBE051,2026-04-08,2.81,5.85,57.5,0,1.79,17.64,1029.24,464.73,1.34,4.376,4100.0,0.134,PM2.5-1HR
945,DEU_DEBE056,2026-04-08,3.75,6.85,58.08,0,1.59,14.34,1029.06,342.53,2.34,5.776,4100.0,0.106,PM2.5-1HR
945,DEU_DEBE061,2026-04-08,4.98,7.18,48.79,0,1.53,20.93,1029.15,8404.48,3.13,6.882,4100.0,0.009,PM2.5-1HR
945,DEU_DEBE065,2026-04-08,7.17,6.73,51.54,0,1.62,20.42,1029.19,8378.06,3.47,7.358,4100.0,0.004,PM2.5-1HR
945,DEU_DEBE068,2026-04-08,4.34,6.73,51.54,0,1.62,20.42,1029.19,6904.92,3.47,7.358,4100.0,0.072,PM2.5-1HR
945,DEU_DEBE069,2026-04-08,9.2,7.18,48.79,0,1.53,20.93,1029.15,8178.6,3.57,7.498,4100.0,0.012,PM2.5-1HR
945,DEU_DEBE125,2026-04-08,6.94,7.18,48.79,0,1.53,20.93,1029.15,6347.59,3.47,7.358,4100.0,0.01,PM2.5-1HR
945,DEU_DEBE126,2026-04-08,7.46,7.18,48.79,0,1.53,20.93,1029.15,8412.9,3.47,7.358,4100.0,0.007,PM2.5-1HR
945,DEU_DEBE010,2026-04-09,11.38,5.76,57.38,0,2.42,57.4,1025.51,7313.31,5.08,9.612,4100.0,0.044,PM2.5-1HR
945,DEU_DEBE032,2026-04-09,7.91,5.82,60.96,0,2.09,62.6,1025.38,0,3.58,7.512,4100.0,0.861,PM2.5-1HR
945,DEU_DEBE034,2026-04-09,9.63,6.33,52.13,0,2.3,62.18,1025.43,8623.29,5.12,9.668,4100.0,0.331,PM2.5-1HR
945,DEU_DEBE051,2026-04-09,10.63,4.63,65.83,0,2.61,58.75,1025.68,464.73,3.2,6.98,4100.0,0.134,PM2.5-1HR
945,DEU_DEBE056,2026-04-09,7.16,5.42,63.79,0,2.37,60.74,1025.45,342.53,2.15,5.51,4100.0,0.106,PM2.5-1HR
945,DEU_DEBE061,2026-04-09,10.26,6.33,52.13,0,2.3,62.18,1025.43,8404.48,4.73,9.122,4100.0,0.009,PM2.5-1HR
945,DEU_DEBE065,2026-04-09,13.39,5.76,57.38,0,2.42,57.4,1025.51,8378.06,5.22,9.808,4100.0,0.004,PM2.5-1HR
945,DEU_DEBE068,2026-04-09,10.58,5.76,57.38,0,2.42,57.4,1025.51,6904.92,5.12,9.668,4100.0,0.072,PM2.5-1HR
945,DEU_DEBE069,2026-04-09,12.79,6.33,52.13,0,2.3,62.18,1025.43,8178.6,5.22,9.808,4100.0,0.012,PM2.5-1HR
945,DEU_DEBE125,2026-04-09,13.56,6.33,52.13,0,2.3,62.18,1025.43,6347.59,5.12,9.668,4100.0,0.01,PM2.5-1HR
945,DEU_DEBE126,2026-04-09,12.94,6.33,52.13,0,2.3,62.18,1025.43,8412.9,5.12,9.668,4100.0,0.007,PM2.5-1HR
945,DEU_DEBE010,2026-04-10,9.49,4.7,55.54,0,2.23,142.42,1018.63,7313.31,7.2,12.58,4100.0,0.044,PM2.5-1HR
945,DEU_DEBE032,2026-04-10,8.1,4.41,64.96,0,2.01,140.76,1018.56,0,5.81,10.634,4100.0,0.861,PM2.5-1HR
945,DEU_DEBE034,2026-04-10,10.5,4.94,55.13,0,2.15,143.68,1018.61,8623.29,7.42,12.888,4100.0,0.331,PM2.5-1HR
945,DEU_DEBE051,2026-04-10,9.77,3.98,59.71,0,2.47,148.91,1018.69,464.73,5.33,9.962,4100.0,0.134,PM2.5-1HR
945,DEU_DEBE056,2026-04-10,10.42,4.42,64.33,0,2.29,140.54,1018.69,342.53,5.94,10.816,4100.0,0.106,PM2.5-1HR
945,DEU_DEBE061,2026-04-10,12.26,4.94,55.13,0,2.15,143.68,1018.61,8404.48,6.98,12.272,4100.0,0.009,PM2.5-1HR
945,DEU_DEBE065,2026-04-10,15.81,4.7,55.54,0,2.23,142.42,1018.63,8378.06,7.3,12.72,4100.0,0.004,PM2.5-1HR
945,DEU_DEBE068,2026-04-10,10.23,4.7,55.54,0,2.23,142.42,1018.63,6904.92,7.42,12.888,4100.0,0.072,PM2.5-1HR
945,DEU_DEBE069,2026-04-10,14.48,4.94,55.13,0,2.15,143.68,1018.61,8178.6,7.47,12.958,4100.0,0.012,PM2.5-1HR
945,DEU_DEBE125,2026-04-10,14.65,4.94,55.13,0,2.15,143.68,1018.61,6347.59,7.42,12.888,4100.0,0.01,PM2.5-1HR
945,DEU_DEBE126,2026-04-10,14.5,4.94,55.13,0,2.15,143.68,1018.61,8412.9,7.42,12.888,4100.0,0.007,PM2.5-1HR
945,DEU_DEBE010,2026-04-11,11.62,7.19,57.63,0,2.09,133.68,1018.93,7313.31,9.71,16.094,4100.0,0.044,PM2.5-1HR
945,DEU_DEBE032,2026-04-11,10.2,6.71,63.67,0,2.15,133.72,1018.84,0,7.16,12.524,4100.0,0.861,PM2.5-1HR
945,DEU_DEBE034,2026-04-11,12.1,7.24,57.38,0,2.1,135.87,1018.93,8623.29,9.77,16.178,4100.0,0.331,PM2.5-1HR
945,DEU_DEBE051,2026-04-11,13.09,6.09,60.38,0,2.07,132.97,1018.97,464.73,7.7,13.28,4100.0,0.134,PM2.5-1HR
945,DEU_DEBE056,2026-04-11,13.07,6.48,65.17,0,1.99,147.55,1019.06,342.53,7.29,12.706,4100.0,0.106,PM2.5-1HR
945,DEU_DEBE061,2026-04-11,14.85,7.24,57.38,0,2.1,135.87,1018.93,8404.48,9.06,15.184,4100.0,0.009,PM2.5-1HR
945,DEU_DEBE065,2026-04-11,17.76,7.19,57.63,0,2.09,133.68,1018.93,8378.06,9.9,16.36,4100.0,0.004,PM2.5-1HR
945,DEU_DEBE068,2026-04-11,12.92,7.19,57.63,0,2.09,133.68,1018.93,6904.92,9.77,16.178,4100.0,0.072,PM2.5-1HR
945,DEU_DEBE069,2026-04-11,16.59,7.24,57.38,0,2.1,135.87,1018.93,8178.6,9.89,16.346,4100.0,0.012,PM2.5-1HR
945,DEU_DEBE125,2026-04-11,17.95,7.24,57.38,0,2.1,135.87,1018.93,6347.59,9.77,16.178,4100.0,0.01,PM2.5-1HR
945,DEU_DEBE126,2026-04-11,18.02,7.24,57.38,0,2.1,135.87,1018.93,8412.9,9.77,16.178,4100.0,0.007,PM2.5-1HR
945,DEU_DEBE010,2026-04-12,19.06,8.3,56.42,0.04,2.82,141.42,1016.5,7313.31,19.21,29.394,4100.0,0.044,PM2.5-1HR
945,DEU_DEBE032,2026-04-12,17.03,7.57,70,0.06,2.35,141.87,1016.38,0,14.15,22.31,4100.0,0.861,PM2.5-1HR
945,DEU_DEBE034,2026-04-12,18.93,8.36,58,0.04,2.75,142.11,1016.49,8623.29,19.5,29.8,4100.0,0.331,PM2.5-1HR
945,DEU_DEBE051,2026-04-12,19.9,7.66,58.96,0.05,3.11,134.36,1016.58,464.73,17.89,27.546,4100.0,0.134,PM2.5-1HR
945,DEU_DEBE056,2026-04-12,19.88,7.59,62.83,0.03,2.79,132.78,1016.72,342.53,17.17,26.538,4100.0,0.106,PM2.5-1HR
945,DEU_DEBE061,2026-04-12,21.92,8.36,58,0.04,2.75,142.11,1016.49,8404.48,18.15,27.91,4100.0,0.009,PM2.5-1HR
945,DEU_DEBE065,2026-04-12,26.08,8.3,56.42,0.04,2.82,141.42,1016.5,8378.06,19.72,30.108,4100.0,0.004,PM2.5-1HR
945,DEU_DEBE068,2026-04-12,19.28,8.3,56.42,0.04,2.82,141.42,1016.5,6904.92,19.5,29.8,4100.0,0.072,PM2.5-1HR
945,DEU_DEBE069,2026-04-12,24.1,8.36,58,0.04,2.75,142.11,1016.49,8178.6,19.42,29.688,4100.0,0.012,PM2.5-1HR
945,DEU_DEBE125,2026-04-12,25.93,8.36,58,0.04,2.75,142.11,1016.49,6347.59,19.5,29.8,4100.0,0.01,PM2.5-1HR
945,DEU_DEBE126,2026-04-12,24.61,8.36,58,0.04,2.75,142.11,1016.49,8412.9,19.5,29.8,4100.0,0.007,PM2.5-1HR
945,DEU_DEBE010,2026-04-13,14.01,10.37,61.79,0.04,3.78,91.15,1015.32,7313.31,11.02,17.928,4100.0,0.044,PM2.5-1HR
945,DEU_DEBE032,2026-04-13,13.62,10.05,67.04,0.14,3.6,92.26,1015.07,0,10.38,17.032,4100.0,0.861,PM2.5-1HR
945,DEU_DEBE034,2026-04-13,13.48,10.57,60.54,0.06,3.72,90.63,1015.2,8623.29,11.21,18.194,4100.0,0.331,PM2.5-1HR
945,DEU_DEBE051,2026-04-13,14.03,9.5,67.08,0.05,4.12,93.18,1015.58,464.73,8.81,14.834,4100.0,0.134,PM2.5-1HR
945,DEU_DEBE056,2026-04-13,13.57,9.35,72.13,0.15,3.72,85.06,1015.35,342.53,8.66,14.624,4100.0,0.106,PM2.5-1HR
945,DEU_DEBE061,2026-04-13,17.22,10.57,60.54,0.06,3.72,90.63,1015.2,8404.48,10.79,17.606,4100.0,0.009,PM2.5-1HR
945,DEU_DEBE065,2026-04-13,18.82,10.37,61.79,0.04,3.78,91.15,1015.32,8378.06,10.97,17.858,4100.0,0.004,PM2.5-1HR
945,DEU_DEBE068,2026-04-13,14.3,10.37,61.79,0.04,3.78,91.15,1015.32,6904.92,11.21,18.194,4100.0,0.072,PM2.5-1HR
945,DEU_DEBE069,2026-04-13,18.44,10.57,60.54,0.06,3.72,90.63,1015.2,8178.6,11.4,18.46,4100.0,0.012,PM2.5-1HR
945,DEU_DEBE125,2026-04-13,19.56,10.57,60.54,0.06,3.72,90.63,1015.2,6347.59,11.21,18.194,4100.0,0.01,PM2.5-1HR
945,DEU_DEBE126,2026-04-13,18.53,10.57,60.54,0.06,3.72,90.63,1015.2,8412.9,11.21,18.194,4100.0,0.007,PM2.5-1HR
945,DEU_DEBE010,2026-04-19,8.65,11.29,76.71,1.04,3.76,330.12,1015.19,7313.31,2.07,5.398,4100.0,0.044,PM2.5-1HR
945,DEU_DEBE032,2026-04-19,7.83,10.16,88.08,1.16,3.73,330.23,1015.46,0,0.64,3.396,4100.0,0.861,PM2.5-1HR
945,DEU_DEBE034,2026-04-19,8.54,11.63,75.46,1.04,3.6,326.16,1015.2,8623.29,2.24,5.636,4100.0,0.331,PM2.5-1HR
945,DEU_DEBE051,2026-04-19,8.81,10.2,82.33,1.3,3.69,337.36,1015.17,464.73,0.75,3.55,4100.0,0.134,PM2.5-1HR
945,DEU_DEBE056,2026-04-19,8.07,11.27,80.42,1,3.02,325.88,1014.81,342.53,0.43,3.102,4100.0,0.106,PM2.5-1HR
945,DEU_DEBE061,2026-04-19,9.96,11.63,75.46,1.04,3.6,326.16,1015.2,8404.48,1.87,5.118,4100.0,0.009,PM2.5-1HR
945,DEU_DEBE065,2026-04-19,12.86,11.29,76.71,1.04,3.76,330.12,1015.19,8378.06,2.36,5.804,4100.0,0.004,PM2.5-1HR
945,DEU_DEBE068,2026-04-19,9.22,11.29,76.71,1.04,3.76,330.12,1015.19,6904.92,2.24,5.636,4100.0,0.072,PM2.5-1HR
945,DEU_DEBE069,2026-04-19,12.19,11.63,75.46,1.04,3.6,326.16,1015.2,8178.6,2.15,5.51,4100.0,0.012,PM2.5-1HR
945,DEU_DEBE125,2026-04-19,12.22,11.63,75.46,1.04,3.6,326.16,1015.2,6347.59,2.24,5.636,4100.0,0.01,PM2.5-1HR
945,DEU_DEBE126,2026-04-19,12.14,11.63,75.46,1.04,3.6,326.16,1015.2,8412.9,2.24,5.636,4100.0,0.007,PM2.5-1HR
945,DEU_DEBE127,2026-04-19,11.58,11.63,75.46,1.04,3.6,326.16,1015.2,7628.59,2.36,5.804,4100.0,0.056,PM2.5-1HR
945,DEU_DEBE010,2026-04-20,7.34,7.18,83.63,0.46,3.78,355.08,1015.52,7313.31,2.05,5.37,4100.0,0.044,PM2.5-1HR
945,DEU_DEBE032,2026-04-20,7.44,7.06,86.58,0.49,3.73,352.33,1015.7,0,0.44,3.116,4100.0,0.861,PM2.5-1HR
945,DEU_DEBE034,2026-04-20,7.52,7.14,84.92,0.43,3.69,354.47,1015.55,8623.29,2.21,5.594,4100.0,0.331,PM2.5-1HR
945,DEU_DEBE051,2026-04-20,7.76,7.33,81.42,0.38,4.07,3.52,1015.49,464.73,1.14,4.096,4100.0,0.134,PM2.5-1HR
945,DEU_DEBE056,2026-04-20,7.38,6.88,92,0.4,3.58,347.78,1015.33,342.53,0.73,3.522,4100.0,0.106,PM2.5-1HR
945,DEU_DEBE061,2026-04-20,9.14,7.14,84.92,0.43,3.69,354.47,1015.55,8404.48,1.84,5.076,4100.0,0.009,PM2.5-1HR
945,DEU_DEBE065,2026-04-20,11.28,7.18,83.63,0.46,3.78,355.08,1015.52,8378.06,2.4,5.86,4100.0,0.004,PM2.5-1HR
945,DEU_DEBE068,2026-04-20,7.43,7.18,83.63,0.46,3.78,355.08,1015.52,6904.92,2.21,5.594,4100.0,0.072,PM2.5-1HR
945,DEU_DEBE069,2026-04-20,11.79,7.14,84.92,0.43,3.69,354.47,1015.55,8178.6,2.11,5.454,4100.0,0.012,PM2.5-1HR
945,DEU_DEBE125,2026-04-20,11.31,7.14,84.92,0.43,3.69,354.47,1015.55,6347.59,2.21,5.594,4100.0,0.01,PM2.5-1HR
945,DEU_DEBE126,2026-04-20,11.91,7.14,84.92,0.43,3.69,354.47,1015.55,8412.9,2.21,5.594,4100.0,0.007,PM2.5-1HR
945,DEU_DEBE127,2026-04-20,11.04,7.14,84.92,0.43,3.69,354.47,1015.55,7628.59,2.32,5.748,4100.0,0.056,PM2.5-1HR
945,DEU_DEBE010,2026-04-21,5.82,7.69,59.33,0,3.18,31.7,1023.8,7313.31,5.15,9.71,4100.0,0.044,PM2.5-1HR
945,DEU_DEBE032,2026-04-21,5.44,7.97,59.33,0,3.09,32.87,1023.75,0,3.51,7.414,4100.0,0.861,PM2.5-1HR
945,DEU_DEBE034,2026-04-21,6.59,7.85,59.17,0,3.05,31.61,1023.73,8623.29,5.51,10.214,4100.0,0.331,PM2.5-1HR
945,DEU_DEBE051,2026-04-21,5.48,7.54,56.79,0,3.66,32.75,1023.95,464.73,2.99,6.686,4100.0,0.134,PM2.5-1HR
945,DEU_DEBE056,2026-04-21,6.08,8,60.13,0,3.14,30.78,1023.48,342.53,3.42,7.288,4100.0,0.106,PM2.5-1HR
945,DEU_DEBE061,2026-04-21,7.11,7.85,59.17,0,3.05,31.61,1023.73,8404.48,5.1,9.64,4100.0,0.009,PM2.5-1HR
945,DEU_DEBE065,2026-04-21,9.5,7.69,59.33,0,3.18,31.7,1023.8,8378.06,5.57,10.298,4100.0,0.004,PM2.5-1HR
945,DEU_DEBE068,2026-04-21,6.67,7.69,59.33,0,3.18,31.7,1023.8,6904.92,5.51,10.214,4100.0,0.072,PM2.5-1HR
945,DEU_DEBE069,2026-04-21,9.69,7.85,59.17,0,3.05,31.61,1023.73,8178.6,5.61,10.354,4100.0,0.012,PM2.5-1HR
945,DEU_DEBE125,2026-04-21,9.5,7.85,59.17,0,3.05,31.61,1023.73,6347.59,5.51,10.214,4100.0,0.01,PM2.5-1HR
945,DEU_DEBE126,2026-04-21,9.73,7.85,59.17,0,3.05,31.61,1023.73,8412.9,5.51,10.214,4100.0,0.007,PM2.5-1HR
945,DEU_DEBE127,2026-04-21,9.53,7.85,59.17,0,3.05,31.61,1023.73,7628.59,5.74,10.536,4100.0,0.056,PM2.5-1HR
945,DEU_DEBE010,2026-04-22,3.75,9.28,57.46,0,2.98,327.84,1025.26,7313.31,4.31,8.534,4100.0,0.044,PM2.5-1HR
945,DEU_DEBE032,2026-04-22,3.49,9.23,59.75,0,2.89,323.83,1025.47,0,2.74,6.336,4100.0,0.861,PM2.5-1HR
945,DEU_DEBE034,2026-04-22,4.72,9.36,57.67,0,2.9,326.63,1025.32,8623.29,4.72,9.108,4100.0,0.331,PM2.5-1HR
945,DEU_DEBE051,2026-04-22,3.49,9.06,55.21,0,3.3,327.25,1025.2,464.73,2.24,5.636,4100.0,0.134,PM2.5-1HR
945,DEU_DEBE056,2026-04-22,4,9.53,57.58,0,3.08,325.12,1025.05,342.53,2.5,6.0,4100.0,0.106,PM2.5-1HR
945,DEU_DEBE061,2026-04-22,5.19,9.36,57.67,0,2.9,326.63,1025.32,8404.48,4.36,8.604,4100.0,0.009,PM2.5-1HR
945,DEU_DEBE065,2026-04-22,7.57,9.28,57.46,0,2.98,327.84,1025.26,8378.06,4.72,9.108,4100.0,0.004,PM2.5-1HR
945,DEU_DEBE068,2026-04-22,4.48,9.28,57.46,0,2.98,327.84,1025.26,6904.92,4.72,9.108,4100.0,0.072,PM2.5-1HR
945,DEU_DEBE069,2026-04-22,8.43,9.36,57.67,0,2.9,326.63,1025.32,8178.6,4.83,9.262,4100.0,0.012,PM2.5-1HR
945,DEU_DEBE125,2026-04-22,7.36,9.36,57.67,0,2.9,326.63,1025.32,6347.59,4.72,9.108,4100.0,0.01,PM2.5-1HR
945,DEU_DEBE126,2026-04-22,8.05,9.36,57.67,0,2.9,326.63,1025.32,8412.9,4.72,9.108,4100.0,0.007,PM2.5-1HR
945,DEU_DEBE127,2026-04-22,7.11,9.36,57.67,0,2.9,326.63,1025.32,7628.59,4.94,9.416,4100.0,0.056,PM2.5-1HR
945,DEU_DEBE010,2026-04-23,8.27,10.05,68.83,0,3.73,293.37,1022.39,7313.31,6.18,11.152,4100.0,0.044,PM2.5-1HR
945,DEU_DEBE032,2026-04-23,8.92,9.99,69.42,0,3.9,296.21,1022.69,0,4.9,9.36,4100.0,0.861,PM2.5-1HR
945,DEU_DEBE034,2026-04-23,8.85,10.16,68.38,0,3.73,295.04,1022.48,8623.29,6.6,11.74,4100.0,0.331,PM2.5-1HR
945,DEU_DEBE051,2026-04-23,7.96,9.98,66.96,0,3.86,293.83,1022.21,464.73,4.85,9.29,4100.0,0.134,PM2.5-1HR
945,DEU_DEBE056,2026-04-23,8.86,10.25,67.63,0,3.81,293.74,1022.19,342.53,4.52,8.828,4100.0,0.106,PM2.5-1HR
945,DEU_DEBE061,2026-04-23,11.09,10.16,68.38,0,3.73,295.04,1022.48,8404.48,6.24,11.236,4100.0,0.009,PM2.5-1HR
945,DEU_DEBE065,2026-04-23,15.92,10.05,68.83,0,3.73,293.37,1022.39,8378.06,6.52,11.628,4100.0,0.004,PM2.5-1HR
945,DEU_DEBE068,2026-04-23,12.27,10.05,68.83,0,3.73,293.37,1022.39,6904.92,6.6,11.74,4100.0,0.072,PM2.5-1HR
945,DEU_DEBE069,2026-04-23,14.29,10.16,68.38,0,3.73,295.04,1022.48,8178.6,6.66,11.824,4100.0,0.012,PM2.5-1HR
945,DEU_DEBE125,2026-04-23,13.46,10.16,68.38,0,3.73,295.04,1022.48,6347.59,6.6,11.74,4100.0,0.01,PM2.5-1HR
945,DEU_DEBE126,2026-04-23,13.53,10.16,68.38,0,3.73,295.04,1022.48,8412.9,6.6,11.74,4100.0,0.007,PM2.5-1HR
945,DEU_DEBE127,2026-04-23,13.6,10.16,68.38,0,3.73,295.04,1022.48,7628.59,6.8,12.02,4100.0,0.056,PM2.5-1HR
945,DEU_DEBE010,2026-04-24,11.52,10.05,74.42,0,3.85,289.09,1018.31,7313.31,11.91,19.174,4100.0,0.044,PM2.5-1HR
945,DEU_DEBE032,2026-04-24,10.61,9.95,75.25,0,3.99,291.92,1018.57,0,9.52,15.828,4100.0,0.861,PM2.5-1HR
945,DEU_DEBE034,2026-04-24,11.88,10.11,74,0,3.83,291.63,1018.44,8623.29,12.23,19.622,4100.0,0.331,PM2.5-1HR
945,DEU_DEBE051,2026-04-24,10.6,9.94,74.46,0,4.04,286.08,1018.12,464.73,7.75,13.35,4100.0,0.134,PM2.5-1HR
945,DEU_DEBE056,2026-04-24,11.48,10.15,74.5,0,3.8,290.13,1018.23,342.53,8.51,14.414,4100.0,0.106,PM2.5-1HR
945,DEU_DEBE061,2026-04-24,12.83,10.11,74,0,3.83,291.63,1018.44,8404.48,11.42,18.488,4100.0,0.009,PM2.5-1HR
945,DEU_DEBE065,2026-04-24,18.76,10.05,74.42,0,3.85,289.09,1018.31,8378.06,12.18,19.552,4100.0,0.004,PM2.5-1HR
945,DEU_DEBE068,2026-04-24,12.75,10.05,74.42,0,3.85,289.09,1018.31,6904.92,12.23,19.622,4100.0,0.072,PM2.5-1HR
945,DEU_DEBE069,2026-04-24,16.46,10.11,74,0,3.83,291.63,1018.44,8178.6,12,19.3,4100.0,0.012,PM2.5-1HR
945,DEU_DEBE125,2026-04-24,15.53,10.11,74,0,3.83,291.63,1018.44,6347.59,12.23,19.622,4100.0,0.01,PM2.5-1HR
945,DEU_DEBE126,2026-04-24,15.35,10.11,74,0,3.83,291.63,1018.44,8412.9,12.23,19.622,4100.0,0.007,PM2.5-1HR
945,DEU_DEBE127,2026-04-24,14.73,10.11,74,0,3.83,291.63,1018.44,7628.59,12.44,19.916,4100.0,0.056,PM2.5-1HR
945,DEU_DEBE010,2026-04-25,10.57,9.65,70.88,0,4.99,283.45,1014.4,7313.31,8.02,13.728,4100.0,0.044,PM2.5-1HR
945,DEU_DEBE032,2026-04-25,8.98,9.67,71.71,0,5.09,284.5,1014.71,0,5.03,9.542,4100.0,0.861,PM2.5-1HR
945,DEU_DEBE034,2026-04-25,8.83,9.85,69.75,0,4.91,284.39,1014.5,8623.29,8.31,14.134,4100.0,0.331,PM2.5-1HR
945,DEU_DEBE051,2026-04-25,8.09,9.35,71.25,0,5.49,280.99,1014.17,464.73,3.81,7.834,4100.0,0.134,PM2.5-1HR
945,DEU_DEBE056,2026-04-25,9.35,10,70.83,0,4.93,281.92,1014.26,342.53,4.42,8.688,4100.0,0.106,PM2.5-1HR
945,DEU_DEBE061,2026-04-25,10.92,9.85,69.75,0,4.91,284.39,1014.5,8404.48,7.59,13.126,4100.0,0.009,PM2.5-1HR
945,DEU_DEBE065,2026-04-25,15.41,9.65,70.88,0,4.99,283.45,1014.4,8378.06,8.48,14.372,4100.0,0.004,PM2.5-1HR
945,DEU_DEBE068,2026-04-25,9.33,9.65,70.88,0,4.99,283.45,1014.4,6904.92,8.31,14.134,4100.0,0.072,PM2.5-1HR
945,DEU_DEBE069,2026-04-25,13.7,9.85,69.75,0,4.91,284.39,1014.5,8178.6,7.62,13.168,4100.0,0.012,PM2.5-1HR
945,DEU_DEBE125,2026-04-25,13.24,9.85,69.75,0,4.91,284.39,1014.5,6347.59,8.31,14.134,4100.0,0.01,PM2.5-1HR
945,DEU_DEBE126,2026-04-25,14.08,9.85,69.75,0,4.91,284.39,1014.5,8412.9,8.31,14.134,4100.0,0.007,PM2.5-1HR
945,DEU_DEBE127,2026-04-25,13.46,9.85,69.75,0,4.91,284.39,1014.5,7628.59,8.03,13.742,4100.0,0.056,PM2.5-1HR
945,DEU_DEBE010,2026-04-26,10.75,9.03,53.38,0,2.94,325.43,1022.83,7313.31,4.13,8.282,4100.0,0.044,PM2.5-1HR
945,DEU_DEBE032,2026-04-26,2.79,8.79,59.63,0,3.02,313.55,1023.01,0,1.31,4.334,4100.0,0.861,PM2.5-1HR
945,DEU_DEBE034,2026-04-26,4.19,9.28,52.54,0,2.87,318.48,1022.88,8623.29,4.17,8.338,4100.0,0.331,PM2.5-1HR
945,DEU_DEBE051,2026-04-26,2.78,8.52,54.33,0,3.22,328.69,1022.74,464.73,1.2,4.18,4100.0,0.134,PM2.5-1HR
945,DEU_DEBE056,2026-04-26,3.09,9,56.88,0,3.1,325.34,1022.7,342.53,1.39,4.446,4100.0,0.106,PM2.5-1HR
945,DEU_DEBE061,2026-04-26,3.51,9.28,52.54,0,2.87,318.48,1022.88,8404.48,3.87,7.918,4100.0,0.009,PM2.5-1HR
945,DEU_DEBE065,2026-04-26,6.19,9.03,53.38,0,2.94,325.43,1022.83,8378.06,4.52,8.828,4100.0,0.004,PM2.5-1HR
945,DEU_DEBE068,2026-04-26,4.17,9.03,53.38,0,2.94,325.43,1022.83,6904.92,4.17,8.338,4100.0,0.072,PM2.5-1HR
945,DEU_DEBE069,2026-04-26,6.16,9.28,52.54,0,2.87,318.48,1022.88,8178.6,3.27,7.078,4100.0,0.012,PM2.5-1HR
945,DEU_DEBE125,2026-04-26,5.64,9.28,52.54,0,2.87,318.48,1022.88,6347.59,4.17,8.338,4100.0,0.01,PM2.5-1HR
945,DEU_DEBE126,2026-04-26,6.67,9.28,52.54,0,2.87,318.48,1022.88,8412.9,4.17,8.338,4100.0,0.007,PM2.5-1HR
945,DEU_DEBE127,2026-04-26,6.11,9.28,52.54,0,2.87,318.48,1022.88,7628.59,3.35,7.19,4100.0,0.056,PM2.5-1HR
945,DEU_DEBE010,2026-04-27,4.28,10.37,46.54,0,2.27,256.05,1023.83,7313.31,4.25,8.45,4100.0,0.044,PM2.5-1HR
945,DEU_DEBE032,2026-04-27,3.24,9.85,56.88,0,2.15,261.39,1023.88,0,2.88,6.532,4100.0,0.861,PM2.5-1HR
945,DEU_DEBE034,2026-04-27,4.96,10.68,44.29,0,2.26,255.63,1023.83,8623.29,4.57,8.898,4100.0,0.331,PM2.5-1HR
945,DEU_DEBE051,2026-04-27,3.63,9.41,51.04,0,2.33,248.22,1023.82,464.73,2.08,5.412,4100.0,0.134,PM2.5-1HR
945,DEU_DEBE056,2026-04-27,3.57,10.2,55.08,0,2.12,258.47,1023.78,342.53,2.77,6.378,4100.0,0.106,PM2.5-1HR
945,DEU_DEBE061,2026-04-27,4.67,10.68,44.29,0,2.26,255.63,1023.83,8404.48,4.26,8.464,4100.0,0.009,PM2.5-1HR
945,DEU_DEBE065,2026-04-27,7.74,10.37,46.54,0,2.27,256.05,1023.83,8378.06,4.6,8.94,4100.0,0.004,PM2.5-1HR
945,DEU_DEBE068,2026-04-27,5.03,10.37,46.54,0,2.27,256.05,1023.83,6904.92,4.57,8.898,4100.0,0.072,PM2.5-1HR
945,DEU_DEBE069,2026-04-27,8.12,10.68,44.29,0,2.26,255.63,1023.83,8178.6,4.72,9.108,4100.0,0.012,PM2.5-1HR
945,DEU_DEBE125,2026-04-27,7.16,10.68,44.29,0,2.26,255.63,1023.83,6347.59,4.57,8.898,4100.0,0.01,PM2.5-1HR
945,DEU_DEBE126,2026-04-27,8.07,10.68,44.29,0,2.26,255.63,1023.83,8412.9,4.57,8.898,4100.0,0.007,PM2.5-1HR
945,DEU_DEBE127,2026-04-27,7.81,10.68,44.29,0,2.26,255.63,1023.83,7628.59,4.77,9.178,4100.0,0.056,PM2.5-1HR
945,DEU_DEBE010,2026-04-28,2.4,9.98,35.71,0,3.19,60.07,1025.7,7313.31,2.78,6.392,4100.0,0.044,PM2.5-1HR
945,DEU_DEBE032,2026-04-28,1.77,9.73,43.17,0,3.02,59.35,1025.55,0,1.47,4.558,4100.0,0.861,PM2.5-1HR
945,DEU_DEBE034,2026-04-28,2.58,10.41,32.88,0,3.23,59.72,1025.57,8623.29,3.09,6.826,4100.0,0.331,PM2.5-1HR
945,DEU_DEBE051,2026-04-28,1.8,8.73,44.92,0,3.08,61.91,1025.93,464.73,1.1,4.04,4100.0,0.134,PM2.5-1HR
945,DEU_DEBE056,2026-04-28,1.8,9.26,46.13,0,3.16,55.68,1025.58,342.53,1.11,4.054,4100.0,0.106,PM2.5-1HR
945,DEU_DEBE061,2026-04-28,2.52,10.41,32.88,0,3.23,59.72,1025.57,8404.48,2.8,6.42,4100.0,0.009,PM2.5-1HR
945,DEU_DEBE065,2026-04-28,4.73,9.98,35.71,0,3.19,60.07,1025.7,8378.06,3.14,6.896,4100.0,0.004,PM2.5-1HR
945,DEU_DEBE068,2026-04-28,2.45,9.98,35.71,0,3.19,60.07,1025.7,6904.92,3.09,6.826,4100.0,0.072,PM2.5-1HR
945,DEU_DEBE069,2026-04-28,4.76,10.41,32.88,0,3.23,59.72,1025.57,8178.6,3.17,6.938,4100.0,0.012,PM2.5-1HR
945,DEU_DEBE125,2026-04-28,5,10.41,32.88,0,3.23,59.72,1025.57,6347.59,3.09,6.826,4100.0,0.01,PM2.5-1HR
945,DEU_DEBE126,2026-04-28,5.8,10.41,32.88,0,3.23,59.72,1025.57,8412.9,3.09,6.826,4100.0,0.007,PM2.5-1HR
945,DEU_DEBE127,2026-04-28,5.42,10.41,32.88,0,3.23,59.72,1025.57,7628.59,3.25,7.05,4100.0,0.056,PM2.5-1HR
945,DEU_DEBE010,2026-04-29,3.56,9.43,36.29,0,2.67,68.99,1029.84,7313.31,3.12,6.868,4100.0,0.044,PM2.5-1HR
945,DEU_DEBE032,2026-04-29,2.14,9.14,45.21,0,2.61,71.4,1029.73,0,1.94,5.216,4100.0,0.861,PM2.5-1HR
945,DEU_DEBE034,2026-04-29,3.49,9.74,34.25,0,2.78,69.88,1029.77,8623.29,3.39,7.246,4100.0,0.331,PM2.5-1HR
945,DEU_DEBE051,2026-04-29,2.6,7.92,50.29,0,2.53,72.02,1029.97,464.73,1.43,4.502,4100.0,0.134,PM2.5-1HR
945,DEU_DEBE056,2026-04-29,2.09,8.4,48.79,0,2.66,56.11,1029.83,342.53,1.52,4.628,4100.0,0.106,PM2.5-1HR
945,DEU_DEBE061,2026-04-29,3.59,9.74,34.25,0,2.78,69.88,1029.77,8404.48,3.1,6.84,4100.0,0.009,PM2.5-1HR
945,DEU_DEBE065,2026-04-29,6.33,9.43,36.29,0,2.67,68.99,1029.84,8378.06,3.47,7.358,4100.0,0.004,PM2.5-1HR
945,DEU_DEBE068,2026-04-29,3.56,9.43,36.29,0,2.67,68.99,1029.84,6904.92,3.39,7.246,4100.0,0.072,PM2.5-1HR
945,DEU_DEBE069,2026-04-29,5.28,9.74,34.25,0,2.78,69.88,1029.77,8178.6,3.47,7.358,4100.0,0.012,PM2.5-1HR
945,DEU_DEBE125,2026-04-29,6.12,9.74,34.25,0,2.78,69.88,1029.77,6347.59,3.39,7.246,4100.0,0.01,PM2.5-1HR
945,DEU_DEBE126,2026-04-29,6.82,9.74,34.25,0,2.78,69.88,1029.77,8412.9,3.39,7.246,4100.0,0.007,PM2.5-1HR
945,DEU_DEBE127,2026-04-29,7.41,9.74,34.25,0,2.78,69.88,1029.77,7628.59,3.56,7.484,4100.0,0.056,PM2.5-1HR
945,DEU_DEBE127,2026-04-30,9.94,12.43,40.92,0,1.9,345.53,1031.32,7628.59,3.9,7.96,4100.0,0.056,PM2.5-1HR
945,DEU_DEBE010,2026-04-30,5.02,12.18,41.5,0,1.99,350.64,1031.32,7313.31,3.31,7.134,4100.0,0.044,PM2.5-1HR
945,DEU_DEBE032,2026-04-30,3.31,11.33,53.96,0,1.81,329.66,1031.4,0,1.75,4.95,4100.0,0.861,PM2.5-1HR
945,DEU_DEBE034,2026-04-30,6.94,12.43,40.92,0,1.9,345.53,1031.32,8623.29,3.69,7.666,4100.0,0.331,PM2.5-1HR
945,DEU_DEBE051,2026-04-30,3.14,10.58,53.63,0,1.88,342.83,1031.33,464.73,1.16,4.124,4100.0,0.134,PM2.5-1HR
945,DEU_DEBE056,2026-04-30,4.24,10.59,58.63,0,1.69,348.98,1031.31,342.53,1.49,4.586,4100.0,0.106,PM2.5-1HR
945,DEU_DEBE061,2026-04-30,6.46,12.43,40.92,0,1.9,345.53,1031.32,8404.48,3.39,7.246,4100.0,0.009,PM2.5-1HR
945,DEU_DEBE065,2026-04-30,8.87,12.18,41.5,0,1.99,350.64,1031.32,8378.06,3.74,7.736,4100.0,0.004,PM2.5-1HR
945,DEU_DEBE068,2026-04-30,5.78,12.18,41.5,0,1.99,350.64,1031.32,6904.92,3.69,7.666,4100.0,0.072,PM2.5-1HR
945,DEU_DEBE069,2026-04-30,7.88,12.43,40.92,0,1.9,345.53,1031.32,8178.6,3.87,7.918,4100.0,0.012,PM2.5-1HR
945,DEU_DEBE125,2026-04-30,8.53,12.43,40.92,0,1.9,345.53,1031.32,6347.59,3.69,7.666,4100.0,0.01,PM2.5-1HR
945,DEU_DEBE126,2026-04-30,10.97,12.43,40.92,0,1.9,345.53,1031.32,8412.9,3.69,7.666,4100.0,0.007,PM2.5-1HR
945,DEU_DEBE010,2026-05-01,5.79,16.08,45.63,0,1.23,343.48,1028.27,7313.31,4.15,8.31,4100.0,0.044,PM2.5-1HR
945,DEU_DEBE127,2026-05-01,11.47,16.51,43.63,0,1.11,328.78,1028.26,7628.59,4.66,9.024,4100.0,0.056,PM2.5-1HR
945,DEU_DEBE032,2026-05-01,3.59,14.86,53.88,0,1.47,310.55,1028.39,0,2.59,6.126,4100.0,0.861,PM2.5-1HR
945,DEU_DEBE034,2026-05-01,9.66,16.51,43.63,0,1.11,328.78,1028.26,8623.29,4.47,8.758,4100.0,0.331,PM2.5-1HR
945,DEU_DEBE051,2026-05-01,3.77,13.86,60.29,0,1.03,343.79,1028.29,464.73,1.93,5.202,4100.0,0.134,PM2.5-1HR
945,DEU_DEBE056,2026-05-01,7.64,14.48,58.71,0,1.09,344.93,1028.25,342.53,2.11,5.454,4100.0,0.106,PM2.5-1HR
945,DEU_DEBE061,2026-05-01,6.52,16.51,43.63,0,1.11,328.78,1028.26,8404.48,4.16,8.324,4100.0,0.009,PM2.5-1HR
945,DEU_DEBE065,2026-05-01,11.01,16.08,45.63,0,1.23,343.48,1028.27,8378.06,4.53,8.842,4100.0,0.004,PM2.5-1HR
945,DEU_DEBE068,2026-05-01,6.88,16.08,45.63,0,1.23,343.48,1028.27,6904.92,4.47,8.758,4100.0,0.072,PM2.5-1HR
945,DEU_DEBE069,2026-05-01,10.69,16.51,43.63,0,1.11,328.78,1028.26,8178.6,4.59,8.926,4100.0,0.012,PM2.5-1HR
945,DEU_DEBE125,2026-05-01,8.68,16.51,43.63,0,1.11,328.78,1028.26,6347.59,4.47,8.758,4100.0,0.01,PM2.5-1HR
945,DEU_DEBE126,2026-05-01,13.13,16.51,43.63,0,1.11,328.78,1028.26,8412.9,4.47,8.758,4100.0,0.007,PM2.5-1HR
945,DEU_DEBE010,2026-05-02,10.4,19.68,38.29,0,2.61,176.96,1021.13,7313.31,5.17,9.738,4100.0,0.044,PM2.5-1HR
945,DEU_DEBE032,2026-05-02,6.53,18.34,44.54,0,2.69,170.68,1021.13,0,3.37,7.218,4100.0,0.861,PM2.5-1HR
945,DEU_DEBE034,2026-05-02,14.42,19.53,38.71,0,2.6,174.59,1021.18,8623.29,5.28,9.892,4100.0,0.331,PM2.5-1HR
945,DEU_DEBE051,2026-05-02,9.86,17.39,49.25,0,2.67,173.94,1021.08,464.73,2.29,5.706,4100.0,0.134,PM2.5-1HR
945,DEU_DEBE056,2026-05-02,8.54,17.07,54.58,0,2.19,171.97,1021.37,342.53,2.09,5.426,4100.0,0.106,PM2.5-1HR
945,DEU_DEBE061,2026-05-02,8.45,19.53,38.71,0,2.6,174.59,1021.18,8404.48,5.05,9.57,4100.0,0.009,PM2.5-1HR
945,DEU_DEBE065,2026-05-02,15.33,19.68,38.29,0,2.61,176.96,1021.13,8378.06,5.57,10.298,4100.0,0.004,PM2.5-1HR
945,DEU_DEBE068,2026-05-02,15.28,19.68,38.29,0,2.61,176.96,1021.13,6904.92,5.28,9.892,4100.0,0.072,PM2.5-1HR
945,DEU_DEBE069,2026-05-02,14.11,19.53,38.71,0,2.6,174.59,1021.18,8178.6,5.33,9.962,4100.0,0.012,PM2.5-1HR
945,DEU_DEBE125,2026-05-02,15.33,19.53,38.71,0,2.6,174.59,1021.18,6347.59,5.28,9.892,4100.0,0.01,PM2.5-1HR
945,DEU_DEBE126,2026-05-02,16.99,19.53,38.71,0,2.6,174.59,1021.18,8412.9,5.28,9.892,4100.0,0.007,PM2.5-1HR
945,DEU_DEBE127,2026-05-02,15.38,19.53,38.71,0,2.6,174.59,1021.18,7628.59,5.37,10.018,4100.0,0.056,PM2.5-1HR
945,DEU_DEBE010,2026-05-03,8.12,22.22,31,0,3.04,213.06,1012.5,7313.31,5.25,9.85,4100.0,0.044,PM2.5-1HR
945,DEU_DEBE032,2026-05-03,6.53,21.05,37.25,0,2.89,213.54,1012.55,0,2.96,6.644,4100.0,0.861,PM2.5-1HR
945,DEU_DEBE034,2026-05-03,11.34,22.05,31.92,0,2.98,210.67,1012.55,8623.29,5.34,9.976,4100.0,0.331,PM2.5-1HR
945,DEU_DEBE051,2026-05-03,7.82,20.01,42.46,0,2.9,213.86,1012.48,464.73,2.74,6.336,4100.0,0.134,PM2.5-1HR
945,DEU_DEBE056,2026-05-03,6.2,20.01,43.63,0,2.62,197.9,1012.74,342.53,2.94,6.616,4100.0,0.106,PM2.5-1HR
945,DEU_DEBE061,2026-05-03,8.22,22.05,31.92,0,2.98,210.67,1012.55,8404.48,4.94,9.416,4100.0,0.009,PM2.5-1HR
945,DEU_DEBE065,2026-05-03,12.28,22.22,31,0,3.04,213.06,1012.5,8378.06,5.63,10.382,4100.0,0.004,PM2.5-1HR
945,DEU_DEBE068,2026-05-03,10.31,22.22,31,0,3.04,213.06,1012.5,6904.92,5.34,9.976,4100.0,0.072,PM2.5-1HR
945,DEU_DEBE069,2026-05-03,10.7,22.05,31.92,0,2.98,210.67,1012.55,8178.6,5.36,10.004,4100.0,0.012,PM2.5-1HR
945,DEU_DEBE125,2026-05-03,10.67,22.05,31.92,0,2.98,210.67,1012.55,6347.59,5.34,9.976,4100.0,0.01,PM2.5-1HR
945,DEU_DEBE126,2026-05-03,11.4,22.05,31.92,0,2.98,210.67,1012.55,8412.9,5.34,9.976,4100.0,0.007,PM2.5-1HR
945,DEU_DEBE127,2026-05-03,11.89,22.05,31.92,0,2.98,210.67,1012.55,7628.59,5.5,10.2,4100.0,0.056,PM2.5-1HR
945,DEU_DEBE010,2026-05-04,5.99,20.01,48.25,0,3.21,276.17,1011.91,7313.31,5.65,10.41,4100.0,0.044,PM2.5-1HR
945,DEU_DEBE127,2026-05-04,9.59,20.23,47.46,0,3.12,272.25,1011.95,7628.59,6,10.9,4100.0,0.056,PM2.5-1HR
945,DEU_DEBE032,2026-05-04,5.7,19.37,51.83,0,3.09,274.04,1012.04,0,4.36,8.604,4100.0,0.861,PM2.5-1HR
945,DEU_DEBE034,2026-05-04,6.33,20.23,47.46,0,3.12,272.25,1011.95,8623.29,5.83,10.662,4100.0,0.331,PM2.5-1HR
945,DEU_DEBE051,2026-05-04,5.51,18.07,58.54,0,3.08,272.99,1011.9,464.73,3.88,7.932,4100.0,0.134,PM2.5-1HR
945,DEU_DEBE056,2026-05-04,5.51,18.99,55.17,0,2.67,269.53,1011.91,342.53,3.7,7.68,4100.0,0.106,PM2.5-1HR
945,DEU_DEBE061,2026-05-04,6.39,20.23,47.46,0,3.12,272.25,1011.95,8404.48,5.48,10.172,4100.0,0.009,PM2.5-1HR
945,DEU_DEBE065,2026-05-04,9.91,20.01,48.25,0,3.21,276.17,1011.91,8378.06,5.99,10.886,4100.0,0.004,PM2.5-1HR
945,DEU_DEBE068,2026-05-04,6.56,20.01,48.25,0,3.21,276.17,1011.91,6904.92,5.83,10.662,4100.0,0.072,PM2.5-1HR
945,DEU_DEBE069,2026-05-04,14.08,20.23,47.46,0,3.12,272.25,1011.95,8178.6,5.76,10.564,4100.0,0.012,PM2.5-1HR
945,DEU_DEBE125,2026-05-04,9.47,20.23,47.46,0,3.12,272.25,1011.95,6347.59,5.83,10.662,4100.0,0.01,PM2.5-1HR
945,DEU_DEBE126,2026-05-04,10.09,20.23,47.46,0,3.12,272.25,1011.95,8412.9,5.83,10.662,4100.0,0.007,PM2.5-1HR
945,DEU_DEBE010,2026-05-05,9.58,15.52,77.42,0.18,2.17,31.17,1009.65,7313.31,8.41,14.274,4100.0,0.044,PM2.5-1HR
945,DEU_DEBE127,2026-05-05,14.7,16,75.67,0.26,2.16,16.32,1009.6,7628.59,9.3,15.52,4100.0,0.056,PM2.5-1HR
945,DEU_DEBE032,2026-05-05,10.35,15.7,77.92,0.19,2.08,13.87,1009.63,0,7.72,13.308,4100.0,0.861,PM2.5-1HR
945,DEU_DEBE034,2026-05-05,9.49,16,75.67,0.26,2.16,16.32,1009.6,8623.29,9,15.1,4100.0,0.331,PM2.5-1HR
945,DEU_DEBE051,2026-05-05,8.63,14.17,82.25,0.25,2.3,26.37,1009.86,464.73,5.19,9.766,4100.0,0.134,PM2.5-1HR
945,DEU_DEBE056,2026-05-05,10.11,15.08,82.67,0.14,1.9,32.35,1009.6,342.53,6.34,11.376,4100.0,0.106,PM2.5-1HR
945,DEU_DEBE061,2026-05-05,11.96,16,75.67,0.26,2.16,16.32,1009.6,8404.48,8.65,14.61,4100.0,0.009,PM2.5-1HR
945,DEU_DEBE065,2026-05-05,15.32,15.52,77.42,0.18,2.17,31.17,1009.65,8378.06,8.7,14.68,4100.0,0.004,PM2.5-1HR
945,DEU_DEBE068,2026-05-05,10.12,15.52,77.42,0.18,2.17,31.17,1009.65,6904.92,9,15.1,4100.0,0.072,PM2.5-1HR
945,DEU_DEBE069,2026-05-05,16.71,16,75.67,0.26,2.16,16.32,1009.6,8178.6,9.15,15.31,4100.0,0.012,PM2.5-1HR
945,DEU_DEBE125,2026-05-05,15.15,16,75.67,0.26,2.16,16.32,1009.6,6347.59,9,15.1,4100.0,0.01,PM2.5-1HR
945,DEU_DEBE126,2026-05-05,14.9,16,75.67,0.26,2.16,16.32,1009.6,8412.9,9,15.1,4100.0,0.007,PM2.5-1HR
945,DEU_DEBE010,2026-05-06,6.58,11.21,89.21,0.61,2.88,28.28,1006.76,7313.31,3.41,7.274,4100.0,0.044,PM2.5-1HR
945,DEU_DEBE127,2026-05-06,10.17,11.51,88.58,0.63,2.79,28.37,1006.65,7628.59,3.81,7.834,4100.0,0.056,PM2.5-1HR
945,DEU_DEBE032,2026-05-06,4.81,11.48,89.42,0.61,2.92,29.39,1006.7,0,1.63,4.782,4100.0,0.861,PM2.5-1HR
945,DEU_DEBE034,2026-05-06,7.44,11.51,88.58,0.63,2.79,28.37,1006.65,8623.29,3.67,7.638,4100.0,0.331,PM2.5-1HR
945,DEU_DEBE051,2026-05-06,5.9,10.56,90.88,0.68,3.32,31.17,1006.98,464.73,1.52,4.628,4100.0,0.134,PM2.5-1HR
945,DEU_DEBE056,2026-05-06,5.84,11.65,90.33,0.52,3.1,29.76,1006.48,342.53,0.77,3.578,4100.0,0.106,PM2.5-1HR
945,DEU_DEBE061,2026-05-06,7.35,11.51,88.58,0.63,2.79,28.37,1006.65,8404.48,3.34,7.176,4100.0,0.009,PM2.5-1HR
945,DEU_DEBE065,2026-05-06,10.23,11.21,89.21,0.61,2.88,28.28,1006.76,8378.06,3.78,7.792,4100.0,0.004,PM2.5-1HR
945,DEU_DEBE068,2026-05-06,7.66,11.21,89.21,0.61,2.88,28.28,1006.76,6904.92,3.67,7.638,4100.0,0.072,PM2.5-1HR
945,DEU_DEBE069,2026-05-06,12.62,11.51,88.58,0.63,2.79,28.37,1006.65,8178.6,3.76,7.764,4100.0,0.012,PM2.5-1HR
945,DEU_DEBE125,2026-05-06,11.11,11.51,88.58,0.63,2.79,28.37,1006.65,6347.59,3.67,7.638,4100.0,0.01,PM2.5-1HR
945,DEU_DEBE126,2026-05-06,10.7,11.51,88.58,0.63,2.79,28.37,1006.65,8412.9,3.67,7.638,4100.0,0.007,PM2.5-1HR
945,DEU_DEBE010,2026-05-07,4.8,8.68,80.67,0.07,2.83,42.46,1013.79,7313.31,3.89,7.946,4100.0,0.044,PM2.5-1HR
945,DEU_DEBE127,2026-05-07,8.29,8.78,81.17,0.09,2.84,38.4,1013.72,7628.59,4.41,8.674,4100.0,0.056,PM2.5-1HR
945,DEU_DEBE032,2026-05-07,2.27,8.93,81.29,0.08,2.84,35.69,1013.76,0,2.09,5.426,4100.0,0.861,PM2.5-1HR
945,DEU_DEBE034,2026-05-07,5.19,8.78,81.17,0.09,2.84,38.4,1013.72,8623.29,4.24,8.436,4100.0,0.331,PM2.5-1HR
945,DEU_DEBE051,2026-05-07,2.69,8.64,77.75,0.03,3.22,48.58,1013.9,464.73,1.63,4.782,4100.0,0.134,PM2.5-1HR
945,DEU_DEBE056,2026-05-07,2.54,8.79,83.96,0.16,3,31.63,1013.6,342.53,1.81,5.034,4100.0,0.106,PM2.5-1HR
945,DEU_DEBE061,2026-05-07,4.67,8.78,81.17,0.09,2.84,38.4,1013.72,8404.48,3.84,7.876,4100.0,0.009,PM2.5-1HR
945,DEU_DEBE065,2026-05-07,7.03,8.68,80.67,0.07,2.83,42.46,1013.79,8378.06,4.23,8.422,4100.0,0.004,PM2.5-1HR
945,DEU_DEBE068,2026-05-07,5.08,8.68,80.67,0.07,2.83,42.46,1013.79,6904.92,4.24,8.436,4100.0,0.072,PM2.5-1HR
945,DEU_DEBE069,2026-05-07,10.02,8.78,81.17,0.09,2.84,38.4,1013.72,8178.6,4.35,8.59,4100.0,0.012,PM2.5-1HR
945,DEU_DEBE125,2026-05-07,7.45,8.78,81.17,0.09,2.84,38.4,1013.72,6347.59,4.24,8.436,4100.0,0.01,PM2.5-1HR
945,DEU_DEBE126,2026-05-07,7.27,8.78,81.17,0.09,2.84,38.4,1013.72,8412.9,4.24,8.436,4100.0,0.007,PM2.5-1HR
945,DEU_DEBE127,2026-05-19,9.83,15.05,61.13,0.01,1.69,239.05,1017.53,7628.59,5.33,9.962,4100.0,0.056,PM2.5-1HR
945,DEU_DEBE010,2026-05-19,6.02,14.87,61.88,0.02,1.61,234.08,1017.51,7313.31,4.83,9.262,4100.0,0.044,PM2.5-1HR
945,DEU_DEBE032,2026-05-19,4.42,14.24,69.54,0.01,1.73,235.4,1017.53,0,2.86,6.504,4100.0,0.861,PM2.5-1HR
945,DEU_DEBE034,2026-05-19,7.48,15.05,61.13,0.01,1.69,239.05,1017.53,8623.29,5.14,9.696,4100.0,0.331,PM2.5-1HR
945,DEU_DEBE051,2026-05-19,4.42,13.87,67.46,0.03,1.56,213.96,1017.53,464.73,1.88,5.132,4100.0,0.134,PM2.5-1HR
945,DEU_DEBE056,2026-05-19,5.18,14,70.21,0.03,1.52,221.02,1017.58,342.53,2.21,5.594,4100.0,0.106,PM2.5-1HR
945,DEU_DEBE061,2026-05-19,6.46,15.05,61.13,0.01,1.69,239.05,1017.53,8404.48,4.74,9.136,4100.0,0.009,PM2.5-1HR
945,DEU_DEBE065,2026-05-19,10.57,14.87,61.88,0.02,1.61,234.08,1017.51,8378.06,5.28,9.892,4100.0,0.004,PM2.5-1HR
945,DEU_DEBE068,2026-05-19,7.24,14.87,61.88,0.02,1.61,234.08,1017.51,6904.92,5.14,9.696,4100.0,0.072,PM2.5-1HR
945,DEU_DEBE069,2026-05-19,10.41,15.05,61.13,0.01,1.69,239.05,1017.53,8178.6,5.19,9.766,4100.0,0.012,PM2.5-1HR
945,DEU_DEBE125,2026-05-19,9.21,15.05,61.13,0.01,1.69,239.05,1017.53,6347.59,5.14,9.696,4100.0,0.01,PM2.5-1HR
945,DEU_DEBE126,2026-05-19,10.17,15.05,61.13,0.01,1.69,239.05,1017.53,8412.9,5.14,9.696,4100.0,0.007,PM2.5-1HR
945,DEU_DEBE127,2026-05-20,9.38,16.9,63.63,0.05,2.51,201.26,1019.85,7628.59,4.86,9.304,4100.0,0.056,PM2.5-1HR
945,DEU_DEBE010,2026-05-20,6.02,16.9,63.38,0.05,2.53,204.28,1019.79,7313.31,4.51,8.814,4100.0,0.044,PM2.5-1HR
945,DEU_DEBE032,2026-05-20,4.55,15.81,73.38,0.09,2.47,205.97,1019.85,0,2.4,5.86,4100.0,0.861,PM2.5-1HR
945,DEU_DEBE034,2026-05-20,7.42,16.9,63.63,0.05,2.51,201.26,1019.85,8623.29,4.74,9.136,4100.0,0.331,PM2.5-1HR
945,DEU_DEBE051,2026-05-20,5.89,15.51,73.25,0.06,2.6,202.65,1019.77,464.73,2.76,6.364,4100.0,0.134,PM2.5-1HR
945,DEU_DEBE056,2026-05-20,5.79,15.33,75.96,0.04,2.28,198.52,1019.98,342.53,2.21,5.594,4100.0,0.106,PM2.5-1HR
945,DEU_DEBE061,2026-05-20,7.57,16.9,63.63,0.05,2.51,201.26,1019.85,8404.48,4.29,8.506,4100.0,0.009,PM2.5-1HR
945,DEU_DEBE065,2026-05-20,11.22,16.9,63.38,0.05,2.53,204.28,1019.79,8378.06,4.96,9.444,4100.0,0.004,PM2.5-1HR
945,DEU_DEBE068,2026-05-20,7.46,16.9,63.38,0.05,2.53,204.28,1019.79,6904.92,4.74,9.136,4100.0,0.072,PM2.5-1HR
945,DEU_DEBE069,2026-05-20,10.25,16.9,63.63,0.05,2.51,201.26,1019.85,8178.6,4.66,9.024,4100.0,0.012,PM2.5-1HR
945,DEU_DEBE125,2026-05-20,9.26,16.9,63.63,0.05,2.51,201.26,1019.85,6347.59,4.74,9.136,4100.0,0.01,PM2.5-1HR
945,DEU_DEBE126,2026-05-20,9.63,16.9,63.63,0.05,2.51,201.26,1019.85,8412.9,4.74,9.136,4100.0,0.007,PM2.5-1HR
945,DEU_DEBE127,2026-05-21,11.32,16.73,67.83,0,2.57,272.03,1026.04,7628.59,6.92,12.188,4100.0,0.056,PM2.5-1HR
945,DEU_DEBE010,2026-05-21,8.18,16.5,69.25,0,2.57,270.14,1026.02,7313.31,6.22,11.208,4100.0,0.044,PM2.5-1HR
945,DEU_DEBE032,2026-05-21,7.92,15.74,75.42,0.02,2.42,272.32,1026.1,0,4.96,9.444,4100.0,0.861,PM2.5-1HR
945,DEU_DEBE034,2026-05-21,8.88,16.73,67.83,0,2.57,272.03,1026.04,8623.29,6.71,11.894,4100.0,0.331,PM2.5-1HR
945,DEU_DEBE051,2026-05-21,7.67,15.42,76.29,0.01,2.58,267.25,1025.91,464.73,5.3,9.92,4100.0,0.134,PM2.5-1HR
945,DEU_DEBE056,2026-05-21,7.7,16.2,72.04,0,2.55,269.22,1026,342.53,4.3,8.52,4100.0,0.106,PM2.5-1HR
945,DEU_DEBE061,2026-05-21,9.29,16.73,67.83,0,2.57,272.03,1026.04,8404.48,6.21,11.194,4100.0,0.009,PM2.5-1HR
945,DEU_DEBE065,2026-05-21,13.95,16.5,69.25,0,2.57,270.14,1026.02,8378.06,6.57,11.698,4100.0,0.004,PM2.5-1HR
945,DEU_DEBE068,2026-05-21,8.95,16.5,69.25,0,2.57,270.14,1026.02,6904.92,6.71,11.894,4100.0,0.072,PM2.5-1HR
945,DEU_DEBE069,2026-05-21,13.16,16.73,67.83,0,2.57,272.03,1026.04,8178.6,6.58,11.712,4100.0,0.012,PM2.5-1HR
945,DEU_DEBE125,2026-05-21,11.85,16.73,67.83,0,2.57,272.03,1026.04,6347.59,6.71,11.894,4100.0,0.01,PM2.5-1HR
945,DEU_DEBE126,2026-05-21,12.57,16.73,67.83,0,2.57,272.03,1026.04,8412.9,6.71,11.894,4100.0,0.007,PM2.5-1HR
945,DEU_DEBE127,2026-05-22,15.63,18.67,64.13,0,1.62,278.74,1028.8,7628.59,11.56,18.684,4100.0,0.056,PM2.5-1HR
945,DEU_DEBE010,2026-05-22,11.17,18.32,66.13,0,1.67,275.25,1028.83,7313.31,11.11,18.054,4100.0,0.044,PM2.5-1HR
945,DEU_DEBE032,2026-05-22,9.86,17.69,72,0,1.53,279.84,1028.83,0,8.61,14.554,4100.0,0.861,PM2.5-1HR
945,DEU_DEBE034,2026-05-22,11.8,18.67,64.13,0,1.62,278.74,1028.8,8623.29,11.3,18.32,4100.0,0.331,PM2.5-1HR
945,DEU_DEBE051,2026-05-22,9.35,16.98,71.92,0,1.79,279.27,1028.84,464.73,6.83,12.062,4100.0,0.134,PM2.5-1HR
945,DEU_DEBE056,2026-05-22,11.16,17.55,70.92,0,1.63,279.69,1028.8,342.53,7.87,13.518,4100.0,0.106,PM2.5-1HR
945,DEU_DEBE061,2026-05-22,12.78,18.67,64.13,0,1.62,278.74,1028.8,8404.48,10.7,17.48,4100.0,0.009,PM2.5-1HR
945,DEU_DEBE065,2026-05-22,16.55,18.32,66.13,0,1.67,275.25,1028.83,8378.06,11.49,18.586,4100.0,0.004,PM2.5-1HR
945,DEU_DEBE068,2026-05-22,12.01,18.32,66.13,0,1.67,275.25,1028.83,6904.92,11.3,18.32,4100.0,0.072,PM2.5-1HR
945,DEU_DEBE069,2026-05-22,17.33,18.67,64.13,0,1.62,278.74,1028.8,8178.6,11.32,18.348,4100.0,0.012,PM2.5-1HR
945,DEU_DEBE125,2026-05-22,15.55,18.67,64.13,0,1.62,278.74,1028.8,6347.59,11.3,18.32,4100.0,0.01,PM2.5-1HR
945,DEU_DEBE126,2026-05-22,16.66,18.67,64.13,0,1.62,278.74,1028.8,8412.9,11.3,18.32,4100.0,0.007,PM2.5-1HR
945,DEU_DEBE127,2026-05-23,14.97,21.54,59.83,0,1.57,72.66,1028.15,7628.59,10.07,16.598,4100.0,0.056,PM2.5-1HR
945,DEU_DEBE010,2026-05-23,11.45,21.21,61.04,0,1.58,67.79,1028.18,7313.31,9.67,16.038,4100.0,0.044,PM2.5-1HR
945,DEU_DEBE032,2026-05-23,11.11,20.37,68,0,1.38,78.67,1028.16,0,8.38,14.232,4100.0,0.861,PM2.5-1HR
945,DEU_DEBE034,2026-05-23,13.06,21.54,59.83,0,1.57,72.66,1028.15,8623.29,9.88,16.332,4100.0,0.331,PM2.5-1HR
945,DEU_DEBE051,2026-05-23,10.01,19.64,69.33,0,1.42,153.5,1028.25,464.73,4.86,9.304,4100.0,0.134,PM2.5-1HR
945,DEU_DEBE056,2026-05-23,12.23,19.88,69.25,0,1.23,91.95,1028.2,342.53,7.3,12.72,4100.0,0.106,PM2.5-1HR
945,DEU_DEBE061,2026-05-23,13.21,21.54,59.83,0,1.57,72.66,1028.15,8404.48,9.74,16.136,4100.0,0.009,PM2.5-1HR
945,DEU_DEBE065,2026-05-23,15.7,21.21,61.04,0,1.58,67.79,1028.18,8378.06,10.03,16.542,4100.0,0.004,PM2.5-1HR
945,DEU_DEBE068,2026-05-23,15.73,21.21,61.04,0,1.58,67.79,1028.18,6904.92,9.88,16.332,4100.0,0.072,PM2.5-1HR
945,DEU_DEBE069,2026-05-23,15.69,21.54,59.83,0,1.57,72.66,1028.15,8178.6,10.16,16.724,4100.0,0.012,PM2.5-1HR
945,DEU_DEBE125,2026-05-23,14.95,21.54,59.83,0,1.57,72.66,1028.15,6347.59,9.88,16.332,4100.0,0.01,PM2.5-1HR
945,DEU_DEBE126,2026-05-23,16.7,21.54,59.83,0,1.57,72.66,1028.15,8412.9,9.88,16.332,4100.0,0.007,PM2.5-1HR
945,DEU_DEBE010,2026-05-24,10.57,22.55,55.71,0,3.04,282.43,1027.46,7313.31,4.27,8.478,4100.0,0.044,PM2.5-1HR
945,DEU_DEBE032,2026-05-24,9.75,21.13,65,0,2.99,285.29,1027.57,0,2.34,5.776,4100.0,0.861,PM2.5-1HR
945,DEU_DEBE034,2026-05-24,11.67,22.7,55.71,0.02,3.09,281.42,1027.45,8623.29,4.56,8.884,4100.0,0.331,PM2.5-1HR
945,DEU_DEBE051,2026-05-24,10.1,20.89,63.42,0,3.02,284.23,1027.49,464.73,2.06,5.384,4100.0,0.134,PM2.5-1HR
945,DEU_DEBE056,2026-05-24,13.25,21.32,63.67,0.01,2.97,274.02,1027.31,342.53,1.83,5.062,4100.0,0.106,PM2.5-1HR
945,DEU_DEBE061,2026-05-24,11,22.7,55.71,0.02,3.09,281.42,1027.45,8404.48,4.29,8.506,4100.0,0.009,PM2.5-1HR
945,DEU_DEBE065,2026-05-24,15.27,22.55,55.71,0,3.04,282.43,1027.46,8378.06,4.7,9.08,4100.0,0.004,PM2.5-1HR
945,DEU_DEBE068,2026-05-24,12.74,22.55,55.71,0,3.04,282.43,1027.46,6904.92,4.56,8.884,4100.0,0.072,PM2.5-1HR
945,DEU_DEBE069,2026-05-24,14.51,22.7,55.71,0.02,3.09,281.42,1027.45,8178.6,4.81,9.234,4100.0,0.012,PM2.5-1HR
945,DEU_DEBE125,2026-05-24,13.37,22.7,55.71,0.02,3.09,281.42,1027.45,6347.59,4.56,8.884,4100.0,0.01,PM2.5-1HR
945,DEU_DEBE126,2026-05-24,14.47,22.7,55.71,0.02,3.09,281.42,1027.45,8412.9,4.56,8.884,4100.0,0.007,PM2.5-1HR
945,DEU_DEBE127,2026-05-24,13.5,22.7,55.71,0.02,3.09,281.42,1027.45,7628.59,4.79,9.206,4100.0,0.056,PM2.5-1HR
945,DEU_DEBE010,2026-05-25,4.82,19.84,57.96,0,1.89,302.62,1031.53,7313.31,4.66,9.024,4100.0,0.044,PM2.5-1HR
945,DEU_DEBE032,2026-05-25,4.4,18.83,66.88,0,1.72,305.65,1031.64,0,3.06,6.784,4100.0,0.861,PM2.5-1HR
945,DEU_DEBE034,2026-05-25,5.49,20.18,56.54,0,1.86,304.8,1031.55,8623.29,4.84,9.276,4100.0,0.331,PM2.5-1HR
945,DEU_DEBE051,2026-05-25,4.05,18.55,64.5,0,2.06,297.53,1031.5,464.73,2.38,5.832,4100.0,0.134,PM2.5-1HR
945,DEU_DEBE056,2026-05-25,4.72,19.21,63.33,0,1.83,305.59,1031.43,342.53,2.68,6.252,4100.0,0.106,PM2.5-1HR
945,DEU_DEBE061,2026-05-25,4.95,20.18,56.54,0,1.86,304.8,1031.55,8404.48,4.49,8.786,4100.0,0.009,PM2.5-1HR
945,DEU_DEBE065,2026-05-25,9.13,19.84,57.96,0,1.89,302.62,1031.53,8378.06,4.98,9.472,4100.0,0.004,PM2.5-1HR
945,DEU_DEBE068,2026-05-25,5.55,19.84,57.96,0,1.89,302.62,1031.53,6904.92,4.84,9.276,4100.0,0.072,PM2.5-1HR
945,DEU_DEBE069,2026-05-25,7.86,20.18,56.54,0,1.86,304.8,1031.55,8178.6,4.84,9.276,4100.0,0.012,PM2.5-1HR
945,DEU_DEBE125,2026-05-25,7.31,20.18,56.54,0,1.86,304.8,1031.55,6347.59,4.84,9.276,4100.0,0.01,PM2.5-1HR
945,DEU_DEBE126,2026-05-25,7.88,20.18,56.54,0,1.86,304.8,1031.55,8412.9,4.84,9.276,4100.0,0.007,PM2.5-1HR
945,DEU_DEBE127,2026-05-25,7.2,20.18,56.54,0,1.86,304.8,1031.55,7628.59,5.01,9.514,4100.0,0.056,PM2.5-1HR
945,DEU_DEBE010,2026-05-26,6.31,22.7,52.5,0,2.77,271.81,1026.75,7313.31,6.31,11.334,4100.0,0.044,PM2.5-1HR
945,DEU_DEBE032,2026-05-26,5.21,21.47,59.79,0,2.64,273.3,1026.91,0,4.12,8.268,4100.0,0.861,PM2.5-1HR
945,DEU_DEBE034,2026-05-26,7.66,23.15,49.42,0,2.79,274.22,1026.83,8623.29,6.49,11.586,4100.0,0.331,PM2.5-1HR
945,DEU_DEBE051,2026-05-26,5.49,21.29,60.25,0,3,270.8,1026.63,464.73,3.47,7.358,4100.0,0.134,PM2.5-1HR
945,DEU_DEBE056,2026-05-26,6.25,21.85,58.04,0,2.61,273.57,1026.74,342.53,4.17,8.338,4100.0,0.106,PM2.5-1HR
945,DEU_DEBE061,2026-05-26,6.42,23.15,49.42,0,2.79,274.22,1026.83,8404.48,6.09,11.026,4100.0,0.009,PM2.5-1HR
945,DEU_DEBE065,2026-05-26,9.65,22.7,52.5,0,2.77,271.81,1026.75,8378.06,6.67,11.838,4100.0,0.004,PM2.5-1HR
945,DEU_DEBE068,2026-05-26,8.51,22.7,52.5,0,2.77,271.81,1026.75,6904.92,6.49,11.586,4100.0,0.072,PM2.5-1HR
945,DEU_DEBE069,2026-05-26,9.84,23.15,49.42,0,2.79,274.22,1026.83,8178.6,6.53,11.642,4100.0,0.012,PM2.5-1HR
945,DEU_DEBE125,2026-05-26,8.82,23.15,49.42,0,2.79,274.22,1026.83,6347.59,6.49,11.586,4100.0,0.01,PM2.5-1HR
945,DEU_DEBE126,2026-05-26,9.18,23.15,49.42,0,2.79,274.22,1026.83,8412.9,6.49,11.586,4100.0,0.007,PM2.5-1HR
945,DEU_DEBE127,2026-05-26,8.85,23.15,49.42,0,2.79,274.22,1026.83,7628.59,6.64,11.796,4100.0,0.056,PM2.5-1HR
945,DEU_DEBE010,2026-05-27,5.21,19.24,48.46,0,3.69,324.05,1022.24,7313.31,3.99,8.086,4100.0,0.044,PM2.5-1HR
945,DEU_DEBE032,2026-05-27,4.36,18.47,54.88,0,3.66,320.16,1022.43,0,2.29,5.706,4100.0,0.861,PM2.5-1HR
945,DEU_DEBE034,2026-05-27,5.63,19.69,46.33,0,3.72,322.26,1022.23,8623.29,4.16,8.324,4100.0,0.331,PM2.5-1HR
945,DEU_DEBE051,2026-05-27,4.11,17.95,53.79,0,3.88,322.8,1022.29,464.73,1.87,5.118,4100.0,0.134,PM2.5-1HR
945,DEU_DEBE056,2026-05-27,4.19,19.06,51.54,0,3.83,322.95,1021.97,342.53,2.04,5.356,4100.0,0.106,PM2.5-1HR
945,DEU_DEBE061,2026-05-27,4.91,19.69,46.33,0,3.72,322.26,1022.23,8404.48,3.84,7.876,4100.0,0.009,PM2.5-1HR
945,DEU_DEBE065,2026-05-27,7.34,19.24,48.46,0,3.69,324.05,1022.24,8378.06,4.29,8.506,4100.0,0.004,PM2.5-1HR
945,DEU_DEBE068,2026-05-27,5.94,19.24,48.46,0,3.69,324.05,1022.24,6904.92,4.16,8.324,4100.0,0.072,PM2.5-1HR
945,DEU_DEBE069,2026-05-27,7.92,19.69,46.33,0,3.72,322.26,1022.23,8178.6,4.18,8.352,4100.0,0.012,PM2.5-1HR
945,DEU_DEBE125,2026-05-27,7.42,19.69,46.33,0,3.72,322.26,1022.23,6347.59,4.16,8.324,4100.0,0.01,PM2.5-1HR
945,DEU_DEBE126,2026-05-27,8.51,19.69,46.33,0,3.72,322.26,1022.23,8412.9,4.16,8.324,4100.0,0.007,PM2.5-1HR
945,DEU_DEBE127,2026-05-27,6.86,19.69,46.33,0,3.72,322.26,1022.23,7628.59,4.28,8.492,4100.0,0.056,PM2.5-1HR
945,DEU_DEBE010,2026-05-28,6.01,16.1,50.71,0,2.31,317.4,1024.3,7313.31,4.63,8.982,4100.0,0.044,PM2.5-1HR
945,DEU_DEBE032,2026-05-28,5.2,15.07,62.29,0,2.25,311.1,1024.48,0,2.67,6.238,4100.0,0.861,PM2.5-1HR
945,DEU_DEBE034,2026-05-28,6.52,16.39,49.33,0,2.28,313.99,1024.32,8623.29,4.77,9.178,4100.0,0.331,PM2.5-1HR
945,DEU_DEBE051,2026-05-28,4.12,14.69,59.54,0,2.4,311.01,1024.28,464.73,2.11,5.454,4100.0,0.134,PM2.5-1HR
945,DEU_DEBE056,2026-05-28,4.66,15.53,58.5,0,2.33,318.08,1024.15,342.53,3.07,6.798,4100.0,0.106,PM2.5-1HR
945,DEU_DEBE061,2026-05-28,6.3,16.39,49.33,0,2.28,313.99,1024.32,8404.48,4.29,8.506,4100.0,0.009,PM2.5-1HR
945,DEU_DEBE065,2026-05-28,9.07,16.1,50.71,0,2.31,317.4,1024.3,8378.06,4.91,9.374,4100.0,0.004,PM2.5-1HR
945,DEU_DEBE068,2026-05-28,6.77,16.1,50.71,0,2.31,317.4,1024.3,6904.92,4.77,9.178,4100.0,0.072,PM2.5-1HR
945,DEU_DEBE069,2026-05-28,9.46,16.39,49.33,0,2.28,313.99,1024.32,8178.6,4.7,9.08,4100.0,0.012,PM2.5-1HR
945,DEU_DEBE125,2026-05-28,8.39,16.39,49.33,0,2.28,313.99,1024.32,6347.59,4.77,9.178,4100.0,0.01,PM2.5-1HR
945,DEU_DEBE126,2026-05-28,8.98,16.39,49.33,0,2.28,313.99,1024.32,8412.9,4.77,9.178,4100.0,0.007,PM2.5-1HR
945,DEU_DEBE127,2026-05-28,7.64,16.39,49.33,0,2.28,313.99,1024.32,7628.59,4.94,9.416,4100.0,0.056,PM2.5-1HR
945,DEU_DEBE010,2026-05-29,6.39,19.63,44.29,0.04,1.75,246.03,1023.33,7313.31,5.12,9.668,4100.0,0.044,PM2.5-1HR
945,DEU_DEBE032,2026-05-29,4.63,18.76,55.67,0,1.36,252.34,1023.37,0,3.61,7.554,4100.0,0.861,PM2.5-1HR
945,DEU_DEBE034,2026-05-29,9.24,19.95,42.67,0,1.68,249.22,1023.35,8623.29,5.43,10.102,4100.0,0.331,PM2.5-1HR
945,DEU_DEBE051,2026-05-29,5.37,17.85,54.54,0,1.85,235.84,1023.31,464.73,2.56,6.084,4100.0,0.134,PM2.5-1HR
945,DEU_DEBE056,2026-05-29,4.88,18.32,57.42,0,1.59,242.43,1023.32,342.53,2.91,6.574,4100.0,0.106,PM2.5-1HR
945,DEU_DEBE061,2026-05-29,6.38,19.95,42.67,0,1.68,249.22,1023.35,8404.48,5.13,9.682,4100.0,0.009,PM2.5-1HR
945,DEU_DEBE065,2026-05-29,10.76,19.63,44.29,0.04,1.75,246.03,1023.33,8378.06,5.46,10.144,4100.0,0.004,PM2.5-1HR
945,DEU_DEBE068,2026-05-29,8.03,19.63,44.29,0.04,1.75,246.03,1023.33,6904.92,5.43,10.102,4100.0,0.072,PM2.5-1HR
945,DEU_DEBE069,2026-05-29,11.04,19.95,42.67,0,1.68,249.22,1023.35,8178.6,5.52,10.228,4100.0,0.012,PM2.5-1HR
945,DEU_DEBE125,2026-05-29,9.28,19.95,42.67,0,1.68,249.22,1023.35,6347.59,5.43,10.102,4100.0,0.01,PM2.5-1HR
945,DEU_DEBE126,2026-05-29,10.02,19.95,42.67,0,1.68,249.22,1023.35,8412.9,5.43,10.102,4100.0,0.007,PM2.5-1HR
945,DEU_DEBE127,2026-05-29,9.58,19.95,42.67,0,1.68,249.22,1023.35,7628.59,5.58,10.312,4100.0,0.056,PM2.5-1HR
945,DEU_DEBE010,2026-05-30,6.55,20.06,59.63,0,3.79,293.66,1017.58,7313.31,6.29,11.306,4100.0,0.044,PM2.5-1HR
945,DEU_DEBE032,2026-05-30,6.19,19.25,66.29,0,3.73,292.13,1017.81,0,4.56,8.884,4100.0,0.861,PM2.5-1HR
945,DEU_DEBE034,2026-05-30,7.25,20.17,59.42,0,3.8,292.44,1017.66,8623.29,6.46,11.544,4100.0,0.331,PM2.5-1HR
945,DEU_DEBE051,2026-05-30,5.43,19.07,64.04,0,3.86,294.75,1017.49,464.73,3.43,7.302,4100.0,0.134,PM2.5-1HR
945,DEU_DEBE056,2026-05-30,5.85,19.49,65.21,0,3.86,290.93,1017.44,342.53,4.13,8.282,4100.0,0.106,PM2.5-1HR
945,DEU_DEBE061,2026-05-30,6.61,20.17,59.42,0,3.8,292.44,1017.66,8404.48,6.1,11.04,4100.0,0.009,PM2.5-1HR
945,DEU_DEBE065,2026-05-30,11.27,20.06,59.63,0,3.79,293.66,1017.58,8378.06,6.58,11.712,4100.0,0.004,PM2.5-1HR
945,DEU_DEBE068,2026-05-30,7.53,20.06,59.63,0,3.79,293.66,1017.58,6904.92,6.46,11.544,4100.0,0.072,PM2.5-1HR
945,DEU_DEBE069,2026-05-30,10.03,20.17,59.42,0,3.8,292.44,1017.66,8178.6,6.5,11.6,4100.0,0.012,PM2.5-1HR
945,DEU_DEBE125,2026-05-30,9.76,20.17,59.42,0,3.8,292.44,1017.66,6347.59,6.46,11.544,4100.0,0.01,PM2.5-1HR
945,DEU_DEBE126,2026-05-30,9.79,20.17,59.42,0,3.8,292.44,1017.66,8412.9,6.46,11.544,4100.0,0.007,PM2.5-1HR
945,DEU_DEBE127,2026-05-30,8.84,20.17,59.42,0,3.8,292.44,1017.66,7628.59,6.64,11.796,4100.0,0.056,PM2.5-1HR
945,DEU_DEBE065,2026-05-31,9.48,17.83,65.08,0.05,2.13,292.79,1013.05,8378.06,3.87,7.918,4100.0,0.004,PM2.5-1HR
945,DEU_DEBE010,2026-05-31,5.23,17.83,65.08,0.05,2.13,292.79,1013.05,7313.31,3.65,7.61,4100.0,0.044,PM2.5-1HR
945,DEU_DEBE032,2026-05-31,5.37,17.28,73.5,0.09,2.06,304.19,1013.14,0,2.39,5.846,4100.0,0.861,PM2.5-1HR
945,DEU_DEBE034,2026-05-31,6.52,18.05,65.08,0.11,2.11,301.09,1013.08,8623.29,3.8,7.82,4100.0,0.331,PM2.5-1HR
945,DEU_DEBE051,2026-05-31,4.29,17.04,68.17,0,2.26,289.23,1013.01,464.73,1.95,5.23,4100.0,0.134,PM2.5-1HR
945,DEU_DEBE056,2026-05-31,5.21,17.81,70.25,0.03,2.21,302.18,1012.98,342.53,1.86,5.104,4100.0,0.106,PM2.5-1HR
945,DEU_DEBE061,2026-05-31,5.68,18.05,65.08,0.11,2.11,301.09,1013.08,8404.48,3.5,7.4,4100.0,0.009,PM2.5-1HR
945,DEU_DEBE068,2026-05-31,6.03,17.83,65.08,0.05,2.13,292.79,1013.05,6904.92,3.8,7.82,4100.0,0.072,PM2.5-1HR
945,DEU_DEBE069,2026-05-31,8.97,18.05,65.08,0.11,2.11,301.09,1013.08,8178.6,3.78,7.792,4100.0,0.012,PM2.5-1HR
945,DEU_DEBE125,2026-05-31,7.7,18.05,65.08,0.11,2.11,301.09,1013.08,6347.59,3.8,7.82,4100.0,0.01,PM2.5-1HR
945,DEU_DEBE126,2026-05-31,9.27,18.05,65.08,0.11,2.11,301.09,1013.08,8412.9,3.8,7.82,4100.0,0.007,PM2.5-1HR
945,DEU_DEBE127,2026-05-31,7.77,18.05,65.08,0.11,2.11,301.09,1013.08,7628.59,3.92,7.988,4100.0,0.056,PM2.5-1HR
945,DEU_DEBE010,2026-06-01,6.44,17.73,63.67,0,2.34,344.39,1014.06,7313.31,6.4,11.46,4100.0,0.044,PM2.5-1HR
945,DEU_DEBE032,2026-06-01,6.91,17.42,68.79,0,2.26,339.19,1014.1,0,4.83,9.262,4100.0,0.861,PM2.5-1HR
945,DEU_DEBE034,2026-06-01,6.9,18.23,61.25,0,2.28,341.22,1014.03,8623.29,6.66,11.824,4100.0,0.331,PM2.5-1HR
945,DEU_DEBE051,2026-06-01,6,16.21,72,0,2.21,344.38,1014.14,464.73,4.24,8.436,4100.0,0.134,PM2.5-1HR
945,DEU_DEBE056,2026-06-01,7.01,17.13,70.38,0,2.32,346.87,1013.95,342.53,4.64,8.996,4100.0,0.106,PM2.5-1HR
945,DEU_DEBE061,2026-06-01,7.65,18.23,61.25,0,2.28,341.22,1014.03,8404.48,6.22,11.208,4100.0,0.009,PM2.5-1HR
945,DEU_DEBE065,2026-06-01,10.57,17.73,63.67,0,2.34,344.39,1014.06,8378.06,6.63,11.782,4100.0,0.004,PM2.5-1HR
945,DEU_DEBE068,2026-06-01,7.13,17.73,63.67,0,2.34,344.39,1014.06,6904.92,6.66,11.824,4100.0,0.072,PM2.5-1HR
945,DEU_DEBE069,2026-06-01,10.98,18.23,61.25,0,2.28,341.22,1014.03,8178.6,6.69,11.866,4100.0,0.012,PM2.5-1HR
945,DEU_DEBE125,2026-06-01,10.15,18.23,61.25,0,2.28,341.22,1014.03,6347.59,6.66,11.824,4100.0,0.01,PM2.5-1HR
945,DEU_DEBE126,2026-06-01,10.38,18.23,61.25,0,2.28,341.22,1014.03,8412.9,6.66,11.824,4100.0,0.007,PM2.5-1HR
945,DEU_DEBE127,2026-06-01,9.08,18.23,61.25,0,2.28,341.22,1014.03,7628.59,6.89,12.146,4100.0,0.056,PM2.5-1HR
945,DEU_DEBE010,2026-06-02,6.17,21.06,51.13,0,2.64,137.79,1010.33,7313.31,8.49,14.386,4100.0,0.044,PM2.5-1HR
945,DEU_DEBE032,2026-06-02,7.19,20.34,57.17,0,2.61,148.79,1010.2,0,7.6,13.14,4100.0,0.861,PM2.5-1HR
945,DEU_DEBE034,2026-06-02,7.02,21.24,50.79,0,2.61,140.96,1010.31,8623.29,8.81,14.834,4100.0,0.331,PM2.5-1HR
945,DEU_DEBE051,2026-06-02,6.18,19.41,59.25,0,3.08,128.32,1010.47,464.73,5.93,10.802,4100.0,0.134,PM2.5-1HR
945,DEU_DEBE056,2026-06-02,8.12,19.6,61.46,0,2.36,133.64,1010.54,342.53,7.56,13.084,4100.0,0.106,PM2.5-1HR
945,DEU_DEBE061,2026-06-02,8.33,21.24,50.79,0,2.61,140.96,1010.31,8404.48,8.41,14.274,4100.0,0.009,PM2.5-1HR
945,DEU_DEBE065,2026-06-02,11.13,21.06,51.13,0,2.64,137.79,1010.33,8378.06,8.72,14.708,4100.0,0.004,PM2.5-1HR
945,DEU_DEBE068,2026-06-02,7.12,21.06,51.13,0,2.64,137.79,1010.33,6904.92,8.81,14.834,4100.0,0.072,PM2.5-1HR
945,DEU_DEBE069,2026-06-02,10.66,21.24,50.79,0,2.61,140.96,1010.31,8178.6,8.96,15.044,4100.0,0.012,PM2.5-1HR
945,DEU_DEBE125,2026-06-02,10.68,21.24,50.79,0,2.61,140.96,1010.31,6347.59,8.81,14.834,4100.0,0.01,PM2.5-1HR
945,DEU_DEBE126,2026-06-02,11.26,21.24,50.79,0,2.61,140.96,1010.31,8412.9,8.81,14.834,4100.0,0.007,PM2.5-1HR
945,DEU_DEBE127,2026-06-02,9.79,21.24,50.79,0,2.61,140.96,1010.31,7628.59,9.17,15.338,4100.0,0.056,PM2.5-1HR
945,DEU_DEBE010,2026-06-03,6.97,18.1,67.83,0.17,2.63,223.66,1006.77,7313.31,6.09,11.026,4100.0,0.044,PM2.5-1HR
945,DEU_DEBE032,2026-06-03,7.92,17.87,71.13,0.2,2.69,230.78,1006.76,0,4.85,9.29,4100.0,0.861,PM2.5-1HR
945,DEU_DEBE034,2026-06-03,7.71,18.29,66.33,0.2,2.7,226.89,1006.8,8623.29,6.15,11.11,4100.0,0.331,PM2.5-1HR
945,DEU_DEBE051,2026-06-03,6.98,17.01,75.33,0.13,2.56,215.26,1006.7,464.73,4.61,8.954,4100.0,0.134,PM2.5-1HR
945,DEU_DEBE056,2026-06-03,7.16,17.12,76.88,0.1,2.48,221.15,1006.91,342.53,3.29,7.106,4100.0,0.106,PM2.5-1HR
945,DEU_DEBE061,2026-06-03,7.9,18.29,66.33,0.2,2.7,226.89,1006.8,8404.48,5.74,10.536,4100.0,0.009,PM2.5-1HR
945,DEU_DEBE065,2026-06-03,12.25,18.1,67.83,0.17,2.63,223.66,1006.77,8378.06,6.21,11.194,4100.0,0.004,PM2.5-1HR
945,DEU_DEBE068,2026-06-03,7.73,18.1,67.83,0.17,2.63,223.66,1006.77,6904.92,6.15,11.11,4100.0,0.072,PM2.5-1HR
945,DEU_DEBE069,2026-06-03,11.69,18.29,66.33,0.2,2.7,226.89,1006.8,8178.6,6,10.9,4100.0,0.012,PM2.5-1HR
945,DEU_DEBE125,2026-06-03,10.99,18.29,66.33,0.2,2.7,226.89,1006.8,6347.59,6.15,11.11,4100.0,0.01,PM2.5-1HR
945,DEU_DEBE126,2026-06-03,11.08,18.29,66.33,0.2,2.7,226.89,1006.8,8412.9,6.15,11.11,4100.0,0.007,PM2.5-1HR
945,DEU_DEBE127,2026-06-03,8.53,18.29,66.33,0.2,2.7,226.89,1006.8,7628.59,6.34,11.376,4100.0,0.056,PM2.5-1HR
945,DEU_DEBE010,2026-06-04,3.73,18.67,64.21,0.05,3.64,202.57,1005.68,7313.31,4.03,8.142,4100.0,0.044,PM2.5-1HR
945,DEU_DEBE032,2026-06-04,3.05,18.43,67.54,0.06,3.66,201.69,1005.65,0,1.97,5.258,4100.0,0.861,PM2.5-1HR
945,DEU_DEBE034,2026-06-04,4.51,18.84,63.21,0.03,3.65,202.5,1005.74,8623.29,4.17,8.338,4100.0,0.331,PM2.5-1HR
945,DEU_DEBE051,2026-06-04,3.11,17.79,71.08,0.18,3.78,198.5,1005.55,464.73,1.89,5.146,4100.0,0.134,PM2.5-1HR
945,DEU_DEBE056,2026-06-04,2.44,18.63,66.04,0.03,3.75,204.81,1006,342.53,1.43,4.502,4100.0,0.106,PM2.5-1HR
945,DEU_DEBE061,2026-06-04,3.53,18.84,63.21,0.03,3.65,202.5,1005.74,8404.48,3.76,7.764,4100.0,0.009,PM2.5-1HR
945,DEU_DEBE065,2026-06-04,6.61,18.67,64.21,0.05,3.64,202.57,1005.68,8378.06,4.35,8.59,4100.0,0.004,PM2.5-1HR
945,DEU_DEBE068,2026-06-04,4.31,18.67,64.21,0.05,3.64,202.57,1005.68,6904.92,4.17,8.338,4100.0,0.072,PM2.5-1HR
945,DEU_DEBE069,2026-06-04,6.16,18.84,63.21,0.03,3.65,202.5,1005.74,8178.6,4.13,8.282,4100.0,0.012,PM2.5-1HR
945,DEU_DEBE125,2026-06-04,6.22,18.84,63.21,0.03,3.65,202.5,1005.74,6347.59,4.17,8.338,4100.0,0.01,PM2.5-1HR
945,DEU_DEBE126,2026-06-04,6.38,18.84,63.21,0.03,3.65,202.5,1005.74,8412.9,4.17,8.338,4100.0,0.007,PM2.5-1HR
945,DEU_DEBE127,2026-06-04,5.6,18.84,63.21,0.03,3.65,202.5,1005.74,7628.59,4.29,8.506,4100.0,0.056,PM2.5-1HR
945,DEU_DEBE010,2026-06-05,3.63,17.1,68.42,0.05,2.87,244.04,1010.87,7313.31,3.34,7.176,4100.0,0.044,PM2.5-1HR
945,DEU_DEBE032,2026-06-05,3.15,16.97,71.79,0.05,2.88,246.42,1010.9,0,1.74,4.936,4100.0,0.861,PM2.5-1HR
945,DEU_DEBE034,2026-06-05,4.4,17.31,66.83,0.05,2.86,244.76,1010.93,8623.29,3.72,7.708,4100.0,0.331,PM2.5-1HR
945,DEU_DEBE051,2026-06-05,3.64,16.41,73.88,0.08,2.98,240.46,1010.78,464.73,2.51,6.014,4100.0,0.134,PM2.5-1HR
945,DEU_DEBE056,2026-06-05,2.89,17.29,69,0.06,2.84,245.88,1010.98,342.53,1.98,5.272,4100.0,0.106,PM2.5-1HR
945,DEU_DEBE061,2026-06-05,3.75,17.31,66.83,0.05,2.86,244.76,1010.93,8404.48,3.34,7.176,4100.0,0.009,PM2.5-1HR
945,DEU_DEBE065,2026-06-05,7.29,17.1,68.42,0.05,2.87,244.04,1010.87,8378.06,3.74,7.736,4100.0,0.004,PM2.5-1HR
945,DEU_DEBE068,2026-06-05,4.06,17.1,68.42,0.05,2.87,244.04,1010.87,6904.92,3.72,7.708,4100.0,0.072,PM2.5-1HR
945,DEU_DEBE069,2026-06-05,7,17.31,66.83,0.05,2.86,244.76,1010.93,8178.6,3.74,7.736,4100.0,0.012,PM2.5-1HR
945,DEU_DEBE125,2026-06-05,6.35,17.31,66.83,0.05,2.86,244.76,1010.93,6347.59,3.72,7.708,4100.0,0.01,PM2.5-1HR
945,DEU_DEBE126,2026-06-05,6.75,17.31,66.83,0.05,2.86,244.76,1010.93,8412.9,3.72,7.708,4100.0,0.007,PM2.5-1HR
945,DEU_DEBE127,2026-06-05,6.98,17.31,66.83,0.05,2.86,244.76,1010.93,7628.59,3.88,7.932,4100.0,0.056,PM2.5-1HR
945,DEU_DEBE010,2026-06-16,6.07,15.43,64.42,0,2.71,286.65,1014.43,7313.31,5.92,10.788,4100.0,0.044,PM2.5-1HR
945,DEU_DEBE032,2026-06-16,6.22,15.78,64.63,0,2.64,281.6,1014.46,0,4.62,8.968,4100.0,0.861,PM2.5-1HR
945,DEU_DEBE034,2026-06-16,6.67,16.05,61.33,0,2.67,284.33,1014.44,8623.29,6.29,11.306,4100.0,0.331,PM2.5-1HR
945,DEU_DEBE051,2026-06-16,4.87,14.87,63.88,0,3.19,269.93,1014.38,464.73,4.11,8.254,4100.0,0.134,PM2.5-1HR
945,DEU_DEBE056,2026-06-16,5.58,15.9,62.83,0,2.96,278.92,1014.37,342.53,3.72,7.708,4100.0,0.106,PM2.5-1HR
945,DEU_DEBE061,2026-06-16,6.65,16.05,61.33,0,2.67,284.33,1014.44,8404.48,5.95,10.83,4100.0,0.009,PM2.5-1HR
945,DEU_DEBE065,2026-06-16,9.9,15.43,64.42,0,2.71,286.65,1014.43,8378.06,6.2,11.18,4100.0,0.004,PM2.5-1HR
945,DEU_DEBE068,2026-06-16,6.61,15.43,64.42,0,2.71,286.65,1014.43,6904.92,6.29,11.306,4100.0,0.072,PM2.5-1HR
945,DEU_DEBE069,2026-06-16,10.4,16.05,61.33,0,2.67,284.33,1014.44,8178.6,6.37,11.418,4100.0,0.012,PM2.5-1HR
945,DEU_DEBE125,2026-06-16,8.93,16.05,61.33,0,2.67,284.33,1014.44,6347.59,6.29,11.306,4100.0,0.01,PM2.5-1HR
945,DEU_DEBE126,2026-06-16,9.19,16.05,61.33,0,2.67,284.33,1014.44,8412.9,6.29,11.306,4100.0,0.007,PM2.5-1HR
945,DEU_DEBE127,2026-06-16,8.6,16.05,61.33,0,2.67,284.33,1014.44,7628.59,6.48,11.572,4100.0,0.056,PM2.5-1HR
945,DEU_DEBE010,2026-06-17,7.07,17.88,62.88,0,2.13,312.15,1017.66,7313.31,7.67,13.238,4100.0,0.044,PM2.5-1HR
945,DEU_DEBE032,2026-06-17,7.73,17.97,65.29,0.01,2.14,305.86,1017.67,0,6.46,11.544,4100.0,0.861,PM2.5-1HR
945,DEU_DEBE034,2026-06-17,7.8,18.68,58.04,0.03,2.29,311.22,1017.65,8623.29,7.98,13.672,4100.0,0.331,PM2.5-1HR
945,DEU_DEBE051,2026-06-17,6.76,17.34,63.58,0,2.24,301.14,1017.65,464.73,4.89,9.346,4100.0,0.134,PM2.5-1HR
945,DEU_DEBE056,2026-06-17,7.52,18.01,63.21,0,2.16,312.94,1017.55,342.53,5.86,10.704,4100.0,0.106,PM2.5-1HR
945,DEU_DEBE061,2026-06-17,9,18.68,58.04,0.03,2.29,311.22,1017.65,8404.48,7.51,13.014,4100.0,0.009,PM2.5-1HR
945,DEU_DEBE065,2026-06-17,11.62,17.88,62.88,0,2.13,312.15,1017.66,8378.06,7.85,13.49,4100.0,0.004,PM2.5-1HR
945,DEU_DEBE068,2026-06-17,7.75,17.88,62.88,0,2.13,312.15,1017.66,6904.92,7.98,13.672,4100.0,0.072,PM2.5-1HR
945,DEU_DEBE069,2026-06-17,11.12,18.68,58.04,0.03,2.29,311.22,1017.65,8178.6,7.99,13.686,4100.0,0.012,PM2.5-1HR
945,DEU_DEBE125,2026-06-17,10.9,18.68,58.04,0.03,2.29,311.22,1017.65,6347.59,7.98,13.672,4100.0,0.01,PM2.5-1HR
945,DEU_DEBE126,2026-06-17,10.62,18.68,58.04,0.03,2.29,311.22,1017.65,8412.9,7.98,13.672,4100.0,0.007,PM2.5-1HR
945,DEU_DEBE127,2026-06-17,10.45,18.68,58.04,0.03,2.29,311.22,1017.65,7628.59,8.21,13.994,4100.0,0.056,PM2.5-1HR
945,DEU_DEBE010,2026-06-18,8.92,23.5,66.38,0.04,2.16,272.17,1018.73,7313.31,7.14,12.496,4100.0,0.044,PM2.5-1HR
945,DEU_DEBE032,2026-06-18,7.95,23.09,68.42,0.02,2.47,261.88,1018.7,0,4.88,9.332,4100.0,0.861,PM2.5-1HR
945,DEU_DEBE034,2026-06-18,9.31,24.45,59.71,0.02,2.47,266.72,1018.68,8623.29,7.21,12.594,4100.0,0.331,PM2.5-1HR
945,DEU_DEBE051,2026-06-18,6.68,21.84,74.71,0.06,2.42,244.37,1018.75,464.73,3.8,7.82,4100.0,0.134,PM2.5-1HR
945,DEU_DEBE056,2026-06-18,8.43,22.75,70.63,0.05,2.43,267.85,1018.74,342.53,3.61,7.554,4100.0,0.106,PM2.5-1HR
945,DEU_DEBE061,2026-06-18,9.49,24.45,59.71,0.02,2.47,266.72,1018.68,8404.48,6.84,12.076,4100.0,0.009,PM2.5-1HR
945,DEU_DEBE065,2026-06-18,11.53,23.5,66.38,0.04,2.16,272.17,1018.73,8378.06,7.46,12.944,4100.0,0.004,PM2.5-1HR
945,DEU_DEBE068,2026-06-18,10.09,23.5,66.38,0.04,2.16,272.17,1018.73,6904.92,7.21,12.594,4100.0,0.072,PM2.5-1HR
945,DEU_DEBE069,2026-06-18,12.1,24.45,59.71,0.02,2.47,266.72,1018.68,8178.6,7.23,12.622,4100.0,0.012,PM2.5-1HR
945,DEU_DEBE125,2026-06-18,10.97,24.45,59.71,0.02,2.47,266.72,1018.68,6347.59,7.21,12.594,4100.0,0.01,PM2.5-1HR
945,DEU_DEBE126,2026-06-18,11.38,24.45,59.71,0.02,2.47,266.72,1018.68,8412.9,7.21,12.594,4100.0,0.007,PM2.5-1HR
945,DEU_DEBE127,2026-06-18,11.12,24.45,59.71,0.02,2.47,266.72,1018.68,7628.59,7.3,12.72,4100.0,0.056,PM2.5-1HR
945,DEU_DEBE010,2026-06-19,10.06,25.68,65.92,0.26,2.51,127.25,1017.31,7313.31,6.92,12.188,4100.0,0.044,PM2.5-1HR
945,DEU_DEBE032,2026-06-19,8.17,25.51,66.38,0.15,2.37,127.24,1017.15,0,3.99,8.086,4100.0,0.861,PM2.5-1HR
945,DEU_DEBE034,2026-06-19,10.46,26.32,61.46,0.13,2.5,129.18,1017.26,8623.29,6.99,12.286,4100.0,0.331,PM2.5-1HR
945,DEU_DEBE051,2026-06-19,7.72,24.14,74.13,0.38,2.73,124.98,1017.44,464.73,3.53,7.442,4100.0,0.134,PM2.5-1HR
945,DEU_DEBE056,2026-06-19,9.92,24.26,71.67,0.06,2.37,126.19,1017.48,342.53,3.7,7.68,4100.0,0.106,PM2.5-1HR
945,DEU_DEBE061,2026-06-19,10.32,26.32,61.46,0.13,2.5,129.18,1017.26,8404.48,6.65,11.81,4100.0,0.009,PM2.5-1HR
945,DEU_DEBE065,2026-06-19,11.72,25.68,65.92,0.26,2.51,127.25,1017.31,8378.06,7.44,12.916,4100.0,0.004,PM2.5-1HR
945,DEU_DEBE068,2026-06-19,11.72,25.68,65.92,0.26,2.51,127.25,1017.31,6904.92,6.99,12.286,4100.0,0.072,PM2.5-1HR
945,DEU_DEBE069,2026-06-19,12.58,26.32,61.46,0.13,2.5,129.18,1017.26,8178.6,7.03,12.342,4100.0,0.012,PM2.5-1HR
945,DEU_DEBE125,2026-06-19,11.8,26.32,61.46,0.13,2.5,129.18,1017.26,6347.59,6.99,12.286,4100.0,0.01,PM2.5-1HR
945,DEU_DEBE126,2026-06-19,12.85,26.32,61.46,0.13,2.5,129.18,1017.26,8412.9,6.99,12.286,4100.0,0.007,PM2.5-1HR
945,DEU_DEBE127,2026-06-19,12.61,26.32,61.46,0.13,2.5,129.18,1017.26,7628.59,6.98,12.272,4100.0,0.056,PM2.5-1HR
945,DEU_DEBE010,2026-06-20,12.8,24.43,76.42,0.85,1.56,122.58,1019.17,7313.31,9.49,15.786,4100.0,0.044,PM2.5-1HR
945,DEU_DEBE032,2026-06-20,11.59,24.26,75.71,0.33,1.79,132.4,1019.15,0,6.98,12.272,4100.0,0.861,PM2.5-1HR
945,DEU_DEBE034,2026-06-20,13.82,24.66,74.17,0.49,1.6,114.66,1019.17,8623.29,9.47,15.758,4100.0,0.331,PM2.5-1HR
945,DEU_DEBE051,2026-06-20,8.88,24.03,78.63,0.59,1.75,141.15,1019.14,464.73,5.02,9.528,4100.0,0.134,PM2.5-1HR
945,DEU_DEBE056,2026-06-20,11.58,23.43,82.79,0.48,1.48,109.77,1019.16,342.53,3.39,7.246,4100.0,0.106,PM2.5-1HR
945,DEU_DEBE061,2026-06-20,13.82,24.66,74.17,0.49,1.6,114.66,1019.17,8404.48,9.1,15.24,4100.0,0.009,PM2.5-1HR
945,DEU_DEBE065,2026-06-20,15.37,24.43,76.42,0.85,1.56,122.58,1019.17,8378.06,9.87,16.318,4100.0,0.004,PM2.5-1HR
945,DEU_DEBE068,2026-06-20,14.6,24.43,76.42,0.85,1.56,122.58,1019.17,6904.92,9.47,15.758,4100.0,0.072,PM2.5-1HR
945,DEU_DEBE069,2026-06-20,16.96,24.66,74.17,0.49,1.6,114.66,1019.17,8178.6,9.48,15.772,4100.0,0.012,PM2.5-1HR
945,DEU_DEBE125,2026-06-20,15.4,24.66,74.17,0.49,1.6,114.66,1019.17,6347.59,9.47,15.758,4100.0,0.01,PM2.5-1HR
945,DEU_DEBE126,2026-06-20,16.13,24.66,74.17,0.49,1.6,114.66,1019.17,8412.9,9.47,15.758,4100.0,0.007,PM2.5-1HR
945,DEU_DEBE127,2026-06-20,15.52,24.66,74.17,0.49,1.6,114.66,1019.17,7628.59,9.54,15.856,4100.0,0.056,PM2.5-1HR
945,DEU_DEBE010,2026-06-21,13.65,23.74,77.96,0.16,1.4,341.69,1024.19,7313.31,9.88,16.332,4100.0,0.044,PM2.5-1HR
945,DEU_DEBE032,2026-06-21,14.16,23.24,79.25,0.14,1.5,288.69,1024.25,0,8.5,14.4,4100.0,0.861,PM2.5-1HR
945,DEU_DEBE034,2026-06-21,15.14,23.84,76.79,0.14,1.4,297.92,1024.2,8623.29,10.08,16.612,4100.0,0.331,PM2.5-1HR
945,DEU_DEBE051,2026-06-21,12.19,23.19,80.96,0.27,1.67,311.48,1024.19,464.73,5.71,10.494,4100.0,0.134,PM2.5-1HR
945,DEU_DEBE056,2026-06-21,15.95,23.1,83.21,0.15,1.55,263.51,1024.21,342.53,6.74,11.936,4100.0,0.106,PM2.5-1HR
945,DEU_DEBE061,2026-06-21,16.31,23.84,76.79,0.14,1.4,297.92,1024.2,8404.48,9.85,16.29,4100.0,0.009,PM2.5-1HR
945,DEU_DEBE065,2026-06-21,18.01,23.74,77.96,0.16,1.4,341.69,1024.19,8378.06,10.19,16.766,4100.0,0.004,PM2.5-1HR
945,DEU_DEBE068,2026-06-21,15.57,23.74,77.96,0.16,1.4,341.69,1024.19,6904.92,10.08,16.612,4100.0,0.072,PM2.5-1HR
945,DEU_DEBE069,2026-06-21,18.55,23.84,76.79,0.14,1.4,297.92,1024.2,8178.6,10.19,16.766,4100.0,0.012,PM2.5-1HR
945,DEU_DEBE125,2026-06-21,16.26,23.84,76.79,0.14,1.4,297.92,1024.2,6347.59,10.08,16.612,4100.0,0.01,PM2.5-1HR
945,DEU_DEBE126,2026-06-21,17.9,23.84,76.79,0.14,1.4,297.92,1024.2,8412.9,10.08,16.612,4100.0,0.007,PM2.5-1HR
945,DEU_DEBE127,2026-06-21,16.9,23.84,76.79,0.14,1.4,297.92,1024.2,7628.59,10.27,16.878,4100.0,0.056,PM2.5-1HR
945,DEU_DEBE010,2026-06-22,3.4,21.54,62.04,0.03,2.14,33.11,1025.92,7313.31,3.5,7.4,4100.0,0.044,PM2.5-1HR
945,DEU_DEBE032,2026-06-22,3.62,21.82,63.17,0.02,2.16,29.92,1025.85,0,2.11,5.454,4100.0,0.861,PM2.5-1HR
945,DEU_DEBE034,2026-06-22,3.6,21.81,61.96,0.01,2.14,33.54,1025.87,8623.29,3.71,7.694,4100.0,0.331,PM2.5-1HR
945,DEU_DEBE051,2026-06-22,3.82,21.28,59.33,0.01,2.46,25.05,1026.01,464.73,1.29,4.306,4100.0,0.134,PM2.5-1HR
945,DEU_DEBE056,2026-06-22,2.59,21.8,61.29,0,2.39,26.72,1025.79,342.53,1.51,4.614,4100.0,0.106,PM2.5-1HR
945,DEU_DEBE061,2026-06-22,3.44,21.81,61.96,0.01,2.14,33.54,1025.87,8404.48,3.48,7.372,4100.0,0.009,PM2.5-1HR
945,DEU_DEBE065,2026-06-22,5.33,21.54,62.04,0.03,2.14,33.11,1025.92,8378.06,3.81,7.834,4100.0,0.004,PM2.5-1HR
945,DEU_DEBE068,2026-06-22,3.96,21.54,62.04,0.03,2.14,33.11,1025.92,6904.92,3.71,7.694,4100.0,0.072,PM2.5-1HR
945,DEU_DEBE069,2026-06-22,5.65,21.81,61.96,0.01,2.14,33.54,1025.87,8178.6,3.82,7.848,4100.0,0.012,PM2.5-1HR
945,DEU_DEBE125,2026-06-22,5.85,21.81,61.96,0.01,2.14,33.54,1025.87,6347.59,3.71,7.694,4100.0,0.01,PM2.5-1HR
945,DEU_DEBE126,2026-06-22,5.98,21.81,61.96,0.01,2.14,33.54,1025.87,8412.9,3.71,7.694,4100.0,0.007,PM2.5-1HR
945,DEU_DEBE127,2026-06-22,5.5,21.81,61.96,0.01,2.14,33.54,1025.87,7628.59,3.84,7.876,4100.0,0.056,PM2.5-1HR
945,DEU_DEBE010,2026-06-23,4.4,21.48,59.42,0,1.31,48.15,1022.46,7313.31,4.13,8.282,4100.0,0.044,PM2.5-1HR
945,DEU_DEBE032,2026-06-23,3.57,21.52,61.88,0,1.6,31.9,1022.42,0,2.61,6.154,4100.0,0.861,PM2.5-1HR
945,DEU_DEBE034,2026-06-23,4.61,21.78,57.83,0,1.47,35.08,1022.43,8623.29,4.37,8.618,4100.0,0.331,PM2.5-1HR
945,DEU_DEBE051,2026-06-23,2.75,21.1,59.38,0,1.17,42.99,1022.48,464.73,1.76,4.964,4100.0,0.134,PM2.5-1HR
945,DEU_DEBE056,2026-06-23,3.01,21.41,59.67,0,1.6,41.1,1022.42,342.53,2.11,5.454,4100.0,0.106,PM2.5-1HR
945,DEU_DEBE061,2026-06-23,4.19,21.78,57.83,0,1.47,35.08,1022.43,8404.48,4.11,8.254,4100.0,0.009,PM2.5-1HR
945,DEU_DEBE065,2026-06-23,6.5,21.48,59.42,0,1.31,48.15,1022.46,8378.06,4.44,8.716,4100.0,0.004,PM2.5-1HR
945,DEU_DEBE068,2026-06-23,4.99,21.48,59.42,0,1.31,48.15,1022.46,6904.92,4.37,8.618,4100.0,0.072,PM2.5-1HR
945,DEU_DEBE069,2026-06-23,6.4,21.78,57.83,0,1.47,35.08,1022.43,8178.6,4.48,8.772,4100.0,0.012,PM2.5-1HR
945,DEU_DEBE125,2026-06-23,6.36,21.78,57.83,0,1.47,35.08,1022.43,6347.59,4.37,8.618,4100.0,0.01,PM2.5-1HR
945,DEU_DEBE126,2026-06-23,6.78,21.78,57.83,0,1.47,35.08,1022.43,8412.9,4.37,8.618,4100.0,0.007,PM2.5-1HR
945,DEU_DEBE127,2026-06-23,6.47,21.78,57.83,0,1.47,35.08,1022.43,7628.59,4.5,8.8,4100.0,0.056,PM2.5-1HR
945,DEU_DEBE010,2026-06-24,5.34,25.05,44.92,0,1.27,27.56,1019.12,7313.31,4.23,8.422,4100.0,0.044,PM2.5-1HR
945,DEU_DEBE032,2026-06-24,3.76,24.51,52.58,0,1.3,7.62,1019.09,0,2.05,5.37,4100.0,0.861,PM2.5-1HR
945,DEU_DEBE034,2026-06-24,6.43,25.38,44.29,0,1.41,11.91,1019.08,8623.29,4.35,8.59,4100.0,0.331,PM2.5-1HR
945,DEU_DEBE051,2026-06-24,3.18,24.01,48.54,0,1.26,46.98,1019.13,464.73,1.17,4.138,4100.0,0.134,PM2.5-1HR
945,DEU_DEBE056,2026-06-24,3.3,24.37,50.92,0,1.38,23.74,1019.04,342.53,1.83,5.062,4100.0,0.106,PM2.5-1HR
945,DEU_DEBE061,2026-06-24,4.74,25.38,44.29,0,1.41,11.91,1019.08,8404.48,4.02,8.128,4100.0,0.009,PM2.5-1HR
945,DEU_DEBE065,2026-06-24,6.83,25.05,44.92,0,1.27,27.56,1019.12,8378.06,4.52,8.828,4100.0,0.004,PM2.5-1HR
945,DEU_DEBE068,2026-06-24,7.4,25.05,44.92,0,1.27,27.56,1019.12,6904.92,4.35,8.59,4100.0,0.072,PM2.5-1HR
945,DEU_DEBE069,2026-06-24,8.32,25.38,44.29,0,1.41,11.91,1019.08,8178.6,4.49,8.786,4100.0,0.012,PM2.5-1HR
945,DEU_DEBE125,2026-06-24,6.76,25.38,44.29,0,1.41,11.91,1019.08,6347.59,4.35,8.59,4100.0,0.01,PM2.5-1HR
945,DEU_DEBE126,2026-06-24,7.82,25.38,44.29,0,1.41,11.91,1019.08,8412.9,4.35,8.59,4100.0,0.007,PM2.5-1HR
945,DEU_DEBE127,2026-06-24,6.93,25.38,44.29,0,1.41,11.91,1019.08,7628.59,4.5,8.8,4100.0,0.056,PM2.5-1HR
945,DEU_DEBE010,2026-06-25,10.15,28.58,43.42,0,2.48,290.39,1018.03,7313.31,5.42,10.088,4100.0,0.044,PM2.5-1HR
945,DEU_DEBE032,2026-06-25,6.16,27.09,53.54,0,2.27,302.78,1018.13,0,3.83,7.862,4100.0,0.861,PM2.5-1HR
945,DEU_DEBE034,2026-06-25,10.54,28.7,42.96,0,2.54,294.03,1018.02,8623.29,5.58,10.312,4100.0,0.331,PM2.5-1HR
945,DEU_DEBE051,2026-06-25,5.79,27.31,47.21,0,2.53,300.13,1018.04,464.73,3.23,7.022,4100.0,0.134,PM2.5-1HR
945,DEU_DEBE056,2026-06-25,6.59,27.43,50.79,0,2.25,290.15,1017.87,342.53,3.73,7.722,4100.0,0.106,PM2.5-1HR
945,DEU_DEBE061,2026-06-25,7.22,28.7,42.96,0,2.54,294.03,1018.02,8404.48,5.35,9.99,4100.0,0.009,PM2.5-1HR
945,DEU_DEBE065,2026-06-25,9.43,28.58,43.42,0,2.48,290.39,1018.03,8378.06,5.76,10.564,4100.0,0.004,PM2.5-1HR
945,DEU_DEBE068,2026-06-25,11.95,28.58,43.42,0,2.48,290.39,1018.03,6904.92,5.58,10.312,4100.0,0.072,PM2.5-1HR
945,DEU_DEBE069,2026-06-25,9.83,28.7,42.96,0,2.54,294.03,1018.02,8178.6,5.66,10.424,4100.0,0.012,PM2.5-1HR
945,DEU_DEBE125,2026-06-25,10.16,28.7,42.96,0,2.54,294.03,1018.02,6347.59,5.58,10.312,4100.0,0.01,PM2.5-1HR
945,DEU_DEBE126,2026-06-25,10.16,28.7,42.96,0,2.54,294.03,1018.02,8412.9,5.58,10.312,4100.0,0.007,PM2.5-1HR
945,DEU_DEBE127,2026-06-25,9.73,28.7,42.96,0,2.54,294.03,1018.02,7628.59,5.68,10.452,4100.0,0.056,PM2.5-1HR
945,DEU_DEBE010,2026-06-26,3.78,27.63,36.63,0,1.91,62.49,1019.63,7313.31,2.87,6.518,4100.0,0.044,PM2.5-1HR
945,DEU_DEBE032,2026-06-26,2.65,26.85,43.54,0,1.42,60.74,1019.49,0,1.64,4.796,4100.0,0.861,PM2.5-1HR
945,DEU_DEBE034,2026-06-26,3.97,28.25,34.5,0,1.86,67.55,1019.53,8623.29,3.13,6.882,4100.0,0.331,PM2.5-1HR
945,DEU_DEBE051,2026-06-26,2.24,26.06,43.33,0,1.78,71.86,1019.75,464.73,0.87,3.718,4100.0,0.134,PM2.5-1HR
945,DEU_DEBE056,2026-06-26,3.04,26.15,48.33,0,1.79,59.08,1019.63,342.53,1.11,4.054,4100.0,0.106,PM2.5-1HR
945,DEU_DEBE061,2026-06-26,3.41,28.25,34.5,0,1.86,67.55,1019.53,8404.48,2.9,6.56,4100.0,0.009,PM2.5-1HR
945,DEU_DEBE065,2026-06-26,5.74,27.63,36.63,0,1.91,62.49,1019.63,8378.06,3.24,7.036,4100.0,0.004,PM2.5-1HR
945,DEU_DEBE068,2026-06-26,4.18,27.63,36.63,0,1.91,62.49,1019.63,6904.92,3.13,6.882,4100.0,0.072,PM2.5-1HR
945,DEU_DEBE069,2026-06-26,6.67,28.25,34.5,0,1.86,67.55,1019.53,8178.6,3.24,7.036,4100.0,0.012,PM2.5-1HR
945,DEU_DEBE125,2026-06-26,5.54,28.25,34.5,0,1.86,67.55,1019.53,6347.59,3.13,6.882,4100.0,0.01,PM2.5-1HR
945,DEU_DEBE126,2026-06-26,6.13,28.25,34.5,0,1.86,67.55,1019.53,8412.9,3.13,6.882,4100.0,0.007,PM2.5-1HR
945,DEU_DEBE127,2026-06-26,6.06,28.25,34.5,0,1.86,67.55,1019.53,7628.59,3.27,7.078,4100.0,0.056,PM2.5-1HR
945,DEU_DEBE010,2026-06-27,11.32,31.75,33.96,0.03,2.54,129.74,1017.42,7313.31,5.68,10.452,4100.0,0.044,PM2.5-1HR
945,DEU_DEBE032,2026-06-27,7.9,30.46,40.88,0.04,2.01,145.07,1017.31,0,3.16,6.924,4100.0,0.861,PM2.5-1HR
945,DEU_DEBE034,2026-06-27,12.09,31.96,33.38,0,2.4,133.11,1017.36,8623.29,5.65,10.41,4100.0,0.331,PM2.5-1HR
945,DEU_DEBE051,2026-06-27,6.64,30.47,37.13,0,2.79,140.69,1017.5,464.73,2.43,5.902,4100.0,0.134,PM2.5-1HR
945,DEU_DEBE056,2026-06-27,8.08,29.85,43.38,0,2.3,121.05,1017.4,342.53,3.16,6.924,4100.0,0.106,PM2.5-1HR
945,DEU_DEBE061,2026-06-27,9.49,31.96,33.38,0,2.4,133.11,1017.36,8404.48,5.29,9.906,4100.0,0.009,PM2.5-1HR
945,DEU_DEBE065,2026-06-27,10.36,31.75,33.96,0.03,2.54,129.74,1017.42,8378.06,6.06,10.984,4100.0,0.004,PM2.5-1HR
945,DEU_DEBE068,2026-06-27,12.49,31.75,33.96,0.03,2.54,129.74,1017.42,6904.92,5.65,10.41,4100.0,0.072,PM2.5-1HR
945,DEU_DEBE069,2026-06-27,9.88,31.96,33.38,0,2.4,133.11,1017.36,8178.6,5.65,10.41,4100.0,0.012,PM2.5-1HR
945,DEU_DEBE125,2026-06-27,11.45,31.96,33.38,0,2.4,133.11,1017.36,6347.59,5.65,10.41,4100.0,0.01,PM2.5-1HR
945,DEU_DEBE126,2026-06-27,11.78,31.96,33.38,0,2.4,133.11,1017.36,8412.9,5.65,10.41,4100.0,0.007,PM2.5-1HR
945,DEU_DEBE127,2026-06-27,11.09,31.96,33.38,0,2.4,133.11,1017.36,7628.59,5.73,10.522,4100.0,0.056,PM2.5-1HR
945,DEU_DEBE010,2026-06-28,16.09,32.86,38.96,0.03,2.54,200.42,1015.11,7313.31,11.22,18.208,4100.0,0.044,PM2.5-1HR
945,DEU_DEBE032,2026-06-28,14.47,31.33,47,0.02,2.29,221.8,1015.1,0,9.3,15.52,4100.0,0.861,PM2.5-1HR
945,DEU_DEBE034,2026-06-28,16.43,32.98,38.79,0.02,2.46,240.59,1015.08,8623.29,11.72,18.908,4100.0,0.331,PM2.5-1HR
945,DEU_DEBE051,2026-06-28,10.13,31.51,43.04,0.02,2.79,177.93,1015.15,464.73,7.36,12.804,4100.0,0.134,PM2.5-1HR
945,DEU_DEBE056,2026-06-28,13.69,31.32,47.88,0.01,2.53,252.69,1015.07,342.53,7.88,13.532,4100.0,0.106,PM2.5-1HR
945,DEU_DEBE061,2026-06-28,14.82,32.98,38.79,0.02,2.46,240.59,1015.08,8404.48,11.18,18.152,4100.0,0.009,PM2.5-1HR
945,DEU_DEBE065,2026-06-28,16.65,32.86,38.96,0.03,2.54,200.42,1015.11,8378.06,11.37,18.418,4100.0,0.004,PM2.5-1HR
945,DEU_DEBE068,2026-06-28,17.48,32.86,38.96,0.03,2.54,200.42,1015.11,6904.92,11.72,18.908,4100.0,0.072,PM2.5-1HR
945,DEU_DEBE069,2026-06-28,19.03,32.98,38.79,0.02,2.46,240.59,1015.08,8178.6,11.49,18.586,4100.0,0.012,PM2.5-1HR
945,DEU_DEBE125,2026-06-28,16.01,32.98,38.79,0.02,2.46,240.59,1015.08,6347.59,11.72,18.908,4100.0,0.01,PM2.5-1HR
945,DEU_DEBE126,2026-06-28,16.26,32.98,38.79,0.02,2.46,240.59,1015.08,8412.9,11.72,18.908,4100.0,0.007,PM2.5-1HR
945,DEU_DEBE127,2026-06-28,15.74,32.98,38.79,0.02,2.46,240.59,1015.08,7628.59,11.82,19.048,4100.0,0.056,PM2.5-1HR
945,DEU_DEBE010,2026-06-29,8.54,24.55,66.79,0.21,2.56,9.81,1021.2,7313.31,3.66,7.624,4100.0,0.044,PM2.5-1HR
945,DEU_DEBE032,2026-06-29,9.1,24.2,71.54,0.28,2.52,7.95,1021.2,0,2.09,5.426,4100.0,0.861,PM2.5-1HR
945,DEU_DEBE034,2026-06-29,9.09,24.92,65.08,0.18,2.53,10.39,1021.13,8623.29,3.75,7.75,4100.0,0.331,PM2.5-1HR
945,DEU_DEBE051,2026-06-29,7.54,23.31,73.29,0.24,2.48,8.89,1021.3,464.73,1.8,5.02,4100.0,0.134,PM2.5-1HR
945,DEU_DEBE056,2026-06-29,9.64,24.34,71.54,0.01,2.54,12.77,1020.98,342.53,2.17,5.538,4100.0,0.106,PM2.5-1HR
945,DEU_DEBE061,2026-06-29,8.66,24.92,65.08,0.18,2.53,10.39,1021.13,8404.48,3.46,7.344,4100.0,0.009,PM2.5-1HR
945,DEU_DEBE065,2026-06-29,10.35,24.55,66.79,0.21,2.56,9.81,1021.2,8378.06,3.93,8.002,4100.0,0.004,PM2.5-1HR
945,DEU_DEBE068,2026-06-29,9.32,24.55,66.79,0.21,2.56,9.81,1021.2,6904.92,3.75,7.75,4100.0,0.072,PM2.5-1HR
945,DEU_DEBE125,2026-06-29,10.27,24.92,65.08,0.18,2.53,10.39,1021.13,6347.59,3.75,7.75,4100.0,0.01,PM2.5-1HR
945,DEU_DEBE126,2026-06-29,11.06,24.92,65.08,0.18,2.53,10.39,1021.13,8412.9,3.75,7.75,4100.0,0.007,PM2.5-1HR
945,DEU_DEBE127,2026-06-29,10.45,24.92,65.08,0.18,2.53,10.39,1021.13,7628.59,3.85,7.89,4100.0,0.056,PM2.5-1HR
945,DEU_DEBE010,2026-06-30,5.16,23.53,56.17,0,2.13,52.46,1022.82,7313.31,4.56,8.884,4100.0,0.044,PM2.5-1HR
945,DEU_DEBE032,2026-06-30,4.49,23.15,60,0,1.74,29.91,1022.78,0,2.93,6.602,4100.0,0.861,PM2.5-1HR
945,DEU_DEBE034,2026-06-30,5.48,23.55,56.17,0,2.05,55.15,1022.8,8623.29,4.7,9.08,4100.0,0.331,PM2.5-1HR
945,DEU_DEBE051,2026-06-30,4.11,23.13,56.29,0,2.04,35.35,1022.85,464.73,1.82,5.048,4100.0,0.134,PM2.5-1HR
945,DEU_DEBE056,2026-06-30,5.01,22.1,71.58,0,2.1,57.44,1022.9,342.53,2.23,5.622,4100.0,0.106,PM2.5-1HR
945,DEU_DEBE061,2026-06-30,4.82,23.55,56.17,0,2.05,55.15,1022.8,8404.48,4.42,8.688,4100.0,0.009,PM2.5-1HR
945,DEU_DEBE065,2026-06-30,7.72,23.53,56.17,0,2.13,52.46,1022.82,8378.06,4.86,9.304,4100.0,0.004,PM2.5-1HR
945,DEU_DEBE068,2026-06-30,5.88,23.53,56.17,0,2.13,52.46,1022.82,6904.92,4.7,9.08,4100.0,0.072,PM2.5-1HR
945,DEU_DEBE069,2026-06-30,6.71,23.55,56.17,0,2.05,55.15,1022.8,8178.6,4.8,9.22,4100.0,0.012,PM2.5-1HR
945,DEU_DEBE125,2026-06-30,7.37,23.55,56.17,0,2.05,55.15,1022.8,6347.59,4.7,9.08,4100.0,0.01,PM2.5-1HR
945,DEU_DEBE126,2026-06-30,7.55,23.55,56.17,0,2.05,55.15,1022.8,8412.9,4.7,9.08,4100.0,0.007,PM2.5-1HR
945,DEU_DEBE127,2026-06-30,7.64,23.55,56.17,0,2.05,55.15,1022.8,7628.59,4.83,9.262,4100.0,0.056,PM2.5-1HR
945,DEU_DEBE010,2026-07-01,5.75,21.88,63.25,0.04,2.25,355.24,1018.12,7313.31,5.05,9.57,4100.0,0.044,PM2.5-1HR
945,DEU_DEBE032,2026-07-01,5.38,21.15,71.38,0.06,2.21,339.55,1018.25,0,3.08,6.812,4100.0,0.861,PM2.5-1HR
945,DEU_DEBE034,2026-07-01,6.31,21.9,63.96,0.05,2.2,351.92,1018.13,8623.29,5.31,9.934,4100.0,0.331,PM2.5-1HR
945,DEU_DEBE051,2026-07-01,3.8,21.37,63.79,0.02,2.33,358.62,1018.17,464.73,1.84,5.076,4100.0,0.134,PM2.5-1HR
945,DEU_DEBE056,2026-07-01,5.05,20.91,73.29,0.06,2.13,355.41,1017.98,342.53,2.49,5.986,4100.0,0.106,PM2.5-1HR
945,DEU_DEBE061,2026-07-01,5.99,21.9,63.96,0.05,2.2,351.92,1018.13,8404.48,4.97,9.458,4100.0,0.009,PM2.5-1HR
945,DEU_DEBE065,2026-07-01,8.73,21.88,63.25,0.04,2.25,355.24,1018.12,8378.06,5.34,9.976,4100.0,0.004,PM2.5-1HR
945,DEU_DEBE068,2026-07-01,6.58,21.88,63.25,0.04,2.25,355.24,1018.12,6904.92,5.31,9.934,4100.0,0.072,PM2.5-1HR
945,DEU_DEBE069,2026-07-01,9.48,21.9,63.96,0.05,2.2,351.92,1018.13,8178.6,5.47,10.158,4100.0,0.012,PM2.5-1HR
945,DEU_DEBE125,2026-07-01,8.32,21.9,63.96,0.05,2.2,351.92,1018.13,6347.59,5.31,9.934,4100.0,0.01,PM2.5-1HR
945,DEU_DEBE126,2026-07-01,8.48,21.9,63.96,0.05,2.2,351.92,1018.13,8412.9,5.31,9.934,4100.0,0.007,PM2.5-1HR
945,DEU_DEBE127,2026-07-01,7.9,21.9,63.96,0.05,2.2,351.92,1018.13,7628.59,5.48,10.172,4100.0,0.056,PM2.5-1HR
945,DEU_DEBE010,2026-07-02,5.24,21.38,63.29,0.03,3.53,268.13,1017.6,7313.31,3.93,8.002,4100.0,0.044,PM2.5-1HR
945,DEU_DEBE032,2026-07-02,4.12,20.95,68.42,0.05,3.49,268.19,1017.74,0,2.48,5.972,4100.0,0.861,PM2.5-1HR
945,DEU_DEBE034,2026-07-02,5.89,21.6,62.75,0.05,3.47,266.53,1017.66,8623.29,4.14,8.296,4100.0,0.331,PM2.5-1HR
945,DEU_DEBE051,2026-07-02,3.97,20.8,65,0.03,3.83,264.85,1017.52,464.73,2.21,5.594,4100.0,0.134,PM2.5-1HR
945,DEU_DEBE056,2026-07-02,4.28,21.18,66.71,0.03,3.49,263.38,1017.61,342.53,2.86,6.504,4100.0,0.106,PM2.5-1HR
945,DEU_DEBE061,2026-07-02,4.88,21.6,62.75,0.05,3.47,266.53,1017.66,8404.48,3.65,7.61,4100.0,0.009,PM2.5-1HR
945,DEU_DEBE065,2026-07-02,8.84,21.38,63.29,0.03,3.53,268.13,1017.6,8378.06,4.21,8.394,4100.0,0.004,PM2.5-1HR
945,DEU_DEBE068,2026-07-02,6.45,21.38,63.29,0.03,3.53,268.13,1017.6,6904.92,4.14,8.296,4100.0,0.072,PM2.5-1HR
945,DEU_DEBE069,2026-07-02,7.94,21.6,62.75,0.05,3.47,266.53,1017.66,8178.6,4.03,8.142,4100.0,0.012,PM2.5-1HR
945,DEU_DEBE125,2026-07-02,7.54,21.6,62.75,0.05,3.47,266.53,1017.66,6347.59,4.14,8.296,4100.0,0.01,PM2.5-1HR
945,DEU_DEBE126,2026-07-02,7.33,21.6,62.75,0.05,3.47,266.53,1017.66,8412.9,4.14,8.296,4100.0,0.007,PM2.5-1HR
945,DEU_DEBE127,2026-07-02,7.17,21.6,62.75,0.05,3.47,266.53,1017.66,7628.59,4.34,8.576,4100.0,0.056,PM2.5-1HR
945,DEU_DEBE010,2026-07-03,4.87,18.69,55.33,0.03,6.23,284.8,1020.3,7313.31,5.16,9.724,4100.0,0.044,PM2.5-1HR
945,DEU_DEBE032,2026-07-03,5.01,18.56,58.63,0.05,6.25,284.34,1020.58,0,3.68,7.652,4100.0,0.861,PM2.5-1HR
945,DEU_DEBE034,2026-07-03,5.23,18.88,55.21,0.03,6.11,285.17,1020.42,8623.29,5.42,10.088,4100.0,0.331,PM2.5-1HR
945,DEU_DEBE051,2026-07-03,4.27,18.43,55.63,0.02,6.82,282.5,1020,464.73,3.2,6.98,4100.0,0.134,PM2.5-1HR
945,DEU_DEBE056,2026-07-03,4.11,18.8,57.21,0.02,6.24,284.84,1020.23,342.53,3.16,6.924,4100.0,0.106,PM2.5-1HR
945,DEU_DEBE061,2026-07-03,4.79,18.88,55.21,0.03,6.11,285.17,1020.42,8404.48,5.05,9.57,4100.0,0.009,PM2.5-1HR
945,DEU_DEBE065,2026-07-03,9.19,18.69,55.33,0.03,6.23,284.8,1020.3,8378.06,5.38,10.032,4100.0,0.004,PM2.5-1HR
945,DEU_DEBE068,2026-07-03,5.5,18.69,55.33,0.03,6.23,284.8,1020.3,6904.92,5.42,10.088,4100.0,0.072,PM2.5-1HR
945,DEU_DEBE069,2026-07-03,9.2,18.88,55.21,0.03,6.11,285.17,1020.42,8178.6,5.38,10.032,4100.0,0.012,PM2.5-1HR
945,DEU_DEBE125,2026-07-03,7.35,18.88,55.21,0.03,6.11,285.17,1020.42,6347.59,5.42,10.088,4100.0,0.01,PM2.5-1HR
945,DEU_DEBE126,2026-07-03,7.13,18.88,55.21,0.03,6.11,285.17,1020.42,8412.9,5.42,10.088,4100.0,0.007,PM2.5-1HR
945,DEU_DEBE127,2026-07-03,6.04,18.88,55.21,0.03,6.11,285.17,1020.42,7628.59,5.59,10.326,4100.0,0.056,PM2.5-1HR
945,DEU_DEBE010,2026-07-04,5.35,16.35,68.42,0.04,4.17,268.64,1021.63,7313.31,5.39,10.046,4100.0,0.044,PM2.5-1HR
945,DEU_DEBE032,2026-07-04,5.69,16.15,72.92,0.12,4.09,267.24,1021.85,0,4.39,8.646,4100.0,0.861,PM2.5-1HR
945,DEU_DEBE034,2026-07-04,6.45,16.45,68.46,0.06,4.09,269.16,1021.73,8623.29,5.58,10.312,4100.0,0.331,PM2.5-1HR
945,DEU_DEBE051,2026-07-04,4.95,16.18,68.21,0.03,4.59,270.18,1021.39,464.73,2.9,6.56,4100.0,0.134,PM2.5-1HR
945,DEU_DEBE056,2026-07-04,5,16.38,69.17,0.03,4.28,271.83,1021.63,342.53,3.39,7.246,4100.0,0.106,PM2.5-1HR
945,DEU_DEBE061,2026-07-04,5.84,16.45,68.46,0.06,4.09,269.16,1021.73,8404.48,5.26,9.864,4100.0,0.009,PM2.5-1HR
945,DEU_DEBE065,2026-07-04,9.69,16.35,68.42,0.04,4.17,268.64,1021.63,8378.06,5.54,10.256,4100.0,0.004,PM2.5-1HR
945,DEU_DEBE068,2026-07-04,5.85,16.35,68.42,0.04,4.17,268.64,1021.63,6904.92,5.58,10.312,4100.0,0.072,PM2.5-1HR
945,DEU_DEBE069,2026-07-04,9.63,16.45,68.46,0.06,4.09,269.16,1021.73,8178.6,5.47,10.158,4100.0,0.012,PM2.5-1HR
945,DEU_DEBE125,2026-07-04,8.41,16.45,68.46,0.06,4.09,269.16,1021.73,6347.59,5.58,10.312,4100.0,0.01,PM2.5-1HR
945,DEU_DEBE126,2026-07-04,8.21,16.45,68.46,0.06,4.09,269.16,1021.73,8412.9,5.58,10.312,4100.0,0.007,PM2.5-1HR
945,DEU_DEBE127,2026-07-04,7.48,16.45,68.46,0.06,4.09,269.16,1021.73,7628.59,5.73,10.522,4100.0,0.056,PM2.5-1HR
945,DEU_DEBE010,2026-07-05,3.96,18.77,70.63,0.1,5,283.81,1015.83,7313.31,3.91,7.974,4100.0,0.044,PM2.5-1HR
945,DEU_DEBE032,2026-07-05,4.36,18.41,75.25,0.13,4.94,284.55,1016.1,0,2.91,6.574,4100.0,0.861,PM2.5-1HR
945,DEU_DEBE034,2026-07-05,4.38,18.79,71.75,0.13,4.86,284.67,1015.94,8623.29,4.21,8.394,4100.0,0.331,PM2.5-1HR
945,DEU_DEBE051,2026-07-05,4.18,18.3,73,0.15,5.41,282.16,1015.6,464.73,2.2,5.58,4100.0,0.134,PM2.5-1HR
945,DEU_DEBE056,2026-07-05,4.17,18.62,73.42,0.19,4.94,282.39,1015.77,342.53,2.33,5.762,4100.0,0.106,PM2.5-1HR
945,DEU_DEBE061,2026-07-05,4.77,18.79,71.75,0.13,4.86,284.67,1015.94,8404.48,3.94,8.016,4100.0,0.009,PM2.5-1HR
945,DEU_DEBE065,2026-07-05,8.39,18.77,70.63,0.1,5,283.81,1015.83,8378.06,4.19,8.366,4100.0,0.004,PM2.5-1HR
945,DEU_DEBE068,2026-07-05,4.32,18.77,70.63,0.1,5,283.81,1015.83,6904.92,4.21,8.394,4100.0,0.072,PM2.5-1HR
945,DEU_DEBE069,2026-07-05,8.18,18.79,71.75,0.13,4.86,284.67,1015.94,8178.6,4.25,8.45,4100.0,0.012,PM2.5-1HR
945,DEU_DEBE125,2026-07-05,6.96,18.79,71.75,0.13,4.86,284.67,1015.94,6347.59,4.21,8.394,4100.0,0.01,PM2.5-1HR
945,DEU_DEBE126,2026-07-05,6.99,18.79,71.75,0.13,4.86,284.67,1015.94,8412.9,4.21,8.394,4100.0,0.007,PM2.5-1HR
945,DEU_DEBE127,2026-07-05,6.32,18.79,71.75,0.13,4.86,284.67,1015.94,7628.59,4.38,8.632,4100.0,0.056,PM2.5-1HR
945,DEU_DEBE010,2026-07-06,5.57,17.01,77.25,0.18,4.09,265.38,1014.14,7313.31,5.56,10.284,4100.0,0.044,PM2.5-1HR
945,DEU_DEBE032,2026-07-06,6.15,16.86,81.88,0.21,4.07,266.73,1014.32,0,4.14,8.296,4100.0,0.861,PM2.5-1HR
945,DEU_DEBE034,2026-07-06,6.51,17.11,77.96,0.22,3.94,266.16,1014.25,8623.29,5.75,10.55,4100.0,0.331,PM2.5-1HR
945,DEU_DEBE051,2026-07-06,5.63,16.27,81.83,0.18,4.46,264.4,1013.92,464.73,3.92,7.988,4100.0,0.134,PM2.5-1HR
945,DEU_DEBE056,2026-07-06,6.08,17.08,78.79,0.14,4.21,266.05,1014.24,342.53,4,8.1,4100.0,0.106,PM2.5-1HR
945,DEU_DEBE061,2026-07-06,7.03,17.11,77.96,0.22,3.94,266.16,1014.25,8404.48,5.27,9.878,4100.0,0.009,PM2.5-1HR
945,DEU_DEBE065,2026-07-06,10.64,17.01,77.25,0.18,4.09,265.38,1014.14,8378.06,5.81,10.634,4100.0,0.004,PM2.5-1HR
945,DEU_DEBE068,2026-07-06,6.22,17.01,77.25,0.18,4.09,265.38,1014.14,6904.92,5.75,10.55,4100.0,0.072,PM2.5-1HR
945,DEU_DEBE069,2026-07-06,11.63,17.11,77.96,0.22,3.94,266.16,1014.25,8178.6,5.64,10.396,4100.0,0.012,PM2.5-1HR
945,DEU_DEBE125,2026-07-06,9.71,17.11,77.96,0.22,3.94,266.16,1014.25,6347.59,5.75,10.55,4100.0,0.01,PM2.5-1HR
945,DEU_DEBE126,2026-07-06,8.96,17.11,77.96,0.22,3.94,266.16,1014.25,8412.9,5.75,10.55,4100.0,0.007,PM2.5-1HR
945,DEU_DEBE127,2026-07-06,8.82,17.11,77.96,0.22,3.94,266.16,1014.25,7628.59,5.96,10.844,4100.0,0.056,PM2.5-1HR
945,DEU_DEBE010,2026-07-07,6.67,19.37,72.46,0.13,5.2,266.48,1008.45,7313.31,4.42,8.688,4100.0,0.044,PM2.5-1HR
945,DEU_DEBE032,2026-07-07,6.86,19.47,73.21,0.15,5.18,266.86,1008.68,0,3.92,7.988,4100.0,0.861,PM2.5-1HR
945,DEU_DEBE034,2026-07-07,7.13,19.58,71.58,0.14,5.06,266.24,1008.59,8623.29,4.66,9.024,4100.0,0.331,PM2.5-1HR
945,DEU_DEBE051,2026-07-07,7.1,18.5,78.21,0.16,5.66,266.09,1008.22,464.73,3.35,7.19,4100.0,0.134,PM2.5-1HR
945,DEU_DEBE056,2026-07-07,7.04,19.39,74,0.15,5.14,263.38,1008.5,342.53,2.61,6.154,4100.0,0.106,PM2.5-1HR
945,DEU_DEBE061,2026-07-07,7.72,19.58,71.58,0.14,5.06,266.24,1008.59,8404.48,4.39,8.646,4100.0,0.009,PM2.5-1HR
945,DEU_DEBE065,2026-07-07,11.48,19.37,72.46,0.13,5.2,266.48,1008.45,8378.06,4.61,8.954,4100.0,0.004,PM2.5-1HR
945,DEU_DEBE068,2026-07-07,7.33,19.37,72.46,0.13,5.2,266.48,1008.45,6904.92,4.66,9.024,4100.0,0.072,PM2.5-1HR
945,DEU_DEBE069,2026-07-07,11.44,19.58,71.58,0.14,5.06,266.24,1008.59,8178.6,4.64,8.996,4100.0,0.012,PM2.5-1HR
945,DEU_DEBE125,2026-07-07,10.13,19.58,71.58,0.14,5.06,266.24,1008.59,6347.59,4.66,9.024,4100.0,0.01,PM2.5-1HR
945,DEU_DEBE126,2026-07-07,9.86,19.58,71.58,0.14,5.06,266.24,1008.59,8412.9,4.66,9.024,4100.0,0.007,PM2.5-1HR
945,DEU_DEBE127,2026-07-07,9.45,19.58,71.58,0.14,5.06,266.24,1008.59,7628.59,4.87,9.318,4100.0,0.056,PM2.5-1HR
945,DEU_DEBE010,2026-07-08,3.17,17.07,61.04,0,5.08,293.92,1012.5,7313.31,4.48,8.772,4100.0,0.044,PM2.5-1HR
945,DEU_DEBE032,2026-07-08,3.45,17.1,62.71,0,5.2,297.12,1012.77,0,3.23,7.022,4100.0,0.861,PM2.5-1HR
945,DEU_DEBE034,2026-07-08,3.22,17.13,61.38,0,4.98,295.46,1012.6,8623.29,4.58,8.912,4100.0,0.331,PM2.5-1HR
945,DEU_DEBE051,2026-07-08,2.65,17,60.17,0,5.36,291.37,1012.26,464.73,2.65,6.21,4100.0,0.134,PM2.5-1HR
945,DEU_DEBE056,2026-07-08,2.69,17.33,61.21,0,5.11,292.92,1012.38,342.53,2.69,6.266,4100.0,0.106,PM2.5-1HR
945,DEU_DEBE061,2026-07-08,3,17.13,61.38,0,4.98,295.46,1012.6,8404.48,3.98,8.072,4100.0,0.009,PM2.5-1HR
945,DEU_DEBE065,2026-07-08,8.82,17.07,61.04,0,5.08,293.92,1012.5,8378.06,4.67,9.038,4100.0,0.004,PM2.5-1HR
945,DEU_DEBE068,2026-07-08,3.36,17.07,61.04,0,5.08,293.92,1012.5,6904.92,4.58,8.912,4100.0,0.072,PM2.5-1HR
945,DEU_DEBE069,2026-07-08,5.52,17.13,61.38,0,4.98,295.46,1012.6,8178.6,4.17,8.338,4100.0,0.012,PM2.5-1HR
945,DEU_DEBE125,2026-07-08,4.94,17.13,61.38,0,4.98,295.46,1012.6,6347.59,4.58,8.912,4100.0,0.01,PM2.5-1HR
945,DEU_DEBE126,2026-07-08,4.82,17.13,61.38,0,4.98,295.46,1012.6,8412.9,4.58,8.912,4100.0,0.007,PM2.5-1HR
945,DEU_DEBE127,2026-07-08,4.36,17.13,61.38,0,4.98,295.46,1012.6,7628.59,4.76,9.164,4100.0,0.056,PM2.5-1HR
945,DEU_DEBE010,2026-07-09,6.31,18.31,64.08,0,3.71,292.26,1015.59,7313.31,4.91,9.374,4100.0,0.044,PM2.5-1HR
945,DEU_DEBE032,2026-07-09,6.53,17.77,68.04,0,3.74,297.38,1015.82,0,3.15,6.91,4100.0,0.861,PM2.5-1HR
945,DEU_DEBE034,2026-07-09,7.04,18.23,64.58,0,3.66,294.96,1015.66,8623.29,5.18,9.752,4100.0,0.331,PM2.5-1HR
945,DEU_DEBE051,2026-07-09,5.32,18.25,64.92,0,3.82,292.09,1015.39,464.73,2.37,5.818,4100.0,0.134,PM2.5-1HR
945,DEU_DEBE056,2026-07-09,6.82,18.34,65.21,0,3.76,293.72,1015.4,342.53,2.68,6.252,4100.0,0.106,PM2.5-1HR
945,DEU_DEBE061,2026-07-09,7.01,18.23,64.58,0,3.66,294.96,1015.66,8404.48,4.8,9.22,4100.0,0.009,PM2.5-1HR
945,DEU_DEBE065,2026-07-09,11.86,18.31,64.08,0,3.71,292.26,1015.59,8378.06,5.25,9.85,4100.0,0.004,PM2.5-1HR
945,DEU_DEBE068,2026-07-09,7.2,18.31,64.08,0,3.71,292.26,1015.59,6904.92,5.18,9.752,4100.0,0.072,PM2.5-1HR
945,DEU_DEBE069,2026-07-09,10.75,18.23,64.58,0,3.66,294.96,1015.66,8178.6,5.24,9.836,4100.0,0.012,PM2.5-1HR
945,DEU_DEBE125,2026-07-09,10.11,18.23,64.58,0,3.66,294.96,1015.66,6347.59,5.18,9.752,4100.0,0.01,PM2.5-1HR
945,DEU_DEBE126,2026-07-09,9.55,18.23,64.58,0,3.66,294.96,1015.66,8412.9,5.18,9.752,4100.0,0.007,PM2.5-1HR
945,DEU_DEBE127,2026-07-09,9.68,18.23,64.58,0,3.66,294.96,1015.66,7628.59,5.37,10.018,4100.0,0.056,PM2.5-1HR
945,DEU_DEBE010,2026-07-10,5.92,21.24,59.67,0,2.96,319.65,1016.42,7313.31,3.96,8.044,4100.0,0.044,PM2.5-1HR
945,DEU_DEBE032,2026-07-10,6.18,20.2,66.75,0,2.82,317.82,1016.61,0,2.82,6.448,4100.0,0.861,PM2.5-1HR
945,DEU_DEBE034,2026-07-10,6.39,21.26,59.96,0,2.88,318.71,1016.45,8623.29,4.21,8.394,4100.0,0.331,PM2.5-1HR
945,DEU_DEBE051,2026-07-10,5.19,20.52,62.58,0,3.11,323.45,1016.4,464.73,1.92,5.188,4100.0,0.134,PM2.5-1HR
945,DEU_DEBE056,2026-07-10,6.03,20.73,62.25,0,2.96,322.13,1016.2,342.53,2.52,6.028,4100.0,0.106,PM2.5-1HR
945,DEU_DEBE061,2026-07-10,7.28,21.26,59.96,0,2.88,318.71,1016.45,8404.48,3.97,8.058,4100.0,0.009,PM2.5-1HR
945,DEU_DEBE065,2026-07-10,10.11,21.24,59.67,0,2.96,319.65,1016.42,8378.06,4.26,8.464,4100.0,0.004,PM2.5-1HR
945,DEU_DEBE068,2026-07-10,6.68,21.24,59.67,0,2.96,319.65,1016.42,6904.92,4.21,8.394,4100.0,0.072,PM2.5-1HR
945,DEU_DEBE069,2026-07-10,10.15,21.26,59.96,0,2.88,318.71,1016.45,8178.6,4.34,8.576,4100.0,0.012,PM2.5-1HR
945,DEU_DEBE125,2026-07-10,9.54,21.26,59.96,0,2.88,318.71,1016.45,6347.59,4.21,8.394,4100.0,0.01,PM2.5-1HR
945,DEU_DEBE126,2026-07-10,9.57,21.26,59.96,0,2.88,318.71,1016.45,8412.9,4.21,8.394,4100.0,0.007,PM2.5-1HR
945,DEU_DEBE127,2026-07-10,9.33,21.26,59.96,0,2.88,318.71,1016.45,7628.59,4.37,8.618,4100.0,0.056,PM2.5-1HR
945,DEU_DEBE010,2026-07-11,3.54,22.01,48.54,0,2.57,5.74,1019.53,7313.31,3.62,7.568,4100.0,0.044,PM2.5-1HR
945,DEU_DEBE032,2026-07-11,2.75,21.15,55.13,0.01,2.28,351.46,1019.57,0,1.94,5.216,4100.0,0.861,PM2.5-1HR
945,DEU_DEBE034,2026-07-11,3.99,22.33,46.75,0,2.51,3.14,1019.46,8623.29,3.84,7.876,4100.0,0.331,PM2.5-1HR
945,DEU_DEBE051,2026-07-11,2.34,20.64,55.75,0,2.52,5.26,1019.61,464.73,1.54,4.656,4100.0,0.134,PM2.5-1HR
945,DEU_DEBE056,2026-07-11,2.99,20.72,56.46,0,2.53,5.13,1019.41,342.53,1.54,4.656,4100.0,0.106,PM2.5-1HR
945,DEU_DEBE061,2026-07-11,3.33,22.33,46.75,0,2.51,3.14,1019.46,8404.48,3.6,7.54,4100.0,0.009,PM2.5-1HR
945,DEU_DEBE065,2026-07-11,5.65,22.01,48.54,0,2.57,5.74,1019.53,8378.06,4,8.1,4100.0,0.004,PM2.5-1HR
945,DEU_DEBE068,2026-07-11,3.96,22.01,48.54,0,2.57,5.74,1019.53,6904.92,3.84,7.876,4100.0,0.072,PM2.5-1HR
945,DEU_DEBE069,2026-07-11,5.9,22.33,46.75,0,2.51,3.14,1019.46,8178.6,3.95,8.03,4100.0,0.012,PM2.5-1HR
945,DEU_DEBE125,2026-07-11,5.59,22.33,46.75,0,2.51,3.14,1019.46,6347.59,3.84,7.876,4100.0,0.01,PM2.5-1HR
945,DEU_DEBE126,2026-07-11,6.47,22.33,46.75,0,2.51,3.14,1019.46,8412.9,3.84,7.876,4100.0,0.007,PM2.5-1HR
945,DEU_DEBE127,2026-07-11,5.76,22.33,46.75,0,2.51,3.14,1019.46,7628.59,3.96,8.044,4100.0,0.056,PM2.5-1HR
945,DEU_DEBE010,2026-07-12,6.09,24.49,48.96,0,3.37,340.05,1019.84,7313.31,4.74,9.136,4100.0,0.044,PM2.5-1HR
945,DEU_DEBE032,2026-07-12,4.14,23.56,55.08,0,3.38,331.68,1019.94,0,2.92,6.588,4100.0,0.861,PM2.5-1HR
945,DEU_DEBE034,2026-07-12,6.62,24.74,47.92,0,3.33,338,1019.8,8623.29,4.89,9.346,4100.0,0.331,PM2.5-1HR
945,DEU_DEBE051,2026-07-12,4.23,23.41,54.08,0,3.52,341.78,1019.91,464.73,2.64,6.196,4100.0,0.134,PM2.5-1HR
945,DEU_DEBE056,2026-07-12,4.49,23.44,53.71,0,3.32,341.36,1019.63,342.53,2.43,5.902,4100.0,0.106,PM2.5-1HR
945,DEU_DEBE061,2026-07-12,5.14,24.74,47.92,0,3.33,338,1019.8,8404.48,4.61,8.954,4100.0,0.009,PM2.5-1HR
945,DEU_DEBE065,2026-07-12,7.92,24.49,48.96,0,3.37,340.05,1019.84,8378.06,5.05,9.57,4100.0,0.004,PM2.5-1HR
945,DEU_DEBE068,2026-07-12,6.86,24.49,48.96,0,3.37,340.05,1019.84,6904.92,4.89,9.346,4100.0,0.072,PM2.5-1HR
945,DEU_DEBE069,2026-07-12,7.22,24.74,47.92,0,3.33,338,1019.8,8178.6,4.91,9.374,4100.0,0.012,PM2.5-1HR
945,DEU_DEBE125,2026-07-12,7.36,24.74,47.92,0,3.33,338,1019.8,6347.59,4.89,9.346,4100.0,0.01,PM2.5-1HR
945,DEU_DEBE126,2026-07-12,7.54,24.74,47.92,0,3.33,338,1019.8,8412.9,4.89,9.346,4100.0,0.007,PM2.5-1HR
945,DEU_DEBE127,2026-07-12,7.41,24.74,47.92,0,3.33,338,1019.8,7628.59,4.94,9.416,4100.0,0.056,PM2.5-1HR
945,DEU_DEBE010,2026-07-13,8.44,23.4,59.33,0.05,2.98,33.84,1021.21,7313.31,7.13,12.482,4100.0,0.044,PM2.5-1HR
945,DEU_DEBE032,2026-07-13,7.76,22.93,63.46,0.13,2.71,30.19,1021.14,0,5.75,10.55,4100.0,0.861,PM2.5-1HR
945,DEU_DEBE034,2026-07-13,9.6,23.78,57.83,0.05,2.88,34.81,1021.11,8623.29,7.38,12.832,4100.0,0.331,PM2.5-1HR
945,DEU_DEBE051,2026-07-13,6.89,22.28,64.63,0.04,3.12,32.41,1021.45,464.73,4.68,9.052,4100.0,0.134,PM2.5-1HR
945,DEU_DEBE056,2026-07-13,8.7,22.29,68.04,0.23,2.82,35.9,1021.06,342.53,6.53,11.642,4100.0,0.106,PM2.5-1HR
945,DEU_DEBE061,2026-07-13,9.66,23.78,57.83,0.05,2.88,34.81,1021.11,8404.48,7.07,12.398,4100.0,0.009,PM2.5-1HR
945,DEU_DEBE065,2026-07-13,12.15,23.4,59.33,0.05,2.98,33.84,1021.21,8378.06,7.44,12.916,4100.0,0.004,PM2.5-1HR
945,DEU_DEBE068,2026-07-13,9.79,23.4,59.33,0.05,2.98,33.84,1021.21,6904.92,7.38,12.832,4100.0,0.072,PM2.5-1HR
945,DEU_DEBE069,2026-07-13,12.29,23.78,57.83,0.05,2.88,34.81,1021.11,8178.6,7.5,13.0,4100.0,0.012,PM2.5-1HR
945,DEU_DEBE125,2026-07-13,11.32,23.78,57.83,0.05,2.88,34.81,1021.11,6347.59,7.38,12.832,4100.0,0.01,PM2.5-1HR
945,DEU_DEBE126,2026-07-13,12.04,23.78,57.83,0.05,2.88,34.81,1021.11,8412.9,7.38,12.832,4100.0,0.007,PM2.5-1HR
945,DEU_DEBE127,2026-07-13,12.03,23.78,57.83,0.05,2.88,34.81,1021.11,7628.59,7.55,13.07,4100.0,0.056,PM2.5-1HR
945,DEU_DEBE010,2026-07-14,7.01,20.96,63.96,0.09,2.97,59.01,1020.43,7313.31,6.57,11.698,4100.0,0.044,PM2.5-1HR
945,DEU_DEBE032,2026-07-14,7.98,20.66,68.54,0.1,2.75,57.52,1020.35,0,5.76,10.564,4100.0,0.861,PM2.5-1HR
945,DEU_DEBE034,2026-07-14,7.87,20.92,65.33,0.09,2.77,58.66,1020.36,8623.29,6.94,12.216,4100.0,0.331,PM2.5-1HR
945,DEU_DEBE051,2026-07-14,5.91,20.86,61.38,0.02,3.16,56.37,1020.61,464.73,3.56,7.484,4100.0,0.134,PM2.5-1HR
945,DEU_DEBE056,2026-07-14,8.17,20.12,71.75,0.14,2.74,53.64,1020.33,342.53,4.75,9.15,4100.0,0.106,PM2.5-1HR
945,DEU_DEBE061,2026-07-14,9.61,20.92,65.33,0.09,2.77,58.66,1020.36,8404.48,6.69,11.866,4100.0,0.009,PM2.5-1HR
945,DEU_DEBE065,2026-07-14,10.65,20.96,63.96,0.09,2.97,59.01,1020.43,8378.06,6.84,12.076,4100.0,0.004,PM2.5-1HR
945,DEU_DEBE068,2026-07-14,7.79,20.96,63.96,0.09,2.97,59.01,1020.43,6904.92,6.94,12.216,4100.0,0.072,PM2.5-1HR
945,DEU_DEBE069,2026-07-14,11.87,20.92,65.33,0.09,2.77,58.66,1020.36,8178.6,7.23,12.622,4100.0,0.012,PM2.5-1HR
945,DEU_DEBE125,2026-07-14,10.54,20.92,65.33,0.09,2.77,58.66,1020.36,6347.59,6.94,12.216,4100.0,0.01,PM2.5-1HR
945,DEU_DEBE126,2026-07-14,12.05,20.92,65.33,0.09,2.77,58.66,1020.36,8412.9,6.94,12.216,4100.0,0.007,PM2.5-1HR
945,DEU_DEBE127,2026-07-14,11.18,20.92,65.33,0.09,2.77,58.66,1020.36,7628.59,7.21,12.594,4100.0,0.056,PM2.5-1HR
945,DEU_DEBE010,2026-07-15,6.08,21.11,52.83,0,2.44,54.61,1021.29,7313.31,5.95,10.83,4100.0,0.044,PM2.5-1HR
945,DEU_DEBE032,2026-07-15,6.37,21.03,55.46,0,2.31,47.68,1021.2,0,4.8,9.22,4100.0,0.861,PM2.5-1HR
945,DEU_DEBE034,2026-07-15,6.31,21.43,51.58,0,2.44,54.32,1021.22,8623.29,6.14,11.096,4100.0,0.331,PM2.5-1HR
945,DEU_DEBE051,2026-07-15,5.94,21.02,50.58,0,2.74,49.31,1021.45,464.73,3.74,7.736,4100.0,0.134,PM2.5-1HR
945,DEU_DEBE056,2026-07-15,7.22,20.54,59.42,0,2.41,57.32,1021.21,342.53,5.79,10.606,4100.0,0.106,PM2.5-1HR
945,DEU_DEBE061,2026-07-15,7.89,21.43,51.58,0,2.44,54.32,1021.22,8404.48,5.83,10.662,4100.0,0.009,PM2.5-1HR
945,DEU_DEBE065,2026-07-15,9.23,21.11,52.83,0,2.44,54.61,1021.29,8378.06,6.12,11.068,4100.0,0.004,PM2.5-1HR
945,DEU_DEBE068,2026-07-15,6.26,21.11,52.83,0,2.44,54.61,1021.29,6904.92,6.14,11.096,4100.0,0.072,PM2.5-1HR
945,DEU_DEBE069,2026-07-15,9.71,21.43,51.58,0,2.44,54.32,1021.22,8178.6,6.26,11.264,4100.0,0.012,PM2.5-1HR
945,DEU_DEBE125,2026-07-15,9.35,21.43,51.58,0,2.44,54.32,1021.22,6347.59,6.14,11.096,4100.0,0.01,PM2.5-1HR
945,DEU_DEBE126,2026-07-15,9.06,21.43,51.58,0,2.44,54.32,1021.22,8412.9,6.14,11.096,4100.0,0.007,PM2.5-1HR
945,DEU_DEBE127,2026-07-15,9.28,21.43,51.58,0,2.44,54.32,1021.22,7628.59,6.32,11.348,4100.0,0.056,PM2.5-1HR
945,DEU_DEBE010,2026-07-17,12.88,23.19,67.54,0.18,1.83,121.2,1012.17,7313.31,9.94,16.416,4100.0,0.044,PM2.5-1HR
945,DEU_DEBE032,2026-07-17,10.89,22.41,73.29,0.45,1.53,112.42,1012.1,0,7.27,12.678,4100.0,0.861,PM2.5-1HR
945,DEU_DEBE034,2026-07-17,13.55,23.2,68.5,0.39,1.77,115.32,1012.15,8623.29,10.09,16.626,4100.0,0.331,PM2.5-1HR
945,DEU_DEBE051,2026-07-17,10.32,22.9,68.58,0.15,1.78,147.97,1012.18,464.73,5.19,9.766,4100.0,0.134,PM2.5-1HR
945,DEU_DEBE056,2026-07-17,12.65,21.89,80,0.47,1.67,128.19,1012.16,342.53,8.41,14.274,4100.0,0.106,PM2.5-1HR
945,DEU_DEBE061,2026-07-17,13.18,23.2,68.5,0.39,1.77,115.32,1012.15,8404.48,9.7,16.08,4100.0,0.009,PM2.5-1HR
945,DEU_DEBE065,2026-07-17,15.59,23.19,67.54,0.18,1.83,121.2,1012.17,8378.06,10.33,16.962,4100.0,0.004,PM2.5-1HR
945,DEU_DEBE068,2026-07-17,14.32,23.19,67.54,0.18,1.83,121.2,1012.17,6904.92,10.09,16.626,4100.0,0.072,PM2.5-1HR
945,DEU_DEBE069,2026-07-17,16.73,23.2,68.5,0.39,1.77,115.32,1012.15,8178.6,10.12,16.668,4100.0,0.012,PM2.5-1HR
945,DEU_DEBE125,2026-07-17,14.47,23.2,68.5,0.39,1.77,115.32,1012.15,6347.59,10.09,16.626,4100.0,0.01,PM2.5-1HR
945,DEU_DEBE126,2026-07-17,15.68,23.2,68.5,0.39,1.77,115.32,1012.15,8412.9,10.09,16.626,4100.0,0.007,PM2.5-1HR
945,DEU_DEBE127,2026-07-17,15.42,23.2,68.5,0.39,1.77,115.32,1012.15,7628.59,10.1,16.64,4100.0,0.056,PM2.5-1HR
945,DEU_DEBE010,2026-07-18,11.2,20.35,69.21,0,3.84,283.18,1010.9,7313.31,10.34,16.976,4100.0,0.044,PM2.5-1HR
945,DEU_DEBE032,2026-07-18,11.31,20.2,71.21,0,3.99,285.37,1011.06,0,9.68,16.052,4100.0,0.861,PM2.5-1HR
945,DEU_DEBE034,2026-07-18,11.46,20.52,68.88,0,3.84,283.98,1010.95,8623.29,10.85,17.69,4100.0,0.331,PM2.5-1HR
945,DEU_DEBE051,2026-07-18,10.5,19.84,70.46,0,4.18,276.51,1010.78,464.73,8.85,14.89,4100.0,0.134,PM2.5-1HR
945,DEU_DEBE056,2026-07-18,11.42,20.68,70.67,0,3.9,281.01,1010.77,342.53,9.14,15.296,4100.0,0.106,PM2.5-1HR
945,DEU_DEBE061,2026-07-18,13.03,20.52,68.88,0,3.84,283.98,1010.95,8404.48,10.38,17.032,4100.0,0.009,PM2.5-1HR
945,DEU_DEBE065,2026-07-18,15.45,20.35,69.21,0,3.84,283.18,1010.9,8378.06,10.43,17.102,4100.0,0.004,PM2.5-1HR
945,DEU_DEBE068,2026-07-18,11.78,20.35,69.21,0,3.84,283.18,1010.9,6904.92,10.85,17.69,4100.0,0.072,PM2.5-1HR
945,DEU_DEBE069,2026-07-18,15.63,20.52,68.88,0,3.84,283.98,1010.95,8178.6,10.98,17.872,4100.0,0.012,PM2.5-1HR
945,DEU_DEBE125,2026-07-18,13.66,20.52,68.88,0,3.84,283.98,1010.95,6347.59,10.85,17.69,4100.0,0.01,PM2.5-1HR
945,DEU_DEBE126,2026-07-18,14.34,20.52,68.88,0,3.84,283.98,1010.95,8412.9,10.85,17.69,4100.0,0.007,PM2.5-1HR
945,DEU_DEBE127,2026-07-18,14.27,20.52,68.88,0,3.84,283.98,1010.95,7628.59,11.18,18.152,4100.0,0.056,PM2.5-1HR
945,DEU_DEBE010,2026-07-19,6.06,16.96,69.67,0.15,2.99,265.56,1014.32,7313.31,4.56,8.884,4100.0,0.044,PM2.5-1HR
945,DEU_DEBE032,2026-07-19,6.32,16.88,72.83,0.2,2.96,266.67,1014.43,0,2.16,5.524,4100.0,0.861,PM2.5-1HR
945,DEU_DEBE034,2026-07-19,6.78,17.04,69.79,0.18,2.94,267.09,1014.4,8623.29,4.84,9.276,4100.0,0.331,PM2.5-1HR
945,DEU_DEBE051,2026-07-19,5.61,16.72,69.88,0.2,3.48,261.86,1014.13,464.73,2.87,6.518,4100.0,0.134,PM2.5-1HR
945,DEU_DEBE056,2026-07-19,6.78,17.09,72.42,0.13,2.93,263.03,1014.35,342.53,2.82,6.448,4100.0,0.106,PM2.5-1HR
945,DEU_DEBE061,2026-07-19,6.88,17.04,69.79,0.18,2.94,267.09,1014.4,8404.48,4.22,8.408,4100.0,0.009,PM2.5-1HR
945,DEU_DEBE065,2026-07-19,10.53,16.96,69.67,0.15,2.99,265.56,1014.32,8378.06,5.02,9.528,4100.0,0.004,PM2.5-1HR
945,DEU_DEBE068,2026-07-19,6.5,16.96,69.67,0.15,2.99,265.56,1014.32,6904.92,4.84,9.276,4100.0,0.072,PM2.5-1HR
945,DEU_DEBE069,2026-07-19,9.97,17.04,69.79,0.18,2.94,267.09,1014.4,8178.6,4.7,9.08,4100.0,0.012,PM2.5-1HR
945,DEU_DEBE125,2026-07-19,8.91,17.04,69.79,0.18,2.94,267.09,1014.4,6347.59,4.84,9.276,4100.0,0.01,PM2.5-1HR
945,DEU_DEBE126,2026-07-19,8.68,17.04,69.79,0.18,2.94,267.09,1014.4,8412.9,4.84,9.276,4100.0,0.007,PM2.5-1HR
945,DEU_DEBE127,2026-07-19,9.35,17.04,69.79,0.18,2.94,267.09,1014.4,7628.59,5.04,9.556,4100.0,0.056,PM2.5-1HR
945,DEU_DEBE010,2026-07-20,5.76,15.4,79.5,0.21,4.45,279.69,1017.05,7313.31,6.41,11.474,4100.0,0.044,PM2.5-1HR
945,DEU_DEBE032,2026-07-20,1.53,15.45,81.46,0.18,4.48,280.38,1017.29,0,3.13,6.882,4100.0,0.861,PM2.5-1HR
945,DEU_DEBE034,2026-07-20,5.62,15.52,78.75,0.18,4.33,279.23,1017.18,8623.29,6.7,11.88,4100.0,0.331,PM2.5-1HR
945,DEU_DEBE051,2026-07-20,3.94,14.74,85.71,0.31,4.61,278.71,1016.8,464.73,3.9,7.96,4100.0,0.134,PM2.5-1HR
945,DEU_DEBE056,2026-07-20,5.2,15.28,84,0.22,4.44,273.47,1017.08,342.53,5.18,9.752,4100.0,0.106,PM2.5-1HR
945,DEU_DEBE061,2026-07-20,4.73,15.52,78.75,0.18,4.33,279.23,1017.18,8404.48,5.72,10.508,4100.0,0.009,PM2.5-1HR
945,DEU_DEBE065,2026-07-20,10.42,15.4,79.5,0.21,4.45,279.69,1017.05,8378.06,6.79,12.006,4100.0,0.004,PM2.5-1HR
945,DEU_DEBE068,2026-07-20,5.78,15.4,79.5,0.21,4.45,279.69,1017.05,6904.92,6.7,11.88,4100.0,0.072,PM2.5-1HR
945,DEU_DEBE069,2026-07-20,8.2,15.52,78.75,0.18,4.33,279.23,1017.18,8178.6,6.33,11.362,4100.0,0.012,PM2.5-1HR
945,DEU_DEBE125,2026-07-20,7.39,15.52,78.75,0.18,4.33,279.23,1017.18,6347.59,6.7,11.88,4100.0,0.01,PM2.5-1HR
945,DEU_DEBE126,2026-07-20,6.6,15.52,78.75,0.18,4.33,279.23,1017.18,8412.9,6.7,11.88,4100.0,0.007,PM2.5-1HR
945,DEU_DEBE127,2026-07-20,7.67,15.52,78.75,0.18,4.33,279.23,1017.18,7628.59,6.83,12.062,4100.0,0.056,PM2.5-1HR
945,DEU_DEBE032,2026-08-03,7.55,21.51,66.63,0,2.58,81.94,1016.78,0,5.22,9.808,4100.0,0.861,PM2.5-1HR
945,DEU_DEBE034,2026-08-03,8.62,21.48,66.63,0,2.65,77.61,1016.85,8623.29,6.85,12.09,4100.0,0.331,PM2.5-1HR
945,DEU_DEBE051,2026-08-03,6.39,21.12,64.25,0,2.98,88.94,1017.13,464.73,4.37,8.618,4100.0,0.134,PM2.5-1HR
945,DEU_DEBE056,2026-08-03,7.14,21.56,66.79,0,2.57,76.2,1016.85,342.53,5.5,10.2,4100.0,0.106,PM2.5-1HR
945,DEU_DEBE061,2026-08-03,7.9,21.48,66.63,0,2.65,77.61,1016.85,8404.48,6.6,11.74,4100.0,0.009,PM2.5-1HR
945,DEU_DEBE065,2026-08-03,10.07,21.3,66.46,0,2.7,82.84,1016.95,8378.06,6.94,12.216,4100.0,0.004,PM2.5-1HR
945,DEU_DEBE068,2026-08-03,9.48,21.3,66.46,0,2.7,82.84,1016.95,6904.92,6.85,12.09,4100.0,0.072,PM2.5-1HR
945,DEU_DEBE010,2026-08-03,9.09,21.3,66.46,0,2.7,82.84,1016.95,7313.31,6.59,11.726,4100.0,0.044,PM2.5-1HR
945,DEU_DEBE125,2026-08-03,9.84,21.48,66.63,0,2.65,77.61,1016.85,6347.59,6.85,12.09,4100.0,0.01,PM2.5-1HR
945,DEU_DEBE126,2026-08-03,10.81,21.48,66.63,0,2.65,77.61,1016.85,8412.9,6.85,12.09,4100.0,0.007,PM2.5-1HR
945,DEU_DEBE127,2026-08-03,10.62,21.48,66.63,0,2.65,77.61,1016.85,7628.59,6.93,12.202,4100.0,0.056,PM2.5-1HR
945,DEU_DEBE069,2026-08-03,10.11,21.48,66.63,0,2.65,77.61,1016.85,8178.6,6.83,12.062,4100.0,0.012,PM2.5-1HR
945,DEU_DEBE010,2026-08-04,12.68,24.37,74.13,0.04,2.38,96.29,1013.46,7313.31,13.32,21.148,4100.0,0.044,PM2.5-1HR
945,DEU_DEBE032,2026-08-04,13,24.52,73.92,0.02,2.42,101.62,1013.33,0,12.76,20.364,4100.0,0.861,PM2.5-1HR
945,DEU_DEBE034,2026-08-04,12.25,24.49,74.79,0.04,2.18,93.32,1013.41,8623.29,13.73,21.722,4100.0,0.331,PM2.5-1HR
945,DEU_DEBE051,2026-08-04,11.27,24.14,72.88,0.05,2.87,100.8,1013.58,464.73,11.18,18.152,4100.0,0.134,PM2.5-1HR
945,DEU_DEBE126,2026-08-04,15.17,24.49,74.79,0.04,2.18,93.32,1013.41,8412.9,13.73,21.722,4100.0,0.007,PM2.5-1HR
945,DEU_DEBE127,2026-08-04,14.25,24.49,74.79,0.04,2.18,93.32,1013.41,7628.59,13.88,21.932,4100.0,0.056,PM2.5-1HR
945,DEU_DEBE069,2026-08-04,16.59,24.49,74.79,0.04,2.18,93.32,1013.41,8178.6,13.79,21.806,4100.0,0.012,PM2.5-1HR
945,DEU_DEBE125,2026-08-04,13.24,24.49,74.79,0.04,2.18,93.32,1013.41,6347.59,13.73,21.722,4100.0,0.01,PM2.5-1HR
945,DEU_DEBE056,2026-08-04,13.12,24.03,77.83,0.08,2.4,83.98,1013.42,342.53,12.93,20.602,4100.0,0.106,PM2.5-1HR
945,DEU_DEBE061,2026-08-04,12.9,24.49,74.79,0.04,2.18,93.32,1013.41,8404.48,13.54,21.456,4100.0,0.009,PM2.5-1HR
945,DEU_DEBE065,2026-08-04,14.74,24.37,74.13,0.04,2.38,96.29,1013.46,8378.06,13.52,21.428,4100.0,0.004,PM2.5-1HR
945,DEU_DEBE068,2026-08-04,13.15,24.37,74.13,0.04,2.38,96.29,1013.46,6904.92,13.73,21.722,4100.0,0.072,PM2.5-1HR
945,DEU_DEBE010,2026-08-05,11.78,25.13,74.46,0.25,2.06,207.6,1013.12,7313.31,5.35,9.99,4100.0,0.044,PM2.5-1HR
945,DEU_DEBE032,2026-08-05,10.59,24.98,75.13,0.17,2.04,218.51,1013.09,0,4.18,8.352,4100.0,0.861,PM2.5-1HR
945,DEU_DEBE034,2026-08-05,11.8,25.39,73.63,0.21,1.92,214.11,1013.13,8623.29,5.63,10.382,4100.0,0.331,PM2.5-1HR
945,DEU_DEBE051,2026-08-05,9.45,24.55,76.13,0.23,2.45,211.8,1013.1,464.73,4.29,8.506,4100.0,0.134,PM2.5-1HR
945,DEU_DEBE056,2026-08-05,10.9,24.61,78.58,0.31,2.05,202.77,1013.18,342.53,3.77,7.778,4100.0,0.106,PM2.5-1HR
945,DEU_DEBE061,2026-08-05,10.79,25.39,73.63,0.21,1.92,214.11,1013.13,8404.48,5.45,10.13,4100.0,0.009,PM2.5-1HR
945,DEU_DEBE065,2026-08-05,13.62,25.13,74.46,0.25,2.06,207.6,1013.12,8378.06,5.68,10.452,4100.0,0.004,PM2.5-1HR
945,DEU_DEBE068,2026-08-05,12.66,25.13,74.46,0.25,2.06,207.6,1013.12,6904.92,5.63,10.382,4100.0,0.072,PM2.5-1HR
945,DEU_DEBE069,2026-08-05,14.03,25.39,73.63,0.21,1.92,214.11,1013.13,8178.6,5.8,10.62,4100.0,0.012,PM2.5-1HR
945,DEU_DEBE125,2026-08-05,12.84,25.39,73.63,0.21,1.92,214.11,1013.13,6347.59,5.63,10.382,4100.0,0.01,PM2.5-1HR
945,DEU_DEBE126,2026-08-05,13.39,25.39,73.63,0.21,1.92,214.11,1013.13,8412.9,5.63,10.382,4100.0,0.007,PM2.5-1HR
945,DEU_DEBE127,2026-08-05,12.99,25.39,73.63,0.21,1.92,214.11,1013.13,7628.59,5.8,10.62,4100.0,0.056,PM2.5-1HR
945,DEU_DEBE010,2026-08-07,4.45,17.83,66.83,0,2.62,295.24,1021.9,7313.31,4.49,8.786,4100.0,0.044,PM2.5-1HR
945,DEU_DEBE032,2026-08-07,4.6,17.77,68.88,0,2.59,298.5,1022,0,2.83,6.462,4100.0,0.861,PM2.5-1HR
945,DEU_DEBE034,2026-08-07,4.78,18.09,66.08,0,2.6,296.9,1021.93,8623.29,4.75,9.15,4100.0,0.331,PM2.5-1HR
945,DEU_DEBE051,2026-08-07,3.71,17.53,65.33,0,2.96,290.54,1021.83,464.73,2.36,5.804,4100.0,0.134,PM2.5-1HR
945,DEU_DEBE056,2026-08-07,3.96,18.34,67.83,0,2.77,300.31,1021.79,342.53,2.86,6.504,4100.0,0.106,PM2.5-1HR
945,DEU_DEBE061,2026-08-07,4.52,18.09,66.08,0,2.6,296.9,1021.93,8404.48,4.37,8.618,4100.0,0.009,PM2.5-1HR
945,DEU_DEBE065,2026-08-07,8.48,17.83,66.83,0,2.62,295.24,1021.9,8378.06,4.87,9.318,4100.0,0.004,PM2.5-1HR
945,DEU_DEBE068,2026-08-07,5.02,17.83,66.83,0,2.62,295.24,1021.9,6904.92,4.75,9.15,4100.0,0.072,PM2.5-1HR
945,DEU_DEBE069,2026-08-07,7.68,18.09,66.08,0,2.6,296.9,1021.93,8178.6,4.81,9.234,4100.0,0.012,PM2.5-1HR
945,DEU_DEBE125,2026-08-07,7.25,18.09,66.08,0,2.6,296.9,1021.93,6347.59,4.75,9.15,4100.0,0.01,PM2.5-1HR
945,DEU_DEBE126,2026-08-07,7.16,18.09,66.08,0,2.6,296.9,1021.93,8412.9,4.75,9.15,4100.0,0.007,PM2.5-1HR
945,DEU_DEBE127,2026-08-07,7.01,18.09,66.08,0,2.6,296.9,1021.93,7628.59,4.98,9.472,4100.0,0.056,PM2.5-1HR
945,DEU_DEBE010,2026-08-08,3.88,18.12,61.88,0,0.97,101.09,1023.55,7313.31,3.82,7.848,4100.0,0.044,PM2.5-1HR
945,DEU_DEBE032,2026-08-08,3.38,18.04,64.08,0,0.98,349.97,1023.54,0,2.54,6.056,4100.0,0.861,PM2.5-1HR
945,DEU_DEBE034,2026-08-08,4.36,18.35,60.83,0,1,9.89,1023.55,8623.29,4.11,8.254,4100.0,0.331,PM2.5-1HR
945,DEU_DEBE051,2026-08-08,3.32,17.77,61.29,0,1.14,327.8,1023.49,464.73,1.8,5.02,4100.0,0.134,PM2.5-1HR
945,DEU_DEBE056,2026-08-08,3.82,18.13,65.83,0,1.13,335.61,1023.49,342.53,2.12,5.468,4100.0,0.106,PM2.5-1HR
945,DEU_DEBE061,2026-08-08,4.41,18.35,60.83,0,1,9.89,1023.55,8404.48,3.83,7.862,4100.0,0.009,PM2.5-1HR
945,DEU_DEBE065,2026-08-08,6.91,18.12,61.88,0,0.97,101.09,1023.55,8378.06,4.17,8.338,4100.0,0.004,PM2.5-1HR
945,DEU_DEBE068,2026-08-08,4.6,18.12,61.88,0,0.97,101.09,1023.55,6904.92,4.11,8.254,4100.0,0.072,PM2.5-1HR
945,DEU_DEBE069,2026-08-08,6.99,18.35,60.83,0,1,9.89,1023.55,8178.6,4.23,8.422,4100.0,0.012,PM2.5-1HR
945,DEU_DEBE125,2026-08-08,6.63,18.35,60.83,0,1,9.89,1023.55,6347.59,4.11,8.254,4100.0,0.01,PM2.5-1HR
945,DEU_DEBE126,2026-08-08,7.1,18.35,60.83,0,1,9.89,1023.55,8412.9,4.11,8.254,4100.0,0.007,PM2.5-1HR
945,DEU_DEBE127,2026-08-08,7.49,18.35,60.83,0,1,9.89,1023.55,7628.59,4.28,8.492,4100.0,0.056,PM2.5-1HR
945,DEU_DEBE010,2026-08-09,7.46,22.88,48.54,0,2.86,132.98,1016.98,7313.31,6.46,11.544,4100.0,0.044,PM2.5-1HR
945,DEU_DEBE032,2026-08-09,5.41,22.48,52,0,2.85,133.24,1016.81,0,4.08,8.212,4100.0,0.861,PM2.5-1HR
945,DEU_DEBE034,2026-08-09,8.02,23.22,47.29,0,2.88,133.73,1016.94,8623.29,6.45,11.53,4100.0,0.331,PM2.5-1HR
945,DEU_DEBE051,2026-08-09,5,22.27,49.54,0,3.26,136.97,1017.08,464.73,3.37,7.218,4100.0,0.134,PM2.5-1HR
945,DEU_DEBE056,2026-08-09,5.5,22.18,53.38,0,2.77,132.05,1017.15,342.53,3.56,7.484,4100.0,0.106,PM2.5-1HR
945,DEU_DEBE061,2026-08-09,5.99,23.22,47.29,0,2.88,133.73,1016.94,8404.48,6.16,11.124,4100.0,0.009,PM2.5-1HR
945,DEU_DEBE065,2026-08-09,8.94,22.88,48.54,0,2.86,132.98,1016.98,8378.06,6.81,12.034,4100.0,0.004,PM2.5-1HR
945,DEU_DEBE068,2026-08-09,8.79,22.88,48.54,0,2.86,132.98,1016.98,6904.92,6.45,11.53,4100.0,0.072,PM2.5-1HR
945,DEU_DEBE069,2026-08-09,7.65,23.22,47.29,0,2.88,133.73,1016.94,8178.6,6.44,11.516,4100.0,0.012,PM2.5-1HR
945,DEU_DEBE125,2026-08-09,8.69,23.22,47.29,0,2.88,133.73,1016.94,6347.59,6.45,11.53,4100.0,0.01,PM2.5-1HR
945,DEU_DEBE126,2026-08-09,9.07,23.22,47.29,0,2.88,133.73,1016.94,8412.9,6.45,11.53,4100.0,0.007,PM2.5-1HR
945,DEU_DEBE127,2026-08-09,8.78,23.22,47.29,0,2.88,133.73,1016.94,7628.59,6.45,11.53,4100.0,0.056,PM2.5-1HR
